[2026-02-09T01:52:33.644+0000] {processor.py:161} INFO - Started process (PID=319098) to work on /home/cloud/codings/airflow/dags/list_s3_files_in_logs.py
[2026-02-09T01:52:33.646+0000] {processor.py:830} INFO - Processing file /home/cloud/codings/airflow/dags/list_s3_files_in_logs.py for tasks to queue
[2026-02-09T01:52:33.648+0000] {logging_mixin.py:188} INFO - [2026-02-09T01:52:33.647+0000] {dagbag.py:545} INFO - Filling up the DagBag from /home/cloud/codings/airflow/dags/list_s3_files_in_logs.py
[2026-02-09T01:52:33.680+0000] {processor.py:840} INFO - DAG(s) 'list_s3_files_in_logs' retrieved from /home/cloud/codings/airflow/dags/list_s3_files_in_logs.py
[2026-02-09T01:52:33.753+0000] {logging_mixin.py:188} INFO - [2026-02-09T01:52:33.752+0000] {dag.py:3089} INFO - Sync 1 DAGs
[2026-02-09T01:52:33.794+0000] {logging_mixin.py:188} INFO - [2026-02-09T01:52:33.793+0000] {dag.py:3947} INFO - Setting next_dagrun for list_s3_files_in_logs to None, run_after=None
[2026-02-09T01:52:33.884+0000] {processor.py:183} INFO - Processing /home/cloud/codings/airflow/dags/list_s3_files_in_logs.py took 0.262 seconds
[2026-02-09T01:53:04.923+0000] {processor.py:161} INFO - Started process (PID=319566) to work on /home/cloud/codings/airflow/dags/list_s3_files_in_logs.py
[2026-02-09T01:53:04.925+0000] {processor.py:830} INFO - Processing file /home/cloud/codings/airflow/dags/list_s3_files_in_logs.py for tasks to queue
[2026-02-09T01:53:04.928+0000] {logging_mixin.py:188} INFO - [2026-02-09T01:53:04.927+0000] {dagbag.py:545} INFO - Filling up the DagBag from /home/cloud/codings/airflow/dags/list_s3_files_in_logs.py
[2026-02-09T01:53:04.961+0000] {processor.py:840} INFO - DAG(s) 'list_s3_files_in_logs' retrieved from /home/cloud/codings/airflow/dags/list_s3_files_in_logs.py
[2026-02-09T01:53:05.072+0000] {logging_mixin.py:188} INFO - [2026-02-09T01:53:05.071+0000] {dag.py:3089} INFO - Sync 1 DAGs
[2026-02-09T01:53:05.137+0000] {logging_mixin.py:188} INFO - [2026-02-09T01:53:05.136+0000] {dag.py:3947} INFO - Setting next_dagrun for list_s3_files_in_logs to None, run_after=None
[2026-02-09T01:53:05.203+0000] {processor.py:183} INFO - Processing /home/cloud/codings/airflow/dags/list_s3_files_in_logs.py took 0.293 seconds
[2026-02-09T01:53:35.256+0000] {processor.py:161} INFO - Started process (PID=319794) to work on /home/cloud/codings/airflow/dags/list_s3_files_in_logs.py
[2026-02-09T01:53:35.258+0000] {processor.py:830} INFO - Processing file /home/cloud/codings/airflow/dags/list_s3_files_in_logs.py for tasks to queue
[2026-02-09T01:53:35.260+0000] {logging_mixin.py:188} INFO - [2026-02-09T01:53:35.259+0000] {dagbag.py:545} INFO - Filling up the DagBag from /home/cloud/codings/airflow/dags/list_s3_files_in_logs.py
[2026-02-09T01:53:35.273+0000] {processor.py:840} INFO - DAG(s) 'list_s3_files_in_logs' retrieved from /home/cloud/codings/airflow/dags/list_s3_files_in_logs.py
[2026-02-09T01:53:35.300+0000] {logging_mixin.py:188} INFO - [2026-02-09T01:53:35.299+0000] {dag.py:3089} INFO - Sync 1 DAGs
[2026-02-09T01:53:35.316+0000] {logging_mixin.py:188} INFO - [2026-02-09T01:53:35.316+0000] {dag.py:3947} INFO - Setting next_dagrun for list_s3_files_in_logs to None, run_after=None
[2026-02-09T01:53:35.352+0000] {processor.py:183} INFO - Processing /home/cloud/codings/airflow/dags/list_s3_files_in_logs.py took 0.103 seconds
[2026-02-09T01:54:05.587+0000] {processor.py:161} INFO - Started process (PID=319845) to work on /home/cloud/codings/airflow/dags/list_s3_files_in_logs.py
[2026-02-09T01:54:05.589+0000] {processor.py:830} INFO - Processing file /home/cloud/codings/airflow/dags/list_s3_files_in_logs.py for tasks to queue
[2026-02-09T01:54:05.590+0000] {logging_mixin.py:188} INFO - [2026-02-09T01:54:05.589+0000] {dagbag.py:545} INFO - Filling up the DagBag from /home/cloud/codings/airflow/dags/list_s3_files_in_logs.py
[2026-02-09T01:54:05.602+0000] {processor.py:840} INFO - DAG(s) 'list_s3_files_in_logs' retrieved from /home/cloud/codings/airflow/dags/list_s3_files_in_logs.py
[2026-02-09T01:54:05.622+0000] {logging_mixin.py:188} INFO - [2026-02-09T01:54:05.622+0000] {dag.py:3089} INFO - Sync 1 DAGs
[2026-02-09T01:54:05.635+0000] {logging_mixin.py:188} INFO - [2026-02-09T01:54:05.635+0000] {dag.py:3947} INFO - Setting next_dagrun for list_s3_files_in_logs to None, run_after=None
[2026-02-09T01:54:05.660+0000] {processor.py:183} INFO - Processing /home/cloud/codings/airflow/dags/list_s3_files_in_logs.py took 0.079 seconds
[2026-02-09T01:54:35.902+0000] {processor.py:161} INFO - Started process (PID=319915) to work on /home/cloud/codings/airflow/dags/list_s3_files_in_logs.py
[2026-02-09T01:54:35.903+0000] {processor.py:830} INFO - Processing file /home/cloud/codings/airflow/dags/list_s3_files_in_logs.py for tasks to queue
[2026-02-09T01:54:35.904+0000] {logging_mixin.py:188} INFO - [2026-02-09T01:54:35.904+0000] {dagbag.py:545} INFO - Filling up the DagBag from /home/cloud/codings/airflow/dags/list_s3_files_in_logs.py
[2026-02-09T01:54:35.916+0000] {processor.py:840} INFO - DAG(s) 'list_s3_files_in_logs' retrieved from /home/cloud/codings/airflow/dags/list_s3_files_in_logs.py
[2026-02-09T01:54:35.938+0000] {logging_mixin.py:188} INFO - [2026-02-09T01:54:35.938+0000] {dag.py:3089} INFO - Sync 1 DAGs
[2026-02-09T01:54:35.950+0000] {logging_mixin.py:188} INFO - [2026-02-09T01:54:35.950+0000] {dag.py:3947} INFO - Setting next_dagrun for list_s3_files_in_logs to None, run_after=None
[2026-02-09T01:54:35.975+0000] {processor.py:183} INFO - Processing /home/cloud/codings/airflow/dags/list_s3_files_in_logs.py took 0.079 seconds
[2026-02-09T01:55:06.232+0000] {processor.py:161} INFO - Started process (PID=319983) to work on /home/cloud/codings/airflow/dags/list_s3_files_in_logs.py
[2026-02-09T01:55:06.253+0000] {processor.py:830} INFO - Processing file /home/cloud/codings/airflow/dags/list_s3_files_in_logs.py for tasks to queue
[2026-02-09T01:55:06.254+0000] {logging_mixin.py:188} INFO - [2026-02-09T01:55:06.254+0000] {dagbag.py:545} INFO - Filling up the DagBag from /home/cloud/codings/airflow/dags/list_s3_files_in_logs.py
[2026-02-09T01:55:06.266+0000] {processor.py:840} INFO - DAG(s) 'list_s3_files_in_logs' retrieved from /home/cloud/codings/airflow/dags/list_s3_files_in_logs.py
[2026-02-09T01:55:06.290+0000] {logging_mixin.py:188} INFO - [2026-02-09T01:55:06.289+0000] {dag.py:3089} INFO - Sync 1 DAGs
[2026-02-09T01:55:06.305+0000] {logging_mixin.py:188} INFO - [2026-02-09T01:55:06.304+0000] {dag.py:3947} INFO - Setting next_dagrun for list_s3_files_in_logs to None, run_after=None
[2026-02-09T01:55:06.332+0000] {processor.py:183} INFO - Processing /home/cloud/codings/airflow/dags/list_s3_files_in_logs.py took 0.106 seconds
[2026-02-09T01:55:37.779+0000] {processor.py:161} INFO - Started process (PID=320057) to work on /home/cloud/codings/airflow/dags/list_s3_files_in_logs.py
[2026-02-09T01:55:37.807+0000] {processor.py:830} INFO - Processing file /home/cloud/codings/airflow/dags/list_s3_files_in_logs.py for tasks to queue
[2026-02-09T01:55:37.808+0000] {logging_mixin.py:188} INFO - [2026-02-09T01:55:37.808+0000] {dagbag.py:545} INFO - Filling up the DagBag from /home/cloud/codings/airflow/dags/list_s3_files_in_logs.py
[2026-02-09T01:55:37.820+0000] {processor.py:840} INFO - DAG(s) 'list_s3_files_in_logs' retrieved from /home/cloud/codings/airflow/dags/list_s3_files_in_logs.py
[2026-02-09T01:55:37.842+0000] {logging_mixin.py:188} INFO - [2026-02-09T01:55:37.842+0000] {dag.py:3089} INFO - Sync 1 DAGs
[2026-02-09T01:55:37.856+0000] {logging_mixin.py:188} INFO - [2026-02-09T01:55:37.856+0000] {dag.py:3947} INFO - Setting next_dagrun for list_s3_files_in_logs to None, run_after=None
[2026-02-09T01:55:37.890+0000] {processor.py:183} INFO - Processing /home/cloud/codings/airflow/dags/list_s3_files_in_logs.py took 0.117 seconds
[2026-02-09T01:56:08.809+0000] {processor.py:161} INFO - Started process (PID=320131) to work on /home/cloud/codings/airflow/dags/list_s3_files_in_logs.py
[2026-02-09T01:56:08.826+0000] {processor.py:830} INFO - Processing file /home/cloud/codings/airflow/dags/list_s3_files_in_logs.py for tasks to queue
[2026-02-09T01:56:08.827+0000] {logging_mixin.py:188} INFO - [2026-02-09T01:56:08.827+0000] {dagbag.py:545} INFO - Filling up the DagBag from /home/cloud/codings/airflow/dags/list_s3_files_in_logs.py
[2026-02-09T01:56:08.839+0000] {processor.py:840} INFO - DAG(s) 'list_s3_files_in_logs' retrieved from /home/cloud/codings/airflow/dags/list_s3_files_in_logs.py
[2026-02-09T01:56:08.861+0000] {logging_mixin.py:188} INFO - [2026-02-09T01:56:08.861+0000] {dag.py:3089} INFO - Sync 1 DAGs
[2026-02-09T01:56:08.880+0000] {logging_mixin.py:188} INFO - [2026-02-09T01:56:08.880+0000] {dag.py:3947} INFO - Setting next_dagrun for list_s3_files_in_logs to None, run_after=None
[2026-02-09T01:56:08.908+0000] {processor.py:183} INFO - Processing /home/cloud/codings/airflow/dags/list_s3_files_in_logs.py took 0.105 seconds
[2026-02-09T01:56:39.146+0000] {processor.py:161} INFO - Started process (PID=320213) to work on /home/cloud/codings/airflow/dags/list_s3_files_in_logs.py
[2026-02-09T01:56:39.164+0000] {processor.py:830} INFO - Processing file /home/cloud/codings/airflow/dags/list_s3_files_in_logs.py for tasks to queue
[2026-02-09T01:56:39.165+0000] {logging_mixin.py:188} INFO - [2026-02-09T01:56:39.165+0000] {dagbag.py:545} INFO - Filling up the DagBag from /home/cloud/codings/airflow/dags/list_s3_files_in_logs.py
[2026-02-09T01:56:39.188+0000] {processor.py:840} INFO - DAG(s) 'list_s3_files_in_logs' retrieved from /home/cloud/codings/airflow/dags/list_s3_files_in_logs.py
[2026-02-09T01:56:39.226+0000] {logging_mixin.py:188} INFO - [2026-02-09T01:56:39.226+0000] {dag.py:3089} INFO - Sync 1 DAGs
[2026-02-09T01:56:39.251+0000] {logging_mixin.py:188} INFO - [2026-02-09T01:56:39.250+0000] {dag.py:3947} INFO - Setting next_dagrun for list_s3_files_in_logs to None, run_after=None
[2026-02-09T01:56:39.290+0000] {processor.py:183} INFO - Processing /home/cloud/codings/airflow/dags/list_s3_files_in_logs.py took 0.156 seconds
[2026-02-09T01:57:09.583+0000] {processor.py:161} INFO - Started process (PID=320285) to work on /home/cloud/codings/airflow/dags/list_s3_files_in_logs.py
[2026-02-09T01:57:09.585+0000] {processor.py:830} INFO - Processing file /home/cloud/codings/airflow/dags/list_s3_files_in_logs.py for tasks to queue
[2026-02-09T01:57:09.587+0000] {logging_mixin.py:188} INFO - [2026-02-09T01:57:09.586+0000] {dagbag.py:545} INFO - Filling up the DagBag from /home/cloud/codings/airflow/dags/list_s3_files_in_logs.py
[2026-02-09T01:57:09.606+0000] {processor.py:840} INFO - DAG(s) 'list_s3_files_in_logs' retrieved from /home/cloud/codings/airflow/dags/list_s3_files_in_logs.py
[2026-02-09T01:57:09.659+0000] {logging_mixin.py:188} INFO - [2026-02-09T01:57:09.658+0000] {dag.py:3089} INFO - Sync 1 DAGs
[2026-02-09T01:57:09.688+0000] {logging_mixin.py:188} INFO - [2026-02-09T01:57:09.687+0000] {dag.py:3947} INFO - Setting next_dagrun for list_s3_files_in_logs to None, run_after=None
[2026-02-09T01:57:09.731+0000] {processor.py:183} INFO - Processing /home/cloud/codings/airflow/dags/list_s3_files_in_logs.py took 0.162 seconds
[2026-02-09T01:57:39.903+0000] {processor.py:161} INFO - Started process (PID=320355) to work on /home/cloud/codings/airflow/dags/list_s3_files_in_logs.py
[2026-02-09T01:57:39.905+0000] {processor.py:830} INFO - Processing file /home/cloud/codings/airflow/dags/list_s3_files_in_logs.py for tasks to queue
[2026-02-09T01:57:39.907+0000] {logging_mixin.py:188} INFO - [2026-02-09T01:57:39.906+0000] {dagbag.py:545} INFO - Filling up the DagBag from /home/cloud/codings/airflow/dags/list_s3_files_in_logs.py
[2026-02-09T01:57:39.928+0000] {processor.py:840} INFO - DAG(s) 'list_s3_files_in_logs' retrieved from /home/cloud/codings/airflow/dags/list_s3_files_in_logs.py
[2026-02-09T01:57:39.957+0000] {logging_mixin.py:188} INFO - [2026-02-09T01:57:39.957+0000] {dag.py:3089} INFO - Sync 1 DAGs
[2026-02-09T01:57:39.979+0000] {logging_mixin.py:188} INFO - [2026-02-09T01:57:39.979+0000] {dag.py:3947} INFO - Setting next_dagrun for list_s3_files_in_logs to None, run_after=None
[2026-02-09T01:57:40.018+0000] {processor.py:183} INFO - Processing /home/cloud/codings/airflow/dags/list_s3_files_in_logs.py took 0.124 seconds
[2026-02-09T01:58:10.299+0000] {processor.py:161} INFO - Started process (PID=320430) to work on /home/cloud/codings/airflow/dags/list_s3_files_in_logs.py
[2026-02-09T01:58:10.328+0000] {processor.py:830} INFO - Processing file /home/cloud/codings/airflow/dags/list_s3_files_in_logs.py for tasks to queue
[2026-02-09T01:58:10.331+0000] {logging_mixin.py:188} INFO - [2026-02-09T01:58:10.331+0000] {dagbag.py:545} INFO - Filling up the DagBag from /home/cloud/codings/airflow/dags/list_s3_files_in_logs.py
[2026-02-09T01:58:10.351+0000] {processor.py:840} INFO - DAG(s) 'list_s3_files_in_logs' retrieved from /home/cloud/codings/airflow/dags/list_s3_files_in_logs.py
[2026-02-09T01:58:10.385+0000] {logging_mixin.py:188} INFO - [2026-02-09T01:58:10.385+0000] {dag.py:3089} INFO - Sync 1 DAGs
[2026-02-09T01:58:10.411+0000] {logging_mixin.py:188} INFO - [2026-02-09T01:58:10.411+0000] {dag.py:3947} INFO - Setting next_dagrun for list_s3_files_in_logs to None, run_after=None
[2026-02-09T01:58:10.454+0000] {processor.py:183} INFO - Processing /home/cloud/codings/airflow/dags/list_s3_files_in_logs.py took 0.169 seconds
[2026-02-09T01:58:40.733+0000] {processor.py:161} INFO - Started process (PID=320498) to work on /home/cloud/codings/airflow/dags/list_s3_files_in_logs.py
[2026-02-09T01:58:40.735+0000] {processor.py:830} INFO - Processing file /home/cloud/codings/airflow/dags/list_s3_files_in_logs.py for tasks to queue
[2026-02-09T01:58:40.737+0000] {logging_mixin.py:188} INFO - [2026-02-09T01:58:40.736+0000] {dagbag.py:545} INFO - Filling up the DagBag from /home/cloud/codings/airflow/dags/list_s3_files_in_logs.py
[2026-02-09T01:58:40.755+0000] {processor.py:840} INFO - DAG(s) 'list_s3_files_in_logs' retrieved from /home/cloud/codings/airflow/dags/list_s3_files_in_logs.py
[2026-02-09T01:58:40.786+0000] {logging_mixin.py:188} INFO - [2026-02-09T01:58:40.785+0000] {dag.py:3089} INFO - Sync 1 DAGs
[2026-02-09T01:58:40.805+0000] {logging_mixin.py:188} INFO - [2026-02-09T01:58:40.804+0000] {dag.py:3947} INFO - Setting next_dagrun for list_s3_files_in_logs to None, run_after=None
[2026-02-09T01:58:40.837+0000] {processor.py:183} INFO - Processing /home/cloud/codings/airflow/dags/list_s3_files_in_logs.py took 0.113 seconds
[2026-02-09T01:59:11.177+0000] {processor.py:161} INFO - Started process (PID=320566) to work on /home/cloud/codings/airflow/dags/list_s3_files_in_logs.py
[2026-02-09T01:59:11.179+0000] {processor.py:830} INFO - Processing file /home/cloud/codings/airflow/dags/list_s3_files_in_logs.py for tasks to queue
[2026-02-09T01:59:11.180+0000] {logging_mixin.py:188} INFO - [2026-02-09T01:59:11.180+0000] {dagbag.py:545} INFO - Filling up the DagBag from /home/cloud/codings/airflow/dags/list_s3_files_in_logs.py
[2026-02-09T01:59:11.194+0000] {processor.py:840} INFO - DAG(s) 'list_s3_files_in_logs' retrieved from /home/cloud/codings/airflow/dags/list_s3_files_in_logs.py
[2026-02-09T01:59:11.218+0000] {logging_mixin.py:188} INFO - [2026-02-09T01:59:11.217+0000] {dag.py:3089} INFO - Sync 1 DAGs
[2026-02-09T01:59:11.232+0000] {logging_mixin.py:188} INFO - [2026-02-09T01:59:11.232+0000] {dag.py:3947} INFO - Setting next_dagrun for list_s3_files_in_logs to None, run_after=None
[2026-02-09T01:59:11.263+0000] {processor.py:183} INFO - Processing /home/cloud/codings/airflow/dags/list_s3_files_in_logs.py took 0.095 seconds
[2026-02-09T01:59:41.521+0000] {processor.py:161} INFO - Started process (PID=320636) to work on /home/cloud/codings/airflow/dags/list_s3_files_in_logs.py
[2026-02-09T01:59:41.523+0000] {processor.py:830} INFO - Processing file /home/cloud/codings/airflow/dags/list_s3_files_in_logs.py for tasks to queue
[2026-02-09T01:59:41.525+0000] {logging_mixin.py:188} INFO - [2026-02-09T01:59:41.524+0000] {dagbag.py:545} INFO - Filling up the DagBag from /home/cloud/codings/airflow/dags/list_s3_files_in_logs.py
[2026-02-09T01:59:41.540+0000] {processor.py:840} INFO - DAG(s) 'list_s3_files_in_logs' retrieved from /home/cloud/codings/airflow/dags/list_s3_files_in_logs.py
[2026-02-09T01:59:41.569+0000] {logging_mixin.py:188} INFO - [2026-02-09T01:59:41.568+0000] {dag.py:3089} INFO - Sync 1 DAGs
[2026-02-09T01:59:41.587+0000] {logging_mixin.py:188} INFO - [2026-02-09T01:59:41.587+0000] {dag.py:3947} INFO - Setting next_dagrun for list_s3_files_in_logs to None, run_after=None
[2026-02-09T01:59:41.621+0000] {processor.py:183} INFO - Processing /home/cloud/codings/airflow/dags/list_s3_files_in_logs.py took 0.110 seconds
[2026-02-09T02:00:11.876+0000] {processor.py:161} INFO - Started process (PID=320708) to work on /home/cloud/codings/airflow/dags/list_s3_files_in_logs.py
[2026-02-09T02:00:11.877+0000] {processor.py:830} INFO - Processing file /home/cloud/codings/airflow/dags/list_s3_files_in_logs.py for tasks to queue
[2026-02-09T02:00:11.877+0000] {logging_mixin.py:188} INFO - [2026-02-09T02:00:11.877+0000] {dagbag.py:545} INFO - Filling up the DagBag from /home/cloud/codings/airflow/dags/list_s3_files_in_logs.py
[2026-02-09T02:00:11.889+0000] {processor.py:840} INFO - DAG(s) 'list_s3_files_in_logs' retrieved from /home/cloud/codings/airflow/dags/list_s3_files_in_logs.py
[2026-02-09T02:00:11.909+0000] {logging_mixin.py:188} INFO - [2026-02-09T02:00:11.908+0000] {dag.py:3089} INFO - Sync 1 DAGs
[2026-02-09T02:00:11.924+0000] {logging_mixin.py:188} INFO - [2026-02-09T02:00:11.924+0000] {dag.py:3947} INFO - Setting next_dagrun for list_s3_files_in_logs to None, run_after=None
[2026-02-09T02:00:11.950+0000] {processor.py:183} INFO - Processing /home/cloud/codings/airflow/dags/list_s3_files_in_logs.py took 0.081 seconds
[2026-02-09T02:00:42.281+0000] {processor.py:161} INFO - Started process (PID=320776) to work on /home/cloud/codings/airflow/dags/list_s3_files_in_logs.py
[2026-02-09T02:00:42.285+0000] {processor.py:830} INFO - Processing file /home/cloud/codings/airflow/dags/list_s3_files_in_logs.py for tasks to queue
[2026-02-09T02:00:42.288+0000] {logging_mixin.py:188} INFO - [2026-02-09T02:00:42.287+0000] {dagbag.py:545} INFO - Filling up the DagBag from /home/cloud/codings/airflow/dags/list_s3_files_in_logs.py
[2026-02-09T02:00:42.326+0000] {processor.py:840} INFO - DAG(s) 'list_s3_files_in_logs' retrieved from /home/cloud/codings/airflow/dags/list_s3_files_in_logs.py
[2026-02-09T02:00:42.406+0000] {logging_mixin.py:188} INFO - [2026-02-09T02:00:42.405+0000] {dag.py:3089} INFO - Sync 1 DAGs
[2026-02-09T02:00:42.451+0000] {logging_mixin.py:188} INFO - [2026-02-09T02:00:42.451+0000] {dag.py:3947} INFO - Setting next_dagrun for list_s3_files_in_logs to None, run_after=None
[2026-02-09T02:00:42.513+0000] {processor.py:183} INFO - Processing /home/cloud/codings/airflow/dags/list_s3_files_in_logs.py took 0.253 seconds
[2026-02-09T02:01:13.454+0000] {processor.py:161} INFO - Started process (PID=320848) to work on /home/cloud/codings/airflow/dags/list_s3_files_in_logs.py
[2026-02-09T02:01:13.456+0000] {processor.py:830} INFO - Processing file /home/cloud/codings/airflow/dags/list_s3_files_in_logs.py for tasks to queue
[2026-02-09T02:01:13.457+0000] {logging_mixin.py:188} INFO - [2026-02-09T02:01:13.456+0000] {dagbag.py:545} INFO - Filling up the DagBag from /home/cloud/codings/airflow/dags/list_s3_files_in_logs.py
[2026-02-09T02:01:13.470+0000] {processor.py:840} INFO - DAG(s) 'list_s3_files_in_logs' retrieved from /home/cloud/codings/airflow/dags/list_s3_files_in_logs.py
[2026-02-09T02:01:13.492+0000] {logging_mixin.py:188} INFO - [2026-02-09T02:01:13.491+0000] {dag.py:3089} INFO - Sync 1 DAGs
[2026-02-09T02:01:13.505+0000] {logging_mixin.py:188} INFO - [2026-02-09T02:01:13.505+0000] {dag.py:3947} INFO - Setting next_dagrun for list_s3_files_in_logs to None, run_after=None
[2026-02-09T02:01:13.532+0000] {processor.py:183} INFO - Processing /home/cloud/codings/airflow/dags/list_s3_files_in_logs.py took 0.084 seconds
[2026-02-09T02:01:44.102+0000] {processor.py:161} INFO - Started process (PID=320924) to work on /home/cloud/codings/airflow/dags/list_s3_files_in_logs.py
[2026-02-09T02:01:44.103+0000] {processor.py:830} INFO - Processing file /home/cloud/codings/airflow/dags/list_s3_files_in_logs.py for tasks to queue
[2026-02-09T02:01:44.104+0000] {logging_mixin.py:188} INFO - [2026-02-09T02:01:44.104+0000] {dagbag.py:545} INFO - Filling up the DagBag from /home/cloud/codings/airflow/dags/list_s3_files_in_logs.py
[2026-02-09T02:01:44.117+0000] {processor.py:840} INFO - DAG(s) 'list_s3_files_in_logs' retrieved from /home/cloud/codings/airflow/dags/list_s3_files_in_logs.py
[2026-02-09T02:01:44.140+0000] {logging_mixin.py:188} INFO - [2026-02-09T02:01:44.140+0000] {dag.py:3089} INFO - Sync 1 DAGs
[2026-02-09T02:01:44.155+0000] {logging_mixin.py:188} INFO - [2026-02-09T02:01:44.155+0000] {dag.py:3947} INFO - Setting next_dagrun for list_s3_files_in_logs to None, run_after=None
[2026-02-09T02:01:44.184+0000] {processor.py:183} INFO - Processing /home/cloud/codings/airflow/dags/list_s3_files_in_logs.py took 0.091 seconds
[2026-02-09T02:02:14.642+0000] {processor.py:161} INFO - Started process (PID=320992) to work on /home/cloud/codings/airflow/dags/list_s3_files_in_logs.py
[2026-02-09T02:02:14.662+0000] {processor.py:830} INFO - Processing file /home/cloud/codings/airflow/dags/list_s3_files_in_logs.py for tasks to queue
[2026-02-09T02:02:14.665+0000] {logging_mixin.py:188} INFO - [2026-02-09T02:02:14.664+0000] {dagbag.py:545} INFO - Filling up the DagBag from /home/cloud/codings/airflow/dags/list_s3_files_in_logs.py
[2026-02-09T02:02:14.693+0000] {processor.py:840} INFO - DAG(s) 'list_s3_files_in_logs' retrieved from /home/cloud/codings/airflow/dags/list_s3_files_in_logs.py
[2026-02-09T02:02:14.722+0000] {logging_mixin.py:188} INFO - [2026-02-09T02:02:14.722+0000] {dag.py:3089} INFO - Sync 1 DAGs
[2026-02-09T02:02:14.747+0000] {logging_mixin.py:188} INFO - [2026-02-09T02:02:14.747+0000] {dag.py:3947} INFO - Setting next_dagrun for list_s3_files_in_logs to None, run_after=None
[2026-02-09T02:02:14.792+0000] {processor.py:183} INFO - Processing /home/cloud/codings/airflow/dags/list_s3_files_in_logs.py took 0.167 seconds
[2026-02-09T02:02:45.282+0000] {processor.py:161} INFO - Started process (PID=321066) to work on /home/cloud/codings/airflow/dags/list_s3_files_in_logs.py
[2026-02-09T02:02:45.283+0000] {processor.py:830} INFO - Processing file /home/cloud/codings/airflow/dags/list_s3_files_in_logs.py for tasks to queue
[2026-02-09T02:02:45.284+0000] {logging_mixin.py:188} INFO - [2026-02-09T02:02:45.284+0000] {dagbag.py:545} INFO - Filling up the DagBag from /home/cloud/codings/airflow/dags/list_s3_files_in_logs.py
[2026-02-09T02:02:45.297+0000] {processor.py:840} INFO - DAG(s) 'list_s3_files_in_logs' retrieved from /home/cloud/codings/airflow/dags/list_s3_files_in_logs.py
[2026-02-09T02:02:45.319+0000] {logging_mixin.py:188} INFO - [2026-02-09T02:02:45.318+0000] {dag.py:3089} INFO - Sync 1 DAGs
[2026-02-09T02:02:45.333+0000] {logging_mixin.py:188} INFO - [2026-02-09T02:02:45.333+0000] {dag.py:3947} INFO - Setting next_dagrun for list_s3_files_in_logs to None, run_after=None
[2026-02-09T02:02:45.358+0000] {processor.py:183} INFO - Processing /home/cloud/codings/airflow/dags/list_s3_files_in_logs.py took 0.086 seconds
[2026-02-09T02:03:15.797+0000] {processor.py:161} INFO - Started process (PID=321140) to work on /home/cloud/codings/airflow/dags/list_s3_files_in_logs.py
[2026-02-09T02:03:15.802+0000] {processor.py:830} INFO - Processing file /home/cloud/codings/airflow/dags/list_s3_files_in_logs.py for tasks to queue
[2026-02-09T02:03:15.804+0000] {logging_mixin.py:188} INFO - [2026-02-09T02:03:15.803+0000] {dagbag.py:545} INFO - Filling up the DagBag from /home/cloud/codings/airflow/dags/list_s3_files_in_logs.py
[2026-02-09T02:03:15.828+0000] {processor.py:840} INFO - DAG(s) 'list_s3_files_in_logs' retrieved from /home/cloud/codings/airflow/dags/list_s3_files_in_logs.py
[2026-02-09T02:03:15.860+0000] {logging_mixin.py:188} INFO - [2026-02-09T02:03:15.860+0000] {dag.py:3089} INFO - Sync 1 DAGs
[2026-02-09T02:03:15.881+0000] {logging_mixin.py:188} INFO - [2026-02-09T02:03:15.880+0000] {dag.py:3947} INFO - Setting next_dagrun for list_s3_files_in_logs to None, run_after=None
[2026-02-09T02:03:15.916+0000] {processor.py:183} INFO - Processing /home/cloud/codings/airflow/dags/list_s3_files_in_logs.py took 0.134 seconds
[2026-02-09T02:03:46.278+0000] {processor.py:161} INFO - Started process (PID=321210) to work on /home/cloud/codings/airflow/dags/list_s3_files_in_logs.py
[2026-02-09T02:03:46.279+0000] {processor.py:830} INFO - Processing file /home/cloud/codings/airflow/dags/list_s3_files_in_logs.py for tasks to queue
[2026-02-09T02:03:46.281+0000] {logging_mixin.py:188} INFO - [2026-02-09T02:03:46.280+0000] {dagbag.py:545} INFO - Filling up the DagBag from /home/cloud/codings/airflow/dags/list_s3_files_in_logs.py
[2026-02-09T02:03:46.299+0000] {processor.py:840} INFO - DAG(s) 'list_s3_files_in_logs' retrieved from /home/cloud/codings/airflow/dags/list_s3_files_in_logs.py
[2026-02-09T02:03:46.324+0000] {logging_mixin.py:188} INFO - [2026-02-09T02:03:46.324+0000] {dag.py:3089} INFO - Sync 1 DAGs
[2026-02-09T02:03:46.340+0000] {logging_mixin.py:188} INFO - [2026-02-09T02:03:46.340+0000] {dag.py:3947} INFO - Setting next_dagrun for list_s3_files_in_logs to None, run_after=None
[2026-02-09T02:03:46.374+0000] {processor.py:183} INFO - Processing /home/cloud/codings/airflow/dags/list_s3_files_in_logs.py took 0.106 seconds
[2026-02-09T02:04:16.875+0000] {processor.py:161} INFO - Started process (PID=321282) to work on /home/cloud/codings/airflow/dags/list_s3_files_in_logs.py
[2026-02-09T02:04:16.894+0000] {processor.py:830} INFO - Processing file /home/cloud/codings/airflow/dags/list_s3_files_in_logs.py for tasks to queue
[2026-02-09T02:04:16.898+0000] {logging_mixin.py:188} INFO - [2026-02-09T02:04:16.897+0000] {dagbag.py:545} INFO - Filling up the DagBag from /home/cloud/codings/airflow/dags/list_s3_files_in_logs.py
[2026-02-09T02:04:16.931+0000] {processor.py:840} INFO - DAG(s) 'list_s3_files_in_logs' retrieved from /home/cloud/codings/airflow/dags/list_s3_files_in_logs.py
[2026-02-09T02:04:16.993+0000] {logging_mixin.py:188} INFO - [2026-02-09T02:04:16.993+0000] {dag.py:3089} INFO - Sync 1 DAGs
[2026-02-09T02:04:17.032+0000] {logging_mixin.py:188} INFO - [2026-02-09T02:04:17.031+0000] {dag.py:3947} INFO - Setting next_dagrun for list_s3_files_in_logs to None, run_after=None
[2026-02-09T02:04:17.096+0000] {processor.py:183} INFO - Processing /home/cloud/codings/airflow/dags/list_s3_files_in_logs.py took 0.238 seconds
[2026-02-09T02:04:47.480+0000] {processor.py:161} INFO - Started process (PID=321358) to work on /home/cloud/codings/airflow/dags/list_s3_files_in_logs.py
[2026-02-09T02:04:47.481+0000] {processor.py:830} INFO - Processing file /home/cloud/codings/airflow/dags/list_s3_files_in_logs.py for tasks to queue
[2026-02-09T02:04:47.482+0000] {logging_mixin.py:188} INFO - [2026-02-09T02:04:47.482+0000] {dagbag.py:545} INFO - Filling up the DagBag from /home/cloud/codings/airflow/dags/list_s3_files_in_logs.py
[2026-02-09T02:04:47.494+0000] {processor.py:840} INFO - DAG(s) 'list_s3_files_in_logs' retrieved from /home/cloud/codings/airflow/dags/list_s3_files_in_logs.py
[2026-02-09T02:04:47.517+0000] {logging_mixin.py:188} INFO - [2026-02-09T02:04:47.517+0000] {dag.py:3089} INFO - Sync 1 DAGs
[2026-02-09T02:04:47.534+0000] {logging_mixin.py:188} INFO - [2026-02-09T02:04:47.534+0000] {dag.py:3947} INFO - Setting next_dagrun for list_s3_files_in_logs to None, run_after=None
[2026-02-09T02:04:47.562+0000] {processor.py:183} INFO - Processing /home/cloud/codings/airflow/dags/list_s3_files_in_logs.py took 0.088 seconds
[2026-02-09T02:05:17.928+0000] {processor.py:161} INFO - Started process (PID=321432) to work on /home/cloud/codings/airflow/dags/list_s3_files_in_logs.py
[2026-02-09T02:05:17.929+0000] {processor.py:830} INFO - Processing file /home/cloud/codings/airflow/dags/list_s3_files_in_logs.py for tasks to queue
[2026-02-09T02:05:17.930+0000] {logging_mixin.py:188} INFO - [2026-02-09T02:05:17.930+0000] {dagbag.py:545} INFO - Filling up the DagBag from /home/cloud/codings/airflow/dags/list_s3_files_in_logs.py
[2026-02-09T02:05:17.943+0000] {processor.py:840} INFO - DAG(s) 'list_s3_files_in_logs' retrieved from /home/cloud/codings/airflow/dags/list_s3_files_in_logs.py
[2026-02-09T02:05:17.965+0000] {logging_mixin.py:188} INFO - [2026-02-09T02:05:17.965+0000] {dag.py:3089} INFO - Sync 1 DAGs
[2026-02-09T02:05:17.979+0000] {logging_mixin.py:188} INFO - [2026-02-09T02:05:17.978+0000] {dag.py:3947} INFO - Setting next_dagrun for list_s3_files_in_logs to None, run_after=None
[2026-02-09T02:05:18.006+0000] {processor.py:183} INFO - Processing /home/cloud/codings/airflow/dags/list_s3_files_in_logs.py took 0.086 seconds
[2026-02-09T02:05:48.540+0000] {processor.py:161} INFO - Started process (PID=321506) to work on /home/cloud/codings/airflow/dags/list_s3_files_in_logs.py
[2026-02-09T02:05:48.542+0000] {processor.py:830} INFO - Processing file /home/cloud/codings/airflow/dags/list_s3_files_in_logs.py for tasks to queue
[2026-02-09T02:05:48.543+0000] {logging_mixin.py:188} INFO - [2026-02-09T02:05:48.542+0000] {dagbag.py:545} INFO - Filling up the DagBag from /home/cloud/codings/airflow/dags/list_s3_files_in_logs.py
[2026-02-09T02:05:48.555+0000] {processor.py:840} INFO - DAG(s) 'list_s3_files_in_logs' retrieved from /home/cloud/codings/airflow/dags/list_s3_files_in_logs.py
[2026-02-09T02:05:48.580+0000] {logging_mixin.py:188} INFO - [2026-02-09T02:05:48.580+0000] {dag.py:3089} INFO - Sync 1 DAGs
[2026-02-09T02:05:48.597+0000] {logging_mixin.py:188} INFO - [2026-02-09T02:05:48.596+0000] {dag.py:3947} INFO - Setting next_dagrun for list_s3_files_in_logs to None, run_after=None
[2026-02-09T02:05:48.629+0000] {processor.py:183} INFO - Processing /home/cloud/codings/airflow/dags/list_s3_files_in_logs.py took 0.096 seconds
[2026-02-09T02:06:18.975+0000] {processor.py:161} INFO - Started process (PID=321580) to work on /home/cloud/codings/airflow/dags/list_s3_files_in_logs.py
[2026-02-09T02:06:18.993+0000] {processor.py:830} INFO - Processing file /home/cloud/codings/airflow/dags/list_s3_files_in_logs.py for tasks to queue
[2026-02-09T02:06:18.995+0000] {logging_mixin.py:188} INFO - [2026-02-09T02:06:18.994+0000] {dagbag.py:545} INFO - Filling up the DagBag from /home/cloud/codings/airflow/dags/list_s3_files_in_logs.py
[2026-02-09T02:06:19.017+0000] {processor.py:840} INFO - DAG(s) 'list_s3_files_in_logs' retrieved from /home/cloud/codings/airflow/dags/list_s3_files_in_logs.py
[2026-02-09T02:06:19.055+0000] {logging_mixin.py:188} INFO - [2026-02-09T02:06:19.054+0000] {dag.py:3089} INFO - Sync 1 DAGs
[2026-02-09T02:06:19.074+0000] {logging_mixin.py:188} INFO - [2026-02-09T02:06:19.074+0000] {dag.py:3947} INFO - Setting next_dagrun for list_s3_files_in_logs to None, run_after=None
[2026-02-09T02:06:19.099+0000] {processor.py:183} INFO - Processing /home/cloud/codings/airflow/dags/list_s3_files_in_logs.py took 0.131 seconds
[2026-02-09T02:06:49.526+0000] {processor.py:161} INFO - Started process (PID=321655) to work on /home/cloud/codings/airflow/dags/list_s3_files_in_logs.py
[2026-02-09T02:06:49.527+0000] {processor.py:830} INFO - Processing file /home/cloud/codings/airflow/dags/list_s3_files_in_logs.py for tasks to queue
[2026-02-09T02:06:49.528+0000] {logging_mixin.py:188} INFO - [2026-02-09T02:06:49.527+0000] {dagbag.py:545} INFO - Filling up the DagBag from /home/cloud/codings/airflow/dags/list_s3_files_in_logs.py
[2026-02-09T02:06:49.540+0000] {processor.py:840} INFO - DAG(s) 'list_s3_files_in_logs' retrieved from /home/cloud/codings/airflow/dags/list_s3_files_in_logs.py
[2026-02-09T02:06:49.567+0000] {logging_mixin.py:188} INFO - [2026-02-09T02:06:49.566+0000] {dag.py:3089} INFO - Sync 1 DAGs
[2026-02-09T02:06:49.581+0000] {logging_mixin.py:188} INFO - [2026-02-09T02:06:49.581+0000] {dag.py:3947} INFO - Setting next_dagrun for list_s3_files_in_logs to None, run_after=None
[2026-02-09T02:06:49.608+0000] {processor.py:183} INFO - Processing /home/cloud/codings/airflow/dags/list_s3_files_in_logs.py took 0.090 seconds
[2026-02-09T02:07:19.937+0000] {processor.py:161} INFO - Started process (PID=321733) to work on /home/cloud/codings/airflow/dags/list_s3_files_in_logs.py
[2026-02-09T02:07:19.939+0000] {processor.py:830} INFO - Processing file /home/cloud/codings/airflow/dags/list_s3_files_in_logs.py for tasks to queue
[2026-02-09T02:07:19.940+0000] {logging_mixin.py:188} INFO - [2026-02-09T02:07:19.939+0000] {dagbag.py:545} INFO - Filling up the DagBag from /home/cloud/codings/airflow/dags/list_s3_files_in_logs.py
[2026-02-09T02:07:19.952+0000] {processor.py:840} INFO - DAG(s) 'list_s3_files_in_logs' retrieved from /home/cloud/codings/airflow/dags/list_s3_files_in_logs.py
[2026-02-09T02:07:19.975+0000] {logging_mixin.py:188} INFO - [2026-02-09T02:07:19.975+0000] {dag.py:3089} INFO - Sync 1 DAGs
[2026-02-09T02:07:19.988+0000] {logging_mixin.py:188} INFO - [2026-02-09T02:07:19.988+0000] {dag.py:3947} INFO - Setting next_dagrun for list_s3_files_in_logs to None, run_after=None
[2026-02-09T02:07:20.017+0000] {processor.py:183} INFO - Processing /home/cloud/codings/airflow/dags/list_s3_files_in_logs.py took 0.087 seconds
[2026-02-09T02:07:50.494+0000] {processor.py:161} INFO - Started process (PID=321809) to work on /home/cloud/codings/airflow/dags/list_s3_files_in_logs.py
[2026-02-09T02:07:50.512+0000] {processor.py:830} INFO - Processing file /home/cloud/codings/airflow/dags/list_s3_files_in_logs.py for tasks to queue
[2026-02-09T02:07:50.514+0000] {logging_mixin.py:188} INFO - [2026-02-09T02:07:50.513+0000] {dagbag.py:545} INFO - Filling up the DagBag from /home/cloud/codings/airflow/dags/list_s3_files_in_logs.py
[2026-02-09T02:07:50.534+0000] {processor.py:840} INFO - DAG(s) 'list_s3_files_in_logs' retrieved from /home/cloud/codings/airflow/dags/list_s3_files_in_logs.py
[2026-02-09T02:07:50.571+0000] {logging_mixin.py:188} INFO - [2026-02-09T02:07:50.570+0000] {dag.py:3089} INFO - Sync 1 DAGs
[2026-02-09T02:07:50.594+0000] {logging_mixin.py:188} INFO - [2026-02-09T02:07:50.594+0000] {dag.py:3947} INFO - Setting next_dagrun for list_s3_files_in_logs to None, run_after=None
[2026-02-09T02:07:50.623+0000] {processor.py:183} INFO - Processing /home/cloud/codings/airflow/dags/list_s3_files_in_logs.py took 0.135 seconds
[2026-02-09T02:08:20.919+0000] {processor.py:161} INFO - Started process (PID=321883) to work on /home/cloud/codings/airflow/dags/list_s3_files_in_logs.py
[2026-02-09T02:08:20.937+0000] {processor.py:830} INFO - Processing file /home/cloud/codings/airflow/dags/list_s3_files_in_logs.py for tasks to queue
[2026-02-09T02:08:20.938+0000] {logging_mixin.py:188} INFO - [2026-02-09T02:08:20.938+0000] {dagbag.py:545} INFO - Filling up the DagBag from /home/cloud/codings/airflow/dags/list_s3_files_in_logs.py
[2026-02-09T02:08:20.952+0000] {processor.py:840} INFO - DAG(s) 'list_s3_files_in_logs' retrieved from /home/cloud/codings/airflow/dags/list_s3_files_in_logs.py
[2026-02-09T02:08:20.977+0000] {logging_mixin.py:188} INFO - [2026-02-09T02:08:20.976+0000] {dag.py:3089} INFO - Sync 1 DAGs
[2026-02-09T02:08:20.993+0000] {logging_mixin.py:188} INFO - [2026-02-09T02:08:20.993+0000] {dag.py:3947} INFO - Setting next_dagrun for list_s3_files_in_logs to None, run_after=None
[2026-02-09T02:08:21.024+0000] {processor.py:183} INFO - Processing /home/cloud/codings/airflow/dags/list_s3_files_in_logs.py took 0.113 seconds
[2026-02-09T02:08:51.448+0000] {processor.py:161} INFO - Started process (PID=321965) to work on /home/cloud/codings/airflow/dags/list_s3_files_in_logs.py
[2026-02-09T02:08:51.450+0000] {processor.py:830} INFO - Processing file /home/cloud/codings/airflow/dags/list_s3_files_in_logs.py for tasks to queue
[2026-02-09T02:08:51.452+0000] {logging_mixin.py:188} INFO - [2026-02-09T02:08:51.451+0000] {dagbag.py:545} INFO - Filling up the DagBag from /home/cloud/codings/airflow/dags/list_s3_files_in_logs.py
[2026-02-09T02:08:51.464+0000] {processor.py:840} INFO - DAG(s) 'list_s3_files_in_logs' retrieved from /home/cloud/codings/airflow/dags/list_s3_files_in_logs.py
[2026-02-09T02:08:51.484+0000] {logging_mixin.py:188} INFO - [2026-02-09T02:08:51.484+0000] {dag.py:3089} INFO - Sync 1 DAGs
[2026-02-09T02:08:51.497+0000] {logging_mixin.py:188} INFO - [2026-02-09T02:08:51.497+0000] {dag.py:3947} INFO - Setting next_dagrun for list_s3_files_in_logs to None, run_after=None
[2026-02-09T02:08:51.522+0000] {processor.py:183} INFO - Processing /home/cloud/codings/airflow/dags/list_s3_files_in_logs.py took 0.084 seconds
[2026-02-09T02:09:21.999+0000] {processor.py:161} INFO - Started process (PID=322039) to work on /home/cloud/codings/airflow/dags/list_s3_files_in_logs.py
[2026-02-09T02:09:22.016+0000] {processor.py:830} INFO - Processing file /home/cloud/codings/airflow/dags/list_s3_files_in_logs.py for tasks to queue
[2026-02-09T02:09:22.017+0000] {logging_mixin.py:188} INFO - [2026-02-09T02:09:22.017+0000] {dagbag.py:545} INFO - Filling up the DagBag from /home/cloud/codings/airflow/dags/list_s3_files_in_logs.py
[2026-02-09T02:09:22.028+0000] {processor.py:840} INFO - DAG(s) 'list_s3_files_in_logs' retrieved from /home/cloud/codings/airflow/dags/list_s3_files_in_logs.py
[2026-02-09T02:09:22.050+0000] {logging_mixin.py:188} INFO - [2026-02-09T02:09:22.050+0000] {dag.py:3089} INFO - Sync 1 DAGs
[2026-02-09T02:09:22.065+0000] {logging_mixin.py:188} INFO - [2026-02-09T02:09:22.065+0000] {dag.py:3947} INFO - Setting next_dagrun for list_s3_files_in_logs to None, run_after=None
[2026-02-09T02:09:22.091+0000] {processor.py:183} INFO - Processing /home/cloud/codings/airflow/dags/list_s3_files_in_logs.py took 0.098 seconds
[2026-02-09T02:09:52.442+0000] {processor.py:161} INFO - Started process (PID=322115) to work on /home/cloud/codings/airflow/dags/list_s3_files_in_logs.py
[2026-02-09T02:09:52.444+0000] {processor.py:830} INFO - Processing file /home/cloud/codings/airflow/dags/list_s3_files_in_logs.py for tasks to queue
[2026-02-09T02:09:52.445+0000] {logging_mixin.py:188} INFO - [2026-02-09T02:09:52.444+0000] {dagbag.py:545} INFO - Filling up the DagBag from /home/cloud/codings/airflow/dags/list_s3_files_in_logs.py
[2026-02-09T02:09:52.459+0000] {processor.py:840} INFO - DAG(s) 'list_s3_files_in_logs' retrieved from /home/cloud/codings/airflow/dags/list_s3_files_in_logs.py
[2026-02-09T02:09:52.485+0000] {logging_mixin.py:188} INFO - [2026-02-09T02:09:52.484+0000] {dag.py:3089} INFO - Sync 1 DAGs
[2026-02-09T02:09:52.501+0000] {logging_mixin.py:188} INFO - [2026-02-09T02:09:52.500+0000] {dag.py:3947} INFO - Setting next_dagrun for list_s3_files_in_logs to None, run_after=None
[2026-02-09T02:09:52.531+0000] {processor.py:183} INFO - Processing /home/cloud/codings/airflow/dags/list_s3_files_in_logs.py took 0.097 seconds
[2026-02-09T02:10:23.090+0000] {processor.py:161} INFO - Started process (PID=322189) to work on /home/cloud/codings/airflow/dags/list_s3_files_in_logs.py
[2026-02-09T02:10:23.091+0000] {processor.py:830} INFO - Processing file /home/cloud/codings/airflow/dags/list_s3_files_in_logs.py for tasks to queue
[2026-02-09T02:10:23.092+0000] {logging_mixin.py:188} INFO - [2026-02-09T02:10:23.091+0000] {dagbag.py:545} INFO - Filling up the DagBag from /home/cloud/codings/airflow/dags/list_s3_files_in_logs.py
[2026-02-09T02:10:23.105+0000] {processor.py:840} INFO - DAG(s) 'list_s3_files_in_logs' retrieved from /home/cloud/codings/airflow/dags/list_s3_files_in_logs.py
[2026-02-09T02:10:23.129+0000] {logging_mixin.py:188} INFO - [2026-02-09T02:10:23.129+0000] {dag.py:3089} INFO - Sync 1 DAGs
[2026-02-09T02:10:23.146+0000] {logging_mixin.py:188} INFO - [2026-02-09T02:10:23.145+0000] {dag.py:3947} INFO - Setting next_dagrun for list_s3_files_in_logs to None, run_after=None
[2026-02-09T02:10:23.173+0000] {processor.py:183} INFO - Processing /home/cloud/codings/airflow/dags/list_s3_files_in_logs.py took 0.090 seconds
[2026-02-09T02:10:53.537+0000] {processor.py:161} INFO - Started process (PID=322265) to work on /home/cloud/codings/airflow/dags/list_s3_files_in_logs.py
[2026-02-09T02:10:53.566+0000] {processor.py:830} INFO - Processing file /home/cloud/codings/airflow/dags/list_s3_files_in_logs.py for tasks to queue
[2026-02-09T02:10:53.567+0000] {logging_mixin.py:188} INFO - [2026-02-09T02:10:53.566+0000] {dagbag.py:545} INFO - Filling up the DagBag from /home/cloud/codings/airflow/dags/list_s3_files_in_logs.py
[2026-02-09T02:10:53.580+0000] {processor.py:840} INFO - DAG(s) 'list_s3_files_in_logs' retrieved from /home/cloud/codings/airflow/dags/list_s3_files_in_logs.py
[2026-02-09T02:10:53.607+0000] {logging_mixin.py:188} INFO - [2026-02-09T02:10:53.607+0000] {dag.py:3089} INFO - Sync 1 DAGs
[2026-02-09T02:10:53.625+0000] {logging_mixin.py:188} INFO - [2026-02-09T02:10:53.625+0000] {dag.py:3947} INFO - Setting next_dagrun for list_s3_files_in_logs to None, run_after=None
[2026-02-09T02:10:53.661+0000] {processor.py:183} INFO - Processing /home/cloud/codings/airflow/dags/list_s3_files_in_logs.py took 0.131 seconds
[2026-02-09T02:11:24.031+0000] {processor.py:161} INFO - Started process (PID=322337) to work on /home/cloud/codings/airflow/dags/list_s3_files_in_logs.py
[2026-02-09T02:11:24.032+0000] {processor.py:830} INFO - Processing file /home/cloud/codings/airflow/dags/list_s3_files_in_logs.py for tasks to queue
[2026-02-09T02:11:24.033+0000] {logging_mixin.py:188} INFO - [2026-02-09T02:11:24.033+0000] {dagbag.py:545} INFO - Filling up the DagBag from /home/cloud/codings/airflow/dags/list_s3_files_in_logs.py
[2026-02-09T02:11:24.046+0000] {processor.py:840} INFO - DAG(s) 'list_s3_files_in_logs' retrieved from /home/cloud/codings/airflow/dags/list_s3_files_in_logs.py
[2026-02-09T02:11:24.069+0000] {logging_mixin.py:188} INFO - [2026-02-09T02:11:24.068+0000] {dag.py:3089} INFO - Sync 1 DAGs
[2026-02-09T02:11:24.085+0000] {logging_mixin.py:188} INFO - [2026-02-09T02:11:24.084+0000] {dag.py:3947} INFO - Setting next_dagrun for list_s3_files_in_logs to None, run_after=None
[2026-02-09T02:11:24.112+0000] {processor.py:183} INFO - Processing /home/cloud/codings/airflow/dags/list_s3_files_in_logs.py took 0.088 seconds
[2026-02-09T02:11:54.498+0000] {processor.py:161} INFO - Started process (PID=322417) to work on /home/cloud/codings/airflow/dags/list_s3_files_in_logs.py
[2026-02-09T02:11:54.499+0000] {processor.py:830} INFO - Processing file /home/cloud/codings/airflow/dags/list_s3_files_in_logs.py for tasks to queue
[2026-02-09T02:11:54.500+0000] {logging_mixin.py:188} INFO - [2026-02-09T02:11:54.500+0000] {dagbag.py:545} INFO - Filling up the DagBag from /home/cloud/codings/airflow/dags/list_s3_files_in_logs.py
[2026-02-09T02:11:54.513+0000] {processor.py:840} INFO - DAG(s) 'list_s3_files_in_logs' retrieved from /home/cloud/codings/airflow/dags/list_s3_files_in_logs.py
[2026-02-09T02:11:54.538+0000] {logging_mixin.py:188} INFO - [2026-02-09T02:11:54.537+0000] {dag.py:3089} INFO - Sync 1 DAGs
[2026-02-09T02:11:54.555+0000] {logging_mixin.py:188} INFO - [2026-02-09T02:11:54.555+0000] {dag.py:3947} INFO - Setting next_dagrun for list_s3_files_in_logs to None, run_after=None
[2026-02-09T02:11:54.583+0000] {processor.py:183} INFO - Processing /home/cloud/codings/airflow/dags/list_s3_files_in_logs.py took 0.092 seconds
[2026-02-09T02:12:24.989+0000] {processor.py:161} INFO - Started process (PID=322491) to work on /home/cloud/codings/airflow/dags/list_s3_files_in_logs.py
[2026-02-09T02:12:24.990+0000] {processor.py:830} INFO - Processing file /home/cloud/codings/airflow/dags/list_s3_files_in_logs.py for tasks to queue
[2026-02-09T02:12:24.991+0000] {logging_mixin.py:188} INFO - [2026-02-09T02:12:24.990+0000] {dagbag.py:545} INFO - Filling up the DagBag from /home/cloud/codings/airflow/dags/list_s3_files_in_logs.py
[2026-02-09T02:12:25.001+0000] {processor.py:840} INFO - DAG(s) 'list_s3_files_in_logs' retrieved from /home/cloud/codings/airflow/dags/list_s3_files_in_logs.py
[2026-02-09T02:12:25.022+0000] {logging_mixin.py:188} INFO - [2026-02-09T02:12:25.022+0000] {dag.py:3089} INFO - Sync 1 DAGs
[2026-02-09T02:12:25.037+0000] {logging_mixin.py:188} INFO - [2026-02-09T02:12:25.037+0000] {dag.py:3947} INFO - Setting next_dagrun for list_s3_files_in_logs to None, run_after=None
[2026-02-09T02:12:25.062+0000] {processor.py:183} INFO - Processing /home/cloud/codings/airflow/dags/list_s3_files_in_logs.py took 0.079 seconds
[2026-02-09T02:12:55.518+0000] {processor.py:161} INFO - Started process (PID=322565) to work on /home/cloud/codings/airflow/dags/list_s3_files_in_logs.py
[2026-02-09T02:12:55.520+0000] {processor.py:830} INFO - Processing file /home/cloud/codings/airflow/dags/list_s3_files_in_logs.py for tasks to queue
[2026-02-09T02:12:55.521+0000] {logging_mixin.py:188} INFO - [2026-02-09T02:12:55.521+0000] {dagbag.py:545} INFO - Filling up the DagBag from /home/cloud/codings/airflow/dags/list_s3_files_in_logs.py
[2026-02-09T02:12:55.533+0000] {processor.py:840} INFO - DAG(s) 'list_s3_files_in_logs' retrieved from /home/cloud/codings/airflow/dags/list_s3_files_in_logs.py
[2026-02-09T02:12:55.557+0000] {logging_mixin.py:188} INFO - [2026-02-09T02:12:55.557+0000] {dag.py:3089} INFO - Sync 1 DAGs
[2026-02-09T02:12:55.572+0000] {logging_mixin.py:188} INFO - [2026-02-09T02:12:55.572+0000] {dag.py:3947} INFO - Setting next_dagrun for list_s3_files_in_logs to None, run_after=None
[2026-02-09T02:12:55.601+0000] {processor.py:183} INFO - Processing /home/cloud/codings/airflow/dags/list_s3_files_in_logs.py took 0.089 seconds
[2026-02-09T02:13:26.125+0000] {processor.py:161} INFO - Started process (PID=322647) to work on /home/cloud/codings/airflow/dags/list_s3_files_in_logs.py
[2026-02-09T02:13:26.132+0000] {processor.py:830} INFO - Processing file /home/cloud/codings/airflow/dags/list_s3_files_in_logs.py for tasks to queue
[2026-02-09T02:13:26.134+0000] {logging_mixin.py:188} INFO - [2026-02-09T02:13:26.133+0000] {dagbag.py:545} INFO - Filling up the DagBag from /home/cloud/codings/airflow/dags/list_s3_files_in_logs.py
[2026-02-09T02:13:26.156+0000] {processor.py:840} INFO - DAG(s) 'list_s3_files_in_logs' retrieved from /home/cloud/codings/airflow/dags/list_s3_files_in_logs.py
[2026-02-09T02:13:26.188+0000] {logging_mixin.py:188} INFO - [2026-02-09T02:13:26.188+0000] {dag.py:3089} INFO - Sync 1 DAGs
[2026-02-09T02:13:26.206+0000] {logging_mixin.py:188} INFO - [2026-02-09T02:13:26.205+0000] {dag.py:3947} INFO - Setting next_dagrun for list_s3_files_in_logs to None, run_after=None
[2026-02-09T02:13:26.235+0000] {processor.py:183} INFO - Processing /home/cloud/codings/airflow/dags/list_s3_files_in_logs.py took 0.123 seconds
[2026-02-09T02:13:56.361+0000] {processor.py:161} INFO - Started process (PID=322738) to work on /home/cloud/codings/airflow/dags/list_s3_files_in_logs.py
[2026-02-09T02:13:56.364+0000] {processor.py:830} INFO - Processing file /home/cloud/codings/airflow/dags/list_s3_files_in_logs.py for tasks to queue
[2026-02-09T02:13:56.365+0000] {logging_mixin.py:188} INFO - [2026-02-09T02:13:56.365+0000] {dagbag.py:545} INFO - Filling up the DagBag from /home/cloud/codings/airflow/dags/list_s3_files_in_logs.py
[2026-02-09T02:13:56.392+0000] {processor.py:840} INFO - DAG(s) 'list_s3_files_in_logs' retrieved from /home/cloud/codings/airflow/dags/list_s3_files_in_logs.py
[2026-02-09T02:13:56.436+0000] {logging_mixin.py:188} INFO - [2026-02-09T02:13:56.435+0000] {dag.py:3089} INFO - Sync 1 DAGs
[2026-02-09T02:13:56.466+0000] {logging_mixin.py:188} INFO - [2026-02-09T02:13:56.465+0000] {dag.py:3947} INFO - Setting next_dagrun for list_s3_files_in_logs to None, run_after=None
[2026-02-09T02:13:56.532+0000] {processor.py:183} INFO - Processing /home/cloud/codings/airflow/dags/list_s3_files_in_logs.py took 0.185 seconds
[2026-02-09T02:14:26.952+0000] {processor.py:161} INFO - Started process (PID=322822) to work on /home/cloud/codings/airflow/dags/list_s3_files_in_logs.py
[2026-02-09T02:14:26.953+0000] {processor.py:830} INFO - Processing file /home/cloud/codings/airflow/dags/list_s3_files_in_logs.py for tasks to queue
[2026-02-09T02:14:26.954+0000] {logging_mixin.py:188} INFO - [2026-02-09T02:14:26.954+0000] {dagbag.py:545} INFO - Filling up the DagBag from /home/cloud/codings/airflow/dags/list_s3_files_in_logs.py
[2026-02-09T02:14:26.968+0000] {processor.py:840} INFO - DAG(s) 'list_s3_files_in_logs' retrieved from /home/cloud/codings/airflow/dags/list_s3_files_in_logs.py
[2026-02-09T02:14:26.995+0000] {logging_mixin.py:188} INFO - [2026-02-09T02:14:26.995+0000] {dag.py:3089} INFO - Sync 1 DAGs
[2026-02-09T02:14:27.016+0000] {logging_mixin.py:188} INFO - [2026-02-09T02:14:27.015+0000] {dag.py:3947} INFO - Setting next_dagrun for list_s3_files_in_logs to None, run_after=None
[2026-02-09T02:14:27.046+0000] {processor.py:183} INFO - Processing /home/cloud/codings/airflow/dags/list_s3_files_in_logs.py took 0.102 seconds
[2026-02-09T02:14:57.432+0000] {processor.py:161} INFO - Started process (PID=322896) to work on /home/cloud/codings/airflow/dags/list_s3_files_in_logs.py
[2026-02-09T02:14:57.433+0000] {processor.py:830} INFO - Processing file /home/cloud/codings/airflow/dags/list_s3_files_in_logs.py for tasks to queue
[2026-02-09T02:14:57.434+0000] {logging_mixin.py:188} INFO - [2026-02-09T02:14:57.434+0000] {dagbag.py:545} INFO - Filling up the DagBag from /home/cloud/codings/airflow/dags/list_s3_files_in_logs.py
[2026-02-09T02:14:57.446+0000] {processor.py:840} INFO - DAG(s) 'list_s3_files_in_logs' retrieved from /home/cloud/codings/airflow/dags/list_s3_files_in_logs.py
[2026-02-09T02:14:57.474+0000] {logging_mixin.py:188} INFO - [2026-02-09T02:14:57.474+0000] {dag.py:3089} INFO - Sync 1 DAGs
[2026-02-09T02:14:57.492+0000] {logging_mixin.py:188} INFO - [2026-02-09T02:14:57.492+0000] {dag.py:3947} INFO - Setting next_dagrun for list_s3_files_in_logs to None, run_after=None
[2026-02-09T02:14:57.520+0000] {processor.py:183} INFO - Processing /home/cloud/codings/airflow/dags/list_s3_files_in_logs.py took 0.094 seconds
[2026-02-09T02:15:27.898+0000] {processor.py:161} INFO - Started process (PID=322972) to work on /home/cloud/codings/airflow/dags/list_s3_files_in_logs.py
[2026-02-09T02:15:27.926+0000] {processor.py:830} INFO - Processing file /home/cloud/codings/airflow/dags/list_s3_files_in_logs.py for tasks to queue
[2026-02-09T02:15:27.931+0000] {logging_mixin.py:188} INFO - [2026-02-09T02:15:27.929+0000] {dagbag.py:545} INFO - Filling up the DagBag from /home/cloud/codings/airflow/dags/list_s3_files_in_logs.py
[2026-02-09T02:15:27.981+0000] {processor.py:840} INFO - DAG(s) 'list_s3_files_in_logs' retrieved from /home/cloud/codings/airflow/dags/list_s3_files_in_logs.py
[2026-02-09T02:15:28.085+0000] {logging_mixin.py:188} INFO - [2026-02-09T02:15:28.085+0000] {dag.py:3089} INFO - Sync 1 DAGs
[2026-02-09T02:15:28.131+0000] {logging_mixin.py:188} INFO - [2026-02-09T02:15:28.130+0000] {dag.py:3947} INFO - Setting next_dagrun for list_s3_files_in_logs to None, run_after=None
[2026-02-09T02:15:28.212+0000] {processor.py:183} INFO - Processing /home/cloud/codings/airflow/dags/list_s3_files_in_logs.py took 0.337 seconds
[2026-02-09T02:15:58.991+0000] {processor.py:161} INFO - Started process (PID=323050) to work on /home/cloud/codings/airflow/dags/list_s3_files_in_logs.py
[2026-02-09T02:15:58.992+0000] {processor.py:830} INFO - Processing file /home/cloud/codings/airflow/dags/list_s3_files_in_logs.py for tasks to queue
[2026-02-09T02:15:58.993+0000] {logging_mixin.py:188} INFO - [2026-02-09T02:15:58.992+0000] {dagbag.py:545} INFO - Filling up the DagBag from /home/cloud/codings/airflow/dags/list_s3_files_in_logs.py
[2026-02-09T02:15:59.003+0000] {processor.py:840} INFO - DAG(s) 'list_s3_files_in_logs' retrieved from /home/cloud/codings/airflow/dags/list_s3_files_in_logs.py
[2026-02-09T02:15:59.027+0000] {logging_mixin.py:188} INFO - [2026-02-09T02:15:59.027+0000] {dag.py:3089} INFO - Sync 1 DAGs
[2026-02-09T02:15:59.043+0000] {logging_mixin.py:188} INFO - [2026-02-09T02:15:59.042+0000] {dag.py:3947} INFO - Setting next_dagrun for list_s3_files_in_logs to None, run_after=None
[2026-02-09T02:15:59.069+0000] {processor.py:183} INFO - Processing /home/cloud/codings/airflow/dags/list_s3_files_in_logs.py took 0.084 seconds
[2026-02-09T02:16:29.430+0000] {processor.py:161} INFO - Started process (PID=323129) to work on /home/cloud/codings/airflow/dags/list_s3_files_in_logs.py
[2026-02-09T02:16:29.455+0000] {processor.py:830} INFO - Processing file /home/cloud/codings/airflow/dags/list_s3_files_in_logs.py for tasks to queue
[2026-02-09T02:16:29.456+0000] {logging_mixin.py:188} INFO - [2026-02-09T02:16:29.456+0000] {dagbag.py:545} INFO - Filling up the DagBag from /home/cloud/codings/airflow/dags/list_s3_files_in_logs.py
[2026-02-09T02:16:29.471+0000] {processor.py:840} INFO - DAG(s) 'list_s3_files_in_logs' retrieved from /home/cloud/codings/airflow/dags/list_s3_files_in_logs.py
[2026-02-09T02:16:29.501+0000] {logging_mixin.py:188} INFO - [2026-02-09T02:16:29.500+0000] {dag.py:3089} INFO - Sync 1 DAGs
[2026-02-09T02:16:29.521+0000] {logging_mixin.py:188} INFO - [2026-02-09T02:16:29.521+0000] {dag.py:3947} INFO - Setting next_dagrun for list_s3_files_in_logs to None, run_after=None
[2026-02-09T02:16:29.553+0000] {processor.py:183} INFO - Processing /home/cloud/codings/airflow/dags/list_s3_files_in_logs.py took 0.131 seconds
[2026-02-09T02:17:00.014+0000] {processor.py:161} INFO - Started process (PID=323206) to work on /home/cloud/codings/airflow/dags/list_s3_files_in_logs.py
[2026-02-09T02:17:00.015+0000] {processor.py:830} INFO - Processing file /home/cloud/codings/airflow/dags/list_s3_files_in_logs.py for tasks to queue
[2026-02-09T02:17:00.016+0000] {logging_mixin.py:188} INFO - [2026-02-09T02:17:00.016+0000] {dagbag.py:545} INFO - Filling up the DagBag from /home/cloud/codings/airflow/dags/list_s3_files_in_logs.py
[2026-02-09T02:17:00.030+0000] {processor.py:840} INFO - DAG(s) 'list_s3_files_in_logs' retrieved from /home/cloud/codings/airflow/dags/list_s3_files_in_logs.py
[2026-02-09T02:17:00.052+0000] {logging_mixin.py:188} INFO - [2026-02-09T02:17:00.052+0000] {dag.py:3089} INFO - Sync 1 DAGs
[2026-02-09T02:17:00.068+0000] {logging_mixin.py:188} INFO - [2026-02-09T02:17:00.068+0000] {dag.py:3947} INFO - Setting next_dagrun for list_s3_files_in_logs to None, run_after=None
[2026-02-09T02:17:00.097+0000] {processor.py:183} INFO - Processing /home/cloud/codings/airflow/dags/list_s3_files_in_logs.py took 0.089 seconds
[2026-02-09T02:17:30.461+0000] {processor.py:161} INFO - Started process (PID=323289) to work on /home/cloud/codings/airflow/dags/list_s3_files_in_logs.py
[2026-02-09T02:17:30.490+0000] {processor.py:830} INFO - Processing file /home/cloud/codings/airflow/dags/list_s3_files_in_logs.py for tasks to queue
[2026-02-09T02:17:30.492+0000] {logging_mixin.py:188} INFO - [2026-02-09T02:17:30.491+0000] {dagbag.py:545} INFO - Filling up the DagBag from /home/cloud/codings/airflow/dags/list_s3_files_in_logs.py
[2026-02-09T02:17:30.509+0000] {processor.py:840} INFO - DAG(s) 'list_s3_files_in_logs' retrieved from /home/cloud/codings/airflow/dags/list_s3_files_in_logs.py
[2026-02-09T02:17:30.532+0000] {logging_mixin.py:188} INFO - [2026-02-09T02:17:30.532+0000] {dag.py:3089} INFO - Sync 1 DAGs
[2026-02-09T02:17:30.549+0000] {logging_mixin.py:188} INFO - [2026-02-09T02:17:30.549+0000] {dag.py:3947} INFO - Setting next_dagrun for list_s3_files_in_logs to None, run_after=None
[2026-02-09T02:17:30.577+0000] {processor.py:183} INFO - Processing /home/cloud/codings/airflow/dags/list_s3_files_in_logs.py took 0.128 seconds
[2026-02-09T02:18:01.046+0000] {processor.py:161} INFO - Started process (PID=323363) to work on /home/cloud/codings/airflow/dags/list_s3_files_in_logs.py
[2026-02-09T02:18:01.048+0000] {processor.py:830} INFO - Processing file /home/cloud/codings/airflow/dags/list_s3_files_in_logs.py for tasks to queue
[2026-02-09T02:18:01.050+0000] {logging_mixin.py:188} INFO - [2026-02-09T02:18:01.049+0000] {dagbag.py:545} INFO - Filling up the DagBag from /home/cloud/codings/airflow/dags/list_s3_files_in_logs.py
[2026-02-09T02:18:01.074+0000] {processor.py:840} INFO - DAG(s) 'list_s3_files_in_logs' retrieved from /home/cloud/codings/airflow/dags/list_s3_files_in_logs.py
[2026-02-09T02:18:01.096+0000] {logging_mixin.py:188} INFO - [2026-02-09T02:18:01.096+0000] {dag.py:3089} INFO - Sync 1 DAGs
[2026-02-09T02:18:01.111+0000] {logging_mixin.py:188} INFO - [2026-02-09T02:18:01.110+0000] {dag.py:3947} INFO - Setting next_dagrun for list_s3_files_in_logs to None, run_after=None
[2026-02-09T02:18:01.134+0000] {processor.py:183} INFO - Processing /home/cloud/codings/airflow/dags/list_s3_files_in_logs.py took 0.102 seconds
[2026-02-09T02:18:31.275+0000] {processor.py:161} INFO - Started process (PID=323443) to work on /home/cloud/codings/airflow/dags/list_s3_files_in_logs.py
[2026-02-09T02:18:31.292+0000] {processor.py:830} INFO - Processing file /home/cloud/codings/airflow/dags/list_s3_files_in_logs.py for tasks to queue
[2026-02-09T02:18:31.293+0000] {logging_mixin.py:188} INFO - [2026-02-09T02:18:31.293+0000] {dagbag.py:545} INFO - Filling up the DagBag from /home/cloud/codings/airflow/dags/list_s3_files_in_logs.py
[2026-02-09T02:18:31.305+0000] {processor.py:840} INFO - DAG(s) 'list_s3_files_in_logs' retrieved from /home/cloud/codings/airflow/dags/list_s3_files_in_logs.py
[2026-02-09T02:18:31.330+0000] {logging_mixin.py:188} INFO - [2026-02-09T02:18:31.330+0000] {dag.py:3089} INFO - Sync 1 DAGs
[2026-02-09T02:18:31.347+0000] {logging_mixin.py:188} INFO - [2026-02-09T02:18:31.347+0000] {dag.py:3947} INFO - Setting next_dagrun for list_s3_files_in_logs to None, run_after=None
[2026-02-09T02:18:31.373+0000] {processor.py:183} INFO - Processing /home/cloud/codings/airflow/dags/list_s3_files_in_logs.py took 0.105 seconds
[2026-02-09T02:19:01.587+0000] {processor.py:161} INFO - Started process (PID=323516) to work on /home/cloud/codings/airflow/dags/list_s3_files_in_logs.py
[2026-02-09T02:19:01.588+0000] {processor.py:830} INFO - Processing file /home/cloud/codings/airflow/dags/list_s3_files_in_logs.py for tasks to queue
[2026-02-09T02:19:01.589+0000] {logging_mixin.py:188} INFO - [2026-02-09T02:19:01.589+0000] {dagbag.py:545} INFO - Filling up the DagBag from /home/cloud/codings/airflow/dags/list_s3_files_in_logs.py
[2026-02-09T02:19:01.601+0000] {processor.py:840} INFO - DAG(s) 'list_s3_files_in_logs' retrieved from /home/cloud/codings/airflow/dags/list_s3_files_in_logs.py
[2026-02-09T02:19:01.626+0000] {logging_mixin.py:188} INFO - [2026-02-09T02:19:01.626+0000] {dag.py:3089} INFO - Sync 1 DAGs
[2026-02-09T02:19:01.645+0000] {logging_mixin.py:188} INFO - [2026-02-09T02:19:01.644+0000] {dag.py:3947} INFO - Setting next_dagrun for list_s3_files_in_logs to None, run_after=None
[2026-02-09T02:19:01.678+0000] {processor.py:183} INFO - Processing /home/cloud/codings/airflow/dags/list_s3_files_in_logs.py took 0.098 seconds
[2026-02-09T02:19:32.064+0000] {processor.py:161} INFO - Started process (PID=323597) to work on /home/cloud/codings/airflow/dags/list_s3_files_in_logs.py
[2026-02-09T02:19:32.082+0000] {processor.py:830} INFO - Processing file /home/cloud/codings/airflow/dags/list_s3_files_in_logs.py for tasks to queue
[2026-02-09T02:19:32.083+0000] {logging_mixin.py:188} INFO - [2026-02-09T02:19:32.082+0000] {dagbag.py:545} INFO - Filling up the DagBag from /home/cloud/codings/airflow/dags/list_s3_files_in_logs.py
[2026-02-09T02:19:32.094+0000] {processor.py:840} INFO - DAG(s) 'list_s3_files_in_logs' retrieved from /home/cloud/codings/airflow/dags/list_s3_files_in_logs.py
[2026-02-09T02:19:32.116+0000] {logging_mixin.py:188} INFO - [2026-02-09T02:19:32.115+0000] {dag.py:3089} INFO - Sync 1 DAGs
[2026-02-09T02:19:32.132+0000] {logging_mixin.py:188} INFO - [2026-02-09T02:19:32.132+0000] {dag.py:3947} INFO - Setting next_dagrun for list_s3_files_in_logs to None, run_after=None
[2026-02-09T02:19:32.157+0000] {processor.py:183} INFO - Processing /home/cloud/codings/airflow/dags/list_s3_files_in_logs.py took 0.099 seconds
[2026-02-09T02:20:02.513+0000] {processor.py:161} INFO - Started process (PID=323671) to work on /home/cloud/codings/airflow/dags/list_s3_files_in_logs.py
[2026-02-09T02:20:02.514+0000] {processor.py:830} INFO - Processing file /home/cloud/codings/airflow/dags/list_s3_files_in_logs.py for tasks to queue
[2026-02-09T02:20:02.515+0000] {logging_mixin.py:188} INFO - [2026-02-09T02:20:02.515+0000] {dagbag.py:545} INFO - Filling up the DagBag from /home/cloud/codings/airflow/dags/list_s3_files_in_logs.py
[2026-02-09T02:20:02.528+0000] {processor.py:840} INFO - DAG(s) 'list_s3_files_in_logs' retrieved from /home/cloud/codings/airflow/dags/list_s3_files_in_logs.py
[2026-02-09T02:20:02.551+0000] {logging_mixin.py:188} INFO - [2026-02-09T02:20:02.551+0000] {dag.py:3089} INFO - Sync 1 DAGs
[2026-02-09T02:20:02.566+0000] {logging_mixin.py:188} INFO - [2026-02-09T02:20:02.566+0000] {dag.py:3947} INFO - Setting next_dagrun for list_s3_files_in_logs to None, run_after=None
[2026-02-09T02:20:02.597+0000] {processor.py:183} INFO - Processing /home/cloud/codings/airflow/dags/list_s3_files_in_logs.py took 0.092 seconds
[2026-02-09T02:20:32.875+0000] {processor.py:161} INFO - Started process (PID=323751) to work on /home/cloud/codings/airflow/dags/list_s3_files_in_logs.py
[2026-02-09T02:20:32.876+0000] {processor.py:830} INFO - Processing file /home/cloud/codings/airflow/dags/list_s3_files_in_logs.py for tasks to queue
[2026-02-09T02:20:32.877+0000] {logging_mixin.py:188} INFO - [2026-02-09T02:20:32.877+0000] {dagbag.py:545} INFO - Filling up the DagBag from /home/cloud/codings/airflow/dags/list_s3_files_in_logs.py
[2026-02-09T02:20:32.887+0000] {processor.py:840} INFO - DAG(s) 'list_s3_files_in_logs' retrieved from /home/cloud/codings/airflow/dags/list_s3_files_in_logs.py
[2026-02-09T02:20:32.904+0000] {logging_mixin.py:188} INFO - [2026-02-09T02:20:32.904+0000] {dag.py:3089} INFO - Sync 1 DAGs
[2026-02-09T02:20:32.915+0000] {logging_mixin.py:188} INFO - [2026-02-09T02:20:32.915+0000] {dag.py:3947} INFO - Setting next_dagrun for list_s3_files_in_logs to None, run_after=None
[2026-02-09T02:20:32.939+0000] {processor.py:183} INFO - Processing /home/cloud/codings/airflow/dags/list_s3_files_in_logs.py took 0.069 seconds
[2026-02-09T02:21:03.243+0000] {processor.py:161} INFO - Started process (PID=323828) to work on /home/cloud/codings/airflow/dags/list_s3_files_in_logs.py
[2026-02-09T02:21:03.245+0000] {processor.py:830} INFO - Processing file /home/cloud/codings/airflow/dags/list_s3_files_in_logs.py for tasks to queue
[2026-02-09T02:21:03.247+0000] {logging_mixin.py:188} INFO - [2026-02-09T02:21:03.246+0000] {dagbag.py:545} INFO - Filling up the DagBag from /home/cloud/codings/airflow/dags/list_s3_files_in_logs.py
[2026-02-09T02:21:03.270+0000] {processor.py:840} INFO - DAG(s) 'list_s3_files_in_logs' retrieved from /home/cloud/codings/airflow/dags/list_s3_files_in_logs.py
[2026-02-09T02:21:03.321+0000] {logging_mixin.py:188} INFO - [2026-02-09T02:21:03.320+0000] {dag.py:3089} INFO - Sync 1 DAGs
[2026-02-09T02:21:03.357+0000] {logging_mixin.py:188} INFO - [2026-02-09T02:21:03.356+0000] {dag.py:3947} INFO - Setting next_dagrun for list_s3_files_in_logs to None, run_after=None
[2026-02-09T02:21:03.411+0000] {processor.py:183} INFO - Processing /home/cloud/codings/airflow/dags/list_s3_files_in_logs.py took 0.181 seconds
[2026-02-09T02:21:33.523+0000] {processor.py:161} INFO - Started process (PID=323905) to work on /home/cloud/codings/airflow/dags/list_s3_files_in_logs.py
[2026-02-09T02:21:33.542+0000] {processor.py:830} INFO - Processing file /home/cloud/codings/airflow/dags/list_s3_files_in_logs.py for tasks to queue
[2026-02-09T02:21:33.544+0000] {logging_mixin.py:188} INFO - [2026-02-09T02:21:33.543+0000] {dagbag.py:545} INFO - Filling up the DagBag from /home/cloud/codings/airflow/dags/list_s3_files_in_logs.py
[2026-02-09T02:21:33.568+0000] {processor.py:840} INFO - DAG(s) 'list_s3_files_in_logs' retrieved from /home/cloud/codings/airflow/dags/list_s3_files_in_logs.py
[2026-02-09T02:21:33.594+0000] {logging_mixin.py:188} INFO - [2026-02-09T02:21:33.594+0000] {dag.py:3089} INFO - Sync 1 DAGs
[2026-02-09T02:21:33.608+0000] {logging_mixin.py:188} INFO - [2026-02-09T02:21:33.608+0000] {dag.py:3947} INFO - Setting next_dagrun for list_s3_files_in_logs to None, run_after=None
[2026-02-09T02:21:33.637+0000] {processor.py:183} INFO - Processing /home/cloud/codings/airflow/dags/list_s3_files_in_logs.py took 0.122 seconds
[2026-02-09T02:22:03.986+0000] {processor.py:161} INFO - Started process (PID=323983) to work on /home/cloud/codings/airflow/dags/list_s3_files_in_logs.py
[2026-02-09T02:22:03.987+0000] {processor.py:830} INFO - Processing file /home/cloud/codings/airflow/dags/list_s3_files_in_logs.py for tasks to queue
[2026-02-09T02:22:03.988+0000] {logging_mixin.py:188} INFO - [2026-02-09T02:22:03.988+0000] {dagbag.py:545} INFO - Filling up the DagBag from /home/cloud/codings/airflow/dags/list_s3_files_in_logs.py
[2026-02-09T02:22:04.000+0000] {processor.py:840} INFO - DAG(s) 'list_s3_files_in_logs' retrieved from /home/cloud/codings/airflow/dags/list_s3_files_in_logs.py
[2026-02-09T02:22:04.021+0000] {logging_mixin.py:188} INFO - [2026-02-09T02:22:04.021+0000] {dag.py:3089} INFO - Sync 1 DAGs
[2026-02-09T02:22:04.035+0000] {logging_mixin.py:188} INFO - [2026-02-09T02:22:04.035+0000] {dag.py:3947} INFO - Setting next_dagrun for list_s3_files_in_logs to None, run_after=None
[2026-02-09T02:22:04.059+0000] {processor.py:183} INFO - Processing /home/cloud/codings/airflow/dags/list_s3_files_in_logs.py took 0.080 seconds
[2026-02-09T02:22:34.346+0000] {processor.py:161} INFO - Started process (PID=324059) to work on /home/cloud/codings/airflow/dags/list_s3_files_in_logs.py
[2026-02-09T02:22:34.347+0000] {processor.py:830} INFO - Processing file /home/cloud/codings/airflow/dags/list_s3_files_in_logs.py for tasks to queue
[2026-02-09T02:22:34.348+0000] {logging_mixin.py:188} INFO - [2026-02-09T02:22:34.348+0000] {dagbag.py:545} INFO - Filling up the DagBag from /home/cloud/codings/airflow/dags/list_s3_files_in_logs.py
[2026-02-09T02:22:34.362+0000] {processor.py:840} INFO - DAG(s) 'list_s3_files_in_logs' retrieved from /home/cloud/codings/airflow/dags/list_s3_files_in_logs.py
[2026-02-09T02:22:34.384+0000] {logging_mixin.py:188} INFO - [2026-02-09T02:22:34.384+0000] {dag.py:3089} INFO - Sync 1 DAGs
[2026-02-09T02:22:34.399+0000] {logging_mixin.py:188} INFO - [2026-02-09T02:22:34.399+0000] {dag.py:3947} INFO - Setting next_dagrun for list_s3_files_in_logs to None, run_after=None
[2026-02-09T02:22:34.431+0000] {processor.py:183} INFO - Processing /home/cloud/codings/airflow/dags/list_s3_files_in_logs.py took 0.092 seconds
[2026-02-09T02:23:04.986+0000] {processor.py:161} INFO - Started process (PID=324139) to work on /home/cloud/codings/airflow/dags/list_s3_files_in_logs.py
[2026-02-09T02:23:04.987+0000] {processor.py:830} INFO - Processing file /home/cloud/codings/airflow/dags/list_s3_files_in_logs.py for tasks to queue
[2026-02-09T02:23:04.988+0000] {logging_mixin.py:188} INFO - [2026-02-09T02:23:04.987+0000] {dagbag.py:545} INFO - Filling up the DagBag from /home/cloud/codings/airflow/dags/list_s3_files_in_logs.py
[2026-02-09T02:23:04.997+0000] {processor.py:840} INFO - DAG(s) 'list_s3_files_in_logs' retrieved from /home/cloud/codings/airflow/dags/list_s3_files_in_logs.py
[2026-02-09T02:23:05.014+0000] {logging_mixin.py:188} INFO - [2026-02-09T02:23:05.014+0000] {dag.py:3089} INFO - Sync 1 DAGs
[2026-02-09T02:23:05.026+0000] {logging_mixin.py:188} INFO - [2026-02-09T02:23:05.025+0000] {dag.py:3947} INFO - Setting next_dagrun for list_s3_files_in_logs to None, run_after=None
[2026-02-09T02:23:05.049+0000] {processor.py:183} INFO - Processing /home/cloud/codings/airflow/dags/list_s3_files_in_logs.py took 0.068 seconds
[2026-02-09T02:23:35.708+0000] {processor.py:161} INFO - Started process (PID=324219) to work on /home/cloud/codings/airflow/dags/list_s3_files_in_logs.py
[2026-02-09T02:23:35.726+0000] {processor.py:830} INFO - Processing file /home/cloud/codings/airflow/dags/list_s3_files_in_logs.py for tasks to queue
[2026-02-09T02:23:35.727+0000] {logging_mixin.py:188} INFO - [2026-02-09T02:23:35.727+0000] {dagbag.py:545} INFO - Filling up the DagBag from /home/cloud/codings/airflow/dags/list_s3_files_in_logs.py
[2026-02-09T02:23:35.740+0000] {processor.py:840} INFO - DAG(s) 'list_s3_files_in_logs' retrieved from /home/cloud/codings/airflow/dags/list_s3_files_in_logs.py
[2026-02-09T02:23:35.763+0000] {logging_mixin.py:188} INFO - [2026-02-09T02:23:35.763+0000] {dag.py:3089} INFO - Sync 1 DAGs
[2026-02-09T02:23:35.780+0000] {logging_mixin.py:188} INFO - [2026-02-09T02:23:35.780+0000] {dag.py:3947} INFO - Setting next_dagrun for list_s3_files_in_logs to None, run_after=None
[2026-02-09T02:23:35.812+0000] {processor.py:183} INFO - Processing /home/cloud/codings/airflow/dags/list_s3_files_in_logs.py took 0.112 seconds
[2026-02-09T02:24:06.217+0000] {processor.py:161} INFO - Started process (PID=324300) to work on /home/cloud/codings/airflow/dags/list_s3_files_in_logs.py
[2026-02-09T02:24:06.218+0000] {processor.py:830} INFO - Processing file /home/cloud/codings/airflow/dags/list_s3_files_in_logs.py for tasks to queue
[2026-02-09T02:24:06.219+0000] {logging_mixin.py:188} INFO - [2026-02-09T02:24:06.218+0000] {dagbag.py:545} INFO - Filling up the DagBag from /home/cloud/codings/airflow/dags/list_s3_files_in_logs.py
[2026-02-09T02:24:06.230+0000] {processor.py:840} INFO - DAG(s) 'list_s3_files_in_logs' retrieved from /home/cloud/codings/airflow/dags/list_s3_files_in_logs.py
[2026-02-09T02:24:06.253+0000] {logging_mixin.py:188} INFO - [2026-02-09T02:24:06.253+0000] {dag.py:3089} INFO - Sync 1 DAGs
[2026-02-09T02:24:06.271+0000] {logging_mixin.py:188} INFO - [2026-02-09T02:24:06.270+0000] {dag.py:3947} INFO - Setting next_dagrun for list_s3_files_in_logs to None, run_after=None
[2026-02-09T02:24:06.304+0000] {processor.py:183} INFO - Processing /home/cloud/codings/airflow/dags/list_s3_files_in_logs.py took 0.095 seconds
[2026-02-09T02:24:36.644+0000] {processor.py:161} INFO - Started process (PID=324380) to work on /home/cloud/codings/airflow/dags/list_s3_files_in_logs.py
[2026-02-09T02:24:36.661+0000] {processor.py:830} INFO - Processing file /home/cloud/codings/airflow/dags/list_s3_files_in_logs.py for tasks to queue
[2026-02-09T02:24:36.664+0000] {logging_mixin.py:188} INFO - [2026-02-09T02:24:36.663+0000] {dagbag.py:545} INFO - Filling up the DagBag from /home/cloud/codings/airflow/dags/list_s3_files_in_logs.py
[2026-02-09T02:24:36.692+0000] {processor.py:840} INFO - DAG(s) 'list_s3_files_in_logs' retrieved from /home/cloud/codings/airflow/dags/list_s3_files_in_logs.py
[2026-02-09T02:24:36.715+0000] {logging_mixin.py:188} INFO - [2026-02-09T02:24:36.715+0000] {dag.py:3089} INFO - Sync 1 DAGs
[2026-02-09T02:24:36.730+0000] {logging_mixin.py:188} INFO - [2026-02-09T02:24:36.730+0000] {dag.py:3947} INFO - Setting next_dagrun for list_s3_files_in_logs to None, run_after=None
[2026-02-09T02:24:36.756+0000] {processor.py:183} INFO - Processing /home/cloud/codings/airflow/dags/list_s3_files_in_logs.py took 0.119 seconds
[2026-02-09T02:25:07.084+0000] {processor.py:161} INFO - Started process (PID=324457) to work on /home/cloud/codings/airflow/dags/list_s3_files_in_logs.py
[2026-02-09T02:25:07.085+0000] {processor.py:830} INFO - Processing file /home/cloud/codings/airflow/dags/list_s3_files_in_logs.py for tasks to queue
[2026-02-09T02:25:07.086+0000] {logging_mixin.py:188} INFO - [2026-02-09T02:25:07.086+0000] {dagbag.py:545} INFO - Filling up the DagBag from /home/cloud/codings/airflow/dags/list_s3_files_in_logs.py
[2026-02-09T02:25:07.098+0000] {processor.py:840} INFO - DAG(s) 'list_s3_files_in_logs' retrieved from /home/cloud/codings/airflow/dags/list_s3_files_in_logs.py
[2026-02-09T02:25:07.119+0000] {logging_mixin.py:188} INFO - [2026-02-09T02:25:07.118+0000] {dag.py:3089} INFO - Sync 1 DAGs
[2026-02-09T02:25:07.133+0000] {logging_mixin.py:188} INFO - [2026-02-09T02:25:07.133+0000] {dag.py:3947} INFO - Setting next_dagrun for list_s3_files_in_logs to None, run_after=None
[2026-02-09T02:25:07.161+0000] {processor.py:183} INFO - Processing /home/cloud/codings/airflow/dags/list_s3_files_in_logs.py took 0.083 seconds
[2026-02-09T02:25:37.517+0000] {processor.py:161} INFO - Started process (PID=324539) to work on /home/cloud/codings/airflow/dags/list_s3_files_in_logs.py
[2026-02-09T02:25:37.519+0000] {processor.py:830} INFO - Processing file /home/cloud/codings/airflow/dags/list_s3_files_in_logs.py for tasks to queue
[2026-02-09T02:25:37.521+0000] {logging_mixin.py:188} INFO - [2026-02-09T02:25:37.520+0000] {dagbag.py:545} INFO - Filling up the DagBag from /home/cloud/codings/airflow/dags/list_s3_files_in_logs.py
[2026-02-09T02:25:37.535+0000] {processor.py:840} INFO - DAG(s) 'list_s3_files_in_logs' retrieved from /home/cloud/codings/airflow/dags/list_s3_files_in_logs.py
[2026-02-09T02:25:37.558+0000] {logging_mixin.py:188} INFO - [2026-02-09T02:25:37.558+0000] {dag.py:3089} INFO - Sync 1 DAGs
[2026-02-09T02:25:37.572+0000] {logging_mixin.py:188} INFO - [2026-02-09T02:25:37.572+0000] {dag.py:3947} INFO - Setting next_dagrun for list_s3_files_in_logs to None, run_after=None
[2026-02-09T02:25:37.601+0000] {processor.py:183} INFO - Processing /home/cloud/codings/airflow/dags/list_s3_files_in_logs.py took 0.094 seconds
[2026-02-09T02:26:07.913+0000] {processor.py:161} INFO - Started process (PID=324619) to work on /home/cloud/codings/airflow/dags/list_s3_files_in_logs.py
[2026-02-09T02:26:07.914+0000] {processor.py:830} INFO - Processing file /home/cloud/codings/airflow/dags/list_s3_files_in_logs.py for tasks to queue
[2026-02-09T02:26:07.915+0000] {logging_mixin.py:188} INFO - [2026-02-09T02:26:07.915+0000] {dagbag.py:545} INFO - Filling up the DagBag from /home/cloud/codings/airflow/dags/list_s3_files_in_logs.py
[2026-02-09T02:26:07.926+0000] {processor.py:840} INFO - DAG(s) 'list_s3_files_in_logs' retrieved from /home/cloud/codings/airflow/dags/list_s3_files_in_logs.py
[2026-02-09T02:26:07.945+0000] {logging_mixin.py:188} INFO - [2026-02-09T02:26:07.945+0000] {dag.py:3089} INFO - Sync 1 DAGs
[2026-02-09T02:26:07.959+0000] {logging_mixin.py:188} INFO - [2026-02-09T02:26:07.959+0000] {dag.py:3947} INFO - Setting next_dagrun for list_s3_files_in_logs to None, run_after=None
[2026-02-09T02:26:07.984+0000] {processor.py:183} INFO - Processing /home/cloud/codings/airflow/dags/list_s3_files_in_logs.py took 0.078 seconds
[2026-02-09T02:26:38.162+0000] {processor.py:161} INFO - Started process (PID=324699) to work on /home/cloud/codings/airflow/dags/list_s3_files_in_logs.py
[2026-02-09T02:26:38.189+0000] {processor.py:830} INFO - Processing file /home/cloud/codings/airflow/dags/list_s3_files_in_logs.py for tasks to queue
[2026-02-09T02:26:38.192+0000] {logging_mixin.py:188} INFO - [2026-02-09T02:26:38.191+0000] {dagbag.py:545} INFO - Filling up the DagBag from /home/cloud/codings/airflow/dags/list_s3_files_in_logs.py
[2026-02-09T02:26:38.229+0000] {processor.py:840} INFO - DAG(s) 'list_s3_files_in_logs' retrieved from /home/cloud/codings/airflow/dags/list_s3_files_in_logs.py
[2026-02-09T02:26:38.275+0000] {logging_mixin.py:188} INFO - [2026-02-09T02:26:38.275+0000] {dag.py:3089} INFO - Sync 1 DAGs
[2026-02-09T02:26:38.293+0000] {logging_mixin.py:188} INFO - [2026-02-09T02:26:38.292+0000] {dag.py:3947} INFO - Setting next_dagrun for list_s3_files_in_logs to None, run_after=None
[2026-02-09T02:26:38.323+0000] {processor.py:183} INFO - Processing /home/cloud/codings/airflow/dags/list_s3_files_in_logs.py took 0.181 seconds
[2026-02-09T02:27:08.612+0000] {processor.py:161} INFO - Started process (PID=324779) to work on /home/cloud/codings/airflow/dags/list_s3_files_in_logs.py
[2026-02-09T02:27:08.638+0000] {processor.py:830} INFO - Processing file /home/cloud/codings/airflow/dags/list_s3_files_in_logs.py for tasks to queue
[2026-02-09T02:27:08.639+0000] {logging_mixin.py:188} INFO - [2026-02-09T02:27:08.639+0000] {dagbag.py:545} INFO - Filling up the DagBag from /home/cloud/codings/airflow/dags/list_s3_files_in_logs.py
[2026-02-09T02:27:08.658+0000] {processor.py:840} INFO - DAG(s) 'list_s3_files_in_logs' retrieved from /home/cloud/codings/airflow/dags/list_s3_files_in_logs.py
[2026-02-09T02:27:08.686+0000] {logging_mixin.py:188} INFO - [2026-02-09T02:27:08.686+0000] {dag.py:3089} INFO - Sync 1 DAGs
[2026-02-09T02:27:08.703+0000] {logging_mixin.py:188} INFO - [2026-02-09T02:27:08.703+0000] {dag.py:3947} INFO - Setting next_dagrun for list_s3_files_in_logs to None, run_after=None
[2026-02-09T02:27:08.729+0000] {processor.py:183} INFO - Processing /home/cloud/codings/airflow/dags/list_s3_files_in_logs.py took 0.126 seconds
[2026-02-09T02:27:39.244+0000] {processor.py:161} INFO - Started process (PID=324861) to work on /home/cloud/codings/airflow/dags/list_s3_files_in_logs.py
[2026-02-09T02:27:39.247+0000] {processor.py:830} INFO - Processing file /home/cloud/codings/airflow/dags/list_s3_files_in_logs.py for tasks to queue
[2026-02-09T02:27:39.249+0000] {logging_mixin.py:188} INFO - [2026-02-09T02:27:39.248+0000] {dagbag.py:545} INFO - Filling up the DagBag from /home/cloud/codings/airflow/dags/list_s3_files_in_logs.py
[2026-02-09T02:27:39.271+0000] {processor.py:840} INFO - DAG(s) 'list_s3_files_in_logs' retrieved from /home/cloud/codings/airflow/dags/list_s3_files_in_logs.py
[2026-02-09T02:27:39.296+0000] {logging_mixin.py:188} INFO - [2026-02-09T02:27:39.295+0000] {dag.py:3089} INFO - Sync 1 DAGs
[2026-02-09T02:27:39.308+0000] {logging_mixin.py:188} INFO - [2026-02-09T02:27:39.307+0000] {dag.py:3947} INFO - Setting next_dagrun for list_s3_files_in_logs to None, run_after=None
[2026-02-09T02:27:39.331+0000] {processor.py:183} INFO - Processing /home/cloud/codings/airflow/dags/list_s3_files_in_logs.py took 0.099 seconds
[2026-02-09T02:28:09.729+0000] {processor.py:161} INFO - Started process (PID=324939) to work on /home/cloud/codings/airflow/dags/list_s3_files_in_logs.py
[2026-02-09T02:28:09.758+0000] {processor.py:830} INFO - Processing file /home/cloud/codings/airflow/dags/list_s3_files_in_logs.py for tasks to queue
[2026-02-09T02:28:09.760+0000] {logging_mixin.py:188} INFO - [2026-02-09T02:28:09.760+0000] {dagbag.py:545} INFO - Filling up the DagBag from /home/cloud/codings/airflow/dags/list_s3_files_in_logs.py
[2026-02-09T02:28:09.783+0000] {processor.py:840} INFO - DAG(s) 'list_s3_files_in_logs' retrieved from /home/cloud/codings/airflow/dags/list_s3_files_in_logs.py
[2026-02-09T02:28:09.824+0000] {logging_mixin.py:188} INFO - [2026-02-09T02:28:09.824+0000] {dag.py:3089} INFO - Sync 1 DAGs
[2026-02-09T02:28:09.845+0000] {logging_mixin.py:188} INFO - [2026-02-09T02:28:09.845+0000] {dag.py:3947} INFO - Setting next_dagrun for list_s3_files_in_logs to None, run_after=None
[2026-02-09T02:28:09.882+0000] {processor.py:183} INFO - Processing /home/cloud/codings/airflow/dags/list_s3_files_in_logs.py took 0.165 seconds
[2026-02-09T02:28:40.249+0000] {processor.py:161} INFO - Started process (PID=325021) to work on /home/cloud/codings/airflow/dags/list_s3_files_in_logs.py
[2026-02-09T02:28:40.274+0000] {processor.py:830} INFO - Processing file /home/cloud/codings/airflow/dags/list_s3_files_in_logs.py for tasks to queue
[2026-02-09T02:28:40.275+0000] {logging_mixin.py:188} INFO - [2026-02-09T02:28:40.275+0000] {dagbag.py:545} INFO - Filling up the DagBag from /home/cloud/codings/airflow/dags/list_s3_files_in_logs.py
[2026-02-09T02:28:40.287+0000] {processor.py:840} INFO - DAG(s) 'list_s3_files_in_logs' retrieved from /home/cloud/codings/airflow/dags/list_s3_files_in_logs.py
[2026-02-09T02:28:40.308+0000] {logging_mixin.py:188} INFO - [2026-02-09T02:28:40.307+0000] {dag.py:3089} INFO - Sync 1 DAGs
[2026-02-09T02:28:40.321+0000] {logging_mixin.py:188} INFO - [2026-02-09T02:28:40.320+0000] {dag.py:3947} INFO - Setting next_dagrun for list_s3_files_in_logs to None, run_after=None
[2026-02-09T02:28:40.346+0000] {processor.py:183} INFO - Processing /home/cloud/codings/airflow/dags/list_s3_files_in_logs.py took 0.105 seconds
[2026-02-09T02:29:10.791+0000] {processor.py:161} INFO - Started process (PID=325102) to work on /home/cloud/codings/airflow/dags/list_s3_files_in_logs.py
[2026-02-09T02:29:10.812+0000] {processor.py:830} INFO - Processing file /home/cloud/codings/airflow/dags/list_s3_files_in_logs.py for tasks to queue
[2026-02-09T02:29:10.813+0000] {logging_mixin.py:188} INFO - [2026-02-09T02:29:10.813+0000] {dagbag.py:545} INFO - Filling up the DagBag from /home/cloud/codings/airflow/dags/list_s3_files_in_logs.py
[2026-02-09T02:29:10.831+0000] {processor.py:840} INFO - DAG(s) 'list_s3_files_in_logs' retrieved from /home/cloud/codings/airflow/dags/list_s3_files_in_logs.py
[2026-02-09T02:29:10.858+0000] {logging_mixin.py:188} INFO - [2026-02-09T02:29:10.858+0000] {dag.py:3089} INFO - Sync 1 DAGs
[2026-02-09T02:29:10.876+0000] {logging_mixin.py:188} INFO - [2026-02-09T02:29:10.875+0000] {dag.py:3947} INFO - Setting next_dagrun for list_s3_files_in_logs to None, run_after=None
[2026-02-09T02:29:10.904+0000] {processor.py:183} INFO - Processing /home/cloud/codings/airflow/dags/list_s3_files_in_logs.py took 0.121 seconds
[2026-02-09T02:29:41.352+0000] {processor.py:161} INFO - Started process (PID=325182) to work on /home/cloud/codings/airflow/dags/list_s3_files_in_logs.py
[2026-02-09T02:29:41.371+0000] {processor.py:830} INFO - Processing file /home/cloud/codings/airflow/dags/list_s3_files_in_logs.py for tasks to queue
[2026-02-09T02:29:41.374+0000] {logging_mixin.py:188} INFO - [2026-02-09T02:29:41.373+0000] {dagbag.py:545} INFO - Filling up the DagBag from /home/cloud/codings/airflow/dags/list_s3_files_in_logs.py
[2026-02-09T02:29:41.407+0000] {processor.py:840} INFO - DAG(s) 'list_s3_files_in_logs' retrieved from /home/cloud/codings/airflow/dags/list_s3_files_in_logs.py
[2026-02-09T02:29:41.447+0000] {logging_mixin.py:188} INFO - [2026-02-09T02:29:41.446+0000] {dag.py:3089} INFO - Sync 1 DAGs
[2026-02-09T02:29:41.462+0000] {logging_mixin.py:188} INFO - [2026-02-09T02:29:41.462+0000] {dag.py:3947} INFO - Setting next_dagrun for list_s3_files_in_logs to None, run_after=None
[2026-02-09T02:29:41.494+0000] {processor.py:183} INFO - Processing /home/cloud/codings/airflow/dags/list_s3_files_in_logs.py took 0.158 seconds
[2026-02-09T02:30:11.868+0000] {processor.py:161} INFO - Started process (PID=325262) to work on /home/cloud/codings/airflow/dags/list_s3_files_in_logs.py
[2026-02-09T02:30:11.870+0000] {processor.py:830} INFO - Processing file /home/cloud/codings/airflow/dags/list_s3_files_in_logs.py for tasks to queue
[2026-02-09T02:30:11.871+0000] {logging_mixin.py:188} INFO - [2026-02-09T02:30:11.870+0000] {dagbag.py:545} INFO - Filling up the DagBag from /home/cloud/codings/airflow/dags/list_s3_files_in_logs.py
[2026-02-09T02:30:11.893+0000] {processor.py:840} INFO - DAG(s) 'list_s3_files_in_logs' retrieved from /home/cloud/codings/airflow/dags/list_s3_files_in_logs.py
[2026-02-09T02:30:11.915+0000] {logging_mixin.py:188} INFO - [2026-02-09T02:30:11.915+0000] {dag.py:3089} INFO - Sync 1 DAGs
[2026-02-09T02:30:11.927+0000] {logging_mixin.py:188} INFO - [2026-02-09T02:30:11.927+0000] {dag.py:3947} INFO - Setting next_dagrun for list_s3_files_in_logs to None, run_after=None
[2026-02-09T02:30:11.949+0000] {processor.py:183} INFO - Processing /home/cloud/codings/airflow/dags/list_s3_files_in_logs.py took 0.094 seconds
[2026-02-09T02:30:42.384+0000] {processor.py:161} INFO - Started process (PID=325344) to work on /home/cloud/codings/airflow/dags/list_s3_files_in_logs.py
[2026-02-09T02:30:42.401+0000] {processor.py:830} INFO - Processing file /home/cloud/codings/airflow/dags/list_s3_files_in_logs.py for tasks to queue
[2026-02-09T02:30:42.402+0000] {logging_mixin.py:188} INFO - [2026-02-09T02:30:42.401+0000] {dagbag.py:545} INFO - Filling up the DagBag from /home/cloud/codings/airflow/dags/list_s3_files_in_logs.py
[2026-02-09T02:30:42.414+0000] {processor.py:840} INFO - DAG(s) 'list_s3_files_in_logs' retrieved from /home/cloud/codings/airflow/dags/list_s3_files_in_logs.py
[2026-02-09T02:30:42.436+0000] {logging_mixin.py:188} INFO - [2026-02-09T02:30:42.436+0000] {dag.py:3089} INFO - Sync 1 DAGs
[2026-02-09T02:30:42.453+0000] {logging_mixin.py:188} INFO - [2026-02-09T02:30:42.453+0000] {dag.py:3947} INFO - Setting next_dagrun for list_s3_files_in_logs to None, run_after=None
[2026-02-09T02:30:42.481+0000] {processor.py:183} INFO - Processing /home/cloud/codings/airflow/dags/list_s3_files_in_logs.py took 0.104 seconds
[2026-02-09T02:31:12.894+0000] {processor.py:161} INFO - Started process (PID=325422) to work on /home/cloud/codings/airflow/dags/list_s3_files_in_logs.py
[2026-02-09T02:31:12.911+0000] {processor.py:830} INFO - Processing file /home/cloud/codings/airflow/dags/list_s3_files_in_logs.py for tasks to queue
[2026-02-09T02:31:12.913+0000] {logging_mixin.py:188} INFO - [2026-02-09T02:31:12.912+0000] {dagbag.py:545} INFO - Filling up the DagBag from /home/cloud/codings/airflow/dags/list_s3_files_in_logs.py
[2026-02-09T02:31:12.925+0000] {processor.py:840} INFO - DAG(s) 'list_s3_files_in_logs' retrieved from /home/cloud/codings/airflow/dags/list_s3_files_in_logs.py
[2026-02-09T02:31:12.945+0000] {logging_mixin.py:188} INFO - [2026-02-09T02:31:12.945+0000] {dag.py:3089} INFO - Sync 1 DAGs
[2026-02-09T02:31:12.960+0000] {logging_mixin.py:188} INFO - [2026-02-09T02:31:12.960+0000] {dag.py:3947} INFO - Setting next_dagrun for list_s3_files_in_logs to None, run_after=None
[2026-02-09T02:31:12.987+0000] {processor.py:183} INFO - Processing /home/cloud/codings/airflow/dags/list_s3_files_in_logs.py took 0.098 seconds
[2026-02-09T02:31:43.334+0000] {processor.py:161} INFO - Started process (PID=325504) to work on /home/cloud/codings/airflow/dags/list_s3_files_in_logs.py
[2026-02-09T02:31:43.353+0000] {processor.py:830} INFO - Processing file /home/cloud/codings/airflow/dags/list_s3_files_in_logs.py for tasks to queue
[2026-02-09T02:31:43.355+0000] {logging_mixin.py:188} INFO - [2026-02-09T02:31:43.354+0000] {dagbag.py:545} INFO - Filling up the DagBag from /home/cloud/codings/airflow/dags/list_s3_files_in_logs.py
[2026-02-09T02:31:43.370+0000] {processor.py:840} INFO - DAG(s) 'list_s3_files_in_logs' retrieved from /home/cloud/codings/airflow/dags/list_s3_files_in_logs.py
[2026-02-09T02:31:43.393+0000] {logging_mixin.py:188} INFO - [2026-02-09T02:31:43.393+0000] {dag.py:3089} INFO - Sync 1 DAGs
[2026-02-09T02:31:43.406+0000] {logging_mixin.py:188} INFO - [2026-02-09T02:31:43.405+0000] {dag.py:3947} INFO - Setting next_dagrun for list_s3_files_in_logs to None, run_after=None
[2026-02-09T02:31:43.431+0000] {processor.py:183} INFO - Processing /home/cloud/codings/airflow/dags/list_s3_files_in_logs.py took 0.108 seconds
[2026-02-09T02:32:13.848+0000] {processor.py:161} INFO - Started process (PID=325584) to work on /home/cloud/codings/airflow/dags/list_s3_files_in_logs.py
[2026-02-09T02:32:13.851+0000] {processor.py:830} INFO - Processing file /home/cloud/codings/airflow/dags/list_s3_files_in_logs.py for tasks to queue
[2026-02-09T02:32:13.853+0000] {logging_mixin.py:188} INFO - [2026-02-09T02:32:13.852+0000] {dagbag.py:545} INFO - Filling up the DagBag from /home/cloud/codings/airflow/dags/list_s3_files_in_logs.py
[2026-02-09T02:32:13.875+0000] {processor.py:840} INFO - DAG(s) 'list_s3_files_in_logs' retrieved from /home/cloud/codings/airflow/dags/list_s3_files_in_logs.py
[2026-02-09T02:32:13.916+0000] {logging_mixin.py:188} INFO - [2026-02-09T02:32:13.916+0000] {dag.py:3089} INFO - Sync 1 DAGs
[2026-02-09T02:32:13.934+0000] {logging_mixin.py:188} INFO - [2026-02-09T02:32:13.934+0000] {dag.py:3947} INFO - Setting next_dagrun for list_s3_files_in_logs to None, run_after=None
[2026-02-09T02:32:13.960+0000] {processor.py:183} INFO - Processing /home/cloud/codings/airflow/dags/list_s3_files_in_logs.py took 0.127 seconds
[2026-02-09T02:32:44.343+0000] {processor.py:161} INFO - Started process (PID=325664) to work on /home/cloud/codings/airflow/dags/list_s3_files_in_logs.py
[2026-02-09T02:32:44.345+0000] {processor.py:830} INFO - Processing file /home/cloud/codings/airflow/dags/list_s3_files_in_logs.py for tasks to queue
[2026-02-09T02:32:44.346+0000] {logging_mixin.py:188} INFO - [2026-02-09T02:32:44.345+0000] {dagbag.py:545} INFO - Filling up the DagBag from /home/cloud/codings/airflow/dags/list_s3_files_in_logs.py
[2026-02-09T02:32:44.359+0000] {processor.py:840} INFO - DAG(s) 'list_s3_files_in_logs' retrieved from /home/cloud/codings/airflow/dags/list_s3_files_in_logs.py
[2026-02-09T02:32:44.381+0000] {logging_mixin.py:188} INFO - [2026-02-09T02:32:44.381+0000] {dag.py:3089} INFO - Sync 1 DAGs
[2026-02-09T02:32:44.396+0000] {logging_mixin.py:188} INFO - [2026-02-09T02:32:44.395+0000] {dag.py:3947} INFO - Setting next_dagrun for list_s3_files_in_logs to None, run_after=None
[2026-02-09T02:32:44.426+0000] {processor.py:183} INFO - Processing /home/cloud/codings/airflow/dags/list_s3_files_in_logs.py took 0.090 seconds
[2026-02-09T02:33:14.781+0000] {processor.py:161} INFO - Started process (PID=325744) to work on /home/cloud/codings/airflow/dags/list_s3_files_in_logs.py
[2026-02-09T02:33:14.801+0000] {processor.py:830} INFO - Processing file /home/cloud/codings/airflow/dags/list_s3_files_in_logs.py for tasks to queue
[2026-02-09T02:33:14.803+0000] {logging_mixin.py:188} INFO - [2026-02-09T02:33:14.802+0000] {dagbag.py:545} INFO - Filling up the DagBag from /home/cloud/codings/airflow/dags/list_s3_files_in_logs.py
[2026-02-09T02:33:14.833+0000] {processor.py:840} INFO - DAG(s) 'list_s3_files_in_logs' retrieved from /home/cloud/codings/airflow/dags/list_s3_files_in_logs.py
[2026-02-09T02:33:14.875+0000] {logging_mixin.py:188} INFO - [2026-02-09T02:33:14.875+0000] {dag.py:3089} INFO - Sync 1 DAGs
[2026-02-09T02:33:14.893+0000] {logging_mixin.py:188} INFO - [2026-02-09T02:33:14.893+0000] {dag.py:3947} INFO - Setting next_dagrun for list_s3_files_in_logs to None, run_after=None
[2026-02-09T02:33:14.918+0000] {processor.py:183} INFO - Processing /home/cloud/codings/airflow/dags/list_s3_files_in_logs.py took 0.155 seconds
[2026-02-09T02:33:45.156+0000] {processor.py:161} INFO - Started process (PID=325824) to work on /home/cloud/codings/airflow/dags/list_s3_files_in_logs.py
[2026-02-09T02:33:45.172+0000] {processor.py:830} INFO - Processing file /home/cloud/codings/airflow/dags/list_s3_files_in_logs.py for tasks to queue
[2026-02-09T02:33:45.173+0000] {logging_mixin.py:188} INFO - [2026-02-09T02:33:45.173+0000] {dagbag.py:545} INFO - Filling up the DagBag from /home/cloud/codings/airflow/dags/list_s3_files_in_logs.py
[2026-02-09T02:33:45.184+0000] {processor.py:840} INFO - DAG(s) 'list_s3_files_in_logs' retrieved from /home/cloud/codings/airflow/dags/list_s3_files_in_logs.py
[2026-02-09T02:33:45.205+0000] {logging_mixin.py:188} INFO - [2026-02-09T02:33:45.204+0000] {dag.py:3089} INFO - Sync 1 DAGs
[2026-02-09T02:33:45.217+0000] {logging_mixin.py:188} INFO - [2026-02-09T02:33:45.217+0000] {dag.py:3947} INFO - Setting next_dagrun for list_s3_files_in_logs to None, run_after=None
[2026-02-09T02:33:45.244+0000] {processor.py:183} INFO - Processing /home/cloud/codings/airflow/dags/list_s3_files_in_logs.py took 0.094 seconds
[2026-02-09T02:34:15.543+0000] {processor.py:161} INFO - Started process (PID=325904) to work on /home/cloud/codings/airflow/dags/list_s3_files_in_logs.py
[2026-02-09T02:34:15.544+0000] {processor.py:830} INFO - Processing file /home/cloud/codings/airflow/dags/list_s3_files_in_logs.py for tasks to queue
[2026-02-09T02:34:15.545+0000] {logging_mixin.py:188} INFO - [2026-02-09T02:34:15.544+0000] {dagbag.py:545} INFO - Filling up the DagBag from /home/cloud/codings/airflow/dags/list_s3_files_in_logs.py
[2026-02-09T02:34:15.556+0000] {processor.py:840} INFO - DAG(s) 'list_s3_files_in_logs' retrieved from /home/cloud/codings/airflow/dags/list_s3_files_in_logs.py
[2026-02-09T02:34:15.577+0000] {logging_mixin.py:188} INFO - [2026-02-09T02:34:15.577+0000] {dag.py:3089} INFO - Sync 1 DAGs
[2026-02-09T02:34:15.592+0000] {logging_mixin.py:188} INFO - [2026-02-09T02:34:15.591+0000] {dag.py:3947} INFO - Setting next_dagrun for list_s3_files_in_logs to None, run_after=None
[2026-02-09T02:34:15.617+0000] {processor.py:183} INFO - Processing /home/cloud/codings/airflow/dags/list_s3_files_in_logs.py took 0.081 seconds
[2026-02-09T02:34:45.943+0000] {processor.py:161} INFO - Started process (PID=325978) to work on /home/cloud/codings/airflow/dags/list_s3_files_in_logs.py
[2026-02-09T02:34:45.944+0000] {processor.py:830} INFO - Processing file /home/cloud/codings/airflow/dags/list_s3_files_in_logs.py for tasks to queue
[2026-02-09T02:34:45.945+0000] {logging_mixin.py:188} INFO - [2026-02-09T02:34:45.945+0000] {dagbag.py:545} INFO - Filling up the DagBag from /home/cloud/codings/airflow/dags/list_s3_files_in_logs.py
[2026-02-09T02:34:45.958+0000] {processor.py:840} INFO - DAG(s) 'list_s3_files_in_logs' retrieved from /home/cloud/codings/airflow/dags/list_s3_files_in_logs.py
[2026-02-09T02:34:45.979+0000] {logging_mixin.py:188} INFO - [2026-02-09T02:34:45.979+0000] {dag.py:3089} INFO - Sync 1 DAGs
[2026-02-09T02:34:45.993+0000] {logging_mixin.py:188} INFO - [2026-02-09T02:34:45.993+0000] {dag.py:3947} INFO - Setting next_dagrun for list_s3_files_in_logs to None, run_after=None
[2026-02-09T02:34:46.019+0000] {processor.py:183} INFO - Processing /home/cloud/codings/airflow/dags/list_s3_files_in_logs.py took 0.084 seconds
[2026-02-09T02:35:16.227+0000] {processor.py:161} INFO - Started process (PID=326058) to work on /home/cloud/codings/airflow/dags/list_s3_files_in_logs.py
[2026-02-09T02:35:16.228+0000] {processor.py:830} INFO - Processing file /home/cloud/codings/airflow/dags/list_s3_files_in_logs.py for tasks to queue
[2026-02-09T02:35:16.230+0000] {logging_mixin.py:188} INFO - [2026-02-09T02:35:16.229+0000] {dagbag.py:545} INFO - Filling up the DagBag from /home/cloud/codings/airflow/dags/list_s3_files_in_logs.py
[2026-02-09T02:35:16.244+0000] {processor.py:840} INFO - DAG(s) 'list_s3_files_in_logs' retrieved from /home/cloud/codings/airflow/dags/list_s3_files_in_logs.py
[2026-02-09T02:35:16.265+0000] {logging_mixin.py:188} INFO - [2026-02-09T02:35:16.265+0000] {dag.py:3089} INFO - Sync 1 DAGs
[2026-02-09T02:35:16.282+0000] {logging_mixin.py:188} INFO - [2026-02-09T02:35:16.282+0000] {dag.py:3947} INFO - Setting next_dagrun for list_s3_files_in_logs to None, run_after=None
[2026-02-09T02:35:16.306+0000] {processor.py:183} INFO - Processing /home/cloud/codings/airflow/dags/list_s3_files_in_logs.py took 0.089 seconds
[2026-02-09T02:35:46.639+0000] {processor.py:161} INFO - Started process (PID=326140) to work on /home/cloud/codings/airflow/dags/list_s3_files_in_logs.py
[2026-02-09T02:35:46.657+0000] {processor.py:830} INFO - Processing file /home/cloud/codings/airflow/dags/list_s3_files_in_logs.py for tasks to queue
[2026-02-09T02:35:46.659+0000] {logging_mixin.py:188} INFO - [2026-02-09T02:35:46.658+0000] {dagbag.py:545} INFO - Filling up the DagBag from /home/cloud/codings/airflow/dags/list_s3_files_in_logs.py
[2026-02-09T02:35:46.681+0000] {processor.py:840} INFO - DAG(s) 'list_s3_files_in_logs' retrieved from /home/cloud/codings/airflow/dags/list_s3_files_in_logs.py
[2026-02-09T02:35:46.719+0000] {logging_mixin.py:188} INFO - [2026-02-09T02:35:46.719+0000] {dag.py:3089} INFO - Sync 1 DAGs
[2026-02-09T02:35:46.744+0000] {logging_mixin.py:188} INFO - [2026-02-09T02:35:46.744+0000] {dag.py:3947} INFO - Setting next_dagrun for list_s3_files_in_logs to None, run_after=None
[2026-02-09T02:35:46.781+0000] {processor.py:183} INFO - Processing /home/cloud/codings/airflow/dags/list_s3_files_in_logs.py took 0.153 seconds
[2026-02-09T02:36:17.146+0000] {processor.py:161} INFO - Started process (PID=326220) to work on /home/cloud/codings/airflow/dags/list_s3_files_in_logs.py
[2026-02-09T02:36:17.163+0000] {processor.py:830} INFO - Processing file /home/cloud/codings/airflow/dags/list_s3_files_in_logs.py for tasks to queue
[2026-02-09T02:36:17.164+0000] {logging_mixin.py:188} INFO - [2026-02-09T02:36:17.164+0000] {dagbag.py:545} INFO - Filling up the DagBag from /home/cloud/codings/airflow/dags/list_s3_files_in_logs.py
[2026-02-09T02:36:17.175+0000] {processor.py:840} INFO - DAG(s) 'list_s3_files_in_logs' retrieved from /home/cloud/codings/airflow/dags/list_s3_files_in_logs.py
[2026-02-09T02:36:17.196+0000] {logging_mixin.py:188} INFO - [2026-02-09T02:36:17.196+0000] {dag.py:3089} INFO - Sync 1 DAGs
[2026-02-09T02:36:17.209+0000] {logging_mixin.py:188} INFO - [2026-02-09T02:36:17.209+0000] {dag.py:3947} INFO - Setting next_dagrun for list_s3_files_in_logs to None, run_after=None
[2026-02-09T02:36:17.238+0000] {processor.py:183} INFO - Processing /home/cloud/codings/airflow/dags/list_s3_files_in_logs.py took 0.098 seconds
[2026-02-09T02:36:47.685+0000] {processor.py:161} INFO - Started process (PID=326306) to work on /home/cloud/codings/airflow/dags/list_s3_files_in_logs.py
[2026-02-09T02:36:47.687+0000] {processor.py:830} INFO - Processing file /home/cloud/codings/airflow/dags/list_s3_files_in_logs.py for tasks to queue
[2026-02-09T02:36:47.688+0000] {logging_mixin.py:188} INFO - [2026-02-09T02:36:47.687+0000] {dagbag.py:545} INFO - Filling up the DagBag from /home/cloud/codings/airflow/dags/list_s3_files_in_logs.py
[2026-02-09T02:36:47.698+0000] {processor.py:840} INFO - DAG(s) 'list_s3_files_in_logs' retrieved from /home/cloud/codings/airflow/dags/list_s3_files_in_logs.py
[2026-02-09T02:36:47.719+0000] {logging_mixin.py:188} INFO - [2026-02-09T02:36:47.719+0000] {dag.py:3089} INFO - Sync 1 DAGs
[2026-02-09T02:36:47.733+0000] {logging_mixin.py:188} INFO - [2026-02-09T02:36:47.733+0000] {dag.py:3947} INFO - Setting next_dagrun for list_s3_files_in_logs to None, run_after=None
[2026-02-09T02:36:47.759+0000] {processor.py:183} INFO - Processing /home/cloud/codings/airflow/dags/list_s3_files_in_logs.py took 0.081 seconds
[2026-02-09T02:37:18.086+0000] {processor.py:161} INFO - Started process (PID=326386) to work on /home/cloud/codings/airflow/dags/list_s3_files_in_logs.py
[2026-02-09T02:37:18.087+0000] {processor.py:830} INFO - Processing file /home/cloud/codings/airflow/dags/list_s3_files_in_logs.py for tasks to queue
[2026-02-09T02:37:18.088+0000] {logging_mixin.py:188} INFO - [2026-02-09T02:37:18.088+0000] {dagbag.py:545} INFO - Filling up the DagBag from /home/cloud/codings/airflow/dags/list_s3_files_in_logs.py
[2026-02-09T02:37:18.103+0000] {processor.py:840} INFO - DAG(s) 'list_s3_files_in_logs' retrieved from /home/cloud/codings/airflow/dags/list_s3_files_in_logs.py
[2026-02-09T02:37:18.128+0000] {logging_mixin.py:188} INFO - [2026-02-09T02:37:18.128+0000] {dag.py:3089} INFO - Sync 1 DAGs
[2026-02-09T02:37:18.145+0000] {logging_mixin.py:188} INFO - [2026-02-09T02:37:18.145+0000] {dag.py:3947} INFO - Setting next_dagrun for list_s3_files_in_logs to None, run_after=None
[2026-02-09T02:37:18.177+0000] {processor.py:183} INFO - Processing /home/cloud/codings/airflow/dags/list_s3_files_in_logs.py took 0.099 seconds
[2026-02-09T02:37:48.605+0000] {processor.py:161} INFO - Started process (PID=326468) to work on /home/cloud/codings/airflow/dags/list_s3_files_in_logs.py
[2026-02-09T02:37:48.622+0000] {processor.py:830} INFO - Processing file /home/cloud/codings/airflow/dags/list_s3_files_in_logs.py for tasks to queue
[2026-02-09T02:37:48.624+0000] {logging_mixin.py:188} INFO - [2026-02-09T02:37:48.623+0000] {dagbag.py:545} INFO - Filling up the DagBag from /home/cloud/codings/airflow/dags/list_s3_files_in_logs.py
[2026-02-09T02:37:48.638+0000] {processor.py:840} INFO - DAG(s) 'list_s3_files_in_logs' retrieved from /home/cloud/codings/airflow/dags/list_s3_files_in_logs.py
[2026-02-09T02:37:48.661+0000] {logging_mixin.py:188} INFO - [2026-02-09T02:37:48.661+0000] {dag.py:3089} INFO - Sync 1 DAGs
[2026-02-09T02:37:48.677+0000] {logging_mixin.py:188} INFO - [2026-02-09T02:37:48.676+0000] {dag.py:3947} INFO - Setting next_dagrun for list_s3_files_in_logs to None, run_after=None
[2026-02-09T02:37:48.704+0000] {processor.py:183} INFO - Processing /home/cloud/codings/airflow/dags/list_s3_files_in_logs.py took 0.106 seconds
[2026-02-09T02:38:19.046+0000] {processor.py:161} INFO - Started process (PID=326546) to work on /home/cloud/codings/airflow/dags/list_s3_files_in_logs.py
[2026-02-09T02:38:19.047+0000] {processor.py:830} INFO - Processing file /home/cloud/codings/airflow/dags/list_s3_files_in_logs.py for tasks to queue
[2026-02-09T02:38:19.048+0000] {logging_mixin.py:188} INFO - [2026-02-09T02:38:19.048+0000] {dagbag.py:545} INFO - Filling up the DagBag from /home/cloud/codings/airflow/dags/list_s3_files_in_logs.py
[2026-02-09T02:38:19.059+0000] {processor.py:840} INFO - DAG(s) 'list_s3_files_in_logs' retrieved from /home/cloud/codings/airflow/dags/list_s3_files_in_logs.py
[2026-02-09T02:38:19.080+0000] {logging_mixin.py:188} INFO - [2026-02-09T02:38:19.080+0000] {dag.py:3089} INFO - Sync 1 DAGs
[2026-02-09T02:38:19.095+0000] {logging_mixin.py:188} INFO - [2026-02-09T02:38:19.095+0000] {dag.py:3947} INFO - Setting next_dagrun for list_s3_files_in_logs to None, run_after=None
[2026-02-09T02:38:19.122+0000] {processor.py:183} INFO - Processing /home/cloud/codings/airflow/dags/list_s3_files_in_logs.py took 0.083 seconds
[2026-02-09T02:38:49.441+0000] {processor.py:161} INFO - Started process (PID=326628) to work on /home/cloud/codings/airflow/dags/list_s3_files_in_logs.py
[2026-02-09T02:38:49.459+0000] {processor.py:830} INFO - Processing file /home/cloud/codings/airflow/dags/list_s3_files_in_logs.py for tasks to queue
[2026-02-09T02:38:49.460+0000] {logging_mixin.py:188} INFO - [2026-02-09T02:38:49.459+0000] {dagbag.py:545} INFO - Filling up the DagBag from /home/cloud/codings/airflow/dags/list_s3_files_in_logs.py
[2026-02-09T02:38:49.470+0000] {processor.py:840} INFO - DAG(s) 'list_s3_files_in_logs' retrieved from /home/cloud/codings/airflow/dags/list_s3_files_in_logs.py
[2026-02-09T02:38:49.489+0000] {logging_mixin.py:188} INFO - [2026-02-09T02:38:49.489+0000] {dag.py:3089} INFO - Sync 1 DAGs
[2026-02-09T02:38:49.501+0000] {logging_mixin.py:188} INFO - [2026-02-09T02:38:49.501+0000] {dag.py:3947} INFO - Setting next_dagrun for list_s3_files_in_logs to None, run_after=None
[2026-02-09T02:38:49.522+0000] {processor.py:183} INFO - Processing /home/cloud/codings/airflow/dags/list_s3_files_in_logs.py took 0.086 seconds
[2026-02-09T02:39:19.856+0000] {processor.py:161} INFO - Started process (PID=326708) to work on /home/cloud/codings/airflow/dags/list_s3_files_in_logs.py
[2026-02-09T02:39:19.857+0000] {processor.py:830} INFO - Processing file /home/cloud/codings/airflow/dags/list_s3_files_in_logs.py for tasks to queue
[2026-02-09T02:39:19.858+0000] {logging_mixin.py:188} INFO - [2026-02-09T02:39:19.857+0000] {dagbag.py:545} INFO - Filling up the DagBag from /home/cloud/codings/airflow/dags/list_s3_files_in_logs.py
[2026-02-09T02:39:19.869+0000] {processor.py:840} INFO - DAG(s) 'list_s3_files_in_logs' retrieved from /home/cloud/codings/airflow/dags/list_s3_files_in_logs.py
[2026-02-09T02:39:19.889+0000] {logging_mixin.py:188} INFO - [2026-02-09T02:39:19.889+0000] {dag.py:3089} INFO - Sync 1 DAGs
[2026-02-09T02:39:19.903+0000] {logging_mixin.py:188} INFO - [2026-02-09T02:39:19.903+0000] {dag.py:3947} INFO - Setting next_dagrun for list_s3_files_in_logs to None, run_after=None
[2026-02-09T02:39:19.928+0000] {processor.py:183} INFO - Processing /home/cloud/codings/airflow/dags/list_s3_files_in_logs.py took 0.079 seconds
[2026-02-09T02:39:50.143+0000] {processor.py:161} INFO - Started process (PID=326792) to work on /home/cloud/codings/airflow/dags/list_s3_files_in_logs.py
[2026-02-09T02:39:50.145+0000] {processor.py:830} INFO - Processing file /home/cloud/codings/airflow/dags/list_s3_files_in_logs.py for tasks to queue
[2026-02-09T02:39:50.146+0000] {logging_mixin.py:188} INFO - [2026-02-09T02:39:50.145+0000] {dagbag.py:545} INFO - Filling up the DagBag from /home/cloud/codings/airflow/dags/list_s3_files_in_logs.py
[2026-02-09T02:39:50.157+0000] {processor.py:840} INFO - DAG(s) 'list_s3_files_in_logs' retrieved from /home/cloud/codings/airflow/dags/list_s3_files_in_logs.py
[2026-02-09T02:39:50.179+0000] {logging_mixin.py:188} INFO - [2026-02-09T02:39:50.179+0000] {dag.py:3089} INFO - Sync 1 DAGs
[2026-02-09T02:39:50.193+0000] {logging_mixin.py:188} INFO - [2026-02-09T02:39:50.193+0000] {dag.py:3947} INFO - Setting next_dagrun for list_s3_files_in_logs to None, run_after=None
[2026-02-09T02:39:50.220+0000] {processor.py:183} INFO - Processing /home/cloud/codings/airflow/dags/list_s3_files_in_logs.py took 0.084 seconds
[2026-02-09T02:40:20.465+0000] {processor.py:161} INFO - Started process (PID=326870) to work on /home/cloud/codings/airflow/dags/list_s3_files_in_logs.py
[2026-02-09T02:40:20.467+0000] {processor.py:830} INFO - Processing file /home/cloud/codings/airflow/dags/list_s3_files_in_logs.py for tasks to queue
[2026-02-09T02:40:20.468+0000] {logging_mixin.py:188} INFO - [2026-02-09T02:40:20.468+0000] {dagbag.py:545} INFO - Filling up the DagBag from /home/cloud/codings/airflow/dags/list_s3_files_in_logs.py
[2026-02-09T02:40:20.482+0000] {processor.py:840} INFO - DAG(s) 'list_s3_files_in_logs' retrieved from /home/cloud/codings/airflow/dags/list_s3_files_in_logs.py
[2026-02-09T02:40:20.505+0000] {logging_mixin.py:188} INFO - [2026-02-09T02:40:20.505+0000] {dag.py:3089} INFO - Sync 1 DAGs
[2026-02-09T02:40:20.521+0000] {logging_mixin.py:188} INFO - [2026-02-09T02:40:20.521+0000] {dag.py:3947} INFO - Setting next_dagrun for list_s3_files_in_logs to None, run_after=None
[2026-02-09T02:40:20.552+0000] {processor.py:183} INFO - Processing /home/cloud/codings/airflow/dags/list_s3_files_in_logs.py took 0.097 seconds
[2026-02-09T02:40:50.867+0000] {processor.py:161} INFO - Started process (PID=326950) to work on /home/cloud/codings/airflow/dags/list_s3_files_in_logs.py
[2026-02-09T02:40:50.869+0000] {processor.py:830} INFO - Processing file /home/cloud/codings/airflow/dags/list_s3_files_in_logs.py for tasks to queue
[2026-02-09T02:40:50.870+0000] {logging_mixin.py:188} INFO - [2026-02-09T02:40:50.869+0000] {dagbag.py:545} INFO - Filling up the DagBag from /home/cloud/codings/airflow/dags/list_s3_files_in_logs.py
[2026-02-09T02:40:50.888+0000] {processor.py:840} INFO - DAG(s) 'list_s3_files_in_logs' retrieved from /home/cloud/codings/airflow/dags/list_s3_files_in_logs.py
[2026-02-09T02:40:50.919+0000] {logging_mixin.py:188} INFO - [2026-02-09T02:40:50.919+0000] {dag.py:3089} INFO - Sync 1 DAGs
[2026-02-09T02:40:50.936+0000] {logging_mixin.py:188} INFO - [2026-02-09T02:40:50.936+0000] {dag.py:3947} INFO - Setting next_dagrun for list_s3_files_in_logs to None, run_after=None
[2026-02-09T02:40:50.967+0000] {processor.py:183} INFO - Processing /home/cloud/codings/airflow/dags/list_s3_files_in_logs.py took 0.108 seconds
[2026-02-09T02:41:21.249+0000] {processor.py:161} INFO - Started process (PID=327030) to work on /home/cloud/codings/airflow/dags/list_s3_files_in_logs.py
[2026-02-09T02:41:21.250+0000] {processor.py:830} INFO - Processing file /home/cloud/codings/airflow/dags/list_s3_files_in_logs.py for tasks to queue
[2026-02-09T02:41:21.251+0000] {logging_mixin.py:188} INFO - [2026-02-09T02:41:21.250+0000] {dagbag.py:545} INFO - Filling up the DagBag from /home/cloud/codings/airflow/dags/list_s3_files_in_logs.py
[2026-02-09T02:41:21.262+0000] {processor.py:840} INFO - DAG(s) 'list_s3_files_in_logs' retrieved from /home/cloud/codings/airflow/dags/list_s3_files_in_logs.py
[2026-02-09T02:41:21.283+0000] {logging_mixin.py:188} INFO - [2026-02-09T02:41:21.283+0000] {dag.py:3089} INFO - Sync 1 DAGs
[2026-02-09T02:41:21.297+0000] {logging_mixin.py:188} INFO - [2026-02-09T02:41:21.296+0000] {dag.py:3947} INFO - Setting next_dagrun for list_s3_files_in_logs to None, run_after=None
[2026-02-09T02:41:21.328+0000] {processor.py:183} INFO - Processing /home/cloud/codings/airflow/dags/list_s3_files_in_logs.py took 0.087 seconds
[2026-02-09T02:41:51.531+0000] {processor.py:161} INFO - Started process (PID=327110) to work on /home/cloud/codings/airflow/dags/list_s3_files_in_logs.py
[2026-02-09T02:41:51.549+0000] {processor.py:830} INFO - Processing file /home/cloud/codings/airflow/dags/list_s3_files_in_logs.py for tasks to queue
[2026-02-09T02:41:51.550+0000] {logging_mixin.py:188} INFO - [2026-02-09T02:41:51.550+0000] {dagbag.py:545} INFO - Filling up the DagBag from /home/cloud/codings/airflow/dags/list_s3_files_in_logs.py
[2026-02-09T02:41:51.563+0000] {processor.py:840} INFO - DAG(s) 'list_s3_files_in_logs' retrieved from /home/cloud/codings/airflow/dags/list_s3_files_in_logs.py
[2026-02-09T02:41:51.584+0000] {logging_mixin.py:188} INFO - [2026-02-09T02:41:51.584+0000] {dag.py:3089} INFO - Sync 1 DAGs
[2026-02-09T02:41:51.597+0000] {logging_mixin.py:188} INFO - [2026-02-09T02:41:51.597+0000] {dag.py:3947} INFO - Setting next_dagrun for list_s3_files_in_logs to None, run_after=None
[2026-02-09T02:41:51.622+0000] {processor.py:183} INFO - Processing /home/cloud/codings/airflow/dags/list_s3_files_in_logs.py took 0.098 seconds
[2026-02-09T02:42:21.915+0000] {processor.py:161} INFO - Started process (PID=327190) to work on /home/cloud/codings/airflow/dags/list_s3_files_in_logs.py
[2026-02-09T02:42:21.921+0000] {processor.py:830} INFO - Processing file /home/cloud/codings/airflow/dags/list_s3_files_in_logs.py for tasks to queue
[2026-02-09T02:42:21.922+0000] {logging_mixin.py:188} INFO - [2026-02-09T02:42:21.921+0000] {dagbag.py:545} INFO - Filling up the DagBag from /home/cloud/codings/airflow/dags/list_s3_files_in_logs.py
[2026-02-09T02:42:21.932+0000] {processor.py:840} INFO - DAG(s) 'list_s3_files_in_logs' retrieved from /home/cloud/codings/airflow/dags/list_s3_files_in_logs.py
[2026-02-09T02:42:21.952+0000] {logging_mixin.py:188} INFO - [2026-02-09T02:42:21.952+0000] {dag.py:3089} INFO - Sync 1 DAGs
[2026-02-09T02:42:21.965+0000] {logging_mixin.py:188} INFO - [2026-02-09T02:42:21.965+0000] {dag.py:3947} INFO - Setting next_dagrun for list_s3_files_in_logs to None, run_after=None
[2026-02-09T02:42:21.989+0000] {processor.py:183} INFO - Processing /home/cloud/codings/airflow/dags/list_s3_files_in_logs.py took 0.081 seconds
[2026-02-09T02:42:52.056+0000] {processor.py:161} INFO - Started process (PID=327272) to work on /home/cloud/codings/airflow/dags/list_s3_files_in_logs.py
[2026-02-09T02:42:52.057+0000] {processor.py:830} INFO - Processing file /home/cloud/codings/airflow/dags/list_s3_files_in_logs.py for tasks to queue
[2026-02-09T02:42:52.059+0000] {logging_mixin.py:188} INFO - [2026-02-09T02:42:52.058+0000] {dagbag.py:545} INFO - Filling up the DagBag from /home/cloud/codings/airflow/dags/list_s3_files_in_logs.py
[2026-02-09T02:42:52.072+0000] {processor.py:840} INFO - DAG(s) 'list_s3_files_in_logs' retrieved from /home/cloud/codings/airflow/dags/list_s3_files_in_logs.py
[2026-02-09T02:42:52.093+0000] {logging_mixin.py:188} INFO - [2026-02-09T02:42:52.092+0000] {dag.py:3089} INFO - Sync 1 DAGs
[2026-02-09T02:42:52.105+0000] {logging_mixin.py:188} INFO - [2026-02-09T02:42:52.105+0000] {dag.py:3947} INFO - Setting next_dagrun for list_s3_files_in_logs to None, run_after=None
[2026-02-09T02:42:52.129+0000] {processor.py:183} INFO - Processing /home/cloud/codings/airflow/dags/list_s3_files_in_logs.py took 0.081 seconds
[2026-02-09T02:43:22.537+0000] {processor.py:161} INFO - Started process (PID=327351) to work on /home/cloud/codings/airflow/dags/list_s3_files_in_logs.py
[2026-02-09T02:43:22.563+0000] {processor.py:830} INFO - Processing file /home/cloud/codings/airflow/dags/list_s3_files_in_logs.py for tasks to queue
[2026-02-09T02:43:22.564+0000] {logging_mixin.py:188} INFO - [2026-02-09T02:43:22.564+0000] {dagbag.py:545} INFO - Filling up the DagBag from /home/cloud/codings/airflow/dags/list_s3_files_in_logs.py
[2026-02-09T02:43:22.580+0000] {processor.py:840} INFO - DAG(s) 'list_s3_files_in_logs' retrieved from /home/cloud/codings/airflow/dags/list_s3_files_in_logs.py
[2026-02-09T02:43:22.608+0000] {logging_mixin.py:188} INFO - [2026-02-09T02:43:22.608+0000] {dag.py:3089} INFO - Sync 1 DAGs
[2026-02-09T02:43:22.626+0000] {logging_mixin.py:188} INFO - [2026-02-09T02:43:22.626+0000] {dag.py:3947} INFO - Setting next_dagrun for list_s3_files_in_logs to None, run_after=None
[2026-02-09T02:43:22.659+0000] {processor.py:183} INFO - Processing /home/cloud/codings/airflow/dags/list_s3_files_in_logs.py took 0.131 seconds
[2026-02-09T02:43:52.900+0000] {processor.py:161} INFO - Started process (PID=327434) to work on /home/cloud/codings/airflow/dags/list_s3_files_in_logs.py
[2026-02-09T02:43:52.906+0000] {processor.py:830} INFO - Processing file /home/cloud/codings/airflow/dags/list_s3_files_in_logs.py for tasks to queue
[2026-02-09T02:43:52.909+0000] {logging_mixin.py:188} INFO - [2026-02-09T02:43:52.908+0000] {dagbag.py:545} INFO - Filling up the DagBag from /home/cloud/codings/airflow/dags/list_s3_files_in_logs.py
[2026-02-09T02:43:52.935+0000] {processor.py:840} INFO - DAG(s) 'list_s3_files_in_logs' retrieved from /home/cloud/codings/airflow/dags/list_s3_files_in_logs.py
[2026-02-09T02:43:52.972+0000] {logging_mixin.py:188} INFO - [2026-02-09T02:43:52.972+0000] {dag.py:3089} INFO - Sync 1 DAGs
[2026-02-09T02:43:52.996+0000] {logging_mixin.py:188} INFO - [2026-02-09T02:43:52.996+0000] {dag.py:3947} INFO - Setting next_dagrun for list_s3_files_in_logs to None, run_after=None
[2026-02-09T02:43:53.037+0000] {processor.py:183} INFO - Processing /home/cloud/codings/airflow/dags/list_s3_files_in_logs.py took 0.152 seconds
[2026-02-09T02:44:23.349+0000] {processor.py:161} INFO - Started process (PID=327513) to work on /home/cloud/codings/airflow/dags/list_s3_files_in_logs.py
[2026-02-09T02:44:23.350+0000] {processor.py:830} INFO - Processing file /home/cloud/codings/airflow/dags/list_s3_files_in_logs.py for tasks to queue
[2026-02-09T02:44:23.351+0000] {logging_mixin.py:188} INFO - [2026-02-09T02:44:23.351+0000] {dagbag.py:545} INFO - Filling up the DagBag from /home/cloud/codings/airflow/dags/list_s3_files_in_logs.py
[2026-02-09T02:44:23.366+0000] {processor.py:840} INFO - DAG(s) 'list_s3_files_in_logs' retrieved from /home/cloud/codings/airflow/dags/list_s3_files_in_logs.py
[2026-02-09T02:44:23.394+0000] {logging_mixin.py:188} INFO - [2026-02-09T02:44:23.394+0000] {dag.py:3089} INFO - Sync 1 DAGs
[2026-02-09T02:44:23.416+0000] {logging_mixin.py:188} INFO - [2026-02-09T02:44:23.416+0000] {dag.py:3947} INFO - Setting next_dagrun for list_s3_files_in_logs to None, run_after=None
[2026-02-09T02:44:23.446+0000] {processor.py:183} INFO - Processing /home/cloud/codings/airflow/dags/list_s3_files_in_logs.py took 0.107 seconds
[2026-02-09T02:44:53.564+0000] {processor.py:161} INFO - Started process (PID=327595) to work on /home/cloud/codings/airflow/dags/list_s3_files_in_logs.py
[2026-02-09T02:44:53.565+0000] {processor.py:830} INFO - Processing file /home/cloud/codings/airflow/dags/list_s3_files_in_logs.py for tasks to queue
[2026-02-09T02:44:53.567+0000] {logging_mixin.py:188} INFO - [2026-02-09T02:44:53.566+0000] {dagbag.py:545} INFO - Filling up the DagBag from /home/cloud/codings/airflow/dags/list_s3_files_in_logs.py
[2026-02-09T02:44:53.582+0000] {processor.py:840} INFO - DAG(s) 'list_s3_files_in_logs' retrieved from /home/cloud/codings/airflow/dags/list_s3_files_in_logs.py
[2026-02-09T02:44:53.610+0000] {logging_mixin.py:188} INFO - [2026-02-09T02:44:53.609+0000] {dag.py:3089} INFO - Sync 1 DAGs
[2026-02-09T02:44:53.628+0000] {logging_mixin.py:188} INFO - [2026-02-09T02:44:53.628+0000] {dag.py:3947} INFO - Setting next_dagrun for list_s3_files_in_logs to None, run_after=None
[2026-02-09T02:44:53.664+0000] {processor.py:183} INFO - Processing /home/cloud/codings/airflow/dags/list_s3_files_in_logs.py took 0.112 seconds
[2026-02-09T02:45:23.831+0000] {processor.py:161} INFO - Started process (PID=327696) to work on /home/cloud/codings/airflow/dags/list_s3_files_in_logs.py
[2026-02-09T02:45:23.835+0000] {processor.py:830} INFO - Processing file /home/cloud/codings/airflow/dags/list_s3_files_in_logs.py for tasks to queue
[2026-02-09T02:45:23.837+0000] {logging_mixin.py:188} INFO - [2026-02-09T02:45:23.836+0000] {dagbag.py:545} INFO - Filling up the DagBag from /home/cloud/codings/airflow/dags/list_s3_files_in_logs.py
[2026-02-09T02:45:23.856+0000] {processor.py:840} INFO - DAG(s) 'list_s3_files_in_logs' retrieved from /home/cloud/codings/airflow/dags/list_s3_files_in_logs.py
[2026-02-09T02:45:23.891+0000] {logging_mixin.py:188} INFO - [2026-02-09T02:45:23.891+0000] {dag.py:3089} INFO - Sync 1 DAGs
[2026-02-09T02:45:23.911+0000] {logging_mixin.py:188} INFO - [2026-02-09T02:45:23.911+0000] {dag.py:3947} INFO - Setting next_dagrun for list_s3_files_in_logs to None, run_after=None
[2026-02-09T02:45:23.944+0000] {processor.py:183} INFO - Processing /home/cloud/codings/airflow/dags/list_s3_files_in_logs.py took 0.121 seconds
[2026-02-09T02:45:54.062+0000] {processor.py:161} INFO - Started process (PID=327778) to work on /home/cloud/codings/airflow/dags/list_s3_files_in_logs.py
[2026-02-09T02:45:54.064+0000] {processor.py:830} INFO - Processing file /home/cloud/codings/airflow/dags/list_s3_files_in_logs.py for tasks to queue
[2026-02-09T02:45:54.067+0000] {logging_mixin.py:188} INFO - [2026-02-09T02:45:54.066+0000] {dagbag.py:545} INFO - Filling up the DagBag from /home/cloud/codings/airflow/dags/list_s3_files_in_logs.py
[2026-02-09T02:45:54.088+0000] {processor.py:840} INFO - DAG(s) 'list_s3_files_in_logs' retrieved from /home/cloud/codings/airflow/dags/list_s3_files_in_logs.py
[2026-02-09T02:45:54.130+0000] {logging_mixin.py:188} INFO - [2026-02-09T02:45:54.130+0000] {dag.py:3089} INFO - Sync 1 DAGs
[2026-02-09T02:45:54.157+0000] {logging_mixin.py:188} INFO - [2026-02-09T02:45:54.156+0000] {dag.py:3947} INFO - Setting next_dagrun for list_s3_files_in_logs to None, run_after=None
[2026-02-09T02:45:54.193+0000] {processor.py:183} INFO - Processing /home/cloud/codings/airflow/dags/list_s3_files_in_logs.py took 0.143 seconds
[2026-02-09T02:46:24.310+0000] {processor.py:161} INFO - Started process (PID=327852) to work on /home/cloud/codings/airflow/dags/list_s3_files_in_logs.py
[2026-02-09T02:46:24.311+0000] {processor.py:830} INFO - Processing file /home/cloud/codings/airflow/dags/list_s3_files_in_logs.py for tasks to queue
[2026-02-09T02:46:24.313+0000] {logging_mixin.py:188} INFO - [2026-02-09T02:46:24.312+0000] {dagbag.py:545} INFO - Filling up the DagBag from /home/cloud/codings/airflow/dags/list_s3_files_in_logs.py
[2026-02-09T02:46:24.326+0000] {processor.py:840} INFO - DAG(s) 'list_s3_files_in_logs' retrieved from /home/cloud/codings/airflow/dags/list_s3_files_in_logs.py
[2026-02-09T02:46:24.351+0000] {logging_mixin.py:188} INFO - [2026-02-09T02:46:24.350+0000] {dag.py:3089} INFO - Sync 1 DAGs
[2026-02-09T02:46:24.367+0000] {logging_mixin.py:188} INFO - [2026-02-09T02:46:24.367+0000] {dag.py:3947} INFO - Setting next_dagrun for list_s3_files_in_logs to None, run_after=None
[2026-02-09T02:46:24.396+0000] {processor.py:183} INFO - Processing /home/cloud/codings/airflow/dags/list_s3_files_in_logs.py took 0.094 seconds
[2026-02-09T02:46:54.673+0000] {processor.py:161} INFO - Started process (PID=327934) to work on /home/cloud/codings/airflow/dags/list_s3_files_in_logs.py
[2026-02-09T02:46:54.678+0000] {processor.py:830} INFO - Processing file /home/cloud/codings/airflow/dags/list_s3_files_in_logs.py for tasks to queue
[2026-02-09T02:46:54.679+0000] {logging_mixin.py:188} INFO - [2026-02-09T02:46:54.679+0000] {dagbag.py:545} INFO - Filling up the DagBag from /home/cloud/codings/airflow/dags/list_s3_files_in_logs.py
[2026-02-09T02:46:54.694+0000] {processor.py:840} INFO - DAG(s) 'list_s3_files_in_logs' retrieved from /home/cloud/codings/airflow/dags/list_s3_files_in_logs.py
[2026-02-09T02:46:54.723+0000] {logging_mixin.py:188} INFO - [2026-02-09T02:46:54.723+0000] {dag.py:3089} INFO - Sync 1 DAGs
[2026-02-09T02:46:54.745+0000] {logging_mixin.py:188} INFO - [2026-02-09T02:46:54.745+0000] {dag.py:3947} INFO - Setting next_dagrun for list_s3_files_in_logs to None, run_after=None
[2026-02-09T02:46:54.786+0000] {processor.py:183} INFO - Processing /home/cloud/codings/airflow/dags/list_s3_files_in_logs.py took 0.121 seconds
[2026-02-09T02:47:25.150+0000] {processor.py:161} INFO - Started process (PID=328014) to work on /home/cloud/codings/airflow/dags/list_s3_files_in_logs.py
[2026-02-09T02:47:25.151+0000] {processor.py:830} INFO - Processing file /home/cloud/codings/airflow/dags/list_s3_files_in_logs.py for tasks to queue
[2026-02-09T02:47:25.153+0000] {logging_mixin.py:188} INFO - [2026-02-09T02:47:25.152+0000] {dagbag.py:545} INFO - Filling up the DagBag from /home/cloud/codings/airflow/dags/list_s3_files_in_logs.py
[2026-02-09T02:47:25.165+0000] {processor.py:840} INFO - DAG(s) 'list_s3_files_in_logs' retrieved from /home/cloud/codings/airflow/dags/list_s3_files_in_logs.py
[2026-02-09T02:47:25.187+0000] {logging_mixin.py:188} INFO - [2026-02-09T02:47:25.186+0000] {dag.py:3089} INFO - Sync 1 DAGs
[2026-02-09T02:47:25.202+0000] {logging_mixin.py:188} INFO - [2026-02-09T02:47:25.202+0000] {dag.py:3947} INFO - Setting next_dagrun for list_s3_files_in_logs to None, run_after=None
[2026-02-09T02:47:25.230+0000] {processor.py:183} INFO - Processing /home/cloud/codings/airflow/dags/list_s3_files_in_logs.py took 0.087 seconds
[2026-02-09T05:47:49.276+0000] {processor.py:161} INFO - Started process (PID=328081) to work on /home/cloud/codings/airflow/dags/list_s3_files_in_logs.py
[2026-02-09T05:47:49.281+0000] {processor.py:830} INFO - Processing file /home/cloud/codings/airflow/dags/list_s3_files_in_logs.py for tasks to queue
[2026-02-09T05:47:49.294+0000] {logging_mixin.py:188} INFO - [2026-02-09T05:47:49.292+0000] {dagbag.py:545} INFO - Filling up the DagBag from /home/cloud/codings/airflow/dags/list_s3_files_in_logs.py
[2026-02-09T05:47:49.374+0000] {processor.py:840} INFO - DAG(s) 'list_s3_files_in_logs' retrieved from /home/cloud/codings/airflow/dags/list_s3_files_in_logs.py
[2026-02-09T05:47:49.617+0000] {logging_mixin.py:188} INFO - [2026-02-09T05:47:49.607+0000] {dag.py:3089} INFO - Sync 1 DAGs
[2026-02-09T05:47:49.755+0000] {logging_mixin.py:188} INFO - [2026-02-09T05:47:49.754+0000] {dag.py:3947} INFO - Setting next_dagrun for list_s3_files_in_logs to None, run_after=None
[2026-02-09T05:47:49.967+0000] {processor.py:183} INFO - Processing /home/cloud/codings/airflow/dags/list_s3_files_in_logs.py took 0.731 seconds
[2026-02-09T06:39:41.037+0000] {processor.py:161} INFO - Started process (PID=328091) to work on /home/cloud/codings/airflow/dags/list_s3_files_in_logs.py
[2026-02-09T06:39:41.039+0000] {processor.py:830} INFO - Processing file /home/cloud/codings/airflow/dags/list_s3_files_in_logs.py for tasks to queue
[2026-02-09T06:39:41.051+0000] {logging_mixin.py:188} INFO - [2026-02-09T06:39:41.049+0000] {dagbag.py:545} INFO - Filling up the DagBag from /home/cloud/codings/airflow/dags/list_s3_files_in_logs.py
[2026-02-09T06:39:41.101+0000] {processor.py:840} INFO - DAG(s) 'list_s3_files_in_logs' retrieved from /home/cloud/codings/airflow/dags/list_s3_files_in_logs.py
[2026-02-09T06:39:41.211+0000] {logging_mixin.py:188} INFO - [2026-02-09T06:39:41.211+0000] {dag.py:3089} INFO - Sync 1 DAGs
[2026-02-09T06:39:41.285+0000] {logging_mixin.py:188} INFO - [2026-02-09T06:39:41.285+0000] {dag.py:3947} INFO - Setting next_dagrun for list_s3_files_in_logs to None, run_after=None
[2026-02-09T06:39:41.367+0000] {processor.py:183} INFO - Processing /home/cloud/codings/airflow/dags/list_s3_files_in_logs.py took 0.361 seconds
[2026-02-09T06:40:11.718+0000] {processor.py:161} INFO - Started process (PID=328111) to work on /home/cloud/codings/airflow/dags/list_s3_files_in_logs.py
[2026-02-09T06:40:11.721+0000] {processor.py:830} INFO - Processing file /home/cloud/codings/airflow/dags/list_s3_files_in_logs.py for tasks to queue
[2026-02-09T06:40:11.722+0000] {logging_mixin.py:188} INFO - [2026-02-09T06:40:11.721+0000] {dagbag.py:545} INFO - Filling up the DagBag from /home/cloud/codings/airflow/dags/list_s3_files_in_logs.py
[2026-02-09T06:40:11.739+0000] {processor.py:840} INFO - DAG(s) 'list_s3_files_in_logs' retrieved from /home/cloud/codings/airflow/dags/list_s3_files_in_logs.py
[2026-02-09T06:40:11.770+0000] {logging_mixin.py:188} INFO - [2026-02-09T06:40:11.770+0000] {dag.py:3089} INFO - Sync 1 DAGs
[2026-02-09T06:40:11.791+0000] {logging_mixin.py:188} INFO - [2026-02-09T06:40:11.791+0000] {dag.py:3947} INFO - Setting next_dagrun for list_s3_files_in_logs to None, run_after=None
[2026-02-09T06:40:11.835+0000] {processor.py:183} INFO - Processing /home/cloud/codings/airflow/dags/list_s3_files_in_logs.py took 0.126 seconds
[2026-02-09T06:40:42.272+0000] {processor.py:161} INFO - Started process (PID=328122) to work on /home/cloud/codings/airflow/dags/list_s3_files_in_logs.py
[2026-02-09T06:40:42.275+0000] {processor.py:830} INFO - Processing file /home/cloud/codings/airflow/dags/list_s3_files_in_logs.py for tasks to queue
[2026-02-09T06:40:42.278+0000] {logging_mixin.py:188} INFO - [2026-02-09T06:40:42.276+0000] {dagbag.py:545} INFO - Filling up the DagBag from /home/cloud/codings/airflow/dags/list_s3_files_in_logs.py
[2026-02-09T06:40:42.306+0000] {processor.py:840} INFO - DAG(s) 'list_s3_files_in_logs' retrieved from /home/cloud/codings/airflow/dags/list_s3_files_in_logs.py
[2026-02-09T06:40:42.350+0000] {logging_mixin.py:188} INFO - [2026-02-09T06:40:42.349+0000] {dag.py:3089} INFO - Sync 1 DAGs
[2026-02-09T06:40:42.376+0000] {logging_mixin.py:188} INFO - [2026-02-09T06:40:42.376+0000] {dag.py:3947} INFO - Setting next_dagrun for list_s3_files_in_logs to None, run_after=None
[2026-02-09T06:40:42.419+0000] {processor.py:183} INFO - Processing /home/cloud/codings/airflow/dags/list_s3_files_in_logs.py took 0.160 seconds
[2026-02-09T06:41:12.802+0000] {processor.py:161} INFO - Started process (PID=328128) to work on /home/cloud/codings/airflow/dags/list_s3_files_in_logs.py
[2026-02-09T06:41:12.803+0000] {processor.py:830} INFO - Processing file /home/cloud/codings/airflow/dags/list_s3_files_in_logs.py for tasks to queue
[2026-02-09T06:41:12.804+0000] {logging_mixin.py:188} INFO - [2026-02-09T06:41:12.804+0000] {dagbag.py:545} INFO - Filling up the DagBag from /home/cloud/codings/airflow/dags/list_s3_files_in_logs.py
[2026-02-09T06:41:12.817+0000] {processor.py:840} INFO - DAG(s) 'list_s3_files_in_logs' retrieved from /home/cloud/codings/airflow/dags/list_s3_files_in_logs.py
[2026-02-09T06:41:12.843+0000] {logging_mixin.py:188} INFO - [2026-02-09T06:41:12.842+0000] {dag.py:3089} INFO - Sync 1 DAGs
[2026-02-09T06:41:12.862+0000] {logging_mixin.py:188} INFO - [2026-02-09T06:41:12.862+0000] {dag.py:3947} INFO - Setting next_dagrun for list_s3_files_in_logs to None, run_after=None
[2026-02-09T06:41:12.918+0000] {processor.py:183} INFO - Processing /home/cloud/codings/airflow/dags/list_s3_files_in_logs.py took 0.123 seconds
[2026-02-09T06:41:43.328+0000] {processor.py:161} INFO - Started process (PID=328139) to work on /home/cloud/codings/airflow/dags/list_s3_files_in_logs.py
[2026-02-09T06:41:43.330+0000] {processor.py:830} INFO - Processing file /home/cloud/codings/airflow/dags/list_s3_files_in_logs.py for tasks to queue
[2026-02-09T06:41:43.331+0000] {logging_mixin.py:188} INFO - [2026-02-09T06:41:43.331+0000] {dagbag.py:545} INFO - Filling up the DagBag from /home/cloud/codings/airflow/dags/list_s3_files_in_logs.py
[2026-02-09T06:41:43.351+0000] {processor.py:840} INFO - DAG(s) 'list_s3_files_in_logs' retrieved from /home/cloud/codings/airflow/dags/list_s3_files_in_logs.py
[2026-02-09T06:41:43.383+0000] {logging_mixin.py:188} INFO - [2026-02-09T06:41:43.382+0000] {dag.py:3089} INFO - Sync 1 DAGs
[2026-02-09T06:41:43.403+0000] {logging_mixin.py:188} INFO - [2026-02-09T06:41:43.403+0000] {dag.py:3947} INFO - Setting next_dagrun for list_s3_files_in_logs to None, run_after=None
[2026-02-09T06:41:43.449+0000] {processor.py:183} INFO - Processing /home/cloud/codings/airflow/dags/list_s3_files_in_logs.py took 0.131 seconds
[2026-02-09T06:42:13.569+0000] {processor.py:161} INFO - Started process (PID=328149) to work on /home/cloud/codings/airflow/dags/list_s3_files_in_logs.py
[2026-02-09T06:42:13.570+0000] {processor.py:830} INFO - Processing file /home/cloud/codings/airflow/dags/list_s3_files_in_logs.py for tasks to queue
[2026-02-09T06:42:13.571+0000] {logging_mixin.py:188} INFO - [2026-02-09T06:42:13.570+0000] {dagbag.py:545} INFO - Filling up the DagBag from /home/cloud/codings/airflow/dags/list_s3_files_in_logs.py
[2026-02-09T06:42:13.582+0000] {processor.py:840} INFO - DAG(s) 'list_s3_files_in_logs' retrieved from /home/cloud/codings/airflow/dags/list_s3_files_in_logs.py
[2026-02-09T06:42:13.602+0000] {logging_mixin.py:188} INFO - [2026-02-09T06:42:13.601+0000] {dag.py:3089} INFO - Sync 1 DAGs
[2026-02-09T06:42:13.615+0000] {logging_mixin.py:188} INFO - [2026-02-09T06:42:13.614+0000] {dag.py:3947} INFO - Setting next_dagrun for list_s3_files_in_logs to None, run_after=None
[2026-02-09T06:42:13.637+0000] {processor.py:183} INFO - Processing /home/cloud/codings/airflow/dags/list_s3_files_in_logs.py took 0.075 seconds
[2026-02-09T06:42:44.582+0000] {processor.py:161} INFO - Started process (PID=328597) to work on /home/cloud/codings/airflow/dags/list_s3_files_in_logs.py
[2026-02-09T06:42:44.585+0000] {processor.py:830} INFO - Processing file /home/cloud/codings/airflow/dags/list_s3_files_in_logs.py for tasks to queue
[2026-02-09T06:42:44.587+0000] {logging_mixin.py:188} INFO - [2026-02-09T06:42:44.586+0000] {dagbag.py:545} INFO - Filling up the DagBag from /home/cloud/codings/airflow/dags/list_s3_files_in_logs.py
[2026-02-09T06:42:44.617+0000] {processor.py:840} INFO - DAG(s) 'list_s3_files_in_logs' retrieved from /home/cloud/codings/airflow/dags/list_s3_files_in_logs.py
[2026-02-09T06:42:44.670+0000] {logging_mixin.py:188} INFO - [2026-02-09T06:42:44.669+0000] {dag.py:3089} INFO - Sync 1 DAGs
[2026-02-09T06:42:44.699+0000] {logging_mixin.py:188} INFO - [2026-02-09T06:42:44.699+0000] {dag.py:3947} INFO - Setting next_dagrun for list_s3_files_in_logs to None, run_after=None
[2026-02-09T06:42:44.748+0000] {processor.py:183} INFO - Processing /home/cloud/codings/airflow/dags/list_s3_files_in_logs.py took 0.188 seconds
[2026-02-09T06:43:15.320+0000] {processor.py:161} INFO - Started process (PID=328896) to work on /home/cloud/codings/airflow/dags/list_s3_files_in_logs.py
[2026-02-09T06:43:15.338+0000] {processor.py:830} INFO - Processing file /home/cloud/codings/airflow/dags/list_s3_files_in_logs.py for tasks to queue
[2026-02-09T06:43:15.339+0000] {logging_mixin.py:188} INFO - [2026-02-09T06:43:15.338+0000] {dagbag.py:545} INFO - Filling up the DagBag from /home/cloud/codings/airflow/dags/list_s3_files_in_logs.py
[2026-02-09T06:43:15.350+0000] {processor.py:840} INFO - DAG(s) 'list_s3_files_in_logs' retrieved from /home/cloud/codings/airflow/dags/list_s3_files_in_logs.py
[2026-02-09T06:43:15.373+0000] {logging_mixin.py:188} INFO - [2026-02-09T06:43:15.373+0000] {dag.py:3089} INFO - Sync 1 DAGs
[2026-02-09T06:43:15.389+0000] {logging_mixin.py:188} INFO - [2026-02-09T06:43:15.389+0000] {dag.py:3947} INFO - Setting next_dagrun for list_s3_files_in_logs to None, run_after=None
[2026-02-09T06:43:15.419+0000] {processor.py:183} INFO - Processing /home/cloud/codings/airflow/dags/list_s3_files_in_logs.py took 0.104 seconds
[2026-02-09T06:43:45.875+0000] {processor.py:161} INFO - Started process (PID=329016) to work on /home/cloud/codings/airflow/dags/list_s3_files_in_logs.py
[2026-02-09T06:43:45.878+0000] {processor.py:830} INFO - Processing file /home/cloud/codings/airflow/dags/list_s3_files_in_logs.py for tasks to queue
[2026-02-09T06:43:45.879+0000] {logging_mixin.py:188} INFO - [2026-02-09T06:43:45.879+0000] {dagbag.py:545} INFO - Filling up the DagBag from /home/cloud/codings/airflow/dags/list_s3_files_in_logs.py
[2026-02-09T06:43:45.901+0000] {processor.py:840} INFO - DAG(s) 'list_s3_files_in_logs' retrieved from /home/cloud/codings/airflow/dags/list_s3_files_in_logs.py
[2026-02-09T06:43:45.939+0000] {logging_mixin.py:188} INFO - [2026-02-09T06:43:45.939+0000] {dag.py:3089} INFO - Sync 1 DAGs
[2026-02-09T06:43:45.965+0000] {logging_mixin.py:188} INFO - [2026-02-09T06:43:45.964+0000] {dag.py:3947} INFO - Setting next_dagrun for list_s3_files_in_logs to None, run_after=None
[2026-02-09T06:43:46.009+0000] {processor.py:183} INFO - Processing /home/cloud/codings/airflow/dags/list_s3_files_in_logs.py took 0.146 seconds
[2026-02-09T06:44:16.419+0000] {processor.py:161} INFO - Started process (PID=329090) to work on /home/cloud/codings/airflow/dags/list_s3_files_in_logs.py
[2026-02-09T06:44:16.469+0000] {processor.py:830} INFO - Processing file /home/cloud/codings/airflow/dags/list_s3_files_in_logs.py for tasks to queue
[2026-02-09T06:44:16.470+0000] {logging_mixin.py:188} INFO - [2026-02-09T06:44:16.470+0000] {dagbag.py:545} INFO - Filling up the DagBag from /home/cloud/codings/airflow/dags/list_s3_files_in_logs.py
[2026-02-09T06:44:16.481+0000] {processor.py:840} INFO - DAG(s) 'list_s3_files_in_logs' retrieved from /home/cloud/codings/airflow/dags/list_s3_files_in_logs.py
[2026-02-09T06:44:16.503+0000] {logging_mixin.py:188} INFO - [2026-02-09T06:44:16.502+0000] {dag.py:3089} INFO - Sync 1 DAGs
[2026-02-09T06:44:16.516+0000] {logging_mixin.py:188} INFO - [2026-02-09T06:44:16.516+0000] {dag.py:3947} INFO - Setting next_dagrun for list_s3_files_in_logs to None, run_after=None
[2026-02-09T06:44:16.542+0000] {processor.py:183} INFO - Processing /home/cloud/codings/airflow/dags/list_s3_files_in_logs.py took 0.131 seconds
[2026-02-09T06:44:47.024+0000] {processor.py:161} INFO - Started process (PID=329170) to work on /home/cloud/codings/airflow/dags/list_s3_files_in_logs.py
[2026-02-09T06:44:47.026+0000] {processor.py:830} INFO - Processing file /home/cloud/codings/airflow/dags/list_s3_files_in_logs.py for tasks to queue
[2026-02-09T06:44:47.027+0000] {logging_mixin.py:188} INFO - [2026-02-09T06:44:47.027+0000] {dagbag.py:545} INFO - Filling up the DagBag from /home/cloud/codings/airflow/dags/list_s3_files_in_logs.py
[2026-02-09T06:44:47.040+0000] {processor.py:840} INFO - DAG(s) 'list_s3_files_in_logs' retrieved from /home/cloud/codings/airflow/dags/list_s3_files_in_logs.py
[2026-02-09T06:44:47.064+0000] {logging_mixin.py:188} INFO - [2026-02-09T06:44:47.063+0000] {dag.py:3089} INFO - Sync 1 DAGs
[2026-02-09T06:44:47.079+0000] {logging_mixin.py:188} INFO - [2026-02-09T06:44:47.079+0000] {dag.py:3947} INFO - Setting next_dagrun for list_s3_files_in_logs to None, run_after=None
[2026-02-09T06:44:47.109+0000] {processor.py:183} INFO - Processing /home/cloud/codings/airflow/dags/list_s3_files_in_logs.py took 0.092 seconds
[2026-02-09T06:45:17.438+0000] {processor.py:161} INFO - Started process (PID=329244) to work on /home/cloud/codings/airflow/dags/list_s3_files_in_logs.py
[2026-02-09T06:45:17.457+0000] {processor.py:830} INFO - Processing file /home/cloud/codings/airflow/dags/list_s3_files_in_logs.py for tasks to queue
[2026-02-09T06:45:17.459+0000] {logging_mixin.py:188} INFO - [2026-02-09T06:45:17.458+0000] {dagbag.py:545} INFO - Filling up the DagBag from /home/cloud/codings/airflow/dags/list_s3_files_in_logs.py
[2026-02-09T06:45:17.480+0000] {processor.py:840} INFO - DAG(s) 'list_s3_files_in_logs' retrieved from /home/cloud/codings/airflow/dags/list_s3_files_in_logs.py
[2026-02-09T06:45:17.519+0000] {logging_mixin.py:188} INFO - [2026-02-09T06:45:17.518+0000] {dag.py:3089} INFO - Sync 1 DAGs
[2026-02-09T06:45:17.545+0000] {logging_mixin.py:188} INFO - [2026-02-09T06:45:17.545+0000] {dag.py:3947} INFO - Setting next_dagrun for list_s3_files_in_logs to None, run_after=None
[2026-02-09T06:45:17.586+0000] {processor.py:183} INFO - Processing /home/cloud/codings/airflow/dags/list_s3_files_in_logs.py took 0.161 seconds
[2026-02-09T06:45:47.916+0000] {processor.py:161} INFO - Started process (PID=329323) to work on /home/cloud/codings/airflow/dags/list_s3_files_in_logs.py
[2026-02-09T06:45:47.935+0000] {processor.py:830} INFO - Processing file /home/cloud/codings/airflow/dags/list_s3_files_in_logs.py for tasks to queue
[2026-02-09T06:45:47.938+0000] {logging_mixin.py:188} INFO - [2026-02-09T06:45:47.937+0000] {dagbag.py:545} INFO - Filling up the DagBag from /home/cloud/codings/airflow/dags/list_s3_files_in_logs.py
[2026-02-09T06:45:47.970+0000] {processor.py:840} INFO - DAG(s) 'list_s3_files_in_logs' retrieved from /home/cloud/codings/airflow/dags/list_s3_files_in_logs.py
[2026-02-09T06:45:48.035+0000] {logging_mixin.py:188} INFO - [2026-02-09T06:45:48.034+0000] {dag.py:3089} INFO - Sync 1 DAGs
[2026-02-09T06:45:48.076+0000] {logging_mixin.py:188} INFO - [2026-02-09T06:45:48.075+0000] {dag.py:3947} INFO - Setting next_dagrun for list_s3_files_in_logs to None, run_after=None
[2026-02-09T06:45:48.147+0000] {processor.py:183} INFO - Processing /home/cloud/codings/airflow/dags/list_s3_files_in_logs.py took 0.250 seconds
[2026-02-09T06:46:18.528+0000] {processor.py:161} INFO - Started process (PID=329398) to work on /home/cloud/codings/airflow/dags/list_s3_files_in_logs.py
[2026-02-09T06:46:18.529+0000] {processor.py:830} INFO - Processing file /home/cloud/codings/airflow/dags/list_s3_files_in_logs.py for tasks to queue
[2026-02-09T06:46:18.530+0000] {logging_mixin.py:188} INFO - [2026-02-09T06:46:18.529+0000] {dagbag.py:545} INFO - Filling up the DagBag from /home/cloud/codings/airflow/dags/list_s3_files_in_logs.py
[2026-02-09T06:46:18.544+0000] {processor.py:840} INFO - DAG(s) 'list_s3_files_in_logs' retrieved from /home/cloud/codings/airflow/dags/list_s3_files_in_logs.py
[2026-02-09T06:46:18.567+0000] {logging_mixin.py:188} INFO - [2026-02-09T06:46:18.567+0000] {dag.py:3089} INFO - Sync 1 DAGs
[2026-02-09T06:46:18.584+0000] {logging_mixin.py:188} INFO - [2026-02-09T06:46:18.583+0000] {dag.py:3947} INFO - Setting next_dagrun for list_s3_files_in_logs to None, run_after=None
[2026-02-09T06:46:18.614+0000] {processor.py:183} INFO - Processing /home/cloud/codings/airflow/dags/list_s3_files_in_logs.py took 0.093 seconds
[2026-02-09T06:46:49.028+0000] {processor.py:161} INFO - Started process (PID=329481) to work on /home/cloud/codings/airflow/dags/list_s3_files_in_logs.py
[2026-02-09T06:46:49.030+0000] {processor.py:830} INFO - Processing file /home/cloud/codings/airflow/dags/list_s3_files_in_logs.py for tasks to queue
[2026-02-09T06:46:49.031+0000] {logging_mixin.py:188} INFO - [2026-02-09T06:46:49.030+0000] {dagbag.py:545} INFO - Filling up the DagBag from /home/cloud/codings/airflow/dags/list_s3_files_in_logs.py
[2026-02-09T06:46:49.044+0000] {processor.py:840} INFO - DAG(s) 'list_s3_files_in_logs' retrieved from /home/cloud/codings/airflow/dags/list_s3_files_in_logs.py
[2026-02-09T06:46:49.069+0000] {logging_mixin.py:188} INFO - [2026-02-09T06:46:49.069+0000] {dag.py:3089} INFO - Sync 1 DAGs
[2026-02-09T06:46:49.085+0000] {logging_mixin.py:188} INFO - [2026-02-09T06:46:49.085+0000] {dag.py:3947} INFO - Setting next_dagrun for list_s3_files_in_logs to None, run_after=None
[2026-02-09T06:46:49.115+0000] {processor.py:183} INFO - Processing /home/cloud/codings/airflow/dags/list_s3_files_in_logs.py took 0.096 seconds
[2026-02-09T06:47:19.479+0000] {processor.py:161} INFO - Started process (PID=329561) to work on /home/cloud/codings/airflow/dags/list_s3_files_in_logs.py
[2026-02-09T06:47:19.481+0000] {processor.py:830} INFO - Processing file /home/cloud/codings/airflow/dags/list_s3_files_in_logs.py for tasks to queue
[2026-02-09T06:47:19.483+0000] {logging_mixin.py:188} INFO - [2026-02-09T06:47:19.482+0000] {dagbag.py:545} INFO - Filling up the DagBag from /home/cloud/codings/airflow/dags/list_s3_files_in_logs.py
[2026-02-09T06:47:19.500+0000] {processor.py:840} INFO - DAG(s) 'list_s3_files_in_logs' retrieved from /home/cloud/codings/airflow/dags/list_s3_files_in_logs.py
[2026-02-09T06:47:19.533+0000] {logging_mixin.py:188} INFO - [2026-02-09T06:47:19.532+0000] {dag.py:3089} INFO - Sync 1 DAGs
[2026-02-09T06:47:19.556+0000] {logging_mixin.py:188} INFO - [2026-02-09T06:47:19.555+0000] {dag.py:3947} INFO - Setting next_dagrun for list_s3_files_in_logs to None, run_after=None
[2026-02-09T06:47:19.601+0000] {processor.py:183} INFO - Processing /home/cloud/codings/airflow/dags/list_s3_files_in_logs.py took 0.130 seconds
[2026-02-09T06:47:50.009+0000] {processor.py:161} INFO - Started process (PID=329646) to work on /home/cloud/codings/airflow/dags/list_s3_files_in_logs.py
[2026-02-09T06:47:50.011+0000] {processor.py:830} INFO - Processing file /home/cloud/codings/airflow/dags/list_s3_files_in_logs.py for tasks to queue
[2026-02-09T06:47:50.012+0000] {logging_mixin.py:188} INFO - [2026-02-09T06:47:50.011+0000] {dagbag.py:545} INFO - Filling up the DagBag from /home/cloud/codings/airflow/dags/list_s3_files_in_logs.py
[2026-02-09T06:47:50.022+0000] {processor.py:840} INFO - DAG(s) 'list_s3_files_in_logs' retrieved from /home/cloud/codings/airflow/dags/list_s3_files_in_logs.py
[2026-02-09T06:47:50.040+0000] {logging_mixin.py:188} INFO - [2026-02-09T06:47:50.040+0000] {dag.py:3089} INFO - Sync 1 DAGs
[2026-02-09T06:47:50.052+0000] {logging_mixin.py:188} INFO - [2026-02-09T06:47:50.052+0000] {dag.py:3947} INFO - Setting next_dagrun for list_s3_files_in_logs to None, run_after=None
[2026-02-09T06:47:50.082+0000] {processor.py:183} INFO - Processing /home/cloud/codings/airflow/dags/list_s3_files_in_logs.py took 0.078 seconds
[2026-02-09T06:48:20.495+0000] {processor.py:161} INFO - Started process (PID=329724) to work on /home/cloud/codings/airflow/dags/list_s3_files_in_logs.py
[2026-02-09T06:48:20.496+0000] {processor.py:830} INFO - Processing file /home/cloud/codings/airflow/dags/list_s3_files_in_logs.py for tasks to queue
[2026-02-09T06:48:20.496+0000] {logging_mixin.py:188} INFO - [2026-02-09T06:48:20.496+0000] {dagbag.py:545} INFO - Filling up the DagBag from /home/cloud/codings/airflow/dags/list_s3_files_in_logs.py
[2026-02-09T06:48:20.506+0000] {processor.py:840} INFO - DAG(s) 'list_s3_files_in_logs' retrieved from /home/cloud/codings/airflow/dags/list_s3_files_in_logs.py
[2026-02-09T06:48:20.526+0000] {logging_mixin.py:188} INFO - [2026-02-09T06:48:20.526+0000] {dag.py:3089} INFO - Sync 1 DAGs
[2026-02-09T06:48:20.540+0000] {logging_mixin.py:188} INFO - [2026-02-09T06:48:20.540+0000] {dag.py:3947} INFO - Setting next_dagrun for list_s3_files_in_logs to None, run_after=None
[2026-02-09T06:48:20.566+0000] {processor.py:183} INFO - Processing /home/cloud/codings/airflow/dags/list_s3_files_in_logs.py took 0.077 seconds
[2026-02-09T06:48:50.978+0000] {processor.py:161} INFO - Started process (PID=329804) to work on /home/cloud/codings/airflow/dags/list_s3_files_in_logs.py
[2026-02-09T06:48:51.002+0000] {processor.py:830} INFO - Processing file /home/cloud/codings/airflow/dags/list_s3_files_in_logs.py for tasks to queue
[2026-02-09T06:48:51.005+0000] {logging_mixin.py:188} INFO - [2026-02-09T06:48:51.004+0000] {dagbag.py:545} INFO - Filling up the DagBag from /home/cloud/codings/airflow/dags/list_s3_files_in_logs.py
[2026-02-09T06:48:51.037+0000] {processor.py:840} INFO - DAG(s) 'list_s3_files_in_logs' retrieved from /home/cloud/codings/airflow/dags/list_s3_files_in_logs.py
[2026-02-09T06:48:51.106+0000] {logging_mixin.py:188} INFO - [2026-02-09T06:48:51.105+0000] {dag.py:3089} INFO - Sync 1 DAGs
[2026-02-09T06:48:51.147+0000] {logging_mixin.py:188} INFO - [2026-02-09T06:48:51.147+0000] {dag.py:3947} INFO - Setting next_dagrun for list_s3_files_in_logs to None, run_after=None
[2026-02-09T06:48:51.211+0000] {processor.py:183} INFO - Processing /home/cloud/codings/airflow/dags/list_s3_files_in_logs.py took 0.251 seconds
[2026-02-09T06:49:21.638+0000] {processor.py:161} INFO - Started process (PID=329884) to work on /home/cloud/codings/airflow/dags/list_s3_files_in_logs.py
[2026-02-09T06:49:21.640+0000] {processor.py:830} INFO - Processing file /home/cloud/codings/airflow/dags/list_s3_files_in_logs.py for tasks to queue
[2026-02-09T06:49:21.642+0000] {logging_mixin.py:188} INFO - [2026-02-09T06:49:21.641+0000] {dagbag.py:545} INFO - Filling up the DagBag from /home/cloud/codings/airflow/dags/list_s3_files_in_logs.py
[2026-02-09T06:49:21.661+0000] {processor.py:840} INFO - DAG(s) 'list_s3_files_in_logs' retrieved from /home/cloud/codings/airflow/dags/list_s3_files_in_logs.py
[2026-02-09T06:49:21.683+0000] {logging_mixin.py:188} INFO - [2026-02-09T06:49:21.683+0000] {dag.py:3089} INFO - Sync 1 DAGs
[2026-02-09T06:49:21.699+0000] {logging_mixin.py:188} INFO - [2026-02-09T06:49:21.699+0000] {dag.py:3947} INFO - Setting next_dagrun for list_s3_files_in_logs to None, run_after=None
[2026-02-09T06:49:21.725+0000] {processor.py:183} INFO - Processing /home/cloud/codings/airflow/dags/list_s3_files_in_logs.py took 0.102 seconds
[2026-02-09T06:49:52.231+0000] {processor.py:161} INFO - Started process (PID=329964) to work on /home/cloud/codings/airflow/dags/list_s3_files_in_logs.py
[2026-02-09T06:49:52.253+0000] {processor.py:830} INFO - Processing file /home/cloud/codings/airflow/dags/list_s3_files_in_logs.py for tasks to queue
[2026-02-09T06:49:52.254+0000] {logging_mixin.py:188} INFO - [2026-02-09T06:49:52.254+0000] {dagbag.py:545} INFO - Filling up the DagBag from /home/cloud/codings/airflow/dags/list_s3_files_in_logs.py
[2026-02-09T06:49:52.267+0000] {processor.py:840} INFO - DAG(s) 'list_s3_files_in_logs' retrieved from /home/cloud/codings/airflow/dags/list_s3_files_in_logs.py
[2026-02-09T06:49:52.292+0000] {logging_mixin.py:188} INFO - [2026-02-09T06:49:52.292+0000] {dag.py:3089} INFO - Sync 1 DAGs
[2026-02-09T06:49:52.308+0000] {logging_mixin.py:188} INFO - [2026-02-09T06:49:52.307+0000] {dag.py:3947} INFO - Setting next_dagrun for list_s3_files_in_logs to None, run_after=None
[2026-02-09T06:49:52.334+0000] {processor.py:183} INFO - Processing /home/cloud/codings/airflow/dags/list_s3_files_in_logs.py took 0.111 seconds
[2026-02-09T06:50:23.040+0000] {processor.py:161} INFO - Started process (PID=330044) to work on /home/cloud/codings/airflow/dags/list_s3_files_in_logs.py
[2026-02-09T06:50:23.059+0000] {processor.py:830} INFO - Processing file /home/cloud/codings/airflow/dags/list_s3_files_in_logs.py for tasks to queue
[2026-02-09T06:50:23.061+0000] {logging_mixin.py:188} INFO - [2026-02-09T06:50:23.060+0000] {dagbag.py:545} INFO - Filling up the DagBag from /home/cloud/codings/airflow/dags/list_s3_files_in_logs.py
[2026-02-09T06:50:23.081+0000] {processor.py:840} INFO - DAG(s) 'list_s3_files_in_logs' retrieved from /home/cloud/codings/airflow/dags/list_s3_files_in_logs.py
[2026-02-09T06:50:23.122+0000] {logging_mixin.py:188} INFO - [2026-02-09T06:50:23.121+0000] {dag.py:3089} INFO - Sync 1 DAGs
[2026-02-09T06:50:23.145+0000] {logging_mixin.py:188} INFO - [2026-02-09T06:50:23.145+0000] {dag.py:3947} INFO - Setting next_dagrun for list_s3_files_in_logs to None, run_after=None
[2026-02-09T06:50:23.177+0000] {processor.py:183} INFO - Processing /home/cloud/codings/airflow/dags/list_s3_files_in_logs.py took 0.149 seconds
[2026-02-09T06:50:53.594+0000] {processor.py:161} INFO - Started process (PID=330126) to work on /home/cloud/codings/airflow/dags/list_s3_files_in_logs.py
[2026-02-09T06:50:53.596+0000] {processor.py:830} INFO - Processing file /home/cloud/codings/airflow/dags/list_s3_files_in_logs.py for tasks to queue
[2026-02-09T06:50:53.597+0000] {logging_mixin.py:188} INFO - [2026-02-09T06:50:53.596+0000] {dagbag.py:545} INFO - Filling up the DagBag from /home/cloud/codings/airflow/dags/list_s3_files_in_logs.py
[2026-02-09T06:50:53.611+0000] {processor.py:840} INFO - DAG(s) 'list_s3_files_in_logs' retrieved from /home/cloud/codings/airflow/dags/list_s3_files_in_logs.py
[2026-02-09T06:50:53.634+0000] {logging_mixin.py:188} INFO - [2026-02-09T06:50:53.634+0000] {dag.py:3089} INFO - Sync 1 DAGs
[2026-02-09T06:50:53.651+0000] {logging_mixin.py:188} INFO - [2026-02-09T06:50:53.651+0000] {dag.py:3947} INFO - Setting next_dagrun for list_s3_files_in_logs to None, run_after=None
[2026-02-09T06:50:53.681+0000] {processor.py:183} INFO - Processing /home/cloud/codings/airflow/dags/list_s3_files_in_logs.py took 0.093 seconds
[2026-02-09T06:51:24.053+0000] {processor.py:161} INFO - Started process (PID=330204) to work on /home/cloud/codings/airflow/dags/list_s3_files_in_logs.py
[2026-02-09T06:51:24.056+0000] {processor.py:830} INFO - Processing file /home/cloud/codings/airflow/dags/list_s3_files_in_logs.py for tasks to queue
[2026-02-09T06:51:24.059+0000] {logging_mixin.py:188} INFO - [2026-02-09T06:51:24.058+0000] {dagbag.py:545} INFO - Filling up the DagBag from /home/cloud/codings/airflow/dags/list_s3_files_in_logs.py
[2026-02-09T06:51:24.084+0000] {processor.py:840} INFO - DAG(s) 'list_s3_files_in_logs' retrieved from /home/cloud/codings/airflow/dags/list_s3_files_in_logs.py
[2026-02-09T06:51:24.133+0000] {logging_mixin.py:188} INFO - [2026-02-09T06:51:24.133+0000] {dag.py:3089} INFO - Sync 1 DAGs
[2026-02-09T06:51:24.168+0000] {logging_mixin.py:188} INFO - [2026-02-09T06:51:24.168+0000] {dag.py:3947} INFO - Setting next_dagrun for list_s3_files_in_logs to None, run_after=None
[2026-02-09T06:51:24.242+0000] {processor.py:183} INFO - Processing /home/cloud/codings/airflow/dags/list_s3_files_in_logs.py took 0.203 seconds
[2026-02-09T06:51:54.577+0000] {processor.py:161} INFO - Started process (PID=330287) to work on /home/cloud/codings/airflow/dags/list_s3_files_in_logs.py
[2026-02-09T06:51:54.578+0000] {processor.py:830} INFO - Processing file /home/cloud/codings/airflow/dags/list_s3_files_in_logs.py for tasks to queue
[2026-02-09T06:51:54.579+0000] {logging_mixin.py:188} INFO - [2026-02-09T06:51:54.579+0000] {dagbag.py:545} INFO - Filling up the DagBag from /home/cloud/codings/airflow/dags/list_s3_files_in_logs.py
[2026-02-09T06:51:54.592+0000] {processor.py:840} INFO - DAG(s) 'list_s3_files_in_logs' retrieved from /home/cloud/codings/airflow/dags/list_s3_files_in_logs.py
[2026-02-09T06:51:54.616+0000] {logging_mixin.py:188} INFO - [2026-02-09T06:51:54.616+0000] {dag.py:3089} INFO - Sync 1 DAGs
[2026-02-09T06:51:54.632+0000] {logging_mixin.py:188} INFO - [2026-02-09T06:51:54.632+0000] {dag.py:3947} INFO - Setting next_dagrun for list_s3_files_in_logs to None, run_after=None
[2026-02-09T06:51:54.664+0000] {processor.py:183} INFO - Processing /home/cloud/codings/airflow/dags/list_s3_files_in_logs.py took 0.094 seconds
[2026-02-09T06:52:24.804+0000] {processor.py:161} INFO - Started process (PID=330367) to work on /home/cloud/codings/airflow/dags/list_s3_files_in_logs.py
[2026-02-09T06:52:24.805+0000] {processor.py:830} INFO - Processing file /home/cloud/codings/airflow/dags/list_s3_files_in_logs.py for tasks to queue
[2026-02-09T06:52:24.806+0000] {logging_mixin.py:188} INFO - [2026-02-09T06:52:24.806+0000] {dagbag.py:545} INFO - Filling up the DagBag from /home/cloud/codings/airflow/dags/list_s3_files_in_logs.py
[2026-02-09T06:52:24.817+0000] {processor.py:840} INFO - DAG(s) 'list_s3_files_in_logs' retrieved from /home/cloud/codings/airflow/dags/list_s3_files_in_logs.py
[2026-02-09T06:52:24.837+0000] {logging_mixin.py:188} INFO - [2026-02-09T06:52:24.836+0000] {dag.py:3089} INFO - Sync 1 DAGs
[2026-02-09T06:52:24.849+0000] {logging_mixin.py:188} INFO - [2026-02-09T06:52:24.849+0000] {dag.py:3947} INFO - Setting next_dagrun for list_s3_files_in_logs to None, run_after=None
[2026-02-09T06:52:24.874+0000] {processor.py:183} INFO - Processing /home/cloud/codings/airflow/dags/list_s3_files_in_logs.py took 0.077 seconds
[2026-02-09T06:52:55.024+0000] {processor.py:161} INFO - Started process (PID=330449) to work on /home/cloud/codings/airflow/dags/list_s3_files_in_logs.py
[2026-02-09T06:52:55.026+0000] {processor.py:830} INFO - Processing file /home/cloud/codings/airflow/dags/list_s3_files_in_logs.py for tasks to queue
[2026-02-09T06:52:55.027+0000] {logging_mixin.py:188} INFO - [2026-02-09T06:52:55.027+0000] {dagbag.py:545} INFO - Filling up the DagBag from /home/cloud/codings/airflow/dags/list_s3_files_in_logs.py
[2026-02-09T06:52:55.047+0000] {processor.py:840} INFO - DAG(s) 'list_s3_files_in_logs' retrieved from /home/cloud/codings/airflow/dags/list_s3_files_in_logs.py
[2026-02-09T06:52:55.080+0000] {logging_mixin.py:188} INFO - [2026-02-09T06:52:55.080+0000] {dag.py:3089} INFO - Sync 1 DAGs
[2026-02-09T06:52:55.096+0000] {logging_mixin.py:188} INFO - [2026-02-09T06:52:55.096+0000] {dag.py:3947} INFO - Setting next_dagrun for list_s3_files_in_logs to None, run_after=None
[2026-02-09T06:52:55.131+0000] {processor.py:183} INFO - Processing /home/cloud/codings/airflow/dags/list_s3_files_in_logs.py took 0.120 seconds
[2026-02-09T06:53:25.644+0000] {processor.py:161} INFO - Started process (PID=330527) to work on /home/cloud/codings/airflow/dags/list_s3_files_in_logs.py
[2026-02-09T06:53:25.662+0000] {processor.py:830} INFO - Processing file /home/cloud/codings/airflow/dags/list_s3_files_in_logs.py for tasks to queue
[2026-02-09T06:53:25.663+0000] {logging_mixin.py:188} INFO - [2026-02-09T06:53:25.663+0000] {dagbag.py:545} INFO - Filling up the DagBag from /home/cloud/codings/airflow/dags/list_s3_files_in_logs.py
[2026-02-09T06:53:25.678+0000] {processor.py:840} INFO - DAG(s) 'list_s3_files_in_logs' retrieved from /home/cloud/codings/airflow/dags/list_s3_files_in_logs.py
[2026-02-09T06:53:25.704+0000] {logging_mixin.py:188} INFO - [2026-02-09T06:53:25.704+0000] {dag.py:3089} INFO - Sync 1 DAGs
[2026-02-09T06:53:25.722+0000] {logging_mixin.py:188} INFO - [2026-02-09T06:53:25.721+0000] {dag.py:3947} INFO - Setting next_dagrun for list_s3_files_in_logs to None, run_after=None
[2026-02-09T06:53:25.753+0000] {processor.py:183} INFO - Processing /home/cloud/codings/airflow/dags/list_s3_files_in_logs.py took 0.117 seconds
[2026-02-09T06:53:56.214+0000] {processor.py:161} INFO - Started process (PID=330609) to work on /home/cloud/codings/airflow/dags/list_s3_files_in_logs.py
[2026-02-09T06:53:56.215+0000] {processor.py:830} INFO - Processing file /home/cloud/codings/airflow/dags/list_s3_files_in_logs.py for tasks to queue
[2026-02-09T06:53:56.217+0000] {logging_mixin.py:188} INFO - [2026-02-09T06:53:56.216+0000] {dagbag.py:545} INFO - Filling up the DagBag from /home/cloud/codings/airflow/dags/list_s3_files_in_logs.py
[2026-02-09T06:53:56.235+0000] {processor.py:840} INFO - DAG(s) 'list_s3_files_in_logs' retrieved from /home/cloud/codings/airflow/dags/list_s3_files_in_logs.py
[2026-02-09T06:53:56.267+0000] {logging_mixin.py:188} INFO - [2026-02-09T06:53:56.267+0000] {dag.py:3089} INFO - Sync 1 DAGs
[2026-02-09T06:53:56.287+0000] {logging_mixin.py:188} INFO - [2026-02-09T06:53:56.287+0000] {dag.py:3947} INFO - Setting next_dagrun for list_s3_files_in_logs to None, run_after=None
[2026-02-09T06:53:56.316+0000] {processor.py:183} INFO - Processing /home/cloud/codings/airflow/dags/list_s3_files_in_logs.py took 0.112 seconds
[2026-02-09T06:54:27.900+0000] {processor.py:161} INFO - Started process (PID=330695) to work on /home/cloud/codings/airflow/dags/list_s3_files_in_logs.py
[2026-02-09T06:54:27.902+0000] {processor.py:830} INFO - Processing file /home/cloud/codings/airflow/dags/list_s3_files_in_logs.py for tasks to queue
[2026-02-09T06:54:27.904+0000] {logging_mixin.py:188} INFO - [2026-02-09T06:54:27.904+0000] {dagbag.py:545} INFO - Filling up the DagBag from /home/cloud/codings/airflow/dags/list_s3_files_in_logs.py
[2026-02-09T06:54:27.927+0000] {processor.py:840} INFO - DAG(s) 'list_s3_files_in_logs' retrieved from /home/cloud/codings/airflow/dags/list_s3_files_in_logs.py
[2026-02-09T06:54:27.972+0000] {logging_mixin.py:188} INFO - [2026-02-09T06:54:27.971+0000] {dag.py:3089} INFO - Sync 1 DAGs
[2026-02-09T06:54:27.999+0000] {logging_mixin.py:188} INFO - [2026-02-09T06:54:27.999+0000] {dag.py:3947} INFO - Setting next_dagrun for list_s3_files_in_logs to None, run_after=None
[2026-02-09T06:54:28.053+0000] {processor.py:183} INFO - Processing /home/cloud/codings/airflow/dags/list_s3_files_in_logs.py took 0.159 seconds
[2026-02-09T06:54:58.360+0000] {processor.py:161} INFO - Started process (PID=330775) to work on /home/cloud/codings/airflow/dags/list_s3_files_in_logs.py
[2026-02-09T06:54:58.361+0000] {processor.py:830} INFO - Processing file /home/cloud/codings/airflow/dags/list_s3_files_in_logs.py for tasks to queue
[2026-02-09T06:54:58.362+0000] {logging_mixin.py:188} INFO - [2026-02-09T06:54:58.362+0000] {dagbag.py:545} INFO - Filling up the DagBag from /home/cloud/codings/airflow/dags/list_s3_files_in_logs.py
[2026-02-09T06:54:58.374+0000] {processor.py:840} INFO - DAG(s) 'list_s3_files_in_logs' retrieved from /home/cloud/codings/airflow/dags/list_s3_files_in_logs.py
[2026-02-09T06:54:58.399+0000] {logging_mixin.py:188} INFO - [2026-02-09T06:54:58.398+0000] {dag.py:3089} INFO - Sync 1 DAGs
[2026-02-09T06:54:58.415+0000] {logging_mixin.py:188} INFO - [2026-02-09T06:54:58.415+0000] {dag.py:3947} INFO - Setting next_dagrun for list_s3_files_in_logs to None, run_after=None
[2026-02-09T06:54:58.443+0000] {processor.py:183} INFO - Processing /home/cloud/codings/airflow/dags/list_s3_files_in_logs.py took 0.089 seconds
[2026-02-09T06:55:29.001+0000] {processor.py:161} INFO - Started process (PID=330855) to work on /home/cloud/codings/airflow/dags/list_s3_files_in_logs.py
[2026-02-09T06:55:29.018+0000] {processor.py:830} INFO - Processing file /home/cloud/codings/airflow/dags/list_s3_files_in_logs.py for tasks to queue
[2026-02-09T06:55:29.020+0000] {logging_mixin.py:188} INFO - [2026-02-09T06:55:29.019+0000] {dagbag.py:545} INFO - Filling up the DagBag from /home/cloud/codings/airflow/dags/list_s3_files_in_logs.py
[2026-02-09T06:55:29.032+0000] {processor.py:840} INFO - DAG(s) 'list_s3_files_in_logs' retrieved from /home/cloud/codings/airflow/dags/list_s3_files_in_logs.py
[2026-02-09T06:55:29.056+0000] {logging_mixin.py:188} INFO - [2026-02-09T06:55:29.055+0000] {dag.py:3089} INFO - Sync 1 DAGs
[2026-02-09T06:55:29.073+0000] {logging_mixin.py:188} INFO - [2026-02-09T06:55:29.072+0000] {dag.py:3947} INFO - Setting next_dagrun for list_s3_files_in_logs to None, run_after=None
[2026-02-09T06:55:29.100+0000] {processor.py:183} INFO - Processing /home/cloud/codings/airflow/dags/list_s3_files_in_logs.py took 0.106 seconds
[2026-02-09T06:55:59.482+0000] {processor.py:161} INFO - Started process (PID=330939) to work on /home/cloud/codings/airflow/dags/list_s3_files_in_logs.py
[2026-02-09T06:55:59.483+0000] {processor.py:830} INFO - Processing file /home/cloud/codings/airflow/dags/list_s3_files_in_logs.py for tasks to queue
[2026-02-09T06:55:59.484+0000] {logging_mixin.py:188} INFO - [2026-02-09T06:55:59.484+0000] {dagbag.py:545} INFO - Filling up the DagBag from /home/cloud/codings/airflow/dags/list_s3_files_in_logs.py
[2026-02-09T06:55:59.495+0000] {processor.py:840} INFO - DAG(s) 'list_s3_files_in_logs' retrieved from /home/cloud/codings/airflow/dags/list_s3_files_in_logs.py
[2026-02-09T06:55:59.518+0000] {logging_mixin.py:188} INFO - [2026-02-09T06:55:59.517+0000] {dag.py:3089} INFO - Sync 1 DAGs
[2026-02-09T06:55:59.537+0000] {logging_mixin.py:188} INFO - [2026-02-09T06:55:59.537+0000] {dag.py:3947} INFO - Setting next_dagrun for list_s3_files_in_logs to None, run_after=None
[2026-02-09T06:55:59.564+0000] {processor.py:183} INFO - Processing /home/cloud/codings/airflow/dags/list_s3_files_in_logs.py took 0.088 seconds
[2026-02-09T06:56:30.019+0000] {processor.py:161} INFO - Started process (PID=331017) to work on /home/cloud/codings/airflow/dags/list_s3_files_in_logs.py
[2026-02-09T06:56:30.037+0000] {processor.py:830} INFO - Processing file /home/cloud/codings/airflow/dags/list_s3_files_in_logs.py for tasks to queue
[2026-02-09T06:56:30.038+0000] {logging_mixin.py:188} INFO - [2026-02-09T06:56:30.037+0000] {dagbag.py:545} INFO - Filling up the DagBag from /home/cloud/codings/airflow/dags/list_s3_files_in_logs.py
[2026-02-09T06:56:30.048+0000] {processor.py:840} INFO - DAG(s) 'list_s3_files_in_logs' retrieved from /home/cloud/codings/airflow/dags/list_s3_files_in_logs.py
[2026-02-09T06:56:30.073+0000] {logging_mixin.py:188} INFO - [2026-02-09T06:56:30.073+0000] {dag.py:3089} INFO - Sync 1 DAGs
[2026-02-09T06:56:30.090+0000] {logging_mixin.py:188} INFO - [2026-02-09T06:56:30.090+0000] {dag.py:3947} INFO - Setting next_dagrun for list_s3_files_in_logs to None, run_after=None
[2026-02-09T06:56:30.126+0000] {processor.py:183} INFO - Processing /home/cloud/codings/airflow/dags/list_s3_files_in_logs.py took 0.113 seconds
[2026-02-09T06:57:00.569+0000] {processor.py:161} INFO - Started process (PID=331097) to work on /home/cloud/codings/airflow/dags/list_s3_files_in_logs.py
[2026-02-09T06:57:00.570+0000] {processor.py:830} INFO - Processing file /home/cloud/codings/airflow/dags/list_s3_files_in_logs.py for tasks to queue
[2026-02-09T06:57:00.571+0000] {logging_mixin.py:188} INFO - [2026-02-09T06:57:00.570+0000] {dagbag.py:545} INFO - Filling up the DagBag from /home/cloud/codings/airflow/dags/list_s3_files_in_logs.py
[2026-02-09T06:57:00.582+0000] {processor.py:840} INFO - DAG(s) 'list_s3_files_in_logs' retrieved from /home/cloud/codings/airflow/dags/list_s3_files_in_logs.py
[2026-02-09T06:57:00.608+0000] {logging_mixin.py:188} INFO - [2026-02-09T06:57:00.608+0000] {dag.py:3089} INFO - Sync 1 DAGs
[2026-02-09T06:57:00.630+0000] {logging_mixin.py:188} INFO - [2026-02-09T06:57:00.629+0000] {dag.py:3947} INFO - Setting next_dagrun for list_s3_files_in_logs to None, run_after=None
[2026-02-09T06:57:00.667+0000] {processor.py:183} INFO - Processing /home/cloud/codings/airflow/dags/list_s3_files_in_logs.py took 0.104 seconds
[2026-02-09T06:57:31.155+0000] {processor.py:161} INFO - Started process (PID=331179) to work on /home/cloud/codings/airflow/dags/list_s3_files_in_logs.py
[2026-02-09T06:57:31.173+0000] {processor.py:830} INFO - Processing file /home/cloud/codings/airflow/dags/list_s3_files_in_logs.py for tasks to queue
[2026-02-09T06:57:31.174+0000] {logging_mixin.py:188} INFO - [2026-02-09T06:57:31.173+0000] {dagbag.py:545} INFO - Filling up the DagBag from /home/cloud/codings/airflow/dags/list_s3_files_in_logs.py
[2026-02-09T06:57:31.186+0000] {processor.py:840} INFO - DAG(s) 'list_s3_files_in_logs' retrieved from /home/cloud/codings/airflow/dags/list_s3_files_in_logs.py
[2026-02-09T06:57:31.208+0000] {logging_mixin.py:188} INFO - [2026-02-09T06:57:31.208+0000] {dag.py:3089} INFO - Sync 1 DAGs
[2026-02-09T06:57:31.224+0000] {logging_mixin.py:188} INFO - [2026-02-09T06:57:31.223+0000] {dag.py:3947} INFO - Setting next_dagrun for list_s3_files_in_logs to None, run_after=None
[2026-02-09T06:57:31.250+0000] {processor.py:183} INFO - Processing /home/cloud/codings/airflow/dags/list_s3_files_in_logs.py took 0.101 seconds
[2026-02-09T06:58:01.737+0000] {processor.py:161} INFO - Started process (PID=331259) to work on /home/cloud/codings/airflow/dags/list_s3_files_in_logs.py
[2026-02-09T06:58:01.739+0000] {processor.py:830} INFO - Processing file /home/cloud/codings/airflow/dags/list_s3_files_in_logs.py for tasks to queue
[2026-02-09T06:58:01.740+0000] {logging_mixin.py:188} INFO - [2026-02-09T06:58:01.739+0000] {dagbag.py:545} INFO - Filling up the DagBag from /home/cloud/codings/airflow/dags/list_s3_files_in_logs.py
[2026-02-09T06:58:01.754+0000] {processor.py:840} INFO - DAG(s) 'list_s3_files_in_logs' retrieved from /home/cloud/codings/airflow/dags/list_s3_files_in_logs.py
[2026-02-09T06:58:01.776+0000] {logging_mixin.py:188} INFO - [2026-02-09T06:58:01.776+0000] {dag.py:3089} INFO - Sync 1 DAGs
[2026-02-09T06:58:01.791+0000] {logging_mixin.py:188} INFO - [2026-02-09T06:58:01.791+0000] {dag.py:3947} INFO - Setting next_dagrun for list_s3_files_in_logs to None, run_after=None
[2026-02-09T06:58:01.824+0000] {processor.py:183} INFO - Processing /home/cloud/codings/airflow/dags/list_s3_files_in_logs.py took 0.096 seconds
[2026-02-09T06:58:32.093+0000] {processor.py:161} INFO - Started process (PID=331345) to work on /home/cloud/codings/airflow/dags/list_s3_files_in_logs.py
[2026-02-09T06:58:32.111+0000] {processor.py:830} INFO - Processing file /home/cloud/codings/airflow/dags/list_s3_files_in_logs.py for tasks to queue
[2026-02-09T06:58:32.112+0000] {logging_mixin.py:188} INFO - [2026-02-09T06:58:32.112+0000] {dagbag.py:545} INFO - Filling up the DagBag from /home/cloud/codings/airflow/dags/list_s3_files_in_logs.py
[2026-02-09T06:58:32.125+0000] {processor.py:840} INFO - DAG(s) 'list_s3_files_in_logs' retrieved from /home/cloud/codings/airflow/dags/list_s3_files_in_logs.py
[2026-02-09T06:58:32.150+0000] {logging_mixin.py:188} INFO - [2026-02-09T06:58:32.149+0000] {dag.py:3089} INFO - Sync 1 DAGs
[2026-02-09T06:58:32.164+0000] {logging_mixin.py:188} INFO - [2026-02-09T06:58:32.164+0000] {dag.py:3947} INFO - Setting next_dagrun for list_s3_files_in_logs to None, run_after=None
[2026-02-09T06:58:32.197+0000] {processor.py:183} INFO - Processing /home/cloud/codings/airflow/dags/list_s3_files_in_logs.py took 0.110 seconds
[2026-02-09T06:59:02.554+0000] {processor.py:161} INFO - Started process (PID=331425) to work on /home/cloud/codings/airflow/dags/list_s3_files_in_logs.py
[2026-02-09T06:59:02.581+0000] {processor.py:830} INFO - Processing file /home/cloud/codings/airflow/dags/list_s3_files_in_logs.py for tasks to queue
[2026-02-09T06:59:02.584+0000] {logging_mixin.py:188} INFO - [2026-02-09T06:59:02.582+0000] {dagbag.py:545} INFO - Filling up the DagBag from /home/cloud/codings/airflow/dags/list_s3_files_in_logs.py
[2026-02-09T06:59:02.615+0000] {processor.py:840} INFO - DAG(s) 'list_s3_files_in_logs' retrieved from /home/cloud/codings/airflow/dags/list_s3_files_in_logs.py
[2026-02-09T06:59:02.679+0000] {logging_mixin.py:188} INFO - [2026-02-09T06:59:02.678+0000] {dag.py:3089} INFO - Sync 1 DAGs
[2026-02-09T06:59:02.709+0000] {logging_mixin.py:188} INFO - [2026-02-09T06:59:02.708+0000] {dag.py:3947} INFO - Setting next_dagrun for list_s3_files_in_logs to None, run_after=None
[2026-02-09T06:59:02.772+0000] {processor.py:183} INFO - Processing /home/cloud/codings/airflow/dags/list_s3_files_in_logs.py took 0.235 seconds
[2026-02-09T06:59:33.094+0000] {processor.py:161} INFO - Started process (PID=331508) to work on /home/cloud/codings/airflow/dags/list_s3_files_in_logs.py
[2026-02-09T06:59:33.095+0000] {processor.py:830} INFO - Processing file /home/cloud/codings/airflow/dags/list_s3_files_in_logs.py for tasks to queue
[2026-02-09T06:59:33.096+0000] {logging_mixin.py:188} INFO - [2026-02-09T06:59:33.096+0000] {dagbag.py:545} INFO - Filling up the DagBag from /home/cloud/codings/airflow/dags/list_s3_files_in_logs.py
[2026-02-09T06:59:33.107+0000] {processor.py:840} INFO - DAG(s) 'list_s3_files_in_logs' retrieved from /home/cloud/codings/airflow/dags/list_s3_files_in_logs.py
[2026-02-09T06:59:33.127+0000] {logging_mixin.py:188} INFO - [2026-02-09T06:59:33.126+0000] {dag.py:3089} INFO - Sync 1 DAGs
[2026-02-09T06:59:33.139+0000] {logging_mixin.py:188} INFO - [2026-02-09T06:59:33.139+0000] {dag.py:3947} INFO - Setting next_dagrun for list_s3_files_in_logs to None, run_after=None
[2026-02-09T06:59:33.163+0000] {processor.py:183} INFO - Processing /home/cloud/codings/airflow/dags/list_s3_files_in_logs.py took 0.075 seconds
[2026-02-09T07:00:03.698+0000] {processor.py:161} INFO - Started process (PID=331586) to work on /home/cloud/codings/airflow/dags/list_s3_files_in_logs.py
[2026-02-09T07:00:03.715+0000] {processor.py:830} INFO - Processing file /home/cloud/codings/airflow/dags/list_s3_files_in_logs.py for tasks to queue
[2026-02-09T07:00:03.716+0000] {logging_mixin.py:188} INFO - [2026-02-09T07:00:03.716+0000] {dagbag.py:545} INFO - Filling up the DagBag from /home/cloud/codings/airflow/dags/list_s3_files_in_logs.py
[2026-02-09T07:00:03.727+0000] {processor.py:840} INFO - DAG(s) 'list_s3_files_in_logs' retrieved from /home/cloud/codings/airflow/dags/list_s3_files_in_logs.py
[2026-02-09T07:00:03.748+0000] {logging_mixin.py:188} INFO - [2026-02-09T07:00:03.748+0000] {dag.py:3089} INFO - Sync 1 DAGs
[2026-02-09T07:00:03.763+0000] {logging_mixin.py:188} INFO - [2026-02-09T07:00:03.763+0000] {dag.py:3947} INFO - Setting next_dagrun for list_s3_files_in_logs to None, run_after=None
[2026-02-09T07:00:03.798+0000] {processor.py:183} INFO - Processing /home/cloud/codings/airflow/dags/list_s3_files_in_logs.py took 0.106 seconds
[2026-02-09T07:00:34.261+0000] {processor.py:161} INFO - Started process (PID=331668) to work on /home/cloud/codings/airflow/dags/list_s3_files_in_logs.py
[2026-02-09T07:00:34.262+0000] {processor.py:830} INFO - Processing file /home/cloud/codings/airflow/dags/list_s3_files_in_logs.py for tasks to queue
[2026-02-09T07:00:34.263+0000] {logging_mixin.py:188} INFO - [2026-02-09T07:00:34.262+0000] {dagbag.py:545} INFO - Filling up the DagBag from /home/cloud/codings/airflow/dags/list_s3_files_in_logs.py
[2026-02-09T07:00:34.276+0000] {processor.py:840} INFO - DAG(s) 'list_s3_files_in_logs' retrieved from /home/cloud/codings/airflow/dags/list_s3_files_in_logs.py
[2026-02-09T07:00:34.302+0000] {logging_mixin.py:188} INFO - [2026-02-09T07:00:34.302+0000] {dag.py:3089} INFO - Sync 1 DAGs
[2026-02-09T07:00:34.317+0000] {logging_mixin.py:188} INFO - [2026-02-09T07:00:34.317+0000] {dag.py:3947} INFO - Setting next_dagrun for list_s3_files_in_logs to None, run_after=None
[2026-02-09T07:00:34.342+0000] {processor.py:183} INFO - Processing /home/cloud/codings/airflow/dags/list_s3_files_in_logs.py took 0.088 seconds
[2026-02-09T07:01:04.808+0000] {processor.py:161} INFO - Started process (PID=331754) to work on /home/cloud/codings/airflow/dags/list_s3_files_in_logs.py
[2026-02-09T07:01:04.836+0000] {processor.py:830} INFO - Processing file /home/cloud/codings/airflow/dags/list_s3_files_in_logs.py for tasks to queue
[2026-02-09T07:01:04.838+0000] {logging_mixin.py:188} INFO - [2026-02-09T07:01:04.837+0000] {dagbag.py:545} INFO - Filling up the DagBag from /home/cloud/codings/airflow/dags/list_s3_files_in_logs.py
[2026-02-09T07:01:04.850+0000] {processor.py:840} INFO - DAG(s) 'list_s3_files_in_logs' retrieved from /home/cloud/codings/airflow/dags/list_s3_files_in_logs.py
[2026-02-09T07:01:04.871+0000] {logging_mixin.py:188} INFO - [2026-02-09T07:01:04.871+0000] {dag.py:3089} INFO - Sync 1 DAGs
[2026-02-09T07:01:04.885+0000] {logging_mixin.py:188} INFO - [2026-02-09T07:01:04.885+0000] {dag.py:3947} INFO - Setting next_dagrun for list_s3_files_in_logs to None, run_after=None
[2026-02-09T07:01:04.914+0000] {processor.py:183} INFO - Processing /home/cloud/codings/airflow/dags/list_s3_files_in_logs.py took 0.112 seconds
[2026-02-09T07:01:35.306+0000] {processor.py:161} INFO - Started process (PID=331834) to work on /home/cloud/codings/airflow/dags/list_s3_files_in_logs.py
[2026-02-09T07:01:35.309+0000] {processor.py:830} INFO - Processing file /home/cloud/codings/airflow/dags/list_s3_files_in_logs.py for tasks to queue
[2026-02-09T07:01:35.312+0000] {logging_mixin.py:188} INFO - [2026-02-09T07:01:35.311+0000] {dagbag.py:545} INFO - Filling up the DagBag from /home/cloud/codings/airflow/dags/list_s3_files_in_logs.py
[2026-02-09T07:01:35.341+0000] {processor.py:840} INFO - DAG(s) 'list_s3_files_in_logs' retrieved from /home/cloud/codings/airflow/dags/list_s3_files_in_logs.py
[2026-02-09T07:01:35.380+0000] {logging_mixin.py:188} INFO - [2026-02-09T07:01:35.379+0000] {dag.py:3089} INFO - Sync 1 DAGs
[2026-02-09T07:01:35.399+0000] {logging_mixin.py:188} INFO - [2026-02-09T07:01:35.399+0000] {dag.py:3947} INFO - Setting next_dagrun for list_s3_files_in_logs to None, run_after=None
[2026-02-09T07:01:35.432+0000] {processor.py:183} INFO - Processing /home/cloud/codings/airflow/dags/list_s3_files_in_logs.py took 0.147 seconds
[2026-02-09T07:02:05.746+0000] {processor.py:161} INFO - Started process (PID=331914) to work on /home/cloud/codings/airflow/dags/list_s3_files_in_logs.py
[2026-02-09T07:02:05.764+0000] {processor.py:830} INFO - Processing file /home/cloud/codings/airflow/dags/list_s3_files_in_logs.py for tasks to queue
[2026-02-09T07:02:05.765+0000] {logging_mixin.py:188} INFO - [2026-02-09T07:02:05.764+0000] {dagbag.py:545} INFO - Filling up the DagBag from /home/cloud/codings/airflow/dags/list_s3_files_in_logs.py
[2026-02-09T07:02:05.777+0000] {processor.py:840} INFO - DAG(s) 'list_s3_files_in_logs' retrieved from /home/cloud/codings/airflow/dags/list_s3_files_in_logs.py
[2026-02-09T07:02:05.800+0000] {logging_mixin.py:188} INFO - [2026-02-09T07:02:05.799+0000] {dag.py:3089} INFO - Sync 1 DAGs
[2026-02-09T07:02:05.817+0000] {logging_mixin.py:188} INFO - [2026-02-09T07:02:05.817+0000] {dag.py:3947} INFO - Setting next_dagrun for list_s3_files_in_logs to None, run_after=None
[2026-02-09T07:02:05.849+0000] {processor.py:183} INFO - Processing /home/cloud/codings/airflow/dags/list_s3_files_in_logs.py took 0.112 seconds
[2026-02-09T07:02:36.178+0000] {processor.py:161} INFO - Started process (PID=331994) to work on /home/cloud/codings/airflow/dags/list_s3_files_in_logs.py
[2026-02-09T07:02:36.179+0000] {processor.py:830} INFO - Processing file /home/cloud/codings/airflow/dags/list_s3_files_in_logs.py for tasks to queue
[2026-02-09T07:02:36.180+0000] {logging_mixin.py:188} INFO - [2026-02-09T07:02:36.180+0000] {dagbag.py:545} INFO - Filling up the DagBag from /home/cloud/codings/airflow/dags/list_s3_files_in_logs.py
[2026-02-09T07:02:36.193+0000] {processor.py:840} INFO - DAG(s) 'list_s3_files_in_logs' retrieved from /home/cloud/codings/airflow/dags/list_s3_files_in_logs.py
[2026-02-09T07:02:36.214+0000] {logging_mixin.py:188} INFO - [2026-02-09T07:02:36.213+0000] {dag.py:3089} INFO - Sync 1 DAGs
[2026-02-09T07:02:36.228+0000] {logging_mixin.py:188} INFO - [2026-02-09T07:02:36.228+0000] {dag.py:3947} INFO - Setting next_dagrun for list_s3_files_in_logs to None, run_after=None
[2026-02-09T07:02:36.253+0000] {processor.py:183} INFO - Processing /home/cloud/codings/airflow/dags/list_s3_files_in_logs.py took 0.084 seconds
[2026-02-09T07:03:06.665+0000] {processor.py:161} INFO - Started process (PID=332074) to work on /home/cloud/codings/airflow/dags/list_s3_files_in_logs.py
[2026-02-09T07:03:06.682+0000] {processor.py:830} INFO - Processing file /home/cloud/codings/airflow/dags/list_s3_files_in_logs.py for tasks to queue
[2026-02-09T07:03:06.684+0000] {logging_mixin.py:188} INFO - [2026-02-09T07:03:06.683+0000] {dagbag.py:545} INFO - Filling up the DagBag from /home/cloud/codings/airflow/dags/list_s3_files_in_logs.py
[2026-02-09T07:03:06.698+0000] {processor.py:840} INFO - DAG(s) 'list_s3_files_in_logs' retrieved from /home/cloud/codings/airflow/dags/list_s3_files_in_logs.py
[2026-02-09T07:03:06.720+0000] {logging_mixin.py:188} INFO - [2026-02-09T07:03:06.720+0000] {dag.py:3089} INFO - Sync 1 DAGs
[2026-02-09T07:03:06.733+0000] {logging_mixin.py:188} INFO - [2026-02-09T07:03:06.732+0000] {dag.py:3947} INFO - Setting next_dagrun for list_s3_files_in_logs to None, run_after=None
[2026-02-09T07:03:06.757+0000] {processor.py:183} INFO - Processing /home/cloud/codings/airflow/dags/list_s3_files_in_logs.py took 0.099 seconds
[2026-02-09T07:03:37.178+0000] {processor.py:161} INFO - Started process (PID=332162) to work on /home/cloud/codings/airflow/dags/list_s3_files_in_logs.py
[2026-02-09T07:03:37.179+0000] {processor.py:830} INFO - Processing file /home/cloud/codings/airflow/dags/list_s3_files_in_logs.py for tasks to queue
[2026-02-09T07:03:37.180+0000] {logging_mixin.py:188} INFO - [2026-02-09T07:03:37.179+0000] {dagbag.py:545} INFO - Filling up the DagBag from /home/cloud/codings/airflow/dags/list_s3_files_in_logs.py
[2026-02-09T07:03:37.191+0000] {processor.py:840} INFO - DAG(s) 'list_s3_files_in_logs' retrieved from /home/cloud/codings/airflow/dags/list_s3_files_in_logs.py
[2026-02-09T07:03:37.212+0000] {logging_mixin.py:188} INFO - [2026-02-09T07:03:37.212+0000] {dag.py:3089} INFO - Sync 1 DAGs
[2026-02-09T07:03:37.226+0000] {logging_mixin.py:188} INFO - [2026-02-09T07:03:37.226+0000] {dag.py:3947} INFO - Setting next_dagrun for list_s3_files_in_logs to None, run_after=None
[2026-02-09T07:03:37.256+0000] {processor.py:183} INFO - Processing /home/cloud/codings/airflow/dags/list_s3_files_in_logs.py took 0.084 seconds
[2026-02-09T07:04:07.858+0000] {processor.py:161} INFO - Started process (PID=332240) to work on /home/cloud/codings/airflow/dags/list_s3_files_in_logs.py
[2026-02-09T07:04:07.875+0000] {processor.py:830} INFO - Processing file /home/cloud/codings/airflow/dags/list_s3_files_in_logs.py for tasks to queue
[2026-02-09T07:04:07.876+0000] {logging_mixin.py:188} INFO - [2026-02-09T07:04:07.875+0000] {dagbag.py:545} INFO - Filling up the DagBag from /home/cloud/codings/airflow/dags/list_s3_files_in_logs.py
[2026-02-09T07:04:07.886+0000] {processor.py:840} INFO - DAG(s) 'list_s3_files_in_logs' retrieved from /home/cloud/codings/airflow/dags/list_s3_files_in_logs.py
[2026-02-09T07:04:07.905+0000] {logging_mixin.py:188} INFO - [2026-02-09T07:04:07.905+0000] {dag.py:3089} INFO - Sync 1 DAGs
[2026-02-09T07:04:07.918+0000] {logging_mixin.py:188} INFO - [2026-02-09T07:04:07.918+0000] {dag.py:3947} INFO - Setting next_dagrun for list_s3_files_in_logs to None, run_after=None
[2026-02-09T07:04:07.941+0000] {processor.py:183} INFO - Processing /home/cloud/codings/airflow/dags/list_s3_files_in_logs.py took 0.091 seconds
[2026-02-09T07:04:38.399+0000] {processor.py:161} INFO - Started process (PID=332322) to work on /home/cloud/codings/airflow/dags/list_s3_files_in_logs.py
[2026-02-09T07:04:38.401+0000] {processor.py:830} INFO - Processing file /home/cloud/codings/airflow/dags/list_s3_files_in_logs.py for tasks to queue
[2026-02-09T07:04:38.402+0000] {logging_mixin.py:188} INFO - [2026-02-09T07:04:38.402+0000] {dagbag.py:545} INFO - Filling up the DagBag from /home/cloud/codings/airflow/dags/list_s3_files_in_logs.py
[2026-02-09T07:04:38.419+0000] {processor.py:840} INFO - DAG(s) 'list_s3_files_in_logs' retrieved from /home/cloud/codings/airflow/dags/list_s3_files_in_logs.py
[2026-02-09T07:04:38.453+0000] {logging_mixin.py:188} INFO - [2026-02-09T07:04:38.453+0000] {dag.py:3089} INFO - Sync 1 DAGs
[2026-02-09T07:04:38.479+0000] {logging_mixin.py:188} INFO - [2026-02-09T07:04:38.478+0000] {dag.py:3947} INFO - Setting next_dagrun for list_s3_files_in_logs to None, run_after=None
[2026-02-09T07:04:38.516+0000] {processor.py:183} INFO - Processing /home/cloud/codings/airflow/dags/list_s3_files_in_logs.py took 0.126 seconds
[2026-02-09T07:05:08.818+0000] {processor.py:161} INFO - Started process (PID=332402) to work on /home/cloud/codings/airflow/dags/list_s3_files_in_logs.py
[2026-02-09T07:05:08.823+0000] {processor.py:830} INFO - Processing file /home/cloud/codings/airflow/dags/list_s3_files_in_logs.py for tasks to queue
[2026-02-09T07:05:08.826+0000] {logging_mixin.py:188} INFO - [2026-02-09T07:05:08.825+0000] {dagbag.py:545} INFO - Filling up the DagBag from /home/cloud/codings/airflow/dags/list_s3_files_in_logs.py
[2026-02-09T07:05:08.865+0000] {processor.py:840} INFO - DAG(s) 'list_s3_files_in_logs' retrieved from /home/cloud/codings/airflow/dags/list_s3_files_in_logs.py
[2026-02-09T07:05:08.914+0000] {logging_mixin.py:188} INFO - [2026-02-09T07:05:08.913+0000] {dag.py:3089} INFO - Sync 1 DAGs
[2026-02-09T07:05:08.934+0000] {logging_mixin.py:188} INFO - [2026-02-09T07:05:08.934+0000] {dag.py:3947} INFO - Setting next_dagrun for list_s3_files_in_logs to None, run_after=None
[2026-02-09T07:05:08.961+0000] {processor.py:183} INFO - Processing /home/cloud/codings/airflow/dags/list_s3_files_in_logs.py took 0.167 seconds
[2026-02-09T07:05:39.202+0000] {processor.py:161} INFO - Started process (PID=332482) to work on /home/cloud/codings/airflow/dags/list_s3_files_in_logs.py
[2026-02-09T07:05:39.204+0000] {processor.py:830} INFO - Processing file /home/cloud/codings/airflow/dags/list_s3_files_in_logs.py for tasks to queue
[2026-02-09T07:05:39.204+0000] {logging_mixin.py:188} INFO - [2026-02-09T07:05:39.204+0000] {dagbag.py:545} INFO - Filling up the DagBag from /home/cloud/codings/airflow/dags/list_s3_files_in_logs.py
[2026-02-09T07:05:39.216+0000] {processor.py:840} INFO - DAG(s) 'list_s3_files_in_logs' retrieved from /home/cloud/codings/airflow/dags/list_s3_files_in_logs.py
[2026-02-09T07:05:39.237+0000] {logging_mixin.py:188} INFO - [2026-02-09T07:05:39.237+0000] {dag.py:3089} INFO - Sync 1 DAGs
[2026-02-09T07:05:39.251+0000] {logging_mixin.py:188} INFO - [2026-02-09T07:05:39.251+0000] {dag.py:3947} INFO - Setting next_dagrun for list_s3_files_in_logs to None, run_after=None
[2026-02-09T07:05:39.274+0000] {processor.py:183} INFO - Processing /home/cloud/codings/airflow/dags/list_s3_files_in_logs.py took 0.078 seconds
[2026-02-09T07:06:09.595+0000] {processor.py:161} INFO - Started process (PID=332568) to work on /home/cloud/codings/airflow/dags/list_s3_files_in_logs.py
[2026-02-09T07:06:09.596+0000] {processor.py:830} INFO - Processing file /home/cloud/codings/airflow/dags/list_s3_files_in_logs.py for tasks to queue
[2026-02-09T07:06:09.597+0000] {logging_mixin.py:188} INFO - [2026-02-09T07:06:09.597+0000] {dagbag.py:545} INFO - Filling up the DagBag from /home/cloud/codings/airflow/dags/list_s3_files_in_logs.py
[2026-02-09T07:06:09.612+0000] {processor.py:840} INFO - DAG(s) 'list_s3_files_in_logs' retrieved from /home/cloud/codings/airflow/dags/list_s3_files_in_logs.py
[2026-02-09T07:06:09.636+0000] {logging_mixin.py:188} INFO - [2026-02-09T07:06:09.636+0000] {dag.py:3089} INFO - Sync 1 DAGs
[2026-02-09T07:06:09.651+0000] {logging_mixin.py:188} INFO - [2026-02-09T07:06:09.651+0000] {dag.py:3947} INFO - Setting next_dagrun for list_s3_files_in_logs to None, run_after=None
[2026-02-09T07:06:09.680+0000] {processor.py:183} INFO - Processing /home/cloud/codings/airflow/dags/list_s3_files_in_logs.py took 0.092 seconds
[2026-02-09T07:06:39.998+0000] {processor.py:161} INFO - Started process (PID=332648) to work on /home/cloud/codings/airflow/dags/list_s3_files_in_logs.py
[2026-02-09T07:06:40.000+0000] {processor.py:830} INFO - Processing file /home/cloud/codings/airflow/dags/list_s3_files_in_logs.py for tasks to queue
[2026-02-09T07:06:40.001+0000] {logging_mixin.py:188} INFO - [2026-02-09T07:06:40.000+0000] {dagbag.py:545} INFO - Filling up the DagBag from /home/cloud/codings/airflow/dags/list_s3_files_in_logs.py
[2026-02-09T07:06:40.014+0000] {processor.py:840} INFO - DAG(s) 'list_s3_files_in_logs' retrieved from /home/cloud/codings/airflow/dags/list_s3_files_in_logs.py
[2026-02-09T07:06:40.038+0000] {logging_mixin.py:188} INFO - [2026-02-09T07:06:40.037+0000] {dag.py:3089} INFO - Sync 1 DAGs
[2026-02-09T07:06:40.053+0000] {logging_mixin.py:188} INFO - [2026-02-09T07:06:40.053+0000] {dag.py:3947} INFO - Setting next_dagrun for list_s3_files_in_logs to None, run_after=None
[2026-02-09T07:06:40.082+0000] {processor.py:183} INFO - Processing /home/cloud/codings/airflow/dags/list_s3_files_in_logs.py took 0.090 seconds
[2026-02-09T07:07:10.388+0000] {processor.py:161} INFO - Started process (PID=332728) to work on /home/cloud/codings/airflow/dags/list_s3_files_in_logs.py
[2026-02-09T07:07:10.389+0000] {processor.py:830} INFO - Processing file /home/cloud/codings/airflow/dags/list_s3_files_in_logs.py for tasks to queue
[2026-02-09T07:07:10.390+0000] {logging_mixin.py:188} INFO - [2026-02-09T07:07:10.390+0000] {dagbag.py:545} INFO - Filling up the DagBag from /home/cloud/codings/airflow/dags/list_s3_files_in_logs.py
[2026-02-09T07:07:10.405+0000] {processor.py:840} INFO - DAG(s) 'list_s3_files_in_logs' retrieved from /home/cloud/codings/airflow/dags/list_s3_files_in_logs.py
[2026-02-09T07:07:10.428+0000] {logging_mixin.py:188} INFO - [2026-02-09T07:07:10.428+0000] {dag.py:3089} INFO - Sync 1 DAGs
[2026-02-09T07:07:10.442+0000] {logging_mixin.py:188} INFO - [2026-02-09T07:07:10.442+0000] {dag.py:3947} INFO - Setting next_dagrun for list_s3_files_in_logs to None, run_after=None
[2026-02-09T07:07:10.468+0000] {processor.py:183} INFO - Processing /home/cloud/codings/airflow/dags/list_s3_files_in_logs.py took 0.088 seconds
[2026-02-09T07:07:40.778+0000] {processor.py:161} INFO - Started process (PID=332810) to work on /home/cloud/codings/airflow/dags/list_s3_files_in_logs.py
[2026-02-09T07:07:40.779+0000] {processor.py:830} INFO - Processing file /home/cloud/codings/airflow/dags/list_s3_files_in_logs.py for tasks to queue
[2026-02-09T07:07:40.780+0000] {logging_mixin.py:188} INFO - [2026-02-09T07:07:40.780+0000] {dagbag.py:545} INFO - Filling up the DagBag from /home/cloud/codings/airflow/dags/list_s3_files_in_logs.py
[2026-02-09T07:07:40.793+0000] {processor.py:840} INFO - DAG(s) 'list_s3_files_in_logs' retrieved from /home/cloud/codings/airflow/dags/list_s3_files_in_logs.py
[2026-02-09T07:07:40.816+0000] {logging_mixin.py:188} INFO - [2026-02-09T07:07:40.815+0000] {dag.py:3089} INFO - Sync 1 DAGs
[2026-02-09T07:07:40.830+0000] {logging_mixin.py:188} INFO - [2026-02-09T07:07:40.830+0000] {dag.py:3947} INFO - Setting next_dagrun for list_s3_files_in_logs to None, run_after=None
[2026-02-09T07:07:40.856+0000] {processor.py:183} INFO - Processing /home/cloud/codings/airflow/dags/list_s3_files_in_logs.py took 0.086 seconds
[2026-02-09T07:08:11.184+0000] {processor.py:161} INFO - Started process (PID=332914) to work on /home/cloud/codings/airflow/dags/list_s3_files_in_logs.py
[2026-02-09T07:08:11.186+0000] {processor.py:830} INFO - Processing file /home/cloud/codings/airflow/dags/list_s3_files_in_logs.py for tasks to queue
[2026-02-09T07:08:11.188+0000] {logging_mixin.py:188} INFO - [2026-02-09T07:08:11.187+0000] {dagbag.py:545} INFO - Filling up the DagBag from /home/cloud/codings/airflow/dags/list_s3_files_in_logs.py
[2026-02-09T07:08:11.209+0000] {processor.py:840} INFO - DAG(s) 'list_s3_files_in_logs' retrieved from /home/cloud/codings/airflow/dags/list_s3_files_in_logs.py
[2026-02-09T07:08:11.240+0000] {logging_mixin.py:188} INFO - [2026-02-09T07:08:11.240+0000] {dag.py:3089} INFO - Sync 1 DAGs
[2026-02-09T07:08:11.260+0000] {logging_mixin.py:188} INFO - [2026-02-09T07:08:11.260+0000] {dag.py:3947} INFO - Setting next_dagrun for list_s3_files_in_logs to None, run_after=None
[2026-02-09T07:08:11.294+0000] {processor.py:183} INFO - Processing /home/cloud/codings/airflow/dags/list_s3_files_in_logs.py took 0.121 seconds
[2026-02-09T07:08:41.667+0000] {processor.py:161} INFO - Started process (PID=332996) to work on /home/cloud/codings/airflow/dags/list_s3_files_in_logs.py
[2026-02-09T07:08:41.669+0000] {processor.py:830} INFO - Processing file /home/cloud/codings/airflow/dags/list_s3_files_in_logs.py for tasks to queue
[2026-02-09T07:08:41.670+0000] {logging_mixin.py:188} INFO - [2026-02-09T07:08:41.670+0000] {dagbag.py:545} INFO - Filling up the DagBag from /home/cloud/codings/airflow/dags/list_s3_files_in_logs.py
[2026-02-09T07:08:41.686+0000] {processor.py:840} INFO - DAG(s) 'list_s3_files_in_logs' retrieved from /home/cloud/codings/airflow/dags/list_s3_files_in_logs.py
[2026-02-09T07:08:41.715+0000] {logging_mixin.py:188} INFO - [2026-02-09T07:08:41.715+0000] {dag.py:3089} INFO - Sync 1 DAGs
[2026-02-09T07:08:41.732+0000] {logging_mixin.py:188} INFO - [2026-02-09T07:08:41.732+0000] {dag.py:3947} INFO - Setting next_dagrun for list_s3_files_in_logs to None, run_after=None
[2026-02-09T07:08:41.764+0000] {processor.py:183} INFO - Processing /home/cloud/codings/airflow/dags/list_s3_files_in_logs.py took 0.107 seconds
[2026-02-09T07:09:12.173+0000] {processor.py:161} INFO - Started process (PID=333074) to work on /home/cloud/codings/airflow/dags/list_s3_files_in_logs.py
[2026-02-09T07:09:12.174+0000] {processor.py:830} INFO - Processing file /home/cloud/codings/airflow/dags/list_s3_files_in_logs.py for tasks to queue
[2026-02-09T07:09:12.175+0000] {logging_mixin.py:188} INFO - [2026-02-09T07:09:12.174+0000] {dagbag.py:545} INFO - Filling up the DagBag from /home/cloud/codings/airflow/dags/list_s3_files_in_logs.py
[2026-02-09T07:09:12.190+0000] {processor.py:840} INFO - DAG(s) 'list_s3_files_in_logs' retrieved from /home/cloud/codings/airflow/dags/list_s3_files_in_logs.py
[2026-02-09T07:09:12.213+0000] {logging_mixin.py:188} INFO - [2026-02-09T07:09:12.212+0000] {dag.py:3089} INFO - Sync 1 DAGs
[2026-02-09T07:09:12.227+0000] {logging_mixin.py:188} INFO - [2026-02-09T07:09:12.227+0000] {dag.py:3947} INFO - Setting next_dagrun for list_s3_files_in_logs to None, run_after=None
[2026-02-09T07:09:12.252+0000] {processor.py:183} INFO - Processing /home/cloud/codings/airflow/dags/list_s3_files_in_logs.py took 0.090 seconds
[2026-02-09T07:09:42.652+0000] {processor.py:161} INFO - Started process (PID=333162) to work on /home/cloud/codings/airflow/dags/list_s3_files_in_logs.py
[2026-02-09T07:09:42.655+0000] {processor.py:830} INFO - Processing file /home/cloud/codings/airflow/dags/list_s3_files_in_logs.py for tasks to queue
[2026-02-09T07:09:42.657+0000] {logging_mixin.py:188} INFO - [2026-02-09T07:09:42.656+0000] {dagbag.py:545} INFO - Filling up the DagBag from /home/cloud/codings/airflow/dags/list_s3_files_in_logs.py
[2026-02-09T07:09:42.680+0000] {processor.py:840} INFO - DAG(s) 'list_s3_files_in_logs' retrieved from /home/cloud/codings/airflow/dags/list_s3_files_in_logs.py
[2026-02-09T07:09:42.711+0000] {logging_mixin.py:188} INFO - [2026-02-09T07:09:42.711+0000] {dag.py:3089} INFO - Sync 1 DAGs
[2026-02-09T07:09:42.725+0000] {logging_mixin.py:188} INFO - [2026-02-09T07:09:42.724+0000] {dag.py:3947} INFO - Setting next_dagrun for list_s3_files_in_logs to None, run_after=None
[2026-02-09T07:09:42.748+0000] {processor.py:183} INFO - Processing /home/cloud/codings/airflow/dags/list_s3_files_in_logs.py took 0.111 seconds
[2026-02-09T07:10:13.223+0000] {processor.py:161} INFO - Started process (PID=333242) to work on /home/cloud/codings/airflow/dags/list_s3_files_in_logs.py
[2026-02-09T07:10:13.226+0000] {processor.py:830} INFO - Processing file /home/cloud/codings/airflow/dags/list_s3_files_in_logs.py for tasks to queue
[2026-02-09T07:10:13.227+0000] {logging_mixin.py:188} INFO - [2026-02-09T07:10:13.227+0000] {dagbag.py:545} INFO - Filling up the DagBag from /home/cloud/codings/airflow/dags/list_s3_files_in_logs.py
[2026-02-09T07:10:13.240+0000] {processor.py:840} INFO - DAG(s) 'list_s3_files_in_logs' retrieved from /home/cloud/codings/airflow/dags/list_s3_files_in_logs.py
[2026-02-09T07:10:13.265+0000] {logging_mixin.py:188} INFO - [2026-02-09T07:10:13.265+0000] {dag.py:3089} INFO - Sync 1 DAGs
[2026-02-09T07:10:13.281+0000] {logging_mixin.py:188} INFO - [2026-02-09T07:10:13.280+0000] {dag.py:3947} INFO - Setting next_dagrun for list_s3_files_in_logs to None, run_after=None
[2026-02-09T07:10:13.305+0000] {processor.py:183} INFO - Processing /home/cloud/codings/airflow/dags/list_s3_files_in_logs.py took 0.090 seconds
[2026-02-09T07:10:43.638+0000] {processor.py:161} INFO - Started process (PID=333325) to work on /home/cloud/codings/airflow/dags/list_s3_files_in_logs.py
[2026-02-09T07:10:43.655+0000] {processor.py:830} INFO - Processing file /home/cloud/codings/airflow/dags/list_s3_files_in_logs.py for tasks to queue
[2026-02-09T07:10:43.657+0000] {logging_mixin.py:188} INFO - [2026-02-09T07:10:43.656+0000] {dagbag.py:545} INFO - Filling up the DagBag from /home/cloud/codings/airflow/dags/list_s3_files_in_logs.py
[2026-02-09T07:10:43.674+0000] {processor.py:840} INFO - DAG(s) 'list_s3_files_in_logs' retrieved from /home/cloud/codings/airflow/dags/list_s3_files_in_logs.py
[2026-02-09T07:10:43.706+0000] {logging_mixin.py:188} INFO - [2026-02-09T07:10:43.705+0000] {dag.py:3089} INFO - Sync 1 DAGs
[2026-02-09T07:10:43.728+0000] {logging_mixin.py:188} INFO - [2026-02-09T07:10:43.727+0000] {dag.py:3947} INFO - Setting next_dagrun for list_s3_files_in_logs to None, run_after=None
[2026-02-09T07:10:43.765+0000] {processor.py:183} INFO - Processing /home/cloud/codings/airflow/dags/list_s3_files_in_logs.py took 0.140 seconds
[2026-02-09T07:11:14.280+0000] {processor.py:161} INFO - Started process (PID=333409) to work on /home/cloud/codings/airflow/dags/list_s3_files_in_logs.py
[2026-02-09T07:11:14.281+0000] {processor.py:830} INFO - Processing file /home/cloud/codings/airflow/dags/list_s3_files_in_logs.py for tasks to queue
[2026-02-09T07:11:14.282+0000] {logging_mixin.py:188} INFO - [2026-02-09T07:11:14.282+0000] {dagbag.py:545} INFO - Filling up the DagBag from /home/cloud/codings/airflow/dags/list_s3_files_in_logs.py
[2026-02-09T07:11:14.296+0000] {processor.py:840} INFO - DAG(s) 'list_s3_files_in_logs' retrieved from /home/cloud/codings/airflow/dags/list_s3_files_in_logs.py
[2026-02-09T07:11:14.320+0000] {logging_mixin.py:188} INFO - [2026-02-09T07:11:14.320+0000] {dag.py:3089} INFO - Sync 1 DAGs
[2026-02-09T07:11:14.337+0000] {logging_mixin.py:188} INFO - [2026-02-09T07:11:14.337+0000] {dag.py:3947} INFO - Setting next_dagrun for list_s3_files_in_logs to None, run_after=None
[2026-02-09T07:11:14.368+0000] {processor.py:183} INFO - Processing /home/cloud/codings/airflow/dags/list_s3_files_in_logs.py took 0.095 seconds
[2026-02-09T07:11:44.724+0000] {processor.py:161} INFO - Started process (PID=333489) to work on /home/cloud/codings/airflow/dags/list_s3_files_in_logs.py
[2026-02-09T07:11:44.733+0000] {processor.py:830} INFO - Processing file /home/cloud/codings/airflow/dags/list_s3_files_in_logs.py for tasks to queue
[2026-02-09T07:11:44.734+0000] {logging_mixin.py:188} INFO - [2026-02-09T07:11:44.734+0000] {dagbag.py:545} INFO - Filling up the DagBag from /home/cloud/codings/airflow/dags/list_s3_files_in_logs.py
[2026-02-09T07:11:44.745+0000] {processor.py:840} INFO - DAG(s) 'list_s3_files_in_logs' retrieved from /home/cloud/codings/airflow/dags/list_s3_files_in_logs.py
[2026-02-09T07:11:44.766+0000] {logging_mixin.py:188} INFO - [2026-02-09T07:11:44.766+0000] {dag.py:3089} INFO - Sync 1 DAGs
[2026-02-09T07:11:44.780+0000] {logging_mixin.py:188} INFO - [2026-02-09T07:11:44.780+0000] {dag.py:3947} INFO - Setting next_dagrun for list_s3_files_in_logs to None, run_after=None
[2026-02-09T07:11:44.805+0000] {processor.py:183} INFO - Processing /home/cloud/codings/airflow/dags/list_s3_files_in_logs.py took 0.087 seconds
[2026-02-09T07:12:15.129+0000] {processor.py:161} INFO - Started process (PID=333575) to work on /home/cloud/codings/airflow/dags/list_s3_files_in_logs.py
[2026-02-09T07:12:15.130+0000] {processor.py:830} INFO - Processing file /home/cloud/codings/airflow/dags/list_s3_files_in_logs.py for tasks to queue
[2026-02-09T07:12:15.131+0000] {logging_mixin.py:188} INFO - [2026-02-09T07:12:15.130+0000] {dagbag.py:545} INFO - Filling up the DagBag from /home/cloud/codings/airflow/dags/list_s3_files_in_logs.py
[2026-02-09T07:12:15.141+0000] {processor.py:840} INFO - DAG(s) 'list_s3_files_in_logs' retrieved from /home/cloud/codings/airflow/dags/list_s3_files_in_logs.py
[2026-02-09T07:12:15.162+0000] {logging_mixin.py:188} INFO - [2026-02-09T07:12:15.162+0000] {dag.py:3089} INFO - Sync 1 DAGs
[2026-02-09T07:12:15.174+0000] {logging_mixin.py:188} INFO - [2026-02-09T07:12:15.174+0000] {dag.py:3947} INFO - Setting next_dagrun for list_s3_files_in_logs to None, run_after=None
[2026-02-09T07:12:15.197+0000] {processor.py:183} INFO - Processing /home/cloud/codings/airflow/dags/list_s3_files_in_logs.py took 0.074 seconds
[2026-02-09T07:12:45.627+0000] {processor.py:161} INFO - Started process (PID=333657) to work on /home/cloud/codings/airflow/dags/list_s3_files_in_logs.py
[2026-02-09T07:12:45.646+0000] {processor.py:830} INFO - Processing file /home/cloud/codings/airflow/dags/list_s3_files_in_logs.py for tasks to queue
[2026-02-09T07:12:45.647+0000] {logging_mixin.py:188} INFO - [2026-02-09T07:12:45.647+0000] {dagbag.py:545} INFO - Filling up the DagBag from /home/cloud/codings/airflow/dags/list_s3_files_in_logs.py
[2026-02-09T07:12:45.661+0000] {processor.py:840} INFO - DAG(s) 'list_s3_files_in_logs' retrieved from /home/cloud/codings/airflow/dags/list_s3_files_in_logs.py
[2026-02-09T07:12:45.687+0000] {logging_mixin.py:188} INFO - [2026-02-09T07:12:45.686+0000] {dag.py:3089} INFO - Sync 1 DAGs
[2026-02-09T07:12:45.702+0000] {logging_mixin.py:188} INFO - [2026-02-09T07:12:45.702+0000] {dag.py:3947} INFO - Setting next_dagrun for list_s3_files_in_logs to None, run_after=None
[2026-02-09T07:12:45.733+0000] {processor.py:183} INFO - Processing /home/cloud/codings/airflow/dags/list_s3_files_in_logs.py took 0.112 seconds
[2026-02-09T07:13:16.176+0000] {processor.py:161} INFO - Started process (PID=333735) to work on /home/cloud/codings/airflow/dags/list_s3_files_in_logs.py
[2026-02-09T07:13:16.193+0000] {processor.py:830} INFO - Processing file /home/cloud/codings/airflow/dags/list_s3_files_in_logs.py for tasks to queue
[2026-02-09T07:13:16.194+0000] {logging_mixin.py:188} INFO - [2026-02-09T07:13:16.194+0000] {dagbag.py:545} INFO - Filling up the DagBag from /home/cloud/codings/airflow/dags/list_s3_files_in_logs.py
[2026-02-09T07:13:16.207+0000] {processor.py:840} INFO - DAG(s) 'list_s3_files_in_logs' retrieved from /home/cloud/codings/airflow/dags/list_s3_files_in_logs.py
[2026-02-09T07:13:16.231+0000] {logging_mixin.py:188} INFO - [2026-02-09T07:13:16.231+0000] {dag.py:3089} INFO - Sync 1 DAGs
[2026-02-09T07:13:16.246+0000] {logging_mixin.py:188} INFO - [2026-02-09T07:13:16.246+0000] {dag.py:3947} INFO - Setting next_dagrun for list_s3_files_in_logs to None, run_after=None
[2026-02-09T07:13:16.276+0000] {processor.py:183} INFO - Processing /home/cloud/codings/airflow/dags/list_s3_files_in_logs.py took 0.108 seconds
[2026-02-09T07:13:46.737+0000] {processor.py:161} INFO - Started process (PID=333823) to work on /home/cloud/codings/airflow/dags/list_s3_files_in_logs.py
[2026-02-09T07:13:46.740+0000] {processor.py:830} INFO - Processing file /home/cloud/codings/airflow/dags/list_s3_files_in_logs.py for tasks to queue
[2026-02-09T07:13:46.742+0000] {logging_mixin.py:188} INFO - [2026-02-09T07:13:46.741+0000] {dagbag.py:545} INFO - Filling up the DagBag from /home/cloud/codings/airflow/dags/list_s3_files_in_logs.py
[2026-02-09T07:13:46.764+0000] {processor.py:840} INFO - DAG(s) 'list_s3_files_in_logs' retrieved from /home/cloud/codings/airflow/dags/list_s3_files_in_logs.py
[2026-02-09T07:13:46.803+0000] {logging_mixin.py:188} INFO - [2026-02-09T07:13:46.803+0000] {dag.py:3089} INFO - Sync 1 DAGs
[2026-02-09T07:13:46.830+0000] {logging_mixin.py:188} INFO - [2026-02-09T07:13:46.830+0000] {dag.py:3947} INFO - Setting next_dagrun for list_s3_files_in_logs to None, run_after=None
[2026-02-09T07:13:46.891+0000] {processor.py:183} INFO - Processing /home/cloud/codings/airflow/dags/list_s3_files_in_logs.py took 0.169 seconds
[2026-02-09T07:14:17.328+0000] {processor.py:161} INFO - Started process (PID=333903) to work on /home/cloud/codings/airflow/dags/list_s3_files_in_logs.py
[2026-02-09T07:14:17.330+0000] {processor.py:830} INFO - Processing file /home/cloud/codings/airflow/dags/list_s3_files_in_logs.py for tasks to queue
[2026-02-09T07:14:17.332+0000] {logging_mixin.py:188} INFO - [2026-02-09T07:14:17.331+0000] {dagbag.py:545} INFO - Filling up the DagBag from /home/cloud/codings/airflow/dags/list_s3_files_in_logs.py
[2026-02-09T07:14:17.351+0000] {processor.py:840} INFO - DAG(s) 'list_s3_files_in_logs' retrieved from /home/cloud/codings/airflow/dags/list_s3_files_in_logs.py
[2026-02-09T07:14:17.375+0000] {logging_mixin.py:188} INFO - [2026-02-09T07:14:17.375+0000] {dag.py:3089} INFO - Sync 1 DAGs
[2026-02-09T07:14:17.390+0000] {logging_mixin.py:188} INFO - [2026-02-09T07:14:17.390+0000] {dag.py:3947} INFO - Setting next_dagrun for list_s3_files_in_logs to None, run_after=None
[2026-02-09T07:14:17.445+0000] {processor.py:183} INFO - Processing /home/cloud/codings/airflow/dags/list_s3_files_in_logs.py took 0.128 seconds
[2026-02-09T07:14:47.823+0000] {processor.py:161} INFO - Started process (PID=333989) to work on /home/cloud/codings/airflow/dags/list_s3_files_in_logs.py
[2026-02-09T07:14:47.852+0000] {processor.py:830} INFO - Processing file /home/cloud/codings/airflow/dags/list_s3_files_in_logs.py for tasks to queue
[2026-02-09T07:14:47.853+0000] {logging_mixin.py:188} INFO - [2026-02-09T07:14:47.852+0000] {dagbag.py:545} INFO - Filling up the DagBag from /home/cloud/codings/airflow/dags/list_s3_files_in_logs.py
[2026-02-09T07:14:47.865+0000] {processor.py:840} INFO - DAG(s) 'list_s3_files_in_logs' retrieved from /home/cloud/codings/airflow/dags/list_s3_files_in_logs.py
[2026-02-09T07:14:47.884+0000] {logging_mixin.py:188} INFO - [2026-02-09T07:14:47.884+0000] {dag.py:3089} INFO - Sync 1 DAGs
[2026-02-09T07:14:47.896+0000] {logging_mixin.py:188} INFO - [2026-02-09T07:14:47.896+0000] {dag.py:3947} INFO - Setting next_dagrun for list_s3_files_in_logs to None, run_after=None
[2026-02-09T07:14:47.919+0000] {processor.py:183} INFO - Processing /home/cloud/codings/airflow/dags/list_s3_files_in_logs.py took 0.102 seconds
[2026-02-09T07:15:18.302+0000] {processor.py:161} INFO - Started process (PID=334069) to work on /home/cloud/codings/airflow/dags/list_s3_files_in_logs.py
[2026-02-09T07:15:18.323+0000] {processor.py:830} INFO - Processing file /home/cloud/codings/airflow/dags/list_s3_files_in_logs.py for tasks to queue
[2026-02-09T07:15:18.324+0000] {logging_mixin.py:188} INFO - [2026-02-09T07:15:18.324+0000] {dagbag.py:545} INFO - Filling up the DagBag from /home/cloud/codings/airflow/dags/list_s3_files_in_logs.py
[2026-02-09T07:15:18.335+0000] {processor.py:840} INFO - DAG(s) 'list_s3_files_in_logs' retrieved from /home/cloud/codings/airflow/dags/list_s3_files_in_logs.py
[2026-02-09T07:15:18.353+0000] {logging_mixin.py:188} INFO - [2026-02-09T07:15:18.353+0000] {dag.py:3089} INFO - Sync 1 DAGs
[2026-02-09T07:15:18.366+0000] {logging_mixin.py:188} INFO - [2026-02-09T07:15:18.366+0000] {dag.py:3947} INFO - Setting next_dagrun for list_s3_files_in_logs to None, run_after=None
[2026-02-09T07:15:18.389+0000] {processor.py:183} INFO - Processing /home/cloud/codings/airflow/dags/list_s3_files_in_logs.py took 0.092 seconds
[2026-02-09T07:15:48.754+0000] {processor.py:161} INFO - Started process (PID=334149) to work on /home/cloud/codings/airflow/dags/list_s3_files_in_logs.py
[2026-02-09T07:15:48.772+0000] {processor.py:830} INFO - Processing file /home/cloud/codings/airflow/dags/list_s3_files_in_logs.py for tasks to queue
[2026-02-09T07:15:48.773+0000] {logging_mixin.py:188} INFO - [2026-02-09T07:15:48.773+0000] {dagbag.py:545} INFO - Filling up the DagBag from /home/cloud/codings/airflow/dags/list_s3_files_in_logs.py
[2026-02-09T07:15:48.786+0000] {processor.py:840} INFO - DAG(s) 'list_s3_files_in_logs' retrieved from /home/cloud/codings/airflow/dags/list_s3_files_in_logs.py
[2026-02-09T07:15:48.809+0000] {logging_mixin.py:188} INFO - [2026-02-09T07:15:48.809+0000] {dag.py:3089} INFO - Sync 1 DAGs
[2026-02-09T07:15:48.827+0000] {logging_mixin.py:188} INFO - [2026-02-09T07:15:48.827+0000] {dag.py:3947} INFO - Setting next_dagrun for list_s3_files_in_logs to None, run_after=None
[2026-02-09T07:15:48.857+0000] {processor.py:183} INFO - Processing /home/cloud/codings/airflow/dags/list_s3_files_in_logs.py took 0.110 seconds
[2026-02-09T07:16:19.248+0000] {processor.py:161} INFO - Started process (PID=334235) to work on /home/cloud/codings/airflow/dags/list_s3_files_in_logs.py
[2026-02-09T07:16:19.256+0000] {processor.py:830} INFO - Processing file /home/cloud/codings/airflow/dags/list_s3_files_in_logs.py for tasks to queue
[2026-02-09T07:16:19.257+0000] {logging_mixin.py:188} INFO - [2026-02-09T07:16:19.257+0000] {dagbag.py:545} INFO - Filling up the DagBag from /home/cloud/codings/airflow/dags/list_s3_files_in_logs.py
[2026-02-09T07:16:19.273+0000] {processor.py:840} INFO - DAG(s) 'list_s3_files_in_logs' retrieved from /home/cloud/codings/airflow/dags/list_s3_files_in_logs.py
[2026-02-09T07:16:19.298+0000] {logging_mixin.py:188} INFO - [2026-02-09T07:16:19.298+0000] {dag.py:3089} INFO - Sync 1 DAGs
[2026-02-09T07:16:19.311+0000] {logging_mixin.py:188} INFO - [2026-02-09T07:16:19.311+0000] {dag.py:3947} INFO - Setting next_dagrun for list_s3_files_in_logs to None, run_after=None
[2026-02-09T07:16:19.334+0000] {processor.py:183} INFO - Processing /home/cloud/codings/airflow/dags/list_s3_files_in_logs.py took 0.094 seconds
[2026-02-09T07:16:49.664+0000] {processor.py:161} INFO - Started process (PID=334317) to work on /home/cloud/codings/airflow/dags/list_s3_files_in_logs.py
[2026-02-09T07:16:49.665+0000] {processor.py:830} INFO - Processing file /home/cloud/codings/airflow/dags/list_s3_files_in_logs.py for tasks to queue
[2026-02-09T07:16:49.666+0000] {logging_mixin.py:188} INFO - [2026-02-09T07:16:49.665+0000] {dagbag.py:545} INFO - Filling up the DagBag from /home/cloud/codings/airflow/dags/list_s3_files_in_logs.py
[2026-02-09T07:16:49.680+0000] {processor.py:840} INFO - DAG(s) 'list_s3_files_in_logs' retrieved from /home/cloud/codings/airflow/dags/list_s3_files_in_logs.py
[2026-02-09T07:16:49.708+0000] {logging_mixin.py:188} INFO - [2026-02-09T07:16:49.708+0000] {dag.py:3089} INFO - Sync 1 DAGs
[2026-02-09T07:16:49.727+0000] {logging_mixin.py:188} INFO - [2026-02-09T07:16:49.726+0000] {dag.py:3947} INFO - Setting next_dagrun for list_s3_files_in_logs to None, run_after=None
[2026-02-09T07:16:49.760+0000] {processor.py:183} INFO - Processing /home/cloud/codings/airflow/dags/list_s3_files_in_logs.py took 0.104 seconds
[2026-02-09T07:17:20.153+0000] {processor.py:161} INFO - Started process (PID=334404) to work on /home/cloud/codings/airflow/dags/list_s3_files_in_logs.py
[2026-02-09T07:17:20.155+0000] {processor.py:830} INFO - Processing file /home/cloud/codings/airflow/dags/list_s3_files_in_logs.py for tasks to queue
[2026-02-09T07:17:20.156+0000] {logging_mixin.py:188} INFO - [2026-02-09T07:17:20.155+0000] {dagbag.py:545} INFO - Filling up the DagBag from /home/cloud/codings/airflow/dags/list_s3_files_in_logs.py
[2026-02-09T07:17:20.166+0000] {processor.py:840} INFO - DAG(s) 'list_s3_files_in_logs' retrieved from /home/cloud/codings/airflow/dags/list_s3_files_in_logs.py
[2026-02-09T07:17:20.185+0000] {logging_mixin.py:188} INFO - [2026-02-09T07:17:20.185+0000] {dag.py:3089} INFO - Sync 1 DAGs
[2026-02-09T07:17:20.198+0000] {logging_mixin.py:188} INFO - [2026-02-09T07:17:20.198+0000] {dag.py:3947} INFO - Setting next_dagrun for list_s3_files_in_logs to None, run_after=None
[2026-02-09T07:17:20.221+0000] {processor.py:183} INFO - Processing /home/cloud/codings/airflow/dags/list_s3_files_in_logs.py took 0.075 seconds
[2026-02-09T07:17:50.545+0000] {processor.py:161} INFO - Started process (PID=334487) to work on /home/cloud/codings/airflow/dags/list_s3_files_in_logs.py
[2026-02-09T07:17:50.546+0000] {processor.py:830} INFO - Processing file /home/cloud/codings/airflow/dags/list_s3_files_in_logs.py for tasks to queue
[2026-02-09T07:17:50.547+0000] {logging_mixin.py:188} INFO - [2026-02-09T07:17:50.547+0000] {dagbag.py:545} INFO - Filling up the DagBag from /home/cloud/codings/airflow/dags/list_s3_files_in_logs.py
[2026-02-09T07:17:50.562+0000] {processor.py:840} INFO - DAG(s) 'list_s3_files_in_logs' retrieved from /home/cloud/codings/airflow/dags/list_s3_files_in_logs.py
[2026-02-09T07:17:50.592+0000] {logging_mixin.py:188} INFO - [2026-02-09T07:17:50.591+0000] {dag.py:3089} INFO - Sync 1 DAGs
[2026-02-09T07:17:50.608+0000] {logging_mixin.py:188} INFO - [2026-02-09T07:17:50.608+0000] {dag.py:3947} INFO - Setting next_dagrun for list_s3_files_in_logs to None, run_after=None
[2026-02-09T07:17:50.638+0000] {processor.py:183} INFO - Processing /home/cloud/codings/airflow/dags/list_s3_files_in_logs.py took 0.100 seconds
[2026-02-09T07:18:20.945+0000] {processor.py:161} INFO - Started process (PID=334570) to work on /home/cloud/codings/airflow/dags/list_s3_files_in_logs.py
[2026-02-09T07:18:20.947+0000] {processor.py:830} INFO - Processing file /home/cloud/codings/airflow/dags/list_s3_files_in_logs.py for tasks to queue
[2026-02-09T07:18:20.948+0000] {logging_mixin.py:188} INFO - [2026-02-09T07:18:20.948+0000] {dagbag.py:545} INFO - Filling up the DagBag from /home/cloud/codings/airflow/dags/list_s3_files_in_logs.py
[2026-02-09T07:18:20.963+0000] {processor.py:840} INFO - DAG(s) 'list_s3_files_in_logs' retrieved from /home/cloud/codings/airflow/dags/list_s3_files_in_logs.py
[2026-02-09T07:18:20.990+0000] {logging_mixin.py:188} INFO - [2026-02-09T07:18:20.989+0000] {dag.py:3089} INFO - Sync 1 DAGs
[2026-02-09T07:18:21.008+0000] {logging_mixin.py:188} INFO - [2026-02-09T07:18:21.008+0000] {dag.py:3947} INFO - Setting next_dagrun for list_s3_files_in_logs to None, run_after=None
[2026-02-09T07:18:21.040+0000] {processor.py:183} INFO - Processing /home/cloud/codings/airflow/dags/list_s3_files_in_logs.py took 0.104 seconds
[2026-02-09T07:18:51.435+0000] {processor.py:161} INFO - Started process (PID=334656) to work on /home/cloud/codings/airflow/dags/list_s3_files_in_logs.py
[2026-02-09T07:18:51.436+0000] {processor.py:830} INFO - Processing file /home/cloud/codings/airflow/dags/list_s3_files_in_logs.py for tasks to queue
[2026-02-09T07:18:51.437+0000] {logging_mixin.py:188} INFO - [2026-02-09T07:18:51.436+0000] {dagbag.py:545} INFO - Filling up the DagBag from /home/cloud/codings/airflow/dags/list_s3_files_in_logs.py
[2026-02-09T07:18:51.450+0000] {processor.py:840} INFO - DAG(s) 'list_s3_files_in_logs' retrieved from /home/cloud/codings/airflow/dags/list_s3_files_in_logs.py
[2026-02-09T07:18:51.471+0000] {logging_mixin.py:188} INFO - [2026-02-09T07:18:51.471+0000] {dag.py:3089} INFO - Sync 1 DAGs
[2026-02-09T07:18:51.486+0000] {logging_mixin.py:188} INFO - [2026-02-09T07:18:51.486+0000] {dag.py:3947} INFO - Setting next_dagrun for list_s3_files_in_logs to None, run_after=None
[2026-02-09T07:18:51.512+0000] {processor.py:183} INFO - Processing /home/cloud/codings/airflow/dags/list_s3_files_in_logs.py took 0.085 seconds
[2026-02-09T07:19:21.789+0000] {processor.py:161} INFO - Started process (PID=334736) to work on /home/cloud/codings/airflow/dags/list_s3_files_in_logs.py
[2026-02-09T07:19:21.806+0000] {processor.py:830} INFO - Processing file /home/cloud/codings/airflow/dags/list_s3_files_in_logs.py for tasks to queue
[2026-02-09T07:19:21.807+0000] {logging_mixin.py:188} INFO - [2026-02-09T07:19:21.807+0000] {dagbag.py:545} INFO - Filling up the DagBag from /home/cloud/codings/airflow/dags/list_s3_files_in_logs.py
[2026-02-09T07:19:21.819+0000] {processor.py:840} INFO - DAG(s) 'list_s3_files_in_logs' retrieved from /home/cloud/codings/airflow/dags/list_s3_files_in_logs.py
[2026-02-09T07:19:21.841+0000] {logging_mixin.py:188} INFO - [2026-02-09T07:19:21.841+0000] {dag.py:3089} INFO - Sync 1 DAGs
[2026-02-09T07:19:21.854+0000] {logging_mixin.py:188} INFO - [2026-02-09T07:19:21.854+0000] {dag.py:3947} INFO - Setting next_dagrun for list_s3_files_in_logs to None, run_after=None
[2026-02-09T07:19:21.891+0000] {processor.py:183} INFO - Processing /home/cloud/codings/airflow/dags/list_s3_files_in_logs.py took 0.109 seconds
[2026-02-09T07:19:52.413+0000] {processor.py:161} INFO - Started process (PID=334818) to work on /home/cloud/codings/airflow/dags/list_s3_files_in_logs.py
[2026-02-09T07:19:52.415+0000] {processor.py:830} INFO - Processing file /home/cloud/codings/airflow/dags/list_s3_files_in_logs.py for tasks to queue
[2026-02-09T07:19:52.416+0000] {logging_mixin.py:188} INFO - [2026-02-09T07:19:52.415+0000] {dagbag.py:545} INFO - Filling up the DagBag from /home/cloud/codings/airflow/dags/list_s3_files_in_logs.py
[2026-02-09T07:19:52.437+0000] {processor.py:840} INFO - DAG(s) 'list_s3_files_in_logs' retrieved from /home/cloud/codings/airflow/dags/list_s3_files_in_logs.py
[2026-02-09T07:19:52.475+0000] {logging_mixin.py:188} INFO - [2026-02-09T07:19:52.475+0000] {dag.py:3089} INFO - Sync 1 DAGs
[2026-02-09T07:19:52.501+0000] {logging_mixin.py:188} INFO - [2026-02-09T07:19:52.501+0000] {dag.py:3947} INFO - Setting next_dagrun for list_s3_files_in_logs to None, run_after=None
[2026-02-09T07:19:52.549+0000] {processor.py:183} INFO - Processing /home/cloud/codings/airflow/dags/list_s3_files_in_logs.py took 0.149 seconds
[2026-02-09T07:20:23.085+0000] {processor.py:161} INFO - Started process (PID=334902) to work on /home/cloud/codings/airflow/dags/list_s3_files_in_logs.py
[2026-02-09T07:20:23.086+0000] {processor.py:830} INFO - Processing file /home/cloud/codings/airflow/dags/list_s3_files_in_logs.py for tasks to queue
[2026-02-09T07:20:23.087+0000] {logging_mixin.py:188} INFO - [2026-02-09T07:20:23.087+0000] {dagbag.py:545} INFO - Filling up the DagBag from /home/cloud/codings/airflow/dags/list_s3_files_in_logs.py
[2026-02-09T07:20:23.099+0000] {processor.py:840} INFO - DAG(s) 'list_s3_files_in_logs' retrieved from /home/cloud/codings/airflow/dags/list_s3_files_in_logs.py
[2026-02-09T07:20:23.120+0000] {logging_mixin.py:188} INFO - [2026-02-09T07:20:23.120+0000] {dag.py:3089} INFO - Sync 1 DAGs
[2026-02-09T07:20:23.134+0000] {logging_mixin.py:188} INFO - [2026-02-09T07:20:23.134+0000] {dag.py:3947} INFO - Setting next_dagrun for list_s3_files_in_logs to None, run_after=None
[2026-02-09T07:20:23.158+0000] {processor.py:183} INFO - Processing /home/cloud/codings/airflow/dags/list_s3_files_in_logs.py took 0.080 seconds
[2026-02-09T07:20:53.380+0000] {processor.py:161} INFO - Started process (PID=334984) to work on /home/cloud/codings/airflow/dags/list_s3_files_in_logs.py
[2026-02-09T07:20:53.381+0000] {processor.py:830} INFO - Processing file /home/cloud/codings/airflow/dags/list_s3_files_in_logs.py for tasks to queue
[2026-02-09T07:20:53.382+0000] {logging_mixin.py:188} INFO - [2026-02-09T07:20:53.382+0000] {dagbag.py:545} INFO - Filling up the DagBag from /home/cloud/codings/airflow/dags/list_s3_files_in_logs.py
[2026-02-09T07:20:53.394+0000] {processor.py:840} INFO - DAG(s) 'list_s3_files_in_logs' retrieved from /home/cloud/codings/airflow/dags/list_s3_files_in_logs.py
[2026-02-09T07:20:53.414+0000] {logging_mixin.py:188} INFO - [2026-02-09T07:20:53.414+0000] {dag.py:3089} INFO - Sync 1 DAGs
[2026-02-09T07:20:53.428+0000] {logging_mixin.py:188} INFO - [2026-02-09T07:20:53.427+0000] {dag.py:3947} INFO - Setting next_dagrun for list_s3_files_in_logs to None, run_after=None
[2026-02-09T07:20:53.451+0000] {processor.py:183} INFO - Processing /home/cloud/codings/airflow/dags/list_s3_files_in_logs.py took 0.078 seconds
[2026-02-09T07:21:23.767+0000] {processor.py:161} INFO - Started process (PID=335062) to work on /home/cloud/codings/airflow/dags/list_s3_files_in_logs.py
[2026-02-09T07:21:23.768+0000] {processor.py:830} INFO - Processing file /home/cloud/codings/airflow/dags/list_s3_files_in_logs.py for tasks to queue
[2026-02-09T07:21:23.769+0000] {logging_mixin.py:188} INFO - [2026-02-09T07:21:23.769+0000] {dagbag.py:545} INFO - Filling up the DagBag from /home/cloud/codings/airflow/dags/list_s3_files_in_logs.py
[2026-02-09T07:21:23.782+0000] {processor.py:840} INFO - DAG(s) 'list_s3_files_in_logs' retrieved from /home/cloud/codings/airflow/dags/list_s3_files_in_logs.py
[2026-02-09T07:21:23.803+0000] {logging_mixin.py:188} INFO - [2026-02-09T07:21:23.803+0000] {dag.py:3089} INFO - Sync 1 DAGs
[2026-02-09T07:21:23.818+0000] {logging_mixin.py:188} INFO - [2026-02-09T07:21:23.818+0000] {dag.py:3947} INFO - Setting next_dagrun for list_s3_files_in_logs to None, run_after=None
[2026-02-09T07:21:23.846+0000] {processor.py:183} INFO - Processing /home/cloud/codings/airflow/dags/list_s3_files_in_logs.py took 0.085 seconds
[2026-02-09T07:21:54.244+0000] {processor.py:161} INFO - Started process (PID=335148) to work on /home/cloud/codings/airflow/dags/list_s3_files_in_logs.py
[2026-02-09T07:21:54.262+0000] {processor.py:830} INFO - Processing file /home/cloud/codings/airflow/dags/list_s3_files_in_logs.py for tasks to queue
[2026-02-09T07:21:54.263+0000] {logging_mixin.py:188} INFO - [2026-02-09T07:21:54.263+0000] {dagbag.py:545} INFO - Filling up the DagBag from /home/cloud/codings/airflow/dags/list_s3_files_in_logs.py
[2026-02-09T07:21:54.277+0000] {processor.py:840} INFO - DAG(s) 'list_s3_files_in_logs' retrieved from /home/cloud/codings/airflow/dags/list_s3_files_in_logs.py
[2026-02-09T07:21:54.298+0000] {logging_mixin.py:188} INFO - [2026-02-09T07:21:54.297+0000] {dag.py:3089} INFO - Sync 1 DAGs
[2026-02-09T07:21:54.311+0000] {logging_mixin.py:188} INFO - [2026-02-09T07:21:54.311+0000] {dag.py:3947} INFO - Setting next_dagrun for list_s3_files_in_logs to None, run_after=None
[2026-02-09T07:21:54.336+0000] {processor.py:183} INFO - Processing /home/cloud/codings/airflow/dags/list_s3_files_in_logs.py took 0.099 seconds
[2026-02-09T07:22:25.080+0000] {processor.py:161} INFO - Started process (PID=335227) to work on /home/cloud/codings/airflow/dags/list_s3_files_in_logs.py
[2026-02-09T07:22:25.098+0000] {processor.py:830} INFO - Processing file /home/cloud/codings/airflow/dags/list_s3_files_in_logs.py for tasks to queue
[2026-02-09T07:22:25.099+0000] {logging_mixin.py:188} INFO - [2026-02-09T07:22:25.099+0000] {dagbag.py:545} INFO - Filling up the DagBag from /home/cloud/codings/airflow/dags/list_s3_files_in_logs.py
[2026-02-09T07:22:25.112+0000] {processor.py:840} INFO - DAG(s) 'list_s3_files_in_logs' retrieved from /home/cloud/codings/airflow/dags/list_s3_files_in_logs.py
[2026-02-09T07:22:25.133+0000] {logging_mixin.py:188} INFO - [2026-02-09T07:22:25.133+0000] {dag.py:3089} INFO - Sync 1 DAGs
[2026-02-09T07:22:25.147+0000] {logging_mixin.py:188} INFO - [2026-02-09T07:22:25.147+0000] {dag.py:3947} INFO - Setting next_dagrun for list_s3_files_in_logs to None, run_after=None
[2026-02-09T07:22:25.172+0000] {processor.py:183} INFO - Processing /home/cloud/codings/airflow/dags/list_s3_files_in_logs.py took 0.100 seconds
[2026-02-09T07:22:55.630+0000] {processor.py:161} INFO - Started process (PID=335314) to work on /home/cloud/codings/airflow/dags/list_s3_files_in_logs.py
[2026-02-09T07:22:55.648+0000] {processor.py:830} INFO - Processing file /home/cloud/codings/airflow/dags/list_s3_files_in_logs.py for tasks to queue
[2026-02-09T07:22:55.649+0000] {logging_mixin.py:188} INFO - [2026-02-09T07:22:55.648+0000] {dagbag.py:545} INFO - Filling up the DagBag from /home/cloud/codings/airflow/dags/list_s3_files_in_logs.py
[2026-02-09T07:22:55.660+0000] {processor.py:840} INFO - DAG(s) 'list_s3_files_in_logs' retrieved from /home/cloud/codings/airflow/dags/list_s3_files_in_logs.py
[2026-02-09T07:22:55.681+0000] {logging_mixin.py:188} INFO - [2026-02-09T07:22:55.681+0000] {dag.py:3089} INFO - Sync 1 DAGs
[2026-02-09T07:22:55.704+0000] {logging_mixin.py:188} INFO - [2026-02-09T07:22:55.704+0000] {dag.py:3947} INFO - Setting next_dagrun for list_s3_files_in_logs to None, run_after=None
[2026-02-09T07:22:55.734+0000] {processor.py:183} INFO - Processing /home/cloud/codings/airflow/dags/list_s3_files_in_logs.py took 0.111 seconds
[2026-02-09T07:23:26.315+0000] {processor.py:161} INFO - Started process (PID=335394) to work on /home/cloud/codings/airflow/dags/list_s3_files_in_logs.py
[2026-02-09T07:23:26.318+0000] {processor.py:830} INFO - Processing file /home/cloud/codings/airflow/dags/list_s3_files_in_logs.py for tasks to queue
[2026-02-09T07:23:26.320+0000] {logging_mixin.py:188} INFO - [2026-02-09T07:23:26.319+0000] {dagbag.py:545} INFO - Filling up the DagBag from /home/cloud/codings/airflow/dags/list_s3_files_in_logs.py
[2026-02-09T07:23:26.347+0000] {processor.py:840} INFO - DAG(s) 'list_s3_files_in_logs' retrieved from /home/cloud/codings/airflow/dags/list_s3_files_in_logs.py
[2026-02-09T07:23:26.388+0000] {logging_mixin.py:188} INFO - [2026-02-09T07:23:26.388+0000] {dag.py:3089} INFO - Sync 1 DAGs
[2026-02-09T07:23:26.419+0000] {logging_mixin.py:188} INFO - [2026-02-09T07:23:26.419+0000] {dag.py:3947} INFO - Setting next_dagrun for list_s3_files_in_logs to None, run_after=None
[2026-02-09T07:23:26.468+0000] {processor.py:183} INFO - Processing /home/cloud/codings/airflow/dags/list_s3_files_in_logs.py took 0.174 seconds
[2026-02-09T07:23:56.797+0000] {processor.py:161} INFO - Started process (PID=335476) to work on /home/cloud/codings/airflow/dags/list_s3_files_in_logs.py
[2026-02-09T07:23:56.798+0000] {processor.py:830} INFO - Processing file /home/cloud/codings/airflow/dags/list_s3_files_in_logs.py for tasks to queue
[2026-02-09T07:23:56.800+0000] {logging_mixin.py:188} INFO - [2026-02-09T07:23:56.799+0000] {dagbag.py:545} INFO - Filling up the DagBag from /home/cloud/codings/airflow/dags/list_s3_files_in_logs.py
[2026-02-09T07:23:56.814+0000] {processor.py:840} INFO - DAG(s) 'list_s3_files_in_logs' retrieved from /home/cloud/codings/airflow/dags/list_s3_files_in_logs.py
[2026-02-09T07:23:56.840+0000] {logging_mixin.py:188} INFO - [2026-02-09T07:23:56.840+0000] {dag.py:3089} INFO - Sync 1 DAGs
[2026-02-09T07:23:56.858+0000] {logging_mixin.py:188} INFO - [2026-02-09T07:23:56.857+0000] {dag.py:3947} INFO - Setting next_dagrun for list_s3_files_in_logs to None, run_after=None
[2026-02-09T07:23:56.888+0000] {processor.py:183} INFO - Processing /home/cloud/codings/airflow/dags/list_s3_files_in_logs.py took 0.099 seconds
[2026-02-09T07:24:27.302+0000] {processor.py:161} INFO - Started process (PID=335564) to work on /home/cloud/codings/airflow/dags/list_s3_files_in_logs.py
[2026-02-09T07:24:27.303+0000] {processor.py:830} INFO - Processing file /home/cloud/codings/airflow/dags/list_s3_files_in_logs.py for tasks to queue
[2026-02-09T07:24:27.304+0000] {logging_mixin.py:188} INFO - [2026-02-09T07:24:27.304+0000] {dagbag.py:545} INFO - Filling up the DagBag from /home/cloud/codings/airflow/dags/list_s3_files_in_logs.py
[2026-02-09T07:24:27.316+0000] {processor.py:840} INFO - DAG(s) 'list_s3_files_in_logs' retrieved from /home/cloud/codings/airflow/dags/list_s3_files_in_logs.py
[2026-02-09T07:24:27.349+0000] {logging_mixin.py:188} INFO - [2026-02-09T07:24:27.349+0000] {dag.py:3089} INFO - Sync 1 DAGs
[2026-02-09T07:24:27.365+0000] {logging_mixin.py:188} INFO - [2026-02-09T07:24:27.364+0000] {dag.py:3947} INFO - Setting next_dagrun for list_s3_files_in_logs to None, run_after=None
[2026-02-09T07:24:27.402+0000] {processor.py:183} INFO - Processing /home/cloud/codings/airflow/dags/list_s3_files_in_logs.py took 0.107 seconds
[2026-02-09T07:24:57.801+0000] {processor.py:161} INFO - Started process (PID=335645) to work on /home/cloud/codings/airflow/dags/list_s3_files_in_logs.py
[2026-02-09T07:24:57.803+0000] {processor.py:830} INFO - Processing file /home/cloud/codings/airflow/dags/list_s3_files_in_logs.py for tasks to queue
[2026-02-09T07:24:57.804+0000] {logging_mixin.py:188} INFO - [2026-02-09T07:24:57.803+0000] {dagbag.py:545} INFO - Filling up the DagBag from /home/cloud/codings/airflow/dags/list_s3_files_in_logs.py
[2026-02-09T07:24:57.817+0000] {processor.py:840} INFO - DAG(s) 'list_s3_files_in_logs' retrieved from /home/cloud/codings/airflow/dags/list_s3_files_in_logs.py
[2026-02-09T07:24:57.844+0000] {logging_mixin.py:188} INFO - [2026-02-09T07:24:57.843+0000] {dag.py:3089} INFO - Sync 1 DAGs
[2026-02-09T07:24:57.860+0000] {logging_mixin.py:188} INFO - [2026-02-09T07:24:57.860+0000] {dag.py:3947} INFO - Setting next_dagrun for list_s3_files_in_logs to None, run_after=None
[2026-02-09T07:24:57.896+0000] {processor.py:183} INFO - Processing /home/cloud/codings/airflow/dags/list_s3_files_in_logs.py took 0.105 seconds
[2026-02-09T07:25:28.293+0000] {processor.py:161} INFO - Started process (PID=335728) to work on /home/cloud/codings/airflow/dags/list_s3_files_in_logs.py
[2026-02-09T07:25:28.295+0000] {processor.py:830} INFO - Processing file /home/cloud/codings/airflow/dags/list_s3_files_in_logs.py for tasks to queue
[2026-02-09T07:25:28.296+0000] {logging_mixin.py:188} INFO - [2026-02-09T07:25:28.296+0000] {dagbag.py:545} INFO - Filling up the DagBag from /home/cloud/codings/airflow/dags/list_s3_files_in_logs.py
[2026-02-09T07:25:28.309+0000] {processor.py:840} INFO - DAG(s) 'list_s3_files_in_logs' retrieved from /home/cloud/codings/airflow/dags/list_s3_files_in_logs.py
[2026-02-09T07:25:28.337+0000] {logging_mixin.py:188} INFO - [2026-02-09T07:25:28.337+0000] {dag.py:3089} INFO - Sync 1 DAGs
[2026-02-09T07:25:28.400+0000] {logging_mixin.py:188} INFO - [2026-02-09T07:25:28.400+0000] {dag.py:3947} INFO - Setting next_dagrun for list_s3_files_in_logs to None, run_after=None
[2026-02-09T07:25:28.463+0000] {processor.py:183} INFO - Processing /home/cloud/codings/airflow/dags/list_s3_files_in_logs.py took 0.177 seconds
[2026-02-09T07:25:58.773+0000] {processor.py:161} INFO - Started process (PID=335813) to work on /home/cloud/codings/airflow/dags/list_s3_files_in_logs.py
[2026-02-09T07:25:58.774+0000] {processor.py:830} INFO - Processing file /home/cloud/codings/airflow/dags/list_s3_files_in_logs.py for tasks to queue
[2026-02-09T07:25:58.775+0000] {logging_mixin.py:188} INFO - [2026-02-09T07:25:58.775+0000] {dagbag.py:545} INFO - Filling up the DagBag from /home/cloud/codings/airflow/dags/list_s3_files_in_logs.py
[2026-02-09T07:25:58.793+0000] {processor.py:840} INFO - DAG(s) 'list_s3_files_in_logs' retrieved from /home/cloud/codings/airflow/dags/list_s3_files_in_logs.py
[2026-02-09T07:25:58.826+0000] {logging_mixin.py:188} INFO - [2026-02-09T07:25:58.825+0000] {dag.py:3089} INFO - Sync 1 DAGs
[2026-02-09T07:25:58.844+0000] {logging_mixin.py:188} INFO - [2026-02-09T07:25:58.844+0000] {dag.py:3947} INFO - Setting next_dagrun for list_s3_files_in_logs to None, run_after=None
[2026-02-09T07:25:58.877+0000] {processor.py:183} INFO - Processing /home/cloud/codings/airflow/dags/list_s3_files_in_logs.py took 0.113 seconds
[2026-02-09T07:26:29.258+0000] {processor.py:161} INFO - Started process (PID=335893) to work on /home/cloud/codings/airflow/dags/list_s3_files_in_logs.py
[2026-02-09T07:26:29.260+0000] {processor.py:830} INFO - Processing file /home/cloud/codings/airflow/dags/list_s3_files_in_logs.py for tasks to queue
[2026-02-09T07:26:29.261+0000] {logging_mixin.py:188} INFO - [2026-02-09T07:26:29.260+0000] {dagbag.py:545} INFO - Filling up the DagBag from /home/cloud/codings/airflow/dags/list_s3_files_in_logs.py
[2026-02-09T07:26:29.274+0000] {processor.py:840} INFO - DAG(s) 'list_s3_files_in_logs' retrieved from /home/cloud/codings/airflow/dags/list_s3_files_in_logs.py
[2026-02-09T07:26:29.299+0000] {logging_mixin.py:188} INFO - [2026-02-09T07:26:29.298+0000] {dag.py:3089} INFO - Sync 1 DAGs
[2026-02-09T07:26:29.316+0000] {logging_mixin.py:188} INFO - [2026-02-09T07:26:29.316+0000] {dag.py:3947} INFO - Setting next_dagrun for list_s3_files_in_logs to None, run_after=None
[2026-02-09T07:26:29.355+0000] {processor.py:183} INFO - Processing /home/cloud/codings/airflow/dags/list_s3_files_in_logs.py took 0.105 seconds
[2026-02-09T07:26:59.750+0000] {processor.py:161} INFO - Started process (PID=335981) to work on /home/cloud/codings/airflow/dags/list_s3_files_in_logs.py
[2026-02-09T07:26:59.751+0000] {processor.py:830} INFO - Processing file /home/cloud/codings/airflow/dags/list_s3_files_in_logs.py for tasks to queue
[2026-02-09T07:26:59.752+0000] {logging_mixin.py:188} INFO - [2026-02-09T07:26:59.752+0000] {dagbag.py:545} INFO - Filling up the DagBag from /home/cloud/codings/airflow/dags/list_s3_files_in_logs.py
[2026-02-09T07:26:59.766+0000] {processor.py:840} INFO - DAG(s) 'list_s3_files_in_logs' retrieved from /home/cloud/codings/airflow/dags/list_s3_files_in_logs.py
[2026-02-09T07:26:59.791+0000] {logging_mixin.py:188} INFO - [2026-02-09T07:26:59.791+0000] {dag.py:3089} INFO - Sync 1 DAGs
[2026-02-09T07:26:59.809+0000] {logging_mixin.py:188} INFO - [2026-02-09T07:26:59.808+0000] {dag.py:3947} INFO - Setting next_dagrun for list_s3_files_in_logs to None, run_after=None
[2026-02-09T07:26:59.840+0000] {processor.py:183} INFO - Processing /home/cloud/codings/airflow/dags/list_s3_files_in_logs.py took 0.098 seconds
[2026-02-09T07:27:30.225+0000] {processor.py:161} INFO - Started process (PID=336061) to work on /home/cloud/codings/airflow/dags/list_s3_files_in_logs.py
[2026-02-09T07:27:30.229+0000] {processor.py:830} INFO - Processing file /home/cloud/codings/airflow/dags/list_s3_files_in_logs.py for tasks to queue
[2026-02-09T07:27:30.230+0000] {logging_mixin.py:188} INFO - [2026-02-09T07:27:30.230+0000] {dagbag.py:545} INFO - Filling up the DagBag from /home/cloud/codings/airflow/dags/list_s3_files_in_logs.py
[2026-02-09T07:27:30.244+0000] {processor.py:840} INFO - DAG(s) 'list_s3_files_in_logs' retrieved from /home/cloud/codings/airflow/dags/list_s3_files_in_logs.py
[2026-02-09T07:27:30.269+0000] {logging_mixin.py:188} INFO - [2026-02-09T07:27:30.269+0000] {dag.py:3089} INFO - Sync 1 DAGs
[2026-02-09T07:27:30.288+0000] {logging_mixin.py:188} INFO - [2026-02-09T07:27:30.288+0000] {dag.py:3947} INFO - Setting next_dagrun for list_s3_files_in_logs to None, run_after=None
[2026-02-09T07:27:30.318+0000] {processor.py:183} INFO - Processing /home/cloud/codings/airflow/dags/list_s3_files_in_logs.py took 0.102 seconds
[2026-02-09T07:28:00.737+0000] {processor.py:161} INFO - Started process (PID=336149) to work on /home/cloud/codings/airflow/dags/list_s3_files_in_logs.py
[2026-02-09T07:28:00.738+0000] {processor.py:830} INFO - Processing file /home/cloud/codings/airflow/dags/list_s3_files_in_logs.py for tasks to queue
[2026-02-09T07:28:00.740+0000] {logging_mixin.py:188} INFO - [2026-02-09T07:28:00.739+0000] {dagbag.py:545} INFO - Filling up the DagBag from /home/cloud/codings/airflow/dags/list_s3_files_in_logs.py
[2026-02-09T07:28:00.763+0000] {processor.py:840} INFO - DAG(s) 'list_s3_files_in_logs' retrieved from /home/cloud/codings/airflow/dags/list_s3_files_in_logs.py
[2026-02-09T07:28:00.801+0000] {logging_mixin.py:188} INFO - [2026-02-09T07:28:00.801+0000] {dag.py:3089} INFO - Sync 1 DAGs
[2026-02-09T07:28:00.828+0000] {logging_mixin.py:188} INFO - [2026-02-09T07:28:00.827+0000] {dag.py:3947} INFO - Setting next_dagrun for list_s3_files_in_logs to None, run_after=None
[2026-02-09T07:28:00.868+0000] {processor.py:183} INFO - Processing /home/cloud/codings/airflow/dags/list_s3_files_in_logs.py took 0.141 seconds
[2026-02-09T07:28:31.208+0000] {processor.py:161} INFO - Started process (PID=336229) to work on /home/cloud/codings/airflow/dags/list_s3_files_in_logs.py
[2026-02-09T07:28:31.210+0000] {processor.py:830} INFO - Processing file /home/cloud/codings/airflow/dags/list_s3_files_in_logs.py for tasks to queue
[2026-02-09T07:28:31.212+0000] {logging_mixin.py:188} INFO - [2026-02-09T07:28:31.211+0000] {dagbag.py:545} INFO - Filling up the DagBag from /home/cloud/codings/airflow/dags/list_s3_files_in_logs.py
[2026-02-09T07:28:31.230+0000] {processor.py:840} INFO - DAG(s) 'list_s3_files_in_logs' retrieved from /home/cloud/codings/airflow/dags/list_s3_files_in_logs.py
[2026-02-09T07:28:31.257+0000] {logging_mixin.py:188} INFO - [2026-02-09T07:28:31.257+0000] {dag.py:3089} INFO - Sync 1 DAGs
[2026-02-09T07:28:31.277+0000] {logging_mixin.py:188} INFO - [2026-02-09T07:28:31.276+0000] {dag.py:3947} INFO - Setting next_dagrun for list_s3_files_in_logs to None, run_after=None
[2026-02-09T07:28:31.314+0000] {processor.py:183} INFO - Processing /home/cloud/codings/airflow/dags/list_s3_files_in_logs.py took 0.115 seconds
[2026-02-09T07:29:01.693+0000] {processor.py:161} INFO - Started process (PID=336317) to work on /home/cloud/codings/airflow/dags/list_s3_files_in_logs.py
[2026-02-09T07:29:01.694+0000] {processor.py:830} INFO - Processing file /home/cloud/codings/airflow/dags/list_s3_files_in_logs.py for tasks to queue
[2026-02-09T07:29:01.695+0000] {logging_mixin.py:188} INFO - [2026-02-09T07:29:01.694+0000] {dagbag.py:545} INFO - Filling up the DagBag from /home/cloud/codings/airflow/dags/list_s3_files_in_logs.py
[2026-02-09T07:29:01.709+0000] {processor.py:840} INFO - DAG(s) 'list_s3_files_in_logs' retrieved from /home/cloud/codings/airflow/dags/list_s3_files_in_logs.py
[2026-02-09T07:29:01.735+0000] {logging_mixin.py:188} INFO - [2026-02-09T07:29:01.735+0000] {dag.py:3089} INFO - Sync 1 DAGs
[2026-02-09T07:29:01.755+0000] {logging_mixin.py:188} INFO - [2026-02-09T07:29:01.754+0000] {dag.py:3947} INFO - Setting next_dagrun for list_s3_files_in_logs to None, run_after=None
[2026-02-09T07:29:01.788+0000] {processor.py:183} INFO - Processing /home/cloud/codings/airflow/dags/list_s3_files_in_logs.py took 0.103 seconds
[2026-02-09T07:29:32.178+0000] {processor.py:161} INFO - Started process (PID=336405) to work on /home/cloud/codings/airflow/dags/list_s3_files_in_logs.py
[2026-02-09T07:29:32.181+0000] {processor.py:830} INFO - Processing file /home/cloud/codings/airflow/dags/list_s3_files_in_logs.py for tasks to queue
[2026-02-09T07:29:32.183+0000] {logging_mixin.py:188} INFO - [2026-02-09T07:29:32.182+0000] {dagbag.py:545} INFO - Filling up the DagBag from /home/cloud/codings/airflow/dags/list_s3_files_in_logs.py
[2026-02-09T07:29:32.197+0000] {processor.py:840} INFO - DAG(s) 'list_s3_files_in_logs' retrieved from /home/cloud/codings/airflow/dags/list_s3_files_in_logs.py
[2026-02-09T07:29:32.224+0000] {logging_mixin.py:188} INFO - [2026-02-09T07:29:32.224+0000] {dag.py:3089} INFO - Sync 1 DAGs
[2026-02-09T07:29:32.242+0000] {logging_mixin.py:188} INFO - [2026-02-09T07:29:32.241+0000] {dag.py:3947} INFO - Setting next_dagrun for list_s3_files_in_logs to None, run_after=None
[2026-02-09T07:29:32.270+0000] {processor.py:183} INFO - Processing /home/cloud/codings/airflow/dags/list_s3_files_in_logs.py took 0.099 seconds
[2026-02-09T07:30:02.661+0000] {processor.py:161} INFO - Started process (PID=336485) to work on /home/cloud/codings/airflow/dags/list_s3_files_in_logs.py
[2026-02-09T07:30:02.662+0000] {processor.py:830} INFO - Processing file /home/cloud/codings/airflow/dags/list_s3_files_in_logs.py for tasks to queue
[2026-02-09T07:30:02.663+0000] {logging_mixin.py:188} INFO - [2026-02-09T07:30:02.663+0000] {dagbag.py:545} INFO - Filling up the DagBag from /home/cloud/codings/airflow/dags/list_s3_files_in_logs.py
[2026-02-09T07:30:02.675+0000] {processor.py:840} INFO - DAG(s) 'list_s3_files_in_logs' retrieved from /home/cloud/codings/airflow/dags/list_s3_files_in_logs.py
[2026-02-09T07:30:02.696+0000] {logging_mixin.py:188} INFO - [2026-02-09T07:30:02.696+0000] {dag.py:3089} INFO - Sync 1 DAGs
[2026-02-09T07:30:02.711+0000] {logging_mixin.py:188} INFO - [2026-02-09T07:30:02.711+0000] {dag.py:3947} INFO - Setting next_dagrun for list_s3_files_in_logs to None, run_after=None
[2026-02-09T07:30:02.739+0000] {processor.py:183} INFO - Processing /home/cloud/codings/airflow/dags/list_s3_files_in_logs.py took 0.085 seconds
[2026-02-09T07:30:33.050+0000] {processor.py:161} INFO - Started process (PID=336573) to work on /home/cloud/codings/airflow/dags/list_s3_files_in_logs.py
[2026-02-09T07:30:33.055+0000] {processor.py:830} INFO - Processing file /home/cloud/codings/airflow/dags/list_s3_files_in_logs.py for tasks to queue
[2026-02-09T07:30:33.056+0000] {logging_mixin.py:188} INFO - [2026-02-09T07:30:33.056+0000] {dagbag.py:545} INFO - Filling up the DagBag from /home/cloud/codings/airflow/dags/list_s3_files_in_logs.py
[2026-02-09T07:30:33.070+0000] {processor.py:840} INFO - DAG(s) 'list_s3_files_in_logs' retrieved from /home/cloud/codings/airflow/dags/list_s3_files_in_logs.py
[2026-02-09T07:30:33.097+0000] {logging_mixin.py:188} INFO - [2026-02-09T07:30:33.097+0000] {dag.py:3089} INFO - Sync 1 DAGs
[2026-02-09T07:30:33.119+0000] {logging_mixin.py:188} INFO - [2026-02-09T07:30:33.119+0000] {dag.py:3947} INFO - Setting next_dagrun for list_s3_files_in_logs to None, run_after=None
[2026-02-09T07:30:33.155+0000] {processor.py:183} INFO - Processing /home/cloud/codings/airflow/dags/list_s3_files_in_logs.py took 0.112 seconds
[2026-02-09T07:31:03.557+0000] {processor.py:161} INFO - Started process (PID=336653) to work on /home/cloud/codings/airflow/dags/list_s3_files_in_logs.py
[2026-02-09T07:31:03.558+0000] {processor.py:830} INFO - Processing file /home/cloud/codings/airflow/dags/list_s3_files_in_logs.py for tasks to queue
[2026-02-09T07:31:03.559+0000] {logging_mixin.py:188} INFO - [2026-02-09T07:31:03.559+0000] {dagbag.py:545} INFO - Filling up the DagBag from /home/cloud/codings/airflow/dags/list_s3_files_in_logs.py
[2026-02-09T07:31:03.571+0000] {processor.py:840} INFO - DAG(s) 'list_s3_files_in_logs' retrieved from /home/cloud/codings/airflow/dags/list_s3_files_in_logs.py
[2026-02-09T07:31:03.592+0000] {logging_mixin.py:188} INFO - [2026-02-09T07:31:03.591+0000] {dag.py:3089} INFO - Sync 1 DAGs
[2026-02-09T07:31:03.607+0000] {logging_mixin.py:188} INFO - [2026-02-09T07:31:03.607+0000] {dag.py:3947} INFO - Setting next_dagrun for list_s3_files_in_logs to None, run_after=None
[2026-02-09T07:31:03.633+0000] {processor.py:183} INFO - Processing /home/cloud/codings/airflow/dags/list_s3_files_in_logs.py took 0.083 seconds
[2026-02-09T07:31:33.939+0000] {processor.py:161} INFO - Started process (PID=336741) to work on /home/cloud/codings/airflow/dags/list_s3_files_in_logs.py
[2026-02-09T07:31:33.944+0000] {processor.py:830} INFO - Processing file /home/cloud/codings/airflow/dags/list_s3_files_in_logs.py for tasks to queue
[2026-02-09T07:31:33.946+0000] {logging_mixin.py:188} INFO - [2026-02-09T07:31:33.945+0000] {dagbag.py:545} INFO - Filling up the DagBag from /home/cloud/codings/airflow/dags/list_s3_files_in_logs.py
[2026-02-09T07:31:33.961+0000] {processor.py:840} INFO - DAG(s) 'list_s3_files_in_logs' retrieved from /home/cloud/codings/airflow/dags/list_s3_files_in_logs.py
[2026-02-09T07:31:34.014+0000] {logging_mixin.py:188} INFO - [2026-02-09T07:31:34.013+0000] {dag.py:3089} INFO - Sync 1 DAGs
[2026-02-09T07:31:34.042+0000] {logging_mixin.py:188} INFO - [2026-02-09T07:31:34.042+0000] {dag.py:3947} INFO - Setting next_dagrun for list_s3_files_in_logs to None, run_after=None
[2026-02-09T07:31:34.078+0000] {processor.py:183} INFO - Processing /home/cloud/codings/airflow/dags/list_s3_files_in_logs.py took 0.147 seconds
[2026-02-09T07:32:04.413+0000] {processor.py:161} INFO - Started process (PID=336821) to work on /home/cloud/codings/airflow/dags/list_s3_files_in_logs.py
[2026-02-09T07:32:04.414+0000] {processor.py:830} INFO - Processing file /home/cloud/codings/airflow/dags/list_s3_files_in_logs.py for tasks to queue
[2026-02-09T07:32:04.415+0000] {logging_mixin.py:188} INFO - [2026-02-09T07:32:04.414+0000] {dagbag.py:545} INFO - Filling up the DagBag from /home/cloud/codings/airflow/dags/list_s3_files_in_logs.py
[2026-02-09T07:32:04.428+0000] {processor.py:840} INFO - DAG(s) 'list_s3_files_in_logs' retrieved from /home/cloud/codings/airflow/dags/list_s3_files_in_logs.py
[2026-02-09T07:32:04.455+0000] {logging_mixin.py:188} INFO - [2026-02-09T07:32:04.455+0000] {dag.py:3089} INFO - Sync 1 DAGs
[2026-02-09T07:32:04.474+0000] {logging_mixin.py:188} INFO - [2026-02-09T07:32:04.474+0000] {dag.py:3947} INFO - Setting next_dagrun for list_s3_files_in_logs to None, run_after=None
[2026-02-09T07:32:04.506+0000] {processor.py:183} INFO - Processing /home/cloud/codings/airflow/dags/list_s3_files_in_logs.py took 0.100 seconds
[2026-02-09T07:32:34.802+0000] {processor.py:161} INFO - Started process (PID=336911) to work on /home/cloud/codings/airflow/dags/list_s3_files_in_logs.py
[2026-02-09T07:32:34.803+0000] {processor.py:830} INFO - Processing file /home/cloud/codings/airflow/dags/list_s3_files_in_logs.py for tasks to queue
[2026-02-09T07:32:34.804+0000] {logging_mixin.py:188} INFO - [2026-02-09T07:32:34.804+0000] {dagbag.py:545} INFO - Filling up the DagBag from /home/cloud/codings/airflow/dags/list_s3_files_in_logs.py
[2026-02-09T07:32:34.818+0000] {processor.py:840} INFO - DAG(s) 'list_s3_files_in_logs' retrieved from /home/cloud/codings/airflow/dags/list_s3_files_in_logs.py
[2026-02-09T07:32:34.841+0000] {logging_mixin.py:188} INFO - [2026-02-09T07:32:34.840+0000] {dag.py:3089} INFO - Sync 1 DAGs
[2026-02-09T07:32:34.857+0000] {logging_mixin.py:188} INFO - [2026-02-09T07:32:34.856+0000] {dag.py:3947} INFO - Setting next_dagrun for list_s3_files_in_logs to None, run_after=None
[2026-02-09T07:32:34.887+0000] {processor.py:183} INFO - Processing /home/cloud/codings/airflow/dags/list_s3_files_in_logs.py took 0.093 seconds
[2026-02-09T07:33:05.284+0000] {processor.py:161} INFO - Started process (PID=336997) to work on /home/cloud/codings/airflow/dags/list_s3_files_in_logs.py
[2026-02-09T07:33:05.286+0000] {processor.py:830} INFO - Processing file /home/cloud/codings/airflow/dags/list_s3_files_in_logs.py for tasks to queue
[2026-02-09T07:33:05.287+0000] {logging_mixin.py:188} INFO - [2026-02-09T07:33:05.286+0000] {dagbag.py:545} INFO - Filling up the DagBag from /home/cloud/codings/airflow/dags/list_s3_files_in_logs.py
[2026-02-09T07:33:05.299+0000] {processor.py:840} INFO - DAG(s) 'list_s3_files_in_logs' retrieved from /home/cloud/codings/airflow/dags/list_s3_files_in_logs.py
[2026-02-09T07:33:05.323+0000] {logging_mixin.py:188} INFO - [2026-02-09T07:33:05.323+0000] {dag.py:3089} INFO - Sync 1 DAGs
[2026-02-09T07:33:05.343+0000] {logging_mixin.py:188} INFO - [2026-02-09T07:33:05.343+0000] {dag.py:3947} INFO - Setting next_dagrun for list_s3_files_in_logs to None, run_after=None
[2026-02-09T07:33:05.374+0000] {processor.py:183} INFO - Processing /home/cloud/codings/airflow/dags/list_s3_files_in_logs.py took 0.097 seconds
[2026-02-09T07:33:35.762+0000] {processor.py:161} INFO - Started process (PID=337079) to work on /home/cloud/codings/airflow/dags/list_s3_files_in_logs.py
[2026-02-09T07:33:35.764+0000] {processor.py:830} INFO - Processing file /home/cloud/codings/airflow/dags/list_s3_files_in_logs.py for tasks to queue
[2026-02-09T07:33:35.765+0000] {logging_mixin.py:188} INFO - [2026-02-09T07:33:35.765+0000] {dagbag.py:545} INFO - Filling up the DagBag from /home/cloud/codings/airflow/dags/list_s3_files_in_logs.py
[2026-02-09T07:33:35.780+0000] {processor.py:840} INFO - DAG(s) 'list_s3_files_in_logs' retrieved from /home/cloud/codings/airflow/dags/list_s3_files_in_logs.py
[2026-02-09T07:33:35.810+0000] {logging_mixin.py:188} INFO - [2026-02-09T07:33:35.810+0000] {dag.py:3089} INFO - Sync 1 DAGs
[2026-02-09T07:33:35.830+0000] {logging_mixin.py:188} INFO - [2026-02-09T07:33:35.830+0000] {dag.py:3947} INFO - Setting next_dagrun for list_s3_files_in_logs to None, run_after=None
[2026-02-09T07:33:35.861+0000] {processor.py:183} INFO - Processing /home/cloud/codings/airflow/dags/list_s3_files_in_logs.py took 0.106 seconds
[2026-02-09T07:34:06.240+0000] {processor.py:161} INFO - Started process (PID=337165) to work on /home/cloud/codings/airflow/dags/list_s3_files_in_logs.py
[2026-02-09T07:34:06.241+0000] {processor.py:830} INFO - Processing file /home/cloud/codings/airflow/dags/list_s3_files_in_logs.py for tasks to queue
[2026-02-09T07:34:06.243+0000] {logging_mixin.py:188} INFO - [2026-02-09T07:34:06.242+0000] {dagbag.py:545} INFO - Filling up the DagBag from /home/cloud/codings/airflow/dags/list_s3_files_in_logs.py
[2026-02-09T07:34:06.258+0000] {processor.py:840} INFO - DAG(s) 'list_s3_files_in_logs' retrieved from /home/cloud/codings/airflow/dags/list_s3_files_in_logs.py
[2026-02-09T07:34:06.286+0000] {logging_mixin.py:188} INFO - [2026-02-09T07:34:06.286+0000] {dag.py:3089} INFO - Sync 1 DAGs
[2026-02-09T07:34:06.303+0000] {logging_mixin.py:188} INFO - [2026-02-09T07:34:06.303+0000] {dag.py:3947} INFO - Setting next_dagrun for list_s3_files_in_logs to None, run_after=None
[2026-02-09T07:34:06.336+0000] {processor.py:183} INFO - Processing /home/cloud/codings/airflow/dags/list_s3_files_in_logs.py took 0.103 seconds
[2026-02-09T07:34:36.722+0000] {processor.py:161} INFO - Started process (PID=337251) to work on /home/cloud/codings/airflow/dags/list_s3_files_in_logs.py
[2026-02-09T07:34:36.727+0000] {processor.py:830} INFO - Processing file /home/cloud/codings/airflow/dags/list_s3_files_in_logs.py for tasks to queue
[2026-02-09T07:34:36.728+0000] {logging_mixin.py:188} INFO - [2026-02-09T07:34:36.728+0000] {dagbag.py:545} INFO - Filling up the DagBag from /home/cloud/codings/airflow/dags/list_s3_files_in_logs.py
[2026-02-09T07:34:36.740+0000] {processor.py:840} INFO - DAG(s) 'list_s3_files_in_logs' retrieved from /home/cloud/codings/airflow/dags/list_s3_files_in_logs.py
[2026-02-09T07:34:36.763+0000] {logging_mixin.py:188} INFO - [2026-02-09T07:34:36.763+0000] {dag.py:3089} INFO - Sync 1 DAGs
[2026-02-09T07:34:36.780+0000] {logging_mixin.py:188} INFO - [2026-02-09T07:34:36.780+0000] {dag.py:3947} INFO - Setting next_dagrun for list_s3_files_in_logs to None, run_after=None
[2026-02-09T07:34:36.811+0000] {processor.py:183} INFO - Processing /home/cloud/codings/airflow/dags/list_s3_files_in_logs.py took 0.099 seconds
[2026-02-09T07:35:07.321+0000] {processor.py:161} INFO - Started process (PID=337331) to work on /home/cloud/codings/airflow/dags/list_s3_files_in_logs.py
[2026-02-09T07:35:07.322+0000] {processor.py:830} INFO - Processing file /home/cloud/codings/airflow/dags/list_s3_files_in_logs.py for tasks to queue
[2026-02-09T07:35:07.323+0000] {logging_mixin.py:188} INFO - [2026-02-09T07:35:07.323+0000] {dagbag.py:545} INFO - Filling up the DagBag from /home/cloud/codings/airflow/dags/list_s3_files_in_logs.py
[2026-02-09T07:35:07.337+0000] {processor.py:840} INFO - DAG(s) 'list_s3_files_in_logs' retrieved from /home/cloud/codings/airflow/dags/list_s3_files_in_logs.py
[2026-02-09T07:35:07.362+0000] {logging_mixin.py:188} INFO - [2026-02-09T07:35:07.362+0000] {dag.py:3089} INFO - Sync 1 DAGs
[2026-02-09T07:35:07.381+0000] {logging_mixin.py:188} INFO - [2026-02-09T07:35:07.381+0000] {dag.py:3947} INFO - Setting next_dagrun for list_s3_files_in_logs to None, run_after=None
[2026-02-09T07:35:07.417+0000] {processor.py:183} INFO - Processing /home/cloud/codings/airflow/dags/list_s3_files_in_logs.py took 0.103 seconds
[2026-02-09T07:35:37.606+0000] {processor.py:161} INFO - Started process (PID=337419) to work on /home/cloud/codings/airflow/dags/list_s3_files_in_logs.py
[2026-02-09T07:35:37.608+0000] {processor.py:830} INFO - Processing file /home/cloud/codings/airflow/dags/list_s3_files_in_logs.py for tasks to queue
[2026-02-09T07:35:37.609+0000] {logging_mixin.py:188} INFO - [2026-02-09T07:35:37.608+0000] {dagbag.py:545} INFO - Filling up the DagBag from /home/cloud/codings/airflow/dags/list_s3_files_in_logs.py
[2026-02-09T07:35:37.622+0000] {processor.py:840} INFO - DAG(s) 'list_s3_files_in_logs' retrieved from /home/cloud/codings/airflow/dags/list_s3_files_in_logs.py
[2026-02-09T07:35:37.650+0000] {logging_mixin.py:188} INFO - [2026-02-09T07:35:37.649+0000] {dag.py:3089} INFO - Sync 1 DAGs
[2026-02-09T07:35:37.669+0000] {logging_mixin.py:188} INFO - [2026-02-09T07:35:37.669+0000] {dag.py:3947} INFO - Setting next_dagrun for list_s3_files_in_logs to None, run_after=None
[2026-02-09T07:35:37.700+0000] {processor.py:183} INFO - Processing /home/cloud/codings/airflow/dags/list_s3_files_in_logs.py took 0.101 seconds
[2026-02-09T07:36:07.880+0000] {processor.py:161} INFO - Started process (PID=337503) to work on /home/cloud/codings/airflow/dags/list_s3_files_in_logs.py
[2026-02-09T07:36:07.881+0000] {processor.py:830} INFO - Processing file /home/cloud/codings/airflow/dags/list_s3_files_in_logs.py for tasks to queue
[2026-02-09T07:36:07.883+0000] {logging_mixin.py:188} INFO - [2026-02-09T07:36:07.882+0000] {dagbag.py:545} INFO - Filling up the DagBag from /home/cloud/codings/airflow/dags/list_s3_files_in_logs.py
[2026-02-09T07:36:07.895+0000] {processor.py:840} INFO - DAG(s) 'list_s3_files_in_logs' retrieved from /home/cloud/codings/airflow/dags/list_s3_files_in_logs.py
[2026-02-09T07:36:07.923+0000] {logging_mixin.py:188} INFO - [2026-02-09T07:36:07.923+0000] {dag.py:3089} INFO - Sync 1 DAGs
[2026-02-09T07:36:07.944+0000] {logging_mixin.py:188} INFO - [2026-02-09T07:36:07.943+0000] {dag.py:3947} INFO - Setting next_dagrun for list_s3_files_in_logs to None, run_after=None
[2026-02-09T07:36:07.972+0000] {processor.py:183} INFO - Processing /home/cloud/codings/airflow/dags/list_s3_files_in_logs.py took 0.100 seconds
[2026-02-09T07:36:38.104+0000] {processor.py:161} INFO - Started process (PID=337585) to work on /home/cloud/codings/airflow/dags/list_s3_files_in_logs.py
[2026-02-09T07:36:38.105+0000] {processor.py:830} INFO - Processing file /home/cloud/codings/airflow/dags/list_s3_files_in_logs.py for tasks to queue
[2026-02-09T07:36:38.107+0000] {logging_mixin.py:188} INFO - [2026-02-09T07:36:38.106+0000] {dagbag.py:545} INFO - Filling up the DagBag from /home/cloud/codings/airflow/dags/list_s3_files_in_logs.py
[2026-02-09T07:36:38.118+0000] {processor.py:840} INFO - DAG(s) 'list_s3_files_in_logs' retrieved from /home/cloud/codings/airflow/dags/list_s3_files_in_logs.py
[2026-02-09T07:36:38.147+0000] {logging_mixin.py:188} INFO - [2026-02-09T07:36:38.147+0000] {dag.py:3089} INFO - Sync 1 DAGs
[2026-02-09T07:36:38.166+0000] {logging_mixin.py:188} INFO - [2026-02-09T07:36:38.165+0000] {dag.py:3947} INFO - Setting next_dagrun for list_s3_files_in_logs to None, run_after=None
[2026-02-09T07:36:38.197+0000] {processor.py:183} INFO - Processing /home/cloud/codings/airflow/dags/list_s3_files_in_logs.py took 0.100 seconds
[2026-02-09T07:37:08.578+0000] {processor.py:161} INFO - Started process (PID=337671) to work on /home/cloud/codings/airflow/dags/list_s3_files_in_logs.py
[2026-02-09T07:37:08.579+0000] {processor.py:830} INFO - Processing file /home/cloud/codings/airflow/dags/list_s3_files_in_logs.py for tasks to queue
[2026-02-09T07:37:08.580+0000] {logging_mixin.py:188} INFO - [2026-02-09T07:37:08.580+0000] {dagbag.py:545} INFO - Filling up the DagBag from /home/cloud/codings/airflow/dags/list_s3_files_in_logs.py
[2026-02-09T07:37:08.594+0000] {processor.py:840} INFO - DAG(s) 'list_s3_files_in_logs' retrieved from /home/cloud/codings/airflow/dags/list_s3_files_in_logs.py
[2026-02-09T07:37:08.629+0000] {logging_mixin.py:188} INFO - [2026-02-09T07:37:08.628+0000] {dag.py:3089} INFO - Sync 1 DAGs
[2026-02-09T07:37:08.650+0000] {logging_mixin.py:188} INFO - [2026-02-09T07:37:08.650+0000] {dag.py:3947} INFO - Setting next_dagrun for list_s3_files_in_logs to None, run_after=None
[2026-02-09T07:37:08.681+0000] {processor.py:183} INFO - Processing /home/cloud/codings/airflow/dags/list_s3_files_in_logs.py took 0.108 seconds
[2026-02-09T07:37:39.056+0000] {processor.py:161} INFO - Started process (PID=337757) to work on /home/cloud/codings/airflow/dags/list_s3_files_in_logs.py
[2026-02-09T07:37:39.057+0000] {processor.py:830} INFO - Processing file /home/cloud/codings/airflow/dags/list_s3_files_in_logs.py for tasks to queue
[2026-02-09T07:37:39.058+0000] {logging_mixin.py:188} INFO - [2026-02-09T07:37:39.058+0000] {dagbag.py:545} INFO - Filling up the DagBag from /home/cloud/codings/airflow/dags/list_s3_files_in_logs.py
[2026-02-09T07:37:39.073+0000] {processor.py:840} INFO - DAG(s) 'list_s3_files_in_logs' retrieved from /home/cloud/codings/airflow/dags/list_s3_files_in_logs.py
[2026-02-09T07:37:39.107+0000] {logging_mixin.py:188} INFO - [2026-02-09T07:37:39.106+0000] {dag.py:3089} INFO - Sync 1 DAGs
[2026-02-09T07:37:39.130+0000] {logging_mixin.py:188} INFO - [2026-02-09T07:37:39.130+0000] {dag.py:3947} INFO - Setting next_dagrun for list_s3_files_in_logs to None, run_after=None
[2026-02-09T07:37:39.162+0000] {processor.py:183} INFO - Processing /home/cloud/codings/airflow/dags/list_s3_files_in_logs.py took 0.113 seconds
[2026-02-09T07:38:09.559+0000] {processor.py:161} INFO - Started process (PID=337835) to work on /home/cloud/codings/airflow/dags/list_s3_files_in_logs.py
[2026-02-09T07:38:09.561+0000] {processor.py:830} INFO - Processing file /home/cloud/codings/airflow/dags/list_s3_files_in_logs.py for tasks to queue
[2026-02-09T07:38:09.567+0000] {logging_mixin.py:188} INFO - [2026-02-09T07:38:09.566+0000] {dagbag.py:545} INFO - Filling up the DagBag from /home/cloud/codings/airflow/dags/list_s3_files_in_logs.py
[2026-02-09T07:38:09.594+0000] {processor.py:840} INFO - DAG(s) 'list_s3_files_in_logs' retrieved from /home/cloud/codings/airflow/dags/list_s3_files_in_logs.py
[2026-02-09T07:38:09.634+0000] {logging_mixin.py:188} INFO - [2026-02-09T07:38:09.633+0000] {dag.py:3089} INFO - Sync 1 DAGs
[2026-02-09T07:38:09.670+0000] {logging_mixin.py:188} INFO - [2026-02-09T07:38:09.669+0000] {dag.py:3947} INFO - Setting next_dagrun for list_s3_files_in_logs to None, run_after=None
[2026-02-09T07:38:09.732+0000] {processor.py:183} INFO - Processing /home/cloud/codings/airflow/dags/list_s3_files_in_logs.py took 0.193 seconds
[2026-02-09T07:38:40.017+0000] {processor.py:161} INFO - Started process (PID=337923) to work on /home/cloud/codings/airflow/dags/list_s3_files_in_logs.py
[2026-02-09T07:38:40.022+0000] {processor.py:830} INFO - Processing file /home/cloud/codings/airflow/dags/list_s3_files_in_logs.py for tasks to queue
[2026-02-09T07:38:40.023+0000] {logging_mixin.py:188} INFO - [2026-02-09T07:38:40.022+0000] {dagbag.py:545} INFO - Filling up the DagBag from /home/cloud/codings/airflow/dags/list_s3_files_in_logs.py
[2026-02-09T07:38:40.035+0000] {processor.py:840} INFO - DAG(s) 'list_s3_files_in_logs' retrieved from /home/cloud/codings/airflow/dags/list_s3_files_in_logs.py
[2026-02-09T07:38:40.059+0000] {logging_mixin.py:188} INFO - [2026-02-09T07:38:40.059+0000] {dag.py:3089} INFO - Sync 1 DAGs
[2026-02-09T07:38:40.076+0000] {logging_mixin.py:188} INFO - [2026-02-09T07:38:40.076+0000] {dag.py:3947} INFO - Setting next_dagrun for list_s3_files_in_logs to None, run_after=None
[2026-02-09T07:38:40.106+0000] {processor.py:183} INFO - Processing /home/cloud/codings/airflow/dags/list_s3_files_in_logs.py took 0.096 seconds
[2026-02-09T07:39:10.701+0000] {processor.py:161} INFO - Started process (PID=338027) to work on /home/cloud/codings/airflow/dags/list_s3_files_in_logs.py
[2026-02-09T07:39:10.702+0000] {processor.py:830} INFO - Processing file /home/cloud/codings/airflow/dags/list_s3_files_in_logs.py for tasks to queue
[2026-02-09T07:39:10.703+0000] {logging_mixin.py:188} INFO - [2026-02-09T07:39:10.702+0000] {dagbag.py:545} INFO - Filling up the DagBag from /home/cloud/codings/airflow/dags/list_s3_files_in_logs.py
[2026-02-09T07:39:10.716+0000] {processor.py:840} INFO - DAG(s) 'list_s3_files_in_logs' retrieved from /home/cloud/codings/airflow/dags/list_s3_files_in_logs.py
[2026-02-09T07:39:10.739+0000] {logging_mixin.py:188} INFO - [2026-02-09T07:39:10.739+0000] {dag.py:3089} INFO - Sync 1 DAGs
[2026-02-09T07:39:10.757+0000] {logging_mixin.py:188} INFO - [2026-02-09T07:39:10.757+0000] {dag.py:3947} INFO - Setting next_dagrun for list_s3_files_in_logs to None, run_after=None
[2026-02-09T07:39:10.787+0000] {processor.py:183} INFO - Processing /home/cloud/codings/airflow/dags/list_s3_files_in_logs.py took 0.093 seconds
[2026-02-09T07:39:41.026+0000] {processor.py:161} INFO - Started process (PID=338113) to work on /home/cloud/codings/airflow/dags/list_s3_files_in_logs.py
[2026-02-09T07:39:41.028+0000] {processor.py:830} INFO - Processing file /home/cloud/codings/airflow/dags/list_s3_files_in_logs.py for tasks to queue
[2026-02-09T07:39:41.030+0000] {logging_mixin.py:188} INFO - [2026-02-09T07:39:41.029+0000] {dagbag.py:545} INFO - Filling up the DagBag from /home/cloud/codings/airflow/dags/list_s3_files_in_logs.py
[2026-02-09T07:39:41.044+0000] {processor.py:840} INFO - DAG(s) 'list_s3_files_in_logs' retrieved from /home/cloud/codings/airflow/dags/list_s3_files_in_logs.py
[2026-02-09T07:39:41.073+0000] {logging_mixin.py:188} INFO - [2026-02-09T07:39:41.072+0000] {dag.py:3089} INFO - Sync 1 DAGs
[2026-02-09T07:39:41.098+0000] {logging_mixin.py:188} INFO - [2026-02-09T07:39:41.098+0000] {dag.py:3947} INFO - Setting next_dagrun for list_s3_files_in_logs to None, run_after=None
[2026-02-09T07:39:41.134+0000] {processor.py:183} INFO - Processing /home/cloud/codings/airflow/dags/list_s3_files_in_logs.py took 0.116 seconds
[2026-02-09T07:40:11.376+0000] {processor.py:161} INFO - Started process (PID=338193) to work on /home/cloud/codings/airflow/dags/list_s3_files_in_logs.py
[2026-02-09T07:40:11.377+0000] {processor.py:830} INFO - Processing file /home/cloud/codings/airflow/dags/list_s3_files_in_logs.py for tasks to queue
[2026-02-09T07:40:11.378+0000] {logging_mixin.py:188} INFO - [2026-02-09T07:40:11.378+0000] {dagbag.py:545} INFO - Filling up the DagBag from /home/cloud/codings/airflow/dags/list_s3_files_in_logs.py
[2026-02-09T07:40:11.392+0000] {processor.py:840} INFO - DAG(s) 'list_s3_files_in_logs' retrieved from /home/cloud/codings/airflow/dags/list_s3_files_in_logs.py
[2026-02-09T07:40:11.422+0000] {logging_mixin.py:188} INFO - [2026-02-09T07:40:11.422+0000] {dag.py:3089} INFO - Sync 1 DAGs
[2026-02-09T07:40:11.442+0000] {logging_mixin.py:188} INFO - [2026-02-09T07:40:11.442+0000] {dag.py:3947} INFO - Setting next_dagrun for list_s3_files_in_logs to None, run_after=None
[2026-02-09T07:40:11.474+0000] {processor.py:183} INFO - Processing /home/cloud/codings/airflow/dags/list_s3_files_in_logs.py took 0.107 seconds
[2026-02-09T07:40:41.858+0000] {processor.py:161} INFO - Started process (PID=338279) to work on /home/cloud/codings/airflow/dags/list_s3_files_in_logs.py
[2026-02-09T07:40:41.860+0000] {processor.py:830} INFO - Processing file /home/cloud/codings/airflow/dags/list_s3_files_in_logs.py for tasks to queue
[2026-02-09T07:40:41.862+0000] {logging_mixin.py:188} INFO - [2026-02-09T07:40:41.861+0000] {dagbag.py:545} INFO - Filling up the DagBag from /home/cloud/codings/airflow/dags/list_s3_files_in_logs.py
[2026-02-09T07:40:41.876+0000] {processor.py:840} INFO - DAG(s) 'list_s3_files_in_logs' retrieved from /home/cloud/codings/airflow/dags/list_s3_files_in_logs.py
[2026-02-09T07:40:41.907+0000] {logging_mixin.py:188} INFO - [2026-02-09T07:40:41.907+0000] {dag.py:3089} INFO - Sync 1 DAGs
[2026-02-09T07:40:41.928+0000] {logging_mixin.py:188} INFO - [2026-02-09T07:40:41.927+0000] {dag.py:3947} INFO - Setting next_dagrun for list_s3_files_in_logs to None, run_after=None
[2026-02-09T07:40:41.961+0000] {processor.py:183} INFO - Processing /home/cloud/codings/airflow/dags/list_s3_files_in_logs.py took 0.109 seconds
[2026-02-09T07:41:12.918+0000] {processor.py:161} INFO - Started process (PID=338365) to work on /home/cloud/codings/airflow/dags/list_s3_files_in_logs.py
[2026-02-09T07:41:12.919+0000] {processor.py:830} INFO - Processing file /home/cloud/codings/airflow/dags/list_s3_files_in_logs.py for tasks to queue
[2026-02-09T07:41:12.920+0000] {logging_mixin.py:188} INFO - [2026-02-09T07:41:12.920+0000] {dagbag.py:545} INFO - Filling up the DagBag from /home/cloud/codings/airflow/dags/list_s3_files_in_logs.py
[2026-02-09T07:41:12.932+0000] {processor.py:840} INFO - DAG(s) 'list_s3_files_in_logs' retrieved from /home/cloud/codings/airflow/dags/list_s3_files_in_logs.py
[2026-02-09T07:41:12.957+0000] {logging_mixin.py:188} INFO - [2026-02-09T07:41:12.956+0000] {dag.py:3089} INFO - Sync 1 DAGs
[2026-02-09T07:41:12.972+0000] {logging_mixin.py:188} INFO - [2026-02-09T07:41:12.972+0000] {dag.py:3947} INFO - Setting next_dagrun for list_s3_files_in_logs to None, run_after=None
[2026-02-09T07:41:13.000+0000] {processor.py:183} INFO - Processing /home/cloud/codings/airflow/dags/list_s3_files_in_logs.py took 0.089 seconds
[2026-02-09T07:41:43.799+0000] {processor.py:161} INFO - Started process (PID=338453) to work on /home/cloud/codings/airflow/dags/list_s3_files_in_logs.py
[2026-02-09T07:41:43.801+0000] {processor.py:830} INFO - Processing file /home/cloud/codings/airflow/dags/list_s3_files_in_logs.py for tasks to queue
[2026-02-09T07:41:43.803+0000] {logging_mixin.py:188} INFO - [2026-02-09T07:41:43.802+0000] {dagbag.py:545} INFO - Filling up the DagBag from /home/cloud/codings/airflow/dags/list_s3_files_in_logs.py
[2026-02-09T07:41:43.816+0000] {processor.py:840} INFO - DAG(s) 'list_s3_files_in_logs' retrieved from /home/cloud/codings/airflow/dags/list_s3_files_in_logs.py
[2026-02-09T07:41:43.840+0000] {logging_mixin.py:188} INFO - [2026-02-09T07:41:43.840+0000] {dag.py:3089} INFO - Sync 1 DAGs
[2026-02-09T07:41:43.856+0000] {logging_mixin.py:188} INFO - [2026-02-09T07:41:43.856+0000] {dag.py:3947} INFO - Setting next_dagrun for list_s3_files_in_logs to None, run_after=None
[2026-02-09T07:41:43.889+0000] {processor.py:183} INFO - Processing /home/cloud/codings/airflow/dags/list_s3_files_in_logs.py took 0.097 seconds
[2026-02-09T07:42:14.278+0000] {processor.py:161} INFO - Started process (PID=338537) to work on /home/cloud/codings/airflow/dags/list_s3_files_in_logs.py
[2026-02-09T07:42:14.280+0000] {processor.py:830} INFO - Processing file /home/cloud/codings/airflow/dags/list_s3_files_in_logs.py for tasks to queue
[2026-02-09T07:42:14.282+0000] {logging_mixin.py:188} INFO - [2026-02-09T07:42:14.281+0000] {dagbag.py:545} INFO - Filling up the DagBag from /home/cloud/codings/airflow/dags/list_s3_files_in_logs.py
[2026-02-09T07:42:14.297+0000] {processor.py:840} INFO - DAG(s) 'list_s3_files_in_logs' retrieved from /home/cloud/codings/airflow/dags/list_s3_files_in_logs.py
[2026-02-09T07:42:14.326+0000] {logging_mixin.py:188} INFO - [2026-02-09T07:42:14.326+0000] {dag.py:3089} INFO - Sync 1 DAGs
[2026-02-09T07:42:14.348+0000] {logging_mixin.py:188} INFO - [2026-02-09T07:42:14.348+0000] {dag.py:3947} INFO - Setting next_dagrun for list_s3_files_in_logs to None, run_after=None
[2026-02-09T07:42:14.387+0000] {processor.py:183} INFO - Processing /home/cloud/codings/airflow/dags/list_s3_files_in_logs.py took 0.119 seconds
[2026-02-09T07:42:44.785+0000] {processor.py:161} INFO - Started process (PID=338619) to work on /home/cloud/codings/airflow/dags/list_s3_files_in_logs.py
[2026-02-09T07:42:44.786+0000] {processor.py:830} INFO - Processing file /home/cloud/codings/airflow/dags/list_s3_files_in_logs.py for tasks to queue
[2026-02-09T07:42:44.787+0000] {logging_mixin.py:188} INFO - [2026-02-09T07:42:44.787+0000] {dagbag.py:545} INFO - Filling up the DagBag from /home/cloud/codings/airflow/dags/list_s3_files_in_logs.py
[2026-02-09T07:42:44.800+0000] {processor.py:840} INFO - DAG(s) 'list_s3_files_in_logs' retrieved from /home/cloud/codings/airflow/dags/list_s3_files_in_logs.py
[2026-02-09T07:42:44.824+0000] {logging_mixin.py:188} INFO - [2026-02-09T07:42:44.824+0000] {dag.py:3089} INFO - Sync 1 DAGs
[2026-02-09T07:42:44.842+0000] {logging_mixin.py:188} INFO - [2026-02-09T07:42:44.842+0000] {dag.py:3947} INFO - Setting next_dagrun for list_s3_files_in_logs to None, run_after=None
[2026-02-09T07:42:44.875+0000] {processor.py:183} INFO - Processing /home/cloud/codings/airflow/dags/list_s3_files_in_logs.py took 0.098 seconds
[2026-02-09T07:43:15.247+0000] {processor.py:161} INFO - Started process (PID=338705) to work on /home/cloud/codings/airflow/dags/list_s3_files_in_logs.py
[2026-02-09T07:43:15.249+0000] {processor.py:830} INFO - Processing file /home/cloud/codings/airflow/dags/list_s3_files_in_logs.py for tasks to queue
[2026-02-09T07:43:15.251+0000] {logging_mixin.py:188} INFO - [2026-02-09T07:43:15.250+0000] {dagbag.py:545} INFO - Filling up the DagBag from /home/cloud/codings/airflow/dags/list_s3_files_in_logs.py
[2026-02-09T07:43:15.269+0000] {processor.py:840} INFO - DAG(s) 'list_s3_files_in_logs' retrieved from /home/cloud/codings/airflow/dags/list_s3_files_in_logs.py
[2026-02-09T07:43:15.311+0000] {logging_mixin.py:188} INFO - [2026-02-09T07:43:15.311+0000] {dag.py:3089} INFO - Sync 1 DAGs
[2026-02-09T07:43:15.355+0000] {logging_mixin.py:188} INFO - [2026-02-09T07:43:15.354+0000] {dag.py:3947} INFO - Setting next_dagrun for list_s3_files_in_logs to None, run_after=None
[2026-02-09T07:43:15.403+0000] {processor.py:183} INFO - Processing /home/cloud/codings/airflow/dags/list_s3_files_in_logs.py took 0.166 seconds
[2026-02-09T07:43:45.742+0000] {processor.py:161} INFO - Started process (PID=338791) to work on /home/cloud/codings/airflow/dags/list_s3_files_in_logs.py
[2026-02-09T07:43:45.748+0000] {processor.py:830} INFO - Processing file /home/cloud/codings/airflow/dags/list_s3_files_in_logs.py for tasks to queue
[2026-02-09T07:43:45.751+0000] {logging_mixin.py:188} INFO - [2026-02-09T07:43:45.749+0000] {dagbag.py:545} INFO - Filling up the DagBag from /home/cloud/codings/airflow/dags/list_s3_files_in_logs.py
[2026-02-09T07:43:45.773+0000] {processor.py:840} INFO - DAG(s) 'list_s3_files_in_logs' retrieved from /home/cloud/codings/airflow/dags/list_s3_files_in_logs.py
[2026-02-09T07:43:45.805+0000] {logging_mixin.py:188} INFO - [2026-02-09T07:43:45.805+0000] {dag.py:3089} INFO - Sync 1 DAGs
[2026-02-09T07:43:45.828+0000] {logging_mixin.py:188} INFO - [2026-02-09T07:43:45.827+0000] {dag.py:3947} INFO - Setting next_dagrun for list_s3_files_in_logs to None, run_after=None
[2026-02-09T07:43:45.887+0000] {processor.py:183} INFO - Processing /home/cloud/codings/airflow/dags/list_s3_files_in_logs.py took 0.157 seconds
[2026-02-09T07:44:16.219+0000] {processor.py:161} INFO - Started process (PID=338872) to work on /home/cloud/codings/airflow/dags/list_s3_files_in_logs.py
[2026-02-09T07:44:16.220+0000] {processor.py:830} INFO - Processing file /home/cloud/codings/airflow/dags/list_s3_files_in_logs.py for tasks to queue
[2026-02-09T07:44:16.221+0000] {logging_mixin.py:188} INFO - [2026-02-09T07:44:16.221+0000] {dagbag.py:545} INFO - Filling up the DagBag from /home/cloud/codings/airflow/dags/list_s3_files_in_logs.py
[2026-02-09T07:44:16.242+0000] {processor.py:840} INFO - DAG(s) 'list_s3_files_in_logs' retrieved from /home/cloud/codings/airflow/dags/list_s3_files_in_logs.py
[2026-02-09T07:44:16.287+0000] {logging_mixin.py:188} INFO - [2026-02-09T07:44:16.287+0000] {dag.py:3089} INFO - Sync 1 DAGs
[2026-02-09T07:44:16.310+0000] {logging_mixin.py:188} INFO - [2026-02-09T07:44:16.310+0000] {dag.py:3947} INFO - Setting next_dagrun for list_s3_files_in_logs to None, run_after=None
[2026-02-09T07:44:16.344+0000] {processor.py:183} INFO - Processing /home/cloud/codings/airflow/dags/list_s3_files_in_logs.py took 0.134 seconds
[2026-02-09T07:44:46.696+0000] {processor.py:161} INFO - Started process (PID=338960) to work on /home/cloud/codings/airflow/dags/list_s3_files_in_logs.py
[2026-02-09T07:44:46.697+0000] {processor.py:830} INFO - Processing file /home/cloud/codings/airflow/dags/list_s3_files_in_logs.py for tasks to queue
[2026-02-09T07:44:46.698+0000] {logging_mixin.py:188} INFO - [2026-02-09T07:44:46.698+0000] {dagbag.py:545} INFO - Filling up the DagBag from /home/cloud/codings/airflow/dags/list_s3_files_in_logs.py
[2026-02-09T07:44:46.710+0000] {processor.py:840} INFO - DAG(s) 'list_s3_files_in_logs' retrieved from /home/cloud/codings/airflow/dags/list_s3_files_in_logs.py
[2026-02-09T07:44:46.732+0000] {logging_mixin.py:188} INFO - [2026-02-09T07:44:46.732+0000] {dag.py:3089} INFO - Sync 1 DAGs
[2026-02-09T07:44:46.751+0000] {logging_mixin.py:188} INFO - [2026-02-09T07:44:46.750+0000] {dag.py:3947} INFO - Setting next_dagrun for list_s3_files_in_logs to None, run_after=None
[2026-02-09T07:44:46.782+0000] {processor.py:183} INFO - Processing /home/cloud/codings/airflow/dags/list_s3_files_in_logs.py took 0.093 seconds
[2026-02-09T07:45:17.082+0000] {processor.py:161} INFO - Started process (PID=339044) to work on /home/cloud/codings/airflow/dags/list_s3_files_in_logs.py
[2026-02-09T07:45:17.083+0000] {processor.py:830} INFO - Processing file /home/cloud/codings/airflow/dags/list_s3_files_in_logs.py for tasks to queue
[2026-02-09T07:45:17.084+0000] {logging_mixin.py:188} INFO - [2026-02-09T07:45:17.084+0000] {dagbag.py:545} INFO - Filling up the DagBag from /home/cloud/codings/airflow/dags/list_s3_files_in_logs.py
[2026-02-09T07:45:17.097+0000] {processor.py:840} INFO - DAG(s) 'list_s3_files_in_logs' retrieved from /home/cloud/codings/airflow/dags/list_s3_files_in_logs.py
[2026-02-09T07:45:17.123+0000] {logging_mixin.py:188} INFO - [2026-02-09T07:45:17.123+0000] {dag.py:3089} INFO - Sync 1 DAGs
[2026-02-09T07:45:17.141+0000] {logging_mixin.py:188} INFO - [2026-02-09T07:45:17.141+0000] {dag.py:3947} INFO - Setting next_dagrun for list_s3_files_in_logs to None, run_after=None
[2026-02-09T07:45:17.173+0000] {processor.py:183} INFO - Processing /home/cloud/codings/airflow/dags/list_s3_files_in_logs.py took 0.098 seconds
[2026-02-09T07:45:47.599+0000] {processor.py:161} INFO - Started process (PID=339124) to work on /home/cloud/codings/airflow/dags/list_s3_files_in_logs.py
[2026-02-09T07:45:47.605+0000] {processor.py:830} INFO - Processing file /home/cloud/codings/airflow/dags/list_s3_files_in_logs.py for tasks to queue
[2026-02-09T07:45:47.607+0000] {logging_mixin.py:188} INFO - [2026-02-09T07:45:47.607+0000] {dagbag.py:545} INFO - Filling up the DagBag from /home/cloud/codings/airflow/dags/list_s3_files_in_logs.py
[2026-02-09T07:45:47.635+0000] {processor.py:840} INFO - DAG(s) 'list_s3_files_in_logs' retrieved from /home/cloud/codings/airflow/dags/list_s3_files_in_logs.py
[2026-02-09T07:45:47.675+0000] {logging_mixin.py:188} INFO - [2026-02-09T07:45:47.674+0000] {dag.py:3089} INFO - Sync 1 DAGs
[2026-02-09T07:45:47.704+0000] {logging_mixin.py:188} INFO - [2026-02-09T07:45:47.704+0000] {dag.py:3947} INFO - Setting next_dagrun for list_s3_files_in_logs to None, run_after=None
[2026-02-09T07:45:47.752+0000] {processor.py:183} INFO - Processing /home/cloud/codings/airflow/dags/list_s3_files_in_logs.py took 0.173 seconds
[2026-02-09T07:46:18.059+0000] {processor.py:161} INFO - Started process (PID=339208) to work on /home/cloud/codings/airflow/dags/list_s3_files_in_logs.py
[2026-02-09T07:46:18.060+0000] {processor.py:830} INFO - Processing file /home/cloud/codings/airflow/dags/list_s3_files_in_logs.py for tasks to queue
[2026-02-09T07:46:18.062+0000] {logging_mixin.py:188} INFO - [2026-02-09T07:46:18.061+0000] {dagbag.py:545} INFO - Filling up the DagBag from /home/cloud/codings/airflow/dags/list_s3_files_in_logs.py
[2026-02-09T07:46:18.076+0000] {processor.py:840} INFO - DAG(s) 'list_s3_files_in_logs' retrieved from /home/cloud/codings/airflow/dags/list_s3_files_in_logs.py
[2026-02-09T07:46:18.101+0000] {logging_mixin.py:188} INFO - [2026-02-09T07:46:18.101+0000] {dag.py:3089} INFO - Sync 1 DAGs
[2026-02-09T07:46:18.120+0000] {logging_mixin.py:188} INFO - [2026-02-09T07:46:18.120+0000] {dag.py:3947} INFO - Setting next_dagrun for list_s3_files_in_logs to None, run_after=None
[2026-02-09T07:46:18.152+0000] {processor.py:183} INFO - Processing /home/cloud/codings/airflow/dags/list_s3_files_in_logs.py took 0.099 seconds
[2026-02-09T07:46:48.451+0000] {processor.py:161} INFO - Started process (PID=339296) to work on /home/cloud/codings/airflow/dags/list_s3_files_in_logs.py
[2026-02-09T07:46:48.455+0000] {processor.py:830} INFO - Processing file /home/cloud/codings/airflow/dags/list_s3_files_in_logs.py for tasks to queue
[2026-02-09T07:46:48.457+0000] {logging_mixin.py:188} INFO - [2026-02-09T07:46:48.456+0000] {dagbag.py:545} INFO - Filling up the DagBag from /home/cloud/codings/airflow/dags/list_s3_files_in_logs.py
[2026-02-09T07:46:48.475+0000] {processor.py:840} INFO - DAG(s) 'list_s3_files_in_logs' retrieved from /home/cloud/codings/airflow/dags/list_s3_files_in_logs.py
[2026-02-09T07:46:48.510+0000] {logging_mixin.py:188} INFO - [2026-02-09T07:46:48.509+0000] {dag.py:3089} INFO - Sync 1 DAGs
[2026-02-09T07:46:48.530+0000] {logging_mixin.py:188} INFO - [2026-02-09T07:46:48.530+0000] {dag.py:3947} INFO - Setting next_dagrun for list_s3_files_in_logs to None, run_after=None
[2026-02-09T07:46:48.574+0000] {processor.py:183} INFO - Processing /home/cloud/codings/airflow/dags/list_s3_files_in_logs.py took 0.132 seconds
[2026-02-09T07:47:19.035+0000] {processor.py:161} INFO - Started process (PID=339376) to work on /home/cloud/codings/airflow/dags/list_s3_files_in_logs.py
[2026-02-09T07:47:19.036+0000] {processor.py:830} INFO - Processing file /home/cloud/codings/airflow/dags/list_s3_files_in_logs.py for tasks to queue
[2026-02-09T07:47:19.037+0000] {logging_mixin.py:188} INFO - [2026-02-09T07:47:19.037+0000] {dagbag.py:545} INFO - Filling up the DagBag from /home/cloud/codings/airflow/dags/list_s3_files_in_logs.py
[2026-02-09T07:47:19.052+0000] {processor.py:840} INFO - DAG(s) 'list_s3_files_in_logs' retrieved from /home/cloud/codings/airflow/dags/list_s3_files_in_logs.py
[2026-02-09T07:47:19.083+0000] {logging_mixin.py:188} INFO - [2026-02-09T07:47:19.083+0000] {dag.py:3089} INFO - Sync 1 DAGs
[2026-02-09T07:47:19.100+0000] {logging_mixin.py:188} INFO - [2026-02-09T07:47:19.099+0000] {dag.py:3947} INFO - Setting next_dagrun for list_s3_files_in_logs to None, run_after=None
[2026-02-09T07:47:19.137+0000] {processor.py:183} INFO - Processing /home/cloud/codings/airflow/dags/list_s3_files_in_logs.py took 0.108 seconds
[2026-02-09T07:47:49.469+0000] {processor.py:161} INFO - Started process (PID=339462) to work on /home/cloud/codings/airflow/dags/list_s3_files_in_logs.py
[2026-02-09T07:47:49.474+0000] {processor.py:830} INFO - Processing file /home/cloud/codings/airflow/dags/list_s3_files_in_logs.py for tasks to queue
[2026-02-09T07:47:49.476+0000] {logging_mixin.py:188} INFO - [2026-02-09T07:47:49.475+0000] {dagbag.py:545} INFO - Filling up the DagBag from /home/cloud/codings/airflow/dags/list_s3_files_in_logs.py
[2026-02-09T07:47:49.488+0000] {processor.py:840} INFO - DAG(s) 'list_s3_files_in_logs' retrieved from /home/cloud/codings/airflow/dags/list_s3_files_in_logs.py
[2026-02-09T07:47:49.510+0000] {logging_mixin.py:188} INFO - [2026-02-09T07:47:49.510+0000] {dag.py:3089} INFO - Sync 1 DAGs
[2026-02-09T07:47:49.525+0000] {logging_mixin.py:188} INFO - [2026-02-09T07:47:49.524+0000] {dag.py:3947} INFO - Setting next_dagrun for list_s3_files_in_logs to None, run_after=None
[2026-02-09T07:47:49.555+0000] {processor.py:183} INFO - Processing /home/cloud/codings/airflow/dags/list_s3_files_in_logs.py took 0.092 seconds
[2026-02-09T07:48:19.754+0000] {processor.py:161} INFO - Started process (PID=339548) to work on /home/cloud/codings/airflow/dags/list_s3_files_in_logs.py
[2026-02-09T07:48:19.755+0000] {processor.py:830} INFO - Processing file /home/cloud/codings/airflow/dags/list_s3_files_in_logs.py for tasks to queue
[2026-02-09T07:48:19.757+0000] {logging_mixin.py:188} INFO - [2026-02-09T07:48:19.756+0000] {dagbag.py:545} INFO - Filling up the DagBag from /home/cloud/codings/airflow/dags/list_s3_files_in_logs.py
[2026-02-09T07:48:19.774+0000] {processor.py:840} INFO - DAG(s) 'list_s3_files_in_logs' retrieved from /home/cloud/codings/airflow/dags/list_s3_files_in_logs.py
[2026-02-09T07:48:19.800+0000] {logging_mixin.py:188} INFO - [2026-02-09T07:48:19.800+0000] {dag.py:3089} INFO - Sync 1 DAGs
[2026-02-09T07:48:19.816+0000] {logging_mixin.py:188} INFO - [2026-02-09T07:48:19.815+0000] {dag.py:3947} INFO - Setting next_dagrun for list_s3_files_in_logs to None, run_after=None
[2026-02-09T07:48:19.854+0000] {processor.py:183} INFO - Processing /home/cloud/codings/airflow/dags/list_s3_files_in_logs.py took 0.110 seconds
[2026-02-09T07:48:50.260+0000] {processor.py:161} INFO - Started process (PID=339628) to work on /home/cloud/codings/airflow/dags/list_s3_files_in_logs.py
[2026-02-09T07:48:50.265+0000] {processor.py:830} INFO - Processing file /home/cloud/codings/airflow/dags/list_s3_files_in_logs.py for tasks to queue
[2026-02-09T07:48:50.267+0000] {logging_mixin.py:188} INFO - [2026-02-09T07:48:50.266+0000] {dagbag.py:545} INFO - Filling up the DagBag from /home/cloud/codings/airflow/dags/list_s3_files_in_logs.py
[2026-02-09T07:48:50.280+0000] {processor.py:840} INFO - DAG(s) 'list_s3_files_in_logs' retrieved from /home/cloud/codings/airflow/dags/list_s3_files_in_logs.py
[2026-02-09T07:48:50.312+0000] {logging_mixin.py:188} INFO - [2026-02-09T07:48:50.311+0000] {dag.py:3089} INFO - Sync 1 DAGs
[2026-02-09T07:48:50.339+0000] {logging_mixin.py:188} INFO - [2026-02-09T07:48:50.339+0000] {dag.py:3947} INFO - Setting next_dagrun for list_s3_files_in_logs to None, run_after=None
[2026-02-09T07:48:50.391+0000] {processor.py:183} INFO - Processing /home/cloud/codings/airflow/dags/list_s3_files_in_logs.py took 0.139 seconds
[2026-02-09T07:49:20.541+0000] {processor.py:161} INFO - Started process (PID=339715) to work on /home/cloud/codings/airflow/dags/list_s3_files_in_logs.py
[2026-02-09T07:49:20.542+0000] {processor.py:830} INFO - Processing file /home/cloud/codings/airflow/dags/list_s3_files_in_logs.py for tasks to queue
[2026-02-09T07:49:20.543+0000] {logging_mixin.py:188} INFO - [2026-02-09T07:49:20.543+0000] {dagbag.py:545} INFO - Filling up the DagBag from /home/cloud/codings/airflow/dags/list_s3_files_in_logs.py
[2026-02-09T07:49:20.557+0000] {processor.py:840} INFO - DAG(s) 'list_s3_files_in_logs' retrieved from /home/cloud/codings/airflow/dags/list_s3_files_in_logs.py
[2026-02-09T07:49:20.580+0000] {logging_mixin.py:188} INFO - [2026-02-09T07:49:20.579+0000] {dag.py:3089} INFO - Sync 1 DAGs
[2026-02-09T07:49:20.596+0000] {logging_mixin.py:188} INFO - [2026-02-09T07:49:20.595+0000] {dag.py:3947} INFO - Setting next_dagrun for list_s3_files_in_logs to None, run_after=None
[2026-02-09T07:49:20.627+0000] {processor.py:183} INFO - Processing /home/cloud/codings/airflow/dags/list_s3_files_in_logs.py took 0.094 seconds
[2026-02-09T07:49:50.833+0000] {processor.py:161} INFO - Started process (PID=339801) to work on /home/cloud/codings/airflow/dags/list_s3_files_in_logs.py
[2026-02-09T07:49:50.835+0000] {processor.py:830} INFO - Processing file /home/cloud/codings/airflow/dags/list_s3_files_in_logs.py for tasks to queue
[2026-02-09T07:49:50.836+0000] {logging_mixin.py:188} INFO - [2026-02-09T07:49:50.836+0000] {dagbag.py:545} INFO - Filling up the DagBag from /home/cloud/codings/airflow/dags/list_s3_files_in_logs.py
[2026-02-09T07:49:50.851+0000] {processor.py:840} INFO - DAG(s) 'list_s3_files_in_logs' retrieved from /home/cloud/codings/airflow/dags/list_s3_files_in_logs.py
[2026-02-09T07:49:50.876+0000] {logging_mixin.py:188} INFO - [2026-02-09T07:49:50.876+0000] {dag.py:3089} INFO - Sync 1 DAGs
[2026-02-09T07:49:50.894+0000] {logging_mixin.py:188} INFO - [2026-02-09T07:49:50.894+0000] {dag.py:3947} INFO - Setting next_dagrun for list_s3_files_in_logs to None, run_after=None
[2026-02-09T07:49:50.922+0000] {processor.py:183} INFO - Processing /home/cloud/codings/airflow/dags/list_s3_files_in_logs.py took 0.097 seconds
[2026-02-09T07:50:21.242+0000] {processor.py:161} INFO - Started process (PID=339884) to work on /home/cloud/codings/airflow/dags/list_s3_files_in_logs.py
[2026-02-09T07:50:21.248+0000] {processor.py:830} INFO - Processing file /home/cloud/codings/airflow/dags/list_s3_files_in_logs.py for tasks to queue
[2026-02-09T07:50:21.250+0000] {logging_mixin.py:188} INFO - [2026-02-09T07:50:21.249+0000] {dagbag.py:545} INFO - Filling up the DagBag from /home/cloud/codings/airflow/dags/list_s3_files_in_logs.py
[2026-02-09T07:50:21.267+0000] {processor.py:840} INFO - DAG(s) 'list_s3_files_in_logs' retrieved from /home/cloud/codings/airflow/dags/list_s3_files_in_logs.py
[2026-02-09T07:50:21.298+0000] {logging_mixin.py:188} INFO - [2026-02-09T07:50:21.297+0000] {dag.py:3089} INFO - Sync 1 DAGs
[2026-02-09T07:50:21.322+0000] {logging_mixin.py:188} INFO - [2026-02-09T07:50:21.321+0000] {dag.py:3947} INFO - Setting next_dagrun for list_s3_files_in_logs to None, run_after=None
[2026-02-09T07:50:21.359+0000] {processor.py:183} INFO - Processing /home/cloud/codings/airflow/dags/list_s3_files_in_logs.py took 0.126 seconds
[2026-02-09T07:50:51.534+0000] {processor.py:161} INFO - Started process (PID=339970) to work on /home/cloud/codings/airflow/dags/list_s3_files_in_logs.py
[2026-02-09T07:50:51.536+0000] {processor.py:830} INFO - Processing file /home/cloud/codings/airflow/dags/list_s3_files_in_logs.py for tasks to queue
[2026-02-09T07:50:51.537+0000] {logging_mixin.py:188} INFO - [2026-02-09T07:50:51.536+0000] {dagbag.py:545} INFO - Filling up the DagBag from /home/cloud/codings/airflow/dags/list_s3_files_in_logs.py
[2026-02-09T07:50:51.551+0000] {processor.py:840} INFO - DAG(s) 'list_s3_files_in_logs' retrieved from /home/cloud/codings/airflow/dags/list_s3_files_in_logs.py
[2026-02-09T07:50:51.577+0000] {logging_mixin.py:188} INFO - [2026-02-09T07:50:51.576+0000] {dag.py:3089} INFO - Sync 1 DAGs
[2026-02-09T07:50:51.597+0000] {logging_mixin.py:188} INFO - [2026-02-09T07:50:51.596+0000] {dag.py:3947} INFO - Setting next_dagrun for list_s3_files_in_logs to None, run_after=None
[2026-02-09T07:50:51.627+0000] {processor.py:183} INFO - Processing /home/cloud/codings/airflow/dags/list_s3_files_in_logs.py took 0.101 seconds
[2026-02-09T07:51:22.017+0000] {processor.py:161} INFO - Started process (PID=340056) to work on /home/cloud/codings/airflow/dags/list_s3_files_in_logs.py
[2026-02-09T07:51:22.022+0000] {processor.py:830} INFO - Processing file /home/cloud/codings/airflow/dags/list_s3_files_in_logs.py for tasks to queue
[2026-02-09T07:51:22.023+0000] {logging_mixin.py:188} INFO - [2026-02-09T07:51:22.022+0000] {dagbag.py:545} INFO - Filling up the DagBag from /home/cloud/codings/airflow/dags/list_s3_files_in_logs.py
[2026-02-09T07:51:22.037+0000] {processor.py:840} INFO - DAG(s) 'list_s3_files_in_logs' retrieved from /home/cloud/codings/airflow/dags/list_s3_files_in_logs.py
[2026-02-09T07:51:22.065+0000] {logging_mixin.py:188} INFO - [2026-02-09T07:51:22.065+0000] {dag.py:3089} INFO - Sync 1 DAGs
[2026-02-09T07:51:22.083+0000] {logging_mixin.py:188} INFO - [2026-02-09T07:51:22.082+0000] {dag.py:3947} INFO - Setting next_dagrun for list_s3_files_in_logs to None, run_after=None
[2026-02-09T07:51:22.111+0000] {processor.py:183} INFO - Processing /home/cloud/codings/airflow/dags/list_s3_files_in_logs.py took 0.101 seconds
[2026-02-09T07:51:52.385+0000] {processor.py:161} INFO - Started process (PID=340136) to work on /home/cloud/codings/airflow/dags/list_s3_files_in_logs.py
[2026-02-09T07:51:52.387+0000] {processor.py:830} INFO - Processing file /home/cloud/codings/airflow/dags/list_s3_files_in_logs.py for tasks to queue
[2026-02-09T07:51:52.389+0000] {logging_mixin.py:188} INFO - [2026-02-09T07:51:52.388+0000] {dagbag.py:545} INFO - Filling up the DagBag from /home/cloud/codings/airflow/dags/list_s3_files_in_logs.py
[2026-02-09T07:51:52.401+0000] {processor.py:840} INFO - DAG(s) 'list_s3_files_in_logs' retrieved from /home/cloud/codings/airflow/dags/list_s3_files_in_logs.py
[2026-02-09T07:51:52.427+0000] {logging_mixin.py:188} INFO - [2026-02-09T07:51:52.427+0000] {dag.py:3089} INFO - Sync 1 DAGs
[2026-02-09T07:51:52.447+0000] {logging_mixin.py:188} INFO - [2026-02-09T07:51:52.446+0000] {dag.py:3947} INFO - Setting next_dagrun for list_s3_files_in_logs to None, run_after=None
[2026-02-09T07:51:52.477+0000] {processor.py:183} INFO - Processing /home/cloud/codings/airflow/dags/list_s3_files_in_logs.py took 0.099 seconds
[2026-02-09T07:52:22.888+0000] {processor.py:161} INFO - Started process (PID=340222) to work on /home/cloud/codings/airflow/dags/list_s3_files_in_logs.py
[2026-02-09T07:52:22.890+0000] {processor.py:830} INFO - Processing file /home/cloud/codings/airflow/dags/list_s3_files_in_logs.py for tasks to queue
[2026-02-09T07:52:22.891+0000] {logging_mixin.py:188} INFO - [2026-02-09T07:52:22.890+0000] {dagbag.py:545} INFO - Filling up the DagBag from /home/cloud/codings/airflow/dags/list_s3_files_in_logs.py
[2026-02-09T07:52:22.905+0000] {processor.py:840} INFO - DAG(s) 'list_s3_files_in_logs' retrieved from /home/cloud/codings/airflow/dags/list_s3_files_in_logs.py
[2026-02-09T07:52:22.935+0000] {logging_mixin.py:188} INFO - [2026-02-09T07:52:22.935+0000] {dag.py:3089} INFO - Sync 1 DAGs
[2026-02-09T07:52:22.954+0000] {logging_mixin.py:188} INFO - [2026-02-09T07:52:22.954+0000] {dag.py:3947} INFO - Setting next_dagrun for list_s3_files_in_logs to None, run_after=None
[2026-02-09T07:52:22.986+0000] {processor.py:183} INFO - Processing /home/cloud/codings/airflow/dags/list_s3_files_in_logs.py took 0.105 seconds
[2026-02-09T07:52:53.386+0000] {processor.py:161} INFO - Started process (PID=340308) to work on /home/cloud/codings/airflow/dags/list_s3_files_in_logs.py
[2026-02-09T07:52:53.388+0000] {processor.py:830} INFO - Processing file /home/cloud/codings/airflow/dags/list_s3_files_in_logs.py for tasks to queue
[2026-02-09T07:52:53.390+0000] {logging_mixin.py:188} INFO - [2026-02-09T07:52:53.389+0000] {dagbag.py:545} INFO - Filling up the DagBag from /home/cloud/codings/airflow/dags/list_s3_files_in_logs.py
[2026-02-09T07:52:53.406+0000] {processor.py:840} INFO - DAG(s) 'list_s3_files_in_logs' retrieved from /home/cloud/codings/airflow/dags/list_s3_files_in_logs.py
[2026-02-09T07:52:53.440+0000] {logging_mixin.py:188} INFO - [2026-02-09T07:52:53.440+0000] {dag.py:3089} INFO - Sync 1 DAGs
[2026-02-09T07:52:53.465+0000] {logging_mixin.py:188} INFO - [2026-02-09T07:52:53.465+0000] {dag.py:3947} INFO - Setting next_dagrun for list_s3_files_in_logs to None, run_after=None
[2026-02-09T07:52:53.499+0000] {processor.py:183} INFO - Processing /home/cloud/codings/airflow/dags/list_s3_files_in_logs.py took 0.121 seconds
[2026-02-09T07:53:24.642+0000] {processor.py:161} INFO - Started process (PID=340392) to work on /home/cloud/codings/airflow/dags/list_s3_files_in_logs.py
[2026-02-09T07:53:24.644+0000] {processor.py:830} INFO - Processing file /home/cloud/codings/airflow/dags/list_s3_files_in_logs.py for tasks to queue
[2026-02-09T07:53:24.646+0000] {logging_mixin.py:188} INFO - [2026-02-09T07:53:24.645+0000] {dagbag.py:545} INFO - Filling up the DagBag from /home/cloud/codings/airflow/dags/list_s3_files_in_logs.py
[2026-02-09T07:53:24.708+0000] {processor.py:840} INFO - DAG(s) 'list_s3_files_in_logs' retrieved from /home/cloud/codings/airflow/dags/list_s3_files_in_logs.py
[2026-02-09T07:53:24.813+0000] {logging_mixin.py:188} INFO - [2026-02-09T07:53:24.812+0000] {dag.py:3089} INFO - Sync 1 DAGs
[2026-02-09T07:53:24.870+0000] {logging_mixin.py:188} INFO - [2026-02-09T07:53:24.870+0000] {dag.py:3947} INFO - Setting next_dagrun for list_s3_files_in_logs to None, run_after=None
[2026-02-09T07:53:24.959+0000] {processor.py:183} INFO - Processing /home/cloud/codings/airflow/dags/list_s3_files_in_logs.py took 0.349 seconds
[2026-02-09T07:53:55.311+0000] {processor.py:161} INFO - Started process (PID=340475) to work on /home/cloud/codings/airflow/dags/list_s3_files_in_logs.py
[2026-02-09T07:53:55.312+0000] {processor.py:830} INFO - Processing file /home/cloud/codings/airflow/dags/list_s3_files_in_logs.py for tasks to queue
[2026-02-09T07:53:55.313+0000] {logging_mixin.py:188} INFO - [2026-02-09T07:53:55.313+0000] {dagbag.py:545} INFO - Filling up the DagBag from /home/cloud/codings/airflow/dags/list_s3_files_in_logs.py
[2026-02-09T07:53:55.326+0000] {processor.py:840} INFO - DAG(s) 'list_s3_files_in_logs' retrieved from /home/cloud/codings/airflow/dags/list_s3_files_in_logs.py
[2026-02-09T07:53:55.352+0000] {logging_mixin.py:188} INFO - [2026-02-09T07:53:55.351+0000] {dag.py:3089} INFO - Sync 1 DAGs
[2026-02-09T07:53:55.370+0000] {logging_mixin.py:188} INFO - [2026-02-09T07:53:55.370+0000] {dag.py:3947} INFO - Setting next_dagrun for list_s3_files_in_logs to None, run_after=None
[2026-02-09T07:53:55.402+0000] {processor.py:183} INFO - Processing /home/cloud/codings/airflow/dags/list_s3_files_in_logs.py took 0.099 seconds
[2026-02-09T07:54:25.660+0000] {processor.py:161} INFO - Started process (PID=340561) to work on /home/cloud/codings/airflow/dags/list_s3_files_in_logs.py
[2026-02-09T07:54:25.664+0000] {processor.py:830} INFO - Processing file /home/cloud/codings/airflow/dags/list_s3_files_in_logs.py for tasks to queue
[2026-02-09T07:54:25.666+0000] {logging_mixin.py:188} INFO - [2026-02-09T07:54:25.665+0000] {dagbag.py:545} INFO - Filling up the DagBag from /home/cloud/codings/airflow/dags/list_s3_files_in_logs.py
[2026-02-09T07:54:25.682+0000] {processor.py:840} INFO - DAG(s) 'list_s3_files_in_logs' retrieved from /home/cloud/codings/airflow/dags/list_s3_files_in_logs.py
[2026-02-09T07:54:25.709+0000] {logging_mixin.py:188} INFO - [2026-02-09T07:54:25.709+0000] {dag.py:3089} INFO - Sync 1 DAGs
[2026-02-09T07:54:25.729+0000] {logging_mixin.py:188} INFO - [2026-02-09T07:54:25.729+0000] {dag.py:3947} INFO - Setting next_dagrun for list_s3_files_in_logs to None, run_after=None
[2026-02-09T07:54:25.759+0000] {processor.py:183} INFO - Processing /home/cloud/codings/airflow/dags/list_s3_files_in_logs.py took 0.107 seconds
[2026-02-09T07:54:56.261+0000] {processor.py:161} INFO - Started process (PID=340641) to work on /home/cloud/codings/airflow/dags/list_s3_files_in_logs.py
[2026-02-09T07:54:56.266+0000] {processor.py:830} INFO - Processing file /home/cloud/codings/airflow/dags/list_s3_files_in_logs.py for tasks to queue
[2026-02-09T07:54:56.267+0000] {logging_mixin.py:188} INFO - [2026-02-09T07:54:56.266+0000] {dagbag.py:545} INFO - Filling up the DagBag from /home/cloud/codings/airflow/dags/list_s3_files_in_logs.py
[2026-02-09T07:54:56.283+0000] {processor.py:840} INFO - DAG(s) 'list_s3_files_in_logs' retrieved from /home/cloud/codings/airflow/dags/list_s3_files_in_logs.py
[2026-02-09T07:54:56.313+0000] {logging_mixin.py:188} INFO - [2026-02-09T07:54:56.312+0000] {dag.py:3089} INFO - Sync 1 DAGs
[2026-02-09T07:54:56.337+0000] {logging_mixin.py:188} INFO - [2026-02-09T07:54:56.336+0000] {dag.py:3947} INFO - Setting next_dagrun for list_s3_files_in_logs to None, run_after=None
[2026-02-09T07:54:56.376+0000] {processor.py:183} INFO - Processing /home/cloud/codings/airflow/dags/list_s3_files_in_logs.py took 0.125 seconds
[2026-02-09T07:55:26.781+0000] {processor.py:161} INFO - Started process (PID=340727) to work on /home/cloud/codings/airflow/dags/list_s3_files_in_logs.py
[2026-02-09T07:55:26.783+0000] {processor.py:830} INFO - Processing file /home/cloud/codings/airflow/dags/list_s3_files_in_logs.py for tasks to queue
[2026-02-09T07:55:26.784+0000] {logging_mixin.py:188} INFO - [2026-02-09T07:55:26.784+0000] {dagbag.py:545} INFO - Filling up the DagBag from /home/cloud/codings/airflow/dags/list_s3_files_in_logs.py
[2026-02-09T07:55:26.801+0000] {processor.py:840} INFO - DAG(s) 'list_s3_files_in_logs' retrieved from /home/cloud/codings/airflow/dags/list_s3_files_in_logs.py
[2026-02-09T07:55:26.835+0000] {logging_mixin.py:188} INFO - [2026-02-09T07:55:26.835+0000] {dag.py:3089} INFO - Sync 1 DAGs
[2026-02-09T07:55:26.859+0000] {logging_mixin.py:188} INFO - [2026-02-09T07:55:26.859+0000] {dag.py:3947} INFO - Setting next_dagrun for list_s3_files_in_logs to None, run_after=None
[2026-02-09T07:55:26.896+0000] {processor.py:183} INFO - Processing /home/cloud/codings/airflow/dags/list_s3_files_in_logs.py took 0.125 seconds
[2026-02-09T07:55:57.256+0000] {processor.py:161} INFO - Started process (PID=340813) to work on /home/cloud/codings/airflow/dags/list_s3_files_in_logs.py
[2026-02-09T07:55:57.257+0000] {processor.py:830} INFO - Processing file /home/cloud/codings/airflow/dags/list_s3_files_in_logs.py for tasks to queue
[2026-02-09T07:55:57.258+0000] {logging_mixin.py:188} INFO - [2026-02-09T07:55:57.258+0000] {dagbag.py:545} INFO - Filling up the DagBag from /home/cloud/codings/airflow/dags/list_s3_files_in_logs.py
[2026-02-09T07:55:57.271+0000] {processor.py:840} INFO - DAG(s) 'list_s3_files_in_logs' retrieved from /home/cloud/codings/airflow/dags/list_s3_files_in_logs.py
[2026-02-09T07:55:57.296+0000] {logging_mixin.py:188} INFO - [2026-02-09T07:55:57.295+0000] {dag.py:3089} INFO - Sync 1 DAGs
[2026-02-09T07:55:57.314+0000] {logging_mixin.py:188} INFO - [2026-02-09T07:55:57.314+0000] {dag.py:3947} INFO - Setting next_dagrun for list_s3_files_in_logs to None, run_after=None
[2026-02-09T07:55:57.345+0000] {processor.py:183} INFO - Processing /home/cloud/codings/airflow/dags/list_s3_files_in_logs.py took 0.097 seconds
[2026-02-09T07:56:27.820+0000] {processor.py:161} INFO - Started process (PID=340893) to work on /home/cloud/codings/airflow/dags/list_s3_files_in_logs.py
[2026-02-09T07:56:27.822+0000] {processor.py:830} INFO - Processing file /home/cloud/codings/airflow/dags/list_s3_files_in_logs.py for tasks to queue
[2026-02-09T07:56:27.824+0000] {logging_mixin.py:188} INFO - [2026-02-09T07:56:27.823+0000] {dagbag.py:545} INFO - Filling up the DagBag from /home/cloud/codings/airflow/dags/list_s3_files_in_logs.py
[2026-02-09T07:56:27.839+0000] {processor.py:840} INFO - DAG(s) 'list_s3_files_in_logs' retrieved from /home/cloud/codings/airflow/dags/list_s3_files_in_logs.py
[2026-02-09T07:56:27.869+0000] {logging_mixin.py:188} INFO - [2026-02-09T07:56:27.869+0000] {dag.py:3089} INFO - Sync 1 DAGs
[2026-02-09T07:56:27.890+0000] {logging_mixin.py:188} INFO - [2026-02-09T07:56:27.890+0000] {dag.py:3947} INFO - Setting next_dagrun for list_s3_files_in_logs to None, run_after=None
[2026-02-09T07:56:27.922+0000] {processor.py:183} INFO - Processing /home/cloud/codings/airflow/dags/list_s3_files_in_logs.py took 0.111 seconds
[2026-02-09T07:56:58.358+0000] {processor.py:161} INFO - Started process (PID=340979) to work on /home/cloud/codings/airflow/dags/list_s3_files_in_logs.py
[2026-02-09T07:56:58.360+0000] {processor.py:830} INFO - Processing file /home/cloud/codings/airflow/dags/list_s3_files_in_logs.py for tasks to queue
[2026-02-09T07:56:58.361+0000] {logging_mixin.py:188} INFO - [2026-02-09T07:56:58.361+0000] {dagbag.py:545} INFO - Filling up the DagBag from /home/cloud/codings/airflow/dags/list_s3_files_in_logs.py
[2026-02-09T07:56:58.376+0000] {processor.py:840} INFO - DAG(s) 'list_s3_files_in_logs' retrieved from /home/cloud/codings/airflow/dags/list_s3_files_in_logs.py
[2026-02-09T07:56:58.404+0000] {logging_mixin.py:188} INFO - [2026-02-09T07:56:58.404+0000] {dag.py:3089} INFO - Sync 1 DAGs
[2026-02-09T07:56:58.426+0000] {logging_mixin.py:188} INFO - [2026-02-09T07:56:58.426+0000] {dag.py:3947} INFO - Setting next_dagrun for list_s3_files_in_logs to None, run_after=None
[2026-02-09T07:56:58.463+0000] {processor.py:183} INFO - Processing /home/cloud/codings/airflow/dags/list_s3_files_in_logs.py took 0.113 seconds
[2026-02-09T07:57:28.846+0000] {processor.py:161} INFO - Started process (PID=341063) to work on /home/cloud/codings/airflow/dags/list_s3_files_in_logs.py
[2026-02-09T07:57:28.847+0000] {processor.py:830} INFO - Processing file /home/cloud/codings/airflow/dags/list_s3_files_in_logs.py for tasks to queue
[2026-02-09T07:57:28.848+0000] {logging_mixin.py:188} INFO - [2026-02-09T07:57:28.847+0000] {dagbag.py:545} INFO - Filling up the DagBag from /home/cloud/codings/airflow/dags/list_s3_files_in_logs.py
[2026-02-09T07:57:28.861+0000] {processor.py:840} INFO - DAG(s) 'list_s3_files_in_logs' retrieved from /home/cloud/codings/airflow/dags/list_s3_files_in_logs.py
[2026-02-09T07:57:28.891+0000] {logging_mixin.py:188} INFO - [2026-02-09T07:57:28.890+0000] {dag.py:3089} INFO - Sync 1 DAGs
[2026-02-09T07:57:28.909+0000] {logging_mixin.py:188} INFO - [2026-02-09T07:57:28.909+0000] {dag.py:3947} INFO - Setting next_dagrun for list_s3_files_in_logs to None, run_after=None
[2026-02-09T07:57:28.947+0000] {processor.py:183} INFO - Processing /home/cloud/codings/airflow/dags/list_s3_files_in_logs.py took 0.110 seconds
[2026-02-09T07:57:59.339+0000] {processor.py:161} INFO - Started process (PID=341145) to work on /home/cloud/codings/airflow/dags/list_s3_files_in_logs.py
[2026-02-09T07:57:59.340+0000] {processor.py:830} INFO - Processing file /home/cloud/codings/airflow/dags/list_s3_files_in_logs.py for tasks to queue
[2026-02-09T07:57:59.341+0000] {logging_mixin.py:188} INFO - [2026-02-09T07:57:59.341+0000] {dagbag.py:545} INFO - Filling up the DagBag from /home/cloud/codings/airflow/dags/list_s3_files_in_logs.py
[2026-02-09T07:57:59.354+0000] {processor.py:840} INFO - DAG(s) 'list_s3_files_in_logs' retrieved from /home/cloud/codings/airflow/dags/list_s3_files_in_logs.py
[2026-02-09T07:57:59.380+0000] {logging_mixin.py:188} INFO - [2026-02-09T07:57:59.380+0000] {dag.py:3089} INFO - Sync 1 DAGs
[2026-02-09T07:57:59.399+0000] {logging_mixin.py:188} INFO - [2026-02-09T07:57:59.398+0000] {dag.py:3947} INFO - Setting next_dagrun for list_s3_files_in_logs to None, run_after=None
[2026-02-09T07:57:59.428+0000] {processor.py:183} INFO - Processing /home/cloud/codings/airflow/dags/list_s3_files_in_logs.py took 0.098 seconds
[2026-02-09T07:58:29.823+0000] {processor.py:161} INFO - Started process (PID=341235) to work on /home/cloud/codings/airflow/dags/list_s3_files_in_logs.py
[2026-02-09T07:58:29.825+0000] {processor.py:830} INFO - Processing file /home/cloud/codings/airflow/dags/list_s3_files_in_logs.py for tasks to queue
[2026-02-09T07:58:29.826+0000] {logging_mixin.py:188} INFO - [2026-02-09T07:58:29.825+0000] {dagbag.py:545} INFO - Filling up the DagBag from /home/cloud/codings/airflow/dags/list_s3_files_in_logs.py
[2026-02-09T07:58:29.840+0000] {processor.py:840} INFO - DAG(s) 'list_s3_files_in_logs' retrieved from /home/cloud/codings/airflow/dags/list_s3_files_in_logs.py
[2026-02-09T07:58:29.868+0000] {logging_mixin.py:188} INFO - [2026-02-09T07:58:29.868+0000] {dag.py:3089} INFO - Sync 1 DAGs
[2026-02-09T07:58:29.887+0000] {logging_mixin.py:188} INFO - [2026-02-09T07:58:29.887+0000] {dag.py:3947} INFO - Setting next_dagrun for list_s3_files_in_logs to None, run_after=None
[2026-02-09T07:58:29.925+0000] {processor.py:183} INFO - Processing /home/cloud/codings/airflow/dags/list_s3_files_in_logs.py took 0.112 seconds
[2026-02-09T07:59:00.308+0000] {processor.py:161} INFO - Started process (PID=341323) to work on /home/cloud/codings/airflow/dags/list_s3_files_in_logs.py
[2026-02-09T07:59:00.313+0000] {processor.py:830} INFO - Processing file /home/cloud/codings/airflow/dags/list_s3_files_in_logs.py for tasks to queue
[2026-02-09T07:59:00.314+0000] {logging_mixin.py:188} INFO - [2026-02-09T07:59:00.314+0000] {dagbag.py:545} INFO - Filling up the DagBag from /home/cloud/codings/airflow/dags/list_s3_files_in_logs.py
[2026-02-09T07:59:00.329+0000] {processor.py:840} INFO - DAG(s) 'list_s3_files_in_logs' retrieved from /home/cloud/codings/airflow/dags/list_s3_files_in_logs.py
[2026-02-09T07:59:00.355+0000] {logging_mixin.py:188} INFO - [2026-02-09T07:59:00.354+0000] {dag.py:3089} INFO - Sync 1 DAGs
[2026-02-09T07:59:00.371+0000] {logging_mixin.py:188} INFO - [2026-02-09T07:59:00.371+0000] {dag.py:3947} INFO - Setting next_dagrun for list_s3_files_in_logs to None, run_after=None
[2026-02-09T07:59:00.406+0000] {processor.py:183} INFO - Processing /home/cloud/codings/airflow/dags/list_s3_files_in_logs.py took 0.105 seconds
[2026-02-09T07:59:30.746+0000] {processor.py:161} INFO - Started process (PID=341404) to work on /home/cloud/codings/airflow/dags/list_s3_files_in_logs.py
[2026-02-09T07:59:30.748+0000] {processor.py:830} INFO - Processing file /home/cloud/codings/airflow/dags/list_s3_files_in_logs.py for tasks to queue
[2026-02-09T07:59:30.756+0000] {logging_mixin.py:188} INFO - [2026-02-09T07:59:30.752+0000] {dagbag.py:545} INFO - Filling up the DagBag from /home/cloud/codings/airflow/dags/list_s3_files_in_logs.py
[2026-02-09T07:59:30.798+0000] {processor.py:840} INFO - DAG(s) 'list_s3_files_in_logs' retrieved from /home/cloud/codings/airflow/dags/list_s3_files_in_logs.py
[2026-02-09T07:59:30.877+0000] {logging_mixin.py:188} INFO - [2026-02-09T07:59:30.876+0000] {dag.py:3089} INFO - Sync 1 DAGs
[2026-02-09T07:59:30.904+0000] {logging_mixin.py:188} INFO - [2026-02-09T07:59:30.904+0000] {dag.py:3947} INFO - Setting next_dagrun for list_s3_files_in_logs to None, run_after=None
[2026-02-09T07:59:30.942+0000] {processor.py:183} INFO - Processing /home/cloud/codings/airflow/dags/list_s3_files_in_logs.py took 0.228 seconds
[2026-02-09T08:00:01.192+0000] {processor.py:161} INFO - Started process (PID=341487) to work on /home/cloud/codings/airflow/dags/list_s3_files_in_logs.py
[2026-02-09T08:00:01.206+0000] {processor.py:830} INFO - Processing file /home/cloud/codings/airflow/dags/list_s3_files_in_logs.py for tasks to queue
[2026-02-09T08:00:01.207+0000] {logging_mixin.py:188} INFO - [2026-02-09T08:00:01.207+0000] {dagbag.py:545} INFO - Filling up the DagBag from /home/cloud/codings/airflow/dags/list_s3_files_in_logs.py
[2026-02-09T08:00:01.225+0000] {processor.py:840} INFO - DAG(s) 'list_s3_files_in_logs' retrieved from /home/cloud/codings/airflow/dags/list_s3_files_in_logs.py
[2026-02-09T08:00:01.253+0000] {logging_mixin.py:188} INFO - [2026-02-09T08:00:01.253+0000] {dag.py:3089} INFO - Sync 1 DAGs
[2026-02-09T08:00:01.280+0000] {logging_mixin.py:188} INFO - [2026-02-09T08:00:01.280+0000] {dag.py:3947} INFO - Setting next_dagrun for list_s3_files_in_logs to None, run_after=None
[2026-02-09T08:00:01.322+0000] {processor.py:183} INFO - Processing /home/cloud/codings/airflow/dags/list_s3_files_in_logs.py took 0.140 seconds
[2026-02-09T08:00:31.681+0000] {processor.py:161} INFO - Started process (PID=341575) to work on /home/cloud/codings/airflow/dags/list_s3_files_in_logs.py
[2026-02-09T08:00:31.686+0000] {processor.py:830} INFO - Processing file /home/cloud/codings/airflow/dags/list_s3_files_in_logs.py for tasks to queue
[2026-02-09T08:00:31.687+0000] {logging_mixin.py:188} INFO - [2026-02-09T08:00:31.687+0000] {dagbag.py:545} INFO - Filling up the DagBag from /home/cloud/codings/airflow/dags/list_s3_files_in_logs.py
[2026-02-09T08:00:31.701+0000] {processor.py:840} INFO - DAG(s) 'list_s3_files_in_logs' retrieved from /home/cloud/codings/airflow/dags/list_s3_files_in_logs.py
[2026-02-09T08:00:31.726+0000] {logging_mixin.py:188} INFO - [2026-02-09T08:00:31.726+0000] {dag.py:3089} INFO - Sync 1 DAGs
[2026-02-09T08:00:31.743+0000] {logging_mixin.py:188} INFO - [2026-02-09T08:00:31.743+0000] {dag.py:3947} INFO - Setting next_dagrun for list_s3_files_in_logs to None, run_after=None
[2026-02-09T08:00:31.776+0000] {processor.py:183} INFO - Processing /home/cloud/codings/airflow/dags/list_s3_files_in_logs.py took 0.104 seconds
[2026-02-09T08:01:02.154+0000] {processor.py:161} INFO - Started process (PID=341659) to work on /home/cloud/codings/airflow/dags/list_s3_files_in_logs.py
[2026-02-09T08:01:02.157+0000] {processor.py:830} INFO - Processing file /home/cloud/codings/airflow/dags/list_s3_files_in_logs.py for tasks to queue
[2026-02-09T08:01:02.159+0000] {logging_mixin.py:188} INFO - [2026-02-09T08:01:02.158+0000] {dagbag.py:545} INFO - Filling up the DagBag from /home/cloud/codings/airflow/dags/list_s3_files_in_logs.py
[2026-02-09T08:01:02.179+0000] {processor.py:840} INFO - DAG(s) 'list_s3_files_in_logs' retrieved from /home/cloud/codings/airflow/dags/list_s3_files_in_logs.py
[2026-02-09T08:01:02.212+0000] {logging_mixin.py:188} INFO - [2026-02-09T08:01:02.211+0000] {dag.py:3089} INFO - Sync 1 DAGs
[2026-02-09T08:01:02.236+0000] {logging_mixin.py:188} INFO - [2026-02-09T08:01:02.235+0000] {dag.py:3947} INFO - Setting next_dagrun for list_s3_files_in_logs to None, run_after=None
[2026-02-09T08:01:02.280+0000] {processor.py:183} INFO - Processing /home/cloud/codings/airflow/dags/list_s3_files_in_logs.py took 0.137 seconds
[2026-02-09T08:01:32.550+0000] {processor.py:161} INFO - Started process (PID=341739) to work on /home/cloud/codings/airflow/dags/list_s3_files_in_logs.py
[2026-02-09T08:01:32.551+0000] {processor.py:830} INFO - Processing file /home/cloud/codings/airflow/dags/list_s3_files_in_logs.py for tasks to queue
[2026-02-09T08:01:32.552+0000] {logging_mixin.py:188} INFO - [2026-02-09T08:01:32.552+0000] {dagbag.py:545} INFO - Filling up the DagBag from /home/cloud/codings/airflow/dags/list_s3_files_in_logs.py
[2026-02-09T08:01:32.566+0000] {processor.py:840} INFO - DAG(s) 'list_s3_files_in_logs' retrieved from /home/cloud/codings/airflow/dags/list_s3_files_in_logs.py
[2026-02-09T08:01:32.590+0000] {logging_mixin.py:188} INFO - [2026-02-09T08:01:32.590+0000] {dag.py:3089} INFO - Sync 1 DAGs
[2026-02-09T08:01:32.604+0000] {logging_mixin.py:188} INFO - [2026-02-09T08:01:32.604+0000] {dag.py:3947} INFO - Setting next_dagrun for list_s3_files_in_logs to None, run_after=None
[2026-02-09T08:01:32.632+0000] {processor.py:183} INFO - Processing /home/cloud/codings/airflow/dags/list_s3_files_in_logs.py took 0.089 seconds
[2026-02-09T08:02:02.953+0000] {processor.py:161} INFO - Started process (PID=341823) to work on /home/cloud/codings/airflow/dags/list_s3_files_in_logs.py
[2026-02-09T08:02:02.955+0000] {processor.py:830} INFO - Processing file /home/cloud/codings/airflow/dags/list_s3_files_in_logs.py for tasks to queue
[2026-02-09T08:02:02.956+0000] {logging_mixin.py:188} INFO - [2026-02-09T08:02:02.955+0000] {dagbag.py:545} INFO - Filling up the DagBag from /home/cloud/codings/airflow/dags/list_s3_files_in_logs.py
[2026-02-09T08:02:02.972+0000] {processor.py:840} INFO - DAG(s) 'list_s3_files_in_logs' retrieved from /home/cloud/codings/airflow/dags/list_s3_files_in_logs.py
[2026-02-09T08:02:03.003+0000] {logging_mixin.py:188} INFO - [2026-02-09T08:02:03.003+0000] {dag.py:3089} INFO - Sync 1 DAGs
[2026-02-09T08:02:03.023+0000] {logging_mixin.py:188} INFO - [2026-02-09T08:02:03.023+0000] {dag.py:3947} INFO - Setting next_dagrun for list_s3_files_in_logs to None, run_after=None
[2026-02-09T08:02:03.058+0000] {processor.py:183} INFO - Processing /home/cloud/codings/airflow/dags/list_s3_files_in_logs.py took 0.114 seconds
[2026-02-09T08:02:33.430+0000] {processor.py:161} INFO - Started process (PID=341909) to work on /home/cloud/codings/airflow/dags/list_s3_files_in_logs.py
[2026-02-09T08:02:33.431+0000] {processor.py:830} INFO - Processing file /home/cloud/codings/airflow/dags/list_s3_files_in_logs.py for tasks to queue
[2026-02-09T08:02:33.432+0000] {logging_mixin.py:188} INFO - [2026-02-09T08:02:33.432+0000] {dagbag.py:545} INFO - Filling up the DagBag from /home/cloud/codings/airflow/dags/list_s3_files_in_logs.py
[2026-02-09T08:02:33.444+0000] {processor.py:840} INFO - DAG(s) 'list_s3_files_in_logs' retrieved from /home/cloud/codings/airflow/dags/list_s3_files_in_logs.py
[2026-02-09T08:02:33.467+0000] {logging_mixin.py:188} INFO - [2026-02-09T08:02:33.467+0000] {dag.py:3089} INFO - Sync 1 DAGs
[2026-02-09T08:02:33.483+0000] {logging_mixin.py:188} INFO - [2026-02-09T08:02:33.483+0000] {dag.py:3947} INFO - Setting next_dagrun for list_s3_files_in_logs to None, run_after=None
[2026-02-09T08:02:33.512+0000] {processor.py:183} INFO - Processing /home/cloud/codings/airflow/dags/list_s3_files_in_logs.py took 0.089 seconds
[2026-02-09T08:03:03.823+0000] {processor.py:161} INFO - Started process (PID=341989) to work on /home/cloud/codings/airflow/dags/list_s3_files_in_logs.py
[2026-02-09T08:03:03.824+0000] {processor.py:830} INFO - Processing file /home/cloud/codings/airflow/dags/list_s3_files_in_logs.py for tasks to queue
[2026-02-09T08:03:03.826+0000] {logging_mixin.py:188} INFO - [2026-02-09T08:03:03.825+0000] {dagbag.py:545} INFO - Filling up the DagBag from /home/cloud/codings/airflow/dags/list_s3_files_in_logs.py
[2026-02-09T08:03:03.838+0000] {processor.py:840} INFO - DAG(s) 'list_s3_files_in_logs' retrieved from /home/cloud/codings/airflow/dags/list_s3_files_in_logs.py
[2026-02-09T08:03:03.863+0000] {logging_mixin.py:188} INFO - [2026-02-09T08:03:03.863+0000] {dag.py:3089} INFO - Sync 1 DAGs
[2026-02-09T08:03:03.880+0000] {logging_mixin.py:188} INFO - [2026-02-09T08:03:03.880+0000] {dag.py:3947} INFO - Setting next_dagrun for list_s3_files_in_logs to None, run_after=None
[2026-02-09T08:03:03.912+0000] {processor.py:183} INFO - Processing /home/cloud/codings/airflow/dags/list_s3_files_in_logs.py took 0.096 seconds
[2026-02-09T08:03:34.232+0000] {processor.py:161} INFO - Started process (PID=342075) to work on /home/cloud/codings/airflow/dags/list_s3_files_in_logs.py
[2026-02-09T08:03:34.233+0000] {processor.py:830} INFO - Processing file /home/cloud/codings/airflow/dags/list_s3_files_in_logs.py for tasks to queue
[2026-02-09T08:03:34.234+0000] {logging_mixin.py:188} INFO - [2026-02-09T08:03:34.233+0000] {dagbag.py:545} INFO - Filling up the DagBag from /home/cloud/codings/airflow/dags/list_s3_files_in_logs.py
[2026-02-09T08:03:34.247+0000] {processor.py:840} INFO - DAG(s) 'list_s3_files_in_logs' retrieved from /home/cloud/codings/airflow/dags/list_s3_files_in_logs.py
[2026-02-09T08:03:34.272+0000] {logging_mixin.py:188} INFO - [2026-02-09T08:03:34.271+0000] {dag.py:3089} INFO - Sync 1 DAGs
[2026-02-09T08:03:34.288+0000] {logging_mixin.py:188} INFO - [2026-02-09T08:03:34.287+0000] {dag.py:3947} INFO - Setting next_dagrun for list_s3_files_in_logs to None, run_after=None
[2026-02-09T08:03:34.322+0000] {processor.py:183} INFO - Processing /home/cloud/codings/airflow/dags/list_s3_files_in_logs.py took 0.100 seconds
[2026-02-09T08:04:04.704+0000] {processor.py:161} INFO - Started process (PID=342159) to work on /home/cloud/codings/airflow/dags/list_s3_files_in_logs.py
[2026-02-09T08:04:04.706+0000] {processor.py:830} INFO - Processing file /home/cloud/codings/airflow/dags/list_s3_files_in_logs.py for tasks to queue
[2026-02-09T08:04:04.707+0000] {logging_mixin.py:188} INFO - [2026-02-09T08:04:04.707+0000] {dagbag.py:545} INFO - Filling up the DagBag from /home/cloud/codings/airflow/dags/list_s3_files_in_logs.py
[2026-02-09T08:04:04.720+0000] {processor.py:840} INFO - DAG(s) 'list_s3_files_in_logs' retrieved from /home/cloud/codings/airflow/dags/list_s3_files_in_logs.py
[2026-02-09T08:04:04.745+0000] {logging_mixin.py:188} INFO - [2026-02-09T08:04:04.744+0000] {dag.py:3089} INFO - Sync 1 DAGs
[2026-02-09T08:04:04.761+0000] {logging_mixin.py:188} INFO - [2026-02-09T08:04:04.761+0000] {dag.py:3947} INFO - Setting next_dagrun for list_s3_files_in_logs to None, run_after=None
[2026-02-09T08:04:04.795+0000] {processor.py:183} INFO - Processing /home/cloud/codings/airflow/dags/list_s3_files_in_logs.py took 0.099 seconds
[2026-02-09T08:04:35.145+0000] {processor.py:161} INFO - Started process (PID=342245) to work on /home/cloud/codings/airflow/dags/list_s3_files_in_logs.py
[2026-02-09T08:04:35.146+0000] {processor.py:830} INFO - Processing file /home/cloud/codings/airflow/dags/list_s3_files_in_logs.py for tasks to queue
[2026-02-09T08:04:35.147+0000] {logging_mixin.py:188} INFO - [2026-02-09T08:04:35.147+0000] {dagbag.py:545} INFO - Filling up the DagBag from /home/cloud/codings/airflow/dags/list_s3_files_in_logs.py
[2026-02-09T08:04:35.162+0000] {processor.py:840} INFO - DAG(s) 'list_s3_files_in_logs' retrieved from /home/cloud/codings/airflow/dags/list_s3_files_in_logs.py
[2026-02-09T08:04:35.191+0000] {logging_mixin.py:188} INFO - [2026-02-09T08:04:35.191+0000] {dag.py:3089} INFO - Sync 1 DAGs
[2026-02-09T08:04:35.211+0000] {logging_mixin.py:188} INFO - [2026-02-09T08:04:35.210+0000] {dag.py:3947} INFO - Setting next_dagrun for list_s3_files_in_logs to None, run_after=None
[2026-02-09T08:04:35.242+0000] {processor.py:183} INFO - Processing /home/cloud/codings/airflow/dags/list_s3_files_in_logs.py took 0.104 seconds
[2026-02-09T08:05:05.623+0000] {processor.py:161} INFO - Started process (PID=342324) to work on /home/cloud/codings/airflow/dags/list_s3_files_in_logs.py
[2026-02-09T08:05:05.625+0000] {processor.py:830} INFO - Processing file /home/cloud/codings/airflow/dags/list_s3_files_in_logs.py for tasks to queue
[2026-02-09T08:05:05.626+0000] {logging_mixin.py:188} INFO - [2026-02-09T08:05:05.625+0000] {dagbag.py:545} INFO - Filling up the DagBag from /home/cloud/codings/airflow/dags/list_s3_files_in_logs.py
[2026-02-09T08:05:05.637+0000] {processor.py:840} INFO - DAG(s) 'list_s3_files_in_logs' retrieved from /home/cloud/codings/airflow/dags/list_s3_files_in_logs.py
[2026-02-09T08:05:05.667+0000] {logging_mixin.py:188} INFO - [2026-02-09T08:05:05.667+0000] {dag.py:3089} INFO - Sync 1 DAGs
[2026-02-09T08:05:05.687+0000] {logging_mixin.py:188} INFO - [2026-02-09T08:05:05.687+0000] {dag.py:3947} INFO - Setting next_dagrun for list_s3_files_in_logs to None, run_after=None
[2026-02-09T08:05:05.717+0000] {processor.py:183} INFO - Processing /home/cloud/codings/airflow/dags/list_s3_files_in_logs.py took 0.102 seconds
[2026-02-09T08:05:36.086+0000] {processor.py:161} INFO - Started process (PID=342410) to work on /home/cloud/codings/airflow/dags/list_s3_files_in_logs.py
[2026-02-09T08:05:36.087+0000] {processor.py:830} INFO - Processing file /home/cloud/codings/airflow/dags/list_s3_files_in_logs.py for tasks to queue
[2026-02-09T08:05:36.088+0000] {logging_mixin.py:188} INFO - [2026-02-09T08:05:36.087+0000] {dagbag.py:545} INFO - Filling up the DagBag from /home/cloud/codings/airflow/dags/list_s3_files_in_logs.py
[2026-02-09T08:05:36.102+0000] {processor.py:840} INFO - DAG(s) 'list_s3_files_in_logs' retrieved from /home/cloud/codings/airflow/dags/list_s3_files_in_logs.py
[2026-02-09T08:05:36.129+0000] {logging_mixin.py:188} INFO - [2026-02-09T08:05:36.129+0000] {dag.py:3089} INFO - Sync 1 DAGs
[2026-02-09T08:05:36.147+0000] {logging_mixin.py:188} INFO - [2026-02-09T08:05:36.146+0000] {dag.py:3947} INFO - Setting next_dagrun for list_s3_files_in_logs to None, run_after=None
[2026-02-09T08:05:36.175+0000] {processor.py:183} INFO - Processing /home/cloud/codings/airflow/dags/list_s3_files_in_logs.py took 0.097 seconds
[2026-02-09T08:06:06.561+0000] {processor.py:161} INFO - Started process (PID=342494) to work on /home/cloud/codings/airflow/dags/list_s3_files_in_logs.py
[2026-02-09T08:06:06.563+0000] {processor.py:830} INFO - Processing file /home/cloud/codings/airflow/dags/list_s3_files_in_logs.py for tasks to queue
[2026-02-09T08:06:06.565+0000] {logging_mixin.py:188} INFO - [2026-02-09T08:06:06.564+0000] {dagbag.py:545} INFO - Filling up the DagBag from /home/cloud/codings/airflow/dags/list_s3_files_in_logs.py
[2026-02-09T08:06:06.579+0000] {processor.py:840} INFO - DAG(s) 'list_s3_files_in_logs' retrieved from /home/cloud/codings/airflow/dags/list_s3_files_in_logs.py
[2026-02-09T08:06:06.609+0000] {logging_mixin.py:188} INFO - [2026-02-09T08:06:06.608+0000] {dag.py:3089} INFO - Sync 1 DAGs
[2026-02-09T08:06:06.630+0000] {logging_mixin.py:188} INFO - [2026-02-09T08:06:06.630+0000] {dag.py:3947} INFO - Setting next_dagrun for list_s3_files_in_logs to None, run_after=None
[2026-02-09T08:06:06.668+0000] {processor.py:183} INFO - Processing /home/cloud/codings/airflow/dags/list_s3_files_in_logs.py took 0.114 seconds
[2026-02-09T08:06:37.049+0000] {processor.py:161} INFO - Started process (PID=342582) to work on /home/cloud/codings/airflow/dags/list_s3_files_in_logs.py
[2026-02-09T08:06:37.050+0000] {processor.py:830} INFO - Processing file /home/cloud/codings/airflow/dags/list_s3_files_in_logs.py for tasks to queue
[2026-02-09T08:06:37.051+0000] {logging_mixin.py:188} INFO - [2026-02-09T08:06:37.050+0000] {dagbag.py:545} INFO - Filling up the DagBag from /home/cloud/codings/airflow/dags/list_s3_files_in_logs.py
[2026-02-09T08:06:37.063+0000] {processor.py:840} INFO - DAG(s) 'list_s3_files_in_logs' retrieved from /home/cloud/codings/airflow/dags/list_s3_files_in_logs.py
[2026-02-09T08:06:37.088+0000] {logging_mixin.py:188} INFO - [2026-02-09T08:06:37.088+0000] {dag.py:3089} INFO - Sync 1 DAGs
[2026-02-09T08:06:37.105+0000] {logging_mixin.py:188} INFO - [2026-02-09T08:06:37.105+0000] {dag.py:3947} INFO - Setting next_dagrun for list_s3_files_in_logs to None, run_after=None
[2026-02-09T08:06:37.134+0000] {processor.py:183} INFO - Processing /home/cloud/codings/airflow/dags/list_s3_files_in_logs.py took 0.092 seconds
[2026-02-09T08:07:07.433+0000] {processor.py:161} INFO - Started process (PID=342666) to work on /home/cloud/codings/airflow/dags/list_s3_files_in_logs.py
[2026-02-09T08:07:07.434+0000] {processor.py:830} INFO - Processing file /home/cloud/codings/airflow/dags/list_s3_files_in_logs.py for tasks to queue
[2026-02-09T08:07:07.435+0000] {logging_mixin.py:188} INFO - [2026-02-09T08:07:07.435+0000] {dagbag.py:545} INFO - Filling up the DagBag from /home/cloud/codings/airflow/dags/list_s3_files_in_logs.py
[2026-02-09T08:07:07.448+0000] {processor.py:840} INFO - DAG(s) 'list_s3_files_in_logs' retrieved from /home/cloud/codings/airflow/dags/list_s3_files_in_logs.py
[2026-02-09T08:07:07.473+0000] {logging_mixin.py:188} INFO - [2026-02-09T08:07:07.473+0000] {dag.py:3089} INFO - Sync 1 DAGs
[2026-02-09T08:07:07.491+0000] {logging_mixin.py:188} INFO - [2026-02-09T08:07:07.490+0000] {dag.py:3947} INFO - Setting next_dagrun for list_s3_files_in_logs to None, run_after=None
[2026-02-09T08:07:07.523+0000] {processor.py:183} INFO - Processing /home/cloud/codings/airflow/dags/list_s3_files_in_logs.py took 0.099 seconds
[2026-02-09T08:07:38.040+0000] {processor.py:161} INFO - Started process (PID=342749) to work on /home/cloud/codings/airflow/dags/list_s3_files_in_logs.py
[2026-02-09T08:07:38.041+0000] {processor.py:830} INFO - Processing file /home/cloud/codings/airflow/dags/list_s3_files_in_logs.py for tasks to queue
[2026-02-09T08:07:38.043+0000] {logging_mixin.py:188} INFO - [2026-02-09T08:07:38.042+0000] {dagbag.py:545} INFO - Filling up the DagBag from /home/cloud/codings/airflow/dags/list_s3_files_in_logs.py
[2026-02-09T08:07:38.063+0000] {processor.py:840} INFO - DAG(s) 'list_s3_files_in_logs' retrieved from /home/cloud/codings/airflow/dags/list_s3_files_in_logs.py
[2026-02-09T08:07:38.096+0000] {logging_mixin.py:188} INFO - [2026-02-09T08:07:38.095+0000] {dag.py:3089} INFO - Sync 1 DAGs
[2026-02-09T08:07:38.119+0000] {logging_mixin.py:188} INFO - [2026-02-09T08:07:38.119+0000] {dag.py:3947} INFO - Setting next_dagrun for list_s3_files_in_logs to None, run_after=None
[2026-02-09T08:07:38.156+0000] {processor.py:183} INFO - Processing /home/cloud/codings/airflow/dags/list_s3_files_in_logs.py took 0.134 seconds
[2026-02-09T08:08:08.638+0000] {processor.py:161} INFO - Started process (PID=342832) to work on /home/cloud/codings/airflow/dags/list_s3_files_in_logs.py
[2026-02-09T08:08:08.640+0000] {processor.py:830} INFO - Processing file /home/cloud/codings/airflow/dags/list_s3_files_in_logs.py for tasks to queue
[2026-02-09T08:08:08.642+0000] {logging_mixin.py:188} INFO - [2026-02-09T08:08:08.641+0000] {dagbag.py:545} INFO - Filling up the DagBag from /home/cloud/codings/airflow/dags/list_s3_files_in_logs.py
[2026-02-09T08:08:08.656+0000] {processor.py:840} INFO - DAG(s) 'list_s3_files_in_logs' retrieved from /home/cloud/codings/airflow/dags/list_s3_files_in_logs.py
[2026-02-09T08:08:08.687+0000] {logging_mixin.py:188} INFO - [2026-02-09T08:08:08.687+0000] {dag.py:3089} INFO - Sync 1 DAGs
[2026-02-09T08:08:08.710+0000] {logging_mixin.py:188} INFO - [2026-02-09T08:08:08.709+0000] {dag.py:3947} INFO - Setting next_dagrun for list_s3_files_in_logs to None, run_after=None
[2026-02-09T08:08:08.751+0000] {processor.py:183} INFO - Processing /home/cloud/codings/airflow/dags/list_s3_files_in_logs.py took 0.120 seconds
[2026-02-09T08:08:39.120+0000] {processor.py:161} INFO - Started process (PID=342918) to work on /home/cloud/codings/airflow/dags/list_s3_files_in_logs.py
[2026-02-09T08:08:39.122+0000] {processor.py:830} INFO - Processing file /home/cloud/codings/airflow/dags/list_s3_files_in_logs.py for tasks to queue
[2026-02-09T08:08:39.123+0000] {logging_mixin.py:188} INFO - [2026-02-09T08:08:39.122+0000] {dagbag.py:545} INFO - Filling up the DagBag from /home/cloud/codings/airflow/dags/list_s3_files_in_logs.py
[2026-02-09T08:08:39.136+0000] {processor.py:840} INFO - DAG(s) 'list_s3_files_in_logs' retrieved from /home/cloud/codings/airflow/dags/list_s3_files_in_logs.py
[2026-02-09T08:08:39.160+0000] {logging_mixin.py:188} INFO - [2026-02-09T08:08:39.160+0000] {dag.py:3089} INFO - Sync 1 DAGs
[2026-02-09T08:08:39.177+0000] {logging_mixin.py:188} INFO - [2026-02-09T08:08:39.177+0000] {dag.py:3947} INFO - Setting next_dagrun for list_s3_files_in_logs to None, run_after=None
[2026-02-09T08:08:39.208+0000] {processor.py:183} INFO - Processing /home/cloud/codings/airflow/dags/list_s3_files_in_logs.py took 0.097 seconds
[2026-02-09T08:09:09.506+0000] {processor.py:161} INFO - Started process (PID=343002) to work on /home/cloud/codings/airflow/dags/list_s3_files_in_logs.py
[2026-02-09T08:09:09.508+0000] {processor.py:830} INFO - Processing file /home/cloud/codings/airflow/dags/list_s3_files_in_logs.py for tasks to queue
[2026-02-09T08:09:09.509+0000] {logging_mixin.py:188} INFO - [2026-02-09T08:09:09.509+0000] {dagbag.py:545} INFO - Filling up the DagBag from /home/cloud/codings/airflow/dags/list_s3_files_in_logs.py
[2026-02-09T08:09:09.526+0000] {processor.py:840} INFO - DAG(s) 'list_s3_files_in_logs' retrieved from /home/cloud/codings/airflow/dags/list_s3_files_in_logs.py
[2026-02-09T08:09:09.553+0000] {logging_mixin.py:188} INFO - [2026-02-09T08:09:09.552+0000] {dag.py:3089} INFO - Sync 1 DAGs
[2026-02-09T08:09:09.569+0000] {logging_mixin.py:188} INFO - [2026-02-09T08:09:09.569+0000] {dag.py:3947} INFO - Setting next_dagrun for list_s3_files_in_logs to None, run_after=None
[2026-02-09T08:09:09.601+0000] {processor.py:183} INFO - Processing /home/cloud/codings/airflow/dags/list_s3_files_in_logs.py took 0.104 seconds
[2026-02-09T08:09:40.035+0000] {processor.py:161} INFO - Started process (PID=343088) to work on /home/cloud/codings/airflow/dags/list_s3_files_in_logs.py
[2026-02-09T08:09:40.036+0000] {processor.py:830} INFO - Processing file /home/cloud/codings/airflow/dags/list_s3_files_in_logs.py for tasks to queue
[2026-02-09T08:09:40.038+0000] {logging_mixin.py:188} INFO - [2026-02-09T08:09:40.037+0000] {dagbag.py:545} INFO - Filling up the DagBag from /home/cloud/codings/airflow/dags/list_s3_files_in_logs.py
[2026-02-09T08:09:40.052+0000] {processor.py:840} INFO - DAG(s) 'list_s3_files_in_logs' retrieved from /home/cloud/codings/airflow/dags/list_s3_files_in_logs.py
[2026-02-09T08:09:40.085+0000] {logging_mixin.py:188} INFO - [2026-02-09T08:09:40.084+0000] {dag.py:3089} INFO - Sync 1 DAGs
[2026-02-09T08:09:40.106+0000] {logging_mixin.py:188} INFO - [2026-02-09T08:09:40.106+0000] {dag.py:3947} INFO - Setting next_dagrun for list_s3_files_in_logs to None, run_after=None
[2026-02-09T08:09:40.150+0000] {processor.py:183} INFO - Processing /home/cloud/codings/airflow/dags/list_s3_files_in_logs.py took 0.123 seconds
[2026-02-09T08:10:10.490+0000] {processor.py:161} INFO - Started process (PID=343193) to work on /home/cloud/codings/airflow/dags/list_s3_files_in_logs.py
[2026-02-09T08:10:10.492+0000] {processor.py:830} INFO - Processing file /home/cloud/codings/airflow/dags/list_s3_files_in_logs.py for tasks to queue
[2026-02-09T08:10:10.493+0000] {logging_mixin.py:188} INFO - [2026-02-09T08:10:10.492+0000] {dagbag.py:545} INFO - Filling up the DagBag from /home/cloud/codings/airflow/dags/list_s3_files_in_logs.py
[2026-02-09T08:10:10.507+0000] {processor.py:840} INFO - DAG(s) 'list_s3_files_in_logs' retrieved from /home/cloud/codings/airflow/dags/list_s3_files_in_logs.py
[2026-02-09T08:10:10.535+0000] {logging_mixin.py:188} INFO - [2026-02-09T08:10:10.535+0000] {dag.py:3089} INFO - Sync 1 DAGs
[2026-02-09T08:10:10.555+0000] {logging_mixin.py:188} INFO - [2026-02-09T08:10:10.555+0000] {dag.py:3947} INFO - Setting next_dagrun for list_s3_files_in_logs to None, run_after=None
[2026-02-09T08:10:10.586+0000] {processor.py:183} INFO - Processing /home/cloud/codings/airflow/dags/list_s3_files_in_logs.py took 0.105 seconds
[2026-02-09T08:10:40.970+0000] {processor.py:161} INFO - Started process (PID=343276) to work on /home/cloud/codings/airflow/dags/list_s3_files_in_logs.py
[2026-02-09T08:10:40.971+0000] {processor.py:830} INFO - Processing file /home/cloud/codings/airflow/dags/list_s3_files_in_logs.py for tasks to queue
[2026-02-09T08:10:40.972+0000] {logging_mixin.py:188} INFO - [2026-02-09T08:10:40.972+0000] {dagbag.py:545} INFO - Filling up the DagBag from /home/cloud/codings/airflow/dags/list_s3_files_in_logs.py
[2026-02-09T08:10:40.985+0000] {processor.py:840} INFO - DAG(s) 'list_s3_files_in_logs' retrieved from /home/cloud/codings/airflow/dags/list_s3_files_in_logs.py
[2026-02-09T08:10:41.013+0000] {logging_mixin.py:188} INFO - [2026-02-09T08:10:41.013+0000] {dag.py:3089} INFO - Sync 1 DAGs
[2026-02-09T08:10:41.035+0000] {logging_mixin.py:188} INFO - [2026-02-09T08:10:41.035+0000] {dag.py:3947} INFO - Setting next_dagrun for list_s3_files_in_logs to None, run_after=None
[2026-02-09T08:10:41.073+0000] {processor.py:183} INFO - Processing /home/cloud/codings/airflow/dags/list_s3_files_in_logs.py took 0.109 seconds
[2026-02-09T08:11:11.592+0000] {processor.py:161} INFO - Started process (PID=343356) to work on /home/cloud/codings/airflow/dags/list_s3_files_in_logs.py
[2026-02-09T08:11:11.611+0000] {processor.py:830} INFO - Processing file /home/cloud/codings/airflow/dags/list_s3_files_in_logs.py for tasks to queue
[2026-02-09T08:11:11.615+0000] {logging_mixin.py:188} INFO - [2026-02-09T08:11:11.613+0000] {dagbag.py:545} INFO - Filling up the DagBag from /home/cloud/codings/airflow/dags/list_s3_files_in_logs.py
[2026-02-09T08:11:11.642+0000] {processor.py:840} INFO - DAG(s) 'list_s3_files_in_logs' retrieved from /home/cloud/codings/airflow/dags/list_s3_files_in_logs.py
[2026-02-09T08:11:11.695+0000] {logging_mixin.py:188} INFO - [2026-02-09T08:11:11.695+0000] {dag.py:3089} INFO - Sync 1 DAGs
[2026-02-09T08:11:11.726+0000] {logging_mixin.py:188} INFO - [2026-02-09T08:11:11.726+0000] {dag.py:3947} INFO - Setting next_dagrun for list_s3_files_in_logs to None, run_after=None
[2026-02-09T08:11:11.803+0000] {processor.py:183} INFO - Processing /home/cloud/codings/airflow/dags/list_s3_files_in_logs.py took 0.225 seconds
[2026-02-09T08:11:42.268+0000] {processor.py:161} INFO - Started process (PID=343444) to work on /home/cloud/codings/airflow/dags/list_s3_files_in_logs.py
[2026-02-09T08:11:42.286+0000] {processor.py:830} INFO - Processing file /home/cloud/codings/airflow/dags/list_s3_files_in_logs.py for tasks to queue
[2026-02-09T08:11:42.287+0000] {logging_mixin.py:188} INFO - [2026-02-09T08:11:42.287+0000] {dagbag.py:545} INFO - Filling up the DagBag from /home/cloud/codings/airflow/dags/list_s3_files_in_logs.py
[2026-02-09T08:11:42.304+0000] {processor.py:840} INFO - DAG(s) 'list_s3_files_in_logs' retrieved from /home/cloud/codings/airflow/dags/list_s3_files_in_logs.py
[2026-02-09T08:11:42.333+0000] {logging_mixin.py:188} INFO - [2026-02-09T08:11:42.332+0000] {dag.py:3089} INFO - Sync 1 DAGs
[2026-02-09T08:11:42.354+0000] {logging_mixin.py:188} INFO - [2026-02-09T08:11:42.354+0000] {dag.py:3947} INFO - Setting next_dagrun for list_s3_files_in_logs to None, run_after=None
[2026-02-09T08:11:42.391+0000] {processor.py:183} INFO - Processing /home/cloud/codings/airflow/dags/list_s3_files_in_logs.py took 0.131 seconds
[2026-02-09T08:12:12.768+0000] {processor.py:161} INFO - Started process (PID=343528) to work on /home/cloud/codings/airflow/dags/list_s3_files_in_logs.py
[2026-02-09T08:12:12.788+0000] {processor.py:830} INFO - Processing file /home/cloud/codings/airflow/dags/list_s3_files_in_logs.py for tasks to queue
[2026-02-09T08:12:12.789+0000] {logging_mixin.py:188} INFO - [2026-02-09T08:12:12.789+0000] {dagbag.py:545} INFO - Filling up the DagBag from /home/cloud/codings/airflow/dags/list_s3_files_in_logs.py
[2026-02-09T08:12:12.801+0000] {processor.py:840} INFO - DAG(s) 'list_s3_files_in_logs' retrieved from /home/cloud/codings/airflow/dags/list_s3_files_in_logs.py
[2026-02-09T08:12:12.826+0000] {logging_mixin.py:188} INFO - [2026-02-09T08:12:12.826+0000] {dag.py:3089} INFO - Sync 1 DAGs
[2026-02-09T08:12:12.843+0000] {logging_mixin.py:188} INFO - [2026-02-09T08:12:12.842+0000] {dag.py:3947} INFO - Setting next_dagrun for list_s3_files_in_logs to None, run_after=None
[2026-02-09T08:12:12.867+0000] {processor.py:183} INFO - Processing /home/cloud/codings/airflow/dags/list_s3_files_in_logs.py took 0.105 seconds
[2026-02-09T08:12:43.252+0000] {processor.py:161} INFO - Started process (PID=343609) to work on /home/cloud/codings/airflow/dags/list_s3_files_in_logs.py
[2026-02-09T08:12:43.254+0000] {processor.py:830} INFO - Processing file /home/cloud/codings/airflow/dags/list_s3_files_in_logs.py for tasks to queue
[2026-02-09T08:12:43.255+0000] {logging_mixin.py:188} INFO - [2026-02-09T08:12:43.254+0000] {dagbag.py:545} INFO - Filling up the DagBag from /home/cloud/codings/airflow/dags/list_s3_files_in_logs.py
[2026-02-09T08:12:43.267+0000] {processor.py:840} INFO - DAG(s) 'list_s3_files_in_logs' retrieved from /home/cloud/codings/airflow/dags/list_s3_files_in_logs.py
[2026-02-09T08:12:43.294+0000] {logging_mixin.py:188} INFO - [2026-02-09T08:12:43.293+0000] {dag.py:3089} INFO - Sync 1 DAGs
[2026-02-09T08:12:43.314+0000] {logging_mixin.py:188} INFO - [2026-02-09T08:12:43.313+0000] {dag.py:3947} INFO - Setting next_dagrun for list_s3_files_in_logs to None, run_after=None
[2026-02-09T08:12:43.346+0000] {processor.py:183} INFO - Processing /home/cloud/codings/airflow/dags/list_s3_files_in_logs.py took 0.101 seconds
[2026-02-09T08:13:13.896+0000] {processor.py:161} INFO - Started process (PID=343695) to work on /home/cloud/codings/airflow/dags/list_s3_files_in_logs.py
[2026-02-09T08:13:13.925+0000] {processor.py:830} INFO - Processing file /home/cloud/codings/airflow/dags/list_s3_files_in_logs.py for tasks to queue
[2026-02-09T08:13:13.930+0000] {logging_mixin.py:188} INFO - [2026-02-09T08:13:13.928+0000] {dagbag.py:545} INFO - Filling up the DagBag from /home/cloud/codings/airflow/dags/list_s3_files_in_logs.py
[2026-02-09T08:13:13.978+0000] {processor.py:840} INFO - DAG(s) 'list_s3_files_in_logs' retrieved from /home/cloud/codings/airflow/dags/list_s3_files_in_logs.py
[2026-02-09T08:13:14.025+0000] {logging_mixin.py:188} INFO - [2026-02-09T08:13:14.025+0000] {dag.py:3089} INFO - Sync 1 DAGs
[2026-02-09T08:13:14.049+0000] {logging_mixin.py:188} INFO - [2026-02-09T08:13:14.049+0000] {dag.py:3947} INFO - Setting next_dagrun for list_s3_files_in_logs to None, run_after=None
[2026-02-09T08:13:14.105+0000] {processor.py:183} INFO - Processing /home/cloud/codings/airflow/dags/list_s3_files_in_logs.py took 0.233 seconds
[2026-02-09T08:13:44.874+0000] {processor.py:161} INFO - Started process (PID=343783) to work on /home/cloud/codings/airflow/dags/list_s3_files_in_logs.py
[2026-02-09T08:13:44.896+0000] {processor.py:830} INFO - Processing file /home/cloud/codings/airflow/dags/list_s3_files_in_logs.py for tasks to queue
[2026-02-09T08:13:44.898+0000] {logging_mixin.py:188} INFO - [2026-02-09T08:13:44.897+0000] {dagbag.py:545} INFO - Filling up the DagBag from /home/cloud/codings/airflow/dags/list_s3_files_in_logs.py
[2026-02-09T08:13:44.914+0000] {processor.py:840} INFO - DAG(s) 'list_s3_files_in_logs' retrieved from /home/cloud/codings/airflow/dags/list_s3_files_in_logs.py
[2026-02-09T08:13:44.947+0000] {logging_mixin.py:188} INFO - [2026-02-09T08:13:44.947+0000] {dag.py:3089} INFO - Sync 1 DAGs
[2026-02-09T08:13:44.967+0000] {logging_mixin.py:188} INFO - [2026-02-09T08:13:44.967+0000] {dag.py:3947} INFO - Setting next_dagrun for list_s3_files_in_logs to None, run_after=None
[2026-02-09T08:13:45.001+0000] {processor.py:183} INFO - Processing /home/cloud/codings/airflow/dags/list_s3_files_in_logs.py took 0.135 seconds
[2026-02-09T08:14:15.548+0000] {processor.py:161} INFO - Started process (PID=343867) to work on /home/cloud/codings/airflow/dags/list_s3_files_in_logs.py
[2026-02-09T08:14:15.549+0000] {processor.py:830} INFO - Processing file /home/cloud/codings/airflow/dags/list_s3_files_in_logs.py for tasks to queue
[2026-02-09T08:14:15.550+0000] {logging_mixin.py:188} INFO - [2026-02-09T08:14:15.550+0000] {dagbag.py:545} INFO - Filling up the DagBag from /home/cloud/codings/airflow/dags/list_s3_files_in_logs.py
[2026-02-09T08:14:15.563+0000] {processor.py:840} INFO - DAG(s) 'list_s3_files_in_logs' retrieved from /home/cloud/codings/airflow/dags/list_s3_files_in_logs.py
[2026-02-09T08:14:15.588+0000] {logging_mixin.py:188} INFO - [2026-02-09T08:14:15.588+0000] {dag.py:3089} INFO - Sync 1 DAGs
[2026-02-09T08:14:15.609+0000] {logging_mixin.py:188} INFO - [2026-02-09T08:14:15.608+0000] {dag.py:3947} INFO - Setting next_dagrun for list_s3_files_in_logs to None, run_after=None
[2026-02-09T08:14:15.655+0000] {processor.py:183} INFO - Processing /home/cloud/codings/airflow/dags/list_s3_files_in_logs.py took 0.115 seconds
[2026-02-09T08:14:46.021+0000] {processor.py:161} INFO - Started process (PID=343947) to work on /home/cloud/codings/airflow/dags/list_s3_files_in_logs.py
[2026-02-09T08:14:46.022+0000] {processor.py:830} INFO - Processing file /home/cloud/codings/airflow/dags/list_s3_files_in_logs.py for tasks to queue
[2026-02-09T08:14:46.024+0000] {logging_mixin.py:188} INFO - [2026-02-09T08:14:46.023+0000] {dagbag.py:545} INFO - Filling up the DagBag from /home/cloud/codings/airflow/dags/list_s3_files_in_logs.py
[2026-02-09T08:14:46.035+0000] {processor.py:840} INFO - DAG(s) 'list_s3_files_in_logs' retrieved from /home/cloud/codings/airflow/dags/list_s3_files_in_logs.py
[2026-02-09T08:14:46.055+0000] {logging_mixin.py:188} INFO - [2026-02-09T08:14:46.055+0000] {dag.py:3089} INFO - Sync 1 DAGs
[2026-02-09T08:14:46.070+0000] {logging_mixin.py:188} INFO - [2026-02-09T08:14:46.070+0000] {dag.py:3947} INFO - Setting next_dagrun for list_s3_files_in_logs to None, run_after=None
[2026-02-09T08:14:46.096+0000] {processor.py:183} INFO - Processing /home/cloud/codings/airflow/dags/list_s3_files_in_logs.py took 0.081 seconds
[2026-02-09T08:15:16.145+0000] {processor.py:161} INFO - Started process (PID=344034) to work on /home/cloud/codings/airflow/dags/list_s3_files_in_logs.py
[2026-02-09T08:15:16.145+0000] {processor.py:830} INFO - Processing file /home/cloud/codings/airflow/dags/list_s3_files_in_logs.py for tasks to queue
[2026-02-09T08:15:16.147+0000] {logging_mixin.py:188} INFO - [2026-02-09T08:15:16.146+0000] {dagbag.py:545} INFO - Filling up the DagBag from /home/cloud/codings/airflow/dags/list_s3_files_in_logs.py
[2026-02-09T08:15:16.159+0000] {processor.py:840} INFO - DAG(s) 'list_s3_files_in_logs' retrieved from /home/cloud/codings/airflow/dags/list_s3_files_in_logs.py
[2026-02-09T08:15:16.181+0000] {logging_mixin.py:188} INFO - [2026-02-09T08:15:16.180+0000] {dag.py:3089} INFO - Sync 1 DAGs
[2026-02-09T08:15:16.197+0000] {logging_mixin.py:188} INFO - [2026-02-09T08:15:16.196+0000] {dag.py:3947} INFO - Setting next_dagrun for list_s3_files_in_logs to None, run_after=None
[2026-02-09T08:15:16.223+0000] {processor.py:183} INFO - Processing /home/cloud/codings/airflow/dags/list_s3_files_in_logs.py took 0.084 seconds
[2026-02-09T08:15:46.862+0000] {processor.py:161} INFO - Started process (PID=344114) to work on /home/cloud/codings/airflow/dags/list_s3_files_in_logs.py
[2026-02-09T08:15:46.863+0000] {processor.py:830} INFO - Processing file /home/cloud/codings/airflow/dags/list_s3_files_in_logs.py for tasks to queue
[2026-02-09T08:15:46.864+0000] {logging_mixin.py:188} INFO - [2026-02-09T08:15:46.864+0000] {dagbag.py:545} INFO - Filling up the DagBag from /home/cloud/codings/airflow/dags/list_s3_files_in_logs.py
[2026-02-09T08:15:46.875+0000] {processor.py:840} INFO - DAG(s) 'list_s3_files_in_logs' retrieved from /home/cloud/codings/airflow/dags/list_s3_files_in_logs.py
[2026-02-09T08:15:46.903+0000] {logging_mixin.py:188} INFO - [2026-02-09T08:15:46.903+0000] {dag.py:3089} INFO - Sync 1 DAGs
[2026-02-09T08:15:46.920+0000] {logging_mixin.py:188} INFO - [2026-02-09T08:15:46.919+0000] {dag.py:3947} INFO - Setting next_dagrun for list_s3_files_in_logs to None, run_after=None
[2026-02-09T08:15:46.952+0000] {processor.py:183} INFO - Processing /home/cloud/codings/airflow/dags/list_s3_files_in_logs.py took 0.099 seconds
[2026-02-09T08:16:17.426+0000] {processor.py:161} INFO - Started process (PID=344199) to work on /home/cloud/codings/airflow/dags/list_s3_files_in_logs.py
[2026-02-09T08:16:17.427+0000] {processor.py:830} INFO - Processing file /home/cloud/codings/airflow/dags/list_s3_files_in_logs.py for tasks to queue
[2026-02-09T08:16:17.428+0000] {logging_mixin.py:188} INFO - [2026-02-09T08:16:17.427+0000] {dagbag.py:545} INFO - Filling up the DagBag from /home/cloud/codings/airflow/dags/list_s3_files_in_logs.py
[2026-02-09T08:16:17.440+0000] {processor.py:840} INFO - DAG(s) 'list_s3_files_in_logs' retrieved from /home/cloud/codings/airflow/dags/list_s3_files_in_logs.py
[2026-02-09T08:16:17.466+0000] {logging_mixin.py:188} INFO - [2026-02-09T08:16:17.466+0000] {dag.py:3089} INFO - Sync 1 DAGs
[2026-02-09T08:16:17.483+0000] {logging_mixin.py:188} INFO - [2026-02-09T08:16:17.482+0000] {dag.py:3947} INFO - Setting next_dagrun for list_s3_files_in_logs to None, run_after=None
[2026-02-09T08:16:17.519+0000] {processor.py:183} INFO - Processing /home/cloud/codings/airflow/dags/list_s3_files_in_logs.py took 0.100 seconds
[2026-02-09T08:16:48.004+0000] {processor.py:161} INFO - Started process (PID=344281) to work on /home/cloud/codings/airflow/dags/list_s3_files_in_logs.py
[2026-02-09T08:16:48.022+0000] {processor.py:830} INFO - Processing file /home/cloud/codings/airflow/dags/list_s3_files_in_logs.py for tasks to queue
[2026-02-09T08:16:48.023+0000] {logging_mixin.py:188} INFO - [2026-02-09T08:16:48.023+0000] {dagbag.py:545} INFO - Filling up the DagBag from /home/cloud/codings/airflow/dags/list_s3_files_in_logs.py
[2026-02-09T08:16:48.035+0000] {processor.py:840} INFO - DAG(s) 'list_s3_files_in_logs' retrieved from /home/cloud/codings/airflow/dags/list_s3_files_in_logs.py
[2026-02-09T08:16:48.058+0000] {logging_mixin.py:188} INFO - [2026-02-09T08:16:48.058+0000] {dag.py:3089} INFO - Sync 1 DAGs
[2026-02-09T08:16:48.074+0000] {logging_mixin.py:188} INFO - [2026-02-09T08:16:48.073+0000] {dag.py:3947} INFO - Setting next_dagrun for list_s3_files_in_logs to None, run_after=None
[2026-02-09T08:16:48.099+0000] {processor.py:183} INFO - Processing /home/cloud/codings/airflow/dags/list_s3_files_in_logs.py took 0.107 seconds
[2026-02-09T08:17:18.725+0000] {processor.py:161} INFO - Started process (PID=344368) to work on /home/cloud/codings/airflow/dags/list_s3_files_in_logs.py
[2026-02-09T08:17:18.727+0000] {processor.py:830} INFO - Processing file /home/cloud/codings/airflow/dags/list_s3_files_in_logs.py for tasks to queue
[2026-02-09T08:17:18.730+0000] {logging_mixin.py:188} INFO - [2026-02-09T08:17:18.729+0000] {dagbag.py:545} INFO - Filling up the DagBag from /home/cloud/codings/airflow/dags/list_s3_files_in_logs.py
[2026-02-09T08:17:18.760+0000] {processor.py:840} INFO - DAG(s) 'list_s3_files_in_logs' retrieved from /home/cloud/codings/airflow/dags/list_s3_files_in_logs.py
[2026-02-09T08:17:18.813+0000] {logging_mixin.py:188} INFO - [2026-02-09T08:17:18.813+0000] {dag.py:3089} INFO - Sync 1 DAGs
[2026-02-09T08:17:18.833+0000] {logging_mixin.py:188} INFO - [2026-02-09T08:17:18.832+0000] {dag.py:3947} INFO - Setting next_dagrun for list_s3_files_in_logs to None, run_after=None
[2026-02-09T08:17:18.879+0000] {processor.py:183} INFO - Processing /home/cloud/codings/airflow/dags/list_s3_files_in_logs.py took 0.172 seconds
[2026-02-09T08:17:49.282+0000] {processor.py:161} INFO - Started process (PID=344448) to work on /home/cloud/codings/airflow/dags/list_s3_files_in_logs.py
[2026-02-09T08:17:49.284+0000] {processor.py:830} INFO - Processing file /home/cloud/codings/airflow/dags/list_s3_files_in_logs.py for tasks to queue
[2026-02-09T08:17:49.285+0000] {logging_mixin.py:188} INFO - [2026-02-09T08:17:49.285+0000] {dagbag.py:545} INFO - Filling up the DagBag from /home/cloud/codings/airflow/dags/list_s3_files_in_logs.py
[2026-02-09T08:17:49.300+0000] {processor.py:840} INFO - DAG(s) 'list_s3_files_in_logs' retrieved from /home/cloud/codings/airflow/dags/list_s3_files_in_logs.py
[2026-02-09T08:17:49.330+0000] {logging_mixin.py:188} INFO - [2026-02-09T08:17:49.329+0000] {dag.py:3089} INFO - Sync 1 DAGs
[2026-02-09T08:17:49.354+0000] {logging_mixin.py:188} INFO - [2026-02-09T08:17:49.354+0000] {dag.py:3947} INFO - Setting next_dagrun for list_s3_files_in_logs to None, run_after=None
[2026-02-09T08:17:49.392+0000] {processor.py:183} INFO - Processing /home/cloud/codings/airflow/dags/list_s3_files_in_logs.py took 0.121 seconds
[2026-02-09T08:18:19.713+0000] {processor.py:161} INFO - Started process (PID=344534) to work on /home/cloud/codings/airflow/dags/list_s3_files_in_logs.py
[2026-02-09T08:18:19.714+0000] {processor.py:830} INFO - Processing file /home/cloud/codings/airflow/dags/list_s3_files_in_logs.py for tasks to queue
[2026-02-09T08:18:19.715+0000] {logging_mixin.py:188} INFO - [2026-02-09T08:18:19.715+0000] {dagbag.py:545} INFO - Filling up the DagBag from /home/cloud/codings/airflow/dags/list_s3_files_in_logs.py
[2026-02-09T08:18:19.728+0000] {processor.py:840} INFO - DAG(s) 'list_s3_files_in_logs' retrieved from /home/cloud/codings/airflow/dags/list_s3_files_in_logs.py
[2026-02-09T08:18:19.755+0000] {logging_mixin.py:188} INFO - [2026-02-09T08:18:19.755+0000] {dag.py:3089} INFO - Sync 1 DAGs
[2026-02-09T08:18:19.771+0000] {logging_mixin.py:188} INFO - [2026-02-09T08:18:19.770+0000] {dag.py:3947} INFO - Setting next_dagrun for list_s3_files_in_logs to None, run_after=None
[2026-02-09T08:18:19.798+0000] {processor.py:183} INFO - Processing /home/cloud/codings/airflow/dags/list_s3_files_in_logs.py took 0.091 seconds
[2026-02-09T08:18:50.203+0000] {processor.py:161} INFO - Started process (PID=344620) to work on /home/cloud/codings/airflow/dags/list_s3_files_in_logs.py
[2026-02-09T08:18:50.220+0000] {processor.py:830} INFO - Processing file /home/cloud/codings/airflow/dags/list_s3_files_in_logs.py for tasks to queue
[2026-02-09T08:18:50.221+0000] {logging_mixin.py:188} INFO - [2026-02-09T08:18:50.220+0000] {dagbag.py:545} INFO - Filling up the DagBag from /home/cloud/codings/airflow/dags/list_s3_files_in_logs.py
[2026-02-09T08:18:50.235+0000] {processor.py:840} INFO - DAG(s) 'list_s3_files_in_logs' retrieved from /home/cloud/codings/airflow/dags/list_s3_files_in_logs.py
[2026-02-09T08:18:50.262+0000] {logging_mixin.py:188} INFO - [2026-02-09T08:18:50.261+0000] {dag.py:3089} INFO - Sync 1 DAGs
[2026-02-09T08:18:50.278+0000] {logging_mixin.py:188} INFO - [2026-02-09T08:18:50.277+0000] {dag.py:3947} INFO - Setting next_dagrun for list_s3_files_in_logs to None, run_after=None
[2026-02-09T08:18:50.307+0000] {processor.py:183} INFO - Processing /home/cloud/codings/airflow/dags/list_s3_files_in_logs.py took 0.110 seconds
[2026-02-09T08:19:20.577+0000] {processor.py:161} INFO - Started process (PID=344700) to work on /home/cloud/codings/airflow/dags/list_s3_files_in_logs.py
[2026-02-09T08:19:20.581+0000] {processor.py:830} INFO - Processing file /home/cloud/codings/airflow/dags/list_s3_files_in_logs.py for tasks to queue
[2026-02-09T08:19:20.584+0000] {logging_mixin.py:188} INFO - [2026-02-09T08:19:20.583+0000] {dagbag.py:545} INFO - Filling up the DagBag from /home/cloud/codings/airflow/dags/list_s3_files_in_logs.py
[2026-02-09T08:19:20.628+0000] {processor.py:840} INFO - DAG(s) 'list_s3_files_in_logs' retrieved from /home/cloud/codings/airflow/dags/list_s3_files_in_logs.py
[2026-02-09T08:19:20.695+0000] {logging_mixin.py:188} INFO - [2026-02-09T08:19:20.695+0000] {dag.py:3089} INFO - Sync 1 DAGs
[2026-02-09T08:19:20.726+0000] {logging_mixin.py:188} INFO - [2026-02-09T08:19:20.726+0000] {dag.py:3947} INFO - Setting next_dagrun for list_s3_files_in_logs to None, run_after=None
[2026-02-09T08:19:20.789+0000] {processor.py:183} INFO - Processing /home/cloud/codings/airflow/dags/list_s3_files_in_logs.py took 0.233 seconds
[2026-02-09T08:19:51.259+0000] {processor.py:161} INFO - Started process (PID=344788) to work on /home/cloud/codings/airflow/dags/list_s3_files_in_logs.py
[2026-02-09T08:19:51.261+0000] {processor.py:830} INFO - Processing file /home/cloud/codings/airflow/dags/list_s3_files_in_logs.py for tasks to queue
[2026-02-09T08:19:51.262+0000] {logging_mixin.py:188} INFO - [2026-02-09T08:19:51.262+0000] {dagbag.py:545} INFO - Filling up the DagBag from /home/cloud/codings/airflow/dags/list_s3_files_in_logs.py
[2026-02-09T08:19:51.277+0000] {processor.py:840} INFO - DAG(s) 'list_s3_files_in_logs' retrieved from /home/cloud/codings/airflow/dags/list_s3_files_in_logs.py
[2026-02-09T08:19:51.306+0000] {logging_mixin.py:188} INFO - [2026-02-09T08:19:51.305+0000] {dag.py:3089} INFO - Sync 1 DAGs
[2026-02-09T08:19:51.322+0000] {logging_mixin.py:188} INFO - [2026-02-09T08:19:51.321+0000] {dag.py:3947} INFO - Setting next_dagrun for list_s3_files_in_logs to None, run_after=None
[2026-02-09T08:19:51.350+0000] {processor.py:183} INFO - Processing /home/cloud/codings/airflow/dags/list_s3_files_in_logs.py took 0.098 seconds
[2026-02-09T08:52:39.697+0000] {processor.py:161} INFO - Started process (PID=344839) to work on /home/cloud/codings/airflow/dags/list_s3_files_in_logs.py
[2026-02-09T08:52:39.716+0000] {processor.py:830} INFO - Processing file /home/cloud/codings/airflow/dags/list_s3_files_in_logs.py for tasks to queue
[2026-02-09T08:52:39.719+0000] {logging_mixin.py:188} INFO - [2026-02-09T08:52:39.717+0000] {dagbag.py:545} INFO - Filling up the DagBag from /home/cloud/codings/airflow/dags/list_s3_files_in_logs.py
[2026-02-09T08:52:39.773+0000] {processor.py:840} INFO - DAG(s) 'list_s3_files_in_logs' retrieved from /home/cloud/codings/airflow/dags/list_s3_files_in_logs.py
[2026-02-09T08:52:39.836+0000] {logging_mixin.py:188} INFO - [2026-02-09T08:52:39.835+0000] {dag.py:3089} INFO - Sync 1 DAGs
[2026-02-09T08:52:39.904+0000] {logging_mixin.py:188} INFO - [2026-02-09T08:52:39.904+0000] {dag.py:3947} INFO - Setting next_dagrun for list_s3_files_in_logs to None, run_after=None
[2026-02-09T08:52:40.041+0000] {processor.py:183} INFO - Processing /home/cloud/codings/airflow/dags/list_s3_files_in_logs.py took 0.365 seconds
[2026-02-09T08:53:11.249+0000] {processor.py:161} INFO - Started process (PID=344873) to work on /home/cloud/codings/airflow/dags/list_s3_files_in_logs.py
[2026-02-09T08:53:11.250+0000] {processor.py:830} INFO - Processing file /home/cloud/codings/airflow/dags/list_s3_files_in_logs.py for tasks to queue
[2026-02-09T08:53:11.252+0000] {logging_mixin.py:188} INFO - [2026-02-09T08:53:11.251+0000] {dagbag.py:545} INFO - Filling up the DagBag from /home/cloud/codings/airflow/dags/list_s3_files_in_logs.py
[2026-02-09T08:53:11.266+0000] {processor.py:840} INFO - DAG(s) 'list_s3_files_in_logs' retrieved from /home/cloud/codings/airflow/dags/list_s3_files_in_logs.py
[2026-02-09T08:53:11.293+0000] {logging_mixin.py:188} INFO - [2026-02-09T08:53:11.293+0000] {dag.py:3089} INFO - Sync 1 DAGs
[2026-02-09T08:53:11.309+0000] {logging_mixin.py:188} INFO - [2026-02-09T08:53:11.309+0000] {dag.py:3947} INFO - Setting next_dagrun for list_s3_files_in_logs to None, run_after=None
[2026-02-09T08:53:11.352+0000] {processor.py:183} INFO - Processing /home/cloud/codings/airflow/dags/list_s3_files_in_logs.py took 0.111 seconds
[2026-02-09T08:53:41.536+0000] {processor.py:161} INFO - Started process (PID=344896) to work on /home/cloud/codings/airflow/dags/list_s3_files_in_logs.py
[2026-02-09T08:53:41.566+0000] {processor.py:830} INFO - Processing file /home/cloud/codings/airflow/dags/list_s3_files_in_logs.py for tasks to queue
[2026-02-09T08:53:41.567+0000] {logging_mixin.py:188} INFO - [2026-02-09T08:53:41.567+0000] {dagbag.py:545} INFO - Filling up the DagBag from /home/cloud/codings/airflow/dags/list_s3_files_in_logs.py
[2026-02-09T08:53:41.581+0000] {processor.py:840} INFO - DAG(s) 'list_s3_files_in_logs' retrieved from /home/cloud/codings/airflow/dags/list_s3_files_in_logs.py
[2026-02-09T08:53:41.607+0000] {logging_mixin.py:188} INFO - [2026-02-09T08:53:41.606+0000] {dag.py:3089} INFO - Sync 1 DAGs
[2026-02-09T08:53:41.625+0000] {logging_mixin.py:188} INFO - [2026-02-09T08:53:41.624+0000] {dag.py:3947} INFO - Setting next_dagrun for list_s3_files_in_logs to None, run_after=None
[2026-02-09T08:53:41.654+0000] {processor.py:183} INFO - Processing /home/cloud/codings/airflow/dags/list_s3_files_in_logs.py took 0.125 seconds
[2026-02-09T08:54:11.890+0000] {processor.py:161} INFO - Started process (PID=344912) to work on /home/cloud/codings/airflow/dags/list_s3_files_in_logs.py
[2026-02-09T08:54:11.891+0000] {processor.py:830} INFO - Processing file /home/cloud/codings/airflow/dags/list_s3_files_in_logs.py for tasks to queue
[2026-02-09T08:54:11.893+0000] {logging_mixin.py:188} INFO - [2026-02-09T08:54:11.892+0000] {dagbag.py:545} INFO - Filling up the DagBag from /home/cloud/codings/airflow/dags/list_s3_files_in_logs.py
[2026-02-09T08:54:11.932+0000] {processor.py:840} INFO - DAG(s) 'list_s3_files_in_logs' retrieved from /home/cloud/codings/airflow/dags/list_s3_files_in_logs.py
[2026-02-09T08:54:11.998+0000] {logging_mixin.py:188} INFO - [2026-02-09T08:54:11.998+0000] {dag.py:3089} INFO - Sync 1 DAGs
[2026-02-09T08:54:12.028+0000] {logging_mixin.py:188} INFO - [2026-02-09T08:54:12.027+0000] {dag.py:3947} INFO - Setting next_dagrun for list_s3_files_in_logs to None, run_after=None
[2026-02-09T08:54:12.099+0000] {processor.py:183} INFO - Processing /home/cloud/codings/airflow/dags/list_s3_files_in_logs.py took 0.228 seconds
[2026-02-09T08:54:42.620+0000] {processor.py:161} INFO - Started process (PID=344932) to work on /home/cloud/codings/airflow/dags/list_s3_files_in_logs.py
[2026-02-09T08:54:42.650+0000] {processor.py:830} INFO - Processing file /home/cloud/codings/airflow/dags/list_s3_files_in_logs.py for tasks to queue
[2026-02-09T08:54:42.653+0000] {logging_mixin.py:188} INFO - [2026-02-09T08:54:42.651+0000] {dagbag.py:545} INFO - Filling up the DagBag from /home/cloud/codings/airflow/dags/list_s3_files_in_logs.py
[2026-02-09T08:54:42.683+0000] {processor.py:840} INFO - DAG(s) 'list_s3_files_in_logs' retrieved from /home/cloud/codings/airflow/dags/list_s3_files_in_logs.py
[2026-02-09T08:54:42.722+0000] {logging_mixin.py:188} INFO - [2026-02-09T08:54:42.721+0000] {dag.py:3089} INFO - Sync 1 DAGs
[2026-02-09T08:54:42.747+0000] {logging_mixin.py:188} INFO - [2026-02-09T08:54:42.746+0000] {dag.py:3947} INFO - Setting next_dagrun for list_s3_files_in_logs to None, run_after=None
[2026-02-09T08:54:42.803+0000] {processor.py:183} INFO - Processing /home/cloud/codings/airflow/dags/list_s3_files_in_logs.py took 0.197 seconds
[2026-02-09T08:55:13.812+0000] {processor.py:161} INFO - Started process (PID=345027) to work on /home/cloud/codings/airflow/dags/list_s3_files_in_logs.py
[2026-02-09T08:55:13.813+0000] {processor.py:830} INFO - Processing file /home/cloud/codings/airflow/dags/list_s3_files_in_logs.py for tasks to queue
[2026-02-09T08:55:13.814+0000] {logging_mixin.py:188} INFO - [2026-02-09T08:55:13.814+0000] {dagbag.py:545} INFO - Filling up the DagBag from /home/cloud/codings/airflow/dags/list_s3_files_in_logs.py
[2026-02-09T08:55:13.825+0000] {processor.py:840} INFO - DAG(s) 'list_s3_files_in_logs' retrieved from /home/cloud/codings/airflow/dags/list_s3_files_in_logs.py
[2026-02-09T08:55:13.845+0000] {logging_mixin.py:188} INFO - [2026-02-09T08:55:13.845+0000] {dag.py:3089} INFO - Sync 1 DAGs
[2026-02-09T08:55:13.858+0000] {logging_mixin.py:188} INFO - [2026-02-09T08:55:13.858+0000] {dag.py:3947} INFO - Setting next_dagrun for list_s3_files_in_logs to None, run_after=None
[2026-02-09T08:55:13.882+0000] {processor.py:183} INFO - Processing /home/cloud/codings/airflow/dags/list_s3_files_in_logs.py took 0.077 seconds
[2026-02-09T08:55:44.908+0000] {processor.py:161} INFO - Started process (PID=345068) to work on /home/cloud/codings/airflow/dags/list_s3_files_in_logs.py
[2026-02-09T08:55:44.910+0000] {processor.py:830} INFO - Processing file /home/cloud/codings/airflow/dags/list_s3_files_in_logs.py for tasks to queue
[2026-02-09T08:55:44.911+0000] {logging_mixin.py:188} INFO - [2026-02-09T08:55:44.911+0000] {dagbag.py:545} INFO - Filling up the DagBag from /home/cloud/codings/airflow/dags/list_s3_files_in_logs.py
[2026-02-09T08:55:44.927+0000] {processor.py:840} INFO - DAG(s) 'list_s3_files_in_logs' retrieved from /home/cloud/codings/airflow/dags/list_s3_files_in_logs.py
[2026-02-09T08:55:44.953+0000] {logging_mixin.py:188} INFO - [2026-02-09T08:55:44.953+0000] {dag.py:3089} INFO - Sync 1 DAGs
[2026-02-09T08:55:44.968+0000] {logging_mixin.py:188} INFO - [2026-02-09T08:55:44.968+0000] {dag.py:3947} INFO - Setting next_dagrun for list_s3_files_in_logs to None, run_after=None
[2026-02-09T08:55:45.001+0000] {processor.py:183} INFO - Processing /home/cloud/codings/airflow/dags/list_s3_files_in_logs.py took 0.100 seconds
[2026-02-09T08:56:15.477+0000] {processor.py:161} INFO - Started process (PID=345086) to work on /home/cloud/codings/airflow/dags/list_s3_files_in_logs.py
[2026-02-09T08:56:15.478+0000] {processor.py:830} INFO - Processing file /home/cloud/codings/airflow/dags/list_s3_files_in_logs.py for tasks to queue
[2026-02-09T08:56:15.479+0000] {logging_mixin.py:188} INFO - [2026-02-09T08:56:15.479+0000] {dagbag.py:545} INFO - Filling up the DagBag from /home/cloud/codings/airflow/dags/list_s3_files_in_logs.py
[2026-02-09T08:56:15.491+0000] {processor.py:840} INFO - DAG(s) 'list_s3_files_in_logs' retrieved from /home/cloud/codings/airflow/dags/list_s3_files_in_logs.py
[2026-02-09T08:56:15.512+0000] {logging_mixin.py:188} INFO - [2026-02-09T08:56:15.512+0000] {dag.py:3089} INFO - Sync 1 DAGs
[2026-02-09T08:56:15.526+0000] {logging_mixin.py:188} INFO - [2026-02-09T08:56:15.526+0000] {dag.py:3947} INFO - Setting next_dagrun for list_s3_files_in_logs to None, run_after=None
[2026-02-09T08:56:15.552+0000] {processor.py:183} INFO - Processing /home/cloud/codings/airflow/dags/list_s3_files_in_logs.py took 0.082 seconds
[2026-02-09T08:56:46.455+0000] {processor.py:161} INFO - Started process (PID=345100) to work on /home/cloud/codings/airflow/dags/list_s3_files_in_logs.py
[2026-02-09T08:56:46.472+0000] {processor.py:830} INFO - Processing file /home/cloud/codings/airflow/dags/list_s3_files_in_logs.py for tasks to queue
[2026-02-09T08:56:46.475+0000] {logging_mixin.py:188} INFO - [2026-02-09T08:56:46.474+0000] {dagbag.py:545} INFO - Filling up the DagBag from /home/cloud/codings/airflow/dags/list_s3_files_in_logs.py
[2026-02-09T08:56:46.486+0000] {processor.py:840} INFO - DAG(s) 'list_s3_files_in_logs' retrieved from /home/cloud/codings/airflow/dags/list_s3_files_in_logs.py
[2026-02-09T08:56:46.511+0000] {logging_mixin.py:188} INFO - [2026-02-09T08:56:46.511+0000] {dag.py:3089} INFO - Sync 1 DAGs
[2026-02-09T08:56:46.527+0000] {logging_mixin.py:188} INFO - [2026-02-09T08:56:46.527+0000] {dag.py:3947} INFO - Setting next_dagrun for list_s3_files_in_logs to None, run_after=None
[2026-02-09T08:56:46.555+0000] {processor.py:183} INFO - Processing /home/cloud/codings/airflow/dags/list_s3_files_in_logs.py took 0.107 seconds
[2026-02-09T08:57:16.976+0000] {processor.py:161} INFO - Started process (PID=345118) to work on /home/cloud/codings/airflow/dags/list_s3_files_in_logs.py
[2026-02-09T08:57:16.993+0000] {processor.py:830} INFO - Processing file /home/cloud/codings/airflow/dags/list_s3_files_in_logs.py for tasks to queue
[2026-02-09T08:57:16.995+0000] {logging_mixin.py:188} INFO - [2026-02-09T08:57:16.994+0000] {dagbag.py:545} INFO - Filling up the DagBag from /home/cloud/codings/airflow/dags/list_s3_files_in_logs.py
[2026-02-09T08:57:17.012+0000] {processor.py:840} INFO - DAG(s) 'list_s3_files_in_logs' retrieved from /home/cloud/codings/airflow/dags/list_s3_files_in_logs.py
[2026-02-09T08:57:17.045+0000] {logging_mixin.py:188} INFO - [2026-02-09T08:57:17.045+0000] {dag.py:3089} INFO - Sync 1 DAGs
[2026-02-09T08:57:17.064+0000] {logging_mixin.py:188} INFO - [2026-02-09T08:57:17.064+0000] {dag.py:3947} INFO - Setting next_dagrun for list_s3_files_in_logs to None, run_after=None
[2026-02-09T08:57:17.100+0000] {processor.py:183} INFO - Processing /home/cloud/codings/airflow/dags/list_s3_files_in_logs.py took 0.133 seconds
[2026-02-09T08:57:47.751+0000] {processor.py:161} INFO - Started process (PID=345141) to work on /home/cloud/codings/airflow/dags/list_s3_files_in_logs.py
[2026-02-09T08:57:47.779+0000] {processor.py:830} INFO - Processing file /home/cloud/codings/airflow/dags/list_s3_files_in_logs.py for tasks to queue
[2026-02-09T08:57:47.780+0000] {logging_mixin.py:188} INFO - [2026-02-09T08:57:47.780+0000] {dagbag.py:545} INFO - Filling up the DagBag from /home/cloud/codings/airflow/dags/list_s3_files_in_logs.py
[2026-02-09T08:57:47.794+0000] {processor.py:840} INFO - DAG(s) 'list_s3_files_in_logs' retrieved from /home/cloud/codings/airflow/dags/list_s3_files_in_logs.py
[2026-02-09T08:57:47.822+0000] {logging_mixin.py:188} INFO - [2026-02-09T08:57:47.822+0000] {dag.py:3089} INFO - Sync 1 DAGs
[2026-02-09T08:57:47.839+0000] {logging_mixin.py:188} INFO - [2026-02-09T08:57:47.839+0000] {dag.py:3947} INFO - Setting next_dagrun for list_s3_files_in_logs to None, run_after=None
[2026-02-09T08:57:47.870+0000] {processor.py:183} INFO - Processing /home/cloud/codings/airflow/dags/list_s3_files_in_logs.py took 0.130 seconds
[2026-02-09T08:58:18.072+0000] {processor.py:161} INFO - Started process (PID=345153) to work on /home/cloud/codings/airflow/dags/list_s3_files_in_logs.py
[2026-02-09T08:58:18.099+0000] {processor.py:830} INFO - Processing file /home/cloud/codings/airflow/dags/list_s3_files_in_logs.py for tasks to queue
[2026-02-09T08:58:18.102+0000] {logging_mixin.py:188} INFO - [2026-02-09T08:58:18.101+0000] {dagbag.py:545} INFO - Filling up the DagBag from /home/cloud/codings/airflow/dags/list_s3_files_in_logs.py
[2026-02-09T08:58:18.122+0000] {processor.py:840} INFO - DAG(s) 'list_s3_files_in_logs' retrieved from /home/cloud/codings/airflow/dags/list_s3_files_in_logs.py
[2026-02-09T08:58:18.159+0000] {logging_mixin.py:188} INFO - [2026-02-09T08:58:18.159+0000] {dag.py:3089} INFO - Sync 1 DAGs
[2026-02-09T08:58:18.180+0000] {logging_mixin.py:188} INFO - [2026-02-09T08:58:18.180+0000] {dag.py:3947} INFO - Setting next_dagrun for list_s3_files_in_logs to None, run_after=None
[2026-02-09T08:58:18.218+0000] {processor.py:183} INFO - Processing /home/cloud/codings/airflow/dags/list_s3_files_in_logs.py took 0.161 seconds
[2026-02-09T08:58:48.430+0000] {processor.py:161} INFO - Started process (PID=345175) to work on /home/cloud/codings/airflow/dags/list_s3_files_in_logs.py
[2026-02-09T08:58:48.431+0000] {processor.py:830} INFO - Processing file /home/cloud/codings/airflow/dags/list_s3_files_in_logs.py for tasks to queue
[2026-02-09T08:58:48.433+0000] {logging_mixin.py:188} INFO - [2026-02-09T08:58:48.432+0000] {dagbag.py:545} INFO - Filling up the DagBag from /home/cloud/codings/airflow/dags/list_s3_files_in_logs.py
[2026-02-09T08:58:48.449+0000] {processor.py:840} INFO - DAG(s) 'list_s3_files_in_logs' retrieved from /home/cloud/codings/airflow/dags/list_s3_files_in_logs.py
[2026-02-09T08:58:48.471+0000] {logging_mixin.py:188} INFO - [2026-02-09T08:58:48.470+0000] {dag.py:3089} INFO - Sync 1 DAGs
[2026-02-09T08:58:48.485+0000] {logging_mixin.py:188} INFO - [2026-02-09T08:58:48.485+0000] {dag.py:3947} INFO - Setting next_dagrun for list_s3_files_in_logs to None, run_after=None
[2026-02-09T08:58:48.516+0000] {processor.py:183} INFO - Processing /home/cloud/codings/airflow/dags/list_s3_files_in_logs.py took 0.097 seconds
[2026-02-09T08:59:18.796+0000] {processor.py:161} INFO - Started process (PID=345189) to work on /home/cloud/codings/airflow/dags/list_s3_files_in_logs.py
[2026-02-09T08:59:18.814+0000] {processor.py:830} INFO - Processing file /home/cloud/codings/airflow/dags/list_s3_files_in_logs.py for tasks to queue
[2026-02-09T08:59:18.816+0000] {logging_mixin.py:188} INFO - [2026-02-09T08:59:18.815+0000] {dagbag.py:545} INFO - Filling up the DagBag from /home/cloud/codings/airflow/dags/list_s3_files_in_logs.py
[2026-02-09T08:59:18.836+0000] {processor.py:840} INFO - DAG(s) 'list_s3_files_in_logs' retrieved from /home/cloud/codings/airflow/dags/list_s3_files_in_logs.py
[2026-02-09T08:59:18.873+0000] {logging_mixin.py:188} INFO - [2026-02-09T08:59:18.872+0000] {dag.py:3089} INFO - Sync 1 DAGs
[2026-02-09T08:59:18.897+0000] {logging_mixin.py:188} INFO - [2026-02-09T08:59:18.896+0000] {dag.py:3947} INFO - Setting next_dagrun for list_s3_files_in_logs to None, run_after=None
[2026-02-09T08:59:18.940+0000] {processor.py:183} INFO - Processing /home/cloud/codings/airflow/dags/list_s3_files_in_logs.py took 0.156 seconds
[2026-02-09T08:59:49.135+0000] {processor.py:161} INFO - Started process (PID=345209) to work on /home/cloud/codings/airflow/dags/list_s3_files_in_logs.py
[2026-02-09T08:59:49.136+0000] {processor.py:830} INFO - Processing file /home/cloud/codings/airflow/dags/list_s3_files_in_logs.py for tasks to queue
[2026-02-09T08:59:49.137+0000] {logging_mixin.py:188} INFO - [2026-02-09T08:59:49.137+0000] {dagbag.py:545} INFO - Filling up the DagBag from /home/cloud/codings/airflow/dags/list_s3_files_in_logs.py
[2026-02-09T08:59:49.147+0000] {processor.py:840} INFO - DAG(s) 'list_s3_files_in_logs' retrieved from /home/cloud/codings/airflow/dags/list_s3_files_in_logs.py
[2026-02-09T08:59:49.167+0000] {logging_mixin.py:188} INFO - [2026-02-09T08:59:49.167+0000] {dag.py:3089} INFO - Sync 1 DAGs
[2026-02-09T08:59:49.179+0000] {logging_mixin.py:188} INFO - [2026-02-09T08:59:49.179+0000] {dag.py:3947} INFO - Setting next_dagrun for list_s3_files_in_logs to None, run_after=None
[2026-02-09T08:59:49.202+0000] {processor.py:183} INFO - Processing /home/cloud/codings/airflow/dags/list_s3_files_in_logs.py took 0.074 seconds
[2026-02-09T09:00:19.515+0000] {processor.py:161} INFO - Started process (PID=345223) to work on /home/cloud/codings/airflow/dags/list_s3_files_in_logs.py
[2026-02-09T09:00:19.533+0000] {processor.py:830} INFO - Processing file /home/cloud/codings/airflow/dags/list_s3_files_in_logs.py for tasks to queue
[2026-02-09T09:00:19.535+0000] {logging_mixin.py:188} INFO - [2026-02-09T09:00:19.534+0000] {dagbag.py:545} INFO - Filling up the DagBag from /home/cloud/codings/airflow/dags/list_s3_files_in_logs.py
[2026-02-09T09:00:19.556+0000] {processor.py:840} INFO - DAG(s) 'list_s3_files_in_logs' retrieved from /home/cloud/codings/airflow/dags/list_s3_files_in_logs.py
[2026-02-09T09:00:19.584+0000] {logging_mixin.py:188} INFO - [2026-02-09T09:00:19.584+0000] {dag.py:3089} INFO - Sync 1 DAGs
[2026-02-09T09:00:19.601+0000] {logging_mixin.py:188} INFO - [2026-02-09T09:00:19.601+0000] {dag.py:3947} INFO - Setting next_dagrun for list_s3_files_in_logs to None, run_after=None
[2026-02-09T09:00:19.627+0000] {processor.py:183} INFO - Processing /home/cloud/codings/airflow/dags/list_s3_files_in_logs.py took 0.125 seconds
[2026-02-09T09:00:49.824+0000] {processor.py:161} INFO - Started process (PID=345243) to work on /home/cloud/codings/airflow/dags/list_s3_files_in_logs.py
[2026-02-09T09:00:49.825+0000] {processor.py:830} INFO - Processing file /home/cloud/codings/airflow/dags/list_s3_files_in_logs.py for tasks to queue
[2026-02-09T09:00:49.826+0000] {logging_mixin.py:188} INFO - [2026-02-09T09:00:49.825+0000] {dagbag.py:545} INFO - Filling up the DagBag from /home/cloud/codings/airflow/dags/list_s3_files_in_logs.py
[2026-02-09T09:00:49.843+0000] {processor.py:840} INFO - DAG(s) 'list_s3_files_in_logs' retrieved from /home/cloud/codings/airflow/dags/list_s3_files_in_logs.py
[2026-02-09T09:00:49.867+0000] {logging_mixin.py:188} INFO - [2026-02-09T09:00:49.867+0000] {dag.py:3089} INFO - Sync 1 DAGs
[2026-02-09T09:00:49.883+0000] {logging_mixin.py:188} INFO - [2026-02-09T09:00:49.882+0000] {dag.py:3947} INFO - Setting next_dagrun for list_s3_files_in_logs to None, run_after=None
[2026-02-09T09:00:49.917+0000] {processor.py:183} INFO - Processing /home/cloud/codings/airflow/dags/list_s3_files_in_logs.py took 0.101 seconds
[2026-02-09T09:01:20.240+0000] {processor.py:161} INFO - Started process (PID=345263) to work on /home/cloud/codings/airflow/dags/list_s3_files_in_logs.py
[2026-02-09T09:01:20.258+0000] {processor.py:830} INFO - Processing file /home/cloud/codings/airflow/dags/list_s3_files_in_logs.py for tasks to queue
[2026-02-09T09:01:20.259+0000] {logging_mixin.py:188} INFO - [2026-02-09T09:01:20.259+0000] {dagbag.py:545} INFO - Filling up the DagBag from /home/cloud/codings/airflow/dags/list_s3_files_in_logs.py
[2026-02-09T09:01:20.270+0000] {processor.py:840} INFO - DAG(s) 'list_s3_files_in_logs' retrieved from /home/cloud/codings/airflow/dags/list_s3_files_in_logs.py
[2026-02-09T09:01:20.291+0000] {logging_mixin.py:188} INFO - [2026-02-09T09:01:20.290+0000] {dag.py:3089} INFO - Sync 1 DAGs
[2026-02-09T09:01:20.304+0000] {logging_mixin.py:188} INFO - [2026-02-09T09:01:20.304+0000] {dag.py:3947} INFO - Setting next_dagrun for list_s3_files_in_logs to None, run_after=None
[2026-02-09T09:01:20.331+0000] {processor.py:183} INFO - Processing /home/cloud/codings/airflow/dags/list_s3_files_in_logs.py took 0.097 seconds
[2026-02-09T09:01:50.643+0000] {processor.py:161} INFO - Started process (PID=345277) to work on /home/cloud/codings/airflow/dags/list_s3_files_in_logs.py
[2026-02-09T09:01:50.644+0000] {processor.py:830} INFO - Processing file /home/cloud/codings/airflow/dags/list_s3_files_in_logs.py for tasks to queue
[2026-02-09T09:01:50.645+0000] {logging_mixin.py:188} INFO - [2026-02-09T09:01:50.645+0000] {dagbag.py:545} INFO - Filling up the DagBag from /home/cloud/codings/airflow/dags/list_s3_files_in_logs.py
[2026-02-09T09:01:50.656+0000] {processor.py:840} INFO - DAG(s) 'list_s3_files_in_logs' retrieved from /home/cloud/codings/airflow/dags/list_s3_files_in_logs.py
[2026-02-09T09:01:50.675+0000] {logging_mixin.py:188} INFO - [2026-02-09T09:01:50.675+0000] {dag.py:3089} INFO - Sync 1 DAGs
[2026-02-09T09:01:50.687+0000] {logging_mixin.py:188} INFO - [2026-02-09T09:01:50.687+0000] {dag.py:3947} INFO - Setting next_dagrun for list_s3_files_in_logs to None, run_after=None
[2026-02-09T09:01:50.712+0000] {processor.py:183} INFO - Processing /home/cloud/codings/airflow/dags/list_s3_files_in_logs.py took 0.077 seconds
[2026-02-09T09:02:21.090+0000] {processor.py:161} INFO - Started process (PID=345297) to work on /home/cloud/codings/airflow/dags/list_s3_files_in_logs.py
[2026-02-09T09:02:21.106+0000] {processor.py:830} INFO - Processing file /home/cloud/codings/airflow/dags/list_s3_files_in_logs.py for tasks to queue
[2026-02-09T09:02:21.107+0000] {logging_mixin.py:188} INFO - [2026-02-09T09:02:21.107+0000] {dagbag.py:545} INFO - Filling up the DagBag from /home/cloud/codings/airflow/dags/list_s3_files_in_logs.py
[2026-02-09T09:02:21.135+0000] {processor.py:840} INFO - DAG(s) 'list_s3_files_in_logs' retrieved from /home/cloud/codings/airflow/dags/list_s3_files_in_logs.py
[2026-02-09T09:02:21.175+0000] {logging_mixin.py:188} INFO - [2026-02-09T09:02:21.175+0000] {dag.py:3089} INFO - Sync 1 DAGs
[2026-02-09T09:02:21.190+0000] {logging_mixin.py:188} INFO - [2026-02-09T09:02:21.190+0000] {dag.py:3947} INFO - Setting next_dagrun for list_s3_files_in_logs to None, run_after=None
[2026-02-09T09:02:21.218+0000] {processor.py:183} INFO - Processing /home/cloud/codings/airflow/dags/list_s3_files_in_logs.py took 0.135 seconds
[2026-02-09T09:02:51.345+0000] {processor.py:161} INFO - Started process (PID=345314) to work on /home/cloud/codings/airflow/dags/list_s3_files_in_logs.py
[2026-02-09T09:02:51.346+0000] {processor.py:830} INFO - Processing file /home/cloud/codings/airflow/dags/list_s3_files_in_logs.py for tasks to queue
[2026-02-09T09:02:51.347+0000] {logging_mixin.py:188} INFO - [2026-02-09T09:02:51.346+0000] {dagbag.py:545} INFO - Filling up the DagBag from /home/cloud/codings/airflow/dags/list_s3_files_in_logs.py
[2026-02-09T09:02:51.358+0000] {processor.py:840} INFO - DAG(s) 'list_s3_files_in_logs' retrieved from /home/cloud/codings/airflow/dags/list_s3_files_in_logs.py
[2026-02-09T09:02:51.378+0000] {logging_mixin.py:188} INFO - [2026-02-09T09:02:51.378+0000] {dag.py:3089} INFO - Sync 1 DAGs
[2026-02-09T09:02:51.393+0000] {logging_mixin.py:188} INFO - [2026-02-09T09:02:51.392+0000] {dag.py:3947} INFO - Setting next_dagrun for list_s3_files_in_logs to None, run_after=None
[2026-02-09T09:02:51.423+0000] {processor.py:183} INFO - Processing /home/cloud/codings/airflow/dags/list_s3_files_in_logs.py took 0.084 seconds
[2026-02-09T09:03:21.576+0000] {processor.py:161} INFO - Started process (PID=345332) to work on /home/cloud/codings/airflow/dags/list_s3_files_in_logs.py
[2026-02-09T09:03:21.600+0000] {processor.py:830} INFO - Processing file /home/cloud/codings/airflow/dags/list_s3_files_in_logs.py for tasks to queue
[2026-02-09T09:03:21.601+0000] {logging_mixin.py:188} INFO - [2026-02-09T09:03:21.601+0000] {dagbag.py:545} INFO - Filling up the DagBag from /home/cloud/codings/airflow/dags/list_s3_files_in_logs.py
[2026-02-09T09:03:21.613+0000] {processor.py:840} INFO - DAG(s) 'list_s3_files_in_logs' retrieved from /home/cloud/codings/airflow/dags/list_s3_files_in_logs.py
[2026-02-09T09:03:21.634+0000] {logging_mixin.py:188} INFO - [2026-02-09T09:03:21.634+0000] {dag.py:3089} INFO - Sync 1 DAGs
[2026-02-09T09:03:21.649+0000] {logging_mixin.py:188} INFO - [2026-02-09T09:03:21.648+0000] {dag.py:3947} INFO - Setting next_dagrun for list_s3_files_in_logs to None, run_after=None
[2026-02-09T09:03:21.675+0000] {processor.py:183} INFO - Processing /home/cloud/codings/airflow/dags/list_s3_files_in_logs.py took 0.106 seconds
[2026-02-09T09:03:52.499+0000] {processor.py:161} INFO - Started process (PID=345347) to work on /home/cloud/codings/airflow/dags/list_s3_files_in_logs.py
[2026-02-09T09:03:52.502+0000] {processor.py:830} INFO - Processing file /home/cloud/codings/airflow/dags/list_s3_files_in_logs.py for tasks to queue
[2026-02-09T09:03:52.503+0000] {logging_mixin.py:188} INFO - [2026-02-09T09:03:52.502+0000] {dagbag.py:545} INFO - Filling up the DagBag from /home/cloud/codings/airflow/dags/list_s3_files_in_logs.py
[2026-02-09T09:03:52.521+0000] {processor.py:840} INFO - DAG(s) 'list_s3_files_in_logs' retrieved from /home/cloud/codings/airflow/dags/list_s3_files_in_logs.py
[2026-02-09T09:03:52.549+0000] {logging_mixin.py:188} INFO - [2026-02-09T09:03:52.549+0000] {dag.py:3089} INFO - Sync 1 DAGs
[2026-02-09T09:03:52.566+0000] {logging_mixin.py:188} INFO - [2026-02-09T09:03:52.566+0000] {dag.py:3947} INFO - Setting next_dagrun for list_s3_files_in_logs to None, run_after=None
[2026-02-09T09:03:52.603+0000] {processor.py:183} INFO - Processing /home/cloud/codings/airflow/dags/list_s3_files_in_logs.py took 0.112 seconds
[2026-02-09T09:04:23.539+0000] {processor.py:161} INFO - Started process (PID=345365) to work on /home/cloud/codings/airflow/dags/list_s3_files_in_logs.py
[2026-02-09T09:04:23.567+0000] {processor.py:830} INFO - Processing file /home/cloud/codings/airflow/dags/list_s3_files_in_logs.py for tasks to queue
[2026-02-09T09:04:23.568+0000] {logging_mixin.py:188} INFO - [2026-02-09T09:04:23.568+0000] {dagbag.py:545} INFO - Filling up the DagBag from /home/cloud/codings/airflow/dags/list_s3_files_in_logs.py
[2026-02-09T09:04:23.581+0000] {processor.py:840} INFO - DAG(s) 'list_s3_files_in_logs' retrieved from /home/cloud/codings/airflow/dags/list_s3_files_in_logs.py
[2026-02-09T09:04:23.601+0000] {logging_mixin.py:188} INFO - [2026-02-09T09:04:23.600+0000] {dag.py:3089} INFO - Sync 1 DAGs
[2026-02-09T09:04:23.613+0000] {logging_mixin.py:188} INFO - [2026-02-09T09:04:23.613+0000] {dag.py:3947} INFO - Setting next_dagrun for list_s3_files_in_logs to None, run_after=None
[2026-02-09T09:04:23.639+0000] {processor.py:183} INFO - Processing /home/cloud/codings/airflow/dags/list_s3_files_in_logs.py took 0.107 seconds
[2026-02-09T09:04:54.754+0000] {processor.py:161} INFO - Started process (PID=345387) to work on /home/cloud/codings/airflow/dags/list_s3_files_in_logs.py
[2026-02-09T09:04:54.781+0000] {processor.py:830} INFO - Processing file /home/cloud/codings/airflow/dags/list_s3_files_in_logs.py for tasks to queue
[2026-02-09T09:04:54.783+0000] {logging_mixin.py:188} INFO - [2026-02-09T09:04:54.782+0000] {dagbag.py:545} INFO - Filling up the DagBag from /home/cloud/codings/airflow/dags/list_s3_files_in_logs.py
[2026-02-09T09:04:54.796+0000] {processor.py:840} INFO - DAG(s) 'list_s3_files_in_logs' retrieved from /home/cloud/codings/airflow/dags/list_s3_files_in_logs.py
[2026-02-09T09:04:54.822+0000] {logging_mixin.py:188} INFO - [2026-02-09T09:04:54.821+0000] {dag.py:3089} INFO - Sync 1 DAGs
[2026-02-09T09:04:54.838+0000] {logging_mixin.py:188} INFO - [2026-02-09T09:04:54.838+0000] {dag.py:3947} INFO - Setting next_dagrun for list_s3_files_in_logs to None, run_after=None
[2026-02-09T09:04:54.871+0000] {processor.py:183} INFO - Processing /home/cloud/codings/airflow/dags/list_s3_files_in_logs.py took 0.126 seconds
[2026-02-09T09:05:25.103+0000] {processor.py:161} INFO - Started process (PID=345401) to work on /home/cloud/codings/airflow/dags/list_s3_files_in_logs.py
[2026-02-09T09:05:25.104+0000] {processor.py:830} INFO - Processing file /home/cloud/codings/airflow/dags/list_s3_files_in_logs.py for tasks to queue
[2026-02-09T09:05:25.105+0000] {logging_mixin.py:188} INFO - [2026-02-09T09:05:25.105+0000] {dagbag.py:545} INFO - Filling up the DagBag from /home/cloud/codings/airflow/dags/list_s3_files_in_logs.py
[2026-02-09T09:05:25.118+0000] {processor.py:840} INFO - DAG(s) 'list_s3_files_in_logs' retrieved from /home/cloud/codings/airflow/dags/list_s3_files_in_logs.py
[2026-02-09T09:05:25.144+0000] {logging_mixin.py:188} INFO - [2026-02-09T09:05:25.144+0000] {dag.py:3089} INFO - Sync 1 DAGs
[2026-02-09T09:05:25.161+0000] {logging_mixin.py:188} INFO - [2026-02-09T09:05:25.161+0000] {dag.py:3947} INFO - Setting next_dagrun for list_s3_files_in_logs to None, run_after=None
[2026-02-09T09:05:25.187+0000] {processor.py:183} INFO - Processing /home/cloud/codings/airflow/dags/list_s3_files_in_logs.py took 0.091 seconds
[2026-02-09T09:05:55.802+0000] {processor.py:161} INFO - Started process (PID=345421) to work on /home/cloud/codings/airflow/dags/list_s3_files_in_logs.py
[2026-02-09T09:05:55.824+0000] {processor.py:830} INFO - Processing file /home/cloud/codings/airflow/dags/list_s3_files_in_logs.py for tasks to queue
[2026-02-09T09:05:55.826+0000] {logging_mixin.py:188} INFO - [2026-02-09T09:05:55.825+0000] {dagbag.py:545} INFO - Filling up the DagBag from /home/cloud/codings/airflow/dags/list_s3_files_in_logs.py
[2026-02-09T09:05:55.842+0000] {processor.py:840} INFO - DAG(s) 'list_s3_files_in_logs' retrieved from /home/cloud/codings/airflow/dags/list_s3_files_in_logs.py
[2026-02-09T09:05:55.865+0000] {logging_mixin.py:188} INFO - [2026-02-09T09:05:55.865+0000] {dag.py:3089} INFO - Sync 1 DAGs
[2026-02-09T09:05:55.880+0000] {logging_mixin.py:188} INFO - [2026-02-09T09:05:55.880+0000] {dag.py:3947} INFO - Setting next_dagrun for list_s3_files_in_logs to None, run_after=None
[2026-02-09T09:05:55.910+0000] {processor.py:183} INFO - Processing /home/cloud/codings/airflow/dags/list_s3_files_in_logs.py took 0.118 seconds
[2026-02-09T09:06:26.878+0000] {processor.py:161} INFO - Started process (PID=345435) to work on /home/cloud/codings/airflow/dags/list_s3_files_in_logs.py
[2026-02-09T09:06:26.899+0000] {processor.py:830} INFO - Processing file /home/cloud/codings/airflow/dags/list_s3_files_in_logs.py for tasks to queue
[2026-02-09T09:06:26.900+0000] {logging_mixin.py:188} INFO - [2026-02-09T09:06:26.900+0000] {dagbag.py:545} INFO - Filling up the DagBag from /home/cloud/codings/airflow/dags/list_s3_files_in_logs.py
[2026-02-09T09:06:26.912+0000] {processor.py:840} INFO - DAG(s) 'list_s3_files_in_logs' retrieved from /home/cloud/codings/airflow/dags/list_s3_files_in_logs.py
[2026-02-09T09:06:26.935+0000] {logging_mixin.py:188} INFO - [2026-02-09T09:06:26.934+0000] {dag.py:3089} INFO - Sync 1 DAGs
[2026-02-09T09:06:26.949+0000] {logging_mixin.py:188} INFO - [2026-02-09T09:06:26.949+0000] {dag.py:3947} INFO - Setting next_dagrun for list_s3_files_in_logs to None, run_after=None
[2026-02-09T09:06:26.976+0000] {processor.py:183} INFO - Processing /home/cloud/codings/airflow/dags/list_s3_files_in_logs.py took 0.104 seconds
[2026-02-09T09:06:57.938+0000] {processor.py:161} INFO - Started process (PID=345455) to work on /home/cloud/codings/airflow/dags/list_s3_files_in_logs.py
[2026-02-09T09:06:57.939+0000] {processor.py:830} INFO - Processing file /home/cloud/codings/airflow/dags/list_s3_files_in_logs.py for tasks to queue
[2026-02-09T09:06:57.940+0000] {logging_mixin.py:188} INFO - [2026-02-09T09:06:57.939+0000] {dagbag.py:545} INFO - Filling up the DagBag from /home/cloud/codings/airflow/dags/list_s3_files_in_logs.py
[2026-02-09T09:06:57.951+0000] {processor.py:840} INFO - DAG(s) 'list_s3_files_in_logs' retrieved from /home/cloud/codings/airflow/dags/list_s3_files_in_logs.py
[2026-02-09T09:06:57.972+0000] {logging_mixin.py:188} INFO - [2026-02-09T09:06:57.972+0000] {dag.py:3089} INFO - Sync 1 DAGs
[2026-02-09T09:06:57.986+0000] {logging_mixin.py:188} INFO - [2026-02-09T09:06:57.986+0000] {dag.py:3947} INFO - Setting next_dagrun for list_s3_files_in_logs to None, run_after=None
[2026-02-09T09:06:58.044+0000] {processor.py:183} INFO - Processing /home/cloud/codings/airflow/dags/list_s3_files_in_logs.py took 0.114 seconds
[2026-02-09T09:07:29.030+0000] {processor.py:161} INFO - Started process (PID=345475) to work on /home/cloud/codings/airflow/dags/list_s3_files_in_logs.py
[2026-02-09T09:07:29.047+0000] {processor.py:830} INFO - Processing file /home/cloud/codings/airflow/dags/list_s3_files_in_logs.py for tasks to queue
[2026-02-09T09:07:29.048+0000] {logging_mixin.py:188} INFO - [2026-02-09T09:07:29.048+0000] {dagbag.py:545} INFO - Filling up the DagBag from /home/cloud/codings/airflow/dags/list_s3_files_in_logs.py
[2026-02-09T09:07:29.064+0000] {processor.py:840} INFO - DAG(s) 'list_s3_files_in_logs' retrieved from /home/cloud/codings/airflow/dags/list_s3_files_in_logs.py
[2026-02-09T09:07:29.090+0000] {logging_mixin.py:188} INFO - [2026-02-09T09:07:29.090+0000] {dag.py:3089} INFO - Sync 1 DAGs
[2026-02-09T09:07:29.109+0000] {logging_mixin.py:188} INFO - [2026-02-09T09:07:29.108+0000] {dag.py:3947} INFO - Setting next_dagrun for list_s3_files_in_logs to None, run_after=None
[2026-02-09T09:07:29.136+0000] {processor.py:183} INFO - Processing /home/cloud/codings/airflow/dags/list_s3_files_in_logs.py took 0.116 seconds
[2026-02-09T09:08:00.156+0000] {processor.py:161} INFO - Started process (PID=345489) to work on /home/cloud/codings/airflow/dags/list_s3_files_in_logs.py
[2026-02-09T09:08:00.157+0000] {processor.py:830} INFO - Processing file /home/cloud/codings/airflow/dags/list_s3_files_in_logs.py for tasks to queue
[2026-02-09T09:08:00.159+0000] {logging_mixin.py:188} INFO - [2026-02-09T09:08:00.158+0000] {dagbag.py:545} INFO - Filling up the DagBag from /home/cloud/codings/airflow/dags/list_s3_files_in_logs.py
[2026-02-09T09:08:00.178+0000] {processor.py:840} INFO - DAG(s) 'list_s3_files_in_logs' retrieved from /home/cloud/codings/airflow/dags/list_s3_files_in_logs.py
[2026-02-09T09:08:00.212+0000] {logging_mixin.py:188} INFO - [2026-02-09T09:08:00.211+0000] {dag.py:3089} INFO - Sync 1 DAGs
[2026-02-09T09:08:00.235+0000] {logging_mixin.py:188} INFO - [2026-02-09T09:08:00.235+0000] {dag.py:3947} INFO - Setting next_dagrun for list_s3_files_in_logs to None, run_after=None
[2026-02-09T09:08:00.266+0000] {processor.py:183} INFO - Processing /home/cloud/codings/airflow/dags/list_s3_files_in_logs.py took 0.123 seconds
[2026-02-09T09:08:31.172+0000] {processor.py:161} INFO - Started process (PID=345510) to work on /home/cloud/codings/airflow/dags/list_s3_files_in_logs.py
[2026-02-09T09:08:31.173+0000] {processor.py:830} INFO - Processing file /home/cloud/codings/airflow/dags/list_s3_files_in_logs.py for tasks to queue
[2026-02-09T09:08:31.174+0000] {logging_mixin.py:188} INFO - [2026-02-09T09:08:31.174+0000] {dagbag.py:545} INFO - Filling up the DagBag from /home/cloud/codings/airflow/dags/list_s3_files_in_logs.py
[2026-02-09T09:08:31.185+0000] {processor.py:840} INFO - DAG(s) 'list_s3_files_in_logs' retrieved from /home/cloud/codings/airflow/dags/list_s3_files_in_logs.py
[2026-02-09T09:08:31.205+0000] {logging_mixin.py:188} INFO - [2026-02-09T09:08:31.205+0000] {dag.py:3089} INFO - Sync 1 DAGs
[2026-02-09T09:08:31.220+0000] {logging_mixin.py:188} INFO - [2026-02-09T09:08:31.220+0000] {dag.py:3947} INFO - Setting next_dagrun for list_s3_files_in_logs to None, run_after=None
[2026-02-09T09:08:31.248+0000] {processor.py:183} INFO - Processing /home/cloud/codings/airflow/dags/list_s3_files_in_logs.py took 0.082 seconds
[2026-02-09T09:09:01.314+0000] {processor.py:161} INFO - Started process (PID=345532) to work on /home/cloud/codings/airflow/dags/list_s3_files_in_logs.py
[2026-02-09T09:09:01.330+0000] {processor.py:830} INFO - Processing file /home/cloud/codings/airflow/dags/list_s3_files_in_logs.py for tasks to queue
[2026-02-09T09:09:01.331+0000] {logging_mixin.py:188} INFO - [2026-02-09T09:09:01.331+0000] {dagbag.py:545} INFO - Filling up the DagBag from /home/cloud/codings/airflow/dags/list_s3_files_in_logs.py
[2026-02-09T09:09:01.344+0000] {processor.py:840} INFO - DAG(s) 'list_s3_files_in_logs' retrieved from /home/cloud/codings/airflow/dags/list_s3_files_in_logs.py
[2026-02-09T09:09:01.368+0000] {logging_mixin.py:188} INFO - [2026-02-09T09:09:01.368+0000] {dag.py:3089} INFO - Sync 1 DAGs
[2026-02-09T09:09:01.384+0000] {logging_mixin.py:188} INFO - [2026-02-09T09:09:01.384+0000] {dag.py:3947} INFO - Setting next_dagrun for list_s3_files_in_logs to None, run_after=None
[2026-02-09T09:09:01.413+0000] {processor.py:183} INFO - Processing /home/cloud/codings/airflow/dags/list_s3_files_in_logs.py took 0.105 seconds
[2026-02-09T09:09:32.327+0000] {processor.py:161} INFO - Started process (PID=345546) to work on /home/cloud/codings/airflow/dags/list_s3_files_in_logs.py
[2026-02-09T09:09:32.345+0000] {processor.py:830} INFO - Processing file /home/cloud/codings/airflow/dags/list_s3_files_in_logs.py for tasks to queue
[2026-02-09T09:09:32.347+0000] {logging_mixin.py:188} INFO - [2026-02-09T09:09:32.347+0000] {dagbag.py:545} INFO - Filling up the DagBag from /home/cloud/codings/airflow/dags/list_s3_files_in_logs.py
[2026-02-09T09:09:32.371+0000] {processor.py:840} INFO - DAG(s) 'list_s3_files_in_logs' retrieved from /home/cloud/codings/airflow/dags/list_s3_files_in_logs.py
[2026-02-09T09:09:32.404+0000] {logging_mixin.py:188} INFO - [2026-02-09T09:09:32.404+0000] {dag.py:3089} INFO - Sync 1 DAGs
[2026-02-09T09:09:32.423+0000] {logging_mixin.py:188} INFO - [2026-02-09T09:09:32.422+0000] {dag.py:3947} INFO - Setting next_dagrun for list_s3_files_in_logs to None, run_after=None
[2026-02-09T09:09:32.450+0000] {processor.py:183} INFO - Processing /home/cloud/codings/airflow/dags/list_s3_files_in_logs.py took 0.137 seconds
[2026-02-09T09:10:02.531+0000] {processor.py:161} INFO - Started process (PID=345568) to work on /home/cloud/codings/airflow/dags/list_s3_files_in_logs.py
[2026-02-09T09:10:02.548+0000] {processor.py:830} INFO - Processing file /home/cloud/codings/airflow/dags/list_s3_files_in_logs.py for tasks to queue
[2026-02-09T09:10:02.549+0000] {logging_mixin.py:188} INFO - [2026-02-09T09:10:02.548+0000] {dagbag.py:545} INFO - Filling up the DagBag from /home/cloud/codings/airflow/dags/list_s3_files_in_logs.py
[2026-02-09T09:10:02.560+0000] {processor.py:840} INFO - DAG(s) 'list_s3_files_in_logs' retrieved from /home/cloud/codings/airflow/dags/list_s3_files_in_logs.py
[2026-02-09T09:10:02.584+0000] {logging_mixin.py:188} INFO - [2026-02-09T09:10:02.584+0000] {dag.py:3089} INFO - Sync 1 DAGs
[2026-02-09T09:10:02.600+0000] {logging_mixin.py:188} INFO - [2026-02-09T09:10:02.600+0000] {dag.py:3947} INFO - Setting next_dagrun for list_s3_files_in_logs to None, run_after=None
[2026-02-09T09:10:02.629+0000] {processor.py:183} INFO - Processing /home/cloud/codings/airflow/dags/list_s3_files_in_logs.py took 0.104 seconds
[2026-02-09T09:10:33.624+0000] {processor.py:161} INFO - Started process (PID=345580) to work on /home/cloud/codings/airflow/dags/list_s3_files_in_logs.py
[2026-02-09T09:10:33.625+0000] {processor.py:830} INFO - Processing file /home/cloud/codings/airflow/dags/list_s3_files_in_logs.py for tasks to queue
[2026-02-09T09:10:33.626+0000] {logging_mixin.py:188} INFO - [2026-02-09T09:10:33.626+0000] {dagbag.py:545} INFO - Filling up the DagBag from /home/cloud/codings/airflow/dags/list_s3_files_in_logs.py
[2026-02-09T09:10:33.638+0000] {processor.py:840} INFO - DAG(s) 'list_s3_files_in_logs' retrieved from /home/cloud/codings/airflow/dags/list_s3_files_in_logs.py
[2026-02-09T09:10:33.658+0000] {logging_mixin.py:188} INFO - [2026-02-09T09:10:33.657+0000] {dag.py:3089} INFO - Sync 1 DAGs
[2026-02-09T09:10:33.671+0000] {logging_mixin.py:188} INFO - [2026-02-09T09:10:33.671+0000] {dag.py:3947} INFO - Setting next_dagrun for list_s3_files_in_logs to None, run_after=None
[2026-02-09T09:10:33.697+0000] {processor.py:183} INFO - Processing /home/cloud/codings/airflow/dags/list_s3_files_in_logs.py took 0.083 seconds
[2026-02-09T09:11:04.422+0000] {processor.py:161} INFO - Started process (PID=345602) to work on /home/cloud/codings/airflow/dags/list_s3_files_in_logs.py
[2026-02-09T09:11:04.439+0000] {processor.py:830} INFO - Processing file /home/cloud/codings/airflow/dags/list_s3_files_in_logs.py for tasks to queue
[2026-02-09T09:11:04.440+0000] {logging_mixin.py:188} INFO - [2026-02-09T09:11:04.440+0000] {dagbag.py:545} INFO - Filling up the DagBag from /home/cloud/codings/airflow/dags/list_s3_files_in_logs.py
[2026-02-09T09:11:04.451+0000] {processor.py:840} INFO - DAG(s) 'list_s3_files_in_logs' retrieved from /home/cloud/codings/airflow/dags/list_s3_files_in_logs.py
[2026-02-09T09:11:04.471+0000] {logging_mixin.py:188} INFO - [2026-02-09T09:11:04.471+0000] {dag.py:3089} INFO - Sync 1 DAGs
[2026-02-09T09:11:04.486+0000] {logging_mixin.py:188} INFO - [2026-02-09T09:11:04.485+0000] {dag.py:3947} INFO - Setting next_dagrun for list_s3_files_in_logs to None, run_after=None
[2026-02-09T09:11:04.513+0000] {processor.py:183} INFO - Processing /home/cloud/codings/airflow/dags/list_s3_files_in_logs.py took 0.099 seconds
[2026-02-09T09:11:35.045+0000] {processor.py:161} INFO - Started process (PID=345622) to work on /home/cloud/codings/airflow/dags/list_s3_files_in_logs.py
[2026-02-09T09:11:35.046+0000] {processor.py:830} INFO - Processing file /home/cloud/codings/airflow/dags/list_s3_files_in_logs.py for tasks to queue
[2026-02-09T09:11:35.047+0000] {logging_mixin.py:188} INFO - [2026-02-09T09:11:35.046+0000] {dagbag.py:545} INFO - Filling up the DagBag from /home/cloud/codings/airflow/dags/list_s3_files_in_logs.py
[2026-02-09T09:11:35.058+0000] {processor.py:840} INFO - DAG(s) 'list_s3_files_in_logs' retrieved from /home/cloud/codings/airflow/dags/list_s3_files_in_logs.py
[2026-02-09T09:11:35.080+0000] {logging_mixin.py:188} INFO - [2026-02-09T09:11:35.080+0000] {dag.py:3089} INFO - Sync 1 DAGs
[2026-02-09T09:11:35.096+0000] {logging_mixin.py:188} INFO - [2026-02-09T09:11:35.096+0000] {dag.py:3947} INFO - Setting next_dagrun for list_s3_files_in_logs to None, run_after=None
[2026-02-09T09:11:35.127+0000] {processor.py:183} INFO - Processing /home/cloud/codings/airflow/dags/list_s3_files_in_logs.py took 0.088 seconds
[2026-02-09T09:12:05.418+0000] {processor.py:161} INFO - Started process (PID=345636) to work on /home/cloud/codings/airflow/dags/list_s3_files_in_logs.py
[2026-02-09T09:12:05.432+0000] {processor.py:830} INFO - Processing file /home/cloud/codings/airflow/dags/list_s3_files_in_logs.py for tasks to queue
[2026-02-09T09:12:05.433+0000] {logging_mixin.py:188} INFO - [2026-02-09T09:12:05.433+0000] {dagbag.py:545} INFO - Filling up the DagBag from /home/cloud/codings/airflow/dags/list_s3_files_in_logs.py
[2026-02-09T09:12:05.447+0000] {processor.py:840} INFO - DAG(s) 'list_s3_files_in_logs' retrieved from /home/cloud/codings/airflow/dags/list_s3_files_in_logs.py
[2026-02-09T09:12:05.472+0000] {logging_mixin.py:188} INFO - [2026-02-09T09:12:05.472+0000] {dag.py:3089} INFO - Sync 1 DAGs
[2026-02-09T09:12:05.488+0000] {logging_mixin.py:188} INFO - [2026-02-09T09:12:05.488+0000] {dag.py:3947} INFO - Setting next_dagrun for list_s3_files_in_logs to None, run_after=None
[2026-02-09T09:12:07.014+0000] {processor.py:183} INFO - Processing /home/cloud/codings/airflow/dags/list_s3_files_in_logs.py took 0.107 seconds
[2026-02-09T09:12:38.097+0000] {processor.py:161} INFO - Started process (PID=345657) to work on /home/cloud/codings/airflow/dags/list_s3_files_in_logs.py
[2026-02-09T09:12:38.098+0000] {processor.py:830} INFO - Processing file /home/cloud/codings/airflow/dags/list_s3_files_in_logs.py for tasks to queue
[2026-02-09T09:12:38.099+0000] {logging_mixin.py:188} INFO - [2026-02-09T09:12:38.099+0000] {dagbag.py:545} INFO - Filling up the DagBag from /home/cloud/codings/airflow/dags/list_s3_files_in_logs.py
[2026-02-09T09:12:38.113+0000] {processor.py:840} INFO - DAG(s) 'list_s3_files_in_logs' retrieved from /home/cloud/codings/airflow/dags/list_s3_files_in_logs.py
[2026-02-09T09:12:38.139+0000] {logging_mixin.py:188} INFO - [2026-02-09T09:12:38.139+0000] {dag.py:3089} INFO - Sync 1 DAGs
[2026-02-09T09:12:38.159+0000] {logging_mixin.py:188} INFO - [2026-02-09T09:12:38.159+0000] {dag.py:3947} INFO - Setting next_dagrun for list_s3_files_in_logs to None, run_after=None
[2026-02-09T09:12:38.189+0000] {processor.py:183} INFO - Processing /home/cloud/codings/airflow/dags/list_s3_files_in_logs.py took 0.100 seconds
[2026-02-09T09:13:08.767+0000] {processor.py:161} INFO - Started process (PID=345671) to work on /home/cloud/codings/airflow/dags/list_s3_files_in_logs.py
[2026-02-09T09:13:08.784+0000] {processor.py:830} INFO - Processing file /home/cloud/codings/airflow/dags/list_s3_files_in_logs.py for tasks to queue
[2026-02-09T09:13:08.785+0000] {logging_mixin.py:188} INFO - [2026-02-09T09:13:08.784+0000] {dagbag.py:545} INFO - Filling up the DagBag from /home/cloud/codings/airflow/dags/list_s3_files_in_logs.py
[2026-02-09T09:13:08.795+0000] {processor.py:840} INFO - DAG(s) 'list_s3_files_in_logs' retrieved from /home/cloud/codings/airflow/dags/list_s3_files_in_logs.py
[2026-02-09T09:13:08.817+0000] {logging_mixin.py:188} INFO - [2026-02-09T09:13:08.817+0000] {dag.py:3089} INFO - Sync 1 DAGs
[2026-02-09T09:13:08.838+0000] {logging_mixin.py:188} INFO - [2026-02-09T09:13:08.837+0000] {dag.py:3947} INFO - Setting next_dagrun for list_s3_files_in_logs to None, run_after=None
[2026-02-09T09:13:08.875+0000] {processor.py:183} INFO - Processing /home/cloud/codings/airflow/dags/list_s3_files_in_logs.py took 0.113 seconds
[2026-02-09T09:13:39.849+0000] {processor.py:161} INFO - Started process (PID=345691) to work on /home/cloud/codings/airflow/dags/list_s3_files_in_logs.py
[2026-02-09T09:13:39.850+0000] {processor.py:830} INFO - Processing file /home/cloud/codings/airflow/dags/list_s3_files_in_logs.py for tasks to queue
[2026-02-09T09:13:39.850+0000] {logging_mixin.py:188} INFO - [2026-02-09T09:13:39.850+0000] {dagbag.py:545} INFO - Filling up the DagBag from /home/cloud/codings/airflow/dags/list_s3_files_in_logs.py
[2026-02-09T09:13:39.862+0000] {processor.py:840} INFO - DAG(s) 'list_s3_files_in_logs' retrieved from /home/cloud/codings/airflow/dags/list_s3_files_in_logs.py
[2026-02-09T09:13:39.885+0000] {logging_mixin.py:188} INFO - [2026-02-09T09:13:39.885+0000] {dag.py:3089} INFO - Sync 1 DAGs
[2026-02-09T09:13:39.900+0000] {logging_mixin.py:188} INFO - [2026-02-09T09:13:39.899+0000] {dag.py:3947} INFO - Setting next_dagrun for list_s3_files_in_logs to None, run_after=None
[2026-02-09T09:13:39.923+0000] {processor.py:183} INFO - Processing /home/cloud/codings/airflow/dags/list_s3_files_in_logs.py took 0.082 seconds
[2026-02-09T09:14:10.490+0000] {processor.py:161} INFO - Started process (PID=345730) to work on /home/cloud/codings/airflow/dags/list_s3_files_in_logs.py
[2026-02-09T09:14:10.507+0000] {processor.py:830} INFO - Processing file /home/cloud/codings/airflow/dags/list_s3_files_in_logs.py for tasks to queue
[2026-02-09T09:14:10.508+0000] {logging_mixin.py:188} INFO - [2026-02-09T09:14:10.507+0000] {dagbag.py:545} INFO - Filling up the DagBag from /home/cloud/codings/airflow/dags/list_s3_files_in_logs.py
[2026-02-09T09:14:10.521+0000] {processor.py:840} INFO - DAG(s) 'list_s3_files_in_logs' retrieved from /home/cloud/codings/airflow/dags/list_s3_files_in_logs.py
[2026-02-09T09:14:10.546+0000] {logging_mixin.py:188} INFO - [2026-02-09T09:14:10.546+0000] {dag.py:3089} INFO - Sync 1 DAGs
[2026-02-09T09:14:10.564+0000] {logging_mixin.py:188} INFO - [2026-02-09T09:14:10.563+0000] {dag.py:3947} INFO - Setting next_dagrun for list_s3_files_in_logs to None, run_after=None
[2026-02-09T09:14:10.592+0000] {processor.py:183} INFO - Processing /home/cloud/codings/airflow/dags/list_s3_files_in_logs.py took 0.108 seconds
[2026-02-09T09:14:40.958+0000] {processor.py:161} INFO - Started process (PID=345748) to work on /home/cloud/codings/airflow/dags/list_s3_files_in_logs.py
[2026-02-09T09:14:40.965+0000] {processor.py:830} INFO - Processing file /home/cloud/codings/airflow/dags/list_s3_files_in_logs.py for tasks to queue
[2026-02-09T09:14:40.967+0000] {logging_mixin.py:188} INFO - [2026-02-09T09:14:40.966+0000] {dagbag.py:545} INFO - Filling up the DagBag from /home/cloud/codings/airflow/dags/list_s3_files_in_logs.py
[2026-02-09T09:14:40.994+0000] {processor.py:840} INFO - DAG(s) 'list_s3_files_in_logs' retrieved from /home/cloud/codings/airflow/dags/list_s3_files_in_logs.py
[2026-02-09T09:14:41.032+0000] {logging_mixin.py:188} INFO - [2026-02-09T09:14:41.031+0000] {dag.py:3089} INFO - Sync 1 DAGs
[2026-02-09T09:14:41.054+0000] {logging_mixin.py:188} INFO - [2026-02-09T09:14:41.053+0000] {dag.py:3947} INFO - Setting next_dagrun for list_s3_files_in_logs to None, run_after=None
[2026-02-09T09:14:41.081+0000] {processor.py:183} INFO - Processing /home/cloud/codings/airflow/dags/list_s3_files_in_logs.py took 0.136 seconds
[2026-02-09T09:15:11.212+0000] {processor.py:161} INFO - Started process (PID=345766) to work on /home/cloud/codings/airflow/dags/list_s3_files_in_logs.py
[2026-02-09T09:15:11.229+0000] {processor.py:830} INFO - Processing file /home/cloud/codings/airflow/dags/list_s3_files_in_logs.py for tasks to queue
[2026-02-09T09:15:11.230+0000] {logging_mixin.py:188} INFO - [2026-02-09T09:15:11.229+0000] {dagbag.py:545} INFO - Filling up the DagBag from /home/cloud/codings/airflow/dags/list_s3_files_in_logs.py
[2026-02-09T09:15:11.240+0000] {processor.py:840} INFO - DAG(s) 'list_s3_files_in_logs' retrieved from /home/cloud/codings/airflow/dags/list_s3_files_in_logs.py
[2026-02-09T09:15:11.261+0000] {logging_mixin.py:188} INFO - [2026-02-09T09:15:11.261+0000] {dag.py:3089} INFO - Sync 1 DAGs
[2026-02-09T09:15:11.275+0000] {logging_mixin.py:188} INFO - [2026-02-09T09:15:11.275+0000] {dag.py:3947} INFO - Setting next_dagrun for list_s3_files_in_logs to None, run_after=None
[2026-02-09T09:15:11.300+0000] {processor.py:183} INFO - Processing /home/cloud/codings/airflow/dags/list_s3_files_in_logs.py took 0.094 seconds
[2026-02-09T09:15:41.538+0000] {processor.py:161} INFO - Started process (PID=345780) to work on /home/cloud/codings/airflow/dags/list_s3_files_in_logs.py
[2026-02-09T09:15:41.539+0000] {processor.py:830} INFO - Processing file /home/cloud/codings/airflow/dags/list_s3_files_in_logs.py for tasks to queue
[2026-02-09T09:15:41.539+0000] {logging_mixin.py:188} INFO - [2026-02-09T09:15:41.539+0000] {dagbag.py:545} INFO - Filling up the DagBag from /home/cloud/codings/airflow/dags/list_s3_files_in_logs.py
[2026-02-09T09:15:41.551+0000] {processor.py:840} INFO - DAG(s) 'list_s3_files_in_logs' retrieved from /home/cloud/codings/airflow/dags/list_s3_files_in_logs.py
[2026-02-09T09:15:41.576+0000] {logging_mixin.py:188} INFO - [2026-02-09T09:15:41.575+0000] {dag.py:3089} INFO - Sync 1 DAGs
[2026-02-09T09:15:41.591+0000] {logging_mixin.py:188} INFO - [2026-02-09T09:15:41.591+0000] {dag.py:3947} INFO - Setting next_dagrun for list_s3_files_in_logs to None, run_after=None
[2026-02-09T09:15:41.620+0000] {processor.py:183} INFO - Processing /home/cloud/codings/airflow/dags/list_s3_files_in_logs.py took 0.088 seconds
[2026-02-09T09:16:12.058+0000] {processor.py:161} INFO - Started process (PID=345798) to work on /home/cloud/codings/airflow/dags/list_s3_files_in_logs.py
[2026-02-09T09:16:12.059+0000] {processor.py:830} INFO - Processing file /home/cloud/codings/airflow/dags/list_s3_files_in_logs.py for tasks to queue
[2026-02-09T09:16:12.060+0000] {logging_mixin.py:188} INFO - [2026-02-09T09:16:12.060+0000] {dagbag.py:545} INFO - Filling up the DagBag from /home/cloud/codings/airflow/dags/list_s3_files_in_logs.py
[2026-02-09T09:16:12.073+0000] {processor.py:840} INFO - DAG(s) 'list_s3_files_in_logs' retrieved from /home/cloud/codings/airflow/dags/list_s3_files_in_logs.py
[2026-02-09T09:16:12.104+0000] {logging_mixin.py:188} INFO - [2026-02-09T09:16:12.103+0000] {dag.py:3089} INFO - Sync 1 DAGs
[2026-02-09T09:16:12.122+0000] {logging_mixin.py:188} INFO - [2026-02-09T09:16:12.122+0000] {dag.py:3947} INFO - Setting next_dagrun for list_s3_files_in_logs to None, run_after=None
[2026-02-09T09:16:12.156+0000] {processor.py:183} INFO - Processing /home/cloud/codings/airflow/dags/list_s3_files_in_logs.py took 0.106 seconds
[2026-02-09T09:16:42.401+0000] {processor.py:161} INFO - Started process (PID=345818) to work on /home/cloud/codings/airflow/dags/list_s3_files_in_logs.py
[2026-02-09T09:16:42.403+0000] {processor.py:830} INFO - Processing file /home/cloud/codings/airflow/dags/list_s3_files_in_logs.py for tasks to queue
[2026-02-09T09:16:42.405+0000] {logging_mixin.py:188} INFO - [2026-02-09T09:16:42.404+0000] {dagbag.py:545} INFO - Filling up the DagBag from /home/cloud/codings/airflow/dags/list_s3_files_in_logs.py
[2026-02-09T09:16:42.426+0000] {processor.py:840} INFO - DAG(s) 'list_s3_files_in_logs' retrieved from /home/cloud/codings/airflow/dags/list_s3_files_in_logs.py
[2026-02-09T09:16:42.484+0000] {logging_mixin.py:188} INFO - [2026-02-09T09:16:42.484+0000] {dag.py:3089} INFO - Sync 1 DAGs
[2026-02-09T09:16:42.507+0000] {logging_mixin.py:188} INFO - [2026-02-09T09:16:42.506+0000] {dag.py:3947} INFO - Setting next_dagrun for list_s3_files_in_logs to None, run_after=None
[2026-02-09T09:16:42.553+0000] {processor.py:183} INFO - Processing /home/cloud/codings/airflow/dags/list_s3_files_in_logs.py took 0.163 seconds
[2026-02-09T09:17:12.733+0000] {processor.py:161} INFO - Started process (PID=345833) to work on /home/cloud/codings/airflow/dags/list_s3_files_in_logs.py
[2026-02-09T09:17:12.750+0000] {processor.py:830} INFO - Processing file /home/cloud/codings/airflow/dags/list_s3_files_in_logs.py for tasks to queue
[2026-02-09T09:17:12.752+0000] {logging_mixin.py:188} INFO - [2026-02-09T09:17:12.751+0000] {dagbag.py:545} INFO - Filling up the DagBag from /home/cloud/codings/airflow/dags/list_s3_files_in_logs.py
[2026-02-09T09:17:12.763+0000] {processor.py:840} INFO - DAG(s) 'list_s3_files_in_logs' retrieved from /home/cloud/codings/airflow/dags/list_s3_files_in_logs.py
[2026-02-09T09:17:12.789+0000] {logging_mixin.py:188} INFO - [2026-02-09T09:17:12.789+0000] {dag.py:3089} INFO - Sync 1 DAGs
[2026-02-09T09:17:12.806+0000] {logging_mixin.py:188} INFO - [2026-02-09T09:17:12.805+0000] {dag.py:3947} INFO - Setting next_dagrun for list_s3_files_in_logs to None, run_after=None
[2026-02-09T09:17:12.835+0000] {processor.py:183} INFO - Processing /home/cloud/codings/airflow/dags/list_s3_files_in_logs.py took 0.108 seconds
[2026-02-09T09:17:44.966+0000] {processor.py:161} INFO - Started process (PID=345853) to work on /home/cloud/codings/airflow/dags/list_s3_files_in_logs.py
[2026-02-09T09:17:44.967+0000] {processor.py:830} INFO - Processing file /home/cloud/codings/airflow/dags/list_s3_files_in_logs.py for tasks to queue
[2026-02-09T09:17:44.968+0000] {logging_mixin.py:188} INFO - [2026-02-09T09:17:44.968+0000] {dagbag.py:545} INFO - Filling up the DagBag from /home/cloud/codings/airflow/dags/list_s3_files_in_logs.py
[2026-02-09T09:17:44.979+0000] {processor.py:840} INFO - DAG(s) 'list_s3_files_in_logs' retrieved from /home/cloud/codings/airflow/dags/list_s3_files_in_logs.py
[2026-02-09T09:17:44.999+0000] {logging_mixin.py:188} INFO - [2026-02-09T09:17:44.999+0000] {dag.py:3089} INFO - Sync 1 DAGs
[2026-02-09T09:17:45.011+0000] {logging_mixin.py:188} INFO - [2026-02-09T09:17:45.011+0000] {dag.py:3947} INFO - Setting next_dagrun for list_s3_files_in_logs to None, run_after=None
[2026-02-09T09:17:45.035+0000] {processor.py:183} INFO - Processing /home/cloud/codings/airflow/dags/list_s3_files_in_logs.py took 0.076 seconds
[2026-02-09T09:18:15.711+0000] {processor.py:161} INFO - Started process (PID=345871) to work on /home/cloud/codings/airflow/dags/list_s3_files_in_logs.py
[2026-02-09T09:18:15.717+0000] {processor.py:830} INFO - Processing file /home/cloud/codings/airflow/dags/list_s3_files_in_logs.py for tasks to queue
[2026-02-09T09:18:15.718+0000] {logging_mixin.py:188} INFO - [2026-02-09T09:18:15.718+0000] {dagbag.py:545} INFO - Filling up the DagBag from /home/cloud/codings/airflow/dags/list_s3_files_in_logs.py
[2026-02-09T09:18:15.729+0000] {processor.py:840} INFO - DAG(s) 'list_s3_files_in_logs' retrieved from /home/cloud/codings/airflow/dags/list_s3_files_in_logs.py
[2026-02-09T09:18:15.754+0000] {logging_mixin.py:188} INFO - [2026-02-09T09:18:15.754+0000] {dag.py:3089} INFO - Sync 1 DAGs
[2026-02-09T09:18:15.769+0000] {logging_mixin.py:188} INFO - [2026-02-09T09:18:15.769+0000] {dag.py:3947} INFO - Setting next_dagrun for list_s3_files_in_logs to None, run_after=None
[2026-02-09T09:18:15.794+0000] {processor.py:183} INFO - Processing /home/cloud/codings/airflow/dags/list_s3_files_in_logs.py took 0.088 seconds
[2026-02-09T09:18:46.266+0000] {processor.py:161} INFO - Started process (PID=345887) to work on /home/cloud/codings/airflow/dags/list_s3_files_in_logs.py
[2026-02-09T09:18:46.266+0000] {processor.py:830} INFO - Processing file /home/cloud/codings/airflow/dags/list_s3_files_in_logs.py for tasks to queue
[2026-02-09T09:18:46.267+0000] {logging_mixin.py:188} INFO - [2026-02-09T09:18:46.267+0000] {dagbag.py:545} INFO - Filling up the DagBag from /home/cloud/codings/airflow/dags/list_s3_files_in_logs.py
[2026-02-09T09:18:46.278+0000] {processor.py:840} INFO - DAG(s) 'list_s3_files_in_logs' retrieved from /home/cloud/codings/airflow/dags/list_s3_files_in_logs.py
[2026-02-09T09:18:46.303+0000] {logging_mixin.py:188} INFO - [2026-02-09T09:18:46.303+0000] {dag.py:3089} INFO - Sync 1 DAGs
[2026-02-09T09:18:46.319+0000] {logging_mixin.py:188} INFO - [2026-02-09T09:18:46.319+0000] {dag.py:3947} INFO - Setting next_dagrun for list_s3_files_in_logs to None, run_after=None
[2026-02-09T09:18:46.345+0000] {processor.py:183} INFO - Processing /home/cloud/codings/airflow/dags/list_s3_files_in_logs.py took 0.085 seconds
[2026-02-09T09:19:16.758+0000] {processor.py:161} INFO - Started process (PID=345905) to work on /home/cloud/codings/airflow/dags/list_s3_files_in_logs.py
[2026-02-09T09:19:16.760+0000] {processor.py:830} INFO - Processing file /home/cloud/codings/airflow/dags/list_s3_files_in_logs.py for tasks to queue
[2026-02-09T09:19:16.761+0000] {logging_mixin.py:188} INFO - [2026-02-09T09:19:16.761+0000] {dagbag.py:545} INFO - Filling up the DagBag from /home/cloud/codings/airflow/dags/list_s3_files_in_logs.py
[2026-02-09T09:19:16.773+0000] {processor.py:840} INFO - DAG(s) 'list_s3_files_in_logs' retrieved from /home/cloud/codings/airflow/dags/list_s3_files_in_logs.py
[2026-02-09T09:19:16.799+0000] {logging_mixin.py:188} INFO - [2026-02-09T09:19:16.798+0000] {dag.py:3089} INFO - Sync 1 DAGs
[2026-02-09T09:19:16.814+0000] {logging_mixin.py:188} INFO - [2026-02-09T09:19:16.814+0000] {dag.py:3947} INFO - Setting next_dagrun for list_s3_files_in_logs to None, run_after=None
[2026-02-09T09:19:16.840+0000] {processor.py:183} INFO - Processing /home/cloud/codings/airflow/dags/list_s3_files_in_logs.py took 0.087 seconds
[2026-02-09T09:19:46.969+0000] {processor.py:161} INFO - Started process (PID=345922) to work on /home/cloud/codings/airflow/dags/list_s3_files_in_logs.py
[2026-02-09T09:19:46.970+0000] {processor.py:830} INFO - Processing file /home/cloud/codings/airflow/dags/list_s3_files_in_logs.py for tasks to queue
[2026-02-09T09:19:46.971+0000] {logging_mixin.py:188} INFO - [2026-02-09T09:19:46.971+0000] {dagbag.py:545} INFO - Filling up the DagBag from /home/cloud/codings/airflow/dags/list_s3_files_in_logs.py
[2026-02-09T09:19:46.982+0000] {processor.py:840} INFO - DAG(s) 'list_s3_files_in_logs' retrieved from /home/cloud/codings/airflow/dags/list_s3_files_in_logs.py
[2026-02-09T09:19:47.007+0000] {logging_mixin.py:188} INFO - [2026-02-09T09:19:47.007+0000] {dag.py:3089} INFO - Sync 1 DAGs
[2026-02-09T09:19:47.024+0000] {logging_mixin.py:188} INFO - [2026-02-09T09:19:47.023+0000] {dag.py:3947} INFO - Setting next_dagrun for list_s3_files_in_logs to None, run_after=None
[2026-02-09T09:19:47.052+0000] {processor.py:183} INFO - Processing /home/cloud/codings/airflow/dags/list_s3_files_in_logs.py took 0.089 seconds
[2026-02-09T09:20:17.334+0000] {processor.py:161} INFO - Started process (PID=345942) to work on /home/cloud/codings/airflow/dags/list_s3_files_in_logs.py
[2026-02-09T09:20:17.353+0000] {processor.py:830} INFO - Processing file /home/cloud/codings/airflow/dags/list_s3_files_in_logs.py for tasks to queue
[2026-02-09T09:20:17.355+0000] {logging_mixin.py:188} INFO - [2026-02-09T09:20:17.354+0000] {dagbag.py:545} INFO - Filling up the DagBag from /home/cloud/codings/airflow/dags/list_s3_files_in_logs.py
[2026-02-09T09:20:17.392+0000] {processor.py:840} INFO - DAG(s) 'list_s3_files_in_logs' retrieved from /home/cloud/codings/airflow/dags/list_s3_files_in_logs.py
[2026-02-09T09:20:17.441+0000] {logging_mixin.py:188} INFO - [2026-02-09T09:20:17.441+0000] {dag.py:3089} INFO - Sync 1 DAGs
[2026-02-09T09:20:17.462+0000] {logging_mixin.py:188} INFO - [2026-02-09T09:20:17.461+0000] {dag.py:3947} INFO - Setting next_dagrun for list_s3_files_in_logs to None, run_after=None
[2026-02-09T09:20:17.507+0000] {processor.py:183} INFO - Processing /home/cloud/codings/airflow/dags/list_s3_files_in_logs.py took 0.190 seconds
[2026-02-09T09:20:47.795+0000] {processor.py:161} INFO - Started process (PID=345956) to work on /home/cloud/codings/airflow/dags/list_s3_files_in_logs.py
[2026-02-09T09:20:47.812+0000] {processor.py:830} INFO - Processing file /home/cloud/codings/airflow/dags/list_s3_files_in_logs.py for tasks to queue
[2026-02-09T09:20:47.813+0000] {logging_mixin.py:188} INFO - [2026-02-09T09:20:47.813+0000] {dagbag.py:545} INFO - Filling up the DagBag from /home/cloud/codings/airflow/dags/list_s3_files_in_logs.py
[2026-02-09T09:20:47.823+0000] {processor.py:840} INFO - DAG(s) 'list_s3_files_in_logs' retrieved from /home/cloud/codings/airflow/dags/list_s3_files_in_logs.py
[2026-02-09T09:20:47.846+0000] {logging_mixin.py:188} INFO - [2026-02-09T09:20:47.846+0000] {dag.py:3089} INFO - Sync 1 DAGs
[2026-02-09T09:20:47.860+0000] {logging_mixin.py:188} INFO - [2026-02-09T09:20:47.860+0000] {dag.py:3947} INFO - Setting next_dagrun for list_s3_files_in_logs to None, run_after=None
[2026-02-09T09:20:47.884+0000] {processor.py:183} INFO - Processing /home/cloud/codings/airflow/dags/list_s3_files_in_logs.py took 0.104 seconds
[2026-02-09T09:21:18.342+0000] {processor.py:161} INFO - Started process (PID=346033) to work on /home/cloud/codings/airflow/dags/list_s3_files_in_logs.py
[2026-02-09T09:21:18.348+0000] {processor.py:830} INFO - Processing file /home/cloud/codings/airflow/dags/list_s3_files_in_logs.py for tasks to queue
[2026-02-09T09:21:18.352+0000] {logging_mixin.py:188} INFO - [2026-02-09T09:21:18.350+0000] {dagbag.py:545} INFO - Filling up the DagBag from /home/cloud/codings/airflow/dags/list_s3_files_in_logs.py
[2026-02-09T09:21:18.415+0000] {processor.py:840} INFO - DAG(s) 'list_s3_files_in_logs' retrieved from /home/cloud/codings/airflow/dags/list_s3_files_in_logs.py
[2026-02-09T09:21:18.513+0000] {logging_mixin.py:188} INFO - [2026-02-09T09:21:18.513+0000] {dag.py:3089} INFO - Sync 1 DAGs
[2026-02-09T09:21:18.563+0000] {logging_mixin.py:188} INFO - [2026-02-09T09:21:18.563+0000] {dag.py:3947} INFO - Setting next_dagrun for list_s3_files_in_logs to None, run_after=None
[2026-02-09T09:21:18.611+0000] {processor.py:183} INFO - Processing /home/cloud/codings/airflow/dags/list_s3_files_in_logs.py took 0.310 seconds
