[2026-02-09T01:52:32.681+0000] {processor.py:161} INFO - Started process (PID=319097) to work on /home/cloud/codings/airflow/dags/list_s3_bucket_files_dag.py
[2026-02-09T01:52:32.691+0000] {processor.py:830} INFO - Processing file /home/cloud/codings/airflow/dags/list_s3_bucket_files_dag.py for tasks to queue
[2026-02-09T01:52:32.693+0000] {logging_mixin.py:188} INFO - [2026-02-09T01:52:32.692+0000] {dagbag.py:545} INFO - Filling up the DagBag from /home/cloud/codings/airflow/dags/list_s3_bucket_files_dag.py
[2026-02-09T01:52:32.753+0000] {processor.py:840} INFO - DAG(s) 'list_s3_bucket_files_dag' retrieved from /home/cloud/codings/airflow/dags/list_s3_bucket_files_dag.py
[2026-02-09T01:52:32.880+0000] {logging_mixin.py:188} INFO - [2026-02-09T01:52:32.874+0000] {dag.py:3089} INFO - Sync 1 DAGs
[2026-02-09T01:52:32.957+0000] {logging_mixin.py:188} INFO - [2026-02-09T01:52:32.955+0000] {dag.py:3947} INFO - Setting next_dagrun for list_s3_bucket_files_dag to None, run_after=None
[2026-02-09T01:52:33.057+0000] {processor.py:183} INFO - Processing /home/cloud/codings/airflow/dags/list_s3_bucket_files_dag.py took 0.390 seconds
[2026-02-09T01:53:03.514+0000] {processor.py:161} INFO - Started process (PID=319527) to work on /home/cloud/codings/airflow/dags/list_s3_bucket_files_dag.py
[2026-02-09T01:53:03.518+0000] {processor.py:830} INFO - Processing file /home/cloud/codings/airflow/dags/list_s3_bucket_files_dag.py for tasks to queue
[2026-02-09T01:53:03.521+0000] {logging_mixin.py:188} INFO - [2026-02-09T01:53:03.520+0000] {dagbag.py:545} INFO - Filling up the DagBag from /home/cloud/codings/airflow/dags/list_s3_bucket_files_dag.py
[2026-02-09T01:53:03.549+0000] {processor.py:840} INFO - DAG(s) 'list_s3_bucket_files_dag' retrieved from /home/cloud/codings/airflow/dags/list_s3_bucket_files_dag.py
[2026-02-09T01:53:03.611+0000] {logging_mixin.py:188} INFO - [2026-02-09T01:53:03.610+0000] {dag.py:3089} INFO - Sync 1 DAGs
[2026-02-09T01:53:03.662+0000] {logging_mixin.py:188} INFO - [2026-02-09T01:53:03.662+0000] {dag.py:3947} INFO - Setting next_dagrun for list_s3_bucket_files_dag to None, run_after=None
[2026-02-09T01:53:03.740+0000] {processor.py:183} INFO - Processing /home/cloud/codings/airflow/dags/list_s3_bucket_files_dag.py took 0.248 seconds
[2026-02-09T01:53:34.003+0000] {processor.py:161} INFO - Started process (PID=319785) to work on /home/cloud/codings/airflow/dags/list_s3_bucket_files_dag.py
[2026-02-09T01:53:34.005+0000] {processor.py:830} INFO - Processing file /home/cloud/codings/airflow/dags/list_s3_bucket_files_dag.py for tasks to queue
[2026-02-09T01:53:34.006+0000] {logging_mixin.py:188} INFO - [2026-02-09T01:53:34.005+0000] {dagbag.py:545} INFO - Filling up the DagBag from /home/cloud/codings/airflow/dags/list_s3_bucket_files_dag.py
[2026-02-09T01:53:34.019+0000] {processor.py:840} INFO - DAG(s) 'list_s3_bucket_files_dag' retrieved from /home/cloud/codings/airflow/dags/list_s3_bucket_files_dag.py
[2026-02-09T01:53:34.046+0000] {logging_mixin.py:188} INFO - [2026-02-09T01:53:34.045+0000] {dag.py:3089} INFO - Sync 1 DAGs
[2026-02-09T01:53:34.068+0000] {logging_mixin.py:188} INFO - [2026-02-09T01:53:34.067+0000] {dag.py:3947} INFO - Setting next_dagrun for list_s3_bucket_files_dag to None, run_after=None
[2026-02-09T01:53:34.104+0000] {processor.py:183} INFO - Processing /home/cloud/codings/airflow/dags/list_s3_bucket_files_dag.py took 0.110 seconds
[2026-02-09T01:54:04.356+0000] {processor.py:161} INFO - Started process (PID=319844) to work on /home/cloud/codings/airflow/dags/list_s3_bucket_files_dag.py
[2026-02-09T01:54:04.358+0000] {processor.py:830} INFO - Processing file /home/cloud/codings/airflow/dags/list_s3_bucket_files_dag.py for tasks to queue
[2026-02-09T01:54:04.359+0000] {logging_mixin.py:188} INFO - [2026-02-09T01:54:04.359+0000] {dagbag.py:545} INFO - Filling up the DagBag from /home/cloud/codings/airflow/dags/list_s3_bucket_files_dag.py
[2026-02-09T01:54:04.378+0000] {processor.py:840} INFO - DAG(s) 'list_s3_bucket_files_dag' retrieved from /home/cloud/codings/airflow/dags/list_s3_bucket_files_dag.py
[2026-02-09T01:54:04.411+0000] {logging_mixin.py:188} INFO - [2026-02-09T01:54:04.411+0000] {dag.py:3089} INFO - Sync 1 DAGs
[2026-02-09T01:54:04.434+0000] {logging_mixin.py:188} INFO - [2026-02-09T01:54:04.434+0000] {dag.py:3947} INFO - Setting next_dagrun for list_s3_bucket_files_dag to None, run_after=None
[2026-02-09T01:54:04.476+0000] {processor.py:183} INFO - Processing /home/cloud/codings/airflow/dags/list_s3_bucket_files_dag.py took 0.134 seconds
[2026-02-09T01:54:34.655+0000] {processor.py:161} INFO - Started process (PID=319908) to work on /home/cloud/codings/airflow/dags/list_s3_bucket_files_dag.py
[2026-02-09T01:54:34.678+0000] {processor.py:830} INFO - Processing file /home/cloud/codings/airflow/dags/list_s3_bucket_files_dag.py for tasks to queue
[2026-02-09T01:54:34.679+0000] {logging_mixin.py:188} INFO - [2026-02-09T01:54:34.679+0000] {dagbag.py:545} INFO - Filling up the DagBag from /home/cloud/codings/airflow/dags/list_s3_bucket_files_dag.py
[2026-02-09T01:54:34.699+0000] {processor.py:840} INFO - DAG(s) 'list_s3_bucket_files_dag' retrieved from /home/cloud/codings/airflow/dags/list_s3_bucket_files_dag.py
[2026-02-09T01:54:34.735+0000] {logging_mixin.py:188} INFO - [2026-02-09T01:54:34.734+0000] {dag.py:3089} INFO - Sync 1 DAGs
[2026-02-09T01:54:34.754+0000] {logging_mixin.py:188} INFO - [2026-02-09T01:54:34.754+0000] {dag.py:3947} INFO - Setting next_dagrun for list_s3_bucket_files_dag to None, run_after=None
[2026-02-09T01:54:34.783+0000] {processor.py:183} INFO - Processing /home/cloud/codings/airflow/dags/list_s3_bucket_files_dag.py took 0.139 seconds
[2026-02-09T01:55:04.997+0000] {processor.py:161} INFO - Started process (PID=319976) to work on /home/cloud/codings/airflow/dags/list_s3_bucket_files_dag.py
[2026-02-09T01:55:04.999+0000] {processor.py:830} INFO - Processing file /home/cloud/codings/airflow/dags/list_s3_bucket_files_dag.py for tasks to queue
[2026-02-09T01:55:05.001+0000] {logging_mixin.py:188} INFO - [2026-02-09T01:55:05.000+0000] {dagbag.py:545} INFO - Filling up the DagBag from /home/cloud/codings/airflow/dags/list_s3_bucket_files_dag.py
[2026-02-09T01:55:05.024+0000] {processor.py:840} INFO - DAG(s) 'list_s3_bucket_files_dag' retrieved from /home/cloud/codings/airflow/dags/list_s3_bucket_files_dag.py
[2026-02-09T01:55:05.061+0000] {logging_mixin.py:188} INFO - [2026-02-09T01:55:05.061+0000] {dag.py:3089} INFO - Sync 1 DAGs
[2026-02-09T01:55:05.074+0000] {logging_mixin.py:188} INFO - [2026-02-09T01:55:05.074+0000] {dag.py:3947} INFO - Setting next_dagrun for list_s3_bucket_files_dag to None, run_after=None
[2026-02-09T01:55:05.106+0000] {processor.py:183} INFO - Processing /home/cloud/codings/airflow/dags/list_s3_bucket_files_dag.py took 0.121 seconds
[2026-02-09T01:55:36.540+0000] {processor.py:161} INFO - Started process (PID=320056) to work on /home/cloud/codings/airflow/dags/list_s3_bucket_files_dag.py
[2026-02-09T01:55:36.542+0000] {processor.py:830} INFO - Processing file /home/cloud/codings/airflow/dags/list_s3_bucket_files_dag.py for tasks to queue
[2026-02-09T01:55:36.543+0000] {logging_mixin.py:188} INFO - [2026-02-09T01:55:36.542+0000] {dagbag.py:545} INFO - Filling up the DagBag from /home/cloud/codings/airflow/dags/list_s3_bucket_files_dag.py
[2026-02-09T01:55:36.555+0000] {processor.py:840} INFO - DAG(s) 'list_s3_bucket_files_dag' retrieved from /home/cloud/codings/airflow/dags/list_s3_bucket_files_dag.py
[2026-02-09T01:55:36.580+0000] {logging_mixin.py:188} INFO - [2026-02-09T01:55:36.580+0000] {dag.py:3089} INFO - Sync 1 DAGs
[2026-02-09T01:55:36.597+0000] {logging_mixin.py:188} INFO - [2026-02-09T01:55:36.597+0000] {dag.py:3947} INFO - Setting next_dagrun for list_s3_bucket_files_dag to None, run_after=None
[2026-02-09T01:55:36.630+0000] {processor.py:183} INFO - Processing /home/cloud/codings/airflow/dags/list_s3_bucket_files_dag.py took 0.097 seconds
[2026-02-09T01:56:07.673+0000] {processor.py:161} INFO - Started process (PID=320130) to work on /home/cloud/codings/airflow/dags/list_s3_bucket_files_dag.py
[2026-02-09T01:56:07.674+0000] {processor.py:830} INFO - Processing file /home/cloud/codings/airflow/dags/list_s3_bucket_files_dag.py for tasks to queue
[2026-02-09T01:56:07.675+0000] {logging_mixin.py:188} INFO - [2026-02-09T01:56:07.675+0000] {dagbag.py:545} INFO - Filling up the DagBag from /home/cloud/codings/airflow/dags/list_s3_bucket_files_dag.py
[2026-02-09T01:56:07.685+0000] {processor.py:840} INFO - DAG(s) 'list_s3_bucket_files_dag' retrieved from /home/cloud/codings/airflow/dags/list_s3_bucket_files_dag.py
[2026-02-09T01:56:07.705+0000] {logging_mixin.py:188} INFO - [2026-02-09T01:56:07.705+0000] {dag.py:3089} INFO - Sync 1 DAGs
[2026-02-09T01:56:07.719+0000] {logging_mixin.py:188} INFO - [2026-02-09T01:56:07.718+0000] {dag.py:3947} INFO - Setting next_dagrun for list_s3_bucket_files_dag to None, run_after=None
[2026-02-09T01:56:07.748+0000] {processor.py:183} INFO - Processing /home/cloud/codings/airflow/dags/list_s3_bucket_files_dag.py took 0.080 seconds
[2026-02-09T01:56:37.994+0000] {processor.py:161} INFO - Started process (PID=320206) to work on /home/cloud/codings/airflow/dags/list_s3_bucket_files_dag.py
[2026-02-09T01:56:37.996+0000] {processor.py:830} INFO - Processing file /home/cloud/codings/airflow/dags/list_s3_bucket_files_dag.py for tasks to queue
[2026-02-09T01:56:37.997+0000] {logging_mixin.py:188} INFO - [2026-02-09T01:56:37.997+0000] {dagbag.py:545} INFO - Filling up the DagBag from /home/cloud/codings/airflow/dags/list_s3_bucket_files_dag.py
[2026-02-09T01:56:38.009+0000] {processor.py:840} INFO - DAG(s) 'list_s3_bucket_files_dag' retrieved from /home/cloud/codings/airflow/dags/list_s3_bucket_files_dag.py
[2026-02-09T01:56:38.033+0000] {logging_mixin.py:188} INFO - [2026-02-09T01:56:38.033+0000] {dag.py:3089} INFO - Sync 1 DAGs
[2026-02-09T01:56:38.046+0000] {logging_mixin.py:188} INFO - [2026-02-09T01:56:38.046+0000] {dag.py:3947} INFO - Setting next_dagrun for list_s3_bucket_files_dag to None, run_after=None
[2026-02-09T01:56:38.071+0000] {processor.py:183} INFO - Processing /home/cloud/codings/airflow/dags/list_s3_bucket_files_dag.py took 0.083 seconds
[2026-02-09T01:57:08.335+0000] {processor.py:161} INFO - Started process (PID=320278) to work on /home/cloud/codings/airflow/dags/list_s3_bucket_files_dag.py
[2026-02-09T01:57:08.336+0000] {processor.py:830} INFO - Processing file /home/cloud/codings/airflow/dags/list_s3_bucket_files_dag.py for tasks to queue
[2026-02-09T01:57:08.338+0000] {logging_mixin.py:188} INFO - [2026-02-09T01:57:08.337+0000] {dagbag.py:545} INFO - Filling up the DagBag from /home/cloud/codings/airflow/dags/list_s3_bucket_files_dag.py
[2026-02-09T01:57:08.349+0000] {processor.py:840} INFO - DAG(s) 'list_s3_bucket_files_dag' retrieved from /home/cloud/codings/airflow/dags/list_s3_bucket_files_dag.py
[2026-02-09T01:57:08.377+0000] {logging_mixin.py:188} INFO - [2026-02-09T01:57:08.377+0000] {dag.py:3089} INFO - Sync 1 DAGs
[2026-02-09T01:57:08.395+0000] {logging_mixin.py:188} INFO - [2026-02-09T01:57:08.395+0000] {dag.py:3947} INFO - Setting next_dagrun for list_s3_bucket_files_dag to None, run_after=None
[2026-02-09T01:57:08.425+0000] {processor.py:183} INFO - Processing /home/cloud/codings/airflow/dags/list_s3_bucket_files_dag.py took 0.097 seconds
[2026-02-09T01:57:38.665+0000] {processor.py:161} INFO - Started process (PID=320354) to work on /home/cloud/codings/airflow/dags/list_s3_bucket_files_dag.py
[2026-02-09T01:57:38.690+0000] {processor.py:830} INFO - Processing file /home/cloud/codings/airflow/dags/list_s3_bucket_files_dag.py for tasks to queue
[2026-02-09T01:57:38.692+0000] {logging_mixin.py:188} INFO - [2026-02-09T01:57:38.691+0000] {dagbag.py:545} INFO - Filling up the DagBag from /home/cloud/codings/airflow/dags/list_s3_bucket_files_dag.py
[2026-02-09T01:57:38.709+0000] {processor.py:840} INFO - DAG(s) 'list_s3_bucket_files_dag' retrieved from /home/cloud/codings/airflow/dags/list_s3_bucket_files_dag.py
[2026-02-09T01:57:38.743+0000] {logging_mixin.py:188} INFO - [2026-02-09T01:57:38.743+0000] {dag.py:3089} INFO - Sync 1 DAGs
[2026-02-09T01:57:38.764+0000] {logging_mixin.py:188} INFO - [2026-02-09T01:57:38.764+0000] {dag.py:3947} INFO - Setting next_dagrun for list_s3_bucket_files_dag to None, run_after=None
[2026-02-09T01:57:38.798+0000] {processor.py:183} INFO - Processing /home/cloud/codings/airflow/dags/list_s3_bucket_files_dag.py took 0.142 seconds
[2026-02-09T01:58:09.045+0000] {processor.py:161} INFO - Started process (PID=320421) to work on /home/cloud/codings/airflow/dags/list_s3_bucket_files_dag.py
[2026-02-09T01:58:09.074+0000] {processor.py:830} INFO - Processing file /home/cloud/codings/airflow/dags/list_s3_bucket_files_dag.py for tasks to queue
[2026-02-09T01:58:09.075+0000] {logging_mixin.py:188} INFO - [2026-02-09T01:58:09.075+0000] {dagbag.py:545} INFO - Filling up the DagBag from /home/cloud/codings/airflow/dags/list_s3_bucket_files_dag.py
[2026-02-09T01:58:09.094+0000] {processor.py:840} INFO - DAG(s) 'list_s3_bucket_files_dag' retrieved from /home/cloud/codings/airflow/dags/list_s3_bucket_files_dag.py
[2026-02-09T01:58:09.128+0000] {logging_mixin.py:188} INFO - [2026-02-09T01:58:09.128+0000] {dag.py:3089} INFO - Sync 1 DAGs
[2026-02-09T01:58:09.150+0000] {logging_mixin.py:188} INFO - [2026-02-09T01:58:09.150+0000] {dag.py:3947} INFO - Setting next_dagrun for list_s3_bucket_files_dag to None, run_after=None
[2026-02-09T01:58:09.190+0000] {processor.py:183} INFO - Processing /home/cloud/codings/airflow/dags/list_s3_bucket_files_dag.py took 0.154 seconds
[2026-02-09T01:58:39.485+0000] {processor.py:161} INFO - Started process (PID=320494) to work on /home/cloud/codings/airflow/dags/list_s3_bucket_files_dag.py
[2026-02-09T01:58:39.503+0000] {processor.py:830} INFO - Processing file /home/cloud/codings/airflow/dags/list_s3_bucket_files_dag.py for tasks to queue
[2026-02-09T01:58:39.504+0000] {logging_mixin.py:188} INFO - [2026-02-09T01:58:39.503+0000] {dagbag.py:545} INFO - Filling up the DagBag from /home/cloud/codings/airflow/dags/list_s3_bucket_files_dag.py
[2026-02-09T01:58:39.518+0000] {processor.py:840} INFO - DAG(s) 'list_s3_bucket_files_dag' retrieved from /home/cloud/codings/airflow/dags/list_s3_bucket_files_dag.py
[2026-02-09T01:58:39.544+0000] {logging_mixin.py:188} INFO - [2026-02-09T01:58:39.544+0000] {dag.py:3089} INFO - Sync 1 DAGs
[2026-02-09T01:58:39.562+0000] {logging_mixin.py:188} INFO - [2026-02-09T01:58:39.562+0000] {dag.py:3947} INFO - Setting next_dagrun for list_s3_bucket_files_dag to None, run_after=None
[2026-02-09T01:58:39.595+0000] {processor.py:183} INFO - Processing /home/cloud/codings/airflow/dags/list_s3_bucket_files_dag.py took 0.120 seconds
[2026-02-09T01:59:09.933+0000] {processor.py:161} INFO - Started process (PID=320565) to work on /home/cloud/codings/airflow/dags/list_s3_bucket_files_dag.py
[2026-02-09T01:59:09.934+0000] {processor.py:830} INFO - Processing file /home/cloud/codings/airflow/dags/list_s3_bucket_files_dag.py for tasks to queue
[2026-02-09T01:59:09.935+0000] {logging_mixin.py:188} INFO - [2026-02-09T01:59:09.935+0000] {dagbag.py:545} INFO - Filling up the DagBag from /home/cloud/codings/airflow/dags/list_s3_bucket_files_dag.py
[2026-02-09T01:59:09.947+0000] {processor.py:840} INFO - DAG(s) 'list_s3_bucket_files_dag' retrieved from /home/cloud/codings/airflow/dags/list_s3_bucket_files_dag.py
[2026-02-09T01:59:09.977+0000] {logging_mixin.py:188} INFO - [2026-02-09T01:59:09.976+0000] {dag.py:3089} INFO - Sync 1 DAGs
[2026-02-09T01:59:09.995+0000] {logging_mixin.py:188} INFO - [2026-02-09T01:59:09.995+0000] {dag.py:3947} INFO - Setting next_dagrun for list_s3_bucket_files_dag to None, run_after=None
[2026-02-09T01:59:10.028+0000] {processor.py:183} INFO - Processing /home/cloud/codings/airflow/dags/list_s3_bucket_files_dag.py took 0.102 seconds
[2026-02-09T01:59:40.288+0000] {processor.py:161} INFO - Started process (PID=320633) to work on /home/cloud/codings/airflow/dags/list_s3_bucket_files_dag.py
[2026-02-09T01:59:40.307+0000] {processor.py:830} INFO - Processing file /home/cloud/codings/airflow/dags/list_s3_bucket_files_dag.py for tasks to queue
[2026-02-09T01:59:40.308+0000] {logging_mixin.py:188} INFO - [2026-02-09T01:59:40.308+0000] {dagbag.py:545} INFO - Filling up the DagBag from /home/cloud/codings/airflow/dags/list_s3_bucket_files_dag.py
[2026-02-09T01:59:40.326+0000] {processor.py:840} INFO - DAG(s) 'list_s3_bucket_files_dag' retrieved from /home/cloud/codings/airflow/dags/list_s3_bucket_files_dag.py
[2026-02-09T01:59:40.353+0000] {logging_mixin.py:188} INFO - [2026-02-09T01:59:40.352+0000] {dag.py:3089} INFO - Sync 1 DAGs
[2026-02-09T01:59:40.368+0000] {logging_mixin.py:188} INFO - [2026-02-09T01:59:40.368+0000] {dag.py:3947} INFO - Setting next_dagrun for list_s3_bucket_files_dag to None, run_after=None
[2026-02-09T01:59:40.399+0000] {processor.py:183} INFO - Processing /home/cloud/codings/airflow/dags/list_s3_bucket_files_dag.py took 0.124 seconds
[2026-02-09T02:00:10.643+0000] {processor.py:161} INFO - Started process (PID=320701) to work on /home/cloud/codings/airflow/dags/list_s3_bucket_files_dag.py
[2026-02-09T02:00:10.645+0000] {processor.py:830} INFO - Processing file /home/cloud/codings/airflow/dags/list_s3_bucket_files_dag.py for tasks to queue
[2026-02-09T02:00:10.646+0000] {logging_mixin.py:188} INFO - [2026-02-09T02:00:10.646+0000] {dagbag.py:545} INFO - Filling up the DagBag from /home/cloud/codings/airflow/dags/list_s3_bucket_files_dag.py
[2026-02-09T02:00:10.659+0000] {processor.py:840} INFO - DAG(s) 'list_s3_bucket_files_dag' retrieved from /home/cloud/codings/airflow/dags/list_s3_bucket_files_dag.py
[2026-02-09T02:00:10.684+0000] {logging_mixin.py:188} INFO - [2026-02-09T02:00:10.684+0000] {dag.py:3089} INFO - Sync 1 DAGs
[2026-02-09T02:00:10.704+0000] {logging_mixin.py:188} INFO - [2026-02-09T02:00:10.704+0000] {dag.py:3947} INFO - Setting next_dagrun for list_s3_bucket_files_dag to None, run_after=None
[2026-02-09T02:00:10.735+0000] {processor.py:183} INFO - Processing /home/cloud/codings/airflow/dags/list_s3_bucket_files_dag.py took 0.098 seconds
[2026-02-09T02:00:41.027+0000] {processor.py:161} INFO - Started process (PID=320775) to work on /home/cloud/codings/airflow/dags/list_s3_bucket_files_dag.py
[2026-02-09T02:00:41.046+0000] {processor.py:830} INFO - Processing file /home/cloud/codings/airflow/dags/list_s3_bucket_files_dag.py for tasks to queue
[2026-02-09T02:00:41.049+0000] {logging_mixin.py:188} INFO - [2026-02-09T02:00:41.048+0000] {dagbag.py:545} INFO - Filling up the DagBag from /home/cloud/codings/airflow/dags/list_s3_bucket_files_dag.py
[2026-02-09T02:00:41.078+0000] {processor.py:840} INFO - DAG(s) 'list_s3_bucket_files_dag' retrieved from /home/cloud/codings/airflow/dags/list_s3_bucket_files_dag.py
[2026-02-09T02:00:41.132+0000] {logging_mixin.py:188} INFO - [2026-02-09T02:00:41.132+0000] {dag.py:3089} INFO - Sync 1 DAGs
[2026-02-09T02:00:41.151+0000] {logging_mixin.py:188} INFO - [2026-02-09T02:00:41.151+0000] {dag.py:3947} INFO - Setting next_dagrun for list_s3_bucket_files_dag to None, run_after=None
[2026-02-09T02:00:41.175+0000] {processor.py:183} INFO - Processing /home/cloud/codings/airflow/dags/list_s3_bucket_files_dag.py took 0.166 seconds
[2026-02-09T02:01:11.293+0000] {processor.py:161} INFO - Started process (PID=320841) to work on /home/cloud/codings/airflow/dags/list_s3_bucket_files_dag.py
[2026-02-09T02:01:11.294+0000] {processor.py:830} INFO - Processing file /home/cloud/codings/airflow/dags/list_s3_bucket_files_dag.py for tasks to queue
[2026-02-09T02:01:11.295+0000] {logging_mixin.py:188} INFO - [2026-02-09T02:01:11.295+0000] {dagbag.py:545} INFO - Filling up the DagBag from /home/cloud/codings/airflow/dags/list_s3_bucket_files_dag.py
[2026-02-09T02:01:11.305+0000] {processor.py:840} INFO - DAG(s) 'list_s3_bucket_files_dag' retrieved from /home/cloud/codings/airflow/dags/list_s3_bucket_files_dag.py
[2026-02-09T02:01:11.326+0000] {logging_mixin.py:188} INFO - [2026-02-09T02:01:11.326+0000] {dag.py:3089} INFO - Sync 1 DAGs
[2026-02-09T02:01:11.340+0000] {logging_mixin.py:188} INFO - [2026-02-09T02:01:11.339+0000] {dag.py:3947} INFO - Setting next_dagrun for list_s3_bucket_files_dag to None, run_after=None
[2026-02-09T02:01:11.362+0000] {processor.py:183} INFO - Processing /home/cloud/codings/airflow/dags/list_s3_bucket_files_dag.py took 0.075 seconds
[2026-02-09T02:01:41.838+0000] {processor.py:161} INFO - Started process (PID=320917) to work on /home/cloud/codings/airflow/dags/list_s3_bucket_files_dag.py
[2026-02-09T02:01:41.840+0000] {processor.py:830} INFO - Processing file /home/cloud/codings/airflow/dags/list_s3_bucket_files_dag.py for tasks to queue
[2026-02-09T02:01:41.841+0000] {logging_mixin.py:188} INFO - [2026-02-09T02:01:41.841+0000] {dagbag.py:545} INFO - Filling up the DagBag from /home/cloud/codings/airflow/dags/list_s3_bucket_files_dag.py
[2026-02-09T02:01:41.862+0000] {processor.py:840} INFO - DAG(s) 'list_s3_bucket_files_dag' retrieved from /home/cloud/codings/airflow/dags/list_s3_bucket_files_dag.py
[2026-02-09T02:01:41.889+0000] {logging_mixin.py:188} INFO - [2026-02-09T02:01:41.889+0000] {dag.py:3089} INFO - Sync 1 DAGs
[2026-02-09T02:01:41.908+0000] {logging_mixin.py:188} INFO - [2026-02-09T02:01:41.908+0000] {dag.py:3947} INFO - Setting next_dagrun for list_s3_bucket_files_dag to None, run_after=None
[2026-02-09T02:01:41.942+0000] {processor.py:183} INFO - Processing /home/cloud/codings/airflow/dags/list_s3_bucket_files_dag.py took 0.117 seconds
[2026-02-09T02:02:12.333+0000] {processor.py:161} INFO - Started process (PID=320988) to work on /home/cloud/codings/airflow/dags/list_s3_bucket_files_dag.py
[2026-02-09T02:02:12.334+0000] {processor.py:830} INFO - Processing file /home/cloud/codings/airflow/dags/list_s3_bucket_files_dag.py for tasks to queue
[2026-02-09T02:02:12.336+0000] {logging_mixin.py:188} INFO - [2026-02-09T02:02:12.335+0000] {dagbag.py:545} INFO - Filling up the DagBag from /home/cloud/codings/airflow/dags/list_s3_bucket_files_dag.py
[2026-02-09T02:02:12.348+0000] {processor.py:840} INFO - DAG(s) 'list_s3_bucket_files_dag' retrieved from /home/cloud/codings/airflow/dags/list_s3_bucket_files_dag.py
[2026-02-09T02:02:12.374+0000] {logging_mixin.py:188} INFO - [2026-02-09T02:02:12.373+0000] {dag.py:3089} INFO - Sync 1 DAGs
[2026-02-09T02:02:12.391+0000] {logging_mixin.py:188} INFO - [2026-02-09T02:02:12.390+0000] {dag.py:3947} INFO - Setting next_dagrun for list_s3_bucket_files_dag to None, run_after=None
[2026-02-09T02:02:12.422+0000] {processor.py:183} INFO - Processing /home/cloud/codings/airflow/dags/list_s3_bucket_files_dag.py took 0.097 seconds
[2026-02-09T02:02:43.020+0000] {processor.py:161} INFO - Started process (PID=321059) to work on /home/cloud/codings/airflow/dags/list_s3_bucket_files_dag.py
[2026-02-09T02:02:43.022+0000] {processor.py:830} INFO - Processing file /home/cloud/codings/airflow/dags/list_s3_bucket_files_dag.py for tasks to queue
[2026-02-09T02:02:43.023+0000] {logging_mixin.py:188} INFO - [2026-02-09T02:02:43.023+0000] {dagbag.py:545} INFO - Filling up the DagBag from /home/cloud/codings/airflow/dags/list_s3_bucket_files_dag.py
[2026-02-09T02:02:43.040+0000] {processor.py:840} INFO - DAG(s) 'list_s3_bucket_files_dag' retrieved from /home/cloud/codings/airflow/dags/list_s3_bucket_files_dag.py
[2026-02-09T02:02:43.069+0000] {logging_mixin.py:188} INFO - [2026-02-09T02:02:43.069+0000] {dag.py:3089} INFO - Sync 1 DAGs
[2026-02-09T02:02:43.083+0000] {logging_mixin.py:188} INFO - [2026-02-09T02:02:43.082+0000] {dag.py:3947} INFO - Setting next_dagrun for list_s3_bucket_files_dag to None, run_after=None
[2026-02-09T02:02:43.108+0000] {processor.py:183} INFO - Processing /home/cloud/codings/airflow/dags/list_s3_bucket_files_dag.py took 0.105 seconds
[2026-02-09T02:03:13.444+0000] {processor.py:161} INFO - Started process (PID=321133) to work on /home/cloud/codings/airflow/dags/list_s3_bucket_files_dag.py
[2026-02-09T02:03:13.461+0000] {processor.py:830} INFO - Processing file /home/cloud/codings/airflow/dags/list_s3_bucket_files_dag.py for tasks to queue
[2026-02-09T02:03:13.462+0000] {logging_mixin.py:188} INFO - [2026-02-09T02:03:13.462+0000] {dagbag.py:545} INFO - Filling up the DagBag from /home/cloud/codings/airflow/dags/list_s3_bucket_files_dag.py
[2026-02-09T02:03:13.473+0000] {processor.py:840} INFO - DAG(s) 'list_s3_bucket_files_dag' retrieved from /home/cloud/codings/airflow/dags/list_s3_bucket_files_dag.py
[2026-02-09T02:03:13.498+0000] {logging_mixin.py:188} INFO - [2026-02-09T02:03:13.498+0000] {dag.py:3089} INFO - Sync 1 DAGs
[2026-02-09T02:03:13.513+0000] {logging_mixin.py:188} INFO - [2026-02-09T02:03:13.512+0000] {dag.py:3947} INFO - Setting next_dagrun for list_s3_bucket_files_dag to None, run_after=None
[2026-02-09T02:03:13.539+0000] {processor.py:183} INFO - Processing /home/cloud/codings/airflow/dags/list_s3_bucket_files_dag.py took 0.102 seconds
[2026-02-09T02:03:43.979+0000] {processor.py:161} INFO - Started process (PID=321209) to work on /home/cloud/codings/airflow/dags/list_s3_bucket_files_dag.py
[2026-02-09T02:03:43.981+0000] {processor.py:830} INFO - Processing file /home/cloud/codings/airflow/dags/list_s3_bucket_files_dag.py for tasks to queue
[2026-02-09T02:03:43.982+0000] {logging_mixin.py:188} INFO - [2026-02-09T02:03:43.982+0000] {dagbag.py:545} INFO - Filling up the DagBag from /home/cloud/codings/airflow/dags/list_s3_bucket_files_dag.py
[2026-02-09T02:03:43.993+0000] {processor.py:840} INFO - DAG(s) 'list_s3_bucket_files_dag' retrieved from /home/cloud/codings/airflow/dags/list_s3_bucket_files_dag.py
[2026-02-09T02:03:44.017+0000] {logging_mixin.py:188} INFO - [2026-02-09T02:03:44.017+0000] {dag.py:3089} INFO - Sync 1 DAGs
[2026-02-09T02:03:44.034+0000] {logging_mixin.py:188} INFO - [2026-02-09T02:03:44.033+0000] {dag.py:3947} INFO - Setting next_dagrun for list_s3_bucket_files_dag to None, run_after=None
[2026-02-09T02:03:44.085+0000] {processor.py:183} INFO - Processing /home/cloud/codings/airflow/dags/list_s3_bucket_files_dag.py took 0.112 seconds
[2026-02-09T02:04:14.560+0000] {processor.py:161} INFO - Started process (PID=321275) to work on /home/cloud/codings/airflow/dags/list_s3_bucket_files_dag.py
[2026-02-09T02:04:14.578+0000] {processor.py:830} INFO - Processing file /home/cloud/codings/airflow/dags/list_s3_bucket_files_dag.py for tasks to queue
[2026-02-09T02:04:14.580+0000] {logging_mixin.py:188} INFO - [2026-02-09T02:04:14.579+0000] {dagbag.py:545} INFO - Filling up the DagBag from /home/cloud/codings/airflow/dags/list_s3_bucket_files_dag.py
[2026-02-09T02:04:14.601+0000] {processor.py:840} INFO - DAG(s) 'list_s3_bucket_files_dag' retrieved from /home/cloud/codings/airflow/dags/list_s3_bucket_files_dag.py
[2026-02-09T02:04:14.640+0000] {logging_mixin.py:188} INFO - [2026-02-09T02:04:14.640+0000] {dag.py:3089} INFO - Sync 1 DAGs
[2026-02-09T02:04:14.669+0000] {logging_mixin.py:188} INFO - [2026-02-09T02:04:14.668+0000] {dag.py:3947} INFO - Setting next_dagrun for list_s3_bucket_files_dag to None, run_after=None
[2026-02-09T02:04:14.730+0000] {processor.py:183} INFO - Processing /home/cloud/codings/airflow/dags/list_s3_bucket_files_dag.py took 0.182 seconds
[2026-02-09T02:04:45.211+0000] {processor.py:161} INFO - Started process (PID=321351) to work on /home/cloud/codings/airflow/dags/list_s3_bucket_files_dag.py
[2026-02-09T02:04:45.216+0000] {processor.py:830} INFO - Processing file /home/cloud/codings/airflow/dags/list_s3_bucket_files_dag.py for tasks to queue
[2026-02-09T02:04:45.218+0000] {logging_mixin.py:188} INFO - [2026-02-09T02:04:45.217+0000] {dagbag.py:545} INFO - Filling up the DagBag from /home/cloud/codings/airflow/dags/list_s3_bucket_files_dag.py
[2026-02-09T02:04:45.231+0000] {processor.py:840} INFO - DAG(s) 'list_s3_bucket_files_dag' retrieved from /home/cloud/codings/airflow/dags/list_s3_bucket_files_dag.py
[2026-02-09T02:04:45.258+0000] {logging_mixin.py:188} INFO - [2026-02-09T02:04:45.257+0000] {dag.py:3089} INFO - Sync 1 DAGs
[2026-02-09T02:04:45.273+0000] {logging_mixin.py:188} INFO - [2026-02-09T02:04:45.273+0000] {dag.py:3947} INFO - Setting next_dagrun for list_s3_bucket_files_dag to None, run_after=None
[2026-02-09T02:04:45.302+0000] {processor.py:183} INFO - Processing /home/cloud/codings/airflow/dags/list_s3_bucket_files_dag.py took 0.102 seconds
[2026-02-09T02:05:15.746+0000] {processor.py:161} INFO - Started process (PID=321425) to work on /home/cloud/codings/airflow/dags/list_s3_bucket_files_dag.py
[2026-02-09T02:05:15.747+0000] {processor.py:830} INFO - Processing file /home/cloud/codings/airflow/dags/list_s3_bucket_files_dag.py for tasks to queue
[2026-02-09T02:05:15.748+0000] {logging_mixin.py:188} INFO - [2026-02-09T02:05:15.748+0000] {dagbag.py:545} INFO - Filling up the DagBag from /home/cloud/codings/airflow/dags/list_s3_bucket_files_dag.py
[2026-02-09T02:05:15.761+0000] {processor.py:840} INFO - DAG(s) 'list_s3_bucket_files_dag' retrieved from /home/cloud/codings/airflow/dags/list_s3_bucket_files_dag.py
[2026-02-09T02:05:15.785+0000] {logging_mixin.py:188} INFO - [2026-02-09T02:05:15.785+0000] {dag.py:3089} INFO - Sync 1 DAGs
[2026-02-09T02:05:15.799+0000] {logging_mixin.py:188} INFO - [2026-02-09T02:05:15.798+0000] {dag.py:3947} INFO - Setting next_dagrun for list_s3_bucket_files_dag to None, run_after=None
[2026-02-09T02:05:15.830+0000] {processor.py:183} INFO - Processing /home/cloud/codings/airflow/dags/list_s3_bucket_files_dag.py took 0.090 seconds
[2026-02-09T02:05:46.271+0000] {processor.py:161} INFO - Started process (PID=321499) to work on /home/cloud/codings/airflow/dags/list_s3_bucket_files_dag.py
[2026-02-09T02:05:46.272+0000] {processor.py:830} INFO - Processing file /home/cloud/codings/airflow/dags/list_s3_bucket_files_dag.py for tasks to queue
[2026-02-09T02:05:46.273+0000] {logging_mixin.py:188} INFO - [2026-02-09T02:05:46.273+0000] {dagbag.py:545} INFO - Filling up the DagBag from /home/cloud/codings/airflow/dags/list_s3_bucket_files_dag.py
[2026-02-09T02:05:46.285+0000] {processor.py:840} INFO - DAG(s) 'list_s3_bucket_files_dag' retrieved from /home/cloud/codings/airflow/dags/list_s3_bucket_files_dag.py
[2026-02-09T02:05:46.313+0000] {logging_mixin.py:188} INFO - [2026-02-09T02:05:46.312+0000] {dag.py:3089} INFO - Sync 1 DAGs
[2026-02-09T02:05:46.330+0000] {logging_mixin.py:188} INFO - [2026-02-09T02:05:46.329+0000] {dag.py:3947} INFO - Setting next_dagrun for list_s3_bucket_files_dag to None, run_after=None
[2026-02-09T02:05:46.362+0000] {processor.py:183} INFO - Processing /home/cloud/codings/airflow/dags/list_s3_bucket_files_dag.py took 0.098 seconds
[2026-02-09T02:06:16.703+0000] {processor.py:161} INFO - Started process (PID=321573) to work on /home/cloud/codings/airflow/dags/list_s3_bucket_files_dag.py
[2026-02-09T02:06:16.721+0000] {processor.py:830} INFO - Processing file /home/cloud/codings/airflow/dags/list_s3_bucket_files_dag.py for tasks to queue
[2026-02-09T02:06:16.722+0000] {logging_mixin.py:188} INFO - [2026-02-09T02:06:16.722+0000] {dagbag.py:545} INFO - Filling up the DagBag from /home/cloud/codings/airflow/dags/list_s3_bucket_files_dag.py
[2026-02-09T02:06:16.735+0000] {processor.py:840} INFO - DAG(s) 'list_s3_bucket_files_dag' retrieved from /home/cloud/codings/airflow/dags/list_s3_bucket_files_dag.py
[2026-02-09T02:06:16.756+0000] {logging_mixin.py:188} INFO - [2026-02-09T02:06:16.755+0000] {dag.py:3089} INFO - Sync 1 DAGs
[2026-02-09T02:06:16.770+0000] {logging_mixin.py:188} INFO - [2026-02-09T02:06:16.770+0000] {dag.py:3947} INFO - Setting next_dagrun for list_s3_bucket_files_dag to None, run_after=None
[2026-02-09T02:06:16.796+0000] {processor.py:183} INFO - Processing /home/cloud/codings/airflow/dags/list_s3_bucket_files_dag.py took 0.099 seconds
[2026-02-09T02:06:47.244+0000] {processor.py:161} INFO - Started process (PID=321648) to work on /home/cloud/codings/airflow/dags/list_s3_bucket_files_dag.py
[2026-02-09T02:06:47.245+0000] {processor.py:830} INFO - Processing file /home/cloud/codings/airflow/dags/list_s3_bucket_files_dag.py for tasks to queue
[2026-02-09T02:06:47.246+0000] {logging_mixin.py:188} INFO - [2026-02-09T02:06:47.245+0000] {dagbag.py:545} INFO - Filling up the DagBag from /home/cloud/codings/airflow/dags/list_s3_bucket_files_dag.py
[2026-02-09T02:06:47.259+0000] {processor.py:840} INFO - DAG(s) 'list_s3_bucket_files_dag' retrieved from /home/cloud/codings/airflow/dags/list_s3_bucket_files_dag.py
[2026-02-09T02:06:47.284+0000] {logging_mixin.py:188} INFO - [2026-02-09T02:06:47.284+0000] {dag.py:3089} INFO - Sync 1 DAGs
[2026-02-09T02:06:47.301+0000] {logging_mixin.py:188} INFO - [2026-02-09T02:06:47.301+0000] {dag.py:3947} INFO - Setting next_dagrun for list_s3_bucket_files_dag to None, run_after=None
[2026-02-09T02:06:47.334+0000] {processor.py:183} INFO - Processing /home/cloud/codings/airflow/dags/list_s3_bucket_files_dag.py took 0.097 seconds
[2026-02-09T02:07:17.665+0000] {processor.py:161} INFO - Started process (PID=321726) to work on /home/cloud/codings/airflow/dags/list_s3_bucket_files_dag.py
[2026-02-09T02:07:17.667+0000] {processor.py:830} INFO - Processing file /home/cloud/codings/airflow/dags/list_s3_bucket_files_dag.py for tasks to queue
[2026-02-09T02:07:17.669+0000] {logging_mixin.py:188} INFO - [2026-02-09T02:07:17.668+0000] {dagbag.py:545} INFO - Filling up the DagBag from /home/cloud/codings/airflow/dags/list_s3_bucket_files_dag.py
[2026-02-09T02:07:17.684+0000] {processor.py:840} INFO - DAG(s) 'list_s3_bucket_files_dag' retrieved from /home/cloud/codings/airflow/dags/list_s3_bucket_files_dag.py
[2026-02-09T02:07:17.715+0000] {logging_mixin.py:188} INFO - [2026-02-09T02:07:17.715+0000] {dag.py:3089} INFO - Sync 1 DAGs
[2026-02-09T02:07:17.735+0000] {logging_mixin.py:188} INFO - [2026-02-09T02:07:17.734+0000] {dag.py:3947} INFO - Setting next_dagrun for list_s3_bucket_files_dag to None, run_after=None
[2026-02-09T02:07:17.776+0000] {processor.py:183} INFO - Processing /home/cloud/codings/airflow/dags/list_s3_bucket_files_dag.py took 0.119 seconds
[2026-02-09T02:07:48.213+0000] {processor.py:161} INFO - Started process (PID=321808) to work on /home/cloud/codings/airflow/dags/list_s3_bucket_files_dag.py
[2026-02-09T02:07:48.215+0000] {processor.py:830} INFO - Processing file /home/cloud/codings/airflow/dags/list_s3_bucket_files_dag.py for tasks to queue
[2026-02-09T02:07:48.216+0000] {logging_mixin.py:188} INFO - [2026-02-09T02:07:48.216+0000] {dagbag.py:545} INFO - Filling up the DagBag from /home/cloud/codings/airflow/dags/list_s3_bucket_files_dag.py
[2026-02-09T02:07:48.231+0000] {processor.py:840} INFO - DAG(s) 'list_s3_bucket_files_dag' retrieved from /home/cloud/codings/airflow/dags/list_s3_bucket_files_dag.py
[2026-02-09T02:07:48.259+0000] {logging_mixin.py:188} INFO - [2026-02-09T02:07:48.259+0000] {dag.py:3089} INFO - Sync 1 DAGs
[2026-02-09T02:07:48.276+0000] {logging_mixin.py:188} INFO - [2026-02-09T02:07:48.276+0000] {dag.py:3947} INFO - Setting next_dagrun for list_s3_bucket_files_dag to None, run_after=None
[2026-02-09T02:07:48.308+0000] {processor.py:183} INFO - Processing /home/cloud/codings/airflow/dags/list_s3_bucket_files_dag.py took 0.104 seconds
[2026-02-09T02:08:18.734+0000] {processor.py:161} INFO - Started process (PID=321880) to work on /home/cloud/codings/airflow/dags/list_s3_bucket_files_dag.py
[2026-02-09T02:08:18.736+0000] {processor.py:830} INFO - Processing file /home/cloud/codings/airflow/dags/list_s3_bucket_files_dag.py for tasks to queue
[2026-02-09T02:08:18.737+0000] {logging_mixin.py:188} INFO - [2026-02-09T02:08:18.736+0000] {dagbag.py:545} INFO - Filling up the DagBag from /home/cloud/codings/airflow/dags/list_s3_bucket_files_dag.py
[2026-02-09T02:08:18.747+0000] {processor.py:840} INFO - DAG(s) 'list_s3_bucket_files_dag' retrieved from /home/cloud/codings/airflow/dags/list_s3_bucket_files_dag.py
[2026-02-09T02:08:18.775+0000] {logging_mixin.py:188} INFO - [2026-02-09T02:08:18.775+0000] {dag.py:3089} INFO - Sync 1 DAGs
[2026-02-09T02:08:18.793+0000] {logging_mixin.py:188} INFO - [2026-02-09T02:08:18.793+0000] {dag.py:3947} INFO - Setting next_dagrun for list_s3_bucket_files_dag to None, run_after=None
[2026-02-09T02:08:18.821+0000] {processor.py:183} INFO - Processing /home/cloud/codings/airflow/dags/list_s3_bucket_files_dag.py took 0.092 seconds
[2026-02-09T02:08:49.176+0000] {processor.py:161} INFO - Started process (PID=321958) to work on /home/cloud/codings/airflow/dags/list_s3_bucket_files_dag.py
[2026-02-09T02:08:49.177+0000] {processor.py:830} INFO - Processing file /home/cloud/codings/airflow/dags/list_s3_bucket_files_dag.py for tasks to queue
[2026-02-09T02:08:49.179+0000] {logging_mixin.py:188} INFO - [2026-02-09T02:08:49.178+0000] {dagbag.py:545} INFO - Filling up the DagBag from /home/cloud/codings/airflow/dags/list_s3_bucket_files_dag.py
[2026-02-09T02:08:49.194+0000] {processor.py:840} INFO - DAG(s) 'list_s3_bucket_files_dag' retrieved from /home/cloud/codings/airflow/dags/list_s3_bucket_files_dag.py
[2026-02-09T02:08:49.224+0000] {logging_mixin.py:188} INFO - [2026-02-09T02:08:49.223+0000] {dag.py:3089} INFO - Sync 1 DAGs
[2026-02-09T02:08:49.243+0000] {logging_mixin.py:188} INFO - [2026-02-09T02:08:49.243+0000] {dag.py:3947} INFO - Setting next_dagrun for list_s3_bucket_files_dag to None, run_after=None
[2026-02-09T02:08:49.277+0000] {processor.py:183} INFO - Processing /home/cloud/codings/airflow/dags/list_s3_bucket_files_dag.py took 0.111 seconds
[2026-02-09T02:09:19.719+0000] {processor.py:161} INFO - Started process (PID=322032) to work on /home/cloud/codings/airflow/dags/list_s3_bucket_files_dag.py
[2026-02-09T02:09:19.737+0000] {processor.py:830} INFO - Processing file /home/cloud/codings/airflow/dags/list_s3_bucket_files_dag.py for tasks to queue
[2026-02-09T02:09:19.739+0000] {logging_mixin.py:188} INFO - [2026-02-09T02:09:19.738+0000] {dagbag.py:545} INFO - Filling up the DagBag from /home/cloud/codings/airflow/dags/list_s3_bucket_files_dag.py
[2026-02-09T02:09:19.757+0000] {processor.py:840} INFO - DAG(s) 'list_s3_bucket_files_dag' retrieved from /home/cloud/codings/airflow/dags/list_s3_bucket_files_dag.py
[2026-02-09T02:09:19.793+0000] {logging_mixin.py:188} INFO - [2026-02-09T02:09:19.793+0000] {dag.py:3089} INFO - Sync 1 DAGs
[2026-02-09T02:09:19.818+0000] {logging_mixin.py:188} INFO - [2026-02-09T02:09:19.817+0000] {dag.py:3947} INFO - Setting next_dagrun for list_s3_bucket_files_dag to None, run_after=None
[2026-02-09T02:09:19.860+0000] {processor.py:183} INFO - Processing /home/cloud/codings/airflow/dags/list_s3_bucket_files_dag.py took 0.152 seconds
[2026-02-09T02:09:50.259+0000] {processor.py:161} INFO - Started process (PID=322108) to work on /home/cloud/codings/airflow/dags/list_s3_bucket_files_dag.py
[2026-02-09T02:09:50.260+0000] {processor.py:830} INFO - Processing file /home/cloud/codings/airflow/dags/list_s3_bucket_files_dag.py for tasks to queue
[2026-02-09T02:09:50.262+0000] {logging_mixin.py:188} INFO - [2026-02-09T02:09:50.261+0000] {dagbag.py:545} INFO - Filling up the DagBag from /home/cloud/codings/airflow/dags/list_s3_bucket_files_dag.py
[2026-02-09T02:09:50.272+0000] {processor.py:840} INFO - DAG(s) 'list_s3_bucket_files_dag' retrieved from /home/cloud/codings/airflow/dags/list_s3_bucket_files_dag.py
[2026-02-09T02:09:50.295+0000] {logging_mixin.py:188} INFO - [2026-02-09T02:09:50.295+0000] {dag.py:3089} INFO - Sync 1 DAGs
[2026-02-09T02:09:50.311+0000] {logging_mixin.py:188} INFO - [2026-02-09T02:09:50.310+0000] {dag.py:3947} INFO - Setting next_dagrun for list_s3_bucket_files_dag to None, run_after=None
[2026-02-09T02:09:50.346+0000] {processor.py:183} INFO - Processing /home/cloud/codings/airflow/dags/list_s3_bucket_files_dag.py took 0.094 seconds
[2026-02-09T02:10:20.823+0000] {processor.py:161} INFO - Started process (PID=322182) to work on /home/cloud/codings/airflow/dags/list_s3_bucket_files_dag.py
[2026-02-09T02:10:20.824+0000] {processor.py:830} INFO - Processing file /home/cloud/codings/airflow/dags/list_s3_bucket_files_dag.py for tasks to queue
[2026-02-09T02:10:20.825+0000] {logging_mixin.py:188} INFO - [2026-02-09T02:10:20.825+0000] {dagbag.py:545} INFO - Filling up the DagBag from /home/cloud/codings/airflow/dags/list_s3_bucket_files_dag.py
[2026-02-09T02:10:20.838+0000] {processor.py:840} INFO - DAG(s) 'list_s3_bucket_files_dag' retrieved from /home/cloud/codings/airflow/dags/list_s3_bucket_files_dag.py
[2026-02-09T02:10:20.864+0000] {logging_mixin.py:188} INFO - [2026-02-09T02:10:20.864+0000] {dag.py:3089} INFO - Sync 1 DAGs
[2026-02-09T02:10:20.883+0000] {logging_mixin.py:188} INFO - [2026-02-09T02:10:20.883+0000] {dag.py:3947} INFO - Setting next_dagrun for list_s3_bucket_files_dag to None, run_after=None
[2026-02-09T02:10:20.913+0000] {processor.py:183} INFO - Processing /home/cloud/codings/airflow/dags/list_s3_bucket_files_dag.py took 0.097 seconds
[2026-02-09T02:10:51.271+0000] {processor.py:161} INFO - Started process (PID=322258) to work on /home/cloud/codings/airflow/dags/list_s3_bucket_files_dag.py
[2026-02-09T02:10:51.299+0000] {processor.py:830} INFO - Processing file /home/cloud/codings/airflow/dags/list_s3_bucket_files_dag.py for tasks to queue
[2026-02-09T02:10:51.300+0000] {logging_mixin.py:188} INFO - [2026-02-09T02:10:51.300+0000] {dagbag.py:545} INFO - Filling up the DagBag from /home/cloud/codings/airflow/dags/list_s3_bucket_files_dag.py
[2026-02-09T02:10:51.310+0000] {processor.py:840} INFO - DAG(s) 'list_s3_bucket_files_dag' retrieved from /home/cloud/codings/airflow/dags/list_s3_bucket_files_dag.py
[2026-02-09T02:10:51.334+0000] {logging_mixin.py:188} INFO - [2026-02-09T02:10:51.334+0000] {dag.py:3089} INFO - Sync 1 DAGs
[2026-02-09T02:10:51.350+0000] {logging_mixin.py:188} INFO - [2026-02-09T02:10:51.349+0000] {dag.py:3947} INFO - Setting next_dagrun for list_s3_bucket_files_dag to None, run_after=None
[2026-02-09T02:10:51.376+0000] {processor.py:183} INFO - Processing /home/cloud/codings/airflow/dags/list_s3_bucket_files_dag.py took 0.112 seconds
[2026-02-09T02:11:21.752+0000] {processor.py:161} INFO - Started process (PID=322336) to work on /home/cloud/codings/airflow/dags/list_s3_bucket_files_dag.py
[2026-02-09T02:11:21.754+0000] {processor.py:830} INFO - Processing file /home/cloud/codings/airflow/dags/list_s3_bucket_files_dag.py for tasks to queue
[2026-02-09T02:11:21.755+0000] {logging_mixin.py:188} INFO - [2026-02-09T02:11:21.755+0000] {dagbag.py:545} INFO - Filling up the DagBag from /home/cloud/codings/airflow/dags/list_s3_bucket_files_dag.py
[2026-02-09T02:11:21.773+0000] {processor.py:840} INFO - DAG(s) 'list_s3_bucket_files_dag' retrieved from /home/cloud/codings/airflow/dags/list_s3_bucket_files_dag.py
[2026-02-09T02:11:21.812+0000] {logging_mixin.py:188} INFO - [2026-02-09T02:11:21.812+0000] {dag.py:3089} INFO - Sync 1 DAGs
[2026-02-09T02:11:21.835+0000] {logging_mixin.py:188} INFO - [2026-02-09T02:11:21.835+0000] {dag.py:3947} INFO - Setting next_dagrun for list_s3_bucket_files_dag to None, run_after=None
[2026-02-09T02:11:21.874+0000] {processor.py:183} INFO - Processing /home/cloud/codings/airflow/dags/list_s3_bucket_files_dag.py took 0.132 seconds
[2026-02-09T02:11:52.234+0000] {processor.py:161} INFO - Started process (PID=322410) to work on /home/cloud/codings/airflow/dags/list_s3_bucket_files_dag.py
[2026-02-09T02:11:52.259+0000] {processor.py:830} INFO - Processing file /home/cloud/codings/airflow/dags/list_s3_bucket_files_dag.py for tasks to queue
[2026-02-09T02:11:52.260+0000] {logging_mixin.py:188} INFO - [2026-02-09T02:11:52.260+0000] {dagbag.py:545} INFO - Filling up the DagBag from /home/cloud/codings/airflow/dags/list_s3_bucket_files_dag.py
[2026-02-09T02:11:52.275+0000] {processor.py:840} INFO - DAG(s) 'list_s3_bucket_files_dag' retrieved from /home/cloud/codings/airflow/dags/list_s3_bucket_files_dag.py
[2026-02-09T02:11:52.317+0000] {logging_mixin.py:188} INFO - [2026-02-09T02:11:52.317+0000] {dag.py:3089} INFO - Sync 1 DAGs
[2026-02-09T02:11:52.334+0000] {logging_mixin.py:188} INFO - [2026-02-09T02:11:52.334+0000] {dag.py:3947} INFO - Setting next_dagrun for list_s3_bucket_files_dag to None, run_after=None
[2026-02-09T02:11:52.363+0000] {processor.py:183} INFO - Processing /home/cloud/codings/airflow/dags/list_s3_bucket_files_dag.py took 0.136 seconds
[2026-02-09T02:12:22.815+0000] {processor.py:161} INFO - Started process (PID=322484) to work on /home/cloud/codings/airflow/dags/list_s3_bucket_files_dag.py
[2026-02-09T02:12:22.815+0000] {processor.py:830} INFO - Processing file /home/cloud/codings/airflow/dags/list_s3_bucket_files_dag.py for tasks to queue
[2026-02-09T02:12:22.816+0000] {logging_mixin.py:188} INFO - [2026-02-09T02:12:22.816+0000] {dagbag.py:545} INFO - Filling up the DagBag from /home/cloud/codings/airflow/dags/list_s3_bucket_files_dag.py
[2026-02-09T02:12:22.827+0000] {processor.py:840} INFO - DAG(s) 'list_s3_bucket_files_dag' retrieved from /home/cloud/codings/airflow/dags/list_s3_bucket_files_dag.py
[2026-02-09T02:12:22.849+0000] {logging_mixin.py:188} INFO - [2026-02-09T02:12:22.849+0000] {dag.py:3089} INFO - Sync 1 DAGs
[2026-02-09T02:12:22.864+0000] {logging_mixin.py:188} INFO - [2026-02-09T02:12:22.864+0000] {dag.py:3947} INFO - Setting next_dagrun for list_s3_bucket_files_dag to None, run_after=None
[2026-02-09T02:12:22.890+0000] {processor.py:183} INFO - Processing /home/cloud/codings/airflow/dags/list_s3_bucket_files_dag.py took 0.081 seconds
[2026-02-09T02:12:53.230+0000] {processor.py:161} INFO - Started process (PID=322564) to work on /home/cloud/codings/airflow/dags/list_s3_bucket_files_dag.py
[2026-02-09T02:12:53.254+0000] {processor.py:830} INFO - Processing file /home/cloud/codings/airflow/dags/list_s3_bucket_files_dag.py for tasks to queue
[2026-02-09T02:12:53.256+0000] {logging_mixin.py:188} INFO - [2026-02-09T02:12:53.255+0000] {dagbag.py:545} INFO - Filling up the DagBag from /home/cloud/codings/airflow/dags/list_s3_bucket_files_dag.py
[2026-02-09T02:12:53.272+0000] {processor.py:840} INFO - DAG(s) 'list_s3_bucket_files_dag' retrieved from /home/cloud/codings/airflow/dags/list_s3_bucket_files_dag.py
[2026-02-09T02:12:53.300+0000] {logging_mixin.py:188} INFO - [2026-02-09T02:12:53.300+0000] {dag.py:3089} INFO - Sync 1 DAGs
[2026-02-09T02:12:53.319+0000] {logging_mixin.py:188} INFO - [2026-02-09T02:12:53.319+0000] {dag.py:3947} INFO - Setting next_dagrun for list_s3_bucket_files_dag to None, run_after=None
[2026-02-09T02:12:53.350+0000] {processor.py:183} INFO - Processing /home/cloud/codings/airflow/dags/list_s3_bucket_files_dag.py took 0.128 seconds
[2026-02-09T02:13:23.850+0000] {processor.py:161} INFO - Started process (PID=322638) to work on /home/cloud/codings/airflow/dags/list_s3_bucket_files_dag.py
[2026-02-09T02:13:23.853+0000] {processor.py:830} INFO - Processing file /home/cloud/codings/airflow/dags/list_s3_bucket_files_dag.py for tasks to queue
[2026-02-09T02:13:23.855+0000] {logging_mixin.py:188} INFO - [2026-02-09T02:13:23.854+0000] {dagbag.py:545} INFO - Filling up the DagBag from /home/cloud/codings/airflow/dags/list_s3_bucket_files_dag.py
[2026-02-09T02:13:23.874+0000] {processor.py:840} INFO - DAG(s) 'list_s3_bucket_files_dag' retrieved from /home/cloud/codings/airflow/dags/list_s3_bucket_files_dag.py
[2026-02-09T02:13:23.912+0000] {logging_mixin.py:188} INFO - [2026-02-09T02:13:23.911+0000] {dag.py:3089} INFO - Sync 1 DAGs
[2026-02-09T02:13:23.936+0000] {logging_mixin.py:188} INFO - [2026-02-09T02:13:23.936+0000] {dag.py:3947} INFO - Setting next_dagrun for list_s3_bucket_files_dag to None, run_after=None
[2026-02-09T02:13:23.965+0000] {processor.py:183} INFO - Processing /home/cloud/codings/airflow/dags/list_s3_bucket_files_dag.py took 0.126 seconds
[2026-02-09T02:13:54.180+0000] {processor.py:161} INFO - Started process (PID=322714) to work on /home/cloud/codings/airflow/dags/list_s3_bucket_files_dag.py
[2026-02-09T02:13:54.180+0000] {processor.py:830} INFO - Processing file /home/cloud/codings/airflow/dags/list_s3_bucket_files_dag.py for tasks to queue
[2026-02-09T02:13:54.181+0000] {logging_mixin.py:188} INFO - [2026-02-09T02:13:54.181+0000] {dagbag.py:545} INFO - Filling up the DagBag from /home/cloud/codings/airflow/dags/list_s3_bucket_files_dag.py
[2026-02-09T02:13:54.192+0000] {processor.py:840} INFO - DAG(s) 'list_s3_bucket_files_dag' retrieved from /home/cloud/codings/airflow/dags/list_s3_bucket_files_dag.py
[2026-02-09T02:13:54.212+0000] {logging_mixin.py:188} INFO - [2026-02-09T02:13:54.211+0000] {dag.py:3089} INFO - Sync 1 DAGs
[2026-02-09T02:13:54.226+0000] {logging_mixin.py:188} INFO - [2026-02-09T02:13:54.226+0000] {dag.py:3947} INFO - Setting next_dagrun for list_s3_bucket_files_dag to None, run_after=None
[2026-02-09T02:13:54.250+0000] {processor.py:183} INFO - Processing /home/cloud/codings/airflow/dags/list_s3_bucket_files_dag.py took 0.076 seconds
[2026-02-09T02:14:24.691+0000] {processor.py:161} INFO - Started process (PID=322813) to work on /home/cloud/codings/airflow/dags/list_s3_bucket_files_dag.py
[2026-02-09T02:14:24.693+0000] {processor.py:830} INFO - Processing file /home/cloud/codings/airflow/dags/list_s3_bucket_files_dag.py for tasks to queue
[2026-02-09T02:14:24.695+0000] {logging_mixin.py:188} INFO - [2026-02-09T02:14:24.695+0000] {dagbag.py:545} INFO - Filling up the DagBag from /home/cloud/codings/airflow/dags/list_s3_bucket_files_dag.py
[2026-02-09T02:14:24.714+0000] {processor.py:840} INFO - DAG(s) 'list_s3_bucket_files_dag' retrieved from /home/cloud/codings/airflow/dags/list_s3_bucket_files_dag.py
[2026-02-09T02:14:24.752+0000] {logging_mixin.py:188} INFO - [2026-02-09T02:14:24.752+0000] {dag.py:3089} INFO - Sync 1 DAGs
[2026-02-09T02:14:24.770+0000] {logging_mixin.py:188} INFO - [2026-02-09T02:14:24.769+0000] {dag.py:3947} INFO - Setting next_dagrun for list_s3_bucket_files_dag to None, run_after=None
[2026-02-09T02:14:24.797+0000] {processor.py:183} INFO - Processing /home/cloud/codings/airflow/dags/list_s3_bucket_files_dag.py took 0.118 seconds
[2026-02-09T02:14:55.174+0000] {processor.py:161} INFO - Started process (PID=322889) to work on /home/cloud/codings/airflow/dags/list_s3_bucket_files_dag.py
[2026-02-09T02:14:55.175+0000] {processor.py:830} INFO - Processing file /home/cloud/codings/airflow/dags/list_s3_bucket_files_dag.py for tasks to queue
[2026-02-09T02:14:55.177+0000] {logging_mixin.py:188} INFO - [2026-02-09T02:14:55.176+0000] {dagbag.py:545} INFO - Filling up the DagBag from /home/cloud/codings/airflow/dags/list_s3_bucket_files_dag.py
[2026-02-09T02:14:55.197+0000] {processor.py:840} INFO - DAG(s) 'list_s3_bucket_files_dag' retrieved from /home/cloud/codings/airflow/dags/list_s3_bucket_files_dag.py
[2026-02-09T02:14:55.234+0000] {logging_mixin.py:188} INFO - [2026-02-09T02:14:55.233+0000] {dag.py:3089} INFO - Sync 1 DAGs
[2026-02-09T02:14:55.249+0000] {logging_mixin.py:188} INFO - [2026-02-09T02:14:55.249+0000] {dag.py:3947} INFO - Setting next_dagrun for list_s3_bucket_files_dag to None, run_after=None
[2026-02-09T02:14:55.276+0000] {processor.py:183} INFO - Processing /home/cloud/codings/airflow/dags/list_s3_bucket_files_dag.py took 0.113 seconds
[2026-02-09T02:15:25.576+0000] {processor.py:161} INFO - Started process (PID=322971) to work on /home/cloud/codings/airflow/dags/list_s3_bucket_files_dag.py
[2026-02-09T02:15:25.600+0000] {processor.py:830} INFO - Processing file /home/cloud/codings/airflow/dags/list_s3_bucket_files_dag.py for tasks to queue
[2026-02-09T02:15:25.602+0000] {logging_mixin.py:188} INFO - [2026-02-09T02:15:25.601+0000] {dagbag.py:545} INFO - Filling up the DagBag from /home/cloud/codings/airflow/dags/list_s3_bucket_files_dag.py
[2026-02-09T02:15:25.613+0000] {processor.py:840} INFO - DAG(s) 'list_s3_bucket_files_dag' retrieved from /home/cloud/codings/airflow/dags/list_s3_bucket_files_dag.py
[2026-02-09T02:15:25.640+0000] {logging_mixin.py:188} INFO - [2026-02-09T02:15:25.640+0000] {dag.py:3089} INFO - Sync 1 DAGs
[2026-02-09T02:15:25.656+0000] {logging_mixin.py:188} INFO - [2026-02-09T02:15:25.656+0000] {dag.py:3947} INFO - Setting next_dagrun for list_s3_bucket_files_dag to None, run_after=None
[2026-02-09T02:15:25.686+0000] {processor.py:183} INFO - Processing /home/cloud/codings/airflow/dags/list_s3_bucket_files_dag.py took 0.116 seconds
[2026-02-09T02:15:56.056+0000] {processor.py:161} INFO - Started process (PID=323043) to work on /home/cloud/codings/airflow/dags/list_s3_bucket_files_dag.py
[2026-02-09T02:15:56.058+0000] {processor.py:830} INFO - Processing file /home/cloud/codings/airflow/dags/list_s3_bucket_files_dag.py for tasks to queue
[2026-02-09T02:15:56.059+0000] {logging_mixin.py:188} INFO - [2026-02-09T02:15:56.058+0000] {dagbag.py:545} INFO - Filling up the DagBag from /home/cloud/codings/airflow/dags/list_s3_bucket_files_dag.py
[2026-02-09T02:15:56.070+0000] {processor.py:840} INFO - DAG(s) 'list_s3_bucket_files_dag' retrieved from /home/cloud/codings/airflow/dags/list_s3_bucket_files_dag.py
[2026-02-09T02:15:56.094+0000] {logging_mixin.py:188} INFO - [2026-02-09T02:15:56.093+0000] {dag.py:3089} INFO - Sync 1 DAGs
[2026-02-09T02:15:56.108+0000] {logging_mixin.py:188} INFO - [2026-02-09T02:15:56.108+0000] {dag.py:3947} INFO - Setting next_dagrun for list_s3_bucket_files_dag to None, run_after=None
[2026-02-09T02:15:56.132+0000] {processor.py:183} INFO - Processing /home/cloud/codings/airflow/dags/list_s3_bucket_files_dag.py took 0.080 seconds
[2026-02-09T02:16:26.465+0000] {processor.py:161} INFO - Started process (PID=323119) to work on /home/cloud/codings/airflow/dags/list_s3_bucket_files_dag.py
[2026-02-09T02:16:26.467+0000] {processor.py:830} INFO - Processing file /home/cloud/codings/airflow/dags/list_s3_bucket_files_dag.py for tasks to queue
[2026-02-09T02:16:26.468+0000] {logging_mixin.py:188} INFO - [2026-02-09T02:16:26.467+0000] {dagbag.py:545} INFO - Filling up the DagBag from /home/cloud/codings/airflow/dags/list_s3_bucket_files_dag.py
[2026-02-09T02:16:26.478+0000] {processor.py:840} INFO - DAG(s) 'list_s3_bucket_files_dag' retrieved from /home/cloud/codings/airflow/dags/list_s3_bucket_files_dag.py
[2026-02-09T02:16:26.499+0000] {logging_mixin.py:188} INFO - [2026-02-09T02:16:26.499+0000] {dag.py:3089} INFO - Sync 1 DAGs
[2026-02-09T02:16:26.515+0000] {logging_mixin.py:188} INFO - [2026-02-09T02:16:26.515+0000] {dag.py:3947} INFO - Setting next_dagrun for list_s3_bucket_files_dag to None, run_after=None
[2026-02-09T02:16:26.544+0000] {processor.py:183} INFO - Processing /home/cloud/codings/airflow/dags/list_s3_bucket_files_dag.py took 0.085 seconds
[2026-02-09T02:16:57.042+0000] {processor.py:161} INFO - Started process (PID=323199) to work on /home/cloud/codings/airflow/dags/list_s3_bucket_files_dag.py
[2026-02-09T02:16:57.043+0000] {processor.py:830} INFO - Processing file /home/cloud/codings/airflow/dags/list_s3_bucket_files_dag.py for tasks to queue
[2026-02-09T02:16:57.044+0000] {logging_mixin.py:188} INFO - [2026-02-09T02:16:57.043+0000] {dagbag.py:545} INFO - Filling up the DagBag from /home/cloud/codings/airflow/dags/list_s3_bucket_files_dag.py
[2026-02-09T02:16:57.055+0000] {processor.py:840} INFO - DAG(s) 'list_s3_bucket_files_dag' retrieved from /home/cloud/codings/airflow/dags/list_s3_bucket_files_dag.py
[2026-02-09T02:16:57.078+0000] {logging_mixin.py:188} INFO - [2026-02-09T02:16:57.078+0000] {dag.py:3089} INFO - Sync 1 DAGs
[2026-02-09T02:16:57.095+0000] {logging_mixin.py:188} INFO - [2026-02-09T02:16:57.095+0000] {dag.py:3947} INFO - Setting next_dagrun for list_s3_bucket_files_dag to None, run_after=None
[2026-02-09T02:16:57.125+0000] {processor.py:183} INFO - Processing /home/cloud/codings/airflow/dags/list_s3_bucket_files_dag.py took 0.090 seconds
[2026-02-09T02:17:27.474+0000] {processor.py:161} INFO - Started process (PID=323277) to work on /home/cloud/codings/airflow/dags/list_s3_bucket_files_dag.py
[2026-02-09T02:17:27.492+0000] {processor.py:830} INFO - Processing file /home/cloud/codings/airflow/dags/list_s3_bucket_files_dag.py for tasks to queue
[2026-02-09T02:17:27.493+0000] {logging_mixin.py:188} INFO - [2026-02-09T02:17:27.493+0000] {dagbag.py:545} INFO - Filling up the DagBag from /home/cloud/codings/airflow/dags/list_s3_bucket_files_dag.py
[2026-02-09T02:17:27.509+0000] {processor.py:840} INFO - DAG(s) 'list_s3_bucket_files_dag' retrieved from /home/cloud/codings/airflow/dags/list_s3_bucket_files_dag.py
[2026-02-09T02:17:27.546+0000] {logging_mixin.py:188} INFO - [2026-02-09T02:17:27.546+0000] {dag.py:3089} INFO - Sync 1 DAGs
[2026-02-09T02:17:27.575+0000] {logging_mixin.py:188} INFO - [2026-02-09T02:17:27.574+0000] {dag.py:3947} INFO - Setting next_dagrun for list_s3_bucket_files_dag to None, run_after=None
[2026-02-09T02:17:27.612+0000] {processor.py:183} INFO - Processing /home/cloud/codings/airflow/dags/list_s3_bucket_files_dag.py took 0.147 seconds
[2026-02-09T02:17:58.058+0000] {processor.py:161} INFO - Started process (PID=323356) to work on /home/cloud/codings/airflow/dags/list_s3_bucket_files_dag.py
[2026-02-09T02:17:58.082+0000] {processor.py:830} INFO - Processing file /home/cloud/codings/airflow/dags/list_s3_bucket_files_dag.py for tasks to queue
[2026-02-09T02:17:58.083+0000] {logging_mixin.py:188} INFO - [2026-02-09T02:17:58.083+0000] {dagbag.py:545} INFO - Filling up the DagBag from /home/cloud/codings/airflow/dags/list_s3_bucket_files_dag.py
[2026-02-09T02:17:58.094+0000] {processor.py:840} INFO - DAG(s) 'list_s3_bucket_files_dag' retrieved from /home/cloud/codings/airflow/dags/list_s3_bucket_files_dag.py
[2026-02-09T02:17:58.115+0000] {logging_mixin.py:188} INFO - [2026-02-09T02:17:58.115+0000] {dag.py:3089} INFO - Sync 1 DAGs
[2026-02-09T02:17:58.133+0000] {logging_mixin.py:188} INFO - [2026-02-09T02:17:58.133+0000] {dag.py:3947} INFO - Setting next_dagrun for list_s3_bucket_files_dag to None, run_after=None
[2026-02-09T02:17:58.171+0000] {processor.py:183} INFO - Processing /home/cloud/codings/airflow/dags/list_s3_bucket_files_dag.py took 0.119 seconds
[2026-02-09T02:18:29.106+0000] {processor.py:161} INFO - Started process (PID=323436) to work on /home/cloud/codings/airflow/dags/list_s3_bucket_files_dag.py
[2026-02-09T02:18:29.108+0000] {processor.py:830} INFO - Processing file /home/cloud/codings/airflow/dags/list_s3_bucket_files_dag.py for tasks to queue
[2026-02-09T02:18:29.109+0000] {logging_mixin.py:188} INFO - [2026-02-09T02:18:29.108+0000] {dagbag.py:545} INFO - Filling up the DagBag from /home/cloud/codings/airflow/dags/list_s3_bucket_files_dag.py
[2026-02-09T02:18:29.120+0000] {processor.py:840} INFO - DAG(s) 'list_s3_bucket_files_dag' retrieved from /home/cloud/codings/airflow/dags/list_s3_bucket_files_dag.py
[2026-02-09T02:18:29.146+0000] {logging_mixin.py:188} INFO - [2026-02-09T02:18:29.145+0000] {dag.py:3089} INFO - Sync 1 DAGs
[2026-02-09T02:18:29.161+0000] {logging_mixin.py:188} INFO - [2026-02-09T02:18:29.161+0000] {dag.py:3947} INFO - Setting next_dagrun for list_s3_bucket_files_dag to None, run_after=None
[2026-02-09T02:18:29.190+0000] {processor.py:183} INFO - Processing /home/cloud/codings/airflow/dags/list_s3_bucket_files_dag.py took 0.091 seconds
[2026-02-09T02:18:59.424+0000] {processor.py:161} INFO - Started process (PID=323509) to work on /home/cloud/codings/airflow/dags/list_s3_bucket_files_dag.py
[2026-02-09T02:18:59.425+0000] {processor.py:830} INFO - Processing file /home/cloud/codings/airflow/dags/list_s3_bucket_files_dag.py for tasks to queue
[2026-02-09T02:18:59.426+0000] {logging_mixin.py:188} INFO - [2026-02-09T02:18:59.425+0000] {dagbag.py:545} INFO - Filling up the DagBag from /home/cloud/codings/airflow/dags/list_s3_bucket_files_dag.py
[2026-02-09T02:18:59.437+0000] {processor.py:840} INFO - DAG(s) 'list_s3_bucket_files_dag' retrieved from /home/cloud/codings/airflow/dags/list_s3_bucket_files_dag.py
[2026-02-09T02:18:59.460+0000] {logging_mixin.py:188} INFO - [2026-02-09T02:18:59.459+0000] {dag.py:3089} INFO - Sync 1 DAGs
[2026-02-09T02:18:59.476+0000] {logging_mixin.py:188} INFO - [2026-02-09T02:18:59.476+0000] {dag.py:3947} INFO - Setting next_dagrun for list_s3_bucket_files_dag to None, run_after=None
[2026-02-09T02:18:59.504+0000] {processor.py:183} INFO - Processing /home/cloud/codings/airflow/dags/list_s3_bucket_files_dag.py took 0.087 seconds
[2026-02-09T02:19:29.771+0000] {processor.py:161} INFO - Started process (PID=323590) to work on /home/cloud/codings/airflow/dags/list_s3_bucket_files_dag.py
[2026-02-09T02:19:29.772+0000] {processor.py:830} INFO - Processing file /home/cloud/codings/airflow/dags/list_s3_bucket_files_dag.py for tasks to queue
[2026-02-09T02:19:29.774+0000] {logging_mixin.py:188} INFO - [2026-02-09T02:19:29.773+0000] {dagbag.py:545} INFO - Filling up the DagBag from /home/cloud/codings/airflow/dags/list_s3_bucket_files_dag.py
[2026-02-09T02:19:29.787+0000] {processor.py:840} INFO - DAG(s) 'list_s3_bucket_files_dag' retrieved from /home/cloud/codings/airflow/dags/list_s3_bucket_files_dag.py
[2026-02-09T02:19:29.815+0000] {logging_mixin.py:188} INFO - [2026-02-09T02:19:29.815+0000] {dag.py:3089} INFO - Sync 1 DAGs
[2026-02-09T02:19:29.836+0000] {logging_mixin.py:188} INFO - [2026-02-09T02:19:29.836+0000] {dag.py:3947} INFO - Setting next_dagrun for list_s3_bucket_files_dag to None, run_after=None
[2026-02-09T02:19:29.874+0000] {processor.py:183} INFO - Processing /home/cloud/codings/airflow/dags/list_s3_bucket_files_dag.py took 0.111 seconds
[2026-02-09T02:20:00.334+0000] {processor.py:161} INFO - Started process (PID=323664) to work on /home/cloud/codings/airflow/dags/list_s3_bucket_files_dag.py
[2026-02-09T02:20:00.335+0000] {processor.py:830} INFO - Processing file /home/cloud/codings/airflow/dags/list_s3_bucket_files_dag.py for tasks to queue
[2026-02-09T02:20:00.336+0000] {logging_mixin.py:188} INFO - [2026-02-09T02:20:00.336+0000] {dagbag.py:545} INFO - Filling up the DagBag from /home/cloud/codings/airflow/dags/list_s3_bucket_files_dag.py
[2026-02-09T02:20:00.347+0000] {processor.py:840} INFO - DAG(s) 'list_s3_bucket_files_dag' retrieved from /home/cloud/codings/airflow/dags/list_s3_bucket_files_dag.py
[2026-02-09T02:20:00.366+0000] {logging_mixin.py:188} INFO - [2026-02-09T02:20:00.366+0000] {dag.py:3089} INFO - Sync 1 DAGs
[2026-02-09T02:20:00.382+0000] {logging_mixin.py:188} INFO - [2026-02-09T02:20:00.381+0000] {dag.py:3947} INFO - Setting next_dagrun for list_s3_bucket_files_dag to None, run_after=None
[2026-02-09T02:20:00.408+0000] {processor.py:183} INFO - Processing /home/cloud/codings/airflow/dags/list_s3_bucket_files_dag.py took 0.079 seconds
[2026-02-09T02:20:30.609+0000] {processor.py:161} INFO - Started process (PID=323744) to work on /home/cloud/codings/airflow/dags/list_s3_bucket_files_dag.py
[2026-02-09T02:20:30.611+0000] {processor.py:830} INFO - Processing file /home/cloud/codings/airflow/dags/list_s3_bucket_files_dag.py for tasks to queue
[2026-02-09T02:20:30.613+0000] {logging_mixin.py:188} INFO - [2026-02-09T02:20:30.612+0000] {dagbag.py:545} INFO - Filling up the DagBag from /home/cloud/codings/airflow/dags/list_s3_bucket_files_dag.py
[2026-02-09T02:20:30.634+0000] {processor.py:840} INFO - DAG(s) 'list_s3_bucket_files_dag' retrieved from /home/cloud/codings/airflow/dags/list_s3_bucket_files_dag.py
[2026-02-09T02:20:30.675+0000] {logging_mixin.py:188} INFO - [2026-02-09T02:20:30.674+0000] {dag.py:3089} INFO - Sync 1 DAGs
[2026-02-09T02:20:30.701+0000] {logging_mixin.py:188} INFO - [2026-02-09T02:20:30.701+0000] {dag.py:3947} INFO - Setting next_dagrun for list_s3_bucket_files_dag to None, run_after=None
[2026-02-09T02:20:30.752+0000] {processor.py:183} INFO - Processing /home/cloud/codings/airflow/dags/list_s3_bucket_files_dag.py took 0.153 seconds
[2026-02-09T02:21:00.955+0000] {processor.py:161} INFO - Started process (PID=323824) to work on /home/cloud/codings/airflow/dags/list_s3_bucket_files_dag.py
[2026-02-09T02:21:00.973+0000] {processor.py:830} INFO - Processing file /home/cloud/codings/airflow/dags/list_s3_bucket_files_dag.py for tasks to queue
[2026-02-09T02:21:00.975+0000] {logging_mixin.py:188} INFO - [2026-02-09T02:21:00.974+0000] {dagbag.py:545} INFO - Filling up the DagBag from /home/cloud/codings/airflow/dags/list_s3_bucket_files_dag.py
[2026-02-09T02:21:00.990+0000] {processor.py:840} INFO - DAG(s) 'list_s3_bucket_files_dag' retrieved from /home/cloud/codings/airflow/dags/list_s3_bucket_files_dag.py
[2026-02-09T02:21:01.019+0000] {logging_mixin.py:188} INFO - [2026-02-09T02:21:01.018+0000] {dag.py:3089} INFO - Sync 1 DAGs
[2026-02-09T02:21:01.038+0000] {logging_mixin.py:188} INFO - [2026-02-09T02:21:01.038+0000] {dag.py:3947} INFO - Setting next_dagrun for list_s3_bucket_files_dag to None, run_after=None
[2026-02-09T02:21:01.070+0000] {processor.py:183} INFO - Processing /home/cloud/codings/airflow/dags/list_s3_bucket_files_dag.py took 0.123 seconds
[2026-02-09T02:21:31.357+0000] {processor.py:161} INFO - Started process (PID=323898) to work on /home/cloud/codings/airflow/dags/list_s3_bucket_files_dag.py
[2026-02-09T02:21:31.358+0000] {processor.py:830} INFO - Processing file /home/cloud/codings/airflow/dags/list_s3_bucket_files_dag.py for tasks to queue
[2026-02-09T02:21:31.359+0000] {logging_mixin.py:188} INFO - [2026-02-09T02:21:31.358+0000] {dagbag.py:545} INFO - Filling up the DagBag from /home/cloud/codings/airflow/dags/list_s3_bucket_files_dag.py
[2026-02-09T02:21:31.369+0000] {processor.py:840} INFO - DAG(s) 'list_s3_bucket_files_dag' retrieved from /home/cloud/codings/airflow/dags/list_s3_bucket_files_dag.py
[2026-02-09T02:21:31.389+0000] {logging_mixin.py:188} INFO - [2026-02-09T02:21:31.389+0000] {dag.py:3089} INFO - Sync 1 DAGs
[2026-02-09T02:21:31.404+0000] {logging_mixin.py:188} INFO - [2026-02-09T02:21:31.404+0000] {dag.py:3947} INFO - Setting next_dagrun for list_s3_bucket_files_dag to None, run_after=None
[2026-02-09T02:21:31.432+0000] {processor.py:183} INFO - Processing /home/cloud/codings/airflow/dags/list_s3_bucket_files_dag.py took 0.082 seconds
[2026-02-09T02:22:01.733+0000] {processor.py:161} INFO - Started process (PID=323976) to work on /home/cloud/codings/airflow/dags/list_s3_bucket_files_dag.py
[2026-02-09T02:22:01.752+0000] {processor.py:830} INFO - Processing file /home/cloud/codings/airflow/dags/list_s3_bucket_files_dag.py for tasks to queue
[2026-02-09T02:22:01.754+0000] {logging_mixin.py:188} INFO - [2026-02-09T02:22:01.753+0000] {dagbag.py:545} INFO - Filling up the DagBag from /home/cloud/codings/airflow/dags/list_s3_bucket_files_dag.py
[2026-02-09T02:22:01.778+0000] {processor.py:840} INFO - DAG(s) 'list_s3_bucket_files_dag' retrieved from /home/cloud/codings/airflow/dags/list_s3_bucket_files_dag.py
[2026-02-09T02:22:01.817+0000] {logging_mixin.py:188} INFO - [2026-02-09T02:22:01.817+0000] {dag.py:3089} INFO - Sync 1 DAGs
[2026-02-09T02:22:01.845+0000] {logging_mixin.py:188} INFO - [2026-02-09T02:22:01.845+0000] {dag.py:3947} INFO - Setting next_dagrun for list_s3_bucket_files_dag to None, run_after=None
[2026-02-09T02:22:01.880+0000] {processor.py:183} INFO - Processing /home/cloud/codings/airflow/dags/list_s3_bucket_files_dag.py took 0.164 seconds
[2026-02-09T02:22:32.160+0000] {processor.py:161} INFO - Started process (PID=324058) to work on /home/cloud/codings/airflow/dags/list_s3_bucket_files_dag.py
[2026-02-09T02:22:32.161+0000] {processor.py:830} INFO - Processing file /home/cloud/codings/airflow/dags/list_s3_bucket_files_dag.py for tasks to queue
[2026-02-09T02:22:32.162+0000] {logging_mixin.py:188} INFO - [2026-02-09T02:22:32.162+0000] {dagbag.py:545} INFO - Filling up the DagBag from /home/cloud/codings/airflow/dags/list_s3_bucket_files_dag.py
[2026-02-09T02:22:32.171+0000] {processor.py:840} INFO - DAG(s) 'list_s3_bucket_files_dag' retrieved from /home/cloud/codings/airflow/dags/list_s3_bucket_files_dag.py
[2026-02-09T02:22:32.190+0000] {logging_mixin.py:188} INFO - [2026-02-09T02:22:32.190+0000] {dag.py:3089} INFO - Sync 1 DAGs
[2026-02-09T02:22:32.204+0000] {logging_mixin.py:188} INFO - [2026-02-09T02:22:32.203+0000] {dag.py:3947} INFO - Setting next_dagrun for list_s3_bucket_files_dag to None, run_after=None
[2026-02-09T02:22:32.228+0000] {processor.py:183} INFO - Processing /home/cloud/codings/airflow/dags/list_s3_bucket_files_dag.py took 0.073 seconds
[2026-02-09T02:23:02.635+0000] {processor.py:161} INFO - Started process (PID=324132) to work on /home/cloud/codings/airflow/dags/list_s3_bucket_files_dag.py
[2026-02-09T02:23:02.656+0000] {processor.py:830} INFO - Processing file /home/cloud/codings/airflow/dags/list_s3_bucket_files_dag.py for tasks to queue
[2026-02-09T02:23:02.659+0000] {logging_mixin.py:188} INFO - [2026-02-09T02:23:02.658+0000] {dagbag.py:545} INFO - Filling up the DagBag from /home/cloud/codings/airflow/dags/list_s3_bucket_files_dag.py
[2026-02-09T02:23:02.691+0000] {processor.py:840} INFO - DAG(s) 'list_s3_bucket_files_dag' retrieved from /home/cloud/codings/airflow/dags/list_s3_bucket_files_dag.py
[2026-02-09T02:23:02.746+0000] {logging_mixin.py:188} INFO - [2026-02-09T02:23:02.746+0000] {dag.py:3089} INFO - Sync 1 DAGs
[2026-02-09T02:23:02.767+0000] {logging_mixin.py:188} INFO - [2026-02-09T02:23:02.767+0000] {dag.py:3947} INFO - Setting next_dagrun for list_s3_bucket_files_dag to None, run_after=None
[2026-02-09T02:23:02.810+0000] {processor.py:183} INFO - Processing /home/cloud/codings/airflow/dags/list_s3_bucket_files_dag.py took 0.198 seconds
[2026-02-09T02:23:32.925+0000] {processor.py:161} INFO - Started process (PID=324212) to work on /home/cloud/codings/airflow/dags/list_s3_bucket_files_dag.py
[2026-02-09T02:23:32.927+0000] {processor.py:830} INFO - Processing file /home/cloud/codings/airflow/dags/list_s3_bucket_files_dag.py for tasks to queue
[2026-02-09T02:23:32.928+0000] {logging_mixin.py:188} INFO - [2026-02-09T02:23:32.927+0000] {dagbag.py:545} INFO - Filling up the DagBag from /home/cloud/codings/airflow/dags/list_s3_bucket_files_dag.py
[2026-02-09T02:23:32.938+0000] {processor.py:840} INFO - DAG(s) 'list_s3_bucket_files_dag' retrieved from /home/cloud/codings/airflow/dags/list_s3_bucket_files_dag.py
[2026-02-09T02:23:32.959+0000] {logging_mixin.py:188} INFO - [2026-02-09T02:23:32.959+0000] {dag.py:3089} INFO - Sync 1 DAGs
[2026-02-09T02:23:32.974+0000] {logging_mixin.py:188} INFO - [2026-02-09T02:23:32.974+0000] {dag.py:3947} INFO - Setting next_dagrun for list_s3_bucket_files_dag to None, run_after=None
[2026-02-09T02:23:33.000+0000] {processor.py:183} INFO - Processing /home/cloud/codings/airflow/dags/list_s3_bucket_files_dag.py took 0.081 seconds
[2026-02-09T02:24:03.369+0000] {processor.py:161} INFO - Started process (PID=324293) to work on /home/cloud/codings/airflow/dags/list_s3_bucket_files_dag.py
[2026-02-09T02:24:03.370+0000] {processor.py:830} INFO - Processing file /home/cloud/codings/airflow/dags/list_s3_bucket_files_dag.py for tasks to queue
[2026-02-09T02:24:03.371+0000] {logging_mixin.py:188} INFO - [2026-02-09T02:24:03.371+0000] {dagbag.py:545} INFO - Filling up the DagBag from /home/cloud/codings/airflow/dags/list_s3_bucket_files_dag.py
[2026-02-09T02:24:03.383+0000] {processor.py:840} INFO - DAG(s) 'list_s3_bucket_files_dag' retrieved from /home/cloud/codings/airflow/dags/list_s3_bucket_files_dag.py
[2026-02-09T02:24:03.406+0000] {logging_mixin.py:188} INFO - [2026-02-09T02:24:03.406+0000] {dag.py:3089} INFO - Sync 1 DAGs
[2026-02-09T02:24:03.421+0000] {logging_mixin.py:188} INFO - [2026-02-09T02:24:03.421+0000] {dag.py:3947} INFO - Setting next_dagrun for list_s3_bucket_files_dag to None, run_after=None
[2026-02-09T02:24:03.450+0000] {processor.py:183} INFO - Processing /home/cloud/codings/airflow/dags/list_s3_bucket_files_dag.py took 0.089 seconds
[2026-02-09T02:24:33.816+0000] {processor.py:161} INFO - Started process (PID=324373) to work on /home/cloud/codings/airflow/dags/list_s3_bucket_files_dag.py
[2026-02-09T02:24:33.833+0000] {processor.py:830} INFO - Processing file /home/cloud/codings/airflow/dags/list_s3_bucket_files_dag.py for tasks to queue
[2026-02-09T02:24:33.834+0000] {logging_mixin.py:188} INFO - [2026-02-09T02:24:33.833+0000] {dagbag.py:545} INFO - Filling up the DagBag from /home/cloud/codings/airflow/dags/list_s3_bucket_files_dag.py
[2026-02-09T02:24:33.845+0000] {processor.py:840} INFO - DAG(s) 'list_s3_bucket_files_dag' retrieved from /home/cloud/codings/airflow/dags/list_s3_bucket_files_dag.py
[2026-02-09T02:24:33.864+0000] {logging_mixin.py:188} INFO - [2026-02-09T02:24:33.863+0000] {dag.py:3089} INFO - Sync 1 DAGs
[2026-02-09T02:24:33.878+0000] {logging_mixin.py:188} INFO - [2026-02-09T02:24:33.878+0000] {dag.py:3947} INFO - Setting next_dagrun for list_s3_bucket_files_dag to None, run_after=None
[2026-02-09T02:24:33.905+0000] {processor.py:183} INFO - Processing /home/cloud/codings/airflow/dags/list_s3_bucket_files_dag.py took 0.094 seconds
[2026-02-09T02:25:04.338+0000] {processor.py:161} INFO - Started process (PID=324450) to work on /home/cloud/codings/airflow/dags/list_s3_bucket_files_dag.py
[2026-02-09T02:25:04.339+0000] {processor.py:830} INFO - Processing file /home/cloud/codings/airflow/dags/list_s3_bucket_files_dag.py for tasks to queue
[2026-02-09T02:25:04.340+0000] {logging_mixin.py:188} INFO - [2026-02-09T02:25:04.339+0000] {dagbag.py:545} INFO - Filling up the DagBag from /home/cloud/codings/airflow/dags/list_s3_bucket_files_dag.py
[2026-02-09T02:25:04.350+0000] {processor.py:840} INFO - DAG(s) 'list_s3_bucket_files_dag' retrieved from /home/cloud/codings/airflow/dags/list_s3_bucket_files_dag.py
[2026-02-09T02:25:04.371+0000] {logging_mixin.py:188} INFO - [2026-02-09T02:25:04.370+0000] {dag.py:3089} INFO - Sync 1 DAGs
[2026-02-09T02:25:04.384+0000] {logging_mixin.py:188} INFO - [2026-02-09T02:25:04.384+0000] {dag.py:3947} INFO - Setting next_dagrun for list_s3_bucket_files_dag to None, run_after=None
[2026-02-09T02:25:04.409+0000] {processor.py:183} INFO - Processing /home/cloud/codings/airflow/dags/list_s3_bucket_files_dag.py took 0.077 seconds
[2026-02-09T02:25:34.675+0000] {processor.py:161} INFO - Started process (PID=324532) to work on /home/cloud/codings/airflow/dags/list_s3_bucket_files_dag.py
[2026-02-09T02:25:34.677+0000] {processor.py:830} INFO - Processing file /home/cloud/codings/airflow/dags/list_s3_bucket_files_dag.py for tasks to queue
[2026-02-09T02:25:34.679+0000] {logging_mixin.py:188} INFO - [2026-02-09T02:25:34.678+0000] {dagbag.py:545} INFO - Filling up the DagBag from /home/cloud/codings/airflow/dags/list_s3_bucket_files_dag.py
[2026-02-09T02:25:34.698+0000] {processor.py:840} INFO - DAG(s) 'list_s3_bucket_files_dag' retrieved from /home/cloud/codings/airflow/dags/list_s3_bucket_files_dag.py
[2026-02-09T02:25:34.721+0000] {logging_mixin.py:188} INFO - [2026-02-09T02:25:34.721+0000] {dag.py:3089} INFO - Sync 1 DAGs
[2026-02-09T02:25:34.736+0000] {logging_mixin.py:188} INFO - [2026-02-09T02:25:34.735+0000] {dag.py:3947} INFO - Setting next_dagrun for list_s3_bucket_files_dag to None, run_after=None
[2026-02-09T02:25:34.763+0000] {processor.py:183} INFO - Processing /home/cloud/codings/airflow/dags/list_s3_bucket_files_dag.py took 0.097 seconds
[2026-02-09T02:26:04.989+0000] {processor.py:161} INFO - Started process (PID=324612) to work on /home/cloud/codings/airflow/dags/list_s3_bucket_files_dag.py
[2026-02-09T02:26:05.013+0000] {processor.py:830} INFO - Processing file /home/cloud/codings/airflow/dags/list_s3_bucket_files_dag.py for tasks to queue
[2026-02-09T02:26:05.015+0000] {logging_mixin.py:188} INFO - [2026-02-09T02:26:05.014+0000] {dagbag.py:545} INFO - Filling up the DagBag from /home/cloud/codings/airflow/dags/list_s3_bucket_files_dag.py
[2026-02-09T02:26:05.025+0000] {processor.py:840} INFO - DAG(s) 'list_s3_bucket_files_dag' retrieved from /home/cloud/codings/airflow/dags/list_s3_bucket_files_dag.py
[2026-02-09T02:26:05.047+0000] {logging_mixin.py:188} INFO - [2026-02-09T02:26:05.047+0000] {dag.py:3089} INFO - Sync 1 DAGs
[2026-02-09T02:26:05.062+0000] {logging_mixin.py:188} INFO - [2026-02-09T02:26:05.062+0000] {dag.py:3947} INFO - Setting next_dagrun for list_s3_bucket_files_dag to None, run_after=None
[2026-02-09T02:26:05.088+0000] {processor.py:183} INFO - Processing /home/cloud/codings/airflow/dags/list_s3_bucket_files_dag.py took 0.106 seconds
[2026-02-09T02:26:35.401+0000] {processor.py:161} INFO - Started process (PID=324692) to work on /home/cloud/codings/airflow/dags/list_s3_bucket_files_dag.py
[2026-02-09T02:26:35.402+0000] {processor.py:830} INFO - Processing file /home/cloud/codings/airflow/dags/list_s3_bucket_files_dag.py for tasks to queue
[2026-02-09T02:26:35.403+0000] {logging_mixin.py:188} INFO - [2026-02-09T02:26:35.403+0000] {dagbag.py:545} INFO - Filling up the DagBag from /home/cloud/codings/airflow/dags/list_s3_bucket_files_dag.py
[2026-02-09T02:26:35.428+0000] {processor.py:840} INFO - DAG(s) 'list_s3_bucket_files_dag' retrieved from /home/cloud/codings/airflow/dags/list_s3_bucket_files_dag.py
[2026-02-09T02:26:35.456+0000] {logging_mixin.py:188} INFO - [2026-02-09T02:26:35.456+0000] {dag.py:3089} INFO - Sync 1 DAGs
[2026-02-09T02:26:35.472+0000] {logging_mixin.py:188} INFO - [2026-02-09T02:26:35.471+0000] {dag.py:3947} INFO - Setting next_dagrun for list_s3_bucket_files_dag to None, run_after=None
[2026-02-09T02:26:35.505+0000] {processor.py:183} INFO - Processing /home/cloud/codings/airflow/dags/list_s3_bucket_files_dag.py took 0.109 seconds
[2026-02-09T02:27:06.263+0000] {processor.py:161} INFO - Started process (PID=324772) to work on /home/cloud/codings/airflow/dags/list_s3_bucket_files_dag.py
[2026-02-09T02:27:06.291+0000] {processor.py:830} INFO - Processing file /home/cloud/codings/airflow/dags/list_s3_bucket_files_dag.py for tasks to queue
[2026-02-09T02:27:06.294+0000] {logging_mixin.py:188} INFO - [2026-02-09T02:27:06.292+0000] {dagbag.py:545} INFO - Filling up the DagBag from /home/cloud/codings/airflow/dags/list_s3_bucket_files_dag.py
[2026-02-09T02:27:06.325+0000] {processor.py:840} INFO - DAG(s) 'list_s3_bucket_files_dag' retrieved from /home/cloud/codings/airflow/dags/list_s3_bucket_files_dag.py
[2026-02-09T02:27:06.382+0000] {logging_mixin.py:188} INFO - [2026-02-09T02:27:06.382+0000] {dag.py:3089} INFO - Sync 1 DAGs
[2026-02-09T02:27:06.407+0000] {logging_mixin.py:188} INFO - [2026-02-09T02:27:06.407+0000] {dag.py:3947} INFO - Setting next_dagrun for list_s3_bucket_files_dag to None, run_after=None
[2026-02-09T02:27:06.480+0000] {processor.py:183} INFO - Processing /home/cloud/codings/airflow/dags/list_s3_bucket_files_dag.py took 0.236 seconds
[2026-02-09T02:27:37.552+0000] {processor.py:161} INFO - Started process (PID=324854) to work on /home/cloud/codings/airflow/dags/list_s3_bucket_files_dag.py
[2026-02-09T02:27:37.576+0000] {processor.py:830} INFO - Processing file /home/cloud/codings/airflow/dags/list_s3_bucket_files_dag.py for tasks to queue
[2026-02-09T02:27:37.577+0000] {logging_mixin.py:188} INFO - [2026-02-09T02:27:37.577+0000] {dagbag.py:545} INFO - Filling up the DagBag from /home/cloud/codings/airflow/dags/list_s3_bucket_files_dag.py
[2026-02-09T02:27:37.588+0000] {processor.py:840} INFO - DAG(s) 'list_s3_bucket_files_dag' retrieved from /home/cloud/codings/airflow/dags/list_s3_bucket_files_dag.py
[2026-02-09T02:27:37.609+0000] {logging_mixin.py:188} INFO - [2026-02-09T02:27:37.609+0000] {dag.py:3089} INFO - Sync 1 DAGs
[2026-02-09T02:27:37.623+0000] {logging_mixin.py:188} INFO - [2026-02-09T02:27:37.622+0000] {dag.py:3947} INFO - Setting next_dagrun for list_s3_bucket_files_dag to None, run_after=None
[2026-02-09T02:27:37.646+0000] {processor.py:183} INFO - Processing /home/cloud/codings/airflow/dags/list_s3_bucket_files_dag.py took 0.104 seconds
[2026-02-09T02:28:08.035+0000] {processor.py:161} INFO - Started process (PID=324932) to work on /home/cloud/codings/airflow/dags/list_s3_bucket_files_dag.py
[2026-02-09T02:28:08.037+0000] {processor.py:830} INFO - Processing file /home/cloud/codings/airflow/dags/list_s3_bucket_files_dag.py for tasks to queue
[2026-02-09T02:28:08.038+0000] {logging_mixin.py:188} INFO - [2026-02-09T02:28:08.038+0000] {dagbag.py:545} INFO - Filling up the DagBag from /home/cloud/codings/airflow/dags/list_s3_bucket_files_dag.py
[2026-02-09T02:28:08.051+0000] {processor.py:840} INFO - DAG(s) 'list_s3_bucket_files_dag' retrieved from /home/cloud/codings/airflow/dags/list_s3_bucket_files_dag.py
[2026-02-09T02:28:08.071+0000] {logging_mixin.py:188} INFO - [2026-02-09T02:28:08.071+0000] {dag.py:3089} INFO - Sync 1 DAGs
[2026-02-09T02:28:08.084+0000] {logging_mixin.py:188} INFO - [2026-02-09T02:28:08.083+0000] {dag.py:3947} INFO - Setting next_dagrun for list_s3_bucket_files_dag to None, run_after=None
[2026-02-09T02:28:08.108+0000] {processor.py:183} INFO - Processing /home/cloud/codings/airflow/dags/list_s3_bucket_files_dag.py took 0.080 seconds
[2026-02-09T02:28:38.617+0000] {processor.py:161} INFO - Started process (PID=325014) to work on /home/cloud/codings/airflow/dags/list_s3_bucket_files_dag.py
[2026-02-09T02:28:38.642+0000] {processor.py:830} INFO - Processing file /home/cloud/codings/airflow/dags/list_s3_bucket_files_dag.py for tasks to queue
[2026-02-09T02:28:38.643+0000] {logging_mixin.py:188} INFO - [2026-02-09T02:28:38.643+0000] {dagbag.py:545} INFO - Filling up the DagBag from /home/cloud/codings/airflow/dags/list_s3_bucket_files_dag.py
[2026-02-09T02:28:38.653+0000] {processor.py:840} INFO - DAG(s) 'list_s3_bucket_files_dag' retrieved from /home/cloud/codings/airflow/dags/list_s3_bucket_files_dag.py
[2026-02-09T02:28:38.672+0000] {logging_mixin.py:188} INFO - [2026-02-09T02:28:38.671+0000] {dag.py:3089} INFO - Sync 1 DAGs
[2026-02-09T02:28:38.685+0000] {logging_mixin.py:188} INFO - [2026-02-09T02:28:38.685+0000] {dag.py:3947} INFO - Setting next_dagrun for list_s3_bucket_files_dag to None, run_after=None
[2026-02-09T02:28:38.720+0000] {processor.py:183} INFO - Processing /home/cloud/codings/airflow/dags/list_s3_bucket_files_dag.py took 0.110 seconds
[2026-02-09T02:29:08.968+0000] {processor.py:161} INFO - Started process (PID=325095) to work on /home/cloud/codings/airflow/dags/list_s3_bucket_files_dag.py
[2026-02-09T02:29:08.969+0000] {processor.py:830} INFO - Processing file /home/cloud/codings/airflow/dags/list_s3_bucket_files_dag.py for tasks to queue
[2026-02-09T02:29:08.970+0000] {logging_mixin.py:188} INFO - [2026-02-09T02:29:08.970+0000] {dagbag.py:545} INFO - Filling up the DagBag from /home/cloud/codings/airflow/dags/list_s3_bucket_files_dag.py
[2026-02-09T02:29:08.983+0000] {processor.py:840} INFO - DAG(s) 'list_s3_bucket_files_dag' retrieved from /home/cloud/codings/airflow/dags/list_s3_bucket_files_dag.py
[2026-02-09T02:29:09.007+0000] {logging_mixin.py:188} INFO - [2026-02-09T02:29:09.007+0000] {dag.py:3089} INFO - Sync 1 DAGs
[2026-02-09T02:29:09.024+0000] {logging_mixin.py:188} INFO - [2026-02-09T02:29:09.024+0000] {dag.py:3947} INFO - Setting next_dagrun for list_s3_bucket_files_dag to None, run_after=None
[2026-02-09T02:29:09.064+0000] {processor.py:183} INFO - Processing /home/cloud/codings/airflow/dags/list_s3_bucket_files_dag.py took 0.102 seconds
[2026-02-09T02:29:39.697+0000] {processor.py:161} INFO - Started process (PID=325175) to work on /home/cloud/codings/airflow/dags/list_s3_bucket_files_dag.py
[2026-02-09T02:29:39.719+0000] {processor.py:830} INFO - Processing file /home/cloud/codings/airflow/dags/list_s3_bucket_files_dag.py for tasks to queue
[2026-02-09T02:29:39.721+0000] {logging_mixin.py:188} INFO - [2026-02-09T02:29:39.720+0000] {dagbag.py:545} INFO - Filling up the DagBag from /home/cloud/codings/airflow/dags/list_s3_bucket_files_dag.py
[2026-02-09T02:29:39.740+0000] {processor.py:840} INFO - DAG(s) 'list_s3_bucket_files_dag' retrieved from /home/cloud/codings/airflow/dags/list_s3_bucket_files_dag.py
[2026-02-09T02:29:39.762+0000] {logging_mixin.py:188} INFO - [2026-02-09T02:29:39.762+0000] {dag.py:3089} INFO - Sync 1 DAGs
[2026-02-09T02:29:39.775+0000] {logging_mixin.py:188} INFO - [2026-02-09T02:29:39.775+0000] {dag.py:3947} INFO - Setting next_dagrun for list_s3_bucket_files_dag to None, run_after=None
[2026-02-09T02:29:39.800+0000] {processor.py:183} INFO - Processing /home/cloud/codings/airflow/dags/list_s3_bucket_files_dag.py took 0.114 seconds
[2026-02-09T02:30:10.020+0000] {processor.py:161} INFO - Started process (PID=325255) to work on /home/cloud/codings/airflow/dags/list_s3_bucket_files_dag.py
[2026-02-09T02:30:10.021+0000] {processor.py:830} INFO - Processing file /home/cloud/codings/airflow/dags/list_s3_bucket_files_dag.py for tasks to queue
[2026-02-09T02:30:10.022+0000] {logging_mixin.py:188} INFO - [2026-02-09T02:30:10.021+0000] {dagbag.py:545} INFO - Filling up the DagBag from /home/cloud/codings/airflow/dags/list_s3_bucket_files_dag.py
[2026-02-09T02:30:10.034+0000] {processor.py:840} INFO - DAG(s) 'list_s3_bucket_files_dag' retrieved from /home/cloud/codings/airflow/dags/list_s3_bucket_files_dag.py
[2026-02-09T02:30:10.058+0000] {logging_mixin.py:188} INFO - [2026-02-09T02:30:10.058+0000] {dag.py:3089} INFO - Sync 1 DAGs
[2026-02-09T02:30:10.076+0000] {logging_mixin.py:188} INFO - [2026-02-09T02:30:10.076+0000] {dag.py:3947} INFO - Setting next_dagrun for list_s3_bucket_files_dag to None, run_after=None
[2026-02-09T02:30:10.110+0000] {processor.py:183} INFO - Processing /home/cloud/codings/airflow/dags/list_s3_bucket_files_dag.py took 0.098 seconds
[2026-02-09T02:30:40.596+0000] {processor.py:161} INFO - Started process (PID=325337) to work on /home/cloud/codings/airflow/dags/list_s3_bucket_files_dag.py
[2026-02-09T02:30:40.598+0000] {processor.py:830} INFO - Processing file /home/cloud/codings/airflow/dags/list_s3_bucket_files_dag.py for tasks to queue
[2026-02-09T02:30:40.599+0000] {logging_mixin.py:188} INFO - [2026-02-09T02:30:40.598+0000] {dagbag.py:545} INFO - Filling up the DagBag from /home/cloud/codings/airflow/dags/list_s3_bucket_files_dag.py
[2026-02-09T02:30:40.610+0000] {processor.py:840} INFO - DAG(s) 'list_s3_bucket_files_dag' retrieved from /home/cloud/codings/airflow/dags/list_s3_bucket_files_dag.py
[2026-02-09T02:30:40.637+0000] {logging_mixin.py:188} INFO - [2026-02-09T02:30:40.637+0000] {dag.py:3089} INFO - Sync 1 DAGs
[2026-02-09T02:30:40.655+0000] {logging_mixin.py:188} INFO - [2026-02-09T02:30:40.655+0000] {dag.py:3947} INFO - Setting next_dagrun for list_s3_bucket_files_dag to None, run_after=None
[2026-02-09T02:30:40.690+0000] {processor.py:183} INFO - Processing /home/cloud/codings/airflow/dags/list_s3_bucket_files_dag.py took 0.103 seconds
[2026-02-09T02:31:11.081+0000] {processor.py:161} INFO - Started process (PID=325415) to work on /home/cloud/codings/airflow/dags/list_s3_bucket_files_dag.py
[2026-02-09T02:31:11.099+0000] {processor.py:830} INFO - Processing file /home/cloud/codings/airflow/dags/list_s3_bucket_files_dag.py for tasks to queue
[2026-02-09T02:31:11.100+0000] {logging_mixin.py:188} INFO - [2026-02-09T02:31:11.099+0000] {dagbag.py:545} INFO - Filling up the DagBag from /home/cloud/codings/airflow/dags/list_s3_bucket_files_dag.py
[2026-02-09T02:31:11.111+0000] {processor.py:840} INFO - DAG(s) 'list_s3_bucket_files_dag' retrieved from /home/cloud/codings/airflow/dags/list_s3_bucket_files_dag.py
[2026-02-09T02:31:11.131+0000] {logging_mixin.py:188} INFO - [2026-02-09T02:31:11.131+0000] {dag.py:3089} INFO - Sync 1 DAGs
[2026-02-09T02:31:11.146+0000] {logging_mixin.py:188} INFO - [2026-02-09T02:31:11.145+0000] {dag.py:3947} INFO - Setting next_dagrun for list_s3_bucket_files_dag to None, run_after=None
[2026-02-09T02:31:11.172+0000] {processor.py:183} INFO - Processing /home/cloud/codings/airflow/dags/list_s3_bucket_files_dag.py took 0.100 seconds
[2026-02-09T02:31:41.582+0000] {processor.py:161} INFO - Started process (PID=325497) to work on /home/cloud/codings/airflow/dags/list_s3_bucket_files_dag.py
[2026-02-09T02:31:41.599+0000] {processor.py:830} INFO - Processing file /home/cloud/codings/airflow/dags/list_s3_bucket_files_dag.py for tasks to queue
[2026-02-09T02:31:41.601+0000] {logging_mixin.py:188} INFO - [2026-02-09T02:31:41.600+0000] {dagbag.py:545} INFO - Filling up the DagBag from /home/cloud/codings/airflow/dags/list_s3_bucket_files_dag.py
[2026-02-09T02:31:41.611+0000] {processor.py:840} INFO - DAG(s) 'list_s3_bucket_files_dag' retrieved from /home/cloud/codings/airflow/dags/list_s3_bucket_files_dag.py
[2026-02-09T02:31:41.632+0000] {logging_mixin.py:188} INFO - [2026-02-09T02:31:41.631+0000] {dag.py:3089} INFO - Sync 1 DAGs
[2026-02-09T02:31:41.645+0000] {logging_mixin.py:188} INFO - [2026-02-09T02:31:41.645+0000] {dag.py:3947} INFO - Setting next_dagrun for list_s3_bucket_files_dag to None, run_after=None
[2026-02-09T02:31:41.676+0000] {processor.py:183} INFO - Processing /home/cloud/codings/airflow/dags/list_s3_bucket_files_dag.py took 0.100 seconds
[2026-02-09T02:32:11.965+0000] {processor.py:161} INFO - Started process (PID=325577) to work on /home/cloud/codings/airflow/dags/list_s3_bucket_files_dag.py
[2026-02-09T02:32:11.983+0000] {processor.py:830} INFO - Processing file /home/cloud/codings/airflow/dags/list_s3_bucket_files_dag.py for tasks to queue
[2026-02-09T02:32:11.984+0000] {logging_mixin.py:188} INFO - [2026-02-09T02:32:11.984+0000] {dagbag.py:545} INFO - Filling up the DagBag from /home/cloud/codings/airflow/dags/list_s3_bucket_files_dag.py
[2026-02-09T02:32:11.996+0000] {processor.py:840} INFO - DAG(s) 'list_s3_bucket_files_dag' retrieved from /home/cloud/codings/airflow/dags/list_s3_bucket_files_dag.py
[2026-02-09T02:32:12.016+0000] {logging_mixin.py:188} INFO - [2026-02-09T02:32:12.016+0000] {dag.py:3089} INFO - Sync 1 DAGs
[2026-02-09T02:32:12.030+0000] {logging_mixin.py:188} INFO - [2026-02-09T02:32:12.030+0000] {dag.py:3947} INFO - Setting next_dagrun for list_s3_bucket_files_dag to None, run_after=None
[2026-02-09T02:32:12.060+0000] {processor.py:183} INFO - Processing /home/cloud/codings/airflow/dags/list_s3_bucket_files_dag.py took 0.103 seconds
[2026-02-09T02:32:42.544+0000] {processor.py:161} INFO - Started process (PID=325657) to work on /home/cloud/codings/airflow/dags/list_s3_bucket_files_dag.py
[2026-02-09T02:32:42.561+0000] {processor.py:830} INFO - Processing file /home/cloud/codings/airflow/dags/list_s3_bucket_files_dag.py for tasks to queue
[2026-02-09T02:32:42.562+0000] {logging_mixin.py:188} INFO - [2026-02-09T02:32:42.562+0000] {dagbag.py:545} INFO - Filling up the DagBag from /home/cloud/codings/airflow/dags/list_s3_bucket_files_dag.py
[2026-02-09T02:32:42.576+0000] {processor.py:840} INFO - DAG(s) 'list_s3_bucket_files_dag' retrieved from /home/cloud/codings/airflow/dags/list_s3_bucket_files_dag.py
[2026-02-09T02:32:42.604+0000] {logging_mixin.py:188} INFO - [2026-02-09T02:32:42.603+0000] {dag.py:3089} INFO - Sync 1 DAGs
[2026-02-09T02:32:42.624+0000] {logging_mixin.py:188} INFO - [2026-02-09T02:32:42.624+0000] {dag.py:3947} INFO - Setting next_dagrun for list_s3_bucket_files_dag to None, run_after=None
[2026-02-09T02:32:42.654+0000] {processor.py:183} INFO - Processing /home/cloud/codings/airflow/dags/list_s3_bucket_files_dag.py took 0.117 seconds
[2026-02-09T02:33:12.920+0000] {processor.py:161} INFO - Started process (PID=325737) to work on /home/cloud/codings/airflow/dags/list_s3_bucket_files_dag.py
[2026-02-09T02:33:12.938+0000] {processor.py:830} INFO - Processing file /home/cloud/codings/airflow/dags/list_s3_bucket_files_dag.py for tasks to queue
[2026-02-09T02:33:12.939+0000] {logging_mixin.py:188} INFO - [2026-02-09T02:33:12.938+0000] {dagbag.py:545} INFO - Filling up the DagBag from /home/cloud/codings/airflow/dags/list_s3_bucket_files_dag.py
[2026-02-09T02:33:12.949+0000] {processor.py:840} INFO - DAG(s) 'list_s3_bucket_files_dag' retrieved from /home/cloud/codings/airflow/dags/list_s3_bucket_files_dag.py
[2026-02-09T02:33:12.969+0000] {logging_mixin.py:188} INFO - [2026-02-09T02:33:12.968+0000] {dag.py:3089} INFO - Sync 1 DAGs
[2026-02-09T02:33:12.981+0000] {logging_mixin.py:188} INFO - [2026-02-09T02:33:12.981+0000] {dag.py:3947} INFO - Setting next_dagrun for list_s3_bucket_files_dag to None, run_after=None
[2026-02-09T02:33:13.007+0000] {processor.py:183} INFO - Processing /home/cloud/codings/airflow/dags/list_s3_bucket_files_dag.py took 0.095 seconds
[2026-02-09T02:33:43.486+0000] {processor.py:161} INFO - Started process (PID=325817) to work on /home/cloud/codings/airflow/dags/list_s3_bucket_files_dag.py
[2026-02-09T02:33:43.487+0000] {processor.py:830} INFO - Processing file /home/cloud/codings/airflow/dags/list_s3_bucket_files_dag.py for tasks to queue
[2026-02-09T02:33:43.488+0000] {logging_mixin.py:188} INFO - [2026-02-09T02:33:43.488+0000] {dagbag.py:545} INFO - Filling up the DagBag from /home/cloud/codings/airflow/dags/list_s3_bucket_files_dag.py
[2026-02-09T02:33:43.498+0000] {processor.py:840} INFO - DAG(s) 'list_s3_bucket_files_dag' retrieved from /home/cloud/codings/airflow/dags/list_s3_bucket_files_dag.py
[2026-02-09T02:33:43.520+0000] {logging_mixin.py:188} INFO - [2026-02-09T02:33:43.520+0000] {dag.py:3089} INFO - Sync 1 DAGs
[2026-02-09T02:33:43.533+0000] {logging_mixin.py:188} INFO - [2026-02-09T02:33:43.533+0000] {dag.py:3947} INFO - Setting next_dagrun for list_s3_bucket_files_dag to None, run_after=None
[2026-02-09T02:33:43.559+0000] {processor.py:183} INFO - Processing /home/cloud/codings/airflow/dags/list_s3_bucket_files_dag.py took 0.081 seconds
[2026-02-09T02:34:13.829+0000] {processor.py:161} INFO - Started process (PID=325897) to work on /home/cloud/codings/airflow/dags/list_s3_bucket_files_dag.py
[2026-02-09T02:34:13.831+0000] {processor.py:830} INFO - Processing file /home/cloud/codings/airflow/dags/list_s3_bucket_files_dag.py for tasks to queue
[2026-02-09T02:34:13.833+0000] {logging_mixin.py:188} INFO - [2026-02-09T02:34:13.832+0000] {dagbag.py:545} INFO - Filling up the DagBag from /home/cloud/codings/airflow/dags/list_s3_bucket_files_dag.py
[2026-02-09T02:34:13.857+0000] {processor.py:840} INFO - DAG(s) 'list_s3_bucket_files_dag' retrieved from /home/cloud/codings/airflow/dags/list_s3_bucket_files_dag.py
[2026-02-09T02:34:13.905+0000] {logging_mixin.py:188} INFO - [2026-02-09T02:34:13.905+0000] {dag.py:3089} INFO - Sync 1 DAGs
[2026-02-09T02:34:13.940+0000] {logging_mixin.py:188} INFO - [2026-02-09T02:34:13.940+0000] {dag.py:3947} INFO - Setting next_dagrun for list_s3_bucket_files_dag to None, run_after=None
[2026-02-09T02:34:13.996+0000] {processor.py:183} INFO - Processing /home/cloud/codings/airflow/dags/list_s3_bucket_files_dag.py took 0.182 seconds
[2026-02-09T02:34:44.175+0000] {processor.py:161} INFO - Started process (PID=325977) to work on /home/cloud/codings/airflow/dags/list_s3_bucket_files_dag.py
[2026-02-09T02:34:44.193+0000] {processor.py:830} INFO - Processing file /home/cloud/codings/airflow/dags/list_s3_bucket_files_dag.py for tasks to queue
[2026-02-09T02:34:44.194+0000] {logging_mixin.py:188} INFO - [2026-02-09T02:34:44.193+0000] {dagbag.py:545} INFO - Filling up the DagBag from /home/cloud/codings/airflow/dags/list_s3_bucket_files_dag.py
[2026-02-09T02:34:44.206+0000] {processor.py:840} INFO - DAG(s) 'list_s3_bucket_files_dag' retrieved from /home/cloud/codings/airflow/dags/list_s3_bucket_files_dag.py
[2026-02-09T02:34:44.228+0000] {logging_mixin.py:188} INFO - [2026-02-09T02:34:44.228+0000] {dag.py:3089} INFO - Sync 1 DAGs
[2026-02-09T02:34:44.242+0000] {logging_mixin.py:188} INFO - [2026-02-09T02:34:44.241+0000] {dag.py:3947} INFO - Setting next_dagrun for list_s3_bucket_files_dag to None, run_after=None
[2026-02-09T02:34:44.269+0000] {processor.py:183} INFO - Processing /home/cloud/codings/airflow/dags/list_s3_bucket_files_dag.py took 0.100 seconds
[2026-02-09T02:35:14.486+0000] {processor.py:161} INFO - Started process (PID=326057) to work on /home/cloud/codings/airflow/dags/list_s3_bucket_files_dag.py
[2026-02-09T02:35:14.487+0000] {processor.py:830} INFO - Processing file /home/cloud/codings/airflow/dags/list_s3_bucket_files_dag.py for tasks to queue
[2026-02-09T02:35:14.488+0000] {logging_mixin.py:188} INFO - [2026-02-09T02:35:14.487+0000] {dagbag.py:545} INFO - Filling up the DagBag from /home/cloud/codings/airflow/dags/list_s3_bucket_files_dag.py
[2026-02-09T02:35:14.498+0000] {processor.py:840} INFO - DAG(s) 'list_s3_bucket_files_dag' retrieved from /home/cloud/codings/airflow/dags/list_s3_bucket_files_dag.py
[2026-02-09T02:35:14.519+0000] {logging_mixin.py:188} INFO - [2026-02-09T02:35:14.518+0000] {dag.py:3089} INFO - Sync 1 DAGs
[2026-02-09T02:35:14.531+0000] {logging_mixin.py:188} INFO - [2026-02-09T02:35:14.531+0000] {dag.py:3947} INFO - Setting next_dagrun for list_s3_bucket_files_dag to None, run_after=None
[2026-02-09T02:35:14.554+0000] {processor.py:183} INFO - Processing /home/cloud/codings/airflow/dags/list_s3_bucket_files_dag.py took 0.074 seconds
[2026-02-09T02:35:44.796+0000] {processor.py:161} INFO - Started process (PID=326139) to work on /home/cloud/codings/airflow/dags/list_s3_bucket_files_dag.py
[2026-02-09T02:35:44.797+0000] {processor.py:830} INFO - Processing file /home/cloud/codings/airflow/dags/list_s3_bucket_files_dag.py for tasks to queue
[2026-02-09T02:35:44.798+0000] {logging_mixin.py:188} INFO - [2026-02-09T02:35:44.797+0000] {dagbag.py:545} INFO - Filling up the DagBag from /home/cloud/codings/airflow/dags/list_s3_bucket_files_dag.py
[2026-02-09T02:35:44.810+0000] {processor.py:840} INFO - DAG(s) 'list_s3_bucket_files_dag' retrieved from /home/cloud/codings/airflow/dags/list_s3_bucket_files_dag.py
[2026-02-09T02:35:44.833+0000] {logging_mixin.py:188} INFO - [2026-02-09T02:35:44.833+0000] {dag.py:3089} INFO - Sync 1 DAGs
[2026-02-09T02:35:44.846+0000] {logging_mixin.py:188} INFO - [2026-02-09T02:35:44.846+0000] {dag.py:3947} INFO - Setting next_dagrun for list_s3_bucket_files_dag to None, run_after=None
[2026-02-09T02:35:44.873+0000] {processor.py:183} INFO - Processing /home/cloud/codings/airflow/dags/list_s3_bucket_files_dag.py took 0.084 seconds
[2026-02-09T02:36:15.326+0000] {processor.py:161} INFO - Started process (PID=326219) to work on /home/cloud/codings/airflow/dags/list_s3_bucket_files_dag.py
[2026-02-09T02:36:15.328+0000] {processor.py:830} INFO - Processing file /home/cloud/codings/airflow/dags/list_s3_bucket_files_dag.py for tasks to queue
[2026-02-09T02:36:15.330+0000] {logging_mixin.py:188} INFO - [2026-02-09T02:36:15.329+0000] {dagbag.py:545} INFO - Filling up the DagBag from /home/cloud/codings/airflow/dags/list_s3_bucket_files_dag.py
[2026-02-09T02:36:15.346+0000] {processor.py:840} INFO - DAG(s) 'list_s3_bucket_files_dag' retrieved from /home/cloud/codings/airflow/dags/list_s3_bucket_files_dag.py
[2026-02-09T02:36:15.377+0000] {logging_mixin.py:188} INFO - [2026-02-09T02:36:15.376+0000] {dag.py:3089} INFO - Sync 1 DAGs
[2026-02-09T02:36:15.395+0000] {logging_mixin.py:188} INFO - [2026-02-09T02:36:15.395+0000] {dag.py:3947} INFO - Setting next_dagrun for list_s3_bucket_files_dag to None, run_after=None
[2026-02-09T02:36:15.425+0000] {processor.py:183} INFO - Processing /home/cloud/codings/airflow/dags/list_s3_bucket_files_dag.py took 0.108 seconds
[2026-02-09T02:36:45.806+0000] {processor.py:161} INFO - Started process (PID=326299) to work on /home/cloud/codings/airflow/dags/list_s3_bucket_files_dag.py
[2026-02-09T02:36:45.808+0000] {processor.py:830} INFO - Processing file /home/cloud/codings/airflow/dags/list_s3_bucket_files_dag.py for tasks to queue
[2026-02-09T02:36:45.809+0000] {logging_mixin.py:188} INFO - [2026-02-09T02:36:45.808+0000] {dagbag.py:545} INFO - Filling up the DagBag from /home/cloud/codings/airflow/dags/list_s3_bucket_files_dag.py
[2026-02-09T02:36:45.819+0000] {processor.py:840} INFO - DAG(s) 'list_s3_bucket_files_dag' retrieved from /home/cloud/codings/airflow/dags/list_s3_bucket_files_dag.py
[2026-02-09T02:36:45.839+0000] {logging_mixin.py:188} INFO - [2026-02-09T02:36:45.839+0000] {dag.py:3089} INFO - Sync 1 DAGs
[2026-02-09T02:36:45.852+0000] {logging_mixin.py:188} INFO - [2026-02-09T02:36:45.852+0000] {dag.py:3947} INFO - Setting next_dagrun for list_s3_bucket_files_dag to None, run_after=None
[2026-02-09T02:36:45.876+0000] {processor.py:183} INFO - Processing /home/cloud/codings/airflow/dags/list_s3_bucket_files_dag.py took 0.078 seconds
[2026-02-09T02:37:16.304+0000] {processor.py:161} INFO - Started process (PID=326379) to work on /home/cloud/codings/airflow/dags/list_s3_bucket_files_dag.py
[2026-02-09T02:37:16.304+0000] {processor.py:830} INFO - Processing file /home/cloud/codings/airflow/dags/list_s3_bucket_files_dag.py for tasks to queue
[2026-02-09T02:37:16.305+0000] {logging_mixin.py:188} INFO - [2026-02-09T02:37:16.305+0000] {dagbag.py:545} INFO - Filling up the DagBag from /home/cloud/codings/airflow/dags/list_s3_bucket_files_dag.py
[2026-02-09T02:37:16.317+0000] {processor.py:840} INFO - DAG(s) 'list_s3_bucket_files_dag' retrieved from /home/cloud/codings/airflow/dags/list_s3_bucket_files_dag.py
[2026-02-09T02:37:16.340+0000] {logging_mixin.py:188} INFO - [2026-02-09T02:37:16.340+0000] {dag.py:3089} INFO - Sync 1 DAGs
[2026-02-09T02:37:16.355+0000] {logging_mixin.py:188} INFO - [2026-02-09T02:37:16.354+0000] {dag.py:3947} INFO - Setting next_dagrun for list_s3_bucket_files_dag to None, run_after=None
[2026-02-09T02:37:16.380+0000] {processor.py:183} INFO - Processing /home/cloud/codings/airflow/dags/list_s3_bucket_files_dag.py took 0.083 seconds
[2026-02-09T02:37:46.763+0000] {processor.py:161} INFO - Started process (PID=326461) to work on /home/cloud/codings/airflow/dags/list_s3_bucket_files_dag.py
[2026-02-09T02:37:46.780+0000] {processor.py:830} INFO - Processing file /home/cloud/codings/airflow/dags/list_s3_bucket_files_dag.py for tasks to queue
[2026-02-09T02:37:46.781+0000] {logging_mixin.py:188} INFO - [2026-02-09T02:37:46.781+0000] {dagbag.py:545} INFO - Filling up the DagBag from /home/cloud/codings/airflow/dags/list_s3_bucket_files_dag.py
[2026-02-09T02:37:46.792+0000] {processor.py:840} INFO - DAG(s) 'list_s3_bucket_files_dag' retrieved from /home/cloud/codings/airflow/dags/list_s3_bucket_files_dag.py
[2026-02-09T02:37:46.811+0000] {logging_mixin.py:188} INFO - [2026-02-09T02:37:46.811+0000] {dag.py:3089} INFO - Sync 1 DAGs
[2026-02-09T02:37:46.825+0000] {logging_mixin.py:188} INFO - [2026-02-09T02:37:46.825+0000] {dag.py:3947} INFO - Setting next_dagrun for list_s3_bucket_files_dag to None, run_after=None
[2026-02-09T02:37:46.849+0000] {processor.py:183} INFO - Processing /home/cloud/codings/airflow/dags/list_s3_bucket_files_dag.py took 0.091 seconds
[2026-02-09T02:38:17.328+0000] {processor.py:161} INFO - Started process (PID=326539) to work on /home/cloud/codings/airflow/dags/list_s3_bucket_files_dag.py
[2026-02-09T02:38:17.329+0000] {processor.py:830} INFO - Processing file /home/cloud/codings/airflow/dags/list_s3_bucket_files_dag.py for tasks to queue
[2026-02-09T02:38:17.330+0000] {logging_mixin.py:188} INFO - [2026-02-09T02:38:17.330+0000] {dagbag.py:545} INFO - Filling up the DagBag from /home/cloud/codings/airflow/dags/list_s3_bucket_files_dag.py
[2026-02-09T02:38:17.340+0000] {processor.py:840} INFO - DAG(s) 'list_s3_bucket_files_dag' retrieved from /home/cloud/codings/airflow/dags/list_s3_bucket_files_dag.py
[2026-02-09T02:38:17.362+0000] {logging_mixin.py:188} INFO - [2026-02-09T02:38:17.362+0000] {dag.py:3089} INFO - Sync 1 DAGs
[2026-02-09T02:38:17.380+0000] {logging_mixin.py:188} INFO - [2026-02-09T02:38:17.379+0000] {dag.py:3947} INFO - Setting next_dagrun for list_s3_bucket_files_dag to None, run_after=None
[2026-02-09T02:38:17.408+0000] {processor.py:183} INFO - Processing /home/cloud/codings/airflow/dags/list_s3_bucket_files_dag.py took 0.087 seconds
[2026-02-09T02:38:47.620+0000] {processor.py:161} INFO - Started process (PID=326621) to work on /home/cloud/codings/airflow/dags/list_s3_bucket_files_dag.py
[2026-02-09T02:38:47.622+0000] {processor.py:830} INFO - Processing file /home/cloud/codings/airflow/dags/list_s3_bucket_files_dag.py for tasks to queue
[2026-02-09T02:38:47.623+0000] {logging_mixin.py:188} INFO - [2026-02-09T02:38:47.622+0000] {dagbag.py:545} INFO - Filling up the DagBag from /home/cloud/codings/airflow/dags/list_s3_bucket_files_dag.py
[2026-02-09T02:38:47.634+0000] {processor.py:840} INFO - DAG(s) 'list_s3_bucket_files_dag' retrieved from /home/cloud/codings/airflow/dags/list_s3_bucket_files_dag.py
[2026-02-09T02:38:47.660+0000] {logging_mixin.py:188} INFO - [2026-02-09T02:38:47.660+0000] {dag.py:3089} INFO - Sync 1 DAGs
[2026-02-09T02:38:47.678+0000] {logging_mixin.py:188} INFO - [2026-02-09T02:38:47.677+0000] {dag.py:3947} INFO - Setting next_dagrun for list_s3_bucket_files_dag to None, run_after=None
[2026-02-09T02:38:47.706+0000] {processor.py:183} INFO - Processing /home/cloud/codings/airflow/dags/list_s3_bucket_files_dag.py took 0.092 seconds
[2026-02-09T02:39:18.088+0000] {processor.py:161} INFO - Started process (PID=326701) to work on /home/cloud/codings/airflow/dags/list_s3_bucket_files_dag.py
[2026-02-09T02:39:18.089+0000] {processor.py:830} INFO - Processing file /home/cloud/codings/airflow/dags/list_s3_bucket_files_dag.py for tasks to queue
[2026-02-09T02:39:18.091+0000] {logging_mixin.py:188} INFO - [2026-02-09T02:39:18.090+0000] {dagbag.py:545} INFO - Filling up the DagBag from /home/cloud/codings/airflow/dags/list_s3_bucket_files_dag.py
[2026-02-09T02:39:18.102+0000] {processor.py:840} INFO - DAG(s) 'list_s3_bucket_files_dag' retrieved from /home/cloud/codings/airflow/dags/list_s3_bucket_files_dag.py
[2026-02-09T02:39:18.123+0000] {logging_mixin.py:188} INFO - [2026-02-09T02:39:18.123+0000] {dag.py:3089} INFO - Sync 1 DAGs
[2026-02-09T02:39:18.139+0000] {logging_mixin.py:188} INFO - [2026-02-09T02:39:18.138+0000] {dag.py:3947} INFO - Setting next_dagrun for list_s3_bucket_files_dag to None, run_after=None
[2026-02-09T02:39:18.162+0000] {processor.py:183} INFO - Processing /home/cloud/codings/airflow/dags/list_s3_bucket_files_dag.py took 0.080 seconds
[2026-02-09T02:39:48.506+0000] {processor.py:161} INFO - Started process (PID=326785) to work on /home/cloud/codings/airflow/dags/list_s3_bucket_files_dag.py
[2026-02-09T02:39:48.509+0000] {processor.py:830} INFO - Processing file /home/cloud/codings/airflow/dags/list_s3_bucket_files_dag.py for tasks to queue
[2026-02-09T02:39:48.511+0000] {logging_mixin.py:188} INFO - [2026-02-09T02:39:48.510+0000] {dagbag.py:545} INFO - Filling up the DagBag from /home/cloud/codings/airflow/dags/list_s3_bucket_files_dag.py
[2026-02-09T02:39:48.537+0000] {processor.py:840} INFO - DAG(s) 'list_s3_bucket_files_dag' retrieved from /home/cloud/codings/airflow/dags/list_s3_bucket_files_dag.py
[2026-02-09T02:39:48.581+0000] {logging_mixin.py:188} INFO - [2026-02-09T02:39:48.581+0000] {dag.py:3089} INFO - Sync 1 DAGs
[2026-02-09T02:39:48.600+0000] {logging_mixin.py:188} INFO - [2026-02-09T02:39:48.600+0000] {dag.py:3947} INFO - Setting next_dagrun for list_s3_bucket_files_dag to None, run_after=None
[2026-02-09T02:39:48.626+0000] {processor.py:183} INFO - Processing /home/cloud/codings/airflow/dags/list_s3_bucket_files_dag.py took 0.136 seconds
[2026-02-09T02:40:18.924+0000] {processor.py:161} INFO - Started process (PID=326863) to work on /home/cloud/codings/airflow/dags/list_s3_bucket_files_dag.py
[2026-02-09T02:40:18.925+0000] {processor.py:830} INFO - Processing file /home/cloud/codings/airflow/dags/list_s3_bucket_files_dag.py for tasks to queue
[2026-02-09T02:40:18.926+0000] {logging_mixin.py:188} INFO - [2026-02-09T02:40:18.925+0000] {dagbag.py:545} INFO - Filling up the DagBag from /home/cloud/codings/airflow/dags/list_s3_bucket_files_dag.py
[2026-02-09T02:40:18.937+0000] {processor.py:840} INFO - DAG(s) 'list_s3_bucket_files_dag' retrieved from /home/cloud/codings/airflow/dags/list_s3_bucket_files_dag.py
[2026-02-09T02:40:18.958+0000] {logging_mixin.py:188} INFO - [2026-02-09T02:40:18.958+0000] {dag.py:3089} INFO - Sync 1 DAGs
[2026-02-09T02:40:18.974+0000] {logging_mixin.py:188} INFO - [2026-02-09T02:40:18.973+0000] {dag.py:3947} INFO - Setting next_dagrun for list_s3_bucket_files_dag to None, run_after=None
[2026-02-09T02:40:18.999+0000] {processor.py:183} INFO - Processing /home/cloud/codings/airflow/dags/list_s3_bucket_files_dag.py took 0.082 seconds
[2026-02-09T02:40:49.233+0000] {processor.py:161} INFO - Started process (PID=326943) to work on /home/cloud/codings/airflow/dags/list_s3_bucket_files_dag.py
[2026-02-09T02:40:49.235+0000] {processor.py:830} INFO - Processing file /home/cloud/codings/airflow/dags/list_s3_bucket_files_dag.py for tasks to queue
[2026-02-09T02:40:49.236+0000] {logging_mixin.py:188} INFO - [2026-02-09T02:40:49.235+0000] {dagbag.py:545} INFO - Filling up the DagBag from /home/cloud/codings/airflow/dags/list_s3_bucket_files_dag.py
[2026-02-09T02:40:49.252+0000] {processor.py:840} INFO - DAG(s) 'list_s3_bucket_files_dag' retrieved from /home/cloud/codings/airflow/dags/list_s3_bucket_files_dag.py
[2026-02-09T02:40:49.294+0000] {logging_mixin.py:188} INFO - [2026-02-09T02:40:49.294+0000] {dag.py:3089} INFO - Sync 1 DAGs
[2026-02-09T02:40:49.321+0000] {logging_mixin.py:188} INFO - [2026-02-09T02:40:49.321+0000] {dag.py:3947} INFO - Setting next_dagrun for list_s3_bucket_files_dag to None, run_after=None
[2026-02-09T02:40:49.354+0000] {processor.py:183} INFO - Processing /home/cloud/codings/airflow/dags/list_s3_bucket_files_dag.py took 0.131 seconds
[2026-02-09T02:41:19.620+0000] {processor.py:161} INFO - Started process (PID=327023) to work on /home/cloud/codings/airflow/dags/list_s3_bucket_files_dag.py
[2026-02-09T02:41:19.649+0000] {processor.py:830} INFO - Processing file /home/cloud/codings/airflow/dags/list_s3_bucket_files_dag.py for tasks to queue
[2026-02-09T02:41:19.650+0000] {logging_mixin.py:188} INFO - [2026-02-09T02:41:19.650+0000] {dagbag.py:545} INFO - Filling up the DagBag from /home/cloud/codings/airflow/dags/list_s3_bucket_files_dag.py
[2026-02-09T02:41:19.661+0000] {processor.py:840} INFO - DAG(s) 'list_s3_bucket_files_dag' retrieved from /home/cloud/codings/airflow/dags/list_s3_bucket_files_dag.py
[2026-02-09T02:41:19.683+0000] {logging_mixin.py:188} INFO - [2026-02-09T02:41:19.683+0000] {dag.py:3089} INFO - Sync 1 DAGs
[2026-02-09T02:41:19.695+0000] {logging_mixin.py:188} INFO - [2026-02-09T02:41:19.695+0000] {dag.py:3947} INFO - Setting next_dagrun for list_s3_bucket_files_dag to None, run_after=None
[2026-02-09T02:41:19.719+0000] {processor.py:183} INFO - Processing /home/cloud/codings/airflow/dags/list_s3_bucket_files_dag.py took 0.106 seconds
[2026-02-09T02:41:50.065+0000] {processor.py:161} INFO - Started process (PID=327103) to work on /home/cloud/codings/airflow/dags/list_s3_bucket_files_dag.py
[2026-02-09T02:41:50.066+0000] {processor.py:830} INFO - Processing file /home/cloud/codings/airflow/dags/list_s3_bucket_files_dag.py for tasks to queue
[2026-02-09T02:41:50.067+0000] {logging_mixin.py:188} INFO - [2026-02-09T02:41:50.066+0000] {dagbag.py:545} INFO - Filling up the DagBag from /home/cloud/codings/airflow/dags/list_s3_bucket_files_dag.py
[2026-02-09T02:41:50.080+0000] {processor.py:840} INFO - DAG(s) 'list_s3_bucket_files_dag' retrieved from /home/cloud/codings/airflow/dags/list_s3_bucket_files_dag.py
[2026-02-09T02:41:50.102+0000] {logging_mixin.py:188} INFO - [2026-02-09T02:41:50.102+0000] {dag.py:3089} INFO - Sync 1 DAGs
[2026-02-09T02:41:50.116+0000] {logging_mixin.py:188} INFO - [2026-02-09T02:41:50.116+0000] {dag.py:3947} INFO - Setting next_dagrun for list_s3_bucket_files_dag to None, run_after=None
[2026-02-09T02:41:50.140+0000] {processor.py:183} INFO - Processing /home/cloud/codings/airflow/dags/list_s3_bucket_files_dag.py took 0.083 seconds
[2026-02-09T02:42:20.457+0000] {processor.py:161} INFO - Started process (PID=327183) to work on /home/cloud/codings/airflow/dags/list_s3_bucket_files_dag.py
[2026-02-09T02:42:20.458+0000] {processor.py:830} INFO - Processing file /home/cloud/codings/airflow/dags/list_s3_bucket_files_dag.py for tasks to queue
[2026-02-09T02:42:20.459+0000] {logging_mixin.py:188} INFO - [2026-02-09T02:42:20.458+0000] {dagbag.py:545} INFO - Filling up the DagBag from /home/cloud/codings/airflow/dags/list_s3_bucket_files_dag.py
[2026-02-09T02:42:20.471+0000] {processor.py:840} INFO - DAG(s) 'list_s3_bucket_files_dag' retrieved from /home/cloud/codings/airflow/dags/list_s3_bucket_files_dag.py
[2026-02-09T02:42:20.491+0000] {logging_mixin.py:188} INFO - [2026-02-09T02:42:20.490+0000] {dag.py:3089} INFO - Sync 1 DAGs
[2026-02-09T02:42:20.507+0000] {logging_mixin.py:188} INFO - [2026-02-09T02:42:20.507+0000] {dag.py:3947} INFO - Setting next_dagrun for list_s3_bucket_files_dag to None, run_after=None
[2026-02-09T02:42:20.543+0000] {processor.py:183} INFO - Processing /home/cloud/codings/airflow/dags/list_s3_bucket_files_dag.py took 0.092 seconds
[2026-02-09T02:42:50.917+0000] {processor.py:161} INFO - Started process (PID=327271) to work on /home/cloud/codings/airflow/dags/list_s3_bucket_files_dag.py
[2026-02-09T02:42:50.918+0000] {processor.py:830} INFO - Processing file /home/cloud/codings/airflow/dags/list_s3_bucket_files_dag.py for tasks to queue
[2026-02-09T02:42:50.919+0000] {logging_mixin.py:188} INFO - [2026-02-09T02:42:50.918+0000] {dagbag.py:545} INFO - Filling up the DagBag from /home/cloud/codings/airflow/dags/list_s3_bucket_files_dag.py
[2026-02-09T02:42:50.931+0000] {processor.py:840} INFO - DAG(s) 'list_s3_bucket_files_dag' retrieved from /home/cloud/codings/airflow/dags/list_s3_bucket_files_dag.py
[2026-02-09T02:42:50.954+0000] {logging_mixin.py:188} INFO - [2026-02-09T02:42:50.954+0000] {dag.py:3089} INFO - Sync 1 DAGs
[2026-02-09T02:42:50.971+0000] {logging_mixin.py:188} INFO - [2026-02-09T02:42:50.971+0000] {dag.py:3947} INFO - Setting next_dagrun for list_s3_bucket_files_dag to None, run_after=None
[2026-02-09T02:42:51.002+0000] {processor.py:183} INFO - Processing /home/cloud/codings/airflow/dags/list_s3_bucket_files_dag.py took 0.093 seconds
[2026-02-09T02:43:21.362+0000] {processor.py:161} INFO - Started process (PID=327344) to work on /home/cloud/codings/airflow/dags/list_s3_bucket_files_dag.py
[2026-02-09T02:43:21.365+0000] {processor.py:830} INFO - Processing file /home/cloud/codings/airflow/dags/list_s3_bucket_files_dag.py for tasks to queue
[2026-02-09T02:43:21.367+0000] {logging_mixin.py:188} INFO - [2026-02-09T02:43:21.366+0000] {dagbag.py:545} INFO - Filling up the DagBag from /home/cloud/codings/airflow/dags/list_s3_bucket_files_dag.py
[2026-02-09T02:43:21.384+0000] {processor.py:840} INFO - DAG(s) 'list_s3_bucket_files_dag' retrieved from /home/cloud/codings/airflow/dags/list_s3_bucket_files_dag.py
[2026-02-09T02:43:21.419+0000] {logging_mixin.py:188} INFO - [2026-02-09T02:43:21.419+0000] {dag.py:3089} INFO - Sync 1 DAGs
[2026-02-09T02:43:21.440+0000] {logging_mixin.py:188} INFO - [2026-02-09T02:43:21.440+0000] {dag.py:3947} INFO - Setting next_dagrun for list_s3_bucket_files_dag to None, run_after=None
[2026-02-09T02:43:21.479+0000] {processor.py:183} INFO - Processing /home/cloud/codings/airflow/dags/list_s3_bucket_files_dag.py took 0.129 seconds
[2026-02-09T02:43:51.641+0000] {processor.py:161} INFO - Started process (PID=327430) to work on /home/cloud/codings/airflow/dags/list_s3_bucket_files_dag.py
[2026-02-09T02:43:51.647+0000] {processor.py:830} INFO - Processing file /home/cloud/codings/airflow/dags/list_s3_bucket_files_dag.py for tasks to queue
[2026-02-09T02:43:51.648+0000] {logging_mixin.py:188} INFO - [2026-02-09T02:43:51.647+0000] {dagbag.py:545} INFO - Filling up the DagBag from /home/cloud/codings/airflow/dags/list_s3_bucket_files_dag.py
[2026-02-09T02:43:51.661+0000] {processor.py:840} INFO - DAG(s) 'list_s3_bucket_files_dag' retrieved from /home/cloud/codings/airflow/dags/list_s3_bucket_files_dag.py
[2026-02-09T02:43:51.690+0000] {logging_mixin.py:188} INFO - [2026-02-09T02:43:51.690+0000] {dag.py:3089} INFO - Sync 1 DAGs
[2026-02-09T02:43:51.709+0000] {logging_mixin.py:188} INFO - [2026-02-09T02:43:51.709+0000] {dag.py:3947} INFO - Setting next_dagrun for list_s3_bucket_files_dag to None, run_after=None
[2026-02-09T02:43:51.745+0000] {processor.py:183} INFO - Processing /home/cloud/codings/airflow/dags/list_s3_bucket_files_dag.py took 0.112 seconds
[2026-02-09T02:44:22.001+0000] {processor.py:161} INFO - Started process (PID=327512) to work on /home/cloud/codings/airflow/dags/list_s3_bucket_files_dag.py
[2026-02-09T02:44:22.004+0000] {processor.py:830} INFO - Processing file /home/cloud/codings/airflow/dags/list_s3_bucket_files_dag.py for tasks to queue
[2026-02-09T02:44:22.006+0000] {logging_mixin.py:188} INFO - [2026-02-09T02:44:22.005+0000] {dagbag.py:545} INFO - Filling up the DagBag from /home/cloud/codings/airflow/dags/list_s3_bucket_files_dag.py
[2026-02-09T02:44:22.033+0000] {processor.py:840} INFO - DAG(s) 'list_s3_bucket_files_dag' retrieved from /home/cloud/codings/airflow/dags/list_s3_bucket_files_dag.py
[2026-02-09T02:44:22.092+0000] {logging_mixin.py:188} INFO - [2026-02-09T02:44:22.091+0000] {dag.py:3089} INFO - Sync 1 DAGs
[2026-02-09T02:44:22.127+0000] {logging_mixin.py:188} INFO - [2026-02-09T02:44:22.127+0000] {dag.py:3947} INFO - Setting next_dagrun for list_s3_bucket_files_dag to None, run_after=None
[2026-02-09T02:44:22.188+0000] {processor.py:183} INFO - Processing /home/cloud/codings/airflow/dags/list_s3_bucket_files_dag.py took 0.203 seconds
[2026-02-09T02:44:52.308+0000] {processor.py:161} INFO - Started process (PID=327594) to work on /home/cloud/codings/airflow/dags/list_s3_bucket_files_dag.py
[2026-02-09T02:44:52.309+0000] {processor.py:830} INFO - Processing file /home/cloud/codings/airflow/dags/list_s3_bucket_files_dag.py for tasks to queue
[2026-02-09T02:44:52.310+0000] {logging_mixin.py:188} INFO - [2026-02-09T02:44:52.310+0000] {dagbag.py:545} INFO - Filling up the DagBag from /home/cloud/codings/airflow/dags/list_s3_bucket_files_dag.py
[2026-02-09T02:44:52.324+0000] {processor.py:840} INFO - DAG(s) 'list_s3_bucket_files_dag' retrieved from /home/cloud/codings/airflow/dags/list_s3_bucket_files_dag.py
[2026-02-09T02:44:52.355+0000] {logging_mixin.py:188} INFO - [2026-02-09T02:44:52.354+0000] {dag.py:3089} INFO - Sync 1 DAGs
[2026-02-09T02:44:52.383+0000] {logging_mixin.py:188} INFO - [2026-02-09T02:44:52.383+0000] {dag.py:3947} INFO - Setting next_dagrun for list_s3_bucket_files_dag to None, run_after=None
[2026-02-09T02:44:52.436+0000] {processor.py:183} INFO - Processing /home/cloud/codings/airflow/dags/list_s3_bucket_files_dag.py took 0.135 seconds
[2026-02-09T02:45:22.588+0000] {processor.py:161} INFO - Started process (PID=327689) to work on /home/cloud/codings/airflow/dags/list_s3_bucket_files_dag.py
[2026-02-09T02:45:22.590+0000] {processor.py:830} INFO - Processing file /home/cloud/codings/airflow/dags/list_s3_bucket_files_dag.py for tasks to queue
[2026-02-09T02:45:22.592+0000] {logging_mixin.py:188} INFO - [2026-02-09T02:45:22.592+0000] {dagbag.py:545} INFO - Filling up the DagBag from /home/cloud/codings/airflow/dags/list_s3_bucket_files_dag.py
[2026-02-09T02:45:22.606+0000] {processor.py:840} INFO - DAG(s) 'list_s3_bucket_files_dag' retrieved from /home/cloud/codings/airflow/dags/list_s3_bucket_files_dag.py
[2026-02-09T02:45:22.638+0000] {logging_mixin.py:188} INFO - [2026-02-09T02:45:22.637+0000] {dag.py:3089} INFO - Sync 1 DAGs
[2026-02-09T02:45:22.659+0000] {logging_mixin.py:188} INFO - [2026-02-09T02:45:22.659+0000] {dag.py:3947} INFO - Setting next_dagrun for list_s3_bucket_files_dag to None, run_after=None
[2026-02-09T02:45:22.691+0000] {processor.py:183} INFO - Processing /home/cloud/codings/airflow/dags/list_s3_bucket_files_dag.py took 0.110 seconds
[2026-02-09T02:45:52.907+0000] {processor.py:161} INFO - Started process (PID=327771) to work on /home/cloud/codings/airflow/dags/list_s3_bucket_files_dag.py
[2026-02-09T02:45:52.909+0000] {processor.py:830} INFO - Processing file /home/cloud/codings/airflow/dags/list_s3_bucket_files_dag.py for tasks to queue
[2026-02-09T02:45:52.910+0000] {logging_mixin.py:188} INFO - [2026-02-09T02:45:52.909+0000] {dagbag.py:545} INFO - Filling up the DagBag from /home/cloud/codings/airflow/dags/list_s3_bucket_files_dag.py
[2026-02-09T02:45:52.921+0000] {processor.py:840} INFO - DAG(s) 'list_s3_bucket_files_dag' retrieved from /home/cloud/codings/airflow/dags/list_s3_bucket_files_dag.py
[2026-02-09T02:45:52.946+0000] {logging_mixin.py:188} INFO - [2026-02-09T02:45:52.946+0000] {dag.py:3089} INFO - Sync 1 DAGs
[2026-02-09T02:45:52.961+0000] {logging_mixin.py:188} INFO - [2026-02-09T02:45:52.961+0000] {dag.py:3947} INFO - Setting next_dagrun for list_s3_bucket_files_dag to None, run_after=None
[2026-02-09T02:45:52.988+0000] {processor.py:183} INFO - Processing /home/cloud/codings/airflow/dags/list_s3_bucket_files_dag.py took 0.087 seconds
[2026-02-09T02:46:23.169+0000] {processor.py:161} INFO - Started process (PID=327851) to work on /home/cloud/codings/airflow/dags/list_s3_bucket_files_dag.py
[2026-02-09T02:46:23.170+0000] {processor.py:830} INFO - Processing file /home/cloud/codings/airflow/dags/list_s3_bucket_files_dag.py for tasks to queue
[2026-02-09T02:46:23.171+0000] {logging_mixin.py:188} INFO - [2026-02-09T02:46:23.171+0000] {dagbag.py:545} INFO - Filling up the DagBag from /home/cloud/codings/airflow/dags/list_s3_bucket_files_dag.py
[2026-02-09T02:46:23.183+0000] {processor.py:840} INFO - DAG(s) 'list_s3_bucket_files_dag' retrieved from /home/cloud/codings/airflow/dags/list_s3_bucket_files_dag.py
[2026-02-09T02:46:23.208+0000] {logging_mixin.py:188} INFO - [2026-02-09T02:46:23.208+0000] {dag.py:3089} INFO - Sync 1 DAGs
[2026-02-09T02:46:23.225+0000] {logging_mixin.py:188} INFO - [2026-02-09T02:46:23.225+0000] {dag.py:3947} INFO - Setting next_dagrun for list_s3_bucket_files_dag to None, run_after=None
[2026-02-09T02:46:23.254+0000] {processor.py:183} INFO - Processing /home/cloud/codings/airflow/dags/list_s3_bucket_files_dag.py took 0.094 seconds
[2026-02-09T02:46:53.528+0000] {processor.py:161} INFO - Started process (PID=327933) to work on /home/cloud/codings/airflow/dags/list_s3_bucket_files_dag.py
[2026-02-09T02:46:53.533+0000] {processor.py:830} INFO - Processing file /home/cloud/codings/airflow/dags/list_s3_bucket_files_dag.py for tasks to queue
[2026-02-09T02:46:53.534+0000] {logging_mixin.py:188} INFO - [2026-02-09T02:46:53.533+0000] {dagbag.py:545} INFO - Filling up the DagBag from /home/cloud/codings/airflow/dags/list_s3_bucket_files_dag.py
[2026-02-09T02:46:53.545+0000] {processor.py:840} INFO - DAG(s) 'list_s3_bucket_files_dag' retrieved from /home/cloud/codings/airflow/dags/list_s3_bucket_files_dag.py
[2026-02-09T02:46:53.569+0000] {logging_mixin.py:188} INFO - [2026-02-09T02:46:53.568+0000] {dag.py:3089} INFO - Sync 1 DAGs
[2026-02-09T02:46:53.584+0000] {logging_mixin.py:188} INFO - [2026-02-09T02:46:53.584+0000] {dag.py:3947} INFO - Setting next_dagrun for list_s3_bucket_files_dag to None, run_after=None
[2026-02-09T02:46:53.612+0000] {processor.py:183} INFO - Processing /home/cloud/codings/airflow/dags/list_s3_bucket_files_dag.py took 0.092 seconds
[2026-02-09T02:47:23.946+0000] {processor.py:161} INFO - Started process (PID=328013) to work on /home/cloud/codings/airflow/dags/list_s3_bucket_files_dag.py
[2026-02-09T02:47:23.948+0000] {processor.py:830} INFO - Processing file /home/cloud/codings/airflow/dags/list_s3_bucket_files_dag.py for tasks to queue
[2026-02-09T02:47:23.949+0000] {logging_mixin.py:188} INFO - [2026-02-09T02:47:23.948+0000] {dagbag.py:545} INFO - Filling up the DagBag from /home/cloud/codings/airflow/dags/list_s3_bucket_files_dag.py
[2026-02-09T02:47:23.961+0000] {processor.py:840} INFO - DAG(s) 'list_s3_bucket_files_dag' retrieved from /home/cloud/codings/airflow/dags/list_s3_bucket_files_dag.py
[2026-02-09T02:47:23.990+0000] {logging_mixin.py:188} INFO - [2026-02-09T02:47:23.989+0000] {dag.py:3089} INFO - Sync 1 DAGs
[2026-02-09T02:47:24.008+0000] {logging_mixin.py:188} INFO - [2026-02-09T02:47:24.008+0000] {dag.py:3947} INFO - Setting next_dagrun for list_s3_bucket_files_dag to None, run_after=None
[2026-02-09T02:47:24.041+0000] {processor.py:183} INFO - Processing /home/cloud/codings/airflow/dags/list_s3_bucket_files_dag.py took 0.102 seconds
[2026-02-09T05:47:46.703+0000] {processor.py:161} INFO - Started process (PID=328079) to work on /home/cloud/codings/airflow/dags/list_s3_bucket_files_dag.py
[2026-02-09T05:47:46.736+0000] {processor.py:830} INFO - Processing file /home/cloud/codings/airflow/dags/list_s3_bucket_files_dag.py for tasks to queue
[2026-02-09T05:47:46.740+0000] {logging_mixin.py:188} INFO - [2026-02-09T05:47:46.739+0000] {dagbag.py:545} INFO - Filling up the DagBag from /home/cloud/codings/airflow/dags/list_s3_bucket_files_dag.py
[2026-02-09T05:47:46.897+0000] {processor.py:840} INFO - DAG(s) 'list_s3_bucket_files_dag' retrieved from /home/cloud/codings/airflow/dags/list_s3_bucket_files_dag.py
[2026-02-09T05:47:47.181+0000] {logging_mixin.py:188} INFO - [2026-02-09T05:47:47.180+0000] {dag.py:3089} INFO - Sync 1 DAGs
[2026-02-09T05:47:47.369+0000] {logging_mixin.py:188} INFO - [2026-02-09T05:47:47.368+0000] {dag.py:3947} INFO - Setting next_dagrun for list_s3_bucket_files_dag to None, run_after=None
[2026-02-09T05:47:47.796+0000] {processor.py:183} INFO - Processing /home/cloud/codings/airflow/dags/list_s3_bucket_files_dag.py took 1.171 seconds
[2026-02-09T06:39:39.502+0000] {processor.py:161} INFO - Started process (PID=328090) to work on /home/cloud/codings/airflow/dags/list_s3_bucket_files_dag.py
[2026-02-09T06:39:39.503+0000] {processor.py:830} INFO - Processing file /home/cloud/codings/airflow/dags/list_s3_bucket_files_dag.py for tasks to queue
[2026-02-09T06:39:39.514+0000] {logging_mixin.py:188} INFO - [2026-02-09T06:39:39.513+0000] {dagbag.py:545} INFO - Filling up the DagBag from /home/cloud/codings/airflow/dags/list_s3_bucket_files_dag.py
[2026-02-09T06:39:39.560+0000] {processor.py:840} INFO - DAG(s) 'list_s3_bucket_files_dag' retrieved from /home/cloud/codings/airflow/dags/list_s3_bucket_files_dag.py
[2026-02-09T06:39:39.671+0000] {logging_mixin.py:188} INFO - [2026-02-09T06:39:39.671+0000] {dag.py:3089} INFO - Sync 1 DAGs
[2026-02-09T06:39:39.738+0000] {logging_mixin.py:188} INFO - [2026-02-09T06:39:39.738+0000] {dag.py:3947} INFO - Setting next_dagrun for list_s3_bucket_files_dag to None, run_after=None
[2026-02-09T06:39:39.840+0000] {processor.py:183} INFO - Processing /home/cloud/codings/airflow/dags/list_s3_bucket_files_dag.py took 0.358 seconds
[2026-02-09T06:40:10.459+0000] {processor.py:161} INFO - Started process (PID=328110) to work on /home/cloud/codings/airflow/dags/list_s3_bucket_files_dag.py
[2026-02-09T06:40:10.460+0000] {processor.py:830} INFO - Processing file /home/cloud/codings/airflow/dags/list_s3_bucket_files_dag.py for tasks to queue
[2026-02-09T06:40:10.462+0000] {logging_mixin.py:188} INFO - [2026-02-09T06:40:10.461+0000] {dagbag.py:545} INFO - Filling up the DagBag from /home/cloud/codings/airflow/dags/list_s3_bucket_files_dag.py
[2026-02-09T06:40:10.479+0000] {processor.py:840} INFO - DAG(s) 'list_s3_bucket_files_dag' retrieved from /home/cloud/codings/airflow/dags/list_s3_bucket_files_dag.py
[2026-02-09T06:40:10.513+0000] {logging_mixin.py:188} INFO - [2026-02-09T06:40:10.512+0000] {dag.py:3089} INFO - Sync 1 DAGs
[2026-02-09T06:40:10.542+0000] {logging_mixin.py:188} INFO - [2026-02-09T06:40:10.541+0000] {dag.py:3947} INFO - Setting next_dagrun for list_s3_bucket_files_dag to None, run_after=None
[2026-02-09T06:40:10.592+0000] {processor.py:183} INFO - Processing /home/cloud/codings/airflow/dags/list_s3_bucket_files_dag.py took 0.144 seconds
[2026-02-09T06:40:40.987+0000] {processor.py:161} INFO - Started process (PID=328121) to work on /home/cloud/codings/airflow/dags/list_s3_bucket_files_dag.py
[2026-02-09T06:40:40.993+0000] {processor.py:830} INFO - Processing file /home/cloud/codings/airflow/dags/list_s3_bucket_files_dag.py for tasks to queue
[2026-02-09T06:40:40.995+0000] {logging_mixin.py:188} INFO - [2026-02-09T06:40:40.995+0000] {dagbag.py:545} INFO - Filling up the DagBag from /home/cloud/codings/airflow/dags/list_s3_bucket_files_dag.py
[2026-02-09T06:40:41.020+0000] {processor.py:840} INFO - DAG(s) 'list_s3_bucket_files_dag' retrieved from /home/cloud/codings/airflow/dags/list_s3_bucket_files_dag.py
[2026-02-09T06:40:41.065+0000] {logging_mixin.py:188} INFO - [2026-02-09T06:40:41.065+0000] {dag.py:3089} INFO - Sync 1 DAGs
[2026-02-09T06:40:41.096+0000] {logging_mixin.py:188} INFO - [2026-02-09T06:40:41.096+0000] {dag.py:3947} INFO - Setting next_dagrun for list_s3_bucket_files_dag to None, run_after=None
[2026-02-09T06:40:41.162+0000] {processor.py:183} INFO - Processing /home/cloud/codings/airflow/dags/list_s3_bucket_files_dag.py took 0.191 seconds
[2026-02-09T06:41:11.584+0000] {processor.py:161} INFO - Started process (PID=328127) to work on /home/cloud/codings/airflow/dags/list_s3_bucket_files_dag.py
[2026-02-09T06:41:11.585+0000] {processor.py:830} INFO - Processing file /home/cloud/codings/airflow/dags/list_s3_bucket_files_dag.py for tasks to queue
[2026-02-09T06:41:11.587+0000] {logging_mixin.py:188} INFO - [2026-02-09T06:41:11.586+0000] {dagbag.py:545} INFO - Filling up the DagBag from /home/cloud/codings/airflow/dags/list_s3_bucket_files_dag.py
[2026-02-09T06:41:11.603+0000] {processor.py:840} INFO - DAG(s) 'list_s3_bucket_files_dag' retrieved from /home/cloud/codings/airflow/dags/list_s3_bucket_files_dag.py
[2026-02-09T06:41:11.631+0000] {logging_mixin.py:188} INFO - [2026-02-09T06:41:11.631+0000] {dag.py:3089} INFO - Sync 1 DAGs
[2026-02-09T06:41:11.649+0000] {logging_mixin.py:188} INFO - [2026-02-09T06:41:11.649+0000] {dag.py:3947} INFO - Setting next_dagrun for list_s3_bucket_files_dag to None, run_after=None
[2026-02-09T06:41:11.677+0000] {processor.py:183} INFO - Processing /home/cloud/codings/airflow/dags/list_s3_bucket_files_dag.py took 0.106 seconds
[2026-02-09T06:41:41.975+0000] {processor.py:161} INFO - Started process (PID=328138) to work on /home/cloud/codings/airflow/dags/list_s3_bucket_files_dag.py
[2026-02-09T06:41:41.993+0000] {processor.py:830} INFO - Processing file /home/cloud/codings/airflow/dags/list_s3_bucket_files_dag.py for tasks to queue
[2026-02-09T06:41:41.996+0000] {logging_mixin.py:188} INFO - [2026-02-09T06:41:41.994+0000] {dagbag.py:545} INFO - Filling up the DagBag from /home/cloud/codings/airflow/dags/list_s3_bucket_files_dag.py
[2026-02-09T06:41:42.029+0000] {processor.py:840} INFO - DAG(s) 'list_s3_bucket_files_dag' retrieved from /home/cloud/codings/airflow/dags/list_s3_bucket_files_dag.py
[2026-02-09T06:41:42.089+0000] {logging_mixin.py:188} INFO - [2026-02-09T06:41:42.088+0000] {dag.py:3089} INFO - Sync 1 DAGs
[2026-02-09T06:41:42.128+0000] {logging_mixin.py:188} INFO - [2026-02-09T06:41:42.128+0000] {dag.py:3947} INFO - Setting next_dagrun for list_s3_bucket_files_dag to None, run_after=None
[2026-02-09T06:41:42.180+0000] {processor.py:183} INFO - Processing /home/cloud/codings/airflow/dags/list_s3_bucket_files_dag.py took 0.220 seconds
[2026-02-09T06:42:12.315+0000] {processor.py:161} INFO - Started process (PID=328148) to work on /home/cloud/codings/airflow/dags/list_s3_bucket_files_dag.py
[2026-02-09T06:42:12.316+0000] {processor.py:830} INFO - Processing file /home/cloud/codings/airflow/dags/list_s3_bucket_files_dag.py for tasks to queue
[2026-02-09T06:42:12.317+0000] {logging_mixin.py:188} INFO - [2026-02-09T06:42:12.316+0000] {dagbag.py:545} INFO - Filling up the DagBag from /home/cloud/codings/airflow/dags/list_s3_bucket_files_dag.py
[2026-02-09T06:42:12.328+0000] {processor.py:840} INFO - DAG(s) 'list_s3_bucket_files_dag' retrieved from /home/cloud/codings/airflow/dags/list_s3_bucket_files_dag.py
[2026-02-09T06:42:12.367+0000] {logging_mixin.py:188} INFO - [2026-02-09T06:42:12.366+0000] {dag.py:3089} INFO - Sync 1 DAGs
[2026-02-09T06:42:12.386+0000] {logging_mixin.py:188} INFO - [2026-02-09T06:42:12.386+0000] {dag.py:3947} INFO - Setting next_dagrun for list_s3_bucket_files_dag to None, run_after=None
[2026-02-09T06:42:12.415+0000] {processor.py:183} INFO - Processing /home/cloud/codings/airflow/dags/list_s3_bucket_files_dag.py took 0.107 seconds
[2026-02-09T06:42:43.081+0000] {processor.py:161} INFO - Started process (PID=328571) to work on /home/cloud/codings/airflow/dags/list_s3_bucket_files_dag.py
[2026-02-09T06:42:43.089+0000] {processor.py:830} INFO - Processing file /home/cloud/codings/airflow/dags/list_s3_bucket_files_dag.py for tasks to queue
[2026-02-09T06:42:43.094+0000] {logging_mixin.py:188} INFO - [2026-02-09T06:42:43.091+0000] {dagbag.py:545} INFO - Filling up the DagBag from /home/cloud/codings/airflow/dags/list_s3_bucket_files_dag.py
[2026-02-09T06:42:43.175+0000] {processor.py:840} INFO - DAG(s) 'list_s3_bucket_files_dag' retrieved from /home/cloud/codings/airflow/dags/list_s3_bucket_files_dag.py
[2026-02-09T06:42:43.333+0000] {logging_mixin.py:188} INFO - [2026-02-09T06:42:43.332+0000] {dag.py:3089} INFO - Sync 1 DAGs
[2026-02-09T06:42:43.425+0000] {logging_mixin.py:188} INFO - [2026-02-09T06:42:43.424+0000] {dag.py:3947} INFO - Setting next_dagrun for list_s3_bucket_files_dag to None, run_after=None
[2026-02-09T06:42:43.530+0000] {processor.py:183} INFO - Processing /home/cloud/codings/airflow/dags/list_s3_bucket_files_dag.py took 0.484 seconds
[2026-02-09T06:43:14.651+0000] {processor.py:161} INFO - Started process (PID=328889) to work on /home/cloud/codings/airflow/dags/list_s3_bucket_files_dag.py
[2026-02-09T06:43:14.669+0000] {processor.py:830} INFO - Processing file /home/cloud/codings/airflow/dags/list_s3_bucket_files_dag.py for tasks to queue
[2026-02-09T06:43:14.671+0000] {logging_mixin.py:188} INFO - [2026-02-09T06:43:14.670+0000] {dagbag.py:545} INFO - Filling up the DagBag from /home/cloud/codings/airflow/dags/list_s3_bucket_files_dag.py
[2026-02-09T06:43:14.694+0000] {processor.py:840} INFO - DAG(s) 'list_s3_bucket_files_dag' retrieved from /home/cloud/codings/airflow/dags/list_s3_bucket_files_dag.py
[2026-02-09T06:43:14.738+0000] {logging_mixin.py:188} INFO - [2026-02-09T06:43:14.738+0000] {dag.py:3089} INFO - Sync 1 DAGs
[2026-02-09T06:43:14.764+0000] {logging_mixin.py:188} INFO - [2026-02-09T06:43:14.763+0000] {dag.py:3947} INFO - Setting next_dagrun for list_s3_bucket_files_dag to None, run_after=None
[2026-02-09T06:43:14.798+0000] {processor.py:183} INFO - Processing /home/cloud/codings/airflow/dags/list_s3_bucket_files_dag.py took 0.159 seconds
[2026-02-09T06:43:45.064+0000] {processor.py:161} INFO - Started process (PID=329015) to work on /home/cloud/codings/airflow/dags/list_s3_bucket_files_dag.py
[2026-02-09T06:43:45.065+0000] {processor.py:830} INFO - Processing file /home/cloud/codings/airflow/dags/list_s3_bucket_files_dag.py for tasks to queue
[2026-02-09T06:43:45.066+0000] {logging_mixin.py:188} INFO - [2026-02-09T06:43:45.066+0000] {dagbag.py:545} INFO - Filling up the DagBag from /home/cloud/codings/airflow/dags/list_s3_bucket_files_dag.py
[2026-02-09T06:43:45.078+0000] {processor.py:840} INFO - DAG(s) 'list_s3_bucket_files_dag' retrieved from /home/cloud/codings/airflow/dags/list_s3_bucket_files_dag.py
[2026-02-09T06:43:45.102+0000] {logging_mixin.py:188} INFO - [2026-02-09T06:43:45.102+0000] {dag.py:3089} INFO - Sync 1 DAGs
[2026-02-09T06:43:45.117+0000] {logging_mixin.py:188} INFO - [2026-02-09T06:43:45.117+0000] {dag.py:3947} INFO - Setting next_dagrun for list_s3_bucket_files_dag to None, run_after=None
[2026-02-09T06:43:45.145+0000] {processor.py:183} INFO - Processing /home/cloud/codings/airflow/dags/list_s3_bucket_files_dag.py took 0.087 seconds
[2026-02-09T06:44:15.605+0000] {processor.py:161} INFO - Started process (PID=329089) to work on /home/cloud/codings/airflow/dags/list_s3_bucket_files_dag.py
[2026-02-09T06:44:15.626+0000] {processor.py:830} INFO - Processing file /home/cloud/codings/airflow/dags/list_s3_bucket_files_dag.py for tasks to queue
[2026-02-09T06:44:15.627+0000] {logging_mixin.py:188} INFO - [2026-02-09T06:44:15.627+0000] {dagbag.py:545} INFO - Filling up the DagBag from /home/cloud/codings/airflow/dags/list_s3_bucket_files_dag.py
[2026-02-09T06:44:15.637+0000] {processor.py:840} INFO - DAG(s) 'list_s3_bucket_files_dag' retrieved from /home/cloud/codings/airflow/dags/list_s3_bucket_files_dag.py
[2026-02-09T06:44:15.659+0000] {logging_mixin.py:188} INFO - [2026-02-09T06:44:15.659+0000] {dag.py:3089} INFO - Sync 1 DAGs
[2026-02-09T06:44:15.671+0000] {logging_mixin.py:188} INFO - [2026-02-09T06:44:15.671+0000] {dag.py:3947} INFO - Setting next_dagrun for list_s3_bucket_files_dag to None, run_after=None
[2026-02-09T06:44:15.696+0000] {processor.py:183} INFO - Processing /home/cloud/codings/airflow/dags/list_s3_bucket_files_dag.py took 0.097 seconds
[2026-02-09T06:44:46.318+0000] {processor.py:161} INFO - Started process (PID=329163) to work on /home/cloud/codings/airflow/dags/list_s3_bucket_files_dag.py
[2026-02-09T06:44:46.325+0000] {processor.py:830} INFO - Processing file /home/cloud/codings/airflow/dags/list_s3_bucket_files_dag.py for tasks to queue
[2026-02-09T06:44:46.327+0000] {logging_mixin.py:188} INFO - [2026-02-09T06:44:46.326+0000] {dagbag.py:545} INFO - Filling up the DagBag from /home/cloud/codings/airflow/dags/list_s3_bucket_files_dag.py
[2026-02-09T06:44:46.339+0000] {processor.py:840} INFO - DAG(s) 'list_s3_bucket_files_dag' retrieved from /home/cloud/codings/airflow/dags/list_s3_bucket_files_dag.py
[2026-02-09T06:44:46.364+0000] {logging_mixin.py:188} INFO - [2026-02-09T06:44:46.364+0000] {dag.py:3089} INFO - Sync 1 DAGs
[2026-02-09T06:44:46.379+0000] {logging_mixin.py:188} INFO - [2026-02-09T06:44:46.379+0000] {dag.py:3947} INFO - Setting next_dagrun for list_s3_bucket_files_dag to None, run_after=None
[2026-02-09T06:44:46.405+0000] {processor.py:183} INFO - Processing /home/cloud/codings/airflow/dags/list_s3_bucket_files_dag.py took 0.095 seconds
[2026-02-09T06:45:16.623+0000] {processor.py:161} INFO - Started process (PID=329243) to work on /home/cloud/codings/airflow/dags/list_s3_bucket_files_dag.py
[2026-02-09T06:45:16.625+0000] {processor.py:830} INFO - Processing file /home/cloud/codings/airflow/dags/list_s3_bucket_files_dag.py for tasks to queue
[2026-02-09T06:45:16.626+0000] {logging_mixin.py:188} INFO - [2026-02-09T06:45:16.625+0000] {dagbag.py:545} INFO - Filling up the DagBag from /home/cloud/codings/airflow/dags/list_s3_bucket_files_dag.py
[2026-02-09T06:45:16.638+0000] {processor.py:840} INFO - DAG(s) 'list_s3_bucket_files_dag' retrieved from /home/cloud/codings/airflow/dags/list_s3_bucket_files_dag.py
[2026-02-09T06:45:16.661+0000] {logging_mixin.py:188} INFO - [2026-02-09T06:45:16.661+0000] {dag.py:3089} INFO - Sync 1 DAGs
[2026-02-09T06:45:16.677+0000] {logging_mixin.py:188} INFO - [2026-02-09T06:45:16.676+0000] {dag.py:3947} INFO - Setting next_dagrun for list_s3_bucket_files_dag to None, run_after=None
[2026-02-09T06:45:16.707+0000] {processor.py:183} INFO - Processing /home/cloud/codings/airflow/dags/list_s3_bucket_files_dag.py took 0.091 seconds
[2026-02-09T06:45:47.217+0000] {processor.py:161} INFO - Started process (PID=329319) to work on /home/cloud/codings/airflow/dags/list_s3_bucket_files_dag.py
[2026-02-09T06:45:47.234+0000] {processor.py:830} INFO - Processing file /home/cloud/codings/airflow/dags/list_s3_bucket_files_dag.py for tasks to queue
[2026-02-09T06:45:47.235+0000] {logging_mixin.py:188} INFO - [2026-02-09T06:45:47.235+0000] {dagbag.py:545} INFO - Filling up the DagBag from /home/cloud/codings/airflow/dags/list_s3_bucket_files_dag.py
[2026-02-09T06:45:47.246+0000] {processor.py:840} INFO - DAG(s) 'list_s3_bucket_files_dag' retrieved from /home/cloud/codings/airflow/dags/list_s3_bucket_files_dag.py
[2026-02-09T06:45:47.266+0000] {logging_mixin.py:188} INFO - [2026-02-09T06:45:47.266+0000] {dag.py:3089} INFO - Sync 1 DAGs
[2026-02-09T06:45:47.278+0000] {logging_mixin.py:188} INFO - [2026-02-09T06:45:47.278+0000] {dag.py:3947} INFO - Setting next_dagrun for list_s3_bucket_files_dag to None, run_after=None
[2026-02-09T06:45:47.300+0000] {processor.py:183} INFO - Processing /home/cloud/codings/airflow/dags/list_s3_bucket_files_dag.py took 0.088 seconds
[2026-02-09T06:46:17.837+0000] {processor.py:161} INFO - Started process (PID=329397) to work on /home/cloud/codings/airflow/dags/list_s3_bucket_files_dag.py
[2026-02-09T06:46:17.838+0000] {processor.py:830} INFO - Processing file /home/cloud/codings/airflow/dags/list_s3_bucket_files_dag.py for tasks to queue
[2026-02-09T06:46:17.839+0000] {logging_mixin.py:188} INFO - [2026-02-09T06:46:17.839+0000] {dagbag.py:545} INFO - Filling up the DagBag from /home/cloud/codings/airflow/dags/list_s3_bucket_files_dag.py
[2026-02-09T06:46:17.852+0000] {processor.py:840} INFO - DAG(s) 'list_s3_bucket_files_dag' retrieved from /home/cloud/codings/airflow/dags/list_s3_bucket_files_dag.py
[2026-02-09T06:46:17.879+0000] {logging_mixin.py:188} INFO - [2026-02-09T06:46:17.878+0000] {dag.py:3089} INFO - Sync 1 DAGs
[2026-02-09T06:46:17.893+0000] {logging_mixin.py:188} INFO - [2026-02-09T06:46:17.893+0000] {dag.py:3947} INFO - Setting next_dagrun for list_s3_bucket_files_dag to None, run_after=None
[2026-02-09T06:46:17.924+0000] {processor.py:183} INFO - Processing /home/cloud/codings/airflow/dags/list_s3_bucket_files_dag.py took 0.094 seconds
[2026-02-09T06:46:48.220+0000] {processor.py:161} INFO - Started process (PID=329480) to work on /home/cloud/codings/airflow/dags/list_s3_bucket_files_dag.py
[2026-02-09T06:46:48.242+0000] {processor.py:830} INFO - Processing file /home/cloud/codings/airflow/dags/list_s3_bucket_files_dag.py for tasks to queue
[2026-02-09T06:46:48.243+0000] {logging_mixin.py:188} INFO - [2026-02-09T06:46:48.242+0000] {dagbag.py:545} INFO - Filling up the DagBag from /home/cloud/codings/airflow/dags/list_s3_bucket_files_dag.py
[2026-02-09T06:46:48.253+0000] {processor.py:840} INFO - DAG(s) 'list_s3_bucket_files_dag' retrieved from /home/cloud/codings/airflow/dags/list_s3_bucket_files_dag.py
[2026-02-09T06:46:48.274+0000] {logging_mixin.py:188} INFO - [2026-02-09T06:46:48.274+0000] {dag.py:3089} INFO - Sync 1 DAGs
[2026-02-09T06:46:48.289+0000] {logging_mixin.py:188} INFO - [2026-02-09T06:46:48.289+0000] {dag.py:3947} INFO - Setting next_dagrun for list_s3_bucket_files_dag to None, run_after=None
[2026-02-09T06:46:48.316+0000] {processor.py:183} INFO - Processing /home/cloud/codings/airflow/dags/list_s3_bucket_files_dag.py took 0.102 seconds
[2026-02-09T06:47:18.787+0000] {processor.py:161} INFO - Started process (PID=329560) to work on /home/cloud/codings/airflow/dags/list_s3_bucket_files_dag.py
[2026-02-09T06:47:18.789+0000] {processor.py:830} INFO - Processing file /home/cloud/codings/airflow/dags/list_s3_bucket_files_dag.py for tasks to queue
[2026-02-09T06:47:18.791+0000] {logging_mixin.py:188} INFO - [2026-02-09T06:47:18.790+0000] {dagbag.py:545} INFO - Filling up the DagBag from /home/cloud/codings/airflow/dags/list_s3_bucket_files_dag.py
[2026-02-09T06:47:18.810+0000] {processor.py:840} INFO - DAG(s) 'list_s3_bucket_files_dag' retrieved from /home/cloud/codings/airflow/dags/list_s3_bucket_files_dag.py
[2026-02-09T06:47:18.850+0000] {logging_mixin.py:188} INFO - [2026-02-09T06:47:18.850+0000] {dag.py:3089} INFO - Sync 1 DAGs
[2026-02-09T06:47:18.874+0000] {logging_mixin.py:188} INFO - [2026-02-09T06:47:18.874+0000] {dag.py:3947} INFO - Setting next_dagrun for list_s3_bucket_files_dag to None, run_after=None
[2026-02-09T06:47:18.906+0000] {processor.py:183} INFO - Processing /home/cloud/codings/airflow/dags/list_s3_bucket_files_dag.py took 0.130 seconds
[2026-02-09T06:47:49.377+0000] {processor.py:161} INFO - Started process (PID=329645) to work on /home/cloud/codings/airflow/dags/list_s3_bucket_files_dag.py
[2026-02-09T06:47:49.379+0000] {processor.py:830} INFO - Processing file /home/cloud/codings/airflow/dags/list_s3_bucket_files_dag.py for tasks to queue
[2026-02-09T06:47:49.380+0000] {logging_mixin.py:188} INFO - [2026-02-09T06:47:49.379+0000] {dagbag.py:545} INFO - Filling up the DagBag from /home/cloud/codings/airflow/dags/list_s3_bucket_files_dag.py
[2026-02-09T06:47:49.394+0000] {processor.py:840} INFO - DAG(s) 'list_s3_bucket_files_dag' retrieved from /home/cloud/codings/airflow/dags/list_s3_bucket_files_dag.py
[2026-02-09T06:47:49.417+0000] {logging_mixin.py:188} INFO - [2026-02-09T06:47:49.416+0000] {dag.py:3089} INFO - Sync 1 DAGs
[2026-02-09T06:47:49.432+0000] {logging_mixin.py:188} INFO - [2026-02-09T06:47:49.432+0000] {dag.py:3947} INFO - Setting next_dagrun for list_s3_bucket_files_dag to None, run_after=None
[2026-02-09T06:47:49.457+0000] {processor.py:183} INFO - Processing /home/cloud/codings/airflow/dags/list_s3_bucket_files_dag.py took 0.091 seconds
[2026-02-09T06:48:19.825+0000] {processor.py:161} INFO - Started process (PID=329723) to work on /home/cloud/codings/airflow/dags/list_s3_bucket_files_dag.py
[2026-02-09T06:48:19.826+0000] {processor.py:830} INFO - Processing file /home/cloud/codings/airflow/dags/list_s3_bucket_files_dag.py for tasks to queue
[2026-02-09T06:48:19.826+0000] {logging_mixin.py:188} INFO - [2026-02-09T06:48:19.826+0000] {dagbag.py:545} INFO - Filling up the DagBag from /home/cloud/codings/airflow/dags/list_s3_bucket_files_dag.py
[2026-02-09T06:48:19.837+0000] {processor.py:840} INFO - DAG(s) 'list_s3_bucket_files_dag' retrieved from /home/cloud/codings/airflow/dags/list_s3_bucket_files_dag.py
[2026-02-09T06:48:19.859+0000] {logging_mixin.py:188} INFO - [2026-02-09T06:48:19.859+0000] {dag.py:3089} INFO - Sync 1 DAGs
[2026-02-09T06:48:19.874+0000] {logging_mixin.py:188} INFO - [2026-02-09T06:48:19.873+0000] {dag.py:3947} INFO - Setting next_dagrun for list_s3_bucket_files_dag to None, run_after=None
[2026-02-09T06:48:19.900+0000] {processor.py:183} INFO - Processing /home/cloud/codings/airflow/dags/list_s3_bucket_files_dag.py took 0.083 seconds
[2026-02-09T06:48:50.136+0000] {processor.py:161} INFO - Started process (PID=329803) to work on /home/cloud/codings/airflow/dags/list_s3_bucket_files_dag.py
[2026-02-09T06:48:50.159+0000] {processor.py:830} INFO - Processing file /home/cloud/codings/airflow/dags/list_s3_bucket_files_dag.py for tasks to queue
[2026-02-09T06:48:50.160+0000] {logging_mixin.py:188} INFO - [2026-02-09T06:48:50.159+0000] {dagbag.py:545} INFO - Filling up the DagBag from /home/cloud/codings/airflow/dags/list_s3_bucket_files_dag.py
[2026-02-09T06:48:50.172+0000] {processor.py:840} INFO - DAG(s) 'list_s3_bucket_files_dag' retrieved from /home/cloud/codings/airflow/dags/list_s3_bucket_files_dag.py
[2026-02-09T06:48:50.197+0000] {logging_mixin.py:188} INFO - [2026-02-09T06:48:50.197+0000] {dag.py:3089} INFO - Sync 1 DAGs
[2026-02-09T06:48:50.216+0000] {logging_mixin.py:188} INFO - [2026-02-09T06:48:50.216+0000] {dag.py:3947} INFO - Setting next_dagrun for list_s3_bucket_files_dag to None, run_after=None
[2026-02-09T06:48:50.246+0000] {processor.py:183} INFO - Processing /home/cloud/codings/airflow/dags/list_s3_bucket_files_dag.py took 0.119 seconds
[2026-02-09T06:49:20.992+0000] {processor.py:161} INFO - Started process (PID=329877) to work on /home/cloud/codings/airflow/dags/list_s3_bucket_files_dag.py
[2026-02-09T06:49:20.993+0000] {processor.py:830} INFO - Processing file /home/cloud/codings/airflow/dags/list_s3_bucket_files_dag.py for tasks to queue
[2026-02-09T06:49:20.994+0000] {logging_mixin.py:188} INFO - [2026-02-09T06:49:20.994+0000] {dagbag.py:545} INFO - Filling up the DagBag from /home/cloud/codings/airflow/dags/list_s3_bucket_files_dag.py
[2026-02-09T06:49:21.005+0000] {processor.py:840} INFO - DAG(s) 'list_s3_bucket_files_dag' retrieved from /home/cloud/codings/airflow/dags/list_s3_bucket_files_dag.py
[2026-02-09T06:49:21.026+0000] {logging_mixin.py:188} INFO - [2026-02-09T06:49:21.026+0000] {dag.py:3089} INFO - Sync 1 DAGs
[2026-02-09T06:49:21.041+0000] {logging_mixin.py:188} INFO - [2026-02-09T06:49:21.040+0000] {dag.py:3947} INFO - Setting next_dagrun for list_s3_bucket_files_dag to None, run_after=None
[2026-02-09T06:49:21.066+0000] {processor.py:183} INFO - Processing /home/cloud/codings/airflow/dags/list_s3_bucket_files_dag.py took 0.080 seconds
[2026-02-09T06:49:51.458+0000] {processor.py:161} INFO - Started process (PID=329957) to work on /home/cloud/codings/airflow/dags/list_s3_bucket_files_dag.py
[2026-02-09T06:49:51.479+0000] {processor.py:830} INFO - Processing file /home/cloud/codings/airflow/dags/list_s3_bucket_files_dag.py for tasks to queue
[2026-02-09T06:49:51.480+0000] {logging_mixin.py:188} INFO - [2026-02-09T06:49:51.480+0000] {dagbag.py:545} INFO - Filling up the DagBag from /home/cloud/codings/airflow/dags/list_s3_bucket_files_dag.py
[2026-02-09T06:49:51.493+0000] {processor.py:840} INFO - DAG(s) 'list_s3_bucket_files_dag' retrieved from /home/cloud/codings/airflow/dags/list_s3_bucket_files_dag.py
[2026-02-09T06:49:51.523+0000] {logging_mixin.py:188} INFO - [2026-02-09T06:49:51.522+0000] {dag.py:3089} INFO - Sync 1 DAGs
[2026-02-09T06:49:51.542+0000] {logging_mixin.py:188} INFO - [2026-02-09T06:49:51.542+0000] {dag.py:3947} INFO - Setting next_dagrun for list_s3_bucket_files_dag to None, run_after=None
[2026-02-09T06:49:51.575+0000] {processor.py:183} INFO - Processing /home/cloud/codings/airflow/dags/list_s3_bucket_files_dag.py took 0.125 seconds
[2026-02-09T06:50:22.292+0000] {processor.py:161} INFO - Started process (PID=330043) to work on /home/cloud/codings/airflow/dags/list_s3_bucket_files_dag.py
[2026-02-09T06:50:22.309+0000] {processor.py:830} INFO - Processing file /home/cloud/codings/airflow/dags/list_s3_bucket_files_dag.py for tasks to queue
[2026-02-09T06:50:22.310+0000] {logging_mixin.py:188} INFO - [2026-02-09T06:50:22.310+0000] {dagbag.py:545} INFO - Filling up the DagBag from /home/cloud/codings/airflow/dags/list_s3_bucket_files_dag.py
[2026-02-09T06:50:22.321+0000] {processor.py:840} INFO - DAG(s) 'list_s3_bucket_files_dag' retrieved from /home/cloud/codings/airflow/dags/list_s3_bucket_files_dag.py
[2026-02-09T06:50:22.343+0000] {logging_mixin.py:188} INFO - [2026-02-09T06:50:22.343+0000] {dag.py:3089} INFO - Sync 1 DAGs
[2026-02-09T06:50:22.357+0000] {logging_mixin.py:188} INFO - [2026-02-09T06:50:22.357+0000] {dag.py:3947} INFO - Setting next_dagrun for list_s3_bucket_files_dag to None, run_after=None
[2026-02-09T06:50:22.381+0000] {processor.py:183} INFO - Processing /home/cloud/codings/airflow/dags/list_s3_bucket_files_dag.py took 0.095 seconds
[2026-02-09T06:50:52.904+0000] {processor.py:161} INFO - Started process (PID=330125) to work on /home/cloud/codings/airflow/dags/list_s3_bucket_files_dag.py
[2026-02-09T06:50:52.905+0000] {processor.py:830} INFO - Processing file /home/cloud/codings/airflow/dags/list_s3_bucket_files_dag.py for tasks to queue
[2026-02-09T06:50:52.907+0000] {logging_mixin.py:188} INFO - [2026-02-09T06:50:52.906+0000] {dagbag.py:545} INFO - Filling up the DagBag from /home/cloud/codings/airflow/dags/list_s3_bucket_files_dag.py
[2026-02-09T06:50:52.918+0000] {processor.py:840} INFO - DAG(s) 'list_s3_bucket_files_dag' retrieved from /home/cloud/codings/airflow/dags/list_s3_bucket_files_dag.py
[2026-02-09T06:50:52.944+0000] {logging_mixin.py:188} INFO - [2026-02-09T06:50:52.944+0000] {dag.py:3089} INFO - Sync 1 DAGs
[2026-02-09T06:50:52.960+0000] {logging_mixin.py:188} INFO - [2026-02-09T06:50:52.960+0000] {dag.py:3947} INFO - Setting next_dagrun for list_s3_bucket_files_dag to None, run_after=None
[2026-02-09T06:50:52.988+0000] {processor.py:183} INFO - Processing /home/cloud/codings/airflow/dags/list_s3_bucket_files_dag.py took 0.090 seconds
[2026-02-09T06:51:23.595+0000] {processor.py:161} INFO - Started process (PID=330203) to work on /home/cloud/codings/airflow/dags/list_s3_bucket_files_dag.py
[2026-02-09T06:51:23.613+0000] {processor.py:830} INFO - Processing file /home/cloud/codings/airflow/dags/list_s3_bucket_files_dag.py for tasks to queue
[2026-02-09T06:51:23.615+0000] {logging_mixin.py:188} INFO - [2026-02-09T06:51:23.614+0000] {dagbag.py:545} INFO - Filling up the DagBag from /home/cloud/codings/airflow/dags/list_s3_bucket_files_dag.py
[2026-02-09T06:51:23.633+0000] {processor.py:840} INFO - DAG(s) 'list_s3_bucket_files_dag' retrieved from /home/cloud/codings/airflow/dags/list_s3_bucket_files_dag.py
[2026-02-09T06:51:23.664+0000] {logging_mixin.py:188} INFO - [2026-02-09T06:51:23.664+0000] {dag.py:3089} INFO - Sync 1 DAGs
[2026-02-09T06:51:23.682+0000] {logging_mixin.py:188} INFO - [2026-02-09T06:51:23.681+0000] {dag.py:3947} INFO - Setting next_dagrun for list_s3_bucket_files_dag to None, run_after=None
[2026-02-09T06:51:23.710+0000] {processor.py:183} INFO - Processing /home/cloud/codings/airflow/dags/list_s3_bucket_files_dag.py took 0.121 seconds
[2026-02-09T06:51:54.001+0000] {processor.py:161} INFO - Started process (PID=330286) to work on /home/cloud/codings/airflow/dags/list_s3_bucket_files_dag.py
[2026-02-09T06:51:54.002+0000] {processor.py:830} INFO - Processing file /home/cloud/codings/airflow/dags/list_s3_bucket_files_dag.py for tasks to queue
[2026-02-09T06:51:54.003+0000] {logging_mixin.py:188} INFO - [2026-02-09T06:51:54.002+0000] {dagbag.py:545} INFO - Filling up the DagBag from /home/cloud/codings/airflow/dags/list_s3_bucket_files_dag.py
[2026-02-09T06:51:54.014+0000] {processor.py:840} INFO - DAG(s) 'list_s3_bucket_files_dag' retrieved from /home/cloud/codings/airflow/dags/list_s3_bucket_files_dag.py
[2026-02-09T06:51:54.039+0000] {logging_mixin.py:188} INFO - [2026-02-09T06:51:54.039+0000] {dag.py:3089} INFO - Sync 1 DAGs
[2026-02-09T06:51:54.057+0000] {logging_mixin.py:188} INFO - [2026-02-09T06:51:54.057+0000] {dag.py:3947} INFO - Setting next_dagrun for list_s3_bucket_files_dag to None, run_after=None
[2026-02-09T06:51:54.085+0000] {processor.py:183} INFO - Processing /home/cloud/codings/airflow/dags/list_s3_bucket_files_dag.py took 0.090 seconds
[2026-02-09T06:52:24.543+0000] {processor.py:161} INFO - Started process (PID=330366) to work on /home/cloud/codings/airflow/dags/list_s3_bucket_files_dag.py
[2026-02-09T06:52:24.560+0000] {processor.py:830} INFO - Processing file /home/cloud/codings/airflow/dags/list_s3_bucket_files_dag.py for tasks to queue
[2026-02-09T06:52:24.562+0000] {logging_mixin.py:188} INFO - [2026-02-09T06:52:24.561+0000] {dagbag.py:545} INFO - Filling up the DagBag from /home/cloud/codings/airflow/dags/list_s3_bucket_files_dag.py
[2026-02-09T06:52:24.572+0000] {processor.py:840} INFO - DAG(s) 'list_s3_bucket_files_dag' retrieved from /home/cloud/codings/airflow/dags/list_s3_bucket_files_dag.py
[2026-02-09T06:52:24.596+0000] {logging_mixin.py:188} INFO - [2026-02-09T06:52:24.596+0000] {dag.py:3089} INFO - Sync 1 DAGs
[2026-02-09T06:52:24.612+0000] {logging_mixin.py:188} INFO - [2026-02-09T06:52:24.611+0000] {dag.py:3947} INFO - Setting next_dagrun for list_s3_bucket_files_dag to None, run_after=None
[2026-02-09T06:52:24.638+0000] {processor.py:183} INFO - Processing /home/cloud/codings/airflow/dags/list_s3_bucket_files_dag.py took 0.102 seconds
[2026-02-09T06:52:54.762+0000] {processor.py:161} INFO - Started process (PID=330448) to work on /home/cloud/codings/airflow/dags/list_s3_bucket_files_dag.py
[2026-02-09T06:52:54.763+0000] {processor.py:830} INFO - Processing file /home/cloud/codings/airflow/dags/list_s3_bucket_files_dag.py for tasks to queue
[2026-02-09T06:52:54.764+0000] {logging_mixin.py:188} INFO - [2026-02-09T06:52:54.764+0000] {dagbag.py:545} INFO - Filling up the DagBag from /home/cloud/codings/airflow/dags/list_s3_bucket_files_dag.py
[2026-02-09T06:52:54.775+0000] {processor.py:840} INFO - DAG(s) 'list_s3_bucket_files_dag' retrieved from /home/cloud/codings/airflow/dags/list_s3_bucket_files_dag.py
[2026-02-09T06:52:54.799+0000] {logging_mixin.py:188} INFO - [2026-02-09T06:52:54.798+0000] {dag.py:3089} INFO - Sync 1 DAGs
[2026-02-09T06:52:54.815+0000] {logging_mixin.py:188} INFO - [2026-02-09T06:52:54.814+0000] {dag.py:3947} INFO - Setting next_dagrun for list_s3_bucket_files_dag to None, run_after=None
[2026-02-09T06:52:54.844+0000] {processor.py:183} INFO - Processing /home/cloud/codings/airflow/dags/list_s3_bucket_files_dag.py took 0.090 seconds
[2026-02-09T06:53:25.340+0000] {processor.py:161} INFO - Started process (PID=330526) to work on /home/cloud/codings/airflow/dags/list_s3_bucket_files_dag.py
[2026-02-09T06:53:25.358+0000] {processor.py:830} INFO - Processing file /home/cloud/codings/airflow/dags/list_s3_bucket_files_dag.py for tasks to queue
[2026-02-09T06:53:25.359+0000] {logging_mixin.py:188} INFO - [2026-02-09T06:53:25.359+0000] {dagbag.py:545} INFO - Filling up the DagBag from /home/cloud/codings/airflow/dags/list_s3_bucket_files_dag.py
[2026-02-09T06:53:25.371+0000] {processor.py:840} INFO - DAG(s) 'list_s3_bucket_files_dag' retrieved from /home/cloud/codings/airflow/dags/list_s3_bucket_files_dag.py
[2026-02-09T06:53:25.393+0000] {logging_mixin.py:188} INFO - [2026-02-09T06:53:25.393+0000] {dag.py:3089} INFO - Sync 1 DAGs
[2026-02-09T06:53:25.409+0000] {logging_mixin.py:188} INFO - [2026-02-09T06:53:25.409+0000] {dag.py:3947} INFO - Setting next_dagrun for list_s3_bucket_files_dag to None, run_after=None
[2026-02-09T06:53:25.435+0000] {processor.py:183} INFO - Processing /home/cloud/codings/airflow/dags/list_s3_bucket_files_dag.py took 0.105 seconds
[2026-02-09T06:53:55.672+0000] {processor.py:161} INFO - Started process (PID=330608) to work on /home/cloud/codings/airflow/dags/list_s3_bucket_files_dag.py
[2026-02-09T06:53:55.674+0000] {processor.py:830} INFO - Processing file /home/cloud/codings/airflow/dags/list_s3_bucket_files_dag.py for tasks to queue
[2026-02-09T06:53:55.676+0000] {logging_mixin.py:188} INFO - [2026-02-09T06:53:55.675+0000] {dagbag.py:545} INFO - Filling up the DagBag from /home/cloud/codings/airflow/dags/list_s3_bucket_files_dag.py
[2026-02-09T06:53:55.702+0000] {processor.py:840} INFO - DAG(s) 'list_s3_bucket_files_dag' retrieved from /home/cloud/codings/airflow/dags/list_s3_bucket_files_dag.py
[2026-02-09T06:53:55.744+0000] {logging_mixin.py:188} INFO - [2026-02-09T06:53:55.744+0000] {dag.py:3089} INFO - Sync 1 DAGs
[2026-02-09T06:53:55.760+0000] {logging_mixin.py:188} INFO - [2026-02-09T06:53:55.759+0000] {dag.py:3947} INFO - Setting next_dagrun for list_s3_bucket_files_dag to None, run_after=None
[2026-02-09T06:53:55.786+0000] {processor.py:183} INFO - Processing /home/cloud/codings/airflow/dags/list_s3_bucket_files_dag.py took 0.129 seconds
[2026-02-09T06:54:26.753+0000] {processor.py:161} INFO - Started process (PID=330688) to work on /home/cloud/codings/airflow/dags/list_s3_bucket_files_dag.py
[2026-02-09T06:54:26.758+0000] {processor.py:830} INFO - Processing file /home/cloud/codings/airflow/dags/list_s3_bucket_files_dag.py for tasks to queue
[2026-02-09T06:54:26.759+0000] {logging_mixin.py:188} INFO - [2026-02-09T06:54:26.758+0000] {dagbag.py:545} INFO - Filling up the DagBag from /home/cloud/codings/airflow/dags/list_s3_bucket_files_dag.py
[2026-02-09T06:54:26.769+0000] {processor.py:840} INFO - DAG(s) 'list_s3_bucket_files_dag' retrieved from /home/cloud/codings/airflow/dags/list_s3_bucket_files_dag.py
[2026-02-09T06:54:26.789+0000] {logging_mixin.py:188} INFO - [2026-02-09T06:54:26.789+0000] {dag.py:3089} INFO - Sync 1 DAGs
[2026-02-09T06:54:26.802+0000] {logging_mixin.py:188} INFO - [2026-02-09T06:54:26.802+0000] {dag.py:3947} INFO - Setting next_dagrun for list_s3_bucket_files_dag to None, run_after=None
[2026-02-09T06:54:26.824+0000] {processor.py:183} INFO - Processing /home/cloud/codings/airflow/dags/list_s3_bucket_files_dag.py took 0.077 seconds
[2026-02-09T06:54:57.214+0000] {processor.py:161} INFO - Started process (PID=330768) to work on /home/cloud/codings/airflow/dags/list_s3_bucket_files_dag.py
[2026-02-09T06:54:57.216+0000] {processor.py:830} INFO - Processing file /home/cloud/codings/airflow/dags/list_s3_bucket_files_dag.py for tasks to queue
[2026-02-09T06:54:57.217+0000] {logging_mixin.py:188} INFO - [2026-02-09T06:54:57.216+0000] {dagbag.py:545} INFO - Filling up the DagBag from /home/cloud/codings/airflow/dags/list_s3_bucket_files_dag.py
[2026-02-09T06:54:57.229+0000] {processor.py:840} INFO - DAG(s) 'list_s3_bucket_files_dag' retrieved from /home/cloud/codings/airflow/dags/list_s3_bucket_files_dag.py
[2026-02-09T06:54:57.249+0000] {logging_mixin.py:188} INFO - [2026-02-09T06:54:57.248+0000] {dag.py:3089} INFO - Sync 1 DAGs
[2026-02-09T06:54:57.262+0000] {logging_mixin.py:188} INFO - [2026-02-09T06:54:57.262+0000] {dag.py:3947} INFO - Setting next_dagrun for list_s3_bucket_files_dag to None, run_after=None
[2026-02-09T06:54:57.287+0000] {processor.py:183} INFO - Processing /home/cloud/codings/airflow/dags/list_s3_bucket_files_dag.py took 0.083 seconds
[2026-02-09T06:55:27.613+0000] {processor.py:161} INFO - Started process (PID=330848) to work on /home/cloud/codings/airflow/dags/list_s3_bucket_files_dag.py
[2026-02-09T06:55:27.634+0000] {processor.py:830} INFO - Processing file /home/cloud/codings/airflow/dags/list_s3_bucket_files_dag.py for tasks to queue
[2026-02-09T06:55:27.636+0000] {logging_mixin.py:188} INFO - [2026-02-09T06:55:27.635+0000] {dagbag.py:545} INFO - Filling up the DagBag from /home/cloud/codings/airflow/dags/list_s3_bucket_files_dag.py
[2026-02-09T06:55:27.663+0000] {processor.py:840} INFO - DAG(s) 'list_s3_bucket_files_dag' retrieved from /home/cloud/codings/airflow/dags/list_s3_bucket_files_dag.py
[2026-02-09T06:55:27.722+0000] {logging_mixin.py:188} INFO - [2026-02-09T06:55:27.721+0000] {dag.py:3089} INFO - Sync 1 DAGs
[2026-02-09T06:55:27.764+0000] {logging_mixin.py:188} INFO - [2026-02-09T06:55:27.764+0000] {dag.py:3947} INFO - Setting next_dagrun for list_s3_bucket_files_dag to None, run_after=None
[2026-02-09T06:55:27.844+0000] {processor.py:183} INFO - Processing /home/cloud/codings/airflow/dags/list_s3_bucket_files_dag.py took 0.248 seconds
[2026-02-09T06:55:58.336+0000] {processor.py:161} INFO - Started process (PID=330932) to work on /home/cloud/codings/airflow/dags/list_s3_bucket_files_dag.py
[2026-02-09T06:55:58.337+0000] {processor.py:830} INFO - Processing file /home/cloud/codings/airflow/dags/list_s3_bucket_files_dag.py for tasks to queue
[2026-02-09T06:55:58.338+0000] {logging_mixin.py:188} INFO - [2026-02-09T06:55:58.338+0000] {dagbag.py:545} INFO - Filling up the DagBag from /home/cloud/codings/airflow/dags/list_s3_bucket_files_dag.py
[2026-02-09T06:55:58.348+0000] {processor.py:840} INFO - DAG(s) 'list_s3_bucket_files_dag' retrieved from /home/cloud/codings/airflow/dags/list_s3_bucket_files_dag.py
[2026-02-09T06:55:58.367+0000] {logging_mixin.py:188} INFO - [2026-02-09T06:55:58.367+0000] {dag.py:3089} INFO - Sync 1 DAGs
[2026-02-09T06:55:58.380+0000] {logging_mixin.py:188} INFO - [2026-02-09T06:55:58.380+0000] {dag.py:3947} INFO - Setting next_dagrun for list_s3_bucket_files_dag to None, run_after=None
[2026-02-09T06:55:58.404+0000] {processor.py:183} INFO - Processing /home/cloud/codings/airflow/dags/list_s3_bucket_files_dag.py took 0.074 seconds
[2026-02-09T06:56:28.766+0000] {processor.py:161} INFO - Started process (PID=331010) to work on /home/cloud/codings/airflow/dags/list_s3_bucket_files_dag.py
[2026-02-09T06:56:28.785+0000] {processor.py:830} INFO - Processing file /home/cloud/codings/airflow/dags/list_s3_bucket_files_dag.py for tasks to queue
[2026-02-09T06:56:28.787+0000] {logging_mixin.py:188} INFO - [2026-02-09T06:56:28.786+0000] {dagbag.py:545} INFO - Filling up the DagBag from /home/cloud/codings/airflow/dags/list_s3_bucket_files_dag.py
[2026-02-09T06:56:28.809+0000] {processor.py:840} INFO - DAG(s) 'list_s3_bucket_files_dag' retrieved from /home/cloud/codings/airflow/dags/list_s3_bucket_files_dag.py
[2026-02-09T06:56:28.848+0000] {logging_mixin.py:188} INFO - [2026-02-09T06:56:28.848+0000] {dag.py:3089} INFO - Sync 1 DAGs
[2026-02-09T06:56:28.877+0000] {logging_mixin.py:188} INFO - [2026-02-09T06:56:28.876+0000] {dag.py:3947} INFO - Setting next_dagrun for list_s3_bucket_files_dag to None, run_after=None
[2026-02-09T06:56:28.914+0000] {processor.py:183} INFO - Processing /home/cloud/codings/airflow/dags/list_s3_bucket_files_dag.py took 0.161 seconds
[2026-02-09T06:56:59.298+0000] {processor.py:161} INFO - Started process (PID=331096) to work on /home/cloud/codings/airflow/dags/list_s3_bucket_files_dag.py
[2026-02-09T06:56:59.299+0000] {processor.py:830} INFO - Processing file /home/cloud/codings/airflow/dags/list_s3_bucket_files_dag.py for tasks to queue
[2026-02-09T06:56:59.300+0000] {logging_mixin.py:188} INFO - [2026-02-09T06:56:59.300+0000] {dagbag.py:545} INFO - Filling up the DagBag from /home/cloud/codings/airflow/dags/list_s3_bucket_files_dag.py
[2026-02-09T06:56:59.313+0000] {processor.py:840} INFO - DAG(s) 'list_s3_bucket_files_dag' retrieved from /home/cloud/codings/airflow/dags/list_s3_bucket_files_dag.py
[2026-02-09T06:56:59.337+0000] {logging_mixin.py:188} INFO - [2026-02-09T06:56:59.337+0000] {dag.py:3089} INFO - Sync 1 DAGs
[2026-02-09T06:56:59.352+0000] {logging_mixin.py:188} INFO - [2026-02-09T06:56:59.352+0000] {dag.py:3947} INFO - Setting next_dagrun for list_s3_bucket_files_dag to None, run_after=None
[2026-02-09T06:56:59.386+0000] {processor.py:183} INFO - Processing /home/cloud/codings/airflow/dags/list_s3_bucket_files_dag.py took 0.096 seconds
[2026-02-09T06:57:29.918+0000] {processor.py:161} INFO - Started process (PID=331176) to work on /home/cloud/codings/airflow/dags/list_s3_bucket_files_dag.py
[2026-02-09T06:57:29.936+0000] {processor.py:830} INFO - Processing file /home/cloud/codings/airflow/dags/list_s3_bucket_files_dag.py for tasks to queue
[2026-02-09T06:57:29.938+0000] {logging_mixin.py:188} INFO - [2026-02-09T06:57:29.938+0000] {dagbag.py:545} INFO - Filling up the DagBag from /home/cloud/codings/airflow/dags/list_s3_bucket_files_dag.py
[2026-02-09T06:57:29.959+0000] {processor.py:840} INFO - DAG(s) 'list_s3_bucket_files_dag' retrieved from /home/cloud/codings/airflow/dags/list_s3_bucket_files_dag.py
[2026-02-09T06:57:29.991+0000] {logging_mixin.py:188} INFO - [2026-02-09T06:57:29.991+0000] {dag.py:3089} INFO - Sync 1 DAGs
[2026-02-09T06:57:30.008+0000] {logging_mixin.py:188} INFO - [2026-02-09T06:57:30.008+0000] {dag.py:3947} INFO - Setting next_dagrun for list_s3_bucket_files_dag to None, run_after=None
[2026-02-09T06:57:30.038+0000] {processor.py:183} INFO - Processing /home/cloud/codings/airflow/dags/list_s3_bucket_files_dag.py took 0.132 seconds
[2026-02-09T06:58:00.476+0000] {processor.py:161} INFO - Started process (PID=331258) to work on /home/cloud/codings/airflow/dags/list_s3_bucket_files_dag.py
[2026-02-09T06:58:00.478+0000] {processor.py:830} INFO - Processing file /home/cloud/codings/airflow/dags/list_s3_bucket_files_dag.py for tasks to queue
[2026-02-09T06:58:00.479+0000] {logging_mixin.py:188} INFO - [2026-02-09T06:58:00.479+0000] {dagbag.py:545} INFO - Filling up the DagBag from /home/cloud/codings/airflow/dags/list_s3_bucket_files_dag.py
[2026-02-09T06:58:00.499+0000] {processor.py:840} INFO - DAG(s) 'list_s3_bucket_files_dag' retrieved from /home/cloud/codings/airflow/dags/list_s3_bucket_files_dag.py
[2026-02-09T06:58:00.541+0000] {logging_mixin.py:188} INFO - [2026-02-09T06:58:00.540+0000] {dag.py:3089} INFO - Sync 1 DAGs
[2026-02-09T06:58:00.567+0000] {logging_mixin.py:188} INFO - [2026-02-09T06:58:00.567+0000] {dag.py:3947} INFO - Setting next_dagrun for list_s3_bucket_files_dag to None, run_after=None
[2026-02-09T06:58:00.610+0000] {processor.py:183} INFO - Processing /home/cloud/codings/airflow/dags/list_s3_bucket_files_dag.py took 0.145 seconds
[2026-02-09T06:58:30.809+0000] {processor.py:161} INFO - Started process (PID=331336) to work on /home/cloud/codings/airflow/dags/list_s3_bucket_files_dag.py
[2026-02-09T06:58:30.815+0000] {processor.py:830} INFO - Processing file /home/cloud/codings/airflow/dags/list_s3_bucket_files_dag.py for tasks to queue
[2026-02-09T06:58:30.816+0000] {logging_mixin.py:188} INFO - [2026-02-09T06:58:30.816+0000] {dagbag.py:545} INFO - Filling up the DagBag from /home/cloud/codings/airflow/dags/list_s3_bucket_files_dag.py
[2026-02-09T06:58:30.830+0000] {processor.py:840} INFO - DAG(s) 'list_s3_bucket_files_dag' retrieved from /home/cloud/codings/airflow/dags/list_s3_bucket_files_dag.py
[2026-02-09T06:58:30.863+0000] {logging_mixin.py:188} INFO - [2026-02-09T06:58:30.863+0000] {dag.py:3089} INFO - Sync 1 DAGs
[2026-02-09T06:58:30.881+0000] {logging_mixin.py:188} INFO - [2026-02-09T06:58:30.881+0000] {dag.py:3947} INFO - Setting next_dagrun for list_s3_bucket_files_dag to None, run_after=None
[2026-02-09T06:58:30.912+0000] {processor.py:183} INFO - Processing /home/cloud/codings/airflow/dags/list_s3_bucket_files_dag.py took 0.111 seconds
[2026-02-09T06:59:01.175+0000] {processor.py:161} INFO - Started process (PID=331418) to work on /home/cloud/codings/airflow/dags/list_s3_bucket_files_dag.py
[2026-02-09T06:59:01.176+0000] {processor.py:830} INFO - Processing file /home/cloud/codings/airflow/dags/list_s3_bucket_files_dag.py for tasks to queue
[2026-02-09T06:59:01.178+0000] {logging_mixin.py:188} INFO - [2026-02-09T06:59:01.177+0000] {dagbag.py:545} INFO - Filling up the DagBag from /home/cloud/codings/airflow/dags/list_s3_bucket_files_dag.py
[2026-02-09T06:59:01.192+0000] {processor.py:840} INFO - DAG(s) 'list_s3_bucket_files_dag' retrieved from /home/cloud/codings/airflow/dags/list_s3_bucket_files_dag.py
[2026-02-09T06:59:01.220+0000] {logging_mixin.py:188} INFO - [2026-02-09T06:59:01.220+0000] {dag.py:3089} INFO - Sync 1 DAGs
[2026-02-09T06:59:01.237+0000] {logging_mixin.py:188} INFO - [2026-02-09T06:59:01.237+0000] {dag.py:3947} INFO - Setting next_dagrun for list_s3_bucket_files_dag to None, run_after=None
[2026-02-09T06:59:01.267+0000] {processor.py:183} INFO - Processing /home/cloud/codings/airflow/dags/list_s3_bucket_files_dag.py took 0.098 seconds
[2026-02-09T06:59:31.831+0000] {processor.py:161} INFO - Started process (PID=331501) to work on /home/cloud/codings/airflow/dags/list_s3_bucket_files_dag.py
[2026-02-09T06:59:31.833+0000] {processor.py:830} INFO - Processing file /home/cloud/codings/airflow/dags/list_s3_bucket_files_dag.py for tasks to queue
[2026-02-09T06:59:31.835+0000] {logging_mixin.py:188} INFO - [2026-02-09T06:59:31.834+0000] {dagbag.py:545} INFO - Filling up the DagBag from /home/cloud/codings/airflow/dags/list_s3_bucket_files_dag.py
[2026-02-09T06:59:31.852+0000] {processor.py:840} INFO - DAG(s) 'list_s3_bucket_files_dag' retrieved from /home/cloud/codings/airflow/dags/list_s3_bucket_files_dag.py
[2026-02-09T06:59:31.878+0000] {logging_mixin.py:188} INFO - [2026-02-09T06:59:31.877+0000] {dag.py:3089} INFO - Sync 1 DAGs
[2026-02-09T06:59:31.893+0000] {logging_mixin.py:188} INFO - [2026-02-09T06:59:31.893+0000] {dag.py:3947} INFO - Setting next_dagrun for list_s3_bucket_files_dag to None, run_after=None
[2026-02-09T06:59:31.922+0000] {processor.py:183} INFO - Processing /home/cloud/codings/airflow/dags/list_s3_bucket_files_dag.py took 0.104 seconds
[2026-02-09T07:00:02.416+0000] {processor.py:161} INFO - Started process (PID=331585) to work on /home/cloud/codings/airflow/dags/list_s3_bucket_files_dag.py
[2026-02-09T07:00:02.434+0000] {processor.py:830} INFO - Processing file /home/cloud/codings/airflow/dags/list_s3_bucket_files_dag.py for tasks to queue
[2026-02-09T07:00:02.436+0000] {logging_mixin.py:188} INFO - [2026-02-09T07:00:02.435+0000] {dagbag.py:545} INFO - Filling up the DagBag from /home/cloud/codings/airflow/dags/list_s3_bucket_files_dag.py
[2026-02-09T07:00:02.451+0000] {processor.py:840} INFO - DAG(s) 'list_s3_bucket_files_dag' retrieved from /home/cloud/codings/airflow/dags/list_s3_bucket_files_dag.py
[2026-02-09T07:00:02.475+0000] {logging_mixin.py:188} INFO - [2026-02-09T07:00:02.474+0000] {dag.py:3089} INFO - Sync 1 DAGs
[2026-02-09T07:00:02.491+0000] {logging_mixin.py:188} INFO - [2026-02-09T07:00:02.490+0000] {dag.py:3947} INFO - Setting next_dagrun for list_s3_bucket_files_dag to None, run_after=None
[2026-02-09T07:00:02.519+0000] {processor.py:183} INFO - Processing /home/cloud/codings/airflow/dags/list_s3_bucket_files_dag.py took 0.113 seconds
[2026-02-09T07:00:32.983+0000] {processor.py:161} INFO - Started process (PID=331667) to work on /home/cloud/codings/airflow/dags/list_s3_bucket_files_dag.py
[2026-02-09T07:00:32.984+0000] {processor.py:830} INFO - Processing file /home/cloud/codings/airflow/dags/list_s3_bucket_files_dag.py for tasks to queue
[2026-02-09T07:00:32.985+0000] {logging_mixin.py:188} INFO - [2026-02-09T07:00:32.985+0000] {dagbag.py:545} INFO - Filling up the DagBag from /home/cloud/codings/airflow/dags/list_s3_bucket_files_dag.py
[2026-02-09T07:00:32.995+0000] {processor.py:840} INFO - DAG(s) 'list_s3_bucket_files_dag' retrieved from /home/cloud/codings/airflow/dags/list_s3_bucket_files_dag.py
[2026-02-09T07:00:33.020+0000] {logging_mixin.py:188} INFO - [2026-02-09T07:00:33.020+0000] {dag.py:3089} INFO - Sync 1 DAGs
[2026-02-09T07:00:33.039+0000] {logging_mixin.py:188} INFO - [2026-02-09T07:00:33.038+0000] {dag.py:3947} INFO - Setting next_dagrun for list_s3_bucket_files_dag to None, run_after=None
[2026-02-09T07:00:33.074+0000] {processor.py:183} INFO - Processing /home/cloud/codings/airflow/dags/list_s3_bucket_files_dag.py took 0.097 seconds
[2026-02-09T07:01:03.558+0000] {processor.py:161} INFO - Started process (PID=331747) to work on /home/cloud/codings/airflow/dags/list_s3_bucket_files_dag.py
[2026-02-09T07:01:03.587+0000] {processor.py:830} INFO - Processing file /home/cloud/codings/airflow/dags/list_s3_bucket_files_dag.py for tasks to queue
[2026-02-09T07:01:03.588+0000] {logging_mixin.py:188} INFO - [2026-02-09T07:01:03.588+0000] {dagbag.py:545} INFO - Filling up the DagBag from /home/cloud/codings/airflow/dags/list_s3_bucket_files_dag.py
[2026-02-09T07:01:03.602+0000] {processor.py:840} INFO - DAG(s) 'list_s3_bucket_files_dag' retrieved from /home/cloud/codings/airflow/dags/list_s3_bucket_files_dag.py
[2026-02-09T07:01:03.633+0000] {logging_mixin.py:188} INFO - [2026-02-09T07:01:03.633+0000] {dag.py:3089} INFO - Sync 1 DAGs
[2026-02-09T07:01:03.654+0000] {logging_mixin.py:188} INFO - [2026-02-09T07:01:03.653+0000] {dag.py:3947} INFO - Setting next_dagrun for list_s3_bucket_files_dag to None, run_after=None
[2026-02-09T07:01:03.693+0000] {processor.py:183} INFO - Processing /home/cloud/codings/airflow/dags/list_s3_bucket_files_dag.py took 0.147 seconds
[2026-02-09T07:01:33.991+0000] {processor.py:161} INFO - Started process (PID=331827) to work on /home/cloud/codings/airflow/dags/list_s3_bucket_files_dag.py
[2026-02-09T07:01:33.992+0000] {processor.py:830} INFO - Processing file /home/cloud/codings/airflow/dags/list_s3_bucket_files_dag.py for tasks to queue
[2026-02-09T07:01:33.993+0000] {logging_mixin.py:188} INFO - [2026-02-09T07:01:33.993+0000] {dagbag.py:545} INFO - Filling up the DagBag from /home/cloud/codings/airflow/dags/list_s3_bucket_files_dag.py
[2026-02-09T07:01:34.004+0000] {processor.py:840} INFO - DAG(s) 'list_s3_bucket_files_dag' retrieved from /home/cloud/codings/airflow/dags/list_s3_bucket_files_dag.py
[2026-02-09T07:01:34.042+0000] {logging_mixin.py:188} INFO - [2026-02-09T07:01:34.041+0000] {dag.py:3089} INFO - Sync 1 DAGs
[2026-02-09T07:01:34.067+0000] {logging_mixin.py:188} INFO - [2026-02-09T07:01:34.067+0000] {dag.py:3947} INFO - Setting next_dagrun for list_s3_bucket_files_dag to None, run_after=None
[2026-02-09T07:01:34.104+0000] {processor.py:183} INFO - Processing /home/cloud/codings/airflow/dags/list_s3_bucket_files_dag.py took 0.120 seconds
[2026-02-09T07:02:04.468+0000] {processor.py:161} INFO - Started process (PID=331913) to work on /home/cloud/codings/airflow/dags/list_s3_bucket_files_dag.py
[2026-02-09T07:02:04.486+0000] {processor.py:830} INFO - Processing file /home/cloud/codings/airflow/dags/list_s3_bucket_files_dag.py for tasks to queue
[2026-02-09T07:02:04.487+0000] {logging_mixin.py:188} INFO - [2026-02-09T07:02:04.486+0000] {dagbag.py:545} INFO - Filling up the DagBag from /home/cloud/codings/airflow/dags/list_s3_bucket_files_dag.py
[2026-02-09T07:02:04.499+0000] {processor.py:840} INFO - DAG(s) 'list_s3_bucket_files_dag' retrieved from /home/cloud/codings/airflow/dags/list_s3_bucket_files_dag.py
[2026-02-09T07:02:04.525+0000] {logging_mixin.py:188} INFO - [2026-02-09T07:02:04.524+0000] {dag.py:3089} INFO - Sync 1 DAGs
[2026-02-09T07:02:04.542+0000] {logging_mixin.py:188} INFO - [2026-02-09T07:02:04.542+0000] {dag.py:3947} INFO - Setting next_dagrun for list_s3_bucket_files_dag to None, run_after=None
[2026-02-09T07:02:04.572+0000] {processor.py:183} INFO - Processing /home/cloud/codings/airflow/dags/list_s3_bucket_files_dag.py took 0.112 seconds
[2026-02-09T07:02:35.032+0000] {processor.py:161} INFO - Started process (PID=331993) to work on /home/cloud/codings/airflow/dags/list_s3_bucket_files_dag.py
[2026-02-09T07:02:35.033+0000] {processor.py:830} INFO - Processing file /home/cloud/codings/airflow/dags/list_s3_bucket_files_dag.py for tasks to queue
[2026-02-09T07:02:35.034+0000] {logging_mixin.py:188} INFO - [2026-02-09T07:02:35.034+0000] {dagbag.py:545} INFO - Filling up the DagBag from /home/cloud/codings/airflow/dags/list_s3_bucket_files_dag.py
[2026-02-09T07:02:35.045+0000] {processor.py:840} INFO - DAG(s) 'list_s3_bucket_files_dag' retrieved from /home/cloud/codings/airflow/dags/list_s3_bucket_files_dag.py
[2026-02-09T07:02:35.067+0000] {logging_mixin.py:188} INFO - [2026-02-09T07:02:35.067+0000] {dag.py:3089} INFO - Sync 1 DAGs
[2026-02-09T07:02:35.083+0000] {logging_mixin.py:188} INFO - [2026-02-09T07:02:35.083+0000] {dag.py:3947} INFO - Setting next_dagrun for list_s3_bucket_files_dag to None, run_after=None
[2026-02-09T07:02:35.110+0000] {processor.py:183} INFO - Processing /home/cloud/codings/airflow/dags/list_s3_bucket_files_dag.py took 0.085 seconds
[2026-02-09T07:03:05.401+0000] {processor.py:161} INFO - Started process (PID=332073) to work on /home/cloud/codings/airflow/dags/list_s3_bucket_files_dag.py
[2026-02-09T07:03:05.412+0000] {processor.py:830} INFO - Processing file /home/cloud/codings/airflow/dags/list_s3_bucket_files_dag.py for tasks to queue
[2026-02-09T07:03:05.413+0000] {logging_mixin.py:188} INFO - [2026-02-09T07:03:05.413+0000] {dagbag.py:545} INFO - Filling up the DagBag from /home/cloud/codings/airflow/dags/list_s3_bucket_files_dag.py
[2026-02-09T07:03:05.425+0000] {processor.py:840} INFO - DAG(s) 'list_s3_bucket_files_dag' retrieved from /home/cloud/codings/airflow/dags/list_s3_bucket_files_dag.py
[2026-02-09T07:03:05.450+0000] {logging_mixin.py:188} INFO - [2026-02-09T07:03:05.450+0000] {dag.py:3089} INFO - Sync 1 DAGs
[2026-02-09T07:03:05.467+0000] {logging_mixin.py:188} INFO - [2026-02-09T07:03:05.467+0000] {dag.py:3947} INFO - Setting next_dagrun for list_s3_bucket_files_dag to None, run_after=None
[2026-02-09T07:03:05.497+0000] {processor.py:183} INFO - Processing /home/cloud/codings/airflow/dags/list_s3_bucket_files_dag.py took 0.104 seconds
[2026-02-09T07:03:35.919+0000] {processor.py:161} INFO - Started process (PID=332155) to work on /home/cloud/codings/airflow/dags/list_s3_bucket_files_dag.py
[2026-02-09T07:03:35.921+0000] {processor.py:830} INFO - Processing file /home/cloud/codings/airflow/dags/list_s3_bucket_files_dag.py for tasks to queue
[2026-02-09T07:03:35.922+0000] {logging_mixin.py:188} INFO - [2026-02-09T07:03:35.922+0000] {dagbag.py:545} INFO - Filling up the DagBag from /home/cloud/codings/airflow/dags/list_s3_bucket_files_dag.py
[2026-02-09T07:03:35.939+0000] {processor.py:840} INFO - DAG(s) 'list_s3_bucket_files_dag' retrieved from /home/cloud/codings/airflow/dags/list_s3_bucket_files_dag.py
[2026-02-09T07:03:35.975+0000] {logging_mixin.py:188} INFO - [2026-02-09T07:03:35.975+0000] {dag.py:3089} INFO - Sync 1 DAGs
[2026-02-09T07:03:36.007+0000] {logging_mixin.py:188} INFO - [2026-02-09T07:03:36.006+0000] {dag.py:3947} INFO - Setting next_dagrun for list_s3_bucket_files_dag to None, run_after=None
[2026-02-09T07:03:36.073+0000] {processor.py:183} INFO - Processing /home/cloud/codings/airflow/dags/list_s3_bucket_files_dag.py took 0.164 seconds
[2026-02-09T07:04:06.531+0000] {processor.py:161} INFO - Started process (PID=332233) to work on /home/cloud/codings/airflow/dags/list_s3_bucket_files_dag.py
[2026-02-09T07:04:06.551+0000] {processor.py:830} INFO - Processing file /home/cloud/codings/airflow/dags/list_s3_bucket_files_dag.py for tasks to queue
[2026-02-09T07:04:06.556+0000] {logging_mixin.py:188} INFO - [2026-02-09T07:04:06.554+0000] {dagbag.py:545} INFO - Filling up the DagBag from /home/cloud/codings/airflow/dags/list_s3_bucket_files_dag.py
[2026-02-09T07:04:06.597+0000] {processor.py:840} INFO - DAG(s) 'list_s3_bucket_files_dag' retrieved from /home/cloud/codings/airflow/dags/list_s3_bucket_files_dag.py
[2026-02-09T07:04:06.682+0000] {logging_mixin.py:188} INFO - [2026-02-09T07:04:06.681+0000] {dag.py:3089} INFO - Sync 1 DAGs
[2026-02-09T07:04:06.723+0000] {logging_mixin.py:188} INFO - [2026-02-09T07:04:06.723+0000] {dag.py:3947} INFO - Setting next_dagrun for list_s3_bucket_files_dag to None, run_after=None
[2026-02-09T07:04:06.774+0000] {processor.py:183} INFO - Processing /home/cloud/codings/airflow/dags/list_s3_bucket_files_dag.py took 0.269 seconds
[2026-02-09T07:04:37.241+0000] {processor.py:161} INFO - Started process (PID=332321) to work on /home/cloud/codings/airflow/dags/list_s3_bucket_files_dag.py
[2026-02-09T07:04:37.242+0000] {processor.py:830} INFO - Processing file /home/cloud/codings/airflow/dags/list_s3_bucket_files_dag.py for tasks to queue
[2026-02-09T07:04:37.243+0000] {logging_mixin.py:188} INFO - [2026-02-09T07:04:37.243+0000] {dagbag.py:545} INFO - Filling up the DagBag from /home/cloud/codings/airflow/dags/list_s3_bucket_files_dag.py
[2026-02-09T07:04:37.255+0000] {processor.py:840} INFO - DAG(s) 'list_s3_bucket_files_dag' retrieved from /home/cloud/codings/airflow/dags/list_s3_bucket_files_dag.py
[2026-02-09T07:04:37.282+0000] {logging_mixin.py:188} INFO - [2026-02-09T07:04:37.281+0000] {dag.py:3089} INFO - Sync 1 DAGs
[2026-02-09T07:04:37.297+0000] {logging_mixin.py:188} INFO - [2026-02-09T07:04:37.297+0000] {dag.py:3947} INFO - Setting next_dagrun for list_s3_bucket_files_dag to None, run_after=None
[2026-02-09T07:04:37.323+0000] {processor.py:183} INFO - Processing /home/cloud/codings/airflow/dags/list_s3_bucket_files_dag.py took 0.088 seconds
[2026-02-09T07:05:07.772+0000] {processor.py:161} INFO - Started process (PID=332401) to work on /home/cloud/codings/airflow/dags/list_s3_bucket_files_dag.py
[2026-02-09T07:05:07.796+0000] {processor.py:830} INFO - Processing file /home/cloud/codings/airflow/dags/list_s3_bucket_files_dag.py for tasks to queue
[2026-02-09T07:05:07.797+0000] {logging_mixin.py:188} INFO - [2026-02-09T07:05:07.797+0000] {dagbag.py:545} INFO - Filling up the DagBag from /home/cloud/codings/airflow/dags/list_s3_bucket_files_dag.py
[2026-02-09T07:05:07.808+0000] {processor.py:840} INFO - DAG(s) 'list_s3_bucket_files_dag' retrieved from /home/cloud/codings/airflow/dags/list_s3_bucket_files_dag.py
[2026-02-09T07:05:07.832+0000] {logging_mixin.py:188} INFO - [2026-02-09T07:05:07.832+0000] {dag.py:3089} INFO - Sync 1 DAGs
[2026-02-09T07:05:07.846+0000] {logging_mixin.py:188} INFO - [2026-02-09T07:05:07.846+0000] {dag.py:3947} INFO - Setting next_dagrun for list_s3_bucket_files_dag to None, run_after=None
[2026-02-09T07:05:07.872+0000] {processor.py:183} INFO - Processing /home/cloud/codings/airflow/dags/list_s3_bucket_files_dag.py took 0.106 seconds
[2026-02-09T07:05:38.314+0000] {processor.py:161} INFO - Started process (PID=332481) to work on /home/cloud/codings/airflow/dags/list_s3_bucket_files_dag.py
[2026-02-09T07:05:38.315+0000] {processor.py:830} INFO - Processing file /home/cloud/codings/airflow/dags/list_s3_bucket_files_dag.py for tasks to queue
[2026-02-09T07:05:38.316+0000] {logging_mixin.py:188} INFO - [2026-02-09T07:05:38.316+0000] {dagbag.py:545} INFO - Filling up the DagBag from /home/cloud/codings/airflow/dags/list_s3_bucket_files_dag.py
[2026-02-09T07:05:38.328+0000] {processor.py:840} INFO - DAG(s) 'list_s3_bucket_files_dag' retrieved from /home/cloud/codings/airflow/dags/list_s3_bucket_files_dag.py
[2026-02-09T07:05:38.354+0000] {logging_mixin.py:188} INFO - [2026-02-09T07:05:38.354+0000] {dag.py:3089} INFO - Sync 1 DAGs
[2026-02-09T07:05:38.369+0000] {logging_mixin.py:188} INFO - [2026-02-09T07:05:38.369+0000] {dag.py:3947} INFO - Setting next_dagrun for list_s3_bucket_files_dag to None, run_after=None
[2026-02-09T07:05:38.397+0000] {processor.py:183} INFO - Processing /home/cloud/codings/airflow/dags/list_s3_bucket_files_dag.py took 0.091 seconds
[2026-02-09T07:06:08.816+0000] {processor.py:161} INFO - Started process (PID=332561) to work on /home/cloud/codings/airflow/dags/list_s3_bucket_files_dag.py
[2026-02-09T07:06:08.842+0000] {processor.py:830} INFO - Processing file /home/cloud/codings/airflow/dags/list_s3_bucket_files_dag.py for tasks to queue
[2026-02-09T07:06:08.845+0000] {logging_mixin.py:188} INFO - [2026-02-09T07:06:08.844+0000] {dagbag.py:545} INFO - Filling up the DagBag from /home/cloud/codings/airflow/dags/list_s3_bucket_files_dag.py
[2026-02-09T07:06:08.868+0000] {processor.py:840} INFO - DAG(s) 'list_s3_bucket_files_dag' retrieved from /home/cloud/codings/airflow/dags/list_s3_bucket_files_dag.py
[2026-02-09T07:06:08.912+0000] {logging_mixin.py:188} INFO - [2026-02-09T07:06:08.912+0000] {dag.py:3089} INFO - Sync 1 DAGs
[2026-02-09T07:06:08.939+0000] {logging_mixin.py:188} INFO - [2026-02-09T07:06:08.939+0000] {dag.py:3947} INFO - Setting next_dagrun for list_s3_bucket_files_dag to None, run_after=None
[2026-02-09T07:06:08.974+0000] {processor.py:183} INFO - Processing /home/cloud/codings/airflow/dags/list_s3_bucket_files_dag.py took 0.169 seconds
[2026-02-09T07:06:39.263+0000] {processor.py:161} INFO - Started process (PID=332647) to work on /home/cloud/codings/airflow/dags/list_s3_bucket_files_dag.py
[2026-02-09T07:06:39.264+0000] {processor.py:830} INFO - Processing file /home/cloud/codings/airflow/dags/list_s3_bucket_files_dag.py for tasks to queue
[2026-02-09T07:06:39.265+0000] {logging_mixin.py:188} INFO - [2026-02-09T07:06:39.265+0000] {dagbag.py:545} INFO - Filling up the DagBag from /home/cloud/codings/airflow/dags/list_s3_bucket_files_dag.py
[2026-02-09T07:06:39.278+0000] {processor.py:840} INFO - DAG(s) 'list_s3_bucket_files_dag' retrieved from /home/cloud/codings/airflow/dags/list_s3_bucket_files_dag.py
[2026-02-09T07:06:39.307+0000] {logging_mixin.py:188} INFO - [2026-02-09T07:06:39.306+0000] {dag.py:3089} INFO - Sync 1 DAGs
[2026-02-09T07:06:39.327+0000] {logging_mixin.py:188} INFO - [2026-02-09T07:06:39.327+0000] {dag.py:3947} INFO - Setting next_dagrun for list_s3_bucket_files_dag to None, run_after=None
[2026-02-09T07:06:39.359+0000] {processor.py:183} INFO - Processing /home/cloud/codings/airflow/dags/list_s3_bucket_files_dag.py took 0.107 seconds
[2026-02-09T07:07:09.511+0000] {processor.py:161} INFO - Started process (PID=332727) to work on /home/cloud/codings/airflow/dags/list_s3_bucket_files_dag.py
[2026-02-09T07:07:09.539+0000] {processor.py:830} INFO - Processing file /home/cloud/codings/airflow/dags/list_s3_bucket_files_dag.py for tasks to queue
[2026-02-09T07:07:09.540+0000] {logging_mixin.py:188} INFO - [2026-02-09T07:07:09.539+0000] {dagbag.py:545} INFO - Filling up the DagBag from /home/cloud/codings/airflow/dags/list_s3_bucket_files_dag.py
[2026-02-09T07:07:09.550+0000] {processor.py:840} INFO - DAG(s) 'list_s3_bucket_files_dag' retrieved from /home/cloud/codings/airflow/dags/list_s3_bucket_files_dag.py
[2026-02-09T07:07:09.573+0000] {logging_mixin.py:188} INFO - [2026-02-09T07:07:09.572+0000] {dag.py:3089} INFO - Sync 1 DAGs
[2026-02-09T07:07:09.588+0000] {logging_mixin.py:188} INFO - [2026-02-09T07:07:09.587+0000] {dag.py:3947} INFO - Setting next_dagrun for list_s3_bucket_files_dag to None, run_after=None
[2026-02-09T07:07:09.614+0000] {processor.py:183} INFO - Processing /home/cloud/codings/airflow/dags/list_s3_bucket_files_dag.py took 0.110 seconds
[2026-02-09T07:07:40.160+0000] {processor.py:161} INFO - Started process (PID=332809) to work on /home/cloud/codings/airflow/dags/list_s3_bucket_files_dag.py
[2026-02-09T07:07:40.161+0000] {processor.py:830} INFO - Processing file /home/cloud/codings/airflow/dags/list_s3_bucket_files_dag.py for tasks to queue
[2026-02-09T07:07:40.163+0000] {logging_mixin.py:188} INFO - [2026-02-09T07:07:40.162+0000] {dagbag.py:545} INFO - Filling up the DagBag from /home/cloud/codings/airflow/dags/list_s3_bucket_files_dag.py
[2026-02-09T07:07:40.177+0000] {processor.py:840} INFO - DAG(s) 'list_s3_bucket_files_dag' retrieved from /home/cloud/codings/airflow/dags/list_s3_bucket_files_dag.py
[2026-02-09T07:07:40.211+0000] {logging_mixin.py:188} INFO - [2026-02-09T07:07:40.211+0000] {dag.py:3089} INFO - Sync 1 DAGs
[2026-02-09T07:07:40.231+0000] {logging_mixin.py:188} INFO - [2026-02-09T07:07:40.230+0000] {dag.py:3947} INFO - Setting next_dagrun for list_s3_bucket_files_dag to None, run_after=None
[2026-02-09T07:07:40.263+0000] {processor.py:183} INFO - Processing /home/cloud/codings/airflow/dags/list_s3_bucket_files_dag.py took 0.111 seconds
[2026-02-09T07:08:10.563+0000] {processor.py:161} INFO - Started process (PID=332910) to work on /home/cloud/codings/airflow/dags/list_s3_bucket_files_dag.py
[2026-02-09T07:08:10.580+0000] {processor.py:830} INFO - Processing file /home/cloud/codings/airflow/dags/list_s3_bucket_files_dag.py for tasks to queue
[2026-02-09T07:08:10.582+0000] {logging_mixin.py:188} INFO - [2026-02-09T07:08:10.581+0000] {dagbag.py:545} INFO - Filling up the DagBag from /home/cloud/codings/airflow/dags/list_s3_bucket_files_dag.py
[2026-02-09T07:08:10.622+0000] {processor.py:840} INFO - DAG(s) 'list_s3_bucket_files_dag' retrieved from /home/cloud/codings/airflow/dags/list_s3_bucket_files_dag.py
[2026-02-09T07:08:10.734+0000] {logging_mixin.py:188} INFO - [2026-02-09T07:08:10.733+0000] {dag.py:3089} INFO - Sync 1 DAGs
[2026-02-09T07:08:10.787+0000] {logging_mixin.py:188} INFO - [2026-02-09T07:08:10.787+0000] {dag.py:3947} INFO - Setting next_dagrun for list_s3_bucket_files_dag to None, run_after=None
[2026-02-09T07:08:10.860+0000] {processor.py:183} INFO - Processing /home/cloud/codings/airflow/dags/list_s3_bucket_files_dag.py took 0.315 seconds
[2026-02-09T07:08:41.327+0000] {processor.py:161} INFO - Started process (PID=332995) to work on /home/cloud/codings/airflow/dags/list_s3_bucket_files_dag.py
[2026-02-09T07:08:41.329+0000] {processor.py:830} INFO - Processing file /home/cloud/codings/airflow/dags/list_s3_bucket_files_dag.py for tasks to queue
[2026-02-09T07:08:41.330+0000] {logging_mixin.py:188} INFO - [2026-02-09T07:08:41.329+0000] {dagbag.py:545} INFO - Filling up the DagBag from /home/cloud/codings/airflow/dags/list_s3_bucket_files_dag.py
[2026-02-09T07:08:41.345+0000] {processor.py:840} INFO - DAG(s) 'list_s3_bucket_files_dag' retrieved from /home/cloud/codings/airflow/dags/list_s3_bucket_files_dag.py
[2026-02-09T07:08:41.375+0000] {logging_mixin.py:188} INFO - [2026-02-09T07:08:41.375+0000] {dag.py:3089} INFO - Sync 1 DAGs
[2026-02-09T07:08:41.394+0000] {logging_mixin.py:188} INFO - [2026-02-09T07:08:41.393+0000] {dag.py:3947} INFO - Setting next_dagrun for list_s3_bucket_files_dag to None, run_after=None
[2026-02-09T07:08:41.423+0000] {processor.py:183} INFO - Processing /home/cloud/codings/airflow/dags/list_s3_bucket_files_dag.py took 0.104 seconds
[2026-02-09T07:09:11.848+0000] {processor.py:161} INFO - Started process (PID=333073) to work on /home/cloud/codings/airflow/dags/list_s3_bucket_files_dag.py
[2026-02-09T07:09:11.851+0000] {processor.py:830} INFO - Processing file /home/cloud/codings/airflow/dags/list_s3_bucket_files_dag.py for tasks to queue
[2026-02-09T07:09:11.853+0000] {logging_mixin.py:188} INFO - [2026-02-09T07:09:11.852+0000] {dagbag.py:545} INFO - Filling up the DagBag from /home/cloud/codings/airflow/dags/list_s3_bucket_files_dag.py
[2026-02-09T07:09:11.873+0000] {processor.py:840} INFO - DAG(s) 'list_s3_bucket_files_dag' retrieved from /home/cloud/codings/airflow/dags/list_s3_bucket_files_dag.py
[2026-02-09T07:09:11.908+0000] {logging_mixin.py:188} INFO - [2026-02-09T07:09:11.907+0000] {dag.py:3089} INFO - Sync 1 DAGs
[2026-02-09T07:09:11.935+0000] {logging_mixin.py:188} INFO - [2026-02-09T07:09:11.935+0000] {dag.py:3947} INFO - Setting next_dagrun for list_s3_bucket_files_dag to None, run_after=None
[2026-02-09T07:09:11.987+0000] {processor.py:183} INFO - Processing /home/cloud/codings/airflow/dags/list_s3_bucket_files_dag.py took 0.149 seconds
[2026-02-09T07:09:42.344+0000] {processor.py:161} INFO - Started process (PID=333161) to work on /home/cloud/codings/airflow/dags/list_s3_bucket_files_dag.py
[2026-02-09T07:09:42.346+0000] {processor.py:830} INFO - Processing file /home/cloud/codings/airflow/dags/list_s3_bucket_files_dag.py for tasks to queue
[2026-02-09T07:09:42.347+0000] {logging_mixin.py:188} INFO - [2026-02-09T07:09:42.347+0000] {dagbag.py:545} INFO - Filling up the DagBag from /home/cloud/codings/airflow/dags/list_s3_bucket_files_dag.py
[2026-02-09T07:09:42.367+0000] {processor.py:840} INFO - DAG(s) 'list_s3_bucket_files_dag' retrieved from /home/cloud/codings/airflow/dags/list_s3_bucket_files_dag.py
[2026-02-09T07:09:42.401+0000] {logging_mixin.py:188} INFO - [2026-02-09T07:09:42.400+0000] {dag.py:3089} INFO - Sync 1 DAGs
[2026-02-09T07:09:42.419+0000] {logging_mixin.py:188} INFO - [2026-02-09T07:09:42.419+0000] {dag.py:3947} INFO - Setting next_dagrun for list_s3_bucket_files_dag to None, run_after=None
[2026-02-09T07:09:42.460+0000] {processor.py:183} INFO - Processing /home/cloud/codings/airflow/dags/list_s3_bucket_files_dag.py took 0.126 seconds
[2026-02-09T07:10:12.836+0000] {processor.py:161} INFO - Started process (PID=333241) to work on /home/cloud/codings/airflow/dags/list_s3_bucket_files_dag.py
[2026-02-09T07:10:12.853+0000] {processor.py:830} INFO - Processing file /home/cloud/codings/airflow/dags/list_s3_bucket_files_dag.py for tasks to queue
[2026-02-09T07:10:12.855+0000] {logging_mixin.py:188} INFO - [2026-02-09T07:10:12.854+0000] {dagbag.py:545} INFO - Filling up the DagBag from /home/cloud/codings/airflow/dags/list_s3_bucket_files_dag.py
[2026-02-09T07:10:12.874+0000] {processor.py:840} INFO - DAG(s) 'list_s3_bucket_files_dag' retrieved from /home/cloud/codings/airflow/dags/list_s3_bucket_files_dag.py
[2026-02-09T07:10:12.905+0000] {logging_mixin.py:188} INFO - [2026-02-09T07:10:12.905+0000] {dag.py:3089} INFO - Sync 1 DAGs
[2026-02-09T07:10:12.926+0000] {logging_mixin.py:188} INFO - [2026-02-09T07:10:12.925+0000] {dag.py:3947} INFO - Setting next_dagrun for list_s3_bucket_files_dag to None, run_after=None
[2026-02-09T07:10:12.962+0000] {processor.py:183} INFO - Processing /home/cloud/codings/airflow/dags/list_s3_bucket_files_dag.py took 0.135 seconds
[2026-02-09T07:10:43.216+0000] {processor.py:161} INFO - Started process (PID=333321) to work on /home/cloud/codings/airflow/dags/list_s3_bucket_files_dag.py
[2026-02-09T07:10:43.217+0000] {processor.py:830} INFO - Processing file /home/cloud/codings/airflow/dags/list_s3_bucket_files_dag.py for tasks to queue
[2026-02-09T07:10:43.218+0000] {logging_mixin.py:188} INFO - [2026-02-09T07:10:43.217+0000] {dagbag.py:545} INFO - Filling up the DagBag from /home/cloud/codings/airflow/dags/list_s3_bucket_files_dag.py
[2026-02-09T07:10:43.229+0000] {processor.py:840} INFO - DAG(s) 'list_s3_bucket_files_dag' retrieved from /home/cloud/codings/airflow/dags/list_s3_bucket_files_dag.py
[2026-02-09T07:10:43.251+0000] {logging_mixin.py:188} INFO - [2026-02-09T07:10:43.250+0000] {dag.py:3089} INFO - Sync 1 DAGs
[2026-02-09T07:10:43.268+0000] {logging_mixin.py:188} INFO - [2026-02-09T07:10:43.268+0000] {dag.py:3947} INFO - Setting next_dagrun for list_s3_bucket_files_dag to None, run_after=None
[2026-02-09T07:10:43.299+0000] {processor.py:183} INFO - Processing /home/cloud/codings/airflow/dags/list_s3_bucket_files_dag.py took 0.090 seconds
[2026-02-09T07:11:13.604+0000] {processor.py:161} INFO - Started process (PID=333408) to work on /home/cloud/codings/airflow/dags/list_s3_bucket_files_dag.py
[2026-02-09T07:11:13.621+0000] {processor.py:830} INFO - Processing file /home/cloud/codings/airflow/dags/list_s3_bucket_files_dag.py for tasks to queue
[2026-02-09T07:11:13.623+0000] {logging_mixin.py:188} INFO - [2026-02-09T07:11:13.622+0000] {dagbag.py:545} INFO - Filling up the DagBag from /home/cloud/codings/airflow/dags/list_s3_bucket_files_dag.py
[2026-02-09T07:11:13.634+0000] {processor.py:840} INFO - DAG(s) 'list_s3_bucket_files_dag' retrieved from /home/cloud/codings/airflow/dags/list_s3_bucket_files_dag.py
[2026-02-09T07:11:13.656+0000] {logging_mixin.py:188} INFO - [2026-02-09T07:11:13.656+0000] {dag.py:3089} INFO - Sync 1 DAGs
[2026-02-09T07:11:13.674+0000] {logging_mixin.py:188} INFO - [2026-02-09T07:11:13.674+0000] {dag.py:3947} INFO - Setting next_dagrun for list_s3_bucket_files_dag to None, run_after=None
[2026-02-09T07:11:13.703+0000] {processor.py:183} INFO - Processing /home/cloud/codings/airflow/dags/list_s3_bucket_files_dag.py took 0.106 seconds
[2026-02-09T07:11:43.823+0000] {processor.py:161} INFO - Started process (PID=333488) to work on /home/cloud/codings/airflow/dags/list_s3_bucket_files_dag.py
[2026-02-09T07:11:43.824+0000] {processor.py:830} INFO - Processing file /home/cloud/codings/airflow/dags/list_s3_bucket_files_dag.py for tasks to queue
[2026-02-09T07:11:43.825+0000] {logging_mixin.py:188} INFO - [2026-02-09T07:11:43.825+0000] {dagbag.py:545} INFO - Filling up the DagBag from /home/cloud/codings/airflow/dags/list_s3_bucket_files_dag.py
[2026-02-09T07:11:43.837+0000] {processor.py:840} INFO - DAG(s) 'list_s3_bucket_files_dag' retrieved from /home/cloud/codings/airflow/dags/list_s3_bucket_files_dag.py
[2026-02-09T07:11:43.862+0000] {logging_mixin.py:188} INFO - [2026-02-09T07:11:43.862+0000] {dag.py:3089} INFO - Sync 1 DAGs
[2026-02-09T07:11:43.882+0000] {logging_mixin.py:188} INFO - [2026-02-09T07:11:43.882+0000] {dag.py:3947} INFO - Setting next_dagrun for list_s3_bucket_files_dag to None, run_after=None
[2026-02-09T07:11:43.915+0000] {processor.py:183} INFO - Processing /home/cloud/codings/airflow/dags/list_s3_bucket_files_dag.py took 0.099 seconds
[2026-02-09T07:12:14.267+0000] {processor.py:161} INFO - Started process (PID=333568) to work on /home/cloud/codings/airflow/dags/list_s3_bucket_files_dag.py
[2026-02-09T07:12:14.278+0000] {processor.py:830} INFO - Processing file /home/cloud/codings/airflow/dags/list_s3_bucket_files_dag.py for tasks to queue
[2026-02-09T07:12:14.280+0000] {logging_mixin.py:188} INFO - [2026-02-09T07:12:14.279+0000] {dagbag.py:545} INFO - Filling up the DagBag from /home/cloud/codings/airflow/dags/list_s3_bucket_files_dag.py
[2026-02-09T07:12:14.302+0000] {processor.py:840} INFO - DAG(s) 'list_s3_bucket_files_dag' retrieved from /home/cloud/codings/airflow/dags/list_s3_bucket_files_dag.py
[2026-02-09T07:12:14.339+0000] {logging_mixin.py:188} INFO - [2026-02-09T07:12:14.338+0000] {dag.py:3089} INFO - Sync 1 DAGs
[2026-02-09T07:12:14.359+0000] {logging_mixin.py:188} INFO - [2026-02-09T07:12:14.358+0000] {dag.py:3947} INFO - Setting next_dagrun for list_s3_bucket_files_dag to None, run_after=None
[2026-02-09T07:12:14.386+0000] {processor.py:183} INFO - Processing /home/cloud/codings/airflow/dags/list_s3_bucket_files_dag.py took 0.131 seconds
[2026-02-09T07:12:44.734+0000] {processor.py:161} INFO - Started process (PID=333656) to work on /home/cloud/codings/airflow/dags/list_s3_bucket_files_dag.py
[2026-02-09T07:12:44.736+0000] {processor.py:830} INFO - Processing file /home/cloud/codings/airflow/dags/list_s3_bucket_files_dag.py for tasks to queue
[2026-02-09T07:12:44.738+0000] {logging_mixin.py:188} INFO - [2026-02-09T07:12:44.737+0000] {dagbag.py:545} INFO - Filling up the DagBag from /home/cloud/codings/airflow/dags/list_s3_bucket_files_dag.py
[2026-02-09T07:12:44.756+0000] {processor.py:840} INFO - DAG(s) 'list_s3_bucket_files_dag' retrieved from /home/cloud/codings/airflow/dags/list_s3_bucket_files_dag.py
[2026-02-09T07:12:44.792+0000] {logging_mixin.py:188} INFO - [2026-02-09T07:12:44.791+0000] {dag.py:3089} INFO - Sync 1 DAGs
[2026-02-09T07:12:44.816+0000] {logging_mixin.py:188} INFO - [2026-02-09T07:12:44.816+0000] {dag.py:3947} INFO - Setting next_dagrun for list_s3_bucket_files_dag to None, run_after=None
[2026-02-09T07:12:44.871+0000] {processor.py:183} INFO - Processing /home/cloud/codings/airflow/dags/list_s3_bucket_files_dag.py took 0.147 seconds
[2026-02-09T07:13:15.230+0000] {processor.py:161} INFO - Started process (PID=333734) to work on /home/cloud/codings/airflow/dags/list_s3_bucket_files_dag.py
[2026-02-09T07:13:15.232+0000] {processor.py:830} INFO - Processing file /home/cloud/codings/airflow/dags/list_s3_bucket_files_dag.py for tasks to queue
[2026-02-09T07:13:15.233+0000] {logging_mixin.py:188} INFO - [2026-02-09T07:13:15.232+0000] {dagbag.py:545} INFO - Filling up the DagBag from /home/cloud/codings/airflow/dags/list_s3_bucket_files_dag.py
[2026-02-09T07:13:15.246+0000] {processor.py:840} INFO - DAG(s) 'list_s3_bucket_files_dag' retrieved from /home/cloud/codings/airflow/dags/list_s3_bucket_files_dag.py
[2026-02-09T07:13:15.273+0000] {logging_mixin.py:188} INFO - [2026-02-09T07:13:15.273+0000] {dag.py:3089} INFO - Sync 1 DAGs
[2026-02-09T07:13:15.293+0000] {logging_mixin.py:188} INFO - [2026-02-09T07:13:15.293+0000] {dag.py:3947} INFO - Setting next_dagrun for list_s3_bucket_files_dag to None, run_after=None
[2026-02-09T07:13:15.326+0000] {processor.py:183} INFO - Processing /home/cloud/codings/airflow/dags/list_s3_bucket_files_dag.py took 0.104 seconds
[2026-02-09T07:13:45.705+0000] {processor.py:161} INFO - Started process (PID=333816) to work on /home/cloud/codings/airflow/dags/list_s3_bucket_files_dag.py
[2026-02-09T07:13:45.714+0000] {processor.py:830} INFO - Processing file /home/cloud/codings/airflow/dags/list_s3_bucket_files_dag.py for tasks to queue
[2026-02-09T07:13:45.715+0000] {logging_mixin.py:188} INFO - [2026-02-09T07:13:45.714+0000] {dagbag.py:545} INFO - Filling up the DagBag from /home/cloud/codings/airflow/dags/list_s3_bucket_files_dag.py
[2026-02-09T07:13:45.724+0000] {processor.py:840} INFO - DAG(s) 'list_s3_bucket_files_dag' retrieved from /home/cloud/codings/airflow/dags/list_s3_bucket_files_dag.py
[2026-02-09T07:13:45.744+0000] {logging_mixin.py:188} INFO - [2026-02-09T07:13:45.744+0000] {dag.py:3089} INFO - Sync 1 DAGs
[2026-02-09T07:13:45.760+0000] {logging_mixin.py:188} INFO - [2026-02-09T07:13:45.759+0000] {dag.py:3947} INFO - Setting next_dagrun for list_s3_bucket_files_dag to None, run_after=None
[2026-02-09T07:13:45.786+0000] {processor.py:183} INFO - Processing /home/cloud/codings/airflow/dags/list_s3_bucket_files_dag.py took 0.087 seconds
[2026-02-09T07:14:16.083+0000] {processor.py:161} INFO - Started process (PID=333902) to work on /home/cloud/codings/airflow/dags/list_s3_bucket_files_dag.py
[2026-02-09T07:14:16.084+0000] {processor.py:830} INFO - Processing file /home/cloud/codings/airflow/dags/list_s3_bucket_files_dag.py for tasks to queue
[2026-02-09T07:14:16.086+0000] {logging_mixin.py:188} INFO - [2026-02-09T07:14:16.085+0000] {dagbag.py:545} INFO - Filling up the DagBag from /home/cloud/codings/airflow/dags/list_s3_bucket_files_dag.py
[2026-02-09T07:14:16.100+0000] {processor.py:840} INFO - DAG(s) 'list_s3_bucket_files_dag' retrieved from /home/cloud/codings/airflow/dags/list_s3_bucket_files_dag.py
[2026-02-09T07:14:16.127+0000] {logging_mixin.py:188} INFO - [2026-02-09T07:14:16.127+0000] {dag.py:3089} INFO - Sync 1 DAGs
[2026-02-09T07:14:16.146+0000] {logging_mixin.py:188} INFO - [2026-02-09T07:14:16.146+0000] {dag.py:3947} INFO - Setting next_dagrun for list_s3_bucket_files_dag to None, run_after=None
[2026-02-09T07:14:16.177+0000] {processor.py:183} INFO - Processing /home/cloud/codings/airflow/dags/list_s3_bucket_files_dag.py took 0.103 seconds
[2026-02-09T07:14:46.582+0000] {processor.py:161} INFO - Started process (PID=333982) to work on /home/cloud/codings/airflow/dags/list_s3_bucket_files_dag.py
[2026-02-09T07:14:46.595+0000] {processor.py:830} INFO - Processing file /home/cloud/codings/airflow/dags/list_s3_bucket_files_dag.py for tasks to queue
[2026-02-09T07:14:46.597+0000] {logging_mixin.py:188} INFO - [2026-02-09T07:14:46.596+0000] {dagbag.py:545} INFO - Filling up the DagBag from /home/cloud/codings/airflow/dags/list_s3_bucket_files_dag.py
[2026-02-09T07:14:46.625+0000] {processor.py:840} INFO - DAG(s) 'list_s3_bucket_files_dag' retrieved from /home/cloud/codings/airflow/dags/list_s3_bucket_files_dag.py
[2026-02-09T07:14:46.676+0000] {logging_mixin.py:188} INFO - [2026-02-09T07:14:46.675+0000] {dag.py:3089} INFO - Sync 1 DAGs
[2026-02-09T07:14:46.715+0000] {logging_mixin.py:188} INFO - [2026-02-09T07:14:46.715+0000] {dag.py:3947} INFO - Setting next_dagrun for list_s3_bucket_files_dag to None, run_after=None
[2026-02-09T07:14:46.807+0000] {processor.py:183} INFO - Processing /home/cloud/codings/airflow/dags/list_s3_bucket_files_dag.py took 0.242 seconds
[2026-02-09T07:15:17.166+0000] {processor.py:161} INFO - Started process (PID=334068) to work on /home/cloud/codings/airflow/dags/list_s3_bucket_files_dag.py
[2026-02-09T07:15:17.167+0000] {processor.py:830} INFO - Processing file /home/cloud/codings/airflow/dags/list_s3_bucket_files_dag.py for tasks to queue
[2026-02-09T07:15:17.168+0000] {logging_mixin.py:188} INFO - [2026-02-09T07:15:17.168+0000] {dagbag.py:545} INFO - Filling up the DagBag from /home/cloud/codings/airflow/dags/list_s3_bucket_files_dag.py
[2026-02-09T07:15:17.179+0000] {processor.py:840} INFO - DAG(s) 'list_s3_bucket_files_dag' retrieved from /home/cloud/codings/airflow/dags/list_s3_bucket_files_dag.py
[2026-02-09T07:15:17.200+0000] {logging_mixin.py:188} INFO - [2026-02-09T07:15:17.199+0000] {dag.py:3089} INFO - Sync 1 DAGs
[2026-02-09T07:15:17.215+0000] {logging_mixin.py:188} INFO - [2026-02-09T07:15:17.214+0000] {dag.py:3947} INFO - Setting next_dagrun for list_s3_bucket_files_dag to None, run_after=None
[2026-02-09T07:15:17.243+0000] {processor.py:183} INFO - Processing /home/cloud/codings/airflow/dags/list_s3_bucket_files_dag.py took 0.083 seconds
[2026-02-09T07:15:47.559+0000] {processor.py:161} INFO - Started process (PID=334148) to work on /home/cloud/codings/airflow/dags/list_s3_bucket_files_dag.py
[2026-02-09T07:15:47.578+0000] {processor.py:830} INFO - Processing file /home/cloud/codings/airflow/dags/list_s3_bucket_files_dag.py for tasks to queue
[2026-02-09T07:15:47.580+0000] {logging_mixin.py:188} INFO - [2026-02-09T07:15:47.579+0000] {dagbag.py:545} INFO - Filling up the DagBag from /home/cloud/codings/airflow/dags/list_s3_bucket_files_dag.py
[2026-02-09T07:15:47.598+0000] {processor.py:840} INFO - DAG(s) 'list_s3_bucket_files_dag' retrieved from /home/cloud/codings/airflow/dags/list_s3_bucket_files_dag.py
[2026-02-09T07:15:47.632+0000] {logging_mixin.py:188} INFO - [2026-02-09T07:15:47.631+0000] {dag.py:3089} INFO - Sync 1 DAGs
[2026-02-09T07:15:47.655+0000] {logging_mixin.py:188} INFO - [2026-02-09T07:15:47.654+0000] {dag.py:3947} INFO - Setting next_dagrun for list_s3_bucket_files_dag to None, run_after=None
[2026-02-09T07:15:47.692+0000] {processor.py:183} INFO - Processing /home/cloud/codings/airflow/dags/list_s3_bucket_files_dag.py took 0.146 seconds
[2026-02-09T07:16:18.034+0000] {processor.py:161} INFO - Started process (PID=334228) to work on /home/cloud/codings/airflow/dags/list_s3_bucket_files_dag.py
[2026-02-09T07:16:18.052+0000] {processor.py:830} INFO - Processing file /home/cloud/codings/airflow/dags/list_s3_bucket_files_dag.py for tasks to queue
[2026-02-09T07:16:18.053+0000] {logging_mixin.py:188} INFO - [2026-02-09T07:16:18.052+0000] {dagbag.py:545} INFO - Filling up the DagBag from /home/cloud/codings/airflow/dags/list_s3_bucket_files_dag.py
[2026-02-09T07:16:18.063+0000] {processor.py:840} INFO - DAG(s) 'list_s3_bucket_files_dag' retrieved from /home/cloud/codings/airflow/dags/list_s3_bucket_files_dag.py
[2026-02-09T07:16:18.086+0000] {logging_mixin.py:188} INFO - [2026-02-09T07:16:18.086+0000] {dag.py:3089} INFO - Sync 1 DAGs
[2026-02-09T07:16:18.104+0000] {logging_mixin.py:188} INFO - [2026-02-09T07:16:18.103+0000] {dag.py:3947} INFO - Setting next_dagrun for list_s3_bucket_files_dag to None, run_after=None
[2026-02-09T07:16:18.140+0000] {processor.py:183} INFO - Processing /home/cloud/codings/airflow/dags/list_s3_bucket_files_dag.py took 0.112 seconds
[2026-02-09T07:16:48.523+0000] {processor.py:161} INFO - Started process (PID=334316) to work on /home/cloud/codings/airflow/dags/list_s3_bucket_files_dag.py
[2026-02-09T07:16:48.524+0000] {processor.py:830} INFO - Processing file /home/cloud/codings/airflow/dags/list_s3_bucket_files_dag.py for tasks to queue
[2026-02-09T07:16:48.525+0000] {logging_mixin.py:188} INFO - [2026-02-09T07:16:48.524+0000] {dagbag.py:545} INFO - Filling up the DagBag from /home/cloud/codings/airflow/dags/list_s3_bucket_files_dag.py
[2026-02-09T07:16:48.537+0000] {processor.py:840} INFO - DAG(s) 'list_s3_bucket_files_dag' retrieved from /home/cloud/codings/airflow/dags/list_s3_bucket_files_dag.py
[2026-02-09T07:16:48.560+0000] {logging_mixin.py:188} INFO - [2026-02-09T07:16:48.560+0000] {dag.py:3089} INFO - Sync 1 DAGs
[2026-02-09T07:16:48.576+0000] {logging_mixin.py:188} INFO - [2026-02-09T07:16:48.576+0000] {dag.py:3947} INFO - Setting next_dagrun for list_s3_bucket_files_dag to None, run_after=None
[2026-02-09T07:16:48.604+0000] {processor.py:183} INFO - Processing /home/cloud/codings/airflow/dags/list_s3_bucket_files_dag.py took 0.088 seconds
[2026-02-09T07:17:19.016+0000] {processor.py:161} INFO - Started process (PID=334397) to work on /home/cloud/codings/airflow/dags/list_s3_bucket_files_dag.py
[2026-02-09T07:17:19.018+0000] {processor.py:830} INFO - Processing file /home/cloud/codings/airflow/dags/list_s3_bucket_files_dag.py for tasks to queue
[2026-02-09T07:17:19.018+0000] {logging_mixin.py:188} INFO - [2026-02-09T07:17:19.018+0000] {dagbag.py:545} INFO - Filling up the DagBag from /home/cloud/codings/airflow/dags/list_s3_bucket_files_dag.py
[2026-02-09T07:17:19.028+0000] {processor.py:840} INFO - DAG(s) 'list_s3_bucket_files_dag' retrieved from /home/cloud/codings/airflow/dags/list_s3_bucket_files_dag.py
[2026-02-09T07:17:19.048+0000] {logging_mixin.py:188} INFO - [2026-02-09T07:17:19.047+0000] {dag.py:3089} INFO - Sync 1 DAGs
[2026-02-09T07:17:19.062+0000] {logging_mixin.py:188} INFO - [2026-02-09T07:17:19.061+0000] {dag.py:3947} INFO - Setting next_dagrun for list_s3_bucket_files_dag to None, run_after=None
[2026-02-09T07:17:19.087+0000] {processor.py:183} INFO - Processing /home/cloud/codings/airflow/dags/list_s3_bucket_files_dag.py took 0.077 seconds
[2026-02-09T07:17:49.398+0000] {processor.py:161} INFO - Started process (PID=334486) to work on /home/cloud/codings/airflow/dags/list_s3_bucket_files_dag.py
[2026-02-09T07:17:49.399+0000] {processor.py:830} INFO - Processing file /home/cloud/codings/airflow/dags/list_s3_bucket_files_dag.py for tasks to queue
[2026-02-09T07:17:49.400+0000] {logging_mixin.py:188} INFO - [2026-02-09T07:17:49.400+0000] {dagbag.py:545} INFO - Filling up the DagBag from /home/cloud/codings/airflow/dags/list_s3_bucket_files_dag.py
[2026-02-09T07:17:49.412+0000] {processor.py:840} INFO - DAG(s) 'list_s3_bucket_files_dag' retrieved from /home/cloud/codings/airflow/dags/list_s3_bucket_files_dag.py
[2026-02-09T07:17:49.436+0000] {logging_mixin.py:188} INFO - [2026-02-09T07:17:49.436+0000] {dag.py:3089} INFO - Sync 1 DAGs
[2026-02-09T07:17:49.455+0000] {logging_mixin.py:188} INFO - [2026-02-09T07:17:49.455+0000] {dag.py:3947} INFO - Setting next_dagrun for list_s3_bucket_files_dag to None, run_after=None
[2026-02-09T07:17:49.486+0000] {processor.py:183} INFO - Processing /home/cloud/codings/airflow/dags/list_s3_bucket_files_dag.py took 0.094 seconds
[2026-02-09T07:18:19.799+0000] {processor.py:161} INFO - Started process (PID=334566) to work on /home/cloud/codings/airflow/dags/list_s3_bucket_files_dag.py
[2026-02-09T07:18:19.801+0000] {processor.py:830} INFO - Processing file /home/cloud/codings/airflow/dags/list_s3_bucket_files_dag.py for tasks to queue
[2026-02-09T07:18:19.802+0000] {logging_mixin.py:188} INFO - [2026-02-09T07:18:19.801+0000] {dagbag.py:545} INFO - Filling up the DagBag from /home/cloud/codings/airflow/dags/list_s3_bucket_files_dag.py
[2026-02-09T07:18:19.814+0000] {processor.py:840} INFO - DAG(s) 'list_s3_bucket_files_dag' retrieved from /home/cloud/codings/airflow/dags/list_s3_bucket_files_dag.py
[2026-02-09T07:18:19.837+0000] {logging_mixin.py:188} INFO - [2026-02-09T07:18:19.836+0000] {dag.py:3089} INFO - Sync 1 DAGs
[2026-02-09T07:18:19.854+0000] {logging_mixin.py:188} INFO - [2026-02-09T07:18:19.853+0000] {dag.py:3947} INFO - Setting next_dagrun for list_s3_bucket_files_dag to None, run_after=None
[2026-02-09T07:18:19.887+0000] {processor.py:183} INFO - Processing /home/cloud/codings/airflow/dags/list_s3_bucket_files_dag.py took 0.094 seconds
[2026-02-09T07:18:50.206+0000] {processor.py:161} INFO - Started process (PID=334649) to work on /home/cloud/codings/airflow/dags/list_s3_bucket_files_dag.py
[2026-02-09T07:18:50.209+0000] {processor.py:830} INFO - Processing file /home/cloud/codings/airflow/dags/list_s3_bucket_files_dag.py for tasks to queue
[2026-02-09T07:18:50.212+0000] {logging_mixin.py:188} INFO - [2026-02-09T07:18:50.211+0000] {dagbag.py:545} INFO - Filling up the DagBag from /home/cloud/codings/airflow/dags/list_s3_bucket_files_dag.py
[2026-02-09T07:18:50.227+0000] {processor.py:840} INFO - DAG(s) 'list_s3_bucket_files_dag' retrieved from /home/cloud/codings/airflow/dags/list_s3_bucket_files_dag.py
[2026-02-09T07:18:50.247+0000] {logging_mixin.py:188} INFO - [2026-02-09T07:18:50.247+0000] {dag.py:3089} INFO - Sync 1 DAGs
[2026-02-09T07:18:50.259+0000] {logging_mixin.py:188} INFO - [2026-02-09T07:18:50.259+0000] {dag.py:3947} INFO - Setting next_dagrun for list_s3_bucket_files_dag to None, run_after=None
[2026-02-09T07:18:50.291+0000] {processor.py:183} INFO - Processing /home/cloud/codings/airflow/dags/list_s3_bucket_files_dag.py took 0.102 seconds
[2026-02-09T07:19:20.659+0000] {processor.py:161} INFO - Started process (PID=334735) to work on /home/cloud/codings/airflow/dags/list_s3_bucket_files_dag.py
[2026-02-09T07:19:20.661+0000] {processor.py:830} INFO - Processing file /home/cloud/codings/airflow/dags/list_s3_bucket_files_dag.py for tasks to queue
[2026-02-09T07:19:20.662+0000] {logging_mixin.py:188} INFO - [2026-02-09T07:19:20.661+0000] {dagbag.py:545} INFO - Filling up the DagBag from /home/cloud/codings/airflow/dags/list_s3_bucket_files_dag.py
[2026-02-09T07:19:20.672+0000] {processor.py:840} INFO - DAG(s) 'list_s3_bucket_files_dag' retrieved from /home/cloud/codings/airflow/dags/list_s3_bucket_files_dag.py
[2026-02-09T07:19:20.693+0000] {logging_mixin.py:188} INFO - [2026-02-09T07:19:20.693+0000] {dag.py:3089} INFO - Sync 1 DAGs
[2026-02-09T07:19:20.707+0000] {logging_mixin.py:188} INFO - [2026-02-09T07:19:20.707+0000] {dag.py:3947} INFO - Setting next_dagrun for list_s3_bucket_files_dag to None, run_after=None
[2026-02-09T07:19:20.743+0000] {processor.py:183} INFO - Processing /home/cloud/codings/airflow/dags/list_s3_bucket_files_dag.py took 0.091 seconds
[2026-02-09T07:19:51.158+0000] {processor.py:161} INFO - Started process (PID=334815) to work on /home/cloud/codings/airflow/dags/list_s3_bucket_files_dag.py
[2026-02-09T07:19:51.159+0000] {processor.py:830} INFO - Processing file /home/cloud/codings/airflow/dags/list_s3_bucket_files_dag.py for tasks to queue
[2026-02-09T07:19:51.161+0000] {logging_mixin.py:188} INFO - [2026-02-09T07:19:51.160+0000] {dagbag.py:545} INFO - Filling up the DagBag from /home/cloud/codings/airflow/dags/list_s3_bucket_files_dag.py
[2026-02-09T07:19:51.185+0000] {processor.py:840} INFO - DAG(s) 'list_s3_bucket_files_dag' retrieved from /home/cloud/codings/airflow/dags/list_s3_bucket_files_dag.py
[2026-02-09T07:19:51.224+0000] {logging_mixin.py:188} INFO - [2026-02-09T07:19:51.224+0000] {dag.py:3089} INFO - Sync 1 DAGs
[2026-02-09T07:19:51.251+0000] {logging_mixin.py:188} INFO - [2026-02-09T07:19:51.251+0000] {dag.py:3947} INFO - Setting next_dagrun for list_s3_bucket_files_dag to None, run_after=None
[2026-02-09T07:19:51.318+0000] {processor.py:183} INFO - Processing /home/cloud/codings/airflow/dags/list_s3_bucket_files_dag.py took 0.172 seconds
[2026-02-09T07:20:21.636+0000] {processor.py:161} INFO - Started process (PID=334895) to work on /home/cloud/codings/airflow/dags/list_s3_bucket_files_dag.py
[2026-02-09T07:20:21.654+0000] {processor.py:830} INFO - Processing file /home/cloud/codings/airflow/dags/list_s3_bucket_files_dag.py for tasks to queue
[2026-02-09T07:20:21.655+0000] {logging_mixin.py:188} INFO - [2026-02-09T07:20:21.655+0000] {dagbag.py:545} INFO - Filling up the DagBag from /home/cloud/codings/airflow/dags/list_s3_bucket_files_dag.py
[2026-02-09T07:20:21.665+0000] {processor.py:840} INFO - DAG(s) 'list_s3_bucket_files_dag' retrieved from /home/cloud/codings/airflow/dags/list_s3_bucket_files_dag.py
[2026-02-09T07:20:21.688+0000] {logging_mixin.py:188} INFO - [2026-02-09T07:20:21.688+0000] {dag.py:3089} INFO - Sync 1 DAGs
[2026-02-09T07:20:21.702+0000] {logging_mixin.py:188} INFO - [2026-02-09T07:20:21.702+0000] {dag.py:3947} INFO - Setting next_dagrun for list_s3_bucket_files_dag to None, run_after=None
[2026-02-09T07:20:21.728+0000] {processor.py:183} INFO - Processing /home/cloud/codings/airflow/dags/list_s3_bucket_files_dag.py took 0.099 seconds
[2026-02-09T07:20:52.237+0000] {processor.py:161} INFO - Started process (PID=334980) to work on /home/cloud/codings/airflow/dags/list_s3_bucket_files_dag.py
[2026-02-09T07:20:52.238+0000] {processor.py:830} INFO - Processing file /home/cloud/codings/airflow/dags/list_s3_bucket_files_dag.py for tasks to queue
[2026-02-09T07:20:52.239+0000] {logging_mixin.py:188} INFO - [2026-02-09T07:20:52.239+0000] {dagbag.py:545} INFO - Filling up the DagBag from /home/cloud/codings/airflow/dags/list_s3_bucket_files_dag.py
[2026-02-09T07:20:52.251+0000] {processor.py:840} INFO - DAG(s) 'list_s3_bucket_files_dag' retrieved from /home/cloud/codings/airflow/dags/list_s3_bucket_files_dag.py
[2026-02-09T07:20:52.273+0000] {logging_mixin.py:188} INFO - [2026-02-09T07:20:52.272+0000] {dag.py:3089} INFO - Sync 1 DAGs
[2026-02-09T07:20:52.286+0000] {logging_mixin.py:188} INFO - [2026-02-09T07:20:52.286+0000] {dag.py:3947} INFO - Setting next_dagrun for list_s3_bucket_files_dag to None, run_after=None
[2026-02-09T07:20:52.311+0000] {processor.py:183} INFO - Processing /home/cloud/codings/airflow/dags/list_s3_bucket_files_dag.py took 0.081 seconds
[2026-02-09T07:21:22.628+0000] {processor.py:161} INFO - Started process (PID=335061) to work on /home/cloud/codings/airflow/dags/list_s3_bucket_files_dag.py
[2026-02-09T07:21:22.630+0000] {processor.py:830} INFO - Processing file /home/cloud/codings/airflow/dags/list_s3_bucket_files_dag.py for tasks to queue
[2026-02-09T07:21:22.631+0000] {logging_mixin.py:188} INFO - [2026-02-09T07:21:22.630+0000] {dagbag.py:545} INFO - Filling up the DagBag from /home/cloud/codings/airflow/dags/list_s3_bucket_files_dag.py
[2026-02-09T07:21:22.642+0000] {processor.py:840} INFO - DAG(s) 'list_s3_bucket_files_dag' retrieved from /home/cloud/codings/airflow/dags/list_s3_bucket_files_dag.py
[2026-02-09T07:21:22.664+0000] {logging_mixin.py:188} INFO - [2026-02-09T07:21:22.663+0000] {dag.py:3089} INFO - Sync 1 DAGs
[2026-02-09T07:21:22.676+0000] {logging_mixin.py:188} INFO - [2026-02-09T07:21:22.676+0000] {dag.py:3947} INFO - Setting next_dagrun for list_s3_bucket_files_dag to None, run_after=None
[2026-02-09T07:21:22.700+0000] {processor.py:183} INFO - Processing /home/cloud/codings/airflow/dags/list_s3_bucket_files_dag.py took 0.078 seconds
[2026-02-09T07:21:53.004+0000] {processor.py:161} INFO - Started process (PID=335141) to work on /home/cloud/codings/airflow/dags/list_s3_bucket_files_dag.py
[2026-02-09T07:21:53.022+0000] {processor.py:830} INFO - Processing file /home/cloud/codings/airflow/dags/list_s3_bucket_files_dag.py for tasks to queue
[2026-02-09T07:21:53.023+0000] {logging_mixin.py:188} INFO - [2026-02-09T07:21:53.023+0000] {dagbag.py:545} INFO - Filling up the DagBag from /home/cloud/codings/airflow/dags/list_s3_bucket_files_dag.py
[2026-02-09T07:21:53.036+0000] {processor.py:840} INFO - DAG(s) 'list_s3_bucket_files_dag' retrieved from /home/cloud/codings/airflow/dags/list_s3_bucket_files_dag.py
[2026-02-09T07:21:53.058+0000] {logging_mixin.py:188} INFO - [2026-02-09T07:21:53.058+0000] {dag.py:3089} INFO - Sync 1 DAGs
[2026-02-09T07:21:53.072+0000] {logging_mixin.py:188} INFO - [2026-02-09T07:21:53.072+0000] {dag.py:3947} INFO - Setting next_dagrun for list_s3_bucket_files_dag to None, run_after=None
[2026-02-09T07:21:53.099+0000] {processor.py:183} INFO - Processing /home/cloud/codings/airflow/dags/list_s3_bucket_files_dag.py took 0.100 seconds
[2026-02-09T07:22:23.276+0000] {processor.py:161} INFO - Started process (PID=335223) to work on /home/cloud/codings/airflow/dags/list_s3_bucket_files_dag.py
[2026-02-09T07:22:23.293+0000] {processor.py:830} INFO - Processing file /home/cloud/codings/airflow/dags/list_s3_bucket_files_dag.py for tasks to queue
[2026-02-09T07:22:23.294+0000] {logging_mixin.py:188} INFO - [2026-02-09T07:22:23.294+0000] {dagbag.py:545} INFO - Filling up the DagBag from /home/cloud/codings/airflow/dags/list_s3_bucket_files_dag.py
[2026-02-09T07:22:23.305+0000] {processor.py:840} INFO - DAG(s) 'list_s3_bucket_files_dag' retrieved from /home/cloud/codings/airflow/dags/list_s3_bucket_files_dag.py
[2026-02-09T07:22:23.325+0000] {logging_mixin.py:188} INFO - [2026-02-09T07:22:23.324+0000] {dag.py:3089} INFO - Sync 1 DAGs
[2026-02-09T07:22:23.337+0000] {logging_mixin.py:188} INFO - [2026-02-09T07:22:23.337+0000] {dag.py:3947} INFO - Setting next_dagrun for list_s3_bucket_files_dag to None, run_after=None
[2026-02-09T07:22:23.361+0000] {processor.py:183} INFO - Processing /home/cloud/codings/airflow/dags/list_s3_bucket_files_dag.py took 0.091 seconds
[2026-02-09T07:22:53.649+0000] {processor.py:161} INFO - Started process (PID=335307) to work on /home/cloud/codings/airflow/dags/list_s3_bucket_files_dag.py
[2026-02-09T07:22:53.666+0000] {processor.py:830} INFO - Processing file /home/cloud/codings/airflow/dags/list_s3_bucket_files_dag.py for tasks to queue
[2026-02-09T07:22:53.667+0000] {logging_mixin.py:188} INFO - [2026-02-09T07:22:53.667+0000] {dagbag.py:545} INFO - Filling up the DagBag from /home/cloud/codings/airflow/dags/list_s3_bucket_files_dag.py
[2026-02-09T07:22:53.680+0000] {processor.py:840} INFO - DAG(s) 'list_s3_bucket_files_dag' retrieved from /home/cloud/codings/airflow/dags/list_s3_bucket_files_dag.py
[2026-02-09T07:22:53.702+0000] {logging_mixin.py:188} INFO - [2026-02-09T07:22:53.702+0000] {dag.py:3089} INFO - Sync 1 DAGs
[2026-02-09T07:22:53.717+0000] {logging_mixin.py:188} INFO - [2026-02-09T07:22:53.717+0000] {dag.py:3947} INFO - Setting next_dagrun for list_s3_bucket_files_dag to None, run_after=None
[2026-02-09T07:22:53.745+0000] {processor.py:183} INFO - Processing /home/cloud/codings/airflow/dags/list_s3_bucket_files_dag.py took 0.102 seconds
[2026-02-09T07:23:24.143+0000] {processor.py:161} INFO - Started process (PID=335387) to work on /home/cloud/codings/airflow/dags/list_s3_bucket_files_dag.py
[2026-02-09T07:23:24.145+0000] {processor.py:830} INFO - Processing file /home/cloud/codings/airflow/dags/list_s3_bucket_files_dag.py for tasks to queue
[2026-02-09T07:23:24.147+0000] {logging_mixin.py:188} INFO - [2026-02-09T07:23:24.146+0000] {dagbag.py:545} INFO - Filling up the DagBag from /home/cloud/codings/airflow/dags/list_s3_bucket_files_dag.py
[2026-02-09T07:23:24.159+0000] {processor.py:840} INFO - DAG(s) 'list_s3_bucket_files_dag' retrieved from /home/cloud/codings/airflow/dags/list_s3_bucket_files_dag.py
[2026-02-09T07:23:24.186+0000] {logging_mixin.py:188} INFO - [2026-02-09T07:23:24.185+0000] {dag.py:3089} INFO - Sync 1 DAGs
[2026-02-09T07:23:24.207+0000] {logging_mixin.py:188} INFO - [2026-02-09T07:23:24.206+0000] {dag.py:3947} INFO - Setting next_dagrun for list_s3_bucket_files_dag to None, run_after=None
[2026-02-09T07:23:24.238+0000] {processor.py:183} INFO - Processing /home/cloud/codings/airflow/dags/list_s3_bucket_files_dag.py took 0.102 seconds
[2026-02-09T07:23:54.644+0000] {processor.py:161} INFO - Started process (PID=335469) to work on /home/cloud/codings/airflow/dags/list_s3_bucket_files_dag.py
[2026-02-09T07:23:54.647+0000] {processor.py:830} INFO - Processing file /home/cloud/codings/airflow/dags/list_s3_bucket_files_dag.py for tasks to queue
[2026-02-09T07:23:54.649+0000] {logging_mixin.py:188} INFO - [2026-02-09T07:23:54.648+0000] {dagbag.py:545} INFO - Filling up the DagBag from /home/cloud/codings/airflow/dags/list_s3_bucket_files_dag.py
[2026-02-09T07:23:54.668+0000] {processor.py:840} INFO - DAG(s) 'list_s3_bucket_files_dag' retrieved from /home/cloud/codings/airflow/dags/list_s3_bucket_files_dag.py
[2026-02-09T07:23:54.709+0000] {logging_mixin.py:188} INFO - [2026-02-09T07:23:54.709+0000] {dag.py:3089} INFO - Sync 1 DAGs
[2026-02-09T07:23:54.742+0000] {logging_mixin.py:188} INFO - [2026-02-09T07:23:54.741+0000] {dag.py:3947} INFO - Setting next_dagrun for list_s3_bucket_files_dag to None, run_after=None
[2026-02-09T07:23:54.797+0000] {processor.py:183} INFO - Processing /home/cloud/codings/airflow/dags/list_s3_bucket_files_dag.py took 0.164 seconds
[2026-02-09T07:24:25.155+0000] {processor.py:161} INFO - Started process (PID=335557) to work on /home/cloud/codings/airflow/dags/list_s3_bucket_files_dag.py
[2026-02-09T07:24:25.161+0000] {processor.py:830} INFO - Processing file /home/cloud/codings/airflow/dags/list_s3_bucket_files_dag.py for tasks to queue
[2026-02-09T07:24:25.162+0000] {logging_mixin.py:188} INFO - [2026-02-09T07:24:25.162+0000] {dagbag.py:545} INFO - Filling up the DagBag from /home/cloud/codings/airflow/dags/list_s3_bucket_files_dag.py
[2026-02-09T07:24:25.176+0000] {processor.py:840} INFO - DAG(s) 'list_s3_bucket_files_dag' retrieved from /home/cloud/codings/airflow/dags/list_s3_bucket_files_dag.py
[2026-02-09T07:24:25.205+0000] {logging_mixin.py:188} INFO - [2026-02-09T07:24:25.204+0000] {dag.py:3089} INFO - Sync 1 DAGs
[2026-02-09T07:24:25.224+0000] {logging_mixin.py:188} INFO - [2026-02-09T07:24:25.223+0000] {dag.py:3947} INFO - Setting next_dagrun for list_s3_bucket_files_dag to None, run_after=None
[2026-02-09T07:24:25.254+0000] {processor.py:183} INFO - Processing /home/cloud/codings/airflow/dags/list_s3_bucket_files_dag.py took 0.108 seconds
[2026-02-09T07:24:55.634+0000] {processor.py:161} INFO - Started process (PID=335638) to work on /home/cloud/codings/airflow/dags/list_s3_bucket_files_dag.py
[2026-02-09T07:24:55.635+0000] {processor.py:830} INFO - Processing file /home/cloud/codings/airflow/dags/list_s3_bucket_files_dag.py for tasks to queue
[2026-02-09T07:24:55.636+0000] {logging_mixin.py:188} INFO - [2026-02-09T07:24:55.635+0000] {dagbag.py:545} INFO - Filling up the DagBag from /home/cloud/codings/airflow/dags/list_s3_bucket_files_dag.py
[2026-02-09T07:24:55.647+0000] {processor.py:840} INFO - DAG(s) 'list_s3_bucket_files_dag' retrieved from /home/cloud/codings/airflow/dags/list_s3_bucket_files_dag.py
[2026-02-09T07:24:55.671+0000] {logging_mixin.py:188} INFO - [2026-02-09T07:24:55.671+0000] {dag.py:3089} INFO - Sync 1 DAGs
[2026-02-09T07:24:55.685+0000] {logging_mixin.py:188} INFO - [2026-02-09T07:24:55.685+0000] {dag.py:3947} INFO - Setting next_dagrun for list_s3_bucket_files_dag to None, run_after=None
[2026-02-09T07:24:55.714+0000] {processor.py:183} INFO - Processing /home/cloud/codings/airflow/dags/list_s3_bucket_files_dag.py took 0.088 seconds
[2026-02-09T07:25:26.013+0000] {processor.py:161} INFO - Started process (PID=335724) to work on /home/cloud/codings/airflow/dags/list_s3_bucket_files_dag.py
[2026-02-09T07:25:26.015+0000] {processor.py:830} INFO - Processing file /home/cloud/codings/airflow/dags/list_s3_bucket_files_dag.py for tasks to queue
[2026-02-09T07:25:26.016+0000] {logging_mixin.py:188} INFO - [2026-02-09T07:25:26.016+0000] {dagbag.py:545} INFO - Filling up the DagBag from /home/cloud/codings/airflow/dags/list_s3_bucket_files_dag.py
[2026-02-09T07:25:26.030+0000] {processor.py:840} INFO - DAG(s) 'list_s3_bucket_files_dag' retrieved from /home/cloud/codings/airflow/dags/list_s3_bucket_files_dag.py
[2026-02-09T07:25:26.058+0000] {logging_mixin.py:188} INFO - [2026-02-09T07:25:26.058+0000] {dag.py:3089} INFO - Sync 1 DAGs
[2026-02-09T07:25:26.076+0000] {logging_mixin.py:188} INFO - [2026-02-09T07:25:26.076+0000] {dag.py:3947} INFO - Setting next_dagrun for list_s3_bucket_files_dag to None, run_after=None
[2026-02-09T07:25:26.109+0000] {processor.py:183} INFO - Processing /home/cloud/codings/airflow/dags/list_s3_bucket_files_dag.py took 0.104 seconds
[2026-02-09T07:25:56.495+0000] {processor.py:161} INFO - Started process (PID=335806) to work on /home/cloud/codings/airflow/dags/list_s3_bucket_files_dag.py
[2026-02-09T07:25:56.496+0000] {processor.py:830} INFO - Processing file /home/cloud/codings/airflow/dags/list_s3_bucket_files_dag.py for tasks to queue
[2026-02-09T07:25:56.498+0000] {logging_mixin.py:188} INFO - [2026-02-09T07:25:56.497+0000] {dagbag.py:545} INFO - Filling up the DagBag from /home/cloud/codings/airflow/dags/list_s3_bucket_files_dag.py
[2026-02-09T07:25:56.511+0000] {processor.py:840} INFO - DAG(s) 'list_s3_bucket_files_dag' retrieved from /home/cloud/codings/airflow/dags/list_s3_bucket_files_dag.py
[2026-02-09T07:25:56.538+0000] {logging_mixin.py:188} INFO - [2026-02-09T07:25:56.538+0000] {dag.py:3089} INFO - Sync 1 DAGs
[2026-02-09T07:25:56.555+0000] {logging_mixin.py:188} INFO - [2026-02-09T07:25:56.555+0000] {dag.py:3947} INFO - Setting next_dagrun for list_s3_bucket_files_dag to None, run_after=None
[2026-02-09T07:25:56.590+0000] {processor.py:183} INFO - Processing /home/cloud/codings/airflow/dags/list_s3_bucket_files_dag.py took 0.102 seconds
[2026-02-09T07:26:26.985+0000] {processor.py:161} INFO - Started process (PID=335892) to work on /home/cloud/codings/airflow/dags/list_s3_bucket_files_dag.py
[2026-02-09T07:26:26.986+0000] {processor.py:830} INFO - Processing file /home/cloud/codings/airflow/dags/list_s3_bucket_files_dag.py for tasks to queue
[2026-02-09T07:26:26.987+0000] {logging_mixin.py:188} INFO - [2026-02-09T07:26:26.987+0000] {dagbag.py:545} INFO - Filling up the DagBag from /home/cloud/codings/airflow/dags/list_s3_bucket_files_dag.py
[2026-02-09T07:26:27.000+0000] {processor.py:840} INFO - DAG(s) 'list_s3_bucket_files_dag' retrieved from /home/cloud/codings/airflow/dags/list_s3_bucket_files_dag.py
[2026-02-09T07:26:27.028+0000] {logging_mixin.py:188} INFO - [2026-02-09T07:26:27.027+0000] {dag.py:3089} INFO - Sync 1 DAGs
[2026-02-09T07:26:27.046+0000] {logging_mixin.py:188} INFO - [2026-02-09T07:26:27.046+0000] {dag.py:3947} INFO - Setting next_dagrun for list_s3_bucket_files_dag to None, run_after=None
[2026-02-09T07:26:27.075+0000] {processor.py:183} INFO - Processing /home/cloud/codings/airflow/dags/list_s3_bucket_files_dag.py took 0.097 seconds
[2026-02-09T07:26:57.476+0000] {processor.py:161} INFO - Started process (PID=335974) to work on /home/cloud/codings/airflow/dags/list_s3_bucket_files_dag.py
[2026-02-09T07:26:57.477+0000] {processor.py:830} INFO - Processing file /home/cloud/codings/airflow/dags/list_s3_bucket_files_dag.py for tasks to queue
[2026-02-09T07:26:57.478+0000] {logging_mixin.py:188} INFO - [2026-02-09T07:26:57.478+0000] {dagbag.py:545} INFO - Filling up the DagBag from /home/cloud/codings/airflow/dags/list_s3_bucket_files_dag.py
[2026-02-09T07:26:57.493+0000] {processor.py:840} INFO - DAG(s) 'list_s3_bucket_files_dag' retrieved from /home/cloud/codings/airflow/dags/list_s3_bucket_files_dag.py
[2026-02-09T07:26:57.521+0000] {logging_mixin.py:188} INFO - [2026-02-09T07:26:57.521+0000] {dag.py:3089} INFO - Sync 1 DAGs
[2026-02-09T07:26:57.544+0000] {logging_mixin.py:188} INFO - [2026-02-09T07:26:57.543+0000] {dag.py:3947} INFO - Setting next_dagrun for list_s3_bucket_files_dag to None, run_after=None
[2026-02-09T07:26:57.575+0000] {processor.py:183} INFO - Processing /home/cloud/codings/airflow/dags/list_s3_bucket_files_dag.py took 0.110 seconds
[2026-02-09T07:27:27.952+0000] {processor.py:161} INFO - Started process (PID=336057) to work on /home/cloud/codings/airflow/dags/list_s3_bucket_files_dag.py
[2026-02-09T07:27:27.954+0000] {processor.py:830} INFO - Processing file /home/cloud/codings/airflow/dags/list_s3_bucket_files_dag.py for tasks to queue
[2026-02-09T07:27:27.956+0000] {logging_mixin.py:188} INFO - [2026-02-09T07:27:27.955+0000] {dagbag.py:545} INFO - Filling up the DagBag from /home/cloud/codings/airflow/dags/list_s3_bucket_files_dag.py
[2026-02-09T07:27:27.972+0000] {processor.py:840} INFO - DAG(s) 'list_s3_bucket_files_dag' retrieved from /home/cloud/codings/airflow/dags/list_s3_bucket_files_dag.py
[2026-02-09T07:27:28.001+0000] {logging_mixin.py:188} INFO - [2026-02-09T07:27:28.000+0000] {dag.py:3089} INFO - Sync 1 DAGs
[2026-02-09T07:27:28.022+0000] {logging_mixin.py:188} INFO - [2026-02-09T07:27:28.022+0000] {dag.py:3947} INFO - Setting next_dagrun for list_s3_bucket_files_dag to None, run_after=None
[2026-02-09T07:27:28.058+0000] {processor.py:183} INFO - Processing /home/cloud/codings/airflow/dags/list_s3_bucket_files_dag.py took 0.113 seconds
[2026-02-09T07:27:58.437+0000] {processor.py:161} INFO - Started process (PID=336142) to work on /home/cloud/codings/airflow/dags/list_s3_bucket_files_dag.py
[2026-02-09T07:27:58.438+0000] {processor.py:830} INFO - Processing file /home/cloud/codings/airflow/dags/list_s3_bucket_files_dag.py for tasks to queue
[2026-02-09T07:27:58.440+0000] {logging_mixin.py:188} INFO - [2026-02-09T07:27:58.439+0000] {dagbag.py:545} INFO - Filling up the DagBag from /home/cloud/codings/airflow/dags/list_s3_bucket_files_dag.py
[2026-02-09T07:27:58.456+0000] {processor.py:840} INFO - DAG(s) 'list_s3_bucket_files_dag' retrieved from /home/cloud/codings/airflow/dags/list_s3_bucket_files_dag.py
[2026-02-09T07:27:58.503+0000] {logging_mixin.py:188} INFO - [2026-02-09T07:27:58.503+0000] {dag.py:3089} INFO - Sync 1 DAGs
[2026-02-09T07:27:58.541+0000] {logging_mixin.py:188} INFO - [2026-02-09T07:27:58.540+0000] {dag.py:3947} INFO - Setting next_dagrun for list_s3_bucket_files_dag to None, run_after=None
[2026-02-09T07:27:58.593+0000] {processor.py:183} INFO - Processing /home/cloud/codings/airflow/dags/list_s3_bucket_files_dag.py took 0.165 seconds
[2026-02-09T07:28:28.919+0000] {processor.py:161} INFO - Started process (PID=336228) to work on /home/cloud/codings/airflow/dags/list_s3_bucket_files_dag.py
[2026-02-09T07:28:28.920+0000] {processor.py:830} INFO - Processing file /home/cloud/codings/airflow/dags/list_s3_bucket_files_dag.py for tasks to queue
[2026-02-09T07:28:28.922+0000] {logging_mixin.py:188} INFO - [2026-02-09T07:28:28.921+0000] {dagbag.py:545} INFO - Filling up the DagBag from /home/cloud/codings/airflow/dags/list_s3_bucket_files_dag.py
[2026-02-09T07:28:28.936+0000] {processor.py:840} INFO - DAG(s) 'list_s3_bucket_files_dag' retrieved from /home/cloud/codings/airflow/dags/list_s3_bucket_files_dag.py
[2026-02-09T07:28:28.963+0000] {logging_mixin.py:188} INFO - [2026-02-09T07:28:28.963+0000] {dag.py:3089} INFO - Sync 1 DAGs
[2026-02-09T07:28:28.987+0000] {logging_mixin.py:188} INFO - [2026-02-09T07:28:28.987+0000] {dag.py:3947} INFO - Setting next_dagrun for list_s3_bucket_files_dag to None, run_after=None
[2026-02-09T07:28:29.030+0000] {processor.py:183} INFO - Processing /home/cloud/codings/airflow/dags/list_s3_bucket_files_dag.py took 0.118 seconds
[2026-02-09T07:28:59.419+0000] {processor.py:161} INFO - Started process (PID=336310) to work on /home/cloud/codings/airflow/dags/list_s3_bucket_files_dag.py
[2026-02-09T07:28:59.423+0000] {processor.py:830} INFO - Processing file /home/cloud/codings/airflow/dags/list_s3_bucket_files_dag.py for tasks to queue
[2026-02-09T07:28:59.425+0000] {logging_mixin.py:188} INFO - [2026-02-09T07:28:59.424+0000] {dagbag.py:545} INFO - Filling up the DagBag from /home/cloud/codings/airflow/dags/list_s3_bucket_files_dag.py
[2026-02-09T07:28:59.440+0000] {processor.py:840} INFO - DAG(s) 'list_s3_bucket_files_dag' retrieved from /home/cloud/codings/airflow/dags/list_s3_bucket_files_dag.py
[2026-02-09T07:28:59.467+0000] {logging_mixin.py:188} INFO - [2026-02-09T07:28:59.467+0000] {dag.py:3089} INFO - Sync 1 DAGs
[2026-02-09T07:28:59.485+0000] {logging_mixin.py:188} INFO - [2026-02-09T07:28:59.485+0000] {dag.py:3947} INFO - Setting next_dagrun for list_s3_bucket_files_dag to None, run_after=None
[2026-02-09T07:28:59.516+0000] {processor.py:183} INFO - Processing /home/cloud/codings/airflow/dags/list_s3_bucket_files_dag.py took 0.106 seconds
[2026-02-09T07:29:29.906+0000] {processor.py:161} INFO - Started process (PID=336396) to work on /home/cloud/codings/airflow/dags/list_s3_bucket_files_dag.py
[2026-02-09T07:29:29.908+0000] {processor.py:830} INFO - Processing file /home/cloud/codings/airflow/dags/list_s3_bucket_files_dag.py for tasks to queue
[2026-02-09T07:29:29.909+0000] {logging_mixin.py:188} INFO - [2026-02-09T07:29:29.909+0000] {dagbag.py:545} INFO - Filling up the DagBag from /home/cloud/codings/airflow/dags/list_s3_bucket_files_dag.py
[2026-02-09T07:29:29.922+0000] {processor.py:840} INFO - DAG(s) 'list_s3_bucket_files_dag' retrieved from /home/cloud/codings/airflow/dags/list_s3_bucket_files_dag.py
[2026-02-09T07:29:29.950+0000] {logging_mixin.py:188} INFO - [2026-02-09T07:29:29.949+0000] {dag.py:3089} INFO - Sync 1 DAGs
[2026-02-09T07:29:29.968+0000] {logging_mixin.py:188} INFO - [2026-02-09T07:29:29.968+0000] {dag.py:3947} INFO - Setting next_dagrun for list_s3_bucket_files_dag to None, run_after=None
[2026-02-09T07:29:30.000+0000] {processor.py:183} INFO - Processing /home/cloud/codings/airflow/dags/list_s3_bucket_files_dag.py took 0.101 seconds
[2026-02-09T07:30:00.385+0000] {processor.py:161} INFO - Started process (PID=336478) to work on /home/cloud/codings/airflow/dags/list_s3_bucket_files_dag.py
[2026-02-09T07:30:00.386+0000] {processor.py:830} INFO - Processing file /home/cloud/codings/airflow/dags/list_s3_bucket_files_dag.py for tasks to queue
[2026-02-09T07:30:00.387+0000] {logging_mixin.py:188} INFO - [2026-02-09T07:30:00.387+0000] {dagbag.py:545} INFO - Filling up the DagBag from /home/cloud/codings/airflow/dags/list_s3_bucket_files_dag.py
[2026-02-09T07:30:00.400+0000] {processor.py:840} INFO - DAG(s) 'list_s3_bucket_files_dag' retrieved from /home/cloud/codings/airflow/dags/list_s3_bucket_files_dag.py
[2026-02-09T07:30:00.426+0000] {logging_mixin.py:188} INFO - [2026-02-09T07:30:00.426+0000] {dag.py:3089} INFO - Sync 1 DAGs
[2026-02-09T07:30:00.447+0000] {logging_mixin.py:188} INFO - [2026-02-09T07:30:00.447+0000] {dag.py:3947} INFO - Setting next_dagrun for list_s3_bucket_files_dag to None, run_after=None
[2026-02-09T07:30:00.481+0000] {processor.py:183} INFO - Processing /home/cloud/codings/airflow/dags/list_s3_bucket_files_dag.py took 0.103 seconds
[2026-02-09T07:30:30.873+0000] {processor.py:161} INFO - Started process (PID=336564) to work on /home/cloud/codings/airflow/dags/list_s3_bucket_files_dag.py
[2026-02-09T07:30:30.878+0000] {processor.py:830} INFO - Processing file /home/cloud/codings/airflow/dags/list_s3_bucket_files_dag.py for tasks to queue
[2026-02-09T07:30:30.879+0000] {logging_mixin.py:188} INFO - [2026-02-09T07:30:30.878+0000] {dagbag.py:545} INFO - Filling up the DagBag from /home/cloud/codings/airflow/dags/list_s3_bucket_files_dag.py
[2026-02-09T07:30:30.890+0000] {processor.py:840} INFO - DAG(s) 'list_s3_bucket_files_dag' retrieved from /home/cloud/codings/airflow/dags/list_s3_bucket_files_dag.py
[2026-02-09T07:30:30.912+0000] {logging_mixin.py:188} INFO - [2026-02-09T07:30:30.912+0000] {dag.py:3089} INFO - Sync 1 DAGs
[2026-02-09T07:30:30.929+0000] {logging_mixin.py:188} INFO - [2026-02-09T07:30:30.929+0000] {dag.py:3947} INFO - Setting next_dagrun for list_s3_bucket_files_dag to None, run_after=None
[2026-02-09T07:30:30.959+0000] {processor.py:183} INFO - Processing /home/cloud/codings/airflow/dags/list_s3_bucket_files_dag.py took 0.092 seconds
[2026-02-09T07:31:01.259+0000] {processor.py:161} INFO - Started process (PID=336646) to work on /home/cloud/codings/airflow/dags/list_s3_bucket_files_dag.py
[2026-02-09T07:31:01.264+0000] {processor.py:830} INFO - Processing file /home/cloud/codings/airflow/dags/list_s3_bucket_files_dag.py for tasks to queue
[2026-02-09T07:31:01.265+0000] {logging_mixin.py:188} INFO - [2026-02-09T07:31:01.265+0000] {dagbag.py:545} INFO - Filling up the DagBag from /home/cloud/codings/airflow/dags/list_s3_bucket_files_dag.py
[2026-02-09T07:31:01.278+0000] {processor.py:840} INFO - DAG(s) 'list_s3_bucket_files_dag' retrieved from /home/cloud/codings/airflow/dags/list_s3_bucket_files_dag.py
[2026-02-09T07:31:01.304+0000] {logging_mixin.py:188} INFO - [2026-02-09T07:31:01.303+0000] {dag.py:3089} INFO - Sync 1 DAGs
[2026-02-09T07:31:01.326+0000] {logging_mixin.py:188} INFO - [2026-02-09T07:31:01.326+0000] {dag.py:3947} INFO - Setting next_dagrun for list_s3_bucket_files_dag to None, run_after=None
[2026-02-09T07:31:01.357+0000] {processor.py:183} INFO - Processing /home/cloud/codings/airflow/dags/list_s3_bucket_files_dag.py took 0.105 seconds
[2026-02-09T07:31:31.755+0000] {processor.py:161} INFO - Started process (PID=336734) to work on /home/cloud/codings/airflow/dags/list_s3_bucket_files_dag.py
[2026-02-09T07:31:31.757+0000] {processor.py:830} INFO - Processing file /home/cloud/codings/airflow/dags/list_s3_bucket_files_dag.py for tasks to queue
[2026-02-09T07:31:31.758+0000] {logging_mixin.py:188} INFO - [2026-02-09T07:31:31.758+0000] {dagbag.py:545} INFO - Filling up the DagBag from /home/cloud/codings/airflow/dags/list_s3_bucket_files_dag.py
[2026-02-09T07:31:31.769+0000] {processor.py:840} INFO - DAG(s) 'list_s3_bucket_files_dag' retrieved from /home/cloud/codings/airflow/dags/list_s3_bucket_files_dag.py
[2026-02-09T07:31:31.795+0000] {logging_mixin.py:188} INFO - [2026-02-09T07:31:31.794+0000] {dag.py:3089} INFO - Sync 1 DAGs
[2026-02-09T07:31:31.813+0000] {logging_mixin.py:188} INFO - [2026-02-09T07:31:31.812+0000] {dag.py:3947} INFO - Setting next_dagrun for list_s3_bucket_files_dag to None, run_after=None
[2026-02-09T07:31:31.843+0000] {processor.py:183} INFO - Processing /home/cloud/codings/airflow/dags/list_s3_bucket_files_dag.py took 0.095 seconds
[2026-02-09T07:32:02.144+0000] {processor.py:161} INFO - Started process (PID=336817) to work on /home/cloud/codings/airflow/dags/list_s3_bucket_files_dag.py
[2026-02-09T07:32:02.145+0000] {processor.py:830} INFO - Processing file /home/cloud/codings/airflow/dags/list_s3_bucket_files_dag.py for tasks to queue
[2026-02-09T07:32:02.147+0000] {logging_mixin.py:188} INFO - [2026-02-09T07:32:02.146+0000] {dagbag.py:545} INFO - Filling up the DagBag from /home/cloud/codings/airflow/dags/list_s3_bucket_files_dag.py
[2026-02-09T07:32:02.162+0000] {processor.py:840} INFO - DAG(s) 'list_s3_bucket_files_dag' retrieved from /home/cloud/codings/airflow/dags/list_s3_bucket_files_dag.py
[2026-02-09T07:32:02.190+0000] {logging_mixin.py:188} INFO - [2026-02-09T07:32:02.189+0000] {dag.py:3089} INFO - Sync 1 DAGs
[2026-02-09T07:32:02.210+0000] {logging_mixin.py:188} INFO - [2026-02-09T07:32:02.209+0000] {dag.py:3947} INFO - Setting next_dagrun for list_s3_bucket_files_dag to None, run_after=None
[2026-02-09T07:32:02.244+0000] {processor.py:183} INFO - Processing /home/cloud/codings/airflow/dags/list_s3_bucket_files_dag.py took 0.109 seconds
[2026-02-09T07:32:32.632+0000] {processor.py:161} INFO - Started process (PID=336904) to work on /home/cloud/codings/airflow/dags/list_s3_bucket_files_dag.py
[2026-02-09T07:32:32.634+0000] {processor.py:830} INFO - Processing file /home/cloud/codings/airflow/dags/list_s3_bucket_files_dag.py for tasks to queue
[2026-02-09T07:32:32.635+0000] {logging_mixin.py:188} INFO - [2026-02-09T07:32:32.634+0000] {dagbag.py:545} INFO - Filling up the DagBag from /home/cloud/codings/airflow/dags/list_s3_bucket_files_dag.py
[2026-02-09T07:32:32.646+0000] {processor.py:840} INFO - DAG(s) 'list_s3_bucket_files_dag' retrieved from /home/cloud/codings/airflow/dags/list_s3_bucket_files_dag.py
[2026-02-09T07:32:32.667+0000] {logging_mixin.py:188} INFO - [2026-02-09T07:32:32.667+0000] {dag.py:3089} INFO - Sync 1 DAGs
[2026-02-09T07:32:32.684+0000] {logging_mixin.py:188} INFO - [2026-02-09T07:32:32.683+0000] {dag.py:3947} INFO - Setting next_dagrun for list_s3_bucket_files_dag to None, run_after=None
[2026-02-09T07:32:32.714+0000] {processor.py:183} INFO - Processing /home/cloud/codings/airflow/dags/list_s3_bucket_files_dag.py took 0.089 seconds
[2026-02-09T07:33:03.012+0000] {processor.py:161} INFO - Started process (PID=336990) to work on /home/cloud/codings/airflow/dags/list_s3_bucket_files_dag.py
[2026-02-09T07:33:03.017+0000] {processor.py:830} INFO - Processing file /home/cloud/codings/airflow/dags/list_s3_bucket_files_dag.py for tasks to queue
[2026-02-09T07:33:03.018+0000] {logging_mixin.py:188} INFO - [2026-02-09T07:33:03.017+0000] {dagbag.py:545} INFO - Filling up the DagBag from /home/cloud/codings/airflow/dags/list_s3_bucket_files_dag.py
[2026-02-09T07:33:03.030+0000] {processor.py:840} INFO - DAG(s) 'list_s3_bucket_files_dag' retrieved from /home/cloud/codings/airflow/dags/list_s3_bucket_files_dag.py
[2026-02-09T07:33:03.054+0000] {logging_mixin.py:188} INFO - [2026-02-09T07:33:03.054+0000] {dag.py:3089} INFO - Sync 1 DAGs
[2026-02-09T07:33:03.072+0000] {logging_mixin.py:188} INFO - [2026-02-09T07:33:03.072+0000] {dag.py:3947} INFO - Setting next_dagrun for list_s3_bucket_files_dag to None, run_after=None
[2026-02-09T07:33:03.103+0000] {processor.py:183} INFO - Processing /home/cloud/codings/airflow/dags/list_s3_bucket_files_dag.py took 0.099 seconds
[2026-02-09T07:33:33.490+0000] {processor.py:161} INFO - Started process (PID=337072) to work on /home/cloud/codings/airflow/dags/list_s3_bucket_files_dag.py
[2026-02-09T07:33:33.493+0000] {processor.py:830} INFO - Processing file /home/cloud/codings/airflow/dags/list_s3_bucket_files_dag.py for tasks to queue
[2026-02-09T07:33:33.495+0000] {logging_mixin.py:188} INFO - [2026-02-09T07:33:33.494+0000] {dagbag.py:545} INFO - Filling up the DagBag from /home/cloud/codings/airflow/dags/list_s3_bucket_files_dag.py
[2026-02-09T07:33:33.506+0000] {processor.py:840} INFO - DAG(s) 'list_s3_bucket_files_dag' retrieved from /home/cloud/codings/airflow/dags/list_s3_bucket_files_dag.py
[2026-02-09T07:33:33.532+0000] {logging_mixin.py:188} INFO - [2026-02-09T07:33:33.531+0000] {dag.py:3089} INFO - Sync 1 DAGs
[2026-02-09T07:33:33.550+0000] {logging_mixin.py:188} INFO - [2026-02-09T07:33:33.550+0000] {dag.py:3947} INFO - Setting next_dagrun for list_s3_bucket_files_dag to None, run_after=None
[2026-02-09T07:33:33.579+0000] {processor.py:183} INFO - Processing /home/cloud/codings/airflow/dags/list_s3_bucket_files_dag.py took 0.097 seconds
[2026-02-09T07:34:03.970+0000] {processor.py:161} INFO - Started process (PID=337158) to work on /home/cloud/codings/airflow/dags/list_s3_bucket_files_dag.py
[2026-02-09T07:34:03.972+0000] {processor.py:830} INFO - Processing file /home/cloud/codings/airflow/dags/list_s3_bucket_files_dag.py for tasks to queue
[2026-02-09T07:34:03.973+0000] {logging_mixin.py:188} INFO - [2026-02-09T07:34:03.972+0000] {dagbag.py:545} INFO - Filling up the DagBag from /home/cloud/codings/airflow/dags/list_s3_bucket_files_dag.py
[2026-02-09T07:34:03.988+0000] {processor.py:840} INFO - DAG(s) 'list_s3_bucket_files_dag' retrieved from /home/cloud/codings/airflow/dags/list_s3_bucket_files_dag.py
[2026-02-09T07:34:04.017+0000] {logging_mixin.py:188} INFO - [2026-02-09T07:34:04.017+0000] {dag.py:3089} INFO - Sync 1 DAGs
[2026-02-09T07:34:04.034+0000] {logging_mixin.py:188} INFO - [2026-02-09T07:34:04.034+0000] {dag.py:3947} INFO - Setting next_dagrun for list_s3_bucket_files_dag to None, run_after=None
[2026-02-09T07:34:04.067+0000] {processor.py:183} INFO - Processing /home/cloud/codings/airflow/dags/list_s3_bucket_files_dag.py took 0.106 seconds
[2026-02-09T07:34:34.448+0000] {processor.py:161} INFO - Started process (PID=337244) to work on /home/cloud/codings/airflow/dags/list_s3_bucket_files_dag.py
[2026-02-09T07:34:34.449+0000] {processor.py:830} INFO - Processing file /home/cloud/codings/airflow/dags/list_s3_bucket_files_dag.py for tasks to queue
[2026-02-09T07:34:34.451+0000] {logging_mixin.py:188} INFO - [2026-02-09T07:34:34.450+0000] {dagbag.py:545} INFO - Filling up the DagBag from /home/cloud/codings/airflow/dags/list_s3_bucket_files_dag.py
[2026-02-09T07:34:34.463+0000] {processor.py:840} INFO - DAG(s) 'list_s3_bucket_files_dag' retrieved from /home/cloud/codings/airflow/dags/list_s3_bucket_files_dag.py
[2026-02-09T07:34:34.494+0000] {logging_mixin.py:188} INFO - [2026-02-09T07:34:34.493+0000] {dag.py:3089} INFO - Sync 1 DAGs
[2026-02-09T07:34:34.513+0000] {logging_mixin.py:188} INFO - [2026-02-09T07:34:34.512+0000] {dag.py:3947} INFO - Setting next_dagrun for list_s3_bucket_files_dag to None, run_after=None
[2026-02-09T07:34:34.543+0000] {processor.py:183} INFO - Processing /home/cloud/codings/airflow/dags/list_s3_bucket_files_dag.py took 0.104 seconds
[2026-02-09T07:35:04.948+0000] {processor.py:161} INFO - Started process (PID=337324) to work on /home/cloud/codings/airflow/dags/list_s3_bucket_files_dag.py
[2026-02-09T07:35:04.950+0000] {processor.py:830} INFO - Processing file /home/cloud/codings/airflow/dags/list_s3_bucket_files_dag.py for tasks to queue
[2026-02-09T07:35:04.952+0000] {logging_mixin.py:188} INFO - [2026-02-09T07:35:04.951+0000] {dagbag.py:545} INFO - Filling up the DagBag from /home/cloud/codings/airflow/dags/list_s3_bucket_files_dag.py
[2026-02-09T07:35:04.974+0000] {processor.py:840} INFO - DAG(s) 'list_s3_bucket_files_dag' retrieved from /home/cloud/codings/airflow/dags/list_s3_bucket_files_dag.py
[2026-02-09T07:35:05.028+0000] {logging_mixin.py:188} INFO - [2026-02-09T07:35:05.028+0000] {dag.py:3089} INFO - Sync 1 DAGs
[2026-02-09T07:35:05.081+0000] {logging_mixin.py:188} INFO - [2026-02-09T07:35:05.078+0000] {dag.py:3947} INFO - Setting next_dagrun for list_s3_bucket_files_dag to None, run_after=None
[2026-02-09T07:35:05.142+0000] {processor.py:183} INFO - Processing /home/cloud/codings/airflow/dags/list_s3_bucket_files_dag.py took 0.210 seconds
[2026-02-09T07:35:35.335+0000] {processor.py:161} INFO - Started process (PID=337410) to work on /home/cloud/codings/airflow/dags/list_s3_bucket_files_dag.py
[2026-02-09T07:35:35.336+0000] {processor.py:830} INFO - Processing file /home/cloud/codings/airflow/dags/list_s3_bucket_files_dag.py for tasks to queue
[2026-02-09T07:35:35.337+0000] {logging_mixin.py:188} INFO - [2026-02-09T07:35:35.337+0000] {dagbag.py:545} INFO - Filling up the DagBag from /home/cloud/codings/airflow/dags/list_s3_bucket_files_dag.py
[2026-02-09T07:35:35.350+0000] {processor.py:840} INFO - DAG(s) 'list_s3_bucket_files_dag' retrieved from /home/cloud/codings/airflow/dags/list_s3_bucket_files_dag.py
[2026-02-09T07:35:35.378+0000] {logging_mixin.py:188} INFO - [2026-02-09T07:35:35.378+0000] {dag.py:3089} INFO - Sync 1 DAGs
[2026-02-09T07:35:35.396+0000] {logging_mixin.py:188} INFO - [2026-02-09T07:35:35.396+0000] {dag.py:3947} INFO - Setting next_dagrun for list_s3_bucket_files_dag to None, run_after=None
[2026-02-09T07:35:35.428+0000] {processor.py:183} INFO - Processing /home/cloud/codings/airflow/dags/list_s3_bucket_files_dag.py took 0.101 seconds
[2026-02-09T07:36:05.609+0000] {processor.py:161} INFO - Started process (PID=337496) to work on /home/cloud/codings/airflow/dags/list_s3_bucket_files_dag.py
[2026-02-09T07:36:05.611+0000] {processor.py:830} INFO - Processing file /home/cloud/codings/airflow/dags/list_s3_bucket_files_dag.py for tasks to queue
[2026-02-09T07:36:05.612+0000] {logging_mixin.py:188} INFO - [2026-02-09T07:36:05.612+0000] {dagbag.py:545} INFO - Filling up the DagBag from /home/cloud/codings/airflow/dags/list_s3_bucket_files_dag.py
[2026-02-09T07:36:05.626+0000] {processor.py:840} INFO - DAG(s) 'list_s3_bucket_files_dag' retrieved from /home/cloud/codings/airflow/dags/list_s3_bucket_files_dag.py
[2026-02-09T07:36:05.655+0000] {logging_mixin.py:188} INFO - [2026-02-09T07:36:05.655+0000] {dag.py:3089} INFO - Sync 1 DAGs
[2026-02-09T07:36:05.674+0000] {logging_mixin.py:188} INFO - [2026-02-09T07:36:05.674+0000] {dag.py:3947} INFO - Setting next_dagrun for list_s3_bucket_files_dag to None, run_after=None
[2026-02-09T07:36:05.707+0000] {processor.py:183} INFO - Processing /home/cloud/codings/airflow/dags/list_s3_bucket_files_dag.py took 0.105 seconds
[2026-02-09T07:36:35.834+0000] {processor.py:161} INFO - Started process (PID=337578) to work on /home/cloud/codings/airflow/dags/list_s3_bucket_files_dag.py
[2026-02-09T07:36:35.839+0000] {processor.py:830} INFO - Processing file /home/cloud/codings/airflow/dags/list_s3_bucket_files_dag.py for tasks to queue
[2026-02-09T07:36:35.840+0000] {logging_mixin.py:188} INFO - [2026-02-09T07:36:35.839+0000] {dagbag.py:545} INFO - Filling up the DagBag from /home/cloud/codings/airflow/dags/list_s3_bucket_files_dag.py
[2026-02-09T07:36:35.851+0000] {processor.py:840} INFO - DAG(s) 'list_s3_bucket_files_dag' retrieved from /home/cloud/codings/airflow/dags/list_s3_bucket_files_dag.py
[2026-02-09T07:36:35.880+0000] {logging_mixin.py:188} INFO - [2026-02-09T07:36:35.879+0000] {dag.py:3089} INFO - Sync 1 DAGs
[2026-02-09T07:36:35.897+0000] {logging_mixin.py:188} INFO - [2026-02-09T07:36:35.897+0000] {dag.py:3947} INFO - Setting next_dagrun for list_s3_bucket_files_dag to None, run_after=None
[2026-02-09T07:36:35.932+0000] {processor.py:183} INFO - Processing /home/cloud/codings/airflow/dags/list_s3_bucket_files_dag.py took 0.106 seconds
[2026-02-09T07:37:06.306+0000] {processor.py:161} INFO - Started process (PID=337664) to work on /home/cloud/codings/airflow/dags/list_s3_bucket_files_dag.py
[2026-02-09T07:37:06.307+0000] {processor.py:830} INFO - Processing file /home/cloud/codings/airflow/dags/list_s3_bucket_files_dag.py for tasks to queue
[2026-02-09T07:37:06.308+0000] {logging_mixin.py:188} INFO - [2026-02-09T07:37:06.307+0000] {dagbag.py:545} INFO - Filling up the DagBag from /home/cloud/codings/airflow/dags/list_s3_bucket_files_dag.py
[2026-02-09T07:37:06.321+0000] {processor.py:840} INFO - DAG(s) 'list_s3_bucket_files_dag' retrieved from /home/cloud/codings/airflow/dags/list_s3_bucket_files_dag.py
[2026-02-09T07:37:06.354+0000] {logging_mixin.py:188} INFO - [2026-02-09T07:37:06.354+0000] {dag.py:3089} INFO - Sync 1 DAGs
[2026-02-09T07:37:06.376+0000] {logging_mixin.py:188} INFO - [2026-02-09T07:37:06.376+0000] {dag.py:3947} INFO - Setting next_dagrun for list_s3_bucket_files_dag to None, run_after=None
[2026-02-09T07:37:06.415+0000] {processor.py:183} INFO - Processing /home/cloud/codings/airflow/dags/list_s3_bucket_files_dag.py took 0.116 seconds
[2026-02-09T07:37:36.784+0000] {processor.py:161} INFO - Started process (PID=337750) to work on /home/cloud/codings/airflow/dags/list_s3_bucket_files_dag.py
[2026-02-09T07:37:36.786+0000] {processor.py:830} INFO - Processing file /home/cloud/codings/airflow/dags/list_s3_bucket_files_dag.py for tasks to queue
[2026-02-09T07:37:36.787+0000] {logging_mixin.py:188} INFO - [2026-02-09T07:37:36.787+0000] {dagbag.py:545} INFO - Filling up the DagBag from /home/cloud/codings/airflow/dags/list_s3_bucket_files_dag.py
[2026-02-09T07:37:36.802+0000] {processor.py:840} INFO - DAG(s) 'list_s3_bucket_files_dag' retrieved from /home/cloud/codings/airflow/dags/list_s3_bucket_files_dag.py
[2026-02-09T07:37:36.832+0000] {logging_mixin.py:188} INFO - [2026-02-09T07:37:36.832+0000] {dag.py:3089} INFO - Sync 1 DAGs
[2026-02-09T07:37:36.851+0000] {logging_mixin.py:188} INFO - [2026-02-09T07:37:36.850+0000] {dag.py:3947} INFO - Setting next_dagrun for list_s3_bucket_files_dag to None, run_after=None
[2026-02-09T07:37:36.880+0000] {processor.py:183} INFO - Processing /home/cloud/codings/airflow/dags/list_s3_bucket_files_dag.py took 0.103 seconds
[2026-02-09T07:38:07.261+0000] {processor.py:161} INFO - Started process (PID=337828) to work on /home/cloud/codings/airflow/dags/list_s3_bucket_files_dag.py
[2026-02-09T07:38:07.262+0000] {processor.py:830} INFO - Processing file /home/cloud/codings/airflow/dags/list_s3_bucket_files_dag.py for tasks to queue
[2026-02-09T07:38:07.263+0000] {logging_mixin.py:188} INFO - [2026-02-09T07:38:07.262+0000] {dagbag.py:545} INFO - Filling up the DagBag from /home/cloud/codings/airflow/dags/list_s3_bucket_files_dag.py
[2026-02-09T07:38:07.274+0000] {processor.py:840} INFO - DAG(s) 'list_s3_bucket_files_dag' retrieved from /home/cloud/codings/airflow/dags/list_s3_bucket_files_dag.py
[2026-02-09T07:38:07.300+0000] {logging_mixin.py:188} INFO - [2026-02-09T07:38:07.300+0000] {dag.py:3089} INFO - Sync 1 DAGs
[2026-02-09T07:38:07.320+0000] {logging_mixin.py:188} INFO - [2026-02-09T07:38:07.319+0000] {dag.py:3947} INFO - Setting next_dagrun for list_s3_bucket_files_dag to None, run_after=None
[2026-02-09T07:38:07.352+0000] {processor.py:183} INFO - Processing /home/cloud/codings/airflow/dags/list_s3_bucket_files_dag.py took 0.099 seconds
[2026-02-09T07:38:37.747+0000] {processor.py:161} INFO - Started process (PID=337916) to work on /home/cloud/codings/airflow/dags/list_s3_bucket_files_dag.py
[2026-02-09T07:38:37.748+0000] {processor.py:830} INFO - Processing file /home/cloud/codings/airflow/dags/list_s3_bucket_files_dag.py for tasks to queue
[2026-02-09T07:38:37.750+0000] {logging_mixin.py:188} INFO - [2026-02-09T07:38:37.749+0000] {dagbag.py:545} INFO - Filling up the DagBag from /home/cloud/codings/airflow/dags/list_s3_bucket_files_dag.py
[2026-02-09T07:38:37.763+0000] {processor.py:840} INFO - DAG(s) 'list_s3_bucket_files_dag' retrieved from /home/cloud/codings/airflow/dags/list_s3_bucket_files_dag.py
[2026-02-09T07:38:37.792+0000] {logging_mixin.py:188} INFO - [2026-02-09T07:38:37.792+0000] {dag.py:3089} INFO - Sync 1 DAGs
[2026-02-09T07:38:37.813+0000] {logging_mixin.py:188} INFO - [2026-02-09T07:38:37.813+0000] {dag.py:3947} INFO - Setting next_dagrun for list_s3_bucket_files_dag to None, run_after=None
[2026-02-09T07:38:37.848+0000] {processor.py:183} INFO - Processing /home/cloud/codings/airflow/dags/list_s3_bucket_files_dag.py took 0.109 seconds
[2026-02-09T07:39:08.236+0000] {processor.py:161} INFO - Started process (PID=338020) to work on /home/cloud/codings/airflow/dags/list_s3_bucket_files_dag.py
[2026-02-09T07:39:08.237+0000] {processor.py:830} INFO - Processing file /home/cloud/codings/airflow/dags/list_s3_bucket_files_dag.py for tasks to queue
[2026-02-09T07:39:08.239+0000] {logging_mixin.py:188} INFO - [2026-02-09T07:39:08.238+0000] {dagbag.py:545} INFO - Filling up the DagBag from /home/cloud/codings/airflow/dags/list_s3_bucket_files_dag.py
[2026-02-09T07:39:08.256+0000] {processor.py:840} INFO - DAG(s) 'list_s3_bucket_files_dag' retrieved from /home/cloud/codings/airflow/dags/list_s3_bucket_files_dag.py
[2026-02-09T07:39:08.285+0000] {logging_mixin.py:188} INFO - [2026-02-09T07:39:08.284+0000] {dag.py:3089} INFO - Sync 1 DAGs
[2026-02-09T07:39:08.306+0000] {logging_mixin.py:188} INFO - [2026-02-09T07:39:08.306+0000] {dag.py:3947} INFO - Setting next_dagrun for list_s3_bucket_files_dag to None, run_after=None
[2026-02-09T07:39:08.343+0000] {processor.py:183} INFO - Processing /home/cloud/codings/airflow/dags/list_s3_bucket_files_dag.py took 0.116 seconds
[2026-02-09T07:39:38.723+0000] {processor.py:161} INFO - Started process (PID=338106) to work on /home/cloud/codings/airflow/dags/list_s3_bucket_files_dag.py
[2026-02-09T07:39:38.728+0000] {processor.py:830} INFO - Processing file /home/cloud/codings/airflow/dags/list_s3_bucket_files_dag.py for tasks to queue
[2026-02-09T07:39:38.730+0000] {logging_mixin.py:188} INFO - [2026-02-09T07:39:38.729+0000] {dagbag.py:545} INFO - Filling up the DagBag from /home/cloud/codings/airflow/dags/list_s3_bucket_files_dag.py
[2026-02-09T07:39:38.744+0000] {processor.py:840} INFO - DAG(s) 'list_s3_bucket_files_dag' retrieved from /home/cloud/codings/airflow/dags/list_s3_bucket_files_dag.py
[2026-02-09T07:39:38.775+0000] {logging_mixin.py:188} INFO - [2026-02-09T07:39:38.775+0000] {dag.py:3089} INFO - Sync 1 DAGs
[2026-02-09T07:39:38.797+0000] {logging_mixin.py:188} INFO - [2026-02-09T07:39:38.796+0000] {dag.py:3947} INFO - Setting next_dagrun for list_s3_bucket_files_dag to None, run_after=None
[2026-02-09T07:39:38.832+0000] {processor.py:183} INFO - Processing /home/cloud/codings/airflow/dags/list_s3_bucket_files_dag.py took 0.118 seconds
[2026-02-09T07:40:09.198+0000] {processor.py:161} INFO - Started process (PID=338184) to work on /home/cloud/codings/airflow/dags/list_s3_bucket_files_dag.py
[2026-02-09T07:40:09.199+0000] {processor.py:830} INFO - Processing file /home/cloud/codings/airflow/dags/list_s3_bucket_files_dag.py for tasks to queue
[2026-02-09T07:40:09.200+0000] {logging_mixin.py:188} INFO - [2026-02-09T07:40:09.200+0000] {dagbag.py:545} INFO - Filling up the DagBag from /home/cloud/codings/airflow/dags/list_s3_bucket_files_dag.py
[2026-02-09T07:40:09.212+0000] {processor.py:840} INFO - DAG(s) 'list_s3_bucket_files_dag' retrieved from /home/cloud/codings/airflow/dags/list_s3_bucket_files_dag.py
[2026-02-09T07:40:09.236+0000] {logging_mixin.py:188} INFO - [2026-02-09T07:40:09.235+0000] {dag.py:3089} INFO - Sync 1 DAGs
[2026-02-09T07:40:09.255+0000] {logging_mixin.py:188} INFO - [2026-02-09T07:40:09.255+0000] {dag.py:3947} INFO - Setting next_dagrun for list_s3_bucket_files_dag to None, run_after=None
[2026-02-09T07:40:09.284+0000] {processor.py:183} INFO - Processing /home/cloud/codings/airflow/dags/list_s3_bucket_files_dag.py took 0.092 seconds
[2026-02-09T07:40:39.582+0000] {processor.py:161} INFO - Started process (PID=338272) to work on /home/cloud/codings/airflow/dags/list_s3_bucket_files_dag.py
[2026-02-09T07:40:39.587+0000] {processor.py:830} INFO - Processing file /home/cloud/codings/airflow/dags/list_s3_bucket_files_dag.py for tasks to queue
[2026-02-09T07:40:39.588+0000] {logging_mixin.py:188} INFO - [2026-02-09T07:40:39.588+0000] {dagbag.py:545} INFO - Filling up the DagBag from /home/cloud/codings/airflow/dags/list_s3_bucket_files_dag.py
[2026-02-09T07:40:39.602+0000] {processor.py:840} INFO - DAG(s) 'list_s3_bucket_files_dag' retrieved from /home/cloud/codings/airflow/dags/list_s3_bucket_files_dag.py
[2026-02-09T07:40:39.636+0000] {logging_mixin.py:188} INFO - [2026-02-09T07:40:39.635+0000] {dag.py:3089} INFO - Sync 1 DAGs
[2026-02-09T07:40:39.659+0000] {logging_mixin.py:188} INFO - [2026-02-09T07:40:39.659+0000] {dag.py:3947} INFO - Setting next_dagrun for list_s3_bucket_files_dag to None, run_after=None
[2026-02-09T07:40:39.702+0000] {processor.py:183} INFO - Processing /home/cloud/codings/airflow/dags/list_s3_bucket_files_dag.py took 0.127 seconds
[2026-02-09T07:41:10.071+0000] {processor.py:161} INFO - Started process (PID=338358) to work on /home/cloud/codings/airflow/dags/list_s3_bucket_files_dag.py
[2026-02-09T07:41:10.072+0000] {processor.py:830} INFO - Processing file /home/cloud/codings/airflow/dags/list_s3_bucket_files_dag.py for tasks to queue
[2026-02-09T07:41:10.073+0000] {logging_mixin.py:188} INFO - [2026-02-09T07:41:10.073+0000] {dagbag.py:545} INFO - Filling up the DagBag from /home/cloud/codings/airflow/dags/list_s3_bucket_files_dag.py
[2026-02-09T07:41:10.085+0000] {processor.py:840} INFO - DAG(s) 'list_s3_bucket_files_dag' retrieved from /home/cloud/codings/airflow/dags/list_s3_bucket_files_dag.py
[2026-02-09T07:41:10.108+0000] {logging_mixin.py:188} INFO - [2026-02-09T07:41:10.108+0000] {dag.py:3089} INFO - Sync 1 DAGs
[2026-02-09T07:41:10.126+0000] {logging_mixin.py:188} INFO - [2026-02-09T07:41:10.126+0000] {dag.py:3947} INFO - Setting next_dagrun for list_s3_bucket_files_dag to None, run_after=None
[2026-02-09T07:41:10.157+0000] {processor.py:183} INFO - Processing /home/cloud/codings/airflow/dags/list_s3_bucket_files_dag.py took 0.094 seconds
[2026-02-09T07:41:40.467+0000] {processor.py:161} INFO - Started process (PID=338446) to work on /home/cloud/codings/airflow/dags/list_s3_bucket_files_dag.py
[2026-02-09T07:41:40.469+0000] {processor.py:830} INFO - Processing file /home/cloud/codings/airflow/dags/list_s3_bucket_files_dag.py for tasks to queue
[2026-02-09T07:41:40.472+0000] {logging_mixin.py:188} INFO - [2026-02-09T07:41:40.471+0000] {dagbag.py:545} INFO - Filling up the DagBag from /home/cloud/codings/airflow/dags/list_s3_bucket_files_dag.py
[2026-02-09T07:41:40.488+0000] {processor.py:840} INFO - DAG(s) 'list_s3_bucket_files_dag' retrieved from /home/cloud/codings/airflow/dags/list_s3_bucket_files_dag.py
[2026-02-09T07:41:40.520+0000] {logging_mixin.py:188} INFO - [2026-02-09T07:41:40.520+0000] {dag.py:3089} INFO - Sync 1 DAGs
[2026-02-09T07:41:40.542+0000] {logging_mixin.py:188} INFO - [2026-02-09T07:41:40.542+0000] {dag.py:3947} INFO - Setting next_dagrun for list_s3_bucket_files_dag to None, run_after=None
[2026-02-09T07:41:40.588+0000] {processor.py:183} INFO - Processing /home/cloud/codings/airflow/dags/list_s3_bucket_files_dag.py took 0.131 seconds
[2026-02-09T07:42:10.969+0000] {processor.py:161} INFO - Started process (PID=338524) to work on /home/cloud/codings/airflow/dags/list_s3_bucket_files_dag.py
[2026-02-09T07:42:10.971+0000] {processor.py:830} INFO - Processing file /home/cloud/codings/airflow/dags/list_s3_bucket_files_dag.py for tasks to queue
[2026-02-09T07:42:10.972+0000] {logging_mixin.py:188} INFO - [2026-02-09T07:42:10.972+0000] {dagbag.py:545} INFO - Filling up the DagBag from /home/cloud/codings/airflow/dags/list_s3_bucket_files_dag.py
[2026-02-09T07:42:10.986+0000] {processor.py:840} INFO - DAG(s) 'list_s3_bucket_files_dag' retrieved from /home/cloud/codings/airflow/dags/list_s3_bucket_files_dag.py
[2026-02-09T07:42:11.010+0000] {logging_mixin.py:188} INFO - [2026-02-09T07:42:11.010+0000] {dag.py:3089} INFO - Sync 1 DAGs
[2026-02-09T07:42:11.028+0000] {logging_mixin.py:188} INFO - [2026-02-09T07:42:11.027+0000] {dag.py:3947} INFO - Setting next_dagrun for list_s3_bucket_files_dag to None, run_after=None
[2026-02-09T07:42:11.061+0000] {processor.py:183} INFO - Processing /home/cloud/codings/airflow/dags/list_s3_bucket_files_dag.py took 0.099 seconds
[2026-02-09T07:42:41.455+0000] {processor.py:161} INFO - Started process (PID=338612) to work on /home/cloud/codings/airflow/dags/list_s3_bucket_files_dag.py
[2026-02-09T07:42:41.456+0000] {processor.py:830} INFO - Processing file /home/cloud/codings/airflow/dags/list_s3_bucket_files_dag.py for tasks to queue
[2026-02-09T07:42:41.459+0000] {logging_mixin.py:188} INFO - [2026-02-09T07:42:41.457+0000] {dagbag.py:545} INFO - Filling up the DagBag from /home/cloud/codings/airflow/dags/list_s3_bucket_files_dag.py
[2026-02-09T07:42:41.475+0000] {processor.py:840} INFO - DAG(s) 'list_s3_bucket_files_dag' retrieved from /home/cloud/codings/airflow/dags/list_s3_bucket_files_dag.py
[2026-02-09T07:42:41.505+0000] {logging_mixin.py:188} INFO - [2026-02-09T07:42:41.505+0000] {dag.py:3089} INFO - Sync 1 DAGs
[2026-02-09T07:42:41.532+0000] {logging_mixin.py:188} INFO - [2026-02-09T07:42:41.532+0000] {dag.py:3947} INFO - Setting next_dagrun for list_s3_bucket_files_dag to None, run_after=None
[2026-02-09T07:42:41.581+0000] {processor.py:183} INFO - Processing /home/cloud/codings/airflow/dags/list_s3_bucket_files_dag.py took 0.138 seconds
[2026-02-09T07:43:11.930+0000] {processor.py:161} INFO - Started process (PID=338698) to work on /home/cloud/codings/airflow/dags/list_s3_bucket_files_dag.py
[2026-02-09T07:43:11.935+0000] {processor.py:830} INFO - Processing file /home/cloud/codings/airflow/dags/list_s3_bucket_files_dag.py for tasks to queue
[2026-02-09T07:43:11.936+0000] {logging_mixin.py:188} INFO - [2026-02-09T07:43:11.935+0000] {dagbag.py:545} INFO - Filling up the DagBag from /home/cloud/codings/airflow/dags/list_s3_bucket_files_dag.py
[2026-02-09T07:43:11.951+0000] {processor.py:840} INFO - DAG(s) 'list_s3_bucket_files_dag' retrieved from /home/cloud/codings/airflow/dags/list_s3_bucket_files_dag.py
[2026-02-09T07:43:11.980+0000] {logging_mixin.py:188} INFO - [2026-02-09T07:43:11.980+0000] {dag.py:3089} INFO - Sync 1 DAGs
[2026-02-09T07:43:12.001+0000] {logging_mixin.py:188} INFO - [2026-02-09T07:43:12.001+0000] {dag.py:3947} INFO - Setting next_dagrun for list_s3_bucket_files_dag to None, run_after=None
[2026-02-09T07:43:12.040+0000] {processor.py:183} INFO - Processing /home/cloud/codings/airflow/dags/list_s3_bucket_files_dag.py took 0.117 seconds
[2026-02-09T07:43:42.413+0000] {processor.py:161} INFO - Started process (PID=338778) to work on /home/cloud/codings/airflow/dags/list_s3_bucket_files_dag.py
[2026-02-09T07:43:42.416+0000] {processor.py:830} INFO - Processing file /home/cloud/codings/airflow/dags/list_s3_bucket_files_dag.py for tasks to queue
[2026-02-09T07:43:42.418+0000] {logging_mixin.py:188} INFO - [2026-02-09T07:43:42.417+0000] {dagbag.py:545} INFO - Filling up the DagBag from /home/cloud/codings/airflow/dags/list_s3_bucket_files_dag.py
[2026-02-09T07:43:42.440+0000] {processor.py:840} INFO - DAG(s) 'list_s3_bucket_files_dag' retrieved from /home/cloud/codings/airflow/dags/list_s3_bucket_files_dag.py
[2026-02-09T07:43:42.489+0000] {logging_mixin.py:188} INFO - [2026-02-09T07:43:42.489+0000] {dag.py:3089} INFO - Sync 1 DAGs
[2026-02-09T07:43:42.521+0000] {logging_mixin.py:188} INFO - [2026-02-09T07:43:42.520+0000] {dag.py:3947} INFO - Setting next_dagrun for list_s3_bucket_files_dag to None, run_after=None
[2026-02-09T07:43:42.577+0000] {processor.py:183} INFO - Processing /home/cloud/codings/airflow/dags/list_s3_bucket_files_dag.py took 0.172 seconds
[2026-02-09T07:44:12.909+0000] {processor.py:161} INFO - Started process (PID=338865) to work on /home/cloud/codings/airflow/dags/list_s3_bucket_files_dag.py
[2026-02-09T07:44:12.910+0000] {processor.py:830} INFO - Processing file /home/cloud/codings/airflow/dags/list_s3_bucket_files_dag.py for tasks to queue
[2026-02-09T07:44:12.911+0000] {logging_mixin.py:188} INFO - [2026-02-09T07:44:12.911+0000] {dagbag.py:545} INFO - Filling up the DagBag from /home/cloud/codings/airflow/dags/list_s3_bucket_files_dag.py
[2026-02-09T07:44:12.924+0000] {processor.py:840} INFO - DAG(s) 'list_s3_bucket_files_dag' retrieved from /home/cloud/codings/airflow/dags/list_s3_bucket_files_dag.py
[2026-02-09T07:44:12.949+0000] {logging_mixin.py:188} INFO - [2026-02-09T07:44:12.949+0000] {dag.py:3089} INFO - Sync 1 DAGs
[2026-02-09T07:44:12.969+0000] {logging_mixin.py:188} INFO - [2026-02-09T07:44:12.969+0000] {dag.py:3947} INFO - Setting next_dagrun for list_s3_bucket_files_dag to None, run_after=None
[2026-02-09T07:44:13.004+0000] {processor.py:183} INFO - Processing /home/cloud/codings/airflow/dags/list_s3_bucket_files_dag.py took 0.102 seconds
[2026-02-09T07:44:43.390+0000] {processor.py:161} INFO - Started process (PID=338953) to work on /home/cloud/codings/airflow/dags/list_s3_bucket_files_dag.py
[2026-02-09T07:44:43.396+0000] {processor.py:830} INFO - Processing file /home/cloud/codings/airflow/dags/list_s3_bucket_files_dag.py for tasks to queue
[2026-02-09T07:44:43.397+0000] {logging_mixin.py:188} INFO - [2026-02-09T07:44:43.396+0000] {dagbag.py:545} INFO - Filling up the DagBag from /home/cloud/codings/airflow/dags/list_s3_bucket_files_dag.py
[2026-02-09T07:44:43.410+0000] {processor.py:840} INFO - DAG(s) 'list_s3_bucket_files_dag' retrieved from /home/cloud/codings/airflow/dags/list_s3_bucket_files_dag.py
[2026-02-09T07:44:43.437+0000] {logging_mixin.py:188} INFO - [2026-02-09T07:44:43.437+0000] {dag.py:3089} INFO - Sync 1 DAGs
[2026-02-09T07:44:43.457+0000] {logging_mixin.py:188} INFO - [2026-02-09T07:44:43.456+0000] {dag.py:3947} INFO - Setting next_dagrun for list_s3_bucket_files_dag to None, run_after=None
[2026-02-09T07:44:43.493+0000] {processor.py:183} INFO - Processing /home/cloud/codings/airflow/dags/list_s3_bucket_files_dag.py took 0.110 seconds
[2026-02-09T07:45:13.873+0000] {processor.py:161} INFO - Started process (PID=339031) to work on /home/cloud/codings/airflow/dags/list_s3_bucket_files_dag.py
[2026-02-09T07:45:13.874+0000] {processor.py:830} INFO - Processing file /home/cloud/codings/airflow/dags/list_s3_bucket_files_dag.py for tasks to queue
[2026-02-09T07:45:13.875+0000] {logging_mixin.py:188} INFO - [2026-02-09T07:45:13.875+0000] {dagbag.py:545} INFO - Filling up the DagBag from /home/cloud/codings/airflow/dags/list_s3_bucket_files_dag.py
[2026-02-09T07:45:13.888+0000] {processor.py:840} INFO - DAG(s) 'list_s3_bucket_files_dag' retrieved from /home/cloud/codings/airflow/dags/list_s3_bucket_files_dag.py
[2026-02-09T07:45:13.912+0000] {logging_mixin.py:188} INFO - [2026-02-09T07:45:13.911+0000] {dag.py:3089} INFO - Sync 1 DAGs
[2026-02-09T07:45:13.930+0000] {logging_mixin.py:188} INFO - [2026-02-09T07:45:13.930+0000] {dag.py:3947} INFO - Setting next_dagrun for list_s3_bucket_files_dag to None, run_after=None
[2026-02-09T07:45:13.962+0000] {processor.py:183} INFO - Processing /home/cloud/codings/airflow/dags/list_s3_bucket_files_dag.py took 0.095 seconds
[2026-02-09T07:45:44.269+0000] {processor.py:161} INFO - Started process (PID=339117) to work on /home/cloud/codings/airflow/dags/list_s3_bucket_files_dag.py
[2026-02-09T07:45:44.271+0000] {processor.py:830} INFO - Processing file /home/cloud/codings/airflow/dags/list_s3_bucket_files_dag.py for tasks to queue
[2026-02-09T07:45:44.272+0000] {logging_mixin.py:188} INFO - [2026-02-09T07:45:44.272+0000] {dagbag.py:545} INFO - Filling up the DagBag from /home/cloud/codings/airflow/dags/list_s3_bucket_files_dag.py
[2026-02-09T07:45:44.285+0000] {processor.py:840} INFO - DAG(s) 'list_s3_bucket_files_dag' retrieved from /home/cloud/codings/airflow/dags/list_s3_bucket_files_dag.py
[2026-02-09T07:45:44.310+0000] {logging_mixin.py:188} INFO - [2026-02-09T07:45:44.310+0000] {dag.py:3089} INFO - Sync 1 DAGs
[2026-02-09T07:45:44.326+0000] {logging_mixin.py:188} INFO - [2026-02-09T07:45:44.325+0000] {dag.py:3947} INFO - Setting next_dagrun for list_s3_bucket_files_dag to None, run_after=None
[2026-02-09T07:45:44.358+0000] {processor.py:183} INFO - Processing /home/cloud/codings/airflow/dags/list_s3_bucket_files_dag.py took 0.100 seconds
[2026-02-09T07:46:14.757+0000] {processor.py:161} INFO - Started process (PID=339201) to work on /home/cloud/codings/airflow/dags/list_s3_bucket_files_dag.py
[2026-02-09T07:46:14.759+0000] {processor.py:830} INFO - Processing file /home/cloud/codings/airflow/dags/list_s3_bucket_files_dag.py for tasks to queue
[2026-02-09T07:46:14.760+0000] {logging_mixin.py:188} INFO - [2026-02-09T07:46:14.760+0000] {dagbag.py:545} INFO - Filling up the DagBag from /home/cloud/codings/airflow/dags/list_s3_bucket_files_dag.py
[2026-02-09T07:46:14.777+0000] {processor.py:840} INFO - DAG(s) 'list_s3_bucket_files_dag' retrieved from /home/cloud/codings/airflow/dags/list_s3_bucket_files_dag.py
[2026-02-09T07:46:14.802+0000] {logging_mixin.py:188} INFO - [2026-02-09T07:46:14.802+0000] {dag.py:3089} INFO - Sync 1 DAGs
[2026-02-09T07:46:14.822+0000] {logging_mixin.py:188} INFO - [2026-02-09T07:46:14.822+0000] {dag.py:3947} INFO - Setting next_dagrun for list_s3_bucket_files_dag to None, run_after=None
[2026-02-09T07:46:14.854+0000] {processor.py:183} INFO - Processing /home/cloud/codings/airflow/dags/list_s3_bucket_files_dag.py took 0.107 seconds
[2026-02-09T07:46:45.236+0000] {processor.py:161} INFO - Started process (PID=339283) to work on /home/cloud/codings/airflow/dags/list_s3_bucket_files_dag.py
[2026-02-09T07:46:45.238+0000] {processor.py:830} INFO - Processing file /home/cloud/codings/airflow/dags/list_s3_bucket_files_dag.py for tasks to queue
[2026-02-09T07:46:45.239+0000] {logging_mixin.py:188} INFO - [2026-02-09T07:46:45.238+0000] {dagbag.py:545} INFO - Filling up the DagBag from /home/cloud/codings/airflow/dags/list_s3_bucket_files_dag.py
[2026-02-09T07:46:45.250+0000] {processor.py:840} INFO - DAG(s) 'list_s3_bucket_files_dag' retrieved from /home/cloud/codings/airflow/dags/list_s3_bucket_files_dag.py
[2026-02-09T07:46:45.273+0000] {logging_mixin.py:188} INFO - [2026-02-09T07:46:45.273+0000] {dag.py:3089} INFO - Sync 1 DAGs
[2026-02-09T07:46:45.289+0000] {logging_mixin.py:188} INFO - [2026-02-09T07:46:45.288+0000] {dag.py:3947} INFO - Setting next_dagrun for list_s3_bucket_files_dag to None, run_after=None
[2026-02-09T07:46:45.320+0000] {processor.py:183} INFO - Processing /home/cloud/codings/airflow/dags/list_s3_bucket_files_dag.py took 0.091 seconds
[2026-02-09T07:47:15.646+0000] {processor.py:161} INFO - Started process (PID=339369) to work on /home/cloud/codings/airflow/dags/list_s3_bucket_files_dag.py
[2026-02-09T07:47:15.648+0000] {processor.py:830} INFO - Processing file /home/cloud/codings/airflow/dags/list_s3_bucket_files_dag.py for tasks to queue
[2026-02-09T07:47:15.650+0000] {logging_mixin.py:188} INFO - [2026-02-09T07:47:15.649+0000] {dagbag.py:545} INFO - Filling up the DagBag from /home/cloud/codings/airflow/dags/list_s3_bucket_files_dag.py
[2026-02-09T07:47:15.673+0000] {processor.py:840} INFO - DAG(s) 'list_s3_bucket_files_dag' retrieved from /home/cloud/codings/airflow/dags/list_s3_bucket_files_dag.py
[2026-02-09T07:47:15.708+0000] {logging_mixin.py:188} INFO - [2026-02-09T07:47:15.707+0000] {dag.py:3089} INFO - Sync 1 DAGs
[2026-02-09T07:47:15.737+0000] {logging_mixin.py:188} INFO - [2026-02-09T07:47:15.736+0000] {dag.py:3947} INFO - Setting next_dagrun for list_s3_bucket_files_dag to None, run_after=None
[2026-02-09T07:47:15.793+0000] {processor.py:183} INFO - Processing /home/cloud/codings/airflow/dags/list_s3_bucket_files_dag.py took 0.160 seconds
[2026-02-09T07:47:46.169+0000] {processor.py:161} INFO - Started process (PID=339455) to work on /home/cloud/codings/airflow/dags/list_s3_bucket_files_dag.py
[2026-02-09T07:47:46.175+0000] {processor.py:830} INFO - Processing file /home/cloud/codings/airflow/dags/list_s3_bucket_files_dag.py for tasks to queue
[2026-02-09T07:47:46.176+0000] {logging_mixin.py:188} INFO - [2026-02-09T07:47:46.175+0000] {dagbag.py:545} INFO - Filling up the DagBag from /home/cloud/codings/airflow/dags/list_s3_bucket_files_dag.py
[2026-02-09T07:47:46.188+0000] {processor.py:840} INFO - DAG(s) 'list_s3_bucket_files_dag' retrieved from /home/cloud/codings/airflow/dags/list_s3_bucket_files_dag.py
[2026-02-09T07:47:46.213+0000] {logging_mixin.py:188} INFO - [2026-02-09T07:47:46.213+0000] {dag.py:3089} INFO - Sync 1 DAGs
[2026-02-09T07:47:46.229+0000] {logging_mixin.py:188} INFO - [2026-02-09T07:47:46.229+0000] {dag.py:3947} INFO - Setting next_dagrun for list_s3_bucket_files_dag to None, run_after=None
[2026-02-09T07:47:46.259+0000] {processor.py:183} INFO - Processing /home/cloud/codings/airflow/dags/list_s3_bucket_files_dag.py took 0.097 seconds
[2026-02-09T07:48:16.553+0000] {processor.py:161} INFO - Started process (PID=339535) to work on /home/cloud/codings/airflow/dags/list_s3_bucket_files_dag.py
[2026-02-09T07:48:16.554+0000] {processor.py:830} INFO - Processing file /home/cloud/codings/airflow/dags/list_s3_bucket_files_dag.py for tasks to queue
[2026-02-09T07:48:16.555+0000] {logging_mixin.py:188} INFO - [2026-02-09T07:48:16.554+0000] {dagbag.py:545} INFO - Filling up the DagBag from /home/cloud/codings/airflow/dags/list_s3_bucket_files_dag.py
[2026-02-09T07:48:16.565+0000] {processor.py:840} INFO - DAG(s) 'list_s3_bucket_files_dag' retrieved from /home/cloud/codings/airflow/dags/list_s3_bucket_files_dag.py
[2026-02-09T07:48:16.586+0000] {logging_mixin.py:188} INFO - [2026-02-09T07:48:16.586+0000] {dag.py:3089} INFO - Sync 1 DAGs
[2026-02-09T07:48:16.600+0000] {logging_mixin.py:188} INFO - [2026-02-09T07:48:16.600+0000] {dag.py:3947} INFO - Setting next_dagrun for list_s3_bucket_files_dag to None, run_after=None
[2026-02-09T07:48:16.626+0000] {processor.py:183} INFO - Processing /home/cloud/codings/airflow/dags/list_s3_bucket_files_dag.py took 0.080 seconds
[2026-02-09T07:48:46.939+0000] {processor.py:161} INFO - Started process (PID=339621) to work on /home/cloud/codings/airflow/dags/list_s3_bucket_files_dag.py
[2026-02-09T07:48:46.942+0000] {processor.py:830} INFO - Processing file /home/cloud/codings/airflow/dags/list_s3_bucket_files_dag.py for tasks to queue
[2026-02-09T07:48:46.943+0000] {logging_mixin.py:188} INFO - [2026-02-09T07:48:46.943+0000] {dagbag.py:545} INFO - Filling up the DagBag from /home/cloud/codings/airflow/dags/list_s3_bucket_files_dag.py
[2026-02-09T07:48:46.961+0000] {processor.py:840} INFO - DAG(s) 'list_s3_bucket_files_dag' retrieved from /home/cloud/codings/airflow/dags/list_s3_bucket_files_dag.py
[2026-02-09T07:48:46.993+0000] {logging_mixin.py:188} INFO - [2026-02-09T07:48:46.992+0000] {dag.py:3089} INFO - Sync 1 DAGs
[2026-02-09T07:48:47.018+0000] {logging_mixin.py:188} INFO - [2026-02-09T07:48:47.018+0000] {dag.py:3947} INFO - Setting next_dagrun for list_s3_bucket_files_dag to None, run_after=None
[2026-02-09T07:48:47.059+0000] {processor.py:183} INFO - Processing /home/cloud/codings/airflow/dags/list_s3_bucket_files_dag.py took 0.130 seconds
[2026-02-09T07:49:17.230+0000] {processor.py:161} INFO - Started process (PID=339708) to work on /home/cloud/codings/airflow/dags/list_s3_bucket_files_dag.py
[2026-02-09T07:49:17.231+0000] {processor.py:830} INFO - Processing file /home/cloud/codings/airflow/dags/list_s3_bucket_files_dag.py for tasks to queue
[2026-02-09T07:49:17.232+0000] {logging_mixin.py:188} INFO - [2026-02-09T07:49:17.231+0000] {dagbag.py:545} INFO - Filling up the DagBag from /home/cloud/codings/airflow/dags/list_s3_bucket_files_dag.py
[2026-02-09T07:49:17.246+0000] {processor.py:840} INFO - DAG(s) 'list_s3_bucket_files_dag' retrieved from /home/cloud/codings/airflow/dags/list_s3_bucket_files_dag.py
[2026-02-09T07:49:17.272+0000] {logging_mixin.py:188} INFO - [2026-02-09T07:49:17.272+0000] {dag.py:3089} INFO - Sync 1 DAGs
[2026-02-09T07:49:17.292+0000] {logging_mixin.py:188} INFO - [2026-02-09T07:49:17.291+0000] {dag.py:3947} INFO - Setting next_dagrun for list_s3_bucket_files_dag to None, run_after=None
[2026-02-09T07:49:17.326+0000] {processor.py:183} INFO - Processing /home/cloud/codings/airflow/dags/list_s3_bucket_files_dag.py took 0.105 seconds
[2026-02-09T07:49:47.516+0000] {processor.py:161} INFO - Started process (PID=339788) to work on /home/cloud/codings/airflow/dags/list_s3_bucket_files_dag.py
[2026-02-09T07:49:47.518+0000] {processor.py:830} INFO - Processing file /home/cloud/codings/airflow/dags/list_s3_bucket_files_dag.py for tasks to queue
[2026-02-09T07:49:47.520+0000] {logging_mixin.py:188} INFO - [2026-02-09T07:49:47.519+0000] {dagbag.py:545} INFO - Filling up the DagBag from /home/cloud/codings/airflow/dags/list_s3_bucket_files_dag.py
[2026-02-09T07:49:47.537+0000] {processor.py:840} INFO - DAG(s) 'list_s3_bucket_files_dag' retrieved from /home/cloud/codings/airflow/dags/list_s3_bucket_files_dag.py
[2026-02-09T07:49:47.567+0000] {logging_mixin.py:188} INFO - [2026-02-09T07:49:47.567+0000] {dag.py:3089} INFO - Sync 1 DAGs
[2026-02-09T07:49:47.591+0000] {logging_mixin.py:188} INFO - [2026-02-09T07:49:47.591+0000] {dag.py:3947} INFO - Setting next_dagrun for list_s3_bucket_files_dag to None, run_after=None
[2026-02-09T07:49:47.638+0000] {processor.py:183} INFO - Processing /home/cloud/codings/airflow/dags/list_s3_bucket_files_dag.py took 0.132 seconds
[2026-02-09T07:50:17.930+0000] {processor.py:161} INFO - Started process (PID=339877) to work on /home/cloud/codings/airflow/dags/list_s3_bucket_files_dag.py
[2026-02-09T07:50:17.936+0000] {processor.py:830} INFO - Processing file /home/cloud/codings/airflow/dags/list_s3_bucket_files_dag.py for tasks to queue
[2026-02-09T07:50:17.938+0000] {logging_mixin.py:188} INFO - [2026-02-09T07:50:17.937+0000] {dagbag.py:545} INFO - Filling up the DagBag from /home/cloud/codings/airflow/dags/list_s3_bucket_files_dag.py
[2026-02-09T07:50:17.957+0000] {processor.py:840} INFO - DAG(s) 'list_s3_bucket_files_dag' retrieved from /home/cloud/codings/airflow/dags/list_s3_bucket_files_dag.py
[2026-02-09T07:50:17.990+0000] {logging_mixin.py:188} INFO - [2026-02-09T07:50:17.990+0000] {dag.py:3089} INFO - Sync 1 DAGs
[2026-02-09T07:50:18.011+0000] {logging_mixin.py:188} INFO - [2026-02-09T07:50:18.010+0000] {dag.py:3947} INFO - Setting next_dagrun for list_s3_bucket_files_dag to None, run_after=None
[2026-02-09T07:50:18.050+0000] {processor.py:183} INFO - Processing /home/cloud/codings/airflow/dags/list_s3_bucket_files_dag.py took 0.131 seconds
[2026-02-09T07:50:48.229+0000] {processor.py:161} INFO - Started process (PID=339963) to work on /home/cloud/codings/airflow/dags/list_s3_bucket_files_dag.py
[2026-02-09T07:50:48.230+0000] {processor.py:830} INFO - Processing file /home/cloud/codings/airflow/dags/list_s3_bucket_files_dag.py for tasks to queue
[2026-02-09T07:50:48.231+0000] {logging_mixin.py:188} INFO - [2026-02-09T07:50:48.231+0000] {dagbag.py:545} INFO - Filling up the DagBag from /home/cloud/codings/airflow/dags/list_s3_bucket_files_dag.py
[2026-02-09T07:50:48.243+0000] {processor.py:840} INFO - DAG(s) 'list_s3_bucket_files_dag' retrieved from /home/cloud/codings/airflow/dags/list_s3_bucket_files_dag.py
[2026-02-09T07:50:48.267+0000] {logging_mixin.py:188} INFO - [2026-02-09T07:50:48.267+0000] {dag.py:3089} INFO - Sync 1 DAGs
[2026-02-09T07:50:48.287+0000] {logging_mixin.py:188} INFO - [2026-02-09T07:50:48.287+0000] {dag.py:3947} INFO - Setting next_dagrun for list_s3_bucket_files_dag to None, run_after=None
[2026-02-09T07:50:48.321+0000] {processor.py:183} INFO - Processing /home/cloud/codings/airflow/dags/list_s3_bucket_files_dag.py took 0.099 seconds
[2026-02-09T07:51:18.719+0000] {processor.py:161} INFO - Started process (PID=340043) to work on /home/cloud/codings/airflow/dags/list_s3_bucket_files_dag.py
[2026-02-09T07:51:18.722+0000] {processor.py:830} INFO - Processing file /home/cloud/codings/airflow/dags/list_s3_bucket_files_dag.py for tasks to queue
[2026-02-09T07:51:18.724+0000] {logging_mixin.py:188} INFO - [2026-02-09T07:51:18.723+0000] {dagbag.py:545} INFO - Filling up the DagBag from /home/cloud/codings/airflow/dags/list_s3_bucket_files_dag.py
[2026-02-09T07:51:18.744+0000] {processor.py:840} INFO - DAG(s) 'list_s3_bucket_files_dag' retrieved from /home/cloud/codings/airflow/dags/list_s3_bucket_files_dag.py
[2026-02-09T07:51:18.779+0000] {logging_mixin.py:188} INFO - [2026-02-09T07:51:18.779+0000] {dag.py:3089} INFO - Sync 1 DAGs
[2026-02-09T07:51:18.804+0000] {logging_mixin.py:188} INFO - [2026-02-09T07:51:18.803+0000] {dag.py:3947} INFO - Setting next_dagrun for list_s3_bucket_files_dag to None, run_after=None
[2026-02-09T07:51:18.841+0000] {processor.py:183} INFO - Processing /home/cloud/codings/airflow/dags/list_s3_bucket_files_dag.py took 0.135 seconds
[2026-02-09T07:51:49.087+0000] {processor.py:161} INFO - Started process (PID=340129) to work on /home/cloud/codings/airflow/dags/list_s3_bucket_files_dag.py
[2026-02-09T07:51:49.089+0000] {processor.py:830} INFO - Processing file /home/cloud/codings/airflow/dags/list_s3_bucket_files_dag.py for tasks to queue
[2026-02-09T07:51:49.090+0000] {logging_mixin.py:188} INFO - [2026-02-09T07:51:49.090+0000] {dagbag.py:545} INFO - Filling up the DagBag from /home/cloud/codings/airflow/dags/list_s3_bucket_files_dag.py
[2026-02-09T07:51:49.105+0000] {processor.py:840} INFO - DAG(s) 'list_s3_bucket_files_dag' retrieved from /home/cloud/codings/airflow/dags/list_s3_bucket_files_dag.py
[2026-02-09T07:51:49.135+0000] {logging_mixin.py:188} INFO - [2026-02-09T07:51:49.135+0000] {dag.py:3089} INFO - Sync 1 DAGs
[2026-02-09T07:51:49.156+0000] {logging_mixin.py:188} INFO - [2026-02-09T07:51:49.156+0000] {dag.py:3947} INFO - Setting next_dagrun for list_s3_bucket_files_dag to None, run_after=None
[2026-02-09T07:51:49.187+0000] {processor.py:183} INFO - Processing /home/cloud/codings/airflow/dags/list_s3_bucket_files_dag.py took 0.108 seconds
[2026-02-09T07:52:19.577+0000] {processor.py:161} INFO - Started process (PID=340215) to work on /home/cloud/codings/airflow/dags/list_s3_bucket_files_dag.py
[2026-02-09T07:52:19.579+0000] {processor.py:830} INFO - Processing file /home/cloud/codings/airflow/dags/list_s3_bucket_files_dag.py for tasks to queue
[2026-02-09T07:52:19.580+0000] {logging_mixin.py:188} INFO - [2026-02-09T07:52:19.579+0000] {dagbag.py:545} INFO - Filling up the DagBag from /home/cloud/codings/airflow/dags/list_s3_bucket_files_dag.py
[2026-02-09T07:52:19.600+0000] {processor.py:840} INFO - DAG(s) 'list_s3_bucket_files_dag' retrieved from /home/cloud/codings/airflow/dags/list_s3_bucket_files_dag.py
[2026-02-09T07:52:19.641+0000] {logging_mixin.py:188} INFO - [2026-02-09T07:52:19.641+0000] {dag.py:3089} INFO - Sync 1 DAGs
[2026-02-09T07:52:19.668+0000] {logging_mixin.py:188} INFO - [2026-02-09T07:52:19.668+0000] {dag.py:3947} INFO - Setting next_dagrun for list_s3_bucket_files_dag to None, run_after=None
[2026-02-09T07:52:19.709+0000] {processor.py:183} INFO - Processing /home/cloud/codings/airflow/dags/list_s3_bucket_files_dag.py took 0.144 seconds
[2026-02-09T07:52:50.069+0000] {processor.py:161} INFO - Started process (PID=340295) to work on /home/cloud/codings/airflow/dags/list_s3_bucket_files_dag.py
[2026-02-09T07:52:50.072+0000] {processor.py:830} INFO - Processing file /home/cloud/codings/airflow/dags/list_s3_bucket_files_dag.py for tasks to queue
[2026-02-09T07:52:50.074+0000] {logging_mixin.py:188} INFO - [2026-02-09T07:52:50.073+0000] {dagbag.py:545} INFO - Filling up the DagBag from /home/cloud/codings/airflow/dags/list_s3_bucket_files_dag.py
[2026-02-09T07:52:50.091+0000] {processor.py:840} INFO - DAG(s) 'list_s3_bucket_files_dag' retrieved from /home/cloud/codings/airflow/dags/list_s3_bucket_files_dag.py
[2026-02-09T07:52:50.137+0000] {logging_mixin.py:188} INFO - [2026-02-09T07:52:50.136+0000] {dag.py:3089} INFO - Sync 1 DAGs
[2026-02-09T07:52:50.183+0000] {logging_mixin.py:188} INFO - [2026-02-09T07:52:50.182+0000] {dag.py:3947} INFO - Setting next_dagrun for list_s3_bucket_files_dag to None, run_after=None
[2026-02-09T07:52:50.222+0000] {processor.py:183} INFO - Processing /home/cloud/codings/airflow/dags/list_s3_bucket_files_dag.py took 0.165 seconds
[2026-02-09T07:53:20.570+0000] {processor.py:161} INFO - Started process (PID=340381) to work on /home/cloud/codings/airflow/dags/list_s3_bucket_files_dag.py
[2026-02-09T07:53:20.572+0000] {processor.py:830} INFO - Processing file /home/cloud/codings/airflow/dags/list_s3_bucket_files_dag.py for tasks to queue
[2026-02-09T07:53:20.573+0000] {logging_mixin.py:188} INFO - [2026-02-09T07:53:20.573+0000] {dagbag.py:545} INFO - Filling up the DagBag from /home/cloud/codings/airflow/dags/list_s3_bucket_files_dag.py
[2026-02-09T07:53:20.588+0000] {processor.py:840} INFO - DAG(s) 'list_s3_bucket_files_dag' retrieved from /home/cloud/codings/airflow/dags/list_s3_bucket_files_dag.py
[2026-02-09T07:53:20.619+0000] {logging_mixin.py:188} INFO - [2026-02-09T07:53:20.619+0000] {dag.py:3089} INFO - Sync 1 DAGs
[2026-02-09T07:53:20.641+0000] {logging_mixin.py:188} INFO - [2026-02-09T07:53:20.640+0000] {dag.py:3947} INFO - Setting next_dagrun for list_s3_bucket_files_dag to None, run_after=None
[2026-02-09T07:53:20.679+0000] {processor.py:183} INFO - Processing /home/cloud/codings/airflow/dags/list_s3_bucket_files_dag.py took 0.117 seconds
[2026-02-09T07:53:51.062+0000] {processor.py:161} INFO - Started process (PID=340461) to work on /home/cloud/codings/airflow/dags/list_s3_bucket_files_dag.py
[2026-02-09T07:53:51.063+0000] {processor.py:830} INFO - Processing file /home/cloud/codings/airflow/dags/list_s3_bucket_files_dag.py for tasks to queue
[2026-02-09T07:53:51.064+0000] {logging_mixin.py:188} INFO - [2026-02-09T07:53:51.064+0000] {dagbag.py:545} INFO - Filling up the DagBag from /home/cloud/codings/airflow/dags/list_s3_bucket_files_dag.py
[2026-02-09T07:53:51.079+0000] {processor.py:840} INFO - DAG(s) 'list_s3_bucket_files_dag' retrieved from /home/cloud/codings/airflow/dags/list_s3_bucket_files_dag.py
[2026-02-09T07:53:51.119+0000] {logging_mixin.py:188} INFO - [2026-02-09T07:53:51.118+0000] {dag.py:3089} INFO - Sync 1 DAGs
[2026-02-09T07:53:51.146+0000] {logging_mixin.py:188} INFO - [2026-02-09T07:53:51.145+0000] {dag.py:3947} INFO - Setting next_dagrun for list_s3_bucket_files_dag to None, run_after=None
[2026-02-09T07:53:51.189+0000] {processor.py:183} INFO - Processing /home/cloud/codings/airflow/dags/list_s3_bucket_files_dag.py took 0.135 seconds
[2026-02-09T07:54:21.555+0000] {processor.py:161} INFO - Started process (PID=340548) to work on /home/cloud/codings/airflow/dags/list_s3_bucket_files_dag.py
[2026-02-09T07:54:21.557+0000] {processor.py:830} INFO - Processing file /home/cloud/codings/airflow/dags/list_s3_bucket_files_dag.py for tasks to queue
[2026-02-09T07:54:21.559+0000] {logging_mixin.py:188} INFO - [2026-02-09T07:54:21.558+0000] {dagbag.py:545} INFO - Filling up the DagBag from /home/cloud/codings/airflow/dags/list_s3_bucket_files_dag.py
[2026-02-09T07:54:21.577+0000] {processor.py:840} INFO - DAG(s) 'list_s3_bucket_files_dag' retrieved from /home/cloud/codings/airflow/dags/list_s3_bucket_files_dag.py
[2026-02-09T07:54:21.609+0000] {logging_mixin.py:188} INFO - [2026-02-09T07:54:21.609+0000] {dag.py:3089} INFO - Sync 1 DAGs
[2026-02-09T07:54:21.638+0000] {logging_mixin.py:188} INFO - [2026-02-09T07:54:21.638+0000] {dag.py:3947} INFO - Setting next_dagrun for list_s3_bucket_files_dag to None, run_after=None
[2026-02-09T07:54:21.679+0000] {processor.py:183} INFO - Processing /home/cloud/codings/airflow/dags/list_s3_bucket_files_dag.py took 0.133 seconds
[2026-02-09T07:54:52.055+0000] {processor.py:161} INFO - Started process (PID=340634) to work on /home/cloud/codings/airflow/dags/list_s3_bucket_files_dag.py
[2026-02-09T07:54:52.060+0000] {processor.py:830} INFO - Processing file /home/cloud/codings/airflow/dags/list_s3_bucket_files_dag.py for tasks to queue
[2026-02-09T07:54:52.062+0000] {logging_mixin.py:188} INFO - [2026-02-09T07:54:52.061+0000] {dagbag.py:545} INFO - Filling up the DagBag from /home/cloud/codings/airflow/dags/list_s3_bucket_files_dag.py
[2026-02-09T07:54:52.077+0000] {processor.py:840} INFO - DAG(s) 'list_s3_bucket_files_dag' retrieved from /home/cloud/codings/airflow/dags/list_s3_bucket_files_dag.py
[2026-02-09T07:54:52.107+0000] {logging_mixin.py:188} INFO - [2026-02-09T07:54:52.106+0000] {dag.py:3089} INFO - Sync 1 DAGs
[2026-02-09T07:54:52.143+0000] {logging_mixin.py:188} INFO - [2026-02-09T07:54:52.142+0000] {dag.py:3947} INFO - Setting next_dagrun for list_s3_bucket_files_dag to None, run_after=None
[2026-02-09T07:54:52.363+0000] {processor.py:183} INFO - Processing /home/cloud/codings/airflow/dags/list_s3_bucket_files_dag.py took 0.316 seconds
[2026-02-09T07:55:22.774+0000] {processor.py:161} INFO - Started process (PID=340714) to work on /home/cloud/codings/airflow/dags/list_s3_bucket_files_dag.py
[2026-02-09T07:55:22.776+0000] {processor.py:830} INFO - Processing file /home/cloud/codings/airflow/dags/list_s3_bucket_files_dag.py for tasks to queue
[2026-02-09T07:55:22.777+0000] {logging_mixin.py:188} INFO - [2026-02-09T07:55:22.776+0000] {dagbag.py:545} INFO - Filling up the DagBag from /home/cloud/codings/airflow/dags/list_s3_bucket_files_dag.py
[2026-02-09T07:55:22.789+0000] {processor.py:840} INFO - DAG(s) 'list_s3_bucket_files_dag' retrieved from /home/cloud/codings/airflow/dags/list_s3_bucket_files_dag.py
[2026-02-09T07:55:22.817+0000] {logging_mixin.py:188} INFO - [2026-02-09T07:55:22.817+0000] {dag.py:3089} INFO - Sync 1 DAGs
[2026-02-09T07:55:22.835+0000] {logging_mixin.py:188} INFO - [2026-02-09T07:55:22.834+0000] {dag.py:3947} INFO - Setting next_dagrun for list_s3_bucket_files_dag to None, run_after=None
[2026-02-09T07:55:22.864+0000] {processor.py:183} INFO - Processing /home/cloud/codings/airflow/dags/list_s3_bucket_files_dag.py took 0.097 seconds
[2026-02-09T07:55:53.256+0000] {processor.py:161} INFO - Started process (PID=340800) to work on /home/cloud/codings/airflow/dags/list_s3_bucket_files_dag.py
[2026-02-09T07:55:53.258+0000] {processor.py:830} INFO - Processing file /home/cloud/codings/airflow/dags/list_s3_bucket_files_dag.py for tasks to queue
[2026-02-09T07:55:53.259+0000] {logging_mixin.py:188} INFO - [2026-02-09T07:55:53.259+0000] {dagbag.py:545} INFO - Filling up the DagBag from /home/cloud/codings/airflow/dags/list_s3_bucket_files_dag.py
[2026-02-09T07:55:53.272+0000] {processor.py:840} INFO - DAG(s) 'list_s3_bucket_files_dag' retrieved from /home/cloud/codings/airflow/dags/list_s3_bucket_files_dag.py
[2026-02-09T07:55:53.302+0000] {logging_mixin.py:188} INFO - [2026-02-09T07:55:53.302+0000] {dag.py:3089} INFO - Sync 1 DAGs
[2026-02-09T07:55:53.322+0000] {logging_mixin.py:188} INFO - [2026-02-09T07:55:53.322+0000] {dag.py:3947} INFO - Setting next_dagrun for list_s3_bucket_files_dag to None, run_after=None
[2026-02-09T07:55:53.355+0000] {processor.py:183} INFO - Processing /home/cloud/codings/airflow/dags/list_s3_bucket_files_dag.py took 0.107 seconds
[2026-02-09T07:56:23.665+0000] {processor.py:161} INFO - Started process (PID=340884) to work on /home/cloud/codings/airflow/dags/list_s3_bucket_files_dag.py
[2026-02-09T07:56:23.670+0000] {processor.py:830} INFO - Processing file /home/cloud/codings/airflow/dags/list_s3_bucket_files_dag.py for tasks to queue
[2026-02-09T07:56:23.671+0000] {logging_mixin.py:188} INFO - [2026-02-09T07:56:23.670+0000] {dagbag.py:545} INFO - Filling up the DagBag from /home/cloud/codings/airflow/dags/list_s3_bucket_files_dag.py
[2026-02-09T07:56:23.688+0000] {processor.py:840} INFO - DAG(s) 'list_s3_bucket_files_dag' retrieved from /home/cloud/codings/airflow/dags/list_s3_bucket_files_dag.py
[2026-02-09T07:56:23.724+0000] {logging_mixin.py:188} INFO - [2026-02-09T07:56:23.724+0000] {dag.py:3089} INFO - Sync 1 DAGs
[2026-02-09T07:56:23.747+0000] {logging_mixin.py:188} INFO - [2026-02-09T07:56:23.747+0000] {dag.py:3947} INFO - Setting next_dagrun for list_s3_bucket_files_dag to None, run_after=None
[2026-02-09T07:56:23.791+0000] {processor.py:183} INFO - Processing /home/cloud/codings/airflow/dags/list_s3_bucket_files_dag.py took 0.134 seconds
[2026-02-09T07:56:54.170+0000] {processor.py:161} INFO - Started process (PID=340966) to work on /home/cloud/codings/airflow/dags/list_s3_bucket_files_dag.py
[2026-02-09T07:56:54.172+0000] {processor.py:830} INFO - Processing file /home/cloud/codings/airflow/dags/list_s3_bucket_files_dag.py for tasks to queue
[2026-02-09T07:56:54.173+0000] {logging_mixin.py:188} INFO - [2026-02-09T07:56:54.172+0000] {dagbag.py:545} INFO - Filling up the DagBag from /home/cloud/codings/airflow/dags/list_s3_bucket_files_dag.py
[2026-02-09T07:56:54.186+0000] {processor.py:840} INFO - DAG(s) 'list_s3_bucket_files_dag' retrieved from /home/cloud/codings/airflow/dags/list_s3_bucket_files_dag.py
[2026-02-09T07:56:54.213+0000] {logging_mixin.py:188} INFO - [2026-02-09T07:56:54.212+0000] {dag.py:3089} INFO - Sync 1 DAGs
[2026-02-09T07:56:54.232+0000] {logging_mixin.py:188} INFO - [2026-02-09T07:56:54.232+0000] {dag.py:3947} INFO - Setting next_dagrun for list_s3_bucket_files_dag to None, run_after=None
[2026-02-09T07:56:54.262+0000] {processor.py:183} INFO - Processing /home/cloud/codings/airflow/dags/list_s3_bucket_files_dag.py took 0.100 seconds
[2026-02-09T07:57:24.653+0000] {processor.py:161} INFO - Started process (PID=341050) to work on /home/cloud/codings/airflow/dags/list_s3_bucket_files_dag.py
[2026-02-09T07:57:24.655+0000] {processor.py:830} INFO - Processing file /home/cloud/codings/airflow/dags/list_s3_bucket_files_dag.py for tasks to queue
[2026-02-09T07:57:24.656+0000] {logging_mixin.py:188} INFO - [2026-02-09T07:57:24.655+0000] {dagbag.py:545} INFO - Filling up the DagBag from /home/cloud/codings/airflow/dags/list_s3_bucket_files_dag.py
[2026-02-09T07:57:24.667+0000] {processor.py:840} INFO - DAG(s) 'list_s3_bucket_files_dag' retrieved from /home/cloud/codings/airflow/dags/list_s3_bucket_files_dag.py
[2026-02-09T07:57:24.691+0000] {logging_mixin.py:188} INFO - [2026-02-09T07:57:24.690+0000] {dag.py:3089} INFO - Sync 1 DAGs
[2026-02-09T07:57:24.708+0000] {logging_mixin.py:188} INFO - [2026-02-09T07:57:24.708+0000] {dag.py:3947} INFO - Setting next_dagrun for list_s3_bucket_files_dag to None, run_after=None
[2026-02-09T07:57:24.739+0000] {processor.py:183} INFO - Processing /home/cloud/codings/airflow/dags/list_s3_bucket_files_dag.py took 0.094 seconds
[2026-02-09T07:57:55.052+0000] {processor.py:161} INFO - Started process (PID=341138) to work on /home/cloud/codings/airflow/dags/list_s3_bucket_files_dag.py
[2026-02-09T07:57:55.053+0000] {processor.py:830} INFO - Processing file /home/cloud/codings/airflow/dags/list_s3_bucket_files_dag.py for tasks to queue
[2026-02-09T07:57:55.054+0000] {logging_mixin.py:188} INFO - [2026-02-09T07:57:55.054+0000] {dagbag.py:545} INFO - Filling up the DagBag from /home/cloud/codings/airflow/dags/list_s3_bucket_files_dag.py
[2026-02-09T07:57:55.068+0000] {processor.py:840} INFO - DAG(s) 'list_s3_bucket_files_dag' retrieved from /home/cloud/codings/airflow/dags/list_s3_bucket_files_dag.py
[2026-02-09T07:57:55.098+0000] {logging_mixin.py:188} INFO - [2026-02-09T07:57:55.098+0000] {dag.py:3089} INFO - Sync 1 DAGs
[2026-02-09T07:57:55.119+0000] {logging_mixin.py:188} INFO - [2026-02-09T07:57:55.119+0000] {dag.py:3947} INFO - Setting next_dagrun for list_s3_bucket_files_dag to None, run_after=None
[2026-02-09T07:57:55.155+0000] {processor.py:183} INFO - Processing /home/cloud/codings/airflow/dags/list_s3_bucket_files_dag.py took 0.111 seconds
[2026-02-09T07:58:25.537+0000] {processor.py:161} INFO - Started process (PID=341216) to work on /home/cloud/codings/airflow/dags/list_s3_bucket_files_dag.py
[2026-02-09T07:58:25.538+0000] {processor.py:830} INFO - Processing file /home/cloud/codings/airflow/dags/list_s3_bucket_files_dag.py for tasks to queue
[2026-02-09T07:58:25.539+0000] {logging_mixin.py:188} INFO - [2026-02-09T07:58:25.539+0000] {dagbag.py:545} INFO - Filling up the DagBag from /home/cloud/codings/airflow/dags/list_s3_bucket_files_dag.py
[2026-02-09T07:58:25.551+0000] {processor.py:840} INFO - DAG(s) 'list_s3_bucket_files_dag' retrieved from /home/cloud/codings/airflow/dags/list_s3_bucket_files_dag.py
[2026-02-09T07:58:25.576+0000] {logging_mixin.py:188} INFO - [2026-02-09T07:58:25.576+0000] {dag.py:3089} INFO - Sync 1 DAGs
[2026-02-09T07:58:25.596+0000] {logging_mixin.py:188} INFO - [2026-02-09T07:58:25.596+0000] {dag.py:3947} INFO - Setting next_dagrun for list_s3_bucket_files_dag to None, run_after=None
[2026-02-09T07:58:25.632+0000] {processor.py:183} INFO - Processing /home/cloud/codings/airflow/dags/list_s3_bucket_files_dag.py took 0.103 seconds
[2026-02-09T07:58:56.020+0000] {processor.py:161} INFO - Started process (PID=341310) to work on /home/cloud/codings/airflow/dags/list_s3_bucket_files_dag.py
[2026-02-09T07:58:56.021+0000] {processor.py:830} INFO - Processing file /home/cloud/codings/airflow/dags/list_s3_bucket_files_dag.py for tasks to queue
[2026-02-09T07:58:56.023+0000] {logging_mixin.py:188} INFO - [2026-02-09T07:58:56.022+0000] {dagbag.py:545} INFO - Filling up the DagBag from /home/cloud/codings/airflow/dags/list_s3_bucket_files_dag.py
[2026-02-09T07:58:56.037+0000] {processor.py:840} INFO - DAG(s) 'list_s3_bucket_files_dag' retrieved from /home/cloud/codings/airflow/dags/list_s3_bucket_files_dag.py
[2026-02-09T07:58:56.069+0000] {logging_mixin.py:188} INFO - [2026-02-09T07:58:56.068+0000] {dag.py:3089} INFO - Sync 1 DAGs
[2026-02-09T07:58:56.092+0000] {logging_mixin.py:188} INFO - [2026-02-09T07:58:56.092+0000] {dag.py:3947} INFO - Setting next_dagrun for list_s3_bucket_files_dag to None, run_after=None
[2026-02-09T07:58:56.127+0000] {processor.py:183} INFO - Processing /home/cloud/codings/airflow/dags/list_s3_bucket_files_dag.py took 0.116 seconds
[2026-02-09T07:59:26.466+0000] {processor.py:161} INFO - Started process (PID=341394) to work on /home/cloud/codings/airflow/dags/list_s3_bucket_files_dag.py
[2026-02-09T07:59:26.467+0000] {processor.py:830} INFO - Processing file /home/cloud/codings/airflow/dags/list_s3_bucket_files_dag.py for tasks to queue
[2026-02-09T07:59:26.468+0000] {logging_mixin.py:188} INFO - [2026-02-09T07:59:26.467+0000] {dagbag.py:545} INFO - Filling up the DagBag from /home/cloud/codings/airflow/dags/list_s3_bucket_files_dag.py
[2026-02-09T07:59:26.481+0000] {processor.py:840} INFO - DAG(s) 'list_s3_bucket_files_dag' retrieved from /home/cloud/codings/airflow/dags/list_s3_bucket_files_dag.py
[2026-02-09T07:59:26.507+0000] {logging_mixin.py:188} INFO - [2026-02-09T07:59:26.507+0000] {dag.py:3089} INFO - Sync 1 DAGs
[2026-02-09T07:59:26.525+0000] {logging_mixin.py:188} INFO - [2026-02-09T07:59:26.525+0000] {dag.py:3947} INFO - Setting next_dagrun for list_s3_bucket_files_dag to None, run_after=None
[2026-02-09T07:59:26.554+0000] {processor.py:183} INFO - Processing /home/cloud/codings/airflow/dags/list_s3_bucket_files_dag.py took 0.095 seconds
[2026-02-09T07:59:56.852+0000] {processor.py:161} INFO - Started process (PID=341474) to work on /home/cloud/codings/airflow/dags/list_s3_bucket_files_dag.py
[2026-02-09T07:59:56.854+0000] {processor.py:830} INFO - Processing file /home/cloud/codings/airflow/dags/list_s3_bucket_files_dag.py for tasks to queue
[2026-02-09T07:59:56.855+0000] {logging_mixin.py:188} INFO - [2026-02-09T07:59:56.854+0000] {dagbag.py:545} INFO - Filling up the DagBag from /home/cloud/codings/airflow/dags/list_s3_bucket_files_dag.py
[2026-02-09T07:59:56.869+0000] {processor.py:840} INFO - DAG(s) 'list_s3_bucket_files_dag' retrieved from /home/cloud/codings/airflow/dags/list_s3_bucket_files_dag.py
[2026-02-09T07:59:56.897+0000] {logging_mixin.py:188} INFO - [2026-02-09T07:59:56.897+0000] {dag.py:3089} INFO - Sync 1 DAGs
[2026-02-09T07:59:56.916+0000] {logging_mixin.py:188} INFO - [2026-02-09T07:59:56.915+0000] {dag.py:3947} INFO - Setting next_dagrun for list_s3_bucket_files_dag to None, run_after=None
[2026-02-09T07:59:56.948+0000] {processor.py:183} INFO - Processing /home/cloud/codings/airflow/dags/list_s3_bucket_files_dag.py took 0.103 seconds
[2026-02-09T08:00:27.339+0000] {processor.py:161} INFO - Started process (PID=341560) to work on /home/cloud/codings/airflow/dags/list_s3_bucket_files_dag.py
[2026-02-09T08:00:27.345+0000] {processor.py:830} INFO - Processing file /home/cloud/codings/airflow/dags/list_s3_bucket_files_dag.py for tasks to queue
[2026-02-09T08:00:27.346+0000] {logging_mixin.py:188} INFO - [2026-02-09T08:00:27.345+0000] {dagbag.py:545} INFO - Filling up the DagBag from /home/cloud/codings/airflow/dags/list_s3_bucket_files_dag.py
[2026-02-09T08:00:27.360+0000] {processor.py:840} INFO - DAG(s) 'list_s3_bucket_files_dag' retrieved from /home/cloud/codings/airflow/dags/list_s3_bucket_files_dag.py
[2026-02-09T08:00:27.386+0000] {logging_mixin.py:188} INFO - [2026-02-09T08:00:27.386+0000] {dag.py:3089} INFO - Sync 1 DAGs
[2026-02-09T08:00:27.408+0000] {logging_mixin.py:188} INFO - [2026-02-09T08:00:27.407+0000] {dag.py:3947} INFO - Setting next_dagrun for list_s3_bucket_files_dag to None, run_after=None
[2026-02-09T08:00:27.441+0000] {processor.py:183} INFO - Processing /home/cloud/codings/airflow/dags/list_s3_bucket_files_dag.py took 0.109 seconds
[2026-02-09T08:00:57.823+0000] {processor.py:161} INFO - Started process (PID=341646) to work on /home/cloud/codings/airflow/dags/list_s3_bucket_files_dag.py
[2026-02-09T08:00:57.828+0000] {processor.py:830} INFO - Processing file /home/cloud/codings/airflow/dags/list_s3_bucket_files_dag.py for tasks to queue
[2026-02-09T08:00:57.830+0000] {logging_mixin.py:188} INFO - [2026-02-09T08:00:57.829+0000] {dagbag.py:545} INFO - Filling up the DagBag from /home/cloud/codings/airflow/dags/list_s3_bucket_files_dag.py
[2026-02-09T08:00:57.846+0000] {processor.py:840} INFO - DAG(s) 'list_s3_bucket_files_dag' retrieved from /home/cloud/codings/airflow/dags/list_s3_bucket_files_dag.py
[2026-02-09T08:00:57.877+0000] {logging_mixin.py:188} INFO - [2026-02-09T08:00:57.877+0000] {dag.py:3089} INFO - Sync 1 DAGs
[2026-02-09T08:00:57.897+0000] {logging_mixin.py:188} INFO - [2026-02-09T08:00:57.897+0000] {dag.py:3947} INFO - Setting next_dagrun for list_s3_bucket_files_dag to None, run_after=None
[2026-02-09T08:00:57.940+0000] {processor.py:183} INFO - Processing /home/cloud/codings/airflow/dags/list_s3_bucket_files_dag.py took 0.125 seconds
[2026-02-09T08:01:28.309+0000] {processor.py:161} INFO - Started process (PID=341730) to work on /home/cloud/codings/airflow/dags/list_s3_bucket_files_dag.py
[2026-02-09T08:01:28.310+0000] {processor.py:830} INFO - Processing file /home/cloud/codings/airflow/dags/list_s3_bucket_files_dag.py for tasks to queue
[2026-02-09T08:01:28.312+0000] {logging_mixin.py:188} INFO - [2026-02-09T08:01:28.311+0000] {dagbag.py:545} INFO - Filling up the DagBag from /home/cloud/codings/airflow/dags/list_s3_bucket_files_dag.py
[2026-02-09T08:01:28.326+0000] {processor.py:840} INFO - DAG(s) 'list_s3_bucket_files_dag' retrieved from /home/cloud/codings/airflow/dags/list_s3_bucket_files_dag.py
[2026-02-09T08:01:28.351+0000] {logging_mixin.py:188} INFO - [2026-02-09T08:01:28.351+0000] {dag.py:3089} INFO - Sync 1 DAGs
[2026-02-09T08:01:28.365+0000] {logging_mixin.py:188} INFO - [2026-02-09T08:01:28.365+0000] {dag.py:3947} INFO - Setting next_dagrun for list_s3_bucket_files_dag to None, run_after=None
[2026-02-09T08:01:28.394+0000] {processor.py:183} INFO - Processing /home/cloud/codings/airflow/dags/list_s3_bucket_files_dag.py took 0.093 seconds
[2026-02-09T08:01:58.691+0000] {processor.py:161} INFO - Started process (PID=341810) to work on /home/cloud/codings/airflow/dags/list_s3_bucket_files_dag.py
[2026-02-09T08:01:58.693+0000] {processor.py:830} INFO - Processing file /home/cloud/codings/airflow/dags/list_s3_bucket_files_dag.py for tasks to queue
[2026-02-09T08:01:58.694+0000] {logging_mixin.py:188} INFO - [2026-02-09T08:01:58.694+0000] {dagbag.py:545} INFO - Filling up the DagBag from /home/cloud/codings/airflow/dags/list_s3_bucket_files_dag.py
[2026-02-09T08:01:58.706+0000] {processor.py:840} INFO - DAG(s) 'list_s3_bucket_files_dag' retrieved from /home/cloud/codings/airflow/dags/list_s3_bucket_files_dag.py
[2026-02-09T08:01:58.731+0000] {logging_mixin.py:188} INFO - [2026-02-09T08:01:58.731+0000] {dag.py:3089} INFO - Sync 1 DAGs
[2026-02-09T08:01:58.750+0000] {logging_mixin.py:188} INFO - [2026-02-09T08:01:58.750+0000] {dag.py:3947} INFO - Setting next_dagrun for list_s3_bucket_files_dag to None, run_after=None
[2026-02-09T08:01:58.782+0000] {processor.py:183} INFO - Processing /home/cloud/codings/airflow/dags/list_s3_bucket_files_dag.py took 0.098 seconds
[2026-02-09T08:02:29.174+0000] {processor.py:161} INFO - Started process (PID=341894) to work on /home/cloud/codings/airflow/dags/list_s3_bucket_files_dag.py
[2026-02-09T08:02:29.175+0000] {processor.py:830} INFO - Processing file /home/cloud/codings/airflow/dags/list_s3_bucket_files_dag.py for tasks to queue
[2026-02-09T08:02:29.176+0000] {logging_mixin.py:188} INFO - [2026-02-09T08:02:29.176+0000] {dagbag.py:545} INFO - Filling up the DagBag from /home/cloud/codings/airflow/dags/list_s3_bucket_files_dag.py
[2026-02-09T08:02:29.190+0000] {processor.py:840} INFO - DAG(s) 'list_s3_bucket_files_dag' retrieved from /home/cloud/codings/airflow/dags/list_s3_bucket_files_dag.py
[2026-02-09T08:02:29.217+0000] {logging_mixin.py:188} INFO - [2026-02-09T08:02:29.217+0000] {dag.py:3089} INFO - Sync 1 DAGs
[2026-02-09T08:02:29.236+0000] {logging_mixin.py:188} INFO - [2026-02-09T08:02:29.236+0000] {dag.py:3947} INFO - Setting next_dagrun for list_s3_bucket_files_dag to None, run_after=None
[2026-02-09T08:02:29.268+0000] {processor.py:183} INFO - Processing /home/cloud/codings/airflow/dags/list_s3_bucket_files_dag.py took 0.103 seconds
[2026-02-09T08:02:59.664+0000] {processor.py:161} INFO - Started process (PID=341980) to work on /home/cloud/codings/airflow/dags/list_s3_bucket_files_dag.py
[2026-02-09T08:02:59.668+0000] {processor.py:830} INFO - Processing file /home/cloud/codings/airflow/dags/list_s3_bucket_files_dag.py for tasks to queue
[2026-02-09T08:02:59.670+0000] {logging_mixin.py:188} INFO - [2026-02-09T08:02:59.669+0000] {dagbag.py:545} INFO - Filling up the DagBag from /home/cloud/codings/airflow/dags/list_s3_bucket_files_dag.py
[2026-02-09T08:02:59.681+0000] {processor.py:840} INFO - DAG(s) 'list_s3_bucket_files_dag' retrieved from /home/cloud/codings/airflow/dags/list_s3_bucket_files_dag.py
[2026-02-09T08:02:59.704+0000] {logging_mixin.py:188} INFO - [2026-02-09T08:02:59.703+0000] {dag.py:3089} INFO - Sync 1 DAGs
[2026-02-09T08:02:59.720+0000] {logging_mixin.py:188} INFO - [2026-02-09T08:02:59.720+0000] {dag.py:3947} INFO - Setting next_dagrun for list_s3_bucket_files_dag to None, run_after=None
[2026-02-09T08:02:59.749+0000] {processor.py:183} INFO - Processing /home/cloud/codings/airflow/dags/list_s3_bucket_files_dag.py took 0.093 seconds
[2026-02-09T08:03:30.159+0000] {processor.py:161} INFO - Started process (PID=342060) to work on /home/cloud/codings/airflow/dags/list_s3_bucket_files_dag.py
[2026-02-09T08:03:30.161+0000] {processor.py:830} INFO - Processing file /home/cloud/codings/airflow/dags/list_s3_bucket_files_dag.py for tasks to queue
[2026-02-09T08:03:30.162+0000] {logging_mixin.py:188} INFO - [2026-02-09T08:03:30.162+0000] {dagbag.py:545} INFO - Filling up the DagBag from /home/cloud/codings/airflow/dags/list_s3_bucket_files_dag.py
[2026-02-09T08:03:30.174+0000] {processor.py:840} INFO - DAG(s) 'list_s3_bucket_files_dag' retrieved from /home/cloud/codings/airflow/dags/list_s3_bucket_files_dag.py
[2026-02-09T08:03:30.202+0000] {logging_mixin.py:188} INFO - [2026-02-09T08:03:30.202+0000] {dag.py:3089} INFO - Sync 1 DAGs
[2026-02-09T08:03:30.220+0000] {logging_mixin.py:188} INFO - [2026-02-09T08:03:30.220+0000] {dag.py:3947} INFO - Setting next_dagrun for list_s3_bucket_files_dag to None, run_after=None
[2026-02-09T08:03:30.253+0000] {processor.py:183} INFO - Processing /home/cloud/codings/airflow/dags/list_s3_bucket_files_dag.py took 0.101 seconds
[2026-02-09T08:04:00.640+0000] {processor.py:161} INFO - Started process (PID=342146) to work on /home/cloud/codings/airflow/dags/list_s3_bucket_files_dag.py
[2026-02-09T08:04:00.641+0000] {processor.py:830} INFO - Processing file /home/cloud/codings/airflow/dags/list_s3_bucket_files_dag.py for tasks to queue
[2026-02-09T08:04:00.642+0000] {logging_mixin.py:188} INFO - [2026-02-09T08:04:00.642+0000] {dagbag.py:545} INFO - Filling up the DagBag from /home/cloud/codings/airflow/dags/list_s3_bucket_files_dag.py
[2026-02-09T08:04:00.655+0000] {processor.py:840} INFO - DAG(s) 'list_s3_bucket_files_dag' retrieved from /home/cloud/codings/airflow/dags/list_s3_bucket_files_dag.py
[2026-02-09T08:04:00.681+0000] {logging_mixin.py:188} INFO - [2026-02-09T08:04:00.680+0000] {dag.py:3089} INFO - Sync 1 DAGs
[2026-02-09T08:04:00.699+0000] {logging_mixin.py:188} INFO - [2026-02-09T08:04:00.698+0000] {dag.py:3947} INFO - Setting next_dagrun for list_s3_bucket_files_dag to None, run_after=None
[2026-02-09T08:04:00.732+0000] {processor.py:183} INFO - Processing /home/cloud/codings/airflow/dags/list_s3_bucket_files_dag.py took 0.099 seconds
[2026-02-09T08:04:31.124+0000] {processor.py:161} INFO - Started process (PID=342230) to work on /home/cloud/codings/airflow/dags/list_s3_bucket_files_dag.py
[2026-02-09T08:04:31.125+0000] {processor.py:830} INFO - Processing file /home/cloud/codings/airflow/dags/list_s3_bucket_files_dag.py for tasks to queue
[2026-02-09T08:04:31.126+0000] {logging_mixin.py:188} INFO - [2026-02-09T08:04:31.126+0000] {dagbag.py:545} INFO - Filling up the DagBag from /home/cloud/codings/airflow/dags/list_s3_bucket_files_dag.py
[2026-02-09T08:04:31.139+0000] {processor.py:840} INFO - DAG(s) 'list_s3_bucket_files_dag' retrieved from /home/cloud/codings/airflow/dags/list_s3_bucket_files_dag.py
[2026-02-09T08:04:31.169+0000] {logging_mixin.py:188} INFO - [2026-02-09T08:04:31.169+0000] {dag.py:3089} INFO - Sync 1 DAGs
[2026-02-09T08:04:31.189+0000] {logging_mixin.py:188} INFO - [2026-02-09T08:04:31.189+0000] {dag.py:3947} INFO - Setting next_dagrun for list_s3_bucket_files_dag to None, run_after=None
[2026-02-09T08:04:31.220+0000] {processor.py:183} INFO - Processing /home/cloud/codings/airflow/dags/list_s3_bucket_files_dag.py took 0.103 seconds
[2026-02-09T08:05:01.600+0000] {processor.py:161} INFO - Started process (PID=342317) to work on /home/cloud/codings/airflow/dags/list_s3_bucket_files_dag.py
[2026-02-09T08:05:01.605+0000] {processor.py:830} INFO - Processing file /home/cloud/codings/airflow/dags/list_s3_bucket_files_dag.py for tasks to queue
[2026-02-09T08:05:01.606+0000] {logging_mixin.py:188} INFO - [2026-02-09T08:05:01.606+0000] {dagbag.py:545} INFO - Filling up the DagBag from /home/cloud/codings/airflow/dags/list_s3_bucket_files_dag.py
[2026-02-09T08:05:01.618+0000] {processor.py:840} INFO - DAG(s) 'list_s3_bucket_files_dag' retrieved from /home/cloud/codings/airflow/dags/list_s3_bucket_files_dag.py
[2026-02-09T08:05:01.645+0000] {logging_mixin.py:188} INFO - [2026-02-09T08:05:01.645+0000] {dag.py:3089} INFO - Sync 1 DAGs
[2026-02-09T08:05:01.663+0000] {logging_mixin.py:188} INFO - [2026-02-09T08:05:01.663+0000] {dag.py:3947} INFO - Setting next_dagrun for list_s3_bucket_files_dag to None, run_after=None
[2026-02-09T08:05:01.693+0000] {processor.py:183} INFO - Processing /home/cloud/codings/airflow/dags/list_s3_bucket_files_dag.py took 0.100 seconds
[2026-02-09T08:05:32.087+0000] {processor.py:161} INFO - Started process (PID=342403) to work on /home/cloud/codings/airflow/dags/list_s3_bucket_files_dag.py
[2026-02-09T08:05:32.089+0000] {processor.py:830} INFO - Processing file /home/cloud/codings/airflow/dags/list_s3_bucket_files_dag.py for tasks to queue
[2026-02-09T08:05:32.090+0000] {logging_mixin.py:188} INFO - [2026-02-09T08:05:32.089+0000] {dagbag.py:545} INFO - Filling up the DagBag from /home/cloud/codings/airflow/dags/list_s3_bucket_files_dag.py
[2026-02-09T08:05:32.104+0000] {processor.py:840} INFO - DAG(s) 'list_s3_bucket_files_dag' retrieved from /home/cloud/codings/airflow/dags/list_s3_bucket_files_dag.py
[2026-02-09T08:05:32.133+0000] {logging_mixin.py:188} INFO - [2026-02-09T08:05:32.133+0000] {dag.py:3089} INFO - Sync 1 DAGs
[2026-02-09T08:05:32.151+0000] {logging_mixin.py:188} INFO - [2026-02-09T08:05:32.151+0000] {dag.py:3947} INFO - Setting next_dagrun for list_s3_bucket_files_dag to None, run_after=None
[2026-02-09T08:05:32.182+0000] {processor.py:183} INFO - Processing /home/cloud/codings/airflow/dags/list_s3_bucket_files_dag.py took 0.103 seconds
[2026-02-09T08:06:02.561+0000] {processor.py:161} INFO - Started process (PID=342481) to work on /home/cloud/codings/airflow/dags/list_s3_bucket_files_dag.py
[2026-02-09T08:06:02.562+0000] {processor.py:830} INFO - Processing file /home/cloud/codings/airflow/dags/list_s3_bucket_files_dag.py for tasks to queue
[2026-02-09T08:06:02.563+0000] {logging_mixin.py:188} INFO - [2026-02-09T08:06:02.563+0000] {dagbag.py:545} INFO - Filling up the DagBag from /home/cloud/codings/airflow/dags/list_s3_bucket_files_dag.py
[2026-02-09T08:06:02.577+0000] {processor.py:840} INFO - DAG(s) 'list_s3_bucket_files_dag' retrieved from /home/cloud/codings/airflow/dags/list_s3_bucket_files_dag.py
[2026-02-09T08:06:02.606+0000] {logging_mixin.py:188} INFO - [2026-02-09T08:06:02.605+0000] {dag.py:3089} INFO - Sync 1 DAGs
[2026-02-09T08:06:02.627+0000] {logging_mixin.py:188} INFO - [2026-02-09T08:06:02.626+0000] {dag.py:3947} INFO - Setting next_dagrun for list_s3_bucket_files_dag to None, run_after=None
[2026-02-09T08:06:02.660+0000] {processor.py:183} INFO - Processing /home/cloud/codings/airflow/dags/list_s3_bucket_files_dag.py took 0.107 seconds
[2026-02-09T08:06:33.042+0000] {processor.py:161} INFO - Started process (PID=342569) to work on /home/cloud/codings/airflow/dags/list_s3_bucket_files_dag.py
[2026-02-09T08:06:33.043+0000] {processor.py:830} INFO - Processing file /home/cloud/codings/airflow/dags/list_s3_bucket_files_dag.py for tasks to queue
[2026-02-09T08:06:33.044+0000] {logging_mixin.py:188} INFO - [2026-02-09T08:06:33.044+0000] {dagbag.py:545} INFO - Filling up the DagBag from /home/cloud/codings/airflow/dags/list_s3_bucket_files_dag.py
[2026-02-09T08:06:33.056+0000] {processor.py:840} INFO - DAG(s) 'list_s3_bucket_files_dag' retrieved from /home/cloud/codings/airflow/dags/list_s3_bucket_files_dag.py
[2026-02-09T08:06:33.082+0000] {logging_mixin.py:188} INFO - [2026-02-09T08:06:33.081+0000] {dag.py:3089} INFO - Sync 1 DAGs
[2026-02-09T08:06:33.099+0000] {logging_mixin.py:188} INFO - [2026-02-09T08:06:33.099+0000] {dag.py:3947} INFO - Setting next_dagrun for list_s3_bucket_files_dag to None, run_after=None
[2026-02-09T08:06:33.129+0000] {processor.py:183} INFO - Processing /home/cloud/codings/airflow/dags/list_s3_bucket_files_dag.py took 0.093 seconds
[2026-02-09T08:07:03.428+0000] {processor.py:161} INFO - Started process (PID=342653) to work on /home/cloud/codings/airflow/dags/list_s3_bucket_files_dag.py
[2026-02-09T08:07:03.429+0000] {processor.py:830} INFO - Processing file /home/cloud/codings/airflow/dags/list_s3_bucket_files_dag.py for tasks to queue
[2026-02-09T08:07:03.430+0000] {logging_mixin.py:188} INFO - [2026-02-09T08:07:03.430+0000] {dagbag.py:545} INFO - Filling up the DagBag from /home/cloud/codings/airflow/dags/list_s3_bucket_files_dag.py
[2026-02-09T08:07:03.442+0000] {processor.py:840} INFO - DAG(s) 'list_s3_bucket_files_dag' retrieved from /home/cloud/codings/airflow/dags/list_s3_bucket_files_dag.py
[2026-02-09T08:07:03.468+0000] {logging_mixin.py:188} INFO - [2026-02-09T08:07:03.467+0000] {dag.py:3089} INFO - Sync 1 DAGs
[2026-02-09T08:07:03.486+0000] {logging_mixin.py:188} INFO - [2026-02-09T08:07:03.486+0000] {dag.py:3947} INFO - Setting next_dagrun for list_s3_bucket_files_dag to None, run_after=None
[2026-02-09T08:07:03.516+0000] {processor.py:183} INFO - Processing /home/cloud/codings/airflow/dags/list_s3_bucket_files_dag.py took 0.095 seconds
[2026-02-09T08:07:33.815+0000] {processor.py:161} INFO - Started process (PID=342739) to work on /home/cloud/codings/airflow/dags/list_s3_bucket_files_dag.py
[2026-02-09T08:07:33.816+0000] {processor.py:830} INFO - Processing file /home/cloud/codings/airflow/dags/list_s3_bucket_files_dag.py for tasks to queue
[2026-02-09T08:07:33.817+0000] {logging_mixin.py:188} INFO - [2026-02-09T08:07:33.817+0000] {dagbag.py:545} INFO - Filling up the DagBag from /home/cloud/codings/airflow/dags/list_s3_bucket_files_dag.py
[2026-02-09T08:07:33.828+0000] {processor.py:840} INFO - DAG(s) 'list_s3_bucket_files_dag' retrieved from /home/cloud/codings/airflow/dags/list_s3_bucket_files_dag.py
[2026-02-09T08:07:33.853+0000] {logging_mixin.py:188} INFO - [2026-02-09T08:07:33.853+0000] {dag.py:3089} INFO - Sync 1 DAGs
[2026-02-09T08:07:33.873+0000] {logging_mixin.py:188} INFO - [2026-02-09T08:07:33.873+0000] {dag.py:3947} INFO - Setting next_dagrun for list_s3_bucket_files_dag to None, run_after=None
[2026-02-09T08:07:33.906+0000] {processor.py:183} INFO - Processing /home/cloud/codings/airflow/dags/list_s3_bucket_files_dag.py took 0.097 seconds
[2026-02-09T08:08:04.297+0000] {processor.py:161} INFO - Started process (PID=342825) to work on /home/cloud/codings/airflow/dags/list_s3_bucket_files_dag.py
[2026-02-09T08:08:04.299+0000] {processor.py:830} INFO - Processing file /home/cloud/codings/airflow/dags/list_s3_bucket_files_dag.py for tasks to queue
[2026-02-09T08:08:04.300+0000] {logging_mixin.py:188} INFO - [2026-02-09T08:08:04.299+0000] {dagbag.py:545} INFO - Filling up the DagBag from /home/cloud/codings/airflow/dags/list_s3_bucket_files_dag.py
[2026-02-09T08:08:04.314+0000] {processor.py:840} INFO - DAG(s) 'list_s3_bucket_files_dag' retrieved from /home/cloud/codings/airflow/dags/list_s3_bucket_files_dag.py
[2026-02-09T08:08:04.346+0000] {logging_mixin.py:188} INFO - [2026-02-09T08:08:04.345+0000] {dag.py:3089} INFO - Sync 1 DAGs
[2026-02-09T08:08:04.365+0000] {logging_mixin.py:188} INFO - [2026-02-09T08:08:04.364+0000] {dag.py:3947} INFO - Setting next_dagrun for list_s3_bucket_files_dag to None, run_after=None
[2026-02-09T08:08:04.401+0000] {processor.py:183} INFO - Processing /home/cloud/codings/airflow/dags/list_s3_bucket_files_dag.py took 0.112 seconds
[2026-02-09T08:08:34.788+0000] {processor.py:161} INFO - Started process (PID=342905) to work on /home/cloud/codings/airflow/dags/list_s3_bucket_files_dag.py
[2026-02-09T08:08:34.790+0000] {processor.py:830} INFO - Processing file /home/cloud/codings/airflow/dags/list_s3_bucket_files_dag.py for tasks to queue
[2026-02-09T08:08:34.791+0000] {logging_mixin.py:188} INFO - [2026-02-09T08:08:34.791+0000] {dagbag.py:545} INFO - Filling up the DagBag from /home/cloud/codings/airflow/dags/list_s3_bucket_files_dag.py
[2026-02-09T08:08:34.806+0000] {processor.py:840} INFO - DAG(s) 'list_s3_bucket_files_dag' retrieved from /home/cloud/codings/airflow/dags/list_s3_bucket_files_dag.py
[2026-02-09T08:08:34.834+0000] {logging_mixin.py:188} INFO - [2026-02-09T08:08:34.834+0000] {dag.py:3089} INFO - Sync 1 DAGs
[2026-02-09T08:08:34.855+0000] {logging_mixin.py:188} INFO - [2026-02-09T08:08:34.855+0000] {dag.py:3947} INFO - Setting next_dagrun for list_s3_bucket_files_dag to None, run_after=None
[2026-02-09T08:08:34.891+0000] {processor.py:183} INFO - Processing /home/cloud/codings/airflow/dags/list_s3_bucket_files_dag.py took 0.112 seconds
[2026-02-09T08:09:05.268+0000] {processor.py:161} INFO - Started process (PID=342989) to work on /home/cloud/codings/airflow/dags/list_s3_bucket_files_dag.py
[2026-02-09T08:09:05.272+0000] {processor.py:830} INFO - Processing file /home/cloud/codings/airflow/dags/list_s3_bucket_files_dag.py for tasks to queue
[2026-02-09T08:09:05.273+0000] {logging_mixin.py:188} INFO - [2026-02-09T08:09:05.273+0000] {dagbag.py:545} INFO - Filling up the DagBag from /home/cloud/codings/airflow/dags/list_s3_bucket_files_dag.py
[2026-02-09T08:09:05.284+0000] {processor.py:840} INFO - DAG(s) 'list_s3_bucket_files_dag' retrieved from /home/cloud/codings/airflow/dags/list_s3_bucket_files_dag.py
[2026-02-09T08:09:05.306+0000] {logging_mixin.py:188} INFO - [2026-02-09T08:09:05.305+0000] {dag.py:3089} INFO - Sync 1 DAGs
[2026-02-09T08:09:05.322+0000] {logging_mixin.py:188} INFO - [2026-02-09T08:09:05.321+0000] {dag.py:3947} INFO - Setting next_dagrun for list_s3_bucket_files_dag to None, run_after=None
[2026-02-09T08:09:05.348+0000] {processor.py:183} INFO - Processing /home/cloud/codings/airflow/dags/list_s3_bucket_files_dag.py took 0.088 seconds
[2026-02-09T08:09:35.664+0000] {processor.py:161} INFO - Started process (PID=343075) to work on /home/cloud/codings/airflow/dags/list_s3_bucket_files_dag.py
[2026-02-09T08:09:35.666+0000] {processor.py:830} INFO - Processing file /home/cloud/codings/airflow/dags/list_s3_bucket_files_dag.py for tasks to queue
[2026-02-09T08:09:35.667+0000] {logging_mixin.py:188} INFO - [2026-02-09T08:09:35.667+0000] {dagbag.py:545} INFO - Filling up the DagBag from /home/cloud/codings/airflow/dags/list_s3_bucket_files_dag.py
[2026-02-09T08:09:35.680+0000] {processor.py:840} INFO - DAG(s) 'list_s3_bucket_files_dag' retrieved from /home/cloud/codings/airflow/dags/list_s3_bucket_files_dag.py
[2026-02-09T08:09:35.709+0000] {logging_mixin.py:188} INFO - [2026-02-09T08:09:35.709+0000] {dag.py:3089} INFO - Sync 1 DAGs
[2026-02-09T08:09:35.728+0000] {logging_mixin.py:188} INFO - [2026-02-09T08:09:35.728+0000] {dag.py:3947} INFO - Setting next_dagrun for list_s3_bucket_files_dag to None, run_after=None
[2026-02-09T08:09:35.770+0000] {processor.py:183} INFO - Processing /home/cloud/codings/airflow/dags/list_s3_bucket_files_dag.py took 0.114 seconds
[2026-02-09T08:10:06.155+0000] {processor.py:161} INFO - Started process (PID=343183) to work on /home/cloud/codings/airflow/dags/list_s3_bucket_files_dag.py
[2026-02-09T08:10:06.156+0000] {processor.py:830} INFO - Processing file /home/cloud/codings/airflow/dags/list_s3_bucket_files_dag.py for tasks to queue
[2026-02-09T08:10:06.158+0000] {logging_mixin.py:188} INFO - [2026-02-09T08:10:06.157+0000] {dagbag.py:545} INFO - Filling up the DagBag from /home/cloud/codings/airflow/dags/list_s3_bucket_files_dag.py
[2026-02-09T08:10:06.174+0000] {processor.py:840} INFO - DAG(s) 'list_s3_bucket_files_dag' retrieved from /home/cloud/codings/airflow/dags/list_s3_bucket_files_dag.py
[2026-02-09T08:10:06.202+0000] {logging_mixin.py:188} INFO - [2026-02-09T08:10:06.202+0000] {dag.py:3089} INFO - Sync 1 DAGs
[2026-02-09T08:10:06.227+0000] {logging_mixin.py:188} INFO - [2026-02-09T08:10:06.227+0000] {dag.py:3947} INFO - Setting next_dagrun for list_s3_bucket_files_dag to None, run_after=None
[2026-02-09T08:10:06.266+0000] {processor.py:183} INFO - Processing /home/cloud/codings/airflow/dags/list_s3_bucket_files_dag.py took 0.120 seconds
[2026-02-09T08:10:36.636+0000] {processor.py:161} INFO - Started process (PID=343269) to work on /home/cloud/codings/airflow/dags/list_s3_bucket_files_dag.py
[2026-02-09T08:10:36.637+0000] {processor.py:830} INFO - Processing file /home/cloud/codings/airflow/dags/list_s3_bucket_files_dag.py for tasks to queue
[2026-02-09T08:10:36.639+0000] {logging_mixin.py:188} INFO - [2026-02-09T08:10:36.638+0000] {dagbag.py:545} INFO - Filling up the DagBag from /home/cloud/codings/airflow/dags/list_s3_bucket_files_dag.py
[2026-02-09T08:10:36.652+0000] {processor.py:840} INFO - DAG(s) 'list_s3_bucket_files_dag' retrieved from /home/cloud/codings/airflow/dags/list_s3_bucket_files_dag.py
[2026-02-09T08:10:36.677+0000] {logging_mixin.py:188} INFO - [2026-02-09T08:10:36.677+0000] {dag.py:3089} INFO - Sync 1 DAGs
[2026-02-09T08:10:36.696+0000] {logging_mixin.py:188} INFO - [2026-02-09T08:10:36.695+0000] {dag.py:3947} INFO - Setting next_dagrun for list_s3_bucket_files_dag to None, run_after=None
[2026-02-09T08:10:36.733+0000] {processor.py:183} INFO - Processing /home/cloud/codings/airflow/dags/list_s3_bucket_files_dag.py took 0.105 seconds
[2026-02-09T08:11:07.546+0000] {processor.py:161} INFO - Started process (PID=343349) to work on /home/cloud/codings/airflow/dags/list_s3_bucket_files_dag.py
[2026-02-09T08:11:07.564+0000] {processor.py:830} INFO - Processing file /home/cloud/codings/airflow/dags/list_s3_bucket_files_dag.py for tasks to queue
[2026-02-09T08:11:07.567+0000] {logging_mixin.py:188} INFO - [2026-02-09T08:11:07.566+0000] {dagbag.py:545} INFO - Filling up the DagBag from /home/cloud/codings/airflow/dags/list_s3_bucket_files_dag.py
[2026-02-09T08:11:07.604+0000] {processor.py:840} INFO - DAG(s) 'list_s3_bucket_files_dag' retrieved from /home/cloud/codings/airflow/dags/list_s3_bucket_files_dag.py
[2026-02-09T08:11:07.686+0000] {logging_mixin.py:188} INFO - [2026-02-09T08:11:07.685+0000] {dag.py:3089} INFO - Sync 1 DAGs
[2026-02-09T08:11:07.738+0000] {logging_mixin.py:188} INFO - [2026-02-09T08:11:07.736+0000] {dag.py:3947} INFO - Setting next_dagrun for list_s3_bucket_files_dag to None, run_after=None
[2026-02-09T08:11:07.840+0000] {processor.py:183} INFO - Processing /home/cloud/codings/airflow/dags/list_s3_bucket_files_dag.py took 0.311 seconds
[2026-02-09T08:11:38.142+0000] {processor.py:161} INFO - Started process (PID=343431) to work on /home/cloud/codings/airflow/dags/list_s3_bucket_files_dag.py
[2026-02-09T08:11:38.143+0000] {processor.py:830} INFO - Processing file /home/cloud/codings/airflow/dags/list_s3_bucket_files_dag.py for tasks to queue
[2026-02-09T08:11:38.144+0000] {logging_mixin.py:188} INFO - [2026-02-09T08:11:38.144+0000] {dagbag.py:545} INFO - Filling up the DagBag from /home/cloud/codings/airflow/dags/list_s3_bucket_files_dag.py
[2026-02-09T08:11:38.155+0000] {processor.py:840} INFO - DAG(s) 'list_s3_bucket_files_dag' retrieved from /home/cloud/codings/airflow/dags/list_s3_bucket_files_dag.py
[2026-02-09T08:11:38.175+0000] {logging_mixin.py:188} INFO - [2026-02-09T08:11:38.175+0000] {dag.py:3089} INFO - Sync 1 DAGs
[2026-02-09T08:11:38.190+0000] {logging_mixin.py:188} INFO - [2026-02-09T08:11:38.190+0000] {dag.py:3947} INFO - Setting next_dagrun for list_s3_bucket_files_dag to None, run_after=None
[2026-02-09T08:11:38.216+0000] {processor.py:183} INFO - Processing /home/cloud/codings/airflow/dags/list_s3_bucket_files_dag.py took 0.081 seconds
[2026-02-09T08:12:08.534+0000] {processor.py:161} INFO - Started process (PID=343515) to work on /home/cloud/codings/airflow/dags/list_s3_bucket_files_dag.py
[2026-02-09T08:12:08.536+0000] {processor.py:830} INFO - Processing file /home/cloud/codings/airflow/dags/list_s3_bucket_files_dag.py for tasks to queue
[2026-02-09T08:12:08.537+0000] {logging_mixin.py:188} INFO - [2026-02-09T08:12:08.537+0000] {dagbag.py:545} INFO - Filling up the DagBag from /home/cloud/codings/airflow/dags/list_s3_bucket_files_dag.py
[2026-02-09T08:12:08.548+0000] {processor.py:840} INFO - DAG(s) 'list_s3_bucket_files_dag' retrieved from /home/cloud/codings/airflow/dags/list_s3_bucket_files_dag.py
[2026-02-09T08:12:08.568+0000] {logging_mixin.py:188} INFO - [2026-02-09T08:12:08.568+0000] {dag.py:3089} INFO - Sync 1 DAGs
[2026-02-09T08:12:08.584+0000] {logging_mixin.py:188} INFO - [2026-02-09T08:12:08.583+0000] {dag.py:3947} INFO - Setting next_dagrun for list_s3_bucket_files_dag to None, run_after=None
[2026-02-09T08:12:08.609+0000] {processor.py:183} INFO - Processing /home/cloud/codings/airflow/dags/list_s3_bucket_files_dag.py took 0.081 seconds
[2026-02-09T08:12:38.910+0000] {processor.py:161} INFO - Started process (PID=343599) to work on /home/cloud/codings/airflow/dags/list_s3_bucket_files_dag.py
[2026-02-09T08:12:38.931+0000] {processor.py:830} INFO - Processing file /home/cloud/codings/airflow/dags/list_s3_bucket_files_dag.py for tasks to queue
[2026-02-09T08:12:38.933+0000] {logging_mixin.py:188} INFO - [2026-02-09T08:12:38.932+0000] {dagbag.py:545} INFO - Filling up the DagBag from /home/cloud/codings/airflow/dags/list_s3_bucket_files_dag.py
[2026-02-09T08:12:38.946+0000] {processor.py:840} INFO - DAG(s) 'list_s3_bucket_files_dag' retrieved from /home/cloud/codings/airflow/dags/list_s3_bucket_files_dag.py
[2026-02-09T08:12:38.972+0000] {logging_mixin.py:188} INFO - [2026-02-09T08:12:38.971+0000] {dag.py:3089} INFO - Sync 1 DAGs
[2026-02-09T08:12:38.988+0000] {logging_mixin.py:188} INFO - [2026-02-09T08:12:38.988+0000] {dag.py:3947} INFO - Setting next_dagrun for list_s3_bucket_files_dag to None, run_after=None
[2026-02-09T08:12:39.020+0000] {processor.py:183} INFO - Processing /home/cloud/codings/airflow/dags/list_s3_bucket_files_dag.py took 0.116 seconds
[2026-02-09T08:13:09.282+0000] {processor.py:161} INFO - Started process (PID=343682) to work on /home/cloud/codings/airflow/dags/list_s3_bucket_files_dag.py
[2026-02-09T08:13:09.303+0000] {processor.py:830} INFO - Processing file /home/cloud/codings/airflow/dags/list_s3_bucket_files_dag.py for tasks to queue
[2026-02-09T08:13:09.305+0000] {logging_mixin.py:188} INFO - [2026-02-09T08:13:09.304+0000] {dagbag.py:545} INFO - Filling up the DagBag from /home/cloud/codings/airflow/dags/list_s3_bucket_files_dag.py
[2026-02-09T08:13:09.316+0000] {processor.py:840} INFO - DAG(s) 'list_s3_bucket_files_dag' retrieved from /home/cloud/codings/airflow/dags/list_s3_bucket_files_dag.py
[2026-02-09T08:13:09.339+0000] {logging_mixin.py:188} INFO - [2026-02-09T08:13:09.339+0000] {dag.py:3089} INFO - Sync 1 DAGs
[2026-02-09T08:13:09.358+0000] {logging_mixin.py:188} INFO - [2026-02-09T08:13:09.357+0000] {dag.py:3947} INFO - Setting next_dagrun for list_s3_bucket_files_dag to None, run_after=None
[2026-02-09T08:13:09.388+0000] {processor.py:183} INFO - Processing /home/cloud/codings/airflow/dags/list_s3_bucket_files_dag.py took 0.111 seconds
[2026-02-09T08:13:39.600+0000] {processor.py:161} INFO - Started process (PID=343768) to work on /home/cloud/codings/airflow/dags/list_s3_bucket_files_dag.py
[2026-02-09T08:13:39.621+0000] {processor.py:830} INFO - Processing file /home/cloud/codings/airflow/dags/list_s3_bucket_files_dag.py for tasks to queue
[2026-02-09T08:13:39.622+0000] {logging_mixin.py:188} INFO - [2026-02-09T08:13:39.622+0000] {dagbag.py:545} INFO - Filling up the DagBag from /home/cloud/codings/airflow/dags/list_s3_bucket_files_dag.py
[2026-02-09T08:13:39.633+0000] {processor.py:840} INFO - DAG(s) 'list_s3_bucket_files_dag' retrieved from /home/cloud/codings/airflow/dags/list_s3_bucket_files_dag.py
[2026-02-09T08:13:39.654+0000] {logging_mixin.py:188} INFO - [2026-02-09T08:13:39.654+0000] {dag.py:3089} INFO - Sync 1 DAGs
[2026-02-09T08:13:39.669+0000] {logging_mixin.py:188} INFO - [2026-02-09T08:13:39.669+0000] {dag.py:3947} INFO - Setting next_dagrun for list_s3_bucket_files_dag to None, run_after=None
[2026-02-09T08:13:39.698+0000] {processor.py:183} INFO - Processing /home/cloud/codings/airflow/dags/list_s3_bucket_files_dag.py took 0.105 seconds
[2026-02-09T08:14:09.940+0000] {processor.py:161} INFO - Started process (PID=343848) to work on /home/cloud/codings/airflow/dags/list_s3_bucket_files_dag.py
[2026-02-09T08:14:09.941+0000] {processor.py:830} INFO - Processing file /home/cloud/codings/airflow/dags/list_s3_bucket_files_dag.py for tasks to queue
[2026-02-09T08:14:09.942+0000] {logging_mixin.py:188} INFO - [2026-02-09T08:14:09.942+0000] {dagbag.py:545} INFO - Filling up the DagBag from /home/cloud/codings/airflow/dags/list_s3_bucket_files_dag.py
[2026-02-09T08:14:09.955+0000] {processor.py:840} INFO - DAG(s) 'list_s3_bucket_files_dag' retrieved from /home/cloud/codings/airflow/dags/list_s3_bucket_files_dag.py
[2026-02-09T08:14:09.982+0000] {logging_mixin.py:188} INFO - [2026-02-09T08:14:09.981+0000] {dag.py:3089} INFO - Sync 1 DAGs
[2026-02-09T08:14:10.001+0000] {logging_mixin.py:188} INFO - [2026-02-09T08:14:10.001+0000] {dag.py:3947} INFO - Setting next_dagrun for list_s3_bucket_files_dag to None, run_after=None
[2026-02-09T08:14:10.034+0000] {processor.py:183} INFO - Processing /home/cloud/codings/airflow/dags/list_s3_bucket_files_dag.py took 0.102 seconds
[2026-02-09T08:14:40.462+0000] {processor.py:161} INFO - Started process (PID=343934) to work on /home/cloud/codings/airflow/dags/list_s3_bucket_files_dag.py
[2026-02-09T08:14:40.480+0000] {processor.py:830} INFO - Processing file /home/cloud/codings/airflow/dags/list_s3_bucket_files_dag.py for tasks to queue
[2026-02-09T08:14:40.482+0000] {logging_mixin.py:188} INFO - [2026-02-09T08:14:40.482+0000] {dagbag.py:545} INFO - Filling up the DagBag from /home/cloud/codings/airflow/dags/list_s3_bucket_files_dag.py
[2026-02-09T08:14:40.503+0000] {processor.py:840} INFO - DAG(s) 'list_s3_bucket_files_dag' retrieved from /home/cloud/codings/airflow/dags/list_s3_bucket_files_dag.py
[2026-02-09T08:14:40.539+0000] {logging_mixin.py:188} INFO - [2026-02-09T08:14:40.539+0000] {dag.py:3089} INFO - Sync 1 DAGs
[2026-02-09T08:14:40.563+0000] {logging_mixin.py:188} INFO - [2026-02-09T08:14:40.562+0000] {dag.py:3947} INFO - Setting next_dagrun for list_s3_bucket_files_dag to None, run_after=None
[2026-02-09T08:14:40.594+0000] {processor.py:183} INFO - Processing /home/cloud/codings/airflow/dags/list_s3_bucket_files_dag.py took 0.145 seconds
[2026-02-09T08:15:10.842+0000] {processor.py:161} INFO - Started process (PID=344013) to work on /home/cloud/codings/airflow/dags/list_s3_bucket_files_dag.py
[2026-02-09T08:15:10.845+0000] {processor.py:830} INFO - Processing file /home/cloud/codings/airflow/dags/list_s3_bucket_files_dag.py for tasks to queue
[2026-02-09T08:15:10.846+0000] {logging_mixin.py:188} INFO - [2026-02-09T08:15:10.846+0000] {dagbag.py:545} INFO - Filling up the DagBag from /home/cloud/codings/airflow/dags/list_s3_bucket_files_dag.py
[2026-02-09T08:15:10.865+0000] {processor.py:840} INFO - DAG(s) 'list_s3_bucket_files_dag' retrieved from /home/cloud/codings/airflow/dags/list_s3_bucket_files_dag.py
[2026-02-09T08:15:10.903+0000] {logging_mixin.py:188} INFO - [2026-02-09T08:15:10.902+0000] {dag.py:3089} INFO - Sync 1 DAGs
[2026-02-09T08:15:10.924+0000] {logging_mixin.py:188} INFO - [2026-02-09T08:15:10.924+0000] {dag.py:3947} INFO - Setting next_dagrun for list_s3_bucket_files_dag to None, run_after=None
[2026-02-09T08:15:10.953+0000] {processor.py:183} INFO - Processing /home/cloud/codings/airflow/dags/list_s3_bucket_files_dag.py took 0.123 seconds
[2026-02-09T08:15:41.223+0000] {processor.py:161} INFO - Started process (PID=344101) to work on /home/cloud/codings/airflow/dags/list_s3_bucket_files_dag.py
[2026-02-09T08:15:41.226+0000] {processor.py:830} INFO - Processing file /home/cloud/codings/airflow/dags/list_s3_bucket_files_dag.py for tasks to queue
[2026-02-09T08:15:41.228+0000] {logging_mixin.py:188} INFO - [2026-02-09T08:15:41.227+0000] {dagbag.py:545} INFO - Filling up the DagBag from /home/cloud/codings/airflow/dags/list_s3_bucket_files_dag.py
[2026-02-09T08:15:41.250+0000] {processor.py:840} INFO - DAG(s) 'list_s3_bucket_files_dag' retrieved from /home/cloud/codings/airflow/dags/list_s3_bucket_files_dag.py
[2026-02-09T08:15:41.286+0000] {logging_mixin.py:188} INFO - [2026-02-09T08:15:41.285+0000] {dag.py:3089} INFO - Sync 1 DAGs
[2026-02-09T08:15:41.311+0000] {logging_mixin.py:188} INFO - [2026-02-09T08:15:41.310+0000] {dag.py:3947} INFO - Setting next_dagrun for list_s3_bucket_files_dag to None, run_after=None
[2026-02-09T08:15:41.349+0000] {processor.py:183} INFO - Processing /home/cloud/codings/airflow/dags/list_s3_bucket_files_dag.py took 0.136 seconds
[2026-02-09T08:16:11.512+0000] {processor.py:161} INFO - Started process (PID=344183) to work on /home/cloud/codings/airflow/dags/list_s3_bucket_files_dag.py
[2026-02-09T08:16:11.513+0000] {processor.py:830} INFO - Processing file /home/cloud/codings/airflow/dags/list_s3_bucket_files_dag.py for tasks to queue
[2026-02-09T08:16:11.514+0000] {logging_mixin.py:188} INFO - [2026-02-09T08:16:11.513+0000] {dagbag.py:545} INFO - Filling up the DagBag from /home/cloud/codings/airflow/dags/list_s3_bucket_files_dag.py
[2026-02-09T08:16:11.524+0000] {processor.py:840} INFO - DAG(s) 'list_s3_bucket_files_dag' retrieved from /home/cloud/codings/airflow/dags/list_s3_bucket_files_dag.py
[2026-02-09T08:16:11.552+0000] {logging_mixin.py:188} INFO - [2026-02-09T08:16:11.552+0000] {dag.py:3089} INFO - Sync 1 DAGs
[2026-02-09T08:16:11.568+0000] {logging_mixin.py:188} INFO - [2026-02-09T08:16:11.568+0000] {dag.py:3947} INFO - Setting next_dagrun for list_s3_bucket_files_dag to None, run_after=None
[2026-02-09T08:16:11.593+0000] {processor.py:183} INFO - Processing /home/cloud/codings/airflow/dags/list_s3_bucket_files_dag.py took 0.089 seconds
[2026-02-09T08:16:42.014+0000] {processor.py:161} INFO - Started process (PID=344266) to work on /home/cloud/codings/airflow/dags/list_s3_bucket_files_dag.py
[2026-02-09T08:16:42.032+0000] {processor.py:830} INFO - Processing file /home/cloud/codings/airflow/dags/list_s3_bucket_files_dag.py for tasks to queue
[2026-02-09T08:16:42.033+0000] {logging_mixin.py:188} INFO - [2026-02-09T08:16:42.032+0000] {dagbag.py:545} INFO - Filling up the DagBag from /home/cloud/codings/airflow/dags/list_s3_bucket_files_dag.py
[2026-02-09T08:16:42.043+0000] {processor.py:840} INFO - DAG(s) 'list_s3_bucket_files_dag' retrieved from /home/cloud/codings/airflow/dags/list_s3_bucket_files_dag.py
[2026-02-09T08:16:42.068+0000] {logging_mixin.py:188} INFO - [2026-02-09T08:16:42.068+0000] {dag.py:3089} INFO - Sync 1 DAGs
[2026-02-09T08:16:42.083+0000] {logging_mixin.py:188} INFO - [2026-02-09T08:16:42.083+0000] {dag.py:3947} INFO - Setting next_dagrun for list_s3_bucket_files_dag to None, run_after=None
[2026-02-09T08:16:42.119+0000] {processor.py:183} INFO - Processing /home/cloud/codings/airflow/dags/list_s3_bucket_files_dag.py took 0.112 seconds
[2026-02-09T08:17:12.492+0000] {processor.py:161} INFO - Started process (PID=344349) to work on /home/cloud/codings/airflow/dags/list_s3_bucket_files_dag.py
[2026-02-09T08:17:12.493+0000] {processor.py:830} INFO - Processing file /home/cloud/codings/airflow/dags/list_s3_bucket_files_dag.py for tasks to queue
[2026-02-09T08:17:12.494+0000] {logging_mixin.py:188} INFO - [2026-02-09T08:17:12.493+0000] {dagbag.py:545} INFO - Filling up the DagBag from /home/cloud/codings/airflow/dags/list_s3_bucket_files_dag.py
[2026-02-09T08:17:12.510+0000] {processor.py:840} INFO - DAG(s) 'list_s3_bucket_files_dag' retrieved from /home/cloud/codings/airflow/dags/list_s3_bucket_files_dag.py
[2026-02-09T08:17:12.541+0000] {logging_mixin.py:188} INFO - [2026-02-09T08:17:12.541+0000] {dag.py:3089} INFO - Sync 1 DAGs
[2026-02-09T08:17:12.561+0000] {logging_mixin.py:188} INFO - [2026-02-09T08:17:12.561+0000] {dag.py:3947} INFO - Setting next_dagrun for list_s3_bucket_files_dag to None, run_after=None
[2026-02-09T08:17:12.595+0000] {processor.py:183} INFO - Processing /home/cloud/codings/airflow/dags/list_s3_bucket_files_dag.py took 0.111 seconds
[2026-02-09T08:17:42.974+0000] {processor.py:161} INFO - Started process (PID=344435) to work on /home/cloud/codings/airflow/dags/list_s3_bucket_files_dag.py
[2026-02-09T08:17:42.976+0000] {processor.py:830} INFO - Processing file /home/cloud/codings/airflow/dags/list_s3_bucket_files_dag.py for tasks to queue
[2026-02-09T08:17:42.977+0000] {logging_mixin.py:188} INFO - [2026-02-09T08:17:42.976+0000] {dagbag.py:545} INFO - Filling up the DagBag from /home/cloud/codings/airflow/dags/list_s3_bucket_files_dag.py
[2026-02-09T08:17:42.987+0000] {processor.py:840} INFO - DAG(s) 'list_s3_bucket_files_dag' retrieved from /home/cloud/codings/airflow/dags/list_s3_bucket_files_dag.py
[2026-02-09T08:17:43.013+0000] {logging_mixin.py:188} INFO - [2026-02-09T08:17:43.012+0000] {dag.py:3089} INFO - Sync 1 DAGs
[2026-02-09T08:17:43.028+0000] {logging_mixin.py:188} INFO - [2026-02-09T08:17:43.028+0000] {dag.py:3947} INFO - Setting next_dagrun for list_s3_bucket_files_dag to None, run_after=None
[2026-02-09T08:17:43.052+0000] {processor.py:183} INFO - Processing /home/cloud/codings/airflow/dags/list_s3_bucket_files_dag.py took 0.084 seconds
[2026-02-09T08:18:13.346+0000] {processor.py:161} INFO - Started process (PID=344513) to work on /home/cloud/codings/airflow/dags/list_s3_bucket_files_dag.py
[2026-02-09T08:18:13.346+0000] {processor.py:830} INFO - Processing file /home/cloud/codings/airflow/dags/list_s3_bucket_files_dag.py for tasks to queue
[2026-02-09T08:18:13.347+0000] {logging_mixin.py:188} INFO - [2026-02-09T08:18:13.347+0000] {dagbag.py:545} INFO - Filling up the DagBag from /home/cloud/codings/airflow/dags/list_s3_bucket_files_dag.py
[2026-02-09T08:18:13.358+0000] {processor.py:840} INFO - DAG(s) 'list_s3_bucket_files_dag' retrieved from /home/cloud/codings/airflow/dags/list_s3_bucket_files_dag.py
[2026-02-09T08:18:13.382+0000] {logging_mixin.py:188} INFO - [2026-02-09T08:18:13.381+0000] {dag.py:3089} INFO - Sync 1 DAGs
[2026-02-09T08:18:13.396+0000] {logging_mixin.py:188} INFO - [2026-02-09T08:18:13.396+0000] {dag.py:3947} INFO - Setting next_dagrun for list_s3_bucket_files_dag to None, run_after=None
[2026-02-09T08:18:13.422+0000] {processor.py:183} INFO - Processing /home/cloud/codings/airflow/dags/list_s3_bucket_files_dag.py took 0.083 seconds
[2026-02-09T08:18:43.747+0000] {processor.py:161} INFO - Started process (PID=344601) to work on /home/cloud/codings/airflow/dags/list_s3_bucket_files_dag.py
[2026-02-09T08:18:43.765+0000] {processor.py:830} INFO - Processing file /home/cloud/codings/airflow/dags/list_s3_bucket_files_dag.py for tasks to queue
[2026-02-09T08:18:43.767+0000] {logging_mixin.py:188} INFO - [2026-02-09T08:18:43.766+0000] {dagbag.py:545} INFO - Filling up the DagBag from /home/cloud/codings/airflow/dags/list_s3_bucket_files_dag.py
[2026-02-09T08:18:43.784+0000] {processor.py:840} INFO - DAG(s) 'list_s3_bucket_files_dag' retrieved from /home/cloud/codings/airflow/dags/list_s3_bucket_files_dag.py
[2026-02-09T08:18:43.817+0000] {logging_mixin.py:188} INFO - [2026-02-09T08:18:43.816+0000] {dag.py:3089} INFO - Sync 1 DAGs
[2026-02-09T08:18:43.836+0000] {logging_mixin.py:188} INFO - [2026-02-09T08:18:43.836+0000] {dag.py:3947} INFO - Setting next_dagrun for list_s3_bucket_files_dag to None, run_after=None
[2026-02-09T08:18:43.873+0000] {processor.py:183} INFO - Processing /home/cloud/codings/airflow/dags/list_s3_bucket_files_dag.py took 0.133 seconds
[2026-02-09T08:19:14.163+0000] {processor.py:161} INFO - Started process (PID=344684) to work on /home/cloud/codings/airflow/dags/list_s3_bucket_files_dag.py
[2026-02-09T08:19:14.181+0000] {processor.py:830} INFO - Processing file /home/cloud/codings/airflow/dags/list_s3_bucket_files_dag.py for tasks to queue
[2026-02-09T08:19:14.184+0000] {logging_mixin.py:188} INFO - [2026-02-09T08:19:14.183+0000] {dagbag.py:545} INFO - Filling up the DagBag from /home/cloud/codings/airflow/dags/list_s3_bucket_files_dag.py
[2026-02-09T08:19:14.204+0000] {processor.py:840} INFO - DAG(s) 'list_s3_bucket_files_dag' retrieved from /home/cloud/codings/airflow/dags/list_s3_bucket_files_dag.py
[2026-02-09T08:19:14.243+0000] {logging_mixin.py:188} INFO - [2026-02-09T08:19:14.243+0000] {dag.py:3089} INFO - Sync 1 DAGs
[2026-02-09T08:19:14.267+0000] {logging_mixin.py:188} INFO - [2026-02-09T08:19:14.267+0000] {dag.py:3947} INFO - Setting next_dagrun for list_s3_bucket_files_dag to None, run_after=None
[2026-02-09T08:19:14.308+0000] {processor.py:183} INFO - Processing /home/cloud/codings/airflow/dags/list_s3_bucket_files_dag.py took 0.159 seconds
[2026-02-09T08:19:44.361+0000] {processor.py:161} INFO - Started process (PID=344769) to work on /home/cloud/codings/airflow/dags/list_s3_bucket_files_dag.py
[2026-02-09T08:19:44.362+0000] {processor.py:830} INFO - Processing file /home/cloud/codings/airflow/dags/list_s3_bucket_files_dag.py for tasks to queue
[2026-02-09T08:19:44.363+0000] {logging_mixin.py:188} INFO - [2026-02-09T08:19:44.363+0000] {dagbag.py:545} INFO - Filling up the DagBag from /home/cloud/codings/airflow/dags/list_s3_bucket_files_dag.py
[2026-02-09T08:19:44.375+0000] {processor.py:840} INFO - DAG(s) 'list_s3_bucket_files_dag' retrieved from /home/cloud/codings/airflow/dags/list_s3_bucket_files_dag.py
[2026-02-09T08:19:44.403+0000] {logging_mixin.py:188} INFO - [2026-02-09T08:19:44.402+0000] {dag.py:3089} INFO - Sync 1 DAGs
[2026-02-09T08:19:44.419+0000] {logging_mixin.py:188} INFO - [2026-02-09T08:19:44.419+0000] {dag.py:3947} INFO - Setting next_dagrun for list_s3_bucket_files_dag to None, run_after=None
[2026-02-09T08:19:44.461+0000] {processor.py:183} INFO - Processing /home/cloud/codings/airflow/dags/list_s3_bucket_files_dag.py took 0.106 seconds
[2026-02-09T08:52:38.290+0000] {processor.py:161} INFO - Started process (PID=344829) to work on /home/cloud/codings/airflow/dags/list_s3_bucket_files_dag.py
[2026-02-09T08:52:38.292+0000] {processor.py:830} INFO - Processing file /home/cloud/codings/airflow/dags/list_s3_bucket_files_dag.py for tasks to queue
[2026-02-09T08:52:38.295+0000] {logging_mixin.py:188} INFO - [2026-02-09T08:52:38.294+0000] {dagbag.py:545} INFO - Filling up the DagBag from /home/cloud/codings/airflow/dags/list_s3_bucket_files_dag.py
[2026-02-09T08:52:38.330+0000] {processor.py:840} INFO - DAG(s) 'list_s3_bucket_files_dag' retrieved from /home/cloud/codings/airflow/dags/list_s3_bucket_files_dag.py
[2026-02-09T08:52:38.392+0000] {logging_mixin.py:188} INFO - [2026-02-09T08:52:38.392+0000] {dag.py:3089} INFO - Sync 1 DAGs
[2026-02-09T08:52:38.445+0000] {logging_mixin.py:188} INFO - [2026-02-09T08:52:38.445+0000] {dag.py:3947} INFO - Setting next_dagrun for list_s3_bucket_files_dag to None, run_after=None
[2026-02-09T08:52:38.526+0000] {processor.py:183} INFO - Processing /home/cloud/codings/airflow/dags/list_s3_bucket_files_dag.py took 0.258 seconds
[2026-02-09T08:53:10.011+0000] {processor.py:161} INFO - Started process (PID=344872) to work on /home/cloud/codings/airflow/dags/list_s3_bucket_files_dag.py
[2026-02-09T08:53:10.013+0000] {processor.py:830} INFO - Processing file /home/cloud/codings/airflow/dags/list_s3_bucket_files_dag.py for tasks to queue
[2026-02-09T08:53:10.015+0000] {logging_mixin.py:188} INFO - [2026-02-09T08:53:10.014+0000] {dagbag.py:545} INFO - Filling up the DagBag from /home/cloud/codings/airflow/dags/list_s3_bucket_files_dag.py
[2026-02-09T08:53:10.038+0000] {processor.py:840} INFO - DAG(s) 'list_s3_bucket_files_dag' retrieved from /home/cloud/codings/airflow/dags/list_s3_bucket_files_dag.py
[2026-02-09T08:53:10.079+0000] {logging_mixin.py:188} INFO - [2026-02-09T08:53:10.078+0000] {dag.py:3089} INFO - Sync 1 DAGs
[2026-02-09T08:53:10.103+0000] {logging_mixin.py:188} INFO - [2026-02-09T08:53:10.103+0000] {dag.py:3947} INFO - Setting next_dagrun for list_s3_bucket_files_dag to None, run_after=None
[2026-02-09T08:53:10.153+0000] {processor.py:183} INFO - Processing /home/cloud/codings/airflow/dags/list_s3_bucket_files_dag.py took 0.153 seconds
[2026-02-09T08:53:40.300+0000] {processor.py:161} INFO - Started process (PID=344895) to work on /home/cloud/codings/airflow/dags/list_s3_bucket_files_dag.py
[2026-02-09T08:53:40.329+0000] {processor.py:830} INFO - Processing file /home/cloud/codings/airflow/dags/list_s3_bucket_files_dag.py for tasks to queue
[2026-02-09T08:53:40.331+0000] {logging_mixin.py:188} INFO - [2026-02-09T08:53:40.330+0000] {dagbag.py:545} INFO - Filling up the DagBag from /home/cloud/codings/airflow/dags/list_s3_bucket_files_dag.py
[2026-02-09T08:53:40.346+0000] {processor.py:840} INFO - DAG(s) 'list_s3_bucket_files_dag' retrieved from /home/cloud/codings/airflow/dags/list_s3_bucket_files_dag.py
[2026-02-09T08:53:40.374+0000] {logging_mixin.py:188} INFO - [2026-02-09T08:53:40.373+0000] {dag.py:3089} INFO - Sync 1 DAGs
[2026-02-09T08:53:40.393+0000] {logging_mixin.py:188} INFO - [2026-02-09T08:53:40.393+0000] {dag.py:3947} INFO - Setting next_dagrun for list_s3_bucket_files_dag to None, run_after=None
[2026-02-09T08:53:40.424+0000] {processor.py:183} INFO - Processing /home/cloud/codings/airflow/dags/list_s3_bucket_files_dag.py took 0.134 seconds
[2026-02-09T08:54:10.709+0000] {processor.py:161} INFO - Started process (PID=344911) to work on /home/cloud/codings/airflow/dags/list_s3_bucket_files_dag.py
[2026-02-09T08:54:10.710+0000] {processor.py:830} INFO - Processing file /home/cloud/codings/airflow/dags/list_s3_bucket_files_dag.py for tasks to queue
[2026-02-09T08:54:10.711+0000] {logging_mixin.py:188} INFO - [2026-02-09T08:54:10.711+0000] {dagbag.py:545} INFO - Filling up the DagBag from /home/cloud/codings/airflow/dags/list_s3_bucket_files_dag.py
[2026-02-09T08:54:10.722+0000] {processor.py:840} INFO - DAG(s) 'list_s3_bucket_files_dag' retrieved from /home/cloud/codings/airflow/dags/list_s3_bucket_files_dag.py
[2026-02-09T08:54:10.744+0000] {logging_mixin.py:188} INFO - [2026-02-09T08:54:10.744+0000] {dag.py:3089} INFO - Sync 1 DAGs
[2026-02-09T08:54:10.758+0000] {logging_mixin.py:188} INFO - [2026-02-09T08:54:10.757+0000] {dag.py:3947} INFO - Setting next_dagrun for list_s3_bucket_files_dag to None, run_after=None
[2026-02-09T08:54:10.782+0000] {processor.py:183} INFO - Processing /home/cloud/codings/airflow/dags/list_s3_bucket_files_dag.py took 0.079 seconds
[2026-02-09T08:54:41.364+0000] {processor.py:161} INFO - Started process (PID=344931) to work on /home/cloud/codings/airflow/dags/list_s3_bucket_files_dag.py
[2026-02-09T08:54:41.367+0000] {processor.py:830} INFO - Processing file /home/cloud/codings/airflow/dags/list_s3_bucket_files_dag.py for tasks to queue
[2026-02-09T08:54:41.368+0000] {logging_mixin.py:188} INFO - [2026-02-09T08:54:41.368+0000] {dagbag.py:545} INFO - Filling up the DagBag from /home/cloud/codings/airflow/dags/list_s3_bucket_files_dag.py
[2026-02-09T08:54:41.391+0000] {processor.py:840} INFO - DAG(s) 'list_s3_bucket_files_dag' retrieved from /home/cloud/codings/airflow/dags/list_s3_bucket_files_dag.py
[2026-02-09T08:54:41.426+0000] {logging_mixin.py:188} INFO - [2026-02-09T08:54:41.426+0000] {dag.py:3089} INFO - Sync 1 DAGs
[2026-02-09T08:54:41.447+0000] {logging_mixin.py:188} INFO - [2026-02-09T08:54:41.447+0000] {dag.py:3947} INFO - Setting next_dagrun for list_s3_bucket_files_dag to None, run_after=None
[2026-02-09T08:54:41.476+0000] {processor.py:183} INFO - Processing /home/cloud/codings/airflow/dags/list_s3_bucket_files_dag.py took 0.126 seconds
[2026-02-09T08:55:11.638+0000] {processor.py:161} INFO - Started process (PID=345020) to work on /home/cloud/codings/airflow/dags/list_s3_bucket_files_dag.py
[2026-02-09T08:55:11.639+0000] {processor.py:830} INFO - Processing file /home/cloud/codings/airflow/dags/list_s3_bucket_files_dag.py for tasks to queue
[2026-02-09T08:55:11.640+0000] {logging_mixin.py:188} INFO - [2026-02-09T08:55:11.640+0000] {dagbag.py:545} INFO - Filling up the DagBag from /home/cloud/codings/airflow/dags/list_s3_bucket_files_dag.py
[2026-02-09T08:55:11.653+0000] {processor.py:840} INFO - DAG(s) 'list_s3_bucket_files_dag' retrieved from /home/cloud/codings/airflow/dags/list_s3_bucket_files_dag.py
[2026-02-09T08:55:11.676+0000] {logging_mixin.py:188} INFO - [2026-02-09T08:55:11.676+0000] {dag.py:3089} INFO - Sync 1 DAGs
[2026-02-09T08:55:11.691+0000] {logging_mixin.py:188} INFO - [2026-02-09T08:55:11.691+0000] {dag.py:3947} INFO - Setting next_dagrun for list_s3_bucket_files_dag to None, run_after=None
[2026-02-09T08:55:11.719+0000] {processor.py:183} INFO - Processing /home/cloud/codings/airflow/dags/list_s3_bucket_files_dag.py took 0.090 seconds
[2026-02-09T08:55:42.305+0000] {processor.py:161} INFO - Started process (PID=345067) to work on /home/cloud/codings/airflow/dags/list_s3_bucket_files_dag.py
[2026-02-09T08:55:42.307+0000] {processor.py:830} INFO - Processing file /home/cloud/codings/airflow/dags/list_s3_bucket_files_dag.py for tasks to queue
[2026-02-09T08:55:42.308+0000] {logging_mixin.py:188} INFO - [2026-02-09T08:55:42.308+0000] {dagbag.py:545} INFO - Filling up the DagBag from /home/cloud/codings/airflow/dags/list_s3_bucket_files_dag.py
[2026-02-09T08:55:42.320+0000] {processor.py:840} INFO - DAG(s) 'list_s3_bucket_files_dag' retrieved from /home/cloud/codings/airflow/dags/list_s3_bucket_files_dag.py
[2026-02-09T08:55:42.343+0000] {logging_mixin.py:188} INFO - [2026-02-09T08:55:42.343+0000] {dag.py:3089} INFO - Sync 1 DAGs
[2026-02-09T08:55:42.358+0000] {logging_mixin.py:188} INFO - [2026-02-09T08:55:42.357+0000] {dag.py:3947} INFO - Setting next_dagrun for list_s3_bucket_files_dag to None, run_after=None
[2026-02-09T08:55:42.387+0000] {processor.py:183} INFO - Processing /home/cloud/codings/airflow/dags/list_s3_bucket_files_dag.py took 0.089 seconds
[2026-02-09T08:56:12.718+0000] {processor.py:161} INFO - Started process (PID=345085) to work on /home/cloud/codings/airflow/dags/list_s3_bucket_files_dag.py
[2026-02-09T08:56:12.736+0000] {processor.py:830} INFO - Processing file /home/cloud/codings/airflow/dags/list_s3_bucket_files_dag.py for tasks to queue
[2026-02-09T08:56:12.738+0000] {logging_mixin.py:188} INFO - [2026-02-09T08:56:12.737+0000] {dagbag.py:545} INFO - Filling up the DagBag from /home/cloud/codings/airflow/dags/list_s3_bucket_files_dag.py
[2026-02-09T08:56:12.760+0000] {processor.py:840} INFO - DAG(s) 'list_s3_bucket_files_dag' retrieved from /home/cloud/codings/airflow/dags/list_s3_bucket_files_dag.py
[2026-02-09T08:56:12.799+0000] {logging_mixin.py:188} INFO - [2026-02-09T08:56:12.799+0000] {dag.py:3089} INFO - Sync 1 DAGs
[2026-02-09T08:56:12.825+0000] {logging_mixin.py:188} INFO - [2026-02-09T08:56:12.825+0000] {dag.py:3947} INFO - Setting next_dagrun for list_s3_bucket_files_dag to None, run_after=None
[2026-02-09T08:56:12.869+0000] {processor.py:183} INFO - Processing /home/cloud/codings/airflow/dags/list_s3_bucket_files_dag.py took 0.163 seconds
[2026-02-09T08:56:43.681+0000] {processor.py:161} INFO - Started process (PID=345099) to work on /home/cloud/codings/airflow/dags/list_s3_bucket_files_dag.py
[2026-02-09T08:56:43.699+0000] {processor.py:830} INFO - Processing file /home/cloud/codings/airflow/dags/list_s3_bucket_files_dag.py for tasks to queue
[2026-02-09T08:56:43.700+0000] {logging_mixin.py:188} INFO - [2026-02-09T08:56:43.700+0000] {dagbag.py:545} INFO - Filling up the DagBag from /home/cloud/codings/airflow/dags/list_s3_bucket_files_dag.py
[2026-02-09T08:56:43.715+0000] {processor.py:840} INFO - DAG(s) 'list_s3_bucket_files_dag' retrieved from /home/cloud/codings/airflow/dags/list_s3_bucket_files_dag.py
[2026-02-09T08:56:43.741+0000] {logging_mixin.py:188} INFO - [2026-02-09T08:56:43.740+0000] {dag.py:3089} INFO - Sync 1 DAGs
[2026-02-09T08:56:43.759+0000] {logging_mixin.py:188} INFO - [2026-02-09T08:56:43.759+0000] {dag.py:3947} INFO - Setting next_dagrun for list_s3_bucket_files_dag to None, run_after=None
[2026-02-09T08:56:43.789+0000] {processor.py:183} INFO - Processing /home/cloud/codings/airflow/dags/list_s3_bucket_files_dag.py took 0.115 seconds
[2026-02-09T08:57:13.999+0000] {processor.py:161} INFO - Started process (PID=345117) to work on /home/cloud/codings/airflow/dags/list_s3_bucket_files_dag.py
[2026-02-09T08:57:14.000+0000] {processor.py:830} INFO - Processing file /home/cloud/codings/airflow/dags/list_s3_bucket_files_dag.py for tasks to queue
[2026-02-09T08:57:14.001+0000] {logging_mixin.py:188} INFO - [2026-02-09T08:57:14.001+0000] {dagbag.py:545} INFO - Filling up the DagBag from /home/cloud/codings/airflow/dags/list_s3_bucket_files_dag.py
[2026-02-09T08:57:14.012+0000] {processor.py:840} INFO - DAG(s) 'list_s3_bucket_files_dag' retrieved from /home/cloud/codings/airflow/dags/list_s3_bucket_files_dag.py
[2026-02-09T08:57:14.032+0000] {logging_mixin.py:188} INFO - [2026-02-09T08:57:14.031+0000] {dag.py:3089} INFO - Sync 1 DAGs
[2026-02-09T08:57:14.044+0000] {logging_mixin.py:188} INFO - [2026-02-09T08:57:14.043+0000] {dag.py:3947} INFO - Setting next_dagrun for list_s3_bucket_files_dag to None, run_after=None
[2026-02-09T08:57:14.068+0000] {processor.py:183} INFO - Processing /home/cloud/codings/airflow/dags/list_s3_bucket_files_dag.py took 0.076 seconds
[2026-02-09T08:57:44.432+0000] {processor.py:161} INFO - Started process (PID=345134) to work on /home/cloud/codings/airflow/dags/list_s3_bucket_files_dag.py
[2026-02-09T08:57:44.462+0000] {processor.py:830} INFO - Processing file /home/cloud/codings/airflow/dags/list_s3_bucket_files_dag.py for tasks to queue
[2026-02-09T08:57:44.463+0000] {logging_mixin.py:188} INFO - [2026-02-09T08:57:44.463+0000] {dagbag.py:545} INFO - Filling up the DagBag from /home/cloud/codings/airflow/dags/list_s3_bucket_files_dag.py
[2026-02-09T08:57:44.485+0000] {processor.py:840} INFO - DAG(s) 'list_s3_bucket_files_dag' retrieved from /home/cloud/codings/airflow/dags/list_s3_bucket_files_dag.py
[2026-02-09T08:57:44.528+0000] {logging_mixin.py:188} INFO - [2026-02-09T08:57:44.527+0000] {dag.py:3089} INFO - Sync 1 DAGs
[2026-02-09T08:57:44.555+0000] {logging_mixin.py:188} INFO - [2026-02-09T08:57:44.555+0000] {dag.py:3947} INFO - Setting next_dagrun for list_s3_bucket_files_dag to None, run_after=None
[2026-02-09T08:57:44.589+0000] {processor.py:183} INFO - Processing /home/cloud/codings/airflow/dags/list_s3_bucket_files_dag.py took 0.170 seconds
[2026-02-09T08:58:14.687+0000] {processor.py:161} INFO - Started process (PID=345152) to work on /home/cloud/codings/airflow/dags/list_s3_bucket_files_dag.py
[2026-02-09T08:58:14.706+0000] {processor.py:830} INFO - Processing file /home/cloud/codings/airflow/dags/list_s3_bucket_files_dag.py for tasks to queue
[2026-02-09T08:58:14.707+0000] {logging_mixin.py:188} INFO - [2026-02-09T08:58:14.706+0000] {dagbag.py:545} INFO - Filling up the DagBag from /home/cloud/codings/airflow/dags/list_s3_bucket_files_dag.py
[2026-02-09T08:58:14.717+0000] {processor.py:840} INFO - DAG(s) 'list_s3_bucket_files_dag' retrieved from /home/cloud/codings/airflow/dags/list_s3_bucket_files_dag.py
[2026-02-09T08:58:14.742+0000] {logging_mixin.py:188} INFO - [2026-02-09T08:58:14.742+0000] {dag.py:3089} INFO - Sync 1 DAGs
[2026-02-09T08:58:14.757+0000] {logging_mixin.py:188} INFO - [2026-02-09T08:58:14.757+0000] {dag.py:3947} INFO - Setting next_dagrun for list_s3_bucket_files_dag to None, run_after=None
[2026-02-09T08:58:14.787+0000] {processor.py:183} INFO - Processing /home/cloud/codings/airflow/dags/list_s3_bucket_files_dag.py took 0.107 seconds
[2026-02-09T08:58:45.736+0000] {processor.py:161} INFO - Started process (PID=345174) to work on /home/cloud/codings/airflow/dags/list_s3_bucket_files_dag.py
[2026-02-09T08:58:45.737+0000] {processor.py:830} INFO - Processing file /home/cloud/codings/airflow/dags/list_s3_bucket_files_dag.py for tasks to queue
[2026-02-09T08:58:45.738+0000] {logging_mixin.py:188} INFO - [2026-02-09T08:58:45.738+0000] {dagbag.py:545} INFO - Filling up the DagBag from /home/cloud/codings/airflow/dags/list_s3_bucket_files_dag.py
[2026-02-09T08:58:45.750+0000] {processor.py:840} INFO - DAG(s) 'list_s3_bucket_files_dag' retrieved from /home/cloud/codings/airflow/dags/list_s3_bucket_files_dag.py
[2026-02-09T08:58:45.773+0000] {logging_mixin.py:188} INFO - [2026-02-09T08:58:45.773+0000] {dag.py:3089} INFO - Sync 1 DAGs
[2026-02-09T08:58:45.788+0000] {logging_mixin.py:188} INFO - [2026-02-09T08:58:45.788+0000] {dag.py:3947} INFO - Setting next_dagrun for list_s3_bucket_files_dag to None, run_after=None
[2026-02-09T08:58:45.814+0000] {processor.py:183} INFO - Processing /home/cloud/codings/airflow/dags/list_s3_bucket_files_dag.py took 0.084 seconds
[2026-02-09T08:59:15.981+0000] {processor.py:161} INFO - Started process (PID=345188) to work on /home/cloud/codings/airflow/dags/list_s3_bucket_files_dag.py
[2026-02-09T08:59:15.982+0000] {processor.py:830} INFO - Processing file /home/cloud/codings/airflow/dags/list_s3_bucket_files_dag.py for tasks to queue
[2026-02-09T08:59:15.984+0000] {logging_mixin.py:188} INFO - [2026-02-09T08:59:15.983+0000] {dagbag.py:545} INFO - Filling up the DagBag from /home/cloud/codings/airflow/dags/list_s3_bucket_files_dag.py
[2026-02-09T08:59:15.997+0000] {processor.py:840} INFO - DAG(s) 'list_s3_bucket_files_dag' retrieved from /home/cloud/codings/airflow/dags/list_s3_bucket_files_dag.py
[2026-02-09T08:59:16.023+0000] {logging_mixin.py:188} INFO - [2026-02-09T08:59:16.023+0000] {dag.py:3089} INFO - Sync 1 DAGs
[2026-02-09T08:59:16.039+0000] {logging_mixin.py:188} INFO - [2026-02-09T08:59:16.039+0000] {dag.py:3947} INFO - Setting next_dagrun for list_s3_bucket_files_dag to None, run_after=None
[2026-02-09T08:59:16.070+0000] {processor.py:183} INFO - Processing /home/cloud/codings/airflow/dags/list_s3_bucket_files_dag.py took 0.098 seconds
[2026-02-09T08:59:48.128+0000] {processor.py:161} INFO - Started process (PID=345208) to work on /home/cloud/codings/airflow/dags/list_s3_bucket_files_dag.py
[2026-02-09T08:59:48.129+0000] {processor.py:830} INFO - Processing file /home/cloud/codings/airflow/dags/list_s3_bucket_files_dag.py for tasks to queue
[2026-02-09T08:59:48.131+0000] {logging_mixin.py:188} INFO - [2026-02-09T08:59:48.130+0000] {dagbag.py:545} INFO - Filling up the DagBag from /home/cloud/codings/airflow/dags/list_s3_bucket_files_dag.py
[2026-02-09T08:59:48.142+0000] {processor.py:840} INFO - DAG(s) 'list_s3_bucket_files_dag' retrieved from /home/cloud/codings/airflow/dags/list_s3_bucket_files_dag.py
[2026-02-09T08:59:48.164+0000] {logging_mixin.py:188} INFO - [2026-02-09T08:59:48.164+0000] {dag.py:3089} INFO - Sync 1 DAGs
[2026-02-09T08:59:48.178+0000] {logging_mixin.py:188} INFO - [2026-02-09T08:59:48.178+0000] {dag.py:3947} INFO - Setting next_dagrun for list_s3_bucket_files_dag to None, run_after=None
[2026-02-09T08:59:48.204+0000] {processor.py:183} INFO - Processing /home/cloud/codings/airflow/dags/list_s3_bucket_files_dag.py took 0.082 seconds
[2026-02-09T09:00:18.346+0000] {processor.py:161} INFO - Started process (PID=345222) to work on /home/cloud/codings/airflow/dags/list_s3_bucket_files_dag.py
[2026-02-09T09:00:18.365+0000] {processor.py:830} INFO - Processing file /home/cloud/codings/airflow/dags/list_s3_bucket_files_dag.py for tasks to queue
[2026-02-09T09:00:18.367+0000] {logging_mixin.py:188} INFO - [2026-02-09T09:00:18.366+0000] {dagbag.py:545} INFO - Filling up the DagBag from /home/cloud/codings/airflow/dags/list_s3_bucket_files_dag.py
[2026-02-09T09:00:18.393+0000] {processor.py:840} INFO - DAG(s) 'list_s3_bucket_files_dag' retrieved from /home/cloud/codings/airflow/dags/list_s3_bucket_files_dag.py
[2026-02-09T09:00:18.445+0000] {logging_mixin.py:188} INFO - [2026-02-09T09:00:18.444+0000] {dag.py:3089} INFO - Sync 1 DAGs
[2026-02-09T09:00:18.470+0000] {logging_mixin.py:188} INFO - [2026-02-09T09:00:18.470+0000] {dag.py:3947} INFO - Setting next_dagrun for list_s3_bucket_files_dag to None, run_after=None
[2026-02-09T09:00:18.512+0000] {processor.py:183} INFO - Processing /home/cloud/codings/airflow/dags/list_s3_bucket_files_dag.py took 0.177 seconds
[2026-02-09T09:00:48.585+0000] {processor.py:161} INFO - Started process (PID=345242) to work on /home/cloud/codings/airflow/dags/list_s3_bucket_files_dag.py
[2026-02-09T09:00:48.587+0000] {processor.py:830} INFO - Processing file /home/cloud/codings/airflow/dags/list_s3_bucket_files_dag.py for tasks to queue
[2026-02-09T09:00:48.588+0000] {logging_mixin.py:188} INFO - [2026-02-09T09:00:48.587+0000] {dagbag.py:545} INFO - Filling up the DagBag from /home/cloud/codings/airflow/dags/list_s3_bucket_files_dag.py
[2026-02-09T09:00:48.600+0000] {processor.py:840} INFO - DAG(s) 'list_s3_bucket_files_dag' retrieved from /home/cloud/codings/airflow/dags/list_s3_bucket_files_dag.py
[2026-02-09T09:00:48.629+0000] {logging_mixin.py:188} INFO - [2026-02-09T09:00:48.629+0000] {dag.py:3089} INFO - Sync 1 DAGs
[2026-02-09T09:00:48.650+0000] {logging_mixin.py:188} INFO - [2026-02-09T09:00:48.649+0000] {dag.py:3947} INFO - Setting next_dagrun for list_s3_bucket_files_dag to None, run_after=None
[2026-02-09T09:00:48.683+0000] {processor.py:183} INFO - Processing /home/cloud/codings/airflow/dags/list_s3_bucket_files_dag.py took 0.105 seconds
[2026-02-09T09:01:18.997+0000] {processor.py:161} INFO - Started process (PID=345256) to work on /home/cloud/codings/airflow/dags/list_s3_bucket_files_dag.py
[2026-02-09T09:01:19.015+0000] {processor.py:830} INFO - Processing file /home/cloud/codings/airflow/dags/list_s3_bucket_files_dag.py for tasks to queue
[2026-02-09T09:01:19.016+0000] {logging_mixin.py:188} INFO - [2026-02-09T09:01:19.016+0000] {dagbag.py:545} INFO - Filling up the DagBag from /home/cloud/codings/airflow/dags/list_s3_bucket_files_dag.py
[2026-02-09T09:01:19.029+0000] {processor.py:840} INFO - DAG(s) 'list_s3_bucket_files_dag' retrieved from /home/cloud/codings/airflow/dags/list_s3_bucket_files_dag.py
[2026-02-09T09:01:19.056+0000] {logging_mixin.py:188} INFO - [2026-02-09T09:01:19.056+0000] {dag.py:3089} INFO - Sync 1 DAGs
[2026-02-09T09:01:19.071+0000] {logging_mixin.py:188} INFO - [2026-02-09T09:01:19.071+0000] {dag.py:3947} INFO - Setting next_dagrun for list_s3_bucket_files_dag to None, run_after=None
[2026-02-09T09:01:19.101+0000] {processor.py:183} INFO - Processing /home/cloud/codings/airflow/dags/list_s3_bucket_files_dag.py took 0.110 seconds
[2026-02-09T09:01:49.393+0000] {processor.py:161} INFO - Started process (PID=345276) to work on /home/cloud/codings/airflow/dags/list_s3_bucket_files_dag.py
[2026-02-09T09:01:49.397+0000] {processor.py:830} INFO - Processing file /home/cloud/codings/airflow/dags/list_s3_bucket_files_dag.py for tasks to queue
[2026-02-09T09:01:49.400+0000] {logging_mixin.py:188} INFO - [2026-02-09T09:01:49.399+0000] {dagbag.py:545} INFO - Filling up the DagBag from /home/cloud/codings/airflow/dags/list_s3_bucket_files_dag.py
[2026-02-09T09:01:49.431+0000] {processor.py:840} INFO - DAG(s) 'list_s3_bucket_files_dag' retrieved from /home/cloud/codings/airflow/dags/list_s3_bucket_files_dag.py
[2026-02-09T09:01:49.459+0000] {logging_mixin.py:188} INFO - [2026-02-09T09:01:49.459+0000] {dag.py:3089} INFO - Sync 1 DAGs
[2026-02-09T09:01:49.474+0000] {logging_mixin.py:188} INFO - [2026-02-09T09:01:49.474+0000] {dag.py:3947} INFO - Setting next_dagrun for list_s3_bucket_files_dag to None, run_after=None
[2026-02-09T09:01:49.499+0000] {processor.py:183} INFO - Processing /home/cloud/codings/airflow/dags/list_s3_bucket_files_dag.py took 0.125 seconds
[2026-02-09T09:02:19.857+0000] {processor.py:161} INFO - Started process (PID=345296) to work on /home/cloud/codings/airflow/dags/list_s3_bucket_files_dag.py
[2026-02-09T09:02:19.874+0000] {processor.py:830} INFO - Processing file /home/cloud/codings/airflow/dags/list_s3_bucket_files_dag.py for tasks to queue
[2026-02-09T09:02:19.876+0000] {logging_mixin.py:188} INFO - [2026-02-09T09:02:19.875+0000] {dagbag.py:545} INFO - Filling up the DagBag from /home/cloud/codings/airflow/dags/list_s3_bucket_files_dag.py
[2026-02-09T09:02:19.891+0000] {processor.py:840} INFO - DAG(s) 'list_s3_bucket_files_dag' retrieved from /home/cloud/codings/airflow/dags/list_s3_bucket_files_dag.py
[2026-02-09T09:02:19.917+0000] {logging_mixin.py:188} INFO - [2026-02-09T09:02:19.917+0000] {dag.py:3089} INFO - Sync 1 DAGs
[2026-02-09T09:02:19.936+0000] {logging_mixin.py:188} INFO - [2026-02-09T09:02:19.935+0000] {dag.py:3947} INFO - Setting next_dagrun for list_s3_bucket_files_dag to None, run_after=None
[2026-02-09T09:02:19.966+0000] {processor.py:183} INFO - Processing /home/cloud/codings/airflow/dags/list_s3_bucket_files_dag.py took 0.120 seconds
[2026-02-09T09:02:50.098+0000] {processor.py:161} INFO - Started process (PID=345313) to work on /home/cloud/codings/airflow/dags/list_s3_bucket_files_dag.py
[2026-02-09T09:02:50.100+0000] {processor.py:830} INFO - Processing file /home/cloud/codings/airflow/dags/list_s3_bucket_files_dag.py for tasks to queue
[2026-02-09T09:02:50.102+0000] {logging_mixin.py:188} INFO - [2026-02-09T09:02:50.101+0000] {dagbag.py:545} INFO - Filling up the DagBag from /home/cloud/codings/airflow/dags/list_s3_bucket_files_dag.py
[2026-02-09T09:02:50.125+0000] {processor.py:840} INFO - DAG(s) 'list_s3_bucket_files_dag' retrieved from /home/cloud/codings/airflow/dags/list_s3_bucket_files_dag.py
[2026-02-09T09:02:50.166+0000] {logging_mixin.py:188} INFO - [2026-02-09T09:02:50.165+0000] {dag.py:3089} INFO - Sync 1 DAGs
[2026-02-09T09:02:50.194+0000] {logging_mixin.py:188} INFO - [2026-02-09T09:02:50.194+0000] {dag.py:3947} INFO - Setting next_dagrun for list_s3_bucket_files_dag to None, run_after=None
[2026-02-09T09:02:50.239+0000] {processor.py:183} INFO - Processing /home/cloud/codings/airflow/dags/list_s3_bucket_files_dag.py took 0.152 seconds
[2026-02-09T09:03:20.323+0000] {processor.py:161} INFO - Started process (PID=345331) to work on /home/cloud/codings/airflow/dags/list_s3_bucket_files_dag.py
[2026-02-09T09:03:20.347+0000] {processor.py:830} INFO - Processing file /home/cloud/codings/airflow/dags/list_s3_bucket_files_dag.py for tasks to queue
[2026-02-09T09:03:20.348+0000] {logging_mixin.py:188} INFO - [2026-02-09T09:03:20.348+0000] {dagbag.py:545} INFO - Filling up the DagBag from /home/cloud/codings/airflow/dags/list_s3_bucket_files_dag.py
[2026-02-09T09:03:20.359+0000] {processor.py:840} INFO - DAG(s) 'list_s3_bucket_files_dag' retrieved from /home/cloud/codings/airflow/dags/list_s3_bucket_files_dag.py
[2026-02-09T09:03:20.385+0000] {logging_mixin.py:188} INFO - [2026-02-09T09:03:20.385+0000] {dag.py:3089} INFO - Sync 1 DAGs
[2026-02-09T09:03:20.400+0000] {logging_mixin.py:188} INFO - [2026-02-09T09:03:20.400+0000] {dag.py:3947} INFO - Setting next_dagrun for list_s3_bucket_files_dag to None, run_after=None
[2026-02-09T09:03:20.427+0000] {processor.py:183} INFO - Processing /home/cloud/codings/airflow/dags/list_s3_bucket_files_dag.py took 0.113 seconds
[2026-02-09T09:03:50.789+0000] {processor.py:161} INFO - Started process (PID=345346) to work on /home/cloud/codings/airflow/dags/list_s3_bucket_files_dag.py
[2026-02-09T09:03:50.790+0000] {processor.py:830} INFO - Processing file /home/cloud/codings/airflow/dags/list_s3_bucket_files_dag.py for tasks to queue
[2026-02-09T09:03:50.791+0000] {logging_mixin.py:188} INFO - [2026-02-09T09:03:50.791+0000] {dagbag.py:545} INFO - Filling up the DagBag from /home/cloud/codings/airflow/dags/list_s3_bucket_files_dag.py
[2026-02-09T09:03:50.804+0000] {processor.py:840} INFO - DAG(s) 'list_s3_bucket_files_dag' retrieved from /home/cloud/codings/airflow/dags/list_s3_bucket_files_dag.py
[2026-02-09T09:03:50.829+0000] {logging_mixin.py:188} INFO - [2026-02-09T09:03:50.829+0000] {dag.py:3089} INFO - Sync 1 DAGs
[2026-02-09T09:03:50.845+0000] {logging_mixin.py:188} INFO - [2026-02-09T09:03:50.844+0000] {dag.py:3947} INFO - Setting next_dagrun for list_s3_bucket_files_dag to None, run_after=None
[2026-02-09T09:03:50.880+0000] {processor.py:183} INFO - Processing /home/cloud/codings/airflow/dags/list_s3_bucket_files_dag.py took 0.099 seconds
[2026-02-09T09:04:21.709+0000] {processor.py:161} INFO - Started process (PID=345364) to work on /home/cloud/codings/airflow/dags/list_s3_bucket_files_dag.py
[2026-02-09T09:04:21.737+0000] {processor.py:830} INFO - Processing file /home/cloud/codings/airflow/dags/list_s3_bucket_files_dag.py for tasks to queue
[2026-02-09T09:04:21.738+0000] {logging_mixin.py:188} INFO - [2026-02-09T09:04:21.738+0000] {dagbag.py:545} INFO - Filling up the DagBag from /home/cloud/codings/airflow/dags/list_s3_bucket_files_dag.py
[2026-02-09T09:04:21.750+0000] {processor.py:840} INFO - DAG(s) 'list_s3_bucket_files_dag' retrieved from /home/cloud/codings/airflow/dags/list_s3_bucket_files_dag.py
[2026-02-09T09:04:21.774+0000] {logging_mixin.py:188} INFO - [2026-02-09T09:04:21.774+0000] {dag.py:3089} INFO - Sync 1 DAGs
[2026-02-09T09:04:21.789+0000] {logging_mixin.py:188} INFO - [2026-02-09T09:04:21.789+0000] {dag.py:3947} INFO - Setting next_dagrun for list_s3_bucket_files_dag to None, run_after=None
[2026-02-09T09:04:21.820+0000] {processor.py:183} INFO - Processing /home/cloud/codings/airflow/dags/list_s3_bucket_files_dag.py took 0.118 seconds
[2026-02-09T09:04:51.991+0000] {processor.py:161} INFO - Started process (PID=345380) to work on /home/cloud/codings/airflow/dags/list_s3_bucket_files_dag.py
[2026-02-09T09:04:51.993+0000] {processor.py:830} INFO - Processing file /home/cloud/codings/airflow/dags/list_s3_bucket_files_dag.py for tasks to queue
[2026-02-09T09:04:51.994+0000] {logging_mixin.py:188} INFO - [2026-02-09T09:04:51.993+0000] {dagbag.py:545} INFO - Filling up the DagBag from /home/cloud/codings/airflow/dags/list_s3_bucket_files_dag.py
[2026-02-09T09:04:52.010+0000] {processor.py:840} INFO - DAG(s) 'list_s3_bucket_files_dag' retrieved from /home/cloud/codings/airflow/dags/list_s3_bucket_files_dag.py
[2026-02-09T09:04:52.044+0000] {logging_mixin.py:188} INFO - [2026-02-09T09:04:52.043+0000] {dag.py:3089} INFO - Sync 1 DAGs
[2026-02-09T09:04:52.065+0000] {logging_mixin.py:188} INFO - [2026-02-09T09:04:52.065+0000] {dag.py:3947} INFO - Setting next_dagrun for list_s3_bucket_files_dag to None, run_after=None
[2026-02-09T09:04:52.101+0000] {processor.py:183} INFO - Processing /home/cloud/codings/airflow/dags/list_s3_bucket_files_dag.py took 0.120 seconds
[2026-02-09T09:05:22.369+0000] {processor.py:161} INFO - Started process (PID=345398) to work on /home/cloud/codings/airflow/dags/list_s3_bucket_files_dag.py
[2026-02-09T09:05:22.371+0000] {processor.py:830} INFO - Processing file /home/cloud/codings/airflow/dags/list_s3_bucket_files_dag.py for tasks to queue
[2026-02-09T09:05:22.373+0000] {logging_mixin.py:188} INFO - [2026-02-09T09:05:22.372+0000] {dagbag.py:545} INFO - Filling up the DagBag from /home/cloud/codings/airflow/dags/list_s3_bucket_files_dag.py
[2026-02-09T09:05:22.393+0000] {processor.py:840} INFO - DAG(s) 'list_s3_bucket_files_dag' retrieved from /home/cloud/codings/airflow/dags/list_s3_bucket_files_dag.py
[2026-02-09T09:05:22.438+0000] {logging_mixin.py:188} INFO - [2026-02-09T09:05:22.438+0000] {dag.py:3089} INFO - Sync 1 DAGs
[2026-02-09T09:05:22.465+0000] {logging_mixin.py:188} INFO - [2026-02-09T09:05:22.464+0000] {dag.py:3947} INFO - Setting next_dagrun for list_s3_bucket_files_dag to None, run_after=None
[2026-02-09T09:05:22.505+0000] {processor.py:183} INFO - Processing /home/cloud/codings/airflow/dags/list_s3_bucket_files_dag.py took 0.147 seconds
[2026-02-09T09:05:53.041+0000] {processor.py:161} INFO - Started process (PID=345420) to work on /home/cloud/codings/airflow/dags/list_s3_bucket_files_dag.py
[2026-02-09T09:05:53.043+0000] {processor.py:830} INFO - Processing file /home/cloud/codings/airflow/dags/list_s3_bucket_files_dag.py for tasks to queue
[2026-02-09T09:05:53.044+0000] {logging_mixin.py:188} INFO - [2026-02-09T09:05:53.043+0000] {dagbag.py:545} INFO - Filling up the DagBag from /home/cloud/codings/airflow/dags/list_s3_bucket_files_dag.py
[2026-02-09T09:05:53.055+0000] {processor.py:840} INFO - DAG(s) 'list_s3_bucket_files_dag' retrieved from /home/cloud/codings/airflow/dags/list_s3_bucket_files_dag.py
[2026-02-09T09:05:53.076+0000] {logging_mixin.py:188} INFO - [2026-02-09T09:05:53.075+0000] {dag.py:3089} INFO - Sync 1 DAGs
[2026-02-09T09:05:53.089+0000] {logging_mixin.py:188} INFO - [2026-02-09T09:05:53.089+0000] {dag.py:3947} INFO - Setting next_dagrun for list_s3_bucket_files_dag to None, run_after=None
[2026-02-09T09:05:53.115+0000] {processor.py:183} INFO - Processing /home/cloud/codings/airflow/dags/list_s3_bucket_files_dag.py took 0.080 seconds
[2026-02-09T09:06:23.800+0000] {processor.py:161} INFO - Started process (PID=345434) to work on /home/cloud/codings/airflow/dags/list_s3_bucket_files_dag.py
[2026-02-09T09:06:23.820+0000] {processor.py:830} INFO - Processing file /home/cloud/codings/airflow/dags/list_s3_bucket_files_dag.py for tasks to queue
[2026-02-09T09:06:23.821+0000] {logging_mixin.py:188} INFO - [2026-02-09T09:06:23.821+0000] {dagbag.py:545} INFO - Filling up the DagBag from /home/cloud/codings/airflow/dags/list_s3_bucket_files_dag.py
[2026-02-09T09:06:23.834+0000] {processor.py:840} INFO - DAG(s) 'list_s3_bucket_files_dag' retrieved from /home/cloud/codings/airflow/dags/list_s3_bucket_files_dag.py
[2026-02-09T09:06:23.859+0000] {logging_mixin.py:188} INFO - [2026-02-09T09:06:23.859+0000] {dag.py:3089} INFO - Sync 1 DAGs
[2026-02-09T09:06:23.877+0000] {logging_mixin.py:188} INFO - [2026-02-09T09:06:23.877+0000] {dag.py:3947} INFO - Setting next_dagrun for list_s3_bucket_files_dag to None, run_after=None
[2026-02-09T09:06:23.907+0000] {processor.py:183} INFO - Processing /home/cloud/codings/airflow/dags/list_s3_bucket_files_dag.py took 0.116 seconds
[2026-02-09T09:06:54.023+0000] {processor.py:161} INFO - Started process (PID=345454) to work on /home/cloud/codings/airflow/dags/list_s3_bucket_files_dag.py
[2026-02-09T09:06:54.024+0000] {processor.py:830} INFO - Processing file /home/cloud/codings/airflow/dags/list_s3_bucket_files_dag.py for tasks to queue
[2026-02-09T09:06:54.026+0000] {logging_mixin.py:188} INFO - [2026-02-09T09:06:54.025+0000] {dagbag.py:545} INFO - Filling up the DagBag from /home/cloud/codings/airflow/dags/list_s3_bucket_files_dag.py
[2026-02-09T09:06:54.042+0000] {processor.py:840} INFO - DAG(s) 'list_s3_bucket_files_dag' retrieved from /home/cloud/codings/airflow/dags/list_s3_bucket_files_dag.py
[2026-02-09T09:06:54.067+0000] {logging_mixin.py:188} INFO - [2026-02-09T09:06:54.067+0000] {dag.py:3089} INFO - Sync 1 DAGs
[2026-02-09T09:06:54.081+0000] {logging_mixin.py:188} INFO - [2026-02-09T09:06:54.080+0000] {dag.py:3947} INFO - Setting next_dagrun for list_s3_bucket_files_dag to None, run_after=None
[2026-02-09T09:06:54.108+0000] {processor.py:183} INFO - Processing /home/cloud/codings/airflow/dags/list_s3_bucket_files_dag.py took 0.096 seconds
[2026-02-09T09:07:25.477+0000] {processor.py:161} INFO - Started process (PID=345474) to work on /home/cloud/codings/airflow/dags/list_s3_bucket_files_dag.py
[2026-02-09T09:07:25.479+0000] {processor.py:830} INFO - Processing file /home/cloud/codings/airflow/dags/list_s3_bucket_files_dag.py for tasks to queue
[2026-02-09T09:07:25.480+0000] {logging_mixin.py:188} INFO - [2026-02-09T09:07:25.480+0000] {dagbag.py:545} INFO - Filling up the DagBag from /home/cloud/codings/airflow/dags/list_s3_bucket_files_dag.py
[2026-02-09T09:07:25.492+0000] {processor.py:840} INFO - DAG(s) 'list_s3_bucket_files_dag' retrieved from /home/cloud/codings/airflow/dags/list_s3_bucket_files_dag.py
[2026-02-09T09:07:25.516+0000] {logging_mixin.py:188} INFO - [2026-02-09T09:07:25.516+0000] {dag.py:3089} INFO - Sync 1 DAGs
[2026-02-09T09:07:25.533+0000] {logging_mixin.py:188} INFO - [2026-02-09T09:07:25.533+0000] {dag.py:3947} INFO - Setting next_dagrun for list_s3_bucket_files_dag to None, run_after=None
[2026-02-09T09:07:25.565+0000] {processor.py:183} INFO - Processing /home/cloud/codings/airflow/dags/list_s3_bucket_files_dag.py took 0.095 seconds
[2026-02-09T09:07:56.661+0000] {processor.py:161} INFO - Started process (PID=345488) to work on /home/cloud/codings/airflow/dags/list_s3_bucket_files_dag.py
[2026-02-09T09:07:56.663+0000] {processor.py:830} INFO - Processing file /home/cloud/codings/airflow/dags/list_s3_bucket_files_dag.py for tasks to queue
[2026-02-09T09:07:56.665+0000] {logging_mixin.py:188} INFO - [2026-02-09T09:07:56.664+0000] {dagbag.py:545} INFO - Filling up the DagBag from /home/cloud/codings/airflow/dags/list_s3_bucket_files_dag.py
[2026-02-09T09:07:56.684+0000] {processor.py:840} INFO - DAG(s) 'list_s3_bucket_files_dag' retrieved from /home/cloud/codings/airflow/dags/list_s3_bucket_files_dag.py
[2026-02-09T09:07:56.725+0000] {logging_mixin.py:188} INFO - [2026-02-09T09:07:56.724+0000] {dag.py:3089} INFO - Sync 1 DAGs
[2026-02-09T09:07:56.752+0000] {logging_mixin.py:188} INFO - [2026-02-09T09:07:56.752+0000] {dag.py:3947} INFO - Setting next_dagrun for list_s3_bucket_files_dag to None, run_after=None
[2026-02-09T09:07:56.795+0000] {processor.py:183} INFO - Processing /home/cloud/codings/airflow/dags/list_s3_bucket_files_dag.py took 0.148 seconds
[2026-02-09T09:08:27.721+0000] {processor.py:161} INFO - Started process (PID=345509) to work on /home/cloud/codings/airflow/dags/list_s3_bucket_files_dag.py
[2026-02-09T09:08:27.739+0000] {processor.py:830} INFO - Processing file /home/cloud/codings/airflow/dags/list_s3_bucket_files_dag.py for tasks to queue
[2026-02-09T09:08:27.740+0000] {logging_mixin.py:188} INFO - [2026-02-09T09:08:27.739+0000] {dagbag.py:545} INFO - Filling up the DagBag from /home/cloud/codings/airflow/dags/list_s3_bucket_files_dag.py
[2026-02-09T09:08:27.754+0000] {processor.py:840} INFO - DAG(s) 'list_s3_bucket_files_dag' retrieved from /home/cloud/codings/airflow/dags/list_s3_bucket_files_dag.py
[2026-02-09T09:08:27.779+0000] {logging_mixin.py:188} INFO - [2026-02-09T09:08:27.779+0000] {dag.py:3089} INFO - Sync 1 DAGs
[2026-02-09T09:08:27.795+0000] {logging_mixin.py:188} INFO - [2026-02-09T09:08:27.795+0000] {dag.py:3947} INFO - Setting next_dagrun for list_s3_bucket_files_dag to None, run_after=None
[2026-02-09T09:08:27.841+0000] {processor.py:183} INFO - Processing /home/cloud/codings/airflow/dags/list_s3_bucket_files_dag.py took 0.131 seconds
[2026-02-09T09:08:58.884+0000] {processor.py:161} INFO - Started process (PID=345525) to work on /home/cloud/codings/airflow/dags/list_s3_bucket_files_dag.py
[2026-02-09T09:08:58.886+0000] {processor.py:830} INFO - Processing file /home/cloud/codings/airflow/dags/list_s3_bucket_files_dag.py for tasks to queue
[2026-02-09T09:08:58.887+0000] {logging_mixin.py:188} INFO - [2026-02-09T09:08:58.886+0000] {dagbag.py:545} INFO - Filling up the DagBag from /home/cloud/codings/airflow/dags/list_s3_bucket_files_dag.py
[2026-02-09T09:08:58.899+0000] {processor.py:840} INFO - DAG(s) 'list_s3_bucket_files_dag' retrieved from /home/cloud/codings/airflow/dags/list_s3_bucket_files_dag.py
[2026-02-09T09:08:58.922+0000] {logging_mixin.py:188} INFO - [2026-02-09T09:08:58.922+0000] {dag.py:3089} INFO - Sync 1 DAGs
[2026-02-09T09:08:58.938+0000] {logging_mixin.py:188} INFO - [2026-02-09T09:08:58.937+0000] {dag.py:3947} INFO - Setting next_dagrun for list_s3_bucket_files_dag to None, run_after=None
[2026-02-09T09:08:58.969+0000] {processor.py:183} INFO - Processing /home/cloud/codings/airflow/dags/list_s3_bucket_files_dag.py took 0.092 seconds
[2026-02-09T09:09:30.025+0000] {processor.py:161} INFO - Started process (PID=345545) to work on /home/cloud/codings/airflow/dags/list_s3_bucket_files_dag.py
[2026-02-09T09:09:30.042+0000] {processor.py:830} INFO - Processing file /home/cloud/codings/airflow/dags/list_s3_bucket_files_dag.py for tasks to queue
[2026-02-09T09:09:30.044+0000] {logging_mixin.py:188} INFO - [2026-02-09T09:09:30.043+0000] {dagbag.py:545} INFO - Filling up the DagBag from /home/cloud/codings/airflow/dags/list_s3_bucket_files_dag.py
[2026-02-09T09:09:30.060+0000] {processor.py:840} INFO - DAG(s) 'list_s3_bucket_files_dag' retrieved from /home/cloud/codings/airflow/dags/list_s3_bucket_files_dag.py
[2026-02-09T09:09:30.082+0000] {logging_mixin.py:188} INFO - [2026-02-09T09:09:30.082+0000] {dag.py:3089} INFO - Sync 1 DAGs
[2026-02-09T09:09:30.094+0000] {logging_mixin.py:188} INFO - [2026-02-09T09:09:30.094+0000] {dag.py:3947} INFO - Setting next_dagrun for list_s3_bucket_files_dag to None, run_after=None
[2026-02-09T09:09:30.119+0000] {processor.py:183} INFO - Processing /home/cloud/codings/airflow/dags/list_s3_bucket_files_dag.py took 0.108 seconds
[2026-02-09T09:10:00.247+0000] {processor.py:161} INFO - Started process (PID=345565) to work on /home/cloud/codings/airflow/dags/list_s3_bucket_files_dag.py
[2026-02-09T09:10:00.264+0000] {processor.py:830} INFO - Processing file /home/cloud/codings/airflow/dags/list_s3_bucket_files_dag.py for tasks to queue
[2026-02-09T09:10:00.266+0000] {logging_mixin.py:188} INFO - [2026-02-09T09:10:00.265+0000] {dagbag.py:545} INFO - Filling up the DagBag from /home/cloud/codings/airflow/dags/list_s3_bucket_files_dag.py
[2026-02-09T09:10:00.277+0000] {processor.py:840} INFO - DAG(s) 'list_s3_bucket_files_dag' retrieved from /home/cloud/codings/airflow/dags/list_s3_bucket_files_dag.py
[2026-02-09T09:10:00.299+0000] {logging_mixin.py:188} INFO - [2026-02-09T09:10:00.299+0000] {dag.py:3089} INFO - Sync 1 DAGs
[2026-02-09T09:10:00.313+0000] {logging_mixin.py:188} INFO - [2026-02-09T09:10:00.312+0000] {dag.py:3947} INFO - Setting next_dagrun for list_s3_bucket_files_dag to None, run_after=None
[2026-02-09T09:10:00.337+0000] {processor.py:183} INFO - Processing /home/cloud/codings/airflow/dags/list_s3_bucket_files_dag.py took 0.097 seconds
[2026-02-09T09:10:31.453+0000] {processor.py:161} INFO - Started process (PID=345579) to work on /home/cloud/codings/airflow/dags/list_s3_bucket_files_dag.py
[2026-02-09T09:10:31.454+0000] {processor.py:830} INFO - Processing file /home/cloud/codings/airflow/dags/list_s3_bucket_files_dag.py for tasks to queue
[2026-02-09T09:10:31.455+0000] {logging_mixin.py:188} INFO - [2026-02-09T09:10:31.455+0000] {dagbag.py:545} INFO - Filling up the DagBag from /home/cloud/codings/airflow/dags/list_s3_bucket_files_dag.py
[2026-02-09T09:10:31.467+0000] {processor.py:840} INFO - DAG(s) 'list_s3_bucket_files_dag' retrieved from /home/cloud/codings/airflow/dags/list_s3_bucket_files_dag.py
[2026-02-09T09:10:31.488+0000] {logging_mixin.py:188} INFO - [2026-02-09T09:10:31.488+0000] {dag.py:3089} INFO - Sync 1 DAGs
[2026-02-09T09:10:31.502+0000] {logging_mixin.py:188} INFO - [2026-02-09T09:10:31.501+0000] {dag.py:3947} INFO - Setting next_dagrun for list_s3_bucket_files_dag to None, run_after=None
[2026-02-09T09:10:31.529+0000] {processor.py:183} INFO - Processing /home/cloud/codings/airflow/dags/list_s3_bucket_files_dag.py took 0.082 seconds
[2026-02-09T09:11:02.258+0000] {processor.py:161} INFO - Started process (PID=345601) to work on /home/cloud/codings/airflow/dags/list_s3_bucket_files_dag.py
[2026-02-09T09:11:02.260+0000] {processor.py:830} INFO - Processing file /home/cloud/codings/airflow/dags/list_s3_bucket_files_dag.py for tasks to queue
[2026-02-09T09:11:02.261+0000] {logging_mixin.py:188} INFO - [2026-02-09T09:11:02.260+0000] {dagbag.py:545} INFO - Filling up the DagBag from /home/cloud/codings/airflow/dags/list_s3_bucket_files_dag.py
[2026-02-09T09:11:02.272+0000] {processor.py:840} INFO - DAG(s) 'list_s3_bucket_files_dag' retrieved from /home/cloud/codings/airflow/dags/list_s3_bucket_files_dag.py
[2026-02-09T09:11:02.293+0000] {logging_mixin.py:188} INFO - [2026-02-09T09:11:02.293+0000] {dag.py:3089} INFO - Sync 1 DAGs
[2026-02-09T09:11:02.307+0000] {logging_mixin.py:188} INFO - [2026-02-09T09:11:02.307+0000] {dag.py:3947} INFO - Setting next_dagrun for list_s3_bucket_files_dag to None, run_after=None
[2026-02-09T09:11:02.331+0000] {processor.py:183} INFO - Processing /home/cloud/codings/airflow/dags/list_s3_bucket_files_dag.py took 0.078 seconds
[2026-02-09T09:11:33.810+0000] {processor.py:161} INFO - Started process (PID=345613) to work on /home/cloud/codings/airflow/dags/list_s3_bucket_files_dag.py
[2026-02-09T09:11:33.812+0000] {processor.py:830} INFO - Processing file /home/cloud/codings/airflow/dags/list_s3_bucket_files_dag.py for tasks to queue
[2026-02-09T09:11:33.814+0000] {logging_mixin.py:188} INFO - [2026-02-09T09:11:33.813+0000] {dagbag.py:545} INFO - Filling up the DagBag from /home/cloud/codings/airflow/dags/list_s3_bucket_files_dag.py
[2026-02-09T09:11:33.832+0000] {processor.py:840} INFO - DAG(s) 'list_s3_bucket_files_dag' retrieved from /home/cloud/codings/airflow/dags/list_s3_bucket_files_dag.py
[2026-02-09T09:11:33.868+0000] {logging_mixin.py:188} INFO - [2026-02-09T09:11:33.868+0000] {dag.py:3089} INFO - Sync 1 DAGs
[2026-02-09T09:11:33.892+0000] {logging_mixin.py:188} INFO - [2026-02-09T09:11:33.892+0000] {dag.py:3947} INFO - Setting next_dagrun for list_s3_bucket_files_dag to None, run_after=None
[2026-02-09T09:11:33.935+0000] {processor.py:183} INFO - Processing /home/cloud/codings/airflow/dags/list_s3_bucket_files_dag.py took 0.136 seconds
[2026-02-09T09:12:04.181+0000] {processor.py:161} INFO - Started process (PID=345635) to work on /home/cloud/codings/airflow/dags/list_s3_bucket_files_dag.py
[2026-02-09T09:12:04.198+0000] {processor.py:830} INFO - Processing file /home/cloud/codings/airflow/dags/list_s3_bucket_files_dag.py for tasks to queue
[2026-02-09T09:12:04.200+0000] {logging_mixin.py:188} INFO - [2026-02-09T09:12:04.199+0000] {dagbag.py:545} INFO - Filling up the DagBag from /home/cloud/codings/airflow/dags/list_s3_bucket_files_dag.py
[2026-02-09T09:12:04.215+0000] {processor.py:840} INFO - DAG(s) 'list_s3_bucket_files_dag' retrieved from /home/cloud/codings/airflow/dags/list_s3_bucket_files_dag.py
[2026-02-09T09:12:04.240+0000] {logging_mixin.py:188} INFO - [2026-02-09T09:12:04.239+0000] {dag.py:3089} INFO - Sync 1 DAGs
[2026-02-09T09:12:04.258+0000] {logging_mixin.py:188} INFO - [2026-02-09T09:12:04.258+0000] {dag.py:3947} INFO - Setting next_dagrun for list_s3_bucket_files_dag to None, run_after=None
[2026-02-09T09:12:04.287+0000] {processor.py:183} INFO - Processing /home/cloud/codings/airflow/dags/list_s3_bucket_files_dag.py took 0.113 seconds
[2026-02-09T09:12:34.874+0000] {processor.py:161} INFO - Started process (PID=345656) to work on /home/cloud/codings/airflow/dags/list_s3_bucket_files_dag.py
[2026-02-09T09:12:34.875+0000] {processor.py:830} INFO - Processing file /home/cloud/codings/airflow/dags/list_s3_bucket_files_dag.py for tasks to queue
[2026-02-09T09:12:34.876+0000] {logging_mixin.py:188} INFO - [2026-02-09T09:12:34.876+0000] {dagbag.py:545} INFO - Filling up the DagBag from /home/cloud/codings/airflow/dags/list_s3_bucket_files_dag.py
[2026-02-09T09:12:34.887+0000] {processor.py:840} INFO - DAG(s) 'list_s3_bucket_files_dag' retrieved from /home/cloud/codings/airflow/dags/list_s3_bucket_files_dag.py
[2026-02-09T09:12:34.912+0000] {logging_mixin.py:188} INFO - [2026-02-09T09:12:34.912+0000] {dag.py:3089} INFO - Sync 1 DAGs
[2026-02-09T09:12:34.930+0000] {logging_mixin.py:188} INFO - [2026-02-09T09:12:34.930+0000] {dag.py:3947} INFO - Setting next_dagrun for list_s3_bucket_files_dag to None, run_after=None
[2026-02-09T09:12:34.956+0000] {processor.py:183} INFO - Processing /home/cloud/codings/airflow/dags/list_s3_bucket_files_dag.py took 0.090 seconds
[2026-02-09T09:13:05.552+0000] {processor.py:161} INFO - Started process (PID=345670) to work on /home/cloud/codings/airflow/dags/list_s3_bucket_files_dag.py
[2026-02-09T09:13:05.568+0000] {processor.py:830} INFO - Processing file /home/cloud/codings/airflow/dags/list_s3_bucket_files_dag.py for tasks to queue
[2026-02-09T09:13:05.569+0000] {logging_mixin.py:188} INFO - [2026-02-09T09:13:05.569+0000] {dagbag.py:545} INFO - Filling up the DagBag from /home/cloud/codings/airflow/dags/list_s3_bucket_files_dag.py
[2026-02-09T09:13:05.578+0000] {processor.py:840} INFO - DAG(s) 'list_s3_bucket_files_dag' retrieved from /home/cloud/codings/airflow/dags/list_s3_bucket_files_dag.py
[2026-02-09T09:13:05.601+0000] {logging_mixin.py:188} INFO - [2026-02-09T09:13:05.600+0000] {dag.py:3089} INFO - Sync 1 DAGs
[2026-02-09T09:13:05.615+0000] {logging_mixin.py:188} INFO - [2026-02-09T09:13:05.615+0000] {dag.py:3947} INFO - Setting next_dagrun for list_s3_bucket_files_dag to None, run_after=None
[2026-02-09T09:13:05.638+0000] {processor.py:183} INFO - Processing /home/cloud/codings/airflow/dags/list_s3_bucket_files_dag.py took 0.092 seconds
[2026-02-09T09:13:35.809+0000] {processor.py:161} INFO - Started process (PID=345690) to work on /home/cloud/codings/airflow/dags/list_s3_bucket_files_dag.py
[2026-02-09T09:13:35.811+0000] {processor.py:830} INFO - Processing file /home/cloud/codings/airflow/dags/list_s3_bucket_files_dag.py for tasks to queue
[2026-02-09T09:13:35.814+0000] {logging_mixin.py:188} INFO - [2026-02-09T09:13:35.813+0000] {dagbag.py:545} INFO - Filling up the DagBag from /home/cloud/codings/airflow/dags/list_s3_bucket_files_dag.py
[2026-02-09T09:13:35.833+0000] {processor.py:840} INFO - DAG(s) 'list_s3_bucket_files_dag' retrieved from /home/cloud/codings/airflow/dags/list_s3_bucket_files_dag.py
[2026-02-09T09:13:35.857+0000] {logging_mixin.py:188} INFO - [2026-02-09T09:13:35.857+0000] {dag.py:3089} INFO - Sync 1 DAGs
[2026-02-09T09:13:35.872+0000] {logging_mixin.py:188} INFO - [2026-02-09T09:13:35.871+0000] {dag.py:3947} INFO - Setting next_dagrun for list_s3_bucket_files_dag to None, run_after=None
[2026-02-09T09:13:35.896+0000] {processor.py:183} INFO - Processing /home/cloud/codings/airflow/dags/list_s3_bucket_files_dag.py took 0.103 seconds
[2026-02-09T09:14:06.493+0000] {processor.py:161} INFO - Started process (PID=345723) to work on /home/cloud/codings/airflow/dags/list_s3_bucket_files_dag.py
[2026-02-09T09:14:06.510+0000] {processor.py:830} INFO - Processing file /home/cloud/codings/airflow/dags/list_s3_bucket_files_dag.py for tasks to queue
[2026-02-09T09:14:06.511+0000] {logging_mixin.py:188} INFO - [2026-02-09T09:14:06.511+0000] {dagbag.py:545} INFO - Filling up the DagBag from /home/cloud/codings/airflow/dags/list_s3_bucket_files_dag.py
[2026-02-09T09:14:06.523+0000] {processor.py:840} INFO - DAG(s) 'list_s3_bucket_files_dag' retrieved from /home/cloud/codings/airflow/dags/list_s3_bucket_files_dag.py
[2026-02-09T09:14:06.546+0000] {logging_mixin.py:188} INFO - [2026-02-09T09:14:06.545+0000] {dag.py:3089} INFO - Sync 1 DAGs
[2026-02-09T09:14:06.561+0000] {logging_mixin.py:188} INFO - [2026-02-09T09:14:06.561+0000] {dag.py:3947} INFO - Setting next_dagrun for list_s3_bucket_files_dag to None, run_after=None
[2026-02-09T09:14:06.589+0000] {processor.py:183} INFO - Processing /home/cloud/codings/airflow/dags/list_s3_bucket_files_dag.py took 0.104 seconds
[2026-02-09T09:14:37.186+0000] {processor.py:161} INFO - Started process (PID=345745) to work on /home/cloud/codings/airflow/dags/list_s3_bucket_files_dag.py
[2026-02-09T09:14:37.202+0000] {processor.py:830} INFO - Processing file /home/cloud/codings/airflow/dags/list_s3_bucket_files_dag.py for tasks to queue
[2026-02-09T09:14:37.203+0000] {logging_mixin.py:188} INFO - [2026-02-09T09:14:37.203+0000] {dagbag.py:545} INFO - Filling up the DagBag from /home/cloud/codings/airflow/dags/list_s3_bucket_files_dag.py
[2026-02-09T09:14:37.215+0000] {processor.py:840} INFO - DAG(s) 'list_s3_bucket_files_dag' retrieved from /home/cloud/codings/airflow/dags/list_s3_bucket_files_dag.py
[2026-02-09T09:14:37.240+0000] {logging_mixin.py:188} INFO - [2026-02-09T09:14:37.240+0000] {dag.py:3089} INFO - Sync 1 DAGs
[2026-02-09T09:14:37.255+0000] {logging_mixin.py:188} INFO - [2026-02-09T09:14:37.255+0000] {dag.py:3947} INFO - Setting next_dagrun for list_s3_bucket_files_dag to None, run_after=None
[2026-02-09T09:14:37.285+0000] {processor.py:183} INFO - Processing /home/cloud/codings/airflow/dags/list_s3_bucket_files_dag.py took 0.105 seconds
[2026-02-09T09:15:08.053+0000] {processor.py:161} INFO - Started process (PID=345765) to work on /home/cloud/codings/airflow/dags/list_s3_bucket_files_dag.py
[2026-02-09T09:15:08.055+0000] {processor.py:830} INFO - Processing file /home/cloud/codings/airflow/dags/list_s3_bucket_files_dag.py for tasks to queue
[2026-02-09T09:15:08.056+0000] {logging_mixin.py:188} INFO - [2026-02-09T09:15:08.055+0000] {dagbag.py:545} INFO - Filling up the DagBag from /home/cloud/codings/airflow/dags/list_s3_bucket_files_dag.py
[2026-02-09T09:15:08.066+0000] {processor.py:840} INFO - DAG(s) 'list_s3_bucket_files_dag' retrieved from /home/cloud/codings/airflow/dags/list_s3_bucket_files_dag.py
[2026-02-09T09:15:08.088+0000] {logging_mixin.py:188} INFO - [2026-02-09T09:15:08.087+0000] {dag.py:3089} INFO - Sync 1 DAGs
[2026-02-09T09:15:08.102+0000] {logging_mixin.py:188} INFO - [2026-02-09T09:15:08.102+0000] {dag.py:3947} INFO - Setting next_dagrun for list_s3_bucket_files_dag to None, run_after=None
[2026-02-09T09:15:08.126+0000] {processor.py:183} INFO - Processing /home/cloud/codings/airflow/dags/list_s3_bucket_files_dag.py took 0.079 seconds
[2026-02-09T09:15:38.767+0000] {processor.py:161} INFO - Started process (PID=345779) to work on /home/cloud/codings/airflow/dags/list_s3_bucket_files_dag.py
[2026-02-09T09:15:38.768+0000] {processor.py:830} INFO - Processing file /home/cloud/codings/airflow/dags/list_s3_bucket_files_dag.py for tasks to queue
[2026-02-09T09:15:38.769+0000] {logging_mixin.py:188} INFO - [2026-02-09T09:15:38.769+0000] {dagbag.py:545} INFO - Filling up the DagBag from /home/cloud/codings/airflow/dags/list_s3_bucket_files_dag.py
[2026-02-09T09:15:38.779+0000] {processor.py:840} INFO - DAG(s) 'list_s3_bucket_files_dag' retrieved from /home/cloud/codings/airflow/dags/list_s3_bucket_files_dag.py
[2026-02-09T09:15:38.804+0000] {logging_mixin.py:188} INFO - [2026-02-09T09:15:38.804+0000] {dag.py:3089} INFO - Sync 1 DAGs
[2026-02-09T09:15:38.819+0000] {logging_mixin.py:188} INFO - [2026-02-09T09:15:38.819+0000] {dag.py:3947} INFO - Setting next_dagrun for list_s3_bucket_files_dag to None, run_after=None
[2026-02-09T09:15:38.847+0000] {processor.py:183} INFO - Processing /home/cloud/codings/airflow/dags/list_s3_bucket_files_dag.py took 0.086 seconds
[2026-02-09T09:16:09.085+0000] {processor.py:161} INFO - Started process (PID=345797) to work on /home/cloud/codings/airflow/dags/list_s3_bucket_files_dag.py
[2026-02-09T09:16:09.092+0000] {processor.py:830} INFO - Processing file /home/cloud/codings/airflow/dags/list_s3_bucket_files_dag.py for tasks to queue
[2026-02-09T09:16:09.093+0000] {logging_mixin.py:188} INFO - [2026-02-09T09:16:09.093+0000] {dagbag.py:545} INFO - Filling up the DagBag from /home/cloud/codings/airflow/dags/list_s3_bucket_files_dag.py
[2026-02-09T09:16:09.106+0000] {processor.py:840} INFO - DAG(s) 'list_s3_bucket_files_dag' retrieved from /home/cloud/codings/airflow/dags/list_s3_bucket_files_dag.py
[2026-02-09T09:16:09.135+0000] {logging_mixin.py:188} INFO - [2026-02-09T09:16:09.134+0000] {dag.py:3089} INFO - Sync 1 DAGs
[2026-02-09T09:16:09.151+0000] {logging_mixin.py:188} INFO - [2026-02-09T09:16:09.151+0000] {dag.py:3947} INFO - Setting next_dagrun for list_s3_bucket_files_dag to None, run_after=None
[2026-02-09T09:16:09.183+0000] {processor.py:183} INFO - Processing /home/cloud/codings/airflow/dags/list_s3_bucket_files_dag.py took 0.105 seconds
[2026-02-09T09:16:39.853+0000] {processor.py:161} INFO - Started process (PID=345811) to work on /home/cloud/codings/airflow/dags/list_s3_bucket_files_dag.py
[2026-02-09T09:16:39.854+0000] {processor.py:830} INFO - Processing file /home/cloud/codings/airflow/dags/list_s3_bucket_files_dag.py for tasks to queue
[2026-02-09T09:16:39.855+0000] {logging_mixin.py:188} INFO - [2026-02-09T09:16:39.855+0000] {dagbag.py:545} INFO - Filling up the DagBag from /home/cloud/codings/airflow/dags/list_s3_bucket_files_dag.py
[2026-02-09T09:16:39.870+0000] {processor.py:840} INFO - DAG(s) 'list_s3_bucket_files_dag' retrieved from /home/cloud/codings/airflow/dags/list_s3_bucket_files_dag.py
[2026-02-09T09:16:39.896+0000] {logging_mixin.py:188} INFO - [2026-02-09T09:16:39.896+0000] {dag.py:3089} INFO - Sync 1 DAGs
[2026-02-09T09:16:39.912+0000] {logging_mixin.py:188} INFO - [2026-02-09T09:16:39.912+0000] {dag.py:3947} INFO - Setting next_dagrun for list_s3_bucket_files_dag to None, run_after=None
[2026-02-09T09:16:39.940+0000] {processor.py:183} INFO - Processing /home/cloud/codings/airflow/dags/list_s3_bucket_files_dag.py took 0.094 seconds
[2026-02-09T09:17:11.495+0000] {processor.py:161} INFO - Started process (PID=345832) to work on /home/cloud/codings/airflow/dags/list_s3_bucket_files_dag.py
[2026-02-09T09:17:11.513+0000] {processor.py:830} INFO - Processing file /home/cloud/codings/airflow/dags/list_s3_bucket_files_dag.py for tasks to queue
[2026-02-09T09:17:11.514+0000] {logging_mixin.py:188} INFO - [2026-02-09T09:17:11.513+0000] {dagbag.py:545} INFO - Filling up the DagBag from /home/cloud/codings/airflow/dags/list_s3_bucket_files_dag.py
[2026-02-09T09:17:11.525+0000] {processor.py:840} INFO - DAG(s) 'list_s3_bucket_files_dag' retrieved from /home/cloud/codings/airflow/dags/list_s3_bucket_files_dag.py
[2026-02-09T09:17:11.547+0000] {logging_mixin.py:188} INFO - [2026-02-09T09:17:11.546+0000] {dag.py:3089} INFO - Sync 1 DAGs
[2026-02-09T09:17:11.561+0000] {logging_mixin.py:188} INFO - [2026-02-09T09:17:11.561+0000] {dag.py:3947} INFO - Setting next_dagrun for list_s3_bucket_files_dag to None, run_after=None
[2026-02-09T09:17:11.590+0000] {processor.py:183} INFO - Processing /home/cloud/codings/airflow/dags/list_s3_bucket_files_dag.py took 0.101 seconds
[2026-02-09T09:17:42.004+0000] {processor.py:161} INFO - Started process (PID=345852) to work on /home/cloud/codings/airflow/dags/list_s3_bucket_files_dag.py
[2026-02-09T09:17:42.006+0000] {processor.py:830} INFO - Processing file /home/cloud/codings/airflow/dags/list_s3_bucket_files_dag.py for tasks to queue
[2026-02-09T09:17:42.007+0000] {logging_mixin.py:188} INFO - [2026-02-09T09:17:42.006+0000] {dagbag.py:545} INFO - Filling up the DagBag from /home/cloud/codings/airflow/dags/list_s3_bucket_files_dag.py
[2026-02-09T09:17:42.017+0000] {processor.py:840} INFO - DAG(s) 'list_s3_bucket_files_dag' retrieved from /home/cloud/codings/airflow/dags/list_s3_bucket_files_dag.py
[2026-02-09T09:17:42.041+0000] {logging_mixin.py:188} INFO - [2026-02-09T09:17:42.040+0000] {dag.py:3089} INFO - Sync 1 DAGs
[2026-02-09T09:17:42.056+0000] {logging_mixin.py:188} INFO - [2026-02-09T09:17:42.056+0000] {dag.py:3947} INFO - Setting next_dagrun for list_s3_bucket_files_dag to None, run_after=None
[2026-02-09T09:17:42.093+0000] {processor.py:183} INFO - Processing /home/cloud/codings/airflow/dags/list_s3_bucket_files_dag.py took 0.095 seconds
[2026-02-09T09:18:12.502+0000] {processor.py:161} INFO - Started process (PID=345864) to work on /home/cloud/codings/airflow/dags/list_s3_bucket_files_dag.py
[2026-02-09T09:18:12.519+0000] {processor.py:830} INFO - Processing file /home/cloud/codings/airflow/dags/list_s3_bucket_files_dag.py for tasks to queue
[2026-02-09T09:18:12.520+0000] {logging_mixin.py:188} INFO - [2026-02-09T09:18:12.520+0000] {dagbag.py:545} INFO - Filling up the DagBag from /home/cloud/codings/airflow/dags/list_s3_bucket_files_dag.py
[2026-02-09T09:18:12.531+0000] {processor.py:840} INFO - DAG(s) 'list_s3_bucket_files_dag' retrieved from /home/cloud/codings/airflow/dags/list_s3_bucket_files_dag.py
[2026-02-09T09:18:12.555+0000] {logging_mixin.py:188} INFO - [2026-02-09T09:18:12.555+0000] {dag.py:3089} INFO - Sync 1 DAGs
[2026-02-09T09:18:12.569+0000] {logging_mixin.py:188} INFO - [2026-02-09T09:18:12.569+0000] {dag.py:3947} INFO - Setting next_dagrun for list_s3_bucket_files_dag to None, run_after=None
[2026-02-09T09:18:12.594+0000] {processor.py:183} INFO - Processing /home/cloud/codings/airflow/dags/list_s3_bucket_files_dag.py took 0.097 seconds
[2026-02-09T09:18:43.203+0000] {processor.py:161} INFO - Started process (PID=345886) to work on /home/cloud/codings/airflow/dags/list_s3_bucket_files_dag.py
[2026-02-09T09:18:43.204+0000] {processor.py:830} INFO - Processing file /home/cloud/codings/airflow/dags/list_s3_bucket_files_dag.py for tasks to queue
[2026-02-09T09:18:43.205+0000] {logging_mixin.py:188} INFO - [2026-02-09T09:18:43.204+0000] {dagbag.py:545} INFO - Filling up the DagBag from /home/cloud/codings/airflow/dags/list_s3_bucket_files_dag.py
[2026-02-09T09:18:43.215+0000] {processor.py:840} INFO - DAG(s) 'list_s3_bucket_files_dag' retrieved from /home/cloud/codings/airflow/dags/list_s3_bucket_files_dag.py
[2026-02-09T09:18:43.240+0000] {logging_mixin.py:188} INFO - [2026-02-09T09:18:43.240+0000] {dag.py:3089} INFO - Sync 1 DAGs
[2026-02-09T09:18:43.256+0000] {logging_mixin.py:188} INFO - [2026-02-09T09:18:43.256+0000] {dag.py:3947} INFO - Setting next_dagrun for list_s3_bucket_files_dag to None, run_after=None
[2026-02-09T09:18:43.281+0000] {processor.py:183} INFO - Processing /home/cloud/codings/airflow/dags/list_s3_bucket_files_dag.py took 0.085 seconds
[2026-02-09T09:19:13.532+0000] {processor.py:161} INFO - Started process (PID=345904) to work on /home/cloud/codings/airflow/dags/list_s3_bucket_files_dag.py
[2026-02-09T09:19:13.533+0000] {processor.py:830} INFO - Processing file /home/cloud/codings/airflow/dags/list_s3_bucket_files_dag.py for tasks to queue
[2026-02-09T09:19:13.534+0000] {logging_mixin.py:188} INFO - [2026-02-09T09:19:13.534+0000] {dagbag.py:545} INFO - Filling up the DagBag from /home/cloud/codings/airflow/dags/list_s3_bucket_files_dag.py
[2026-02-09T09:19:13.544+0000] {processor.py:840} INFO - DAG(s) 'list_s3_bucket_files_dag' retrieved from /home/cloud/codings/airflow/dags/list_s3_bucket_files_dag.py
[2026-02-09T09:19:13.569+0000] {logging_mixin.py:188} INFO - [2026-02-09T09:19:13.569+0000] {dag.py:3089} INFO - Sync 1 DAGs
[2026-02-09T09:19:13.585+0000] {logging_mixin.py:188} INFO - [2026-02-09T09:19:13.584+0000] {dag.py:3947} INFO - Setting next_dagrun for list_s3_bucket_files_dag to None, run_after=None
[2026-02-09T09:19:13.610+0000] {processor.py:183} INFO - Processing /home/cloud/codings/airflow/dags/list_s3_bucket_files_dag.py took 0.085 seconds
[2026-02-09T09:19:43.702+0000] {processor.py:161} INFO - Started process (PID=345921) to work on /home/cloud/codings/airflow/dags/list_s3_bucket_files_dag.py
[2026-02-09T09:19:43.703+0000] {processor.py:830} INFO - Processing file /home/cloud/codings/airflow/dags/list_s3_bucket_files_dag.py for tasks to queue
[2026-02-09T09:19:43.704+0000] {logging_mixin.py:188} INFO - [2026-02-09T09:19:43.704+0000] {dagbag.py:545} INFO - Filling up the DagBag from /home/cloud/codings/airflow/dags/list_s3_bucket_files_dag.py
[2026-02-09T09:19:43.716+0000] {processor.py:840} INFO - DAG(s) 'list_s3_bucket_files_dag' retrieved from /home/cloud/codings/airflow/dags/list_s3_bucket_files_dag.py
[2026-02-09T09:19:43.739+0000] {logging_mixin.py:188} INFO - [2026-02-09T09:19:43.739+0000] {dag.py:3089} INFO - Sync 1 DAGs
[2026-02-09T09:19:43.755+0000] {logging_mixin.py:188} INFO - [2026-02-09T09:19:43.755+0000] {dag.py:3947} INFO - Setting next_dagrun for list_s3_bucket_files_dag to None, run_after=None
[2026-02-09T09:19:43.782+0000] {processor.py:183} INFO - Processing /home/cloud/codings/airflow/dags/list_s3_bucket_files_dag.py took 0.087 seconds
[2026-02-09T09:20:14.186+0000] {processor.py:161} INFO - Started process (PID=345941) to work on /home/cloud/codings/airflow/dags/list_s3_bucket_files_dag.py
[2026-02-09T09:20:14.187+0000] {processor.py:830} INFO - Processing file /home/cloud/codings/airflow/dags/list_s3_bucket_files_dag.py for tasks to queue
[2026-02-09T09:20:14.188+0000] {logging_mixin.py:188} INFO - [2026-02-09T09:20:14.188+0000] {dagbag.py:545} INFO - Filling up the DagBag from /home/cloud/codings/airflow/dags/list_s3_bucket_files_dag.py
[2026-02-09T09:20:14.199+0000] {processor.py:840} INFO - DAG(s) 'list_s3_bucket_files_dag' retrieved from /home/cloud/codings/airflow/dags/list_s3_bucket_files_dag.py
[2026-02-09T09:20:14.219+0000] {logging_mixin.py:188} INFO - [2026-02-09T09:20:14.219+0000] {dag.py:3089} INFO - Sync 1 DAGs
[2026-02-09T09:20:14.232+0000] {logging_mixin.py:188} INFO - [2026-02-09T09:20:14.231+0000] {dag.py:3947} INFO - Setting next_dagrun for list_s3_bucket_files_dag to None, run_after=None
[2026-02-09T09:20:14.255+0000] {processor.py:183} INFO - Processing /home/cloud/codings/airflow/dags/list_s3_bucket_files_dag.py took 0.076 seconds
[2026-02-09T09:20:44.309+0000] {processor.py:161} INFO - Started process (PID=345955) to work on /home/cloud/codings/airflow/dags/list_s3_bucket_files_dag.py
[2026-02-09T09:20:44.326+0000] {processor.py:830} INFO - Processing file /home/cloud/codings/airflow/dags/list_s3_bucket_files_dag.py for tasks to queue
[2026-02-09T09:20:44.327+0000] {logging_mixin.py:188} INFO - [2026-02-09T09:20:44.326+0000] {dagbag.py:545} INFO - Filling up the DagBag from /home/cloud/codings/airflow/dags/list_s3_bucket_files_dag.py
[2026-02-09T09:20:44.337+0000] {processor.py:840} INFO - DAG(s) 'list_s3_bucket_files_dag' retrieved from /home/cloud/codings/airflow/dags/list_s3_bucket_files_dag.py
[2026-02-09T09:20:44.359+0000] {logging_mixin.py:188} INFO - [2026-02-09T09:20:44.359+0000] {dag.py:3089} INFO - Sync 1 DAGs
[2026-02-09T09:20:44.372+0000] {logging_mixin.py:188} INFO - [2026-02-09T09:20:44.372+0000] {dag.py:3947} INFO - Setting next_dagrun for list_s3_bucket_files_dag to None, run_after=None
[2026-02-09T09:20:44.396+0000] {processor.py:183} INFO - Processing /home/cloud/codings/airflow/dags/list_s3_bucket_files_dag.py took 0.093 seconds
[2026-02-09T09:21:14.898+0000] {processor.py:161} INFO - Started process (PID=346030) to work on /home/cloud/codings/airflow/dags/list_s3_bucket_files_dag.py
[2026-02-09T09:21:14.899+0000] {processor.py:830} INFO - Processing file /home/cloud/codings/airflow/dags/list_s3_bucket_files_dag.py for tasks to queue
[2026-02-09T09:21:14.900+0000] {logging_mixin.py:188} INFO - [2026-02-09T09:21:14.899+0000] {dagbag.py:545} INFO - Filling up the DagBag from /home/cloud/codings/airflow/dags/list_s3_bucket_files_dag.py
[2026-02-09T09:21:14.911+0000] {processor.py:840} INFO - DAG(s) 'list_s3_bucket_files_dag' retrieved from /home/cloud/codings/airflow/dags/list_s3_bucket_files_dag.py
[2026-02-09T09:21:14.935+0000] {logging_mixin.py:188} INFO - [2026-02-09T09:21:14.935+0000] {dag.py:3089} INFO - Sync 1 DAGs
[2026-02-09T09:21:14.951+0000] {logging_mixin.py:188} INFO - [2026-02-09T09:21:14.951+0000] {dag.py:3947} INFO - Setting next_dagrun for list_s3_bucket_files_dag to None, run_after=None
[2026-02-09T09:21:14.977+0000] {processor.py:183} INFO - Processing /home/cloud/codings/airflow/dags/list_s3_bucket_files_dag.py took 0.086 seconds
