RDM_NAME_NM,RDM_CODE_CD,MEDDRA_TERM,ACRONYM,ISACTIVE,CREATED_BY,CREATE_DATE_TS,UPDATED_BY,LAST_UPDATE_DATE_TS,SOURCE_SYSTEM
SIT_MDRAT_Edit-SIT,SIT,SIT_MDRAT_Edit,SIT_CIA_Edit,Yes,INF_BATCH,2024-09-13 07:40:13.482,INF_BATCH,2024-10-07 07:16:44.567,INF_R360
Test_SIT_R3_MedDRA-Test_SIT_R3_Code,Test_SIT_R3_Code,Test_SIT_R3_MedDRA,Test_SIT_R3_CIA,Yes,INF_BATCH,2024-09-13 07:40:13.482,INF_BATCH,2024-10-07 07:16:44.567,INF_R360
test term MOD-medra test MOD,medra test MOD,test term MOD,CJTEST,Yes,INF_BATCH,2024-09-13 07:40:13.482,INF_BATCH,2024-10-07 07:16:44.567,INF_R360
test blanc-test blanc,test blanc,test blanc,TEST BLANC,Yes,INF_BATCH,2024-09-13 07:40:13.482,INF_BATCH,2024-10-07 07:16:44.567,INF_R360
MDMRD698 Term-MDMRD698,MDMRD698,MDMRD698 Term,MDMRD698,Yes,INF_BATCH,2024-09-13 07:40:13.482,INF_BATCH,2024-11-27 13:16:54.099,INF_R360
Shingles-10040555,10040555,Shingles,HZ,Yes,INF_BATCH,2025-12-16 16:16:35.784,INF_BATCH,2025-12-16 16:16:36.044,INF_R360
Epidermolysis bullosa-10014989,10014989,Epidermolysis bullosa,EB,Yes,INF_BATCH,2025-12-16 16:16:35.784,INF_BATCH,2025-12-16 16:16:36.044,INF_R360
Netherton's syndrome-10062909,10062909,Netherton's syndrome,NS,Yes,INF_BATCH,2025-12-16 16:16:35.784,INF_BATCH,2025-12-16 16:16:36.044,INF_R360
Drug eruption-10013687,10013687,Drug eruption,DRUGE,Yes,INF_BATCH,2025-12-10 13:16:16.408,INF_BATCH,2025-12-10 13:16:16.658,INF_R360
Allergic rhinoconjunctivitis-10001728,10001728,Allergic rhinoconjunctivitis,ALLRCNJ,Yes,INF_BATCH,2025-10-17 14:16:07.058,INF_BATCH,2025-10-17 14:16:07.385,INF_R360
Mast cell activation syndrome-10075217,10075217,Mast cell activation syndrome,MCAS,Yes,INF_BATCH,2025-10-17 14:16:07.058,INF_BATCH,2025-10-17 14:16:07.385,INF_R360
Advanced systemic mastocytosis-10089805,10089805,Advanced systemic mastocytosis,ASMast,Yes,INF_BATCH,2025-10-17 14:16:07.058,INF_BATCH,2025-10-17 14:16:07.385,INF_R360
Systemic mastocytosis-10042949,10042949,Systemic mastocytosis,SMast,Yes,INF_BATCH,2025-10-17 14:16:07.058,INF_BATCH,2025-10-17 14:16:07.385,INF_R360
Indolent systemic mastocytosis-10056452,10056452,Indolent systemic mastocytosis,Ismet,Yes,INF_BATCH,2025-10-17 14:16:07.058,INF_BATCH,2025-10-17 14:16:07.385,INF_R360
Familial chylomicronemia syndrome-10085051,10085051,Familial chylomicronemia syndrome,FCS,Yes,INF_BATCH,2025-09-22 16:16:05.146,INF_BATCH,2026-01-12 13:16:32.144,INF_R360
Invasive pneumococcal disease-10092606,10092606,Invasive pneumococcal disease,IPD,Yes,INF_BATCH,2025-09-09 19:15:59.657,INF_BATCH,2025-10-17 14:16:07.385,INF_R360
Rhinovirus infection-10061494,10061494,Rhinovirus infection,RV-INF,Yes,INF_BATCH,2025-05-30 17:16:20.134,INF_BATCH,2025-10-17 14:16:07.385,INF_R360
Metabolic dysfunction-associated steatohepatitis-10090856,10090856,Metabolic dysfunction-associated steatohepatitis,MASH,Yes,INF_BATCH,2025-05-30 17:16:20.134,INF_BATCH,2025-10-17 14:16:07.385,INF_R360
Genitourinary chlamydia infection-10018185,10018185,Genitourinary chlamydia infection,CT-INF,Yes,INF_BATCH,2025-05-23 13:16:15.059,INF_BATCH,2025-10-17 14:16:07.385,INF_R360
Bacterial meningitis-10004049,10004049,Bacterial meningitis,BACT MNG,Yes,INF_BATCH,2025-05-09 09:15:55.044,INF_BATCH,2025-10-17 14:16:07.385,INF_R360
Infectious mononucleosis-10021914,10021914,Infectious mononucleosis,INF MONO,Yes,INF_BATCH,2025-05-09 09:15:55.044,INF_BATCH,2025-10-17 14:16:07.385,INF_R360
Yellow fever virus infection-10048242,10048242,Yellow fever virus infection,YFV INF,Yes,INF_BATCH,2025-05-09 09:15:55.044,INF_BATCH,2025-10-17 14:16:07.385,INF_R360
Peanut allergy-10034202,10034202,Peanut allergy,PEAN-ALG,Yes,INF_BATCH,2025-05-09 09:15:55.044,INF_BATCH,2025-10-17 14:16:07.385,INF_R360
Rabies-10037742,10037742,Rabies,RABI,Yes,INF_BATCH,2025-05-09 09:15:55.044,INF_BATCH,2025-10-17 14:16:07.385,INF_R360
Pneumococcal infection-10061353,10061353,Pneumococcal infection,PNEUM INF,Yes,INF_BATCH,2025-05-09 09:15:55.044,INF_BATCH,2025-10-17 14:16:07.385,INF_R360
Respiratory syncytial virus infection-10061603,10061603,Respiratory syncytial virus infection,RSV INF,Yes,INF_BATCH,2025-05-09 09:15:55.044,INF_BATCH,2025-10-17 14:16:07.385,INF_R360
COVID-19 prophylaxis-10084458,10084458,COVID-19 prophylaxis,COVID,Yes,INF_BATCH,2025-05-09 09:15:55.044,INF_BATCH,2025-10-17 14:16:07.385,INF_R360
Dry age-related macular degeneration-10075567,10075567,Dry age-related macular degeneration,DRYARMD,Yes,INF_BATCH,2025-04-16 20:26:22.204,INF_BATCH,2025-10-17 14:16:07.385,INF_R360
Geographic atrophy-10063947,10063947,Geographic atrophy,GEOARMD,Yes,INF_BATCH,2025-04-16 20:26:22.204,INF_BATCH,2025-10-17 14:16:07.385,INF_R360
Wet age-related macular degeneration,10075568,Wet age-related macular degeneration,WETARMD,Yes,INF_BATCH,2025-04-16 20:26:22.204,INF_BATCH,2025-10-17 14:16:07.385,INF_R360
Common variable immunodeficiency-10010112,10010112,Common variable immunodeficiency,CVID,Yes,INF_BATCH,2025-03-17 16:15:55.106,INF_BATCH,2025-10-17 14:16:07.385,INF_R360
Type 1 diabetes mellitus stage 3-10091460,10091460,Type 1 diabetes mellitus stage 3,T1D-Stage3,Yes,INF_BATCH,2025-03-06 09:16:09.593,INF_BATCH,2025-10-17 14:16:07.385,INF_R360
Hemophilia B-10082786,10082786,Hemophilia B,HEMOB,Yes,INF_BATCH,2025-03-04 17:15:57.168,INF_BATCH,2025-10-17 14:16:07.385,INF_R360
Type 1 diabetes mellitus stage 2-10091458,10091458,Type 1 diabetes mellitus stage 2,T1D-Stage2,Yes,INF_BATCH,2025-03-04 17:15:57.168,INF_BATCH,2025-10-17 14:16:07.385,INF_R360
Clinical trial healthy volunteer-10088820,10088820,Clinical trial healthy volunteer,CT-HV,Yes,INF_BATCH,2025-02-14 09:16:17.278,INF_BATCH,2025-10-17 14:16:07.385,INF_R360
Autoimmune hemolytic anemia-10003825,10003825,Autoimmune hemolytic anemia,AIHA,Yes,INF_BATCH,2025-01-31 19:16:17.907,INF_BATCH,2025-10-17 14:16:07.385,INF_R360
Primary progressive multiple sclerosis-10063401,10063401,Primary progressive multiple sclerosis,PPMS,Yes,INF_BATCH,2025-01-24 12:21:46.474,INF_BATCH,2025-10-17 14:16:07.385,INF_R360
Smoldering myeloma-10075894,10075894,Smoldering myeloma,SM,Yes,INF_BATCH,2025-01-24 12:21:46.474,INF_BATCH,2025-10-17 14:16:07.385,INF_R360
Secondary progressive multiple sclerosis-10063400,10063400,Secondary progressive multiple sclerosis,SPMS,Yes,INF_BATCH,2025-01-24 12:21:46.474,INF_BATCH,2025-10-17 14:16:07.385,INF_R360
Relapsed/refractory multiple myeloma-10086466,10086466,Relapsed/refractory multiple myeloma,RRMM,Yes,INF_BATCH,2025-01-24 12:21:46.474,INF_BATCH,2025-10-17 14:16:07.385,INF_R360
GM1 gangliosidosis-10083308,10083308,GM1 gangliosidosis,GM1,Yes,INF_BATCH,2025-01-17 14:17:26.275,INF_BATCH,2025-10-17 14:16:07.385,INF_R360
Sialidosis-10058800,10058800,Sialidosis,SLDS,Yes,INF_BATCH,2025-01-17 14:17:26.275,INF_BATCH,2025-10-17 14:16:07.385,INF_R360
Osteogenesis imperfecta-10031243,10031243,Osteogenesis imperfecta,OI,Yes,INF_BATCH,2024-07-05 08:48:47.437,INF_BATCH,2025-10-17 14:16:07.385,INF_R360
Osteomyelitis-10031252,10031252,Osteomyelitis,OSTM,Yes,INF_BATCH,2024-07-05 08:48:47.437,INF_BATCH,2025-10-17 14:16:07.385,INF_R360
Osteoporosis-10031282,10031282,Osteoporosis,OST,Yes,INF_BATCH,2024-07-05 08:48:47.437,INF_BATCH,2025-10-17 14:16:07.385,INF_R360
ZZZ_OSTEOPOROSIS POSTMENOPAUSAL-10031285(Do Not Use),10031285,OSTEOPOROSIS POSTMENOPAUSAL,PMOST,No,INF_BATCH,2024-07-05 08:48:47.437,INF_BATCH,2025-10-17 14:16:07.385,INF_R360
Otitis media acute-10033079,10033079,Otitis media acute,AOM,Yes,INF_BATCH,2024-07-05 08:48:47.437,INF_BATCH,2025-10-17 14:16:07.385,INF_R360
Ovarian cancer-10033128,10033128,Ovarian cancer,KOV,Yes,INF_BATCH,2024-07-05 08:48:47.437,INF_BATCH,2025-10-17 14:16:07.385,INF_R360
Pain-10033371,10033371,Pain,PAIN,Yes,INF_BATCH,2024-07-05 08:48:47.437,INF_BATCH,2025-10-17 14:16:07.385,INF_R360
Pancreatic carcinoma-10033609,10033609,Pancreatic carcinoma,KPAN,Yes,INF_BATCH,2024-07-05 08:48:47.437,INF_BATCH,2025-10-17 14:16:07.385,INF_R360
ZZZ_Pancreatic disorder-10033616(Do Not Use),10033616,Pancreatic disorder,PANCD,No,INF_BATCH,2024-07-05 08:48:47.437,INF_BATCH,2025-10-17 14:16:07.385,INF_R360
Panic attack-10033664,10033664,Panic attack,PA,Yes,INF_BATCH,2024-07-05 08:48:47.437,INF_BATCH,2025-10-17 14:16:07.385,INF_R360
Paroxysmal nocturnal haemoglobinuria-10034042,10034042,Paroxysmal nocturnal haemoglobinuria,PARNOCHEMO,Yes,INF_BATCH,2024-07-05 08:48:47.437,INF_BATCH,2025-10-17 14:16:07.385,INF_R360
Pemphigoid-10034277,10034277,Pemphigoid,BP,Yes,INF_BATCH,2024-07-05 08:48:47.437,INF_BATCH,2025-10-17 14:16:07.385,INF_R360
Pemphigus-10034280,10034280,Pemphigus,PEMV,Yes,INF_BATCH,2024-07-05 08:48:47.437,INF_BATCH,2025-10-17 14:16:07.385,INF_R360
ZZZ_Peptic ulcer-10034341(Do Not Use),10034341,Peptic ulcer,PU,No,INF_BATCH,2024-07-05 08:48:47.437,INF_BATCH,2025-10-17 14:16:07.385,INF_R360
Peripheral ischaemia-10034576,10034576,Peripheral ischaemia,CLI,Yes,INF_BATCH,2024-07-05 08:48:47.437,INF_BATCH,2025-10-17 14:16:07.385,INF_R360
Pertussis-10034738,10034738,Pertussis,PERTU,Yes,INF_BATCH,2024-07-05 08:48:47.437,INF_BATCH,2025-10-17 14:16:07.385,INF_R360
Phenylketonuria-10034872,10034872,Phenylketonuria,PKU,Yes,INF_BATCH,2024-07-05 08:48:47.437,INF_BATCH,2025-10-17 14:16:07.385,INF_R360
Poliomyelitis-10036012,10036012,Poliomyelitis,POLIO,Yes,INF_BATCH,2024-07-05 08:48:47.437,INF_BATCH,2025-10-17 14:16:07.385,INF_R360
Polycystic kidney-10036045,10036045,Polycystic kidney,PKD,Yes,INF_BATCH,2024-07-05 08:48:47.437,INF_BATCH,2025-10-17 14:16:07.385,INF_R360
"Polycystic kidney, autosomal dominant-10036046",10036046,"Polycystic kidney, autosomal dominant",ADPKD,Yes,INF_BATCH,2024-07-05 08:48:47.437,INF_BATCH,2025-10-17 14:16:07.385,INF_R360
Polycythaemia vera-10036057,10036057,Polycythaemia vera,PV,Yes,INF_BATCH,2024-07-05 08:48:47.437,INF_BATCH,2025-10-17 14:16:07.385,INF_R360
Polymyalgia rheumatica-10036099,10036099,Polymyalgia rheumatica,PMR,Yes,INF_BATCH,2024-07-05 08:48:47.437,INF_BATCH,2025-10-17 14:16:07.385,INF_R360
Polymyositis-10036102,10036102,Polymyositis,POLMT,Yes,INF_BATCH,2024-07-05 08:48:47.437,INF_BATCH,2025-10-17 14:16:07.385,INF_R360
ZZZ_Polyuria-10036142(Do Not Use),10036142,Polyuria,POLYU,No,INF_BATCH,2024-07-05 08:48:47.437,INF_BATCH,2025-10-17 14:16:07.385,INF_R360
Post-traumatic stress disorder-10036316,10036316,Post-traumatic stress disorder,PTSD,Yes,INF_BATCH,2024-07-05 08:48:47.437,INF_BATCH,2025-10-17 14:16:07.385,INF_R360
ZZZ_Postpartum hemorrhage-10036418(Do Not Use),10036418,Postpartum hemorrhage,PPH,No,INF_BATCH,2024-07-05 08:48:47.437,INF_BATCH,2025-10-17 14:16:07.385,INF_R360
ZZZ_Premature ejaculation-10036596(Do Not Use),10036596,Premature ejaculation,PME,No,INF_BATCH,2024-07-05 08:48:47.437,INF_BATCH,2025-10-17 14:16:07.385,INF_R360
ZZZ_PREMATURE LABOR-10036599(Do Not Use),10036599,PREMATURE LABOR,GYNEC,No,INF_BATCH,2024-07-05 08:48:47.437,INF_BATCH,2025-10-17 14:16:07.385,INF_R360
Premature labour-10036600,10036600,Premature labour,PTL,Yes,INF_BATCH,2024-07-05 08:48:47.437,INF_BATCH,2025-10-17 14:16:07.385,INF_R360
Primary central nervous system lymphoma-10036685,10036685,Primary central nervous system lymphoma,PCNSL,Yes,INF_BATCH,2024-07-05 08:48:47.437,INF_BATCH,2025-10-17 14:16:07.385,INF_R360
Progressive supranuclear palsy-10036813,10036813,Progressive supranuclear palsy,PSP,Yes,INF_BATCH,2024-07-05 08:48:47.437,INF_BATCH,2025-10-17 14:16:07.385,INF_R360
Promotion of wound healing-10036892,10036892,Promotion of wound healing,WOUNDH,Yes,INF_BATCH,2024-07-05 08:48:47.437,INF_BATCH,2025-10-17 14:16:07.385,INF_R360
Prophylaxis-10036898,10036898,Prophylaxis,PROPH,Yes,INF_BATCH,2024-07-05 08:48:47.437,INF_BATCH,2025-10-17 14:16:07.385,INF_R360
Prostatitis-10036978,10036978,Prostatitis,PROST,Yes,INF_BATCH,2024-07-05 08:48:47.437,INF_BATCH,2025-10-17 14:16:07.385,INF_R360
Pruritus-10037087,10037087,Pruritus,PR,Yes,INF_BATCH,2024-07-05 08:48:47.437,INF_BATCH,2025-10-17 14:16:07.385,INF_R360
Psoriasis-10037153,10037153,Psoriasis,PSOR,Yes,INF_BATCH,2024-07-05 08:48:47.437,INF_BATCH,2025-10-17 14:16:07.385,INF_R360
Psoriatic arthropathy-10037162,10037162,Psoriatic arthropathy,PSOAR,Yes,INF_BATCH,2024-07-05 08:48:47.437,INF_BATCH,2025-10-17 14:16:07.385,INF_R360
Pulmonary embolism-10037377,10037377,Pulmonary embolism,PE,Yes,INF_BATCH,2024-07-05 08:48:47.437,INF_BATCH,2025-10-17 14:16:07.385,INF_R360
ZZZ_Pulmonary hypertension-10037400(Do Not Use),10037400,Pulmonary hypertension,PH,No,INF_BATCH,2024-07-05 08:48:47.437,INF_BATCH,2025-10-17 14:16:07.385,INF_R360
Pustular psoriasis-10037575,10037575,Pustular psoriasis,PUSPSO,Yes,INF_BATCH,2024-07-05 08:48:47.437,INF_BATCH,2025-10-17 14:16:07.385,INF_R360
Renal cancer-10038389,10038389,Renal cancer,KRCC,Yes,INF_BATCH,2024-07-05 08:48:47.437,INF_BATCH,2025-10-17 14:16:07.385,INF_R360
Renal disorder-10038428,10038428,Renal disorder,RNLD,Yes,INF_BATCH,2024-07-05 08:48:47.437,INF_BATCH,2025-10-17 14:16:07.385,INF_R360
ZZZ_Renal failure-10038435(Do Not Use),10038435,Renal failure,RF,No,INF_BATCH,2024-07-05 08:48:47.437,INF_BATCH,2025-10-17 14:16:07.385,INF_R360
Renal failure acute-10038436,10038436,Renal failure acute,ARF,Yes,INF_BATCH,2024-07-05 08:48:47.437,INF_BATCH,2025-10-17 14:16:07.385,INF_R360
Renal failure chronic-10038444,10038444,Renal failure chronic,CKD,Yes,INF_BATCH,2024-07-05 08:48:47.437,INF_BATCH,2025-10-17 14:16:07.385,INF_R360
ZZZ_Renal hypertension-10038464(Do Not Use),10038464,Renal hypertension,RH,No,INF_BATCH,2024-07-05 08:48:47.437,INF_BATCH,2025-10-17 14:16:07.385,INF_R360
Resuscitation-10038749,10038749,Resuscitation,CPR,Yes,INF_BATCH,2024-07-05 08:48:47.437,INF_BATCH,2025-10-17 14:16:07.385,INF_R360
Retinitis pigmentosa-10038914,10038914,Retinitis pigmentosa,RP,Yes,INF_BATCH,2024-07-05 08:48:47.437,INF_BATCH,2025-10-17 14:16:07.385,INF_R360
Retinopathy-10038923,10038923,Retinopathy,RTNP,Yes,INF_BATCH,2024-07-05 08:48:47.437,INF_BATCH,2025-10-17 14:16:07.385,INF_R360
ZZZ_Retinopathy proliferative-10038934(Do Not Use),10038934,Retinopathy proliferative,RTNPP,No,INF_BATCH,2024-07-05 08:48:47.437,INF_BATCH,2025-10-17 14:16:07.385,INF_R360
Rheumatoid arthritis-10039073,10039073,Rheumatoid arthritis,RA,Yes,INF_BATCH,2024-07-05 08:48:47.437,INF_BATCH,2025-10-17 14:16:07.385,INF_R360
ZZZ_Rhinitis-10039083(Do Not Use),10039083,Rhinitis,RHI,No,INF_BATCH,2024-07-05 08:48:47.437,INF_BATCH,2025-10-17 14:16:07.385,INF_R360
Rhinitis allergic-10039085,10039085,Rhinitis allergic,ALL,Yes,INF_BATCH,2024-07-05 08:48:47.437,INF_BATCH,2025-10-17 14:16:07.385,INF_R360
Rhinitis seasonal-10039095,10039095,Rhinitis seasonal,SAR,Yes,INF_BATCH,2024-07-05 08:48:47.437,INF_BATCH,2025-10-17 14:16:07.385,INF_R360
Sarcoma-10039491,10039491,Sarcoma,KSAR,Yes,INF_BATCH,2024-07-05 08:48:47.437,INF_BATCH,2025-10-17 14:16:07.385,INF_R360
ZZZ_Scar-10039580(Do Not Use),10039580,Scar,SCAR,No,INF_BATCH,2024-07-05 08:48:47.437,INF_BATCH,2025-10-17 14:16:07.385,INF_R360
Schizophrenia-10039626,10039626,Schizophrenia,SCH,Yes,INF_BATCH,2024-07-05 08:48:47.437,INF_BATCH,2025-10-17 14:16:07.385,INF_R360
Scleroderma-10039710,10039710,Scleroderma,SCLDMA,Yes,INF_BATCH,2024-07-05 08:48:47.437,INF_BATCH,2025-10-17 14:16:07.385,INF_R360
Sepsis-10040047,10040047,Sepsis,BSI,Yes,INF_BATCH,2024-07-05 08:48:47.437,INF_BATCH,2025-10-17 14:16:07.385,INF_R360
ZZZ_Sexual dysfunction-10040477(Do Not Use),10040477,Sexual dysfunction,SDY,No,INF_BATCH,2024-07-05 08:48:47.437,INF_BATCH,2025-10-17 14:16:07.385,INF_R360
Sickle cell disease-10040644,10040644,Sickle cell disease,SICD,Yes,INF_BATCH,2024-07-05 08:48:47.437,INF_BATCH,2025-10-17 14:16:07.385,INF_R360
Sjogren’s syndrome-10040767,10040767,Sjogren’s syndrome,SJOS,Yes,INF_BATCH,2024-07-05 08:48:47.437,INF_BATCH,2025-10-17 14:16:07.385,INF_R360
ZZZ_Skin disorder-10040831(Do Not Use),10040831,Skin disorder,SKD,No,INF_BATCH,2024-07-05 08:48:47.437,INF_BATCH,2025-10-17 14:16:07.385,INF_R360
Sleep apnoea syndrome-10040979,10040979,Sleep apnoea syndrome,SA,Yes,INF_BATCH,2024-07-05 08:48:47.437,INF_BATCH,2025-10-17 14:16:07.385,INF_R360
Sleep disorder-10040984,10040984,Sleep disorder,SLD,Yes,INF_BATCH,2024-07-05 08:48:47.437,INF_BATCH,2025-10-17 14:16:07.385,INF_R360
Small cell lung cancer stage unspecified-10041071,10041071,Small cell lung cancer stage unspecified,KSCLC,Yes,INF_BATCH,2024-07-05 08:48:47.437,INF_BATCH,2025-10-17 14:16:07.385,INF_R360
ZZZ_Social phobia-10041250(Do Not Use),10041250,Social phobia,SP,No,INF_BATCH,2024-07-05 08:48:47.437,INF_BATCH,2025-10-17 14:16:07.385,INF_R360
ZZZ_Fibrinolysis-10016603(Do Not Use),10016603,Fibrinolysis,FIBRIN,No,INF_BATCH,2024-07-05 08:48:47.437,INF_BATCH,2025-10-17 14:16:07.385,INF_R360
Fibrosis-10016642,10016642,Fibrosis,FR,Yes,INF_BATCH,2024-07-05 08:48:47.437,INF_BATCH,2025-10-17 14:16:07.385,INF_R360
ZZZ_Filariasis-10016674(Do Not Use),10016674,Filariasis,FILARI,No,INF_BATCH,2024-07-05 08:48:47.437,INF_BATCH,2025-10-17 14:16:07.385,INF_R360
Food allergy-10016946,10016946,Food allergy,FOOD-ALG,Yes,INF_BATCH,2024-07-05 08:48:47.437,INF_BATCH,2025-10-17 14:16:07.385,INF_R360
Fracture-10017076,10017076,Fracture,FRCT,Yes,INF_BATCH,2024-07-05 08:48:47.437,INF_BATCH,2025-10-17 14:16:07.385,INF_R360
ZZZ_Fungal infection-10017533(Do Not Use),10017533,Fungal infection,FUIN,No,INF_BATCH,2024-07-05 08:48:47.437,INF_BATCH,2025-10-17 14:16:07.385,INF_R360
Gastric cancer-10017758,10017758,Gastric cancer,KGA,Yes,INF_BATCH,2024-07-05 08:48:47.437,INF_BATCH,2025-10-17 14:16:07.385,INF_R360
Gastritis-10017853,10017853,Gastritis,GAS,Yes,INF_BATCH,2024-07-05 08:48:47.437,INF_BATCH,2025-10-17 14:16:07.385,INF_R360
Gastroenteritis eosinophilic-10017902,10017902,Gastroenteritis eosinophilic,EGE,Yes,INF_BATCH,2024-07-05 08:48:47.437,INF_BATCH,2025-10-17 14:16:07.385,INF_R360
ZZZ_Gastrointestinal disorders-10017947(Do Not Use),10017947,Gastrointestinal disorders,GASD,No,INF_BATCH,2024-07-05 08:48:47.437,INF_BATCH,2025-10-17 14:16:07.385,INF_R360
Gaucher's disease-10018048,10018048,Gaucher's disease,GCHD,Yes,INF_BATCH,2024-07-05 08:48:47.437,INF_BATCH,2025-10-17 14:16:07.385,INF_R360
ZZZ_Gene therapies-10018059(Do Not Use),10018059,Gene therapies,GENETH,No,INF_BATCH,2024-07-05 08:48:47.437,INF_BATCH,2025-10-17 14:16:07.385,INF_R360
Generalised anxiety disorder-10018075,10018075,Generalised anxiety disorder,GAD,Yes,INF_BATCH,2024-07-05 08:48:47.437,INF_BATCH,2025-10-17 14:16:07.385,INF_R360
Giant cell arteritis-10018250,10018250,Giant cell arteritis,GCA,Yes,INF_BATCH,2024-07-05 08:48:47.437,INF_BATCH,2025-10-17 14:16:07.385,INF_R360
Glaucoma-10018304,10018304,Glaucoma,GLM,Yes,INF_BATCH,2024-07-05 08:48:47.437,INF_BATCH,2025-10-17 14:16:07.385,INF_R360
Glioblastoma-10018336,10018336,Glioblastoma,KGBM,Yes,INF_BATCH,2024-07-05 08:48:47.437,INF_BATCH,2025-10-17 14:16:07.385,INF_R360
Glomerulonephritis-10018364,10018364,Glomerulonephritis,GLOMNEPH,Yes,INF_BATCH,2024-07-05 08:48:47.437,INF_BATCH,2025-10-17 14:16:07.385,INF_R360
Glomerulonephritis membranous-10018372,10018372,Glomerulonephritis membranous,MNP,Yes,INF_BATCH,2024-07-05 08:48:47.437,INF_BATCH,2025-10-17 14:16:07.385,INF_R360
Graft versus host disease-10018651,10018651,Graft versus host disease,GVHD,Yes,INF_BATCH,2024-07-05 08:48:47.437,INF_BATCH,2025-10-17 14:16:07.385,INF_R360
Haemangioma-10018814,10018814,Haemangioma,HMG,Yes,INF_BATCH,2024-07-05 08:48:47.437,INF_BATCH,2025-10-17 14:16:07.385,INF_R360
Hailey-Hailey disease-10019029,10019029,Hailey-Hailey disease,HHD,Yes,INF_BATCH,2024-07-05 08:48:47.437,INF_BATCH,2025-10-17 14:16:07.385,INF_R360
ZZZ_Hearing disorders-10019243(Do Not Use),10019243,Hearing disorders,HEARD,No,INF_BATCH,2024-07-05 08:48:47.437,INF_BATCH,2025-10-17 14:16:07.385,INF_R360
Heart disease congenital-10019273,10019273,Heart disease congenital,CHD,Yes,INF_BATCH,2024-07-05 08:48:47.437,INF_BATCH,2025-10-17 14:16:07.385,INF_R360
Heart failure-10019279,10019279,Heart failure,HF,Yes,INF_BATCH,2024-07-05 08:48:47.437,INF_BATCH,2025-10-17 14:16:07.385,INF_R360
ZZZ_Hepatic cirrhosis-10019641(Do Not Use),10019641,Hepatic cirrhosis,HC,No,INF_BATCH,2024-07-05 08:48:47.437,INF_BATCH,2025-10-17 14:16:07.385,INF_R360
Hepatic fibrosis-10019668,10019668,Hepatic fibrosis,LF,Yes,INF_BATCH,2024-07-05 08:48:47.437,INF_BATCH,2025-10-17 14:16:07.385,INF_R360
Hepatic neoplasm malignant-10019697,10019697,Hepatic neoplasm malignant,KHCC,Yes,INF_BATCH,2024-07-05 08:48:47.437,INF_BATCH,2025-10-17 14:16:07.385,INF_R360
Hepatitis-10019717,10019717,Hepatitis,HEP,Yes,INF_BATCH,2024-07-05 08:48:47.437,INF_BATCH,2025-10-17 14:16:07.385,INF_R360
Hidradenitis suppurativa-10020041,10020041,Hidradenitis suppurativa,HIDRA,Yes,INF_BATCH,2024-07-05 08:48:47.437,INF_BATCH,2025-10-17 14:16:07.385,INF_R360
HIV infection-10020161,10020161,HIV infection,HIV,Yes,INF_BATCH,2024-07-05 08:48:47.437,INF_BATCH,2025-10-17 14:16:07.385,INF_R360
Hodgkin's lymphoma-10020328,10020328,Hodgkin's lymphoma,KHL,Yes,INF_BATCH,2024-07-05 08:48:47.437,INF_BATCH,2025-10-17 14:16:07.385,INF_R360
Hypercholesterolaemia-10020603,10020603,Hypercholesterolaemia,HYPC,Yes,INF_BATCH,2024-07-05 08:48:47.437,INF_BATCH,2025-10-17 14:16:07.385,INF_R360
ZZZ_Hypercoagulation-10020608(Do Not Use),10020608,Hypercoagulation,HCOAG,No,INF_BATCH,2024-07-05 08:48:47.437,INF_BATCH,2025-10-17 14:16:07.385,INF_R360
Hyperlipidemia-10020667,10020667,Hyperlipidemia,HLD,Yes,INF_BATCH,2024-07-05 08:48:47.437,INF_BATCH,2025-10-17 14:16:07.385,INF_R360
ZZZ_Hyperphosphatemia-10020712(Do Not Use),10020712,Hyperphosphatemia,HPP,No,INF_BATCH,2024-07-05 08:48:47.437,INF_BATCH,2025-10-17 14:16:07.385,INF_R360
Hypersensitivity-10020751,10020751,Hypersensitivity,ALG,Yes,INF_BATCH,2024-07-05 08:48:47.437,INF_BATCH,2025-10-17 14:16:07.385,INF_R360
Hypertension-10020772,10020772,Hypertension,HT,Yes,INF_BATCH,2024-07-05 08:48:47.437,INF_BATCH,2025-10-17 14:16:07.385,INF_R360
Hypertonic bladder-10020853,10020853,Hypertonic bladder,OAB,Yes,INF_BATCH,2024-07-05 08:48:47.437,INF_BATCH,2025-10-17 14:16:07.385,INF_R360
Hypertriglyceridemia-10020870,10020870,Hypertriglyceridemia,HTG,Yes,INF_BATCH,2024-07-05 08:48:47.437,INF_BATCH,2025-10-17 14:16:07.385,INF_R360
Hypertrophic cardiomyopathy-10020871,10020871,Hypertrophic cardiomyopathy,HCM,Yes,INF_BATCH,2024-07-05 08:48:47.437,INF_BATCH,2025-10-17 14:16:07.385,INF_R360
Hyperuricaemia-10020903,10020903,Hyperuricaemia,KURC,Yes,INF_BATCH,2024-07-05 08:48:47.437,INF_BATCH,2025-10-17 14:16:07.385,INF_R360
Hyponatraemia-10021036,10021036,Hyponatraemia,DILHYP,Yes,INF_BATCH,2024-07-05 08:48:47.437,INF_BATCH,2025-10-17 14:16:07.385,INF_R360
ZZZ_HYPONATREMIA-10021038(Do Not Use),10021038,HYPONATREMIA,DILHYP-IV,No,INF_BATCH,2024-07-05 08:48:47.437,INF_BATCH,2025-10-17 14:16:07.385,INF_R360
Idiopathic pulmonary fibrosis-10021240,10021240,Idiopathic pulmonary fibrosis,IPF,Yes,INF_BATCH,2024-07-05 08:48:47.437,INF_BATCH,2025-10-17 14:16:07.385,INF_R360
ZZZ_Idiopathic urticaria-10021247(Do Not Use),10021247,Idiopathic urticaria,IU,No,INF_BATCH,2024-07-05 08:48:47.437,INF_BATCH,2025-10-17 14:16:07.385,INF_R360
IgA nephropathy-10021263,10021263,IgA nephropathy,IGANP,Yes,INF_BATCH,2024-07-05 08:48:47.437,INF_BATCH,2025-10-17 14:16:07.385,INF_R360
Immunisation-10021430,10021430,Immunisation,VAC,Yes,INF_BATCH,2024-07-05 08:48:47.437,INF_BATCH,2025-10-17 14:16:07.385,INF_R360
ZZZ_Impaired healing-10021519(Do Not Use),10021519,Impaired healing,IMPH,No,INF_BATCH,2024-07-05 08:48:47.437,INF_BATCH,2025-10-17 14:16:07.385,INF_R360
ZZZ_INCOMPLETE BLADDER EMPTYING-10021635(Do Not Use),10021635,INCOMPLETE BLADDER EMPTYING,VDPD,No,INF_BATCH,2024-07-05 08:48:47.437,INF_BATCH,2025-10-17 14:16:07.385,INF_R360
Infantile spasms-10021750,10021750,Infantile spasms,IS,Yes,INF_BATCH,2024-07-05 08:48:47.437,INF_BATCH,2025-10-17 14:16:07.385,INF_R360
Infection-10021789,10021789,Infection,ISD,Yes,INF_BATCH,2024-07-05 08:48:47.437,INF_BATCH,2025-10-17 14:16:07.385,INF_R360
Infection parasitic-10021857,10021857,Infection parasitic,PRCID,Yes,INF_BATCH,2024-07-05 08:48:47.437,INF_BATCH,2025-10-17 14:16:07.385,INF_R360
Inflammatory bowel disease-10021972,10021972,Inflammatory bowel disease,IBD,Yes,INF_BATCH,2024-07-05 08:48:47.437,INF_BATCH,2025-10-17 14:16:07.385,INF_R360
Influenza-10022000,10022000,Influenza,INF,Yes,INF_BATCH,2024-07-05 08:48:47.437,INF_BATCH,2025-10-17 14:16:07.385,INF_R360
ZZZ_Injury-10022116(Do Not Use),10022116,Injury,INJ,No,INF_BATCH,2024-07-05 08:48:47.437,INF_BATCH,2025-10-17 14:16:07.385,INF_R360
ZZZ_Insomnia-10022437(Do Not Use),10022437,Insomnia,INS,No,INF_BATCH,2024-07-05 08:48:47.437,INF_BATCH,2025-10-17 14:16:07.385,INF_R360
Intermittent claudication-10022562,10022562,Intermittent claudication,IC,Yes,INF_BATCH,2024-07-05 08:48:47.437,INF_BATCH,2025-10-17 14:16:07.385,INF_R360
Interstitial lung disease-10022611,10022611,Interstitial lung disease,ILD,Yes,INF_BATCH,2024-07-05 08:48:47.437,INF_BATCH,2025-10-17 14:16:07.385,INF_R360
Irritable bowel syndrome-10023003,10023003,Irritable bowel syndrome,IBS,Yes,INF_BATCH,2024-07-05 08:48:47.437,INF_BATCH,2025-10-17 14:16:07.385,INF_R360
Kidney fibrosis-10023421,10023421,Kidney fibrosis,KF,Yes,INF_BATCH,2024-07-05 08:48:47.437,INF_BATCH,2025-10-17 14:16:07.385,INF_R360
ZZZ_Kidney infection-10023424(Do Not Use),10023424,Kidney infection,KINF,No,INF_BATCH,2024-07-05 08:48:47.437,INF_BATCH,2025-10-17 14:16:07.385,INF_R360
Krabbe's disease-10023492,10023492,Krabbe's disease,KRABBE,Yes,INF_BATCH,2024-07-05 08:48:47.437,INF_BATCH,2025-10-17 14:16:07.385,INF_R360
Leishmaniasis-10024198,10024198,Leishmaniasis,LSHM,Yes,INF_BATCH,2024-07-05 08:48:47.437,INF_BATCH,2025-10-17 14:16:07.385,INF_R360
Lesch-Nyhan syndrome-10024245,10024245,Lesch-Nyhan syndrome,LNS,Yes,INF_BATCH,2024-07-05 08:48:47.437,INF_BATCH,2025-10-17 14:16:07.385,INF_R360
Leukaemic lymphoma-10024325,10024325,Leukaemic lymphoma,KLUL,Yes,INF_BATCH,2024-07-05 08:48:47.437,INF_BATCH,2025-10-17 14:16:07.385,INF_R360
Leukemia-10024329,10024329,Leukemia,KLEUK,Yes,INF_BATCH,2024-07-05 08:48:47.437,INF_BATCH,2025-10-17 14:16:07.385,INF_R360
Leukodystrophy-10024381,10024381,Leukodystrophy,LK,Yes,INF_BATCH,2024-07-05 08:48:47.437,INF_BATCH,2025-10-17 14:16:07.385,INF_R360
Abdominal adhesions-10000050,10000050,Abdominal adhesions,ABADS,Yes,INF_BATCH,2024-07-05 08:48:47.437,INF_BATCH,2025-10-17 14:16:07.385,INF_R360
ZZZ_Abnormal loss of weight-10000159(Do Not Use),10000159,Abnormal loss of weight,WEIALOSS,No,INF_BATCH,2024-07-05 08:48:47.437,INF_BATCH,2025-10-17 14:16:07.385,INF_R360
Acne-10000496,10000496,Acne,ACNE,Yes,INF_BATCH,2024-07-05 08:48:47.437,INF_BATCH,2025-10-17 14:16:07.385,INF_R360
Acquired immunodeficiency syndrome-10000565,10000565,Acquired immunodeficiency syndrome,AIDS,Yes,INF_BATCH,2024-07-05 08:48:47.437,INF_BATCH,2025-10-17 14:16:07.385,INF_R360
Acute lymphoblastic leukemia-10000845,10000845,Acute lymphoblastic leukemia,KALL,Yes,INF_BATCH,2024-07-05 08:48:47.437,INF_BATCH,2025-10-17 14:16:07.385,INF_R360
Acute myeloid leukaemia-10000880,10000880,Acute myeloid leukaemia,KAML,Yes,INF_BATCH,2024-07-05 08:48:47.437,INF_BATCH,2025-10-17 14:16:07.385,INF_R360
Acute myocardial infarction-10000891,10000891,Acute myocardial infarction,AMI,Yes,INF_BATCH,2024-07-05 08:48:47.437,INF_BATCH,2025-10-17 14:16:07.385,INF_R360
ZZZ_Acute psychosis-10001022(Do Not Use),10001022,Acute psychosis,PSYA,No,INF_BATCH,2024-07-05 08:48:47.437,INF_BATCH,2025-10-17 14:16:07.385,INF_R360
ZZZ_Affective disorder-10001443(Do Not Use),10001443,Affective disorder,MOODD,No,INF_BATCH,2024-07-05 08:48:47.437,INF_BATCH,2025-10-17 14:16:07.385,INF_R360
ZZZ_African trypanosomiasis-10001461(Do Not Use),10001461,African trypanosomiasis,ATRPN,No,INF_BATCH,2024-07-05 08:48:47.437,INF_BATCH,2025-10-17 14:16:07.385,INF_R360
Alopecia areata-10001761,10001761,Alopecia areata,AA,Yes,INF_BATCH,2024-07-05 08:48:47.437,INF_BATCH,2025-10-17 14:16:07.385,INF_R360
Alport's syndrome-10001843,10001843,Alport's syndrome,ALPS,Yes,INF_BATCH,2024-07-05 08:48:47.437,INF_BATCH,2025-10-17 14:16:07.385,INF_R360
Alzheimer's disease-10001896,10001896,Alzheimer's disease,AD,Yes,INF_BATCH,2024-07-05 08:48:47.437,INF_BATCH,2025-10-17 14:16:07.385,INF_R360
Amyloidosis-10002022,10002022,Amyloidosis,AMYL,Yes,INF_BATCH,2024-07-05 08:48:47.437,INF_BATCH,2025-10-17 14:16:07.385,INF_R360
Amyotrophic lateral sclerosis-10002026,10002026,Amyotrophic lateral sclerosis,ALS,Yes,INF_BATCH,2024-07-05 08:48:47.437,INF_BATCH,2025-10-17 14:16:07.385,INF_R360
Anaemia-10002034,10002034,Anaemia,ANM,Yes,INF_BATCH,2024-07-05 08:48:47.437,INF_BATCH,2025-10-17 14:16:07.385,INF_R360
Analgesia-10002182,10002182,Analgesia,ANALG,Yes,INF_BATCH,2024-07-05 08:48:47.437,INF_BATCH,2025-10-17 14:16:07.385,INF_R360
Anaphylactic reaction-10002198,10002198,Anaphylactic reaction,ANPX,Yes,INF_BATCH,2024-07-05 08:48:47.437,INF_BATCH,2025-10-17 14:16:07.385,INF_R360
Anaplastic astrocytoma-10002224,10002224,Anaplastic astrocytoma,KAA,Yes,INF_BATCH,2024-07-05 08:48:47.437,INF_BATCH,2025-10-17 14:16:07.385,INF_R360
ZZZ_Anemia neonatal-10002300(Do Not Use),10002300,Anemia neonatal,ANMNEO,No,INF_BATCH,2024-07-05 08:48:47.437,INF_BATCH,2025-10-17 14:16:07.385,INF_R360
Angina pectoris-10002383,10002383,Angina pectoris,CAP,Yes,INF_BATCH,2024-07-05 08:48:47.437,INF_BATCH,2025-10-17 14:16:07.385,INF_R360
Angina unstable-10002388,10002388,Angina unstable,UA,Yes,INF_BATCH,2024-07-05 08:48:47.437,INF_BATCH,2025-10-17 14:16:07.385,INF_R360
Angioplasty-10002475,10002475,Angioplasty,AGY,Yes,INF_BATCH,2024-07-05 08:48:47.437,INF_BATCH,2025-10-17 14:16:07.385,INF_R360
ZZZ_Angiosarcoma-10002476(Do Not Use),10002476,Angiosarcoma,KANGIOS,No,INF_BATCH,2024-07-05 08:48:47.437,INF_BATCH,2025-10-17 14:16:07.385,INF_R360
Ankylosing spondylitis-10002556,10002556,Ankylosing spondylitis,AS,Yes,INF_BATCH,2024-07-05 08:48:47.437,INF_BATCH,2025-10-17 14:16:07.385,INF_R360
ZZZ_Anorexia nervosa-10002649(Do Not Use),10002649,Anorexia nervosa,AN,No,INF_BATCH,2024-07-05 08:48:47.437,INF_BATCH,2025-10-17 14:16:07.385,INF_R360
ZZZ_ARTERIAL THROMBOSIS-10003178(Do Not Use),10003178,ARTERIAL THROMBOSIS,ARTTH,No,INF_BATCH,2024-07-05 08:48:47.437,INF_BATCH,2025-10-17 14:16:07.385,INF_R360
Arteriosclerosis-10003210,10003210,Arteriosclerosis,ATS,Yes,INF_BATCH,2024-07-05 08:48:47.437,INF_BATCH,2025-10-17 14:16:07.385,INF_R360
ZZZ_Arthralgia-10003239(Do Not Use),10003239,Arthralgia,ARTHG,No,INF_BATCH,2024-07-05 08:48:47.437,INF_BATCH,2025-10-17 14:16:07.385,INF_R360
Arthritis-10003246,10003246,Arthritis,ARTT,Yes,INF_BATCH,2024-07-05 08:48:47.437,INF_BATCH,2025-10-17 14:16:07.385,INF_R360
Ascites-10003445,10003445,Ascites,CAS,Yes,INF_BATCH,2024-07-05 08:48:47.437,INF_BATCH,2025-10-17 14:16:07.385,INF_R360
Asthma-10003553,10003553,Asthma,AST,Yes,INF_BATCH,2024-07-05 08:48:47.437,INF_BATCH,2025-10-17 14:16:07.385,INF_R360
Atrial fibrillation-10003658,10003658,Atrial fibrillation,AF,Yes,INF_BATCH,2024-07-05 08:48:47.437,INF_BATCH,2025-10-17 14:16:07.385,INF_R360
ZZZ_Attention deficit disorder of childhood with hyperactivity-10003733(Do Not Use),10003733,Attention deficit disorder of childhood with hyperactivity,ADHDPD,No,INF_BATCH,2024-07-05 08:48:47.437,INF_BATCH,2025-10-17 14:16:07.385,INF_R360
Attention deficit/hyperactivity disorder-10003736,10003736,Attention deficit/hyperactivity disorder,ADHD,Yes,INF_BATCH,2024-07-05 08:48:47.437,INF_BATCH,2025-10-17 14:16:07.385,INF_R360
ZZZ_Autism-10003805(Do Not Use),10003805,Autism,AUT,No,INF_BATCH,2024-07-05 08:48:47.437,INF_BATCH,2025-10-17 14:16:07.385,INF_R360
ZZZ_B-cell lymphoma-10003899(Do Not Use),10003899,B-cell lymphoma,KBCL,No,INF_BATCH,2024-07-05 08:48:47.437,INF_BATCH,2025-10-17 14:16:07.385,INF_R360
ZZZ_Babesiosis-10003965(Do Not Use),10003965,Babesiosis,BABE,No,INF_BATCH,2024-07-05 08:48:47.437,INF_BATCH,2025-10-17 14:16:07.385,INF_R360
Basal cell carcinoma-10004146,10004146,Basal cell carcinoma,KBC,Yes,INF_BATCH,2024-07-05 08:48:47.437,INF_BATCH,2025-10-17 14:16:07.385,INF_R360
Behcet's disease-10004212,10004212,Behcet's disease,BEHD,Yes,INF_BATCH,2024-07-05 08:48:47.437,INF_BATCH,2025-10-17 14:16:07.385,INF_R360
Benign prostatic hyperplasia-10004446,10004446,Benign prostatic hyperplasia,BPH,Yes,INF_BATCH,2024-07-05 08:48:47.437,INF_BATCH,2025-10-17 14:16:07.385,INF_R360
ZZZ_Biliary cirrhosis primary-10004661(Do Not Use),10004661,Biliary cirrhosis primary,PBC,No,INF_BATCH,2024-07-05 08:48:47.437,INF_BATCH,2025-10-17 14:16:07.385,INF_R360
Bladder cancer-10005003,10005003,Bladder cancer,KBLD,Yes,INF_BATCH,2024-07-05 08:48:47.437,INF_BATCH,2025-10-17 14:16:07.385,INF_R360
ZZZ_Blood and lymphatic system disorders-10005329(Do Not Use),10005329,Blood and lymphatic system disorders,BLSD,No,INF_BATCH,2024-07-05 08:48:47.437,INF_BATCH,2025-10-17 14:16:07.385,INF_R360
ZZZ_Bone disorder-10005956(Do Not Use),10005956,Bone disorder,BONED,No,INF_BATCH,2024-07-05 08:48:47.437,INF_BATCH,2025-10-17 14:16:07.385,INF_R360
Bone sarcoma-10006007,10006007,Bone sarcoma,KOST,Yes,INF_BATCH,2024-07-05 08:48:47.437,INF_BATCH,2025-10-17 14:16:07.385,INF_R360
Breast cancer-10006187,10006187,Breast cancer,KBRT,Yes,INF_BATCH,2024-07-05 08:48:47.437,INF_BATCH,2025-10-17 14:16:07.385,INF_R360
ZZZ_BREAST TUMOR MALIGNANT-10006315(Do Not Use),10006315,BREAST TUMOR MALIGNANT,KTRBT,No,INF_BATCH,2024-07-05 08:48:47.437,INF_BATCH,2025-10-17 14:16:07.385,INF_R360
Bronchiectasis-10006445,10006445,Bronchiectasis,BE,Yes,INF_BATCH,2024-07-05 08:48:47.437,INF_BATCH,2025-10-17 14:16:07.385,INF_R360
Bronchopulmonary aspergillosis allergic-10006474,10006474,Bronchopulmonary aspergillosis allergic,ABA,Yes,INF_BATCH,2024-07-05 08:48:47.437,INF_BATCH,2025-10-17 14:16:07.385,INF_R360
ZZZ_Bronchospasm-10006482(Do Not Use),10006482,Bronchospasm,BRONS,No,INF_BATCH,2024-07-05 08:48:47.437,INF_BATCH,2025-10-17 14:16:07.385,INF_R360
Cancer-10007050,10007050,Cancer,K,Yes,INF_BATCH,2024-07-05 08:48:47.437,INF_BATCH,2025-10-17 14:16:07.385,INF_R360
Cardiac arrhythmia-10007518,10007518,Cardiac arrhythmia,ARRY,Yes,INF_BATCH,2024-07-05 08:48:47.437,INF_BATCH,2025-10-17 14:16:07.385,INF_R360
Cardiac failure acute-10007556,10007556,Cardiac failure acute,AHF,Yes,INF_BATCH,2024-07-05 08:48:47.437,INF_BATCH,2025-10-17 14:16:07.385,INF_R360
Cardiac failure congestive-10007559,10007559,Cardiac failure congestive,CHF,Yes,INF_BATCH,2024-07-05 08:48:47.437,INF_BATCH,2025-10-17 14:16:07.385,INF_R360
ZZZ_Cardiac hypertrophy-10007572(Do Not Use),10007572,Cardiac hypertrophy,CARH,No,INF_BATCH,2024-07-05 08:48:47.437,INF_BATCH,2025-10-17 14:16:07.385,INF_R360
Cardiomyopathy-10007636,10007636,Cardiomyopathy,CMPT,Yes,INF_BATCH,2024-07-05 08:48:47.437,INF_BATCH,2025-10-17 14:16:07.385,INF_R360
Cardiovascular disorder-10007649,10007649,Cardiovascular disorder,CVD,Yes,INF_BATCH,2024-07-05 08:48:47.437,INF_BATCH,2025-10-17 14:16:07.385,INF_R360
ZZZ_Carotid artery stenosis-10007687(Do Not Use),10007687,Carotid artery stenosis,CARSTEN,No,INF_BATCH,2024-07-05 08:48:47.437,INF_BATCH,2025-10-17 14:16:07.385,INF_R360
Celiac disease-10007864,10007864,Celiac disease,CS,Yes,INF_BATCH,2024-07-05 08:48:47.437,INF_BATCH,2025-10-17 14:16:07.385,INF_R360
Cerebrovascular accident-10008190,10008190,Cerebrovascular accident,AIS,Yes,INF_BATCH,2024-07-05 08:48:47.437,INF_BATCH,2025-10-17 14:16:07.385,INF_R360
Cervical cancer-10008229,10008229,Cervical cancer,CECA,Yes,INF_BATCH,2024-07-05 08:48:47.437,INF_BATCH,2025-10-17 14:16:07.385,INF_R360
ZZZ_Cessation of smoking-10008374(Do Not Use),10008374,Cessation of smoking,SMK-WM,No,INF_BATCH,2024-07-05 08:48:47.437,INF_BATCH,2025-10-17 14:16:07.385,INF_R360
ZZZ_Chagas' disease-10008384(Do Not Use),10008384,Chagas' disease,CHAGD,No,INF_BATCH,2024-07-05 08:48:47.437,INF_BATCH,2025-10-17 14:16:07.385,INF_R360
ZZZ_Charcot-Marie-Tooth disease-10008414(Do Not Use),10008414,Charcot-Marie-Tooth disease,CMT,No,INF_BATCH,2024-07-05 08:48:47.437,INF_BATCH,2025-10-17 14:16:07.385,INF_R360
ZZZ_CHEMOTHERAPY NEUROTOXICITY ATTENUATION-10008453(Do Not Use),10008453,CHEMOTHERAPY NEUROTOXICITY ATTENUATION,KNP,No,INF_BATCH,2024-07-05 08:48:47.437,INF_BATCH,2025-10-17 14:16:07.385,INF_R360
ZZZ_Chemotherapy single agent systemic-10008456(Do Not Use),10008456,Chemotherapy single agent systemic,KCSA,No,INF_BATCH,2024-07-05 08:48:47.437,INF_BATCH,2025-10-17 14:16:07.385,INF_R360
ZZZ_Surgical wound infection-10053562(Do Not Use),10053562,Surgical wound infection,SWI,No,INF_BATCH,2024-07-05 08:48:47.437,INF_BATCH,2025-10-17 14:16:07.385,INF_R360
Neurodegenerative disorder-10053643,10053643,Neurodegenerative disorder,NDGD,Yes,INF_BATCH,2024-07-05 08:48:47.437,INF_BATCH,2025-10-17 14:16:07.385,INF_R360
Corona virus infection-10053983,10053983,Corona virus infection,COVID19,Yes,INF_BATCH,2024-07-05 08:48:47.437,INF_BATCH,2025-10-17 14:16:07.385,INF_R360
ZZZ_Postoperative ileus-10054048(Do Not Use),10054048,Postoperative ileus,POI,No,INF_BATCH,2024-07-05 08:48:47.437,INF_BATCH,2025-10-17 14:16:07.385,INF_R360
Non-proliferative diabetic retinopathy-10054109,10054109,Non-proliferative diabetic retinopathy,NPDR,Yes,INF_BATCH,2024-07-05 08:48:47.437,INF_BATCH,2025-10-17 14:16:07.385,INF_R360
ZZZ_Anemia of malignant disease-10054311(Do Not Use),10054311,Anemia of malignant disease,ANMMD,No,INF_BATCH,2024-07-05 08:48:47.437,INF_BATCH,2025-10-17 14:16:07.385,INF_R360
ZZZ_Familial hypercholesterolemia-10054380(Do Not Use),10054380,Familial hypercholesterolemia,FHYPC,No,INF_BATCH,2024-07-05 08:48:47.437,INF_BATCH,2025-10-17 14:16:07.385,INF_R360
ZZZ_Ischemia-10054438(Do Not Use),10054438,Ischemia,ISCH,No,INF_BATCH,2024-07-05 08:48:47.437,INF_BATCH,2025-10-17 14:16:07.385,INF_R360
Thalassemia-10054658,10054658,Thalassemia,THAL,Yes,INF_BATCH,2024-07-05 08:48:47.437,INF_BATCH,2025-10-17 14:16:07.385,INF_R360
ZZZ_Breast cancer metastatic-10055113(Do Not Use),10055113,Breast cancer metastatic,KMBC,No,INF_BATCH,2024-07-05 08:48:47.437,INF_BATCH,2025-10-17 14:16:07.385,INF_R360
ZZZ_Colon cancer metastatic-10055114(Do Not Use),10055114,Colon cancer metastatic,KMCC,No,INF_BATCH,2024-07-05 08:48:47.437,INF_BATCH,2025-10-17 14:16:07.385,INF_R360
Hypertensive nephropathy-10055171,10055171,Hypertensive nephropathy,HNP,Yes,INF_BATCH,2024-07-05 08:48:47.437,INF_BATCH,2025-10-17 14:16:07.385,INF_R360
ZZZ_Ischemic cardiomyopathy-10055217(Do Not Use),10055217,Ischemic cardiomyopathy,ICM,No,INF_BATCH,2024-07-05 08:48:47.437,INF_BATCH,2025-10-17 14:16:07.385,INF_R360
ZZZ_Ischemic stroke-10055221(Do Not Use),10055221,Ischemic stroke,IAIS,No,INF_BATCH,2024-07-05 08:48:47.437,INF_BATCH,2025-10-17 14:16:07.385,INF_R360
ZZZ_Cardiac ischemia-10055224(Do Not Use),10055224,Cardiac ischemia,VIPD,No,INF_BATCH,2024-07-05 08:48:47.437,INF_BATCH,2025-10-17 14:16:07.385,INF_R360
Obstructive sleep apnea syndrome-10055577,10055577,Obstructive sleep apnea syndrome,OSAH,Yes,INF_BATCH,2024-07-05 08:48:47.437,INF_BATCH,2025-10-17 14:16:07.385,INF_R360
Cutaneous lupus erythematosus-10056509,10056509,Cutaneous lupus erythematosus,DL,Yes,INF_BATCH,2024-07-05 08:48:47.437,INF_BATCH,2025-10-17 14:16:07.385,INF_R360
Intra-abdominal infection-10056570,10056570,Intra-abdominal infection,IAI,Yes,INF_BATCH,2024-07-05 08:48:47.437,INF_BATCH,2025-10-17 14:16:07.385,INF_R360
ZZZ_Peripheral sensorimotor neuropathy-10056673(Do Not Use),10056673,Peripheral sensorimotor neuropathy,PSN,No,INF_BATCH,2024-07-05 08:48:47.437,INF_BATCH,2025-10-17 14:16:07.385,INF_R360
Laurence-Moon-Bardet-Biedl syndrome-10056715,10056715,Laurence-Moon-Bardet-Biedl syndrome,BBS,Yes,INF_BATCH,2024-07-05 08:48:47.437,INF_BATCH,2025-10-17 14:16:07.385,INF_R360
Mucopolysaccharidosis I-10056886,10056886,Mucopolysaccharidosis I,MPS-I,Yes,INF_BATCH,2024-07-05 08:48:47.437,INF_BATCH,2025-10-17 14:16:07.385,INF_R360
Colitis microscopic-10056979,10056979,Colitis microscopic,MC,Yes,INF_BATCH,2024-07-05 08:48:47.437,INF_BATCH,2025-10-17 14:16:07.385,INF_R360
Nausea post chemotherapy-10056989,10056989,Nausea post chemotherapy,CINV,Yes,INF_BATCH,2024-07-05 08:48:47.437,INF_BATCH,2025-10-17 14:16:07.385,INF_R360
Chronic inflammatory demyelinating polyradiculoneuropathy-10057645,10057645,Chronic inflammatory demyelinating polyradiculoneuropathy,CIDP,Yes,INF_BATCH,2024-07-05 08:48:47.437,INF_BATCH,2025-10-17 14:16:07.385,INF_R360
Anxiety disorder-10057666,10057666,Anxiety disorder,ANX,Yes,INF_BATCH,2024-07-05 08:48:47.437,INF_BATCH,2025-10-17 14:16:07.385,INF_R360
Bipolar disorder-10057667,10057667,Bipolar disorder,BPD,Yes,INF_BATCH,2024-07-05 08:48:47.437,INF_BATCH,2025-10-17 14:16:07.385,INF_R360
Cognitive disorder-10057668,10057668,Cognitive disorder,CDI,Yes,INF_BATCH,2024-07-05 08:48:47.437,INF_BATCH,2025-10-17 14:16:07.385,INF_R360
Transplant-10057677,10057677,Transplant,TRSPL,Yes,INF_BATCH,2024-07-05 08:48:47.437,INF_BATCH,2025-10-17 14:16:07.385,INF_R360
Major depression-10057840,10057840,Major depression,MDD,Yes,INF_BATCH,2024-07-05 08:48:47.437,INF_BATCH,2025-10-17 14:16:07.385,INF_R360
Cancer pain-10058019,10058019,Cancer pain,CP,Yes,INF_BATCH,2024-07-05 08:48:47.437,INF_BATCH,2025-10-17 14:16:07.385,INF_R360
ZZZ_Staphylococcal infection-10058080(Do Not Use),10058080,Staphylococcal infection,STAPHI,No,INF_BATCH,2024-07-05 08:48:47.437,INF_BATCH,2025-10-17 14:16:07.385,INF_R360
Precocious puberty-10058084,10058084,Precocious puberty,PP,Yes,INF_BATCH,2024-07-05 08:48:47.437,INF_BATCH,2025-10-17 14:16:07.385,INF_R360
Metabolic disorder-10058097,10058097,Metabolic disorder,METD,Yes,INF_BATCH,2024-07-05 08:48:47.437,INF_BATCH,2025-10-17 14:16:07.385,INF_R360
Cholangiocarcinoma-10008593,10008593,Cholangiocarcinoma,KCCA,Yes,INF_BATCH,2024-07-05 08:48:47.437,INF_BATCH,2025-10-17 14:16:07.385,INF_R360
Dyslipidaemia-10058108,10058108,Dyslipidaemia,DYS,Yes,INF_BATCH,2024-07-05 08:48:47.437,INF_BATCH,2025-10-17 14:16:07.385,INF_R360
ZZZ_DYSLIPIDEMIA-10058110(Do Not Use),10058110,DYSLIPIDEMIA,DYS-C,No,INF_BATCH,2024-07-05 08:48:47.437,INF_BATCH,2025-10-17 14:16:07.385,INF_R360
Chondrodystrophy-10008723,10008723,Chondrodystrophy,ACH,Yes,INF_BATCH,2024-07-05 08:48:47.437,INF_BATCH,2025-10-17 14:16:07.385,INF_R360
Lung neoplasm malignant-10058467,10058467,Lung neoplasm malignant,KLUN,Yes,INF_BATCH,2024-07-05 08:48:47.437,INF_BATCH,2025-10-17 14:16:07.385,INF_R360
Chronic hepatitis B-10008910,10008910,Chronic hepatitis B,CHBV,Yes,INF_BATCH,2024-07-05 08:48:47.437,INF_BATCH,2025-10-17 14:16:07.385,INF_R360
Sinusitis fungal-10058678,10058678,Sinusitis fungal,AFRS,Yes,INF_BATCH,2024-07-05 08:48:47.437,INF_BATCH,2025-10-17 14:16:07.385,INF_R360
Chronic lymphocytic leukaemia-10008958,10008958,Chronic lymphocytic leukaemia,KCLL,Yes,INF_BATCH,2024-07-05 08:48:47.437,INF_BATCH,2025-10-17 14:16:07.385,INF_R360
ZZZ_Restless legs syndrome-10058920(Do Not Use),10058920,Restless legs syndrome,RLS,No,INF_BATCH,2024-07-05 08:48:47.437,INF_BATCH,2025-10-17 14:16:07.385,INF_R360
Chronic myeloid leukemia-10009015,10009015,Chronic myeloid leukemia,KCML,Yes,INF_BATCH,2024-07-05 08:48:47.437,INF_BATCH,2025-10-17 14:16:07.385,INF_R360
Juvenile idiopathic arthritis-10059176,10059176,Juvenile idiopathic arthritis,PJIA,Yes,INF_BATCH,2024-07-05 08:48:47.437,INF_BATCH,2025-10-17 14:16:07.385,INF_R360
Chronic obstructive pulmonary disease-10009033,10009033,Chronic obstructive pulmonary disease,COPD,Yes,INF_BATCH,2024-07-05 08:48:47.437,INF_BATCH,2025-10-17 14:16:07.385,INF_R360
Juvenile arthritis-10059177,10059177,Juvenile arthritis,JIA,Yes,INF_BATCH,2024-07-05 08:48:47.437,INF_BATCH,2025-10-17 14:16:07.385,INF_R360
ZZZ_Chronic renal failure-10009119(Do Not Use),10009119,Chronic renal failure,CRF,No,INF_BATCH,2024-07-05 08:48:47.437,INF_BATCH,2025-10-17 14:16:07.385,INF_R360
Angiopathy-10059245,10059245,Angiopathy,ANGP,Yes,INF_BATCH,2024-07-05 08:48:47.437,INF_BATCH,2025-10-17 14:16:07.385,INF_R360
ZZZ_Circadian rhythm sleep disorder-10009191(Do Not Use),10009191,Circadian rhythm sleep disorder,CRSD,No,INF_BATCH,2024-07-05 08:48:47.437,INF_BATCH,2025-10-17 14:16:07.385,INF_R360
ZZZ_COGNITIVE IMPAIRMENT-10009846(Do Not Use),10009846,COGNITIVE IMPAIRMENT,SCHCI,No,INF_BATCH,2024-07-05 08:48:47.437,INF_BATCH,2025-10-17 14:16:07.385,INF_R360
ZZZ_Apoptosis-10059512(Do Not Use),10059512,Apoptosis,APO,No,INF_BATCH,2024-07-05 08:48:47.437,INF_BATCH,2025-10-17 14:16:07.385,INF_R360
Cold type haemolytic anaemia-10009868,10009868,Cold type haemolytic anaemia,CAD,Yes,INF_BATCH,2024-07-05 08:48:47.437,INF_BATCH,2025-10-17 14:16:07.385,INF_R360
Colitis ulcerative-10009900,10009900,Colitis ulcerative,UC,Yes,INF_BATCH,2024-07-05 08:48:47.437,INF_BATCH,2025-10-17 14:16:07.385,INF_R360
Hemophilia A-10060612,10060612,Hemophilia A,HEMOA,Yes,INF_BATCH,2024-07-05 08:48:47.437,INF_BATCH,2025-10-17 14:16:07.385,INF_R360
Colon cancer-10009944,10009944,Colon cancer,KCC,Yes,INF_BATCH,2024-07-05 08:48:47.437,INF_BATCH,2025-10-17 14:16:07.385,INF_R360
Diabetic foot-10060734,10060734,Diabetic foot,DFU,Yes,INF_BATCH,2024-07-05 08:48:47.437,INF_BATCH,2025-10-17 14:16:07.385,INF_R360
Community acquired pneumonia-10010120,10010120,Community acquired pneumonia,APC,Yes,INF_BATCH,2024-07-05 08:48:47.437,INF_BATCH,2025-10-17 14:16:07.385,INF_R360
Prostate cancer-10060862,10060862,Prostate cancer,KPRO,Yes,INF_BATCH,2024-07-05 08:48:47.437,INF_BATCH,2025-10-17 14:16:07.385,INF_R360
Conjunctivitis allergic-10010744,10010744,Conjunctivitis allergic,ALLCNJ,Yes,INF_BATCH,2024-07-05 08:48:47.437,INF_BATCH,2025-10-17 14:16:07.385,INF_R360
Bacterial infection-10060945,10060945,Bacterial infection,BCTID,Yes,INF_BATCH,2024-07-05 08:48:47.437,INF_BATCH,2025-10-17 14:16:07.385,INF_R360
Convulsion-10010904,10010904,Convulsion,CONV,Yes,INF_BATCH,2024-07-05 08:48:47.437,INF_BATCH,2025-10-17 14:16:07.385,INF_R360
Appetite disorder-10060961,10060961,Appetite disorder,APPND,Yes,INF_BATCH,2024-07-05 08:48:47.437,INF_BATCH,2025-10-17 14:16:07.385,INF_R360
Corneal graft rejection-10011017,10011017,Corneal graft rejection,CGR,Yes,INF_BATCH,2024-07-05 08:48:47.437,INF_BATCH,2025-10-17 14:16:07.385,INF_R360
Cardiac disorder-10061024,10061024,Cardiac disorder,CARD,Yes,INF_BATCH,2024-07-05 08:48:47.437,INF_BATCH,2025-10-17 14:16:07.385,INF_R360
ZZZ_Coronary artery bypass-10011077(Do Not Use),10011077,Coronary artery bypass,CAB,No,INF_BATCH,2024-07-05 08:48:47.437,INF_BATCH,2025-10-17 14:16:07.385,INF_R360
Coronary artery disease-10011078,10011078,Coronary artery disease,SCD,Yes,INF_BATCH,2024-07-05 08:48:47.437,INF_BATCH,2025-10-17 14:16:07.385,INF_R360
Clostridial infection-10061043,10061043,Clostridial infection,CLDIFINF,Yes,INF_BATCH,2024-07-05 08:48:47.437,INF_BATCH,2025-10-17 14:16:07.385,INF_R360
Cough-10011224,10011224,Cough,COUGH,Yes,INF_BATCH,2024-07-05 08:48:47.437,INF_BATCH,2025-10-17 14:16:07.385,INF_R360
ZZZ_Feeding disorder-10061148(Do Not Use),10061148,Feeding disorder,FEED,No,INF_BATCH,2024-07-05 08:48:47.437,INF_BATCH,2025-10-17 14:16:07.385,INF_R360
Crohn's disease-10011401,10011401,Crohn's disease,CD,Yes,INF_BATCH,2024-07-05 08:48:47.437,INF_BATCH,2025-10-17 14:16:07.385,INF_R360
ZZZ_Cystic fibrosis-10011762(Do Not Use),10011762,Cystic fibrosis,CF,No,INF_BATCH,2024-07-05 08:48:47.437,INF_BATCH,2025-10-17 14:16:07.385,INF_R360
Embolism-10061169,10061169,Embolism,TE,Yes,INF_BATCH,2024-07-05 08:48:47.437,INF_BATCH,2025-10-17 14:16:07.385,INF_R360
Death-10011906,10011906,Death,MOR,Yes,INF_BATCH,2024-07-05 08:48:47.437,INF_BATCH,2025-10-17 14:16:07.385,INF_R360
ZZZ_Gastrointestinal motility disorder-10061173(Do Not Use),10061173,Gastrointestinal motility disorder,GASMD,No,INF_BATCH,2024-07-05 08:48:47.437,INF_BATCH,2025-10-17 14:16:07.385,INF_R360
ZZZ_Delayed puberty-10012205(Do Not Use),10012205,Delayed puberty,DP,No,INF_BATCH,2024-07-05 08:48:47.437,INF_BATCH,2025-10-17 14:16:07.385,INF_R360
Inflammation-10061218,10061218,Inflammation,INFL,Yes,INF_BATCH,2024-07-05 08:48:47.437,INF_BATCH,2025-10-17 14:16:07.385,INF_R360
Dementia-10012267,10012267,Dementia,DMT,Yes,INF_BATCH,2024-07-05 08:48:47.437,INF_BATCH,2025-10-17 14:16:07.385,INF_R360
Dementia Alzheimer's type-10012271,10012271,Dementia Alzheimer's type,DAT,Yes,INF_BATCH,2024-07-05 08:48:47.437,INF_BATCH,2025-10-17 14:16:07.385,INF_R360
ZZZ_Lipid metabolism disorder-10061227(Do Not Use),10061227,Lipid metabolism disorder,LMD,No,INF_BATCH,2024-07-05 08:48:47.437,INF_BATCH,2025-10-17 14:16:07.385,INF_R360
ZZZ_Demyelinating disorders-10012303(Do Not Use),10012303,Demyelinating disorders,DEMYD,No,INF_BATCH,2024-07-05 08:48:47.437,INF_BATCH,2025-10-17 14:16:07.385,INF_R360
ZZZ_Intestinal functional disorder-10061247(Do Not Use),10061247,Intestinal functional disorder,INTD,No,INF_BATCH,2024-07-05 08:48:47.437,INF_BATCH,2025-10-17 14:16:07.385,INF_R360
ZZZ_Dependence-10012335(Do Not Use),10012335,Dependence,DEPEN,No,INF_BATCH,2024-07-05 08:48:47.437,INF_BATCH,2025-10-17 14:16:07.385,INF_R360
Intraocular melanoma-10061252,10061252,Intraocular melanoma,KUMEL,Yes,INF_BATCH,2024-07-05 08:48:47.437,INF_BATCH,2025-10-17 14:16:07.385,INF_R360
Depression-10012378,10012378,Depression,TDR,Yes,INF_BATCH,2024-07-05 08:48:47.437,INF_BATCH,2025-10-17 14:16:07.385,INF_R360
ZZZ_DEPRESSIVE DISORDER-10012399(Do Not Use),10012399,DEPRESSIVE DISORDER,DEP,No,INF_BATCH,2024-07-05 08:48:47.437,INF_BATCH,2025-10-17 14:16:07.385,INF_R360
Nasopharyngeal cancer-10061306,10061306,Nasopharyngeal cancer,KNPC,Yes,INF_BATCH,2024-07-05 08:48:47.437,INF_BATCH,2025-10-17 14:16:07.385,INF_R360
ZZZ_Dermatitis-10012431(Do Not Use),10012431,Dermatitis,DERM,No,INF_BATCH,2024-07-05 08:48:47.437,INF_BATCH,2025-10-17 14:16:07.385,INF_R360
ZZZ_Papilloma viral infection-10061331(Do Not Use),10061331,Papilloma viral infection,HPV,No,INF_BATCH,2024-07-05 08:48:47.437,INF_BATCH,2025-10-17 14:16:07.385,INF_R360
Dermatitis atopic-10012438,10012438,Dermatitis atopic,ATD,Yes,INF_BATCH,2024-07-05 08:48:47.437,INF_BATCH,2025-10-17 14:16:07.385,INF_R360
ZZZ_Temperature regulation disorder-10061376(Do Not Use),10061376,Temperature regulation disorder,TEMPD,No,INF_BATCH,2024-07-05 08:48:47.437,INF_BATCH,2025-10-17 14:16:07.385,INF_R360
Dermatitis contact-10012442,10012442,Dermatitis contact,CACD,Yes,INF_BATCH,2024-07-05 08:48:47.437,INF_BATCH,2025-10-17 14:16:07.385,INF_R360
Decreased appetite-10061428,10061428,Decreased appetite,ANXAG,Yes,INF_BATCH,2024-07-05 08:48:47.437,INF_BATCH,2025-10-17 14:16:07.385,INF_R360
Dermatomyositis-10012503,10012503,Dermatomyositis,DTM,Yes,INF_BATCH,2024-07-05 08:48:47.437,INF_BATCH,2025-10-17 14:16:07.385,INF_R360
Colorectal cancer-10061451,10061451,Colorectal cancer,KCRC,Yes,INF_BATCH,2024-07-05 08:48:47.437,INF_BATCH,2025-10-17 14:16:07.385,INF_R360
ZZZ_Developmental delay-10012559(Do Not Use),10012559,Developmental delay,DEVD,No,INF_BATCH,2024-07-05 08:48:47.437,INF_BATCH,2025-10-17 14:16:07.385,INF_R360
Diabetes-10012594,10012594,Diabetes,DIAB,Yes,INF_BATCH,2024-07-05 08:48:47.437,INF_BATCH,2025-10-17 14:16:07.385,INF_R360
Erectile dysfunction-10061461,10061461,Erectile dysfunction,ED,Yes,INF_BATCH,2024-07-05 08:48:47.437,INF_BATCH,2025-10-17 14:16:07.385,INF_R360
Diabetes mellitus-10012601,10012601,Diabetes mellitus,DIAB MELL,Yes,INF_BATCH,2024-07-05 08:48:47.437,INF_BATCH,2025-10-17 14:16:07.385,INF_R360
Renal injury-10061481,10061481,Renal injury,KI,Yes,INF_BATCH,2024-07-05 08:48:47.437,INF_BATCH,2025-10-17 14:16:07.385,INF_R360
Diabetic neuropathy-10012680,10012680,Diabetic neuropathy,DIPN,Yes,INF_BATCH,2024-07-05 08:48:47.437,INF_BATCH,2025-10-17 14:16:07.385,INF_R360
Parkinson's disease-10061536,10061536,Parkinson's disease,PD,Yes,INF_BATCH,2024-07-05 08:48:47.437,INF_BATCH,2025-10-17 14:16:07.385,INF_R360
Diabetic retinal oedema-10012688,10012688,Diabetic retinal oedema,DME,Yes,INF_BATCH,2024-07-05 08:48:47.437,INF_BATCH,2025-10-17 14:16:07.385,INF_R360
Blood disorder-10061590,10061590,Blood disorder,BDIS,Yes,INF_BATCH,2024-07-05 08:48:47.437,INF_BATCH,2025-10-17 14:16:07.385,INF_R360
Diabetic retinopathy-10012689,10012689,Diabetic retinopathy,RDIA,Yes,INF_BATCH,2024-07-05 08:48:47.437,INF_BATCH,2025-10-17 14:16:07.385,INF_R360
Apheresis-10061653,10061653,Apheresis,APH,Yes,INF_BATCH,2024-07-05 08:48:47.437,INF_BATCH,2025-10-17 14:16:07.385,INF_R360
Diarrhea-10012727,10012727,Diarrhea,DIARR,Yes,INF_BATCH,2024-07-05 08:48:47.437,INF_BATCH,2025-10-17 14:16:07.385,INF_R360
Autoimmune disorder-10061664,10061664,Autoimmune disorder,AIMD,Yes,INF_BATCH,2024-07-05 08:48:47.437,INF_BATCH,2025-10-17 14:16:07.385,INF_R360
Diphtheria-10013023,10013023,Diphtheria,DIPHT,Yes,INF_BATCH,2024-07-05 08:48:47.437,INF_BATCH,2025-10-17 14:16:07.385,INF_R360
Disorders of urea cycle metabolism-10013373,10013373,Disorders of urea cycle metabolism,UCD,Yes,INF_BATCH,2024-07-05 08:48:47.437,INF_BATCH,2025-10-17 14:16:07.385,INF_R360
ZZZ_Down's syndrome-10013616(Do Not Use),10013616,Down's syndrome,DS,No,INF_BATCH,2024-07-05 08:48:47.437,INF_BATCH,2025-10-17 14:16:07.385,INF_R360
ZZZ_Drug abuse-10013654(Do Not Use),10013654,Drug abuse,DRUGA,No,INF_BATCH,2024-07-05 08:48:47.437,INF_BATCH,2025-10-17 14:16:07.385,INF_R360
ZZZ_Drug dependence-10013663(Do Not Use),10013663,Drug dependence,DRUGD,No,INF_BATCH,2024-07-05 08:48:47.437,INF_BATCH,2025-10-17 14:16:07.385,INF_R360
Dry eye-10013774,10013774,Dry eye,DE,Yes,INF_BATCH,2024-07-05 08:48:47.437,INF_BATCH,2025-10-17 14:16:07.385,INF_R360
Duchenne muscular dystrophy-10013801,10013801,Duchenne muscular dystrophy,DMD,Yes,INF_BATCH,2024-07-05 08:48:47.437,INF_BATCH,2025-10-17 14:16:07.385,INF_R360
Dyskinesia-10013916,10013916,Dyskinesia,DYK,Yes,INF_BATCH,2024-07-05 08:48:47.437,INF_BATCH,2025-10-17 14:16:07.385,INF_R360
Dysmenorrhoea-10013935,10013935,Dysmenorrhoea,DYSM,Yes,INF_BATCH,2024-07-05 08:48:47.437,INF_BATCH,2025-10-17 14:16:07.385,INF_R360
Dysphagia-10013950,10013950,Dysphagia,DYSP,Yes,INF_BATCH,2024-07-05 08:48:47.437,INF_BATCH,2025-10-17 14:16:07.385,INF_R360
ZZZ_Ear and labyrinth disorders-10013993(Do Not Use),10013993,Ear and labyrinth disorders,EARLD,No,INF_BATCH,2024-07-05 08:48:47.437,INF_BATCH,2025-10-17 14:16:07.385,INF_R360
Ear disorder-10014004,10014004,Ear disorder,EARD,Yes,INF_BATCH,2024-07-05 08:48:47.437,INF_BATCH,2025-10-17 14:16:07.385,INF_R360
Eczema-10014184,10014184,Eczema,ECZ,Yes,INF_BATCH,2024-07-05 08:48:47.437,INF_BATCH,2025-10-17 14:16:07.385,INF_R360
Embolism venous-10014522,10014522,Embolism venous,VTE,Yes,INF_BATCH,2024-07-05 08:48:47.437,INF_BATCH,2025-10-17 14:16:07.385,INF_R360
Emphysema-10014561,10014561,Emphysema,EMPH,Yes,INF_BATCH,2024-07-05 08:48:47.437,INF_BATCH,2025-10-17 14:16:07.385,INF_R360
ZZZ_Encephalitis-10014581(Do Not Use),10014581,Encephalitis,ENCE,No,INF_BATCH,2024-07-05 08:48:47.437,INF_BATCH,2025-10-17 14:16:07.385,INF_R360
ZZZ_Endocrine disorders-10014698(Do Not Use),10014698,Endocrine disorders,ENDOD,No,INF_BATCH,2024-07-05 08:48:47.437,INF_BATCH,2025-10-17 14:16:07.385,INF_R360
Endometrial cancer-10014733,10014733,Endometrial cancer,KEN,Yes,INF_BATCH,2024-07-05 08:48:47.437,INF_BATCH,2025-10-17 14:16:07.385,INF_R360
Epilepsy-10015037,10015037,Epilepsy,EPY,Yes,INF_BATCH,2024-07-05 08:48:47.437,INF_BATCH,2025-10-17 14:16:07.385,INF_R360
Epstein-Barr virus infection-10015108,10015108,Epstein-Barr virus infection,EBV,Yes,INF_BATCH,2024-07-05 08:48:47.437,INF_BATCH,2025-10-17 14:16:07.385,INF_R360
ZZZ_Esophageal cancer-10015362(Do Not Use),10015362,Esophageal cancer,KESCA,No,INF_BATCH,2024-07-05 08:48:47.437,INF_BATCH,2025-10-17 14:16:07.385,INF_R360
ZZZ_Extensive burns-10015723(Do Not Use),10015723,Extensive burns,EXBURNS,No,INF_BATCH,2024-07-05 08:48:47.437,INF_BATCH,2025-10-17 14:16:07.385,INF_R360
Eye disorder-10015916,10015916,Eye disorder,EYED,Yes,INF_BATCH,2024-07-05 08:48:47.437,INF_BATCH,2025-10-17 14:16:07.385,INF_R360
Fabry's disease-10016016,10016016,Fabry's disease,FD,Yes,INF_BATCH,2024-07-05 08:48:47.437,INF_BATCH,2025-10-17 14:16:07.385,INF_R360
ZZZ_Factor IX deficiency-10016077(Do Not Use),10016077,Factor IX deficiency,F9D,No,INF_BATCH,2024-07-05 08:48:47.437,INF_BATCH,2025-10-17 14:16:07.385,INF_R360
ZZZ_Factor VIII deficiency-10016080(Do Not Use),10016080,Factor VIII deficiency,F8D,No,INF_BATCH,2024-07-05 08:48:47.437,INF_BATCH,2025-10-17 14:16:07.385,INF_R360
Fat atrophy-10016241,10016241,Fat atrophy,ATR,Yes,INF_BATCH,2024-07-05 08:48:47.437,INF_BATCH,2025-10-17 14:16:07.385,INF_R360
ZZZ_Antifungal treatment-10068723(Do Not Use),10068723,Antifungal treatment,AFT,No,INF_BATCH,2024-07-05 08:48:47.437,INF_BATCH,2025-10-17 14:16:07.385,INF_R360
Myotonic dystrophy-10068871,10068871,Myotonic dystrophy,DM,Yes,INF_BATCH,2024-07-05 08:48:47.437,INF_BATCH,2025-10-17 14:16:07.385,INF_R360
Frontotemporal dementia-10068968,10068968,Frontotemporal dementia,FTD,Yes,INF_BATCH,2024-07-05 08:48:47.437,INF_BATCH,2025-10-17 14:16:07.385,INF_R360
Acute kidney injury-10069339,10069339,Acute kidney injury,AKI,Yes,INF_BATCH,2024-07-05 08:48:47.437,INF_BATCH,2025-10-17 14:16:07.385,INF_R360
Langerhans' cell histiocytosis-10069698,10069698,Langerhans' cell histiocytosis,KLCH,Yes,INF_BATCH,2024-07-05 08:48:47.437,INF_BATCH,2025-10-17 14:16:07.385,INF_R360
H1N1 influenza-10069767,10069767,H1N1 influenza,H1N1,Yes,INF_BATCH,2024-07-05 08:48:47.437,INF_BATCH,2025-10-17 14:16:07.385,INF_R360
Leber's congenital amaurosis-10070667,10070667,Leber's congenital amaurosis,LCA1,Yes,INF_BATCH,2024-07-05 08:48:47.437,INF_BATCH,2025-10-17 14:16:07.385,INF_R360
Huntington's disease-10070668,10070668,Huntington's disease,HNTC,Yes,INF_BATCH,2024-07-05 08:48:47.437,INF_BATCH,2025-10-17 14:16:07.385,INF_R360
Craniocerebral injury-10070976,10070976,Craniocerebral injury,TBI,Yes,INF_BATCH,2024-07-05 08:48:47.437,INF_BATCH,2025-10-17 14:16:07.385,INF_R360
Angiogenesis biomarker-10071167,10071167,Angiogenesis biomarker,ANGG,Yes,INF_BATCH,2024-07-05 08:48:47.437,INF_BATCH,2025-10-17 14:16:07.385,INF_R360
Chronic hyperplastic eosinophilic sinusitis-10071380,10071380,Chronic hyperplastic eosinophilic sinusitis,CHES,Yes,INF_BATCH,2024-07-05 08:48:47.437,INF_BATCH,2025-10-17 14:16:07.385,INF_R360
Chronic eosinophilic rhinosinusitis-10071399,10071399,Chronic eosinophilic rhinosinusitis,CERSWP,Yes,INF_BATCH,2024-07-05 08:48:47.437,INF_BATCH,2025-10-17 14:16:07.385,INF_R360
Articular Cartilage Defect-10072638,10072638,Articular Cartilage Defect,ACDFCT,Yes,INF_BATCH,2024-07-05 08:48:47.437,INF_BATCH,2025-10-17 14:16:07.385,INF_R360
Chronic spontaneous urticaria-10072757,10072757,Chronic spontaneous urticaria,CSU,Yes,INF_BATCH,2024-07-05 08:48:47.437,INF_BATCH,2025-10-17 14:16:07.385,INF_R360
Exposure to radiation-10073306,10073306,Exposure to radiation,IRDT,Yes,INF_BATCH,2024-07-05 08:48:47.437,INF_BATCH,2025-10-17 14:16:07.385,INF_R360
Vascular cognitive impairment-10074570,10074570,Vascular cognitive impairment,VCI,Yes,INF_BATCH,2024-07-05 08:48:47.437,INF_BATCH,2025-10-17 14:16:07.385,INF_R360
Immune thrombocytopenic purpura-10074667,10074667,Immune thrombocytopenic purpura,ITP,Yes,INF_BATCH,2024-07-05 08:48:47.437,INF_BATCH,2025-10-17 14:16:07.385,INF_R360
Autoimmune demyelinating disease-10075688,10075688,Autoimmune demyelinating disease,MOGAD,Yes,INF_BATCH,2024-07-05 08:48:47.437,INF_BATCH,2025-10-17 14:16:07.385,INF_R360
Heart failure with preserved ejection fraction-10076396,10076396,Heart failure with preserved ejection fraction,HFPEF,Yes,INF_BATCH,2024-07-05 08:48:47.437,INF_BATCH,2025-10-17 14:16:07.385,INF_R360
Hospital acquired pneumonia-10076918,10076918,Hospital acquired pneumonia,HAP,Yes,INF_BATCH,2024-07-05 08:48:47.437,INF_BATCH,2025-10-17 14:16:07.385,INF_R360
Immunoglobulin G4 related disease-10077271,10077271,Immunoglobulin G4 related disease,IGG4-RD,Yes,INF_BATCH,2024-07-05 08:48:47.437,INF_BATCH,2025-10-17 14:16:07.385,INF_R360
Rett syndrome-10077709,10077709,Rett syndrome,RETTS,Yes,INF_BATCH,2024-07-05 08:48:47.437,INF_BATCH,2025-10-17 14:16:07.385,INF_R360
C3 glomerulopathy-10077827,10077827,C3 glomerulopathy,C3GN,Yes,INF_BATCH,2024-07-05 08:48:47.437,INF_BATCH,2025-10-17 14:16:07.385,INF_R360
Glucose transporter type 1 deficiency syndrome-10078727,10078727,Glucose transporter type 1 deficiency syndrome,GLUT1,Yes,INF_BATCH,2024-07-05 08:48:47.437,INF_BATCH,2025-10-17 14:16:07.385,INF_R360
Chemotherapy induced peripheral neuropathy-10079545,10079545,Chemotherapy induced peripheral neuropathy,KCIPN,Yes,INF_BATCH,2024-07-05 08:48:47.437,INF_BATCH,2025-10-17 14:16:07.385,INF_R360
Atypical haemolytic uraemic syndrome-10079840,10079840,Atypical haemolytic uraemic syndrome,ATHEMOSYND,Yes,INF_BATCH,2024-07-05 08:48:47.437,INF_BATCH,2025-10-17 14:16:07.385,INF_R360
Chronic rhinosinusitis with nasal polyps-10080060,10080060,Chronic rhinosinusitis with nasal polyps,CRSWNP,Yes,INF_BATCH,2024-07-05 08:48:47.437,INF_BATCH,2025-10-17 14:16:07.385,INF_R360
Diffuse intrinsic pontine glioma-10080666,10080666,Diffuse intrinsic pontine glioma,DIPG,Yes,INF_BATCH,2024-07-05 08:48:47.437,INF_BATCH,2025-10-17 14:16:07.385,INF_R360
Nervous system disorder prophylaxis-10081388,10081388,Nervous system disorder prophylaxis,NPTN,Yes,INF_BATCH,2024-07-05 08:48:47.437,INF_BATCH,2025-10-17 14:16:07.385,INF_R360
Complicated skin and soft tissue infection-10081417,10081417,Complicated skin and soft tissue infection,CSSSI,Yes,INF_BATCH,2024-07-05 08:48:47.437,INF_BATCH,2025-10-17 14:16:07.385,INF_R360
Bronchiolitis obliterans syndrome-10083303,10083303,Bronchiolitis obliterans syndrome,BOS,Yes,INF_BATCH,2024-07-05 08:48:47.437,INF_BATCH,2025-10-17 14:16:07.385,INF_R360
Alpha-1 antitrypsin deficiency-10083869,10083869,Alpha-1 antitrypsin deficiency,AATD,Yes,INF_BATCH,2024-07-05 08:48:47.437,INF_BATCH,2025-10-17 14:16:07.385,INF_R360
Acid sphingomyelinase deficiency-10083873,10083873,Acid sphingomyelinase deficiency,ASPHD,Yes,INF_BATCH,2024-07-05 08:48:47.437,INF_BATCH,2025-10-17 14:16:07.385,INF_R360
Chronic rhinosinusitis without nasal polyps-10084742,10084742,Chronic rhinosinusitis without nasal polyps,CRSSNP,Yes,INF_BATCH,2024-07-05 08:48:47.437,INF_BATCH,2025-10-17 14:16:07.385,INF_R360
Chronic antibody-mediated rejection-10084901,10084901,Chronic antibody-mediated rejection,CAMR,Yes,INF_BATCH,2024-07-05 08:48:47.437,INF_BATCH,2025-10-17 14:16:07.385,INF_R360
HER2 positive salivary gland cancer-10085431,10085431,HER2 positive salivary gland cancer,HER2-SGC,Yes,INF_BATCH,2024-07-05 08:48:47.437,INF_BATCH,2025-10-17 14:16:07.385,INF_R360
Lysosomal storage disorder-10086694,10086694,Lysosomal storage disorder,LSD,Yes,INF_BATCH,2024-07-05 08:48:47.437,INF_BATCH,2025-10-17 14:16:07.385,INF_R360
ANCA-associated vasculitis-10086756,10086756,ANCA-associated vasculitis,ANCAAV,Yes,INF_BATCH,2024-07-05 08:48:47.437,INF_BATCH,2025-10-17 14:16:07.385,INF_R360
Chronic pruritus of unknown origin-10086975,10086975,Chronic pruritus of unknown origin,CPUO,Yes,INF_BATCH,2024-07-05 08:48:47.437,INF_BATCH,2025-10-17 14:16:07.385,INF_R360
Chronic lung allograft dysfunction-10089357,10089357,Chronic lung allograft dysfunction,CLAD,Yes,INF_BATCH,2024-07-05 08:48:47.437,INF_BATCH,2025-10-17 14:16:07.385,INF_R360
ZZZ_NULLLEGACY-@COMMON00000000(Do Not Use),@COMMON00000000,NULLLEGACY,@COMMON,No,INF_BATCH,2024-07-05 08:48:47.437,INF_BATCH,2025-10-17 14:16:07.385,INF_R360
ZZZ_Leukaemic lymphoma-@KLUL10024325(Do Not Use),@KLUL10024325,Leukaemic lymphoma,@KLUL,No,INF_BATCH,2024-07-05 08:48:47.437,INF_BATCH,2025-10-17 14:16:07.385,INF_R360
ZZZ_Retinitis pigmentosa-ADRP10038914(Do Not Use),ADRP10038914,Retinitis pigmentosa,ADRP,No,INF_BATCH,2024-07-05 08:48:47.437,INF_BATCH,2025-10-17 14:16:07.385,INF_R360
ZZZ_Allergic rhinitis-ALL-D1210001723(Do Not Use),ALL-D1210001723,Allergic rhinitis,ALL-D12,No,INF_BATCH,2024-07-05 08:48:47.437,INF_BATCH,2025-10-17 14:16:07.385,INF_R360
ZZZ_Rhinitis allergic-ALL-Dry Syrup-PED10039085(Do Not Use),ALL-Dry Syrup-PED10039085,Rhinitis allergic,ALL-Dry Syrup-PED,No,INF_BATCH,2024-07-05 08:48:47.437,INF_BATCH,2025-10-17 14:16:07.385,INF_R360
ZZZ_Allergic rhinitis-ALL-ODT10001723(Do Not Use),ALL-ODT10001723,Allergic rhinitis,ALL-ODT,No,INF_BATCH,2024-07-05 08:48:47.437,INF_BATCH,2025-10-17 14:16:07.385,INF_R360
ZZZ_ALLERGIC RHINITIS-ALLPD10001723(Do Not Use),ALLPD10001723,ALLERGIC RHINITIS,ALLPD,No,INF_BATCH,2024-07-05 08:48:47.437,INF_BATCH,2025-10-17 14:16:07.385,INF_R360
ZZZ_Adrenoleukodystrophy-AMN10051260(Do Not Use),AMN10051260,Adrenoleukodystrophy,AMN,No,INF_BATCH,2024-07-05 08:48:47.437,INF_BATCH,2025-10-17 14:16:07.385,INF_R360
ZZZ_Appetite disorder-APPD10060961(Do Not Use),APPD10060961,Appetite disorder,APPD,No,INF_BATCH,2024-07-05 08:48:47.437,INF_BATCH,2025-10-17 14:16:07.385,INF_R360
ZZZ_RHEUMATOID ARTHRITIS-AR10039073(Do Not Use),AR10039073,RHEUMATOID ARTHRITIS,AR,No,INF_BATCH,2024-07-05 08:48:47.437,INF_BATCH,2025-10-17 14:16:07.385,INF_R360
ZZZ_ASTHMA-ASTC10003553(Do Not Use),ASTC10003553,ASTHMA,ASTC,No,INF_BATCH,2024-07-05 08:48:47.437,INF_BATCH,2025-10-17 14:16:07.385,INF_R360
ZZZ_Dermatitis atopic-ATDAC10012438(Do Not Use),ATDAC10012438,Dermatitis atopic,ATDAC,No,INF_BATCH,2024-07-05 08:48:47.437,INF_BATCH,2025-10-17 14:16:07.385,INF_R360
ZZZ_Dermatitis atopic-ATDMN10012438(Do Not Use),ATDMN10012438,Dermatitis atopic,ATDMN,No,INF_BATCH,2024-07-05 08:48:47.437,INF_BATCH,2025-10-17 14:16:07.385,INF_R360
ZZZ_BIPOLAR DISORDER-BD10057667(Do Not Use),BD10057667,BIPOLAR DISORDER,BD,No,INF_BATCH,2024-07-05 08:48:47.437,INF_BATCH,2025-10-17 14:16:07.385,INF_R360
ZZZ_BIPOLAR DISORDER-BDCR10057667(Do Not Use),BDCR10057667,BIPOLAR DISORDER,BDCR,No,INF_BATCH,2024-07-05 08:48:47.437,INF_BATCH,2025-10-17 14:16:07.385,INF_R360
ZZZ_NULLLEGACY-CAF00000000(Do Not Use),CAF00000000,NULLLEGACY,CAF,No,INF_BATCH,2024-07-05 08:48:47.437,INF_BATCH,2025-10-17 14:16:07.385,INF_R360
ZZZ_NULLLEGACY-CAPES00000000(Do Not Use),CAPES00000000,NULLLEGACY,CAPES,No,INF_BATCH,2024-07-05 08:48:47.437,INF_BATCH,2025-10-17 14:16:07.385,INF_R360
ZZZ_Adrenoleukodystrophy-CCALD10051260(Do Not Use),CCALD10051260,Adrenoleukodystrophy,CCALD,No,INF_BATCH,2024-07-05 08:48:47.437,INF_BATCH,2025-10-17 14:16:07.385,INF_R360
ZZZ_Cognitive disorder-CIAS10057668(Do Not Use),CIAS10057668,Cognitive disorder,CIAS,No,INF_BATCH,2024-07-05 08:48:47.437,INF_BATCH,2025-10-17 14:16:07.385,INF_R360
ZZZ_NULLLEGACY-CIRR00000000(Do Not Use),CIRR00000000,NULLLEGACY,CIRR,No,INF_BATCH,2024-07-05 08:48:47.437,INF_BATCH,2025-10-17 14:16:07.385,INF_R360
ZZZ_Peripheral ischaemia -CLI_INDIC10034576(Do Not Use),CLI_INDIC10034576,Peripheral ischaemia ,CLI_INDIC,No,INF_BATCH,2024-07-05 08:48:47.437,INF_BATCH,2025-10-17 14:16:07.385,INF_R360
ZZZ_NULLLEGACY-CMTD00000000(Do Not Use),CMTD00000000,NULLLEGACY,CMTD,No,INF_BATCH,2024-07-05 08:48:47.437,INF_BATCH,2025-10-17 14:16:07.385,INF_R360
ZZZ_Chronic pain -CNP10049475(Do Not Use),CNP10049475,Chronic pain ,CNP,No,INF_BATCH,2024-07-05 08:48:47.437,INF_BATCH,2025-10-17 14:16:07.385,INF_R360
ZZZ_NULLLEGACY-COMMON00000000(Do Not Use),COMMON00000000,NULLLEGACY,COMMON,No,INF_BATCH,2024-07-05 08:48:47.437,INF_BATCH,2025-10-17 14:16:07.385,INF_R360
ZZZ_Cardiac failure congestive-Congest in HF pt10007559(Do Not Use),Congest in HF pt10007559,Cardiac failure congestive,Congest in HF pt,No,INF_BATCH,2024-07-05 08:48:47.437,INF_BATCH,2025-10-17 14:16:07.385,INF_R360
ZZZ_TYPE 2 DIABETES MELLITUS-DIABB-C10067585(Do Not Use),DIABB-C10067585,TYPE 2 DIABETES MELLITUS,DIABB-C,No,INF_BATCH,2024-07-05 08:48:47.437,INF_BATCH,2025-10-17 14:16:07.385,INF_R360
ZZZ_Type 2 diabetes mellitus-DIABB-ODT10067585(Do Not Use),DIABB-ODT10067585,Type 2 diabetes mellitus,DIABB-ODT,No,INF_BATCH,2024-07-05 08:48:47.437,INF_BATCH,2025-10-17 14:16:07.385,INF_R360
Linear IgA disease-10024515,10024515,Linear IgA disease,LAD,Yes,INF_BATCH,2024-07-05 08:48:47.437,INF_BATCH,2025-10-17 14:16:07.385,INF_R360
ZZZ_Lysosomal storage disorders-10024579(Do Not Use),10024579,Lysosomal storage disorders,LSDS,No,INF_BATCH,2024-07-05 08:48:47.437,INF_BATCH,2025-10-17 14:16:07.385,INF_R360
ZZZ_Lipids abnormal-10024588(Do Not Use),10024588,Lipids abnormal,LIPABN,No,INF_BATCH,2024-07-05 08:48:47.437,INF_BATCH,2025-10-17 14:16:07.385,INF_R360
ZZZ_Lung fibrosis-10025088(Do Not Use),10025088,Lung fibrosis,LUF,No,INF_BATCH,2024-07-05 08:48:47.437,INF_BATCH,2025-10-17 14:16:07.385,INF_R360
Lupus nephritis-10025140,10025140,Lupus nephritis,LUNE,Yes,INF_BATCH,2024-07-05 08:48:47.437,INF_BATCH,2025-10-17 14:16:07.385,INF_R360
Lyme disease-10025169,10025169,Lyme disease,LYME,Yes,INF_BATCH,2024-07-05 08:48:47.437,INF_BATCH,2025-10-17 14:16:07.385,INF_R360
ZZZ_Lymphangioma-10025219(Do Not Use),10025219,Lymphangioma,LA,No,INF_BATCH,2024-07-05 08:48:47.437,INF_BATCH,2025-10-17 14:16:07.385,INF_R360
Lymphoma-10025310,10025310,Lymphoma,KLYMP,Yes,INF_BATCH,2024-07-05 08:48:47.437,INF_BATCH,2025-10-17 14:16:07.385,INF_R360
ZZZ_Lymphomas non-Hodgkin's B-cell-10025320(Do Not Use),10025320,Lymphomas non-Hodgkin's B-cell,KBCNHL,No,INF_BATCH,2024-07-05 08:48:47.437,INF_BATCH,2025-10-17 14:16:07.385,INF_R360
ZZZ_Lymphomas non-Hodgkin's T-cell-10025321(Do Not Use),10025321,Lymphomas non-Hodgkin's T-cell,KTCNHL,No,INF_BATCH,2024-07-05 08:48:47.437,INF_BATCH,2025-10-17 14:16:07.385,INF_R360
ZZZ_Macular degeneration-10025409(Do Not Use),10025409,Macular degeneration,MD,No,INF_BATCH,2024-07-05 08:48:47.437,INF_BATCH,2025-10-17 14:16:07.385,INF_R360
Malaria-10025487,10025487,Malaria,MAL,Yes,INF_BATCH,2024-07-05 08:48:47.437,INF_BATCH,2025-10-17 14:16:07.385,INF_R360
Malignant ascites-10025538,10025538,Malignant ascites,KSMA,Yes,INF_BATCH,2024-07-05 08:48:47.437,INF_BATCH,2025-10-17 14:16:07.385,INF_R360
Malignant melanoma-10025650,10025650,Malignant melanoma,KMEL,Yes,INF_BATCH,2024-07-05 08:48:47.437,INF_BATCH,2025-10-17 14:16:07.385,INF_R360
ZZZ_Marfan's syndrome-10026829(Do Not Use),10026829,Marfan's syndrome,MFS,No,INF_BATCH,2024-07-05 08:48:47.437,INF_BATCH,2025-10-17 14:16:07.385,INF_R360
ZZZ_Memory impairment-10027175(Do Not Use),10027175,Memory impairment,MEMI,No,INF_BATCH,2024-07-05 08:48:47.437,INF_BATCH,2025-10-17 14:16:07.385,INF_R360
Meningococcal infection-10027274,10027274,Meningococcal infection,MENING,Yes,INF_BATCH,2024-07-05 08:48:47.437,INF_BATCH,2025-10-17 14:16:07.385,INF_R360
Mesothelioma malignant-10027407,10027407,Mesothelioma malignant,KMMES,Yes,INF_BATCH,2024-07-05 08:48:47.437,INF_BATCH,2025-10-17 14:16:07.385,INF_R360
ZZZ_Metastases to lymph nodes-10027459(Do Not Use),10027459,Metastases to lymph nodes,KLYMN,No,INF_BATCH,2024-07-05 08:48:47.437,INF_BATCH,2025-10-17 14:16:07.385,INF_R360
ZZZ_Methicillin-resistant Staphylococcus aureus infection-10027508(Do Not Use),10027508,Methicillin-resistant Staphylococcus aureus infection,MRSA,No,INF_BATCH,2024-07-05 08:48:47.437,INF_BATCH,2025-10-17 14:16:07.385,INF_R360
Micturition disorder-10027561,10027561,Micturition disorder,VD,Yes,INF_BATCH,2024-07-05 08:48:47.437,INF_BATCH,2025-10-17 14:16:07.385,INF_R360
Middle insomnia-10027590,10027590,Middle insomnia,SMI,Yes,INF_BATCH,2024-07-05 08:48:47.437,INF_BATCH,2025-10-17 14:16:07.385,INF_R360
ZZZ_Migraine-10027599(Do Not Use),10027599,Migraine,MIG,No,INF_BATCH,2024-07-05 08:48:47.437,INF_BATCH,2025-10-17 14:16:07.385,INF_R360
ZZZ_Motor neurone disease-10028003(Do Not Use),10028003,Motor neurone disease,MND,No,INF_BATCH,2024-07-05 08:48:47.437,INF_BATCH,2025-10-17 14:16:07.385,INF_R360
Mucopolysaccharidosis-10028093,10028093,Mucopolysaccharidosis,MPS,Yes,INF_BATCH,2024-07-05 08:48:47.437,INF_BATCH,2025-10-17 14:16:07.385,INF_R360
ZZZ_Mucosal inflammation-10028116(Do Not Use),10028116,Mucosal inflammation,MUCOINF,No,INF_BATCH,2024-07-05 08:48:47.437,INF_BATCH,2025-10-17 14:16:07.385,INF_R360
Multiple myeloma-10028228,10028228,Multiple myeloma,KMM,Yes,INF_BATCH,2024-07-05 08:48:47.437,INF_BATCH,2025-10-17 14:16:07.385,INF_R360
Multiple sclerosis-10028245,10028245,Multiple sclerosis,MSCL,Yes,INF_BATCH,2024-07-05 08:48:47.437,INF_BATCH,2025-10-17 14:16:07.385,INF_R360
Muscle atrophy-10028289,10028289,Muscle atrophy,ORTD,Yes,INF_BATCH,2024-07-05 08:48:47.437,INF_BATCH,2025-10-17 14:16:07.385,INF_R360
ZZZ_Muscle spasms-10028334(Do Not Use),10028334,Muscle spasms,MSPASM,No,INF_BATCH,2024-07-05 08:48:47.437,INF_BATCH,2025-10-17 14:16:07.385,INF_R360
Muscle spasticity-10028335,10028335,Muscle spasticity,SPAST,Yes,INF_BATCH,2024-07-05 08:48:47.437,INF_BATCH,2025-10-17 14:16:07.385,INF_R360
ZZZ_Muscular dystrophy-10028356(Do Not Use),10028356,Muscular dystrophy,MDYS,No,INF_BATCH,2024-07-05 08:48:47.437,INF_BATCH,2025-10-17 14:16:07.385,INF_R360
Musculoskeletal pain-10028391,10028391,Musculoskeletal pain,MSD,Yes,INF_BATCH,2024-07-05 08:48:47.437,INF_BATCH,2025-10-17 14:16:07.385,INF_R360
ZZZ_Musculoskeletal and connective tissue disorders-10028395(Do Not Use),10028395,Musculoskeletal and connective tissue disorders,MCTD,No,INF_BATCH,2024-07-05 08:48:47.437,INF_BATCH,2025-10-17 14:16:07.385,INF_R360
Myasthenia gravis-10028417,10028417,Myasthenia gravis,MG,Yes,INF_BATCH,2024-07-05 08:48:47.437,INF_BATCH,2025-10-17 14:16:07.385,INF_R360
Mycosis fungoides-10028483,10028483,Mycosis fungoides,SZS,Yes,INF_BATCH,2024-07-05 08:48:47.437,INF_BATCH,2025-10-17 14:16:07.385,INF_R360
Myelodysplastic syndrome-10028533,10028533,Myelodysplastic syndrome,MDS,Yes,INF_BATCH,2024-07-05 08:48:47.437,INF_BATCH,2025-10-17 14:16:07.385,INF_R360
Myelofibrosis-10028537,10028537,Myelofibrosis,MF,Yes,INF_BATCH,2024-07-05 08:48:47.437,INF_BATCH,2025-10-17 14:16:07.385,INF_R360
ZZZ_Myocardial infarction-10028596(Do Not Use),10028596,Myocardial infarction,MI,No,INF_BATCH,2024-07-05 08:48:47.437,INF_BATCH,2025-10-17 14:16:07.385,INF_R360
ZZZ_Myocardial ischemia-10028601(Do Not Use),10028601,Myocardial ischemia,MYOIS,No,INF_BATCH,2024-07-05 08:48:47.437,INF_BATCH,2025-10-17 14:16:07.385,INF_R360
ZZZ_Myopathy-10028641(Do Not Use),10028641,Myopathy,MPT,No,INF_BATCH,2024-07-05 08:48:47.437,INF_BATCH,2025-10-17 14:16:07.385,INF_R360
Narcolepsy-10028713,10028713,Narcolepsy,NRCWCTP,Yes,INF_BATCH,2024-07-05 08:48:47.437,INF_BATCH,2025-10-17 14:16:07.385,INF_R360
Nasal polyps-10028756,10028756,Nasal polyps,NPY,Yes,INF_BATCH,2024-07-05 08:48:47.437,INF_BATCH,2025-10-17 14:16:07.385,INF_R360
ZZZ_NASOPHARYNGEAL CARCINOMA-10028793(Do Not Use),10028793,NASOPHARYNGEAL CARCINOMA,KNPCPD,No,INF_BATCH,2024-07-05 08:48:47.437,INF_BATCH,2025-10-17 14:16:07.385,INF_R360
ZZZ_Nausea-10028813(Do Not Use),10028813,Nausea,NAU,No,INF_BATCH,2024-07-05 08:48:47.437,INF_BATCH,2025-10-17 14:16:07.385,INF_R360
ZZZ_Neoplasm-10028980(Do Not Use),10028980,Neoplasm,@KSTM,No,INF_BATCH,2024-07-05 08:48:47.437,INF_BATCH,2025-10-17 14:16:07.385,INF_R360
ZZZ_Neovascularisation-10029113(Do Not Use),10029113,Neovascularisation,NEOVASC,No,INF_BATCH,2024-07-05 08:48:47.437,INF_BATCH,2025-10-17 14:16:07.385,INF_R360
ZZZ_Nephropathy-10029151(Do Not Use),10029151,Nephropathy,NEPH,No,INF_BATCH,2024-07-05 08:48:47.437,INF_BATCH,2025-10-17 14:16:07.385,INF_R360
Nervous system disorder-10029202,10029202,Nervous system disorder,CNSD,Yes,INF_BATCH,2024-07-05 08:48:47.437,INF_BATCH,2025-10-17 14:16:07.385,INF_R360
Neuralgia-10029223,10029223,Neuralgia,NP,Yes,INF_BATCH,2024-07-05 08:48:47.437,INF_BATCH,2025-10-17 14:16:07.385,INF_R360
ZZZ_Neuritis-10029240(Do Not Use),10029240,Neuritis,NEI,No,INF_BATCH,2024-07-05 08:48:47.437,INF_BATCH,2025-10-17 14:16:07.385,INF_R360
Neuroblastoma-10029260,10029260,Neuroblastoma,KNB,Yes,INF_BATCH,2024-07-05 08:48:47.437,INF_BATCH,2025-10-17 14:16:07.385,INF_R360
Neurodermatitis-10029263,10029263,Neurodermatitis,NDERMA,Yes,INF_BATCH,2024-07-05 08:48:47.437,INF_BATCH,2026-01-09 10:35:07.133,INF_R360
Neurofibromatosis-10029268,10029268,Neurofibromatosis,NFM,Yes,INF_BATCH,2024-07-05 08:48:47.437,INF_BATCH,2025-10-17 14:16:07.385,INF_R360
ZZZ_Neurological disorders NEC-10029305(Do Not Use),10029305,Neurological disorders NEC,NEC,No,INF_BATCH,2024-07-05 08:48:47.437,INF_BATCH,2025-10-17 14:16:07.385,INF_R360
Neuromyelitis optica-10029322,10029322,Neuromyelitis optica,NMO,Yes,INF_BATCH,2024-07-05 08:48:47.437,INF_BATCH,2025-10-17 14:16:07.385,INF_R360
Neuropathy-10029328,10029328,Neuropathy,NPT,Yes,INF_BATCH,2024-07-05 08:48:47.437,INF_BATCH,2025-10-17 14:16:07.385,INF_R360
Neutropenia-10029354,10029354,Neutropenia,NTRP,Yes,INF_BATCH,2024-07-05 08:48:47.437,INF_BATCH,2025-10-17 14:16:07.385,INF_R360
Niemann-Pick Disease-10029403,10029403,Niemann-Pick Disease,NNMNPD,Yes,INF_BATCH,2024-07-05 08:48:47.437,INF_BATCH,2025-10-17 14:16:07.385,INF_R360
Non-Hodgkin's lymphoma-10029547,10029547,Non-Hodgkin's lymphoma,KNHL,Yes,INF_BATCH,2024-07-05 08:48:47.437,INF_BATCH,2025-10-17 14:16:07.385,INF_R360
Nosocomial infection-10029803,10029803,Nosocomial infection,NID,Yes,INF_BATCH,2024-07-05 08:48:47.437,INF_BATCH,2025-10-17 14:16:07.385,INF_R360
Obesity-10029883,10029883,Obesity,OBE,Yes,INF_BATCH,2024-07-05 08:48:47.437,INF_BATCH,2025-10-17 14:16:07.385,INF_R360
Onychomycosis-10030338,10030338,Onychomycosis,ONY,Yes,INF_BATCH,2024-07-05 08:48:47.437,INF_BATCH,2025-10-17 14:16:07.385,INF_R360
Optic neuritis-10030942,10030942,Optic neuritis,AON,Yes,INF_BATCH,2024-07-05 08:48:47.437,INF_BATCH,2025-10-17 14:16:07.385,INF_R360
Osteitis deformans-10031151,10031151,Osteitis deformans,PSD,Yes,INF_BATCH,2024-07-05 08:48:47.437,INF_BATCH,2025-10-17 14:16:07.385,INF_R360
Osteoarthritis-10031161,10031161,Osteoarthritis,OA,Yes,INF_BATCH,2024-07-05 08:48:47.437,INF_BATCH,2025-10-17 14:16:07.385,INF_R360
Osteochondrosis-10031233,10031233,Osteochondrosis,OCD,Yes,INF_BATCH,2024-07-05 08:48:47.437,INF_BATCH,2025-10-17 14:16:07.385,INF_R360
Somnolence-10041349,10041349,Somnolence,EDS,Yes,INF_BATCH,2024-07-05 08:48:47.437,INF_BATCH,2025-10-17 14:16:07.385,INF_R360
Spinal cord injury-10041552,10041552,Spinal cord injury,SCI,Yes,INF_BATCH,2024-07-05 08:48:47.437,INF_BATCH,2025-10-17 14:16:07.385,INF_R360
Spinal fracture-10041569,10041569,Spinal fracture,VF,Yes,INF_BATCH,2024-07-05 08:48:47.437,INF_BATCH,2025-10-17 14:16:07.385,INF_R360
Squamous cell carcinoma of skin-10041834,10041834,Squamous cell carcinoma of skin,KCRCC,Yes,INF_BATCH,2024-07-05 08:48:47.437,INF_BATCH,2025-10-17 14:16:07.385,INF_R360
ZZZ_Stress disorders-10042211(Do Not Use),10042211,Stress disorders,SD,No,INF_BATCH,2024-07-05 08:48:47.437,INF_BATCH,2025-10-17 14:16:07.385,INF_R360
Supraventricular tachycardia-10042604,10042604,Supraventricular tachycardia,SVT,Yes,INF_BATCH,2024-07-05 08:48:47.437,INF_BATCH,2025-10-17 14:16:07.385,INF_R360
Systemic lupus erythematosus-10042945,10042945,Systemic lupus erythematosus,SLE,Yes,INF_BATCH,2024-07-05 08:48:47.437,INF_BATCH,2025-10-17 14:16:07.385,INF_R360
Systemic sclerosis-10042953,10042953,Systemic sclerosis,SSCL,Yes,INF_BATCH,2024-07-05 08:48:47.437,INF_BATCH,2025-10-17 14:16:07.385,INF_R360
Tay-Sachs disease-10043147,10043147,Tay-Sachs disease,TSD,Yes,INF_BATCH,2024-07-05 08:48:47.437,INF_BATCH,2025-10-17 14:16:07.385,INF_R360
ZZZ_Temporal arteritis-10043207(Do Not Use),10043207,Temporal arteritis,AGC,No,INF_BATCH,2024-07-05 08:48:47.437,INF_BATCH,2025-10-17 14:16:07.385,INF_R360
Tetanus-10043376,10043376,Tetanus,TETA,Yes,INF_BATCH,2024-07-05 08:48:47.437,INF_BATCH,2025-10-17 14:16:07.385,INF_R360
ZZZ_Thrombocytopenia-10043554(Do Not Use),10043554,Thrombocytopenia,THC,No,INF_BATCH,2024-07-05 08:48:47.437,INF_BATCH,2025-10-17 14:16:07.385,INF_R360
ZZZ_Thrombosis-10043607(Do Not Use),10043607,Thrombosis,THR,No,INF_BATCH,2024-07-05 08:48:47.437,INF_BATCH,2025-10-17 14:16:07.385,INF_R360
Thrombosis prophylaxis-10043634,10043634,Thrombosis prophylaxis,PCV,Yes,INF_BATCH,2024-07-05 08:48:47.437,INF_BATCH,2025-10-17 14:16:07.385,INF_R360
Thrombotic thrombocytopenic purpura-10043648,10043648,Thrombotic thrombocytopenic purpura,ATTP,Yes,INF_BATCH,2024-07-05 08:48:47.437,INF_BATCH,2025-10-17 14:16:07.385,INF_R360
Thyroid disorder-10043709,10043709,Thyroid disorder,THYRD,Yes,INF_BATCH,2024-07-05 08:48:47.437,INF_BATCH,2025-10-17 14:16:07.385,INF_R360
Toxoplasmosis-10044272,10044272,Toxoplasmosis,TOXO,Yes,INF_BATCH,2024-07-05 08:48:47.437,INF_BATCH,2025-10-17 14:16:07.385,INF_R360
Transient ischaemic attack-10044390,10044390,Transient ischaemic attack,TIA,Yes,INF_BATCH,2024-07-05 08:48:47.437,INF_BATCH,2025-10-17 14:16:07.385,INF_R360
Transplant rejection-10044439,10044439,Transplant rejection,TRREJ,Yes,INF_BATCH,2024-07-05 08:48:47.437,INF_BATCH,2025-10-17 14:16:07.385,INF_R360
Trypanosomiasis-10044707,10044707,Trypanosomiasis,TRPN,Yes,INF_BATCH,2024-07-05 08:48:47.437,INF_BATCH,2025-10-17 14:16:07.385,INF_R360
Tuberculosis-10044755,10044755,Tuberculosis,TB,Yes,INF_BATCH,2024-07-05 08:48:47.437,INF_BATCH,2025-10-17 14:16:07.385,INF_R360
ZZZ_Type II hyperlipidemia-10045255(Do Not Use),10045255,Type II hyperlipidemia,HYPLT2,No,INF_BATCH,2024-07-05 08:48:47.437,INF_BATCH,2025-10-17 14:16:07.385,INF_R360
ZZZ_TYPE II OBESE DIABETIC-10045260(Do Not Use),10045260,TYPE II OBESE DIABETIC,OBED,No,INF_BATCH,2024-07-05 08:48:47.437,INF_BATCH,2025-10-17 14:16:07.385,INF_R360
Typhoid fever-10045275,10045275,Typhoid fever,TYPH,Yes,INF_BATCH,2024-07-05 08:48:47.437,INF_BATCH,2025-10-17 14:16:07.385,INF_R360
Urge incontinence-10046494,10046494,Urge incontinence,UUI,Yes,INF_BATCH,2024-07-05 08:48:47.437,INF_BATCH,2025-10-17 14:16:07.385,INF_R360
ZZZ_Urinary incontinence-10046543(Do Not Use),10046543,Urinary incontinence,UI,No,INF_BATCH,2024-07-05 08:48:47.437,INF_BATCH,2025-10-17 14:16:07.385,INF_R360
Urinary retention-10046555,10046555,Urinary retention,AUR,Yes,INF_BATCH,2024-07-05 08:48:47.437,INF_BATCH,2025-10-17 14:16:07.385,INF_R360
ZZZ_Urinary tract disorder-10046566(Do Not Use),10046566,Urinary tract disorder,UTD,No,INF_BATCH,2024-07-05 08:48:47.437,INF_BATCH,2025-10-17 14:16:07.385,INF_R360
Urinary tract infection-10046571,10046571,Urinary tract infection,UTI,Yes,INF_BATCH,2024-07-05 08:48:47.437,INF_BATCH,2025-10-17 14:16:07.385,INF_R360
ZZZ_Urticaria-10046735(Do Not Use),10046735,Urticaria,URTI,No,INF_BATCH,2024-07-05 08:48:47.437,INF_BATCH,2025-10-17 14:16:07.385,INF_R360
Uveitis-10046851,10046851,Uveitis,CNIU,Yes,INF_BATCH,2024-07-05 08:48:47.437,INF_BATCH,2025-10-17 14:16:07.385,INF_R360
ZZZ_Venous thrombosis-10047249(Do Not Use),10047249,Venous thrombosis,VTHR,No,INF_BATCH,2024-07-05 08:48:47.437,INF_BATCH,2025-10-17 14:16:07.385,INF_R360
Ventricular arrhythmia-10047281,10047281,Ventricular arrhythmia,VA,Yes,INF_BATCH,2024-07-05 08:48:47.437,INF_BATCH,2025-10-17 14:16:07.385,INF_R360
Ventricular tachycardia-10047302,10047302,Ventricular tachycardia,VT,Yes,INF_BATCH,2024-07-05 08:48:47.437,INF_BATCH,2025-10-17 14:16:07.385,INF_R360
Viral infection-10047461,10047461,Viral infection,VLID,Yes,INF_BATCH,2024-07-05 08:48:47.437,INF_BATCH,2025-10-17 14:16:07.385,INF_R360
Vitiligo-10047642,10047642,Vitiligo,VITI,Yes,INF_BATCH,2024-07-05 08:48:47.437,INF_BATCH,2025-10-17 14:16:07.385,INF_R360
ZZZ_Vomiting-10047700(Do Not Use),10047700,Vomiting,VOMI,No,INF_BATCH,2024-07-05 08:48:47.437,INF_BATCH,2025-10-17 14:16:07.385,INF_R360
Weight decreased-10047895,10047895,Weight decreased,WLOSS,Yes,INF_BATCH,2024-07-05 08:48:47.437,INF_BATCH,2025-10-17 14:16:07.385,INF_R360
ZZZ_Weight loss-10047900(Do Not Use),10047900,Weight loss,WEIGLOSS,No,INF_BATCH,2024-07-05 08:48:47.437,INF_BATCH,2025-10-17 14:16:07.385,INF_R360
Fibromyalgia-10048439,10048439,Fibromyalgia,FIB,Yes,INF_BATCH,2024-07-05 08:48:47.437,INF_BATCH,2025-10-17 14:16:07.385,INF_R360
Stent placement-10048561,10048561,Stent placement,STE,Yes,INF_BATCH,2024-07-05 08:48:47.437,INF_BATCH,2025-10-17 14:16:07.385,INF_R360
Musculoskeletal disorder-10048592,10048592,Musculoskeletal disorder,MSKD,Yes,INF_BATCH,2024-07-05 08:48:47.437,INF_BATCH,2025-10-17 14:16:07.385,INF_R360
ZZZ_Advanced cancer-10048683(Do Not Use),10048683,Advanced cancer,KADV,No,INF_BATCH,2024-07-05 08:48:47.437,INF_BATCH,2025-10-17 14:16:07.385,INF_R360
ZZZ_Hemorrhagic stroke-10048863(Do Not Use),10048863,Hemorrhagic stroke,HS,No,INF_BATCH,2024-07-05 08:48:47.437,INF_BATCH,2025-10-17 14:16:07.385,INF_R360
Brain oedema-10048962,10048962,Brain oedema,KBED,Yes,INF_BATCH,2024-07-05 08:48:47.437,INF_BATCH,2025-10-17 14:16:07.385,INF_R360
Pharyngotonsillitis-10049140,10049140,Pharyngotonsillitis,TP,Yes,INF_BATCH,2024-07-05 08:48:47.437,INF_BATCH,2025-10-17 14:16:07.385,INF_R360
Chronic pain-10049475,10049475,Chronic pain,CDP,Yes,INF_BATCH,2024-07-05 08:48:47.437,INF_BATCH,2025-10-17 14:16:07.385,INF_R360
ZZZ_INFANTILE ASTHMA-10049585(Do Not Use),10049585,INFANTILE ASTHMA,ASTP,No,INF_BATCH,2024-07-05 08:48:47.437,INF_BATCH,2025-10-17 14:16:07.385,INF_R360
ZZZ_Osteoporosis prophylaxis-10049904(Do Not Use),10049904,Osteoporosis prophylaxis,PPMOST,No,INF_BATCH,2024-07-05 08:48:47.437,INF_BATCH,2025-10-17 14:16:07.385,INF_R360
ZZZ_Skin fibrosis-10050207(Do Not Use),10050207,Skin fibrosis,SKF,No,INF_BATCH,2024-07-05 08:48:47.437,INF_BATCH,2025-10-17 14:16:07.385,INF_R360
Aortic valve calcification-10050559,10050559,Aortic valve calcification,CAVS,Yes,INF_BATCH,2024-07-05 08:48:47.437,INF_BATCH,2025-10-17 14:16:07.385,INF_R360
Deep vein thrombosis-10051055,10051055,Deep vein thrombosis,DVT,Yes,INF_BATCH,2024-07-05 08:48:47.437,INF_BATCH,2025-10-17 14:16:07.385,INF_R360
ZZZ_Arterial restenosis-10051113(Do Not Use),10051113,Arterial restenosis,ARTREST,No,INF_BATCH,2024-07-05 08:48:47.437,INF_BATCH,2025-10-17 14:16:07.385,INF_R360
ZZZ_Diabetic gastroparesis-10051153(Do Not Use),10051153,Diabetic gastroparesis,DGP,No,INF_BATCH,2024-07-05 08:48:47.437,INF_BATCH,2025-10-17 14:16:07.385,INF_R360
Adrenoleukodystrophy-10051260,10051260,Adrenoleukodystrophy,ALD,Yes,INF_BATCH,2024-07-05 08:48:47.437,INF_BATCH,2025-10-17 14:16:07.385,INF_R360
ZZZ_Arrhythmia prophylaxis-10051305(Do Not Use),10051305,Arrhythmia prophylaxis,PAF,No,INF_BATCH,2024-07-05 08:48:47.437,INF_BATCH,2025-10-17 14:16:07.385,INF_R360
Acute coronary syndrome-10051592,10051592,Acute coronary syndrome,ACS,Yes,INF_BATCH,2024-07-05 08:48:47.437,INF_BATCH,2025-10-17 14:16:07.385,INF_R360
Lung Transplant Rejection-10051604,10051604,Lung Transplant Rejection,LUNG TRSPL REJ,Yes,INF_BATCH,2024-07-05 08:48:47.437,INF_BATCH,2025-10-17 14:16:07.385,INF_R360
Glomerulonephropathy-10051920,10051920,Glomerulonephropathy,GLMN,Yes,INF_BATCH,2024-07-05 08:48:47.437,INF_BATCH,2025-10-17 14:16:07.385,INF_R360
Urticaria chronic-10052568,10052568,Urticaria chronic,CIU,Yes,INF_BATCH,2024-07-05 08:48:47.437,INF_BATCH,2025-10-17 14:16:07.385,INF_R360
ZZZ_Skin cosmetic procedure-10052608(Do Not Use),10052608,Skin cosmetic procedure,SCP,No,INF_BATCH,2024-07-05 08:48:47.437,INF_BATCH,2025-10-17 14:16:07.385,INF_R360
ZZZ_Haematological therapeutic procedures NEC-10052724(Do Not Use),10052724,Haematological therapeutic procedures NEC,NBC,No,INF_BATCH,2024-07-05 08:48:47.437,INF_BATCH,2025-10-17 14:16:07.385,INF_R360
ZZZ_Drug tolerance-10052804(Do Not Use),10052804,Drug tolerance,DRUGT,No,INF_BATCH,2024-07-05 08:48:47.437,INF_BATCH,2025-10-17 14:16:07.385,INF_R360
Alcohol withdrawal syndrome-10053164,10053164,Alcohol withdrawal syndrome,ALC,Yes,INF_BATCH,2024-07-05 08:48:47.437,INF_BATCH,2025-10-17 14:16:07.385,INF_R360
Glycogen storage disease type II-10053185,10053185,Glycogen storage disease type II,POM,Yes,INF_BATCH,2024-07-05 08:48:47.437,INF_BATCH,2025-10-17 14:16:07.385,INF_R360
ZZZ_Inappropriate antidiuretic hormone secretion-10053198(Do Not Use),10053198,Inappropriate antidiuretic hormone secretion,DIUHS,No,INF_BATCH,2024-07-05 08:48:47.437,INF_BATCH,2025-10-17 14:16:07.385,INF_R360
ZZZ_Non-alcoholic steatohepatitis-10053219(Do Not Use),10053219,Non-alcoholic steatohepatitis,NASH,No,INF_BATCH,2024-07-05 08:48:47.437,INF_BATCH,2025-10-17 14:16:07.385,INF_R360
Chondropathy-10061762,10061762,Chondropathy,CDF,Yes,INF_BATCH,2024-07-05 08:48:47.437,INF_BATCH,2025-10-17 14:16:07.385,INF_R360
ZZZ_Conjunctivitis bacterial-10061784(Do Not Use),10061784,Conjunctivitis bacterial,BC,No,INF_BATCH,2024-07-05 08:48:47.437,INF_BATCH,2025-10-17 14:16:07.385,INF_R360
ZZZ_Drug intolerance-10061822(Do Not Use),10061822,Drug intolerance,DRUGI,No,INF_BATCH,2024-07-05 08:48:47.437,INF_BATCH,2025-10-17 14:16:07.385,INF_R360
Diabetic nephropathy-10061835,10061835,Diabetic nephropathy,DNE,Yes,INF_BATCH,2024-07-05 08:48:47.437,INF_BATCH,2025-10-17 14:16:07.385,INF_R360
Non-small cell lung cancer-10061873,10061873,Non-small cell lung cancer,KNSCLC,Yes,INF_BATCH,2024-07-05 08:48:47.437,INF_BATCH,2025-10-17 14:16:07.385,INF_R360
ZZZ_Psychotic disorder-10061920(Do Not Use),10061920,Psychotic disorder,PSYD,No,INF_BATCH,2024-07-05 08:48:47.437,INF_BATCH,2025-10-17 14:16:07.385,INF_R360
Glomerulosclerosis-10061989,10061989,Glomerulosclerosis,GLSCL,Yes,INF_BATCH,2024-07-05 08:48:47.437,INF_BATCH,2025-10-17 14:16:07.385,INF_R360
Respiratory tract infection viral-10062106,10062106,Respiratory tract infection viral,VRI,Yes,INF_BATCH,2024-07-05 08:48:47.437,INF_BATCH,2025-10-17 14:16:07.385,INF_R360
ZZZ_Metastasis-10062194(Do Not Use),10062194,Metastasis,KMETA,No,INF_BATCH,2024-07-05 08:48:47.437,INF_BATCH,2025-10-17 14:16:07.385,INF_R360
ZZZ_Tumour vaccine therapy-10062217(Do Not Use),10062217,Tumour vaccine therapy,KVACTHE,No,INF_BATCH,2024-07-05 08:48:47.437,INF_BATCH,2025-10-17 14:16:07.385,INF_R360
Soft tissue infection-10062255,10062255,Soft tissue infection,SSTI,Yes,INF_BATCH,2024-07-05 08:48:47.437,INF_BATCH,2025-10-17 14:16:07.385,INF_R360
Respiratory tract infection-10062352,10062352,Respiratory tract infection,RTI,Yes,INF_BATCH,2024-07-05 08:48:47.437,INF_BATCH,2025-10-17 14:16:07.385,INF_R360
Neuroendocrine tumor-10062476,10062476,Neuroendocrine tumor,NET,Yes,INF_BATCH,2024-07-05 08:48:47.437,INF_BATCH,2025-10-17 14:16:07.385,INF_R360
ZZZ_Heparin-induced thrombocytopenia-10062506(Do Not Use),10062506,Heparin-induced thrombocytopenia,HIT,No,INF_BATCH,2024-07-05 08:48:47.437,INF_BATCH,2025-10-17 14:16:07.385,INF_R360
ZZZ_Poor quality sleep-10062519(Do Not Use),10062519,Poor quality sleep,PSQ,No,INF_BATCH,2024-07-05 08:48:47.437,INF_BATCH,2025-10-17 14:16:07.385,INF_R360
Peripheral arterial occlusive disease-10062585,10062585,Peripheral arterial occlusive disease,PAD,Yes,INF_BATCH,2024-07-05 08:48:47.437,INF_BATCH,2025-10-17 14:16:07.385,INF_R360
Stargardt's disease-10062766,10062766,Stargardt's disease,STGD,Yes,INF_BATCH,2024-07-05 08:48:47.437,INF_BATCH,2025-10-17 14:16:07.385,INF_R360
Habitual abortion-10062935,10062935,Habitual abortion,MIS,Yes,INF_BATCH,2024-07-05 08:48:47.437,INF_BATCH,2025-10-17 14:16:07.385,INF_R360
Sarcopenia-10063024,10063024,Sarcopenia,SRCP,Yes,INF_BATCH,2024-07-05 08:48:47.437,INF_BATCH,2025-10-17 14:16:07.385,INF_R360
Frailty-10063028,10063028,Frailty,FRAILTY,Yes,INF_BATCH,2024-07-05 08:48:47.437,INF_BATCH,2025-10-17 14:16:07.385,INF_R360
Usher's syndrome-10063396,10063396,Usher's syndrome,US1B,Yes,INF_BATCH,2024-07-05 08:48:47.437,INF_BATCH,2025-10-17 14:16:07.385,INF_R360
Relapsing-remitting multiple sclerosis-10063399,10063399,Relapsing-remitting multiple sclerosis,RRMS,Yes,INF_BATCH,2024-07-05 08:48:47.437,INF_BATCH,2025-10-17 14:16:07.385,INF_R360
ZZZ_Post transplant diabetes mellitus-10063634(Do Not Use),10063634,Post transplant diabetes mellitus,PTDM,No,INF_BATCH,2024-07-05 08:48:47.437,INF_BATCH,2025-10-17 14:16:07.385,INF_R360
ZZZ_Hypophagia-10063743(Do Not Use),10063743,Hypophagia,HYPP,No,INF_BATCH,2024-07-05 08:48:47.437,INF_BATCH,2025-10-17 14:16:07.385,INF_R360
Reperfusion injury-10063837,10063837,Reperfusion injury,IRI,Yes,INF_BATCH,2024-07-05 08:48:47.437,INF_BATCH,2025-10-17 14:16:07.385,INF_R360
Multiple system atrophy-10064060,10064060,Multiple system atrophy,MSA,Yes,INF_BATCH,2024-07-05 08:48:47.437,INF_BATCH,2025-10-17 14:16:07.385,INF_R360
Facioscapulohumeral muscular dystrophy-10064087,10064087,Facioscapulohumeral muscular dystrophy,FSHD,Yes,INF_BATCH,2024-07-05 08:48:47.437,INF_BATCH,2025-10-17 14:16:07.385,INF_R360
Eosinophilic oesophagitis-10064212,10064212,Eosinophilic oesophagitis,EOES,Yes,INF_BATCH,2024-07-05 08:48:47.437,INF_BATCH,2025-10-17 14:16:07.385,INF_R360
ST segment elevation myocardial infarction-10064345,10064345,ST segment elevation myocardial infarction,STEMI,Yes,INF_BATCH,2024-07-05 08:48:47.437,INF_BATCH,2025-10-17 14:16:07.385,INF_R360
Cell marker-10064496,10064496,Cell marker,DS6,Yes,INF_BATCH,2024-07-05 08:48:47.437,INF_BATCH,2025-10-17 14:16:07.385,INF_R360
Gene mutation-10064571,10064571,Gene mutation,CILIO,Yes,INF_BATCH,2024-07-05 08:48:47.437,INF_BATCH,2025-10-17 14:16:07.385,INF_R360
ZZZ_Ventricular remodeling-10064644(Do Not Use),10064644,Ventricular remodeling,VRM,No,INF_BATCH,2024-07-05 08:48:47.437,INF_BATCH,2025-10-17 14:16:07.385,INF_R360
Antibody-mediated rejection-10064683,10064683,Antibody-mediated rejection,AMR,Yes,INF_BATCH,2024-07-05 08:48:47.437,INF_BATCH,2025-10-17 14:16:07.385,INF_R360
Device related infection-10064687,10064687,Device related infection,CRBSI,Yes,INF_BATCH,2024-07-05 08:48:47.437,INF_BATCH,2025-10-17 14:16:07.385,INF_R360
Procedural pain-10064882,10064882,Procedural pain,DSP,Yes,INF_BATCH,2024-07-05 08:48:47.437,INF_BATCH,2025-10-17 14:16:07.385,INF_R360
Pulmonary arterial hypertension-10064911,10064911,Pulmonary arterial hypertension,PAH,Yes,INF_BATCH,2024-07-05 08:48:47.437,INF_BATCH,2025-10-17 14:16:07.385,INF_R360
Age-related macular degeneration-10064930,10064930,Age-related macular degeneration,AMD,Yes,INF_BATCH,2024-07-05 08:48:47.437,INF_BATCH,2025-10-17 14:16:07.385,INF_R360
Cardiovascular event prophylaxis-10064939,10064939,Cardiovascular event prophylaxis,PCVH,Yes,INF_BATCH,2024-07-05 08:48:47.437,INF_BATCH,2025-10-17 14:16:07.385,INF_R360
Malignant solid tumor-10065147,10065147,Malignant solid tumor,ADVMST,Yes,INF_BATCH,2024-07-05 08:48:47.437,INF_BATCH,2025-10-17 14:16:07.385,INF_R360
Ventilator associated pneumonia-10065153,10065153,Ventilator associated pneumonia,VAP,Yes,INF_BATCH,2024-07-05 08:48:47.437,INF_BATCH,2025-10-17 14:16:07.385,INF_R360
Solid tumor-10065252,10065252,Solid tumor,KSTM,Yes,INF_BATCH,2024-07-05 08:48:47.437,INF_BATCH,2025-10-17 14:16:07.385,INF_R360
Ex-tobacco user-10065386,10065386,Ex-tobacco user,SMK,Yes,INF_BATCH,2024-07-05 08:48:47.437,INF_BATCH,2025-10-17 14:16:07.385,INF_R360
ZZZ_Inflammatory pain-10065390(Do Not Use),10065390,Inflammatory pain,INFLP,No,INF_BATCH,2024-07-05 08:48:47.437,INF_BATCH,2025-10-17 14:16:07.385,INF_R360
Microvascular angina-10065566,10065566,Microvascular angina,MVA,Yes,INF_BATCH,2024-07-05 08:48:47.437,INF_BATCH,2025-10-17 14:16:07.385,INF_R360
Multifocal motor neuropathy-10065579,10065579,Multifocal motor neuropathy,MMN,Yes,INF_BATCH,2024-07-05 08:48:47.437,INF_BATCH,2025-10-17 14:16:07.385,INF_R360
Percutaneous coronary intervention-10065608,10065608,Percutaneous coronary intervention,PREVSTEMI,Yes,INF_BATCH,2024-07-05 08:48:47.437,INF_BATCH,2025-10-17 14:16:07.385,INF_R360
ZZZ_DIABETES PROPHYLAXIS-10066284(Do Not Use),10066284,DIABETES PROPHYLAXIS,PDAB,No,INF_BATCH,2024-07-05 08:48:47.437,INF_BATCH,2025-10-17 14:16:07.385,INF_R360
Inclusion body myositis-10066407,10066407,Inclusion body myositis,SIBM,Yes,INF_BATCH,2024-07-05 08:48:47.437,INF_BATCH,2025-10-17 14:16:07.385,INF_R360
Hemophilia-10066439,10066439,Hemophilia,HEMO,Yes,INF_BATCH,2024-07-05 08:48:47.437,INF_BATCH,2025-10-17 14:16:07.385,INF_R360
Thyroid cancer-10066474,10066474,Thyroid cancer,KTHY,Yes,INF_BATCH,2024-07-05 08:48:47.437,INF_BATCH,2025-10-17 14:16:07.385,INF_R360
ZZZ_HEMATOLOGICAL MALIGNANCY-10066481(Do Not Use),10066481,HEMATOLOGICAL MALIGNANCY,KHM,No,INF_BATCH,2024-07-05 08:48:47.437,INF_BATCH,2025-10-17 14:16:07.385,INF_R360
ZZZ_Gastroesophageal reflux disease-10066874(Do Not Use),10066874,Gastroesophageal reflux disease,GERD,No,INF_BATCH,2024-07-05 08:48:47.437,INF_BATCH,2025-10-17 14:16:07.385,INF_R360
Venous thromboembolism-10066899,10066899,Venous thromboembolism,DVTPE,Yes,INF_BATCH,2024-07-05 08:48:47.437,INF_BATCH,2025-10-17 14:16:07.385,INF_R360
Chikungunya virus infection-10067256,10067256,Chikungunya virus infection,CHIKV,Yes,INF_BATCH,2024-07-05 08:48:47.437,INF_BATCH,2025-10-17 14:16:07.385,INF_R360
ZZZ_Endotoxemia-10067417(Do Not Use),10067417,Endotoxemia,ENDOTOX,No,INF_BATCH,2024-07-05 08:48:47.437,INF_BATCH,2025-10-17 14:16:07.385,INF_R360
Type 1 diabetes mellitus-10067584,10067584,Type 1 diabetes mellitus,T1D,Yes,INF_BATCH,2024-07-05 08:48:47.437,INF_BATCH,2025-10-17 14:16:07.385,INF_R360
Type 2 diabetes mellitus-10067585,10067585,Type 2 diabetes mellitus,T2D,Yes,INF_BATCH,2024-07-05 08:48:47.437,INF_BATCH,2025-10-17 14:16:07.385,INF_R360
Metachromatic leukodystrophy-10067609,10067609,Metachromatic leukodystrophy,MLD,Yes,INF_BATCH,2024-07-05 08:48:47.437,INF_BATCH,2025-10-17 14:16:07.385,INF_R360
Atherothrombosis-10067651,10067651,Atherothrombosis,ATH,Yes,INF_BATCH,2024-07-05 08:48:47.437,INF_BATCH,2025-10-17 14:16:07.385,INF_R360
Focal segmental glomerulosclerosis-10067757,10067757,Focal segmental glomerulosclerosis,FSGS,Yes,INF_BATCH,2024-07-05 08:48:47.437,INF_BATCH,2025-10-17 14:16:07.385,INF_R360
ZZZ_Wet macular degeneration-10067791(Do Not Use),10067791,Wet macular degeneration,WETAMD,No,INF_BATCH,2024-07-05 08:48:47.437,INF_BATCH,2025-10-17 14:16:07.385,INF_R360
Head and neck cancer-10067821,10067821,Head and neck cancer,KHNK,Yes,INF_BATCH,2024-07-05 08:48:47.437,INF_BATCH,2025-10-17 14:16:07.385,INF_R360
Community acquired infection-10067822,10067822,Community acquired infection,CAI,Yes,INF_BATCH,2024-07-05 08:48:47.437,INF_BATCH,2025-10-17 14:16:07.385,INF_R360
ZZZ_PERIPHERAL ARTERIAL DISEASE-10067825(Do Not Use),10067825,PERIPHERAL ARTERIAL DISEASE,PADI,No,INF_BATCH,2024-07-05 08:48:47.437,INF_BATCH,2025-10-17 14:16:07.385,INF_R360
Allogenic stem cell transplantation-10067859,10067859,Allogenic stem cell transplantation,HSCT,Yes,INF_BATCH,2024-07-05 08:48:47.437,INF_BATCH,2025-10-17 14:16:07.385,INF_R360
Radiation sickness syndrome-10068142,10068142,Radiation sickness syndrome,ARS,Yes,INF_BATCH,2024-07-05 08:48:47.437,INF_BATCH,2025-10-17 14:16:07.385,INF_R360
ZZZ_Sleep maintenance insomnia-10068671(Do Not Use),10068671,Sleep maintenance insomnia,SMIMDD,No,INF_BATCH,2024-07-05 08:48:47.437,INF_BATCH,2025-10-17 14:16:07.385,INF_R360
ZZZ_TYPE 2 DIABETES MELLITUS-DIABB-PR10067585(Do Not Use),DIABB-PR10067585,TYPE 2 DIABETES MELLITUS,DIABB-PR,No,INF_BATCH,2024-07-05 08:48:47.437,INF_BATCH,2025-10-17 14:16:07.385,INF_R360
ZZZ_TYPE 2 DIABETES MELLITUS-DIABB10067585(Do Not Use),DIABB10067585,TYPE 2 DIABETES MELLITUS,DIABB,No,INF_BATCH,2024-07-05 08:48:47.437,INF_BATCH,2025-10-17 14:16:07.385,INF_R360
ZZZ_DIABETES-DIABPD10012594(Do Not Use),DIABPD10012594,DIABETES,DIABPD,No,INF_BATCH,2024-07-05 08:48:47.437,INF_BATCH,2025-10-17 14:16:07.385,INF_R360
ZZZ_DIABETIC NEUROPATHY-DN10012680(Do Not Use),DN10012680,DIABETIC NEUROPATHY,DN,No,INF_BATCH,2024-07-05 08:48:47.437,INF_BATCH,2025-10-17 14:16:07.385,INF_R360
ZZZ_Thyroid cancer-DTC10066474(Do Not Use),DTC10066474,Thyroid cancer,DTC,No,INF_BATCH,2024-07-05 08:48:47.437,INF_BATCH,2025-10-17 14:16:07.385,INF_R360
ZZZ_GENERALIZED ANXIETY DISORDER-GADCR10018105(Do Not Use),GADCR10018105,GENERALIZED ANXIETY DISORDER,GADCR,No,INF_BATCH,2024-07-05 08:48:47.437,INF_BATCH,2025-10-17 14:16:07.385,INF_R360
ZZZ_GENERALIZED ANXIETY DISORDER-GADPD10018105(Do Not Use),GADPD10018105,GENERALIZED ANXIETY DISORDER,GADPD,No,INF_BATCH,2024-07-05 08:48:47.437,INF_BATCH,2025-10-17 14:16:07.385,INF_R360
ZZZ_Hypertensive nephropathy-GADPD10055171(Do Not Use),GADPD10055171,Hypertensive nephropathy,HTN,No,INF_BATCH,2024-07-05 08:48:47.437,INF_BATCH,2025-10-17 14:16:07.385,INF_R360
ZZZ_Hypercholesterolaemia-HYPCFC10020603(Do Not Use),HYPCFC10020603,Hypercholesterolaemia,HYPCFC,No,INF_BATCH,2024-07-05 08:48:47.437,INF_BATCH,2025-10-17 14:16:07.385,INF_R360
ZZZ_Acute lymphoblastic leukemia-KALLPD10000845(Do Not Use),KALLPD10000845,Acute lymphoblastic leukemia,KALLPD,No,INF_BATCH,2024-07-05 08:48:47.437,INF_BATCH,2025-10-17 14:16:07.385,INF_R360
ZZZ_Neoangiogenesis-KANGG10028915(Do Not Use),KANGG10028915,Neoangiogenesis,KANGG,No,INF_BATCH,2024-07-05 08:48:47.437,INF_BATCH,2025-10-17 14:16:07.385,INF_R360
ZZZ_Neoangiogenesis-KANGGM10028915(Do Not Use),KANGGM10028915,Neoangiogenesis,KANGGM,No,INF_BATCH,2024-07-05 08:48:47.437,INF_BATCH,2025-10-17 14:16:07.385,INF_R360
ZZZ_BREAST CANCER-KBRTA10006187(Do Not Use),KBRTA10006187,BREAST CANCER,KBRTA,No,INF_BATCH,2024-07-05 08:48:47.437,INF_BATCH,2025-10-17 14:16:07.385,INF_R360
ZZZ_Colon cancer-KCCADJ10009944(Do Not Use),KCCADJ10009944,Colon cancer,KCCADJ,No,INF_BATCH,2024-07-05 08:48:47.437,INF_BATCH,2025-10-17 14:16:07.385,INF_R360
ZZZ_Chemotherapy-KCHEMO10061758(Do Not Use),KCHEMO10061758,Chemotherapy,KCHEMO,No,INF_BATCH,2024-07-05 08:48:47.437,INF_BATCH,2025-10-17 14:16:07.385,INF_R360
ZZZ_Head and neck cancer-KHNKA10067821(Do Not Use),KHNKA10067821,Head and neck cancer,KHNKA,No,INF_BATCH,2024-07-05 08:48:47.437,INF_BATCH,2025-10-17 14:16:07.385,INF_R360
ZZZ_Head and neck cancer-KHNKM10067821(Do Not Use),KHNKM10067821,Head and neck cancer,KHNKM,No,INF_BATCH,2024-07-05 08:48:47.437,INF_BATCH,2025-10-17 14:16:07.385,INF_R360
ZZZ_Acute myeloid leukaemia-KLEUC10000880(Do Not Use),KLEUC10000880,Acute myeloid leukaemia,KLEUC,No,INF_BATCH,2024-07-05 08:48:47.437,INF_BATCH,2025-10-17 14:16:07.385,INF_R360
ZZZ_NON-SMALL CELL LUNG CANCER-KNSC10061873(Do Not Use),KNSC10061873,NON-SMALL CELL LUNG CANCER,KNSC,No,INF_BATCH,2024-07-05 08:48:47.437,INF_BATCH,2025-10-17 14:16:07.385,INF_R360
ZZZ_Chemotherapy-KPD10061758(Do Not Use),KPD10061758,Chemotherapy,KPD,No,INF_BATCH,2024-07-05 08:48:47.437,INF_BATCH,2025-10-17 14:16:07.385,INF_R360
ZZZ_SARCOMA-KPDS10039491(Do Not Use),KPDS10039491,SARCOMA,KPDS,No,INF_BATCH,2024-07-05 08:48:47.437,INF_BATCH,2025-10-17 14:16:07.385,INF_R360
ZZZ_Cancer-KSA10007050(Do Not Use),KSA10007050,Cancer,KSA,No,INF_BATCH,2024-07-05 08:48:47.437,INF_BATCH,2025-10-17 14:16:07.385,INF_R360
ZZZ_Sarcoma-KSARPD10039491(Do Not Use),KSARPD10039491,Sarcoma,KSARPD,No,INF_BATCH,2024-07-05 08:48:47.437,INF_BATCH,2025-10-17 14:16:07.385,INF_R360
ZZZ_Small cell lung cancer stage unspecified-KSCL10041071(Do Not Use),KSCL10041071,Small cell lung cancer stage unspecified,KSCL,No,INF_BATCH,2024-07-05 08:48:47.437,INF_BATCH,2025-10-17 14:16:07.385,INF_R360
ZZZ_Cancer-KSENSI10007050(Do Not Use),KSENSI10007050,Cancer,KSENSI,No,INF_BATCH,2024-07-05 08:48:47.437,INF_BATCH,2025-10-17 14:16:07.385,INF_R360
ZZZ_Major depressive disorder NOS-MDD-ELD10025453(Do Not Use),MDD-ELD10025453,Major depressive disorder NOS,MDD-ELD,No,INF_BATCH,2024-07-05 08:48:47.437,INF_BATCH,2025-10-17 14:16:07.385,INF_R360
ZZZ_MAJOR DEPRESSIVE DISORDER NOS-MDDCR10025453(Do Not Use),MDDCR10025453,MAJOR DEPRESSIVE DISORDER NOS,MDDCR,No,INF_BATCH,2024-07-05 08:48:47.437,INF_BATCH,2025-10-17 14:16:07.385,INF_R360
ZZZ_MAJOR DEPRESSIVE DISORDER NOS-MDDPD10025453(Do Not Use),MDDPD10025453,MAJOR DEPRESSIVE DISORDER NOS,MDDPD,No,INF_BATCH,2024-07-05 08:48:47.437,INF_BATCH,2025-10-17 14:16:07.385,INF_R360
ZZZ_OSTEOPOROSIS-MOST10031282(Do Not Use),MOST10031282,OSTEOPOROSIS,MOST,No,INF_BATCH,2024-07-05 08:48:47.437,INF_BATCH,2025-10-17 14:16:07.385,INF_R360
ZZZ_SLEEP DISORDER-MR10040984(Do Not Use),MR10040984,SLEEP DISORDER,MR,No,INF_BATCH,2024-07-05 08:48:47.437,INF_BATCH,2025-10-17 14:16:07.385,INF_R360
ZZZ_MULTIPLE SCLEROSIS-MSCLAD10028245(Do Not Use),MSCLAD10028245,MULTIPLE SCLEROSIS,MSCLAD,No,INF_BATCH,2024-07-05 08:48:47.437,INF_BATCH,2025-10-17 14:16:07.385,INF_R360
ZZZ_NULLLEGACY-NA00000000(Do Not Use),NA00000000,NULLLEGACY,NA,No,INF_BATCH,2024-07-05 08:48:47.437,INF_BATCH,2025-10-17 14:16:07.385,INF_R360
ZZZ_Neurodegenerative disorder-NEREG10053643(Do Not Use),NEREG10053643,Neurodegenerative disorder,NEREG,No,INF_BATCH,2024-07-05 08:48:47.437,INF_BATCH,2025-10-17 14:16:07.385,INF_R360
ZZZ_Pain-NOCIC10033371(Do Not Use),NOCIC10033371,Pain,NOCIC,No,INF_BATCH,2024-07-05 08:48:47.437,INF_BATCH,2025-10-17 14:16:07.385,INF_R360
ZZZ_Niemann-Pick disease-NPC110029403(Do Not Use),NPC110029403,Niemann-Pick disease,NPC1,No,INF_BATCH,2024-07-05 08:48:47.437,INF_BATCH,2025-10-17 14:16:07.385,INF_R360
ZZZ_Nasal polyps-NPwCS10028756(Do Not Use),NPwCS10028756,Nasal polyps,NPwCS,No,INF_BATCH,2024-07-05 08:48:47.437,INF_BATCH,2025-10-17 14:16:07.385,INF_R360
ZZZ_Obesity-OBEPD10029883(Do Not Use),OBEPD10029883,Obesity,OBEPD,No,INF_BATCH,2024-07-05 08:48:47.437,INF_BATCH,2025-10-17 14:16:07.385,INF_R360
ZZZ_OSTEOGENESIS IMPERFECTA-OIPD10031243(Do Not Use),OIPD10031243,OSTEOGENESIS IMPERFECTA,OIPD,No,INF_BATCH,2024-07-05 08:48:47.437,INF_BATCH,2025-10-17 14:16:07.385,INF_R360
ZZZ_OSTEOARTHRITIS-OSA10031161(Do Not Use),OSA10031161,OSTEOARTHRITIS,OSA,No,INF_BATCH,2024-07-05 08:48:47.437,INF_BATCH,2025-10-17 14:16:07.385,INF_R360
ZZZ_OSTEOARTHRITIS-OSAP10031161(Do Not Use),OSAP10031161,OSTEOARTHRITIS,OSAP,No,INF_BATCH,2024-07-05 08:48:47.437,INF_BATCH,2025-10-17 14:16:07.385,INF_R360
ZZZ_OSTEOPOROSIS-OSCAD10031282(Do Not Use),OSCAD10031282,OSTEOPOROSIS,OSCAD,No,INF_BATCH,2024-07-05 08:48:47.437,INF_BATCH,2025-10-17 14:16:07.385,INF_R360
ZZZ_NULLLEGACY-OTHER00000000(Do Not Use),OTHER00000000,NULLLEGACY,OTHER,No,INF_BATCH,2024-07-05 08:48:47.437,INF_BATCH,2025-10-17 14:16:07.385,INF_R360
ZZZ_Peripheral arterial occlusive disease-PAOD10062585(Do Not Use),PAOD10062585,Peripheral arterial occlusive disease,PAOD,No,INF_BATCH,2024-07-05 08:48:47.437,INF_BATCH,2025-10-17 14:16:07.385,INF_R360
ZZZ_THROMBOEMBOLISM PROPHYLAXIS-PATEAF10049910(Do Not Use),PATEAF10049910,THROMBOEMBOLISM PROPHYLAXIS,PATEAF,No,INF_BATCH,2024-07-05 08:48:47.437,INF_BATCH,2025-10-17 14:16:07.385,INF_R360
ZZZ_Venous thromboembolism prophylaxis-PCVTE10049909(Do Not Use),PCVTE10049909,Venous thromboembolism prophylaxis,PCVTE,No,INF_BATCH,2024-07-05 08:48:47.437,INF_BATCH,2025-10-17 14:16:07.385,INF_R360
ZZZ_Venous thromboembolism prophylaxis-PCVTEPED10049909(Do Not Use),PCVTEPED10049909,Venous thromboembolism prophylaxis,PCVTEPED,No,INF_BATCH,2024-07-05 08:48:47.437,INF_BATCH,2025-10-17 14:16:07.385,INF_R360
ZZZ_Prophylaxis-PDPT10036898(Do Not Use),PDPT10036898,Prophylaxis,PDPT,No,INF_BATCH,2024-07-05 08:48:47.437,INF_BATCH,2025-10-17 14:16:07.385,INF_R360
ZZZ_Immunisation-PDPTP10021430(Do Not Use),PDPTP10021430,Immunisation,PDPTP,No,INF_BATCH,2024-07-05 08:48:47.437,INF_BATCH,2025-10-17 14:16:07.385,INF_R360
ZZZ_DVT PROPHYLAXIS-PDVT10013880(Do Not Use),PDVT10013880,DVT PROPHYLAXIS,PDVT,No,INF_BATCH,2024-07-05 08:48:47.437,INF_BATCH,2025-10-17 14:16:07.385,INF_R360
ZZZ_DVT PROPHYLAXIS-PDVTH10013880(Do Not Use),PDVTH10013880,DVT PROPHYLAXIS,PDVTH,No,INF_BATCH,2024-07-05 08:48:47.437,INF_BATCH,2025-10-17 14:16:07.385,INF_R360
ZZZ_DVT PROPHYLAXIS-PDVTM10013880(Do Not Use),PDVTM10013880,DVT PROPHYLAXIS,PDVTM,No,INF_BATCH,2024-07-05 08:48:47.437,INF_BATCH,2025-10-17 14:16:07.385,INF_R360
ZZZ_Glomerulonephropathy-PODO10051920(Do Not Use),PODO10051920,Glomerulonephropathy,PODO,No,INF_BATCH,2024-07-05 08:48:47.437,INF_BATCH,2025-10-17 14:16:07.385,INF_R360
ZZZ_Sarcopenia-PRESRCP10063024(Do Not Use),PRESRCP10063024,Sarcopenia,PRESRCP,No,INF_BATCH,2024-07-05 08:48:47.437,INF_BATCH,2025-10-17 14:16:07.385,INF_R360
ZZZ_Reperfusion injury-RI10063837(Do Not Use),RI10063837,Reperfusion injury,RI,No,INF_BATCH,2024-07-05 08:48:47.437,INF_BATCH,2025-10-17 14:16:07.385,INF_R360
ZZZ_SLEEP DISORDER-SAF10040984(Do Not Use),SAF10040984,SLEEP DISORDER,SAF,No,INF_BATCH,2024-07-05 08:48:47.437,INF_BATCH,2025-10-17 14:16:07.385,INF_R360
ZZZ_THROMBOEMBOLISM PROPHYLAXIS-SEPAF10049910(Do Not Use),SEPAF10049910,THROMBOEMBOLISM PROPHYLAXIS,SEPAF,No,INF_BATCH,2024-07-05 08:48:47.437,INF_BATCH,2025-10-17 14:16:07.385,INF_R360
ZZZ_SLEEP DISORDER-SLDPD10040984(Do Not Use),SLDPD10040984,SLEEP DISORDER,SLDPD,No,INF_BATCH,2024-07-05 08:48:47.437,INF_BATCH,2025-10-17 14:16:07.385,INF_R360
ZZZ_Middle insomnia-SMIMP10027590(Do Not Use),SMIMP10027590,Middle insomnia,SMIMP,No,INF_BATCH,2024-07-05 08:48:47.437,INF_BATCH,2025-10-17 14:16:07.385,INF_R360
ZZZ_Asthma-SuAE10003553(Do Not Use),SuAE10003553,Asthma,SuAE,No,INF_BATCH,2024-07-05 08:48:47.437,INF_BATCH,2025-10-17 14:16:07.385,INF_R360
ZZZ_ATRIAL FIBRILLATION-TAF10003658(Do Not Use),TAF10003658,ATRIAL FIBRILLATION,TAF,No,INF_BATCH,2024-07-05 08:48:47.437,INF_BATCH,2025-10-17 14:16:07.385,INF_R360
ZZZ_Neurodegenerative disorder-TAU10053643(Do Not Use),TAU10053643,Neurodegenerative disorder,TAU,No,INF_BATCH,2024-07-05 08:48:47.437,INF_BATCH,2025-10-17 14:16:07.385,INF_R360
ZZZ_THROMBOEMBOLISM PROPHYLAXIS-TED10049910(Do Not Use),TED10049910,THROMBOEMBOLISM PROPHYLAXIS,TED,No,INF_BATCH,2024-07-05 08:48:47.437,INF_BATCH,2025-10-17 14:16:07.385,INF_R360
ZZZ_NULLLEGACY-TRPR00000000(Do Not Use),TRPR00000000,NULLLEGACY,TRPR,No,INF_BATCH,2024-07-05 08:48:47.437,INF_BATCH,2025-10-17 14:16:07.385,INF_R360
ZZZ_Venous thromboembolism-VTEPEN10066899(Do Not Use),VTEPEN10066899,Venous thromboembolism,VTEPEN,No,INF_BATCH,2024-07-05 08:48:47.437,INF_BATCH,2025-10-17 14:16:07.385,INF_R360
ZZZ_Ventricular tachycardia-VTICD10047302(Do Not Use),VTICD10047302,Ventricular tachycardia,VTICD,No,INF_BATCH,2024-07-05 08:48:47.437,INF_BATCH,2025-10-17 14:16:07.385,INF_R360
ZZZ_Immunisation-Vac_DTPPHItB10021430(Do Not Use),Vac_DTPPHItB10021430,Immunisation,Vac_DTPPHItB,No,INF_BATCH,2024-07-05 08:48:47.437,INF_BATCH,2025-10-17 14:16:07.385,INF_R360
Lichen simplex chronicus-10057292,10057292,Lichen simplex chronicus,LSC,Yes,INF_BATCH,2024-11-27 15:17:14.957,INF_BATCH,2025-10-17 14:16:07.385,INF_R360
Warm autoimmune hemolytic anemia-10087092,10087092,Warm autoimmune hemolytic anemia,WAIHA,Yes,INF_BATCH,2024-11-27 15:17:14.957,INF_BATCH,2025-10-17 14:16:07.385,INF_R360
Graves' disease-10018706,10018706,Graves' disease,GRAVES,Yes,INF_BATCH,2024-11-27 15:17:14.957,INF_BATCH,2025-10-17 14:16:07.385,INF_R360
Prurigo nodularis-10037084,10037084,Prurigo nodularis,PN,Yes,INF_BATCH,2024-11-27 15:17:14.957,INF_BATCH,2025-10-17 14:16:07.385,INF_R360
