RDM_CODE_CD,RDM_NAME_NM,TYPE,EN_NM,PARENT_CODE_CD,LEVEL2TYPE,ISACTIVE,CREATED_BY,CREATE_DATE_TS,UPDATED_BY,LAST_UPDATE_DATE_TS,SOURCE_SYSTEM
ME00,DEPARTMENT - Strategic Pillars unallocated - ME00,DEPARTMENT,Strategic Pillars unallocated,ME,Total_Pharma_Services,Yes,INF_BATCH,2026-01-23 19:16:37.539,INF_BATCH,2026-01-23 23:16:33.522,INF_R360
ME0000,SERVICE - Strategic Pillars unallocated - ME0000,SERVICE,Strategic Pillars unallocated,ME00,Total_Pharma_Services,Yes,INF_BATCH,2026-01-23 19:16:37.539,INF_BATCH,2026-01-23 23:16:33.522,INF_R360
EM13,"DEPARTMENT - R&D Program Change Mgt, M&A - EM13",DEPARTMENT,"R&D Program Change Mgt, M&A",EM,Total_Pharma_Services,Yes,INF_BATCH,2026-01-21 19:16:23.631,INF_BATCH,2026-01-23 23:16:33.522,INF_R360
EM1300,"SERVICE - R&D Program Change Mgt, M&A - EM1300",SERVICE,"R&D Program Change Mgt, M&A",EM13,Total_Pharma_Services,Yes,INF_BATCH,2026-01-21 19:16:23.631,INF_BATCH,2026-01-23 23:16:33.522,INF_R360
EM14,DEPARTMENT - R&D Transformation Excellence - EM14,DEPARTMENT,R&D Transformation Excellence,EM,Total_Pharma_Services,Yes,INF_BATCH,2026-01-21 19:16:23.631,INF_BATCH,2026-01-23 23:16:33.522,INF_R360
EM1400,SERVICE - R&D Transformation Excellence - EM1400,SERVICE,R&D Transformation Excellence,EM14,Total_Pharma_Services,Yes,INF_BATCH,2026-01-21 19:16:23.631,INF_BATCH,2026-01-23 23:16:33.522,INF_R360
HA1003,SERVICE - Other (Group of CCS) - HA1003,SERVICE,Other (Group of CCS),HA10,Total_Pharma_Services,Yes,INF_BATCH,2026-01-16 19:16:34.093,INF_BATCH,2026-01-23 23:16:33.522,INF_R360
EP1001,SERVICE - OPCM CSO - EP1001,SERVICE,OPCM CSO,EP10,Total_Pharma_Services,Yes,INF_BATCH,2026-01-08 09:54:54.872,INF_BATCH,2026-01-23 23:16:33.522,INF_R360
EP1002,SERVICE - OPCM CMC - EP1002,SERVICE,OPCM CMC,EP10,Total_Pharma_Services,Yes,INF_BATCH,2026-01-08 09:54:54.872,INF_BATCH,2026-01-23 23:16:33.522,INF_R360
EP1003,SERVICE - OPCM TMU - EP1003,SERVICE,OPCM TMU,EP10,Total_Pharma_Services,Yes,INF_BATCH,2026-01-08 09:54:54.872,INF_BATCH,2026-01-23 23:16:33.522,INF_R360
EP1004,SERVICE - OPCM Regulatory - EP1004,SERVICE,OPCM Regulatory,EP10,Total_Pharma_Services,Yes,INF_BATCH,2026-01-08 09:54:54.872,INF_BATCH,2026-01-23 23:16:33.522,INF_R360
EP1005,"SERVICE - OPCM Planning, Resource Mngt Hub - EP1005",SERVICE,"OPCM Planning, Resource Mngt Hub",EP10,Total_Pharma_Services,Yes,INF_BATCH,2026-01-08 09:54:54.872,INF_BATCH,2026-01-23 23:16:33.522,INF_R360
M,PILLAR - One Medical & Patient Safety - M,PILLAR,One Medical & Patient Safety,TOTAL_PHARMA_SERVICES,Total_Pharma_Services,Yes,INF_BATCH,2026-01-08 09:54:54.872,INF_BATCH,2026-01-23 23:16:33.522,INF_R360
MA,UNIT - CMO Head Office - MA,UNIT,CMO Head Office,M,Total_Pharma_Services,Yes,INF_BATCH,2026-01-08 09:54:54.872,INF_BATCH,2026-01-23 23:16:33.522,INF_R360
MA10,DEPARTMENT - CMO Head Office - MA10,DEPARTMENT,CMO Head Office,MA,Total_Pharma_Services,Yes,INF_BATCH,2026-01-08 09:54:54.872,INF_BATCH,2026-01-23 23:16:33.522,INF_R360
MA1000,SERVICE - CMO Head Office - MA1000,SERVICE,CMO Head Office,MA10,Total_Pharma_Services,Yes,INF_BATCH,2026-01-08 09:54:54.872,INF_BATCH,2026-01-23 23:16:33.522,INF_R360
MB,UNIT - Medical Specialty Care - MB,UNIT,Medical Specialty Care,M,Total_Pharma_Services,Yes,INF_BATCH,2026-01-08 09:54:54.872,INF_BATCH,2026-01-23 23:16:33.522,INF_R360
MB10,DEPARTMENT - I&I Alliance - MB10,DEPARTMENT,I&I Alliance,MB,Total_Pharma_Services,Yes,INF_BATCH,2026-01-08 09:54:54.872,INF_BATCH,2026-01-23 23:16:33.522,INF_R360
MB1000,SERVICE - I&I Alliance tactics - MB1000,SERVICE,I&I Alliance tactics,MB10,Total_Pharma_Services,Yes,INF_BATCH,2026-01-08 09:54:54.872,INF_BATCH,2026-01-23 23:16:33.522,INF_R360
MB1001,SERVICE - I&I Others - MB1001,SERVICE,I&I Others,MB10,Total_Pharma_Services,Yes,INF_BATCH,2026-01-08 09:54:54.872,INF_BATCH,2026-01-23 23:16:33.522,INF_R360
MB20,DEPARTMENT - I&I Non Alliance - MB20,DEPARTMENT,I&I Non Alliance,MB,Total_Pharma_Services,Yes,INF_BATCH,2026-01-08 09:54:54.872,INF_BATCH,2026-01-23 23:16:33.522,INF_R360
MB2000,SERVICE - I&I Non Alliance - MB2000,SERVICE,I&I Non Alliance,MB20,Total_Pharma_Services,Yes,INF_BATCH,2026-01-08 09:54:54.872,INF_BATCH,2026-01-23 23:16:33.522,INF_R360
MB30,DEPARTMENT - OneRare - MB30,DEPARTMENT,OneRare,MB,Total_Pharma_Services,Yes,INF_BATCH,2026-01-08 09:54:54.872,INF_BATCH,2026-01-23 23:16:33.522,INF_R360
MB3000,SERVICE - OneRare - MB3000,SERVICE,OneRare,MB30,Total_Pharma_Services,Yes,INF_BATCH,2026-01-08 09:54:54.872,INF_BATCH,2026-01-23 23:16:33.522,INF_R360
MB40,DEPARTMENT - Neurology - MB40,DEPARTMENT,Neurology,MB,Total_Pharma_Services,Yes,INF_BATCH,2026-01-08 09:54:54.872,INF_BATCH,2026-01-23 23:16:33.522,INF_R360
MB4000,SERVICE - Neurology - MB4000,SERVICE,Neurology,MB40,Total_Pharma_Services,Yes,INF_BATCH,2026-01-08 09:54:54.872,INF_BATCH,2026-01-23 23:16:33.522,INF_R360
MB50,DEPARTMENT - Oncology - MB50,DEPARTMENT,Oncology,MB,Total_Pharma_Services,Yes,INF_BATCH,2026-01-08 09:54:54.872,INF_BATCH,2026-01-23 23:16:33.522,INF_R360
MB5000,SERVICE - Oncology - MB5000,SERVICE,Oncology,MB50,Total_Pharma_Services,Yes,INF_BATCH,2026-01-08 09:54:54.872,INF_BATCH,2026-01-23 23:16:33.522,INF_R360
MC,UNIT - Medical GenMed - MC,UNIT,Medical GenMed,M,Total_Pharma_Services,Yes,INF_BATCH,2026-01-08 09:54:54.872,INF_BATCH,2026-01-23 23:16:33.522,INF_R360
MC10,DEPARTMENT - T1D - MC10,DEPARTMENT,T1D,MC,Total_Pharma_Services,Yes,INF_BATCH,2026-01-08 09:54:54.872,INF_BATCH,2026-01-23 23:16:33.522,INF_R360
MC1000,SERVICE - T1D - MC1000,SERVICE,T1D,MC10,Total_Pharma_Services,Yes,INF_BATCH,2026-01-08 09:54:54.872,INF_BATCH,2026-01-23 23:16:33.522,INF_R360
MC20,DEPARTMENT - Transplant - MC20,DEPARTMENT,Transplant,MC,Total_Pharma_Services,Yes,INF_BATCH,2026-01-08 09:54:54.872,INF_BATCH,2026-01-23 23:16:33.522,INF_R360
MC2000,SERVICE - Transplant - MC2000,SERVICE,Transplant,MC20,Total_Pharma_Services,Yes,INF_BATCH,2026-01-08 09:54:54.872,INF_BATCH,2026-01-23 23:16:33.522,INF_R360
MC30,DEPARTMENT - CVM - MC30,DEPARTMENT,CVM,MC,Total_Pharma_Services,Yes,INF_BATCH,2026-01-08 09:54:54.872,INF_BATCH,2026-01-23 23:16:33.522,INF_R360
MC3000,SERVICE - CVM - MC3000,SERVICE,CVM,MC30,Total_Pharma_Services,Yes,INF_BATCH,2026-01-08 09:54:54.872,INF_BATCH,2026-01-23 23:16:33.522,INF_R360
MC40,DEPARTMENT - Insulins & EP - MC40,DEPARTMENT,Insulins & EP,MC,Total_Pharma_Services,Yes,INF_BATCH,2026-01-08 09:54:54.872,INF_BATCH,2026-01-23 23:16:33.522,INF_R360
MC4000,SERVICE - EP Head office - MC4000,SERVICE,EP Head office,MC40,Total_Pharma_Services,Yes,INF_BATCH,2026-01-08 09:54:54.872,INF_BATCH,2026-01-23 23:16:33.522,INF_R360
MC4001,SERVICE - Insulins - MC4001,SERVICE,Insulins,MC40,Total_Pharma_Services,Yes,INF_BATCH,2026-01-08 09:54:54.872,INF_BATCH,2026-01-23 23:16:33.522,INF_R360
MC4002,SERVICE - EP essential - MC4002,SERVICE,EP essential,MC40,Total_Pharma_Services,Yes,INF_BATCH,2026-01-08 09:54:54.872,INF_BATCH,2026-01-23 23:16:33.522,INF_R360
MC4003,SERVICE - Tail - MC4003,SERVICE,Tail,MC40,Total_Pharma_Services,Yes,INF_BATCH,2026-01-08 09:54:54.872,INF_BATCH,2026-01-23 23:16:33.522,INF_R360
MC4004,SERVICE - Other SPC - MC4004,SERVICE,Other SPC,MC40,Total_Pharma_Services,Yes,INF_BATCH,2026-01-08 09:54:54.872,INF_BATCH,2026-01-23 23:16:33.522,INF_R360
MC50,DEPARTMENT - Clinical Studies - MC50,DEPARTMENT,Clinical Studies,MC,Total_Pharma_Services,Yes,INF_BATCH,2026-01-08 09:54:54.872,INF_BATCH,2026-01-23 23:16:33.522,INF_R360
MC5000,SERVICE - Clinical Studies - MC5000,SERVICE,Clinical Studies,MC50,Total_Pharma_Services,Yes,INF_BATCH,2026-01-08 09:54:54.872,INF_BATCH,2026-01-23 23:16:33.522,INF_R360
MC60,DEPARTMENT - MAP CAP - MC60,DEPARTMENT,MAP CAP,MC,Total_Pharma_Services,Yes,INF_BATCH,2026-01-08 09:54:54.872,INF_BATCH,2026-01-23 23:16:33.522,INF_R360
MC6000,SERVICE - MAP REZUROCK - MC6000,SERVICE,MAP REZUROCK,MC60,Total_Pharma_Services,Yes,INF_BATCH,2026-01-08 09:54:54.872,INF_BATCH,2026-01-23 23:16:33.522,INF_R360
MC6001,SERVICE - MAP TZIELD - MC6001,SERVICE,MAP TZIELD,MC60,Total_Pharma_Services,Yes,INF_BATCH,2026-01-08 09:54:54.872,INF_BATCH,2026-01-23 23:16:33.522,INF_R360
MC6002,SERVICE - CAP CAMPATH - MC6002,SERVICE,CAP CAMPATH,MC60,Total_Pharma_Services,Yes,INF_BATCH,2026-01-08 09:54:54.872,INF_BATCH,2026-01-23 23:16:33.522,INF_R360
MD,UNIT - Patient Safety Pharmacovigilance (PSPV) - MD,UNIT,Patient Safety Pharmacovigilance (PSPV),M,Total_Pharma_Services,Yes,INF_BATCH,2026-01-08 09:54:54.872,INF_BATCH,2026-01-23 23:16:33.522,INF_R360
MD10,DEPARTMENT - PV Global - MD10,DEPARTMENT,PV Global,MD,Total_Pharma_Services,Yes,INF_BATCH,2026-01-08 09:54:54.872,INF_BATCH,2026-01-23 23:16:33.522,INF_R360
MD1001,SERVICE - General Medicine PV - MD1001,SERVICE,General Medicine PV,MD10,Total_Pharma_Services,Yes,INF_BATCH,2026-01-08 09:54:54.872,INF_BATCH,2026-01-23 23:16:33.522,INF_R360
MD1002,SERVICE - Specialty Care PV - MD1002,SERVICE,Specialty Care PV,MD10,Total_Pharma_Services,Yes,INF_BATCH,2026-01-08 09:54:54.872,INF_BATCH,2026-01-23 23:16:33.522,INF_R360
MD1003,SERVICE - Vaccines PV - MD1003,SERVICE,Vaccines PV,MD10,Total_Pharma_Services,Yes,INF_BATCH,2026-01-08 09:54:54.872,INF_BATCH,2026-01-23 23:16:33.522,INF_R360
MD1004,SERVICE - Global PV Ops - MD1004,SERVICE,Global PV Ops,MD10,Total_Pharma_Services,Yes,INF_BATCH,2026-01-08 09:54:54.872,INF_BATCH,2026-01-23 23:16:33.522,INF_R360
MD1005,SERVICE - Global Safety Science - MD1005,SERVICE,Global Safety Science,MD10,Total_Pharma_Services,Yes,INF_BATCH,2026-01-08 09:54:54.872,INF_BATCH,2026-01-23 23:16:33.522,INF_R360
MD1006,SERVICE - PV Direction & Management Office - MD1006,SERVICE,PV Direction & Management Office,MD10,Total_Pharma_Services,Yes,INF_BATCH,2026-01-08 09:54:54.872,INF_BATCH,2026-01-23 23:16:33.522,INF_R360
MD1007,SERVICE - Alliance Management & Strategic Innovation - MD1007,SERVICE,Alliance Management & Strategic Innovation,MD10,Total_Pharma_Services,Yes,INF_BATCH,2026-01-08 09:54:54.872,INF_BATCH,2026-01-23 23:16:33.522,INF_R360
MD1008,SERVICE - Translational Safety - MD1008,SERVICE,Translational Safety,MD10,Total_Pharma_Services,Yes,INF_BATCH,2026-01-08 09:54:54.872,INF_BATCH,2026-01-23 23:16:33.522,INF_R360
MD1009,SERVICE - PV Governance - MD1009,SERVICE,PV Governance,MD10,Total_Pharma_Services,Yes,INF_BATCH,2026-01-08 09:54:54.872,INF_BATCH,2026-01-23 23:16:33.522,INF_R360
MD1010,SERVICE - QPPV & Regions - MD1010,SERVICE,QPPV & Regions,MD10,Total_Pharma_Services,Yes,INF_BATCH,2026-01-08 09:54:54.872,INF_BATCH,2026-01-23 23:16:33.522,INF_R360
MD1011,SERVICE - Epidemiology - MD1011,SERVICE,Epidemiology,MD10,Total_Pharma_Services,Yes,INF_BATCH,2026-01-08 09:54:54.872,INF_BATCH,2026-01-23 23:16:33.522,INF_R360
MD1012,SERVICE - Global PV Quality - MD1012,SERVICE,Global PV Quality,MD10,Total_Pharma_Services,Yes,INF_BATCH,2026-01-08 09:54:54.872,INF_BATCH,2026-01-23 23:16:33.522,INF_R360
MD11,DEPARTMENT - PV Local - MD11,DEPARTMENT,PV Local,MD,Total_Pharma_Services,Yes,INF_BATCH,2026-01-08 09:54:54.872,INF_BATCH,2026-01-23 23:16:33.522,INF_R360
MD1101,SERVICE - Regions Governance Head - MD1101,SERVICE,Regions Governance Head,MD11,Total_Pharma_Services,Yes,INF_BATCH,2026-01-08 09:54:54.872,INF_BATCH,2026-01-23 23:16:33.522,INF_R360
MD1102,SERVICE - Local PV Americas - MD1102,SERVICE,Local PV Americas,MD11,Total_Pharma_Services,Yes,INF_BATCH,2026-01-08 09:54:54.872,INF_BATCH,2026-01-23 23:16:33.522,INF_R360
MD1103,SERVICE - Local PV Europe & Japan - MD1103,SERVICE,Local PV Europe & Japan,MD11,Total_Pharma_Services,Yes,INF_BATCH,2026-01-08 09:54:54.872,INF_BATCH,2026-01-23 23:16:33.522,INF_R360
MD1104,SERVICE - Local PV Greater China - MD1104,SERVICE,Local PV Greater China,MD11,Total_Pharma_Services,Yes,INF_BATCH,2026-01-08 09:54:54.872,INF_BATCH,2026-01-23 23:16:33.522,INF_R360
MD1105,SERVICE - Local PV AMEE APAC - MD1105,SERVICE,Local PV AMEE APAC,MD11,Total_Pharma_Services,Yes,INF_BATCH,2026-01-08 09:54:54.872,INF_BATCH,2026-01-23 23:16:33.522,INF_R360
ME,UNIT - Strategic Pillars - ME,UNIT,Strategic Pillars,M,Total_Pharma_Services,Yes,INF_BATCH,2026-01-08 09:54:54.872,INF_BATCH,2026-01-23 23:16:33.522,INF_R360
ME10,DEPARTMENT - Early Medical & R&D Integration - ME10,DEPARTMENT,Early Medical & R&D Integration,ME,Total_Pharma_Services,Yes,INF_BATCH,2026-01-08 09:54:54.872,INF_BATCH,2026-01-23 23:16:33.522,INF_R360
ME1000,SERVICE - Transformation and R&D integration - ME1000,SERVICE,Transformation and R&D integration,ME10,Total_Pharma_Services,Yes,INF_BATCH,2026-01-08 09:54:54.872,INF_BATCH,2026-01-23 23:16:33.522,INF_R360
ME1001,SERVICE - MedDev - ME1001,SERVICE,MedDev,ME10,Total_Pharma_Services,Yes,INF_BATCH,2026-01-08 09:54:54.872,INF_BATCH,2026-01-23 23:16:33.522,INF_R360
ME1002,SERVICE - Early Medical Partnerships - ME1002,SERVICE,Early Medical Partnerships,ME10,Total_Pharma_Services,Yes,INF_BATCH,2026-01-08 09:54:54.872,INF_BATCH,2026-01-23 23:16:33.522,INF_R360
ME1003,SERVICE - Early Asset Shaping - ME1003,SERVICE,Early Asset Shaping,ME10,Total_Pharma_Services,Yes,INF_BATCH,2026-01-08 09:54:54.872,INF_BATCH,2026-01-23 23:16:33.522,INF_R360
ME20,DEPARTMENT - Integrated Evidence Generation - ME20,DEPARTMENT,Integrated Evidence Generation,ME,Total_Pharma_Services,Yes,INF_BATCH,2026-01-08 09:54:54.872,INF_BATCH,2026-01-23 23:16:33.522,INF_R360
ME2000,SERVICE - IEGP Planning - ME2000,SERVICE,IEGP Planning,ME20,Total_Pharma_Services,Yes,INF_BATCH,2026-01-08 09:54:54.872,INF_BATCH,2026-01-23 23:16:33.522,INF_R360
ME2001,SERVICE - Interventional and Pragmatic studies - ME2001,SERVICE,Interventional and Pragmatic studies,ME20,Total_Pharma_Services,Yes,INF_BATCH,2026-01-08 09:54:54.872,INF_BATCH,2026-01-23 23:16:33.522,INF_R360
ME2002,SERVICE - Real-World Evidence - ME2002,SERVICE,Real-World Evidence,ME20,Total_Pharma_Services,Yes,INF_BATCH,2026-01-08 09:54:54.872,INF_BATCH,2026-01-23 23:16:33.522,INF_R360
ME2003,SERVICE - Implementation Science to promote adoption in real world settings - ME2003,SERVICE,Implementation Science to promote adoption in real world settings,ME20,Total_Pharma_Services,Yes,INF_BATCH,2026-01-08 09:54:54.872,INF_BATCH,2026-01-23 23:16:33.522,INF_R360
ME2004,SERVICE - Local Studies & External Research Review - ME2004,SERVICE,Local Studies & External Research Review,ME20,Total_Pharma_Services,Yes,INF_BATCH,2026-01-08 09:54:54.872,INF_BATCH,2026-01-23 23:16:33.522,INF_R360
ME2005,SERVICE - Externally Sponsored Research Operations - ME2005,SERVICE,Externally Sponsored Research Operations,ME20,Total_Pharma_Services,Yes,INF_BATCH,2026-01-08 09:54:54.872,INF_BATCH,2026-01-23 23:16:33.522,INF_R360
ME2006,SERVICE - Access Programs - ME2006,SERVICE,Access Programs,ME20,Total_Pharma_Services,Yes,INF_BATCH,2026-01-08 09:54:54.872,INF_BATCH,2026-01-23 23:16:33.522,INF_R360
ME30,DEPARTMENT - Medical Excellence & Innovation - ME30,DEPARTMENT,Medical Excellence & Innovation,ME,Total_Pharma_Services,Yes,INF_BATCH,2026-01-08 09:54:54.872,INF_BATCH,2026-01-23 23:16:33.522,INF_R360
ME3000,SERVICE - Field Medical Excellence - ME3000,SERVICE,Field Medical Excellence,ME30,Total_Pharma_Services,Yes,INF_BATCH,2026-01-08 09:54:54.872,INF_BATCH,2026-01-23 23:16:33.522,INF_R360
ME3001,SERVICE - Scientific Communications - ME3001,SERVICE,Scientific Communications,ME30,Total_Pharma_Services,Yes,INF_BATCH,2026-01-08 09:54:54.872,INF_BATCH,2026-01-23 23:16:33.522,INF_R360
ME3002,"SERVICE - IME, Grants & Donations - ME3002",SERVICE,"IME, Grants & Donations",ME30,Total_Pharma_Services,Yes,INF_BATCH,2026-01-08 09:54:54.872,INF_BATCH,2026-01-23 23:16:33.522,INF_R360
ME3003,SERVICE - AI/Tech Medical and Horizon Scanning - ME3003,SERVICE,AI/Tech Medical and Horizon Scanning,ME30,Total_Pharma_Services,Yes,INF_BATCH,2026-01-08 09:54:54.872,INF_BATCH,2026-01-23 23:16:33.522,INF_R360
ME3004,SERVICE - Learning and Capabilities - ME3004,SERVICE,Learning and Capabilities,ME30,Total_Pharma_Services,Yes,INF_BATCH,2026-01-08 09:54:54.872,INF_BATCH,2026-01-23 23:16:33.522,INF_R360
ME3005,SERVICE - Medical Information - ME3005,SERVICE,Medical Information,ME30,Total_Pharma_Services,Yes,INF_BATCH,2026-01-08 09:54:54.872,INF_BATCH,2026-01-23 23:16:33.522,INF_R360
ME3006,SERVICE - Product Alert Coordination - ME3006,SERVICE,Product Alert Coordination,ME30,Total_Pharma_Services,Yes,INF_BATCH,2026-01-08 09:54:54.872,INF_BATCH,2026-01-23 23:16:33.522,INF_R360
ME3007,SERVICE - Periodic Reporting - ME3007,SERVICE,Periodic Reporting,ME30,Total_Pharma_Services,Yes,INF_BATCH,2026-01-08 09:54:54.872,INF_BATCH,2026-01-23 23:16:33.522,INF_R360
ME3008,SERVICE - Program Management - ME3008,SERVICE,Program Management,ME30,Total_Pharma_Services,Yes,INF_BATCH,2026-01-08 09:54:54.872,INF_BATCH,2026-01-23 23:16:33.522,INF_R360
ME3009,SERVICE - Medical Governance of end-to-end processes - ME3009,SERVICE,Medical Governance of end-to-end processes,ME30,Total_Pharma_Services,Yes,INF_BATCH,2026-01-08 09:54:54.872,INF_BATCH,2026-01-23 23:16:33.522,INF_R360
ME3010,SERVICE - Medical Material Review Process & Operations - ME3010,SERVICE,Medical Material Review Process & Operations,ME30,Total_Pharma_Services,Yes,INF_BATCH,2026-01-08 09:54:54.872,INF_BATCH,2026-01-23 23:16:33.522,INF_R360
ME3011,SERVICE - CMO Office - ME3011,SERVICE,CMO Office,ME30,Total_Pharma_Services,Yes,INF_BATCH,2026-01-08 09:54:54.872,INF_BATCH,2026-01-23 23:16:33.522,INF_R360
MF,UNIT - Immunology & Inflammation M - MF,UNIT,Immunology & Inflammation M,M,Total_Pharma_Services,Yes,INF_BATCH,2026-01-08 09:54:54.872,INF_BATCH,2026-01-23 23:16:33.522,INF_R360
MF10,DEPARTMENT - Immunology & Inflammation M - MF10,DEPARTMENT,Immunology & Inflammation M,MF,Total_Pharma_Services,Yes,INF_BATCH,2026-01-08 09:54:54.872,INF_BATCH,2026-01-23 23:16:33.522,INF_R360
MF1000,SERVICE - Immunology & Inflammation M - MF1000,SERVICE,Immunology & Inflammation M,MF10,Total_Pharma_Services,Yes,INF_BATCH,2026-01-08 09:54:54.872,INF_BATCH,2026-01-23 23:16:33.522,INF_R360
MG,UNIT - Neurology M - MG,UNIT,Neurology M,M,Total_Pharma_Services,Yes,INF_BATCH,2026-01-08 09:54:54.872,INF_BATCH,2026-01-23 23:16:33.522,INF_R360
MG10,DEPARTMENT - Neurology M - MG10,DEPARTMENT,Neurology M,MG,Total_Pharma_Services,Yes,INF_BATCH,2026-01-08 09:54:54.872,INF_BATCH,2026-01-23 23:16:33.522,INF_R360
MG1000,SERVICE - Neurology M - MG1000,SERVICE,Neurology M,MG10,Total_Pharma_Services,Yes,INF_BATCH,2026-01-08 09:54:54.872,INF_BATCH,2026-01-23 23:16:33.522,INF_R360
MH,UNIT - Rare Diseases M - MH,UNIT,Rare Diseases M,M,Total_Pharma_Services,Yes,INF_BATCH,2026-01-08 09:54:54.872,INF_BATCH,2026-01-23 23:16:33.522,INF_R360
MH10,DEPARTMENT - Rare Diseases M - MH10,DEPARTMENT,Rare Diseases M,MH,Total_Pharma_Services,Yes,INF_BATCH,2026-01-08 09:54:54.872,INF_BATCH,2026-01-23 23:16:33.522,INF_R360
MH1000,SERVICE - Rare Diseases M - MH1000,SERVICE,Rare Diseases M,MH10,Total_Pharma_Services,Yes,INF_BATCH,2026-01-08 09:54:54.872,INF_BATCH,2026-01-23 23:16:33.522,INF_R360
MI,UNIT - Oncology M - MI,UNIT,Oncology M,M,Total_Pharma_Services,Yes,INF_BATCH,2026-01-08 09:54:54.872,INF_BATCH,2026-01-23 23:16:33.522,INF_R360
MI10,DEPARTMENT - Oncology M - MI10,DEPARTMENT,Oncology M,MI,Total_Pharma_Services,Yes,INF_BATCH,2026-01-08 09:54:54.872,INF_BATCH,2026-01-23 23:16:33.522,INF_R360
MI1000,SERVICE - Oncology M - MI1000,SERVICE,Oncology M,MI10,Total_Pharma_Services,Yes,INF_BATCH,2026-01-08 09:54:54.872,INF_BATCH,2026-01-23 23:16:33.522,INF_R360
MJ,UNIT - Transplant M - MJ,UNIT,Transplant M,M,Total_Pharma_Services,Yes,INF_BATCH,2026-01-08 09:54:54.872,INF_BATCH,2026-01-23 23:16:33.522,INF_R360
MJ10,DEPARTMENT - Transplant M - MJ10,DEPARTMENT,Transplant M,MJ,Total_Pharma_Services,Yes,INF_BATCH,2026-01-08 09:54:54.872,INF_BATCH,2026-01-23 23:16:33.522,INF_R360
MJ1000,SERVICE - Transplant M - MJ1000,SERVICE,Transplant M,MJ10,Total_Pharma_Services,Yes,INF_BATCH,2026-01-08 09:54:54.872,INF_BATCH,2026-01-23 23:16:33.522,INF_R360
MK,UNIT - Diabetes CardioVascular and Metabolic M - MK,UNIT,Diabetes CardioVascular and Metabolic M,M,Total_Pharma_Services,Yes,INF_BATCH,2026-01-08 09:54:54.872,INF_BATCH,2026-01-23 23:16:33.522,INF_R360
MK10,DEPARTMENT - Diabetes CardioVascular and Metabolic M - MK10,DEPARTMENT,Diabetes CardioVascular and Metabolic M,MK,Total_Pharma_Services,Yes,INF_BATCH,2026-01-08 09:54:54.872,INF_BATCH,2026-01-23 23:16:33.522,INF_R360
MK1000,SERVICE - Diabetes CardioVascular and Metabolic M - MK1000,SERVICE,Diabetes CardioVascular and Metabolic M,MK10,Total_Pharma_Services,Yes,INF_BATCH,2026-01-08 09:54:54.872,INF_BATCH,2026-01-23 23:16:33.522,INF_R360
MZ,UNIT - Medical unallocated - MZ,UNIT,Medical unallocated,M,Total_Pharma_Services,Yes,INF_BATCH,2026-01-08 09:54:54.872,INF_BATCH,2026-01-23 23:16:33.522,INF_R360
MZ00,DEPARTMENT - Medical unallocated - MZ00,DEPARTMENT,Medical unallocated,MZ,Total_Pharma_Services,Yes,INF_BATCH,2026-01-08 09:54:54.872,INF_BATCH,2026-01-23 23:16:33.522,INF_R360
MZ0000,SERVICE - Medical unallocated 0 - MZ0000,SERVICE,Medical unallocated 0,MZ00,Total_Pharma_Services,Yes,INF_BATCH,2026-01-08 09:54:54.872,INF_BATCH,2026-01-23 23:16:33.522,INF_R360
MZ0001,SERVICE - Medical unallocated 1 - MZ0001,SERVICE,Medical unallocated 1,MZ00,Total_Pharma_Services,Yes,INF_BATCH,2026-01-08 09:54:54.872,INF_BATCH,2026-01-23 23:16:33.522,INF_R360
MZ0002,SERVICE - Medical unallocated 2 - MZ0002,SERVICE,Medical unallocated 2,MZ00,Total_Pharma_Services,Yes,INF_BATCH,2026-01-08 09:54:54.872,INF_BATCH,2026-01-23 23:16:33.522,INF_R360
MZ0003,SERVICE - Medical unallocated 3 - MZ0003,SERVICE,Medical unallocated 3,MZ00,Total_Pharma_Services,Yes,INF_BATCH,2026-01-08 09:54:54.872,INF_BATCH,2026-01-23 23:16:33.522,INF_R360
AB11,DEPARTMENT - R&D Project Management - AB11,DEPARTMENT,R&D Project Management,AB,Total_Pharma_Services,Yes,INF_BATCH,2025-11-14 18:16:15.426,INF_BATCH,2026-01-23 23:16:33.522,INF_R360
AB1100,SERVICE - R&D Project Management - AB1100,SERVICE,R&D Project Management,AB11,Total_Pharma_Services,Yes,INF_BATCH,2025-11-14 18:16:15.426,INF_BATCH,2026-01-23 23:16:33.522,INF_R360
LA1801,SERVICE - Biostatistics - LA1801,SERVICE,Biostatistics,LA18,Total_Pharma_Services,Yes,INF_BATCH,2025-07-18 06:15:57.490,INF_BATCH,2026-01-23 23:16:33.522,INF_R360
LA1802,SERVICE - Clinical Modeling & Evidence Integration - LA1802,SERVICE,Clinical Modeling & Evidence Integration,LA18,Total_Pharma_Services,Yes,INF_BATCH,2025-07-18 06:15:57.490,INF_BATCH,2026-01-23 23:16:33.522,INF_R360
LA18,DEPARTMENT - Evidence Generation and Decision Science - LA18,DEPARTMENT,Evidence Generation and Decision Science,LA,Total_Pharma_Services,Yes,INF_BATCH,2025-07-18 06:15:57.490,INF_BATCH,2026-01-23 23:16:33.522,INF_R360
LA1800,SERVICE - Head of Evidence Generation and Decision Science - LA1800,SERVICE,Head of Evidence Generation and Decision Science,LA18,Total_Pharma_Services,Yes,INF_BATCH,2025-07-18 06:15:57.490,INF_BATCH,2026-01-23 23:16:33.522,INF_R360
LZ00,DEPARTMENT - TMU Unallocated - LZ00,DEPARTMENT,TMU Unallocated,LA,Total_Pharma_Services,Yes,INF_BATCH,2025-07-18 06:15:57.490,INF_BATCH,2026-01-23 23:16:33.522,INF_R360
LZ0002,SERVICE - Research unallocated - LZ0002,SERVICE,Research unallocated,LZ00,Total_Pharma_Services,Yes,INF_BATCH,2025-07-18 06:15:57.490,INF_BATCH,2026-01-23 23:16:33.522,INF_R360
LZ0001,SERVICE - Development unallocated - LZ0001,SERVICE,Development unallocated,LZ00,Total_Pharma_Services,Yes,INF_BATCH,2025-07-18 06:15:57.490,INF_BATCH,2026-01-23 23:16:33.522,INF_R360
LA1803,SERVICE - Real World Evidence - LA1803,SERVICE,Real World Evidence,LA18,Total_Pharma_Services,Yes,INF_BATCH,2025-07-18 06:15:57.490,INF_BATCH,2026-01-23 23:16:33.522,INF_R360
CF1009,SERVICE - Transplant - CF1009,SERVICE,Transplant,CF10,Total_Pharma_Services,Yes,INF_BATCH,2025-04-17 04:21:32.360,INF_BATCH,2026-01-23 23:16:33.522,INF_R360
CM1001,SERVICE - Intrepid Global - CM1001,SERVICE,Intrepid Global,CM10,Total_Pharma_Services,Yes,INF_BATCH,2025-04-15 04:15:56.936,INF_BATCH,2026-01-23 23:16:33.522,INF_R360
CR,UNIT - Immunoscience - CR,UNIT,Immunoscience,C,Total_Pharma_Services,Yes,INF_BATCH,2025-04-15 04:15:56.936,INF_BATCH,2026-01-23 23:16:33.522,INF_R360
CR10,DEPARTMENT - Immunoscience - CR10,DEPARTMENT,Immunoscience,CR,Total_Pharma_Services,Yes,INF_BATCH,2025-04-15 04:15:56.936,INF_BATCH,2026-01-23 23:16:33.522,INF_R360
CR1001,SERVICE - Immunoscience - CR1001,SERVICE,Immunoscience,CR10,Total_Pharma_Services,Yes,INF_BATCH,2025-04-15 04:15:56.936,INF_BATCH,2026-01-23 23:16:33.522,INF_R360
BU1000,SERVICE - Ophthalmology D - BU1000,SERVICE,Ophthalmology D,BU10,Total_Pharma_Services,Yes,INF_BATCH,2025-04-14 14:16:11.165,INF_BATCH,2026-01-23 23:16:33.522,INF_R360
BU,UNIT - Ophthalmology D - BU,UNIT,Ophthalmology D,B,Total_Pharma_Services,Yes,INF_BATCH,2025-04-14 14:16:11.165,INF_BATCH,2026-01-23 23:16:33.522,INF_R360
BP1204,SERVICE - OPCM Regulatory - BP1204,SERVICE,OPCM Regulatory,BP12,Total_Pharma_Services,Yes,INF_BATCH,2025-04-14 14:16:11.165,INF_BATCH,2026-01-23 23:16:33.522,INF_R360
CS1000,SERVICE - Ophthalmology R - CS1000,SERVICE,Ophthalmology R,CS10,Total_Pharma_Services,Yes,INF_BATCH,2025-04-14 14:16:11.165,INF_BATCH,2026-01-23 23:16:33.522,INF_R360
CS10,DEPARTMENT - Ophthalmology R - CS10,DEPARTMENT,Ophthalmology R,CS,Total_Pharma_Services,Yes,INF_BATCH,2025-04-14 14:16:11.165,INF_BATCH,2026-01-23 23:16:33.522,INF_R360
BU10,DEPARTMENT - Ophthalmology D - BU10,DEPARTMENT,Ophthalmology D,BU,Total_Pharma_Services,Yes,INF_BATCH,2025-04-14 14:16:11.165,INF_BATCH,2026-01-23 23:16:33.522,INF_R360
CS,UNIT - Ophthalmology R - CS,UNIT,Ophthalmology R,C,Total_Pharma_Services,Yes,INF_BATCH,2025-04-14 14:16:11.165,INF_BATCH,2026-01-23 23:16:33.522,INF_R360
ER,UNIT - R&D Compliance & Risk Management - ER,UNIT,R&D Compliance & Risk Management,E,Total_Pharma_Services,Yes,INF_BATCH,2025-02-24 00:15:47.342,INF_BATCH,2026-01-23 23:16:33.522,INF_R360
EO1200,SERVICE - R&D Vendor Management - EO1200,SERVICE,R&D Vendor Management,EO12,Total_Pharma_Services,Yes,INF_BATCH,2025-02-24 00:15:47.342,INF_BATCH,2026-01-23 23:16:33.522,INF_R360
ER1000,SERVICE - R&D Compliance & Risk Management - ER1000,SERVICE,R&D Compliance & Risk Management,ER10,Total_Pharma_Services,Yes,INF_BATCH,2025-02-24 00:15:47.342,INF_BATCH,2026-01-23 23:16:33.522,INF_R360
ES10,DEPARTMENT - R&D Transversal Project Management - ES10,DEPARTMENT,R&D Transversal Project Management,ES,Total_Pharma_Services,Yes,INF_BATCH,2025-02-24 00:15:47.342,INF_BATCH,2026-01-23 23:16:33.522,INF_R360
EQ1000,SERVICE - R&D Workforce Engagement - EQ1000,SERVICE,R&D Workforce Engagement,EQ10,Total_Pharma_Services,Yes,INF_BATCH,2025-02-24 00:15:47.342,INF_BATCH,2026-01-23 23:16:33.522,INF_R360
EM12,DEPARTMENT - Data Share & Publications - EM12,DEPARTMENT,Data Share & Publications,EM,Total_Pharma_Services,Yes,INF_BATCH,2025-02-24 00:15:47.342,INF_BATCH,2026-01-23 23:16:33.522,INF_R360
EO11,DEPARTMENT - R&D Stategy & Performance - EO11,DEPARTMENT,R&D Stategy & Performance,EO,Total_Pharma_Services,Yes,INF_BATCH,2025-02-24 00:15:47.342,INF_BATCH,2026-01-23 23:16:33.522,INF_R360
EM1200,SERVICE - Data Share & Publications - EM1200,SERVICE,Data Share & Publications,EM12,Total_Pharma_Services,Yes,INF_BATCH,2025-02-24 00:15:47.342,INF_BATCH,2026-01-23 23:16:33.522,INF_R360
EO1300,SERVICE - R&D Published Information Access - EO1300,SERVICE,R&D Published Information Access,EO13,Total_Pharma_Services,Yes,INF_BATCH,2025-02-24 00:15:47.342,INF_BATCH,2026-01-23 23:16:33.522,INF_R360
EO13,DEPARTMENT - R&D Published Information Access - EO13,DEPARTMENT,R&D Published Information Access,EO,Total_Pharma_Services,Yes,INF_BATCH,2025-02-24 00:15:47.342,INF_BATCH,2026-01-23 23:16:33.522,INF_R360
EO12,DEPARTMENT - R&D Vendor Management - EO12,DEPARTMENT,R&D Vendor Management,EO,Total_Pharma_Services,Yes,INF_BATCH,2025-02-24 00:15:47.342,INF_BATCH,2026-01-23 23:16:33.522,INF_R360
ES,UNIT - R&D Transversal Project Management - ES,UNIT,R&D Transversal Project Management,E,Total_Pharma_Services,Yes,INF_BATCH,2025-02-24 00:15:47.342,INF_BATCH,2026-01-23 23:16:33.522,INF_R360
EQ,UNIT - R&D Workforce Engagement - EQ,UNIT,R&D Workforce Engagement,E,Total_Pharma_Services,Yes,INF_BATCH,2025-02-24 00:15:47.342,INF_BATCH,2026-01-23 23:16:33.522,INF_R360
EM1100,SERVICE - R&D Data Office - EM1100,SERVICE,R&D Data Office,EM11,Total_Pharma_Services,Yes,INF_BATCH,2025-02-24 00:15:47.342,INF_BATCH,2026-01-23 23:16:33.522,INF_R360
EM11,DEPARTMENT - R&D Data Office - EM11,DEPARTMENT,R&D Data Office,EM,Total_Pharma_Services,Yes,INF_BATCH,2025-02-24 00:15:47.342,INF_BATCH,2026-01-23 23:16:33.522,INF_R360
ER10,DEPARTMENT - R&D Compliance & Risk Management - ER10,DEPARTMENT,R&D Compliance & Risk Management,ER,Total_Pharma_Services,Yes,INF_BATCH,2025-02-24 00:15:47.342,INF_BATCH,2026-01-23 23:16:33.522,INF_R360
ES1000,SERVICE - R&D Transversal Project Management - ES1000,SERVICE,R&D Transversal Project Management,ES10,Total_Pharma_Services,Yes,INF_BATCH,2025-02-24 00:15:47.342,INF_BATCH,2026-01-23 23:16:33.522,INF_R360
EQ10,DEPARTMENT - R&D Workforce Engagement - EQ10,DEPARTMENT,R&D Workforce Engagement,EQ,Total_Pharma_Services,Yes,INF_BATCH,2025-02-24 00:15:47.342,INF_BATCH,2026-01-23 23:16:33.522,INF_R360
EO1100,SERVICE - R&D Stategy & Performance - EO1100,SERVICE,R&D Stategy & Performance,EO11,Total_Pharma_Services,Yes,INF_BATCH,2025-02-24 00:15:47.342,INF_BATCH,2026-01-23 23:16:33.522,INF_R360
CQ1000,SERVICE - Transplant R - CQ1000,SERVICE,Transplant R,CQ10,Total_Pharma_Services,Yes,INF_BATCH,2025-01-23 04:16:27.852,INF_BATCH,2026-01-23 23:16:33.522,INF_R360
JD8006,"SERVICE - Engineering, Automation and Technology Support - JD8006",SERVICE,"Engineering, Automation and Technology Support",JD80,Total_Pharma_Services,Yes,INF_BATCH,2025-01-23 04:16:27.852,INF_BATCH,2026-01-23 23:16:33.522,INF_R360
CQ,UNIT - Transplant R - CQ,UNIT,Transplant R,C,Total_Pharma_Services,Yes,INF_BATCH,2025-01-23 04:16:27.852,INF_BATCH,2026-01-23 23:16:33.522,INF_R360
CQ10,DEPARTMENT - Transplant R - CQ10,DEPARTMENT,Transplant R,CQ,Total_Pharma_Services,Yes,INF_BATCH,2025-01-23 04:16:27.852,INF_BATCH,2026-01-23 23:16:33.522,INF_R360
L,PILLAR - Translational Medicine Unit - L,PILLAR,Translational Medicine Unit,TOTAL_PHARMA_SERVICES,Total_Pharma_Services,Yes,INF_BATCH,2024-12-03 12:17:29.273,INF_BATCH,2026-01-23 23:16:33.522,INF_R360
LA,UNIT - Translational Medicine Unit - LA,UNIT,Translational Medicine Unit,L,Total_Pharma_Services,Yes,INF_BATCH,2024-12-03 12:17:29.273,INF_BATCH,2026-01-23 23:16:33.522,INF_R360
LA10,DEPARTMENT - Head of TMU - LA10,DEPARTMENT,Head of TMU,LA,Total_Pharma_Services,Yes,INF_BATCH,2024-12-03 12:17:29.273,INF_BATCH,2026-01-23 23:16:33.522,INF_R360
LA1000,SERVICE - Head of TMU - LA1000,SERVICE,Head of TMU,LA10,Total_Pharma_Services,Yes,INF_BATCH,2024-12-03 12:17:29.273,INF_BATCH,2026-01-23 23:16:33.522,INF_R360
LA11,DEPARTMENT - Clinical & Patient Sciences - LA11,DEPARTMENT,Clinical & Patient Sciences,LA,Total_Pharma_Services,Yes,INF_BATCH,2024-12-03 12:17:29.273,INF_BATCH,2026-01-23 23:16:33.522,INF_R360
LA1100,SERVICE - Head of Clinical & Patient Sciences - LA1100,SERVICE,Head of Clinical & Patient Sciences,LA11,Total_Pharma_Services,Yes,INF_BATCH,2024-12-03 12:17:29.273,INF_BATCH,2026-01-23 23:16:33.522,INF_R360
LA1101,SERVICE - Early Clinical & Experimental Therapeutics (ECET) - LA1101,SERVICE,Early Clinical & Experimental Therapeutics (ECET),LA11,Total_Pharma_Services,Yes,INF_BATCH,2024-12-03 12:17:29.273,INF_BATCH,2026-01-23 23:16:33.522,INF_R360
LA1102,SERVICE - Biomarkers & Precision Medicine - LA1102,SERVICE,Biomarkers & Precision Medicine,LA11,Total_Pharma_Services,Yes,INF_BATCH,2024-12-03 12:17:29.273,INF_BATCH,2026-01-23 23:16:33.522,INF_R360
LA1103,ZZZ_SERVICE - TMU_BD - LA1103(Do Not Use),SERVICE,TMU_BD,LA11,Total_Pharma_Services,No,INF_BATCH,2024-12-03 12:17:29.273,INF_BATCH,2026-01-23 23:16:33.522,INF_R360
LA1104,ZZZ_SERVICE - TMU_BE - LA1104(Do Not Use),SERVICE,TMU_BE,LA11,Total_Pharma_Services,No,INF_BATCH,2024-12-03 12:17:29.273,INF_BATCH,2026-01-23 23:16:33.522,INF_R360
LA12,DEPARTMENT - Quantitative Pharmacology - LA12,DEPARTMENT,Quantitative Pharmacology,LA,Total_Pharma_Services,Yes,INF_BATCH,2024-12-03 12:17:29.273,INF_BATCH,2026-01-23 23:16:33.522,INF_R360
LA1200,SERVICE - Head of Quantitative Pharmacology - LA1200,SERVICE,Head of Quantitative Pharmacology,LA12,Total_Pharma_Services,Yes,INF_BATCH,2024-12-03 12:17:29.273,INF_BATCH,2026-01-23 23:16:33.522,INF_R360
LA1201,SERVICE - Disease Modeling - LA1201,SERVICE,Disease Modeling,LA12,Total_Pharma_Services,Yes,INF_BATCH,2024-12-03 12:17:29.273,INF_BATCH,2026-01-23 23:16:33.522,INF_R360
LA1202,SERVICE - QP Projects - LA1202,SERVICE,QP Projects,LA12,Total_Pharma_Services,Yes,INF_BATCH,2024-12-03 12:17:29.273,INF_BATCH,2026-01-23 23:16:33.522,INF_R360
LA1203,SERVICE - Pharmacometrics (PMx) - LA1203,SERVICE,Pharmacometrics (PMx),LA12,Total_Pharma_Services,Yes,INF_BATCH,2024-12-03 12:17:29.273,INF_BATCH,2026-01-23 23:16:33.522,INF_R360
LA13,DEPARTMENT - Laboratory Sciences - LA13,DEPARTMENT,Laboratory Sciences,LA,Total_Pharma_Services,Yes,INF_BATCH,2024-12-03 12:17:29.273,INF_BATCH,2026-01-23 23:16:33.522,INF_R360
LA1300,SERVICE - Head of Laboratory Sciences - LA1300,SERVICE,Head of Laboratory Sciences,LA13,Total_Pharma_Services,Yes,INF_BATCH,2024-12-03 12:17:29.273,INF_BATCH,2026-01-23 23:16:33.522,INF_R360
LA1301,SERVICE - Laboratory  Sciences - LA1301,SERVICE,Laboratory  Sciences,LA13,Total_Pharma_Services,Yes,INF_BATCH,2024-12-03 12:17:29.273,INF_BATCH,2026-01-23 23:16:33.522,INF_R360
LA1302,ZZZ_SERVICE - TMU_DC - LA1302(Do Not Use),SERVICE,TMU_DC,LA13,Total_Pharma_Services,No,INF_BATCH,2024-12-03 12:17:29.273,INF_BATCH,2026-01-23 23:16:33.522,INF_R360
LA1303,ZZZ_SERVICE - TMU_DD - LA1303(Do Not Use),SERVICE,TMU_DD,LA13,Total_Pharma_Services,No,INF_BATCH,2024-12-03 12:17:29.273,INF_BATCH,2026-01-23 23:16:33.522,INF_R360
LA14,DEPARTMENT - Pre-Clinical Safety - LA14,DEPARTMENT,Pre-Clinical Safety,LA,Total_Pharma_Services,Yes,INF_BATCH,2024-12-03 12:17:29.273,INF_BATCH,2026-01-23 23:16:33.522,INF_R360
LA1400,SERVICE - Head of Pre-Clinical Safety - LA1400,SERVICE,Head of Pre-Clinical Safety,LA14,Total_Pharma_Services,Yes,INF_BATCH,2024-12-03 12:17:29.273,INF_BATCH,2026-01-23 23:16:33.522,INF_R360
LA1401,SERVICE - In Vivo Operations - LA1401,SERVICE,In Vivo Operations,LA14,Total_Pharma_Services,Yes,INF_BATCH,2024-12-03 12:17:29.273,INF_BATCH,2026-01-23 23:16:33.522,INF_R360
LA1402,SERVICE - PCS R&D Projects - LA1402,SERVICE,PCS R&D Projects,LA14,Total_Pharma_Services,Yes,INF_BATCH,2024-12-03 12:17:29.273,INF_BATCH,2026-01-23 23:16:33.522,INF_R360
LA1403,SERVICE - Investigative Toxicology - LA1403,SERVICE,Investigative Toxicology,LA14,Total_Pharma_Services,Yes,INF_BATCH,2024-12-03 12:17:29.273,INF_BATCH,2026-01-23 23:16:33.522,INF_R360
LA1404,SERVICE - Digital Toxicology - LA1404,SERVICE,Digital Toxicology,LA14,Total_Pharma_Services,Yes,INF_BATCH,2024-12-03 12:17:29.273,INF_BATCH,2026-01-23 23:16:33.522,INF_R360
LA15,DEPARTMENT - TMU China - LA15,DEPARTMENT,TMU China,LA,Total_Pharma_Services,Yes,INF_BATCH,2024-12-03 12:17:29.273,INF_BATCH,2026-01-23 23:16:33.522,INF_R360
LA1500,SERVICE - Head of TMU China - LA1500,SERVICE,Head of TMU China,LA15,Total_Pharma_Services,Yes,INF_BATCH,2024-12-03 12:17:29.273,INF_BATCH,2026-01-23 23:16:33.522,INF_R360
LA1501,SERVICE - TMU China - LA1501,SERVICE,TMU China,LA15,Total_Pharma_Services,Yes,INF_BATCH,2024-12-03 12:17:29.273,INF_BATCH,2026-01-23 23:16:33.522,INF_R360
LA16,DEPARTMENT - Operations - LA16,DEPARTMENT,Operations,LA,Total_Pharma_Services,Yes,INF_BATCH,2024-12-03 12:17:29.273,INF_BATCH,2026-01-23 23:16:33.522,INF_R360
LA1600,SERVICE - Head of Operations - LA1600,SERVICE,Head of Operations,LA16,Total_Pharma_Services,Yes,INF_BATCH,2024-12-03 12:17:29.273,INF_BATCH,2026-01-23 23:16:33.522,INF_R360
LA1601,SERVICE - Bioanalysis & Biomarker Outsourcing - LA1601,SERVICE,Bioanalysis & Biomarker Outsourcing,LA16,Total_Pharma_Services,Yes,INF_BATCH,2024-12-03 12:17:29.273,INF_BATCH,2026-01-23 23:16:33.522,INF_R360
LA1602,SERVICE - Office & Dossier Management - LA1602,SERVICE,Office & Dossier Management,LA16,Total_Pharma_Services,Yes,INF_BATCH,2024-12-03 12:17:29.273,INF_BATCH,2026-01-23 23:16:33.522,INF_R360
LA17,DEPARTMENT - External Innovation - LA17,DEPARTMENT,External Innovation,LA,Total_Pharma_Services,Yes,INF_BATCH,2024-12-03 12:17:29.273,INF_BATCH,2026-01-23 23:16:33.522,INF_R360
LA1700,SERVICE - Head of External Innovation - LA1700,SERVICE,Head of External Innovation,LA17,Total_Pharma_Services,Yes,INF_BATCH,2024-12-03 12:17:29.273,INF_BATCH,2026-01-23 23:16:33.522,INF_R360
LA1701,SERVICE - External Innovation - LA1701,SERVICE,External Innovation,LA17,Total_Pharma_Services,Yes,INF_BATCH,2024-12-03 12:17:29.273,INF_BATCH,2026-01-23 23:16:33.522,INF_R360
BN1011,SERVICE - Epidemiology - BN1011,SERVICE,Epidemiology,BN10,Total_Pharma_Services,Yes,INF_BATCH,2024-09-26 07:18:54.448,INF_BATCH,2026-01-23 23:16:33.522,INF_R360
BT,UNIT - Transplant D - BT,UNIT,Transplant D,B,Total_Pharma_Services,Yes,INF_BATCH,2024-09-26 07:18:54.448,INF_BATCH,2026-01-23 23:16:33.522,INF_R360
BT10,DEPARTMENT - Transplant D - BT10,DEPARTMENT,Transplant D,BT,Total_Pharma_Services,Yes,INF_BATCH,2024-09-26 07:18:54.448,INF_BATCH,2026-01-23 23:16:33.522,INF_R360
BT1000,SERVICE - Transplant D - BT1000,SERVICE,Transplant D,BT10,Total_Pharma_Services,Yes,INF_BATCH,2024-09-26 07:18:54.448,INF_BATCH,2026-01-23 23:16:33.522,INF_R360
BT11,DEPARTMENT - Clinical Sciences - BT11,DEPARTMENT,Clinical Sciences,BT,Total_Pharma_Services,Yes,INF_BATCH,2024-09-26 07:18:54.448,INF_BATCH,2025-08-20 15:39:41.536,INF_R360
BT1100,SERVICE - Head of Group - BT1100,SERVICE,Head of Group,BT11,Total_Pharma_Services,Yes,INF_BATCH,2024-09-26 07:18:54.448,INF_BATCH,2025-08-20 15:39:41.536,INF_R360
BT1101,SERVICE - TMCP - BT1101,SERVICE,TMCP,BT11,Total_Pharma_Services,Yes,INF_BATCH,2024-09-26 07:18:54.448,INF_BATCH,2025-08-20 15:39:41.536,INF_R360
BT1102,SERVICE - TPM - BT1102,SERVICE,TPM,BT11,Total_Pharma_Services,Yes,INF_BATCH,2024-09-26 07:18:54.448,INF_BATCH,2025-08-20 15:39:41.536,INF_R360
BT1103,SERVICE - PMCB - BT1103,SERVICE,PMCB,BT11,Total_Pharma_Services,Yes,INF_BATCH,2024-09-26 07:18:54.448,INF_BATCH,2025-08-20 15:39:41.536,INF_R360
BT12,DEPARTMENT - Quantitative Pharmacology - BT12,DEPARTMENT,Quantitative Pharmacology,BT,Total_Pharma_Services,Yes,INF_BATCH,2024-09-26 07:18:54.448,INF_BATCH,2025-08-20 15:39:41.536,INF_R360
BT1200,SERVICE - Head of Group - BT1200,SERVICE,Head of Group,BT12,Total_Pharma_Services,Yes,INF_BATCH,2024-09-26 07:18:54.448,INF_BATCH,2025-08-20 15:39:41.536,INF_R360
BT1201,SERVICE - TDM - BT1201,SERVICE,TDM,BT12,Total_Pharma_Services,Yes,INF_BATCH,2024-09-26 07:18:54.448,INF_BATCH,2025-08-20 15:39:41.536,INF_R360
BT1202,SERVICE - Project Reps - BT1202,SERVICE,Project Reps,BT12,Total_Pharma_Services,Yes,INF_BATCH,2024-09-26 07:18:54.448,INF_BATCH,2025-08-20 15:39:41.536,INF_R360
BT1203,SERVICE - PKPD Modeling - BT1203,SERVICE,PKPD Modeling,BT12,Total_Pharma_Services,Yes,INF_BATCH,2024-09-26 07:18:54.448,INF_BATCH,2025-08-20 15:39:41.536,INF_R360
BT13,DEPARTMENT - Lab Sciences - BT13,DEPARTMENT,Lab Sciences,BT,Total_Pharma_Services,Yes,INF_BATCH,2024-09-26 07:18:54.448,INF_BATCH,2025-08-20 15:39:41.536,INF_R360
BT1300,SERVICE - Head of Group - BT1300,SERVICE,Head of Group,BT13,Total_Pharma_Services,Yes,INF_BATCH,2024-09-26 07:18:54.448,INF_BATCH,2025-08-20 15:39:41.536,INF_R360
BT1301,SERVICE - BCB - BT1301,SERVICE,BCB,BT13,Total_Pharma_Services,Yes,INF_BATCH,2024-09-26 07:18:54.448,INF_BATCH,2025-08-20 15:39:41.536,INF_R360
BT1302,SERVICE - DMPK Lab - BT1302,SERVICE,DMPK Lab,BT13,Total_Pharma_Services,Yes,INF_BATCH,2024-09-26 07:18:54.448,INF_BATCH,2025-08-20 15:39:41.536,INF_R360
BT1303,SERVICE - PMCB Lab - BT1303,SERVICE,PMCB Lab,BT13,Total_Pharma_Services,Yes,INF_BATCH,2024-09-26 07:18:54.448,INF_BATCH,2025-08-20 15:39:41.536,INF_R360
BT14,DEPARTMENT - Preclinical Safety - BT14,DEPARTMENT,Preclinical Safety,BT,Total_Pharma_Services,Yes,INF_BATCH,2024-09-26 07:18:54.448,INF_BATCH,2025-08-20 15:39:41.536,INF_R360
BT1400,SERVICE - Head of Group - BT1400,SERVICE,Head of Group,BT14,Total_Pharma_Services,Yes,INF_BATCH,2024-09-26 07:18:54.448,INF_BATCH,2025-08-20 15:39:41.536,INF_R360
BT1401,SERVICE - Toxicology - BT1401,SERVICE,Toxicology,BT14,Total_Pharma_Services,Yes,INF_BATCH,2024-09-26 07:18:54.448,INF_BATCH,2025-08-20 15:39:41.536,INF_R360
BT1402,SERVICE - PCS Projects - BT1402,SERVICE,PCS Projects,BT14,Total_Pharma_Services,Yes,INF_BATCH,2024-09-26 07:18:54.448,INF_BATCH,2025-08-20 15:39:41.536,INF_R360
BT1403,SERVICE - Investigative Toxicology - BT1403,SERVICE,Investigative Toxicology,BT14,Total_Pharma_Services,Yes,INF_BATCH,2024-09-26 07:18:54.448,INF_BATCH,2025-08-20 15:39:41.536,INF_R360
BT1404,SERVICE - Genetic & In Silico Toxicology - BT1404,SERVICE,Genetic & In Silico Toxicology,BT14,Total_Pharma_Services,Yes,INF_BATCH,2024-09-26 07:18:54.448,INF_BATCH,2025-08-20 15:39:41.536,INF_R360
BT15,DEPARTMENT - China - BT15,DEPARTMENT,China,BT,Total_Pharma_Services,Yes,INF_BATCH,2024-09-26 07:18:54.448,INF_BATCH,2025-08-20 15:39:41.536,INF_R360
BT1500,SERVICE - Head of Group - BT1500,SERVICE,Head of Group,BT15,Total_Pharma_Services,Yes,INF_BATCH,2024-09-26 07:18:54.448,INF_BATCH,2025-08-20 15:39:41.536,INF_R360
BT1501,SERVICE - Operations - BT1501,SERVICE,Operations,BT15,Total_Pharma_Services,Yes,INF_BATCH,2024-09-26 07:18:54.448,INF_BATCH,2025-08-20 15:39:41.536,INF_R360
BT16,DEPARTMENT - Internal Planning & Project Operations - BT16,DEPARTMENT,Internal Planning & Project Operations,BT,Total_Pharma_Services,Yes,INF_BATCH,2024-09-26 07:18:54.448,INF_BATCH,2025-08-20 15:39:41.536,INF_R360
BT1600,SERVICE - Head of Group - BT1600,SERVICE,Head of Group,BT16,Total_Pharma_Services,Yes,INF_BATCH,2024-09-26 07:18:54.448,INF_BATCH,2025-08-20 15:39:41.536,INF_R360
BT1601,SERVICE - Project Operations - BT1601,SERVICE,Project Operations,BT16,Total_Pharma_Services,Yes,INF_BATCH,2024-09-26 07:18:54.448,INF_BATCH,2025-08-20 15:39:41.536,INF_R360
BT1602,SERVICE - Internal Planning - BT1602,SERVICE,Internal Planning,BT16,Total_Pharma_Services,Yes,INF_BATCH,2024-09-26 07:18:54.448,INF_BATCH,2025-08-20 15:39:41.536,INF_R360
BT17,DEPARTMENT - External Ecosystems - BT17,DEPARTMENT,External Ecosystems,BT,Total_Pharma_Services,Yes,INF_BATCH,2024-09-26 07:18:54.448,INF_BATCH,2025-08-20 15:39:41.536,INF_R360
BT1700,SERVICE - Head of Group - BT1700,SERVICE,Head of Group,BT17,Total_Pharma_Services,Yes,INF_BATCH,2024-09-26 07:18:54.448,INF_BATCH,2025-08-20 15:39:41.536,INF_R360
BT1701,SERVICE - External Ecosystems - BT1701,SERVICE,External Ecosystems,BT17,Total_Pharma_Services,Yes,INF_BATCH,2024-09-26 07:18:54.448,INF_BATCH,2025-08-20 15:39:41.536,INF_R360
DB1002,SERVICE - Diversity & Inclusion in Clinical Trials (DICT) - DB1002,SERVICE,Diversity & Inclusion in Clinical Trials (DICT),DB10,Total_Pharma_Services,Yes,INF_BATCH,2024-09-26 07:18:54.448,INF_BATCH,2026-01-23 23:16:33.522,INF_R360
EL,UNIT - Global Ops Head Office - EL,UNIT,Global Ops Head Office,E,Total_Pharma_Services,Yes,INF_BATCH,2024-09-26 07:18:54.448,INF_BATCH,2026-01-23 23:16:33.522,INF_R360
EL10,DEPARTMENT - Global Ops Head Office - EL10,DEPARTMENT,Global Ops Head Office,EL,Total_Pharma_Services,Yes,INF_BATCH,2024-09-26 07:18:54.448,INF_BATCH,2026-01-23 23:16:33.522,INF_R360
EL1000,SERVICE - Global Ops Head Office - EL1000,SERVICE,Global Ops Head Office,EL10,Total_Pharma_Services,Yes,INF_BATCH,2024-09-26 07:18:54.448,INF_BATCH,2026-01-23 23:16:33.522,INF_R360
EL11,DEPARTMENT - R&D Workforce Engagement - EL11,DEPARTMENT,R&D Workforce Engagement,EL,Total_Pharma_Services,Yes,INF_BATCH,2024-09-26 07:18:54.448,INF_BATCH,2025-08-20 15:39:41.536,INF_R360
EL1100,SERVICE - R&D Workforce Engagement - EL1100,SERVICE,R&D Workforce Engagement,EL11,Total_Pharma_Services,Yes,INF_BATCH,2024-09-26 07:18:54.448,INF_BATCH,2025-08-20 15:39:41.536,INF_R360
EL12,DEPARTMENT - R&D Compliance & Risk Management - EL12,DEPARTMENT,R&D Compliance & Risk Management,EL,Total_Pharma_Services,Yes,INF_BATCH,2024-09-26 07:18:54.448,INF_BATCH,2025-08-20 15:39:41.536,INF_R360
EL1200,SERVICE - R&D Compliance & Risk Management - EL1200,SERVICE,R&D Compliance & Risk Management,EL12,Total_Pharma_Services,Yes,INF_BATCH,2024-09-26 07:18:54.448,INF_BATCH,2025-08-20 15:39:41.536,INF_R360
EL13,DEPARTMENT - R&D Transversal Project Management - EL13,DEPARTMENT,R&D Transversal Project Management,EL,Total_Pharma_Services,Yes,INF_BATCH,2024-09-26 07:18:54.448,INF_BATCH,2025-08-20 15:39:41.536,INF_R360
EL1300,SERVICE - R&D Transversal Project Management - EL1300,SERVICE,R&D Transversal Project Management,EL13,Total_Pharma_Services,Yes,INF_BATCH,2024-09-26 07:18:54.448,INF_BATCH,2025-08-20 15:39:41.536,INF_R360
EM,UNIT - R&D Process Excellence - EM,UNIT,R&D Process Excellence,E,Total_Pharma_Services,Yes,INF_BATCH,2024-09-26 07:18:54.448,INF_BATCH,2026-01-23 23:16:33.522,INF_R360
EM10,DEPARTMENT - R&D Process Excellence - EM10,DEPARTMENT,R&D Process Excellence,EM,Total_Pharma_Services,Yes,INF_BATCH,2024-09-26 07:18:54.448,INF_BATCH,2026-01-23 23:16:33.522,INF_R360
EM1000,SERVICE - R&D Process Excellence - EM1000,SERVICE,R&D Process Excellence,EM10,Total_Pharma_Services,Yes,INF_BATCH,2024-09-26 07:18:54.448,INF_BATCH,2026-01-23 23:16:33.522,INF_R360
EN,UNIT - R&D Data Office - EN,UNIT,R&D Data Office,E,Total_Pharma_Services,Yes,INF_BATCH,2024-09-26 07:18:54.448,INF_BATCH,2025-08-20 15:39:41.536,INF_R360
EN10,DEPARTMENT - R&D Data Office - EN10,DEPARTMENT,R&D Data Office,EN,Total_Pharma_Services,Yes,INF_BATCH,2024-09-26 07:18:54.448,INF_BATCH,2025-08-20 15:39:41.536,INF_R360
EN1000,SERVICE - R&D Data Office - EN1000,SERVICE,R&D Data Office,EN10,Total_Pharma_Services,Yes,INF_BATCH,2024-09-26 07:18:54.448,INF_BATCH,2025-08-20 15:39:41.536,INF_R360
EO,UNIT - R&D Services - EO,UNIT,R&D Services,E,Total_Pharma_Services,Yes,INF_BATCH,2024-09-26 07:18:54.448,INF_BATCH,2026-01-23 23:16:33.522,INF_R360
EO10,DEPARTMENT - R&D Services - EO10,DEPARTMENT,R&D Services,EO,Total_Pharma_Services,Yes,INF_BATCH,2024-09-26 07:18:54.448,INF_BATCH,2026-01-23 23:16:33.522,INF_R360
EO1000,SERVICE - R&D Services - EO1000,SERVICE,R&D Services,EO10,Total_Pharma_Services,Yes,INF_BATCH,2024-09-26 07:18:54.448,INF_BATCH,2026-01-23 23:16:33.522,INF_R360
EP,UNIT - Scientific Ecosystem Engagement - EP,UNIT,Scientific Ecosystem Engagement,E,Total_Pharma_Services,Yes,INF_BATCH,2024-09-26 07:18:54.448,INF_BATCH,2026-01-23 23:16:33.522,INF_R360
EP10,DEPARTMENT - OPCM - EP10,DEPARTMENT,OPCM,EP,Total_Pharma_Services,Yes,INF_BATCH,2024-09-26 07:18:54.448,INF_BATCH,2026-01-23 23:16:33.522,INF_R360
EP1000,SERVICE - OPCM Global - EP1000,SERVICE,OPCM Global,EP10,Total_Pharma_Services,Yes,INF_BATCH,2024-09-26 07:18:54.448,INF_BATCH,2026-01-23 23:16:33.522,INF_R360
BP15,"DEPARTMENT - Planning, Resource Mngt Hub - BP15",DEPARTMENT,"Planning, Resource Mngt Hub",BP,Total_Pharma_Services,Yes,INF_BATCH,2024-07-18 15:17:28.719,INF_BATCH,2026-01-23 23:16:33.522,INF_R360
BP1500,"SERVICE - Planning, Resource Mngt Hub - BP1500",SERVICE,"Planning, Resource Mngt Hub",BP15,Total_Pharma_Services,Yes,INF_BATCH,2024-07-18 15:17:28.719,INF_BATCH,2026-01-23 23:16:33.522,INF_R360
DB1201,SERVICE - Clinical Project Operational Excellence and Innovation - DB1201,SERVICE,Clinical Project Operational Excellence and Innovation,DB12,Total_Pharma_Services,Yes,INF_BATCH,2024-07-18 15:17:28.719,INF_BATCH,2026-01-23 23:16:33.522,INF_R360
DB1503,SERVICE - Programming - DB1503,SERVICE,Programming,DB15,Total_Pharma_Services,Yes,INF_BATCH,2024-07-18 15:17:28.719,INF_BATCH,2026-01-23 23:16:33.522,INF_R360
EE12,DEPARTMENT - Transversal Capabilities Hub - EE12,DEPARTMENT,Transversal Capabilities Hub,EE,Total_Pharma_Services,Yes,INF_BATCH,2024-07-18 15:17:28.719,INF_BATCH,2026-01-23 23:16:33.522,INF_R360
EE1200,ZZZ_SERVICE - Transversal Capabilities Hub - EE1200(Do Not Use),SERVICE,Transversal Capabilities Hub,EE12,Total_Pharma_Services,No,INF_BATCH,2024-07-18 15:17:28.719,INF_BATCH,2026-01-23 23:16:33.522,INF_R360
A,PILLAR - R&D Portfolio Strategy & Office - A,PILLAR,R&D Portfolio Strategy & Office,TOTAL_PHARMA_SERVICES,Total_Pharma_Services,Yes,INF_BATCH,2024-07-05 08:48:47.548,INF_BATCH,2026-01-23 23:16:33.522,INF_R360
A1110,ZZZ_DEPARTMENT - R&D General Management - A1110(Do Not Use),DEPARTMENT,R&D General Management,U11,Zzz-Archives,No,INF_BATCH,2024-07-05 08:48:47.548,INF_BATCH,2026-01-23 23:16:33.522,INF_R360
A1210,ZZZ_DEPARTMENT - R&D Management Office - A1210(Do Not Use),DEPARTMENT,R&D Management Office,U12,Zzz-Archives,No,INF_BATCH,2024-07-05 08:48:47.548,INF_BATCH,2026-01-23 23:16:33.522,INF_R360
A1220,ZZZ_DEPARTMENT - R&D Finance - A1220(Do Not Use),DEPARTMENT,R&D Finance,U12,Zzz-Archives,No,INF_BATCH,2024-07-05 08:48:47.548,INF_BATCH,2026-01-23 23:16:33.522,INF_R360
A1230,ZZZ_DEPARTMENT - Program Management & Planning - A1230(Do Not Use),DEPARTMENT,Program Management & Planning,U12,Zzz-Archives,No,INF_BATCH,2024-07-05 08:48:47.548,INF_BATCH,2026-01-23 23:16:33.522,INF_R360
A1240,ZZZ_DEPARTMENT - Compliance Office - A1240(Do Not Use),DEPARTMENT,Compliance Office,U12,Zzz-Archives,No,INF_BATCH,2024-07-05 08:48:47.548,INF_BATCH,2026-01-23 23:16:33.522,INF_R360
A1250,ZZZ_DEPARTMENT - Purchasing R&D - A1250(Do Not Use),DEPARTMENT,Purchasing R&D,U12,Zzz-Archives,No,INF_BATCH,2024-07-05 08:48:47.548,INF_BATCH,2026-01-23 23:16:33.522,INF_R360
A1260,ZZZ_DEPARTMENT - HUBS - A1260(Do Not Use),DEPARTMENT,HUBS,U12,Zzz-Archives,No,INF_BATCH,2024-07-05 08:48:47.548,INF_BATCH,2026-01-23 23:16:33.522,INF_R360
A1270,ZZZ_DEPARTMENT - R&D Lean & Operational Excellence - A1270(Do Not Use),DEPARTMENT,R&D Lean & Operational Excellence,U12,Zzz-Archives,No,INF_BATCH,2024-07-05 08:48:47.548,INF_BATCH,2026-01-23 23:16:33.522,INF_R360
A1310,"ZZZ_DEPARTMENT - Finance, IS & Purchasing Direction - A1310(Do Not Use)",DEPARTMENT,"Finance, IS & Purchasing Direction",U13,Zzz-Archives,No,INF_BATCH,2024-07-05 08:48:47.548,INF_BATCH,2026-01-23 23:16:33.522,INF_R360
A1320,ZZZ_DEPARTMENT - Finance & Controlling R&D - A1320(Do Not Use),DEPARTMENT,Finance & Controlling R&D,U13,Zzz-Archives,No,INF_BATCH,2024-07-05 08:48:47.548,INF_BATCH,2026-01-23 23:16:33.522,INF_R360
A1330,ZZZ_DEPARTMENT - Information Solutions - A1330(Do Not Use),DEPARTMENT,Information Solutions,U13,Zzz-Archives,No,INF_BATCH,2024-07-05 08:48:47.548,INF_BATCH,2026-01-23 23:16:33.522,INF_R360
A1340,ZZZ_DEPARTMENT - Purchasing R&D - A1340(Do Not Use),DEPARTMENT,Purchasing R&D,U13,Zzz-Archives,No,INF_BATCH,2024-07-05 08:48:47.548,INF_BATCH,2026-01-23 23:16:33.522,INF_R360
A1410,ZZZ_DEPARTMENT - Direction Ressources Humaines - A1410(Do Not Use),DEPARTMENT,Direction Ressources Humaines,U14,Zzz-Archives,No,INF_BATCH,2024-07-05 08:48:47.548,INF_BATCH,2026-01-23 23:16:33.522,INF_R360
A1420,ZZZ_DEPARTMENT - People Development - A1420(Do Not Use),DEPARTMENT,People Development,U14,Zzz-Archives,No,INF_BATCH,2024-07-05 08:48:47.548,INF_BATCH,2026-01-23 23:16:33.522,INF_R360
A1430,ZZZ_DEPARTMENT - Site Direction - A1430(Do Not Use),DEPARTMENT,Site Direction,U14,Zzz-Archives,No,INF_BATCH,2024-07-05 08:48:47.548,INF_BATCH,2026-01-23 23:16:33.522,INF_R360
A1440,ZZZ_DEPARTMENT - Compensation & HRIS - A1440(Do Not Use),DEPARTMENT,Compensation & HRIS,U14,Zzz-Archives,No,INF_BATCH,2024-07-05 08:48:47.548,INF_BATCH,2026-01-23 23:16:33.522,INF_R360
A1450,ZZZ_DEPARTMENT - Global HRBP - A1450(Do Not Use),DEPARTMENT,Global HRBP,U14,Zzz-Archives,No,INF_BATCH,2024-07-05 08:48:47.548,INF_BATCH,2026-01-23 23:16:33.522,INF_R360
A1460,ZZZ_DEPARTMENT - Local HR - A1460(Do Not Use),DEPARTMENT,Local HR,U14,Zzz-Archives,No,INF_BATCH,2024-07-05 08:48:47.548,INF_BATCH,2026-01-23 23:16:33.522,INF_R360
A1510,ZZZ_DEPARTMENT - S&I - A1510(Do Not Use),DEPARTMENT,S&I,U15,Zzz-Archives,No,INF_BATCH,2024-07-05 08:48:47.548,INF_BATCH,2026-01-23 23:16:33.522,INF_R360
A1610,ZZZ_DEPARTMENT - Site Direction - A1610(Do Not Use),DEPARTMENT,Site Direction,U16,Zzz-Archives,No,INF_BATCH,2024-07-05 08:48:47.548,INF_BATCH,2026-01-23 23:16:33.522,INF_R360
A1620,ZZZ_DEPARTMENT - Facility Management - A1620(Do Not Use),DEPARTMENT,Facility Management,U16,Zzz-Archives,No,INF_BATCH,2024-07-05 08:48:47.548,INF_BATCH,2026-01-23 23:16:33.522,INF_R360
A1630,ZZZ_DEPARTMENT - Local HR - A1630(Do Not Use),DEPARTMENT,Local HR,U16,Zzz-Archives,No,INF_BATCH,2024-07-05 08:48:47.548,INF_BATCH,2026-01-23 23:16:33.522,INF_R360
A1710,ZZZ_DEPARTMENT - Support Platform Toulouse - A1710(Do Not Use),DEPARTMENT,Support Platform Toulouse,U17,Zzz-Archives,No,INF_BATCH,2024-07-05 08:48:47.548,INF_BATCH,2026-01-23 23:16:33.522,INF_R360
A1810,ZZZ_DEPARTMENT - R&D Global Communication - A1810(Do Not Use),DEPARTMENT,R&D Global Communication,U18,Zzz-Archives,No,INF_BATCH,2024-07-05 08:48:47.548,INF_BATCH,2026-01-23 23:16:33.522,INF_R360
A2110,ZZZ_DEPARTMENT - Exploratory Unit - A2110(Do Not Use),DEPARTMENT,Exploratory Unit,U21,Zzz-Archives,No,INF_BATCH,2024-07-05 08:48:47.548,INF_BATCH,2026-01-23 23:16:33.522,INF_R360
A2210,ZZZ_DEPARTMENT - Sunrise - A2210(Do Not Use),DEPARTMENT,Sunrise,U22,Zzz-Archives,No,INF_BATCH,2024-07-05 08:48:47.548,INF_BATCH,2026-01-23 23:16:33.522,INF_R360
A2310,ZZZ_DEPARTMENT - Translational Sciences Unit - A2310(Do Not Use),DEPARTMENT,Translational Sciences Unit,U23,Zzz-Archives,No,INF_BATCH,2024-07-05 08:48:47.548,INF_BATCH,2026-01-23 23:16:33.522,INF_R360
A2410,ZZZ_DEPARTMENT - Open Innovation Access Platform - A2410(Do Not Use),DEPARTMENT,Open Innovation Access Platform,U24,Zzz-Archives,No,INF_BATCH,2024-07-05 08:48:47.548,INF_BATCH,2026-01-23 23:16:33.522,INF_R360
A2420,ZZZ_DEPARTMENT - FGATC - A2420(Do Not Use),DEPARTMENT,FGATC,U24,Zzz-Archives,No,INF_BATCH,2024-07-05 08:48:47.548,INF_BATCH,2026-01-23 23:16:33.522,INF_R360
A3110,ZZZ_DEPARTMENT - Oncology R&D Direction - A3110(Do Not Use),DEPARTMENT,Oncology R&D Direction,U31,Zzz-Archives,No,INF_BATCH,2024-07-05 08:48:47.548,INF_BATCH,2026-01-23 23:16:33.522,INF_R360
A3113,ZZZ_DEPARTMENT - Transplant - A3113(Do Not Use),DEPARTMENT,Transplant,U31,Zzz-Archives,No,INF_BATCH,2024-07-05 08:48:47.548,INF_BATCH,2026-01-23 23:16:33.522,INF_R360
A3114,ZZZ_DEPARTMENT - Strategy & Portfolio Management - A3114(Do Not Use),DEPARTMENT,Strategy & Portfolio Management,U31,Zzz-Archives,No,INF_BATCH,2024-07-05 08:48:47.548,INF_BATCH,2026-01-23 23:16:33.522,INF_R360
A3120,ZZZ_DEPARTMENT - Drug Discovery & Preclinical Development - A3120(Do Not Use),DEPARTMENT,Drug Discovery & Preclinical Development,U31,Zzz-Archives,No,INF_BATCH,2024-07-05 08:48:47.548,INF_BATCH,2026-01-23 23:16:33.522,INF_R360
A3121,ZZZ_DEPARTMENT - Translational Medicine - A3121(Do Not Use),DEPARTMENT,Translational Medicine,U31,Zzz-Archives,No,INF_BATCH,2024-07-05 08:48:47.548,INF_BATCH,2026-01-23 23:16:33.522,INF_R360
A3130,ZZZ_DEPARTMENT - Development - A3130(Do Not Use),DEPARTMENT,Development,U31,Zzz-Archives,No,INF_BATCH,2024-07-05 08:48:47.548,INF_BATCH,2026-01-23 23:16:33.522,INF_R360
A3210,ZZZ_DEPARTMENT - Diabetes Development - A3210(Do Not Use),DEPARTMENT,Diabetes Development,U32,Zzz-Archives,No,INF_BATCH,2024-07-05 08:48:47.548,INF_BATCH,2026-01-23 23:16:33.522,INF_R360
A3220,ZZZ_DEPARTMENT - Diabetes Research & Translational Medici - A3220(Do Not Use),DEPARTMENT,Diabetes Research & Translational Medici,U32,Zzz-Archives,No,INF_BATCH,2024-07-05 08:48:47.548,INF_BATCH,2026-01-23 23:16:33.522,INF_R360
A3230,ZZZ_DEPARTMENT - Diabetes Research & Translational Medici - A3230(Do Not Use),DEPARTMENT,Diabetes Research & Translational Medici,U32,Zzz-Archives,No,INF_BATCH,2024-07-05 08:48:47.548,INF_BATCH,2026-01-23 23:16:33.522,INF_R360
A3240,ZZZ_DEPARTMENT - Diabetes Research & Translational Medici - A3240(Do Not Use),DEPARTMENT,Diabetes Research & Translational Medici,U32,Zzz-Archives,No,INF_BATCH,2024-07-05 08:48:47.548,INF_BATCH,2026-01-23 23:16:33.522,INF_R360
A3250,ZZZ_DEPARTMENT - Diabetes Development - A3250(Do Not Use),DEPARTMENT,Diabetes Development,U32,Zzz-Archives,No,INF_BATCH,2024-07-05 08:48:47.548,INF_BATCH,2026-01-23 23:16:33.522,INF_R360
A3310,ZZZ_DEPARTMENT - Ophtalmology R&D - A3310(Do Not Use),DEPARTMENT,Ophtalmology R&D,U33,Zzz-Archives,No,INF_BATCH,2024-07-05 08:48:47.548,INF_BATCH,2026-01-23 23:16:33.522,INF_R360
A3410,ZZZ_DEPARTMENT - Genzyme Clinical Development - A3410(Do Not Use),DEPARTMENT,Genzyme Clinical Development,U34,Zzz-Archives,No,INF_BATCH,2024-07-05 08:48:47.548,INF_BATCH,2026-01-23 23:16:33.522,INF_R360
A3510,ZZZ_DEPARTMENT - PCSK-9 Development - A3510(Do Not Use),DEPARTMENT,PCSK-9 Development,U35,Zzz-Archives,No,INF_BATCH,2024-07-05 08:48:47.548,INF_BATCH,2026-01-23 23:16:33.522,INF_R360
A4010,ZZZ_DEPARTMENT - Franchise Devpt I&I Direction - A4010(Do Not Use),DEPARTMENT,Franchise Devpt I&I Direction,U40,Zzz-Archives,No,INF_BATCH,2024-07-05 08:48:47.548,INF_BATCH,2026-01-23 23:16:33.522,INF_R360
A4110,ZZZ_DEPARTMENT - TSU Immuno-inflammation - A4110(Do Not Use),DEPARTMENT,TSU Immuno-inflammation,U41,Zzz-Archives,No,INF_BATCH,2024-07-05 08:48:47.548,INF_BATCH,2026-01-23 23:16:33.522,INF_R360
A4210,ZZZ_DEPARTMENT - TSU Infectious Diseases - A4210(Do Not Use),DEPARTMENT,TSU Infectious Diseases,U42,Zzz-Archives,No,INF_BATCH,2024-07-05 08:48:47.548,INF_BATCH,2026-01-23 23:16:33.522,INF_R360
A4310,ZZZ_DEPARTMENT - TSU Fibrosis - A4310(Do Not Use),DEPARTMENT,TSU Fibrosis,U43,Zzz-Archives,No,INF_BATCH,2024-07-05 08:48:47.548,INF_BATCH,2026-01-23 23:16:33.522,INF_R360
A4410,ZZZ_DEPARTMENT - Neurodegeneration and Pain - A4410(Do Not Use),DEPARTMENT,Neurodegeneration and Pain,U44,Zzz-Archives,No,INF_BATCH,2024-07-05 08:48:47.548,INF_BATCH,2026-01-23 23:16:33.522,INF_R360
A4510,ZZZ_DEPARTMENT - TSU Asia-Pacific - A4510(Do Not Use),DEPARTMENT,TSU Asia-Pacific,U45,Zzz-Archives,No,INF_BATCH,2024-07-05 08:48:47.548,INF_BATCH,2026-01-23 23:16:33.522,INF_R360
A4610,ZZZ_DEPARTMENT - Bio Innovation - A4610(Do Not Use),DEPARTMENT,Bio Innovation,U46,Zzz-Archives,No,INF_BATCH,2024-07-05 08:48:47.548,INF_BATCH,2026-01-23 23:16:33.522,INF_R360
A4620,ZZZ_DEPARTMENT - New BT Formats FFM - A4620(Do Not Use),DEPARTMENT,New BT Formats FFM,U46,Zzz-Archives,No,INF_BATCH,2024-07-05 08:48:47.548,INF_BATCH,2026-01-23 23:16:33.522,INF_R360
A4630,ZZZ_DEPARTMENT - Bio-Modulation - A4630(Do Not Use),DEPARTMENT,Bio-Modulation,U46,Zzz-Archives,No,INF_BATCH,2024-07-05 08:48:47.548,INF_BATCH,2026-01-23 23:16:33.522,INF_R360
A4640,ZZZ_DEPARTMENT - Nucleic Acid Therapeutics - A4640(Do Not Use),DEPARTMENT,Nucleic Acid Therapeutics,U46,Zzz-Archives,No,INF_BATCH,2024-07-05 08:48:47.548,INF_BATCH,2026-01-23 23:16:33.522,INF_R360
A4650,ZZZ_DEPARTMENT - External Science - A4650(Do Not Use),DEPARTMENT,External Science,U46,Zzz-Archives,No,INF_BATCH,2024-07-05 08:48:47.548,INF_BATCH,2026-01-23 23:16:33.522,INF_R360
A4660,ZZZ_DEPARTMENT - Synthetic & Immune biology - A4660(Do Not Use),DEPARTMENT,Synthetic & Immune biology,U46,Zzz-Archives,No,INF_BATCH,2024-07-05 08:48:47.548,INF_BATCH,2026-01-23 23:16:33.522,INF_R360
A4670,ZZZ_DEPARTMENT - Chronic Inflammatory Disease - A4670(Do Not Use),DEPARTMENT,Chronic Inflammatory Disease,U46,Zzz-Archives,No,INF_BATCH,2024-07-05 08:48:47.548,INF_BATCH,2026-01-23 23:16:33.522,INF_R360
A4680,ZZZ_DEPARTMENT - ABT - A4680(Do Not Use),DEPARTMENT,ABT,U46,Zzz-Archives,No,INF_BATCH,2024-07-05 08:48:47.548,INF_BATCH,2026-01-23 23:16:33.522,INF_R360
A4710,ZZZ_DEPARTMENT - Regeneron - A4710(Do Not Use),DEPARTMENT,Regeneron,U47,Zzz-Archives,No,INF_BATCH,2024-07-05 08:48:47.548,INF_BATCH,2026-01-23 23:16:33.522,INF_R360
A4810,ZZZ_DEPARTMENT - Genzyme R&D Center - A4810(Do Not Use),DEPARTMENT,Genzyme R&D Center,U48,Zzz-Archives,No,INF_BATCH,2024-07-05 08:48:47.548,INF_BATCH,2026-01-23 23:16:33.522,INF_R360
A4812,ZZZ_DEPARTMENT - Projects Management 1 - A4812(Do Not Use),DEPARTMENT,Projects Management 1,U48,Zzz-Archives,No,INF_BATCH,2024-07-05 08:48:47.548,INF_BATCH,2026-01-23 23:16:33.522,INF_R360
A4813,ZZZ_DEPARTMENT - Projects Management 2 - A4813(Do Not Use),DEPARTMENT,Projects Management 2,U48,Zzz-Archives,No,INF_BATCH,2024-07-05 08:48:47.548,INF_BATCH,2026-01-23 23:16:33.522,INF_R360
A4820,ZZZ_DEPARTMENT - Genzyme Biologics - A4820(Do Not Use),DEPARTMENT,Genzyme Biologics,U48,Zzz-Archives,No,INF_BATCH,2024-07-05 08:48:47.548,INF_BATCH,2026-01-23 23:16:33.522,INF_R360
A4830,ZZZ_DEPARTMENT - Rare Disease Research - A4830(Do Not Use),DEPARTMENT,Rare Disease Research,U48,Zzz-Archives,No,INF_BATCH,2024-07-05 08:48:47.548,INF_BATCH,2026-01-23 23:16:33.522,INF_R360
A4831,ZZZ_DEPARTMENT - Genetics/Genomics - A4831(Do Not Use),DEPARTMENT,Genetics/Genomics,U48,Zzz-Archives,No,INF_BATCH,2024-07-05 08:48:47.548,INF_BATCH,2026-01-23 23:16:33.522,INF_R360
A4832,ZZZ_DEPARTMENT - TPR Research - A4832(Do Not Use),DEPARTMENT,TPR Research,U48,Zzz-Archives,No,INF_BATCH,2024-07-05 08:48:47.548,INF_BATCH,2026-01-23 23:16:33.522,INF_R360
A4833,ZZZ_DEPARTMENT - Biomaterials - A4833(Do Not Use),DEPARTMENT,Biomaterials,U48,Zzz-Archives,No,INF_BATCH,2024-07-05 08:48:47.548,INF_BATCH,2026-01-23 23:16:33.522,INF_R360
A4834,ZZZ_DEPARTMENT - MS IMD Research - A4834(Do Not Use),DEPARTMENT,MS IMD Research,U48,Zzz-Archives,No,INF_BATCH,2024-07-05 08:48:47.548,INF_BATCH,2026-01-23 23:16:33.522,INF_R360
A4835,ZZZ_DEPARTMENT - Gene Therapy - A4835(Do Not Use),DEPARTMENT,Gene Therapy,U48,Zzz-Archives,No,INF_BATCH,2024-07-05 08:48:47.548,INF_BATCH,2026-01-23 23:16:33.522,INF_R360
A4836,ZZZ_DEPARTMENT - AFID - A4836(Do Not Use),DEPARTMENT,AFID,U48,Zzz-Archives,No,INF_BATCH,2024-07-05 08:48:47.548,INF_BATCH,2026-01-23 23:16:33.522,INF_R360
A4840,ZZZ_DEPARTMENT - TPR Development - A4840(Do Not Use),DEPARTMENT,TPR Development,U48,Zzz-Archives,No,INF_BATCH,2024-07-05 08:48:47.548,INF_BATCH,2026-01-23 23:16:33.522,INF_R360
A4850,ZZZ_DEPARTMENT - Translational Medicine - A4850(Do Not Use),DEPARTMENT,Translational Medicine,U48,Zzz-Archives,No,INF_BATCH,2024-07-05 08:48:47.548,INF_BATCH,2026-01-23 23:16:33.522,INF_R360
A4860,ZZZ_DEPARTMENT - Late Stage Development - A4860(Do Not Use),DEPARTMENT,Late Stage Development,U48,Zzz-Archives,No,INF_BATCH,2024-07-05 08:48:47.548,INF_BATCH,2026-01-23 23:16:33.522,INF_R360
A4910,ZZZ_DEPARTMENT - TSU Cardiovascular & Fibrosis - A4910(Do Not Use),DEPARTMENT,TSU Cardiovascular & Fibrosis,U49,Zzz-Archives,No,INF_BATCH,2024-07-05 08:48:47.548,INF_BATCH,2026-01-23 23:16:33.522,INF_R360
A5110,ZZZ_DEPARTMENT - DPP - A5110(Do Not Use),DEPARTMENT,DPP,U51,Zzz-Archives,No,INF_BATCH,2024-07-05 08:48:47.548,INF_BATCH,2026-01-23 23:16:33.522,INF_R360
A5210,ZZZ_DEPARTMENT - DPP early to candidate - A5210(Do Not Use),DEPARTMENT,DPP early to candidate,U52,Zzz-Archives,No,INF_BATCH,2024-07-05 08:48:47.548,INF_BATCH,2026-01-23 23:16:33.522,INF_R360
A5310,ZZZ_DEPARTMENT - Expert Platform Toulouse - A5310(Do Not Use),DEPARTMENT,Expert Platform Toulouse,U53,Zzz-Archives,No,INF_BATCH,2024-07-05 08:48:47.548,INF_BATCH,2026-01-23 23:16:33.522,INF_R360
A6110,ZZZ_DEPARTMENT - DSAR Direction - A6110(Do Not Use),DEPARTMENT,DSAR Direction,U61,Zzz-Archives,No,INF_BATCH,2024-07-05 08:48:47.548,INF_BATCH,2026-01-23 23:16:33.522,INF_R360
A6120,"ZZZ_DEPARTMENT - Projects, Standards & Innovation - A6120(Do Not Use)",DEPARTMENT,"Projects, Standards & Innovation",U61,Zzz-Archives,No,INF_BATCH,2024-07-05 08:48:47.548,INF_BATCH,2026-01-23 23:16:33.522,INF_R360
A6130,ZZZ_DEPARTMENT - Operational Centre - A6130(Do Not Use),DEPARTMENT,Operational Centre,U61,Zzz-Archives,No,INF_BATCH,2024-07-05 08:48:47.548,INF_BATCH,2026-01-23 23:16:33.522,INF_R360
A6210,ZZZ_DEPARTMENT - LGCR Direction - A6210(Do Not Use),DEPARTMENT,LGCR Direction,U62,Zzz-Archives,No,INF_BATCH,2024-07-05 08:48:47.548,INF_BATCH,2026-01-23 23:16:33.522,INF_R360
A6220,ZZZ_DEPARTMENT - SACTC - A6220(Do Not Use),DEPARTMENT,SACTC,U62,Zzz-Archives,No,INF_BATCH,2024-07-05 08:48:47.548,INF_BATCH,2026-01-23 23:16:33.522,INF_R360
A6230,ZZZ_DEPARTMENT - Lead Identification Technologies - A6230(Do Not Use),DEPARTMENT,Lead Identification Technologies,U62,Zzz-Archives,No,INF_BATCH,2024-07-05 08:48:47.548,INF_BATCH,2026-01-23 23:16:33.522,INF_R360
A6240,ZZZ_DEPARTMENT - Chemistry - A6240(Do Not Use),DEPARTMENT,Chemistry,U62,Zzz-Archives,No,INF_BATCH,2024-07-05 08:48:47.548,INF_BATCH,2026-01-23 23:16:33.522,INF_R360
A6241,ZZZ_DEPARTMENT - SMRPD - A6241(Do Not Use),DEPARTMENT,SMRPD,U62,Zzz-Archives,No,INF_BATCH,2024-07-05 08:48:47.548,INF_BATCH,2026-01-23 23:16:33.522,INF_R360
A6250,ZZZ_DEPARTMENT - Structure Design & Informatics - A6250(Do Not Use),DEPARTMENT,Structure Design & Informatics,U62,Zzz-Archives,No,INF_BATCH,2024-07-05 08:48:47.548,INF_BATCH,2026-01-23 23:16:33.522,INF_R360
A6260,ZZZ_DEPARTMENT - Analytical Sciences - A6260(Do Not Use),DEPARTMENT,Analytical Sciences,U62,Zzz-Archives,No,INF_BATCH,2024-07-05 08:48:47.548,INF_BATCH,2026-01-23 23:16:33.522,INF_R360
A6270,ZZZ_DEPARTMENT - Chemical Development - A6270(Do Not Use),DEPARTMENT,Chemical Development,U62,Zzz-Archives,No,INF_BATCH,2024-07-05 08:48:47.548,INF_BATCH,2026-01-23 23:16:33.522,INF_R360
A6271,ZZZ_DEPARTMENT - CBD Chemistry - A6271(Do Not Use),DEPARTMENT,CBD Chemistry,U62,Zzz-Archives,No,INF_BATCH,2024-07-05 08:48:47.548,INF_BATCH,2026-01-23 23:16:33.522,INF_R360
A6280,ZZZ_DEPARTMENT - Pharmaceutical Sciences - A6280(Do Not Use),DEPARTMENT,Pharmaceutical Sciences,U62,Zzz-Archives,No,INF_BATCH,2024-07-05 08:48:47.548,INF_BATCH,2026-01-23 23:16:33.522,INF_R360
A6281,ZZZ_DEPARTMENT - PSO LGCR - A6281(Do Not Use),DEPARTMENT,PSO LGCR,U62,Zzz-Archives,No,INF_BATCH,2024-07-05 08:48:47.548,INF_BATCH,2026-01-23 23:16:33.522,INF_R360
A6282,ZZZ_DEPARTMENT - Device LGCR - A6282(Do Not Use),DEPARTMENT,Device LGCR,U62,Zzz-Archives,No,INF_BATCH,2024-07-05 08:48:47.548,INF_BATCH,2026-01-23 23:16:33.522,INF_R360
A6290,ZZZ_DEPARTMENT - CMC Dossier Development & Coordination - A6290(Do Not Use),DEPARTMENT,CMC Dossier Development & Coordination,U62,Zzz-Archives,No,INF_BATCH,2024-07-05 08:48:47.548,INF_BATCH,2026-01-23 23:16:33.522,INF_R360
A6310,ZZZ_DEPARTMENT - Biologics Direction - A6310(Do Not Use),DEPARTMENT,Biologics Direction,U63,Zzz-Archives,No,INF_BATCH,2024-07-05 08:48:47.548,INF_BATCH,2026-01-23 23:16:33.522,INF_R360
A6320,ZZZ_DEPARTMENT - Local Bio-Realization - A6320(Do Not Use),DEPARTMENT,Local Bio-Realization,U63,Zzz-Archives,No,INF_BATCH,2024-07-05 08:48:47.548,INF_BATCH,2026-01-23 23:16:33.522,INF_R360
A6330,ZZZ_DEPARTMENT - Stem Cells - A6330(Do Not Use),DEPARTMENT,Stem Cells,U63,Zzz-Archives,No,INF_BATCH,2024-07-05 08:48:47.548,INF_BATCH,2026-01-23 23:16:33.522,INF_R360
A6340,ZZZ_DEPARTMENT - Nucleis Acid Therapeutics - A6340(Do Not Use),DEPARTMENT,Nucleis Acid Therapeutics,U63,Zzz-Archives,No,INF_BATCH,2024-07-05 08:48:47.548,INF_BATCH,2026-01-23 23:16:33.522,INF_R360
A6350,ZZZ_DEPARTMENT - Bio-Realization IA - A6350(Do Not Use),DEPARTMENT,Bio-Realization IA,U63,Zzz-Archives,No,INF_BATCH,2024-07-05 08:48:47.548,INF_BATCH,2026-01-23 23:16:33.522,INF_R360
A6360,ZZZ_DEPARTMENT - CBD Bio - A6360(Do Not Use),DEPARTMENT,CBD Bio,U63,Zzz-Archives,No,INF_BATCH,2024-07-05 08:48:47.548,INF_BATCH,2026-01-23 23:16:33.522,INF_R360
A6370,ZZZ_DEPARTMENT - PSO BIO - A6370(Do Not Use),DEPARTMENT,PSO BIO,U63,Zzz-Archives,No,INF_BATCH,2024-07-05 08:48:47.548,INF_BATCH,2026-01-23 23:16:33.522,INF_R360
B14107,ZZZ_SERVICE - Social Project - B14107(Do Not Use),SERVICE,Social Project,A1410,Zzz-Archives,No,INF_BATCH,2024-07-05 08:48:47.548,INF_BATCH,2026-01-23 23:16:33.522,INF_R360
B14200,ZZZ_SERVICE - Global HRBP - B14200(Do Not Use),SERVICE,Global HRBP,A1420,Zzz-Archives,No,INF_BATCH,2024-07-05 08:48:47.548,INF_BATCH,2026-01-23 23:16:33.522,INF_R360
B14201,ZZZ_SERVICE - People Development - B14201(Do Not Use),SERVICE,People Development,A1420,Zzz-Archives,No,INF_BATCH,2024-07-05 08:48:47.548,INF_BATCH,2026-01-23 23:16:33.522,INF_R360
B14202,ZZZ_SERVICE - Formation Transforming - B14202(Do Not Use),SERVICE,Formation Transforming,A1420,Zzz-Archives,No,INF_BATCH,2024-07-05 08:48:47.548,INF_BATCH,2026-01-23 23:16:33.522,INF_R360
B14203,ZZZ_SERVICE - TRAINING METIER RH GLOBAL - B14203(Do Not Use),SERVICE,TRAINING METIER RH GLOBAL,A1420,Zzz-Archives,No,INF_BATCH,2024-07-05 08:48:47.548,INF_BATCH,2026-01-23 23:16:33.522,INF_R360
B14300,ZZZ_SERVICE - Site Directions - B14300(Do Not Use),SERVICE,Site Directions,A1430,Zzz-Archives,No,INF_BATCH,2024-07-05 08:48:47.548,INF_BATCH,2026-01-23 23:16:33.522,INF_R360
B14301,ZZZ_SERVICE - TGLS - B14301(Do Not Use),SERVICE,TGLS,A1430,Zzz-Archives,No,INF_BATCH,2024-07-05 08:48:47.548,INF_BATCH,2026-01-23 23:16:33.522,INF_R360
B14302,ZZZ_SERVICE - Communication - B14302(Do Not Use),SERVICE,Communication,A1430,Zzz-Archives,No,INF_BATCH,2024-07-05 08:48:47.548,INF_BATCH,2026-01-23 23:16:33.522,INF_R360
B14303,ZZZ_SERVICE - Local RH - B14303(Do Not Use),SERVICE,Local RH,A1430,Zzz-Archives,No,INF_BATCH,2024-07-05 08:48:47.548,INF_BATCH,2026-01-23 23:16:33.522,INF_R360
B14304,ZZZ_SERVICE - Transfer - B14304(Do Not Use),SERVICE,Transfer,A1430,Zzz-Archives,No,INF_BATCH,2024-07-05 08:48:47.548,INF_BATCH,2026-01-23 23:16:33.522,INF_R360
B14305,ZZZ_SERVICE - Transverse Site support - B14305(Do Not Use),SERVICE,Transverse Site support,A1430,Zzz-Archives,No,INF_BATCH,2024-07-05 08:48:47.548,INF_BATCH,2026-01-23 23:16:33.522,INF_R360
B14306,ZZZ_SERVICE - HSE - B14306(Do Not Use),SERVICE,HSE,A1430,Zzz-Archives,No,INF_BATCH,2024-07-05 08:48:47.548,INF_BATCH,2026-01-23 23:16:33.522,INF_R360
B14400,ZZZ_SERVICE - Compensation & HRIS - B14400(Do Not Use),SERVICE,Compensation & HRIS,A1440,Zzz-Archives,No,INF_BATCH,2024-07-05 08:48:47.548,INF_BATCH,2026-01-23 23:16:33.522,INF_R360
B14500,ZZZ_SERVICE - Global HRBP - B14500(Do Not Use),SERVICE,Global HRBP,A1450,Zzz-Archives,No,INF_BATCH,2024-07-05 08:48:47.548,INF_BATCH,2026-01-23 23:16:33.522,INF_R360
B14600,ZZZ_SERVICE - Local HR - B14600(Do Not Use),SERVICE,Local HR,A1460,Zzz-Archives,No,INF_BATCH,2024-07-05 08:48:47.548,INF_BATCH,2026-01-23 23:16:33.522,INF_R360
B15100,ZZZ_SERVICE - S&I Direction - B15100(Do Not Use),SERVICE,S&I Direction,A1510,Zzz-Archives,No,INF_BATCH,2024-07-05 08:48:47.548,INF_BATCH,2026-01-23 23:16:33.522,INF_R360
B15101,ZZZ_SERVICE - Scouting & Partnering EU - B15101(Do Not Use),SERVICE,Scouting & Partnering EU,A1510,Zzz-Archives,No,INF_BATCH,2024-07-05 08:48:47.548,INF_BATCH,2026-01-23 23:16:33.522,INF_R360
B15102,ZZZ_SERVICE - Alliance Management - B15102(Do Not Use),SERVICE,Alliance Management,A1510,Zzz-Archives,No,INF_BATCH,2024-07-05 08:48:47.548,INF_BATCH,2026-01-23 23:16:33.522,INF_R360
B15103,ZZZ_SERVICE - Evaluation & Expertise - B15103(Do Not Use),SERVICE,Evaluation & Expertise,A1510,Zzz-Archives,No,INF_BATCH,2024-07-05 08:48:47.548,INF_BATCH,2026-01-23 23:16:33.522,INF_R360
B15104,ZZZ_SERVICE - Competitive Intelligence - B15104(Do Not Use),SERVICE,Competitive Intelligence,A1510,Zzz-Archives,No,INF_BATCH,2024-07-05 08:48:47.548,INF_BATCH,2026-01-23 23:16:33.522,INF_R360
B15105,ZZZ_SERVICE - Strategic Initiatives - B15105(Do Not Use),SERVICE,Strategic Initiatives,A1510,Zzz-Archives,No,INF_BATCH,2024-07-05 08:48:47.548,INF_BATCH,2026-01-23 23:16:33.522,INF_R360
B15106,ZZZ_SERVICE - Asset Ownership Optimization - B15106(Do Not Use),SERVICE,Asset Ownership Optimization,A1510,Zzz-Archives,No,INF_BATCH,2024-07-05 08:48:47.548,INF_BATCH,2026-01-23 23:16:33.522,INF_R360
B15107,ZZZ_SERVICE - Scouting & Partnering Rest of the World - B15107(Do Not Use),SERVICE,Scouting & Partnering Rest of the World,A1510,Zzz-Archives,No,INF_BATCH,2024-07-05 08:48:47.548,INF_BATCH,2026-01-23 23:16:33.522,INF_R360
B15108,ZZZ_SERVICE - Scouting & Partnering US - B15108(Do Not Use),SERVICE,Scouting & Partnering US,A1510,Zzz-Archives,No,INF_BATCH,2024-07-05 08:48:47.548,INF_BATCH,2026-01-23 23:16:33.522,INF_R360
B15109,ZZZ_SERVICE - Scouting & Partnering Rest of the US - B15109(Do Not Use),SERVICE,Scouting & Partnering Rest of the US,A1510,Zzz-Archives,No,INF_BATCH,2024-07-05 08:48:47.548,INF_BATCH,2026-01-23 23:16:33.522,INF_R360
B15110,ZZZ_SERVICE - Transactions - B15110(Do Not Use),SERVICE,Transactions,A1510,Zzz-Archives,No,INF_BATCH,2024-07-05 08:48:47.548,INF_BATCH,2026-01-23 23:16:33.522,INF_R360
B15111,ZZZ_SERVICE - Ops Office - B15111(Do Not Use),SERVICE,Ops Office,A1510,Zzz-Archives,No,INF_BATCH,2024-07-05 08:48:47.548,INF_BATCH,2026-01-23 23:16:33.522,INF_R360
B15112,ZZZ_SERVICE - Special Projects - B15112(Do Not Use),SERVICE,Special Projects,A1510,Zzz-Archives,No,INF_BATCH,2024-07-05 08:48:47.548,INF_BATCH,2026-01-23 23:16:33.522,INF_R360
B15113,ZZZ_SERVICE - Scouting & Partnering Asia - B15113(Do Not Use),SERVICE,Scouting & Partnering Asia,A1510,Zzz-Archives,No,INF_BATCH,2024-07-05 08:48:47.548,INF_BATCH,2026-01-23 23:16:33.522,INF_R360
B15114,ZZZ_SERVICE - Information Access - B15114(Do Not Use),SERVICE,Information Access,A1510,Zzz-Archives,No,INF_BATCH,2024-07-05 08:48:47.548,INF_BATCH,2026-01-23 23:16:33.522,INF_R360
B16100,ZZZ_SERVICE - Site Directions - B16100(Do Not Use),SERVICE,Site Directions,A1610,Zzz-Archives,No,INF_BATCH,2024-07-05 08:48:47.548,INF_BATCH,2026-01-23 23:16:33.522,INF_R360
B16101,ZZZ_SERVICE - H.S.S.E. - B16101(Do Not Use),SERVICE,H.S.S.E.,A1610,Zzz-Archives,No,INF_BATCH,2024-07-05 08:48:47.548,INF_BATCH,2026-01-23 23:16:33.522,INF_R360
B16102,ZZZ_SERVICE - Partenaires Sociaux - B16102(Do Not Use),SERVICE,Partenaires Sociaux,A1610,Zzz-Archives,No,INF_BATCH,2024-07-05 08:48:47.548,INF_BATCH,2026-01-23 23:16:33.522,INF_R360
B16103,ZZZ_SERVICE - Communication - B16103(Do Not Use),SERVICE,Communication,A1610,Zzz-Archives,No,INF_BATCH,2024-07-05 08:48:47.548,INF_BATCH,2026-01-23 23:16:33.522,INF_R360
B16105,ZZZ_SERVICE - Transfert - B16105(Do Not Use),SERVICE,Transfert,A1610,Zzz-Archives,No,INF_BATCH,2024-07-05 08:48:47.548,INF_BATCH,2026-01-23 23:16:33.522,INF_R360
B16106,ZZZ_SERVICE - Direction R&D Sites - B16106(Do Not Use),SERVICE,Direction R&D Sites,A1610,Zzz-Archives,No,INF_BATCH,2024-07-05 08:48:47.548,INF_BATCH,2026-01-23 23:16:33.522,INF_R360
B16201,ZZZ_SERVICE - Logistic & General services - B16201(Do Not Use),SERVICE,Logistic & General services,A1620,Zzz-Archives,No,INF_BATCH,2024-07-05 08:48:47.548,INF_BATCH,2026-01-23 23:16:33.522,INF_R360
B16202,ZZZ_SERVICE - Engeneering - B16202(Do Not Use),SERVICE,Engeneering,A1620,Zzz-Archives,No,INF_BATCH,2024-07-05 08:48:47.548,INF_BATCH,2026-01-23 23:16:33.522,INF_R360
B16203,ZZZ_SERVICE - Maintenance & utilities - B16203(Do Not Use),SERVICE,Maintenance & utilities,A1620,Zzz-Archives,No,INF_BATCH,2024-07-05 08:48:47.548,INF_BATCH,2026-01-23 23:16:33.522,INF_R360
B16204,ZZZ_SERVICE - Metrology - B16204(Do Not Use),SERVICE,Metrology,A1620,Zzz-Archives,No,INF_BATCH,2024-07-05 08:48:47.548,INF_BATCH,2026-01-23 23:16:33.522,INF_R360
B16205,ZZZ_SERVICE - Magasin - B16205(Do Not Use),SERVICE,Magasin,A1620,Zzz-Archives,No,INF_BATCH,2024-07-05 08:48:47.548,INF_BATCH,2026-01-23 23:16:33.522,INF_R360
B16300,ZZZ_SERVICE - Local RH - B16300(Do Not Use),SERVICE,Local RH,A1630,Zzz-Archives,No,INF_BATCH,2024-07-05 08:48:47.548,INF_BATCH,2026-01-23 23:16:33.522,INF_R360
B17100,ZZZ_SERVICE - Support Platform Direction - B17100(Do Not Use),SERVICE,Support Platform Direction,A1710,Zzz-Archives,No,INF_BATCH,2024-07-05 08:48:47.548,INF_BATCH,2026-01-23 23:16:33.522,INF_R360
B17101,ZZZ_SERVICE - Services - B17101(Do Not Use),SERVICE,Services,A1710,Zzz-Archives,No,INF_BATCH,2024-07-05 08:48:47.548,INF_BATCH,2026-01-23 23:16:33.522,INF_R360
B18100,ZZZ_SERVICE - R&D Global Communication - B18100(Do Not Use),SERVICE,R&D Global Communication,A1810,Zzz-Archives,No,INF_BATCH,2024-07-05 08:48:47.548,INF_BATCH,2026-01-23 23:16:33.522,INF_R360
B21100,ZZZ_SERVICE - Exploratory Unit Direction - B21100(Do Not Use),SERVICE,Exploratory Unit Direction,A2110,Zzz-Archives,No,INF_BATCH,2024-07-05 08:48:47.548,INF_BATCH,2026-01-23 23:16:33.522,INF_R360
B21101,ZZZ_SERVICE - Cell Biology and biochemistry - B21101(Do Not Use),SERVICE,Cell Biology and biochemistry,A2110,Zzz-Archives,No,INF_BATCH,2024-07-05 08:48:47.548,INF_BATCH,2026-01-23 23:16:33.522,INF_R360
B21102,ZZZ_SERVICE - Chemistry - B21102(Do Not Use),SERVICE,Chemistry,A2110,Zzz-Archives,No,INF_BATCH,2024-07-05 08:48:47.548,INF_BATCH,2026-01-23 23:16:33.522,INF_R360
B21103,ZZZ_SERVICE - In vitro Pharmacology - B21103(Do Not Use),SERVICE,In vitro Pharmacology,A2110,Zzz-Archives,No,INF_BATCH,2024-07-05 08:48:47.548,INF_BATCH,2026-01-23 23:16:33.522,INF_R360
B21104,ZZZ_SERVICE - In vivo Pharmacology - B21104(Do Not Use),SERVICE,In vivo Pharmacology,A2110,Zzz-Archives,No,INF_BATCH,2024-07-05 08:48:47.548,INF_BATCH,2026-01-23 23:16:33.522,INF_R360
B21105,ZZZ_SERVICE - Pharmacology - B21105(Do Not Use),SERVICE,Pharmacology,A2110,Zzz-Archives,No,INF_BATCH,2024-07-05 08:48:47.548,INF_BATCH,2026-01-23 23:16:33.522,INF_R360
B21106,ZZZ_SERVICE - Systems Biology - B21106(Do Not Use),SERVICE,Systems Biology,A2110,Zzz-Archives,No,INF_BATCH,2024-07-05 08:48:47.548,INF_BATCH,2026-01-23 23:16:33.522,INF_R360
B21107,ZZZ_SERVICE - Partnership and network - B21107(Do Not Use),SERVICE,Partnership and network,A2110,Zzz-Archives,No,INF_BATCH,2024-07-05 08:48:47.548,INF_BATCH,2026-01-23 23:16:33.522,INF_R360
B21108,ZZZ_SERVICE - Moléculars Systems - B21108(Do Not Use),SERVICE,Moléculars Systems,A2110,Zzz-Archives,No,INF_BATCH,2024-07-05 08:48:47.548,INF_BATCH,2026-01-23 23:16:33.522,INF_R360
B22100,ZZZ_SERVICE - Sunrise - B22100(Do Not Use),SERVICE,Sunrise,A2210,Zzz-Archives,No,INF_BATCH,2024-07-05 08:48:47.548,INF_BATCH,2026-01-23 23:16:33.522,INF_R360
B23100,ZZZ_SERVICE - Translational Sciences Unit Direction - B23100(Do Not Use),SERVICE,Translational Sciences Unit Direction,A2310,Zzz-Archives,No,INF_BATCH,2024-07-05 08:48:47.548,INF_BATCH,2026-01-23 23:16:33.522,INF_R360
B23101,ZZZ_SERVICE - Management Office - B23101(Do Not Use),SERVICE,Management Office,A2310,Zzz-Archives,No,INF_BATCH,2024-07-05 08:48:47.548,INF_BATCH,2026-01-23 23:16:33.522,INF_R360
B23102,ZZZ_SERVICE - Silico - B23102(Do Not Use),SERVICE,Silico,A2310,Zzz-Archives,No,INF_BATCH,2024-07-05 08:48:47.548,INF_BATCH,2026-01-23 23:16:33.522,INF_R360
B23103,ZZZ_SERVICE - Genomic & Molecular Biology - B23103(Do Not Use),SERVICE,Genomic & Molecular Biology,A2310,Zzz-Archives,No,INF_BATCH,2024-07-05 08:48:47.548,INF_BATCH,2026-01-23 23:16:33.522,INF_R360
B23104,ZZZ_SERVICE - Biochemistry - B23104(Do Not Use),SERVICE,Biochemistry,A2310,Zzz-Archives,No,INF_BATCH,2024-07-05 08:48:47.548,INF_BATCH,2026-01-23 23:16:33.522,INF_R360
B23105,ZZZ_SERVICE - Cell Biology & Microscopy - B23105(Do Not Use),SERVICE,Cell Biology & Microscopy,A2310,Zzz-Archives,No,INF_BATCH,2024-07-05 08:48:47.548,INF_BATCH,2026-01-23 23:16:33.522,INF_R360
B23106,ZZZ_SERVICE - Electrophysiology - B23106(Do Not Use),SERVICE,Electrophysiology,A2310,Zzz-Archives,No,INF_BATCH,2024-07-05 08:48:47.548,INF_BATCH,2026-01-23 23:16:33.522,INF_R360
B23107,ZZZ_SERVICE - Histology - B23107(Do Not Use),SERVICE,Histology,A2310,Zzz-Archives,No,INF_BATCH,2024-07-05 08:48:47.548,INF_BATCH,2026-01-23 23:16:33.522,INF_R360
B23108,ZZZ_SERVICE - Imagery - B23108(Do Not Use),SERVICE,Imagery,A2310,Zzz-Archives,No,INF_BATCH,2024-07-05 08:48:47.548,INF_BATCH,2026-01-23 23:16:33.522,INF_R360
B23109,ZZZ_SERVICE - Scientific coordination & partnership - B23109(Do Not Use),SERVICE,Scientific coordination & partnership,A2310,Zzz-Archives,No,INF_BATCH,2024-07-05 08:48:47.548,INF_BATCH,2026-01-23 23:16:33.522,INF_R360
B24100,ZZZ_SERVICE - OIAP Direction - B24100(Do Not Use),SERVICE,OIAP Direction,A2410,Zzz-Archives,No,INF_BATCH,2024-07-05 08:48:47.548,INF_BATCH,2026-01-23 23:16:33.522,INF_R360
B24101,ZZZ_SERVICE - Biology 1 - B24101(Do Not Use),SERVICE,Biology 1,A2410,Zzz-Archives,No,INF_BATCH,2024-07-05 08:48:47.548,INF_BATCH,2026-01-23 23:16:33.522,INF_R360
B24102,ZZZ_SERVICE - Biology 2 - B24102(Do Not Use),SERVICE,Biology 2,A2410,Zzz-Archives,No,INF_BATCH,2024-07-05 08:48:47.548,INF_BATCH,2026-01-23 23:16:33.522,INF_R360
B24103,ZZZ_SERVICE - Chemical - B24103(Do Not Use),SERVICE,Chemical,A2410,Zzz-Archives,No,INF_BATCH,2024-07-05 08:48:47.548,INF_BATCH,2026-01-23 23:16:33.522,INF_R360
B24201,ZZZ_SERVICE - FGATC - B24201(Do Not Use),SERVICE,FGATC,A2420,Zzz-Archives,No,INF_BATCH,2024-07-05 08:48:47.548,INF_BATCH,2026-01-23 23:16:33.522,INF_R360
B31100,ZZZ_SERVICE - Global Oncology Management - B31100(Do Not Use),SERVICE,Global Oncology Management,A3110,Zzz-Archives,No,INF_BATCH,2024-07-05 08:48:47.548,INF_BATCH,2026-01-23 23:16:33.522,INF_R360
B31101,ZZZ_SERVICE - NE Asia Development - B31101(Do Not Use),SERVICE,NE Asia Development,A3110,Zzz-Archives,No,INF_BATCH,2024-07-05 08:48:47.548,INF_BATCH,2026-01-23 23:16:33.522,INF_R360
B31102,ZZZ_SERVICE - Strategy and Portfolio Management - B31102(Do Not Use),SERVICE,Strategy and Portfolio Management,A3110,Zzz-Archives,No,INF_BATCH,2024-07-05 08:48:47.548,INF_BATCH,2026-01-23 23:16:33.522,INF_R360
B31130,ZZZ_SERVICE - Transplant - B31130(Do Not Use),SERVICE,Transplant,A3113,Zzz-Archives,No,INF_BATCH,2024-07-05 08:48:47.548,INF_BATCH,2026-01-23 23:16:33.522,INF_R360
B31140,ZZZ_SERVICE - Strategy & Porfolio Management - B31140(Do Not Use),SERVICE,Strategy & Porfolio Management,A3114,Zzz-Archives,No,INF_BATCH,2024-07-05 08:48:47.548,INF_BATCH,2026-01-23 23:16:33.522,INF_R360
B31199,ZZZ_SERVICE - Oncology Partners - B31199(Do Not Use),SERVICE,Oncology Partners,A3110,Zzz-Archives,No,INF_BATCH,2024-07-05 08:48:47.548,INF_BATCH,2026-01-23 23:16:33.522,INF_R360
B31200,ZZZ_SERVICE - Drug Discovery & Preclinical Development Mgt - B31200(Do Not Use),SERVICE,Drug Discovery & Preclinical Development Mgt,A3120,Zzz-Archives,No,INF_BATCH,2024-07-05 08:48:47.548,INF_BATCH,2026-01-23 23:16:33.522,INF_R360
B31201,ZZZ_SERVICE - Discovery Biology - B31201(Do Not Use),SERVICE,Discovery Biology,A3120,Zzz-Archives,No,INF_BATCH,2024-07-05 08:48:47.548,INF_BATCH,2026-01-23 23:16:33.522,INF_R360
B31202,ZZZ_SERVICE - Cancer Bio-Biologics - B31202(Do Not Use),SERVICE,Cancer Bio-Biologics,A3120,Zzz-Archives,No,INF_BATCH,2024-07-05 08:48:47.548,INF_BATCH,2026-01-23 23:16:33.522,INF_R360
B31203,ZZZ_SERVICE - Cancer Bio-Small Molecules - B31203(Do Not Use),SERVICE,Cancer Bio-Small Molecules,A3120,Zzz-Archives,No,INF_BATCH,2024-07-05 08:48:47.548,INF_BATCH,2026-01-23 23:16:33.522,INF_R360
B31204,ZZZ_SERVICE - Chemistry - B31204(Do Not Use),SERVICE,Chemistry,A3120,Zzz-Archives,No,INF_BATCH,2024-07-05 08:48:47.548,INF_BATCH,2026-01-23 23:16:33.522,INF_R360
B31205,ZZZ_SERVICE - Pharmacology - B31205(Do Not Use),SERVICE,Pharmacology,A3120,Zzz-Archives,No,INF_BATCH,2024-07-05 08:48:47.548,INF_BATCH,2026-01-23 23:16:33.522,INF_R360
B31206,ZZZ_SERVICE - Biochem & Bioanalytics - B31206(Do Not Use),SERVICE,Biochem & Bioanalytics,A3120,Zzz-Archives,No,INF_BATCH,2024-07-05 08:48:47.548,INF_BATCH,2026-01-23 23:16:33.522,INF_R360
B31207,ZZZ_SERVICE - Global Head of Chemistry and Pharmacology - B31207(Do Not Use),SERVICE,Global Head of Chemistry and Pharmacology,A3120,Zzz-Archives,No,INF_BATCH,2024-07-05 08:48:47.548,INF_BATCH,2026-01-23 23:16:33.522,INF_R360
B31210,ZZZ_SERVICE - Translational Medicine - B31210(Do Not Use),SERVICE,Translational Medicine,A3121,Zzz-Archives,No,INF_BATCH,2024-07-05 08:48:47.548,INF_BATCH,2026-01-23 23:16:33.522,INF_R360
B31300,ZZZ_SERVICE - Development management - B31300(Do Not Use),SERVICE,Development management,A3130,Zzz-Archives,No,INF_BATCH,2024-07-05 08:48:47.548,INF_BATCH,2026-01-23 23:16:33.522,INF_R360
B31301,ZZZ_SERVICE - Early development - B31301(Do Not Use),SERVICE,Early development,A3130,Zzz-Archives,No,INF_BATCH,2024-07-05 08:48:47.548,INF_BATCH,2026-01-23 23:16:33.522,INF_R360
B31302,ZZZ_SERVICE - Late development - B31302(Do Not Use),SERVICE,Late development,A3130,Zzz-Archives,No,INF_BATCH,2024-07-05 08:48:47.548,INF_BATCH,2026-01-23 23:16:33.522,INF_R360
B31303,ZZZ_SERVICE - Japan Development - B31303(Do Not Use),SERVICE,Japan Development,A3130,Zzz-Archives,No,INF_BATCH,2024-07-05 08:48:47.548,INF_BATCH,2026-01-23 23:16:33.522,INF_R360
B31304,ZZZ_SERVICE - Pers Med & Comp Diag - B31304(Do Not Use),SERVICE,Pers Med & Comp Diag,A3130,Zzz-Archives,No,INF_BATCH,2024-07-05 08:48:47.548,INF_BATCH,2026-01-23 23:16:33.522,INF_R360
B32100,ZZZ_SERVICE - Diabetes R&D Direction & Scientific Support - B32100(Do Not Use),SERVICE,Diabetes R&D Direction & Scientific Support,A3210,Zzz-Archives,No,INF_BATCH,2024-07-05 08:48:47.548,INF_BATCH,2026-01-23 23:16:33.522,INF_R360
B32101,ZZZ_SERVICE - Projects/planning - B32101(Do Not Use),SERVICE,Projects/planning,A3210,Zzz-Archives,No,INF_BATCH,2024-07-05 08:48:47.548,INF_BATCH,2026-01-23 23:16:33.522,INF_R360
B32102,ZZZ_SERVICE - Scientific support - B32102(Do Not Use),SERVICE,Scientific support,A3210,Zzz-Archives,No,INF_BATCH,2024-07-05 08:48:47.548,INF_BATCH,2026-01-23 23:16:33.522,INF_R360
B32199,ZZZ_SERVICE - Diabetes Partners - B32199(Do Not Use),SERVICE,Diabetes Partners,A3210,Zzz-Archives,No,INF_BATCH,2024-07-05 08:48:47.548,INF_BATCH,2026-01-23 23:16:33.522,INF_R360
B32200,ZZZ_SERVICE - Portfolio Management & Alliances & Externalization - B32200(Do Not Use),SERVICE,Portfolio Management & Alliances & Externalization,A3220,Zzz-Archives,No,INF_BATCH,2024-07-05 08:48:47.548,INF_BATCH,2026-01-23 23:16:33.522,INF_R360
B32201,ZZZ_SERVICE - Insulin & Peptides - B32201(Do Not Use),SERVICE,Insulin & Peptides,A3220,Zzz-Archives,No,INF_BATCH,2024-07-05 08:48:47.548,INF_BATCH,2026-01-23 23:16:33.522,INF_R360
B32202,ZZZ_SERVICE - General Metabolism & Obesity - B32202(Do Not Use),SERVICE,General Metabolism & Obesity,A3220,Zzz-Archives,No,INF_BATCH,2024-07-05 08:48:47.548,INF_BATCH,2026-01-23 23:16:33.522,INF_R360
B32203,ZZZ_SERVICE - Islet Biology - B32203(Do Not Use),SERVICE,Islet Biology,A3220,Zzz-Archives,No,INF_BATCH,2024-07-05 08:48:47.548,INF_BATCH,2026-01-23 23:16:33.522,INF_R360
B32204,ZZZ_SERVICE - GI Endocrinology - B32204(Do Not Use),SERVICE,GI Endocrinology,A3220,Zzz-Archives,No,INF_BATCH,2024-07-05 08:48:47.548,INF_BATCH,2026-01-23 23:16:33.522,INF_R360
B32205,ZZZ_SERVICE - Insulin & Counter Regulatory Hormones - B32205(Do Not Use),SERVICE,Insulin & Counter Regulatory Hormones,A3220,Zzz-Archives,No,INF_BATCH,2024-07-05 08:48:47.548,INF_BATCH,2026-01-23 23:16:33.522,INF_R360
B48107,ZZZ_SERVICE - R&D Strategy - B48107(Do Not Use),SERVICE,R&D Strategy,A4810,Zzz-Archives,No,INF_BATCH,2024-07-05 08:48:47.548,INF_BATCH,2026-01-23 23:16:33.522,INF_R360
B48108,ZZZ_SERVICE - Tissue Protection & Repair - B48108(Do Not Use),SERVICE,Tissue Protection & Repair,A4810,Zzz-Archives,No,INF_BATCH,2024-07-05 08:48:47.548,INF_BATCH,2026-01-23 23:16:33.522,INF_R360
B48109,ZZZ_SERVICE - Unit Head - B48109(Do Not Use),SERVICE,Unit Head,A4810,Zzz-Archives,No,INF_BATCH,2024-07-05 08:48:47.548,INF_BATCH,2026-01-23 23:16:33.522,INF_R360
B48110,ZZZ_SERVICE - Biomaterials - B48110(Do Not Use),SERVICE,Biomaterials,A4810,Zzz-Archives,No,INF_BATCH,2024-07-05 08:48:47.548,INF_BATCH,2026-01-23 23:16:33.522,INF_R360
B48111,ZZZ_SERVICE - Clinical Sciences - B48111(Do Not Use),SERVICE,Clinical Sciences,A4810,Zzz-Archives,No,INF_BATCH,2024-07-05 08:48:47.548,INF_BATCH,2026-01-23 23:16:33.522,INF_R360
B48120,ZZZ_SERVICE - Projects Management 1 - B48120(Do Not Use),SERVICE,Projects Management 1,A4812,Zzz-Archives,No,INF_BATCH,2024-07-05 08:48:47.548,INF_BATCH,2026-01-23 23:16:33.522,INF_R360
B48130,ZZZ_SERVICE - Projects Management 2 - B48130(Do Not Use),SERVICE,Projects Management 2,A4813,Zzz-Archives,No,INF_BATCH,2024-07-05 08:48:47.548,INF_BATCH,2026-01-23 23:16:33.522,INF_R360
B48201,ZZZ_SERVICE - Biologics Development - B48201(Do Not Use),SERVICE,Biologics Development,A4820,Zzz-Archives,No,INF_BATCH,2024-07-05 08:48:47.548,INF_BATCH,2026-01-23 23:16:33.522,INF_R360
B48202,ZZZ_SERVICE - Clinical Lab Sciences - B48202(Do Not Use),SERVICE,Clinical Lab Sciences,A4820,Zzz-Archives,No,INF_BATCH,2024-07-05 08:48:47.548,INF_BATCH,2026-01-23 23:16:33.522,INF_R360
B48203,ZZZ_SERVICE - Pathology - B48203(Do Not Use),SERVICE,Pathology,A4820,Zzz-Archives,No,INF_BATCH,2024-07-05 08:48:47.548,INF_BATCH,2026-01-23 23:16:33.522,INF_R360
B48204,ZZZ_SERVICE - Pharmacology / Toxicology - B48204(Do Not Use),SERVICE,Pharmacology / Toxicology,A4820,Zzz-Archives,No,INF_BATCH,2024-07-05 08:48:47.548,INF_BATCH,2026-01-23 23:16:33.522,INF_R360
B48205,ZZZ_SERVICE - Mgmt/Other - B48205(Do Not Use),SERVICE,Mgmt/Other,A4820,Zzz-Archives,No,INF_BATCH,2024-07-05 08:48:47.548,INF_BATCH,2026-01-23 23:16:33.522,INF_R360
B48300,ZZZ_SERVICE - Rare Disease Research - B48300(Do Not Use),SERVICE,Rare Disease Research,A4830,Zzz-Archives,No,INF_BATCH,2024-07-05 08:48:47.548,INF_BATCH,2026-01-23 23:16:33.522,INF_R360
B48310,ZZZ_SERVICE - Genetics/Genomics - B48310(Do Not Use),SERVICE,Genetics/Genomics,A4831,Zzz-Archives,No,INF_BATCH,2024-07-05 08:48:47.548,INF_BATCH,2026-01-23 23:16:33.522,INF_R360
B48320,ZZZ_SERVICE - TPR Research - B48320(Do Not Use),SERVICE,TPR Research,A4832,Zzz-Archives,No,INF_BATCH,2024-07-05 08:48:47.548,INF_BATCH,2026-01-23 23:16:33.522,INF_R360
B48330,ZZZ_SERVICE - Biomaterials - B48330(Do Not Use),SERVICE,Biomaterials,A4833,Zzz-Archives,No,INF_BATCH,2024-07-05 08:48:47.548,INF_BATCH,2026-01-23 23:16:33.522,INF_R360
B48340,ZZZ_SERVICE - MS IMD Research - B48340(Do Not Use),SERVICE,MS IMD Research,A4834,Zzz-Archives,No,INF_BATCH,2024-07-05 08:48:47.548,INF_BATCH,2026-01-23 23:16:33.522,INF_R360
B48350,ZZZ_SERVICE - Gene Therapy - B48350(Do Not Use),SERVICE,Gene Therapy,A4835,Zzz-Archives,No,INF_BATCH,2024-07-05 08:48:47.548,INF_BATCH,2026-01-23 23:16:33.522,INF_R360
B48360,ZZZ_SERVICE - AFID - B48360(Do Not Use),SERVICE,AFID,A4836,Zzz-Archives,No,INF_BATCH,2024-07-05 08:48:47.548,INF_BATCH,2026-01-23 23:16:33.522,INF_R360
B48400,ZZZ_SERVICE - TPR Development - B48400(Do Not Use),SERVICE,TPR Development,A4840,Zzz-Archives,No,INF_BATCH,2024-07-05 08:48:47.548,INF_BATCH,2026-01-23 23:16:33.522,INF_R360
B48500,ZZZ_SERVICE - Translational Medicine - B48500(Do Not Use),SERVICE,Translational Medicine,A4850,Zzz-Archives,No,INF_BATCH,2024-07-05 08:48:47.548,INF_BATCH,2026-01-23 23:16:33.522,INF_R360
B4860,ZZZ_SERVICE - Late Stage Development - B4860(Do Not Use),SERVICE,Late Stage Development,ZZZ-ARCHIVES,Zzz-Archives,No,INF_BATCH,2024-07-05 08:48:47.548,INF_BATCH,2026-01-23 23:16:33.522,INF_R360
B48600,ZZZ_SERVICE - Rare Disease Development - B48600(Do Not Use),SERVICE,Rare Disease Development,A4860,Zzz-Archives,No,INF_BATCH,2024-07-05 08:48:47.548,INF_BATCH,2026-01-23 23:16:33.522,INF_R360
B48605,ZZZ_SERVICE - Neuroimmunology Development - B48605(Do Not Use),SERVICE,Neuroimmunology Development,A4860,Zzz-Archives,No,INF_BATCH,2024-07-05 08:48:47.548,INF_BATCH,2026-01-23 23:16:33.522,INF_R360
B49100,ZZZ_SERVICE - Unit Direction and Unit Mgt Office - B49100(Do Not Use),SERVICE,Unit Direction and Unit Mgt Office,A4910,Zzz-Archives,No,INF_BATCH,2024-07-05 08:48:47.548,INF_BATCH,2026-01-23 23:16:33.522,INF_R360
B49101,ZZZ_SERVICE - Cardiovascular & Fibrosis Development - B49101(Do Not Use),SERVICE,Cardiovascular & Fibrosis Development,A4910,Zzz-Archives,No,INF_BATCH,2024-07-05 08:48:47.548,INF_BATCH,2026-01-23 23:16:33.522,INF_R360
B49102,ZZZ_SERVICE - Cardiovascular & Fibrosis Research - B49102(Do Not Use),SERVICE,Cardiovascular & Fibrosis Research,A4910,Zzz-Archives,No,INF_BATCH,2024-07-05 08:48:47.548,INF_BATCH,2026-01-23 23:16:33.522,INF_R360
B51100,ZZZ_SERVICE - DPP Direction - B51100(Do Not Use),SERVICE,DPP Direction,A5110,Zzz-Archives,No,INF_BATCH,2024-07-05 08:48:47.548,INF_BATCH,2026-01-23 23:16:33.522,INF_R360
B51101,ZZZ_SERVICE - Portfolio Mgt & Reporting - B51101(Do Not Use),SERVICE,Portfolio Mgt & Reporting,A5110,Zzz-Archives,No,INF_BATCH,2024-07-05 08:48:47.548,INF_BATCH,2026-01-23 23:16:33.522,INF_R360
B51102,ZZZ_SERVICE - Global Planning - B51102(Do Not Use),SERVICE,Global Planning,A5110,Zzz-Archives,No,INF_BATCH,2024-07-05 08:48:47.548,INF_BATCH,2026-01-23 23:16:33.522,INF_R360
B51103,ZZZ_SERVICE - DPUs opérationnelles - B51103(Do Not Use),SERVICE,DPUs opérationnelles,A5110,Zzz-Archives,No,INF_BATCH,2024-07-05 08:48:47.548,INF_BATCH,2026-01-23 23:16:33.522,INF_R360
B51104,ZZZ_SERVICE - Biosurgery - B51104(Do Not Use),SERVICE,Biosurgery,A5110,Zzz-Archives,No,INF_BATCH,2024-07-05 08:48:47.548,INF_BATCH,2026-01-23 23:16:33.522,INF_R360
B51199,ZZZ_SERVICE - DPP Partners - B51199(Do Not Use),SERVICE,DPP Partners,A5110,Zzz-Archives,No,INF_BATCH,2024-07-05 08:48:47.548,INF_BATCH,2026-01-23 23:16:33.522,INF_R360
B52100,ZZZ_SERVICE - E2C Direction & project clusters - B52100(Do Not Use),SERVICE,E2C Direction & project clusters,A5210,Zzz-Archives,No,INF_BATCH,2024-07-05 08:48:47.548,INF_BATCH,2026-01-23 23:16:33.522,INF_R360
B52101,ZZZ_SERVICE - Plateforms support - B52101(Do Not Use),SERVICE,Plateforms support,A5210,Zzz-Archives,No,INF_BATCH,2024-07-05 08:48:47.548,INF_BATCH,2026-01-23 23:16:33.522,INF_R360
B52102,ZZZ_SERVICE - Biochemistry & Cell Biology - B52102(Do Not Use),SERVICE,Biochemistry & Cell Biology,A5210,Zzz-Archives,No,INF_BATCH,2024-07-05 08:48:47.548,INF_BATCH,2026-01-23 23:16:33.522,INF_R360
B52103,ZZZ_SERVICE - Chemistry - B52103(Do Not Use),SERVICE,Chemistry,A5210,Zzz-Archives,No,INF_BATCH,2024-07-05 08:48:47.548,INF_BATCH,2026-01-23 23:16:33.522,INF_R360
B52104,ZZZ_SERVICE - In vivo pharmacology - B52104(Do Not Use),SERVICE,In vivo pharmacology,A5210,Zzz-Archives,No,INF_BATCH,2024-07-05 08:48:47.548,INF_BATCH,2026-01-23 23:16:33.522,INF_R360
B52105,ZZZ_SERVICE - Receptor modulation - B52105(Do Not Use),SERVICE,Receptor modulation,A5210,Zzz-Archives,No,INF_BATCH,2024-07-05 08:48:47.548,INF_BATCH,2026-01-23 23:16:33.522,INF_R360
B52106,ZZZ_SERVICE - Assay development - B52106(Do Not Use),SERVICE,Assay development,A5210,Zzz-Archives,No,INF_BATCH,2024-07-05 08:48:47.548,INF_BATCH,2026-01-23 23:16:33.522,INF_R360
B52199,ZZZ_SERVICE - E2C Partners - B52199(Do Not Use),SERVICE,E2C Partners,A5210,Zzz-Archives,No,INF_BATCH,2024-07-05 08:48:47.548,INF_BATCH,2026-01-23 23:16:33.522,INF_R360
B53100,ZZZ_SERVICE - Expert Platform Direction - B53100(Do Not Use),SERVICE,Expert Platform Direction,A5310,Zzz-Archives,No,INF_BATCH,2024-07-05 08:48:47.548,INF_BATCH,2026-01-23 23:16:33.522,INF_R360
B61100,ZZZ_SERVICE - DSAR Direction - B61100(Do Not Use),SERVICE,DSAR Direction,A6110,Zzz-Archives,No,INF_BATCH,2024-07-05 08:48:47.548,INF_BATCH,2026-01-23 23:16:33.522,INF_R360
B61101,ZZZ_SERVICE - Unit Management Office - B61101(Do Not Use),SERVICE,Unit Management Office,A6110,Zzz-Archives,No,INF_BATCH,2024-07-05 08:48:47.548,INF_BATCH,2026-01-23 23:16:33.522,INF_R360
B61199,ZZZ_SERVICE - REGN costs - DSAR - B61199(Do Not Use),SERVICE,REGN costs - DSAR,A6110,Zzz-Archives,No,INF_BATCH,2024-07-05 08:48:47.548,INF_BATCH,2026-01-23 23:16:33.522,INF_R360
B61200,ZZZ_SERVICE - Drug Disposition - B61200(Do Not Use),SERVICE,Drug Disposition,A6120,Zzz-Archives,No,INF_BATCH,2024-07-05 08:48:47.548,INF_BATCH,2026-01-23 23:16:33.522,INF_R360
B61201,ZZZ_SERVICE - Preclinical Safety - B61201(Do Not Use),SERVICE,Preclinical Safety,A6120,Zzz-Archives,No,INF_BATCH,2024-07-05 08:48:47.548,INF_BATCH,2026-01-23 23:16:33.522,INF_R360
B61202,ZZZ_SERVICE - Animal Research & Welfare - B61202(Do Not Use),SERVICE,Animal Research & Welfare,A6120,Zzz-Archives,No,INF_BATCH,2024-07-05 08:48:47.548,INF_BATCH,2026-01-23 23:16:33.522,INF_R360
B61203,ZZZ_SERVICE - Clinical Laboratory Sciences - B61203(Do Not Use),SERVICE,Clinical Laboratory Sciences,A6120,Zzz-Archives,No,INF_BATCH,2024-07-05 08:48:47.548,INF_BATCH,2026-01-23 23:16:33.522,INF_R360
B61300,ZZZ_SERVICE - Operational Center Direction - B61300(Do Not Use),SERVICE,Operational Center Direction,A6130,Zzz-Archives,No,INF_BATCH,2024-07-05 08:48:47.548,INF_BATCH,2026-01-23 23:16:33.522,INF_R360
B61301,ZZZ_SERVICE - Animal Research & Welfare OC - B61301(Do Not Use),SERVICE,Animal Research & Welfare OC,A6130,Zzz-Archives,No,INF_BATCH,2024-07-05 08:48:47.548,INF_BATCH,2026-01-23 23:16:33.522,INF_R360
B61302,"ZZZ_SERVICE - Biomarkers, Biological Assays [& Bioimaging] - B61302(Do Not Use)",SERVICE,"Biomarkers, Biological Assays [& Bioimaging]",A6130,Zzz-Archives,No,INF_BATCH,2024-07-05 08:48:47.548,INF_BATCH,2026-01-23 23:16:33.522,INF_R360
B61303,ZZZ_SERVICE - Drug Disposition OC - B61303(Do Not Use),SERVICE,Drug Disposition OC,A6130,Zzz-Archives,No,INF_BATCH,2024-07-05 08:48:47.548,INF_BATCH,2026-01-23 23:16:33.522,INF_R360
B61304,ZZZ_SERVICE - Preclinical Safety OC - B61304(Do Not Use),SERVICE,Preclinical Safety OC,A6130,Zzz-Archives,No,INF_BATCH,2024-07-05 08:48:47.548,INF_BATCH,2026-01-23 23:16:33.522,INF_R360
B61305,ZZZ_SERVICE - Shared Services - B61305(Do Not Use),SERVICE,Shared Services,A6130,Zzz-Archives,No,INF_BATCH,2024-07-05 08:48:47.548,INF_BATCH,2026-01-23 23:16:33.522,INF_R360
B61306,ZZZ_SERVICE - Other sites - B61306(Do Not Use),SERVICE,Other sites,A6130,Zzz-Archives,No,INF_BATCH,2024-07-05 08:48:47.548,INF_BATCH,2026-01-23 23:16:33.522,INF_R360
B62100,ZZZ_SERVICE - LGCR Direction - B62100(Do Not Use),SERVICE,LGCR Direction,A6210,Zzz-Archives,No,INF_BATCH,2024-07-05 08:48:47.548,INF_BATCH,2026-01-23 23:16:33.522,INF_R360
B62101,ZZZ_SERVICE - Unit Mgt Office - B62101(Do Not Use),SERVICE,Unit Mgt Office,A6210,Zzz-Archives,No,INF_BATCH,2024-07-05 08:48:47.548,INF_BATCH,2026-01-23 23:16:33.522,INF_R360
B62102,ZZZ_SERVICE - Special Projects and patent administration - B62102(Do Not Use),SERVICE,Special Projects and patent administration,A6210,Zzz-Archives,No,INF_BATCH,2024-07-05 08:48:47.548,INF_BATCH,2026-01-23 23:16:33.522,INF_R360
B62200,ZZZ_SERVICE - Chemistry - B62200(Do Not Use),SERVICE,Chemistry,A6220,Zzz-Archives,No,INF_BATCH,2024-07-05 08:48:47.548,INF_BATCH,2026-01-23 23:16:33.522,INF_R360
B62201,ZZZ_SERVICE - Biology - B62201(Do Not Use),SERVICE,Biology,A6220,Zzz-Archives,No,INF_BATCH,2024-07-05 08:48:47.548,INF_BATCH,2026-01-23 23:16:33.522,INF_R360
B62202,ZZZ_SERVICE - PALS (Production/Analytics / LogisticS) - B62202(Do Not Use),SERVICE,PALS (Production/Analytics / LogisticS),A6220,Zzz-Archives,No,INF_BATCH,2024-07-05 08:48:47.548,INF_BATCH,2026-01-23 23:16:33.522,INF_R360
B62300,ZZZ_SERVICE - LIT Direction - B62300(Do Not Use),SERVICE,LIT Direction,A6230,Zzz-Archives,No,INF_BATCH,2024-07-05 08:48:47.548,INF_BATCH,2026-01-23 23:16:33.522,INF_R360
B62301,ZZZ_SERVICE - LIT Biology - B62301(Do Not Use),SERVICE,LIT Biology,A6230,Zzz-Archives,No,INF_BATCH,2024-07-05 08:48:47.548,INF_BATCH,2026-01-23 23:16:33.522,INF_R360
B62302,ZZZ_SERVICE - LIT Microbiology - B62302(Do Not Use),SERVICE,LIT Microbiology,A6230,Zzz-Archives,No,INF_BATCH,2024-07-05 08:48:47.548,INF_BATCH,2026-01-23 23:16:33.522,INF_R360
B62303,ZZZ_SERVICE - Enzymes&oGPCR - B62303(Do Not Use),SERVICE,Enzymes&oGPCR,A6230,Zzz-Archives,No,INF_BATCH,2024-07-05 08:48:47.548,INF_BATCH,2026-01-23 23:16:33.522,INF_R360
B62304,ZZZ_SERVICE - Kinases - B62304(Do Not Use),SERVICE,Kinases,A6230,Zzz-Archives,No,INF_BATCH,2024-07-05 08:48:47.548,INF_BATCH,2026-01-23 23:16:33.522,INF_R360
B62305,ZZZ_SERVICE - Ion Channels - B62305(Do Not Use),SERVICE,Ion Channels,A6230,Zzz-Archives,No,INF_BATCH,2024-07-05 08:48:47.548,INF_BATCH,2026-01-23 23:16:33.522,INF_R360
B62306,ZZZ_SERVICE - Receptors - B62306(Do Not Use),SERVICE,Receptors,A6230,Zzz-Archives,No,INF_BATCH,2024-07-05 08:48:47.548,INF_BATCH,2026-01-23 23:16:33.522,INF_R360
B62307,ZZZ_SERVICE - Phenot & HCS - B62307(Do Not Use),SERVICE,Phenot & HCS,A6230,Zzz-Archives,No,INF_BATCH,2024-07-05 08:48:47.548,INF_BATCH,2026-01-23 23:16:33.522,INF_R360
B62308,ZZZ_SERVICE - Chemical Library - B62308(Do Not Use),SERVICE,Chemical Library,A6230,Zzz-Archives,No,INF_BATCH,2024-07-05 08:48:47.548,INF_BATCH,2026-01-23 23:16:33.522,INF_R360
B62400,ZZZ_SERVICE - Chemistry Direction - B62400(Do Not Use),SERVICE,Chemistry Direction,A6240,Zzz-Archives,No,INF_BATCH,2024-07-05 08:48:47.548,INF_BATCH,2026-01-23 23:16:33.522,INF_R360
B62401,ZZZ_SERVICE - Analytics & Purification - B62401(Do Not Use),SERVICE,Analytics & Purification,A6240,Zzz-Archives,No,INF_BATCH,2024-07-05 08:48:47.548,INF_BATCH,2026-01-23 23:16:33.522,INF_R360
B62402,ZZZ_SERVICE - NP Chemistry - B62402(Do Not Use),SERVICE,NP Chemistry,A6240,Zzz-Archives,No,INF_BATCH,2024-07-05 08:48:47.548,INF_BATCH,2026-01-23 23:16:33.522,INF_R360
B62403,ZZZ_SERVICE - Library Production - B62403(Do Not Use),SERVICE,Library Production,A6240,Zzz-Archives,No,INF_BATCH,2024-07-05 08:48:47.548,INF_BATCH,2026-01-23 23:16:33.522,INF_R360
B62404,ZZZ_SERVICE - Medicinal Chemistry - B62404(Do Not Use),SERVICE,Medicinal Chemistry,A6240,Zzz-Archives,No,INF_BATCH,2024-07-05 08:48:47.548,INF_BATCH,2026-01-23 23:16:33.522,INF_R360
B62410,ZZZ_SERVICE - Direction & UMO - B62410(Do Not Use),SERVICE,Direction & UMO,A6241,Zzz-Archives,No,INF_BATCH,2024-07-05 08:48:47.548,INF_BATCH,2026-01-23 23:16:33.522,INF_R360
B62411,ZZZ_SERVICE - Analytical R&D - B62411(Do Not Use),SERVICE,Analytical R&D,A6241,Zzz-Archives,No,INF_BATCH,2024-07-05 08:48:47.548,INF_BATCH,2026-01-23 23:16:33.522,INF_R360
B62412,ZZZ_SERVICE - Chemical Research - B62412(Do Not Use),SERVICE,Chemical Research,A6241,Zzz-Archives,No,INF_BATCH,2024-07-05 08:48:47.548,INF_BATCH,2026-01-23 23:16:33.522,INF_R360
B62413,ZZZ_SERVICE - Immunoconjugates - B62413(Do Not Use),SERVICE,Immunoconjugates,A6241,Zzz-Archives,No,INF_BATCH,2024-07-05 08:48:47.548,INF_BATCH,2026-01-23 23:16:33.522,INF_R360
B62414,ZZZ_SERVICE - New Therapeutics - B62414(Do Not Use),SERVICE,New Therapeutics,A6241,Zzz-Archives,No,INF_BATCH,2024-07-05 08:48:47.548,INF_BATCH,2026-01-23 23:16:33.522,INF_R360
B62415,ZZZ_SERVICE - In Vitro Biology - B62415(Do Not Use),SERVICE,In Vitro Biology,A6241,Zzz-Archives,No,INF_BATCH,2024-07-05 08:48:47.548,INF_BATCH,2026-01-23 23:16:33.522,INF_R360
B62416,ZZZ_SERVICE - Protein-Protein - B62416(Do Not Use),SERVICE,Protein-Protein,A6241,Zzz-Archives,No,INF_BATCH,2024-07-05 08:48:47.548,INF_BATCH,2026-01-23 23:16:33.522,INF_R360
B62417,ZZZ_SERVICE - Novel Conjugates - B62417(Do Not Use),SERVICE,Novel Conjugates,A6241,Zzz-Archives,No,INF_BATCH,2024-07-05 08:48:47.548,INF_BATCH,2026-01-23 23:16:33.522,INF_R360
B62418,ZZZ_SERVICE - PRE-DEVELOPMENT - B62418(Do Not Use),SERVICE,PRE-DEVELOPMENT,A6241,Zzz-Archives,No,INF_BATCH,2024-07-05 08:48:47.548,INF_BATCH,2026-01-23 23:16:33.522,INF_R360
B62419,ZZZ_SERVICE - Alternatives - B62419(Do Not Use),SERVICE,Alternatives,A6241,Zzz-Archives,No,INF_BATCH,2024-07-05 08:48:47.548,INF_BATCH,2026-01-23 23:16:33.522,INF_R360
B62500,ZZZ_SERVICE - Drug Design - B62500(Do Not Use),SERVICE,Drug Design,A6250,Zzz-Archives,No,INF_BATCH,2024-07-05 08:48:47.548,INF_BATCH,2026-01-23 23:16:33.522,INF_R360
B62501,ZZZ_SERVICE - Structural Biology - B62501(Do Not Use),SERVICE,Structural Biology,A6250,Zzz-Archives,No,INF_BATCH,2024-07-05 08:48:47.548,INF_BATCH,2026-01-23 23:16:33.522,INF_R360
B62502,ZZZ_SERVICE - Bioinformatics - B62502(Do Not Use),SERVICE,Bioinformatics,A6250,Zzz-Archives,No,INF_BATCH,2024-07-05 08:48:47.548,INF_BATCH,2026-01-23 23:16:33.522,INF_R360
B62503,ZZZ_SERVICE - Scientific computing & data mgt - B62503(Do Not Use),SERVICE,Scientific computing & data mgt,A6250,Zzz-Archives,No,INF_BATCH,2024-07-05 08:48:47.548,INF_BATCH,2026-01-23 23:16:33.522,INF_R360
B62600,ZZZ_SERVICE - Structural & Physical Chem. - B62600(Do Not Use),SERVICE,Structural & Physical Chem.,A6260,Zzz-Archives,No,INF_BATCH,2024-07-05 08:48:47.548,INF_BATCH,2026-01-23 23:16:33.522,INF_R360
B62601,ZZZ_SERVICE - Analytical Dev - B62601(Do Not Use),SERVICE,Analytical Dev,A6260,Zzz-Archives,No,INF_BATCH,2024-07-05 08:48:47.548,INF_BATCH,2026-01-23 23:16:33.522,INF_R360
B62602,ZZZ_SERVICE - Solid State - B62602(Do Not Use),SERVICE,Solid State,A6260,Zzz-Archives,No,INF_BATCH,2024-07-05 08:48:47.548,INF_BATCH,2026-01-23 23:16:33.522,INF_R360
B62603,ZZZ_SERVICE - Chem. Dev Support - B62603(Do Not Use),SERVICE,Chem. Dev Support,A6260,Zzz-Archives,No,INF_BATCH,2024-07-05 08:48:47.548,INF_BATCH,2026-01-23 23:16:33.522,INF_R360
B62604,ZZZ_SERVICE - Data Mgt Doc / UMO - B62604(Do Not Use),SERVICE,Data Mgt Doc / UMO,A6260,Zzz-Archives,No,INF_BATCH,2024-07-05 08:48:47.548,INF_BATCH,2026-01-23 23:16:33.522,INF_R360
B62605,ZZZ_SERVICE - Preformulation  & Dissolution - B62605(Do Not Use),SERVICE,Preformulation  & Dissolution,A6260,Zzz-Archives,No,INF_BATCH,2024-07-05 08:48:47.548,INF_BATCH,2026-01-23 23:16:33.522,INF_R360
B62606,ZZZ_SERVICE - Physical  Chemistry - B62606(Do Not Use),SERVICE,Physical  Chemistry,A6260,Zzz-Archives,No,INF_BATCH,2024-07-05 08:48:47.548,INF_BATCH,2026-01-23 23:16:33.522,INF_R360
B62607,ZZZ_SERVICE - Biomarkers analysis - B62607(Do Not Use),SERVICE,Biomarkers analysis,A6260,Zzz-Archives,No,INF_BATCH,2024-07-05 08:48:47.548,INF_BATCH,2026-01-23 23:16:33.522,INF_R360
B62608,ZZZ_SERVICE - Support screen - B62608(Do Not Use),SERVICE,Support screen,A6260,Zzz-Archives,No,INF_BATCH,2024-07-05 08:48:47.548,INF_BATCH,2026-01-23 23:16:33.522,INF_R360
B62609,ZZZ_SERVICE - Adv. Prep. Chromatography - B62609(Do Not Use),SERVICE,Adv. Prep. Chromatography,A6260,Zzz-Archives,No,INF_BATCH,2024-07-05 08:48:47.548,INF_BATCH,2026-01-23 23:16:33.522,INF_R360
B68106,ZZZ_SERVICE - Animal Model & Housing - B68106(Do Not Use),SERVICE,Animal Model & Housing,A6810,Zzz-Archives,No,INF_BATCH,2024-07-05 08:48:47.548,INF_BATCH,2026-01-23 23:16:33.522,INF_R360
B68107,ZZZ_SERVICE - Translational Technologies - B68107(Do Not Use),SERVICE,Translational Technologies,A6810,Zzz-Archives,No,INF_BATCH,2024-07-05 08:48:47.548,INF_BATCH,2026-01-23 23:16:33.522,INF_R360
B68170,ZZZ_SERVICE - Evotec TSA purchasing - B68170(Do Not Use),SERVICE,Evotec TSA purchasing,A6810,Zzz-Archives,No,INF_BATCH,2024-07-05 08:48:47.548,INF_BATCH,2026-01-23 23:16:33.522,INF_R360
B71100,ZZZ_SERVICE - CMO Direction - B71100(Do Not Use),SERVICE,CMO Direction,A7110,Zzz-Archives,No,INF_BATCH,2024-07-05 08:48:47.548,INF_BATCH,2026-01-23 23:16:33.522,INF_R360
B71150,ZZZ_SERVICE - CMO Direction NG - B71150(Do Not Use),SERVICE,CMO Direction NG,A7115,Zzz-Archives,No,INF_BATCH,2024-07-05 08:48:47.548,INF_BATCH,2026-01-23 23:16:33.522,INF_R360
B71200,ZZZ_SERVICE - Regulatory Direction - B71200(Do Not Use),SERVICE,Regulatory Direction,A7120,Zzz-Archives,No,INF_BATCH,2024-07-05 08:48:47.548,INF_BATCH,2026-01-23 23:16:33.522,INF_R360
B71201,ZZZ_SERVICE - North America & Global - B71201(Do Not Use),SERVICE,North America & Global,A7120,Zzz-Archives,No,INF_BATCH,2024-07-05 08:48:47.548,INF_BATCH,2026-01-23 23:16:33.522,INF_R360
B71202,ZZZ_SERVICE - Labeling (not more used in 2015) - B71202(Do Not Use),SERVICE,Labeling (not more used in 2015),A7120,Zzz-Archives,No,INF_BATCH,2024-07-05 08:48:47.548,INF_BATCH,2026-01-23 23:16:33.522,INF_R360
B71203,ZZZ_SERVICE - Global Regulatory Operations - B71203(Do Not Use),SERVICE,Global Regulatory Operations,A7120,Zzz-Archives,No,INF_BATCH,2024-07-05 08:48:47.548,INF_BATCH,2026-01-23 23:16:33.522,INF_R360
B71204,ZZZ_SERVICE - Regulatory Policy & Intelligence - B71204(Do Not Use),SERVICE,Regulatory Policy & Intelligence,A7120,Zzz-Archives,No,INF_BATCH,2024-07-05 08:48:47.548,INF_BATCH,2026-01-23 23:16:33.522,INF_R360
B71205,ZZZ_SERVICE - Regulatory Japan & Pacific - B71205(Do Not Use),SERVICE,Regulatory Japan & Pacific,A7120,Zzz-Archives,No,INF_BATCH,2024-07-05 08:48:47.548,INF_BATCH,2026-01-23 23:16:33.522,INF_R360
B71206,ZZZ_SERVICE - Global CMC & devices - B71206(Do Not Use),SERVICE,Global CMC & devices,A7120,Zzz-Archives,No,INF_BATCH,2024-07-05 08:48:47.548,INF_BATCH,2026-01-23 23:16:33.522,INF_R360
B71207,ZZZ_SERVICE - Regulatory China & Asia - B71207(Do Not Use),SERVICE,Regulatory China & Asia,A7120,Zzz-Archives,No,INF_BATCH,2024-07-05 08:48:47.548,INF_BATCH,2026-01-23 23:16:33.522,INF_R360
B71208,ZZZ_SERVICE - Regulatory ITC - B71208(Do Not Use),SERVICE,Regulatory ITC,A7120,Zzz-Archives,No,INF_BATCH,2024-07-05 08:48:47.548,INF_BATCH,2026-01-23 23:16:33.522,INF_R360
B71209,ZZZ_SERVICE - Europe & Global - B71209(Do Not Use),SERVICE,Europe & Global,A7120,Zzz-Archives,No,INF_BATCH,2024-07-05 08:48:47.548,INF_BATCH,2026-01-23 23:16:33.522,INF_R360
B71210,ZZZ_SERVICE - Regulatory LatAm - B71210(Do Not Use),SERVICE,Regulatory LatAm,A7120,Zzz-Archives,No,INF_BATCH,2024-07-05 08:48:47.548,INF_BATCH,2026-01-23 23:16:33.522,INF_R360
B71211,ZZZ_SERVICE - Regulatory Management Office - B71211(Do Not Use),SERVICE,Regulatory Management Office,A7120,Zzz-Archives,No,INF_BATCH,2024-07-05 08:48:47.548,INF_BATCH,2026-01-23 23:16:33.522,INF_R360
B71250,ZZZ_SERVICE - Regulatory Americas & Global Genzyme - B71250(Do Not Use),SERVICE,Regulatory Americas & Global Genzyme,A7120,Zzz-Archives,No,INF_BATCH,2024-07-05 08:48:47.548,INF_BATCH,2026-01-23 23:16:33.522,INF_R360
B71251,ZZZ_SERVICE - Regulatory Affairs Endocrinology / Cardiology Genzyme - B71251(Do Not Use),SERVICE,Regulatory Affairs Endocrinology / Cardiology Genzyme,A7120,Zzz-Archives,No,INF_BATCH,2024-07-05 08:48:47.548,INF_BATCH,2026-01-23 23:16:33.522,INF_R360
B71252,ZZZ_SERVICE - Regulatory Affairs PGH Genzyme - B71252(Do Not Use),SERVICE,Regulatory Affairs PGH Genzyme,A7120,Zzz-Archives,No,INF_BATCH,2024-07-05 08:48:47.548,INF_BATCH,2026-01-23 23:16:33.522,INF_R360
B71253,ZZZ_SERVICE - Regulatory Operations Genzyme - B71253(Do Not Use),SERVICE,Regulatory Operations Genzyme,A7120,Zzz-Archives,No,INF_BATCH,2024-07-05 08:48:47.548,INF_BATCH,2026-01-23 23:16:33.522,INF_R360
B71254,ZZZ_SERVICE - Regulatory Affairs Neuro Genzyme - B71254(Do Not Use),SERVICE,Regulatory Affairs Neuro Genzyme,A7120,Zzz-Archives,No,INF_BATCH,2024-07-05 08:48:47.548,INF_BATCH,2026-01-23 23:16:33.522,INF_R360
B71255,ZZZ_SERVICE - Regulatory EMEA / Asia Pac Genzyme - B71255(Do Not Use),SERVICE,Regulatory EMEA / Asia Pac Genzyme,A7120,Zzz-Archives,No,INF_BATCH,2024-07-05 08:48:47.548,INF_BATCH,2026-01-23 23:16:33.522,INF_R360
B71256,ZZZ_SERVICE - CMC Genzyme - B71256(Do Not Use),SERVICE,CMC Genzyme,A7125,Zzz-Archives,No,INF_BATCH,2024-07-05 08:48:47.548,INF_BATCH,2026-01-23 23:16:33.522,INF_R360
B71257,ZZZ_SERVICE - Regulatory Policy & Intelligence Genzyme - B71257(Do Not Use),SERVICE,Regulatory Policy & Intelligence Genzyme,A7125,Zzz-Archives,No,INF_BATCH,2024-07-05 08:48:47.548,INF_BATCH,2026-01-23 23:16:33.522,INF_R360
B71300,ZZZ_SERVICE - Global Medical Operations - B71300(Do Not Use),SERVICE,Global Medical Operations,A7130,Zzz-Archives,No,INF_BATCH,2024-07-05 08:48:47.548,INF_BATCH,2026-01-23 23:16:33.522,INF_R360
B71350,ZZZ_SERVICE - Medical Affairs NG - B71350(Do Not Use),SERVICE,Medical Affairs NG,A7135,Zzz-Archives,No,INF_BATCH,2024-07-05 08:48:47.548,INF_BATCH,2026-01-23 23:16:33.522,INF_R360
B71351,ZZZ_SERVICE - Medical  Information NG - B71351(Do Not Use),SERVICE,Medical  Information NG,A7135,Zzz-Archives,No,INF_BATCH,2024-07-05 08:48:47.548,INF_BATCH,2026-01-23 23:16:33.522,INF_R360
B71400,ZZZ_SERVICE - PV Direction - B71400(Do Not Use),SERVICE,PV Direction,A7140,Zzz-Archives,No,INF_BATCH,2024-07-05 08:48:47.548,INF_BATCH,2026-01-23 23:16:33.522,INF_R360
B71401,ZZZ_SERVICE - Safety Surveillance & RM - B71401(Do Not Use),SERVICE,Safety Surveillance & RM,A7140,Zzz-Archives,No,INF_BATCH,2024-07-05 08:48:47.548,INF_BATCH,2026-01-23 23:16:33.522,INF_R360
B71402,ZZZ_SERVICE - PV Affiliate Relations - B71402(Do Not Use),SERVICE,PV Affiliate Relations,A7140,Zzz-Archives,No,INF_BATCH,2024-07-05 08:48:47.548,INF_BATCH,2026-01-23 23:16:33.522,INF_R360
B71403,ZZZ_SERVICE - PV Operations - B71403(Do Not Use),SERVICE,PV Operations,A7140,Zzz-Archives,No,INF_BATCH,2024-07-05 08:48:47.548,INF_BATCH,2026-01-23 23:16:33.522,INF_R360
B71404,ZZZ_SERVICE - PV Quality Training & Compliance - B71404(Do Not Use),SERVICE,PV Quality Training & Compliance,A7140,Zzz-Archives,No,INF_BATCH,2024-07-05 08:48:47.548,INF_BATCH,2026-01-23 23:16:33.522,INF_R360
B71405,ZZZ_SERVICE - PharmacoEpidemiology - B71405(Do Not Use),SERVICE,PharmacoEpidemiology,A7140,Zzz-Archives,No,INF_BATCH,2024-07-05 08:48:47.548,INF_BATCH,2026-01-23 23:16:33.522,INF_R360
B71406,ZZZ_SERVICE - EU QP Office & PV Policy - B71406(Do Not Use),SERVICE,EU QP Office & PV Policy,A7140,Zzz-Archives,No,INF_BATCH,2024-07-05 08:48:47.548,INF_BATCH,2026-01-23 23:16:33.522,INF_R360
B71450,ZZZ_SERVICE - Safety Surveillance & RM  NG - B71450(Do Not Use),SERVICE,Safety Surveillance & RM  NG,A7140,Zzz-Archives,No,INF_BATCH,2024-07-05 08:48:47.548,INF_BATCH,2026-01-23 23:16:33.522,INF_R360
B71500,ZZZ_SERVICE - Valorisation - B71500(Do Not Use),SERVICE,Valorisation,A7150,Zzz-Archives,No,INF_BATCH,2024-07-05 08:48:47.548,INF_BATCH,2026-01-23 23:16:33.522,INF_R360
B71501,ZZZ_SERVICE - Scientific support - B71501(Do Not Use),SERVICE,Scientific support,A7150,Zzz-Archives,No,INF_BATCH,2024-07-05 08:48:47.548,INF_BATCH,2026-01-23 23:16:33.522,INF_R360
B71502,ZZZ_SERVICE - Strategic Support - B71502(Do Not Use),SERVICE,Strategic Support,A7150,Zzz-Archives,No,INF_BATCH,2024-07-05 08:48:47.548,INF_BATCH,2026-01-23 23:16:33.522,INF_R360
B71600,ZZZ_SERVICE - Customer Medical Synergy - B71600(Do Not Use),SERVICE,Customer Medical Synergy,A7160,Zzz-Archives,No,INF_BATCH,2024-07-05 08:48:47.548,INF_BATCH,2026-01-23 23:16:33.522,INF_R360
B71700,ZZZ_SERVICE - Strategic Project - B71700(Do Not Use),SERVICE,Strategic Project,A7170,Zzz-Archives,No,INF_BATCH,2024-07-05 08:48:47.548,INF_BATCH,2026-01-23 23:16:33.522,INF_R360
B71701,ZZZ_SERVICE - Governance - B71701(Do Not Use),SERVICE,Governance,A7170,Zzz-Archives,No,INF_BATCH,2024-07-05 08:48:47.548,INF_BATCH,2026-01-23 23:16:33.522,INF_R360
B71702,ZZZ_SERVICE - Evidence Definition - B71702(Do Not Use),SERVICE,Evidence Definition,A7170,Zzz-Archives,No,INF_BATCH,2024-07-05 08:48:47.548,INF_BATCH,2026-01-23 23:16:33.522,INF_R360
B71703,ZZZ_SERVICE - Evidence Generation - B71703(Do Not Use),SERVICE,Evidence Generation,A7170,Zzz-Archives,No,INF_BATCH,2024-07-05 08:48:47.548,INF_BATCH,2026-01-23 23:16:33.522,INF_R360
B71704,ZZZ_SERVICE - Evidence Translation - B71704(Do Not Use),SERVICE,Evidence Translation,A7170,Zzz-Archives,No,INF_BATCH,2024-07-05 08:48:47.548,INF_BATCH,2026-01-23 23:16:33.522,INF_R360
B71706,ZZZ_SERVICE - Early Patients & Medical Perspectives - B71706(Do Not Use),SERVICE,Early Patients & Medical Perspectives,A7170,Zzz-Archives,No,INF_BATCH,2024-07-05 08:48:47.548,INF_BATCH,2026-01-23 23:16:33.522,INF_R360
B71750,ZZZ_SERVICE - Evidence Translation  NG - B71750(Do Not Use),SERVICE,Evidence Translation  NG,A7175,Zzz-Archives,No,INF_BATCH,2024-07-05 08:48:47.548,INF_BATCH,2026-01-23 23:16:33.522,INF_R360
B71901,ZZZ_SERVICE - HQGD&SCD - B71901(Do Not Use),SERVICE,HQGD&SCD,A7190,Zzz-Archives,No,INF_BATCH,2024-07-05 08:48:47.548,INF_BATCH,2026-01-23 23:16:33.522,INF_R360
B72100,ZZZ_SERVICE - Quality Direction - B72100(Do Not Use),SERVICE,Quality Direction,A7210,Zzz-Archives,No,INF_BATCH,2024-07-05 08:48:47.548,INF_BATCH,2026-01-23 23:16:33.522,INF_R360
B72101,ZZZ_SERVICE - Sites Quality Operations - B72101(Do Not Use),SERVICE,Sites Quality Operations,A7210,Zzz-Archives,No,INF_BATCH,2024-07-05 08:48:47.548,INF_BATCH,2026-01-23 23:16:33.522,INF_R360
B72102,ZZZ_SERVICE - Clinical & Medical Quality Operations - B72102(Do Not Use),SERVICE,Clinical & Medical Quality Operations,A7210,Zzz-Archives,No,INF_BATCH,2024-07-05 08:48:47.548,INF_BATCH,2026-01-23 23:16:33.522,INF_R360
B72103,ZZZ_SERVICE - GZ Global Quality - B72103(Do Not Use),SERVICE,GZ Global Quality,A7210,Zzz-Archives,No,INF_BATCH,2024-07-05 08:48:47.548,INF_BATCH,2026-01-23 23:16:33.522,INF_R360
B81100,ZZZ_SERVICE - Other Scientific CDI - B81100(Do Not Use),SERVICE,Other Scientific CDI,A8110,Zzz-Archives,No,INF_BATCH,2024-07-05 08:48:47.548,INF_BATCH,2026-01-23 23:16:33.522,INF_R360
B81101,ZZZ_SERVICE - Other Support CDI - B81101(Do Not Use),SERVICE,Other Support CDI,A8110,Zzz-Archives,No,INF_BATCH,2024-07-05 08:48:47.548,INF_BATCH,2026-01-23 23:16:33.522,INF_R360
B81102,ZZZ_SERVICE - Overheads - B81102(Do Not Use),SERVICE,Overheads,A8110,Zzz-Archives,No,INF_BATCH,2024-07-05 08:48:47.548,INF_BATCH,2026-01-23 23:16:33.522,INF_R360
B81200,ZZZ_SERVICE - Infra - B81200(Do Not Use),SERVICE,Infra,A8120,Zzz-Archives,No,INF_BATCH,2024-07-05 08:48:47.548,INF_BATCH,2026-01-23 23:16:33.522,INF_R360
B81201,ZZZ_SERVICE - Research Internal - B81201(Do Not Use),SERVICE,Research Internal,A8120,Zzz-Archives,No,INF_BATCH,2024-07-05 08:48:47.548,INF_BATCH,2026-01-23 23:16:33.522,INF_R360
B81202,ZZZ_SERVICE - Dev Internal - B81202(Do Not Use),SERVICE,Dev Internal,A8120,Zzz-Archives,No,INF_BATCH,2024-07-05 08:48:47.548,INF_BATCH,2026-01-23 23:16:33.522,INF_R360
B91100,ZZZ_SERVICE - BMS - B91100(Do Not Use),SERVICE,BMS,A9110,Zzz-Archives,No,INF_BATCH,2024-07-05 08:48:47.548,INF_BATCH,2026-01-23 23:16:33.522,INF_R360
B91101,ZZZ_SERVICE - Wellstat - B91101(Do Not Use),SERVICE,Wellstat,A9110,Zzz-Archives,No,INF_BATCH,2024-07-05 08:48:47.548,INF_BATCH,2026-01-23 23:16:33.522,INF_R360
B91102,ZZZ_SERVICE - Fovea - B91102(Do Not Use),SERVICE,Fovea,A9110,Zzz-Archives,No,INF_BATCH,2024-07-05 08:48:47.548,INF_BATCH,2026-01-23 23:16:33.522,INF_R360
B91103,ZZZ_SERVICE - BiPar Partnerships - B91103(Do Not Use),SERVICE,BiPar Partnerships,A9110,Zzz-Archives,No,INF_BATCH,2024-07-05 08:48:47.548,INF_BATCH,2026-01-23 23:16:33.522,INF_R360
B91104,ZZZ_SERVICE - Exelixis - B91104(Do Not Use),SERVICE,Exelixis,A9110,Zzz-Archives,No,INF_BATCH,2024-07-05 08:48:47.548,INF_BATCH,2026-01-23 23:16:33.522,INF_R360
B91105,ZZZ_SERVICE - Regeneron - B91105(Do Not Use),SERVICE,Regeneron,A9110,Zzz-Archives,No,INF_BATCH,2024-07-05 08:48:47.548,INF_BATCH,2026-01-23 23:16:33.522,INF_R360
B91106,ZZZ_SERVICE - Millenium - B91106(Do Not Use),SERVICE,Millenium,A9110,Zzz-Archives,No,INF_BATCH,2024-07-05 08:48:47.548,INF_BATCH,2026-01-23 23:16:33.522,INF_R360
B91107,ZZZ_SERVICE - Procter & Gamble - B91107(Do Not Use),SERVICE,Procter & Gamble,A9110,Zzz-Archives,No,INF_BATCH,2024-07-05 08:48:47.548,INF_BATCH,2026-01-23 23:16:33.522,INF_R360
B91108,ZZZ_SERVICE - Taiho - B91108(Do Not Use),SERVICE,Taiho,A9110,Zzz-Archives,No,INF_BATCH,2024-07-05 08:48:47.548,INF_BATCH,2026-01-23 23:16:33.522,INF_R360
B91109,ZZZ_SERVICE - Mitsubishi - B91109(Do Not Use),SERVICE,Mitsubishi,A9110,Zzz-Archives,No,INF_BATCH,2024-07-05 08:48:47.548,INF_BATCH,2026-01-23 23:16:33.522,INF_R360
B91110,ZZZ_SERVICE - Oxford BioMedica - B91110(Do Not Use),SERVICE,Oxford BioMedica,A9110,Zzz-Archives,No,INF_BATCH,2024-07-05 08:48:47.548,INF_BATCH,2026-01-23 23:16:33.522,INF_R360
B91111,ZZZ_SERVICE - Merrimack - B91111(Do Not Use),SERVICE,Merrimack,A9110,Zzz-Archives,No,INF_BATCH,2024-07-05 08:48:47.548,INF_BATCH,2026-01-23 23:16:33.522,INF_R360
B91112,ZZZ_SERVICE - Alopexx - B91112(Do Not Use),SERVICE,Alopexx,A9110,Zzz-Archives,No,INF_BATCH,2024-07-05 08:48:47.548,INF_BATCH,2026-01-23 23:16:33.522,INF_R360
B91199,ZZZ_SERVICE - Partners - B91199(Do Not Use),SERVICE,Partners,A9110,Zzz-Archives,No,INF_BATCH,2024-07-05 08:48:47.548,INF_BATCH,2026-01-23 23:16:33.522,INF_R360
B91900,ZZZ_SERVICE - Other Partnerships - B91900(Do Not Use),SERVICE,Other Partnerships,A9110,Zzz-Archives,No,INF_BATCH,2024-07-05 08:48:47.548,INF_BATCH,2026-01-23 23:16:33.522,INF_R360
BA,UNIT - China - BA,UNIT,China,B,Total_Pharma_Services,Yes,INF_BATCH,2024-07-05 08:48:47.548,INF_BATCH,2026-01-23 23:16:33.522,INF_R360
BA10,DEPARTMENT - China Management - Bio & Early projects - BA10,DEPARTMENT,China Management - Bio & Early projects,BA,Total_Pharma_Services,Yes,INF_BATCH,2024-07-05 08:48:47.548,INF_BATCH,2026-01-23 23:16:33.522,INF_R360
BA1000,SERVICE - China Management - BA1000,SERVICE,China Management,BA10,Total_Pharma_Services,Yes,INF_BATCH,2024-07-05 08:48:47.548,INF_BATCH,2026-01-23 23:16:33.522,INF_R360
BA11,DEPARTMENT - China Development Projects - BA11,DEPARTMENT,China Development Projects,BA,Total_Pharma_Services,Yes,INF_BATCH,2024-07-05 08:48:47.548,INF_BATCH,2026-01-23 23:16:33.522,INF_R360
BA1100,SERVICE - China Development DCV - BA1100,SERVICE,China Development DCV,BA11,Total_Pharma_Services,Yes,INF_BATCH,2024-07-05 08:48:47.548,INF_BATCH,2026-01-23 23:16:33.522,INF_R360
BA1101,SERVICE - China Development Oncology - BA1101,SERVICE,China Development Oncology,BA11,Total_Pharma_Services,Yes,INF_BATCH,2024-07-05 08:48:47.548,INF_BATCH,2026-01-23 23:16:33.522,INF_R360
BA1102,SERVICE - China Development I&I - BA1102,SERVICE,China Development I&I,BA11,Total_Pharma_Services,Yes,INF_BATCH,2024-07-05 08:48:47.548,INF_BATCH,2026-01-23 23:16:33.522,INF_R360
BA1103,SERVICE - China Dev Rare and Rare Blood Disorders D - BA1103,SERVICE,China Dev Rare and Rare Blood Disorders D,BA11,Total_Pharma_Services,Yes,INF_BATCH,2024-07-05 08:48:47.548,INF_BATCH,2026-01-23 23:16:33.522,INF_R360
BB,ZZZ_UNIT - Cardiovascular Diseases - BB(Do Not Use),UNIT,Cardiovascular Diseases,B,Total_Pharma_Services,No,INF_BATCH,2024-07-05 08:48:47.548,INF_BATCH,2026-01-23 23:16:33.522,INF_R360
BB10,ZZZ_DEPARTMENT - Cardiovascular Dev Unit - BB10(Do Not Use),DEPARTMENT,Cardiovascular Dev Unit,BB,Total_Pharma_Services,No,INF_BATCH,2024-07-05 08:48:47.548,INF_BATCH,2026-01-23 23:16:33.522,INF_R360
BB1000,ZZZ_SERVICE - Cardiovascular Dev Unit - BB1000(Do Not Use),SERVICE,Cardiovascular Dev Unit,BB10,Total_Pharma_Services,No,INF_BATCH,2024-07-05 08:48:47.548,INF_BATCH,2026-01-23 23:16:33.522,INF_R360
BB99,ZZZ_DEPARTMENT - Regeneron - Cardiovascular Dev - BB99(Do Not Use),DEPARTMENT,Regeneron - Cardiovascular Dev,BB,Total_Pharma_Services,No,INF_BATCH,2024-07-05 08:48:47.548,INF_BATCH,2026-01-23 23:16:33.522,INF_R360
BB9900,ZZZ_SERVICE - PCSK9 REGN Dev - BB9900(Do Not Use),SERVICE,PCSK9 REGN Dev,BB99,Total_Pharma_Services,No,INF_BATCH,2024-07-05 08:48:47.548,INF_BATCH,2026-01-23 23:16:33.522,INF_R360
BC,UNIT - Development/CMO Strategy & Excellence - BC,UNIT,Development/CMO Strategy & Excellence,B,Total_Pharma_Services,Yes,INF_BATCH,2024-07-05 08:48:47.548,INF_BATCH,2026-01-23 23:16:33.522,INF_R360
BC10,DEPARTMENT - Development Management - BC10,DEPARTMENT,Development Management,BC,Total_Pharma_Services,Yes,INF_BATCH,2024-07-05 08:48:47.548,INF_BATCH,2026-01-23 23:16:33.522,INF_R360
BC1000,SERVICE - Development Management - BC1000,SERVICE,Development Management,BC10,Total_Pharma_Services,Yes,INF_BATCH,2024-07-05 08:48:47.548,INF_BATCH,2026-01-23 23:16:33.522,INF_R360
BC1001,SERVICE - Translational Gene Therapy - BC1001,SERVICE,Translational Gene Therapy,BC10,Total_Pharma_Services,Yes,INF_BATCH,2024-07-05 08:48:47.548,INF_BATCH,2026-01-23 23:16:33.522,INF_R360
BC11,ZZZ_DEPARTMENT - Global Project Management - BC11(Do Not Use),DEPARTMENT,Global Project Management,BC,Total_Pharma_Services,No,INF_BATCH,2024-07-05 08:48:47.548,INF_BATCH,2026-01-23 23:16:33.522,INF_R360
BC1100,ZZZ_SERVICE - GPM Direction - BC1100(Do Not Use),SERVICE,GPM Direction,BC11,Total_Pharma_Services,No,INF_BATCH,2024-07-05 08:48:47.548,INF_BATCH,2026-01-23 23:16:33.522,INF_R360
BC1101,ZZZ_SERVICE - GPM A&P - BC1101(Do Not Use),SERVICE,GPM A&P,BC11,Total_Pharma_Services,No,INF_BATCH,2024-07-05 08:48:47.548,INF_BATCH,2026-01-23 23:16:33.522,INF_R360
BC1102,ZZZ_SERVICE - GPM Cardio Diab - BC1102(Do Not Use),SERVICE,GPM Cardio Diab,BC11,Total_Pharma_Services,No,INF_BATCH,2024-07-05 08:48:47.548,INF_BATCH,2026-01-23 23:16:33.522,INF_R360
BC1103,ZZZ_SERVICE - GPM I&I - BC1103(Do Not Use),SERVICE,GPM I&I,BC11,Total_Pharma_Services,No,INF_BATCH,2024-07-05 08:48:47.548,INF_BATCH,2026-01-23 23:16:33.522,INF_R360
BC1104,ZZZ_SERVICE - GPM MS NEURO OPHTA - BC1104(Do Not Use),SERVICE,GPM MS NEURO OPHTA,BC11,Total_Pharma_Services,No,INF_BATCH,2024-07-05 08:48:47.548,INF_BATCH,2026-01-23 23:16:33.522,INF_R360
BC1105,ZZZ_SERVICE - GPM Oncology - BC1105(Do Not Use),SERVICE,GPM Oncology,BC11,Total_Pharma_Services,No,INF_BATCH,2024-07-05 08:48:47.548,INF_BATCH,2026-01-23 23:16:33.522,INF_R360
BC1106,ZZZ_SERVICE - GPM Rare Disease - BC1106(Do Not Use),SERVICE,GPM Rare Disease,BC11,Total_Pharma_Services,No,INF_BATCH,2024-07-05 08:48:47.548,INF_BATCH,2026-01-23 23:16:33.522,INF_R360
BC12,DEPARTMENT - Development/CMO Strategy & Excellence - BC12,DEPARTMENT,Development/CMO Strategy & Excellence,BC,Total_Pharma_Services,Yes,INF_BATCH,2024-07-05 08:48:47.548,INF_BATCH,2026-01-23 23:16:33.522,INF_R360
BC1200,SERVICE - DWG Governance and Dev Training - BC1200,SERVICE,DWG Governance and Dev Training,BC12,Total_Pharma_Services,Yes,INF_BATCH,2024-07-05 08:48:47.548,INF_BATCH,2026-01-23 23:16:33.522,INF_R360
A6380,ZZZ_DEPARTMENT - Device BIO - A6380(Do Not Use),DEPARTMENT,Device BIO,U63,Zzz-Archives,No,INF_BATCH,2024-07-05 08:48:47.548,INF_BATCH,2026-01-23 23:16:33.522,INF_R360
A6410,ZZZ_DEPARTMENT - Clinical Supplies - A6410(Do Not Use),DEPARTMENT,Clinical Supplies,U64,Zzz-Archives,No,INF_BATCH,2024-07-05 08:48:47.548,INF_BATCH,2026-01-23 23:16:33.522,INF_R360
A6510,ZZZ_DEPARTMENT - Clinical Sc Ops Mgt & Enabling Services - A6510(Do Not Use),DEPARTMENT,Clinical Sc Ops Mgt & Enabling Services,U65,Zzz-Archives,No,INF_BATCH,2024-07-05 08:48:47.548,INF_BATCH,2026-01-23 23:16:33.522,INF_R360
A6520,ZZZ_DEPARTMENT - Clinical Sc Ops Quality Mgt - A6520(Do Not Use),DEPARTMENT,Clinical Sc Ops Quality Mgt,U65,Zzz-Archives,No,INF_BATCH,2024-07-05 08:48:47.548,INF_BATCH,2026-01-23 23:16:33.522,INF_R360
A6530,ZZZ_DEPARTMENT - Clinical Sc Ops Techno & Info Mgt - A6530(Do Not Use),DEPARTMENT,Clinical Sc Ops Techno & Info Mgt,U65,Zzz-Archives,No,INF_BATCH,2024-07-05 08:48:47.548,INF_BATCH,2026-01-23 23:16:33.522,INF_R360
A6540,ZZZ_DEPARTMENT - Trial Operations - A6540(Do Not Use),DEPARTMENT,Trial Operations,U65,Zzz-Archives,No,INF_BATCH,2024-07-05 08:48:47.548,INF_BATCH,2026-01-23 23:16:33.522,INF_R360
A6550,ZZZ_DEPARTMENT - Medical Operations - A6550(Do Not Use),DEPARTMENT,Medical Operations,U65,Zzz-Archives,No,INF_BATCH,2024-07-05 08:48:47.548,INF_BATCH,2026-01-23 23:16:33.522,INF_R360
A6560,ZZZ_DEPARTMENT - Biostatistics & Programming - A6560(Do Not Use),DEPARTMENT,Biostatistics & Programming,U65,Zzz-Archives,No,INF_BATCH,2024-07-05 08:48:47.548,INF_BATCH,2026-01-23 23:16:33.522,INF_R360
A6570,ZZZ_DEPARTMENT - Clinical Documentation - A6570(Do Not Use),DEPARTMENT,Clinical Documentation,U65,Zzz-Archives,No,INF_BATCH,2024-07-05 08:48:47.548,INF_BATCH,2026-01-23 23:16:33.522,INF_R360
A6580,ZZZ_DEPARTMENT - Clinical & Expl. Pharmacology - A6580(Do Not Use),DEPARTMENT,Clinical & Expl. Pharmacology,U65,Zzz-Archives,No,INF_BATCH,2024-07-05 08:48:47.548,INF_BATCH,2026-01-23 23:16:33.522,INF_R360
A6590,ZZZ_DEPARTMENT - Clinical Study Units - A6590(Do Not Use),DEPARTMENT,Clinical Study Units,U65,Zzz-Archives,No,INF_BATCH,2024-07-05 08:48:47.548,INF_BATCH,2026-01-23 23:16:33.522,INF_R360
A6599,ZZZ_DEPARTMENT - Regeneron - A6599(Do Not Use),DEPARTMENT,Regeneron,U65,Zzz-Archives,No,INF_BATCH,2024-07-05 08:48:47.548,INF_BATCH,2026-01-23 23:16:33.522,INF_R360
A6610,ZZZ_DEPARTMENT - iCMC NPP - A6610(Do Not Use),DEPARTMENT,iCMC NPP,U66,Zzz-Archives,No,INF_BATCH,2024-07-05 08:48:47.548,INF_BATCH,2026-01-23 23:16:33.522,INF_R360
A6620,ZZZ_DEPARTMENT - Chemical PD - A6620(Do Not Use),DEPARTMENT,Chemical PD,U66,Zzz-Archives,No,INF_BATCH,2024-07-05 08:48:47.548,INF_BATCH,2026-01-23 23:16:33.522,INF_R360
A6630,ZZZ_DEPARTMENT - Bio PD - A6630(Do Not Use),DEPARTMENT,Bio PD,U66,Zzz-Archives,No,INF_BATCH,2024-07-05 08:48:47.548,INF_BATCH,2026-01-23 23:16:33.522,INF_R360
A6710,ZZZ_DEPARTMENT - Genzyme Biologics - A6710(Do Not Use),DEPARTMENT,Genzyme Biologics,U67,Zzz-Archives,No,INF_BATCH,2024-07-05 08:48:47.548,INF_BATCH,2026-01-23 23:16:33.522,INF_R360
A6810,ZZZ_DEPARTMENT - Technology Platform Toulouse - A6810(Do Not Use),DEPARTMENT,Technology Platform Toulouse,U68,Zzz-Archives,No,INF_BATCH,2024-07-05 08:48:47.548,INF_BATCH,2026-01-23 23:16:33.522,INF_R360
A7110,ZZZ_DEPARTMENT - CMO Direction - A7110(Do Not Use),DEPARTMENT,CMO Direction,U71,Zzz-Archives,No,INF_BATCH,2024-07-05 08:48:47.548,INF_BATCH,2026-01-23 23:16:33.522,INF_R360
A7115,ZZZ_DEPARTMENT - CMO Direction NG - A7115(Do Not Use),DEPARTMENT,CMO Direction NG,U71,Zzz-Archives,No,INF_BATCH,2024-07-05 08:48:47.548,INF_BATCH,2026-01-23 23:16:33.522,INF_R360
A7120,ZZZ_DEPARTMENT - Global Regulatory Affairs - A7120(Do Not Use),DEPARTMENT,Global Regulatory Affairs,U71,Zzz-Archives,No,INF_BATCH,2024-07-05 08:48:47.548,INF_BATCH,2026-01-23 23:16:33.522,INF_R360
A7125,ZZZ_DEPARTMENT - Global Regulatory Affairs NG - A7125(Do Not Use),DEPARTMENT,Global Regulatory Affairs NG,U71,Zzz-Archives,No,INF_BATCH,2024-07-05 08:48:47.548,INF_BATCH,2026-01-23 23:16:33.522,INF_R360
A7130,ZZZ_DEPARTMENT - Global Medical Operations - A7130(Do Not Use),DEPARTMENT,Global Medical Operations,U71,Zzz-Archives,No,INF_BATCH,2024-07-05 08:48:47.548,INF_BATCH,2026-01-23 23:16:33.522,INF_R360
A7135,ZZZ_DEPARTMENT - Global Medical Operations NG - A7135(Do Not Use),DEPARTMENT,Global Medical Operations NG,U71,Zzz-Archives,No,INF_BATCH,2024-07-05 08:48:47.548,INF_BATCH,2026-01-23 23:16:33.522,INF_R360
A7140,ZZZ_DEPARTMENT - Global Pharmacovigilance & Epidemiology - A7140(Do Not Use),DEPARTMENT,Global Pharmacovigilance & Epidemiology,U71,Zzz-Archives,No,INF_BATCH,2024-07-05 08:48:47.548,INF_BATCH,2026-01-23 23:16:33.522,INF_R360
A7145,ZZZ_SERVICE - Global Pharmacovigilance & Epidemiology - A7145(Do Not Use),SERVICE,Global Pharmacovigilance & Epidemiology,ZZZ-ARCHIVES,Zzz-Archives,No,INF_BATCH,2024-07-05 08:48:47.548,INF_BATCH,2026-01-23 23:16:33.522,INF_R360
A7150,ZZZ_DEPARTMENT - Portofolio Value Development - A7150(Do Not Use),DEPARTMENT,Portofolio Value Development,U71,Zzz-Archives,No,INF_BATCH,2024-07-05 08:48:47.548,INF_BATCH,2026-01-23 23:16:33.522,INF_R360
A7160,ZZZ_DEPARTMENT - Customer Medical Synergy - A7160(Do Not Use),DEPARTMENT,Customer Medical Synergy,U71,Zzz-Archives,No,INF_BATCH,2024-07-05 08:48:47.548,INF_BATCH,2026-01-23 23:16:33.522,INF_R360
A7170,ZZZ_DEPARTMENT - Early Patients & Medical Perspectives - A7170(Do Not Use),DEPARTMENT,Early Patients & Medical Perspectives,U71,Zzz-Archives,No,INF_BATCH,2024-07-05 08:48:47.548,INF_BATCH,2026-01-23 23:16:33.522,INF_R360
A7175,ZZZ_DEPARTMENT - Global Evidence & Value Development NG - A7175(Do Not Use),DEPARTMENT,Global Evidence & Value Development NG,U71,Zzz-Archives,No,INF_BATCH,2024-07-05 08:48:47.548,INF_BATCH,2026-01-23 23:16:33.522,INF_R360
A7190,ZZZ_DEPARTMENT - HQGD&SCD - A7190(Do Not Use),DEPARTMENT,HQGD&SCD,U71,Zzz-Archives,No,INF_BATCH,2024-07-05 08:48:47.548,INF_BATCH,2026-01-23 23:16:33.522,INF_R360
A7210,ZZZ_DEPARTMENT - R&D Quality - A7210(Do Not Use),DEPARTMENT,R&D Quality,U72,Zzz-Archives,No,INF_BATCH,2024-07-05 08:48:47.548,INF_BATCH,2026-01-23 23:16:33.522,INF_R360
A8110,ZZZ_DEPARTMENT - Overheads & othersCDI - A8110(Do Not Use),DEPARTMENT,Overheads & othersCDI,U81,Zzz-Archives,No,INF_BATCH,2024-07-05 08:48:47.548,INF_BATCH,2026-01-23 23:16:33.522,INF_R360
A8120,ZZZ_DEPARTMENT - Allocated Overhead - A8120(Do Not Use),DEPARTMENT,Allocated Overhead,U81,Zzz-Archives,No,INF_BATCH,2024-07-05 08:48:47.548,INF_BATCH,2026-01-23 23:16:33.522,INF_R360
A9110,ZZZ_DEPARTMENT - Partnerships - A9110(Do Not Use),DEPARTMENT,Partnerships,U91,Zzz-Archives,No,INF_BATCH,2024-07-05 08:48:47.548,INF_BATCH,2026-01-23 23:16:33.522,INF_R360
AA,ZZZ_UNIT - Chief Scientific Office - AA(Do Not Use),UNIT,Chief Scientific Office,A,Total_Pharma_Services,No,INF_BATCH,2024-07-05 08:48:47.548,INF_BATCH,2026-01-23 23:16:33.522,INF_R360
AA10,ZZZ_DEPARTMENT - Chief Scientific Office - AA10(Do Not Use),DEPARTMENT,Chief Scientific Office,AA,Total_Pharma_Services,No,INF_BATCH,2024-07-05 08:48:47.548,INF_BATCH,2026-01-23 23:16:33.522,INF_R360
AA1000,ZZZ_SERVICE - Chief Scientific Office - AA1000(Do Not Use),SERVICE,Chief Scientific Office,AA10,Total_Pharma_Services,No,INF_BATCH,2024-07-05 08:48:47.548,INF_BATCH,2026-01-23 23:16:33.522,INF_R360
AB,UNIT - R&D Portfolio Strategy & Office - AB,UNIT,R&D Portfolio Strategy & Office,A,Total_Pharma_Services,Yes,INF_BATCH,2024-07-05 08:48:47.548,INF_BATCH,2026-01-23 23:16:33.522,INF_R360
AB10,DEPARTMENT - R&D Portfolio Strategy & Office - AB10,DEPARTMENT,R&D Portfolio Strategy & Office,AB,Total_Pharma_Services,Yes,INF_BATCH,2024-07-05 08:48:47.548,INF_BATCH,2026-01-23 23:16:33.522,INF_R360
AB1000,SERVICE - R&D Office - AB1000,SERVICE,R&D Office,AB10,Total_Pharma_Services,Yes,INF_BATCH,2024-07-05 08:48:47.548,INF_BATCH,2026-01-23 23:16:33.522,INF_R360
AB1001,ZZZ_SERVICE - Competitive intelligence - AB1001(Do Not Use),SERVICE,Competitive intelligence,AB10,Total_Pharma_Services,No,INF_BATCH,2024-07-05 08:48:47.548,INF_BATCH,2026-01-23 23:16:33.522,INF_R360
AB1002,ZZZ_SERVICE - Published Information Access - AB1002(Do Not Use),SERVICE,Published Information Access,AB10,Total_Pharma_Services,No,INF_BATCH,2024-07-05 08:48:47.548,INF_BATCH,2026-01-23 23:16:33.522,INF_R360
ASSUMPTION INPUT,SERVICE - Assumption Input - ASSUMPTION INPUT,SERVICE,Assumption Input,TOTAL_SERVICE,Assumption Input,Yes,INF_BATCH,2024-07-05 08:48:47.548,INF_BATCH,2026-01-23 23:16:33.522,INF_R360
B,PILLAR - Development - B,PILLAR,Development,TOTAL_PHARMA_SERVICES,Total_Pharma_Services,Yes,INF_BATCH,2024-07-05 08:48:47.548,INF_BATCH,2026-01-23 23:16:33.522,INF_R360
B11100,ZZZ_SERVICE - R&D General Management - B11100(Do Not Use),SERVICE,R&D General Management,A1110,Zzz-Archives,No,INF_BATCH,2024-07-05 08:48:47.548,INF_BATCH,2026-01-23 23:16:33.522,INF_R360
B11101,ZZZ_SERVICE - R&D Global Communication - B11101(Do Not Use),SERVICE,R&D Global Communication,A1110,Zzz-Archives,No,INF_BATCH,2024-07-05 08:48:47.548,INF_BATCH,2026-01-23 23:16:33.522,INF_R360
B11102,ZZZ_SERVICE - Deputy Research - B11102(Do Not Use),SERVICE,Deputy Research,A1110,Zzz-Archives,No,INF_BATCH,2024-07-05 08:48:47.548,INF_BATCH,2026-01-23 23:16:33.522,INF_R360
B11103,ZZZ_SERVICE - Deputy Development - B11103(Do Not Use),SERVICE,Deputy Development,A1110,Zzz-Archives,No,INF_BATCH,2024-07-05 08:48:47.548,INF_BATCH,2026-01-23 23:16:33.522,INF_R360
B11104,ZZZ_SERVICE - Admin & Management Global R&D - B11104(Do Not Use),SERVICE,Admin & Management Global R&D,A1110,Zzz-Archives,No,INF_BATCH,2024-07-05 08:48:47.548,INF_BATCH,2026-01-23 23:16:33.522,INF_R360
B11105,ZZZ_SERVICE - Sunrise - B11105(Do Not Use),SERVICE,Sunrise,A1110,Zzz-Archives,No,INF_BATCH,2024-07-05 08:48:47.548,INF_BATCH,2026-01-23 23:16:33.522,INF_R360
B11106,ZZZ_SERVICE - Hub Coordination - B11106(Do Not Use),SERVICE,Hub Coordination,A1110,Zzz-Archives,No,INF_BATCH,2024-07-05 08:48:47.548,INF_BATCH,2026-01-23 23:16:33.522,INF_R360
B11107,ZZZ_SERVICE - CSO Chief Scientific  Officer - B11107(Do Not Use),SERVICE,CSO Chief Scientific  Officer,A1110,Zzz-Archives,No,INF_BATCH,2024-07-05 08:48:47.548,INF_BATCH,2026-01-23 23:16:33.522,INF_R360
B12100,ZZZ_SERVICE - Management Office - B12100(Do Not Use),SERVICE,Management Office,A1210,Zzz-Archives,No,INF_BATCH,2024-07-05 08:48:47.548,INF_BATCH,2026-01-23 23:16:33.522,INF_R360
B12200,ZZZ_SERVICE - Unit Finance controlling - B12200(Do Not Use),SERVICE,Unit Finance controlling,A1220,Zzz-Archives,No,INF_BATCH,2024-07-05 08:48:47.548,INF_BATCH,2026-01-23 23:16:33.522,INF_R360
B12201,ZZZ_SERVICE - Site Finance controlling - B12201(Do Not Use),SERVICE,Site Finance controlling,A1220,Zzz-Archives,No,INF_BATCH,2024-07-05 08:48:47.548,INF_BATCH,2026-01-23 23:16:33.522,INF_R360
B12202,ZZZ_SERVICE - Global R&D Controlling - B12202(Do Not Use),SERVICE,Global R&D Controlling,A1220,Zzz-Archives,No,INF_BATCH,2024-07-05 08:48:47.548,INF_BATCH,2026-01-23 23:16:33.522,INF_R360
B12203,ZZZ_SERVICE - Global R&D Finance - B12203(Do Not Use),SERVICE,Global R&D Finance,A1220,Zzz-Archives,No,INF_BATCH,2024-07-05 08:48:47.548,INF_BATCH,2026-01-23 23:16:33.522,INF_R360
B12300,ZZZ_SERVICE - Program Management & Planning Direction - B12300(Do Not Use),SERVICE,Program Management & Planning Direction,A1230,Zzz-Archives,No,INF_BATCH,2024-07-05 08:48:47.548,INF_BATCH,2026-01-23 23:16:33.522,INF_R360
B12301,ZZZ_SERVICE - Portfolio Reporting - B12301(Do Not Use),SERVICE,Portfolio Reporting,A1230,Zzz-Archives,No,INF_BATCH,2024-07-05 08:48:47.548,INF_BATCH,2026-01-23 23:16:33.522,INF_R360
B12302,ZZZ_SERVICE - Decision Support - B12302(Do Not Use),SERVICE,Decision Support,A1230,Zzz-Archives,No,INF_BATCH,2024-07-05 08:48:47.548,INF_BATCH,2026-01-23 23:16:33.522,INF_R360
B12303,ZZZ_SERVICE - CRP Tools Business platform - B12303(Do Not Use),SERVICE,CRP Tools Business platform,A1230,Zzz-Archives,No,INF_BATCH,2024-07-05 08:48:47.548,INF_BATCH,2026-01-23 23:16:33.522,INF_R360
B12304,ZZZ_SERVICE - Global Planning - B12304(Do Not Use),SERVICE,Global Planning,A1230,Zzz-Archives,No,INF_BATCH,2024-07-05 08:48:47.548,INF_BATCH,2026-01-23 23:16:33.522,INF_R360
B12305,ZZZ_SERVICE - Project Management - B12305(Do Not Use),SERVICE,Project Management,A1230,Zzz-Archives,No,INF_BATCH,2024-07-05 08:48:47.548,INF_BATCH,2026-01-23 23:16:33.522,INF_R360
B12306,ZZZ_SERVICE - Capacity & Resource Management - B12306(Do Not Use),SERVICE,Capacity & Resource Management,A1230,Zzz-Archives,No,INF_BATCH,2024-07-05 08:48:47.548,INF_BATCH,2026-01-23 23:16:33.522,INF_R360
B12400,ZZZ_SERVICE - Compliance Office - B12400(Do Not Use),SERVICE,Compliance Office,A1240,Zzz-Archives,No,INF_BATCH,2024-07-05 08:48:47.548,INF_BATCH,2026-01-23 23:16:33.522,INF_R360
B12500,ZZZ_SERVICE - Regional Purchasing center - B12500(Do Not Use),SERVICE,Regional Purchasing center,A1250,Zzz-Archives,No,INF_BATCH,2024-07-05 08:48:47.548,INF_BATCH,2026-01-23 23:16:33.522,INF_R360
B12600,ZZZ_SERVICE - North America Development Center - B12600(Do Not Use),SERVICE,North America Development Center,A1260,Zzz-Archives,No,INF_BATCH,2024-07-05 08:48:47.548,INF_BATCH,2026-01-23 23:16:33.522,INF_R360
B12601,ZZZ_SERVICE - HUB Boston - B12601(Do Not Use),SERVICE,HUB Boston,A1260,Zzz-Archives,No,INF_BATCH,2024-07-05 08:48:47.548,INF_BATCH,2026-01-23 23:16:33.522,INF_R360
B12602,ZZZ_SERVICE - HUB Frankfurt - B12602(Do Not Use),SERVICE,HUB Frankfurt,A1260,Zzz-Archives,No,INF_BATCH,2024-07-05 08:48:47.548,INF_BATCH,2026-01-23 23:16:33.522,INF_R360
B12603,ZZZ_SERVICE - HUB France - B12603(Do Not Use),SERVICE,HUB France,A1260,Zzz-Archives,No,INF_BATCH,2024-07-05 08:48:47.548,INF_BATCH,2026-01-23 23:16:33.522,INF_R360
B12604,ZZZ_SERVICE - HUB Asia Pacific - B12604(Do Not Use),SERVICE,HUB Asia Pacific,A1260,Zzz-Archives,No,INF_BATCH,2024-07-05 08:48:47.548,INF_BATCH,2026-01-23 23:16:33.522,INF_R360
B12700,ZZZ_SERVICE - Lean & Operational Excellence - B12700(Do Not Use),SERVICE,Lean & Operational Excellence,A1270,Zzz-Archives,No,INF_BATCH,2024-07-05 08:48:47.548,INF_BATCH,2026-01-23 23:16:33.522,INF_R360
B13100,"ZZZ_SERVICE - Finance, IS & Purchasing Direction - B13100(Do Not Use)",SERVICE,"Finance, IS & Purchasing Direction",A1310,Zzz-Archives,No,INF_BATCH,2024-07-05 08:48:47.548,INF_BATCH,2026-01-23 23:16:33.522,INF_R360
B13200,ZZZ_SERVICE - Unit Finance controlling - B13200(Do Not Use),SERVICE,Unit Finance controlling,A1320,Zzz-Archives,No,INF_BATCH,2024-07-05 08:48:47.548,INF_BATCH,2026-01-23 23:16:33.522,INF_R360
B13201,ZZZ_SERVICE - Site controlling - B13201(Do Not Use),SERVICE,Site controlling,A1320,Zzz-Archives,No,INF_BATCH,2024-07-05 08:48:47.548,INF_BATCH,2026-01-23 23:16:33.522,INF_R360
B13202,ZZZ_SERVICE - Global R&D Controlling - B13202(Do Not Use),SERVICE,Global R&D Controlling,A1320,Zzz-Archives,No,INF_BATCH,2024-07-05 08:48:47.548,INF_BATCH,2026-01-23 23:16:33.522,INF_R360
B13300,ZZZ_SERVICE - Infrastructure Service GIS - B13300(Do Not Use),SERVICE,Infrastructure Service GIS,A1330,Zzz-Archives,No,INF_BATCH,2024-07-05 08:48:47.548,INF_BATCH,2026-01-23 23:16:33.522,INF_R360
B13301,ZZZ_SERVICE - IS Solution Units - B13301(Do Not Use),SERVICE,IS Solution Units,A1330,Zzz-Archives,No,INF_BATCH,2024-07-05 08:48:47.548,INF_BATCH,2026-01-23 23:16:33.522,INF_R360
B13302,ZZZ_SERVICE - Governance Office - B13302(Do Not Use),SERVICE,Governance Office,A1330,Zzz-Archives,No,INF_BATCH,2024-07-05 08:48:47.548,INF_BATCH,2026-01-23 23:16:33.522,INF_R360
B13303,ZZZ_SERVICE - Regional IS Resource Centers - B13303(Do Not Use),SERVICE,Regional IS Resource Centers,A1330,Zzz-Archives,No,INF_BATCH,2024-07-05 08:48:47.548,INF_BATCH,2026-01-23 23:16:33.522,INF_R360
B13304,ZZZ_SERVICE - Transverse Solutions & Services Solution Unit - B13304(Do Not Use),SERVICE,Transverse Solutions & Services Solution Unit,A1330,Zzz-Archives,No,INF_BATCH,2024-07-05 08:48:47.548,INF_BATCH,2026-01-23 23:16:33.522,INF_R360
B13305,ZZZ_SERVICE - DSAR Solution Unit - B13305(Do Not Use),SERVICE,DSAR Solution Unit,A1330,Zzz-Archives,No,INF_BATCH,2024-07-05 08:48:47.548,INF_BATCH,2026-01-23 23:16:33.522,INF_R360
B13306,ZZZ_SERVICE - Clinical Supplies Solution Unit - B13306(Do Not Use),SERVICE,Clinical Supplies Solution Unit,A1330,Zzz-Archives,No,INF_BATCH,2024-07-05 08:48:47.548,INF_BATCH,2026-01-23 23:16:33.522,INF_R360
B13307,ZZZ_SERVICE - LGCR Solution Unit - B13307(Do Not Use),SERVICE,LGCR Solution Unit,A1330,Zzz-Archives,No,INF_BATCH,2024-07-05 08:48:47.548,INF_BATCH,2026-01-23 23:16:33.522,INF_R360
B13308,ZZZ_SERVICE - Biologics Solution Unit - B13308(Do Not Use),SERVICE,Biologics Solution Unit,A1330,Zzz-Archives,No,INF_BATCH,2024-07-05 08:48:47.548,INF_BATCH,2026-01-23 23:16:33.522,INF_R360
B13309,ZZZ_SERVICE - Health Information Technologies Solution Unit - B13309(Do Not Use),SERVICE,Health Information Technologies Solution Unit,A1330,Zzz-Archives,No,INF_BATCH,2024-07-05 08:48:47.548,INF_BATCH,2026-01-23 23:16:33.522,INF_R360
B13310,ZZZ_SERVICE - Enabling Solution Unit - B13310(Do Not Use),SERVICE,Enabling Solution Unit,A1330,Zzz-Archives,No,INF_BATCH,2024-07-05 08:48:47.548,INF_BATCH,2026-01-23 23:16:33.522,INF_R360
B13311,ZZZ_SERVICE - Medical Affairs Solution Unit - B13311(Do Not Use),SERVICE,Medical Affairs Solution Unit,A1330,Zzz-Archives,No,INF_BATCH,2024-07-05 08:48:47.548,INF_BATCH,2026-01-23 23:16:33.522,INF_R360
B13312,ZZZ_SERVICE - Clinical Science & Operations - TIM Solution Unit - B13312(Do Not Use),SERVICE,Clinical Science & Operations - TIM Solution Unit,A1330,Zzz-Archives,No,INF_BATCH,2024-07-05 08:48:47.548,INF_BATCH,2026-01-23 23:16:33.522,INF_R360
B13313,"ZZZ_SERVICE - Clinical Dev, Strategy, Architecture & Standard - B13313(Do Not Use)",SERVICE,"Clinical Dev, Strategy, Architecture & Standard",A1330,Zzz-Archives,No,INF_BATCH,2024-07-05 08:48:47.548,INF_BATCH,2026-01-23 23:16:33.522,INF_R360
B13314,ZZZ_SERVICE - Genzyme Global Medical Affairs - B13314(Do Not Use),SERVICE,Genzyme Global Medical Affairs,A1330,Zzz-Archives,No,INF_BATCH,2024-07-05 08:48:47.548,INF_BATCH,2026-01-23 23:16:33.522,INF_R360
B13315,ZZZ_SERVICE - Merial R&D IS - B13315(Do Not Use),SERVICE,Merial R&D IS,A1330,Zzz-Archives,No,INF_BATCH,2024-07-05 08:48:47.548,INF_BATCH,2026-01-23 23:16:33.522,INF_R360
B13316,ZZZ_SERVICE - Pasteur R&D IS - B13316(Do Not Use),SERVICE,Pasteur R&D IS,A1330,Zzz-Archives,No,INF_BATCH,2024-07-05 08:48:47.548,INF_BATCH,2026-01-23 23:16:33.522,INF_R360
B13320,ZZZ_SERVICE - Unit Office - B13320(Do Not Use),SERVICE,Unit Office,A1330,Zzz-Archives,No,INF_BATCH,2024-07-05 08:48:47.548,INF_BATCH,2026-01-23 23:16:33.522,INF_R360
B13321,ZZZ_SERVICE - Business Partners - B13321(Do Not Use),SERVICE,Business Partners,A1330,Zzz-Archives,No,INF_BATCH,2024-07-05 08:48:47.548,INF_BATCH,2026-01-23 23:16:33.522,INF_R360
B13322,"ZZZ_SERVICE - GSC Research, Transl Medicine, Preclinical, CS - B13322(Do Not Use)",SERVICE,"GSC Research, Transl Medicine, Preclinical, CS",A1330,Zzz-Archives,No,INF_BATCH,2024-07-05 08:48:47.548,INF_BATCH,2026-01-23 23:16:33.522,INF_R360
B13323,ZZZ_SERVICE - GSC MIM - B13323(Do Not Use),SERVICE,GSC MIM,A1330,Zzz-Archives,No,INF_BATCH,2024-07-05 08:48:47.548,INF_BATCH,2026-01-23 23:16:33.522,INF_R360
B13324,ZZZ_SERVICE - GSC Clinical - B13324(Do Not Use),SERVICE,GSC Clinical,A1330,Zzz-Archives,No,INF_BATCH,2024-07-05 08:48:47.548,INF_BATCH,2026-01-23 23:16:33.522,INF_R360
B13325,ZZZ_SERVICE - GSC Transversal - B13325(Do Not Use),SERVICE,GSC Transversal,A1330,Zzz-Archives,No,INF_BATCH,2024-07-05 08:48:47.548,INF_BATCH,2026-01-23 23:16:33.522,INF_R360
B13326,ZZZ_SERVICE - GIS - B13326(Do Not Use),SERVICE,GIS,A1330,Zzz-Archives,No,INF_BATCH,2024-07-05 08:48:47.548,INF_BATCH,2026-01-23 23:16:33.522,INF_R360
B32206,ZZZ_SERVICE - Translational Medicine / Early Clinical - B32206(Do Not Use),SERVICE,Translational Medicine / Early Clinical,A3220,Zzz-Archives,No,INF_BATCH,2024-07-05 08:48:47.548,INF_BATCH,2026-01-23 23:16:33.522,INF_R360
B32300,ZZZ_SERVICE - MedChem - B32300(Do Not Use),SERVICE,MedChem,A3230,Zzz-Archives,No,INF_BATCH,2024-07-05 08:48:47.548,INF_BATCH,2026-01-23 23:16:33.522,INF_R360
B32301,ZZZ_SERVICE - GI Endocrinology - B32301(Do Not Use),SERVICE,GI Endocrinology,A3230,Zzz-Archives,No,INF_BATCH,2024-07-05 08:48:47.548,INF_BATCH,2026-01-23 23:16:33.522,INF_R360
B32302,ZZZ_SERVICE - Insulin & Counter Regulatory Hormones - B32302(Do Not Use),SERVICE,Insulin & Counter Regulatory Hormones,A3230,Zzz-Archives,No,INF_BATCH,2024-07-05 08:48:47.548,INF_BATCH,2026-01-23 23:16:33.522,INF_R360
B32400,ZZZ_SERVICE - Translational Medicine / Early Clinical - B32400(Do Not Use),SERVICE,Translational Medicine / Early Clinical,A3240,Zzz-Archives,No,INF_BATCH,2024-07-05 08:48:47.548,INF_BATCH,2026-01-23 23:16:33.522,INF_R360
B32401,ZZZ_SERVICE - Class. Prel. Diabetes Models - B32401(Do Not Use),SERVICE,Class. Prel. Diabetes Models,A3240,Zzz-Archives,No,INF_BATCH,2024-07-05 08:48:47.548,INF_BATCH,2026-01-23 23:16:33.522,INF_R360
B32402,ZZZ_SERVICE - Prev. & Late Compl. Precl. - B32402(Do Not Use),SERVICE,Prev. & Late Compl. Precl.,A3240,Zzz-Archives,No,INF_BATCH,2024-07-05 08:48:47.548,INF_BATCH,2026-01-23 23:16:33.522,INF_R360
B32500,ZZZ_SERVICE - Access & Clinical Strategy - B32500(Do Not Use),SERVICE,Access & Clinical Strategy,A3250,Zzz-Archives,No,INF_BATCH,2024-07-05 08:48:47.548,INF_BATCH,2026-01-23 23:16:33.522,INF_R360
B32501,ZZZ_SERVICE - Project Direction - B32501(Do Not Use),SERVICE,Project Direction,A3250,Zzz-Archives,No,INF_BATCH,2024-07-05 08:48:47.548,INF_BATCH,2026-01-23 23:16:33.522,INF_R360
B33100,ZZZ_SERVICE - Ophtalmology R&D - B33100(Do Not Use),SERVICE,Ophtalmology R&D,A3310,Zzz-Archives,No,INF_BATCH,2024-07-05 08:48:47.548,INF_BATCH,2026-01-23 23:16:33.522,INF_R360
B33101,ZZZ_SERVICE - General Management - B33101(Do Not Use),SERVICE,General Management,A3310,Zzz-Archives,No,INF_BATCH,2024-07-05 08:48:47.548,INF_BATCH,2026-01-23 23:16:33.522,INF_R360
B33102,ZZZ_SERVICE - Business Dev and All - B33102(Do Not Use),SERVICE,Business Dev and All,A3310,Zzz-Archives,No,INF_BATCH,2024-07-05 08:48:47.548,INF_BATCH,2026-01-23 23:16:33.522,INF_R360
B33103,ZZZ_SERVICE - Operations - B33103(Do Not Use),SERVICE,Operations,A3310,Zzz-Archives,No,INF_BATCH,2024-07-05 08:48:47.548,INF_BATCH,2026-01-23 23:16:33.522,INF_R360
B33104,ZZZ_SERVICE - Discovery - B33104(Do Not Use),SERVICE,Discovery,A3310,Zzz-Archives,No,INF_BATCH,2024-07-05 08:48:47.548,INF_BATCH,2026-01-23 23:16:33.522,INF_R360
B33105,ZZZ_SERVICE - Preclinical - B33105(Do Not Use),SERVICE,Preclinical,A3310,Zzz-Archives,No,INF_BATCH,2024-07-05 08:48:47.548,INF_BATCH,2026-01-23 23:16:33.522,INF_R360
B33106,ZZZ_SERVICE - Product Development - B33106(Do Not Use),SERVICE,Product Development,A3310,Zzz-Archives,No,INF_BATCH,2024-07-05 08:48:47.548,INF_BATCH,2026-01-23 23:16:33.522,INF_R360
B33199,ZZZ_SERVICE - Ophtalmology Partners - B33199(Do Not Use),SERVICE,Ophtalmology Partners,A3310,Zzz-Archives,No,INF_BATCH,2024-07-05 08:48:47.548,INF_BATCH,2026-01-23 23:16:33.522,INF_R360
B34100,ZZZ_SERVICE - Genzyme Clinical Development - B34100(Do Not Use),SERVICE,Genzyme Clinical Development,A3410,Zzz-Archives,No,INF_BATCH,2024-07-05 08:48:47.548,INF_BATCH,2026-01-23 23:16:33.522,INF_R360
B34101,ZZZ_SERVICE - Biosurgery - B34101(Do Not Use),SERVICE,Biosurgery,A3410,Zzz-Archives,No,INF_BATCH,2024-07-05 08:48:47.548,INF_BATCH,2026-01-23 23:16:33.522,INF_R360
B34102,ZZZ_SERVICE - PGH - Speciality Metabolic Diseases - B34102(Do Not Use),SERVICE,PGH - Speciality Metabolic Diseases,A3410,Zzz-Archives,No,INF_BATCH,2024-07-05 08:48:47.548,INF_BATCH,2026-01-23 23:16:33.522,INF_R360
B34103,ZZZ_SERVICE - MS - Immune mediated disease Neurology - B34103(Do Not Use),SERVICE,MS - Immune mediated disease Neurology,A3410,Zzz-Archives,No,INF_BATCH,2024-07-05 08:48:47.548,INF_BATCH,2026-01-23 23:16:33.522,INF_R360
B34104,ZZZ_SERVICE - PGH - Rare genetic diseases - B34104(Do Not Use),SERVICE,PGH - Rare genetic diseases,A3410,Zzz-Archives,No,INF_BATCH,2024-07-05 08:48:47.548,INF_BATCH,2026-01-23 23:16:33.522,INF_R360
B34105,ZZZ_SERVICE - MS Unit - Teriflunomide - B34105(Do Not Use),SERVICE,MS Unit - Teriflunomide,A3410,Zzz-Archives,No,INF_BATCH,2024-07-05 08:48:47.548,INF_BATCH,2026-01-23 23:16:33.522,INF_R360
B34106,ZZZ_SERVICE - Registration support - B34106(Do Not Use),SERVICE,Registration support,A3410,Zzz-Archives,No,INF_BATCH,2024-07-05 08:48:47.548,INF_BATCH,2026-01-23 23:16:33.522,INF_R360
B34107,ZZZ_SERVICE - Program Management - B34107(Do Not Use),SERVICE,Program Management,A3410,Zzz-Archives,No,INF_BATCH,2024-07-05 08:48:47.548,INF_BATCH,2026-01-23 23:16:33.522,INF_R360
B34108,ZZZ_SERVICE - Mgmt/Other - B34108(Do Not Use),SERVICE,Mgmt/Other,A3410,Zzz-Archives,No,INF_BATCH,2024-07-05 08:48:47.548,INF_BATCH,2026-01-23 23:16:33.522,INF_R360
B35100,ZZZ_SERVICE - PCSK-9 Development - B35100(Do Not Use),SERVICE,PCSK-9 Development,A3510,Zzz-Archives,No,INF_BATCH,2024-07-05 08:48:47.548,INF_BATCH,2026-01-23 23:16:33.522,INF_R360
B35199,ZZZ_SERVICE - PCSK9 Launch unit partner - B35199(Do Not Use),SERVICE,PCSK9 Launch unit partner,A3510,Zzz-Archives,No,INF_BATCH,2024-07-05 08:48:47.548,INF_BATCH,2026-01-23 23:16:33.522,INF_R360
B40100,ZZZ_SERVICE - Franchise Devpt I&I Direction - B40100(Do Not Use),SERVICE,Franchise Devpt I&I Direction,A4010,Zzz-Archives,No,INF_BATCH,2024-07-05 08:48:47.548,INF_BATCH,2026-01-23 23:16:33.522,INF_R360
B40101,ZZZ_SERVICE - IL4R - Dupilumab - B40101(Do Not Use),SERVICE,IL4R - Dupilumab,A4010,Zzz-Archives,No,INF_BATCH,2024-07-05 08:48:47.548,INF_BATCH,2026-01-23 23:16:33.522,INF_R360
B40102,ZZZ_SERVICE - IL6R - Sarilumab - B40102(Do Not Use),SERVICE,IL6R - Sarilumab,A4010,Zzz-Archives,No,INF_BATCH,2024-07-05 08:48:47.548,INF_BATCH,2026-01-23 23:16:33.522,INF_R360
B40103,ZZZ_SERVICE - Biosurgery - B40103(Do Not Use),SERVICE,Biosurgery,A4010,Zzz-Archives,No,INF_BATCH,2024-07-05 08:48:47.548,INF_BATCH,2026-01-23 23:16:33.522,INF_R360
B40104,ZZZ_SERVICE - Operation & Portfolio - B40104(Do Not Use),SERVICE,Operation & Portfolio,A4010,Zzz-Archives,No,INF_BATCH,2024-07-05 08:48:47.548,INF_BATCH,2026-01-23 23:16:33.522,INF_R360
B40105,ZZZ_SERVICE - Early Portfolio Liaison - B40105(Do Not Use),SERVICE,Early Portfolio Liaison,A4010,Zzz-Archives,No,INF_BATCH,2024-07-05 08:48:47.548,INF_BATCH,2026-01-23 23:16:33.522,INF_R360
B40106,ZZZ_SERVICE - Other projects - B40106(Do Not Use),SERVICE,Other projects,A4010,Zzz-Archives,No,INF_BATCH,2024-07-05 08:48:47.548,INF_BATCH,2026-01-23 23:16:33.522,INF_R360
B40199,ZZZ_SERVICE - REGN partnership costs - B40199(Do Not Use),SERVICE,REGN partnership costs,A4010,Zzz-Archives,No,INF_BATCH,2024-07-05 08:48:47.548,INF_BATCH,2026-01-23 23:16:33.522,INF_R360
B41100,ZZZ_SERVICE - TSU Immuno-inflammation Direction - B41100(Do Not Use),SERVICE,TSU Immuno-inflammation Direction,A4110,Zzz-Archives,No,INF_BATCH,2024-07-05 08:48:47.548,INF_BATCH,2026-01-23 23:16:33.522,INF_R360
B41101,ZZZ_SERVICE - Experimental Pharmacology - B41101(Do Not Use),SERVICE,Experimental Pharmacology,A4110,Zzz-Archives,No,INF_BATCH,2024-07-05 08:48:47.548,INF_BATCH,2026-01-23 23:16:33.522,INF_R360
B41102,ZZZ_SERVICE - Target & System Immunology - B41102(Do Not Use),SERVICE,Target & System Immunology,A4110,Zzz-Archives,No,INF_BATCH,2024-07-05 08:48:47.548,INF_BATCH,2026-01-23 23:16:33.522,INF_R360
B41103,ZZZ_SERVICE - Therapeutic Systems - B41103(Do Not Use),SERVICE,Therapeutic Systems,A4110,Zzz-Archives,No,INF_BATCH,2024-07-05 08:48:47.548,INF_BATCH,2026-01-23 23:16:33.522,INF_R360
B41104,ZZZ_SERVICE - Cluster Project Leaders - B41104(Do Not Use),SERVICE,Cluster Project Leaders,A4110,Zzz-Archives,No,INF_BATCH,2024-07-05 08:48:47.548,INF_BATCH,2026-01-23 23:16:33.522,INF_R360
B41105,ZZZ_SERVICE - Investigational medicine - B41105(Do Not Use),SERVICE,Investigational medicine,A4110,Zzz-Archives,No,INF_BATCH,2024-07-05 08:48:47.548,INF_BATCH,2026-01-23 23:16:33.522,INF_R360
B41199,ZZZ_SERVICE - Immuno-Inflammation Partners - B41199(Do Not Use),SERVICE,Immuno-Inflammation Partners,A4110,Zzz-Archives,No,INF_BATCH,2024-07-05 08:48:47.548,INF_BATCH,2026-01-23 23:16:33.522,INF_R360
B42100,ZZZ_SERVICE - TSU Infectious Diseases Direction - B42100(Do Not Use),SERVICE,TSU Infectious Diseases Direction,A4210,Zzz-Archives,No,INF_BATCH,2024-07-05 08:48:47.548,INF_BATCH,2026-01-23 23:16:33.522,INF_R360
B42101,ZZZ_SERVICE - Development Strategy & Realization - B42101(Do Not Use),SERVICE,Development Strategy & Realization,A4210,Zzz-Archives,No,INF_BATCH,2024-07-05 08:48:47.548,INF_BATCH,2026-01-23 23:16:33.522,INF_R360
B42102,ZZZ_SERVICE - Research Platform Management - B42102(Do Not Use),SERVICE,Research Platform Management,A4210,Zzz-Archives,No,INF_BATCH,2024-07-05 08:48:47.548,INF_BATCH,2026-01-23 23:16:33.522,INF_R360
B42103,ZZZ_SERVICE - Research Platform Chemistry - B42103(Do Not Use),SERVICE,Research Platform Chemistry,A4210,Zzz-Archives,No,INF_BATCH,2024-07-05 08:48:47.548,INF_BATCH,2026-01-23 23:16:33.522,INF_R360
B42104,ZZZ_SERVICE - Research Platform Biology - B42104(Do Not Use),SERVICE,Research Platform Biology,A4210,Zzz-Archives,No,INF_BATCH,2024-07-05 08:48:47.548,INF_BATCH,2026-01-23 23:16:33.522,INF_R360
B42105,ZZZ_SERVICE - Host oriented therapies - B42105(Do Not Use),SERVICE,Host oriented therapies,A4210,Zzz-Archives,No,INF_BATCH,2024-07-05 08:48:47.548,INF_BATCH,2026-01-23 23:16:33.522,INF_R360
B42106,ZZZ_SERVICE - MDR bacteria - B42106(Do Not Use),SERVICE,MDR bacteria,A4210,Zzz-Archives,No,INF_BATCH,2024-07-05 08:48:47.548,INF_BATCH,2026-01-23 23:16:33.522,INF_R360
B42107,ZZZ_SERVICE - Tuberculosis - B42107(Do Not Use),SERVICE,Tuberculosis,A4210,Zzz-Archives,No,INF_BATCH,2024-07-05 08:48:47.548,INF_BATCH,2026-01-23 23:16:33.522,INF_R360
B42199,ZZZ_SERVICE - Infectious diseases partners - B42199(Do Not Use),SERVICE,Infectious diseases partners,A4210,Zzz-Archives,No,INF_BATCH,2024-07-05 08:48:47.548,INF_BATCH,2026-01-23 23:16:33.522,INF_R360
B43100,ZZZ_SERVICE - Fibrosis and Wound Repair - B43100(Do Not Use),SERVICE,Fibrosis and Wound Repair,A4310,Zzz-Archives,No,INF_BATCH,2024-07-05 08:48:47.548,INF_BATCH,2026-01-23 23:16:33.522,INF_R360
B43101,ZZZ_SERVICE - Liver/Kidney/Skin - B43101(Do Not Use),SERVICE,Liver/Kidney/Skin,A4310,Zzz-Archives,No,INF_BATCH,2024-07-05 08:48:47.548,INF_BATCH,2026-01-23 23:16:33.522,INF_R360
B43102,ZZZ_SERVICE - Skin/Wound Healing - B43102(Do Not Use),SERVICE,Skin/Wound Healing,A4310,Zzz-Archives,No,INF_BATCH,2024-07-05 08:48:47.548,INF_BATCH,2026-01-23 23:16:33.522,INF_R360
B43103,ZZZ_SERVICE - Transformation Sciences - B43103(Do Not Use),SERVICE,Transformation Sciences,A4310,Zzz-Archives,No,INF_BATCH,2024-07-05 08:48:47.548,INF_BATCH,2026-01-23 23:16:33.522,INF_R360
B43104,ZZZ_SERVICE - Sciences 1 - B43104(Do Not Use),SERVICE,Sciences 1,A4310,Zzz-Archives,No,INF_BATCH,2024-07-05 08:48:47.548,INF_BATCH,2026-01-23 23:16:33.522,INF_R360
B43105,ZZZ_SERVICE - Sciences 2 - B43105(Do Not Use),SERVICE,Sciences 2,A4310,Zzz-Archives,No,INF_BATCH,2024-07-05 08:48:47.548,INF_BATCH,2026-01-23 23:16:33.522,INF_R360
B43106,ZZZ_SERVICE - Clinical and Translational Research - B43106(Do Not Use),SERVICE,Clinical and Translational Research,A4310,Zzz-Archives,No,INF_BATCH,2024-07-05 08:48:47.548,INF_BATCH,2026-01-23 23:16:33.522,INF_R360
B43107,ZZZ_SERVICE - Development and Strategy Realization - B43107(Do Not Use),SERVICE,Development and Strategy Realization,A4310,Zzz-Archives,No,INF_BATCH,2024-07-05 08:48:47.548,INF_BATCH,2026-01-23 23:16:33.522,INF_R360
B43108,ZZZ_SERVICE - Human Translational Biology - B43108(Do Not Use),SERVICE,Human Translational Biology,A4310,Zzz-Archives,No,INF_BATCH,2024-07-05 08:48:47.548,INF_BATCH,2026-01-23 23:16:33.522,INF_R360
B43199,ZZZ_SERVICE - Fibrosis Partners - B43199(Do Not Use),SERVICE,Fibrosis Partners,A4310,Zzz-Archives,No,INF_BATCH,2024-07-05 08:48:47.548,INF_BATCH,2026-01-23 23:16:33.522,INF_R360
B44100,ZZZ_SERVICE - Unit Head & Unit Management Office - B44100(Do Not Use),SERVICE,Unit Head & Unit Management Office,A4410,Zzz-Archives,No,INF_BATCH,2024-07-05 08:48:47.548,INF_BATCH,2026-01-23 23:16:33.522,INF_R360
B44101,ZZZ_SERVICE - Quality of life - B44101(Do Not Use),SERVICE,Quality of life,A4410,Zzz-Archives,No,INF_BATCH,2024-07-05 08:48:47.548,INF_BATCH,2026-01-23 23:16:33.522,INF_R360
B44102,ZZZ_SERVICE - Research - B44102(Do Not Use),SERVICE,Research,A4410,Zzz-Archives,No,INF_BATCH,2024-07-05 08:48:47.548,INF_BATCH,2026-01-23 23:16:33.522,INF_R360
B44103,ZZZ_SERVICE - Quality of Life - B44103(Do Not Use),SERVICE,Quality of Life,A4410,Zzz-Archives,No,INF_BATCH,2024-07-05 08:48:47.548,INF_BATCH,2026-01-23 23:16:33.522,INF_R360
B44104,ZZZ_SERVICE - Projects - B44104(Do Not Use),SERVICE,Projects,A4410,Zzz-Archives,No,INF_BATCH,2024-07-05 08:48:47.548,INF_BATCH,2026-01-23 23:16:33.522,INF_R360
B44105,ZZZ_SERVICE - Biology of aging - B44105(Do Not Use),SERVICE,Biology of aging,A4410,Zzz-Archives,No,INF_BATCH,2024-07-05 08:48:47.548,INF_BATCH,2026-01-23 23:16:33.522,INF_R360
B44106,"ZZZ_SERVICE - Unit Mgt Office, Unit Dev Office & Expertise platforms - B44106(Do Not Use)",SERVICE,"Unit Mgt Office, Unit Dev Office & Expertise platforms",A4410,Zzz-Archives,No,INF_BATCH,2024-07-05 08:48:47.548,INF_BATCH,2026-01-23 23:16:33.522,INF_R360
B44107,ZZZ_SERVICE - Clinical Development - B44107(Do Not Use),SERVICE,Clinical Development,A4410,Zzz-Archives,No,INF_BATCH,2024-07-05 08:48:47.548,INF_BATCH,2026-01-23 23:16:33.522,INF_R360
B44108,ZZZ_SERVICE - Healthy Aging - B44108(Do Not Use),SERVICE,Healthy Aging,A4410,Zzz-Archives,No,INF_BATCH,2024-07-05 08:48:47.548,INF_BATCH,2026-01-23 23:16:33.522,INF_R360
B44109,ZZZ_SERVICE - Customer Intelligence - B44109(Do Not Use),SERVICE,Customer Intelligence,A4410,Zzz-Archives,No,INF_BATCH,2024-07-05 08:48:47.548,INF_BATCH,2026-01-23 23:16:33.522,INF_R360
B44110,ZZZ_SERVICE - Healthcare Solutions - B44110(Do Not Use),SERVICE,Healthcare Solutions,A4410,Zzz-Archives,No,INF_BATCH,2024-07-05 08:48:47.548,INF_BATCH,2026-01-23 23:16:33.522,INF_R360
B44199,ZZZ_SERVICE - Aging Partners - B44199(Do Not Use),SERVICE,Aging Partners,A4410,Zzz-Archives,No,INF_BATCH,2024-07-05 08:48:47.548,INF_BATCH,2026-01-23 23:16:33.522,INF_R360
B45100,ZZZ_SERVICE - TSU AP - Unit leader - B45100(Do Not Use),SERVICE,TSU AP - Unit leader,A4510,Zzz-Archives,No,INF_BATCH,2024-07-05 08:48:47.548,INF_BATCH,2026-01-23 23:16:33.522,INF_R360
B45101,ZZZ_SERVICE - TSU AP - AP disease profile - B45101(Do Not Use),SERVICE,TSU AP - AP disease profile,A4510,Zzz-Archives,No,INF_BATCH,2024-07-05 08:48:47.548,INF_BATCH,2026-01-23 23:16:33.522,INF_R360
B45102,ZZZ_SERVICE - TSU AP - LCM portfolio - B45102(Do Not Use),SERVICE,TSU AP - LCM portfolio,A4510,Zzz-Archives,No,INF_BATCH,2024-07-05 08:48:47.548,INF_BATCH,2026-01-23 23:16:33.522,INF_R360
B45103,ZZZ_SERVICE - TSU AP - Portfolio management - B45103(Do Not Use),SERVICE,TSU AP - Portfolio management,A4510,Zzz-Archives,No,INF_BATCH,2024-07-05 08:48:47.548,INF_BATCH,2026-01-23 23:16:33.522,INF_R360
B45104,ZZZ_SERVICE - TSU AP - Unit management office - B45104(Do Not Use),SERVICE,TSU AP - Unit management office,A4510,Zzz-Archives,No,INF_BATCH,2024-07-05 08:48:47.548,INF_BATCH,2026-01-23 23:16:33.522,INF_R360
B45105,ZZZ_SERVICE - TSU AP - Regional growth for Corp. R&D - B45105(Do Not Use),SERVICE,TSU AP - Regional growth for Corp. R&D,A4510,Zzz-Archives,No,INF_BATCH,2024-07-05 08:48:47.548,INF_BATCH,2026-01-23 23:16:33.522,INF_R360
B45106,ZZZ_SERVICE - TSU AP - Unit development office - B45106(Do Not Use),SERVICE,TSU AP - Unit development office,A4510,Zzz-Archives,No,INF_BATCH,2024-07-05 08:48:47.548,INF_BATCH,2026-01-23 23:16:33.522,INF_R360
B45107,ZZZ_SERVICE - TSU AP - AP China R&D head - B45107(Do Not Use),SERVICE,TSU AP - AP China R&D head,A4510,Zzz-Archives,No,INF_BATCH,2024-07-05 08:48:47.548,INF_BATCH,2026-01-23 23:16:33.522,INF_R360
B45108,ZZZ_SERVICE - Asia Biologics Development - B45108(Do Not Use),SERVICE,Asia Biologics Development,A4510,Zzz-Archives,No,INF_BATCH,2024-07-05 08:48:47.548,INF_BATCH,2026-01-23 23:16:33.522,INF_R360
B45109,ZZZ_SERVICE - TSU-AP Japan R&D Head - B45109(Do Not Use),SERVICE,TSU-AP Japan R&D Head,A4510,Zzz-Archives,No,INF_BATCH,2024-07-05 08:48:47.548,INF_BATCH,2026-01-23 23:16:33.522,INF_R360
B45199,ZZZ_SERVICE - Asia-Pacific Partners - B45199(Do Not Use),SERVICE,Asia-Pacific Partners,A4510,Zzz-Archives,No,INF_BATCH,2024-07-05 08:48:47.548,INF_BATCH,2026-01-23 23:16:33.522,INF_R360
B46100,ZZZ_SERVICE - Bio innovation Direction - B46100(Do Not Use),SERVICE,Bio innovation Direction,A4610,Zzz-Archives,No,INF_BATCH,2024-07-05 08:48:47.548,INF_BATCH,2026-01-23 23:16:33.522,INF_R360
B46101,ZZZ_SERVICE - Patient Derived Disease - B46101(Do Not Use),SERVICE,Patient Derived Disease,A4610,Zzz-Archives,No,INF_BATCH,2024-07-05 08:48:47.548,INF_BATCH,2026-01-23 23:16:33.522,INF_R360
B46102,ZZZ_SERVICE - Patient Stratification - B46102(Do Not Use),SERVICE,Patient Stratification,A4610,Zzz-Archives,No,INF_BATCH,2024-07-05 08:48:47.548,INF_BATCH,2026-01-23 23:16:33.522,INF_R360
B46103,ZZZ_SERVICE - Companion Diagnostic - B46103(Do Not Use),SERVICE,Companion Diagnostic,A4610,Zzz-Archives,No,INF_BATCH,2024-07-05 08:48:47.548,INF_BATCH,2026-01-23 23:16:33.522,INF_R360
B46104,ZZZ_SERVICE - Bioinformatics - B46104(Do Not Use),SERVICE,Bioinformatics,A4610,Zzz-Archives,No,INF_BATCH,2024-07-05 08:48:47.548,INF_BATCH,2026-01-23 23:16:33.522,INF_R360
B46105,ZZZ_SERVICE - Immuno Modulation VA - B46105(Do Not Use),SERVICE,Immuno Modulation VA,A4610,Zzz-Archives,No,INF_BATCH,2024-07-05 08:48:47.548,INF_BATCH,2026-01-23 23:16:33.522,INF_R360
B46200,ZZZ_SERVICE - Novel Protein Therapeutics - B46200(Do Not Use),SERVICE,Novel Protein Therapeutics,A4620,Zzz-Archives,No,INF_BATCH,2024-07-05 08:48:47.548,INF_BATCH,2026-01-23 23:16:33.522,INF_R360
B46300,ZZZ_SERVICE - BIO MODULATION - B46300(Do Not Use),SERVICE,BIO MODULATION,A4630,Zzz-Archives,No,INF_BATCH,2024-07-05 08:48:47.548,INF_BATCH,2026-01-23 23:16:33.522,INF_R360
B46400,ZZZ_SERVICE - Mol & Cell Biology - B46400(Do Not Use),SERVICE,Mol & Cell Biology,A4640,Zzz-Archives,No,INF_BATCH,2024-07-05 08:48:47.548,INF_BATCH,2026-01-23 23:16:33.522,INF_R360
B46401,ZZZ_SERVICE - Chemistry - B46401(Do Not Use),SERVICE,Chemistry,A4640,Zzz-Archives,No,INF_BATCH,2024-07-05 08:48:47.548,INF_BATCH,2026-01-23 23:16:33.522,INF_R360
B46402,ZZZ_SERVICE - Animal Biology - B46402(Do Not Use),SERVICE,Animal Biology,A4640,Zzz-Archives,No,INF_BATCH,2024-07-05 08:48:47.548,INF_BATCH,2026-01-23 23:16:33.522,INF_R360
B46500,ZZZ_SERVICE - External Science - B46500(Do Not Use),SERVICE,External Science,A4650,Zzz-Archives,No,INF_BATCH,2024-07-05 08:48:47.548,INF_BATCH,2026-01-23 23:16:33.522,INF_R360
B46600,ZZZ_SERVICE - Synthetic & Immune biology - B46600(Do Not Use),SERVICE,Synthetic & Immune biology,A4660,Zzz-Archives,No,INF_BATCH,2024-07-05 08:48:47.548,INF_BATCH,2026-01-23 23:16:33.522,INF_R360
B46700,ZZZ_SERVICE - CID - B46700(Do Not Use),SERVICE,CID,A4670,Zzz-Archives,No,INF_BATCH,2024-07-05 08:48:47.548,INF_BATCH,2026-01-23 23:16:33.522,INF_R360
B46701,ZZZ_SERVICE - Biochemistry - B46701(Do Not Use),SERVICE,Biochemistry,A4670,Zzz-Archives,No,INF_BATCH,2024-07-05 08:48:47.548,INF_BATCH,2026-01-23 23:16:33.522,INF_R360
BP1202,SERVICE - OPCM CMC - BP1202,SERVICE,OPCM CMC,BP12,Total_Pharma_Services,Yes,INF_BATCH,2024-07-05 08:48:47.548,INF_BATCH,2026-01-23 23:16:33.522,INF_R360
BP1203,SERVICE - OPCM PreClinical - BP1203,SERVICE,OPCM PreClinical,BP12,Total_Pharma_Services,Yes,INF_BATCH,2024-07-05 08:48:47.548,INF_BATCH,2026-01-23 23:16:33.522,INF_R360
BP13,DEPARTMENT - Portfolio Mgmnt - BP13,DEPARTMENT,Portfolio Mgmnt,BP,Total_Pharma_Services,Yes,INF_BATCH,2024-07-05 08:48:47.548,INF_BATCH,2026-01-23 23:16:33.522,INF_R360
BP1300,SERVICE - Portfolio Mgmnt - BP1300,SERVICE,Portfolio Mgmnt,BP13,Total_Pharma_Services,Yes,INF_BATCH,2024-07-05 08:48:47.548,INF_BATCH,2026-01-23 23:16:33.522,INF_R360
BP14,DEPARTMENT - Business Solutions Mgmnt - BP14,DEPARTMENT,Business Solutions Mgmnt,BP,Total_Pharma_Services,Yes,INF_BATCH,2024-07-05 08:48:47.548,INF_BATCH,2026-01-23 23:16:33.522,INF_R360
BP1400,SERVICE - Business Solutions Mgmnt - BP1400,SERVICE,Business Solutions Mgmnt,BP14,Total_Pharma_Services,Yes,INF_BATCH,2024-07-05 08:48:47.548,INF_BATCH,2026-01-23 23:16:33.522,INF_R360
BQ,UNIT - Patient Centricity and Health Value - BQ,UNIT,Patient Centricity and Health Value,B,Total_Pharma_Services,Yes,INF_BATCH,2024-07-05 08:48:47.548,INF_BATCH,2026-01-23 23:16:33.522,INF_R360
BQ10,DEPARTMENT - Patient Centricity and Health Value - BQ10,DEPARTMENT,Patient Centricity and Health Value,BQ,Total_Pharma_Services,Yes,INF_BATCH,2024-07-05 08:48:47.548,INF_BATCH,2026-01-23 23:16:33.522,INF_R360
BQ1000,SERVICE - PID&HVT - BQ1000,SERVICE,PID&HVT,BQ10,Total_Pharma_Services,Yes,INF_BATCH,2024-07-05 08:48:47.548,INF_BATCH,2026-01-23 23:16:33.522,INF_R360
BQ1001,ZZZ_SERVICE - Patient Network Management - BQ1001(Do Not Use),SERVICE,Patient Network Management,BQ10,Total_Pharma_Services,No,INF_BATCH,2024-07-05 08:48:47.548,INF_BATCH,2026-01-23 23:16:33.522,INF_R360
BQ1002,"ZZZ_SERVICE - Patient Insights, Solutions and Outcomes - BQ1002(Do Not Use)",SERVICE,"Patient Insights, Solutions and Outcomes",BQ10,Total_Pharma_Services,No,INF_BATCH,2024-07-05 08:48:47.548,INF_BATCH,2026-01-23 23:16:33.522,INF_R360
BS,UNIT - Evidence Generation and Decision Science - BS,UNIT,Evidence Generation and Decision Science,B,Total_Pharma_Services,Yes,INF_BATCH,2024-07-05 08:48:47.548,INF_BATCH,2026-01-23 23:16:33.522,INF_R360
BS10,DEPARTMENT - Evidence Generation and Decision Science - BS10,DEPARTMENT,Evidence Generation and Decision Science,BS,Total_Pharma_Services,Yes,INF_BATCH,2024-07-05 08:48:47.548,INF_BATCH,2026-01-23 23:16:33.522,INF_R360
BS1000,SERVICE - Biostatistics - BS1000,SERVICE,Biostatistics,BS10,Total_Pharma_Services,Yes,INF_BATCH,2024-07-05 08:48:47.548,INF_BATCH,2026-01-23 23:16:33.522,INF_R360
BS1001,SERVICE - Clinical Modeling & Evidence Integration - BS1001,SERVICE,Clinical Modeling & Evidence Integration,BS10,Total_Pharma_Services,Yes,INF_BATCH,2024-07-05 08:48:47.548,INF_BATCH,2026-01-23 23:16:33.522,INF_R360
BS1002,SERVICE - Real World Evidence - BS1002,SERVICE,Real World Evidence,BS10,Total_Pharma_Services,Yes,INF_BATCH,2024-07-05 08:48:47.548,INF_BATCH,2026-01-23 23:16:33.522,INF_R360
BZ,UNIT - Development unallocated - BZ,UNIT,Development unallocated,B,Total_Pharma_Services,Yes,INF_BATCH,2024-07-05 08:48:47.548,INF_BATCH,2026-01-23 23:16:33.522,INF_R360
BZ00,DEPARTMENT - Development unallocated - BZ00,DEPARTMENT,Development unallocated,BZ,Total_Pharma_Services,Yes,INF_BATCH,2024-07-05 08:48:47.548,INF_BATCH,2026-01-23 23:16:33.522,INF_R360
BZ0000,SERVICE - Development unallocated - BZ0000,SERVICE,Development unallocated,BZ00,Total_Pharma_Services,Yes,INF_BATCH,2024-07-05 08:48:47.548,INF_BATCH,2026-01-23 23:16:33.522,INF_R360
BZ0001,SERVICE - Development unallocated 1 - BZ0001,SERVICE,Development unallocated 1,BZ00,Total_Pharma_Services,Yes,INF_BATCH,2024-07-05 08:48:47.548,INF_BATCH,2026-01-23 23:16:33.522,INF_R360
BZ0002,SERVICE - Development unallocated 2 - BZ0002,SERVICE,Development unallocated 2,BZ00,Total_Pharma_Services,Yes,INF_BATCH,2024-07-05 08:48:47.548,INF_BATCH,2026-01-23 23:16:33.522,INF_R360
BZ0003,SERVICE - Development unallocated 3 - BZ0003,SERVICE,Development unallocated 3,BZ00,Total_Pharma_Services,Yes,INF_BATCH,2024-07-05 08:48:47.548,INF_BATCH,2026-01-23 23:16:33.522,INF_R360
C,PILLAR - Research - C,PILLAR,Research,TOTAL_PHARMA_SERVICES,Total_Pharma_Services,Yes,INF_BATCH,2024-07-05 08:48:47.548,INF_BATCH,2026-01-23 23:16:33.522,INF_R360
CA,"UNIT - Target, Disease & Systems Biology - CA",UNIT,"Target, Disease & Systems Biology",C,Total_Pharma_Services,Yes,INF_BATCH,2024-07-05 08:48:47.548,INF_BATCH,2026-01-23 23:16:33.522,INF_R360
CA10,"DEPARTMENT - Target, Disease & Systems Biology - CA10",DEPARTMENT,"Target, Disease & Systems Biology",CA,Total_Pharma_Services,Yes,INF_BATCH,2024-07-05 08:48:47.548,INF_BATCH,2026-01-23 23:16:33.522,INF_R360
CA1000,"SERVICE - Target, Disease & Systems Biology - CA1000",SERVICE,"Target, Disease & Systems Biology",CA10,Total_Pharma_Services,Yes,INF_BATCH,2024-07-05 08:48:47.548,INF_BATCH,2026-01-23 23:16:33.522,INF_R360
CB,UNIT - Principia Research - CB,UNIT,Principia Research,C,Total_Pharma_Services,Yes,INF_BATCH,2024-07-05 08:48:47.548,INF_BATCH,2026-01-23 23:16:33.522,INF_R360
CB10,DEPARTMENT - Principia Research - CB10,DEPARTMENT,Principia Research,CB,Total_Pharma_Services,Yes,INF_BATCH,2024-07-05 08:48:47.548,INF_BATCH,2026-01-23 23:16:33.522,INF_R360
CB1000,SERVICE - Principia Research - CB1000,SERVICE,Principia Research,CB10,Total_Pharma_Services,Yes,INF_BATCH,2024-07-05 08:48:47.548,INF_BATCH,2026-01-23 23:16:33.522,INF_R360
CC,ZZZ_UNIT - Breakthrough Labs USA - CC(Do Not Use),UNIT,Breakthrough Labs USA,C,Total_Pharma_Services,No,INF_BATCH,2024-07-05 08:48:47.548,INF_BATCH,2026-01-23 23:16:33.522,INF_R360
CC10,ZZZ_DEPARTMENT - Breakthrough Labs USA - CC10(Do Not Use),DEPARTMENT,Breakthrough Labs USA,CC,Total_Pharma_Services,No,INF_BATCH,2024-07-05 08:48:47.548,INF_BATCH,2026-01-23 23:16:33.522,INF_R360
CC1000,ZZZ_SERVICE - Breakthrough Labs USA - CC1000(Do Not Use),SERVICE,Breakthrough Labs USA,CC10,Total_Pharma_Services,No,INF_BATCH,2024-07-05 08:48:47.548,INF_BATCH,2026-01-23 23:16:33.522,INF_R360
CD,UNIT - DCV TA Cardio and Metabolism R - CD,UNIT,DCV TA Cardio and Metabolism R,C,Total_Pharma_Services,Yes,INF_BATCH,2024-07-05 08:48:47.548,INF_BATCH,2026-01-23 23:16:33.522,INF_R360
CD10,DEPARTMENT - Cardiovascular and Metabolism R - CD10,DEPARTMENT,Cardiovascular and Metabolism R,CD,Total_Pharma_Services,Yes,INF_BATCH,2024-07-05 08:48:47.548,INF_BATCH,2026-01-23 23:16:33.522,INF_R360
CD1000,SERVICE - Direction & Management Office - CD1000,SERVICE,Direction & Management Office,CD10,Total_Pharma_Services,Yes,INF_BATCH,2024-07-05 08:48:47.548,INF_BATCH,2026-01-23 23:16:33.522,INF_R360
CD1001,SERVICE - Dyslipidemia - CD1001,SERVICE,Dyslipidemia,CD10,Total_Pharma_Services,Yes,INF_BATCH,2024-07-05 08:48:47.548,INF_BATCH,2026-01-23 23:16:33.522,INF_R360
CD1002,ZZZ_SERVICE - Early Development - CD1002(Do Not Use),SERVICE,Early Development,CD10,Total_Pharma_Services,No,INF_BATCH,2024-07-05 08:48:47.548,INF_BATCH,2026-01-23 23:16:33.522,INF_R360
CD1003,SERVICE - HF Cardiomyopathy - CD1003,SERVICE,HF Cardiomyopathy,CD10,Total_Pharma_Services,Yes,INF_BATCH,2024-07-05 08:48:47.548,INF_BATCH,2026-01-23 23:16:33.522,INF_R360
CE,UNIT - DCV TA Diabetes R - CE,UNIT,DCV TA Diabetes R,C,Total_Pharma_Services,Yes,INF_BATCH,2024-07-05 08:48:47.548,INF_BATCH,2026-01-23 23:16:33.522,INF_R360
CE10,DEPARTMENT - Diabetes R - CE10,DEPARTMENT,Diabetes R,CE,Total_Pharma_Services,Yes,INF_BATCH,2024-07-05 08:48:47.548,INF_BATCH,2026-01-23 23:16:33.522,INF_R360
CE1000,SERVICE - Direction & Management Office - CE1000,SERVICE,Direction & Management Office,CE10,Total_Pharma_Services,Yes,INF_BATCH,2024-07-05 08:48:47.548,INF_BATCH,2026-01-23 23:16:33.522,INF_R360
CE1001,ZZZ_SERVICE - GI endocrinology - CE1001(Do Not Use),SERVICE,GI endocrinology,CE10,Total_Pharma_Services,No,INF_BATCH,2024-07-05 08:48:47.548,INF_BATCH,2026-01-23 23:16:33.522,INF_R360
CE1002,ZZZ_SERVICE - Islet Biology - CE1002(Do Not Use),SERVICE,Islet Biology,CE10,Total_Pharma_Services,No,INF_BATCH,2024-07-05 08:48:47.548,INF_BATCH,2026-01-23 23:16:33.522,INF_R360
CE1003,SERVICE - Metabolism & obesity - CE1003,SERVICE,Metabolism & obesity,CE10,Total_Pharma_Services,Yes,INF_BATCH,2024-07-05 08:48:47.548,INF_BATCH,2026-01-23 23:16:33.522,INF_R360
CE1004,ZZZ_SERVICE - Insulin Biology - CE1004(Do Not Use),SERVICE,Insulin Biology,CE10,Total_Pharma_Services,No,INF_BATCH,2024-07-05 08:48:47.548,INF_BATCH,2026-01-23 23:16:33.522,INF_R360
CF,UNIT - Immunology R - CF,UNIT,Immunology R,C,Total_Pharma_Services,Yes,INF_BATCH,2024-07-05 08:48:47.548,INF_BATCH,2026-01-23 23:16:33.522,INF_R360
CF10,DEPARTMENT - Immunology R - CF10,DEPARTMENT,Immunology R,CF,Total_Pharma_Services,Yes,INF_BATCH,2024-07-05 08:48:47.548,INF_BATCH,2026-01-23 23:16:33.522,INF_R360
CF1000,SERVICE - Direction & Management Office - CF1000,SERVICE,Direction & Management Office,CF10,Total_Pharma_Services,Yes,INF_BATCH,2024-07-05 08:48:47.548,INF_BATCH,2026-01-23 23:16:33.522,INF_R360
CF1001,SERVICE - Dupixent Research - CF1001,SERVICE,Dupixent Research,CF10,Total_Pharma_Services,Yes,INF_BATCH,2024-07-05 08:48:47.548,INF_BATCH,2026-01-23 23:16:33.522,INF_R360
CF1002,SERVICE - T1D - CF1002,SERVICE,T1D,CF10,Total_Pharma_Services,Yes,INF_BATCH,2024-07-05 08:48:47.548,INF_BATCH,2026-01-23 23:16:33.522,INF_R360
CF1003,SERVICE - Type 1/17 Inflammation - CF1003,SERVICE,Type 1/17 Inflammation,CF10,Total_Pharma_Services,Yes,INF_BATCH,2024-07-05 08:48:47.548,INF_BATCH,2026-01-23 23:16:33.522,INF_R360
CF1004,SERVICE - Type 2 Inflammation - CF1004,SERVICE,Type 2 Inflammation,CF10,Total_Pharma_Services,Yes,INF_BATCH,2024-07-05 08:48:47.548,INF_BATCH,2026-01-23 23:16:33.522,INF_R360
CF1005,ZZZ_SERVICE - Precision Immunology - CF1005(Do Not Use),SERVICE,Precision Immunology,CF10,Total_Pharma_Services,No,INF_BATCH,2024-07-05 08:48:47.548,INF_BATCH,2026-01-23 23:16:33.522,INF_R360
CF1006,SERVICE - Immune Checkpoints - CF1006,SERVICE,Immune Checkpoints,CF10,Total_Pharma_Services,Yes,INF_BATCH,2024-07-05 08:48:47.548,INF_BATCH,2026-01-23 23:16:33.522,INF_R360
CF1007,SERVICE - Complement - CF1007,SERVICE,Complement,CF10,Total_Pharma_Services,Yes,INF_BATCH,2024-07-05 08:48:47.548,INF_BATCH,2026-01-23 23:16:33.522,INF_R360
CF1008,SERVICE - Discovery & Partnerships - CF1008,SERVICE,Discovery & Partnerships,CF10,Total_Pharma_Services,Yes,INF_BATCH,2024-07-05 08:48:47.548,INF_BATCH,2026-01-23 23:16:33.522,INF_R360
CG,ZZZ_UNIT - Infectious Diseases R - CG(Do Not Use),UNIT,Infectious Diseases R,C,Total_Pharma_Services,No,INF_BATCH,2024-07-05 08:48:47.548,INF_BATCH,2026-01-23 23:16:33.522,INF_R360
CG10,ZZZ_DEPARTMENT - Infectious Diseases R - CG10(Do Not Use),DEPARTMENT,Infectious Diseases R,CG,Total_Pharma_Services,No,INF_BATCH,2024-07-05 08:48:47.548,INF_BATCH,2026-01-23 23:16:33.522,INF_R360
CG1000,ZZZ_SERVICE - Direction & Management Office - CG1000(Do Not Use),SERVICE,Direction & Management Office,CG10,Total_Pharma_Services,No,INF_BATCH,2024-07-05 08:48:47.548,INF_BATCH,2026-01-23 23:16:33.522,INF_R360
CG1001,ZZZ_SERVICE - Neglected Diseases - CG1001(Do Not Use),SERVICE,Neglected Diseases,CG10,Total_Pharma_Services,No,INF_BATCH,2024-07-05 08:48:47.548,INF_BATCH,2026-01-23 23:16:33.522,INF_R360
CG1002,ZZZ_SERVICE - Severe Bacterial Infections - CG1002(Do Not Use),SERVICE,Severe Bacterial Infections,CG10,Total_Pharma_Services,No,INF_BATCH,2024-07-05 08:48:47.548,INF_BATCH,2026-01-23 23:16:33.522,INF_R360
CG1003,ZZZ_SERVICE - Viral Infections - CG1003(Do Not Use),SERVICE,Viral Infections,CG10,Total_Pharma_Services,No,INF_BATCH,2024-07-05 08:48:47.548,INF_BATCH,2026-01-23 23:16:33.522,INF_R360
CG1004,ZZZ_SERVICE - Fraunhofer - CG1004(Do Not Use),SERVICE,Fraunhofer,CG10,Total_Pharma_Services,No,INF_BATCH,2024-07-05 08:48:47.548,INF_BATCH,2026-01-23 23:16:33.522,INF_R360
CG1005,ZZZ_SERVICE - In Vivo Pharmacology - CG1005(Do Not Use),SERVICE,In Vivo Pharmacology,CG10,Total_Pharma_Services,No,INF_BATCH,2024-07-05 08:48:47.548,INF_BATCH,2026-01-23 23:16:33.522,INF_R360
CG1006,ZZZ_SERVICE - Medicinal Chemistry - CG1006(Do Not Use),SERVICE,Medicinal Chemistry,CG10,Total_Pharma_Services,No,INF_BATCH,2024-07-05 08:48:47.548,INF_BATCH,2026-01-23 23:16:33.522,INF_R360
CG1007,ZZZ_SERVICE - Microbe-Omics - CG1007(Do Not Use),SERVICE,Microbe-Omics,CG10,Total_Pharma_Services,No,INF_BATCH,2024-07-05 08:48:47.548,INF_BATCH,2026-01-23 23:16:33.522,INF_R360
CG1008,ZZZ_SERVICE - Translational Medecine & TA Development - CG1008(Do Not Use),SERVICE,Translational Medecine & TA Development,CG10,Total_Pharma_Services,No,INF_BATCH,2024-07-05 08:48:47.548,INF_BATCH,2026-01-23 23:16:33.522,INF_R360
CH,UNIT - Neurology Research - CH,UNIT,Neurology Research,C,Total_Pharma_Services,Yes,INF_BATCH,2024-07-05 08:48:47.548,INF_BATCH,2026-01-23 23:16:33.522,INF_R360
CH10,DEPARTMENT - Neuroscience Research TA - CH10,DEPARTMENT,Neuroscience Research TA,CH,Total_Pharma_Services,Yes,INF_BATCH,2024-07-05 08:48:47.548,INF_BATCH,2026-01-23 23:16:33.522,INF_R360
CH1000,SERVICE - Direction & Management Office - CH1000,SERVICE,Direction & Management Office,CH10,Total_Pharma_Services,Yes,INF_BATCH,2024-07-05 08:48:47.548,INF_BATCH,2026-01-23 23:16:33.522,INF_R360
CH1001,SERVICE - Neurodegeneration - CH1001,SERVICE,Neurodegeneration,CH10,Total_Pharma_Services,Yes,INF_BATCH,2024-07-05 08:48:47.548,INF_BATCH,2026-01-23 23:16:33.522,INF_R360
CH1002,ZZZ_SERVICE - Multiples Sclerosis and Neuroinflammation - CH1002(Do Not Use),SERVICE,Multiples Sclerosis and Neuroinflammation,CH10,Total_Pharma_Services,No,INF_BATCH,2024-07-05 08:48:47.548,INF_BATCH,2026-01-23 23:16:33.522,INF_R360
CH1003,"SERVICE - Neurogenetic diseases, Neuroinflammation and Repair - CH1003",SERVICE,"Neurogenetic diseases, Neuroinflammation and Repair",CH10,Total_Pharma_Services,Yes,INF_BATCH,2024-07-05 08:48:47.548,INF_BATCH,2026-01-23 23:16:33.522,INF_R360
CH1004,SERVICE - Translational Neuroscience - CH1004,SERVICE,Translational Neuroscience,CH10,Total_Pharma_Services,Yes,INF_BATCH,2024-07-05 08:48:47.548,INF_BATCH,2026-01-23 23:16:33.522,INF_R360
CH1005,SERVICE - CNS Barriers - CH1005,SERVICE,CNS Barriers,CH10,Total_Pharma_Services,Yes,INF_BATCH,2024-07-05 08:48:47.548,INF_BATCH,2026-01-23 23:16:33.522,INF_R360
CI,UNIT - Oncology R - CI,UNIT,Oncology R,C,Total_Pharma_Services,Yes,INF_BATCH,2024-07-05 08:48:47.548,INF_BATCH,2026-01-23 23:16:33.522,INF_R360
CI10,DEPARTMENT - Oncology R - CI10,DEPARTMENT,Oncology R,CI,Total_Pharma_Services,Yes,INF_BATCH,2024-07-05 08:48:47.548,INF_BATCH,2026-01-23 23:16:33.522,INF_R360
CI1000,SERVICE - Direction & Management Office - CI1000,SERVICE,Direction & Management Office,CI10,Total_Pharma_Services,Yes,INF_BATCH,2024-07-05 08:48:47.548,INF_BATCH,2026-01-23 23:16:33.522,INF_R360
CI1001,SERVICE - Tidal - CI1001,SERVICE,Tidal,CI10,Total_Pharma_Services,Yes,INF_BATCH,2024-07-05 08:48:47.548,INF_BATCH,2026-01-23 23:16:33.522,INF_R360
CI1002,ZZZ_SERVICE - Cancer Cell Dependencies - CI1002(Do Not Use),SERVICE,Cancer Cell Dependencies,CI10,Total_Pharma_Services,No,INF_BATCH,2024-07-05 08:48:47.548,INF_BATCH,2026-01-23 23:16:33.522,INF_R360
CI1003,ZZZ_SERVICE - Oncology Asia - CI1003(Do Not Use),SERVICE,Oncology Asia,CI10,Total_Pharma_Services,No,INF_BATCH,2024-07-05 08:48:47.548,INF_BATCH,2026-01-23 23:16:33.522,INF_R360
CI1004,SERVICE - Flow cytometry-COE - CI1004,SERVICE,Flow cytometry-COE,CI10,Total_Pharma_Services,Yes,INF_BATCH,2024-07-05 08:48:47.548,INF_BATCH,2026-01-23 23:16:33.522,INF_R360
CI1005,SERVICE - Pharmacology - CI1005,SERVICE,Pharmacology,CI10,Total_Pharma_Services,Yes,INF_BATCH,2024-07-05 08:48:47.548,INF_BATCH,2026-01-23 23:16:33.522,INF_R360
CI1006,SERVICE - NK cell therapy - CI1006,SERVICE,NK cell therapy,CI10,Total_Pharma_Services,Yes,INF_BATCH,2024-07-05 08:48:47.548,INF_BATCH,2026-01-23 23:16:33.522,INF_R360
CI1007,SERVICE - Immuno Oncology - CI1007,SERVICE,Immuno Oncology,CI10,Total_Pharma_Services,Yes,INF_BATCH,2024-07-05 08:48:47.548,INF_BATCH,2026-01-23 23:16:33.522,INF_R360
CI1008,SERVICE - Precision Oncology - CI1008,SERVICE,Precision Oncology,CI10,Total_Pharma_Services,Yes,INF_BATCH,2024-07-05 08:48:47.548,INF_BATCH,2026-01-23 23:16:33.522,INF_R360
CI1009,SERVICE - Molecular Oncology - CI1009,SERVICE,Molecular Oncology,CI10,Total_Pharma_Services,Yes,INF_BATCH,2024-07-05 08:48:47.548,INF_BATCH,2026-01-23 23:16:33.522,INF_R360
CI11,ZZZ_DEPARTMENT - Translational medicine - CI11(Do Not Use),DEPARTMENT,Translational medicine,CI,Total_Pharma_Services,No,INF_BATCH,2024-07-05 08:48:47.548,INF_BATCH,2026-01-23 23:16:33.522,INF_R360
CI1100,ZZZ_SERVICE - Bioinformatics - CI1100(Do Not Use),SERVICE,Bioinformatics,CI11,Total_Pharma_Services,No,INF_BATCH,2024-07-05 08:48:47.548,INF_BATCH,2026-01-23 23:16:33.522,INF_R360
CI1101,ZZZ_SERVICE - Biomarkers - CI1101(Do Not Use),SERVICE,Biomarkers,CI11,Total_Pharma_Services,No,INF_BATCH,2024-07-05 08:48:47.548,INF_BATCH,2026-01-23 23:16:33.522,INF_R360
CI1102,ZZZ_SERVICE - Clinical Biomarkers - CI1102(Do Not Use),SERVICE,Clinical Biomarkers,CI11,Total_Pharma_Services,No,INF_BATCH,2024-07-05 08:48:47.548,INF_BATCH,2026-01-23 23:16:33.522,INF_R360
CI1103,ZZZ_SERVICE - Genomics - CI1103(Do Not Use),SERVICE,Genomics,CI11,Total_Pharma_Services,No,INF_BATCH,2024-07-05 08:48:47.548,INF_BATCH,2026-01-23 23:16:33.522,INF_R360
CI99,ZZZ_DEPARTMENT - Regeneron - Oncology R - CI99(Do Not Use),DEPARTMENT,Regeneron - Oncology R,CI,Total_Pharma_Services,No,INF_BATCH,2024-07-05 08:48:47.548,INF_BATCH,2026-01-23 23:16:33.522,INF_R360
CI9900,ZZZ_SERVICE - Oncology Partners REGN Research - CI9900(Do Not Use),SERVICE,Oncology Partners REGN Research,CI99,Total_Pharma_Services,No,INF_BATCH,2024-07-05 08:48:47.548,INF_BATCH,2026-01-23 23:16:33.522,INF_R360
CJ,UNIT - Rare Disease Research - CJ,UNIT,Rare Disease Research,C,Total_Pharma_Services,Yes,INF_BATCH,2024-07-05 08:48:47.548,INF_BATCH,2026-01-23 23:16:33.522,INF_R360
CJ10,DEPARTMENT - Rare Diseases R - CJ10,DEPARTMENT,Rare Diseases R,CJ,Total_Pharma_Services,Yes,INF_BATCH,2024-07-05 08:48:47.548,INF_BATCH,2026-01-23 23:16:33.522,INF_R360
CJ1000,SERVICE - Direction & Management Office - CJ1000,SERVICE,Direction & Management Office,CJ10,Total_Pharma_Services,Yes,INF_BATCH,2024-07-05 08:48:47.548,INF_BATCH,2026-01-23 23:16:33.522,INF_R360
CJ1001,SERVICE - Renal and Musculoskeletal Diseases - CJ1001,SERVICE,Renal and Musculoskeletal Diseases,CJ10,Total_Pharma_Services,Yes,INF_BATCH,2024-07-05 08:48:47.548,INF_BATCH,2026-01-23 23:16:33.522,INF_R360
CJ1002,SERVICE - Metabolic & Lysosomal Storage Diseases - CJ1002,SERVICE,Metabolic & Lysosomal Storage Diseases,CJ10,Total_Pharma_Services,Yes,INF_BATCH,2024-07-05 08:48:47.548,INF_BATCH,2026-01-23 23:16:33.522,INF_R360
CJ1003,ZZZ_SERVICE - Protein Folding Diseases - CJ1003(Do Not Use),SERVICE,Protein Folding Diseases,CJ10,Total_Pharma_Services,No,INF_BATCH,2024-07-05 08:48:47.548,INF_BATCH,2026-01-23 23:16:33.522,INF_R360
D3200,ZZZ_SERVICE - ANTI-INFECTIVES - D3200(Do Not Use),SERVICE,ANTI-INFECTIVES,ZZZ-ARCHIVES,Zzz-Archives,No,INF_BATCH,2024-07-05 08:48:47.548,INF_BATCH,2026-01-23 23:16:33.522,INF_R360
D3201,ZZZ_SERVICE - BONE DISEASE - D3201(Do Not Use),SERVICE,BONE DISEASE,ZZZ-ARCHIVES,Zzz-Archives,No,INF_BATCH,2024-07-05 08:48:47.548,INF_BATCH,2026-01-23 23:16:33.522,INF_R360
DA,ZZZ_UNIT - Biologics Development - DA(Do Not Use),UNIT,Biologics Development,D,Total_Pharma_Services,No,INF_BATCH,2024-07-05 08:48:47.548,INF_BATCH,2026-01-23 23:16:33.522,INF_R360
DA10,ZZZ_DEPARTMENT - Biopharmaceutics Dev Direction - DA10(Do Not Use),DEPARTMENT,Biopharmaceutics Dev Direction,DA,Total_Pharma_Services,No,INF_BATCH,2024-07-05 08:48:47.548,INF_BATCH,2026-01-23 23:16:33.522,INF_R360
DA1000,ZZZ_SERVICE - Global Direction - DA1000(Do Not Use),SERVICE,Global Direction,DA10,Total_Pharma_Services,No,INF_BATCH,2024-07-05 08:48:47.548,INF_BATCH,2026-01-23 23:16:33.522,INF_R360
DA1001,ZZZ_SERVICE - Local Direction - DA1001(Do Not Use),SERVICE,Local Direction,DA10,Total_Pharma_Services,No,INF_BATCH,2024-07-05 08:48:47.548,INF_BATCH,2026-01-23 23:16:33.522,INF_R360
DA1002,ZZZ_SERVICE - Intersite Collab & External Project - DA1002(Do Not Use),SERVICE,Intersite Collab & External Project,DA10,Total_Pharma_Services,No,INF_BATCH,2024-07-05 08:48:47.548,INF_BATCH,2026-01-23 23:16:33.522,INF_R360
DA11,ZZZ_DEPARTMENT - Biopharmaceutics Dev - DA11(Do Not Use),DEPARTMENT,Biopharmaceutics Dev,DA,Total_Pharma_Services,No,INF_BATCH,2024-07-05 08:48:47.548,INF_BATCH,2026-01-23 23:16:33.522,INF_R360
DA1100,ZZZ_SERVICE - RGN technical & Collaboration - DA1100(Do Not Use),SERVICE,RGN technical & Collaboration,DA11,Total_Pharma_Services,No,INF_BATCH,2024-07-05 08:48:47.548,INF_BATCH,2026-01-23 23:16:33.522,INF_R360
DA1101,ZZZ_SERVICE - BioProcess Dev - DA1101(Do Not Use),SERVICE,BioProcess Dev,DA11,Total_Pharma_Services,No,INF_BATCH,2024-07-05 08:48:47.548,INF_BATCH,2026-01-23 23:16:33.522,INF_R360
DA1102,ZZZ_SERVICE - Clinical Trial Manufacturing - DA1102(Do Not Use),SERVICE,Clinical Trial Manufacturing,DA11,Total_Pharma_Services,No,INF_BATCH,2024-07-05 08:48:47.548,INF_BATCH,2026-01-23 23:16:33.522,INF_R360
DA1103,ZZZ_SERVICE - Bioanalytics - DA1103(Do Not Use),SERVICE,Bioanalytics,DA11,Total_Pharma_Services,No,INF_BATCH,2024-07-05 08:48:47.548,INF_BATCH,2026-01-23 23:16:33.522,INF_R360
DA1104,ZZZ_SERVICE - Disposable Strategy - DA1104(Do Not Use),SERVICE,Disposable Strategy,DA11,Total_Pharma_Services,No,INF_BATCH,2024-07-05 08:48:47.548,INF_BATCH,2026-01-23 23:16:33.522,INF_R360
DA1105,ZZZ_SERVICE - Cell banking &Viral testing - DA1105(Do Not Use),SERVICE,Cell banking &Viral testing,DA11,Total_Pharma_Services,No,INF_BATCH,2024-07-05 08:48:47.548,INF_BATCH,2026-01-23 23:16:33.522,INF_R360
DA1106,ZZZ_SERVICE - Cell line development - DA1106(Do Not Use),SERVICE,Cell line development,DA11,Total_Pharma_Services,No,INF_BATCH,2024-07-05 08:48:47.548,INF_BATCH,2026-01-23 23:16:33.522,INF_R360
DA1107,ZZZ_SERVICE - Gene Therapy - DA1107(Do Not Use),SERVICE,Gene Therapy,DA11,Total_Pharma_Services,No,INF_BATCH,2024-07-05 08:48:47.548,INF_BATCH,2026-01-23 23:16:33.522,INF_R360
DA1108,ZZZ_SERVICE - Continuous Manufacturing - DA1108(Do Not Use),SERVICE,Continuous Manufacturing,DA11,Total_Pharma_Services,No,INF_BATCH,2024-07-05 08:48:47.548,INF_BATCH,2026-01-23 23:16:33.522,INF_R360
DA12,ZZZ_DEPARTMENT - Pharmaceutical Science Bio - DA12(Do Not Use),DEPARTMENT,Pharmaceutical Science Bio,DA,Total_Pharma_Services,No,INF_BATCH,2024-07-05 08:48:47.548,INF_BATCH,2026-01-23 23:16:33.522,INF_R360
DA1200,ZZZ_SERVICE - Formulation dev - DA1200(Do Not Use),SERVICE,Formulation dev,DA12,Total_Pharma_Services,No,INF_BATCH,2024-07-05 08:48:47.548,INF_BATCH,2026-01-23 23:16:33.522,INF_R360
DA1201,ZZZ_SERVICE - Device Ability - DA1201(Do Not Use),SERVICE,Device Ability,DA12,Total_Pharma_Services,No,INF_BATCH,2024-07-05 08:48:47.548,INF_BATCH,2026-01-23 23:16:33.522,INF_R360
DA13,ZZZ_DEPARTMENT - PSO Bio - DA13(Do Not Use),DEPARTMENT,PSO Bio,DA,Total_Pharma_Services,No,INF_BATCH,2024-07-05 08:48:47.548,INF_BATCH,2026-01-23 23:16:33.522,INF_R360
DA1300,ZZZ_SERVICE - PSO Bio - DA1300(Do Not Use),SERVICE,PSO Bio,DA13,Total_Pharma_Services,No,INF_BATCH,2024-07-05 08:48:47.548,INF_BATCH,2026-01-23 23:16:33.522,INF_R360
DA14,ZZZ_DEPARTMENT - CBD Bio - DA14(Do Not Use),DEPARTMENT,CBD Bio,DA,Total_Pharma_Services,No,INF_BATCH,2024-07-05 08:48:47.548,INF_BATCH,2026-01-23 23:16:33.522,INF_R360
DA1400,ZZZ_SERVICE - CBD Bio - DA1400(Do Not Use),SERVICE,CBD Bio,DA14,Total_Pharma_Services,No,INF_BATCH,2024-07-05 08:48:47.548,INF_BATCH,2026-01-23 23:16:33.522,INF_R360
DA15,ZZZ_DEPARTMENT - Devices Bio - DA15(Do Not Use),DEPARTMENT,Devices Bio,DA,Total_Pharma_Services,No,INF_BATCH,2024-07-05 08:48:47.548,INF_BATCH,2026-01-23 23:16:33.522,INF_R360
DA1500,ZZZ_SERVICE - Devices Bio - DA1500(Do Not Use),SERVICE,Devices Bio,DA15,Total_Pharma_Services,No,INF_BATCH,2024-07-05 08:48:47.548,INF_BATCH,2026-01-23 23:16:33.522,INF_R360
DA20,ZZZ_DEPARTMENT - Biologics Dev Direction - DA20(Do Not Use),DEPARTMENT,Biologics Dev Direction,DA,Total_Pharma_Services,No,INF_BATCH,2024-07-05 08:48:47.548,INF_BATCH,2026-01-23 23:16:33.522,INF_R360
DA2000,ZZZ_SERVICE - Global Direction - DA2000(Do Not Use),SERVICE,Global Direction,DA20,Total_Pharma_Services,No,INF_BATCH,2024-07-05 08:48:47.548,INF_BATCH,2026-01-23 23:16:33.522,INF_R360
DA2001,ZZZ_SERVICE - Continuous Mfg. Skill Centers - DA2001(Do Not Use),SERVICE,Continuous Mfg. Skill Centers,DA20,Total_Pharma_Services,No,INF_BATCH,2024-07-05 08:48:47.548,INF_BATCH,2026-01-23 23:16:33.522,INF_R360
DA2002,ZZZ_SERVICE - Gene Therapy - DA2002(Do Not Use),SERVICE,Gene Therapy,DA20,Total_Pharma_Services,No,INF_BATCH,2024-07-05 08:48:47.548,INF_BATCH,2026-01-23 23:16:33.522,INF_R360
DA21,ZZZ_DEPARTMENT - Cell Culture Dev - DA21(Do Not Use),DEPARTMENT,Cell Culture Dev,DA,Total_Pharma_Services,No,INF_BATCH,2024-07-05 08:48:47.548,INF_BATCH,2026-01-23 23:16:33.522,INF_R360
DA2100,ZZZ_SERVICE - Cell Culture Dev - DA2100(Do Not Use),SERVICE,Cell Culture Dev,DA21,Total_Pharma_Services,No,INF_BATCH,2024-07-05 08:48:47.548,INF_BATCH,2026-01-23 23:16:33.522,INF_R360
DA2101,ZZZ_SERVICE - Cell Line Dev - DA2101(Do Not Use),SERVICE,Cell Line Dev,DA21,Total_Pharma_Services,No,INF_BATCH,2024-07-05 08:48:47.548,INF_BATCH,2026-01-23 23:16:33.522,INF_R360
DA22,ZZZ_DEPARTMENT - Purification Dev - DA22(Do Not Use),DEPARTMENT,Purification Dev,DA,Total_Pharma_Services,No,INF_BATCH,2024-07-05 08:48:47.548,INF_BATCH,2026-01-23 23:16:33.522,INF_R360
DA2200,ZZZ_SERVICE - Purification Dev - DA2200(Do Not Use),SERVICE,Purification Dev,DA22,Total_Pharma_Services,No,INF_BATCH,2024-07-05 08:48:47.548,INF_BATCH,2026-01-23 23:16:33.522,INF_R360
DA23,ZZZ_DEPARTMENT - BioAnalytics - DA23(Do Not Use),DEPARTMENT,BioAnalytics,DA,Total_Pharma_Services,No,INF_BATCH,2024-07-05 08:48:47.548,INF_BATCH,2026-01-23 23:16:33.522,INF_R360
DA2300,ZZZ_SERVICE - BioAnalytics - DA2300(Do Not Use),SERVICE,BioAnalytics,DA23,Total_Pharma_Services,No,INF_BATCH,2024-07-05 08:48:47.548,INF_BATCH,2026-01-23 23:16:33.522,INF_R360
DA24,ZZZ_DEPARTMENT - Biologics DS Mfg. - DA24(Do Not Use),DEPARTMENT,Biologics DS Mfg.,DA,Total_Pharma_Services,No,INF_BATCH,2024-07-05 08:48:47.548,INF_BATCH,2026-01-23 23:16:33.522,INF_R360
DA2400,ZZZ_SERVICE - Biologics DS Mfg. - DA2400(Do Not Use),SERVICE,Biologics DS Mfg.,DA24,Total_Pharma_Services,No,INF_BATCH,2024-07-05 08:48:47.548,INF_BATCH,2026-01-23 23:16:33.522,INF_R360
DA2401,ZZZ_SERVICE - Cell Banking - DA2401(Do Not Use),SERVICE,Cell Banking,DA24,Total_Pharma_Services,No,INF_BATCH,2024-07-05 08:48:47.548,INF_BATCH,2026-01-23 23:16:33.522,INF_R360
DA25,ZZZ_DEPARTMENT - BioProcess Engineering - DA25(Do Not Use),DEPARTMENT,BioProcess Engineering,DA,Total_Pharma_Services,No,INF_BATCH,2024-07-05 08:48:47.548,INF_BATCH,2026-01-23 23:16:33.522,INF_R360
DA2500,ZZZ_SERVICE - BioProcess Engineering - DA2500(Do Not Use),SERVICE,BioProcess Engineering,DA25,Total_Pharma_Services,No,INF_BATCH,2024-07-05 08:48:47.548,INF_BATCH,2026-01-23 23:16:33.522,INF_R360
DA26,ZZZ_DEPARTMENT - Biologics DP Dev - DA26(Do Not Use),DEPARTMENT,Biologics DP Dev,DA,Total_Pharma_Services,No,INF_BATCH,2024-07-05 08:48:47.548,INF_BATCH,2026-01-23 23:16:33.522,INF_R360
DA2600,ZZZ_SERVICE - Biologics DP Dev - DA2600(Do Not Use),SERVICE,Biologics DP Dev,DA26,Total_Pharma_Services,No,INF_BATCH,2024-07-05 08:48:47.548,INF_BATCH,2026-01-23 23:16:33.522,INF_R360
DA2601,ZZZ_SERVICE - Biologics IA DP &  Device - DA2601(Do Not Use),SERVICE,Biologics IA DP &  Device,DA26,Total_Pharma_Services,No,INF_BATCH,2024-07-05 08:48:47.548,INF_BATCH,2026-01-23 23:16:33.522,INF_R360
DA27,ZZZ_DEPARTMENT - Clinical Injectables Mfg. - DA27(Do Not Use),DEPARTMENT,Clinical Injectables Mfg.,DA,Total_Pharma_Services,No,INF_BATCH,2024-07-05 08:48:47.548,INF_BATCH,2026-01-23 23:16:33.522,INF_R360
DA2700,ZZZ_SERVICE - Clinical Injectables Mfg. - DA2700(Do Not Use),SERVICE,Clinical Injectables Mfg.,DA27,Total_Pharma_Services,No,INF_BATCH,2024-07-05 08:48:47.548,INF_BATCH,2026-01-23 23:16:33.522,INF_R360
DA28,ZZZ_DEPARTMENT - MicroBial Dev - DA28(Do Not Use),DEPARTMENT,MicroBial Dev,DA,Total_Pharma_Services,No,INF_BATCH,2024-07-05 08:48:47.548,INF_BATCH,2026-01-23 23:16:33.522,INF_R360
DA2800,ZZZ_SERVICE - MicroBial Dev - DA2800(Do Not Use),SERVICE,MicroBial Dev,DA28,Total_Pharma_Services,No,INF_BATCH,2024-07-05 08:48:47.548,INF_BATCH,2026-01-23 23:16:33.522,INF_R360
DA2801,ZZZ_SERVICE - Pilot Plant - DA2801(Do Not Use),SERVICE,Pilot Plant,DA28,Total_Pharma_Services,No,INF_BATCH,2024-07-05 08:48:47.548,INF_BATCH,2026-01-23 23:16:33.522,INF_R360
DA2802,ZZZ_SERVICE - Project Admin - DA2802(Do Not Use),SERVICE,Project Admin,DA28,Total_Pharma_Services,No,INF_BATCH,2024-07-05 08:48:47.548,INF_BATCH,2026-01-23 23:16:33.522,INF_R360
DA29,ZZZ_DEPARTMENT - IA Injectable Manuf. & Device - DA29(Do Not Use),DEPARTMENT,IA Injectable Manuf. & Device,DA,Total_Pharma_Services,No,INF_BATCH,2024-07-05 08:48:47.548,INF_BATCH,2026-01-23 23:16:33.522,INF_R360
DA2901,ZZZ_SERVICE - IA LE TRAIT DP - DA2901(Do Not Use),SERVICE,IA LE TRAIT DP,DA29,Total_Pharma_Services,No,INF_BATCH,2024-07-05 08:48:47.548,INF_BATCH,2026-01-23 23:16:33.522,INF_R360
DA2902,ZZZ_SERVICE - IA Waterford DP - DA2902(Do Not Use),SERVICE,IA Waterford DP,DA29,Total_Pharma_Services,No,INF_BATCH,2024-07-05 08:48:47.548,INF_BATCH,2026-01-23 23:16:33.522,INF_R360
DA2903,ZZZ_SERVICE - IA SFB&O - DA2903(Do Not Use),SERVICE,IA SFB&O,DA29,Total_Pharma_Services,No,INF_BATCH,2024-07-05 08:48:47.548,INF_BATCH,2026-01-23 23:16:33.522,INF_R360
DA2904,ZZZ_SERVICE - IA SFD - DA2904(Do Not Use),SERVICE,IA SFD,DA29,Total_Pharma_Services,No,INF_BATCH,2024-07-05 08:48:47.548,INF_BATCH,2026-01-23 23:16:33.522,INF_R360
DA2905,ZZZ_SERVICE - IA MED - DA2905(Do Not Use),SERVICE,IA MED,DA29,Total_Pharma_Services,No,INF_BATCH,2024-07-05 08:48:47.548,INF_BATCH,2026-01-23 23:16:33.522,INF_R360
DA2906,ZZZ_SERVICE - IA SFI - DA2906(Do Not Use),SERVICE,IA SFI,DA29,Total_Pharma_Services,No,INF_BATCH,2024-07-05 08:48:47.548,INF_BATCH,2026-01-23 23:16:33.522,INF_R360
DA99,ZZZ_DEPARTMENT - Regeneron - Biopharmaceutics Dev - DA99(Do Not Use),DEPARTMENT,Regeneron - Biopharmaceutics Dev,DA,Total_Pharma_Services,No,INF_BATCH,2024-07-05 08:48:47.548,INF_BATCH,2026-01-23 23:16:33.522,INF_R360
DA9900,ZZZ_SERVICE - Biopharma REGN Dev - DA9900(Do Not Use),SERVICE,Biopharma REGN Dev,DA99,Total_Pharma_Services,No,INF_BATCH,2024-07-05 08:48:47.548,INF_BATCH,2026-01-23 23:16:33.522,INF_R360
DB,UNIT - Clinical Sciences and Operations - DB,UNIT,Clinical Sciences and Operations,B,Total_Pharma_Services,Yes,INF_BATCH,2024-07-05 08:48:47.548,INF_BATCH,2026-01-23 23:16:33.522,INF_R360
DB10,DEPARTMENT - Management Office - DB10,DEPARTMENT,Management Office,DB,Total_Pharma_Services,Yes,INF_BATCH,2024-07-05 08:48:47.548,INF_BATCH,2026-01-23 23:16:33.522,INF_R360
DB1000,SERVICE - CSO Direction & Transversal Teams - DB1000,SERVICE,CSO Direction & Transversal Teams,DB10,Total_Pharma_Services,Yes,INF_BATCH,2024-07-05 08:48:47.548,INF_BATCH,2026-01-23 23:16:33.522,INF_R360
DB1001,SERVICE - Modernization & Performance Office (MPO) - DB1001,SERVICE,Modernization & Performance Office (MPO),DB10,Total_Pharma_Services,Yes,INF_BATCH,2024-07-05 08:48:47.548,INF_BATCH,2026-01-23 23:16:33.522,INF_R360
DB11,DEPARTMENT - Clinical Quality-Continuous Improvement - DB11,DEPARTMENT,Clinical Quality-Continuous Improvement,DB,Total_Pharma_Services,Yes,INF_BATCH,2024-07-05 08:48:47.548,INF_BATCH,2026-01-23 23:16:33.522,INF_R360
DB1100,SERVICE - Clinical Quality and Continuous Improvement - DB1100,SERVICE,Clinical Quality and Continuous Improvement,DB11,Total_Pharma_Services,Yes,INF_BATCH,2024-07-05 08:48:47.548,INF_BATCH,2026-01-23 23:16:33.522,INF_R360
DB1101,SERVICE - Amunix - SQO - DB1101,SERVICE,Amunix - SQO,DB11,Total_Pharma_Services,Yes,INF_BATCH,2024-07-05 08:48:47.548,INF_BATCH,2026-01-23 23:16:33.522,INF_R360
DB12,DEPARTMENT - Global Clinical Project Operations - DB12,DEPARTMENT,Global Clinical Project Operations,DB,Total_Pharma_Services,Yes,INF_BATCH,2024-07-05 08:48:47.548,INF_BATCH,2026-01-23 23:16:33.522,INF_R360
DB1200,SERVICE - Clinical Project Management - DB1200,SERVICE,Clinical Project Management,DB12,Total_Pharma_Services,Yes,INF_BATCH,2024-07-05 08:48:47.548,INF_BATCH,2026-01-23 23:16:33.522,INF_R360
DB13,DEPARTMENT - Operational Medical Dev & Clinic - DB13,DEPARTMENT,Operational Medical Dev & Clinic,DB,Total_Pharma_Services,Yes,INF_BATCH,2024-07-05 08:48:47.548,INF_BATCH,2026-01-23 23:16:33.522,INF_R360
DB1300,SERVICE - Clinical Documentation - DB1300,SERVICE,Clinical Documentation,DB13,Total_Pharma_Services,Yes,INF_BATCH,2024-07-05 08:48:47.548,INF_BATCH,2026-01-23 23:16:33.522,INF_R360
DB1301,SERVICE - Medical Operations - DB1301,SERVICE,Medical Operations,DB13,Total_Pharma_Services,Yes,INF_BATCH,2024-07-05 08:48:47.548,INF_BATCH,2026-01-23 23:16:33.522,INF_R360
DB14,DEPARTMENT - Early Development Clinical Operations - DB14,DEPARTMENT,Early Development Clinical Operations,DB,Total_Pharma_Services,Yes,INF_BATCH,2024-07-05 08:48:47.548,INF_BATCH,2026-01-23 23:16:33.522,INF_R360
DB1400,SERVICE - Early Development - DB1400,SERVICE,Early Development,DB14,Total_Pharma_Services,Yes,INF_BATCH,2024-07-05 08:48:47.548,INF_BATCH,2026-01-23 23:16:33.522,INF_R360
DB1401,SERVICE - Early Development Clinical Operations - DB1401,SERVICE,Early Development Clinical Operations,DB14,Total_Pharma_Services,Yes,INF_BATCH,2024-07-05 08:48:47.548,INF_BATCH,2026-01-23 23:16:33.522,INF_R360
DB15,DEPARTMENT - Clinical Data AI-Processing - DB15,DEPARTMENT,Clinical Data AI-Processing,DB,Total_Pharma_Services,Yes,INF_BATCH,2024-07-05 08:48:47.548,INF_BATCH,2026-01-23 23:16:33.522,INF_R360
DB1500,SERVICE - Trial Operations - DB1500,SERVICE,Trial Operations,DB15,Total_Pharma_Services,Yes,INF_BATCH,2024-07-05 08:48:47.548,INF_BATCH,2026-01-23 23:16:33.522,INF_R360
DB1501,SERVICE - Early Development Oncology Operations - DB1501,SERVICE,Early Development Oncology Operations,DB15,Total_Pharma_Services,Yes,INF_BATCH,2024-07-05 08:48:47.548,INF_BATCH,2026-01-23 23:16:33.522,INF_R360
DB1502,SERVICE - Trial Operations Data Management service - DB1502,SERVICE,Trial Operations Data Management service,DB15,Total_Pharma_Services,Yes,INF_BATCH,2024-07-05 08:48:47.548,INF_BATCH,2026-01-23 23:16:33.522,INF_R360
DB16,DEPARTMENT - Programming - DB16,DEPARTMENT,Programming,DB,Total_Pharma_Services,Yes,INF_BATCH,2024-07-05 08:48:47.548,INF_BATCH,2026-01-23 23:16:33.522,INF_R360
DB1600,SERVICE - Biostatistics and Programming - DB1600,SERVICE,Biostatistics and Programming,DB16,Total_Pharma_Services,Yes,INF_BATCH,2024-07-05 08:48:47.548,INF_BATCH,2026-01-23 23:16:33.522,INF_R360
DB17,DEPARTMENT - Clinical Study Unit - DB17,DEPARTMENT,Clinical Study Unit,DB,Total_Pharma_Services,Yes,INF_BATCH,2024-07-05 08:48:47.548,INF_BATCH,2026-01-23 23:16:33.522,INF_R360
DB1700,SERVICE - Global Support & Management - DB1700,SERVICE,Global Support & Management,DB17,Total_Pharma_Services,Yes,INF_BATCH,2024-07-05 08:48:47.548,INF_BATCH,2026-01-23 23:16:33.522,INF_R360
DB1701,SERVICE - CSU Operations - DB1701,SERVICE,CSU Operations,DB17,Total_Pharma_Services,Yes,INF_BATCH,2024-07-05 08:48:47.548,INF_BATCH,2026-01-23 23:16:33.522,INF_R360
DB1702,SERVICE - Clinical Operations Strategy & Collaboration - DB1702,SERVICE,Clinical Operations Strategy & Collaboration,DB17,Total_Pharma_Services,Yes,INF_BATCH,2024-07-05 08:48:47.548,INF_BATCH,2026-01-23 23:16:33.522,INF_R360
DB1703,SERVICE - Amunix - Clinical Operations - DB1703,SERVICE,Amunix - Clinical Operations,DB17,Total_Pharma_Services,Yes,INF_BATCH,2024-07-05 08:48:47.548,INF_BATCH,2026-01-23 23:16:33.522,INF_R360
DB18,DEPARTMENT - Clinical Supply Chain Operations - DB18,DEPARTMENT,Clinical Supply Chain Operations,DB,Total_Pharma_Services,Yes,INF_BATCH,2024-07-05 08:48:47.548,INF_BATCH,2026-01-23 23:16:33.522,INF_R360
DB1800,SERVICE - Clinical Supply Chain Operations - DB1800,SERVICE,Clinical Supply Chain Operations,DB18,Total_Pharma_Services,Yes,INF_BATCH,2024-07-05 08:48:47.548,INF_BATCH,2026-01-23 23:16:33.522,INF_R360
DB99,ZZZ_DEPARTMENT - Regeneron - CSO Dev - DB99(Do Not Use),DEPARTMENT,Regeneron - CSO Dev,DB,Total_Pharma_Services,No,INF_BATCH,2024-07-05 08:48:47.548,INF_BATCH,2026-01-23 23:16:33.522,INF_R360
DB9900,ZZZ_SERVICE - CSO REGN Dev - DB9900(Do Not Use),SERVICE,CSO REGN Dev,DB99,Total_Pharma_Services,No,INF_BATCH,2024-07-05 08:48:47.548,INF_BATCH,2026-01-23 23:16:33.522,INF_R360
DB9901,ZZZ_SERVICE - Clinical Supplies REGN Dev - DB9901(Do Not Use),SERVICE,Clinical Supplies REGN Dev,DB99,Total_Pharma_Services,No,INF_BATCH,2024-07-05 08:48:47.548,INF_BATCH,2026-01-23 23:16:33.522,INF_R360
DC,ZZZ_UNIT - CMC Dossier Development and Coordination - DC(Do Not Use),UNIT,CMC Dossier Development and Coordination,J,Total_Pharma_Services,No,INF_BATCH,2024-07-05 08:48:47.548,INF_BATCH,2026-01-23 23:16:33.522,INF_R360
DC10,ZZZ_DEPARTMENT - CMC Dossier Development and Coordination - DC10(Do Not Use),DEPARTMENT,CMC Dossier Development and Coordination,DC,Total_Pharma_Services,No,INF_BATCH,2024-07-05 08:48:47.548,INF_BATCH,2026-01-23 23:16:33.522,INF_R360
DC1000,ZZZ_SERVICE - CMC DDC Global - DC1000(Do Not Use),SERVICE,CMC DDC Global,DC10,Total_Pharma_Services,No,INF_BATCH,2024-07-05 08:48:47.548,INF_BATCH,2026-01-23 23:16:33.522,INF_R360
DD,ZZZ_UNIT - ICMC NPP - DD(Do Not Use),UNIT,ICMC NPP,J,Total_Pharma_Services,No,INF_BATCH,2024-07-05 08:48:47.548,INF_BATCH,2026-01-23 23:16:33.522,INF_R360
DD10,ZZZ_DEPARTMENT - ICMC NPP - DD10(Do Not Use),DEPARTMENT,ICMC NPP,DD,Total_Pharma_Services,No,INF_BATCH,2024-07-05 08:48:47.548,INF_BATCH,2026-01-23 23:16:33.522,INF_R360
DD1000,ZZZ_SERVICE - CMC External Collaboration - DD1000(Do Not Use),SERVICE,CMC External Collaboration,DD10,Total_Pharma_Services,No,INF_BATCH,2024-07-05 08:48:47.548,INF_BATCH,2026-01-23 23:16:33.522,INF_R360
DD1001,ZZZ_SERVICE - CMC  Projects Clusters - DD1001(Do Not Use),SERVICE,CMC  Projects Clusters,DD10,Total_Pharma_Services,No,INF_BATCH,2024-07-05 08:48:47.548,INF_BATCH,2026-01-23 23:16:33.522,INF_R360
DD1002,ZZZ_SERVICE - CMC Operation Excellence - DD1002(Do Not Use),SERVICE,CMC Operation Excellence,DD10,Total_Pharma_Services,No,INF_BATCH,2024-07-05 08:48:47.548,INF_BATCH,2026-01-23 23:16:33.522,INF_R360
DD1003,ZZZ_SERVICE - CMC Opérations Management - DD1003(Do Not Use),SERVICE,CMC Opérations Management,DD10,Total_Pharma_Services,No,INF_BATCH,2024-07-05 08:48:47.548,INF_BATCH,2026-01-23 23:16:33.522,INF_R360
EB1001,SERVICE - Paris Saclay Onco Cluster - EB1001,SERVICE,Paris Saclay Onco Cluster,EB10,Total_Pharma_Services,Yes,INF_BATCH,2024-07-05 08:48:47.548,INF_BATCH,2026-01-23 23:16:33.522,INF_R360
EB11,ZZZ_DEPARTMENT - Site Chilly-Mazarin - EB11(Do Not Use),DEPARTMENT,Site Chilly-Mazarin,EB,Total_Pharma_Services,No,INF_BATCH,2024-07-05 08:48:47.548,INF_BATCH,2026-01-23 23:16:33.522,INF_R360
EB1100,ZZZ_SERVICE - Direction Site Chilly - EB1100(Do Not Use),SERVICE,Direction Site Chilly,EB11,Total_Pharma_Services,No,INF_BATCH,2024-07-05 08:48:47.548,INF_BATCH,2026-01-23 23:16:33.522,INF_R360
EB1101,ZZZ_SERVICE - HSE Chilly - EB1101(Do Not Use),SERVICE,HSE Chilly,EB11,Total_Pharma_Services,No,INF_BATCH,2024-07-05 08:48:47.548,INF_BATCH,2026-01-23 23:16:33.522,INF_R360
EB1102,ZZZ_SERVICE - Service Medical Chilly - EB1102(Do Not Use),SERVICE,Service Medical Chilly,EB11,Total_Pharma_Services,No,INF_BATCH,2024-07-05 08:48:47.548,INF_BATCH,2026-01-23 23:16:33.522,INF_R360
EB1103,ZZZ_SERVICE - Services Generaux Chilly - EB1103(Do Not Use),SERVICE,Services Generaux Chilly,EB11,Total_Pharma_Services,No,INF_BATCH,2024-07-05 08:48:47.548,INF_BATCH,2026-01-23 23:16:33.522,INF_R360
EB1104,ZZZ_SERVICE - Detachement Chilly - EB1104(Do Not Use),SERVICE,Detachement Chilly,EB11,Total_Pharma_Services,No,INF_BATCH,2024-07-05 08:48:47.548,INF_BATCH,2026-01-23 23:16:33.522,INF_R360
EB1105,ZZZ_SERVICE - Ingenierie & Maintenance Chilly - EB1105(Do Not Use),SERVICE,Ingenierie & Maintenance Chilly,EB11,Total_Pharma_Services,No,INF_BATCH,2024-07-05 08:48:47.548,INF_BATCH,2026-01-23 23:16:33.522,INF_R360
EB1106,ZZZ_SERVICE - Logistique Chilly - EB1106(Do Not Use),SERVICE,Logistique Chilly,EB11,Total_Pharma_Services,No,INF_BATCH,2024-07-05 08:48:47.548,INF_BATCH,2026-01-23 23:16:33.522,INF_R360
EB12,ZZZ_DEPARTMENT - Open Innovation Access PF Strasbourg - EB12(Do Not Use),DEPARTMENT,Open Innovation Access PF Strasbourg,EB,Total_Pharma_Services,No,INF_BATCH,2024-07-05 08:48:47.548,INF_BATCH,2026-01-23 23:16:33.522,INF_R360
EB1200,ZZZ_SERVICE - Open Innovation Access PF Strasbourg - EB1200(Do Not Use),SERVICE,Open Innovation Access PF Strasbourg,EB12,Total_Pharma_Services,No,INF_BATCH,2024-07-05 08:48:47.548,INF_BATCH,2026-01-23 23:16:33.522,INF_R360
EB13,ZZZ_DEPARTMENT - Platform Support Toulouse - EB13(Do Not Use),DEPARTMENT,Platform Support Toulouse,EB,Total_Pharma_Services,No,INF_BATCH,2024-07-05 08:48:47.548,INF_BATCH,2026-01-23 23:16:33.522,INF_R360
EB1300,ZZZ_SERVICE - Platform Support Toulouse - EB1300(Do Not Use),SERVICE,Platform Support Toulouse,EB13,Total_Pharma_Services,No,INF_BATCH,2024-07-05 08:48:47.548,INF_BATCH,2026-01-23 23:16:33.522,INF_R360
EB14,ZZZ_SERVICE - R&D Transformation - EB14(Do Not Use),SERVICE,R&D Transformation,EB,Total_Pharma_Services,No,INF_BATCH,2024-07-05 08:48:47.548,INF_BATCH,2026-01-23 23:16:33.522,INF_R360
EB1400,SERVICE - R&D Process & Operations - EB1400,SERVICE,R&D Process & Operations,EE10,Total_Pharma_Services,Yes,INF_BATCH,2024-07-05 08:48:47.548,INF_BATCH,2026-01-23 23:16:33.522,INF_R360
EB16,ZZZ_DEPARTMENT - Site Vitry - EB16(Do Not Use),DEPARTMENT,Site Vitry,EB,Total_Pharma_Services,No,INF_BATCH,2024-07-05 08:48:47.548,INF_BATCH,2026-01-23 23:16:33.522,INF_R360
EB1600,ZZZ_SERVICE - Direction Site Vitry - EB1600(Do Not Use),SERVICE,Direction Site Vitry,EB16,Total_Pharma_Services,No,INF_BATCH,2024-07-05 08:48:47.548,INF_BATCH,2026-01-23 23:16:33.522,INF_R360
EB1601,ZZZ_SERVICE - HSE Vitry - EB1601(Do Not Use),SERVICE,HSE Vitry,EB16,Total_Pharma_Services,No,INF_BATCH,2024-07-05 08:48:47.548,INF_BATCH,2026-01-23 23:16:33.522,INF_R360
EB1602,ZZZ_SERVICE - Service Medical Vitry - EB1602(Do Not Use),SERVICE,Service Medical Vitry,EB16,Total_Pharma_Services,No,INF_BATCH,2024-07-05 08:48:47.548,INF_BATCH,2026-01-23 23:16:33.522,INF_R360
EB1603,ZZZ_SERVICE - Services Generaux Vitry - EB1603(Do Not Use),SERVICE,Services Generaux Vitry,EB16,Total_Pharma_Services,No,INF_BATCH,2024-07-05 08:48:47.548,INF_BATCH,2026-01-23 23:16:33.522,INF_R360
EB1604,ZZZ_SERVICE - Detachement Vitry - EB1604(Do Not Use),SERVICE,Detachement Vitry,EB16,Total_Pharma_Services,No,INF_BATCH,2024-07-05 08:48:47.548,INF_BATCH,2026-01-23 23:16:33.522,INF_R360
EB1605,ZZZ_SERVICE - Ingenierie & Maintenance Vitry - EB1605(Do Not Use),SERVICE,Ingenierie & Maintenance Vitry,EB16,Total_Pharma_Services,No,INF_BATCH,2024-07-05 08:48:47.548,INF_BATCH,2026-01-23 23:16:33.522,INF_R360
EB1606,ZZZ_SERVICE - Logistique Vitry - EB1606(Do Not Use),SERVICE,Logistique Vitry,EB16,Total_Pharma_Services,No,INF_BATCH,2024-07-05 08:48:47.548,INF_BATCH,2026-01-23 23:16:33.522,INF_R360
EB17,ZZZ_DEPARTMENT - Site Montpellier - EB17(Do Not Use),DEPARTMENT,Site Montpellier,EB,Total_Pharma_Services,No,INF_BATCH,2024-07-05 08:48:47.548,INF_BATCH,2026-01-23 23:16:33.522,INF_R360
EB1700,ZZZ_SERVICE - Direction Site MPL - EB1700(Do Not Use),SERVICE,Direction Site MPL,EB17,Total_Pharma_Services,No,INF_BATCH,2024-07-05 08:48:47.548,INF_BATCH,2026-01-23 23:16:33.522,INF_R360
EB1701,ZZZ_SERVICE - HSE MPL - EB1701(Do Not Use),SERVICE,HSE MPL,EB17,Total_Pharma_Services,No,INF_BATCH,2024-07-05 08:48:47.548,INF_BATCH,2026-01-23 23:16:33.522,INF_R360
EB1702,ZZZ_SERVICE - Service Medical MPL - EB1702(Do Not Use),SERVICE,Service Medical MPL,EB17,Total_Pharma_Services,No,INF_BATCH,2024-07-05 08:48:47.548,INF_BATCH,2026-01-23 23:16:33.522,INF_R360
EB1703,ZZZ_SERVICE - Services Generaux MPL - EB1703(Do Not Use),SERVICE,Services Generaux MPL,EB17,Total_Pharma_Services,No,INF_BATCH,2024-07-05 08:48:47.548,INF_BATCH,2026-01-23 23:16:33.522,INF_R360
EB1704,ZZZ_SERVICE - Detachement MPL - EB1704(Do Not Use),SERVICE,Detachement MPL,EB17,Total_Pharma_Services,No,INF_BATCH,2024-07-05 08:48:47.548,INF_BATCH,2026-01-23 23:16:33.522,INF_R360
EB1705,ZZZ_SERVICE - Ingenierie & Maintenance MPL - EB1705(Do Not Use),SERVICE,Ingenierie & Maintenance MPL,EB17,Total_Pharma_Services,No,INF_BATCH,2024-07-05 08:48:47.548,INF_BATCH,2026-01-23 23:16:33.522,INF_R360
EB1706,ZZZ_SERVICE - Logistique MPL - EB1706(Do Not Use),SERVICE,Logistique MPL,EB17,Total_Pharma_Services,No,INF_BATCH,2024-07-05 08:48:47.548,INF_BATCH,2026-01-23 23:16:33.522,INF_R360
EB18,ZZZ_DEPARTMENT - Site Strasbourg - EB18(Do Not Use),DEPARTMENT,Site Strasbourg,EB,Total_Pharma_Services,No,INF_BATCH,2024-07-05 08:48:47.548,INF_BATCH,2026-01-23 23:16:33.522,INF_R360
EB1800,ZZZ_SERVICE - Direction Site SXB - EB1800(Do Not Use),SERVICE,Direction Site SXB,EB18,Total_Pharma_Services,No,INF_BATCH,2024-07-05 08:48:47.548,INF_BATCH,2026-01-23 23:16:33.522,INF_R360
EB1801,ZZZ_SERVICE - HSE Strasbourg - EB1801(Do Not Use),SERVICE,HSE Strasbourg,EB18,Total_Pharma_Services,No,INF_BATCH,2024-07-05 08:48:47.548,INF_BATCH,2026-01-23 23:16:33.522,INF_R360
EB1802,ZZZ_SERVICE - Service Medical SXB - EB1802(Do Not Use),SERVICE,Service Medical SXB,EB18,Total_Pharma_Services,No,INF_BATCH,2024-07-05 08:48:47.548,INF_BATCH,2026-01-23 23:16:33.522,INF_R360
EB1803,ZZZ_SERVICE - Services Generaux SXB - EB1803(Do Not Use),SERVICE,Services Generaux SXB,EB18,Total_Pharma_Services,No,INF_BATCH,2024-07-05 08:48:47.548,INF_BATCH,2026-01-23 23:16:33.522,INF_R360
EB1804,ZZZ_SERVICE - Detachement  SXB - EB1804(Do Not Use),SERVICE,Detachement  SXB,EB18,Total_Pharma_Services,No,INF_BATCH,2024-07-05 08:48:47.548,INF_BATCH,2026-01-23 23:16:33.522,INF_R360
EB1805,ZZZ_SERVICE - Ingenierie & Maintenance SXB - EB1805(Do Not Use),SERVICE,Ingenierie & Maintenance SXB,EB18,Total_Pharma_Services,No,INF_BATCH,2024-07-05 08:48:47.548,INF_BATCH,2026-01-23 23:16:33.522,INF_R360
EB1806,ZZZ_SERVICE - Logistique SXB - EB1806(Do Not Use),SERVICE,Logistique SXB,EB18,Total_Pharma_Services,No,INF_BATCH,2024-07-05 08:48:47.548,INF_BATCH,2026-01-23 23:16:33.522,INF_R360
EB19,ZZZ_DEPARTMENT - Other sites - EB19(Do Not Use),DEPARTMENT,Other sites,EB,Total_Pharma_Services,No,INF_BATCH,2024-07-05 08:48:47.548,INF_BATCH,2026-01-23 23:16:33.522,INF_R360
EB1900,ZZZ_SERVICE - Site Marcy - EB1900(Do Not Use),SERVICE,Site Marcy,EB19,Total_Pharma_Services,No,INF_BATCH,2024-07-05 08:48:47.548,INF_BATCH,2026-01-23 23:16:33.522,INF_R360
EB1901,ZZZ_SERVICE - Site Sisteron Chimie - EB1901(Do Not Use),SERVICE,Site Sisteron Chimie,EB19,Total_Pharma_Services,No,INF_BATCH,2024-07-05 08:48:47.548,INF_BATCH,2026-01-23 23:16:33.522,INF_R360
EC,UNIT - R&D Operations Germany - EC,UNIT,R&D Operations Germany,E,Total_Pharma_Services,Yes,INF_BATCH,2024-07-05 08:48:47.548,INF_BATCH,2026-01-23 23:16:33.522,INF_R360
EC10,DEPARTMENT - R&D Operations Germany - EC10,DEPARTMENT,R&D Operations Germany,EC,Total_Pharma_Services,Yes,INF_BATCH,2024-07-05 08:48:47.548,INF_BATCH,2026-01-23 23:16:33.522,INF_R360
EC1000,SERVICE - R&D Operations Germany - EC1000,SERVICE,R&D Operations Germany,EC10,Total_Pharma_Services,Yes,INF_BATCH,2024-07-05 08:48:47.548,INF_BATCH,2026-01-23 23:16:33.522,INF_R360
EC1001,ZZZ_SERVICE - Scientific Relations and Initiatives (Ecosystem) - EC1001(Do Not Use),SERVICE,Scientific Relations and Initiatives (Ecosystem),EC10,Total_Pharma_Services,No,INF_BATCH,2024-07-05 08:48:47.548,INF_BATCH,2026-01-23 23:16:33.522,INF_R360
EC11,ZZZ_DEPARTMENT - RnD Sites Germany - EC11(Do Not Use),DEPARTMENT,RnD Sites Germany,EC,Total_Pharma_Services,No,INF_BATCH,2024-07-05 08:48:47.548,INF_BATCH,2026-01-23 23:16:33.522,INF_R360
EC1100,ZZZ_SERVICE - Site Direction - EC1100(Do Not Use),SERVICE,Site Direction,EC11,Total_Pharma_Services,No,INF_BATCH,2024-07-05 08:48:47.548,INF_BATCH,2026-01-23 23:16:33.522,INF_R360
EC1101,ZZZ_SERVICE - HSE - EC1101(Do Not Use),SERVICE,HSE,EC11,Total_Pharma_Services,No,INF_BATCH,2024-07-05 08:48:47.548,INF_BATCH,2026-01-23 23:16:33.522,INF_R360
EC1102,ZZZ_SERVICE - Logisitics - EC1102(Do Not Use),SERVICE,Logisitics,EC11,Total_Pharma_Services,No,INF_BATCH,2024-07-05 08:48:47.548,INF_BATCH,2026-01-23 23:16:33.522,INF_R360
EC1103,ZZZ_SERVICE - Infrastructure and Engineering - EC1103(Do Not Use),SERVICE,Infrastructure and Engineering,EC11,Total_Pharma_Services,No,INF_BATCH,2024-07-05 08:48:47.548,INF_BATCH,2026-01-23 23:16:33.522,INF_R360
EC1104,ZZZ_SERVICE - Science for Life - EC1104(Do Not Use),SERVICE,Science for Life,EC11,Total_Pharma_Services,No,INF_BATCH,2024-07-05 08:48:47.548,INF_BATCH,2026-01-23 23:16:33.522,INF_R360
ED,UNIT - R&D Operations US - ED,UNIT,R&D Operations US,E,Total_Pharma_Services,Yes,INF_BATCH,2024-07-05 08:48:47.548,INF_BATCH,2026-01-23 23:16:33.522,INF_R360
ED10,DEPARTMENT - R&D Operations US - ED10,DEPARTMENT,R&D Operations US,ED,Total_Pharma_Services,Yes,INF_BATCH,2024-07-05 08:48:47.548,INF_BATCH,2026-01-23 23:16:33.522,INF_R360
ED1000,SERVICE - R&D Operations US - ED1000,SERVICE,R&D Operations US,ED10,Total_Pharma_Services,Yes,INF_BATCH,2024-07-05 08:48:47.548,INF_BATCH,2026-01-23 23:16:33.522,INF_R360
ED1001,SERVICE - Academic & Sciences Relations US - ED1001,SERVICE,Academic & Sciences Relations US,ED10,Total_Pharma_Services,Yes,INF_BATCH,2024-07-05 08:48:47.548,INF_BATCH,2026-01-23 23:16:33.522,INF_R360
ED1002,ZZZ_SERVICE - Hub NA Admin Support - ED1002(Do Not Use),SERVICE,Hub NA Admin Support,ED10,Total_Pharma_Services,No,INF_BATCH,2024-07-05 08:48:47.548,INF_BATCH,2026-01-23 23:16:33.522,INF_R360
ED1003,ZZZ_SERVICE - Business Coordination US - ED1003(Do Not Use),SERVICE,Business Coordination US,ED10,Total_Pharma_Services,No,INF_BATCH,2024-07-05 08:48:47.548,INF_BATCH,2026-01-23 23:16:33.522,INF_R360
ED1004,ZZZ_SERVICE - Hub NA Medical Media Svs - ED1004(Do Not Use),SERVICE,Hub NA Medical Media Svs,ED10,Total_Pharma_Services,No,INF_BATCH,2024-07-05 08:48:47.548,INF_BATCH,2026-01-23 23:16:33.522,INF_R360
ED1005,ZZZ_SERVICE - Hub NA Resource Utilization - ED1005(Do Not Use),SERVICE,Hub NA Resource Utilization,ED10,Total_Pharma_Services,No,INF_BATCH,2024-07-05 08:48:47.548,INF_BATCH,2026-01-23 23:16:33.522,INF_R360
ED1006,SERVICE - Strategy & Organization initiatives US - ED1006,SERVICE,Strategy & Organization initiatives US,ED10,Total_Pharma_Services,Yes,INF_BATCH,2024-07-05 08:48:47.548,INF_BATCH,2026-01-23 23:16:33.522,INF_R360
ED1007,ZZZ_SERVICE - Hub NA Management - ED1007(Do Not Use),SERVICE,Hub NA Management,ED10,Total_Pharma_Services,No,INF_BATCH,2024-07-05 08:48:47.548,INF_BATCH,2026-01-23 23:16:33.522,INF_R360
ED11,DEPARTMENT - R&D Sites US - ED11,DEPARTMENT,R&D Sites US,ED,Total_Pharma_Services,Yes,INF_BATCH,2024-07-05 08:48:47.548,INF_BATCH,2026-01-23 23:16:33.522,INF_R360
ED1100,ZZZ_SERVICE - R&D Sites US - ED1100(Do Not Use),SERVICE,R&D Sites US,ED11,Total_Pharma_Services,No,INF_BATCH,2024-07-05 08:48:47.548,INF_BATCH,2026-01-23 23:16:33.522,INF_R360
ED12,ZZZ_DEPARTMENT - R&D Transformation - ED12(Do Not Use),DEPARTMENT,R&D Transformation,ED,Total_Pharma_Services,No,INF_BATCH,2024-07-05 08:48:47.548,INF_BATCH,2026-01-23 23:16:33.522,INF_R360
ED1200,ZZZ_SERVICE - R&D Transformation - ED1200(Do Not Use),SERVICE,R&D Transformation,ED12,Total_Pharma_Services,No,INF_BATCH,2024-07-05 08:48:47.548,INF_BATCH,2026-01-23 23:16:33.522,INF_R360
EE,UNIT - Global Operations - EE,UNIT,Global Operations,E,Total_Pharma_Services,Yes,INF_BATCH,2024-07-05 08:48:47.548,INF_BATCH,2026-01-23 23:16:33.522,INF_R360
EE10,DEPARTMENT - Global Operations - EE10,DEPARTMENT,Global Operations,EE,Total_Pharma_Services,Yes,INF_BATCH,2024-07-05 08:48:47.548,INF_BATCH,2026-01-23 23:16:33.522,INF_R360
EE1000,SERVICE - Global Ops Direction - EE1000,SERVICE,Global Ops Direction,EE10,Total_Pharma_Services,Yes,INF_BATCH,2024-07-05 08:48:47.548,INF_BATCH,2026-01-23 23:16:33.522,INF_R360
EE11,DEPARTMENT - R&D Data Office - EE11,DEPARTMENT,R&D Data Office,EE,Total_Pharma_Services,Yes,INF_BATCH,2024-07-05 08:48:47.548,INF_BATCH,2026-01-23 23:16:33.522,INF_R360
EE1100,ZZZ_SERVICE - R&D Data Office - EE1100(Do Not Use),SERVICE,R&D Data Office,EE11,Total_Pharma_Services,No,INF_BATCH,2024-07-05 08:48:47.548,INF_BATCH,2026-01-23 23:16:33.522,INF_R360
EF,UNIT - Competitive intelligence - EF,UNIT,Competitive intelligence,E,Total_Pharma_Services,Yes,INF_BATCH,2024-07-05 08:48:47.548,INF_BATCH,2026-01-23 23:16:33.522,INF_R360
EF10,DEPARTMENT - Competitive intelligence - EF10,DEPARTMENT,Competitive intelligence,EF,Total_Pharma_Services,Yes,INF_BATCH,2024-07-05 08:48:47.548,INF_BATCH,2026-01-23 23:16:33.522,INF_R360
EF1000,SERVICE - Competitive intelligence - EF1000,SERVICE,Competitive intelligence,EF10,Total_Pharma_Services,Yes,INF_BATCH,2024-07-05 08:48:47.548,INF_BATCH,2026-01-23 23:16:33.522,INF_R360
EF1001,SERVICE - IP Intelligence - EF1001,SERVICE,IP Intelligence,EF10,Total_Pharma_Services,Yes,INF_BATCH,2024-07-05 08:48:47.548,INF_BATCH,2026-01-23 23:16:33.522,INF_R360
EF1002,SERVICE - Published Information Access - EF1002,SERVICE,Published Information Access,EF10,Total_Pharma_Services,Yes,INF_BATCH,2024-07-05 08:48:47.548,INF_BATCH,2026-01-23 23:16:33.522,INF_R360
EF1003,SERVICE - Scientific Information Services - EF1003,SERVICE,Scientific Information Services,EF10,Total_Pharma_Services,Yes,INF_BATCH,2024-07-05 08:48:47.548,INF_BATCH,2026-01-23 23:16:33.522,INF_R360
EG,ZZZ_UNIT - Business Performance Office - EG(Do Not Use),UNIT,Business Performance Office,E,Total_Pharma_Services,No,INF_BATCH,2024-07-05 08:48:47.548,INF_BATCH,2026-01-23 23:16:33.522,INF_R360
EG10,ZZZ_DEPARTMENT - Business Performance Office - EG10(Do Not Use),DEPARTMENT,Business Performance Office,EG,Total_Pharma_Services,No,INF_BATCH,2024-07-05 08:48:47.548,INF_BATCH,2026-01-23 23:16:33.522,INF_R360
EG1000,ZZZ_SERVICE - Business Performance Office - EG1000(Do Not Use),SERVICE,Business Performance Office,EG10,Total_Pharma_Services,No,INF_BATCH,2024-07-05 08:48:47.548,INF_BATCH,2026-01-23 23:16:33.522,INF_R360
EH,ZZZ_UNIT - Risk coordination & CSR activities - EH(Do Not Use),UNIT,Risk coordination & CSR activities,E,Total_Pharma_Services,No,INF_BATCH,2024-07-05 08:48:47.548,INF_BATCH,2026-01-23 23:16:33.522,INF_R360
EH10,ZZZ_DEPARTMENT - Risk coordination & CSR activities - EH10(Do Not Use),DEPARTMENT,Risk coordination & CSR activities,EH,Total_Pharma_Services,No,INF_BATCH,2024-07-05 08:48:47.548,INF_BATCH,2026-01-23 23:16:33.522,INF_R360
EH1000,ZZZ_SERVICE - Risk coordination & CSR activities - EH1000(Do Not Use),SERVICE,Risk coordination & CSR activities,EH10,Total_Pharma_Services,No,INF_BATCH,2024-07-05 08:48:47.548,INF_BATCH,2026-01-23 23:16:33.522,INF_R360
EI,UNIT - R&D Operations Belgium - EI,UNIT,R&D Operations Belgium,E,Total_Pharma_Services,Yes,INF_BATCH,2024-07-05 08:48:47.548,INF_BATCH,2026-01-23 23:16:33.522,INF_R360
EI10,DEPARTMENT - R&D Operations Belgium - EI10,DEPARTMENT,R&D Operations Belgium,EI,Total_Pharma_Services,Yes,INF_BATCH,2024-07-05 08:48:47.548,INF_BATCH,2026-01-23 23:16:33.522,INF_R360
EI1000,SERVICE - R&D Operations Belgium - EI1000,SERVICE,R&D Operations Belgium,EI10,Total_Pharma_Services,Yes,INF_BATCH,2024-07-05 08:48:47.548,INF_BATCH,2026-01-23 23:16:33.522,INF_R360
EJ,UNIT - Kiadis global operations - EJ,UNIT,Kiadis global operations,E,Total_Pharma_Services,Yes,INF_BATCH,2024-07-05 08:48:47.548,INF_BATCH,2026-01-23 23:16:33.522,INF_R360
EJ10,DEPARTMENT - Kiadis global operations - EJ10,DEPARTMENT,Kiadis global operations,EJ,Total_Pharma_Services,Yes,INF_BATCH,2024-07-05 08:48:47.548,INF_BATCH,2026-01-23 23:16:33.522,INF_R360
EJ1000,ZZZ_SERVICE - Kiadis global operations - EJ1000(Do Not Use),SERVICE,Kiadis global operations,EJ10,Total_Pharma_Services,No,INF_BATCH,2024-07-05 08:48:47.548,INF_BATCH,2026-01-23 23:16:33.522,INF_R360
EK,UNIT - R&D Operations UK - EK,UNIT,R&D Operations UK,E,Total_Pharma_Services,Yes,INF_BATCH,2024-07-05 08:48:47.548,INF_BATCH,2026-01-23 23:16:33.522,INF_R360
EK10,DEPARTMENT - R&D Operations UK - EK10,DEPARTMENT,R&D Operations UK,EK,Total_Pharma_Services,Yes,INF_BATCH,2024-07-05 08:48:47.548,INF_BATCH,2026-01-23 23:16:33.522,INF_R360
EK1000,ZZZ_SERVICE - R&D Operations UK - EK1000(Do Not Use),SERVICE,R&D Operations UK,EK10,Total_Pharma_Services,No,INF_BATCH,2024-07-05 08:48:47.548,INF_BATCH,2026-01-23 23:16:33.522,INF_R360
EZ,UNIT - Hubs unallocated - EZ,UNIT,Hubs unallocated,E,Total_Pharma_Services,Yes,INF_BATCH,2024-07-05 08:48:47.548,INF_BATCH,2026-01-23 23:16:33.522,INF_R360
EZ00,DEPARTMENT - Hubs unallocated - EZ00,DEPARTMENT,Hubs unallocated,EZ,Total_Pharma_Services,Yes,INF_BATCH,2024-07-05 08:48:47.548,INF_BATCH,2026-01-23 23:16:33.522,INF_R360
EZ0000,SERVICE - Hubs unallocated - EZ0000,SERVICE,Hubs unallocated,EZ00,Total_Pharma_Services,Yes,INF_BATCH,2024-07-05 08:48:47.548,INF_BATCH,2026-01-23 23:16:33.522,INF_R360
EZ0001,SERVICE - Hubs unallocated 1 - EZ0001,SERVICE,Hubs unallocated 1,EZ00,Total_Pharma_Services,Yes,INF_BATCH,2024-07-05 08:48:47.548,INF_BATCH,2026-01-23 23:16:33.522,INF_R360
EZ0002,SERVICE - Hubs unallocated 2 - EZ0002,SERVICE,Hubs unallocated 2,EZ00,Total_Pharma_Services,Yes,INF_BATCH,2024-07-05 08:48:47.548,INF_BATCH,2026-01-23 23:16:33.522,INF_R360
EZ0003,SERVICE - Hubs unallocated 3 - EZ0003,SERVICE,Hubs unallocated 3,EZ00,Total_Pharma_Services,Yes,INF_BATCH,2024-07-05 08:48:47.548,INF_BATCH,2026-01-23 23:16:33.522,INF_R360
F,PILLAR - Regulatory - F,PILLAR,Regulatory,TOTAL_PHARMA_SERVICES,Total_Pharma_Services,Yes,INF_BATCH,2024-07-05 08:48:47.548,INF_BATCH,2026-01-23 23:16:33.522,INF_R360
F10,ZZZ_DEPARTMENT - GENERAL DIRECTION - F10(Do Not Use),DEPARTMENT,GENERAL DIRECTION,ZZZ-ARCHIVES,Zzz-Archives,No,INF_BATCH,2024-07-05 08:48:47.548,INF_BATCH,2026-01-23 23:16:33.522,INF_R360
HF10,ZZZ_DEPARTMENT - Principia - HF10(Do Not Use),DEPARTMENT,Principia,HF,Total_Pharma_Services,No,INF_BATCH,2024-07-05 08:48:47.548,INF_BATCH,2026-01-23 23:16:33.522,INF_R360
HF1010,ZZZ_SERVICE - R&D General - HF1010(Do Not Use),SERVICE,R&D General,HF10,Total_Pharma_Services,No,INF_BATCH,2024-07-05 08:48:47.548,INF_BATCH,2026-01-23 23:16:33.522,INF_R360
HF1011,ZZZ_SERVICE - Research - HF1011(Do Not Use),SERVICE,Research,HF10,Total_Pharma_Services,No,INF_BATCH,2024-07-05 08:48:47.548,INF_BATCH,2026-01-23 23:16:33.522,INF_R360
HF1012,ZZZ_SERVICE - CMC - HF1012(Do Not Use),SERVICE,CMC,HF10,Total_Pharma_Services,No,INF_BATCH,2024-07-05 08:48:47.548,INF_BATCH,2026-01-23 23:16:33.522,INF_R360
HF1013,ZZZ_SERVICE - I&I TA - HF1013(Do Not Use),SERVICE,I&I TA,HF10,Total_Pharma_Services,No,INF_BATCH,2024-07-05 08:48:47.548,INF_BATCH,2026-01-23 23:16:33.522,INF_R360
HF1014,ZZZ_SERVICE - CSO - HF1014(Do Not Use),SERVICE,CSO,HF10,Total_Pharma_Services,No,INF_BATCH,2024-07-05 08:48:47.548,INF_BATCH,2026-01-23 23:16:33.522,INF_R360
HF1015,ZZZ_SERVICE - Regulatory - HF1015(Do Not Use),SERVICE,Regulatory,HF10,Total_Pharma_Services,No,INF_BATCH,2024-07-05 08:48:47.548,INF_BATCH,2026-01-23 23:16:33.522,INF_R360
HF1016,ZZZ_SERVICE - Quality - HF1016(Do Not Use),SERVICE,Quality,HF10,Total_Pharma_Services,No,INF_BATCH,2024-07-05 08:48:47.548,INF_BATCH,2026-01-23 23:16:33.522,INF_R360
HF1017,ZZZ_SERVICE - GPPM - HF1017(Do Not Use),SERVICE,GPPM,HF10,Total_Pharma_Services,No,INF_BATCH,2024-07-05 08:48:47.548,INF_BATCH,2026-01-23 23:16:33.522,INF_R360
HF1018,ZZZ_SERVICE - G&A Support Functions - HF1018(Do Not Use),SERVICE,G&A Support Functions,HF10,Total_Pharma_Services,No,INF_BATCH,2024-07-05 08:48:47.548,INF_BATCH,2026-01-23 23:16:33.522,INF_R360
HF1019,ZZZ_SERVICE - PV - HF1019(Do Not Use),SERVICE,PV,HF10,Total_Pharma_Services,No,INF_BATCH,2024-07-05 08:48:47.548,INF_BATCH,2026-01-23 23:16:33.522,INF_R360
HF1020,ZZZ_SERVICE - GBU - HF1020(Do Not Use),SERVICE,GBU,HF10,Total_Pharma_Services,No,INF_BATCH,2024-07-05 08:48:47.548,INF_BATCH,2026-01-23 23:16:33.522,INF_R360
HG,ZZZ_UNIT - Kiadis - HG(Do Not Use),UNIT,Kiadis,H,Total_Pharma_Services,No,INF_BATCH,2024-07-05 08:48:47.548,INF_BATCH,2026-01-23 23:16:33.522,INF_R360
HG10,ZZZ_DEPARTMENT - Kiadis Scientific - HG10(Do Not Use),DEPARTMENT,Kiadis Scientific,HG,Total_Pharma_Services,No,INF_BATCH,2024-07-05 08:48:47.548,INF_BATCH,2026-01-23 23:16:33.522,INF_R360
HG1010,ZZZ_SERVICE - Kiadis R&D Hub - HG1010(Do Not Use),SERVICE,Kiadis R&D Hub,HG10,Total_Pharma_Services,No,INF_BATCH,2024-07-05 08:48:47.548,INF_BATCH,2026-01-23 23:16:33.522,INF_R360
HG1011,ZZZ_SERVICE - Kiadis Research - HG1011(Do Not Use),SERVICE,Kiadis Research,HG10,Total_Pharma_Services,No,INF_BATCH,2024-07-05 08:48:47.548,INF_BATCH,2026-01-23 23:16:33.522,INF_R360
HG1012,ZZZ_SERVICE - Kiadis Development - HG1012(Do Not Use),SERVICE,Kiadis Development,HG10,Total_Pharma_Services,No,INF_BATCH,2024-07-05 08:48:47.548,INF_BATCH,2026-01-23 23:16:33.522,INF_R360
HG1013,ZZZ_SERVICE - Kiadis Clinical - HG1013(Do Not Use),SERVICE,Kiadis Clinical,HG10,Total_Pharma_Services,No,INF_BATCH,2024-07-05 08:48:47.548,INF_BATCH,2026-01-23 23:16:33.522,INF_R360
HG1014,ZZZ_SERVICE - Kiadis PV - HG1014(Do Not Use),SERVICE,Kiadis PV,HG10,Total_Pharma_Services,No,INF_BATCH,2024-07-05 08:48:47.548,INF_BATCH,2026-01-23 23:16:33.522,INF_R360
HG1015,ZZZ_SERVICE - Kiadis Regulatory - HG1015(Do Not Use),SERVICE,Kiadis Regulatory,HG10,Total_Pharma_Services,No,INF_BATCH,2024-07-05 08:48:47.548,INF_BATCH,2026-01-23 23:16:33.522,INF_R360
HG1016,ZZZ_SERVICE - Kiadis CMC - HG1016(Do Not Use),SERVICE,Kiadis CMC,HG10,Total_Pharma_Services,No,INF_BATCH,2024-07-05 08:48:47.548,INF_BATCH,2026-01-23 23:16:33.522,INF_R360
HG1017,ZZZ_SERVICE - Kiadis Quality - HG1017(Do Not Use),SERVICE,Kiadis Quality,HG10,Total_Pharma_Services,No,INF_BATCH,2024-07-05 08:48:47.548,INF_BATCH,2026-01-23 23:16:33.522,INF_R360
HG1018,ZZZ_SERVICE - Kiadis Finance - HG1018(Do Not Use),SERVICE,Kiadis Finance,HG10,Total_Pharma_Services,No,INF_BATCH,2024-07-05 08:48:47.548,INF_BATCH,2026-01-23 23:16:33.522,INF_R360
HG1019,ZZZ_SERVICE - Kiadis Legal - HG1019(Do Not Use),SERVICE,Kiadis Legal,HG10,Total_Pharma_Services,No,INF_BATCH,2024-07-05 08:48:47.548,INF_BATCH,2026-01-23 23:16:33.522,INF_R360
HG1020,ZZZ_SERVICE - Kiadis HR - HG1020(Do Not Use),SERVICE,Kiadis HR,HG10,Total_Pharma_Services,No,INF_BATCH,2024-07-05 08:48:47.548,INF_BATCH,2026-01-23 23:16:33.522,INF_R360
HG1021,ZZZ_SERVICE - Kiadis GBU - HG1021(Do Not Use),SERVICE,Kiadis GBU,HG10,Total_Pharma_Services,No,INF_BATCH,2024-07-05 08:48:47.548,INF_BATCH,2026-01-23 23:16:33.522,INF_R360
HG1022,"ZZZ_SERVICE - Kiadis, Digital, Procurment, Strategy - HG1022(Do Not Use)",SERVICE,"Kiadis, Digital, Procurment, Strategy",HG10,Total_Pharma_Services,No,INF_BATCH,2024-07-05 08:48:47.548,INF_BATCH,2026-01-23 23:16:33.522,INF_R360
HG1023,ZZZ_SERVICE - Kiadis Finance - HG1023(Do Not Use),SERVICE,Kiadis Finance,HG10,Total_Pharma_Services,No,INF_BATCH,2024-07-05 08:48:47.548,INF_BATCH,2026-01-23 23:16:33.522,INF_R360
HG1024,ZZZ_SERVICE - Kiadis Legal - HG1024(Do Not Use),SERVICE,Kiadis Legal,HG10,Total_Pharma_Services,No,INF_BATCH,2024-07-05 08:48:47.548,INF_BATCH,2026-01-23 23:16:33.522,INF_R360
HG20,ZZZ_DEPARTMENT - Kiadis Support functions - HG20(Do Not Use),DEPARTMENT,Kiadis Support functions,HG,Total_Pharma_Services,No,INF_BATCH,2024-07-05 08:48:47.548,INF_BATCH,2026-01-23 23:16:33.522,INF_R360
HG2010,ZZZ_SERVICE - Kiadis Finance - HG2010(Do Not Use),SERVICE,Kiadis Finance,HG20,Total_Pharma_Services,No,INF_BATCH,2024-07-05 08:48:47.548,INF_BATCH,2026-01-23 23:16:33.522,INF_R360
HG2011,ZZZ_SERVICE - Kiadis Legal - HG2011(Do Not Use),SERVICE,Kiadis Legal,HG20,Total_Pharma_Services,No,INF_BATCH,2024-07-05 08:48:47.548,INF_BATCH,2026-01-23 23:16:33.522,INF_R360
HG2012,ZZZ_SERVICE - Kiadis HR - HG2012(Do Not Use),SERVICE,Kiadis HR,HG20,Total_Pharma_Services,No,INF_BATCH,2024-07-05 08:48:47.548,INF_BATCH,2026-01-23 23:16:33.522,INF_R360
HG2013,ZZZ_SERVICE - Kiadis GBU - HG2013(Do Not Use),SERVICE,Kiadis GBU,HG20,Total_Pharma_Services,No,INF_BATCH,2024-07-05 08:48:47.548,INF_BATCH,2026-01-23 23:16:33.522,INF_R360
HG2014,"ZZZ_SERVICE - Kiadis, Digital, Procurment, Strategy - HG2014(Do Not Use)",SERVICE,"Kiadis, Digital, Procurment, Strategy",HG20,Total_Pharma_Services,No,INF_BATCH,2024-07-05 08:48:47.548,INF_BATCH,2026-01-23 23:16:33.522,INF_R360
HH,ZZZ_UNIT - Kymab - HH(Do Not Use),UNIT,Kymab,H,Total_Pharma_Services,No,INF_BATCH,2024-07-05 08:48:47.548,INF_BATCH,2026-01-23 23:16:33.522,INF_R360
HH10,ZZZ_DEPARTMENT - Kymab Scientific - HH10(Do Not Use),DEPARTMENT,Kymab Scientific,HH,Total_Pharma_Services,No,INF_BATCH,2024-07-05 08:48:47.548,INF_BATCH,2026-01-23 23:16:33.522,INF_R360
HH1010,ZZZ_SERVICE - Kymab Mmgt - HH1010(Do Not Use),SERVICE,Kymab Mmgt,HH10,Total_Pharma_Services,No,INF_BATCH,2024-07-05 08:48:47.548,INF_BATCH,2026-01-23 23:16:33.522,INF_R360
HH1011,ZZZ_SERVICE - Kymab Dev - HH1011(Do Not Use),SERVICE,Kymab Dev,HH10,Total_Pharma_Services,No,INF_BATCH,2024-07-05 08:48:47.548,INF_BATCH,2026-01-23 23:16:33.522,INF_R360
HH1012,ZZZ_SERVICE - Kymab CMC - HH1012(Do Not Use),SERVICE,Kymab CMC,HH10,Total_Pharma_Services,No,INF_BATCH,2024-07-05 08:48:47.548,INF_BATCH,2026-01-23 23:16:33.522,INF_R360
HH1013,ZZZ_SERVICE - Kymab Site Quality Operations - HH1013(Do Not Use),SERVICE,Kymab Site Quality Operations,HH10,Total_Pharma_Services,No,INF_BATCH,2024-07-05 08:48:47.548,INF_BATCH,2026-01-23 23:16:33.522,INF_R360
HH1014,ZZZ_SERVICE - Kymab Business Process Operations - HH1014(Do Not Use),SERVICE,Kymab Business Process Operations,HH10,Total_Pharma_Services,No,INF_BATCH,2024-07-05 08:48:47.548,INF_BATCH,2026-01-23 23:16:33.522,INF_R360
HH1015,ZZZ_SERVICE - Global Regulatory Affairs - HH1015(Do Not Use),SERVICE,Global Regulatory Affairs,HH10,Total_Pharma_Services,No,INF_BATCH,2024-07-05 08:48:47.548,INF_BATCH,2026-01-23 23:16:33.522,INF_R360
HH1016,ZZZ_SERVICE - Kymab Research - HH1016(Do Not Use),SERVICE,Kymab Research,HH10,Total_Pharma_Services,No,INF_BATCH,2024-07-05 08:48:47.548,INF_BATCH,2026-01-23 23:16:33.522,INF_R360
HH1017,ZZZ_SERVICE - Infectious Diseases & Vaccines TA - HH1017(Do Not Use),SERVICE,Infectious Diseases & Vaccines TA,HH10,Total_Pharma_Services,No,INF_BATCH,2024-07-05 08:48:47.548,INF_BATCH,2026-01-23 23:16:33.522,INF_R360
HH20,ZZZ_DEPARTMENT - Kymab Support functions - HH20(Do Not Use),DEPARTMENT,Kymab Support functions,HH,Total_Pharma_Services,No,INF_BATCH,2024-07-05 08:48:47.548,INF_BATCH,2026-01-23 23:16:33.522,INF_R360
HH2010,ZZZ_SERVICE - Human Resources R&D - HH2010(Do Not Use),SERVICE,Human Resources R&D,HH20,Total_Pharma_Services,No,INF_BATCH,2024-07-05 08:48:47.548,INF_BATCH,2026-01-23 23:16:33.522,INF_R360
HH2011,ZZZ_SERVICE - ITS R&D - HH2011(Do Not Use),SERVICE,ITS R&D,HH20,Total_Pharma_Services,No,INF_BATCH,2024-07-05 08:48:47.548,INF_BATCH,2026-01-23 23:16:33.522,INF_R360
HH2012,ZZZ_SERVICE - Sanofi Business Service - HH2012(Do Not Use),SERVICE,Sanofi Business Service,HH20,Total_Pharma_Services,No,INF_BATCH,2024-07-05 08:48:47.548,INF_BATCH,2026-01-23 23:16:33.522,INF_R360
HH2013,ZZZ_SERVICE - Legal Compliance & Business Integrity - HH2013(Do Not Use),SERVICE,Legal Compliance & Business Integrity,HH20,Total_Pharma_Services,No,INF_BATCH,2024-07-05 08:48:47.548,INF_BATCH,2026-01-23 23:16:33.522,INF_R360
HH2014,ZZZ_SERVICE - Strategy & BD - HH2014(Do Not Use),SERVICE,Strategy & BD,HH20,Total_Pharma_Services,No,INF_BATCH,2024-07-05 08:48:47.548,INF_BATCH,2026-01-23 23:16:33.522,INF_R360
HI,ZZZ_UNIT - Tbio - HI(Do Not Use),UNIT,Tbio,H,Total_Pharma_Services,No,INF_BATCH,2024-07-05 08:48:47.548,INF_BATCH,2026-01-23 23:16:33.522,INF_R360
HI10,ZZZ_DEPARTMENT - Tbio Scientific - HI10(Do Not Use),DEPARTMENT,Tbio Scientific,HI,Total_Pharma_Services,No,INF_BATCH,2024-07-05 08:48:47.548,INF_BATCH,2026-01-23 23:16:33.522,INF_R360
HI1010,ZZZ_SERVICE - Tbio Pharma - HI1010(Do Not Use),SERVICE,Tbio Pharma,HI10,Total_Pharma_Services,No,INF_BATCH,2024-07-05 08:48:47.548,INF_BATCH,2026-01-23 23:16:33.522,INF_R360
HJ,ZZZ_UNIT - Kadmon - HJ(Do Not Use),UNIT,Kadmon,H,Total_Pharma_Services,No,INF_BATCH,2024-07-05 08:48:47.548,INF_BATCH,2026-01-23 23:16:33.522,INF_R360
HJ10,ZZZ_DEPARTMENT - Kadmon Scientific - HJ10(Do Not Use),DEPARTMENT,Kadmon Scientific,HJ,Total_Pharma_Services,No,INF_BATCH,2024-07-05 08:48:47.548,INF_BATCH,2026-01-23 23:16:33.522,INF_R360
HJ1010,ZZZ_SERVICE - Kadmon Scientific - HJ1010(Do Not Use),SERVICE,Kadmon Scientific,HJ10,Total_Pharma_Services,No,INF_BATCH,2024-07-05 08:48:47.548,INF_BATCH,2026-01-23 23:16:33.522,INF_R360
HK,UNIT - Amunix - HK,UNIT,Amunix,H,Total_Pharma_Services,Yes,INF_BATCH,2024-07-05 08:48:47.548,INF_BATCH,2026-01-23 23:16:33.522,INF_R360
HK10,DEPARTMENT - Amunix Scientific - HK10,DEPARTMENT,Amunix Scientific,HK,Total_Pharma_Services,Yes,INF_BATCH,2024-07-05 08:48:47.548,INF_BATCH,2026-01-23 23:16:33.522,INF_R360
HK1010,ZZZ_SERVICE - Restructuring - HK1010(Do Not Use),SERVICE,Restructuring,HK10,Total_Pharma_Services,No,INF_BATCH,2024-07-05 08:48:47.548,INF_BATCH,2026-01-23 23:16:33.522,INF_R360
HK1011,ZZZ_SERVICE - Discovery - HK1011(Do Not Use),SERVICE,Discovery,HK10,Total_Pharma_Services,No,INF_BATCH,2024-07-05 08:48:47.548,INF_BATCH,2026-01-23 23:16:33.522,INF_R360
HK1012,ZZZ_SERVICE - Preclinical - HK1012(Do Not Use),SERVICE,Preclinical,HK10,Total_Pharma_Services,No,INF_BATCH,2024-07-05 08:48:47.548,INF_BATCH,2026-01-23 23:16:33.522,INF_R360
HK1013,ZZZ_SERVICE - Pharmacology - HK1013(Do Not Use),SERVICE,Pharmacology,HK10,Total_Pharma_Services,No,INF_BATCH,2024-07-05 08:48:47.548,INF_BATCH,2026-01-23 23:16:33.522,INF_R360
HK1014,ZZZ_SERVICE - BioAnalytical - HK1014(Do Not Use),SERVICE,BioAnalytical,HK10,Total_Pharma_Services,No,INF_BATCH,2024-07-05 08:48:47.548,INF_BATCH,2026-01-23 23:16:33.522,INF_R360
HK1015,ZZZ_SERVICE - Toxicology - HK1015(Do Not Use),SERVICE,Toxicology,HK10,Total_Pharma_Services,No,INF_BATCH,2024-07-05 08:48:47.548,INF_BATCH,2026-01-23 23:16:33.522,INF_R360
HK1016,ZZZ_SERVICE - Technology Operations - HK1016(Do Not Use),SERVICE,Technology Operations,HK10,Total_Pharma_Services,No,INF_BATCH,2024-07-05 08:48:47.548,INF_BATCH,2026-01-23 23:16:33.522,INF_R360
HK1017,ZZZ_SERVICE - Clinical - HK1017(Do Not Use),SERVICE,Clinical,HK10,Total_Pharma_Services,No,INF_BATCH,2024-07-05 08:48:47.548,INF_BATCH,2026-01-23 23:16:33.522,INF_R360
HK1018,ZZZ_SERVICE - Regulatory - HK1018(Do Not Use),SERVICE,Regulatory,HK10,Total_Pharma_Services,No,INF_BATCH,2024-07-05 08:48:47.548,INF_BATCH,2026-01-23 23:16:33.522,INF_R360
HK1019,ZZZ_SERVICE - Quality Assurance - HK1019(Do Not Use),SERVICE,Quality Assurance,HK10,Total_Pharma_Services,No,INF_BATCH,2024-07-05 08:48:47.548,INF_BATCH,2026-01-23 23:16:33.522,INF_R360
HK1020,ZZZ_SERVICE - R&D General - HK1020(Do Not Use),SERVICE,R&D General,HK10,Total_Pharma_Services,No,INF_BATCH,2024-07-05 08:48:47.548,INF_BATCH,2026-01-23 23:16:33.522,INF_R360
HK20,DEPARTMENT - Amunix Support Functions - HK20,DEPARTMENT,Amunix Support Functions,HK,Total_Pharma_Services,Yes,INF_BATCH,2024-07-05 08:48:47.548,INF_BATCH,2026-01-23 23:16:33.522,INF_R360
HK2010,ZZZ_SERVICE - Executives - HK2010(Do Not Use),SERVICE,Executives,HK20,Total_Pharma_Services,No,INF_BATCH,2024-07-05 08:48:47.548,INF_BATCH,2026-01-23 23:16:33.522,INF_R360
HK2011,ZZZ_SERVICE - Business Development - HK2011(Do Not Use),SERVICE,Business Development,HK20,Total_Pharma_Services,No,INF_BATCH,2024-07-05 08:48:47.548,INF_BATCH,2026-01-23 23:16:33.522,INF_R360
HK2012,ZZZ_SERVICE - Legal - HK2012(Do Not Use),SERVICE,Legal,HK20,Total_Pharma_Services,No,INF_BATCH,2024-07-05 08:48:47.548,INF_BATCH,2026-01-23 23:16:33.522,INF_R360
HK2013,ZZZ_SERVICE - Finance - HK2013(Do Not Use),SERVICE,Finance,HK20,Total_Pharma_Services,No,INF_BATCH,2024-07-05 08:48:47.548,INF_BATCH,2026-01-23 23:16:33.522,INF_R360
HK2014,ZZZ_SERVICE - Human Resource - HK2014(Do Not Use),SERVICE,Human Resource,HK20,Total_Pharma_Services,No,INF_BATCH,2024-07-05 08:48:47.548,INF_BATCH,2026-01-23 23:16:33.522,INF_R360
HK2015,ZZZ_SERVICE - Information Technology - HK2015(Do Not Use),SERVICE,Information Technology,HK20,Total_Pharma_Services,No,INF_BATCH,2024-07-05 08:48:47.548,INF_BATCH,2026-01-23 23:16:33.522,INF_R360
HK2016,ZZZ_SERVICE - Facilities - HK2016(Do Not Use),SERVICE,Facilities,HK20,Total_Pharma_Services,No,INF_BATCH,2024-07-05 08:48:47.548,INF_BATCH,2026-01-23 23:16:33.522,INF_R360
HK2017,ZZZ_SERVICE - G&A General - HK2017(Do Not Use),SERVICE,G&A General,HK20,Total_Pharma_Services,No,INF_BATCH,2024-07-05 08:48:47.548,INF_BATCH,2026-01-23 23:16:33.522,INF_R360
HL,UNIT - Provention Bio - HL,UNIT,Provention Bio,H,Total_Pharma_Services,Yes,INF_BATCH,2024-07-05 08:48:47.548,INF_BATCH,2026-01-23 23:16:33.522,INF_R360
HL10,DEPARTMENT - Provention Bio Scientific - HL10,DEPARTMENT,Provention Bio Scientific,HL,Total_Pharma_Services,Yes,INF_BATCH,2024-07-05 08:48:47.548,INF_BATCH,2026-01-23 23:16:33.522,INF_R360
HL1010,ZZZ_SERVICE - CSO - HL1010(Do Not Use),SERVICE,CSO,HL10,Total_Pharma_Services,No,INF_BATCH,2024-07-05 08:48:47.548,INF_BATCH,2026-01-23 23:16:33.522,INF_R360
HL1011,ZZZ_SERVICE - CMO - HL1011(Do Not Use),SERVICE,CMO,HL10,Total_Pharma_Services,No,INF_BATCH,2024-07-05 08:48:47.548,INF_BATCH,2026-01-23 23:16:33.522,INF_R360
HL1012,ZZZ_SERVICE - Clinical Operations - HL1012(Do Not Use),SERVICE,Clinical Operations,HL10,Total_Pharma_Services,No,INF_BATCH,2024-07-05 08:48:47.548,INF_BATCH,2026-01-23 23:16:33.522,INF_R360
HL1013,ZZZ_SERVICE - Regulatory - HL1013(Do Not Use),SERVICE,Regulatory,HL10,Total_Pharma_Services,No,INF_BATCH,2024-07-05 08:48:47.548,INF_BATCH,2026-01-23 23:16:33.522,INF_R360
HL1014,ZZZ_SERVICE - CMC - HL1014(Do Not Use),SERVICE,CMC,HL10,Total_Pharma_Services,No,INF_BATCH,2024-07-05 08:48:47.548,INF_BATCH,2026-01-23 23:16:33.522,INF_R360
HL1015,ZZZ_SERVICE - Quality - HL1015(Do Not Use),SERVICE,Quality,HL10,Total_Pharma_Services,No,INF_BATCH,2024-07-05 08:48:47.548,INF_BATCH,2026-01-23 23:16:33.522,INF_R360
HL1017,ZZZ_SERVICE - Biostatistics and Data Management - HL1017(Do Not Use),SERVICE,Biostatistics and Data Management,HL10,Total_Pharma_Services,No,INF_BATCH,2024-07-05 08:48:47.548,INF_BATCH,2026-01-23 23:16:33.522,INF_R360
HL1018,ZZZ_SERVICE - Trial/Development Exp. - HL1018(Do Not Use),SERVICE,Trial/Development Exp.,HL10,Total_Pharma_Services,No,INF_BATCH,2024-07-05 08:48:47.548,INF_BATCH,2026-01-23 23:16:33.522,INF_R360
HL1019,ZZZ_SERVICE - Pharmacovigilance - HL1019(Do Not Use),SERVICE,Pharmacovigilance,HL10,Total_Pharma_Services,No,INF_BATCH,2024-07-05 08:48:47.548,INF_BATCH,2026-01-23 23:16:33.522,INF_R360
I,PILLAR - Globalized functions - I,PILLAR,Globalized functions,TOTAL_PHARMA_SERVICES,Total_Pharma_Services,Yes,INF_BATCH,2024-07-05 08:48:47.548,INF_BATCH,2026-01-23 23:16:33.522,INF_R360
IA,ZZZ_UNIT - Communication - IA(Do Not Use),UNIT,Communication,I,Total_Pharma_Services,No,INF_BATCH,2024-07-05 08:48:47.548,INF_BATCH,2026-01-23 23:16:33.522,INF_R360
IA10,ZZZ_DEPARTMENT - Communication - IA10(Do Not Use),DEPARTMENT,Communication,IA,Total_Pharma_Services,No,INF_BATCH,2024-07-05 08:48:47.548,INF_BATCH,2026-01-23 23:16:33.522,INF_R360
IA1000,ZZZ_SERVICE - Communication - IA1000(Do Not Use),SERVICE,Communication,IA10,Total_Pharma_Services,No,INF_BATCH,2024-07-05 08:48:47.548,INF_BATCH,2026-01-23 23:16:33.522,INF_R360
IB,ZZZ_UNIT - Compliance - IB(Do Not Use),UNIT,Compliance,I,Total_Pharma_Services,No,INF_BATCH,2024-07-05 08:48:47.548,INF_BATCH,2026-01-23 23:16:33.522,INF_R360
IB10,ZZZ_DEPARTMENT - Compliance - IB10(Do Not Use),DEPARTMENT,Compliance,IB,Total_Pharma_Services,No,INF_BATCH,2024-07-05 08:48:47.548,INF_BATCH,2026-01-23 23:16:33.522,INF_R360
IB1000,ZZZ_SERVICE - Compliance - IB1000(Do Not Use),SERVICE,Compliance,IB10,Total_Pharma_Services,No,INF_BATCH,2024-07-05 08:48:47.548,INF_BATCH,2026-01-23 23:16:33.522,INF_R360
IC,ZZZ_UNIT - Finance - IC(Do Not Use),UNIT,Finance,I,Total_Pharma_Services,No,INF_BATCH,2024-07-05 08:48:47.548,INF_BATCH,2026-01-23 23:16:33.522,INF_R360
IC10,ZZZ_DEPARTMENT - Finance - IC10(Do Not Use),DEPARTMENT,Finance,IC,Total_Pharma_Services,No,INF_BATCH,2024-07-05 08:48:47.548,INF_BATCH,2026-01-23 23:16:33.522,INF_R360
IC1000,ZZZ_SERVICE - Finance - IC1000(Do Not Use),SERVICE,Finance,IC10,Total_Pharma_Services,No,INF_BATCH,2024-07-05 08:48:47.548,INF_BATCH,2026-01-23 23:16:33.522,INF_R360
JD4011,SERVICE - DS Geel - JD4011,SERVICE,DS Geel,JD40,Total_Pharma_Services,Yes,INF_BATCH,2024-07-05 08:48:47.548,INF_BATCH,2026-01-23 23:16:33.522,INF_R360
JD4012,SERVICE - DS Vitry - JD4012,SERVICE,DS Vitry,JD40,Total_Pharma_Services,Yes,INF_BATCH,2024-07-05 08:48:47.548,INF_BATCH,2026-01-23 23:16:33.522,INF_R360
JD4013,SERVICE - External CMO - JD4013,SERVICE,External CMO,JD40,Total_Pharma_Services,Yes,INF_BATCH,2024-07-05 08:48:47.548,INF_BATCH,2026-01-23 23:16:33.522,INF_R360
JD4014,SERVICE - MSAT Spec Care - JD4014,SERVICE,MSAT Spec Care,JD40,Total_Pharma_Services,Yes,INF_BATCH,2024-07-05 08:48:47.548,INF_BATCH,2026-01-23 23:16:33.522,INF_R360
JD50,DEPARTMENT - GMU Genomic Medecine Unit - JD50,DEPARTMENT,GMU Genomic Medecine Unit,JD,Total_Pharma_Services,Yes,INF_BATCH,2024-07-05 08:48:47.548,INF_BATCH,2026-01-23 23:16:33.522,INF_R360
JD5001,SERVICE - GM Direction and Predevelopment - JD5001,SERVICE,GM Direction and Predevelopment,JD50,Total_Pharma_Services,Yes,INF_BATCH,2024-07-05 08:48:47.548,INF_BATCH,2026-01-23 23:16:33.522,INF_R360
JD5002,SERVICE - GM External Supply - JD5002,SERVICE,GM External Supply,JD50,Total_Pharma_Services,Yes,INF_BATCH,2024-07-05 08:48:47.548,INF_BATCH,2026-01-23 23:16:33.522,INF_R360
JD5003,SERVICE - GM Cell Culture Process Development - JD5003,SERVICE,GM Cell Culture Process Development,JD50,Total_Pharma_Services,Yes,INF_BATCH,2024-07-05 08:48:47.548,INF_BATCH,2026-01-23 23:16:33.522,INF_R360
JD5004,SERVICE - GM Purification Process Development - JD5004,SERVICE,GM Purification Process Development,JD50,Total_Pharma_Services,Yes,INF_BATCH,2024-07-05 08:48:47.548,INF_BATCH,2026-01-23 23:16:33.522,INF_R360
JD5005,SERVICE - GM Cell Therapy Process Development - JD5005,SERVICE,GM Cell Therapy Process Development,JD50,Total_Pharma_Services,Yes,INF_BATCH,2024-07-05 08:48:47.548,INF_BATCH,2026-01-23 23:16:33.522,INF_R360
JD5006,SERVICE - GM Cell Therapy Manufacturing - JD5006,SERVICE,GM Cell Therapy Manufacturing,JD50,Total_Pharma_Services,Yes,INF_BATCH,2024-07-05 08:48:47.548,INF_BATCH,2026-01-23 23:16:33.522,INF_R360
JD5010,SERVICE - DS Lyon - JD5010,SERVICE,DS Lyon,JD50,Total_Pharma_Services,Yes,INF_BATCH,2024-07-05 08:48:47.548,INF_BATCH,2026-01-23 23:16:33.522,INF_R360
JD60,DEPARTMENT - Microbial Platform - JD60,DEPARTMENT,Microbial Platform,JD,Total_Pharma_Services,Yes,INF_BATCH,2024-07-05 08:48:47.548,INF_BATCH,2026-01-23 23:16:33.522,INF_R360
JD6001,SERVICE - Upstream Process Dev - JD6001,SERVICE,Upstream Process Dev,JD60,Total_Pharma_Services,Yes,INF_BATCH,2024-07-05 08:48:47.548,INF_BATCH,2026-01-23 23:16:33.522,INF_R360
JD6002,SERVICE - Downstream Process Dev - JD6002,SERVICE,Downstream Process Dev,JD60,Total_Pharma_Services,Yes,INF_BATCH,2024-07-05 08:48:47.548,INF_BATCH,2026-01-23 23:16:33.522,INF_R360
JD6003,SERVICE - Process Engineering - Microbial Platform - JD6003,SERVICE,Process Engineering - Microbial Platform,JD60,Total_Pharma_Services,Yes,INF_BATCH,2024-07-05 08:48:47.548,INF_BATCH,2026-01-23 23:16:33.522,INF_R360
JD6004,SERVICE - Clinical Trial Manufacturing - JD6004,SERVICE,Clinical Trial Manufacturing,JD60,Total_Pharma_Services,Yes,INF_BATCH,2024-07-05 08:48:47.548,INF_BATCH,2026-01-23 23:16:33.522,INF_R360
JD6005,SERVICE - Amunix CMC - JD6005,SERVICE,Amunix CMC,JD60,Total_Pharma_Services,Yes,INF_BATCH,2024-07-05 08:48:47.548,INF_BATCH,2026-01-23 23:16:33.522,INF_R360
JD6010,SERVICE - DS SFB&O Microbial - JD6010,SERVICE,DS SFB&O Microbial,JD60,Total_Pharma_Services,Yes,INF_BATCH,2024-07-05 08:48:47.548,INF_BATCH,2026-01-23 23:16:33.522,INF_R360
JD6011,SERVICE - External Supply M&S - JD6011,SERVICE,External Supply M&S,JD60,Total_Pharma_Services,Yes,INF_BATCH,2024-07-05 08:48:47.548,INF_BATCH,2026-01-23 23:16:33.522,INF_R360
JD70,DEPARTMENT - BioAnalytics - JD70,DEPARTMENT,BioAnalytics,JD,Total_Pharma_Services,Yes,INF_BATCH,2024-07-05 08:48:47.548,INF_BATCH,2026-01-23 23:16:33.522,INF_R360
JD7001,SERVICE - Mammalian BioAnalytics - JD7001,SERVICE,Mammalian BioAnalytics,JD70,Total_Pharma_Services,Yes,INF_BATCH,2024-07-05 08:48:47.548,INF_BATCH,2026-01-23 23:16:33.522,INF_R360
JD7002,SERVICE - Genomic Medicine BioAnalytics - JD7002,SERVICE,Genomic Medicine BioAnalytics,JD70,Total_Pharma_Services,Yes,INF_BATCH,2024-07-05 08:48:47.548,INF_BATCH,2026-01-23 23:16:33.522,INF_R360
JD7003,SERVICE - Microbio BioAnalytics - JD7003,SERVICE,Microbio BioAnalytics,JD70,Total_Pharma_Services,Yes,INF_BATCH,2024-07-05 08:48:47.548,INF_BATCH,2026-01-23 23:16:33.522,INF_R360
JD80,DEPARTMENT - BioDP Manufacturing - JD80,DEPARTMENT,BioDP Manufacturing,JD,Total_Pharma_Services,Yes,INF_BATCH,2024-07-05 08:48:47.548,INF_BATCH,2026-01-23 23:16:33.522,INF_R360
JD8001,SERVICE - BioDev Dir & LCM & Due Diligence - JD8001,SERVICE,BioDev Dir & LCM & Due Diligence,JD80,Total_Pharma_Services,Yes,INF_BATCH,2024-07-05 08:48:47.548,INF_BATCH,2026-01-23 23:16:33.522,INF_R360
JD8002,SERVICE - Biologics DP Dev - JD8002,SERVICE,Biologics DP Dev,JD80,Total_Pharma_Services,Yes,INF_BATCH,2024-07-05 08:48:47.548,INF_BATCH,2026-01-23 23:16:33.522,INF_R360
JD8003,SERVICE - Developability and preformulation dev - JD8003,SERVICE,Developability and preformulation dev,JD80,Total_Pharma_Services,Yes,INF_BATCH,2024-07-05 08:48:47.548,INF_BATCH,2026-01-23 23:16:33.522,INF_R360
JD8004,SERVICE - Genomic Medicine Formulation and PD - JD8004,SERVICE,Genomic Medicine Formulation and PD,JD80,Total_Pharma_Services,Yes,INF_BATCH,2024-07-05 08:48:47.548,INF_BATCH,2026-01-23 23:16:33.522,INF_R360
JD8005,SERVICE - Clinical Inj Manufacturing CIM - JD8005,SERVICE,Clinical Inj Manufacturing CIM,JD80,Total_Pharma_Services,Yes,INF_BATCH,2024-07-05 08:48:47.548,INF_BATCH,2026-01-23 23:16:33.522,INF_R360
JD8010,SERVICE - DP LeTrait - JD8010,SERVICE,DP LeTrait,JD80,Total_Pharma_Services,Yes,INF_BATCH,2024-07-05 08:48:47.548,INF_BATCH,2026-01-23 23:16:33.522,INF_R360
JD8011,SERVICE - DP Waterford - JD8011,SERVICE,DP Waterford,JD80,Total_Pharma_Services,Yes,INF_BATCH,2024-07-05 08:48:47.548,INF_BATCH,2026-01-23 23:16:33.522,INF_R360
JD8012,SERVICE - DP SFB&O - JD8012,SERVICE,DP SFB&O,JD80,Total_Pharma_Services,Yes,INF_BATCH,2024-07-05 08:48:47.548,INF_BATCH,2026-01-23 23:16:33.522,INF_R360
JD8013,SERVICE - DP MSAT - JD8013,SERVICE,DP MSAT,JD80,Total_Pharma_Services,Yes,INF_BATCH,2024-07-05 08:48:47.548,INF_BATCH,2026-01-23 23:16:33.522,INF_R360
JD8014,SERVICE - DP ICF - JD8014,SERVICE,DP ICF,JD80,Total_Pharma_Services,Yes,INF_BATCH,2024-07-05 08:48:47.548,INF_BATCH,2026-01-23 23:16:33.522,INF_R360
JD8015,SERVICE - GDPU - JD8015,SERVICE,GDPU,JD80,Total_Pharma_Services,Yes,INF_BATCH,2024-07-05 08:48:47.548,INF_BATCH,2026-01-23 23:16:33.522,INF_R360
JD90,DEPARTMENT - Synthetics - JD90,DEPARTMENT,Synthetics,JD,Total_Pharma_Services,Yes,INF_BATCH,2024-07-05 08:48:47.548,INF_BATCH,2026-01-23 23:16:33.522,INF_R360
JD9001,SERVICE - Clinical Manufacturing and External Technologies - JD9001,SERVICE,Clinical Manufacturing and External Technologies,JD90,Total_Pharma_Services,Yes,INF_BATCH,2024-07-05 08:48:47.548,INF_BATCH,2026-01-23 23:16:33.522,INF_R360
JD9002,SERVICE - Process Chemistry - JD9002,SERVICE,Process Chemistry,JD90,Total_Pharma_Services,Yes,INF_BATCH,2024-07-05 08:48:47.548,INF_BATCH,2026-01-23 23:16:33.522,INF_R360
JD9003,SERVICE - Process Engineering - Synthetics - JD9003,SERVICE,Process Engineering - Synthetics,JD90,Total_Pharma_Services,Yes,INF_BATCH,2024-07-05 08:48:47.548,INF_BATCH,2026-01-23 23:16:33.522,INF_R360
JD9004,SERVICE - DS Clinical Manufacturing - JD9004,SERVICE,DS Clinical Manufacturing,JD90,Total_Pharma_Services,Yes,INF_BATCH,2024-07-05 08:48:47.548,INF_BATCH,2026-01-23 23:16:33.522,INF_R360
JD9005,SERVICE - Analytical Sciences - JD9005,SERVICE,Analytical Sciences,JD90,Total_Pharma_Services,Yes,INF_BATCH,2024-07-05 08:48:47.548,INF_BATCH,2026-01-23 23:16:33.522,INF_R360
JD9006,SERVICE - Drug Product Design - JD9006,SERVICE,Drug Product Design,JD90,Total_Pharma_Services,Yes,INF_BATCH,2024-07-05 08:48:47.548,INF_BATCH,2026-01-23 23:16:33.522,INF_R360
JD9007,ZZZ_SERVICE - CMC Support & Manufacturing Science - JD9007(Do Not Use),SERVICE,CMC Support & Manufacturing Science,JD90,Total_Pharma_Services,No,INF_BATCH,2024-07-05 08:48:47.548,INF_BATCH,2026-01-23 23:16:33.522,INF_R360
JD9010,SERVICE - DP Oral M&S - JD9010,SERVICE,DP Oral M&S,JD90,Total_Pharma_Services,Yes,INF_BATCH,2024-07-05 08:48:47.548,INF_BATCH,2026-01-23 23:16:33.522,INF_R360
JD9011,SERVICE - DS Sisteron - JD9011,SERVICE,DS Sisteron,JD90,Total_Pharma_Services,Yes,INF_BATCH,2024-07-05 08:48:47.548,INF_BATCH,2026-01-23 23:16:33.522,INF_R360
JD9012,SERVICE - MSAT GenMed - JD9012,SERVICE,MSAT GenMed,JD90,Total_Pharma_Services,Yes,INF_BATCH,2024-07-05 08:48:47.548,INF_BATCH,2026-01-23 23:16:33.522,INF_R360
JE,UNIT - IA CMC Project Ext Cost - JE,UNIT,IA CMC Project Ext Cost,J,Total_Pharma_Services,Yes,INF_BATCH,2024-07-05 08:48:47.548,INF_BATCH,2026-01-23 23:16:33.522,INF_R360
JE10,DEPARTMENT - IA Speciality Care - JE10,DEPARTMENT,IA Speciality Care,JE,Total_Pharma_Services,Yes,INF_BATCH,2024-07-05 08:48:47.548,INF_BATCH,2026-01-23 23:16:33.522,INF_R360
JE1001,SERVICE - OTHERS Speciality Care - JE1001,SERVICE,OTHERS Speciality Care,JE10,Total_Pharma_Services,Yes,INF_BATCH,2024-07-05 08:48:47.548,INF_BATCH,2026-01-23 23:16:33.522,INF_R360
JE1002,SERVICE - MSAT Speciality Care - JE1002,SERVICE,MSAT Speciality Care,JE10,Total_Pharma_Services,Yes,INF_BATCH,2024-07-05 08:48:47.548,INF_BATCH,2026-01-23 23:16:33.522,INF_R360
JE1003,SERVICE - DP LETRAIT - JE1003,SERVICE,DP LETRAIT,JE10,Total_Pharma_Services,Yes,INF_BATCH,2024-07-05 08:48:47.548,INF_BATCH,2026-01-23 23:16:33.522,INF_R360
JE1004,SERVICE - DP WATERFORD - JE1004,SERVICE,DP WATERFORD,JE10,Total_Pharma_Services,Yes,INF_BATCH,2024-07-05 08:48:47.548,INF_BATCH,2026-01-23 23:16:33.522,INF_R360
JE1005,SERVICE - SFB&O - JE1005,SERVICE,SFB&O,JE10,Total_Pharma_Services,Yes,INF_BATCH,2024-07-05 08:48:47.548,INF_BATCH,2026-01-23 23:16:33.522,INF_R360
JE1006,SERVICE - DS GEEL - JE1006,SERVICE,DS GEEL,JE10,Total_Pharma_Services,Yes,INF_BATCH,2024-07-05 08:48:47.548,INF_BATCH,2026-01-23 23:16:33.522,INF_R360
JE1007,SERVICE - DS BLP VITRY - JE1007,SERVICE,DS BLP VITRY,JE10,Total_Pharma_Services,Yes,INF_BATCH,2024-07-05 08:48:47.548,INF_BATCH,2026-01-23 23:16:33.522,INF_R360
JE1008,SERVICE - GT GERLAND - JE1008,SERVICE,GT GERLAND,JE10,Total_Pharma_Services,Yes,INF_BATCH,2024-07-05 08:48:47.548,INF_BATCH,2026-01-23 23:16:33.522,INF_R360
JE20,DEPARTMENT - IA General Medecine - JE20,DEPARTMENT,IA General Medecine,JE,Total_Pharma_Services,Yes,INF_BATCH,2024-07-05 08:48:47.548,INF_BATCH,2026-01-23 23:16:33.522,INF_R360
JE2001,SERVICE - OTHERS General Medecine - JE2001,SERVICE,OTHERS General Medecine,JE20,Total_Pharma_Services,Yes,INF_BATCH,2024-07-05 08:48:47.548,INF_BATCH,2026-01-23 23:16:33.522,INF_R360
JE2002,SERVICE - MSAT GEM - JE2002,SERVICE,MSAT GEM,JE20,Total_Pharma_Services,Yes,INF_BATCH,2024-07-05 08:48:47.548,INF_BATCH,2026-01-23 23:16:33.522,INF_R360
JE2003,SERVICE - ICF - JE2003,SERVICE,ICF,JE20,Total_Pharma_Services,Yes,INF_BATCH,2024-07-05 08:48:47.548,INF_BATCH,2026-01-23 23:16:33.522,INF_R360
JE2004,SERVICE - DNO - JE2004,SERVICE,DNO,JE20,Total_Pharma_Services,Yes,INF_BATCH,2024-07-05 08:48:47.548,INF_BATCH,2026-01-23 23:16:33.522,INF_R360
JE2005,SERVICE - DP AMBARES - JE2005,SERVICE,DP AMBARES,JE20,Total_Pharma_Services,Yes,INF_BATCH,2024-07-05 08:48:47.548,INF_BATCH,2026-01-23 23:16:33.522,INF_R360
JE2006,SERVICE - DS SISTERON Production - JE2006,SERVICE,DS SISTERON Production,JE20,Total_Pharma_Services,Yes,INF_BATCH,2024-07-05 08:48:47.548,INF_BATCH,2026-01-23 23:16:33.522,INF_R360
JE30,DEPARTMENT - IA MED - JE30,DEPARTMENT,IA MED,JE,Total_Pharma_Services,Yes,INF_BATCH,2024-07-05 08:48:47.548,INF_BATCH,2026-01-23 23:16:33.522,INF_R360
JE3001,SERVICE - MED - JE3001,SERVICE,MED,JE30,Total_Pharma_Services,Yes,INF_BATCH,2024-07-05 08:48:47.548,INF_BATCH,2026-01-23 23:16:33.522,INF_R360
JE40,ZZZ_DEPARTMENT - IA SAIS - JE40(Do Not Use),DEPARTMENT,IA SAIS,JE,Total_Pharma_Services,No,INF_BATCH,2024-07-05 08:48:47.548,INF_BATCH,2026-01-23 23:16:33.522,INF_R360
JE4001,ZZZ_SERVICE - SAIS - JE4001(Do Not Use),SERVICE,SAIS,JE40,Total_Pharma_Services,No,INF_BATCH,2024-07-05 08:48:47.548,INF_BATCH,2026-01-23 23:16:33.522,INF_R360
JZ,UNIT - CMC unallocated - JZ,UNIT,CMC unallocated,J,Total_Pharma_Services,Yes,INF_BATCH,2024-07-05 08:48:47.548,INF_BATCH,2026-01-23 23:16:33.522,INF_R360
JZ00,DEPARTMENT - CMC unallocated - JZ00,DEPARTMENT,CMC unallocated,JZ,Total_Pharma_Services,Yes,INF_BATCH,2024-07-05 08:48:47.548,INF_BATCH,2026-01-23 23:16:33.522,INF_R360
JZ0000,SERVICE - CMC unallocated - JZ0000,SERVICE,CMC unallocated,JZ00,Total_Pharma_Services,Yes,INF_BATCH,2024-07-05 08:48:47.548,INF_BATCH,2026-01-23 23:16:33.522,INF_R360
JZ0001,SERVICE - CMC unallocated 1 - JZ0001,SERVICE,CMC unallocated 1,JZ00,Total_Pharma_Services,Yes,INF_BATCH,2024-07-05 08:48:47.548,INF_BATCH,2026-01-23 23:16:33.522,INF_R360
JZ0002,SERVICE - CMC unallocated 2 - JZ0002,SERVICE,CMC unallocated 2,JZ00,Total_Pharma_Services,Yes,INF_BATCH,2024-07-05 08:48:47.548,INF_BATCH,2026-01-23 23:16:33.522,INF_R360
JZ0003,SERVICE - CMC unallocated 3 - JZ0003,SERVICE,CMC unallocated 3,JZ00,Total_Pharma_Services,Yes,INF_BATCH,2024-07-05 08:48:47.548,INF_BATCH,2026-01-23 23:16:33.522,INF_R360
K,PILLAR - Data & Data Science - K,PILLAR,Data & Data Science,TOTAL_PHARMA_SERVICES,Total_Pharma_Services,Yes,INF_BATCH,2024-07-05 08:48:47.548,INF_BATCH,2026-01-23 23:16:33.522,INF_R360
NO_RD_SERVICE,SERVICE - no_RD_Service - NO_RD_SERVICE,SERVICE,no_RD_Service,TOTAL_SERVICE,no_RD_Service,Yes,INF_BATCH,2024-07-05 08:48:47.548,INF_BATCH,2026-01-23 23:16:33.522,INF_R360
RD1000,ZZZ_SERVICE - R&D GENERAL MANAGEMENT - RD1000(Do Not Use),SERVICE,R&D GENERAL MANAGEMENT,F10,Zzz-Archives,No,INF_BATCH,2024-07-05 08:48:47.548,INF_BATCH,2026-01-23 23:16:33.522,INF_R360
RD1100,ZZZ_SERVICE - ADMINISTRATION AND RESOURCES DIRECTION - RD1100(Do Not Use),SERVICE,ADMINISTRATION AND RESOURCES DIRECTION,F11,Zzz-Archives,No,INF_BATCH,2024-07-05 08:48:47.548,INF_BATCH,2026-01-23 23:16:33.522,INF_R360
RD1110,ZZZ_SERVICE - SITE DIRECTION - RD1110(Do Not Use),SERVICE,SITE DIRECTION,F14,Zzz-Archives,No,INF_BATCH,2024-07-05 08:48:47.548,INF_BATCH,2026-01-23 23:16:33.522,INF_R360
RD1120,ZZZ_SERVICE - FINANCE AND PURCHASING - RD1120(Do Not Use),SERVICE,FINANCE AND PURCHASING,ZZZ-ARCHIVES,Zzz-Archives,No,INF_BATCH,2024-07-05 08:48:47.548,INF_BATCH,2026-01-23 23:16:33.522,INF_R360
RD1130,ZZZ_SERVICE - HUMAN RESOURCES - RD1130(Do Not Use),SERVICE,HUMAN RESOURCES,F14,Zzz-Archives,No,INF_BATCH,2024-07-05 08:48:47.548,INF_BATCH,2026-01-23 23:16:33.522,INF_R360
RD1140,ZZZ_SERVICE - INFORMATION SYSTEMS - RD1140(Do Not Use),SERVICE,INFORMATION SYSTEMS,ZZZ-ARCHIVES,Zzz-Archives,No,INF_BATCH,2024-07-05 08:48:47.548,INF_BATCH,2026-01-23 23:16:33.522,INF_R360
RD1150,"ZZZ_SERVICE - Prospective, Portfolio Management and Scientific Support - RD1150(Do Not Use)",SERVICE,"Prospective, Portfolio Management and Scientific Support",ZZZ-ARCHIVES,Zzz-Archives,No,INF_BATCH,2024-07-05 08:48:47.548,INF_BATCH,2026-01-23 23:16:33.522,INF_R360
RD1160,ZZZ_SERVICE - PROSPECTIVE MANAGEMENT DU PORTEFEUILLE & SUPPORT SCIENTIFIQU - RD1160(Do Not Use),SERVICE,PROSPECTIVE MANAGEMENT DU PORTEFEUILLE & SUPPORT SCIENTIFIQU,ZZZ-ARCHIVES,Zzz-Archives,No,INF_BATCH,2024-07-05 08:48:47.548,INF_BATCH,2026-01-23 23:16:33.522,INF_R360
RD1170,ZZZ_SERVICE - SCIENTIFIC COMPETITIVE INTELLIGENCE - RD1170(Do Not Use),SERVICE,SCIENTIFIC COMPETITIVE INTELLIGENCE,ZZZ-ARCHIVES,Zzz-Archives,No,INF_BATCH,2024-07-05 08:48:47.548,INF_BATCH,2026-01-23 23:16:33.522,INF_R360
RD1180,ZZZ_SERVICE - SCIENTIFIC AND MEDICAL EVALUATION - RD1180(Do Not Use),SERVICE,SCIENTIFIC AND MEDICAL EVALUATION,ZZZ-ARCHIVES,Zzz-Archives,No,INF_BATCH,2024-07-05 08:48:47.548,INF_BATCH,2026-01-23 23:16:33.522,INF_R360
RD1190,"ZZZ_SERVICE - TECHNICAL, GENERAL AND LOGISTIC SERVICES - RD1190(Do Not Use)",SERVICE,"TECHNICAL, GENERAL AND LOGISTIC SERVICES",ZZZ-ARCHIVES,Zzz-Archives,No,INF_BATCH,2024-07-05 08:48:47.548,INF_BATCH,2026-01-23 23:16:33.522,INF_R360
RD1200,ZZZ_SERVICE - PROSPECTIVE & STRATEGIC INITIATIVES - RD1200(Do Not Use),SERVICE,PROSPECTIVE & STRATEGIC INITIATIVES,F12,Zzz-Archives,No,INF_BATCH,2024-07-05 08:48:47.548,INF_BATCH,2026-01-23 23:16:33.522,INF_R360
RD1300,"ZZZ_SERVICE - FINANCE, PURCHASING AND SIS - RD1300(Do Not Use)",SERVICE,"FINANCE, PURCHASING AND SIS",F13,Zzz-Archives,No,INF_BATCH,2024-07-05 08:48:47.548,INF_BATCH,2026-01-23 23:16:33.522,INF_R360
RD1500,ZZZ_SERVICE - OVERHEADS - RD1500(Do Not Use),SERVICE,OVERHEADS,F15,Zzz-Archives,No,INF_BATCH,2024-07-05 08:48:47.548,INF_BATCH,2026-01-23 23:16:33.522,INF_R360
RD2000,ZZZ_SERVICE - DISCOVERY DIRECTION - RD2000(Do Not Use),SERVICE,DISCOVERY DIRECTION,F20,Zzz-Archives,No,INF_BATCH,2024-07-05 08:48:47.548,INF_BATCH,2026-01-23 23:16:33.522,INF_R360
RD2010,ZZZ_SERVICE - DISCOVERY ANALYTICS - RD2010(Do Not Use),SERVICE,DISCOVERY ANALYTICS,F20,Zzz-Archives,No,INF_BATCH,2024-07-05 08:48:47.548,INF_BATCH,2026-01-23 23:16:33.522,INF_R360
RD2020,ZZZ_SERVICE - DMPK - S - RD2020(Do Not Use),SERVICE,DMPK - S,F20,Zzz-Archives,No,INF_BATCH,2024-07-05 08:48:47.548,INF_BATCH,2026-01-23 23:16:33.522,INF_R360
RD2100,ZZZ_DEPARTMENT - THERAPEUTIC DEPARTMENT - RD2100(Do Not Use),DEPARTMENT,THERAPEUTIC DEPARTMENT,F20,Zzz-Archives,No,INF_BATCH,2024-07-05 08:48:47.548,INF_BATCH,2026-01-23 23:16:33.522,INF_R360
RD2200,ZZZ_DEPARTMENT - SCIENCE AND TECHNOLOGY DEPARTMENT - RD2200(Do Not Use),DEPARTMENT,SCIENCE AND TECHNOLOGY DEPARTMENT,F20,Zzz-Archives,No,INF_BATCH,2024-07-05 08:48:47.548,INF_BATCH,2026-01-23 23:16:33.522,INF_R360
RD3000,ZZZ_SERVICE - INTERNATIONAL DEVELOPMENT DIRECTION - RD3000(Do Not Use),SERVICE,INTERNATIONAL DEVELOPMENT DIRECTION,F30,Zzz-Archives,No,INF_BATCH,2024-07-05 08:48:47.548,INF_BATCH,2026-01-23 23:16:33.522,INF_R360
RD3110,ZZZ_SERVICE - PRECLINICAL DEVELOPMENT DIRECTION - RD3110(Do Not Use),SERVICE,PRECLINICAL DEVELOPMENT DIRECTION,F31,Zzz-Archives,No,INF_BATCH,2024-07-05 08:48:47.548,INF_BATCH,2026-01-23 23:16:33.522,INF_R360
RD3120,"ZZZ_SERVICE - CHEMISTRY, MANUFACTURING AND CONTROL (CMC) - RD3120(Do Not Use)",SERVICE,"CHEMISTRY, MANUFACTURING AND CONTROL (CMC)",F31,Zzz-Archives,No,INF_BATCH,2024-07-05 08:48:47.548,INF_BATCH,2026-01-23 23:16:33.522,INF_R360
RD3130,ZZZ_SERVICE - CLINICAL SUPPLY CHAIN (CSC) - RD3130(Do Not Use),SERVICE,CLINICAL SUPPLY CHAIN (CSC),F31,Zzz-Archives,No,INF_BATCH,2024-07-05 08:48:47.548,INF_BATCH,2026-01-23 23:16:33.522,INF_R360
RD3140,ZZZ_SERVICE - LABORATORY ANIMAL SCIENCE AND WELFARE (LASW) - RD3140(Do Not Use),SERVICE,LABORATORY ANIMAL SCIENCE AND WELFARE (LASW),F31,Zzz-Archives,No,INF_BATCH,2024-07-05 08:48:47.548,INF_BATCH,2026-01-23 23:16:33.522,INF_R360
YC1005,SERVICE - Molecular Biology Centre - YC1005,SERVICE,Molecular Biology Centre,YC10,Total_Vaccines_Services,Yes,INF_BATCH,2024-07-05 08:48:47.548,INF_BATCH,2026-01-23 23:16:33.522,INF_R360
YC1006,ZZZ_SERVICE - AS - Global Management - YC1006(Do Not Use),SERVICE,AS - Global Management,YC10,Total_Vaccines_Services,No,INF_BATCH,2024-07-05 08:48:47.548,INF_BATCH,2026-01-23 23:16:33.522,INF_R360
YC1007,ZZZ_SERVICE - AS - Mass Spec/NMR & RTU - YC1007(Do Not Use),SERVICE,AS - Mass Spec/NMR & RTU,YC10,Total_Vaccines_Services,No,INF_BATCH,2024-07-05 08:48:47.548,INF_BATCH,2026-01-23 23:16:33.522,INF_R360
YC1008,SERVICE - Operations & Support - YC1008,SERVICE,Operations & Support,YC10,Total_Vaccines_Services,Yes,INF_BATCH,2024-07-05 08:48:47.548,INF_BATCH,2026-01-23 23:16:33.522,INF_R360
YC1009,SERVICE - Bioassay - YC1009,SERVICE,Bioassay,YC10,Total_Vaccines_Services,Yes,INF_BATCH,2024-07-05 08:48:47.548,INF_BATCH,2026-01-23 23:16:33.522,INF_R360
YC11,DEPARTMENT - Global Bioprocess Development - YC11,DEPARTMENT,Global Bioprocess Development,YC,Total_Vaccines_Services,Yes,INF_BATCH,2024-07-05 08:48:47.548,INF_BATCH,2026-01-23 23:16:33.522,INF_R360
YC1100,SERVICE - Drug substance bioprocess devt - YC1100,SERVICE,Drug substance bioprocess devt,YC11,Total_Vaccines_Services,Yes,INF_BATCH,2024-07-05 08:48:47.548,INF_BATCH,2026-01-23 23:16:33.522,INF_R360
YC1101,ZZZ_SERVICE - Clinical Supply Unit - YC1101(Do Not Use),SERVICE,Clinical Supply Unit,YC11,Total_Vaccines_Services,No,INF_BATCH,2024-07-05 08:48:47.548,INF_BATCH,2026-01-23 23:16:33.522,INF_R360
YC1102,ZZZ_SERVICE - BRD Executive - YC1102(Do Not Use),SERVICE,BRD Executive,YC11,Total_Vaccines_Services,No,INF_BATCH,2024-07-05 08:48:47.548,INF_BATCH,2026-01-23 23:16:33.522,INF_R360
YC1103,SERVICE - Drug product bioprocess devt - YC1103,SERVICE,Drug product bioprocess devt,YC11,Total_Vaccines_Services,Yes,INF_BATCH,2024-07-05 08:48:47.548,INF_BATCH,2026-01-23 23:16:33.522,INF_R360
YC1104,ZZZ_SERVICE - Clinical Manufacturing Platform - YC1104(Do Not Use),SERVICE,Clinical Manufacturing Platform,YC11,Total_Vaccines_Services,No,INF_BATCH,2024-07-05 08:48:47.548,INF_BATCH,2026-01-23 23:16:33.522,INF_R360
YC1105,SERVICE - Drug substance bioprocess devt - YC1105,SERVICE,Drug substance bioprocess devt,YC11,Total_Vaccines_Services,Yes,INF_BATCH,2024-07-05 08:48:47.548,INF_BATCH,2026-01-23 23:16:33.522,INF_R360
YC1106,SERVICE - Bioprocess Management - YC1106,SERVICE,Bioprocess Management,YC11,Total_Vaccines_Services,Yes,INF_BATCH,2024-07-05 08:48:47.548,INF_BATCH,2026-01-23 23:16:33.522,INF_R360
YC1107,ZZZ_SERVICE - Facilities & GMP - YC1107(Do Not Use),SERVICE,Facilities & GMP,YC11,Total_Vaccines_Services,No,INF_BATCH,2024-07-05 08:48:47.548,INF_BATCH,2026-01-23 23:16:33.522,INF_R360
YC1108,SERVICE - Bioprocess Harmonization - YC1108,SERVICE,Bioprocess Harmonization,YC11,Total_Vaccines_Services,Yes,INF_BATCH,2024-07-05 08:48:47.548,INF_BATCH,2026-01-23 23:16:33.522,INF_R360
YC12,DEPARTMENT - Global Clinical Supply - YC12,DEPARTMENT,Global Clinical Supply,YC,Total_Vaccines_Services,Yes,INF_BATCH,2024-07-05 08:48:47.548,INF_BATCH,2026-01-23 23:16:33.522,INF_R360
YC1200,SERVICE - Clinical Supply Chain - YC1200,SERVICE,Clinical Supply Chain,YC12,Total_Vaccines_Services,Yes,INF_BATCH,2024-07-05 08:48:47.548,INF_BATCH,2026-01-23 23:16:33.522,INF_R360
YC1201,SERVICE - Facilities Utilities & Equipments - YC1201,SERVICE,Facilities Utilities & Equipments,YC12,Total_Vaccines_Services,Yes,INF_BATCH,2024-07-05 08:48:47.548,INF_BATCH,2026-01-23 23:16:33.522,INF_R360
YC1202,SERVICE - Clinical supply management - YC1202,SERVICE,Clinical supply management,YC12,Total_Vaccines_Services,Yes,INF_BATCH,2024-07-05 08:48:47.548,INF_BATCH,2026-01-23 23:16:33.522,INF_R360
YC1204,SERVICE - Clinical Manufacturing Platform - YC1204,SERVICE,Clinical Manufacturing Platform,YC12,Total_Vaccines_Services,Yes,INF_BATCH,2024-07-05 08:48:47.548,INF_BATCH,2026-01-23 23:16:33.522,INF_R360
YC13,DEPARTMENT - Business Performance & Change Leadership - YC13,DEPARTMENT,Business Performance & Change Leadership,YC,Total_Vaccines_Services,Yes,INF_BATCH,2024-07-05 08:48:47.548,INF_BATCH,2026-01-23 23:16:33.522,INF_R360
YC1300,SERVICE - Business Performance & Change Leadership - YC1300,SERVICE,Business Performance & Change Leadership,YC13,Total_Vaccines_Services,Yes,INF_BATCH,2024-07-05 08:48:47.548,INF_BATCH,2026-01-23 23:16:33.522,INF_R360
YC1301,SERVICE - FPRM & operationnal excellence - YC1301,SERVICE,FPRM & operationnal excellence,YC13,Total_Vaccines_Services,Yes,INF_BATCH,2024-07-05 08:48:47.548,INF_BATCH,2026-01-23 23:16:33.522,INF_R360
YC14,DEPARTMENT - VCDS executive - YC14,DEPARTMENT,VCDS executive,YC,Total_Vaccines_Services,Yes,INF_BATCH,2024-07-05 08:48:47.548,INF_BATCH,2026-01-23 23:16:33.522,INF_R360
YC1400,SERVICE - VCDS executive - YC1400,SERVICE,VCDS executive,YC14,Total_Vaccines_Services,Yes,INF_BATCH,2024-07-05 08:48:47.548,INF_BATCH,2026-01-23 23:16:33.522,INF_R360
YC15,DEPARTMENT - CMC Strategy & execution - YC15,DEPARTMENT,CMC Strategy & execution,YC,Total_Vaccines_Services,Yes,INF_BATCH,2024-07-05 08:48:47.548,INF_BATCH,2026-01-23 23:16:33.522,INF_R360
YC1500,SERVICE - CMC Leaders - YC1500,SERVICE,CMC Leaders,YC15,Total_Vaccines_Services,Yes,INF_BATCH,2024-07-05 08:48:47.548,INF_BATCH,2026-01-23 23:16:33.522,INF_R360
YC16,DEPARTMENT - SQO - YC16,DEPARTMENT,SQO,YC,Total_Vaccines_Services,Yes,INF_BATCH,2024-07-05 08:48:47.548,INF_BATCH,2026-01-23 23:16:33.522,INF_R360
YC1600,SERVICE - Global R&D Quality - YC1600,SERVICE,Global R&D Quality,YC16,Total_Vaccines_Services,Yes,INF_BATCH,2024-07-05 08:48:47.548,INF_BATCH,2026-01-23 23:16:33.522,INF_R360
YC17,"DEPARTMENT - Infrastructure, Digital and Innovation - YC17",DEPARTMENT,"Infrastructure, Digital and Innovation",YC,Total_Vaccines_Services,Yes,INF_BATCH,2024-07-05 08:48:47.548,INF_BATCH,2026-01-23 23:16:33.522,INF_R360
YC1700,"SERVICE - Infrastructure, Digital and Innovation - YC1700",SERVICE,"Infrastructure, Digital and Innovation",YC17,Total_Vaccines_Services,Yes,INF_BATCH,2024-07-05 08:48:47.548,INF_BATCH,2026-01-23 23:16:33.522,INF_R360
YD,UNIT - Global Antigen Design - YD,UNIT,Global Antigen Design,Y,Total_Vaccines_Services,Yes,INF_BATCH,2024-07-05 08:48:47.548,INF_BATCH,2026-01-23 23:16:33.522,INF_R360
YD10,DEPARTMENT - Agile Office - YD10,DEPARTMENT,Agile Office,YD,Total_Vaccines_Services,Yes,INF_BATCH,2024-07-05 08:48:47.548,INF_BATCH,2026-01-23 23:16:33.522,INF_R360
YD1000,SERVICE - Agile Office - YD1000,SERVICE,Agile Office,YD10,Total_Vaccines_Services,Yes,INF_BATCH,2024-07-05 08:48:47.548,INF_BATCH,2026-01-23 23:16:33.522,INF_R360
YD11,DEPARTMENT - Bacteriology Target Realization - YD11,DEPARTMENT,Bacteriology Target Realization,YD,Total_Vaccines_Services,Yes,INF_BATCH,2024-07-05 08:48:47.548,INF_BATCH,2026-01-23 23:16:33.522,INF_R360
YD1100,SERVICE - Bacteriology Target Realization - YD1100,SERVICE,Bacteriology Target Realization,YD11,Total_Vaccines_Services,Yes,INF_BATCH,2024-07-05 08:48:47.548,INF_BATCH,2026-01-23 23:16:33.522,INF_R360
YD12,DEPARTMENT - Computational Design - YD12,DEPARTMENT,Computational Design,YD,Total_Vaccines_Services,Yes,INF_BATCH,2024-07-05 08:48:47.548,INF_BATCH,2026-01-23 23:16:33.522,INF_R360
YD1200,SERVICE - Computational Design - YD1200,SERVICE,Computational Design,YD12,Total_Vaccines_Services,Yes,INF_BATCH,2024-07-05 08:48:47.548,INF_BATCH,2026-01-23 23:16:33.522,INF_R360
YD13,DEPARTMENT - Transversal Antigen Design - YD13,DEPARTMENT,Transversal Antigen Design,YD,Total_Vaccines_Services,Yes,INF_BATCH,2024-07-05 08:48:47.548,INF_BATCH,2026-01-23 23:16:33.522,INF_R360
YD1300,SERVICE - Transversal Antigen Design - YD1300,SERVICE,Transversal Antigen Design,YD13,Total_Vaccines_Services,Yes,INF_BATCH,2024-07-05 08:48:47.548,INF_BATCH,2026-01-23 23:16:33.522,INF_R360
YD14,DEPARTMENT - Virology Target Realization - YD14,DEPARTMENT,Virology Target Realization,YD,Total_Vaccines_Services,Yes,INF_BATCH,2024-07-05 08:48:47.548,INF_BATCH,2026-01-23 23:16:33.522,INF_R360
YD1400,SERVICE - Virology Target Realization - YD1400,SERVICE,Virology Target Realization,YD14,Total_Vaccines_Services,Yes,INF_BATCH,2024-07-05 08:48:47.548,INF_BATCH,2026-01-23 23:16:33.522,INF_R360
YE,UNIT - mRNA Center of Excellence - YE,UNIT,mRNA Center of Excellence,Y,Total_Vaccines_Services,Yes,INF_BATCH,2024-07-05 08:48:47.548,INF_BATCH,2026-01-23 23:16:33.522,INF_R360
YE10,DEPARTMENT - mRNA Analytical Sciences - YE10,DEPARTMENT,mRNA Analytical Sciences,YE,Total_Vaccines_Services,Yes,INF_BATCH,2024-07-05 08:48:47.548,INF_BATCH,2026-01-23 23:16:33.522,INF_R360
YE1000,SERVICE - mRNA Analytical Sciences - YE1000,SERVICE,mRNA Analytical Sciences,YE10,Total_Vaccines_Services,Yes,INF_BATCH,2024-07-05 08:48:47.548,INF_BATCH,2026-01-23 23:16:33.522,INF_R360
YE11,DEPARTMENT - mRNA Center - YE11,DEPARTMENT,mRNA Center,YE,Total_Vaccines_Services,Yes,INF_BATCH,2024-07-05 08:48:47.548,INF_BATCH,2026-01-23 23:16:33.522,INF_R360
YE1100,SERVICE - mRNA Center - YE1100,SERVICE,mRNA Center,YE11,Total_Vaccines_Services,Yes,INF_BATCH,2024-07-05 08:48:47.548,INF_BATCH,2026-01-23 23:16:33.522,INF_R360
YE12,DEPARTMENT - mRNA cGMP Strategic Supply & Ops - YE12,DEPARTMENT,mRNA cGMP Strategic Supply & Ops,YE,Total_Vaccines_Services,Yes,INF_BATCH,2024-07-05 08:48:47.548,INF_BATCH,2026-01-23 23:16:33.522,INF_R360
YE1200,SERVICE - mRNA cGMP Strategic Supply & Ops - YE1200,SERVICE,mRNA cGMP Strategic Supply & Ops,YE12,Total_Vaccines_Services,Yes,INF_BATCH,2024-07-05 08:48:47.548,INF_BATCH,2026-01-23 23:16:33.522,INF_R360
YE13,DEPARTMENT - mRNA CMC - YE13,DEPARTMENT,mRNA CMC,YE,Total_Vaccines_Services,Yes,INF_BATCH,2024-07-05 08:48:47.548,INF_BATCH,2026-01-23 23:16:33.522,INF_R360
YE1300,SERVICE - mRNA CMC - YE1300,SERVICE,mRNA CMC,YE13,Total_Vaccines_Services,Yes,INF_BATCH,2024-07-05 08:48:47.548,INF_BATCH,2026-01-23 23:16:33.522,INF_R360
YE14,DEPARTMENT - mRNA CMC Process Dev & Ind - YE14,DEPARTMENT,mRNA CMC Process Dev & Ind,YE,Total_Vaccines_Services,Yes,INF_BATCH,2024-07-05 08:48:47.548,INF_BATCH,2026-01-23 23:16:33.522,INF_R360
YE1400,SERVICE - mRNA CMC Process Dev & Ind - YE1400,SERVICE,mRNA CMC Process Dev & Ind,YE14,Total_Vaccines_Services,Yes,INF_BATCH,2024-07-05 08:48:47.548,INF_BATCH,2026-01-23 23:16:33.522,INF_R360
YE15,DEPARTMENT - mRNA Data & Computational Science - YE15,DEPARTMENT,mRNA Data & Computational Science,YE,Total_Vaccines_Services,Yes,INF_BATCH,2024-07-05 08:48:47.548,INF_BATCH,2026-01-23 23:16:33.522,INF_R360
YE1500,SERVICE - mRNA Data & Computational Science - YE1500,SERVICE,mRNA Data & Computational Science,YE15,Total_Vaccines_Services,Yes,INF_BATCH,2024-07-05 08:48:47.548,INF_BATCH,2026-01-23 23:16:33.522,INF_R360
YE16,DEPARTMENT - mRNA Office - YE16,DEPARTMENT,mRNA Office,YE,Total_Vaccines_Services,Yes,INF_BATCH,2024-07-05 08:48:47.548,INF_BATCH,2026-01-23 23:16:33.522,INF_R360
YE1600,SERVICE - mRNA Office - YE1600,SERVICE,mRNA Office,YE16,Total_Vaccines_Services,Yes,INF_BATCH,2024-07-05 08:48:47.548,INF_BATCH,2026-01-23 23:16:33.522,INF_R360
YE17,DEPARTMENT - mRNA Quality - YE17,DEPARTMENT,mRNA Quality,YE,Total_Vaccines_Services,Yes,INF_BATCH,2024-07-05 08:48:47.548,INF_BATCH,2026-01-23 23:16:33.522,INF_R360
YE1700,SERVICE - mRNA Quality - YE1700,SERVICE,mRNA Quality,YE17,Total_Vaccines_Services,Yes,INF_BATCH,2024-07-05 08:48:47.548,INF_BATCH,2026-01-23 23:16:33.522,INF_R360
YE18,DEPARTMENT - mRNA Research & Biomarkers - YE18,DEPARTMENT,mRNA Research & Biomarkers,YE,Total_Vaccines_Services,Yes,INF_BATCH,2024-07-05 08:48:47.548,INF_BATCH,2026-01-23 23:16:33.522,INF_R360
YE1800,SERVICE - mRNA Research & Biomarkers - YE1800,SERVICE,mRNA Research & Biomarkers,YE18,Total_Vaccines_Services,Yes,INF_BATCH,2024-07-05 08:48:47.548,INF_BATCH,2026-01-23 23:16:33.522,INF_R360
YE19,DEPARTMENT - mRNA Translate Bio - YE19,DEPARTMENT,mRNA Translate Bio,YE,Total_Vaccines_Services,Yes,INF_BATCH,2024-07-05 08:48:47.548,INF_BATCH,2026-01-23 23:16:33.522,INF_R360
YE1900,SERVICE - mRNA Translate Bio - YE1900,SERVICE,mRNA Translate Bio,YE19,Total_Vaccines_Services,Yes,INF_BATCH,2024-07-05 08:48:47.548,INF_BATCH,2026-01-23 23:16:33.522,INF_R360
YF,UNIT - Global Operations & Lab Support - YF,UNIT,Global Operations & Lab Support,Y,Total_Vaccines_Services,Yes,INF_BATCH,2024-07-05 08:48:47.548,INF_BATCH,2026-01-23 23:16:33.522,INF_R360
YF10,DEPARTMENT - Automation Center of Excellence - YF10,DEPARTMENT,Automation Center of Excellence,YF,Total_Vaccines_Services,Yes,INF_BATCH,2024-07-05 08:48:47.548,INF_BATCH,2026-01-23 23:16:33.522,INF_R360
YF1000,SERVICE - Automation Center of Excellence - YF1000,SERVICE,Automation Center of Excellence,YF10,Total_Vaccines_Services,Yes,INF_BATCH,2024-07-05 08:48:47.548,INF_BATCH,2026-01-23 23:16:33.522,INF_R360
YF11,DEPARTMENT - Business Operation - YF11,DEPARTMENT,Business Operation,YF,Total_Vaccines_Services,Yes,INF_BATCH,2024-07-05 08:48:47.548,INF_BATCH,2026-01-23 23:16:33.522,INF_R360
YF1100,SERVICE - Business Operation - YF1100,SERVICE,Business Operation,YF11,Total_Vaccines_Services,Yes,INF_BATCH,2024-07-05 08:48:47.548,INF_BATCH,2026-01-23 23:16:33.522,INF_R360
YF12,DEPARTMENT - Global R&D Systems & Data Science - YF12,DEPARTMENT,Global R&D Systems & Data Science,YF,Total_Vaccines_Services,Yes,INF_BATCH,2024-07-05 08:48:47.548,INF_BATCH,2026-01-23 23:16:33.522,INF_R360
YF1200,SERVICE - Global R&D Systems & Data Science - YF1200,SERVICE,Global R&D Systems & Data Science,YF12,Total_Vaccines_Services,Yes,INF_BATCH,2024-07-05 08:48:47.548,INF_BATCH,2026-01-23 23:16:33.522,INF_R360
YF13,DEPARTMENT - Operations and Support - YF13,DEPARTMENT,Operations and Support,YF,Total_Vaccines_Services,Yes,INF_BATCH,2024-07-05 08:48:47.548,INF_BATCH,2026-01-23 23:16:33.522,INF_R360
YF1300,SERVICE - Operations and Support - YF1300,SERVICE,Operations and Support,YF13,Total_Vaccines_Services,Yes,INF_BATCH,2024-07-05 08:48:47.548,INF_BATCH,2026-01-23 23:16:33.522,INF_R360
YF14,DEPARTMENT - Sample Reagent & Animal Services - YF14,DEPARTMENT,Sample Reagent & Animal Services,YF,Total_Vaccines_Services,Yes,INF_BATCH,2024-07-05 08:48:47.548,INF_BATCH,2026-01-23 23:16:33.522,INF_R360
YF1400,SERVICE - Sample Reagent & Animal Services - YF1400,SERVICE,Sample Reagent & Animal Services,YF14,Total_Vaccines_Services,Yes,INF_BATCH,2024-07-05 08:48:47.548,INF_BATCH,2026-01-23 23:16:33.522,INF_R360
YF15,DEPARTMENT - Transversal Process Support - YF15,DEPARTMENT,Transversal Process Support,YF,Total_Vaccines_Services,Yes,INF_BATCH,2024-07-05 08:48:47.548,INF_BATCH,2026-01-23 23:16:33.522,INF_R360
YF1500,SERVICE - Transversal Process Support - YF1500,SERVICE,Transversal Process Support,YF15,Total_Vaccines_Services,Yes,INF_BATCH,2024-07-05 08:48:47.548,INF_BATCH,2026-01-23 23:16:33.522,INF_R360
YF16,DEPARTMENT - TSU - YF16,DEPARTMENT,TSU,YF,Total_Vaccines_Services,Yes,INF_BATCH,2024-07-05 08:48:47.548,INF_BATCH,2026-01-23 23:16:33.522,INF_R360
YF1600,SERVICE - TSU - YF1600,SERVICE,TSU,YF16,Total_Vaccines_Services,Yes,INF_BATCH,2024-07-05 08:48:47.548,INF_BATCH,2026-01-23 23:16:33.522,INF_R360
YF17,DEPARTMENT - Global Operations & Lab Support - YF17,DEPARTMENT,Global Operations & Lab Support,YF,Total_Vaccines_Services,Yes,INF_BATCH,2024-07-05 08:48:47.548,INF_BATCH,2026-01-23 23:16:33.522,INF_R360
YF1700,SERVICE - Global Operations & Lab Support - YF1700,SERVICE,Global Operations & Lab Support,YF17,Total_Vaccines_Services,Yes,INF_BATCH,2024-07-05 08:48:47.548,INF_BATCH,2026-01-23 23:16:33.522,INF_R360
YG,UNIT - CSO & External Scientific Affairs - YG,UNIT,CSO & External Scientific Affairs,Y,Total_Vaccines_Services,Yes,INF_BATCH,2024-07-05 08:48:47.548,INF_BATCH,2026-01-23 23:16:33.522,INF_R360
YG10,DEPARTMENT - CSO & External Scientific Affairs - YG10,DEPARTMENT,CSO & External Scientific Affairs,YG,Total_Vaccines_Services,Yes,INF_BATCH,2024-07-05 08:48:47.548,INF_BATCH,2026-01-23 23:16:33.522,INF_R360
YG1000,SERVICE - CSO & External Scientific Affairs - YG1000,SERVICE,CSO & External Scientific Affairs,YG10,Total_Vaccines_Services,Yes,INF_BATCH,2024-07-05 08:48:47.548,INF_BATCH,2026-01-23 23:16:33.522,INF_R360
YG11,DEPARTMENT - External Financing - YG11,DEPARTMENT,External Financing,YG,Total_Vaccines_Services,Yes,INF_BATCH,2024-07-05 08:48:47.548,INF_BATCH,2026-01-23 23:16:33.522,INF_R360
YG1100,SERVICE - External Financing - YG1100,SERVICE,External Financing,YG11,Total_Vaccines_Services,Yes,INF_BATCH,2024-07-05 08:48:47.548,INF_BATCH,2026-01-23 23:16:33.522,INF_R360
YG12,DEPARTMENT - External R&D - YG12,DEPARTMENT,External R&D,YG,Total_Vaccines_Services,Yes,INF_BATCH,2024-07-05 08:48:47.548,INF_BATCH,2026-01-23 23:16:33.522,INF_R360
YG1200,SERVICE - External R&D - YG1200,SERVICE,External R&D,YG12,Total_Vaccines_Services,Yes,INF_BATCH,2024-07-05 08:48:47.548,INF_BATCH,2026-01-23 23:16:33.522,INF_R360
YG13,DEPARTMENT - External Scientific Engagement - YG13,DEPARTMENT,External Scientific Engagement,YG,Total_Vaccines_Services,Yes,INF_BATCH,2024-07-05 08:48:47.548,INF_BATCH,2026-01-23 23:16:33.522,INF_R360
YG1300,SERVICE - External Scientific Engagement - YG1300,SERVICE,External Scientific Engagement,YG13,Total_Vaccines_Services,Yes,INF_BATCH,2024-07-05 08:48:47.548,INF_BATCH,2026-01-23 23:16:33.522,INF_R360
YG14,DEPARTMENT - Innovation / Emerging Sciences - YG14,DEPARTMENT,Innovation / Emerging Sciences,YG,Total_Vaccines_Services,Yes,INF_BATCH,2024-07-05 08:48:47.548,INF_BATCH,2026-01-23 23:16:33.522,INF_R360
YG1400,SERVICE - Innovation / Emerging Sciences - YG1400,SERVICE,Innovation / Emerging Sciences,YG14,Total_Vaccines_Services,Yes,INF_BATCH,2024-07-05 08:48:47.548,INF_BATCH,2026-01-23 23:16:33.522,INF_R360
YH,UNIT - Business Operations - YH,UNIT,Business Operations,Y,Total_Vaccines_Services,Yes,INF_BATCH,2024-07-05 08:48:47.548,INF_BATCH,2026-01-23 23:16:33.522,INF_R360
YH10,DEPARTMENT - Digital Operations - YH10,DEPARTMENT,Digital Operations,YH,Total_Vaccines_Services,Yes,INF_BATCH,2024-07-05 08:48:47.548,INF_BATCH,2026-01-23 23:16:33.522,INF_R360
YH1000,SERVICE - Digital Operations - YH1000,SERVICE,Digital Operations,YH10,Total_Vaccines_Services,Yes,INF_BATCH,2024-07-05 08:48:47.548,INF_BATCH,2026-01-23 23:16:33.522,INF_R360
YH11,DEPARTMENT - Internal Engagement & Strategic Learning - YH11,DEPARTMENT,Internal Engagement & Strategic Learning,YH,Total_Vaccines_Services,Yes,INF_BATCH,2024-07-05 08:48:47.548,INF_BATCH,2026-01-23 23:16:33.522,INF_R360
YH1100,SERVICE - Internal Engagement & Strategic Learning - YH1100,SERVICE,Internal Engagement & Strategic Learning,YH11,Total_Vaccines_Services,Yes,INF_BATCH,2024-07-05 08:48:47.548,INF_BATCH,2026-01-23 23:16:33.522,INF_R360
YH12,DEPARTMENT - Project Management - YH12,DEPARTMENT,Project Management,YH,Total_Vaccines_Services,Yes,INF_BATCH,2024-07-05 08:48:47.548,INF_BATCH,2026-01-23 23:16:33.522,INF_R360
YH1200,SERVICE - Project Management - YH1200,SERVICE,Project Management,YH12,Total_Vaccines_Services,Yes,INF_BATCH,2024-07-05 08:48:47.548,INF_BATCH,2026-01-23 23:16:33.522,INF_R360
YH13,DEPARTMENT - Resource Management - YH13,DEPARTMENT,Resource Management,YH,Total_Vaccines_Services,Yes,INF_BATCH,2024-07-05 08:48:47.548,INF_BATCH,2026-01-23 23:16:33.522,INF_R360
YH1300,SERVICE - Resource Management - YH1300,SERVICE,Resource Management,YH13,Total_Vaccines_Services,Yes,INF_BATCH,2024-07-05 08:48:47.548,INF_BATCH,2026-01-23 23:16:33.522,INF_R360
B13399,ZZZ_SERVICE - GDD EIS - B13399(Do Not Use),SERVICE,GDD EIS,A1330,Zzz-Archives,No,INF_BATCH,2024-07-05 08:48:47.548,INF_BATCH,2026-01-23 23:16:33.522,INF_R360
B13400,ZZZ_SERVICE - Unit Management office - B13400(Do Not Use),SERVICE,Unit Management office,A1340,Zzz-Archives,No,INF_BATCH,2024-07-05 08:48:47.548,INF_BATCH,2026-01-23 23:16:33.522,INF_R360
B13401,ZZZ_SERVICE - Regional Purchasing center - B13401(Do Not Use),SERVICE,Regional Purchasing center,A1340,Zzz-Archives,No,INF_BATCH,2024-07-05 08:48:47.548,INF_BATCH,2026-01-23 23:16:33.522,INF_R360
B13402,ZZZ_SERVICE - Common Spend R&D - B13402(Do Not Use),SERVICE,Common Spend R&D,A1340,Zzz-Archives,No,INF_BATCH,2024-07-05 08:48:47.548,INF_BATCH,2026-01-23 23:16:33.522,INF_R360
B13403,ZZZ_SERVICE - COGS R&D - B13403(Do Not Use),SERVICE,COGS R&D,A1340,Zzz-Archives,No,INF_BATCH,2024-07-05 08:48:47.548,INF_BATCH,2026-01-23 23:16:33.522,INF_R360
B13500,ZZZ_SERVICE - GDD EIS - B13500(Do Not Use),SERVICE,GDD EIS,A1330,Zzz-Archives,No,INF_BATCH,2024-07-05 08:48:47.548,INF_BATCH,2026-01-23 23:16:33.522,INF_R360
B14100,ZZZ_SERVICE - Direction RH - B14100(Do Not Use),SERVICE,Direction RH,A1410,Zzz-Archives,No,INF_BATCH,2024-07-05 08:48:47.548,INF_BATCH,2026-01-23 23:16:33.522,INF_R360
B14101,ZZZ_SERVICE - Social Affairs & Social Communication - B14101(Do Not Use),SERVICE,Social Affairs & Social Communication,A1410,Zzz-Archives,No,INF_BATCH,2024-07-05 08:48:47.548,INF_BATCH,2026-01-23 23:16:33.522,INF_R360
B14102,ZZZ_SERVICE - Mobilité interne Formation - B14102(Do Not Use),SERVICE,Mobilité interne Formation,A1410,Zzz-Archives,No,INF_BATCH,2024-07-05 08:48:47.548,INF_BATCH,2026-01-23 23:16:33.522,INF_R360
B14103,ZZZ_SERVICE - Mobilité transforming - B14103(Do Not Use),SERVICE,Mobilité transforming,A1410,Zzz-Archives,No,INF_BATCH,2024-07-05 08:48:47.548,INF_BATCH,2026-01-23 23:16:33.522,INF_R360
B14104,ZZZ_SERVICE - DRH France - B14104(Do Not Use),SERVICE,DRH France,A1410,Zzz-Archives,No,INF_BATCH,2024-07-05 08:48:47.548,INF_BATCH,2026-01-23 23:16:33.522,INF_R360
B14105,ZZZ_SERVICE - Autres - B14105(Do Not Use),SERVICE,Autres,A1410,Zzz-Archives,No,INF_BATCH,2024-07-05 08:48:47.548,INF_BATCH,2026-01-23 23:16:33.522,INF_R360
B14106,ZZZ_SERVICE - PMO - B14106(Do Not Use),SERVICE,PMO,A1410,Zzz-Archives,No,INF_BATCH,2024-07-05 08:48:47.548,INF_BATCH,2026-01-23 23:16:33.522,INF_R360
B62610,ZZZ_SERVICE - Radiolab - B62610(Do Not Use),SERVICE,Radiolab,A6260,Zzz-Archives,No,INF_BATCH,2024-07-05 08:48:47.548,INF_BATCH,2026-01-23 23:16:33.522,INF_R360
B62611,ZZZ_SERVICE - Chemical & Pharmaceutical Analysis (C&PA) - B62611(Do Not Use),SERVICE,Chemical & Pharmaceutical Analysis (C&PA),A6260,Zzz-Archives,No,INF_BATCH,2024-07-05 08:48:47.548,INF_BATCH,2026-01-23 23:16:33.522,INF_R360
B62700,ZZZ_SERVICE - Synthetic Chemistry - B62700(Do Not Use),SERVICE,Synthetic Chemistry,A6270,Zzz-Archives,No,INF_BATCH,2024-07-05 08:48:47.548,INF_BATCH,2026-01-23 23:16:33.522,INF_R360
B62701,"ZZZ_SERVICE - Technol, Physic Quality & safety - B62701(Do Not Use)",SERVICE,"Technol, Physic Quality & safety",A6270,Zzz-Archives,No,INF_BATCH,2024-07-05 08:48:47.548,INF_BATCH,2026-01-23 23:16:33.522,INF_R360
B62702,ZZZ_SERVICE - Mgt and Business office - B62702(Do Not Use),SERVICE,Mgt and Business office,A6270,Zzz-Archives,No,INF_BATCH,2024-07-05 08:48:47.548,INF_BATCH,2026-01-23 23:16:33.522,INF_R360
B62703,ZZZ_SERVICE - Pilot plant - B62703(Do Not Use),SERVICE,Pilot plant,A6270,Zzz-Archives,No,INF_BATCH,2024-07-05 08:48:47.548,INF_BATCH,2026-01-23 23:16:33.522,INF_R360
B62710,ZZZ_SERVICE - CBD Operational - B62710(Do Not Use),SERVICE,CBD Operational,A6271,Zzz-Archives,No,INF_BATCH,2024-07-05 08:48:47.548,INF_BATCH,2026-01-23 23:16:33.522,INF_R360
B62711,ZZZ_SERVICE - CBD Direct costs - B62711(Do Not Use),SERVICE,CBD Direct costs,A6271,Zzz-Archives,No,INF_BATCH,2024-07-05 08:48:47.548,INF_BATCH,2026-01-23 23:16:33.522,INF_R360
B62712,ZZZ_SERVICE - CBD Recharges - B62712(Do Not Use),SERVICE,CBD Recharges,A6271,Zzz-Archives,No,INF_BATCH,2024-07-05 08:48:47.548,INF_BATCH,2026-01-23 23:16:33.522,INF_R360
B62713,ZZZ_SERVICE - CBD Other Financial costs - B62713(Do Not Use),SERVICE,CBD Other Financial costs,A6271,Zzz-Archives,No,INF_BATCH,2024-07-05 08:48:47.548,INF_BATCH,2026-01-23 23:16:33.522,INF_R360
B62800,ZZZ_SERVICE - PS research & early dev - B62800(Do Not Use),SERVICE,PS research & early dev,A6280,Zzz-Archives,No,INF_BATCH,2024-07-05 08:48:47.548,INF_BATCH,2026-01-23 23:16:33.522,INF_R360
B62801,ZZZ_SERVICE - Product & process dev - B62801(Do Not Use),SERVICE,Product & process dev,A6280,Zzz-Archives,No,INF_BATCH,2024-07-05 08:48:47.548,INF_BATCH,2026-01-23 23:16:33.522,INF_R360
B62802,ZZZ_SERVICE - GMP manufacturing & ware - B62802(Do Not Use),SERVICE,GMP manufacturing & ware,A6280,Zzz-Archives,No,INF_BATCH,2024-07-05 08:48:47.548,INF_BATCH,2026-01-23 23:16:33.522,INF_R360
B62803,ZZZ_SERVICE - External opportunities - B62803(Do Not Use),SERVICE,External opportunities,A6280,Zzz-Archives,No,INF_BATCH,2024-07-05 08:48:47.548,INF_BATCH,2026-01-23 23:16:33.522,INF_R360
B62804,ZZZ_SERVICE - Biopharmy - B62804(Do Not Use),SERVICE,Biopharmy,A6280,Zzz-Archives,No,INF_BATCH,2024-07-05 08:48:47.548,INF_BATCH,2026-01-23 23:16:33.522,INF_R360
B62805,ZZZ_SERVICE - Pharm engeneering - B62805(Do Not Use),SERVICE,Pharm engeneering,A6280,Zzz-Archives,No,INF_BATCH,2024-07-05 08:48:47.548,INF_BATCH,2026-01-23 23:16:33.522,INF_R360
B62806,ZZZ_SERVICE - Systems & support - B62806(Do Not Use),SERVICE,Systems & support,A6280,Zzz-Archives,No,INF_BATCH,2024-07-05 08:48:47.548,INF_BATCH,2026-01-23 23:16:33.522,INF_R360
B62807,ZZZ_SERVICE - Projects coordination - B62807(Do Not Use),SERVICE,Projects coordination,A6280,Zzz-Archives,No,INF_BATCH,2024-07-05 08:48:47.548,INF_BATCH,2026-01-23 23:16:33.522,INF_R360
B62808,ZZZ_SERVICE - Planning resource & perf mgt - B62808(Do Not Use),SERVICE,Planning resource & perf mgt,A6280,Zzz-Archives,No,INF_BATCH,2024-07-05 08:48:47.548,INF_BATCH,2026-01-23 23:16:33.522,INF_R360
B62810,ZZZ_SERVICE - ID&I LGCR - B62810(Do Not Use),SERVICE,ID&I LGCR,A6281,Zzz-Archives,No,INF_BATCH,2024-07-05 08:48:47.548,INF_BATCH,2026-01-23 23:16:33.522,INF_R360
B62820,ZZZ_SERVICE - Device LGCR - B62820(Do Not Use),SERVICE,Device LGCR,A6282,Zzz-Archives,No,INF_BATCH,2024-07-05 08:48:47.548,INF_BATCH,2026-01-23 23:16:33.522,INF_R360
B62900,ZZZ_SERVICE - CMC Dossier Development & Coordination - B62900(Do Not Use),SERVICE,CMC Dossier Development & Coordination,A6290,Zzz-Archives,No,INF_BATCH,2024-07-05 08:48:47.548,INF_BATCH,2026-01-23 23:16:33.522,INF_R360
B63100,ZZZ_SERVICE - Biologics Direction - B63100(Do Not Use),SERVICE,Biologics Direction,A6310,Zzz-Archives,No,INF_BATCH,2024-07-05 08:48:47.548,INF_BATCH,2026-01-23 23:16:33.522,INF_R360
B63101,ZZZ_SERVICE - BioBusiness & Governance - B63101(Do Not Use),SERVICE,BioBusiness & Governance,A6310,Zzz-Archives,No,INF_BATCH,2024-07-05 08:48:47.548,INF_BATCH,2026-01-23 23:16:33.522,INF_R360
B63102,ZZZ_SERVICE - UPMO - B63102(Do Not Use),SERVICE,UPMO,A6310,Zzz-Archives,No,INF_BATCH,2024-07-05 08:48:47.548,INF_BATCH,2026-01-23 23:16:33.522,INF_R360
B63199,ZZZ_SERVICE - Biologics partners - B63199(Do Not Use),SERVICE,Biologics partners,A6310,Zzz-Archives,No,INF_BATCH,2024-07-05 08:48:47.548,INF_BATCH,2026-01-23 23:16:33.522,INF_R360
B63200,ZZZ_SERVICE - Biologics Generation - B63200(Do Not Use),SERVICE,Biologics Generation,A6320,Zzz-Archives,No,INF_BATCH,2024-07-05 08:48:47.548,INF_BATCH,2026-01-23 23:16:33.522,INF_R360
B63201,ZZZ_SERVICE - Bio Realization Direction - B63201(Do Not Use),SERVICE,Bio Realization Direction,A6320,Zzz-Archives,No,INF_BATCH,2024-07-05 08:48:47.548,INF_BATCH,2026-01-23 23:16:33.522,INF_R360
B63202,ZZZ_SERVICE - Bioprocesses - B63202(Do Not Use),SERVICE,Bioprocesses,A6320,Zzz-Archives,No,INF_BATCH,2024-07-05 08:48:47.548,INF_BATCH,2026-01-23 23:16:33.522,INF_R360
B63203,ZZZ_SERVICE - GMP pilot plant - B63203(Do Not Use),SERVICE,GMP pilot plant,A6320,Zzz-Archives,No,INF_BATCH,2024-07-05 08:48:47.548,INF_BATCH,2026-01-23 23:16:33.522,INF_R360
B63204,ZZZ_SERVICE - Analytics and DP - B63204(Do Not Use),SERVICE,Analytics and DP,A6320,Zzz-Archives,No,INF_BATCH,2024-07-05 08:48:47.548,INF_BATCH,2026-01-23 23:16:33.522,INF_R360
B63205,ZZZ_SERVICE - BioProcesses &  Manufacturing Analytics (BMA) - B63205(Do Not Use),SERVICE,BioProcesses &  Manufacturing Analytics (BMA),A6320,Zzz-Archives,No,INF_BATCH,2024-07-05 08:48:47.548,INF_BATCH,2026-01-23 23:16:33.522,INF_R360
B63207,ZZZ_SERVICE - Structural Bio and search feature - B63207(Do Not Use),SERVICE,Structural Bio and search feature,A6320,Zzz-Archives,No,INF_BATCH,2024-07-05 08:48:47.548,INF_BATCH,2026-01-23 23:16:33.522,INF_R360
B63300,ZZZ_SERVICE - Cell Bank & MSC - B63300(Do Not Use),SERVICE,Cell Bank & MSC,A6330,Zzz-Archives,No,INF_BATCH,2024-07-05 08:48:47.548,INF_BATCH,2026-01-23 23:16:33.522,INF_R360
B63301,ZZZ_SERVICE - Stem Cell Biology - B63301(Do Not Use),SERVICE,Stem Cell Biology,A6330,Zzz-Archives,No,INF_BATCH,2024-07-05 08:48:47.548,INF_BATCH,2026-01-23 23:16:33.522,INF_R360
B63302,ZZZ_SERVICE - Genomic & Epigenetics Charact. & Discovery - B63302(Do Not Use),SERVICE,Genomic & Epigenetics Charact. & Discovery,A6330,Zzz-Archives,No,INF_BATCH,2024-07-05 08:48:47.548,INF_BATCH,2026-01-23 23:16:33.522,INF_R360
B63400,ZZZ_SERVICE - Mol and Cell Biology - B63400(Do Not Use),SERVICE,Mol and Cell Biology,A6340,Zzz-Archives,No,INF_BATCH,2024-07-05 08:48:47.548,INF_BATCH,2026-01-23 23:16:33.522,INF_R360
B63401,ZZZ_SERVICE - Chemistry - B63401(Do Not Use),SERVICE,Chemistry,A6340,Zzz-Archives,No,INF_BATCH,2024-07-05 08:48:47.548,INF_BATCH,2026-01-23 23:16:33.522,INF_R360
B63402,ZZZ_SERVICE - Animal Biology - B63402(Do Not Use),SERVICE,Animal Biology,A6340,Zzz-Archives,No,INF_BATCH,2024-07-05 08:48:47.548,INF_BATCH,2026-01-23 23:16:33.522,INF_R360
B63500,ZZZ_SERVICE - IA BioProcesses - B63500(Do Not Use),SERVICE,IA BioProcesses,A6350,Zzz-Archives,No,INF_BATCH,2024-07-05 08:48:47.548,INF_BATCH,2026-01-23 23:16:33.522,INF_R360
B63501,ZZZ_SERVICE - IA Analytics - B63501(Do Not Use),SERVICE,IA Analytics,A6350,Zzz-Archives,No,INF_BATCH,2024-07-05 08:48:47.548,INF_BATCH,2026-01-23 23:16:33.522,INF_R360
B63600,ZZZ_SERVICE - CBD Bio - B63600(Do Not Use),SERVICE,CBD Bio,A6360,Zzz-Archives,No,INF_BATCH,2024-07-05 08:48:47.548,INF_BATCH,2026-01-23 23:16:33.522,INF_R360
B63700,ZZZ_SERVICE - ID&I BIO - B63700(Do Not Use),SERVICE,ID&I BIO,A6370,Zzz-Archives,No,INF_BATCH,2024-07-05 08:48:47.548,INF_BATCH,2026-01-23 23:16:33.522,INF_R360
B63800,ZZZ_SERVICE - Device BIO - B63800(Do Not Use),SERVICE,Device BIO,A6380,Zzz-Archives,No,INF_BATCH,2024-07-05 08:48:47.548,INF_BATCH,2026-01-23 23:16:33.522,INF_R360
B64100,ZZZ_SERVICE - Direction and Supports - B64100(Do Not Use),SERVICE,Direction and Supports,A6410,Zzz-Archives,No,INF_BATCH,2024-07-05 08:48:47.548,INF_BATCH,2026-01-23 23:16:33.522,INF_R360
B64101,ZZZ_SERVICE - Packaging - B64101(Do Not Use),SERVICE,Packaging,A6410,Zzz-Archives,No,INF_BATCH,2024-07-05 08:48:47.548,INF_BATCH,2026-01-23 23:16:33.522,INF_R360
B64102,ZZZ_SERVICE - Distribution - B64102(Do Not Use),SERVICE,Distribution,A6410,Zzz-Archives,No,INF_BATCH,2024-07-05 08:48:47.548,INF_BATCH,2026-01-23 23:16:33.522,INF_R360
B64103,ZZZ_SERVICE - Demand Management - B64103(Do Not Use),SERVICE,Demand Management,A6410,Zzz-Archives,No,INF_BATCH,2024-07-05 08:48:47.548,INF_BATCH,2026-01-23 23:16:33.522,INF_R360
B64104,ZZZ_SERVICE - SCA & NASCA - B64104(Do Not Use),SERVICE,SCA & NASCA,A6410,Zzz-Archives,No,INF_BATCH,2024-07-05 08:48:47.548,INF_BATCH,2026-01-23 23:16:33.522,INF_R360
B64199,ZZZ_SERVICE - REGN costs - CS - B64199(Do Not Use),SERVICE,REGN costs - CS,A6410,Zzz-Archives,No,INF_BATCH,2024-07-05 08:48:47.548,INF_BATCH,2026-01-23 23:16:33.522,INF_R360
B65100,ZZZ_SERVICE - Clin. Sc Ops Management Office - B65100(Do Not Use),SERVICE,Clin. Sc Ops Management Office,A6510,Zzz-Archives,No,INF_BATCH,2024-07-05 08:48:47.548,INF_BATCH,2026-01-23 23:16:33.522,INF_R360
B65101,ZZZ_SERVICE - Clin. Sc Ops Project Leaders - B65101(Do Not Use),SERVICE,Clin. Sc Ops Project Leaders,A6510,Zzz-Archives,No,INF_BATCH,2024-07-05 08:48:47.548,INF_BATCH,2026-01-23 23:16:33.522,INF_R360
B65102,ZZZ_SERVICE - Business Strategy and Excellence - B65102(Do Not Use),SERVICE,Business Strategy and Excellence,A6510,Zzz-Archives,No,INF_BATCH,2024-07-05 08:48:47.548,INF_BATCH,2026-01-23 23:16:33.522,INF_R360
B65200,ZZZ_SERVICE - Clin. Sc Ops Quality Process-Training-Info. Sharing - B65200(Do Not Use),SERVICE,Clin. Sc Ops Quality Process-Training-Info. Sharing,A6520,Zzz-Archives,No,INF_BATCH,2024-07-05 08:48:47.548,INF_BATCH,2026-01-23 23:16:33.522,INF_R360
B65201,ZZZ_SERVICE - Quality Assessment & Inspections - B65201(Do Not Use),SERVICE,Quality Assessment & Inspections,A6520,Zzz-Archives,No,INF_BATCH,2024-07-05 08:48:47.548,INF_BATCH,2026-01-23 23:16:33.522,INF_R360
B65300,ZZZ_SERVICE - Clin. Sc. Ops Techno. & Info. Mgt - B65300(Do Not Use),SERVICE,Clin. Sc. Ops Techno. & Info. Mgt,A6530,Zzz-Archives,No,INF_BATCH,2024-07-05 08:48:47.548,INF_BATCH,2026-01-23 23:16:33.522,INF_R360
B65400,ZZZ_SERVICE - Trial Operations Specific Groups - B65400(Do Not Use),SERVICE,Trial Operations Specific Groups,A6540,Zzz-Archives,No,INF_BATCH,2024-07-05 08:48:47.548,INF_BATCH,2026-01-23 23:16:33.522,INF_R360
B65401,ZZZ_SERVICE - Trial Operations Oncology - B65401(Do Not Use),SERVICE,Trial Operations Oncology,A6540,Zzz-Archives,No,INF_BATCH,2024-07-05 08:48:47.548,INF_BATCH,2026-01-23 23:16:33.522,INF_R360
B65402,ZZZ_SERVICE - Trial Operations Diabetes - B65402(Do Not Use),SERVICE,Trial Operations Diabetes,A6540,Zzz-Archives,No,INF_BATCH,2024-07-05 08:48:47.548,INF_BATCH,2026-01-23 23:16:33.522,INF_R360
B65403,ZZZ_SERVICE - Trial Operations Multiple Units Teams - B65403(Do Not Use),SERVICE,Trial Operations Multiple Units Teams,A6540,Zzz-Archives,No,INF_BATCH,2024-07-05 08:48:47.548,INF_BATCH,2026-01-23 23:16:33.522,INF_R360
B65404,ZZZ_SERVICE - Trial Operations Global Medical Affairs - B65404(Do Not Use),SERVICE,Trial Operations Global Medical Affairs,A6540,Zzz-Archives,No,INF_BATCH,2024-07-05 08:48:47.548,INF_BATCH,2026-01-23 23:16:33.522,INF_R360
B65405,ZZZ_SERVICE - TRIAL OPERATIONS GENZYME - B65405(Do Not Use),SERVICE,TRIAL OPERATIONS GENZYME,A6540,Zzz-Archives,No,INF_BATCH,2024-07-05 08:48:47.548,INF_BATCH,2026-01-23 23:16:33.522,INF_R360
B65500,ZZZ_SERVICE - Medical Operations Oncology - B65500(Do Not Use),SERVICE,Medical Operations Oncology,A6550,Zzz-Archives,No,INF_BATCH,2024-07-05 08:48:47.548,INF_BATCH,2026-01-23 23:16:33.522,INF_R360
B65501,ZZZ_SERVICE - Medical Operations Diabetes - B65501(Do Not Use),SERVICE,Medical Operations Diabetes,A6550,Zzz-Archives,No,INF_BATCH,2024-07-05 08:48:47.548,INF_BATCH,2026-01-23 23:16:33.522,INF_R360
B65502,ZZZ_SERVICE - Medical Operations Multiple Teams - B65502(Do Not Use),SERVICE,Medical Operations Multiple Teams,A6550,Zzz-Archives,No,INF_BATCH,2024-07-05 08:48:47.548,INF_BATCH,2026-01-23 23:16:33.522,INF_R360
B65600,ZZZ_SERVICE - Statistics Oncology - B65600(Do Not Use),SERVICE,Statistics Oncology,A6560,Zzz-Archives,No,INF_BATCH,2024-07-05 08:48:47.548,INF_BATCH,2026-01-23 23:16:33.522,INF_R360
B65601,ZZZ_SERVICE - Statistics & Programming Multiple Teams - B65601(Do Not Use),SERVICE,Statistics & Programming Multiple Teams,A6560,Zzz-Archives,No,INF_BATCH,2024-07-05 08:48:47.548,INF_BATCH,2026-01-23 23:16:33.522,INF_R360
B65602,ZZZ_SERVICE - Statistics Diabetes - B65602(Do Not Use),SERVICE,Statistics Diabetes,A6560,Zzz-Archives,No,INF_BATCH,2024-07-05 08:48:47.548,INF_BATCH,2026-01-23 23:16:33.522,INF_R360
B65603,ZZZ_SERVICE - Statistics & Programming CEP & PKS - B65603(Do Not Use),SERVICE,Statistics & Programming CEP & PKS,A6560,Zzz-Archives,No,INF_BATCH,2024-07-05 08:48:47.548,INF_BATCH,2026-01-23 23:16:33.522,INF_R360
B65604,ZZZ_SERVICE - Statistics Research & Chemistry - B65604(Do Not Use),SERVICE,Statistics Research & Chemistry,A6560,Zzz-Archives,No,INF_BATCH,2024-07-05 08:48:47.548,INF_BATCH,2026-01-23 23:16:33.522,INF_R360
B65605,ZZZ_SERVICE - Statistics Genzyme - B65605(Do Not Use),SERVICE,Statistics Genzyme,A6560,Zzz-Archives,No,INF_BATCH,2024-07-05 08:48:47.548,INF_BATCH,2026-01-23 23:16:33.522,INF_R360
B65700,ZZZ_SERVICE - Medical Writing Oncology - B65700(Do Not Use),SERVICE,Medical Writing Oncology,A6570,Zzz-Archives,No,INF_BATCH,2024-07-05 08:48:47.548,INF_BATCH,2026-01-23 23:16:33.522,INF_R360
B65701,ZZZ_SERVICE - Medical Writing Diabetes - B65701(Do Not Use),SERVICE,Medical Writing Diabetes,A6570,Zzz-Archives,No,INF_BATCH,2024-07-05 08:48:47.548,INF_BATCH,2026-01-23 23:16:33.522,INF_R360
B65702,ZZZ_SERVICE - Clinical Documentation Multiple Teams - B65702(Do Not Use),SERVICE,Clinical Documentation Multiple Teams,A6570,Zzz-Archives,No,INF_BATCH,2024-07-05 08:48:47.548,INF_BATCH,2026-01-23 23:16:33.522,INF_R360
B65703,ZZZ_SERVICE - Clinical Documentation Genzyme - B65703(Do Not Use),SERVICE,Clinical Documentation Genzyme,A6570,Zzz-Archives,No,INF_BATCH,2024-07-05 08:48:47.548,INF_BATCH,2026-01-23 23:16:33.522,INF_R360
B65800,ZZZ_SERVICE - Clin. & Expl. Pharmacology Operations - B65800(Do Not Use),SERVICE,Clin. & Expl. Pharmacology Operations,A6580,Zzz-Archives,No,INF_BATCH,2024-07-05 08:48:47.548,INF_BATCH,2026-01-23 23:16:33.522,INF_R360
B65801,ZZZ_SERVICE - Clin. & Expl. Pharmacology Sciences - B65801(Do Not Use),SERVICE,Clin. & Expl. Pharmacology Sciences,A6580,Zzz-Archives,No,INF_BATCH,2024-07-05 08:48:47.548,INF_BATCH,2026-01-23 23:16:33.522,INF_R360
B65900,ZZZ_SERVICE - CSU North America Region - B65900(Do Not Use),SERVICE,CSU North America Region,A6590,Zzz-Archives,No,INF_BATCH,2024-07-05 08:48:47.548,INF_BATCH,2026-01-23 23:16:33.522,INF_R360
B65901,ZZZ_SERVICE - CSU Central & Latin America Region - B65901(Do Not Use),SERVICE,CSU Central & Latin America Region,A6590,Zzz-Archives,No,INF_BATCH,2024-07-05 08:48:47.548,INF_BATCH,2026-01-23 23:16:33.522,INF_R360
B65902,ZZZ_SERVICE - CSU Central & Eastern Europe Region - B65902(Do Not Use),SERVICE,CSU Central & Eastern Europe Region,A6590,Zzz-Archives,No,INF_BATCH,2024-07-05 08:48:47.548,INF_BATCH,2026-01-23 23:16:33.522,INF_R360
B65903,ZZZ_SERVICE - CSU Northern Europe Region - B65903(Do Not Use),SERVICE,CSU Northern Europe Region,A6590,Zzz-Archives,No,INF_BATCH,2024-07-05 08:48:47.548,INF_BATCH,2026-01-23 23:16:33.522,INF_R360
B65904,ZZZ_SERVICE - CSU Southern Europe Region - B65904(Do Not Use),SERVICE,CSU Southern Europe Region,A6590,Zzz-Archives,No,INF_BATCH,2024-07-05 08:48:47.548,INF_BATCH,2026-01-23 23:16:33.522,INF_R360
B65905,ZZZ_SERVICE - CSU Asia-Pacific Region - B65905(Do Not Use),SERVICE,CSU Asia-Pacific Region,A6590,Zzz-Archives,No,INF_BATCH,2024-07-05 08:48:47.548,INF_BATCH,2026-01-23 23:16:33.522,INF_R360
B65906,ZZZ_SERVICE - CSU Global Corporate Teams - B65906(Do Not Use),SERVICE,CSU Global Corporate Teams,A6590,Zzz-Archives,No,INF_BATCH,2024-07-05 08:48:47.548,INF_BATCH,2026-01-23 23:16:33.522,INF_R360
B65999,ZZZ_SERVICE - REGN costs - CSO - B65999(Do Not Use),SERVICE,REGN costs - CSO,A6599,Zzz-Archives,No,INF_BATCH,2024-07-05 08:48:47.548,INF_BATCH,2026-01-23 23:16:33.522,INF_R360
B66100,ZZZ_SERVICE - iCMC NPP - B66100(Do Not Use),SERVICE,iCMC NPP,A6610,Zzz-Archives,No,INF_BATCH,2024-07-05 08:48:47.548,INF_BATCH,2026-01-23 23:16:33.522,INF_R360
B66200,ZZZ_SERVICE - Pilot Plant - B66200(Do Not Use),SERVICE,Pilot Plant,A6620,Zzz-Archives,No,INF_BATCH,2024-07-05 08:48:47.548,INF_BATCH,2026-01-23 23:16:33.522,INF_R360
B66201,ZZZ_SERVICE - Analytics - B66201(Do Not Use),SERVICE,Analytics,A6620,Zzz-Archives,No,INF_BATCH,2024-07-05 08:48:47.548,INF_BATCH,2026-01-23 23:16:33.522,INF_R360
B66202,ZZZ_SERVICE - Regulatory - B66202(Do Not Use),SERVICE,Regulatory,A6620,Zzz-Archives,No,INF_BATCH,2024-07-05 08:48:47.548,INF_BATCH,2026-01-23 23:16:33.522,INF_R360
B66203,ZZZ_SERVICE - Process Engineering & safety - B66203(Do Not Use),SERVICE,Process Engineering & safety,A6620,Zzz-Archives,No,INF_BATCH,2024-07-05 08:48:47.548,INF_BATCH,2026-01-23 23:16:33.522,INF_R360
B66204,ZZZ_SERVICE - Process research - B66204(Do Not Use),SERVICE,Process research,A6620,Zzz-Archives,No,INF_BATCH,2024-07-05 08:48:47.548,INF_BATCH,2026-01-23 23:16:33.522,INF_R360
B66205,ZZZ_SERVICE - Mgt and Business Office - B66205(Do Not Use),SERVICE,Mgt and Business Office,A6620,Zzz-Archives,No,INF_BATCH,2024-07-05 08:48:47.548,INF_BATCH,2026-01-23 23:16:33.522,INF_R360
B66206,ZZZ_SERVICE - Reconversion Chemistry - B66206(Do Not Use),SERVICE,Reconversion Chemistry,A6620,Zzz-Archives,No,INF_BATCH,2024-07-05 08:48:47.548,INF_BATCH,2026-01-23 23:16:33.522,INF_R360
B66300,ZZZ_SERVICE - Pilot Plan - B66300(Do Not Use),SERVICE,Pilot Plan,A6630,Zzz-Archives,No,INF_BATCH,2024-07-05 08:48:47.548,INF_BATCH,2026-01-23 23:16:33.522,INF_R360
B66301,ZZZ_SERVICE - Analytics - B66301(Do Not Use),SERVICE,Analytics,A6630,Zzz-Archives,No,INF_BATCH,2024-07-05 08:48:47.548,INF_BATCH,2026-01-23 23:16:33.522,INF_R360
B66302,ZZZ_SERVICE - Regulatory - B66302(Do Not Use),SERVICE,Regulatory,A6630,Zzz-Archives,No,INF_BATCH,2024-07-05 08:48:47.548,INF_BATCH,2026-01-23 23:16:33.522,INF_R360
B66303,ZZZ_SERVICE - Microbiology - B66303(Do Not Use),SERVICE,Microbiology,A6630,Zzz-Archives,No,INF_BATCH,2024-07-05 08:48:47.548,INF_BATCH,2026-01-23 23:16:33.522,INF_R360
B66304,ZZZ_SERVICE - Cell Culture - B66304(Do Not Use),SERVICE,Cell Culture,A6630,Zzz-Archives,No,INF_BATCH,2024-07-05 08:48:47.548,INF_BATCH,2026-01-23 23:16:33.522,INF_R360
B66305,ZZZ_SERVICE - Mgt and Business Office - B66305(Do Not Use),SERVICE,Mgt and Business Office,A6630,Zzz-Archives,No,INF_BATCH,2024-07-05 08:48:47.548,INF_BATCH,2026-01-23 23:16:33.522,INF_R360
B66306,ZZZ_SERVICE - Reconversion Biotechnology - B66306(Do Not Use),SERVICE,Reconversion Biotechnology,A6630,Zzz-Archives,No,INF_BATCH,2024-07-05 08:48:47.548,INF_BATCH,2026-01-23 23:16:33.522,INF_R360
BC1201,SERVICE - GPT office - BC1201,SERVICE,GPT office,BC12,Total_Pharma_Services,Yes,INF_BATCH,2024-07-05 08:48:47.548,INF_BATCH,2026-01-23 23:16:33.522,INF_R360
BC1202,SERVICE - Global Transparency - BC1202,SERVICE,Global Transparency,BC12,Total_Pharma_Services,Yes,INF_BATCH,2024-07-05 08:48:47.548,INF_BATCH,2026-01-23 23:16:33.522,INF_R360
BC1203,SERVICE - Global Medical Excellence - BC1203,SERVICE,Global Medical Excellence,BC12,Total_Pharma_Services,Yes,INF_BATCH,2024-07-05 08:48:47.548,INF_BATCH,2026-01-23 23:16:33.522,INF_R360
BC1204,SERVICE - CRD contractors - BC1204,SERVICE,CRD contractors,BC12,Total_Pharma_Services,Yes,INF_BATCH,2024-07-05 08:48:47.548,INF_BATCH,2026-01-23 23:16:33.522,INF_R360
BC1205,SERVICE - Operational Excellence & Communications - BC1205,SERVICE,Operational Excellence & Communications,BC12,Total_Pharma_Services,Yes,INF_BATCH,2024-07-05 08:48:47.548,INF_BATCH,2026-01-23 23:16:33.522,INF_R360
BD,ZZZ_UNIT - Diabetes - BD(Do Not Use),UNIT,Diabetes,B,Total_Pharma_Services,No,INF_BATCH,2024-07-05 08:48:47.548,INF_BATCH,2026-01-23 23:16:33.522,INF_R360
BD10,ZZZ_DEPARTMENT - Diabetes Management & early Development - BD10(Do Not Use),DEPARTMENT,Diabetes Management & early Development,BD,Total_Pharma_Services,No,INF_BATCH,2024-07-05 08:48:47.548,INF_BATCH,2026-01-23 23:16:33.522,INF_R360
BD1000,ZZZ_SERVICE - Diabetes  Management and early Development - BD1000(Do Not Use),SERVICE,Diabetes  Management and early Development,BD10,Total_Pharma_Services,No,INF_BATCH,2024-07-05 08:48:47.548,INF_BATCH,2026-01-23 23:16:33.522,INF_R360
BD11,ZZZ_DEPARTMENT - Diabetes GPTs - BD11(Do Not Use),DEPARTMENT,Diabetes GPTs,BD,Total_Pharma_Services,No,INF_BATCH,2024-07-05 08:48:47.548,INF_BATCH,2026-01-23 23:16:33.522,INF_R360
BD1100,ZZZ_SERVICE - GPT Lixi/Lixilan - BD1100(Do Not Use),SERVICE,GPT Lixi/Lixilan,BD11,Total_Pharma_Services,No,INF_BATCH,2024-07-05 08:48:47.548,INF_BATCH,2026-01-23 23:16:33.522,INF_R360
BD1101,ZZZ_SERVICE - GPTs Diabetes Late stage - BD1101(Do Not Use),SERVICE,GPTs Diabetes Late stage,BD11,Total_Pharma_Services,No,INF_BATCH,2024-07-05 08:48:47.548,INF_BATCH,2026-01-23 23:16:33.522,INF_R360
BE,UNIT - Immuno-inflammation - BE,UNIT,Immuno-inflammation,B,Total_Pharma_Services,Yes,INF_BATCH,2024-07-05 08:48:47.548,INF_BATCH,2026-01-23 23:16:33.522,INF_R360
BE10,DEPARTMENT - I&I Management and I&I projects - BE10,DEPARTMENT,I&I Management and I&I projects,BE,Total_Pharma_Services,Yes,INF_BATCH,2024-07-05 08:48:47.548,INF_BATCH,2026-01-23 23:16:33.522,INF_R360
BE1000,SERVICE - I&I Management - BE1000,SERVICE,I&I Management,BE10,Total_Pharma_Services,Yes,INF_BATCH,2024-07-05 08:48:47.548,INF_BATCH,2026-01-23 23:16:33.522,INF_R360
BE11,DEPARTMENT - I&I GPTs - BE11,DEPARTMENT,I&I GPTs,BE,Total_Pharma_Services,Yes,INF_BATCH,2024-07-05 08:48:47.548,INF_BATCH,2026-01-23 23:16:33.522,INF_R360
BE1100,SERVICE - GPT Dupilumab - BE1100,SERVICE,GPT Dupilumab,BE11,Total_Pharma_Services,Yes,INF_BATCH,2024-07-05 08:48:47.548,INF_BATCH,2026-01-23 23:16:33.522,INF_R360
BE1101,SERVICE - GPT Sarilumab - BE1101,SERVICE,GPT Sarilumab,BE11,Total_Pharma_Services,Yes,INF_BATCH,2024-07-05 08:48:47.548,INF_BATCH,2026-01-23 23:16:33.522,INF_R360
BE1102,SERVICE - Early PortFolio & IL4/IL13 - BE1102,SERVICE,Early PortFolio & IL4/IL13,BE11,Total_Pharma_Services,Yes,INF_BATCH,2024-07-05 08:48:47.548,INF_BATCH,2026-01-23 23:16:33.522,INF_R360
BE99,DEPARTMENT - Regeneron - I&I Dev - BE99,DEPARTMENT,Regeneron - I&I Dev,BE,Total_Pharma_Services,Yes,INF_BATCH,2024-07-05 08:48:47.548,INF_BATCH,2026-01-23 23:16:33.522,INF_R360
BE9900,SERVICE - I&I REGN Dev - BE9900,SERVICE,I&I REGN Dev,BE99,Total_Pharma_Services,Yes,INF_BATCH,2024-07-05 08:48:47.548,INF_BATCH,2026-01-23 23:16:33.522,INF_R360
BF,UNIT - Neurology - BF,UNIT,Neurology,B,Total_Pharma_Services,Yes,INF_BATCH,2024-07-05 08:48:47.548,INF_BATCH,2026-01-23 23:16:33.522,INF_R360
BF10,DEPARTMENT - MS Neuro Ophtha Mgt & MS projects - BF10,DEPARTMENT,MS Neuro Ophtha Mgt & MS projects,BF,Total_Pharma_Services,Yes,INF_BATCH,2024-07-05 08:48:47.548,INF_BATCH,2026-01-23 23:16:33.522,INF_R360
BF1000,"SERVICE - MS, Neuro, Ophtha Management and MS projects - BF1000",SERVICE,"MS, Neuro, Ophtha Management and MS projects",BF10,Total_Pharma_Services,Yes,INF_BATCH,2024-07-05 08:48:47.548,INF_BATCH,2026-01-23 23:16:33.522,INF_R360
BF11,DEPARTMENT - GPTs Early and GPT Neuro&Ophtha - BF11,DEPARTMENT,GPTs Early and GPT Neuro&Ophtha,BF,Total_Pharma_Services,Yes,INF_BATCH,2024-07-05 08:48:47.548,INF_BATCH,2026-01-23 23:16:33.522,INF_R360
BF1100,SERVICE - GPT Early Development - BF1100,SERVICE,GPT Early Development,BF11,Total_Pharma_Services,Yes,INF_BATCH,2024-07-05 08:48:47.548,INF_BATCH,2026-01-23 23:16:33.522,INF_R360
BF1101,SERVICE - GPT Neuro & Ophtha - BF1101,SERVICE,GPT Neuro & Ophtha,BF11,Total_Pharma_Services,Yes,INF_BATCH,2024-07-05 08:48:47.548,INF_BATCH,2026-01-23 23:16:33.522,INF_R360
BG,UNIT - Oncology - BG,UNIT,Oncology,B,Total_Pharma_Services,Yes,INF_BATCH,2024-07-05 08:48:47.548,INF_BATCH,2026-01-23 23:16:33.522,INF_R360
BG10,DEPARTMENT - Oncology Management and Mature projects - BG10,DEPARTMENT,Oncology Management and Mature projects,BG,Total_Pharma_Services,Yes,INF_BATCH,2024-07-05 08:48:47.548,INF_BATCH,2026-01-23 23:16:33.522,INF_R360
BG1000,SERVICE - Oncology Management & Dev TA - BG1000,SERVICE,Oncology Management & Dev TA,BG10,Total_Pharma_Services,Yes,INF_BATCH,2024-07-05 08:48:47.548,INF_BATCH,2026-01-23 23:16:33.522,INF_R360
BG11,DEPARTMENT - Oncology GPTs - BG11,DEPARTMENT,Oncology GPTs,BG,Total_Pharma_Services,Yes,INF_BATCH,2024-07-05 08:48:47.548,INF_BATCH,2026-01-23 23:16:33.522,INF_R360
BG1100,SERVICE - Oncology GPTs - Multiple Myeloma - BG1100,SERVICE,Oncology GPTs - Multiple Myeloma,BG11,Total_Pharma_Services,Yes,INF_BATCH,2024-07-05 08:48:47.548,INF_BATCH,2026-01-23 23:16:33.522,INF_R360
BG1101,SERVICE - Oncology GPTs - Solid Tumors - BG1101,SERVICE,Oncology GPTs - Solid Tumors,BG11,Total_Pharma_Services,Yes,INF_BATCH,2024-07-05 08:48:47.548,INF_BATCH,2026-01-23 23:16:33.522,INF_R360
BG1102,SERVICE - Oncology GPTs - DM4 - BG1102,SERVICE,Oncology GPTs - DM4,BG11,Total_Pharma_Services,Yes,INF_BATCH,2024-07-05 08:48:47.548,INF_BATCH,2026-01-23 23:16:33.522,INF_R360
BG1103,SERVICE - Oncology GPTs - Transplant - BG1103,SERVICE,Oncology GPTs - Transplant,BG11,Total_Pharma_Services,Yes,INF_BATCH,2024-07-05 08:48:47.548,INF_BATCH,2026-01-23 23:16:33.522,INF_R360
BG1104,ZZZ_SERVICE - Translational Development - BG1104(Do Not Use),SERVICE,Translational Development,BG11,Total_Pharma_Services,No,INF_BATCH,2024-07-05 08:48:47.548,INF_BATCH,2026-01-23 23:16:33.522,INF_R360
BG1105,SERVICE - Oncology GPTs - Other Heme - BG1105,SERVICE,Oncology GPTs - Other Heme,BG11,Total_Pharma_Services,Yes,INF_BATCH,2024-07-05 08:48:47.548,INF_BATCH,2026-01-23 23:16:33.522,INF_R360
BG1106,SERVICE - Amunix - Early Development - BG1106,SERVICE,Amunix - Early Development,BG11,Total_Pharma_Services,Yes,INF_BATCH,2024-07-05 08:48:47.548,INF_BATCH,2026-01-23 23:16:33.522,INF_R360
BG99,DEPARTMENT - Regeneron - Oncology Dev - BG99,DEPARTMENT,Regeneron - Oncology Dev,BG,Total_Pharma_Services,Yes,INF_BATCH,2024-07-05 08:48:47.548,INF_BATCH,2026-01-23 23:16:33.522,INF_R360
BG9900,SERVICE - Oncology REGN Dev - BG9900,SERVICE,Oncology REGN Dev,BG99,Total_Pharma_Services,Yes,INF_BATCH,2024-07-05 08:48:47.548,INF_BATCH,2026-01-23 23:16:33.522,INF_R360
BH,ZZZ_UNIT - Rare Diseases - BH(Do Not Use),UNIT,Rare Diseases,B,Total_Pharma_Services,No,INF_BATCH,2024-07-05 08:48:47.548,INF_BATCH,2026-01-23 23:16:33.522,INF_R360
BH10,ZZZ_DEPARTMENT - Rare disease Mgt & Mature projects - BH10(Do Not Use),DEPARTMENT,Rare disease Mgt & Mature projects,BH,Total_Pharma_Services,No,INF_BATCH,2024-07-05 08:48:47.548,INF_BATCH,2026-01-23 23:16:33.522,INF_R360
BH1000,ZZZ_SERVICE - Rare disease Management and Mature projects - BH1000(Do Not Use),SERVICE,Rare disease Management and Mature projects,BH10,Total_Pharma_Services,No,INF_BATCH,2024-07-05 08:48:47.548,INF_BATCH,2026-01-23 23:16:33.522,INF_R360
BH11,ZZZ_DEPARTMENT - Rare Disease GPTs - BH11(Do Not Use),DEPARTMENT,Rare Disease GPTs,BH,Total_Pharma_Services,No,INF_BATCH,2024-07-05 08:48:47.548,INF_BATCH,2026-01-23 23:16:33.522,INF_R360
BH1100,ZZZ_SERVICE - Rare Disease GPTs - BH1100(Do Not Use),SERVICE,Rare Disease GPTs,BH11,Total_Pharma_Services,No,INF_BATCH,2024-07-05 08:48:47.548,INF_BATCH,2026-01-23 23:16:33.522,INF_R360
BI,UNIT - Rare Blood Disorders - BI,UNIT,Rare Blood Disorders,B,Total_Pharma_Services,Yes,INF_BATCH,2024-07-05 08:48:47.548,INF_BATCH,2026-01-23 23:16:33.522,INF_R360
BI10,DEPARTMENT - Rare D & Rare Blood Disorders D - BI10,DEPARTMENT,Rare D & Rare Blood Disorders D,BI,Total_Pharma_Services,Yes,INF_BATCH,2024-07-05 08:48:47.548,INF_BATCH,2026-01-23 23:16:33.522,INF_R360
BI1000,SERVICE - Rare D & Rare Blood Disorders D - BI1000,SERVICE,Rare D & Rare Blood Disorders D,BI10,Total_Pharma_Services,Yes,INF_BATCH,2024-07-05 08:48:47.548,INF_BATCH,2026-01-23 23:16:33.522,INF_R360
BJ,UNIT - DCVM Development TA - BJ,UNIT,DCVM Development TA,B,Total_Pharma_Services,Yes,INF_BATCH,2024-07-05 08:48:47.548,INF_BATCH,2026-01-23 23:16:33.522,INF_R360
BJ10,DEPARTMENT - Cardiovascular Dev Unit - BJ10,DEPARTMENT,Cardiovascular Dev Unit,BJ,Total_Pharma_Services,Yes,INF_BATCH,2024-07-05 08:48:47.548,INF_BATCH,2026-01-23 23:16:33.522,INF_R360
BJ1000,SERVICE - Cardiovascular Dev Unit - BJ1000,SERVICE,Cardiovascular Dev Unit,BJ10,Total_Pharma_Services,Yes,INF_BATCH,2024-07-05 08:48:47.548,INF_BATCH,2026-01-23 23:16:33.522,INF_R360
BJ20,DEPARTMENT - Diabetes Management & early Development - BJ20,DEPARTMENT,Diabetes Management & early Development,BJ,Total_Pharma_Services,Yes,INF_BATCH,2024-07-05 08:48:47.548,INF_BATCH,2026-01-23 23:16:33.522,INF_R360
BJ2000,SERVICE - Diabetes Management and Early Development - BJ2000,SERVICE,Diabetes Management and Early Development,BJ20,Total_Pharma_Services,Yes,INF_BATCH,2024-07-05 08:48:47.548,INF_BATCH,2026-01-23 23:16:33.522,INF_R360
BJ21,DEPARTMENT - Diabetes GPTs - BJ21,DEPARTMENT,Diabetes GPTs,BJ,Total_Pharma_Services,Yes,INF_BATCH,2024-07-05 08:48:47.548,INF_BATCH,2026-01-23 23:16:33.522,INF_R360
BJ2101,SERVICE - GPT Lixi/Lixilan - BJ2101,SERVICE,GPT Lixi/Lixilan,BJ21,Total_Pharma_Services,Yes,INF_BATCH,2024-07-05 08:48:47.548,INF_BATCH,2026-01-23 23:16:33.522,INF_R360
BJ2102,SERVICE - GPTs Diabetes Late stage - BJ2102,SERVICE,GPTs Diabetes Late stage,BJ21,Total_Pharma_Services,Yes,INF_BATCH,2024-07-05 08:48:47.548,INF_BATCH,2026-01-23 23:16:33.522,INF_R360
BJ99,DEPARTMENT - Regeneron - Cardiovascular Dev - BJ99,DEPARTMENT,Regeneron - Cardiovascular Dev,BJ,Total_Pharma_Services,Yes,INF_BATCH,2024-07-05 08:48:47.548,INF_BATCH,2026-01-23 23:16:33.522,INF_R360
BJ9900,SERVICE - PCSK9 REGN Dev - BJ9900,SERVICE,PCSK9 REGN Dev,BJ99,Total_Pharma_Services,Yes,INF_BATCH,2024-07-05 08:48:47.548,INF_BATCH,2026-01-23 23:16:33.522,INF_R360
BK,UNIT - Translational Medicine Early Development - BK,UNIT,Translational Medicine Early Development,B,Total_Pharma_Services,Yes,INF_BATCH,2024-07-05 08:48:47.548,INF_BATCH,2026-01-23 23:16:33.522,INF_R360
BK10,DEPARTMENT - TMED Direction - BK10,DEPARTMENT,TMED Direction,BK,Total_Pharma_Services,Yes,INF_BATCH,2024-07-05 08:48:47.548,INF_BATCH,2026-01-23 23:16:33.522,INF_R360
BK1000,SERVICE - TMED Head and Expert Group - BK1000,SERVICE,TMED Head and Expert Group,BK10,Total_Pharma_Services,Yes,INF_BATCH,2024-07-05 08:48:47.548,INF_BATCH,2026-01-23 23:16:33.522,INF_R360
BK11,DEPARTMENT - TMED Project Operations - BK11,DEPARTMENT,TMED Project Operations,BK,Total_Pharma_Services,Yes,INF_BATCH,2024-07-05 08:48:47.548,INF_BATCH,2026-01-23 23:16:33.522,INF_R360
BK1101,SERVICE - TMED Project Operations - BK1101,SERVICE,TMED Project Operations,BK11,Total_Pharma_Services,Yes,INF_BATCH,2024-07-05 08:48:47.548,INF_BATCH,2026-01-23 23:16:33.522,INF_R360
BK12,DEPARTMENT - TMED Biomarkers and Clinical Bioanalysis - BK12,DEPARTMENT,TMED Biomarkers and Clinical Bioanalysis,BK,Total_Pharma_Services,Yes,INF_BATCH,2024-07-05 08:48:47.548,INF_BATCH,2026-01-23 23:16:33.522,INF_R360
BK1201,SERVICE - Biomarkers and Clinical Bioanalysis - BK1201,SERVICE,Biomarkers and Clinical Bioanalysis,BK12,Total_Pharma_Services,Yes,INF_BATCH,2024-07-05 08:48:47.548,INF_BATCH,2026-01-23 23:16:33.522,INF_R360
BK1202,SERVICE - BCB Clin Diagnostics Boston - BK1202,SERVICE,BCB Clin Diagnostics Boston,BK12,Total_Pharma_Services,Yes,INF_BATCH,2024-07-05 08:48:47.548,INF_BATCH,2026-01-23 23:16:33.522,INF_R360
BK13,DEPARTMENT - TMED Pharmacokinetics Dynamics & Metab - BK13,DEPARTMENT,TMED Pharmacokinetics Dynamics & Metab,BK,Total_Pharma_Services,Yes,INF_BATCH,2024-07-05 08:48:47.548,INF_BATCH,2026-01-23 23:16:33.522,INF_R360
BK1301,SERVICE - Pharmacokinetics Dynamics and Metabolism - BK1301,SERVICE,Pharmacokinetics Dynamics and Metabolism,BK13,Total_Pharma_Services,Yes,INF_BATCH,2024-07-05 08:48:47.548,INF_BATCH,2026-01-23 23:16:33.522,INF_R360
BK14,DEPARTMENT - TMED and Clinical Pharmacology - BK14,DEPARTMENT,TMED and Clinical Pharmacology,BK,Total_Pharma_Services,Yes,INF_BATCH,2024-07-05 08:48:47.548,INF_BATCH,2026-01-23 23:16:33.522,INF_R360
BK1401,SERVICE - Translational Med and Clin Pharm - BK1401,SERVICE,Translational Med and Clin Pharm,BK14,Total_Pharma_Services,Yes,INF_BATCH,2024-07-05 08:48:47.548,INF_BATCH,2026-01-23 23:16:33.522,INF_R360
BK15,DEPARTMENT - Modelling - BK15,DEPARTMENT,Modelling,BK,Total_Pharma_Services,Yes,INF_BATCH,2024-07-05 08:48:47.548,INF_BATCH,2026-01-23 23:16:33.522,INF_R360
BK1500,SERVICE - Disease Modeling - BK1500,SERVICE,Disease Modeling,BK15,Total_Pharma_Services,Yes,INF_BATCH,2024-07-05 08:48:47.548,INF_BATCH,2026-01-23 23:16:33.522,INF_R360
BK16,DEPARTMENT - TMED Precision Medicine - BK16,DEPARTMENT,TMED Precision Medicine,BK,Total_Pharma_Services,Yes,INF_BATCH,2024-07-05 08:48:47.548,INF_BATCH,2026-01-23 23:16:33.522,INF_R360
BK1601,SERVICE - Precision Medicine - BK1601,SERVICE,Precision Medicine,BK16,Total_Pharma_Services,Yes,INF_BATCH,2024-07-05 08:48:47.548,INF_BATCH,2026-01-23 23:16:33.522,INF_R360
BK17,DEPARTMENT - Amunix - TMED - BK17,DEPARTMENT,Amunix - TMED,BK,Total_Pharma_Services,Yes,INF_BATCH,2024-07-05 08:48:47.548,INF_BATCH,2026-01-23 23:16:33.522,INF_R360
BK1701,SERVICE - Amunix - TMED - BK1701,SERVICE,Amunix - TMED,BK17,Total_Pharma_Services,Yes,INF_BATCH,2024-07-05 08:48:47.548,INF_BATCH,2026-01-23 23:16:33.522,INF_R360
BK99,ZZZ_DEPARTMENT - Translational Medicine Early Development - BK99(Do Not Use),DEPARTMENT,Translational Medicine Early Development,BK,Total_Pharma_Services,No,INF_BATCH,2024-07-05 08:48:47.548,INF_BATCH,2026-01-23 23:16:33.522,INF_R360
BK9900,ZZZ_SERVICE - TMED DSAR REGN Dev - BK9900(Do Not Use),SERVICE,TMED DSAR REGN Dev,BK99,Total_Pharma_Services,No,INF_BATCH,2024-07-05 08:48:47.548,INF_BATCH,2026-01-23 23:16:33.522,INF_R360
BL,UNIT - Japan - BL,UNIT,Japan,B,Total_Pharma_Services,Yes,INF_BATCH,2024-07-05 08:48:47.548,INF_BATCH,2026-01-23 23:16:33.522,INF_R360
BL11,DEPARTMENT - Japan Development Projects - BL11,DEPARTMENT,Japan Development Projects,BL,Total_Pharma_Services,Yes,INF_BATCH,2024-07-05 08:48:47.548,INF_BATCH,2026-01-23 23:16:33.522,INF_R360
BL1100,SERVICE - Japan Development Projects - BL1100,SERVICE,Japan Development Projects,BL11,Total_Pharma_Services,Yes,INF_BATCH,2024-07-05 08:48:47.548,INF_BATCH,2026-01-23 23:16:33.522,INF_R360
BN,UNIT - Pharmacovigilance - BN,UNIT,Pharmacovigilance,B,Total_Pharma_Services,Yes,INF_BATCH,2024-07-05 08:48:47.548,INF_BATCH,2026-01-23 23:16:33.522,INF_R360
BN10,DEPARTMENT - PV Global - BN10,DEPARTMENT,PV Global,BN,Total_Pharma_Services,Yes,INF_BATCH,2024-07-05 08:48:47.548,INF_BATCH,2026-01-23 23:16:33.522,INF_R360
BN1001,SERVICE - General Medecine PV - BN1001,SERVICE,General Medecine PV,BN10,Total_Pharma_Services,Yes,INF_BATCH,2024-07-05 08:48:47.548,INF_BATCH,2026-01-23 23:16:33.522,INF_R360
BN1002,SERVICE - Speciality Care PV - BN1002,SERVICE,Speciality Care PV,BN10,Total_Pharma_Services,Yes,INF_BATCH,2024-07-05 08:48:47.548,INF_BATCH,2026-01-23 23:16:33.522,INF_R360
BN1003,SERVICE - Pasteur PV - BN1003,SERVICE,Pasteur PV,BN10,Total_Pharma_Services,Yes,INF_BATCH,2024-07-05 08:48:47.548,INF_BATCH,2026-01-23 23:16:33.522,INF_R360
BN1004,SERVICE - CHC PV - BN1004,SERVICE,CHC PV,BN10,Total_Pharma_Services,Yes,INF_BATCH,2024-07-05 08:48:47.548,INF_BATCH,2026-01-23 23:16:33.522,INF_R360
BN1005,SERVICE - Global PV Ops - BN1005,SERVICE,Global PV Ops,BN10,Total_Pharma_Services,Yes,INF_BATCH,2024-07-05 08:48:47.548,INF_BATCH,2026-01-23 23:16:33.522,INF_R360
BN1006,SERVICE - Global Safety Science - BN1006,SERVICE,Global Safety Science,BN10,Total_Pharma_Services,Yes,INF_BATCH,2024-07-05 08:48:47.548,INF_BATCH,2026-01-23 23:16:33.522,INF_R360
BN1007,SERVICE - GPV Group Transformation - BN1007,SERVICE,GPV Group Transformation,BN10,Total_Pharma_Services,Yes,INF_BATCH,2024-07-05 08:48:47.548,INF_BATCH,2026-01-23 23:16:33.522,INF_R360
BN1008,ZZZ_SERVICE - Benefit Risk Governance - BN1008(Do Not Use),SERVICE,Benefit Risk Governance,BN10,Total_Pharma_Services,No,INF_BATCH,2024-07-05 08:48:47.548,INF_BATCH,2026-01-23 23:16:33.522,INF_R360
BN1009,SERVICE - PV Management Office - BN1009,SERVICE,PV Management Office,BN10,Total_Pharma_Services,Yes,INF_BATCH,2024-07-05 08:48:47.548,INF_BATCH,2026-01-23 23:16:33.522,INF_R360
BN1010,SERVICE - QPPV & Regions - BN1010,SERVICE,QPPV & Regions,BN10,Total_Pharma_Services,Yes,INF_BATCH,2024-07-05 08:48:47.548,INF_BATCH,2026-01-23 23:16:33.522,INF_R360
BN11,DEPARTMENT - PV Local - BN11,DEPARTMENT,PV Local,BN,Total_Pharma_Services,Yes,INF_BATCH,2024-07-05 08:48:47.548,INF_BATCH,2026-01-23 23:16:33.522,INF_R360
BN1101,SERVICE - Regions Governance Head - BN1101,SERVICE,Regions Governance Head,BN11,Total_Pharma_Services,Yes,INF_BATCH,2024-07-05 08:48:47.548,INF_BATCH,2026-01-23 23:16:33.522,INF_R360
BN1102,SERVICE - Local PV Americas - BN1102,SERVICE,Local PV Americas,BN11,Total_Pharma_Services,Yes,INF_BATCH,2024-07-05 08:48:47.548,INF_BATCH,2026-01-23 23:16:33.522,INF_R360
BN1103,SERVICE - Local PV Europe - BN1103,SERVICE,Local PV Europe,BN11,Total_Pharma_Services,Yes,INF_BATCH,2024-07-05 08:48:47.548,INF_BATCH,2026-01-23 23:16:33.522,INF_R360
BN1104,SERVICE - Local PV Asia - BN1104,SERVICE,Local PV Asia,BN11,Total_Pharma_Services,Yes,INF_BATCH,2024-07-05 08:48:47.548,INF_BATCH,2026-01-23 23:16:33.522,INF_R360
BN1105,SERVICE - Local PV Jpac - BN1105,SERVICE,Local PV Jpac,BN11,Total_Pharma_Services,Yes,INF_BATCH,2024-07-05 08:48:47.548,INF_BATCH,2026-01-23 23:16:33.522,INF_R360
BN1106,SERVICE - Local PV AMEE - BN1106,SERVICE,Local PV AMEE,BN11,Total_Pharma_Services,Yes,INF_BATCH,2024-07-05 08:48:47.548,INF_BATCH,2026-01-23 23:16:33.522,INF_R360
BN12,DEPARTMENT - Epidemiology - BN12,DEPARTMENT,Epidemiology,BN,Total_Pharma_Services,Yes,INF_BATCH,2024-07-05 08:48:47.548,INF_BATCH,2026-01-23 23:16:33.522,INF_R360
B46702,ZZZ_SERVICE - Pharmacology - B46702(Do Not Use),SERVICE,Pharmacology,A4670,Zzz-Archives,No,INF_BATCH,2024-07-05 08:48:47.548,INF_BATCH,2026-01-23 23:16:33.522,INF_R360
B46800,ZZZ_SERVICE - ABT Direction - B46800(Do Not Use),SERVICE,ABT Direction,A4680,Zzz-Archives,No,INF_BATCH,2024-07-05 08:48:47.548,INF_BATCH,2026-01-23 23:16:33.522,INF_R360
B46830,ZZZ_SERVICE - ABT France - B46830(Do Not Use),SERVICE,ABT France,A4680,Zzz-Archives,No,INF_BATCH,2024-07-05 08:48:47.548,INF_BATCH,2026-01-23 23:16:33.522,INF_R360
B46850,ZZZ_SERVICE - Bio Informatics - B46850(Do Not Use),SERVICE,Bio Informatics,A4680,Zzz-Archives,No,INF_BATCH,2024-07-05 08:48:47.548,INF_BATCH,2026-01-23 23:16:33.522,INF_R360
B47100,ZZZ_SERVICE - REGENERON - B47100(Do Not Use),SERVICE,REGENERON,A4710,Zzz-Archives,No,INF_BATCH,2024-07-05 08:48:47.548,INF_BATCH,2026-01-23 23:16:33.522,INF_R360
B4810,ZZZ_SERVICE - Late Stage Development - B4810(Do Not Use),SERVICE,Late Stage Development,ZZZ-ARCHIVES,Zzz-Archives,No,INF_BATCH,2024-07-05 08:48:47.548,INF_BATCH,2026-01-23 23:16:33.522,INF_R360
B48100,ZZZ_SERVICE - Imaging Services - B48100(Do Not Use),SERVICE,Imaging Services,A4810,Zzz-Archives,No,INF_BATCH,2024-07-05 08:48:47.548,INF_BATCH,2026-01-23 23:16:33.522,INF_R360
B48101,ZZZ_SERVICE - Gene Therapy - B48101(Do Not Use),SERVICE,Gene Therapy,A4810,Zzz-Archives,No,INF_BATCH,2024-07-05 08:48:47.548,INF_BATCH,2026-01-23 23:16:33.522,INF_R360
B48102,ZZZ_SERVICE - Genetics/Genomics - B48102(Do Not Use),SERVICE,Genetics/Genomics,A4810,Zzz-Archives,No,INF_BATCH,2024-07-05 08:48:47.548,INF_BATCH,2026-01-23 23:16:33.522,INF_R360
B48103,ZZZ_SERVICE - MS IMD Research - B48103(Do Not Use),SERVICE,MS IMD Research,A4810,Zzz-Archives,No,INF_BATCH,2024-07-05 08:48:47.548,INF_BATCH,2026-01-23 23:16:33.522,INF_R360
B48104,ZZZ_SERVICE - Rare Disease Research - B48104(Do Not Use),SERVICE,Rare Disease Research,A4810,Zzz-Archives,No,INF_BATCH,2024-07-05 08:48:47.548,INF_BATCH,2026-01-23 23:16:33.522,INF_R360
B48105,ZZZ_SERVICE - Program Management - B48105(Do Not Use),SERVICE,Program Management,A4810,Zzz-Archives,No,INF_BATCH,2024-07-05 08:48:47.548,INF_BATCH,2026-01-23 23:16:33.522,INF_R360
B48106,ZZZ_SERVICE - Translational Medicine - B48106(Do Not Use),SERVICE,Translational Medicine,A4810,Zzz-Archives,No,INF_BATCH,2024-07-05 08:48:47.548,INF_BATCH,2026-01-23 23:16:33.522,INF_R360
CJ1004,ZZZ_SERVICE - Gene Therapy & Biologics Pharmacology - CJ1004(Do Not Use),SERVICE,Gene Therapy & Biologics Pharmacology,CJ10,Total_Pharma_Services,No,INF_BATCH,2024-07-05 08:48:47.548,INF_BATCH,2026-01-23 23:16:33.522,INF_R360
CJ1005,ZZZ_SERVICE - Biologics Pharmacology and pharmacokinetics - CJ1005(Do Not Use),SERVICE,Biologics Pharmacology and pharmacokinetics,CJ10,Total_Pharma_Services,No,INF_BATCH,2024-07-05 08:48:47.548,INF_BATCH,2026-01-23 23:16:33.522,INF_R360
CJ1006,SERVICE - Hemophilia and Next Gen Biologics - CJ1006,SERVICE,Hemophilia and Next Gen Biologics,CJ10,Total_Pharma_Services,Yes,INF_BATCH,2024-07-05 08:48:47.548,INF_BATCH,2026-01-23 23:16:33.522,INF_R360
CK,UNIT - Research Excellence & Execution - CK,UNIT,Research Excellence & Execution,C,Total_Pharma_Services,Yes,INF_BATCH,2024-07-05 08:48:47.548,INF_BATCH,2026-01-23 23:16:33.522,INF_R360
CK10,DEPARTMENT - Research Excellence & Execution - CK10,DEPARTMENT,Research Excellence & Execution,CK,Total_Pharma_Services,Yes,INF_BATCH,2024-07-05 08:48:47.548,INF_BATCH,2026-01-23 23:16:33.522,INF_R360
CK1000,SERVICE - Research Excellence & Execution - CK1000,SERVICE,Research Excellence & Execution,CK10,Total_Pharma_Services,Yes,INF_BATCH,2024-07-05 08:48:47.548,INF_BATCH,2026-01-23 23:16:33.522,INF_R360
CK1001,SERVICE - Medical Intelligence & Patient Perspective - CK1001,SERVICE,Medical Intelligence & Patient Perspective,CK10,Total_Pharma_Services,Yes,INF_BATCH,2024-07-05 08:48:47.548,INF_BATCH,2026-01-23 23:16:33.522,INF_R360
CK1002,SERVICE - Global Research Project Management - CK1002,SERVICE,Global Research Project Management,CK10,Total_Pharma_Services,Yes,INF_BATCH,2024-07-05 08:48:47.548,INF_BATCH,2026-01-23 23:16:33.522,INF_R360
CK99,ZZZ_DEPARTMENT - Regeneron - Research office R - CK99(Do Not Use),DEPARTMENT,Regeneron - Research office R,CK,Total_Pharma_Services,No,INF_BATCH,2024-07-05 08:48:47.548,INF_BATCH,2026-01-23 23:16:33.522,INF_R360
CK9900,ZZZ_SERVICE - Research office Antibody REGN Research - CK9900(Do Not Use),SERVICE,Research office Antibody REGN Research,CK99,Total_Pharma_Services,No,INF_BATCH,2024-07-05 08:48:47.548,INF_BATCH,2026-01-23 23:16:33.522,INF_R360
CL,UNIT - Research Platform - CL,UNIT,Research Platform,C,Total_Pharma_Services,Yes,INF_BATCH,2024-07-05 08:48:47.548,INF_BATCH,2026-01-23 23:16:33.522,INF_R360
CL10,DEPARTMENT - Large Molecules Research Platform - CL10,DEPARTMENT,Large Molecules Research Platform,CL,Total_Pharma_Services,Yes,INF_BATCH,2024-07-05 08:48:47.548,INF_BATCH,2026-01-23 23:16:33.522,INF_R360
CL1000,SERVICE - Antibody Platform - CL1000,SERVICE,Antibody Platform,CL10,Total_Pharma_Services,Yes,INF_BATCH,2024-07-05 08:48:47.548,INF_BATCH,2026-01-23 23:16:33.522,INF_R360
CL1001,ZZZ_SERVICE - Biologics Research Technology Leads - CL1001(Do Not Use),SERVICE,Biologics Research Technology Leads,CL10,Total_Pharma_Services,No,INF_BATCH,2024-07-05 08:48:47.548,INF_BATCH,2026-01-23 23:16:33.522,INF_R360
CL1002,SERVICE - Biologics Research France - CL1002,SERVICE,Biologics Research France,CL10,Total_Pharma_Services,Yes,INF_BATCH,2024-07-05 08:48:47.548,INF_BATCH,2026-01-23 23:16:33.522,INF_R360
CL1003,ZZZ_SERVICE - Biologics Research Protein Therapeutics Germany - CL1003(Do Not Use),SERVICE,Biologics Research Protein Therapeutics Germany,CL10,Total_Pharma_Services,No,INF_BATCH,2024-07-05 08:48:47.548,INF_BATCH,2026-01-23 23:16:33.522,INF_R360
CL1004,ZZZ_SERVICE - Biologics Research Nucleic Acid Therapeutics Germany - CL1004(Do Not Use),SERVICE,Biologics Research Nucleic Acid Therapeutics Germany,CL10,Total_Pharma_Services,No,INF_BATCH,2024-07-05 08:48:47.548,INF_BATCH,2026-01-23 23:16:33.522,INF_R360
CL1005,ZZZ_SERVICE - Biologics Research USA - CL1005(Do Not Use),SERVICE,Biologics Research USA,CL10,Total_Pharma_Services,No,INF_BATCH,2024-07-05 08:48:47.548,INF_BATCH,2026-01-23 23:16:33.522,INF_R360
CL11,DEPARTMENT - Disco drug metabolism pharmacokinetics - CL11,DEPARTMENT,Disco drug metabolism pharmacokinetics,CL,Total_Pharma_Services,Yes,INF_BATCH,2024-07-05 08:48:47.548,INF_BATCH,2026-01-23 23:16:33.522,INF_R360
CL1100,SERVICE - DMPK - CL1100,SERVICE,DMPK,CL11,Total_Pharma_Services,Yes,INF_BATCH,2024-07-05 08:48:47.548,INF_BATCH,2026-01-23 23:16:33.522,INF_R360
CL12,DEPARTMENT - Integrated drug discovery unit - CL12,DEPARTMENT,Integrated drug discovery unit,CL,Total_Pharma_Services,Yes,INF_BATCH,2024-07-05 08:48:47.548,INF_BATCH,2026-01-23 23:16:33.522,INF_R360
CL1200,SERVICE - IDD direction - CL1200,SERVICE,IDD direction,CL12,Total_Pharma_Services,Yes,INF_BATCH,2024-07-05 08:48:47.548,INF_BATCH,2026-01-23 23:16:33.522,INF_R360
CL1201,SERVICE - Medicinal Chemistry - CL1201,SERVICE,Medicinal Chemistry,CL12,Total_Pharma_Services,Yes,INF_BATCH,2024-07-05 08:48:47.548,INF_BATCH,2026-01-23 23:16:33.522,INF_R360
CL1202,SERVICE - Other Chemical Modalities - CL1202,SERVICE,Other Chemical Modalities,CL12,Total_Pharma_Services,Yes,INF_BATCH,2024-07-05 08:48:47.548,INF_BATCH,2026-01-23 23:16:33.522,INF_R360
CL1203,SERVICE - In Vitro Biology Pharmacology - CL1203,SERVICE,In Vitro Biology Pharmacology,CL12,Total_Pharma_Services,Yes,INF_BATCH,2024-07-05 08:48:47.548,INF_BATCH,2026-01-23 23:16:33.522,INF_R360
CL1204,SERVICE - Structural Design & Informatics - CL1204,SERVICE,Structural Design & Informatics,CL12,Total_Pharma_Services,Yes,INF_BATCH,2024-07-05 08:48:47.548,INF_BATCH,2026-01-23 23:16:33.522,INF_R360
CL1205,SERVICE - Isotope Chemistry - CL1205,SERVICE,Isotope Chemistry,CL12,Total_Pharma_Services,Yes,INF_BATCH,2024-07-05 08:48:47.548,INF_BATCH,2026-01-23 23:16:33.522,INF_R360
CL1206,SERVICE - Structural Biology & Biophysics - CL1206,SERVICE,Structural Biology & Biophysics,CL12,Total_Pharma_Services,Yes,INF_BATCH,2024-07-05 08:48:47.548,INF_BATCH,2026-01-23 23:16:33.522,INF_R360
CL1207,SERVICE - Sample Management - CL1207,SERVICE,Sample Management,CL12,Total_Pharma_Services,Yes,INF_BATCH,2024-07-05 08:48:47.548,INF_BATCH,2026-01-23 23:16:33.522,INF_R360
CL13,ZZZ_DEPARTMENT - Pre-clinical Safety - CL13(Do Not Use),DEPARTMENT,Pre-clinical Safety,CL,Total_Pharma_Services,No,INF_BATCH,2024-07-05 08:48:47.548,INF_BATCH,2026-01-23 23:16:33.522,INF_R360
CL1300,ZZZ_SERVICE - PS Global development Projects - CL1300(Do Not Use),SERVICE,PS Global development Projects,CL13,Total_Pharma_Services,No,INF_BATCH,2024-07-05 08:48:47.548,INF_BATCH,2026-01-23 23:16:33.522,INF_R360
CL1301,ZZZ_SERVICE - PS Research Projects - CL1301(Do Not Use),SERVICE,PS Research Projects,CL13,Total_Pharma_Services,No,INF_BATCH,2024-07-05 08:48:47.548,INF_BATCH,2026-01-23 23:16:33.522,INF_R360
CL14,DEPARTMENT - Global Preclinical Safety - CL14,DEPARTMENT,Global Preclinical Safety,CL,Total_Pharma_Services,Yes,INF_BATCH,2024-07-05 08:48:47.548,INF_BATCH,2026-01-23 23:16:33.522,INF_R360
CL1400,SERVICE - Admin & Management - CL1400,SERVICE,Admin & Management,CL14,Total_Pharma_Services,Yes,INF_BATCH,2024-07-05 08:48:47.548,INF_BATCH,2026-01-23 23:16:33.522,INF_R360
CL1401,SERVICE - Toxicology - CL1401,SERVICE,Toxicology,CL14,Total_Pharma_Services,Yes,INF_BATCH,2024-07-05 08:48:47.548,INF_BATCH,2026-01-23 23:16:33.522,INF_R360
CL1402,ZZZ_SERVICE - Safety Pharmacology - CL1402(Do Not Use),SERVICE,Safety Pharmacology,CL14,Total_Pharma_Services,No,INF_BATCH,2024-07-05 08:48:47.548,INF_BATCH,2026-01-23 23:16:33.522,INF_R360
CL1403,SERVICE - Investigative Toxicology - CL1403,SERVICE,Investigative Toxicology,CL14,Total_Pharma_Services,Yes,INF_BATCH,2024-07-05 08:48:47.548,INF_BATCH,2026-01-23 23:16:33.522,INF_R360
CL1404,SERVICE - Genetic & In Silico Toxicology - CL1404,SERVICE,Genetic & In Silico Toxicology,CL14,Total_Pharma_Services,Yes,INF_BATCH,2024-07-05 08:48:47.548,INF_BATCH,2026-01-23 23:16:33.522,INF_R360
CL1405,ZZZ_SERVICE - Pathology - CL1405(Do Not Use),SERVICE,Pathology,CL14,Total_Pharma_Services,No,INF_BATCH,2024-07-05 08:48:47.548,INF_BATCH,2026-01-23 23:16:33.522,INF_R360
CL1406,SERVICE - PCS Projects - CL1406,SERVICE,PCS Projects,CL14,Total_Pharma_Services,Yes,INF_BATCH,2024-07-05 08:48:47.548,INF_BATCH,2026-01-23 23:16:33.522,INF_R360
CL1407,ZZZ_SERVICE - PS Research Projects - CL1407(Do Not Use),SERVICE,PS Research Projects,CL14,Total_Pharma_Services,No,INF_BATCH,2024-07-05 08:48:47.548,INF_BATCH,2026-01-23 23:16:33.522,INF_R360
CL1408,SERVICE - Amunix - Preclinical Safety - CL1408,SERVICE,Amunix - Preclinical Safety,CL14,Total_Pharma_Services,Yes,INF_BATCH,2024-07-05 08:48:47.548,INF_BATCH,2026-01-23 23:16:33.522,INF_R360
CL15,DEPARTMENT - Research Platform Direction - CL15,DEPARTMENT,Research Platform Direction,CL,Total_Pharma_Services,Yes,INF_BATCH,2024-07-05 08:48:47.548,INF_BATCH,2026-01-23 23:16:33.522,INF_R360
CL1500,SERVICE - Research Platform Direction - CL1500,SERVICE,Research Platform Direction,CL15,Total_Pharma_Services,Yes,INF_BATCH,2024-07-05 08:48:47.548,INF_BATCH,2026-01-23 23:16:33.522,INF_R360
CL16,DEPARTMENT - Translational Models - CL16,DEPARTMENT,Translational Models,CL,Total_Pharma_Services,Yes,INF_BATCH,2024-07-05 08:48:47.548,INF_BATCH,2026-01-23 23:16:33.522,INF_R360
CL1600,SERVICE - Global Compliance and Policy - CL1600,SERVICE,Global Compliance and Policy,CL16,Total_Pharma_Services,Yes,INF_BATCH,2024-07-05 08:48:47.548,INF_BATCH,2026-01-23 23:16:33.522,INF_R360
CL1601,ZZZ_SERVICE - Discovery Pathologist Group - CL1601(Do Not Use),SERVICE,Discovery Pathologist Group,CL16,Total_Pharma_Services,No,INF_BATCH,2024-07-05 08:48:47.548,INF_BATCH,2026-01-23 23:16:33.522,INF_R360
CL1602,SERVICE - Bio-Imaging - CL1602,SERVICE,Bio-Imaging,CL16,Total_Pharma_Services,Yes,INF_BATCH,2024-07-05 08:48:47.548,INF_BATCH,2026-01-23 23:16:33.522,INF_R360
CL1603,SERVICE - Genetic Engineering & Phenotyping Genotyping - CL1603,SERVICE,Genetic Engineering & Phenotyping Genotyping,CL16,Total_Pharma_Services,Yes,INF_BATCH,2024-07-05 08:48:47.548,INF_BATCH,2026-01-23 23:16:33.522,INF_R360
CL1604,SERVICE - Discovery Pathologists - CL1604,SERVICE,Discovery Pathologists,CL16,Total_Pharma_Services,Yes,INF_BATCH,2024-07-05 08:48:47.548,INF_BATCH,2026-01-23 23:16:33.522,INF_R360
CL1605,ZZZ_SERVICE - Translational Model Scientists - CL1605(Do Not Use),SERVICE,Translational Model Scientists,CL16,Total_Pharma_Services,No,INF_BATCH,2024-07-05 08:48:47.548,INF_BATCH,2026-01-23 23:16:33.522,INF_R360
CL1606,SERVICE - Vivo Research Center - CL1606,SERVICE,Vivo Research Center,CL16,Total_Pharma_Services,Yes,INF_BATCH,2024-07-05 08:48:47.548,INF_BATCH,2026-01-23 23:16:33.522,INF_R360
CL17,DEPARTMENT - Translational Sciences - CL17,DEPARTMENT,Translational Sciences,CL,Total_Pharma_Services,Yes,INF_BATCH,2024-07-05 08:48:47.548,INF_BATCH,2026-01-23 23:16:33.522,INF_R360
CL1700,SERVICE - Translational Sciences - CL1700,SERVICE,Translational Sciences,CL17,Total_Pharma_Services,Yes,INF_BATCH,2024-07-05 08:48:47.548,INF_BATCH,2026-01-23 23:16:33.522,INF_R360
CL18,DEPARTMENT - Ablynx Nanobodies Platform - CL18,DEPARTMENT,Ablynx Nanobodies Platform,CL,Total_Pharma_Services,Yes,INF_BATCH,2024-07-05 08:48:47.548,INF_BATCH,2026-01-23 23:16:33.522,INF_R360
CL1800,SERVICE - Nanobodies Platform Direction - CL1800,SERVICE,Nanobodies Platform Direction,CL18,Total_Pharma_Services,Yes,INF_BATCH,2024-07-05 08:48:47.548,INF_BATCH,2026-01-23 23:16:33.522,INF_R360
CL1801,SERVICE - Nano Discovery - CL1801,SERVICE,Nano Discovery,CL18,Total_Pharma_Services,Yes,INF_BATCH,2024-07-05 08:48:47.548,INF_BATCH,2026-01-23 23:16:33.522,INF_R360
CL1802,SERVICE - Nano CMC Research - CL1802,SERVICE,Nano CMC Research,CL18,Total_Pharma_Services,Yes,INF_BATCH,2024-07-05 08:48:47.548,INF_BATCH,2026-01-23 23:16:33.522,INF_R360
CL1803,SERVICE - Nano Pharmacology - CL1803,SERVICE,Nano Pharmacology,CL18,Total_Pharma_Services,Yes,INF_BATCH,2024-07-05 08:48:47.548,INF_BATCH,2026-01-23 23:16:33.522,INF_R360
CL1804,ZZZ_SERVICE - Nano Pharma GLP - CL1804(Do Not Use),SERVICE,Nano Pharma GLP,CL18,Total_Pharma_Services,No,INF_BATCH,2024-07-05 08:48:47.548,INF_BATCH,2026-01-23 23:16:33.522,INF_R360
CL1805,SERVICE - Nano Project managers - CL1805,SERVICE,Nano Project managers,CL18,Total_Pharma_Services,Yes,INF_BATCH,2024-07-05 08:48:47.548,INF_BATCH,2026-01-23 23:16:33.522,INF_R360
CL1806,SERVICE - Nano RD Management - CL1806,SERVICE,Nano RD Management,CL18,Total_Pharma_Services,Yes,INF_BATCH,2024-07-05 08:48:47.548,INF_BATCH,2026-01-23 23:16:33.522,INF_R360
CL19,DEPARTMENT - Synthorin Research Platform - CL19,DEPARTMENT,Synthorin Research Platform,CL,Total_Pharma_Services,Yes,INF_BATCH,2024-07-05 08:48:47.548,INF_BATCH,2026-01-23 23:16:33.522,INF_R360
CL1900,SERVICE - Synthorin Platform Direction - CL1900,SERVICE,Synthorin Platform Direction,CL19,Total_Pharma_Services,Yes,INF_BATCH,2024-07-05 08:48:47.548,INF_BATCH,2026-01-23 23:16:33.522,INF_R360
CL1901,SERVICE - Synthorin early lead discovery - CL1901,SERVICE,Synthorin early lead discovery,CL19,Total_Pharma_Services,Yes,INF_BATCH,2024-07-05 08:48:47.548,INF_BATCH,2026-01-23 23:16:33.522,INF_R360
CL1902,SERVICE - Synthorin early CMC - CL1902,SERVICE,Synthorin early CMC,CL19,Total_Pharma_Services,Yes,INF_BATCH,2024-07-05 08:48:47.548,INF_BATCH,2026-01-23 23:16:33.522,INF_R360
CL1903,SERVICE - Synthorin Platform Technologies - CL1903,SERVICE,Synthorin Platform Technologies,CL19,Total_Pharma_Services,Yes,INF_BATCH,2024-07-05 08:48:47.548,INF_BATCH,2026-01-23 23:16:33.522,INF_R360
CL20,DEPARTMENT - Amunix Research Platform - CL20,DEPARTMENT,Amunix Research Platform,CL,Total_Pharma_Services,Yes,INF_BATCH,2024-07-05 08:48:47.548,INF_BATCH,2026-01-23 23:16:33.522,INF_R360
CL2000,SERVICE - Amunix - Research Platform - CL2000,SERVICE,Amunix - Research Platform,CL20,Total_Pharma_Services,Yes,INF_BATCH,2024-07-05 08:48:47.548,INF_BATCH,2026-01-23 23:16:33.522,INF_R360
CL2001,SERVICE - Amunix - CMC Research - CL2001,SERVICE,Amunix - CMC Research,CL20,Total_Pharma_Services,Yes,INF_BATCH,2024-07-05 08:48:47.548,INF_BATCH,2026-01-23 23:16:33.522,INF_R360
CM,UNIT - Research Intrepid - CM,UNIT,Research Intrepid,C,Total_Pharma_Services,Yes,INF_BATCH,2024-07-05 08:48:47.548,INF_BATCH,2026-01-23 23:16:33.522,INF_R360
CM10,DEPARTMENT - Research Intrepid - CM10,DEPARTMENT,Research Intrepid,CM,Total_Pharma_Services,Yes,INF_BATCH,2024-07-05 08:48:47.548,INF_BATCH,2026-01-23 23:16:33.522,INF_R360
CM1000,SERVICE - SIBR - CM1000,SERVICE,SIBR,CM10,Total_Pharma_Services,Yes,INF_BATCH,2024-07-05 08:48:47.548,INF_BATCH,2026-01-23 23:16:33.522,INF_R360
CN,ZZZ_UNIT - Rare Blood Disorders R - CN(Do Not Use),UNIT,Rare Blood Disorders R,C,Total_Pharma_Services,No,INF_BATCH,2024-07-05 08:48:47.548,INF_BATCH,2026-01-23 23:16:33.522,INF_R360
CN10,ZZZ_DEPARTMENT - Rare Blood Disorders R - CN10(Do Not Use),DEPARTMENT,Rare Blood Disorders R,CN,Total_Pharma_Services,No,INF_BATCH,2024-07-05 08:48:47.548,INF_BATCH,2026-01-23 23:16:33.522,INF_R360
CN1000,ZZZ_SERVICE - Rare Blood Disorders R - CN1000(Do Not Use),SERVICE,Rare Blood Disorders R,CN10,Total_Pharma_Services,No,INF_BATCH,2024-07-05 08:48:47.548,INF_BATCH,2026-01-23 23:16:33.522,INF_R360
CN20,ZZZ_DEPARTMENT - BIVV Rare Blood Disorder R - CN20(Do Not Use),DEPARTMENT,BIVV Rare Blood Disorder R,CN,Total_Pharma_Services,No,INF_BATCH,2024-07-05 08:48:47.548,INF_BATCH,2026-01-23 23:16:33.522,INF_R360
CN2000,ZZZ_SERVICE - BIVV Rare Blood Disorder Mgt - CN2000(Do Not Use),SERVICE,BIVV Rare Blood Disorder Mgt,CN20,Total_Pharma_Services,No,INF_BATCH,2024-07-05 08:48:47.548,INF_BATCH,2026-01-23 23:16:33.522,INF_R360
CN2001,ZZZ_SERVICE - Hemophillia and Bleeding Disorders - CN2001(Do Not Use),SERVICE,Hemophillia and Bleeding Disorders,CN20,Total_Pharma_Services,No,INF_BATCH,2024-07-05 08:48:47.548,INF_BATCH,2026-01-23 23:16:33.522,INF_R360
CN2002,ZZZ_SERVICE - Hemoglobinopathies - CN2002(Do Not Use),SERVICE,Hemoglobinopathies,CN20,Total_Pharma_Services,No,INF_BATCH,2024-07-05 08:48:47.548,INF_BATCH,2026-01-23 23:16:33.522,INF_R360
CN2003,ZZZ_SERVICE - Complement Translational Research - CN2003(Do Not Use),SERVICE,Complement Translational Research,CN20,Total_Pharma_Services,No,INF_BATCH,2024-07-05 08:48:47.548,INF_BATCH,2026-01-23 23:16:33.522,INF_R360
CN2004,ZZZ_SERVICE - In Vivo Gene Therapy - CN2004(Do Not Use),SERVICE,In Vivo Gene Therapy,CN20,Total_Pharma_Services,No,INF_BATCH,2024-07-05 08:48:47.548,INF_BATCH,2026-01-23 23:16:33.522,INF_R360
CO,SERVICE - Genomic Medicine Unit R - CO,SERVICE,Genomic Medicine Unit R,C,Total_Pharma_Services,Yes,INF_BATCH,2024-07-05 08:48:47.548,INF_BATCH,2026-01-23 23:16:33.522,INF_R360
CO10,DEPARTMENT - Genomic Medicine Unit - CO10,DEPARTMENT,Genomic Medicine Unit,CL,Total_Pharma_Services,Yes,INF_BATCH,2024-07-05 08:48:47.548,INF_BATCH,2026-01-23 23:16:33.522,INF_R360
CO1000,SERVICE - Direction & Management Office - CO1000,SERVICE,Direction & Management Office,CO10,Total_Pharma_Services,Yes,INF_BATCH,2024-07-05 08:48:47.548,INF_BATCH,2026-01-23 23:16:33.522,INF_R360
CO1001,SERVICE - Non-viral gene therapy - CO1001,SERVICE,Non-viral gene therapy,CO10,Total_Pharma_Services,Yes,INF_BATCH,2024-07-05 08:48:47.548,INF_BATCH,2026-01-23 23:16:33.522,INF_R360
CO1002,SERVICE - AAV Gene therapy - CO1002,SERVICE,AAV Gene therapy,CO10,Total_Pharma_Services,Yes,INF_BATCH,2024-07-05 08:48:47.548,INF_BATCH,2026-01-23 23:16:33.522,INF_R360
CO1003,SERVICE - Cell therapy - CO1003,SERVICE,Cell therapy,CO10,Total_Pharma_Services,Yes,INF_BATCH,2024-07-05 08:48:47.548,INF_BATCH,2026-01-23 23:16:33.522,INF_R360
CO1004,SERVICE - mRNA COE Pharma taskforce - CO1004,SERVICE,mRNA COE Pharma taskforce,CO10,Total_Pharma_Services,Yes,INF_BATCH,2024-07-05 08:48:47.548,INF_BATCH,2026-01-23 23:16:33.522,INF_R360
CP,UNIT - Sanofi Institute for Biomedical Research (SIBR) - CP,UNIT,Sanofi Institute for Biomedical Research (SIBR),C,Total_Pharma_Services,Yes,INF_BATCH,2024-07-05 08:48:47.548,INF_BATCH,2026-01-23 23:16:33.522,INF_R360
CP10,DEPARTMENT - Sanofi Institute for Biomedical Research (SIBR) - CP10,DEPARTMENT,Sanofi Institute for Biomedical Research (SIBR),CP,Total_Pharma_Services,Yes,INF_BATCH,2024-07-05 08:48:47.548,INF_BATCH,2026-01-23 23:16:33.522,INF_R360
CP1000,SERVICE - Sanofi Institute for Biomedical Research (SIBR) - CP1000,SERVICE,Sanofi Institute for Biomedical Research (SIBR),CP10,Total_Pharma_Services,Yes,INF_BATCH,2024-07-05 08:48:47.548,INF_BATCH,2026-01-23 23:16:33.522,INF_R360
CZ,UNIT - Research unallocated - CZ,UNIT,Research unallocated,C,Total_Pharma_Services,Yes,INF_BATCH,2024-07-05 08:48:47.548,INF_BATCH,2026-01-23 23:16:33.522,INF_R360
CZ00,DEPARTMENT - Research unallocated - CZ00,DEPARTMENT,Research unallocated,CZ,Total_Pharma_Services,Yes,INF_BATCH,2024-07-05 08:48:47.548,INF_BATCH,2026-01-23 23:16:33.522,INF_R360
CZ0000,SERVICE - Research unallocated - CZ0000,SERVICE,Research unallocated,CZ00,Total_Pharma_Services,Yes,INF_BATCH,2024-07-05 08:48:47.548,INF_BATCH,2026-01-23 23:16:33.522,INF_R360
CZ0001,SERVICE - Research unallocated 1 - CZ0001,SERVICE,Research unallocated 1,CZ00,Total_Pharma_Services,Yes,INF_BATCH,2024-07-05 08:48:47.548,INF_BATCH,2026-01-23 23:16:33.522,INF_R360
CZ0002,SERVICE - Research unallocated 2 - CZ0002,SERVICE,Research unallocated 2,CZ00,Total_Pharma_Services,Yes,INF_BATCH,2024-07-05 08:48:47.548,INF_BATCH,2026-01-23 23:16:33.522,INF_R360
CZ0003,SERVICE - Research unallocated 3 - CZ0003,SERVICE,Research unallocated 3,CZ00,Total_Pharma_Services,Yes,INF_BATCH,2024-07-05 08:48:47.548,INF_BATCH,2026-01-23 23:16:33.522,INF_R360
D,ZZZ_PILLAR - RnD Operations - D(Do Not Use),PILLAR,RnD Operations,TOTAL_PHARMA_SERVICES,Total_Pharma_Services,No,INF_BATCH,2024-07-05 08:48:47.548,INF_BATCH,2026-01-23 23:16:33.522,INF_R360
D2110,ZZZ_SERVICE - CARDIOVASCULAR - D2110(Do Not Use),SERVICE,CARDIOVASCULAR,RD2100,Zzz-Archives,No,INF_BATCH,2024-07-05 08:48:47.548,INF_BATCH,2026-01-23 23:16:33.522,INF_R360
DE,ZZZ_UNIT - Integrated Planning and Ops Mgmt - DE(Do Not Use),UNIT,Integrated Planning and Ops Mgmt,B,Total_Pharma_Services,No,INF_BATCH,2024-07-05 08:48:47.548,INF_BATCH,2026-01-23 23:16:33.522,INF_R360
DE10,ZZZ_DEPARTMENT - IPOM Operational Planning Capacity Mgt - DE10(Do Not Use),DEPARTMENT,IPOM Operational Planning Capacity Mgt,DE,Total_Pharma_Services,No,INF_BATCH,2024-07-05 08:48:47.548,INF_BATCH,2026-01-23 23:16:33.522,INF_R360
DE1000,ZZZ_SERVICE - OPCM Global - DE1000(Do Not Use),SERVICE,OPCM Global,DE10,Total_Pharma_Services,No,INF_BATCH,2024-07-05 08:48:47.548,INF_BATCH,2026-01-23 23:16:33.522,INF_R360
DE1001,ZZZ_SERVICE - OPCM CSO - DE1001(Do Not Use),SERVICE,OPCM CSO,DE10,Total_Pharma_Services,No,INF_BATCH,2024-07-05 08:48:47.548,INF_BATCH,2026-01-23 23:16:33.522,INF_R360
DE1002,ZZZ_SERVICE - OPCM CMC - DE1002(Do Not Use),SERVICE,OPCM CMC,DE10,Total_Pharma_Services,No,INF_BATCH,2024-07-05 08:48:47.548,INF_BATCH,2026-01-23 23:16:33.522,INF_R360
DE1003,ZZZ_SERVICE - OPCM PreClinical - DE1003(Do Not Use),SERVICE,OPCM PreClinical,DE10,Total_Pharma_Services,No,INF_BATCH,2024-07-05 08:48:47.548,INF_BATCH,2026-01-23 23:16:33.522,INF_R360
DE11,ZZZ_DEPARTMENT - IPOM Competitive Intelligence - DE11(Do Not Use),DEPARTMENT,IPOM Competitive Intelligence,DE,Total_Pharma_Services,No,INF_BATCH,2024-07-05 08:48:47.548,INF_BATCH,2026-01-23 23:16:33.522,INF_R360
DE1100,ZZZ_SERVICE - Competitive intelligence - DE1100(Do Not Use),SERVICE,Competitive intelligence,DE11,Total_Pharma_Services,No,INF_BATCH,2024-07-05 08:48:47.548,INF_BATCH,2026-01-23 23:16:33.522,INF_R360
DE1101,ZZZ_SERVICE - IP Intelligence - DE1101(Do Not Use),SERVICE,IP Intelligence,DE11,Total_Pharma_Services,No,INF_BATCH,2024-07-05 08:48:47.548,INF_BATCH,2026-01-23 23:16:33.522,INF_R360
DE1102,ZZZ_SERVICE - Published Information Access - DE1102(Do Not Use),SERVICE,Published Information Access,DE11,Total_Pharma_Services,No,INF_BATCH,2024-07-05 08:48:47.548,INF_BATCH,2026-01-23 23:16:33.522,INF_R360
DE1103,ZZZ_SERVICE - Scientific Information Services - DE1103(Do Not Use),SERVICE,Scientific Information Services,DE11,Total_Pharma_Services,No,INF_BATCH,2024-07-05 08:48:47.548,INF_BATCH,2026-01-23 23:16:33.522,INF_R360
DE12,ZZZ_DEPARTMENT - IPOM Direction - DE12(Do Not Use),DEPARTMENT,IPOM Direction,DE,Total_Pharma_Services,No,INF_BATCH,2024-07-05 08:48:47.548,INF_BATCH,2026-01-23 23:16:33.522,INF_R360
DE1200,ZZZ_SERVICE - IP and Ops Mgt Direction - DE1200(Do Not Use),SERVICE,IP and Ops Mgt Direction,DE12,Total_Pharma_Services,No,INF_BATCH,2024-07-05 08:48:47.548,INF_BATCH,2026-01-23 23:16:33.522,INF_R360
DE13,ZZZ_DEPARTMENT - IPOM Enterprise Planning Tools - DE13(Do Not Use),DEPARTMENT,IPOM Enterprise Planning Tools,DE,Total_Pharma_Services,No,INF_BATCH,2024-07-05 08:48:47.548,INF_BATCH,2026-01-23 23:16:33.522,INF_R360
DE1300,ZZZ_SERVICE - Enterprise Planning Tools Platform - DE1300(Do Not Use),SERVICE,Enterprise Planning Tools Platform,DE13,Total_Pharma_Services,No,INF_BATCH,2024-07-05 08:48:47.548,INF_BATCH,2026-01-23 23:16:33.522,INF_R360
DE14,ZZZ_DEPARTMENT - IPOM Integrated Analysis & Interface - DE14(Do Not Use),DEPARTMENT,IPOM Integrated Analysis & Interface,DE,Total_Pharma_Services,No,INF_BATCH,2024-07-05 08:48:47.548,INF_BATCH,2026-01-23 23:16:33.522,INF_R360
DE1400,ZZZ_SERVICE - Integrated Analysis - DE1400(Do Not Use),SERVICE,Integrated Analysis,DE14,Total_Pharma_Services,No,INF_BATCH,2024-07-05 08:48:47.548,INF_BATCH,2026-01-23 23:16:33.522,INF_R360
DE15,ZZZ_DEPARTMENT - IPOM Project Planning - DE15(Do Not Use),DEPARTMENT,IPOM Project Planning,DE,Total_Pharma_Services,No,INF_BATCH,2024-07-05 08:48:47.548,INF_BATCH,2026-01-23 23:16:33.522,INF_R360
DE1500,ZZZ_SERVICE - Project Planning - DE1500(Do Not Use),SERVICE,Project Planning,DE15,Total_Pharma_Services,No,INF_BATCH,2024-07-05 08:48:47.548,INF_BATCH,2026-01-23 23:16:33.522,INF_R360
DE16,ZZZ_DEPARTMENT - IPOM Portfolio Report & Benchmark - DE16(Do Not Use),DEPARTMENT,IPOM Portfolio Report & Benchmark,DE,Total_Pharma_Services,No,INF_BATCH,2024-07-05 08:48:47.548,INF_BATCH,2026-01-23 23:16:33.522,INF_R360
DE1600,ZZZ_SERVICE - Portfolio Reporting and Benchmarking - DE1600(Do Not Use),SERVICE,Portfolio Reporting and Benchmarking,DE16,Total_Pharma_Services,No,INF_BATCH,2024-07-05 08:48:47.548,INF_BATCH,2026-01-23 23:16:33.522,INF_R360
DF,ZZZ_UNIT - Pharmaceutics Development Platform - DF(Do Not Use),UNIT,Pharmaceutics Development Platform,J,Total_Pharma_Services,No,INF_BATCH,2024-07-05 08:48:47.548,INF_BATCH,2026-01-23 23:16:33.522,INF_R360
DF10,ZZZ_DEPARTMENT - PDP Administration office - DF10(Do Not Use),DEPARTMENT,PDP Administration office,DF,Total_Pharma_Services,No,INF_BATCH,2024-07-05 08:48:47.548,INF_BATCH,2026-01-23 23:16:33.522,INF_R360
DF1000,ZZZ_SERVICE - PDP Administration office - DF1000(Do Not Use),SERVICE,PDP Administration office,DF10,Total_Pharma_Services,No,INF_BATCH,2024-07-05 08:48:47.548,INF_BATCH,2026-01-23 23:16:33.522,INF_R360
DF11,ZZZ_DEPARTMENT - Boston Pre Development Sciences - DF11(Do Not Use),DEPARTMENT,Boston Pre Development Sciences,DF,Total_Pharma_Services,No,INF_BATCH,2024-07-05 08:48:47.548,INF_BATCH,2026-01-23 23:16:33.522,INF_R360
DF1100,ZZZ_SERVICE - Formulation Development - DF1100(Do Not Use),SERVICE,Formulation Development,DF11,Total_Pharma_Services,No,INF_BATCH,2024-07-05 08:48:47.548,INF_BATCH,2026-01-23 23:16:33.522,INF_R360
DF1101,ZZZ_SERVICE - PDS Boston Analytical RnD - DF1101(Do Not Use),SERVICE,PDS Boston Analytical RnD,DF11,Total_Pharma_Services,No,INF_BATCH,2024-07-05 08:48:47.548,INF_BATCH,2026-01-23 23:16:33.522,INF_R360
DF1102,ZZZ_SERVICE - Synthesis Development & Scaling - DF1102(Do Not Use),SERVICE,Synthesis Development & Scaling,DF11,Total_Pharma_Services,No,INF_BATCH,2024-07-05 08:48:47.548,INF_BATCH,2026-01-23 23:16:33.522,INF_R360
DF12,ZZZ_DEPARTMENT - Analytical Sciences - DF12(Do Not Use),DEPARTMENT,Analytical Sciences,DF,Total_Pharma_Services,No,INF_BATCH,2024-07-05 08:48:47.548,INF_BATCH,2026-01-23 23:16:33.522,INF_R360
DF1200,ZZZ_SERVICE - AnSci - DF1200(Do Not Use),SERVICE,AnSci,DF12,Total_Pharma_Services,No,INF_BATCH,2024-07-05 08:48:47.548,INF_BATCH,2026-01-23 23:16:33.522,INF_R360
DF1201,ZZZ_SERVICE - AnSci Direction - DF1201(Do Not Use),SERVICE,AnSci Direction,DF12,Total_Pharma_Services,No,INF_BATCH,2024-07-05 08:48:47.548,INF_BATCH,2026-01-23 23:16:33.522,INF_R360
DF13,ZZZ_DEPARTMENT - Pharmaceutical Sciences Operations - DF13(Do Not Use),DEPARTMENT,Pharmaceutical Sciences Operations,DF,Total_Pharma_Services,No,INF_BATCH,2024-07-05 08:48:47.548,INF_BATCH,2026-01-23 23:16:33.522,INF_R360
DF1300,ZZZ_SERVICE - PSO - DF1300(Do Not Use),SERVICE,PSO,DF13,Total_Pharma_Services,No,INF_BATCH,2024-07-05 08:48:47.548,INF_BATCH,2026-01-23 23:16:33.522,INF_R360
DF1301,ZZZ_SERVICE - PSO Direction - DF1301(Do Not Use),SERVICE,PSO Direction,DF13,Total_Pharma_Services,No,INF_BATCH,2024-07-05 08:48:47.548,INF_BATCH,2026-01-23 23:16:33.522,INF_R360
DF14,ZZZ_DEPARTMENT - CoE Primary Container - DF14(Do Not Use),DEPARTMENT,CoE Primary Container,DF,Total_Pharma_Services,No,INF_BATCH,2024-07-05 08:48:47.548,INF_BATCH,2026-01-23 23:16:33.522,INF_R360
DF1400,ZZZ_SERVICE - CoE Primary Container - DF1400(Do Not Use),SERVICE,CoE Primary Container,DF14,Total_Pharma_Services,No,INF_BATCH,2024-07-05 08:48:47.548,INF_BATCH,2026-01-23 23:16:33.522,INF_R360
DF15,ZZZ_DEPARTMENT - CBD IA - DF15(Do Not Use),DEPARTMENT,CBD IA,DF,Total_Pharma_Services,No,INF_BATCH,2024-07-05 08:48:47.548,INF_BATCH,2026-01-23 23:16:33.522,INF_R360
DF1500,ZZZ_SERVICE - CBD IA Operational - DF1500(Do Not Use),SERVICE,CBD IA Operational,DF15,Total_Pharma_Services,No,INF_BATCH,2024-07-05 08:48:47.548,INF_BATCH,2026-01-23 23:16:33.522,INF_R360
DF1501,ZZZ_SERVICE - ADC sample - DF1501(Do Not Use),SERVICE,ADC sample,DF15,Total_Pharma_Services,No,INF_BATCH,2024-07-05 08:48:47.548,INF_BATCH,2026-01-23 23:16:33.522,INF_R360
DF1502,ZZZ_SERVICE - CBD IA Recharges - DF1502(Do Not Use),SERVICE,CBD IA Recharges,DF15,Total_Pharma_Services,No,INF_BATCH,2024-07-05 08:48:47.548,INF_BATCH,2026-01-23 23:16:33.522,INF_R360
DF1503,ZZZ_SERVICE - P3C internal costs - DF1503(Do Not Use),SERVICE,P3C internal costs,DF15,Total_Pharma_Services,No,INF_BATCH,2024-07-05 08:48:47.548,INF_BATCH,2026-01-23 23:16:33.522,INF_R360
DF16,ZZZ_DEPARTMENT - PSO IA - DF16(Do Not Use),DEPARTMENT,PSO IA,DF,Total_Pharma_Services,No,INF_BATCH,2024-07-05 08:48:47.548,INF_BATCH,2026-01-23 23:16:33.522,INF_R360
DF1600,ZZZ_SERVICE - PSO IA - DF1600(Do Not Use),SERVICE,PSO IA,DF16,Total_Pharma_Services,No,INF_BATCH,2024-07-05 08:48:47.548,INF_BATCH,2026-01-23 23:16:33.522,INF_R360
DF17,ZZZ_DEPARTMENT - Devices PDP - DF17(Do Not Use),DEPARTMENT,Devices PDP,DF,Total_Pharma_Services,No,INF_BATCH,2024-07-05 08:48:47.548,INF_BATCH,2026-01-23 23:16:33.522,INF_R360
DF1700,ZZZ_SERVICE - Devices PDP - DF1700(Do Not Use),SERVICE,Devices PDP,DF17,Total_Pharma_Services,No,INF_BATCH,2024-07-05 08:48:47.548,INF_BATCH,2026-01-23 23:16:33.522,INF_R360
DF20,ZZZ_DEPARTMENT - Direction & Business Operations - DF20(Do Not Use),DEPARTMENT,Direction & Business Operations,DF,Total_Pharma_Services,No,INF_BATCH,2024-07-05 08:48:47.548,INF_BATCH,2026-01-23 23:16:33.522,INF_R360
DF2000,ZZZ_SERVICE - Direction & Business Operations - DF2000(Do Not Use),SERVICE,Direction & Business Operations,DF20,Total_Pharma_Services,No,INF_BATCH,2024-07-05 08:48:47.548,INF_BATCH,2026-01-23 23:16:33.522,INF_R360
DF21,ZZZ_DEPARTMENT - PDS Pre Development Sciences - DF21(Do Not Use),DEPARTMENT,PDS Pre Development Sciences,DF,Total_Pharma_Services,No,INF_BATCH,2024-07-05 08:48:47.548,INF_BATCH,2026-01-23 23:16:33.522,INF_R360
DF2100,ZZZ_SERVICE - PDS Pre Development Sciences - DF2100(Do Not Use),SERVICE,PDS Pre Development Sciences,DF21,Total_Pharma_Services,No,INF_BATCH,2024-07-05 08:48:47.548,INF_BATCH,2026-01-23 23:16:33.522,INF_R360
DF22,ZZZ_DEPARTMENT - TIDES Platform - DF22(Do Not Use),DEPARTMENT,TIDES Platform,DF,Total_Pharma_Services,No,INF_BATCH,2024-07-05 08:48:47.548,INF_BATCH,2026-01-23 23:16:33.522,INF_R360
DF2200,ZZZ_SERVICE - TIDES DS - DF2200(Do Not Use),SERVICE,TIDES DS,DF22,Total_Pharma_Services,No,INF_BATCH,2024-07-05 08:48:47.548,INF_BATCH,2026-01-23 23:16:33.522,INF_R360
DF2201,ZZZ_SERVICE - TIDES DP - DF2201(Do Not Use),SERVICE,TIDES DP,DF22,Total_Pharma_Services,No,INF_BATCH,2024-07-05 08:48:47.548,INF_BATCH,2026-01-23 23:16:33.522,INF_R360
DF2202,ZZZ_SERVICE - TIDES Analytics - DF2202(Do Not Use),SERVICE,TIDES Analytics,DF22,Total_Pharma_Services,No,INF_BATCH,2024-07-05 08:48:47.548,INF_BATCH,2026-01-23 23:16:33.522,INF_R360
DF23,ZZZ_DEPARTMENT - Small Molecules/Oral Platform - DF23(Do Not Use),DEPARTMENT,Small Molecules/Oral Platform,DF,Total_Pharma_Services,No,INF_BATCH,2024-07-05 08:48:47.548,INF_BATCH,2026-01-23 23:16:33.522,INF_R360
DF2300,ZZZ_SERVICE - SM/OP DS - DF2300(Do Not Use),SERVICE,SM/OP DS,DF23,Total_Pharma_Services,No,INF_BATCH,2024-07-05 08:48:47.548,INF_BATCH,2026-01-23 23:16:33.522,INF_R360
DF2301,ZZZ_SERVICE - SM/OP DP - DF2301(Do Not Use),SERVICE,SM/OP DP,DF23,Total_Pharma_Services,No,INF_BATCH,2024-07-05 08:48:47.548,INF_BATCH,2026-01-23 23:16:33.522,INF_R360
DF2302,ZZZ_SERVICE - SM/OP Analytics - DF2302(Do Not Use),SERVICE,SM/OP Analytics,DF23,Total_Pharma_Services,No,INF_BATCH,2024-07-05 08:48:47.548,INF_BATCH,2026-01-23 23:16:33.522,INF_R360
DF2303,ZZZ_SERVICE - SM/OP DS Sisteron - DF2303(Do Not Use),SERVICE,SM/OP DS Sisteron,DF23,Total_Pharma_Services,No,INF_BATCH,2024-07-05 08:48:47.548,INF_BATCH,2026-01-23 23:16:33.522,INF_R360
DF2304,ZZZ_SERVICE - SM/OP DP Ambares - DF2304(Do Not Use),SERVICE,SM/OP DP Ambares,DF23,Total_Pharma_Services,No,INF_BATCH,2024-07-05 08:48:47.548,INF_BATCH,2026-01-23 23:16:33.522,INF_R360
DF2305,ZZZ_SERVICE - SM/OP Analytics Ambares - DF2305(Do Not Use),SERVICE,SM/OP Analytics Ambares,DF23,Total_Pharma_Services,No,INF_BATCH,2024-07-05 08:48:47.548,INF_BATCH,2026-01-23 23:16:33.522,INF_R360
DF24,ZZZ_DEPARTMENT - Conjugation & HAP Platform - DF24(Do Not Use),DEPARTMENT,Conjugation & HAP Platform,DF,Total_Pharma_Services,No,INF_BATCH,2024-07-05 08:48:47.548,INF_BATCH,2026-01-23 23:16:33.522,INF_R360
DF2400,ZZZ_SERVICE - Vitry DS - DF2400(Do Not Use),SERVICE,Vitry DS,DF24,Total_Pharma_Services,No,INF_BATCH,2024-07-05 08:48:47.548,INF_BATCH,2026-01-23 23:16:33.522,INF_R360
DF2401,ZZZ_SERVICE - Paris Analytics - DF2401(Do Not Use),SERVICE,Paris Analytics,DF24,Total_Pharma_Services,No,INF_BATCH,2024-07-05 08:48:47.548,INF_BATCH,2026-01-23 23:16:33.522,INF_R360
DF25,ZZZ_DEPARTMENT - Manuf Science & GEM Support - DF25(Do Not Use),DEPARTMENT,Manuf Science & GEM Support,DF,Total_Pharma_Services,No,INF_BATCH,2024-07-05 08:48:47.548,INF_BATCH,2026-01-23 23:16:33.522,INF_R360
DF2500,ZZZ_SERVICE - Manuf Science & GEM Support - DF2500(Do Not Use),SERVICE,Manuf Science & GEM Support,DF25,Total_Pharma_Services,No,INF_BATCH,2024-07-05 08:48:47.548,INF_BATCH,2026-01-23 23:16:33.522,INF_R360
DF26,ZZZ_DEPARTMENT - Business Excellence - DF26(Do Not Use),DEPARTMENT,Business Excellence,DF,Total_Pharma_Services,No,INF_BATCH,2024-07-05 08:48:47.548,INF_BATCH,2026-01-23 23:16:33.522,INF_R360
DF2600,ZZZ_SERVICE - Business Excellence - DF2600(Do Not Use),SERVICE,Business Excellence,DF26,Total_Pharma_Services,No,INF_BATCH,2024-07-05 08:48:47.548,INF_BATCH,2026-01-23 23:16:33.522,INF_R360
DF27,ZZZ_DEPARTMENT - Innovation - DF27(Do Not Use),DEPARTMENT,Innovation,DF,Total_Pharma_Services,No,INF_BATCH,2024-07-05 08:48:47.548,INF_BATCH,2026-01-23 23:16:33.522,INF_R360
DF2700,ZZZ_SERVICE - Innovation - DF2700(Do Not Use),SERVICE,Innovation,DF27,Total_Pharma_Services,No,INF_BATCH,2024-07-05 08:48:47.548,INF_BATCH,2026-01-23 23:16:33.522,INF_R360
DG,UNIT - Data & Data Science - DG,UNIT,Data & Data Science,K,Total_Pharma_Services,Yes,INF_BATCH,2024-07-05 08:48:47.548,INF_BATCH,2026-01-23 23:16:33.522,INF_R360
DG10,DEPARTMENT - RnD Operations Office - DG10,DEPARTMENT,RnD Operations Office,BC,Total_Pharma_Services,Yes,INF_BATCH,2024-07-05 08:48:47.548,INF_BATCH,2026-01-23 23:16:33.522,INF_R360
DG1000,ZZZ_SERVICE - R&D Operations Directions - DG1000(Do Not Use),SERVICE,R&D Operations Directions,DG10,Total_Pharma_Services,No,INF_BATCH,2024-07-05 08:48:47.548,INF_BATCH,2026-01-23 23:16:33.522,INF_R360
DG1001,ZZZ_SERVICE - Business Performance Office - DG1001(Do Not Use),SERVICE,Business Performance Office,DG10,Total_Pharma_Services,No,INF_BATCH,2024-07-05 08:48:47.548,INF_BATCH,2026-01-23 23:16:33.522,INF_R360
DG1002,ZZZ_SERVICE - Risk coordination & CSR activities - DG1002(Do Not Use),SERVICE,Risk coordination & CSR activities,DG10,Total_Pharma_Services,No,INF_BATCH,2024-07-05 08:48:47.548,INF_BATCH,2026-01-23 23:16:33.522,INF_R360
DG11,ZZZ_DEPARTMENT - Global Development Project Management - DG11(Do Not Use),DEPARTMENT,Global Development Project Management,BC,Total_Pharma_Services,No,INF_BATCH,2024-07-05 08:48:47.548,INF_BATCH,2026-01-23 23:16:33.522,INF_R360
DG1100,ZZZ_SERVICE - GPM Direction - DG1100(Do Not Use),SERVICE,GPM Direction,DG11,Total_Pharma_Services,No,INF_BATCH,2024-07-05 08:48:47.548,INF_BATCH,2026-01-23 23:16:33.522,INF_R360
DG1101,ZZZ_SERVICE - GPM A&P - DG1101(Do Not Use),SERVICE,GPM A&P,DG11,Total_Pharma_Services,No,INF_BATCH,2024-07-05 08:48:47.548,INF_BATCH,2026-01-23 23:16:33.522,INF_R360
DG1102,ZZZ_SERVICE - GPM Cardio Diab - DG1102(Do Not Use),SERVICE,GPM Cardio Diab,DG11,Total_Pharma_Services,No,INF_BATCH,2024-07-05 08:48:47.548,INF_BATCH,2026-01-23 23:16:33.522,INF_R360
DG1103,ZZZ_SERVICE - GPM I&I - DG1103(Do Not Use),SERVICE,GPM I&I,DG11,Total_Pharma_Services,No,INF_BATCH,2024-07-05 08:48:47.548,INF_BATCH,2026-01-23 23:16:33.522,INF_R360
DG1104,ZZZ_SERVICE - GPM MS NEURO OPHTA - DG1104(Do Not Use),SERVICE,GPM MS NEURO OPHTA,DG11,Total_Pharma_Services,No,INF_BATCH,2024-07-05 08:48:47.548,INF_BATCH,2026-01-23 23:16:33.522,INF_R360
DG1105,ZZZ_SERVICE - GPM Oncology - DG1105(Do Not Use),SERVICE,GPM Oncology,DG11,Total_Pharma_Services,No,INF_BATCH,2024-07-05 08:48:47.548,INF_BATCH,2026-01-23 23:16:33.522,INF_R360
DG1106,ZZZ_SERVICE - GPM Rare Disease - DG1106(Do Not Use),SERVICE,GPM Rare Disease,DG11,Total_Pharma_Services,No,INF_BATCH,2024-07-05 08:48:47.548,INF_BATCH,2026-01-23 23:16:33.522,INF_R360
DG1107,ZZZ_SERVICE - GPM Rare Blood Disorders - DG1107(Do Not Use),SERVICE,GPM Rare Blood Disorders,DG11,Total_Pharma_Services,No,INF_BATCH,2024-07-05 08:48:47.548,INF_BATCH,2026-01-23 23:16:33.522,INF_R360
DG12,DEPARTMENT - Data & Data Science - DG12,DEPARTMENT,Data & Data Science,DG,Total_Pharma_Services,Yes,INF_BATCH,2024-07-05 08:48:47.548,INF_BATCH,2026-01-23 23:16:33.522,INF_R360
DG1201,SERVICE - Data & Data Science - DG1201,SERVICE,Data & Data Science,DG12,Total_Pharma_Services,Yes,INF_BATCH,2024-07-05 08:48:47.548,INF_BATCH,2026-01-23 23:16:33.522,INF_R360
DH,ZZZ_UNIT - Translational Medicine Early Development - DH(Do Not Use),UNIT,Translational Medicine Early Development,D,Total_Pharma_Services,No,INF_BATCH,2024-07-05 08:48:47.548,INF_BATCH,2026-01-23 23:16:33.522,INF_R360
DH10,ZZZ_DEPARTMENT - TMED Direction - DH10(Do Not Use),DEPARTMENT,TMED Direction,DH,Total_Pharma_Services,No,INF_BATCH,2024-07-05 08:48:47.548,INF_BATCH,2026-01-23 23:16:33.522,INF_R360
DH1000,ZZZ_SERVICE - TMED Head and Expert Group - DH1000(Do Not Use),SERVICE,TMED Head and Expert Group,DH10,Total_Pharma_Services,No,INF_BATCH,2024-07-05 08:48:47.548,INF_BATCH,2026-01-23 23:16:33.522,INF_R360
DH11,ZZZ_DEPARTMENT - TMED Project Operations - DH11(Do Not Use),DEPARTMENT,TMED Project Operations,DH,Total_Pharma_Services,No,INF_BATCH,2024-07-05 08:48:47.548,INF_BATCH,2026-01-23 23:16:33.522,INF_R360
DH1100,ZZZ_SERVICE - TMED Project Operations - DH1100(Do Not Use),SERVICE,TMED Project Operations,DH11,Total_Pharma_Services,No,INF_BATCH,2024-07-05 08:48:47.548,INF_BATCH,2026-01-23 23:16:33.522,INF_R360
DH12,ZZZ_DEPARTMENT - TMED Biomarkers and Clinical Bioanalysis - DH12(Do Not Use),DEPARTMENT,TMED Biomarkers and Clinical Bioanalysis,DH,Total_Pharma_Services,No,INF_BATCH,2024-07-05 08:48:47.548,INF_BATCH,2026-01-23 23:16:33.522,INF_R360
DH1200,ZZZ_SERVICE - Biomarkers and Clinical Bioanalysis - DH1200(Do Not Use),SERVICE,Biomarkers and Clinical Bioanalysis,DH12,Total_Pharma_Services,No,INF_BATCH,2024-07-05 08:48:47.548,INF_BATCH,2026-01-23 23:16:33.522,INF_R360
DH1201,ZZZ_SERVICE - BCB Clin Diagnostics Boston - DH1201(Do Not Use),SERVICE,BCB Clin Diagnostics Boston,DH12,Total_Pharma_Services,No,INF_BATCH,2024-07-05 08:48:47.548,INF_BATCH,2026-01-23 23:16:33.522,INF_R360
DH13,ZZZ_DEPARTMENT - TMED Pharmacokinetics Dynamics & Metab - DH13(Do Not Use),DEPARTMENT,TMED Pharmacokinetics Dynamics & Metab,DH,Total_Pharma_Services,No,INF_BATCH,2024-07-05 08:48:47.548,INF_BATCH,2026-01-23 23:16:33.522,INF_R360
DH1300,ZZZ_SERVICE - Pharmacokinetics Dynamics and Metabolism - DH1300(Do Not Use),SERVICE,Pharmacokinetics Dynamics and Metabolism,DH13,Total_Pharma_Services,No,INF_BATCH,2024-07-05 08:48:47.548,INF_BATCH,2026-01-23 23:16:33.522,INF_R360
DH14,ZZZ_DEPARTMENT - TMED Translational Informatics - DH14(Do Not Use),DEPARTMENT,TMED Translational Informatics,DH,Total_Pharma_Services,No,INF_BATCH,2024-07-05 08:48:47.548,INF_BATCH,2026-01-23 23:16:33.522,INF_R360
DH1400,ZZZ_SERVICE - Translational Informatics - DH1400(Do Not Use),SERVICE,Translational Informatics,DH14,Total_Pharma_Services,No,INF_BATCH,2024-07-05 08:48:47.548,INF_BATCH,2026-01-23 23:16:33.522,INF_R360
DH15,ZZZ_DEPARTMENT - TMED and Clinical Pharmacology - DH15(Do Not Use),DEPARTMENT,TMED and Clinical Pharmacology,DH,Total_Pharma_Services,No,INF_BATCH,2024-07-05 08:48:47.548,INF_BATCH,2026-01-23 23:16:33.522,INF_R360
DH1500,ZZZ_SERVICE - Translational Med and Clin Pharm - DH1500(Do Not Use),SERVICE,Translational Med and Clin Pharm,DH15,Total_Pharma_Services,No,INF_BATCH,2024-07-05 08:48:47.548,INF_BATCH,2026-01-23 23:16:33.522,INF_R360
DH99,ZZZ_DEPARTMENT - Regeneron - TMED Dev - DH99(Do Not Use),DEPARTMENT,Regeneron - TMED Dev,DH,Total_Pharma_Services,No,INF_BATCH,2024-07-05 08:48:47.548,INF_BATCH,2026-01-23 23:16:33.522,INF_R360
F11,ZZZ_DEPARTMENT - ADMINISTRATION AND RESOURCES - F11(Do Not Use),DEPARTMENT,ADMINISTRATION AND RESOURCES,ZZZ-ARCHIVES,Zzz-Archives,No,INF_BATCH,2024-07-05 08:48:47.548,INF_BATCH,2026-01-23 23:16:33.522,INF_R360
F12,ZZZ_DEPARTMENT - PROSPECTIVE & STRATEGIC INITIATIVES - F12(Do Not Use),DEPARTMENT,PROSPECTIVE & STRATEGIC INITIATIVES,ZZZ-ARCHIVES,Zzz-Archives,No,INF_BATCH,2024-07-05 08:48:47.548,INF_BATCH,2026-01-23 23:16:33.522,INF_R360
F13,"ZZZ_DEPARTMENT - FINANCE, PURCHASING AND SIS - F13(Do Not Use)",DEPARTMENT,"FINANCE, PURCHASING AND SIS",ZZZ-ARCHIVES,Zzz-Archives,No,INF_BATCH,2024-07-05 08:48:47.548,INF_BATCH,2026-01-23 23:16:33.522,INF_R360
F14,ZZZ_DEPARTMENT - HR AND SITES - F14(Do Not Use),DEPARTMENT,HR AND SITES,ZZZ-ARCHIVES,Zzz-Archives,No,INF_BATCH,2024-07-05 08:48:47.548,INF_BATCH,2026-01-23 23:16:33.522,INF_R360
F15,ZZZ_DEPARTMENT - OVERHEADS - F15(Do Not Use),DEPARTMENT,OVERHEADS,ZZZ-ARCHIVES,Zzz-Archives,No,INF_BATCH,2024-07-05 08:48:47.548,INF_BATCH,2026-01-23 23:16:33.522,INF_R360
F20,ZZZ_UNIT - DISCOVERY RESEARCH - F20(Do Not Use),UNIT,DISCOVERY RESEARCH,ZZZ-ARCHIVES,Zzz-Archives,No,INF_BATCH,2024-07-05 08:48:47.548,INF_BATCH,2026-01-23 23:16:33.522,INF_R360
F30,ZZZ_DEPARTMENT - INTERNATIONAL DEVELOPMENT DIRECTION - F30(Do Not Use),DEPARTMENT,INTERNATIONAL DEVELOPMENT DIRECTION,ZZZ-ARCHIVES,Zzz-Archives,No,INF_BATCH,2024-07-05 08:48:47.548,INF_BATCH,2026-01-23 23:16:33.522,INF_R360
F31,ZZZ_UNIT - PRE-CLINICAL DEVELOPMENT - F31(Do Not Use),UNIT,PRE-CLINICAL DEVELOPMENT,ZZZ-ARCHIVES,Zzz-Archives,No,INF_BATCH,2024-07-05 08:48:47.548,INF_BATCH,2026-01-23 23:16:33.522,INF_R360
F40,ZZZ_DEPARTMENT - INTERNATIONAL CLINICAL DEVELOPMENT - F40(Do Not Use),DEPARTMENT,INTERNATIONAL CLINICAL DEVELOPMENT,ZZZ-ARCHIVES,Zzz-Archives,No,INF_BATCH,2024-07-05 08:48:47.548,INF_BATCH,2026-01-23 23:16:33.522,INF_R360
F50,ZZZ_DEPARTMENT - GLOBAL STRATEGIC PLAN. PROJ. AND PORTFOL - F50(Do Not Use),DEPARTMENT,GLOBAL STRATEGIC PLAN. PROJ. AND PORTFOL,ZZZ-ARCHIVES,Zzz-Archives,No,INF_BATCH,2024-07-05 08:48:47.548,INF_BATCH,2026-01-23 23:16:33.522,INF_R360
F60,ZZZ_DEPARTMENT - PROJECT - F60(Do Not Use),DEPARTMENT,PROJECT,ZZZ-ARCHIVES,Zzz-Archives,No,INF_BATCH,2024-07-05 08:48:47.548,INF_BATCH,2026-01-23 23:16:33.522,INF_R360
F80,ZZZ_DEPARTMENT - GROUP MEDICAL AFFAIRS - F80(Do Not Use),DEPARTMENT,GROUP MEDICAL AFFAIRS,ZZZ-ARCHIVES,Zzz-Archives,No,INF_BATCH,2024-07-05 08:48:47.548,INF_BATCH,2026-01-23 23:16:33.522,INF_R360
F90,ZZZ_DEPARTMENT - QUALITY AND COMPLIANCE - F90(Do Not Use),DEPARTMENT,QUALITY AND COMPLIANCE,ZZZ-ARCHIVES,Zzz-Archives,No,INF_BATCH,2024-07-05 08:48:47.548,INF_BATCH,2026-01-23 23:16:33.522,INF_R360
F95,ZZZ_DEPARTMENT - EMPLOYEE PARTICIPATION/PROFIT SHARING - F95(Do Not Use),DEPARTMENT,EMPLOYEE PARTICIPATION/PROFIT SHARING,ZZZ-ARCHIVES,Zzz-Archives,No,INF_BATCH,2024-07-05 08:48:47.548,INF_BATCH,2026-01-23 23:16:33.522,INF_R360
F97,ZZZ_DEPARTMENT - PARTNERSHIPS - F97(Do Not Use),DEPARTMENT,PARTNERSHIPS,ZZZ-ARCHIVES,Zzz-Archives,No,INF_BATCH,2024-07-05 08:48:47.548,INF_BATCH,2026-01-23 23:16:33.522,INF_R360
F98,ZZZ_DEPARTMENT - INTERNAL ADJUSTMENTS - F98(Do Not Use),DEPARTMENT,INTERNAL ADJUSTMENTS,ZZZ-ARCHIVES,Zzz-Archives,No,INF_BATCH,2024-07-05 08:48:47.548,INF_BATCH,2026-01-23 23:16:33.522,INF_R360
F99,ZZZ_DEPARTMENT - EXTERNAL OTHER - F99(Do Not Use),DEPARTMENT,EXTERNAL OTHER,ZZZ-ARCHIVES,Zzz-Archives,No,INF_BATCH,2024-07-05 08:48:47.548,INF_BATCH,2026-01-23 23:16:33.522,INF_R360
FA,UNIT - Regulatory - FA,UNIT,Regulatory,F,Total_Pharma_Services,Yes,INF_BATCH,2024-07-05 08:48:47.548,INF_BATCH,2026-01-23 23:16:33.522,INF_R360
FA10,DEPARTMENT - Regulatory - FA10,DEPARTMENT,Regulatory,FA,Total_Pharma_Services,Yes,INF_BATCH,2024-07-05 08:48:47.548,INF_BATCH,2026-01-23 23:16:33.522,INF_R360
FA1000,SERVICE - Strategy & Business Optimization - FA1000,SERVICE,Strategy & Business Optimization,FA10,Total_Pharma_Services,Yes,INF_BATCH,2024-07-05 08:48:47.548,INF_BATCH,2026-01-23 23:16:33.522,INF_R360
FA1001,SERVICE - DCV - FA1001,SERVICE,DCV,FA10,Total_Pharma_Services,Yes,INF_BATCH,2024-07-05 08:48:47.548,INF_BATCH,2026-01-23 23:16:33.522,INF_R360
FA1002,SERVICE - Specialty Care GBU - FA1002,SERVICE,Specialty Care GBU,FA10,Total_Pharma_Services,Yes,INF_BATCH,2024-07-05 08:48:47.548,INF_BATCH,2026-01-23 23:16:33.522,INF_R360
FA1003,SERVICE - Vaccines GBU - FA1003,SERVICE,Vaccines GBU,FA10,Total_Pharma_Services,Yes,INF_BATCH,2024-07-05 08:48:47.548,INF_BATCH,2026-01-23 23:16:33.522,INF_R360
FA1004,SERVICE - CHC GBU - FA1004,SERVICE,CHC GBU,FA10,Total_Pharma_Services,Yes,INF_BATCH,2024-07-05 08:48:47.548,INF_BATCH,2026-01-23 23:16:33.522,INF_R360
FA1005,SERVICE - GEM - FA1005,SERVICE,GEM,FA10,Total_Pharma_Services,Yes,INF_BATCH,2024-07-05 08:48:47.548,INF_BATCH,2026-01-23 23:16:33.522,INF_R360
FA1006,ZZZ_SERVICE - Generics - FA1006(Do Not Use),SERVICE,Generics,FA10,Total_Pharma_Services,No,INF_BATCH,2024-07-05 08:48:47.548,INF_BATCH,2026-01-23 23:16:33.522,INF_R360
FA1007,ZZZ_SERVICE - AMESA - FA1007(Do Not Use),SERVICE,AMESA,FA10,Total_Pharma_Services,No,INF_BATCH,2024-07-05 08:48:47.548,INF_BATCH,2026-01-23 23:16:33.522,INF_R360
FA1008,ZZZ_SERVICE - ASIA - FA1008(Do Not Use),SERVICE,ASIA,FA10,Total_Pharma_Services,No,INF_BATCH,2024-07-05 08:48:47.548,INF_BATCH,2026-01-23 23:16:33.522,INF_R360
FA1009,SERVICE - Region International - FA1009,SERVICE,Region International,FA10,Total_Pharma_Services,Yes,INF_BATCH,2024-07-05 08:48:47.548,INF_BATCH,2026-01-23 23:16:33.522,INF_R360
FA1010,SERVICE - Region Europe - FA1010,SERVICE,Region Europe,FA10,Total_Pharma_Services,Yes,INF_BATCH,2024-07-05 08:48:47.548,INF_BATCH,2026-01-23 23:16:33.522,INF_R360
FA1011,SERVICE - Region North America and Ad Promo - FA1011,SERVICE,Region North America and Ad Promo,FA10,Total_Pharma_Services,Yes,INF_BATCH,2024-07-05 08:48:47.548,INF_BATCH,2026-01-23 23:16:33.522,INF_R360
FA1012,SERVICE - Japan - FA1012,SERVICE,Japan,FA10,Total_Pharma_Services,Yes,INF_BATCH,2024-07-05 08:48:47.548,INF_BATCH,2026-01-23 23:16:33.522,INF_R360
FA1013,SERVICE - Global Regulatory Operations - FA1013,SERVICE,Global Regulatory Operations,FA10,Total_Pharma_Services,Yes,INF_BATCH,2024-07-05 08:48:47.548,INF_BATCH,2026-01-23 23:16:33.522,INF_R360
FA1014,SERVICE - Science and Policy - FA1014,SERVICE,Science and Policy,FA10,Total_Pharma_Services,Yes,INF_BATCH,2024-07-05 08:48:47.548,INF_BATCH,2026-01-23 23:16:33.522,INF_R360
FA1015,SERVICE - CMC and Devices - FA1015,SERVICE,CMC and Devices,FA10,Total_Pharma_Services,Yes,INF_BATCH,2024-07-05 08:48:47.548,INF_BATCH,2026-01-23 23:16:33.522,INF_R360
FA1016,SERVICE - China - FA1016,SERVICE,China,FA10,Total_Pharma_Services,Yes,INF_BATCH,2024-07-05 08:48:47.548,INF_BATCH,2026-01-23 23:16:33.522,INF_R360
FA1017,SERVICE - GenMed GBU and Center of Experts - FA1017,SERVICE,GenMed GBU and Center of Experts,FA10,Total_Pharma_Services,Yes,INF_BATCH,2024-07-05 08:48:47.548,INF_BATCH,2026-01-23 23:16:33.522,INF_R360
FA1018,SERVICE - Amunix - Regulatory - FA1018,SERVICE,Amunix - Regulatory,FA10,Total_Pharma_Services,Yes,INF_BATCH,2024-07-05 08:48:47.548,INF_BATCH,2026-01-23 23:16:33.522,INF_R360
FA1019,SERVICE - Global Labeling - FA1019,SERVICE,Global Labeling,FA10,Total_Pharma_Services,Yes,INF_BATCH,2024-07-05 08:48:47.548,INF_BATCH,2026-01-23 23:16:33.522,INF_R360
FZ,UNIT - Regulatory unallocated - FZ,UNIT,Regulatory unallocated,F,Total_Pharma_Services,Yes,INF_BATCH,2024-07-05 08:48:47.548,INF_BATCH,2026-01-23 23:16:33.522,INF_R360
FZ00,DEPARTMENT - Regulatory unallocated - FZ00,DEPARTMENT,Regulatory unallocated,FZ,Total_Pharma_Services,Yes,INF_BATCH,2024-07-05 08:48:47.548,INF_BATCH,2026-01-23 23:16:33.522,INF_R360
FZ0000,SERVICE - Regulatory unallocated - FZ0000,SERVICE,Regulatory unallocated,FZ00,Total_Pharma_Services,Yes,INF_BATCH,2024-07-05 08:48:47.548,INF_BATCH,2026-01-23 23:16:33.522,INF_R360
FZ0001,SERVICE - Regulatory unallocated 1 - FZ0001,SERVICE,Regulatory unallocated 1,FZ00,Total_Pharma_Services,Yes,INF_BATCH,2024-07-05 08:48:47.548,INF_BATCH,2026-01-23 23:16:33.522,INF_R360
FZ0002,ZZZ_SERVICE - Regulatory unallocated 2 - FZ0002(Do Not Use),SERVICE,Regulatory unallocated 2,FZ00,Total_Pharma_Services,No,INF_BATCH,2024-07-05 08:48:47.548,INF_BATCH,2026-01-23 23:16:33.522,INF_R360
FZ0003,SERVICE - Regulatory unallocated 3 - FZ0003,SERVICE,Regulatory unallocated 3,FZ00,Total_Pharma_Services,Yes,INF_BATCH,2024-07-05 08:48:47.548,INF_BATCH,2026-01-23 23:16:33.522,INF_R360
G,ZZZ_PILLAR - Sunrise - G(Do Not Use),PILLAR,Sunrise,TOTAL_PHARMA_SERVICES,Total_Pharma_Services,No,INF_BATCH,2024-07-05 08:48:47.548,INF_BATCH,2026-01-23 23:16:33.522,INF_R360
GA,ZZZ_UNIT - Sunrise - GA(Do Not Use),UNIT,Sunrise,G,Total_Pharma_Services,No,INF_BATCH,2024-07-05 08:48:47.548,INF_BATCH,2026-01-23 23:16:33.522,INF_R360
GA10,ZZZ_DEPARTMENT - Sunrise - GA10(Do Not Use),DEPARTMENT,Sunrise,GA,Total_Pharma_Services,No,INF_BATCH,2024-07-05 08:48:47.548,INF_BATCH,2026-01-23 23:16:33.522,INF_R360
GA1000,ZZZ_SERVICE - Sunrise - GA1000(Do Not Use),SERVICE,Sunrise,GA10,Total_Pharma_Services,No,INF_BATCH,2024-07-05 08:48:47.548,INF_BATCH,2026-01-23 23:16:33.522,INF_R360
H,PILLAR - Overhead - H,PILLAR,Overhead,TOTAL_PHARMA_SERVICES,Total_Pharma_Services,Yes,INF_BATCH,2024-07-05 08:48:47.548,INF_BATCH,2026-01-23 23:16:33.522,INF_R360
HA,UNIT - Others - HA,UNIT,Others,H,Total_Pharma_Services,Yes,INF_BATCH,2024-07-05 08:48:47.548,INF_BATCH,2026-01-23 23:16:33.522,INF_R360
HA10,DEPARTMENT - Others - HA10,DEPARTMENT,Others,HA,Total_Pharma_Services,Yes,INF_BATCH,2024-07-05 08:48:47.548,INF_BATCH,2026-01-23 23:16:33.522,INF_R360
HA1000,SERVICE - Development - HA1000,SERVICE,Development,HA10,Total_Pharma_Services,Yes,INF_BATCH,2024-07-05 08:48:47.548,INF_BATCH,2026-01-23 23:16:33.522,INF_R360
HA1001,ZZZ_SERVICE - Research - HA1001(Do Not Use),SERVICE,Research,HA10,Total_Pharma_Services,No,INF_BATCH,2024-07-05 08:48:47.548,INF_BATCH,2026-01-23 23:16:33.522,INF_R360
HA1002,SERVICE - Above Pillar - HA1002,SERVICE,Above Pillar,HA10,Total_Pharma_Services,Yes,INF_BATCH,2024-07-05 08:48:47.548,INF_BATCH,2026-01-23 23:16:33.522,INF_R360
HA11,DEPARTMENT - Human Resources Fees - HA11,DEPARTMENT,Human Resources Fees,HA,Total_Pharma_Services,Yes,INF_BATCH,2024-07-05 08:48:47.548,INF_BATCH,2026-01-23 23:16:33.522,INF_R360
HA1100,SERVICE - Human Resources Fees - HA1100,SERVICE,Human Resources Fees,HA11,Total_Pharma_Services,Yes,INF_BATCH,2024-07-05 08:48:47.548,INF_BATCH,2026-01-23 23:16:33.522,INF_R360
HA99,DEPARTMENT - Regeneron - Others - HA99,DEPARTMENT,Regeneron - Others,HA,Total_Pharma_Services,Yes,INF_BATCH,2024-07-05 08:48:47.548,INF_BATCH,2026-01-23 23:16:33.522,INF_R360
HA9900,ZZZ_SERVICE - Regeneron Opt-in - HA9900(Do Not Use),SERVICE,Regeneron Opt-in,HA99,Total_Pharma_Services,No,INF_BATCH,2024-07-05 08:48:47.548,INF_BATCH,2026-01-23 23:16:33.522,INF_R360
HA9901,SERVICE - Regeneron FX - HA9901,SERVICE,Regeneron FX,HA99,Total_Pharma_Services,Yes,INF_BATCH,2024-07-05 08:48:47.548,INF_BATCH,2026-01-23 23:16:33.522,INF_R360
HA9902,SERVICE - Regeneron Others - HA9902,SERVICE,Regeneron Others,HA99,Total_Pharma_Services,Yes,INF_BATCH,2024-07-05 08:48:47.548,INF_BATCH,2026-01-23 23:16:33.522,INF_R360
HB,UNIT - Partnerships - HB,UNIT,Partnerships,H,Total_Pharma_Services,Yes,INF_BATCH,2024-07-05 08:48:47.548,INF_BATCH,2026-01-23 23:16:33.522,INF_R360
HB10,DEPARTMENT - Partnerships - HB10,DEPARTMENT,Partnerships,HB,Total_Pharma_Services,Yes,INF_BATCH,2024-07-05 08:48:47.548,INF_BATCH,2026-01-23 23:16:33.522,INF_R360
HB1000,SERVICE - Partnerships - HB1000,SERVICE,Partnerships,HB10,Total_Pharma_Services,Yes,INF_BATCH,2024-07-05 08:48:47.548,INF_BATCH,2026-01-23 23:16:33.522,INF_R360
HC,ZZZ_UNIT - Ablynx - HC(Do Not Use),UNIT,Ablynx,H,Total_Pharma_Services,No,INF_BATCH,2024-07-05 08:48:47.548,INF_BATCH,2026-01-23 23:16:33.522,INF_R360
HC10,ZZZ_DEPARTMENT - Ablynx - HC10(Do Not Use),DEPARTMENT,Ablynx,HC,Total_Pharma_Services,No,INF_BATCH,2024-07-05 08:48:47.548,INF_BATCH,2026-01-23 23:16:33.522,INF_R360
HC1011,ZZZ_SERVICE - DISCOVERY - HC1011(Do Not Use),SERVICE,DISCOVERY,HC10,Total_Pharma_Services,No,INF_BATCH,2024-07-05 08:48:47.548,INF_BATCH,2026-01-23 23:16:33.522,INF_R360
HC1012,ZZZ_SERVICE - CMC RESEARCH - HC1012(Do Not Use),SERVICE,CMC RESEARCH,HC10,Total_Pharma_Services,No,INF_BATCH,2024-07-05 08:48:47.548,INF_BATCH,2026-01-23 23:16:33.522,INF_R360
HC1013,ZZZ_SERVICE - PHARMACOLOGY - HC1013(Do Not Use),SERVICE,PHARMACOLOGY,HC10,Total_Pharma_Services,No,INF_BATCH,2024-07-05 08:48:47.548,INF_BATCH,2026-01-23 23:16:33.522,INF_R360
HC1014,ZZZ_SERVICE - PROJECT MANAGERS - HC1014(Do Not Use),SERVICE,PROJECT MANAGERS,HC10,Total_Pharma_Services,No,INF_BATCH,2024-07-05 08:48:47.548,INF_BATCH,2026-01-23 23:16:33.522,INF_R360
HC1015,ZZZ_SERVICE - RD FACILITIES - HC1015(Do Not Use),SERVICE,RD FACILITIES,HC10,Total_Pharma_Services,No,INF_BATCH,2024-07-05 08:48:47.548,INF_BATCH,2026-01-23 23:16:33.522,INF_R360
HC1016,ZZZ_SERVICE - INTELLECTUAL PROPERTY - HC1016(Do Not Use),SERVICE,INTELLECTUAL PROPERTY,HC10,Total_Pharma_Services,No,INF_BATCH,2024-07-05 08:48:47.548,INF_BATCH,2026-01-23 23:16:33.522,INF_R360
HC1017,ZZZ_SERVICE - RD MANAGEMENT - HC1017(Do Not Use),SERVICE,RD MANAGEMENT,HC10,Total_Pharma_Services,No,INF_BATCH,2024-07-05 08:48:47.548,INF_BATCH,2026-01-23 23:16:33.522,INF_R360
HC1021,ZZZ_SERVICE - CMC RD OPERATIONS - HC1021(Do Not Use),SERVICE,CMC RD OPERATIONS,HC10,Total_Pharma_Services,No,INF_BATCH,2024-07-05 08:48:47.548,INF_BATCH,2026-01-23 23:16:33.522,INF_R360
HC1022,ZZZ_SERVICE - QUALITY CONTROL - HC1022(Do Not Use),SERVICE,QUALITY CONTROL,HC10,Total_Pharma_Services,No,INF_BATCH,2024-07-05 08:48:47.548,INF_BATCH,2026-01-23 23:16:33.522,INF_R360
HC1023,ZZZ_SERVICE - MID3 - HC1023(Do Not Use),SERVICE,MID3,HC10,Total_Pharma_Services,No,INF_BATCH,2024-07-05 08:48:47.548,INF_BATCH,2026-01-23 23:16:33.522,INF_R360
HC1024,ZZZ_SERVICE - PHARMA GLP - HC1024(Do Not Use),SERVICE,PHARMA GLP,HC10,Total_Pharma_Services,No,INF_BATCH,2024-07-05 08:48:47.548,INF_BATCH,2026-01-23 23:16:33.522,INF_R360
HC1025,ZZZ_SERVICE - CLINICAL DEVELOPMENT - HC1025(Do Not Use),SERVICE,CLINICAL DEVELOPMENT,HC10,Total_Pharma_Services,No,INF_BATCH,2024-07-05 08:48:47.548,INF_BATCH,2026-01-23 23:16:33.522,INF_R360
HC1030,ZZZ_SERVICE - BUSINESS DEVELOPMENT - HC1030(Do Not Use),SERVICE,BUSINESS DEVELOPMENT,HC10,Total_Pharma_Services,No,INF_BATCH,2024-07-05 08:48:47.548,INF_BATCH,2026-01-23 23:16:33.522,INF_R360
HC1031,ZZZ_SERVICE - GENERAL MANAGEMENT - HC1031(Do Not Use),SERVICE,GENERAL MANAGEMENT,HC10,Total_Pharma_Services,No,INF_BATCH,2024-07-05 08:48:47.548,INF_BATCH,2026-01-23 23:16:33.522,INF_R360
HC1032,ZZZ_SERVICE - GA FACILITIES - HC1032(Do Not Use),SERVICE,GA FACILITIES,HC10,Total_Pharma_Services,No,INF_BATCH,2024-07-05 08:48:47.548,INF_BATCH,2026-01-23 23:16:33.522,INF_R360
HC1033,ZZZ_SERVICE - FINANCE - HC1033(Do Not Use),SERVICE,FINANCE,HC10,Total_Pharma_Services,No,INF_BATCH,2024-07-05 08:48:47.548,INF_BATCH,2026-01-23 23:16:33.522,INF_R360
HC1034,ZZZ_SERVICE - PROCUREMENT - HC1034(Do Not Use),SERVICE,PROCUREMENT,HC10,Total_Pharma_Services,No,INF_BATCH,2024-07-05 08:48:47.548,INF_BATCH,2026-01-23 23:16:33.522,INF_R360
HC1035,ZZZ_SERVICE - HUMAN RESOURCES - HC1035(Do Not Use),SERVICE,HUMAN RESOURCES,HC10,Total_Pharma_Services,No,INF_BATCH,2024-07-05 08:48:47.548,INF_BATCH,2026-01-23 23:16:33.522,INF_R360
HC1036,ZZZ_SERVICE - IT - HC1036(Do Not Use),SERVICE,IT,HC10,Total_Pharma_Services,No,INF_BATCH,2024-07-05 08:48:47.548,INF_BATCH,2026-01-23 23:16:33.522,INF_R360
HC1037,ZZZ_SERVICE - LEGAL - HC1037(Do Not Use),SERVICE,LEGAL,HC10,Total_Pharma_Services,No,INF_BATCH,2024-07-05 08:48:47.548,INF_BATCH,2026-01-23 23:16:33.522,INF_R360
HC1038,ZZZ_SERVICE - QUALITY - HC1038(Do Not Use),SERVICE,QUALITY,HC10,Total_Pharma_Services,No,INF_BATCH,2024-07-05 08:48:47.548,INF_BATCH,2026-01-23 23:16:33.522,INF_R360
HC1040,ZZZ_SERVICE - REGULATORY - HC1040(Do Not Use),SERVICE,REGULATORY,HC10,Total_Pharma_Services,No,INF_BATCH,2024-07-05 08:48:47.548,INF_BATCH,2026-01-23 23:16:33.522,INF_R360
HC1050,ZZZ_SERVICE - PHARMACOVIGILANCE - HC1050(Do Not Use),SERVICE,PHARMACOVIGILANCE,HC10,Total_Pharma_Services,No,INF_BATCH,2024-07-05 08:48:47.548,INF_BATCH,2026-01-23 23:16:33.522,INF_R360
HD,ZZZ_UNIT - Bioverativ - HD(Do Not Use),UNIT,Bioverativ,H,Total_Pharma_Services,No,INF_BATCH,2024-07-05 08:48:47.548,INF_BATCH,2026-01-23 23:16:33.522,INF_R360
HD10,ZZZ_DEPARTMENT - Bioverativ - HD10(Do Not Use),DEPARTMENT,Bioverativ,HD,Total_Pharma_Services,No,INF_BATCH,2024-07-05 08:48:47.548,INF_BATCH,2026-01-23 23:16:33.522,INF_R360
HD1010,ZZZ_SERVICE - DEVELOPMENT - HD1010(Do Not Use),SERVICE,DEVELOPMENT,HD10,Total_Pharma_Services,No,INF_BATCH,2024-07-05 08:48:47.548,INF_BATCH,2026-01-23 23:16:33.522,INF_R360
HD1020,ZZZ_SERVICE - RESEARCH - HD1020(Do Not Use),SERVICE,RESEARCH,HD10,Total_Pharma_Services,No,INF_BATCH,2024-07-05 08:48:47.548,INF_BATCH,2026-01-23 23:16:33.522,INF_R360
HD1030,ZZZ_SERVICE - R&D OPERATIONS - HD1030(Do Not Use),SERVICE,R&D OPERATIONS,HD10,Total_Pharma_Services,No,INF_BATCH,2024-07-05 08:48:47.548,INF_BATCH,2026-01-23 23:16:33.522,INF_R360
HD1040,ZZZ_SERVICE - REGULATORY - HD1040(Do Not Use),SERVICE,REGULATORY,HD10,Total_Pharma_Services,No,INF_BATCH,2024-07-05 08:48:47.548,INF_BATCH,2026-01-23 23:16:33.522,INF_R360
HD1050,ZZZ_SERVICE - HUB - HD1050(Do Not Use),SERVICE,HUB,HD10,Total_Pharma_Services,No,INF_BATCH,2024-07-05 08:48:47.548,INF_BATCH,2026-01-23 23:16:33.522,INF_R360
HE,ZZZ_UNIT - Synthorx - HE(Do Not Use),UNIT,Synthorx,H,Total_Pharma_Services,No,INF_BATCH,2024-07-05 08:48:47.548,INF_BATCH,2026-01-23 23:16:33.522,INF_R360
HE10,ZZZ_DEPARTMENT - Synthorx - HE10(Do Not Use),DEPARTMENT,Synthorx,HE,Total_Pharma_Services,No,INF_BATCH,2024-07-05 08:48:47.548,INF_BATCH,2026-01-23 23:16:33.522,INF_R360
HE1010,ZZZ_SERVICE - G&A General - HE1010(Do Not Use),SERVICE,G&A General,HE10,Total_Pharma_Services,No,INF_BATCH,2024-07-05 08:48:47.548,INF_BATCH,2026-01-23 23:16:33.522,INF_R360
HE1011,ZZZ_SERVICE - Finance - HE1011(Do Not Use),SERVICE,Finance,HE10,Total_Pharma_Services,No,INF_BATCH,2024-07-05 08:48:47.548,INF_BATCH,2026-01-23 23:16:33.522,INF_R360
ID,ZZZ_UNIT - Human Resources - ID(Do Not Use),UNIT,Human Resources,I,Total_Pharma_Services,No,INF_BATCH,2024-07-05 08:48:47.548,INF_BATCH,2026-01-23 23:16:33.522,INF_R360
ID10,ZZZ_DEPARTMENT - Human Resources - ID10(Do Not Use),DEPARTMENT,Human Resources,ID,Total_Pharma_Services,No,INF_BATCH,2024-07-05 08:48:47.548,INF_BATCH,2026-01-23 23:16:33.522,INF_R360
ID1000,ZZZ_SERVICE - Human Resources - ID1000(Do Not Use),SERVICE,Human Resources,ID10,Total_Pharma_Services,No,INF_BATCH,2024-07-05 08:48:47.548,INF_BATCH,2026-01-23 23:16:33.522,INF_R360
IE,ZZZ_UNIT - ITS - IE(Do Not Use),UNIT,ITS,I,Total_Pharma_Services,No,INF_BATCH,2024-07-05 08:48:47.548,INF_BATCH,2026-01-23 23:16:33.522,INF_R360
IE10,ZZZ_DEPARTMENT - ITS - IE10(Do Not Use),DEPARTMENT,ITS,IE,Total_Pharma_Services,No,INF_BATCH,2024-07-05 08:48:47.548,INF_BATCH,2026-01-23 23:16:33.522,INF_R360
IE1000,ZZZ_SERVICE - Unit Office - IE1000(Do Not Use),SERVICE,Unit Office,IE10,Total_Pharma_Services,No,INF_BATCH,2024-07-05 08:48:47.548,INF_BATCH,2026-01-23 23:16:33.522,INF_R360
IE1001,ZZZ_SERVICE - Business Partners - IE1001(Do Not Use),SERVICE,Business Partners,IE10,Total_Pharma_Services,No,INF_BATCH,2024-07-05 08:48:47.548,INF_BATCH,2026-01-23 23:16:33.522,INF_R360
IE1002,"ZZZ_SERVICE - GSC Research, Transl Medicine, Preclinical, CS - IE1002(Do Not Use)",SERVICE,"GSC Research, Transl Medicine, Preclinical, CS",IE10,Total_Pharma_Services,No,INF_BATCH,2024-07-05 08:48:47.548,INF_BATCH,2026-01-23 23:16:33.522,INF_R360
IE1003,ZZZ_SERVICE - GSC MIM - IE1003(Do Not Use),SERVICE,GSC MIM,IE10,Total_Pharma_Services,No,INF_BATCH,2024-07-05 08:48:47.548,INF_BATCH,2026-01-23 23:16:33.522,INF_R360
IE1004,ZZZ_SERVICE - GSC Clinical - IE1004(Do Not Use),SERVICE,GSC Clinical,IE10,Total_Pharma_Services,No,INF_BATCH,2024-07-05 08:48:47.548,INF_BATCH,2026-01-23 23:16:33.522,INF_R360
IE1005,ZZZ_SERVICE - GSC Transversal - IE1005(Do Not Use),SERVICE,GSC Transversal,IE10,Total_Pharma_Services,No,INF_BATCH,2024-07-05 08:48:47.548,INF_BATCH,2026-01-23 23:16:33.522,INF_R360
IE1006,ZZZ_SERVICE - GIS - IE1006(Do Not Use),SERVICE,GIS,IE10,Total_Pharma_Services,No,INF_BATCH,2024-07-05 08:48:47.548,INF_BATCH,2026-01-23 23:16:33.522,INF_R360
IF,UNIT - Medical - IF,UNIT,Medical,I,Total_Pharma_Services,Yes,INF_BATCH,2024-07-05 08:48:47.548,INF_BATCH,2026-01-23 23:16:33.522,INF_R360
IF10,DEPARTMENT - CMO - IF10,DEPARTMENT,CMO,IF,Total_Pharma_Services,Yes,INF_BATCH,2024-07-05 08:48:47.548,INF_BATCH,2026-01-23 23:16:33.522,INF_R360
IF1000,SERVICE - CMO Direction - IF1000,SERVICE,CMO Direction,IF10,Total_Pharma_Services,Yes,INF_BATCH,2024-07-05 08:48:47.548,INF_BATCH,2026-01-23 23:16:33.522,INF_R360
IF1001,ZZZ_SERVICE - CMO to be transferred - IF1001(Do Not Use),SERVICE,CMO to be transferred,IF10,Total_Pharma_Services,No,INF_BATCH,2024-07-05 08:48:47.548,INF_BATCH,2026-01-23 23:16:33.522,INF_R360
IF11,DEPARTMENT - GPE - IF11,DEPARTMENT,GPE,IF,Total_Pharma_Services,Yes,INF_BATCH,2024-07-05 08:48:47.548,INF_BATCH,2026-01-23 23:16:33.522,INF_R360
IF1100,SERVICE - PV Direction & Global Mgt Office - IF1100,SERVICE,PV Direction & Global Mgt Office,IF11,Total_Pharma_Services,Yes,INF_BATCH,2024-07-05 08:48:47.548,INF_BATCH,2026-01-23 23:16:33.522,INF_R360
IF1101,ZZZ_SERVICE - QPPV - IF1101(Do Not Use),SERVICE,QPPV,IF11,Total_Pharma_Services,No,INF_BATCH,2024-07-05 08:48:47.548,INF_BATCH,2026-01-23 23:16:33.522,INF_R360
IF1102,ZZZ_SERVICE - Global Safety Sciences - IF1102(Do Not Use),SERVICE,Global Safety Sciences,IF11,Total_Pharma_Services,No,INF_BATCH,2024-07-05 08:48:47.548,INF_BATCH,2026-01-23 23:16:33.522,INF_R360
IF1103,ZZZ_SERVICE - Global PV Operations - IF1103(Do Not Use),SERVICE,Global PV Operations,IF11,Total_Pharma_Services,No,INF_BATCH,2024-07-05 08:48:47.548,INF_BATCH,2026-01-23 23:16:33.522,INF_R360
IF1104,ZZZ_SERVICE - Global PV Quality - IF1104(Do Not Use),SERVICE,Global PV Quality,IF11,Total_Pharma_Services,No,INF_BATCH,2024-07-05 08:48:47.548,INF_BATCH,2026-01-23 23:16:33.522,INF_R360
IF1105,ZZZ_SERVICE - Regions Safety - IF1105(Do Not Use),SERVICE,Regions Safety,IF11,Total_Pharma_Services,No,INF_BATCH,2024-07-05 08:48:47.548,INF_BATCH,2026-01-23 23:16:33.522,INF_R360
IF1106,ZZZ_SERVICE - Sanofi Pasteur GBU PV - IF1106(Do Not Use),SERVICE,Sanofi Pasteur GBU PV,IF11,Total_Pharma_Services,No,INF_BATCH,2024-07-05 08:48:47.548,INF_BATCH,2026-01-23 23:16:33.522,INF_R360
IF1107,ZZZ_SERVICE - DCV GBU PV - IF1107(Do Not Use),SERVICE,DCV GBU PV,IF11,Total_Pharma_Services,No,INF_BATCH,2024-07-05 08:48:47.548,INF_BATCH,2026-01-23 23:16:33.522,INF_R360
IF1108,ZZZ_SERVICE - GEM GBU PV - IF1108(Do Not Use),SERVICE,GEM GBU PV,IF11,Total_Pharma_Services,No,INF_BATCH,2024-07-05 08:48:47.548,INF_BATCH,2026-01-23 23:16:33.522,INF_R360
IF1109,ZZZ_SERVICE - Sanofi Genzyme GBU PV - IF1109(Do Not Use),SERVICE,Sanofi Genzyme GBU PV,IF11,Total_Pharma_Services,No,INF_BATCH,2024-07-05 08:48:47.548,INF_BATCH,2026-01-23 23:16:33.522,INF_R360
IG,ZZZ_UNIT - Quality - IG(Do Not Use),UNIT,Quality,I,Total_Pharma_Services,No,INF_BATCH,2024-07-05 08:48:47.548,INF_BATCH,2026-01-23 23:16:33.522,INF_R360
IG10,ZZZ_DEPARTMENT - Quality - IG10(Do Not Use),DEPARTMENT,Quality,IG,Total_Pharma_Services,No,INF_BATCH,2024-07-05 08:48:47.548,INF_BATCH,2026-01-23 23:16:33.522,INF_R360
IG1000,ZZZ_SERVICE - Quality - IG1000(Do Not Use),SERVICE,Quality,IG10,Total_Pharma_Services,No,INF_BATCH,2024-07-05 08:48:47.548,INF_BATCH,2026-01-23 23:16:33.522,INF_R360
IH,UNIT - Strategy & Business Development - IH,UNIT,Strategy & Business Development,I,Total_Pharma_Services,Yes,INF_BATCH,2024-07-05 08:48:47.548,INF_BATCH,2026-01-23 23:16:33.522,INF_R360
IH10,DEPARTMENT - Strategy & Business Development - IH10,DEPARTMENT,Strategy & Business Development,IH,Total_Pharma_Services,Yes,INF_BATCH,2024-07-05 08:48:47.548,INF_BATCH,2026-01-23 23:16:33.522,INF_R360
IH1000,SERVICE - Strategy & Business Development - IH1000,SERVICE,Strategy & Business Development,IH10,Total_Pharma_Services,Yes,INF_BATCH,2024-07-05 08:48:47.548,INF_BATCH,2026-01-23 23:16:33.522,INF_R360
II,ZZZ_UNIT - Public Affairs - II(Do Not Use),UNIT,Public Affairs,I,Total_Pharma_Services,No,INF_BATCH,2024-07-05 08:48:47.548,INF_BATCH,2026-01-23 23:16:33.522,INF_R360
II10,ZZZ_DEPARTMENT - Public Affairs - II10(Do Not Use),DEPARTMENT,Public Affairs,II,Total_Pharma_Services,No,INF_BATCH,2024-07-05 08:48:47.548,INF_BATCH,2026-01-23 23:16:33.522,INF_R360
II1000,ZZZ_SERVICE - Public Affairs - II1000(Do Not Use),SERVICE,Public Affairs,II10,Total_Pharma_Services,No,INF_BATCH,2024-07-05 08:48:47.548,INF_BATCH,2026-01-23 23:16:33.522,INF_R360
IJ,ZZZ_UNIT - CSR - IJ(Do Not Use),UNIT,CSR,I,Total_Pharma_Services,No,INF_BATCH,2024-07-05 08:48:47.548,INF_BATCH,2026-01-23 23:16:33.522,INF_R360
IJ10,ZZZ_DEPARTMENT - CSR - IJ10(Do Not Use),DEPARTMENT,CSR,IJ,Total_Pharma_Services,No,INF_BATCH,2024-07-05 08:48:47.548,INF_BATCH,2026-01-23 23:16:33.522,INF_R360
IJ1000,ZZZ_SERVICE - CSR - IJ1000(Do Not Use),SERVICE,CSR,IJ10,Total_Pharma_Services,No,INF_BATCH,2024-07-05 08:48:47.548,INF_BATCH,2026-01-23 23:16:33.522,INF_R360
IK,ZZZ_UNIT - Non R&D perimeter - IK(Do Not Use),UNIT,Non R&D perimeter,I,Total_Pharma_Services,No,INF_BATCH,2024-07-05 08:48:47.548,INF_BATCH,2026-01-23 23:16:33.522,INF_R360
IK10,ZZZ_DEPARTMENT - Health Economics & Outcome Research - IK10(Do Not Use),DEPARTMENT,Health Economics & Outcome Research,IK,Total_Pharma_Services,No,INF_BATCH,2024-07-05 08:48:47.548,INF_BATCH,2026-01-23 23:16:33.522,INF_R360
IK1000,ZZZ_SERVICE - Health Economics & Outcome Research - IK1000(Do Not Use),SERVICE,Health Economics & Outcome Research,IK10,Total_Pharma_Services,No,INF_BATCH,2024-07-05 08:48:47.548,INF_BATCH,2026-01-23 23:16:33.522,INF_R360
J,PILLAR - Global CMC Development - J,PILLAR,Global CMC Development,TOTAL_PHARMA_SERVICES,Total_Pharma_Services,Yes,INF_BATCH,2024-07-05 08:48:47.548,INF_BATCH,2026-01-23 23:16:33.522,INF_R360
JA,ZZZ_UNIT - Biologics Development - JA(Do Not Use),UNIT,Biologics Development,J,Total_Pharma_Services,No,INF_BATCH,2024-07-05 08:48:47.548,INF_BATCH,2026-01-23 23:16:33.522,INF_R360
JA10,ZZZ_DEPARTMENT - Biologics Dev Direction - JA10(Do Not Use),DEPARTMENT,Biologics Dev Direction,JA,Total_Pharma_Services,No,INF_BATCH,2024-07-05 08:48:47.548,INF_BATCH,2026-01-23 23:16:33.522,INF_R360
JA1000,ZZZ_SERVICE - Global Direction - JA1000(Do Not Use),SERVICE,Global Direction,JA10,Total_Pharma_Services,No,INF_BATCH,2024-07-05 08:48:47.548,INF_BATCH,2026-01-23 23:16:33.522,INF_R360
JA11,ZZZ_DEPARTMENT - Cell Culture Dev - JA11(Do Not Use),DEPARTMENT,Cell Culture Dev,JA,Total_Pharma_Services,No,INF_BATCH,2024-07-05 08:48:47.548,INF_BATCH,2026-01-23 23:16:33.522,INF_R360
JA1100,ZZZ_SERVICE - Cell Culture Dev - JA1100(Do Not Use),SERVICE,Cell Culture Dev,JA11,Total_Pharma_Services,No,INF_BATCH,2024-07-05 08:48:47.548,INF_BATCH,2026-01-23 23:16:33.522,INF_R360
JA1101,ZZZ_SERVICE - Cell Line Dev - JA1101(Do Not Use),SERVICE,Cell Line Dev,JA11,Total_Pharma_Services,No,INF_BATCH,2024-07-05 08:48:47.548,INF_BATCH,2026-01-23 23:16:33.522,INF_R360
JA12,ZZZ_DEPARTMENT - Purification Dev - JA12(Do Not Use),DEPARTMENT,Purification Dev,JA,Total_Pharma_Services,No,INF_BATCH,2024-07-05 08:48:47.548,INF_BATCH,2026-01-23 23:16:33.522,INF_R360
JA1200,ZZZ_SERVICE - Purification Dev - JA1200(Do Not Use),SERVICE,Purification Dev,JA12,Total_Pharma_Services,No,INF_BATCH,2024-07-05 08:48:47.548,INF_BATCH,2026-01-23 23:16:33.522,INF_R360
JA1201,ZZZ_SERVICE - Continuous Mfg. Skill Centers - JA1201(Do Not Use),SERVICE,Continuous Mfg. Skill Centers,JA12,Total_Pharma_Services,No,INF_BATCH,2024-07-05 08:48:47.548,INF_BATCH,2026-01-23 23:16:33.522,INF_R360
JA13,ZZZ_DEPARTMENT - BioAnalytics - JA13(Do Not Use),DEPARTMENT,BioAnalytics,JA,Total_Pharma_Services,No,INF_BATCH,2024-07-05 08:48:47.548,INF_BATCH,2026-01-23 23:16:33.522,INF_R360
JA1300,ZZZ_SERVICE - Bioanalytics - JA1300(Do Not Use),SERVICE,Bioanalytics,JA13,Total_Pharma_Services,No,INF_BATCH,2024-07-05 08:48:47.548,INF_BATCH,2026-01-23 23:16:33.522,INF_R360
JA14,ZZZ_DEPARTMENT - Biologics DS Mfg. - JA14(Do Not Use),DEPARTMENT,Biologics DS Mfg.,JA,Total_Pharma_Services,No,INF_BATCH,2024-07-05 08:48:47.548,INF_BATCH,2026-01-23 23:16:33.522,INF_R360
JA1400,ZZZ_SERVICE - Biologics DS Mfg. - JA1400(Do Not Use),SERVICE,Biologics DS Mfg.,JA14,Total_Pharma_Services,No,INF_BATCH,2024-07-05 08:48:47.548,INF_BATCH,2026-01-23 23:16:33.522,INF_R360
JA1401,ZZZ_SERVICE - Cell Banking - JA1401(Do Not Use),SERVICE,Cell Banking,JA14,Total_Pharma_Services,No,INF_BATCH,2024-07-05 08:48:47.548,INF_BATCH,2026-01-23 23:16:33.522,INF_R360
JA15,ZZZ_DEPARTMENT - BioProcess Engineering - JA15(Do Not Use),DEPARTMENT,BioProcess Engineering,JA,Total_Pharma_Services,No,INF_BATCH,2024-07-05 08:48:47.548,INF_BATCH,2026-01-23 23:16:33.522,INF_R360
JA1500,ZZZ_SERVICE - BioProcess Engineering - JA1500(Do Not Use),SERVICE,BioProcess Engineering,JA15,Total_Pharma_Services,No,INF_BATCH,2024-07-05 08:48:47.548,INF_BATCH,2026-01-23 23:16:33.522,INF_R360
JA16,ZZZ_DEPARTMENT - Biologics DP Dev - JA16(Do Not Use),DEPARTMENT,Biologics DP Dev,JA,Total_Pharma_Services,No,INF_BATCH,2024-07-05 08:48:47.548,INF_BATCH,2026-01-23 23:16:33.522,INF_R360
JA1600,ZZZ_SERVICE - Biologics DP Dev - JA1600(Do Not Use),SERVICE,Biologics DP Dev,JA16,Total_Pharma_Services,No,INF_BATCH,2024-07-05 08:48:47.548,INF_BATCH,2026-01-23 23:16:33.522,INF_R360
JA17,ZZZ_DEPARTMENT - Clinical Injectables Mfg. - JA17(Do Not Use),DEPARTMENT,Clinical Injectables Mfg.,JA,Total_Pharma_Services,No,INF_BATCH,2024-07-05 08:48:47.548,INF_BATCH,2026-01-23 23:16:33.522,INF_R360
JA1700,ZZZ_SERVICE - Clinical Injectables Mfg. - JA1700(Do Not Use),SERVICE,Clinical Injectables Mfg.,JA17,Total_Pharma_Services,No,INF_BATCH,2024-07-05 08:48:47.548,INF_BATCH,2026-01-23 23:16:33.522,INF_R360
JA18,ZZZ_DEPARTMENT - MicroBial Dev - JA18(Do Not Use),DEPARTMENT,MicroBial Dev,JA,Total_Pharma_Services,No,INF_BATCH,2024-07-05 08:48:47.548,INF_BATCH,2026-01-23 23:16:33.522,INF_R360
JA1800,ZZZ_SERVICE - MicroBial Dev - JA1800(Do Not Use),SERVICE,MicroBial Dev,JA18,Total_Pharma_Services,No,INF_BATCH,2024-07-05 08:48:47.548,INF_BATCH,2026-01-23 23:16:33.522,INF_R360
JA1801,ZZZ_SERVICE - Pilot Plant - JA1801(Do Not Use),SERVICE,Pilot Plant,JA18,Total_Pharma_Services,No,INF_BATCH,2024-07-05 08:48:47.548,INF_BATCH,2026-01-23 23:16:33.522,INF_R360
JA1802,ZZZ_SERVICE - Project Admin - JA1802(Do Not Use),SERVICE,Project Admin,JA18,Total_Pharma_Services,No,INF_BATCH,2024-07-05 08:48:47.548,INF_BATCH,2026-01-23 23:16:33.522,INF_R360
JA19,ZZZ_DEPARTMENT - Gene Therapy - JA19(Do Not Use),DEPARTMENT,Gene Therapy,JA,Total_Pharma_Services,No,INF_BATCH,2024-07-05 08:48:47.548,INF_BATCH,2026-01-23 23:16:33.522,INF_R360
JA1901,ZZZ_SERVICE - Gene Therapy - JA1901(Do Not Use),SERVICE,Gene Therapy,JA19,Total_Pharma_Services,No,INF_BATCH,2024-07-05 08:48:47.548,INF_BATCH,2026-01-23 23:16:33.522,INF_R360
JB,ZZZ_UNIT - IA Injectable Manuf. & Device - JB(Do Not Use),UNIT,IA Injectable Manuf. & Device,J,Total_Pharma_Services,No,INF_BATCH,2024-07-05 08:48:47.548,INF_BATCH,2026-01-23 23:16:33.522,INF_R360
JB10,ZZZ_DEPARTMENT - IA Injectable Manuf. & Device - JB10(Do Not Use),DEPARTMENT,IA Injectable Manuf. & Device,JB,Total_Pharma_Services,No,INF_BATCH,2024-07-05 08:48:47.548,INF_BATCH,2026-01-23 23:16:33.522,INF_R360
JB1001,ZZZ_SERVICE - IA LE TRAIT DP - JB1001(Do Not Use),SERVICE,IA LE TRAIT DP,JB10,Total_Pharma_Services,No,INF_BATCH,2024-07-05 08:48:47.548,INF_BATCH,2026-01-23 23:16:33.522,INF_R360
JB1002,ZZZ_SERVICE - IA Waterford DP - JB1002(Do Not Use),SERVICE,IA Waterford DP,JB10,Total_Pharma_Services,No,INF_BATCH,2024-07-05 08:48:47.548,INF_BATCH,2026-01-23 23:16:33.522,INF_R360
JB1003,ZZZ_SERVICE - IA SFB&O - JB1003(Do Not Use),SERVICE,IA SFB&O,JB10,Total_Pharma_Services,No,INF_BATCH,2024-07-05 08:48:47.548,INF_BATCH,2026-01-23 23:16:33.522,INF_R360
JB1004,ZZZ_SERVICE - IA SFD - JB1004(Do Not Use),SERVICE,IA SFD,JB10,Total_Pharma_Services,No,INF_BATCH,2024-07-05 08:48:47.548,INF_BATCH,2026-01-23 23:16:33.522,INF_R360
JB1005,ZZZ_SERVICE - IA MED - JB1005(Do Not Use),SERVICE,IA MED,JB10,Total_Pharma_Services,No,INF_BATCH,2024-07-05 08:48:47.548,INF_BATCH,2026-01-23 23:16:33.522,INF_R360
JB1006,ZZZ_SERVICE - IA SFI - JB1006(Do Not Use),SERVICE,IA SFI,JB10,Total_Pharma_Services,No,INF_BATCH,2024-07-05 08:48:47.548,INF_BATCH,2026-01-23 23:16:33.522,INF_R360
JB1007,ZZZ_SERVICE - IA BLP - JB1007(Do Not Use),SERVICE,IA BLP,JB10,Total_Pharma_Services,No,INF_BATCH,2024-07-05 08:48:47.548,INF_BATCH,2026-01-23 23:16:33.522,INF_R360
JC,ZZZ_UNIT - Regeneron - Biopharmaceutics Dev - JC(Do Not Use),UNIT,Regeneron - Biopharmaceutics Dev,J,Total_Pharma_Services,No,INF_BATCH,2024-07-05 08:48:47.548,INF_BATCH,2026-01-23 23:16:33.522,INF_R360
JC99,ZZZ_DEPARTMENT - Regeneron - Biopharmaceutics Dev - JC99(Do Not Use),DEPARTMENT,Regeneron - Biopharmaceutics Dev,JC,Total_Pharma_Services,No,INF_BATCH,2024-07-05 08:48:47.548,INF_BATCH,2026-01-23 23:16:33.522,INF_R360
JC9900,ZZZ_SERVICE - Biopharma REGN Dev - JC9900(Do Not Use),SERVICE,Biopharma REGN Dev,JC99,Total_Pharma_Services,No,INF_BATCH,2024-07-05 08:48:47.548,INF_BATCH,2026-01-23 23:16:33.522,INF_R360
JD,UNIT - Global CMC Development - JD,UNIT,Global CMC Development,J,Total_Pharma_Services,Yes,INF_BATCH,2024-07-05 08:48:47.548,INF_BATCH,2026-01-23 23:16:33.522,INF_R360
JD10,DEPARTMENT - Direction - Strategy & Effectiveness - JD10,DEPARTMENT,Direction - Strategy & Effectiveness,JD,Total_Pharma_Services,Yes,INF_BATCH,2024-07-05 08:48:47.548,INF_BATCH,2026-01-23 23:16:33.522,INF_R360
JD1001,SERVICE - Direction Strategy & Effectiveness - JD1001,SERVICE,Direction Strategy & Effectiveness,JD10,Total_Pharma_Services,Yes,INF_BATCH,2024-07-05 08:48:47.548,INF_BATCH,2026-01-23 23:16:33.522,INF_R360
JD1002,SERVICE - Data Science - JD1002,SERVICE,Data Science,JD10,Total_Pharma_Services,Yes,INF_BATCH,2024-07-05 08:48:47.548,INF_BATCH,2026-01-23 23:16:33.522,INF_R360
JD20,DEPARTMENT - GPM CMC - JD20,DEPARTMENT,GPM CMC,JD,Total_Pharma_Services,Yes,INF_BATCH,2024-07-05 08:48:47.548,INF_BATCH,2026-01-23 23:16:33.522,INF_R360
JD2001,SERVICE - Direction and Portf Mgt - JD2001,SERVICE,Direction and Portf Mgt,JD20,Total_Pharma_Services,Yes,INF_BATCH,2024-07-05 08:48:47.548,INF_BATCH,2026-01-23 23:16:33.522,INF_R360
JD2002,SERVICE - Project Excellence - JD2002,SERVICE,Project Excellence,JD20,Total_Pharma_Services,Yes,INF_BATCH,2024-07-05 08:48:47.548,INF_BATCH,2026-01-23 23:16:33.522,INF_R360
JD2003,SERVICE - Demand & Supply - JD2003,SERVICE,Demand & Supply,JD20,Total_Pharma_Services,Yes,INF_BATCH,2024-07-05 08:48:47.548,INF_BATCH,2026-01-23 23:16:33.522,INF_R360
JD2004,SERVICE - Dossier - JD2004,SERVICE,Dossier,JD20,Total_Pharma_Services,Yes,INF_BATCH,2024-07-05 08:48:47.548,INF_BATCH,2026-01-23 23:16:33.522,INF_R360
JD2005,SERVICE - Project Cluster Microbial - JD2005,SERVICE,Project Cluster Microbial,JD20,Total_Pharma_Services,Yes,INF_BATCH,2024-07-05 08:48:47.548,INF_BATCH,2026-01-23 23:16:33.522,INF_R360
JD2006,SERVICE - Project Cluster Mammalian - JD2006,SERVICE,Project Cluster Mammalian,JD20,Total_Pharma_Services,Yes,INF_BATCH,2024-07-05 08:48:47.548,INF_BATCH,2026-01-23 23:16:33.522,INF_R360
JD2007,SERVICE - Project Cluster GMU - JD2007,SERVICE,Project Cluster GMU,JD20,Total_Pharma_Services,Yes,INF_BATCH,2024-07-05 08:48:47.548,INF_BATCH,2026-01-23 23:16:33.522,INF_R360
JD2008,SERVICE - Project Cluster Synthetics - JD2008,SERVICE,Project Cluster Synthetics,JD20,Total_Pharma_Services,Yes,INF_BATCH,2024-07-05 08:48:47.548,INF_BATCH,2026-01-23 23:16:33.522,INF_R360
JD30,DEPARTMENT - RnD Global Quality Operations - JD30,DEPARTMENT,RnD Global Quality Operations,JD,Total_Pharma_Services,Yes,INF_BATCH,2024-07-05 08:48:47.548,INF_BATCH,2026-01-23 23:16:33.522,INF_R360
JD3001,SERVICE - RnD Global Quality Operations - JD3001,SERVICE,RnD Global Quality Operations,JD30,Total_Pharma_Services,Yes,INF_BATCH,2024-07-05 08:48:47.548,INF_BATCH,2026-01-23 23:16:33.522,INF_R360
JD3002,SERVICE - Compliance - JD3002,SERVICE,Compliance,JD30,Total_Pharma_Services,Yes,INF_BATCH,2024-07-05 08:48:47.548,INF_BATCH,2026-01-23 23:16:33.522,INF_R360
JD3003,SERVICE - CSCO - JD3003,SERVICE,CSCO,JD30,Total_Pharma_Services,Yes,INF_BATCH,2024-07-05 08:48:47.548,INF_BATCH,2026-01-23 23:16:33.522,INF_R360
JD3004,SERVICE - PQM - JD3004,SERVICE,PQM,JD30,Total_Pharma_Services,Yes,INF_BATCH,2024-07-05 08:48:47.548,INF_BATCH,2026-01-23 23:16:33.522,INF_R360
JD3005,SERVICE - QMS - JD3005,SERVICE,QMS,JD30,Total_Pharma_Services,Yes,INF_BATCH,2024-07-05 08:48:47.548,INF_BATCH,2026-01-23 23:16:33.522,INF_R360
BN1201,SERVICE - Epidemiology - BN1201,SERVICE,Epidemiology,BN12,Total_Pharma_Services,Yes,INF_BATCH,2024-07-05 08:48:47.548,INF_BATCH,2026-01-23 23:16:33.522,INF_R360
BP,UNIT - Global Proj & Portfolio Mgmnt - BP,UNIT,Global Proj & Portfolio Mgmnt,B,Total_Pharma_Services,Yes,INF_BATCH,2024-07-05 08:48:47.548,INF_BATCH,2026-01-23 23:16:33.522,INF_R360
BP10,DEPARTMENT - GPPM Direction & Admin - BP10,DEPARTMENT,GPPM Direction & Admin,BP,Total_Pharma_Services,Yes,INF_BATCH,2024-07-05 08:48:47.548,INF_BATCH,2026-01-23 23:16:33.522,INF_R360
BP1000,SERVICE - GPPM Direction - BP1000,SERVICE,GPPM Direction,BP10,Total_Pharma_Services,Yes,INF_BATCH,2024-07-05 08:48:47.548,INF_BATCH,2026-01-23 23:16:33.522,INF_R360
BP11,DEPARTMENT - Global Project Management - BP11,DEPARTMENT,Global Project Management,BP,Total_Pharma_Services,Yes,INF_BATCH,2024-07-05 08:48:47.548,INF_BATCH,2026-01-23 23:16:33.522,INF_R360
BP1100,SERVICE - GPM I&I_DCV LCM - BP1100,SERVICE,GPM I&I_DCV LCM,BP11,Total_Pharma_Services,Yes,INF_BATCH,2024-07-05 08:48:47.548,INF_BATCH,2026-01-23 23:16:33.522,INF_R360
BP1101,SERVICE - GPM Oncology - BP1101,SERVICE,GPM Oncology,BP11,Total_Pharma_Services,Yes,INF_BATCH,2024-07-05 08:48:47.548,INF_BATCH,2026-01-23 23:16:33.522,INF_R360
BP1102,SERVICE - GPM Rare Disease/RBD - BP1102,SERVICE,GPM Rare Disease/RBD,BP11,Total_Pharma_Services,Yes,INF_BATCH,2024-07-05 08:48:47.548,INF_BATCH,2026-01-23 23:16:33.522,INF_R360
BP1103,SERVICE - GPM Neuro/Rare Disease - BP1103,SERVICE,GPM Neuro/Rare Disease,BP11,Total_Pharma_Services,Yes,INF_BATCH,2024-07-05 08:48:47.548,INF_BATCH,2026-01-23 23:16:33.522,INF_R360
BP1104,SERVICE - GPM APAC - BP1104,SERVICE,GPM APAC,BP11,Total_Pharma_Services,Yes,INF_BATCH,2024-07-05 08:48:47.548,INF_BATCH,2026-01-23 23:16:33.522,INF_R360
BP12,DEPARTMENT - Operational Planning & Capacity Mgmnt - BP12,DEPARTMENT,Operational Planning & Capacity Mgmnt,BP,Total_Pharma_Services,Yes,INF_BATCH,2024-07-05 08:48:47.548,INF_BATCH,2026-01-23 23:16:33.522,INF_R360
BP1200,SERVICE - OPCM Global - BP1200,SERVICE,OPCM Global,BP12,Total_Pharma_Services,Yes,INF_BATCH,2024-07-05 08:48:47.548,INF_BATCH,2026-01-23 23:16:33.522,INF_R360
BP1201,SERVICE - OPCM CSO - BP1201,SERVICE,OPCM CSO,BP12,Total_Pharma_Services,Yes,INF_BATCH,2024-07-05 08:48:47.548,INF_BATCH,2026-01-23 23:16:33.522,INF_R360
B66405,ZZZ_SERVICE - TRIAL OPERATIONS GENZYME - B66405(Do Not Use),SERVICE,TRIAL OPERATIONS GENZYME,ZZZ-ARCHIVES,Zzz-Archives,No,INF_BATCH,2024-07-05 08:48:47.548,INF_BATCH,2026-01-23 23:16:33.522,INF_R360
B67100,ZZZ_SERVICE - Genzyme Biologics - B67100(Do Not Use),SERVICE,Genzyme Biologics,A6710,Zzz-Archives,No,INF_BATCH,2024-07-05 08:48:47.548,INF_BATCH,2026-01-23 23:16:33.522,INF_R360
B67101,ZZZ_SERVICE - Biologics development - B67101(Do Not Use),SERVICE,Biologics development,A6710,Zzz-Archives,No,INF_BATCH,2024-07-05 08:48:47.548,INF_BATCH,2026-01-23 23:16:33.522,INF_R360
B67102,ZZZ_SERVICE - Clinical lab sciences - B67102(Do Not Use),SERVICE,Clinical lab sciences,A6710,Zzz-Archives,No,INF_BATCH,2024-07-05 08:48:47.548,INF_BATCH,2026-01-23 23:16:33.522,INF_R360
B67103,ZZZ_SERVICE - Pathology - B67103(Do Not Use),SERVICE,Pathology,A6710,Zzz-Archives,No,INF_BATCH,2024-07-05 08:48:47.548,INF_BATCH,2026-01-23 23:16:33.522,INF_R360
B67104,ZZZ_SERVICE - Pharmacology/toxicology - B67104(Do Not Use),SERVICE,Pharmacology/toxicology,A6710,Zzz-Archives,No,INF_BATCH,2024-07-05 08:48:47.548,INF_BATCH,2026-01-23 23:16:33.522,INF_R360
B67105,ZZZ_SERVICE - Mgmt/other - B67105(Do Not Use),SERVICE,Mgmt/other,A6710,Zzz-Archives,No,INF_BATCH,2024-07-05 08:48:47.548,INF_BATCH,2026-01-23 23:16:33.522,INF_R360
B68100,ZZZ_SERVICE - Technology Platform Direction & UMO - B68100(Do Not Use),SERVICE,Technology Platform Direction & UMO,A6810,Zzz-Archives,No,INF_BATCH,2024-07-05 08:48:47.548,INF_BATCH,2026-01-23 23:16:33.522,INF_R360
B68101,ZZZ_SERVICE - Project Management - B68101(Do Not Use),SERVICE,Project Management,A6810,Zzz-Archives,No,INF_BATCH,2024-07-05 08:48:47.548,INF_BATCH,2026-01-23 23:16:33.522,INF_R360
B68102,ZZZ_SERVICE - Hits & Leads Identification - B68102(Do Not Use),SERVICE,Hits & Leads Identification,A6810,Zzz-Archives,No,INF_BATCH,2024-07-05 08:48:47.548,INF_BATCH,2026-01-23 23:16:33.522,INF_R360
B68103,ZZZ_SERVICE - Biopharm & Developability Assessment - B68103(Do Not Use),SERVICE,Biopharm & Developability Assessment,A6810,Zzz-Archives,No,INF_BATCH,2024-07-05 08:48:47.548,INF_BATCH,2026-01-23 23:16:33.522,INF_R360
B68104,ZZZ_SERVICE - Therapeutic Solutions - B68104(Do Not Use),SERVICE,Therapeutic Solutions,A6810,Zzz-Archives,No,INF_BATCH,2024-07-05 08:48:47.548,INF_BATCH,2026-01-23 23:16:33.522,INF_R360
B68105,ZZZ_SERVICE - In Silico Sciences & Transversal Data - B68105(Do Not Use),SERVICE,In Silico Sciences & Transversal Data,A6810,Zzz-Archives,No,INF_BATCH,2024-07-05 08:48:47.548,INF_BATCH,2026-01-23 23:16:33.522,INF_R360
YH14,DEPARTMENT - Site Management CAN - YH14,DEPARTMENT,Site Management CAN,YH,Total_Vaccines_Services,Yes,INF_BATCH,2024-07-05 08:48:47.548,INF_BATCH,2026-01-23 23:16:33.522,INF_R360
YH1400,SERVICE - Site Management CAN - YH1400,SERVICE,Site Management CAN,YH14,Total_Vaccines_Services,Yes,INF_BATCH,2024-07-05 08:48:47.548,INF_BATCH,2026-01-23 23:16:33.522,INF_R360
YH15,DEPARTMENT - Site Management FR - YH15,DEPARTMENT,Site Management FR,YH,Total_Vaccines_Services,Yes,INF_BATCH,2024-07-05 08:48:47.548,INF_BATCH,2026-01-23 23:16:33.522,INF_R360
YH1500,SERVICE - Site Management FR - YH1500,SERVICE,Site Management FR,YH15,Total_Vaccines_Services,Yes,INF_BATCH,2024-07-05 08:48:47.548,INF_BATCH,2026-01-23 23:16:33.522,INF_R360
YH16,DEPARTMENT - Site Management US - YH16,DEPARTMENT,Site Management US,YH,Total_Vaccines_Services,Yes,INF_BATCH,2024-07-05 08:48:47.548,INF_BATCH,2026-01-23 23:16:33.522,INF_R360
YH1600,SERVICE - Site Management US - YH1600,SERVICE,Site Management US,YH16,Total_Vaccines_Services,Yes,INF_BATCH,2024-07-05 08:48:47.548,INF_BATCH,2026-01-23 23:16:33.522,INF_R360
YH17,DEPARTMENT - R&D Business Operations - YH17,DEPARTMENT,R&D Business Operations,YH,Total_Vaccines_Services,Yes,INF_BATCH,2024-07-05 08:48:47.548,INF_BATCH,2026-01-23 23:16:33.522,INF_R360
YH1700,SERVICE - R&D Business Operations - YH1700,SERVICE,R&D Business Operations,YH17,Total_Vaccines_Services,Yes,INF_BATCH,2024-07-05 08:48:47.548,INF_BATCH,2026-01-23 23:16:33.522,INF_R360
YI,UNIT - Administration - YI,UNIT,Administration,Y,Total_Vaccines_Services,Yes,INF_BATCH,2024-07-05 08:48:47.548,INF_BATCH,2026-01-23 23:16:33.522,INF_R360
YI10,DEPARTMENT - Administration - YI10,DEPARTMENT,Administration,YI,Total_Vaccines_Services,Yes,INF_BATCH,2024-07-05 08:48:47.548,INF_BATCH,2026-01-23 23:16:33.522,INF_R360
YI1000,SERVICE - Administration - YI1000,SERVICE,Administration,YI10,Total_Vaccines_Services,Yes,INF_BATCH,2024-07-05 08:48:47.548,INF_BATCH,2026-01-23 23:16:33.522,INF_R360
YI11,DEPARTMENT - Administration VIE - YI11,DEPARTMENT,Administration VIE,YI,Total_Vaccines_Services,Yes,INF_BATCH,2024-07-05 08:48:47.548,INF_BATCH,2026-01-23 23:16:33.522,INF_R360
YI1100,SERVICE - Administration VIE - YI1100,SERVICE,Administration VIE,YI11,Total_Vaccines_Services,Yes,INF_BATCH,2024-07-05 08:48:47.548,INF_BATCH,2026-01-23 23:16:33.522,INF_R360
YI12,DEPARTMENT - Expat Capture - YI12,DEPARTMENT,Expat Capture,YI,Total_Vaccines_Services,Yes,INF_BATCH,2024-07-05 08:48:47.548,INF_BATCH,2026-01-23 23:16:33.522,INF_R360
YI1200,SERVICE - Expat Capture - YI1200,SERVICE,Expat Capture,YI12,Total_Vaccines_Services,Yes,INF_BATCH,2024-07-05 08:48:47.548,INF_BATCH,2026-01-23 23:16:33.522,INF_R360
YJ,UNIT - Global Immunology - YJ,UNIT,Global Immunology,Y,Total_Vaccines_Services,Yes,INF_BATCH,2024-07-05 08:48:47.548,INF_BATCH,2026-01-23 23:16:33.522,INF_R360
YJ10,DEPARTMENT - R&D   Global Immunology Management Office - YJ10,DEPARTMENT,R&D   Global Immunology Management Office,YJ,Total_Vaccines_Services,Yes,INF_BATCH,2024-07-05 08:48:47.548,INF_BATCH,2026-01-23 23:16:33.522,INF_R360
YJ1000,SERVICE - R&D   Global Immunology Management Office - YJ1000,SERVICE,R&D   Global Immunology Management Office,YJ10,Total_Vaccines_Services,Yes,INF_BATCH,2024-07-05 08:48:47.548,INF_BATCH,2026-01-23 23:16:33.522,INF_R360
YJ11,DEPARTMENT - R&D   Late-Stage Immunology - YJ11,DEPARTMENT,R&D   Late-Stage Immunology,YJ,Total_Vaccines_Services,Yes,INF_BATCH,2024-07-05 08:48:47.548,INF_BATCH,2026-01-23 23:16:33.522,INF_R360
YJ1100,SERVICE - R&D   Late-Stage Immunology - YJ1100,SERVICE,R&D   Late-Stage Immunology,YJ11,Total_Vaccines_Services,Yes,INF_BATCH,2024-07-05 08:48:47.548,INF_BATCH,2026-01-23 23:16:33.522,INF_R360
YJ12,DEPARTMENT - R&D   Human Exploratory Immunology - YJ12,DEPARTMENT,R&D   Human Exploratory Immunology,YJ,Total_Vaccines_Services,Yes,INF_BATCH,2024-07-05 08:48:47.548,INF_BATCH,2026-01-23 23:16:33.522,INF_R360
YJ1200,SERVICE - R&D   Human Exploratory Immunology - YJ1200,SERVICE,R&D   Human Exploratory Immunology,YJ12,Total_Vaccines_Services,Yes,INF_BATCH,2024-07-05 08:48:47.548,INF_BATCH,2026-01-23 23:16:33.522,INF_R360
YJ13,DEPARTMENT - R&D   Early Stage Immunology - YJ13,DEPARTMENT,R&D   Early Stage Immunology,YJ,Total_Vaccines_Services,Yes,INF_BATCH,2024-07-05 08:48:47.548,INF_BATCH,2026-01-23 23:16:33.522,INF_R360
YJ1300,SERVICE - R&D   Early Stage Immunology - YJ1300,SERVICE,R&D   Early Stage Immunology,YJ13,Total_Vaccines_Services,Yes,INF_BATCH,2024-07-05 08:48:47.548,INF_BATCH,2026-01-23 23:16:33.522,INF_R360
YJ14,DEPARTMENT - R&D   Project Management & Functional Planning - YJ14,DEPARTMENT,R&D   Project Management & Functional Planning,YJ,Total_Vaccines_Services,Yes,INF_BATCH,2024-07-05 08:48:47.548,INF_BATCH,2026-01-23 23:16:33.522,INF_R360
YJ1400,SERVICE - R&D   Project Management & Functional Planning - YJ1400,SERVICE,R&D   Project Management & Functional Planning,YJ14,Total_Vaccines_Services,Yes,INF_BATCH,2024-07-05 08:48:47.548,INF_BATCH,2026-01-23 23:16:33.522,INF_R360
YJ15,DEPARTMENT - R&D   Non Clinical Safety - YJ15,DEPARTMENT,R&D   Non Clinical Safety,YJ,Total_Vaccines_Services,Yes,INF_BATCH,2024-07-05 08:48:47.548,INF_BATCH,2026-01-23 23:16:33.522,INF_R360
YJ1500,SERVICE - R&D   Non Clinical Safety - YJ1500,SERVICE,R&D   Non Clinical Safety,YJ15,Total_Vaccines_Services,Yes,INF_BATCH,2024-07-05 08:48:47.548,INF_BATCH,2026-01-23 23:16:33.522,INF_R360
YK,UNIT - Development Portfolio Strategy - YK,UNIT,Development Portfolio Strategy,Y,Total_Vaccines_Services,Yes,INF_BATCH,2024-07-05 08:48:47.548,INF_BATCH,2026-01-23 23:16:33.522,INF_R360
YK10,DEPARTMENT - Development Portfolio Strategy - YK10,DEPARTMENT,Development Portfolio Strategy,YK,Total_Vaccines_Services,Yes,INF_BATCH,2024-07-05 08:48:47.548,INF_BATCH,2026-01-23 23:16:33.522,INF_R360
YK1000,SERVICE - Development Portfolio Strategy - YK1000,SERVICE,Development Portfolio Strategy,YK10,Total_Vaccines_Services,Yes,INF_BATCH,2024-07-05 08:48:47.548,INF_BATCH,2026-01-23 23:16:33.522,INF_R360
YL,UNIT - Infrastructure - YL,UNIT,Infrastructure,Y,Total_Vaccines_Services,Yes,INF_BATCH,2024-07-05 08:48:47.548,INF_BATCH,2026-01-23 23:16:33.522,INF_R360
YL10,DEPARTMENT - CA R&D Allocations - YL10,DEPARTMENT,CA R&D Allocations,YL,Total_Vaccines_Services,Yes,INF_BATCH,2024-07-05 08:48:47.548,INF_BATCH,2026-01-23 23:16:33.522,INF_R360
YL1000,SERVICE - CA R&D Allocations - YL1000,SERVICE,CA R&D Allocations,YL10,Total_Vaccines_Services,Yes,INF_BATCH,2024-07-05 08:48:47.548,INF_BATCH,2026-01-23 23:16:33.522,INF_R360
YL11,DEPARTMENT - Intangible Amort. - YL11,DEPARTMENT,Intangible Amort.,YL,Total_Vaccines_Services,Yes,INF_BATCH,2024-07-05 08:48:47.548,INF_BATCH,2026-01-23 23:16:33.522,INF_R360
YL1100,SERVICE - Intangible Amort. - YL1100,SERVICE,Intangible Amort.,YL11,Total_Vaccines_Services,Yes,INF_BATCH,2024-07-05 08:48:47.548,INF_BATCH,2026-01-23 23:16:33.522,INF_R360
YL12,DEPARTMENT - IS allocations - YL12,DEPARTMENT,IS allocations,YL,Total_Vaccines_Services,Yes,INF_BATCH,2024-07-05 08:48:47.548,INF_BATCH,2026-01-23 23:16:33.522,INF_R360
YL1200,SERVICE - IS allocations - YL1200,SERVICE,IS allocations,YL12,Total_Vaccines_Services,Yes,INF_BATCH,2024-07-05 08:48:47.548,INF_BATCH,2026-01-23 23:16:33.522,INF_R360
YL13,DEPARTMENT - Sites Allocations - YL13,DEPARTMENT,Sites Allocations,YL,Total_Vaccines_Services,Yes,INF_BATCH,2024-07-05 08:48:47.548,INF_BATCH,2026-01-23 23:16:33.522,INF_R360
YL1300,SERVICE - Sites Allocations - YL1300,SERVICE,Sites Allocations,YL13,Total_Vaccines_Services,Yes,INF_BATCH,2024-07-05 08:48:47.548,INF_BATCH,2026-01-23 23:16:33.522,INF_R360
YL14,DEPARTMENT - Tangible Amort. - YL14,DEPARTMENT,Tangible Amort.,YL,Total_Vaccines_Services,Yes,INF_BATCH,2024-07-05 08:48:47.548,INF_BATCH,2026-01-23 23:16:33.522,INF_R360
YL1400,SERVICE - Tangible Amort. - YL1400,SERVICE,Tangible Amort.,YL14,Total_Vaccines_Services,Yes,INF_BATCH,2024-07-05 08:48:47.548,INF_BATCH,2026-01-23 23:16:33.522,INF_R360
YM,UNIT - Acceleration & Efficiency - YM,UNIT,Acceleration & Efficiency,Y,Total_Vaccines_Services,Yes,INF_BATCH,2024-07-05 08:48:47.548,INF_BATCH,2026-01-23 23:16:33.522,INF_R360
YM10,DEPARTMENT - Acceleration & Efficiency - YM10,DEPARTMENT,Acceleration & Efficiency,YM,Total_Vaccines_Services,Yes,INF_BATCH,2024-07-05 08:48:47.548,INF_BATCH,2026-01-23 23:16:33.522,INF_R360
YM1000,SERVICE - Acceleration & Efficiency - YM1000,SERVICE,Acceleration & Efficiency,YM10,Total_Vaccines_Services,Yes,INF_BATCH,2024-07-05 08:48:47.548,INF_BATCH,2026-01-23 23:16:33.522,INF_R360
YN,UNIT - Government Projects - YN,UNIT,Government Projects,Y,Total_Vaccines_Services,Yes,INF_BATCH,2024-07-05 08:48:47.548,INF_BATCH,2026-01-23 23:16:33.522,INF_R360
YN10,DEPARTMENT - Government Projects - YN10,DEPARTMENT,Government Projects,YN,Total_Vaccines_Services,Yes,INF_BATCH,2024-07-05 08:48:47.548,INF_BATCH,2026-01-23 23:16:33.522,INF_R360
YN1000,SERVICE - Government Projects - YN1000,SERVICE,Government Projects,YN10,Total_Vaccines_Services,Yes,INF_BATCH,2024-07-05 08:48:47.548,INF_BATCH,2026-01-23 23:16:33.522,INF_R360
YO,UNIT - Research Portfolio Strategy - YO,UNIT,Research Portfolio Strategy,Y,Total_Vaccines_Services,Yes,INF_BATCH,2024-07-05 08:48:47.548,INF_BATCH,2026-01-23 23:16:33.522,INF_R360
YO10,DEPARTMENT - Research Portfolio Strategy - YO10,DEPARTMENT,Research Portfolio Strategy,YO,Total_Vaccines_Services,Yes,INF_BATCH,2024-07-05 08:48:47.548,INF_BATCH,2026-01-23 23:16:33.522,INF_R360
YO1000,SERVICE - Research Portfolio Strategy - YO1000,SERVICE,Research Portfolio Strategy,YO10,Total_Vaccines_Services,Yes,INF_BATCH,2024-07-05 08:48:47.548,INF_BATCH,2026-01-23 23:16:33.522,INF_R360
YP,UNIT - Business Development - YP,UNIT,Business Development,Y,Total_Vaccines_Services,Yes,INF_BATCH,2024-07-05 08:48:47.548,INF_BATCH,2026-01-23 23:16:33.522,INF_R360
YP10,DEPARTMENT - Business Development - YP10,DEPARTMENT,Business Development,YP,Total_Vaccines_Services,Yes,INF_BATCH,2024-07-05 08:48:47.548,INF_BATCH,2026-01-23 23:16:33.522,INF_R360
YP1000,SERVICE - Business Development - YP1000,SERVICE,Business Development,YP10,Total_Vaccines_Services,Yes,INF_BATCH,2024-07-05 08:48:47.548,INF_BATCH,2026-01-23 23:16:33.522,INF_R360
YQ,UNIT - M&S Support to NV - YQ,UNIT,M&S Support to NV,Y,Total_Vaccines_Services,Yes,INF_BATCH,2024-07-05 08:48:47.548,INF_BATCH,2026-01-23 23:16:33.522,INF_R360
YQ10,DEPARTMENT - M&S Support to NV - YQ10,DEPARTMENT,M&S Support to NV,YQ,Total_Vaccines_Services,Yes,INF_BATCH,2024-07-05 08:48:47.548,INF_BATCH,2026-01-23 23:16:33.522,INF_R360
YQ1000,SERVICE - M&S Support to NV - YQ1000,SERVICE,M&S Support to NV,YQ10,Total_Vaccines_Services,Yes,INF_BATCH,2024-07-05 08:48:47.548,INF_BATCH,2026-01-23 23:16:33.522,INF_R360
YR,UNIT - Chargebacks and Grants - YR,UNIT,Chargebacks and Grants,Y,Total_Vaccines_Services,Yes,INF_BATCH,2024-07-05 08:48:47.548,INF_BATCH,2026-01-23 23:16:33.522,INF_R360
YR10,DEPARTMENT - Chargeback to IndOps - YR10,DEPARTMENT,Chargeback to IndOps,YR,Total_Vaccines_Services,Yes,INF_BATCH,2024-07-05 08:48:47.548,INF_BATCH,2026-01-23 23:16:33.522,INF_R360
YR1000,SERVICE - Chargeback to IndOps - YR1000,SERVICE,Chargeback to IndOps,YR10,Total_Vaccines_Services,Yes,INF_BATCH,2024-07-05 08:48:47.548,INF_BATCH,2026-01-23 23:16:33.522,INF_R360
YR11,DEPARTMENT - Chargeback VaxDesign - YR11,DEPARTMENT,Chargeback VaxDesign,YR,Total_Vaccines_Services,Yes,INF_BATCH,2024-07-05 08:48:47.548,INF_BATCH,2026-01-23 23:16:33.522,INF_R360
YR1100,SERVICE - Chargeback VaxDesign - YR1100,SERVICE,Chargeback VaxDesign,YR11,Total_Vaccines_Services,Yes,INF_BATCH,2024-07-05 08:48:47.548,INF_BATCH,2026-01-23 23:16:33.522,INF_R360
YR12,DEPARTMENT - CB PanFlu to BARDA - YR12,DEPARTMENT,CB PanFlu to BARDA,YR,Total_Vaccines_Services,Yes,INF_BATCH,2024-07-05 08:48:47.548,INF_BATCH,2026-01-23 23:16:33.522,INF_R360
YR1200,SERVICE - CB PanFlu to BARDA - YR1200,SERVICE,CB PanFlu to BARDA,YR12,Total_Vaccines_Services,Yes,INF_BATCH,2024-07-05 08:48:47.548,INF_BATCH,2026-01-23 23:16:33.522,INF_R360
YR13,DEPARTMENT - External Funding - YR13,DEPARTMENT,External Funding,YR,Total_Vaccines_Services,Yes,INF_BATCH,2024-07-05 08:48:47.548,INF_BATCH,2026-01-23 23:16:33.522,INF_R360
YR1300,SERVICE - External Funding - YR1300,SERVICE,External Funding,YR13,Total_Vaccines_Services,Yes,INF_BATCH,2024-07-05 08:48:47.548,INF_BATCH,2026-01-23 23:16:33.522,INF_R360
YR14,DEPARTMENT - Grants - YR14,DEPARTMENT,Grants,YR,Total_Vaccines_Services,Yes,INF_BATCH,2024-07-05 08:48:47.548,INF_BATCH,2026-01-23 23:16:33.522,INF_R360
YR1400,SERVICE - Grants - YR1400,SERVICE,Grants,YR14,Total_Vaccines_Services,Yes,INF_BATCH,2024-07-05 08:48:47.548,INF_BATCH,2026-01-23 23:16:33.522,INF_R360
YR15,DEPARTMENT - MCM Reimbursement - YR15,DEPARTMENT,MCM Reimbursement,YR,Total_Vaccines_Services,Yes,INF_BATCH,2024-07-05 08:48:47.548,INF_BATCH,2026-01-23 23:16:33.522,INF_R360
YR1500,SERVICE - MCM Reimbursement - YR1500,SERVICE,MCM Reimbursement,YR15,Total_Vaccines_Services,Yes,INF_BATCH,2024-07-05 08:48:47.548,INF_BATCH,2026-01-23 23:16:33.522,INF_R360
YR16,DEPARTMENT - Transfer of Expenses to Restructuring (Evotech) - YR16,DEPARTMENT,Transfer of Expenses to Restructuring (Evotech),YR,Total_Vaccines_Services,Yes,INF_BATCH,2024-07-05 08:48:47.548,INF_BATCH,2026-01-23 23:16:33.522,INF_R360
YR1600,SERVICE - Transfer of Expenses to Restructuring (Evotech) - YR1600,SERVICE,Transfer of Expenses to Restructuring (Evotech),YR16,Total_Vaccines_Services,Yes,INF_BATCH,2024-07-05 08:48:47.548,INF_BATCH,2026-01-23 23:16:33.522,INF_R360
YS,UNIT - Capitalized Trial Costs - YS,UNIT,Capitalized Trial Costs,Y,Total_Vaccines_Services,Yes,INF_BATCH,2024-07-05 08:48:47.548,INF_BATCH,2026-01-23 23:16:33.522,INF_R360
YS10,DEPARTMENT - Capitalized Trial Costs - YS10,DEPARTMENT,Capitalized Trial Costs,YS,Total_Vaccines_Services,Yes,INF_BATCH,2024-07-05 08:48:47.548,INF_BATCH,2026-01-23 23:16:33.522,INF_R360
YS1000,SERVICE - Capitalized Trial Costs - YS1000,SERVICE,Capitalized Trial Costs,YS10,Total_Vaccines_Services,Yes,INF_BATCH,2024-07-05 08:48:47.548,INF_BATCH,2026-01-23 23:16:33.522,INF_R360
YT,UNIT - Industrial Development - YT,UNIT,Industrial Development,Y,Total_Vaccines_Services,Yes,INF_BATCH,2024-07-05 08:48:47.548,INF_BATCH,2026-01-23 23:16:33.522,INF_R360
YT10,DEPARTMENT - Industrial Development - YT10,DEPARTMENT,Industrial Development,YT,Total_Vaccines_Services,Yes,INF_BATCH,2024-07-05 08:48:47.548,INF_BATCH,2026-01-23 23:16:33.522,INF_R360
YT1000,SERVICE - Industrial Development - YT1000,SERVICE,Industrial Development,YT10,Total_Vaccines_Services,Yes,INF_BATCH,2024-07-05 08:48:47.548,INF_BATCH,2026-01-23 23:16:33.522,INF_R360
YU,UNIT - R542 Forex gains and losses on operation - YU,UNIT,R542 Forex gains and losses on operation,Y,Total_Vaccines_Services,Yes,INF_BATCH,2024-07-05 08:48:47.548,INF_BATCH,2026-01-23 23:16:33.522,INF_R360
YU10,DEPARTMENT - R542 Forex gains and losses on operation - YU10,DEPARTMENT,R542 Forex gains and losses on operation,YU,Total_Vaccines_Services,Yes,INF_BATCH,2024-07-05 08:48:47.548,INF_BATCH,2026-01-23 23:16:33.522,INF_R360
YU1000,SERVICE - R542 Forex gains and losses on operation - YU1000,SERVICE,R542 Forex gains and losses on operation,YU10,Total_Vaccines_Services,Yes,INF_BATCH,2024-07-05 08:48:47.548,INF_BATCH,2026-01-23 23:16:33.522,INF_R360
YV,UNIT - Global Transversal Operations - YV,UNIT,Global Transversal Operations,Y,Total_Vaccines_Services,Yes,INF_BATCH,2024-07-05 08:48:47.548,INF_BATCH,2026-01-23 23:16:33.522,INF_R360
YV0100,SERVICE - TSH Ecosystem - YV0100,SERVICE,TSH Ecosystem,YB10,Total_Vaccines_Services,Yes,INF_BATCH,2024-07-05 08:48:47.548,INF_BATCH,2026-01-23 23:16:33.522,INF_R360
YV0200,SERVICE - TSH QLD Activitity -Clinical Study - YV0200,SERVICE,TSH QLD Activitity -Clinical Study,YB10,Total_Vaccines_Services,Yes,INF_BATCH,2024-07-05 08:48:47.548,INF_BATCH,2026-01-23 23:16:33.522,INF_R360
YV0201,SERVICE - TSH QLD Activitity -Non Clinical Study - YV0201,SERVICE,TSH QLD Activitity -Non Clinical Study,YB10,Total_Vaccines_Services,Yes,INF_BATCH,2024-07-05 08:48:47.548,INF_BATCH,2026-01-23 23:16:33.522,INF_R360
YV0300,SERVICE - TSH Non QLD Activity - Clinical Study - YV0300,SERVICE,TSH Non QLD Activity - Clinical Study,YB10,Total_Vaccines_Services,Yes,INF_BATCH,2024-07-05 08:48:47.548,INF_BATCH,2026-01-23 23:16:33.522,INF_R360
YV0301,SERVICE - TSH Non QLD Activity - Non Clinical Study - YV0301,SERVICE,TSH Non QLD Activity - Non Clinical Study,YB10,Total_Vaccines_Services,Yes,INF_BATCH,2024-07-05 08:48:47.548,INF_BATCH,2026-01-23 23:16:33.522,INF_R360
YV10,DEPARTMENT - Global Transversal Operations - YV10,DEPARTMENT,Global Transversal Operations,YV,Total_Vaccines_Services,Yes,INF_BATCH,2024-07-05 08:48:47.548,INF_BATCH,2026-01-23 23:16:33.522,INF_R360
YV1000,SERVICE - Global Transversal Operations - YV1000,SERVICE,Global Transversal Operations,YV10,Total_Vaccines_Services,Yes,INF_BATCH,2024-07-05 08:48:47.548,INF_BATCH,2026-01-23 23:16:33.522,INF_R360
YV11,DEPARTMENT - Op planning & Resources Mgt - YV11,DEPARTMENT,Op planning & Resources Mgt,YV,Total_Vaccines_Services,Yes,INF_BATCH,2024-07-05 08:48:47.548,INF_BATCH,2026-01-23 23:16:33.522,INF_R360
YV1100,SERVICE - Op planning & Resources Mgt - YV1100,SERVICE,Op planning & Resources Mgt,YV11,Total_Vaccines_Services,Yes,INF_BATCH,2024-07-05 08:48:47.548,INF_BATCH,2026-01-23 23:16:33.522,INF_R360
YV12,DEPARTMENT - Automation COE - YV12,DEPARTMENT,Automation COE,YV,Total_Vaccines_Services,Yes,INF_BATCH,2024-07-05 08:48:47.548,INF_BATCH,2026-01-23 23:16:33.522,INF_R360
YV1200,SERVICE - Automation COE - YV1200,SERVICE,Automation COE,YV12,Total_Vaccines_Services,Yes,INF_BATCH,2024-07-05 08:48:47.548,INF_BATCH,2026-01-23 23:16:33.522,INF_R360
YV13,DEPARTMENT - NV Global Project Management - YV13,DEPARTMENT,NV Global Project Management,YV,Total_Vaccines_Services,Yes,INF_BATCH,2024-07-05 08:48:47.548,INF_BATCH,2026-01-23 23:16:33.522,INF_R360
YV1300,SERVICE - NV Global Project Management - YV1300,SERVICE,NV Global Project Management,YV13,Total_Vaccines_Services,Yes,INF_BATCH,2024-07-05 08:48:47.548,INF_BATCH,2026-01-23 23:16:33.522,INF_R360
YV14,DEPARTMENT - Data catalyst - YV14,DEPARTMENT,Data catalyst,YV,Total_Vaccines_Services,Yes,INF_BATCH,2024-07-05 08:48:47.548,INF_BATCH,2026-01-23 23:16:33.522,INF_R360
YV1400,SERVICE - Data catalyst - YV1400,SERVICE,Data catalyst,YV14,Total_Vaccines_Services,Yes,INF_BATCH,2024-07-05 08:48:47.548,INF_BATCH,2026-01-23 23:16:33.522,INF_R360
YV15,DEPARTMENT - Internal Engagement - YV15,DEPARTMENT,Internal Engagement,YV,Total_Vaccines_Services,Yes,INF_BATCH,2024-07-05 08:48:47.548,INF_BATCH,2026-01-23 23:16:33.522,INF_R360
YV1500,SERVICE - Internal Engagement - YV1500,SERVICE,Internal Engagement,YV15,Total_Vaccines_Services,Yes,INF_BATCH,2024-07-05 08:48:47.548,INF_BATCH,2026-01-23 23:16:33.522,INF_R360
YV16,DEPARTMENT - Laboratory Operations - YV16,DEPARTMENT,Laboratory Operations,YV,Total_Vaccines_Services,Yes,INF_BATCH,2024-07-05 08:48:47.548,INF_BATCH,2026-01-23 23:16:33.522,INF_R360
RD3150,ZZZ_DEPARTMENT - DRUG SAFETY EVALUATION (DSE) - RD3150(Do Not Use),DEPARTMENT,DRUG SAFETY EVALUATION (DSE),F31,Zzz-Archives,No,INF_BATCH,2024-07-05 08:48:47.548,INF_BATCH,2026-01-23 23:16:33.522,INF_R360
RD3160,ZZZ_DEPARTMENT - METABOLISM AND PHARMACOKINETICS (MPK) - RD3160(Do Not Use),DEPARTMENT,METABOLISM AND PHARMACOKINETICS (MPK),F31,Zzz-Archives,No,INF_BATCH,2024-07-05 08:48:47.548,INF_BATCH,2026-01-23 23:16:33.522,INF_R360
RD4100,ZZZ_SERVICE - INTERNATIONAL CLINICAL DEVLPT DIRECTION  SUPPORT - RD4100(Do Not Use),SERVICE,INTERNATIONAL CLINICAL DEVLPT DIRECTION  SUPPORT,F40,Zzz-Archives,No,INF_BATCH,2024-07-05 08:48:47.548,INF_BATCH,2026-01-23 23:16:33.522,INF_R360
RD4200,ZZZ_SERVICE - CLINICAL INVESTIGATIONS - RD4200(Do Not Use),SERVICE,CLINICAL INVESTIGATIONS,F40,Zzz-Archives,No,INF_BATCH,2024-07-05 08:48:47.548,INF_BATCH,2026-01-23 23:16:33.522,INF_R360
RD4300,ZZZ_SERVICE - CLINICAL OPERATIONS - RD4300(Do Not Use),SERVICE,CLINICAL OPERATIONS,F40,Zzz-Archives,No,INF_BATCH,2024-07-05 08:48:47.548,INF_BATCH,2026-01-23 23:16:33.522,INF_R360
RD5000,ZZZ_SERVICE - GLOBAL STRATEGIC PLANNNG PROJECTS  PORTFOLIO MANG - RD5000(Do Not Use),SERVICE,GLOBAL STRATEGIC PLANNNG PROJECTS  PORTFOLIO MANG,F50,Zzz-Archives,No,INF_BATCH,2024-07-05 08:48:47.548,INF_BATCH,2026-01-23 23:16:33.522,INF_R360
RD6000,ZZZ_SERVICE - PROJECT DIRECTION - RD6000(Do Not Use),SERVICE,PROJECT DIRECTION,F60,Zzz-Archives,No,INF_BATCH,2024-07-05 08:48:47.548,INF_BATCH,2026-01-23 23:16:33.522,INF_R360
RD7000,ZZZ_SERVICE - PHARMACOVIGILANCE AND EPIDEMIOLOGY MANAGEMENT - RD7000(Do Not Use),SERVICE,PHARMACOVIGILANCE AND EPIDEMIOLOGY MANAGEMENT,F80,Zzz-Archives,No,INF_BATCH,2024-07-05 08:48:47.548,INF_BATCH,2026-01-23 23:16:33.522,INF_R360
RD8000,ZZZ_SERVICE - MEDICAL AND REGULATORY AFFAIRS DIRECTION - RD8000(Do Not Use),SERVICE,MEDICAL AND REGULATORY AFFAIRS DIRECTION,F80,Zzz-Archives,No,INF_BATCH,2024-07-05 08:48:47.548,INF_BATCH,2026-01-23 23:16:33.522,INF_R360
RD8010,ZZZ_SERVICE - MEDICAL AFFAIRS - RD8010(Do Not Use),SERVICE,MEDICAL AFFAIRS,F80,Zzz-Archives,No,INF_BATCH,2024-07-05 08:48:47.548,INF_BATCH,2026-01-23 23:16:33.522,INF_R360
RD8020,ZZZ_SERVICE - REGULATORY DIRECTION - RD8020(Do Not Use),SERVICE,REGULATORY DIRECTION,F80,Zzz-Archives,No,INF_BATCH,2024-07-05 08:48:47.548,INF_BATCH,2026-01-23 23:16:33.522,INF_R360
RD8030,ZZZ_SERVICE - R&D PORTFOLIO VALORISATION - RD8030(Do Not Use),SERVICE,R&D PORTFOLIO VALORISATION,F80,Zzz-Archives,No,INF_BATCH,2024-07-05 08:48:47.548,INF_BATCH,2026-01-23 23:16:33.522,INF_R360
RD9000,ZZZ_SERVICE - QUALITY AND COMPLIANCE - RD9000(Do Not Use),SERVICE,QUALITY AND COMPLIANCE,F90,Zzz-Archives,No,INF_BATCH,2024-07-05 08:48:47.548,INF_BATCH,2026-01-23 23:16:33.522,INF_R360
RD9500,"ZZZ_SERVICE - EMPLOYEE PARTICIPATIONS, PROFIT SHARING, PENSIONS - RD9500(Do Not Use)",SERVICE,"EMPLOYEE PARTICIPATIONS, PROFIT SHARING, PENSIONS",F95,Zzz-Archives,No,INF_BATCH,2024-07-05 08:48:47.548,INF_BATCH,2026-01-23 23:16:33.522,INF_R360
RD9700,ZZZ_SERVICE - PARTNERSHIPS - RD9700(Do Not Use),SERVICE,PARTNERSHIPS,F97,Zzz-Archives,No,INF_BATCH,2024-07-05 08:48:47.548,INF_BATCH,2026-01-23 23:16:33.522,INF_R360
RD9800,ZZZ_SERVICE - INTERNAL ADJUSTMENTS - RD9800(Do Not Use),SERVICE,INTERNAL ADJUSTMENTS,F98,Zzz-Archives,No,INF_BATCH,2024-07-05 08:48:47.548,INF_BATCH,2026-01-23 23:16:33.522,INF_R360
RD9900,ZZZ_SERVICE - EXTERNAL COSTS ADJUSTMENTS - RD9900(Do Not Use),SERVICE,EXTERNAL COSTS ADJUSTMENTS,F99,Zzz-Archives,No,INF_BATCH,2024-07-05 08:48:47.548,INF_BATCH,2026-01-23 23:16:33.522,INF_R360
TOTAL_PHARMA_SERVICES,FINANCE - Total_Pharma_Services - TOTAL_PHARMA_SERVICES,FINANCE,Total_Pharma_Services,TOTAL_SERVICE,Total_Pharma_Services,Yes,INF_BATCH,2024-07-05 08:48:47.548,INF_BATCH,2026-01-23 23:16:33.522,INF_R360
TOTAL_SERVICE,FINANCE ONLY - Total service - TOTAL_SERVICE,FINANCE ONLY,Total service,,,Yes,INF_BATCH,2024-07-05 08:48:47.548,INF_BATCH,2026-01-23 23:16:33.522,INF_R360
TOTAL_VACCINES_SERVICES,FINANCE - Total_Vaccines_Services - TOTAL_VACCINES_SERVICES,FINANCE,Total_Vaccines_Services,TOTAL_SERVICE,Total_Vaccines_Services,Yes,INF_BATCH,2024-07-05 08:48:47.548,INF_BATCH,2026-01-23 23:16:33.522,INF_R360
U1,ZZZ_PILLAR - Support Functions & Infrastructure - U1(Do Not Use),PILLAR,Support Functions & Infrastructure,ZZZ-ARCHIVES,Zzz-Archives,No,INF_BATCH,2024-07-05 08:48:47.548,INF_BATCH,2026-01-23 23:16:33.522,INF_R360
U11,ZZZ_UNIT - R&D General Management - U11(Do Not Use),UNIT,R&D General Management,U1,Zzz-Archives,No,INF_BATCH,2024-07-05 08:48:47.548,INF_BATCH,2026-01-23 23:16:33.522,INF_R360
U12,ZZZ_UNIT - Administration & Management - U12(Do Not Use),UNIT,Administration & Management,U1,Zzz-Archives,No,INF_BATCH,2024-07-05 08:48:47.548,INF_BATCH,2026-01-23 23:16:33.522,INF_R360
U13,ZZZ_UNIT - R&D IS - U13(Do Not Use),UNIT,R&D IS,U1,Zzz-Archives,No,INF_BATCH,2024-07-05 08:48:47.548,INF_BATCH,2026-01-23 23:16:33.522,INF_R360
U14,ZZZ_UNIT - R&D GLOBAL HR - U14(Do Not Use),UNIT,R&D GLOBAL HR,U1,Zzz-Archives,No,INF_BATCH,2024-07-05 08:48:47.548,INF_BATCH,2026-01-23 23:16:33.522,INF_R360
U15,"ZZZ_UNIT - Strategy, Science Policy & External Innovation (S&I) - U15(Do Not Use)",UNIT,"Strategy, Science Policy & External Innovation (S&I)",U1,Zzz-Archives,No,INF_BATCH,2024-07-05 08:48:47.548,INF_BATCH,2026-01-23 23:16:33.522,INF_R360
U16,ZZZ_UNIT - R&D SITES - U16(Do Not Use),UNIT,R&D SITES,U1,Zzz-Archives,No,INF_BATCH,2024-07-05 08:48:47.548,INF_BATCH,2026-01-23 23:16:33.522,INF_R360
U17,ZZZ_UNIT - Support Platform Toulouse - U17(Do Not Use),UNIT,Support Platform Toulouse,U1,Zzz-Archives,No,INF_BATCH,2024-07-05 08:48:47.548,INF_BATCH,2026-01-23 23:16:33.522,INF_R360
U18,ZZZ_UNIT - R&D Global Communication - U18(Do Not Use),UNIT,R&D Global Communication,U1,Zzz-Archives,No,INF_BATCH,2024-07-05 08:48:47.548,INF_BATCH,2026-01-23 23:16:33.522,INF_R360
U2,ZZZ_PILLAR - Units - U2(Do Not Use),PILLAR,Units,ZZZ-ARCHIVES,Zzz-Archives,No,INF_BATCH,2024-07-05 08:48:47.548,INF_BATCH,2026-01-23 23:16:33.522,INF_R360
U21,ZZZ_UNIT - Exploratory Unit - U21(Do Not Use),UNIT,Exploratory Unit,U2,Zzz-Archives,No,INF_BATCH,2024-07-05 08:48:47.548,INF_BATCH,2026-01-23 23:16:33.522,INF_R360
U22,ZZZ_UNIT - Sunrise - U22(Do Not Use),UNIT,Sunrise,U2,Zzz-Archives,No,INF_BATCH,2024-07-05 08:48:47.548,INF_BATCH,2026-01-23 23:16:33.522,INF_R360
U23,ZZZ_UNIT - Translational Sciences Unit - U23(Do Not Use),UNIT,Translational Sciences Unit,U2,Zzz-Archives,No,INF_BATCH,2024-07-05 08:48:47.548,INF_BATCH,2026-01-23 23:16:33.522,INF_R360
U24,ZZZ_UNIT - Open Innovation Access Platform - U24(Do Not Use),UNIT,Open Innovation Access Platform,U2,Zzz-Archives,No,INF_BATCH,2024-07-05 08:48:47.548,INF_BATCH,2026-01-23 23:16:33.522,INF_R360
U3,ZZZ_PILLAR - Divisions - U3(Do Not Use),PILLAR,Divisions,ZZZ-ARCHIVES,Zzz-Archives,No,INF_BATCH,2024-07-05 08:48:47.548,INF_BATCH,2026-01-23 23:16:33.522,INF_R360
U31,ZZZ_UNIT - Oncology R&D - U31(Do Not Use),UNIT,Oncology R&D,U3,Zzz-Archives,No,INF_BATCH,2024-07-05 08:48:47.548,INF_BATCH,2026-01-23 23:16:33.522,INF_R360
U32,ZZZ_UNIT - Diabetes R&D - U32(Do Not Use),UNIT,Diabetes R&D,U3,Zzz-Archives,No,INF_BATCH,2024-07-05 08:48:47.548,INF_BATCH,2026-01-23 23:16:33.522,INF_R360
U33,ZZZ_UNIT - Ophtalmology R&D - U33(Do Not Use),UNIT,Ophtalmology R&D,U3,Zzz-Archives,No,INF_BATCH,2024-07-05 08:48:47.548,INF_BATCH,2026-01-23 23:16:33.522,INF_R360
U34,ZZZ_UNIT - GENZYME CLINICAL DEVELOPMENT - U34(Do Not Use),UNIT,GENZYME CLINICAL DEVELOPMENT,U3,Zzz-Archives,No,INF_BATCH,2024-07-05 08:48:47.548,INF_BATCH,2026-01-23 23:16:33.522,INF_R360
U35,ZZZ_UNIT - PCSK-9 - U35(Do Not Use),UNIT,PCSK-9,U3,Zzz-Archives,No,INF_BATCH,2024-07-05 08:48:47.548,INF_BATCH,2026-01-23 23:16:33.522,INF_R360
U4,ZZZ_PILLAR - Therapeutic Scientific Units - U4(Do Not Use),PILLAR,Therapeutic Scientific Units,ZZZ-ARCHIVES,Zzz-Archives,No,INF_BATCH,2024-07-05 08:48:47.548,INF_BATCH,2026-01-23 23:16:33.522,INF_R360
U40,ZZZ_UNIT - Immunology & inflammation Franchise - U40(Do Not Use),UNIT,Immunology & inflammation Franchise,U4,Zzz-Archives,No,INF_BATCH,2024-07-05 08:48:47.548,INF_BATCH,2026-01-23 23:16:33.522,INF_R360
U41,ZZZ_UNIT - TSU Immuno-inflammation - U41(Do Not Use),UNIT,TSU Immuno-inflammation,U4,Zzz-Archives,No,INF_BATCH,2024-07-05 08:48:47.548,INF_BATCH,2026-01-23 23:16:33.522,INF_R360
U42,ZZZ_UNIT - TSU Infectious Diseases - U42(Do Not Use),UNIT,TSU Infectious Diseases,U4,Zzz-Archives,No,INF_BATCH,2024-07-05 08:48:47.548,INF_BATCH,2026-01-23 23:16:33.522,INF_R360
U43,ZZZ_UNIT - TSU Fibrosis - U43(Do Not Use),UNIT,TSU Fibrosis,U4,Zzz-Archives,No,INF_BATCH,2024-07-05 08:48:47.548,INF_BATCH,2026-01-23 23:16:33.522,INF_R360
U44,ZZZ_UNIT - Neurodegeneration & Pain Unit - U44(Do Not Use),UNIT,Neurodegeneration & Pain Unit,U4,Zzz-Archives,No,INF_BATCH,2024-07-05 08:48:47.548,INF_BATCH,2026-01-23 23:16:33.522,INF_R360
U45,ZZZ_UNIT - TSU Asia-Pacific - U45(Do Not Use),UNIT,TSU Asia-Pacific,U4,Zzz-Archives,No,INF_BATCH,2024-07-05 08:48:47.548,INF_BATCH,2026-01-23 23:16:33.522,INF_R360
U46,ZZZ_UNIT - TSU Bio Innovation - U46(Do Not Use),UNIT,TSU Bio Innovation,U4,Zzz-Archives,No,INF_BATCH,2024-07-05 08:48:47.548,INF_BATCH,2026-01-23 23:16:33.522,INF_R360
U47,ZZZ_UNIT - REGENERON - U47(Do Not Use),UNIT,REGENERON,U4,Zzz-Archives,No,INF_BATCH,2024-07-05 08:48:47.548,INF_BATCH,2026-01-23 23:16:33.522,INF_R360
U48,ZZZ_UNIT - GENZYME R&D CENTER - U48(Do Not Use),UNIT,GENZYME R&D CENTER,U4,Zzz-Archives,No,INF_BATCH,2024-07-05 08:48:47.548,INF_BATCH,2026-01-23 23:16:33.522,INF_R360
U49,ZZZ_UNIT - TSU Cardiovascular & Fibrosis - U49(Do Not Use),UNIT,TSU Cardiovascular & Fibrosis,U4,Zzz-Archives,No,INF_BATCH,2024-07-05 08:48:47.548,INF_BATCH,2026-01-23 23:16:33.522,INF_R360
U5,ZZZ_PILLAR - DPU - U5(Do Not Use),PILLAR,DPU,ZZZ-ARCHIVES,Zzz-Archives,No,INF_BATCH,2024-07-05 08:48:47.548,INF_BATCH,2026-01-23 23:16:33.522,INF_R360
U51,ZZZ_UNIT - DPU's - U51(Do Not Use),UNIT,DPU's,U5,Zzz-Archives,No,INF_BATCH,2024-07-05 08:48:47.548,INF_BATCH,2026-01-23 23:16:33.522,INF_R360
U52,ZZZ_UNIT - DPP early to candidate - U52(Do Not Use),UNIT,DPP early to candidate,U5,Zzz-Archives,No,INF_BATCH,2024-07-05 08:48:47.548,INF_BATCH,2026-01-23 23:16:33.522,INF_R360
U53,ZZZ_UNIT - Expert Platform Toulouse - U53(Do Not Use),UNIT,Expert Platform Toulouse,U5,Zzz-Archives,No,INF_BATCH,2024-07-05 08:48:47.548,INF_BATCH,2026-01-23 23:16:33.522,INF_R360
U6,ZZZ_PILLAR - Scientific Core Platforms - U6(Do Not Use),PILLAR,Scientific Core Platforms,ZZZ-ARCHIVES,Zzz-Archives,No,INF_BATCH,2024-07-05 08:48:47.548,INF_BATCH,2026-01-23 23:16:33.522,INF_R360
U61,ZZZ_UNIT - SCP DSAR - U61(Do Not Use),UNIT,SCP DSAR,U6,Zzz-Archives,No,INF_BATCH,2024-07-05 08:48:47.548,INF_BATCH,2026-01-23 23:16:33.522,INF_R360
U62,ZZZ_UNIT - SCP LGCR - U62(Do Not Use),UNIT,SCP LGCR,U6,Zzz-Archives,No,INF_BATCH,2024-07-05 08:48:47.548,INF_BATCH,2026-01-23 23:16:33.522,INF_R360
U63,ZZZ_UNIT - SCP Bio-realization - U63(Do Not Use),UNIT,SCP Bio-realization,U6,Zzz-Archives,No,INF_BATCH,2024-07-05 08:48:47.548,INF_BATCH,2026-01-23 23:16:33.522,INF_R360
U64,ZZZ_UNIT - SCP Clinical Supplies - U64(Do Not Use),UNIT,SCP Clinical Supplies,U6,Zzz-Archives,No,INF_BATCH,2024-07-05 08:48:47.548,INF_BATCH,2026-01-23 23:16:33.522,INF_R360
U65,ZZZ_UNIT - SCP Clinical Sciences & Operations - U65(Do Not Use),UNIT,SCP Clinical Sciences & Operations,U6,Zzz-Archives,No,INF_BATCH,2024-07-05 08:48:47.548,INF_BATCH,2026-01-23 23:16:33.522,INF_R360
U66,ZZZ_UNIT - iCMC NPP - U66(Do Not Use),UNIT,iCMC NPP,U6,Zzz-Archives,No,INF_BATCH,2024-07-05 08:48:47.548,INF_BATCH,2026-01-23 23:16:33.522,INF_R360
U67,ZZZ_UNIT - GENZYME Biologics - U67(Do Not Use),UNIT,GENZYME Biologics,U6,Zzz-Archives,No,INF_BATCH,2024-07-05 08:48:47.548,INF_BATCH,2026-01-23 23:16:33.522,INF_R360
U68,ZZZ_UNIT - Technology Platform Toulouse - U68(Do Not Use),UNIT,Technology Platform Toulouse,U6,Zzz-Archives,No,INF_BATCH,2024-07-05 08:48:47.548,INF_BATCH,2026-01-23 23:16:33.522,INF_R360
U7,ZZZ_PILLAR - Scientific Support - U7(Do Not Use),PILLAR,Scientific Support,ZZZ-ARCHIVES,Zzz-Archives,No,INF_BATCH,2024-07-05 08:48:47.548,INF_BATCH,2026-01-23 23:16:33.522,INF_R360
U71,ZZZ_UNIT - Medical Affairs - U71(Do Not Use),UNIT,Medical Affairs,U7,Zzz-Archives,No,INF_BATCH,2024-07-05 08:48:47.548,INF_BATCH,2026-01-23 23:16:33.522,INF_R360
U72,ZZZ_UNIT - R&D Quality - U72(Do Not Use),UNIT,R&D Quality,U7,Zzz-Archives,No,INF_BATCH,2024-07-05 08:48:47.548,INF_BATCH,2026-01-23 23:16:33.522,INF_R360
U8,ZZZ_PILLAR - Overheads & othersCDI - U8(Do Not Use),PILLAR,Overheads & othersCDI,ZZZ-ARCHIVES,Zzz-Archives,No,INF_BATCH,2024-07-05 08:48:47.548,INF_BATCH,2026-01-23 23:16:33.522,INF_R360
U81,ZZZ_UNIT - Overheads & othersCDI - U81(Do Not Use),UNIT,Overheads & othersCDI,U8,Zzz-Archives,No,INF_BATCH,2024-07-05 08:48:47.548,INF_BATCH,2026-01-23 23:16:33.522,INF_R360
U9,ZZZ_PILLAR - Partnerships - U9(Do Not Use),PILLAR,Partnerships,ZZZ-ARCHIVES,Zzz-Archives,No,INF_BATCH,2024-07-05 08:48:47.548,INF_BATCH,2026-01-23 23:16:33.522,INF_R360
U91,ZZZ_UNIT - Partnerships - U91(Do Not Use),UNIT,Partnerships,U9,Zzz-Archives,No,INF_BATCH,2024-07-05 08:48:47.548,INF_BATCH,2026-01-23 23:16:33.522,INF_R360
W,PILLAR - Non Business Activity - W,PILLAR,Non Business Activity,TOTAL_VACCINES_SERVICES,Total_Vaccines_Services,Yes,INF_BATCH,2024-07-05 08:48:47.548,INF_BATCH,2026-01-23 23:16:33.522,INF_R360
WA,UNIT - Amortization of Intangibles - WA,UNIT,Amortization of Intangibles,W,Total_Vaccines_Services,Yes,INF_BATCH,2024-07-05 08:48:47.548,INF_BATCH,2026-01-23 23:16:33.522,INF_R360
WA10,DEPARTMENT - Amortization of Intangibles - WA10,DEPARTMENT,Amortization of Intangibles,WA,Total_Vaccines_Services,Yes,INF_BATCH,2024-07-05 08:48:47.548,INF_BATCH,2026-01-23 23:16:33.522,INF_R360
WA1000,SERVICE - Amortization of Intangibles - WA1000,SERVICE,Amortization of Intangibles,WA10,Total_Vaccines_Services,Yes,INF_BATCH,2024-07-05 08:48:47.548,INF_BATCH,2026-01-23 23:16:33.522,INF_R360
WB,UNIT - Impairment of Intangible Assets - WB,UNIT,Impairment of Intangible Assets,W,Total_Vaccines_Services,Yes,INF_BATCH,2024-07-05 08:48:47.548,INF_BATCH,2026-01-23 23:16:33.522,INF_R360
WB10,DEPARTMENT - Impairment of Intangible Assets - WB10,DEPARTMENT,Impairment of Intangible Assets,WB,Total_Vaccines_Services,Yes,INF_BATCH,2024-07-05 08:48:47.548,INF_BATCH,2026-01-23 23:16:33.522,INF_R360
WB1000,SERVICE - Impairment of Intangible Assets - WB1000,SERVICE,Impairment of Intangible Assets,WB10,Total_Vaccines_Services,Yes,INF_BATCH,2024-07-05 08:48:47.548,INF_BATCH,2026-01-23 23:16:33.522,INF_R360
WC,UNIT - Restructuring - WC,UNIT,Restructuring,W,Total_Vaccines_Services,Yes,INF_BATCH,2024-07-05 08:48:47.548,INF_BATCH,2026-01-23 23:16:33.522,INF_R360
WC10,DEPARTMENT - Restructuring - WC10,DEPARTMENT,Restructuring,WC,Total_Vaccines_Services,Yes,INF_BATCH,2024-07-05 08:48:47.548,INF_BATCH,2026-01-23 23:16:33.522,INF_R360
WC1000,SERVICE - Restructuring - WC1000,SERVICE,Restructuring,WC10,Total_Vaccines_Services,Yes,INF_BATCH,2024-07-05 08:48:47.548,INF_BATCH,2026-01-23 23:16:33.522,INF_R360
X,PILLAR - Non Operating Activity - X,PILLAR,Non Operating Activity,TOTAL_VACCINES_SERVICES,Total_Vaccines_Services,Yes,INF_BATCH,2024-07-05 08:48:47.548,INF_BATCH,2026-01-23 23:16:33.522,INF_R360
XA,UNIT - Business Non-Operating Income Lines - XA,UNIT,Business Non-Operating Income Lines,X,Total_Vaccines_Services,Yes,INF_BATCH,2024-07-05 08:48:47.548,INF_BATCH,2026-01-23 23:16:33.522,INF_R360
XA10,DEPARTMENT - Business Non-Operating Income Lines - XA10,DEPARTMENT,Business Non-Operating Income Lines,XA,Total_Vaccines_Services,Yes,INF_BATCH,2024-07-05 08:48:47.548,INF_BATCH,2026-01-23 23:16:33.522,INF_R360
XA1000,SERVICE - Business Non-Operating Income Lines - XA1000,SERVICE,Business Non-Operating Income Lines,XA10,Total_Vaccines_Services,Yes,INF_BATCH,2024-07-05 08:48:47.548,INF_BATCH,2026-01-23 23:16:33.522,INF_R360
Y,PILLAR - Operating Activity - Y,PILLAR,Operating Activity,TOTAL_VACCINES_SERVICES,Total_Vaccines_Services,Yes,INF_BATCH,2024-07-05 08:48:47.548,INF_BATCH,2026-01-23 23:16:33.522,INF_R360
YA,UNIT - Global Clinical Development - YA,UNIT,Global Clinical Development,Y,Total_Vaccines_Services,Yes,INF_BATCH,2024-07-05 08:48:47.548,INF_BATCH,2026-01-23 23:16:33.522,INF_R360
YA10,DEPARTMENT - Global Clinical Development - YA10,DEPARTMENT,Global Clinical Development,YA,Total_Vaccines_Services,Yes,INF_BATCH,2024-07-05 08:48:47.548,INF_BATCH,2026-01-23 23:16:33.522,INF_R360
YA1000,SERVICE - Clinical Study Management - YA1000,SERVICE,Clinical Study Management,YA10,Total_Vaccines_Services,Yes,INF_BATCH,2024-07-05 08:48:47.548,INF_BATCH,2026-01-23 23:16:33.522,INF_R360
YA1001,SERVICE - Vaccine Clinical Documentation - YA1001,SERVICE,Vaccine Clinical Documentation,YA10,Total_Vaccines_Services,Yes,INF_BATCH,2024-07-05 08:48:47.548,INF_BATCH,2026-01-23 23:16:33.522,INF_R360
YA1002,SERVICE - Global Clinical Development Strateg - YA1002,SERVICE,Global Clinical Development Strateg,YA10,Total_Vaccines_Services,Yes,INF_BATCH,2024-07-05 08:48:47.548,INF_BATCH,2026-01-23 23:16:33.522,INF_R360
YA1003,SERVICE - Transformation Performance Office - YA1003,SERVICE,Transformation Performance Office,YA10,Total_Vaccines_Services,Yes,INF_BATCH,2024-07-05 08:48:47.548,INF_BATCH,2026-01-23 23:16:33.522,INF_R360
YA1004,SERVICE - Clinical Operational Leadership - YA1004,SERVICE,Clinical Operational Leadership,YA10,Total_Vaccines_Services,Yes,INF_BATCH,2024-07-05 08:48:47.548,INF_BATCH,2026-01-23 23:16:33.522,INF_R360
YA1005,SERVICE - Biostatistical Science - YA1005,SERVICE,Biostatistical Science,YA10,Total_Vaccines_Services,Yes,INF_BATCH,2024-07-05 08:48:47.548,INF_BATCH,2026-01-23 23:16:33.522,INF_R360
YA1006,SERVICE - Global Clinical Development - YA1006,SERVICE,Global Clinical Development,YA10,Total_Vaccines_Services,Yes,INF_BATCH,2024-07-05 08:48:47.548,INF_BATCH,2026-01-23 23:16:33.522,INF_R360
YA1007,SERVICE - Clinical Data Management - YA1007,SERVICE,Clinical Data Management,YA10,Total_Vaccines_Services,Yes,INF_BATCH,2024-07-05 08:48:47.548,INF_BATCH,2026-01-23 23:16:33.522,INF_R360
YA1008,SERVICE - Global Clinical Development - YA1008,SERVICE,Global Clinical Development,YA10,Total_Vaccines_Services,Yes,INF_BATCH,2024-07-05 08:48:47.548,INF_BATCH,2026-01-23 23:16:33.522,INF_R360
YA20,DEPARTMENT - Translation Science Hub - YA20,DEPARTMENT,Translation Science Hub,YA,Total_Vaccines_Services,Yes,INF_BATCH,2024-07-05 08:48:47.548,INF_BATCH,2026-01-23 23:16:33.522,INF_R360
YA2001,SERVICE - Translation Science Hub Ecosystem - YA2001,SERVICE,Translation Science Hub Ecosystem,YA20,Total_Vaccines_Services,Yes,INF_BATCH,2024-07-05 08:48:47.548,INF_BATCH,2026-01-23 23:16:33.522,INF_R360
YA2002,SERVICE - TSH QLD Activitity - YA2002,SERVICE,TSH QLD Activitity,YA20,Total_Vaccines_Services,Yes,INF_BATCH,2024-07-05 08:48:47.548,INF_BATCH,2026-01-23 23:16:33.522,INF_R360
D2120,ZZZ_SERVICE - THROMBOSIS AND ANGIOGENESIS - D2120(Do Not Use),SERVICE,THROMBOSIS AND ANGIOGENESIS,RD2100,Zzz-Archives,No,INF_BATCH,2024-07-05 08:48:47.548,INF_BATCH,2026-01-23 23:16:33.522,INF_R360
D2130,ZZZ_SERVICE - METABOLISM - D2130(Do Not Use),SERVICE,METABOLISM,RD2100,Zzz-Archives,No,INF_BATCH,2024-07-05 08:48:47.548,INF_BATCH,2026-01-23 23:16:33.522,INF_R360
D2140,ZZZ_SERVICE - CENTRAL NERVOUS SYSTEM - D2140(Do Not Use),SERVICE,CENTRAL NERVOUS SYSTEM,RD2100,Zzz-Archives,No,INF_BATCH,2024-07-05 08:48:47.548,INF_BATCH,2026-01-23 23:16:33.522,INF_R360
D2150,ZZZ_SERVICE - ONCOLOGY - D2150(Do Not Use),SERVICE,ONCOLOGY,RD2100,Zzz-Archives,No,INF_BATCH,2024-07-05 08:48:47.548,INF_BATCH,2026-01-23 23:16:33.522,INF_R360
D2160,ZZZ_SERVICE - INTERNAL MEDECINE - D2160(Do Not Use),SERVICE,INTERNAL MEDECINE,RD2100,Zzz-Archives,No,INF_BATCH,2024-07-05 08:48:47.548,INF_BATCH,2026-01-23 23:16:33.522,INF_R360
D2170,ZZZ_SERVICE - EXPLORATORY RESEARCH - D2170(Do Not Use),SERVICE,EXPLORATORY RESEARCH,RD2100,Zzz-Archives,No,INF_BATCH,2024-07-05 08:48:47.548,INF_BATCH,2026-01-23 23:16:33.522,INF_R360
D2180,ZZZ_SERVICE - EXPLORATORY & INTERNAL MEDECINE - D2180(Do Not Use),SERVICE,EXPLORATORY & INTERNAL MEDECINE,RD2100,Zzz-Archives,No,INF_BATCH,2024-07-05 08:48:47.548,INF_BATCH,2026-01-23 23:16:33.522,INF_R360
D2210,ZZZ_SERVICE - GENOMIC SCIENCES - D2210(Do Not Use),SERVICE,GENOMIC SCIENCES,RD2200,Zzz-Archives,No,INF_BATCH,2024-07-05 08:48:47.548,INF_BATCH,2026-01-23 23:16:33.522,INF_R360
D2240,ZZZ_SERVICE - SCIENTIFIC COMPUTING AND DATA MANAGEMENT - D2240(Do Not Use),SERVICE,SCIENTIFIC COMPUTING AND DATA MANAGEMENT,RD2200,Zzz-Archives,No,INF_BATCH,2024-07-05 08:48:47.548,INF_BATCH,2026-01-23 23:16:33.522,INF_R360
D2250,ZZZ_SERVICE - BIOLOGICAL SCIENCES - D2250(Do Not Use),SERVICE,BIOLOGICAL SCIENCES,RD2200,Zzz-Archives,No,INF_BATCH,2024-07-05 08:48:47.548,INF_BATCH,2026-01-23 23:16:33.522,INF_R360
D2260,ZZZ_SERVICE - CHEMICAL & ANALYTICAL SCIENCES - D2260(Do Not Use),SERVICE,CHEMICAL & ANALYTICAL SCIENCES,RD2200,Zzz-Archives,No,INF_BATCH,2024-07-05 08:48:47.548,INF_BATCH,2026-01-23 23:16:33.522,INF_R360
D3150,ZZZ_SERVICE - DRUG SAFETY EVALUATION - D3150(Do Not Use),SERVICE,DRUG SAFETY EVALUATION,RD3150,Zzz-Archives,No,INF_BATCH,2024-07-05 08:48:47.548,INF_BATCH,2026-01-23 23:16:33.522,INF_R360
D3160,ZZZ_SERVICE - METABOLISM AND PHARMACOKINETICS (MPK) - D3160(Do Not Use),SERVICE,METABOLISM AND PHARMACOKINETICS (MPK),RD3160,Zzz-Archives,No,INF_BATCH,2024-07-05 08:48:47.548,INF_BATCH,2026-01-23 23:16:33.522,INF_R360
DH9900,ZZZ_SERVICE - TMED DSAR REGN Dev - DH9900(Do Not Use),SERVICE,TMED DSAR REGN Dev,DH99,Total_Pharma_Services,No,INF_BATCH,2024-07-05 08:48:47.548,INF_BATCH,2026-01-23 23:16:33.522,INF_R360
DI,ZZZ_UNIT - RnD Sites Quality - DI(Do Not Use),UNIT,RnD Sites Quality,J,Total_Pharma_Services,No,INF_BATCH,2024-07-05 08:48:47.548,INF_BATCH,2026-01-23 23:16:33.522,INF_R360
DI10,ZZZ_DEPARTMENT - RnD Sites Quality - DI10(Do Not Use),DEPARTMENT,RnD Sites Quality,DI,Total_Pharma_Services,No,INF_BATCH,2024-07-05 08:48:47.548,INF_BATCH,2026-01-23 23:16:33.522,INF_R360
DI1000,ZZZ_SERVICE - RnD Sites Quality - DI1000(Do Not Use),SERVICE,RnD Sites Quality,DI10,Total_Pharma_Services,No,INF_BATCH,2024-07-05 08:48:47.548,INF_BATCH,2026-01-23 23:16:33.522,INF_R360
E,PILLAR - Global Operations - E,PILLAR,Global Operations,TOTAL_PHARMA_SERVICES,Total_Pharma_Services,Yes,INF_BATCH,2024-07-05 08:48:47.548,INF_BATCH,2026-01-23 23:16:33.522,INF_R360
EA,UNIT - R&D Operations China - EA,UNIT,R&D Operations China,E,Total_Pharma_Services,Yes,INF_BATCH,2024-07-05 08:48:47.548,INF_BATCH,2026-01-23 23:16:33.522,INF_R360
EA10,DEPARTMENT - R&D Operations China - EA10,DEPARTMENT,R&D Operations China,EA,Total_Pharma_Services,Yes,INF_BATCH,2024-07-05 08:48:47.548,INF_BATCH,2026-01-23 23:16:33.522,INF_R360
EA1000,SERVICE - R&D Operations China - EA1000,SERVICE,R&D Operations China,EA10,Total_Pharma_Services,Yes,INF_BATCH,2024-07-05 08:48:47.548,INF_BATCH,2026-01-23 23:16:33.522,INF_R360
EA11,DEPARTMENT - R&D Sites China - EA11,DEPARTMENT,R&D Sites China,EA,Total_Pharma_Services,Yes,INF_BATCH,2024-07-05 08:48:47.548,INF_BATCH,2026-01-23 23:16:33.522,INF_R360
EA1100,SERVICE - R&D Sites China - EA1100,SERVICE,R&D Sites China,EA11,Total_Pharma_Services,Yes,INF_BATCH,2024-07-05 08:48:47.548,INF_BATCH,2026-01-23 23:16:33.522,INF_R360
EB,UNIT - R&D Operations France - EB,UNIT,R&D Operations France,E,Total_Pharma_Services,Yes,INF_BATCH,2024-07-05 08:48:47.548,INF_BATCH,2026-01-23 23:16:33.522,INF_R360
EB10,DEPARTMENT - R&D Operations France - EB10,DEPARTMENT,R&D Operations France,EB,Total_Pharma_Services,Yes,INF_BATCH,2024-07-05 08:48:47.548,INF_BATCH,2026-01-23 23:16:33.522,INF_R360
EB1000,SERVICE - R&D Operations France - EB1000,SERVICE,R&D Operations France,EB10,Total_Pharma_Services,Yes,INF_BATCH,2024-07-05 08:48:47.548,INF_BATCH,2026-01-23 23:16:33.522,INF_R360
HE1012,ZZZ_SERVICE - Legal - HE1012(Do Not Use),SERVICE,Legal,HE10,Total_Pharma_Services,No,INF_BATCH,2024-07-05 08:48:47.548,INF_BATCH,2026-01-23 23:16:33.522,INF_R360
HE1013,ZZZ_SERVICE - Business Development - HE1013(Do Not Use),SERVICE,Business Development,HE10,Total_Pharma_Services,No,INF_BATCH,2024-07-05 08:48:47.548,INF_BATCH,2026-01-23 23:16:33.522,INF_R360
HE1014,ZZZ_SERVICE - Human Resources - HE1014(Do Not Use),SERVICE,Human Resources,HE10,Total_Pharma_Services,No,INF_BATCH,2024-07-05 08:48:47.548,INF_BATCH,2026-01-23 23:16:33.522,INF_R360
HE1015,ZZZ_SERVICE - Lab & Facilities - HE1015(Do Not Use),SERVICE,Lab & Facilities,HE10,Total_Pharma_Services,No,INF_BATCH,2024-07-05 08:48:47.548,INF_BATCH,2026-01-23 23:16:33.522,INF_R360
HE1016,ZZZ_SERVICE - Clinical Development - HE1016(Do Not Use),SERVICE,Clinical Development,HE10,Total_Pharma_Services,No,INF_BATCH,2024-07-05 08:48:47.548,INF_BATCH,2026-01-23 23:16:33.522,INF_R360
HE1017,ZZZ_SERVICE - Medical Affairs - HE1017(Do Not Use),SERVICE,Medical Affairs,HE10,Total_Pharma_Services,No,INF_BATCH,2024-07-05 08:48:47.548,INF_BATCH,2026-01-23 23:16:33.522,INF_R360
HE1018,ZZZ_SERVICE - Regulatory & Quality Insurance - HE1018(Do Not Use),SERVICE,Regulatory & Quality Insurance,HE10,Total_Pharma_Services,No,INF_BATCH,2024-07-05 08:48:47.548,INF_BATCH,2026-01-23 23:16:33.522,INF_R360
HE1019,ZZZ_SERVICE - Clinical Operations - HE1019(Do Not Use),SERVICE,Clinical Operations,HE10,Total_Pharma_Services,No,INF_BATCH,2024-07-05 08:48:47.548,INF_BATCH,2026-01-23 23:16:33.522,INF_R360
HE1020,ZZZ_SERVICE - R&D General - HE1020(Do Not Use),SERVICE,R&D General,HE10,Total_Pharma_Services,No,INF_BATCH,2024-07-05 08:48:47.548,INF_BATCH,2026-01-23 23:16:33.522,INF_R360
HE1021,ZZZ_SERVICE - Platform & Target Development - HE1021(Do Not Use),SERVICE,Platform & Target Development,HE10,Total_Pharma_Services,No,INF_BATCH,2024-07-05 08:48:47.548,INF_BATCH,2026-01-23 23:16:33.522,INF_R360
HE1022,ZZZ_SERVICE - Pharmacology/Toxicology - HE1022(Do Not Use),SERVICE,Pharmacology/Toxicology,HE10,Total_Pharma_Services,No,INF_BATCH,2024-07-05 08:48:47.548,INF_BATCH,2026-01-23 23:16:33.522,INF_R360
HE1023,"ZZZ_SERVICE - CMC, Protein Producion, Bio Chemistry - HE1023(Do Not Use)",SERVICE,"CMC, Protein Producion, Bio Chemistry",HE10,Total_Pharma_Services,No,INF_BATCH,2024-07-05 08:48:47.548,INF_BATCH,2026-01-23 23:16:33.522,INF_R360
HF,ZZZ_UNIT - Principia - HF(Do Not Use),UNIT,Principia,H,Total_Pharma_Services,No,INF_BATCH,2024-07-05 08:48:47.548,INF_BATCH,2026-01-23 23:16:33.522,INF_R360
JD3006,SERVICE - QA Mammalian - JD3006,SERVICE,QA Mammalian,JD30,Total_Pharma_Services,Yes,INF_BATCH,2024-07-05 08:48:47.548,INF_BATCH,2026-01-23 23:16:33.522,INF_R360
JD3007,SERVICE - QA GMU - JD3007,SERVICE,QA GMU,JD30,Total_Pharma_Services,Yes,INF_BATCH,2024-07-05 08:48:47.548,INF_BATCH,2026-01-23 23:16:33.522,INF_R360
JD3008,SERVICE - QA Microbial - JD3008,SERVICE,QA Microbial,JD30,Total_Pharma_Services,Yes,INF_BATCH,2024-07-05 08:48:47.548,INF_BATCH,2026-01-23 23:16:33.522,INF_R360
JD3009,SERVICE - QA BioDP - JD3009,SERVICE,QA BioDP,JD30,Total_Pharma_Services,Yes,INF_BATCH,2024-07-05 08:48:47.548,INF_BATCH,2026-01-23 23:16:33.522,INF_R360
JD3010,SERVICE - QA Synthetics - JD3010,SERVICE,QA Synthetics,JD30,Total_Pharma_Services,Yes,INF_BATCH,2024-07-05 08:48:47.548,INF_BATCH,2026-01-23 23:16:33.522,INF_R360
JD40,DEPARTMENT - Mammalian PD & CM - JD40,DEPARTMENT,Mammalian PD & CM,JD,Total_Pharma_Services,Yes,INF_BATCH,2024-07-05 08:48:47.548,INF_BATCH,2026-01-23 23:16:33.522,INF_R360
JD4001,SERVICE - Cell Culture Process and Dev - JD4001,SERVICE,Cell Culture Process and Dev,JD40,Total_Pharma_Services,Yes,INF_BATCH,2024-07-05 08:48:47.548,INF_BATCH,2026-01-23 23:16:33.522,INF_R360
JD4002,SERVICE - Purification Process Dev - JD4002,SERVICE,Purification Process Dev,JD40,Total_Pharma_Services,Yes,INF_BATCH,2024-07-05 08:48:47.548,INF_BATCH,2026-01-23 23:16:33.522,INF_R360
JD4003,SERVICE - Process Engineering - JD4003,SERVICE,Process Engineering,JD40,Total_Pharma_Services,Yes,INF_BATCH,2024-07-05 08:48:47.548,INF_BATCH,2026-01-23 23:16:33.522,INF_R360
JD4004,SERVICE - DS Manufacturing Clinical Supplies - JD4004,SERVICE,DS Manufacturing Clinical Supplies,JD40,Total_Pharma_Services,Yes,INF_BATCH,2024-07-05 08:48:47.548,INF_BATCH,2026-01-23 23:16:33.522,INF_R360
JD4005,SERVICE - Cell Line Dev and Cell Banking - JD4005,SERVICE,Cell Line Dev and Cell Banking,JD40,Total_Pharma_Services,Yes,INF_BATCH,2024-07-05 08:48:47.548,INF_BATCH,2026-01-23 23:16:33.522,INF_R360
JD4006,"ZZZ_SERVICE - Engineering, Automation and Technology Support - JD4006(Do Not Use)",SERVICE,"Engineering, Automation and Technology Support",JD40,Total_Pharma_Services,No,INF_BATCH,2024-07-05 08:48:47.548,INF_BATCH,2026-01-23 23:16:33.522,INF_R360
JD4010,SERVICE - DS SFB&O Mammalian - JD4010,SERVICE,DS SFB&O Mammalian,JD40,Total_Pharma_Services,Yes,INF_BATCH,2024-07-05 08:48:47.548,INF_BATCH,2026-01-23 23:16:33.522,INF_R360
YV1600,SERVICE - Laboratory Operations - YV1600,SERVICE,Laboratory Operations,YV16,Total_Vaccines_Services,Yes,INF_BATCH,2024-07-05 08:48:47.548,INF_BATCH,2026-01-23 23:16:33.522,INF_R360
YV17,DEPARTMENT - Site Mgt FR - YV17,DEPARTMENT,Site Mgt FR,YV,Total_Vaccines_Services,Yes,INF_BATCH,2024-07-05 08:48:47.548,INF_BATCH,2026-01-23 23:16:33.522,INF_R360
YV1700,SERVICE - Site Mgt FR - YV1700,SERVICE,Site Mgt FR,YV17,Total_Vaccines_Services,Yes,INF_BATCH,2024-07-05 08:48:47.548,INF_BATCH,2026-01-23 23:16:33.522,INF_R360
YV18,DEPARTMENT - Site Mgt US - YV18,DEPARTMENT,Site Mgt US,YV,Total_Vaccines_Services,Yes,INF_BATCH,2024-07-05 08:48:47.548,INF_BATCH,2026-01-23 23:16:33.522,INF_R360
YV1800,SERVICE - Site Mgt US - YV1800,SERVICE,Site Mgt US,YV18,Total_Vaccines_Services,Yes,INF_BATCH,2024-07-05 08:48:47.548,INF_BATCH,2026-01-23 23:16:33.522,INF_R360
YV19,DEPARTMENT - Site Mgt CA - YV19,DEPARTMENT,Site Mgt CA,YV,Total_Vaccines_Services,Yes,INF_BATCH,2024-07-05 08:48:47.548,INF_BATCH,2026-01-23 23:16:33.522,INF_R360
YV1900,SERVICE - Site Mgt CA - YV1900,SERVICE,Site Mgt CA,YV19,Total_Vaccines_Services,Yes,INF_BATCH,2024-07-05 08:48:47.548,INF_BATCH,2026-01-23 23:16:33.522,INF_R360
Z,PILLAR - Orphan Cost Centers - Z,PILLAR,Orphan Cost Centers,TOTAL_VACCINES_SERVICES,Total_Vaccines_Services,Yes,INF_BATCH,2024-07-05 08:48:47.548,INF_BATCH,2026-01-23 23:16:33.522,INF_R360
ZA,UNIT - Orphan Cost Centers - ZA,UNIT,Orphan Cost Centers,Z,Total_Vaccines_Services,Yes,INF_BATCH,2024-07-05 08:48:47.548,INF_BATCH,2026-01-23 23:16:33.522,INF_R360
ZA10,DEPARTMENT - Orphan Cost Centers - ZA10,DEPARTMENT,Orphan Cost Centers,ZA,Total_Vaccines_Services,Yes,INF_BATCH,2024-07-05 08:48:47.548,INF_BATCH,2026-01-23 23:16:33.522,INF_R360
ZA1000,SERVICE - Orphan Cost Centers - ZA1000,SERVICE,Orphan Cost Centers,ZA10,Total_Vaccines_Services,Yes,INF_BATCH,2024-07-05 08:48:47.548,INF_BATCH,2026-01-23 23:16:33.522,INF_R360
ZA20,DEPARTMENT - Orphan Group of CC - ZA20,DEPARTMENT,Orphan Group of CC,ZA,Total_Vaccines_Services,Yes,INF_BATCH,2024-07-05 08:48:47.548,INF_BATCH,2026-01-23 23:16:33.522,INF_R360
ZA2000,SERVICE - Orphan Group of CC - ZA2000,SERVICE,Orphan Group of CC,ZA20,Total_Vaccines_Services,Yes,INF_BATCH,2024-07-05 08:48:47.548,INF_BATCH,2026-01-23 23:16:33.522,INF_R360
ZZZ-ARCHIVES,FINANCE - Zzz-Archives - ZZZ-ARCHIVES,FINANCE,Zzz-Archives,TOTAL_SERVICE,Zzz-Archives,Yes,INF_BATCH,2024-07-05 08:48:47.548,INF_BATCH,2026-01-23 23:16:33.522,INF_R360
YA2003,SERVICE - TSH Non QLD Activitity - YA2003,SERVICE,TSH Non QLD Activitity,YA20,Total_Vaccines_Services,Yes,INF_BATCH,2024-07-05 08:48:47.548,INF_BATCH,2026-01-23 23:16:33.522,INF_R360
YA30,DEPARTMENT - Clinical Logistics and Supply - YA30,DEPARTMENT,Clinical Logistics and Supply,YA,Total_Vaccines_Services,Yes,INF_BATCH,2024-07-05 08:48:47.548,INF_BATCH,2026-01-23 23:16:33.522,INF_R360
YA3000,SERVICE - Clinical logistics and supply - YA3000,SERVICE,Clinical logistics and supply,YA30,Total_Vaccines_Services,Yes,INF_BATCH,2024-07-05 08:48:47.548,INF_BATCH,2026-01-23 23:16:33.522,INF_R360
YB,UNIT - Stopped Cost Centers - YB,UNIT,Stopped Cost Centers,Y,Total_Vaccines_Services,Yes,INF_BATCH,2024-07-05 08:48:47.548,INF_BATCH,2026-01-23 23:16:33.522,INF_R360
YB10,DEPARTMENT - Stopped Cost Centers - YB10,DEPARTMENT,Stopped Cost Centers,YB,Total_Vaccines_Services,Yes,INF_BATCH,2024-07-05 08:48:47.548,INF_BATCH,2026-01-23 23:16:33.522,INF_R360
YB1000,SERVICE - Stopped Cost Centers - YB1000,SERVICE,Stopped Cost Centers,YB10,Total_Vaccines_Services,Yes,INF_BATCH,2024-07-05 08:48:47.548,INF_BATCH,2026-01-23 23:16:33.522,INF_R360
YC,UNIT - Vaccine CMC Development & Supply - YC,UNIT,Vaccine CMC Development & Supply,Y,Total_Vaccines_Services,Yes,INF_BATCH,2024-07-05 08:48:47.548,INF_BATCH,2026-01-23 23:16:33.522,INF_R360
YC10,DEPARTMENT - Analytical Sciences - YC10,DEPARTMENT,Analytical Sciences,YC,Total_Vaccines_Services,Yes,INF_BATCH,2024-07-05 08:48:47.548,INF_BATCH,2026-01-23 23:16:33.522,INF_R360
YC1000,SERVICE - Analytical Process Support - YC1000,SERVICE,Analytical Process Support,YC10,Total_Vaccines_Services,Yes,INF_BATCH,2024-07-05 08:48:47.548,INF_BATCH,2026-01-23 23:16:33.522,INF_R360
YC1001,SERVICE - Immunology - YC1001,SERVICE,Immunology,YC10,Total_Vaccines_Services,Yes,INF_BATCH,2024-07-05 08:48:47.548,INF_BATCH,2026-01-23 23:16:33.522,INF_R360
YC1002,SERVICE - Biochemistry & Biophysics - YC1002,SERVICE,Biochemistry & Biophysics,YC10,Total_Vaccines_Services,Yes,INF_BATCH,2024-07-05 08:48:47.548,INF_BATCH,2026-01-23 23:16:33.522,INF_R360
YC1003,SERVICE - Microbiology & Virology - YC1003,SERVICE,Microbiology & Virology,YC10,Total_Vaccines_Services,Yes,INF_BATCH,2024-07-05 08:48:47.548,INF_BATCH,2026-01-23 23:16:33.522,INF_R360
YC1004,SERVICE - Global functions - YC1004,SERVICE,Global functions,YC10,Total_Vaccines_Services,Yes,INF_BATCH,2024-07-05 08:48:47.548,INF_BATCH,2026-01-23 23:16:33.522,INF_R360
BN1012,SERVICE - Global PV Quality - BN1012,SERVICE,Global PV Quality,BN10,Total_Pharma_Services,Yes,INF_BATCH,2024-11-11 07:16:20.159,INF_BATCH,2026-01-23 23:16:33.522,INF_R360
LA1605,SERVICE - Data Operations - LA1605,SERVICE,Data Operations,LA16,Total_Pharma_Services,Yes,INF_BATCH,2025-03-17 14:17:20.873,INF_BATCH,2026-01-23 23:16:33.522,INF_R360
LA1603,SERVICE - Pre-Clinical Study Operations - LA1603,SERVICE,Pre-Clinical Study Operations,LA16,Total_Pharma_Services,Yes,INF_BATCH,2025-03-17 14:17:20.873,INF_BATCH,2026-01-23 23:16:33.522,INF_R360
LA1604,SERVICE - Biospecimens Management - LA1604,SERVICE,Biospecimens Management,LA16,Total_Pharma_Services,Yes,INF_BATCH,2025-03-17 14:17:20.873,INF_BATCH,2026-01-23 23:16:33.522,INF_R360
LA1702,SERVICE - Translational Centers of Excellence - LA1702,SERVICE,Translational Centers of Excellence,LA17,Total_Pharma_Services,Yes,INF_BATCH,2025-03-17 14:17:20.873,INF_BATCH,2026-01-23 23:16:33.522,INF_R360
CL1008,SERVICE - Nano CMC Research - CL1008,SERVICE,Nano CMC Research,CL10,Total_Pharma_Services,Yes,INF_BATCH,2025-06-13 05:16:03.211,INF_BATCH,2026-01-23 23:16:33.522,INF_R360
CL1007,SERVICE - Nano Discovery - CL1007,SERVICE,Nano Discovery,CL10,Total_Pharma_Services,Yes,INF_BATCH,2025-06-13 05:16:03.211,INF_BATCH,2026-01-23 23:16:33.522,INF_R360
CL1009,SERVICE - Nano Project managers - CL1009,SERVICE,Nano Project managers,CL10,Total_Pharma_Services,Yes,INF_BATCH,2025-06-13 05:16:03.211,INF_BATCH,2026-01-23 23:16:33.522,INF_R360
CL1006,SERVICE - Nanobodies Platform Direction - CL1006,SERVICE,Nanobodies Platform Direction,CL10,Total_Pharma_Services,Yes,INF_BATCH,2025-06-13 05:16:03.211,INF_BATCH,2026-01-23 23:16:33.522,INF_R360
