ID,SOURCE_PKEY,BUSINESS_ID,PROJECT_IND_CODE_CD,PROJECT_IND_NAME_NM,PROJECT_IND_DESCRIPTION_DESC,PROJECT_IND_RESPONSIBLE,PROJECT_IND_STATUS,PROJECT_IND_STATUS_DETAILED,CLINICAL_IND,MEDICAL_THERAPEUTIC_AREA,SOURCE_SYSTEM,CREATIONDATE_DT,LASTUPDATEDATE_DT,CREATEDBY,UPDATEDBY,PROJECT_IND_PHASE,STATE
194835,69731a31bc6c89f32b33c966,PIN00000019FSX,DC01322_IND001,,Indication for Others file,AB,,,,,MDM,2026-01-23 06:50:25.000,2026-01-23 06:50:25.000,cloudadmin@sanofi.com.doCDGC.prod,cloudadmin@sanofi.com.doCDGC.prod,,ACTIVE
194836,69731a31bc6c89f32b33c965,PIN00000019FSW,DC01321_IND001,,Indication for Others file,AB,,,,,MDM,2026-01-23 06:50:25.000,2026-01-23 06:50:25.000,cloudadmin@sanofi.com.doCDGC.prod,cloudadmin@sanofi.com.doCDGC.prod,,ACTIVE
194600,6970772ab35db167717c6a8d,PIN00000019834,SAR449598_IND001,,Indication for small molecule Dev,BE,To be Validated,To be Validated,,,MDM,2026-01-21 06:50:18.000,2026-01-21 06:50:18.000,cloudadmin@sanofi.com.doCDGC.prod,cloudadmin@sanofi.com.doCDGC.prod,Pre-candidate,ACTIVE
194344,696b312bbfaf44e59e8dad18,PIN000000190DC,SAR449548_IND001,,Indication for Biologic Dev,BF,To be Validated,To be Validated,,,MDM,2026-01-17 06:50:18.000,2026-01-17 06:50:18.000,cloudadmin@sanofi.com.doCDGC.prod,cloudadmin@sanofi.com.doCDGC.prod,Phase 1,ACTIVE
193824,6960b5a98e08a7e6d9ca94fe,PIN00000018SNK,GZ402671_IND013,Fabry Disease - Ped,Fabry Disease - Ped 2-17 years,BH,To be Validated,To be Validated,10016016,A,MDM,2026-01-09 08:00:40.000,2026-01-17 06:51:02.000,cloudadmin@sanofi.com.doCDGC.prod,cloudadmin@sanofi.com.doCDGC.prod,Initiation,ACTIVE
193066,694b8d43ae676c7ac426d7db,PIN00000018KXT,SAR449468_IND001,,Indication for Nanobody,BE,To be Validated,To be Validated,,,MDM,2025-12-24 06:50:43.000,2026-01-22 06:50:12.000,cloudadmin@sanofi.com.doCDGC.prod,cloudadmin@sanofi.com.doCDGC.prod,Pre-candidate,ACTIVE
193067,694b8d43ae676c7ac426d7da,PIN00000018KXS,LC81702_IND001,HS,Hidradenitis Suppurativa,CF,Ongoing,Ongoing,10020041,,MDM,2025-12-24 06:50:43.000,2026-01-09 08:00:50.000,cloudadmin@sanofi.com.doCDGC.prod,cloudadmin@sanofi.com.doCDGC.prod,,ACTIVE
193068,694b8d43ae676c7ac426d7dd,PIN00000018KXV,SAR449528_IND001,,Indication for Biologic Oncology Dev,BG,To be Validated,To be Validated,,L,MDM,2025-12-24 06:50:43.000,2026-01-22 06:50:27.000,cloudadmin@sanofi.com.doCDGC.prod,cloudadmin@sanofi.com.doCDGC.prod,Pre-candidate,ACTIVE
193065,694b8d43ae676c7ac426d7dc,PIN00000018KXU,SAR449501_IND001,,Indication for Biologic Oncology Dev,BG,To be Validated,To be Validated,,L,MDM,2025-12-24 06:50:43.000,2026-01-16 06:51:32.000,cloudadmin@sanofi.com.doCDGC.prod,cloudadmin@sanofi.com.doCDGC.prod,Pre-candidate,ACTIVE
192661,6943a434cd34ca2001571731,PIN00000018D80,SAR231893_IND042,NS,Netherton Syndrome,BE,To be Validated,To be Validated,10062909,D,MDM,2025-12-18 06:50:27.000,2026-01-23 06:50:39.000,cloudadmin@sanofi.com.doCDGC.prod,cloudadmin@sanofi.com.doCDGC.prod,Initiation,ACTIVE
192454,694101170ba32fc27f0973dd,PIN000000185I8,OC02219_IND001,,Indication for Others file,CA,,,,,MDM,2025-12-16 06:49:58.000,2025-12-19 06:51:41.000,cloudadmin@sanofi.com.doCDGC.prod,cloudadmin@sanofi.com.doCDGC.prod,,ACTIVE
192055,693a69a86919a16a6acce5b1,PIN00000017XSG,DC01320_IND001,,Indication for Others file,FA,,,,,MDM,2025-12-11 06:50:15.000,2025-12-11 06:50:15.000,cloudadmin@sanofi.com.doCDGC.prod,cloudadmin@sanofi.com.doCDGC.prod,,ACTIVE
192056,693a69a86919a16a6acce5b3,PIN00000017XSI,SP0342_IND001,Shingles,Shingles,,To be Validated,To be Validated,10040555,VACC,MDM,2025-12-11 06:50:15.000,2026-01-24 06:49:58.000,cloudadmin@sanofi.com.doCDGC.prod,cloudadmin@sanofi.com.doCDGC.prod,Pre-M0,ACTIVE
192057,693a69a86919a16a6acce5b2,PIN00000017XSH,SAR231893_IND041,EB,Epidermolysis Bullosa,BE,To be Validated,To be Validated,10014989,D,MDM,2025-12-11 06:50:15.000,2026-01-23 06:51:39.000,cloudadmin@sanofi.com.doCDGC.prod,cloudadmin@sanofi.com.doCDGC.prod,Initiation,ACTIVE
191703,69312f357996e27e2e3f596e,PIN00000017Q2O,OC02218_IND001,,Indication for Others file,CF,,,,,MDM,2025-12-04 06:50:28.000,2025-12-11 06:52:22.000,cloudadmin@sanofi.com.doCDGC.prod,cloudadmin@sanofi.com.doCDGC.prod,,ACTIVE
191549,692e8c2b8e965fb459e7fa3f,PIN00000017ICW,DC01319_IND001,,Indication for Others file,BE,,,,,MDM,2025-12-02 06:50:19.000,2025-12-03 08:28:21.000,cloudadmin@sanofi.com.doCDGC.prod,cloudadmin@sanofi.com.doCDGC.prod,,ACTIVE
190312,69142e4926e0647c4fe76c5f,PIN00000017AN5,SAR449028_IND005,MCAS,Mast Cell Activation Syndrome,BE,Ongoing,Ongoing,10075217,L,MDM,2025-11-12 06:50:49.000,2026-01-14 06:52:07.000,cloudadmin@sanofi.com.doCDGC.prod,cloudadmin@sanofi.com.doCDGC.prod,Initiation,ACTIVE
190195,6912dcaf8be49aed524ec41d,PIN000000172XJ,LC81311_IND005,IBD,Inflammatory Bowel Disease,CF,Ongoing,Ongoing,10021972,,MDM,2025-11-11 06:50:23.000,2025-11-11 06:50:23.000,cloudadmin@sanofi.com.doCDGC.prod,cloudadmin@sanofi.com.doCDGC.prod,,ACTIVE
190196,6912dcb28be49aed524ec456,PIN000000172XN,SAR449028_IND002,CIndU,Chronic Inducible Urticaria,BE,Ongoing,Ongoing,10052568,D,MDM,2025-11-11 06:50:26.000,2025-11-15 06:50:43.000,cloudadmin@sanofi.com.doCDGC.prod,cloudadmin@sanofi.com.doCDGC.prod,Phase 2A,ACTIVE
190197,6912dcb28be49aed524ec465,PIN000000172XO,SAR449028_IND004,Asthma,Asthma,BE,Ongoing,Ongoing,10003553,R,MDM,2025-11-11 06:50:26.000,2026-01-15 08:25:30.000,cloudadmin@sanofi.com.doCDGC.prod,cloudadmin@sanofi.com.doCDGC.prod,Initiation,ACTIVE
190198,6912dcb18be49aed524ec438,PIN000000172XL,LC81311_IND006,Psoriasis,Psoriasis,CF,Ongoing,Ongoing,10037153,,MDM,2025-11-11 06:50:24.000,2025-11-11 06:50:24.000,cloudadmin@sanofi.com.doCDGC.prod,cloudadmin@sanofi.com.doCDGC.prod,,ACTIVE
190199,6912dcb28be49aed524ec474,PIN000000172XP,LC81311_IND004,Asthma,Asthma,CF,Ongoing,Ongoing,10003553,,MDM,2025-11-11 06:50:26.000,2025-11-11 06:50:26.000,cloudadmin@sanofi.com.doCDGC.prod,cloudadmin@sanofi.com.doCDGC.prod,,ACTIVE
190200,6912dcb18be49aed524ec447,PIN000000172XM,SAR449028_IND003,ARC,Allergic Rhino Conjunctivitis,BE,On Hold,On Hold,10001728,R,MDM,2025-11-11 06:50:25.000,2026-01-24 06:51:07.000,cloudadmin@sanofi.com.doCDGC.prod,cloudadmin@sanofi.com.doCDGC.prod,Phase 2A,ACTIVE
189849,690c455464918b5a6b172325,PIN00000016V7T,SAR448972_IND002,AdvSM,Advanced Systemic Mastocytosis,BE,Completed,Completed active,10089805,L,MDM,2025-11-06 06:50:59.000,2026-01-23 06:50:48.000,cloudadmin@sanofi.com.doCDGC.prod,cloudadmin@sanofi.com.doCDGC.prod,LCM,ACTIVE
189850,690c455464918b5a6b172323,PIN00000016V7R,SAR448972_IND005,SM,Systemic Mastocytosis,BE,Completed,Completed active,10042949,L,MDM,2025-11-06 06:50:59.000,2026-01-15 08:25:32.000,cloudadmin@sanofi.com.doCDGC.prod,cloudadmin@sanofi.com.doCDGC.prod,LCM,ACTIVE
189851,690c455464918b5a6b17231e,PIN00000016V7M,OC02216_IND001,,Indication for Others file,CO,,,,,MDM,2025-11-06 06:50:59.000,2025-11-07 06:50:26.000,cloudadmin@sanofi.com.doCDGC.prod,cloudadmin@sanofi.com.doCDGC.prod,,ACTIVE
189852,690c455464918b5a6b172322,PIN00000016V7Q,SAR448972_IND004,GIST,Gastrointestinal stromal tumour,BG,Ongoing,Ongoing,10017758,L,MDM,2025-11-06 06:50:59.000,2026-01-15 08:25:59.000,cloudadmin@sanofi.com.doCDGC.prod,cloudadmin@sanofi.com.doCDGC.prod,LCM,ACTIVE
189853,690c455464918b5a6b17231d,PIN00000016V7L,OC02215_IND001,,Indication for Others file,CS,,,,,MDM,2025-11-06 06:50:59.000,2025-11-07 06:50:41.000,cloudadmin@sanofi.com.doCDGC.prod,cloudadmin@sanofi.com.doCDGC.prod,,ACTIVE
189854,690c455464918b5a6b17231f,PIN00000016V7N,OC02217_IND001,,Indication for Others file,CO,,,,,MDM,2025-11-06 06:50:59.000,2025-11-07 06:50:43.000,cloudadmin@sanofi.com.doCDGC.prod,cloudadmin@sanofi.com.doCDGC.prod,,ACTIVE
189845,690c455464918b5a6b17231c,PIN00000016V7K,OC02214_IND001,,Indication for Others file,CS,,,,,MDM,2025-11-06 06:50:59.000,2025-11-07 06:50:43.000,cloudadmin@sanofi.com.doCDGC.prod,cloudadmin@sanofi.com.doCDGC.prod,,ACTIVE
189846,690c455464918b5a6b172321,PIN00000016V7P,SAR448972_IND003,Solid Tumors - Ped,Pediatric Solid Tumor,BG,Not Validated,Not Validated,10065252,L,MDM,2025-11-06 06:50:59.000,2025-11-22 06:52:08.000,cloudadmin@sanofi.com.doCDGC.prod,cloudadmin@sanofi.com.doCDGC.prod,,ACTIVE
189847,690c455464918b5a6b172324,PIN00000016V7S,OC02213_IND001,,Indication for Others file,CS,,,,,MDM,2025-11-06 06:50:59.000,2025-11-07 06:50:36.000,cloudadmin@sanofi.com.doCDGC.prod,cloudadmin@sanofi.com.doCDGC.prod,,ACTIVE
189848,690c455464918b5a6b172320,PIN00000016V7O,SAR448940_IND002,AdvSM,Advanced Systemic Mastocytosis,BE,Stopped,Stopped active,10089805,L,MDM,2025-11-06 06:50:59.000,2026-01-23 06:51:07.000,cloudadmin@sanofi.com.doCDGC.prod,cloudadmin@sanofi.com.doCDGC.prod,Phase 2,ACTIVE
189777,690b088be53b39e515c97917,PIN00000016NHS,SERIE_LNP_DISCO_DH,,Serie for Bio Disco,C,Ongoing,Ongoing,,,MDM,2025-11-05 08:19:22.000,2026-01-23 06:50:30.000,cloudadmin@sanofi.com.doCDGC.prod,cloudadmin@sanofi.com.doCDGC.prod,,ACTIVE
189523,690850a2ad85be92bbee6fbf,PIN00000016FS0,SAR448555_IND002,UC,Crohn's disease,BE,To be Validated,To be Validated,10011401,A,MDM,2025-11-03 06:50:10.000,2026-01-24 06:50:01.000,cloudadmin@sanofi.com.doCDGC.prod,cloudadmin@sanofi.com.doCDGC.prod,Initiation,ACTIVE
189156,6905ae7b73c758f16c4a8939,PIN00000016829,LC81699_IND002,AMD - Neovascular,Age-related macular degeneration - Neovascular,CS,Ongoing,Ongoing,10075568,,MDM,2025-11-01 06:53:47.000,2025-11-26 08:37:06.000,cloudadmin@sanofi.com.doCDGC.prod,cloudadmin@sanofi.com.doCDGC.prod,,ACTIVE
189157,6905ae7b73c758f16c4a893a,PIN0000001682A,LC81700_IND002,DME,Diabetic macular oedema,CS,Ongoing,Ongoing,10012688,,MDM,2025-11-01 06:53:47.000,2025-11-01 06:53:47.000,cloudadmin@sanofi.com.doCDGC.prod,cloudadmin@sanofi.com.doCDGC.prod,,ACTIVE
189158,6905ae7b73c758f16c4a8938,PIN00000016828,LC81699_IND003,DR,Diabetic retinopathy,CS,Ongoing,Ongoing,10012689,,MDM,2025-11-01 06:53:47.000,2025-11-26 08:38:12.000,cloudadmin@sanofi.com.doCDGC.prod,cloudadmin@sanofi.com.doCDGC.prod,,ACTIVE
188732,6901b96c92c947d6b4bd3da6,PIN000000160CH,LC81701_IND004,Prostate Cancer,Prostate Cancer,CI,Ongoing,Ongoing,10060862,,MDM,2025-10-29 06:51:23.000,2025-10-29 06:51:23.000,cloudadmin@sanofi.com.doCDGC.prod,cloudadmin@sanofi.com.doCDGC.prod,,ACTIVE
188733,6901b96c92c947d6b4bd3da5,PIN000000160CG,LC81701_IND002,CRC,Colorectal Cancer,CI,Ongoing,Ongoing,10061451,,MDM,2025-10-29 06:51:23.000,2025-10-29 06:51:23.000,cloudadmin@sanofi.com.doCDGC.prod,cloudadmin@sanofi.com.doCDGC.prod,,ACTIVE
188734,6901b96c92c947d6b4bd3da7,PIN000000160CI,LC81701_IND003,Lung Cancer,Lung Cancer,CI,Ongoing,Ongoing,10058467,,MDM,2025-10-29 06:51:23.000,2025-10-29 06:51:23.000,cloudadmin@sanofi.com.doCDGC.prod,cloudadmin@sanofi.com.doCDGC.prod,,ACTIVE
188155,68f87fcd2daf3720c0bc1b63,PIN00000015SMO,LC81699_IND001,DME,Diabetic macular oedema,CS,Ongoing,Ongoing,10012688,,MDM,2025-10-22 06:55:09.000,2025-12-19 06:51:08.000,cloudadmin@sanofi.com.doCDGC.prod,cloudadmin@sanofi.com.doCDGC.prod,,ACTIVE
188153,68f87fcd2daf3720c0bc1b64,PIN00000015SMP,LC81700_IND001,AMD - Neovascular,Age-related macular degeneration - Neovascular,CS,Ongoing,Ongoing,10075568,,MDM,2025-10-22 06:55:09.000,2025-11-06 06:51:42.000,cloudadmin@sanofi.com.doCDGC.prod,cloudadmin@sanofi.com.doCDGC.prod,,ACTIVE
188154,68f87fcd2daf3720c0bc1b65,PIN00000015SMQ,LC81701_IND001,MM,Multiple Myeloma,CI,Ongoing,Ongoing,10028228,,MDM,2025-10-22 06:55:09.000,2025-12-12 06:51:01.000,cloudadmin@sanofi.com.doCDGC.prod,cloudadmin@sanofi.com.doCDGC.prod,,ACTIVE
187877,68f32aa41ddd8768332be3cf,PIN00000015KWW,LC81683_IND003,AD,Atopic Dermatitis,CF,Ongoing,Ongoing,10012438,,MDM,2025-10-18 05:50:28.000,2025-10-18 05:50:28.000,cloudadmin@sanofi.com.doCDGC.prod,cloudadmin@sanofi.com.doCDGC.prod,,ACTIVE
187878,68f32aa41ddd8768332be3d0,PIN00000015KWX,SAR449397_IND001,,Indication for Biologic Dev,BE,To be Validated,To be Validated,,,MDM,2025-10-18 05:50:28.000,2025-11-15 06:51:01.000,cloudadmin@sanofi.com.doCDGC.prod,cloudadmin@sanofi.com.doCDGC.prod,Pre-candidate,ACTIVE
186917,68df6421bf24942dbb50581c,PIN00000015D74,LC81698_IND001,Solid Tumors,Solid Tumors,CI,Ongoing,Ongoing,10065252,,MDM,2025-10-03 05:50:24.000,2025-12-16 06:50:26.000,cloudadmin@sanofi.com.doCDGC.prod,cloudadmin@sanofi.com.doCDGC.prod,,ACTIVE
186919,68df6421bf24942dbb50581d,PIN00000015D75,SAR449336_IND001,CRC,Colorectal Cancer,BG,Ongoing,Ongoing,10061451,L,MDM,2025-10-03 05:50:24.000,2026-01-24 06:50:06.000,cloudadmin@sanofi.com.doCDGC.prod,cloudadmin@sanofi.com.doCDGC.prod,Preclinical,ACTIVE
186842,68de12ac80ae8a6781e94597,PIN000000155HE,LC81697_IND001,Lung Cancer,Lung Cancer,CI,Ongoing,Ongoing,10058467,,MDM,2025-10-02 05:50:35.000,2025-12-11 06:51:31.000,cloudadmin@sanofi.com.doCDGC.prod,cloudadmin@sanofi.com.doCDGC.prod,,ACTIVE
186843,68de12ac80ae8a6781e94596,PIN000000155HD,RC01606_IND001,,Indication for Others file,CF,,,,,MDM,2025-10-02 05:50:35.000,2025-10-03 05:50:55.000,cloudadmin@sanofi.com.doCDGC.prod,cloudadmin@sanofi.com.doCDGC.prod,,ACTIVE
186844,68de12ac80ae8a6781e94595,PIN000000155HC,RC01605_IND001,,Indication for Others file,CI,,,,,MDM,2025-10-02 05:50:35.000,2025-10-02 05:50:35.000,cloudadmin@sanofi.com.doCDGC.prod,cloudadmin@sanofi.com.doCDGC.prod,,ACTIVE
186578,68db6fc2e51b7b7aa17c7f61,PIN00000014XRQ,LC81695_IND004,HS,Hidradenitis suppurativa,CF,Ongoing,Ongoing,10020041,,MDM,2025-09-30 05:50:58.000,2025-11-01 06:53:56.000,cloudadmin@sanofi.com.doCDGC.prod,cloudadmin@sanofi.com.doCDGC.prod,,ACTIVE
186579,68db6fc2e51b7b7aa17c7f64,PIN00000014XRT,LC81694_IND006,MG,Myasthenia gravis,CF,Ongoing,Ongoing,10028417,,MDM,2025-09-30 05:50:58.000,2025-10-04 05:50:24.000,cloudadmin@sanofi.com.doCDGC.prod,cloudadmin@sanofi.com.doCDGC.prod,,ACTIVE
186585,68db6fc2e51b7b7aa17c7f67,PIN00000014XRW,SAR447998_IND002,LN,Lupus Nephritis,BE,To be Validated,To be Validated,10025140,M,MDM,2025-09-30 05:50:58.000,2026-01-23 06:52:20.000,cloudadmin@sanofi.com.doCDGC.prod,cloudadmin@sanofi.com.doCDGC.prod,Initiation,ACTIVE
186586,68db6fc2e51b7b7aa17c7f62,PIN00000014XRR,LC81693_IND005,SSc,Systemic sclerosis,CF,Ongoing,Ongoing,10042953,,MDM,2025-09-30 05:50:58.000,2025-10-02 05:50:58.000,cloudadmin@sanofi.com.doCDGC.prod,cloudadmin@sanofi.com.doCDGC.prod,,ACTIVE
186587,68db6fc2e51b7b7aa17c7f5f,PIN00000014XRO,LC81694_IND005,SSc,Systemic sclerosis,CF,Ongoing,Ongoing,10042953,,MDM,2025-09-30 05:50:58.000,2025-10-02 05:50:46.000,cloudadmin@sanofi.com.doCDGC.prod,cloudadmin@sanofi.com.doCDGC.prod,,ACTIVE
186588,68db6fc2e51b7b7aa17c7f5e,PIN00000014XRN,LC81694_IND003,Sjogren's,Sjogren’s syndrome,CF,Ongoing,Ongoing,10040767,,MDM,2025-09-30 05:50:58.000,2025-10-02 05:50:43.000,cloudadmin@sanofi.com.doCDGC.prod,cloudadmin@sanofi.com.doCDGC.prod,,ACTIVE
186589,68db6fc2e51b7b7aa17c7f66,PIN00000014XRV,LC81695_IND002,Psoriasis,Psoriasis,CF,Ongoing,Ongoing,10037153,,MDM,2025-09-30 05:50:58.000,2025-11-01 06:54:15.000,cloudadmin@sanofi.com.doCDGC.prod,cloudadmin@sanofi.com.doCDGC.prod,,ACTIVE
186590,68db6fc2e51b7b7aa17c7f5b,PIN00000014XRK,LC81693_IND003,Sjogren's,Sjogren’s syndrome,CF,Ongoing,Ongoing,10040767,,MDM,2025-09-30 05:50:58.000,2025-10-02 05:51:03.000,cloudadmin@sanofi.com.doCDGC.prod,cloudadmin@sanofi.com.doCDGC.prod,,ACTIVE
186580,68db6fc2e51b7b7aa17c7f60,PIN00000014XRP,LC81695_IND003,RA,Rheumatoid Arthritis,CF,Ongoing,Ongoing,10039073,,MDM,2025-09-30 05:50:58.000,2025-11-01 06:54:36.000,cloudadmin@sanofi.com.doCDGC.prod,cloudadmin@sanofi.com.doCDGC.prod,,ACTIVE
186581,68db6fc2e51b7b7aa17c7f65,PIN00000014XRU,LC81694_IND007,RA,Rheumatoid Arthritis,CF,Ongoing,Ongoing,10039073,,MDM,2025-09-30 05:50:58.000,2025-10-09 05:51:20.000,cloudadmin@sanofi.com.doCDGC.prod,cloudadmin@sanofi.com.doCDGC.prod,,ACTIVE
186582,68db6fc2e51b7b7aa17c7f5d,PIN00000014XRM,LC81693_IND006,RA,Rheumatoid Arthritis,CF,Ongoing,Ongoing,10039073,,MDM,2025-09-30 05:50:58.000,2025-10-09 05:51:06.000,cloudadmin@sanofi.com.doCDGC.prod,cloudadmin@sanofi.com.doCDGC.prod,,ACTIVE
186583,68db6fc2e51b7b7aa17c7f63,PIN00000014XRS,LC81694_IND004,Myositis,Inclusion body myositis,CF,Ongoing,Ongoing,10066407,,MDM,2025-09-30 05:50:58.000,2025-10-04 05:50:48.000,cloudadmin@sanofi.com.doCDGC.prod,cloudadmin@sanofi.com.doCDGC.prod,,ACTIVE
186584,68db6fc2e51b7b7aa17c7f5c,PIN00000014XRL,LC81693_IND004,Myositis,Inclusion body myositis,CF,Ongoing,Ongoing,10066407,,MDM,2025-09-30 05:50:58.000,2025-10-02 05:50:59.000,cloudadmin@sanofi.com.doCDGC.prod,cloudadmin@sanofi.com.doCDGC.prod,,ACTIVE
186201,68d3870a09a9b5228022ff31,PIN00000014Q1S,SAR449221_IND001,,Indication for Biologic Dev,BE,Ongoing,Ongoing,,,MDM,2025-09-24 05:52:09.000,2025-09-24 05:52:09.000,cloudadmin@sanofi.com.doCDGC.prod,cloudadmin@sanofi.com.doCDGC.prod,Phase 1,ACTIVE
186015,68d23519e293e218f1b09a1f,PIN00000014AM8,SAR449310_IND001,,Indication for Biologic Dev,BE,To be Validated,To be Validated,,,MDM,2025-09-23 05:50:16.000,2026-01-16 06:51:49.000,cloudadmin@sanofi.com.doCDGC.prod,cloudadmin@sanofi.com.doCDGC.prod,Pre-candidate,ACTIVE
185716,68cb9e2cbad3604329104583,PIN00000013V6O,SAR231893_IND040,ICI adverse events,Immune Checkpoint Inhibitor - Associated Immune-Related cutaneous adverse events,BE,To be Validated,To be Validated,10013687,D,MDM,2025-09-18 05:52:44.000,2025-12-11 06:50:49.000,cloudadmin@sanofi.com.doCDGC.prod,cloudadmin@sanofi.com.doCDGC.prod,Initiation,ACTIVE
185545,68ca4c5d71d79e1060351f51,PIN00000013NGW,SAR449124_IND003,sHTG pancreatitis - CN,Severe Hypertriglyceridemia at risk of Acute Pancreatitis- China,BJ,Ongoing,Ongoing,10020870,C,MDM,2025-09-17 05:51:24.000,2026-01-13 06:51:22.000,cloudadmin@sanofi.com.doCDGC.prod,cloudadmin@sanofi.com.doCDGC.prod,Phase 3,ACTIVE
185466,68c8faf99708a740a81da736,PIN00000013FR4,SAR449124_IND002,sHTG - CN,Severe Hypertriglyceridemia-China,BJ,Ongoing,Ongoing,10020870,C,MDM,2025-09-16 05:51:53.000,2026-01-13 06:52:01.000,cloudadmin@sanofi.com.doCDGC.prod,cloudadmin@sanofi.com.doCDGC.prod,Phase 3,ACTIVE
185130,68bfc04b71c958482b611deb,PIN00000011Q0Y,LC81696_IND003,COPD,Chronic Obstructive Pulmonary Disease,CF,Ongoing,Ongoing,10009033,,MDM,2025-09-09 05:51:06.000,2025-11-01 06:54:07.000,cloudadmin@sanofi.com.doCDGC.prod,cloudadmin@sanofi.com.doCDGC.prod,,ACTIVE
185131,68bfc04b71c958482b611dea,PIN00000011Q0X,LC81696_IND002,Asthma,Asthma,CF,Ongoing,Ongoing,10003553,,MDM,2025-09-09 05:51:06.000,2025-11-01 06:54:12.000,cloudadmin@sanofi.com.doCDGC.prod,cloudadmin@sanofi.com.doCDGC.prod,,ACTIVE
185132,68bfc04b71c958482b611de9,PIN00000011Q0W,LC81696_IND001,AD,Atopic Dermatitis,CF,Ongoing,Ongoing,10012438,,MDM,2025-09-09 05:51:06.000,2025-11-13 06:50:19.000,cloudadmin@sanofi.com.doCDGC.prod,cloudadmin@sanofi.com.doCDGC.prod,,ACTIVE
184913,68bd1d54d31fbb045d47c811,PIN00000011IB4,LC81384_IND002,Alzheimer,Alzheimer's Disease,CH,Ongoing,Ongoing,10001896,,MDM,2025-09-07 05:51:15.000,2025-11-01 06:54:13.000,cloudadmin@sanofi.com.doCDGC.prod,cloudadmin@sanofi.com.doCDGC.prod,,ACTIVE
184611,68b9288fd6336657b2d58f77,PIN00000011ALC,SAR448851_IND002,Alzheimer w/Lecanemab,Alzheimer's disease - Combo Lecanemab,BF,To be Validated,To be Validated,10001896,N,MDM,2025-09-04 05:50:06.000,2025-10-15 05:51:55.000,cloudadmin@sanofi.com.doCDGC.prod,cloudadmin@sanofi.com.doCDGC.prod,Initiation,ACTIVE
184531,68b7d71fd37af775f25eaafa,PIN000000112VK,SAR448755_IND002,Asthma,Asthma,BE,Ongoing,Ongoing,10003553,R,MDM,2025-09-03 05:50:22.000,2025-11-25 06:53:57.000,cloudadmin@sanofi.com.doCDGC.prod,cloudadmin@sanofi.com.doCDGC.prod,Initiation,ACTIVE
184401,68b6862e27624a086cf3dcf7,PIN00000010V5S,LC81113_IND002,CRC,Colorectal Cancer,CI,Ongoing,Ongoing,10061451,,MDM,2025-09-02 05:52:46.000,2025-11-01 06:54:31.000,cloudadmin@sanofi.com.doCDGC.prod,cloudadmin@sanofi.com.doCDGC.prod,,ACTIVE
184422,68b6862e27624a086cf3dcf8,PIN00000010V5T,LC81113_IND003,Pancreatic Carcinoma,Pancreatic Carcinoma,CI,Ongoing,Ongoing,10033609,,MDM,2025-09-02 05:52:46.000,2025-11-01 06:54:38.000,cloudadmin@sanofi.com.doCDGC.prod,cloudadmin@sanofi.com.doCDGC.prod,,ACTIVE
184287,68b1404678f2ff5dc81115ea,PIN00000010NG0,OC02212_IND001,,Indication for Others file,CM,,,,,MDM,2025-08-29 05:53:09.000,2025-09-02 05:53:12.000,cloudadmin@sanofi.com.doCDGC.prod,cloudadmin@sanofi.com.doCDGC.prod,,ACTIVE
184124,68ae9cec15b5a72dbaddf539,PIN00000010FQ9,SAR650984_IND039,1L NDMM w/ Elranatamab,1L NDMM - Combo Elranatamab,BG,Not Validated,Not Validated,10028228,L,MDM,2025-08-27 05:51:39.000,2025-09-09 05:51:34.000,cloudadmin@sanofi.com.doCDGC.prod,cloudadmin@sanofi.com.doCDGC.prod,Initiation,ACTIVE
184125,68ae9cec15b5a72dbaddf538,PIN00000010FQ8,SAR449124_IND001,FCS - CN,Familial chylomicronemia syndrome-China,BJ,Completed,Completed active,10085051,C,MDM,2025-08-27 05:51:39.000,2026-01-13 06:51:57.000,cloudadmin@sanofi.com.doCDGC.prod,cloudadmin@sanofi.com.doCDGC.prod,LCM,ACTIVE
184018,68ad4ba09361952abf75a878,PIN0000001080G,SIC00803_IND001,,KOV - Ovarian cancer,HB,,,,,MDM,2025-08-26 05:52:32.000,2025-08-27 05:52:11.000,cloudadmin@sanofi.com.doCDGC.prod,cloudadmin@sanofi.com.doCDGC.prod,,ACTIVE
183752,68a80548e219ea2be7e35fd1,PIN000000100AP,LC81652_IND003,AMD - Intermediate,Age-related macular degeneration - Intermediate,CS,Ongoing,Ongoing,10064930,,MDM,2025-08-22 05:51:04.000,2025-08-22 05:51:04.000,cloudadmin@sanofi.com.doCDGC.prod,cloudadmin@sanofi.com.doCDGC.prod,,ACTIVE
183751,68a80548e219ea2be7e35fd0,PIN000000100AO,LC81652_IND002,AMD - Neovascular,Age-related macular degeneration - Neovascular,CS,Ongoing,Ongoing,10075568,,MDM,2025-08-22 05:51:04.000,2025-08-22 05:51:04.000,cloudadmin@sanofi.com.doCDGC.prod,cloudadmin@sanofi.com.doCDGC.prod,,ACTIVE
183679,68a6b409ada9de7b996d2d91,PIN0000000ZSKW,LC81693_IND002,LN,Lupus Nephritis,CF,Ongoing,Ongoing,10025140,,MDM,2025-08-21 05:52:08.000,2025-09-30 05:51:04.000,cloudadmin@sanofi.com.doCDGC.prod,cloudadmin@sanofi.com.doCDGC.prod,,ACTIVE
183680,68a6b409ada9de7b996d2d92,PIN0000000ZSKX,LC81694_IND002,LN,Lupus Nephritis,CF,Ongoing,Ongoing,10025140,,MDM,2025-08-21 05:52:08.000,2025-09-30 05:51:33.000,cloudadmin@sanofi.com.doCDGC.prod,cloudadmin@sanofi.com.doCDGC.prod,,ACTIVE
183575,68a5623d92b6957dde021ed2,PIN0000000ZKV4,SAR444671_IND021,SCD - Ped 6m-9y,Sickle Cell Disease - Ped - 6 months-9 years,BH,To be Validated,To be Validated,10040644,B,MDM,2025-08-20 05:50:53.000,2026-01-24 06:51:19.000,cloudadmin@sanofi.com.doCDGC.prod,cloudadmin@sanofi.com.doCDGC.prod,Initiation,ACTIVE
183512,68a410a945f0090a3c003491,PIN0000000ZD5C,LC81648_IND002,Synucleinopathy,Synucleinopathy,CH,Ongoing,Ongoing,10053643,,MDM,2025-08-19 05:50:33.000,2025-08-28 05:51:08.000,cloudadmin@sanofi.com.doCDGC.prod,cloudadmin@sanofi.com.doCDGC.prod,,ACTIVE
183002,6896e21e49b77d370ea85d7d,PIN0000000Z5FX,SP0340_IND001,RSV+hMPV disease,RSV+hMPV disease,,Ongoing,Ongoing,10061603,VACC,MDM,2025-08-09 05:52:29.000,2026-01-07 06:54:49.000,cloudadmin@sanofi.com.doCDGC.prod,cloudadmin@sanofi.com.doCDGC.prod,Phase 1,ACTIVE
183003,6896e21e49b77d370ea85d79,PIN0000000Z5FT,SAR448873_IND001,Alzheimer,Alzheimer's disease,BF,Ongoing,Ongoing,10001896,N,MDM,2025-08-09 05:52:29.000,2026-01-16 06:51:22.000,cloudadmin@sanofi.com.doCDGC.prod,cloudadmin@sanofi.com.doCDGC.prod,Preclinical,ACTIVE
183004,6896e21e49b77d370ea85d72,PIN0000000Z5FM,LC81691_IND005,Melanoma,Melanoma,CI,Ongoing,Ongoing,10025650,,MDM,2025-08-09 05:52:29.000,2025-08-09 05:52:29.000,cloudadmin@sanofi.com.doCDGC.prod,cloudadmin@sanofi.com.doCDGC.prod,,ACTIVE
183005,6896e21e49b77d370ea85d7c,PIN0000000Z5FW,SAR449028_IND001,Chronic Urticaria,Chronic Urticaria,BE,Ongoing,Ongoing,10052568,D,MDM,2025-08-09 05:52:29.000,2026-01-14 06:50:51.000,cloudadmin@sanofi.com.doCDGC.prod,cloudadmin@sanofi.com.doCDGC.prod,Phase 2A,ACTIVE
183006,6896e21e49b77d370ea85d74,PIN0000000Z5FO,LC81691_IND007,HCC,Hepato Cellular Carcinoma,CI,Ongoing,Ongoing,10019697,,MDM,2025-08-09 05:52:29.000,2025-08-09 05:52:29.000,cloudadmin@sanofi.com.doCDGC.prod,cloudadmin@sanofi.com.doCDGC.prod,,ACTIVE
183007,6896e22149b77d370ea85e09,PIN0000000Z5G5,LC81694_IND001,SLE,Systemic Lupus Erythematosus,CF,Ongoing,Ongoing,10042945,,MDM,2025-08-09 05:52:33.000,2025-12-19 06:50:56.000,cloudadmin@sanofi.com.doCDGC.prod,cloudadmin@sanofi.com.doCDGC.prod,,ACTIVE
183008,6896e21e49b77d370ea85d75,PIN0000000Z5FP,LC81691_IND008,Prostate Cancer,Prostate Cancer,CI,Ongoing,Ongoing,10060862,,MDM,2025-08-09 05:52:29.000,2025-08-09 05:52:29.000,cloudadmin@sanofi.com.doCDGC.prod,cloudadmin@sanofi.com.doCDGC.prod,,ACTIVE
183009,6896e21e49b77d370ea85d73,PIN0000000Z5FN,LC81691_IND006,Breast Cancer,Breast Cancer,CI,Ongoing,Ongoing,10006187,,MDM,2025-08-09 05:52:29.000,2025-08-09 05:52:29.000,cloudadmin@sanofi.com.doCDGC.prod,cloudadmin@sanofi.com.doCDGC.prod,,ACTIVE
183010,6896e21e49b77d370ea85d7e,PIN0000000Z5FY,SP0341_IND001,RSV+hMPV+PIV3 disease,RSV+hMPV+PIV3 disease,,Ongoing,Ongoing,10061603,VACC,MDM,2025-08-09 05:52:29.000,2026-01-07 06:55:20.000,cloudadmin@sanofi.com.doCDGC.prod,cloudadmin@sanofi.com.doCDGC.prod,Phase 1,ACTIVE
183011,6896e21e49b77d370ea85d71,PIN0000000Z5FL,LC81691_IND004,Pancreatic Cancer,Pancreatic Cancer,CI,Ongoing,Ongoing,10033609,,MDM,2025-08-09 05:52:29.000,2025-08-09 05:52:29.000,cloudadmin@sanofi.com.doCDGC.prod,cloudadmin@sanofi.com.doCDGC.prod,,ACTIVE
182776,6896e21e49b77d370ea85d70,PIN0000000Z5FK,INDICATION_SM_DEV_DH,,Indication for small molecule Dev,BE,To be Validated,To be Validated,,,MDM,2025-08-09 05:52:29.000,2026-01-24 06:51:29.000,cloudadmin@sanofi.com.doCDGC.prod,cloudadmin@sanofi.com.doCDGC.prod,,ACTIVE
182777,6896e21e49b77d370ea85d81,PIN0000000Z5G1,LC81690_IND003,Crohn,Crohn's Disease,CF,Ongoing,Ongoing,10011401,,MDM,2025-08-09 05:52:29.000,2025-08-09 05:52:29.000,cloudadmin@sanofi.com.doCDGC.prod,cloudadmin@sanofi.com.doCDGC.prod,,ACTIVE
182778,6896e21e49b77d370ea85d7b,PIN0000000Z5FV,SAR448972_IND001,IndoSM,Indolent Systemic Mastocytosis,BE,Completed,Completed active,10056452,L,MDM,2025-08-09 05:52:29.000,2026-01-15 08:25:08.000,cloudadmin@sanofi.com.doCDGC.prod,cloudadmin@sanofi.com.doCDGC.prod,LCM,ACTIVE
182779,6896e21e49b77d370ea85d83,PIN0000000Z5G3,LC81691_IND003,GC,Gastric Cancer,CI,Ongoing,Ongoing,10017758,,MDM,2025-08-09 05:52:29.000,2025-08-09 05:52:29.000,cloudadmin@sanofi.com.doCDGC.prod,cloudadmin@sanofi.com.doCDGC.prod,,ACTIVE
182780,6896e21e49b77d370ea85d77,PIN0000000Z5FR,LC81693_IND001,SLE,Systemic Lupus Erythematosus,CF,Ongoing,Ongoing,10042945,,MDM,2025-08-09 05:52:29.000,2025-12-19 06:52:15.000,cloudadmin@sanofi.com.doCDGC.prod,cloudadmin@sanofi.com.doCDGC.prod,,ACTIVE
182781,6896e22149b77d370ea85e0a,PIN0000000Z5G6,LC81695_IND001,IBD,Inflammatory Bowel Disease,CF,Ongoing,Ongoing,10039073,,MDM,2025-08-09 05:52:33.000,2025-10-28 06:50:26.000,cloudadmin@sanofi.com.doCDGC.prod,cloudadmin@sanofi.com.doCDGC.prod,,ACTIVE
182782,6896e22149b77d370ea85e0c,PIN0000000Z5G8,SAR448361_IND001,2L+ cGVHD,2L+ Chronic Graft versus Host Disease,BT,Not Validated,Not Validated,10018651,L,MDM,2025-08-09 05:52:33.000,2025-11-25 06:53:57.000,cloudadmin@sanofi.com.doCDGC.prod,cloudadmin@sanofi.com.doCDGC.prod,Initiation,ACTIVE
182783,6896e21e49b77d370ea85d82,PIN0000000Z5G2,LC81691_IND002,CRC,Colorectal Cancer,CI,Ongoing,Ongoing,10061451,,MDM,2025-08-09 05:52:29.000,2025-08-09 05:52:29.000,cloudadmin@sanofi.com.doCDGC.prod,cloudadmin@sanofi.com.doCDGC.prod,,ACTIVE
182784,6896e21e49b77d370ea85d76,PIN0000000Z5FQ,LC81692_IND001,Parkinson,Parkinson's Disease,CH,Ongoing,Ongoing,10061536,,MDM,2025-08-09 05:52:29.000,2025-12-18 06:51:31.000,cloudadmin@sanofi.com.doCDGC.prod,cloudadmin@sanofi.com.doCDGC.prod,,ACTIVE
182785,6896e21e49b77d370ea85d7f,PIN0000000Z5FZ,INDICATION_NANOBOBY_DEV_DH,,Indication for Nanobody,BE,To be Validated,To be Validated,,,MDM,2025-08-09 05:52:29.000,2025-10-08 05:50:36.000,cloudadmin@sanofi.com.doCDGC.prod,cloudadmin@sanofi.com.doCDGC.prod,,ACTIVE
182786,6896e22149b77d370ea85e0b,PIN0000000Z5G7,OC02211_IND001,,Indication for Others file,CO,,,,,MDM,2025-08-09 05:52:33.000,2025-08-09 05:52:33.000,cloudadmin@sanofi.com.doCDGC.prod,cloudadmin@sanofi.com.doCDGC.prod,,ACTIVE
182787,6896e21e49b77d370ea85d80,PIN0000000Z5G0,LC81690_IND002,UC,Ulcerative Colitis,CF,Ongoing,Ongoing,10009900,,MDM,2025-08-09 05:52:29.000,2025-08-09 05:52:29.000,cloudadmin@sanofi.com.doCDGC.prod,cloudadmin@sanofi.com.doCDGC.prod,,ACTIVE
182788,6896e21e49b77d370ea85d78,PIN0000000Z5FS,SAR448851_IND001,Alzheimer - Mono,Alzheimer's disease - Mono,BF,Ongoing,Ongoing,10001896,N,MDM,2025-08-09 05:52:29.000,2026-01-07 06:54:03.000,cloudadmin@sanofi.com.doCDGC.prod,cloudadmin@sanofi.com.doCDGC.prod,Phase 1,ACTIVE
182789,6896e21e49b77d370ea85d7a,PIN0000000Z5FU,SAR448940_IND001,IndoSM,Indolent Systemic Mastocytosis,BE,Ongoing,Ongoing,10056452,L,MDM,2025-08-09 05:52:29.000,2026-01-07 06:54:25.000,cloudadmin@sanofi.com.doCDGC.prod,cloudadmin@sanofi.com.doCDGC.prod,Phase 3,ACTIVE
182790,6896e22149b77d370ea85e08,PIN0000000Z5G4,LC81691_IND009,H&N,Head and Neck,CI,Ongoing,Ongoing,10067821,,MDM,2025-08-09 05:52:33.000,2025-08-09 05:52:33.000,cloudadmin@sanofi.com.doCDGC.prod,cloudadmin@sanofi.com.doCDGC.prod,,ACTIVE
182279,6868bd83b353062541645e35,PIN0000000YXPU,OC02206_IND001,,Indication for Others file,CO,,,,,MDM,2025-07-05 05:52:02.000,2025-08-09 05:53:00.000,cloudadmin@sanofi.com.doCDGC.prod,cloudadmin@sanofi.com.doCDGC.prod,,ACTIVE
182280,6868bd83b353062541645e36,PIN0000000YXPV,OC02208_IND001,,Indication for Others file,CO,,,,,MDM,2025-07-05 05:52:02.000,2026-01-21 06:50:57.000,cloudadmin@sanofi.com.doCDGC.prod,cloudadmin@sanofi.com.doCDGC.prod,,ACTIVE
182281,6868bd83b353062541645e3b,PIN0000000YXQ0,OC02210_IND001,,Indication for Others file,CO,,,,,MDM,2025-07-05 05:52:02.000,2025-08-09 05:52:46.000,cloudadmin@sanofi.com.doCDGC.prod,cloudadmin@sanofi.com.doCDGC.prod,,ACTIVE
182282,6868bd83b353062541645e33,PIN0000000YXPS,LC81392_IND002,ALS,Amyotrophic Lateral Sclerosis,CH,Ongoing,Ongoing,10002026,,MDM,2025-07-05 05:52:02.000,2025-11-01 06:54:23.000,cloudadmin@sanofi.com.doCDGC.prod,cloudadmin@sanofi.com.doCDGC.prod,,ACTIVE
182283,6868bd83b353062541645e39,PIN0000000YXPY,LC81690_IND001,IBD,Inflammatory Bowel Disease,CF,Ongoing,Ongoing,10021972,,MDM,2025-07-05 05:52:02.000,2025-12-19 06:51:01.000,cloudadmin@sanofi.com.doCDGC.prod,cloudadmin@sanofi.com.doCDGC.prod,,ACTIVE
182284,6868bd83b353062541645e34,PIN0000000YXPT,LC81691_IND001,Lung Cancer,Lung Cancer,CI,Ongoing,Ongoing,10058467,,MDM,2025-07-05 05:52:02.000,2026-01-24 06:50:11.000,cloudadmin@sanofi.com.doCDGC.prod,cloudadmin@sanofi.com.doCDGC.prod,,ACTIVE
182285,6868bd83b353062541645e3a,PIN0000000YXPZ,OC02207_IND001,,Indication for Others file,CO,,,,,MDM,2025-07-05 05:52:02.000,2026-01-21 06:50:30.000,cloudadmin@sanofi.com.doCDGC.prod,cloudadmin@sanofi.com.doCDGC.prod,,ACTIVE
182286,6868bd83b353062541645e37,PIN0000000YXPW,OC02209_IND001,,Indication for Others file,CO,,,,,MDM,2025-07-05 05:52:02.000,2026-01-21 06:50:58.000,cloudadmin@sanofi.com.doCDGC.prod,cloudadmin@sanofi.com.doCDGC.prod,,ACTIVE
182287,6868bd83b353062541645e38,PIN0000000YXPX,SAR444671_IND020,PN - Ped 6-11y,Prurigo Nodularis - Ped - 6 - 11 years,BE,To be Validated,To be Validated,10037084,D,MDM,2025-07-05 05:52:02.000,2025-07-06 05:52:29.000,cloudadmin@sanofi.com.doCDGC.prod,cloudadmin@sanofi.com.doCDGC.prod,Initiation,ACTIVE
182218,68661a4f34116d0697aa6e14,PIN0000000YQ00,DC01317_IND001,,Indication for Others file,BN,,,,,MDM,2025-07-03 05:51:11.000,2025-08-09 05:53:15.000,cloudadmin@sanofi.com.doCDGC.prod,cloudadmin@sanofi.com.doCDGC.prod,,ACTIVE
181570,685b8e87ffb291000db0a5d0,PIN0000000YAKG,LC81689_IND001,OA,Moderate-Severe Knee Osteoarthritis,CF,Ongoing,Ongoing,10031161,,MDM,2025-06-25 05:52:06.000,2026-01-13 06:50:53.000,cloudadmin@sanofi.com.doCDGC.prod,cloudadmin@sanofi.com.doCDGC.prod,,ACTIVE
181401,685a3ca13bdaf774a81f0b25,PIN0000000Y2UO,RC01604_IND001,,Indication for Others file,CS,,,,,MDM,2025-06-24 05:50:25.000,2025-10-10 05:51:42.000,cloudadmin@sanofi.com.doCDGC.prod,cloudadmin@sanofi.com.doCDGC.prod,,ACTIVE
180959,6853a533c5e8bd106adcad52,PIN0000000XV4W,SAR448755_IND001,AD,Atopic Dermatitis,BE,Ongoing,Ongoing,10012438,D,MDM,2025-06-19 05:50:43.000,2026-01-23 06:51:06.000,cloudadmin@sanofi.com.doCDGC.prod,cloudadmin@sanofi.com.doCDGC.prod,Phase 1,ACTIVE
180801,685101ff0f307e6fc10e4c8e,PIN0000000XNF4,OC02205_IND001,,Indication for Others file,LA,,,,,MDM,2025-06-17 05:49:50.000,2025-12-18 06:51:02.000,cloudadmin@sanofi.com.doCDGC.prod,cloudadmin@sanofi.com.doCDGC.prod,,ACTIVE
180802,685101ff0f307e6fc10e4c8f,PIN0000000XNF5,SAR448710_IND001,FSHD,Facioscapulohumeral Muscular Dystrophy,BH,Ongoing,Ongoing,10064087,M,MDM,2025-06-17 05:49:50.000,2026-01-07 06:54:49.000,cloudadmin@sanofi.com.doCDGC.prod,cloudadmin@sanofi.com.doCDGC.prod,Preclinical,ACTIVE
180547,684a6ae71a7a1c3c58f269e8,PIN0000000XFPD,SAR448632_IND001,UC,Ulcerative Colitis,BE,Ongoing,Ongoing,10009900,A,MDM,2025-06-12 05:51:34.000,2026-01-17 06:51:48.000,cloudadmin@sanofi.com.doCDGC.prod,cloudadmin@sanofi.com.doCDGC.prod,Preclinical,ACTIVE
180548,684a6ae71a7a1c3c58f269e9,PIN0000000XFPE,SAR448681_IND001,UC,Ulcerative Colitis,BE,Ongoing,Ongoing,10009900,A,MDM,2025-06-12 05:51:34.000,2026-01-22 06:50:05.000,cloudadmin@sanofi.com.doCDGC.prod,cloudadmin@sanofi.com.doCDGC.prod,Preclinical,ACTIVE
180549,684a6ae71a7a1c3c58f269e7,PIN0000000XFPC,LC81661_IND004,Fibrosis,,CF,Ongoing,Ongoing,10019668,,MDM,2025-06-12 05:51:34.000,2025-08-09 05:53:23.000,cloudadmin@sanofi.com.doCDGC.prod,cloudadmin@sanofi.com.doCDGC.prod,,ACTIVE
180173,68452505b5988d5919086c64,PIN0000000X7ZL,LC81688_IND002,COPD,Chronic Obstructive Pulmonary Disease,CF,Ongoing,Ongoing,10009033,,MDM,2025-06-08 05:52:05.000,2025-11-01 06:54:33.000,cloudadmin@sanofi.com.doCDGC.prod,cloudadmin@sanofi.com.doCDGC.prod,,ACTIVE
180138,68452505b5988d5919086c65,PIN0000000X7ZM,LC81688_IND003,EoE,Eosinophilic Esophagitis,CF,Ongoing,Ongoing,10064212,,MDM,2025-06-08 05:52:05.000,2025-11-01 06:54:17.000,cloudadmin@sanofi.com.doCDGC.prod,cloudadmin@sanofi.com.doCDGC.prod,,ACTIVE
180139,68452505b5988d5919086c63,PIN0000000X7ZK,LC81688_IND001,Asthma,Asthma,CF,Ongoing,Ongoing,10003553,,MDM,2025-06-08 05:52:05.000,2025-06-11 05:51:56.000,cloudadmin@sanofi.com.doCDGC.prod,cloudadmin@sanofi.com.doCDGC.prod,,ACTIVE
180140,68452505b5988d5919086c67,PIN0000000X7ZO,OC02204_IND001,,Indication for Others file,CL,,,,,MDM,2025-06-08 05:52:05.000,2025-12-04 06:50:37.000,cloudadmin@sanofi.com.doCDGC.prod,cloudadmin@sanofi.com.doCDGC.prod,,ACTIVE
180141,68452505b5988d5919086c66,PIN0000000X7ZN,LC81688_IND004,CRSwNP,Chronic Rhinosinusitis with Nasal Polyps,CF,Ongoing,Ongoing,10080060,,MDM,2025-06-08 05:52:05.000,2025-11-01 06:54:02.000,cloudadmin@sanofi.com.doCDGC.prod,cloudadmin@sanofi.com.doCDGC.prod,,ACTIVE
180068,68428195b96348468d779bf2,PIN0000000X09S,SAR447754_IND002,Alopecia Areata,Alopecia Areata,BE,To be Validated,To be Validated,10001761,D,MDM,2025-06-06 05:50:13.000,2025-12-18 06:51:12.000,cloudadmin@sanofi.com.doCDGC.prod,cloudadmin@sanofi.com.doCDGC.prod,Initiation,ACTIVE
179212,6837fa084f83ff41ac347f3a,PIN0000000WSK0,LC81687_IND001,AD,Atopic Dermatitis,CF,Ongoing,Ongoing,10012438,,MDM,2025-05-29 06:09:11.000,2025-12-18 06:52:25.000,cloudadmin@sanofi.com.doCDGC.prod,cloudadmin@sanofi.com.doCDGC.prod,,ACTIVE
178956,6835530de1f8ba710a0d359e,PIN0000000WKUO,LC81404_IND004,PAH,Pulmonary Arterial Hypertension,CF,Ongoing,Ongoing,10064911,,MDM,2025-05-27 05:52:12.000,2025-11-01 06:54:16.000,cloudadmin@sanofi.com.doCDGC.prod,cloudadmin@sanofi.com.doCDGC.prod,,ACTIVE
178957,6835530de1f8ba710a0d359f,PIN0000000WKUP,LC81661_IND002,Asthma,Asthma,CF,Ongoing,Ongoing,10003553,,MDM,2025-05-27 05:52:12.000,2025-11-01 06:53:55.000,cloudadmin@sanofi.com.doCDGC.prod,cloudadmin@sanofi.com.doCDGC.prod,,ACTIVE
178958,6835530de1f8ba710a0d358f,PIN0000000WKU9,LC81662_IND001,IBD,Inflammatory Bowel Disease,CF,Ongoing,Ongoing,10021972,,MDM,2025-05-27 05:52:12.000,2025-11-22 06:51:37.000,cloudadmin@sanofi.com.doCDGC.prod,cloudadmin@sanofi.com.doCDGC.prod,,ACTIVE
178959,6835530fe1f8ba710a0d364b,PIN0000000WKV2,LC81684_IND003,COPD,Chronic Obstructive Pulmonary Disease,CF,Ongoing,Ongoing,10009033,,MDM,2025-05-27 05:52:15.000,2025-11-01 06:54:33.000,cloudadmin@sanofi.com.doCDGC.prod,cloudadmin@sanofi.com.doCDGC.prod,,ACTIVE
178960,6835530de1f8ba710a0d3592,PIN0000000WKUC,LC81668_IND002,MS,Multiple Sclerosis,CQ,Ongoing,Ongoing,10028245,,MDM,2025-05-27 05:52:12.000,2025-11-01 06:53:55.000,cloudadmin@sanofi.com.doCDGC.prod,cloudadmin@sanofi.com.doCDGC.prod,,ACTIVE
178961,6835530fe1f8ba710a0d364d,PIN0000000WKV4,LC81685_IND004,BP,Bullous Pemphigoid,CF,Ongoing,Ongoing,10034277,,MDM,2025-05-27 05:52:15.000,2025-11-01 06:54:27.000,cloudadmin@sanofi.com.doCDGC.prod,cloudadmin@sanofi.com.doCDGC.prod,,ACTIVE
178962,6835530fe1f8ba710a0d3646,PIN0000000WKUX,LC81676_IND002,COPD,Chronic Obstructive Pulmonary Disease,CF,Stopped,Stopped inactive,10009033,,MDM,2025-05-27 05:52:15.000,2025-09-13 05:51:02.000,cloudadmin@sanofi.com.doCDGC.prod,cloudadmin@sanofi.com.doCDGC.prod,,ACTIVE
178963,6835530de1f8ba710a0d3590,PIN0000000WKUA,LC81666_IND002,SLE,Systemic Lupus Erythematosus,CF,Ongoing,Ongoing,10042945,,MDM,2025-05-27 05:52:12.000,2025-11-01 06:54:04.000,cloudadmin@sanofi.com.doCDGC.prod,cloudadmin@sanofi.com.doCDGC.prod,,ACTIVE
178964,6835530fe1f8ba710a0d3641,PIN0000000WKUS,LC81670_IND002,UC,Ulcerative Colitis,CF,Ongoing,Ongoing,10052568,,MDM,2025-05-27 05:52:15.000,2025-11-01 06:53:59.000,cloudadmin@sanofi.com.doCDGC.prod,cloudadmin@sanofi.com.doCDGC.prod,,ACTIVE
178965,6835530fe1f8ba710a0d364a,PIN0000000WKV1,LC81684_IND002,IBD,Inflammatory Bowel Disease,CF,Ongoing,Ongoing,10021972,,MDM,2025-05-27 05:52:15.000,2025-11-01 06:54:36.000,cloudadmin@sanofi.com.doCDGC.prod,cloudadmin@sanofi.com.doCDGC.prod,,ACTIVE
178966,6835530de1f8ba710a0d3591,PIN0000000WKUB,LC81667_IND002,RA,Rheumatoid Arthritis,CF,Ongoing,Ongoing,10039073,,MDM,2025-05-27 05:52:12.000,2025-11-01 06:54:30.000,cloudadmin@sanofi.com.doCDGC.prod,cloudadmin@sanofi.com.doCDGC.prod,,ACTIVE
178967,6835530de1f8ba710a0d35a1,PIN0000000WKUR,LC81665_IND002,MASH,Metabolic dysfunction-associated steatohepatitis,CF,Ongoing,Ongoing,10090856,,MDM,2025-05-27 05:52:12.000,2025-10-18 05:50:55.000,cloudadmin@sanofi.com.doCDGC.prod,cloudadmin@sanofi.com.doCDGC.prod,,ACTIVE
178968,6835530de1f8ba710a0d35a0,PIN0000000WKUQ,LC81662_IND002,MASH,Metabolic dysfunction-associated steatohepatitis,CF,Ongoing,Ongoing,10090856,,MDM,2025-05-27 05:52:12.000,2025-10-18 05:50:46.000,cloudadmin@sanofi.com.doCDGC.prod,cloudadmin@sanofi.com.doCDGC.prod,,ACTIVE
178969,6835530de1f8ba710a0d359a,PIN0000000WKUK,LC81680_IND002,SLE,Systemic Lupus Erythematosus,CF,Ongoing,Ongoing,10042945,,MDM,2025-05-27 05:52:12.000,2025-11-01 06:54:27.000,cloudadmin@sanofi.com.doCDGC.prod,cloudadmin@sanofi.com.doCDGC.prod,,ACTIVE
178970,6835530fe1f8ba710a0d364c,PIN0000000WKV3,LC81685_IND003,Alopecia Areata,Alopecia Areata,CF,Ongoing,Ongoing,10001761,,MDM,2025-05-27 05:52:15.000,2025-11-01 06:54:01.000,cloudadmin@sanofi.com.doCDGC.prod,cloudadmin@sanofi.com.doCDGC.prod,,ACTIVE
178971,6835530de1f8ba710a0d359b,PIN0000000WKUL,LC81683_IND002,Asthma,Asthma,CF,Ongoing,Ongoing,10003553,,MDM,2025-05-27 05:52:12.000,2025-10-18 05:50:43.000,cloudadmin@sanofi.com.doCDGC.prod,cloudadmin@sanofi.com.doCDGC.prod,,ACTIVE
178972,6835530de1f8ba710a0d3597,PIN0000000WKUH,LC81676_IND004,PAH,Pulmonary Arterial Hypertension,CF,Stopped,Stopped inactive,10064911,,MDM,2025-05-27 05:52:12.000,2025-09-13 05:50:46.000,cloudadmin@sanofi.com.doCDGC.prod,cloudadmin@sanofi.com.doCDGC.prod,,ACTIVE
178973,6835530de1f8ba710a0d3593,PIN0000000WKUD,LC81669_IND002,T1DM,Type 1 Diabetes,CQ,Ongoing,Ongoing,10067584,,MDM,2025-05-27 05:52:12.000,2025-11-01 06:53:57.000,cloudadmin@sanofi.com.doCDGC.prod,cloudadmin@sanofi.com.doCDGC.prod,,ACTIVE
178974,6835530de1f8ba710a0d3595,PIN0000000WKUF,LC81672_IND003,RA,Rheumatoid Arthritis,CF,Ongoing,Ongoing,10039073,,MDM,2025-05-27 05:52:12.000,2025-11-21 06:53:48.000,cloudadmin@sanofi.com.doCDGC.prod,cloudadmin@sanofi.com.doCDGC.prod,,ACTIVE
178975,6835530de1f8ba710a0d3598,PIN0000000WKUI,LC81677_IND002,AD,Atopic Dermatitis,CF,Stopped,Stopped inactive,10012438,,MDM,2025-05-27 05:52:12.000,2025-11-27 06:51:18.000,cloudadmin@sanofi.com.doCDGC.prod,cloudadmin@sanofi.com.doCDGC.prod,,ACTIVE
178976,6835530fe1f8ba710a0d3642,PIN0000000WKUT,LC81670_IND004,T1DM,Type 1 Diabetes,CF,Ongoing,Ongoing,10067584,,MDM,2025-05-27 05:52:15.000,2025-11-01 06:54:30.000,cloudadmin@sanofi.com.doCDGC.prod,cloudadmin@sanofi.com.doCDGC.prod,,ACTIVE
178977,6835530fe1f8ba710a0d3643,PIN0000000WKUU,LC81671_IND002,RA,Rheumatoid Arthritis,CQ,Ongoing,Ongoing,10039073,,MDM,2025-05-27 05:52:15.000,2025-11-01 06:54:17.000,cloudadmin@sanofi.com.doCDGC.prod,cloudadmin@sanofi.com.doCDGC.prod,,ACTIVE
178978,6835530fe1f8ba710a0d3648,PIN0000000WKUZ,LC81679_IND002,SLE,Systemic Lupus Erythematosus,CF,Ongoing,Ongoing,10042945,,MDM,2025-05-27 05:52:15.000,2025-11-01 06:54:36.000,cloudadmin@sanofi.com.doCDGC.prod,cloudadmin@sanofi.com.doCDGC.prod,,ACTIVE
178979,6835530de1f8ba710a0d3596,PIN0000000WKUG,LC81675_IND002,IBD,Inflammatory Bowel Disease,CF,Ongoing,Ongoing,10021972,,MDM,2025-05-27 05:52:12.000,2025-11-01 06:54:10.000,cloudadmin@sanofi.com.doCDGC.prod,cloudadmin@sanofi.com.doCDGC.prod,,ACTIVE
178980,6835530de1f8ba710a0d358e,PIN0000000WKU8,LC81661_IND003,HS,Hidradenitis Suppurativa,CF,Ongoing,Ongoing,10020041,,MDM,2025-05-27 05:52:12.000,2025-11-01 06:54:35.000,cloudadmin@sanofi.com.doCDGC.prod,cloudadmin@sanofi.com.doCDGC.prod,,ACTIVE
178981,6835530de1f8ba710a0d359d,PIN0000000WKUN,LC81686_IND003,IBD,Inflammatory Bowel Disease,CF,Ongoing,Ongoing,10021972,,MDM,2025-05-27 05:52:12.000,2025-11-01 06:54:27.000,cloudadmin@sanofi.com.doCDGC.prod,cloudadmin@sanofi.com.doCDGC.prod,,ACTIVE
178982,6835530fe1f8ba710a0d3649,PIN0000000WKV0,LC81681_IND002,COPD,Chronic Obstructive Pulmonary Disease,CF,Ongoing,Ongoing,10009033,,MDM,2025-05-27 05:52:15.000,2025-11-01 06:54:09.000,cloudadmin@sanofi.com.doCDGC.prod,cloudadmin@sanofi.com.doCDGC.prod,,ACTIVE
178983,6835530de1f8ba710a0d3594,PIN0000000WKUE,LC81670_IND003,Transplant,Transplantation,CF,Ongoing,Ongoing,10057677,,MDM,2025-05-27 05:52:12.000,2025-11-01 06:54:40.000,cloudadmin@sanofi.com.doCDGC.prod,cloudadmin@sanofi.com.doCDGC.prod,,ACTIVE
178984,6835530fe1f8ba710a0d3644,PIN0000000WKUV,LC81671_IND003,IBD,Inflammatory Bowel Disease,CQ,Ongoing,Ongoing,10021972,,MDM,2025-05-27 05:52:15.000,2025-11-01 06:54:12.000,cloudadmin@sanofi.com.doCDGC.prod,cloudadmin@sanofi.com.doCDGC.prod,,ACTIVE
178985,6835530de1f8ba710a0d3599,PIN0000000WKUJ,LC81679_IND003,RA,Rheumatoid Arthritis,CF,Ongoing,Ongoing,10039073,,MDM,2025-05-27 05:52:12.000,2025-11-01 06:54:13.000,cloudadmin@sanofi.com.doCDGC.prod,cloudadmin@sanofi.com.doCDGC.prod,,ACTIVE
178986,6835530fe1f8ba710a0d3647,PIN0000000WKUY,LC81676_IND003,IPF,Idiopathic Pulmonary Fibrosis,CF,Stopped,Stopped inactive,10021240,,MDM,2025-05-27 05:52:15.000,2025-09-13 05:50:54.000,cloudadmin@sanofi.com.doCDGC.prod,cloudadmin@sanofi.com.doCDGC.prod,,ACTIVE
178987,6835530de1f8ba710a0d359c,PIN0000000WKUM,LC81685_IND002,Bronchiectasis,Bronchiectasis,CF,Ongoing,Ongoing,10006445,,MDM,2025-05-27 05:52:12.000,2025-11-01 06:54:31.000,cloudadmin@sanofi.com.doCDGC.prod,cloudadmin@sanofi.com.doCDGC.prod,,ACTIVE
178988,6835530fe1f8ba710a0d364e,PIN0000000WKV5,LC81686_IND002,COPD,Chronic Obstructive Pulmonary Disease,CF,Ongoing,Ongoing,10009033,,MDM,2025-05-27 05:52:15.000,2025-11-01 06:54:17.000,cloudadmin@sanofi.com.doCDGC.prod,cloudadmin@sanofi.com.doCDGC.prod,,ACTIVE
178989,6835530fe1f8ba710a0d3645,PIN0000000WKUW,LC81672_IND002,Sjogren's,Sjogren's Syndrome,CF,Ongoing,Ongoing,10040767,,MDM,2025-05-27 05:52:15.000,2025-06-12 05:51:53.000,cloudadmin@sanofi.com.doCDGC.prod,cloudadmin@sanofi.com.doCDGC.prod,,ACTIVE
178560,68300ca29f83d736be12343e,PIN0000000WD4G,SP0256_IND003,RSV+hMPV disease - oa – CN,RSV+hMPV disease - older adults – CN,,To be Validated,To be Validated,10061603,VACC,MDM,2025-05-23 05:50:26.000,2025-12-06 06:52:32.000,cloudadmin@sanofi.com.doCDGC.prod,cloudadmin@sanofi.com.doCDGC.prod,Initiation,ACTIVE
178074,682c193c09df757e821cfa64,PIN0000000VXOW,SP0335_IND002,Flu H5 P1 Egg + Adjuv - BARDA,Flu H5 P1 Egg + Adjuvants - Pandemic (BARDA),,Ongoing,Ongoing,10022000,VACC,MDM,2025-05-20 05:55:08.000,2026-01-21 06:50:44.000,cloudadmin@sanofi.com.doCDGC.prod,cloudadmin@sanofi.com.doCDGC.prod,Preclinical,ACTIVE
177516,68242f160b802b5a16dd113b,PIN0000000VPZ4,LC81674_IND001,AD,Atopic Dermatitis,CF,Ongoing,Ongoing,10012438,,MDM,2025-05-14 05:50:14.000,2025-09-19 05:51:56.000,cloudadmin@sanofi.com.doCDGC.prod,cloudadmin@sanofi.com.doCDGC.prod,,ACTIVE
177517,68242f160b802b5a16dd113f,PIN0000000VPZ8,SAR442168_IND050,,MS,BF,To be Validated,To be Validated,10028245,N,MDM,2025-05-14 05:50:14.000,2025-12-06 06:53:22.000,cloudadmin@sanofi.com.doCDGC.prod,cloudadmin@sanofi.com.doCDGC.prod,,ACTIVE
177518,68242f160b802b5a16dd1147,PIN0000000VPZG,LC81683_IND001,RA,Rheumatoid Arthritis,CF,Ongoing,Ongoing,10039073,,MDM,2025-05-14 05:50:14.000,2025-12-16 06:50:15.000,cloudadmin@sanofi.com.doCDGC.prod,cloudadmin@sanofi.com.doCDGC.prod,,ACTIVE
177519,68242f160b802b5a16dd1143,PIN0000000VPZC,LC81679_IND001,Asthma,Asthma,CF,Ongoing,Ongoing,10003553,,MDM,2025-05-14 05:50:14.000,2025-11-22 06:51:58.000,cloudadmin@sanofi.com.doCDGC.prod,cloudadmin@sanofi.com.doCDGC.prod,,ACTIVE
177520,68242f160b802b5a16dd113d,PIN0000000VPZ6,LC81684_IND001,Asthma,Asthma,CF,Ongoing,Ongoing,10003553,,MDM,2025-05-14 05:50:14.000,2025-11-22 06:51:33.000,cloudadmin@sanofi.com.doCDGC.prod,cloudadmin@sanofi.com.doCDGC.prod,,ACTIVE
177521,68242f160b802b5a16dd1145,PIN0000000VPZE,LC81681_IND001,Asthma,Asthma,CF,Ongoing,Ongoing,10003553,,MDM,2025-05-14 05:50:14.000,2025-12-09 06:51:51.000,cloudadmin@sanofi.com.doCDGC.prod,cloudadmin@sanofi.com.doCDGC.prod,,ACTIVE
177448,68242f160b802b5a16dd1146,PIN0000000VPZF,LC81682_IND001,IBD,Inflammatory Bowel Disease,CF,Ongoing,Ongoing,10021972,,MDM,2025-05-14 05:50:14.000,2025-11-28 06:51:07.000,cloudadmin@sanofi.com.doCDGC.prod,cloudadmin@sanofi.com.doCDGC.prod,,ACTIVE
177449,68242f160b802b5a16dd113e,PIN0000000VPZ7,LC81686_IND001,Asthma,Asthma,CF,Ongoing,Ongoing,10003553,,MDM,2025-05-14 05:50:14.000,2025-11-28 06:51:02.000,cloudadmin@sanofi.com.doCDGC.prod,cloudadmin@sanofi.com.doCDGC.prod,,ACTIVE
177450,68242f160b802b5a16dd1140,PIN0000000VPZ9,LC81676_IND001,Asthma,Asthma,CF,Stopped,Stopped inactive,10003553,,MDM,2025-05-14 05:50:14.000,2025-12-11 06:51:34.000,cloudadmin@sanofi.com.doCDGC.prod,cloudadmin@sanofi.com.doCDGC.prod,,ACTIVE
177451,68242f160b802b5a16dd1141,PIN0000000VPZA,LC81677_IND001,Asthma,Asthma,CF,Stopped,Stopped active,10003553,,MDM,2025-05-14 05:50:14.000,2026-01-24 06:51:09.000,cloudadmin@sanofi.com.doCDGC.prod,cloudadmin@sanofi.com.doCDGC.prod,,ACTIVE
177452,68242f160b802b5a16dd1148,PIN0000000VPZH,LC81685_IND001,Asthma,Asthma,CF,Ongoing,Ongoing,10003553,,MDM,2025-05-14 05:50:14.000,2026-01-22 06:50:26.000,cloudadmin@sanofi.com.doCDGC.prod,cloudadmin@sanofi.com.doCDGC.prod,,ACTIVE
177453,68242f160b802b5a16dd1144,PIN0000000VPZD,LC81680_IND001,Asthma,Asthma,CF,Ongoing,Ongoing,10003553,,MDM,2025-05-14 05:50:14.000,2026-01-17 06:51:49.000,cloudadmin@sanofi.com.doCDGC.prod,cloudadmin@sanofi.com.doCDGC.prod,,ACTIVE
177454,68242f160b802b5a16dd113c,PIN0000000VPZ5,LC81675_IND001,Asthma,Asthma,CF,Ongoing,Ongoing,10003553,,MDM,2025-05-14 05:50:14.000,2025-11-22 06:51:42.000,cloudadmin@sanofi.com.doCDGC.prod,cloudadmin@sanofi.com.doCDGC.prod,,ACTIVE
177455,68242f160b802b5a16dd1142,PIN0000000VPZB,LC81678_IND001,Asthma,Asthma,CF,Stopped,Stopped active,10003553,,MDM,2025-05-14 05:50:14.000,2026-01-24 06:51:31.000,cloudadmin@sanofi.com.doCDGC.prod,cloudadmin@sanofi.com.doCDGC.prod,,ACTIVE
177269,6822dda00cb4c670238a5f64,PIN0000000VI9S,LC81668_IND001,Transplant,Transplantation,CQ,Ongoing,Ongoing,10057677,,MDM,2025-05-13 05:50:23.000,2026-01-22 06:50:47.000,cloudadmin@sanofi.com.doCDGC.prod,cloudadmin@sanofi.com.doCDGC.prod,,ACTIVE
177270,6822dda00cb4c670238a5f5b,PIN0000000VI9J,LC81670_IND001,AD,Atopic Dermatitis,CF,Ongoing,Ongoing,10012438,,MDM,2025-05-13 05:50:23.000,2025-11-22 06:52:11.000,cloudadmin@sanofi.com.doCDGC.prod,cloudadmin@sanofi.com.doCDGC.prod,,ACTIVE
177271,6822dda00cb4c670238a5f61,PIN0000000VI9P,LC81663_IND001,IBD,Inflammatory Bowel Disease,CF,Ongoing,Ongoing,10021972,,MDM,2025-05-13 05:50:23.000,2025-11-22 06:51:46.000,cloudadmin@sanofi.com.doCDGC.prod,cloudadmin@sanofi.com.doCDGC.prod,,ACTIVE
177272,6822dda00cb4c670238a5f58,PIN0000000VI9G,LC81662_SERIE_BIO_DISCO,IBD,Inflammatory Bowel Disease,CF,Ongoing,Ongoing,10021972,,MDM,2025-05-13 05:50:23.000,2025-05-14 05:51:35.000,cloudadmin@sanofi.com.doCDGC.prod,cloudadmin@sanofi.com.doCDGC.prod,,ACTIVE
177273,6822dda00cb4c670238a5f67,PIN0000000VI9V,LC81672_IND001,SLE,Systemic Lupus Erythematosus,CF,Ongoing,Ongoing,10042945,,MDM,2025-05-13 05:50:23.000,2025-10-09 05:50:53.000,cloudadmin@sanofi.com.doCDGC.prod,cloudadmin@sanofi.com.doCDGC.prod,,ACTIVE
177274,6822dda00cb4c670238a5f57,PIN0000000VI9F,LC81656_IND002,PSP,Progressive Supranuclear Palsy,CH,Ongoing,Ongoing,10036813,,MDM,2025-05-13 05:50:23.000,2025-09-03 05:51:01.000,cloudadmin@sanofi.com.doCDGC.prod,cloudadmin@sanofi.com.doCDGC.prod,,ACTIVE
177275,6822dda00cb4c670238a5f5f,PIN0000000VI9N,LC81657_IND002,Synucleinopathy,Synucleinopathy,CH,Ongoing,Ongoing,10053643,,MDM,2025-05-13 05:50:23.000,2025-09-03 05:50:44.000,cloudadmin@sanofi.com.doCDGC.prod,cloudadmin@sanofi.com.doCDGC.prod,,ACTIVE
177276,6822dda00cb4c670238a5f60,PIN0000000VI9O,LC81661_IND001,IBD,Inflammatory Bowel Disease,CF,Ongoing,Ongoing,10021972,,MDM,2025-05-13 05:50:23.000,2025-12-18 06:51:39.000,cloudadmin@sanofi.com.doCDGC.prod,cloudadmin@sanofi.com.doCDGC.prod,,ACTIVE
177277,6822dda00cb4c670238a5f5a,PIN0000000VI9I,LC81667_IND001,AD,Atopic Dermatitis,CF,Ongoing,Ongoing,10012438,,MDM,2025-05-13 05:50:23.000,2025-11-22 06:51:23.000,cloudadmin@sanofi.com.doCDGC.prod,cloudadmin@sanofi.com.doCDGC.prod,,ACTIVE
177278,6822dda00cb4c670238a5f66,PIN0000000VI9U,LC81671_IND001,Transplant,Transplantation,CQ,Ongoing,Ongoing,10057677,,MDM,2025-05-13 05:50:23.000,2025-11-22 06:51:48.000,cloudadmin@sanofi.com.doCDGC.prod,cloudadmin@sanofi.com.doCDGC.prod,,ACTIVE
177279,6822dda00cb4c670238a5f62,PIN0000000VI9Q,LC81664_IND001,IBD,Inflammatory Bowel Disease,CF,Ongoing,Ongoing,10021972,,MDM,2025-05-13 05:50:23.000,2026-01-08 07:09:30.000,cloudadmin@sanofi.com.doCDGC.prod,cloudadmin@sanofi.com.doCDGC.prod,,ACTIVE
177280,6822dda00cb4c670238a5f56,PIN0000000VI9E,LC81654_IND004,FTD,Frontotemporal Dementia,CH,Ongoing,Ongoing,10068968,,MDM,2025-05-13 05:50:23.000,2025-11-21 06:54:33.000,cloudadmin@sanofi.com.doCDGC.prod,cloudadmin@sanofi.com.doCDGC.prod,,ACTIVE
177281,6822dda00cb4c670238a5f55,PIN0000000VI9D,LC81654_IND003,Huntington,Huntington's Disease,CH,Ongoing,Ongoing,10070668,,MDM,2025-05-13 05:50:23.000,2025-11-21 06:54:13.000,cloudadmin@sanofi.com.doCDGC.prod,cloudadmin@sanofi.com.doCDGC.prod,,ACTIVE
177354,6822dda00cb4c670238a5f5c,PIN0000000VI9K,LC81673_IND001,AD,Atopic Dermatitis,CF,Ongoing,Ongoing,10012438,,MDM,2025-05-13 05:50:23.000,2025-07-03 05:51:52.000,cloudadmin@sanofi.com.doCDGC.prod,cloudadmin@sanofi.com.doCDGC.prod,,ACTIVE
177355,6822dda00cb4c670238a5f59,PIN0000000VI9H,LC81666_IND001,AD,Atopic Dermatitis,CF,Ongoing,Ongoing,10012438,,MDM,2025-05-13 05:50:23.000,2025-11-22 06:51:40.000,cloudadmin@sanofi.com.doCDGC.prod,cloudadmin@sanofi.com.doCDGC.prod,,ACTIVE
177356,6822dda00cb4c670238a5f54,PIN0000000VI9C,LC81654_IND002,ALS,Amyotrophic Lateral Sclerosis,CH,Ongoing,Ongoing,10002026,,MDM,2025-05-13 05:50:23.000,2025-11-21 06:53:35.000,cloudadmin@sanofi.com.doCDGC.prod,cloudadmin@sanofi.com.doCDGC.prod,,ACTIVE
177357,6822dda00cb4c670238a5f5d,PIN0000000VI9L,LC81655_IND002,Alzheimer,Alzheimer's Disease,CH,Ongoing,Ongoing,10001896,,MDM,2025-05-13 05:50:23.000,2025-09-03 05:50:31.000,cloudadmin@sanofi.com.doCDGC.prod,cloudadmin@sanofi.com.doCDGC.prod,,ACTIVE
177358,6822dda00cb4c670238a5f65,PIN0000000VI9T,LC81669_IND001,Transplant,Transplantation,CQ,Ongoing,Ongoing,10057677,,MDM,2025-05-13 05:50:23.000,2025-09-09 05:51:30.000,cloudadmin@sanofi.com.doCDGC.prod,cloudadmin@sanofi.com.doCDGC.prod,,ACTIVE
177359,6822dda00cb4c670238a5f5e,PIN0000000VI9M,LC81655_IND003,Obesity,Obesity,CH,Ongoing,Ongoing,10029883,,MDM,2025-05-13 05:50:23.000,2025-09-03 05:50:41.000,cloudadmin@sanofi.com.doCDGC.prod,cloudadmin@sanofi.com.doCDGC.prod,,ACTIVE
177360,6822dda00cb4c670238a5f63,PIN0000000VI9R,LC81665_IND001,IBD,Inflammatory Bowel Disease,CF,Ongoing,Ongoing,10021972,,MDM,2025-05-13 05:50:23.000,2025-11-22 06:52:13.000,cloudadmin@sanofi.com.doCDGC.prod,cloudadmin@sanofi.com.doCDGC.prod,,ACTIVE
176338,681c47013ce7644dba7bb61f,PIN0000000VAJM,LC81659_IND001,UC,Ulcerative Colitis,CF,Completed,Completed inactive,10009900,,MDM,2025-05-08 05:54:08.000,2025-08-21 05:52:45.000,cloudadmin@sanofi.com.doCDGC.prod,cloudadmin@sanofi.com.doCDGC.prod,,ACTIVE
176339,681c47013ce7644dba7bb61d,PIN0000000VAJK,SP0285_IND002,S. pneumoniae disease - Adult - CN,Streptococcus pneumoniae disease - Adult - CN,,To be Validated,To be Validated,10092606,VACC,MDM,2025-05-08 05:54:08.000,2025-12-03 08:29:12.000,cloudadmin@sanofi.com.doCDGC.prod,cloudadmin@sanofi.com.doCDGC.prod,Initiation,ACTIVE
176340,681c47013ce7644dba7bb620,PIN0000000VAJN,LC81660_IND001,UC,Ulcerative Colitis,CF,Completed,Completed inactive,10009900,,MDM,2025-05-08 05:54:08.000,2025-08-21 05:52:53.000,cloudadmin@sanofi.com.doCDGC.prod,cloudadmin@sanofi.com.doCDGC.prod,,ACTIVE
176341,681c47013ce7644dba7bb61e,PIN0000000VAJL,LC81658_IND001,Asthma,Asthma,CF,Ongoing,Ongoing,10003553,,MDM,2025-05-08 05:54:08.000,2025-05-13 05:50:44.000,cloudadmin@sanofi.com.doCDGC.prod,cloudadmin@sanofi.com.doCDGC.prod,,ACTIVE
176342,681c47013ce7644dba7bb621,PIN0000000VAJO,SP0271_IND002,S. pneumoniae disease - Ped - CN,Streptococcus pneumoniae disease - Pediatric - CN,,To be Validated,To be Validated,10092606,VACC,MDM,2025-05-08 05:54:08.000,2025-09-11 05:52:43.000,cloudadmin@sanofi.com.doCDGC.prod,cloudadmin@sanofi.com.doCDGC.prod,Initiation,ACTIVE
173576,680b23111e2215530b39160d,PIN0000000UFOJ,OC02203_IND001,,Indication for Others file,CF,,,,,MDM,2025-04-25 05:52:16.000,2025-05-08 05:54:23.000,cloudadmin@sanofi.com.doCDGC.prod,cloudadmin@sanofi.com.doCDGC.prod,,ACTIVE
173577,680b23111e2215530b39160c,PIN0000000UFOI,LC81657_IND001,Parkinson,Parkinson's Disease,CH,Ongoing,Ongoing,10061536,,MDM,2025-04-25 05:52:16.000,2025-12-19 06:51:11.000,cloudadmin@sanofi.com.doCDGC.prod,cloudadmin@sanofi.com.doCDGC.prod,,ACTIVE
173578,680b23111e2215530b39160a,PIN0000000UFOG,LC81654_IND001,Alzheimer,Alzheimer's Disease,CH,Ongoing,Ongoing,10001896,,MDM,2025-04-25 05:52:16.000,2025-12-18 06:51:15.000,cloudadmin@sanofi.com.doCDGC.prod,cloudadmin@sanofi.com.doCDGC.prod,,ACTIVE
173579,680b23111e2215530b39160b,PIN0000000UFOH,LC81655_IND001,Parkinson,Parkinson's Disease,CH,Ongoing,Ongoing,10061536,,MDM,2025-04-25 05:52:16.000,2026-01-24 06:50:44.000,cloudadmin@sanofi.com.doCDGC.prod,cloudadmin@sanofi.com.doCDGC.prod,,ACTIVE
173580,680b23111e2215530b39160e,PIN0000000UFOK,LC81656_IND001,Alzheimer,Alzheimer's Disease,CH,Stopped,Stopped active,10001896,,MDM,2025-04-25 05:52:16.000,2025-12-16 06:50:29.000,cloudadmin@sanofi.com.doCDGC.prod,cloudadmin@sanofi.com.doCDGC.prod,,ACTIVE
173353,6809d361c764064e0d2a04df,PIN0000000U7YO,SAR448501_IND001,SLE,Systemic Lupus Erythematosus,BE,Ongoing,Ongoing,10042945,M,MDM,2025-04-24 06:00:00.000,2026-01-23 06:50:34.000,cloudadmin@sanofi.com.doCDGC.prod,cloudadmin@sanofi.com.doCDGC.prod,Phase 1,ACTIVE
173354,6809d361c764064e0d2a04e4,PIN0000000U7YT,SAR448501_IND005,ANCA-AV,Antineutrophil cytoplasmic antibody (ANCA)-associated vasculitis,BE,To be Validated,To be Validated,10086756,C,MDM,2025-04-24 06:00:00.000,2026-01-15 08:27:01.000,cloudadmin@sanofi.com.doCDGC.prod,cloudadmin@sanofi.com.doCDGC.prod,Initiation,ACTIVE
173349,6809d361c764064e0d2a04e0,PIN0000000U7YP,SAR448501_IND003,SSc,Systemic sclerosis,BE,To be Validated,To be Validated,10042953,D,MDM,2025-04-24 06:00:00.000,2026-01-15 08:25:44.000,cloudadmin@sanofi.com.doCDGC.prod,cloudadmin@sanofi.com.doCDGC.prod,Initiation,ACTIVE
173350,6809d361c764064e0d2a04e2,PIN0000000U7YR,SAR448501,RR B-cell NHL,Relapsed/Refractory B Cell Non-Hodgkin Lymphoma,BE,Ongoing,Ongoing,10029547,,MDM,2025-04-24 06:00:00.000,2025-04-24 06:00:00.000,cloudadmin@sanofi.com.doCDGC.prod,cloudadmin@sanofi.com.doCDGC.prod,Phase 1,ACTIVE
173351,6809d361c764064e0d2a04e1,PIN0000000U7YQ,SAR448501_IND004,DM / PM,DM/PM Myositis (Dermatomyositis),BE,To be Validated,To be Validated,10012503,M,MDM,2025-04-24 06:00:00.000,2026-01-15 08:25:54.000,cloudadmin@sanofi.com.doCDGC.prod,cloudadmin@sanofi.com.doCDGC.prod,Initiation,ACTIVE
173352,6809d361c764064e0d2a04e3,PIN0000000U7YS,SAR448501_IND002,LN,Lupus nephritis,BE,To be Validated,To be Validated,10025140,M,MDM,2025-04-24 06:00:00.000,2026-01-15 08:25:04.000,cloudadmin@sanofi.com.doCDGC.prod,cloudadmin@sanofi.com.doCDGC.prod,Initiation,ACTIVE
172600,68033a37dbca810ff99862d5,PIN0000000TSJ4,SAR444671_IND019,Sjogren's,Sjogren's Syndrome,BE,Not Validated,Not Validated,10040767,M,MDM,2025-04-19 05:52:54.000,2025-11-26 08:37:51.000,cloudadmin@sanofi.com.doCDGC.prod,cloudadmin@sanofi.com.doCDGC.prod,Initiation,ACTIVE
167980,67f8ae46211b2962e540ec2c,PIN0000000TD3T,SAR448555_IND001,Crohn,Ulcerative Colitis,BE,Ongoing,Ongoing,10009900,A,MDM,2025-04-11 05:53:10.000,2026-01-24 06:51:23.000,cloudadmin@sanofi.com.doCDGC.prod,cloudadmin@sanofi.com.doCDGC.prod,Preclinical,ACTIVE
167981,67f8ae45211b2962e540ebfc,PIN0000000TD3R,LC81653_IND001,AMD - Geo atrophy,Age-related macular degeneration - Geographic Atrophy,CS,Ongoing,Ongoing,10063947,,MDM,2025-04-11 05:53:09.000,2025-11-21 06:53:26.000,cloudadmin@sanofi.com.doCDGC.prod,cloudadmin@sanofi.com.doCDGC.prod,,ACTIVE
167982,67f8ae45211b2962e540ebf0,PIN0000000TD3Q,LC81651_IND001,AD,Atopic Dermatitis,CF,Ongoing,Ongoing,10012438,,MDM,2025-04-11 05:53:09.000,2026-01-22 06:50:44.000,cloudadmin@sanofi.com.doCDGC.prod,cloudadmin@sanofi.com.doCDGC.prod,,ACTIVE
167983,67f8ae45211b2962e540ebe4,PIN0000000TD3P,LC81652_IND001,AMD - Geo atrophy,Age-related macular degeneration - Geographic Atrophy,CS,Ongoing,Ongoing,10063947,,MDM,2025-04-11 05:53:09.000,2025-12-18 06:51:35.000,cloudadmin@sanofi.com.doCDGC.prod,cloudadmin@sanofi.com.doCDGC.prod,,ACTIVE
167984,67f8ae46211b2962e540ec08,PIN0000000TD3S,SAR231893_IND039,AD 800mg Q4W HAase,Atopic Dermatitis 800mg Q4W hyaluronidase,BE,To be Validated,To be Validated,10012438,D,MDM,2025-04-11 05:53:10.000,2026-01-22 06:50:30.000,cloudadmin@sanofi.com.doCDGC.prod,cloudadmin@sanofi.com.doCDGC.prod,Initiation,ACTIVE
167490,67f60b46bc1b146a6c07c2d8,PIN0000000T5DV,LC81650_IND001,Asthma,Asthma,CF,Ongoing,Ongoing,10003553,,MDM,2025-04-09 05:53:10.000,2026-01-16 06:51:34.000,cloudadmin@sanofi.com.doCDGC.prod,cloudadmin@sanofi.com.doCDGC.prod,,ACTIVE
167491,67f60b47bc1b146a6c07c302,PIN0000000T5DX,LC81650_IND003,AD,Atopic Dermatitis,CF,Ongoing,Ongoing,10012438,,MDM,2025-04-09 05:53:11.000,2025-11-01 06:54:26.000,cloudadmin@sanofi.com.doCDGC.prod,cloudadmin@sanofi.com.doCDGC.prod,,ACTIVE
167586,67f60b47bc1b146a6c07c2f6,PIN0000000T5DW,LC81650_IND002,COPD,Chronic Obstructive Pulmonary Disease,CF,Ongoing,Ongoing,10009033,,MDM,2025-04-09 05:53:11.000,2025-11-01 06:54:07.000,cloudadmin@sanofi.com.doCDGC.prod,cloudadmin@sanofi.com.doCDGC.prod,,ACTIVE
167411,67f4b8ffbffe1366eebe6d45,PIN0000000SXO0,SAR447873_IND004,1L SCLC,1L SCLC - Not Validated,BG,Not Validated,Not Validated,10041071,L,MDM,2025-04-08 05:49:50.000,2025-11-27 06:50:46.000,cloudadmin@sanofi.com.doCDGC.prod,cloudadmin@sanofi.com.doCDGC.prod,Initiation,ACTIVE
166619,67ee2250055db5092a81a4dd,PIN0000000SI8G,SAR448447_IND001,RA,Rheumatoid Arthritis,BE,Ongoing,Ongoing,10039073,M,MDM,2025-04-03 05:53:20.000,2026-01-24 06:50:34.000,cloudadmin@sanofi.com.doCDGC.prod,cloudadmin@sanofi.com.doCDGC.prod,Pre-candidate,ACTIVE
166288,67eb7f3cde473023c4ce6082,PIN0000000SAIR,LC81649_IND001,T1DM,Type 1 Diabetes,CE,Ongoing,Ongoing,10067584,,MDM,2025-04-01 05:53:00.000,2025-12-06 06:52:47.000,cloudadmin@sanofi.com.doCDGC.prod,cloudadmin@sanofi.com.doCDGC.prod,,ACTIVE
166289,67eb7f3dde473023c4ce60a0,PIN0000000SAIT,SAR446523_IND005,RRMM - 3x expo w/Mezigdomide,Triple-class exposed RRMM Combo Mezigdomide,BG,To be Validated,To be Validated,10086466,L,MDM,2025-04-01 05:53:01.000,2025-12-12 06:51:10.000,cloudadmin@sanofi.com.doCDGC.prod,cloudadmin@sanofi.com.doCDGC.prod,Initiation,ACTIVE
166192,67eb7f3dde473023c4ce608e,PIN0000000SAIS,SAR444671_IND018,Asthma - Add-on Bio,Asthma - Add On to Biologics - Adult & Ped - 12-17 years,BE,To be Validated,To be Validated,10003553,R,MDM,2025-04-01 05:53:00.000,2025-11-25 06:54:30.000,cloudadmin@sanofi.com.doCDGC.prod,cloudadmin@sanofi.com.doCDGC.prod,Initiation,ACTIVE
165349,67e2524253bdb1509bdb31cb,PIN0000000S2SW,POLY_LA_INDIC_OTHERS,,Indication for Others file,LA,,,,,MDM,2025-03-25 06:50:42.000,2025-04-12 05:50:58.000,cloudadmin@sanofi.com.doCDGC.prod,cloudadmin@sanofi.com.doCDGC.prod,,ACTIVE
165350,67e2524253bdb1509bdb31ce,PIN0000000S2SZ,RP_CQ_INDIC_OTHERS,,Indication for Others file,CQ,,,,,MDM,2025-03-25 06:50:42.000,2025-04-12 05:51:01.000,cloudadmin@sanofi.com.doCDGC.prod,cloudadmin@sanofi.com.doCDGC.prod,,ACTIVE
165232,67e2524253bdb1509bdb31cc,PIN0000000S2SX,RP_LA_INDIC_OTHERS,,Indication for Others file,LA,,,,,MDM,2025-03-25 06:50:42.000,2025-03-25 06:50:42.000,cloudadmin@sanofi.com.doCDGC.prod,cloudadmin@sanofi.com.doCDGC.prod,,ACTIVE
165233,67e2524253bdb1509bdb31cd,PIN0000000S2SY,POLY_BT_INDIC_OTHERS,,Indication for Others file,BT,,,,,MDM,2025-03-25 06:50:42.000,2025-04-12 05:50:50.000,cloudadmin@sanofi.com.doCDGC.prod,cloudadmin@sanofi.com.doCDGC.prod,,ACTIVE
164727,67dd0c225991b661eed5c922,PIN0000000RV34,SAR447873_IND002,2L SCLC,2L SCLC - Not Validated,BG,Not Validated,Not Validated,10041071,L,MDM,2025-03-21 06:50:10.000,2025-11-27 06:51:47.000,cloudadmin@sanofi.com.doCDGC.prod,cloudadmin@sanofi.com.doCDGC.prod,Initiation,ACTIVE
164421,67da6922c842856ba375cfda,PIN0000000RNDC,SP0277_IND017,2030 M0 mRNA 2,New Target M0 - 2030 mRNA 2,,To be Validated,To be Validated,10021430,VACC,MDM,2025-03-19 06:50:10.000,2026-01-24 06:50:25.000,cloudadmin@sanofi.com.doCDGC.prod,cloudadmin@sanofi.com.doCDGC.prod,Pre-M0,ACTIVE
164422,67da6922c842856ba375cfdb,PIN0000000RNDD,SP0277_IND018,2031 M0 mRNA,New Target M0 - 2031 mRNA,,To be Validated,To be Validated,10021430,VACC,MDM,2025-03-19 06:50:10.000,2026-01-24 06:51:15.000,cloudadmin@sanofi.com.doCDGC.prod,cloudadmin@sanofi.com.doCDGC.prod,Pre-M0,ACTIVE
164238,67d917aa25b76a2867b5f916,PIN0000000RFNN,SAR440340_IND009,ANCA-AV,Antineutrophil cytoplasmic antibody (ANCA)-associated vasculitis,BE,To be Validated,To be Validated,10086756,C,MDM,2025-03-18 06:50:17.000,2025-12-06 06:53:12.000,cloudadmin@sanofi.com.doCDGC.prod,cloudadmin@sanofi.com.doCDGC.prod,Initiation,ACTIVE
164239,67d917aa25b76a2867b5f914,PIN0000000RFNL,SAR440340_IND010,PAH,Pulmonary Hypertension,BE,To be Validated,To be Validated,10064911,R,MDM,2025-03-18 06:50:17.000,2026-01-21 06:50:26.000,cloudadmin@sanofi.com.doCDGC.prod,cloudadmin@sanofi.com.doCDGC.prod,Initiation,ACTIVE
164240,67d917aa25b76a2867b5f913,PIN0000000RFNK,SAR440340_IND008,EoE,Eosinophilic Esophagitis,BE,Ongoing,Ongoing,10064212,A,MDM,2025-03-18 06:50:17.000,2025-11-06 06:51:23.000,cloudadmin@sanofi.com.doCDGC.prod,cloudadmin@sanofi.com.doCDGC.prod,Initiation,ACTIVE
164126,67d917aa25b76a2867b5f915,PIN0000000RFNM,LC81648_IND001,Parkinson,Parkinson's Disease,CH,Ongoing,Ongoing,10061536,,MDM,2025-03-18 06:50:17.000,2026-01-24 06:50:00.000,cloudadmin@sanofi.com.doCDGC.prod,cloudadmin@sanofi.com.doCDGC.prod,,ACTIVE
163382,67d12eadb4f5e73a0886feeb,PIN0000000R7XU,SAR445877_IND010,1L Melanoma w/aCTLA4,1L Melanoma - Combo anti-CTLA4,BG,To be Validated,To be Validated,10025650,L,MDM,2025-03-12 06:50:20.000,2025-09-05 05:52:19.000,cloudadmin@sanofi.com.doCDGC.prod,cloudadmin@sanofi.com.doCDGC.prod,Initiation,ACTIVE
163362,67d12eadb4f5e73a0886feec,PIN0000000R7XV,SAR445877_IND011,1L CRC w/aCTLA4,1L Colorectal Cancer - Combo anti-CTLA4,BG,To be Validated,To be Validated,10061451,L,MDM,2025-03-12 06:50:20.000,2025-09-05 05:52:44.000,cloudadmin@sanofi.com.doCDGC.prod,cloudadmin@sanofi.com.doCDGC.prod,Initiation,ACTIVE
163363,67d12eadb4f5e73a0886fee9,PIN0000000R7XS,SAR153191_IND016,RA – IV – US,Rheumatoid Arthritis - IV - US,BE,Ongoing,Ongoing,10039073,M,MDM,2025-03-12 06:50:20.000,2025-12-23 06:51:02.000,cloudadmin@sanofi.com.doCDGC.prod,cloudadmin@sanofi.com.doCDGC.prod,Initiation,ACTIVE
163384,67d12eadb4f5e73a0886feea,PIN0000000R7XT,SAR444671_IND017,CVID,Common Variable Immune Deficiency,BH,To be Validated,To be Validated,10010112,B,MDM,2025-03-12 06:50:20.000,2026-01-10 06:52:44.000,cloudadmin@sanofi.com.doCDGC.prod,cloudadmin@sanofi.com.doCDGC.prod,Initiation,ACTIVE
161544,67c6a2a72a393176a23417e1,PIN0000000QKSG,DC01315_IND001,,Indication for Others file,BF,,,,,MDM,2025-03-04 06:50:15.000,2025-04-12 05:50:30.000,cloudadmin@sanofi.com.doCDGC.prod,cloudadmin@sanofi.com.doCDGC.prod,,ACTIVE
161545,67c6a2a72a393176a23417e2,PIN0000000QKSH,SIC00802_IND001,,Indication for Others file,HB,,,,,MDM,2025-03-04 06:50:15.000,2025-12-20 06:50:08.000,cloudadmin@sanofi.com.doCDGC.prod,cloudadmin@sanofi.com.doCDGC.prod,,ACTIVE
160861,67c00b2309e728242347d85f,PIN0000000Q5CY,SAR448337_IND001,Solid Tumors,Solid Tumors,BG,Ongoing,Ongoing,10065252,L,MDM,2025-02-27 06:50:10.000,2026-01-24 06:51:12.000,cloudadmin@sanofi.com.doCDGC.prod,cloudadmin@sanofi.com.doCDGC.prod,Preclinical,ACTIVE
160863,67c00b2309e728242347d85e,PIN0000000Q5CX,LC81404_IND002,Fibrosis,Renal fibrosis,CF,Ongoing,Ongoing,10064911,,MDM,2025-02-27 06:50:10.000,2025-11-01 06:54:16.000,cloudadmin@sanofi.com.doCDGC.prod,cloudadmin@sanofi.com.doCDGC.prod,,ACTIVE
160864,67c00b2309e728242347d85d,PIN0000000Q5CW,LC81361_IND004,BP,Bullous Pemphigoid,CS,Stopped,Stopped inactive,10034277,,MDM,2025-02-27 06:50:10.000,2025-05-15 05:51:52.000,cloudadmin@sanofi.com.doCDGC.prod,cloudadmin@sanofi.com.doCDGC.prod,,ACTIVE
160689,67beb9aa4aac2a1358a5b3e0,PIN0000000PXN4,SP0206_IND008,2025 M0 non mRNA,New Target M0 - 2025 non mRNA - Shingles,,To be Validated,To be Validated,10021430,VACC,MDM,2025-02-26 06:50:18.000,2025-12-09 06:51:43.000,cloudadmin@sanofi.com.doCDGC.prod,cloudadmin@sanofi.com.doCDGC.prod,Pre-M0,ACTIVE
160342,67bd686a5f60522370efe8f7,PIN0000000PPXG,SAR443579_IND009,MRD- HSCT,AML - Minimal Residual Disease- pre-Hematopoietic Stem Cell Transplantation,BG,Not Validated,Not Validated,10000880,L,MDM,2025-02-25 06:51:22.000,2025-12-19 06:51:10.000,cloudadmin@sanofi.com.doCDGC.prod,cloudadmin@sanofi.com.doCDGC.prod,Initiation,ACTIVE
160343,67bd686a5f60522370efe903,PIN0000000PPXH,SAR448188_IND002,nHCM,Non-obstructive hypertrophic cardiomyopathy,BJ,Ongoing,Ongoing,10020871,C,MDM,2025-02-25 06:51:22.000,2026-01-23 06:50:57.000,cloudadmin@sanofi.com.doCDGC.prod,cloudadmin@sanofi.com.doCDGC.prod,Phase 3,ACTIVE
160344,67bd68685f60522370efe8b5,PIN0000000PPXF,LC81646_IND001,Alzheimer,Alzheimer's Disease,CH,Ongoing,Ongoing,10001896,,MDM,2025-02-25 06:51:20.000,2026-01-13 06:51:22.000,cloudadmin@sanofi.com.doCDGC.prod,cloudadmin@sanofi.com.doCDGC.prod,,ACTIVE
159963,67ad978a91f9eb1408ee4aa9,PIN0000000PI7K,LC80014_IND005,COPD,Crohn's disease,CF,Ongoing,Ongoing,10011401,,MDM,2025-02-13 06:56:09.000,2025-11-11 06:50:53.000,cloudadmin@sanofi.com.doCDGC.prod,cloudadmin@sanofi.com.doCDGC.prod,,ACTIVE
159678,67a6feb8ce4cb2483ca8d308,PIN0000000PAHS,SAR448289_IND001,Alzheimer,Alzheimer's disease,BF,Ongoing,Ongoing,10001896,N,MDM,2025-02-08 06:50:32.000,2026-01-22 06:50:17.000,cloudadmin@sanofi.com.doCDGC.prod,cloudadmin@sanofi.com.doCDGC.prod,Preclinical,ACTIVE
159414,67a45bacfa2d9462a5a26ce0,PIN0000000P2S0,SP0337_IND001,CRC,Colorectal cancer,,Ongoing,Ongoing,10061451,VACC,MDM,2025-02-06 06:50:20.000,2026-01-16 06:51:31.000,cloudadmin@sanofi.com.doCDGC.prod,cloudadmin@sanofi.com.doCDGC.prod,M0-M2,ACTIVE
159256,67a1b8a94b6016337e77d03c,PIN0000000OV29,SAR448272_IND001,AD,Atopic Dermatitis,BE,Ongoing,Ongoing,10012438,D,MDM,2025-02-04 06:50:16.000,2026-01-22 06:50:20.000,cloudadmin@sanofi.com.doCDGC.prod,cloudadmin@sanofi.com.doCDGC.prod,Preclinical,ACTIVE
159257,67a1b8a94b6016337e77d03b,PIN0000000OV28,RC01603_IND001,,Indication for Others file,CF,,,,,MDM,2025-02-04 06:50:16.000,2025-10-23 05:50:21.000,cloudadmin@sanofi.com.doCDGC.prod,cloudadmin@sanofi.com.doCDGC.prod,,ACTIVE
157595,67875ac0a00cd27e2261dcda,PIN0000000NKRK,INDICATION_ADC_ONCO_DISCO_DH,,Serie for ADC Oncology Disco (Stopped template following new strategy),C,Ongoing,Ongoing,,,MDM,2025-01-15 06:50:39.000,2025-04-02 05:53:32.000,cloudadmin@sanofi.com.doCDGC.prod,cloudadmin@sanofi.com.doCDGC.prod,,ACTIVE
157596,67875ac0a00cd27e2261dcdf,PIN0000000NKRP,INDICATION_BIO_ONCO_DISCO_DH,,Serie for Bio Oncology Disco,C,Ongoing,Ongoing,,,MDM,2025-01-15 06:50:39.000,2025-04-12 05:50:51.000,cloudadmin@sanofi.com.doCDGC.prod,cloudadmin@sanofi.com.doCDGC.prod,,ACTIVE
157597,67875ac0a00cd27e2261dcde,PIN0000000NKRO,INDICATION_BIO_DISCO_DH,,Serie for Bio Disco,C,Ongoing,Ongoing,,,MDM,2025-01-15 06:50:39.000,2025-04-12 05:50:47.000,cloudadmin@sanofi.com.doCDGC.prod,cloudadmin@sanofi.com.doCDGC.prod,,ACTIVE
157598,67875ac0a00cd27e2261dcdd,PIN0000000NKRN,SAR448188_IND001,oHCM,Obstructive hypertrophic cardiomyopathy,BJ,Completed,Completed active,10020871,C,MDM,2025-01-15 06:50:39.000,2025-12-20 06:51:14.000,cloudadmin@sanofi.com.doCDGC.prod,cloudadmin@sanofi.com.doCDGC.prod,LCM,ACTIVE
157599,67875ac0a00cd27e2261dcdc,PIN0000000NKRM,INDICATION_SMALL_MOL_ONCO_DISCO_DH,,Serie for small molecule Oncology Disco,C,Ongoing,Ongoing,,,MDM,2025-01-15 06:50:39.000,2025-04-12 05:50:30.000,cloudadmin@sanofi.com.doCDGC.prod,cloudadmin@sanofi.com.doCDGC.prod,,ACTIVE
157600,67875ac0a00cd27e2261dce0,PIN0000000NKRQ,INDICATION_GENETH_DISCO_DH,,Serie for Bio Disco,C,Ongoing,Ongoing,,,MDM,2025-01-15 06:50:39.000,2025-04-12 05:50:49.000,cloudadmin@sanofi.com.doCDGC.prod,cloudadmin@sanofi.com.doCDGC.prod,,ACTIVE
157601,67875ac0a00cd27e2261dce1,PIN0000000NKRR,INDICATION_SMALL_MOL_DISCO_DH,,Serie for small molecule Disco,C,Ongoing,Ongoing,,,MDM,2025-01-15 06:50:39.000,2025-04-12 05:50:50.000,cloudadmin@sanofi.com.doCDGC.prod,cloudadmin@sanofi.com.doCDGC.prod,,ACTIVE
157689,67875ac0a00cd27e2261dcdb,PIN0000000NKRL,INDICATION_SMALL_MOL_ONCO_DEV_DH,,Indication for small molecule Oncology Development,BG,To be Validated,To be Validated,,L,MDM,2025-01-15 06:50:39.000,2025-04-12 05:50:57.000,cloudadmin@sanofi.com.doCDGC.prod,cloudadmin@sanofi.com.doCDGC.prod,,ACTIVE
157335,6780c384616c9070897b71b9,PIN0000000ND1S,LC81645_IND002,BP,Bullous Pemphigoid,CF,Ongoing,Ongoing,10034277,,MDM,2025-01-10 06:51:47.000,2025-05-08 05:54:24.000,cloudadmin@sanofi.com.doCDGC.prod,cloudadmin@sanofi.com.doCDGC.prod,,ACTIVE
157336,6780c384616c9070897b71ba,PIN0000000ND1T,LC81645_IND003,PV,Pemphigus Vulgaris,CF,Ongoing,Ongoing,10034280,,MDM,2025-01-10 06:51:47.000,2025-05-08 05:54:22.000,cloudadmin@sanofi.com.doCDGC.prod,cloudadmin@sanofi.com.doCDGC.prod,,ACTIVE
157087,677e2061a9e9596af62957a1,PIN0000000N5C1,SAR445514_IND011,NDMM Ti w/SAR446523+Lena,NDMM Transplant Non Eligible Combo SAR446523 + Lenalidomide,BG,Not Validated,Not Validated,10028228,L,MDM,2025-01-08 06:51:13.000,2025-04-12 05:50:52.000,cloudadmin@sanofi.com.doCDGC.prod,cloudadmin@sanofi.com.doCDGC.prod,Initiation,ACTIVE
157088,677e2061a9e9596af62957a0,PIN0000000N5C0,SAR445514_IND010,NDMM Te MRD w/SAR446523,NDMM Transplant Eligible Minimal Residual Disease maint Combo SAR446523,BG,Not Validated,Not Validated,10028228,L,MDM,2025-01-08 06:51:13.000,2025-04-12 05:50:58.000,cloudadmin@sanofi.com.doCDGC.prod,cloudadmin@sanofi.com.doCDGC.prod,Initiation,ACTIVE
156270,6767b6d36f2968570e438a05,PIN00000001I0V,LC81644_IND001,Alopecia Areata,Alopecia Areata,CF,Ongoing,Ongoing,10001761,,MDM,2024-12-22 06:50:59.000,2025-12-20 06:50:17.000,cloudadmin@sanofi.com.doCDGC.prod,cloudadmin@sanofi.com.doCDGC.prod,,ACTIVE
156271,6767b6d36f2968570e438a11,PIN00000001I0W,LC81644_IND003,Celiac Disease,Celiac Disease,CF,Ongoing,Ongoing,10007864,,MDM,2024-12-22 06:50:59.000,2025-11-01 06:54:15.000,cloudadmin@sanofi.com.doCDGC.prod,cloudadmin@sanofi.com.doCDGC.prod,,ACTIVE
156272,6767b6d36f2968570e438a29,PIN00000001I0Y,LC81644_IND005,IBD,Inflammatory Bowel Disease,CF,Ongoing,Ongoing,10021972,,MDM,2024-12-22 06:50:59.000,2025-11-01 06:54:18.000,cloudadmin@sanofi.com.doCDGC.prod,cloudadmin@sanofi.com.doCDGC.prod,,ACTIVE
156273,6767b6d26f2968570e4389ed,PIN00000001I0T,RC01602_IND001,,Indication for Others file,CF,,,,,MDM,2024-12-22 06:50:58.000,2025-05-23 05:50:50.000,cloudadmin@sanofi.com.doCDGC.prod,cloudadmin@sanofi.com.doCDGC.prod,,ACTIVE
156274,6767b6d36f2968570e438a35,PIN00000001I0Z,LC81644_IND006,T1DM,Type 1 Diabetes,CF,Ongoing,Ongoing,10067584,,MDM,2024-12-22 06:50:59.000,2025-11-01 06:54:41.000,cloudadmin@sanofi.com.doCDGC.prod,cloudadmin@sanofi.com.doCDGC.prod,,ACTIVE
156275,6767b6d26f2968570e4389d5,PIN00000001I0R,LC81643_IND001,Glaucoma,Glaucoma,CS,Ongoing,Ongoing,10018304,,MDM,2024-12-22 06:50:58.000,2025-12-20 06:50:46.000,cloudadmin@sanofi.com.doCDGC.prod,cloudadmin@sanofi.com.doCDGC.prod,,ACTIVE
156276,6767b6d46f2968570e438a4d,PIN00000001I11,RC01202_IND001,,Indication for Others file,CH,Stopped,Stopped inactive,,,MDM,2024-12-22 06:51:00.000,2025-04-12 05:51:08.000,cloudadmin@sanofi.com.doCDGC.prod,cloudadmin@sanofi.com.doCDGC.prod,,ACTIVE
156269,6767b6d36f2968570e438a1d,PIN00000001I0X,LC81644_IND004,Asthma,Asthma,CF,Ongoing,Ongoing,10003553,,MDM,2024-12-22 06:50:59.000,2025-11-01 06:54:07.000,cloudadmin@sanofi.com.doCDGC.prod,cloudadmin@sanofi.com.doCDGC.prod,,ACTIVE
156277,6767b6d36f2968570e438a41,PIN00000001I10,LC81645_IND001,Sjogren's,Sjogren's Syndrome,CF,Ongoing,Ongoing,10040767,,MDM,2024-12-22 06:50:59.000,2025-05-07 05:53:04.000,cloudadmin@sanofi.com.doCDGC.prod,cloudadmin@sanofi.com.doCDGC.prod,,ACTIVE
156278,6767b6d36f2968570e4389f9,PIN00000001I0U,LC81642_IND001,Glaucoma,Glaucoma,CS,Stopped,Stopped active,10018304,,MDM,2024-12-22 06:50:59.000,2025-12-18 06:52:19.000,cloudadmin@sanofi.com.doCDGC.prod,cloudadmin@sanofi.com.doCDGC.prod,,ACTIVE
156279,6767b6d26f2968570e4389e1,PIN00000001I0S,LC81644_IND002,Vitiligo,Vitiligo,CF,Ongoing,Ongoing,10047642,,MDM,2024-12-22 06:50:58.000,2025-11-01 06:54:07.000,cloudadmin@sanofi.com.doCDGC.prod,cloudadmin@sanofi.com.doCDGC.prod,,ACTIVE
155720,675d2b03e31db44a4f35020b,PIN00000001AAP,SAR447189_IND006,Crohn - Ped,Crohn's Disease - Ped - 2-17years,BE,To be Validated,To be Validated,10011401,A,MDM,2024-12-14 06:51:46.000,2025-05-01 05:52:33.000,cloudadmin@sanofi.com.doCDGC.prod,cloudadmin@sanofi.com.doCDGC.prod,Initiation,ACTIVE
155842,675d2b03e31db44a4f35020a,PIN00000001AAO,SAR447189_IND005,UC - Ped,Ulcerative Colitis - Ped - 2-17years,BE,To be Validated,To be Validated,10009900,A,MDM,2024-12-14 06:51:46.000,2025-08-09 05:53:10.000,cloudadmin@sanofi.com.doCDGC.prod,cloudadmin@sanofi.com.doCDGC.prod,Initiation,ACTIVE
155501,675bd9420cfcea379450a838,PIN000000012KX,SAR446878_IND004,CAR-T naive lymphoma,Aggressive lymphoma CART naive,BG,Not Validated,Not Validated,10029547,L,MDM,2024-12-13 06:50:42.000,2025-11-25 06:54:01.000,cloudadmin@sanofi.com.doCDGC.prod,cloudadmin@sanofi.com.doCDGC.prod,Initiation,ACTIVE
155502,675bd9420cfcea379450a839,PIN000000012KY,SAR446878_IND003,FL,Follicular lymphoma,BG,Not Validated,Not Validated,10029547,L,MDM,2024-12-13 06:50:42.000,2025-11-25 06:54:22.000,cloudadmin@sanofi.com.doCDGC.prod,cloudadmin@sanofi.com.doCDGC.prod,Initiation,ACTIVE
155503,675bd9420cfcea379450a837,PIN000000012KW,SAR446878_IND002,MCL,Mantle cell lymphoma,BG,Not Validated,Not Validated,10029547,L,MDM,2024-12-13 06:50:42.000,2025-11-25 06:54:39.000,cloudadmin@sanofi.com.doCDGC.prod,cloudadmin@sanofi.com.doCDGC.prod,Initiation,ACTIVE
155197,6757e4c313731f3464c07c24,PIN00000000N5C,SAR650984_IND036,RRMM w/Sonrotoclax,RRMM Combo Sonrotoclax,BG,Not Validated,Not Validated,10086466,L,MDM,2024-12-10 06:50:43.000,2025-09-09 05:51:10.000,cloudadmin@sanofi.com.doCDGC.prod,cloudadmin@sanofi.com.doCDGC.prod,Initiation,ACTIVE
155198,6757e4c313731f3464c07c26,PIN00000000N5E,SAR650984_IND037,NDMM Ti w/Sonrotoclax,NDMM Ti Combo Sonrotoclax,BG,Not Validated,Not Validated,10028228,L,MDM,2024-12-10 06:50:43.000,2025-09-09 05:51:47.000,cloudadmin@sanofi.com.doCDGC.prod,cloudadmin@sanofi.com.doCDGC.prod,Initiation,ACTIVE
155199,6757e4c313731f3464c07c25,PIN00000000N5D,SAR650984_INDXXX,,RRMM Combo BCL2-d,BG,Not Validated,Not Validated,,L,MDM,2024-12-10 06:50:43.000,2024-12-10 06:50:43.000,cloudadmin@sanofi.com.doCDGC.prod,cloudadmin@sanofi.com.doCDGC.prod,,ACTIVE
154711,67514d3549e147255584f7ea,PIN00000000FFL,GMU HSC (sickle cell),,GMU HSC - CMC support - mRNA CoE Contribution,,,,,,MDM,2024-12-05 06:50:28.000,2025-04-12 05:50:28.000,cloudadmin@sanofi.com.doCDGC.prod,cloudadmin@sanofi.com.doCDGC.prod,,ACTIVE
154825,67514d3549e147255584f7eb,PIN00000000FFM,GMU CD22 CAR-T,,GMU CD22 CAR-T - CMC support - mRNA CoE Contribution,,,,,,MDM,2024-12-05 06:50:28.000,2025-04-12 05:50:24.000,cloudadmin@sanofi.com.doCDGC.prod,cloudadmin@sanofi.com.doCDGC.prod,,ACTIVE
154826,67514d3549e147255584f7e9,PIN00000000FFK,GMU CD19 CAR-T,,GMU CD19 CAR-T - CMC support - mRNA CoE Contribution,,,,,,MDM,2024-12-05 06:50:28.000,2025-04-12 05:50:47.000,cloudadmin@sanofi.com.doCDGC.prod,cloudadmin@sanofi.com.doCDGC.prod,,ACTIVE
154624,674ffbaf50eb6927001792ae,PIN000000007PS,SAR445514_IND009,LN,Lupus nephritis,BE,Not Validated,Not Validated,10025140,M,MDM,2024-12-04 06:50:23.000,2025-12-13 06:51:08.000,cloudadmin@sanofi.com.doCDGC.prod,cloudadmin@sanofi.com.doCDGC.prod,Initiation,ACTIVE
61286,674459c5c15b061bf75f5ede,PIN0000000009Q,OC01905_INDIC_OTHERS,,Indication for Others file,CF,,,,,MDM,2024-11-25 11:04:37.000,2025-04-12 05:50:35.000,Patrice.Darzens@sanofi.com.SAML4,cloudadmin@sanofi.com.doCDGC.prod,,ACTIVE
61287,674459c5c15b061bf75f5edf,PIN0000000009R,OC01906_INDIC_OTHERS,,Conditional Activation - VLAIO (LMR),CL,,,,,MDM,2024-11-25 11:04:37.000,2025-04-12 05:51:06.000,Patrice.Darzens@sanofi.com.SAML4,cloudadmin@sanofi.com.doCDGC.prod,,ACTIVE
61288,674459c5c15b061bf75f5ee3,PIN0000000009V,OC01911_INDIC_OTHERS,,Transversal Activities for IDD,CL,,,,,MDM,2024-11-25 11:04:37.000,2025-04-12 05:50:58.000,Patrice.Darzens@sanofi.com.SAML4,cloudadmin@sanofi.com.doCDGC.prod,,ACTIVE
61289,674459c5c15b061bf75f5ee4,PIN0000000009W,OC01912_INDIC_OTHERS,,Large Molecules Degraders Innovation (LMR),CL,Stopped,Stopped inactive,,,MDM,2024-11-25 11:04:37.000,2025-05-08 05:54:45.000,Patrice.Darzens@sanofi.com.SAML4,cloudadmin@sanofi.com.doCDGC.prod,,ACTIVE
61290,674459c5c15b061bf75f5ee7,PIN0000000009Z,OC01917_INDIC_OTHERS,,Indication for Others file,CL,Ongoing,Ongoing,,,MDM,2024-11-25 11:04:37.000,2025-04-12 05:50:37.000,Patrice.Darzens@sanofi.com.SAML4,cloudadmin@sanofi.com.doCDGC.prod,,ACTIVE
61291,674459c5c15b061bf75f5ee9,PIN000000000A1,OC01919_INDIC_OTHERS,,Indication for Others file,CL,Stopped,Stopped inactive,,,MDM,2024-11-25 11:04:37.000,2025-04-12 05:50:54.000,Patrice.Darzens@sanofi.com.SAML4,cloudadmin@sanofi.com.doCDGC.prod,,ACTIVE
61292,674459c5c15b061bf75f5eed,PIN000000000A5,OC01927_INDIC_OTHERS,,OC01927 - Activities supporting move to Cambridge Crossing,ED,,,,,MDM,2024-11-25 11:04:37.000,2025-04-12 05:50:49.000,Patrice.Darzens@sanofi.com.SAML4,cloudadmin@sanofi.com.doCDGC.prod,,ACTIVE
61293,674459c5c15b061bf75f5eef,PIN000000000A7,OC01937_IND001,,Indication for Others file,CL,,,,,MDM,2024-11-25 11:04:37.000,2025-04-12 05:50:17.000,Patrice.Darzens@sanofi.com.SAML4,cloudadmin@sanofi.com.doCDGC.prod,,ACTIVE
61294,674459c5c15b061bf75f5ef3,PIN000000000AB,OC01943_IND001,,Indication for Others file,CA,,,,,MDM,2024-11-25 11:04:37.000,2025-09-30 05:51:42.000,Patrice.Darzens@sanofi.com.SAML4,cloudadmin@sanofi.com.doCDGC.prod,,ACTIVE
61295,674459c5c15b061bf75f5ef4,PIN000000000AC,OC01945_IND001,,Indication for Others file,CA,,,,,MDM,2024-11-25 11:04:37.000,2025-12-19 06:51:06.000,Patrice.Darzens@sanofi.com.SAML4,cloudadmin@sanofi.com.doCDGC.prod,,ACTIVE
61296,674459c5c15b061bf75f5ef5,PIN000000000AD,OC01947_IND001,,Indication for Others file,CA,,,,,MDM,2024-11-25 11:04:37.000,2025-05-15 05:52:08.000,Patrice.Darzens@sanofi.com.SAML4,cloudadmin@sanofi.com.doCDGC.prod,,ACTIVE
61297,674459c5c15b061bf75f5ef6,PIN000000000AE,OC01949_IND001,,Indication for Others file,CH,,,,,MDM,2024-11-25 11:04:37.000,2025-04-12 05:50:58.000,Patrice.Darzens@sanofi.com.SAML4,cloudadmin@sanofi.com.doCDGC.prod,,ACTIVE
61298,674459c5c15b061bf75f5ef8,PIN000000000AG,OC01954_IND001,,Indication for Others file,CF,,,,,MDM,2024-11-25 11:04:37.000,2025-06-17 05:50:24.000,Patrice.Darzens@sanofi.com.SAML4,cloudadmin@sanofi.com.doCDGC.prod,,ACTIVE
61299,674459c5c15b061bf75f5efb,PIN000000000AJ,OC01962_IND001,,Indication for Others file,CL,,,,,MDM,2024-11-25 11:04:37.000,2025-04-12 05:50:55.000,Patrice.Darzens@sanofi.com.SAML4,cloudadmin@sanofi.com.doCDGC.prod,,ACTIVE
61300,674459c5c15b061bf75f5efc,PIN000000000AK,OC01963_IND001,,Indication for Others file,CL,,,,,MDM,2024-11-25 11:04:37.000,2025-04-12 05:50:50.000,Patrice.Darzens@sanofi.com.SAML4,cloudadmin@sanofi.com.doCDGC.prod,,ACTIVE
61301,674459c5c15b061bf75f5efd,PIN000000000AL,OC01966_IND001,,Indication for Others file,EE,Ongoing,Ongoing,,,MDM,2024-11-25 11:04:37.000,2025-04-12 05:50:37.000,Patrice.Darzens@sanofi.com.SAML4,cloudadmin@sanofi.com.doCDGC.prod,,ACTIVE
61302,674459c5c15b061bf75f5eff,PIN000000000AN,OC01972_IND001,,Indication for Others file,CH,,,,,MDM,2024-11-25 11:04:37.000,2025-04-12 05:50:26.000,Patrice.Darzens@sanofi.com.SAML4,cloudadmin@sanofi.com.doCDGC.prod,,ACTIVE
61303,674459c5c15b061bf75f5f00,PIN000000000AO,OC01974_IND001,,Indication for Others file,EE,,,,,MDM,2024-11-25 11:04:37.000,2025-04-12 05:50:39.000,Patrice.Darzens@sanofi.com.SAML4,cloudadmin@sanofi.com.doCDGC.prod,,ACTIVE
61304,674459c5c15b061bf75f5f01,PIN000000000AP,OC01975_IND001,,Indication for Others file,EE,,,,,MDM,2024-11-25 11:04:37.000,2025-04-12 05:50:24.000,Patrice.Darzens@sanofi.com.SAML4,cloudadmin@sanofi.com.doCDGC.prod,,ACTIVE
61305,674459c5c15b061bf75f5f02,PIN000000000AQ,OC01978_IND001,,Indication for Others file,EE,,,,,MDM,2024-11-25 11:04:37.000,2025-04-12 05:50:46.000,Patrice.Darzens@sanofi.com.SAML4,cloudadmin@sanofi.com.doCDGC.prod,,ACTIVE
61306,674459c5c15b061bf75f5f04,PIN000000000AS,OC01984_IND001,,Indication for Others file,CL,,,,,MDM,2024-11-25 11:04:37.000,2025-04-12 05:51:11.000,Patrice.Darzens@sanofi.com.SAML4,cloudadmin@sanofi.com.doCDGC.prod,,ACTIVE
61307,674459c5c15b061bf75f5f05,PIN000000000AT,OC01986_IND001,,Indication for Others file,CL,,,,,MDM,2024-11-25 11:04:37.000,2025-04-12 05:51:11.000,Patrice.Darzens@sanofi.com.SAML4,cloudadmin@sanofi.com.doCDGC.prod,,ACTIVE
61308,674459c5c15b061bf75f5f06,PIN000000000AU,OC01987_IND001,,Indication for Others file,CL,,,,,MDM,2024-11-25 11:04:37.000,2025-04-12 05:50:28.000,Patrice.Darzens@sanofi.com.SAML4,cloudadmin@sanofi.com.doCDGC.prod,,ACTIVE
61309,674459c5c15b061bf75f5f09,PIN000000000AX,POLY_BC_INDIC_OTHERS,,Indication for Others file,BC,,,,,MDM,2024-11-25 11:04:37.000,2025-04-12 05:50:37.000,Patrice.Darzens@sanofi.com.SAML4,cloudadmin@sanofi.com.doCDGC.prod,,ACTIVE
61310,674459c5c15b061bf75f5f0c,PIN000000000B0,POLY_BI_INDIC_OTHERS,,Indication for Others file,BI,,,,,MDM,2024-11-25 11:04:37.000,2025-04-12 05:50:33.000,Patrice.Darzens@sanofi.com.SAML4,cloudadmin@sanofi.com.doCDGC.prod,,ACTIVE
61311,674459c5c15b061bf75f5f0f,PIN000000000B3,PPP16016_IND001,,Indication for New Vaccine Indication Template,,,,,,MDM,2024-11-25 11:04:37.000,2025-12-06 06:52:42.000,Patrice.Darzens@sanofi.com.SAML4,cloudadmin@sanofi.com.doCDGC.prod,,ACTIVE
61312,674459c5c15b061bf75f6079,PIN000000000BB,RC01121_INDIC_OTHERS,,Immune Cell Engagers,CI,,,,,MDM,2024-11-25 11:04:37.000,2025-12-18 06:51:40.000,Patrice.Darzens@sanofi.com.SAML4,cloudadmin@sanofi.com.doCDGC.prod,,ACTIVE
61313,674459c5c15b061bf75f607a,PIN000000000BC,RC01143_INDIC_OTHERS,,Indication for Others file,CH,Stopped,Stopped inactive,,,MDM,2024-11-25 11:04:37.000,2025-04-12 05:50:46.000,Patrice.Darzens@sanofi.com.SAML4,cloudadmin@sanofi.com.doCDGC.prod,,ACTIVE
61314,674459c5c15b061bf75f607b,PIN000000000BD,RC01162_INDIC_OTHERS,,mRNA-based Cancer Immunotherapy,CI,Stopped,Stopped inactive,,,MDM,2024-11-25 11:04:37.000,2025-04-12 05:51:01.000,Patrice.Darzens@sanofi.com.SAML4,cloudadmin@sanofi.com.doCDGC.prod,,ACTIVE
61315,674459c5c15b061bf75f607d,PIN000000000BF,RC01180_INDIC_OTHERS,,ADCs & NDCs,CI,,,,,MDM,2024-11-25 11:04:37.000,2025-04-12 05:50:46.000,Patrice.Darzens@sanofi.com.SAML4,cloudadmin@sanofi.com.doCDGC.prod,,ACTIVE
61316,674459c5c15b061bf75f607f,PIN000000000BH,RC01195_INDIC_OTHERS,,Type-2 Multi-Specific Biologics,CF,Stopped,Stopped inactive,,,MDM,2024-11-25 11:04:37.000,2025-04-12 05:51:01.000,Patrice.Darzens@sanofi.com.SAML4,cloudadmin@sanofi.com.doCDGC.prod,,ACTIVE
61317,674459c5c15b061bf75f6082,PIN000000000BK,RC01225_INDIC_OTHERS,,Translational In Vivo Model Development and Validation,CL16,,,,,MDM,2024-11-25 11:04:37.000,2025-04-12 05:50:21.000,Patrice.Darzens@sanofi.com.SAML4,cloudadmin@sanofi.com.doCDGC.prod,,ACTIVE
61318,674459c5c15b061bf75f6083,PIN000000000BL,RC01226_INDIC_OTHERS,,Nanobodies for Immune Diseases,CF,Stopped,Stopped inactive,,,MDM,2024-11-25 11:04:37.000,2025-04-12 05:51:10.000,Patrice.Darzens@sanofi.com.SAML4,cloudadmin@sanofi.com.doCDGC.prod,,ACTIVE
61319,674459c5c15b061bf75f6084,PIN000000000BM,RC01285_INDIC_OTHERS,,Indication for Others file,CF,Stopped,Stopped inactive,,,MDM,2024-11-25 11:04:37.000,2025-04-12 05:50:58.000,Patrice.Darzens@sanofi.com.SAML4,cloudadmin@sanofi.com.doCDGC.prod,,ACTIVE
61320,674459c5c15b061bf75f6086,PIN000000000BO,RC01299_INDIC_OTHERS,,Complement  Exploratory Research,CF,,,,,MDM,2024-11-25 11:04:37.000,2025-12-06 06:52:26.000,Patrice.Darzens@sanofi.com.SAML4,cloudadmin@sanofi.com.doCDGC.prod,,ACTIVE
61321,674459c5c15b061bf75f6087,PIN000000000BP,RC01302_INDIC_OTHERS,,Indication for Others file,CN,Stopped,Stopped inactive,,,MDM,2024-11-25 11:04:37.000,2025-04-12 05:50:43.000,Patrice.Darzens@sanofi.com.SAML4,cloudadmin@sanofi.com.doCDGC.prod,,ACTIVE
61322,674459c5c15b061bf75f608a,PIN000000000BS,RC01307_INDIC_OTHERS,,IO novel targets,CI,,,,,MDM,2024-11-25 11:04:37.000,2025-04-12 05:50:49.000,Patrice.Darzens@sanofi.com.SAML4,cloudadmin@sanofi.com.doCDGC.prod,,ACTIVE
61323,674459c5c15b061bf75f608f,PIN000000000BX,RC01321_INDIC_OTHERS,,GT exploratory metabolic diseases research,CJ,Ongoing,Ongoing,,,MDM,2024-11-25 11:04:37.000,2025-04-12 05:51:10.000,Patrice.Darzens@sanofi.com.SAML4,cloudadmin@sanofi.com.doCDGC.prod,,ACTIVE
61324,674459c5c15b061bf75f6090,PIN000000000BY,RC01323_INDIC_OTHERS,,Indication for Others file,CH,Ongoing,Ongoing,,,MDM,2024-11-25 11:04:37.000,2025-04-12 05:51:03.000,Patrice.Darzens@sanofi.com.SAML4,cloudadmin@sanofi.com.doCDGC.prod,,ACTIVE
61325,674459c5c15b061bf75f6093,PIN000000000C1,RC01331_INDIC_OTHERS,,Indication for Others file,CI,,,,,MDM,2024-11-25 11:04:37.000,2025-04-12 05:50:47.000,Patrice.Darzens@sanofi.com.SAML4,cloudadmin@sanofi.com.doCDGC.prod,,ACTIVE
61326,674459c5c15b061bf75f6095,PIN000000000C3,RC01336_INDIC_OTHERS,,Indication for Others file,CI,Stopped,Stopped inactive,,,MDM,2024-11-25 11:04:37.000,2025-04-12 05:51:06.000,Patrice.Darzens@sanofi.com.SAML4,cloudadmin@sanofi.com.doCDGC.prod,,ACTIVE
61327,674459c5c15b061bf75f6096,PIN000000000C4,RC01342_IND001,,Indication for Others file,CM,,,,,MDM,2024-11-25 11:04:37.000,2025-04-12 05:51:10.000,Patrice.Darzens@sanofi.com.SAML4,cloudadmin@sanofi.com.doCDGC.prod,,ACTIVE
61328,674459c5c15b061bf75f6097,PIN000000000C5,RC01346_IND001,,Indication for Others file,CH,,,,,MDM,2024-11-25 11:04:37.000,2026-01-21 06:50:40.000,Patrice.Darzens@sanofi.com.SAML4,cloudadmin@sanofi.com.doCDGC.prod,,ACTIVE
61329,674459c5c15b061bf75f6098,PIN000000000C6,RC01348_IND001,,Indication for Others file,CF,Stopped,Stopped active,,,MDM,2024-11-25 11:04:37.000,2025-04-12 05:51:08.000,Patrice.Darzens@sanofi.com.SAML4,cloudadmin@sanofi.com.doCDGC.prod,,ACTIVE
61330,674459c5c15b061bf75f609a,PIN000000000C8,RP_CE_INDIC_OTHERS,,Indication for Others file,CE,,,,,MDM,2024-11-25 11:04:37.000,2025-04-12 05:50:35.000,Patrice.Darzens@sanofi.com.SAML4,cloudadmin@sanofi.com.doCDGC.prod,,ACTIVE
61331,674459c5c15b061bf75f609b,PIN000000000C9,RP_CH_INDIC_OTHERS,,Indication for Others file,CH,,,,,MDM,2024-11-25 11:04:37.000,2025-04-15 05:51:39.000,Patrice.Darzens@sanofi.com.SAML4,cloudadmin@sanofi.com.doCDGC.prod,,ACTIVE
61332,674459c5c15b061bf75f609c,PIN000000000CA,RP_CO_INDIC_OTHERS,,Indication for Others file,CO,Ongoing,Ongoing,,,MDM,2024-11-25 11:04:37.000,2025-04-12 05:50:40.000,Patrice.Darzens@sanofi.com.SAML4,cloudadmin@sanofi.com.doCDGC.prod,,ACTIVE
61333,674459c5c15b061bf75f609d,PIN000000000CB,RP_EA_INDIC_OTHERS,,Indication for Others file,EA,,,,,MDM,2024-11-25 11:04:37.000,2025-04-12 05:50:28.000,Patrice.Darzens@sanofi.com.SAML4,cloudadmin@sanofi.com.doCDGC.prod,,ACTIVE
61334,674459c5c15b061bf75f609f,PIN000000000CD,SAN_AM_M000473A_IND050,,Tuberculosis,HB,Completed,Completed inactive,10044755,J,MDM,2024-11-25 11:04:37.000,2025-04-12 05:50:50.000,Patrice.Darzens@sanofi.com.SAML4,cloudadmin@sanofi.com.doCDGC.prod,,ACTIVE
61335,674459c5c15b061bf75f60a1,PIN000000000CF,SAN_AM_M000473_IND050,,HIV,HB,Ongoing,Ongoing,10020161,J,MDM,2024-11-25 11:04:37.000,2025-04-12 05:51:08.000,Patrice.Darzens@sanofi.com.SAML4,cloudadmin@sanofi.com.doCDGC.prod,,ACTIVE
61336,674459c5c15b061bf75f60a3,PIN000000000CH,SAN_AM_M000473_INDIC_OTHERS,,Indication for Others file,HB,,,,,MDM,2024-11-25 11:04:37.000,2025-04-12 05:50:58.000,Patrice.Darzens@sanofi.com.SAML4,cloudadmin@sanofi.com.doCDGC.prod,,ACTIVE
61337,674459c6c15b061bf75f6207,PIN000000000CJ,SAN_PO_AVE0005_IND050,,Colorectal cancer,HB,Ongoing,Ongoing,10061451,L,MDM,2024-11-25 11:04:38.000,2025-08-09 05:52:58.000,Patrice.Darzens@sanofi.com.SAML4,cloudadmin@sanofi.com.doCDGC.prod,,ACTIVE
61338,674459c6c15b061bf75f6208,PIN000000000CK,SAN_PO_AVE0005_IND052,,Major human solid tumors,HB,Ongoing,Ongoing,10065252,L,MDM,2024-11-25 11:04:38.000,2025-04-12 05:51:03.000,Patrice.Darzens@sanofi.com.SAML4,cloudadmin@sanofi.com.doCDGC.prod,,ACTIVE
61339,674459c6c15b061bf75f6209,PIN000000000CL,SAN_PO_BIH2448_IND050,,Benign prostate hyperplasia,HB,Stopped,Stopped inactive,10004446,,MDM,2024-11-25 11:04:38.000,2025-04-12 05:51:11.000,Patrice.Darzens@sanofi.com.SAML4,cloudadmin@sanofi.com.doCDGC.prod,,ACTIVE
61340,674459c6c15b061bf75f620e,PIN000000000CQ,SAN_PO_EXT1082_INDIC_OTHERS,,Indication for Others file,HB,,,10028093,V,MDM,2024-11-25 11:04:38.000,2025-04-12 05:51:07.000,Patrice.Darzens@sanofi.com.SAML4,cloudadmin@sanofi.com.doCDGC.prod,,ACTIVE
61341,674459c6c15b061bf75f6211,PIN000000000CT,SAN_PO_HMR1964_INDIC_OTHERS,,Indication for Others file,HB,,,10012594,A,MDM,2024-11-25 11:04:38.000,2025-04-12 05:50:40.000,Patrice.Darzens@sanofi.com.SAML4,cloudadmin@sanofi.com.doCDGC.prod,,ACTIVE
61342,674459c6c15b061bf75f6214,PIN000000000CW,SAN_PO_HOE490_INDIC_OTHERS,,Indication for Others file,HB,,,10012594,A,MDM,2024-11-25 11:04:38.000,2025-04-12 05:51:10.000,Patrice.Darzens@sanofi.com.SAML4,cloudadmin@sanofi.com.doCDGC.prod,,ACTIVE
61343,674459c6c15b061bf75f6217,PIN000000000CZ,SAN_PO_HR376_INDIC_OTHERS,,Indication for Others file,HB,,,,,MDM,2024-11-25 11:04:38.000,2025-04-12 05:50:28.000,Patrice.Darzens@sanofi.com.SAML4,cloudadmin@sanofi.com.doCDGC.prod,,ACTIVE
61344,674459c6c15b061bf75f621b,PIN000000000D3,SAN_PO_LA40220_IND051,,Epilepsy,HB,Ongoing,Ongoing,10015037,N,MDM,2024-11-25 11:04:38.000,2025-10-30 06:51:11.000,Patrice.Darzens@sanofi.com.SAML4,cloudadmin@sanofi.com.doCDGC.prod,,ACTIVE
61345,674459c6c15b061bf75f621f,PIN000000000D7,SAN_PO_NC0246_IND050,,Clinical and pharmacological exploratory studies,HB,Completed,Completed inactive,COMMON00000000,H,MDM,2024-11-25 11:04:38.000,2025-04-12 05:50:42.000,Patrice.Darzens@sanofi.com.SAML4,cloudadmin@sanofi.com.doCDGC.prod,,ACTIVE
61346,674459c6c15b061bf75f6224,PIN000000000DC,SAN_PO_RP19583C_IND051,,Clinical and pharmacological exploratory studies,HB,Completed,Completed inactive,COMMON00000000,M,MDM,2024-11-25 11:04:38.000,2025-04-12 05:51:04.000,Patrice.Darzens@sanofi.com.SAML4,cloudadmin@sanofi.com.doCDGC.prod,,ACTIVE
61347,674459c6c15b061bf75f6227,PIN000000000DF,SAN_PO_SAR321068_IND050,,Systemic Lupus Erythematosus,HB,Ongoing,Ongoing,10042945,B,MDM,2024-11-25 11:04:38.000,2025-04-12 05:50:59.000,Patrice.Darzens@sanofi.com.SAML4,cloudadmin@sanofi.com.doCDGC.prod,,ACTIVE
61348,674459c6c15b061bf75f6228,PIN000000000DG,SAN_PO_SAR437613_INDIC_OTHERS,,Indication for Others file,HB,,,10025487,P,MDM,2024-11-25 11:04:38.000,2025-04-12 05:51:01.000,Patrice.Darzens@sanofi.com.SAML4,cloudadmin@sanofi.com.doCDGC.prod,,ACTIVE
61349,674459c6c15b061bf75f6229,PIN000000000DH,SAN_PO_SAR442288_INDIC_OTHERS,,Indication for Others file,HB,,,,,MDM,2024-11-25 11:04:38.000,2025-04-12 05:51:02.000,Patrice.Darzens@sanofi.com.SAML4,cloudadmin@sanofi.com.doCDGC.prod,,ACTIVE
61350,674459c6c15b061bf75f622c,PIN000000000DK,SAN_PO_SH40113_IND050,,Parasitic infection,HB,Ongoing,Ongoing,10021857,J,MDM,2024-11-25 11:04:38.000,2025-04-12 05:50:17.000,Patrice.Darzens@sanofi.com.SAML4,cloudadmin@sanofi.com.doCDGC.prod,,ACTIVE
61351,674459c6c15b061bf75f622d,PIN000000000DL,SAN_PO_SH40666_IND050,,Hypercholesterolemia,HB,Ongoing,Ongoing,10020603,C,MDM,2024-11-25 11:04:38.000,2025-04-12 05:50:54.000,Patrice.Darzens@sanofi.com.SAML4,cloudadmin@sanofi.com.doCDGC.prod,,ACTIVE
61352,674459c6c15b061bf75f622f,PIN000000000DN,SAN_PO_SH40875_IND050,,Depressive disorder,HB,Ongoing,Ongoing,10057840,V,MDM,2024-11-25 11:04:38.000,2025-04-12 05:51:02.000,Patrice.Darzens@sanofi.com.SAML4,cloudadmin@sanofi.com.doCDGC.prod,,ACTIVE
61353,674459c6c15b061bf75f6230,PIN000000000DO,SAN_PO_SR33589_IND051,,Cardiovascular disorder,HB,Ongoing,Ongoing,10007649,C,MDM,2024-11-25 11:04:38.000,2025-04-12 05:50:33.000,Patrice.Darzens@sanofi.com.SAML4,cloudadmin@sanofi.com.doCDGC.prod,,ACTIVE
61354,674459c6c15b061bf75f6232,PIN000000000DQ,SAN_PO_SR47436_IND051,,Arterial hypertension,HB,Ongoing,Ongoing,10020772,C,MDM,2024-11-25 11:04:38.000,2025-04-12 05:51:10.000,Patrice.Darzens@sanofi.com.SAML4,cloudadmin@sanofi.com.doCDGC.prod,,ACTIVE
61355,674459c6c15b061bf75f6233,PIN000000000DR,SAN_PO_SR47436_INDIC_OTHERS,,Indication for Others file,HB,,,,,MDM,2024-11-25 11:04:38.000,2025-04-12 05:51:08.000,Patrice.Darzens@sanofi.com.SAML4,cloudadmin@sanofi.com.doCDGC.prod,,ACTIVE
61356,674459c7c15b061bf75f639b,PIN000000000DX,SAN_PO_Z1306_IND050,,Depressive disorder,HB,Ongoing,Ongoing,10057840,N,MDM,2024-11-25 11:04:38.000,2025-08-21 05:52:41.000,Patrice.Darzens@sanofi.com.SAML4,cloudadmin@sanofi.com.doCDGC.prod,,ACTIVE
61357,674459c7c15b061bf75f639c,PIN000000000DY,SAN_PO_Z1306_INDIC_OTHERS,,Indication for Others file,HB,,,,,MDM,2024-11-25 11:04:38.000,2025-04-12 05:50:40.000,Patrice.Darzens@sanofi.com.SAML4,cloudadmin@sanofi.com.doCDGC.prod,,ACTIVE
61358,674459c7c15b061bf75f639d,PIN000000000DZ,SAR153191_IND001,pcJIA - Ped,Polyarticular Juvenile Idiopathic Arthritis - Ped,BE,Completed,Completed inactive,10059176,M,MDM,2024-11-25 11:04:38.000,2025-07-06 05:52:24.000,Patrice.Darzens@sanofi.com.SAML4,cloudadmin@sanofi.com.doCDGC.prod,LCM,ACTIVE
61359,674459c7c15b061bf75f639e,PIN000000000E0,SAR153191_IND002,sJIA - Ped,Systemic Juvenile Idiopathic Arthritis - Ped,BE,Ongoing,Ongoing,10059177,M,MDM,2024-11-25 11:04:38.000,2025-11-28 06:50:22.000,Patrice.Darzens@sanofi.com.SAML4,cloudadmin@sanofi.com.doCDGC.prod,Phase 2B,ACTIVE
61360,674459c7c15b061bf75f639f,PIN000000000E1,SAR153191_IND004,RA - E-PFS - US,Rheumatoid Arthritis  US PreFilled Syringe (E-PFS),BE,Completed,Completed active,10039073,RH,MDM,2024-11-25 11:04:38.000,2026-01-07 06:54:03.000,Patrice.Darzens@sanofi.com.SAML4,cloudadmin@sanofi.com.doCDGC.prod,LCM,ACTIVE
61361,674459c7c15b061bf75f63a0,PIN000000000E2,SAR153191_IND005,RA - AI - US,Rheumatoid Arthritis US RA Autoinjector (AI),BE,Completed,Completed inactive,10039073,RH,MDM,2024-11-25 11:04:38.000,2025-07-06 05:52:30.000,Patrice.Darzens@sanofi.com.SAML4,cloudadmin@sanofi.com.doCDGC.prod,LCM,ACTIVE
61362,674459c7c15b061bf75f63a1,PIN000000000E3,SAR153191_IND010,,Chronic Non Infectious Uveitis,BE,Stopped,Stopped inactive,10046851,S01,MDM,2024-11-25 11:04:38.000,2025-04-12 05:50:21.000,Patrice.Darzens@sanofi.com.SAML4,cloudadmin@sanofi.com.doCDGC.prod,,ACTIVE
61363,674459c7c15b061bf75f63a5,PIN000000000E7,SAR231893_IND003,AD - Ped 6-11y,Atopic Dermatitis - Ped - 6-11 years,BE,Completed,Completed active,10012438,D,MDM,2024-11-25 11:04:38.000,2025-10-15 05:51:59.000,Patrice.Darzens@sanofi.com.SAML4,cloudadmin@sanofi.com.doCDGC.prod,LCM,ACTIVE
61364,674459c7c15b061bf75f63a7,PIN000000000E9,SAR231893_IND007,Asthma - Ped 6-11y,Asthma - Ped - 6-11 years,BE,Ongoing,Ongoing,10003553,R,MDM,2024-11-25 11:04:38.000,2026-01-10 06:52:36.000,Patrice.Darzens@sanofi.com.SAML4,cloudadmin@sanofi.com.doCDGC.prod,LCM,ACTIVE
61365,674459c7c15b061bf75f63a8,PIN000000000EA,SAR231893_IND008,Asthma - Ped 2-5y,Asthma - Ped - 2-5 years,BE,Ongoing,Ongoing,10003553,R,MDM,2024-11-25 11:04:38.000,2026-01-20 06:54:15.000,Patrice.Darzens@sanofi.com.SAML4,cloudadmin@sanofi.com.doCDGC.prod,Phase 3,ACTIVE
61366,674459c7c15b061bf75f63ab,PIN000000000ED,SAR231893_IND013,EoE - Ped 1-11y,Eosinophilic Esophagitis - Ped - 1-11 years,BE,Completed,Completed active,10064212,A,MDM,2024-11-25 11:04:38.000,2025-09-07 05:51:40.000,Patrice.Darzens@sanofi.com.SAML4,cloudadmin@sanofi.com.doCDGC.prod,LCM,ACTIVE
61367,674459c7c15b061bf75f63ad,PIN000000000EF,SAR231893_IND015,,Adjunct Therapy to Grass SCIT (moderate to severe Allergic Rhinitis),BE,Stopped,Stopped inactive,10039085,R,MDM,2024-11-25 11:04:38.000,2025-04-12 05:50:46.000,Patrice.Darzens@sanofi.com.SAML4,cloudadmin@sanofi.com.doCDGC.prod,Phase 2A,ACTIVE
61368,674459c4c15b061bf75f5d7a,PIN0000000009O,OC01902_INDIC_OTHERS,,Indication for Others file,CL,,,,,MDM,2024-11-25 11:04:36.000,2025-04-12 05:51:13.000,Patrice.Darzens@sanofi.com.SAML4,cloudadmin@sanofi.com.doCDGC.prod,,ACTIVE
61369,674459c4c15b061bf75f5d7b,PIN0000000009P,OC01903_INDIC_OTHERS,,Digital Pathology,CL,,,,,MDM,2024-11-25 11:04:36.000,2025-04-12 05:50:26.000,Patrice.Darzens@sanofi.com.SAML4,cloudadmin@sanofi.com.doCDGC.prod,,ACTIVE
61370,674459c5c15b061bf75f5ee0,PIN0000000009S,OC01908_INDIC_OTHERS,,Alternative Delivery Innovation - VLAIO (LMR),CL,,,,,MDM,2024-11-25 11:04:37.000,2025-04-12 05:51:06.000,Patrice.Darzens@sanofi.com.SAML4,cloudadmin@sanofi.com.doCDGC.prod,,ACTIVE
61371,674459c5c15b061bf75f5ee1,PIN0000000009T,OC01909_INDIC_OTHERS,,OC01909 - Transversal Activities for TMU (Res),LA,,,,,MDM,2024-11-25 11:04:37.000,2026-01-13 06:51:19.000,Patrice.Darzens@sanofi.com.SAML4,cloudadmin@sanofi.com.doCDGC.prod,,ACTIVE
61372,674459c5c15b061bf75f5ee2,PIN0000000009U,OC01910_INDIC_OTHERS,,Indication for Others file,CL,,,,,MDM,2024-11-25 11:04:37.000,2025-04-12 05:50:52.000,Patrice.Darzens@sanofi.com.SAML4,cloudadmin@sanofi.com.doCDGC.prod,,ACTIVE
61373,674459c5c15b061bf75f5ee5,PIN0000000009X,OC01915_INDIC_OTHERS,,Indication for Others file,CL,Ongoing,Ongoing,,,MDM,2024-11-25 11:04:37.000,2025-04-12 05:50:24.000,Patrice.Darzens@sanofi.com.SAML4,cloudadmin@sanofi.com.doCDGC.prod,,ACTIVE
61374,674459c5c15b061bf75f5ee6,PIN0000000009Y,OC01916_INDIC_OTHERS,,Indication for Others file,CL,Ongoing,Ongoing,,,MDM,2024-11-25 11:04:37.000,2025-04-12 05:50:24.000,Patrice.Darzens@sanofi.com.SAML4,cloudadmin@sanofi.com.doCDGC.prod,,ACTIVE
61375,674459c5c15b061bf75f5ee8,PIN000000000A0,OC01918_INDIC_OTHERS,,Indication for Others file,CL,Ongoing,Ongoing,,,MDM,2024-11-25 11:04:37.000,2025-04-12 05:51:01.000,Patrice.Darzens@sanofi.com.SAML4,cloudadmin@sanofi.com.doCDGC.prod,,ACTIVE
61376,674459c5c15b061bf75f5eea,PIN000000000A2,OC01920_INDIC_OTHERS,,Indication for Others file,CL,Ongoing,Ongoing,,,MDM,2024-11-25 11:04:37.000,2025-04-12 05:51:10.000,Patrice.Darzens@sanofi.com.SAML4,cloudadmin@sanofi.com.doCDGC.prod,,ACTIVE
61377,674459c5c15b061bf75f5eeb,PIN000000000A3,OC01923_INDIC_OTHERS,,Indication for Others file,CL,,,,,MDM,2024-11-25 11:04:37.000,2025-04-12 05:50:51.000,Patrice.Darzens@sanofi.com.SAML4,cloudadmin@sanofi.com.doCDGC.prod,,ACTIVE
61378,674459c5c15b061bf75f5eec,PIN000000000A4,OC01924_INDIC_OTHERS,,Indication for Others file,CL,,,,,MDM,2024-11-25 11:04:37.000,2025-09-18 05:53:01.000,Patrice.Darzens@sanofi.com.SAML4,cloudadmin@sanofi.com.doCDGC.prod,,ACTIVE
61379,674459c5c15b061bf75f5eee,PIN000000000A6,OC01935_INDIC_OTHERS,,Indication for Others file,CL,,,,,MDM,2024-11-25 11:04:37.000,2025-04-12 05:50:46.000,Patrice.Darzens@sanofi.com.SAML4,cloudadmin@sanofi.com.doCDGC.prod,,ACTIVE
61380,674459c5c15b061bf75f5ef0,PIN000000000A8,OC01938_IND001,,Indication for Others file,CA,,,,,MDM,2024-11-25 11:04:37.000,2025-12-19 06:51:23.000,Patrice.Darzens@sanofi.com.SAML4,cloudadmin@sanofi.com.doCDGC.prod,,ACTIVE
61381,674459c5c15b061bf75f5ef1,PIN000000000A9,OC01940_IND001,,Indication for Others file,EE,,,,,MDM,2024-11-25 11:04:37.000,2025-04-12 05:50:46.000,Patrice.Darzens@sanofi.com.SAML4,cloudadmin@sanofi.com.doCDGC.prod,,ACTIVE
61382,674459c5c15b061bf75f5ef2,PIN000000000AA,OC01941_IND001,,Indication for Others file,EE,,,,,MDM,2024-11-25 11:04:37.000,2025-04-12 05:50:37.000,Patrice.Darzens@sanofi.com.SAML4,cloudadmin@sanofi.com.doCDGC.prod,,ACTIVE
61383,674459c5c15b061bf75f5ef7,PIN000000000AF,OC01953_IND001,,Indication for Others file,CO,Ongoing,Ongoing,,,MDM,2024-11-25 11:04:37.000,2025-04-12 05:51:02.000,Patrice.Darzens@sanofi.com.SAML4,cloudadmin@sanofi.com.doCDGC.prod,,ACTIVE
61384,674459c5c15b061bf75f5ef9,PIN000000000AH,OC01957_IND001,,Indication for Others file,CL,,,,,MDM,2024-11-25 11:04:37.000,2025-04-12 05:50:35.000,Patrice.Darzens@sanofi.com.SAML4,cloudadmin@sanofi.com.doCDGC.prod,,ACTIVE
61385,674459c5c15b061bf75f5efa,PIN000000000AI,OC01959_IND001,,Indication for Others file,CL,Ongoing,Ongoing,,,MDM,2024-11-25 11:04:37.000,2025-04-12 05:50:26.000,Patrice.Darzens@sanofi.com.SAML4,cloudadmin@sanofi.com.doCDGC.prod,,ACTIVE
61386,674459bfc15b061bf75f53d2,PIN00000000000,ALX0081_IND001,aTTP - JP,Acquired Thrombotic Thrombocytopenic Purpura - JP,BI,Completed,Completed active,10043648,B,MDM,2024-11-25 11:04:29.000,2025-04-12 05:50:40.000,Patrice.Darzens@sanofi.com.SAML4,cloudadmin@sanofi.com.doCDGC.prod,LCM,ACTIVE
61387,674459bfc15b061bf75f53d3,PIN00000000001,ALX0081_IND002,aTTP,Acquired Thrombotic Thrombocytopenic Purpura,BH,Completed,Completed active,10043648,B,MDM,2024-11-25 11:04:29.000,2025-11-21 06:54:32.000,Patrice.Darzens@sanofi.com.SAML4,cloudadmin@sanofi.com.doCDGC.prod,LCM,ACTIVE
61388,674459bfc15b061bf75f53d6,PIN00000000004,AVE0010-1_IND001,T2DM w/Lantus - SC,Lixilan - T2DM - Lantus Combo - SC Route,BJ,Completed,Completed active,10067585,A,MDM,2024-11-25 11:04:29.000,2025-04-12 05:51:13.000,Patrice.Darzens@sanofi.com.SAML4,cloudadmin@sanofi.com.doCDGC.prod,LCM,ACTIVE
61389,674459bfc15b061bf75f53d9,PIN00000000007,AVE0010-1_IND005,T2DM - JP - SC,Lixilan - T2DM - Japan - SC Route,BJ,Completed,Completed inactive,10067585,A,MDM,2024-11-25 11:04:29.000,2025-04-12 05:50:46.000,Patrice.Darzens@sanofi.com.SAML4,cloudadmin@sanofi.com.doCDGC.prod,LCM,ACTIVE
61390,674459bfc15b061bf75f53db,PIN00000000009,AVE0010-1_IND009,,LixiLan - T2DM - SOLIQUA with SGLT-2i,BJ,Stopped,Stopped inactive,10067585,,MDM,2024-11-25 11:04:29.000,2025-04-12 05:51:07.000,Patrice.Darzens@sanofi.com.SAML4,cloudadmin@sanofi.com.doCDGC.prod,,ACTIVE
61391,674459bfc15b061bf75f53dc,PIN0000000000A,AVE0010-1_IND050,T2DM,Lixilan - T2DM,BJ,Ongoing,Ongoing,10067585,A,MDM,2024-11-25 11:04:29.000,2026-01-07 06:54:36.000,Patrice.Darzens@sanofi.com.SAML4,cloudadmin@sanofi.com.doCDGC.prod,,ACTIVE
61392,674459bfc15b061bf75f53de,PIN0000000000C,AVE0010_IND007,,Lyxumia - T2DM - Immediate Release - Main Meal - EU Type 2 Variation,BJ,Completed,Completed inactive,10067585,A,MDM,2024-11-25 11:04:29.000,2025-04-12 05:50:55.000,Patrice.Darzens@sanofi.com.SAML4,cloudadmin@sanofi.com.doCDGC.prod,LCM,ACTIVE
61393,674459bfc15b061bf75f53df,PIN0000000000D,AVE0010_IND008,,Lyxumia - T2DM - Immediate Release - PDY12625 - EU Type 2 Variation,BJ,Completed,Completed inactive,10067585,A,MDM,2024-11-25 11:04:29.000,2025-04-12 05:50:17.000,Patrice.Darzens@sanofi.com.SAML4,cloudadmin@sanofi.com.doCDGC.prod,LCM,ACTIVE
61394,674459bfc15b061bf75f53e2,PIN0000000000G,AVE0010_IND015,,Lixisenatide Microneedle Patch device - Japan,BJ,Not Validated,Not Validated,10067585,A,MDM,2024-11-25 11:04:29.000,2025-04-12 05:50:21.000,Patrice.Darzens@sanofi.com.SAML4,cloudadmin@sanofi.com.doCDGC.prod,,ACTIVE
61395,674459bfc15b061bf75f53e3,PIN0000000000H,AVE0010_IND050,,Lyxumia - T2DM,BJ,Ongoing,Ongoing,10067585,A,MDM,2024-11-25 11:04:29.000,2025-12-18 06:52:27.000,Patrice.Darzens@sanofi.com.SAML4,cloudadmin@sanofi.com.doCDGC.prod,,ACTIVE
61396,674459bfc15b061bf75f53e4,PIN0000000000I,BIVV001_IND001,Hem A,Hemophilia A,BH,Completed,Completed active,10060612,B,MDM,2024-11-25 11:04:29.000,2025-12-19 06:52:29.000,Patrice.Darzens@sanofi.com.SAML4,cloudadmin@sanofi.com.doCDGC.prod,LCM,ACTIVE
61397,674459bfc15b061bf75f53ea,PIN0000000000O,CHC_BIH2132_INDIC_OTHERS,,Indication for Others file,HB,,,,,MDM,2024-11-25 11:04:29.000,2025-04-12 05:50:57.000,Patrice.Darzens@sanofi.com.SAML4,cloudadmin@sanofi.com.doCDGC.prod,,ACTIVE
61398,674459bfc15b061bf75f53eb,PIN0000000000P,CHC_BIH2448_INDIC_OTHERS,,Indication for Others file,HB,,,,,MDM,2024-11-25 11:04:29.000,2025-04-12 05:50:44.000,Patrice.Darzens@sanofi.com.SAML4,cloudadmin@sanofi.com.doCDGC.prod,,ACTIVE
61399,674459bfc15b061bf75f53ed,PIN0000000000R,CHC_M016455_IND051,,Allergy,HB,Ongoing,Ongoing,10020751,R,MDM,2024-11-25 11:04:29.000,2025-04-12 05:50:46.000,Patrice.Darzens@sanofi.com.SAML4,cloudadmin@sanofi.com.doCDGC.prod,,ACTIVE
61400,674459bfc15b061bf75f53ef,PIN0000000000T,CHC_MDJULIA_IND050,,Pain,HB,Ongoing,Ongoing,10033371,V,MDM,2024-11-25 11:04:29.000,2025-04-12 05:51:08.000,Patrice.Darzens@sanofi.com.SAML4,cloudadmin@sanofi.com.doCDGC.prod,,ACTIVE
61401,674459bfc15b061bf75f53f1,PIN0000000000V,CHC_PLC2201904_INDIC_OTHERS,,Indication for Others file,HB,,,,,MDM,2024-11-25 11:04:29.000,2025-04-12 05:51:06.000,Patrice.Darzens@sanofi.com.SAML4,cloudadmin@sanofi.com.doCDGC.prod,,ACTIVE
61402,674459bfc15b061bf75f53f2,PIN0000000000W,CHC_S01C3202001_INDIC_OTHERS,,Indication for Others file,HB,,,,,MDM,2024-11-25 11:04:29.000,2025-04-12 05:51:09.000,Patrice.Darzens@sanofi.com.SAML4,cloudadmin@sanofi.com.doCDGC.prod,,ACTIVE
61403,674459bfc15b061bf75f53f3,PIN0000000000X,CHC_SH3016B_IND050,,Allergy,HB,Ongoing,Ongoing,10020751,G,MDM,2024-11-25 11:04:29.000,2025-04-12 05:51:01.000,Patrice.Darzens@sanofi.com.SAML4,cloudadmin@sanofi.com.doCDGC.prod,,ACTIVE
61404,674459bfc15b061bf75f53f4,PIN0000000000Y,CHC_SH3016B_INDIC_OTHERS,,Indication for Others file,HB,,,,,MDM,2024-11-25 11:04:29.000,2025-04-12 05:50:26.000,Patrice.Darzens@sanofi.com.SAML4,cloudadmin@sanofi.com.doCDGC.prod,,ACTIVE
61405,674459bfc15b061bf75f53f5,PIN0000000000Z,CHC_SH41058I_IND050,,Pain,HB,Completed,Completed inactive,10033371,V,MDM,2024-11-25 11:04:29.000,2025-04-12 05:50:44.000,Patrice.Darzens@sanofi.com.SAML4,cloudadmin@sanofi.com.doCDGC.prod,,ACTIVE
61406,674459bfc15b061bf75f53f7,PIN00000000011,CHC_TADALAFIL_INDIC_OTHERS,,Indication for Others file,HB,,,,,MDM,2024-11-25 11:04:29.000,2025-04-12 05:50:30.000,Patrice.Darzens@sanofi.com.SAML4,cloudadmin@sanofi.com.doCDGC.prod,,ACTIVE
61407,674459bfc15b061bf75f53f9,PIN00000000013,DC00853_INDIC_OTHERS,,Indication for Others file,DF,,,,,MDM,2024-11-25 11:04:29.000,2025-04-12 05:51:03.000,Patrice.Darzens@sanofi.com.SAML4,cloudadmin@sanofi.com.doCDGC.prod,,ACTIVE
61408,674459bfc15b061bf75f53fa,PIN00000000014,DC00889_INDIC_OTHERS,,Indication for Others file,DF,,,,,MDM,2024-11-25 11:04:29.000,2025-04-12 05:51:06.000,Patrice.Darzens@sanofi.com.SAML4,cloudadmin@sanofi.com.doCDGC.prod,,ACTIVE
61409,674459bfc15b061bf75f53fc,PIN00000000016,DC00975_INDIC_OTHERS,,Indication for Others file,JA,,,,,MDM,2024-11-25 11:04:29.000,2025-04-12 05:51:03.000,Patrice.Darzens@sanofi.com.SAML4,cloudadmin@sanofi.com.doCDGC.prod,,ACTIVE
61410,674459bfc15b061bf75f53fd,PIN00000000017,DC01126_INDIC_OTHERS,,Indication for Others file,IH,,,,,MDM,2024-11-25 11:04:29.000,2025-04-12 05:50:44.000,Patrice.Darzens@sanofi.com.SAML4,cloudadmin@sanofi.com.doCDGC.prod,,ACTIVE
61411,674459bfc15b061bf75f53fe,PIN00000000018,DC01163_INDIC_OTHERS,,Indication for Others file,GA,Stopped,Stopped inactive,,,MDM,2024-11-25 11:04:29.000,2025-04-12 05:50:54.000,Patrice.Darzens@sanofi.com.SAML4,cloudadmin@sanofi.com.doCDGC.prod,,ACTIVE
61412,674459bfc15b061bf75f53ff,PIN00000000019,DC01181_INDIC_OTHERS,,Indication for Others file,JA,,,,,MDM,2024-11-25 11:04:29.000,2025-04-12 05:50:49.000,Patrice.Darzens@sanofi.com.SAML4,cloudadmin@sanofi.com.doCDGC.prod,,ACTIVE
61413,674459bfc15b061bf75f5400,PIN0000000001A,DC01205_INDIC_OTHERS,,Indication for Others file,DB,Stopped,Stopped inactive,,,MDM,2024-11-25 11:04:29.000,2025-04-12 05:50:43.000,Patrice.Darzens@sanofi.com.SAML4,cloudadmin@sanofi.com.doCDGC.prod,,ACTIVE
61414,674459bfc15b061bf75f5402,PIN0000000001C,DC01219_INDIC_OTHERS,,Indication for Others file,DB,Stopped,Stopped inactive,,,MDM,2024-11-25 11:04:29.000,2025-04-12 05:50:26.000,Patrice.Darzens@sanofi.com.SAML4,cloudadmin@sanofi.com.doCDGC.prod,,ACTIVE
61415,674459bfc15b061bf75f5403,PIN0000000001D,DC01238_INDIC_OTHERS,,Indication for Others file,IH,,,,,MDM,2024-11-25 11:04:29.000,2025-04-12 05:50:58.000,Patrice.Darzens@sanofi.com.SAML4,cloudadmin@sanofi.com.doCDGC.prod,,ACTIVE
61416,674459c1c15b061bf75f5567,PIN0000000001F,DC01245_INDIC_OTHERS,,Indication for Others file,JD,,,,,MDM,2024-11-25 11:04:32.000,2025-04-12 05:50:44.000,Patrice.Darzens@sanofi.com.SAML4,cloudadmin@sanofi.com.doCDGC.prod,,ACTIVE
61417,674459c1c15b061bf75f5568,PIN0000000001G,DC01255_INDIC_OTHERS,,Indication for Others file,DB,,,,,MDM,2024-11-25 11:04:32.000,2025-11-06 06:51:05.000,Patrice.Darzens@sanofi.com.SAML4,cloudadmin@sanofi.com.doCDGC.prod,,ACTIVE
61418,674459c1c15b061bf75f5570,PIN0000000001O,DC01295_INDIC_OTHERS,,Indication for Others file,JD,,,,,MDM,2024-11-25 11:04:32.000,2025-04-12 05:50:33.000,Patrice.Darzens@sanofi.com.SAML4,cloudadmin@sanofi.com.doCDGC.prod,,ACTIVE
61419,674459c1c15b061bf75f5571,PIN0000000001P,DC01297_INDIC_OTHERS,,Indication for Others file,DB,,,,,MDM,2024-11-25 11:04:32.000,2025-08-27 05:52:34.000,Patrice.Darzens@sanofi.com.SAML4,cloudadmin@sanofi.com.doCDGC.prod,,ACTIVE
61420,674459c1c15b061bf75f5572,PIN0000000001Q,DC01302_INDIC_OTHERS,,Indication for Others file,BE,,,,,MDM,2024-11-25 11:04:32.000,2025-04-12 05:50:59.000,Patrice.Darzens@sanofi.com.SAML4,cloudadmin@sanofi.com.doCDGC.prod,,ACTIVE
61421,674459c1c15b061bf75f5573,PIN0000000001R,DC01303_INDIC_OTHERS,,Indication for Others file,BG,,,,,MDM,2024-11-25 11:04:32.000,2025-04-12 05:50:30.000,Patrice.Darzens@sanofi.com.SAML4,cloudadmin@sanofi.com.doCDGC.prod,,ACTIVE
61422,674459c1c15b061bf75f5574,PIN0000000001S,DC01308_IND001,,Indication for Others file,JD,,,,,MDM,2024-11-25 11:04:32.000,2025-06-03 05:51:11.000,Patrice.Darzens@sanofi.com.SAML4,cloudadmin@sanofi.com.doCDGC.prod,,ACTIVE
61423,674459c1c15b061bf75f5576,PIN0000000001U,DC01310_IND001,,Indication for Others file,BJ,,,,,MDM,2024-11-25 11:04:32.000,2025-06-14 05:53:00.000,Patrice.Darzens@sanofi.com.SAML4,cloudadmin@sanofi.com.doCDGC.prod,,ACTIVE
61424,674459c1c15b061bf75f5578,PIN0000000001W,DC01313_IND001,,Indication for Others file,JD,,,,,MDM,2024-11-25 11:04:32.000,2025-04-12 05:51:08.000,Patrice.Darzens@sanofi.com.SAML4,cloudadmin@sanofi.com.doCDGC.prod,,ACTIVE
61425,674459c1c15b061bf75f557a,PIN0000000001Y,EVOTEC_SAR440894_INDIC_OTHERS,,Indication for Others file,HB,,,,,MDM,2024-11-25 11:04:32.000,2025-04-12 05:50:50.000,Patrice.Darzens@sanofi.com.SAML4,cloudadmin@sanofi.com.doCDGC.prod,,ACTIVE
61426,674459c1c15b061bf75f557b,PIN0000000001Z,GDPR_INDIC_OTHERS,,Indication for Others file,HA,Ongoing,Ongoing,,,MDM,2024-11-25 11:04:32.000,2025-04-12 05:50:44.000,Patrice.Darzens@sanofi.com.SAML4,cloudadmin@sanofi.com.doCDGC.prod,,ACTIVE
61427,674459c1c15b061bf75f557f,PIN00000000023,GZ393590_IND005,,AML - Adult,BG,Stopped,Stopped inactive,10000880,L,MDM,2024-11-25 11:04:32.000,2025-04-12 05:50:51.000,Patrice.Darzens@sanofi.com.SAML4,cloudadmin@sanofi.com.doCDGC.prod,Phase 3,ACTIVE
61428,674459c1c15b061bf75f5580,PIN00000000024,GZ393590_IND006,,NHL Combo SAR409 - PO route,BG,Stopped,Stopped inactive,10029547,L,MDM,2024-11-25 11:04:32.000,2025-04-12 05:50:21.000,Patrice.Darzens@sanofi.com.SAML4,cloudadmin@sanofi.com.doCDGC.prod,,ACTIVE
61429,674459c1c15b061bf75f5583,PIN00000000027,GZ402668_IND002,,Relapsing Multiple Sclerosis,BF,Stopped,Stopped inactive,10028245,N,MDM,2024-11-25 11:04:32.000,2025-04-12 05:50:51.000,Patrice.Darzens@sanofi.com.SAML4,cloudadmin@sanofi.com.doCDGC.prod,Phase 1,ACTIVE
61430,674459c1c15b061bf75f5584,PIN00000000028,GZ402669_IND001,FSGS,Focal Segmental Glomerulosclerosis (FSGS),BH,Stopped,Stopped inactive,10061989,G,MDM,2024-11-25 11:04:32.000,2025-04-19 05:53:17.000,Patrice.Darzens@sanofi.com.SAML4,cloudadmin@sanofi.com.doCDGC.prod,Phase 2B,ACTIVE
61431,674459c1c15b061bf75f5589,PIN0000000002D,GZ402673_IND005,,Relapsing Forms of MS - Pediatric,BF,Stopped,Stopped inactive,10028245,N,MDM,2024-11-25 11:04:32.000,2025-04-12 05:50:54.000,Patrice.Darzens@sanofi.com.SAML4,cloudadmin@sanofi.com.doCDGC.prod,,ACTIVE
61432,674459c1c15b061bf75f558a,PIN0000000002E,GZ402673_IND050,,Multiple Sclerosis,BF,Ongoing,Ongoing,10028245,N,MDM,2024-11-25 11:04:32.000,2025-12-04 06:51:43.000,Patrice.Darzens@sanofi.com.SAML4,cloudadmin@sanofi.com.doCDGC.prod,,ACTIVE
61433,674459c1c15b061bf75f558c,PIN0000000002G,GZ419828_IND002,,Fabry Disease US Full Approval,BH,Completed,Completed inactive,10016016,A,MDM,2024-11-25 11:04:32.000,2025-04-12 05:50:58.000,Patrice.Darzens@sanofi.com.SAML4,cloudadmin@sanofi.com.doCDGC.prod,LCM,ACTIVE
61434,674459c1c15b061bf75f558d,PIN0000000002H,GZ419828_IND003,FD - CN,Fabry Disease - China,BH,Completed,Completed inactive,10016016,A,MDM,2024-11-25 11:04:32.000,2025-04-12 05:51:06.000,Patrice.Darzens@sanofi.com.SAML4,cloudadmin@sanofi.com.doCDGC.prod,LCM,ACTIVE
61435,674459c1c15b061bf75f5591,PIN0000000002L,GZ427051_IND051,,Asthma,BE,Ongoing,Ongoing,10003553,R,MDM,2024-11-25 11:04:32.000,2025-04-12 05:50:50.000,Patrice.Darzens@sanofi.com.SAML4,cloudadmin@sanofi.com.doCDGC.prod,,ACTIVE
61436,674459c1c15b061bf75f5592,PIN0000000002M,GZ427051_IND054,,Systemic Lupus Erythematosus,BE,Ongoing,Ongoing,10042945,B,MDM,2024-11-25 11:04:32.000,2025-04-12 05:50:51.000,Patrice.Darzens@sanofi.com.SAML4,cloudadmin@sanofi.com.doCDGC.prod,,ACTIVE
61437,674459c1c15b061bf75f5593,PIN0000000002N,GZ427051_IND055,,Epilepsy,BF,Ongoing,Ongoing,10015037,N,MDM,2024-11-25 11:04:32.000,2025-04-12 05:50:33.000,Patrice.Darzens@sanofi.com.SAML4,cloudadmin@sanofi.com.doCDGC.prod,,ACTIVE
61438,674459c1c15b061bf75f5594,PIN0000000002O,GZ427398_IND001,MPS 1,"Mucopolysaccharidosis I (MPS I) Hurler, Hurler-Scheie and Scheie",BH,Completed,Completed inactive,10056886,A,MDM,2024-11-25 11:04:32.000,2025-07-03 05:51:54.000,Patrice.Darzens@sanofi.com.SAML4,cloudadmin@sanofi.com.doCDGC.prod,LCM,ACTIVE
61439,674459c1c15b061bf75f5596,PIN0000000002Q,GZE_PO_GZ316455_IND051,,Multiple Myeloma,HB,Ongoing,Ongoing,10028228,L,MDM,2024-11-25 11:04:32.000,2025-04-12 05:50:42.000,Patrice.Darzens@sanofi.com.SAML4,cloudadmin@sanofi.com.doCDGC.prod,,ACTIVE
61440,674459c1c15b061bf75f56fa,PIN0000000002S,GZE_PO_GZ419824_IND050,,Thyroid Cancer,HB,Ongoing,Ongoing,10066474,L,MDM,2024-11-25 11:04:33.000,2025-04-12 05:51:06.000,Patrice.Darzens@sanofi.com.SAML4,cloudadmin@sanofi.com.doCDGC.prod,,ACTIVE
61441,674459c1c15b061bf75f56fe,PIN0000000002W,HMR1726_IND004,,Behcet disease - PO -No Go,BF,Stopped,Stopped inactive,10028245,N,MDM,2024-11-25 11:04:33.000,2025-04-12 05:50:21.000,Patrice.Darzens@sanofi.com.SAML4,cloudadmin@sanofi.com.doCDGC.prod,,ACTIVE
61442,674459c1c15b061bf75f5700,PIN0000000002Y,HOE901_IND001,T1DM - U300 - Ped,Toujeo - T1DM - U300 - Pediatric Children and Adolescents - Labeling update,BJ,Completed,Completed inactive,10067584,A,MDM,2024-11-25 11:04:33.000,2025-04-12 05:50:43.000,Patrice.Darzens@sanofi.com.SAML4,cloudadmin@sanofi.com.doCDGC.prod,LCM,ACTIVE
61443,674459c1c15b061bf75f5701,PIN0000000002Z,HOE901_IND002,,Toujeo - T1DM/T2DM -  U300 - US & EU,BJ,Completed,Completed inactive,10012594,A,MDM,2024-11-25 11:04:33.000,2025-04-12 05:50:26.000,Patrice.Darzens@sanofi.com.SAML4,cloudadmin@sanofi.com.doCDGC.prod,LCM,ACTIVE
61444,674459c1c15b061bf75f5702,PIN00000000030,HOE901_IND003,,Toujeo - T1DM/T2DM - Edition IV - EU Labeling Update,BJ,Completed,Completed inactive,10012594,A,MDM,2024-11-25 11:04:33.000,2025-04-12 05:50:42.000,Patrice.Darzens@sanofi.com.SAML4,cloudadmin@sanofi.com.doCDGC.prod,LCM,ACTIVE
61445,674459c1c15b061bf75f5703,PIN00000000031,HOE901_IND005,,Lantus Initial Filing,BJ,Completed,Completed inactive,10012594,A,MDM,2024-11-25 11:04:33.000,2025-04-12 05:50:56.000,Patrice.Darzens@sanofi.com.SAML4,cloudadmin@sanofi.com.doCDGC.prod,LCM,ACTIVE
61446,674459c1c15b061bf75f5705,PIN00000000033,HOE901_IND009,,Toujeo - T2DM -  U300 - Pediatric Exclusivity Extension Labeling update - US - as per PPSR,BJ,Stopped,Stopped inactive,10067585,A,MDM,2024-11-25 11:04:33.000,2025-04-12 05:50:40.000,Patrice.Darzens@sanofi.com.SAML4,cloudadmin@sanofi.com.doCDGC.prod,,ACTIVE
61447,674459c1c15b061bf75f5707,PIN00000000035,HOE901_IND017,,Lantus - T1DM & T2DM Labeling Update,BJ,Completed,Completed inactive,10012594,A,MDM,2024-11-25 11:04:33.000,2025-04-12 05:51:11.000,Patrice.Darzens@sanofi.com.SAML4,cloudadmin@sanofi.com.doCDGC.prod,LCM,ACTIVE
61448,674459c1c15b061bf75f5708,PIN00000000036,HOE901_IND018,,Lantus Titration App,BJ,Stopped,Stopped inactive,10012594,A,MDM,2024-11-25 11:04:33.000,2025-04-12 05:51:04.000,Patrice.Darzens@sanofi.com.SAML4,cloudadmin@sanofi.com.doCDGC.prod,,ACTIVE
61449,674459c1c15b061bf75f570c,PIN0000000003A,LC10163_IND001,OA - Knee,Osteoarthritis - Knee,CF,Completed,Completed inactive,10031161,,MDM,2024-11-25 11:04:33.000,2025-04-12 05:50:56.000,Patrice.Darzens@sanofi.com.SAML4,cloudadmin@sanofi.com.doCDGC.prod,,ACTIVE
61450,674459c1c15b061bf75f5710,PIN0000000003E,LC80014_IND003,Crohn,Chronic obstructive pulmonary disease,CF,Ongoing,Ongoing,10009033,,MDM,2024-11-25 11:04:33.000,2025-11-11 06:50:30.000,Patrice.Darzens@sanofi.com.SAML4,cloudadmin@sanofi.com.doCDGC.prod,,ACTIVE
61451,674459c1c15b061bf75f5714,PIN0000000003I,LC80484_IND005,MS,Multiple Sclerosis,CH,Completed,Completed inactive,10028245,,MDM,2024-11-25 11:04:33.000,2025-04-12 05:50:43.000,Patrice.Darzens@sanofi.com.SAML4,cloudadmin@sanofi.com.doCDGC.prod,,ACTIVE
61452,674459c1c15b061bf75f5715,PIN0000000003J,LC80840_SERIE_OLD,,Discovery - previous,CI,Completed,Completed inactive,,,MDM,2024-11-25 11:04:33.000,2026-01-20 06:53:07.000,Patrice.Darzens@sanofi.com.SAML4,cloudadmin@sanofi.com.doCDGC.prod,,ACTIVE
61453,674459c1c15b061bf75f5716,PIN0000000003K,LC80840_SERIE_SMALL_MOL_ONCO_DISCO,,Discovery,CI,Stopped,Stopped inactive,,,MDM,2024-11-25 11:04:33.000,2025-04-12 05:50:57.000,Patrice.Darzens@sanofi.com.SAML4,cloudadmin@sanofi.com.doCDGC.prod,,ACTIVE
61454,674459c1c15b061bf75f5717,PIN0000000003L,LC80963_IND001,,Discovery - LEAD-MS2 - Previous - Completed,CJ,Completed,Completed inactive,,,MDM,2024-11-25 11:04:33.000,2025-04-12 05:50:30.000,Patrice.Darzens@sanofi.com.SAML4,cloudadmin@sanofi.com.doCDGC.prod,,ACTIVE
61455,674459c1c15b061bf75f571c,PIN0000000003Q,LC81095_IND006,,MS1 -UCB1543921 Bicyclics - Stopped,CF,Stopped,Stopped inactive,,,MDM,2024-11-25 11:04:33.000,2025-04-12 05:50:56.000,Patrice.Darzens@sanofi.com.SAML4,cloudadmin@sanofi.com.doCDGC.prod,,ACTIVE
61456,674459c1c15b061bf75f571e,PIN0000000003S,LC81113_IND001,Lung Cancer,KRAS Lung Cancer,CI,Ongoing,Ongoing,10058467,,MDM,2024-11-25 11:04:33.000,2025-12-18 06:52:28.000,Patrice.Darzens@sanofi.com.SAML4,cloudadmin@sanofi.com.doCDGC.prod,,ACTIVE
61457,674459c1c15b061bf75f571f,PIN0000000003T,LC81113_SERIE_OLD,,Discovery - stopped,CI,Stopped,Stopped inactive,,,MDM,2024-11-25 11:04:33.000,2025-04-12 05:51:01.000,Patrice.Darzens@sanofi.com.SAML4,cloudadmin@sanofi.com.doCDGC.prod,,ACTIVE
61458,674459c1c15b061bf75f5720,PIN0000000003U,LC81135_SERIE_BIO_DISCO,,Discovery,CO,Completed,Completed inactive,10034872,,MDM,2024-11-25 11:04:33.000,2025-04-12 05:50:49.000,Patrice.Darzens@sanofi.com.SAML4,cloudadmin@sanofi.com.doCDGC.prod,,ACTIVE
61459,674459c1c15b061bf75f5723,PIN0000000003X,LC81159_IND002,Asthma,Asthma,CF,Completed,Completed inactive,10003553,,MDM,2024-11-25 11:04:33.000,2025-04-12 05:50:24.000,Patrice.Darzens@sanofi.com.SAML4,cloudadmin@sanofi.com.doCDGC.prod,,ACTIVE
61460,674459c1c15b061bf75f5726,PIN00000000040,LC81168_IND001,,Discovery,CI,Stopped,Stopped inactive,10065252,,MDM,2024-11-25 11:04:33.000,2025-05-05 05:53:39.000,Patrice.Darzens@sanofi.com.SAML4,cloudadmin@sanofi.com.doCDGC.prod,,ACTIVE
61461,674459c1c15b061bf75f5729,PIN00000000043,LC81178_IND001,,Discovery,CO,Stopped,Stopped inactive,10064060,,MDM,2024-11-25 11:04:33.000,2025-04-12 05:50:49.000,Patrice.Darzens@sanofi.com.SAML4,cloudadmin@sanofi.com.doCDGC.prod,,ACTIVE
61462,674459c1c15b061bf75f572a,PIN00000000044,LC81182_SERIE_SMALL_MOL_DISCO,,Discovery,CF,Stopped,Stopped inactive,10042945,,MDM,2024-11-25 11:04:33.000,2025-06-04 05:50:38.000,Patrice.Darzens@sanofi.com.SAML4,cloudadmin@sanofi.com.doCDGC.prod,,ACTIVE
61463,674459c2c15b061bf75f588e,PIN00000000046,LC81188_IND002,COPD,Chronic Obstructive Pulmonary Disease,CF,Completed,Completed inactive,10009033,,MDM,2024-11-25 11:04:34.000,2025-08-21 05:52:48.000,Patrice.Darzens@sanofi.com.SAML4,cloudadmin@sanofi.com.doCDGC.prod,,ACTIVE
61464,674459c2c15b061bf75f5890,PIN00000000048,LC81188_IND004,SSc-ILD,Systemic sclerosis-associated interstitial lung disease,CF,Completed,Completed inactive,10022611,,MDM,2024-11-25 11:04:34.000,2025-05-07 05:53:03.000,Patrice.Darzens@sanofi.com.SAML4,cloudadmin@sanofi.com.doCDGC.prod,,ACTIVE
61465,674459c2c15b061bf75f5892,PIN0000000004A,LC81194_IND001,,Discovery,CF,Stopped,Stopped inactive,,,MDM,2024-11-25 11:04:34.000,2025-04-12 05:50:52.000,Patrice.Darzens@sanofi.com.SAML4,cloudadmin@sanofi.com.doCDGC.prod,,ACTIVE
61466,674459c2c15b061bf75f5893,PIN0000000004B,LC81210_IND001,,Discovery,CH,Stopped,Stopped inactive,,,MDM,2024-11-25 11:04:34.000,2025-04-12 05:50:52.000,Patrice.Darzens@sanofi.com.SAML4,cloudadmin@sanofi.com.doCDGC.prod,,ACTIVE
61467,674459c2c15b061bf75f5894,PIN0000000004C,LC81211_IND002,Alzheimer - BU-FAE,Alzheimer's Disease - Backup Fab Arm Exchange,CH,Ongoing,Ongoing,10001896,,MDM,2024-11-25 11:04:34.000,2026-01-16 06:51:54.000,Patrice.Darzens@sanofi.com.SAML4,cloudadmin@sanofi.com.doCDGC.prod,,ACTIVE
61468,674459c2c15b061bf75f5895,PIN0000000004D,LC81220_IND001,,Discovery,CF,Completed,Completed inactive,10022611,,MDM,2024-11-25 11:04:34.000,2025-04-12 05:50:55.000,Patrice.Darzens@sanofi.com.SAML4,cloudadmin@sanofi.com.doCDGC.prod,,ACTIVE
61469,674459c2c15b061bf75f5896,PIN0000000004E,LC81222_IND003,HS,Hidradenitis Suppurativa,CF,Ongoing,Ongoing,10020041,,MDM,2024-11-25 11:04:34.000,2025-11-01 06:54:26.000,Patrice.Darzens@sanofi.com.SAML4,cloudadmin@sanofi.com.doCDGC.prod,,ACTIVE
61470,674459c2c15b061bf75f5897,PIN0000000004F,LC81222_IND006,SLE,Systemic Lupus Erythematosus,CF,Ongoing,Ongoing,10042945,,MDM,2024-11-25 11:04:34.000,2025-11-01 06:54:25.000,Patrice.Darzens@sanofi.com.SAML4,cloudadmin@sanofi.com.doCDGC.prod,,ACTIVE
61471,674459c2c15b061bf75f589a,PIN0000000004I,LC81237_IND003,COPD,Chronic Obstructive Pulmonary Disease,CF,Completed,Completed inactive,10009033,,MDM,2024-11-25 11:04:34.000,2025-08-21 05:52:30.000,Patrice.Darzens@sanofi.com.SAML4,cloudadmin@sanofi.com.doCDGC.prod,,ACTIVE
61472,674459c2c15b061bf75f589b,PIN0000000004J,LC81249_IND001,IBD,Inflammatory Bowel Disease,CF,Stopped,Stopped inactive,10021972,,MDM,2024-11-25 11:04:34.000,2025-12-11 06:51:38.000,Patrice.Darzens@sanofi.com.SAML4,cloudadmin@sanofi.com.doCDGC.prod,,ACTIVE
61473,674459c2c15b061bf75f589c,PIN0000000004K,LC81249_IND002,Celiac Disease,Celiac Disease,CF,Stopped,Stopped inactive,10007864,,MDM,2024-11-25 11:04:34.000,2025-04-12 05:50:24.000,Patrice.Darzens@sanofi.com.SAML4,cloudadmin@sanofi.com.doCDGC.prod,,ACTIVE
61474,674459c2c15b061bf75f58a1,PIN0000000004P,LC81256_IND001,,Discovery,CI,Stopped,Stopped inactive,10065252,,MDM,2024-11-25 11:04:34.000,2025-04-12 05:50:44.000,Patrice.Darzens@sanofi.com.SAML4,cloudadmin@sanofi.com.doCDGC.prod,,ACTIVE
61475,674459c2c15b061bf75f58a2,PIN0000000004Q,LC81258_IND001,,Discovery,CI,Stopped,Stopped inactive,,,MDM,2024-11-25 11:04:34.000,2025-04-12 05:50:24.000,Patrice.Darzens@sanofi.com.SAML4,cloudadmin@sanofi.com.doCDGC.prod,,ACTIVE
61476,674459c2c15b061bf75f58a5,PIN0000000004T,LC81272_IND001,,Discovery,CI,Stopped,Stopped inactive,10065252,,MDM,2024-11-25 11:04:34.000,2025-04-12 05:50:50.000,Patrice.Darzens@sanofi.com.SAML4,cloudadmin@sanofi.com.doCDGC.prod,,ACTIVE
61477,674459bfc15b061bf75f53d4,PIN00000000002,ALX0081_IND003,aTTP - w/o 1L PLEX – US&JP,Acquired Thrombotic Thrombocytopenic Purpura - w/o 1st-Line plasma exchange (label update) in US and JP,BI,Stopped,Stopped active,10043648,B,MDM,2024-11-25 11:04:29.000,2025-12-18 06:50:49.000,Patrice.Darzens@sanofi.com.SAML4,cloudadmin@sanofi.com.doCDGC.prod,Phase 3,ACTIVE
61478,674459bfc15b061bf75f53d5,PIN00000000003,ATSENA_SAR439483_INDIC_OTHERS,,Indication for Others file,HB,,,,,MDM,2024-11-25 11:04:29.000,2025-04-12 05:50:39.000,Patrice.Darzens@sanofi.com.SAML4,cloudadmin@sanofi.com.doCDGC.prod,,ACTIVE
61479,674459bfc15b061bf75f53d7,PIN00000000005,AVE0010-1_IND003,T2DM Basal - CN - SC,Lixilan - T2DM - Basal - SC - China,BJ,Completed,Completed inactive,10067585,A,MDM,2024-11-25 11:04:29.000,2025-04-12 05:50:44.000,Patrice.Darzens@sanofi.com.SAML4,cloudadmin@sanofi.com.doCDGC.prod,LCM,ACTIVE
61480,674459bfc15b061bf75f53d8,PIN00000000006,AVE0010-1_IND004,T2DM OAD&Basal - CN - SC,Lixilan - T2DM - OAD+Basal - SC - China,BJ,Completed,Completed inactive,10067585,A,MDM,2024-11-25 11:04:29.000,2025-04-12 05:50:47.000,Patrice.Darzens@sanofi.com.SAML4,cloudadmin@sanofi.com.doCDGC.prod,LCM,ACTIVE
61481,674459bfc15b061bf75f53da,PIN00000000008,AVE0010-1_IND007,,Lixilan - T2DM - Lixilan H Labeling Update - SC Route,BJ,Stopped,Stopped inactive,10067585,A,MDM,2024-11-25 11:04:29.000,2025-04-12 05:50:54.000,Patrice.Darzens@sanofi.com.SAML4,cloudadmin@sanofi.com.doCDGC.prod,,ACTIVE
61482,674459bfc15b061bf75f53dd,PIN0000000000B,AVE0010_IND003,,Lyxumia - T2DM - Pediatric  - SC Route,BJ,Completed,Completed inactive,10067585,A,MDM,2024-11-25 11:04:29.000,2025-04-12 05:50:28.000,Patrice.Darzens@sanofi.com.SAML4,cloudadmin@sanofi.com.doCDGC.prod,LCM,ACTIVE
61483,674459bfc15b061bf75f53e0,PIN0000000000E,AVE0010_IND010,,Lyxumia - T2DM - any OAD - Japan,BJ,Completed,Completed inactive,10067585,A,MDM,2024-11-25 11:04:29.000,2025-04-12 05:50:26.000,Patrice.Darzens@sanofi.com.SAML4,cloudadmin@sanofi.com.doCDGC.prod,LCM,ACTIVE
61484,674459bfc15b061bf75f53e1,PIN0000000000F,AVE0010_IND013,,Lyxumia - T2DM - Add-on to basal study - EU Type 2 Variation,BJ,Completed,Completed inactive,10067585,A,MDM,2024-11-25 11:04:29.000,2025-04-12 05:51:06.000,Patrice.Darzens@sanofi.com.SAML4,cloudadmin@sanofi.com.doCDGC.prod,LCM,ACTIVE
61485,674459bfc15b061bf75f53e5,PIN0000000000J,BIVV009_IND002,ITP,Immune Thrombocytopenic Purpura,BI,Stopped,Stopped inactive,10074667,B,MDM,2024-11-25 11:04:29.000,2025-04-12 05:51:08.000,Patrice.Darzens@sanofi.com.SAML4,cloudadmin@sanofi.com.doCDGC.prod,,ACTIVE
61486,674459d1c15b061bf75f84ce,PIN0000000017I,SAR447537_IND001,AATD,Alpha1- antitrypsin deficiency,BH,Ongoing,Ongoing,10083869,A,MDM,2024-11-25 11:04:49.000,2026-01-07 06:54:53.000,Patrice.Darzens@sanofi.com.SAML4,cloudadmin@sanofi.com.doCDGC.prod,Phase 2,ACTIVE
61487,674459d1c15b061bf75f84cf,PIN0000000017J,SAR447610_IND001,Alzheimer,Alzheimer's disease,BF,Ongoing,Ongoing,10001896,N,MDM,2024-11-25 11:04:49.000,2026-01-07 06:54:36.000,Patrice.Darzens@sanofi.com.SAML4,cloudadmin@sanofi.com.doCDGC.prod,Preclinical,ACTIVE
61488,674459d1c15b061bf75f84d3,PIN0000000017N,SAR650984_IND003,MM mono Japan,Multiple Myeloma - Mono - Japan,BG,Completed,Completed inactive,10028228,L,MDM,2024-11-25 11:04:49.000,2025-04-12 05:51:11.000,Patrice.Darzens@sanofi.com.SAML4,cloudadmin@sanofi.com.doCDGC.prod,LCM,ACTIVE
61489,674459d1c15b061bf75f84d4,PIN0000000017O,SAR650984_IND004,1L NDMM Ti w/VRd,1L NDMM - Ti - Combo Bortezomib-Lenalidomide,BG,Completed,Completed active,10028228,L,MDM,2024-11-25 11:04:49.000,2025-08-09 05:53:12.000,Patrice.Darzens@sanofi.com.SAML4,cloudadmin@sanofi.com.doCDGC.prod,LCM,ACTIVE
61490,674459d1c15b061bf75f84d6,PIN0000000017Q,SAR650984_IND008,RRMM w/Evorpacept,RRMM - Combo Evorpacept,BG,Not Validated,Not Validated,10028228,L,MDM,2024-11-25 11:04:49.000,2025-04-12 05:50:59.000,Patrice.Darzens@sanofi.com.SAML4,cloudadmin@sanofi.com.doCDGC.prod,Initiation,ACTIVE
61491,674459d1c15b061bf75f84dc,PIN0000000017W,SAR650984_IND020,2L RRMM w/VRd APAC,2L RRMM - Combo Lenalidomide - Asia Pacific,BG,Not Validated,Not Validated,10028228,L,MDM,2024-11-25 11:04:49.000,2025-04-12 05:51:09.000,Patrice.Darzens@sanofi.com.SAML4,cloudadmin@sanofi.com.doCDGC.prod,,ACTIVE
61492,674459d1c15b061bf75f84de,PIN0000000017Y,SAR650984_IND025,2L Leukemia,2L Leukemia,BG,Stopped,Stopped inactive,10024325,L,MDM,2024-11-25 11:04:49.000,2025-04-12 05:51:04.000,Patrice.Darzens@sanofi.com.SAML4,cloudadmin@sanofi.com.doCDGC.prod,,ACTIVE
61493,674459d1c15b061bf75f84df,PIN0000000017Z,SAR650984_IND026,Solid Tumors w/Atezo,Solid Tumors - Combo Atezolizumab,BG,Stopped,Stopped inactive,10065252,L,MDM,2024-11-25 11:04:49.000,2025-04-12 05:50:50.000,Patrice.Darzens@sanofi.com.SAML4,cloudadmin@sanofi.com.doCDGC.prod,,ACTIVE
61494,674459d1c15b061bf75f84e1,PIN00000000181,SAR650984_IND029,Lymphoma w/Cemip,Lymphomas - Combo Cemiplimab,BG,Stopped,Stopped inactive,10024325,L,MDM,2024-11-25 11:04:49.000,2025-04-12 05:50:33.000,Patrice.Darzens@sanofi.com.SAML4,cloudadmin@sanofi.com.doCDGC.prod,,ACTIVE
61495,674459d1c15b061bf75f84e4,PIN00000000184,SAR650984_IND033,1L NDMM w/Linvoseltamab,1L NDMM - Combo Linvoseltamab,BG,Ongoing,Ongoing,10028228,L,MDM,2024-11-25 11:04:49.000,2026-01-24 06:49:54.000,Patrice.Darzens@sanofi.com.SAML4,cloudadmin@sanofi.com.doCDGC.prod,Initiation,ACTIVE
61496,674459d1c15b061bf75f84e6,PIN00000000186,SEC00041_IND001,,Advanced Hematologic Malignancies - Combo REGN anti-BCMA,HB,,,,,MDM,2024-11-25 11:04:49.000,2025-04-12 05:50:21.000,Patrice.Darzens@sanofi.com.SAML4,cloudadmin@sanofi.com.doCDGC.prod,,ACTIVE
61497,674459d1c15b061bf75f84e7,PIN00000000187,SEC00042_INDIC_OTHERS,,Advanced Hematologic Malignancies - Combo TTI-622,HB,,,,,MDM,2024-11-25 11:04:49.000,2025-04-12 05:50:26.000,Patrice.Darzens@sanofi.com.SAML4,cloudadmin@sanofi.com.doCDGC.prod,,ACTIVE
61498,674459d1c15b061bf75f84e8,PIN00000000188,SEC00061_IND001,,Celiac disease,HB,,,10007864,A,MDM,2024-11-25 11:04:49.000,2025-10-09 05:51:08.000,Patrice.Darzens@sanofi.com.SAML4,cloudadmin@sanofi.com.doCDGC.prod,,ACTIVE
61499,674459d1c15b061bf75f84ea,PIN0000000018A,SERIE_SMALL_MOL_DISCO_DH,,Serie for small molecule Disco,C,Ongoing,Ongoing,,,MDM,2024-11-25 11:04:49.000,2026-01-23 06:51:25.000,Patrice.Darzens@sanofi.com.SAML4,cloudadmin@sanofi.com.doCDGC.prod,,ACTIVE
61500,674459d1c15b061bf75f84ec,PIN0000000018C,SIC00041_INDIC_OTHERS,,Indication for Others file,HB,,,,,MDM,2024-11-25 11:04:49.000,2025-04-12 05:50:39.000,Patrice.Darzens@sanofi.com.SAML4,cloudadmin@sanofi.com.doCDGC.prod,,ACTIVE
61501,674459d1c15b061bf75f84ee,PIN0000000018E,SIC00061_IND050,,Migraine,HB,,,10033371,V,MDM,2024-11-25 11:04:49.000,2025-07-03 05:51:20.000,Patrice.Darzens@sanofi.com.SAML4,cloudadmin@sanofi.com.doCDGC.prod,,ACTIVE
61502,674459d1c15b061bf75f84ef,PIN0000000018F,SIC00081_INDIC_OTHERS,,Indication for Others file,HB,,,10033371,V,MDM,2024-11-25 11:04:49.000,2025-08-21 05:52:39.000,Patrice.Darzens@sanofi.com.SAML4,cloudadmin@sanofi.com.doCDGC.prod,,ACTIVE
61503,674459d1c15b061bf75f8652,PIN0000000018G,SIC00141_INDIC_OTHERS,,Cardiac disorders,HB,,,10061024,C,MDM,2024-11-25 11:04:49.000,2025-05-29 06:09:31.000,Patrice.Darzens@sanofi.com.SAML4,cloudadmin@sanofi.com.doCDGC.prod,,ACTIVE
61504,674459d1c15b061bf75f8655,PIN0000000018J,SIC00201_INDIC_OTHERS,,Indication for Others file,HB,,,,,MDM,2024-11-25 11:04:49.000,2025-04-12 05:50:51.000,Patrice.Darzens@sanofi.com.SAML4,cloudadmin@sanofi.com.doCDGC.prod,,ACTIVE
61505,674459d1c15b061bf75f8657,PIN0000000018L,SIC00241_INDIC_OTHERS,,Indication for Others file,HB,,,,,MDM,2024-11-25 11:04:49.000,2025-04-12 05:50:44.000,Patrice.Darzens@sanofi.com.SAML4,cloudadmin@sanofi.com.doCDGC.prod,,ACTIVE
61506,674459d1c15b061bf75f8658,PIN0000000018M,SIC00263_INDIC_OTHERS,,Cardiac disorder,HB,,,10061024,C,MDM,2024-11-25 11:04:49.000,2025-04-12 05:50:17.000,Patrice.Darzens@sanofi.com.SAML4,cloudadmin@sanofi.com.doCDGC.prod,,ACTIVE
61507,674459d1c15b061bf75f8659,PIN0000000018N,SIC00281_INDIC_OTHERS,,Analgesia,HB,,,10002182,UKN,MDM,2024-11-25 11:04:49.000,2025-08-21 05:52:39.000,Patrice.Darzens@sanofi.com.SAML4,cloudadmin@sanofi.com.doCDGC.prod,,ACTIVE
61508,674459d1c15b061bf75f865e,PIN0000000018S,SIC00324_IND001,,Depressive disorder,HB,,,10012378,N,MDM,2024-11-25 11:04:49.000,2025-04-12 05:51:11.000,Patrice.Darzens@sanofi.com.SAML4,cloudadmin@sanofi.com.doCDGC.prod,,ACTIVE
61509,674459d1c15b061bf75f8663,PIN0000000018X,SIC00362_IND001,,Dermatitis,HB,,,10012438,D,MDM,2024-11-25 11:04:49.000,2025-04-12 05:50:52.000,Patrice.Darzens@sanofi.com.SAML4,cloudadmin@sanofi.com.doCDGC.prod,,ACTIVE
61510,674459d1c15b061bf75f8664,PIN0000000018Y,SIC00382_IND001,,Indication for Others file,HB,,,10012438,D,MDM,2024-11-25 11:04:49.000,2025-04-12 05:50:21.000,Patrice.Darzens@sanofi.com.SAML4,cloudadmin@sanofi.com.doCDGC.prod,,ACTIVE
61511,674459d1c15b061bf75f8665,PIN0000000018Z,SIC00384_IND001,,Indication for Others file,HB,,,10012438,D,MDM,2024-11-25 11:04:49.000,2026-01-22 06:50:47.000,Patrice.Darzens@sanofi.com.SAML4,cloudadmin@sanofi.com.doCDGC.prod,,ACTIVE
61512,674459d1c15b061bf75f8666,PIN00000000190,SIC00462_IND001,,Gastrointestinal Disorders (GASD),HB,,,,,MDM,2024-11-25 11:04:49.000,2025-12-18 06:50:32.000,Patrice.Darzens@sanofi.com.SAML4,cloudadmin@sanofi.com.doCDGC.prod,,ACTIVE
61513,674459d1c15b061bf75f8668,PIN00000000192,SIC00465_IND001,,GASD - Gastrointestinal disorders,HB,,,,,MDM,2024-11-25 11:04:49.000,2025-09-24 05:52:36.000,Patrice.Darzens@sanofi.com.SAML4,cloudadmin@sanofi.com.doCDGC.prod,,ACTIVE
61514,674459d1c15b061bf75f8669,PIN00000000193,SP0047_IND001,1Y+ 2Y+ - PFS,Wave 1 - PFS - MenQuadfi,,Stopped,Stopped active,10004049,VACC,MDM,2024-11-25 11:04:49.000,2026-01-17 06:51:19.000,Patrice.Darzens@sanofi.com.SAML4,cloudadmin@sanofi.com.doCDGC.prod,Post-Launch,ACTIVE
61515,674459d1c15b061bf75f866b,PIN00000000195,SP0128-IND001,,Common activities - Staph aureus,,Stopped,Stopped active,10021430,VACC,MDM,2024-11-25 11:04:49.000,2025-04-19 05:53:29.000,Patrice.Darzens@sanofi.com.SAML4,cloudadmin@sanofi.com.doCDGC.prod,M0-M2,ACTIVE
61516,674459d1c15b061bf75f866c,PIN00000000196,SP0148_IND001,,Indication for New Vaccine Indication Template,,Stopped,Stopped active,10021430,VACC,MDM,2024-11-25 11:04:49.000,2025-04-15 05:51:45.000,Patrice.Darzens@sanofi.com.SAML4,cloudadmin@sanofi.com.doCDGC.prod,,ACTIVE
61517,674459d1c15b061bf75f866d,PIN00000000197,SP0169_IND001,,Indication for New Vaccine Indication Template,,Stopped,Stopped active,10021430,VACC,MDM,2024-11-25 11:04:49.000,2026-01-22 06:50:08.000,Patrice.Darzens@sanofi.com.SAML4,cloudadmin@sanofi.com.doCDGC.prod,,ACTIVE
61518,674459d1c15b061bf75f866f,PIN00000000199,SP0171_IND002,6-35m,6-35m,,Completed,Completed inactive,10021430,VACC,MDM,2024-11-25 11:04:49.000,2025-04-15 05:51:48.000,Patrice.Darzens@sanofi.com.SAML4,cloudadmin@sanofi.com.doCDGC.prod,,ACTIVE
61519,674459d1c15b061bf75f8670,PIN0000000019A,SP0173_IND001,,STOPPED Indication for New Vaccine Indication Template,,Stopped,Stopped active,10021430,VACC,MDM,2024-11-25 11:04:49.000,2025-12-06 06:52:46.000,Patrice.Darzens@sanofi.com.SAML4,cloudadmin@sanofi.com.doCDGC.prod,,ACTIVE
61520,674459d1c15b061bf75f8673,PIN0000000019D,SP0178_IND004,CN,China - Flu QIV HD-On Hold,,Stopped,Stopped active,10022000,VACC,MDM,2024-11-25 11:04:49.000,2026-01-24 06:51:05.000,Patrice.Darzens@sanofi.com.SAML4,cloudadmin@sanofi.com.doCDGC.prod,,ACTIVE
61521,674459d1c15b061bf75f8674,PIN0000000019E,SP0178_IND007,Flu - 50y+ - TIV,Flu - 50 years + - TIV,,Ongoing,Ongoing,10022000,VACC,MDM,2024-11-25 11:04:49.000,2026-01-24 06:51:28.000,Patrice.Darzens@sanofi.com.SAML4,cloudadmin@sanofi.com.doCDGC.prod,Phase 3,ACTIVE
61522,674459d1c15b061bf75f8675,PIN0000000019F,SP0202_IND002,PCV - Adult,STOPPED Pneumococcal conjugate vaccine (21v) - Adults,,Stopped,Stopped active,10092606,VACC,MDM,2024-11-25 11:04:49.000,2025-12-06 06:52:41.000,Patrice.Darzens@sanofi.com.SAML4,cloudadmin@sanofi.com.doCDGC.prod,Phase 2,ACTIVE
61523,674459d1c15b061bf75f8678,PIN0000000019I,SP0202_IND005,S. pneumoniae disease - Ped - CN,Streptococcus pneumoniae disease - Pediatric - China,,Ongoing,Ongoing,10092606,VACC,MDM,2024-11-25 11:04:49.000,2025-12-19 06:51:55.000,Patrice.Darzens@sanofi.com.SAML4,cloudadmin@sanofi.com.doCDGC.prod,Initiation,ACTIVE
61524,674459d1c15b061bf75f867c,PIN0000000019M,SP0225_IND001,,Indication for New Vaccine Indication Template,,Stopped,Stopped active,10021430,VACC,MDM,2024-11-25 11:04:49.000,2025-04-12 05:50:30.000,Patrice.Darzens@sanofi.com.SAML4,cloudadmin@sanofi.com.doCDGC.prod,,ACTIVE
61525,674459d1c15b061bf75f867d,PIN0000000019N,SP0230_IND003,Meningitis B Inf-Tod,MenB-Infants&Toddler,,Stopped,Stopped inactive,10004049,VACC,MDM,2024-11-25 11:04:49.000,2026-01-15 08:25:17.000,Patrice.Darzens@sanofi.com.SAML4,cloudadmin@sanofi.com.doCDGC.prod,Preclinical,ACTIVE
61526,674459d1c15b061bf75f867e,PIN0000000019O,SP0230_IND004,Meningococcal (ACWY+B) disease - Ado & Ped,Meningococcal (ACWY+B) disease - Adolescent & Pediatric,,Ongoing,Ongoing,10004049,VACC,MDM,2024-11-25 11:04:49.000,2026-01-20 06:52:42.000,Patrice.Darzens@sanofi.com.SAML4,cloudadmin@sanofi.com.doCDGC.prod,Phase 2A,ACTIVE
61527,674459d1c15b061bf75f867f,PIN0000000019P,SP0232_IND003,RSV - CN,Nirsevimab China (RSV mAb),,Completed,Completed active,10021430,VACC,MDM,2024-11-25 11:04:49.000,2026-01-23 06:51:20.000,Patrice.Darzens@sanofi.com.SAML4,cloudadmin@sanofi.com.doCDGC.prod,Post-Launch,ACTIVE
61528,674459d2c15b061bf75f87e6,PIN0000000019U,SP0236_IND005,Flu H5 - Pand,Flu H5 - Pandemic,,Ongoing,Ongoing,10022000,VACC,MDM,2024-11-25 11:04:50.000,2026-01-08 07:10:15.000,Patrice.Darzens@sanofi.com.SAML4,cloudadmin@sanofi.com.doCDGC.prod,Preclinical,ACTIVE
61529,674459d2c15b061bf75f87e9,PIN0000000019X,SP0241_IND001,,Common activities - Proximus,,Not Validated,Not Validated,10021430,VACC,MDM,2024-11-25 11:04:50.000,2026-01-24 06:51:41.000,Patrice.Darzens@sanofi.com.SAML4,cloudadmin@sanofi.com.doCDGC.prod,,ACTIVE
61530,674459d2c15b061bf75f87ea,PIN0000000019Y,SP0242_IND001,,Common activities - Tetanus Convergence,,Completed,Completed inactive,10043376,VACC,MDM,2024-11-25 11:04:50.000,2025-05-10 05:57:39.000,Patrice.Darzens@sanofi.com.SAML4,cloudadmin@sanofi.com.doCDGC.prod,,ACTIVE
61531,674459d2c15b061bf75f87f0,PIN000000001A4,SP0255_IND001,,Common activities - COVID-19 CN,,Stopped,Stopped active,10021430,VACC,MDM,2024-11-25 11:04:50.000,2025-04-15 05:51:53.000,Patrice.Darzens@sanofi.com.SAML4,cloudadmin@sanofi.com.doCDGC.prod,,ACTIVE
61532,674459d2c15b061bf75f87f1,PIN000000001A5,SP0256_IND001,RSV+hMPV disease - oa,RSV+hMPV disease - older adults,,Ongoing,Ongoing,10061603,VACC,MDM,2024-11-25 11:04:50.000,2026-01-22 06:50:24.000,Patrice.Darzens@sanofi.com.SAML4,cloudadmin@sanofi.com.doCDGC.prod,Phase 2A,ACTIVE
61533,674459d2c15b061bf75f87f3,PIN000000001A7,SP0271_IND001,S. pneumoniae disease - Ped,Streptococcus pneumoniae disease - Pediatric,,Ongoing,Ongoing,10092606,VACC,MDM,2024-11-25 11:04:50.000,2026-01-24 06:50:57.000,Patrice.Darzens@sanofi.com.SAML4,cloudadmin@sanofi.com.doCDGC.prod,Preclinical,ACTIVE
61534,674459d2c15b061bf75f87f5,PIN000000001A9,SP0274_IND001,,Common Activities - RSV older adult mRNA (RSVoa),,Stopped,Stopped inactive,10021430,VACC,MDM,2024-11-25 11:04:50.000,2025-05-07 05:53:20.000,Patrice.Darzens@sanofi.com.SAML4,cloudadmin@sanofi.com.doCDGC.prod,Termination,ACTIVE
61535,674459d2c15b061bf75f87f8,PIN000000001AC,SP0277_IND002,,New Target M0 - 2023 mRNA 2,,Not Validated,Not Validated,10021430,VACC,MDM,2024-11-25 11:04:50.000,2025-04-12 05:50:44.000,Patrice.Darzens@sanofi.com.SAML4,cloudadmin@sanofi.com.doCDGC.prod,,ACTIVE
61536,674459d2c15b061bf75f87fa,PIN000000001AE,SP0277_IND011,2026 M0 mRNA 2,New Target M0 - 2026 mRNA 2,,To be Validated,To be Validated,10021430,VACC,MDM,2024-11-25 11:04:50.000,2026-01-24 06:50:27.000,Patrice.Darzens@sanofi.com.SAML4,cloudadmin@sanofi.com.doCDGC.prod,Pre-M0,ACTIVE
61537,674459d2c15b061bf75f87fc,PIN000000001AG,SP0277_IND013,2028 M0 mRNA,New Target M0 - 2028 mRNA,,To be Validated,To be Validated,10021430,VACC,MDM,2024-11-25 11:04:50.000,2026-01-24 06:51:34.000,Patrice.Darzens@sanofi.com.SAML4,cloudadmin@sanofi.com.doCDGC.prod,Pre-M0,ACTIVE
61538,674459d2c15b061bf75f87fe,PIN000000001AI,SP0282_IND002,E. Coli - 2nd Gen,Cancelled - Transferred to SP0290,,Stopped,Stopped active,10021430,VACC,MDM,2024-11-25 11:04:50.000,2026-01-10 06:51:42.000,Patrice.Darzens@sanofi.com.SAML4,cloudadmin@sanofi.com.doCDGC.prod,M0-M2,ACTIVE
61539,674459d2c15b061bf75f8800,PIN000000001AK,SP0285_IND001,S. pneumoniae disease - Adult,Streptococcus pneumoniae disease - Adult,,Ongoing,Ongoing,10092606,VACC,MDM,2024-11-25 11:04:50.000,2026-01-23 06:50:52.000,Patrice.Darzens@sanofi.com.SAML4,cloudadmin@sanofi.com.doCDGC.prod,M0-M2,ACTIVE
61540,674459d2c15b061bf75f8801,PIN000000001AL,SP0289_IND001,Flu H5 - Pand,Flu H5 - Pandemic,,Ongoing,Ongoing,10022000,VACC,MDM,2024-11-25 11:04:50.000,2026-01-21 06:50:33.000,Patrice.Darzens@sanofi.com.SAML4,cloudadmin@sanofi.com.doCDGC.prod,Phase 2,ACTIVE
61541,674459d2c15b061bf75f8802,PIN000000001AM,SP0291_IND001,RSV+hMPV+PIV3 disease - oa,RSV+hMPV+PIV3 disease - older adults,,Ongoing,Ongoing,10061603,VACC,MDM,2024-11-25 11:04:50.000,2026-01-22 06:50:41.000,Patrice.Darzens@sanofi.com.SAML4,cloudadmin@sanofi.com.doCDGC.prod,Phase 1,ACTIVE
61542,674459d2c15b061bf75f8804,PIN000000001AO,SPA_RD_MAR10148_INDIC_OTHERS,,Indication for Others file,HB,,,,,MDM,2024-11-25 11:04:50.000,2025-04-12 05:50:54.000,Patrice.Darzens@sanofi.com.SAML4,cloudadmin@sanofi.com.doCDGC.prod,,ACTIVE
61543,674459d2c15b061bf75f8805,PIN000000001AP,SPA_RD_OTHER_D_INDIC_OTHERS,,Pasteur support,HB,,,10021430,VACC,MDM,2024-11-25 11:04:50.000,2025-11-21 06:54:27.000,Patrice.Darzens@sanofi.com.SAML4,cloudadmin@sanofi.com.doCDGC.prod,,ACTIVE
61544,674459d2c15b061bf75f8806,PIN000000001AQ,SPA_RD_OTHER_R_INDIC_OTHERS,,SPA_RD_OTHER_R,HB,,,,,MDM,2024-11-25 11:04:50.000,2025-04-12 05:50:30.000,Patrice.Darzens@sanofi.com.SAML4,cloudadmin@sanofi.com.doCDGC.prod,,ACTIVE
61545,674459d2c15b061bf75f880d,PIN000000001AX,SPA_RD_SP0125_IND050,,Vaccines,HB,,,10021430,VACC,MDM,2024-11-25 11:04:50.000,2025-04-25 05:52:53.000,Patrice.Darzens@sanofi.com.SAML4,cloudadmin@sanofi.com.doCDGC.prod,,ACTIVE
61546,674459d2c15b061bf75f880e,PIN000000001AY,SPA_RD_SP0125_INDIC_OTHERS,,Indication for Others file,HB,,,10021430,VACC,MDM,2024-11-25 11:04:50.000,2025-04-12 05:50:40.000,Patrice.Darzens@sanofi.com.SAML4,cloudadmin@sanofi.com.doCDGC.prod,,ACTIVE
61547,674459d2c15b061bf75f8810,PIN000000001B0,SPA_RD_SP0202_IND050,,Vaccines,HB,,,10021430,VACC,MDM,2024-11-25 11:04:50.000,2025-04-25 05:52:43.000,Patrice.Darzens@sanofi.com.SAML4,cloudadmin@sanofi.com.doCDGC.prod,,ACTIVE
61548,674459d2c15b061bf75f8811,PIN000000001B1,SPA_RD_SP0218_INDIC_OTHERS,,Indication for Others file,HB,,,10021430,VACC,MDM,2024-11-25 11:04:50.000,2025-04-12 05:50:43.000,Patrice.Darzens@sanofi.com.SAML4,cloudadmin@sanofi.com.doCDGC.prod,,ACTIVE
61549,674459d2c15b061bf75f8814,PIN000000001B4,SPA_RD_SP0233_INDIC_OTHERS,,Indication for Others file,HB,,,10021430,VACC,MDM,2024-11-25 11:04:50.000,2025-04-12 05:50:57.000,Patrice.Darzens@sanofi.com.SAML4,cloudadmin@sanofi.com.doCDGC.prod,,ACTIVE
61550,674459d2c15b061bf75f8952,PIN000000001BA,SPA_RD_SP0252_IND001,,Indication for Others file,HB,,,,,MDM,2024-11-25 11:04:50.000,2025-04-25 05:52:38.000,Patrice.Darzens@sanofi.com.SAML4,cloudadmin@sanofi.com.doCDGC.prod,,ACTIVE
61551,674459d2c15b061bf75f8954,PIN000000001BC,SPA_RD_SP0255_IND050,,Vaccines,HB,Completed,Completed inactive,10021430,VACC,MDM,2024-11-25 11:04:50.000,2025-04-12 05:51:11.000,Patrice.Darzens@sanofi.com.SAML4,cloudadmin@sanofi.com.doCDGC.prod,,ACTIVE
61552,674459d2c15b061bf75f8959,PIN000000001BH,SPA_RD_SP0285_IND001,,Indication for Others file,HB,,,,,MDM,2024-11-25 11:04:50.000,2025-04-25 05:52:26.000,Patrice.Darzens@sanofi.com.SAML4,cloudadmin@sanofi.com.doCDGC.prod,,ACTIVE
61553,674459d2c15b061bf75f895a,PIN000000001BI,SPA_RD_SP0288_IND001,,Indication for Others file,HB,,,,,MDM,2024-11-25 11:04:50.000,2025-04-25 05:52:23.000,Patrice.Darzens@sanofi.com.SAML4,cloudadmin@sanofi.com.doCDGC.prod,,ACTIVE
61554,674459d2c15b061bf75f895c,PIN000000001BK,SPA_RD_SP0290_IND001,,Indication for Others file,HB,,,,,MDM,2024-11-25 11:04:50.000,2025-04-25 05:52:56.000,Patrice.Darzens@sanofi.com.SAML4,cloudadmin@sanofi.com.doCDGC.prod,,ACTIVE
61555,674459d2c15b061bf75f895e,PIN000000001BM,TECH17004_IND005,,Platform Evolution Studies,,,,10021430,VACC,MDM,2024-11-25 11:04:50.000,2026-01-20 06:55:03.000,Patrice.Darzens@sanofi.com.SAML4,cloudadmin@sanofi.com.doCDGC.prod,,ACTIVE
61556,674459d2c15b061bf75f895f,PIN000000001BN,TECH17004_IND008,,Placeholder Platform Evolution Studies,,,,10021430,VACC,MDM,2024-11-25 11:04:50.000,2026-01-07 06:54:24.000,Patrice.Darzens@sanofi.com.SAML4,cloudadmin@sanofi.com.doCDGC.prod,,ACTIVE
61557,674459d2c15b061bf75f8960,PIN000000001BO,XC01124_SERIE_BIO_DISCO,,Discovery,CI,Completed,Completed inactive,,,MDM,2024-11-25 11:04:50.000,2025-04-12 05:50:21.000,Patrice.Darzens@sanofi.com.SAML4,cloudadmin@sanofi.com.doCDGC.prod,,ACTIVE
61558,674459d2c15b061bf75f8961,PIN000000001BP,XC01136_SERIE_BIO_DISCO,,Discovery,CF,Completed,Completed inactive,,,MDM,2024-11-25 11:04:50.000,2025-04-12 05:51:03.000,Patrice.Darzens@sanofi.com.SAML4,cloudadmin@sanofi.com.doCDGC.prod,,ACTIVE
61559,674459d2c15b061bf75f8962,PIN000000001BQ,XC01149_SERIE_BIO_ONCO_DISCO,,Discovery-PO onco,CI,Stopped,Stopped inactive,,,MDM,2024-11-25 11:04:50.000,2025-04-12 05:50:42.000,Patrice.Darzens@sanofi.com.SAML4,cloudadmin@sanofi.com.doCDGC.prod,,ACTIVE
61560,674459d2c15b061bf75f8963,PIN000000001BR,XC01152_IND001,,Discovery,CI,Completed,Completed inactive,10028228,,MDM,2024-11-25 11:04:50.000,2025-04-12 05:50:49.000,Patrice.Darzens@sanofi.com.SAML4,cloudadmin@sanofi.com.doCDGC.prod,,ACTIVE
61561,674459d2c15b061bf75f8964,PIN000000001BS,XC01155_IND001,,Discovery,CI,Stopped,Stopped inactive,,,MDM,2024-11-25 11:04:50.000,2025-04-12 05:50:35.000,Patrice.Darzens@sanofi.com.SAML4,cloudadmin@sanofi.com.doCDGC.prod,,ACTIVE
61562,674459d2c15b061bf75f8965,PIN000000001BT,XC01156_IND002,HS,Hidradenitis Suppurativa,CF,Completed,Completed inactive,10020041,,MDM,2024-11-25 11:04:50.000,2025-04-12 05:51:03.000,Patrice.Darzens@sanofi.com.SAML4,cloudadmin@sanofi.com.doCDGC.prod,,ACTIVE
61563,674459d2c15b061bf75f8967,PIN000000001BV,XC01157_IND002,KRAS-mutated NSCLC,KRAS-mutated NSCLC,CI,Ongoing,Ongoing,10061873,,MDM,2024-11-25 11:04:50.000,2025-12-03 08:28:33.000,Patrice.Darzens@sanofi.com.SAML4,cloudadmin@sanofi.com.doCDGC.prod,,ACTIVE
61564,674459d2c15b061bf75f896c,PIN000000001C0,XC01159_IND002,Psoriasis,Psoriasis,CF,Completed,Completed inactive,10037153,,MDM,2024-11-25 11:04:50.000,2025-11-26 08:37:59.000,Patrice.Darzens@sanofi.com.SAML4,cloudadmin@sanofi.com.doCDGC.prod,,ACTIVE
61565,674459d2c15b061bf75f896f,PIN000000001C3,XRP6976_IND003,,Adjuvant Breast Cancer,BG,Completed,Completed inactive,10006187,L,MDM,2024-11-25 11:04:50.000,2025-04-12 05:50:49.000,Patrice.Darzens@sanofi.com.SAML4,cloudadmin@sanofi.com.doCDGC.prod,LCM,ACTIVE
61566,674459d2c15b061bf75f8970,PIN000000001C4,XRP6976_IND004,,Nasopharyngeal Carcinoma,BG,Completed,Completed inactive,10061306,L,MDM,2024-11-25 11:04:50.000,2025-04-12 05:50:54.000,Patrice.Darzens@sanofi.com.SAML4,cloudadmin@sanofi.com.doCDGC.prod,LCM,ACTIVE
61567,674459d2c15b061bf75f8971,PIN000000001C5,XRP6976_IND006,,"mHSPC (metastatic, hormone-sensitive prostate cancer) in combination with ADT in EMESA countries (publications based)",BG,Stopped,Stopped inactive,10060862,L,MDM,2024-11-25 11:04:50.000,2025-04-12 05:50:35.000,Patrice.Darzens@sanofi.com.SAML4,cloudadmin@sanofi.com.doCDGC.prod,,ACTIVE
61568,674459d2c15b061bf75f8972,PIN000000001C6,XRP6976_IND009,,One Vial - Japan,BG,Completed,Completed inactive,10065252,L,MDM,2024-11-25 11:04:50.000,2025-04-12 05:50:47.000,Patrice.Darzens@sanofi.com.SAML4,cloudadmin@sanofi.com.doCDGC.prod,LCM,ACTIVE
61569,674459d2c15b061bf75f8973,PIN000000001C7,XRP6976_IND010,,Maximum Dose Unification - Japan,BG,Completed,Completed inactive,10065252,L,MDM,2024-11-25 11:04:50.000,2025-04-12 05:51:03.000,Patrice.Darzens@sanofi.com.SAML4,cloudadmin@sanofi.com.doCDGC.prod,LCM,ACTIVE
61570,674459d1c15b061bf75f84d0,PIN0000000017K,SAR447717_IND002,FSHD - Ped,Facioscapulohumeral muscular dystrophy - Ped - 2-17yrs,BH,Not Validated,Not Validated,10064087,M,MDM,2024-11-25 11:04:49.000,2025-05-10 05:55:26.000,Patrice.Darzens@sanofi.com.SAML4,cloudadmin@sanofi.com.doCDGC.prod,Initiation,ACTIVE
61571,674459d1c15b061bf75f84d1,PIN0000000017L,SAR447754_IND001,AD,Atopic Dermatitis,BE,Ongoing,Ongoing,10012438,D,MDM,2024-11-25 11:04:49.000,2026-01-22 06:50:29.000,Patrice.Darzens@sanofi.com.SAML4,cloudadmin@sanofi.com.doCDGC.prod,Preclinical,ACTIVE
61572,674459d1c15b061bf75f84d2,PIN0000000017M,SAR447816_IND002,1L NSCLC w/PD1+CT,1L NSCLC - Combo anti PD-1 + Chemo,BG,Ongoing,Ongoing,10061873,L,MDM,2024-11-25 11:04:49.000,2026-01-24 06:50:08.000,Patrice.Darzens@sanofi.com.SAML4,cloudadmin@sanofi.com.doCDGC.prod,Phase 2,ACTIVE
61573,674459d1c15b061bf75f84d5,PIN0000000017P,SAR650984_IND007,RRMM w/SAR439459,RRMM - Combo SAR439459,BG,Not Validated,Not Validated,10028228,L,MDM,2024-11-25 11:04:49.000,2025-04-12 05:50:33.000,Patrice.Darzens@sanofi.com.SAML4,cloudadmin@sanofi.com.doCDGC.prod,Phase 1,ACTIVE
61574,674459d1c15b061bf75f84d7,PIN0000000017R,SAR650984_IND010,1-2L AML/ALL - Mono - Ped,1-2L AML/ALL T&B - Mono - Ped,BG,Stopped,Stopped inactive,10000880,L,MDM,2024-11-25 11:04:49.000,2025-08-21 05:52:38.000,Patrice.Darzens@sanofi.com.SAML4,cloudadmin@sanofi.com.doCDGC.prod,Phase 2,ACTIVE
61575,674459d1c15b061bf75f84d8,PIN0000000017S,SAR650984_IND012,,P3F2 IV Formulation Process Update,BG,Stopped,Stopped active,10028228,L,MDM,2024-11-25 11:04:49.000,2026-01-21 06:51:06.000,Patrice.Darzens@sanofi.com.SAML4,cloudadmin@sanofi.com.doCDGC.prod,Phase 1,ACTIVE
61576,674459d1c15b061bf75f84d9,PIN0000000017T,SAR650984_IND013,NDMM/RRMM – SubQ,NDMM/RRMM - SubQ,BG,Ongoing,Ongoing,10028228,L,MDM,2024-11-25 11:04:49.000,2025-11-11 06:51:00.000,Patrice.Darzens@sanofi.com.SAML4,cloudadmin@sanofi.com.doCDGC.prod,Regulatory submission,ACTIVE
61577,674459d1c15b061bf75f84da,PIN0000000017U,SAR650984_IND014,Kidney Transpl Desensit,Kidney Transplant - Desensitization Patients,BT,Stopped,Stopped inactive,10057677,L,MDM,2024-11-25 11:04:49.000,2025-04-12 05:50:44.000,Patrice.Darzens@sanofi.com.SAML4,cloudadmin@sanofi.com.doCDGC.prod,Phase 2,ACTIVE
61578,674459d1c15b061bf75f84db,PIN0000000017V,SAR650984_IND015,RRMM/NDMM w/BCMAd,RRMM/NDMM - Combo anti-BCMA,BG,Stopped,Stopped inactive,10028228,L,MDM,2024-11-25 11:04:49.000,2025-04-12 05:50:55.000,Patrice.Darzens@sanofi.com.SAML4,cloudadmin@sanofi.com.doCDGC.prod,Phase 1,ACTIVE
61579,674459d1c15b061bf75f84dd,PIN0000000017X,SAR650984_IND021,MM HR post-ASCT w/R,NDMM - High Risk Post-ASCT Maintenance - Combo Lenalidomide,BG,Stopped,Stopped inactive,10028228,L,MDM,2024-11-25 11:04:49.000,2025-09-13 05:50:53.000,Patrice.Darzens@sanofi.com.SAML4,cloudadmin@sanofi.com.doCDGC.prod,,ACTIVE
61580,674459d1c15b061bf75f84e0,PIN00000000180,SAR650984_IND027,RRMM w/Cemip,RRMM - Combo Cemiplimab,BG,Stopped,Stopped inactive,10028228,L,MDM,2024-11-25 11:04:49.000,2025-04-12 05:51:04.000,Patrice.Darzens@sanofi.com.SAML4,cloudadmin@sanofi.com.doCDGC.prod,,ACTIVE
61581,674459d1c15b061bf75f84e2,PIN00000000182,SAR650984_IND030,1L mCRC w/Atezo,1L mCRC Combo Atezo,BG,Stopped,Stopped inactive,10061451,L,MDM,2024-11-25 11:04:49.000,2025-12-16 06:50:13.000,Patrice.Darzens@sanofi.com.SAML4,cloudadmin@sanofi.com.doCDGC.prod,,ACTIVE
61582,674459d1c15b061bf75f84e3,PIN00000000183,SAR650984_IND032,1L NDMM Te w/KRd-EMN,1L NDMM - Te - Combo Bortezomib-Carfilzomib (EMN),BG,Ongoing,Ongoing,10028228,L,MDM,2024-11-25 11:04:49.000,2025-05-29 06:09:51.000,Patrice.Darzens@sanofi.com.SAML4,cloudadmin@sanofi.com.doCDGC.prod,Phase 3,ACTIVE
61583,674459d1c15b061bf75f84e5,PIN00000000185,SAR650984_IND035,1L NDMM Combo CART,1L NDMM Combo CART,BG,Not Validated,Not Validated,10028228,L,MDM,2024-11-25 11:04:49.000,2025-09-09 05:51:17.000,Patrice.Darzens@sanofi.com.SAML4,cloudadmin@sanofi.com.doCDGC.prod,Initiation,ACTIVE
61584,674459d1c15b061bf75f84e9,PIN00000000189,SERIE_BIO_DISCO_DH,,Serie for Bio Disco,C,Ongoing,Ongoing,,,MDM,2024-11-25 11:04:49.000,2026-01-23 06:50:58.000,Patrice.Darzens@sanofi.com.SAML4,cloudadmin@sanofi.com.doCDGC.prod,,ACTIVE
61585,674459d1c15b061bf75f84eb,PIN0000000018B,SIC00021_INDIC_OTHERS,,Indication for Others file,HB,Ongoing,Ongoing,,,MDM,2024-11-25 11:04:49.000,2025-04-12 05:50:47.000,Patrice.Darzens@sanofi.com.SAML4,cloudadmin@sanofi.com.doCDGC.prod,,ACTIVE
61586,674459c7c15b061bf75f63b0,PIN000000000EI,SAR231893_IND022,CRSsNP,Chronic Rhinosinusitis without Nasal Polyps - Adult,BE,Stopped,Stopped active,10084742,R,MDM,2024-11-25 11:04:38.000,2026-01-15 08:26:07.000,Patrice.Darzens@sanofi.com.SAML4,cloudadmin@sanofi.com.doCDGC.prod,Phase 3,ACTIVE
61587,674459c7c15b061bf75f63b1,PIN000000000EJ,SAR231893_IND023,AFRS,Allergic Fungal Rhinosinusitis - Adult & Ped - 6-17 years,BE,Ongoing,Ongoing,10058678,R,MDM,2024-11-25 11:04:38.000,2025-12-20 06:50:26.000,Patrice.Darzens@sanofi.com.SAML4,cloudadmin@sanofi.com.doCDGC.prod,Regulatory submission,ACTIVE
61588,674459c7c15b061bf75f63b3,PIN000000000EL,SAR231893_IND027,AD - Ped - JP,Atopic Dermatitis - Ped - 6 months-14 years - Japan,BE,Completed,Completed inactive,10012438,D,MDM,2024-11-25 11:04:38.000,2025-04-12 05:50:56.000,Patrice.Darzens@sanofi.com.SAML4,cloudadmin@sanofi.com.doCDGC.prod,LCM,ACTIVE
61589,674459c7c15b061bf75f63b5,PIN000000000EN,SAR231893_IND030,,Hand & Foot Eczema,BE,Stopped,Stopped inactive,,,MDM,2024-11-25 11:04:38.000,2025-04-12 05:51:03.000,Patrice.Darzens@sanofi.com.SAML4,cloudadmin@sanofi.com.doCDGC.prod,,ACTIVE
61590,674459c7c15b061bf75f63b6,PIN000000000EO,SAR231893_IND031,,Asthma - Adult & Adolescent Q4W regimen,BE,Stopped,Stopped inactive,10003553,R,MDM,2024-11-25 11:04:38.000,2025-04-12 05:51:11.000,Patrice.Darzens@sanofi.com.SAML4,cloudadmin@sanofi.com.doCDGC.prod,,ACTIVE
61591,674459c7c15b061bf75f63b7,PIN000000000EP,SAR231893_IND032,,Chronic Rhinosinusitis with Nasal Polyps - Ped No Go,BE,Stopped,Stopped inactive,,R,MDM,2024-11-25 11:04:38.000,2025-04-12 05:50:24.000,Patrice.Darzens@sanofi.com.SAML4,cloudadmin@sanofi.com.doCDGC.prod,,ACTIVE
61592,674459c7c15b061bf75f63b8,PIN000000000EQ,SAR231893_IND034,,Atopic Dermatitis - Adult - Maintenance Treatment,BE,Stopped,Stopped inactive,,,MDM,2024-11-25 11:04:38.000,2025-04-12 05:50:26.000,Patrice.Darzens@sanofi.com.SAML4,cloudadmin@sanofi.com.doCDGC.prod,,ACTIVE
61593,674459c7c15b061bf75f63ba,PIN000000000ES,SAR236553_IND001,LDL-C reduc - US&EU,LDL-C reduction - US+EU,BJ,Completed,Completed inactive,10020603,C,MDM,2024-11-25 11:04:38.000,2025-04-12 05:50:35.000,Patrice.Darzens@sanofi.com.SAML4,cloudadmin@sanofi.com.doCDGC.prod,LCM,ACTIVE
61594,674459c7c15b061bf75f63bb,PIN000000000ET,SAR236553_IND002,,LDL-C reduction - Japan,BJ,Completed,Completed inactive,10020603,C,MDM,2024-11-25 11:04:38.000,2025-04-12 05:51:03.000,Patrice.Darzens@sanofi.com.SAML4,cloudadmin@sanofi.com.doCDGC.prod,LCM,ACTIVE
61595,674459c7c15b061bf75f63bc,PIN000000000EU,SAR236553_IND004,LDL-C reduc - Ped 8-17y,LDL-C reduction - Ped - 8 - 17 years,BJ,Completed,Completed inactive,10020603,C,MDM,2024-11-25 11:04:38.000,2025-04-12 05:50:44.000,Patrice.Darzens@sanofi.com.SAML4,cloudadmin@sanofi.com.doCDGC.prod,LCM,ACTIVE
61596,674459c7c15b061bf75f63bd,PIN000000000EV,SAR236553_IND006,,LDL-C reduction - Q4W - Japan,BJ,Completed,Completed inactive,10020603,C,MDM,2024-11-25 11:04:38.000,2025-04-12 05:51:03.000,Patrice.Darzens@sanofi.com.SAML4,cloudadmin@sanofi.com.doCDGC.prod,LCM,ACTIVE
61597,674459c7c15b061bf75f63be,PIN000000000EW,SAR236553_IND010,,CV event reduction - China,BJ,Completed,Completed inactive,10064939,C,MDM,2024-11-25 11:04:38.000,2025-04-12 05:51:11.000,Patrice.Darzens@sanofi.com.SAML4,cloudadmin@sanofi.com.doCDGC.prod,LCM,ACTIVE
61598,674459c7c15b061bf75f63bf,PIN000000000EX,SAR236553_IND011,,LDL-C reduction - HoFH - US,BJ,Completed,Completed inactive,10020603,C,MDM,2024-11-25 11:04:38.000,2025-04-12 05:50:37.000,Patrice.Darzens@sanofi.com.SAML4,cloudadmin@sanofi.com.doCDGC.prod,LCM,ACTIVE
61599,674459c7c15b061bf75f63c0,PIN000000000EY,SAR236553_IND012,,CV Primary Prevention - 2nd CVOT- Type II variation-,BJ,Not Validated,Not Validated,10051592,,MDM,2024-11-25 11:04:38.000,2025-04-12 05:50:40.000,Patrice.Darzens@sanofi.com.SAML4,cloudadmin@sanofi.com.doCDGC.prod,,ACTIVE
61600,674459c7c15b061bf75f63c1,PIN000000000EZ,SAR236553_IND015,,Primary Prevention of cardiovascular events in enriched diabetic population,BJ,Not Validated,Not Validated,10064939,C,MDM,2024-11-25 11:04:38.000,2025-04-12 05:50:39.000,Patrice.Darzens@sanofi.com.SAML4,cloudadmin@sanofi.com.doCDGC.prod,,ACTIVE
61601,674459c7c15b061bf75f63c4,PIN000000000F2,SAR339375_IND001,Alport Syndrom,Alport syndrome,BH,Stopped,Stopped inactive,10001843,U,MDM,2024-11-25 11:04:38.000,2025-04-12 05:50:39.000,Patrice.Darzens@sanofi.com.SAML4,cloudadmin@sanofi.com.doCDGC.prod,Phase 2,ACTIVE
61602,674459c7c15b061bf75f63c6,PIN000000000F4,SAR341402_IND003,T1&T2 DM - Sol - BioS,T1 & T2 Diabetes Mellitus - Solution - BioS,BJ,Completed,Completed active,10012594,A,MDM,2024-11-25 11:04:38.000,2025-04-12 05:50:42.000,Patrice.Darzens@sanofi.com.SAML4,cloudadmin@sanofi.com.doCDGC.prod,LCM,ACTIVE
61603,674459c7c15b061bf75f63c7,PIN000000000F5,SAR341402_IND010,,T1 & T2 Diabetes Mellitus - Japan - Premix 70/30,BJ,Not Validated,Not Validated,10012594,A,MDM,2024-11-25 11:04:38.000,2025-04-12 05:51:09.000,Patrice.Darzens@sanofi.com.SAML4,cloudadmin@sanofi.com.doCDGC.prod,,ACTIVE
61604,674459c7c15b061bf75f63c8,PIN000000000F6,SAR342434_IND003,,T1 & T2 Diabetes Mellitus - Japan - Insulin Lispro Solution,BJ,Completed,Completed inactive,10012594,A,MDM,2024-11-25 11:04:38.000,2025-04-12 05:51:01.000,Patrice.Darzens@sanofi.com.SAML4,cloudadmin@sanofi.com.doCDGC.prod,LCM,ACTIVE
61605,674459c7c15b061bf75f63cb,PIN000000000F9,SAR342434_IND008,,T1 & T2 Diabetes - NPL (Neutral Protamine Lispro / Longer-acting suspension) Japan only,BJ,Not Validated,Not Validated,10012594,A,MDM,2024-11-25 11:04:38.000,2025-04-12 05:50:17.000,Patrice.Darzens@sanofi.com.SAML4,cloudadmin@sanofi.com.doCDGC.prod,,ACTIVE
61606,674459c7c15b061bf75f6530,PIN000000000FC,SAR408701_IND003,2-3L NSCLC Hi w/ramu,2-3L NSCLC - High expression - Combo ramucirumab,BG,Stopped,Stopped inactive,10061873,L,MDM,2024-11-25 11:04:39.000,2025-11-05 08:20:01.000,Patrice.Darzens@sanofi.com.SAML4,cloudadmin@sanofi.com.doCDGC.prod,Phase 2,ACTIVE
61607,674459c7c15b061bf75f6532,PIN000000000FE,SAR408701_IND009,2-3L NSCLC Mod & Hi CEA,2-3L NSCLC - Moderate expression & High circulating CEA - Mono,BG,Not Validated,Not Validated,10061873,L,MDM,2024-11-25 11:04:39.000,2025-04-12 05:50:33.000,Patrice.Darzens@sanofi.com.SAML4,cloudadmin@sanofi.com.doCDGC.prod,Phase 1,ACTIVE
61608,674459c7c15b061bf75f6533,PIN000000000FF,SAR408701_IND010,1L NSCLC Mod-Hi w/pembro,1L NSCLC - Moderate-High &  PDL1>50% - Combo pembrolizumab,BG,Not Validated,Not Validated,10061873,L,MDM,2024-11-25 11:04:39.000,2025-04-12 05:50:17.000,Patrice.Darzens@sanofi.com.SAML4,cloudadmin@sanofi.com.doCDGC.prod,Phase 1,ACTIVE
61609,674459c7c15b061bf75f6534,PIN000000000FG,SAR408701_IND011,NSCLC Mod-Hi Neoadjuv,NSCLC - Moderate-High expression - Neoadjuvant,BG,Stopped,Stopped inactive,10061873,L,MDM,2024-11-25 11:04:39.000,2025-04-12 05:51:01.000,Patrice.Darzens@sanofi.com.SAML4,cloudadmin@sanofi.com.doCDGC.prod,Phase 1,ACTIVE
61610,674459c7c15b061bf75f6535,PIN000000000FH,SAR408701_IND012,NSCLC Mod-Hi Adjuv,NSCLC - Moderate-High expression - Adjuvant,BG,Not Validated,Not Validated,10061873,L,MDM,2024-11-25 11:04:39.000,2025-04-12 05:51:02.000,Patrice.Darzens@sanofi.com.SAML4,cloudadmin@sanofi.com.doCDGC.prod,Phase 1,ACTIVE
61611,674459c7c15b061bf75f6538,PIN000000000FK,SAR421869_IND001,UshStat,UshStat,BF,Stopped,Stopped active,10063396,S01,MDM,2024-11-25 11:04:39.000,2025-04-12 05:51:03.000,Patrice.Darzens@sanofi.com.SAML4,cloudadmin@sanofi.com.doCDGC.prod,Phase 1,ACTIVE
61612,674459c7c15b061bf75f6539,PIN000000000FL,SAR439459_IND002,,NSCLC,BG,Not Validated,Not Validated,10061873,L,MDM,2024-11-25 11:04:39.000,2025-04-12 05:50:40.000,Patrice.Darzens@sanofi.com.SAML4,cloudadmin@sanofi.com.doCDGC.prod,,ACTIVE
61613,674459c7c15b061bf75f653a,PIN000000000FM,SAR439459_IND003,,Osteogenesis Imperfecta,BH,Not Validated,Not Validated,10031243,M,MDM,2024-11-25 11:04:39.000,2025-04-12 05:51:11.000,Patrice.Darzens@sanofi.com.SAML4,cloudadmin@sanofi.com.doCDGC.prod,,ACTIVE
61614,674459c7c15b061bf75f653b,PIN000000000FN,SAR439684_IND001,CSCC Neo Adjuv,CSCC Neo Adjuvant - early CSCC,BG,Completed,Completed inactive,10041834,L,MDM,2024-11-25 11:04:39.000,2025-04-12 05:50:56.000,Patrice.Darzens@sanofi.com.SAML4,cloudadmin@sanofi.com.doCDGC.prod,Phase 3,ACTIVE
61615,674459c7c15b061bf75f653f,PIN000000000FR,SAR439684_IND010,,Hodgkin's Lymphoma,BG,Stopped,Stopped inactive,10024325,L,MDM,2024-11-25 11:04:39.000,2025-04-12 05:51:11.000,Patrice.Darzens@sanofi.com.SAML4,cloudadmin@sanofi.com.doCDGC.prod,,ACTIVE
61616,674459c7c15b061bf75f6542,PIN000000000FU,SAR439684_IND051,,Major human solid tumors,BG,Ongoing,Ongoing,10065252,L,MDM,2024-11-25 11:04:39.000,2025-04-12 05:51:02.000,Patrice.Darzens@sanofi.com.SAML4,cloudadmin@sanofi.com.doCDGC.prod,,ACTIVE
61617,674459c7c15b061bf75f6543,PIN000000000FV,SAR439684_IND052,,Renal Cancer,BG,Ongoing,Ongoing,10038389,L,MDM,2024-11-25 11:04:39.000,2025-04-12 05:50:59.000,Patrice.Darzens@sanofi.com.SAML4,cloudadmin@sanofi.com.doCDGC.prod,,ACTIVE
61618,674459c7c15b061bf75f6544,PIN000000000FW,SAR439774_IND001,Hem A/B - Adult & Ped ≥12y,Hemophilia A/B - Adult & Ped  - 12 years+,BH,Ongoing,Ongoing,10066439,B,MDM,2024-11-25 11:04:39.000,2025-12-20 06:51:17.000,Patrice.Darzens@sanofi.com.SAML4,cloudadmin@sanofi.com.doCDGC.prod,LCM,ACTIVE
61619,674459c7c15b061bf75f6545,PIN000000000FX,SAR439859_IND001,2-3L mBC - Mono,2-3L mBC - Mono,BG,Stopped,Stopped active,10006187,L,MDM,2024-11-25 11:04:39.000,2026-01-10 06:52:04.000,Patrice.Darzens@sanofi.com.SAML4,cloudadmin@sanofi.com.doCDGC.prod,Phase 2,ACTIVE
61620,674459c7c15b061bf75f6546,PIN000000000FY,SAR439859_IND002,1L mBC w/Palbo,1L mBC - Combo Palbociclib,BG,Stopped,Stopped active,10006187,L,MDM,2024-11-25 11:04:39.000,2025-04-12 05:50:28.000,Patrice.Darzens@sanofi.com.SAML4,cloudadmin@sanofi.com.doCDGC.prod,Phase 3,ACTIVE
61621,674459c7c15b061bf75f6547,PIN000000000FZ,SAR439859_IND006,BC non-High Risk Pop.,Early BC Adjuvant in non-High risk population,BG,Not Validated,Not Validated,10006187,L,MDM,2024-11-25 11:04:39.000,2025-04-12 05:50:49.000,Patrice.Darzens@sanofi.com.SAML4,cloudadmin@sanofi.com.doCDGC.prod,Phase 1,ACTIVE
61622,674459c7c15b061bf75f6548,PIN000000000G0,SAR439859_IND008,BC ext.Adjuv. NCTN,High Risk population in Extended Adjuvant - NCTN Collab,BG,Stopped,Stopped inactive,10006187,L,MDM,2024-11-25 11:04:39.000,2025-04-12 05:50:54.000,Patrice.Darzens@sanofi.com.SAML4,cloudadmin@sanofi.com.doCDGC.prod,Phase 1,ACTIVE
61623,674459c7c15b061bf75f6549,PIN000000000G1,SAR439859_IND009,1L BC w/CDK2/4/6,1L mBC - Combo CDK2/4/6,BG,Not Validated,Not Validated,10006187,L,MDM,2024-11-25 11:04:39.000,2025-04-12 05:51:09.000,Patrice.Darzens@sanofi.com.SAML4,cloudadmin@sanofi.com.doCDGC.prod,Phase 1,ACTIVE
61624,674459c7c15b061bf75f654a,PIN000000000G2,SAR439859_IND010,Endometrial/Ovarian-Combo,Endometrial / Ovarian cancer - Combo,BG,Not Validated,Not Validated,10014733,L,MDM,2024-11-25 11:04:39.000,2025-04-12 05:51:08.000,Patrice.Darzens@sanofi.com.SAML4,cloudadmin@sanofi.com.doCDGC.prod,Phase 1,ACTIVE
61625,674459c7c15b061bf75f654b,PIN000000000G3,SAR439859_IND013,Explo studies,Exploratory studies - Umbrella & Basket trials,BG,Not Validated,Not Validated,10065252,L,MDM,2024-11-25 11:04:39.000,2025-04-12 05:50:55.000,Patrice.Darzens@sanofi.com.SAML4,cloudadmin@sanofi.com.doCDGC.prod,Phase 1,ACTIVE
61626,674459c7c15b061bf75f654d,PIN000000000G5,SAR439954_IND006,,Japan Program,BJ,Not Validated,Not Validated,10067585,A,MDM,2024-11-25 11:04:39.000,2025-04-12 05:50:46.000,Patrice.Darzens@sanofi.com.SAML4,cloudadmin@sanofi.com.doCDGC.prod,,ACTIVE
61627,674459c7c15b061bf75f654e,PIN000000000G6,SAR439954_IND008,,China T2DM- on top of Met+-SU,BJ,Stopped,Stopped inactive,10067585,A,MDM,2024-11-25 11:04:39.000,2025-04-12 05:51:10.000,Patrice.Darzens@sanofi.com.SAML4,cloudadmin@sanofi.com.doCDGC.prod,Phase 3,ACTIVE
61628,674459c7c15b061bf75f6550,PIN000000000G8,SAR439954_IND010,,China T2DM - basal +- orals,BJ,Stopped,Stopped inactive,10067585,A,MDM,2024-11-25 11:04:39.000,2025-04-12 05:51:11.000,Patrice.Darzens@sanofi.com.SAML4,cloudadmin@sanofi.com.doCDGC.prod,,ACTIVE
61629,674459c7c15b061bf75f6551,PIN000000000G9,SAR439977_IND001,T2DM,Efpeglenatide-QW-GLP1-T2DM,BJ,Stopped,Stopped inactive,10067585,A,MDM,2024-11-25 11:04:39.000,2025-08-22 05:51:55.000,Patrice.Darzens@sanofi.com.SAML4,cloudadmin@sanofi.com.doCDGC.prod,Phase 3,ACTIVE
61630,674459c7c15b061bf75f6552,PIN000000000GA,SAR439977_IND002,,Obesity,BJ,Stopped,Stopped inactive,10029883,A,MDM,2024-11-25 11:04:39.000,2025-04-12 05:50:47.000,Patrice.Darzens@sanofi.com.SAML4,cloudadmin@sanofi.com.doCDGC.prod,,ACTIVE
61631,674459c7c15b061bf75f6553,PIN000000000GB,SAR439977_IND004,,QW-GLP1-T2DM-Asia program,BJ,Not Validated,Not Validated,10067585,,MDM,2024-11-25 11:04:39.000,2025-04-12 05:51:09.000,Patrice.Darzens@sanofi.com.SAML4,cloudadmin@sanofi.com.doCDGC.prod,,ACTIVE
61632,674459c7c15b061bf75f6554,PIN000000000GC,SAR440340_IND002,Asthma,Asthma,BE,Stopped,Stopped inactive,10003553,R,MDM,2024-11-25 11:04:39.000,2025-04-12 05:50:46.000,Patrice.Darzens@sanofi.com.SAML4,cloudadmin@sanofi.com.doCDGC.prod,Phase 2A,ACTIVE
61633,674459c7c15b061bf75f6555,PIN000000000GD,SAR440340_IND003,AD,Atopic Dermatitis,BE,Stopped,Stopped inactive,10012438,D,MDM,2024-11-25 11:04:39.000,2025-04-12 05:50:42.000,Patrice.Darzens@sanofi.com.SAML4,cloudadmin@sanofi.com.doCDGC.prod,Phase 2B,ACTIVE
61634,674459c7c15b061bf75f6557,PIN000000000GF,SAR440340_IND007,CRSsNP,Chronic Rhinosinusitis without Nasal Polyps,BE,Ongoing,Ongoing,10084742,R,MDM,2024-11-25 11:04:39.000,2026-01-16 06:51:27.000,Patrice.Darzens@sanofi.com.SAML4,cloudadmin@sanofi.com.doCDGC.prod,Phase 2,ACTIVE
61635,674459c7c15b061bf75f6558,PIN000000000GG,SAR441000_IND001,2L Melanoma w/PD1,Melanoma - SAR + anti-PD1 in 2L PD1-Failure,BG,Stopped,Stopped inactive,10025650,L,MDM,2024-11-25 11:04:39.000,2025-08-09 05:52:49.000,Patrice.Darzens@sanofi.com.SAML4,cloudadmin@sanofi.com.doCDGC.prod,Phase 1,ACTIVE
61636,674459c7c15b061bf75f655a,PIN000000000GI,SAR441000_IND003,1L Melanoma w/PD1,Melanoma - SAR + anti-PD1 in 1L PD1 Naive,BG,Not Validated,Not Validated,10025650,L,MDM,2024-11-25 11:04:39.000,2025-04-12 05:50:52.000,Patrice.Darzens@sanofi.com.SAML4,cloudadmin@sanofi.com.doCDGC.prod,Phase 1,ACTIVE
61637,674459c7c15b061bf75f655c,PIN000000000GK,SAR441236_IND002,,HIV TREATMENT (CURE - Long term remission),BE,Stopped,Stopped inactive,10020161,J,MDM,2024-11-25 11:04:39.000,2025-04-12 05:50:57.000,Patrice.Darzens@sanofi.com.SAML4,cloudadmin@sanofi.com.doCDGC.prod,,ACTIVE
61638,674459c7c15b061bf75f655e,PIN000000000GM,SAR441566_IND001,RA,Rheumatoid Arthritis,BE,Ongoing,Ongoing,10039073,M,MDM,2024-11-25 11:04:39.000,2026-01-07 06:54:06.000,Patrice.Darzens@sanofi.com.SAML4,cloudadmin@sanofi.com.doCDGC.prod,Phase 2,ACTIVE
61639,674459c7c15b061bf75f655f,PIN000000000GN,SAR441566_IND003,Psoriasis,Psoriasis,BE,Stopped,Stopped active,10037153,D,MDM,2024-11-25 11:04:39.000,2025-09-24 05:53:00.000,Patrice.Darzens@sanofi.com.SAML4,cloudadmin@sanofi.com.doCDGC.prod,Phase 2,ACTIVE
61640,674459c8c15b061bf75f66c2,PIN000000000GO,SAR441566_IND004,Crohn,Crohn's Disease,BE,Ongoing,Ongoing,10011401,A,MDM,2024-11-25 11:04:40.000,2026-01-10 06:52:21.000,Patrice.Darzens@sanofi.com.SAML4,cloudadmin@sanofi.com.doCDGC.prod,Phase 2,ACTIVE
61641,674459c8c15b061bf75f66c4,PIN000000000GQ,SAR442085_IND001,MM RR-CD38 w/SAR444245+XC01152,Multiple Myeloma aCD38 RR +Thor707-NK-KO - IV/SC,BG,Not Validated,Not Validated,10028228,L,MDM,2024-11-25 11:04:40.000,2025-04-12 05:50:30.000,Patrice.Darzens@sanofi.com.SAML4,cloudadmin@sanofi.com.doCDGC.prod,Phase 1,ACTIVE
61642,674459c8c15b061bf75f66c6,PIN000000000GS,SAR442085_IND003,3-4L RRMM w/SAR444245+XC01152,Multiple Myeloma 3/4L+RR Post-aCD38-BCMA +Thor707+NK-KO - IV/SC,BG,Not Validated,Not Validated,10028228,L,MDM,2024-11-25 11:04:40.000,2025-04-12 05:50:51.000,Patrice.Darzens@sanofi.com.SAML4,cloudadmin@sanofi.com.doCDGC.prod,Phase 1,ACTIVE
61643,674459c8c15b061bf75f66ca,PIN000000000GW,SAR442168_IND004,MG,Myasthenia Gravis - Adult & Ped -  12-17 years,BF,Stopped,Stopped inactive,10028417,N,MDM,2024-11-25 11:04:40.000,2025-04-12 05:50:57.000,Patrice.Darzens@sanofi.com.SAML4,cloudadmin@sanofi.com.doCDGC.prod,Phase 3,ACTIVE
61644,674459c8c15b061bf75f66cb,PIN000000000GX,SAR442168_IND007,RMS - Ped 10-17y,Relapsing Multiple Sclerosis - Ped - 10-17 years,BF,To be Validated,To be Validated,10063399,N,MDM,2024-11-25 11:04:40.000,2026-01-24 06:50:51.000,Patrice.Darzens@sanofi.com.SAML4,cloudadmin@sanofi.com.doCDGC.prod,Initiation,ACTIVE
61645,674459c8c15b061bf75f66ce,PIN000000000H0,SAR442257_IND004,3L+RRMM w/BCMA TCE,3L+ RRMM - Combo BCMA-TCE,BG,Not Validated,Not Validated,10028228,L,MDM,2024-11-25 11:04:40.000,2025-04-12 05:50:37.000,Patrice.Darzens@sanofi.com.SAML4,cloudadmin@sanofi.com.doCDGC.prod,Phase 1,ACTIVE
61646,674459c8c15b061bf75f66d0,PIN000000000H2,SAR442257_IND006,RR-DLBCL NE CAR-T,R/R DLBCL NE for CAR-T,BG,Not Validated,Not Validated,10024325,L,MDM,2024-11-25 11:04:40.000,2025-04-12 05:50:39.000,Patrice.Darzens@sanofi.com.SAML4,cloudadmin@sanofi.com.doCDGC.prod,Phase 1,ACTIVE
61647,674459c8c15b061bf75f66d6,PIN000000000H8,SAR442720_IND005,,Advanced NSCLC - Mono,BG,Not Validated,Not Validated,10061873,L,MDM,2024-11-25 11:04:40.000,2025-04-12 05:50:26.000,Patrice.Darzens@sanofi.com.SAML4,cloudadmin@sanofi.com.doCDGC.prod,,ACTIVE
61648,674459c8c15b061bf75f66d7,PIN000000000H9,SAR442845_IND050,,Hemophilia,BH,Ongoing,Ongoing,10066439,B,MDM,2024-11-25 11:04:40.000,2026-01-20 06:53:03.000,Patrice.Darzens@sanofi.com.SAML4,cloudadmin@sanofi.com.doCDGC.prod,,ACTIVE
61649,674459c8c15b061bf75f66d8,PIN000000000HA,SAR442970_IND007,T1D Stage 2 Delay Onset,"Type 1 diabetes, Stage 2 - Delay of Onset",BJ,Not Validated,Not Validated,10091458,A,MDM,2024-11-25 11:04:40.000,2025-12-20 06:50:07.000,Patrice.Darzens@sanofi.com.SAML4,cloudadmin@sanofi.com.doCDGC.prod,Initiation,ACTIVE
61650,674459c8c15b061bf75f66d9,PIN000000000HB,SAR442999_IND001,UC,Ulcerative colitis,BE,Stopped,Stopped inactive,10009900,A,MDM,2024-11-25 11:04:40.000,2025-08-09 05:53:10.000,Patrice.Darzens@sanofi.com.SAML4,cloudadmin@sanofi.com.doCDGC.prod,Phase 1,ACTIVE
61651,674459c8c15b061bf75f66dd,PIN000000000HF,SAR443216_IND004,Lung Cancer,Lung Cancer,BG,Not Validated,Not Validated,10058467,L,MDM,2024-11-25 11:04:40.000,2025-04-12 05:50:50.000,Patrice.Darzens@sanofi.com.SAML4,cloudadmin@sanofi.com.doCDGC.prod,Phase 1,ACTIVE
61652,674459c8c15b061bf75f66e1,PIN000000000HJ,SAR443579_IND007,HR-MDS,Higher-Risk Myelodysplactic Syndrom Adult - Monotherapy,BG,Not Validated,Not Validated,10000880,L,MDM,2024-11-25 11:04:40.000,2025-12-19 06:50:54.000,Patrice.Darzens@sanofi.com.SAML4,cloudadmin@sanofi.com.doCDGC.prod,Initiation,ACTIVE
61653,674459c8c15b061bf75f66e2,PIN000000000HK,SAR443726_IND001,AD,Atopic Dermatitis,BE,Stopped,Stopped inactive,10012438,D,MDM,2024-11-25 11:04:40.000,2025-04-12 05:51:04.000,Patrice.Darzens@sanofi.com.SAML4,cloudadmin@sanofi.com.doCDGC.prod,Phase 1,ACTIVE
61654,674459c8c15b061bf75f66e4,PIN000000000HM,SAR443765_IND003,COPD,Chronic Obstructive Pulmonary Disease,BE,Ongoing,Ongoing,10009033,R,MDM,2024-11-25 11:04:40.000,2025-12-04 06:51:52.000,Patrice.Darzens@sanofi.com.SAML4,cloudadmin@sanofi.com.doCDGC.prod,Phase 3,ACTIVE
61655,674459c8c15b061bf75f66e6,PIN000000000HO,SAR443765_IND007,Bronchiectasis,Bronchiectasis,BE,To be Validated,To be Validated,10006445,R,MDM,2024-11-25 11:04:40.000,2026-01-10 06:51:09.000,Patrice.Darzens@sanofi.com.SAML4,cloudadmin@sanofi.com.doCDGC.prod,Initiation,ACTIVE
61656,674459c8c15b061bf75f66e7,PIN000000000HP,SAR443809_IND002,Rare Renal Dis,Rare Renal Diseases,BH,Stopped,Stopped inactive,10021263,U,MDM,2024-11-25 11:04:40.000,2025-04-12 05:50:24.000,Patrice.Darzens@sanofi.com.SAML4,cloudadmin@sanofi.com.doCDGC.prod,Phase 1,ACTIVE
61657,674459c8c15b061bf75f66eb,PIN000000000HT,SAR444245_IND002,NSCLC - Multicombo,NSCLC - Mesothelioma - Multicombo,BG,Stopped,Stopped active,10061873,L,MDM,2024-11-25 11:04:40.000,2025-08-22 05:51:40.000,Patrice.Darzens@sanofi.com.SAML4,cloudadmin@sanofi.com.doCDGC.prod,Phase 2,ACTIVE
61658,674459c8c15b061bf75f66f0,PIN000000000HY,SAR444596_IND001,Parkinson,Parkinson's Disease,BF,Not Validated,Not Validated,10061536,N,MDM,2024-11-25 11:04:40.000,2025-04-12 05:51:09.000,Patrice.Darzens@sanofi.com.SAML4,cloudadmin@sanofi.com.doCDGC.prod,,ACTIVE
61659,674459c8c15b061bf75f66f3,PIN000000000I1,SAR444671_IND001,PV,Pemphigus Vulgaris,BE,Stopped,Stopped inactive,10034280,D,MDM,2024-11-25 11:04:40.000,2025-05-12 05:51:15.000,Patrice.Darzens@sanofi.com.SAML4,cloudadmin@sanofi.com.doCDGC.prod,Phase 3,ACTIVE
61660,674459c8c15b061bf75f6856,PIN000000000I2,SAR444671_IND003,IgG4-RD,IgG4 Related Disease,BE,Ongoing,Ongoing,10077271,M,MDM,2024-11-25 11:04:40.000,2025-12-24 06:52:17.000,Patrice.Darzens@sanofi.com.SAML4,cloudadmin@sanofi.com.doCDGC.prod,Phase 3,ACTIVE
61661,674459c8c15b061bf75f6857,PIN000000000I3,SAR444671_IND005,AD,Atopic Dermatitis - Adult & Ped,BE,Stopped,Stopped active,10012438,D,MDM,2024-11-25 11:04:40.000,2025-08-09 05:53:25.000,Patrice.Darzens@sanofi.com.SAML4,cloudadmin@sanofi.com.doCDGC.prod,Phase 2,ACTIVE
61662,674459c8c15b061bf75f6858,PIN000000000I4,SAR444671_IND007,Asthma - Moderate to severe,Asthma - Moderate to Severe - Adult & Ped - 12-17 years,BE,Ongoing,Ongoing,10003553,R,MDM,2024-11-25 11:04:40.000,2025-12-12 06:51:16.000,Patrice.Darzens@sanofi.com.SAML4,cloudadmin@sanofi.com.doCDGC.prod,Phase 2,ACTIVE
61663,674459c8c15b061bf75f685b,PIN000000000I7,SAR444671_IND013,Graves - Adult & 12-17y,Graves' Disease - Adult & Ped - 12-17 years,BE,Ongoing,Ongoing,10018706,H,MDM,2024-11-25 11:04:40.000,2025-12-20 06:50:04.000,Patrice.Darzens@sanofi.com.SAML4,cloudadmin@sanofi.com.doCDGC.prod,Phase 2,ACTIVE
61664,674459c8c15b061bf75f685d,PIN000000000I9,SAR444881_IND002,1L NSCLC w/Pembro+Chemo,1L NSCLC  (TPS1-49%)- Combo  pembrolizumab + carboplatin + pemetrexed,BG,Not Validated,Not Validated,10061873,L,MDM,2024-11-25 11:04:40.000,2025-04-12 05:50:57.000,Patrice.Darzens@sanofi.com.SAML4,cloudadmin@sanofi.com.doCDGC.prod,Initiation,ACTIVE
61665,674459c8c15b061bf75f685e,PIN000000000IA,SAR444881_IND004,2-3L HNSCC w/Pembro+Cetux,2/3L HNSCC (CPS>=1)- Combo pembrolizumab + cetuximab,BG,Not Validated,Not Validated,10067821,L,MDM,2024-11-25 11:04:40.000,2025-04-12 05:50:51.000,Patrice.Darzens@sanofi.com.SAML4,cloudadmin@sanofi.com.doCDGC.prod,Initiation,ACTIVE
61666,674459c8c15b061bf75f685f,PIN000000000IB,SAR444961_IND001,,Lupus Nephritis,BE,Not Validated,Not Validated,10025140,RH,MDM,2024-11-25 11:04:40.000,2025-04-12 05:51:08.000,Patrice.Darzens@sanofi.com.SAML4,cloudadmin@sanofi.com.doCDGC.prod,,ACTIVE
61667,674459c8c15b061bf75f6866,PIN000000000II,SAR445229_IND001,AD,Atopic Dermatitis - Adult & Ped – 6 months-17 years,BE,Ongoing,Ongoing,10012438,D,MDM,2024-11-25 11:04:40.000,2025-11-18 06:51:23.000,Patrice.Darzens@sanofi.com.SAML4,cloudadmin@sanofi.com.doCDGC.prod,Phase 3,ACTIVE
61668,674459c8c15b061bf75f6869,PIN000000000IL,SAR445229_IND008,Crohn,Crohn's Disease,BE,Not Validated,Not Validated,10011401,A,MDM,2024-11-25 11:04:40.000,2025-04-12 05:50:24.000,Patrice.Darzens@sanofi.com.SAML4,cloudadmin@sanofi.com.doCDGC.prod,Phase 1,ACTIVE
61669,674459c8c15b061bf75f686a,PIN000000000IM,SAR445229_IND009,CRSwNP,Chronic rhinosinusitis with nasal polyps,BE,Not Validated,Not Validated,10080060,R,MDM,2024-11-25 11:04:40.000,2025-08-09 05:53:12.000,Patrice.Darzens@sanofi.com.SAML4,cloudadmin@sanofi.com.doCDGC.prod,Initiation,ACTIVE
61670,674459c8c15b061bf75f686b,PIN000000000IN,SAR445256_IND002,HNSCC,HNSCC,BG,Stopped,Stopped active,10067821,L,MDM,2024-11-25 11:04:40.000,2026-01-13 06:51:18.000,Patrice.Darzens@sanofi.com.SAML4,cloudadmin@sanofi.com.doCDGC.prod,Phase 2,ACTIVE
61671,674459c8c15b061bf75f686e,PIN000000000IQ,SAR445419_IND002,Solid Tumors,Major human solid tumors,BG,Not Validated,Not Validated,10065252,L,MDM,2024-11-25 11:04:40.000,2025-08-09 05:53:27.000,Patrice.Darzens@sanofi.com.SAML4,cloudadmin@sanofi.com.doCDGC.prod,Phase 1,ACTIVE
61672,674459c8c15b061bf75f6873,PIN000000000IV,SAR445710_IND001,NSCLC,NSCLC,BG,Stopped,Stopped active,10061873,L,MDM,2024-11-25 11:04:40.000,2025-08-09 05:53:28.000,Patrice.Darzens@sanofi.com.SAML4,cloudadmin@sanofi.com.doCDGC.prod,Phase 1,ACTIVE
61673,674459c8c15b061bf75f6878,PIN000000000J0,SAR445761_IND006,2L+ cGVHD – Ped – CN,2L+ Chronic Graft versus Host Disease - Ped - 12-17 years - China,BT,Completed,Completed active,10018651,L,MDM,2024-11-25 11:04:40.000,2025-12-11 06:51:36.000,Patrice.Darzens@sanofi.com.SAML4,cloudadmin@sanofi.com.doCDGC.prod,LCM,ACTIVE
61674,674459c8c15b061bf75f6879,PIN000000000J1,SAR445761_IND007,2L+ cGVHD - Combo,2L+ Chronic Graft versus Host Disease - Combo SYK/JAK Inhibitor,BT,Stopped,Stopped active,10018651,L,MDM,2024-11-25 11:04:40.000,2025-12-18 06:52:48.000,Patrice.Darzens@sanofi.com.SAML4,cloudadmin@sanofi.com.doCDGC.prod,Initiation,ACTIVE
61675,674459c8c15b061bf75f687b,PIN000000000J3,SAR445877_IND001,2L NSCLC – Mono,2L NSCLC – Mono,BG,To be Validated,To be Validated,10061873,L,MDM,2024-11-25 11:04:40.000,2026-01-23 06:52:24.000,Patrice.Darzens@sanofi.com.SAML4,cloudadmin@sanofi.com.doCDGC.prod,Initiation,ACTIVE
61676,674459c8c15b061bf75f687e,PIN000000000J6,SAR445953_IND005,1L CRC - Combo,1L Colorectal Cancer - Combo,BG,To be Validated,To be Validated,10061451,L,MDM,2024-11-25 11:04:40.000,2025-11-29 07:08:28.000,Patrice.Darzens@sanofi.com.SAML4,cloudadmin@sanofi.com.doCDGC.prod,Initiation,ACTIVE
61677,674459c8c15b061bf75f6881,PIN000000000J9,SAR445992_IND002,PPMS,Primary Progressive Multiple Sclerosis,BF,Not Validated,Not Validated,10028245,N,MDM,2024-11-25 11:04:40.000,2025-04-12 05:50:35.000,Patrice.Darzens@sanofi.com.SAML4,cloudadmin@sanofi.com.doCDGC.prod,Initiation,ACTIVE
61678,674459c8c15b061bf75f6883,PIN000000000JB,SAR446159_IND002,MSA,Multiple System Atrophy,BF,Not Validated,Not Validated,10064060,N,MDM,2024-11-25 11:04:40.000,2026-01-07 06:54:09.000,Patrice.Darzens@sanofi.com.SAML4,cloudadmin@sanofi.com.doCDGC.prod,Initiation,ACTIVE
61679,674459c7c15b061bf75f63b2,PIN000000000EK,SAR231893_IND024,CPUO,Chronic Pruritis of Unknown Origin,BE,Ongoing,Ongoing,10086975,D,MDM,2024-11-25 11:04:38.000,2026-01-09 08:01:21.000,Patrice.Darzens@sanofi.com.SAML4,cloudadmin@sanofi.com.doCDGC.prod,Phase 3,ACTIVE
61680,674459c7c15b061bf75f63b4,PIN000000000EM,SAR231893_IND028,LSC,Lichen Simplex Chronicus,BE,Ongoing,Ongoing,10057292,D,MDM,2024-11-25 11:04:38.000,2025-12-20 06:50:30.000,Patrice.Darzens@sanofi.com.SAML4,cloudadmin@sanofi.com.doCDGC.prod,Phase 3,ACTIVE
61681,674459c7c15b061bf75f63b9,PIN000000000ER,SAR231893_IND037,,Sezary Syndrome,BE,Stopped,Stopped inactive,,,MDM,2024-11-25 11:04:38.000,2025-04-12 05:51:04.000,Patrice.Darzens@sanofi.com.SAML4,cloudadmin@sanofi.com.doCDGC.prod,,ACTIVE
61682,674459c7c15b061bf75f63c2,PIN000000000F0,SAR236553_IND050,Hypercholesterolemia,Hypercholesterolemia,BJ,Ongoing,Ongoing,10020603,C,MDM,2024-11-25 11:04:38.000,2025-04-12 05:50:59.000,Patrice.Darzens@sanofi.com.SAML4,cloudadmin@sanofi.com.doCDGC.prod,,ACTIVE
61683,674459c7c15b061bf75f63c3,PIN000000000F1,SAR236553_IND052,,Hyperlipidemia,BJ,Ongoing,Ongoing,10020667,C,MDM,2024-11-25 11:04:38.000,2025-10-30 06:51:10.000,Patrice.Darzens@sanofi.com.SAML4,cloudadmin@sanofi.com.doCDGC.prod,,ACTIVE
61684,674459c7c15b061bf75f63c5,PIN000000000F3,SAR341402_IND001,T1&T2 DM - Sol,T1 & T2 Diabetes Mellitus - Solution,BJ,Completed,Completed inactive,10012594,A,MDM,2024-11-25 11:04:38.000,2025-04-12 05:50:49.000,Patrice.Darzens@sanofi.com.SAML4,cloudadmin@sanofi.com.doCDGC.prod,LCM,ACTIVE
61685,674459c7c15b061bf75f63c9,PIN000000000F7,SAR342434_IND006,,T1 & T2 Diabetes - Premix 50/50 (NPL/Insulin Lispro),BJ,Stopped,Stopped inactive,10012594,A,MDM,2024-11-25 11:04:38.000,2025-04-12 05:50:51.000,Patrice.Darzens@sanofi.com.SAML4,cloudadmin@sanofi.com.doCDGC.prod,,ACTIVE
61686,674459cbc15b061bf75f6eba,PIN000000000O6,ZEN_RD_OTHER_D_INDIC_OTHERS,,Indication for Others file,HB,,,10020772,C,MDM,2024-11-25 11:04:43.000,2025-09-13 05:50:41.000,Patrice.Darzens@sanofi.com.SAML4,cloudadmin@sanofi.com.doCDGC.prod,,ACTIVE
61687,674459cbc15b061bf75f6ebd,PIN000000000O9,AVE0010-1_IND008,,Lixilan - T2DM - Lixilan Plus Labeling Update - SC Route,BJ,Not Validated,Not Validated,10067585,A,MDM,2024-11-25 11:04:43.000,2025-04-12 05:50:55.000,Patrice.Darzens@sanofi.com.SAML4,cloudadmin@sanofi.com.doCDGC.prod,,ACTIVE
61688,674459cbc15b061bf75f6ebe,PIN000000000OA,AVE0010_IND001,,Lyxumia - T2DM - Immediate Release - SC Route,BJ,Completed,Completed inactive,10067585,A,MDM,2024-11-25 11:04:43.000,2026-01-23 06:51:12.000,Patrice.Darzens@sanofi.com.SAML4,cloudadmin@sanofi.com.doCDGC.prod,LCM,ACTIVE
61689,674459cbc15b061bf75f6ec1,PIN000000000OD,AVE0010_IND005,,Lyxumia - T2DM - Immediate Release - GetGoal Duo-2 - EU Type 2 Variation,BJ,Completed,Completed inactive,10067585,A,MDM,2024-11-25 11:04:43.000,2025-04-12 05:50:39.000,Patrice.Darzens@sanofi.com.SAML4,cloudadmin@sanofi.com.doCDGC.prod,LCM,ACTIVE
61690,674459cbc15b061bf75f6ec2,PIN000000000OE,AVE0010_IND006,,Lyxumia - T2DM - Immediate Release - Elderly -  EU Type 2 Variation,BJ,Completed,Completed inactive,10067585,A,MDM,2024-11-25 11:04:43.000,2025-04-12 05:50:50.000,Patrice.Darzens@sanofi.com.SAML4,cloudadmin@sanofi.com.doCDGC.prod,LCM,ACTIVE
61691,674459cbc15b061bf75f6ec3,PIN000000000OF,AVE0010_IND009,,Lyxumia - T2DM - Immediate Release - Deltaflex - Japan - SC Route,BJ,Completed,Completed inactive,10067585,A,MDM,2024-11-25 11:04:43.000,2025-04-12 05:50:30.000,Patrice.Darzens@sanofi.com.SAML4,cloudadmin@sanofi.com.doCDGC.prod,LCM,ACTIVE
61692,674459cbc15b061bf75f6ec5,PIN000000000OH,AVE0010_IND012,,Lyxumia - T2DM - Add-on to basal - China - SC Route,BJ,Completed,Completed inactive,10067585,A,MDM,2024-11-25 11:04:43.000,2025-04-12 05:51:06.000,Patrice.Darzens@sanofi.com.SAML4,cloudadmin@sanofi.com.doCDGC.prod,LCM,ACTIVE
61693,674459cbc15b061bf75f6ec7,PIN000000000OJ,BIVV002_IND001,Hem B,Hemophilia B,BI,Stopped,Stopped inactive,10016077,,MDM,2024-11-25 11:04:43.000,2025-04-12 05:50:30.000,Patrice.Darzens@sanofi.com.SAML4,cloudadmin@sanofi.com.doCDGC.prod,Preclinical,ACTIVE
61694,674459cbc15b061bf75f6ec8,PIN000000000OK,BIVV009_IND001,CAD,Cold Agglutinin Disease,BI,Completed,Completed active,10009868,B,MDM,2024-11-25 11:04:43.000,2026-01-20 06:54:30.000,Patrice.Darzens@sanofi.com.SAML4,cloudadmin@sanofi.com.doCDGC.prod,LCM,ACTIVE
61695,674459cbc15b061bf75f6ec9,PIN000000000OL,BPSW23433_IND001,,indication ONE CSC,,,,10021430,VACC,MDM,2024-11-25 11:04:43.000,2025-04-19 05:53:16.000,Patrice.Darzens@sanofi.com.SAML4,cloudadmin@sanofi.com.doCDGC.prod,,ACTIVE
61696,674459cbc15b061bf75f6ecc,PIN000000000OO,CHC_EXT1102_INDIC_OTHERS,,Indication for Others file,HB,,,,,MDM,2024-11-25 11:04:43.000,2025-04-12 05:51:13.000,Patrice.Darzens@sanofi.com.SAML4,cloudadmin@sanofi.com.doCDGC.prod,,ACTIVE
61697,674459cbc15b061bf75f6ecd,PIN000000000OP,CHC_NC0304_IND050,,Non Alcoholic Fatty Liver Disease,HB,Ongoing,Ongoing,10090856,A,MDM,2024-11-25 11:04:43.000,2025-09-25 05:51:16.000,Patrice.Darzens@sanofi.com.SAML4,cloudadmin@sanofi.com.doCDGC.prod,,ACTIVE
61698,674459cbc15b061bf75f6ecf,PIN000000000OR,CHC_OTHER_D_INDIC_OTHERS,,Indication for Others file,HB,,,,,MDM,2024-11-25 11:04:43.000,2025-04-12 05:50:21.000,Patrice.Darzens@sanofi.com.SAML4,cloudadmin@sanofi.com.doCDGC.prod,,ACTIVE
61699,674459cbc15b061bf75f6ed0,PIN000000000OS,CHC_PLC2201903_INDIC_OTHERS,,Indication for Others file,HB,,,,,MDM,2024-11-25 11:04:43.000,2025-04-12 05:51:07.000,Patrice.Darzens@sanofi.com.SAML4,cloudadmin@sanofi.com.doCDGC.prod,,ACTIVE
61700,674459cbc15b061bf75f6ed1,PIN000000000OT,CHC_S01C3202001_IND050,,Allergic Rhinitis,HB,Stopped,Stopped inactive,10039085,A,MDM,2024-11-25 11:04:43.000,2025-04-12 05:50:49.000,Patrice.Darzens@sanofi.com.SAML4,cloudadmin@sanofi.com.doCDGC.prod,,ACTIVE
61701,674459cbc15b061bf75f6ed6,PIN000000000OY,CHC_X107_INDIC_OTHERS,,Indication for Others file,HB,,,,,MDM,2024-11-25 11:04:43.000,2025-04-12 05:51:07.000,Patrice.Darzens@sanofi.com.SAML4,cloudadmin@sanofi.com.doCDGC.prod,,ACTIVE
61702,674459cbc15b061bf75f6ed7,PIN000000000OZ,CHC_Z0889_IND050,,Stress,HB,Ongoing,Ongoing,10057666,V,MDM,2024-11-25 11:04:43.000,2025-04-12 05:50:52.000,Patrice.Darzens@sanofi.com.SAML4,cloudadmin@sanofi.com.doCDGC.prod,,ACTIVE
61703,674459ccc15b061bf75f703b,PIN000000000P1,DC00835_INDIC_OTHERS,,Indication for Others file,GA,Stopped,Stopped inactive,,,MDM,2024-11-25 11:04:44.000,2025-04-12 05:50:55.000,Patrice.Darzens@sanofi.com.SAML4,cloudadmin@sanofi.com.doCDGC.prod,,ACTIVE
61704,674459ccc15b061bf75f703c,PIN000000000P2,DC00966_INDIC_OTHERS,,Indication for Others file,BK,,,,,MDM,2024-11-25 11:04:44.000,2025-04-12 05:50:33.000,Patrice.Darzens@sanofi.com.SAML4,cloudadmin@sanofi.com.doCDGC.prod,,ACTIVE
61705,674459ccc15b061bf75f703e,PIN000000000P4,DC01025_INDIC_OTHERS,,Indication for Others file,BK,,,,,MDM,2024-11-25 11:04:44.000,2025-04-12 05:50:57.000,Patrice.Darzens@sanofi.com.SAML4,cloudadmin@sanofi.com.doCDGC.prod,,ACTIVE
61706,674459ccc15b061bf75f7040,PIN000000000P6,DC01154_INDIC_OTHERS,,Indication for Others file,GA,Stopped,Stopped inactive,,,MDM,2024-11-25 11:04:44.000,2025-04-12 05:50:47.000,Patrice.Darzens@sanofi.com.SAML4,cloudadmin@sanofi.com.doCDGC.prod,,ACTIVE
61707,674459ccc15b061bf75f7041,PIN000000000P7,DC01190_INDIC_OTHERS,,Indication for Others file,JA,,,,,MDM,2024-11-25 11:04:44.000,2025-04-12 05:51:10.000,Patrice.Darzens@sanofi.com.SAML4,cloudadmin@sanofi.com.doCDGC.prod,,ACTIVE
61708,674459ccc15b061bf75f7042,PIN000000000P8,DC01198_INDIC_OTHERS,,Indication for Others file,DF,,,,,MDM,2024-11-25 11:04:44.000,2025-04-12 05:51:09.000,Patrice.Darzens@sanofi.com.SAML4,cloudadmin@sanofi.com.doCDGC.prod,,ACTIVE
61709,674459ccc15b061bf75f7043,PIN000000000P9,DC01239_INDIC_OTHERS,,Indication for Others file,DB,,,,,MDM,2024-11-25 11:04:44.000,2025-04-12 05:51:13.000,Patrice.Darzens@sanofi.com.SAML4,cloudadmin@sanofi.com.doCDGC.prod,,ACTIVE
61710,674459ccc15b061bf75f7045,PIN000000000PB,DC01242_INDIC_OTHERS,,Indication for Others file,BG,,,,,MDM,2024-11-25 11:04:44.000,2025-04-12 05:51:11.000,Patrice.Darzens@sanofi.com.SAML4,cloudadmin@sanofi.com.doCDGC.prod,,ACTIVE
61711,674459ccc15b061bf75f7049,PIN000000000PF,DC01282_INDIC_OTHERS,,Indication for Others file,BJ,,,,,MDM,2024-11-25 11:04:44.000,2025-04-12 05:50:59.000,Patrice.Darzens@sanofi.com.SAML4,cloudadmin@sanofi.com.doCDGC.prod,,ACTIVE
61712,674459ccc15b061bf75f704c,PIN000000000PI,DC01287_INDIC_OTHERS,,Indication for Others file,DF,,,,,MDM,2024-11-25 11:04:44.000,2025-04-12 05:50:52.000,Patrice.Darzens@sanofi.com.SAML4,cloudadmin@sanofi.com.doCDGC.prod,,ACTIVE
61713,674459ccc15b061bf75f704e,PIN000000000PK,DC01292_INDIC_OTHERS,,Indication for Others file,DB,,,,,MDM,2024-11-25 11:04:44.000,2025-08-27 05:51:55.000,Patrice.Darzens@sanofi.com.SAML4,cloudadmin@sanofi.com.doCDGC.prod,,ACTIVE
61714,674459ccc15b061bf75f704f,PIN000000000PL,DC01293_INDIC_OTHERS,,Indication for Others file,DB,,,,,MDM,2024-11-25 11:04:44.000,2025-04-12 05:50:24.000,Patrice.Darzens@sanofi.com.SAML4,cloudadmin@sanofi.com.doCDGC.prod,,ACTIVE
61715,674459ccc15b061bf75f7050,PIN000000000PM,DC01296_INDIC_OTHERS,,Indication for Others file,JA,,,,,MDM,2024-11-25 11:04:44.000,2025-04-12 05:50:37.000,Patrice.Darzens@sanofi.com.SAML4,cloudadmin@sanofi.com.doCDGC.prod,,ACTIVE
61716,674459ccc15b061bf75f7051,PIN000000000PN,DC01298_INDIC_OTHERS,,ON GOING activities for  R-TMU,LA,,,,,MDM,2024-11-25 11:04:44.000,2026-01-13 06:52:00.000,Patrice.Darzens@sanofi.com.SAML4,cloudadmin@sanofi.com.doCDGC.prod,,ACTIVE
61717,674459ccc15b061bf75f7052,PIN000000000PO,DC01299_INDIC_OTHERS,,Indication for Others file,JA,,,,,MDM,2024-11-25 11:04:44.000,2025-06-14 05:52:55.000,Patrice.Darzens@sanofi.com.SAML4,cloudadmin@sanofi.com.doCDGC.prod,,ACTIVE
61718,674459ccc15b061bf75f7053,PIN000000000PP,DC01300_INDIC_OTHERS,,Indication for Others file,JD,,,,,MDM,2024-11-25 11:04:44.000,2025-04-12 05:50:39.000,Patrice.Darzens@sanofi.com.SAML4,cloudadmin@sanofi.com.doCDGC.prod,,ACTIVE
61719,674459ccc15b061bf75f7054,PIN000000000PQ,DC01301_INDIC_OTHERS,,Indication for Others file,JA,,,,,MDM,2024-11-25 11:04:44.000,2026-01-01 06:51:12.000,Patrice.Darzens@sanofi.com.SAML4,cloudadmin@sanofi.com.doCDGC.prod,,ACTIVE
61720,674459ccc15b061bf75f7057,PIN000000000PT,DC01306_INDIC_OTHERS,,Indication for Others file,BE,,,,,MDM,2024-11-25 11:04:44.000,2025-04-12 05:50:21.000,Patrice.Darzens@sanofi.com.SAML4,cloudadmin@sanofi.com.doCDGC.prod,,ACTIVE
61721,674459ccc15b061bf75f705a,PIN000000000PW,DC33333_INDIC_OTHERS,,Indication for Others file,BG,Ongoing,Ongoing,,,MDM,2024-11-25 11:04:44.000,2025-06-06 05:50:20.000,Patrice.Darzens@sanofi.com.SAML4,cloudadmin@sanofi.com.doCDGC.prod,,ACTIVE
61722,674459ccc15b061bf75f705d,PIN000000000PZ,GZ385660_IND002,GD1 - Ped,Gaucher Disease Type I - Pediatric patients switching from ERT - 2-17 years,BH,Ongoing,Ongoing,10018048,A,MDM,2024-11-25 11:04:44.000,2026-01-22 06:50:23.000,Patrice.Darzens@sanofi.com.SAML4,cloudadmin@sanofi.com.doCDGC.prod,LCM,ACTIVE
61723,674459ccc15b061bf75f705e,PIN000000000Q0,GZ385660_IND051,,Colorectal Cancer,BG,Stopped,Stopped inactive,10061451,L,MDM,2024-11-25 11:04:44.000,2025-05-16 05:50:37.000,Patrice.Darzens@sanofi.com.SAML4,cloudadmin@sanofi.com.doCDGC.prod,,ACTIVE
61724,674459ccc15b061bf75f705f,PIN000000000Q1,GZ393590_IND001,ALL - Ped,Acute Lymphoblastic Leukemia Pediatric,BG,Completed,Completed inactive,10000845,L,MDM,2024-11-25 11:04:44.000,2025-04-12 05:50:30.000,Patrice.Darzens@sanofi.com.SAML4,cloudadmin@sanofi.com.doCDGC.prod,LCM,ACTIVE
61725,674459ccc15b061bf75f7060,PIN000000000Q2,GZ393590_IND003,,NHL - PO route,BG,Stopped,Stopped inactive,10029547,L,MDM,2024-11-25 11:04:44.000,2025-04-12 05:50:56.000,Patrice.Darzens@sanofi.com.SAML4,cloudadmin@sanofi.com.doCDGC.prod,,ACTIVE
61726,674459ccc15b061bf75f7061,PIN000000000Q3,GZ393590_IND004,,NHL - Myelodysplastic Syndrome - PO rout,BG,Stopped,Stopped inactive,10028533,L,MDM,2024-11-25 11:04:44.000,2025-04-12 05:51:02.000,Patrice.Darzens@sanofi.com.SAML4,cloudadmin@sanofi.com.doCDGC.prod,,ACTIVE
61727,674459ccc15b061bf75f7062,PIN000000000Q4,GZ393590_IND050,,Type 2 Diabetes,BJ,Ongoing,Ongoing,10067585,A,MDM,2024-11-25 11:04:44.000,2025-08-09 05:53:05.000,Patrice.Darzens@sanofi.com.SAML4,cloudadmin@sanofi.com.doCDGC.prod,,ACTIVE
61728,674459ccc15b061bf75f7063,PIN000000000Q5,GZ393590_IND051,,Mucopolysaccharidosis,BG,Ongoing,Ongoing,10028093,A,MDM,2024-11-25 11:04:44.000,2025-04-12 05:50:44.000,Patrice.Darzens@sanofi.com.SAML4,cloudadmin@sanofi.com.doCDGC.prod,,ACTIVE
61729,674459ccc15b061bf75f7064,PIN000000000Q6,GZ402665_IND001,NPD A&B,Acid Sphingomyelinase Deficiency - Adult & Ped - 0-17years,BH,Completed,Completed active,10083873,A,MDM,2024-11-25 11:04:44.000,2025-04-12 05:51:01.000,Patrice.Darzens@sanofi.com.SAML4,cloudadmin@sanofi.com.doCDGC.prod,LCM,ACTIVE
61730,674459ccc15b061bf75f7068,PIN000000000QA,GZ402671_IND005,Fabry Disease,Fabry Disease,BH,Ongoing,Ongoing,10016016,A,MDM,2024-11-25 11:04:44.000,2026-01-21 06:50:45.000,Patrice.Darzens@sanofi.com.SAML4,cloudadmin@sanofi.com.doCDGC.prod,Phase 3,ACTIVE
61731,674459ccc15b061bf75f706a,PIN000000000QC,GZ402671_IND007,GBA-PD,GBA related Parkinson's disease (GBA-PD),BF,Stopped,Stopped inactive,10061536,N,MDM,2024-11-25 11:04:44.000,2025-04-12 05:51:03.000,Patrice.Darzens@sanofi.com.SAML4,cloudadmin@sanofi.com.doCDGC.prod,Phase 2,ACTIVE
61732,674459ccc15b061bf75f706b,PIN000000000QD,GZ402671_IND008,,Idiopathic PD,BF,Not Validated,Not Validated,10061536,N,MDM,2024-11-25 11:04:44.000,2025-04-12 05:50:39.000,Patrice.Darzens@sanofi.com.SAML4,cloudadmin@sanofi.com.doCDGC.prod,,ACTIVE
61733,674459ccc15b061bf75f71cf,PIN000000000QF,GZ402671_IND011,GD1,Gaucher Disease -  Adult GD1 & Ped GD3 - 6 - 11years + Ped GD1 - 6-17years,BH,Not Validated,Not Validated,10018048,A,MDM,2024-11-25 11:04:44.000,2025-04-12 05:50:21.000,Patrice.Darzens@sanofi.com.SAML4,cloudadmin@sanofi.com.doCDGC.prod,Phase 1,ACTIVE
61734,674459ccc15b061bf75f71d0,PIN000000000QG,GZ402671_IND012,GD3 Mono - Ped 2-11y,Gaucher Disease Type 3 - Mono - Ped  2-11 years,BH,To be Validated,To be Validated,10018048,A,MDM,2024-11-25 11:04:44.000,2026-01-10 06:50:17.000,Patrice.Darzens@sanofi.com.SAML4,cloudadmin@sanofi.com.doCDGC.prod,Initiation,ACTIVE
61735,674459ccc15b061bf75f71d2,PIN000000000QI,GZ402673_IND002,,Hematopoetic Stem Cell Transplantation (HSCT) - Japan - Oncology,BF,Completed,Completed inactive,10067859,L,MDM,2024-11-25 11:04:44.000,2025-04-12 05:50:56.000,Patrice.Darzens@sanofi.com.SAML4,cloudadmin@sanofi.com.doCDGC.prod,LCM,ACTIVE
61736,674459ccc15b061bf75f71d3,PIN000000000QJ,GZ402673_IND004,,R-MS Subcutaneous administration (NO GO ),BF,Stopped,Stopped inactive,10028245,N,MDM,2024-11-25 11:04:44.000,2025-04-12 05:50:49.000,Patrice.Darzens@sanofi.com.SAML4,cloudadmin@sanofi.com.doCDGC.prod,,ACTIVE
61737,674459ccc15b061bf75f71d5,PIN000000000QL,GZ402673_IND007,,Chronic Lymphocytic Leukemia - Japan,BG,Completed,Completed inactive,10008958,L,MDM,2024-11-25 11:04:44.000,2025-04-12 05:51:07.000,Patrice.Darzens@sanofi.com.SAML4,cloudadmin@sanofi.com.doCDGC.prod,LCM,ACTIVE
61738,674459ccc15b061bf75f71d6,PIN000000000QM,GZ419828_IND001,Rare Renal and Bone Disorders,Fabry Disease,BH,Completed,Completed active,10016016,A,MDM,2024-11-25 11:04:44.000,2025-04-12 05:51:10.000,Patrice.Darzens@sanofi.com.SAML4,cloudadmin@sanofi.com.doCDGC.prod,LCM,ACTIVE
61739,674459ccc15b061bf75f71d8,PIN000000000QO,GZ427051_IND003,,Graft Vs Host Disease,BT,Stopped,Stopped inactive,10018651,,MDM,2024-11-25 11:04:44.000,2025-04-12 05:50:42.000,Patrice.Darzens@sanofi.com.SAML4,cloudadmin@sanofi.com.doCDGC.prod,Phase 3,ACTIVE
61740,674459ccc15b061bf75f71d9,PIN000000000QP,GZ427051_IND050,,Transplantation,BT,Ongoing,Ongoing,10057677,INS,MDM,2024-11-25 11:04:44.000,2025-11-28 06:50:55.000,Patrice.Darzens@sanofi.com.SAML4,cloudadmin@sanofi.com.doCDGC.prod,,ACTIVE
61741,674459ccc15b061bf75f71db,PIN000000000QR,GZ427051_IND053,,Hyperlipidemia (HLD),BJ,Ongoing,Ongoing,10020667,C,MDM,2024-11-25 11:04:44.000,2025-04-12 05:50:51.000,Patrice.Darzens@sanofi.com.SAML4,cloudadmin@sanofi.com.doCDGC.prod,,ACTIVE
61742,674459ccc15b061bf75f71dc,PIN000000000QS,GZ427397_IND001,,Chronic Kidney Disease with Secondary Hyperparathyroidism - Ped - 5-18 years,BH,Completed,Completed active,10038444,NEP,MDM,2024-11-25 11:04:44.000,2025-04-12 05:50:59.000,Patrice.Darzens@sanofi.com.SAML4,cloudadmin@sanofi.com.doCDGC.prod,LCM,ACTIVE
61743,674459ccc15b061bf75f71de,PIN000000000QU,GZE_IA_OTHER_D_INDIC_OTHERS,,Indication for Others file,HB,,,,,MDM,2024-11-25 11:04:44.000,2025-04-12 05:50:39.000,Patrice.Darzens@sanofi.com.SAML4,cloudadmin@sanofi.com.doCDGC.prod,,ACTIVE
61744,674459ccc15b061bf75f71df,PIN000000000QV,GZE_PO_CEREZYME_INDIC_OTHERS,,Indication for Others file,HB,,,,,MDM,2024-11-25 11:04:44.000,2025-04-12 05:50:21.000,Patrice.Darzens@sanofi.com.SAML4,cloudadmin@sanofi.com.doCDGC.prod,,ACTIVE
61745,674459ccc15b061bf75f71e0,PIN000000000QW,GZE_PO_GZ419824_INDIC_OTHERS,,Indication for Others file,HB,,,,,MDM,2024-11-25 11:04:44.000,2025-04-12 05:51:01.000,Patrice.Darzens@sanofi.com.SAML4,cloudadmin@sanofi.com.doCDGC.prod,,ACTIVE
61746,674459ccc15b061bf75f71e1,PIN000000000QX,GZE_PO_SAR390530_IND051,,Thyroid Cancer,HB,Ongoing,Ongoing,10066474,L,MDM,2024-11-25 11:04:44.000,2025-12-18 06:50:46.000,Patrice.Darzens@sanofi.com.SAML4,cloudadmin@sanofi.com.doCDGC.prod,,ACTIVE
61747,674459ccc15b061bf75f71e3,PIN000000000QZ,GZE_PO_SAR390530_INDIC_OTHERS,,Indication for Others file,HB,,,10066474,L,MDM,2024-11-25 11:04:44.000,2025-04-12 05:50:33.000,Patrice.Darzens@sanofi.com.SAML4,cloudadmin@sanofi.com.doCDGC.prod,,ACTIVE
61748,674459ccc15b061bf75f71e4,PIN000000000R0,HMR1726_IND001,MS - Mono,Multiple Sclerosis - Monotherapy,BF,Completed,Completed inactive,10028245,N,MDM,2024-11-25 11:04:44.000,2025-10-03 05:50:52.000,Patrice.Darzens@sanofi.com.SAML4,cloudadmin@sanofi.com.doCDGC.prod,LCM,ACTIVE
61749,674459ccc15b061bf75f71e7,PIN000000000R3,HMR1726_IND006,,Multiple Sclerosis - Clinically Isolated Syndrome,BF,Stopped,Stopped inactive,10028245,N,MDM,2024-11-25 11:04:44.000,2025-04-12 05:51:11.000,Patrice.Darzens@sanofi.com.SAML4,cloudadmin@sanofi.com.doCDGC.prod,,ACTIVE
61750,674459ccc15b061bf75f71e8,PIN000000000R4,HMR1726_IND007,,Multiple Sclerosis - Monotherapy - Japan,BF,Stopped,Stopped inactive,10028245,N,MDM,2024-11-25 11:04:44.000,2025-04-12 05:50:39.000,Patrice.Darzens@sanofi.com.SAML4,cloudadmin@sanofi.com.doCDGC.prod,,ACTIVE
61751,674459ccc15b061bf75f71ea,PIN000000000R6,HOE901_IND007,,Toujeo - T1DM/T2DM - Flexibility - Labeling Update,BJ,Stopped,Stopped inactive,10012594,A,MDM,2024-11-25 11:04:44.000,2025-04-12 05:50:42.000,Patrice.Darzens@sanofi.com.SAML4,cloudadmin@sanofi.com.doCDGC.prod,,ACTIVE
61752,674459ccc15b061bf75f71eb,PIN000000000R7,HOE901_IND008,,Toujeo - T1DM/T2DM - U300 - Hypoglycemia Outcome - Labeling Update,BJ,Not Validated,Not Validated,10012594,A,MDM,2024-11-25 11:04:44.000,2025-04-12 05:50:56.000,Patrice.Darzens@sanofi.com.SAML4,cloudadmin@sanofi.com.doCDGC.prod,,ACTIVE
61753,674459ccc15b061bf75f71ef,PIN000000000RB,HOE901_IND013,,Toujeo - T1DM - U300 - China,BJ,Stopped,Stopped inactive,10067584,A,MDM,2024-11-25 11:04:44.000,2025-04-12 05:50:58.000,Patrice.Darzens@sanofi.com.SAML4,cloudadmin@sanofi.com.doCDGC.prod,,ACTIVE
61754,674459ccc15b061bf75f71f1,PIN000000000RD,HOE901_IND015,,Lantus - T1DM - U100 - Pediatric - China,BJ,Completed,Completed inactive,10067584,A,MDM,2024-11-25 11:04:44.000,2025-04-12 05:50:57.000,Patrice.Darzens@sanofi.com.SAML4,cloudadmin@sanofi.com.doCDGC.prod,LCM,ACTIVE
61755,674459ccc15b061bf75f71f2,PIN000000000RE,INDICATION_BIO_DEV_DH,,Indication for Biologic Dev,BE,To be Validated,To be Validated,,,MDM,2024-11-25 11:04:44.000,2026-01-23 06:51:28.000,Patrice.Darzens@sanofi.com.SAML4,cloudadmin@sanofi.com.doCDGC.prod,,ACTIVE
61756,674459ccc15b061bf75f71f4,PIN000000000RG,INDICATION_GENETH_DEV_DH,,Indication for gene therapy Dev,BE,To be Validated,To be Validated,,,MDM,2024-11-25 11:04:44.000,2026-01-23 06:51:58.000,Patrice.Darzens@sanofi.com.SAML4,cloudadmin@sanofi.com.doCDGC.prod,,ACTIVE
61757,674459ccc15b061bf75f71f7,PIN000000000RJ,LC30532_IND001,,Discovery - LEAD-MS1 - Stopped,CI,Stopped,Stopped inactive,,,MDM,2024-11-25 11:04:44.000,2025-04-12 05:50:57.000,Patrice.Darzens@sanofi.com.SAML4,cloudadmin@sanofi.com.doCDGC.prod,,ACTIVE
61758,674459ccc15b061bf75f71f8,PIN000000000RK,LC30532_SERIE_SMALL_MOL_DISCO,,"Discovery - Lung cancer, prostate cancer and CRC",CI,Stopped,Stopped inactive,,,MDM,2024-11-25 11:04:44.000,2025-04-12 05:51:03.000,Patrice.Darzens@sanofi.com.SAML4,cloudadmin@sanofi.com.doCDGC.prod,,ACTIVE
61759,674459ccc15b061bf75f71f9,PIN000000000RL,LC80014_IND002,Asthma,Asthma,CF,Ongoing,Ongoing,10003553,,MDM,2024-11-25 11:04:44.000,2025-11-21 06:54:21.000,Patrice.Darzens@sanofi.com.SAML4,cloudadmin@sanofi.com.doCDGC.prod,,ACTIVE
61760,674459ccc15b061bf75f71fa,PIN000000000RM,LC80042_SERIE_BIO_DISCO,,Discovery,CF,Stopped,Stopped inactive,,,MDM,2024-11-25 11:04:44.000,2025-12-30 06:50:59.000,Patrice.Darzens@sanofi.com.SAML4,cloudadmin@sanofi.com.doCDGC.prod,,ACTIVE
61761,674459ccc15b061bf75f71fb,PIN000000000RN,LC80316_IND003,,Discovery - MS1 - Fast Track Approach - Stopped,CH,Stopped,Stopped inactive,,,MDM,2024-11-25 11:04:44.000,2025-04-12 05:50:59.000,Patrice.Darzens@sanofi.com.SAML4,cloudadmin@sanofi.com.doCDGC.prod,,ACTIVE
61762,674459ccc15b061bf75f71fe,PIN000000000RQ,LC80484_IND003,Parkinson,Parkinson's Disease,CH,Completed,Completed inactive,10001896,,MDM,2024-11-25 11:04:44.000,2025-04-12 05:50:51.000,Patrice.Darzens@sanofi.com.SAML4,cloudadmin@sanofi.com.doCDGC.prod,,ACTIVE
61763,674459cdc15b061bf75f7362,PIN000000000RS,LC80810_IND001,,Discovery - BU - Pompe Disease,CJ,Stopped,Stopped inactive,10053185,,MDM,2024-11-25 11:04:45.000,2026-01-23 06:51:34.000,Patrice.Darzens@sanofi.com.SAML4,cloudadmin@sanofi.com.doCDGC.prod,,ACTIVE
61764,674459cdc15b061bf75f7363,PIN000000000RT,LC80810_IND002,,Discovery - MS - Previous - Stopped,CJ,Stopped,Stopped inactive,,,MDM,2024-11-25 11:04:45.000,2025-04-12 05:50:47.000,Patrice.Darzens@sanofi.com.SAML4,cloudadmin@sanofi.com.doCDGC.prod,,ACTIVE
61765,674459cdc15b061bf75f7364,PIN000000000RU,LC80820_SERIE_BIO_DISCO,,Discovery - stopped,CO,Stopped,Stopped inactive,,,MDM,2024-11-25 11:04:45.000,2025-05-12 05:51:15.000,Patrice.Darzens@sanofi.com.SAML4,cloudadmin@sanofi.com.doCDGC.prod,,ACTIVE
61766,674459cdc15b061bf75f7366,PIN000000000RW,LC80821_SERIE_SMALL_MOL_DISCO,,Discovery,CH,Stopped,Stopped inactive,,,MDM,2024-11-25 11:04:45.000,2025-04-12 05:51:02.000,Patrice.Darzens@sanofi.com.SAML4,cloudadmin@sanofi.com.doCDGC.prod,,ACTIVE
61767,674459cdc15b061bf75f7367,PIN000000000RX,LC80848_SERIE_OLD,,Discovery - Stopped,CH,Stopped,Stopped inactive,,,MDM,2024-11-25 11:04:45.000,2025-04-12 05:51:04.000,Patrice.Darzens@sanofi.com.SAML4,cloudadmin@sanofi.com.doCDGC.prod,,ACTIVE
61768,674459cdc15b061bf75f7372,PIN000000000S8,LC81130_IND001,,Discovery,CJ,Stopped,Stopped inactive,10051260,,MDM,2024-11-25 11:04:45.000,2025-05-04 05:50:36.000,Patrice.Darzens@sanofi.com.SAML4,cloudadmin@sanofi.com.doCDGC.prod,,ACTIVE
61769,674459cdc15b061bf75f7375,PIN000000000SB,LC81185_SERIE_SMALL_MOL_DISCO,,Discovery - Previous - Stopped,CF,Stopped,Stopped inactive,,,MDM,2024-11-25 11:04:45.000,2025-04-12 05:51:06.000,Patrice.Darzens@sanofi.com.SAML4,cloudadmin@sanofi.com.doCDGC.prod,,ACTIVE
61770,674459cdc15b061bf75f7379,PIN000000000SF,LC81196_IND001,,Discovery,CI,Stopped,Stopped inactive,10065252,,MDM,2024-11-25 11:04:45.000,2025-04-12 05:51:10.000,Patrice.Darzens@sanofi.com.SAML4,cloudadmin@sanofi.com.doCDGC.prod,,ACTIVE
61771,674459cdc15b061bf75f737d,PIN000000000SJ,LC81222_IND002,PsA,Psoriasis Arthritis,CF,Ongoing,Ongoing,10037162,,MDM,2024-11-25 11:04:45.000,2025-11-07 06:50:26.000,Patrice.Darzens@sanofi.com.SAML4,cloudadmin@sanofi.com.doCDGC.prod,,ACTIVE
61772,674459cdc15b061bf75f737f,PIN000000000SL,LC81222_IND005,PsA,Psoriasis Arthritis,CF,Ongoing,Ongoing,10037162,,MDM,2024-11-25 11:04:45.000,2025-11-01 06:54:33.000,Patrice.Darzens@sanofi.com.SAML4,cloudadmin@sanofi.com.doCDGC.prod,,ACTIVE
61773,674459cdc15b061bf75f7380,PIN000000000SM,LC81234_IND001,Hem A,Hemophilia A,CJ,Stopped,Stopped inactive,10060612,,MDM,2024-11-25 11:04:45.000,2025-05-29 06:09:41.000,Patrice.Darzens@sanofi.com.SAML4,cloudadmin@sanofi.com.doCDGC.prod,,ACTIVE
61774,674459cdc15b061bf75f7382,PIN000000000SO,LC81237_IND004,EoE,Eosinophilic Esophagitis,CF,Completed,Completed inactive,10064212,,MDM,2024-11-25 11:04:45.000,2025-08-21 05:52:12.000,Patrice.Darzens@sanofi.com.SAML4,cloudadmin@sanofi.com.doCDGC.prod,,ACTIVE
61775,674459cdc15b061bf75f7386,PIN000000000SS,LC81248_IND002,MS,Multiple Sclerosis - 2nd back up,CH,Stopped,Stopped inactive,10028245,,MDM,2024-11-25 11:04:45.000,2026-01-24 06:50:43.000,Patrice.Darzens@sanofi.com.SAML4,cloudadmin@sanofi.com.doCDGC.prod,,ACTIVE
61776,674459cdc15b061bf75f7387,PIN000000000ST,LC81249_IND004,T1D,Type 1 Diabetes,CF,Stopped,Stopped inactive,10067584,,MDM,2024-11-25 11:04:45.000,2025-04-12 05:51:04.000,Patrice.Darzens@sanofi.com.SAML4,cloudadmin@sanofi.com.doCDGC.prod,,ACTIVE
61777,674459cdc15b061bf75f738a,PIN000000000SW,LC81255_IND001,,Discovery - Previous - Stopped,CI,Stopped,Stopped inactive,10027407,,MDM,2024-11-25 11:04:45.000,2025-04-12 05:50:40.000,Patrice.Darzens@sanofi.com.SAML4,cloudadmin@sanofi.com.doCDGC.prod,,ACTIVE
61778,674459cdc15b061bf75f738b,PIN000000000SX,LC81255_IND002,,Discovery,CI,Stopped,Stopped inactive,10027407,,MDM,2024-11-25 11:04:45.000,2025-04-12 05:50:39.000,Patrice.Darzens@sanofi.com.SAML4,cloudadmin@sanofi.com.doCDGC.prod,,ACTIVE
61779,674459cdc15b061bf75f738d,PIN000000000SZ,LC81259_IND001,,Discovery,CI,Stopped,Stopped inactive,10065252,,MDM,2024-11-25 11:04:45.000,2025-04-12 05:51:06.000,Patrice.Darzens@sanofi.com.SAML4,cloudadmin@sanofi.com.doCDGC.prod,,ACTIVE
61780,674459cbc15b061bf75f6ebb,PIN000000000O7,AVE0010-1_IND002,,Lixilan - T2DM - Lixilan G  Labeling Update - SC Route,BJ,Completed,Completed inactive,10067585,A,MDM,2024-11-25 11:04:43.000,2025-04-12 05:51:07.000,Patrice.Darzens@sanofi.com.SAML4,cloudadmin@sanofi.com.doCDGC.prod,LCM,ACTIVE
61781,674459cbc15b061bf75f6ebc,PIN000000000O8,AVE0010-1_IND006,,Lixilan - T2DM - Lantus Combo - FixFlex - SC Route,BJ,Stopped,Stopped inactive,10067585,A,MDM,2024-11-25 11:04:43.000,2025-04-12 05:50:28.000,Patrice.Darzens@sanofi.com.SAML4,cloudadmin@sanofi.com.doCDGC.prod,Phase 1,ACTIVE
61782,674459cbc15b061bf75f6ebf,PIN000000000OB,AVE0010_IND002,Parkinson,Parkinson,BF,Stopped,Stopped inactive,10061536,N,MDM,2024-11-25 11:04:43.000,2025-04-16 05:52:15.000,Patrice.Darzens@sanofi.com.SAML4,cloudadmin@sanofi.com.doCDGC.prod,Phase 1,ACTIVE
61783,674459cbc15b061bf75f6ec0,PIN000000000OC,AVE0010_IND004,,Lyxumia - T2DM - Immediate Release - ELIXA final Results - EU Type 2 Variation,BJ,Completed,Completed inactive,10067585,A,MDM,2024-11-25 11:04:43.000,2025-04-12 05:51:03.000,Patrice.Darzens@sanofi.com.SAML4,cloudadmin@sanofi.com.doCDGC.prod,LCM,ACTIVE
61784,674459cbc15b061bf75f6ec4,PIN000000000OG,AVE0010_IND011,,Lyxumia - T2DM - Immediate Release - OAD Failure - China - SC Route,BJ,Completed,Completed inactive,10067585,A,MDM,2024-11-25 11:04:43.000,2025-04-12 05:51:08.000,Patrice.Darzens@sanofi.com.SAML4,cloudadmin@sanofi.com.doCDGC.prod,LCM,ACTIVE
61785,674459cbc15b061bf75f6ec6,PIN000000000OI,AVE0010_IND014,,Lixisenatide - T2DM - ToujeLyx Combo - SC Route,BJ,Stopped,Stopped inactive,10067585,A,MDM,2024-11-25 11:04:43.000,2025-04-12 05:51:08.000,Patrice.Darzens@sanofi.com.SAML4,cloudadmin@sanofi.com.doCDGC.prod,,ACTIVE
61786,674459cdc15b061bf75f7393,PIN000000000T5,LC81267_IND003,Myositis,Myositis,CF,Ongoing,Ongoing,10067584,,MDM,2024-11-25 11:04:45.000,2025-11-01 06:54:32.000,Patrice.Darzens@sanofi.com.SAML4,cloudadmin@sanofi.com.doCDGC.prod,,ACTIVE
61787,674459cdc15b061bf75f74fa,PIN000000000TA,LC81279_SERIE_SMALL_MOL_ONCO_DISCO,,Discovery,CI,Stopped,Stopped inactive,,,MDM,2024-11-25 11:04:45.000,2025-04-12 05:50:37.000,Patrice.Darzens@sanofi.com.SAML4,cloudadmin@sanofi.com.doCDGC.prod,,ACTIVE
61788,674459cdc15b061bf75f74fe,PIN000000000TE,LC81286_IND003,HS,Hidradenitis Suppurativa,CF,Ongoing,Ongoing,10020041,,MDM,2024-11-25 11:04:45.000,2025-08-09 05:52:57.000,Patrice.Darzens@sanofi.com.SAML4,cloudadmin@sanofi.com.doCDGC.prod,,ACTIVE
61789,674459cdc15b061bf75f7500,PIN000000000TG,LC81292_IND001,,Discovery,CI,Stopped,Stopped inactive,,,MDM,2024-11-25 11:04:45.000,2026-01-23 06:52:14.000,Patrice.Darzens@sanofi.com.SAML4,cloudadmin@sanofi.com.doCDGC.prod,,ACTIVE
61790,674459cdc15b061bf75f7501,PIN000000000TH,LC81293_SERIE_SMALL_MOL_DISCO,,Discovery,CF,Stopped,Stopped inactive,,,MDM,2024-11-25 11:04:45.000,2025-04-12 05:50:33.000,Patrice.Darzens@sanofi.com.SAML4,cloudadmin@sanofi.com.doCDGC.prod,,ACTIVE
61791,674459cdc15b061bf75f7502,PIN000000000TI,LC81294_IND001,,Discovery,CI,Stopped,Stopped inactive,10006187,,MDM,2024-11-25 11:04:45.000,2025-05-12 05:51:00.000,Patrice.Darzens@sanofi.com.SAML4,cloudadmin@sanofi.com.doCDGC.prod,,ACTIVE
61792,674459cdc15b061bf75f7504,PIN000000000TK,LC81296_IND001,,Discovery,CI,Stopped,Stopped inactive,10065252,,MDM,2024-11-25 11:04:45.000,2025-04-12 05:50:37.000,Patrice.Darzens@sanofi.com.SAML4,cloudadmin@sanofi.com.doCDGC.prod,,ACTIVE
61793,674459cdc15b061bf75f7505,PIN000000000TL,LC81298_IND001,,Serie for Bio Oncology Disco,CI,Stopped,Stopped inactive,10065252,,MDM,2024-11-25 11:04:45.000,2025-04-12 05:50:52.000,Patrice.Darzens@sanofi.com.SAML4,cloudadmin@sanofi.com.doCDGC.prod,,ACTIVE
61794,674459cdc15b061bf75f7508,PIN000000000TO,LC81315_IND001,,Serie for Bio Disco,CO,Stopped,Stopped inactive,10036813,,MDM,2024-11-25 11:04:45.000,2025-04-12 05:50:50.000,Patrice.Darzens@sanofi.com.SAML4,cloudadmin@sanofi.com.doCDGC.prod,,ACTIVE
61795,674459cdc15b061bf75f7509,PIN000000000TP,LC81316_IND002,SLE,Systemic Lupus Erythematosus,CF,Ongoing,Ongoing,10042945,,MDM,2024-11-25 11:04:45.000,2025-11-01 06:54:40.000,Patrice.Darzens@sanofi.com.SAML4,cloudadmin@sanofi.com.doCDGC.prod,,ACTIVE
61796,674459cdc15b061bf75f750b,PIN000000000TR,LC81317_IND001,Alzheimer,Alzheimer's Disease,CH,Completed,Completed active,10001896,,MDM,2024-11-25 11:04:45.000,2025-12-20 06:51:45.000,Patrice.Darzens@sanofi.com.SAML4,cloudadmin@sanofi.com.doCDGC.prod,,ACTIVE
61797,674459cdc15b061bf75f750c,PIN000000000TS,LC81317_IND003,FTD,Frontotemporal Dementia,CH,Ongoing,Ongoing,10068968,,MDM,2024-11-25 11:04:45.000,2025-11-13 06:50:41.000,Patrice.Darzens@sanofi.com.SAML4,cloudadmin@sanofi.com.doCDGC.prod,,ACTIVE
61798,674459cdc15b061bf75f750d,PIN000000000TT,LC81319_IND001,,Serie for Bio Oncology Disco,CI,Stopped,Stopped inactive,10065252,,MDM,2024-11-25 11:04:45.000,2025-04-12 05:50:59.000,Patrice.Darzens@sanofi.com.SAML4,cloudadmin@sanofi.com.doCDGC.prod,,ACTIVE
61799,674459cdc15b061bf75f7511,PIN000000000TX,LC81330_IND001,,Serie for small molecule Disco,CH,Stopped,Stopped inactive,,,MDM,2024-11-25 11:04:45.000,2025-04-12 05:50:55.000,Patrice.Darzens@sanofi.com.SAML4,cloudadmin@sanofi.com.doCDGC.prod,,ACTIVE
61800,674459cdc15b061bf75f7515,PIN000000000U1,LC81338_IND001,,Serie for Bio Oncology Disco,CI,Stopped,Stopped inactive,10065252,,MDM,2024-11-25 11:04:45.000,2025-04-12 05:51:09.000,Patrice.Darzens@sanofi.com.SAML4,cloudadmin@sanofi.com.doCDGC.prod,,ACTIVE
61801,674459cdc15b061bf75f7516,PIN000000000U2,LC81339_IND001,,Serie for Bio Oncology Disco,CI,Stopped,Stopped inactive,,,MDM,2024-11-25 11:04:45.000,2025-04-12 05:50:40.000,Patrice.Darzens@sanofi.com.SAML4,cloudadmin@sanofi.com.doCDGC.prod,,ACTIVE
61802,674459cdc15b061bf75f7518,PIN000000000U4,LC81341_IND003,LN,Lupus Nephritis,CF,Stopped,Stopped inactive,10025140,,MDM,2024-11-25 11:04:45.000,2025-06-17 05:50:06.000,Patrice.Darzens@sanofi.com.SAML4,cloudadmin@sanofi.com.doCDGC.prod,,ACTIVE
61803,674459cdc15b061bf75f7522,PIN000000000UE,LC81354_IND003,CRSwNP,Chronic Rhinosinusitis with Nasal Polyps,CF,Ongoing,Ongoing,10080060,,MDM,2024-11-25 11:04:45.000,2025-11-01 06:54:32.000,Patrice.Darzens@sanofi.com.SAML4,cloudadmin@sanofi.com.doCDGC.prod,,ACTIVE
61804,674459cdc15b061bf75f7523,PIN000000000UF,LC81354_IND004,EoE,Eosinophilic Esophagitis,CF,Ongoing,Ongoing,10064212,,MDM,2024-11-25 11:04:45.000,2025-11-01 06:54:27.000,Patrice.Darzens@sanofi.com.SAML4,cloudadmin@sanofi.com.doCDGC.prod,,ACTIVE
61805,674459cdc15b061bf75f7524,PIN000000000UG,LC81357_IND001,Neuropathic Pain,Neuropathic Pain,CH,Ongoing,Ongoing,10029223,,MDM,2024-11-25 11:04:45.000,2025-12-09 06:52:12.000,Patrice.Darzens@sanofi.com.SAML4,cloudadmin@sanofi.com.doCDGC.prod,,ACTIVE
61806,674459cdc15b061bf75f7526,PIN000000000UI,LC81359_IND001,AD,Atopic Dermatitis,CF,Stopped,Stopped active,10012438,,MDM,2024-11-25 11:04:45.000,2025-06-14 05:52:51.000,Patrice.Darzens@sanofi.com.SAML4,cloudadmin@sanofi.com.doCDGC.prod,,ACTIVE
61807,674459cdc15b061bf75f768c,PIN000000000UM,LC81364_IND001,,Serie for Bio Oncology Disco,CI,Stopped,Stopped inactive,,,MDM,2024-11-25 11:04:45.000,2025-04-12 05:51:01.000,Patrice.Darzens@sanofi.com.SAML4,cloudadmin@sanofi.com.doCDGC.prod,,ACTIVE
61808,674459cdc15b061bf75f768e,PIN000000000UO,LC81366_IND001,Parkinson,Parkinson's Disease,CH,Ongoing,Ongoing,10061536,,MDM,2024-11-25 11:04:45.000,2025-07-03 05:51:56.000,Patrice.Darzens@sanofi.com.SAML4,cloudadmin@sanofi.com.doCDGC.prod,,ACTIVE
61809,674459cdc15b061bf75f768f,PIN000000000UP,LC81368_IND001,B7H3+ Solid Tumors,B7H3+ Solid Tumors,CI,Ongoing,Ongoing,10065252,,MDM,2024-11-25 11:04:45.000,2026-01-09 08:01:45.000,Patrice.Darzens@sanofi.com.SAML4,cloudadmin@sanofi.com.doCDGC.prod,,ACTIVE
61810,674459cdc15b061bf75f7692,PIN000000000US,LC81369_IND004,SLE,Systemic Lupus Erythematosus,CF,Ongoing,Ongoing,10042945,,MDM,2024-11-25 11:04:45.000,2025-11-01 06:54:10.000,Patrice.Darzens@sanofi.com.SAML4,cloudadmin@sanofi.com.doCDGC.prod,,ACTIVE
61811,674459cdc15b061bf75f7693,PIN000000000UT,LC81370_IND001,ALS,Amyotrophic Lateral Sclerosis,CH,Ongoing,Ongoing,10002026,,MDM,2024-11-25 11:04:45.000,2025-12-11 06:51:18.000,Patrice.Darzens@sanofi.com.SAML4,cloudadmin@sanofi.com.doCDGC.prod,,ACTIVE
61812,674459cdc15b061bf75f7697,PIN000000000UX,LC81372_IND004,SLE,Systemic Lupus Erythematosus,CF,Ongoing,Ongoing,10042945,,MDM,2024-11-25 11:04:45.000,2025-11-01 06:54:29.000,Patrice.Darzens@sanofi.com.SAML4,cloudadmin@sanofi.com.doCDGC.prod,,ACTIVE
61813,674459cdc15b061bf75f769b,PIN000000000V1,LC81376_IND004,SLE,,CF,Ongoing,Ongoing,10042945,,MDM,2024-11-25 11:04:45.000,2025-11-01 06:54:35.000,Patrice.Darzens@sanofi.com.SAML4,cloudadmin@sanofi.com.doCDGC.prod,,ACTIVE
61814,674459cdc15b061bf75f769c,PIN000000000V2,LC81378_IND001,,Serie for Bio Disco,CH,Not Validated,Not Validated,,,MDM,2024-11-25 11:04:45.000,2025-08-09 05:52:59.000,Patrice.Darzens@sanofi.com.SAML4,cloudadmin@sanofi.com.doCDGC.prod,,ACTIVE
61815,674459cdc15b061bf75f769e,PIN000000000V4,LC81382_IND001,,Serie for Bio Oncology Disco,CI,Stopped,Stopped inactive,,,MDM,2024-11-25 11:04:45.000,2026-01-23 06:51:03.000,Patrice.Darzens@sanofi.com.SAML4,cloudadmin@sanofi.com.doCDGC.prod,,ACTIVE
61816,674459cdc15b061bf75f769f,PIN000000000V5,LC81387_IND001,,Serie for Bio Disco,CF,Stopped,Stopped inactive,,,MDM,2024-11-25 11:04:45.000,2025-04-12 05:50:33.000,Patrice.Darzens@sanofi.com.SAML4,cloudadmin@sanofi.com.doCDGC.prod,,ACTIVE
61817,674459cdc15b061bf75f76a1,PIN000000000V7,LC81389_IND001,,Serie for small molecule Oncology Disco,CI,Stopped,Stopped inactive,,,MDM,2024-11-25 11:04:45.000,2025-04-12 05:51:02.000,Patrice.Darzens@sanofi.com.SAML4,cloudadmin@sanofi.com.doCDGC.prod,,ACTIVE
61818,674459cdc15b061bf75f76a2,PIN000000000V8,LC81390_IND003,Asthma,Asthma,CF,Ongoing,Ongoing,10003553,,MDM,2024-11-25 11:04:45.000,2025-11-01 06:53:54.000,Patrice.Darzens@sanofi.com.SAML4,cloudadmin@sanofi.com.doCDGC.prod,,ACTIVE
61819,674459cdc15b061bf75f76a4,PIN000000000VA,LC81391_IND003,COPD,Chronic Obstructive Pulmonary Disease,CF,Completed,Completed inactive,10009033,,MDM,2024-11-25 11:04:45.000,2025-09-02 05:53:08.000,Patrice.Darzens@sanofi.com.SAML4,cloudadmin@sanofi.com.doCDGC.prod,,ACTIVE
61820,674459cdc15b061bf75f76a6,PIN000000000VC,LC81396_IND001,SLE,Systemic Lupus Erythematosus,CF,Ongoing,Ongoing,10042945,,MDM,2024-11-25 11:04:45.000,2025-11-16 06:52:16.000,Patrice.Darzens@sanofi.com.SAML4,cloudadmin@sanofi.com.doCDGC.prod,,ACTIVE
61821,674459cdc15b061bf75f76a7,PIN000000000VD,LC81396_IND003,LN,Lupus Nephritis,CF,Ongoing,Ongoing,10025140,,MDM,2024-11-25 11:04:45.000,2025-11-01 06:54:36.000,Patrice.Darzens@sanofi.com.SAML4,cloudadmin@sanofi.com.doCDGC.prod,,ACTIVE
61822,674459cdc15b061bf75f76a8,PIN000000000VE,LC81397_IND001,,Serie for Bio Disco,CF,Stopped,Stopped inactive,,,MDM,2024-11-25 11:04:45.000,2026-01-23 06:51:43.000,Patrice.Darzens@sanofi.com.SAML4,cloudadmin@sanofi.com.doCDGC.prod,,ACTIVE
61823,674459cdc15b061bf75f76a9,PIN000000000VF,LC81399_IND001,Asthma,Asthma,CF,Ongoing,Ongoing,10003553,,MDM,2024-11-25 11:04:45.000,2025-06-24 05:50:57.000,Patrice.Darzens@sanofi.com.SAML4,cloudadmin@sanofi.com.doCDGC.prod,,ACTIVE
61824,674459cdc15b061bf75f76ac,PIN000000000VI,LC81405_IND002,Asthma,Asthma,CF,Stopped,Stopped inactive,10003553,,MDM,2024-11-25 11:04:45.000,2025-10-08 05:50:48.000,Patrice.Darzens@sanofi.com.SAML4,cloudadmin@sanofi.com.doCDGC.prod,,ACTIVE
61825,674459cdc15b061bf75f76ad,PIN000000000VJ,LC81407_IND001,,Serie for small molecule Disco,CJ,Stopped,Stopped inactive,,,MDM,2024-11-25 11:04:45.000,2026-01-24 06:50:49.000,Patrice.Darzens@sanofi.com.SAML4,cloudadmin@sanofi.com.doCDGC.prod,,ACTIVE
61826,674459cdc15b061bf75f76b0,PIN000000000VM,LC81408_IND003,HS,Hidradenitis Suppurativa,CF,Ongoing,Ongoing,10020041,,MDM,2024-11-25 11:04:45.000,2025-11-01 06:54:31.000,Patrice.Darzens@sanofi.com.SAML4,cloudadmin@sanofi.com.doCDGC.prod,,ACTIVE
61827,674459cdc15b061bf75f76b3,PIN000000000VP,LC81412_IND004,CLE,Cutaneous Lupus Erythematosus,CF,Ongoing,Ongoing,10056509,,MDM,2024-11-25 11:04:45.000,2025-08-09 05:53:11.000,Patrice.Darzens@sanofi.com.SAML4,cloudadmin@sanofi.com.doCDGC.prod,,ACTIVE
61828,674459cdc15b061bf75f76b4,PIN000000000VQ,LC81412_IND005,LN,Lupus Nephritis,CF,Ongoing,Ongoing,10025140,,MDM,2024-11-25 11:04:45.000,2025-08-09 05:53:23.000,Patrice.Darzens@sanofi.com.SAML4,cloudadmin@sanofi.com.doCDGC.prod,,ACTIVE
61829,674459cdc15b061bf75f76b5,PIN000000000VR,LC81413_IND001,IBD,Inflammatory Bowel Disease,CF,Stopped,Stopped inactive,10021972,,MDM,2024-11-25 11:04:45.000,2025-12-12 06:51:36.000,Patrice.Darzens@sanofi.com.SAML4,cloudadmin@sanofi.com.doCDGC.prod,,ACTIVE
61830,674459cdc15b061bf75f76b8,PIN000000000VU,LC81414_IND004,OA,Osteoarthritis,CF,Ongoing,Ongoing,10031161,,MDM,2024-11-25 11:04:45.000,2025-11-01 06:54:06.000,Patrice.Darzens@sanofi.com.SAML4,cloudadmin@sanofi.com.doCDGC.prod,,ACTIVE
61831,674459cdc15b061bf75f76ba,PIN000000000VW,LC81415_IND001,EGFR-mutated NSCLC,EGFR-mutated NSCLC,CI,Ongoing,Ongoing,10061873,,MDM,2024-11-25 11:04:45.000,2026-01-22 06:50:20.000,Patrice.Darzens@sanofi.com.SAML4,cloudadmin@sanofi.com.doCDGC.prod,,ACTIVE
61832,674459cdc15b061bf75f76bb,PIN000000000VX,LC81416_IND001,AML,Acute Myeloid Leukemia,CI,Ongoing,Ongoing,10000880,,MDM,2024-11-25 11:04:45.000,2025-12-18 06:50:50.000,Patrice.Darzens@sanofi.com.SAML4,cloudadmin@sanofi.com.doCDGC.prod,,ACTIVE
61833,674459cec15b061bf75f7821,PIN000000000W1,LC81420_IND001,Alzheimer,Alzheimer's Disease,CH,Ongoing,Ongoing,10001896,,MDM,2024-11-25 11:04:46.000,2025-12-11 06:50:25.000,Patrice.Darzens@sanofi.com.SAML4,cloudadmin@sanofi.com.doCDGC.prod,,ACTIVE
61834,674459cec15b061bf75f7822,PIN000000000W2,LC81420_IND002,ALS,Amyotrophic Lateral Sclerosis,CH,Ongoing,Ongoing,10002026,,MDM,2024-11-25 11:04:46.000,2025-05-07 05:52:50.000,Patrice.Darzens@sanofi.com.SAML4,cloudadmin@sanofi.com.doCDGC.prod,,ACTIVE
61835,674459cec15b061bf75f7825,PIN000000000W5,LC81422_IND001,Alzheimer,Alzheimer's Disease,CH,Ongoing,Ongoing,10001896,,MDM,2024-11-25 11:04:46.000,2025-12-30 06:50:52.000,Patrice.Darzens@sanofi.com.SAML4,cloudadmin@sanofi.com.doCDGC.prod,,ACTIVE
61836,674459cec15b061bf75f782c,PIN000000000WC,LC81425_IND006,RA,Rheumatoid Arthritis,CF,Ongoing,Ongoing,10039073,,MDM,2024-11-25 11:04:46.000,2025-11-01 06:54:33.000,Patrice.Darzens@sanofi.com.SAML4,cloudadmin@sanofi.com.doCDGC.prod,,ACTIVE
61837,674459cec15b061bf75f782d,PIN000000000WD,MMV_SAR441121_INDIC_OTHERS,,Indication for Others file,HB,,,,,MDM,2024-11-25 11:04:46.000,2025-04-12 05:51:02.000,Patrice.Darzens@sanofi.com.SAML4,cloudadmin@sanofi.com.doCDGC.prod,,ACTIVE
61838,674459cec15b061bf75f7831,PIN000000000WH,OC00869_INDIC_OTHERS,,Indication for Others file,CI,,,,,MDM,2024-11-25 11:04:46.000,2025-04-12 05:50:39.000,Patrice.Darzens@sanofi.com.SAML4,cloudadmin@sanofi.com.doCDGC.prod,,ACTIVE
61839,674459cec15b061bf75f7833,PIN000000000WJ,OC00978_INDIC_OTHERS,,"Research Informatics (Genzyme, TS)",CL17,Stopped,Stopped inactive,,,MDM,2024-11-25 11:04:46.000,2025-04-12 05:51:06.000,Patrice.Darzens@sanofi.com.SAML4,cloudadmin@sanofi.com.doCDGC.prod,,ACTIVE
61840,674459cec15b061bf75f7834,PIN000000000WK,OC00989_INDIC_OTHERS,,Indication for Others file,CL10,Stopped,Stopped inactive,,,MDM,2024-11-25 11:04:46.000,2025-04-12 05:50:49.000,Patrice.Darzens@sanofi.com.SAML4,cloudadmin@sanofi.com.doCDGC.prod,,ACTIVE
61841,674459cec15b061bf75f7836,PIN000000000WM,OC01043_INDIC_OTHERS,,Indication for Others file,CL12,Stopped,Stopped inactive,,,MDM,2024-11-25 11:04:46.000,2025-04-12 05:50:59.000,Patrice.Darzens@sanofi.com.SAML4,cloudadmin@sanofi.com.doCDGC.prod,,ACTIVE
61842,674459cec15b061bf75f7837,PIN000000000WN,OC01148_INDIC_OTHERS,,Indication for Others file,CE,Stopped,Stopped inactive,,,MDM,2024-11-25 11:04:46.000,2025-04-12 05:50:35.000,Patrice.Darzens@sanofi.com.SAML4,cloudadmin@sanofi.com.doCDGC.prod,,ACTIVE
61843,674459cec15b061bf75f783a,PIN000000000WQ,OC01169_INDIC_OTHERS,,Biobank Sourcing and Management (TS),CL17,Stopped,Stopped inactive,,,MDM,2024-11-25 11:04:46.000,2025-04-12 05:51:01.000,Patrice.Darzens@sanofi.com.SAML4,cloudadmin@sanofi.com.doCDGC.prod,,ACTIVE
61844,674459cec15b061bf75f783b,PIN000000000WR,OC01175_INDIC_OTHERS,,Indication for Others file,CH,Stopped,Stopped inactive,,,MDM,2024-11-25 11:04:46.000,2025-04-12 05:50:35.000,Patrice.Darzens@sanofi.com.SAML4,cloudadmin@sanofi.com.doCDGC.prod,,ACTIVE
61845,674459cec15b061bf75f783d,PIN000000000WT,OC01185_INDIC_OTHERS,,PreciNASH Consortium,CE,Stopped,Stopped inactive,,,MDM,2024-11-25 11:04:46.000,2025-04-12 05:50:21.000,Patrice.Darzens@sanofi.com.SAML4,cloudadmin@sanofi.com.doCDGC.prod,,ACTIVE
61846,674459cec15b061bf75f7842,PIN000000000WY,OC01254_INDIC_OTHERS,,Indication for Others file,CI,,,,,MDM,2024-11-25 11:04:46.000,2025-12-20 06:50:38.000,Patrice.Darzens@sanofi.com.SAML4,cloudadmin@sanofi.com.doCDGC.prod,,ACTIVE
61847,674459cec15b061bf75f7845,PIN000000000X1,OC01603_INDIC_OTHERS,,Platform Improvement Initiatives (LMR),CL,,,,,MDM,2024-11-25 11:04:46.000,2025-04-12 05:51:11.000,Patrice.Darzens@sanofi.com.SAML4,cloudadmin@sanofi.com.doCDGC.prod,,ACTIVE
61848,674459cec15b061bf75f7846,PIN000000000X2,OC01604_INDIC_OTHERS,,PK Modulation (LMR),CL,Stopped,Stopped inactive,,,MDM,2024-11-25 11:04:46.000,2025-05-09 05:50:52.000,Patrice.Darzens@sanofi.com.SAML4,cloudadmin@sanofi.com.doCDGC.prod,,ACTIVE
61849,674459cec15b061bf75f7848,PIN000000000X4,OC01680_INDIC_OTHERS,,Indication for Others file,CH,Stopped,Stopped inactive,,,MDM,2024-11-25 11:04:46.000,2025-04-12 05:50:17.000,Patrice.Darzens@sanofi.com.SAML4,cloudadmin@sanofi.com.doCDGC.prod,,ACTIVE
61850,674459cec15b061bf75f7849,PIN000000000X5,OC01720_INDIC_OTHERS,,Indication for Others file,CF,,,,,MDM,2024-11-25 11:04:46.000,2025-12-19 06:51:44.000,Patrice.Darzens@sanofi.com.SAML4,cloudadmin@sanofi.com.doCDGC.prod,,ACTIVE
61851,674459cec15b061bf75f784b,PIN000000000X7,OC01820_INDIC_OTHERS,,ATTraction,CF,,,,,MDM,2024-11-25 11:04:46.000,2025-04-12 05:51:09.000,Patrice.Darzens@sanofi.com.SAML4,cloudadmin@sanofi.com.doCDGC.prod,,ACTIVE
61852,674459cec15b061bf75f784c,PIN000000000X8,OC01860_INDIC_OTHERS,,Indication for Others file,CJ,Ongoing,Ongoing,,,MDM,2024-11-25 11:04:46.000,2025-04-12 05:50:17.000,Patrice.Darzens@sanofi.com.SAML4,cloudadmin@sanofi.com.doCDGC.prod,,ACTIVE
61853,674459cec15b061bf75f784d,PIN000000000X9,OC01900_INDIC_OTHERS,,Indication for Others file,CL,,,,,MDM,2024-11-25 11:04:46.000,2025-04-12 05:51:10.000,Patrice.Darzens@sanofi.com.SAML4,cloudadmin@sanofi.com.doCDGC.prod,,ACTIVE
61854,674459cec15b061bf75f784e,PIN000000000XA,OC01901_INDIC_OTHERS,,Indication for Others file,CL,,,,,MDM,2024-11-25 11:04:46.000,2025-04-12 05:50:39.000,Patrice.Darzens@sanofi.com.SAML4,cloudadmin@sanofi.com.doCDGC.prod,,ACTIVE
61855,674459cec15b061bf75f784f,PIN000000000XB,OC01907_INDIC_OTHERS,,Immune Cell Engager Innovation - VLAIO (LMR),CL,,,,,MDM,2024-11-25 11:04:46.000,2025-04-12 05:50:37.000,Patrice.Darzens@sanofi.com.SAML4,cloudadmin@sanofi.com.doCDGC.prod,,ACTIVE
61856,674459cec15b061bf75f79b2,PIN000000000XC,OC01913_INDIC_OTHERS,,Indication for Others file,CO,Ongoing,Ongoing,,,MDM,2024-11-25 11:04:46.000,2025-06-19 05:51:23.000,Patrice.Darzens@sanofi.com.SAML4,cloudadmin@sanofi.com.doCDGC.prod,,ACTIVE
61857,674459cec15b061bf75f79b6,PIN000000000XG,OC01925_INDIC_OTHERS,,Indication for Others file,CL,,,,,MDM,2024-11-25 11:04:46.000,2025-04-12 05:51:03.000,Patrice.Darzens@sanofi.com.SAML4,cloudadmin@sanofi.com.doCDGC.prod,,ACTIVE
61858,674459cec15b061bf75f79b8,PIN000000000XI,OC01928_INDIC_OTHERS,,Indication for Others file,CI,,,,,MDM,2024-11-25 11:04:46.000,2025-04-29 05:50:58.000,Patrice.Darzens@sanofi.com.SAML4,cloudadmin@sanofi.com.doCDGC.prod,,ACTIVE
61859,674459cec15b061bf75f79b9,PIN000000000XJ,OC01929_INDIC_OTHERS,,Indication for Others file,CL,,,,,MDM,2024-11-25 11:04:46.000,2025-04-12 05:50:43.000,Patrice.Darzens@sanofi.com.SAML4,cloudadmin@sanofi.com.doCDGC.prod,,ACTIVE
61860,674459cec15b061bf75f79c2,PIN000000000XS,OC01955_IND001,,Indication for Others file,CF,,,,,MDM,2024-11-25 11:04:46.000,2025-04-12 05:51:01.000,Patrice.Darzens@sanofi.com.SAML4,cloudadmin@sanofi.com.doCDGC.prod,,ACTIVE
61861,674459cdc15b061bf75f738e,PIN000000000T0,LC81260_SERIE_BIO_DISCO,,Discovery,CJ,Stopped,Stopped inactive,,,MDM,2024-11-25 11:04:45.000,2025-04-12 05:50:52.000,Patrice.Darzens@sanofi.com.SAML4,cloudadmin@sanofi.com.doCDGC.prod,,ACTIVE
61862,674459cdc15b061bf75f738f,PIN000000000T1,LC81262_SERIE_SMALL_MOL_ONCO_DISCO,,Discovery,CI,Stopped,Stopped inactive,,,MDM,2024-11-25 11:04:45.000,2025-04-12 05:50:35.000,Patrice.Darzens@sanofi.com.SAML4,cloudadmin@sanofi.com.doCDGC.prod,,ACTIVE
61863,674459cdc15b061bf75f7390,PIN000000000T2,LC81266_SERIE_BIO_ONCO_DISCO,,Discovery,CI,Stopped,Stopped inactive,,,MDM,2024-11-25 11:04:45.000,2025-04-12 05:51:01.000,Patrice.Darzens@sanofi.com.SAML4,cloudadmin@sanofi.com.doCDGC.prod,,ACTIVE
61864,674459cdc15b061bf75f7391,PIN000000000T3,LC81267_IND001,IBD,Inflammatory Bowel Disease,CF,Ongoing,Ongoing,10021972,,MDM,2024-11-25 11:04:45.000,2026-01-13 06:50:49.000,Patrice.Darzens@sanofi.com.SAML4,cloudadmin@sanofi.com.doCDGC.prod,,ACTIVE
61865,674459cdc15b061bf75f7392,PIN000000000T4,LC81267_IND002,Sjogren's,Sjogren’s Syndrome,CF,Ongoing,Ongoing,10042945,,MDM,2024-11-25 11:04:45.000,2025-11-01 06:54:21.000,Patrice.Darzens@sanofi.com.SAML4,cloudadmin@sanofi.com.doCDGC.prod,,ACTIVE
61866,674459cdc15b061bf75f74f6,PIN000000000T6,LC81268_IND001,,Discovery,CJ,Stopped,Stopped inactive,,,MDM,2024-11-25 11:04:45.000,2025-04-12 05:50:51.000,Patrice.Darzens@sanofi.com.SAML4,cloudadmin@sanofi.com.doCDGC.prod,,ACTIVE
61867,674459cdc15b061bf75f74f7,PIN000000000T7,LC81273_IND001,,Discovery,CI,Stopped,Stopped inactive,,,MDM,2024-11-25 11:04:45.000,2025-04-12 05:51:07.000,Patrice.Darzens@sanofi.com.SAML4,cloudadmin@sanofi.com.doCDGC.prod,,ACTIVE
61868,674459cdc15b061bf75f74f8,PIN000000000T8,LC81274_IND001,Alzheimer,Alzheimer's Disease,CH,Stopped,Stopped active,10001896,,MDM,2024-11-25 11:04:45.000,2026-01-03 06:51:19.000,Patrice.Darzens@sanofi.com.SAML4,cloudadmin@sanofi.com.doCDGC.prod,,ACTIVE
61869,674459cdc15b061bf75f74f9,PIN000000000T9,LC81274_IND003,PMS,Progressive Multiple Sclerosis,CH,Ongoing,Ongoing,10028245,,MDM,2024-11-25 11:04:45.000,2025-10-30 06:51:03.000,Patrice.Darzens@sanofi.com.SAML4,cloudadmin@sanofi.com.doCDGC.prod,,ACTIVE
61870,674459cdc15b061bf75f74fb,PIN000000000TB,LC81281_IND001,,Discovery,CF,Completed,Completed inactive,,,MDM,2024-11-25 11:04:45.000,2025-04-12 05:50:49.000,Patrice.Darzens@sanofi.com.SAML4,cloudadmin@sanofi.com.doCDGC.prod,,ACTIVE
61871,674459cdc15b061bf75f74fc,PIN000000000TC,LC81285_SERIE_SMALL_MOL_DISCO,,Discovery,CF,Stopped,Stopped inactive,,,MDM,2024-11-25 11:04:45.000,2025-04-12 05:50:47.000,Patrice.Darzens@sanofi.com.SAML4,cloudadmin@sanofi.com.doCDGC.prod,,ACTIVE
61872,674459cdc15b061bf75f74fd,PIN000000000TD,LC81286_IND001,IBD,Inflammatory Bowel Disease,CF,Ongoing,Ongoing,10021972,,MDM,2024-11-25 11:04:45.000,2026-01-16 06:51:27.000,Patrice.Darzens@sanofi.com.SAML4,cloudadmin@sanofi.com.doCDGC.prod,,ACTIVE
61873,674459cdc15b061bf75f74ff,PIN000000000TF,LC81286_IND004,Crohn,Crohn's Disease,CF,Ongoing,Ongoing,10011401,,MDM,2024-11-25 11:04:45.000,2025-08-09 05:53:02.000,Patrice.Darzens@sanofi.com.SAML4,cloudadmin@sanofi.com.doCDGC.prod,,ACTIVE
61874,674459cdc15b061bf75f7503,PIN000000000TJ,LC81295_IND001,,Discovery,CI,Stopped,Stopped inactive,,,MDM,2024-11-25 11:04:45.000,2025-04-12 05:51:04.000,Patrice.Darzens@sanofi.com.SAML4,cloudadmin@sanofi.com.doCDGC.prod,,ACTIVE
61875,674459cdc15b061bf75f7506,PIN000000000TM,LC81299_IND001,DLBCL,Diffuse large B-cell lymphoma,CI,Completed,Completed active,10029547,,MDM,2024-11-25 11:04:45.000,2025-10-04 05:50:51.000,Patrice.Darzens@sanofi.com.SAML4,cloudadmin@sanofi.com.doCDGC.prod,,ACTIVE
61876,674459cdc15b061bf75f7507,PIN000000000TN,LC81313_IND001,,Serie for Bio Oncology Disco,CI,Completed,Completed inactive,10061451,,MDM,2024-11-25 11:04:45.000,2025-04-12 05:50:28.000,Patrice.Darzens@sanofi.com.SAML4,cloudadmin@sanofi.com.doCDGC.prod,,ACTIVE
61877,674459cdc15b061bf75f750a,PIN000000000TQ,LC81316_IND003,T1DM,Type 1 Diabetes,CF,Ongoing,Ongoing,10067584,,MDM,2024-11-25 11:04:45.000,2025-11-01 06:54:25.000,Patrice.Darzens@sanofi.com.SAML4,cloudadmin@sanofi.com.doCDGC.prod,,ACTIVE
61878,674459cdc15b061bf75f750e,PIN000000000TU,LC81321_IND001,,Serie for Bio Oncology Disco,CI,Stopped,Stopped inactive,,,MDM,2024-11-25 11:04:45.000,2025-04-12 05:50:46.000,Patrice.Darzens@sanofi.com.SAML4,cloudadmin@sanofi.com.doCDGC.prod,,ACTIVE
61879,674459cdc15b061bf75f750f,PIN000000000TV,LC81322_IND001,,Serie for Bio Oncology Disco,CI,Stopped,Stopped inactive,,,MDM,2024-11-25 11:04:45.000,2025-04-12 05:50:44.000,Patrice.Darzens@sanofi.com.SAML4,cloudadmin@sanofi.com.doCDGC.prod,,ACTIVE
61880,674459cdc15b061bf75f7510,PIN000000000TW,LC81329_IND001,,Serie for Bio Oncology Disco,CI,Stopped,Stopped inactive,,,MDM,2024-11-25 11:04:45.000,2025-04-12 05:50:49.000,Patrice.Darzens@sanofi.com.SAML4,cloudadmin@sanofi.com.doCDGC.prod,,ACTIVE
61881,674459cdc15b061bf75f7512,PIN000000000TY,LC81331_IND001,CPI R/R Solid Tumors,CPI R/R Solid Tumors,CI,Completed,Completed active,10065252,,MDM,2024-11-25 11:04:45.000,2025-12-20 06:51:16.000,Patrice.Darzens@sanofi.com.SAML4,cloudadmin@sanofi.com.doCDGC.prod,,ACTIVE
61882,674459cdc15b061bf75f7513,PIN000000000TZ,LC81332_IND001,,Serie for small molecule Disco,CF,Stopped,Stopped inactive,10012438,,MDM,2024-11-25 11:04:45.000,2025-04-12 05:50:46.000,Patrice.Darzens@sanofi.com.SAML4,cloudadmin@sanofi.com.doCDGC.prod,,ACTIVE
61883,674459cdc15b061bf75f7514,PIN000000000U0,LC81333_IND001,,Serie for Bio Disco,CF,Stopped,Stopped inactive,,,MDM,2024-11-25 11:04:45.000,2025-04-12 05:50:55.000,Patrice.Darzens@sanofi.com.SAML4,cloudadmin@sanofi.com.doCDGC.prod,,ACTIVE
61884,674459cdc15b061bf75f7517,PIN000000000U3,LC81340_IND001,,Serie for Bio Oncology Disco,CI,Stopped,Stopped inactive,,,MDM,2024-11-25 11:04:45.000,2025-04-12 05:51:09.000,Patrice.Darzens@sanofi.com.SAML4,cloudadmin@sanofi.com.doCDGC.prod,,ACTIVE
61885,674459cdc15b061bf75f7519,PIN000000000U5,LC81344_IND001,,Serie for Bio Disco,CJ,Stopped,Stopped inactive,10083873,,MDM,2024-11-25 11:04:45.000,2025-04-12 05:50:58.000,Patrice.Darzens@sanofi.com.SAML4,cloudadmin@sanofi.com.doCDGC.prod,,ACTIVE
61886,674459cfc15b061bf75f7e98,PIN0000000012O,SAR236553_IND051,Cardiovasc dis,Cardiovascular disorder,BJ,Ongoing,Ongoing,10007649,C,MDM,2024-11-25 11:04:47.000,2025-04-12 05:50:26.000,Patrice.Darzens@sanofi.com.SAML4,cloudadmin@sanofi.com.doCDGC.prod,,ACTIVE
61887,674459cfc15b061bf75f7e9a,PIN0000000012Q,SAR341402_IND002,,T1 & T2 Diabetes Mellitus - Solution - Japan,BJ,Completed,Completed inactive,10012594,A,MDM,2024-11-25 11:04:47.000,2025-04-12 05:50:58.000,Patrice.Darzens@sanofi.com.SAML4,cloudadmin@sanofi.com.doCDGC.prod,LCM,ACTIVE
61888,674459cfc15b061bf75f7e9b,PIN0000000012R,SAR341402_IND004,,T1 & T2 Diabetes Mellitus - Solution - Interchangeability,BJ,Stopped,Stopped inactive,10012594,A,MDM,2024-11-25 11:04:47.000,2025-04-12 05:51:01.000,Patrice.Darzens@sanofi.com.SAML4,cloudadmin@sanofi.com.doCDGC.prod,,ACTIVE
61889,674459cfc15b061bf75f7e9c,PIN0000000012S,SAR341402_IND005,,T1 & T2 Diabetes mellitus - A Insulin,BJ,Stopped,Stopped inactive,10012594,A,MDM,2024-11-25 11:04:47.000,2025-04-12 05:50:57.000,Patrice.Darzens@sanofi.com.SAML4,cloudadmin@sanofi.com.doCDGC.prod,,ACTIVE
61890,674459cfc15b061bf75f7e9e,PIN0000000012U,SAR341402_IND007,,T1 & T2 Diabetes mellitus - Premix 50/50 - SC Route,BJ,Stopped,Stopped inactive,10012594,A,MDM,2024-11-25 11:04:47.000,2025-04-12 05:50:28.000,Patrice.Darzens@sanofi.com.SAML4,cloudadmin@sanofi.com.doCDGC.prod,,ACTIVE
61891,674459cfc15b061bf75f7e9f,PIN0000000012V,SAR341402_IND008,T1&T2 DM - Premix 70-30,T1 & T2 Diabetes mellitus - Premix 70/30,BJ,Completed,Completed inactive,10012594,A,MDM,2024-11-25 11:04:47.000,2025-04-12 05:51:03.000,Patrice.Darzens@sanofi.com.SAML4,cloudadmin@sanofi.com.doCDGC.prod,LCM,ACTIVE
61892,674459d0c15b061bf75f8002,PIN0000000012W,SAR341402_IND009,,T1 & T2 Diabetes mellitus - Premix 70/30 - Interchangeability,BJ,Not Validated,Not Validated,10012594,A,MDM,2024-11-25 11:04:48.000,2025-04-12 05:51:03.000,Patrice.Darzens@sanofi.com.SAML4,cloudadmin@sanofi.com.doCDGC.prod,,ACTIVE
61893,674459d0c15b061bf75f8003,PIN0000000012X,SAR342434_IND001,T1&T2 DM - Lispro - Sol,T1 & T2 Diabetes Mellitus - Insulin Lispro Solution,BJ,Completed,Completed inactive,10012594,A,MDM,2024-11-25 11:04:48.000,2025-04-12 05:50:50.000,Patrice.Darzens@sanofi.com.SAML4,cloudadmin@sanofi.com.doCDGC.prod,LCM,ACTIVE
61894,674459d0c15b061bf75f8004,PIN0000000012Y,SAR342434_IND002,,T1 & T2 Diabetes Mellitus - 5mL vial - Clear Solution,BJ,Completed,Completed inactive,10012594,A,MDM,2024-11-25 11:04:48.000,2025-04-12 05:50:46.000,Patrice.Darzens@sanofi.com.SAML4,cloudadmin@sanofi.com.doCDGC.prod,LCM,ACTIVE
61895,674459d0c15b061bf75f8006,PIN00000000130,SAR342434_IND005,,T1 & T2 Diabetes - Premix 75/25 (NPL/Insulin Lispro),BJ,Stopped,Stopped inactive,10012594,A,MDM,2024-11-25 11:04:48.000,2025-04-12 05:50:21.000,Patrice.Darzens@sanofi.com.SAML4,cloudadmin@sanofi.com.doCDGC.prod,,ACTIVE
61896,674459d0c15b061bf75f8007,PIN00000000131,SAR408701_IND002,1L NSCLC w/pembro/CT,1L NSCLC - Moderate-High - Combo pembrolizumab +/- doublet CT,BG,Stopped,Stopped active,10061873,L,MDM,2024-11-25 11:04:48.000,2026-01-07 06:54:17.000,Patrice.Darzens@sanofi.com.SAML4,cloudadmin@sanofi.com.doCDGC.prod,Phase 2,ACTIVE
61897,674459d0c15b061bf75f800a,PIN00000000134,SAR408701_IND006,,SCLC,BG,Stopped,Stopped inactive,10058467,L,MDM,2024-11-25 11:04:48.000,2025-04-12 05:50:28.000,Patrice.Darzens@sanofi.com.SAML4,cloudadmin@sanofi.com.doCDGC.prod,,ACTIVE
61898,674459d0c15b061bf75f800b,PIN00000000135,SAR408701_IND008,,CRC Combo,BG,Stopped,Stopped inactive,10061451,L,MDM,2024-11-25 11:04:48.000,2026-01-23 06:50:35.000,Patrice.Darzens@sanofi.com.SAML4,cloudadmin@sanofi.com.doCDGC.prod,,ACTIVE
61899,674459d0c15b061bf75f800e,PIN00000000138,SAR439459_IND001,,METASTATIC MELANOMA,BG,Not Validated,Not Validated,10025650,L,MDM,2024-11-25 11:04:48.000,2025-04-12 05:50:59.000,Patrice.Darzens@sanofi.com.SAML4,cloudadmin@sanofi.com.doCDGC.prod,,ACTIVE
61900,674459d0c15b061bf75f800f,PIN00000000139,SAR439459_IND004,,CRC,BG,Not Validated,Not Validated,10061451,L,MDM,2024-11-25 11:04:48.000,2025-04-12 05:50:58.000,Patrice.Darzens@sanofi.com.SAML4,cloudadmin@sanofi.com.doCDGC.prod,,ACTIVE
61901,674459d0c15b061bf75f8015,PIN0000000013F,SAR439684_IND008,Viral Infection,Viral Infection,BG,Completed,Completed inactive,10047461,L,MDM,2024-11-25 11:04:48.000,2025-04-12 05:50:55.000,Patrice.Darzens@sanofi.com.SAML4,cloudadmin@sanofi.com.doCDGC.prod,,ACTIVE
61902,674459d0c15b061bf75f8016,PIN0000000013G,SAR439684_IND009,2L NSCLC w/ Chemo,2L NSCLC - Chemo Combo,BG,Stopped,Stopped inactive,10061873,L,MDM,2024-11-25 11:04:48.000,2025-04-12 05:50:24.000,Patrice.Darzens@sanofi.com.SAML4,cloudadmin@sanofi.com.doCDGC.prod,Phase 3,ACTIVE
61903,674459d0c15b061bf75f801a,PIN0000000013K,SAR439859_IND003,BC Adjuv,Early BC Adjuvant,BG,Stopped,Stopped inactive,10006187,L,MDM,2024-11-25 11:04:48.000,2025-04-12 05:50:56.000,Patrice.Darzens@sanofi.com.SAML4,cloudadmin@sanofi.com.doCDGC.prod,Phase 3,ACTIVE
61904,674459d0c15b061bf75f801d,PIN0000000013N,SAR439859_IND007,1L BC w/HER2,1L mBC - SERD + anti-HER2,BG,Not Validated,Not Validated,10006187,L,MDM,2024-11-25 11:04:48.000,2025-05-09 05:51:05.000,Patrice.Darzens@sanofi.com.SAML4,cloudadmin@sanofi.com.doCDGC.prod,Phase 1,ACTIVE
61905,674459d0c15b061bf75f8022,PIN0000000013S,SAR439954_IND004,,Type 2 Diabetes Mellitus - Pediatric - PO route,BJ,Not Validated,Not Validated,10067585,A,MDM,2024-11-25 11:04:48.000,2025-04-12 05:50:24.000,Patrice.Darzens@sanofi.com.SAML4,cloudadmin@sanofi.com.doCDGC.prod,,ACTIVE
61906,674459d0c15b061bf75f8025,PIN0000000013V,SAR439977_IND003,,QW-GLP1-T2DM-China program,BJ,Not Validated,Not Validated,10067585,,MDM,2024-11-25 11:04:48.000,2025-04-12 05:50:33.000,Patrice.Darzens@sanofi.com.SAML4,cloudadmin@sanofi.com.doCDGC.prod,,ACTIVE
61907,674459d0c15b061bf75f8027,PIN0000000013X,SAR440234_IND001,AML,Acute Myeloid Leukemia,BG,Stopped,Stopped inactive,10000880,L,MDM,2024-11-25 11:04:48.000,2025-09-02 05:53:31.000,Patrice.Darzens@sanofi.com.SAML4,cloudadmin@sanofi.com.doCDGC.prod,Phase 1,ACTIVE
61908,674459d0c15b061bf75f802b,PIN00000000141,SAR441344_IND002,RMS,Relapsing Multiple Sclerosis,BF,Ongoing,Ongoing,10063399,N,MDM,2024-11-25 11:04:48.000,2025-12-13 06:51:56.000,Patrice.Darzens@sanofi.com.SAML4,cloudadmin@sanofi.com.doCDGC.prod,Phase 3,ACTIVE
61909,674459d0c15b061bf75f802c,PIN00000000142,SAR441344_IND003,SLE,Systemic Lupus Erythematosus,BE,Stopped,Stopped active,10042945,M,MDM,2024-11-25 11:04:48.000,2026-01-15 08:25:43.000,Patrice.Darzens@sanofi.com.SAML4,cloudadmin@sanofi.com.doCDGC.prod,Phase 2A,ACTIVE
61910,674459d0c15b061bf75f802e,PIN00000000144,SAR441344_IND005,T1D Stage 3 Newly Diagn,"Type 1 Diabetes, Stage 3 - Newly diagnosed",BJ,Ongoing,Ongoing,10091460,A,MDM,2024-11-25 11:04:48.000,2026-01-08 07:09:37.000,Patrice.Darzens@sanofi.com.SAML4,cloudadmin@sanofi.com.doCDGC.prod,Phase 2,ACTIVE
61911,674459d0c15b061bf75f8031,PIN00000000147,SAR441344_IND008,nr-SPMS,Non-Relapsing Secondary Progressive Multiple Sclerosis,BF,Ongoing,Ongoing,10063400,N,MDM,2024-11-25 11:04:48.000,2025-11-19 08:08:19.000,Patrice.Darzens@sanofi.com.SAML4,cloudadmin@sanofi.com.doCDGC.prod,Phase 3,ACTIVE
61912,674459d0c15b061bf75f8032,PIN00000000148,SAR441344_IND009,PFSGS/MCD,Primary Focal Segmental Glomerular Sclerosis / Minimal Change Disease - Adult & Ped - 2yr+,BH,Ongoing,Ongoing,10067757,L,MDM,2024-11-25 11:04:48.000,2025-09-30 05:51:11.000,Patrice.Darzens@sanofi.com.SAML4,cloudadmin@sanofi.com.doCDGC.prod,Phase 2A,ACTIVE
61913,674459d0c15b061bf75f8197,PIN0000000014B,SAR442085_IND005,RR Amyloidosis,Amyloidosis RR +Vd - IV/SC,BG,Not Validated,Not Validated,10002022,L,MDM,2024-11-25 11:04:48.000,2025-04-12 05:50:47.000,Patrice.Darzens@sanofi.com.SAML4,cloudadmin@sanofi.com.doCDGC.prod,Phase 1,ACTIVE
61914,674459d0c15b061bf75f8199,PIN0000000014D,SAR442168_IND003,nr-SPMS,Nonrelapsing Secondary Progressive Multiple Sclerosis,BF,Ongoing,Ongoing,10063400,N,MDM,2024-11-25 11:04:48.000,2026-01-08 07:10:45.000,Patrice.Darzens@sanofi.com.SAML4,cloudadmin@sanofi.com.doCDGC.prod,Regulatory submission,ACTIVE
61915,674459d0c15b061bf75f819f,PIN0000000014J,SAR442720_IND004,2L NSCLC w/KRAS inhib,2L NSCLC  - Combo KRASG12Ci inhibitor,BG,Stopped,Stopped inactive,10061873,L,MDM,2024-11-25 11:04:48.000,2025-05-03 05:51:43.000,Patrice.Darzens@sanofi.com.SAML4,cloudadmin@sanofi.com.doCDGC.prod,Phase 2,ACTIVE
61916,674459d0c15b061bf75f81a3,PIN0000000014N,SAR442970_IND002,RA,Rheumatoid Arthritis,BE,Not Validated,Not Validated,10039073,RH,MDM,2024-11-25 11:04:48.000,2025-04-12 05:51:09.000,Patrice.Darzens@sanofi.com.SAML4,cloudadmin@sanofi.com.doCDGC.prod,Phase 1,ACTIVE
61917,674459d0c15b061bf75f81a5,PIN0000000014P,SAR442970_IND004,Crohn,Crohn's Disease,BE,Ongoing,Ongoing,10011401,A,MDM,2024-11-25 11:04:48.000,2025-12-04 06:50:57.000,Patrice.Darzens@sanofi.com.SAML4,cloudadmin@sanofi.com.doCDGC.prod,Phase 2,ACTIVE
61918,674459d0c15b061bf75f81a7,PIN0000000014R,SAR442970_IND006,T1D Stage 3 Newly Diagn,"Type 1 diabetes, Stage 3 - Newly diagnosed",BJ,Ongoing,Ongoing,10091460,A,MDM,2024-11-25 11:04:48.000,2026-01-23 06:51:30.000,Patrice.Darzens@sanofi.com.SAML4,cloudadmin@sanofi.com.doCDGC.prod,Phase 2,ACTIVE
61919,674459d0c15b061bf75f81a8,PIN0000000014S,SAR443122_IND001,CLE,Cutaneous Lupus Erythematosus,BE,Stopped,Stopped inactive,10056509,D,MDM,2024-11-25 11:04:48.000,2025-12-06 06:53:22.000,Patrice.Darzens@sanofi.com.SAML4,cloudadmin@sanofi.com.doCDGC.prod,Phase 2A,ACTIVE
61920,674459d0c15b061bf75f81aa,PIN0000000014U,SAR443216_IND001,Gastric Cancer,Gastric Cancer,BG,Stopped,Stopped active,10017758,L,MDM,2024-11-25 11:04:48.000,2025-11-20 06:50:21.000,Patrice.Darzens@sanofi.com.SAML4,cloudadmin@sanofi.com.doCDGC.prod,Phase 1,ACTIVE
61921,674459d0c15b061bf75f81ab,PIN0000000014V,SAR443216_IND002,Breast Cancer,Breast Cancer,BG,Not Validated,Not Validated,10006187,L,MDM,2024-11-25 11:04:48.000,2025-04-12 05:51:02.000,Patrice.Darzens@sanofi.com.SAML4,cloudadmin@sanofi.com.doCDGC.prod,Phase 1,ACTIVE
61922,674459d0c15b061bf75f81af,PIN0000000014Z,SAR443579_IND008,MRD+ HSCT,AML - Minimal Residual Disease+ pre-Hematopoietic Stem Cell Transplantation,BG,Not Validated,Not Validated,10057677,L,MDM,2024-11-25 11:04:48.000,2025-12-19 06:51:20.000,Patrice.Darzens@sanofi.com.SAML4,cloudadmin@sanofi.com.doCDGC.prod,Initiation,ACTIVE
61923,674459d0c15b061bf75f81b0,PIN00000000150,SAR443765_IND002,CRSwNP,Chronic Rhinosinusitis with Nasal Polyps,BE,Ongoing,Ongoing,10080060,R,MDM,2024-11-25 11:04:48.000,2025-12-11 06:51:44.000,Patrice.Darzens@sanofi.com.SAML4,cloudadmin@sanofi.com.doCDGC.prod,Phase 2,ACTIVE
61924,674459d0c15b061bf75f81b3,PIN00000000153,SAR443809_IND001,PNH,Paroxysmal nocturnal hemoglobinuria,BH,Stopped,Stopped inactive,10034042,B,MDM,2024-11-25 11:04:48.000,2025-04-12 05:50:46.000,Patrice.Darzens@sanofi.com.SAML4,cloudadmin@sanofi.com.doCDGC.prod,Preclinical,ACTIVE
61925,674459d0c15b061bf75f81b7,PIN00000000157,SAR443820_IND001,ALS,Amyotrophic Lateral Sclerosis,BF,Stopped,Stopped inactive,10002026,N,MDM,2024-11-25 11:04:48.000,2026-01-10 06:51:10.000,Patrice.Darzens@sanofi.com.SAML4,cloudadmin@sanofi.com.doCDGC.prod,Phase 2,ACTIVE
61926,674459d0c15b061bf75f81b8,PIN00000000158,SAR443820_IND002,nr-SPMS,Nonrelapsing Secondary Progressive Multiple Sclerosis,BF,Stopped,Stopped active,10028245,N,MDM,2024-11-25 11:04:48.000,2025-10-18 05:50:54.000,Patrice.Darzens@sanofi.com.SAML4,cloudadmin@sanofi.com.doCDGC.prod,Phase 2,ACTIVE
61927,674459d0c15b061bf75f81b9,PIN00000000159,SAR443820_IND003,PPMS,Primary Progressive Multiple Sclerosis,BF,Not Validated,Not Validated,10028245,N,MDM,2024-11-25 11:04:48.000,2025-04-12 05:51:09.000,Patrice.Darzens@sanofi.com.SAML4,cloudadmin@sanofi.com.doCDGC.prod,Initiation,ACTIVE
61928,674459d0c15b061bf75f81be,PIN0000000015E,SAR444559_IND001,SLE,Systemic Lupus Erythematosus,BE,Stopped,Stopped inactive,10042945,M,MDM,2024-11-25 11:04:48.000,2025-08-09 05:53:15.000,Patrice.Darzens@sanofi.com.SAML4,cloudadmin@sanofi.com.doCDGC.prod,Phase 1,ACTIVE
61929,674459d0c15b061bf75f81bf,PIN0000000015F,SAR444656_IND001,AD,Atopic Dermatitis,BE,Stopped,Stopped active,10012438,D,MDM,2024-11-25 11:04:48.000,2026-01-24 06:50:48.000,Patrice.Darzens@sanofi.com.SAML4,cloudadmin@sanofi.com.doCDGC.prod,Phase 2A,ACTIVE
61930,674459d0c15b061bf75f81c0,PIN0000000015G,SAR444656_IND002,,Rheumatoid Arthritis_Cancelled,BE,Not Validated,Not Validated,10039073,RH,MDM,2024-11-25 11:04:48.000,2025-04-12 05:50:43.000,Patrice.Darzens@sanofi.com.SAML4,cloudadmin@sanofi.com.doCDGC.prod,,ACTIVE
61931,674459d0c15b061bf75f81c1,PIN0000000015H,SAR444656_IND003,HS,Hidradenitis Suppurativa,BE,Stopped,Stopped active,10020041,D,MDM,2024-11-25 11:04:48.000,2026-01-07 06:54:15.000,Patrice.Darzens@sanofi.com.SAML4,cloudadmin@sanofi.com.doCDGC.prod,Phase 2A,ACTIVE
61932,674459d0c15b061bf75f81c3,PIN0000000015J,SAR444671_IND004,LN,Lupus Nephritis,BE,Stopped,Stopped inactive,10025140,RH,MDM,2024-11-25 11:04:48.000,2025-04-12 05:50:50.000,Patrice.Darzens@sanofi.com.SAML4,cloudadmin@sanofi.com.doCDGC.prod,,ACTIVE
61933,674459d0c15b061bf75f81c4,PIN0000000015K,SAR444671_IND006,CSU - Adult & Ped 12-17y,Chronic Spontaneous Urticaria - Adult & Ped - 12-17 years,BE,Ongoing,Ongoing,10072757,D,MDM,2024-11-25 11:04:48.000,2025-11-25 06:54:24.000,Patrice.Darzens@sanofi.com.SAML4,cloudadmin@sanofi.com.doCDGC.prod,Phase 2,ACTIVE
61934,674459d0c15b061bf75f81c6,PIN0000000015M,SAR444671_IND011,PFSGS/MCD,Primary Focal Segmental Glomerular Sclerosis / Minimal Change Disease - Adult & Ped - 2yr+,BH,Ongoing,Ongoing,10067757,L,MDM,2024-11-25 11:04:48.000,2025-12-20 06:50:42.000,Patrice.Darzens@sanofi.com.SAML4,cloudadmin@sanofi.com.doCDGC.prod,Phase 2A,ACTIVE
61935,674459d1c15b061bf75f832d,PIN0000000015R,SAR444881_IND001,2L CRC w/Cetux,2L CRC (RAS WT)- Combo cetuximab,BG,Stopped,Stopped active,10061451,L,MDM,2024-11-25 11:04:49.000,2025-08-09 05:53:26.000,Patrice.Darzens@sanofi.com.SAML4,cloudadmin@sanofi.com.doCDGC.prod,Phase 1,ACTIVE
61936,674459d1c15b061bf75f8330,PIN0000000015U,SAR444994_IND001,,Indication for Biologic Oncology Dev,BG,Not Validated,Not Validated,10007050,L,MDM,2024-11-25 11:04:49.000,2025-04-12 05:50:58.000,Patrice.Darzens@sanofi.com.SAML4,cloudadmin@sanofi.com.doCDGC.prod,,ACTIVE
61937,674459d1c15b061bf75f8332,PIN0000000015W,SAR445088_IND005,Dermatomyositis,Dermatomyositis,BE,Not Validated,Not Validated,10012503,M,MDM,2024-11-25 11:04:49.000,2025-10-15 05:52:17.000,Patrice.Darzens@sanofi.com.SAML4,cloudadmin@sanofi.com.doCDGC.prod,Phase 1,ACTIVE
61938,674459d1c15b061bf75f8334,PIN0000000015Y,SAR445136_IND001,SCD - Adult & ped,Sickle Cell Disease - Adults and Pediatric,BI,Stopped,Stopped inactive,10040644,B,MDM,2024-11-25 11:04:49.000,2025-04-12 05:50:43.000,Patrice.Darzens@sanofi.com.SAML4,cloudadmin@sanofi.com.doCDGC.prod,Phase 1,ACTIVE
61939,674459d1c15b061bf75f8335,PIN0000000015Z,SAR445229_IND002,Asthma,Asthma,BE,Ongoing,Ongoing,10003553,R,MDM,2024-11-25 11:04:49.000,2025-12-03 08:28:55.000,Patrice.Darzens@sanofi.com.SAML4,cloudadmin@sanofi.com.doCDGC.prod,Phase 2,ACTIVE
61940,674459d1c15b061bf75f8336,PIN00000000160,SAR445229_IND003,SSc,Systemic Sclerosis,BE,Stopped,Stopped active,10042953,D,MDM,2024-11-25 11:04:49.000,2025-12-06 06:53:03.000,Patrice.Darzens@sanofi.com.SAML4,cloudadmin@sanofi.com.doCDGC.prod,Phase 2,ACTIVE
61941,674459d1c15b061bf75f8337,PIN00000000161,SAR445229_IND004,HS,Hidradenitis Suppurativa,BE,Stopped,Stopped active,10020041,D,MDM,2024-11-25 11:04:49.000,2026-01-21 06:50:35.000,Patrice.Darzens@sanofi.com.SAML4,cloudadmin@sanofi.com.doCDGC.prod,Phase 2,ACTIVE
61942,674459d1c15b061bf75f8338,PIN00000000162,SAR445229_IND005,Alopecia Areata,Alopecia Areata,BE,Stopped,Stopped active,10001761,D,MDM,2024-11-25 11:04:49.000,2026-01-21 06:50:50.000,Patrice.Darzens@sanofi.com.SAML4,cloudadmin@sanofi.com.doCDGC.prod,Phase 2,ACTIVE
61943,674459d1c15b061bf75f8342,PIN0000000016C,SAR445514_IND005,RRMM - 4x expo post TCE,Quad Class exposed RRMM- post TCE,BG,Stopped,Stopped active,10086466,L,MDM,2024-11-25 11:04:49.000,2025-12-09 06:52:39.000,Patrice.Darzens@sanofi.com.SAML4,cloudadmin@sanofi.com.doCDGC.prod,Phase 1,ACTIVE
61944,674459d1c15b061bf75f8344,PIN0000000016E,SAR445611_IND001,Dermatomyositis,Dermatomyositis,BE,Stopped,Stopped active,10012503,M,MDM,2024-11-25 11:04:49.000,2025-08-27 05:51:59.000,Patrice.Darzens@sanofi.com.SAML4,cloudadmin@sanofi.com.doCDGC.prod,Phase 1,ACTIVE
61945,674459d1c15b061bf75f8345,PIN0000000016F,SAR445701_IND001,MLD - Ped 6-30m,Metachromatic leukodystrophy - Ped - 6-30 months,BF,Stopped,Stopped active,10067609,N,MDM,2024-11-25 11:04:49.000,2025-08-27 05:52:24.000,Patrice.Darzens@sanofi.com.SAML4,cloudadmin@sanofi.com.doCDGC.prod,Preclinical,ACTIVE
61946,674459d1c15b061bf75f8349,PIN0000000016J,SAR445877_IND008,2L GC,2L Gastric cancer - Mono,BG,Ongoing,Ongoing,10017758,L,MDM,2024-11-25 11:04:49.000,2026-01-23 06:52:01.000,Patrice.Darzens@sanofi.com.SAML4,cloudadmin@sanofi.com.doCDGC.prod,Initiation,ACTIVE
61947,674459d1c15b061bf75f834c,PIN0000000016M,SAR445953_IND007,2L PDAC - Combo,2L Pancreatic ductal adenocarcinoma - Combo,BG,To be Validated,To be Validated,10033609,L,MDM,2024-11-25 11:04:49.000,2025-11-21 06:53:54.000,Patrice.Darzens@sanofi.com.SAML4,cloudadmin@sanofi.com.doCDGC.prod,Initiation,ACTIVE
61948,674459d1c15b061bf75f834d,PIN0000000016N,SAR445953_IND008,2L nsqNSCLC - Mono,2L nsqNSCLC - Mono,BG,To be Validated,To be Validated,10061873,L,MDM,2024-11-25 11:04:49.000,2025-11-13 06:50:14.000,Patrice.Darzens@sanofi.com.SAML4,cloudadmin@sanofi.com.doCDGC.prod,Initiation,ACTIVE
61949,674459d1c15b061bf75f8353,PIN0000000016T,SAR446309_IND003,1L mCRC w/chemo,1L Metastatic Colorectal Cancer - Combo chemo,BG,Not Validated,Not Validated,10061451,L,MDM,2024-11-25 11:04:49.000,2025-04-12 05:51:04.000,Patrice.Darzens@sanofi.com.SAML4,cloudadmin@sanofi.com.doCDGC.prod,Phase 1,ACTIVE
61950,674459d1c15b061bf75f8355,PIN0000000016V,SAR446309_IND005,2L mBC Low – Combo,2L Metastatic Breast Cancer - Low expression - Combo,BG,Not Validated,Not Validated,10006187,L,MDM,2024-11-25 11:04:49.000,2025-04-12 05:50:50.000,Patrice.Darzens@sanofi.com.SAML4,cloudadmin@sanofi.com.doCDGC.prod,Phase 1,ACTIVE
61951,674459d1c15b061bf75f8356,PIN0000000016W,SAR446309_IND006,3L+ mCRC w/Pembro,3L+ Metastatic Colorectal Cancer - Combo pembrolizumab,BG,Not Validated,Not Validated,10061451,L,MDM,2024-11-25 11:04:49.000,2025-04-12 05:50:50.000,Patrice.Darzens@sanofi.com.SAML4,cloudadmin@sanofi.com.doCDGC.prod,Phase 1,ACTIVE
61952,674459d1c15b061bf75f8357,PIN0000000016X,SAR446309_IND007,Solid Tumors w/Pembro,Solid tumor - Combo pembrolizumab,BG,Not Validated,Not Validated,10065252,L,MDM,2024-11-25 11:04:49.000,2025-04-12 05:50:40.000,Patrice.Darzens@sanofi.com.SAML4,cloudadmin@sanofi.com.doCDGC.prod,Phase 1,ACTIVE
61953,674459d1c15b061bf75f8358,PIN0000000016Y,SAR446329_IND001,3L mCRPC - Combo,3L Metastatic Castration Resistant Prostate Cancer - pluvicto naive - Combo,BG,Stopped,Stopped inactive,10060862,L,MDM,2024-11-25 11:04:49.000,2025-10-03 05:50:43.000,Patrice.Darzens@sanofi.com.SAML4,cloudadmin@sanofi.com.doCDGC.prod,Phase 1,ACTIVE
61954,674459d1c15b061bf75f8359,PIN0000000016Z,SAR446329_IND002,3L mCRPC w/Pluvicto,3L Metastatic Castration Resistant Prostate Cancer - Combo Pluvicto,BG,Not Validated,Not Validated,10060862,L,MDM,2024-11-25 11:04:49.000,2025-04-12 05:50:24.000,Patrice.Darzens@sanofi.com.SAML4,cloudadmin@sanofi.com.doCDGC.prod,Phase 1,ACTIVE
61955,674459d1c15b061bf75f835a,PIN00000000170,SAR446329_IND003,1-2L mCRPC - Combo,1-2L Metastatic Castration Resistant Prostate Cancer - Combo,BG,Not Validated,Not Validated,10060862,L,MDM,2024-11-25 11:04:49.000,2025-04-12 05:50:56.000,Patrice.Darzens@sanofi.com.SAML4,cloudadmin@sanofi.com.doCDGC.prod,Phase 1,ACTIVE
61956,674459d1c15b061bf75f835b,PIN00000000171,SAR446329_IND005,HSPC - Combo,Hormone Sensitive Prostate Cancer - Combo,BG,Not Validated,Not Validated,10060862,L,MDM,2024-11-25 11:04:49.000,2025-04-12 05:50:49.000,Patrice.Darzens@sanofi.com.SAML4,cloudadmin@sanofi.com.doCDGC.prod,Phase 1,ACTIVE
61957,674459d1c15b061bf75f84bf,PIN00000000173,SAR446385_IND001,Solid Tumors,Solid Tumors,BG,Not Validated,Not Validated,10027407,L,MDM,2024-11-25 11:04:49.000,2025-04-12 05:50:54.000,Patrice.Darzens@sanofi.com.SAML4,cloudadmin@sanofi.com.doCDGC.prod,,ACTIVE
61958,674459d1c15b061bf75f84c0,PIN00000000174,SAR446422_IND001,ILD,Connective Tissue Disease - Interstitial Lung Disease,BE,Ongoing,Ongoing,10022611,R,MDM,2024-11-25 11:04:49.000,2026-01-21 06:50:57.000,Patrice.Darzens@sanofi.com.SAML4,cloudadmin@sanofi.com.doCDGC.prod,Phase 1,ACTIVE
61959,674459d1c15b061bf75f84c2,PIN00000000176,SAR446450_IND002,1L HGG,1L High Grade Glioma,BG,Not Validated,Not Validated,10018336,L,MDM,2024-11-25 11:04:49.000,2025-04-12 05:50:30.000,Patrice.Darzens@sanofi.com.SAML4,cloudadmin@sanofi.com.doCDGC.prod,Preclinical,ACTIVE
61960,674459d1c15b061bf75f84c5,PIN00000000179,SAR446597_IND001,AMD – Geo atrophy,Age-related macular degeneration - Geographic Atrophy,BU,Ongoing,Ongoing,10063947,S,MDM,2024-11-25 11:04:49.000,2025-11-05 08:19:51.000,Patrice.Darzens@sanofi.com.SAML4,cloudadmin@sanofi.com.doCDGC.prod,Phase 1,ACTIVE
61961,674459d1c15b061bf75f84c7,PIN0000000017B,SAR446681_IND002,T1D Stage 3 Newly Diagn,"Type 1 diabetes, Stage 3 - Newly diagnosed",BJ,Ongoing,Ongoing,10091460,A,MDM,2024-11-25 11:04:49.000,2026-01-23 06:50:36.000,Patrice.Darzens@sanofi.com.SAML4,cloudadmin@sanofi.com.doCDGC.prod,Regulatory submission,ACTIVE
61962,674459d1c15b061bf75f84c8,PIN0000000017C,SAR446778_IND001,Non-resp Celiac Disease,Gluten-free diet Non responsive Celiac disease,BE,Not Validated,Not Validated,10007864,A,MDM,2024-11-25 11:04:49.000,2025-08-27 05:52:15.000,Patrice.Darzens@sanofi.com.SAML4,cloudadmin@sanofi.com.doCDGC.prod,Phase 2B,ACTIVE
61963,674459d1c15b061bf75f84cb,PIN0000000017F,SAR447189_IND003,HS,Hidradenitis Suppurativa,BE,Ongoing,Ongoing,10020041,D,MDM,2024-11-25 11:04:49.000,2026-01-24 06:51:18.000,Patrice.Darzens@sanofi.com.SAML4,cloudadmin@sanofi.com.doCDGC.prod,Initiation,ACTIVE
61964,674459d1c15b061bf75f84cc,PIN0000000017G,SAR447189_IND004,EoE,Eosinophilic Esophagitis,BE,To be Validated,To be Validated,10064212,A,MDM,2024-11-25 11:04:49.000,2026-01-23 06:52:26.000,Patrice.Darzens@sanofi.com.SAML4,cloudadmin@sanofi.com.doCDGC.prod,Initiation,ACTIVE
61965,674459cfc15b061bf75f7e99,PIN0000000012P,SAR236553_IND053,,Dyslipidemia,BJ,Ongoing,Ongoing,10058108,C,MDM,2024-11-25 11:04:47.000,2025-04-12 05:50:30.000,Patrice.Darzens@sanofi.com.SAML4,cloudadmin@sanofi.com.doCDGC.prod,,ACTIVE
61966,674459cfc15b061bf75f7e9d,PIN0000000012T,SAR341402_IND006,,T1 & T2 Diabetes mellitus - Premix 30/70,BJ,Stopped,Stopped inactive,10012594,A,MDM,2024-11-25 11:04:47.000,2025-04-12 05:51:01.000,Patrice.Darzens@sanofi.com.SAML4,cloudadmin@sanofi.com.doCDGC.prod,,ACTIVE
61967,674459d0c15b061bf75f8005,PIN0000000012Z,SAR342434_IND004,T1&T2 DM - Lispro - Sol-Interch,T1 & T2 Diabetes Mellitus - Insulin Lispro Solution - Interchangeability,BJ,Stopped,Stopped active,10012594,A,MDM,2024-11-25 11:04:48.000,2025-08-26 05:53:08.000,Patrice.Darzens@sanofi.com.SAML4,cloudadmin@sanofi.com.doCDGC.prod,Phase 1,ACTIVE
61968,674459d0c15b061bf75f8008,PIN00000000132,SAR408701_IND004,2L GC Hi w/ramu,2L Gastric Cancer - High expression - Combo ramucirumab,BG,Stopped,Stopped active,10017758,L,MDM,2024-11-25 11:04:48.000,2025-11-21 06:53:57.000,Patrice.Darzens@sanofi.com.SAML4,cloudadmin@sanofi.com.doCDGC.prod,Phase 2,ACTIVE
61969,674459d0c15b061bf75f8009,PIN00000000133,SAR408701_IND005,Explo Solid Tumors Hi,Exploratory Solid Tumors - High,BG,Stopped,Stopped active,10065252,L,MDM,2024-11-25 11:04:48.000,2025-09-16 05:52:06.000,Patrice.Darzens@sanofi.com.SAML4,cloudadmin@sanofi.com.doCDGC.prod,Phase 2,ACTIVE
61970,674459d0c15b061bf75f800c,PIN00000000136,SAR408701_IND014,1L NSCLC Unres Mod-Hi,1L NSCLC unresectable - Moderate-High expression,BG,Not Validated,Not Validated,10061873,L,MDM,2024-11-25 11:04:48.000,2025-04-12 05:51:10.000,Patrice.Darzens@sanofi.com.SAML4,cloudadmin@sanofi.com.doCDGC.prod,Phase 1,ACTIVE
61971,674459d0c15b061bf75f800d,PIN00000000137,SAR422459_IND001,Stargardt,Stargardt Disease - Sub retinal Route,BF,Stopped,Stopped active,10062766,S01,MDM,2024-11-25 11:04:48.000,2025-04-12 05:51:08.000,Patrice.Darzens@sanofi.com.SAML4,cloudadmin@sanofi.com.doCDGC.prod,Phase 2A,ACTIVE
61972,674459d0c15b061bf75f8010,PIN0000000013A,SAR439459_IND005,OI,Osteogenesis Imperfecta - Adult & Ped - 2-18 years,BH,Stopped,Stopped active,10031243,M,MDM,2024-11-25 11:04:48.000,2025-05-09 05:50:52.000,Patrice.Darzens@sanofi.com.SAML4,cloudadmin@sanofi.com.doCDGC.prod,Phase 1,ACTIVE
61973,674459d0c15b061bf75f8011,PIN0000000013B,SAR439459_IND006,HCC,HCC,BG,Stopped,Stopped active,10019697,L,MDM,2024-11-25 11:04:48.000,2026-01-22 06:50:53.000,Patrice.Darzens@sanofi.com.SAML4,cloudadmin@sanofi.com.doCDGC.prod,Phase 1,ACTIVE
61974,674459d0c15b061bf75f8012,PIN0000000013C,SAR439684_IND002,CSCC Adjuv,CSCC Adjuvant,BG,Completed,Completed inactive,10041834,L,MDM,2024-11-25 11:04:48.000,2025-04-12 05:51:04.000,Patrice.Darzens@sanofi.com.SAML4,cloudadmin@sanofi.com.doCDGC.prod,Phase 3,ACTIVE
61975,674459d0c15b061bf75f8013,PIN0000000013D,SAR439684_IND003,2L BCC,2L BCC,BG,Completed,Completed inactive,10004146,L,MDM,2024-11-25 11:04:48.000,2025-04-12 05:50:55.000,Patrice.Darzens@sanofi.com.SAML4,cloudadmin@sanofi.com.doCDGC.prod,LCM,ACTIVE
61976,674459d0c15b061bf75f8014,PIN0000000013E,SAR439684_IND005,1L NSCLC w/Chemo,1L NSCLC - Combo Chemo,BG,Completed,Completed active,10061873,L,MDM,2024-11-25 11:04:48.000,2025-04-12 05:51:01.000,Patrice.Darzens@sanofi.com.SAML4,cloudadmin@sanofi.com.doCDGC.prod,LCM,ACTIVE
61977,674459d0c15b061bf75f8017,PIN0000000013H,SAR439684_IND012,CSCC,CSCC,BG,Completed,Completed active,10041834,L,MDM,2024-11-25 11:04:48.000,2025-04-12 05:50:58.000,Patrice.Darzens@sanofi.com.SAML4,cloudadmin@sanofi.com.doCDGC.prod,LCM,ACTIVE
61978,674459d0c15b061bf75f8018,PIN0000000013I,SAR439774_IND002,Hem A/B - Ped 2-11y,Hemophilia A/B - Ped - 2-11 years -,BH,Ongoing,Ongoing,10066439,B,MDM,2024-11-25 11:04:48.000,2025-08-19 05:51:10.000,Patrice.Darzens@sanofi.com.SAML4,cloudadmin@sanofi.com.doCDGC.prod,Phase 3,ACTIVE
61979,674459d0c15b061bf75f8019,PIN0000000013J,SAR439774_IND003,,Hemophilia A/B - On-Demand / Prophy,BH,Stopped,Stopped inactive,10066439,B,MDM,2024-11-25 11:04:48.000,2025-04-12 05:50:44.000,Patrice.Darzens@sanofi.com.SAML4,cloudadmin@sanofi.com.doCDGC.prod,,ACTIVE
61980,674459d0c15b061bf75f801b,PIN0000000013L,SAR439859_IND004,BC Neo-Adjuv,Early BC Neo-Adjuvant,BG,Stopped,Stopped inactive,10006187,L,MDM,2024-11-25 11:04:48.000,2025-04-12 05:51:01.000,Patrice.Darzens@sanofi.com.SAML4,cloudadmin@sanofi.com.doCDGC.prod,Phase 2,ACTIVE
61981,674459d0c15b061bf75f801c,PIN0000000013M,SAR439859_IND005,1L BC w/Abema,1L mBC - Combo Abemaciclib,BG,Not Validated,Not Validated,10006187,L,MDM,2024-11-25 11:04:48.000,2025-04-12 05:50:43.000,Patrice.Darzens@sanofi.com.SAML4,cloudadmin@sanofi.com.doCDGC.prod,Phase 1,ACTIVE
61982,674459d0c15b061bf75f801e,PIN0000000013O,SAR439859_IND011,1L mBC intol CDK,1L mBC - After intolerance to CDK4/6 Inhibitor,BG,Not Validated,Not Validated,10006187,L,MDM,2024-11-25 11:04:48.000,2025-04-12 05:51:01.000,Patrice.Darzens@sanofi.com.SAML4,cloudadmin@sanofi.com.doCDGC.prod,Phase 1,ACTIVE
61983,674459d0c15b061bf75f801f,PIN0000000013P,SAR439859_IND012,2L mBC w/Abema post CDK,2L mBC - Combo Abema post CDK progression,BG,Not Validated,Not Validated,10006187,L,MDM,2024-11-25 11:04:48.000,2025-04-12 05:50:26.000,Patrice.Darzens@sanofi.com.SAML4,cloudadmin@sanofi.com.doCDGC.prod,Phase 1,ACTIVE
61984,674459d0c15b061bf75f8020,PIN0000000013Q,SAR439954_IND001,,Type 1 Diabetes Mellitus - PO Route,BJ,Stopped,Stopped inactive,10067584,A,MDM,2024-11-25 11:04:48.000,2025-04-12 05:50:58.000,Patrice.Darzens@sanofi.com.SAML4,cloudadmin@sanofi.com.doCDGC.prod,LCM,ACTIVE
61985,674459d0c15b061bf75f8021,PIN0000000013R,SAR439954_IND002,,Type 1 Diabetes Mellitus - Pediatric - 12-17 yo Adolescents - PO route,BJ,Stopped,Stopped inactive,10067584,A,MDM,2024-11-25 11:04:48.000,2025-04-12 05:51:09.000,Patrice.Darzens@sanofi.com.SAML4,cloudadmin@sanofi.com.doCDGC.prod,,ACTIVE
61986,674459c2c15b061bf75f58a6,PIN0000000004U,LC81274_IND002,FTD,Frontotemporal Dementia,CH,Ongoing,Ongoing,10068968,,MDM,2024-11-25 11:04:34.000,2025-10-30 06:50:52.000,Patrice.Darzens@sanofi.com.SAML4,cloudadmin@sanofi.com.doCDGC.prod,,ACTIVE
61987,674459c2c15b061bf75f58a9,PIN0000000004X,LC81278_SERIE_BIO_ONCO_DISCO,,Discovery,CI,Stopped,Stopped inactive,,,MDM,2024-11-25 11:04:34.000,2025-04-12 05:50:40.000,Patrice.Darzens@sanofi.com.SAML4,cloudadmin@sanofi.com.doCDGC.prod,,ACTIVE
61988,674459c2c15b061bf75f58aa,PIN0000000004Y,LC81280_SERIE_BIO_ONCO_DISCO,,Discovery,CI,Stopped,Stopped inactive,,,MDM,2024-11-25 11:04:34.000,2025-04-12 05:50:33.000,Patrice.Darzens@sanofi.com.SAML4,cloudadmin@sanofi.com.doCDGC.prod,,ACTIVE
61989,674459c2c15b061bf75f58ab,PIN0000000004Z,LC81284_SERIE_BIO_ONCO_DISCO,,Discovery,CI,Stopped,Stopped inactive,10065252,,MDM,2024-11-25 11:04:34.000,2025-04-12 05:50:50.000,Patrice.Darzens@sanofi.com.SAML4,cloudadmin@sanofi.com.doCDGC.prod,,ACTIVE
61990,674459c2c15b061bf75f58ac,PIN00000000050,LC81286_IND002,PsA,Psoriasis Arthritis,CF,Ongoing,Ongoing,10037162,,MDM,2024-11-25 11:04:34.000,2025-08-09 05:53:00.000,Patrice.Darzens@sanofi.com.SAML4,cloudadmin@sanofi.com.doCDGC.prod,,ACTIVE
61991,674459c2c15b061bf75f58ad,PIN00000000051,LC81286_IND005,UC,Ulcerative Colitis,CF,Ongoing,Ongoing,10009900,,MDM,2024-11-25 11:04:34.000,2025-08-09 05:53:00.000,Patrice.Darzens@sanofi.com.SAML4,cloudadmin@sanofi.com.doCDGC.prod,,ACTIVE
61992,674459c2c15b061bf75f58b0,PIN00000000054,LC81289_SERIE_BIO_DISCO,,mRNA-encoded PD-1 Checkpoint Agonism,CF,Stopped,Stopped inactive,,,MDM,2024-11-25 11:04:34.000,2025-04-12 05:50:51.000,Patrice.Darzens@sanofi.com.SAML4,cloudadmin@sanofi.com.doCDGC.prod,,ACTIVE
61993,674459c2c15b061bf75f58b3,PIN00000000057,LC81301_IND001,MM,Multiple Myeloma,CI,Completed,Completed inactive,10028228,,MDM,2024-11-25 11:04:34.000,2025-04-12 05:51:07.000,Patrice.Darzens@sanofi.com.SAML4,cloudadmin@sanofi.com.doCDGC.prod,,ACTIVE
61994,674459c2c15b061bf75f58b4,PIN00000000058,LC81302_IND001,,Serie for Bio Oncology Disco,CI,Stopped,Stopped inactive,,,MDM,2024-11-25 11:04:34.000,2025-04-12 05:50:37.000,Patrice.Darzens@sanofi.com.SAML4,cloudadmin@sanofi.com.doCDGC.prod,,ACTIVE
61995,674459c2c15b061bf75f58b5,PIN00000000059,LC81303_IND001,,Serie for small molecule Disco,CJ,Stopped,Stopped inactive,10066439,,MDM,2024-11-25 11:04:34.000,2025-04-12 05:50:39.000,Patrice.Darzens@sanofi.com.SAML4,cloudadmin@sanofi.com.doCDGC.prod,,ACTIVE
61996,674459c2c15b061bf75f58b6,PIN0000000005A,LC81304_SERIE_BIO_DISCO,,Serie for Bio Disco,CF,Stopped,Stopped inactive,,,MDM,2024-11-25 11:04:34.000,2025-04-12 05:50:57.000,Patrice.Darzens@sanofi.com.SAML4,cloudadmin@sanofi.com.doCDGC.prod,,ACTIVE
61997,674459c2c15b061bf75f58b9,PIN0000000005D,LC81307_SERIE_BIO_DISCO,,Serie for Bio Disco,CJ,Completed,Completed inactive,,,MDM,2024-11-25 11:04:34.000,2025-04-12 05:50:59.000,Patrice.Darzens@sanofi.com.SAML4,cloudadmin@sanofi.com.doCDGC.prod,,ACTIVE
61998,674459c2c15b061bf75f58bb,PIN0000000005F,LC81309_IND001,Lung Cancer,Lung Cancer,CI,Ongoing,Ongoing,10058467,,MDM,2024-11-25 11:04:34.000,2026-01-24 06:50:54.000,Patrice.Darzens@sanofi.com.SAML4,cloudadmin@sanofi.com.doCDGC.prod,,ACTIVE
61999,674459c2c15b061bf75f58bc,PIN0000000005G,LC81310_IND001,,Serie for Bio Oncology Disco,CI,Stopped,Stopped inactive,,,MDM,2024-11-25 11:04:34.000,2025-04-12 05:50:39.000,Patrice.Darzens@sanofi.com.SAML4,cloudadmin@sanofi.com.doCDGC.prod,,ACTIVE
62000,674459c2c15b061bf75f58bd,PIN0000000005H,LC81311_IND001,AD,Atopic Dermatitis,CF,Ongoing,Ongoing,10012438,,MDM,2024-11-25 11:04:34.000,2025-12-20 06:50:29.000,Patrice.Darzens@sanofi.com.SAML4,cloudadmin@sanofi.com.doCDGC.prod,,ACTIVE
62001,674459c2c15b061bf75f58be,PIN0000000005I,LC81311_IND002,HS,Hidradenitis Suppurativa,CF,Ongoing,Ongoing,10020041,,MDM,2024-11-25 11:04:34.000,2025-11-11 06:50:50.000,Patrice.Darzens@sanofi.com.SAML4,cloudadmin@sanofi.com.doCDGC.prod,,ACTIVE
62002,674459c3c15b061bf75f5a24,PIN0000000005M,LC81316_IND001,IBD,Inflammatory Bowel Disease,CF,Ongoing,Ongoing,10021972,,MDM,2024-11-25 11:04:35.000,2025-08-09 05:53:06.000,Patrice.Darzens@sanofi.com.SAML4,cloudadmin@sanofi.com.doCDGC.prod,,ACTIVE
62003,674459c3c15b061bf75f5a25,PIN0000000005N,LC81317_IND002,ALS,Amyotrophic Lateral Sclerosis,CH,Ongoing,Ongoing,10002026,,MDM,2024-11-25 11:04:35.000,2025-11-13 06:50:36.000,Patrice.Darzens@sanofi.com.SAML4,cloudadmin@sanofi.com.doCDGC.prod,,ACTIVE
62004,674459c3c15b061bf75f5a28,PIN0000000005Q,LC81323_IND001,,Serie for Bio Disco,CO,Stopped,Stopped inactive,,,MDM,2024-11-25 11:04:35.000,2025-04-12 05:50:42.000,Patrice.Darzens@sanofi.com.SAML4,cloudadmin@sanofi.com.doCDGC.prod,,ACTIVE
62005,674459c3c15b061bf75f5a29,PIN0000000005R,LC81324_IND001,RAS-mutated MM,RAS-mutated Multiple Myeloma,CI,Ongoing,Ongoing,10028228,,MDM,2024-11-25 11:04:35.000,2025-12-18 06:52:55.000,Patrice.Darzens@sanofi.com.SAML4,cloudadmin@sanofi.com.doCDGC.prod,,ACTIVE
62006,674459c3c15b061bf75f5a2a,PIN0000000005S,LC81325_IND001,,Serie for Bio Disco,CF,Stopped,Stopped inactive,,,MDM,2024-11-25 11:04:35.000,2025-04-12 05:50:33.000,Patrice.Darzens@sanofi.com.SAML4,cloudadmin@sanofi.com.doCDGC.prod,,ACTIVE
62007,674459c3c15b061bf75f5a2d,PIN0000000005V,LC81328_IND001,MM,Multiple Myeloma,CI,Ongoing,Ongoing,10028228,,MDM,2024-11-25 11:04:35.000,2025-12-04 06:51:06.000,Patrice.Darzens@sanofi.com.SAML4,cloudadmin@sanofi.com.doCDGC.prod,,ACTIVE
62008,674459c3c15b061bf75f5a2e,PIN0000000005W,LC81334_IND001,DM1,Myotonic Dystrophy Type 1,CJ,Ongoing,Ongoing,10068871,,MDM,2024-11-25 11:04:35.000,2025-12-20 06:51:27.000,Patrice.Darzens@sanofi.com.SAML4,cloudadmin@sanofi.com.doCDGC.prod,,ACTIVE
62009,674459c3c15b061bf75f5a31,PIN0000000005Z,LC81341_IND001,SLE,Systemic Lupus Erythematosus,CF,Stopped,Stopped inactive,10042945,,MDM,2024-11-25 11:04:35.000,2025-09-23 05:50:35.000,Patrice.Darzens@sanofi.com.SAML4,cloudadmin@sanofi.com.doCDGC.prod,,ACTIVE
62010,674459c3c15b061bf75f5a32,PIN00000000060,LC81341_IND002,IBD,Inflammatory Bowel Disease,CF,Stopped,Stopped inactive,10021972,,MDM,2024-11-25 11:04:35.000,2025-06-17 05:50:23.000,Patrice.Darzens@sanofi.com.SAML4,cloudadmin@sanofi.com.doCDGC.prod,,ACTIVE
62011,674459c3c15b061bf75f5a33,PIN00000000061,LC81341_IND004,Sjogren's,Sjogren's Syndrome,CF,Stopped,Stopped inactive,10040767,,MDM,2024-11-25 11:04:35.000,2025-06-17 05:50:06.000,Patrice.Darzens@sanofi.com.SAML4,cloudadmin@sanofi.com.doCDGC.prod,,ACTIVE
62012,674459c3c15b061bf75f5a34,PIN00000000062,LC81342_IND001,AMD - Dry,Age-related macular degeneration - Dry,CS,Completed,Completed inactive,10075567,,MDM,2024-11-25 11:04:35.000,2025-04-19 05:53:33.000,Patrice.Darzens@sanofi.com.SAML4,cloudadmin@sanofi.com.doCDGC.prod,,ACTIVE
62013,674459c3c15b061bf75f5a36,PIN00000000064,LC81349_IND001,,Serie for Bio Oncology Disco,CI,Stopped,Stopped inactive,,,MDM,2024-11-25 11:04:35.000,2025-04-12 05:50:17.000,Patrice.Darzens@sanofi.com.SAML4,cloudadmin@sanofi.com.doCDGC.prod,,ACTIVE
62014,674459c3c15b061bf75f5a37,PIN00000000065,LC81350_IND001,Solid Tumors,Solid Tumors with PD1+ T-cells,CI,Stopped,Stopped inactive,10065252,,MDM,2024-11-25 11:04:35.000,2025-04-12 05:50:42.000,Patrice.Darzens@sanofi.com.SAML4,cloudadmin@sanofi.com.doCDGC.prod,,ACTIVE
62015,674459c3c15b061bf75f5a3b,PIN00000000069,LC81356_IND001,,Serie for Bio Oncology Disco,CI,Stopped,Stopped inactive,,,MDM,2024-11-25 11:04:35.000,2026-01-24 06:50:42.000,Patrice.Darzens@sanofi.com.SAML4,cloudadmin@sanofi.com.doCDGC.prod,,ACTIVE
62016,674459c3c15b061bf75f5a3c,PIN0000000006A,LC81359_IND002,Asthma,Asthma,CF,Stopped,Stopped inactive,10003553,,MDM,2024-11-25 11:04:35.000,2025-06-05 05:58:01.000,Patrice.Darzens@sanofi.com.SAML4,cloudadmin@sanofi.com.doCDGC.prod,,ACTIVE
62017,674459c3c15b061bf75f5a3d,PIN0000000006B,LC81359_IND003,IBD,Inflammatory Bowel Disease,CF,Stopped,Stopped inactive,10021972,,MDM,2024-11-25 11:04:35.000,2025-06-05 05:58:22.000,Patrice.Darzens@sanofi.com.SAML4,cloudadmin@sanofi.com.doCDGC.prod,,ACTIVE
62018,674459c3c15b061bf75f5a41,PIN0000000006F,LC81367_IND001,Lung Cancer,Lung Cancer,CI,Ongoing,Ongoing,10058467,,MDM,2024-11-25 11:04:35.000,2025-10-23 05:50:26.000,Patrice.Darzens@sanofi.com.SAML4,cloudadmin@sanofi.com.doCDGC.prod,,ACTIVE
62019,674459c3c15b061bf75f5a44,PIN0000000006I,LC81372_IND001,IBD,Inflammatory Bowel Disease,CF,Ongoing,Ongoing,10021972,,MDM,2024-11-25 11:04:35.000,2025-12-19 06:52:03.000,Patrice.Darzens@sanofi.com.SAML4,cloudadmin@sanofi.com.doCDGC.prod,,ACTIVE
62020,674459c3c15b061bf75f5a47,PIN0000000006L,LC81375_IND001,,Serie for small molecule Disco,CF,Stopped,Stopped inactive,,,MDM,2024-11-25 11:04:35.000,2025-04-12 05:50:58.000,Patrice.Darzens@sanofi.com.SAML4,cloudadmin@sanofi.com.doCDGC.prod,,ACTIVE
62021,674459c3c15b061bf75f5a49,PIN0000000006N,LC81377_IND001,SCD,Sickle Cell Disease,CJ,Ongoing,Ongoing,10040644,,MDM,2024-11-25 11:04:35.000,2025-11-13 06:51:10.000,Patrice.Darzens@sanofi.com.SAML4,cloudadmin@sanofi.com.doCDGC.prod,,ACTIVE
62022,674459c3c15b061bf75f5a4a,PIN0000000006O,LC81379_IND001,AD,Atopic Dermatitis,CF,Stopped,Stopped inactive,10012438,,MDM,2024-11-25 11:04:35.000,2026-01-17 06:51:32.000,Patrice.Darzens@sanofi.com.SAML4,cloudadmin@sanofi.com.doCDGC.prod,,ACTIVE
62023,674459c3c15b061bf75f5a4b,PIN0000000006P,LC81379_IND002,Asthma,Asthma,CF,Ongoing,Ongoing,10003553,,MDM,2024-11-25 11:04:35.000,2025-08-09 05:53:10.000,Patrice.Darzens@sanofi.com.SAML4,cloudadmin@sanofi.com.doCDGC.prod,,ACTIVE
62024,674459c3c15b061bf75f5a4c,PIN0000000006Q,LC81379_IND003,COPD,Chronic Obstructive Pulmonary Disease,CF,Ongoing,Ongoing,10009033,,MDM,2024-11-25 11:04:35.000,2025-08-09 05:53:11.000,Patrice.Darzens@sanofi.com.SAML4,cloudadmin@sanofi.com.doCDGC.prod,,ACTIVE
62025,674459c3c15b061bf75f5a4d,PIN0000000006R,LC81379_IND005,EoE,Eosinophilic Esophagitis,CF,Ongoing,Ongoing,10064212,,MDM,2024-11-25 11:04:35.000,2025-08-09 05:52:53.000,Patrice.Darzens@sanofi.com.SAML4,cloudadmin@sanofi.com.doCDGC.prod,,ACTIVE
62026,674459c3c15b061bf75f5a52,PIN0000000006W,LC81390_IND001,IBD,Inflammatory Bowel Disease,CF,Ongoing,Ongoing,10021972,,MDM,2024-11-25 11:04:35.000,2025-12-09 06:50:58.000,Patrice.Darzens@sanofi.com.SAML4,cloudadmin@sanofi.com.doCDGC.prod,,ACTIVE
62027,674459c3c15b061bf75f5a53,PIN0000000006X,LC81390_IND002,COPD,Chronic Obstructive Pulmonary Disease,CF,Ongoing,Ongoing,10009033,,MDM,2024-11-25 11:04:35.000,2025-11-01 06:54:36.000,Patrice.Darzens@sanofi.com.SAML4,cloudadmin@sanofi.com.doCDGC.prod,,ACTIVE
62028,674459c3c15b061bf75f5bb6,PIN0000000006Y,LC81390_IND004,Psoriasis,Psoriasis,CF,Ongoing,Ongoing,10037153,,MDM,2024-11-25 11:04:35.000,2025-11-01 06:54:22.000,Patrice.Darzens@sanofi.com.SAML4,cloudadmin@sanofi.com.doCDGC.prod,,ACTIVE
62029,674459c3c15b061bf75f5bb8,PIN00000000070,LC81391_IND001,AD - Prem Frontrunner,Atopic Dermatitis - Premier Frontrunner,CF,Completed,Completed inactive,10012438,,MDM,2024-11-25 11:04:35.000,2026-01-24 06:50:53.000,Patrice.Darzens@sanofi.com.SAML4,cloudadmin@sanofi.com.doCDGC.prod,,ACTIVE
62030,674459c3c15b061bf75f5bb9,PIN00000000071,LC81391_IND002,AD - Add Frontrunner,Atopic Dermatitis - Additional Frontrunner,CF,Ongoing,Ongoing,10012438,,MDM,2024-11-25 11:04:35.000,2026-01-17 06:50:52.000,Patrice.Darzens@sanofi.com.SAML4,cloudadmin@sanofi.com.doCDGC.prod,,ACTIVE
62031,674459c3c15b061bf75f5bbb,PIN00000000073,LC81393_IND001,,Serie for small molecule Oncology Disco,CI,Stopped,Stopped inactive,,,MDM,2024-11-25 11:04:35.000,2026-01-23 06:52:22.000,Patrice.Darzens@sanofi.com.SAML4,cloudadmin@sanofi.com.doCDGC.prod,,ACTIVE
62032,674459c3c15b061bf75f5bbd,PIN00000000075,LC81396_IND002,IBD,Inflammatory Bowel Disease,CF,Ongoing,Ongoing,10021972,,MDM,2024-11-25 11:04:35.000,2025-11-01 06:54:30.000,Patrice.Darzens@sanofi.com.SAML4,cloudadmin@sanofi.com.doCDGC.prod,,ACTIVE
62033,674459c3c15b061bf75f5bc3,PIN0000000007B,LC81401_IND001,,Serie for Bio Disco,CO,Stopped,Stopped inactive,,,MDM,2024-11-25 11:04:35.000,2026-01-23 06:51:57.000,Patrice.Darzens@sanofi.com.SAML4,cloudadmin@sanofi.com.doCDGC.prod,,ACTIVE
62034,674459c3c15b061bf75f5bc4,PIN0000000007C,LC81402_IND001,IBD,Inflammatory Bowel Disease,CF,Ongoing,Ongoing,10021972,,MDM,2024-11-25 11:04:35.000,2025-10-15 05:52:14.000,Patrice.Darzens@sanofi.com.SAML4,cloudadmin@sanofi.com.doCDGC.prod,,ACTIVE
62035,674459c3c15b061bf75f5bc5,PIN0000000007D,LC81405_IND001,AD,Atopic Dermatitis,CF,Stopped,Stopped inactive,10012438,,MDM,2024-11-25 11:04:35.000,2026-01-24 06:51:14.000,Patrice.Darzens@sanofi.com.SAML4,cloudadmin@sanofi.com.doCDGC.prod,,ACTIVE
62036,674459c3c15b061bf75f5bca,PIN0000000007I,LC81412_IND002,SLE,Systemic Lupus Erythematosus,CF,Ongoing,Ongoing,10042945,,MDM,2024-11-25 11:04:35.000,2025-08-09 05:53:12.000,Patrice.Darzens@sanofi.com.SAML4,cloudadmin@sanofi.com.doCDGC.prod,,ACTIVE
62037,674459c3c15b061bf75f5bcc,PIN0000000007K,LC81412_IND006,Psoriasis,Psoriasis,CF,Ongoing,Ongoing,10037153,,MDM,2024-11-25 11:04:35.000,2025-05-08 05:54:52.000,Patrice.Darzens@sanofi.com.SAML4,cloudadmin@sanofi.com.doCDGC.prod,,ACTIVE
62038,674459c3c15b061bf75f5bcd,PIN0000000007L,LC81413_IND002,COPD,Chronic Obstructive Pulmonary Disease,CF,Stopped,Stopped inactive,10009033,,MDM,2024-11-25 11:04:35.000,2025-08-21 05:52:52.000,Patrice.Darzens@sanofi.com.SAML4,cloudadmin@sanofi.com.doCDGC.prod,,ACTIVE
62039,674459c3c15b061bf75f5bce,PIN0000000007M,LC81413_IND003,SLE,Systemic Lupus Erythematosus,CF,Stopped,Stopped inactive,10042945,,MDM,2024-11-25 11:04:35.000,2025-04-12 05:50:40.000,Patrice.Darzens@sanofi.com.SAML4,cloudadmin@sanofi.com.doCDGC.prod,,ACTIVE
62040,674459c3c15b061bf75f5bcf,PIN0000000007N,LC81413_IND004,OA,Osteoarthritis,CF,Stopped,Stopped inactive,10031161,,MDM,2024-11-25 11:04:35.000,2025-04-12 05:51:04.000,Patrice.Darzens@sanofi.com.SAML4,cloudadmin@sanofi.com.doCDGC.prod,,ACTIVE
62041,674459c3c15b061bf75f5bd5,PIN0000000007T,LC81417_IND002,LN,Lupus Nephritis,CF,Completed,Completed active,10025140,,MDM,2024-11-25 11:04:35.000,2025-10-01 05:50:49.000,Patrice.Darzens@sanofi.com.SAML4,cloudadmin@sanofi.com.doCDGC.prod,,ACTIVE
62042,674459c3c15b061bf75f5bd6,PIN0000000007U,LC81417_IND003,Myositis,Myositis,CF,Completed,Completed active,10012503,,MDM,2024-11-25 11:04:35.000,2025-10-01 05:50:44.000,Patrice.Darzens@sanofi.com.SAML4,cloudadmin@sanofi.com.doCDGC.prod,,ACTIVE
62043,674459c3c15b061bf75f5bd9,PIN0000000007X,LC81417_IND006,MS,Multiple Sclerosis,CF,Completed,Completed active,10028245,,MDM,2024-11-25 11:04:35.000,2025-10-01 05:50:37.000,Patrice.Darzens@sanofi.com.SAML4,cloudadmin@sanofi.com.doCDGC.prod,,ACTIVE
62044,674459c3c15b061bf75f5bda,PIN0000000007Y,LC81418_IND001,FSHD,Facioscapulohumeral Muscular Dystrophy,CJ,Completed,Completed active,10064087,,MDM,2024-11-25 11:04:35.000,2025-12-11 06:52:04.000,Patrice.Darzens@sanofi.com.SAML4,cloudadmin@sanofi.com.doCDGC.prod,,ACTIVE
62045,674459c3c15b061bf75f5bdc,PIN00000000080,LC81419_IND004,SSc,Systemic Sclerosis,CF,Ongoing,Ongoing,10042953,,MDM,2024-11-25 11:04:35.000,2025-11-01 06:54:29.000,Patrice.Darzens@sanofi.com.SAML4,cloudadmin@sanofi.com.doCDGC.prod,,ACTIVE
62046,674459c3c15b061bf75f5be0,PIN00000000084,LC81423_IND001,Lung Cancer,Lung Cancer,CI,Ongoing,Ongoing,10058467,,MDM,2024-11-25 11:04:35.000,2025-12-18 06:52:12.000,Patrice.Darzens@sanofi.com.SAML4,cloudadmin@sanofi.com.doCDGC.prod,,ACTIVE
62047,674459c3c15b061bf75f5be2,PIN00000000086,LC81424_IND003,PsA,Psoriasis Arthritis,CF,Ongoing,Ongoing,10037162,,MDM,2024-11-25 11:04:35.000,2025-11-01 06:54:18.000,Patrice.Darzens@sanofi.com.SAML4,cloudadmin@sanofi.com.doCDGC.prod,,ACTIVE
62048,674459c3c15b061bf75f5be3,PIN00000000087,LC81424_IND004,AS,Ankylosing Spondylitis,CF,Ongoing,Ongoing,10002556,,MDM,2024-11-25 11:04:35.000,2025-11-01 06:54:39.000,Patrice.Darzens@sanofi.com.SAML4,cloudadmin@sanofi.com.doCDGC.prod,,ACTIVE
62049,674459c3c15b061bf75f5be6,PIN0000000008A,LC90190_IND001,,Discovery,CF,Stopped,Stopped inactive,10012438,,MDM,2024-11-25 11:04:35.000,2025-04-12 05:50:54.000,Patrice.Darzens@sanofi.com.SAML4,cloudadmin@sanofi.com.doCDGC.prod,,ACTIVE
62050,674459c3c15b061bf75f5be7,PIN0000000008B,MMV_SAR441121_IND050,,Malaria,HB,Completed,Completed inactive,10025487,J,MDM,2024-11-25 11:04:35.000,2025-04-12 05:50:49.000,Patrice.Darzens@sanofi.com.SAML4,cloudadmin@sanofi.com.doCDGC.prod,,ACTIVE
62051,674459c4c15b061bf75f5d4a,PIN0000000008C,MMV_SSR97193_INDIC_OTHERS,,Indication for Others file,HB,,,,,MDM,2024-11-25 11:04:36.000,2025-04-12 05:50:35.000,Patrice.Darzens@sanofi.com.SAML4,cloudadmin@sanofi.com.doCDGC.prod,,ACTIVE
62052,674459c4c15b061bf75f5d4c,PIN0000000008E,OC00865_INDIC_OTHERS,,External Opportunities Evaluation Oncology,CI,,,,,MDM,2024-11-25 11:04:36.000,2025-11-28 06:50:27.000,Patrice.Darzens@sanofi.com.SAML4,cloudadmin@sanofi.com.doCDGC.prod,,ACTIVE
62053,674459c4c15b061bf75f5d4e,PIN0000000008G,OC00878_INDIC_OTHERS,,Indication for Others file,CL,Stopped,Stopped inactive,,,MDM,2024-11-25 11:04:36.000,2025-04-12 05:50:28.000,Patrice.Darzens@sanofi.com.SAML4,cloudadmin@sanofi.com.doCDGC.prod,,ACTIVE
62054,674459c4c15b061bf75f5d4f,PIN0000000008H,OC00879_INDIC_OTHERS,,External Innovation support for PCS-DMPK-TIM-TS,CL,,,,,MDM,2024-11-25 11:04:36.000,2026-01-13 06:51:28.000,Patrice.Darzens@sanofi.com.SAML4,cloudadmin@sanofi.com.doCDGC.prod,,ACTIVE
62055,674459c4c15b061bf75f5d57,PIN0000000008P,OC01115_INDIC_OTHERS,,Indication for Others file,CL12,,,,,MDM,2024-11-25 11:04:36.000,2025-04-12 05:50:33.000,Patrice.Darzens@sanofi.com.SAML4,cloudadmin@sanofi.com.doCDGC.prod,,ACTIVE
62056,674459c4c15b061bf75f5d59,PIN0000000008R,OC01156_INDIC_OTHERS,,Prospective Research,CL,Stopped,Stopped inactive,,,MDM,2024-11-25 11:04:36.000,2025-04-12 05:51:07.000,Patrice.Darzens@sanofi.com.SAML4,cloudadmin@sanofi.com.doCDGC.prod,,ACTIVE
62057,674459c4c15b061bf75f5d5b,PIN0000000008T,OC01166_INDIC_OTHERS,,Indication for Others file,CL10,Stopped,Stopped inactive,,,MDM,2024-11-25 11:04:36.000,2025-04-12 05:50:39.000,Patrice.Darzens@sanofi.com.SAML4,cloudadmin@sanofi.com.doCDGC.prod,,ACTIVE
62058,674459c4c15b061bf75f5d5c,PIN0000000008U,OC01170_INDIC_OTHERS,,TransQST (PCS),CL14,Stopped,Stopped inactive,,,MDM,2024-11-25 11:04:36.000,2025-04-12 05:50:44.000,Patrice.Darzens@sanofi.com.SAML4,cloudadmin@sanofi.com.doCDGC.prod,,ACTIVE
62059,674459c4c15b061bf75f5d5e,PIN0000000008W,OC01173_INDIC_OTHERS,,Indication for Others file,CL12,Stopped,Stopped inactive,,,MDM,2024-11-25 11:04:36.000,2025-04-12 05:50:21.000,Patrice.Darzens@sanofi.com.SAML4,cloudadmin@sanofi.com.doCDGC.prod,,ACTIVE
62060,674459c4c15b061bf75f5d61,PIN0000000008Z,OC01188_INDIC_OTHERS,,Indication for Others file,CH,Stopped,Stopped inactive,,,MDM,2024-11-25 11:04:36.000,2025-04-12 05:50:50.000,Patrice.Darzens@sanofi.com.SAML4,cloudadmin@sanofi.com.doCDGC.prod,,ACTIVE
62061,674459c4c15b061bf75f5d62,PIN00000000090,OC01189_INDIC_OTHERS,,eTRANSAFE (PCS),CL14,,,,,MDM,2024-11-25 11:04:36.000,2025-04-12 05:50:58.000,Patrice.Darzens@sanofi.com.SAML4,cloudadmin@sanofi.com.doCDGC.prod,,ACTIVE
62062,674459c4c15b061bf75f5d63,PIN00000000091,OC01197_INDIC_OTHERS,,Indication for Others file,CD,Stopped,Stopped inactive,,,MDM,2024-11-25 11:04:36.000,2025-04-12 05:50:40.000,Patrice.Darzens@sanofi.com.SAML4,cloudadmin@sanofi.com.doCDGC.prod,,ACTIVE
62063,674459c4c15b061bf75f5d64,PIN00000000092,OC01207_INDIC_OTHERS,,Understanding the Blood Brain Barrier,CH,,,,,MDM,2024-11-25 11:04:36.000,2025-04-12 05:50:40.000,Patrice.Darzens@sanofi.com.SAML4,cloudadmin@sanofi.com.doCDGC.prod,,ACTIVE
62064,674459c4c15b061bf75f5d65,PIN00000000093,OC01222_INDIC_OTHERS,,RT-Cure,CF,,,,,MDM,2024-11-25 11:04:36.000,2025-04-12 05:50:43.000,Patrice.Darzens@sanofi.com.SAML4,cloudadmin@sanofi.com.doCDGC.prod,,ACTIVE
62065,674459c4c15b061bf75f5d6a,PIN00000000098,OC01283_INDIC_OTHERS,,Multiproject Operational Activities (LMR),CL,,,,,MDM,2024-11-25 11:04:36.000,2025-04-12 05:50:52.000,Patrice.Darzens@sanofi.com.SAML4,cloudadmin@sanofi.com.doCDGC.prod,,ACTIVE
62066,674459c4c15b061bf75f5d6e,PIN0000000009C,OC01580_INDIC_OTHERS,,Indication for Others file,CL,Stopped,Stopped inactive,,,MDM,2024-11-25 11:04:36.000,2025-04-12 05:51:07.000,Patrice.Darzens@sanofi.com.SAML4,cloudadmin@sanofi.com.doCDGC.prod,,ACTIVE
62067,674459c4c15b061bf75f5d6f,PIN0000000009D,OC01601_INDIC_OTHERS,,Conditional Activation (LMR),CL,Stopped,Stopped inactive,,,MDM,2024-11-25 11:04:36.000,2025-04-12 05:51:01.000,Patrice.Darzens@sanofi.com.SAML4,cloudadmin@sanofi.com.doCDGC.prod,,ACTIVE
62068,674459c4c15b061bf75f5d71,PIN0000000009F,OC01622_INDIC_OTHERS,,Indication for Others file,CL,Stopped,Stopped inactive,,,MDM,2024-11-25 11:04:36.000,2025-04-12 05:50:57.000,Patrice.Darzens@sanofi.com.SAML4,cloudadmin@sanofi.com.doCDGC.prod,,ACTIVE
62069,674459c4c15b061bf75f5d72,PIN0000000009G,OC01640_INDIC_OTHERS,,Immuno External Opportunity Evaluation,CF,,,,,MDM,2024-11-25 11:04:36.000,2025-04-12 05:50:33.000,Patrice.Darzens@sanofi.com.SAML4,cloudadmin@sanofi.com.doCDGC.prod,,ACTIVE
62070,674459c4c15b061bf75f5d74,PIN0000000009I,OC01780_INDIC_OTHERS,,Indication for Others file,CI,Stopped,Stopped inactive,,,MDM,2024-11-25 11:04:36.000,2025-04-12 05:51:08.000,Patrice.Darzens@sanofi.com.SAML4,cloudadmin@sanofi.com.doCDGC.prod,,ACTIVE
62071,674459c4c15b061bf75f5d75,PIN0000000009J,OC01800_INDIC_OTHERS,,Indication for Others file,CL,Stopped,Stopped inactive,,,MDM,2024-11-25 11:04:36.000,2025-04-12 05:50:46.000,Patrice.Darzens@sanofi.com.SAML4,cloudadmin@sanofi.com.doCDGC.prod,,ACTIVE
62072,674459c4c15b061bf75f5d76,PIN0000000009K,OC01801_INDIC_OTHERS,,Indication for Others file,CL,Stopped,Stopped inactive,,,MDM,2024-11-25 11:04:36.000,2025-04-12 05:50:58.000,Patrice.Darzens@sanofi.com.SAML4,cloudadmin@sanofi.com.doCDGC.prod,,ACTIVE
62073,674459c4c15b061bf75f5d77,PIN0000000009L,OC01802_INDIC_OTHERS,,DMTA Cycle optimization  (IDD),CL,,,,,MDM,2024-11-25 11:04:36.000,2025-04-12 05:50:24.000,Patrice.Darzens@sanofi.com.SAML4,cloudadmin@sanofi.com.doCDGC.prod,,ACTIVE
62074,674459c2c15b061bf75f58a7,PIN0000000004V,LC81275_SERIE_SMALL_MOL_DISCO,,Discovery,CF,Stopped,Stopped inactive,,,MDM,2024-11-25 11:04:34.000,2025-04-12 05:50:40.000,Patrice.Darzens@sanofi.com.SAML4,cloudadmin@sanofi.com.doCDGC.prod,,ACTIVE
62075,674459c2c15b061bf75f58a8,PIN0000000004W,LC81277_IND001,GPC3+ HCC,GPC3+ Hepato Cellular Carcinoma,CI,Ongoing,Ongoing,10019697,,MDM,2024-11-25 11:04:34.000,2026-01-24 06:50:20.000,Patrice.Darzens@sanofi.com.SAML4,cloudadmin@sanofi.com.doCDGC.prod,,ACTIVE
62076,674459c2c15b061bf75f58ae,PIN00000000052,LC81287_IND001,DLBCL,Diffuse large B-cell lymphoma,CI,Stopped,Stopped inactive,10029547,,MDM,2024-11-25 11:04:34.000,2025-12-12 06:51:59.000,Patrice.Darzens@sanofi.com.SAML4,cloudadmin@sanofi.com.doCDGC.prod,,ACTIVE
62077,674459c2c15b061bf75f58af,PIN00000000053,LC81288_SERIE_BIO_ONCO_DISCO,,Discovery,CI,Stopped,Stopped inactive,,,MDM,2024-11-25 11:04:34.000,2025-04-12 05:50:52.000,Patrice.Darzens@sanofi.com.SAML4,cloudadmin@sanofi.com.doCDGC.prod,,ACTIVE
62078,674459c2c15b061bf75f58b1,PIN00000000055,LC81297_IND001,,Discovery,CI,Stopped,Stopped inactive,,,MDM,2024-11-25 11:04:34.000,2025-04-12 05:50:28.000,Patrice.Darzens@sanofi.com.SAML4,cloudadmin@sanofi.com.doCDGC.prod,,ACTIVE
62079,674459c2c15b061bf75f58b2,PIN00000000056,LC81300_IND001,MM,Multiple Myeloma,CI,Stopped,Stopped inactive,10028228,,MDM,2024-11-25 11:04:34.000,2025-12-11 06:52:08.000,Patrice.Darzens@sanofi.com.SAML4,cloudadmin@sanofi.com.doCDGC.prod,,ACTIVE
62080,674459c2c15b061bf75f58b7,PIN0000000005B,LC81305_SERIE_BIO_ONCO_DISCO,,Discovery,CI,Stopped,Stopped inactive,,,MDM,2024-11-25 11:04:34.000,2025-09-03 05:50:48.000,Patrice.Darzens@sanofi.com.SAML4,cloudadmin@sanofi.com.doCDGC.prod,,ACTIVE
62081,674459c2c15b061bf75f58b8,PIN0000000005C,LC81306_IND001,,Serie for Bio Oncology Disco,CI,Completed,Completed inactive,10065252,,MDM,2024-11-25 11:04:34.000,2025-04-12 05:50:56.000,Patrice.Darzens@sanofi.com.SAML4,cloudadmin@sanofi.com.doCDGC.prod,,ACTIVE
62082,674459c2c15b061bf75f58ba,PIN0000000005E,LC81308_IND001,,Serie for small molecule Oncology Disco,CI,Stopped,Stopped inactive,,,MDM,2024-11-25 11:04:34.000,2025-04-12 05:50:57.000,Patrice.Darzens@sanofi.com.SAML4,cloudadmin@sanofi.com.doCDGC.prod,,ACTIVE
62083,674459c2c15b061bf75f58bf,PIN0000000005J,LC81311_IND003,COPD,Chronic Obstructive Pulmonary Disease,CF,Ongoing,Ongoing,10009033,,MDM,2024-11-25 11:04:34.000,2025-11-11 06:51:06.000,Patrice.Darzens@sanofi.com.SAML4,cloudadmin@sanofi.com.doCDGC.prod,,ACTIVE
62084,674459c3c15b061bf75f5a22,PIN0000000005K,LC81312_IND001,CPI R/R Solid Tumors,CPI R/R Solid Tumors,CI,Stopped,Stopped inactive,10065252,,MDM,2024-11-25 11:04:35.000,2025-05-09 05:50:30.000,Patrice.Darzens@sanofi.com.SAML4,cloudadmin@sanofi.com.doCDGC.prod,,ACTIVE
62085,674459c3c15b061bf75f5a23,PIN0000000005L,LC81314_IND001,,Serie for Bio Oncology Disco,CI,Completed,Completed inactive,10067821,,MDM,2024-11-25 11:04:35.000,2025-04-12 05:50:35.000,Patrice.Darzens@sanofi.com.SAML4,cloudadmin@sanofi.com.doCDGC.prod,,ACTIVE
62086,674459cec15b061bf75f79c4,PIN000000000XU,OC01958_IND001,,Indication for Others file,CL,,,,,MDM,2024-11-25 11:04:46.000,2025-04-12 05:50:37.000,Patrice.Darzens@sanofi.com.SAML4,cloudadmin@sanofi.com.doCDGC.prod,,ACTIVE
62087,674459cec15b061bf75f79c6,PIN000000000XW,OC01961_IND001,,Indication for Others file,CL,,,,,MDM,2024-11-25 11:04:46.000,2025-11-20 06:51:14.000,Patrice.Darzens@sanofi.com.SAML4,cloudadmin@sanofi.com.doCDGC.prod,,ACTIVE
62088,674459cec15b061bf75f79c7,PIN000000000XX,OC01964_IND001,,Indication for Others file,EE,Ongoing,Ongoing,,,MDM,2024-11-25 11:04:46.000,2026-01-17 06:50:56.000,Patrice.Darzens@sanofi.com.SAML4,cloudadmin@sanofi.com.doCDGC.prod,,ACTIVE
62089,674459cec15b061bf75f79ca,PIN000000000Y0,OC01968_IND001,,Indication for Others file,CM,Ongoing,Ongoing,,,MDM,2024-11-25 11:04:46.000,2025-04-12 05:50:17.000,Patrice.Darzens@sanofi.com.SAML4,cloudadmin@sanofi.com.doCDGC.prod,,ACTIVE
62090,674459cec15b061bf75f79cd,PIN000000000Y3,OC01973_IND001,,Indication for Others file,CA,,,,,MDM,2024-11-25 11:04:46.000,2025-04-12 05:50:40.000,Patrice.Darzens@sanofi.com.SAML4,cloudadmin@sanofi.com.doCDGC.prod,,ACTIVE
62091,674459cec15b061bf75f79ce,PIN000000000Y4,OC01976_IND001,,Indication for Others file,EE,,,,,MDM,2024-11-25 11:04:46.000,2025-04-12 05:51:09.000,Patrice.Darzens@sanofi.com.SAML4,cloudadmin@sanofi.com.doCDGC.prod,,ACTIVE
62092,674459cec15b061bf75f79d2,PIN000000000Y8,OC01982_IND001,,Indication for Others file,CL,,,,,MDM,2024-11-25 11:04:46.000,2025-04-12 05:50:33.000,Patrice.Darzens@sanofi.com.SAML4,cloudadmin@sanofi.com.doCDGC.prod,,ACTIVE
62093,674459cec15b061bf75f79d3,PIN000000000Y9,OC01983_IND001,,Indication for Others file,CL,,,,,MDM,2024-11-25 11:04:46.000,2025-06-28 05:51:37.000,Patrice.Darzens@sanofi.com.SAML4,cloudadmin@sanofi.com.doCDGC.prod,,ACTIVE
62094,674459cec15b061bf75f79d7,PIN000000000YD,POLY_BJ_INDIC_OTHERS,,Indication for Others file,BJ,,,,,MDM,2024-11-25 11:04:46.000,2025-04-12 05:51:07.000,Patrice.Darzens@sanofi.com.SAML4,cloudadmin@sanofi.com.doCDGC.prod,,ACTIVE
62095,674459cec15b061bf75f79d9,PIN000000000YF,POLY_BQ_INDIC_OTHERS,,Indication for Others file,BQ,,,,,MDM,2024-11-25 11:04:46.000,2025-04-12 05:51:02.000,Patrice.Darzens@sanofi.com.SAML4,cloudadmin@sanofi.com.doCDGC.prod,,ACTIVE
62096,674459cec15b061bf75f79da,PIN000000000YG,POLY_FA_INDIC_OTHERS,,Indication for Others file,FA,,,,,MDM,2024-11-25 11:04:46.000,2025-04-12 05:51:09.000,Patrice.Darzens@sanofi.com.SAML4,cloudadmin@sanofi.com.doCDGC.prod,,ACTIVE
62097,674459cec15b061bf75f79dd,PIN000000000YJ,RC00778_INDIC_OTHERS,,CIML Collaboration Immuno-Inflammation,CF,Stopped,Stopped inactive,,,MDM,2024-11-25 11:04:46.000,2025-04-12 05:50:26.000,Patrice.Darzens@sanofi.com.SAML4,cloudadmin@sanofi.com.doCDGC.prod,,ACTIVE
62098,674459cec15b061bf75f79e0,PIN000000000YM,RC01128_INDIC_OTHERS,,Type 1/17 Immunology & Arthritis,CF,,,,,MDM,2024-11-25 11:04:46.000,2025-10-28 06:50:23.000,Patrice.Darzens@sanofi.com.SAML4,cloudadmin@sanofi.com.doCDGC.prod,,ACTIVE
62099,674459cec15b061bf75f79e1,PIN000000000YN,RC01149_INDIC_OTHERS,,Indication for Others file,CH,Stopped,Stopped inactive,,,MDM,2024-11-25 11:04:46.000,2025-04-12 05:50:56.000,Patrice.Darzens@sanofi.com.SAML4,cloudadmin@sanofi.com.doCDGC.prod,,ACTIVE
62100,674459cec15b061bf75f79e2,PIN000000000YO,RC01164_INDIC_OTHERS,,Immuno modulatory mAbs and Nanobodies,CI,,,,,MDM,2024-11-25 11:04:46.000,2025-04-12 05:51:04.000,Patrice.Darzens@sanofi.com.SAML4,cloudadmin@sanofi.com.doCDGC.prod,,ACTIVE
62101,674459cfc15b061bf75f7b4d,PIN000000000YX,RC01218_INDIC_OTHERS,,Immunometabolism in Autoimmune Diseases,CF,,,,,MDM,2024-11-25 11:04:47.000,2025-11-11 06:51:13.000,Patrice.Darzens@sanofi.com.SAML4,cloudadmin@sanofi.com.doCDGC.prod,,ACTIVE
62102,674459cfc15b061bf75f7b4f,PIN000000000YZ,RC01280_INDIC_OTHERS,,Targeted Protein Degrader,CI,,,,,MDM,2024-11-25 11:04:47.000,2025-04-12 05:50:42.000,Patrice.Darzens@sanofi.com.SAML4,cloudadmin@sanofi.com.doCDGC.prod,,ACTIVE
62103,674459cfc15b061bf75f7b50,PIN000000000Z0,RC01284_INDIC_OTHERS,,Indication for Others file,CF,Stopped,Stopped inactive,,,MDM,2024-11-25 11:04:47.000,2025-04-12 05:50:21.000,Patrice.Darzens@sanofi.com.SAML4,cloudadmin@sanofi.com.doCDGC.prod,,ACTIVE
62104,674459cfc15b061bf75f7b55,PIN000000000Z5,RC01308_INDIC_OTHERS,,Indication for Others file,CI,,,,,MDM,2024-11-25 11:04:47.000,2025-04-12 05:50:54.000,Patrice.Darzens@sanofi.com.SAML4,cloudadmin@sanofi.com.doCDGC.prod,,ACTIVE
62105,674459cfc15b061bf75f7b56,PIN000000000Z6,RC01309_INDIC_OTHERS,,Indication for Others file,CH,Stopped,Stopped inactive,,,MDM,2024-11-25 11:04:47.000,2025-04-12 05:50:35.000,Patrice.Darzens@sanofi.com.SAML4,cloudadmin@sanofi.com.doCDGC.prod,,ACTIVE
62106,674459cfc15b061bf75f7b57,PIN000000000Z7,RC01310_INDIC_OTHERS,,Indication for Others file,CO,Stopped,Stopped inactive,,,MDM,2024-11-25 11:04:47.000,2025-04-12 05:51:07.000,Patrice.Darzens@sanofi.com.SAML4,cloudadmin@sanofi.com.doCDGC.prod,,ACTIVE
62107,674459cfc15b061bf75f7b58,PIN000000000Z8,RC01312_INDIC_OTHERS,,LAMA1 and LAMA2 - AAV mediated gene therapy,CO,Stopped,Stopped inactive,,,MDM,2024-11-25 11:04:47.000,2025-04-12 05:50:43.000,Patrice.Darzens@sanofi.com.SAML4,cloudadmin@sanofi.com.doCDGC.prod,,ACTIVE
62108,674459cfc15b061bf75f7b5a,PIN000000000ZA,RC01316_INDIC_OTHERS,,Indication for Others file,CB,Stopped,Stopped inactive,,,MDM,2024-11-25 11:04:47.000,2025-04-12 05:50:46.000,Patrice.Darzens@sanofi.com.SAML4,cloudadmin@sanofi.com.doCDGC.prod,,ACTIVE
62109,674459cfc15b061bf75f7b5d,PIN000000000ZD,RC01320_INDIC_OTHERS,,Indication for Others file,CH,Ongoing,Ongoing,,,MDM,2024-11-25 11:04:47.000,2026-01-21 06:50:28.000,Patrice.Darzens@sanofi.com.SAML4,cloudadmin@sanofi.com.doCDGC.prod,,ACTIVE
62110,674459cfc15b061bf75f7b5e,PIN000000000ZE,RC01322_INDIC_OTHERS,,Indication for Others file,CO,Stopped,Stopped inactive,,,MDM,2024-11-25 11:04:47.000,2026-01-13 06:52:09.000,Patrice.Darzens@sanofi.com.SAML4,cloudadmin@sanofi.com.doCDGC.prod,,ACTIVE
62111,674459cfc15b061bf75f7b5f,PIN000000000ZF,RC01324_INDIC_OTHERS,,Indication for Others file,CJ,Ongoing,Ongoing,,,MDM,2024-11-25 11:04:47.000,2025-04-12 05:50:58.000,Patrice.Darzens@sanofi.com.SAML4,cloudadmin@sanofi.com.doCDGC.prod,,ACTIVE
62112,674459cfc15b061bf75f7b61,PIN000000000ZH,RC01326_INDC_OTHERS,,Resolution of Inflammation - Prospective Research,CF,,,,,MDM,2024-11-25 11:04:47.000,2025-04-12 05:50:43.000,Patrice.Darzens@sanofi.com.SAML4,cloudadmin@sanofi.com.doCDGC.prod,,ACTIVE
62113,674459cfc15b061bf75f7b62,PIN000000000ZI,RC01327_INDIC_OTHERS,,Indication for Others file,CI,,,,,MDM,2024-11-25 11:04:47.000,2025-08-19 05:51:16.000,Patrice.Darzens@sanofi.com.SAML4,cloudadmin@sanofi.com.doCDGC.prod,,ACTIVE
62114,674459cfc15b061bf75f7b63,PIN000000000ZJ,RC01330_INDIC_OTHERS,,RC01330 - SIBR pre-M0 exploratory research,CM,Ongoing,Ongoing,,,MDM,2024-11-25 11:04:47.000,2025-12-20 06:50:58.000,Patrice.Darzens@sanofi.com.SAML4,cloudadmin@sanofi.com.doCDGC.prod,,ACTIVE
62115,674459cfc15b061bf75f7b64,PIN000000000ZK,RC01332_INDIC_OTHERS,,Indication for Others file,CO,Completed,Completed inactive,,,MDM,2024-11-25 11:04:47.000,2025-04-12 05:50:28.000,Patrice.Darzens@sanofi.com.SAML4,cloudadmin@sanofi.com.doCDGC.prod,,ACTIVE
62116,674459cfc15b061bf75f7b65,PIN000000000ZL,RC01333_INDIC_OTHERS,,Indication for Others file,CI,,,,,MDM,2024-11-25 11:04:47.000,2026-01-24 06:51:04.000,Patrice.Darzens@sanofi.com.SAML4,cloudadmin@sanofi.com.doCDGC.prod,,ACTIVE
62117,674459cfc15b061bf75f7b67,PIN000000000ZN,RC01337_INDIC_OTHERS,,Indication for Others file,CH,,,,,MDM,2024-11-25 11:04:47.000,2025-04-12 05:51:07.000,Patrice.Darzens@sanofi.com.SAML4,cloudadmin@sanofi.com.doCDGC.prod,,ACTIVE
62118,674459cfc15b061bf75f7b68,PIN000000000ZO,RC01338_INDIC_OTHERS,,Indication for Others file,CF,Stopped,Stopped inactive,,,MDM,2024-11-25 11:04:47.000,2025-08-09 05:53:13.000,Patrice.Darzens@sanofi.com.SAML4,cloudadmin@sanofi.com.doCDGC.prod,,ACTIVE
62119,674459cfc15b061bf75f7b69,PIN000000000ZP,RC01339_INDIC_OTHERS,,Indication for Others file,CI,Stopped,Stopped inactive,,,MDM,2024-11-25 11:04:47.000,2025-09-05 05:52:22.000,Patrice.Darzens@sanofi.com.SAML4,cloudadmin@sanofi.com.doCDGC.prod,,ACTIVE
62120,674459cfc15b061bf75f7b6a,PIN000000000ZQ,RC01340_INDIC_OTHERS,,Indication for Others file,CI,,,,,MDM,2024-11-25 11:04:47.000,2025-04-12 05:50:28.000,Patrice.Darzens@sanofi.com.SAML4,cloudadmin@sanofi.com.doCDGC.prod,,ACTIVE
62121,674459cfc15b061bf75f7b6b,PIN000000000ZR,RC01341_INDIC_OTHERS,,Indication for Others file,CF,,,,,MDM,2024-11-25 11:04:47.000,2025-04-12 05:50:52.000,Patrice.Darzens@sanofi.com.SAML4,cloudadmin@sanofi.com.doCDGC.prod,,ACTIVE
62122,674459cfc15b061bf75f7b6c,PIN000000000ZS,RC01344_INDIC_OTHERS,,Indication for Others file,CF,,,,,MDM,2024-11-25 11:04:47.000,2025-04-12 05:51:07.000,Patrice.Darzens@sanofi.com.SAML4,cloudadmin@sanofi.com.doCDGC.prod,,ACTIVE
62123,674459cfc15b061bf75f7b71,PIN000000000ZX,RP_CD_INDIC_OTHERS,,Indication for Others file,CD,,,,,MDM,2024-11-25 11:04:47.000,2025-04-12 05:51:06.000,Patrice.Darzens@sanofi.com.SAML4,cloudadmin@sanofi.com.doCDGC.prod,,ACTIVE
62124,674459cfc15b061bf75f7b73,PIN000000000ZZ,RP_CG_INDIC_OTHERS,,Indication for Others file,CG,,,,,MDM,2024-11-25 11:04:47.000,2025-04-12 05:50:40.000,Patrice.Darzens@sanofi.com.SAML4,cloudadmin@sanofi.com.doCDGC.prod,,ACTIVE
62125,674459cfc15b061bf75f7b75,PIN00000000101,RP_CJ_INDIC_OTHERS,,Indication for Others file,CJ,,,,,MDM,2024-11-25 11:04:47.000,2025-04-12 05:50:42.000,Patrice.Darzens@sanofi.com.SAML4,cloudadmin@sanofi.com.doCDGC.prod,,ACTIVE
62126,674459cfc15b061bf75f7b76,PIN00000000102,RP_CK_INDIC_OTHERS,,Indication for Others file,CK,,,,,MDM,2024-11-25 11:04:47.000,2025-04-12 05:50:51.000,Patrice.Darzens@sanofi.com.SAML4,cloudadmin@sanofi.com.doCDGC.prod,,ACTIVE
62127,674459cfc15b061bf75f7cdb,PIN00000000105,SAN_AM_HOE239_IND050,,Trypanosomiasis,HB,Ongoing,Ongoing,10044707,P,MDM,2024-11-25 11:04:47.000,2025-12-04 06:52:11.000,Patrice.Darzens@sanofi.com.SAML4,cloudadmin@sanofi.com.doCDGC.prod,,ACTIVE
62128,674459cfc15b061bf75f7cdc,PIN00000000106,SAN_AM_OTHER_D_INDIC_OTHERS,,Indication for Others file,HB,,,,,MDM,2024-11-25 11:04:47.000,2025-09-27 05:51:09.000,Patrice.Darzens@sanofi.com.SAML4,cloudadmin@sanofi.com.doCDGC.prod,,ACTIVE
62129,674459cfc15b061bf75f7cdd,PIN00000000107,SAN_IA_OTHER_D_INDIC_OTHERS,,Indication for Others file,HB,,,,,MDM,2024-11-25 11:04:47.000,2025-04-12 05:50:40.000,Patrice.Darzens@sanofi.com.SAML4,cloudadmin@sanofi.com.doCDGC.prod,,ACTIVE
62130,674459cfc15b061bf75f7cde,PIN00000000108,SAN_PO_AH1021_IND050,,Depressive disorder,HB,Ongoing,Ongoing,10057840,N,MDM,2024-11-25 11:04:47.000,2025-07-03 05:51:34.000,Patrice.Darzens@sanofi.com.SAML4,cloudadmin@sanofi.com.doCDGC.prod,,ACTIVE
62131,674459cfc15b061bf75f7cdf,PIN00000000109,SAN_PO_AVE0005_IND051,,Prostate cancer,HB,Ongoing,Ongoing,10060862,L,MDM,2024-11-25 11:04:47.000,2025-04-12 05:50:24.000,Patrice.Darzens@sanofi.com.SAML4,cloudadmin@sanofi.com.doCDGC.prod,,ACTIVE
62132,674459cfc15b061bf75f7ce0,PIN0000000010A,SAN_PO_AVE0005_INDIC_OTHERS,,Indication for Others file,HB,,,10060862,L,MDM,2024-11-25 11:04:47.000,2025-09-17 05:51:43.000,Patrice.Darzens@sanofi.com.SAML4,cloudadmin@sanofi.com.doCDGC.prod,,ACTIVE
62133,674459cfc15b061bf75f7ce2,PIN0000000010C,SAN_PO_CVC4201902_INDIC_OTHERS,,Indication for Others file,HB,,,,,MDM,2024-11-25 11:04:47.000,2025-04-12 05:51:09.000,Patrice.Darzens@sanofi.com.SAML4,cloudadmin@sanofi.com.doCDGC.prod,,ACTIVE
62134,674459cfc15b061bf75f7ce3,PIN0000000010D,SAN_PO_DB201903_IND050,,Type 2 Diabetes,HB,Stopped,Stopped inactive,10012594,A,MDM,2024-11-25 11:04:47.000,2025-04-12 05:51:11.000,Patrice.Darzens@sanofi.com.SAML4,cloudadmin@sanofi.com.doCDGC.prod,,ACTIVE
62135,674459cfc15b061bf75f7ce5,PIN0000000010F,SAN_PO_DBC2202001_INDIC_OTHERS,,Indication for Others file,HB,,,,,MDM,2024-11-25 11:04:47.000,2025-04-12 05:51:08.000,Patrice.Darzens@sanofi.com.SAML4,cloudadmin@sanofi.com.doCDGC.prod,,ACTIVE
62136,674459cfc15b061bf75f7ce7,PIN0000000010H,SAN_PO_EXT1064_IND050,,Inflammation,HB,Stopped,Stopped inactive,10061218,M,MDM,2024-11-25 11:04:47.000,2025-04-12 05:50:24.000,Patrice.Darzens@sanofi.com.SAML4,cloudadmin@sanofi.com.doCDGC.prod,,ACTIVE
62137,674459cfc15b061bf75f7ce8,PIN0000000010I,SAN_PO_EXT1064_INDIC_OTHERS,,Indication for Others file,HB,,,,,MDM,2024-11-25 11:04:47.000,2025-04-12 05:50:52.000,Patrice.Darzens@sanofi.com.SAML4,cloudadmin@sanofi.com.doCDGC.prod,,ACTIVE
62138,674459cfc15b061bf75f7ce9,PIN0000000010J,SAN_PO_EXT1074_IND050,,Convulsion,HB,Ongoing,Ongoing,10010904,N,MDM,2024-11-25 11:04:47.000,2025-04-12 05:50:33.000,Patrice.Darzens@sanofi.com.SAML4,cloudadmin@sanofi.com.doCDGC.prod,,ACTIVE
62139,674459cfc15b061bf75f7cea,PIN0000000010K,SAN_PO_EXTSYR322_INDIC_OTHERS,,Indication for Others file,HB,,,,,MDM,2024-11-25 11:04:47.000,2025-04-12 05:50:17.000,Patrice.Darzens@sanofi.com.SAML4,cloudadmin@sanofi.com.doCDGC.prod,,ACTIVE
62140,674459cfc15b061bf75f7cec,PIN0000000010M,SAN_PO_HOE490O_IND050,,Diabetes (Type 1 and type 2),HB,Ongoing,Ongoing,10012594,A,MDM,2024-11-25 11:04:47.000,2025-04-12 05:51:02.000,Patrice.Darzens@sanofi.com.SAML4,cloudadmin@sanofi.com.doCDGC.prod,,ACTIVE
62141,674459cfc15b061bf75f7cee,PIN0000000010O,SAN_PO_HR1799_INDIC_OTHERS,,Indication for Others file,HB,,,10067584,A,MDM,2024-11-25 11:04:47.000,2025-04-16 05:51:55.000,Patrice.Darzens@sanofi.com.SAML4,cloudadmin@sanofi.com.doCDGC.prod,,ACTIVE
62142,674459cfc15b061bf75f7cf0,PIN0000000010Q,SAN_PO_LA40220_IND050,,Bipolar disorders,HB,Ongoing,Ongoing,10057667,N,MDM,2024-11-25 11:04:47.000,2025-04-12 05:50:35.000,Patrice.Darzens@sanofi.com.SAML4,cloudadmin@sanofi.com.doCDGC.prod,,ACTIVE
62143,674459cfc15b061bf75f7cf2,PIN0000000010S,SAN_PO_M01202002_IND050,,Inflammation,HB,Ongoing,Ongoing,10061218,M,MDM,2024-11-25 11:04:47.000,2025-04-12 05:50:33.000,Patrice.Darzens@sanofi.com.SAML4,cloudadmin@sanofi.com.doCDGC.prod,,ACTIVE
62144,674459cfc15b061bf75f7cf5,PIN0000000010V,SAN_PO_NC0246_IND052,,Endocrine disorders,HB,Completed,Completed active,COMMON00000000,H,MDM,2024-11-25 11:04:47.000,2025-09-24 05:52:27.000,Patrice.Darzens@sanofi.com.SAML4,cloudadmin@sanofi.com.doCDGC.prod,,ACTIVE
62145,674459cfc15b061bf75f7cfa,PIN00000000110,SAN_PO_RP19583C_INDIC_OTHERS,,Indication for Others file,HB,,,,,MDM,2024-11-25 11:04:47.000,2025-04-12 05:50:35.000,Patrice.Darzens@sanofi.com.SAML4,cloudadmin@sanofi.com.doCDGC.prod,,ACTIVE
62146,674459cfc15b061bf75f7cfb,PIN00000000111,SAN_PO_RP19583T_IND050,,Musculo-skeletal disorder,HB,Ongoing,Ongoing,10048592,M,MDM,2024-11-25 11:04:47.000,2025-04-12 05:50:54.000,Patrice.Darzens@sanofi.com.SAML4,cloudadmin@sanofi.com.doCDGC.prod,,ACTIVE
62147,674459cfc15b061bf75f7cfc,PIN00000000112,SAN_PO_RP19583T_INDIC_OTHERS,,Indication for Others file,HB,,,,,MDM,2024-11-25 11:04:47.000,2025-04-12 05:51:06.000,Patrice.Darzens@sanofi.com.SAML4,cloudadmin@sanofi.com.doCDGC.prod,,ACTIVE
62148,674459cfc15b061bf75f7cfe,PIN00000000114,SAN_PO_SAR320784_IND050,,Hyperlipidemia,HB,Ongoing,Ongoing,10020667,C,MDM,2024-11-25 11:04:47.000,2025-10-02 05:51:13.000,Patrice.Darzens@sanofi.com.SAML4,cloudadmin@sanofi.com.doCDGC.prod,,ACTIVE
62149,674459cfc15b061bf75f7cff,PIN00000000115,SAN_PO_SAR320784_INDIC_OTHERS,,Indication for Others file,HB,,,,,MDM,2024-11-25 11:04:47.000,2025-04-12 05:50:28.000,Patrice.Darzens@sanofi.com.SAML4,cloudadmin@sanofi.com.doCDGC.prod,,ACTIVE
62150,674459cfc15b061bf75f7d01,PIN00000000117,SAN_PO_SH1040_IND050,,Cardiac disorders,HB,Ongoing,Ongoing,10061024,C,MDM,2024-11-25 11:04:47.000,2025-08-21 05:52:44.000,Patrice.Darzens@sanofi.com.SAML4,cloudadmin@sanofi.com.doCDGC.prod,,ACTIVE
62151,674459cfc15b061bf75f7d03,PIN00000000119,SAN_PO_SH1053_INDIC_OTHERS,,Indication for Others file,HB,,,,,MDM,2024-11-25 11:04:47.000,2025-04-12 05:51:07.000,Patrice.Darzens@sanofi.com.SAML4,cloudadmin@sanofi.com.doCDGC.prod,,ACTIVE
62152,674459cfc15b061bf75f7d05,PIN0000000011B,SAN_PO_SR29142_IND050,,Hypercholesterolemia,HB,Completed,Completed inactive,10020603,C,MDM,2024-11-25 11:04:47.000,2025-04-12 05:50:52.000,Patrice.Darzens@sanofi.com.SAML4,cloudadmin@sanofi.com.doCDGC.prod,,ACTIVE
62153,674459cfc15b061bf75f7d07,PIN0000000011D,SAN_PO_SR33589_IND050,,Atrial fibrillation,HB,Ongoing,Ongoing,10003658,C,MDM,2024-11-25 11:04:47.000,2025-04-12 05:50:46.000,Patrice.Darzens@sanofi.com.SAML4,cloudadmin@sanofi.com.doCDGC.prod,,ACTIVE
62154,674459cfc15b061bf75f7d08,PIN0000000011E,SAN_PO_SR33589_INDIC_OTHERS,,Indication for Others file,HB,,,,,MDM,2024-11-25 11:04:47.000,2025-04-12 05:50:26.000,Patrice.Darzens@sanofi.com.SAML4,cloudadmin@sanofi.com.doCDGC.prod,,ACTIVE
62155,674459cfc15b061bf75f7d0b,PIN0000000011H,SAN_PO_SR47436A_INDIC_OTHERS,,Indication for Others file,HB,,,,,MDM,2024-11-25 11:04:47.000,2025-04-12 05:50:30.000,Patrice.Darzens@sanofi.com.SAML4,cloudadmin@sanofi.com.doCDGC.prod,,ACTIVE
62156,674459cfc15b061bf75f7e6e,PIN0000000011I,SAN_PO_SR47436_IND050,,Hypertensive nephropathy,HB,Ongoing,Ongoing,10055171,C,MDM,2024-11-25 11:04:47.000,2025-04-12 05:50:24.000,Patrice.Darzens@sanofi.com.SAML4,cloudadmin@sanofi.com.doCDGC.prod,,ACTIVE
62157,674459cfc15b061bf75f7e71,PIN0000000011L,SAN_PO_XRP7293_IND050,,Infection,HB,Ongoing,Ongoing,10021789,J,MDM,2024-11-25 11:04:47.000,2025-04-12 05:51:02.000,Patrice.Darzens@sanofi.com.SAML4,cloudadmin@sanofi.com.doCDGC.prod,,ACTIVE
62158,674459cfc15b061bf75f7e72,PIN0000000011M,SAN_PO_XRP7293_INDIC_OTHERS,,Indication for Others file,HB,,,,,MDM,2024-11-25 11:04:47.000,2025-04-12 05:50:47.000,Patrice.Darzens@sanofi.com.SAML4,cloudadmin@sanofi.com.doCDGC.prod,,ACTIVE
62159,674459cfc15b061bf75f7e74,PIN0000000011O,SAN_PO_Z0930_IND051,,Ulcerative colitis,HB,Ongoing,Ongoing,10009900,A,MDM,2024-11-25 11:04:47.000,2025-04-12 05:50:47.000,Patrice.Darzens@sanofi.com.SAML4,cloudadmin@sanofi.com.doCDGC.prod,,ACTIVE
62160,674459cfc15b061bf75f7e79,PIN0000000011T,SAR153191_IND008,GCA,Giant Cell Arthritis,BE,Stopped,Stopped inactive,10018250,RH,MDM,2024-11-25 11:04:47.000,2025-04-12 05:50:43.000,Patrice.Darzens@sanofi.com.SAML4,cloudadmin@sanofi.com.doCDGC.prod,,ACTIVE
62161,674459cfc15b061bf75f7e7a,PIN0000000011U,SAR153191_IND009,,VLID (COVID-19),BE,Stopped,Stopped inactive,10053983,R,MDM,2024-11-25 11:04:47.000,2025-04-12 05:50:35.000,Patrice.Darzens@sanofi.com.SAML4,cloudadmin@sanofi.com.doCDGC.prod,,ACTIVE
62162,674459cfc15b061bf75f7e7d,PIN0000000011X,SAR153191_IND014,,Psoriatic Arthritis,BE,Stopped,Stopped inactive,10037162,RH,MDM,2024-11-25 11:04:47.000,2025-04-12 05:50:35.000,Patrice.Darzens@sanofi.com.SAML4,cloudadmin@sanofi.com.doCDGC.prod,,ACTIVE
62163,674459cfc15b061bf75f7e7e,PIN0000000011Y,SAR153191_IND015,,Scleroderma,BE,Not Validated,Not Validated,10039073,RH,MDM,2024-11-25 11:04:47.000,2025-04-12 05:50:26.000,Patrice.Darzens@sanofi.com.SAML4,cloudadmin@sanofi.com.doCDGC.prod,,ACTIVE
62164,674459cfc15b061bf75f7e7f,PIN0000000011Z,SAR153191_IND050,,Rheumatoid Arthritis,BE,Ongoing,Ongoing,10039073,M,MDM,2024-11-25 11:04:47.000,2025-04-12 05:50:42.000,Patrice.Darzens@sanofi.com.SAML4,cloudadmin@sanofi.com.doCDGC.prod,,ACTIVE
62165,674459cfc15b061bf75f7e81,PIN00000000121,SAR156597_IND002,,Atopic Dermatitis,BE,Stopped,Stopped inactive,10012438,D,MDM,2024-11-25 11:04:47.000,2025-04-12 05:50:37.000,Patrice.Darzens@sanofi.com.SAML4,cloudadmin@sanofi.com.doCDGC.prod,,ACTIVE
62166,674459cfc15b061bf75f7e82,PIN00000000122,SAR231893_IND001,AD,Atopic Dermatitis,BE,Completed,Completed active,10012438,D,MDM,2024-11-25 11:04:47.000,2025-12-02 06:50:59.000,Patrice.Darzens@sanofi.com.SAML4,cloudadmin@sanofi.com.doCDGC.prod,LCM,ACTIVE
62167,674459cfc15b061bf75f7e83,PIN00000000123,SAR231893_IND004,AD - Ped 6m-5y,Atopic Dermatitis - Ped - 6 months-5 years,BE,Completed,Completed inactive,10012438,D,MDM,2024-11-25 11:04:47.000,2025-04-12 05:50:59.000,Patrice.Darzens@sanofi.com.SAML4,cloudadmin@sanofi.com.doCDGC.prod,LCM,ACTIVE
62168,674459cfc15b061bf75f7e84,PIN00000000124,SAR231893_IND005,AD – CN,Atopic Dermatitis - China,BE,Completed,Completed inactive,10012438,D,MDM,2024-11-25 11:04:47.000,2025-11-22 06:51:15.000,Patrice.Darzens@sanofi.com.SAML4,cloudadmin@sanofi.com.doCDGC.prod,LCM,ACTIVE
62169,674459cfc15b061bf75f7e87,PIN00000000127,SAR231893_IND017,CSU,Chronic Spontaneous Urticaria - Adult & Ped - 2-17 years,BE,Ongoing,Ongoing,10072757,D,MDM,2024-11-25 11:04:47.000,2025-12-18 06:52:17.000,Patrice.Darzens@sanofi.com.SAML4,cloudadmin@sanofi.com.doCDGC.prod,LCM,ACTIVE
62170,674459cfc15b061bf75f7e88,PIN00000000128,SAR231893_IND018,BP,Bullous Pemphigoid,BE,Ongoing,Ongoing,10034277,D,MDM,2024-11-25 11:04:47.000,2026-01-10 06:51:16.000,Patrice.Darzens@sanofi.com.SAML4,cloudadmin@sanofi.com.doCDGC.prod,LCM,ACTIVE
62171,674459cfc15b061bf75f7e89,PIN00000000129,SAR231893_IND019,ABPA,Allergic Bronchopulmonary Aspergillosis - Adult & Ped - 12-17 years,BE,Stopped,Stopped inactive,10006474,R,MDM,2024-11-25 11:04:47.000,2025-09-05 05:52:21.000,Patrice.Darzens@sanofi.com.SAML4,cloudadmin@sanofi.com.doCDGC.prod,Phase 3,ACTIVE
62172,674459cfc15b061bf75f7e92,PIN0000000012I,SAR236553_IND005,,LDL-C reduction - Q4W - US+EU,BJ,Completed,Completed inactive,10020603,C,MDM,2024-11-25 11:04:47.000,2025-04-12 05:50:54.000,Patrice.Darzens@sanofi.com.SAML4,cloudadmin@sanofi.com.doCDGC.prod,LCM,ACTIVE
62173,674459cfc15b061bf75f7e93,PIN0000000012J,SAR236553_IND007,,CV events reduction after ACS - US+EU+Japan,BJ,Completed,Completed inactive,10064939,C,MDM,2024-11-25 11:04:47.000,2025-04-12 05:50:35.000,Patrice.Darzens@sanofi.com.SAML4,cloudadmin@sanofi.com.doCDGC.prod,LCM,ACTIVE
62174,674459cfc15b061bf75f7e96,PIN0000000012M,SAR236553_IND013,,Post ACS - Japan - SC Route,BJ,Stopped,Stopped inactive,10051592,,MDM,2024-11-25 11:04:47.000,2025-04-12 05:51:04.000,Patrice.Darzens@sanofi.com.SAML4,cloudadmin@sanofi.com.doCDGC.prod,,ACTIVE
62175,674459cec15b061bf75f79c5,PIN000000000XV,OC01960_IND001,,Indication for Others file,CL,Ongoing,Ongoing,,,MDM,2024-11-25 11:04:46.000,2025-04-12 05:50:57.000,Patrice.Darzens@sanofi.com.SAML4,cloudadmin@sanofi.com.doCDGC.prod,,ACTIVE
62176,674459cec15b061bf75f79c8,PIN000000000XY,OC01965_IND001,,Indication for Others file,EE,Ongoing,Ongoing,,,MDM,2024-11-25 11:04:46.000,2025-04-12 05:51:06.000,Patrice.Darzens@sanofi.com.SAML4,cloudadmin@sanofi.com.doCDGC.prod,,ACTIVE
62177,674459cec15b061bf75f79c9,PIN000000000XZ,OC01967_IND001,,Indication for Others file,EE,Ongoing,Ongoing,,,MDM,2024-11-25 11:04:46.000,2025-04-12 05:50:50.000,Patrice.Darzens@sanofi.com.SAML4,cloudadmin@sanofi.com.doCDGC.prod,,ACTIVE
62178,674459cec15b061bf75f79cb,PIN000000000Y1,OC01970_IND001,,Indication for Others file,CL,Ongoing,Ongoing,,,MDM,2024-11-25 11:04:46.000,2025-10-31 06:51:45.000,Patrice.Darzens@sanofi.com.SAML4,cloudadmin@sanofi.com.doCDGC.prod,,ACTIVE
62179,674459cec15b061bf75f79cc,PIN000000000Y2,OC01971_INDIC_OTHERS,,Indication for Others file,CL,Stopped,Stopped inactive,,,MDM,2024-11-25 11:04:46.000,2025-05-08 05:54:43.000,Patrice.Darzens@sanofi.com.SAML4,cloudadmin@sanofi.com.doCDGC.prod,,ACTIVE
62180,674459cec15b061bf75f79cf,PIN000000000Y5,OC01977_IND001,,Indication for Others file,EE,,,,,MDM,2024-11-25 11:04:46.000,2025-04-12 05:50:37.000,Patrice.Darzens@sanofi.com.SAML4,cloudadmin@sanofi.com.doCDGC.prod,,ACTIVE
62181,674459cec15b061bf75f79d0,PIN000000000Y6,OC01980_IND001,,Indication for Others file,EE,,,,,MDM,2024-11-25 11:04:46.000,2025-04-12 05:50:46.000,Patrice.Darzens@sanofi.com.SAML4,cloudadmin@sanofi.com.doCDGC.prod,,ACTIVE
62182,674459cec15b061bf75f79d1,PIN000000000Y7,OC01981_IND001,,Indication for Others file,EE,,,,,MDM,2024-11-25 11:04:46.000,2025-04-12 05:51:02.000,Patrice.Darzens@sanofi.com.SAML4,cloudadmin@sanofi.com.doCDGC.prod,,ACTIVE
62183,674459cec15b061bf75f79d4,PIN000000000YA,POLY_BB_INDIC_OTHERS,,Indication for Others file,BB,,,,,MDM,2024-11-25 11:04:46.000,2025-04-12 05:50:50.000,Patrice.Darzens@sanofi.com.SAML4,cloudadmin@sanofi.com.doCDGC.prod,,ACTIVE
62184,674459cec15b061bf75f79d5,PIN000000000YB,POLY_BE_INDIC_OTHERS,,Indication for Others file,BE,,,,,MDM,2024-11-25 11:04:46.000,2025-04-12 05:50:35.000,Patrice.Darzens@sanofi.com.SAML4,cloudadmin@sanofi.com.doCDGC.prod,,ACTIVE
62185,674459cec15b061bf75f79d6,PIN000000000YC,POLY_BG_INDIC_OTHERS,,Indication for Others file,BG,,,,,MDM,2024-11-25 11:04:46.000,2025-04-12 05:50:50.000,Patrice.Darzens@sanofi.com.SAML4,cloudadmin@sanofi.com.doCDGC.prod,,ACTIVE
62186,674459c9c15b061bf75f69ea,PIN000000000JG,SAR446329_IND004,nmCRPC - Combo,Nonmetastatic Castration Resistant Prostate Cancer - Combo,BG,Not Validated,Not Validated,10060862,L,MDM,2024-11-25 11:04:41.000,2025-04-12 05:50:24.000,Patrice.Darzens@sanofi.com.SAML4,cloudadmin@sanofi.com.doCDGC.prod,Phase 1,ACTIVE
62187,674459c9c15b061bf75f69ec,PIN000000000JI,SAR446450_IND003,3L+ CRC w/cetux,3L+ Colorectal Cancer - Combo cetuximab,BG,Not Validated,Not Validated,10061451,L,MDM,2024-11-25 11:04:41.000,2025-04-12 05:50:52.000,Patrice.Darzens@sanofi.com.SAML4,cloudadmin@sanofi.com.doCDGC.prod,Preclinical,ACTIVE
62188,674459c9c15b061bf75f69ed,PIN000000000JJ,SAR446450_IND004,2-3L HNSCC w/cetux,2/3L Head and Neck Squamous Cell Carcinomas - Combo cetuximab,BG,Not Validated,Not Validated,10067821,L,MDM,2024-11-25 11:04:41.000,2025-04-12 05:50:17.000,Patrice.Darzens@sanofi.com.SAML4,cloudadmin@sanofi.com.doCDGC.prod,Preclinical,ACTIVE
62189,674459c9c15b061bf75f69ef,PIN000000000JL,SAR446523_IND002,RRMM - 3x expo - Combo,Triple-class exposed RRMM multi-combo,BG,To be Validated,To be Validated,10086466,L,MDM,2024-11-25 11:04:41.000,2025-12-13 06:51:54.000,Patrice.Darzens@sanofi.com.SAML4,cloudadmin@sanofi.com.doCDGC.prod,Initiation,ACTIVE
62190,674459c9c15b061bf75f69f0,PIN000000000JM,SAR446661_IND003,2L RRMM,2L RRMM,BG,Not Validated,Not Validated,10028228,L,MDM,2024-11-25 11:04:41.000,2025-04-12 05:51:10.000,Patrice.Darzens@sanofi.com.SAML4,cloudadmin@sanofi.com.doCDGC.prod,Pre-candidate,ACTIVE
62191,674459c9c15b061bf75f69f5,PIN000000000JR,SAR446878_IND001,Lymphoma,Lymphoma,BG,Stopped,Stopped active,10029547,L,MDM,2024-11-25 11:04:41.000,2025-12-25 06:50:28.000,Patrice.Darzens@sanofi.com.SAML4,cloudadmin@sanofi.com.doCDGC.prod,Preclinical,ACTIVE
62192,674459c9c15b061bf75f69f8,PIN000000000JU,SAR447287_IND001,AD,Atopic Dermatitis,BE,Ongoing,Ongoing,10012438,D,MDM,2024-11-25 11:04:41.000,2025-09-16 05:52:08.000,Patrice.Darzens@sanofi.com.SAML4,cloudadmin@sanofi.com.doCDGC.prod,Preclinical,ACTIVE
62193,674459c9c15b061bf75f69fa,PIN000000000JW,SAR447686_IND001,AD,Atopic Dermatitis,BE,Ongoing,Ongoing,10012438,D,MDM,2024-11-25 11:04:41.000,2026-01-24 06:51:03.000,Patrice.Darzens@sanofi.com.SAML4,cloudadmin@sanofi.com.doCDGC.prod,Preclinical,ACTIVE
62194,674459c9c15b061bf75f69fb,PIN000000000JX,SAR447717_IND001,FSHD,Facioscapulohumeral muscular dystrophy - Adult - 18-65 yrs,BH,Stopped,Stopped inactive,10064087,M,MDM,2024-11-25 11:04:41.000,2025-05-14 05:51:39.000,Patrice.Darzens@sanofi.com.SAML4,cloudadmin@sanofi.com.doCDGC.prod,Phase 3,ACTIVE
62195,674459c9c15b061bf75f69fe,PIN000000000K0,SAR447873_IND001,GEP-NET,GastroEnteroPancreatic & NeuroEndocrine Tumors,BG,Ongoing,Ongoing,10062476,L,MDM,2024-11-25 11:04:41.000,2025-11-29 07:08:50.000,Patrice.Darzens@sanofi.com.SAML4,cloudadmin@sanofi.com.doCDGC.prod,Phase 2,ACTIVE
62196,674459c9c15b061bf75f6a00,PIN000000000K2,SAR447971_IND002,RA,Rheumatoid arthritis (under cancellation),BE,Not Validated,Not Validated,10039073,M,MDM,2024-11-25 11:04:41.000,2026-01-21 06:50:23.000,Patrice.Darzens@sanofi.com.SAML4,cloudadmin@sanofi.com.doCDGC.prod,Initiation,ACTIVE
62197,674459c9c15b061bf75f6a01,PIN000000000K3,SAR447998_IND001,SLE,Systemic Lupus Erythematosus,BE,Ongoing,Ongoing,10042945,M,MDM,2024-11-25 11:04:41.000,2026-01-22 06:50:54.000,Patrice.Darzens@sanofi.com.SAML4,cloudadmin@sanofi.com.doCDGC.prod,Preclinical,ACTIVE
62198,674459c9c15b061bf75f6a03,PIN000000000K5,SAR650984_IND002,1-3L RRMM  w/Kd,1-3L RRMM - Combo Carfilzomib,BG,Ongoing,Ongoing,10086466,L,MDM,2024-11-25 11:04:41.000,2025-07-03 05:51:45.000,Patrice.Darzens@sanofi.com.SAML4,cloudadmin@sanofi.com.doCDGC.prod,LCM,ACTIVE
62199,674459c9c15b061bf75f6a06,PIN000000000K8,SAR650984_IND009,Smoldering MM w/Rd,SMM - High-Risk - Combo Lenalidomide,BG,Ongoing,Ongoing,10075894,L,MDM,2024-11-25 11:04:41.000,2025-04-12 05:50:17.000,Patrice.Darzens@sanofi.com.SAML4,cloudadmin@sanofi.com.doCDGC.prod,Phase 3,ACTIVE
62200,674459c9c15b061bf75f6a07,PIN000000000K9,SAR650984_IND011,Amyloidosis,Amyloidosis - Mono,BG,Stopped,Stopped inactive,10002022,A,MDM,2024-11-25 11:04:41.000,2025-04-12 05:50:51.000,Patrice.Darzens@sanofi.com.SAML4,cloudadmin@sanofi.com.doCDGC.prod,Phase 2,ACTIVE
62201,674459c9c15b061bf75f6a09,PIN000000000KB,SAR650984_IND017,4L RRMM  - Mono,4L RRMM  - Mono,BG,Stopped,Stopped inactive,10028228,L,MDM,2024-11-25 11:04:41.000,2025-04-12 05:50:37.000,Patrice.Darzens@sanofi.com.SAML4,cloudadmin@sanofi.com.doCDGC.prod,,ACTIVE
62202,674459c9c15b061bf75f6a0f,PIN000000000KH,SAR650984_IND028,3L mUC w/Atezo,3L mUC - Combo Atezolizumab,BG,Not Validated,Not Validated,10005003,L,MDM,2024-11-25 11:04:41.000,2025-04-12 05:50:30.000,Patrice.Darzens@sanofi.com.SAML4,cloudadmin@sanofi.com.doCDGC.prod,,ACTIVE
62203,674459c9c15b061bf75f6a10,PIN000000000KI,SAR650984_IND031,RRMM/NDMM w/Belant,RRMM/NDMM - Combo Belantamab,BG,Not Validated,Not Validated,10028228,L,MDM,2024-11-25 11:04:41.000,2025-04-12 05:51:09.000,Patrice.Darzens@sanofi.com.SAML4,cloudadmin@sanofi.com.doCDGC.prod,,ACTIVE
62204,674459c9c15b061bf75f6a11,PIN000000000KJ,SAR650984_IND034,1L NDMM w/Cevostamab,1L NDMM - Combo Cevostamab,BG,Not Validated,Not Validated,10028228,L,MDM,2024-11-25 11:04:41.000,2025-09-09 05:51:33.000,Patrice.Darzens@sanofi.com.SAML4,cloudadmin@sanofi.com.doCDGC.prod,Initiation,ACTIVE
62205,674459c9c15b061bf75f6a12,PIN000000000KK,SAR650984_IND050,,Multiple myeloma,BG,Ongoing,Ongoing,10028228,L,MDM,2024-11-25 11:04:41.000,2025-05-23 05:50:48.000,Patrice.Darzens@sanofi.com.SAML4,cloudadmin@sanofi.com.doCDGC.prod,,ACTIVE
62206,674459c9c15b061bf75f6a13,PIN000000000KL,SERIE_BIO_ONCO_DISCO_DH,,Serie for Bio Oncology Disco,C,Ongoing,Ongoing,,,MDM,2024-11-25 11:04:41.000,2026-01-23 06:50:44.000,Patrice.Darzens@sanofi.com.SAML4,cloudadmin@sanofi.com.doCDGC.prod,,ACTIVE
62207,674459c9c15b061bf75f6a14,PIN000000000KM,SERIE_GENETH_DISCO_DH,,Serie for Bio Disco,C,Ongoing,Ongoing,,,MDM,2024-11-25 11:04:41.000,2026-01-23 06:50:46.000,Patrice.Darzens@sanofi.com.SAML4,cloudadmin@sanofi.com.doCDGC.prod,,ACTIVE
62208,674459c9c15b061bf75f6a15,PIN000000000KN,SERIE_SMALL_MOL_ONCO_DISCO_DH,,Serie for small molecule Oncology Disco,C,Ongoing,Ongoing,,,MDM,2024-11-25 11:04:41.000,2026-01-23 06:51:56.000,Patrice.Darzens@sanofi.com.SAML4,cloudadmin@sanofi.com.doCDGC.prod,,ACTIVE
62209,674459c9c15b061bf75f6a1a,PIN000000000KS,SIC00302_IND001,,PAIN,HB,,,10033371,M,MDM,2024-11-25 11:04:41.000,2025-09-24 05:52:52.000,Patrice.Darzens@sanofi.com.SAML4,cloudadmin@sanofi.com.doCDGC.prod,,ACTIVE
62210,674459c9c15b061bf75f6b7e,PIN000000000KU,SIC00325_IND001,,Developmental delay,HB,,,,N,MDM,2024-11-25 11:04:41.000,2025-04-12 05:50:57.000,Patrice.Darzens@sanofi.com.SAML4,cloudadmin@sanofi.com.doCDGC.prod,,ACTIVE
62211,674459c9c15b061bf75f6b81,PIN000000000KX,SIC00345_IND001,,Indication for Others file,HB,,,10012438,D,MDM,2024-11-25 11:04:41.000,2025-09-24 05:52:48.000,Patrice.Darzens@sanofi.com.SAML4,cloudadmin@sanofi.com.doCDGC.prod,,ACTIVE
62212,674459c9c15b061bf75f6b83,PIN000000000KZ,SIC00443_IND001,,PSYD - Psychotic disorder,HB,,,,,MDM,2024-11-25 11:04:41.000,2026-01-21 06:51:02.000,Patrice.Darzens@sanofi.com.SAML4,cloudadmin@sanofi.com.doCDGC.prod,,ACTIVE
62213,674459c9c15b061bf75f6b84,PIN000000000L0,SIC00463_IND001,,HNP - Hypertensive Nephropathy,HB,,,,,MDM,2024-11-25 11:04:41.000,2025-10-04 05:50:35.000,Patrice.Darzens@sanofi.com.SAML4,cloudadmin@sanofi.com.doCDGC.prod,,ACTIVE
62214,674459c9c15b061bf75f6b85,PIN000000000L1,SP0038_IND001,,Indication for New Vaccine Indication Template,,Completed,Completed active,10021430,VACC,MDM,2024-11-25 11:04:41.000,2025-04-12 05:50:44.000,Patrice.Darzens@sanofi.com.SAML4,cloudadmin@sanofi.com.doCDGC.prod,,ACTIVE
62215,674459c9c15b061bf75f6b8b,PIN000000000L7,SP0171_IND003,MDV,Multidose (MDV),,Completed,Completed active,10021430,VACC,MDM,2024-11-25 11:04:41.000,2025-04-15 05:51:46.000,Patrice.Darzens@sanofi.com.SAML4,cloudadmin@sanofi.com.doCDGC.prod,,ACTIVE
62216,674459c9c15b061bf75f6b8c,PIN000000000L8,SP0178_IND003,Ped,High-dose inactivated influenza vaccine - Pediatric On HOLD,,Stopped,Stopped active,10022000,VACC,MDM,2024-11-25 11:04:41.000,2026-01-23 06:51:15.000,Patrice.Darzens@sanofi.com.SAML4,cloudadmin@sanofi.com.doCDGC.prod,Termination,ACTIVE
62217,674459c9c15b061bf75f6b8f,PIN000000000LB,SP0202_IND001,,Common activities - Skypac,,Completed,Completed inactive,10092606,VACC,MDM,2024-11-25 11:04:41.000,2025-09-11 05:52:44.000,Patrice.Darzens@sanofi.com.SAML4,cloudadmin@sanofi.com.doCDGC.prod,,ACTIVE
62218,674459c9c15b061bf75f6b90,PIN000000000LC,SP0202_IND006,PCV - Ped - JP,STOPPED Japan Peds,,Stopped,Stopped active,10092606,VACC,MDM,2024-11-25 11:04:41.000,2025-12-04 06:50:41.000,Patrice.Darzens@sanofi.com.SAML4,cloudadmin@sanofi.com.doCDGC.prod,Initiation,ACTIVE
62219,674459c9c15b061bf75f6b92,PIN000000000LE,SP0206_IND004,,New Target PH3 acquisition - 2024 non mRNA,,Not Validated,Not Validated,10021430,VACC,MDM,2024-11-25 11:04:41.000,2025-04-12 05:50:54.000,Patrice.Darzens@sanofi.com.SAML4,cloudadmin@sanofi.com.doCDGC.prod,,ACTIVE
62220,674459c9c15b061bf75f6b93,PIN000000000LF,SP0206_IND005,2024 M0 non mRNA,New Target M0 - 2024 non  mRNA (Abeta Vaccine),,Completed,Completed active,10021430,VACC,MDM,2024-11-25 11:04:41.000,2025-04-25 05:52:46.000,Patrice.Darzens@sanofi.com.SAML4,cloudadmin@sanofi.com.doCDGC.prod,,ACTIVE
62221,674459c9c15b061bf75f6b94,PIN000000000LG,SP0206_IND007,2027 M0 non mRNA,New Target M0 - 2027 non mRNA,,To be Validated,To be Validated,10021430,VACC,MDM,2024-11-25 11:04:41.000,2026-01-24 06:51:37.000,Patrice.Darzens@sanofi.com.SAML4,cloudadmin@sanofi.com.doCDGC.prod,,ACTIVE
62222,674459c9c15b061bf75f6b98,PIN000000000LK,SP0215_IND001,,Common activities - CMV,,Stopped,Stopped active,10021430,VACC,MDM,2024-11-25 11:04:41.000,2025-04-19 05:53:31.000,Patrice.Darzens@sanofi.com.SAML4,cloudadmin@sanofi.com.doCDGC.prod,,ACTIVE
62223,674459c9c15b061bf75f6b9a,PIN000000000LM,SP0221_IND001,,Indication for New Vaccine Template,,,,10021430,VACC,MDM,2024-11-25 11:04:41.000,2025-04-15 05:51:40.000,Patrice.Darzens@sanofi.com.SAML4,cloudadmin@sanofi.com.doCDGC.prod,,ACTIVE
62224,674459c9c15b061bf75f6b9b,PIN000000000LN,SP0227_IND001,,Indication for New Vaccine Indication Template,,Stopped,Stopped active,10021430,VACC,MDM,2024-11-25 11:04:41.000,2025-04-16 05:51:49.000,Patrice.Darzens@sanofi.com.SAML4,cloudadmin@sanofi.com.doCDGC.prod,,ACTIVE
62225,674459c9c15b061bf75f6b9e,PIN000000000LQ,SP0230_IND002,Meningitis B,MenB-First Licensure-Ado-Toddler-infants,,Stopped,Stopped active,10004049,VACC,MDM,2024-11-25 11:04:41.000,2025-12-23 06:50:55.000,Patrice.Darzens@sanofi.com.SAML4,cloudadmin@sanofi.com.doCDGC.prod,Phase 2A,ACTIVE
62226,674459c9c15b061bf75f6b9f,PIN000000000LR,SP0232_IND001,,Nirsevimab Common activities  (RSV mAb),,Completed,Completed inactive,10021430,VACC,MDM,2024-11-25 11:04:41.000,2025-04-12 05:51:04.000,Patrice.Darzens@sanofi.com.SAML4,cloudadmin@sanofi.com.doCDGC.prod,,ACTIVE
62227,674459c9c15b061bf75f6ba0,PIN000000000LS,SP0232_IND002,RSV,Nirsevimab Global (RSV mAb),,Completed,Completed active,10021430,VACC,MDM,2024-11-25 11:04:41.000,2025-05-07 05:53:04.000,Patrice.Darzens@sanofi.com.SAML4,cloudadmin@sanofi.com.doCDGC.prod,Post-Launch,ACTIVE
62228,674459c9c15b061bf75f6ba1,PIN000000000LT,SP0234_IND001,Flu - CN,Flu - China,,Stopped,Stopped active,10022000,VACC,MDM,2024-11-25 11:04:41.000,2025-06-03 05:51:25.000,Patrice.Darzens@sanofi.com.SAML4,cloudadmin@sanofi.com.doCDGC.prod,Phase 1,ACTIVE
62229,674459c9c15b061bf75f6ba2,PIN000000000LU,SP0236_IND001,H7 Adult,Indication for H7N9 Adult - Failed,,Stopped,Stopped active,10022000,VACC,MDM,2024-11-25 11:04:41.000,2025-12-11 06:51:11.000,Patrice.Darzens@sanofi.com.SAML4,cloudadmin@sanofi.com.doCDGC.prod,Termination,ACTIVE
62230,674459c9c15b061bf75f6ba3,PIN000000000LV,SP0237_IND001,Flu - Adult,Flu - Adult,,Stopped,Stopped active,10022000,VACC,MDM,2024-11-25 11:04:41.000,2026-01-24 06:51:02.000,Patrice.Darzens@sanofi.com.SAML4,cloudadmin@sanofi.com.doCDGC.prod,Phase 1,ACTIVE
62231,674459c9c15b061bf75f6baf,PIN000000000M7,SP0273_IND001,Global,Global - Flu mRNA,,Stopped,Stopped active,10021430,VACC,MDM,2024-11-25 11:04:41.000,2025-11-29 07:08:11.000,Patrice.Darzens@sanofi.com.SAML4,cloudadmin@sanofi.com.doCDGC.prod,Phase 2A,ACTIVE
62232,674459cac15b061bf75f6d17,PIN000000000MD,SP0277_IND014,2028 M0 mRNA 2,New Target M0 - 2028 mRNA 2,,To be Validated,To be Validated,10021430,VACC,MDM,2024-11-25 11:04:42.000,2026-01-24 06:50:14.000,Patrice.Darzens@sanofi.com.SAML4,cloudadmin@sanofi.com.doCDGC.prod,Pre-M0,ACTIVE
62233,674459cac15b061bf75f6d18,PIN000000000ME,SP0277_IND015,2029 M0 mRNA,New Target M0 - 2029 mRNA,,To be Validated,To be Validated,10021430,VACC,MDM,2024-11-25 11:04:42.000,2026-01-24 06:50:33.000,Patrice.Darzens@sanofi.com.SAML4,cloudadmin@sanofi.com.doCDGC.prod,Pre-M0,ACTIVE
62234,674459cac15b061bf75f6d19,PIN000000000MF,SP0278_IND001,,PanCov Common Activities,,Stopped,Stopped active,10021430,VACC,MDM,2024-11-25 11:04:42.000,2025-12-12 06:51:18.000,Patrice.Darzens@sanofi.com.SAML4,cloudadmin@sanofi.com.doCDGC.prod,M0-M2,ACTIVE
62235,674459cac15b061bf75f6d1a,PIN000000000MG,SP0279_IND001,,Pandemic Flu Common Activities,,Not Validated,Not Validated,10021430,VACC,MDM,2024-11-25 11:04:42.000,2025-04-12 05:50:33.000,Patrice.Darzens@sanofi.com.SAML4,cloudadmin@sanofi.com.doCDGC.prod,,ACTIVE
62236,674459cac15b061bf75f6d1d,PIN000000000MJ,SP0282_IND001,E. Coli - 9V,Extraintestinal pathogenic E. coli - 9V,,Stopped,Stopped active,10021430,VACC,MDM,2024-11-25 11:04:42.000,2026-01-10 06:51:59.000,Patrice.Darzens@sanofi.com.SAML4,cloudadmin@sanofi.com.doCDGC.prod,Phase 3,ACTIVE
62237,674459cac15b061bf75f6d1e,PIN000000000MK,SP0284_IND001,,China,,Not Validated,Not Validated,10021430,VACC,MDM,2024-11-25 11:04:42.000,2026-01-24 06:50:03.000,Patrice.Darzens@sanofi.com.SAML4,cloudadmin@sanofi.com.doCDGC.prod,Initiation,ACTIVE
62238,674459cac15b061bf75f6d21,PIN000000000MN,SP0290_IND001,,Extraintestinal pathogenic E. coli - Next Generation,,Stopped,Stopped active,10021430,VACC,MDM,2024-11-25 11:04:42.000,2026-01-24 06:50:05.000,Patrice.Darzens@sanofi.com.SAML4,cloudadmin@sanofi.com.doCDGC.prod,Preclinical,ACTIVE
62239,674459cac15b061bf75f6d22,PIN000000000MO,SP0292_IND001,Peanut allergy,Peanut allergy,,Ongoing,Ongoing,10034202,VACC,MDM,2024-11-25 11:04:42.000,2026-01-22 06:50:20.000,Patrice.Darzens@sanofi.com.SAML4,cloudadmin@sanofi.com.doCDGC.prod,M0-M2,ACTIVE
62240,674459cac15b061bf75f6d23,PIN000000000MP,SPA_RD_MAR07002_INDIC_OTHERS,,Indication for Others file,HB,,,10021430,VACC,MDM,2024-11-25 11:04:42.000,2025-04-12 05:50:59.000,Patrice.Darzens@sanofi.com.SAML4,cloudadmin@sanofi.com.doCDGC.prod,,ACTIVE
62241,674459cac15b061bf75f6d24,PIN000000000MQ,SPA_RD_MAR10174_INDIC_OTHERS,,Indication for Others file,HB,,,10021430,VACC,MDM,2024-11-25 11:04:42.000,2025-04-12 05:50:43.000,Patrice.Darzens@sanofi.com.SAML4,cloudadmin@sanofi.com.doCDGC.prod,,ACTIVE
62242,674459cac15b061bf75f6d25,PIN000000000MR,SPA_RD_PLC16002_INDIC_OTHERS,,Indication for Others file,HB,,,10021430,VACC,MDM,2024-11-25 11:04:42.000,2025-04-25 05:52:55.000,Patrice.Darzens@sanofi.com.SAML4,cloudadmin@sanofi.com.doCDGC.prod,,ACTIVE
62243,674459cac15b061bf75f6d27,PIN000000000MT,SPA_RD_PLC16008_INDIC_OTHERS,,Immunisation,HB,,,10021430,VACC,MDM,2024-11-25 11:04:42.000,2025-04-12 05:50:40.000,Patrice.Darzens@sanofi.com.SAML4,cloudadmin@sanofi.com.doCDGC.prod,,ACTIVE
62244,674459cac15b061bf75f6d2a,PIN000000000MW,SPA_RD_PPI21633_INDIC_OTHERS,,Indication for Others file,HB,,,10021430,VACC,MDM,2024-11-25 11:04:42.000,2025-04-12 05:51:13.000,Patrice.Darzens@sanofi.com.SAML4,cloudadmin@sanofi.com.doCDGC.prod,,ACTIVE
62245,674459cac15b061bf75f6d2c,PIN000000000MY,SPA_RD_SP0047_INDIC_OTHERS,,Indication for Others file,HB,,,10021430,VACC,MDM,2024-11-25 11:04:42.000,2025-04-25 05:52:44.000,Patrice.Darzens@sanofi.com.SAML4,cloudadmin@sanofi.com.doCDGC.prod,,ACTIVE
62246,674459cac15b061bf75f6d2e,PIN000000000N0,SPA_RD_SP0148_INDIC_OTHERS,,Indication for Others file,HB,,,10021430,VACC,MDM,2024-11-25 11:04:42.000,2025-04-12 05:50:37.000,Patrice.Darzens@sanofi.com.SAML4,cloudadmin@sanofi.com.doCDGC.prod,,ACTIVE
62247,674459cac15b061bf75f6d2f,PIN000000000N1,SPA_RD_SP0171_INDIC_OTHERS,,Indication for Others file,HB,,,10021430,VACC,MDM,2024-11-25 11:04:42.000,2025-04-12 05:50:47.000,Patrice.Darzens@sanofi.com.SAML4,cloudadmin@sanofi.com.doCDGC.prod,,ACTIVE
62248,674459cac15b061bf75f6d30,PIN000000000N2,SPA_RD_SP0178_INDIC_OTHERS,,Indication for Others file,HB,,,10021430,VACC,MDM,2024-11-25 11:04:42.000,2025-04-12 05:50:50.000,Patrice.Darzens@sanofi.com.SAML4,cloudadmin@sanofi.com.doCDGC.prod,,ACTIVE
62249,674459cac15b061bf75f6d31,PIN000000000N3,SPA_RD_SP0202_INDIC_OTHERS,,Indication for Others file,HB,,,10021430,VACC,MDM,2024-11-25 11:04:42.000,2025-04-25 05:52:58.000,Patrice.Darzens@sanofi.com.SAML4,cloudadmin@sanofi.com.doCDGC.prod,,ACTIVE
62250,674459cac15b061bf75f6d33,PIN000000000N5,SPA_RD_SP0211_INDIC_OTHERS,,Indication for Others file,HB,,,,,MDM,2024-11-25 11:04:42.000,2025-04-25 05:52:42.000,Patrice.Darzens@sanofi.com.SAML4,cloudadmin@sanofi.com.doCDGC.prod,,ACTIVE
62251,674459cac15b061bf75f6d35,PIN000000000N7,SPA_RD_SP0237_INDIC_OTHERS,,Indication for Others file,HB,,,10021430,VACC,MDM,2024-11-25 11:04:42.000,2025-04-25 05:52:57.000,Patrice.Darzens@sanofi.com.SAML4,cloudadmin@sanofi.com.doCDGC.prod,,ACTIVE
62252,674459cac15b061bf75f6d37,PIN000000000N9,SPA_RD_SP0239_INDIC_OTHERS,,Indication for Others file,HB,,,10021430,VACC,MDM,2024-11-25 11:04:42.000,2025-04-12 05:50:54.000,Patrice.Darzens@sanofi.com.SAML4,cloudadmin@sanofi.com.doCDGC.prod,,ACTIVE
62253,674459cac15b061bf75f6d38,PIN000000000NA,SPA_RD_SP0241_INDIC_OTHERS,,Indication for Others file,HB,,,10021430,VACC,MDM,2024-11-25 11:04:42.000,2025-04-12 05:51:03.000,Patrice.Darzens@sanofi.com.SAML4,cloudadmin@sanofi.com.doCDGC.prod,,ACTIVE
62254,674459cac15b061bf75f6d3b,PIN000000000ND,SPA_RD_SP0254_INDIC_OTHERS,,Indication for Others file,HB,,,10021430,VACC,MDM,2024-11-25 11:04:42.000,2025-04-12 05:50:17.000,Patrice.Darzens@sanofi.com.SAML4,cloudadmin@sanofi.com.doCDGC.prod,,ACTIVE
62255,674459cac15b061bf75f6d3f,PIN000000000NH,SPA_RD_SP0271_INDIC_OTHERS,,Indication for Others file,HB,,,10021430,VACC,MDM,2024-11-25 11:04:42.000,2025-04-25 05:52:57.000,Patrice.Darzens@sanofi.com.SAML4,cloudadmin@sanofi.com.doCDGC.prod,,ACTIVE
62256,674459cac15b061bf75f6d43,PIN000000000NL,SPA_RD_TECH17004_INDIC_OTHERS,,Indication for Others file,HB,,,10021430,VACC,MDM,2024-11-25 11:04:42.000,2025-04-25 05:52:37.000,Patrice.Darzens@sanofi.com.SAML4,cloudadmin@sanofi.com.doCDGC.prod,,ACTIVE
62257,674459cbc15b061bf75f6eac,PIN000000000NS,XC01131_IND001,,Discovery,CI,Stopped,Stopped inactive,10065252,,MDM,2024-11-25 11:04:43.000,2025-04-12 05:50:57.000,Patrice.Darzens@sanofi.com.SAML4,cloudadmin@sanofi.com.doCDGC.prod,,ACTIVE
62258,674459cbc15b061bf75f6ead,PIN000000000NT,XC01146_SERIE_BIO_ONCO_DISCO,,Discovery,CI,Completed,Completed inactive,,,MDM,2024-11-25 11:04:43.000,2025-04-12 05:51:07.000,Patrice.Darzens@sanofi.com.SAML4,cloudadmin@sanofi.com.doCDGC.prod,,ACTIVE
62259,674459cbc15b061bf75f6eaf,PIN000000000NV,XC01151_IND001,,Discovery,CF,Completed,Completed inactive,,,MDM,2024-11-25 11:04:43.000,2025-04-12 05:51:09.000,Patrice.Darzens@sanofi.com.SAML4,cloudadmin@sanofi.com.doCDGC.prod,,ACTIVE
62260,674459cbc15b061bf75f6eb1,PIN000000000NX,XC01154_SERIE_SMALL_MOL_ONCO_DISCO,,Discovery,CI,Stopped,Stopped inactive,,,MDM,2024-11-25 11:04:43.000,2025-04-12 05:50:30.000,Patrice.Darzens@sanofi.com.SAML4,cloudadmin@sanofi.com.doCDGC.prod,,ACTIVE
62261,674459cbc15b061bf75f6eb2,PIN000000000NY,XC01156_IND001,AD,Atopic Dermatitis,CF,Completed,Completed inactive,10012438,,MDM,2024-11-25 11:04:43.000,2025-12-20 06:51:44.000,Patrice.Darzens@sanofi.com.SAML4,cloudadmin@sanofi.com.doCDGC.prod,,ACTIVE
62262,674459cbc15b061bf75f6eb3,PIN000000000NZ,XC01158_IND004,EoE,Eosinophilic Esophagitis,CF,Ongoing,Ongoing,10064212,,MDM,2024-11-25 11:04:43.000,2025-08-09 05:53:27.000,Patrice.Darzens@sanofi.com.SAML4,cloudadmin@sanofi.com.doCDGC.prod,,ACTIVE
62263,674459cbc15b061bf75f6eb5,PIN000000000O1,XRP6976_IND002,,Squamous Cell Carcinoma of the Head and Neck - China,BG,Stopped,Stopped inactive,10067821,L,MDM,2024-11-25 11:04:43.000,2025-04-12 05:51:06.000,Patrice.Darzens@sanofi.com.SAML4,cloudadmin@sanofi.com.doCDGC.prod,,ACTIVE
62264,674459cbc15b061bf75f6eb8,PIN000000000O4,XRP6976_IND008,,One Vial - 160mg/8ml,BG,Completed,Completed inactive,10065252,L,MDM,2024-11-25 11:04:43.000,2025-04-12 05:50:50.000,Patrice.Darzens@sanofi.com.SAML4,cloudadmin@sanofi.com.doCDGC.prod,LCM,ACTIVE
62265,674459cbc15b061bf75f6eb9,PIN000000000O5,XRP6976_IND011,,High-Risk Node Negative Breast Cancer,BG,Completed,Completed inactive,10006187,L,MDM,2024-11-25 11:04:43.000,2025-04-12 05:50:43.000,Patrice.Darzens@sanofi.com.SAML4,cloudadmin@sanofi.com.doCDGC.prod,LCM,ACTIVE
62266,674459c8c15b061bf75f6884,PIN000000000JC,SAR446201_IND001,Autoimmune diseases,Indication for Biologic Dev,BE,Not Validated,Not Validated,,,MDM,2024-11-25 11:04:40.000,2025-04-12 05:51:04.000,Patrice.Darzens@sanofi.com.SAML4,cloudadmin@sanofi.com.doCDGC.prod,,ACTIVE
62267,674459c8c15b061bf75f6885,PIN000000000JD,SAR446290_IND001,IOPD/LOPD,Pompe Disease - Infantile & Late Onset,BH,Stopped,Stopped active,10053185,A,MDM,2024-11-25 11:04:40.000,2026-01-21 06:51:08.000,Patrice.Darzens@sanofi.com.SAML4,cloudadmin@sanofi.com.doCDGC.prod,Preclinical,ACTIVE
62268,674459c8c15b061bf75f6886,PIN000000000JE,SAR446309_IND001,3L+ mGC w/Pembro,3L+ Metastatic Gastric Cancer - Combo pembrolizumab,BG,Stopped,Stopped inactive,10017758,L,MDM,2024-11-25 11:04:40.000,2025-05-27 05:52:35.000,Patrice.Darzens@sanofi.com.SAML4,cloudadmin@sanofi.com.doCDGC.prod,Phase 1,ACTIVE
62269,674459c8c15b061bf75f6887,PIN000000000JF,SAR446309_IND002,1L mGC w/chemo,1L Metastatic Gastric Cancer - Combo chemo,BG,Not Validated,Not Validated,10017758,L,MDM,2024-11-25 11:04:40.000,2025-04-12 05:50:26.000,Patrice.Darzens@sanofi.com.SAML4,cloudadmin@sanofi.com.doCDGC.prod,Phase 1,ACTIVE
62270,674459c9c15b061bf75f69eb,PIN000000000JH,SAR446329_IND006,4L mCRPC - Mono,4L Metastatic Castration Resistant Prostate Cancer - post-pluvicto - Mono,BG,Not Validated,Not Validated,10060862,L,MDM,2024-11-25 11:04:41.000,2025-04-12 05:51:08.000,Patrice.Darzens@sanofi.com.SAML4,cloudadmin@sanofi.com.doCDGC.prod,Phase 1,ACTIVE
62271,674459c9c15b061bf75f69ee,PIN000000000JK,SAR446523_IND001,RRMM - 4x expo,Quad-class exposed RRMM,BG,Ongoing,Ongoing,10086466,L,MDM,2024-11-25 11:04:41.000,2025-12-12 06:50:57.000,Patrice.Darzens@sanofi.com.SAML4,cloudadmin@sanofi.com.doCDGC.prod,Phase 1,ACTIVE
62272,674459c9c15b061bf75f69f1,PIN000000000JN,SAR446661_IND004,1-3L RRMM,1-3L RRMM,BG,Not Validated,Not Validated,10028228,L,MDM,2024-11-25 11:04:41.000,2025-04-12 05:51:06.000,Patrice.Darzens@sanofi.com.SAML4,cloudadmin@sanofi.com.doCDGC.prod,Pre-candidate,ACTIVE
62273,674459c9c15b061bf75f69f2,PIN000000000JO,SAR446661_IND005,NDMM NTE HR,Newly Diagnosed Multiple Myeloma Non-Transplant Eligible High Risk,BG,Not Validated,Not Validated,10028228,L,MDM,2024-11-25 11:04:41.000,2025-04-12 05:50:42.000,Patrice.Darzens@sanofi.com.SAML4,cloudadmin@sanofi.com.doCDGC.prod,Pre-candidate,ACTIVE
62274,674459c9c15b061bf75f69f3,PIN000000000JP,SAR446681_IND001,T1D Stage 2 Delay Onset,"Type 1 diabetes, Stage 2 - Delay of Onset",BJ,Ongoing,Ongoing,10091458,A,MDM,2024-11-25 11:04:41.000,2026-01-23 06:50:31.000,Patrice.Darzens@sanofi.com.SAML4,cloudadmin@sanofi.com.doCDGC.prod,LCM,ACTIVE
62275,674459c9c15b061bf75f69f4,PIN000000000JQ,SAR446811_IND001,SLE,Systemic Lupus Erythematosus,BE,Stopped,Stopped active,10042945,M,MDM,2024-11-25 11:04:41.000,2026-01-13 06:52:04.000,Patrice.Darzens@sanofi.com.SAML4,cloudadmin@sanofi.com.doCDGC.prod,Phase 2A,ACTIVE
62276,674459c9c15b061bf75f69f6,PIN000000000JS,SAR447189_IND002,Crohn,Crohn's Disease,BE,Ongoing,Ongoing,10011401,A,MDM,2024-11-25 11:04:41.000,2025-12-04 06:50:36.000,Patrice.Darzens@sanofi.com.SAML4,cloudadmin@sanofi.com.doCDGC.prod,Phase 3,ACTIVE
62277,674459c9c15b061bf75f69f7,PIN000000000JT,SAR447225_IND001,OA,Osteoarthritis,BE,Stopped,Stopped inactive,10031161,M,MDM,2024-11-25 11:04:41.000,2025-06-08 05:52:19.000,Patrice.Darzens@sanofi.com.SAML4,cloudadmin@sanofi.com.doCDGC.prod,Preclinical,ACTIVE
62278,674459c9c15b061bf75f69f9,PIN000000000JV,SAR447387_IND001,Alzheimer,Alzheimer's disease,BF,Stopped,Stopped active,10001896,N,MDM,2024-11-25 11:04:41.000,2025-12-23 06:50:26.000,Patrice.Darzens@sanofi.com.SAML4,cloudadmin@sanofi.com.doCDGC.prod,Preclinical,ACTIVE
62279,674459c9c15b061bf75f69fc,PIN000000000JY,SAR447734_IND001,DLBCL,Diffuse large B-cell Lymphoma,BG,Not Validated,Not Validated,10029547,L,MDM,2024-11-25 11:04:41.000,2025-08-27 05:52:35.000,Patrice.Darzens@sanofi.com.SAML4,cloudadmin@sanofi.com.doCDGC.prod,Pre-candidate,ACTIVE
62280,674459c9c15b061bf75f69fd,PIN000000000JZ,SAR447816_IND001,1L NSCLC w/PD1,1L NSCLC - Combo anti-PD-1,BG,Stopped,Stopped active,10061873,L,MDM,2024-11-25 11:04:41.000,2026-01-07 06:54:05.000,Patrice.Darzens@sanofi.com.SAML4,cloudadmin@sanofi.com.doCDGC.prod,Phase 2,ACTIVE
62281,674459c9c15b061bf75f69ff,PIN000000000K1,SAR447971_IND001,HS,Hidradenitis suppurativa,BE,Ongoing,Ongoing,10020041,D,MDM,2024-11-25 11:04:41.000,2026-01-07 06:55:18.000,Patrice.Darzens@sanofi.com.SAML4,cloudadmin@sanofi.com.doCDGC.prod,Preclinical,ACTIVE
62282,674459c9c15b061bf75f6a02,PIN000000000K4,SAR650984_IND001,3L RRMM w/Pd,3L RRMM - Combo Pomalidomide,BG,Completed,Completed active,10028228,L,MDM,2024-11-25 11:04:41.000,2025-04-12 05:51:10.000,Patrice.Darzens@sanofi.com.SAML4,cloudadmin@sanofi.com.doCDGC.prod,LCM,ACTIVE
62283,674459c9c15b061bf75f6a04,PIN000000000K6,SAR650984_IND005,1L NDMM Te w/VRd-GMMG,1L NDMM - Te - Combo Bortezomib-Lenalidomide (GMMG),BG,Ongoing,Ongoing,10028228,L,MDM,2024-11-25 11:04:41.000,2026-01-23 06:51:52.000,Patrice.Darzens@sanofi.com.SAML4,cloudadmin@sanofi.com.doCDGC.prod,LCM,ACTIVE
62284,674459c9c15b061bf75f6a05,PIN000000000K7,SAR650984_IND006,RRMM - Umbrella,RRMM - Multi-Combo Umbrella,BG,Ongoing,Ongoing,10086466,L,MDM,2024-11-25 11:04:41.000,2026-01-24 06:50:15.000,Patrice.Darzens@sanofi.com.SAML4,cloudadmin@sanofi.com.doCDGC.prod,Phase 2,ACTIVE
62285,674459c9c15b061bf75f6a08,PIN000000000KA,SAR650984_IND016,wAIHA,Warm Autoimmune Hemolytic Anemia - Mono,BI,Stopped,Stopped inactive,10002034,B,MDM,2024-11-25 11:04:41.000,2025-04-12 05:50:47.000,Patrice.Darzens@sanofi.com.SAML4,cloudadmin@sanofi.com.doCDGC.prod,Phase 2,ACTIVE
62286,674459c5c15b061bf75f5efe,PIN000000000AM,OC01969_IND001,,Indication for Others file,CL,Ongoing,Ongoing,,,MDM,2024-11-25 11:04:37.000,2025-04-12 05:50:30.000,Patrice.Darzens@sanofi.com.SAML4,cloudadmin@sanofi.com.doCDGC.prod,,ACTIVE
62287,674459c5c15b061bf75f5f03,PIN000000000AR,OC01979_IND001,,Indication for Others file,EE,,,,,MDM,2024-11-25 11:04:37.000,2025-04-12 05:50:43.000,Patrice.Darzens@sanofi.com.SAML4,cloudadmin@sanofi.com.doCDGC.prod,,ACTIVE
62288,674459c5c15b061bf75f5f07,PIN000000000AV,OC01988_IND001,,Indication for Others file,CL,,,,,MDM,2024-11-25 11:04:37.000,2026-01-22 06:50:18.000,Patrice.Darzens@sanofi.com.SAML4,cloudadmin@sanofi.com.doCDGC.prod,,ACTIVE
62289,674459c5c15b061bf75f5f08,PIN000000000AW,POLY_BA_INDIC_OTHERS,,Indication for Others file,BA,,,,,MDM,2024-11-25 11:04:37.000,2025-04-12 05:50:37.000,Patrice.Darzens@sanofi.com.SAML4,cloudadmin@sanofi.com.doCDGC.prod,,ACTIVE
62290,674459c5c15b061bf75f5f0a,PIN000000000AY,POLY_BD_INDIC_OTHERS,,Indication for Others file,BD,,,,,MDM,2024-11-25 11:04:37.000,2025-04-12 05:50:28.000,Patrice.Darzens@sanofi.com.SAML4,cloudadmin@sanofi.com.doCDGC.prod,,ACTIVE
62291,674459c5c15b061bf75f5f0b,PIN000000000AZ,POLY_BF_INDIC_OTHERS,,Indication for Others file,BF,,,,,MDM,2024-11-25 11:04:37.000,2025-04-12 05:50:46.000,Patrice.Darzens@sanofi.com.SAML4,cloudadmin@sanofi.com.doCDGC.prod,,ACTIVE
62292,674459c5c15b061bf75f5f0d,PIN000000000B1,POLY_CD_INDIC_OTHERS,,Indication for Others file,CD,,,,,MDM,2024-11-25 11:04:37.000,2025-04-12 05:50:42.000,Patrice.Darzens@sanofi.com.SAML4,cloudadmin@sanofi.com.doCDGC.prod,,ACTIVE
62293,674459c5c15b061bf75f5f0e,PIN000000000B2,POLY_HF_INDIC_OTHERS,,Indication for Others file,HF,,,,,MDM,2024-11-25 11:04:37.000,2025-04-12 05:50:54.000,Patrice.Darzens@sanofi.com.SAML4,cloudadmin@sanofi.com.doCDGC.prod,,ACTIVE
62294,674459c5c15b061bf75f6072,PIN000000000B4,RC00807_INDIC_OTHERS,,Oncology Target Discovery Initiative,CI,,,,,MDM,2024-11-25 11:04:37.000,2025-09-07 05:51:54.000,Patrice.Darzens@sanofi.com.SAML4,cloudadmin@sanofi.com.doCDGC.prod,,ACTIVE
62295,674459c5c15b061bf75f6073,PIN000000000B5,RC00837_INDIC_OTHERS,,Technology Evaluation: siRNA Brain Delivery,CH,,,,,MDM,2024-11-25 11:04:37.000,2025-04-12 05:50:33.000,Patrice.Darzens@sanofi.com.SAML4,cloudadmin@sanofi.com.doCDGC.prod,,ACTIVE
62296,674459c5c15b061bf75f6074,PIN000000000B6,RC00917_INDIC_OTHERS,,Aging Prospective research,CH,Stopped,Stopped inactive,,,MDM,2024-11-25 11:04:37.000,2025-04-12 05:50:51.000,Patrice.Darzens@sanofi.com.SAML4,cloudadmin@sanofi.com.doCDGC.prod,,ACTIVE
62297,674459c5c15b061bf75f6075,PIN000000000B7,RC00972_INDIC_OTHERS,,Renal Exploratory Research,CJ,Stopped,Stopped inactive,,,MDM,2024-11-25 11:04:37.000,2025-04-12 05:50:51.000,Patrice.Darzens@sanofi.com.SAML4,cloudadmin@sanofi.com.doCDGC.prod,,ACTIVE
62298,674459c5c15b061bf75f6076,PIN000000000B8,RC00987_INDIC_OTHERS,,Metabolism & Muscle Exploratory Research,CJ,,,,,MDM,2024-11-25 11:04:37.000,2025-04-12 05:51:02.000,Patrice.Darzens@sanofi.com.SAML4,cloudadmin@sanofi.com.doCDGC.prod,,ACTIVE
62299,674459c5c15b061bf75f6077,PIN000000000B9,RC00988_INDIC_OTHERS,,Neuroimmunology Research,CH,,,,,MDM,2024-11-25 11:04:37.000,2025-04-12 05:51:10.000,Patrice.Darzens@sanofi.com.SAML4,cloudadmin@sanofi.com.doCDGC.prod,,ACTIVE
62300,674459c5c15b061bf75f6078,PIN000000000BA,RC00992_INDIC_OTHERS,,CNS New Indications,CH,,,,,MDM,2024-11-25 11:04:37.000,2025-04-12 05:50:28.000,Patrice.Darzens@sanofi.com.SAML4,cloudadmin@sanofi.com.doCDGC.prod,,ACTIVE
62301,674459c5c15b061bf75f607c,PIN000000000BE,RC01174_INDIC_OTHERS,,Tri-specific Immuno-Onco mAbs (Checkpoints),CI,,,,,MDM,2024-11-25 11:04:37.000,2025-04-12 05:50:49.000,Patrice.Darzens@sanofi.com.SAML4,cloudadmin@sanofi.com.doCDGC.prod,,ACTIVE
62302,674459c5c15b061bf75f607e,PIN000000000BG,RC01193_INDIC_OTHERS,,Checkpoint multi-specific mAbs,CF,,,,,MDM,2024-11-25 11:04:37.000,2025-04-12 05:50:28.000,Patrice.Darzens@sanofi.com.SAML4,cloudadmin@sanofi.com.doCDGC.prod,,ACTIVE
62303,674459c5c15b061bf75f6080,PIN000000000BI,RC01196_INDIC_OTHERS,,Indication for Others file,CF,Completed,Completed inactive,,,MDM,2024-11-25 11:04:37.000,2025-04-12 05:50:57.000,Patrice.Darzens@sanofi.com.SAML4,cloudadmin@sanofi.com.doCDGC.prod,,ACTIVE
62304,674459c5c15b061bf75f6081,PIN000000000BJ,RC01211_INDIC_OTHERS,,Checkpoint Immunology Exploratory Research,CF,,,,,MDM,2024-11-25 11:04:37.000,2025-04-12 05:50:21.000,Patrice.Darzens@sanofi.com.SAML4,cloudadmin@sanofi.com.doCDGC.prod,,ACTIVE
62305,674459c5c15b061bf75f6085,PIN000000000BN,RC01291_INDIC_OTHERS,,Indication for Others file,CI,Stopped,Stopped inactive,,,MDM,2024-11-25 11:04:37.000,2025-04-12 05:50:49.000,Patrice.Darzens@sanofi.com.SAML4,cloudadmin@sanofi.com.doCDGC.prod,,ACTIVE
62306,674459c5c15b061bf75f6088,PIN000000000BQ,RC01304_INDIC_OTHERS,,Anti-Kv1.3 Nanobodies,CF,Stopped,Stopped inactive,,,MDM,2024-11-25 11:04:37.000,2025-04-12 05:51:02.000,Patrice.Darzens@sanofi.com.SAML4,cloudadmin@sanofi.com.doCDGC.prod,,ACTIVE
62307,674459c5c15b061bf75f6089,PIN000000000BR,RC01305_INDIC_OTHERS,,Anti-NKG2D / IL13 bispecific Nanobodies,CF,Stopped,Stopped inactive,,,MDM,2024-11-25 11:04:37.000,2025-04-12 05:51:04.000,Patrice.Darzens@sanofi.com.SAML4,cloudadmin@sanofi.com.doCDGC.prod,,ACTIVE
62308,674459c5c15b061bf75f608b,PIN000000000BT,RC01311_INDIC_OTHERS,,Indication for Others file,CJ,Stopped,Stopped inactive,,,MDM,2024-11-25 11:04:37.000,2025-04-12 05:50:33.000,Patrice.Darzens@sanofi.com.SAML4,cloudadmin@sanofi.com.doCDGC.prod,,ACTIVE
62309,674459c5c15b061bf75f608c,PIN000000000BU,RC01313_INDIC_OTHERS,,Dupixent Research,CF,,,,,MDM,2024-11-25 11:04:37.000,2025-04-12 05:50:49.000,Patrice.Darzens@sanofi.com.SAML4,cloudadmin@sanofi.com.doCDGC.prod,,ACTIVE
62310,674459c5c15b061bf75f608d,PIN000000000BV,RC01315_INDIC_OTHERS,,Indication for Others file,CI,,,,,MDM,2024-11-25 11:04:37.000,2025-08-09 05:53:17.000,Patrice.Darzens@sanofi.com.SAML4,cloudadmin@sanofi.com.doCDGC.prod,,ACTIVE
62311,674459c5c15b061bf75f608e,PIN000000000BW,RC01319_INDIC_OTHERS,,Indication for Others file,CJ,Ongoing,Ongoing,,,MDM,2024-11-25 11:04:37.000,2025-04-12 05:50:51.000,Patrice.Darzens@sanofi.com.SAML4,cloudadmin@sanofi.com.doCDGC.prod,,ACTIVE
62312,674459c5c15b061bf75f6091,PIN000000000BZ,RC01328_INDIC_OTHERS,,Indication for Others file,CF,,,,,MDM,2024-11-25 11:04:37.000,2025-08-09 05:52:57.000,Patrice.Darzens@sanofi.com.SAML4,cloudadmin@sanofi.com.doCDGC.prod,,ACTIVE
62313,674459c5c15b061bf75f6092,PIN000000000C0,RC01329_INDIC_OTHERS,,Indication for Others file,CI,,,,,MDM,2024-11-25 11:04:37.000,2025-04-12 05:50:54.000,Patrice.Darzens@sanofi.com.SAML4,cloudadmin@sanofi.com.doCDGC.prod,,ACTIVE
62314,674459c5c15b061bf75f6094,PIN000000000C2,RC01334_INDIC_OTHERS,,Indication for Others file,CF,,,,,MDM,2024-11-25 11:04:37.000,2025-04-12 05:50:21.000,Patrice.Darzens@sanofi.com.SAML4,cloudadmin@sanofi.com.doCDGC.prod,,ACTIVE
62315,674459c5c15b061bf75f6099,PIN000000000C7,RC01350_IND001,,Indication for Others file,CF,,,,,MDM,2024-11-25 11:04:37.000,2025-04-12 05:51:03.000,Patrice.Darzens@sanofi.com.SAML4,cloudadmin@sanofi.com.doCDGC.prod,,ACTIVE
62316,674459c5c15b061bf75f609e,PIN000000000CC,SAN_AM_HOE239_INDIC_OTHERS,,Indication for Others file,HB,,,,,MDM,2024-11-25 11:04:37.000,2025-04-12 05:50:47.000,Patrice.Darzens@sanofi.com.SAML4,cloudadmin@sanofi.com.doCDGC.prod,,ACTIVE
62317,674459c5c15b061bf75f60a0,PIN000000000CE,SAN_AM_M000473A_INDIC_OTHERS,,Indication for Others file,HB,,,,,MDM,2024-11-25 11:04:37.000,2025-04-12 05:50:54.000,Patrice.Darzens@sanofi.com.SAML4,cloudadmin@sanofi.com.doCDGC.prod,,ACTIVE
62318,674459c5c15b061bf75f60a2,PIN000000000CG,SAN_AM_M000473_IND051,,Tuberculosis,HB,Ongoing,Ongoing,10044755,J,MDM,2024-11-25 11:04:37.000,2025-04-12 05:51:01.000,Patrice.Darzens@sanofi.com.SAML4,cloudadmin@sanofi.com.doCDGC.prod,,ACTIVE
62319,674459c6c15b061bf75f6206,PIN000000000CI,SAN_PO_AH1021_INDIC_OTHERS,,Indication for Others file,HB,,,,,MDM,2024-11-25 11:04:38.000,2025-04-12 05:50:50.000,Patrice.Darzens@sanofi.com.SAML4,cloudadmin@sanofi.com.doCDGC.prod,,ACTIVE
62320,674459c6c15b061bf75f620a,PIN000000000CM,SAN_PO_CV202001_IND051,,Thrombosis,HB,Stopped,Stopped active,10061169,B,MDM,2024-11-25 11:04:38.000,2025-10-04 05:50:33.000,Patrice.Darzens@sanofi.com.SAML4,cloudadmin@sanofi.com.doCDGC.prod,,ACTIVE
62321,674459c6c15b061bf75f620b,PIN000000000CN,SAN_PO_CV202001_INDIC_OTHERS,,Indication for Others file,HB,,,,,MDM,2024-11-25 11:04:38.000,2025-04-12 05:50:43.000,Patrice.Darzens@sanofi.com.SAML4,cloudadmin@sanofi.com.doCDGC.prod,,ACTIVE
62322,674459c6c15b061bf75f620c,PIN000000000CO,SAN_PO_DB201903_INDIC_OTHERS,,Indication for Others file,HB,,,,,MDM,2024-11-25 11:04:38.000,2025-04-12 05:50:54.000,Patrice.Darzens@sanofi.com.SAML4,cloudadmin@sanofi.com.doCDGC.prod,,ACTIVE
62323,674459c6c15b061bf75f620d,PIN000000000CP,SAN_PO_EXT1036A_INDIC_OTHERS,,Indication for Others file,HB,,,10020603,A,MDM,2024-11-25 11:04:38.000,2025-09-10 05:52:45.000,Patrice.Darzens@sanofi.com.SAML4,cloudadmin@sanofi.com.doCDGC.prod,,ACTIVE
62324,674459c6c15b061bf75f620f,PIN000000000CR,SAN_PO_EXTSYR322_IND050,,Type 2 Diabete,HB,Completed,Completed inactive,10067585,A,MDM,2024-11-25 11:04:38.000,2025-04-12 05:51:03.000,Patrice.Darzens@sanofi.com.SAML4,cloudadmin@sanofi.com.doCDGC.prod,,ACTIVE
62325,674459c6c15b061bf75f6210,PIN000000000CS,SAN_PO_GZ437843_IND050,,Gaucher Disease,HB,Ongoing,Ongoing,10018048,A,MDM,2024-11-25 11:04:38.000,2025-12-18 06:52:39.000,Patrice.Darzens@sanofi.com.SAML4,cloudadmin@sanofi.com.doCDGC.prod,,ACTIVE
62326,674459c6c15b061bf75f6212,PIN000000000CU,SAN_PO_HOE490O_IND051,,Type 2 Diabetes,HB,Ongoing,Ongoing,10067585,A,MDM,2024-11-25 11:04:38.000,2025-09-10 05:52:31.000,Patrice.Darzens@sanofi.com.SAML4,cloudadmin@sanofi.com.doCDGC.prod,,ACTIVE
62327,674459c6c15b061bf75f6213,PIN000000000CV,SAN_PO_HOE490_IND050,,Type 2 Diabetes,HB,Ongoing,Ongoing,10012594,A,MDM,2024-11-25 11:04:38.000,2025-09-10 05:52:45.000,Patrice.Darzens@sanofi.com.SAML4,cloudadmin@sanofi.com.doCDGC.prod,,ACTIVE
62328,674459c6c15b061bf75f6215,PIN000000000CX,SAN_PO_HR1799_IND050,,Type 1 Diabetes,HB,Ongoing,Ongoing,10012594,A,MDM,2024-11-25 11:04:38.000,2025-04-12 05:51:11.000,Patrice.Darzens@sanofi.com.SAML4,cloudadmin@sanofi.com.doCDGC.prod,,ACTIVE
62329,674459c6c15b061bf75f6216,PIN000000000CY,SAN_PO_HR376_IND050,,Convulsion,HB,Completed,Completed inactive,10010904,N,MDM,2024-11-25 11:04:38.000,2025-04-12 05:50:51.000,Patrice.Darzens@sanofi.com.SAML4,cloudadmin@sanofi.com.doCDGC.prod,,ACTIVE
62330,674459c6c15b061bf75f6218,PIN000000000D0,SAN_PO_IPI145_IND050,,Chronic lymphocytic leukemia,HB,Stopped,Stopped inactive,10008958,L,MDM,2024-11-25 11:04:38.000,2025-04-12 05:50:55.000,Patrice.Darzens@sanofi.com.SAML4,cloudadmin@sanofi.com.doCDGC.prod,,ACTIVE
62331,674459c6c15b061bf75f6219,PIN000000000D1,SAN_PO_L3428_IND050,,Cardiovascular disorder,HB,Ongoing,Ongoing,10007649,C,MDM,2024-11-25 11:04:38.000,2025-04-12 05:51:04.000,Patrice.Darzens@sanofi.com.SAML4,cloudadmin@sanofi.com.doCDGC.prod,,ACTIVE
62332,674459c6c15b061bf75f621a,PIN000000000D2,SAN_PO_L3428_IND051,,Arrythmias (ventricular and atrial),HB,Ongoing,Ongoing,10007518,C,MDM,2024-11-25 11:04:38.000,2025-04-12 05:51:06.000,Patrice.Darzens@sanofi.com.SAML4,cloudadmin@sanofi.com.doCDGC.prod,,ACTIVE
62333,674459c6c15b061bf75f621c,PIN000000000D4,SAN_PO_LA40220_INDIC_OTHERS,,Indication for Others file,HB,,,,,MDM,2024-11-25 11:04:38.000,2025-11-06 06:51:14.000,Patrice.Darzens@sanofi.com.SAML4,cloudadmin@sanofi.com.doCDGC.prod,,ACTIVE
62334,674459c6c15b061bf75f621d,PIN000000000D5,SAN_PO_M000507_IND050,,Bacterial infection,HB,Stopped,Stopped inactive,10060945,J,MDM,2024-11-25 11:04:38.000,2025-04-12 05:50:42.000,Patrice.Darzens@sanofi.com.SAML4,cloudadmin@sanofi.com.doCDGC.prod,,ACTIVE
62335,674459c6c15b061bf75f621e,PIN000000000D6,SAN_PO_M018257_INDIC_OTHERS,,Indication for Others file,HB,,,,,MDM,2024-11-25 11:04:38.000,2025-04-12 05:50:21.000,Patrice.Darzens@sanofi.com.SAML4,cloudadmin@sanofi.com.doCDGC.prod,,ACTIVE
62336,674459c6c15b061bf75f6220,PIN000000000D8,SAN_PO_NC0246_IND051,,Metabolic disorder,HB,Ongoing,Ongoing,10058097,A,MDM,2024-11-25 11:04:38.000,2025-04-12 05:51:07.000,Patrice.Darzens@sanofi.com.SAML4,cloudadmin@sanofi.com.doCDGC.prod,,ACTIVE
62337,674459c6c15b061bf75f6221,PIN000000000D9,SAN_PO_NITROSAMINE_INDIC_OTHERS,,Indication for Others file,HB,,,,,MDM,2024-11-25 11:04:38.000,2025-04-12 05:50:42.000,Patrice.Darzens@sanofi.com.SAML4,cloudadmin@sanofi.com.doCDGC.prod,,ACTIVE
62338,674459c6c15b061bf75f6222,PIN000000000DA,SAN_PO_OTHER_D_IND051,,Gaucher Disease,HB,Ongoing,Ongoing,10018048,A,MDM,2024-11-25 11:04:38.000,2025-04-12 05:50:54.000,Patrice.Darzens@sanofi.com.SAML4,cloudadmin@sanofi.com.doCDGC.prod,,ACTIVE
62339,674459c6c15b061bf75f6223,PIN000000000DB,SAN_PO_OTHER_D_IND052,,Type 1 Diabetes,HB,,,10067584,A,MDM,2024-11-25 11:04:38.000,2025-04-12 05:50:37.000,Patrice.Darzens@sanofi.com.SAML4,cloudadmin@sanofi.com.doCDGC.prod,,ACTIVE
62340,674459c6c15b061bf75f6225,PIN000000000DD,SAN_PO_RP19583C_IND052,,Analgesia,HB,Completed,Completed inactive,10002182,V,MDM,2024-11-25 11:04:38.000,2025-04-12 05:50:40.000,Patrice.Darzens@sanofi.com.SAML4,cloudadmin@sanofi.com.doCDGC.prod,,ACTIVE
62341,674459c6c15b061bf75f6226,PIN000000000DE,SAN_PO_RP19583T_IND051,,Inflammation,HB,Ongoing,Ongoing,10061218,M,MDM,2024-11-25 11:04:38.000,2025-04-12 05:50:17.000,Patrice.Darzens@sanofi.com.SAML4,cloudadmin@sanofi.com.doCDGC.prod,,ACTIVE
62342,674459c6c15b061bf75f622a,PIN000000000DI,SAN_PO_SCYX7158_INDIC_OTHERS,,Indication for Others file,HB,,,,,MDM,2024-11-25 11:04:38.000,2025-12-04 06:51:53.000,Patrice.Darzens@sanofi.com.SAML4,cloudadmin@sanofi.com.doCDGC.prod,,ACTIVE
62343,674459c6c15b061bf75f622b,PIN000000000DJ,SAN_PO_SH1053_IND050,,Arterial hypertension,HB,Ongoing,Ongoing,10020772,C,MDM,2024-11-25 11:04:38.000,2025-04-12 05:50:50.000,Patrice.Darzens@sanofi.com.SAML4,cloudadmin@sanofi.com.doCDGC.prod,,ACTIVE
62344,674459c6c15b061bf75f622e,PIN000000000DM,SAN_PO_SH40666_INDIC_OTHERS,,Indication for Others file,HB,,,,,MDM,2024-11-25 11:04:38.000,2025-04-12 05:51:03.000,Patrice.Darzens@sanofi.com.SAML4,cloudadmin@sanofi.com.doCDGC.prod,,ACTIVE
62345,674459c6c15b061bf75f6231,PIN000000000DP,SAN_PO_SR47436A_IND050,,Clinical and pharmacological exploratory studies,HB,Completed,Completed inactive,COMMON00000000,V,MDM,2024-11-25 11:04:38.000,2025-04-12 05:50:21.000,Patrice.Darzens@sanofi.com.SAML4,cloudadmin@sanofi.com.doCDGC.prod,,ACTIVE
62346,674459c6c15b061bf75f6234,PIN000000000DS,SAN_PO_SR96669_INDIC_OTHERS,,Indication for Others file,HB,,,10009944,,MDM,2024-11-25 11:04:38.000,2025-04-12 05:51:10.000,Patrice.Darzens@sanofi.com.SAML4,cloudadmin@sanofi.com.doCDGC.prod,,ACTIVE
62347,674459c6c15b061bf75f6235,PIN000000000DT,SAN_PO_TPZ0434_IND050,,Infection,HB,Ongoing,Ongoing,10021789,J,MDM,2024-11-25 11:04:38.000,2025-08-09 05:53:13.000,Patrice.Darzens@sanofi.com.SAML4,cloudadmin@sanofi.com.doCDGC.prod,,ACTIVE
62348,674459c6c15b061bf75f6236,PIN000000000DU,SAN_PO_XRP6258_IND050,,Prostate cancer,HB,Ongoing,Ongoing,10060862,L,MDM,2024-11-25 11:04:38.000,2025-04-12 05:51:03.000,Patrice.Darzens@sanofi.com.SAML4,cloudadmin@sanofi.com.doCDGC.prod,,ACTIVE
62349,674459c6c15b061bf75f6237,PIN000000000DV,SAN_PO_Z0026_INDIC_OTHERS,,Indication for Others file,HB,,,,,MDM,2024-11-25 11:04:38.000,2025-04-12 05:51:06.000,Patrice.Darzens@sanofi.com.SAML4,cloudadmin@sanofi.com.doCDGC.prod,,ACTIVE
62350,674459c7c15b061bf75f639a,PIN000000000DW,SAN_PO_Z0930_IND050,,Gastrointestinal disorders,HB,Ongoing,Ongoing,10058097,A,MDM,2024-11-25 11:04:38.000,2025-09-23 05:50:32.000,Patrice.Darzens@sanofi.com.SAML4,cloudadmin@sanofi.com.doCDGC.prod,,ACTIVE
62351,674459c7c15b061bf75f63a2,PIN000000000E4,SAR153191_IND012,,Ankylosing Spondylitis,BE,Stopped,Stopped inactive,10002556,RH,MDM,2024-11-25 11:04:38.000,2025-04-12 05:50:49.000,Patrice.Darzens@sanofi.com.SAML4,cloudadmin@sanofi.com.doCDGC.prod,,ACTIVE
62352,674459c7c15b061bf75f63a3,PIN000000000E5,SAR156597_IND003,,Idiopathic Pulmonary Fibrosis,BE,Stopped,Stopped inactive,10021240,R,MDM,2024-11-25 11:04:38.000,2025-04-12 05:50:28.000,Patrice.Darzens@sanofi.com.SAML4,cloudadmin@sanofi.com.doCDGC.prod,,ACTIVE
62353,674459c7c15b061bf75f63a4,PIN000000000E6,SAR231893_IND002,AD - Ped 12-17y,Atopic Dermatitis - Ped - 12-17 years,BE,Completed,Completed active,10012438,D,MDM,2024-11-25 11:04:38.000,2025-10-15 05:52:04.000,Patrice.Darzens@sanofi.com.SAML4,cloudadmin@sanofi.com.doCDGC.prod,LCM,ACTIVE
62354,674459c7c15b061bf75f63a6,PIN000000000E8,SAR231893_IND006,Asthma - Adult and Adolescent,Asthma - Adult & Ped - 12-17 years,BE,Completed,Completed active,10003553,R,MDM,2024-11-25 11:04:38.000,2026-01-15 08:26:35.000,Patrice.Darzens@sanofi.com.SAML4,cloudadmin@sanofi.com.doCDGC.prod,LCM,ACTIVE
62355,674459c7c15b061bf75f63a9,PIN000000000EB,SAR231893_IND011,CRSwNP,Chronic Rhinosinusitis with Nasal Polyps Adults & Ped 12-17 years,BE,Ongoing,Ongoing,10080060,R,MDM,2024-11-25 11:04:38.000,2026-01-07 06:55:12.000,Patrice.Darzens@sanofi.com.SAML4,cloudadmin@sanofi.com.doCDGC.prod,LCM,ACTIVE
62356,674459c7c15b061bf75f63aa,PIN000000000EC,SAR231893_IND012,EoE - Adult & Ped >12y,Eosinophilic Esophagitis - Adult & Ped - 12-17 years,BE,Completed,Completed active,10064212,A,MDM,2024-11-25 11:04:38.000,2025-04-12 05:51:13.000,Patrice.Darzens@sanofi.com.SAML4,cloudadmin@sanofi.com.doCDGC.prod,LCM,ACTIVE
62357,674459c7c15b061bf75f63ac,PIN000000000EE,SAR231893_IND014,Peanut Allergy - Ped,Adjunct Therapy to Peanut Oral Immuno-Therapy - Ped,BE,Stopped,Stopped inactive,10016946,A,MDM,2024-11-25 11:04:38.000,2025-04-12 05:50:39.000,Patrice.Darzens@sanofi.com.SAML4,cloudadmin@sanofi.com.doCDGC.prod,Phase 2A,ACTIVE
62358,674459c7c15b061bf75f63ae,PIN000000000EG,SAR231893_IND016,PN,Prurigo Nodularis - Adult & Ped 6 mos-17 yrs,BE,Completed,Completed active,10037084,D,MDM,2024-11-25 11:04:38.000,2025-11-26 08:37:10.000,Patrice.Darzens@sanofi.com.SAML4,cloudadmin@sanofi.com.doCDGC.prod,LCM,ACTIVE
62359,674459c7c15b061bf75f63af,PIN000000000EH,SAR231893_IND020,,Alopecia Areata,BE,Stopped,Stopped inactive,10001761,D,MDM,2024-11-25 11:04:38.000,2025-09-05 05:52:10.000,Patrice.Darzens@sanofi.com.SAML4,cloudadmin@sanofi.com.doCDGC.prod,Phase 1,ACTIVE
62360,674459cdc15b061bf75f751a,PIN000000000U6,LC81345_IND001,Solid Tumors,Solid Tumors,CI,Stopped,Stopped inactive,10065252,,MDM,2024-11-25 11:04:45.000,2025-04-12 05:50:58.000,Patrice.Darzens@sanofi.com.SAML4,cloudadmin@sanofi.com.doCDGC.prod,,ACTIVE
62361,674459cdc15b061bf75f751b,PIN000000000U7,LC81346_IND001,,Serie for Bio Oncology Disco,CI,Stopped,Stopped inactive,,,MDM,2024-11-25 11:04:45.000,2025-04-12 05:50:47.000,Patrice.Darzens@sanofi.com.SAML4,cloudadmin@sanofi.com.doCDGC.prod,,ACTIVE
62362,674459cdc15b061bf75f751c,PIN000000000U8,LC81347_IND001,,Serie for Bio Oncology Disco,CI,Stopped,Stopped inactive,,,MDM,2024-11-25 11:04:45.000,2025-04-12 05:51:02.000,Patrice.Darzens@sanofi.com.SAML4,cloudadmin@sanofi.com.doCDGC.prod,,ACTIVE
62363,674459cdc15b061bf75f751d,PIN000000000U9,LC81348_IND001,,Serie for Bio Oncology Disco,CI,Stopped,Stopped inactive,,,MDM,2024-11-25 11:04:45.000,2026-01-24 06:51:21.000,Patrice.Darzens@sanofi.com.SAML4,cloudadmin@sanofi.com.doCDGC.prod,,ACTIVE
62364,674459cdc15b061bf75f751e,PIN000000000UA,LC81351_IND001,AATD,Alpha1- antitrypsin deficiency,CJ,Stopped,Stopped inactive,10083869,,MDM,2024-11-25 11:04:45.000,2026-01-23 06:52:17.000,Patrice.Darzens@sanofi.com.SAML4,cloudadmin@sanofi.com.doCDGC.prod,,ACTIVE
62365,674459cdc15b061bf75f751f,PIN000000000UB,LC81353_IND001,IBD,Inflammatory Bowel Disease,CF,Stopped,Stopped inactive,10021972,,MDM,2024-11-25 11:04:45.000,2025-08-21 05:52:20.000,Patrice.Darzens@sanofi.com.SAML4,cloudadmin@sanofi.com.doCDGC.prod,,ACTIVE
62366,674459cdc15b061bf75f7520,PIN000000000UC,LC81353_IND002,SLE,Systemic Lupus Erythematosus,CF,Stopped,Stopped inactive,10042945,,MDM,2024-11-25 11:04:45.000,2025-04-12 05:50:35.000,Patrice.Darzens@sanofi.com.SAML4,cloudadmin@sanofi.com.doCDGC.prod,,ACTIVE
62367,674459cdc15b061bf75f7521,PIN000000000UD,LC81354_IND001,AD,Atopic Dermatitis,CF,Ongoing,Ongoing,10012438,,MDM,2024-11-25 11:04:45.000,2025-12-18 06:52:22.000,Patrice.Darzens@sanofi.com.SAML4,cloudadmin@sanofi.com.doCDGC.prod,,ACTIVE
62368,674459cdc15b061bf75f7525,PIN000000000UH,LC81358_IND001,,Serie for Bio Disco,CO,Stopped,Stopped inactive,10061536,,MDM,2024-11-25 11:04:45.000,2025-04-12 05:50:46.000,Patrice.Darzens@sanofi.com.SAML4,cloudadmin@sanofi.com.doCDGC.prod,,ACTIVE
62369,674459cdc15b061bf75f7527,PIN000000000UJ,LC81359_IND004,SLE,Systemic Lupus Erythematosus,CF,Stopped,Stopped inactive,10042945,,MDM,2024-11-25 11:04:45.000,2025-06-05 05:58:20.000,Patrice.Darzens@sanofi.com.SAML4,cloudadmin@sanofi.com.doCDGC.prod,,ACTIVE
62370,674459cdc15b061bf75f768a,PIN000000000UK,LC81362_IND001,,Serie for Bio Oncology Disco,CI,Stopped,Stopped inactive,,,MDM,2024-11-25 11:04:45.000,2025-04-12 05:51:10.000,Patrice.Darzens@sanofi.com.SAML4,cloudadmin@sanofi.com.doCDGC.prod,,ACTIVE
62371,674459cdc15b061bf75f768b,PIN000000000UL,LC81363_IND001,FSHD,Facioscapulohumeral Muscular Dystrophy,CJ,Ongoing,Ongoing,10064087,,MDM,2024-11-25 11:04:45.000,2025-09-24 05:52:42.000,Patrice.Darzens@sanofi.com.SAML4,cloudadmin@sanofi.com.doCDGC.prod,,ACTIVE
62372,674459cdc15b061bf75f768d,PIN000000000UN,LC81365_IND001,,Serie for Bio Disco,CF,Stopped,Stopped inactive,,,MDM,2024-11-25 11:04:45.000,2026-01-22 06:50:24.000,Patrice.Darzens@sanofi.com.SAML4,cloudadmin@sanofi.com.doCDGC.prod,,ACTIVE
62373,674459cdc15b061bf75f7690,PIN000000000UQ,LC81369_IND001,IBD,Inflammatory Bowel Disease,CF,Stopped,Stopped active,10021972,,MDM,2024-11-25 11:04:45.000,2026-01-20 06:55:00.000,Patrice.Darzens@sanofi.com.SAML4,cloudadmin@sanofi.com.doCDGC.prod,,ACTIVE
62374,674459cdc15b061bf75f7691,PIN000000000UR,LC81369_IND003,AD,Atopic Dermatitis,CF,Ongoing,Ongoing,10012438,,MDM,2024-11-25 11:04:45.000,2025-11-01 06:54:37.000,Patrice.Darzens@sanofi.com.SAML4,cloudadmin@sanofi.com.doCDGC.prod,,ACTIVE
62375,674459cdc15b061bf75f7694,PIN000000000UU,LC81370_IND002,Alzheimer,Alzheimer's Disease,CH,Ongoing,Ongoing,10001896,,MDM,2024-11-25 11:04:45.000,2025-11-01 06:54:36.000,Patrice.Darzens@sanofi.com.SAML4,cloudadmin@sanofi.com.doCDGC.prod,,ACTIVE
62376,674459cdc15b061bf75f7695,PIN000000000UV,LC81372_IND002,Crohn,Crohn's Disease,CF,Ongoing,Ongoing,10011401,,MDM,2024-11-25 11:04:45.000,2025-11-01 06:54:16.000,Patrice.Darzens@sanofi.com.SAML4,cloudadmin@sanofi.com.doCDGC.prod,,ACTIVE
62377,674459cdc15b061bf75f7696,PIN000000000UW,LC81372_IND003,UC,Ulcerative Colitis,CF,Ongoing,Ongoing,10009900,,MDM,2024-11-25 11:04:45.000,2025-11-01 06:54:21.000,Patrice.Darzens@sanofi.com.SAML4,cloudadmin@sanofi.com.doCDGC.prod,,ACTIVE
62378,674459cdc15b061bf75f7698,PIN000000000UY,LC81376_IND001,IBD,Inflammatory Bowel Disease,CF,Ongoing,Ongoing,10021972,,MDM,2024-11-25 11:04:45.000,2025-11-18 06:50:32.000,Patrice.Darzens@sanofi.com.SAML4,cloudadmin@sanofi.com.doCDGC.prod,,ACTIVE
62379,674459cdc15b061bf75f7699,PIN000000000UZ,LC81376_IND002,UC,Colitis ulcerative,CF,Ongoing,Ongoing,10009900,,MDM,2024-11-25 11:04:45.000,2025-11-08 06:50:25.000,Patrice.Darzens@sanofi.com.SAML4,cloudadmin@sanofi.com.doCDGC.prod,,ACTIVE
62380,674459cdc15b061bf75f769a,PIN000000000V0,LC81376_IND003,Crohn,Crohn's disease,CF,Ongoing,Ongoing,10011401,,MDM,2024-11-25 11:04:45.000,2025-11-08 06:50:01.000,Patrice.Darzens@sanofi.com.SAML4,cloudadmin@sanofi.com.doCDGC.prod,,ACTIVE
62381,674459cdc15b061bf75f769d,PIN000000000V3,LC81379_IND004,CRSwNP,Chronic Rhinosinusitis with Nasal Polyps,CF,Ongoing,Ongoing,10080060,,MDM,2024-11-25 11:04:45.000,2025-08-09 05:53:05.000,Patrice.Darzens@sanofi.com.SAML4,cloudadmin@sanofi.com.doCDGC.prod,,ACTIVE
62382,674459cdc15b061bf75f76a0,PIN000000000V6,LC81388_IND001,OA - Knee,Osteoarthritis - Knee,CF,Stopped,Stopped inactive,10031161,,MDM,2024-11-25 11:04:45.000,2025-04-12 05:51:11.000,Patrice.Darzens@sanofi.com.SAML4,cloudadmin@sanofi.com.doCDGC.prod,,ACTIVE
62383,674459cdc15b061bf75f76a3,PIN000000000V9,LC81390_IND005,RA,Rheumatoid Arthritis,CF,Ongoing,Ongoing,10039073,,MDM,2024-11-25 11:04:45.000,2025-11-01 06:53:58.000,Patrice.Darzens@sanofi.com.SAML4,cloudadmin@sanofi.com.doCDGC.prod,,ACTIVE
62384,674459cdc15b061bf75f76a5,PIN000000000VB,LC81394_IND001,Narcolepsy,Narcolepsy,CH,Ongoing,Ongoing,10028713,,MDM,2024-11-25 11:04:45.000,2026-01-16 06:51:42.000,Patrice.Darzens@sanofi.com.SAML4,cloudadmin@sanofi.com.doCDGC.prod,,ACTIVE
62385,674459cdc15b061bf75f76aa,PIN000000000VG,LC81403_IND001,Lung Cancer,Lung Cancer,CI,Stopped,Stopped inactive,10058467,,MDM,2024-11-25 11:04:45.000,2026-01-23 06:50:33.000,Patrice.Darzens@sanofi.com.SAML4,cloudadmin@sanofi.com.doCDGC.prod,,ACTIVE
62386,674459cdc15b061bf75f76ab,PIN000000000VH,LC81404_IND001,PF-ILD,Progressive Fibrosing Interstitial Lung Disease,CF,Ongoing,Ongoing,10022611,,MDM,2024-11-25 11:04:45.000,2025-12-18 06:52:14.000,Patrice.Darzens@sanofi.com.SAML4,cloudadmin@sanofi.com.doCDGC.prod,,ACTIVE
62387,674459cdc15b061bf75f76ae,PIN000000000VK,LC81408_IND001,IBD,Inflammatory Bowel Disease,CF,Ongoing,Ongoing,10021972,,MDM,2024-11-25 11:04:45.000,2025-11-15 06:50:38.000,Patrice.Darzens@sanofi.com.SAML4,cloudadmin@sanofi.com.doCDGC.prod,,ACTIVE
62388,674459cdc15b061bf75f76af,PIN000000000VL,LC81408_IND002,COPD,Chronic Obstructive Pulmonary Disease,CF,Ongoing,Ongoing,10009033,,MDM,2024-11-25 11:04:45.000,2025-11-01 06:54:35.000,Patrice.Darzens@sanofi.com.SAML4,cloudadmin@sanofi.com.doCDGC.prod,,ACTIVE
62389,674459cdc15b061bf75f76b1,PIN000000000VN,LC81408_IND004,Psoriasis,Psoriasis,CF,Ongoing,Ongoing,10037153,,MDM,2024-11-25 11:04:45.000,2025-11-01 06:54:30.000,Patrice.Darzens@sanofi.com.SAML4,cloudadmin@sanofi.com.doCDGC.prod,,ACTIVE
62390,674459cdc15b061bf75f76b2,PIN000000000VO,LC81409_IND001,Lung Cancer,Lung Cancer,CI,Ongoing,Ongoing,10058467,,MDM,2024-11-25 11:04:45.000,2026-01-24 06:51:26.000,Patrice.Darzens@sanofi.com.SAML4,cloudadmin@sanofi.com.doCDGC.prod,,ACTIVE
62391,674459cdc15b061bf75f76b6,PIN000000000VS,LC81414_IND002,COPD,Chronic Obstructive Pulmonary Disease,CF,Ongoing,Ongoing,10009033,,MDM,2024-11-25 11:04:45.000,2025-11-01 06:54:16.000,Patrice.Darzens@sanofi.com.SAML4,cloudadmin@sanofi.com.doCDGC.prod,,ACTIVE
62392,674459cdc15b061bf75f76b7,PIN000000000VT,LC81414_IND003,SLE,Systemic Lupus Erythematosus,CF,Ongoing,Ongoing,10042945,,MDM,2024-11-25 11:04:45.000,2025-11-01 06:54:11.000,Patrice.Darzens@sanofi.com.SAML4,cloudadmin@sanofi.com.doCDGC.prod,,ACTIVE
62393,674459cdc15b061bf75f76b9,PIN000000000VV,LC81414_IND005,Celiac Disease,Celiac Disease,CF,Ongoing,Ongoing,10007864,,MDM,2024-11-25 11:04:45.000,2025-11-01 06:54:20.000,Patrice.Darzens@sanofi.com.SAML4,cloudadmin@sanofi.com.doCDGC.prod,,ACTIVE
62394,674459cec15b061bf75f781e,PIN000000000VY,LC81417_IND007,MG,Myasthenia Gravis,CF,Completed,Completed active,10028417,,MDM,2024-11-25 11:04:46.000,2025-10-01 05:50:20.000,Patrice.Darzens@sanofi.com.SAML4,cloudadmin@sanofi.com.doCDGC.prod,,ACTIVE
62395,674459cec15b061bf75f781f,PIN000000000VZ,LC81419_IND001,IBD,Inflammatory Bowel Disease,CF,Ongoing,Ongoing,10021972,,MDM,2024-11-25 11:04:46.000,2025-05-08 05:54:32.000,Patrice.Darzens@sanofi.com.SAML4,cloudadmin@sanofi.com.doCDGC.prod,,ACTIVE
62396,674459cec15b061bf75f7820,PIN000000000W0,LC81419_IND002,HS,Hidradenitis Suppurativa,CF,Ongoing,Ongoing,10020041,,MDM,2024-11-25 11:04:46.000,2025-11-01 06:54:40.000,Patrice.Darzens@sanofi.com.SAML4,cloudadmin@sanofi.com.doCDGC.prod,,ACTIVE
62397,674459cec15b061bf75f7823,PIN000000000W3,LC81420_IND003,FTD,Frontotemporal Dementia,CH,Ongoing,Ongoing,10068968,,MDM,2024-11-25 11:04:46.000,2025-05-28 05:50:57.000,Patrice.Darzens@sanofi.com.SAML4,cloudadmin@sanofi.com.doCDGC.prod,,ACTIVE
62398,674459cec15b061bf75f7824,PIN000000000W4,LC81421_IND001,MM,Multiple Myeloma,CI,Ongoing,Ongoing,10028228,,MDM,2024-11-25 11:04:46.000,2026-01-13 06:50:41.000,Patrice.Darzens@sanofi.com.SAML4,cloudadmin@sanofi.com.doCDGC.prod,,ACTIVE
62399,674459cec15b061bf75f7826,PIN000000000W6,LC81422_IND004,DM1,Myotonic Dystrophy Type 1,CH,Ongoing,Ongoing,10068871,,MDM,2024-11-25 11:04:46.000,2025-11-01 06:53:57.000,Patrice.Darzens@sanofi.com.SAML4,cloudadmin@sanofi.com.doCDGC.prod,,ACTIVE
62400,674459cec15b061bf75f7827,PIN000000000W7,LC81423_IND002,CRC,Colorectal Cancer,CI,Ongoing,Ongoing,10061451,,MDM,2024-11-25 11:04:46.000,2025-11-01 06:54:38.000,Patrice.Darzens@sanofi.com.SAML4,cloudadmin@sanofi.com.doCDGC.prod,,ACTIVE
62401,674459cec15b061bf75f7828,PIN000000000W8,LC81424_IND001,HS,Hidradenitis Suppurativa,CF,Ongoing,Ongoing,10020041,,MDM,2024-11-25 11:04:46.000,2025-12-04 06:51:28.000,Patrice.Darzens@sanofi.com.SAML4,cloudadmin@sanofi.com.doCDGC.prod,,ACTIVE
62402,674459cec15b061bf75f7829,PIN000000000W9,LC81425_IND001,IBD,Inflammatory Bowel Disease,CF,Ongoing,Ongoing,10021972,,MDM,2024-11-25 11:04:46.000,2026-01-09 08:00:51.000,Patrice.Darzens@sanofi.com.SAML4,cloudadmin@sanofi.com.doCDGC.prod,,ACTIVE
62403,674459cec15b061bf75f782a,PIN000000000WA,LC81425_IND003,SSc-ILD,Systemic sclerosis-associated interstitial lung disease,CF,Ongoing,Ongoing,10022611,,MDM,2024-11-25 11:04:46.000,2025-11-01 06:54:15.000,Patrice.Darzens@sanofi.com.SAML4,cloudadmin@sanofi.com.doCDGC.prod,,ACTIVE
62404,674459cec15b061bf75f782b,PIN000000000WB,LC81425_IND004,SSc,Systemic Sclerosis,CF,Ongoing,Ongoing,10042953,,MDM,2024-11-25 11:04:46.000,2025-11-01 06:54:20.000,Patrice.Darzens@sanofi.com.SAML4,cloudadmin@sanofi.com.doCDGC.prod,,ACTIVE
62405,674459cec15b061bf75f782e,PIN000000000WE,MMV_SSR97193_IND050,,Malaria,HB,Ongoing,Ongoing,10025487,J,MDM,2024-11-25 11:04:46.000,2025-04-12 05:51:01.000,Patrice.Darzens@sanofi.com.SAML4,cloudadmin@sanofi.com.doCDGC.prod,,ACTIVE
62406,674459cec15b061bf75f782f,PIN000000000WF,OC00462_INDIC_OTHERS,,ADC Platform Initiative,CL,,,,,MDM,2024-11-25 11:04:46.000,2025-04-12 05:51:10.000,Patrice.Darzens@sanofi.com.SAML4,cloudadmin@sanofi.com.doCDGC.prod,,ACTIVE
62407,674459cec15b061bf75f7830,PIN000000000WG,OC00659_INDIC_OTHERS,,Indication for Others file,CL10,Stopped,Stopped inactive,,,MDM,2024-11-25 11:04:46.000,2025-04-12 05:51:10.000,Patrice.Darzens@sanofi.com.SAML4,cloudadmin@sanofi.com.doCDGC.prod,,ACTIVE
62408,674459cec15b061bf75f7832,PIN000000000WI,OC00874_INDIC_OTHERS,,BR Enabling Technologies,CL10,Stopped,Stopped inactive,,,MDM,2024-11-25 11:04:46.000,2025-04-12 05:51:11.000,Patrice.Darzens@sanofi.com.SAML4,cloudadmin@sanofi.com.doCDGC.prod,,ACTIVE
62409,674459cec15b061bf75f7835,PIN000000000WL,OC01040_INDIC_OTHERS,,"Exploratory Research (Boston Hub, inter-unit (BR))",CL12,Stopped,Stopped inactive,,,MDM,2024-11-25 11:04:46.000,2025-04-12 05:50:58.000,Patrice.Darzens@sanofi.com.SAML4,cloudadmin@sanofi.com.doCDGC.prod,,ACTIVE
62410,674459cec15b061bf75f7838,PIN000000000WO,OC01155_INDIC_OTHERS,,New Technologies and Methodologies (TS),CL17,Stopped,Stopped inactive,,,MDM,2024-11-25 11:04:46.000,2025-04-12 05:50:39.000,Patrice.Darzens@sanofi.com.SAML4,cloudadmin@sanofi.com.doCDGC.prod,,ACTIVE
62411,674459cec15b061bf75f7839,PIN000000000WP,OC01160_INDIC_OTHERS,,Indication for Others file,CL17,Stopped,Stopped inactive,,,MDM,2024-11-25 11:04:46.000,2025-04-12 05:51:09.000,Patrice.Darzens@sanofi.com.SAML4,cloudadmin@sanofi.com.doCDGC.prod,,ACTIVE
62412,674459cec15b061bf75f783c,PIN000000000WS,OC01177_INDIC_OTHERS,,SLC Transporters (TS),CL,,,,,MDM,2024-11-25 11:04:46.000,2025-04-12 05:50:28.000,Patrice.Darzens@sanofi.com.SAML4,cloudadmin@sanofi.com.doCDGC.prod,,ACTIVE
62413,674459cec15b061bf75f783e,PIN000000000WU,OC01199_INDIC_OTHERS,,Indication for Others file,CD,,,,,MDM,2024-11-25 11:04:46.000,2025-04-12 05:50:55.000,Patrice.Darzens@sanofi.com.SAML4,cloudadmin@sanofi.com.doCDGC.prod,,ACTIVE
62414,674459cec15b061bf75f783f,PIN000000000WV,OC01224_INDIC_OTHERS,,Indication for Others file,CH,Stopped,Stopped inactive,,,MDM,2024-11-25 11:04:46.000,2025-04-12 05:50:30.000,Patrice.Darzens@sanofi.com.SAML4,cloudadmin@sanofi.com.doCDGC.prod,,ACTIVE
62415,674459cec15b061bf75f7840,PIN000000000WW,OC01250_INDIC_OTHERS,,Indication for Others file,CL,Stopped,Stopped inactive,,,MDM,2024-11-25 11:04:46.000,2025-04-12 05:50:21.000,Patrice.Darzens@sanofi.com.SAML4,cloudadmin@sanofi.com.doCDGC.prod,,ACTIVE
62416,674459cec15b061bf75f7841,PIN000000000WX,OC01251_INDIC_OTHERS,,Targeted Protein Degradation (IDD),CL,,,,,MDM,2024-11-25 11:04:46.000,2025-04-12 05:50:55.000,Patrice.Darzens@sanofi.com.SAML4,cloudadmin@sanofi.com.doCDGC.prod,,ACTIVE
62417,674459cec15b061bf75f7843,PIN000000000WZ,OC01600_INDIC_OTHERS,,Alternative Delivery Innovation (LMR),CL,,,,,MDM,2024-11-25 11:04:46.000,2025-04-12 05:50:26.000,Patrice.Darzens@sanofi.com.SAML4,cloudadmin@sanofi.com.doCDGC.prod,,ACTIVE
62418,674459cec15b061bf75f7844,PIN000000000X0,OC01602_INDIC_OTHERS,,Exploratory Activities (NRP),CL,,,,,MDM,2024-11-25 11:04:46.000,2025-08-26 05:52:44.000,Patrice.Darzens@sanofi.com.SAML4,cloudadmin@sanofi.com.doCDGC.prod,,ACTIVE
62419,674459cec15b061bf75f7847,PIN000000000X3,OC01621_INDIC_OTHERS,,Indication for Others file,CD,,,,,MDM,2024-11-25 11:04:46.000,2025-04-12 05:50:57.000,Patrice.Darzens@sanofi.com.SAML4,cloudadmin@sanofi.com.doCDGC.prod,,ACTIVE
62420,674459cec15b061bf75f784a,PIN000000000X6,OC01740_INDIC_OTHERS,,ImmUniverse ID2 Liquid Biopsies (IMI),CF,,,,,MDM,2024-11-25 11:04:46.000,2025-04-12 05:50:35.000,Patrice.Darzens@sanofi.com.SAML4,cloudadmin@sanofi.com.doCDGC.prod,,ACTIVE
62421,674459cec15b061bf75f79b3,PIN000000000XD,OC01914_INDIC_OTHERS,,Non-viral gene delivery innovation,CO,Ongoing,Ongoing,,,MDM,2024-11-25 11:04:46.000,2025-09-07 05:51:53.000,Patrice.Darzens@sanofi.com.SAML4,cloudadmin@sanofi.com.doCDGC.prod,,ACTIVE
62422,674459cec15b061bf75f79b4,PIN000000000XE,OC01921_INDIC_OTHERS,,Indication for Others file,CJ,Ongoing,Ongoing,,,MDM,2024-11-25 11:04:46.000,2025-04-12 05:51:09.000,Patrice.Darzens@sanofi.com.SAML4,cloudadmin@sanofi.com.doCDGC.prod,,ACTIVE
62423,674459cec15b061bf75f79b5,PIN000000000XF,OC01922_INDIC_OTHERS,,Indication for Others file,CH,Ongoing,Ongoing,,,MDM,2024-11-25 11:04:46.000,2025-04-12 05:50:54.000,Patrice.Darzens@sanofi.com.SAML4,cloudadmin@sanofi.com.doCDGC.prod,,ACTIVE
62424,674459cec15b061bf75f79b7,PIN000000000XH,OC01926_INDIC_OTHERS,,Indication for Others file,CJ,,,,,MDM,2024-11-25 11:04:46.000,2025-04-12 05:51:10.000,Patrice.Darzens@sanofi.com.SAML4,cloudadmin@sanofi.com.doCDGC.prod,,ACTIVE
62425,674459cec15b061bf75f79ba,PIN000000000XK,OC01931_IND001,,Indication for Others file,CL,,,,,MDM,2024-11-25 11:04:46.000,2025-04-12 05:50:30.000,Patrice.Darzens@sanofi.com.SAML4,cloudadmin@sanofi.com.doCDGC.prod,,ACTIVE
62426,674459cec15b061bf75f79bb,PIN000000000XL,OC01933_IND001,,Indication for Others file,CL,,,,,MDM,2024-11-25 11:04:46.000,2025-04-12 05:51:07.000,Patrice.Darzens@sanofi.com.SAML4,cloudadmin@sanofi.com.doCDGC.prod,,ACTIVE
62427,674459cec15b061bf75f79bc,PIN000000000XM,OC01934_IND001,,Indication for Others file,CL,,,,,MDM,2024-11-25 11:04:46.000,2025-04-12 05:50:52.000,Patrice.Darzens@sanofi.com.SAML4,cloudadmin@sanofi.com.doCDGC.prod,,ACTIVE
62428,674459cec15b061bf75f79bd,PIN000000000XN,OC01936_IND001,,Indication for Others file,CF,,,,,MDM,2024-11-25 11:04:46.000,2025-08-09 05:53:15.000,Patrice.Darzens@sanofi.com.SAML4,cloudadmin@sanofi.com.doCDGC.prod,,ACTIVE
62429,674459cec15b061bf75f79be,PIN000000000XO,OC01942_IND001,,Indication for Others file,EE,,,,,MDM,2024-11-25 11:04:46.000,2025-04-12 05:50:42.000,Patrice.Darzens@sanofi.com.SAML4,cloudadmin@sanofi.com.doCDGC.prod,,ACTIVE
62430,674459cec15b061bf75f79bf,PIN000000000XP,OC01944_IND001,,Indication for Others file,CL,,,,,MDM,2024-11-25 11:04:46.000,2025-04-12 05:51:11.000,Patrice.Darzens@sanofi.com.SAML4,cloudadmin@sanofi.com.doCDGC.prod,,ACTIVE
62431,674459cec15b061bf75f79c0,PIN000000000XQ,OC01946_IND001,,Indication for Others file,CA,,,,,MDM,2024-11-25 11:04:46.000,2025-09-05 05:52:40.000,Patrice.Darzens@sanofi.com.SAML4,cloudadmin@sanofi.com.doCDGC.prod,,ACTIVE
62432,674459cec15b061bf75f79c1,PIN000000000XR,OC01948_IND001,,Indication for Others file,CA,,,,,MDM,2024-11-25 11:04:46.000,2025-12-19 06:51:07.000,Patrice.Darzens@sanofi.com.SAML4,cloudadmin@sanofi.com.doCDGC.prod,,ACTIVE
62433,674459cec15b061bf75f79c3,PIN000000000XT,OC01956_IND001,,Indication for Others file,CL,,,,,MDM,2024-11-25 11:04:46.000,2025-04-12 05:51:02.000,Patrice.Darzens@sanofi.com.SAML4,cloudadmin@sanofi.com.doCDGC.prod,,ACTIVE
62434,674459c9c15b061bf75f6a0a,PIN000000000KC,SAR650984_IND018,Solid Tumors w/Cemip,Solid Tumors - Combo Cemiplimab,BG,Stopped,Stopped inactive,10065252,L,MDM,2024-11-25 11:04:41.000,2025-04-12 05:51:09.000,Patrice.Darzens@sanofi.com.SAML4,cloudadmin@sanofi.com.doCDGC.prod,,ACTIVE
62435,674459c9c15b061bf75f6a0b,PIN000000000KD,SAR650984_IND019,1L ALL - Mono,1L ALL - Mono,BG,Stopped,Stopped inactive,10000845,L,MDM,2024-11-25 11:04:41.000,2025-04-12 05:50:59.000,Patrice.Darzens@sanofi.com.SAML4,cloudadmin@sanofi.com.doCDGC.prod,,ACTIVE
62436,674459c9c15b061bf75f6a0c,PIN000000000KE,SAR650984_IND022,3L RRMM mono & w/Pd Japan,3L RRMM - Mono and Combo Pomalidomide - Japan,BG,Stopped,Stopped inactive,10028228,L,MDM,2024-11-25 11:04:41.000,2025-04-12 05:50:17.000,Patrice.Darzens@sanofi.com.SAML4,cloudadmin@sanofi.com.doCDGC.prod,,ACTIVE
62437,674459c9c15b061bf75f6a0d,PIN000000000KF,SAR650984_IND023,Prostate Cancer w/Ab,Prostate Cancer - Combo Abiraterone,BG,Stopped,Stopped inactive,10060862,L,MDM,2024-11-25 11:04:41.000,2025-04-12 05:51:03.000,Patrice.Darzens@sanofi.com.SAML4,cloudadmin@sanofi.com.doCDGC.prod,,ACTIVE
62438,674459c9c15b061bf75f6a0e,PIN000000000KG,SAR650984_IND024,1L NDMM Ti w/Borte VRd China,1L NDMM - Ti - Combo Bortezomib Lenolidomide - China,BG,Stopped,Stopped inactive,10028228,L,MDM,2024-11-25 11:04:41.000,2025-06-06 05:50:31.000,Patrice.Darzens@sanofi.com.SAML4,cloudadmin@sanofi.com.doCDGC.prod,,ACTIVE
62439,674459c9c15b061bf75f6a16,PIN000000000KO,SIC00021_IND050,,Pain,HB,Ongoing,Ongoing,10033371,V,MDM,2024-11-25 11:04:41.000,2025-08-21 05:52:46.000,Patrice.Darzens@sanofi.com.SAML4,cloudadmin@sanofi.com.doCDGC.prod,,ACTIVE
62440,674459c9c15b061bf75f6a17,PIN000000000KP,SIC00024_IND050,,Allergic rhinitis,HB,Ongoing,Ongoing,10039085,R,MDM,2024-11-25 11:04:41.000,2025-08-21 05:52:52.000,Patrice.Darzens@sanofi.com.SAML4,cloudadmin@sanofi.com.doCDGC.prod,,ACTIVE
62441,674459c9c15b061bf75f6a18,PIN000000000KQ,SIC00041_IND050,,Allergy,HB,,,10020751,N,MDM,2024-11-25 11:04:41.000,2025-04-12 05:50:30.000,Patrice.Darzens@sanofi.com.SAML4,cloudadmin@sanofi.com.doCDGC.prod,,ACTIVE
62442,674459c9c15b061bf75f6a19,PIN000000000KR,SIC00043_INDIC_OTHERS,,Indication for Others file,HB,,,,,MDM,2024-11-25 11:04:41.000,2025-04-12 05:50:56.000,Patrice.Darzens@sanofi.com.SAML4,cloudadmin@sanofi.com.doCDGC.prod,,ACTIVE
62443,674459c9c15b061bf75f6a1b,PIN000000000KT,SIC00304_IND001,,Type 2 diabetes mellitus,HB,,,10067585,A,MDM,2024-11-25 11:04:41.000,2025-04-12 05:50:40.000,Patrice.Darzens@sanofi.com.SAML4,cloudadmin@sanofi.com.doCDGC.prod,,ACTIVE
62444,674459c9c15b061bf75f6b7f,PIN000000000KV,SIC00326_IND001,,Type 1 Diabetes,HB,,,10067584,A,MDM,2024-11-25 11:04:41.000,2025-04-12 05:51:07.000,Patrice.Darzens@sanofi.com.SAML4,cloudadmin@sanofi.com.doCDGC.prod,,ACTIVE
62445,674459c9c15b061bf75f6b80,PIN000000000KW,SIC00342_IND001,,Indication for Others file,HB,,,10012438,D,MDM,2024-11-25 11:04:41.000,2025-11-27 06:50:45.000,Patrice.Darzens@sanofi.com.SAML4,cloudadmin@sanofi.com.doCDGC.prod,,ACTIVE
62446,674459c9c15b061bf75f6b82,PIN000000000KY,SIC00383_IND001,,Alimentary & Metabolism,HB,,,10033371,A,MDM,2024-11-25 11:04:41.000,2025-09-10 05:52:47.000,Patrice.Darzens@sanofi.com.SAML4,cloudadmin@sanofi.com.doCDGC.prod,,ACTIVE
62447,674459c9c15b061bf75f6b86,PIN000000000L2,SP0047_IND002,Meningococcal (ACWY) disease - Ped 6w+,Meningococcal (ACWY) disease - Pediatric 6w+,,Ongoing,Ongoing,10004049,VACC,MDM,2024-11-25 11:04:41.000,2025-08-09 05:52:57.000,Patrice.Darzens@sanofi.com.SAML4,cloudadmin@sanofi.com.doCDGC.prod,Post-Licence,ACTIVE
62448,674459c9c15b061bf75f6b87,PIN000000000L3,SP0047_IND004,JP,Japan - MenQuadfi,,Completed,Completed inactive,10004049,VACC,MDM,2024-11-25 11:04:41.000,2025-05-10 05:57:59.000,Patrice.Darzens@sanofi.com.SAML4,cloudadmin@sanofi.com.doCDGC.prod,Post-Launch,ACTIVE
62449,674459c9c15b061bf75f6b88,PIN000000000L4,SP0047_IND005,Meningococcal (ACWY) disease - Ado & Ped CN,CHINA_Meningococcal (ACWY) disease - Adolescent & Pediatric China,,Ongoing,Ongoing,10004049,VACC,MDM,2024-11-25 11:04:41.000,2026-01-08 07:09:58.000,Patrice.Darzens@sanofi.com.SAML4,cloudadmin@sanofi.com.doCDGC.prod,Phase 3,ACTIVE
62450,674459c9c15b061bf75f6b89,PIN000000000L5,SP0087_IND001,Rabies,Rabies,,Ongoing,Ongoing,10037742,VACC,MDM,2024-11-25 11:04:41.000,2026-01-08 07:10:26.000,Patrice.Darzens@sanofi.com.SAML4,cloudadmin@sanofi.com.doCDGC.prod,Regulatory submission,ACTIVE
62451,674459c9c15b061bf75f6b8a,PIN000000000L6,SP0125_IND001,RSV disease - toddlers,RSV disease - toddlers,,Stopped,Stopped active,10061603,VACC,MDM,2024-11-25 11:04:41.000,2026-01-15 08:26:30.000,Patrice.Darzens@sanofi.com.SAML4,cloudadmin@sanofi.com.doCDGC.prod,Phase 3,ACTIVE
62452,674459c9c15b061bf75f6b8d,PIN000000000L9,SP0178_IND006,EU,EU - Flu QIV HD,,Completed,Completed inactive,10022000,VACC,MDM,2024-11-25 11:04:41.000,2025-05-10 05:56:32.000,Patrice.Darzens@sanofi.com.SAML4,cloudadmin@sanofi.com.doCDGC.prod,,ACTIVE
62453,674459c9c15b061bf75f6b8e,PIN000000000LA,SP0184_IND001,,Adjuvant for eggs base study,,Stopped,Stopped inactive,10021430,VACC,MDM,2024-11-25 11:04:41.000,2025-11-27 06:51:34.000,Patrice.Darzens@sanofi.com.SAML4,cloudadmin@sanofi.com.doCDGC.prod,,ACTIVE
62454,674459c9c15b061bf75f6b91,PIN000000000LD,SP0202_IND007,PCV - Adult - JP,STOPPED Japan Adults - Skypac,,Stopped,Stopped active,10092606,VACC,MDM,2024-11-25 11:04:41.000,2026-01-24 06:50:38.000,Patrice.Darzens@sanofi.com.SAML4,cloudadmin@sanofi.com.doCDGC.prod,,ACTIVE
62455,674459c9c15b061bf75f6b95,PIN000000000LH,SP0206_IND011,2031 M0 non mRNA,New Target M0 - 2031 non mRNA,,To be Validated,To be Validated,10021430,VACC,MDM,2024-11-25 11:04:41.000,2026-01-22 06:50:16.000,Patrice.Darzens@sanofi.com.SAML4,cloudadmin@sanofi.com.doCDGC.prod,Pre-M0,ACTIVE
62456,674459c9c15b061bf75f6b96,PIN000000000LI,SP0211_IND001,,Indication for New Vaccine Indication Template,,Stopped,Stopped active,10021430,VACC,MDM,2024-11-25 11:04:41.000,2025-04-16 05:52:15.000,Patrice.Darzens@sanofi.com.SAML4,cloudadmin@sanofi.com.doCDGC.prod,,ACTIVE
62457,674459c9c15b061bf75f6b97,PIN000000000LJ,SP0213_IND001,,Indication for New Vaccine Indication Template,,Completed,Completed active,10021430,VACC,MDM,2024-11-25 11:04:41.000,2025-04-12 05:50:51.000,Patrice.Darzens@sanofi.com.SAML4,cloudadmin@sanofi.com.doCDGC.prod,,ACTIVE
62458,674459c9c15b061bf75f6b99,PIN000000000LL,SP0218_IND001,Yellow fever,Yellow fever,,Ongoing,Ongoing,10048242,VACC,MDM,2024-11-25 11:04:41.000,2026-01-22 06:50:23.000,Patrice.Darzens@sanofi.com.SAML4,cloudadmin@sanofi.com.doCDGC.prod,Phase 3,ACTIVE
62459,674459c9c15b061bf75f6b9c,PIN000000000LO,SP0228-IND001,,Common activities - Zika inactivated ZIKV,,Stopped,Stopped active,10021430,VACC,MDM,2024-11-25 11:04:41.000,2025-04-12 05:51:08.000,Patrice.Darzens@sanofi.com.SAML4,cloudadmin@sanofi.com.doCDGC.prod,,ACTIVE
62460,674459c9c15b061bf75f6b9d,PIN000000000LP,SP0230_IND001,,Common activities,,Completed,Completed active,10004049,VACC,MDM,2024-11-25 11:04:41.000,2026-01-20 06:52:19.000,Patrice.Darzens@sanofi.com.SAML4,cloudadmin@sanofi.com.doCDGC.prod,,ACTIVE
62461,674459c9c15b061bf75f6ba4,PIN000000000LW,SP0238_IND001,,Common activities - Flu QIV SHZ,,Completed,Completed active,10021430,VACC,MDM,2024-11-25 11:04:41.000,2026-01-24 06:50:52.000,Patrice.Darzens@sanofi.com.SAML4,cloudadmin@sanofi.com.doCDGC.prod,Post-Licence,ACTIVE
62462,674459c9c15b061bf75f6ba5,PIN000000000LX,SP0242_IND002,Acel,Acel,,Stopped,Stopped active,10043376,VACC,MDM,2024-11-25 11:04:41.000,2025-05-10 06:00:30.000,Patrice.Darzens@sanofi.com.SAML4,cloudadmin@sanofi.com.doCDGC.prod,,ACTIVE
62463,674459c9c15b061bf75f6ba6,PIN000000000LY,SP0243_IND001,,Common activities - Tetraxim CN,,Stopped,Stopped active,10021430,VACC,MDM,2024-11-25 11:04:41.000,2026-01-17 06:51:38.000,Patrice.Darzens@sanofi.com.SAML4,cloudadmin@sanofi.com.doCDGC.prod,Preclinical,ACTIVE
62464,674459c9c15b061bf75f6ba7,PIN000000000LZ,SP0244_IND001,,Common activities - Lyme,,Stopped,Stopped active,10021430,VACC,MDM,2024-11-25 11:04:41.000,2026-01-23 06:50:53.000,Patrice.Darzens@sanofi.com.SAML4,cloudadmin@sanofi.com.doCDGC.prod,,ACTIVE
62465,674459c9c15b061bf75f6ba8,PIN000000000M0,SP0246_IND001,,Indication for New Vaccine Indication Template,,Stopped,Stopped active,10021430,VACC,MDM,2024-11-25 11:04:41.000,2025-04-12 05:50:24.000,Patrice.Darzens@sanofi.com.SAML4,cloudadmin@sanofi.com.doCDGC.prod,,ACTIVE
62466,674459c9c15b061bf75f6ba9,PIN000000000M1,SP0252_IND001,,Japan - Hexaxim,,Stopped,Stopped active,10021430,VACC,MDM,2024-11-25 11:04:41.000,2025-05-07 05:53:17.000,Patrice.Darzens@sanofi.com.SAML4,cloudadmin@sanofi.com.doCDGC.prod,Preclinical,ACTIVE
62467,674459c9c15b061bf75f6baa,PIN000000000M2,SP0266_IND001,,Indication for New Vaccine Indication Template,,Stopped,Stopped active,10021430,VACC,MDM,2024-11-25 11:04:41.000,2025-04-15 05:51:56.000,Patrice.Darzens@sanofi.com.SAML4,cloudadmin@sanofi.com.doCDGC.prod,,ACTIVE
62468,674459c9c15b061bf75f6bab,PIN000000000M3,SP0268_IND001,Acne - moderate to severe,Acne - moderate to severe,,Ongoing,Ongoing,10000496,VACC,MDM,2024-11-25 11:04:41.000,2026-01-21 06:51:05.000,Patrice.Darzens@sanofi.com.SAML4,cloudadmin@sanofi.com.doCDGC.prod,Phase 2,ACTIVE
62469,674459c9c15b061bf75f6bac,PIN000000000M4,SP0268_IND002,Acne - mild,Acne - mild,,Ongoing,Ongoing,10000496,VACC,MDM,2024-11-25 11:04:41.000,2025-12-20 06:50:35.000,Patrice.Darzens@sanofi.com.SAML4,cloudadmin@sanofi.com.doCDGC.prod,Phase 2,ACTIVE
62470,674459c9c15b061bf75f6bad,PIN000000000M5,SP0269_IND001,CT urogenital disease,Chlamydia trachomatis urogenital disease,,Ongoing,Ongoing,10018185,VACC,MDM,2024-11-25 11:04:41.000,2025-12-11 06:51:16.000,Patrice.Darzens@sanofi.com.SAML4,cloudadmin@sanofi.com.doCDGC.prod,Phase 1,ACTIVE
62471,674459c9c15b061bf75f6bae,PIN000000000M6,SP0270_IND001,Flu,Flu,,Ongoing,Ongoing,10022000,VACC,MDM,2024-11-25 11:04:41.000,2026-01-24 06:50:35.000,Patrice.Darzens@sanofi.com.SAML4,cloudadmin@sanofi.com.doCDGC.prod,Initiation,ACTIVE
62472,674459cac15b061bf75f6d12,PIN000000000M8,SP0273_IND004,JP,Flu QIV mRNA - Japan,,Stopped,Stopped active,10021430,VACC,MDM,2024-11-25 11:04:42.000,2026-01-23 06:52:02.000,Patrice.Darzens@sanofi.com.SAML4,cloudadmin@sanofi.com.doCDGC.prod,,ACTIVE
62473,674459cac15b061bf75f6d13,PIN000000000M9,SP0276_IND001,Rhinovirus infection,Rhinovirus diseases,,Ongoing,Ongoing,10061494,VACC,MDM,2024-11-25 11:04:42.000,2026-01-17 06:51:21.000,Patrice.Darzens@sanofi.com.SAML4,cloudadmin@sanofi.com.doCDGC.prod,M0-M2,ACTIVE
62474,674459cac15b061bf75f6d14,PIN000000000MA,SP0277_IND003,2024 M0 mRNA,New Target M0 - 2024 mRNA,,Completed,Completed inactive,10021430,VACC,MDM,2024-11-25 11:04:42.000,2025-04-12 05:50:49.000,Patrice.Darzens@sanofi.com.SAML4,cloudadmin@sanofi.com.doCDGC.prod,Pre-M0,ACTIVE
62475,674459cac15b061bf75f6d15,PIN000000000MB,SP0277_IND008,2025 M0 mRNA,New Target M0 - 2025 mRNA - REMOVED,,To be Validated,To be Validated,10021430,VACC,MDM,2024-11-25 11:04:42.000,2025-04-12 05:50:37.000,Patrice.Darzens@sanofi.com.SAML4,cloudadmin@sanofi.com.doCDGC.prod,Pre-M0,ACTIVE
62476,674459cac15b061bf75f6d16,PIN000000000MC,SP0277_IND009,2026 M0 mRNA,New Target M0 - 2026 mRNA - REMOVED,,To be Validated,To be Validated,10021430,VACC,MDM,2024-11-25 11:04:42.000,2025-09-27 05:51:03.000,Patrice.Darzens@sanofi.com.SAML4,cloudadmin@sanofi.com.doCDGC.prod,Pre-M0,ACTIVE
62477,674459cac15b061bf75f6d1b,PIN000000000MH,SP0280_IND001,Infectious mononucleosis,Infectious mononucleosis,,Ongoing,Ongoing,10021914,VACC,MDM,2024-11-25 11:04:42.000,2026-01-23 06:51:02.000,Patrice.Darzens@sanofi.com.SAML4,cloudadmin@sanofi.com.doCDGC.prod,Preclinical,ACTIVE
62478,674459cac15b061bf75f6d1c,PIN000000000MI,SP0281_IND001,,Common activities,,Not Validated,Not Validated,10021430,VACC,MDM,2024-11-25 11:04:42.000,2025-04-12 05:50:24.000,Patrice.Darzens@sanofi.com.SAML4,cloudadmin@sanofi.com.doCDGC.prod,Phase 1,ACTIVE
62479,674459cac15b061bf75f6d1f,PIN000000000ML,SP0287_IND001,Flu+Covid19,Flu+Covid19,,Ongoing,Ongoing,10022000,VACC,MDM,2024-11-25 11:04:42.000,2026-01-22 06:50:03.000,Patrice.Darzens@sanofi.com.SAML4,cloudadmin@sanofi.com.doCDGC.prod,Phase 1,ACTIVE
62480,674459cac15b061bf75f6d20,PIN000000000MM,SP0288_IND001,Covid19,Covid19,,Ongoing,Ongoing,10084458,VACC,MDM,2024-11-25 11:04:42.000,2025-12-11 06:52:04.000,Patrice.Darzens@sanofi.com.SAML4,cloudadmin@sanofi.com.doCDGC.prod,Post-Licence,ACTIVE
62481,674459cac15b061bf75f6d26,PIN000000000MS,SPA_RD_PLC16006_INDIC_OTHERS,,Indication for Others file,HB,,,10021430,VACC,MDM,2024-11-25 11:04:42.000,2025-04-12 05:50:57.000,Patrice.Darzens@sanofi.com.SAML4,cloudadmin@sanofi.com.doCDGC.prod,,ACTIVE
62482,674459cac15b061bf75f6d28,PIN000000000MU,SPA_RD_PLC16012_INDIC_OTHERS,,Indication for Others file,HB,,,10021430,VACC,MDM,2024-11-25 11:04:42.000,2025-04-12 05:51:09.000,Patrice.Darzens@sanofi.com.SAML4,cloudadmin@sanofi.com.doCDGC.prod,,ACTIVE
62483,674459cac15b061bf75f6d29,PIN000000000MV,SPA_RD_PLC16017_INDIC_OTHERS,,Indication for Others file,HB,,,,,MDM,2024-11-25 11:04:42.000,2025-04-25 05:52:32.000,Patrice.Darzens@sanofi.com.SAML4,cloudadmin@sanofi.com.doCDGC.prod,,ACTIVE
62484,674459cac15b061bf75f6d2b,PIN000000000MX,SPA_RD_PPP16016_INDIC_OTHERS,,Indication for Others file,HB,,,10021430,VACC,MDM,2024-11-25 11:04:42.000,2025-04-12 05:50:56.000,Patrice.Darzens@sanofi.com.SAML4,cloudadmin@sanofi.com.doCDGC.prod,,ACTIVE
62485,674459cac15b061bf75f6d2d,PIN000000000MZ,SPA_RD_SP0087_INDIC_OTHERS,,Indication for Others file,HB,,,10021430,VACC,MDM,2024-11-25 11:04:42.000,2025-04-12 05:51:10.000,Patrice.Darzens@sanofi.com.SAML4,cloudadmin@sanofi.com.doCDGC.prod,,ACTIVE
62486,674459cac15b061bf75f6d32,PIN000000000N4,SPA_RD_SP0208_INDIC_OTHERS,,Indication for Others file,HB,,,10021430,VACC,MDM,2024-11-25 11:04:42.000,2025-04-25 05:52:53.000,Patrice.Darzens@sanofi.com.SAML4,cloudadmin@sanofi.com.doCDGC.prod,,ACTIVE
62487,674459cac15b061bf75f6d34,PIN000000000N6,SPA_RD_SP0215_INDIC_OTHERS,,Indication for Others file,HB,,,10021430,VACC,MDM,2024-11-25 11:04:42.000,2025-04-12 05:50:43.000,Patrice.Darzens@sanofi.com.SAML4,cloudadmin@sanofi.com.doCDGC.prod,,ACTIVE
62488,674459cac15b061bf75f6d36,PIN000000000N8,SPA_RD_SP0238_INDIC_OTHERS,,Indication for Others file,HB,,,10021430,VACC,MDM,2024-11-25 11:04:42.000,2025-04-12 05:50:28.000,Patrice.Darzens@sanofi.com.SAML4,cloudadmin@sanofi.com.doCDGC.prod,,ACTIVE
62489,674459cac15b061bf75f6d39,PIN000000000NB,SPA_RD_SP0243_IND001,,Indication for Others file,HB,,,10021430,VACC,MDM,2024-11-25 11:04:42.000,2025-04-25 05:53:00.000,Patrice.Darzens@sanofi.com.SAML4,cloudadmin@sanofi.com.doCDGC.prod,,ACTIVE
62490,674459cac15b061bf75f6d3a,PIN000000000NC,SPA_RD_SP0243_IND050,,Vaccines,HB,,,10021430,VACC,MDM,2024-11-25 11:04:42.000,2025-04-25 05:52:53.000,Patrice.Darzens@sanofi.com.SAML4,cloudadmin@sanofi.com.doCDGC.prod,,ACTIVE
62491,674459cac15b061bf75f6d3c,PIN000000000NE,SPA_RD_SP0255_INDIC_OTHERS,,Indication for Others file,HB,,,,,MDM,2024-11-25 11:04:42.000,2025-04-25 05:52:38.000,Patrice.Darzens@sanofi.com.SAML4,cloudadmin@sanofi.com.doCDGC.prod,,ACTIVE
62492,674459cac15b061bf75f6d3d,PIN000000000NF,SPA_RD_SP0268_IND001,,Indication for Others file,HB,,,,,MDM,2024-11-25 11:04:42.000,2025-04-25 05:52:59.000,Patrice.Darzens@sanofi.com.SAML4,cloudadmin@sanofi.com.doCDGC.prod,,ACTIVE
62493,674459cac15b061bf75f6d3e,PIN000000000NG,SPA_RD_SP0269_IND001,,Indication for Others file,HB,,,10021430,VACC,MDM,2024-11-25 11:04:42.000,2025-04-12 05:50:54.000,Patrice.Darzens@sanofi.com.SAML4,cloudadmin@sanofi.com.doCDGC.prod,,ACTIVE
62494,674459cac15b061bf75f6d40,PIN000000000NI,SPA_RD_SP0274_INDIC_OTHERS,,Indication for Others file,HB,,,10021430,VACC,MDM,2024-11-25 11:04:42.000,2025-04-12 05:50:40.000,Patrice.Darzens@sanofi.com.SAML4,cloudadmin@sanofi.com.doCDGC.prod,,ACTIVE
62495,674459cac15b061bf75f6d41,PIN000000000NJ,SPA_RD_SP0280_IND001,,Indication for Others file,HB,,,,,MDM,2024-11-25 11:04:42.000,2025-04-25 05:52:38.000,Patrice.Darzens@sanofi.com.SAML4,cloudadmin@sanofi.com.doCDGC.prod,,ACTIVE
62496,674459cac15b061bf75f6d42,PIN000000000NK,SPA_RD_SP0287_IND001,,Indication for Others file,HB,,,,,MDM,2024-11-25 11:04:42.000,2025-04-25 05:52:53.000,Patrice.Darzens@sanofi.com.SAML4,cloudadmin@sanofi.com.doCDGC.prod,,ACTIVE
62497,674459cbc15b061bf75f6ea6,PIN000000000NM,SUPPORT_INDIC_EQUIPMENT_003,,EQUIPMENT,HA,Ongoing,Ongoing,,,MDM,2024-11-25 11:04:43.000,2025-04-12 05:50:58.000,Patrice.Darzens@sanofi.com.SAML4,cloudadmin@sanofi.com.doCDGC.prod,,ACTIVE
62498,674459cbc15b061bf75f6ea7,PIN000000000NN,SUPPORT_INDIC_GXP_002,,GXP,HA,Ongoing,Ongoing,,,MDM,2024-11-25 11:04:43.000,2025-04-12 05:51:11.000,Patrice.Darzens@sanofi.com.SAML4,cloudadmin@sanofi.com.doCDGC.prod,,ACTIVE
62499,674459cbc15b061bf75f6ea8,PIN000000000NO,SUPPORT_INDIC_OTHERS,,ENDED STUDIES,HA,,,,,MDM,2024-11-25 11:04:43.000,2025-04-25 05:52:54.000,Patrice.Darzens@sanofi.com.SAML4,cloudadmin@sanofi.com.doCDGC.prod,,ACTIVE
62500,674459cbc15b061bf75f6ea9,PIN000000000NP,SUPPORT_INDIC_SUPPORT_004,,SUPPORT,HA,Ongoing,Ongoing,,,MDM,2024-11-25 11:04:43.000,2025-12-13 06:51:55.000,Patrice.Darzens@sanofi.com.SAML4,cloudadmin@sanofi.com.doCDGC.prod,,ACTIVE
62501,674459cbc15b061bf75f6eaa,PIN000000000NQ,TECH17004_IND002,,Transversal activities,,,,10021430,VACC,MDM,2024-11-25 11:04:43.000,2025-09-13 05:50:37.000,Patrice.Darzens@sanofi.com.SAML4,cloudadmin@sanofi.com.doCDGC.prod,,ACTIVE
62502,674459cbc15b061bf75f6eab,PIN000000000NR,XC01128_SERIE_SMALL_MOL_ONCO_DISCO,,Discovery,CI,Stopped,Stopped inactive,,,MDM,2024-11-25 11:04:43.000,2025-04-12 05:51:03.000,Patrice.Darzens@sanofi.com.SAML4,cloudadmin@sanofi.com.doCDGC.prod,,ACTIVE
62503,674459cbc15b061bf75f6eae,PIN000000000NU,XC01150_IND001,,Discovery,CI,Stopped,Stopped inactive,,,MDM,2024-11-25 11:04:43.000,2025-05-04 05:50:46.000,Patrice.Darzens@sanofi.com.SAML4,cloudadmin@sanofi.com.doCDGC.prod,,ACTIVE
62504,674459cbc15b061bf75f6eb0,PIN000000000NW,XC01153_IND001,,Discovery,CI,Stopped,Stopped inactive,10061873,,MDM,2024-11-25 11:04:43.000,2026-01-24 06:50:46.000,Patrice.Darzens@sanofi.com.SAML4,cloudadmin@sanofi.com.doCDGC.prod,,ACTIVE
62505,674459cbc15b061bf75f6eb4,PIN000000000O0,XC01159_IND004,AS,Ankylosing Spondylitis,CF,Completed,Completed inactive,10002556,,MDM,2024-11-25 11:04:43.000,2025-11-26 08:37:37.000,Patrice.Darzens@sanofi.com.SAML4,cloudadmin@sanofi.com.doCDGC.prod,,ACTIVE
62506,674459cbc15b061bf75f6eb6,PIN000000000O2,XRP6976_IND005,,"EU - mHSPC (metastatic, hormone-sensitive prostate cancer) - Type II variation",BG,Completed,Completed inactive,10060862,L,MDM,2024-11-25 11:04:43.000,2025-04-12 05:51:07.000,Patrice.Darzens@sanofi.com.SAML4,cloudadmin@sanofi.com.doCDGC.prod,LCM,ACTIVE
62507,674459cbc15b061bf75f6eb7,PIN000000000O3,XRP6976_IND007,,One Vial - 20mg/80mg,BG,Completed,Completed inactive,10065252,L,MDM,2024-11-25 11:04:43.000,2025-04-12 05:50:54.000,Patrice.Darzens@sanofi.com.SAML4,cloudadmin@sanofi.com.doCDGC.prod,LCM,ACTIVE
62508,674459c7c15b061bf75f63ca,PIN000000000F8,SAR342434_IND007,,YODA - 3mL  prefilled cartridge for Medtronic pump,BJ,Stopped,Stopped inactive,10012594,A,MDM,2024-11-25 11:04:38.000,2025-04-12 05:50:57.000,Patrice.Darzens@sanofi.com.SAML4,cloudadmin@sanofi.com.doCDGC.prod,,ACTIVE
62509,674459c7c15b061bf75f652e,PIN000000000FA,SAR402663_IND001,AMD - Neovascular,Age-related macular degeneration - Neovascular,BU,Ongoing,Ongoing,10075568,S,MDM,2024-11-25 11:04:39.000,2026-01-10 06:50:56.000,Patrice.Darzens@sanofi.com.SAML4,cloudadmin@sanofi.com.doCDGC.prod,Phase 2,ACTIVE
62510,674459c7c15b061bf75f652f,PIN000000000FB,SAR408701_IND001,2-3 L NSCLC Hi Mono,2-3L NSCLC - High expression - Mono,BG,Stopped,Stopped active,10061873,L,MDM,2024-11-25 11:04:39.000,2025-04-12 05:51:08.000,Patrice.Darzens@sanofi.com.SAML4,cloudadmin@sanofi.com.doCDGC.prod,Phase 3,ACTIVE
62511,674459c7c15b061bf75f6531,PIN000000000FD,SAR408701_IND007,,CRC SA,BG,Stopped,Stopped inactive,10061451,L,MDM,2024-11-25 11:04:39.000,2025-04-12 05:50:28.000,Patrice.Darzens@sanofi.com.SAML4,cloudadmin@sanofi.com.doCDGC.prod,,ACTIVE
62512,674459c7c15b061bf75f6536,PIN000000000FI,SAR408701_IND013,1L SCLC Mod-Hi w/pembro,1L SCLC - Moderate-High expression - Combo pembrolizumab,BG,Not Validated,Not Validated,10058467,L,MDM,2024-11-25 11:04:39.000,2025-04-12 05:50:17.000,Patrice.Darzens@sanofi.com.SAML4,cloudadmin@sanofi.com.doCDGC.prod,Phase 1,ACTIVE
62513,674459c7c15b061bf75f6537,PIN000000000FJ,SAR408701_IND015,1L NSCLC w/sinti,INNOVENT - 1L NSCLC Combo Sintilimab,BG,Stopped,Stopped inactive,10061873,L,MDM,2024-11-25 11:04:39.000,2025-04-12 05:50:52.000,Patrice.Darzens@sanofi.com.SAML4,cloudadmin@sanofi.com.doCDGC.prod,Phase 2,ACTIVE
62514,674459c7c15b061bf75f653c,PIN000000000FO,SAR439684_IND004,1L NSCLC - Mono,1L NSCLC - Mono,BG,Completed,Completed inactive,10061873,L,MDM,2024-11-25 11:04:39.000,2025-04-12 05:50:24.000,Patrice.Darzens@sanofi.com.SAML4,cloudadmin@sanofi.com.doCDGC.prod,LCM,ACTIVE
62515,674459c7c15b061bf75f653d,PIN000000000FP,SAR439684_IND006,2L Cervical Cancer,2L Cervical Cancer,BG,Completed,Completed active,10008229,L,MDM,2024-11-25 11:04:39.000,2025-04-12 05:50:35.000,Patrice.Darzens@sanofi.com.SAML4,cloudadmin@sanofi.com.doCDGC.prod,LCM,ACTIVE
62516,674459c7c15b061bf75f653e,PIN000000000FQ,SAR439684_IND007,Brain Tumors - Ped,Pediatric Brain Tumor,BG,Stopped,Stopped inactive,10007050,L,MDM,2024-11-25 11:04:39.000,2025-06-19 05:51:05.000,Patrice.Darzens@sanofi.com.SAML4,cloudadmin@sanofi.com.doCDGC.prod,Phase 3,ACTIVE
62517,674459c7c15b061bf75f6540,PIN000000000FS,SAR439684_IND011,,IL Cervical Cancer,BG,Stopped,Stopped inactive,10008229,L,MDM,2024-11-25 11:04:39.000,2025-04-12 05:50:30.000,Patrice.Darzens@sanofi.com.SAML4,cloudadmin@sanofi.com.doCDGC.prod,,ACTIVE
62518,674459c7c15b061bf75f6541,PIN000000000FT,SAR439684_IND050,,Cuteneous Squamous Cell Carcinoma,BG,Ongoing,Ongoing,10041834,L,MDM,2024-11-25 11:04:39.000,2025-04-12 05:51:08.000,Patrice.Darzens@sanofi.com.SAML4,cloudadmin@sanofi.com.doCDGC.prod,,ACTIVE
62519,674459c7c15b061bf75f654c,PIN000000000G4,SAR439954_IND003,,Type 1 Diabetes Mellitus - Pediatric - 2-11 yo Young Children -  PO route,BJ,Stopped,Stopped inactive,10067584,A,MDM,2024-11-25 11:04:39.000,2025-04-12 05:50:55.000,Patrice.Darzens@sanofi.com.SAML4,cloudadmin@sanofi.com.doCDGC.prod,,ACTIVE
62520,674459c7c15b061bf75f654f,PIN000000000G7,SAR439954_IND009,,China T2DM - monotherapy,BJ,Stopped,Stopped inactive,10067585,A,MDM,2024-11-25 11:04:39.000,2025-04-12 05:50:43.000,Patrice.Darzens@sanofi.com.SAML4,cloudadmin@sanofi.com.doCDGC.prod,Phase 3,ACTIVE
62521,674459c7c15b061bf75f6556,PIN000000000GE,SAR440340_IND006,SSc,Systemic Sclerosis,BE,Not Validated,Not Validated,10042953,RH,MDM,2024-11-25 11:04:39.000,2025-04-12 05:50:43.000,Patrice.Darzens@sanofi.com.SAML4,cloudadmin@sanofi.com.doCDGC.prod,Phase 1,ACTIVE
62522,674459c7c15b061bf75f6559,PIN000000000GH,SAR441000_IND002,1L HNSCC w/PD1,HNSCC - SAR + anti-PD1,BG,Not Validated,Not Validated,10067821,L,MDM,2024-11-25 11:04:39.000,2025-04-12 05:50:44.000,Patrice.Darzens@sanofi.com.SAML4,cloudadmin@sanofi.com.doCDGC.prod,Phase 1,ACTIVE
62523,674459c7c15b061bf75f655b,PIN000000000GJ,SAR441236_IND001,HIV Treatment,HIV Treatment,BE,Stopped,Stopped inactive,10020161,J,MDM,2024-11-25 11:04:39.000,2025-04-12 05:50:43.000,Patrice.Darzens@sanofi.com.SAML4,cloudadmin@sanofi.com.doCDGC.prod,Phase 1,ACTIVE
62524,674459c7c15b061bf75f655d,PIN000000000GL,SAR441344_IND001,Sjogren's,Sjogren's Syndrome,BE,Stopped,Stopped active,10040767,M,MDM,2024-11-25 11:04:39.000,2025-12-20 06:50:59.000,Patrice.Darzens@sanofi.com.SAML4,cloudadmin@sanofi.com.doCDGC.prod,Phase 2A,ACTIVE
62525,674459c8c15b061bf75f66c3,PIN000000000GP,SAR441651_IND001,MLD,Metachromatic leukodystrophy,BF,Not Validated,Not Validated,10067609,N,MDM,2024-11-25 11:04:40.000,2025-04-12 05:51:08.000,Patrice.Darzens@sanofi.com.SAML4,cloudadmin@sanofi.com.doCDGC.prod,Preclinical,ACTIVE
62526,674459c8c15b061bf75f66c5,PIN000000000GR,SAR442085_IND002,RR-AML w/SAR444245+XC01152,Acute Myeloid Leukemia RR +Thor707+NK-KO - IV/SC,BG,Not Validated,Not Validated,10000880,L,MDM,2024-11-25 11:04:40.000,2025-04-12 05:50:57.000,Patrice.Darzens@sanofi.com.SAML4,cloudadmin@sanofi.com.doCDGC.prod,Phase 1,ACTIVE
62527,674459c8c15b061bf75f66c7,PIN000000000GT,SAR442085_IND004,1L+RR-ND MM w/Rd,Multiple Myeloma 1L+RR/ND +Rd - IV/SC,BG,Not Validated,Not Validated,10028228,L,MDM,2024-11-25 11:04:40.000,2025-04-12 05:50:33.000,Patrice.Darzens@sanofi.com.SAML4,cloudadmin@sanofi.com.doCDGC.prod,Phase 1,ACTIVE
62528,674459c8c15b061bf75f66c8,PIN000000000GU,SAR442168_IND001,PIRA,Relapsing Multiple Sclerosis,BF,Ongoing,Ongoing,10063399,N,MDM,2024-11-25 11:04:40.000,2026-01-15 08:25:28.000,Patrice.Darzens@sanofi.com.SAML4,cloudadmin@sanofi.com.doCDGC.prod,Regulatory submission,ACTIVE
62529,674459c8c15b061bf75f66c9,PIN000000000GV,SAR442168_IND002,PPMS,Primary Progressive Multiple Sclerosis,BF,Stopped,Stopped active,10063401,N,MDM,2024-11-25 11:04:40.000,2026-01-13 06:51:16.000,Patrice.Darzens@sanofi.com.SAML4,cloudadmin@sanofi.com.doCDGC.prod,Phase 3,ACTIVE
62530,674459c8c15b061bf75f66cc,PIN000000000GY,SAR442257_IND001,RRMM-Penta,Penta RRMM,BG,Stopped,Stopped active,10028228,L,MDM,2024-11-25 11:04:40.000,2025-04-12 05:51:10.000,Patrice.Darzens@sanofi.com.SAML4,cloudadmin@sanofi.com.doCDGC.prod,Phase 1,ACTIVE
62531,674459c8c15b061bf75f66cd,PIN000000000GZ,SAR442257_IND002,2L PCL,2L Plasma Cell Leukemia,BG,Not Validated,Not Validated,10024325,L,MDM,2024-11-25 11:04:40.000,2025-04-12 05:51:03.000,Patrice.Darzens@sanofi.com.SAML4,cloudadmin@sanofi.com.doCDGC.prod,Phase 1,ACTIVE
62532,674459c8c15b061bf75f66cf,PIN000000000H1,SAR442257_IND005,3L+RRMM w/CelMod-Dex,3L+ RRMM - Combo CelMod-Dex,BG,Not Validated,Not Validated,10028228,L,MDM,2024-11-25 11:04:40.000,2025-04-12 05:50:55.000,Patrice.Darzens@sanofi.com.SAML4,cloudadmin@sanofi.com.doCDGC.prod,Phase 1,ACTIVE
62533,674459c8c15b061bf75f66d1,PIN000000000H3,SAR442257_IND007,RR-DLBCL post CAR-T,R/R DLBCL Insufficient Responders Post-CAR-T,BG,Not Validated,Not Validated,10024325,L,MDM,2024-11-25 11:04:40.000,2025-04-12 05:50:55.000,Patrice.Darzens@sanofi.com.SAML4,cloudadmin@sanofi.com.doCDGC.prod,Phase 1,ACTIVE
62534,674459c8c15b061bf75f66d2,PIN000000000H4,SAR442402_IND001,Solid Tumors,Solid Tumors,BG,Stopped,Stopped inactive,10065252,L,MDM,2024-11-25 11:04:40.000,2025-12-24 06:51:04.000,Patrice.Darzens@sanofi.com.SAML4,cloudadmin@sanofi.com.doCDGC.prod,Preclinical,ACTIVE
62535,674459c8c15b061bf75f66d3,PIN000000000H5,SAR442501_IND001,Achondroplasia - Ped,Achondroplasia - Ped,BH,Stopped,Stopped active,10008723,M,MDM,2024-11-25 11:04:40.000,2025-06-06 05:50:49.000,Patrice.Darzens@sanofi.com.SAML4,cloudadmin@sanofi.com.doCDGC.prod,Phase 2,ACTIVE
62536,674459c8c15b061bf75f66d4,PIN000000000H6,SAR442720_IND002,1L NSCLC w/Soto,1L NSCLC - Combo Sotorasib,BG,Not Validated,Not Validated,10061873,L,MDM,2024-11-25 11:04:40.000,2025-04-12 05:51:10.000,Patrice.Darzens@sanofi.com.SAML4,cloudadmin@sanofi.com.doCDGC.prod,Phase 1,ACTIVE
62537,674459c8c15b061bf75f66d5,PIN000000000H7,SAR442720_IND003,NSCLC combo osimertinib,NSCLC - Combo Osimertinib,BG,Not Validated,Not Validated,10061873,L,MDM,2024-11-25 11:04:40.000,2025-04-12 05:51:04.000,Patrice.Darzens@sanofi.com.SAML4,cloudadmin@sanofi.com.doCDGC.prod,Phase 1,ACTIVE
62538,674459c8c15b061bf75f66da,PIN000000000HC,SAR443122_IND002,UC,Ulcerative Colitis,BE,Stopped,Stopped active,10009900,A,MDM,2024-11-25 11:04:40.000,2026-01-15 08:26:45.000,Patrice.Darzens@sanofi.com.SAML4,cloudadmin@sanofi.com.doCDGC.prod,Phase 2,ACTIVE
62539,674459c8c15b061bf75f66db,PIN000000000HD,SAR443122_IND003,COVID19,Acute Respiratory Diseases (COVID19),BE,Stopped,Stopped inactive,10053983,R,MDM,2024-11-25 11:04:40.000,2025-04-12 05:51:06.000,Patrice.Darzens@sanofi.com.SAML4,cloudadmin@sanofi.com.doCDGC.prod,Phase 1,ACTIVE
62540,674459c8c15b061bf75f66dc,PIN000000000HE,SAR443216_IND003,OS - Ped - CSR,Osteosarcoma - Ped,BG,Stopped,Stopped inactive,10006007,L,MDM,2024-11-25 11:04:40.000,2025-04-12 05:50:21.000,Patrice.Darzens@sanofi.com.SAML4,cloudadmin@sanofi.com.doCDGC.prod,Phase 1,ACTIVE
62541,674459c8c15b061bf75f66de,PIN000000000HG,SAR443579_IND001,2L AML - Mono,2L AML - Monotherapy,BG,Stopped,Stopped active,10000880,L,MDM,2024-11-25 11:04:40.000,2026-01-10 06:52:13.000,Patrice.Darzens@sanofi.com.SAML4,cloudadmin@sanofi.com.doCDGC.prod,Phase 1,ACTIVE
62542,674459c8c15b061bf75f66df,PIN000000000HH,SAR443579_IND002,1L AML w/Ven/Aza,1L AML - Combo Ven/Aza,BG,Stopped,Stopped active,10000880,L,MDM,2024-11-25 11:04:40.000,2025-12-19 06:51:01.000,Patrice.Darzens@sanofi.com.SAML4,cloudadmin@sanofi.com.doCDGC.prod,Phase 1,ACTIVE
62543,674459c8c15b061bf75f66e0,PIN000000000HI,SAR443579_IND004,2L AML w/SAR444245,2L AML - Combo SAR444245,BG,Not Validated,Not Validated,10000880,L,MDM,2024-11-25 11:04:40.000,2025-12-19 06:51:29.000,Patrice.Darzens@sanofi.com.SAML4,cloudadmin@sanofi.com.doCDGC.prod,Initiation,ACTIVE
62544,674459c8c15b061bf75f66e3,PIN000000000HL,SAR443765_IND001,Asthma – Severe,Asthma - Severe - Adult & Ped - 12-17 years,BE,Ongoing,Ongoing,10003553,R,MDM,2024-11-25 11:04:40.000,2025-11-28 06:50:53.000,Patrice.Darzens@sanofi.com.SAML4,cloudadmin@sanofi.com.doCDGC.prod,Phase 2,ACTIVE
62545,674459c8c15b061bf75f66e5,PIN000000000HN,SAR443765_IND004,AD,Atopic Dermatitis - Adult & Ped - 12-17 years,BE,Ongoing,Ongoing,10012438,D,MDM,2024-11-25 11:04:40.000,2026-01-24 06:49:55.000,Patrice.Darzens@sanofi.com.SAML4,cloudadmin@sanofi.com.doCDGC.prod,Phase 2,ACTIVE
62546,674459c8c15b061bf75f66e8,PIN000000000HQ,SAR444200_IND002,2-3L NSCLC - Mono,2/3L NSCLC - Mono,BG,Not Validated,Not Validated,10061873,L,MDM,2024-11-25 11:04:40.000,2025-04-12 05:50:56.000,Patrice.Darzens@sanofi.com.SAML4,cloudadmin@sanofi.com.doCDGC.prod,Initiation,ACTIVE
62547,674459c8c15b061bf75f66e9,PIN000000000HR,SAR444200_IND003,1L NSCLC - Combo,1L NSCLC - Combo,BG,Not Validated,Not Validated,10061873,L,MDM,2024-11-25 11:04:40.000,2025-04-12 05:50:37.000,Patrice.Darzens@sanofi.com.SAML4,cloudadmin@sanofi.com.doCDGC.prod,Initiation,ACTIVE
62548,674459c8c15b061bf75f66ea,PIN000000000HS,SAR444245_IND001,GI - Multicombo,Gastrointestinal - Multicombo,BG,Stopped,Stopped inactive,10017758,L,MDM,2024-11-25 11:04:40.000,2025-08-12 05:50:47.000,Patrice.Darzens@sanofi.com.SAML4,cloudadmin@sanofi.com.doCDGC.prod,Phase 2,ACTIVE
62549,674459c8c15b061bf75f66ec,PIN000000000HU,SAR444245_IND003,CSCC w/Cemip,Melanoma - CSCC - Combo Cemiplimab,BG,Stopped,Stopped active,10025650,L,MDM,2024-11-25 11:04:40.000,2025-04-19 05:53:22.000,Patrice.Darzens@sanofi.com.SAML4,cloudadmin@sanofi.com.doCDGC.prod,Phase 2,ACTIVE
62550,674459c8c15b061bf75f66ed,PIN000000000HV,SAR444245_IND004,H&N - Multicombo,Head and Neck - Multicombo,BG,Stopped,Stopped inactive,10067821,L,MDM,2024-11-25 11:04:40.000,2025-09-27 05:51:14.000,Patrice.Darzens@sanofi.com.SAML4,cloudadmin@sanofi.com.doCDGC.prod,Phase 2,ACTIVE
62551,674459c8c15b061bf75f66ee,PIN000000000HW,SAR444336_IND002,MC,Microscopic Colitis,BE,Ongoing,Ongoing,10056979,A,MDM,2024-11-25 11:04:40.000,2025-11-04 06:50:40.000,Patrice.Darzens@sanofi.com.SAML4,cloudadmin@sanofi.com.doCDGC.prod,Phase 2A,ACTIVE
62552,674459c8c15b061bf75f66ef,PIN000000000HX,SAR444419_IND001,RA,Rheumatoid Arthritis,BE,Stopped,Stopped inactive,10039073,RH,MDM,2024-11-25 11:04:40.000,2025-04-12 05:50:59.000,Patrice.Darzens@sanofi.com.SAML4,cloudadmin@sanofi.com.doCDGC.prod,Phase 1,ACTIVE
62553,674459c8c15b061bf75f66f1,PIN000000000HZ,SAR444632_IND001,,Huntington's disease,BF,Not Validated,Not Validated,10070668,N,MDM,2024-11-25 11:04:40.000,2025-04-12 05:50:17.000,Patrice.Darzens@sanofi.com.SAML4,cloudadmin@sanofi.com.doCDGC.prod,,ACTIVE
62554,674459c8c15b061bf75f66f2,PIN000000000I0,SAR444664_IND001,ALS,Amyotrophic Lateral Sclerosis,BF,Stopped,Stopped inactive,10002026,N,MDM,2024-11-25 11:04:40.000,2025-04-12 05:50:57.000,Patrice.Darzens@sanofi.com.SAML4,cloudadmin@sanofi.com.doCDGC.prod,Preclinical,ACTIVE
62555,674459c8c15b061bf75f6859,PIN000000000I5,SAR444671_IND008,wAIHA,Warm Autoimmune Hemolytic Anemia,BH,Ongoing,Ongoing,10087092,B,MDM,2024-11-25 11:04:40.000,2026-01-24 06:51:39.000,Patrice.Darzens@sanofi.com.SAML4,cloudadmin@sanofi.com.doCDGC.prod,Phase 3,ACTIVE
62556,674459c8c15b061bf75f685a,PIN000000000I6,SAR444671_IND010,HS,Hidradenitis Suppurativa,BE,To be Validated,To be Validated,10020041,D,MDM,2024-11-25 11:04:40.000,2026-01-17 06:52:03.000,Patrice.Darzens@sanofi.com.SAML4,cloudadmin@sanofi.com.doCDGC.prod,Initiation,ACTIVE
62557,674459c8c15b061bf75f685c,PIN000000000I8,SAR444836_IND001,PKU,Phenylketonuria - Adult & Ped - 12-17 years,BH,Stopped,Stopped active,10034872,H,MDM,2024-11-25 11:04:40.000,2025-08-23 05:51:52.000,Patrice.Darzens@sanofi.com.SAML4,cloudadmin@sanofi.com.doCDGC.prod,Phase 1,ACTIVE
62558,674459c8c15b061bf75f6860,PIN000000000IC,SAR445088_IND001,ITP,Immune Thrombocytopenic Purpura,BH,Stopped,Stopped inactive,10074667,B,MDM,2024-11-25 11:04:40.000,2025-10-15 05:52:09.000,Patrice.Darzens@sanofi.com.SAML4,cloudadmin@sanofi.com.doCDGC.prod,Phase 2,ACTIVE
62559,674459c8c15b061bf75f6861,PIN000000000ID,SAR445088_IND002,CAD,Cold Agglutinin Disease,BH,Stopped,Stopped active,10009868,B,MDM,2024-11-25 11:04:40.000,2025-10-15 05:52:16.000,Patrice.Darzens@sanofi.com.SAML4,cloudadmin@sanofi.com.doCDGC.prod,Phase 2,ACTIVE
62560,674459c8c15b061bf75f6862,PIN000000000IE,SAR445088_IND004,AMR,Antibody-Mediated Rejection,BT,Ongoing,Ongoing,10064683,L,MDM,2024-11-25 11:04:40.000,2025-11-04 06:50:43.000,Patrice.Darzens@sanofi.com.SAML4,cloudadmin@sanofi.com.doCDGC.prod,Phase 2,ACTIVE
62561,674459c8c15b061bf75f6863,PIN000000000IF,SAR445088_IND006,MG,Myasthenia Gravis,BF,Not Validated,Not Validated,10028417,N,MDM,2024-11-25 11:04:40.000,2025-10-15 05:52:19.000,Patrice.Darzens@sanofi.com.SAML4,cloudadmin@sanofi.com.doCDGC.prod,Phase 1,ACTIVE
62562,674459c8c15b061bf75f6864,PIN000000000IG,SAR445088_IND007,MMN,Multifocal Motor Neuropathy,BF,Not Validated,Not Validated,10065579,N,MDM,2024-11-25 11:04:40.000,2025-10-15 05:52:00.000,Patrice.Darzens@sanofi.com.SAML4,cloudadmin@sanofi.com.doCDGC.prod,Phase 1,ACTIVE
62563,674459c8c15b061bf75f6865,PIN000000000IH,SAR445136_IND002,,Beta Thalassemia,BI,Stopped,Stopped inactive,10054658,B,MDM,2024-11-25 11:04:40.000,2025-04-12 05:50:55.000,Patrice.Darzens@sanofi.com.SAML4,cloudadmin@sanofi.com.doCDGC.prod,Phase 1,ACTIVE
62564,674459c8c15b061bf75f6867,PIN000000000IJ,SAR445229_IND006,Celiac Disease,Celiac Disease,BE,Stopped,Stopped active,10007864,A,MDM,2024-11-25 11:04:40.000,2026-01-15 08:26:42.000,Patrice.Darzens@sanofi.com.SAML4,cloudadmin@sanofi.com.doCDGC.prod,Phase 2,ACTIVE
62565,674459c8c15b061bf75f6868,PIN000000000IK,SAR445229_IND007,UC,Ulcerative Colitis,BE,Not Validated,Not Validated,10009900,A,MDM,2024-11-25 11:04:40.000,2025-04-12 05:50:55.000,Patrice.Darzens@sanofi.com.SAML4,cloudadmin@sanofi.com.doCDGC.prod,Phase 1,ACTIVE
62566,674459c8c15b061bf75f686c,PIN000000000IO,SAR445338_IND001,FIDA,Anemia of Inflammation (Functional Iron Deficiency Anemia),BI,Stopped,Stopped inactive,10002034,B,MDM,2024-11-25 11:04:40.000,2025-04-12 05:50:37.000,Patrice.Darzens@sanofi.com.SAML4,cloudadmin@sanofi.com.doCDGC.prod,Preclinical,ACTIVE
62567,674459c8c15b061bf75f686d,PIN000000000IP,SAR445399_IND001,Bronchiectasis,Bronchiectasis,BE,Ongoing,Ongoing,10006445,R,MDM,2024-11-25 11:04:40.000,2025-10-15 05:52:19.000,Patrice.Darzens@sanofi.com.SAML4,cloudadmin@sanofi.com.doCDGC.prod,Initiation,ACTIVE
62568,674459c8c15b061bf75f686f,PIN000000000IR,SAR445419_IND005,AML - 1-25y,Acute Myeloid Leukemia- Adult & Ped- 1- 25 years,BG,Stopped,Stopped inactive,10000880,L,MDM,2024-11-25 11:04:40.000,2025-04-12 05:50:37.000,Patrice.Darzens@sanofi.com.SAML4,cloudadmin@sanofi.com.doCDGC.prod,Initiation,ACTIVE
62569,674459c8c15b061bf75f6870,PIN000000000IS,SAR445514_IND001,RRMM - 3x expo - Combo,RRMM Triple Exposed - Combo CelMod/SAR444245/dexamethasone,BG,Not Validated,Not Validated,10086466,L,MDM,2024-11-25 11:04:40.000,2025-04-12 05:51:06.000,Patrice.Darzens@sanofi.com.SAML4,cloudadmin@sanofi.com.doCDGC.prod,Initiation,ACTIVE
62570,674459c8c15b061bf75f6871,PIN000000000IT,SAR445514_IND006,1-3L RRMM w/NK Cell,1-3L RRMM Combo NK Cell,BG,Not Validated,Not Validated,10086466,L,MDM,2024-11-25 11:04:40.000,2025-04-12 05:50:59.000,Patrice.Darzens@sanofi.com.SAML4,cloudadmin@sanofi.com.doCDGC.prod,Initiation,ACTIVE
62571,674459c8c15b061bf75f6872,PIN000000000IU,SAR445514_IND008,SLE,Systemic lupus erythematosus,BE,Stopped,Stopped active,10042945,M,MDM,2024-11-25 11:04:40.000,2026-01-23 06:51:17.000,Patrice.Darzens@sanofi.com.SAML4,cloudadmin@sanofi.com.doCDGC.prod,Phase 1,ACTIVE
62572,674459c8c15b061bf75f6874,PIN000000000IW,SAR445710_IND002,RCC w/pembro,RCC - Combo pembrolizumab,BG,Not Validated,Not Validated,10038389,L,MDM,2024-11-25 11:04:40.000,2025-08-20 05:51:03.000,Patrice.Darzens@sanofi.com.SAML4,cloudadmin@sanofi.com.doCDGC.prod,Phase 1,ACTIVE
62573,674459c8c15b061bf75f6875,PIN000000000IX,SAR445761_IND002,CLAD,Chronic Lung Allograft Dysfunction,BT,Ongoing,Ongoing,10089357,R,MDM,2024-11-25 11:04:40.000,2025-12-18 06:51:20.000,Patrice.Darzens@sanofi.com.SAML4,cloudadmin@sanofi.com.doCDGC.prod,Phase 3,ACTIVE
62574,674459c8c15b061bf75f6876,PIN000000000IY,SAR445761_IND003,1L cGvHD,1L Chronic Graft versus Host Disease,BT,Stopped,Stopped active,10018651,L,MDM,2024-11-25 11:04:40.000,2026-01-20 06:54:04.000,Patrice.Darzens@sanofi.com.SAML4,cloudadmin@sanofi.com.doCDGC.prod,Phase 3,ACTIVE
62575,674459c8c15b061bf75f6877,PIN000000000IZ,SAR445761_IND004,3L cGvHD – Ped,3L Chronic Graft versus Host Disease - Ped - 1-17 years,BT,Ongoing,Ongoing,10018651,L,MDM,2024-11-25 11:04:40.000,2026-01-23 06:50:54.000,Patrice.Darzens@sanofi.com.SAML4,cloudadmin@sanofi.com.doCDGC.prod,Phase 2,ACTIVE
62576,674459c8c15b061bf75f687a,PIN000000000J2,SAR445794_IND001,ADPKD,Autosomal Dominant Polycystic Kidney Disease (ADPKD),BH,Stopped,Stopped inactive,10036046,U,MDM,2024-11-25 11:04:40.000,2025-04-12 05:50:46.000,Patrice.Darzens@sanofi.com.SAML4,cloudadmin@sanofi.com.doCDGC.prod,Phase 2B,ACTIVE
62577,674459c8c15b061bf75f687c,PIN000000000J4,SAR445953_IND001,3L CRC - Combo,3L Colorectal Cancer - Combo,BG,Ongoing,Ongoing,10061451,L,MDM,2024-11-25 11:04:40.000,2025-12-19 06:51:37.000,Patrice.Darzens@sanofi.com.SAML4,cloudadmin@sanofi.com.doCDGC.prod,Phase 1,ACTIVE
62578,674459c8c15b061bf75f687d,PIN000000000J5,SAR445953_IND004,1L nsqNSCLC w/Pembro,1L nsqNSCLC - Combo pembro,BG,To be Validated,To be Validated,10061873,L,MDM,2024-11-25 11:04:40.000,2026-01-13 06:51:43.000,Patrice.Darzens@sanofi.com.SAML4,cloudadmin@sanofi.com.doCDGC.prod,Initiation,ACTIVE
62579,674459c8c15b061bf75f687f,PIN000000000J7,SAR445953_IND006,2L+ GC/GEJ - Mono,2L+ Gastric Cancer/GEJ - Mono,BG,To be Validated,To be Validated,10017758,L,MDM,2024-11-25 11:04:40.000,2025-11-13 06:50:12.000,Patrice.Darzens@sanofi.com.SAML4,cloudadmin@sanofi.com.doCDGC.prod,Initiation,ACTIVE
62580,674459c8c15b061bf75f6880,PIN000000000J8,SAR445953_IND011,2L sqNSCLC - Mono,2L sqNSCLC - Mono,BG,Not Validated,Not Validated,10061873,L,MDM,2024-11-25 11:04:40.000,2025-10-09 05:51:31.000,Patrice.Darzens@sanofi.com.SAML4,cloudadmin@sanofi.com.doCDGC.prod,Initiation,ACTIVE
62581,674459c8c15b061bf75f6882,PIN000000000JA,SAR446020_IND001,CSU,Chronic Spontaneous Urticaria,BE,Not Validated,Not Validated,10072757,D,MDM,2024-11-25 11:04:40.000,2025-04-12 05:50:42.000,Patrice.Darzens@sanofi.com.SAML4,cloudadmin@sanofi.com.doCDGC.prod,Pre-candidate,ACTIVE
62582,674459cec15b061bf75f79d8,PIN000000000YE,POLY_BN_INDIC_OTHERS,,Indication for Others file,BN,,,,,MDM,2024-11-25 11:04:46.000,2025-04-12 05:50:24.000,Patrice.Darzens@sanofi.com.SAML4,cloudadmin@sanofi.com.doCDGC.prod,,ACTIVE
62583,674459cec15b061bf75f79db,PIN000000000YH,PO_GEM_LA40220_INDIC_OTHERS,,Indication for Others file,HB,,,10015037,N,MDM,2024-11-25 11:04:46.000,2025-12-03 08:29:03.000,Patrice.Darzens@sanofi.com.SAML4,cloudadmin@sanofi.com.doCDGC.prod,,ACTIVE
62584,674459cec15b061bf75f79dc,PIN000000000YI,RC00701_INDIC_OTHERS,,Indication for Others file,CL,,,,,MDM,2024-11-25 11:04:46.000,2025-04-12 05:50:54.000,Patrice.Darzens@sanofi.com.SAML4,cloudadmin@sanofi.com.doCDGC.prod,,ACTIVE
62585,674459cec15b061bf75f79de,PIN000000000YK,RC01081_INDIC_OTHERS,,Indication for Others file,CH,,,,,MDM,2024-11-25 11:04:46.000,2025-04-12 05:50:57.000,Patrice.Darzens@sanofi.com.SAML4,cloudadmin@sanofi.com.doCDGC.prod,,ACTIVE
62586,674459cec15b061bf75f79df,PIN000000000YL,RC01120_INDIC_OTHERS,,Cancer Cell dependencies Target valid-credent,CI,,,,,MDM,2024-11-25 11:04:46.000,2025-09-16 05:52:39.000,Patrice.Darzens@sanofi.com.SAML4,cloudadmin@sanofi.com.doCDGC.prod,,ACTIVE
62587,674459cec15b061bf75f79e3,PIN000000000YP,RC01194_INDIC_OTHERS,,Type 1/17 multi-specific mAbs,CF,,,,,MDM,2024-11-25 11:04:46.000,2025-04-12 05:50:55.000,Patrice.Darzens@sanofi.com.SAML4,cloudadmin@sanofi.com.doCDGC.prod,,ACTIVE
62588,674459cfc15b061bf75f7b46,PIN000000000YQ,RC01200_INDIC_OTHERS,,Indication for Others file,CH,Stopped,Stopped inactive,,,MDM,2024-11-25 11:04:47.000,2025-04-12 05:50:35.000,Patrice.Darzens@sanofi.com.SAML4,cloudadmin@sanofi.com.doCDGC.prod,,ACTIVE
62589,674459cfc15b061bf75f7b47,PIN000000000YR,RC01201_INDIC_OTHERS,,Inhibition of SPTLC1,CH,Stopped,Stopped inactive,,,MDM,2024-11-25 11:04:47.000,2025-04-12 05:51:04.000,Patrice.Darzens@sanofi.com.SAML4,cloudadmin@sanofi.com.doCDGC.prod,,ACTIVE
62590,674459cfc15b061bf75f7b48,PIN000000000YS,RC01202_INDIC_OTHERS,,Indication for Others file,CH,Stopped,Stopped inactive,,,MDM,2024-11-25 11:04:47.000,2024-11-25 11:04:47.000,Patrice.Darzens@sanofi.com.SAML4,Patrice.Darzens@sanofi.com.SAML4,,ACTIVE
62591,674459cfc15b061bf75f7b49,PIN000000000YT,RC01203_INDIC_OTHERS,,Indication for Others file,CH,Stopped,Stopped inactive,,,MDM,2024-11-25 11:04:47.000,2025-04-12 05:50:35.000,Patrice.Darzens@sanofi.com.SAML4,cloudadmin@sanofi.com.doCDGC.prod,,ACTIVE
62592,674459cfc15b061bf75f7b4a,PIN000000000YU,RC01213_INDIC_OTHERS,,Precision Immunology Exploratory Research,CF,Stopped,Stopped inactive,,,MDM,2024-11-25 11:04:47.000,2025-04-12 05:51:10.000,Patrice.Darzens@sanofi.com.SAML4,cloudadmin@sanofi.com.doCDGC.prod,,ACTIVE
62593,674459cfc15b061bf75f7b4b,PIN000000000YV,RC01214_INDIC_OTHERS,,Autoimmunity & Type 1 Diabetes Exploratory Research,CF,,,,,MDM,2024-11-25 11:04:47.000,2025-04-12 05:50:33.000,Patrice.Darzens@sanofi.com.SAML4,cloudadmin@sanofi.com.doCDGC.prod,,ACTIVE
62594,674459cfc15b061bf75f7b4c,PIN000000000YW,RC01215_INDIC_OTHERS,,Type 2 Inflammation & Fibrosis Exploratory Research,CF,,,,,MDM,2024-11-25 11:04:47.000,2025-04-12 05:50:17.000,Patrice.Darzens@sanofi.com.SAML4,cloudadmin@sanofi.com.doCDGC.prod,,ACTIVE
62595,674459cfc15b061bf75f7b4e,PIN000000000YY,RC01223_INDIC_OTHERS,,Indication for Others file,CL,,,,,MDM,2024-11-25 11:04:47.000,2025-04-12 05:50:44.000,Patrice.Darzens@sanofi.com.SAML4,cloudadmin@sanofi.com.doCDGC.prod,,ACTIVE
62596,674459cfc15b061bf75f7b51,PIN000000000Z1,RC01286_INDIC_OTHERS,,Indication for Others file,CF,Stopped,Stopped inactive,,,MDM,2024-11-25 11:04:47.000,2025-04-12 05:50:26.000,Patrice.Darzens@sanofi.com.SAML4,cloudadmin@sanofi.com.doCDGC.prod,,ACTIVE
62597,674459cfc15b061bf75f7b52,PIN000000000Z2,RC01290_INDIC_OTHERS,,Indication for Others file,CF,Stopped,Stopped active,,,MDM,2024-11-25 11:04:47.000,2025-04-12 05:50:49.000,Patrice.Darzens@sanofi.com.SAML4,cloudadmin@sanofi.com.doCDGC.prod,,ACTIVE
62598,674459cfc15b061bf75f7b53,PIN000000000Z3,RC01298_INDIC_OTHERS,,AAV-RNAi MAPT Reduction,CO,Stopped,Stopped inactive,,,MDM,2024-11-25 11:04:47.000,2025-04-12 05:50:52.000,Patrice.Darzens@sanofi.com.SAML4,cloudadmin@sanofi.com.doCDGC.prod,,ACTIVE
62599,674459cfc15b061bf75f7b54,PIN000000000Z4,RC01301_INDIC_OTHERS,,Hemophilia and Next Gen Biologics Exploratory Research,CJ,,,,,MDM,2024-11-25 11:04:47.000,2025-04-12 05:50:44.000,Patrice.Darzens@sanofi.com.SAML4,cloudadmin@sanofi.com.doCDGC.prod,,ACTIVE
62600,674459cfc15b061bf75f7b59,PIN000000000Z9,RC01314_INDIC_OTHERS,,Indication for Others file,CF,Stopped,Stopped inactive,,,MDM,2024-11-25 11:04:47.000,2025-04-12 05:50:28.000,Patrice.Darzens@sanofi.com.SAML4,cloudadmin@sanofi.com.doCDGC.prod,,ACTIVE
62601,674459cfc15b061bf75f7b5b,PIN000000000ZB,RC01317_INDIC_OTHERS,,Indication for Others file,CO,Stopped,Stopped inactive,,,MDM,2024-11-25 11:04:47.000,2025-04-12 05:50:21.000,Patrice.Darzens@sanofi.com.SAML4,cloudadmin@sanofi.com.doCDGC.prod,,ACTIVE
62602,674459cfc15b061bf75f7b5c,PIN000000000ZC,RC01318_INDIC_OTHERS,,Indication for Others file,CI,Ongoing,Ongoing,,,MDM,2024-11-25 11:04:47.000,2025-04-12 05:51:08.000,Patrice.Darzens@sanofi.com.SAML4,cloudadmin@sanofi.com.doCDGC.prod,,ACTIVE
62603,674459cfc15b061bf75f7b60,PIN000000000ZG,RC01325_INDIC_OTHERS,,Indication for Others file,CO,Stopped,Stopped inactive,,,MDM,2024-11-25 11:04:47.000,2026-01-13 06:50:54.000,Patrice.Darzens@sanofi.com.SAML4,cloudadmin@sanofi.com.doCDGC.prod,,ACTIVE
62604,674459cfc15b061bf75f7b66,PIN000000000ZM,RC01335_INDIC_OTHERS,,Indication for Others file,CI,,,,,MDM,2024-11-25 11:04:47.000,2025-04-12 05:51:04.000,Patrice.Darzens@sanofi.com.SAML4,cloudadmin@sanofi.com.doCDGC.prod,,ACTIVE
62605,674459cfc15b061bf75f7b6d,PIN000000000ZT,RC01345_IND001,,Indication for Others file,CF,,,,,MDM,2024-11-25 11:04:47.000,2025-12-18 06:50:52.000,Patrice.Darzens@sanofi.com.SAML4,cloudadmin@sanofi.com.doCDGC.prod,,ACTIVE
62606,674459cfc15b061bf75f7b6e,PIN000000000ZU,RC01347_IND001,,Indication for Others file,CI,,,,,MDM,2024-11-25 11:04:47.000,2025-06-17 05:49:59.000,Patrice.Darzens@sanofi.com.SAML4,cloudadmin@sanofi.com.doCDGC.prod,,ACTIVE
62607,674459cfc15b061bf75f7b6f,PIN000000000ZV,RC01349_IND001,,Indication for Others file,CO,Ongoing,Ongoing,,,MDM,2024-11-25 11:04:47.000,2026-01-13 06:50:31.000,Patrice.Darzens@sanofi.com.SAML4,cloudadmin@sanofi.com.doCDGC.prod,,ACTIVE
62608,674459cfc15b061bf75f7b70,PIN000000000ZW,RP_CC_INDIC_OTHERS,,Indication for Others file,CC,Stopped,Stopped inactive,,,MDM,2024-11-25 11:04:47.000,2025-04-12 05:51:04.000,Patrice.Darzens@sanofi.com.SAML4,cloudadmin@sanofi.com.doCDGC.prod,,ACTIVE
62609,674459cfc15b061bf75f7b72,PIN000000000ZY,RP_CF_INDIC_OTHERS,,Indication for Others file,CF,,,,,MDM,2024-11-25 11:04:47.000,2025-04-12 05:50:52.000,Patrice.Darzens@sanofi.com.SAML4,cloudadmin@sanofi.com.doCDGC.prod,,ACTIVE
62610,674459cfc15b061bf75f7b74,PIN00000000100,RP_CI_INDIC_OTHERS,,Indication for Others file,CI,,,,,MDM,2024-11-25 11:04:47.000,2025-04-12 05:51:06.000,Patrice.Darzens@sanofi.com.SAML4,cloudadmin@sanofi.com.doCDGC.prod,,ACTIVE
62611,674459cfc15b061bf75f7b77,PIN00000000103,RP_CN_INDIC_OTHERS,,Indication for Others file,CN,Stopped,Stopped inactive,,,MDM,2024-11-25 11:04:47.000,2025-04-12 05:51:03.000,Patrice.Darzens@sanofi.com.SAML4,cloudadmin@sanofi.com.doCDGC.prod,,ACTIVE
62612,674459cfc15b061bf75f7cda,PIN00000000104,RP_HF_INDIC_OTHERS,,Indication for Others file,HF,,,,,MDM,2024-11-25 11:04:47.000,2025-04-12 05:50:51.000,Patrice.Darzens@sanofi.com.SAML4,cloudadmin@sanofi.com.doCDGC.prod,,ACTIVE
62613,674459cfc15b061bf75f7ce1,PIN0000000010B,SAN_PO_BIH2448_INDIC_OTHERS,,Indication for Others file,HB,,,,,MDM,2024-11-25 11:04:47.000,2025-04-12 05:50:33.000,Patrice.Darzens@sanofi.com.SAML4,cloudadmin@sanofi.com.doCDGC.prod,,ACTIVE
62614,674459cfc15b061bf75f7ce4,PIN0000000010E,SAN_PO_DBC2202001_IND050,,Type 2 Diabete,HB,Ongoing,Ongoing,10067585,V,MDM,2024-11-25 11:04:47.000,2025-04-12 05:50:30.000,Patrice.Darzens@sanofi.com.SAML4,cloudadmin@sanofi.com.doCDGC.prod,,ACTIVE
62615,674459cfc15b061bf75f7ce6,PIN0000000010G,SAN_PO_EXT1036A_IND050,,Hypercholesterolemia,HB,Ongoing,Ongoing,10020603,A,MDM,2024-11-25 11:04:47.000,2025-04-12 05:51:03.000,Patrice.Darzens@sanofi.com.SAML4,cloudadmin@sanofi.com.doCDGC.prod,,ACTIVE
62616,674459cfc15b061bf75f7ceb,PIN0000000010L,SAN_PO_GZ437843_INDIC_OTHERS,,Indication for Others file,HB,,,,,MDM,2024-11-25 11:04:47.000,2025-04-12 05:50:28.000,Patrice.Darzens@sanofi.com.SAML4,cloudadmin@sanofi.com.doCDGC.prod,,ACTIVE
62617,674459cfc15b061bf75f7ced,PIN0000000010N,SAN_PO_HOE490O_INDIC_OTHERS,,Indication for Others file,HB,,,,,MDM,2024-11-25 11:04:47.000,2025-04-12 05:51:01.000,Patrice.Darzens@sanofi.com.SAML4,cloudadmin@sanofi.com.doCDGC.prod,,ACTIVE
62618,674459cfc15b061bf75f7cef,PIN0000000010P,SAN_PO_IPI145_INDIC_OTHERS,,Indication for Others file,HB,,,,,MDM,2024-11-25 11:04:47.000,2025-04-12 05:51:06.000,Patrice.Darzens@sanofi.com.SAML4,cloudadmin@sanofi.com.doCDGC.prod,,ACTIVE
62619,674459cfc15b061bf75f7cf1,PIN0000000010R,SAN_PO_M000507_INDIC_OTHERS,,Indication for Others file,HB,,,,,MDM,2024-11-25 11:04:47.000,2025-04-12 05:50:17.000,Patrice.Darzens@sanofi.com.SAML4,cloudadmin@sanofi.com.doCDGC.prod,,ACTIVE
62620,674459cfc15b061bf75f7cf3,PIN0000000010T,SAN_PO_M01202002_IND051,,Rhumatoïd arthritis,HB,Ongoing,Ongoing,10039073,RH,MDM,2024-11-25 11:04:47.000,2025-04-12 05:50:28.000,Patrice.Darzens@sanofi.com.SAML4,cloudadmin@sanofi.com.doCDGC.prod,,ACTIVE
62621,674459cfc15b061bf75f7cf4,PIN0000000010U,SAN_PO_M018257_IND050,,Diabetes (Type 1 and Type 2),HB,Ongoing,Ongoing,10012594,A,MDM,2024-11-25 11:04:47.000,2025-04-12 05:50:57.000,Patrice.Darzens@sanofi.com.SAML4,cloudadmin@sanofi.com.doCDGC.prod,,ACTIVE
62622,674459cfc15b061bf75f7cf6,PIN0000000010W,SAN_PO_NC0246_INDIC_OTHERS,,Indication for Others file,HB,,,10061664,A,MDM,2024-11-25 11:04:47.000,2025-04-12 05:50:33.000,Patrice.Darzens@sanofi.com.SAML4,cloudadmin@sanofi.com.doCDGC.prod,,ACTIVE
62623,674459cfc15b061bf75f7cf7,PIN0000000010X,SAN_PO_OTHER_D_IND050,,Type 2 Diabetes,HB,Ongoing,Ongoing,10067585,A,MDM,2024-11-25 11:04:47.000,2025-04-12 05:51:04.000,Patrice.Darzens@sanofi.com.SAML4,cloudadmin@sanofi.com.doCDGC.prod,,ACTIVE
62624,674459cfc15b061bf75f7cf8,PIN0000000010Y,SAN_PO_OTHER_D_INDIC_OTHERS,,Indication for Others file,HB,,,NA00000000,V,MDM,2024-11-25 11:04:47.000,2025-11-07 06:50:35.000,Patrice.Darzens@sanofi.com.SAML4,cloudadmin@sanofi.com.doCDGC.prod,,ACTIVE
62625,674459cfc15b061bf75f7cf9,PIN0000000010Z,SAN_PO_RP19583C_IND050,,Inflammation,HB,Completed,Completed inactive,10061218,A,MDM,2024-11-25 11:04:47.000,2025-04-12 05:51:02.000,Patrice.Darzens@sanofi.com.SAML4,cloudadmin@sanofi.com.doCDGC.prod,,ACTIVE
62626,674459cfc15b061bf75f7cfd,PIN00000000113,SAN_PO_RSP202001_IND050,,Rhinitis,HB,Ongoing,Ongoing,10039085,R,MDM,2024-11-25 11:04:47.000,2025-04-12 05:50:50.000,Patrice.Darzens@sanofi.com.SAML4,cloudadmin@sanofi.com.doCDGC.prod,,ACTIVE
62627,674459cfc15b061bf75f7d00,PIN00000000116,SAN_PO_SAR437613_IND050,,Malaria,HB,Ongoing,Ongoing,10025487,P,MDM,2024-11-25 11:04:47.000,2025-04-12 05:51:01.000,Patrice.Darzens@sanofi.com.SAML4,cloudadmin@sanofi.com.doCDGC.prod,,ACTIVE
62628,674459cfc15b061bf75f7d02,PIN00000000118,SAN_PO_SH1053_IND051,,Cardiovascular disorder,HB,Ongoing,Ongoing,10007649,C,MDM,2024-11-25 11:04:47.000,2025-04-12 05:50:42.000,Patrice.Darzens@sanofi.com.SAML4,cloudadmin@sanofi.com.doCDGC.prod,,ACTIVE
62629,674459cfc15b061bf75f7d04,PIN0000000011A,SAN_PO_SR25990_INDIC_OTHERS,,Atherothrombosis,HB,,,10067651,C,MDM,2024-11-25 11:04:47.000,2025-09-10 05:53:00.000,Patrice.Darzens@sanofi.com.SAML4,cloudadmin@sanofi.com.doCDGC.prod,,ACTIVE
62630,674459cfc15b061bf75f7d06,PIN0000000011C,SAN_PO_SR29142_INDIC_OTHERS,,Indication for Others file,HB,,,,,MDM,2024-11-25 11:04:47.000,2025-04-12 05:51:03.000,Patrice.Darzens@sanofi.com.SAML4,cloudadmin@sanofi.com.doCDGC.prod,,ACTIVE
62631,674459cfc15b061bf75f7d09,PIN0000000011F,SAN_PO_SR47436A_IND051,,Arterial hypertension,HB,Ongoing,Ongoing,10020772,C,MDM,2024-11-25 11:04:47.000,2025-04-12 05:50:52.000,Patrice.Darzens@sanofi.com.SAML4,cloudadmin@sanofi.com.doCDGC.prod,,ACTIVE
62632,674459cfc15b061bf75f7d0a,PIN0000000011G,SAN_PO_SR47436A_IND052,,Hypertensive nephropathy,HB,Ongoing,Ongoing,10055171,C,MDM,2024-11-25 11:04:47.000,2025-04-12 05:50:52.000,Patrice.Darzens@sanofi.com.SAML4,cloudadmin@sanofi.com.doCDGC.prod,,ACTIVE
62633,674459cfc15b061bf75f7e6f,PIN0000000011J,SAN_PO_SR96669_IND050,,Cancer,HB,Ongoing,Ongoing,10007050,L,MDM,2024-11-25 11:04:47.000,2025-08-26 05:52:50.000,Patrice.Darzens@sanofi.com.SAML4,cloudadmin@sanofi.com.doCDGC.prod,,ACTIVE
62634,674459cfc15b061bf75f7e70,PIN0000000011K,SAN_PO_XRP6258_INDIC_OTHERS,,Indication for Others file,HB,,,10060862,L,MDM,2024-11-25 11:04:47.000,2025-12-16 06:50:20.000,Patrice.Darzens@sanofi.com.SAML4,cloudadmin@sanofi.com.doCDGC.prod,,ACTIVE
62635,674459cfc15b061bf75f7e73,PIN0000000011N,SAN_PO_Z0026_IND050,,Anxiety disorder,HB,Stopped,Stopped inactive,10057666,N,MDM,2024-11-25 11:04:47.000,2025-04-12 05:50:51.000,Patrice.Darzens@sanofi.com.SAML4,cloudadmin@sanofi.com.doCDGC.prod,,ACTIVE
62636,674459cfc15b061bf75f7e75,PIN0000000011P,SAN_PO_Z0930_INDIC_OTHERS,,Indication for Others file,HB,,,,,MDM,2024-11-25 11:04:47.000,2025-04-12 05:51:02.000,Patrice.Darzens@sanofi.com.SAML4,cloudadmin@sanofi.com.doCDGC.prod,,ACTIVE
62637,674459cfc15b061bf75f7e76,PIN0000000011Q,SAR153191_IND003,PMR,Polymyalgia Rheumatic,BE,Completed,Completed active,10036099,M,MDM,2024-11-25 11:04:47.000,2025-12-11 06:52:11.000,Patrice.Darzens@sanofi.com.SAML4,cloudadmin@sanofi.com.doCDGC.prod,LCM,ACTIVE
62638,674459cfc15b061bf75f7e77,PIN0000000011R,SAR153191_IND006,RA - E-PFS & AI - EU,Rheumatoid Arthritis  EU E-PFS & Auto Injector (E-PFS & AI),BE,Completed,Completed active,10039073,RH,MDM,2024-11-25 11:04:47.000,2025-04-26 05:53:04.000,Patrice.Darzens@sanofi.com.SAML4,cloudadmin@sanofi.com.doCDGC.prod,LCM,ACTIVE
62639,674459cfc15b061bf75f7e78,PIN0000000011S,SAR153191_IND007,,Rheumatoid Arthritis - Japan,BE,Completed,Completed inactive,10039073,RH,MDM,2024-11-25 11:04:47.000,2025-12-03 08:28:27.000,Patrice.Darzens@sanofi.com.SAML4,cloudadmin@sanofi.com.doCDGC.prod,LCM,ACTIVE
62640,674459cfc15b061bf75f7e7b,PIN0000000011V,SAR153191_IND011,,Rheumatoid Arthritis - China,BE,Stopped,Stopped inactive,10039073,RH,MDM,2024-11-25 11:04:47.000,2025-04-12 05:51:04.000,Patrice.Darzens@sanofi.com.SAML4,cloudadmin@sanofi.com.doCDGC.prod,,ACTIVE
62641,674459cfc15b061bf75f7e7c,PIN0000000011W,SAR153191_IND013,RA - JP,Rheumatoid Arthritis - Japan,BE,Stopped,Stopped inactive,10039073,RH,MDM,2024-11-25 11:04:47.000,2025-04-12 05:51:09.000,Patrice.Darzens@sanofi.com.SAML4,cloudadmin@sanofi.com.doCDGC.prod,,ACTIVE
62642,674459cfc15b061bf75f7e80,PIN00000000120,SAR156597_IND001,SS,Systemic Scleroderma,BE,Stopped,Stopped inactive,10042953,RH,MDM,2024-11-25 11:04:47.000,2025-04-12 05:50:58.000,Patrice.Darzens@sanofi.com.SAML4,cloudadmin@sanofi.com.doCDGC.prod,Phase 2A,ACTIVE
62643,674459cfc15b061bf75f7e85,PIN00000000125,SAR231893_IND009,Asthma - Adult & Ped - CN,Asthma - Adult & Ped - 12-17 years - China and EU Var,BE,Completed,Completed active,10003553,R,MDM,2024-11-25 11:04:47.000,2026-01-15 08:25:16.000,Patrice.Darzens@sanofi.com.SAML4,cloudadmin@sanofi.com.doCDGC.prod,LCM,ACTIVE
62644,674459cfc15b061bf75f7e86,PIN00000000126,SAR231893_IND010,COPD,Chronic Obstructive Pulmonary Disease,BE,Completed,Completed active,10009033,R,MDM,2024-11-25 11:04:47.000,2026-01-15 08:26:28.000,Patrice.Darzens@sanofi.com.SAML4,cloudadmin@sanofi.com.doCDGC.prod,LCM,ACTIVE
62645,674459cfc15b061bf75f7e8a,PIN0000000012A,SAR231893_IND021,CIndU,Chronic Inducible Urticaria - Adult & Ped - 12-17 years,BE,Stopped,Stopped inactive,10052568,D,MDM,2024-11-25 11:04:47.000,2025-04-12 05:51:02.000,Patrice.Darzens@sanofi.com.SAML4,cloudadmin@sanofi.com.doCDGC.prod,Phase 3,ACTIVE
62646,674459cfc15b061bf75f7e8b,PIN0000000012B,SAR231893_IND025,UC,Ulcerative Colitis,BE,Stopped,Stopped active,10009900,A,MDM,2024-11-25 11:04:47.000,2026-01-20 06:52:30.000,Patrice.Darzens@sanofi.com.SAML4,cloudadmin@sanofi.com.doCDGC.prod,Phase 2,ACTIVE
62647,674459cfc15b061bf75f7e8c,PIN0000000012C,SAR231893_IND026,EoG/EoD,Eosinophilic Gastritis with or without Eosinophilic Duodenitis,BE,Stopped,Stopped active,10017902,A,MDM,2024-11-25 11:04:47.000,2025-10-03 05:51:07.000,Patrice.Darzens@sanofi.com.SAML4,cloudadmin@sanofi.com.doCDGC.prod,Phase 3,ACTIVE
62648,674459cfc15b061bf75f7e8d,PIN0000000012D,SAR231893_IND033,,Atopic Dermatitis - Ped - Age 6 months-2 years,BE,Stopped,Stopped inactive,,,MDM,2024-11-25 11:04:47.000,2025-04-12 05:50:37.000,Patrice.Darzens@sanofi.com.SAML4,cloudadmin@sanofi.com.doCDGC.prod,,ACTIVE
62649,674459cfc15b061bf75f7e8e,PIN0000000012E,SAR231893_IND035,,Atopic Dermatitis - Adolescent - Maintenance Treatment,BE,Stopped,Stopped inactive,,,MDM,2024-11-25 11:04:47.000,2025-04-12 05:50:33.000,Patrice.Darzens@sanofi.com.SAML4,cloudadmin@sanofi.com.doCDGC.prod,,ACTIVE
62650,674459cfc15b061bf75f7e8f,PIN0000000012F,SAR231893_IND036,,Atopic Dermatitis - Ped - Maintenance Treatment,BE,Stopped,Stopped inactive,,,MDM,2024-11-25 11:04:47.000,2025-04-12 05:50:49.000,Patrice.Darzens@sanofi.com.SAML4,cloudadmin@sanofi.com.doCDGC.prod,,ACTIVE
62651,674459cfc15b061bf75f7e90,PIN0000000012G,SAR231893_IND038,,Chronic Allergic Contact Dermatitis,BE,Stopped,Stopped inactive,,,MDM,2024-11-25 11:04:47.000,2026-01-08 07:10:11.000,Patrice.Darzens@sanofi.com.SAML4,cloudadmin@sanofi.com.doCDGC.prod,,ACTIVE
62652,674459cfc15b061bf75f7e91,PIN0000000012H,SAR236553_IND003,,LDL-C reduction - APAC (KR+TW),BJ,Completed,Completed inactive,10020603,C,MDM,2024-11-25 11:04:47.000,2025-04-12 05:50:37.000,Patrice.Darzens@sanofi.com.SAML4,cloudadmin@sanofi.com.doCDGC.prod,LCM,ACTIVE
62653,674459cfc15b061bf75f7e94,PIN0000000012K,SAR236553_IND008,LDL-C reduc - CN,LDL-C reduction China,BJ,Completed,Completed active,10020603,C,MDM,2024-11-25 11:04:47.000,2025-10-31 06:51:39.000,Patrice.Darzens@sanofi.com.SAML4,cloudadmin@sanofi.com.doCDGC.prod,LCM,ACTIVE
62654,674459cfc15b061bf75f7e95,PIN0000000012L,SAR236553_IND009,LDL-C reduc - 300mg Q4W - CN&AU,China 300 mg Q4W & Sydney,BJ,Stopped,Stopped inactive,10020603,C,MDM,2024-11-25 11:04:47.000,2025-04-12 05:51:08.000,Patrice.Darzens@sanofi.com.SAML4,cloudadmin@sanofi.com.doCDGC.prod,Phase 1,ACTIVE
62655,674459cfc15b061bf75f7e97,PIN0000000012N,SAR236553_IND014,,Apheresis,BH,Stopped,Stopped inactive,10061653,,MDM,2024-11-25 11:04:47.000,2025-04-12 05:50:39.000,Patrice.Darzens@sanofi.com.SAML4,cloudadmin@sanofi.com.doCDGC.prod,,ACTIVE
62656,674459c3c15b061bf75f5a26,PIN0000000005O,LC81317_IND004,Huntington,Huntington's Disease,CH,Ongoing,Ongoing,10070668,,MDM,2024-11-25 11:04:35.000,2025-11-13 06:50:41.000,Patrice.Darzens@sanofi.com.SAML4,cloudadmin@sanofi.com.doCDGC.prod,,ACTIVE
62657,674459c3c15b061bf75f5a27,PIN0000000005P,LC81318_IND001,,Serie for Bio Oncology Disco,CI,Stopped,Stopped inactive,10065252,,MDM,2024-11-25 11:04:35.000,2025-04-12 05:51:07.000,Patrice.Darzens@sanofi.com.SAML4,cloudadmin@sanofi.com.doCDGC.prod,,ACTIVE
62658,674459c3c15b061bf75f5a2b,PIN0000000005T,LC81326_IND001,,Serie for small molecule Disco,CF,Stopped,Stopped inactive,,,MDM,2024-11-25 11:04:35.000,2025-04-12 05:50:58.000,Patrice.Darzens@sanofi.com.SAML4,cloudadmin@sanofi.com.doCDGC.prod,,ACTIVE
62659,674459c3c15b061bf75f5a2c,PIN0000000005U,LC81327_IND001,,Serie for Bio Oncology Disco,CI,Stopped,Stopped inactive,,,MDM,2024-11-25 11:04:35.000,2025-04-12 05:50:46.000,Patrice.Darzens@sanofi.com.SAML4,cloudadmin@sanofi.com.doCDGC.prod,,ACTIVE
62660,674459c3c15b061bf75f5a2f,PIN0000000005X,LC81335_IND001,,Serie for Bio Onco Disco,CI,Completed,Completed inactive,10065252,,MDM,2024-11-25 11:04:35.000,2025-04-12 05:50:52.000,Patrice.Darzens@sanofi.com.SAML4,cloudadmin@sanofi.com.doCDGC.prod,,ACTIVE
62661,674459c3c15b061bf75f5a30,PIN0000000005Y,LC81337_IND001,,Serie for Bio Oncology Disco,CI,Completed,Completed inactive,,,MDM,2024-11-25 11:04:35.000,2025-04-12 05:50:59.000,Patrice.Darzens@sanofi.com.SAML4,cloudadmin@sanofi.com.doCDGC.prod,,ACTIVE
62662,674459c3c15b061bf75f5a35,PIN00000000063,LC81343_IND001,,Serie for Bio Disco,CF,Stopped,Stopped inactive,,,MDM,2024-11-25 11:04:35.000,2025-04-12 05:50:44.000,Patrice.Darzens@sanofi.com.SAML4,cloudadmin@sanofi.com.doCDGC.prod,,ACTIVE
62663,674459c3c15b061bf75f5a38,PIN00000000066,LC81352_IND001,CRC,Colorectal Cancer,CI,Ongoing,Ongoing,10061451,,MDM,2024-11-25 11:04:35.000,2026-01-16 06:51:39.000,Patrice.Darzens@sanofi.com.SAML4,cloudadmin@sanofi.com.doCDGC.prod,,ACTIVE
62664,674459c3c15b061bf75f5a39,PIN00000000067,LC81354_IND002,Asthma,Asthma,CF,Ongoing,Ongoing,10003553,,MDM,2024-11-25 11:04:35.000,2025-11-01 06:54:28.000,Patrice.Darzens@sanofi.com.SAML4,cloudadmin@sanofi.com.doCDGC.prod,,ACTIVE
62665,674459c3c15b061bf75f5a3a,PIN00000000068,LC81355_IND001,,Serie for small molecule Disco,CI,Stopped,Stopped inactive,,,MDM,2024-11-25 11:04:35.000,2026-01-24 06:51:11.000,Patrice.Darzens@sanofi.com.SAML4,cloudadmin@sanofi.com.doCDGC.prod,,ACTIVE
62666,674459c3c15b061bf75f5a3e,PIN0000000006C,LC81361_IND001,AMD - Dry,Age-related macular degeneration - Dry,CS,Stopped,Stopped inactive,10075567,,MDM,2024-11-25 11:04:35.000,2025-08-19 05:50:59.000,Patrice.Darzens@sanofi.com.SAML4,cloudadmin@sanofi.com.doCDGC.prod,,ACTIVE
62667,674459c3c15b061bf75f5a3f,PIN0000000006D,LC81361_IND002,LN,Lupus Nephritis,CS,Stopped,Stopped inactive,10025140,,MDM,2024-11-25 11:04:35.000,2025-05-15 05:52:18.000,Patrice.Darzens@sanofi.com.SAML4,cloudadmin@sanofi.com.doCDGC.prod,,ACTIVE
62668,674459c3c15b061bf75f5a40,PIN0000000006E,LC81361_IND003,SLE,Systemic Lupus Erythematosus,CS,Stopped,Stopped inactive,10042945,,MDM,2024-11-25 11:04:35.000,2025-05-15 05:52:18.000,Patrice.Darzens@sanofi.com.SAML4,cloudadmin@sanofi.com.doCDGC.prod,,ACTIVE
62669,674459c3c15b061bf75f5a42,PIN0000000006G,LC81369_IND0012,HS,Hidradenitis Suppurativa,CF,Ongoing,Ongoing,10020041,,MDM,2024-11-25 11:04:35.000,2025-11-01 06:54:41.000,Patrice.Darzens@sanofi.com.SAML4,cloudadmin@sanofi.com.doCDGC.prod,,ACTIVE
62670,674459c3c15b061bf75f5a43,PIN0000000006H,LC81369_IND005,Psoriasis,Psoriasis,CF,Ongoing,Ongoing,10037153,,MDM,2024-11-25 11:04:35.000,2025-11-01 06:54:10.000,Patrice.Darzens@sanofi.com.SAML4,cloudadmin@sanofi.com.doCDGC.prod,,ACTIVE
62671,674459c3c15b061bf75f5a45,PIN0000000006J,LC81373_IND001,,Serie for Bio Disco,CF,Stopped,Stopped inactive,,,MDM,2024-11-25 11:04:35.000,2025-04-12 05:50:30.000,Patrice.Darzens@sanofi.com.SAML4,cloudadmin@sanofi.com.doCDGC.prod,,ACTIVE
62672,674459c3c15b061bf75f5a46,PIN0000000006K,LC81374_IND001,,Serie for small molecule Disco,CJ,Stopped,Stopped inactive,,,MDM,2024-11-25 11:04:35.000,2025-04-12 05:50:49.000,Patrice.Darzens@sanofi.com.SAML4,cloudadmin@sanofi.com.doCDGC.prod,,ACTIVE
62673,674459c3c15b061bf75f5a48,PIN0000000006M,LC81376_IND005,Celiac Disease,Celiac Disease,CF,Ongoing,Ongoing,10007864,,MDM,2024-11-25 11:04:35.000,2025-05-08 05:54:45.000,Patrice.Darzens@sanofi.com.SAML4,cloudadmin@sanofi.com.doCDGC.prod,,ACTIVE
62674,674459c3c15b061bf75f5a4e,PIN0000000006S,LC81383_IND001,sqNSCLC,sqNSCLC,CI,Stopped,Stopped inactive,10061873,,MDM,2024-11-25 11:04:35.000,2025-04-12 05:50:56.000,Patrice.Darzens@sanofi.com.SAML4,cloudadmin@sanofi.com.doCDGC.prod,,ACTIVE
62675,674459c3c15b061bf75f5a4f,PIN0000000006T,LC81384_IND001,Parkinson,Parkinson's Disease,CH,Ongoing,Ongoing,10061536,,MDM,2024-11-25 11:04:35.000,2025-12-20 06:51:37.000,Patrice.Darzens@sanofi.com.SAML4,cloudadmin@sanofi.com.doCDGC.prod,,ACTIVE
62676,674459c3c15b061bf75f5a50,PIN0000000006U,LC81385_IND001,,Serie for small molecule Disco,CI,Stopped,Stopped inactive,,,MDM,2024-11-25 11:04:35.000,2025-04-12 05:50:56.000,Patrice.Darzens@sanofi.com.SAML4,cloudadmin@sanofi.com.doCDGC.prod,,ACTIVE
62677,674459c3c15b061bf75f5a51,PIN0000000006V,LC81388_IND002,OA,Osteoarthritis,CF,Stopped,Stopped inactive,10031161,,MDM,2024-11-25 11:04:35.000,2025-04-12 05:50:57.000,Patrice.Darzens@sanofi.com.SAML4,cloudadmin@sanofi.com.doCDGC.prod,,ACTIVE
62678,674459c3c15b061bf75f5bb7,PIN0000000006Z,LC81390_IND006,SLE,Systemic Lupus Erythematosus,CF,Ongoing,Ongoing,10042945,,MDM,2024-11-25 11:04:35.000,2025-11-01 06:53:55.000,Patrice.Darzens@sanofi.com.SAML4,cloudadmin@sanofi.com.doCDGC.prod,,ACTIVE
62679,674459c3c15b061bf75f5bba,PIN00000000072,LC81392_IND001,Alzheimer,Alzheimer's Disease,CH,Ongoing,Ongoing,10001896,,MDM,2024-11-25 11:04:35.000,2025-12-18 06:52:32.000,Patrice.Darzens@sanofi.com.SAML4,cloudadmin@sanofi.com.doCDGC.prod,,ACTIVE
62680,674459c3c15b061bf75f5bbc,PIN00000000074,LC81395_IND001,CMT,Charcot-Marie-Tooth Disease Type 1A,CH,Stopped,Stopped inactive,10008414,,MDM,2024-11-25 11:04:35.000,2026-01-23 06:51:18.000,Patrice.Darzens@sanofi.com.SAML4,cloudadmin@sanofi.com.doCDGC.prod,,ACTIVE
62681,674459c3c15b061bf75f5bbe,PIN00000000076,LC81396_IND004,Sjogren's,Sjogren's Syndrome,CF,Ongoing,Ongoing,10040767,,MDM,2024-11-25 11:04:35.000,2025-11-01 06:54:31.000,Patrice.Darzens@sanofi.com.SAML4,cloudadmin@sanofi.com.doCDGC.prod,,ACTIVE
62682,674459c3c15b061bf75f5bbf,PIN00000000077,LC81398_IND001,MM,Multiple Myeloma,CI,Stopped,Stopped inactive,10028228,,MDM,2024-11-25 11:04:35.000,2026-01-24 06:50:19.000,Patrice.Darzens@sanofi.com.SAML4,cloudadmin@sanofi.com.doCDGC.prod,,ACTIVE
62683,674459c3c15b061bf75f5bc0,PIN00000000078,LC81399_IND002,CRSwNP,Chronic Rhinosinusitis with Nasal Polyps,CF,Ongoing,Ongoing,10080060,,MDM,2024-11-25 11:04:35.000,2025-11-01 06:54:19.000,Patrice.Darzens@sanofi.com.SAML4,cloudadmin@sanofi.com.doCDGC.prod,,ACTIVE
62684,674459c3c15b061bf75f5bc1,PIN00000000079,LC81399_IND003,COPD,Chronic Obstructive Pulmonary Disease,CF,Ongoing,Ongoing,10009033,,MDM,2024-11-25 11:04:35.000,2025-11-01 06:54:11.000,Patrice.Darzens@sanofi.com.SAML4,cloudadmin@sanofi.com.doCDGC.prod,,ACTIVE
62685,674459c3c15b061bf75f5bc2,PIN0000000007A,LC81400_IND001,,Serie for Bio Oncology Disco,CI,Stopped,Stopped inactive,,,MDM,2024-11-25 11:04:35.000,2026-01-23 06:50:38.000,Patrice.Darzens@sanofi.com.SAML4,cloudadmin@sanofi.com.doCDGC.prod,,ACTIVE
62686,674459c3c15b061bf75f5bc6,PIN0000000007E,LC81406_IND001,Lung Cancer,Lung Cancer,CI,Stopped,Stopped inactive,10058467,,MDM,2024-11-25 11:04:35.000,2026-01-24 06:50:09.000,Patrice.Darzens@sanofi.com.SAML4,cloudadmin@sanofi.com.doCDGC.prod,,ACTIVE
62687,674459c3c15b061bf75f5bc7,PIN0000000007F,LC81410_IND001,MS,Multiple Sclerosis,CH,Ongoing,Ongoing,10028245,,MDM,2024-11-25 11:04:35.000,2026-01-20 06:54:34.000,Patrice.Darzens@sanofi.com.SAML4,cloudadmin@sanofi.com.doCDGC.prod,,ACTIVE
62688,674459c3c15b061bf75f5bc8,PIN0000000007G,LC81411_IND001,AD,Atopic Dermatitis,CF,Stopped,Stopped inactive,10012438,,MDM,2024-11-25 11:04:35.000,2026-01-22 06:50:48.000,Patrice.Darzens@sanofi.com.SAML4,cloudadmin@sanofi.com.doCDGC.prod,,ACTIVE
62689,674459c3c15b061bf75f5bc9,PIN0000000007H,LC81412_IND001,IBD,Inflammatory Bowel Disease,CF,Ongoing,Ongoing,10021972,,MDM,2024-11-25 11:04:35.000,2025-10-23 05:50:32.000,Patrice.Darzens@sanofi.com.SAML4,cloudadmin@sanofi.com.doCDGC.prod,,ACTIVE
62690,674459c3c15b061bf75f5bcb,PIN0000000007J,LC81412_IND003,HS,Hidradenitis Suppurativa,CF,Ongoing,Ongoing,10020041,,MDM,2024-11-25 11:04:35.000,2025-08-09 05:53:19.000,Patrice.Darzens@sanofi.com.SAML4,cloudadmin@sanofi.com.doCDGC.prod,,ACTIVE
62691,674459c3c15b061bf75f5bd0,PIN0000000007O,LC81413_IND005,Celiac Disease,Celiac Disease,CF,Stopped,Stopped inactive,10007864,,MDM,2024-11-25 11:04:35.000,2025-04-12 05:50:37.000,Patrice.Darzens@sanofi.com.SAML4,cloudadmin@sanofi.com.doCDGC.prod,,ACTIVE
62692,674459c3c15b061bf75f5bd1,PIN0000000007P,LC81413_IND006,Asthma,Asthma,CF,Stopped,Stopped inactive,10003553,,MDM,2024-11-25 11:04:35.000,2025-04-12 05:51:09.000,Patrice.Darzens@sanofi.com.SAML4,cloudadmin@sanofi.com.doCDGC.prod,,ACTIVE
62693,674459c3c15b061bf75f5bd2,PIN0000000007Q,LC81414_IND001,IBD,Inflammatory Bowel Disease,CF,Ongoing,Ongoing,10021972,,MDM,2024-11-25 11:04:35.000,2025-12-09 06:51:36.000,Patrice.Darzens@sanofi.com.SAML4,cloudadmin@sanofi.com.doCDGC.prod,,ACTIVE
62694,674459c3c15b061bf75f5bd3,PIN0000000007R,LC81414_IND006,Asthma,Asthma,CF,Ongoing,Ongoing,10003553,,MDM,2024-11-25 11:04:35.000,2025-11-01 06:54:03.000,Patrice.Darzens@sanofi.com.SAML4,cloudadmin@sanofi.com.doCDGC.prod,,ACTIVE
62695,674459c3c15b061bf75f5bd4,PIN0000000007S,LC81417_IND001,SLE,Systemic Lupus Erythematosus,CF,Completed,Completed active,10042945,,MDM,2024-11-25 11:04:35.000,2026-01-07 06:54:29.000,Patrice.Darzens@sanofi.com.SAML4,cloudadmin@sanofi.com.doCDGC.prod,,ACTIVE
62696,674459c3c15b061bf75f5bd7,PIN0000000007V,LC81417_IND004,SSc,Systemic Sclerosis,CF,Completed,Completed active,10042953,,MDM,2024-11-25 11:04:35.000,2025-10-01 05:50:38.000,Patrice.Darzens@sanofi.com.SAML4,cloudadmin@sanofi.com.doCDGC.prod,,ACTIVE
62697,674459c3c15b061bf75f5bd8,PIN0000000007W,LC81417_IND005,PV,Pemphigus Vulgaris,CF,Completed,Completed active,10034280,,MDM,2024-11-25 11:04:35.000,2025-10-01 05:50:24.000,Patrice.Darzens@sanofi.com.SAML4,cloudadmin@sanofi.com.doCDGC.prod,,ACTIVE
62698,674459c3c15b061bf75f5bdb,PIN0000000007Z,LC81419_IND003,Vitiligo,Vitiligo,CF,Ongoing,Ongoing,10047642,,MDM,2024-11-25 11:04:35.000,2025-11-01 06:54:26.000,Patrice.Darzens@sanofi.com.SAML4,cloudadmin@sanofi.com.doCDGC.prod,,ACTIVE
62699,674459c3c15b061bf75f5bdd,PIN00000000081,LC81420_IND004,Huntington,Huntington's Disease,CH,Ongoing,Ongoing,10070668,,MDM,2024-11-25 11:04:35.000,2025-05-28 05:51:02.000,Patrice.Darzens@sanofi.com.SAML4,cloudadmin@sanofi.com.doCDGC.prod,,ACTIVE
62700,674459c3c15b061bf75f5bde,PIN00000000082,LC81422_IND002,Parkinson,Parkinson's Disease,CH,Ongoing,Ongoing,10061536,,MDM,2024-11-25 11:04:35.000,2025-11-01 06:54:19.000,Patrice.Darzens@sanofi.com.SAML4,cloudadmin@sanofi.com.doCDGC.prod,,ACTIVE
62701,674459c3c15b061bf75f5bdf,PIN00000000083,LC81422_IND003,ALS,Amyotrophic Lateral Sclerosis,CH,Ongoing,Ongoing,10002026,,MDM,2024-11-25 11:04:35.000,2025-11-01 06:54:20.000,Patrice.Darzens@sanofi.com.SAML4,cloudadmin@sanofi.com.doCDGC.prod,,ACTIVE
62702,674459c3c15b061bf75f5be1,PIN00000000085,LC81424_IND002,Psoriasis,Psoriasis,CF,Ongoing,Ongoing,10037153,,MDM,2024-11-25 11:04:35.000,2025-11-01 06:53:53.000,Patrice.Darzens@sanofi.com.SAML4,cloudadmin@sanofi.com.doCDGC.prod,,ACTIVE
62703,674459c3c15b061bf75f5be4,PIN00000000088,LC81425_IND002,Asthma,Asthma,CF,Ongoing,Ongoing,10003553,,MDM,2024-11-25 11:04:35.000,2025-11-01 06:54:32.000,Patrice.Darzens@sanofi.com.SAML4,cloudadmin@sanofi.com.doCDGC.prod,,ACTIVE
62704,674459c3c15b061bf75f5be5,PIN00000000089,LC81425_IND005,SLE,Systemic Lupus Erythematosus,CF,Ongoing,Ongoing,10042945,,MDM,2024-11-25 11:04:35.000,2025-11-01 06:54:14.000,Patrice.Darzens@sanofi.com.SAML4,cloudadmin@sanofi.com.doCDGC.prod,,ACTIVE
62705,674459c4c15b061bf75f5d4b,PIN0000000008D,OC00773_INDIC_OTHERS,,Internal Innovation support for PCS-DMPK-TIM-TS,CL,,,,,MDM,2024-11-25 11:04:36.000,2026-01-13 06:50:45.000,Patrice.Darzens@sanofi.com.SAML4,cloudadmin@sanofi.com.doCDGC.prod,,ACTIVE
62706,674459c4c15b061bf75f5d4d,PIN0000000008F,OC00867_INDIC_OTHERS,,New Technologies and Methodologies Development Oncology,CI,,,,,MDM,2024-11-25 11:04:36.000,2025-09-09 05:51:49.000,Patrice.Darzens@sanofi.com.SAML4,cloudadmin@sanofi.com.doCDGC.prod,,ACTIVE
62707,674459c4c15b061bf75f5d50,PIN0000000008I,OC00881_INDIC_OTHERS,,R-TMED Innovation Consortium Support,CL,,,,,MDM,2024-11-25 11:04:36.000,2026-01-13 06:52:06.000,Patrice.Darzens@sanofi.com.SAML4,cloudadmin@sanofi.com.doCDGC.prod,,ACTIVE
62708,674459c4c15b061bf75f5d51,PIN0000000008J,OC00977_INDIC_OTHERS,,Genomics Platform Research (TS),CL17,Stopped,Stopped inactive,,,MDM,2024-11-25 11:04:36.000,2025-04-12 05:50:44.000,Patrice.Darzens@sanofi.com.SAML4,cloudadmin@sanofi.com.doCDGC.prod,,ACTIVE
62709,674459c4c15b061bf75f5d52,PIN0000000008K,OC00979_INDIC_OTHERS,,Gene Therapy Applications,CO,,,,,MDM,2024-11-25 11:04:36.000,2025-04-12 05:51:09.000,Patrice.Darzens@sanofi.com.SAML4,cloudadmin@sanofi.com.doCDGC.prod,,ACTIVE
62710,674459c4c15b061bf75f5d53,PIN0000000008L,OC01088_INDIC_OTHERS,,Patient Derived Xenografts,CL17,Stopped,Stopped inactive,,,MDM,2024-11-25 11:04:36.000,2025-04-12 05:51:06.000,Patrice.Darzens@sanofi.com.SAML4,cloudadmin@sanofi.com.doCDGC.prod,,ACTIVE
62711,674459c4c15b061bf75f5d54,PIN0000000008M,OC01101_INDIC_OTHERS,,Indication for Others file,BF,,,,,MDM,2024-11-25 11:04:36.000,2025-04-12 05:50:26.000,Patrice.Darzens@sanofi.com.SAML4,cloudadmin@sanofi.com.doCDGC.prod,,ACTIVE
62712,674459c4c15b061bf75f5d55,PIN0000000008N,OC01103_INDIC_OTHERS,,Indication for Others file,CC,Stopped,Stopped inactive,,,MDM,2024-11-25 11:04:36.000,2025-04-12 05:51:07.000,Patrice.Darzens@sanofi.com.SAML4,cloudadmin@sanofi.com.doCDGC.prod,,ACTIVE
62713,674459c4c15b061bf75f5d56,PIN0000000008O,OC01112_INDIC_OTHERS,,Indication for Others file,CF,Stopped,Stopped inactive,,,MDM,2024-11-25 11:04:36.000,2025-04-12 05:50:43.000,Patrice.Darzens@sanofi.com.SAML4,cloudadmin@sanofi.com.doCDGC.prod,,ACTIVE
62714,674459c4c15b061bf75f5d58,PIN0000000008Q,OC01145_INDIC_OTHERS,,BR Innovative Technologies for the Future,CL10,Stopped,Stopped inactive,,,MDM,2024-11-25 11:04:36.000,2025-04-12 05:51:10.000,Patrice.Darzens@sanofi.com.SAML4,cloudadmin@sanofi.com.doCDGC.prod,,ACTIVE
62715,674459c4c15b061bf75f5d5a,PIN0000000008S,OC01165_INDIC_OTHERS,,Indication for Others file,CL17,Stopped,Stopped inactive,,,MDM,2024-11-25 11:04:36.000,2025-04-12 05:50:40.000,Patrice.Darzens@sanofi.com.SAML4,cloudadmin@sanofi.com.doCDGC.prod,,ACTIVE
62716,674459c4c15b061bf75f5d5d,PIN0000000008V,OC01171_INDIC_OTHERS,,IB4SD-TRISTAN (DMPK),CL16,,,,,MDM,2024-11-25 11:04:36.000,2025-04-12 05:50:24.000,Patrice.Darzens@sanofi.com.SAML4,cloudadmin@sanofi.com.doCDGC.prod,,ACTIVE
62717,674459c4c15b061bf75f5d5f,PIN0000000008X,OC01178_INDIC_OTHERS,,Indication for Others file,CL,,,,,MDM,2024-11-25 11:04:36.000,2025-04-12 05:50:46.000,Patrice.Darzens@sanofi.com.SAML4,cloudadmin@sanofi.com.doCDGC.prod,,ACTIVE
62718,674459c4c15b061bf75f5d60,PIN0000000008Y,OC01183_INDIC_OTHERS,,Indication for Others file,CL,,,,,MDM,2024-11-25 11:04:36.000,2025-04-12 05:50:17.000,Patrice.Darzens@sanofi.com.SAML4,cloudadmin@sanofi.com.doCDGC.prod,,ACTIVE
62719,674459c4c15b061bf75f5d66,PIN00000000094,OC01236_INDIC_OTHERS,,Immuno Targets DNA programmed CombiChem,CF,Stopped,Stopped inactive,,,MDM,2024-11-25 11:04:36.000,2025-04-12 05:50:46.000,Patrice.Darzens@sanofi.com.SAML4,cloudadmin@sanofi.com.doCDGC.prod,,ACTIVE
62720,674459c4c15b061bf75f5d67,PIN00000000095,OC01277_INDIC_OTHERS,,Indication for Others file,CL,,,,,MDM,2024-11-25 11:04:36.000,2025-04-12 05:50:30.000,Patrice.Darzens@sanofi.com.SAML4,cloudadmin@sanofi.com.doCDGC.prod,,ACTIVE
62721,674459c4c15b061bf75f5d68,PIN00000000096,OC01278_INDIC_OTHERS,,NeuroDeRisk (PCS),CL,,,,,MDM,2024-11-25 11:04:36.000,2025-04-12 05:50:51.000,Patrice.Darzens@sanofi.com.SAML4,cloudadmin@sanofi.com.doCDGC.prod,,ACTIVE
62722,674459c4c15b061bf75f5d69,PIN00000000097,OC01282_INDIC_OTHERS,,Support to Data Engineering and Scientific Computing (IDD),CL,,,,,MDM,2024-11-25 11:04:36.000,2025-04-12 05:50:47.000,Patrice.Darzens@sanofi.com.SAML4,cloudadmin@sanofi.com.doCDGC.prod,,ACTIVE
62723,674459c4c15b061bf75f5d6b,PIN00000000099,OC01285_INDIC_OTHERS,,Indication for Others file,CL,,,,,MDM,2024-11-25 11:04:36.000,2025-06-14 05:52:39.000,Patrice.Darzens@sanofi.com.SAML4,cloudadmin@sanofi.com.doCDGC.prod,,ACTIVE
62724,674459c4c15b061bf75f5d6c,PIN0000000009A,OC01540_INDIC_OTHERS,,Institute Gustave Roussy Collaboration,CF,,,,,MDM,2024-11-25 11:04:36.000,2025-04-12 05:50:54.000,Patrice.Darzens@sanofi.com.SAML4,cloudadmin@sanofi.com.doCDGC.prod,,ACTIVE
62725,674459c4c15b061bf75f5d6d,PIN0000000009B,OC01560_INDIC_OTHERS,,ESCulab (IDD),CL,,,,,MDM,2024-11-25 11:04:36.000,2025-04-12 05:51:08.000,Patrice.Darzens@sanofi.com.SAML4,cloudadmin@sanofi.com.doCDGC.prod,,ACTIVE
62726,674459c4c15b061bf75f5d70,PIN0000000009E,OC01605_INDIC_OTHERS,,Immune Cell Engager Innovation (LMR),CL,,,,,MDM,2024-11-25 11:04:36.000,2025-04-12 05:50:39.000,Patrice.Darzens@sanofi.com.SAML4,cloudadmin@sanofi.com.doCDGC.prod,,ACTIVE
62727,674459c4c15b061bf75f5d73,PIN0000000009H,OC01660_INDIC_OTHERS,,BIOMAP,CF,,,,,MDM,2024-11-25 11:04:36.000,2025-04-12 05:50:39.000,Patrice.Darzens@sanofi.com.SAML4,cloudadmin@sanofi.com.doCDGC.prod,,ACTIVE
62728,674459c4c15b061bf75f5d78,PIN0000000009M,OC01840_INDIC_OTHERS,,Indication for Others file,CI,,,,,MDM,2024-11-25 11:04:36.000,2025-04-12 05:51:02.000,Patrice.Darzens@sanofi.com.SAML4,cloudadmin@sanofi.com.doCDGC.prod,,ACTIVE
62729,674459c4c15b061bf75f5d79,PIN0000000009N,OC01880_INDIC_OTHERS,,Indication for Others file,CI,,,,,MDM,2024-11-25 11:04:36.000,2025-04-12 05:50:59.000,Patrice.Darzens@sanofi.com.SAML4,cloudadmin@sanofi.com.doCDGC.prod,,ACTIVE
62730,674459bfc15b061bf75f53e6,PIN0000000000K,CHA_US_TADALAFIL_INDIC_OTHERS,,Indication for Others file,HB,,,,,MDM,2024-11-25 11:04:29.000,2025-09-10 05:52:13.000,Patrice.Darzens@sanofi.com.SAML4,cloudadmin@sanofi.com.doCDGC.prod,,ACTIVE
62731,674459bfc15b061bf75f53e7,PIN0000000000L,CHC_AH3007_INDIC_OTHERS,,Indication for Others file,HB,,,,,MDM,2024-11-25 11:04:29.000,2025-04-12 05:50:47.000,Patrice.Darzens@sanofi.com.SAML4,cloudadmin@sanofi.com.doCDGC.prod,,ACTIVE
62732,674459bfc15b061bf75f53e8,PIN0000000000M,CHC_BIH1526_IND050,,Cough,HB,Ongoing,Ongoing,10011224,R,MDM,2024-11-25 11:04:29.000,2025-09-10 05:52:25.000,Patrice.Darzens@sanofi.com.SAML4,cloudadmin@sanofi.com.doCDGC.prod,,ACTIVE
62733,674459bfc15b061bf75f53e9,PIN0000000000N,CHC_BIH1526_INDIC_OTHERS,,Indication for Others file,HB,,,10011224,R,MDM,2024-11-25 11:04:29.000,2025-04-12 05:50:49.000,Patrice.Darzens@sanofi.com.SAML4,cloudadmin@sanofi.com.doCDGC.prod,,ACTIVE
62734,674459bfc15b061bf75f53ec,PIN0000000000Q,CHC_M016455_IND050,,Allergy Rhinitis,HB,Ongoing,Ongoing,10039085,R,MDM,2024-11-25 11:04:29.000,2025-09-25 05:51:12.000,Patrice.Darzens@sanofi.com.SAML4,cloudadmin@sanofi.com.doCDGC.prod,,ACTIVE
62735,674459bfc15b061bf75f53ee,PIN0000000000S,CHC_M016455_INDIC_OTHERS,,Indication for Others file,HB,,,10039085,R,MDM,2024-11-25 11:04:29.000,2025-04-12 05:50:30.000,Patrice.Darzens@sanofi.com.SAML4,cloudadmin@sanofi.com.doCDGC.prod,,ACTIVE
62736,674459bfc15b061bf75f53f0,PIN0000000000U,CHC_MDJULIA_INDIC_OTHERS,,Indication for Others file,HB,,,,,MDM,2024-11-25 11:04:29.000,2025-04-12 05:50:55.000,Patrice.Darzens@sanofi.com.SAML4,cloudadmin@sanofi.com.doCDGC.prod,,ACTIVE
62737,674459bfc15b061bf75f53f6,PIN00000000010,CHC_SH41058I_INDIC_OTHERS,,Indication for Others file,HB,,,,,MDM,2024-11-25 11:04:29.000,2025-04-12 05:51:08.000,Patrice.Darzens@sanofi.com.SAML4,cloudadmin@sanofi.com.doCDGC.prod,,ACTIVE
62738,674459bfc15b061bf75f53f8,PIN00000000012,CHC_Z0889_INDIC_OTHERS,,Indication for Others file,HB,,,,,MDM,2024-11-25 11:04:29.000,2025-04-12 05:50:21.000,Patrice.Darzens@sanofi.com.SAML4,cloudadmin@sanofi.com.doCDGC.prod,,ACTIVE
62739,674459bfc15b061bf75f53fb,PIN00000000015,DC00920_INDIC_OTHERS,,Indication for Others file,DF,,,,,MDM,2024-11-25 11:04:29.000,2025-04-12 05:51:08.000,Patrice.Darzens@sanofi.com.SAML4,cloudadmin@sanofi.com.doCDGC.prod,,ACTIVE
62740,674459bfc15b061bf75f5401,PIN0000000001B,DC01216_INDIC_OTHERS,,Indication for Others file,DB,,,,,MDM,2024-11-25 11:04:29.000,2025-06-14 05:52:57.000,Patrice.Darzens@sanofi.com.SAML4,cloudadmin@sanofi.com.doCDGC.prod,,ACTIVE
62741,674459c1c15b061bf75f5566,PIN0000000001E,DC01241_INDIC_OTHERS,,Indication for Others file,DF,,,,,MDM,2024-11-25 11:04:32.000,2025-04-15 05:51:36.000,Patrice.Darzens@sanofi.com.SAML4,cloudadmin@sanofi.com.doCDGC.prod,,ACTIVE
62742,674459c1c15b061bf75f5569,PIN0000000001H,DC01275_INDIC_OTHERS,,Indication for Others file,DB,,,,,MDM,2024-11-25 11:04:32.000,2025-04-12 05:50:55.000,Patrice.Darzens@sanofi.com.SAML4,cloudadmin@sanofi.com.doCDGC.prod,,ACTIVE
62743,674459c1c15b061bf75f556a,PIN0000000001I,DC01279_INDIC_OTHERS,,Indication for Others file,DB,,,,,MDM,2024-11-25 11:04:32.000,2025-06-14 05:52:54.000,Patrice.Darzens@sanofi.com.SAML4,cloudadmin@sanofi.com.doCDGC.prod,,ACTIVE
62744,674459c1c15b061bf75f556b,PIN0000000001J,DC01281_INDIC_OTHERS,,Innovation projects for TMED,BK,,,,,MDM,2024-11-25 11:04:32.000,2026-01-13 06:51:15.000,Patrice.Darzens@sanofi.com.SAML4,cloudadmin@sanofi.com.doCDGC.prod,,ACTIVE
62745,674459c1c15b061bf75f556c,PIN0000000001K,DC01284_INDIC_OTHERS,,Indication for Others file,DB,,,,,MDM,2024-11-25 11:04:32.000,2025-04-12 05:50:49.000,Patrice.Darzens@sanofi.com.SAML4,cloudadmin@sanofi.com.doCDGC.prod,,ACTIVE
62746,674459c1c15b061bf75f556d,PIN0000000001L,DC01288_INDIC_OTHERS,,Indication for Others file,DB,,,,,MDM,2024-11-25 11:04:32.000,2025-04-12 05:50:56.000,Patrice.Darzens@sanofi.com.SAML4,cloudadmin@sanofi.com.doCDGC.prod,,ACTIVE
62747,674459c1c15b061bf75f556e,PIN0000000001M,DC01289_INDIC_OTHERS,,Indication for Others file,DG12,,,,,MDM,2024-11-25 11:04:32.000,2026-01-22 06:50:27.000,Patrice.Darzens@sanofi.com.SAML4,cloudadmin@sanofi.com.doCDGC.prod,,ACTIVE
62748,674459c1c15b061bf75f556f,PIN0000000001N,DC01294_INDIC_OTHERS,,Indication for Others file,IH,,,,,MDM,2024-11-25 11:04:32.000,2025-04-12 05:51:02.000,Patrice.Darzens@sanofi.com.SAML4,cloudadmin@sanofi.com.doCDGC.prod,,ACTIVE
62749,674459c1c15b061bf75f5575,PIN0000000001T,DC01309_IND001,,Indication for Others file,DB,,,,,MDM,2024-11-25 11:04:32.000,2025-04-12 05:51:09.000,Patrice.Darzens@sanofi.com.SAML4,cloudadmin@sanofi.com.doCDGC.prod,,ACTIVE
62750,674459c1c15b061bf75f5577,PIN0000000001V,DC01312_IND001,,Indication for Others file,BJ,,,,,MDM,2024-11-25 11:04:32.000,2025-04-12 05:50:28.000,Patrice.Darzens@sanofi.com.SAML4,cloudadmin@sanofi.com.doCDGC.prod,,ACTIVE
62751,674459c1c15b061bf75f5579,PIN0000000001X,DC01330_INDIC_OTHERS,,Indication for Others file,DB,,,,,MDM,2024-11-25 11:04:32.000,2025-04-12 05:50:30.000,Patrice.Darzens@sanofi.com.SAML4,cloudadmin@sanofi.com.doCDGC.prod,,ACTIVE
62752,674459c1c15b061bf75f557c,PIN00000000020,GZ385660_IND003,,Gaucher Disease Type I - Treatment-naïve pediatric patients for US submission,BH,Not Validated,Not Validated,10018048,A,MDM,2024-11-25 11:04:32.000,2025-08-19 05:51:19.000,Patrice.Darzens@sanofi.com.SAML4,cloudadmin@sanofi.com.doCDGC.prod,,ACTIVE
62753,674459c1c15b061bf75f557d,PIN00000000021,GZ385660_IND050,,Gaucher Disease,BH,Ongoing,Ongoing,10018048,A,MDM,2024-11-25 11:04:32.000,2025-11-05 08:19:51.000,Patrice.Darzens@sanofi.com.SAML4,cloudadmin@sanofi.com.doCDGC.prod,,ACTIVE
62754,674459c1c15b061bf75f557e,PIN00000000022,GZ393590_IND002,,Acute Lymphoblastic Leukemia Pediatric - Japan,BG,Completed,Completed inactive,10000845,L,MDM,2024-11-25 11:04:32.000,2025-04-12 05:50:46.000,Patrice.Darzens@sanofi.com.SAML4,cloudadmin@sanofi.com.doCDGC.prod,LCM,ACTIVE
62755,674459c1c15b061bf75f5581,PIN00000000025,GZ402666_IND001,LOPD – Adult & Ped 3-17y,Late Onset Pompe Disease - Adult & Ped - 3-17 years,BH,Completed,Completed active,10053185,A,MDM,2024-11-25 11:04:32.000,2025-04-12 05:50:47.000,Patrice.Darzens@sanofi.com.SAML4,cloudadmin@sanofi.com.doCDGC.prod,LCM,ACTIVE
62756,674459c1c15b061bf75f5582,PIN00000000026,GZ402666_IND002,IOPD,Infantile Onset Pompe Disease,BH,Ongoing,Ongoing,10053185,A,MDM,2024-11-25 11:04:32.000,2026-01-22 06:50:35.000,Patrice.Darzens@sanofi.com.SAML4,cloudadmin@sanofi.com.doCDGC.prod,Phase 3,ACTIVE
62757,674459c1c15b061bf75f5585,PIN00000000029,GZ402671_IND002,ADPKD - Pediatric 12 to 17 yr,Autosomal Dominant Polycystic Kidney Disease  - Ped - 12-17years,BH,Not Validated,Not Validated,10036046,U,MDM,2024-11-25 11:04:32.000,2025-04-12 05:50:52.000,Patrice.Darzens@sanofi.com.SAML4,cloudadmin@sanofi.com.doCDGC.prod,Phase 1,ACTIVE
62758,674459c1c15b061bf75f5586,PIN0000000002A,GZ402671_IND004,GD3 Mono - Adult & 12-17y,Gaucher Disease Type 3 - Mono - Adult & Ped - 12-17 years,BH,Ongoing,Ongoing,10018048,A,MDM,2024-11-25 11:04:32.000,2026-01-10 06:50:11.000,Patrice.Darzens@sanofi.com.SAML4,cloudadmin@sanofi.com.doCDGC.prod,Phase 3,ACTIVE
62759,674459c1c15b061bf75f5587,PIN0000000002B,GZ402671_IND009,,Fabry Disease - Combo,BH,Stopped,Stopped inactive,10016016,A,MDM,2024-11-25 11:04:32.000,2025-04-12 05:50:43.000,Patrice.Darzens@sanofi.com.SAML4,cloudadmin@sanofi.com.doCDGC.prod,,ACTIVE
62760,674459c1c15b061bf75f5588,PIN0000000002C,GZ402673_IND003,,Primary Progressive MS,BF,Stopped,Stopped inactive,10028245,N,MDM,2024-11-25 11:04:32.000,2025-04-12 05:50:52.000,Patrice.Darzens@sanofi.com.SAML4,cloudadmin@sanofi.com.doCDGC.prod,,ACTIVE
62761,674459c1c15b061bf75f558b,PIN0000000002F,GZ402673_IND051,,Relapsing-remitting multiple sclerosis (RRMS),BF,Ongoing,Ongoing,10063399,N,MDM,2024-11-25 11:04:32.000,2025-04-12 05:51:07.000,Patrice.Darzens@sanofi.com.SAML4,cloudadmin@sanofi.com.doCDGC.prod,,ACTIVE
62762,674459c1c15b061bf75f558e,PIN0000000002I,GZ419828_IND004,,Fabry Disease - Japan,BH,Completed,Completed inactive,10016016,A,MDM,2024-11-25 11:04:32.000,2025-04-12 05:51:06.000,Patrice.Darzens@sanofi.com.SAML4,cloudadmin@sanofi.com.doCDGC.prod,LCM,ACTIVE
62763,674459c1c15b061bf75f558f,PIN0000000002J,GZ419829_IND001,Pompe,Pompe Disease,BH,Completed,Completed active,10053185,A,MDM,2024-11-25 11:04:32.000,2025-04-12 05:50:33.000,Patrice.Darzens@sanofi.com.SAML4,cloudadmin@sanofi.com.doCDGC.prod,LCM,ACTIVE
62764,674459c1c15b061bf75f5590,PIN0000000002K,GZ419829_IND002,,Pompe Disease - US label expansion,BH,Completed,Completed inactive,10053185,A,MDM,2024-11-25 11:04:32.000,2025-04-12 05:50:47.000,Patrice.Darzens@sanofi.com.SAML4,cloudadmin@sanofi.com.doCDGC.prod,LCM,ACTIVE
62765,674459c1c15b061bf75f5595,PIN0000000002P,GZE_IA_CEREZYME_INDIC_OTHERS,,Indication for Others file,HB,,,,,MDM,2024-11-25 11:04:32.000,2025-04-12 05:50:26.000,Patrice.Darzens@sanofi.com.SAML4,cloudadmin@sanofi.com.doCDGC.prod,,ACTIVE
62766,674459c1c15b061bf75f5597,PIN0000000002R,GZE_PO_GZ316455_INDIC_OTHERS,,Indication for Others file,HB,,,,,MDM,2024-11-25 11:04:32.000,2025-04-12 05:51:08.000,Patrice.Darzens@sanofi.com.SAML4,cloudadmin@sanofi.com.doCDGC.prod,,ACTIVE
62767,674459c1c15b061bf75f56fb,PIN0000000002T,GZE_PO_OTHER_D_INDIC_OTHERS,,Indication for Others file,HB,,,,,MDM,2024-11-25 11:04:33.000,2025-09-10 05:52:54.000,Patrice.Darzens@sanofi.com.SAML4,cloudadmin@sanofi.com.doCDGC.prod,,ACTIVE
62768,674459c1c15b061bf75f56fc,PIN0000000002U,GZE_PO_SAR390530_IND050,,Infection,HB,Ongoing,Ongoing,10021789,J,MDM,2024-11-25 11:04:33.000,2025-09-02 05:52:59.000,Patrice.Darzens@sanofi.com.SAML4,cloudadmin@sanofi.com.doCDGC.prod,,ACTIVE
62769,674459c1c15b061bf75f56fd,PIN0000000002V,HMR1726_IND003,,Multiple Sclerosis - Monotherapy - Asia Pacific,BF,Completed,Completed inactive,10028245,N,MDM,2024-11-25 11:04:33.000,2025-04-12 05:51:04.000,Patrice.Darzens@sanofi.com.SAML4,cloudadmin@sanofi.com.doCDGC.prod,LCM,ACTIVE
62770,674459c1c15b061bf75f56ff,PIN0000000002X,HOE901_004,,Toujeo - T2DM - U300 - Geriatrics - Labeling Update,BJ,Stopped,Stopped inactive,10067585,A,MDM,2024-11-25 11:04:33.000,2025-04-12 05:51:13.000,Patrice.Darzens@sanofi.com.SAML4,cloudadmin@sanofi.com.doCDGC.prod,,ACTIVE
62771,674459c1c15b061bf75f5704,PIN00000000032,HOE901_IND006,,Toujeo - T1DM - U300 - Pregnancy - Labeling Update,BJ,Stopped,Stopped inactive,10012594,A,MDM,2024-11-25 11:04:33.000,2025-04-12 05:50:44.000,Patrice.Darzens@sanofi.com.SAML4,cloudadmin@sanofi.com.doCDGC.prod,,ACTIVE
62772,674459c1c15b061bf75f5706,PIN00000000034,HOE901_IND016,,Lantus - Origin,BJ,Completed,Completed inactive,10012594,A,MDM,2024-11-25 11:04:33.000,2025-04-12 05:50:39.000,Patrice.Darzens@sanofi.com.SAML4,cloudadmin@sanofi.com.doCDGC.prod,LCM,ACTIVE
62773,674459c1c15b061bf75f5709,PIN00000000037,HOE901_IND051,T1&T2 DM,Diabetes Type I and II,BJ,Ongoing,Ongoing,10012594,A,MDM,2024-11-25 11:04:33.000,2025-11-25 06:54:32.000,Patrice.Darzens@sanofi.com.SAML4,cloudadmin@sanofi.com.doCDGC.prod,,ACTIVE
62774,674459c1c15b061bf75f570a,PIN00000000038,INDICATION_SM_ONCO_DEV_DH,,Indication for small molecule Oncology Development,BG,To be Validated,To be Validated,,L,MDM,2024-11-25 11:04:33.000,2026-01-23 06:52:04.000,Patrice.Darzens@sanofi.com.SAML4,cloudadmin@sanofi.com.doCDGC.prod,,ACTIVE
62775,674459c1c15b061bf75f570b,PIN00000000039,INDICATION__ADC_ONCO_DISCO_DH,,Serie for ADC Oncology Disco (Stopped template following new strategy),C,Ongoing,Ongoing,,,MDM,2024-11-25 11:04:33.000,2024-11-25 11:04:33.000,Patrice.Darzens@sanofi.com.SAML4,Patrice.Darzens@sanofi.com.SAML4,,ACTIVE
62776,674459c1c15b061bf75f570d,PIN0000000003B,LC10163_IND002,OA,Osteoarthritis,CF,Completed,Completed inactive,10031161,,MDM,2024-11-25 11:04:33.000,2025-04-12 05:50:21.000,Patrice.Darzens@sanofi.com.SAML4,cloudadmin@sanofi.com.doCDGC.prod,,ACTIVE
62777,674459c1c15b061bf75f570e,PIN0000000003C,LC60038_IND001,,Discovery,CF,Stopped,Stopped inactive,10056509,,MDM,2024-11-25 11:04:33.000,2025-04-12 05:51:04.000,Patrice.Darzens@sanofi.com.SAML4,cloudadmin@sanofi.com.doCDGC.prod,,ACTIVE
62778,674459c1c15b061bf75f570f,PIN0000000003D,LC80014_IND001,IPF,Idiopathic Pulmonary Fibrosis,CF,Ongoing,Ongoing,10021240,,MDM,2024-11-25 11:04:33.000,2025-05-08 05:54:53.000,Patrice.Darzens@sanofi.com.SAML4,cloudadmin@sanofi.com.doCDGC.prod,,ACTIVE
62779,674459c1c15b061bf75f5711,PIN0000000003F,LC80014_IND004,UC,Colitis ulcerative,CF,Ongoing,Ongoing,10009900,,MDM,2024-11-25 11:04:33.000,2025-11-21 06:54:32.000,Patrice.Darzens@sanofi.com.SAML4,cloudadmin@sanofi.com.doCDGC.prod,,ACTIVE
62780,674459c1c15b061bf75f5712,PIN0000000003G,LC80316_IND001,,Discovery - MS2 - MTS Approach - Stopped,CH,Stopped,Stopped inactive,,,MDM,2024-11-25 11:04:33.000,2025-05-08 05:54:45.000,Patrice.Darzens@sanofi.com.SAML4,cloudadmin@sanofi.com.doCDGC.prod,,ACTIVE
62781,674459c1c15b061bf75f5713,PIN0000000003H,LC80316_IND002,Parkinson,Parkinson's Disease,CH,Stopped,Stopped inactive,10061536,,MDM,2024-11-25 11:04:33.000,2025-04-12 05:50:33.000,Patrice.Darzens@sanofi.com.SAML4,cloudadmin@sanofi.com.doCDGC.prod,,ACTIVE
62782,674459c1c15b061bf75f5718,PIN0000000003M,LC81045_SERIE_OLD,,Discovery - previous,CI,Stopped,Stopped inactive,,,MDM,2024-11-25 11:04:33.000,2025-04-12 05:50:51.000,Patrice.Darzens@sanofi.com.SAML4,cloudadmin@sanofi.com.doCDGC.prod,,ACTIVE
62783,674459c1c15b061bf75f5719,PIN0000000003N,LC81095_IND002,,MS3 - Pentacyclics - Completed,CF,Completed,Completed inactive,,,MDM,2024-11-25 11:04:33.000,2025-04-12 05:50:17.000,Patrice.Darzens@sanofi.com.SAML4,cloudadmin@sanofi.com.doCDGC.prod,,ACTIVE
62784,674459c1c15b061bf75f571a,PIN0000000003O,LC81095_IND004,,BU1 - Second Site Binder (SSBs) - Stopped,CF,Stopped,Stopped inactive,,,MDM,2024-11-25 11:04:33.000,2025-04-12 05:50:49.000,Patrice.Darzens@sanofi.com.SAML4,cloudadmin@sanofi.com.doCDGC.prod,,ACTIVE
62785,674459c1c15b061bf75f571b,PIN0000000003P,LC81095_IND005,,MS2 -Pentacyclics - Stopped,CF,Stopped,Stopped inactive,,,MDM,2024-11-25 11:04:33.000,2025-04-12 05:50:40.000,Patrice.Darzens@sanofi.com.SAML4,cloudadmin@sanofi.com.doCDGC.prod,,ACTIVE
62786,674459c1c15b061bf75f571d,PIN0000000003R,LC81095_IND007,HS,Hidradenitis Suppurativa,CF,Ongoing,Ongoing,10020041,,MDM,2024-11-25 11:04:33.000,2025-11-01 06:54:13.000,Patrice.Darzens@sanofi.com.SAML4,cloudadmin@sanofi.com.doCDGC.prod,,ACTIVE
62787,674459c1c15b061bf75f5721,PIN0000000003V,LC81156_IND001,,Serie for Bio Disco,CF,Stopped,Stopped inactive,10021972,,MDM,2024-11-25 11:04:33.000,2025-04-12 05:50:30.000,Patrice.Darzens@sanofi.com.SAML4,cloudadmin@sanofi.com.doCDGC.prod,,ACTIVE
62788,674459c1c15b061bf75f5722,PIN0000000003W,LC81159_IND001,AD,Atopic Dermatitis,CF,Completed,Completed inactive,10012438,,MDM,2024-11-25 11:04:33.000,2025-04-12 05:51:02.000,Patrice.Darzens@sanofi.com.SAML4,cloudadmin@sanofi.com.doCDGC.prod,,ACTIVE
62789,674459c1c15b061bf75f5724,PIN0000000003Y,LC81159_IND003,SSc,Systemic Sclerosis,CF,Completed,Completed inactive,10042953,,MDM,2024-11-25 11:04:33.000,2025-04-12 05:51:03.000,Patrice.Darzens@sanofi.com.SAML4,cloudadmin@sanofi.com.doCDGC.prod,,ACTIVE
62790,674459c1c15b061bf75f5725,PIN0000000003Z,LC81162_IND001,,Discovery,CI,Stopped,Stopped inactive,,,MDM,2024-11-25 11:04:33.000,2025-04-12 05:50:44.000,Patrice.Darzens@sanofi.com.SAML4,cloudadmin@sanofi.com.doCDGC.prod,,ACTIVE
62791,674459c1c15b061bf75f5727,PIN00000000041,LC81171_SERIE_BIO_ONCO_DISCO,,Discovery,CI,Completed,Completed inactive,,,MDM,2024-11-25 11:04:33.000,2025-04-12 05:50:47.000,Patrice.Darzens@sanofi.com.SAML4,cloudadmin@sanofi.com.doCDGC.prod,,ACTIVE
62792,674459c1c15b061bf75f5728,PIN00000000042,LC81175_IND001,,Discovery - Reengineering approach with FcRn modification,CF,Stopped,Stopped inactive,,,MDM,2024-11-25 11:04:33.000,2025-04-12 05:50:56.000,Patrice.Darzens@sanofi.com.SAML4,cloudadmin@sanofi.com.doCDGC.prod,,ACTIVE
62793,674459c1c15b061bf75f572b,PIN00000000045,LC81185_IND002,,Discovery,CF,Stopped,Stopped inactive,,,MDM,2024-11-25 11:04:33.000,2025-04-12 05:50:28.000,Patrice.Darzens@sanofi.com.SAML4,cloudadmin@sanofi.com.doCDGC.prod,,ACTIVE
62794,674459c2c15b061bf75f588f,PIN00000000047,LC81188_IND003,CRSwNP,Chronic Rhinosinusitis with Nasal Polyps,CF,Completed,Completed inactive,10080060,,MDM,2024-11-25 11:04:34.000,2025-08-21 05:52:29.000,Patrice.Darzens@sanofi.com.SAML4,cloudadmin@sanofi.com.doCDGC.prod,,ACTIVE
62795,674459c2c15b061bf75f5891,PIN00000000049,LC81189_IND001,,Discovery - Multispecific Ab,CF,Stopped,Stopped inactive,,,MDM,2024-11-25 11:04:34.000,2025-04-12 05:50:21.000,Patrice.Darzens@sanofi.com.SAML4,cloudadmin@sanofi.com.doCDGC.prod,,ACTIVE
62796,674459c2c15b061bf75f5898,PIN0000000004G,LC81226_IND001,,Discovery,CJ,Stopped,Stopped inactive,,,MDM,2024-11-25 11:04:34.000,2025-04-12 05:51:11.000,Patrice.Darzens@sanofi.com.SAML4,cloudadmin@sanofi.com.doCDGC.prod,,ACTIVE
62797,674459c2c15b061bf75f5899,PIN0000000004H,LC81237_IND001,AD,Atopic Dermatitis,CF,Completed,Completed inactive,10012438,,MDM,2024-11-25 11:04:34.000,2025-10-16 05:50:58.000,Patrice.Darzens@sanofi.com.SAML4,cloudadmin@sanofi.com.doCDGC.prod,,ACTIVE
62798,674459c2c15b061bf75f589d,PIN0000000004L,LC81249_IND003,SSc,Systemic Sclerosis,CF,Stopped,Stopped inactive,10042953,,MDM,2024-11-25 11:04:34.000,2025-04-12 05:51:03.000,Patrice.Darzens@sanofi.com.SAML4,cloudadmin@sanofi.com.doCDGC.prod,,ACTIVE
62799,674459c2c15b061bf75f589e,PIN0000000004M,LC81249_IND005,Transplant,Transplantation,CQ,Stopped,Stopped inactive,10057677,,MDM,2024-11-25 11:04:34.000,2025-11-07 06:50:26.000,Patrice.Darzens@sanofi.com.SAML4,cloudadmin@sanofi.com.doCDGC.prod,,ACTIVE
62800,674459c2c15b061bf75f589f,PIN0000000004N,LC81249_IND006,GVHD,Graft versus Host Disease,CQ,Stopped,Stopped inactive,10018651,,MDM,2024-11-25 11:04:34.000,2025-04-12 05:50:51.000,Patrice.Darzens@sanofi.com.SAML4,cloudadmin@sanofi.com.doCDGC.prod,,ACTIVE
62801,674459c2c15b061bf75f58a0,PIN0000000004O,LC81250_SERIE_BIO_DISCO,,Discovery,CF,Completed,Completed inactive,,,MDM,2024-11-25 11:04:34.000,2025-04-12 05:50:24.000,Patrice.Darzens@sanofi.com.SAML4,cloudadmin@sanofi.com.doCDGC.prod,,ACTIVE
62802,674459c2c15b061bf75f58a3,PIN0000000004R,LC81263_IND001,IBD,Inflammatory Bowel Disease,CF,Completed,Completed active,10021972,,MDM,2024-11-25 11:04:34.000,2026-01-23 06:52:13.000,Patrice.Darzens@sanofi.com.SAML4,cloudadmin@sanofi.com.doCDGC.prod,,ACTIVE
62803,674459c2c15b061bf75f58a4,PIN0000000004S,LC81267_IND004,SLE,Systemic lupus erythematosus,CF,Ongoing,Ongoing,10020041,,MDM,2024-11-25 11:04:34.000,2025-11-01 06:54:02.000,Patrice.Darzens@sanofi.com.SAML4,cloudadmin@sanofi.com.doCDGC.prod,,ACTIVE
62804,674459cbc15b061bf75f6eca,PIN000000000OM,CHA_US_TADALAFIL_IND050,,Erectile Dysfunction,HB,Ongoing,Ongoing,10061461,G,MDM,2024-11-25 11:04:43.000,2025-09-10 05:52:44.000,Patrice.Darzens@sanofi.com.SAML4,cloudadmin@sanofi.com.doCDGC.prod,,ACTIVE
62805,674459cbc15b061bf75f6ecb,PIN000000000ON,CHC_BIH2448_IND050,,BPH,HB,Ongoing,Ongoing,10004446,G,MDM,2024-11-25 11:04:43.000,2025-04-12 05:51:01.000,Patrice.Darzens@sanofi.com.SAML4,cloudadmin@sanofi.com.doCDGC.prod,,ACTIVE
62806,674459cbc15b061bf75f6ece,PIN000000000OQ,CHC_NC0304_INDIC_OTHERS,,Indication for Others file,HB,,,,,MDM,2024-11-25 11:04:43.000,2025-04-12 05:50:58.000,Patrice.Darzens@sanofi.com.SAML4,cloudadmin@sanofi.com.doCDGC.prod,,ACTIVE
62807,674459cbc15b061bf75f6ed2,PIN000000000OU,CHC_SH41015_IND050,,Allergy,HB,Ongoing,Ongoing,10020751,A,MDM,2024-11-25 11:04:43.000,2025-04-12 05:50:58.000,Patrice.Darzens@sanofi.com.SAML4,cloudadmin@sanofi.com.doCDGC.prod,,ACTIVE
62808,674459cbc15b061bf75f6ed3,PIN000000000OV,CHC_SH41058P_INDIC_OTHERS,,Indication for Others file,HB,,,10033371,V,MDM,2024-11-25 11:04:43.000,2025-04-12 05:51:04.000,Patrice.Darzens@sanofi.com.SAML4,cloudadmin@sanofi.com.doCDGC.prod,,ACTIVE
62809,674459cbc15b061bf75f6ed4,PIN000000000OW,CHC_SSR29263_IND050,,Diarrhea,HB,Ongoing,Ongoing,10012727,A,MDM,2024-11-25 11:04:43.000,2025-04-12 05:50:55.000,Patrice.Darzens@sanofi.com.SAML4,cloudadmin@sanofi.com.doCDGC.prod,,ACTIVE
62810,674459cbc15b061bf75f6ed5,PIN000000000OX,CHC_X107_IND050,,Anemia (ANMMD),HB,Completed,Completed inactive,10002034,A,MDM,2024-11-25 11:04:43.000,2025-04-12 05:50:24.000,Patrice.Darzens@sanofi.com.SAML4,cloudadmin@sanofi.com.doCDGC.prod,,ACTIVE
62811,674459ccc15b061bf75f703a,PIN000000000P0,DC00674_INDIC_OTHERS,,Indication for Others file,JA,Stopped,Stopped inactive,,,MDM,2024-11-25 11:04:44.000,2025-04-12 05:50:55.000,Patrice.Darzens@sanofi.com.SAML4,cloudadmin@sanofi.com.doCDGC.prod,,ACTIVE
62812,674459ccc15b061bf75f703d,PIN000000000P3,DC00968_INDIC_OTHERS,,Indication for Others file,BK,,,,,MDM,2024-11-25 11:04:44.000,2025-04-12 05:50:42.000,Patrice.Darzens@sanofi.com.SAML4,cloudadmin@sanofi.com.doCDGC.prod,,ACTIVE
62813,674459ccc15b061bf75f703f,PIN000000000P5,DC01111_INDIC_OTHERS,,Indication for Others file,DB,,,,,MDM,2024-11-25 11:04:44.000,2025-04-12 05:50:35.000,Patrice.Darzens@sanofi.com.SAML4,cloudadmin@sanofi.com.doCDGC.prod,,ACTIVE
62814,674459ccc15b061bf75f7044,PIN000000000PA,DC01240_INDIC_OTHERS,,Indication for Others file,DB,,,,,MDM,2024-11-25 11:04:44.000,2025-04-12 05:50:56.000,Patrice.Darzens@sanofi.com.SAML4,cloudadmin@sanofi.com.doCDGC.prod,,ACTIVE
62815,674459ccc15b061bf75f7046,PIN000000000PC,DC01244_INDIC_OTHERS,,Indication for Others file,JD,,,,,MDM,2024-11-25 11:04:44.000,2025-04-12 05:50:58.000,Patrice.Darzens@sanofi.com.SAML4,cloudadmin@sanofi.com.doCDGC.prod,,ACTIVE
62816,674459ccc15b061bf75f7047,PIN000000000PD,DC01253_INDIC_OTHERS,,Indication for Others file,DB,,,,,MDM,2024-11-25 11:04:44.000,2025-04-12 05:50:43.000,Patrice.Darzens@sanofi.com.SAML4,cloudadmin@sanofi.com.doCDGC.prod,,ACTIVE
62817,674459ccc15b061bf75f7048,PIN000000000PE,DC01258_INDIC_OTHERS,,Indication for Others file,DB,,,,,MDM,2024-11-25 11:04:44.000,2025-04-12 05:51:06.000,Patrice.Darzens@sanofi.com.SAML4,cloudadmin@sanofi.com.doCDGC.prod,,ACTIVE
62818,674459ccc15b061bf75f704a,PIN000000000PG,DC01283_INDIC_OTHERS,,Indication for Others file,DB,,,,,MDM,2024-11-25 11:04:44.000,2025-06-14 05:53:04.000,Patrice.Darzens@sanofi.com.SAML4,cloudadmin@sanofi.com.doCDGC.prod,,ACTIVE
62819,674459ccc15b061bf75f704b,PIN000000000PH,DC01286_INDIC_OTHERS,,DC01286 - iCMC Digital Transformation,DD,,,,,MDM,2024-11-25 11:04:44.000,2026-01-01 06:50:36.000,Patrice.Darzens@sanofi.com.SAML4,cloudadmin@sanofi.com.doCDGC.prod,,ACTIVE
62820,674459ccc15b061bf75f704d,PIN000000000PJ,DC01290_INDIC_OTHERS,,Indication for Others file,DB,Ongoing,Ongoing,,,MDM,2024-11-25 11:04:44.000,2025-04-12 05:51:03.000,Patrice.Darzens@sanofi.com.SAML4,cloudadmin@sanofi.com.doCDGC.prod,,ACTIVE
62821,674459ccc15b061bf75f7055,PIN000000000PR,DC01304_INDIC_OTHERS,,Indication for Others file,BF,,,,,MDM,2024-11-25 11:04:44.000,2025-04-12 05:50:54.000,Patrice.Darzens@sanofi.com.SAML4,cloudadmin@sanofi.com.doCDGC.prod,,ACTIVE
62822,674459ccc15b061bf75f7056,PIN000000000PS,DC01305_INDIC_OTHERS,,Indication for Others file,BH,,,,,MDM,2024-11-25 11:04:44.000,2025-04-12 05:50:44.000,Patrice.Darzens@sanofi.com.SAML4,cloudadmin@sanofi.com.doCDGC.prod,,ACTIVE
62823,674459ccc15b061bf75f7058,PIN000000000PU,DC01307_INDIC_OTHERS,,Indication for Others file,BI,,,,,MDM,2024-11-25 11:04:44.000,2025-04-12 05:50:39.000,Patrice.Darzens@sanofi.com.SAML4,cloudadmin@sanofi.com.doCDGC.prod,,ACTIVE
62824,674459ccc15b061bf75f7059,PIN000000000PV,DC01311_IND001,,Global Proj & Portfolio Mgmnt,BP,,,,,MDM,2024-11-25 11:04:44.000,2025-04-12 05:51:04.000,Patrice.Darzens@sanofi.com.SAML4,cloudadmin@sanofi.com.doCDGC.prod,,ACTIVE
62825,674459ccc15b061bf75f705b,PIN000000000PX,GRP0003_IND001,,Indication for New Vaccine Indication Template,,,,,,MDM,2024-11-25 11:04:44.000,2025-04-15 05:51:54.000,Patrice.Darzens@sanofi.com.SAML4,cloudadmin@sanofi.com.doCDGC.prod,,ACTIVE
62826,674459ccc15b061bf75f705c,PIN000000000PY,GZ385660_IND001,GD1,Gaucher Disease Type I,BH,Completed,Completed active,10018048,A,MDM,2024-11-25 11:04:44.000,2026-01-21 06:50:21.000,Patrice.Darzens@sanofi.com.SAML4,cloudadmin@sanofi.com.doCDGC.prod,LCM,ACTIVE
62827,674459ccc15b061bf75f7065,PIN000000000Q7,GZ402668_IND001,PMS,Progressive Multiple Sclerosis,BF,Stopped,Stopped inactive,10028245,N,MDM,2024-11-25 11:04:44.000,2025-04-12 05:50:44.000,Patrice.Darzens@sanofi.com.SAML4,cloudadmin@sanofi.com.doCDGC.prod,Phase 1,ACTIVE
62828,674459ccc15b061bf75f7066,PIN000000000Q8,GZ402671_IND001,ADPKD,Autosomal Dominant Polycystic Kidney Disease,BH,Stopped,Stopped inactive,10036046,U,MDM,2024-11-25 11:04:44.000,2025-04-12 05:50:33.000,Patrice.Darzens@sanofi.com.SAML4,cloudadmin@sanofi.com.doCDGC.prod,Phase 3,ACTIVE
62829,674459ccc15b061bf75f7067,PIN000000000Q9,GZ402671_IND003,GD3 Add On,Gaucher Disease Type 3 -  Add On,BH,Stopped,Stopped active,10018048,A,MDM,2024-11-25 11:04:44.000,2026-01-10 06:51:50.000,Patrice.Darzens@sanofi.com.SAML4,cloudadmin@sanofi.com.doCDGC.prod,Phase 2,ACTIVE
62830,674459ccc15b061bf75f7069,PIN000000000QB,GZ402671_IND006,GM2,GM2 Gangliosidosis (Tay-Sachs and Sandhoff) - Adult & Ped - 2-17 years,BH,Stopped,Stopped active,10043147,N,MDM,2024-11-25 11:04:44.000,2026-01-24 06:51:17.000,Patrice.Darzens@sanofi.com.SAML4,cloudadmin@sanofi.com.doCDGC.prod,Phase 3,ACTIVE
62831,674459ccc15b061bf75f71ce,PIN000000000QE,GZ402671_IND010,,Gaucher Disease Type 3 - Mono - Adult & Ped,BH,Stopped,Stopped inactive,10018048,A,MDM,2024-11-25 11:04:44.000,2025-04-12 05:50:54.000,Patrice.Darzens@sanofi.com.SAML4,cloudadmin@sanofi.com.doCDGC.prod,,ACTIVE
62832,674459ccc15b061bf75f71d1,PIN000000000QH,GZ402673_IND001,RRMS,Relapsing and Remitting Multiple Sclerosis - Adult & Pediatric - 10-17 years,BF,Completed,Completed active,10063399,N,MDM,2024-11-25 11:04:44.000,2025-04-12 05:51:06.000,Patrice.Darzens@sanofi.com.SAML4,cloudadmin@sanofi.com.doCDGC.prod,LCM,ACTIVE
62833,674459ccc15b061bf75f71d4,PIN000000000QK,GZ402673_IND006,,Relapsing Forms of MS - Asia Pacific (indication transferred to Commercial),BF,Stopped,Stopped inactive,10028245,N,MDM,2024-11-25 11:04:44.000,2025-04-12 05:51:10.000,Patrice.Darzens@sanofi.com.SAML4,cloudadmin@sanofi.com.doCDGC.prod,,ACTIVE
62834,674459ccc15b061bf75f71d7,PIN000000000QN,GZ427051_IND002,T1DM,T1 Diabetes,BJ,Completed,Completed inactive,10067584,L,MDM,2024-11-25 11:04:44.000,2025-04-12 05:50:30.000,Patrice.Darzens@sanofi.com.SAML4,cloudadmin@sanofi.com.doCDGC.prod,LCM,ACTIVE
62835,674459ccc15b061bf75f71da,PIN000000000QQ,GZ427051_IND052,,Dyslipidemia,BJ,Ongoing,Ongoing,10058108,C,MDM,2024-11-25 11:04:44.000,2025-04-12 05:50:39.000,Patrice.Darzens@sanofi.com.SAML4,cloudadmin@sanofi.com.doCDGC.prod,,ACTIVE
62836,674459ccc15b061bf75f71dd,PIN000000000QT,GZE_IA_FZNEW_INDIC_OTHERS,,Indication for Others file,HB,,,,,MDM,2024-11-25 11:04:44.000,2025-04-12 05:50:57.000,Patrice.Darzens@sanofi.com.SAML4,cloudadmin@sanofi.com.doCDGC.prod,,ACTIVE
62837,674459ccc15b061bf75f71e2,PIN000000000QY,GZE_PO_SAR390530_IND052,,Non-small cell lung cancer,HB,Ongoing,Ongoing,10061873,L,MDM,2024-11-25 11:04:44.000,2025-09-30 05:51:32.000,Patrice.Darzens@sanofi.com.SAML4,cloudadmin@sanofi.com.doCDGC.prod,,ACTIVE
62838,674459ccc15b061bf75f71e5,PIN000000000R1,HMR1726_IND002,MS - Ped,Multiple Sclerosis - Ped,BF,Completed,Completed active,10028245,N,MDM,2024-11-25 11:04:44.000,2026-01-07 06:54:12.000,Patrice.Darzens@sanofi.com.SAML4,cloudadmin@sanofi.com.doCDGC.prod,LCM,ACTIVE
62839,674459ccc15b061bf75f71e6,PIN000000000R2,HMR1726_IND005,,Multiple Sclerosis - Adjunct Therapy,BF,Stopped,Stopped inactive,10028245,N,MDM,2024-11-25 11:04:44.000,2025-04-12 05:51:03.000,Patrice.Darzens@sanofi.com.SAML4,cloudadmin@sanofi.com.doCDGC.prod,,ACTIVE
62840,674459ccc15b061bf75f71e9,PIN000000000R5,HMR1726_IND050,,Multiple Sclerosis,BF,Ongoing,Ongoing,10028245,N,MDM,2024-11-25 11:04:44.000,2025-08-09 05:53:07.000,Patrice.Darzens@sanofi.com.SAML4,cloudadmin@sanofi.com.doCDGC.prod,,ACTIVE
62841,674459ccc15b061bf75f71ec,PIN000000000R8,HOE901_IND010,,Toujeo (Lantus XR) - T1DM/T2DM - U300 - Japan,BJ,Completed,Completed inactive,10012594,A,MDM,2024-11-25 11:04:44.000,2025-04-12 05:50:35.000,Patrice.Darzens@sanofi.com.SAML4,cloudadmin@sanofi.com.doCDGC.prod,LCM,ACTIVE
62842,674459ccc15b061bf75f71ed,PIN000000000R9,HOE901_IND011,,Toujeo - T1DM/T2DM - U300 - China,BJ,Completed,Completed inactive,10012594,A,MDM,2024-11-25 11:04:44.000,2025-04-12 05:51:08.000,Patrice.Darzens@sanofi.com.SAML4,cloudadmin@sanofi.com.doCDGC.prod,LCM,ACTIVE
62843,674459ccc15b061bf75f71ee,PIN000000000RA,HOE901_IND012,,Toujeo - U300 - Titration Meter,BJ,Stopped,Stopped inactive,10012594,A,MDM,2024-11-25 11:04:44.000,2025-04-12 05:51:09.000,Patrice.Darzens@sanofi.com.SAML4,cloudadmin@sanofi.com.doCDGC.prod,,ACTIVE
62844,674459ccc15b061bf75f71f0,PIN000000000RC,HOE901_IND014,,Lantus- T1DM - U100 - Pediatric (1-5yrs),BJ,Completed,Completed inactive,10067584,A,MDM,2024-11-25 11:04:44.000,2025-04-12 05:51:13.000,Patrice.Darzens@sanofi.com.SAML4,cloudadmin@sanofi.com.doCDGC.prod,LCM,ACTIVE
62845,674459ccc15b061bf75f71f3,PIN000000000RF,INDICATION_BIO_ONCO_DEV_DH,,Indication for Biologic Oncology Dev,BG,,,,L,MDM,2024-11-25 11:04:44.000,2026-01-24 06:51:40.000,Patrice.Darzens@sanofi.com.SAML4,cloudadmin@sanofi.com.doCDGC.prod,,ACTIVE
62846,674459ccc15b061bf75f71f5,PIN000000000RH,INDICATION_NANOBODY_DEV_DH,,Indication for Nanobody,BE,To be Validated,To be Validated,,,MDM,2024-11-25 11:04:44.000,2026-01-24 06:51:00.000,Patrice.Darzens@sanofi.com.SAML4,cloudadmin@sanofi.com.doCDGC.prod,,ACTIVE
62847,674459ccc15b061bf75f71f6,PIN000000000RI,INDICATION_SMALL_MOL_DEV_DH,,Indication for small molecule Dev,BE,To be Validated,To be Validated,,,MDM,2024-11-25 11:04:44.000,2025-04-12 05:50:35.000,Patrice.Darzens@sanofi.com.SAML4,cloudadmin@sanofi.com.doCDGC.prod,,ACTIVE
62848,674459ccc15b061bf75f71fc,PIN000000000RO,LC80484_IND001,Alzheimer,Alzheimer's Disease,CH,Completed,Completed inactive,10061536,,MDM,2024-11-25 11:04:44.000,2025-08-21 05:52:35.000,Patrice.Darzens@sanofi.com.SAML4,cloudadmin@sanofi.com.doCDGC.prod,,ACTIVE
62849,674459ccc15b061bf75f71fd,PIN000000000RP,LC80484_IND002,FTD,Frontotemporal Dementia,CH,Completed,Completed inactive,10068968,,MDM,2024-11-25 11:04:44.000,2025-04-12 05:50:52.000,Patrice.Darzens@sanofi.com.SAML4,cloudadmin@sanofi.com.doCDGC.prod,,ACTIVE
62850,674459ccc15b061bf75f71ff,PIN000000000RR,LC80484_IND004,ALS,Amyotrophic Lateral Sclerosis,CH,Completed,Completed inactive,10002026,,MDM,2024-11-25 11:04:44.000,2025-04-12 05:50:24.000,Patrice.Darzens@sanofi.com.SAML4,cloudadmin@sanofi.com.doCDGC.prod,,ACTIVE
62851,674459cdc15b061bf75f7365,PIN000000000RV,LC80820_SERIE_OLD,,Discovery - previous,CO,Stopped,Stopped inactive,,,MDM,2024-11-25 11:04:45.000,2025-04-12 05:50:54.000,Patrice.Darzens@sanofi.com.SAML4,cloudadmin@sanofi.com.doCDGC.prod,,ACTIVE
62852,674459cdc15b061bf75f7368,PIN000000000RY,LC80848_SERIE_SMALL_MOL_DISCO,,Discovery - Completed,CH,Completed,Completed inactive,,,MDM,2024-11-25 11:04:45.000,2025-04-12 05:50:43.000,Patrice.Darzens@sanofi.com.SAML4,cloudadmin@sanofi.com.doCDGC.prod,,ACTIVE
62853,674459cdc15b061bf75f7369,PIN000000000RZ,LC80946_IND001,AMD - Wet,Age-related macular degeneration - Wet,CS,Completed,Completed inactive,10075568,,MDM,2024-11-25 11:04:45.000,2025-04-19 05:53:21.000,Patrice.Darzens@sanofi.com.SAML4,cloudadmin@sanofi.com.doCDGC.prod,,ACTIVE
62854,674459cdc15b061bf75f736a,PIN000000000S0,LC80963_SERIE_SMALL_MOL_DISCO,,Discovery (SG/rare disease) Anti-TFGB1 mAb (Osteogenesis Imperfecta),CJ,Completed,Completed inactive,,,MDM,2024-11-25 11:04:45.000,2025-04-12 05:50:26.000,Patrice.Darzens@sanofi.com.SAML4,cloudadmin@sanofi.com.doCDGC.prod,,ACTIVE
62855,674459cdc15b061bf75f736b,PIN000000000S1,LC81016_IND001,,Discovery PKU - Internal,CJ,Stopped,Stopped inactive,10034872,,MDM,2024-11-25 11:04:45.000,2025-04-12 05:50:44.000,Patrice.Darzens@sanofi.com.SAML4,cloudadmin@sanofi.com.doCDGC.prod,,ACTIVE
62856,674459cdc15b061bf75f736c,PIN000000000S2,LC81016_IND002,,Discovery Diabetes - stopped,CJ,Stopped,Stopped inactive,,,MDM,2024-11-25 11:04:45.000,2025-04-12 05:51:11.000,Patrice.Darzens@sanofi.com.SAML4,cloudadmin@sanofi.com.doCDGC.prod,,ACTIVE
62857,674459cdc15b061bf75f736d,PIN000000000S3,LC81016_IND003,,Discovery UCD - Stopped,CJ,Stopped,Stopped inactive,,,MDM,2024-11-25 11:04:45.000,2025-04-12 05:50:47.000,Patrice.Darzens@sanofi.com.SAML4,cloudadmin@sanofi.com.doCDGC.prod,,ACTIVE
62858,674459cdc15b061bf75f736e,PIN000000000S4,LC81045_SERIE_SMALL_MOL_ONCO_DISCO,,Discovery,CI,Stopped,Stopped inactive,,,MDM,2024-11-25 11:04:45.000,2025-04-12 05:50:37.000,Patrice.Darzens@sanofi.com.SAML4,cloudadmin@sanofi.com.doCDGC.prod,,ACTIVE
62859,674459cdc15b061bf75f736f,PIN000000000S5,LC81095_IND001,RA,Rheumatoid Arthritis,CF,Ongoing,Ongoing,10039073,,MDM,2024-11-25 11:04:45.000,2026-01-20 06:53:22.000,Patrice.Darzens@sanofi.com.SAML4,cloudadmin@sanofi.com.doCDGC.prod,,ACTIVE
62860,674459cdc15b061bf75f7370,PIN000000000S6,LC81095_IND003,,BU2 -Tricyclics Series - Stopped,CF,Stopped,Stopped inactive,,,MDM,2024-11-25 11:04:45.000,2025-04-12 05:50:58.000,Patrice.Darzens@sanofi.com.SAML4,cloudadmin@sanofi.com.doCDGC.prod,,ACTIVE
62861,674459cdc15b061bf75f7371,PIN000000000S7,LC81095_IND008,IBD,Inflammatory Bowel Disease,CF,Ongoing,Ongoing,10021972,,MDM,2024-11-25 11:04:45.000,2025-11-01 06:54:10.000,Patrice.Darzens@sanofi.com.SAML4,cloudadmin@sanofi.com.doCDGC.prod,,ACTIVE
62862,674459cdc15b061bf75f7373,PIN000000000S9,LC81140_IND001,DM1,Myotonic Dystrophy Type 1,CO,Completed,Completed inactive,10068871,,MDM,2024-11-25 11:04:45.000,2025-04-12 05:50:50.000,Patrice.Darzens@sanofi.com.SAML4,cloudadmin@sanofi.com.doCDGC.prod,,ACTIVE
62863,674459cdc15b061bf75f7374,PIN000000000SA,LC81166_SERIE_BIO_DISCO,,Discovery,CF,Stopped,Stopped inactive,10003553,,MDM,2024-11-25 11:04:45.000,2025-04-12 05:50:57.000,Patrice.Darzens@sanofi.com.SAML4,cloudadmin@sanofi.com.doCDGC.prod,,ACTIVE
62864,674459cdc15b061bf75f7376,PIN000000000SC,LC81186_IND001,,Discovery,CO,Completed,Completed inactive,10067609,,MDM,2024-11-25 11:04:45.000,2025-04-12 05:50:28.000,Patrice.Darzens@sanofi.com.SAML4,cloudadmin@sanofi.com.doCDGC.prod,,ACTIVE
62865,674459cdc15b061bf75f7377,PIN000000000SD,LC81188_IND001,AD,Atopic Dermatitis,CF,Completed,Completed active,10012438,,MDM,2024-11-25 11:04:45.000,2025-10-03 05:51:09.000,Patrice.Darzens@sanofi.com.SAML4,cloudadmin@sanofi.com.doCDGC.prod,,ACTIVE
62866,674459cdc15b061bf75f7378,PIN000000000SE,LC81192_SERIE_BIO_ONCO_DISCO,,Discovery,CI,Stopped,Stopped inactive,,,MDM,2024-11-25 11:04:45.000,2025-04-12 05:50:58.000,Patrice.Darzens@sanofi.com.SAML4,cloudadmin@sanofi.com.doCDGC.prod,,ACTIVE
62867,674459cdc15b061bf75f737a,PIN000000000SG,LC81206_SERIE_BIO_DISCO,,Discovery,CF,Stopped,Stopped inactive,,,MDM,2024-11-25 11:04:45.000,2026-01-24 06:49:51.000,Patrice.Darzens@sanofi.com.SAML4,cloudadmin@sanofi.com.doCDGC.prod,,ACTIVE
62868,674459cdc15b061bf75f737b,PIN000000000SH,LC81211_IND001,Alzheimer,Alzheimer's Disease,CH,Completed,Completed active,10001896,,MDM,2024-11-25 11:04:45.000,2025-12-19 06:52:11.000,Patrice.Darzens@sanofi.com.SAML4,cloudadmin@sanofi.com.doCDGC.prod,,ACTIVE
62869,674459cdc15b061bf75f737c,PIN000000000SI,LC81222_IND001,RA,Rheumatoid Arthritis,CF,Ongoing,Ongoing,10039073,,MDM,2024-11-25 11:04:45.000,2026-01-22 06:50:14.000,Patrice.Darzens@sanofi.com.SAML4,cloudadmin@sanofi.com.doCDGC.prod,,ACTIVE
62870,674459cdc15b061bf75f737e,PIN000000000SK,LC81222_IND004,Transplant,Transplantation,CF,Ongoing,Ongoing,10057677,,MDM,2024-11-25 11:04:45.000,2025-11-07 06:50:24.000,Patrice.Darzens@sanofi.com.SAML4,cloudadmin@sanofi.com.doCDGC.prod,,ACTIVE
62871,674459cdc15b061bf75f7381,PIN000000000SN,LC81237_IND002,Asthma,Asthma,CF,Completed,Completed inactive,10003553,,MDM,2024-11-25 11:04:45.000,2025-04-12 05:50:54.000,Patrice.Darzens@sanofi.com.SAML4,cloudadmin@sanofi.com.doCDGC.prod,,ACTIVE
62872,674459cdc15b061bf75f7383,PIN000000000SP,LC81241_SERIE_BIO_DISCO,,Discovery,CF,Stopped,Stopped inactive,10009868,,MDM,2024-11-25 11:04:45.000,2025-04-12 05:50:52.000,Patrice.Darzens@sanofi.com.SAML4,cloudadmin@sanofi.com.doCDGC.prod,,ACTIVE
62873,674459cdc15b061bf75f7384,PIN000000000SQ,LC81247_IND001,,Discovery,CH,Stopped,Stopped inactive,10028245,,MDM,2024-11-25 11:04:45.000,2025-04-12 05:50:54.000,Patrice.Darzens@sanofi.com.SAML4,cloudadmin@sanofi.com.doCDGC.prod,,ACTIVE
62874,674459cdc15b061bf75f7385,PIN000000000SR,LC81248_IND001,MS,Multiple Sclerosis - back up SAR445992 - Completed,CH,Completed,Completed inactive,10028245,,MDM,2024-11-25 11:04:45.000,2025-12-11 06:52:26.000,Patrice.Darzens@sanofi.com.SAML4,cloudadmin@sanofi.com.doCDGC.prod,,ACTIVE
62875,674459cdc15b061bf75f7388,PIN000000000SU,LC81253_IND001,,Discovery,CF,Stopped,Stopped inactive,10042945,,MDM,2024-11-25 11:04:45.000,2025-04-12 05:50:43.000,Patrice.Darzens@sanofi.com.SAML4,cloudadmin@sanofi.com.doCDGC.prod,,ACTIVE
62876,674459cdc15b061bf75f7389,PIN000000000SV,LC81254_IND001,,Discovery,CJ,Completed,Completed inactive,10053185,,MDM,2024-11-25 11:04:45.000,2025-04-12 05:51:07.000,Patrice.Darzens@sanofi.com.SAML4,cloudadmin@sanofi.com.doCDGC.prod,,ACTIVE
62877,674459cdc15b061bf75f738c,PIN000000000SY,LC81257_IND001,,Discovery,CI,Stopped,Stopped inactive,10029547,,MDM,2024-11-25 11:04:45.000,2025-04-12 05:50:56.000,Patrice.Darzens@sanofi.com.SAML4,cloudadmin@sanofi.com.doCDGC.prod,,ACTIVE
62878,674459d1c15b061bf75f84ed,PIN0000000018D,SIC00042_INDIC_OTHERS,,Indication for Others file,HB,,,,,MDM,2024-11-25 11:04:49.000,2025-04-12 05:51:02.000,Patrice.Darzens@sanofi.com.SAML4,cloudadmin@sanofi.com.doCDGC.prod,,ACTIVE
62879,674459d1c15b061bf75f8653,PIN0000000018H,SIC00161_INDIC_OTHERS,,Indication for Others file,HB,,,,,MDM,2024-11-25 11:04:49.000,2025-04-12 05:50:49.000,Patrice.Darzens@sanofi.com.SAML4,cloudadmin@sanofi.com.doCDGC.prod,,ACTIVE
62880,674459d1c15b061bf75f8654,PIN0000000018I,SIC00182_INDIC_OTHERS,,Indication for Others file,HB,,,10039073,L,MDM,2024-11-25 11:04:49.000,2025-12-18 06:50:43.000,Patrice.Darzens@sanofi.com.SAML4,cloudadmin@sanofi.com.doCDGC.prod,,ACTIVE
62881,674459d1c15b061bf75f8656,PIN0000000018K,SIC00222_IND001,,Indication for Others file,HB,,,10012438,D,MDM,2024-11-25 11:04:49.000,2026-01-01 06:50:42.000,Patrice.Darzens@sanofi.com.SAML4,cloudadmin@sanofi.com.doCDGC.prod,,ACTIVE
62882,674459d1c15b061bf75f865a,PIN0000000018O,SIC00282_INDIC_OTHERS,,Gastritis,HB,,,10061218,A,MDM,2024-11-25 11:04:49.000,2025-09-10 05:52:46.000,Patrice.Darzens@sanofi.com.SAML4,cloudadmin@sanofi.com.doCDGC.prod,,ACTIVE
62883,674459d1c15b061bf75f865b,PIN0000000018P,SIC00303_IND001,,Depressive disorder,HB,,,10012378,N,MDM,2024-11-25 11:04:49.000,2025-04-12 05:51:03.000,Patrice.Darzens@sanofi.com.SAML4,cloudadmin@sanofi.com.doCDGC.prod,,ACTIVE
62884,674459d1c15b061bf75f865c,PIN0000000018Q,SIC00322_IND001,,Pain,HB,,,10033371,N,MDM,2024-11-25 11:04:49.000,2025-04-12 05:50:24.000,Patrice.Darzens@sanofi.com.SAML4,cloudadmin@sanofi.com.doCDGC.prod,,ACTIVE
62885,674459d1c15b061bf75f865d,PIN0000000018R,SIC00323_IND001,,Pain,HB,,,10033371,N,MDM,2024-11-25 11:04:49.000,2025-04-12 05:51:07.000,Patrice.Darzens@sanofi.com.SAML4,cloudadmin@sanofi.com.doCDGC.prod,,ACTIVE
62886,674459d1c15b061bf75f865f,PIN0000000018T,SIC00343_IND001,,Indication for Others file,HB,,,10012378,N,MDM,2024-11-25 11:04:49.000,2025-09-10 05:52:29.000,Patrice.Darzens@sanofi.com.SAML4,cloudadmin@sanofi.com.doCDGC.prod,,ACTIVE
62887,674459d1c15b061bf75f8660,PIN0000000018U,SIC00344_IND001,,Indication for Others file,HB,,,10039085,R,MDM,2024-11-25 11:04:49.000,2026-01-20 06:53:25.000,Patrice.Darzens@sanofi.com.SAML4,cloudadmin@sanofi.com.doCDGC.prod,,ACTIVE
62888,674459d1c15b061bf75f8661,PIN0000000018V,SIC00346_IND001,,Indication for Others file,HB,,,10033371,V,MDM,2024-11-25 11:04:49.000,2025-09-10 05:53:00.000,Patrice.Darzens@sanofi.com.SAML4,cloudadmin@sanofi.com.doCDGC.prod,,ACTIVE
62889,674459d1c15b061bf75f8662,PIN0000000018W,SIC00347_IND001,,DEP - Depressive disorder,HB,,,10012378,N,MDM,2024-11-25 11:04:49.000,2025-09-24 05:53:04.000,Patrice.Darzens@sanofi.com.SAML4,cloudadmin@sanofi.com.doCDGC.prod,,ACTIVE
62890,674459d1c15b061bf75f8667,PIN00000000191,SIC00464_IND001,,DEP - Depressive disorder,HB,,,,,MDM,2024-11-25 11:04:49.000,2025-09-10 05:52:51.000,Patrice.Darzens@sanofi.com.SAML4,cloudadmin@sanofi.com.doCDGC.prod,,ACTIVE
62891,674459d1c15b061bf75f866a,PIN00000000194,SP0056_IND001,,Common activities - Dengue Vaccine,,Completed,Completed active,10021430,VACC,MDM,2024-11-25 11:04:49.000,2025-05-09 05:50:38.000,Patrice.Darzens@sanofi.com.SAML4,cloudadmin@sanofi.com.doCDGC.prod,,ACTIVE
62892,674459d1c15b061bf75f866e,PIN00000000198,SP0171_IND001,Adult/3Y+,First Licensure - adults/3Y+,,Completed,Completed active,10021430,VACC,MDM,2024-11-25 11:04:49.000,2025-04-15 05:51:32.000,Patrice.Darzens@sanofi.com.SAML4,cloudadmin@sanofi.com.doCDGC.prod,,ACTIVE
62893,674459d1c15b061bf75f8671,PIN0000000019B,SP0178_IND001,US,First Licensure - Flu QIV HD US,,Completed,Completed active,10022000,VACC,MDM,2024-11-25 11:04:49.000,2025-10-31 06:51:42.000,Patrice.Darzens@sanofi.com.SAML4,cloudadmin@sanofi.com.doCDGC.prod,,ACTIVE
62894,674459d1c15b061bf75f8672,PIN0000000019C,SP0178_IND002,JP,Japan - Flu QIV/TIV HD,,Completed,Completed active,10022000,VACC,MDM,2024-11-25 11:04:49.000,2025-12-04 06:50:36.000,Patrice.Darzens@sanofi.com.SAML4,cloudadmin@sanofi.com.doCDGC.prod,Post-Licence,ACTIVE
62895,674459d1c15b061bf75f8676,PIN0000000019G,SP0202_IND003,S. pneumoniae disease - Ped,Streptococcus pneumoniae disease - Pediatric,,Ongoing,Ongoing,10092606,VACC,MDM,2024-11-25 11:04:49.000,2025-12-06 06:53:12.000,Patrice.Darzens@sanofi.com.SAML4,cloudadmin@sanofi.com.doCDGC.prod,Phase 3,ACTIVE
62896,674459d1c15b061bf75f8677,PIN0000000019H,SP0202_IND004,PCV - Adult - CN,STOPPED China Adults - Skypac,,Stopped,Stopped active,10092606,VACC,MDM,2024-11-25 11:04:49.000,2026-01-24 06:50:17.000,Patrice.Darzens@sanofi.com.SAML4,cloudadmin@sanofi.com.doCDGC.prod,,ACTIVE
62897,674459d1c15b061bf75f8679,PIN0000000019J,SP0206_IND006,,New Target - 2024 non mRNA,,Completed,Completed inactive,10021430,VACC,MDM,2024-11-25 11:04:49.000,2025-04-12 05:51:11.000,Patrice.Darzens@sanofi.com.SAML4,cloudadmin@sanofi.com.doCDGC.prod,,ACTIVE
62898,674459d1c15b061bf75f867a,PIN0000000019K,SP0206_IND010,2029 M0 non mRNA,New Target M0 - 2029 non mRNA,,To be Validated,To be Validated,10021430,VACC,MDM,2024-11-25 11:04:49.000,2026-01-08 07:09:27.000,Patrice.Darzens@sanofi.com.SAML4,cloudadmin@sanofi.com.doCDGC.prod,,ACTIVE
62899,674459d1c15b061bf75f867b,PIN0000000019L,SP0208_IND001,,Common Activities,,Completed,Completed active,10021430,VACC,MDM,2024-11-25 11:04:49.000,2026-01-24 06:50:31.000,Patrice.Darzens@sanofi.com.SAML4,cloudadmin@sanofi.com.doCDGC.prod,Post-Licence,ACTIVE
62900,674459d1c15b061bf75f8680,PIN0000000019Q,SP0234_IND002,Flu - Ped,Flu - Pediatric,,Completed,Completed active,10022000,VACC,MDM,2024-11-25 11:04:49.000,2025-05-10 05:51:25.000,Patrice.Darzens@sanofi.com.SAML4,cloudadmin@sanofi.com.doCDGC.prod,Post-Licence,ACTIVE
62901,674459d1c15b061bf75f8681,PIN0000000019R,SP0236_IND002,H7 Peds,Indication for H7 Peds - Cancelled,,Stopped,Stopped active,10022000,VACC,MDM,2024-11-25 11:04:49.000,2025-10-21 05:51:04.000,Patrice.Darzens@sanofi.com.SAML4,cloudadmin@sanofi.com.doCDGC.prod,Preclinical,ACTIVE
62902,674459d1c15b061bf75f8682,PIN0000000019S,SP0236_IND003,H5/H7 AD,Indication for H5/H7 antigen design - Cancelled,,Stopped,Stopped active,10022000,VACC,MDM,2024-11-25 11:04:49.000,2025-12-11 06:51:49.000,Patrice.Darzens@sanofi.com.SAML4,cloudadmin@sanofi.com.doCDGC.prod,M0-M2,ACTIVE
62903,674459d1c15b061bf75f8683,PIN0000000019T,SP0236_IND004,AF03+ H5/H7,Indication for AF03+ H5/H7 - Cancelled,,Not Validated,Not Validated,10022000,VACC,MDM,2024-11-25 11:04:49.000,2025-12-11 06:51:07.000,Patrice.Darzens@sanofi.com.SAML4,cloudadmin@sanofi.com.doCDGC.prod,M0-M2,ACTIVE
62904,674459d2c15b061bf75f87e7,PIN0000000019V,SP0239_IND001,DT 2cpP Polio Hep B Hib diseases - CN,Diphteria+Tetanus+Pertussis+Poliomyelitis+Hepatitis B+ Haemophilus Influenza Type B diseases - China,,Ongoing,Ongoing,10021430,VACC,MDM,2024-11-25 11:04:50.000,2026-01-22 06:50:21.000,Patrice.Darzens@sanofi.com.SAML4,cloudadmin@sanofi.com.doCDGC.prod,Initiation,ACTIVE
62905,674459d2c15b061bf75f87e8,PIN0000000019W,SP0240_IND001,,Common activities - Adacel - CN,,Stopped,Stopped active,10021430,VACC,MDM,2024-11-25 11:04:50.000,2025-04-15 05:51:41.000,Patrice.Darzens@sanofi.com.SAML4,cloudadmin@sanofi.com.doCDGC.prod,,ACTIVE
62906,674459d2c15b061bf75f87eb,PIN0000000019Z,SP0242_IND003,Tetanus,Tetanus,,Ongoing,Ongoing,10043376,VACC,MDM,2024-11-25 11:04:50.000,2026-01-21 06:50:53.000,Patrice.Darzens@sanofi.com.SAML4,cloudadmin@sanofi.com.doCDGC.prod,Regulatory submission,ACTIVE
62907,674459d2c15b061bf75f87ec,PIN000000001A0,SP0245_IND001,,Common activities - Gonorrhea,,Stopped,Stopped active,10021430,VACC,MDM,2024-11-25 11:04:50.000,2026-01-22 06:50:40.000,Patrice.Darzens@sanofi.com.SAML4,cloudadmin@sanofi.com.doCDGC.prod,,ACTIVE
62908,674459d2c15b061bf75f87ed,PIN000000001A1,SP0247_IND001,RSV+hMPV+PIV3 disease - toddlers,RSV+hMPV+PIV3 disease - toddlers,,Ongoing,Ongoing,10061603,VACC,MDM,2024-11-25 11:04:50.000,2025-08-09 05:53:00.000,Patrice.Darzens@sanofi.com.SAML4,cloudadmin@sanofi.com.doCDGC.prod,M0-M2,ACTIVE
62909,674459d2c15b061bf75f87ee,PIN000000001A2,SP0253_IND001,Booster,Common activities - Recombinant Covid-19,,Completed,Completed active,10021430,VACC,MDM,2024-11-25 11:04:50.000,2025-09-13 05:50:40.000,Patrice.Darzens@sanofi.com.SAML4,cloudadmin@sanofi.com.doCDGC.prod,Post-Launch,ACTIVE
62910,674459d2c15b061bf75f87ef,PIN000000001A3,SP0254_IND001,,Common activities - COVID-19 mRNA,,Stopped,Stopped active,10021430,VACC,MDM,2024-11-25 11:04:50.000,2025-05-09 05:50:40.000,Patrice.Darzens@sanofi.com.SAML4,cloudadmin@sanofi.com.doCDGC.prod,,ACTIVE
62911,674459d2c15b061bf75f87f2,PIN000000001A6,SP0256_IND002,RSVoa CTriv,See SP0291,,Stopped,Stopped inactive,10061603,VACC,MDM,2024-11-25 11:04:50.000,2025-05-28 05:51:02.000,Patrice.Darzens@sanofi.com.SAML4,cloudadmin@sanofi.com.doCDGC.prod,Preclinical,ACTIVE
62912,674459d2c15b061bf75f87f4,PIN000000001A8,SP0273_IND005,CN,Flu QIV mRNA - China,,Stopped,Stopped active,10021430,VACC,MDM,2024-11-25 11:04:50.000,2025-12-19 06:52:12.000,Patrice.Darzens@sanofi.com.SAML4,cloudadmin@sanofi.com.doCDGC.prod,,ACTIVE
62913,674459d2c15b061bf75f87f6,PIN000000001AA,SP0275_IND001,Periodontitis & T2D,Periodontitis & Type 2 Diabetes,,Stopped,Stopped active,10067585,VACC,MDM,2024-11-25 11:04:50.000,2025-12-06 06:52:32.000,Patrice.Darzens@sanofi.com.SAML4,cloudadmin@sanofi.com.doCDGC.prod,M0-M2,ACTIVE
62914,674459d2c15b061bf75f87f7,PIN000000001AB,SP0277_IND001,2023 M0 mRNA EBV,New Target M0 - 2023 mRNA EBV,,Completed,Completed active,10021430,VACC,MDM,2024-11-25 11:04:50.000,2025-10-30 06:51:10.000,Patrice.Darzens@sanofi.com.SAML4,cloudadmin@sanofi.com.doCDGC.prod,,ACTIVE
62915,674459d2c15b061bf75f87f9,PIN000000001AD,SP0277_IND006,2025 M0 mRNA 2,New Target M0 - 2025 mRNA 2 - Chlamydia - Gono Combo,,To be Validated,To be Validated,10021430,VACC,MDM,2024-11-25 11:04:50.000,2025-10-30 06:51:07.000,Patrice.Darzens@sanofi.com.SAML4,cloudadmin@sanofi.com.doCDGC.prod,Pre-M0,ACTIVE
62916,674459d2c15b061bf75f87fb,PIN000000001AF,SP0277_IND012,2027 M0 mRNA,New Target M0 - 2027 mRNA,,To be Validated,To be Validated,10021430,VACC,MDM,2024-11-25 11:04:50.000,2026-01-24 06:50:40.000,Patrice.Darzens@sanofi.com.SAML4,cloudadmin@sanofi.com.doCDGC.prod,Pre-M0,ACTIVE
62917,674459d2c15b061bf75f87fd,PIN000000001AH,SP0277_IND016,2030 M0 mRNA,New Target M0 - 2030 mRNA,,To be Validated,To be Validated,10021430,VACC,MDM,2024-11-25 11:04:50.000,2026-01-22 06:50:10.000,Patrice.Darzens@sanofi.com.SAML4,cloudadmin@sanofi.com.doCDGC.prod,Pre-M0,ACTIVE
62918,674459d2c15b061bf75f87ff,PIN000000001AJ,SP0283_IND001,,Combo Flublok + mRNA Covid19,,Stopped,Stopped active,10021430,VACC,MDM,2024-11-25 11:04:50.000,2025-11-25 06:53:50.000,Patrice.Darzens@sanofi.com.SAML4,cloudadmin@sanofi.com.doCDGC.prod,Phase 1,ACTIVE
62919,674459d2c15b061bf75f8803,PIN000000001AN,SP0293_IND001,UTI,Urinary tract infection,,Not Validated,Not Validated,10046571,VACC,MDM,2024-11-25 11:04:50.000,2026-01-09 08:02:07.000,Patrice.Darzens@sanofi.com.SAML4,cloudadmin@sanofi.com.doCDGC.prod,M0-M2,ACTIVE
62920,674459d2c15b061bf75f8807,PIN000000001AR,SPA_RD_PLC16005_INDIC_OTHERS,,Indication for Others file,HB,,,,,MDM,2024-11-25 11:04:50.000,2025-04-25 05:52:47.000,Patrice.Darzens@sanofi.com.SAML4,cloudadmin@sanofi.com.doCDGC.prod,,ACTIVE
62921,674459d2c15b061bf75f8808,PIN000000001AS,SPA_RD_PLC16022_INDIC_OTHERS,,Indication for Others file,HB,,,,,MDM,2024-11-25 11:04:50.000,2025-04-25 05:52:39.000,Patrice.Darzens@sanofi.com.SAML4,cloudadmin@sanofi.com.doCDGC.prod,,ACTIVE
62922,674459d2c15b061bf75f8809,PIN000000001AT,SPA_RD_PLC17031_INDIC_OTHERS,,Indication for Others file,HB,,,10021430,VACC,MDM,2024-11-25 11:04:50.000,2025-04-25 05:52:54.000,Patrice.Darzens@sanofi.com.SAML4,cloudadmin@sanofi.com.doCDGC.prod,,ACTIVE
62923,674459d2c15b061bf75f880a,PIN000000001AU,SPA_RD_PPI11184_INDIC_OTHERS,,Indication for Others file,HB,,,10021430,VACC,MDM,2024-11-25 11:04:50.000,2025-04-25 05:53:00.000,Patrice.Darzens@sanofi.com.SAML4,cloudadmin@sanofi.com.doCDGC.prod,,ACTIVE
62924,674459d2c15b061bf75f880b,PIN000000001AV,SPA_RD_SP0047_IND050,,Vaccines,HB,Stopped,Stopped inactive,10021430,VACC,MDM,2024-11-25 11:04:50.000,2025-05-29 06:09:28.000,Patrice.Darzens@sanofi.com.SAML4,cloudadmin@sanofi.com.doCDGC.prod,,ACTIVE
62925,674459d2c15b061bf75f880c,PIN000000001AW,SPA_RD_SP0056_INDIC_OTHERS,,Indication for Others file,HB,,,10021430,VACC,MDM,2024-11-25 11:04:50.000,2025-04-12 05:50:37.000,Patrice.Darzens@sanofi.com.SAML4,cloudadmin@sanofi.com.doCDGC.prod,,ACTIVE
62926,674459d2c15b061bf75f880f,PIN000000001AZ,SPA_RD_SP0178_IND050,,Vaccines,HB,Stopped,Stopped inactive,10021430,VACC,MDM,2024-11-25 11:04:50.000,2025-05-29 06:09:20.000,Patrice.Darzens@sanofi.com.SAML4,cloudadmin@sanofi.com.doCDGC.prod,,ACTIVE
62927,674459d2c15b061bf75f8812,PIN000000001B2,SPA_RD_SP0230_INDIC_OTHERS,,Indication for Others file,HB,,,10021430,VACC,MDM,2024-11-25 11:04:50.000,2025-04-25 05:52:35.000,Patrice.Darzens@sanofi.com.SAML4,cloudadmin@sanofi.com.doCDGC.prod,,ACTIVE
62928,674459d2c15b061bf75f8813,PIN000000001B3,SPA_RD_SP0232_IND001,,Indication for Others file,HB,,,,,MDM,2024-11-25 11:04:50.000,2025-04-12 05:51:03.000,Patrice.Darzens@sanofi.com.SAML4,cloudadmin@sanofi.com.doCDGC.prod,,ACTIVE
62929,674459d2c15b061bf75f8815,PIN000000001B5,SPA_RD_SP0234_IND050,,Vaccines,HB,Stopped,Stopped inactive,10021430,VACC,MDM,2024-11-25 11:04:50.000,2025-05-29 06:09:44.000,Patrice.Darzens@sanofi.com.SAML4,cloudadmin@sanofi.com.doCDGC.prod,,ACTIVE
62930,674459d2c15b061bf75f8816,PIN000000001B6,SPA_RD_SP0234_INDIC_OTHERS,,Indication for Others file,HB,,,10021430,VACC,MDM,2024-11-25 11:04:50.000,2025-04-12 05:50:46.000,Patrice.Darzens@sanofi.com.SAML4,cloudadmin@sanofi.com.doCDGC.prod,,ACTIVE
62931,674459d2c15b061bf75f8817,PIN000000001B7,SPA_RD_SP0236_INDIC_OTHERS,,Indication for Others file,HB,,,10021430,VACC,MDM,2024-11-25 11:04:50.000,2025-04-25 05:52:36.000,Patrice.Darzens@sanofi.com.SAML4,cloudadmin@sanofi.com.doCDGC.prod,,ACTIVE
62932,674459d2c15b061bf75f8950,PIN000000001B8,SPA_RD_SP0238_IND050,,Vaccines,HB,Stopped,Stopped inactive,10021430,VACC,MDM,2024-11-25 11:04:50.000,2025-05-29 06:09:32.000,Patrice.Darzens@sanofi.com.SAML4,cloudadmin@sanofi.com.doCDGC.prod,,ACTIVE
62933,674459d2c15b061bf75f8951,PIN000000001B9,SPA_RD_SP0239_IND050,,Vaccines,HB,Stopped,Stopped inactive,10021430,VACC,MDM,2024-11-25 11:04:50.000,2025-05-29 06:09:24.000,Patrice.Darzens@sanofi.com.SAML4,cloudadmin@sanofi.com.doCDGC.prod,,ACTIVE
62934,674459d2c15b061bf75f8953,PIN000000001BB,SPA_RD_SP0253_INDIC_OTHERS,,Indication for Others file,HB,,,10021430,VACC,MDM,2024-11-25 11:04:50.000,2025-04-12 05:50:51.000,Patrice.Darzens@sanofi.com.SAML4,cloudadmin@sanofi.com.doCDGC.prod,,ACTIVE
62935,674459d2c15b061bf75f8955,PIN000000001BD,SPA_RD_SP0256_INDIC_OTHERS,,Indication for Others file,HB,,,10021430,VACC,MDM,2024-11-25 11:04:50.000,2025-04-25 05:52:48.000,Patrice.Darzens@sanofi.com.SAML4,cloudadmin@sanofi.com.doCDGC.prod,,ACTIVE
62936,674459d2c15b061bf75f8956,PIN000000001BE,SPA_RD_SP0270_IND001,,Indication for Others file,HB,,,,,MDM,2024-11-25 11:04:50.000,2025-04-25 05:52:48.000,Patrice.Darzens@sanofi.com.SAML4,cloudadmin@sanofi.com.doCDGC.prod,,ACTIVE
62937,674459d2c15b061bf75f8957,PIN000000001BF,SPA_RD_SP0273_INDIC_OTHERS,,Indication for Others file,HB,,,10021430,VACC,MDM,2024-11-25 11:04:50.000,2025-04-25 05:52:33.000,Patrice.Darzens@sanofi.com.SAML4,cloudadmin@sanofi.com.doCDGC.prod,,ACTIVE
62938,674459d2c15b061bf75f8958,PIN000000001BG,SPA_RD_SP0275_IND001,,Indication for Others file,HB,,,10021430,VACC,MDM,2024-11-25 11:04:50.000,2025-04-12 05:50:51.000,Patrice.Darzens@sanofi.com.SAML4,cloudadmin@sanofi.com.doCDGC.prod,,ACTIVE
62939,674459d2c15b061bf75f895b,PIN000000001BJ,SPA_RD_SP0289_IND001,,Indication for Others file,HB,,,,,MDM,2024-11-25 11:04:50.000,2025-04-25 05:52:44.000,Patrice.Darzens@sanofi.com.SAML4,cloudadmin@sanofi.com.doCDGC.prod,,ACTIVE
62940,674459d2c15b061bf75f895d,PIN000000001BL,SPA_RD_SP0293_IND001,,Indication for Others file,HB,,,,,MDM,2024-11-25 11:04:50.000,2025-04-25 05:52:30.000,Patrice.Darzens@sanofi.com.SAML4,cloudadmin@sanofi.com.doCDGC.prod,,ACTIVE
62941,674459d2c15b061bf75f8966,PIN000000001BU,XC01157_IND001,,Discovery - Stopped,CI,Stopped,Stopped inactive,,,MDM,2024-11-25 11:04:50.000,2025-04-12 05:50:50.000,Patrice.Darzens@sanofi.com.SAML4,cloudadmin@sanofi.com.doCDGC.prod,,ACTIVE
62942,674459d2c15b061bf75f8968,PIN000000001BW,XC01158_IND001,AD,Atopic Dermatitis,CF,Completed,Completed active,10012438,,MDM,2024-11-25 11:04:50.000,2026-01-24 06:50:37.000,Patrice.Darzens@sanofi.com.SAML4,cloudadmin@sanofi.com.doCDGC.prod,,ACTIVE
62943,674459d2c15b061bf75f8969,PIN000000001BX,XC01158_IND002,Asthma,Asthma,CF,Ongoing,Ongoing,10003553,,MDM,2024-11-25 11:04:50.000,2025-08-09 05:52:42.000,Patrice.Darzens@sanofi.com.SAML4,cloudadmin@sanofi.com.doCDGC.prod,,ACTIVE
62944,674459d2c15b061bf75f896a,PIN000000001BY,XC01158_IND003,CRSwNP,Chronic Rhinosinusitis with Nasal Polyps,CF,Ongoing,Ongoing,10080060,,MDM,2024-11-25 11:04:50.000,2025-08-09 05:53:24.000,Patrice.Darzens@sanofi.com.SAML4,cloudadmin@sanofi.com.doCDGC.prod,,ACTIVE
62945,674459d2c15b061bf75f896b,PIN000000001BZ,XC01159_IND001,HS,Hidradenitis Suppurativa,CF,Completed,Completed inactive,10020041,,MDM,2024-11-25 11:04:50.000,2025-12-12 06:51:17.000,Patrice.Darzens@sanofi.com.SAML4,cloudadmin@sanofi.com.doCDGC.prod,,ACTIVE
62946,674459d2c15b061bf75f896d,PIN000000001C1,XC01159_IND003,PsA,Psoriasis Arthritis,CF,Completed,Completed inactive,10037162,,MDM,2024-11-25 11:04:50.000,2025-11-26 08:37:41.000,Patrice.Darzens@sanofi.com.SAML4,cloudadmin@sanofi.com.doCDGC.prod,,ACTIVE
62947,674459d2c15b061bf75f896e,PIN000000001C2,XRP6976_IND001,GI - KR,Gastrointestinal Neoplasms - Korea,BG,Completed,Completed inactive,10017758,L,MDM,2024-11-25 11:04:50.000,2025-05-06 05:51:59.000,Patrice.Darzens@sanofi.com.SAML4,cloudadmin@sanofi.com.doCDGC.prod,Phase 3,ACTIVE
62948,674459d0c15b061bf75f8023,PIN0000000013T,SAR439954_IND005,,Type 2 Diabetes Mellitus - PO Route,BJ,Stopped,Stopped inactive,10067585,A,MDM,2024-11-25 11:04:48.000,2025-04-12 05:50:43.000,Patrice.Darzens@sanofi.com.SAML4,cloudadmin@sanofi.com.doCDGC.prod,Phase 3,ACTIVE
62949,674459d0c15b061bf75f8024,PIN0000000013U,SAR439954_IND007,,Treatment of Worsening Heart Failure,BJ,Stopped,Stopped inactive,10019279,A,MDM,2024-11-25 11:04:48.000,2026-01-09 08:02:13.000,Patrice.Darzens@sanofi.com.SAML4,cloudadmin@sanofi.com.doCDGC.prod,Phase 3,ACTIVE
62950,674459d0c15b061bf75f8026,PIN0000000013W,SAR439977_IND005,,Pediatric - T2DM,BJ,Stopped,Stopped inactive,10067585,,MDM,2024-11-25 11:04:48.000,2025-04-12 05:50:46.000,Patrice.Darzens@sanofi.com.SAML4,cloudadmin@sanofi.com.doCDGC.prod,,ACTIVE
62951,674459d0c15b061bf75f8028,PIN0000000013Y,SAR440340_IND001,COPD,Chronic Obstructive Pulmonary Disease,BE,Ongoing,Ongoing,10009033,R,MDM,2024-11-25 11:04:48.000,2025-12-02 06:51:41.000,Patrice.Darzens@sanofi.com.SAML4,cloudadmin@sanofi.com.doCDGC.prod,Phase 3,ACTIVE
62952,674459d0c15b061bf75f8029,PIN0000000013Z,SAR440340_IND004,Bronchiectasis,Bronchiectasis,BE,Stopped,Stopped active,10006445,R,MDM,2024-11-25 11:04:48.000,2026-01-22 06:50:29.000,Patrice.Darzens@sanofi.com.SAML4,cloudadmin@sanofi.com.doCDGC.prod,Phase 2,ACTIVE
62953,674459d0c15b061bf75f802a,PIN00000000140,SAR440340_IND005,CRSwNP,Chronic Rhinosinusitis with Nasal Polyps,BE,Ongoing,Ongoing,10080060,R,MDM,2024-11-25 11:04:48.000,2025-12-04 06:51:34.000,Patrice.Darzens@sanofi.com.SAML4,cloudadmin@sanofi.com.doCDGC.prod,Phase 3,ACTIVE
62954,674459d0c15b061bf75f802d,PIN00000000143,SAR441344_IND004,LN,Lupus Nephritis,BE,Not Validated,Not Validated,10025140,M,MDM,2024-11-25 11:04:48.000,2025-12-18 06:51:58.000,Patrice.Darzens@sanofi.com.SAML4,cloudadmin@sanofi.com.doCDGC.prod,Initiation,ACTIVE
62955,674459d0c15b061bf75f802f,PIN00000000145,SAR441344_IND006,T1D Stage 2 Delay Onset,"Type 1 Diabetes, Stage 2 - Delay of Onset",BJ,To be Validated,To be Validated,10091458,A,MDM,2024-11-25 11:04:48.000,2025-11-08 06:50:24.000,Patrice.Darzens@sanofi.com.SAML4,cloudadmin@sanofi.com.doCDGC.prod,Initiation,ACTIVE
62956,674459d0c15b061bf75f8030,PIN00000000146,SAR441344_IND007,Kidney transplant,Kidney Transplant,BT,Ongoing,Ongoing,10057677,L,MDM,2024-11-25 11:04:48.000,2025-10-15 05:51:51.000,Patrice.Darzens@sanofi.com.SAML4,cloudadmin@sanofi.com.doCDGC.prod,Initiation,ACTIVE
62957,674459d0c15b061bf75f8033,PIN00000000149,SAR441566_IND002,UC,Ulcerative Colitis,BE,Ongoing,Ongoing,10009900,A,MDM,2024-11-25 11:04:48.000,2025-12-04 06:52:15.000,Patrice.Darzens@sanofi.com.SAML4,cloudadmin@sanofi.com.doCDGC.prod,Phase 2,ACTIVE
62958,674459d0c15b061bf75f8196,PIN0000000014A,SAR441566_IND005,PsA,Psoriatic Arthritis,BE,To be Validated,To be Validated,10037162,M,MDM,2024-11-25 11:04:48.000,2025-12-02 06:50:53.000,Patrice.Darzens@sanofi.com.SAML4,cloudadmin@sanofi.com.doCDGC.prod,Initiation,ACTIVE
62959,674459d0c15b061bf75f8198,PIN0000000014C,SAR442085_IND006,Multiple Myeloma BCAM+Pd,Multiple Myeloma 3/4L+RR Post-aCD38-BCMA +Pd - IV/SC,BG,Stopped,Stopped inactive,10028228,L,MDM,2024-11-25 11:04:48.000,2025-10-09 05:51:21.000,Patrice.Darzens@sanofi.com.SAML4,cloudadmin@sanofi.com.doCDGC.prod,Phase 1,ACTIVE
62960,674459d0c15b061bf75f819a,PIN0000000014E,SAR442168_IND005,MG - Ped 2-11y,Myasthenia Gravis - Ped - 2-11 years,BF,Not Validated,Not Validated,10028417,N,MDM,2024-11-25 11:04:48.000,2025-04-12 05:50:56.000,Patrice.Darzens@sanofi.com.SAML4,cloudadmin@sanofi.com.doCDGC.prod,Phase 1,ACTIVE
62961,674459d0c15b061bf75f819b,PIN0000000014F,SAR442168_IND006,MOGAD,MOGAD,BF,Stopped,Stopped inactive,10075688,N,MDM,2024-11-25 11:04:48.000,2025-04-12 05:50:59.000,Patrice.Darzens@sanofi.com.SAML4,cloudadmin@sanofi.com.doCDGC.prod,Phase 1,ACTIVE
62962,674459d0c15b061bf75f819c,PIN0000000014G,SAR442257_IND003,RR-DLBCL post PD-CAR-T,R/R DLBCL - Mono Post-PD CAR-T,BG,Not Validated,Not Validated,10024325,L,MDM,2024-11-25 11:04:48.000,2025-04-12 05:50:40.000,Patrice.Darzens@sanofi.com.SAML4,cloudadmin@sanofi.com.doCDGC.prod,Phase 1,ACTIVE
62963,674459d0c15b061bf75f819d,PIN0000000014H,SAR442288_IND001,T1DM,Type-1 Diabetes Mellitus,BJ,Stopped,Stopped inactive,10067584,A,MDM,2024-11-25 11:04:48.000,2026-01-20 06:53:53.000,Patrice.Darzens@sanofi.com.SAML4,cloudadmin@sanofi.com.doCDGC.prod,Preclinical,ACTIVE
62964,674459d0c15b061bf75f819e,PIN0000000014I,SAR442720_IND001,,2L NSCLC (KRAS Mutant) - Combo Cobimetinib,BG,Not Validated,Not Validated,10061873,L,MDM,2024-11-25 11:04:48.000,2025-04-12 05:50:37.000,Patrice.Darzens@sanofi.com.SAML4,cloudadmin@sanofi.com.doCDGC.prod,Phase 1,ACTIVE
62965,674459d0c15b061bf75f81a0,PIN0000000014K,SAR442845_IND001,Hem B,Hemophilia B,BI,Completed,Completed inactive,10016077,B,MDM,2024-11-25 11:04:48.000,2025-04-12 05:50:54.000,Patrice.Darzens@sanofi.com.SAML4,cloudadmin@sanofi.com.doCDGC.prod,LCM,ACTIVE
62966,674459d0c15b061bf75f81a1,PIN0000000014L,SAR442876_IND050,Hem A,Hemophilia A,BI,Completed,Completed active,10066439,B,MDM,2024-11-25 11:04:48.000,2025-04-12 05:50:30.000,Patrice.Darzens@sanofi.com.SAML4,cloudadmin@sanofi.com.doCDGC.prod,LCM,ACTIVE
62967,674459d0c15b061bf75f81a2,PIN0000000014M,SAR442970_IND001,HS,Hidradenitis Suppurativa,BE,Ongoing,Ongoing,10020041,D,MDM,2024-11-25 11:04:48.000,2025-12-06 06:52:53.000,Patrice.Darzens@sanofi.com.SAML4,cloudadmin@sanofi.com.doCDGC.prod,Phase 2B,ACTIVE
62968,674459d0c15b061bf75f81a4,PIN0000000014O,SAR442970_IND003,UC,Ulcerative Colitis,BE,Ongoing,Ongoing,10009900,A,MDM,2024-11-25 11:04:48.000,2025-12-18 06:50:45.000,Patrice.Darzens@sanofi.com.SAML4,cloudadmin@sanofi.com.doCDGC.prod,Phase 2,ACTIVE
62969,674459d0c15b061bf75f81a6,PIN0000000014Q,SAR442970_IND005,PFSGS/MCD,Primary Focal Segmental Glomerular Sclerosis / Minimal Change Disease - Adult & Ped - 2yr+,BH,Ongoing,Ongoing,10067757,L,MDM,2024-11-25 11:04:48.000,2025-10-31 06:51:19.000,Patrice.Darzens@sanofi.com.SAML4,cloudadmin@sanofi.com.doCDGC.prod,Phase 2A,ACTIVE
62970,674459d0c15b061bf75f81a9,PIN0000000014T,SAR443122_IND004,Crohn,Crohn's Disease,BE,Not Validated,Not Validated,10011401,A,MDM,2024-11-25 11:04:48.000,2025-12-18 06:51:55.000,Patrice.Darzens@sanofi.com.SAML4,cloudadmin@sanofi.com.doCDGC.prod,Initiation,ACTIVE
62971,674459d0c15b061bf75f81ac,PIN0000000014W,SAR443579_IND003,1L AML w/Azacitidine,1L AML - Combo Azacitidine,BG,Not Validated,Not Validated,10000880,L,MDM,2024-11-25 11:04:48.000,2025-12-19 06:51:01.000,Patrice.Darzens@sanofi.com.SAML4,cloudadmin@sanofi.com.doCDGC.prod,Initiation,ACTIVE
62972,674459d0c15b061bf75f81ad,PIN0000000014X,SAR443579_IND005,2L AML w/SAR444881,2L AML - Combo SAR444881,BG,Not Validated,Not Validated,10000880,L,MDM,2024-11-25 11:04:48.000,2025-04-12 05:50:46.000,Patrice.Darzens@sanofi.com.SAML4,cloudadmin@sanofi.com.doCDGC.prod,Initiation,ACTIVE
62973,674459d0c15b061bf75f81ae,PIN0000000014Y,SAR443579_IND006,AML - Ped,AML Pediatric - Monotherapy,BG,Not Validated,Not Validated,10000880,L,MDM,2024-11-25 11:04:48.000,2025-12-19 06:51:08.000,Patrice.Darzens@sanofi.com.SAML4,cloudadmin@sanofi.com.doCDGC.prod,Initiation,ACTIVE
62974,674459d0c15b061bf75f81b1,PIN00000000151,SAR443765_IND005,Asthma – High Risk,Asthma - High Risk - Adult & Ped - 12-17 years,BE,Ongoing,Ongoing,10003553,R,MDM,2024-11-25 11:04:48.000,2025-11-22 06:52:05.000,Patrice.Darzens@sanofi.com.SAML4,cloudadmin@sanofi.com.doCDGC.prod,Phase 2,ACTIVE
62975,674459d0c15b061bf75f81b2,PIN00000000152,SAR443765_IND006,EoE,Eosinophilic Esophagitis,BE,To be Validated,To be Validated,10064212,A,MDM,2024-11-25 11:04:48.000,2026-01-23 06:52:24.000,Patrice.Darzens@sanofi.com.SAML4,cloudadmin@sanofi.com.doCDGC.prod,Initiation,ACTIVE
62976,674459d0c15b061bf75f81b4,PIN00000000154,SAR443809_IND003,MNP,Membranous Nephropathy: DWG No GO for Rare Renal Disease Development,BH,Not Validated,Not Validated,10018372,U,MDM,2024-11-25 11:04:48.000,2025-04-12 05:50:37.000,Patrice.Darzens@sanofi.com.SAML4,cloudadmin@sanofi.com.doCDGC.prod,Phase 1,ACTIVE
62977,674459d0c15b061bf75f81b5,PIN00000000155,SAR443809_IND004,C3G,C3 Glomerulonephritis: DWG No GO for Rare Renal Disease Development,BH,Not Validated,Not Validated,10077827,U,MDM,2024-11-25 11:04:48.000,2025-04-12 05:50:54.000,Patrice.Darzens@sanofi.com.SAML4,cloudadmin@sanofi.com.doCDGC.prod,Phase 1,ACTIVE
62978,674459d0c15b061bf75f81b6,PIN00000000156,SAR443809_IND005,SCD,Sickle Cell Disease,BH,Not Validated,Not Validated,10040644,B,MDM,2024-11-25 11:04:48.000,2025-04-12 05:51:06.000,Patrice.Darzens@sanofi.com.SAML4,cloudadmin@sanofi.com.doCDGC.prod,,ACTIVE
62979,674459d0c15b061bf75f81ba,PIN0000000015A,SAR444200_IND001,1L HCC w/PD1,1L HCC - Combo PD1,BG,Stopped,Stopped active,10019697,L,MDM,2024-11-25 11:04:48.000,2025-12-02 06:51:08.000,Patrice.Darzens@sanofi.com.SAML4,cloudadmin@sanofi.com.doCDGC.prod,Phase 1,ACTIVE
62980,674459d0c15b061bf75f81bb,PIN0000000015B,SAR444245_IND005,Lymphoma - Mono/Combo,Lymphoma - Mono/Combo,BG,Stopped,Stopped inactive,10029547,L,MDM,2024-11-25 11:04:48.000,2025-08-21 05:52:42.000,Patrice.Darzens@sanofi.com.SAML4,cloudadmin@sanofi.com.doCDGC.prod,Phase 2,ACTIVE
62981,674459d0c15b061bf75f81bc,PIN0000000015C,SAR444245_IND006,RCC/NSCLC,RCC and NSCLC - Multicombo,BG,Stopped,Stopped active,10065252,L,MDM,2024-11-25 11:04:48.000,2025-08-28 05:51:05.000,Patrice.Darzens@sanofi.com.SAML4,cloudadmin@sanofi.com.doCDGC.prod,Phase 1,ACTIVE
62982,674459d0c15b061bf75f81bd,PIN0000000015D,SAR444336_IND001,UC,Ulcerative Colitis,BE,To be Validated,To be Validated,10009900,A,MDM,2024-11-25 11:04:48.000,2025-12-03 08:28:40.000,Patrice.Darzens@sanofi.com.SAML4,cloudadmin@sanofi.com.doCDGC.prod,Initiation,ACTIVE
62983,674459d0c15b061bf75f81c2,PIN0000000015I,SAR444671_IND002,ITP,Immune Thrombocytopenia - Adult & Ped - 10-17 years,BH,Ongoing,Ongoing,10074667,B,MDM,2024-11-25 11:04:48.000,2026-01-22 06:50:51.000,Patrice.Darzens@sanofi.com.SAML4,cloudadmin@sanofi.com.doCDGC.prod,LCM,ACTIVE
62984,674459d0c15b061bf75f81c5,PIN0000000015L,SAR444671_IND009,SCD - Adult & Ped 10-17y,Sickle Cell Disease - Adult & Ped - 10-17 years,BH,Ongoing,Ongoing,10040644,B,MDM,2024-11-25 11:04:48.000,2026-01-22 06:50:12.000,Patrice.Darzens@sanofi.com.SAML4,cloudadmin@sanofi.com.doCDGC.prod,Phase 3,ACTIVE
62985,674459d0c15b061bf75f81c7,PIN0000000015N,SAR444671_IND012,PN - Adult & Ped 12-17y,Prurigo Nodularis - Adult & Ped - 12 - 17 years,BE,Ongoing,Ongoing,10037084,D,MDM,2024-11-25 11:04:48.000,2025-11-25 06:54:43.000,Patrice.Darzens@sanofi.com.SAML4,cloudadmin@sanofi.com.doCDGC.prod,Initiation,ACTIVE
62986,674459d1c15b061bf75f832a,PIN0000000015O,SAR444727_IND001,AD,Atopic Dermatitis - Adult & Ped - 2yr+,BE,Stopped,Stopped inactive,10012438,D,MDM,2024-11-25 11:04:49.000,2025-04-12 05:50:33.000,Patrice.Darzens@sanofi.com.SAML4,cloudadmin@sanofi.com.doCDGC.prod,Phase 2A,ACTIVE
62987,674459d1c15b061bf75f832b,PIN0000000015P,SAR444727_IND002,,Cutaneous Lupus Erythematosus,BE,Not Validated,Not Validated,10056509,D,MDM,2024-11-25 11:04:49.000,2025-04-12 05:50:46.000,Patrice.Darzens@sanofi.com.SAML4,cloudadmin@sanofi.com.doCDGC.prod,Phase 1,ACTIVE
62988,674459d1c15b061bf75f832c,PIN0000000015Q,SAR444727_IND003,,Graft Versus Host Disease,BT,Not Validated,Not Validated,10018651,D,MDM,2024-11-25 11:04:49.000,2025-04-12 05:50:58.000,Patrice.Darzens@sanofi.com.SAML4,cloudadmin@sanofi.com.doCDGC.prod,Phase 1,ACTIVE
62989,674459d1c15b061bf75f832e,PIN0000000015S,SAR444881_IND003,1L GC/GEJ w/Pembro,"1L GC/GEJ (HER2-,MSI-H excluded,CPS >= 1)-Combo pembrolizumab",BG,Not Validated,Not Validated,10017758,L,MDM,2024-11-25 11:04:49.000,2025-04-12 05:50:56.000,Patrice.Darzens@sanofi.com.SAML4,cloudadmin@sanofi.com.doCDGC.prod,Initiation,ACTIVE
62990,674459d1c15b061bf75f832f,PIN0000000015T,SAR444881_IND005,Cholangiocarcinoma,Cholangiocarcinoma,BG,Not Validated,Not Validated,10008593,L,MDM,2024-11-25 11:04:49.000,2025-04-12 05:50:28.000,Patrice.Darzens@sanofi.com.SAML4,cloudadmin@sanofi.com.doCDGC.prod,Initiation,ACTIVE
62991,674459d1c15b061bf75f8331,PIN0000000015V,SAR445088_IND003,CIDP - Refractory,Chronic Inflammatory Demyelinating Polyneuropathy - Refractory,BF,Ongoing,Ongoing,10057645,N,MDM,2024-11-25 11:04:49.000,2026-01-23 06:50:40.000,Patrice.Darzens@sanofi.com.SAML4,cloudadmin@sanofi.com.doCDGC.prod,Phase 3,ACTIVE
62992,674459d1c15b061bf75f8333,PIN0000000015X,SAR445088_IND008,CIDP – IVIg,Chronic Inflammatory Demyelinating Polyneuropathy -  IVIg treated,BF,Ongoing,Ongoing,10057645,N,MDM,2024-11-25 11:04:49.000,2025-10-16 05:50:48.000,Patrice.Darzens@sanofi.com.SAML4,cloudadmin@sanofi.com.doCDGC.prod,Phase 3,ACTIVE
62993,674459d1c15b061bf75f8339,PIN00000000163,SAR445229_IND011,COPD,Chronic Obstructive Pulmonary Disease,BE,To be Validated,To be Validated,10009033,R,MDM,2024-11-25 11:04:49.000,2025-11-27 06:51:53.000,Patrice.Darzens@sanofi.com.SAML4,cloudadmin@sanofi.com.doCDGC.prod,Initiation,ACTIVE
62994,674459d1c15b061bf75f833a,PIN00000000164,SAR445256_IND001,TNBC,TNBC,BG,Stopped,Stopped inactive,10006187,L,MDM,2024-11-25 11:04:49.000,2025-04-12 05:50:37.000,Patrice.Darzens@sanofi.com.SAML4,cloudadmin@sanofi.com.doCDGC.prod,Phase 2,ACTIVE
62995,674459d1c15b061bf75f833b,PIN00000000165,SAR445346_IND001,Solid Tumors,Indication for Biologic Oncology Dev,BG,Not Validated,Not Validated,10007050,L,MDM,2024-11-25 11:04:49.000,2025-04-12 05:51:02.000,Patrice.Darzens@sanofi.com.SAML4,cloudadmin@sanofi.com.doCDGC.prod,,ACTIVE
62996,674459d1c15b061bf75f833c,PIN00000000166,SAR445419_IND001,RR AML,Relapsed Refractory AML,BG,Stopped,Stopped active,10000880,L,MDM,2024-11-25 11:04:49.000,2026-01-13 06:51:40.000,Patrice.Darzens@sanofi.com.SAML4,cloudadmin@sanofi.com.doCDGC.prod,Phase 1,ACTIVE
62997,674459d1c15b061bf75f833d,PIN00000000167,SAR445419_IND003,MRD+HSCT,AML - Minimal Residual Disease pre-Hematopoietic Stem Cell Transplantation,BG,Stopped,Stopped active,10000880,L,MDM,2024-11-25 11:04:49.000,2025-08-09 05:53:10.000,Patrice.Darzens@sanofi.com.SAML4,cloudadmin@sanofi.com.doCDGC.prod,Phase 1,ACTIVE
62998,674459d1c15b061bf75f833e,PIN00000000168,SAR445419_IND004,CML,Chronic Myeloid Leukemia,BG,Not Validated,Not Validated,10009015,L,MDM,2024-11-25 11:04:49.000,2025-08-09 05:53:01.000,Patrice.Darzens@sanofi.com.SAML4,cloudadmin@sanofi.com.doCDGC.prod,Phase 1,ACTIVE
62999,674459d1c15b061bf75f833f,PIN00000000169,SAR445514_IND002,RR AL Amyloidosis,RR Light Chain Amyloidosis - Mono,BG,Not Validated,Not Validated,10002022,L,MDM,2024-11-25 11:04:49.000,2025-04-12 05:50:40.000,Patrice.Darzens@sanofi.com.SAML4,cloudadmin@sanofi.com.doCDGC.prod,Initiation,ACTIVE
63000,674459d1c15b061bf75f8340,PIN0000000016A,SAR445514_IND003,NDMM Te MRD w/Iberdomide,NDMM Transplant Eligible Minimal Residual Disease maint Combo Iberdomide,BG,Not Validated,Not Validated,10028228,L,MDM,2024-11-25 11:04:49.000,2025-04-12 05:50:35.000,Patrice.Darzens@sanofi.com.SAML4,cloudadmin@sanofi.com.doCDGC.prod,Initiation,ACTIVE
63001,674459d1c15b061bf75f8341,PIN0000000016B,SAR445514_IND004,NDMM Ti w/Isa+Lena,NDMM Transplant Non Eligible Combo Isatuximab + Lenalidomide,BG,Not Validated,Not Validated,10028228,L,MDM,2024-11-25 11:04:49.000,2025-07-06 05:52:30.000,Patrice.Darzens@sanofi.com.SAML4,cloudadmin@sanofi.com.doCDGC.prod,Initiation,ACTIVE
63002,674459d1c15b061bf75f8343,PIN0000000016D,SAR445514_IND007,cAMR,Chronic Antibody Mediated Rejection,BT,Not Validated,Not Validated,10084901,L,MDM,2024-11-25 11:04:49.000,2025-04-12 05:50:47.000,Patrice.Darzens@sanofi.com.SAML4,cloudadmin@sanofi.com.doCDGC.prod,Initiation,ACTIVE
63003,674459d1c15b061bf75f8346,PIN0000000016G,SAR445761_IND001,3L cGVHD,3L Chronic Graft versus Host Disease,BT,Ongoing,Ongoing,10018651,L,MDM,2024-11-25 11:04:49.000,2026-01-07 06:54:51.000,Patrice.Darzens@sanofi.com.SAML4,cloudadmin@sanofi.com.doCDGC.prod,LCM,ACTIVE
63004,674459d1c15b061bf75f8347,PIN0000000016H,SAR445761_IND005,CLAD - Ped,Chronic Lung Allograft Dysfunction - Ped - 12-17 years,BT,Not Validated,Not Validated,10089357,R,MDM,2024-11-25 11:04:49.000,2025-04-06 05:52:03.000,Patrice.Darzens@sanofi.com.SAML4,cloudadmin@sanofi.com.doCDGC.prod,Preclinical,ACTIVE
63005,674459d1c15b061bf75f8348,PIN0000000016I,SAR445877_IND006,2L CRC w/Cetux,2L Colorectal Cancer - Combo Cetuximab,BG,To be Validated,To be Validated,10061451,L,MDM,2024-11-25 11:04:49.000,2025-11-14 06:51:18.000,Patrice.Darzens@sanofi.com.SAML4,cloudadmin@sanofi.com.doCDGC.prod,Initiation,ACTIVE
63006,674459d1c15b061bf75f834a,PIN0000000016K,SAR445877_IND009,3L+ CRC - Mono,3L+ Colorectal Cancer - Mono,BG,Ongoing,Ongoing,10061451,L,MDM,2024-11-25 11:04:49.000,2026-01-23 06:52:12.000,Patrice.Darzens@sanofi.com.SAML4,cloudadmin@sanofi.com.doCDGC.prod,Phase 2,ACTIVE
63007,674459d1c15b061bf75f834b,PIN0000000016L,SAR445953_IND002,1L GC - Combo,1L Gastric Cancer - Combo,BG,To be Validated,To be Validated,10017758,L,MDM,2024-11-25 11:04:49.000,2025-12-18 06:50:54.000,Patrice.Darzens@sanofi.com.SAML4,cloudadmin@sanofi.com.doCDGC.prod,Initiation,ACTIVE
63008,674459d1c15b061bf75f834e,PIN0000000016O,SAR445953_IND009,2L SCLC - Mono,2L SCLC - Mono,BG,Not Validated,Not Validated,10041071,L,MDM,2024-11-25 11:04:49.000,2025-09-17 05:52:04.000,Patrice.Darzens@sanofi.com.SAML4,cloudadmin@sanofi.com.doCDGC.prod,Initiation,ACTIVE
63009,674459d1c15b061bf75f834f,PIN0000000016P,SAR445953_IND010,1L PDAC - Combo,1L Pancreatic ductal adenocarcinoma - Combo,BG,To be Validated,To be Validated,10033609,L,MDM,2024-11-25 11:04:49.000,2025-11-21 06:54:21.000,Patrice.Darzens@sanofi.com.SAML4,cloudadmin@sanofi.com.doCDGC.prod,Initiation,ACTIVE
63010,674459d1c15b061bf75f8350,PIN0000000016Q,SAR445992_IND001,nr-SPMS,Nonrelapsing Secondary Progressive Multiple Sclerosis,BF,Stopped,Stopped inactive,10028245,N,MDM,2024-11-25 11:04:49.000,2025-05-17 05:51:14.000,Patrice.Darzens@sanofi.com.SAML4,cloudadmin@sanofi.com.doCDGC.prod,Preclinical,ACTIVE
63011,674459d1c15b061bf75f8351,PIN0000000016R,SAR446159_IND001,Parkinson,Parkinson's Disease,BF,Stopped,Stopped active,10061536,N,MDM,2024-11-25 11:04:49.000,2025-12-06 06:52:23.000,Patrice.Darzens@sanofi.com.SAML4,cloudadmin@sanofi.com.doCDGC.prod,Phase 1,ACTIVE
63012,674459d1c15b061bf75f8352,PIN0000000016S,SAR446268_IND001,DM1,Myotonic Dystrophy Type 1 - Adult 18-50 years & Ped - 10-18 years,BH,Ongoing,Ongoing,10068871,M,MDM,2024-11-25 11:04:49.000,2026-01-23 06:52:05.000,Patrice.Darzens@sanofi.com.SAML4,cloudadmin@sanofi.com.doCDGC.prod,Preclinical,ACTIVE
63013,674459d1c15b061bf75f8354,PIN0000000016U,SAR446309_IND004,3L mBC Low - Combo,3L Metastatic Breast Cancer - Low expression - Combo,BG,Not Validated,Not Validated,10006187,L,MDM,2024-11-25 11:04:49.000,2025-04-12 05:50:17.000,Patrice.Darzens@sanofi.com.SAML4,cloudadmin@sanofi.com.doCDGC.prod,Phase 1,ACTIVE
63014,674459d1c15b061bf75f84be,PIN00000000172,SAR446368_IND001,Solid Tumors,Solid Tumors,BG,Stopped,Stopped inactive,10065252,L,MDM,2024-11-25 11:04:49.000,2025-05-27 05:52:49.000,Patrice.Darzens@sanofi.com.SAML4,cloudadmin@sanofi.com.doCDGC.prod,Preclinical,ACTIVE
63015,674459d1c15b061bf75f84c1,PIN00000000175,SAR446450_IND001,1L uHCC – Combo,1L unresectable Hepato Cellular Carcinoma - Combo atezo/bevacizumab,BG,Stopped,Stopped inactive,10019697,L,MDM,2024-11-25 11:04:49.000,2025-04-12 05:50:24.000,Patrice.Darzens@sanofi.com.SAML4,cloudadmin@sanofi.com.doCDGC.prod,Preclinical,ACTIVE
63016,674459d1c15b061bf75f84c3,PIN00000000177,SAR446523_IND003,NDMM Ti HR Combo,Newly Diagnosed Multiple Myeloma TiE High Risk Combo,BG,To be Validated,To be Validated,10028228,L,MDM,2024-11-25 11:04:49.000,2025-12-12 06:51:41.000,Patrice.Darzens@sanofi.com.SAML4,cloudadmin@sanofi.com.doCDGC.prod,Initiation,ACTIVE
63017,674459d1c15b061bf75f84c4,PIN00000000178,SAR446523_IND004,NDMM Combo,Newly Diagnosed Multiple Myeloma Combo,BG,To be Validated,To be Validated,10028228,L,MDM,2024-11-25 11:04:49.000,2025-12-13 06:50:54.000,Patrice.Darzens@sanofi.com.SAML4,cloudadmin@sanofi.com.doCDGC.prod,Initiation,ACTIVE
63018,674459d1c15b061bf75f84c6,PIN0000000017A,SAR446661_IND002,RRMM,RRMM aBCMA refractory,BG,Not Validated,Not Validated,10028228,L,MDM,2024-11-25 11:04:49.000,2025-04-12 05:51:10.000,Patrice.Darzens@sanofi.com.SAML4,cloudadmin@sanofi.com.doCDGC.prod,Pre-candidate,ACTIVE
63019,674459d1c15b061bf75f84c9,PIN0000000017D,SAR446959_IND001,OA,Osteoarthritis,BE,Ongoing,Ongoing,10031161,M,MDM,2024-11-25 11:04:49.000,2026-01-15 08:26:36.000,Patrice.Darzens@sanofi.com.SAML4,cloudadmin@sanofi.com.doCDGC.prod,Phase 1,ACTIVE
63020,674459d1c15b061bf75f84ca,PIN0000000017E,SAR447189_IND001,UC,Ulcerative Colitis,BE,Ongoing,Ongoing,10009900,A,MDM,2024-11-25 11:04:49.000,2026-01-07 06:55:04.000,Patrice.Darzens@sanofi.com.SAML4,cloudadmin@sanofi.com.doCDGC.prod,Phase 3,ACTIVE
63021,674459d1c15b061bf75f84cd,PIN0000000017H,SAR447432_IND001,HS,Hidradenitis Suppurativa,BE,Stopped,Stopped active,10020041,D,MDM,2024-11-25 11:04:49.000,2025-09-07 05:52:03.000,Patrice.Darzens@sanofi.com.SAML4,cloudadmin@sanofi.com.doCDGC.prod,Preclinical,ACTIVE
155313,67593651fe71fd76bec2d08c,PIN00000000UV4,SAR650984_IND038,1L NDMM w/Etentamig,1L NDMM - Combo Etentamig,BG,Not Validated,Not Validated,10028228,L,MDM,2024-12-11 06:50:56.000,2025-09-09 05:51:38.000,cloudadmin@sanofi.com.doCDGC.prod,cloudadmin@sanofi.com.doCDGC.prod,Initiation,ACTIVE
155314,67593651fe71fd76bec2d08d,PIN00000000UV5,SP0335_IND001,Flu H5 MF59/AS03,STOPPED - Flu H5 MF59/AS03 - Pandemic,,Stopped,Stopped active,10022000,VACC,MDM,2024-12-11 06:50:56.000,2025-12-12 06:51:03.000,cloudadmin@sanofi.com.doCDGC.prod,cloudadmin@sanofi.com.doCDGC.prod,Phase 2,ACTIVE
157746,6788ac33375adb27b52f9405,PIN0000000NSHC,DC01314_IND001,,Indication for Others file,BH,Ongoing,Ongoing,,,MDM,2025-01-16 06:50:26.000,2025-04-12 05:50:51.000,cloudadmin@sanofi.com.doCDGC.prod,cloudadmin@sanofi.com.doCDGC.prod,,ACTIVE
158131,679095239f8f1056d421cae0,PIN0000000O075,SP0336_IND001,Alzheimer,Alzheimer's disease,,Ongoing,Ongoing,10001896,VACC,MDM,2025-01-22 06:50:10.000,2025-12-16 06:50:10.000,cloudadmin@sanofi.com.doCDGC.prod,cloudadmin@sanofi.com.doCDGC.prod,M0-M2,ACTIVE
158132,679095239f8f1056d421cadf,PIN0000000O074,OC02202_IND001,,Indication for Others file,CI,Ongoing,Ongoing,,,MDM,2025-01-22 06:50:10.000,2025-04-12 05:50:42.000,cloudadmin@sanofi.com.doCDGC.prod,cloudadmin@sanofi.com.doCDGC.prod,,ACTIVE
158754,67987e5e3de06b4852289276,PIN0000000O7WX,SAR444671_IND014,Asthma - Ped 2-11y,Asthma - Ped - 2-11 years,BE,To be Validated,To be Validated,10003553,R,MDM,2025-01-28 06:51:10.000,2025-12-11 06:51:46.000,cloudadmin@sanofi.com.doCDGC.prod,cloudadmin@sanofi.com.doCDGC.prod,Initiation,ACTIVE
158894,679b211e0c5d740c32016d15,PIN0000000OFMO,SAR444671_IND015,CSU - Ped 6-11y,Chronic Spontaneous Urticaria - Ped - 6-11 years,BE,To be Validated,To be Validated,10072757,D,MDM,2025-01-30 06:50:06.000,2025-05-16 05:51:04.000,cloudadmin@sanofi.com.doCDGC.prod,cloudadmin@sanofi.com.doCDGC.prod,Initiation,ACTIVE
159036,679c72ba17ca3f5a2d2d36f3,PIN0000000ONCG,SAR445399_IND002,HS,Hidradenitis Suppurativa,BE,Ongoing,Ongoing,10020041,D,MDM,2025-01-31 06:50:34.000,2026-01-21 06:51:01.000,cloudadmin@sanofi.com.doCDGC.prod,cloudadmin@sanofi.com.doCDGC.prod,Phase 1,ACTIVE
161062,67c15cb292635a4c8657ec6c,PIN0000000QD2S,LC81647_IND001,IBD,Inflammatory Bowel Disease,CF,Ongoing,Ongoing,10021972,,MDM,2025-02-28 06:50:26.000,2025-05-08 05:54:53.000,cloudadmin@sanofi.com.doCDGC.prod,cloudadmin@sanofi.com.doCDGC.prod,,ACTIVE
161059,67c15cb392635a4c8657eca2,PIN0000000QD2V,LC81647_IND004,RA,Rheumatoid Arthritis,CF,Ongoing,Ongoing,10039073,,MDM,2025-02-28 06:50:27.000,2025-05-08 05:54:19.000,cloudadmin@sanofi.com.doCDGC.prod,cloudadmin@sanofi.com.doCDGC.prod,,ACTIVE
161060,67c15cb392635a4c8657ec96,PIN0000000QD2U,LC81647_IND003,Asthma,Asthma,CF,Ongoing,Ongoing,10003553,,MDM,2025-02-28 06:50:27.000,2025-05-08 05:54:17.000,cloudadmin@sanofi.com.doCDGC.prod,cloudadmin@sanofi.com.doCDGC.prod,,ACTIVE
161061,67c15cb292635a4c8657ec8a,PIN0000000QD2T,LC81647_IND002,COPD,Chronic Obstructive Pulmonary Disease,CF,Ongoing,Ongoing,10009033,,MDM,2025-02-28 06:50:26.000,2025-05-08 05:54:39.000,cloudadmin@sanofi.com.doCDGC.prod,cloudadmin@sanofi.com.doCDGC.prod,,ACTIVE
163207,67cfdd2a8f8de35fdb1f5b58,PIN0000000R080,SAR444671_IND016,Graves - Ped 2-11y,Graves' Disease - Ped - 2-11 years,BE,To be Validated,To be Validated,10018706,H,MDM,2025-03-11 06:50:17.000,2025-04-12 05:50:42.000,cloudadmin@sanofi.com.doCDGC.prod,cloudadmin@sanofi.com.doCDGC.prod,Initiation,ACTIVE
167122,67f2165efd8e403b7df5dba7,PIN0000000SPY8,SAR447873_IND003,NET – Ped,NeuroEndocrine Tumors – Ped,BG,To be Validated,To be Validated,10062476,L,MDM,2025-04-06 05:51:26.000,2025-11-26 08:36:46.000,cloudadmin@sanofi.com.doCDGC.prod,cloudadmin@sanofi.com.doCDGC.prod,Initiation,ACTIVE
171822,67f9ff164d08731ca43adffa,PIN0000000TKTE,LC81651_IND002,Asthma,Asthma,CF,Ongoing,Ongoing,10003553,,MDM,2025-04-12 05:50:13.000,2025-05-08 05:54:32.000,cloudadmin@sanofi.com.doCDGC.prod,cloudadmin@sanofi.com.doCDGC.prod,,ACTIVE
171823,67f9ff164d08731ca43adff8,PIN0000000TKTC,LC81651_IND003,COPD,Chronic Obstructive Pulmonary Disease,CF,Ongoing,Ongoing,10009033,,MDM,2025-04-12 05:50:13.000,2025-05-08 05:54:43.000,cloudadmin@sanofi.com.doCDGC.prod,cloudadmin@sanofi.com.doCDGC.prod,,ACTIVE
171821,67f9ff164d08731ca43adff9,PIN0000000TKTD,SAR448272_IND002,Asthma,Asthma,BE,To be Validated,To be Validated,10003553,R,MDM,2025-04-12 05:50:13.000,2026-01-21 06:50:31.000,cloudadmin@sanofi.com.doCDGC.prod,cloudadmin@sanofi.com.doCDGC.prod,Initiation,ACTIVE
173257,68087f9efeccac13fd8fd73e,PIN0000000U08W,LC81404_IND003,Fibrosis,Liver Fibrosis,CF,Ongoing,Ongoing,10019668,,MDM,2025-04-23 05:50:21.000,2025-11-01 06:54:02.000,cloudadmin@sanofi.com.doCDGC.prod,cloudadmin@sanofi.com.doCDGC.prod,,ACTIVE
174881,68130c0fd7c6bd3a889da990,PIN0000000V2TS,DC01316_IND001,,Indication for Others file,LA18,Ongoing,Ongoing,,,MDM,2025-05-01 05:52:14.000,2025-12-11 06:51:03.000,cloudadmin@sanofi.com.doCDGC.prod,cloudadmin@sanofi.com.doCDGC.prod,,ACTIVE
182021,68637752c9efce3f2701c5b8,PIN0000000YIA9,SP0339_IND001,Flu H5N1 - Pand,Flu H5N1 - Pandemic,,To be Validated,To be Validated,10022000,VACC,MDM,2025-07-01 05:51:13.000,2026-01-24 06:51:33.000,cloudadmin@sanofi.com.doCDGC.prod,cloudadmin@sanofi.com.doCDGC.prod,Initiation,ACTIVE
182022,68637752c9efce3f2701c5b7,PIN0000000YIA8,SP0338_IND001,CT+NG disease,Chlamydia+Gonorrhoea disease,,Ongoing,Ongoing,10018185,VACC,MDM,2025-07-01 05:51:13.000,2026-01-10 06:50:19.000,cloudadmin@sanofi.com.doCDGC.prod,cloudadmin@sanofi.com.doCDGC.prod,M0-M2,ACTIVE
