PROJECT_CODE,INDICATION_UNIQUE_CODE,TVP_POPULATIONS_OF_INTEREST,TVP_NEED,TVP_COMPETITIVE_POSITIONING_CURRENT_SOC,TVP_COMPETITIVE_POSITIONING_FUTURE_SOC_COMPETITORS,TVP_VALUE_TO_PRESCRIBERS,TVP_VALUE_TO_PATIENTS,TVP_VALUE_TO_PAYERS,TVP_STATUS,TVP_SOURCE_RECORD_IDS,CREATED_BY,MODIFIED_BY,CREATED_DATE,MODIFIED_DATE
SAR445514,1-3L RRMM w/NK Cell,"adult patients with RRMM, in combination with allogeneic NK
","who have received at least 3 prior therapies including PIs, IMiD and anti-CD38
","Improve PFS to 30 months (TECVAYLI: 2-Y PFS 61%)
Improve OS to 36 months (TECVAYLI 2Y OS  74% ) - not avail at launch
Offer significant CR improvement: 90% 
Favorable safety profile and convenience ","CAR-T will be a benchmark on level of efficacy but not SoC at launch due to logistic and safety drawbacks
Better efficacy vs TCE, 
Similar efficacy vs CAR-T
Significant improvement on safety and convenience","Value statement(s) specific to each stakeholder
","Improved tolerability, mainly related to reduced CRS risk
Reduced hospitalization requirements
Reduced timelines for treatment initiation (allogeneic NK and SAR’514: OTS)
Less treatment-related impact on HR-QoL and Activities of Daily living
Well-tolerated maintenance therapy option with SAR'514 alone","OS data: required 
CAR-T already on the market have OS
helps for cost-effectiveness, and for comparison for competitors
Challenging demonstration of cost-effectiveness of the combo and affordability issues (esp. ex-US)",Draft,"463,464,465,466,467,468,469",Adeline.Garcia@sanofi.com,Adeline.Garcia@sanofi.com,2024-11-19 10:30:00.000,2024-11-19 10:30:00.000
SAR445088,CIDP - Refractory,"<p style=""text-align:left""><span><span><span><span><span style=""font-size:9.0pt""><span><span style=""color:black""><span>People living with CIDP without full recovery despite treatment</span></span></span></span></span></span></span></span></p>","<p style=""text-align:left""><span><span><span><span><span style=""font-size:9.0pt""><span><span style=""color:black""><span>seek significant functional improvement to restore QOL and reclaim their pre-condition status</span></span></span></span></span></span></span></span></p>","<div style=""margin-left:18px; text-align:left""><span><span><span><span><span style=""font-size:8.0pt""><span>•</span></span><span style=""font-size:8.0pt""><span><span style=""color:black""><span>First CIDP treatment that reduces axonal damage</span></span></span></span></span></span></span></span></div><div style=""margin-left:18px; text-align:left""><span><span><span><span><span style=""font-size:8.0pt""><span>•</span></span><span style=""font-size:8.0pt""><span><span style=""color:black""><span>Greater efficacy and functional improvement with demonstrated head-to-head superiority vs immunoglobulin (Ig) </span></span></span></span></span></span></span></span></div><div style=""margin-left:18px; text-align:left""><span><span><span><span><span style=""font-size:8.0pt""><span>•</span></span><span style=""font-size:8.0pt""><span><span style=""color:black""><span><span>I</span></span></span></span></span><span style=""font-size:8.0pt""><span><span style=""color:black""><span>mprovement in people with CIDP with inadequate response to treatment, including refractory disease</span></span></span></span></span></span></span></span></div><div style=""margin-left:18px; text-align:left"" class=""O0""><span><span><span><span><span><span style=""font-size:8.0pt""><span>•</span></span><span style=""font-size:8.0pt""><span><span style=""color:black""><span>Selective and targeted MOA potentially addressing underlying disease biology instead of only offering partial, temporary relief</span></span></span></span></span></span></span></span></span></div><div style=""margin-left:18px; text-align:left"" class=""O0""><span><span><span><span><span><span style=""font-size:8.0pt""><span>•</span></span><span style=""font-size:8.0pt""><span><span style=""color:black""><span>Distinctive safety profile of upstream classical complement inhibition </span></span></span></span></span></span></span></span></span></div><div style=""margin-left:18px; text-align:left""><span><span><span><span><span style=""font-size:8.0pt""><span>•</span></span><span style=""font-size:8.0pt""><span><span style=""color:black""><span>Convenient self-administered injection reducing dependence on infusion centers and improving patient autonomy </span></span></span></span></span></span></span></span></div>","<div style=""margin-left:18px; text-align:left""><span><span><span><span><span style=""font-size:8.0pt""><span>•</span></span><span style=""font-size:8.0pt""><span><span style=""color:black""><span>First CIDP treatment that reduces axonal damage</span></span></span></span></span></span></span></span></div><div style=""margin-left:18px; text-align:left""><span><span><span><span><span style=""font-size:8.0pt""><span>•</span></span><span style=""font-size:8.0pt""><span><span style=""color:black""><span>Greater efficacy and functional improvement with demonstrated head-to-head superiority vs immunoglobulin (Ig) </span></span></span></span></span></span></span></span></div><div style=""margin-left:18px; text-align:left""><span><span><span><span><span style=""font-size:8.0pt""><span>•</span></span><span style=""font-size:8.0pt""><span><span style=""color:black""><span><span>I</span></span></span></span></span><span style=""font-size:8.0pt""><span><span style=""color:black""><span>mprovement in people with CIDP with inadequate response to treatment, including refractory disease</span></span></span></span></span></span></span></span></div><div style=""margin-left:18px; text-align:left"" class=""O0""><span><span><span><span><span><span style=""font-size:8.0pt""><span>•</span></span><span style=""font-size:8.0pt""><span><span style=""color:black""><span>Selective and targeted MOA potentially addressing underlying disease biology instead of only offering partial, temporary relief</span></span></span></span></span></span></span></span></span></div><div style=""margin-left:18px; text-align:left"" class=""O0""><span><span><span><span><span><span style=""font-size:8.0pt""><span>•</span></span><span style=""font-size:8.0pt""><span><span style=""color:black""><span>Distinctive safety profile of upstream classical complement inhibition </span></span></span></span></span></span></span></span></span></div><div style=""margin-left:18px; text-align:left""><span><span><span><span><span style=""font-size:8.0pt""><span>•</span></span><span style=""font-size:8.0pt""><span><span style=""color:black""><span>Convenient self-administered injection reducing dependence on infusion centers and improving patient autonomy </span></span></span></span></span></span></span></span></div>","<div style=""margin-left:18px; text-align:left"" class=""O1""><span><span><span><span><span><span><span style=""font-size:8.0pt""><span style=""font-size:100%""><span style=""color:#23004c""><span>•</span></span></span></span><span style=""font-size:8.0pt""><span><span style=""color:black""><span>Redefines treatment goals beyond just stopping disease progression (stability)</span></span></span></span></span></span></span></span></span></span></div><div style=""margin-left:18px; text-align:left"" class=""O1""><span><span><span><span><span><span><span style=""font-size:8.0pt""><span style=""font-size:100%""><span style=""color:#23004c""><span>•</span></span></span></span><span style=""font-size:8.0pt""><span><span style=""color:black""><span>Removes uncertainty on product availability (</span></span></span></span><span style=""font-size:8.0pt""><span><span style=""color:black""><span>e.g.</span></span></span></span><span style=""font-size:8.0pt""><span><span style=""color:black""><span> Ig)</span></span></span></span></span></span></span></span></span></span></div>","<div style=""margin-left:18px; text-align:left"" class=""O1""><span><span><span><span><span><span><span style=""font-size:8.0pt""><span style=""font-size:100%""><span style=""color:#23004c""><span>•</span></span></span></span><span style=""font-size:8.0pt""><span><span style=""color:black""><span>Substantial improvements in daily activities (</span></span></span></span><span style=""font-size:8.0pt""><span><span style=""color:black""><span>i</span></span></span></span><span style=""font-size:8.0pt""><span><span style=""color:black""><span>-RODS) and longer-term function</span></span></span></span></span></span></span></span></span></span></div><div style=""margin-left:18px; text-align:left"" class=""O1""><span><span><span><span><span><span><span style=""font-size:8.0pt""><span style=""font-size:100%""><span style=""color:#23004c""><span>•</span></span></span></span><span style=""font-size:8.0pt""><span><span style=""color:black""><span>Reduces treatment burden with at-home self-administration and fewer side-effects vs IVIG/CS</span></span></span></span></span></span></span></span></span></span></div><div style=""margin-left:18px; text-align:left"" class=""O1""><span><span><span><span><span><span><span style=""font-size:8.0pt""><span style=""font-size:100%""><span style=""color:#23004c""><span>•</span></span></span></span><span style=""font-size:8.0pt""><span><span style=""color:black""><span>Enhances QOL and sense of control over disease trajectory</span></span></span></span></span></span></span></span></span></span></div>","<p style=""text-align:left""><span><span><span><span><span style=""font-size:8.0pt""><span><span style=""color:black""><span>High clinical value supported by robust evidence in all, including the most difficult to treat CIDP patient sub-groups </span></span></span></span></span></span></span></span></p><div style=""margin-left:18px; text-align:left""><span><span><span><span><span style=""font-size:8.0pt""><span>•</span></span><span style=""font-size:8.0pt""><span><span style=""color:black""><span>No associated site of care costs (after loading dose)​</span></span></span></span></span></span></span></span></div><div style=""margin-left:18px; text-align:left""><span><span><span><span><span style=""font-size:8.0pt""><span>•</span></span><span style=""font-size:8.0pt""><span><span style=""color:black""><span>Reduced healthcare utilization due to better efficacy and safety profile​</span></span></span></span></span></span></span></span></div><div style=""margin-left:18px; text-align:left""><span><span><span><span><span style=""font-size:8.0pt""><span>•</span></span><span style=""font-size:8.0pt""><span><span style=""color:black""><span>Cost effective vs SOC at target price using basic ICER thresholds (aspirational)</span></span></span></span></span></span></span></span></div>",Published,"785,786,787,788,789,790,791",Helena.Andersson@sanofi.com,Helena.Andersson@sanofi.com,2025-09-29 17:33:00.000,2025-09-29 17:34:00.000
LC81263,LC81263_IND001,"Moderate-severe IBD: Crohn’s Disease 600K patients in the US, 400K patients in the EU; Ulcerative Colitis 660K patients in the US, 600K patients in the EU. 
","Available therapies have low remission rates, lack durable remission, and many have significant safety concerns.  Only 25-40% of biologic-naïve patients achieve remission at induction (8-12 weeks).  And only 20-30% of patients will achieve and maintain remission at year 1.  Chronic illness and unpredictable flares lead to 50% of bio-treated patients receiving steroids and recurring hospitalizations.  

Patients cycle through “conventional treatments”, such as amino-salicylates (5 ASAs) and corticosteroids, before progressing to advanced treatment. Conventional therapies are less effective in Crohn’s vs UC, so Crohn’s patients move to advanced therapy faster.  TNF biologics maintain over 50% share in 1L advanced therapy before moving to other classes (biologic α4β7, biologic IL-23, biologic IL-12/23, oral JAK). 

","Potential for high efficacy oral in 2L. Superior treatment for CD & UC control, fast onset of action, and improved mucosal healing vs SOC for patients not well controlled by or intolerant to current therapeutics including biologics. ",,,,,Draft,"687,688,689,690,691,692,693",Kirsten.Grothe@sanofi.com,Kirsten.Grothe@sanofi.com,2025-03-06 09:47:00.000,2025-03-06 09:47:00.000
LC81277,LC81277_IND001,"HCC 1L1: 19K in US & EU5 drug treated patients in 1L HCC
Potential to also use in NSCLC (population to be defined in the future)

","A less toxic with manageable safety profile, with better efficacy 
","Current SOC Atezo/beva, durva/treme, 
Previous GPC3 TCE had rough forecast ~€750M at peak for 1L HCC with additional potential value from NSCLC. Assumptions to be further validated before M2 based on expectations about asset. 

",emerging ipi nivo; TKIs,,"NK-based approach with manageable safety profile, improved convenience, and high efficacy through combo approaches with other internal or external assets (GPC3 TCE, SoC,….)
",,Published,"512,513,514,515,516,517,518",Christophe.Philippo@sanofi.com,Christophe.Philippo@sanofi.com,2024-12-12 10:13:00.000,2024-12-12 10:16:00.000
LC81299,LC81299_IND001,"Target Population: B-cell malignancies: CAR-T competitor, CAR-T treated and unfit that could be eligible for CAR-T if better tox profile
1L DLBCL High Risk (~6k); R/R DLBCL (~7k); R/R FL (~4k); 1L MCL (~4k); R/R MCL (~2k)

","Fit patients: A less toxic, off-the-shelf therapy with equivalent (or better) efficacy to CAR-T cell therapies
Unfit patients: A less toxic, off-the-shelf therapy with improved efficacy to SoC (non CAR-T)
","~€3.6B across 3 tumors and 6 indications 
Market Share: 30% of 1L DLBCL/FL HR (6% overall); 15% of R/R
","~€3.6B across 3 tumors and 6 indications 
Market Share: 30% of 1L DLBCL/FL HR (6% overall); 15% of R/R
 
","Next generation, low toxicity CAR-T that provides the efficacy benefits of autologous therapy with the benefits of allogeneic options, allowing even more patients to experience the demonstrated benefits of CAR-T therapy",,,Draft,"169,170,171,172,173,174,175",Carla.Lawendowski@sanofi.com,Carla.Lawendowski@sanofi.com,2024-10-08 22:47:00.000,2024-10-22 17:50:00.000
LC81317,LC81317_IND001,"<div style=""margin-left:18px; text-align:left"" class=""O0""><span><span><span><span><span><span style=""font-size:12.0pt""><span>•</span></span><span style=""font-size:12.0pt""><span><span><span style=""color:#23004c""><span><span><strong><span><span>Alzheimer's Disease: </span></span></strong></span></span></span></span></span></span><span style=""font-size:12.0pt""><span><span><span style=""color:#23004c""><span><span><span><span><span>Early ALZ&nbsp; (</span></span></span></span></span></span></span></span></span><span style=""font-size:12.0pt""><span><span><span style=""color:#23004c""><span><span><span><span><span>MCI+Mild</span></span></span></span></span></span></span></span></span><span style=""font-size:12.0pt""><span><span><span style=""color:#23004c""><span><span><span><span><span> ALZ): US: ~9M; EU4+UK: ~8M</span></span></span></span></span></span></span></span></span></span></span></span></span></span></div>","<div style=""margin-left:18px; text-align:left""><span><span><span><span><span style=""font-size:12.0pt""><span>•</span></span><span style=""font-size:12.0pt""><span><span style=""color:#23004c""><span><strong>High unmet need </strong></span></span></span></span><span style=""font-size:12.0pt""><span><span style=""color:#23004c""><span>- need for more effective DMTs with improved benefit:risk profiles </span></span></span></span></span></span></span></span></div><div style=""margin-left:18px; text-align:left""><span><span><span><span><span style=""font-size:12.0pt""><span>•</span></span><span style=""font-size:12.0pt""><span><span style=""color:#23004c""><span>Recently approved amyloid targeting mAb DMTs have demonstrated modest slowing of cognitive decline and also potentially serious safety risk i.e., ARIA [amyloid related imagine abnormalities]</span></span></span></span></span></span></span></span></div><div style=""margin-left:18px; text-align:left""><span><span><span><span><span style=""font-size:12.0pt""><span>•</span></span><span style=""font-size:12.0pt""><span><span style=""color:#23004c""><span>Symptomatic treatments still in use </span></span></span></span></span></span></span></span></div>","<div style=""margin-left:18px; text-align:left""><span><span><span><span><span><span style=""font-size:12.0pt""><span>•</span></span><span style=""font-size:12.0pt""><span><span style=""color:#23004c""><span>ALZ treatment still comprise largely generic symptomatic treatments [Donepezil, Rivastigmine, Galantamine (Cholinesterase inhibitors), Memantine (Glutamate regulator)</span></span></span></span></span></span></span></span></span></div><div style=""margin-left:18px; text-align:left""><span><span><span><span><span><span style=""font-size:12.0pt""><span>•</span></span><span style=""font-size:12.0pt""><span><span style=""color:#23004c""><span>US: 2 anti-amyloid mAbs DMTs approved in US: Lecanemab (Leqembi)and Donanemab (Kisunla). [Aducanumab (Aduhelm®) withdrawn from US market]</span></span></span></span></span></span></span></span></span></div><div style=""margin-left:18px; text-align:left""><span><span><span><span><span><span style=""font-size:12.0pt""><span>•</span></span><span style=""font-size:12.0pt""><span><span style=""color:#23004c""><span>EU: CHMP has recommended granting a marketing authorization to Leqembi for treating Early ALZ in patients with only one or no copy of ApoE4</span></span></span></span></span></span></span></span></span></div><div style=""margin-left:18px; text-align:left""><span><span><span><span><span><span style=""font-size:12.0pt""><span>•</span></span><span style=""font-size:12.0pt""><span><span style=""color:#23004c""><span>2</span></span></span></span><span style=""font-size:12.0pt""><span><span style=""color:#23004c""><span><span>nd</span></span></span></span></span><span style=""font-size:12.0pt""><span><span style=""color:#23004c""><span> generation anti-amyloid DMT, with TfR shuttle, about to commence Ph3 – encouraging early-stage data </span></span></span></span></span></span></span></span></span></div>",,"<div style=""margin-left:18px; text-align:left"" class=""O0""><span><span><span><span><span><span><span style=""font-size:12.0pt""><span>•</span></span><span style=""font-size:12.0pt""><span><span style=""color:#23004c""><span>Inhibiting complement with a brain penetrant aC1s targeting mAb could delay or prevent cognitive decline and slow progression of ALZ disease, delivering novel mechanism DMT targeting synapse loss with a potentially improved benefit:risk in a condition with critical unmet need.</span></span></span></span></span></span></span></span></span></span></div>","<p><span><span><span><span><span><span style=""font-size:12.0pt""><span><span><span style=""color:#23004c""><span><span><strong><span><span>Alzheimer's Disease: </span></span></strong></span></span></span></span></span></span><span style=""font-size:12.0pt""><span><span><span style=""color:#23004c""><span><span><span><span><span>Early ALZ&nbsp; (</span></span></span></span></span></span></span></span></span><span style=""font-size:12.0pt""><span><span><span style=""color:#23004c""><span><span><span><span><span>MCI+Mild</span></span></span></span></span></span></span></span></span><span style=""font-size:12.0pt""><span><span><span style=""color:#23004c""><span><span><span><span><span> ALZ)</span></span></span></span></span></span></span></span></span></span></span></span></span></span></p>","<div style=""margin-left:18px; text-align:left""><span><span><span><span><span><span style=""font-size:12.0pt""><span>•</span></span><span style=""font-size:12.0pt""><span><span style=""color:#23004c""><span>ALZ market is expected to grow from €0.7Bn in 2024 to </span></span></span></span><span style=""font-size:12.0pt""><span><span style=""color:#23004c""><span><strong>~€13B by 2030</strong></span></span></span></span><span style=""font-size:12.0pt""><span><span style=""color:#23004c""><span>, becoming a top selling disease area in neurology </span></span></span></span></span></span></span></span></span></div><div style=""margin-left:18px; text-align:left""><span><span><span><span><span><span style=""font-size:12.0pt""><span>•</span></span><span style=""font-size:12.0pt""><span><span style=""color:#23004c""><span>Avg. per pt annual cost of ALZ symptomatic Tx in US (Donepezil): ~$5,500</span></span></span></span></span></span></span></span></span></div><div style=""margin-left:18px; text-align:left""><span><span><span><span><span><span style=""font-size:12.0pt""><span>•</span></span><span style=""font-size:12.0pt""><span><span style=""color:#23004c""><span>Avg. per pt annual list price of ALZ DMT in US: ~$28,200</span></span></span></span></span></span></span></span></span></div>",Draft,"792,793,794,795,796,797,798",Helene.Defoucauld@sanofi.com,Helene.Defoucauld@sanofi.com,2025-11-03 15:40:00.000,2025-11-03 15:40:00.000
LC81328,LC81328_IND001,"1-RRMM, post IMID, PI and anti-CD38 (post-Dara/Isa), and T-cell mediated therapy (CAR T-cell and TCE) in a setting of T-cell exhaustion 
2-SMM and NDMM HR MRD positive following frontline treatement
","current unmet needs in MM
Dual GPRC5D&FcRH5 coverage in RRMM patients
Overcome potential target downregulation/loss","Highly differentiated from PI/Imids and aCD38 SoC (Daratumumab/Isatuximab) in terms of tumor targets and NK-based therapeutics MoA
Different targets vs SoC: First in class full NANOBODY®-based NKCE engaging two NK cell receptors (CD16a/NKp46) and dual tumor targets (GPRC5D/FcRH5) ","Highly differentiated MoA from the competition (T-cell based) with NK-based therapeutics
No full NANOBODY®-based NKCE engaging dual GPRC5D and FcRH5 targets on MM cells - dual targeting in MM to broaden MM patient coverage & address potential antigen loss
No full NANOBODY®-based NKCE engaging CD16a and NKp46 - to superior NK activation 
",,,,Published,"64,65,66,67,68,69,70",Christophe.Philippo@sanofi.com,Christophe.Philippo@sanofi.com,2024-04-04 07:59:00.000,2024-04-04 08:17:00.000
LC81370,LC81370_IND001,"All diagnosed adult ALS patients (2020: US ~14K;  EU5 ~16K; Japan ~10K; China ~42K)** 
Source: Xu et al. 2020
","ALS is a devastating, rapidly progressing and fatal disease - most patients die within 3-5 years of diagnosis
Current therapies provide only modest benefit 
High unmet need for DMTs that more effectively slow disease progression and prolonging survival
","Rilutek (riluzole) - has been the SOC for over 20 years; limited impact on delaying disease progression 
Radicava (edaravone) -slows symptoms of disease; burdensome IV dosing regimen
Relyvrio / Albrioza (sodium phenylbutyrate/ taurursodiol) – first ALS therapy to demonstrate slowing of diseases progression and survival benefit. Oral dosing or administration via a feeding tube
Use of DMTs in combination is common practice 
",,,,,Published,"127,128,129,130,131,132,133",Marie-Carmen.Obinu@sanofi.com,Marie-Carmen.Obinu@sanofi.com,2024-10-07 14:33:00.000,2024-10-07 14:39:00.000
LC81384,LC81384_IND001,"It is estimated by 2033 ~2.8M persons in US/EU5 will be diagnosed with Parkinson's Disease.
~60-70% of patient will be classified as having Early-stage Parkinson's’ Disease (H&Y< 3)
","PD is the 2nd most common neurodegenerative disorder globally
No disease modifying therapies (DMTs) currently exist 
Patients face eventual loss of mobility and severe non-motor symptoms as their disability worsens ","No DMTs approved, either in idiopathic PD (iPD) or targeting genetic subsets of PD
Existing market compromises low-cost generic symptomatic treatments, mostly dopaminergic agents ",,,,,Draft,"330,331,332,333,334,335,336",Marie-Carmen.Obinu@sanofi.com,Marie-Carmen.Obinu@sanofi.com,2024-10-25 18:57:00.000,2025-12-12 14:33:00.000
LC81394,LC81394_IND001,"<div style=""margin-left:18px; text-align:left""><span><span><span><span><span style=""font-size:10.0pt""><span>•</span></span><span style=""font-size:10.0pt""><span><span style=""color:#23004c""><span><span><span>US: ~200k pts&nbsp; (NT1: 50-70%; NT2: 30-50%)</span></span></span></span></span></span></span></span></span></span></div><div style=""margin-left:18px; text-align:left"" class=""O0""><span><span><span><span><span><span style=""font-size:10.0pt""><span>•</span></span><span style=""font-size:10.0pt""><span><span style=""color:#23004c""><span><span><span>EU5: ~200k pts</span></span></span></span></span></span></span></span></span></span></span></div><div style=""margin-left:18px; text-align:left"" class=""O0""><span><span><span><span><span><span style=""font-size:10.0pt""><span>•</span></span></span></span></span></span></span></div><p style=""text-align:left""><span><span><span><span><span style=""font-size:8.0pt""><span><span><span style=""color:#23004c""><span><span><span><em><span>Source: Silber MH, et al. Sleep. 2002; Company presentations</span></em></span></span></span></span></span></span></span></span></span></span></span></p>","<div style=""margin-left:18px; text-align:left""><span><span><span><span><span style=""font-size:10.0pt""><span>•</span></span><span style=""font-size:10.0pt""><span><span style=""color:#23004c""><span><span>Need for more effective therapies for NT1 and NT2 without safety risks (e.g., sodium </span></span></span></span></span><span style=""font-size:10.0pt""><span><span style=""color:#23004c""><span><span>oxybate</span></span></span></span></span><span style=""font-size:10.0pt""><span><span style=""color:#23004c""><span><span> [boxed warning/REMS])</span></span></span></span></span></span></span></span></span></div>","<div style=""margin-left:18px; text-align:left""><span><span><span><span><span><span style=""font-size:10.0pt""><span>•</span></span><span style=""font-size:10.0pt""><span><span style=""color:#23004c""><span><span>Symptomatic treatments including stimulants, sodium </span></span></span></span></span><span style=""font-size:10.0pt""><span><span style=""color:#23004c""><span><span>oxybates</span></span></span></span></span><span style=""font-size:10.0pt""><span><span style=""color:#23004c""><span><span>, </span></span></span></span></span><span style=""font-size:10.0pt""><span><span style=""color:#23004c""><span><span>pitolisant</span></span></span></span></span></span></span></span></span></span></div>",,"<div style=""margin-left:18px; text-align:left"" class=""O0""><span><span><span><span><span><span><span style=""font-size:10.0pt""><span>•</span></span><span style=""font-size:10.0pt""><span><span style=""color:#23004c""><span>To treat excessive daytime sleepiness (cataplexy in NT1) with a first-in-class CNS penetrant </span></span></span></span><span style=""font-size:10.0pt""><span><span style=""color:#23004c""><span>aTfR</span></span></span></span><span style=""font-size:10.0pt""><span><span style=""color:#23004c""><span>-Orexin (OXR1, OXR2) in patients with narcolepsy type 1 and 2 and IH</span></span></span></span></span></span></span></span></span></span></div>","<p style=""text-align:left""><span><span><span><span><span><span style=""font-size:10.0pt""><span><span style=""color:#23004c""><span><span><span>Total US market size of lead indication €3.5B in 2030</span></span></span></span></span></span></span></span></span></span></span></p><p style=""text-align:left""><span><span><span><span><span><span style=""font-size:10.0pt""><span><span style=""color:#23004c""><span><span><span>WW sales 2024: ~€2.2B</span></span></span></span></span></span></span></span></span></span></span></p><p style=""text-align:left""><span><span><span><span><span><span style=""font-size:10.0pt""><span><span style=""color:#23004c""><span><span><span>WW sales 2030: : ~€4.0B</span></span></span></span></span></span></span></span></span></span></span></p><p style=""text-align:left""> </p><p style=""text-align:left""><span><span><span><span><span><span style=""font-size:8.0pt""><span><span style=""color:#23004c""><span><em>Source: Evaluate Pharma (Mar 2025); assume FX US/ EU = 1.1</em></span></span></span></span></span></span></span></span></span></p>",,Draft,"729,730,731,732,733,734,735",Kristin.Radzwill@sanofi.com,Kristin.Radzwill@sanofi.com,2025-07-23 21:03:00.000,2025-07-23 21:04:00.000
LC81417,LC81417_IND001,"Moderate to severe systemic lupus erythematosus (SLE) treated population includes 176K patients in the US and 93K patients in the EU.  The severe refractory SLE population to be targeted for CAR-T therapy is estimated to be ~25K patients in the US.  
","Significant, long-term steroid use is required, and standard of care advanced therapies (Benlysta / Saphnelo) only provide modest efficacy.  Significant needs remain for sustained remission, reduced flares and flare severity, halting progression, steroid minimization. Increasing organ involvement, lupus nephritis (LN) in particular, worsens disease. Lupus may not truly be “one disease” with wide variety of symptoms and drivers.  
","First Line: steroids + immunosuppressants
Second Line: Saphnelo, Benlysta (SRI-4 response Δ14% vs pbo)
","The lupus (SLE + LN) market is expected to grow to >€5B by 20331 with continued market penetration from late-stage advanced therapies.  CAR-T therapies could drive higher treatment rates further expanding the SLE market, potentially doubling in the US by 20452.  Additional commercial potential through indication expansion into myositis, systemic sclerosis, pemphigus.  
",,"CD19 CAR-T has potential for long term, ~100% drug free disease remission / halting of disease progression across multiple indications of high unmet need. In vivo CAR-T offers significant differentiation versus the autologous (complex manufacturing and administration) and allogeneic (alloreactivity concerns) CAR-T cell therapies, as in vivo CAR-T has the potential for off-the-shelf manufacturing, no pre-conditioning, and out-patient administration.  
",,Published,"694,695,696,697,698,699,700",Michelle.Callahan@sanofi.com,Michelle.Callahan@sanofi.com,2025-03-11 02:09:00.000,2025-03-12 19:00:00.000
LC81418,LC81418_IND001,"<p style=""text-align:left""><span><span><span><span><span><span style=""font-size:12.0pt""><span><span style=""color:black""><span><span><span>~12-15K diagnosed</span></span></span></span></span></span><span style=""font-size:12.0pt""><span><span style=""color:black""><span><span><span>&nbsp;FSHD patients in the US and EU5. Primary target population will be both adolescent/adult, ambulatory FSHD patients. Potential label expansion into non-ambulatory and pediatric patients with additional studies.</span></span></span></span></span></span></span></span></span></span></span></p>","<p style=""text-align:left""><span><span><span><span><span style=""font-size:12.0pt""><span><span style=""color:black""><span>Currently, there are no therapies approved for the treatment of FSHD. FSHD is a rare, genetic, progressive muscular dystrophy and there is high unmet need for disease modifying therapies.&nbsp;</span></span></span></span></span></span></span></span></p>",,"<p style=""text-align:left""><span><span><span><span><span><span style=""font-size:12.0pt""><span><span style=""color:black""><span>In the absence of approved therapies for FSHD, current SoC for FSHD patients aims to help alleviate symptoms. These interventions include, but are not limited to, physical therapy for muscle weakness, surgery for scapular winging, braces and wheelchairs for mobility impairment and bronchodilators for respiratory issues. </span></span></span></span><u><span style=""font-size:12.0pt""><span><span style=""color:black""><span><strong>By time of launch, we expect availability of DMTs (i.e., muscle-targeted DUX4 siRNAs) for the treatment of FSHD (potentially up to 2&nbsp; DMTs available). These DMTs are expected to be future SoC, providing clinical improvement in FSHD symptoms and potential to slow disease progression.</strong></span></span></span></span></u></span></span></span></span></span></p>",,"<p style=""text-align:left""><span><span><span><span><span><span><span style=""font-size:12.0pt""><span><span style=""color:black""><span>Expected to improve patients' lives to a greater extent than future </span></span></span></span><span style=""font-size:12.0pt""><span><span style=""color:black""><span>SoC.</span></span></span></span><span style=""font-size:12.0pt""><span><span style=""color:black""><span> A one-time administered gene therapy has the potential to significantly improve treatment burden. Higher efficacy expected to provide superior clinical benefit and potentially halt disease progression.</span></span></span></span></span></span></span></span></span></span></p>","<p style=""text-align:left""><span><span><span><span><span><span style=""font-size:12.0pt""><span><span style=""color:black""><span>Potential peak </span></span></span></span><span style=""font-size:12.0pt""><span><span style=""color:#23004c""><span>revenue of </span></span></span></span><span style=""font-size:12.0pt""><span><span style=""color:black""><span>~EUR 750MM-1B (assuming first and only GTx to market, with a launch in 2032)</span></span></span></span></span></span></span></span></span></p><p style=""text-align:left""> </p><p style=""text-align:left""><span><span><span><span><span><span style=""font-size:12.0pt""><span><span style=""color:black""><span>High strategic fit. Neuromuscular is an anchor area for rare, and FSHD is one of the most common forms of muscular dystrophy.</span></span></span></span></span></span></span></span></span></p>",Draft,"365,366,367,368,369,370,371",Kristin.Radzwill@sanofi.com,Kristin.Radzwill@sanofi.com,2024-10-30 14:49:00.000,2025-12-02 21:09:00.000
LC81422,LC81422_IND001,"Target AD population: patients with Early AD i.e., Mild Cognitive Impairment (MCI) due to AD or Mild AD: Total target ~7.9mil (US) and~7.0mil (EU) in 2022.    
MCI due to AD:Mild AD (US 2022) ~5.2:2.7mil 
","Eligible patients include patients with Early Alzheimer's Disease i.e., MCI due to AD or Mild AD
","Symptomatic: Donepezil, Rivastigmine, Galantamine (Cholinesterase inhibitors), Memantine (Glutamate regulator)
DMT: FDA approved - Aducanumab (Aduhelm®, withdrawn from market); Lecanemab (Leqembi®); awaiting FDA approval - donanemab; uptake of these DMTs has been low to date, not yet established as SoC","Recently approved amyloid targeting mAb DMTs. The class demonstrated inconsistent and modest slowing of cognitive decline and have the potentially serious side effect amyloid-related imaging abnormalities (ARIA)
Symptomatic treatments still in use ",,,,Draft,"708,709,710,711,712,713,714",Marie-Carmen.Obinu@sanofi.com,Marie-Carmen.Obinu@sanofi.com,2025-03-17 17:04:00.000,2025-03-17 17:06:00.000
LC81648,LC81648_IND001,"For the ~2M patients (1M in US, 1M in EU) diagnosed with Parkinson’s disease in the US and EU (expected to grow to ~2.5M patients by 2035) and are early in their disease course (H&Y <3; ~60-70% of PD patients) 
","Parkinson’s Disease is the 2nd most common neurodegenerative disorder globally
No disease modifying therapies currently exist 
Patients face eventual loss of mobility and severe non-motor symptoms as their disability worsens 
","No disease modifying therapies approved
Physical, occupational and speech therapy in addition to symptomatic pharmacological treatments (e.g. carbidopa/ Levodopa to control motor symptoms) 
","Potential as DMT to slow progression of disease in early Parkinson’s disease (with or without genetic mutation), a disease with high unmet need and no approved DMT, only symptomatic treatments
a-Synuclein mAbs are likely to be the first DMT class available for PD. Further, within the class, TFRC x a-syn mAb has best-in-class potential due to improved brain penetration afforded by TfR brain shuttle as well as superior binding affinity to pathological alpha-syn aggregates due to the binder used
α-syn pathology in PD has been well characterized and presents the most proximal approach for a disease modifying treatment
US market size of PD (in 2030): €3.6B ",,,,Draft,"715,716,717,718,719,720,721",Marie-Carmen.Obinu@sanofi.com,Marie-Carmen.Obinu@sanofi.com,2025-03-27 16:00:00.000,2025-03-27 16:02:00.000
SAR445611,LN,,,,,,,,Published,"1,2,3,4,5,6,7",Rishab.Khamitkar@sanofi.com,Rishab.Khamitkar@sanofi.com,2023-11-28 05:36:00.000,2023-11-28 05:36:00.000
SAR445514,RRMM - 3x expo - Mono,"Adult patients with RRMM, in monotherapy
","who have received at least 3 to 4 prior therapies including PIs, IMiD, anti-CD38, post T-cell mediated option (BCMA, GPRc5D, CAR-T)
","No clear SOC post T-cell mediated option  today
Improve ORR to ~60% (current therapies average: 50%)
Improve PFS to ~6 months (current therapies average: 2 months)
Improved QoL and OS 
Favorable safety profile","No clear SoC expected at launch
","Value statement(s) specific to each stakeholder
","Well-tolerable treatment alternative
Treatment convenience (no hospitalization requirements, SC)
Improved HR-QoL and Activities of Daily living
","High bar to reach for differentiation (based on payer feedback) 
OS will be required in such late setting
High unmet need in late line, launch in monotherapy will support high price potential",Draft,"456,457,458,459,460,461,462",Adeline.Garcia@sanofi.com,Adeline.Garcia@sanofi.com,2024-11-19 10:22:00.000,2024-11-19 10:23:00.000
SAR441344,SAR441344_IND002,Patients diagnosed with relapsing forms of MS (RMS) and non-relapsing secondary progressive MS (nrSPMS) (Estimated ~1.3M diagnosed RMS patients and ~230K diagnosed nrSPMS patient in 2023 across US and EU),For RMS patients who seek high-efficacy therapy with novel MOA and significant reduction in relapses while being non lymphocyte depleting. For nrSPMS patients who have limited to no approved therapies and limited treatment options to manage their nrSPMS. For both RMS and nrSPMS patients who seek the reduction in progression of MS,"A high-efficacy MS therapy, treating both RMS and nrSPMS with a novel first-in-class mode of action with upstream impact on the immune system, including innate immunity; delivered via a Q4W patient self-administered large-volume SC and/or in-office IV 

In RMS: Provide improvement in efficacy in terms of disability progression, including improvements in CDW, CDI and PIRA; Provides strong anti-flammatory effect on relapses similar to results seen with anti-CD20s vs comparators 

Improvements in cognition as demonstrated in processing speed (SDMT) and in health-related patient-reported quality of life (MSIS-29, EQ-5D-5L)
Safety: Provide efficacy without chronic B-cell depletion (and long-term safety risks associated with it)
Route of administration: Potentially provide Q4W patient self-admin. large volume SC (dominant anti-CD20 Ocrevus is a Q6M IV infusion, though Kesimpta is a monthly autoinjector)
","In RMS: Provide similar efficacy profile compared to best-in class BTKi (tolebrutinib) with responde to disability control; Provides stronger relapse control with superior control vs teriflunomide
Safety: Provide efficacy likely without significant DILI risk (and associated liver monitoring that is expected)
Route of administration: Potentially provide Q4W patient self-admin. large volume SC and/or in-office IV options for those who prefer these options over daily oral with frequent liver monitoring in first 6 months
","Novel, high-efficacy MS therapy approved for use across relapsing and non-relapsing forms of MS
","Most improved efficacy and impact on disability progression (mobility, cognition, fatigue) 
Patient self-administered large-volume SC and/or in-office IV 
Well tolerated and fewer side effects
Improve patients QOL and daily functions
","Highest benefits on patients QOL and daily functions (mobility, cognition, fatigue)
Reduced healthcare resource utilization (driven by improved efficacy and no long-term safety risks) offsets infusion-related costs (aspirational)
Trend for improvement on patients' work productivity and daily activities (Ph4 so only available post HTA assessments and price negotiations)
",Draft,"421,422,423,424,425,426,427",Pintu.Saha@sanofi.com,Pintu.Saha@sanofi.com,2024-11-01 15:19:00.000,2024-11-01 15:19:00.000
SAR441344,SAR441344_IND003,"Adult patients with active biomarker positive, moderate to severe systemic lupus erythematous (SLE) who are receiving standard therapy.
Excludes patients with severe active lupus nephritis or CNS",Want to reduce disease-associated activity while improving overall quality of life in daily living,"Versus future SoC (Saphnelo):
In specific biomarker population in indirect comparison
• Greater efficacy on SRI4 and BICLA (>20% vs.Saphnelo)
• Significant reduction in flares
• Improvement on QoL and fatigue","Versus Benlysta

In specific biomarker population in indirect comparison
• Greater efficacy on SRI4 (+~28% vs. Benlysta)
• Significant reduction in flares
• Greater steroid sparing effect
• Improvement on QoL and fatigue","• Rapid-onset and highly effective treatment for advanced, biomarker positive, patients
• Better control of the disease with reduction in flares, organ damage prevention, lessening life-threatening complications","• Significant reduction in flares and pain; fatigue, and anxiety/depression impacting day-to-day living
• Reduction of AEs linked to long-term high-dosage steroid usage","• Reduction of disease burden in key organs and flares to improve treatment persistency and reduce direct and indirect medical costs
• Improvement to patient QoL leading to an increase adherence to treatment/medication
• Acceptable budget impact with inexpensive biomarker test and limited patient population
• Cost-effectiveness vs available treatment options",Draft,"603,604,605,606,607,608,609",Pintu.Saha@sanofi.com,Pintu.Saha@sanofi.com,2025-01-30 02:21:00.000,2025-01-30 02:22:00.000
SAR441344,SAR441344_IND007,"kidney transplant recipients
","Non-inferior patient survival, graft survival and number of acute rejection episodes compared to tacrolimus (SoC) at 1-yr
Superior preservation of graft function,  less secondary comorbidities (new onset diabetes, hypertension, dyslipidemia), and better patient reported outcome (PRO)
Superior long-term (5-yr) graft survival as predicted by surrogate endpoint (iBox)
Frexalimab leads to an improved long-term preservation of kidney graft function without increased risk of rejection and without the debilitating adverse reactions and toxicities of CNI-based regimens","Provides non-inferior immunosuppression compared to SoC without nephrotoxicity and the other CNI associated adverse reactions
PK is predictable and TDM is not needed
Comes in a convenient SC autoinjector that allows patient self-management without significant efforts to coordinate logistics (unlike IV)
",,"Improve long-term graft function and survival reducing the need for retransplantation or dialysis  
Prevent patients from developing CNI-induced adverse reactions (diabetes, hypertension, dyslipidemia, tremor) 
Lower risk of developing DSA
Reduce burden of therapeutic drug monitoring (TDM), leading to simplification of disease management
Allow patients to feel better after transplantation","Preserves renal function of precious “gift of life” and extends the time to live with a functional graft
No CNI-induced adverse reactions which leads to improved QOL allowing patients to leave longer, more fulfilling lives
Simplifies immunosuppression regimen without the burden of TDM","Savings on healthcare resource use related to  TDM and hospital visits
Prevents patients from developing CNI-induced comorbidities that  increased cardiovascular risk and bring to disabilities with increase in overall healthcare costs
Improves long-term graft survival with reduced risk of retransplantation or dialysis",Draft,"435,436,437,438,439,440,441",Pintu.Saha@sanofi.com,Pintu.Saha@sanofi.com,2024-11-01 16:01:00.000,2024-11-01 16:02:00.000
SAR441344,SAR441344_IND008,"Patients diagnosed with relapsing forms of MS (RMS) and non-relapsing secondary progressive MS (nrSPMS) (Estimated ~1.3M diagnosed RMS patients and ~230K diagnosed nrSPMS patient in 2023 across US and EU) 
",For nrSPMS patients who have limited to no approved therapies and limited treatment options to manage their nrSPMS. For both RMS and nrSPMS patients who seek the reduction in progression of MS,"A high-efficacy MS therapy, treating both RMS and nrSPMS with a novel first-in-class mode of action with upstream impact on the immune system, including innate immunity; delivered via a Q4W patient self-administered large-volume SC and/or in-office IV 
In nrSPMS: Provide approved therapy in nrSPMS with clinical data demonstrating efficacy in nrSPMS (anti-CD20 not approved for nrSPMS)
Improvements in cognition as demonstrated in processing speed (SDMT) and in health-related patient-reported quality of life (MSIS-29, EQ-5D-5L)
Safety: Provide efficacy without chronic B-cell depletion (and long-term safety risks associated with it)
Route of administration: Potentially provide Q4W patient self-admin. large volume SC (dominant anti-CD20 Ocrevus is a Q6M IV infusion, though Kesimpta is a monthly autoinjector)
","In nrSPMS: Provide similar efficacy profile compared to best-in class BTKi (tolebrutinib) 
Safety: Provide efficacy likely without significant DILI risk (and associated liver monitoring that is expected)
Route of administration: Potentially provide Q4W patient self-admin. large volume SC and/or in-office IV options for those who prefer these options over daily oral with frequent liver monitoring in first 6 months","Novel, high-efficacy MS therapy approved for use across relapsing and non-relapsing forms of MS","Most improved efficacy and impact on disability progression (mobility, cognition, fatigue) 
Patient self-administered large-volume SC and/or in-office IV 
Well tolerated and fewer side effects
Improve patients QOL and daily functions","Highest benefits on patients QOL and daily functions (mobility, cognition, fatigue)
Reduced healthcare resource utilization (driven by improved efficacy and no long-term safety risks) offsets infusion-related costs (aspirational)
Trend for improvement on patients' work productivity and daily activities (Ph4 so only available post HTA assessments and price negotiations)",Draft,"428,429,430,431,432,433,434",Pintu.Saha@sanofi.com,Pintu.Saha@sanofi.com,2024-11-01 15:24:00.000,2024-11-01 15:26:00.000
SAR441344,SAR441344_IND009,Adult and pediatric patients on the continuum of primary focal segmental glomerulosclerosis (FSGS)/minimal change (MCD) kidney disease,"Patients seeking remission of nephrotic syndrome, reduction of relapses, sparing of steroid use, prevent end-stage kidney disease (ESKD)","A targeted disease modifying therapy for FSGS/MCD because it modifies abnormalities of immune response that are involved in the pathogenesis of primary FSGS/MCD, leading to a better benefit/risk profile compared to current standard of care (SOC; steroids) or potential future SOC (sparsentan)

- Disease modifying therapy
- Higher rates of proteinuria reduction in nephrotic patients 
- Faster onset of action
- Corticosteroid sparing/minimizing
- Slowing in kidney function decline (i.e., rate of EGFR)
- Higher rates of complete/partial remission; lower rates of relapses
- Lower risk of infection/better tolerability
","- Disease modifying therapy
- Higher rates of proteinuria reduction in nephrotic patients 
- Faster onset of action
- Slowing in kidney function decline
- Higher rates of complete/partial remission; lower rates of relapses
- Better toxicity profile; No liver toxicity (REMS program)
- Flexibility in RAAS dose adjustment (because Sparsentan is an angiotensin receptor blocker (ARB) and an endothelin receptor antagonist (ERA))","- Less drug-drug interactions 
- Reduction of steroids
- Thrombosis and infection risk","- Less polypharmacy
- Better quality of life due to less use of corticosteroids effects
- Improvement of nephrotic syndrome 
- Delay and/or prevent ESKD","- Delay and/or prevent ESKD
- Cost offsets: Less hospitalization, shorter hospital stays for severe nephrotic syndrome and disease complications + Less monitoring",Draft,"239,240,241,242,243,244,245",Sandrine.Turpault@sanofi.com,Pintu.Saha@sanofi.com,2024-10-17 22:19:00.000,2025-01-30 02:22:00.000
SAR441566,SAR441566_IND001,Adults with moderately to severely active rheumatoid arthritis who have had inadequate response or intolerance to one or more deisease-modifying antirheumatic drugs (DMARDs),"An oral alternative that can be prescribed alone or with methotrexate or other conventional DMARDs, supporting eralier initiation or advanced therapy, switching from biologics, or the need for more durable maintenance treatment.","vs Humira
Indirect treament comparison
- comparable efficacy in the short term and improved efficacy durability in maintenance
- no injection site reaction
- avoid black box warning from anti-TNF class
- Fewer adverse events due to selective inhibition of TNFR1 and reduced risk of secondary failure due to lack of ADAs","vs Rinvoq (upadacitinib)
- Slightly less effective efficacy profile
- significantly clearner safety profile with no major cardiovascular events, death , or thrombosis warnings, significantly decreased risks of serious infections
- Improved US labeling without the inclusion of a step through TNF therapy.","- Oral alternative to ant-i-TNF injectable and infusible options
- Potentially improved patient adherence with oral administration
- Fewer treatment failures and need for alternative therapies due to better durability and lack of ADAs
- Avoid black boxwarning. RWE to show reduced infection risk and reduced exacerbation vs anti-TNF biologics due to TNFR2 sparing
- 1L access to treatment","Convenient and preferred oral dosing
Sustained efficacy reduces therapy cycling while improving symptoms
Favorable safety profile with lower AEs and infection related failure rates
Significant improvement in quality of life","Improved budget impact vs other TNF brands and biosimilars due to :
- better patient adherence from fewer side effects and oral route of administration (needs RWE)
- fewer treatment failures reducing the need for costly alternative therapies
- potential net neutral TNF drug-cost spend",Published,"547,548,549,550,551,552,553",Sandrine.Le-Carrer@sanofi.com,Sandrine.Le-Carrer@sanofi.com,2025-01-09 16:14:00.000,2025-01-09 16:15:00.000
SAR442501,SAR442501_IND001,"Patients with achondroplasia with open growth plates (typically <18 y.o.) [6K in 7MM]
","Experience reduced annual growth and disproportionate growth leading to shortened stature, multiple complications (skeletal, otolaryngologic, neurologic, cardiovascular) and 10 years shorter life expectancy
Superior increase in annual growth velocity
Promotes proportionate growth and reduction in complications from disproportionate growth
Less frequent dosing (once or twice weekly vs. daily SC)
Improved benefit/risk balance due to specific MOA (100 % vosoritide patients experienced AEs in Ph2; numerous AEs related to vasoactivity, cough 49%, hypotension 46%)
","Superior increase in annual growth velocity
Promotes proportionate growth and reduction in complications from disproportionate growth
Less frequent dosing (once or twice weekly vs. daily SC)
Improved benefit/risk balance due to specific MOA (100 % vosoritide patients experienced AEs in Ph2; numerous AEs related to vasoactivity, cough 49%, hypotension 46%)
","Efficacious in very young patients (below 5y) allowing early initiation of treatment
Highest efficacy on annual growth velocity and best prevention of ACH complications
High benefit/risk balance due to specific MOA
","Normalization of growth velocity
Reduce complications 
Well-understood, targeted mechanism of action
Better safety
","Height gain and improved proportions, resulting in significant improvement in overall quality of life, gait and motor function
Reducing the burden of disease by lowering the need for scattered treatments and therapies.
Fewer invasive and repetitive surgeries
","Low budget impact considering rare incidence of achondroplasia
Reduction of resource use with less invasive and costly surgeries and improved QoL
Anticipated to be cost effective vs. vosoritide (in markets where required)

*For payers, specific cost savings, key issue to foresee are expected, only if relevant. It is understood that cost effectiveness statements can often be only directional: e.g. “cost effective vs SOC at target price using basic ICER thresholds” or “the unmet need of a tightly defined, rare population is met within a predictable budget even though ICER would exceeds normal thresholds” based on epidemiology that supports predictable budget impact etc”

",Published,"57,58,59,60,61,62,63",Reinhold.Roessler@sanofi.com,Ghislaine.Bedulho@sanofi.com,2024-01-26 07:47:00.000,2024-05-05 05:44:00.000
SAR442970,SAR442970_IND001,Adult patients with moderate to severe hidradenitis suppurativa,To reduce inflammatory and fibrotic manifestations of the disease to improve physical and psychosocial symptoms that impact quality of life in daily living,"A first-in-class, novel therapy that targets both TNF and OX40L to significantly reduce the number lesions, abscesses, and draining fistulas and maintain HiSCR75, through convenient biweekly SQ dosing
- Significantly higher HiSCR50 and HiSCR75 (including in bio-experienced pts)​
- Superior sustained efficacy over time​
- Consistent black-box warning due to TNF component","- Higher HiSCR50 and HiSCR75 (including in bio-experienced pts)​
- Similar sustained efficacy overtime​
- Black-box warning due to TNF component​
- Differentiation on QoL measures","- Lessens abscess and nodules counts and reduces frequency & duration of flares ​
- Similar onset of action as available therapies, with meaningfully sustained efficacy over time​
- Reduce the need to prescribe oral antibiotics, narcotics, and other symptom-associated therapies​
- Durable efficacy leading to less treatment switching/cycling​
- Reduce the need to prescribe antidepression medications","- Reduce abscess and nodules count, leading to an alleviation of HS-associated pain​
- Reduces frequency & duration of flares​
- Reduction in draining tunnels, leading to reduction in drainage and odor, and longer-term improvement psychological disease-associated impact (e.g. depression, anxiety)​
- Improves patient overall quality of life (e.g. intimacy, physical activity)","- Small patient population with high unmet need​
- Reduction in inpatient HS-associated medical cost with a minimal increase in outpatient care​
- Reduces the need for patients to utilize resources associated with psychological disease impact​
- Improvement to patient QoL​
- Acceptable budget impact vs available treatment alternatives​
- Less treatment cycling (lower admin burden)",Draft,"379,380,381,382,383,384,385",Berangere.Thiers@sanofi.com,Berangere.Thiers@sanofi.com,2024-10-31 20:38:00.000,2024-10-31 20:39:00.000
SAR442970,SAR442970_IND005,Adult and pediatric patients on the continuum of primary focal segmental glomerulosclerosis (FSGS)/minimal change (MCD) kidney disease,"Patients seeking remission of nephrotic syndrome, reduction of relapses, sparing of steroid use, prevent end-stage kidney disease (ESKD)","A targeted disease modifying therapy for FSGS/MCD because it modifies abnormalities of immune response that are involved in the pathogenesis of primary FSGS/MCD, leading to a better benefit/risk profile compared to current standard of care (SOC; steroids) or potential future SOC (sparsentan)
- Disease modifying therapy
- Higher rates of proteinuria reduction in nephrotic patients 
- Faster onset of action
- Corticosteroid sparing/minimizing
- Slowing in kidney function decline (i.e., rate of EGFR)
- Higher rates of complete/partial remission; lower rates of relapses
- Lower risk of infection/better tolerability","- Disease modifying therapy
- Higher rates of proteinuria reduction in nephrotic patients 
- Faster onset of action
- Slowing in kidney function decline
- Higher rates of complete/partial remission; lower rates of relapses
- Better toxicity profile; No liver toxicity (REMS program)
- Flexibility in RAAS dose adjustment (because Sparsentan is an angiotensin receptor blocker (ARB) and an endothelin receptor antagonist (ERA))","- Less drug-drug interactions 
- Reduction of steroids
- Thrombosis and infection risk","- Less polypharmacy
- Better quality of life due to less use of corticosteroids effects
- Improvement of nephrotic syndrome 
- Delay and/or prevent ESKD","- Delay and/or prevent ESKD
- Cost offsets: Less hospitalization, shorter hospital stays for severe nephrotic syndrome and disease complications + Less monitoring",Draft,"274,275,276,277,278,279,280",Sandrine.Turpault@sanofi.com,Berangere.Thiers@sanofi.com,2024-10-19 00:29:00.000,2024-10-31 20:46:00.000
SAR442970,SAR442970_IND006,Individuals (12+ yo) with new onset T1D (diagnosed within 100 days) with clinically meaningful β-cell function (C-peptide ≥ 0.2 nmol/L) ​,Preservation of their β-cell function and better clinical management - better HbA1c control; delay of treatment intensification [fewer to no (unlikely) insulin injections] and potentially less clinical hypoglycemic episodes​,"The best available treatment showing disease modification in newly diagnosed T1DM by preserving β-cell mass and function resulting in improved HbA1c control, delayed treatment intensification [lower dose/fewer to no (unlikely) insulin injections], with less clinical hypoglycemic episodes. ​
(This product is also expected to be the best available treatment for at-risk individuals to delay progression to stage 3 T1D)​
- Significant C-peptide preservation [Change in the C-peptide AUC from baseline to W52 superior to SoC, 1ary, W104 2ary and mid-term evidence form LTS] ​
- Continuous glucose monitoring (CGM) better time in range (TIR) (70-180 mg/dL) (or HbA1c) measured as % vs placebo (Co 1ary or 2ary, powered)​
- Proportion of patients who remain C-peptide positive (>0.2 nmol/L) superior to placebo at W52 and 104​
- Proportion of patients reaching the target of A1C < 7.0% at 12 months superior to placebo (Co 1ary or 2ary, powered)​
- Percent of patients in partial remission [insulin dose-adjusted HbA1c (IDAA1C) score ≤9 at W52 and 104] ​
- Delayed treatment intensification and/or reduced need for daily insulin (2ary)​
- Decrease frequency/intensity of hypoglycemia (safety)​","First in Class bi-specific aTNF/OX40L​
Best in class efficacy/ safety profile","- Preserving patients’ ß-cell mass and function thus minimizing the need for treatment intensification​
- Makes T1DM easier to manage​
- Lower incidence of severe hypoglycemia​
- Postponing long term complications ","QoL benefit for patients vs SOC​
- Freedom to pursue normal life sports and education​
- More good days: better management of glucose, fewer hypoglycemia events, reduced insulin needs, more TIR, and delayed treatment intensification​
- Self-efficacy: “Anti-TNF/OX40L helps your body to keep control of your disease” ​

QoL benefit for caregivers vs SOC ​
- Better psychological well-being: Lower anxiety/ lower burden/lower family impact","- Be part of modifying T1D course ​
- Better glucose control and/or ß-cell mass as a surrogate for LT complications​
- Reduced insulin needs; lower insulin injections leading to better management (less hypos, reducing hospitalization)​
- Caregivers benefit especially for Cost-effectiveness countries",Draft,"386,387,388,389,390,391,392",Berangere.Thiers@sanofi.com,Berangere.Thiers@sanofi.com,2024-10-31 20:45:00.000,2024-10-31 20:45:00.000
SAR443122,SAR443122_IND002,"Adult patients with moderately to severely active ulcerative colitis (UC) who have had an an inadequate response to, lost response to, or are intolerant to conventional therapy.","Need a reduction in disease burden resulting in improved quality of life in normal daily living.
","HUMIRA (adalimumab) Indirect Treatment Comparison:
(1) Significantly higher rates of initial clinical response and sustained clinical remission in advanced therapy naive and experienced patients.
(2) Corticosteroid-free remission.
(3) Better safety profile (no black box warning).
(4) Twice-daily oral vs SC self injection.","RINVOQ (upadacitinib) Indirect Treatment Comparison:
(1) Similar rates of initial clinical response and sustained clinical remission in advanced therapy naive and experienced patients.
(2) Better safety profile (no black box warning including MACE, thrombosis, malignancies, or serious infections).
(3) No restriction to post-TNF therapy.","(1) High rate of clinical remission that is sustained long-term.
(2) Better mucosal healing (Endoscopic improvement).
(3) Reduction in use of corticosteroids;
(4) Effective in all patient types, irrespective of prior therapy.","(1) Rapid symptom relief and sustained remission.
(2) Reduction in GI and extraintestinal symptoms, including bowel urgency, rectal bleeding, abdominal pain, stool frequency, and fatigue.
(3) Convenience of a twice-daily oral vs injection/infusion.
(4) No significant side effects including avoiding serious infections.
(5) Significant improvement in quality of life and ability to return to activities of daily living.","(1) More predictable/sustained response, leading to controlled/stable disease and reduced administrative burden from medication switching.
(2) Reduction in associated medical costs (hospitalization, steroid-related effects).
(3) Reduction in surgeries, including repeat procedures.
(4) Improvement to patient QoL leading to an increase adherence to treatment/medication.",Published,"505,506,507,508,509,510,511",christopher.hewson@sanofi.com,christopher.hewson@sanofi.com,2024-12-04 16:35:00.000,2024-12-04 16:35:00.000
SAR443579,SAR443579_IND001,"Patients with relapsed or refractory CD123+ acute myeloid leukemia (AML), with or without targetable mutations including those requiring rescue post HSCT
","Therapeutic options prolonging survival with minimal side effects, reducing disease burden and improved quality of life

","Clinically meaningful improvement in mOS by 3 months to 8 months (Chemo: 5 months1)
CR+CRi 40% (vs 30% chemo, median 2 prior LOT1)
mDOR 25 months (chemo 16.8 months2) to be refined
Better safety profile, tolerability and HRQoL vs. systemic SoC
Transfusion independence /  reduced transfusion burden
Reduced neutropenia related hospitalizations
","Higher efficacy CR+CRi 40% (superior to current results of competitors whose CR+CRi= 19-30%)
Improved safety; NK-cell engagement reduces CRS risk
No need for T-cell engineering (cost and delay) and associated risk
","Improved efficacy and less management of adverse events
Identification of target AML patients (CD123+) but can be largely prescribed (no IDH or CD33 or FTL3 limited)
Alleviate the management of CRS risk","Prolongation of life with limited side effect
Efficient and durable relief of fatigue, weakness, fever and infections
Improved tolerability
Reduced risk of CRS translating into fewer days of hospitalization","Given high competition, need for validation of clinically relevant efficacy thresholds
Manageable budget impact in small patient population, contingent on final pricing strategy
Safety and improved QoL/symptom palliation, reduced transfusion, days of hospitalization vs. (1) generic SoC; (2) agents associated with CRS and IRR.",Draft,"22,23,24,25,26,27,28",Estelle.Bellec@sanofi.com,Estelle.Bellec@sanofi.com,2023-12-13 09:07:00.000,2023-12-13 09:07:00.000
SAR443579,SAR443579_IND002,"Patients age>60,  with CD123+ acute myeloid leukemia (AML) who are treatment naïve and unfit for intensive induction chemotherapy because of age >75 or at least one comorbidity (e.g. h/o CHF, EF<50%, chronic stable angina, DLCO<65%, FEV1<65%, ECOG PS 2-3)
","Improved rates and sustained induction of remission, with less residual disease in patients
","vs Venetoclax:
Improvement in mOS to >20 months (vs Ven+HMA: ~17 months)1,2
Better CR+CRi 90% vs Ven+HMA: ~70-50% 1,2,3
mDOR >21 months (vs Ven+HMA 15-21 mo1)
Better safety profile, tolerability and HRQoL vs. SoC
Transfusion independence /  reduced transfusion burden
Reduced neutropenia related hospitalizations","Possible SoC: Combinations of two of the following agents: daunorubicin, cytarabine, decitabine, azacitidine, BCL2 inhibitor (venetoclax) or agents that target AML subpopulations, e.g. FLT3, IDH, or KIT mutations, anti-CD33 ADC (Mylotarg), or other CD123-TCE’s, XmAb14045, 
NKCE will have better efficacy/tolerability balance: Ph2 Ven+dec (10d) CR+CRi: 84% with mOS: 18.1 mo associated with 47% severe neutropenia","Improved efficacy and less management of adverse events
Identification of target AML patients (CD123+) 
Alleviate the management of CRS risk","Prolongation of life with limited additional chemo side effect
Efficient and durable relief of fatigue, weakness, fever and infections
Improved tolerability in patients with risky co-morbidities.
Reduced risk of CRS translating into less hospitalization","Manageable budget impact in small patient population, contingent on: 
Validation of clinically relevant efficacy thresholds
Final pricing strategy
Safety and improved QoL/symptom palliation, reduced transfusion, days of hospitalization vs. (1) generic SoC; (2) agents associated with CRS and IRR.",Draft,"29,30,31,32,33,34,35",Estelle.Bellec@sanofi.com,Estelle.Bellec@sanofi.com,2023-12-13 09:16:00.000,2023-12-13 09:16:00.000
SAR443765,SAR443765_IND001,"Adult and pediatric patients aged 12 years and older with severe asthma
","Need reductions in severe exacerbations, improvements in lung function, reduction in lung-function decline, and reduced oral corticosteroid use, leading to overall improved quality of life 
","Indirect treatment comparison:  
Greater reduction in annualized rate of severe exacerbations at Week 52 
Increased improvement on lung function (FEV1) from baseline at Week 52
OCS reduction  
Improvement in post-BD FEV1
Improved QoL and activities of daily living
Similar safety profile
Potentially less frequent dosing
",,"More efficacious treatment options vs current SOC 
Fewer exacerbations and hospitalizations
Improved patient quality of life
Durable efficacy offers potential for less frequent maintenance dosing
Safety profile makes long-term use possible 
","Greater reduction in severe exacerbations and increased improvement on lung function with no safety concerns
Improved QoL 
Reduction in OCS use 
Durable efficacy offers potential for less frequent maintenance dosing
Long-term use possible 
","Fewer hospitalizations and healthcare resource utilization
Similar drug budget impact vs available treatment options
Improvement in patient QoL 
Trial population and endpoints similar to current SOC 
",Draft,"491,492,493,494,495,496,497",Karima.Larabi@sanofi.com,Karima.Larabi@sanofi.com,2024-12-04 12:31:00.000,2024-12-04 12:31:00.000
SAR443765,SAR443765_IND002,"Adult patients with inadequately controlled chronic rhinosinusitis with nasal polyposis
","Need to reduce severity of nasal polyps and extent of nasal congestion to reduce need for long-term systemic steroid use and/or surgery and improve sense of smell, leading to overall improved quality of life

","Indirect treatment comparison 
Similar change in NPS 
Better nasal congestion / obstruction (0-3) from baseline at Week 24 and Week 52
Higher change in LMK-CT (0-24) at Week 24 
Better reduction in systemic steroid use; similar improvement in sense of smell and reduction in need for surgery at Week 52
More convenient dosing schedule of Q4W vs Q2W
Similar safety profile
","Indirect treatment comparison 
Better efficacy with higher change in NPS and nasal congestion / obstruction (0-3) from baseline at Week 52
Higher reduction in need for systemic steroid use and surgery at Week 52
Statistically significant improvement in sense of smell (UPSIT) Similar dosing (SC, Q4W)
Similar safety profile
","More efficacious treatment option for patients with inadequately controlled CRSwNP
Fewer surgeries and repeat surgeries
Fewer disease-related patient side effects (pain and sleep disturbances)
Well-tolerated with few infections
Safety profile makes long-term use possible
","More efficacious treatment option for patients who are inadequately controlled on current therapies
Improved nasal congestion / obstruction and sense of smell 
Less head pain and sleep disturbances
Durable efficacy enables reduced need for systemic steroids and surgeries in the future
Long-term use possible
","Fewer surgeries/repeat surgeries and healthcare resource utilization
Similar drug budget impact vs available treatment options
Improvement in QoL
Similar patient population to current SOC (adults with inadequately controlled CRSwNP)
",Draft,"575,576,577,578,579,580,581",Karima.Larabi@sanofi.com,Karima.Larabi@sanofi.com,2025-01-20 15:13:00.000,2025-01-20 15:14:00.000
SAR443765,SAR443765_IND003,"Patients with moderate to severe COPD with an eosinophilic phenotype (≥ 150 cells/mL)
","Need reductions in severe exacerbations, improvements in lung function, and reduction in lung-function decline leading to overall improved activities of daily living 
","Indirect treatment comparison 
Increased reduction in annualized rates of moderate-to-severe exacerbations
Increased improvement in FEV1
Improvement in overall patient quality of life (E-RS: COPD, SGRQ, others)
Improved Q4 dosing regimen
Similar safety profile
","Indirect treatment comparison 
Increased reduction in annualized rates of moderate-to-severe exacerbations
Similar improvements in FEV1
Improvement in overall patient quality of life (E-RS: COPD, SGRQ, others)
Similar Q4 dosing regimen
Similar safety profile
","Fewer exacerbations and hospitalizations
Improvements in lung function
Significant improvements in overall respiratory symptoms
Improved patient quality of life
","Greater reduction in severe exacerbations and increased improvement on lung function with no safety concerns
Improved symptoms including overall respiratory symptoms, cough, and sputum 
Improved QoL 
","Fewer hospitalizations and healthcare resource utilization
Similar drug budget impact vs available treatment options
Improvement in patient QoL 
Trial population and endpoints similar to current SOC 
",Draft,"582,583,584,585,586,587,588",Karima.Larabi@sanofi.com,Karima.Larabi@sanofi.com,2025-01-20 15:37:00.000,2025-01-20 15:37:00.000
SAR443765,SAR443765_IND004,"Patients aged 12 years and older with moderate-to-severe atopic dermatitis whose disease is not adequately controlled with topical prescription therapies or with systemic therapies or when those therapies are not advisable
","Need to achieve rapid and durable pruritus and lesion improvement, leading to overall improved quality of life 
","Indirect treatment comparison 
Greater proportion of patients achieving EASI-75, EASI-95, and vIGA-AD score 0-1 at Week 16
Fast onset of action; improvement in pruritus and lesions at 1 week 
More convenient dosing schedule of Q4W vs Q2W
Improved QoL
Similar safety and tolerability; no black box warnings 
","Indirect treatment comparison 
Greater proportion of patients achieving EASI-75, EASI-95, and vIGA-AD score 0-1 at Week 16
Fast onset of action; ; improvement in pruritus and lesions at 1 week 
Improved QoL
Similar safety and tolerability; no black box warnings 
","More efficacious treatment option for patients with inadequately controlled AD
Reduction in patient symptoms such as itch, anxiety/depression, and sleep disturbances
Well-tolerated without need for induction dose necessary
Safety profile makes long-term use possible
","Improvement in pruritus and lesions as soon as Week 1
Improvement in QoL and activities of daily living
Fewer disease-related symptoms such as itch, anxiety/depression, and sleep disturbances
Long-term use possible
","Greater proportion of patients achieving skin clearance 
Improved QoL 
Well defined patient population, similar to currently approved therapies 
Budget neutral vs newer available alternatives
",Draft,"589,590,591,592,593,594,595",Karima.Larabi@sanofi.com,Karima.Larabi@sanofi.com,2025-01-20 15:43:00.000,2025-01-20 15:43:00.000
SAR443765,SAR443765_IND005,"Adult and pediatric asthma patients aged 12 years and older with eosinophilic phenotype and elevated levels of fractional exhaled nitric oxide
","Need early intervention to reduce Th 2 inflammation, lower risk of severe exacerbations, and maintain lung function over time 
",,"The first biologic that enables early intervention in high-risk asthma patients to reduce risk of exacerbations and halt progression to severe disease 
","A treatment option that enables proactive and early intervention in patients with elevated risk factors
Fewer exacerbations and hospitalizations
Delayed progression/prevention of long-term asthma complications
Better patient symptom control
Reduction in OCS/ICS utilization and associated complications
Safe profile that enables long term use 
","Lower risk of severe exacerbations and lung function decline 
Improved QoL and activities of daily living
Reduction in OCS/ICS utilization and associated complications
Delayed progression/prevention of long-term asthma complications
","A predictive and prognostic biomarker that identifies high-risk asthma patients and broadens biologic-eligible population 
Well-defined, narrow, patient population (FeNO: ≥ 50 ppb​, EOS: ≥ 300 cells/mL​, Exacerbation: ≥ 1 in past 12 months)
Reduction in hospitalizations and asthma associated non-drug spend
Reduction in long-term budget impact associated with disease progression and associated comorbidities
",Draft,"568,569,570,571,572,573,574",Karima.Larabi@sanofi.com,Karima.Larabi@sanofi.com,2025-01-20 14:43:00.000,2025-01-20 14:43:00.000
SAR444656,SAR444656_IND001,"Patients 12+ years with moderate-to-severe AD whose disease is not adequately controlled with topical prescription therapies or when those therapies are not advisable [US], who are candidates for systemic therapies [EU]","Inadequate response to topical treatments, need better efficacy treatment with convenient oral administration, including less type II dominant patients (e.g., Asians, intrinsic, etc.)
","A highly potent selective degrader of IRAK4, which is an efficacious therapy with a new mechanism-of-action, able to significantly reduce AD lesions and pruritus with sustained effect with no need for lab-monitoring. 
Based on indirect treatment comparison versus Dupixent (IL-4R antagonist):
Efficacious systemic therapy with sustained effect
Mild and transient QTc prolongation 
Benefits from oral administration ","A highly potent selective degrader of IRAK4, which is an efficacious therapy with a new mechanism-of-action, able to significantly reduce AD lesions and pruritus with sustained effect with no need for lab-monitoring. 
Based on indirect treatment comparison versus Rivoq (JAK1i):
Less efficacious but best balance between efficacy and safety 
No boxed warning and lab-monitoring
Mild and transient QTc prolongation
Benefits from oral administration ","An oral treatment with no lab-monitoring
Removes lesions, relieves itch and minimizes flares
Improves sleep and anxiety","Convenience of oral (conservation, no needle)
Effective with or without topicals 
Removes lesions, relieves itch and skin pain and minimizes flares
Improves sleep and anxiety","TBD: value differentiation versus Dupixent (and/or Rinvoq) and added therapeutic value in target patient groups, improved QoL, improved productivity, budget impact, cost saving, in some markets cost-effectiveness",Published,"50,51,52,53,54,55,56",christopher.hewson@sanofi.com,christopher.hewson@sanofi.com,2024-01-23 06:24:00.000,2024-01-23 06:24:00.000
SAR444656,SAR444656_IND003,Adult patients (18+) with moderate-to-severe Hidradenitis Suppurativa,"Inadequate response to oral antibiotics or anti-TNF, need better efficacy treatment with convenient administration route ","A novel highly potent selective degrader of IRAK4, which is an oral therapy with sustained and higher efficacy versus Humira (at least numerically)
Based on indirect treatment comparison
Better and sustained efficacy with respect to HiSCR50 vs. Humira (based on average HiSCR PIONEER I & II)
No boxed warning
Mild and transient QTc prolongation 
Benefits from oral administration ","A novel highly potent selective degrader of IRAK4, which is an oral therapy with sustained and higher efficacy versus Cosentyx (at least numerically)
Based on indirect treatment comparison
Better efficacy
Mild and transient prolongation
Benefits from oral administration","Highly effective oral therapy
Reduces abscess and inflammatory nodules, improves pain, reduces both frequency & duration of flares and time to recurrence, minimizes suppuration and odor 
Improvement in depression, anxiety and the need to prescribe antidepressants (TBD)
Can minimize the usage of antibiotics and (non)opioid oral (TBD)","Highly effective oral therapy
Reduces abscess and inflammatory nodules, reduces drainage & fatigue, improves pain, reduces both frequency & duration of flares and time to recurrence, minimizes suppuration and odor 
Improvement in depression, anxiety, and suicidal ideation
Improves patient quality of life ","Relatively small patient population with high unmet need 
TBD: differentiation versus Humira (and/or Cosentyx) in reduction of resources use associated with HS complications (visits, hospitalizations, surgeries, comedication/comorbidities), improved QoL, improved productivity and in some markets cost-effectiveness
Can minimize the usage of antibiotics and (non)opioid oral (TBD)",Published,"43,44,45,46,47,48,49",christopher.hewson@sanofi.com,christopher.hewson@sanofi.com,2024-01-23 06:21:00.000,2024-01-23 06:26:00.000
SAR444671,SAR444671_IND002,"Adult patients suffering from primary persistent or chronic ITP who have had an insufficient response to a previous treatment including IVIg or CS
","Long-term and durable platelet counts at or above 50,000/μL combined with oral convenience and favorable safety
","A first-in-class reversible BTKi with a convenient RoA, that provides durable efficacy with rapid onset of action, a favorable safety profile and a reduction in fatigue 

Versus current treatments: 

Tavalisse, TPO-RAs (Nplate®, Promacta®, Doptelet®) and RTX (off-label)

A first-in-class reversible BTKi with a convenient RoA, that provides durable efficacy with rapid onset of action, a favorable safety profile and a reduction in fatigue 
- Superior efficacy with respect to both response rate and onset of action vs. Tavalisse* 
- Stability in platelet counts vs. TPO-RAs*
- Superior safety profile vs. Tavalisse (neutropenia and hypertension), TPO-RAs (Thrombo-embolic risk/black 
  box warning with Promacta, liver tox) and RTX (risk of infections due to permanent B cell depletion)*, does 
  not alter platelet aggregation, less risk of bleeding
- Convenient: rilzabrutinib benefits from oral administration (vs. IV RTX, SQ Nplate) and is well tolerated (vs. 
  dietary restrictions with Promacta)
- Fast onset of action (vs. RTX and Tavalisse): with a median time to first response among responders of 15 
  days, rilzabrutinib quickly alleviates the burden of ITP*
- Not B-cell depleting: as opposed to RTX, rilzabrutinib (B-cell modulation) does not induce B-cell depletion 
  which increases the risk of infection. Thus, rilzabrutinib may confer promise of more favorable safety profile 
  in terms of infection risk 
- Differentiated and favorable MoA: rilzabrutinib is targeted therapy, specific and innovative (reversibility) 
  which treats the underlying cause as it targets platelet destruction instead of just production (vs. TPO-RAs)

",,"- Stable, consistent platelet counts with ability to see response quickly 
- Provides a potential solution for patients not responding to current 
  treatments
- No B cell depletion (low risk of serious infection)
- No identified risk requiring specific follow-up (TE risk with TPO-RA, 
  liver monitoring with Tavalisse and Promacta, HTN with Tavalisse)
- Less recourse to rescue therapy","- Prevent bleeding and improve HRQoL (fatigue, bleed) 
- Reduce ITP complications (out-patient, hospitalization, surgery)
- Convenient oral ROA, particularly suitable to patient with high risk of 
  bleeding
- Good tolerability, limited side effects","- Favorable health economics with ability to delay/reduce rescue therapy, 
  increase utilities (EQ5D)
- Treatment responders quickly identified",Published,"393,394,395,396,397,398,399",Angela.Dudda@sanofi.com,Angela.Dudda@sanofi.com,2024-11-01 12:22:00.000,2024-11-29 16:47:00.000
SAR444671,SAR444671_IND003,Adult patients with IgG4-RD,Require prevention of relapses and organ damage accrual; reducing use of corticosteroids while improving quality of life,"The 1st in class oral BTKi  allowing to achieve remission off corticosteroids and other immunomodulators; reduce the risk of relapses while significantly reducing the use of corticosteroids, with a good safety profile and convenient oral route of administration.
[vs. RTX]:
- Convenient oral route of administration.
- Better safety profile with no risk of infection and serious adverse events (preserved immune system: contrary to RTX, rilzabrutinib induces B cell modulation instead of a permanent depletion, which limits the risk of infections ).","The 1st in class oral BTKi  allowing to achieve remission off corticosteroids and other immunomodulators; reduce the risk of relapses while significantly reducing the use of corticosteroids, with a good safety profile and convenient oral route of administration.
[vs. inebilizumab]:
- Convenient oral route of administration.
- Better safety profile with no risk of infection and serious adverse events.","Minimizes the management of AE.
Safe treatment option with low risk of infections.
Rapid offset of action adds flexibility to clinical management.
Convenient especially with patients used to oral RoA (CS) and/or reluctant to injections, no need for infusions.","Maintained control of disease.
Convenient route of administration.
Improvement of QoL.
No need for infusions.
Reduce or eliminate AE.","IgG4 is a rare disease that requires early and effective treatment to prevent fibrosis and organ damage.
Rilzabrutinib is a BTKi that has a proven safety record.
Rilzabrutinib is a reversible BTKi that has high efficacy and a low relapse rate.
Rilzabrutinib demonstrates minimal budget impact resulting from its proven ability to reduce IgG4-RD flares that affect an estimated 20,000 patients in the US.",Published,"351,352,353,354,355,356,357",Yasuhiro.Maruhashi@sanofi.com,Yasuhiro.Maruhashi@sanofi.com,2024-10-29 20:44:00.000,2024-10-29 21:11:00.000
SAR444671,SAR444671_IND007,Patients 12 years and older with uncontrolled asthma (defined as ACQ5 ≥1.5) who are on medium-high dose inhaled corticosteroid (ICS) plus long-acting β2 adrenergic agonist (LABA) therapy with/without asthma exacerbation (severe/non-severe) in past year,An oral option for symptomatic patients to help control their asthma symptoms and reduce exacerbations,"vs. Biologic SoC:
The first BTKi indicated in Asthma, combining oral convenience, fast and sustained asthma symptom control, reduce exacerbation and good tolerability.
(Indirect treatment comparison): ​
- More convenient route of administration - oral BID​.
- Superior efficacy in achieving fast and sustained asthma control across all symptom in ACQ5 and regradless of type-2 phenotype​.
- Efficacy in reduction in exacerbations in non type-2 patients.
- Well tolerated, no injection site reaction, anaphylaxis, hypereosinophilia, no immunogenicity.","vs. Tezepelumab:
The first BTKi indicated in Asthma, combining oral convenience, fast and sustained asthma symptom control, reduce exacerbation and good tolerability.
(Indirect treatment comparison):
- More convenient route of administration - oral BID​.
- Superior efficacy in achieving fast and sustained asthma control across all symptom improvements in ACQ5.
- Well tolerated, no injection site reaction, hypersensitivity, immunogenicity.","- Reduction of severe and non-severe exacerbations vs. ICS + LABA​.
- Rapid improvement  in asthma symptoms control and quality of life and  vs. ICS + LABA​.
- Increase adherence by eliminating inhaler technique or injectable issues​.
- Alternative to patients who are not eligible for biologics​.
- Not associated with safety concerns requiring close monitoring.","- Rapid improvement of asthma symptoms and increased ability to lead a normal life​.
- Reduced exposure to steroids – oral and inhaled.​
- Reduced use of inhaled reliever medication​.
- Improved dosing assurance​.
- Minimal safety concerns​.
- Alternative to patients who are not eligible or do not prefer injectable therapies.","- (Non- Type 2) Superior efficacy in patients with non type 2 leading to improvements in morbidity including reduction in hospital days, emergency room visits, and lost work/school days​.
- (Type 2) Less costly alternative to biologics for type 2 population​.
- Oral OCS-sparing effect (TBC).",Published,"358,359,360,361,362,363,364",Yasuhiro.Maruhashi@sanofi.com,Yasuhiro.Maruhashi@sanofi.com,2024-10-29 21:07:00.000,2024-10-29 21:07:00.000
SAR444671,SAR444671_IND008,Adult patients suffering from primary warm autoimmune hemolytic anemia (wAIHA) who have failed at least 1 prior treatment,"Need further improvement in Hgb, relief from fatigue, and symptoms of anemia","An oral BTK inhibitor that provides first-in-class/best-in-class efficacy and a favorable safety profile
Comparison to Rituximab:

First-in-class BTKi indicated in wAIHA; Provide rapid and sustained improvement in anemia (with magnitude comparable to Rituximab) and reduction on hemolysis; Improve fatigue, dyspnea and QoL; Improve symptoms of anemia; Favorable safety and tolerability; Reduce need for transfusions; Prevent chronic hemolysis and reduce the risk of acute hemolytic crises, Steroid sparing 
","An oral BTK inhibitor that provides first-in-class/best-in-class efficacy and a favorable safety profile
Comparison to Ianalumab

Comparable efficacy in terms of Hgb control, and reduction on hemolysis and fatigue improvement; Improve dyspnea; Improve symptoms of anemia; Favorable safety profile vs. ianalumab","Targeted and unique MoA to complete the therapeutic arsenal in currently underserved wAIHA indication; Favorable benefit/risk/convenience profile
",Alleviate fatigue; Alleviate dyspnea; Improve QoL and enable activities of daily living; Reduced need for transfusion; Reduced/eliminated steroids; Convenience of oral administration,"Provide improvement in clinical outcomes and patient quality of life;  Reduce healthcare resource utilization (e.g., reduced need in blood  transfusion, rescue therapy and hospitalization as well as savings on 
visits for drug administration given oral route)",Published,"400,401,402,403,404,405,406",Angela.Dudda@sanofi.com,Angela.Dudda@sanofi.com,2024-11-01 12:28:00.000,2024-11-29 16:53:00.000
SAR444671,SAR444671_IND009,For patients suffering from moderate to severe sickle cell disease,"Seek a treatment that jointly addresses the cardinal complications of the disease, i.e VOCs and anemia, with convenient RoA ","Rilzabrutinib is an oral BTKi that will be first-in-class providing treatment for sickle cell disease patient by decreasing the VOC episodes, sickling, hemolysis with subsequent improvement in  anemia and patient’s symptoms (fatigue and sickle cell pain crisis) with a good safety profile 
- Vs. Adakveo, an efficacy profile that combines improvement in anemia with similar (potentially better) reduction in VOC crises; chronic inflammation improvement 
- Vs. Oxbryta, an efficacy profile that combines decreasing VOC crises with similar anemia improvement; chronic inflammation improvement; decreases the number of hospitalizations as well as their duration","Etavopivat, Mitapivat, Inclaclumab

- Vs. Etavopivat, mitapivat, an efficacy profile that combines decreasing VOC crises with some anemia improvement; chronic inflammation improvement.
- Vs. Inclaclumab, a more convenient oral mode of administration and an overall better efficacy (rilza to confer both improvement in VOC and anemia) and safety profile
","- Offers a treatment option that is applicable to a broad patient population
- Addresses both anemia and VOC","- Significantly reduces patient burden:
   a) Reduces occurrence of acute crises and hospitalizations
   b) Reduces dependence on blood transfusions
- Decrease chronic and sickle cell pain crisis and fatigue
- Improves quality of life, patient productivity (e.g., less missed school or work’s days)
- Decrease of opioid drugs use
- LCM: Potentially prevents further disease progression / organ damage and potentially extend life expectancy (?)","- Reduce hospitalization due to VOCs and other clinical complications
- Improvement of productivity: patients will experience less missing work/school
- Reduction of concomitant drug used",Published,"407,408,409,410,411,412,413",Angela.Dudda@sanofi.com,Angela.Dudda@sanofi.com,2024-11-01 12:38:00.000,2024-11-29 16:57:00.000
SAR444671,SAR444671_IND011,Adult and pediatric patients on the continuum of primary focal segmental glomerulosclerosis (FSGS)/minimal change (MCD) kidney disease,"Patients seeking remission of nephrotic syndrome, reduction of relapses, sparing of steroid use, prevent end-stage kidney disease (ESKD)","A targeted disease modifying therapy for FSGS/MCD because it modifies abnormalities of immune response that are involved in the pathogenesis of primary FSGS/MCD, leading to a better benefit/risk profile compared to current standard of care (SOC; steroids) or potential future SOC (sparsentan)
- Disease modifying therapy
- Higher rates of proteinuria reduction in nephrotic patients 
- Faster onset of action
- Corticosteroid sparing/minimizing
- Slowing in kidney function decline (i.e., rate of EGFR)
- Higher rates of complete/partial remission; lower rates of relapses
- Lower risk of infection/better tolerability","- Disease modifying therapy
- Higher rates of proteinuria reduction in nephrotic patients 
- Faster onset of action
- Slowing in kidney function decline
- Higher rates of complete/partial remission; lower rates of relapses
- Better toxicity profile; No liver toxicity (REMS program)
- Flexibility in RAAS dose adjustment (because Sparsentan is an angiotensin receptor blocker (ARB) and an endothelin receptor antagonist (ERA))
","- Reduction of steroids
- Thrombosis and infection risk
","- Oral preferred 
- Less polypharmacy
- Better quality of life due to less use of corticosteroids effects
- Improvement of nephrotic syndrome 
- Delay and/or prevent ESKD","- Delay and/or prevent ESKD
- Cost offsets: Less hospitalization, shorter hospital stays for severe nephrotic syndrome and disease complications + Less monitoring",Published,"267,268,269,270,271,272,273",Sandrine.Turpault@sanofi.com,Sandrine.Turpault@sanofi.com,2024-10-19 00:07:00.000,2024-10-19 00:07:00.000
SAR445088,SAR445088_IND003,"Patients with Chronic inflammatory demyelinating polyneuropathy (CIDP); especially those who have remaining disability due to failure or inadequate response to first line therapies, such as intravenous immunoglobulins (IVIg), subcutaneous immunoglobulin (SCIg) or corticosteroids. (Prevalent treated CIDP population: US: ~21k patients, EU: ~8k patients by peak year 2039; >50% of which have remaining disability). ","To improve neuromuscular disability and impairment, and maintain this treatment effect to prevent relapses ","Superior in improving motor function vs standard of care (Ig)

Superior efficacy in patients who have remaining disability despite being treated with current chronic SOC of Immunoglobulins (IG), as well as first approved treatment with demonstrated efficacy for people with CIDP who are refractory to SOC and are currently treated with off-label tx:
- Superior treatment response in a H2H trial vs. IVIg (INCAT Response rate ≥40% vs. 15% in IG active control arm) in IVIg treated pts
- Efficacious treatment response in IG-refractory patients (Response rate ≥40% vs. 15% in placebo arm)
- Clinical improvement on activity of daily living (R-ODS ≥10%)
- Clinically significant improvement on fatigue (R-FSS ≥10%)
- This evidence generated in a rigorous clinical studies in populations with highest unmet need (Ig-refractory and Ig-treated with remaining disability)

Additionally, provide convenience of SC autoinjector administration as well as acceptable safety profile (IG has black box warning)","First-in-class and only approved treatment with demonstrated efficacy in CIDP patients who have remaining disability (including refractory pts) 

The only CIDP treatment^:
- To demonstrate superiority vs IVIg in improving motor function 
- With demonstrated efficacy in refractory CIDP population vs. several competitors that are in clinical development
- With demonstrated effect on biomarkers of axonal damage and disease progression (aspirational)

^Note: All current pipeline competitors (efgartigimod and nipocalimab) are anti-FcRN with Ph2b/3 trials that are placebo-controlled. Additionally, none of these trials target refractory patients. Another FcRn, rozanolixizumab (UCB), failed to show efficacy despite strong target engagement in a prior trial","- Offer a novel MOA for treatment of CIDP
- Provide an acceptable safety profile that allows for chronic administration
- Improve and standardize management of people with refractory CIDP","- Improve their daily function and QoL
- Improve Tx administration (Less frequent admin./less invasive ROA)
- Have a rapid onset
- Reduction of symptoms
- Well tolerated and fewer side effects ","- High clinical value supported by robust evidence in the most difficult to treat CIDP patient sub-groups (Ig-refractory, Ig-treated with remaining disability)
- Cost effective vs SOC at target price using basic ICER thresholds (aspirational)
- No associated site of care costs (after loading dose)
- Reduced healthcare utilization due to better efficacy and safety profile",Published,"295,296,297,298,299,300,301",Helena.Andersson@sanofi.com,Helena.Andersson@sanofi.com,2024-10-22 14:33:00.000,2024-10-29 17:45:00.000
SAR445088,SAR445088_IND008,"


See 'CIDP - Refractory TVP' as we have a single TVP for CIDP",,,,,,,Published,"302,303,304,305,306,307,308",Helena.Andersson@sanofi.com,Helena.Andersson@sanofi.com,2024-10-22 14:35:00.000,2024-10-29 17:47:00.000
SAR445229,SAR445229_IND002,"Anticipated to be an add-on maintenance treatment (ICS) in patients with moderate to severe asthma aged 12 years and older who are eligible for treatment with biologics 
","Anticipated to be for who need an efficacious treatment, including Type 2 and non-Type 2* patients, with a potential for durable response and reduced dosing frequency with good tolerability
","Differentiation vs Biologic SoC (IL4-R antagonist, anti-IgE):
Potential for numerically better efficacy in the management of Type 2 asthma
Potential for similar safety and tolerability profile; well tolerated with no increased infections
Potential for durable efficacy and extended dosing regimen: Q4Q induction therapy followed by unique Q12W maintenance ","Differentiation vs tezepelumab (anti-TSLP):
Potential for numerically better efficacy in the management of Type 2 and non-Type 2 asthma*
Potential for similar safety and tolerability profile 
Potential for reduction of OCS use 
Potential for durable efficacy and extended dosing regimen: Q4W induction therapy followed by unique Q12W maintenance schedule 
","Exacerbation reduction and improvement of lung function 
Oral corticosteroid sparing effect
Durable efficacy enables less frequent maintenance dosing
Improves quality of life with no increase in AEs
","Exacerbation reduction and improvement of lung function 
Oral corticosteroid sparing effect
Durable efficacy enables less frequent maintenance dosing
Improves physical functioning 
Improves quality of life with no increase in AEs
","Possible reduction of HCRU and associated costs due to less frequent dosing
Improved QoL and productivity 
Potential for better adherence due to less frequent dosing 
",Draft,"442,443,444,445,446,447,448",Paul.Eynott@sanofi.com,Paul.Eynott@sanofi.com,2024-11-01 18:06:00.000,2024-11-01 18:06:00.000
SAR445229,SAR445229_IND003,"Adult patients with Systemic Sclerosis (SSc) and SSc-interstitial lung disease (ILD)
","The first anti-OX40 Ligand monoclonal antibody that significantly and meaningfully delays SSc disease progression and disease-associated activity resulting in slowing of decline in pulmonary function, less skin fibrosis, and delayed organ involvement with a sustained duration of effect that allows for less frequent dosing and best-in-market safety profile. 
","Indirect treatment comparison: Versus Ofev

Superior reduction of lung function (FVC) decline
Superior reduction of skin thickening (mRSS) while improving functional daily activities (HAQ-DI)
Better safety and tolerability profile, without GI side effects and liver warnings
Significantly improved disability progression and time to 1st major organ complication
Durable efficacy enables less frequent maintenance dosing, although injected
","Indirect treatment comparison: Versus Actemra

Lower reduction of lung function (FVC) decline (NOTE: compared vs. Actemra post-hoc analysis in relatively small population)
Superior in reduction of skin thickening (mRSS) while improving functional daily activities (HAQ-DI)
Better safety and tolerability profile; no black-box warning
Significantly improved disability progression and time to 1st major organ complication
Durable efficacy enables less frequent maintenance dosing","Combined efficacy on FVC and skin thickening 
Better control of the disease with reduction in skin manifestations and organ damage prevention, lessening life-threatening complications
Better safety/tolerability profile 
Durable efficacy enables less frequent maintenance dosing 
","Improve daily functional activities such as dressing, arising, eating, walking, grip (components of HAQ-DI PRO)
Improvement of pain, fatigue, and patient QoL
Delay the progression of the disease
Durable efficacy enables less frequent maintenance dosing
","Reduction in hospitalization and associated costs due to disease progression
Reduction costs associated with adverse events, including drug induced liver injury
Improved QoL
",Draft,"253,254,255,256,257,258,259",Paul.Eynott@sanofi.com,Paul.Eynott@sanofi.com,2024-10-18 20:33:00.000,2024-11-01 18:07:00.000
SAR445229,SAR445229_IND006,"Indicated for the treatment of adults and adolescents (12+ years) CeD patients who continue to experience symptoms and intestinal inflammation as adjunct to a gluten free diet 
","Patients who are continuing to experience symptoms of celiac disease (abdominal pain, bloating, diarrhea and tiredness) and have ongoing intestinal inflammation and damage, despite attempts to adhere to a gluten free diet
","The only available treatment for celiac disease is lifelong adherence to a strict gluten free diet (GFD). However, maintaining a strict GFD is extremely restrictive and mentally straining in practice due to occasional dietary transgressions and gluten contamination in foods purported to be gluten-free. 
Only ~50% of patients have mucosal recovery 1 year or later after diagnosis and many patients with celiac disease report having persistent symptoms despite adherence to the gluten-free diet 
Non-responsive celiac disease is defined by the American College of Gastroenterology (ACG) as persistent symptoms, signs, or laboratory abnormalities typical of celiac disease despite at least 6-12 months of treatment with a GFD
Currently, no therapy reliably prevents the effects of dietary gluten or has been approved by regulators to treat celiac disease. Thus, there is a significant unmet medical need for an effective treatment adjunct to a strict gluten-free diet, in this patient population.
",,"Credible new MoA that restores immune balance: ​
Long-term efficacy on symptoms and healing of mucosa
Safety profile at least comparable to SoC, no T-cell depletion associated infections / malignancies, no Black Box 
Durable efficacy enables less frequent maintenance dosing
","Provides long term symptomatic relief from the common symptoms of celiac disease such as abdominal pain, bloating, diarrhea and tiredness and extra-intestinal manifestation
Stable and durable effect preventing fluctuations & flares
Protects against acute symptoms which result from occasional inadvertent gluten exposure reducing anxiety related to eating out
Promotes and maintains intestinal healing, and prevents further damage from inadvertent gluten exposure 
Potential prevention of the complications of celiac disease such as malnutrition, osteoporosis and increased risk of some cancers 
Long lasting efficacy with least frequent dosing schedule, with potential for decreased dosing
Best-in-market safety profile  
","Address patient population with higher unmet need
Improvement of patient QoL (both on GI symptoms and mental load incl. anxiety/stress) 
Improvement of inflammation/ healing mucosa (with impact and potential long-term complications)
Potential reduction of costs associated with GI adverse events management
Potential reduction of costs associated with possible long-term complications (e.g., malnutrition, osteoporosis and increased risks of cancer)
",Draft,"260,261,262,263,264,265,266",Paul.Eynott@sanofi.com,Paul.Eynott@sanofi.com,2024-10-18 23:45:00.000,2024-11-01 18:09:00.000
SAR445514,SAR445514_IND008,"Treatment in adult patients with moderate to severe systemic lupus erythematous (SLE), who have inadequate response with standard therapy
","Patients who have inadequate response or rely on standard therapy, where a short treatment duration or infrequent retreatment could potentially lead to long-term drug-free remission
","First-in-class for NK-cell engager / best-in-class for deep depletion with no or minimal cytokine release syndrome (CRS).  Deep depletion achieving long-term drug-free remission with short treatment course or infrequent re-treatment
- DORIS remission of ≥50-80% vs. Saphnelo ~16%
- SRI-4 ≥75-90% vs. Saphnelo ~50-55%
- Short course of treatment (≤3m), retreatment possible (minimally marketable ~every 6m to 1 year, or base case 2-3 years)","Main competitors could be CAR-T or T-cell engager
- SAR’514 with no or minimal CRS
- Off-the-shelf subcutaneous administration, no hospitalization monitoring, does not require chemo-pre-conditioning (CAR-T)
- Broader access due to better safety profile, whereas CAR-T is limited to severe refractory population","- Long-term drug-free remission for patients of moderate/severe disease
- Prevent organ damage and avoid dependence on high dose corticosteroids and IS","- Disease remission, resolution of pain, fatigue, and psychological symptoms impacting day-to-day living, no progression to further organ involvement (LN)
- Reduction of corticosteroid usage
- Reduction in medication burden through one-time/infrequent treatment
","- One-time/infrequent treatment vs. SoC, improving adherence & efficacy
- Reduced progression to costly sequelae (LN, AEs)
",Draft,"722,723,724,725,726,727,728",Adeline.Garcia@sanofi.com,Adeline.Garcia@sanofi.com,2025-03-31 10:01:00.000,2025-03-31 10:04:00.000
SAR445761,SAR445761_IND002,"First-line therapy for all adult patients diagnosed with chronic lung allograft dysfunction (CLAD) after bilateral lung transplantation
","To slow the lung function decline after CLAD and maintain quality of life
","First-In-Class oral drug in both CLAD phenotypes (including more difficult to treat RAS one), tackling both the inflammatory and fibrotic nature of the disease while being well-tolerated (i.e., low rate of infections and hematological AEs, and few drug-related discontinuations) 
","Easier access versus ECP (logistic and payers)
Safer versus ECP (less risk of infections and bleeding)
Inhaled cyclosporin A (not a new mechanism of action)
","Lower decline in % of FEV1
Fewer patients with 10% decline in FEV1
Reduce lung graft failure
","Oral treatment 
Stabilize or improve disease manifestation
Reduce lung graft failure
Maintenance QoL / functionality 
","Delay progression to more severe stage / preserving lung function
Maintenance QoL / functionality
Reduce lung graft failure
",Published,"281,282,283,284,285,286,287",Melissa.McCarthy@sanofi.com,Melissa.McCarthy@sanofi.com,2024-10-21 18:03:00.000,2025-01-10 20:49:00.000
SAR445877,SAR445877_IND006,2L+ CRC : For the treatment of adult patients with advanced unresectable or metastatic EGFR expressing colorectal cancer ,"
Patients who have failed or progressed on one treatment regimens containing fluoropyrimidine‑, oxaliplatin‑ and irinotecan‑based chemotherapy, an anti‑VEGF biological therapy, an anti‑EGFR therapy (if RAS/RAFwt), Pembro (if MSI High for CTLA-4 combo), or ecorafenib+cetuximab (if BRAFV600Ew)
","mOS: SAR877 + cetuximab/aCTLA4  vs. Cetuximab/beva + chemo: 18.4m vs. 11.1m (HR = 0.7)
mPFS: SAR877+ cetuximab/aCTLA4  vs. cetuximab/beva + chemo: 11.2m vs. 7.3m

Chemo sparing therapy with favorable tolerability vs. SoC; significantly lower Gr3 AEs; minimal CRS > Gr3 ","TBD
KRAS G12 targeting agent
HER2 – tucatinib + trastuzumab
PD1+CTLA4 (2nd gen)
","For oncologists who want an alternative option to SoC that marginal benefit in terms of PFS & PS, and are poorly tolerated
Effective across all RAS subtypes
","Improve overall survival and quality of life
Additional treatment option
Improved tolerability & QoL compared to chemo regimen
Effective across all RAS subtypes","Provides significantly improved mOS vs. SoC in a high unmet need population with limited options 
Double-branded nature of aCTLA4 combination may limit payer value and pricing opportunities in some key markets 
Provides added payer value by providing chemo sparing treatment option with improved AEs, potentially HRQoL, symptom, pain or other patient-relevant endpoint(s)
Final value proposition will be determined based on the clinical data package ",Published,"540,541,542,543,544,545,546",Christine.Gobin-Janes@sanofi.com,Christine.Gobin-Janes@sanofi.com,2024-12-23 15:29:00.000,2024-12-23 15:33:00.000
SAR445877,SAR445877_IND009,"3L+ CRC : In monotherapy, for the treatment of adult patients with advanced unresectable or metastatic colorectal cancer, regardless of mutation status 
","Patients who have failed or progressed on at least one or more treatment regimens containing fluoropyrimidine‑, oxaliplatin‑ and irinotecan‑based chemotherapy, an anti‑VEGF biological therapy, an anti‑EGFR therapy (if RAS/RAFwt), Pembro (if MSI High), or ecorafenib+cetuximab (if BRAFV600Ew)
","SoC = TAS + Beva (SUNLIGHT study)
Improve mOS by almost 5 months: 15.4m vs. 10.8m (HR 0.70)
Improve mPFS by 3 months: mPFS: 8.6m vs. 5.6m (HR=0.65)
With ORR 3x better vs TAS102+Beva (25% vs 6%)
Favorable tolerability; significantly lower Gr3 AEs, esp. neutropenia; CRS <40%; ≥GR3 ~5% / IRR <15%; ≥Gr3 <5%
","Competitive vs. future SoC (TBD)
","- For oncologists who want an alternative option to SoC (TAS-102 or regorafenib) that induce almost no objective responses, have only very marginal benefit in terms of PFS & PS, and are poorly tolerated
- Effective across all RAS subtypes","- Increase overall survival
- Improve quality of life by reducing disease symptomatology (e.g.; bowel urgency, odor and rectal leakage)  
- Additional treatment option
- Improve tolerability compared to TAS-102+Beva & regorafenib
","- Provides significantly improved mOS vs. SoC in a high unmet need population with limited options 
- with favorable tolerability profile
- Provides added payer value by improving HRQoL, symptom, pain or other patient-relevant endpoint",Published,"183,184,185,186,187,188,189",Christine.Gobin-Janes@sanofi.com,Christine.Gobin-Janes@sanofi.com,2024-10-11 11:48:00.000,2024-12-23 15:30:00.000
SAR445953,SAR445953_IND001,"3L+ CRC: For the treatment of adult patients with advanced unresectable or metastatic colorectal cancer, regardless of CEACAM5 and other mutation status, who have previously been treated with fluoropyrimidine‑, oxaliplatin‑ and irinotecan‑based chemotherapy, an anti‑VEGF biological therapy, and if RAS wild type, an anti‑EGFR therapy, and a checkpoint inhibitor (if MSI-H) or ecorafenib+cetuximab (if BRAFV600Ew)
","A CEACAM5 targeting Topo I inhibitor cytotoxic ADC (tusamitamab-SGN-TOPOI) that provides superior overall survival benefit, PFS and QoL vs. SoC 
","SAR’953 +/- beva vs. TAS102+Beva*
mOS: 15.4 vs. 10.8 mo (HR = 0.70 – 600pts – OS at 25.2m) 
mPFS 8.0 vs. 5.6 mo (HR=0.70)
ORR >35%+ vs. 6% 
Safety: Favorable tolerability with significantly lower rate of Gr3 AEs 

*TAS102+Beva approved in the US/EU in 2023 and becoming new SoC in key markets.  However, the fragmented nature of mCRC landscape may need to be reflected in the choice of comparator in Ph3  - However, advisors recommend TAS102 + beva as comparator
","CRC 3L landscape expected to remain fragmented with options including TAS102 +/- Bev, regorafenib, or fruquintinib
","In monotherapy, would offer easier administration vs. SOC or combo with equivalent.
In combination with well established bevacizumab, is would be better tolerated than the TAS-102-based regimen 
Additional option with better tolerability – patients often cannot tolerate regorafenib, fruquintinib, and TAS102+beva 
","Increase overall survival
Improve quality of life by reducing disease symptomatology (e.g.; bowel urgency, odor and rectal leakage)  
Additional treatment option
Improve tolerability compared to TAS-102+Beva & regorafenib","Provides significantly improved mOS vs. SoC in a high unmet need population with limited options 
Provides added payer value by improving HRQoL, symptom, pain or other patient-relevant endpoint
Final value proposition will be determined based on the clinical data package ",Published,"477,478,479,480,481,482,483",Valerie.Fossey@sanofi.com,Valerie.Fossey@sanofi.com,2024-11-27 08:05:00.000,2024-11-27 08:07:00.000
SAR446422,SAR446422_IND001,"Adult patients with early, progressive interstitial lung diseases (ILDs) associated with connective tissue disorders. ",Patients who need a more efficacious treatment option with appropriate safety profile that reduces disease-associated activity.,"vs Ofev
Indirect treatment comparison: 
Superior reduction of lung function (FVC) decline.

Acceptable safety and tolerability profile, without GI and liver warnings.

Significantly improved disability progression and time to 1st major organ complication.

Durable efficacy enables less frequent maintenance dosing, although injected.","vs Actemra
Indirect treatment comparison: 
Lower reduction of lung function (FVC) decline (NOTE: compared vs. Actemra post-hoc analysis in relatively small population).

Better safety and tolerability profile, no black-box warning.

Significantly improved disability progression and time to 1st major organ complication.

Durable efficacy enables less frequent maintenance dosing.","Combined efficacy of FVC improvement and other extra-pulmonary benefits (e.g. skin thickening in SSc-ILD subpopulation).

Delayed progression of disease, organ damage prevention, fewer life-threatening complications.

Better safety/tolerability profile.

Durable efficacy enables less frequent maintenance dosing.","Improve daily functional activities (components of L-IPF PRO).

Improvement of pain, fatigue, and patient QoL.

Delay the progression of the disease.

Durable efficacy enables less frequent maintenance dosing.","Reduction in hospitalization and associated costs due to disease progression.

Reduction in costs associated with adverse events, including drug induced liver injury.

Improved QoL.",Draft,"610,611,612,613,614,615,616",Michele.Cooley@sanofi.com,Michele.Cooley@sanofi.com,2025-01-31 21:47:00.000,2025-01-31 21:47:00.000
SAR446523,SAR446523_IND001,"Adult patients with RRMM, 
","who have received at least 3 prior therapies including PIs, IMiD and anti-CD38, post-BCMA (CAR-T incl.)
","Improve 
   PFS to ~10-12 months (aligned with SoC)
   DoR ~12-14 months (aligned with SoC)

Early signal on ORR will drive internal decisions on CDP: 
   Upside: Improve ORR to >65% (current therapies average: 50%)​
   Base: ORR >50%

Favorable safety profile","TCEs therapies expected to remain SoC in the next 5 years
CAR-T not expected to become SOC
","Value statement(s) specific to each stakeholder
","Improved HR-QoL and reduced disease-impact on Activities of Daily Living
Treatment convenience (SC administration, no hospitalization)
Well-tolerable treatment alternative","OS will be required in such late setting​
High unmet need in late line, launch in monotherapy will support high price potential​
Fierce competition will increase payers’ bar for differentiation (payer research planned in Q2-3 to clarify expectations)",Draft,"85,86,87,88,89,90,91",Adeline.Garcia@sanofi.com,Adeline.Garcia@sanofi.com,2024-10-03 15:47:00.000,2024-10-03 15:53:00.000
SAR446597,SAR446597_IND001,"Patients with Geographic Atrophy (GA) secondary to age-related macular degeneration; WW prevalence estimated at over 6M; ~2% treatment rate (2024); Currently treated GA population: US: ~100k patients, EU: No approvals.",Patients with GA who need a therapy with a sustained visual acuity benefit or patients who would require frequent injections with currently approved therapies (US only) or are not candidates due to unwillingness to receive frequent injections,"Best-in-class potential gene therapy with demonstrated efficacy and safety in GA leading to reduced rate of GA lesion growth and visual acuity preservation for an extended period of time; includes treatment-naïve patients.
Reduced injection frequency with greater efficacy: 1) Comparable or better reduction in GA lesion growth; sustained over 4 years with one injection, 2) Reduced risk in ≥15 letter loss of BCVA (measured by ETDRS) over 12 months compared to sham; current therapies do not have a visual acuity claim, 3) No cases of retinal vasculitis associated with irreversible vision loss (Syfovre RV rate is ~1/4,000 new patients), 4) No increased incidence of CNV (Syfovre, Izervay have an increased rate of conversion to CNV, 4-9% relative to background)
","Best-in-class potential gene therapy with demonstrated efficacy and safety in GA leading to reduced rate of GA lesion growth and visual acuity preservation for an extended period of time; includes treatment-naïve patients.
Best-in-class potential efficacy profile compared to other gene therapies with 1) comparable or better reduction in GA lesion growth, and 2) better functional outcomes (reduced risk of BCVA worsening).


","1) A one-time intravitreal gene therapy to increase patient willingness to be treated for GA, 
2) Positive impact on visual acuity vs. sham, 
3) Proven acceptable safety profile, 
4) Neutral impact on practice economics.","1) Sustained preservation of visual acuity,
2) Reduced injection frequency,
3) Well tolerated with steroid prophylaxis,
4) QoL benefit due to decreased psychological impact,
5) Independence preserved.","1) Clinical and economic value supported by robust evidence in patients with GA, 
2) Cost effective vs SOC for patients with frequent injections,
3) QoL improvement due to reduction in treatment burden.",Draft,"449,450,451,452,453,454,455",Cecile.Allais@sanofi.com,Cecile.Allais@sanofi.com,2024-11-05 11:30:00.000,2024-11-05 11:36:00.000
SAR446681,SAR446681_IND001,Individuals (8 years +) with Stage 2 aT1D (i.e. 2 AA+ dysglycaemia),Delay of onset of manifest aT1D (Stage 3); delay of insulin therapy need,"The best available treatment showing disease modifcation in newly diagnoised aT1D by preserving beta-cell mass, delayed the need of insulin initiation.",First in class efficacy/one treatment course,"-Preserve beta-cell mass and function improving long-term outcomes/lowering risk of complications
-A means to take action and proactively manage the condition
-Delaying the need for insulin initiation
-Delay the clinical diagnosis of aT1D
","-Improve QoL (freedom to pusue normal life, sports and education), delay progression to life-time of insulin treatment (TBC)
-In youngest risk groups, allow to mature (e.g. puberty) and limit impact on cognitive development, social networking, family life, academic studies, ..
-Postpone the burden of a chronic disease
-Minimize impact on carers of youngest risk groups, improving QoL, reducing work disruption (TBC)","-Reduced healthcare utilization use over the longer-term by delaying disease in youngest risk groups to an age where they and their carers are more resilient (TBC).
-Poactive early management encourages training and educational uptake and easier transition to insulin leading to better management (less hypos and reducing hospitalization) (TBC)
-Reduces caregiver burden in carers of the youngest risk groups, reducing carers use of healthcare resources (TBC)
-No insulin requirement for around 2-3 years and delay aT1D that will confer a reduction in long term complication
-Single two-week course IV infusion requiring only modest service support",Published,"337,338,339,340,341,342,343",Evelyne.Dombrecht@sanofi.com,Evelyne.Dombrecht@sanofi.com,2024-10-28 21:37:00.000,2024-10-29 18:31:00.000
SAR446681,SAR446681_IND002,"Individuals 8 years+ within 6 weeks of being diagnosed with Stage 3 type 1 diabetes

","Preservation of their β-cell function for an easier clinical management with potentially longer TiR, less insulin requirements and less severe hypoglycemic episodes and better glycemic control
","The first and only disease modifying immunotherapy that opens a new era of autoimmune aT1D care by enabling proactive intervention to PRESERVE BETA-CELLS FUNCTION resulting in slower disease progression 
Significant C-peptide preservation [Change in the C-peptide AUC from baseline to week 78 superior to SoC alone, 1ary, [and mid-term evidence from long term safety] 
Continuous glucose monitoring (CGM) trend for  better time in range (TIR) (70-180 mg/dL) measured as % vs placebo (2ary) at week 78
Proportion of patients reaching criteria of discontinuation overtime until W78 (target of A1C ≤ 6.5% and Insulin daily dose ≤ 0.25/Unit/Kg/day during the trial) 
Delayed treatment intensification and/or reduce need for daily insulin (2ary)
Lower rate of severe hypoglycemic adverse events (post-hoc)
Proportion of patients who remain C-peptide positive (>0.2 nmol/L) superior to placebo at W78
Less  decline in perceived diabetes control by teens and greater satisfaction of parents with their teen’s treatment
Improvement in A1c observed in integrated pooled efficacy analysis of all Stage 3 trials
",First in class,"Preserving patients’ ß-cell mass and function 
Makes T1DM easier to manage
Lower incidence of Grade 3 or higher severe hypoglycemia adverse events (Post hoc)
Postponing micro vascular long-term complications 
","QoL benefit for patients vs SOC
Freedom to pursue normal life sports and education
More good days: better management of glucose, fewer hypoglycemia events, reduced insulin needs, more TIR
Self-efficacy: “Tzield® helps your body “ stay in control of your health”

QoL benefit for caregivers vs SOC 
Better psychological well being: Lower anxiety/ lower burden/lower family impact
","Disease modification by targeting one of the underlying causes of T1D (ß-cell preservation, as measured by c-peptide)  
Potential to reduced dependency on insulin
Potential to reduce long-term complications
Potential for societal benefits (QoL, productivity) and reduced hospital costs (avoidance of DKA)
",Published,"344,345,346,347,348,349,350",Evelyne.Dombrecht@sanofi.com,Evelyne.Dombrecht@sanofi.com,2024-10-28 21:44:00.000,2024-10-29 18:32:00.000
SAR446878,SAR446878_IND001,"<p style=""text-align:left""><span style=""font-size:8.0pt"">Adult DLBCL patients with relapsed or refractory large B-cell lymphoma, autologous CD19 CAR-T exposed</span></p>","<p style=""text-align:left""><span style=""font-size:8.0pt"">After two or more lines of systemic therapy, including anthracycline-based immunotherapy​, and in patients who have progressed following, or who were refractory to autologous CAR-T therapy</span></p>","<p style=""text-align:left""><span style=""font-size:8.0pt"">A much less toxic, off-the-shelf therapy with clinically relevant efficacy in the post-CAR-T setting, similar or better efficacy than auto CAR-T, and superior in efficacy to 3L+ TCEs.&nbsp;More accessible option to </span><span style=""font-size:8.0pt"">patients</span><span style=""font-size:8.0pt""> vs autologous CAR-T, and without the need for <em>ex vivo </em>editing (clinical and non-clinical advantages).</span></p><p style=""text-align:left""><span style=""font-size:8.0pt"">SOC (TCE):</span></p><ul><li style=""text-align:left"" class=""O1""><span><span><span><span><span><span><span style=""font-size:8.0pt""><span><span style=""color:black""><span>Improved </span></span></span></span><span style=""font-size:8.0pt""><span><span style=""color:black""><span>mPFS</span></span></span></span><span style=""font-size:8.0pt""><span><span style=""color:black""><span> (primary endpoint), by 40% (3 months), in a very severe population; later confirmation of OS benefit</span></span></span></span></span></span></span></span></span></span></li><li style=""text-align:left"" class=""O1""><span><span><span><span><span><span><span style=""font-size:8.0pt""><span><span style=""color:black""><span>Curative power and durability of CAR-T combined with the superior tolerability and off-the-shelf access of TCEs</span></span></span></span></span></span></span></span></span></span></li></ul>","<p style=""text-align:left"" class=""O1""><span style=""font-size:11px"">Future SOC / main competitors (likely still TCE)</span></p><ul><li style=""text-align:left"" class=""O1""><span><span><span><span><span><span><span style=""font-size:8.0pt""><span><span style=""color:black""><span>Chemo-free regimen in 3L+; rapidly delivered off-the-shelf </span></span></span></span></span></span></span></span></span></span></li><li style=""text-align:left"" class=""O1""><span><span><span><span><span><span><span style=""font-size:8.0pt""><span><span style=""color:black""><span>Reduced inflammatory toxicity (e.g., CRS) or rapid occurrence potentially enabling outpatient delivery</span></span></span></span></span></span></span></span></span></span></li><li style=""text-align:left"" class=""O1""><span><span><span><span><span><span><span style=""font-size:8.0pt""><span><span style=""color:black""><span>Potentially superior efficacy from leveraging endogenous T cell fitness without requirement for </span></span></span></span><span style=""font-size:8.0pt""><span><span style=""color:black""><span><em>ex vivo </em></span></span></span></span><span style=""font-size:8.0pt""><span><span style=""color:black""><span>editing and brain-to-vein delay; potentially overcoming T cell exhaustion seen with TCEs</span></span></span></span></span></span></span></span></span></span></li></ul>","<ul><li style=""margin-left: 18px; text-align: left;"" class=""O1""><span><span><span><span><span><span><span style=""font-size:8.0pt""><span><span style=""color:black""><span>Outpatient delivery and superior AE management strategies vs. autologous CAR-T</span></span></span></span></span></span></span></span></span></span></li><li style=""margin-left: 18px; text-align: left;"" class=""O1""><span><span><span><span><span><span style=""font-size:8.0pt""><span><span style=""color:black""><span>Redosable</span></span></span></span><span style=""font-size:8.0pt""><span><span style=""color:black""><span> strategy to titrate CAR transfection, proliferation, and corresponding 'tunable' efficacy / safety</span></span></span></span></span></span></span></span></span></li></ul>","<ul><li style=""margin-left: 18px; text-align: left;"" class=""O1""><span style=""font-size:11px""><span style=""color:black"">Safer and more tolerable compared to&nbsp;T-cell mediated therapies (limited risk of CRS and neurotoxicity, no lymphodepletion-related side effects)</span></span></li><li style=""margin-left: 18px; text-align: left;"" class=""O1""><span style=""font-size:11px""><span style=""color:black"">More convenient compared to CAR-T (faster initiation,&nbsp;limited hospitalization requirements, simpler outpatient care)</span></span></li><li style=""margin-left: 18px; text-align: left;"" class=""O1""><span style=""font-size:11px""><span style=""color:black"">Meaningful improvement (or at least delay in deterioration) in HR-QoL (fatigue, functioning)</span></span></li><li style=""margin-left: 18px; text-align: left;"" class=""O1""><span style=""font-size:11px""><span style=""color:black"">Treatment alternative for patients who are&nbsp;not eligible for&nbsp;or cannot access CAR-T</span></span></li><li style=""margin-left: 18px; text-align: left;"" class=""O1""><span style=""font-size:11px""><span style=""color:black"">Fixed duration treatment with durable efficacy</span></span></li></ul>","<ul><li style=""margin-left: 18px; text-align: left;"" class=""O1""><span><span><span><span><span><span style=""font-size:8.0pt""><span><span style=""color:black""><span>High unmet need in this setting of patients, few options</span></span></span></span></span></span></span></span></span></li><li style=""margin-left: 18px; text-align: left;"" class=""O1""><span><span><span><span><span><span style=""font-size:8.0pt""><span><span style=""color:black""><span>OS is “gold standard” for payers, allowing for price premium over trial comparator, but PFS is likely to be accepted as proxy until data maturation</span></span></span></span></span></span></span></span></span></li><li style=""margin-left: 18px; text-align: left;"" class=""O1""><span><span><span><span><span><span><span style=""font-size:8.0pt""><span><span style=""color:black""><span>Overall budget impact and cost effectiveness to be further assessed but likely positive as models are sensitive to OS</span></span></span></span></span></span></span></span></span></span></li></ul>",Published,"743,744,745,746,747,748,749",Soraya.Hoelper@sanofi.com,Soraya.Hoelper@sanofi.com,2025-09-11 15:39:00.000,2025-09-11 16:06:00.000
SAR446878,SAR446878_IND002,"<p style=""text-align:left""><span style=""font-size:8.0pt"">Adult mantle cell lymphoma patients with relapsed or refractory MCL</span></p>","<p style=""text-align:left""><span style=""font-size:8.0pt"">After </span><span style=""font-size:8.0pt"">one or more lines of systemic therapy, including chemoimmunotherapy, and who were ineligible for transplant </span></p>","<p style=""text-align:left""><span style=""font-size:8.0pt"">1) CAR-T-like product earlier than approved or in development, i.e., 2L, that may be beneficial to quick relapses, e.g., within 12 months</span></p><p style=""text-align:left""><span style=""font-size:8.0pt"">2) Superior durability and other efficacy markers to 2L BTKi, and TCE based regimens if approved</span></p><p style=""text-align:left""><strong><span style=""font-size:8.0pt"">SOC: lenalidomide + rituximab, R<sup>2</sup>:</span></strong></p><ul><li style=""margin-left: 18px; text-align: left;"" class=""O1""><span><span><span><span><span><span><span style=""font-size:8.0pt""><span><span style=""color:black""><span>Improved PFS by approx. 11.5 months (vs. </span></span></span></span><span style=""font-size:8.0pt""><span><span style=""color:black""><span>zanubrutinib</span></span></span></span><span style=""font-size:8.0pt""><span><span style=""color:black""><span>, i.e., 30% greater vs benchmark BTKi registrational trial package)</span></span></span></span></span></span></span></span></span></span></li><li style=""margin-left: 18px; text-align: left;"" class=""O1""><span><span><span><span><span><span><span style=""font-size:8.0pt""><span><span style=""color:black""><span>Improved OS, but likely not available at launch</span></span></span></span></span></span></span></span></span></span></li><li style=""margin-left: 18px; text-align: left;"" class=""O1""><span><span><span><span><span><span><span style=""font-size:8.0pt""><span><span style=""color:black""><span>ORR/</span></span></span></span><span style=""font-size:8.0pt""><span><span style=""color:black""><span>DoR</span></span></span></span></span></span></span></span></span></span></li></ul>","<p><span style=""font-size:8.0pt""><strong>Future SoC / main competitors (TCE + R</strong></span><span style=""font-size:8.0pt""><strong>2, BTKi + Ven, ADCs):</strong></span></p><ul><li style=""margin-left: 18px; text-align: left;"" class=""O1""><span><span><span><span><span><span><span style=""font-size:8.0pt""><span><span style=""color:black""><span>CD22 based therapy for </span></span></span></span><span style=""font-size:8.0pt""><span><span style=""color:black""><span>patients</span></span></span></span><span style=""font-size:8.0pt""><span><span style=""color:black""><span> R/R to CD20 based therapy</span></span></span></span></span></span></span></span></span></span></li><li style=""margin-left: 18px; text-align: left;"" class=""O1""><span><span><span><span><span><span><span style=""font-size:8.0pt""><span><span style=""color:black""><span>Chemo-free regimen</span></span></span></span></span></span></span></span></span></span></li><li style=""margin-left: 18px; text-align: left;"" class=""O1""><span><span><span><span><span><span><span style=""font-size:8.0pt""><span><span style=""color:black""><span>CAR-T like attributes + </span></span></span></span><span style=""font-size:8.0pt""><span><span style=""color:black""><span><em>in vivo </em></span></span></span></span><span style=""font-size:8.0pt""><span><span style=""color:black""><span>advantage</span></span></span></span></span></span></span></span></span></span></li><li style=""margin-left: 18px; text-align: left;"" class=""O1""><span><span><span><span><span><span><span style=""font-size:8.0pt""><span><span style=""color:#444492"">I</span><span style=""color:#000000"">mproved OS, ORR, and particularly </span></span></span><span style=""font-size:8.0pt""><span><span style=""color:black""><span>DoR</span></span></span></span></span></span></span></span></span></span></li></ul>","<ul><li style=""margin-left: 18px; text-align: left;"" class=""O1""><span><span><span><span><span><span><span style=""font-size:8.0pt""><span><span style=""color:black""><span>Outpatient delivery and superior AE management strategies vs. autologous CAR-T</span></span></span></span></span></span></span></span></span></span></li><li style=""margin-left: 18px; text-align: left;"" class=""O1""><span><span><span><span><span><span style=""font-size:8.0pt""><span><span style=""color:black""><span>Redosable</span></span></span></span><span style=""font-size:8.0pt""><span><span style=""color:black""><span> strategy to titrate CAR transfection, proliferation, and corresponding 'tunable' efficacy / safety</span></span></span></span></span></span></span></span></span></li><li style=""margin-left: 18px; text-align: left;"" class=""O1""><span><span><span><span><span><span style=""font-size:8.0pt""><span><span style=""color:black""><span>Better efficacy than R</span></span></span></span><span style=""font-size:8.0pt""><span><span style=""color:black""><span><span>2</span></span></span></span></span><span style=""font-size:8.0pt""><span><span style=""color:black""><span> +/- TCE (as chemo-free regimen)</span></span></span></span></span></span></span></span></span></li></ul>","<ul><li style=""margin-left: 18px; text-align: left;"" class=""O1""><span style=""font-size:11px""><span style=""color:black"">Safer and more tolerable compared to&nbsp;T-cell mediated therapies (limited risk of CRS and neurotoxicity, no lymphodepletion-related side effects) for 2L+ pts</span></span></li><li style=""margin-left: 18px; text-align: left;"" class=""O1""><span style=""font-size:11px""><span style=""color:black"">More convenient compared to CAR-T (faster initiation,&nbsp;limited hospitalization requirements, simpler outpatient care)</span></span></li><li style=""margin-left: 18px; text-align: left;"" class=""O1""><span style=""font-size:11px""><span style=""color:black"">Chemo-free regimen</span></span></li><li style=""margin-left: 18px; text-align: left;"" class=""O1""><span style=""font-size:11px""><span style=""color:black"">Meaningful improvement (or at least delay in deterioration) in HR-QoL (fatigue, functioning)</span></span></li><li style=""margin-left: 18px; text-align: left;"" class=""O1""><span style=""font-size:11px""><span style=""color:black"">CAR-T-like therapy for 2L FL patients (e.g., like brexu-cel) where future TCE mono and combo Tx efficacy falls short</span></span></li><li style=""margin-left: 18px; text-align: left;"" class=""O1""><span style=""font-size:11px""><span style=""color:black"">Can better address BTKi-refractory pts, 1L refractory / rapid relapse (≤12 mo) pts, and potentially patients with CNS involvement better than other 2L options</span></span></li><li style=""margin-left: 18px; text-align: left;"" class=""O1""><span style=""font-size:11px""><span style=""color:black"">Fixed duration treatment with durable efficacy</span></span></li></ul>","<ul><li style=""margin-left: 18px; text-align: left;"" class=""O1""><span style=""font-size:11px""><span style=""color:black"">Will PFS and ORR/CRR be sufficient to validate benefit without OS?</span></span></li><li style=""margin-left: 18px; text-align: left;"" class=""O1""><span style=""font-size:11px""><span style=""color:black"">Overall budget impact to be further assessed (vs autologous CAR-T) for 3L+ pts who receive CAR-T</span></span></li><li style=""margin-left: 54px; text-align: left;"" class=""O2""><span style=""font-size:11px""><span style=""color:black"">outpatient setting and limited AE management challenges</span></span></li><li style=""margin-left: 54px; text-align: left;"" class=""O2""><span style=""font-size:11px""><span style=""color:black"">easier access increases size of eligible population, as does indication (CAR-T ineligible)</span></span></li><li style=""margin-left: 18px; text-align: left;"" class=""O1""><span style=""font-size:11px""><span style=""color:black"">Superior outcomes when delivered in earlier lines</span></span></li></ul>",Published,"771,772,773,774,775,776,777",Soraya.Hoelper@sanofi.com,Soraya.Hoelper@sanofi.com,2025-09-11 16:10:00.000,2025-09-11 16:11:00.000
SAR446878,SAR446878_IND003,"<p><span><span><span><span><span><span style=""font-size:8.0pt""><span><span style=""color:black""><span><span><span>Adult follicular lymphoma patients with relapsed or refractory FL, not previously exposed to Autologous CD19 CAR-T </span></span></span></span></span></span></span></span></span></span></span></p>","<p><span style=""font-size:8.0pt""><span><span style=""color:black""><span><span><span>A</span></span></span></span></span></span><span style=""font-size:8.0pt""><span><span style=""color:black""><span><span><span>fter </span></span></span></span></span></span><span style=""font-size:8.0pt""><span><span style=""color:black""><span><span><span>one or more lines of systemic therapy, including at least 1 line of chemoimmunotherapy</span></span></span></span></span></span></p>","<p style=""text-align:left""><span><span><span><span><span style=""font-size:8.0pt""><span><span style=""color:black""><span>1) CAR-T-like product earlier than approved or in development, i.e., 2L, that may be beneficial to quick relapses, e.g., POD24</span></span></span></span></span></span></span></span></p><p style=""text-align:left""><span><span><span><span><span style=""font-size:8.0pt""><span><span style=""color:black""><span>2) Superior durability and other efficacy markers to Tafa-R</span></span></span></span><span style=""font-size:8.0pt""><span><span style=""color:black""><span><span>2</span></span></span></span></span><span style=""font-size:8.0pt""><span><span style=""color:black""><span> / R</span></span></span></span><span style=""font-size:8.0pt""><span><span style=""color:black""><span><span>2</span></span></span></span></span><span style=""font-size:8.0pt""><span><span style=""color:black""><span>, CD20 + chemo regimens, and potentially TCE combos, if approved</span></span></span></span></span></span></span></span></p><p style=""text-align:left""><span style=""font-size:8.0pt""><strong>SoC (lenalidomide + rituximab, R</strong></span><span style=""font-size:8.0pt""><strong>2):&nbsp;​​​​​​​</strong></span></p><ul><li style=""margin-left: 18px; text-align: left;"" class=""O1""><span><span><span><span><span><span><span style=""font-size:8.0pt""><span><span style=""color:black""><span>Improved PFS by approx. 17 months (vs. </span></span></span></span><span style=""font-size:8.0pt""><span><span style=""color:black""><span>len</span></span></span></span><span style=""font-size:8.0pt""><span><span style=""color:black""><span> + </span></span></span></span><span style=""font-size:8.0pt""><span><span style=""color:black""><span>ritux</span></span></span></span><span style=""font-size:8.0pt""><span><span style=""color:black""><span>, i.e., 43% greater vs R</span></span></span></span><span style=""font-size:8.0pt""><span><span style=""color:black""><span><span>2</span></span></span></span></span><span style=""font-size:8.0pt""><span><span style=""color:black""><span> benchmark AUGMENT trial)</span></span></span></span></span></span></span></span></span></span></li><li style=""margin-left: 18px; text-align: left;"" class=""O1""><span><span><span><span><span><span><span style=""font-size:8.0pt""><span><span style=""color:black""><span>Improved OS, but likely not available at launch</span></span></span></span></span></span></span></span></span></span></li><li style=""margin-left: 18px; text-align: left;"" class=""O1""><span><span><span><span><span><span><span style=""font-size:8.0pt""><span><span style=""color:black""><span>ORR/</span></span></span></span><span style=""font-size:8.0pt""><span><span style=""color:black""><span>DoR</span></span></span></span></span></span></span></span></span></span></li></ul>","<p><span style=""font-size:8.0pt""><strong>Future SoC / main competitors (TCE + R</strong></span><span style=""font-size:8.0pt""><strong>2):&nbsp;</strong></span></p><ul><li style=""margin-left: 18px; text-align: left;"" class=""O1""><span><span><span><span><span><span><span style=""font-size:8.0pt""><span><span style=""color:black""><span>CD22 based therapy for </span></span></span></span><span style=""font-size:8.0pt""><span><span style=""color:black""><span>patients</span></span></span></span><span style=""font-size:8.0pt""><span><span style=""color:black""><span> R/R to CD20 based therapy</span></span></span></span></span></span></span></span></span></span></li><li style=""margin-left: 18px; text-align: left;"" class=""O1""><span><span><span><span><span><span><span style=""font-size:8.0pt""><span><span style=""color:black""><span>Chemo-free regimen</span></span></span></span></span></span></span></span></span></span></li><li style=""margin-left: 18px; text-align: left;"" class=""O1""><span><span><span><span><span><span><span style=""font-size:8.0pt""><span><span style=""color:black""><span>CAR-T like attributes where no CAR-T approved</span></span></span></span></span></span></span></span></span></span></li><li style=""margin-left: 18px; text-align: left;"" class=""O1""><span><span><span><span><span><span><span style=""font-size:8.0pt""><span><span style=""color:black""><span>Improved OS, ORR, and particularly </span></span></span></span><span style=""font-size:8.0pt""><span><span style=""color:black""><span>DoR</span></span></span></span></span></span></span></span></span></span></li></ul>","<ul><li style=""margin-left: 18px; text-align: left;"" class=""O1""><span><span><span><span><span><span><span style=""font-size:8.0pt""><span><span style=""color:black""><span>Outpatient delivery and superior AE management strategies vs. autologous CAR-T</span></span></span></span></span></span></span></span></span></span></li><li style=""margin-left: 18px; text-align: left;"" class=""O1""><span><span><span><span><span><span style=""font-size:8.0pt""><span><span style=""color:black""><span>Redosable</span></span></span></span><span style=""font-size:8.0pt""><span><span style=""color:black""><span> strategy to titrate CAR transfection, proliferation, and corresponding 'tunable' efficacy / safety</span></span></span></span></span></span></span></span></span></li><li style=""margin-left: 18px; text-align: left;"" class=""O1""><span><span><span><span><span><span style=""font-size:8.0pt""><span><span style=""color:black""><span>Better efficacy than R</span></span></span></span><span style=""font-size:8.0pt""><span><span style=""color:black""><span><span>2</span></span></span></span></span><span style=""font-size:8.0pt""><span><span style=""color:black""><span> +/- TCE (as chemo-free regimen)</span></span></span></span></span></span></span></span></span></li></ul>","<ul><li style=""margin-left: 18px; text-align: left;"" class=""O1""><span style=""font-size:11px"">Safer and more tolerable compared to&nbsp;T-cell mediated therapies (limited risk of CRS and neurotoxicity, no lymphodepletion-related side effects) for 3L+ pts</span></li><li style=""margin-left: 18px; text-align: left;"" class=""O1""><span style=""font-size:11px"">More convenient compared to CAR-T (faster initiation,&nbsp;limited hospitalization requirements, simpler outpatient care)</span></li><li style=""margin-left: 18px; text-align: left;"" class=""O1""><span style=""font-size:11px"">Chemo-free regimen</span></li><li style=""margin-left: 18px; text-align: left;"" class=""O1""><span style=""font-size:11px"">Meaningful improvement (or at least delay in deterioration) in HR-QoL (fatigue, functioning)</span></li><li style=""margin-left: 18px; text-align: left;"" class=""O1""><span style=""font-size:11px"">CAR-T-like therapy for 2L FL patients (no CAR-T approved)</span></li><li style=""margin-left: 18px; text-align: left;"" class=""O1""><span style=""font-size:11px"">Fixed duration treatment with durable efficacy</span></li></ul>","<ul><li style=""margin-left: 18px; text-align: left;"" class=""O1""><span style=""font-size:11px""><span style=""color:black"">Will PFS and ORR/CRR be sufficient to validate benefit without OS?</span></span></li><li style=""margin-left: 18px; text-align: left;"" class=""O1""><span style=""font-size:11px""><span style=""color:black"">Overall budget impact to be further assessed (vs autologous CAR-T) for 3L+ pts who receive CAR-T</span></span></li><li style=""margin-left: 54px; text-align: left;"" class=""O2""><span style=""font-size:11px""><span style=""color:black"">outpatient setting and limited AE management challenges</span></span></li><li style=""margin-left: 54px; text-align: left;"" class=""O2""><span style=""font-size:11px""><span style=""color:black"">easier access increases size of eligible population, as does indication (CAR-T ineligible)</span></span></li><li style=""margin-left: 18px; text-align: left;"" class=""O1""><span style=""font-size:11px""><span style=""color:black"">Superior outcomes when delivered in earlier lines</span></span></li></ul>",Published,"757,758,759,760,761,762,763",Soraya.Hoelper@sanofi.com,Soraya.Hoelper@sanofi.com,2025-09-11 15:58:00.000,2025-09-11 15:59:00.000
SAR446878,SAR446878_IND004,"<p style=""text-align:left""><span style=""font-size:8.0pt"">Adult DLBCL patients with relapsed or refractory large B-cell lymphoma, not previously exposed to Autologous CD19 CAR-T </span></p>","<p style=""text-align:left""><span style=""font-size:11px"">After one or more lines of systemic therapy, including anthracycline-based immunotherapy​</span></p>","<p style=""text-align:left""><span style=""font-size:8.0pt"">1) A less toxic, off-the-shelf therapy with equivalent (or better) </span><span style=""font-size:8.0pt"">efficacy to CAR-T cell therapies – More accessible option to </span><span style=""font-size:8.0pt"">patients</span><span style=""font-size:8.0pt""> vs autologous CAR-T, including in patients with progression &gt;12 </span><span style=""font-size:8.0pt"">mo (CAR-T ineligible)</span></p><p style=""text-align:left""><span style=""font-size:8.0pt"">2) An efficacious treatment for 2L DLBCL superior to other non-CAR-T options such as TCE + chemo, tafa-len</span><span style=""font-size:8.0pt"">, ADC + chemo +/- </span><span style=""font-size:8.0pt"">ritux, etc.</span></p><p style=""text-align:left""><span style=""font-size:8.0pt""><strong>SoC (CD19 CAR-T or TCE depending on eligibility/accessibility to CAR-T):&nbsp;</strong></span></p><ul><li style=""margin-left: 18px; text-align: left;"" class=""O1""><span style=""font-size:8.0pt"">Improved PFS/EFS by approx. 9 months (vs. </span><span style=""font-size:8.0pt"">liso-cel CAR-T, i.e.,&nbsp; 108% greater vs CAR-T benchmark TRANSCEND trial)</span></li><li style=""margin-left: 18px; text-align: left;"" class=""O1""><span style=""font-size:8.0pt"">Improved PFS by approx. 15 months (vs. R-</span><span style=""font-size:8.0pt"">GemOx, i.e., 5.4x greater vs. SOC chemo)</span></li><li style=""margin-left: 18px; text-align: left;"" class=""O1""><span style=""font-size:8.0pt"">Improved OS, but likely not available at launch</span></li><li style=""margin-left: 18px; text-align: left;"" class=""O1""><span style=""font-size:8.0pt""><span><span style=""color:black""><span>ORR/DoR</span></span></span></span><span style=""display:none"">&nbsp;</span></li></ul>","<p><span style=""font-size:8.0pt""><strong>Future SoC / main competitors (TCE + chemo OR ADC + chemo):</strong></span></p><ul><li style=""margin-left: 18px; text-align: left;"" class=""O1""><span><span><span><span><span><span><span style=""font-size:8.0pt""><span><span style=""color:black""><span>PFS on par with of slightly better than TCE + chemo OR ADC + chemo, i.e.,&nbsp; expected PFS benchmark based on ongoing mid-stage trial results, but with superior durability</span></span></span></span></span></span></span></span></span></span></li><li style=""margin-left: 18px; text-align: left;"" class=""O1""><span><span><span><span><span><span><span style=""font-size:8.0pt""><span><span style=""color:black""><span>Chemo-free regimen</span></span></span></span></span></span></span></span></span></span></li><li style=""margin-left: 18px; text-align: left;"" class=""O1""><span><span><span><span><span><span><span style=""font-size:8.0pt""><span><span style=""color:black""><span>Applicable to CAR-T eligible and ineligible patients</span></span></span></span></span></span></span></span></span></span></li><li style=""margin-left: 18px; text-align: left;"" class=""O1""><span><span><span><span><span><span><span style=""font-size:8.0pt""><span><span style=""color:black""><span>Improved OS, ORR, and particularly </span></span></span></span><span style=""font-size:8.0pt""><span><span style=""color:black""><span>DoR</span></span></span></span></span></span></span></span></span></span></li></ul>","<ul><li style=""margin-left: 18px; text-align: left;"" class=""O1""><span><span><span><span><span><span><span style=""font-size:8.0pt""><span><span style=""color:black""><span>Outpatient delivery and superior AE management strategies vs. autologous CAR-T</span></span></span></span></span></span></span></span></span></span></li><li style=""margin-left: 18px; text-align: left;"" class=""O1""><span><span><span><span><span><span style=""font-size:8.0pt""><span><span style=""color:black""><span>Redosable</span></span></span></span><span style=""font-size:8.0pt""><span><span style=""color:black""><span> strategy to titrate CAR transfection, proliferation, and corresponding 'tunable' efficacy / safety</span></span></span></span></span></span></span></span></span></li><li style=""margin-left: 18px; text-align: left;"" class=""O1""><span><span><span><span><span><span style=""font-size:8.0pt""><span><span style=""color:black""><span>Better efficacy than TCE and ADC combos with chemo (as chemo-free regimen)</span></span></span></span></span></span></span></span></span></li></ul>","<ul><li style=""margin-left: 18px; text-align: left;"" class=""O1""><span style=""font-size:11px""><span style=""color:black"">Safer and more tolerable compared to&nbsp;T-cell mediated therapies (limited risk of CRS and neurotoxicity, no lymphodepletion-related side effects)</span></span></li><li style=""margin-left: 18px; text-align: left;"" class=""O1""><span style=""font-size:11px""><span style=""color:black"">More convenient compared to CAR-T (faster initiation,&nbsp;limited hospitalization requirements, simpler outpatient care)</span></span></li><li style=""margin-left: 18px; text-align: left;"" class=""O1""><span style=""font-size:11px""><span style=""color:black"">Chemo-free regimen</span></span></li><li style=""margin-left: 18px; text-align: left;"" class=""O1""><span style=""font-size:11px""><span style=""color:black"">Meaningful improvement (or at least delay in deterioration) in HR-QoL (fatigue, functioning)</span></span></li><li style=""margin-left: 18px; text-align: left;"" class=""O1""><span style=""font-size:11px""><span style=""color:black"">Treatment alternative for patients who are&nbsp;not eligible for&nbsp;or cannot access CAR-T</span></span></li><li style=""margin-left: 18px; text-align: left;"" class=""O1""><span style=""font-size:11px""><span style=""color:black"">Fixed duration treatment with durable efficacy</span></span></li></ul>","<ul><li style=""margin-left: 18px; text-align: left;"" class=""O1""><span style=""font-size:11px"">Will PFS and ORR/CRR be sufficient to validate benefit without OS?</span></li><li style=""margin-left: 18px; text-align: left;"" class=""O1""><span style=""font-size:11px"">Overall budget impact to be further assessed (vs autologous CAR-T)</span></li><li style=""margin-left: 54px; text-align: left;"" class=""O2""><span style=""font-size:11px"">outpatient setting and limited AE management challenges</span></li><li style=""margin-left: 54px; text-align: left;"" class=""O2""><span style=""font-size:11px"">easier access increases size of eligible population, as does indication (CAR-T ineligible)</span></li><li style=""margin-left: 18px; text-align: left;"" class=""O1""><span style=""font-size:11px"">Manufacturing and delivery cost advantages – even if usually not accepted by payers</span></li></ul>",Published,"750,751,752,753,754,755,756",Soraya.Hoelper@sanofi.com,Soraya.Hoelper@sanofi.com,2025-09-11 15:52:00.000,2025-09-11 15:53:00.000
SAR446959,SAR446959_IND001,"Adult patients with KL grade 1-2 knee OA too young (<60) for replacement surgery, who have failed to respond adequately to conservative nonpharmacologic therapy and simple analgesics, e.g., acetaminophen.",Need to ease the burden of pain and slow the degeneration of cartilage to maintain joint function in daily living.,"vs Lorecivivint (Wnt pathway inhibitor) with Indirect Treatment Comparison:
-Superior improvement in functionality and pain
-Improvement in cartilage thickness due preservation vs subjective joint space
-Improvement in slowing progression of disease to delay or potentially prevent joint replacement
-Similar safety profile (no black box warning)
","vs LNA043 (ANGPTL3 agonist) with Indirect Treatment Comparison:
-More moderate patient population and earlier treatment of disease
-Superior improvement in functionality and pain
-Improvement in slowing progression of disease to delay or potentially prevent joint replacement
-Similar safety profile (no black box warning)
","-Prevent/slow disease degeneration of knee cartilage and associated patient impacts
-Delay time until knee replacement surgery
-Safe with limited adverse events
-Potential to maintain functionality in other joints beyond knee
-Economically neutral to the practice","-Reduction in joint pain
-Improved functionality in daily living and better good days
-Delay in surgery for joint replacement
-Convenient dosing frequency of Q12W intra-articular injections ","-Delay in time to surgery, preventing the need for subsequent joint replacement
-Potential reduction in physician administrative costs, follow-up visits, and need for further medication due to disease damage delay translating to cost savings
-Neutral budget increase vs surgeryDelay in time to surgery, preventing the need for subsequent joint replacement",Published,"316,317,318,319,320,321,322",Michele.Cooley@sanofi.com,Michele.Cooley@sanofi.com,2024-10-24 17:06:00.000,2024-10-25 14:57:00.000
SAR447432,SAR447432_IND001,"Hidradenitis Suppurativa: 0.2M (US), 0.2M (EU4+UK)
Psoriasis: 1.2M (US), 1.2M (EU4+UK)
Psoriatic Arthritis: 0.5M (US), 0.5M (EU4+UK)
Ankylosing Spondylitis: 0.5M (US), 0.5M (EU4 + UK). 
","Current therapies are dominated by injectables, mainly anti-IL-17A, anti-IL-23 and anti-TNFa biologics. Few oral drugs are available, but so far with modest efficacy only. There is a remaining need for highly efficacious oral therapies with favorable safety profiles, and increased efficacy in HS especially.  
","Potential for broad population (not seen with IRAK4) based on HS endotyping and gene signatures
Efficacy on tunnels (internal data & clinically)
IL-17 upregulation also in obese HS patients & clinical confirmation on efficacy across body weights
",,,"Convenient oral administration versus injectable, safe and similarly efficacious  as injectables",,Draft,"554,555,556,557,558,559,560",Felipe.Pedrosa@sanofi.com,Felipe.Pedrosa@sanofi.com,2025-01-10 22:13:00.000,2025-01-10 22:13:00.000
SAR447537,SAR447537_IND001,"Adult patients with clinically evident emphysema due to hereditary deficiency of alpha-1-antitrypsin (AATD), including but not limited to patients with PiZZ, PiZ/Null, PiMalton/z, PiNull/Null, and other rare genotypes. PiSZ and severe MZ genotypes with a high risk of lung disease progression should also be considered for treatment. AATD is estimated to affect 1/2,500 people (of European descent) in the United States (US), Australia and Europe (approximately 132,000 adults in the US and EU) and approximately 3% of the chronic obstructive pulmonary disease (COPD) population  is thought to have AATD.","Adult patients seeking better lung protection compared to Standard of Care (SoC), leading to reduction in disease progression, maintenance of better Quality of Life (QoL), reduction in the need of lung transplant and improvement in survival","A recombinant next-generation human AAT-Fc fusion protein optimized with a prolonged half-life which allows achieving normal physiologic plasma levels and tissue exposure, and a more convenient dosing regimen.
SOC: Plasma-derived (pd) AAT
- Functional serum AAT remaining above the lower limit of normal throughout the extended dosing interval in great majority of the patients for SAR447537 vs. below the normal range within 3-4 days post-dose for pd AAT resulting in greater lung protection
- Less frequent dosing regimen: monthly vs weekly infusions 
- Without the dependence or risks associated with pd products
","- Broader anti-protease profile when compared with specific oral anti-elastase inhibitors
- Potential to be the augmentation of choice to prevent lung damage upon siRNA treatment for AATD liver disease
- Achievement of consistent levels in pulmonary epithelial lining fluid (PELF) after infusion with a monthly infusion","- Higher levels of functional serum AAT to slow progression of lung disease
- Good safety profile
- Recombinant therapies (unlike pd products) can be produced with high consistency and scalability","- Improved QOL 
- Reduce the burden of weekly infusion
- Improve treatment compliance
- Remove safety concerns with blood-borne transmission of infectious agents
- Greater lung protection profile
- Recombinant therapies (unlike pd products) can be produced with high consistency and scalability","- Improvement in patient QOL and lung protection 
- Good safety profile
- Improved compliance",Draft,"197,198,199,200,201,202,203",Sandrine.Turpault@sanofi.com,Sandrine.Turpault@sanofi.com,2024-10-15 17:42:00.000,2025-09-11 19:50:00.000
SAR447816,SAR447816_IND001,"The first line treatment to metastatic NSCLC with PD-L1≥1% (unfit or refuse chemo treatment for PD-L1 within 1%-49%) and CD73>30%, without EGFR or ALK gene mutation


","1L - Improved OS, durable response and better disease control 
","A CD73 inhibitor monoclonal antibody that can improve response rate, OS, PFS, and HRQoL as a combination therapy with PD1 agent in biomarker selected 1L NSCLC population
Combination with PD1 vs PD1 alone
ORR: 60% to 27%​
PFS: 8.7m to 5.4m​
OS: 24m to 16.7m​
","Competitive efficacy/safety vs. Future SOC in non-driver gene mutation NSCLC including 1L ICI based therapy (either ICI + IO, ICI + Chemo, or in high PDL1 expressor ICI mono)
",,,,Published,"673,674,675,676,677,678,679",Ivy.Ni@sanofi.com,Ivy.Ni@sanofi.com,2025-02-27 04:15:00.000,2025-02-27 10:28:00.000
SAR447816,SAR447816_IND002,"The first line treatment to metastatic NSCLC without EGFR or ALK gene mutation
","1L - Improved OS, durable response and better disease control 
","A CD73 inhibitor monoclonal antibody that can improve response rate, OS, PFS, and HRQoL as a combination therapy with PD1 agent and chemotherapy in all comer 1L NSCLC population without EGFR or ALK mutation 
Combination with PD1 and chemo vs PD1 in combination with chemo
ORR: 75% vs ~48%​
PFS: 12.5m vs 8m​
OS: 30m vs 21m

No significant added toxicity vs. SoC
","Competitive efficacy/safety vs. Future SOC in non-driver gene mutation NSCLC including 1L ICI based therapy (either ICI + IO, ICI + Chemo, or in high PDL1 expressor ICI mono)
",,,,Published,"680,681,682,683,684,685,686",Ivy.Ni@sanofi.com,Ivy.Ni@sanofi.com,2025-02-27 10:26:00.000,2025-02-27 10:31:00.000
SAR650984,SAR650984_IND004,"Newly diagnosed treatment naive multiple myeloma patients
","Are not eligible for autologous stem cell transplant (ASCT) or with no intent for ASCT as initial therapy 1)




 1) : Phase 1b/2 multi cohort uncontrolled study which assessed same combination in both transplant-ineligible and patients with no initial intent for transplant patients.","Offering a treatment alternative with significantly better progression free survival (PFS)  when combined with emerging SOC (VRd)  vs VRd plus a manageable tolerability profile preserving quality of life (no QOL detrement) in NDMM patients


Clinically better (PFS )  vs DRd: although mPFS not avail. at launch: VRd~54 months /IsaVRd  estimated to be ~90 months vs MAIA: DRd~60 months  (HR~0.59 vs VRd ; MAIA: HR 0.5 vs Rd)
A favorable OS trend for IVRd was observed 
MRD[-]CR 55% (vs 31% for DRd)
Sustained MRD negativity for at least 12 months IVRd 47% vs VRd 24%
More neuropathies expected (due to V) vs DRd. no significant AEs vs VRd
","Offering a treatment alternative with significantly better progression free survival (PFS)  when combined with emerging SOC (VRd)  vs VRd plus a manageable tolerability profile preserving quality of life (no QOL detrement) in NDMM patients


1L Ti
SoC likely unchanged: DRd in Ti (MAIA), as DVRd / CEPHEUS primary endpoint: MRD (completion April 2021, changed  August 29, 2025 in CT.gov, likely based on Final Analysis for PFS)
","Better efficacy vs. SOC and DRd
Manageable safety profile with no added AE’s with vs. VRd
Low D/C rate
No significant worsening of HRQoL
","Longer progression Free Survival while preserving HRQOL
","Better efficacy, manageable tolerability, and HRQOL preservation (select markets)
If FDA approved,  US coverage PA to label
Select small Ex-US Markets and CN
MAIA is reimbursed in all major markets except CN
If MAIA not reimbursed, significant budget impact vs Gx 1L options (V- or R- based): Challenging cost-effectiveness.
If VRd not reimbursed and/or in guidelines, challenges expected re: relevance of study comparator (e.g., FR)
",Draft,"113,114,115,116,117,118,119",Stephanie.Rayet@sanofi.com,Pascale.Beltran@sanofi.com,2024-10-03 20:29:00.000,2025-02-18 20:20:00.000
SAR650984,SAR650984_IND005,"Newly diagnosed treatment naive multiple myeloma patients
","are eligible for autologous stem cell transplant (ASCT) (10K patients in the US, 9K in EU5, 2K in Japan)
","An alternative treatment option which, when given in combination with VRd as induction treatment prior to ASCT, significantly extends progression free survival (PFS) while preserving QoL vs. VRd alone. No significant additive AEs vs. VRd and consistent with known safety profile of isatuximab

Significantly extends PFS (HR 0.7) while preserving QoL (no decrement in QoL) vs VRd alone; mPFS not reached in either arm at time of submission
MRD negativity post induction 50.5% (as compared indirectly to DVTd: 9% post ind. & 34% post-conso)
Improved safety vs DVTd, no significant additive AEs vs. VRd
","An alternative treatment option which, when given in combination with VRd as induction treatment prior to ASCT, significantly extends progression free survival (PFS) while preserving QoL vs. VRd alone. No significant additive AEs vs. VRd and consistent with known safety profile of isatuximab

PERSEUS Ph3 study of DVRd vs. VRd is approved by US FDA and will be approved by EMA prior to GMMG-HD7 induction approval 
No naïve comparison of numerical values vs PERSEUS should be done due to differences in study design & reported outcomes
Consistent overwhelming efficacy of CD38+VRd
","Improved MRD- vs VRd 
Improved PFS vs VRd
Manageable safety profile
Improved safety profile vs. DVTd
Maintenance in QoL relative to baseline
CD38+VRd delivers best 1L outcomes & delays relapse which is known to worsen prognosis
","Longer time without disease progression
Maintenance in QoL relative to baseline (within-patient) 
No negative impact on QoL with addition of Isa to VRd (between-group)
","Better efficacy, manageable tolerability, and maintained HRQoL
US: If FDA approved, coverage PA to label
Ex-US:
If Dara not approved/reimbursed, significant budget impact vs Gx 1L options (V- or R- based)  high payer scrutiny & price pressure
If Dara reimbursed, potential for Isa to deliver significant economic savings for health systems (lower cost per inj., fewer injections: 11 vs 16 in DVTd/DVRd)
Where VRd is not approved/reimbursed in some geographies (DE), challenges expected re: relevance as a study comparator (same as IMROZ)
Limited data robustness at time of submission (no OS, mPFS not reached)  challenging demonstration of meaningful clinical benefit/value to payers
",Published,"141,142,143,144,145,146,147",Stephanie.Rayet@sanofi.com,Stephanie.Rayet@sanofi.com,2024-10-07 20:51:00.000,2024-10-23 19:36:00.000
SAR650984,SAR650984_IND009,"Patients with smoldering multiple myeloma (High-risk treated SMM: 1K in the US, 1K in EU5, 0.2K in Japan)
","Are at high-risk of progression to symptomatic multiple myeloma (per IMWG criteria – aligned with AQUILA, validated by FDA)
High-risk patients progress to MM in 24 months 
(High-risk treated SMM: 1K in the US, 1K in EU5, 0.2K in Japan)
","Versus current competitor: Revlimid 
An option to patients in early stage to significantly delay progression to MM:
Significantly extend PFS by 40 months to >100 months (by 48 months to 138 months at PFS2) (only HR avail. at launch)
Significantly improve OS by 56 months to >186 months (not mature at launch, mOS >15 years, ie >10 years after launch)
Significantly improve the number of patients with MRD: ≥30% vs 15% (not collected in the Len vs observation study) – Ongoing work on correlation/ modelling of MRD vs PFS vs OS before payer insights to be generated 
Significantly improve PFS while preserving QoL (no QoL decrement) vs Rd
Offer a limited duration of therapy (3y) with long treatment-free interval (7y treatment free)
potential long term QoL improvement (treatment free duration before progression) 
Patients’ ability to have normal activity (younger patients, thus productivity impact) 
","IsaRd>to Dara monotherapy evidence generated (Aspirational, indirect comparison) 
AQUILA phase III not collecting MRD data
",,,"Must provide robust data on patient's characteristics and clear criteria for population size 
If approved by the FDA, payers will likely cover PA to label
Ex-US: Limited amount of mature data at launch, challenging to demonstrate long-term benefit* (Modelling of MRD/PFS/OS correlation required)
Ex-US: If dara is not reimbursed, challenging access is foreseen, requiring demonstration of outstanding long-term benefit (and cost effectiveness modelling) based on MRD (TBC, as not valid yet for CE models) and PFS data at launch 
",Draft,"666,667,668,669,670,671,672",Pascale.Beltran@sanofi.com,Pascale.Beltran@sanofi.com,2025-02-18 20:19:00.000,2025-02-18 20:19:00.000
SAR650984,SAR650984_IND013,"Patients with multiple myeloma (across all approved indications, across treatment lines)
","are eligible for a treatment with an anti-CD38 administered by subcutaneous injection 
","Versus current competitor - IV administration: 
Non inferiority demonstrated
Broad differentiated delivery platform with ENABLE and manual push
Convenient mode of administration for the patient and office
Lower infusion related reactions compared to IV
Allow for cost savings and time chair savings as no infusion required; however, this would be offset by potential revenue loss (e.g. US) of IV infusions fees]
Provides optionality for patients and providers in terms of SC delivery options
","Same convenience as dara SC (manual push)
Improved convenience vs IV and dara SC with Enable device
Potential for at home delivery in the longer term, with specific differentiation in the maintenance setting
","Improved convenience for MD offices vs IV infusion profile
Improved safety profile vs IV
Broadest option for SC and IV delivery 
Potential loss of revenue in Community oncology office
","Shorter treatment duration
Avoid time and travel to hospital/physician office patients prefer home administration
SC administration less burdensome vs. IV
With Enable At Home label, most conducive for maintenance setting: patient  OOPs will increase
","Pricing vs. IV formulation under assessment 
Home based administration funding to be assessed in Targeted markets only;
US unlikely
no clear funding path exists so far for home administration by HCP
IRA Medicare D changes under evalulation
",Draft,"659,660,661,662,663,664,665",Pascale.Beltran@sanofi.com,Pascale.Beltran@sanofi.com,2025-02-18 20:15:00.000,2025-02-18 20:15:00.000
SAR650984,SAR650984_IND034,"Patients with newly diagnosed multiple myeloma
","who are not eligible for autologous stem cell transplant (ASCT) or with no intent for ASCT as initial therapy
","the best combo of CD38+BCMA TCE in terms of efficacy, safety and ease of administration

Co primary - CR-MRD neg within 12 months: 55%
Co primary - median PFS=150 months (HR=0.6)*
Secondary - OS: mOS=15.7 years (HR=0.675)*
PI / dex-free maintenance treatment improving safety/tolerability
MRD guided maintenance limiting TCE exposure
","the best combo of CD38+BCMA TCE in terms of efficacy, safety and ease of administration

Improved tolerability vs. current TCE
Similar or shorter duration of TCE that can reduce treatment burden and economic burden vs. Dara+TCE
Flat dosing / no step-up / convenient monthly SC admin with OBDS
Similar CRS / ICANS risk in the first 2 weeks (can be mitigated by step up dosing), but decreased infections due to less frequent dosing 
Prolonged cytopenias / hypogammaglobulinemia mitigated by MRD guided fixed duration
Less hospitalization
","Provides additional treatment options for HCPs that offers a 40% reduction in risk of progression in the front-line setting vs. current SoC*
Leverages familiar and convenient CD38 backbone
","Additional treatment option for NDMM
Patients to obtain deep responses early and extend the first remission by several years with a simple maintenance regimen
","Potential for best-in-class efficacy & safety benefit in a moderate unmet need space
Safety benefit can be a differentiator esp. for elderly / frail patients
Ex-US, clear definition of unmet needs and target patient population as well as selection of an appropriate/relevant comparator within the treatment strategy will be critical for HTA; MRD not yet accepted by payers and PFS will be required
Fallback strategies to show benefit in higher risk subgroups (requiring pre-specified analyses) can provide opportunity to position in areas of higher unmet need with greater willingness to pay
",Published,"162,163,164,165,166,167,168",Stephanie.Rayet@sanofi.com,Stephanie.Rayet@sanofi.com,2024-10-08 22:13:00.000,2024-10-23 19:45:00.000
SAR650984,SAR650984_IND035,"Patients with newly diagnosed multiple myeloma
","who are not eligible for autologous stem cell transplant (ASCT) or with no intent for ASCT as initial therapy
","the first combo of CD38+CAR T offering improved efficacy vs. Quad & CARTITUDE-5 and just 18 months of maintenance treatment

Co primary - CR-MRD neg within 12 months: 55%
Co primary - median PFS=150 months (HR=0.6)*
Secondary - OS: mOS=15.7 years (HR=0.675) 
vs. 10.6 years for IsaVRd (IMROZ)
Potentially shorter CD38 maintenance (18 months) vs. quad and other SoC

","Improved efficacy vs. CARTITUDE-5 based on use of quad for induction vs. VRd 
CR-MRD neg within 12 months: 40%, 
Median PFS=90 months (HR=0.5 vs. VRd)
Median OS=12.5 years
Maintenance expected to be less toxic vs fixed duration maintenance
Potentially best-in-class BCMA CAR-T for safety
","Provides additional treatment options for HCPs that offers a 40% reduction in risk of progression in the front-line setting vs. current SoC*
Leverages familiar and convenient CD38 backbone
","Additional treatment option for NDMM
Patients to obtain deep responses early and extend the first remission by several years with a simple maintenance regimen
","Potential for best-in-class efficacy & safety benefit in a moderate unmet need space
Best-in-class CAR T safety can allow broader population to benefit and alleviate administration costs (e.g., CRS management)
Safety benefit in maintenance can be a differentiator esp. for elderly / frail patients; shorter maintenance can create cost savings
Durability of benefit after one-time CAR T therapy to be scrutinized to ensure similar or better durability vs. other modalities (e.g., quads, TCE combinations)
Ex-US, clear definition of unmet needs and target patient population as well as selection of an appropriate/relevant comparator within the treatment strategy will be critical for HTA; MRD not yet accepted by payers and PFS will be required
Fallback strategies to show benefit in higher risk subgroups (requiring pre-specified analyses) can provide opportunity to position in areas of higher unmet need with greater willingness to pay
",Published,"155,156,157,158,159,160,161",Stephanie.Rayet@sanofi.com,Stephanie.Rayet@sanofi.com,2024-10-07 23:13:00.000,2024-10-23 19:55:00.000
SP0047,SP0047_IND002,Infant (6 weeks) to older adults without age limitation,Protection against invasive meningococcal disease caused by N. meningitidis serogroups (ACWY),"Comparable or higher immunoresponses for A,C,W, and Y serogroups vs SOC in all indicated age groups in non-inferiority trials providing insurance of adequate protection.Potentially provide higher immune response against C serogroup (Upside scenario)
Convenient presentation format:
In Vial, the only fully liquid meningococcal vaccine that do not need reconstitution, avoiding errors and saving administration time
The only Pre-Filled Syringe for convenient vaccination
Allow vaccination for 6 weeks and older and can accommodate to all vaccination programs worldwide. Will be the only meninge quadrivalent vaccine indicated for 55+ in the US.
Flexible dosing across all age groups to accommodate all immunization schedules
Can be co-administered with all pediatric, adolescent and adult vaccines
Antigen-specific chemistry & formulation, leading to robust and enhanced stability (up to 48months shelf life)
Long lasting protection
Ability to boost any MCV4 and MCV-C primed individuals  ","Menveo will have a fully liquid formulation in a vial as of 2024, partially reducing the level of differentiation provided by the MenQuadfi fully liquid presentation

Pentavalent vaccines, combining ACWY and B vaccines, are expected to emerge as SoC as of 2024. MenQuadfi may provide a better immune response for ACW&Y serogroups compared to a combination ABCWY vaccine.","Only meningococcal vaccine available in ready to use pre-filled syringe enhancing convenience and reducing the risk of error
Broad age indication allow stockage of only one vaccine instead of several","Protect children as young as 6 weeks of age from a potentially deadly disease, which will also help reassure parents","Potentially reduce healthcare resource use associated with IMD, quality of life and productivity losses",Published,"15,16,17,18,19,20,21",Mathieu.Rannou@sanofi.com,Rick.Bullaro@sanofi.com,2023-12-07 17:39:00.000,2024-09-16 16:54:00.000
SP0087,SP0087_IND001,"Patients of all ages living in or traveling to enzootic areas (>3,3 Billion population) as defined by the WHO World Survey of Rabies (WSR) and /or at risk to be exposed to rabies virus
","Are particularly likely to contract rabies and require:
- Pre-exposure prophylaxis (PrEP) – mostly travelers visiting rabies at-risk areas, high income people living in these areas or workers (like veterinarians, or laboratory & medical staff) who may be frequently exposed to rabies 
- Post-exposure prophylaxis (PEP) – patients exposed to Rabies as per WHO guidance (categories II or III)
","- Replacing our Sanofi SoC rabies vaccines (Verorab and Imovax Rabies) both for travelers’ and endemic markets
- Have the same vaccine efficacy and safety profile than our SoC with most known and recognized vaccination regimens for PrEP (including 2 doses 1 week PreP regimen) and PEP
- Be registered in travelers' markets (incl EMA, FDA) and selected endemic countries 
- Ensure sustainable supply based on a robust manufacturing process with rationalized industrial footprint
- Facilitate stock management with 48 months shelf life & provide optimized storage conditions (robust thermostability up to 25°C)
- Be produced with the same viral strain used for Verorab & Imovax Rabies which have been proven safe and efficacious for 50 years 
 
","- An improved life saving rabies vaccine, with low DNA content, free of allergens (antibiotics, egg proteins or bovine polygeline) and free of raw material from animal or human origin
- Comply with the most stringent worldwide quality and safety standards (compared to product aging/obsolescence of current SoC) 
- Provide the confidence of a rabies vaccine from a recognized and reliable vaccine manufacturer with a strong historical legacy in rabies vaccines
","- Have the same vaccine efficacy & safety profile than our SoC 

- Be approved for both ID and IM administration for PrEP and PEP, in line with international / local recommendation (US: IM only) 
","- Protect patients of all ages (PrEP & PEP) (living in enzootic countries & traveling to rabies at-risk areas, against a deadly disease)

- Provide confidence to patients into a highly purified vaccine, which quality is controlled with modern analytical technics avoiding use of animals testing 
","- Have the same vaccine efficacy & safety profile than our SoC 
- Be produced with a robust manufacturing process to ensure sustainable supply
- Be developed & produced based on Sanofi rich experience and legacy in Rabies vaccines
- Facilitate stock management with 48m Shelf Life & provide optimized storage conditions
",Published,"204,205,206,207,208,209,210",Audrey.Toinon@sanofi.com,Audrey.Toinon@sanofi.com,2024-10-16 10:50:00.000,2025-01-22 11:47:00.000
SP0125,SP0125_IND001,"<p><span style=""font-size:14px""><span style=""color:black""><em>All older infants from </em><strong><em>6m of age and toddlers to less than 24m entering their 2nd RSV season&nbsp;</em></strong></span></span></p>","<p><span style=""font-size:14px"">Protection against RSV disease beyond their first season</span></p>","<ul><li style=""margin-left: 18px; text-align: left;"" class=""O1""><span style=""font-size:14px""><span style=""color:black"">mAbs, maternal immunization cover 1st RSV season only (mAb to cover 2nd season for high risk only)</span></span></li><li style=""margin-left: 18px; text-align: left;"" class=""O1""><span style=""font-size:14px""><span style=""color:black""><strong>No preventative option currently available for all toddler beyond the first season</strong></span></span></li></ul>","<ul><li style=""margin-left: 18px; text-align: left;"" class=""O1""><span style=""font-size:14px""><span style=""color:black""><strong>Broad protection </strong>against both lower &amp; upper respiratory tract disease caused by RSV</span></span></li><li style=""margin-left: 18px; text-align: left;"" class=""O1""><span style=""font-size:14px""><span style=""color:black"">Limited and uncertain competition (post Sanofi launch)</span></span></li></ul>","<ul><li style=""margin-left: 18px; text-align: left;"" class=""O1""><span style=""font-size:14px""><span style=""color:black"">Address significant <strong>unmet medical need in toddlers&nbsp;</strong></span></span></li><li style=""margin-left: 18px; text-align: left;"" class=""O1""><span style=""font-size:14px""><span style=""color:black"">Relieve clinical pressure on health system during RSV season&nbsp;&nbsp;&nbsp;</span></span></li><li style=""margin-left: 18px; text-align: left;"" class=""O1""><span style=""font-size:14px""><span style=""color:black"">Can be <strong>concomitantly administered with pediatric vaccines</strong></span></span></li><li style=""margin-left: 18px; text-align: left;"" class=""O1""><span style=""font-size:14px""><span style=""color:black""><strong>May reduce RSV short term and long-term complications </strong>(for ex AOM, wheezing, asthma)</span></span></li><li style=""margin-left: 18px; text-align: left;"" class=""O1""><span style=""font-size:14px""><span style=""color:black"">Can be administered even if previously immunized with Beyfortus (6m gap)</span></span></li><li style=""margin-left: 18px; text-align: left;"" class=""O1""><span style=""font-size:14px""><span style=""color:black""><strong>Allow flexible interval between 1st and 2nd dose </strong>to ease patient uptake</span></span></li></ul>",<ul><li>Reduce the individual impact on QoL of acute RSV associated LRTI</li><li>Avoid distress / anxiety among caregivers</li><li>Be well tolerated by toddlers and well accepted by parents</li><li>Convenient administration route (IN)</li></ul>,"<ul><li style=""margin-left: 18px; text-align: left;"" class=""O1""><span style=""font-size:14px""><span style=""color:black"">Reduce significantly<strong> the outpatient burden during the 2nd season</strong> in particular emergency department visit and other severe outcome</span></span></li><li style=""margin-left: 18px; text-align: left;"" class=""O1""><span style=""font-size:14px""><span style=""color:black"">May reduce hospitalization, despite lower incidence during the 2nd season</span></span></li><li style=""margin-left: 18px; text-align: left;"" class=""O1""><span style=""font-size:14px""><span style=""color:black"">Reduce associated cost to the healthcare system</span></span></li><li style=""margin-left: 18px; text-align: left;"" class=""O1""><span style=""font-size:14px""><span style=""color:black"">May reduce RSV complications such as recurrent wheezing</span></span></li><li style=""margin-left: 18px; text-align: left;"" class=""O1""><span style=""font-size:14px""><span style=""color:black""><strong>May reduce overuse / misuse of antibiotics</strong>, and potentially reduce antibiotic microbial resistance (AMR)</span></span></li></ul>",Published,"78,79,80,81,82,83,84",Peggy.Gomes@sanofi.com,Peggy.Gomes@sanofi.com,2024-10-01 20:20:00.000,2025-08-19 20:44:00.000
SP0178,SP0178_IND001,,,"the only vaccine providing broader influenza protection against 4 different strains of the flu virus with proven superior efficacy against influenza and cardio-respiratory hospitalizations while having a very strong health economic profile demonstrated consistently across multiple seasons and in various settings. 
","In ROW (SOC: standard dose quadrivalent vaccine ): 
Address an unmet medical need with a vaccine  specifically formulated for older adults who suffer disproportionately from influenza and its complications due to their reduced response to vaccination, general increased risk
Demonstrated superior efficacy and effectiveness vs standard dose influenza vaccines in RCTs and real life settings on various clinical endpoints, including hospitalisations
Provide a broader protection  with an additional b strain by reducing the occurrence of mismatch*
In US (SOC:HDTIV 65+yo; SDQIV <64yo): provide all the benefits of HDTIV with the additional b strain protection already available in standard dose vaccines

","Help preserve the health status of my patients who suffer disproportionately from flu and its complications
","Help preserve my health status by preventing flu and its complications
","Be cost-effective, and even generate cost savings
",Draft,"232,233,234,235,236,237,238",Michael.Seprish@sanofi.com,Michael.Seprish@sanofi.com,2024-10-17 17:49:00.000,2024-10-17 17:49:00.000
SP0178,SP0178_IND002,"Individuals 60 years and over 
","Japanese NIP category B population (60-64 yr high risk & 65+ yr population)
","The first influenza vaccine to offer a superior immune response against influenza virus, as well as protection against hospitalizations and cardiorespiratory endpoints. This level of protection is associated with a strong health economic profile, demonstrated consistently across multiple seasons and settings.  
","Address an unmet medical need with a vaccine specifically formulated for older adults who suffer disproportionately from influenza and its complications due to their reduced response to vaccination and higher level of comorbidities.
Be superior to standard dose influenza vaccines in reducing influenza-related complications, hospitalizations and cardiorespiratory endpoints, demonstrated across Japanese and overseas RCTs, and real world settings.
","Help preserve the health status of my patients who suffer disproportionately from flu and its complications
","Help preserve my health status by preventing flu and its complications
","Have similar safety profile to SoC
Be cost-effective vs SoC by reducing clinical outcomes outside of influenza alone, such as cardiorespiratory endpoints
",Draft,"99,100,101,102,103,104,105",Michael.Seprish@sanofi.com,Michael.Seprish@sanofi.com,2024-10-03 19:35:00.000,2024-10-03 19:35:00.000
SP0178,SP0178_IND007,"2024: Patients 50 years and over
","Are recommended to receive an influenza vaccine including at-risk patients who suffer higher impact from influenza
","Address an unmet medical need with a vaccine  specifically formulated for older adults who suffer disproportionately from influenza and its complications
Demonstrate superior efficacy and effectiveness vs standard dose influenza vaccines in RCTs and real-life settings on various clinical endpoints, including hospitalisations in 65+
Demonstrate non-inferiority in immunogenicity in 50-64
10+ years of proven protection in 60+ (clinical data & in-country usage)
Contribute to offer a comprehensive influenza portfolio options to payers and prescribers
","Address an unmet medical need with a vaccine  specifically formulated for older adults who suffer disproportionately from influenza and its complications
Demonstrate superior efficacy and effectiveness vs standard dose influenza vaccines in RCTs and real-life settings on various clinical endpoints, including hospitalisations in 65+
Demonstrate non-inferiority in immunogenicity in 50-64
10+ years of proven protection in 60+ (clinical data & in-country usage)
Contribute to offer a comprehensive influenza portfolio options to payers and prescribers
","Help preserve the health status of my patients who suffer disproportionately from flu and its complications
Demonstrated safety profile
Convenience of broad age indication to limit number of SKUs in fridges
","Help preserve my health status by preventing flu and its complications
Reduce the likelihood of influenza illness, doctor visits, & influenza-related hospitalizations
Demonstrated safety profile
","Reduces healthcare costs related to influenza
Limits disruption of health-care system during peak influenza season
Prevents disruption and incurrence of societal costs in the workforce due to influenza-related illness in working adults
",Published,"225,226,227,228,229,230,231",Michael.Seprish@sanofi.com,Michael.Seprish@sanofi.com,2024-10-17 17:09:00.000,2024-10-17 17:50:00.000
SP0202,SP0202_IND003,"<p><span style=""font-size:12px"">As a primary target, all individuals at risk of pneumococcal disease: infant and toddlers (6 weeks to 23 months), children (2 years to 17 years), adults 18 years to 49 years old and adults 50 years of age and older.</span></p>","<p><span style=""font-size:12px"">Active immunization for the prevention of Streptococcus pneumoniae disease including Invasive Pneumococcal Disease (IPD) and pneumoniae in all populations and Acute Otitis Media (AOM) for pediatric population, (up to 5 years old US / up to 17 years old EU), caused by the serotypes included in the vaccine (Base Case TPP).</span></p>","<p><span style=""font-size:12px"">Provide a broader (estimated 34% compared to PCV13), safe &amp; effective protection against pneumococcal disease, and sustained protection against colonization, for a broader range of S. pneumonia serotypes compared to SoC.</span></p><p><span style=""font-size:12px"">Superior immune response against serotype 3 (<span lang=""FR"">Superior immune response and vaccine effectiveness for serotype 3).</span></span></p><p><span style=""font-size:12px"">Offer a Luer-Lock improved Pre-filled syringe &amp; packaging presentation.</span></p><p> </p>","<p><span style=""font-size:12px"">Disease coverage determined by the number of serotypes is the most important area for improvement of PCVs for physicians &amp; payors. PCV20 is expected future SoC.&nbsp; The additional serotype included in the PCV21 will provide a moderate increase in coverage of pneumococcal disease across all age groups (up to 7% on IPD (<span lang=""EN-GB"">Coverage estimates based on IPD data from US &amp; UK</span>)).</span></p><p><span style=""font-size:12px"">Superior immune response against serotype 3 (<span lang=""FR"">Superior immune response and vaccine effectiveness for serotype 3)</span> versus PCV-20.</span></p><p><span style=""font-size:12px"">Offer a Luer-Lock improved Pre-filled syringe &amp; packaging presentation.</span></p>","<p><span style=""font-size:12px"">Offer the convenience of an improved vaccine presentation e.g. needle-stick protection, low storage volume.</span></p><p><span style=""font-size:12px"">Co-administration with other pediatric vaccines and adult (Flu) vaccines.</span></p><p><span style=""font-size:12px"">In-schedule interchangeability with other PCVs for pediatrics.</span></p>","<p><span style=""font-size:12px"">Provide peace of mind by offering optimal protection compared to SoC.</span></p>","<p> </p><p><span style=""font-size:12px"">By offering broader protection against S. pneumoniae serotypes, provide enhanced public health benefits due to avoided pneumococcal disease, AOM and pneumoniae (Base Case TPP).</span></p><p><span style=""font-size:12px"">By increasing the number of products on the market, SP’s PCV will help minimize the risk of supply interruptions.</span></p><p><span style=""font-size:12px"">Extended shelf life (4-5 years).</span></p>",Published,"806,807,808,809,810,811,812",Andrea.Radai@sanofi.com,Andrea.Radai@sanofi.com,2025-12-11 16:12:00.000,2025-12-11 16:20:00.000
SP0218,SP0218_IND001,"Persons (> 9 months of age) living in endemic areas, traveling to or passing through an endemic area where Yellow Fever (YF) circulates (ref WHO)","All individuals from 9 months of age likely to get exposed to YF or its vector in endemic areas
- Traveler segment (USA, CA, EU (and UK, CH), Australia, Singapore and Japan): private market, monodose, small volume (~3Md/ year), high price
- Endemic segment (GAVI/UNICEF/ PAHO): public market, multidose, high volume (current market size 105 Md/ year), low price
","- 2nd generation YF vaccine, expected to be as safe, immunogenic & efficacious as the current egg-based vaccines with a single shot.
- State-of-the art vero-cell based YF vaccine replacing the SoC egg-based vaccines (STAMARIL and YF-VAX) in both traveler and endemic segments 
","versus current Sanofi Pasteur SoC: STAMARIL & YF-VAX) and versus competition for endemic segment​ (ie. Chumakov, Fiocruz and  Institut Pasteur Dakar):
- A unique and state-of-the-art YF vaccine based on vero cell, containing no allergens (antibiotics or egg proteins), free of raw material from animal or human origin, low DNA content.​
- Manufactured with a more robust and faster process to ensure sustainable supply as no longer dependent of the sourcing of specific pathogen-free eggs.​
- Based on the same live attenuated viral strain used for STAMARIL & YF-VAX, which have been proven safe and effective for more than 50 years​.","- As convenient and easy to use as SoC (in terms of schedule).
- Peace of mind on potential hypersensitivity reactions due to allergies and allow to enlarge YF vaccination to people with a history of severe allergic reaction to chicken egg proteins.
- Improved thermostability and extended shelf-life.
- Ability to boost if needed or indicated by the local authority. 
- Improved monodose presentation for travelers.","- Safe and durable protection against YF, a deadly disease when traveling to or residing in endemic countries. 
- Convenient schedule (1 IM or SC dose)
- Recorded though a certificate of vaccination required under the International Health Regulations, with the same duration of validity as current vaccines.
","- Registered in multiple countries (US , EU, Japan…) and WHO PQ.
- A key public health response tool to the expected rising risk of YF due to climate, environment & societal changes in coming decades thanks to a robust manufacturing process ensuring a sustainable supply and avoiding recurrent supply shortage/ constraints. 
- Developed and produced based on Sanofi large experience and legacy in YF vaccines.
- Improved thermostability and extended shelf-life. ",Published,"484,485,486,487,488,489,490",Nadege.Esteveny@sanofi.com,Nadege.Esteveny@sanofi.com,2024-11-28 11:49:00.000,2025-02-11 14:01:00.000
SP0230,SP0230_IND004,"Individuals of all age groups from 6 weeks of age at risk of meningococcal invasive disease
","Require protection against invasive disease due to meningococcal serogroups A, B, C, W and Y.  Subject to emerging data for GSK and sanofi, the targeted value may extent to N. gonorrheae.
","A novel Meningococcal ABCWY vaccine offering broader serogroup B strain coverage and improved MenACWY serogroup responses compared to competitor MenPenta vaccines, and that has good tolerability such that it can be licensed in key age segments, including young children
",,"Protect against clinically relevant B strains not addressed by Bexsero and the GSK 1st Gen. pentavalent
Fewer fevers and better tolerability in infants & ados
","The better tolerability will reduce number of HCP visits and hospitalizations of infants due to fever
Protect children as young as 6 weeks of age from a potentially deadly disease, which will also help reassure parents
","By offering broader protection against MenB strains, provide enhanced public health benefits by avoiding MenB disease and sequelae, including in outbreak situations
Fewer side-effect related hospitalizations as compared to SoC, especially in infants
",Published,"526,527,528,529,530,531,532",Lydie.Michaudet@sanofi.com,Lydie.Michaudet@sanofi.com,2024-12-19 10:40:00.000,2024-12-19 10:44:00.000
SP0256,SP0256_IND001,"<p style=""text-align:left"">All individuals 60 years old and older, and 18-59 at increased risk for severe RSV disease</p><p>All individuals 50-59yo: study to be started after ph3 POC (included in CDP), results post-licensure</p>",<p>All adults need protection against RSV + HMPV</p>,"<ul><li style=""margin-left: 27px; text-align: left;"" class=""O0"">Versus GSK, Pfizer (launch 2023 RSVoa) &amp; Moderna (launch 2024 RSVoa)</li><li style=""margin-left: 27px; text-align: left;"" class=""O0"">No SoC for HMPV</li></ul>",<ul><li>Vs stand alone RSVoa vaccines</li><li>Vs future combo vaccines (RSV+HMPV)</li></ul>,"<ul><li style=""margin-left: 27px; text-align: left;"" class=""O0"">Relieve the clinical pressure on the healthcare system during RSV / HMPV / flu / COVID season --&gt;&nbsp;outpatient visits, ER, hospit. admissions&nbsp;</li><li style=""margin-left: 27px; text-align: left;"" class=""O0"">Be able to provide a booster after primary monovalent RSV and RSV+HMPV combo vaccines (heterologous booster)&nbsp;</li><li style=""margin-left: 27px; text-align: left;"" class=""O0"">Can co-administer with flu seasonal and covid vaccines</li></ul>","<ul><li style=""margin-left: 27px; text-align: left;"" class=""O0"">Receive a combination option, in providing protection against two major respiratory virus&nbsp;</li><li style=""margin-left: 27px; text-align: left;"" class=""O0"">Avoid or reduce complications and long-term impact of both RSV and HMPV --&gt;&nbsp;prevent the reduction of quality of life, frailty and dependence&nbsp;</li><li style=""margin-left: 27px; text-align: left;"" class=""O0"">Get the protection I need - all older adults 60+ (at launch, for a 65+ recommendation, then for all older adults 50+) and adults at increased risk for severe RSV or HMPV disease (18-59), specifically with data for frail population, and stratification of data by age subgroup and high-risk profile&nbsp;</li><li style=""margin-left: 27px; text-align: left;"" class=""O0"">Avoid distress among patient relatives&nbsp;</li><li style=""margin-left: 27px; text-align: left;"" class=""O0"">Avoid missed days at work</li></ul>","<ul><li style=""margin-left: 27px; text-align: left;"" class=""O0"">Reduce total economic burden (direct -inpatient and outpatient- and indirect societal with productivity loss for patients) --&gt; direct and indirect costs&nbsp;</li><li style=""margin-left: 27px; text-align: left;"" class=""O0"">Relieve pressure on the healthcare&nbsp; system by reducing clinical and economic burden during RSV / HMPV / Flu / COVID season enabling more efficient Healthcare Resource Use (e.g., ER, ICU, mech. ventilation, outpatient visits, hospit. admissions)</li></ul>",Published,"624,625,626,627,628,629,630",Lori.Lukashefski@sanofi.com,Lori.Lukashefski@sanofi.com,2025-02-03 15:39:00.000,2026-02-24 21:05:00.000
SP0268,SP0268_IND001,"<p style=""text-align:left""><span><span><span><span><span><span><span style=""font-size:13.0pt""><span><span style=""color:black""><span>Patients with moderate-to-severe acne </span></span></span></span><span style=""font-size:13.0pt""><span><span style=""color:black""><span><span>(all gender, from 9 years of age)</span></span></span></span></span></span></span></span></span></span></span></p>","<p><span style=""font-size:11pt""><span><span><span>To durably clear their skin from acne lesions and decrease risk of post-acne sequelae such as scars and hyperpigmentation, avoiding the lengthy patient pathway of trial and error</span></span></span></span></p>","<ul><li style=""margin-left: 12px; text-align: left;"" class=""O0""><span><span><span><span><span><span><span style=""font-size:13.0pt""><span><span style=""color:black""><span><span>An injectable therapy (vaccine)</span></span></span></span></span></span></span></span></span></span></span></li><li style=""margin-left: 12px; text-align: left;"" class=""O0""><span><span><span><span><span><span><span style=""font-size:13.0pt""><span><span style=""color:black""><span>The only product combining durable high efficacy, significantly </span></span></span></span><span style=""font-size:13.0pt""><span><span style=""color:black""><span>improved safety profile vs. SoC </span></span></span></span><span style=""font-size:13.0pt""><span><span style=""color:black""><span>and a simple administration schedule, with the potential to transform the management of acne</span></span></span></span></span></span></span></span></span></span></li><li style=""margin-left: 12px; text-align: left;"" class=""O0""><span><span><span><span><span><span><span style=""font-size:13.0pt""><span><span style=""color:black""><span>Comparable, high efficacy</span></span></span></span></span></span></span></span></span></span></li><li style=""margin-left: 12px; text-align: left;"" class=""O0""><span><span><span><span><span><span><span><span style=""font-size:13.0pt""><span><span style=""color:black""><span>Significantly better safety and tolerability</span></span></span></span></span></span></span></span></span></span></span></li><li style=""margin-left: 12px; text-align: left;"" class=""O0""><span><span><span><span><span><span><span><span style=""font-size:13.0pt""><span><span style=""color:black""><span>Longer-effect, demonstrated even when off-treatment</span></span></span></span></span></span></span></span></span></span></span></li><li style=""margin-left: 12px; text-align: left;"" class=""O0""><span><span><span><span><span><span><span><span style=""font-size:13.0pt""><span><span style=""color:black""><span>Simplified therapy routine, safe and applicable to all gender</span></span></span></span></span></span></span></span></span></span></span></li><li style=""margin-left: 12px; text-align: left;"" class=""O0""><span><span><span><span><span><span><span><span style=""font-size:13.0pt""><span><span style=""color:black""><span>Decreased risk of post-acne sequelae</span></span></span></span></span></span></span></span></span></span></span></li></ul>","<ul><li style=""margin-left: 12px; text-align: left;"" class=""O1""><span><span><span><span><span><span><span style=""font-size:13.0pt""><span><span style=""color:black""><span>Simplicity and no local side effects (vs. nanobodies) and no lasting systemic side effects (vs. </span></span></span></span><span style=""font-size:13.0pt""><span><span style=""color:black""><span>mAbs</span></span></span></span><span style=""font-size:13.0pt""><span><span style=""color:black""><span>, oral small molecules, i.e., </span></span></span></span><span style=""font-size:13.0pt""><span><span style=""color:black""><span>Denifanstat</span></span></span></span><span style=""font-size:13.0pt""><span><span style=""color:black""><span>)</span></span></span></span></span></span></span></span></span></span></li><li style=""margin-left: 12px; text-align: left;"" class=""O1""><span><span><span><span><span><span><span style=""font-size:13.0pt""><span><span style=""color:black""><span>No risk of developing resistance, in comparison with the likely development of resistance with phage therapy (vs. bacteriophages)</span></span></span></span></span></span></span></span></span></span></li></ul>","<ul><li style=""margin-left: 12px; text-align: left;"" class=""O1""><span><span><span><span><span><span><span style=""font-size:13.0pt""><span><span style=""color:black""><span>Unique innovation addressing key </span></span></span></span><span style=""font-size:13.0pt""><span><span style=""color:black""><span><strong>unmet needs on tolerability/ safety and long-term result</strong></span></span></span></span></span></span></span></span></span></span></li><li style=""margin-left: 12px; text-align: left;"" class=""O1""><span><span><span><span><span><span><span style=""font-size:13.0pt""><span><span style=""color:black""><span><strong>Patients’ compliance</strong></span></span></span></span><span style=""font-size:13.0pt""><span><span style=""color:black""><span>, irrespective of their age, gender and motivation</span></span></span></span></span></span></span></span></span></span></li><li style=""margin-left: 12px; text-align: left;"" class=""O1""><span><span><span><span><span><span><span style=""font-size:13.0pt""><span><span style=""color:black""><span>Avoiding the </span></span></span></span><span style=""font-size:13.0pt""><span><span style=""color:black""><span><strong>use of antibiotics </strong></span></span></span></span><span style=""font-size:13.0pt""><span><span style=""color:black""><span>or hormonal therapy</span></span></span></span></span></span></span></span></span></span></li><li style=""margin-left: 12px; text-align: left;"" class=""O1""><span><span><span><span><span><span><span style=""font-size:13.0pt""><span><span style=""color:black""><span><strong>Simple prescription, administration and follow-up</strong></span></span></span></span><span style=""font-size:13.0pt""><span><span style=""color:black""><span>, that can be safely combined with other treatments</span></span></span></span></span></span></span></span></span></span></li></ul>","<ul><li style=""margin-left: 12px; text-align: left;"" class=""O1""><span><span><span><span><span><span><span style=""font-size:13.0pt""><span><span style=""color:black""><span>An </span></span></span></span><span style=""font-size:13.0pt""><span><span style=""color:black""><span><strong>effective therapy </strong></span></span></span></span><span style=""font-size:13.0pt""><span><span style=""color:black""><span>against </span></span></span></span><span style=""font-size:13.0pt""><span><span style=""color:black""><span><strong>acne and post-acne signs</strong></span></span></span></span><span style=""font-size:13.0pt""><span><span style=""color:black""><span> with </span></span></span></span><span style=""font-size:13.0pt""><span><span style=""color:black""><span><strong>durable effect</strong></span></span></span></span></span></span></span></span></span></span></li><li style=""margin-left: 12px; text-align: left;"" class=""O1""><span><span><span><span><span><span><span style=""font-size:13.0pt""><span><span style=""color:black""><span><strong>No risk </strong></span></span></span></span><span style=""font-size:13.0pt""><span><span style=""color:black""><span><span>to my general health</span></span></span></span></span></span></span></span></span></span></span></li><li style=""margin-left: 12px; text-align: left;"" class=""O1""><span><span><span><span><span><span><span style=""font-size:13.0pt""><span><span style=""color:black""><span><strong>No side effects </strong></span></span></span></span><span style=""font-size:13.0pt""><span><span style=""color:black""><span>while on treatment: my skin looks and feels better</span></span></span></span></span></span></span></span></span></span></li><li style=""margin-left: 12px; text-align: left;"" class=""O1""><span><span><span><span><span><span><span style=""font-size:13.0pt""><span><span style=""color:black""><span>A </span></span></span></span><span style=""font-size:13.0pt""><span><span style=""color:black""><span><strong>convenient, easy-to-use, therapy&nbsp;</strong></span></span></span></span><span style=""font-size:13.0pt""><span><span style=""color:black""><span>fitting my lifestyle and skin care routine</span></span></span></span></span></span></span></span></span></span></li><li style=""margin-left: 12px; text-align: left;"" class=""O1""><span><span><span><span><span><span><span style=""font-size:13.0pt""><span><span style=""color:black""><span>An improvement on my </span></span></span></span><span style=""font-size:13.0pt""><span><span style=""color:black""><span><strong>quality of life</strong></span></span></span></span><span style=""font-size:13.0pt""><span><span style=""color:black""><span><span>, including my mental well-being</span></span></span></span></span></span></span></span></span></span></span></li></ul>","<ul><li style=""margin-left: 12px; text-align: left;"" class=""O1""><span><span><span><span><span><span><span style=""font-size:13.0pt""><span><span style=""color:black""><span><strong>Reduction in healthcare costs </strong></span></span></span></span><span style=""font-size:13.0pt""><span><span style=""color:black""><span>with fewer treatment cycles, side effect management and monitoring burden</span></span></span></span></span></span></span></span></span></span></li><li style=""margin-left: 12px; text-align: left;"" class=""O1""><span><span><span><span><span><span><span style=""font-size:13.0pt""><span><span style=""color:black""><span>Reducing the use of antibiotics, </span></span></span></span><span style=""font-size:13.0pt""><span><span style=""color:black""><span><strong>decreasing AMR development</strong></span></span></span></span><span style=""font-size:13.0pt""><span><span style=""color:black""><span> and associated healthcare costs</span></span></span></span></span></span></span></span></span></span></li><li style=""margin-left: 12px; text-align: left;"" class=""O1""><span><span><span><span><span><span><span style=""font-size:13.0pt""><span><span style=""color:black""><span><strong>Measurable patient outcomes </strong></span></span></span></span><span style=""font-size:13.0pt""><span><span style=""color:black""><span>including mental well-being</span></span></span></span></span></span></span></span></span></span></li><li style=""margin-left: 12px; text-align: left;"" class=""O1""><span><span><span><span><span><span><span style=""font-size:13.0pt""><span><span style=""color:black""><span>Mitigating risks and costs associated with </span></span></span></span><span style=""font-size:13.0pt""><span><span style=""color:black""><span><strong>isotretinoin's safety </strong></span></span></span></span><span style=""font-size:13.0pt""><span><span style=""color:black""><span>concerns</span></span></span></span></span></span></span></span></span></span></li></ul>",Published,"638,639,640,641,642,643,644,778,779,780,781,782,783,784",Annie.Sauveur@sanofi.com,Annie.Sauveur@sanofi.com,2025-02-07 14:22:00.000,2025-10-30 10:31:00.000
SP0269,SP0269_IND001,"For males and females from 9 years of age to 44 years of age, regardless of serostatus 
","Protection against primary and recurrent symptomatic and asymptomatic CT infection resulting in urogenital diseases and long-term sequelae (i.e., PID, infertility) 
","Individual protection with efficacy of 70% (Prevention of Infection) across all genital serovars
Protection from infection for at least 5 years, and longer protection through booster immunization
Similar safety profile to licensed vaccines in this age group (i.e., HPV  TBC)
Reduced risk of developing long-term sequelae from the (undetected/untreated) infection 
Decreased circulation of the pathogen and therefore reduce the overall incidence rate of the disease. 
Reduced risk of infertility in both genders
Possible reduction in risk of pregnancy complications or perinatal transmission 
Contribution to antimicrobial stewardship
","No changes anticipated to current SOC
","An efficient way to reduce cases and prevent the medical and psychological burden of Chlamydia for patients
Decreased number of untreated asymptomatic cases 
Reduction in risk of pregnancy complications  or perinatal transmission 
Contribution to antimicrobial stewardship
","Prevention of asymptomatic infections that would normally go undiagnosed and reduce the probability to infect a partner 
Prevention of psychological burden from chlamydia diagnosis
Reduction in risk of pregnancy complications or perinatal transmission 
Avoidance of use of antibiotics","Safe and efficacious intervention to reduce burden of Chlamydia infection
Cost-effective intervention*
Reduction in absenteeism and productivity losses due to disease complications
Contribution to antimicrobial stewardship
",Published,"8,9,10,11,12,13,14,211,212,213,214,215,216,217","Kirsten.Schneider-Ohrum@sanofi.com (2023-12-06), Michael.Seprish@sanofi.com (2024-10-17)","Michael.Seprish@sanofi.com (2024-10-17), Kirsten.Schneider-Ohrum@sanofi.com (2023-12-06)",2023-12-06 14:16:00.000,2024-10-17 01:12:00.000
SP0275,SP0275_IND001,,,,,,,,Draft,"652,653,654,655,656,657,658",Nadege.Esteveny@sanofi.com,Nadege.Esteveny@sanofi.com,2025-02-11 14:05:00.000,2025-02-11 14:05:00.000
SP0280,SP0280_IND001,"<div style=""margin-left:13px; text-align:left"" class=""O0""><span style=""font-size:14px"">•<span style=""color:#7a00e6""><strong><em>For teenagers and young adults independent of EBV serological status</em></strong></span><span style=""color:#23004c"">, including, but not only, at-risk groups: young adult populations living in community setting, e.g., army recruits, university students</span></span></div>","<div style=""margin-left:13px; text-align:left"" class=""O0""><span style=""font-size:14px"">•<span style=""color:#23004c"">Who have an </span><span style=""color:#7a00e6""><strong><em>important risk of developing IM </em></strong></span><span style=""color:#23004c"">after being infected by EBV and </span><span style=""color:#7a00e6""><strong><em>do not want to risk to missing school/ college/ work/ sports/ social events</em></strong></span><span style=""color:#23004c"">, during weeks or months</span></span></div><div style=""margin-left:13px; text-align:left"" class=""O0""><span style=""font-size:14px"">•<span style=""color:#23004c"">Who want to decrease the </span><span style=""color:#7a00e6""><strong><em>potential risk of developing long-term diseases associated </em></strong></span><span style=""color:#23004c"">with EBV, including MS</span></span></div>","<div style=""margin-left:13px; text-align:left"" class=""O0""><span style=""font-size:14px"">•<span style=""color:#23004c"">The </span><span style=""color:#7a00e6""><strong><em>Best-in-Class vaccine </em></strong></span><span style=""color:#23004c"">to protect against IM and to decrease the potential risk of MS and other long-term EBV associated diseases, based on a </span><span style=""color:#7a00e6""><strong><em>Best-in-Class antigen design</em></strong></span></span></div>",,,"<div style=""margin-left:13px; text-align:left"" class=""O0""><span style=""font-size:14px"">•<span style=""color:#23004c"">An </span><span style=""color:#7a00e6""><strong><em>effective intervention to prevent IM</em></strong></span><span style=""color:#23004c"">, a disease which may impact ability to work/ attend school and require medical treatment: reduce the number of cases, decrease severity of the disease, decrease the risk of long-term symptoms of IM (e.g., chronic fatigue)</span></span></div><div style=""margin-left:13px; text-align:left"" class=""O0""><span style=""font-size:14px"">•<span style=""color:#23004c"">An </span><span style=""color:#7a00e6""><strong><em>effective intervention to reduce the risk of developing MS later in life</em></strong></span><span style=""color:#23004c"">, a chronic disabling disease, requiring complex and painful treatments for its control, while no cure is available; this long-term benefit will have to be confirmed in the years following licensure</span></span></div><div style=""margin-left:13px; text-align:left"" class=""O0""><span style=""font-size:14px"">•<span style=""color:#7a00e6""><strong><em>Long-term safety </em></strong></span><span style=""color:#23004c"">with no increase in risk of MS neither for S- nor for S+ individuals</span></span></div>",,Published,"799,800,801,802,803,804,805",Sarah.Wise@sanofi.com,Sarah.Wise@sanofi.com,2025-12-09 20:43:00.000,2025-12-09 20:44:00.000
SP0282,SP0282_IND001,"All individuals 60/65 years old and older.
","Prevention of invasive E.coli disease (IED), including sepsis and bacteremia, caused by O-serotypes 1A, 2, 4, 6A, 15, 16, 18A, 25B, and 75

","No preventative option currently available or in clinical development for IED
Current SoC is treatment by antibiotics and supportive care
","No competition expected at launch (FIC vaccine)
Expected replacement by Next Gen vaccine to broaden the protection and increase the value perception in more countries
","- Prevention of cases associated with high morbidity and mortality
- Reduction in the use of antibiotics (potential impact on AMR)
","- Prevention of hospitalization associated with potential severe sequelae and high mortality rate
- A single dose to be protected for at least 7 years
- Impact on QoL and frailty 
","- Value based price (mainly driven by impact on mortality)
- Reduction of HCRU (Reduction of hospitalizations / Potential mitigation of the AMR risk and associated economic burden / Prevention of complications and sequelae)
- Impact on caregiver
- Impact on QoL and frailty 
- Long and sustained duration of protection
",Published,"190,191,192,193,194,195,196",Audrey.Toinon@sanofi.com,Audrey.Toinon@sanofi.com,2024-10-14 15:24:00.000,2024-12-17 10:49:00.000
SP0290,SP0290_IND001,"All individuals 60 and older as well as individuals 18+ with increased risks for developing E.coli sepsis (increased risks to be specified) 
","Prevention of E.coli sepsis and IEDs, caused by O-serotypes 1A, 2, 4, 6A, 15, 16, 17, 18A, 25B, 75, 8, 77, 153, 9A, 101 
","A Best-in-class vaccine for prevention of E.coli sepsis and Invasive E.coli Disease caused by the 15 of the most prevalent O-Antigens serotypes, including preventing hospitalizations, death and long-term consequences and non inferior to 9V benefits (including secondary endpoints). A vaccine that targets the serotypes most associated with multi-drug resistance, providing an important tool for AMR mitigation. 

- ExPEC 9V is the current SoP for E.coli sepsis prevention
- NextGen offers wider protection, covering more serotypes and preventing more cases 

","- Proven efficacy, leveraging RWD from ExPEC 9V 
- Providing optimal E.coli sepsis prevention in most countries 
","- Prevention of sepsis cases associated with high morbidity and mortality
- Similar safety profile vs. 9V including in at risk population. 
- Prevention of IED caused by resistant E.coli strains
- Reduction in the use of antibiotics (potential impact on AMR)
- Prevention for population most at risk for developing E.coli sepsis
- Ease of implementation (not seasonal, well identified risk and/or age-based)
","- Prevention of severe and unpredictable cases leading to hospitalization, ICU and associated high mortality
- Prevention of sepsis cases associated with physical and cognitive impairment 
- Long duration of protection with one single dose (at least 10 years)
","- Added value and reasonable price increase vs ExPEC9V
- Reduction of HCRU (Reduction of hospitalizations / Potential mitigation of the AMR risk and associated economic burden / Prevention of complications and sequelae)
- Impact on caregiver
- Impact on QoL and frailty 
- Long and sustained duration of protection
",Published,"519,520,521,522,523,524,525",Audrey.Toinon@sanofi.com,Audrey.Toinon@sanofi.com,2024-12-17 10:43:00.000,2024-12-17 10:44:00.000
SP0335,SP0335_IND002,"<p><span style=""font-size:14px"">All individuals 6 months of age and above</span></p>","<p style=""text-align:left""><span style=""font-size:14px""><span style=""color:black"">At risk of exposure to influenza viruses with high risk of pandemic potential or a declared pandemic emergency</span></span></p>","<div style=""margin-left:18px; text-align:left""><span style=""font-size:14px"">•<span style=""color:black"">Antibody response against major influenza antigen preventing influenza disease caused by&nbsp;influenza viruses with pandemic potential.&nbsp;&nbsp;​</span></span></div><div style=""margin-left:18px; text-align:left""><span style=""font-size:14px"">•<span style=""color:black"">Fast to market delivery, crucial in pandemic emergencies.</span></span></div><div style=""margin-left:18px; text-align:left""><span style=""font-size:14px"">•<span style=""color:black"">Simplified administration: user-friendly formulations and presentations for efficient vaccinations by health care providers during pandemic emergency.</span></span></div><div style=""margin-left:18px; text-align:left""><span style=""font-size:14px"">•<span style=""color:black"">Confidence in a product developed by a company with decades of expertise, experience, and reliability in producing seasonal and pandemic vaccines.</span></span></div><div style=""margin-left:18px; text-align:left""><span style=""font-size:14px"">•<span style=""color:black"">Enhanced supply security: diversified platform approach ensures supply availability and mitigates production risks.</span></span></div><div style=""margin-left:18px; text-align:left""><span style=""font-size:14px"">•<span style=""color:black"">Tailored solutions: Diverse vaccine technologies to meet varying population needs and country-specific requirements.</span></span></div>",,"<p style=""text-align:left""><span style=""font-size:14px""><span style=""color:black"">Provide an efficient and effective way to prevent pandemic influenza infections and reduce the impact of pandemic influenza</span></span></p>","<p style=""text-align:left""><span style=""font-size:14px""><span style=""color:black"">Provide trusted, effective protection that gives people confidence during an influenza pandemic through safe and accessible vaccines.</span></span></p>","<p style=""text-align:left""><span style=""font-size:14px""><span style=""color:black"">Deliver a cost-effective pandemic preparedness solution through flexible procurement options and diverse manufacturing platforms, ensuring supply security.</span></span></p>",Draft,"813,814,815,816,817,818,819",Erin.Finehout@sanofi.com,Erin.Finehout@sanofi.com,2026-01-27 22:36:00.000,2026-01-27 22:37:00.000
SP0338,SP0338_IND001,"<p style=""text-align:left""><span style=""font-size:14px"">For males and females from 11&nbsp;years of age to 44 years of age, regardless of serostatus&nbsp;</span></p>","<p style=""text-align:left""><span><span><span><span><span><span style=""font-size:9.0pt""><span><span style=""color:black""><span><span><span><span>P<span style=""font-size:14px"">rotection against primary infection and re-infection of symptomatic and asymptomatic CT and NG resulting in&nbsp;urogenital diseases&nbsp;and long-term sequelae (i.e., PID, infertility)&nbsp;</span></span></span></span></span></span></span></span></span></span></span></span></span></p>","<table><colgroup><col /><col /><col /></colgroup><tbody><tr><td class=""oa1""><div style=""margin-left:12px; text-align:left""><span style=""font-size:14px"">•<span style=""color:black"">Chlamydia: Individual protection with efficacy of 80% (Prevention of Infection) across all genital serovars</span></span></div><div style=""margin-left:12px; text-align:left""><span style=""font-size:14px"">•<span style=""color:black"">Gonorrhea: Individual protection with efficacy of 80% (Prevention of Infection) across PorB.IA and PorB.IB strains</span></span></div><div style=""margin-left:12px; text-align:left"" class=""O0""><span style=""font-size:14px""><span style=""color:black"">•Protection from infection for at least 5 years, and longer protection through booster&nbsp;immunization</span></span></div><div style=""margin-left:12px; text-align:left"" class=""O0""><span style=""font-size:14px"">•<span style=""color:black"">Similar safety profile to licensed vaccines in this age group (i.e., HPV à TBC)</span></span></div><div style=""margin-left:12px; text-align:left"" class=""O0""><span style=""font-size:14px"">•<span style=""color:black"">Reduced risk of developing long-term sequelae from the (undetected/untreated) infection&nbsp;</span></span></div><div style=""margin-left:12px; text-align:left"" class=""O0""><span style=""font-size:14px"">•<span style=""color:black"">Decreased circulation of the pathogen and therefore reduce the overall incidence rate of the&nbsp;disease</span></span></div><div style=""margin-left:12px; text-align:left"" class=""O0""><span style=""font-size:14px"">•<span style=""color:black"">Reduced risk of infertility in both sexes</span></span></div><div style=""margin-left:12px; text-align:left"" class=""O0""><span style=""font-size:14px"">•<span style=""color:black"">Possible reduction in risk of pregnancy complications or perinatal transmission&nbsp;</span></span></div><div style=""margin-left:12px; text-align:left"" class=""O0""><span style=""font-size:14px"">•<span style=""color:black"">Contribution&nbsp;to antimicrobial stewardship</span></span></div></td></tr><tr><td style=""text-align:center"" class=""oa4""><p style=""text-align:center""><span style=""font-size:24px""><span><span><span><span><span><span><span><span><span><span><span style=""font-size:13.0pt""><span><span style=""color:white""><span><strong>Prescribers</strong></span></span></span></span></span></span></span></span></span></span></span></span></span></span></span></p></td><td style=""text-align:center"" class=""oa5""><p style=""text-align:center""><span style=""font-size:24px""><span><span><span><span><span><span><span><span><span><span><span style=""font-size:13.0pt""><span><span style=""color:white""><span><strong>Patients</strong></span></span></span></span></span></span></span></span></span></span></span></span></span></span></span></p></td><td style=""text-align:center"" class=""oa5""><p style=""text-align:center""><span style=""font-size:24px""><span><span><span><span><span><span><span><span><span><span><span style=""font-size:13.0pt""><span><span style=""color:white""><span><strong>Payers</strong></span></span></span></span></span></span></span></span></span></span></span></span></span></span></span></p></td></tr></tbody></table>","<div style=""margin-left:18px; text-align:left"" class=""O0""><span style=""font-size:14px"">•<span style=""color:black"">No changes anticipated to current SOC</span></span></div>","<div style=""margin-left:12px; text-align:left""><span><span><span><span><span style=""font-size:9.0pt""><span>•</span></span><span style=""font-size:9.0pt""><span><span style=""color:black""><span><span><span><span>An efficient way to reduce cases and prevent the medical and psychological burden of Chlamydia and Gonorrhea for patients</span></span></span></span></span></span></span></span></span></span></span></div><div style=""margin-left:12px; text-align:left"" class=""O0""><span><span><span><span><span><span style=""font-size:9.0pt""><span>•</span></span><span style=""font-size:9.0pt""><span><span style=""color:black""><span><span><span><span>Decreased number of untreated asymptomatic cases&nbsp;</span></span></span></span></span></span></span></span></span></span></span></span></div><div style=""margin-left:12px; text-align:left"" class=""O0""><span><span><span><span><span><span style=""font-size:9.0pt""><span>•</span></span><span style=""font-size:9.0pt""><span><span style=""color:black""><span><span><span><span>Reduction in risk of pregnancy complications&nbsp;or p</span></span></span></span></span></span></span><span style=""font-size:9.0pt""><span><span style=""color:black""><span><span><span><span>erinatal transmission&nbsp;</span></span></span></span></span></span></span></span></span></span></span></span></div><div style=""margin-left:12px; text-align:left"" class=""O0""><span><span><span><span><span><span style=""font-size:9.0pt""><span>•</span></span><span style=""font-size:9.0pt""><span><span style=""color:black""><span><span><span><span>Contribution to antimicrobial stewardship</span></span></span></span></span></span></span></span></span></span></span></span></div>","<div style=""margin-left:12px; text-align:left"" class=""O0""><span style=""font-size:14px"">•<span style=""color:black"">Prevention of asymptomatic infections that would&nbsp;normally go undiagnosed and reduce the&nbsp;probability to infect a partner&nbsp;</span></span></div><div style=""margin-left:12px; text-align:left"" class=""O0""><span style=""font-size:14px"">•<span style=""color:black"">Prevention of psychological burden from chlamydia or gonorrhea diagnoses</span></span></div><div style=""margin-left:12px; text-align:left"" class=""O0""><span style=""font-size:14px"">•<span style=""color:black"">Increase chances of healthy pregnancy (addressing infertility, pregnancy complications and perinatal transmission)</span></span></div><p><span style=""font-size:9.0pt""><span><span style=""color:black""><span><span><span><span><span style=""font-size:14px"">Avoidance of use of antibiotic</span>s</span></span></span></span></span></span></span></p>","<div style=""margin-left:12px; text-align:left""><span style=""font-size:14px"">•<span style=""color:black"">Safe and efficacious intervention to reduce burden of Chlamydia and/or Gonorrhea infection</span></span></div><div style=""margin-left:12px; text-align:left"" class=""O0""><span style=""font-size:14px"">•<span style=""color:black"">Cost-effective intervention*</span></span></div><div style=""margin-left:12px; text-align:left""><span style=""font-size:14px"">•<span style=""color:black"">Reduction in absenteeism and productivity losses due to disease complications.​​​​​​​​​​​​​​</span></span></div><div style=""margin-left:12px; text-align:left""><span style=""font-size:14px""><span style=""color:black"">Contribution to antimicrobial stewardship</span></span></div>",Draft,"736,737,738,739,740,741,742",Michael.Seprish@sanofi.com,Michael.Seprish@sanofi.com,2025-08-11 17:26:00.000,2025-08-11 17:26:00.000
XC01152,XC01152_IND001,"Non-transplant ineligible NDMM patients: 50% 
RRMM 1+ Prior lines of therapy : 2L (44%), 3L (44%)","Competitive space with no cure, 5-year OS at 55%, ; opportunity to provide more tolerable and durable therapies in Transplant ineligible, relapse setting and in patient sub-groups (e..g frail, high-risk) opportunity ","NTE: RvD, aCD38 combos and CARTs emerging
RRMM 1 to 3 lines: DRd, KRd, DKd, IsaKd, DPd, DVd, TCEs and CARTs emerging 
Triple class RRMM: Selinexor+dex, belantamab mafodotin, CART emerging
","Estimated WW Multiple Myeloma Market 2028 is 28bn driven by CD38 (40% of mkt) and BCMA CART/TCEs ; opportunity for optimize CD38 in NTE NDMM without the T cell side effects
Preferred cell type in MM and potental for synergistic combos within Sanofi pipeline, potential for 1-1.5B in combo with aCd38
Potential for utilization as base cell in heme malignancies (TBD)
",,,,Draft,"36,37,38,39,40,41,42",Christophe.Philippo@sanofi.com,Christophe.Philippo@sanofi.com,2024-01-05 07:47:00.000,2024-01-25 07:00:00.000
LC81211,,,,,,,,,Draft,"120,121,122,123,124,125,126",Helene.Defoucauld@sanofi.com,Helene.Defoucauld@sanofi.com,2024-10-07 11:07:00.000,2024-10-07 11:07:00.000
LC81299,,,,,,,,,Draft,"176,177,178,179,180,181,182",Carla.Lawendowski@sanofi.com,Carla.Lawendowski@sanofi.com,2024-10-08 22:47:00.000,2024-10-22 17:52:00.000
LC81370,,,,,,,,,Published,"134,135,136,137,138,139,140",Marie-Carmen.Obinu@sanofi.com,Marie-Carmen.Obinu@sanofi.com,2024-10-07 14:37:00.000,2024-10-07 14:37:00.000
LC81417,,,,,,,,,Draft,"701,702,703,704,705,706,707",Michelle.Callahan@sanofi.com,Michelle.Callahan@sanofi.com,2025-03-11 02:10:00.000,2025-03-11 02:10:00.000
LC81418,,,,,,,,,Draft,"372,373,374,375,376,377,378",Kristin.Radzwill@sanofi.com,Kristin.Radzwill@sanofi.com,2024-10-30 14:49:00.000,2024-10-30 14:49:00.000
SAR441344,,,,,,,,,Draft,"246,247,248,249,250,251,252",Sandrine.Turpault@sanofi.com,Sandrine.Turpault@sanofi.com,2024-10-17 22:19:00.000,2024-10-17 22:21:00.000
SAR443765,,,,,,,,,Draft,"498,499,500,501,502,503,504",Karima.Larabi@sanofi.com,Karima.Larabi@sanofi.com,2024-12-04 12:31:00.000,2025-01-20 15:44:00.000
SAR444671,,,,,,,,,Draft,"414,415,416,417,418,419,420",Angela.Dudda@sanofi.com,Angela.Dudda@sanofi.com,2024-11-01 12:52:00.000,2024-11-01 12:52:00.000
SAR445088,,,,,,,,,Draft,"309,310,311,312,313,314,315",Helena.Andersson@sanofi.com,Helena.Andersson@sanofi.com,2024-10-22 14:35:00.000,2024-10-22 15:18:00.000
SAR445514,,,,,,,,,Draft,"470,471,472,473,474,475,476",Adeline.Garcia@sanofi.com,Adeline.Garcia@sanofi.com,2024-11-19 10:50:00.000,2024-11-19 10:51:00.000
SAR445761,,,,,,,,,Draft,"288,289,290,291,292,293,294",Melissa.McCarthy@sanofi.com,Melissa.McCarthy@sanofi.com,2024-10-21 18:03:00.000,2024-10-21 18:04:00.000
SAR446422,,,,,,,,,Draft,"617,618,619,620,621,622,623",Michele.Cooley@sanofi.com,Michele.Cooley@sanofi.com,2025-01-31 21:47:00.000,2025-01-31 21:47:00.000
SAR446523,,,,,,,,,Draft,"92,93,94,95,96,97,98",Adeline.Garcia@sanofi.com,Adeline.Garcia@sanofi.com,2024-10-03 15:48:00.000,2024-10-03 15:50:00.000
SAR446878,,"<p><span style=""font-size:8.0pt"">Adult mantle cell lymphoma patients with relapsed or refractory MCL</span></p>","<p style=""text-align:left""><span style=""font-size:8.0pt"">After </span><span style=""font-size:8.0pt"">one or more lines of systemic therapy, including chemoimmunotherapy, and who were ineligible for transplant </span></p>","<p style=""text-align:left""><span style=""font-size:8.0pt"">1) CAR-T-like product earlier than approved or in development, i.e., 2L, that may be beneficial to quick relapses, e.g., within 12 months</span></p><p style=""text-align:left""><span style=""font-size:8.0pt"">2) Superior durability and other efficacy markers to 2L BTKi, and TCE based regimens if approved</span></p><p style=""text-align:left""><br /><span style=""font-size:8.0pt""><strong>SoC (lenalidomide + rituximab, R</strong></span><span style=""font-size:8.0pt""><strong>2</strong></span><span style=""font-size:8.0pt""><strong>):&nbsp;</strong></span></p><p style=""text-align:left""> </p><ul><li style=""margin-left: 18px; text-align: left;"" class=""O1""><span><span><span><span><span><span><span style=""font-size:8.0pt""><span><span style=""color:black""><span>Improved PFS by approx. 11.5 months (vs. </span></span></span></span><span style=""font-size:8.0pt""><span><span style=""color:black""><span>zanubrutinib</span></span></span></span><span style=""font-size:8.0pt""><span><span style=""color:black""><span>, i.e., 30% greater vs benchmark BTKi registrational trial package)</span></span></span></span></span></span></span></span></span></span></li><li style=""margin-left: 18px; text-align: left;"" class=""O1""><span><span><span><span><span><span><span style=""font-size:8.0pt""><span><span style=""color:black""><span>Improved OS, but likely not available at launch</span></span></span></span></span></span></span></span></span></span></li><li style=""margin-left: 18px; text-align: left;"" class=""O1""><span><span><span><span><span><span><span style=""font-size:8.0pt""><span><span style=""color:black""><span>ORR/</span></span></span></span><span style=""font-size:8.0pt""><span><span style=""color:black""><span>DoR</span></span></span></span></span></span></span></span></span></span></li></ul><p style=""text-align:left""> </p>","<p><span style=""display:none"">&nbsp;</span><span style=""font-size:8.0pt""><strong>Future SoC / main competitors (TCE + R</strong></span><span style=""font-size:8.0pt""><strong>2</strong></span><span style=""font-size:8.0pt""><strong>, BTKi + Ven, ADCs):</strong></span></p><p> </p><ul><li style=""margin-left: 18px; text-align: left;"" class=""O1""><span style=""font-size:8.0pt""><span><span style=""color:black""><span>CD22 based therapy for patients R/R to CD20 based therapy</span></span></span></span></li><li style=""margin-left: 18px; text-align: left;"" class=""O1""><span><span><span><span><span><span><span style=""font-size:8.0pt""><span><span style=""color:black""><span>Chemo-free regimen</span></span></span></span></span></span></span></span></span></span></li><li style=""margin-left: 18px; text-align: left;"" class=""O1""><span><span><span><span><span><span><span style=""font-size:8.0pt""><span><span style=""color:black""><span>CAR-T like attributes + </span></span></span></span><span style=""font-size:8.0pt""><span><span style=""color:black""><span><em>in vivo </em></span></span></span></span><span style=""font-size:8.0pt""><span><span style=""color:black""><span>advantage</span></span></span></span></span></span></span></span></span></span></li><li style=""margin-left: 18px; text-align: left;"" class=""O1""><span><span><span><span><span><span><span style=""font-size:8.0pt""><span><span style=""color:black""><span>Improved OS, ORR, and particularly </span></span></span></span><span style=""font-size:8.0pt""><span><span style=""color:black""><span>DoR</span></span></span></span></span></span></span></span></span></span><span style=""display:none"">&nbsp;</span></li></ul>","<ul><li style=""margin-left: 18px; text-align: left;"" class=""O1""><span><span><span><span><span><span><span style=""font-size:8.0pt""><span><span style=""color:black""><span>Outpatient delivery and superior AE management strategies vs. autologous CAR-T</span></span></span></span></span></span></span></span></span></span></li><li style=""margin-left: 18px; text-align: left;"" class=""O1""><span><span><span><span><span><span style=""font-size:8.0pt""><span><span style=""color:black""><span>Redosable</span></span></span></span><span style=""font-size:8.0pt""><span><span style=""color:black""><span> strategy to titrate CAR transfection, proliferation, and corresponding 'tunable' efficacy / safety</span></span></span></span></span></span></span></span></span></li><li style=""margin-left: 18px; text-align: left;"" class=""O1""><span><span><span><span><span><span style=""font-size:8.0pt""><span><span style=""color:black""><span>Better efficacy than R</span></span></span></span><span style=""font-size:8.0pt""><span><span style=""color:black""><span><span>2</span></span></span></span></span><span style=""font-size:8.0pt""><span><span style=""color:black""><span> +/- TCE (as chemo-free regimen)</span></span></span></span></span></span></span></span></span></li></ul>","<ul><li style=""margin-left: 18px; text-align: left;"" class=""O1""><span style=""font-size:11px"">Safer and more tolerable compared to&nbsp;T-cell mediated therapies (limited risk of CRS and neurotoxicity, no lymphodepletion-related side effects) for 2L+ pts</span></li><li style=""margin-left: 18px; text-align: left;"" class=""O1""><span style=""font-size:11px"">More convenient compared to CAR-T (faster initiation,&nbsp;limited hospitalization requirements, simpler outpatient care)</span></li><li style=""margin-left: 18px; text-align: left;"" class=""O1""><span style=""font-size:11px"">Chemo-free regimen</span></li><li style=""margin-left: 18px; text-align: left;"" class=""O1""><span style=""font-size:11px"">Meaningful improvement (or at least delay in deterioration) in HR-QoL (fatigue, functioning)</span></li><li style=""margin-left: 18px; text-align: left;"" class=""O1""><span style=""font-size:11px"">CAR-T-like therapy for 2L FL patients (e.g., like brexu-cel) where future TCE mono and combo Tx efficacy falls short</span></li><li style=""margin-left: 18px; text-align: left;"" class=""O1""><span style=""font-size:11px"">Can better address BTKi-refractory pts, 1L refractory / rapid relapse (≤12 mo) pts, and potentially patients with CNS involvement better than other 2L options</span></li><li style=""margin-left: 18px; text-align: left;"" class=""O1""><span style=""font-size:11px"">Fixed duration treatment with durable efficacy</span></li></ul>","<ul><li style=""margin-left: 18px; text-align: left;"" class=""O1""><span><span><span><span><span><span><span style=""font-size:7.0pt""><span><span style=""color:black""><span>Will PFS and ORR/CRR be sufficient to validate benefit without OS?</span></span></span></span></span></span></span></span></span></span></li><li style=""margin-left: 18px; text-align: left;"" class=""O1""><span><span><span><span><span><span><span style=""font-size:7.0pt""><span><span style=""color:black""><span>Overall budget impact to be further assessed (vs autologous CAR-T) for 3L+ pts who receive CAR-T</span></span></span></span></span></span></span></span></span></span></li><li style=""margin-left: 54px; text-align: left;"" class=""O2""><span><span><span><span><span><span><span style=""font-size:7.0pt""><span><span style=""color:black""><span>outpatient setting and limited AE management challenges</span></span></span></span></span></span></span></span></span></span></li><li style=""margin-left: 54px; text-align: left;"" class=""O2""><span><span><span><span><span><span><span style=""font-size:7.0pt""><span><span style=""color:black""><span>easier access increases size of eligible population, as does indication (CAR-T ineligible)</span></span></span></span></span></span></span></span></span></span></li><li style=""margin-left: 18px; text-align: left;"" class=""O1""><span><span><span><span><span><span style=""font-size:7.0pt""><span><span style=""color:black""><span>Superior outcomes when delivered in earlier lines</span></span></span></span></span></span></span></span></span></li></ul>",Draft,"764,765,766,767,768,769,770",Soraya.Hoelper@sanofi.com,Soraya.Hoelper@sanofi.com,2025-09-11 16:03:00.000,2025-09-11 16:03:00.000
SAR446959,,,,,,,,,Draft,"323,324,325,326,327,328,329",Michele.Cooley@sanofi.com,Michele.Cooley@sanofi.com,2024-10-24 17:06:00.000,2024-10-24 17:39:00.000
SAR447432,,,,,,,,,Draft,"561,562,563,564,565,566,567",Felipe.Pedrosa@sanofi.com,Felipe.Pedrosa@sanofi.com,2025-01-10 22:14:00.000,2025-01-10 22:14:00.000
SAR650984,,,,,,,,,Draft,"148,149,150,151,152,153,154",Stephanie.Rayet@sanofi.com,Stephanie.Rayet@sanofi.com,2024-10-07 20:58:00.000,2024-10-08 22:17:00.000
SP0087,,,,,,,,,Draft,"596,597,598,599,600,601,602",Audrey.Toinon@sanofi.com,Audrey.Toinon@sanofi.com,2025-01-22 11:00:00.000,2025-01-22 11:46:00.000
SP0125,,,,,,,,,Draft,"71,72,73,74,75,76,77",Peggy.Gomes@sanofi.com,Peggy.Gomes@sanofi.com,2024-10-01 18:22:00.000,2024-10-01 18:23:00.000
SP0178,,,,,,,,,Draft,"106,107,108,109,110,111,112",Michael.Seprish@sanofi.com,Michael.Seprish@sanofi.com,2024-10-03 19:36:00.000,2024-10-03 19:36:00.000
SP0230,,,,,,,,,Published,"533,534,535,536,537,538,539",Lydie.Michaudet@sanofi.com,Lydie.Michaudet@sanofi.com,2024-12-19 10:40:00.000,2024-12-19 10:40:00.000
SP0256,,,,,,,,,Published,"631,632,633,634,635,636,637",Lori.Lukashefski@sanofi.com,Lori.Lukashefski@sanofi.com,2025-02-03 15:39:00.000,2025-02-03 15:40:00.000
SP0268,,,,,,,,,Draft,"645,646,647,648,649,650,651",Annie.Sauveur@sanofi.com,Annie.Sauveur@sanofi.com,2025-02-07 14:22:00.000,2025-02-07 14:22:00.000
SP0269,,,,,,,,,Draft,"218,219,220,221,222,223,224",Michael.Seprish@sanofi.com,Michael.Seprish@sanofi.com,2024-10-17 00:56:00.000,2024-10-17 00:56:00.000
