PROJECT_CODE,PROJECT_CATEGORY,PROJECT_ORGANIZATION,PROJECT_NAME,PROJECT_DESCRIPTION,PROJECT_STATUS,PROJECT_PHASE,PROJECT_PRIORITY,PROJECT_INNOVATION_STATUS,PROJECT_RESEARCH_DEVELOPMENT_LINK,PROJECT_SANOFI_THERAPEUTIC_AREA,ASSET_INN,ASSET_BRAND_NAME,ASSET_MECHANISM_OF_ACTION,ASSET_MOA_SHORT_NAME,ASSET_ACTIVE_SUBSTANCE_TYPE,ASSET_ACTIVE_SUBSTANCE_SUBTYPE,ASSET_ORIGIN_OF_ACTIVE_SUBSTANCE,ASSET_PHARMACOLOGICAL_EFFECT,INDICATION_UNIQUE_CODE,INDICATION_LEAD_FLAG,INDICATION_LONGNAME,INDICATION_SHORTNAME,INDICATION_PHASE,INDICATION_CODE_MEDDRA,INDICATION_NAME_MEDDRA,INDICATION_STATUS,INDICATION_SANOFI_THERAPEUTIC_AREA,INDICATION_SANOFI_SUB_THERAPEUTIC_AREA_FRANCHISE,INDICATION_PTRS
LC81286,Research,PHARMA,OSM x IL23 Hybrid (LC81286),LC81286 - OSM x IL23 Hybrid,Ongoing,M1-M2,High Priority,FiC,SAR449310,SAR449310,,,OSM x IL23 Hybrid,OSMxIL23,Biologics,HYB,Internal,Binding,LC81286_IND005,,Ulcerative Colitis,UC,,10009900,Colitis ulcerative,Ongoing,,,
SP0202,Development,VACCINE,PCV21,Streptococcus pneumoniae conjugate vaccine,Ongoing,Phase 3,High,Little / Uncertain differentiation,,,,,Active immunization,,Biologics,GCV,Licensed,,SP0202_IND007,FALSE,STOPPED Japan Adults - Skypac,PCV - Adult - JP,,10092606,Invasive pneumococcal disease,Stopped,Vaccines,PMED_Pneumo Meningitis,
LC81670,Research,PHARMA,OX40 x PD1 Hybrid (LC81670),LC81670 - OX40 x PD1 Hybrid,Ongoing,M0-M1,Regular Priority,FiC,,,,,OX40 x PD1 Hybrid,OX40xPD1,Biologics,HYB,Internal,Modulation,LC81670_IND002,,Ulcerative Colitis,UC,,10052568,Urticaria chronic,Ongoing,,,
SP0230,Development,VACCINE,MenPenta,Neisseria meninigitidis (ACWY+B) combination vaccine,Ongoing,Phase 2,Very High,BiC,,,,,Active immunization,,Biologics,VAC,Internal,,SP0230_IND002,FALSE,MenB-First Licensure-Ado-Toddler-infants,Meningitis B,Phase 2A,10004049,Bacterial meningitis,Stopped,Vaccines,PMED_Pneumo Meningitis,0.39
AVE0010-1,Development,PHARMA,Soliqua,AVE0010-1 - Combo GLP1R peptide - Insulin Glargine,Completed,LCM,Standard,Little / Uncertain differentiation,,,Insulin Glargine/Lixisenatide,Soliqua,Combo GLP1R peptide - Insulin Glargine,GLP1R x Insulin glargine,Synthetic,PEP,Licensed,Agonism,AVE0010-1_IND004,TRUE,Lixilan - T2DM - OAD+Basal - SC - China,T2DM OAD&Basal - CN - SC,LCM,10067585,Type 2 diabetes mellitus,Completed,DCVM,T1 & T2 Diabetes,1
SP0047,Development,VACCINE,MenQuadfi,Neisseria meninigitidis (ACWY) conjugate tetanus toxoid vaccine,Ongoing,Post-Launch,High,Little / Uncertain differentiation,,,,MenQuadfi,Active immunization,,Biologics,GCV,Internal,,SP0047_IND001,FALSE,Wave 1 - PFS - MenQuadfi,1Y+ 2Y+ - PFS,Post-Launch,10004049,Bacterial meningitis,Stopped,Vaccines,PMED_Pneumo Meningitis,
SAR440340,Development,PHARMA,itepekimab,SAR440340 - IL33 mAb,Ongoing,Phase 3,Medium,FiC,,,itepekimab,,IL33 mAb,IL33,Biologics,ANT,Licensed,Antagonism,SAR440340_IND002,FALSE,Asthma,Asthma,Phase 2A,10003553,Asthma,Stopped,Immuno-inflammation,,
SAR341402,Development,PHARMA,Truvelog/Insulin aspart,SAR341402 - Rapid acting insulin (SARA),Completed,LCM,Standard,FiC,,,insulin aspart,Truvelog/Insulin aspart,Rapid acting insulin (SARA),Insulin aspart,Biologics,INS,Internal,Mimetism,SAR341402_IND004,FALSE,T1 & T2 Diabetes Mellitus - Solution - Interchangeability,,,10012594,Diabetes,Stopped,DCVM,,
SAR153191,Development,PHARMA,Kevzara,SAR153191 - IL6R mAb,Ongoing,LCM,Standard,Little / Uncertain differentiation,,,sarilumab,Kevzara,IL6R mAb,IL6R,Biologics,ANT,Licensed,Inhibition,SAR153191_IND001,FALSE,Polyarticular Juvenile Idiopathic Arthritis - Ped,pcJIA - Ped,LCM,10059176,Juvenile idiopathic arthritis,Completed,Immuno-inflammation,Rheumatology,1
LC81390,Research,PHARMA,PIM1 sm - AI-driven (LC81390),LC81390 - PIM1 sm - AI-driven,Ongoing,M0-M1,High Priority,FiC,,,,,PIM1 sm - AI-driven,PIM1 AI-driven,Synthetic,SM,Internal,Inhibition,LC81390_IND005,,Rheumatoid Arthritis,RA,,10039073,Rheumatoid arthritis,Ongoing,,,
LC81159,Research,PHARMA,IL13 x IL4 x OX40L mAb (LC81159),LC81159 - IL13 x IL4 x OX40L mAb,Completed,M1-M2,Regular Priority,FiC,SAR447287,SAR447287,,,IL13 x IL4 x OX40L mAb,IL13xIL4xOX40L,Biologics,ANT,Internal,Blocking,LC81159_IND003,,Systemic Sclerosis,SSc,,10042953,Systemic sclerosis,Completed,,,
SAR341402,Development,PHARMA,Truvelog/Insulin aspart,SAR341402 - Rapid acting insulin (SARA),Completed,LCM,Standard,FiC,,,insulin aspart,Truvelog/Insulin aspart,Rapid acting insulin (SARA),Insulin aspart,Biologics,INS,Internal,Mimetism,SAR341402_IND008,FALSE,T1 & T2 Diabetes mellitus - Premix 70/30,T1&T2 DM - Premix 70-30,LCM,10012594,Diabetes,Completed,DCVM,,1
LC81286,Research,PHARMA,OSM x IL23 Hybrid (LC81286),LC81286 - OSM x IL23 Hybrid,Ongoing,M1-M2,High Priority,FiC,SAR449310,SAR449310,,,OSM x IL23 Hybrid,OSMxIL23,Biologics,HYB,Internal,Binding,LC81286_IND001,TRUE,Inflammatory Bowel Disease,IBD,,10021972,Inflammatory bowel disease,Ongoing,Immuno-inflammation,Gastroenterology,
LC81419,Research,PHARMA,STAT4 sm (LC81419),LC81419 - STAT4 sm,Ongoing,M0-M1,Regular Priority,FiC,,,,,STAT4 sm,STAT4,Synthetic,SM,Internal,Inhibition,LC81419_IND004,,Systemic Sclerosis,SSc,,10042953,Systemic sclerosis,Ongoing,,,
SP0340,Development,VACCINE,RSV+hMPV Subunit,Respiratory syncytial virus + human metapneumovirus Subunit vaccine,Ongoing,Phase 1,Not Defined,BiC,,,,,Active immunization,,Biologics,SUBUV,Acquired,,SP0340_IND001,TRUE,RSV+hMPV disease,RSV+hMPV disease,Phase 1,10061603,Respiratory syncytial virus infection,Ongoing,Vaccines,RSV,0.46
SAR236553,Development,PHARMA,Praluent,SAR236553 - Anti-PCSK-9 mAb,Completed,LCM,Standard,LCM project,,,alirocumab,Praluent,Anti-PCSK-9 mAb,PCSK9,Biologics,ANT,Licensed,Binding,SAR236553_IND003,FALSE,LDL-C reduction - APAC (KR+TW),,LCM,10020603,Hypercholesterolaemia,Completed,DCVM,,1
LC81417,Research,PHARMA,CD19 in vivo CAR-T (CD8 targeted) (LC81417),LC81417 - CD19 in vivo CAR-T (CD8 targeted),Completed,M1-M2,High Priority,FiC,SAR447998,SAR447998,,,CD19 in vivo CAR-T (CD8 targeted),CD19 CAR-T (CD8 targeted),Biologics,NV GT,Internal,Cytotoxicity,LC81417_IND003,,Myositis,Myositis,,10012503,Dermatomyositis,Completed,,,
SAR448755,Development,PHARMA,STAT6 - SH2,SAR448755 - STAT6 sm - SH2,Ongoing,Phase 1,GATE,FiC,LC81391,LC81391,,,STAT6 sm - SH2,STAT6 - SH2,Synthetic,SM,Internal,Inhibition,SAR448755_IND002,FALSE,Asthma,Asthma,Initiation,10003553,Asthma,Ongoing,Immuno-inflammation,Respiratory,0.03
LC81342,Research,PHARMA,Factor Bb x aC1s Ab - AAV (LC81342),LC81342 - Factor Bb x aC1s Ab - AAV,Completed,M1-M2,Fast Track,BiC,SAR446597,SAR446597,,,Factor Bb x aC1s Ab - AAV,Factor Bb x aC1s AAV,Biologics,AAV GT,Internal,Inhibition,LC81342_IND001,TRUE,Age-related macular degeneration - Dry,AMD - Dry,,10075567,Dry age-related macular degeneration,Completed,Ophthalmology,,
SAR444671,Development,PHARMA,Wayrilz,SAR444671 - BTK sm,Ongoing,LCM,Medium,FiC,,,rilzabrutinib,Wayrilz,BTK sm,BTK,Synthetic,SM,Acquired,Inhibition,SAR444671_IND007,FALSE,Asthma - Moderate to Severe - Adult & Ped - 12-17 years,Asthma - Moderate to severe,Phase 2,10003553,Asthma,Ongoing,Immuno-inflammation,Respiratory,0.38
LC81647,Research,PHARMA,TREM1 x CD30L Nanobody VHH (LC81647),LC81647 - TREM1 x CD30L Nanobody VHH,Ongoing,M0-M1,Regular Priority,FiC,,,,,TREM1 x CD30L Nanobody VHH,TREM1xCD30L VHH,Biologics,NBDY,Internal,Antagonism,LC81647_IND002,,Chronic Obstructive Pulmonary Disease,COPD,,10009033,Chronic obstructive pulmonary disease,Ongoing,,,
SAR446681,Development,PHARMA,Tzield,SAR446681 - CD3 mAb,Ongoing,LCM,Medium,FiC,,,teplizumab,Tzield,CD3 mAb,CD3,Biologics,ANT,Acquired,Immune modulation,SAR446681_IND002,FALSE,"Type 1 diabetes, Stage 3 - Newly diagnosed",T1D Stage 3 Newly Diagn,Regulatory submission,10091460,Type 1 diabetes mellitus stage 3,Ongoing,DCVM,T1 Diabetes,0.79
HOE901,Development,PHARMA,Lantus/Toujeo,HOE901 - Insulin glargine,Completed,LCM,Standard,LCM project,,,,Lantus/Toujeo,Insulin glargine,Insulin glargine,Biologics,INS,Internal,Mimetism,HOE901_IND007,FALSE,Toujeo - T1DM/T2DM - Flexibility - Labeling Update,,,10012594,Diabetes,Stopped,DCVM,,1
SAR650984,Development,PHARMA,Sarclisa,SAR650984 - CD38 mAb,Ongoing,LCM,Medium,BiC,,,isatuximab,Sarclisa,CD38 mAb,CD38,Biologics,ANT,Licensed,Binding,SAR650984_IND022,FALSE,3L RRMM - Mono and Combo Pomalidomide - Japan,3L RRMM mono & w/Pd Japan,,10028228,Multiple myeloma,Stopped,Oncology,,
LC81680,Research,PHARMA,TSLP x TACI Hybrid (LC81680),LC81680 - TSLP x TACI Hybrid,Ongoing,M0-M1,Regular Priority,FiC,,,,,TSLP x TACI Hybrid,TSLPxTACI,Biologics,HYB,Internal,Modulation,LC81680_IND001,TRUE,Asthma,Asthma,,10003553,Asthma,Ongoing,Immuno-inflammation,Respiratory,
SAR650984,Development,PHARMA,Sarclisa,SAR650984 - CD38 mAb,Ongoing,LCM,Medium,BiC,,,isatuximab,Sarclisa,CD38 mAb,CD38,Biologics,ANT,Licensed,Binding,SAR650984_IND021,FALSE,NDMM - High Risk Post-ASCT Maintenance - Combo Lenalidomide,MM HR post-ASCT w/R,,10028228,Multiple myeloma,Stopped,Oncology,,
SP0178,Development,VACCINE,Fluzone HD / Efluelda,Influenza inactivated vaccine High Dose,Ongoing,Post-Launch,Medium,FiC,,,,Fluzone / Efluelda,Active immunization,,Biologics,IAV,Internal,,SP0178_IND006,FALSE,EU - Flu QIV HD,EU,,10022000,Influenza,Completed,Vaccines,FLU,
SAR448188,Development,PHARMA,Myqorzo,SAR448188 - Cardiac myosin sm,Ongoing,LCM,Standard,BiC,,,aficamten,Myqorzo,Cardiac myosin sm,Cardiac myosin,Synthetic,SM,Licensed,Inhibition,SAR448188_IND001,FALSE,Obstructive hypertrophic cardiomyopathy,oHCM,LCM,10020871,Hypertrophic cardiomyopathy,Completed,DCVM,Cardiovasc & Metabolism Disorders ,1
GZ419828,Development,PHARMA,Fabrazyme,GZ419828 - Algasidase beta recombinant protein,Completed,LCM,Standard,LCM project,,,,Fabrazyme,Algasidase beta recombinant protein,Algasidase beta,Biologics,REC,Acquired,Enzyme replacement therapy,GZ419828_IND004,FALSE,Fabry Disease - Japan,,LCM,10016016,Fabry's disease,Completed,Rare Diseases,,1
SAR236553,Development,PHARMA,Praluent,SAR236553 - Anti-PCSK-9 mAb,Completed,LCM,Standard,LCM project,,,alirocumab,Praluent,Anti-PCSK-9 mAb,PCSK9,Biologics,ANT,Licensed,Binding,SAR236553_IND009,FALSE,China 300 mg Q4W & Sydney,LDL-C reduc - 300mg Q4W - CN&AU,Phase 1,10020603,Hypercholesterolaemia,Stopped,DCVM,,
SAR445229,Development,PHARMA,amlitelimab,SAR445229 - OX40L mAb,Ongoing,Phase 3,High,BiC,,,amlitelimab,,OX40L mAb,OX40L,Biologics,ANT,Acquired,Blocking,SAR445229_IND003,FALSE,Systemic Sclerosis,SSc,Phase 2,10042953,Systemic sclerosis,Stopped,Immuno-inflammation,Other,0.22
LC81222,Research,PHARMA,CTPS1 sm (LC81222),LC81222 - CTPS1 sm,Ongoing,M1-M2,Regular Priority,BiC,SAR448447,SAR448447,,,CTPS1 sm,CTPS1,Synthetic,SM,Internal,Inhibition,LC81222_IND002,,Psoriasis Arthritis,PsA,,10037162,Psoriatic arthropathy,Ongoing,,,
LC81286,Research,PHARMA,OSM x IL23 Hybrid (LC81286),LC81286 - OSM x IL23 Hybrid,Ongoing,M1-M2,High Priority,FiC,SAR449310,SAR449310,,,OSM x IL23 Hybrid,OSMxIL23,Biologics,HYB,Internal,Binding,LC81286_IND002,,Psoriasis Arthritis,PsA,,10037162,Psoriatic arthropathy,Ongoing,,,
LC81390,Research,PHARMA,PIM1 sm - AI-driven (LC81390),LC81390 - PIM1 sm - AI-driven,Ongoing,M0-M1,High Priority,FiC,,,,,PIM1 sm - AI-driven,PIM1 AI-driven,Synthetic,SM,Internal,Inhibition,LC81390_IND002,,Chronic Obstructive Pulmonary Disease,COPD,,10009033,Chronic obstructive pulmonary disease,Ongoing,,,
SAR448632,Development,PHARMA,TL1Ax a4b7,SAR448632 - TL1A x a4b7 mAb,Ongoing,Preclinical,GATE,FiC,LC81660,LC81660,,,TL1A x a4b7 mAb,TL1Ax a4b7,Biologics,ANT,Internal,Inhibition,SAR448632_IND001,TRUE,Ulcerative Colitis,UC,Preclinical,10009900,Colitis ulcerative,Ongoing,Immuno-inflammation,Gastroenterology,0.08
LC81211,Research,PHARMA,TFRC x Tau MTBR mAb (FAE) (LC81211),LC81211 - TFRC x Tau MTBR mAb (FAE),Ongoing,M1-M2,Regular Priority,FiC,SAR447610,SAR447610,,,TFRC x Tau MTBR mAb (FAE),TFRCxTau MTBR (FAE),Biologics,ANT,Internal,Clearing,LC81211_IND001,FALSE,Alzheimer's Disease - TrioCODV,Alzheimer - TrioCODV,,10001896,Alzheimer's disease,Completed,Neurology,Neurodegenerative diseases,
SAR341402,Development,PHARMA,Truvelog/Insulin aspart,SAR341402 - Rapid acting insulin (SARA),Completed,LCM,Standard,FiC,,,insulin aspart,Truvelog/Insulin aspart,Rapid acting insulin (SARA),Insulin aspart,Biologics,INS,Internal,Mimetism,SAR341402_IND006,FALSE,T1 & T2 Diabetes mellitus - Premix 30/70,,,10012594,Diabetes,Stopped,DCVM,,
SAR650984,Development,PHARMA,Sarclisa,SAR650984 - CD38 mAb,Ongoing,LCM,Medium,BiC,,,isatuximab,Sarclisa,CD38 mAb,CD38,Biologics,ANT,Licensed,Binding,SAR650984_IND025,FALSE,2L Leukemia,2L Leukemia,,10024325,Leukaemic lymphoma,Stopped,Oncology,,
LC81668,Research,PHARMA,CD40L x PD1 Hybrid (LC81668),LC81668 - CD40L x PD1 Hybrid,Ongoing,M0-M1,Regular Priority,FiC,,,,,CD40L x PD1 Hybrid,CD40LxPD1,Biologics,HYB,Internal,Modulation,LC81668_IND002,,Multiple Sclerosis,MS,,10028245,Multiple sclerosis,Ongoing,,,
SAR236553,Development,PHARMA,Praluent,SAR236553 - Anti-PCSK-9 mAb,Completed,LCM,Standard,LCM project,,,alirocumab,Praluent,Anti-PCSK-9 mAb,PCSK9,Biologics,ANT,Licensed,Binding,SAR236553_IND013,FALSE,Post ACS - Japan - SC Route,,,10051592,Acute coronary syndrome,Stopped,DCVM,,
SAR650984,Development,PHARMA,Sarclisa,SAR650984 - CD38 mAb,Ongoing,LCM,Medium,BiC,,,isatuximab,Sarclisa,CD38 mAb,CD38,Biologics,ANT,Licensed,Binding,SAR650984_IND004,FALSE,1L NDMM - Ti - Combo Bortezomib-Lenalidomide,1L NDMM Ti w/VRd,LCM,10028228,Multiple myeloma,Completed,Oncology,Multiple Myeloma,1
AVE0010-1,Development,PHARMA,Soliqua,AVE0010-1 - Combo GLP1R peptide - Insulin Glargine,Completed,LCM,Standard,Little / Uncertain differentiation,,,Insulin Glargine/Lixisenatide,Soliqua,Combo GLP1R peptide - Insulin Glargine,GLP1R x Insulin glargine,Synthetic,PEP,Licensed,Agonism,AVE0010-1_IND007,FALSE,Lixilan - T2DM - Lixilan H Labeling Update - SC Route,,,10067585,Type 2 diabetes mellitus,Stopped,DCVM,,
SP0256,Development,VACCINE,RSV+hMPV mRNA,Respiratory syncytial virus + human metapneumovirus  mRNA combination vaccine,Ongoing,Phase 2,Very High,BiC,,,,,Active Immunization,,Biologics,MRNAV,Internal,,SP0256_IND001,TRUE,RSV+hMPV disease - older adults,RSV+hMPV disease - oa,Phase 2A,10061603,Respiratory syncytial virus infection,Ongoing,Vaccines,RSV,0.73
LC81685,Research,PHARMA,TSLP x OX40L Nanobody VHH (LC81685),LC81685 - TSLP x OX40L Nanobody VHH,Ongoing,M1-M2,Regular Priority,FiC,SAR449468,SAR449468,,,TSLP x OX40L Nanobody VHH,TSLPxOX40L,Biologics,NBDY,Internal,Antagonism,LC81685_IND001,TRUE,Asthma,Asthma,,10003553,Asthma,Ongoing,Immuno-inflammation,Respiratory,
LC81699,Research,PHARMA,VEGF x Ang2 x IL6 fusion protein (LC81699),LC81699 - VEGF x Ang2 x IL6 fusion protein,Ongoing,M0-M1,Regular Priority,BiC,,,,,VEGF x Ang2 x IL6 fusion protein,VEGFxAng2xIL6 Fusion,Biologics,FUP,Internal,Inhibition,LC81699_IND001,TRUE,Diabetic macular oedema,DME,,10012688,Diabetic retinal oedema,Ongoing,Ophthalmology,Neurodegenerative diseases,
SAR231893,Development,PHARMA,Dupixent,SAR231893 - IL4R mAb,Ongoing,LCM,High,FiC,,,dupilumab,Dupixent,IL4R mAb,IL4R,Biologics,ANT,Licensed,Inhibition,SAR231893_IND028,TRUE,Lichen Simplex Chronicus,LSC,Phase 3,10057292,Lichen simplex chronicus,Ongoing,Immuno-inflammation,Dermatology,0.59
SP0232,Development,VACCINE,RSV mAb,Respiratory syncytial virus mAb,Completed,Post-Launch,,FiC,,,nirsevimab,Beyfortus,Active immunization,,Biologics,ANT,Licensed,,SP0232_IND001,FALSE,Nirsevimab Common activities  (RSV mAb),,,10021430,Immunisation,Completed,Vaccines,RSV,
SAR445399,Development,PHARMA,IL1R3,SAR445399 - IL1R3 mAb,Ongoing,Phase 2,GATE,FiC,XC01151,XC01151,,,IL1R3 mAb,IL1R3,Biologics,ANT,Internal,Antagonism,SAR445399_IND001,FALSE,Bronchiectasis,Bronchiectasis,Initiation,10006445,Bronchiectasis,Ongoing,Immuno-inflammation,Respiratory,0.14
LC81696,Research,PHARMA,STAT6 sm - SH2 - Next Generation (LC81696),LC81696 - STAT6 sm - SH2 - Next Generation,Ongoing,M0-M1,Regular Priority,FiC,,,,,STAT6 sm - SH2 - Next Generation,STAT6 - SH2 - Next Gen,Synthetic,SM,Licensed,Inhibition,LC81696_IND003,,Chronic Obstructive Pulmonary Disease,COPD,,10009033,Chronic obstructive pulmonary disease,Ongoing,,,
HMR1726,Development,PHARMA,Aubagio,HMR1726 - DHO-DH sm,Completed,LCM,Standard,LCM project,,,teriflunomide,Aubagio,DHO-DH sm,DHO-DH,Synthetic,SM,Internal,Inhibition,HMR1726_IND004,FALSE,Behcet disease - PO -No Go,,,10028245,Multiple sclerosis,Stopped,Neurology,,
BIVV009,Development,PHARMA,Enjaymo,BIVV009 - Complement C1s mAb,Completed,LCM,Standard,FiC,,,sutimlimab,Enjaymo,Complement C1s mAb,C1s,Biologics,ANT,Acquired,Inhibition,BIVV009_IND002,FALSE,Immune Thrombocytopenic Purpura,ITP,,10074667,Immune thrombocytopenic purpura,Stopped,Rare Diseases,,
SAR442970,Development,PHARMA,brivekimig,SAR442970 - TNFa x OX40L Nanobody VHH,Ongoing,Phase 2B,GATE,FiC,XC01135,XC01135,brivekimig,,TNFa x OX40L Nanobody VHH,TNFa xOX40L,Biologics,NBDY,Internal,Blocking,SAR442970_IND006,FALSE,"Type 1 diabetes, Stage 3 - Newly diagnosed",T1D Stage 3 Newly Diagn,Phase 2,10091460,Type 1 diabetes mellitus stage 3,Ongoing,DCVM,T1 Diabetes,
LC81414,Research,PHARMA,IL10R Nanobody VHH (LC81414),LC81414 - IL10R Nanobody VHH,Ongoing,M0-M1,Regular Priority,FiC,,,,,IL10R Nanobody VHH,IL10R VHH,Biologics,NBDY,Licensed,Agonism,LC81414_IND004,,Osteoarthritis,OA,,10031161,Osteoarthritis,Ongoing,,,
LC81286,Research,PHARMA,OSM x IL23 Hybrid (LC81286),LC81286 - OSM x IL23 Hybrid,Ongoing,M1-M2,High Priority,FiC,SAR449310,SAR449310,,,OSM x IL23 Hybrid,OSMxIL23,Biologics,HYB,Internal,Binding,LC81286_IND003,,Hidradenitis Suppurativa,HS,,10020041,Hidradenitis suppurativa,Ongoing,,,
LC81683,Research,PHARMA,IL6 x OX40L Nanobody VHH (LC81683),LC81683 - IL6 x OX40L Nanobody VHH,Ongoing,M0-M1,Regular Priority,FiC,,,,,IL6 x OX40L Nanobody VHH,IL6xOX40L,Biologics,NBDY,Internal,Antagonism,LC81683_IND001,TRUE,Rheumatoid Arthritis,RA,,10039073,Rheumatoid arthritis,Ongoing,Immuno-inflammation,Rheumatology,
LC81683,Research,PHARMA,IL6 x OX40L Nanobody VHH (LC81683),LC81683 - IL6 x OX40L Nanobody VHH,Ongoing,M0-M1,Regular Priority,FiC,,,,,IL6 x OX40L Nanobody VHH,IL6xOX40L,Biologics,NBDY,Internal,Antagonism,LC81683_IND002,,Asthma,Asthma,,10003553,Asthma,Ongoing,,,
LC81644,Research,PHARMA,OX40L x NKG2D Nanobody VHH (LC81644),LC81644 - OX40L x NKG2D Nanobody VHH,Ongoing,M1-M2,Regular Priority,FiC,,,,,OX40L x NKG2D Nanobody VHH,OX40LxNKG2D,Biologics,NBDY,Internal,Blocking,LC81644_IND003,,Celiac Disease,Celiac Disease,,10007864,Celiac disease,Ongoing,,,
SAR439774,Development,PHARMA,Qfitlia,SAR439774 - Antithrombin III siRNA,Ongoing,LCM,Standard,FiC,,,fitusiran,Qfitlia,Antithrombin III siRNA,ATIII siRNA,Synthetic,OLIG,Licensed,Lowering,SAR439774_IND001,TRUE,Hemophilia A/B - Adult & Ped  - 12 years+,Hem A/B - Adult & Ped ≥12y,LCM,10066439,Hemophilia,Ongoing,Rare Diseases,Hemophilia,1
AVE0010,Development,PHARMA,Lyxumia/Adlyxin,AVE0010 - GLP1R peptide,Completed,LCM,Standard,LCM project,,,lixisenatide,Lyxumia/Adlyxin,GLP1R peptide,GLP1R,Synthetic,PEP,Licensed,Agonism,AVE0010_IND006,FALSE,Lyxumia - T2DM - Immediate Release - Elderly -  EU Type 2 Variation,,LCM,10067585,Type 2 diabetes mellitus,Completed,DCVM,,1
LC81692,Research,PHARMA,RIPK2 sm (LC81692),LC81692 - RIPK2 sm,Ongoing,M0-M1,Regular Priority,FiC,,,,,RIPK2 sm,RIPK2,Synthetic,SM,Internal,Inhibition,LC81692_IND001,TRUE,Parkinson's Disease,Parkinson,,10061536,Parkinson's disease,Ongoing,Neurology,Neurodegenerative diseases,
HOE901,Development,PHARMA,Lantus/Toujeo,HOE901 - Insulin glargine,Completed,LCM,Standard,LCM project,,,,Lantus/Toujeo,Insulin glargine,Insulin glargine,Biologics,INS,Internal,Mimetism,HOE901_IND006,FALSE,Toujeo - T1DM - U300 - Pregnancy - Labeling Update,,,10012594,Diabetes,Stopped,DCVM,,
LC81399,Research,PHARMA,IL25R sm (LC81399),LC81399 - IL25R sm,Ongoing,M0-M1,Regular Priority,FiC,,,,,IL25R sm,IL25R,Synthetic,SM,Internal,Antagonism,LC81399_IND001,TRUE,Asthma,Asthma,,10003553,Asthma,Ongoing,Immuno-inflammation,Respiratory,
XRP6976,Development,PHARMA,Taxotere,XRP6976 - Tubulin  inh.,Completed,LCM,Standard,LCM project,,,docetaxel,Taxotere,Tubulin  inh.,Tubulin,Synthetic,SM,Licensed,Inhibition,XRP6976_IND003,FALSE,Adjuvant Breast Cancer,,LCM,10006187,Breast cancer,Completed,Oncology,,
LC81700,Research,PHARMA,VEGF x Ang2 x IL6 AAV (LC81700),LC81700 - VEGF x Ang2 x IL6 AAV,Ongoing,M0-M1,Regular Priority,FiC,,,,,VEGF x Ang2 x IL6 AAV,VEGFxAng2xIL6 AAV,Biologics,AAV GT,Internal,Lowering,LC81700_IND002,,Diabetic macular oedema,DME,,10012688,Diabetic retinal oedema,Ongoing,,,
SP0242,Development,VACCINE,Tetanus Convergence,Tetanus vaccines - Process optimization,Ongoing,Post-Launch,Medium,LCM project,,,,,Active Immunization,,Biologics,VAC,Internal,,SP0242_IND001,FALSE,Common activities - Tetanus Convergence,,,10043376,Tetanus,Completed,Vaccines,PPH,
SAR445229,Development,PHARMA,amlitelimab,SAR445229 - OX40L mAb,Ongoing,Phase 3,High,BiC,,,amlitelimab,,OX40L mAb,OX40L,Biologics,ANT,Acquired,Blocking,SAR445229_IND001,TRUE,Atopic Dermatitis - Adult & Ped – 6 months-17 years,AD,Phase 3,10012438,Dermatitis atopic,Ongoing,Immuno-inflammation,Dermatology,0.7
SAR231893,Development,PHARMA,Dupixent,SAR231893 - IL4R mAb,Ongoing,LCM,High,FiC,,,dupilumab,Dupixent,IL4R mAb,IL4R,Biologics,ANT,Licensed,Inhibition,SAR231893_IND005,FALSE,Atopic Dermatitis - China,AD – CN,LCM,10012438,Dermatitis atopic,Completed,Immuno-inflammation,,1
LC81408,Research,PHARMA,GPR183 sm (LC81408),LC81408 - GPR183 sm,Ongoing,M1-M2,Regular Priority,BiC,,,,,GPR183 sm,GPR183,Synthetic,SM,Licensed,Inhibition,LC81408_IND002,,Chronic Obstructive Pulmonary Disease,COPD,,10009033,Chronic obstructive pulmonary disease,Ongoing,,,
LC81384,Research,PHARMA,TFRC x GLP1R fusion protein (LC81384),LC81384 - TFRC x GLP1R fusion protein,Ongoing,M1-M2,High Priority,FiC,,,,,TFRC x GLP1R fusion protein,TFRCxGLP1R,Biologics,FUP,Internal,Agonism,LC81384_IND002,,Alzheimer's Disease,Alzheimer,,10001896,Alzheimer's disease,Ongoing,,,
LC81693,Research,PHARMA,CD19 x Dectin1 Hybrid (MCE) (LC81693),LC81693 - CD19 x Dectin1 Hybrid (MCE),Ongoing,M0-M1,Regular Priority,BiC,,,,,CD19 x Dectin1 Hybrid (MCE),CD19xDectin1 MCE,Biologics,HYB,Licensed,Cytotoxicity,LC81693_IND005,,Systemic sclerosis,SSc,,10042953,Systemic sclerosis,Ongoing,,,
SAR446422,Development,PHARMA,CD28xOX40,SAR446422 - CD28 x OX40 Hybrid,Ongoing,Phase 1,GATE,FiC,LC81220,LC81220,,,CD28 x OX40 Hybrid,CD28xOX40,Biologics,HYB,Internal,Antagonism,SAR446422_IND001,TRUE,Connective Tissue Disease - Interstitial Lung Disease,ILD,Phase 1,10022611,Interstitial lung disease,Ongoing,Immuno-inflammation,Respiratory,0.07
SAR445761,Development,PHARMA,Rezurock ,SAR445761 - ROCK2 sm,Ongoing,LCM,Standard,FiC,,,belumosudil,Rezurock ,ROCK2 sm,ROCK2,Synthetic,SM,Acquired,Inhibition,SAR445761_IND001,FALSE,3L Chronic Graft versus Host Disease,3L cGVHD,LCM,10018651,Graft versus host disease,Ongoing,Transplant,Transplant (Hemato),0.45
SAR445877,Development,PHARMA,PD1xIL15,SAR445877 - PD1 x IL15 fusion protein,Ongoing,Phase 2,GATE,FiC,,,,,PD1 x IL15 fusion protein,PD1xIL15,Biologics,FUP,Internal,Immune stimulation,SAR445877_IND009,TRUE,3L+ Colorectal Cancer - Mono,3L+ CRC - Mono,Phase 2,10061451,Colorectal cancer,Ongoing,Oncology,Other Solid Tumors,0.26
SAR441344,Development,PHARMA,frexalimab,SAR441344 - CD40L mAb,Ongoing,Phase 3,High,BiC,XC01129,XC01129,frexalimab,,CD40L mAb,CD40L,Biologics,ANT,Internal,Antagonism,SAR441344_IND002,TRUE,Relapsing Multiple Sclerosis,RMS,Phase 3,10063399,Relapsing-remitting multiple sclerosis,Ongoing,Neurology,Neuro-inflammation,0.64
SAR449336,Development,PHARMA,Pan KRAS,SAR449336 - Pan KRAS sm,Ongoing,Preclinical,GATE,BiC,LC81697,LC81697,,,Pan KRAS sm,Pan KRAS,Synthetic,SM,Internal,Inhibition,SAR449336_IND001,TRUE,1L Colorectal Cancer - Combo,1L CRC - Combo,Preclinical,10061451,Colorectal cancer,Ongoing,Oncology,Other Solid Tumors,0.05
HOE901,Development,PHARMA,Lantus/Toujeo,HOE901 - Insulin glargine,Completed,LCM,Standard,LCM project,,,,Lantus/Toujeo,Insulin glargine,Insulin glargine,Biologics,INS,Internal,Mimetism,HOE901_IND013,FALSE,Toujeo - T1DM - U300 - China,,,10067584,Type 1 diabetes mellitus,Stopped,DCVM,,
SAR447754,Development,PHARMA,NKG2DxIL4xIL13,SAR447754 - NKG2D x IL4 x IL13 mAb,Ongoing,Preclinical,GATE,BiC,LC81237,LC81237,,,NKG2D x IL4 x IL13 mAb,NKG2DxIL4xIL13,Biologics,ANT,Internal,Blocking,SAR447754_IND001,TRUE,Atopic Dermatitis,AD,Preclinical,10012438,Dermatitis atopic,Ongoing,Immuno-inflammation,Dermatology,0.07
SP0276,Research,VACCINE,Rhinovirus mRNA,Rhinovirus mRNA vaccine,Ongoing,M0-M2,High,FiC,,,,,Active Immunization,,Biologics,MRNAV,Internal,,SP0276_IND001,TRUE,Rhinovirus diseases,Rhinovirus infection,M0-M2,10061494,Rhinovirus infection,Ongoing,Vaccines,Innovation & Vaccine Value,0.26
SAR442168,Development,PHARMA,Cenrifki,SAR442168 - BTK sm - Central,Ongoing,Regulatory submission,Medium,BiC,,,tolebrutinib,Cenrifki,BTK sm - Central,BTK central,Synthetic,SM,Acquired,Inhibition,SAR442168_IND003,TRUE,Nonrelapsing Secondary Progressive Multiple Sclerosis,nr-SPMS,Regulatory submission,10063400,Secondary progressive multiple sclerosis,Ongoing,Neurology,Neuro-inflammation,0.95
SAR650984,Development,PHARMA,Sarclisa,SAR650984 - CD38 mAb,Ongoing,LCM,Medium,BiC,,,isatuximab,Sarclisa,CD38 mAb,CD38,Biologics,ANT,Licensed,Binding,SAR650984_IND024,FALSE,1L NDMM - Ti - Combo Bortezomib Lenolidomide - China,1L NDMM Ti w/Borte VRd China,,10028228,Multiple myeloma,Stopped,Oncology,,
SAR231893,Development,PHARMA,Dupixent,SAR231893 - IL4R mAb,Ongoing,LCM,High,FiC,,,dupilumab,Dupixent,IL4R mAb,IL4R,Biologics,ANT,Licensed,Inhibition,SAR231893_IND034,FALSE,Atopic Dermatitis - Adult - Maintenance Treatment,,,,,Stopped,Immuno-inflammation,,
LC81313,Research,PHARMA,CEACAM5-TOPO1 ADC (LC81313),LC81313 - CEACAM5-TOPO1 ADC,Completed,M1-M2,Fast Track,,SAR445953,SAR445953,,,CEACAM5-TOPO1 ADC,CEACAM5-TOPO1,Biologics,ADC,Internal,Cytotoxicity,LC81313_IND001,TRUE,Serie for Bio Oncology Disco,,,10061451,Colorectal cancer,Completed,Oncology,,
XRP6976,Development,PHARMA,Taxotere,XRP6976 - Tubulin  inh.,Completed,LCM,Standard,LCM project,,,docetaxel,Taxotere,Tubulin  inh.,Tubulin,Synthetic,SM,Licensed,Inhibition,XRP6976_IND005,FALSE,"EU - mHSPC (metastatic, hormone-sensitive prostate cancer) - Type II variation",,LCM,10060862,Prostate cancer,Completed,Oncology,,1
SAR231893,Development,PHARMA,Dupixent,SAR231893 - IL4R mAb,Ongoing,LCM,High,FiC,,,dupilumab,Dupixent,IL4R mAb,IL4R,Biologics,ANT,Licensed,Inhibition,SAR231893_IND009,FALSE,Asthma - Adult & Ped - 12-17 years - China and EU Var,Asthma - Adult & Ped - CN,LCM,10003553,Asthma,Completed,Immuno-inflammation,Respiratory,1
LC81695,Research,PHARMA,CXCR3 x CCR6 sm (LC81695),LC81695 - CXCR3 x CCR6 sm,Ongoing,M0-M1,Regular Priority,FiC,,,,,CXCR3 x CCR6 sm,CXCR3xCCR6,Synthetic,SM,Licensed,Antagonism,LC81695_IND002,,Psoriasis,Psoriasis,,10037153,Psoriasis,Ongoing,,,
LC81352,Research,PHARMA,GUCY2C x NKp46 x CD16 mAb (NKCE) (LC81352),LC81352 - GUCY2C x NKp46 x CD16 mAb (NKCE),Ongoing,M1-M2,Regular Priority,FiC,,,,,GUCY2C x NKp46 x CD16 mAb (NKCE),GUCY2C x NKp46 x CD16 NKCE,Biologics,ANT,Internal,Cytotoxicity,LC81352_IND001,TRUE,Colorectal Cancer,CRC,,10061451,Colorectal cancer,Ongoing,Oncology,Other Solid Tumors,
SAR439684,Development,PHARMA,Libtayo,SAR439684 - PD1 mAb,Completed,LCM,Standard,Little / Uncertain differentiation,,,cemiplimab,Libtayo,PD1 mAb,PD1,Biologics,ANT,Licensed,Inhibition,SAR439684_IND012,FALSE,CSCC,CSCC,LCM,10041834,Squamous cell carcinoma of skin,Completed,Oncology,Melanoma,1
SP0230,Development,VACCINE,MenPenta,Neisseria meninigitidis (ACWY+B) combination vaccine,Ongoing,Phase 2,Very High,BiC,,,,,Active immunization,,Biologics,VAC,Internal,,SP0230_IND001,FALSE,Common activities,,,10004049,Bacterial meningitis,Completed,Vaccines,PMED_Pneumo Meningitis,
LC81693,Research,PHARMA,CD19 x Dectin1 Hybrid (MCE) (LC81693),LC81693 - CD19 x Dectin1 Hybrid (MCE),Ongoing,M0-M1,Regular Priority,BiC,,,,,CD19 x Dectin1 Hybrid (MCE),CD19xDectin1 MCE,Biologics,HYB,Licensed,Cytotoxicity,LC81693_IND003,,Sjogren’s syndrome,Sjogren's,,10040767,Sjogren’s syndrome,Ongoing,,,
SAR231893,Development,PHARMA,Dupixent,SAR231893 - IL4R mAb,Ongoing,LCM,High,FiC,,,dupilumab,Dupixent,IL4R mAb,IL4R,Biologics,ANT,Licensed,Inhibition,SAR231893_IND017,FALSE,Chronic Spontaneous Urticaria - Adult & Ped - 2-17 years,CSU,LCM,10072757,Chronic spontaneous urticaria,Ongoing,Immuno-inflammation,Dermatology,1
SAR231893,Development,PHARMA,Dupixent,SAR231893 - IL4R mAb,Ongoing,LCM,High,FiC,,,dupilumab,Dupixent,IL4R mAb,IL4R,Biologics,ANT,Licensed,Inhibition,SAR231893_IND023,FALSE,Allergic Fungal Rhinosinusitis - Adult & Ped - 6-17 years,AFRS,Regulatory submission,10058678,Sinusitis fungal,Ongoing,Immuno-inflammation,Respiratory,1
LC81652,Research,PHARMA,aC1s x Factor Bb x VEGF Hybrid (LC81652),LC81652 - aC1s x Factor Bb x VEGF Hybrid,Ongoing,M0-M1,High Priority,FiC,,,,,aC1s x Factor Bb x VEGF Hybrid,aC1s x Bb x VEGF Hybrid,Biologics,HYB,Internal,Inhibition,LC81652_IND001,TRUE,Age-related macular degeneration - Geographic Atrophy,AMD - Geo atrophy,,10063947,Geographic atrophy,Ongoing,Ophthalmology,Neurodegenerative diseases,
LC81670,Research,PHARMA,OX40 x PD1 Hybrid (LC81670),LC81670 - OX40 x PD1 Hybrid,Ongoing,M0-M1,Regular Priority,FiC,,,,,OX40 x PD1 Hybrid,OX40xPD1,Biologics,HYB,Internal,Modulation,LC81670_IND004,,Type 1 Diabetes,T1DM,,10067584,Type 1 diabetes mellitus,Ongoing,,,
SAR443765,Development,PHARMA,lunsekimig,SAR443765 - IL13 x TSLP Nanobody VHH,Ongoing,Phase 2,Medium,FiC,XC01141,XC01141,lunsekimig,,IL13 x TSLP Nanobody VHH,IL13xTSLP,Biologics,NBDY,Internal,Blocking,SAR443765_IND001,TRUE,Asthma - Severe - Adult & Ped - 12-17 years,Asthma – Severe,Phase 2,10003553,Asthma,Ongoing,Immuno-inflammation,Respiratory,0.19
LC81649,Research,PHARMA,CaSR in vivo CAR-Treg (CD25 targeted) (LC81649),LC81649 - CaSR in vivo CAR-Treg (CD25 targeted),Ongoing,M0-M1,Regular Priority,FiC,,,,,CaSR in vivo CAR-Treg (CD25 targeted),CaSR CAR-Treg (CD25 targeted),Biologics,NV GT,Internal,Immune modulation,LC81649_IND001,TRUE,Type 1 Diabetes,T1DM,,10067584,Type 1 diabetes mellitus,Ongoing,DCVM,T1 Diabetes,
SAR341402,Development,PHARMA,Truvelog/Insulin aspart,SAR341402 - Rapid acting insulin (SARA),Completed,LCM,Standard,FiC,,,insulin aspart,Truvelog/Insulin aspart,Rapid acting insulin (SARA),Insulin aspart,Biologics,INS,Internal,Mimetism,SAR341402_IND001,FALSE,T1 & T2 Diabetes Mellitus - Solution,T1&T2 DM - Sol,LCM,10012594,Diabetes,Completed,DCVM,,1
SAR231893,Development,PHARMA,Dupixent,SAR231893 - IL4R mAb,Ongoing,LCM,High,FiC,,,dupilumab,Dupixent,IL4R mAb,IL4R,Biologics,ANT,Licensed,Inhibition,SAR231893_IND006,FALSE,Asthma - Adult & Ped - 12-17 years,Asthma - Adult and Adolescent,LCM,10003553,Asthma,Completed,Immuno-inflammation,,1
SAR447189,Development,PHARMA,duvakitug,SAR447189 - TL1A mAb,Ongoing,Phase 3,Medium,BiC,,,duvakitug,,TL1A mAb,TL1A,Biologics,ANT,Licensed,Blocking,SAR447189_IND002,FALSE,Crohn's Disease,Crohn,Phase 3,10011401,Crohn's disease,Ongoing,Immuno-inflammation,Gastroenterology,0.7
LC81691,Research,PHARMA,IL12v fusion protein - ITA bispecific (LC81691),LC81691 - IL12v fusion protein - ITA bispecific,Ongoing,M0-M1,Regular Priority,FiC,,,,,IL12v fusion protein - ITA bispecific,IL12v xITA,Biologics,FUP,Internal,Immune stimulation,LC81691_IND008,,Prostate Cancer,Prostate Cancer,,10060862,Prostate cancer,Ongoing,,,
HOE901,Development,PHARMA,Lantus/Toujeo,HOE901 - Insulin glargine,Completed,LCM,Standard,LCM project,,,,Lantus/Toujeo,Insulin glargine,Insulin glargine,Biologics,INS,Internal,Mimetism,HOE901_IND009,FALSE,Toujeo - T2DM -  U300 - Pediatric Exclusivity Extension Labeling update - US - as per PPSR,,,10067585,Type 2 diabetes mellitus,Stopped,DCVM,,
SAR231893,Development,PHARMA,Dupixent,SAR231893 - IL4R mAb,Ongoing,LCM,High,FiC,,,dupilumab,Dupixent,IL4R mAb,IL4R,Biologics,ANT,Licensed,Inhibition,SAR231893_IND033,FALSE,Atopic Dermatitis - Ped - Age 6 months-2 years,,,,,Stopped,Immuno-inflammation,,
SAR231893,Development,PHARMA,Dupixent,SAR231893 - IL4R mAb,Ongoing,LCM,High,FiC,,,dupilumab,Dupixent,IL4R mAb,IL4R,Biologics,ANT,Licensed,Inhibition,SAR231893_IND011,FALSE,Chronic Rhinosinusitis with Nasal Polyps Adults & Ped 12-17 years,CRSwNP,LCM,10080060,Chronic rhinosinusitis with nasal polyps,Ongoing,Immuno-inflammation,Respiratory,1
LC81664,Research,PHARMA,IL23p19 x TL1A Hybrid (LC81664),LC81664 - IL23p19 x TL1A Hybrid,Ongoing,M0-M1,Regular Priority,BiC,,,,,IL23p19 x TL1A Hybrid,IL23p19xTL1A,Biologics,HYB,Internal,Antagonism,LC81664_IND001,TRUE,Inflammatory Bowel Disease,IBD,,10021972,Inflammatory bowel disease,Ongoing,Immuno-inflammation,Gastroenterology,
LC81409,Research,PHARMA,XRN1 sm (LC81409),LC81409 - XRN1 sm,Ongoing,M1-M2,Regular Priority,FiC,,,,,XRN1 sm,XRN1,Synthetic,SM,Internal,Inhibition,LC81409_IND001,TRUE,Lung Cancer,Lung Cancer,,10058467,Lung neoplasm malignant,Ongoing,Oncology,Lung Cancer,
SAR444671,Development,PHARMA,Wayrilz,SAR444671 - BTK sm,Ongoing,LCM,Medium,FiC,,,rilzabrutinib,Wayrilz,BTK sm,BTK,Synthetic,SM,Acquired,Inhibition,SAR444671_IND009,FALSE,Sickle Cell Disease - Adult & Ped - 10-17 years,SCD - Adult & Ped 10-17y,Phase 3,10040644,Sickle cell disease,Ongoing,Rare Diseases,Blood Cell & Bone Marrow Disorders,0.26
SP0242,Development,VACCINE,Tetanus Convergence,Tetanus vaccines - Process optimization,Ongoing,Post-Launch,Medium,LCM project,,,,,Active Immunization,,Biologics,VAC,Internal,,SP0242_IND003,TRUE,Tetanus,Tetanus,Regulatory submission,10043376,Tetanus,Ongoing,Vaccines,PPH,0.97
SAR446268,Development,PHARMA,DMPK RNAi AAV,SAR446268 - DMPK RNAi AAV,Ongoing,Phase 1,GATE,FiC,LC81140,LC81140,,,DMPK RNAi AAV,DMPK RNAi AAV,Biologics,AAV GT,Internal,Knockdown,SAR446268_IND001,TRUE,Myotonic Dystrophy Type 1 - Adult 18-50 years & Ped - 10-18 years,DM1,Phase 1,10068871,Myotonic dystrophy,Ongoing,Rare Diseases,Neuromuscular Diseases,0.28
LC81417,Research,PHARMA,CD19 in vivo CAR-T (CD8 targeted) (LC81417),LC81417 - CD19 in vivo CAR-T (CD8 targeted),Completed,M1-M2,High Priority,FiC,SAR447998,SAR447998,,,CD19 in vivo CAR-T (CD8 targeted),CD19 CAR-T (CD8 targeted),Biologics,NV GT,Internal,Cytotoxicity,LC81417_IND001,TRUE,Systemic Lupus Erythematosus,SLE,,10042945,Systemic lupus erythematosus,Completed,Immuno-inflammation,Rheumatology,
SAR231893,Development,PHARMA,Dupixent,SAR231893 - IL4R mAb,Ongoing,LCM,High,FiC,,,dupilumab,Dupixent,IL4R mAb,IL4R,Biologics,ANT,Licensed,Inhibition,SAR231893_IND018,FALSE,Bullous Pemphigoid,BP,LCM,10034277,Pemphigoid,Ongoing,Immuno-inflammation,Dermatology,1
LC81281,Research,PHARMA,CX3CR1 Nanobody VHH (LC81281),LC81281 - CX3CR1 Nanobody VHH,Completed,M1-M2,Regular Priority,FiC,SAR445611,SAR445611,,,CX3CR1 Nanobody VHH,CX3CR1,Biologics,NBDY,Internal,Inhibition,LC81281_IND001,TRUE,Discovery,,,,,Completed,Immuno-inflammation,,
SAR444671,Development,PHARMA,Wayrilz,SAR444671 - BTK sm,Ongoing,LCM,Medium,FiC,,,rilzabrutinib,Wayrilz,BTK sm,BTK,Synthetic,SM,Acquired,Inhibition,SAR444671_IND004,FALSE,Lupus Nephritis,LN,,10025140,Lupus nephritis,Stopped,Immuno-inflammation,Rheumatology,
SAR231893,Development,PHARMA,Dupixent,SAR231893 - IL4R mAb,Ongoing,LCM,High,FiC,,,dupilumab,Dupixent,IL4R mAb,IL4R,Biologics,ANT,Licensed,Inhibition,SAR231893_IND019,FALSE,Allergic Bronchopulmonary Aspergillosis - Adult & Ped - 12-17 years,ABPA,Phase 3,10006474,Bronchopulmonary aspergillosis allergic,Stopped,Immuno-inflammation,Respiratory,
LC81655,Research,PHARMA,CD98 x GLP1R mAb (LC81655),LC81655 - CD98 x GLP1R mAb,Ongoing,M1-M2,Regular Priority,BiC,,,,,CD98 x GLP1R mAb,CD98xGLP1R,Biologics,ANT,Internal,Agonism,LC81655_IND001,TRUE,Parkinson's Disease,Parkinson,,10061536,Parkinson's disease,Ongoing,Neurology,Neurodegenerative diseases,
LC81354,Research,PHARMA,STAT6 sm (LC81354),LC81354 - STAT6 sm,Ongoing,M1-M2,High Priority,FiC,,,,,STAT6 sm,STAT6,Synthetic,SM,Internal,Inhibition,LC81354_IND004,,Eosinophilic Esophagitis,EoE,,10064212,Eosinophilic oesophagitis,Ongoing,,,
LC81643,Research,PHARMA,Myocilin CasX mRNA (LC81643),LC81643 - Myocilin CasX mRNA,Ongoing,M1-M2,High Priority,FiC,SAR449615,SAR449615,,,Myocilin CasX mRNA,MYOC CasX,Biologics,NV GT,Internal,Knockdown,LC81643_IND001,TRUE,Glaucoma,Glaucoma,,10018304,Glaucoma,Ongoing,Ophthalmology,Neurodegenerative diseases,
SAR439684,Development,PHARMA,Libtayo,SAR439684 - PD1 mAb,Completed,LCM,Standard,Little / Uncertain differentiation,,,cemiplimab,Libtayo,PD1 mAb,PD1,Biologics,ANT,Licensed,Inhibition,SAR439684_IND006,TRUE,2L Cervical Cancer,2L Cervical Cancer,LCM,10008229,Cervical cancer,Completed,Oncology,Other Solid Tumors,1
LC81675,Research,PHARMA,IL5 x TL1A mAb (LC81675),LC81675 - IL5 x TL1A mAb,Ongoing,M0-M1,Regular Priority,FiC,,,,,IL5 x TL1A mAb,IL5xTL1A,Biologics,ANT,Internal,Antagonism,LC81675_IND002,,Inflammatory Bowel Disease,IBD,,10021972,Inflammatory bowel disease,Ongoing,,,
SAR650984,Development,PHARMA,Sarclisa,SAR650984 - CD38 mAb,Ongoing,LCM,Medium,BiC,,,isatuximab,Sarclisa,CD38 mAb,CD38,Biologics,ANT,Licensed,Binding,SAR650984_IND001,FALSE,3L RRMM - Combo Pomalidomide,3L RRMM w/Pd,LCM,10028228,Multiple myeloma,Completed,Oncology,Multiple Myeloma,1
LC81695,Research,PHARMA,CXCR3 x CCR6 sm (LC81695),LC81695 - CXCR3 x CCR6 sm,Ongoing,M0-M1,Regular Priority,FiC,,,,,CXCR3 x CCR6 sm,CXCR3xCCR6,Synthetic,SM,Licensed,Antagonism,LC81695_IND001,TRUE,Inflammatory Bowel Disease,IBD,,10039073,Rheumatoid arthritis,Ongoing,Immuno-inflammation,Rheumatology,
LC81647,Research,PHARMA,TREM1 x CD30L Nanobody VHH (LC81647),LC81647 - TREM1 x CD30L Nanobody VHH,Ongoing,M0-M1,Regular Priority,FiC,,,,,TREM1 x CD30L Nanobody VHH,TREM1xCD30L VHH,Biologics,NBDY,Internal,Antagonism,LC81647_IND003,,Asthma,Asthma,,10003553,Asthma,Ongoing,,,
XC01158,Research,PHARMA,STAT6 sm - Degrader (XC01158),XC01158 - STAT6 sm - Degrader,Completed,M1-M2,High Priority,FiC,SAR448272,SAR448272,,,STAT6 sm - Degrader,STAT6 Degrader,Synthetic,SM,Licensed,Degradation,XC01158_IND002,,Asthma,Asthma,,10003553,Asthma,Ongoing,,,
SAR153191,Development,PHARMA,Kevzara,SAR153191 - IL6R mAb,Ongoing,LCM,Standard,Little / Uncertain differentiation,,,sarilumab,Kevzara,IL6R mAb,IL6R,Biologics,ANT,Licensed,Inhibition,SAR153191_IND006,FALSE,Rheumatoid Arthritis  EU E-PFS & Auto Injector (E-PFS & AI),RA - E-PFS & AI - EU,LCM,10039073,Rheumatoid arthritis,Completed,Immuno-inflammation,,1
SAR439684,Development,PHARMA,Libtayo,SAR439684 - PD1 mAb,Completed,LCM,Standard,Little / Uncertain differentiation,,,cemiplimab,Libtayo,PD1 mAb,PD1,Biologics,ANT,Licensed,Inhibition,SAR439684_IND001,FALSE,CSCC Neo Adjuvant - early CSCC,CSCC Neo Adjuv,Phase 3,10041834,Squamous cell carcinoma of skin,Completed,Oncology,Melanoma,
LC81694,Research,PHARMA,CD19 x BCMA x Dectin1 Hybrid (MCE) (LC81694),LC81694 - CD19 x BCMA x Dectin1 Hybrid (MCE),Ongoing,M0-M1,Regular Priority,BiC,,,,,CD19 x BCMA x Dectin1 Hybrid (MCE),CD19xBCMAxDectin1 MCE,Biologics,HYB,Licensed,Cytotoxicity,LC81694_IND005,,Systemic sclerosis,SSc,,10042953,Systemic sclerosis,Ongoing,,,
SP0202,Development,VACCINE,PCV21,Streptococcus pneumoniae conjugate vaccine,Ongoing,Phase 3,High,Little / Uncertain differentiation,,,,,Active immunization,,Biologics,GCV,Licensed,,SP0202_IND004,FALSE,STOPPED China Adults - Skypac,PCV - Adult - CN,,10092606,Invasive pneumococcal disease,Stopped,Vaccines,PMED_Pneumo Meningitis,
LC81672,Research,PHARMA,IFNAR1 x OX40L Nanobody VHH (LC81672),LC81672 - IFNAR1 x OX40L Nanobody VHH,Ongoing,M0-M1,Regular Priority,FiC,,,,,IFNAR1 x OX40L Nanobody VHH,IFNAR1xOX40L,Biologics,NBDY,Internal,Antagonism,LC81672_IND003,,Rheumatoid Arthritis,RA,,10039073,Rheumatoid arthritis,Ongoing,,,
SAR231893,Development,PHARMA,Dupixent,SAR231893 - IL4R mAb,Ongoing,LCM,High,FiC,,,dupilumab,Dupixent,IL4R mAb,IL4R,Biologics,ANT,Licensed,Inhibition,SAR231893_IND032,FALSE,Chronic Rhinosinusitis with Nasal Polyps - Ped No Go,,,,,Stopped,Immuno-inflammation,,
SP0178,Development,VACCINE,Fluzone HD / Efluelda,Influenza inactivated vaccine High Dose,Ongoing,Post-Launch,Medium,FiC,,,,Fluzone / Efluelda,Active immunization,,Biologics,IAV,Internal,,SP0178_IND003,FALSE,High-dose inactivated influenza vaccine - Pediatric On HOLD,Ped,Termination,10022000,Influenza,Stopped,Vaccines,FLU,
LC81694,Research,PHARMA,CD19 x BCMA x Dectin1 Hybrid (MCE) (LC81694),LC81694 - CD19 x BCMA x Dectin1 Hybrid (MCE),Ongoing,M0-M1,Regular Priority,BiC,,,,,CD19 x BCMA x Dectin1 Hybrid (MCE),CD19xBCMAxDectin1 MCE,Biologics,HYB,Licensed,Cytotoxicity,LC81694_IND001,TRUE,Systemic Lupus Erythematosus,SLE,,10042945,Systemic lupus erythematosus,Ongoing,Immuno-inflammation,Rheumatology,
LC81095,Research,PHARMA,TNFa sm - Backup (LC81095),LC81095 - TNFa sm - Backup,Ongoing,M1-M2,Regular Priority,BiC,SAR441566,SAR441566,,,TNFa sm - Backup,TNFa sm BU,Synthetic,SM,Internal,Inhibition,LC81095_IND002,FALSE,MS3 - Pentacyclics - Completed,,,,,Completed,Immuno-inflammation,,
LC81420,Research,PHARMA,aC1s sm - AI-driven (LC81420),LC81420 - aC1s sm - AI-driven,Ongoing,M0-M1,Regular Priority,FiC,,,,,aC1s sm - AI-driven,aC1s AI-driven,Synthetic,SM,Internal,Inhibition,LC81420_IND001,TRUE,Alzheimer's Disease,Alzheimer,,10001896,Alzheimer's disease,Ongoing,Neurology,Neurodegenerative diseases,
LC81685,Research,PHARMA,TSLP x OX40L Nanobody VHH (LC81685),LC81685 - TSLP x OX40L Nanobody VHH,Ongoing,M1-M2,Regular Priority,FiC,SAR449468,SAR449468,,,TSLP x OX40L Nanobody VHH,TSLPxOX40L,Biologics,NBDY,Internal,Antagonism,LC81685_IND003,,Alopecia Areata,Alopecia Areata,,10001761,Alopecia areata,Ongoing,,,
LC81693,Research,PHARMA,CD19 x Dectin1 Hybrid (MCE) (LC81693),LC81693 - CD19 x Dectin1 Hybrid (MCE),Ongoing,M0-M1,Regular Priority,BiC,,,,,CD19 x Dectin1 Hybrid (MCE),CD19xDectin1 MCE,Biologics,HYB,Licensed,Cytotoxicity,LC81693_IND002,,Lupus Nephritis,LN,,10025140,Lupus nephritis,Ongoing,,,
LC80946,Research,PHARMA,sFLT-01 AAV (LC80946),LC80946 - sFLT-01 AAV,Completed,M1-M2,Fast Track,,SAR402663,SAR402663,,,sFLT-01 AAV,sFLT-01 AAV,Biologics,AAV GT,Internal,Replacement,LC80946_IND001,TRUE,Age-related macular degeneration - Wet,AMD - Wet,,10075568,Wet age-related macular degeneration,Completed,Ophthalmology,,
SAR439684,Development,PHARMA,Libtayo,SAR439684 - PD1 mAb,Completed,LCM,Standard,Little / Uncertain differentiation,,,cemiplimab,Libtayo,PD1 mAb,PD1,Biologics,ANT,Licensed,Inhibition,SAR439684_IND010,FALSE,Hodgkin's Lymphoma,,,10024325,Leukaemic lymphoma,Stopped,Oncology,,
LC81309,Research,PHARMA,B7H4 x IL2Rbg Hybrid - ADCC enhanced (LC81309),LC81309 - B7H4 x IL2Rbg Hybrid - ADCC enhanced,Ongoing,M1-M2,High Priority,FiC,SAR449501,SAR449501,,,B7H4 x IL2Rbg Hybrid - ADCC enhanced,B7H4 x IL2Rbg ADCC,Biologics,HYB,Internal,Cytotoxicity,LC81309_IND001,TRUE,Lung Cancer,Lung Cancer,,10058467,Lung neoplasm malignant,Ongoing,Oncology,Lung Cancer,
SAR448501,Development,PHARMA,CD20xDectin1 MCE,SAR448501 - CD20 x Dectin1 mAb (MCE),Ongoing,Phase 1,GATE,FiC,,,,,CD20 x Dectin1 mAb (MCE),CD20xDectin1 MCE,Biologics,ANT,Licensed,Cytotoxicity,SAR448501_IND001,TRUE,Systemic Lupus Erythematosus,SLE,Phase 1,10042945,Systemic lupus erythematosus,Ongoing,Immuno-inflammation,Rheumatology,0.12
HMR1726,Development,PHARMA,Aubagio,HMR1726 - DHO-DH sm,Completed,LCM,Standard,LCM project,,,teriflunomide,Aubagio,DHO-DH sm,DHO-DH,Synthetic,SM,Internal,Inhibition,HMR1726_IND003,FALSE,Multiple Sclerosis - Monotherapy - Asia Pacific,,LCM,10028245,Multiple sclerosis,Completed,Neurology,,1
LC81311,Research,PHARMA,ITK x TXK sm (LC81311),LC81311 - ITK x TXK sm,Ongoing,M1-M2,Regular Priority,FiC,SAR449598,SAR449598,,,ITK x TXK sm,ITK x TXK,Synthetic,SM,Internal,Inhibition,LC81311_IND006,,Psoriasis,Psoriasis,,10037153,Psoriasis,Ongoing,,,
SP0056,Development,VACCINE,Dengue Vaccine,Dengue Tetravalent Vaccine,Completed,Post-Launch,,FiC,,,,Dengvaxia,Active immunization,,Biologics,VVV,Acquired,,SP0056_IND001,TRUE,Common activities - Dengue Vaccine,,,10021430,Immunisation,Completed,Vaccines,PMED_Travel Endemic,
LC81317,Research,PHARMA,TFRC x aC1s mAb (LC81317),LC81317 - TFRC x aC1s mAb,Completed,M1-M2,High Priority,FiC,SAR448289,SAR448289,,,TFRC x aC1s mAb,TFRCx aC1s,Biologics,ANT,Internal,Inhibition,LC81317_IND004,,Huntington's Disease,Huntington,,10070668,Huntington's disease,Ongoing,,,
HOE901,Development,PHARMA,Lantus/Toujeo,HOE901 - Insulin glargine,Completed,LCM,Standard,LCM project,,,,Lantus/Toujeo,Insulin glargine,Insulin glargine,Biologics,INS,Internal,Mimetism,HOE901_IND002,FALSE,Toujeo - T1DM/T2DM -  U300 - US & EU,,LCM,10012594,Diabetes,Completed,DCVM,,1
LC81652,Research,PHARMA,aC1s x Factor Bb x VEGF Hybrid (LC81652),LC81652 - aC1s x Factor Bb x VEGF Hybrid,Ongoing,M0-M1,High Priority,FiC,,,,,aC1s x Factor Bb x VEGF Hybrid,aC1s x Bb x VEGF Hybrid,Biologics,HYB,Internal,Inhibition,LC81652_IND003,,Age-related macular degeneration - Intermediate,AMD - Intermediate,,10064930,Age-related macular degeneration,Ongoing,,,
LC81237,Research,PHARMA,NKG2D x IL4 x IL13 mAb (LC81237),LC81237 - NKG2D x IL4 x IL13 mAb,Completed,M1-M2,High Priority,BiC,SAR447754,SAR447754,,,NKG2D x IL4 x IL13 mAb,NKG2DxIL4xIL13,Biologics,ANT,Internal,Blocking,LC81237_IND003,,Chronic Obstructive Pulmonary Disease,COPD,,10009033,Chronic obstructive pulmonary disease,Completed,,,
SAR445399,Development,PHARMA,IL1R3,SAR445399 - IL1R3 mAb,Ongoing,Phase 2,GATE,FiC,XC01151,XC01151,,,IL1R3 mAb,IL1R3,Biologics,ANT,Internal,Antagonism,SAR445399_IND002,TRUE,Hidradenitis Suppurativa,HS,Phase 2,10020041,Hidradenitis suppurativa,Ongoing,Immuno-inflammation,Dermatology,0.26
LC81370,Research,PHARMA,CK1 sm (LC81370),LC81370 - CK1 sm,Ongoing,M1-M2,Regular Priority,FiC,,,,,CK1 sm,CK1,Synthetic,SM,Internal,Inhibition,LC81370_IND002,,Alzheimer's Disease,Alzheimer,,10001896,Alzheimer's disease,Ongoing,,,
LC81702,Research,PHARMA,BAFF x LIGHT mAb (LC81702),LC81702 - BAFF x LIGHT mAb,Ongoing,M0-M1,Regular Priority,FiC,,,,,BAFF x LIGHT mAb,BAFF x LIGHT,Biologics,ANT,Internal,Antagonism,LC81702_IND001,TRUE,Hidradenitis Suppurativa,HS,,10020041,Hidradenitis suppurativa,Ongoing,Immuno-inflammation,Dermatology,
LC81693,Research,PHARMA,CD19 x Dectin1 Hybrid (MCE) (LC81693),LC81693 - CD19 x Dectin1 Hybrid (MCE),Ongoing,M0-M1,Regular Priority,BiC,,,,,CD19 x Dectin1 Hybrid (MCE),CD19xDectin1 MCE,Biologics,HYB,Licensed,Cytotoxicity,LC81693_IND001,TRUE,Systemic Lupus Erythematosus,SLE,,10042945,Systemic lupus erythematosus,Ongoing,Immuno-inflammation,Rheumatology,
BIVV001,Development,PHARMA,ALTUVIIIO,BIVV001 - FVIIIFc - vWF - XTEN fusion protein,Completed,LCM,Standard,BiC,,,efanesoctocog alfa ,ALTUVIIIO,FVIIIFc - vWF - XTEN fusion protein,FVIII Fc - vWF - XTEN,Biologics,FUP,Acquired,Replacement,BIVV001_IND001,TRUE,Hemophilia A,Hem A,LCM,10060612,Hemophilia A,Completed,Rare Diseases,Hemophilia,1
SAR342434,Development,PHARMA,Admelog/Insulin lispro Sanofi,SAR342434 - Rapid acting insulin (LISA),Completed,LCM,Standard,LCM project,,,insulin lispro,Admelog/Insulin lispro Sanofi,Rapid acting insulin (LISA),Insulin lispro,Biologics,INS,Internal,Mimetism,SAR342434_IND005,FALSE,T1 & T2 Diabetes - Premix 75/25 (NPL/Insulin Lispro),,,10012594,Diabetes,Stopped,DCVM,,
LC81237,Research,PHARMA,NKG2D x IL4 x IL13 mAb (LC81237),LC81237 - NKG2D x IL4 x IL13 mAb,Completed,M1-M2,High Priority,BiC,SAR447754,SAR447754,,,NKG2D x IL4 x IL13 mAb,NKG2DxIL4xIL13,Biologics,ANT,Internal,Blocking,LC81237_IND001,TRUE,Atopic Dermatitis,AD,,10012438,Dermatitis atopic,Completed,Immuno-inflammation,,
LC81673,Research,PHARMA,IL22RA1 x OSMR Nanobody VHH (LC81673),LC81673 - IL22RA1 x OSMR Nanobody VHH,Ongoing,M0-M1,Regular Priority,FiC,,,,,IL22RA1 x OSMR Nanobody VHH,IL22RA1xOSMR VHH,Biologics,NBDY,Internal,Antagonism,LC81673_IND001,TRUE,Atopic Dermatitis,AD,,10012438,Dermatitis atopic,Ongoing,Immuno-inflammation,Dermatology,
SAR441566,Development,PHARMA,balinatunfib,SAR441566 - TNFa sm - TNFR1 signaling inhibition,Ongoing,Phase 2,Medium,FiC,LC81095,LC81095,balinatunfib,,TNFa sm - TNFR1 signaling inhibition,TNFR1si,Synthetic,SM,Internal,Inhibition,SAR441566_IND003,FALSE,Psoriasis,Psoriasis,Phase 2,10037153,Psoriasis,Stopped,Immuno-inflammation,Dermatology,0.39
SP0242,Development,VACCINE,Tetanus Convergence,Tetanus vaccines - Process optimization,Ongoing,Post-Launch,Medium,LCM project,,,,,Active Immunization,,Biologics,VAC,Internal,,SP0242_IND002,FALSE,Acel,Acel,,10043376,Tetanus,Stopped,Vaccines,PPH,
SAR236553,Development,PHARMA,Praluent,SAR236553 - Anti-PCSK-9 mAb,Completed,LCM,Standard,LCM project,,,alirocumab,Praluent,Anti-PCSK-9 mAb,PCSK9,Biologics,ANT,Licensed,Binding,SAR236553_IND014,FALSE,Apheresis,,,10061653,Apheresis,Stopped,Rare Diseases,,
SAR447686,Development,PHARMA,IL13xIL4xIL17,SAR447686 - IL13 x IL4 x IL17 mAb,Ongoing,Preclinical,GATE,FiC,LC81188,LC81188,,,IL13 x IL4 x IL17 mAb,IL13xIL4xIL17,Biologics,ANT,Internal,Blocking,SAR447686_IND001,TRUE,Atopic Dermatitis,AD,Preclinical,10012438,Dermatitis atopic,Ongoing,Immuno-inflammation,Dermatology,0.07
SAR439684,Development,PHARMA,Libtayo,SAR439684 - PD1 mAb,Completed,LCM,Standard,Little / Uncertain differentiation,,,cemiplimab,Libtayo,PD1 mAb,PD1,Biologics,ANT,Licensed,Inhibition,SAR439684_IND008,FALSE,Viral Infection,Viral Infection,,10047461,Viral infection,Completed,Oncology,,
SAR445953,Development,PHARMA,CEACAM5-TOPO1,SAR445953 - CEACAM5-TOPO1 ADC,Ongoing,Phase 1,GATE,BiC,LC81313,LC81313,,,CEACAM5-TOPO1 ADC,CEACAM5-TOPO1,Biologics,ADC,Internal,Cytotoxicity,SAR445953_IND001,TRUE,3L Colorectal Cancer - Combo,3L CRC - Combo,Phase 1,10061451,Colorectal cancer,Ongoing,Oncology,Other Solid Tumors,0.21
LC81651,Research,PHARMA,STAT6 sm - non-SH2 (LC81651),LC81651 - STAT6 sm - non-SH2,Ongoing,M1-M2,High Priority,BiC,,,,,STAT6 sm - non-SH2,STAT6 - non-SH2,Synthetic,SM,Licensed,Inhibition,LC81651_IND001,TRUE,Atopic Dermatitis,AD,,10012438,Dermatitis atopic,Ongoing,Immuno-inflammation,Dermatology,
LC81277,Research,PHARMA,GPC3 x CD16 Nanobody VHH (NKCE) (LC81277),LC81277 - GPC3 x CD16 Nanobody VHH (NKCE),Ongoing,M1-M2,Regular Priority,FiC,SAR449528,SAR449528,,,GPC3 x CD16 Nanobody VHH (NKCE),GPC3xCD16 NKCE,Biologics,NBDY,Internal,Cytotoxicity,LC81277_IND001,TRUE,GPC3+ Hepato Cellular Carcinoma,GPC3+ HCC,,10019697,Hepatic neoplasm malignant,Ongoing,Oncology,Other Solid Tumors,
LC81650,Research,PHARMA,CD30L x OX40L Nanobody VHH (LC81650),LC81650 - CD30L x OX40L Nanobody VHH,Ongoing,M0-M1,Regular Priority,FiC,,,,,CD30L x OX40L Nanobody VHH,CD30LxOX40L VHH,Biologics,NBDY,Internal,Antagonism,LC81650_IND002,,Chronic Obstructive Pulmonary Disease,COPD,,10009033,Chronic obstructive pulmonary disease,Ongoing,,,
LC80014,Research,PHARMA,PIP5K2B sm (LC80014),LC80014 - PIP5K2B sm,Ongoing,M1-M2,Regular Priority,FiC,,,,,PIP5K2B sm,PIP5K2B,Synthetic,SM,Internal,Inhibition,LC80014_IND002,,Asthma,Asthma,,10003553,Asthma,Ongoing,,,
LC81267,Research,PHARMA,TIGIT mAb (LC81267),LC81267 - TIGIT mAb,Ongoing,M1-M2,Regular Priority,FiC,,,,,TIGIT mAb,TIGIT mAb,Biologics,ANT,Internal,Agonism,LC81267_IND002,,Sjogren’s Syndrome,Sjogren's,,10042945,Systemic lupus erythematosus,Ongoing,,,
LC81159,Research,PHARMA,IL13 x IL4 x OX40L mAb (LC81159),LC81159 - IL13 x IL4 x OX40L mAb,Completed,M1-M2,Regular Priority,FiC,SAR447287,SAR447287,,,IL13 x IL4 x OX40L mAb,IL13xIL4xOX40L,Biologics,ANT,Internal,Blocking,LC81159_IND002,,Asthma,Asthma,,10003553,Asthma,Completed,,,
LC81671,Research,PHARMA,CD80 x CD28 Hybrid (LC81671),LC81671 - CD80 x CD28 Hybrid,Ongoing,M0-M1,Regular Priority,FiC,,,,,CD80 x CD28 Hybrid,CD80xCD28,Biologics,HYB,Internal,Antagonism,LC81671_IND002,,Rheumatoid Arthritis,RA,,10039073,Rheumatoid arthritis,Ongoing,,,
SAR445088,Development,PHARMA,riliprubart,SAR445088 - Complement C1s mAb - Active form,Ongoing,Phase 3,Standard,FiC,LC81265,LC81265,riliprubart,,Complement C1s mAb - Active form,aC1s,Biologics,ANT,Acquired,Inhibition,SAR445088_IND001,FALSE,Immune Thrombocytopenic Purpura,ITP,Phase 2,10074667,Immune thrombocytopenic purpura,Stopped,Rare Diseases,,
SAR439684,Development,PHARMA,Libtayo,SAR439684 - PD1 mAb,Completed,LCM,Standard,Little / Uncertain differentiation,,,cemiplimab,Libtayo,PD1 mAb,PD1,Biologics,ANT,Licensed,Inhibition,SAR439684_IND004,FALSE,1L NSCLC - Mono,1L NSCLC - Mono,LCM,10061873,Non-small cell lung cancer,Completed,Oncology,Lung,1
AVE0010-1,Development,PHARMA,Soliqua,AVE0010-1 - Combo GLP1R peptide - Insulin Glargine,Completed,LCM,Standard,Little / Uncertain differentiation,,,Insulin Glargine/Lixisenatide,Soliqua,Combo GLP1R peptide - Insulin Glargine,GLP1R x Insulin glargine,Synthetic,PEP,Licensed,Agonism,AVE0010-1_IND005,FALSE,Lixilan - T2DM - Japan - SC Route,T2DM - JP - SC,LCM,10067585,Type 2 diabetes mellitus,Completed,DCVM,,1
HOE901,Development,PHARMA,Lantus/Toujeo,HOE901 - Insulin glargine,Completed,LCM,Standard,LCM project,,,,Lantus/Toujeo,Insulin glargine,Insulin glargine,Biologics,INS,Internal,Mimetism,HOE901_IND011,TRUE,Toujeo - T1DM/T2DM - U300 - China,,LCM,10012594,Diabetes,Completed,DCVM,,1
LC81662,Research,PHARMA,a4b7 x TL1A mAb (LC81662),LC81662 - a4b7 x TL1A mAb,Ongoing,M0-M1,Regular Priority,BiC,,,,,a4b7 x TL1A mAb,a4b7xTL1A,Biologics,ANT,Internal,Antagonism,LC81662_IND001,TRUE,Inflammatory Bowel Disease,IBD,,10021972,Inflammatory bowel disease,Ongoing,Immuno-inflammation,Gastroenterology,
LC81396,Research,PHARMA,IRF5 sm (LC81396),LC81396 - IRF5 sm,Ongoing,M0-M1,High Priority,FiC,,,,,IRF5 sm,IRF5,Synthetic,SM,Internal,Inhibition,LC81396_IND003,,Lupus Nephritis,LN,,10025140,Lupus nephritis,Ongoing,,,
LC81663,Research,PHARMA,a4b7 x IL23p19 Hybrid (LC81663),LC81663 - a4b7 x IL23p19 Hybrid,Ongoing,M0-M1,Regular Priority,FiC,,,,,a4b7 x IL23p19 Hybrid,a4b7xIL23p19,Biologics,HYB,Internal,Antagonism,LC81663_IND001,TRUE,Inflammatory Bowel Disease,IBD,,10021972,Inflammatory bowel disease,Ongoing,Immuno-inflammation,Gastroenterology,
LC81412,Research,PHARMA,SLC15A4 sm (LC81412),LC81412 - SLC15A4 sm,Ongoing,M1-M2,High Priority,FiC,,,,,SLC15A4 sm,SLC15A4,Synthetic,SM,Licensed,Inhibition,LC81412_IND003,,Hidradenitis Suppurativa,HS,,10020041,Hidradenitis suppurativa,Ongoing,,,
SP0238,Development,VACCINE,Flu QIV SD China,Shenzhen Quadrivalent Influenza Vaccine for China,Completed,Post-Launch,,LCM project,,,,,Active immunization,,Biologics,IAV,Internal,,SP0238_IND001,TRUE,Common activities - Flu QIV SHZ,,Post-Licence,10021430,Immunisation,Completed,Vaccines,FLU,1
SAR342434,Development,PHARMA,Admelog/Insulin lispro Sanofi,SAR342434 - Rapid acting insulin (LISA),Completed,LCM,Standard,LCM project,,,insulin lispro,Admelog/Insulin lispro Sanofi,Rapid acting insulin (LISA),Insulin lispro,Biologics,INS,Internal,Mimetism,SAR342434_IND001,FALSE,T1 & T2 Diabetes Mellitus - Insulin Lispro Solution,T1&T2 DM - Lispro - Sol,LCM,10012594,Diabetes,Completed,DCVM,,1
LC81399,Research,PHARMA,IL25R sm (LC81399),LC81399 - IL25R sm,Ongoing,M0-M1,Regular Priority,FiC,,,,,IL25R sm,IL25R,Synthetic,SM,Internal,Antagonism,LC81399_IND002,,Chronic Rhinosinusitis with Nasal Polyps,CRSwNP,,10080060,Chronic rhinosinusitis with nasal polyps,Ongoing,,,
SAR231893,Development,PHARMA,Dupixent,SAR231893 - IL4R mAb,Ongoing,LCM,High,FiC,,,dupilumab,Dupixent,IL4R mAb,IL4R,Biologics,ANT,Licensed,Inhibition,SAR231893_IND035,FALSE,Atopic Dermatitis - Adolescent - Maintenance Treatment,,,,,Stopped,Immuno-inflammation,,
SAR231893,Development,PHARMA,Dupixent,SAR231893 - IL4R mAb,Ongoing,LCM,High,FiC,,,dupilumab,Dupixent,IL4R mAb,IL4R,Biologics,ANT,Licensed,Inhibition,SAR231893_IND013,FALSE,Eosinophilic Esophagitis - Ped - 1-11 years,EoE - Ped 1-11y,LCM,10064212,Eosinophilic oesophagitis,Completed,Immuno-inflammation,Gastroenterology,1
LC81645,Research,PHARMA,CXCR4 x ICOS Nanobody VHH (LC81645),LC81645 - CXCR4 x ICOS Nanobody VHH,Ongoing,M0-M1,Regular Priority,FiC,,,,,CXCR4 x ICOS Nanobody VHH,CXCR4xICOS VHH,Biologics,NBDY,Internal,Immune modulation,LC81645_IND001,TRUE,Sjogren's Syndrome,Sjogren's,,10040767,Sjogren’s syndrome,Ongoing,Immuno-inflammation,Rheumatology,
LC81422,Research,PHARMA,NLRP3 sm - Next Generation (LC81422),LC81422 - NLRP3 sm - Next Generation,Ongoing,M1-M2,Regular Priority,BiC,,,,,NLRP3 sm - Next Generation,NLRP3 Next Gen,Synthetic,SM,Internal,Inhibition,LC81422_IND003,,Amyotrophic Lateral Sclerosis,ALS,,10002026,Amyotrophic lateral sclerosis,Ongoing,,,
GZ419829,Development,PHARMA,Myozyme/Lumizyme,GZ419829 - Acid alfa glucosidase,Completed,LCM,Standard,LCM project,,,alglucosidase alfa,Myozyme/Lumizyme,Acid alfa glucosidase,GAA (Myozyme),Biologics,REC,Acquired,Enzyme replacement therapy,GZ419829_IND002,FALSE,Pompe Disease - US label expansion,,LCM,10053185,Glycogen storage disease type II,Completed,Rare Diseases,,
GZ385660,Development,PHARMA,Cerdelga,GZ385660 - Glucosylceramide synthetase sm,Ongoing,LCM,Standard,Little / Uncertain differentiation,,,eliglustat,Cerdelga,Glucosylceramide synthetase sm,GCS,Synthetic,SM,Acquired,Inhibition,GZ385660_IND002,TRUE,Gaucher Disease Type I - Pediatric patients switching from ERT - 2-17 years,GD1 - Ped,LCM,10018048,Gaucher's disease,Ongoing,Rare Diseases,Metabolic Disorders,1
GZ402673,Development,PHARMA,Lemtrada,GZ402673 - Anti-CD52 mAb,Completed,LCM,Standard,LCM project,,,alemtuzumab,Lemtrada,Anti-CD52 mAb,CD52,Biologics,ANT,Acquired,Binding,GZ402673_IND001,TRUE,Relapsing and Remitting Multiple Sclerosis - Adult & Pediatric - 10-17 years,RRMS,LCM,10063399,Relapsing-remitting multiple sclerosis,Completed,Neurology,,1
SP0236,Development,VACCINE,Flu rec Pandemic,Influenza recombinant vaccine - Pandemic,Ongoing,Preclinical,Medium,BiC,,,,Panblok,Active immunization,,Biologics,REC,Acquired,,SP0236_IND001,FALSE,Indication for H7N9 Adult - STOPPED  - Did not meet Clinical Endpoints,H7 Adult,Termination,10022000,Influenza,Stopped,Vaccines,FLU,
SAR449124,Development,PHARMA,Redemplo,SAR449124 - Apolipoprotein C-III siRNA,Ongoing,LCM,Medium,FiC,,,plozasiran,Redemplo,Apolipoprotein C-III siRNA,APOC3 siRNA,Synthetic,OLIG,Licensed,Reduction,SAR449124_IND003,FALSE,Severe Hypertriglyceridemia at risk of Acute Pancreatitis- China,sHTG pancreatitis - CN,Phase 3,10020870,Hypertriglyceridemia,Ongoing,DCVM,Cardiovasc & Metabolism Disorders,0.68
LC81694,Research,PHARMA,CD19 x BCMA x Dectin1 Hybrid (MCE) (LC81694),LC81694 - CD19 x BCMA x Dectin1 Hybrid (MCE),Ongoing,M0-M1,Regular Priority,BiC,,,,,CD19 x BCMA x Dectin1 Hybrid (MCE),CD19xBCMAxDectin1 MCE,Biologics,HYB,Licensed,Cytotoxicity,LC81694_IND003,,Sjogren’s syndrome,Sjogren's,,10040767,Sjogren’s syndrome,Ongoing,,,
SAR650984,Development,PHARMA,Sarclisa,SAR650984 - CD38 mAb,Ongoing,LCM,Medium,BiC,,,isatuximab,Sarclisa,CD38 mAb,CD38,Biologics,ANT,Licensed,Binding,SAR650984_IND016,FALSE,Warm Autoimmune Hemolytic Anemia - Mono,wAIHA,Phase 2,10002034,Anaemia,Stopped,Rare Diseases,Immune Mediated Blood Disorders,
LC81404,Research,PHARMA,GREM1 x TGFb1/3 mAb (LC81404),LC81404 - GREM1 x TGFb1/3 mAb,Ongoing,M0-M1,Regular Priority,FiC,,,,,GREM1 x TGFb1/3 mAb,GREM1xTGFb1/3,Biologics,ANT,Internal,Inhibition,LC81404_IND001,TRUE,Progressive Fibrosing Interstitial Lung Disease,PF-ILD,,10022611,Interstitial lung disease,Ongoing,Immuno-inflammation,Respiratory,
GZ402671,Development,PHARMA,venglustat,GZ402671 - GCS sm - 2nd generation,Ongoing,Phase 3,Standard,FiC,,,venglustat,,GCS sm - 2nd generation,GCS 2nd gen,Synthetic,SM,Acquired,Inhibition,GZ402671_IND010,FALSE,Gaucher Disease Type 3 - Mono - Adult & Ped,,,10018048,Gaucher's disease,Stopped,Rare Diseases,,
SAR236553,Development,PHARMA,Praluent,SAR236553 - Anti-PCSK-9 mAb,Completed,LCM,Standard,LCM project,,,alirocumab,Praluent,Anti-PCSK-9 mAb,PCSK9,Biologics,ANT,Licensed,Binding,SAR236553_IND008,FALSE,LDL-C reduction China,LDL-C reduc - CN,LCM,10020603,Hypercholesterolaemia,Completed,DCVM,,1
SP0171,Development,VACCINE,Flu EU QIV IM,Quadrivalent Influenza Vaccine Vaxigrip IM ,Completed,Post-Launch,,Little / Uncertain differentiation,,,,VaxigripTetra,Active immunization,,Biologics,IAV,Internal,,SP0171_IND003,FALSE,Multidose (MDV),MDV,,10021430,Immunisation,Completed,Vaccines,FLU,
SP0232,Development,VACCINE,RSV mAb,Respiratory syncytial virus mAb,Completed,Post-Launch,,FiC,,,nirsevimab,Beyfortus,Active immunization,,Biologics,ANT,Licensed,,SP0232_IND002,TRUE,Nirsevimab Global (RSV mAb),RSV,Post-Launch,10021430,Immunisation,Completed,Vaccines,RSV,1
SAR236553,Development,PHARMA,Praluent,SAR236553 - Anti-PCSK-9 mAb,Completed,LCM,Standard,LCM project,,,alirocumab,Praluent,Anti-PCSK-9 mAb,PCSK9,Biologics,ANT,Licensed,Binding,SAR236553_IND010,FALSE,CV event reduction - China,,LCM,10064939,Cardiovascular event prophylaxis,Completed,DCVM,,1
SP0171,Development,VACCINE,Flu EU QIV IM,Quadrivalent Influenza Vaccine Vaxigrip IM ,Completed,Post-Launch,,Little / Uncertain differentiation,,,,VaxigripTetra,Active immunization,,Biologics,IAV,Internal,,SP0171_IND002,FALSE,6-35m,6-35m,,10021430,Immunisation,Completed,Vaccines,FLU,
LC81391,Research,PHARMA,STAT6 sm - SH2 - Premier and Additional Frontrunners (LC81391),LC81391 - STAT6 sm - SH2 - Premier and Additional Frontrunners,Ongoing,M1-M2,High Priority,FiC,SAR448755,SAR448755,,,STAT6 sm - SH2 - Premier and Additional Frontrunners,STAT6 - SH2 - Prem + Add FR,Synthetic,SM,Licensed,Inhibition,LC81391_IND002,TRUE,Atopic Dermatitis - Additional Frontrunner,AD - Add Frontrunner,,10012438,Dermatitis atopic,Ongoing,Immuno-inflammation,Dermatology,
XC01152,Research,PHARMA,NK Cell Therapy - CD38 knock-out (XC01152),XC01152 - NK Cell Therapy - CD38 knock-out,Completed,M1-M2,Fast Track,FiC,SAR446661,SAR446661,,,NK Cell Therapy - CD38 knock-out,NK Cell CD38KO,Cell Therapy,CELLS,Acquired,Cytotoxicity,XC01152_IND001,TRUE,Discovery,,,10028228,Multiple myeloma,Completed,Oncology,,
LC81690,Research,PHARMA,SIRPa x TIM3 Hybrid (LC81690),LC81690 - SIRPa x TIM3 Hybrid,Ongoing,M0-M1,Regular Priority,FiC,,,,,SIRPa x TIM3 Hybrid,SIRPa xTIM3,Biologics,HYB,Internal,Agonism,LC81690_IND002,,Ulcerative Colitis,UC,,10009900,Colitis ulcerative,Ongoing,,,
SAR153191,Development,PHARMA,Kevzara,SAR153191 - IL6R mAb,Ongoing,LCM,Standard,Little / Uncertain differentiation,,,sarilumab,Kevzara,IL6R mAb,IL6R,Biologics,ANT,Licensed,Inhibition,SAR153191_IND013,FALSE,Rheumatoid Arthritis - Japan,RA - JP,,10039073,Rheumatoid arthritis,Stopped,Immuno-inflammation,,
GZ402666,Development,PHARMA,Nexviazyme,GZ402666 - GAA recombinant protein,Ongoing,LCM,Standard,BiC,,,avalglucosidase alfa,Nexviazyme,GAA recombinant protein,Neo GAA,Biologics,REC,Acquired,Enzyme replacement therapy,GZ402666_IND002,TRUE,Infantile Onset Pompe Disease,IOPD,Phase 3,10053185,Glycogen storage disease type II,Ongoing,Rare Diseases,Neuromuscular Diseases,0.87
SAR439774,Development,PHARMA,Qfitlia,SAR439774 - Antithrombin III siRNA,Ongoing,LCM,Standard,FiC,,,fitusiran,Qfitlia,Antithrombin III siRNA,ATIII siRNA,Synthetic,OLIG,Licensed,Lowering,SAR439774_IND003,FALSE,Hemophilia A/B - On-Demand / Prophy,,,10066439,Hemophilia,Stopped,Rare Diseases,,
SAR231893,Development,PHARMA,Dupixent,SAR231893 - IL4R mAb,Ongoing,LCM,High,FiC,,,dupilumab,Dupixent,IL4R mAb,IL4R,Biologics,ANT,Licensed,Inhibition,SAR231893_IND027,FALSE,Atopic Dermatitis - Ped - 6 months-14 years - Japan,AD - Ped - JP,LCM,10012438,Dermatitis atopic,Completed,Immuno-inflammation,Dermatology,1
SAR445877,Development,PHARMA,PD1xIL15,SAR445877 - PD1 x IL15 fusion protein,Ongoing,Phase 2,GATE,FiC,,,,,PD1 x IL15 fusion protein,PD1xIL15,Biologics,FUP,Internal,Immune stimulation,SAR445877_IND008,FALSE,2L Gastric cancer - Mono,2L GC,Initiation,10017758,Gastric cancer,Ongoing,Oncology,Other Solid Tumors,0.08
LC81408,Research,PHARMA,GPR183 sm (LC81408),LC81408 - GPR183 sm,Ongoing,M1-M2,Regular Priority,BiC,,,,,GPR183 sm,GPR183,Synthetic,SM,Licensed,Inhibition,LC81408_IND003,,Hidradenitis Suppurativa,HS,,10020041,Hidradenitis suppurativa,Ongoing,,,
SAR231893,Development,PHARMA,Dupixent,SAR231893 - IL4R mAb,Ongoing,LCM,High,FiC,,,dupilumab,Dupixent,IL4R mAb,IL4R,Biologics,ANT,Licensed,Inhibition,SAR231893_IND008,FALSE,Asthma - Ped - 2-5 years,Asthma - Ped 2-5y,Phase 3,10003553,Asthma,Ongoing,Immuno-inflammation,Respiratory,0.72
SAR448289,Development,PHARMA,TFRCx aC1s,SAR448289 - TFRC x aC1s mAb,Ongoing,Preclinical,GATE,FiC,LC81317,LC81317,,,TFRC x aC1s mAb,TFRCx aC1s,Biologics,ANT,Internal,Blocking,SAR448289_IND001,TRUE,Alzheimer's disease,Alzheimer,Preclinical,10001896,Alzheimer's disease,Ongoing,Neurology,Neurodegenerative diseases,0.09
AVE0010,Development,PHARMA,Lyxumia/Adlyxin,AVE0010 - GLP1R peptide,Completed,LCM,Standard,LCM project,,,lixisenatide,Lyxumia/Adlyxin,GLP1R peptide,GLP1R,Synthetic,PEP,Licensed,Agonism,AVE0010_IND004,FALSE,Lyxumia - T2DM - Immediate Release - ELIXA final Results - EU Type 2 Variation,,LCM,10067585,Type 2 diabetes mellitus,Completed,DCVM,,1
SAR447873,Development,PHARMA,Dotamtate,SAR447873 - SSTR sm - Alpha emitter therapy,Ongoing,Phase 2,GATE,FiC,,,,,SSTR sm - Alpha emitter therapy,Dotamtate,Synthetic,SM,Licensed,Cytotoxicity,SAR447873_IND001,TRUE,GastroEnteroPancreatic & NeuroEndocrine Tumors,GEP-NET,Phase 2,10062476,Neuroendocrine tumor,Stopped,Oncology,Other Solid Tumors,0.97
SP0047,Development,VACCINE,MenQuadfi,Neisseria meninigitidis (ACWY) conjugate tetanus toxoid vaccine,Ongoing,Post-Launch,High,Little / Uncertain differentiation,,,,MenQuadfi,Active immunization,,Biologics,GCV,Internal,,SP0047_IND002,TRUE,Meningococcal (ACWY) disease - Pediatric 6w+,Meningococcal (ACWY) disease - Ped 6w+,Post-Licence,10004049,Bacterial meningitis,Ongoing,Vaccines,PMED_Pneumo Meningitis,1
SAR441344,Development,PHARMA,frexalimab,SAR441344 - CD40L mAb,Ongoing,Phase 3,High,BiC,XC01129,XC01129,frexalimab,,CD40L mAb,CD40L,Biologics,ANT,Internal,Antagonism,SAR441344_IND005,FALSE,"Type 1 Diabetes, Stage 3 - Newly diagnosed",T1D Stage 3 Newly Diagn,Phase 2,10091460,Type 1 diabetes mellitus stage 3,Ongoing,DCVM,T1 Diabetes,0.15
ALX0081,Development,PHARMA,Cablivi,ALX0081 - vWF Nanobody VHH,Completed,LCM,Standard,FiC,,,caplacizumab,Cablivi,vWF Nanobody VHH,vWF VHH,Biologics,NBDY,Acquired,Inhibition,ALX0081_IND001,FALSE,Acquired Thrombotic Thrombocytopenic Purpura - JP,aTTP - JP,LCM,10043648,Thrombotic thrombocytopenic purpura,Completed,Rare Diseases,Immune Mediated Blood Disorders,1
SAR231893,Development,PHARMA,Dupixent,SAR231893 - IL4R mAb,Ongoing,LCM,High,FiC,,,dupilumab,Dupixent,IL4R mAb,IL4R,Biologics,ANT,Licensed,Inhibition,SAR231893_IND025,FALSE,Ulcerative Colitis,UC,Phase 2,10009900,Colitis ulcerative,Stopped,Immuno-inflammation,Gastroenterology,0.32
SAR445229,Development,PHARMA,amlitelimab,SAR445229 - OX40L mAb,Ongoing,Phase 3,High,BiC,,,amlitelimab,,OX40L mAb,OX40L,Biologics,ANT,Acquired,Blocking,SAR445229_IND006,FALSE,Celiac Disease,Celiac Disease,Phase 2,10007864,Celiac disease,Stopped,Immuno-inflammation,Gastroenterology,
SAR153191,Development,PHARMA,Kevzara,SAR153191 - IL6R mAb,Ongoing,LCM,Standard,Little / Uncertain differentiation,,,sarilumab,Kevzara,IL6R mAb,IL6R,Biologics,ANT,Licensed,Inhibition,SAR153191_IND010,FALSE,Chronic Non Infectious Uveitis,,,10046851,Uveitis,Stopped,Immuno-inflammation,,
SP0202,Development,VACCINE,PCV21,Streptococcus pneumoniae conjugate vaccine,Ongoing,Phase 3,High,Little / Uncertain differentiation,,,,,Active immunization,,Biologics,GCV,Licensed,,SP0202_IND005,FALSE,Streptococcus pneumoniae disease - Pediatric - China,S. pneumoniae disease - Ped - CN,Initiation,10092606,Invasive pneumococcal disease,Ongoing,Vaccines,PMED_Pneumo Meningitis,0.59
SAR445761,Development,PHARMA,Rezurock ,SAR445761 - ROCK2 sm,Ongoing,LCM,Standard,FiC,,,belumosudil,Rezurock ,ROCK2 sm,ROCK2,Synthetic,SM,Acquired,Inhibition,SAR445761_IND004,FALSE,3L Chronic Graft versus Host Disease - Ped - 1-17 years,3L cGvHD – Ped,Phase 2,10018651,Graft versus host disease,Ongoing,Transplant,Transplant (Hemato),0.325
LC81668,Research,PHARMA,CD40L x PD1 Hybrid (LC81668),LC81668 - CD40L x PD1 Hybrid,Ongoing,M0-M1,Regular Priority,FiC,,,,,CD40L x PD1 Hybrid,CD40LxPD1,Biologics,HYB,Internal,Modulation,LC81668_IND001,TRUE,Transplantation,Transplant,,10057677,Transplant,Ongoing,Transplant,Transplant (Solid Organs),
XC01158,Research,PHARMA,STAT6 sm - Degrader (XC01158),XC01158 - STAT6 sm - Degrader,Completed,M1-M2,High Priority,FiC,SAR448272,SAR448272,,,STAT6 sm - Degrader,STAT6 Degrader,Synthetic,SM,Licensed,Degradation,XC01158_IND001,TRUE,Atopic Dermatitis,AD,,10012438,Dermatitis atopic,Completed,Immuno-inflammation,Dermatology,
LC80484,Research,PHARMA,NLRP3 sm (LC80484),LC80484 - NLRP3 sm,Completed,M1-M2,High Priority,BiC,SAR447387,SAR447387,,,NLRP3 sm,NLRP3,Synthetic,SM,Internal,Inhibition,LC80484_IND003,,Parkinson's Disease,Parkinson,,10001896,Alzheimer's disease,Completed,,,
HOE901,Development,PHARMA,Lantus/Toujeo,HOE901 - Insulin glargine,Completed,LCM,Standard,LCM project,,,,Lantus/Toujeo,Insulin glargine,Insulin glargine,Biologics,INS,Internal,Mimetism,HOE901_IND001,FALSE,Toujeo - T1DM - U300 - Pediatric Children and Adolescents - Labeling update,T1DM - U300 - Ped,LCM,10067584,Type 1 diabetes mellitus,Completed,DCVM,,1
AVE0010-1,Development,PHARMA,Soliqua,AVE0010-1 - Combo GLP1R peptide - Insulin Glargine,Completed,LCM,Standard,Little / Uncertain differentiation,,,Insulin Glargine/Lixisenatide,Soliqua,Combo GLP1R peptide - Insulin Glargine,GLP1R x Insulin glargine,Synthetic,PEP,Licensed,Agonism,AVE0010-1_IND003,FALSE,Lixilan - T2DM - Basal - SC - China,T2DM Basal - CN - SC,LCM,10067585,Type 2 diabetes mellitus,Completed,DCVM,T1 & T2 Diabetes,0.97
LC81113,Research,PHARMA,Multi KRAS sm (LC81113),LC81113 - Multi KRAS sm,Ongoing,M1-M2,Regular Priority,BiC,,,,,Multi KRAS sm,Multi KRAS,Synthetic,SM,Internal,Inhibition,LC81113_IND003,,Pancreatic Carcinoma,Pancreatic Carcinoma,,10033609,Pancreatic carcinoma,Ongoing,,,
SAR442970,Development,PHARMA,brivekimig,SAR442970 - TNFa x OX40L Nanobody VHH,Ongoing,Phase 2B,GATE,FiC,XC01135,XC01135,brivekimig,,TNFa x OX40L Nanobody VHH,TNFa xOX40L,Biologics,NBDY,Internal,Blocking,SAR442970_IND004,FALSE,Crohn's Disease,Crohn,Phase 2,10011401,Crohn's disease,Ongoing,Immuno-inflammation,Gastroenterology,0.24
LC81671,Research,PHARMA,CD80 x CD28 Hybrid (LC81671),LC81671 - CD80 x CD28 Hybrid,Ongoing,M0-M1,Regular Priority,FiC,,,,,CD80 x CD28 Hybrid,CD80xCD28,Biologics,HYB,Internal,Antagonism,LC81671_IND003,,Inflammatory Bowel Disease,IBD,,10021972,Inflammatory bowel disease,Ongoing,,,
SAR449028,Development,PHARMA,WT KIT,SAR449028 - Wild Type KIT sm,Ongoing,Phase 2A,GATE,BiC,,,,,Wild Type KIT sm,WT KIT,Synthetic,SM,Acquired,Inhibition,SAR449028_IND001,TRUE,Chronic Urticaria,Chronic Urticaria,Phase 2A,10052568,Urticaria chronic,Ongoing,Immuno-inflammation,Dermatology,0.13
LC81414,Research,PHARMA,IL10R Nanobody VHH (LC81414),LC81414 - IL10R Nanobody VHH,Ongoing,M0-M1,Regular Priority,FiC,,,,,IL10R Nanobody VHH,IL10R VHH,Biologics,NBDY,Licensed,Agonism,LC81414_IND006,,Asthma,Asthma,,10003553,Asthma,Ongoing,,,
LC81688,Research,PHARMA,ST2 x TSLP Nanobody VHH (LC81688),LC81688 - ST2 x TSLP Nanobody VHH,Ongoing,M0-M1,Regular Priority,FiC,,,,,ST2 x TSLP Nanobody VHH,ST2xTSLP,Biologics,NBDY,Internal,Antagonism,LC81688_IND003,,Eosinophilic Esophagitis,EoE,,10064212,Eosinophilic oesophagitis,Ongoing,,,
XRP6976,Development,PHARMA,Taxotere,XRP6976 - Tubulin  inh.,Completed,LCM,Standard,LCM project,,,docetaxel,Taxotere,Tubulin  inh.,Tubulin,Synthetic,SM,Licensed,Inhibition,XRP6976_IND004,FALSE,Nasopharyngeal Carcinoma,,LCM,10061306,Nasopharyngeal cancer,Completed,Oncology,,1
GZ402673,Development,PHARMA,Lemtrada,GZ402673 - Anti-CD52 mAb,Completed,LCM,Standard,LCM project,,,alemtuzumab,Lemtrada,Anti-CD52 mAb,CD52,Biologics,ANT,Acquired,Binding,GZ402673_IND007,FALSE,Chronic Lymphocytic Leukemia - Japan,,LCM,10008958,Chronic lymphocytic leukaemia,Completed,Oncology,,1
LC81140,Research,PHARMA,DMPK RNAi AAV (LC81140),LC81140 - DMPK RNAi AAV,Completed,M1-M2,High Priority,FiC,SAR446268,SAR446268,,,DMPK RNAi AAV,DMPK RNAi AAV,Biologics,AAV GT,Internal,Knockdown,LC81140_IND001,TRUE,Myotonic Dystrophy Type 1,DM1,,10068871,Myotonic dystrophy,Completed,Rare Diseases,,
HOE901,Development,PHARMA,Lantus/Toujeo,HOE901 - Insulin glargine,Completed,LCM,Standard,LCM project,,,,Lantus/Toujeo,Insulin glargine,Insulin glargine,Biologics,INS,Internal,Mimetism,HOE901_IND018,FALSE,Lantus Titration App,,,10012594,Diabetes,Stopped,DCVM,,
SAR441566,Development,PHARMA,balinatunfib,SAR441566 - TNFa sm - TNFR1 signaling inhibition,Ongoing,Phase 2,Medium,FiC,LC81095,LC81095,balinatunfib,,TNFa sm - TNFR1 signaling inhibition,TNFR1si,Synthetic,SM,Internal,Inhibition,SAR441566_IND004,TRUE,Crohn's Disease,Crohn,Phase 2,10011401,Crohn's disease,Ongoing,Immuno-inflammation,Gastroenterology,0.14
LC81424,Research,PHARMA,IL17A sm - Next Generation (LC81424),LC81424 - IL17A sm - Next Generation,Ongoing,M1-M2,High Priority,BiC,,,,,IL17A sm - Next Generation,IL17A Next Gen,Synthetic,SM,Internal,Antagonism,LC81424_IND002,,Psoriasis,Psoriasis,,10037153,Psoriasis,Ongoing,,,
LC81685,Research,PHARMA,TSLP x OX40L Nanobody VHH (LC81685),LC81685 - TSLP x OX40L Nanobody VHH,Ongoing,M1-M2,Regular Priority,FiC,SAR449468,SAR449468,,,TSLP x OX40L Nanobody VHH,TSLPxOX40L,Biologics,NBDY,Internal,Antagonism,LC81685_IND004,,Bullous Pemphigoid,BP,,10034277,Pemphigoid,Ongoing,,,
LC81690,Research,PHARMA,SIRPa x TIM3 Hybrid (LC81690),LC81690 - SIRPa x TIM3 Hybrid,Ongoing,M0-M1,Regular Priority,FiC,,,,,SIRPa x TIM3 Hybrid,SIRPa xTIM3,Biologics,HYB,Internal,Agonism,LC81690_IND003,,Crohn's Disease,Crohn,,10011401,Crohn's disease,Ongoing,,,
SAR442168,Development,PHARMA,Cenrifki,SAR442168 - BTK sm - Central,Ongoing,Regulatory submission,Medium,BiC,,,tolebrutinib,Cenrifki,BTK sm - Central,BTK central,Synthetic,SM,Acquired,Inhibition,SAR442168_IND004,FALSE,Myasthenia Gravis - Adult & Ped -  12-17 years,MG,Phase 3,10028417,Myasthenia gravis,Stopped,Neurology,Neuro-inflammation,
LC80484,Research,PHARMA,NLRP3 sm (LC80484),LC80484 - NLRP3 sm,Completed,M1-M2,High Priority,BiC,SAR447387,SAR447387,,,NLRP3 sm,NLRP3,Synthetic,SM,Internal,Inhibition,LC80484_IND004,,Amyotrophic Lateral Sclerosis,ALS,,10002026,Amyotrophic lateral sclerosis,Completed,,,
LC81410,Research,PHARMA,BTKi sm - Next Generation (LC81410),LC81410 - BTKi sm - Next Generation,Ongoing,M1-M2,Regular Priority,BiC,,,,,BTKi sm - Next Generation,BTKi Next Gen,Synthetic,SM,Licensed,Inhibition,LC81410_IND001,TRUE,Multiple Sclerosis,MS,,10028245,Multiple sclerosis,Ongoing,Neurology,Neuro-inflammation,
GZ393590,Development,PHARMA,Clolar/Evoltra,GZ393590 - Purine nucleoside analog,Completed,LCM,Standard,LCM project,,,clofarabine,Clolar/Evoltra,Purine nucleoside analog,Purine nucleoside,Synthetic,SM,Acquired,Mimetism,GZ393590_IND001,TRUE,Acute Lymphoblastic Leukemia Pediatric,ALL - Ped,LCM,10000845,Acute lymphoblastic leukemia,Completed,Oncology,Other Heme Malignancies,1
LC81659,Research,PHARMA,TL1A x IL23p19 mAb (LC81659),LC81659 - TL1A x IL23p19 mAb,Completed,M1-M2,Regular Priority,BiC,SAR448681,SAR448681,,,TL1A x IL23p19 mAb,TL1AxIL23p19,Biologics,ANT,Licensed,Inhibition,LC81659_IND001,TRUE,Ulcerative Colitis,UC,,10009900,Colitis ulcerative,Completed,Immuno-inflammation,Gastroenterology,
SAR440340,Development,PHARMA,itepekimab,SAR440340 - IL33 mAb,Ongoing,Phase 3,Medium,FiC,,,itepekimab,,IL33 mAb,IL33,Biologics,ANT,Licensed,Antagonism,SAR440340_IND003,FALSE,Atopic Dermatitis,AD,Phase 2B,10012438,Dermatitis atopic,Stopped,Immuno-inflammation,,
LC81311,Research,PHARMA,ITK x TXK sm (LC81311),LC81311 - ITK x TXK sm,Ongoing,M1-M2,Regular Priority,FiC,SAR449598,SAR449598,,,ITK x TXK sm,ITK x TXK,Synthetic,SM,Internal,Inhibition,LC81311_IND002,,Hidradenitis Suppurativa,HS,,10020041,Hidradenitis suppurativa,Ongoing,,,
LC81402,Research,PHARMA,IRF4 sm (LC81402),LC81402 - IRF4 sm,Ongoing,M0-M1,Regular Priority,FiC,,,,,IRF4 sm,IRF4,Synthetic,SM,Internal,Inhibition,LC81402_IND001,TRUE,Inflammatory Bowel Disease,IBD,,10021972,Inflammatory bowel disease,Ongoing,Immuno-inflammation,Gastroenterology,
SAR447287,Development,PHARMA,IL13xIL4xOX40L,SAR447287 - IL13 x IL4 x OX40L mAb,Ongoing,Preclinical,GATE,FiC,LC81159,LC81159,,,IL13 x IL4 x OX40L mAb,IL13xIL4xOX40L,Biologics,ANT,Internal,Blocking,SAR447287_IND001,TRUE,Atopic Dermatitis,AD,Preclinical,10012438,Dermatitis atopic,Ongoing,Immuno-inflammation,Dermatology,0.09
XRP6976,Development,PHARMA,Taxotere,XRP6976 - Tubulin  inh.,Completed,LCM,Standard,LCM project,,,docetaxel,Taxotere,Tubulin  inh.,Tubulin,Synthetic,SM,Licensed,Inhibition,XRP6976_IND002,FALSE,Squamous Cell Carcinoma of the Head and Neck - China,,,10067821,Head and neck cancer,Stopped,Oncology,,
SAR446681,Development,PHARMA,Tzield,SAR446681 - CD3 mAb,Ongoing,LCM,Medium,FiC,,,teplizumab,Tzield,CD3 mAb,CD3,Biologics,ANT,Acquired,Immune modulation,SAR446681_IND001,TRUE,"Type 1 diabetes, Stage 2 - Delay of Onset",T1D Stage 2 Delay Onset,LCM,10091458,Type 1 diabetes mellitus stage 2,Ongoing,DCVM,T1 Diabetes,1
LC81422,Research,PHARMA,NLRP3 sm - Next Generation (LC81422),LC81422 - NLRP3 sm - Next Generation,Ongoing,M1-M2,Regular Priority,BiC,,,,,NLRP3 sm - Next Generation,NLRP3 Next Gen,Synthetic,SM,Internal,Inhibition,LC81422_IND004,,Myotonic Dystrophy Type 1,DM1,,10068871,Myotonic dystrophy,Ongoing,,,
LC81237,Research,PHARMA,NKG2D x IL4 x IL13 mAb (LC81237),LC81237 - NKG2D x IL4 x IL13 mAb,Completed,M1-M2,High Priority,BiC,SAR447754,SAR447754,,,NKG2D x IL4 x IL13 mAb,NKG2DxIL4xIL13,Biologics,ANT,Internal,Blocking,LC81237_IND004,,Eosinophilic Esophagitis,EoE,,10064212,Eosinophilic oesophagitis,Completed,,,
LC81675,Research,PHARMA,IL5 x TL1A mAb (LC81675),LC81675 - IL5 x TL1A mAb,Ongoing,M0-M1,Regular Priority,FiC,,,,,IL5 x TL1A mAb,IL5xTL1A,Biologics,ANT,Internal,Antagonism,LC81675_IND001,TRUE,Asthma,Asthma,,10003553,Asthma,Ongoing,Immuno-inflammation,Respiratory,
LC81159,Research,PHARMA,IL13 x IL4 x OX40L mAb (LC81159),LC81159 - IL13 x IL4 x OX40L mAb,Completed,M1-M2,Regular Priority,FiC,SAR447287,SAR447287,,,IL13 x IL4 x OX40L mAb,IL13xIL4xOX40L,Biologics,ANT,Internal,Blocking,LC81159_IND001,TRUE,Atopic Dermatitis,AD,,10012438,Dermatitis atopic,Completed,Immuno-inflammation,,
LC81316,Research,PHARMA,TNFR2 x IL2R Nanobody VHH (LC81316),LC81316 - TNFR2 x IL2R Nanobody VHH,Ongoing,M0-M1,Regular Priority,FiC,,,,,TNFR2 x IL2R Nanobody VHH,TNFR2xIL2R,Biologics,NBDY,Internal,Agonism,LC81316_IND001,TRUE,Inflammatory Bowel Disease,IBD,,10021972,Inflammatory bowel disease,Ongoing,Immuno-inflammation,Gastroenterology,
SP0335,Development,VACCINE,Flu H5 egg Pandemic (+Adjuvants),Influenza H5 egg inactivated vaccine (+Adjuvants) – Pandemic,Ongoing,Phase 2,Not Defined,Little / Uncertain differentiation,,,,,Active immunization,,Biologics,IAV,Internal,,SP0335_IND002,TRUE,Flu H5 P1 Egg + Adjuvants - Pandemic (BARDA),Flu H5 P1 Egg + Adjuv - BARDA,Preclinical,10022000,Influenza,Ongoing,Vaccines,FLU,0.61
SAR650984,Development,PHARMA,Sarclisa,SAR650984 - CD38 mAb,Ongoing,LCM,Medium,BiC,,,isatuximab,Sarclisa,CD38 mAb,CD38,Biologics,ANT,Licensed,Binding,SAR650984_IND032,FALSE,1L NDMM - Te - Combo Carfilzomib-Lenalidomide (EMN),1L NDMM Te w/KRd-EMN,Phase 3,10028228,Multiple myeloma,Ongoing,Oncology,Multiple Myeloma,0.14
LC81237,Research,PHARMA,NKG2D x IL4 x IL13 mAb (LC81237),LC81237 - NKG2D x IL4 x IL13 mAb,Completed,M1-M2,High Priority,BiC,SAR447754,SAR447754,,,NKG2D x IL4 x IL13 mAb,NKG2DxIL4xIL13,Biologics,ANT,Internal,Blocking,LC81237_IND002,,Asthma,Asthma,,10003553,Asthma,Completed,,,
LC81420,Research,PHARMA,aC1s sm - AI-driven (LC81420),LC81420 - aC1s sm - AI-driven,Ongoing,M0-M1,Regular Priority,FiC,,,,,aC1s sm - AI-driven,aC1s AI-driven,Synthetic,SM,Internal,Inhibition,LC81420_IND004,,Huntington's Disease,Huntington,,10070668,Huntington's disease,Ongoing,,,
SP0202,Development,VACCINE,PCV21,Streptococcus pneumoniae conjugate vaccine,Ongoing,Phase 3,High,Little / Uncertain differentiation,,,,,Active immunization,,Biologics,GCV,Licensed,,SP0202_IND006,FALSE,STOPPED Japan Peds,PCV - Ped - JP,Initiation,10092606,Invasive pneumococcal disease,Stopped,Vaccines,PMED_Pneumo Meningitis,
XC01151,Research,PHARMA,IL1R3 mAb (XC01151),XC01151 - IL1R3 mAb,Completed,M1-M2,Regular Priority,FiC,SAR445399,SAR445399,,,IL1R3 mAb,IL1R3,Biologics,ANT,Licensed,Antagonism,XC01151_IND001,TRUE,Discovery,,,,,Completed,Immuno-inflammation,,
SAR236553,Development,PHARMA,Praluent,SAR236553 - Anti-PCSK-9 mAb,Completed,LCM,Standard,LCM project,,,alirocumab,Praluent,Anti-PCSK-9 mAb,PCSK9,Biologics,ANT,Licensed,Binding,SAR236553_IND011,FALSE,LDL-C reduction - HoFH - US,,LCM,10020603,Hypercholesterolaemia,Completed,DCVM,,1
LC81425,Research,PHARMA,TL1A x OX40L mAb (LC81425),LC81425 - TL1A x OX40L mAb,Ongoing,M0-M1,Regular Priority,FiC,,,,,TL1A x OX40L mAb,TL1AxOX40L,Biologics,ANT,Internal,Antagonism,LC81425_IND003,,Systemic sclerosis-associated interstitial lung disease,SSc-ILD,,10022611,Interstitial lung disease,Ongoing,,,
LC81354,Research,PHARMA,STAT6 sm (LC81354),LC81354 - STAT6 sm,Ongoing,M1-M2,High Priority,FiC,,,,,STAT6 sm,STAT6,Synthetic,SM,Internal,Inhibition,LC81354_IND002,,Asthma,Asthma,,10003553,Asthma,Ongoing,,,
SP0178,Development,VACCINE,Fluzone HD / Efluelda,Influenza inactivated vaccine High Dose,Ongoing,Post-Launch,Medium,FiC,,,,Fluzone / Efluelda,Active immunization,,Biologics,IAV,Internal,,SP0178_IND007,TRUE,Flu - 50 years + - TIV,Flu - 50y+ - TIV,Regulatory submission,10022000,Influenza,Ongoing,Vaccines,FLU,0.97
LC81689,Research,PHARMA,NaV1.7 AAV - mono or dual targeting (LC81689),LC81689 - NaV1.7 AAV - mono or dual targeting,Ongoing,M0-M1,Regular Priority,FiC,,,,,NaV1.7 AAV - mono or dual targeting,NaV1.7 AAV,Biologics,AAV GT,Internal,Knockdown,LC81689_IND001,TRUE,Moderate-Severe Knee Osteoarthritis,OA,,10031161,Osteoarthritis,Ongoing,Immuno-inflammation,Rheumatology,
SAR650984,Development,PHARMA,Sarclisa,SAR650984 - CD38 mAb,Ongoing,LCM,Medium,BiC,,,isatuximab,Sarclisa,CD38 mAb,CD38,Biologics,ANT,Licensed,Binding,SAR650984_IND002,FALSE,1-3L RRMM - Combo Carfilzomib,1-3L RRMM  w/Kd,LCM,10086466,Relapsed/refractory multiple myeloma,Ongoing,Oncology,Multiple Myeloma,1
LC81390,Research,PHARMA,PIM1 sm - AI-driven (LC81390),LC81390 - PIM1 sm - AI-driven,Ongoing,M0-M1,High Priority,FiC,,,,,PIM1 sm - AI-driven,PIM1 AI-driven,Synthetic,SM,Internal,Inhibition,LC81390_IND001,TRUE,Inflammatory Bowel Disease,IBD,,10021972,Inflammatory bowel disease,Ongoing,Immuno-inflammation,Gastroenterology,
SAR231893,Development,PHARMA,Dupixent,SAR231893 - IL4R mAb,Ongoing,LCM,High,FiC,,,dupilumab,Dupixent,IL4R mAb,IL4R,Biologics,ANT,Licensed,Inhibition,SAR231893_IND014,FALSE,Adjunct Therapy to Peanut Oral Immuno-Therapy - Ped,Peanut Allergy - Ped,Phase 2A,10016946,Food allergy,Stopped,Immuno-inflammation,,
LC81377,Research,PHARMA,BCL11A EE CasX mRNA in vivo edited HSC (LC81377),LC81377 - BCL11A EE CasX mRNA in vivo edited HSC,Ongoing,M1-M2,High Priority,FiC,,,,,BCL11A EE CasX mRNA in vivo edited HSC,BCL11A ee HSC,Biologics,NV GT,Internal,Up-regulation,LC81377_IND001,TRUE,Sickle Cell Disease,SCD,,10040644,Sickle cell disease,Ongoing,Rare Disease Research,Blood Cell & Bone Marrow Disorders,
LC81414,Research,PHARMA,IL10R Nanobody VHH (LC81414),LC81414 - IL10R Nanobody VHH,Ongoing,M0-M1,Regular Priority,FiC,,,,,IL10R Nanobody VHH,IL10R VHH,Biologics,NBDY,Licensed,Agonism,LC81414_IND005,,Celiac Disease,Celiac Disease,,10007864,Celiac disease,Ongoing,,,
GZ402673,Development,PHARMA,Lemtrada,GZ402673 - Anti-CD52 mAb,Completed,LCM,Standard,LCM project,,,alemtuzumab,Lemtrada,Anti-CD52 mAb,CD52,Biologics,ANT,Acquired,Binding,GZ402673_IND005,FALSE,Relapsing Forms of MS - Pediatric,,,10028245,Multiple sclerosis,Stopped,Neurology,,
LC81691,Research,PHARMA,IL12v fusion protein - ITA bispecific (LC81691),LC81691 - IL12v fusion protein - ITA bispecific,Ongoing,M0-M1,Regular Priority,FiC,,,,,IL12v fusion protein - ITA bispecific,IL12v xITA,Biologics,FUP,Internal,Immune stimulation,LC81691_IND007,,Hepato Cellular Carcinoma,HCC,,10019697,Hepatic neoplasm malignant,Ongoing,,,
SAR447189,Development,PHARMA,duvakitug,SAR447189 - TL1A mAb,Ongoing,Phase 3,Medium,BiC,,,duvakitug,,TL1A mAb,TL1A,Biologics,ANT,Licensed,Blocking,SAR447189_IND003,FALSE,Hidradenitis Suppurativa,HS,Initiation,10020041,Hidradenitis suppurativa,Ongoing,Immuno-inflammation,Dermatology,0.19
SAR236553,Development,PHARMA,Praluent,SAR236553 - Anti-PCSK-9 mAb,Completed,LCM,Standard,LCM project,,,alirocumab,Praluent,Anti-PCSK-9 mAb,PCSK9,Biologics,ANT,Licensed,Binding,SAR236553_IND002,FALSE,LDL-C reduction - Japan,,LCM,10020603,Hypercholesterolaemia,Completed,DCVM,,
SAR443765,Development,PHARMA,lunsekimig,SAR443765 - IL13 x TSLP Nanobody VHH,Ongoing,Phase 2,Medium,FiC,XC01141,XC01141,lunsekimig,,IL13 x TSLP Nanobody VHH,IL13xTSLP,Biologics,NBDY,Internal,Blocking,SAR443765_IND003,FALSE,Chronic Obstructive Pulmonary Disease,COPD,Phase 3,10009033,Chronic obstructive pulmonary disease,Ongoing,Immuno-inflammation,Respiratory,0.19
SP0232,Development,VACCINE,RSV mAb,Respiratory syncytial virus mAb,Completed,Post-Launch,,FiC,,,nirsevimab,Beyfortus,Active immunization,,Biologics,ANT,Licensed,,SP0232_IND003,FALSE,Nirsevimab China (RSV mAb),RSV - CN,Post-Launch,10021430,Immunisation,Completed,Vaccines,RSV,0.66
LC81376,Research,PHARMA,PD1 x OX40L Hybrid (LC81376),LC81376 - PD1 x OX40L Hybrid,Ongoing,M1-M2,High Priority,FiC,SAR449397,SAR449397,,,PD1 x OX40L Hybrid,PD1xOX40L,Biologics,HYB,Internal,Immune modulation,LC81376_IND004,,,SLE,,10042945,Systemic lupus erythematosus,Ongoing,,,
SP0171,Development,VACCINE,Flu EU QIV IM,Quadrivalent Influenza Vaccine Vaxigrip IM ,Completed,Post-Launch,,Little / Uncertain differentiation,,,,VaxigripTetra,Active immunization,,Biologics,IAV,Internal,,SP0171_IND001,TRUE,First Licensure - adults/3Y+,Adult/3Y+,,10021430,Immunisation,Completed,Vaccines,FLU,
LC81644,Research,PHARMA,OX40L x NKG2D Nanobody VHH (LC81644),LC81644 - OX40L x NKG2D Nanobody VHH,Ongoing,M1-M2,Regular Priority,FiC,,,,,OX40L x NKG2D Nanobody VHH,OX40LxNKG2D,Biologics,NBDY,Internal,Blocking,LC81644_IND001,TRUE,Alopecia Areata,Alopecia Areata,,10001761,Alopecia areata,Ongoing,Immuno-inflammation,Dermatology,
LC81417,Research,PHARMA,CD19 in vivo CAR-T (CD8 targeted) (LC81417),LC81417 - CD19 in vivo CAR-T (CD8 targeted),Completed,M1-M2,High Priority,FiC,SAR447998,SAR447998,,,CD19 in vivo CAR-T (CD8 targeted),CD19 CAR-T (CD8 targeted),Biologics,NV GT,Internal,Cytotoxicity,LC81417_IND006,,Multiple Sclerosis,MS,,10028245,Multiple sclerosis,Completed,,,
SAR153191,Development,PHARMA,Kevzara,SAR153191 - IL6R mAb,Ongoing,LCM,Standard,Little / Uncertain differentiation,,,sarilumab,Kevzara,IL6R mAb,IL6R,Biologics,ANT,Licensed,Inhibition,SAR153191_IND005,FALSE,Rheumatoid Arthritis US RA Autoinjector (AI),RA - AI - US,LCM,10039073,Rheumatoid arthritis,Completed,Immuno-inflammation,,1
SP0218,Development,VACCINE,vYF,Yellow fever virus live attenuated vaccine - Vero cell,Ongoing,Phase 3,Very High,Little / Uncertain differentiation,,,,,Active immunization,,Biologics,LAV,Internal,,SP0218_IND001,TRUE,Yellow fever,Yellow fever,Phase 3,10048242,Yellow fever virus infection,Ongoing,Vaccines,PMED_Travel Endemic,0.89
SAR231893,Development,PHARMA,Dupixent,SAR231893 - IL4R mAb,Ongoing,LCM,High,FiC,,,dupilumab,Dupixent,IL4R mAb,IL4R,Biologics,ANT,Licensed,Inhibition,SAR231893_IND030,FALSE,Hand & Foot Eczema,,,,,Stopped,Immuno-inflammation,,
SAR153191,Development,PHARMA,Kevzara,SAR153191 - IL6R mAb,Ongoing,LCM,Standard,Little / Uncertain differentiation,,,sarilumab,Kevzara,IL6R mAb,IL6R,Biologics,ANT,Licensed,Inhibition,SAR153191_IND014,FALSE,Psoriatic Arthritis,,,10037162,Psoriatic arthropathy,Stopped,Immuno-inflammation,,
LC81654,Research,PHARMA,CD98 x aC1s mAb (LC81654),LC81654 - CD98 x aC1s mAb,Ongoing,M1-M2,Regular Priority,FiC,,,,,CD98 x aC1s mAb,CD98x aC1s,Biologics,ANT,Internal,Inhibition,LC81654_IND002,,Amyotrophic Lateral Sclerosis,ALS,,10002026,Amyotrophic lateral sclerosis,Ongoing,,,
HOE901,Development,PHARMA,Lantus/Toujeo,HOE901 - Insulin glargine,Completed,LCM,Standard,LCM project,,,,Lantus/Toujeo,Insulin glargine,Insulin glargine,Biologics,INS,Internal,Mimetism,HOE901_IND014,FALSE,Lantus- T1DM - U100 - Pediatric (1-5yrs),,LCM,10067584,Type 1 diabetes mellitus,Completed,DCVM,,1
SP0047,Development,VACCINE,MenQuadfi,Neisseria meninigitidis (ACWY) conjugate tetanus toxoid vaccine,Ongoing,Post-Launch,High,Little / Uncertain differentiation,,,,MenQuadfi,Active immunization,,Biologics,GCV,Internal,,SP0047_IND004,FALSE,Japan - MenQuadfi,JP,Post-Launch,10004049,Bacterial meningitis,Completed,Vaccines,PMED_Pneumo Meningitis,
GZ402665,Development,PHARMA,Xenpozyme,GZ402665 - ASM recombinant protein,Completed,LCM,Standard,FiC,,,olipudase alfa,Xenpozyme,ASM recombinant protein,ASM,Biologics,REC,Acquired,Enzyme replacement therapy,GZ402665_IND001,TRUE,Acid Sphingomyelinase Deficiency - Adult & Ped - 0-17years,NPD A&B,LCM,10083873,Acid sphingomyelinase deficiency,Completed,Rare Diseases,Metabolic Disorders,1
GZ402673,Development,PHARMA,Lemtrada,GZ402673 - Anti-CD52 mAb,Completed,LCM,Standard,LCM project,,,alemtuzumab,Lemtrada,Anti-CD52 mAb,CD52,Biologics,ANT,Acquired,Binding,GZ402673_IND006,FALSE,Relapsing Forms of MS - Asia Pacific (indication transferred to Commercial),,,10028245,Multiple sclerosis,Stopped,Neurology,,
AVE0010,Development,PHARMA,Lyxumia/Adlyxin,AVE0010 - GLP1R peptide,Completed,LCM,Standard,LCM project,,,lixisenatide,Lyxumia/Adlyxin,GLP1R peptide,GLP1R,Synthetic,PEP,Licensed,Agonism,AVE0010_IND007,FALSE,Lyxumia - T2DM - Immediate Release - Main Meal - EU Type 2 Variation,,LCM,10067585,Type 2 diabetes mellitus,Completed,DCVM,,1
SAR449028,Development,PHARMA,WT KIT,SAR449028 - Wild Type KIT sm,Ongoing,Phase 2A,GATE,BiC,,,,,Wild Type KIT sm,WT KIT,Synthetic,SM,Acquired,Inhibition,SAR449028_IND002,,Chronic Inducible Urticaria,CIndU,Phase 2A,10052568,Urticaria chronic,Ongoing,,,
GZ402673,Development,PHARMA,Lemtrada,GZ402673 - Anti-CD52 mAb,Completed,LCM,Standard,LCM project,,,alemtuzumab,Lemtrada,Anti-CD52 mAb,CD52,Biologics,ANT,Acquired,Binding,GZ402673_IND002,FALSE,Hematopoetic Stem Cell Transplantation (HSCT) - Japan - Oncology,,LCM,10067859,Allogenic stem cell transplantation,Completed,Neurology,,1
GZ427397,Development,PHARMA,Hectorol,GZ427397 - HECTOROL (1 alphahydroxyvitamin D2 to lower iPTH),Completed,LCM,Standard,LCM project,,,doxercalciferol,Hectorol,HECTOROL (1 alphahydroxyvitamin D2 to lower iPTH),1a-hydroxy Vitamin D2,Synthetic,SM,Acquired,Mimetism,GZ427397_IND001,TRUE,Chronic Kidney Disease with Secondary Hyperparathyroidism - Ped - 5-18 years,,LCM,10038444,Renal failure chronic,Completed,Rare Diseases,,1
LC81690,Research,PHARMA,SIRPa x TIM3 Hybrid (LC81690),LC81690 - SIRPa x TIM3 Hybrid,Ongoing,M0-M1,Regular Priority,FiC,,,,,SIRPa x TIM3 Hybrid,SIRPa xTIM3,Biologics,HYB,Internal,Agonism,LC81690_IND001,TRUE,Inflammatory Bowel Disease,IBD,,10021972,Inflammatory bowel disease,Ongoing,Immuno-inflammation,Gastroenterology,
SAR231893,Development,PHARMA,Dupixent,SAR231893 - IL4R mAb,Ongoing,LCM,High,FiC,,,dupilumab,Dupixent,IL4R mAb,IL4R,Biologics,ANT,Licensed,Inhibition,SAR231893_IND022,FALSE,Chronic Rhinosinusitis without Nasal Polyps - Adult,CRSsNP,Phase 3,10084742,Chronic rhinosinusitis without nasal polyps,Stopped,Immuno-inflammation,Respiratory,
GZ402673,Development,PHARMA,Lemtrada,GZ402673 - Anti-CD52 mAb,Completed,LCM,Standard,LCM project,,,alemtuzumab,Lemtrada,Anti-CD52 mAb,CD52,Biologics,ANT,Acquired,Binding,GZ402673_IND003,FALSE,Primary Progressive MS,,,10028245,Multiple sclerosis,Stopped,Neurology,,
SAR442168,Development,PHARMA,Cenrifki,SAR442168 - BTK sm - Central,Ongoing,Regulatory submission,Medium,BiC,,,tolebrutinib,Cenrifki,BTK sm - Central,BTK central,Synthetic,SM,Acquired,Inhibition,SAR442168_IND006,FALSE,MOGAD,MOGAD,Phase 1,10075688,Autoimmune demyelinating disease,Stopped,Neurology,Neuro-inflammation,
SP0234,Development,VACCINE,Flu recombinant,Influenza recombinant vaccine,Completed,Post-Launch,,FiC,,,,Flublok,Active immunization,,Biologics,REC,Acquired,,SP0234_IND002,TRUE,Flu - Pediatric,Flu - Ped,Post-Licence,10022000,Influenza,Completed,Vaccines,FLU,
SAR442168,Development,PHARMA,Cenrifki,SAR442168 - BTK sm - Central,Ongoing,Regulatory submission,Medium,BiC,,,tolebrutinib,Cenrifki,BTK sm - Central,BTK central,Synthetic,SM,Acquired,Inhibition,SAR442168_IND002,FALSE,Primary Progressive Multiple Sclerosis,PPMS,Phase 3,10063401,Primary progressive multiple sclerosis,Stopped,Neurology,Neuro-inflammation,
XRP6976,Development,PHARMA,Taxotere,XRP6976 - Tubulin  inh.,Completed,LCM,Standard,LCM project,,,docetaxel,Taxotere,Tubulin  inh.,Tubulin,Synthetic,SM,Licensed,Inhibition,XRP6976_IND001,TRUE,Gastrointestinal Neoplasms - Korea,GI - KR,Phase 3,10017758,Gastric cancer,Completed,Oncology,,0.73
SAR448851,Development,PHARMA,TREM2,SAR448851 - TREM2 sm,Ongoing,Phase 1,GATE,FiC,,,,,TREM2 sm,TREM2,Synthetic,SM,Acquired,Agonism,SAR448851_IND001,TRUE,Alzheimer's disease - Mono,Alzheimer - Mono,Phase 1,10001896,Alzheimer's disease,Ongoing,Neurology,Neurodegenerative diseases,0.09
SAR448873,Development,PHARMA,TREM2 Next Gen,SAR448873 - TREM2 sm - Next Generation,Ongoing,Preclinical,GATE,BiC,,,,,TREM2 sm - Next Generation,TREM2 Next Gen,Synthetic,SM,Acquired,Agonism,SAR448873_IND001,TRUE,Alzheimer's disease,Alzheimer,Preclinical,10001896,Alzheimer's disease,Ongoing,Neurology,Neurodegenerative diseases,0.05
LC81699,Research,PHARMA,VEGF x Ang2 x IL6 fusion protein (LC81699),LC81699 - VEGF x Ang2 x IL6 fusion protein,Ongoing,M0-M1,Regular Priority,BiC,,,,,VEGF x Ang2 x IL6 fusion protein,VEGFxAng2xIL6 Fusion,Biologics,FUP,Internal,Inhibition,LC81699_IND002,,Age-related macular degeneration - Neovascular,AMD - Neovascular,,10075568,Wet age-related macular degeneration,Ongoing,,,
SAR445229,Development,PHARMA,amlitelimab,SAR445229 - OX40L mAb,Ongoing,Phase 3,High,BiC,,,amlitelimab,,OX40L mAb,OX40L,Biologics,ANT,Acquired,Blocking,SAR445229_IND005,FALSE,Alopecia Areata,Alopecia Areata,Phase 2,10001761,Alopecia areata,Stopped,Immuno-inflammation,Dermatology,
SAR153191,Development,PHARMA,Kevzara,SAR153191 - IL6R mAb,Ongoing,LCM,Standard,Little / Uncertain differentiation,,,sarilumab,Kevzara,IL6R mAb,IL6R,Biologics,ANT,Licensed,Inhibition,SAR153191_IND002,TRUE,Systemic Juvenile Idiopathic Arthritis - Ped,sJIA - Ped,Phase 2B,10059177,Juvenile arthritis,Ongoing,Immuno-inflammation,Rheumatology,0.54
LC81408,Research,PHARMA,GPR183 sm (LC81408),LC81408 - GPR183 sm,Ongoing,M1-M2,Regular Priority,BiC,,,,,GPR183 sm,GPR183,Synthetic,SM,Licensed,Inhibition,LC81408_IND004,,Psoriasis,Psoriasis,,10037153,Psoriasis,Ongoing,,,
LC81686,Research,PHARMA,ST2 x TL1A Nanobody VHH (LC81686),LC81686 - ST2 x TL1A Nanobody VHH,Ongoing,M0-M1,Regular Priority,FiC,,,,,ST2 x TL1A Nanobody VHH,ST2xTL1A,Biologics,NBDY,Internal,Antagonism,LC81686_IND001,TRUE,Asthma,Asthma,,10003553,Asthma,Ongoing,Immuno-inflammation,Respiratory,
LC81299,Research,PHARMA,CD22 in vivo CAR-T (LC81299),LC81299 - CD22 in vivo CAR-T,Completed,M1-M2,High Priority,FiC,SAR446878,SAR446878,,,CD22 in vivo CAR-T,CD22 CAR-T,Biologics,NV GT,Acquired,Cytotoxicity,LC81299_IND001,TRUE,Diffuse large B-cell lymphoma,DLBCL,,10029547,Non-Hodgkin's lymphoma,Completed,Oncology,,
LC81417,Research,PHARMA,CD19 in vivo CAR-T (CD8 targeted) (LC81417),LC81417 - CD19 in vivo CAR-T (CD8 targeted),Completed,M1-M2,High Priority,FiC,SAR447998,SAR447998,,,CD19 in vivo CAR-T (CD8 targeted),CD19 CAR-T (CD8 targeted),Biologics,NV GT,Internal,Cytotoxicity,LC81417_IND005,,Pemphigus Vulgaris,PV,,10034280,Pemphigus,Completed,,,
SAR650984,Development,PHARMA,Sarclisa,SAR650984 - CD38 mAb,Ongoing,LCM,Medium,BiC,,,isatuximab,Sarclisa,CD38 mAb,CD38,Biologics,ANT,Licensed,Binding,SAR650984_IND014,FALSE,Kidney Transplant - Desensitization Patients,Kidney Transpl Desensit,Phase 2,10057677,Transplant,Stopped,Transplant,,
LC81665,Research,PHARMA,a4b7 x PD1 Hybrid (LC81665),LC81665 - a4b7 x PD1 Hybrid,Ongoing,M0-M1,Regular Priority,FiC,,,,,a4b7 x PD1 Hybrid,a4b7xPD1,Biologics,HYB,Internal,Modulation,LC81665_IND002,,Metabolic dysfunction-associated steatohepatitis,MASH,,10090856,Metabolic dysfunction-associated steatohepatitis,Ongoing,,,
LC81651,Research,PHARMA,STAT6 sm - non-SH2 (LC81651),LC81651 - STAT6 sm - non-SH2,Ongoing,M1-M2,High Priority,BiC,,,,,STAT6 sm - non-SH2,STAT6 - non-SH2,Synthetic,SM,Licensed,Inhibition,LC81651_IND003,,Chronic Obstructive Pulmonary Disease,COPD,,10009033,Chronic obstructive pulmonary disease,Ongoing,,,
LC81682,Research,PHARMA,IL7R x TL1A mAb (LC81682),LC81682 - IL7R x TL1A mAb,Ongoing,M0-M1,Regular Priority,FiC,,,,,IL7R x TL1A mAb,IL7RxTL1A,Biologics,ANT,Internal,Antagonism,LC81682_IND001,TRUE,Inflammatory Bowel Disease,IBD,,10021972,Inflammatory bowel disease,Ongoing,Immuno-inflammation,Gastroenterology,
SAR153191,Development,PHARMA,Kevzara,SAR153191 - IL6R mAb,Ongoing,LCM,Standard,Little / Uncertain differentiation,,,sarilumab,Kevzara,IL6R mAb,IL6R,Biologics,ANT,Licensed,Inhibition,SAR153191_IND012,FALSE,Ankylosing Spondylitis,,,10002556,Ankylosing spondylitis,Stopped,Immuno-inflammation,,
LC81671,Research,PHARMA,CD80 x CD28 Hybrid (LC81671),LC81671 - CD80 x CD28 Hybrid,Ongoing,M0-M1,Regular Priority,FiC,,,,,CD80 x CD28 Hybrid,CD80xCD28,Biologics,HYB,Internal,Antagonism,LC81671_IND001,TRUE,Transplantation,Transplant,,10057677,Transplant,Ongoing,Transplant,Transplant (Solid Organs),
SP0269,Development,VACCINE,Chlamydia mRNA,Chlamydia trachomatis mRNA vaccine,Ongoing,Phase 1,Very High,FiC,,,,,Active Immunization,,Biologics,MRNAV,Internal,,SP0269_IND001,TRUE,Chlamydia trachomatis urogenital disease,CT urogenital disease,Phase 1,10018185,Genitourinary chlamydia infection,Ongoing,Vaccines,Innovation & Vaccine Value,0.28
SAR449028,Development,PHARMA,WT KIT,SAR449028 - Wild Type KIT sm,Ongoing,Phase 2A,GATE,BiC,,,,,Wild Type KIT sm,WT KIT,Synthetic,SM,Acquired,Inhibition,SAR449028_IND003,FALSE,Allergic Rhino Conjunctivitis,ARC,Phase 2A,10001728,Allergic rhinoconjunctivitis,Stopped,Immuno-inflammation,Respiratory,0.09
GZ419828,Development,PHARMA,Fabrazyme,GZ419828 - Algasidase beta recombinant protein,Completed,LCM,Standard,LCM project,,,,Fabrazyme,Algasidase beta recombinant protein,Algasidase beta,Biologics,REC,Acquired,Enzyme replacement therapy,GZ419828_IND002,FALSE,Fabry Disease US Full Approval,,LCM,10016016,Fabry's disease,Completed,Rare Diseases,,1
SAR448972,Development,PHARMA,Ayvakit,SAR448972 - KIT D816V sm,Ongoing,LCM,Standard,FiC,,,avapritinib,Ayvakit,KIT D816V sm,KIT D816V sm,Synthetic,SM,Acquired,Inhibition,SAR448972_IND004,TRUE,Gastrointestinal stromal tumour,GIST,LCM,10017758,Gastric cancer,Ongoing,Oncology,Other Solid Tumors,1
LC80484,Research,PHARMA,NLRP3 sm (LC80484),LC80484 - NLRP3 sm,Completed,M1-M2,High Priority,BiC,SAR447387,SAR447387,,,NLRP3 sm,NLRP3,Synthetic,SM,Internal,Inhibition,LC80484_IND001,TRUE,Alzheimer's Disease,Alzheimer,,10061536,Parkinson's disease,Completed,Neurology,,
LC81684,Research,PHARMA,TSLP x IL5 Hybrid (LC81684),LC81684 - TSLP x IL5 Hybrid,Ongoing,M0-M1,Regular Priority,FiC,,,,,TSLP x IL5 Hybrid,TSLPxIL5,Biologics,HYB,Internal,Antagonism,LC81684_IND002,,Inflammatory Bowel Disease,IBD,,10021972,Inflammatory bowel disease,Ongoing,,,
LC81670,Research,PHARMA,OX40 x PD1 Hybrid (LC81670),LC81670 - OX40 x PD1 Hybrid,Ongoing,M0-M1,Regular Priority,FiC,,,,,OX40 x PD1 Hybrid,OX40xPD1,Biologics,HYB,Internal,Modulation,LC81670_IND003,,Transplantation,Transplant,,10057677,Transplant,Ongoing,,,
LC81412,Research,PHARMA,SLC15A4 sm (LC81412),LC81412 - SLC15A4 sm,Ongoing,M1-M2,High Priority,FiC,,,,,SLC15A4 sm,SLC15A4,Synthetic,SM,Licensed,Inhibition,LC81412_IND002,,Systemic Lupus Erythematosus,SLE,,10042945,Systemic lupus erythematosus,Ongoing,,,
SP0047,Development,VACCINE,MenQuadfi,Neisseria meninigitidis (ACWY) conjugate tetanus toxoid vaccine,Ongoing,Post-Launch,High,Little / Uncertain differentiation,,,,MenQuadfi,Active immunization,,Biologics,GCV,Internal,,SP0047_IND005,FALSE,CHINA_Meningococcal (ACWY) disease - Adolescent & Pediatric China,Meningococcal (ACWY) disease - Ado & Ped CN,Phase 3,10004049,Bacterial meningitis,Ongoing,Vaccines,PMED_Pneumo Meningitis,0.56
SAR439684,Development,PHARMA,Libtayo,SAR439684 - PD1 mAb,Completed,LCM,Standard,Little / Uncertain differentiation,,,cemiplimab,Libtayo,PD1 mAb,PD1,Biologics,ANT,Licensed,Inhibition,SAR439684_IND011,FALSE,IL Cervical Cancer,,,10008229,Cervical cancer,Stopped,Oncology,,
LC81424,Research,PHARMA,IL17A sm - Next Generation (LC81424),LC81424 - IL17A sm - Next Generation,Ongoing,M1-M2,High Priority,BiC,,,,,IL17A sm - Next Generation,IL17A Next Gen,Synthetic,SM,Internal,Antagonism,LC81424_IND003,,Psoriasis Arthritis,PsA,,10037162,Psoriatic arthropathy,Ongoing,,,
LC81654,Research,PHARMA,CD98 x aC1s mAb (LC81654),LC81654 - CD98 x aC1s mAb,Ongoing,M1-M2,Regular Priority,FiC,,,,,CD98 x aC1s mAb,CD98x aC1s,Biologics,ANT,Internal,Inhibition,LC81654_IND004,,Frontotemporal Dementia,FTD,,10068968,Frontotemporal dementia,Ongoing,,,
SAR231893,Development,PHARMA,Dupixent,SAR231893 - IL4R mAb,Ongoing,LCM,High,FiC,,,dupilumab,Dupixent,IL4R mAb,IL4R,Biologics,ANT,Licensed,Inhibition,SAR231893_IND007,FALSE,Asthma - Ped - 6-11 years,Asthma - Ped 6-11y,LCM,10003553,Asthma,Ongoing,Immuno-inflammation,Respiratory,1
GZ402671,Development,PHARMA,venglustat,GZ402671 - GCS sm - 2nd generation,Ongoing,Phase 3,Standard,FiC,,,venglustat,,GCS sm - 2nd generation,GCS 2nd gen,Synthetic,SM,Acquired,Inhibition,GZ402671_IND012,FALSE,Gaucher Disease Type 3 - Mono - Ped  2-11 years,GD3 Mono - Ped 2-11y,Initiation,10018048,Gaucher's disease,Ongoing,Rare Diseases,Metabolic Disorders,0.54
LC81420,Research,PHARMA,aC1s sm - AI-driven (LC81420),LC81420 - aC1s sm - AI-driven,Ongoing,M0-M1,Regular Priority,FiC,,,,,aC1s sm - AI-driven,aC1s AI-driven,Synthetic,SM,Internal,Inhibition,LC81420_IND003,,Frontotemporal Dementia,FTD,,10068968,Frontotemporal dementia,Ongoing,,,
LC81301,Research,PHARMA,GPRC5D mAb - ADCC enhanced (LC81301),LC81301 - GPRC5D mAb - ADCC enhanced,Completed,M1-M2,High Priority,FiC,SAR446523,SAR446523,,,GPRC5D mAb - ADCC enhanced,GPRC5D ADCC,Biologics,ANT,Internal,Cytotoxicity,LC81301_IND001,TRUE,Multiple Myeloma,MM,,10028228,Multiple myeloma,Completed,Oncology,,
LC81694,Research,PHARMA,CD19 x BCMA x Dectin1 Hybrid (MCE) (LC81694),LC81694 - CD19 x BCMA x Dectin1 Hybrid (MCE),Ongoing,M0-M1,Regular Priority,BiC,,,,,CD19 x BCMA x Dectin1 Hybrid (MCE),CD19xBCMAxDectin1 MCE,Biologics,HYB,Licensed,Cytotoxicity,LC81694_IND006,,Myasthenia gravis,MG,,10028417,Myasthenia gravis,Ongoing,,,
HOE901,Development,PHARMA,Lantus/Toujeo,HOE901 - Insulin glargine,Completed,LCM,Standard,LCM project,,,,Lantus/Toujeo,Insulin glargine,Insulin glargine,Biologics,INS,Internal,Mimetism,HOE901_IND003,FALSE,Toujeo - T1DM/T2DM - Edition IV - EU Labeling Update,,LCM,10012594,Diabetes,Completed,DCVM,,1
SAR341402,Development,PHARMA,Truvelog/Insulin aspart,SAR341402 - Rapid acting insulin (SARA),Completed,LCM,Standard,FiC,,,insulin aspart,Truvelog/Insulin aspart,Rapid acting insulin (SARA),Insulin aspart,Biologics,INS,Internal,Mimetism,SAR341402_IND005,FALSE,T1 & T2 Diabetes mellitus - A Insulin,,,10012594,Diabetes,Stopped,DCVM,,
SAR448755,Development,PHARMA,STAT6 - SH2,SAR448755 - STAT6 sm - SH2,Ongoing,Phase 1,GATE,FiC,LC81391,LC81391,,,STAT6 sm - SH2,STAT6 - SH2,Synthetic,SM,Internal,Inhibition,SAR448755_IND001,TRUE,Atopic Dermatitis,AD,Phase 1,10012438,Dermatitis atopic,Ongoing,Immuno-inflammation,Dermatology,0.04
GZ393590,Development,PHARMA,Clolar/Evoltra,GZ393590 - Purine nucleoside analog,Completed,LCM,Standard,LCM project,,,clofarabine,Clolar/Evoltra,Purine nucleoside analog,Purine nucleoside,Synthetic,SM,Acquired,Mimetism,GZ393590_IND006,FALSE,NHL Combo SAR409 - PO route,,,10029547,Non-Hodgkin's lymphoma,Stopped,Oncology,,
LC80014,Research,PHARMA,PIP5K2B sm (LC80014),LC80014 - PIP5K2B sm,Ongoing,M1-M2,Regular Priority,FiC,,,,,PIP5K2B sm,PIP5K2B,Synthetic,SM,Internal,Inhibition,LC80014_IND004,,Colitis ulcerative,UC,,10009900,Colitis ulcerative,Ongoing,,,
SAR153191,Development,PHARMA,Kevzara,SAR153191 - IL6R mAb,Ongoing,LCM,Standard,Little / Uncertain differentiation,,,sarilumab,Kevzara,IL6R mAb,IL6R,Biologics,ANT,Licensed,Inhibition,SAR153191_IND016,FALSE,Rheumatoid Arthritis - IV - US,RA – IV – US,Initiation,10039073,Rheumatoid arthritis,Ongoing,Immuno-inflammation,Rheumatology,0.09
LC81646,Research,PHARMA,TFRC x MAPT NDC (LC81646),LC81646 - TFRC x MAPT NDC,Ongoing,M0-M1,Regular Priority,BiC,,,,,TFRC x MAPT NDC,TFRCxMAPT,Biologics,NDC,Internal,Knockdown,LC81646_IND001,TRUE,Alzheimer's Disease,Alzheimer,,10001896,Alzheimer's disease,Ongoing,Neurology,Neurodegenerative diseases,
SAR444336,Development,PHARMA,Non-beta IL2,SAR444336 - Non-beta IL2 Synthorin,Ongoing,Phase 2A,GO,BiC,LC81270,LC81270,,,Non-beta IL2 Synthorin,Non-beta IL2,Biologics,CON,Internal,Cytokine,SAR444336_IND002,TRUE,Microscopic Colitis,MC,Phase 2A,10056979,Colitis microscopic,Ongoing,Immuno-inflammation,Gastroenterology,0.08
SAR231893,Development,PHARMA,Dupixent,SAR231893 - IL4R mAb,Ongoing,LCM,High,FiC,,,dupilumab,Dupixent,IL4R mAb,IL4R,Biologics,ANT,Licensed,Inhibition,SAR231893_IND020,FALSE,Alopecia Areata,,Phase 1,10001761,Alopecia areata,Stopped,Immuno-inflammation,,
LC81645,Research,PHARMA,CXCR4 x ICOS Nanobody VHH (LC81645),LC81645 - CXCR4 x ICOS Nanobody VHH,Ongoing,M0-M1,Regular Priority,FiC,,,,,CXCR4 x ICOS Nanobody VHH,CXCR4xICOS VHH,Biologics,NBDY,Internal,Immune modulation,LC81645_IND003,,Pemphigus Vulgaris,PV,,10034280,Pemphigus,Ongoing,,,
LC81316,Research,PHARMA,TNFR2 x IL2R Nanobody VHH (LC81316),LC81316 - TNFR2 x IL2R Nanobody VHH,Ongoing,M0-M1,Regular Priority,FiC,,,,,TNFR2 x IL2R Nanobody VHH,TNFR2xIL2R,Biologics,NBDY,Internal,Agonism,LC81316_IND002,,Systemic Lupus Erythematosus,SLE,,10042945,Systemic lupus erythematosus,Ongoing,,,
SAR650984,Development,PHARMA,Sarclisa,SAR650984 - CD38 mAb,Ongoing,LCM,Medium,BiC,,,isatuximab,Sarclisa,CD38 mAb,CD38,Biologics,ANT,Licensed,Binding,SAR650984_IND030,FALSE,1L mCRC Combo Atezo,1L mCRC w/Atezo,,10061451,Colorectal cancer,Stopped,Oncology,,
LC81696,Research,PHARMA,STAT6 sm - SH2 - Next Generation (LC81696),LC81696 - STAT6 sm - SH2 - Next Generation,Ongoing,M0-M1,Regular Priority,FiC,,,,,STAT6 sm - SH2 - Next Generation,STAT6 - SH2 - Next Gen,Synthetic,SM,Licensed,Inhibition,LC81696_IND001,TRUE,Atopic Dermatitis,AD,,10012438,Dermatitis atopic,Ongoing,Immuno-inflammation,Dermatology,
SAR231893,Development,PHARMA,Dupixent,SAR231893 - IL4R mAb,Ongoing,LCM,High,FiC,,,dupilumab,Dupixent,IL4R mAb,IL4R,Biologics,ANT,Licensed,Inhibition,SAR231893_IND024,FALSE,Chronic Pruritis of Unknown Origin,CPUO,Phase 3,10086975,Chronic pruritus of unknown origin,Ongoing,Immuno-inflammation,Dermatology,0.26
SAR341402,Development,PHARMA,Truvelog/Insulin aspart,SAR341402 - Rapid acting insulin (SARA),Completed,LCM,Standard,FiC,,,insulin aspart,Truvelog/Insulin aspart,Rapid acting insulin (SARA),Insulin aspart,Biologics,INS,Internal,Mimetism,SAR341402_IND007,FALSE,T1 & T2 Diabetes mellitus - Premix 50/50 - SC Route,,,10012594,Diabetes,Stopped,DCVM,,
LC81188,Research,PHARMA,IL13 x IL4 x IL17 mAb (LC81188),LC81188 - IL13 x IL4 x IL17 mAb,Completed,M1-M2,High Priority,FiC,SAR447686,SAR447686,,,IL13 x IL4 x IL17 mAb,IL13xIL4xIL17,Biologics,ANT,Internal,Blocking,LC81188_IND003,,Chronic Rhinosinusitis with Nasal Polyps,CRSwNP,,10080060,Chronic rhinosinusitis with nasal polyps,Completed,,,
SP0287,Development,VACCINE,CrIC,Influenza + SARS-Cov-2 (recombinant) combination vaccine,Ongoing,Phase 1,Very High,Little / Uncertain differentiation,,,,,Active immunization,,Biologics,VAC,Licensed,,SP0287_IND001,TRUE,Flu+Covid19,Flu+Covid19,Phase 1,10022000,Influenza,Ongoing,Vaccines,FLU,0.52
LC81384,Research,PHARMA,TFRC x GLP1R fusion protein (LC81384),LC81384 - TFRC x GLP1R fusion protein,Ongoing,M1-M2,High Priority,FiC,,,,,TFRC x GLP1R fusion protein,TFRCxGLP1R,Biologics,FUP,Internal,Agonism,LC81384_IND001,TRUE,Parkinson's Disease,Parkinson,,10061536,Parkinson's disease,Ongoing,Neurology,Neurodegenerative diseases,
SP0234,Development,VACCINE,Flu recombinant,Influenza recombinant vaccine,Completed,Post-Launch,,FiC,,,,Flublok,Active immunization,,Biologics,REC,Acquired,,SP0234_IND001,FALSE,Flu - China,Flu - CN,Phase 1,10022000,Influenza,Stopped,Vaccines,FLU,
AVE0010-1,Development,PHARMA,Soliqua,AVE0010-1 - Combo GLP1R peptide - Insulin Glargine,Completed,LCM,Standard,Little / Uncertain differentiation,,,Insulin Glargine/Lixisenatide,Soliqua,Combo GLP1R peptide - Insulin Glargine,GLP1R x Insulin glargine,Synthetic,PEP,Licensed,Agonism,AVE0010-1_IND009,FALSE,LixiLan - T2DM - SOLIQUA with SGLT-2i,,,10067585,Type 2 diabetes mellitus,Stopped,DCVM,,
LC81679,Research,PHARMA,ST2 x TACI Hybrid (LC81679),LC81679 - ST2 x TACI Hybrid,Ongoing,M0-M1,Regular Priority,FiC,,,,,ST2 x TACI Hybrid,ST2xTACI,Biologics,HYB,Internal,Modulation,LC81679_IND001,TRUE,Asthma,Asthma,,10003553,Asthma,Ongoing,Immuno-inflammation,Respiratory,
GZ427398,Development,PHARMA,Aldurazyme,GZ427398 - ERT for alpha-L-iduronidase,Completed,LCM,Standard,LCM project,,,laronidase,Aldurazyme,ERT for alpha-L-iduronidase,a-L-iduronidase,Biologics,REC,Acquired,Enzyme replacement therapy,GZ427398_IND001,TRUE,"Mucopolysaccharidosis I (MPS I) Hurler, Hurler-Scheie and Scheie",MPS 1,LCM,10056886,Mucopolysaccharidosis I,Completed,Rare Diseases,,1
SAR449548,Development,PHARMA,Tau-acK280,SAR449548 - Tau-acK280 mAb,Ongoing,Phase 1,GATE,BiC,,,,,Tau-acK280 mAb,Tau-acK280,Biologics,ANT,Licensed,Clearing,SAR449548_IND001,TRUE,Alzheimer's disease,Alzheimer,Phase 1,10001896,Alzheimer's disease,Ongoing,Neurology,Neurodegenerative diseases,0.08
LC81661,Research,PHARMA,IL1R3 x TL1A mAb (LC81661),LC81661 - IL1R3 x TL1A mAb,Ongoing,M0-M1,Regular Priority,FiC,,,,,IL1R3 x TL1A mAb,IL1R3xTL1A,Biologics,ANT,Internal,Antagonism,LC81661_IND001,TRUE,Inflammatory Bowel Disease,IBD,,10021972,Inflammatory bowel disease,Ongoing,Immuno-inflammation,Gastroenterology,
LC81693,Research,PHARMA,CD19 x Dectin1 Hybrid (MCE) (LC81693),LC81693 - CD19 x Dectin1 Hybrid (MCE),Ongoing,M0-M1,Regular Priority,BiC,,,,,CD19 x Dectin1 Hybrid (MCE),CD19xDectin1 MCE,Biologics,HYB,Licensed,Cytotoxicity,LC81693_IND004,,Inclusion body myositis,Myositis,,10066407,Inclusion body myositis,Ongoing,,,
LC81661,Research,PHARMA,IL1R3 x TL1A mAb (LC81661),LC81661 - IL1R3 x TL1A mAb,Ongoing,M0-M1,Regular Priority,FiC,,,,,IL1R3 x TL1A mAb,IL1R3xTL1A,Biologics,ANT,Internal,Antagonism,LC81661_IND002,,Asthma,Asthma,,10003553,Asthma,Ongoing,,,
HMR1726,Development,PHARMA,Aubagio,HMR1726 - DHO-DH sm,Completed,LCM,Standard,LCM project,,,teriflunomide,Aubagio,DHO-DH sm,DHO-DH,Synthetic,SM,Internal,Inhibition,HMR1726_IND001,FALSE,Multiple Sclerosis - Monotherapy,MS - Mono,LCM,10028245,Multiple sclerosis,Completed,Neurology,,1
LC81267,Research,PHARMA,TIGIT mAb (LC81267),LC81267 - TIGIT mAb,Ongoing,M1-M2,Regular Priority,FiC,,,,,TIGIT mAb,TIGIT mAb,Biologics,ANT,Internal,Agonism,LC81267_IND004,,Systemic lupus erythematosus,SLE,,10020041,Hidradenitis suppurativa,Ongoing,,,
LC81391,Research,PHARMA,STAT6 sm - SH2 - Premier and Additional Frontrunners (LC81391),LC81391 - STAT6 sm - SH2 - Premier and Additional Frontrunners,Ongoing,M1-M2,High Priority,FiC,SAR448755,SAR448755,,,STAT6 sm - SH2 - Premier and Additional Frontrunners,STAT6 - SH2 - Prem + Add FR,Synthetic,SM,Licensed,Inhibition,LC81391_IND001,FALSE,Atopic Dermatitis - Premier Frontrunner,AD - Prem Frontrunner,,10012438,Dermatitis atopic,Completed,Immuno-inflammation,Dermatology,
LC81248,Research,PHARMA,RIPK1 sm - CNS penetrant (LC81248),LC81248 - RIPK1 sm - CNS penetrant,Completed,M1-M2,Regular Priority,BiC,SAR445992,SAR445992,,,RIPK1 sm - CNS penetrant,RIPK1 CNS - 2nd BU,Synthetic,SM,Acquired,Inhibition,LC81248_IND002,TRUE,Multiple Sclerosis - 2nd back up,MS,,10028245,Multiple sclerosis,Stopped,Neurology,,
LC81422,Research,PHARMA,NLRP3 sm - Next Generation (LC81422),LC81422 - NLRP3 sm - Next Generation,Ongoing,M1-M2,Regular Priority,BiC,,,,,NLRP3 sm - Next Generation,NLRP3 Next Gen,Synthetic,SM,Internal,Inhibition,LC81422_IND002,,Parkinson's Disease,Parkinson,,10061536,Parkinson's disease,Ongoing,,,
AVE0010,Development,PHARMA,Lyxumia/Adlyxin,AVE0010 - GLP1R peptide,Completed,LCM,Standard,LCM project,,,lixisenatide,Lyxumia/Adlyxin,GLP1R peptide,GLP1R,Synthetic,PEP,Licensed,Agonism,AVE0010_IND013,FALSE,Lyxumia - T2DM - Add-on to basal study - EU Type 2 Variation,,LCM,10067585,Type 2 diabetes mellitus,Completed,DCVM,,1
SAR445761,Development,PHARMA,Rezurock ,SAR445761 - ROCK2 sm,Ongoing,LCM,Standard,FiC,,,belumosudil,Rezurock ,ROCK2 sm,ROCK2,Synthetic,SM,Acquired,Inhibition,SAR445761_IND006,FALSE,2L+ Chronic Graft versus Host Disease - Ped - 12-17 years - China,2L+ cGVHD – Ped – CN,LCM,10018651,Graft versus host disease,Completed,Transplant,Transplant (Hemato),1
SP0236,Development,VACCINE,Flu rec Pandemic,Influenza recombinant vaccine - Pandemic,Ongoing,Preclinical,Medium,BiC,,,,Panblok,Active immunization,,Biologics,REC,Acquired,,SP0236_IND002,FALSE,Indication for H7 Peds - Cancelled,H7 Peds,Preclinical,10022000,Influenza,Stopped,Vaccines,FLU,
AVE0010,Development,PHARMA,Lyxumia/Adlyxin,AVE0010 - GLP1R peptide,Completed,LCM,Standard,LCM project,,,lixisenatide,Lyxumia/Adlyxin,GLP1R peptide,GLP1R,Synthetic,PEP,Licensed,Agonism,AVE0010_IND003,FALSE,Lyxumia - T2DM - Pediatric  - SC Route,,LCM,10067585,Type 2 diabetes mellitus,Completed,DCVM,,1
SAR231893,Development,PHARMA,Dupixent,SAR231893 - IL4R mAb,Ongoing,LCM,High,FiC,,,dupilumab,Dupixent,IL4R mAb,IL4R,Biologics,ANT,Licensed,Inhibition,SAR231893_IND037,FALSE,Sezary Syndrome,,,,,Stopped,Immuno-inflammation,,
XC01156,Research,PHARMA,IRAK4 sm - Backup (XC01156),XC01156 - IRAK4 sm - Backup,Completed,M1-M2,Incubator,FiC,SAR447971,SAR447971,,,IRAK4 sm - Backup,IRAK4 BU,Synthetic,SM,Licensed,Degradation,XC01156_IND001,TRUE,Atopic Dermatitis,AD,,10012438,Dermatitis atopic,Completed,Immuno-inflammation,,
LC81688,Research,PHARMA,ST2 x TSLP Nanobody VHH (LC81688),LC81688 - ST2 x TSLP Nanobody VHH,Ongoing,M0-M1,Regular Priority,FiC,,,,,ST2 x TSLP Nanobody VHH,ST2xTSLP,Biologics,NBDY,Internal,Antagonism,LC81688_IND002,,Chronic Obstructive Pulmonary Disease,COPD,,10009033,Chronic obstructive pulmonary disease,Ongoing,,,
LC81404,Research,PHARMA,GREM1 x TGFb1/3 mAb (LC81404),LC81404 - GREM1 x TGFb1/3 mAb,Ongoing,M0-M1,Regular Priority,FiC,,,,,GREM1 x TGFb1/3 mAb,GREM1xTGFb1/3,Biologics,ANT,Internal,Inhibition,LC81404_IND004,,Pulmonary Arterial Hypertension,PAH,,10064911,Pulmonary arterial hypertension,Ongoing,,,
LC81317,Research,PHARMA,TFRC x aC1s mAb (LC81317),LC81317 - TFRC x aC1s mAb,Completed,M1-M2,High Priority,FiC,SAR448289,SAR448289,,,TFRC x aC1s mAb,TFRCx aC1s,Biologics,ANT,Internal,Inhibition,LC81317_IND003,,Frontotemporal Dementia,FTD,,10068968,Frontotemporal dementia,Ongoing,,,
LC81390,Research,PHARMA,PIM1 sm - AI-driven (LC81390),LC81390 - PIM1 sm - AI-driven,Ongoing,M0-M1,High Priority,FiC,,,,,PIM1 sm - AI-driven,PIM1 AI-driven,Synthetic,SM,Internal,Inhibition,LC81390_IND003,,Asthma,Asthma,,10003553,Asthma,Ongoing,,,
HOE901,Development,PHARMA,Lantus/Toujeo,HOE901 - Insulin glargine,Completed,LCM,Standard,LCM project,,,,Lantus/Toujeo,Insulin glargine,Insulin glargine,Biologics,INS,Internal,Mimetism,HOE901_IND016,FALSE,Lantus - Origin,,LCM,10012594,Diabetes,Completed,DCVM,,1
LC81699,Research,PHARMA,VEGF x Ang2 x IL6 fusion protein (LC81699),LC81699 - VEGF x Ang2 x IL6 fusion protein,Ongoing,M0-M1,Regular Priority,BiC,,,,,VEGF x Ang2 x IL6 fusion protein,VEGFxAng2xIL6 Fusion,Biologics,FUP,Internal,Inhibition,LC81699_IND003,,Diabetic retinopathy,DR,,10012689,Diabetic retinopathy,Ongoing,,,
LC81705,Research,PHARMA,IL22RA1 x OSMR mAb (LC81705),LC81705 - IL22RA1 x OSMR mAb,Ongoing,M0-M1,Regular Priority,Not Defined,,,,,IL22RA1 x OSMR mAb,IL22RA1xOSMR,Biologics,ANT,Licensed,Blocking,LC81705_IND001,TRUE,Atopic Dermatitis,AD,,10012438,Dermatitis atopic,Ongoing,Immuno-inflammation,Dermatology,
SAR231893,Development,PHARMA,Dupixent,SAR231893 - IL4R mAb,Ongoing,LCM,High,FiC,,,dupilumab,Dupixent,IL4R mAb,IL4R,Biologics,ANT,Licensed,Inhibition,SAR231893_IND002,FALSE,Atopic Dermatitis - Ped - 12-17 years,AD - Ped 12-17y,LCM,10012438,Dermatitis atopic,Completed,Immuno-inflammation,,1
LC81700,Research,PHARMA,VEGF x Ang2 x IL6 AAV (LC81700),LC81700 - VEGF x Ang2 x IL6 AAV,Ongoing,M0-M1,Regular Priority,FiC,,,,,VEGF x Ang2 x IL6 AAV,VEGFxAng2xIL6 AAV,Biologics,AAV GT,Internal,Lowering,LC81700_IND001,TRUE,Age-related macular degeneration - Neovascular,AMD - Neovascular,,10075568,Wet age-related macular degeneration,Ongoing,Ophthalmology,Neurodegenerative diseases,
LC81419,Research,PHARMA,STAT4 sm (LC81419),LC81419 - STAT4 sm,Ongoing,M0-M1,Regular Priority,FiC,,,,,STAT4 sm,STAT4,Synthetic,SM,Internal,Inhibition,LC81419_IND001,TRUE,Inflammatory Bowel Disease,IBD,,10021972,Inflammatory bowel disease,Ongoing,Immuno-inflammation,Gastroenterology,
SAR439684,Development,PHARMA,Libtayo,SAR439684 - PD1 mAb,Completed,LCM,Standard,Little / Uncertain differentiation,,,cemiplimab,Libtayo,PD1 mAb,PD1,Biologics,ANT,Licensed,Inhibition,SAR439684_IND007,FALSE,Pediatric Brain Tumor,Brain Tumors - Ped,Phase 3,10007050,Cancer,Stopped,Oncology,,
SP0256,Development,VACCINE,RSV+hMPV mRNA,Respiratory syncytial virus + human metapneumovirus  mRNA combination vaccine,Ongoing,Phase 2,Very High,BiC,,,,,Active Immunization,,Biologics,MRNAV,Internal,,SP0256_IND002,FALSE,See SP0291,RSVoa CTriv,Preclinical,10061603,Respiratory syncytial virus infection,Stopped,Vaccines,RSV,
LC81404,Research,PHARMA,GREM1 x TGFb1/3 mAb (LC81404),LC81404 - GREM1 x TGFb1/3 mAb,Ongoing,M0-M1,Regular Priority,FiC,,,,,GREM1 x TGFb1/3 mAb,GREM1xTGFb1/3,Biologics,ANT,Internal,Inhibition,LC81404_IND002,,Renal fibrosis,Fibrosis,,10064911,Pulmonary arterial hypertension,Ongoing,,,
SAR445088,Development,PHARMA,riliprubart,SAR445088 - Complement C1s mAb - Active form,Ongoing,Phase 3,Standard,FiC,LC81265,LC81265,riliprubart,,Complement C1s mAb - Active form,aC1s,Biologics,ANT,Acquired,Inhibition,SAR445088_IND002,FALSE,Cold Agglutinin Disease,CAD,Phase 2,10009868,Cold type haemolytic anaemia,Stopped,Rare Diseases,Immune Mediated Blood Disorders,
LC81701,Research,PHARMA,CD46 x NKG2DL in vivo CAR-T (CD8 targeted) (LC81701),LC81701 - CD46 x NKG2DL in vivo CAR-T (CD8 targeted),Ongoing,M0-M1,Regular Priority,FiC,,,,,CD46 x NKG2DL in vivo CAR-T (CD8 targeted),CD46xNKG2DL CAR-T (CD8 targeted),Biologics,NV GT,Internal,Cytotoxicity,LC81701_IND003,,Lung Cancer,Lung Cancer,,10058467,Lung neoplasm malignant,Ongoing,,,
SAR440340,Development,PHARMA,itepekimab,SAR440340 - IL33 mAb,Ongoing,Phase 3,Medium,FiC,,,itepekimab,,IL33 mAb,IL33,Biologics,ANT,Licensed,Antagonism,SAR440340_IND004,FALSE,Bronchiectasis,Bronchiectasis,Phase 2,10006445,Bronchiectasis,Stopped,Immuno-inflammation,Respiratory,
LC81691,Research,PHARMA,IL12v fusion protein - ITA bispecific (LC81691),LC81691 - IL12v fusion protein - ITA bispecific,Ongoing,M0-M1,Regular Priority,FiC,,,,,IL12v fusion protein - ITA bispecific,IL12v xITA,Biologics,FUP,Internal,Immune stimulation,LC81691_IND001,TRUE,Lung Cancer,Lung Cancer,,10058467,Lung neoplasm malignant,Ongoing,Oncology,Lung Cancer,
GZ402671,Development,PHARMA,venglustat,GZ402671 - GCS sm - 2nd generation,Ongoing,Phase 3,Standard,FiC,,,venglustat,,GCS sm - 2nd generation,GCS 2nd gen,Synthetic,SM,Acquired,Inhibition,GZ402671_IND003,FALSE,Gaucher Disease Type 3 -  Add On,GD3 Add On,Phase 2,10018048,Gaucher's disease,Stopped,Rare Diseases,,
LC81396,Research,PHARMA,IRF5 sm (LC81396),LC81396 - IRF5 sm,Ongoing,M0-M1,High Priority,FiC,,,,,IRF5 sm,IRF5,Synthetic,SM,Internal,Inhibition,LC81396_IND004,,Sjogren's Syndrome,Sjogren's,,10040767,Sjogren’s syndrome,Ongoing,,,
LC80484,Research,PHARMA,NLRP3 sm (LC80484),LC80484 - NLRP3 sm,Completed,M1-M2,High Priority,BiC,SAR447387,SAR447387,,,NLRP3 sm,NLRP3,Synthetic,SM,Internal,Inhibition,LC80484_IND005,,Multiple Sclerosis,MS,,10028245,Multiple sclerosis,Completed,,,
HOE901,Development,PHARMA,Lantus/Toujeo,HOE901 - Insulin glargine,Completed,LCM,Standard,LCM project,,,,Lantus/Toujeo,Insulin glargine,Insulin glargine,Biologics,INS,Internal,Mimetism,HOE901_IND012,FALSE,Toujeo - U300 - Titration Meter,,,10012594,Diabetes,Stopped,DCVM,,
LC81412,Research,PHARMA,SLC15A4 sm (LC81412),LC81412 - SLC15A4 sm,Ongoing,M1-M2,High Priority,FiC,,,,,SLC15A4 sm,SLC15A4,Synthetic,SM,Licensed,Inhibition,LC81412_IND006,,Psoriasis,Psoriasis,,10037153,Psoriasis,Ongoing,,,
SP0202,Development,VACCINE,PCV21,Streptococcus pneumoniae conjugate vaccine,Ongoing,Phase 3,High,Little / Uncertain differentiation,,,,,Active immunization,,Biologics,GCV,Licensed,,SP0202_IND003,TRUE,Streptococcus pneumoniae disease - Pediatric,S. pneumoniae disease - Ped,Phase 3,10092606,Invasive pneumococcal disease,Ongoing,Vaccines,PMED_Pneumo Meningitis,0.74
LC81357,Research,PHARMA,SCN9A/SCN10A RNAi AAV (LC81357),LC81357 - SCN9A/SCN10A RNAi AAV,Ongoing,M1-M2,High Priority,FiC,,,,,SCN9A/SCN10A RNAi AAV,SCN9A/10A RNAi AAV,Biologics,AAV GT,Internal,Reduction,LC81357_IND001,TRUE,Neuropathic Pain,Neuropathic Pain,,10029223,Neuralgia,Ongoing,Neurology,Neurodegenerative diseases,
SAR447816,Development,PHARMA,uliledlimab,SAR447816 - CD73 mAb,Ongoing,Phase 2,GATE,BiC,,,uliledlimab,,CD73 mAb,CD73,Biologics,ANT,Licensed,Antagonism,SAR447816_IND001,FALSE,1L NSCLC - Combo anti-PD-1,1L NSCLC w/PD1,Phase 2,10061873,Non-small cell lung cancer,Stopped,Oncology,Lung Cancer,
LC81657,Research,PHARMA,CD98 x Synuclein mAb (LC81657),LC81657 - CD98 x Synuclein mAb,Ongoing,M0-M1,Regular Priority,BiC,,,,,CD98 x Synuclein mAb,CD98xSNCA,Biologics,ANT,Licensed,Neutralizing,LC81657_IND002,,Synucleinopathy,Synucleinopathy,,10053643,Neurodegenerative disorder,Ongoing,,,
GZ393590,Development,PHARMA,Clolar/Evoltra,GZ393590 - Purine nucleoside analog,Completed,LCM,Standard,LCM project,,,clofarabine,Clolar/Evoltra,Purine nucleoside analog,Purine nucleoside,Synthetic,SM,Acquired,Mimetism,GZ393590_IND003,FALSE,NHL - PO route,,,10029547,Non-Hodgkin's lymphoma,Stopped,Oncology,,
LC10163,Research,PHARMA,SOX sm (LC10163),LC10163 - SOX sm,Completed,M1-M2,Regular Priority,FiC,SAR447225,SAR447225,,,SOX sm,SOX,Synthetic,SM,Internal,Induction,LC10163_IND002,,Osteoarthritis,OA,,10031161,Osteoarthritis,Completed,,,
LC81655,Research,PHARMA,CD98 x GLP1R mAb (LC81655),LC81655 - CD98 x GLP1R mAb,Ongoing,M1-M2,Regular Priority,BiC,,,,,CD98 x GLP1R mAb,CD98xGLP1R,Biologics,ANT,Internal,Agonism,LC81655_IND002,,Alzheimer's Disease,Alzheimer,,10001896,Alzheimer's disease,Ongoing,,,
LC81672,Research,PHARMA,IFNAR1 x OX40L Nanobody VHH (LC81672),LC81672 - IFNAR1 x OX40L Nanobody VHH,Ongoing,M0-M1,Regular Priority,FiC,,,,,IFNAR1 x OX40L Nanobody VHH,IFNAR1xOX40L,Biologics,NBDY,Internal,Antagonism,LC81672_IND001,TRUE,Systemic Lupus Erythematosus,SLE,,10042945,Systemic lupus erythematosus,Ongoing,Immuno-inflammation,Rheumatology,
SAR440340,Development,PHARMA,itepekimab,SAR440340 - IL33 mAb,Ongoing,Phase 3,Medium,FiC,,,itepekimab,,IL33 mAb,IL33,Biologics,ANT,Licensed,Antagonism,SAR440340_IND007,FALSE,Chronic Rhinosinusitis without Nasal Polyps,CRSsNP,Phase 2,10084742,Chronic rhinosinusitis without nasal polyps,Ongoing,Immuno-inflammation,Respiratory,0.31
SAR440340,Development,PHARMA,itepekimab,SAR440340 - IL33 mAb,Ongoing,Phase 3,Medium,FiC,,,itepekimab,,IL33 mAb,IL33,Biologics,ANT,Licensed,Antagonism,SAR440340_IND005,TRUE,Chronic Rhinosinusitis with Nasal Polyps,CRSwNP,Phase 3,10080060,Chronic rhinosinusitis with nasal polyps,Ongoing,Immuno-inflammation,Respiratory,0.43
LC81414,Research,PHARMA,IL10R Nanobody VHH (LC81414),LC81414 - IL10R Nanobody VHH,Ongoing,M0-M1,Regular Priority,FiC,,,,,IL10R Nanobody VHH,IL10R VHH,Biologics,NBDY,Licensed,Agonism,LC81414_IND001,TRUE,Inflammatory Bowel Disease,IBD,,10021972,Inflammatory bowel disease,Ongoing,Immuno-inflammation,Gastroenterology,
GZ402671,Development,PHARMA,venglustat,GZ402671 - GCS sm - 2nd generation,Ongoing,Phase 3,Standard,FiC,,,venglustat,,GCS sm - 2nd generation,GCS 2nd gen,Synthetic,SM,Acquired,Inhibition,GZ402671_IND004,TRUE,Gaucher Disease Type 3 - Mono - Adult & Ped - 12-17 years,GD3 Mono - Adult & 12-17y,Phase 3,10018048,Gaucher's disease,Ongoing,Rare Diseases,Metabolic Disorders,0.54
LC81425,Research,PHARMA,TL1A x OX40L mAb (LC81425),LC81425 - TL1A x OX40L mAb,Ongoing,M0-M1,Regular Priority,FiC,,,,,TL1A x OX40L mAb,TL1AxOX40L,Biologics,ANT,Internal,Antagonism,LC81425_IND005,,Systemic Lupus Erythematosus,SLE,,10042945,Systemic lupus erythematosus,Ongoing,,,
SAR448940,Development,PHARMA,elenestinib,SAR448940 - KIT D816V sm - Next Generation,Ongoing,Phase 3,Medium,BiC,,,elenestinib,,KIT D816V sm - Next Generation,KIT D816V Next Gen,Synthetic,SM,Acquired,Inhibition,SAR448940_IND001,TRUE,Indolent Systemic Mastocytosis,IndoSM,Phase 3,10056452,Indolent systemic mastocytosis,Ongoing,Rare Diseases,Immune Mediated Blood Disorders,0.7
SAR236553,Development,PHARMA,Praluent,SAR236553 - Anti-PCSK-9 mAb,Completed,LCM,Standard,LCM project,,,alirocumab,Praluent,Anti-PCSK-9 mAb,PCSK9,Biologics,ANT,Licensed,Binding,SAR236553_IND006,FALSE,LDL-C reduction - Q4W - Japan,,LCM,10020603,Hypercholesterolaemia,Completed,DCVM,,1
SAR442970,Development,PHARMA,brivekimig,SAR442970 - TNFa x OX40L Nanobody VHH,Ongoing,Phase 2B,GATE,FiC,XC01135,XC01135,brivekimig,,TNFa x OX40L Nanobody VHH,TNFa xOX40L,Biologics,NBDY,Internal,Blocking,SAR442970_IND003,FALSE,Ulcerative Colitis,UC,Phase 2,10009900,Colitis ulcerative,Ongoing,Immuno-inflammation,Gastroenterology,0.21
SAR445761,Development,PHARMA,Rezurock ,SAR445761 - ROCK2 sm,Ongoing,LCM,Standard,FiC,,,belumosudil,Rezurock ,ROCK2 sm,ROCK2,Synthetic,SM,Acquired,Inhibition,SAR445761_IND003,FALSE,1L Chronic Graft versus Host Disease,1L cGvHD,Phase 3,10018651,Graft versus host disease,Stopped,Transplant,Transplant (Hemato),0.44
LC81669,Research,PHARMA,CD2 x PD1 Nanobody VHH (LC81669),LC81669 - CD2 x PD1 Nanobody VHH,Ongoing,M0-M1,Regular Priority,FiC,,,,,CD2 x PD1 Nanobody VHH,CD2xPD1,Biologics,NBDY,Internal,Agonism,LC81669_IND001,TRUE,Transplantation,Transplant,,10057677,Transplant,Ongoing,Transplant,Transplant (Solid Organs),
GZ419829,Development,PHARMA,Myozyme/Lumizyme,GZ419829 - Acid alfa glucosidase,Completed,LCM,Standard,LCM project,,,alglucosidase alfa,Myozyme/Lumizyme,Acid alfa glucosidase,GAA (Myozyme),Biologics,REC,Acquired,Enzyme replacement therapy,GZ419829_IND001,TRUE,Pompe Disease,Pompe,LCM,10053185,Glycogen storage disease type II,Completed,Rare Diseases,,1
LC81368,Research,PHARMA,B7H3 x NKp46 x CD16 x IL2v mAb (NKCE)  (LC81368),LC81368 - B7H3 x NKp46 x CD16 x IL2v mAb (NKCE) ,Ongoing,M1-M2,Regular Priority,BiC,,,,,B7H3 x NKp46 x CD16 x IL2v mAb (NKCE) ,B7H3 NKCE,Biologics,ANT,Licensed,Cytotoxicity,LC81368_IND001,TRUE,B7H3+ Solid Tumors,B7H3+ Solid Tumors,,10065252,Solid tumor,Ongoing,Oncology,Other Solid Tumors,
SP0038,Development,VACCINE,PR5I,PR5I,Completed,Post-Launch,,Little / Uncertain differentiation,,,,Vaxelis,Active immunization,,Biologics,VAC,Licensed,,SP0038_IND001,TRUE,Indication for New Vaccine Indication Template,,,10021430,Immunisation,Completed,Vaccines,PPH,
LC80014,Research,PHARMA,PIP5K2B sm (LC80014),LC80014 - PIP5K2B sm,Ongoing,M1-M2,Regular Priority,FiC,,,,,PIP5K2B sm,PIP5K2B,Synthetic,SM,Internal,Inhibition,LC80014_IND003,,Chronic obstructive pulmonary disease,Crohn,,10009033,Chronic obstructive pulmonary disease,Ongoing,,,
SP0178,Development,VACCINE,Fluzone HD / Efluelda,Influenza inactivated vaccine High Dose,Ongoing,Post-Launch,Medium,FiC,,,,Fluzone / Efluelda,Active immunization,,Biologics,IAV,Internal,,SP0178_IND002,FALSE,Japan - Flu QIV/TIV HD,JP,Post-Licence,10022000,Influenza,Completed,Vaccines,FLU,1
XRP6976,Development,PHARMA,Taxotere,XRP6976 - Tubulin  inh.,Completed,LCM,Standard,LCM project,,,docetaxel,Taxotere,Tubulin  inh.,Tubulin,Synthetic,SM,Licensed,Inhibition,XRP6976_IND010,FALSE,Maximum Dose Unification - Japan,,LCM,10065252,Solid tumor,Completed,Oncology,,
SAR650984,Development,PHARMA,Sarclisa,SAR650984 - CD38 mAb,Ongoing,LCM,Medium,BiC,,,isatuximab,Sarclisa,CD38 mAb,CD38,Biologics,ANT,Licensed,Binding,SAR650984_IND027,FALSE,RRMM - Combo Cemiplimab,RRMM w/Cemip,,10028228,Multiple myeloma,Stopped,Oncology,,
SAR447189,Development,PHARMA,duvakitug,SAR447189 - TL1A mAb,Ongoing,Phase 3,Medium,BiC,,,duvakitug,,TL1A mAb,TL1A,Biologics,ANT,Licensed,Blocking,SAR447189_IND001,TRUE,Ulcerative Colitis,UC,Phase 3,10009900,Colitis ulcerative,Ongoing,Immuno-inflammation,Gastroenterology,0.74
SAR448972,Development,PHARMA,Ayvakit,SAR448972 - KIT D816V sm,Ongoing,LCM,Standard,FiC,,,avapritinib,Ayvakit,KIT D816V sm,KIT D816V sm,Synthetic,SM,Acquired,Inhibition,SAR448972_IND002,FALSE,Advanced Systemic Mastocytosis,AdvSM,LCM,10089805,Advanced systemic mastocytosis,Completed,Rare Diseases,Immune Mediated Blood Disorders,1
SP0341,Development,VACCINE,RSV+hMPV+PIV3 Subunit,Respiratory syncytial virus + human metapneumovirus + parainfluenza virus 3 Subunit vaccine,Ongoing,Phase 1,Not Defined,BiC,,,,,Active immunization,,Biologics,SUBUV,Acquired,,SP0341_IND001,TRUE,RSV+hMPV+PIV3 disease,RSV+hMPV+PIV3 disease,Phase 1,10061603,Respiratory syncytial virus infection,Ongoing,Vaccines,RSV,0.26
SAR444671,Development,PHARMA,Wayrilz,SAR444671 - BTK sm,Ongoing,LCM,Medium,FiC,,,rilzabrutinib,Wayrilz,BTK sm,BTK,Synthetic,SM,Acquired,Inhibition,SAR444671_IND012,FALSE,Prurigo Nodularis - Adult & Ped - 12 - 17 years,PN - Adult & Ped 12-17y,Initiation,10037084,Prurigo nodularis,Ongoing,Immuno-inflammation,Dermatology,0.21
HMR1726,Development,PHARMA,Aubagio,HMR1726 - DHO-DH sm,Completed,LCM,Standard,LCM project,,,teriflunomide,Aubagio,DHO-DH sm,DHO-DH,Synthetic,SM,Internal,Inhibition,HMR1726_IND002,TRUE,Multiple Sclerosis - Ped,MS - Ped,LCM,10028245,Multiple sclerosis,Completed,Neurology,Neuro-inflammation,1
SAR650984,Development,PHARMA,Sarclisa,SAR650984 - CD38 mAb,Ongoing,LCM,Medium,BiC,,,isatuximab,Sarclisa,CD38 mAb,CD38,Biologics,ANT,Licensed,Binding,SAR650984_IND012,FALSE,P3F2 IV Formulation Process Update,,Phase 1,10028228,Multiple myeloma,Stopped,Oncology,,
LC81652,Research,PHARMA,aC1s x Factor Bb x VEGF Hybrid (LC81652),LC81652 - aC1s x Factor Bb x VEGF Hybrid,Ongoing,M0-M1,High Priority,FiC,,,,,aC1s x Factor Bb x VEGF Hybrid,aC1s x Bb x VEGF Hybrid,Biologics,HYB,Internal,Inhibition,LC81652_IND002,,Age-related macular degeneration - Neovascular,AMD - Neovascular,,10075568,Wet age-related macular degeneration,Ongoing,,,
AVE0010-1,Development,PHARMA,Soliqua,AVE0010-1 - Combo GLP1R peptide - Insulin Glargine,Completed,LCM,Standard,Little / Uncertain differentiation,,,Insulin Glargine/Lixisenatide,Soliqua,Combo GLP1R peptide - Insulin Glargine,GLP1R x Insulin glargine,Synthetic,PEP,Licensed,Agonism,AVE0010-1_IND006,FALSE,Lixilan - T2DM - Lantus Combo - FixFlex - SC Route,,Phase 1,10067585,Type 2 diabetes mellitus,Stopped,DCVM,,
SAR444671,Development,PHARMA,Wayrilz,SAR444671 - BTK sm,Ongoing,LCM,Medium,FiC,,,rilzabrutinib,Wayrilz,BTK sm,BTK,Synthetic,SM,Acquired,Inhibition,SAR444671_IND001,FALSE,Pemphigus Vulgaris,PV,Phase 3,10034280,Pemphigus,Stopped,Immuno-inflammation,,
GZ402671,Development,PHARMA,venglustat,GZ402671 - GCS sm - 2nd generation,Ongoing,Phase 3,Standard,FiC,,,venglustat,,GCS sm - 2nd generation,GCS 2nd gen,Synthetic,SM,Acquired,Inhibition,GZ402671_IND009,FALSE,Fabry Disease - Combo,,,10016016,Fabry's disease,Stopped,Rare Diseases,,
LC81390,Research,PHARMA,PIM1 sm - AI-driven (LC81390),LC81390 - PIM1 sm - AI-driven,Ongoing,M0-M1,High Priority,FiC,,,,,PIM1 sm - AI-driven,PIM1 AI-driven,Synthetic,SM,Internal,Inhibition,LC81390_IND004,,Psoriasis,Psoriasis,,10037153,Psoriasis,Ongoing,,,
LC81416,Research,PHARMA,CD70 x CD3gd mAb (TCE) (LC81416),LC81416 - CD70 x CD3gd mAb (TCE),Ongoing,M0-M1,High Priority,FiC,,,,,CD70 x CD3gd mAb (TCE),CD70 x CD3gd TCE,Biologics,ANT,Internal,Cytotoxicity,LC81416_IND001,TRUE,Acute Myeloid Leukemia,AML,,10000880,Acute myeloid leukaemia,Ongoing,Oncology,Other Heme Malignancies,
LC81651,Research,PHARMA,STAT6 sm - non-SH2 (LC81651),LC81651 - STAT6 sm - non-SH2,Ongoing,M1-M2,High Priority,BiC,,,,,STAT6 sm - non-SH2,STAT6 - non-SH2,Synthetic,SM,Licensed,Inhibition,LC81651_IND002,,Asthma,Asthma,,10003553,Asthma,Ongoing,,,
LC81644,Research,PHARMA,OX40L x NKG2D Nanobody VHH (LC81644),LC81644 - OX40L x NKG2D Nanobody VHH,Ongoing,M1-M2,Regular Priority,FiC,,,,,OX40L x NKG2D Nanobody VHH,OX40LxNKG2D,Biologics,NBDY,Internal,Blocking,LC81644_IND005,,Inflammatory Bowel Disease,IBD,,10021972,Inflammatory bowel disease,Ongoing,,,
XC01159,Research,PHARMA,IL17A sm (XC01159),XC01159 - IL17A sm,Completed,M1-M2,High Priority,BiC,SAR447432,SAR447432,,,IL17A sm,IL17A,Synthetic,SM,Licensed,Antagonism,XC01159_IND004,,Ankylosing Spondylitis,AS,,10002556,Ankylosing spondylitis,Completed,,,
LC81254,Research,PHARMA,TFRC x GAA fusion protein (LC81254),LC81254 - TFRC x GAA fusion protein,Completed,M1-M2,High Priority,FiC,SAR446290,SAR446290,,,TFRC x GAA fusion protein,TFRCxGAA,Biologics,ANT,Internal,Enzyme replacement therapy,LC81254_IND001,TRUE,Discovery,,,10053185,Glycogen storage disease type II,Completed,Rare Disease Research,,
GZ402671,Development,PHARMA,venglustat,GZ402671 - GCS sm - 2nd generation,Ongoing,Phase 3,Standard,FiC,,,venglustat,,GCS sm - 2nd generation,GCS 2nd gen,Synthetic,SM,Acquired,Inhibition,GZ402671_IND001,FALSE,Autosomal Dominant Polycystic Kidney Disease,ADPKD,Phase 3,10036046,"Polycystic kidney, autosomal dominant",Stopped,Rare Diseases,,
LC81644,Research,PHARMA,OX40L x NKG2D Nanobody VHH (LC81644),LC81644 - OX40L x NKG2D Nanobody VHH,Ongoing,M1-M2,Regular Priority,FiC,,,,,OX40L x NKG2D Nanobody VHH,OX40LxNKG2D,Biologics,NBDY,Internal,Blocking,LC81644_IND002,,Vitiligo,Vitiligo,,10047642,Vitiligo,Ongoing,,,
LC81267,Research,PHARMA,TIGIT mAb (LC81267),LC81267 - TIGIT mAb,Ongoing,M1-M2,Regular Priority,FiC,,,,,TIGIT mAb,TIGIT mAb,Biologics,ANT,Internal,Agonism,LC81267_IND001,TRUE,Inflammatory Bowel Disease,IBD,,10021972,Inflammatory bowel disease,Ongoing,Immuno-inflammation,Gastroenterology,
LC81354,Research,PHARMA,STAT6 sm (LC81354),LC81354 - STAT6 sm,Ongoing,M1-M2,High Priority,FiC,,,,,STAT6 sm,STAT6,Synthetic,SM,Internal,Inhibition,LC81354_IND003,,Chronic Rhinosinusitis with Nasal Polyps,CRSwNP,,10080060,Chronic rhinosinusitis with nasal polyps,Ongoing,,,
SAR445229,Development,PHARMA,amlitelimab,SAR445229 - OX40L mAb,Ongoing,Phase 3,High,BiC,,,amlitelimab,,OX40L mAb,OX40L,Biologics,ANT,Acquired,Blocking,SAR445229_IND002,FALSE,Asthma,Asthma,Phase 2,10003553,Asthma,Stopped,Immuno-inflammation,Respiratory,0.14
SAR153191,Development,PHARMA,Kevzara,SAR153191 - IL6R mAb,Ongoing,LCM,Standard,Little / Uncertain differentiation,,,sarilumab,Kevzara,IL6R mAb,IL6R,Biologics,ANT,Licensed,Inhibition,SAR153191_IND004,FALSE,Rheumatoid Arthritis  US PreFilled Syringe (E-PFS),RA - E-PFS - US,LCM,10039073,Rheumatoid arthritis,Completed,Immuno-inflammation,,1
SAR439684,Development,PHARMA,Libtayo,SAR439684 - PD1 mAb,Completed,LCM,Standard,Little / Uncertain differentiation,,,cemiplimab,Libtayo,PD1 mAb,PD1,Biologics,ANT,Licensed,Inhibition,SAR439684_IND003,FALSE,2L BCC,2L BCC,LCM,10004146,Basal cell carcinoma,Completed,Oncology,,1
SAR650984,Development,PHARMA,Sarclisa,SAR650984 - CD38 mAb,Ongoing,LCM,Medium,BiC,,,isatuximab,Sarclisa,CD38 mAb,CD38,Biologics,ANT,Licensed,Binding,SAR650984_IND018,FALSE,Solid Tumors - Combo Cemiplimab,Solid Tumors w/Cemip,,10065252,Solid tumor,Stopped,Oncology,,
LC81095,Research,PHARMA,TNFa sm - Backup (LC81095),LC81095 - TNFa sm - Backup,Ongoing,M1-M2,Regular Priority,BiC,SAR441566,SAR441566,,,TNFa sm - Backup,TNFa sm BU,Synthetic,SM,Internal,Inhibition,LC81095_IND005,FALSE,MS2 -Pentacyclics - Stopped,,,,,Stopped,Immuno-inflammation,,
GZ393590,Development,PHARMA,Clolar/Evoltra,GZ393590 - Purine nucleoside analog,Completed,LCM,Standard,LCM project,,,clofarabine,Clolar/Evoltra,Purine nucleoside analog,Purine nucleoside,Synthetic,SM,Acquired,Mimetism,GZ393590_IND005,FALSE,AML - Adult,,Phase 3,10000880,Acute myeloid leukaemia,Stopped,Oncology,,
SP0285,Research,VACCINE,PCV Next Gen Adult,Streptococcus pneumomiae conjugate vaccine - Next Generation - Adult,Ongoing,M0-M2,Very High,Little / Uncertain differentiation,,,,,Active Immunization,,Biologics,GCV,Licensed,,SP0285_IND001,TRUE,Streptococcus pneumoniae disease - Adult,S. pneumoniae disease - Adult,M0-M2,10092606,Invasive pneumococcal disease,Ongoing,Vaccines,PMED_Pneumo Meningitis,0.25
LC81657,Research,PHARMA,CD98 x Synuclein mAb (LC81657),LC81657 - CD98 x Synuclein mAb,Ongoing,M0-M1,Regular Priority,BiC,,,,,CD98 x Synuclein mAb,CD98xSNCA,Biologics,ANT,Licensed,Neutralizing,LC81657_IND001,TRUE,Parkinson's Disease,Parkinson,,10061536,Parkinson's disease,Ongoing,Neurology,Neurodegenerative diseases,
LC81425,Research,PHARMA,TL1A x OX40L mAb (LC81425),LC81425 - TL1A x OX40L mAb,Ongoing,M0-M1,Regular Priority,FiC,,,,,TL1A x OX40L mAb,TL1AxOX40L,Biologics,ANT,Internal,Antagonism,LC81425_IND001,TRUE,Inflammatory Bowel Disease,IBD,,10021972,Inflammatory bowel disease,Ongoing,Immuno-inflammation,Gastroenterology,
SP0230,Development,VACCINE,MenPenta,Neisseria meninigitidis (ACWY+B) combination vaccine,Ongoing,Phase 2,Very High,BiC,,,,,Active immunization,,Biologics,VAC,Internal,,SP0230_IND004,TRUE,Meningococcal (ACWY+B) disease - Adolescent & Pediatric,Meningococcal (ACWY+B) disease - Ado & Ped,Phase 2A,10004049,Bacterial meningitis,Ongoing,Vaccines,PMED_Pneumo Meningitis,0.31
LC81653,Research,PHARMA,aC1s x Factor Bb x VEGF AAV (LC81653),LC81653 - aC1s x Factor Bb x VEGF AAV,Ongoing,M0-M1,Regular Priority,FiC,,,,,aC1s x Factor Bb x VEGF AAV,aC1s x Bb x VEGF AAV,Biologics,AAV GT,Internal,Inhibition,LC81653_IND001,TRUE,Age-related macular degeneration - Geographic Atrophy,AMD - Geo atrophy,,10063947,Geographic atrophy,Ongoing,Ophthalmology,Neurodegenerative diseases,
SAR153191,Development,PHARMA,Kevzara,SAR153191 - IL6R mAb,Ongoing,LCM,Standard,Little / Uncertain differentiation,,,sarilumab,Kevzara,IL6R mAb,IL6R,Biologics,ANT,Licensed,Inhibition,SAR153191_IND007,FALSE,Rheumatoid Arthritis - Japan,,LCM,10039073,Rheumatoid arthritis,Completed,Immuno-inflammation,,1
SAR444671,Development,PHARMA,Wayrilz,SAR444671 - BTK sm,Ongoing,LCM,Medium,FiC,,,rilzabrutinib,Wayrilz,BTK sm,BTK,Synthetic,SM,Acquired,Inhibition,SAR444671_IND006,FALSE,Chronic Spontaneous Urticaria - Adult & Ped - 12-17 years,CSU - Adult & Ped 12-17y,Phase 2,10072757,Chronic spontaneous urticaria,Ongoing,Immuno-inflammation,Dermatology,0.42
LC81095,Research,PHARMA,TNFa sm - Backup (LC81095),LC81095 - TNFa sm - Backup,Ongoing,M1-M2,Regular Priority,BiC,SAR441566,SAR441566,,,TNFa sm - Backup,TNFa sm BU,Synthetic,SM,Internal,Inhibition,LC81095_IND007,,Hidradenitis Suppurativa,HS,,10020041,Hidradenitis suppurativa,Ongoing,,,
AVE0010,Development,PHARMA,Lyxumia/Adlyxin,AVE0010 - GLP1R peptide,Completed,LCM,Standard,LCM project,,,lixisenatide,Lyxumia/Adlyxin,GLP1R peptide,GLP1R,Synthetic,PEP,Licensed,Agonism,AVE0010_IND014,FALSE,Lixisenatide - T2DM - ToujeLyx Combo - SC Route,,,10067585,Type 2 diabetes mellitus,Stopped,DCVM,,
LC81376,Research,PHARMA,PD1 x OX40L Hybrid (LC81376),LC81376 - PD1 x OX40L Hybrid,Ongoing,M1-M2,High Priority,FiC,SAR449397,SAR449397,,,PD1 x OX40L Hybrid,PD1xOX40L,Biologics,HYB,Internal,Immune modulation,LC81376_IND003,,Crohn's disease,Crohn,,10011401,Crohn's disease,Ongoing,,,
LC81685,Research,PHARMA,TSLP x OX40L Nanobody VHH (LC81685),LC81685 - TSLP x OX40L Nanobody VHH,Ongoing,M1-M2,Regular Priority,FiC,SAR449468,SAR449468,,,TSLP x OX40L Nanobody VHH,TSLPxOX40L,Biologics,NBDY,Internal,Antagonism,LC81685_IND002,,Bronchiectasis,Bronchiectasis,,10006445,Bronchiectasis,Ongoing,,,
LC81222,Research,PHARMA,CTPS1 sm (LC81222),LC81222 - CTPS1 sm,Ongoing,M1-M2,Regular Priority,BiC,SAR448447,SAR448447,,,CTPS1 sm,CTPS1,Synthetic,SM,Internal,Inhibition,LC81222_IND005,,Psoriasis Arthritis,PsA,,10037162,Psoriatic arthropathy,Ongoing,,,
LC81311,Research,PHARMA,ITK x TXK sm (LC81311),LC81311 - ITK x TXK sm,Ongoing,M1-M2,Regular Priority,FiC,SAR449598,SAR449598,,,ITK x TXK sm,ITK x TXK,Synthetic,SM,Internal,Inhibition,LC81311_IND001,TRUE,Atopic Dermatitis,AD,,10012438,Dermatitis atopic,Ongoing,Immuno-inflammation,Dermatology,
LC81694,Research,PHARMA,CD19 x BCMA x Dectin1 Hybrid (MCE) (LC81694),LC81694 - CD19 x BCMA x Dectin1 Hybrid (MCE),Ongoing,M0-M1,Regular Priority,BiC,,,,,CD19 x BCMA x Dectin1 Hybrid (MCE),CD19xBCMAxDectin1 MCE,Biologics,HYB,Licensed,Cytotoxicity,LC81694_IND002,,Lupus Nephritis,LN,,10025140,Lupus nephritis,Ongoing,,,
SAR445761,Development,PHARMA,Rezurock ,SAR445761 - ROCK2 sm,Ongoing,LCM,Standard,FiC,,,belumosudil,Rezurock ,ROCK2 sm,ROCK2,Synthetic,SM,Acquired,Inhibition,SAR445761_IND007,FALSE,2L+ Chronic Graft versus Host Disease - Combo SYK/JAK Inhibitor,2L+ cGVHD - Combo,Initiation,10018651,Graft versus host disease,Stopped,Transplant,Transplant (Hemato),0.29
LC81684,Research,PHARMA,TSLP x IL5 Hybrid (LC81684),LC81684 - TSLP x IL5 Hybrid,Ongoing,M0-M1,Regular Priority,FiC,,,,,TSLP x IL5 Hybrid,TSLPxIL5,Biologics,HYB,Internal,Antagonism,LC81684_IND003,,Chronic Obstructive Pulmonary Disease,COPD,,10009033,Chronic obstructive pulmonary disease,Ongoing,,,
XC01158,Research,PHARMA,STAT6 sm - Degrader (XC01158),XC01158 - STAT6 sm - Degrader,Completed,M1-M2,High Priority,FiC,SAR448272,SAR448272,,,STAT6 sm - Degrader,STAT6 Degrader,Synthetic,SM,Licensed,Degradation,XC01158_IND004,,Eosinophilic Esophagitis,EoE,,10064212,Eosinophilic oesophagitis,Ongoing,,,
LC81661,Research,PHARMA,IL1R3 x TL1A mAb (LC81661),LC81661 - IL1R3 x TL1A mAb,Ongoing,M0-M1,Regular Priority,FiC,,,,,IL1R3 x TL1A mAb,IL1R3xTL1A,Biologics,ANT,Internal,Antagonism,LC81661_IND003,,Hidradenitis Suppurativa,HS,,10020041,Hidradenitis suppurativa,Ongoing,,,
LC81306,Research,PHARMA,CXCR4 mAb (LC81306),LC81306 - CXCR4 mAb,Completed,M1-M2,Regular Priority,BiC,SAR445346,SAR445346,,,CXCR4 mAb,CXCR4,Biologics,ANT,Acquired,Inhibition,LC81306_IND001,TRUE,Serie for Bio Oncology Disco,,,10065252,Solid tumor,Completed,Oncology,,
LC81644,Research,PHARMA,OX40L x NKG2D Nanobody VHH (LC81644),LC81644 - OX40L x NKG2D Nanobody VHH,Ongoing,M1-M2,Regular Priority,FiC,,,,,OX40L x NKG2D Nanobody VHH,OX40LxNKG2D,Biologics,NBDY,Internal,Blocking,LC81644_IND006,,Type 1 Diabetes,T1DM,,10067584,Type 1 diabetes mellitus,Ongoing,,,
LC81391,Research,PHARMA,STAT6 sm - SH2 - Premier and Additional Frontrunners (LC81391),LC81391 - STAT6 sm - SH2 - Premier and Additional Frontrunners,Ongoing,M1-M2,High Priority,FiC,SAR448755,SAR448755,,,STAT6 sm - SH2 - Premier and Additional Frontrunners,STAT6 - SH2 - Prem + Add FR,Synthetic,SM,Licensed,Inhibition,LC81391_IND003,,Chronic Obstructive Pulmonary Disease,COPD,,10009033,Chronic obstructive pulmonary disease,Completed,,,
SP0288,Development,VACCINE,C19 rec,SARS-Cov-2 recombinant vaccine,Ongoing,Post-Launch,Very High,Little / Uncertain differentiation,,,,Nuvaxovid,Active immunization,,Biologics,REC,Licensed,,SP0288_IND001,TRUE,Covid19,Covid19,Post-Licence,10084458,COVID-19 prophylaxis,Ongoing,Vaccines,Innovation & Vaccine Value,1
SP0247,Research,VACCINE,RSV+hMPV+PIV3 LAV ,Respiratory syncytial virus + human metapneumovirus + parainfluenza virus 3 live attenuated combination vaccine,Ongoing,M0-M2,Medium,FiC,,,,,Active Immunization,,Biologics,LAV,Licensed,,SP0247_IND001,TRUE,RSV+hMPV+PIV3 disease - toddlers,RSV+hMPV+PIV3 disease - toddlers,M0-M2,10061603,Respiratory syncytial virus infection,Ongoing,Vaccines,RSV,0.22
LC81328,Research,PHARMA,GPRC5D x FcRH5 x CD16 x CD3gd Nanobody VHH (NKCE/TCE) (LC81328),LC81328 - GPRC5D x FcRH5 x CD16 x CD3gd Nanobody VHH (NKCE/TCE),Ongoing,M1-M2,Regular Priority,FiC,,,,,GPRC5D x FcRH5 x CD16 x CD3gd Nanobody VHH (NKCE/TCE),GPRC5D x FcRH5 x CD16 x CD3gd NKCE,Biologics,NBDY,Internal,Cytotoxicity,LC81328_IND001,TRUE,Multiple Myeloma,MM,,10028228,Multiple myeloma,Ongoing,Oncology,Multiple Myeloma,
SAR440340,Development,PHARMA,itepekimab,SAR440340 - IL33 mAb,Ongoing,Phase 3,Medium,FiC,,,itepekimab,,IL33 mAb,IL33,Biologics,ANT,Licensed,Antagonism,SAR440340_IND001,FALSE,Chronic Obstructive Pulmonary Disease,COPD,Phase 3,10009033,Chronic obstructive pulmonary disease,Ongoing,Immuno-inflammation,Respiratory,0.42
SAR448272,Development,PHARMA,STAT6 Degrader,SAR448272 - STAT6 sm - Degrader,Ongoing,Preclinical,GATE,FiC,XC01158,XC01158,,,STAT6 sm - Degrader,STAT6 Degrader,Synthetic,SM,Internal,Degradation,SAR448272_IND001,TRUE,Atopic Dermatitis,AD,Preclinical,10012438,Dermatitis atopic,Ongoing,Immuno-inflammation,Dermatology,0.07
LC81681,Research,PHARMA,TSLP x C5aR1 Nanobody VHH (LC81681),LC81681 - TSLP x C5aR1 Nanobody VHH,Ongoing,M0-M1,Regular Priority,FiC,,,,,TSLP x C5aR1 Nanobody VHH,TSLPxC5aR1,Biologics,NBDY,Internal,Antagonism,LC81681_IND002,,Chronic Obstructive Pulmonary Disease,COPD,,10009033,Chronic obstructive pulmonary disease,Ongoing,,,
SAR650984,Development,PHARMA,Sarclisa,SAR650984 - CD38 mAb,Ongoing,LCM,Medium,BiC,,,isatuximab,Sarclisa,CD38 mAb,CD38,Biologics,ANT,Licensed,Binding,SAR650984_IND011,FALSE,Amyloidosis - Mono,Amyloidosis,Phase 2,10002022,Amyloidosis,Stopped,Oncology,Other,
LC81670,Research,PHARMA,OX40 x PD1 Hybrid (LC81670),LC81670 - OX40 x PD1 Hybrid,Ongoing,M0-M1,Regular Priority,FiC,,,,,OX40 x PD1 Hybrid,OX40xPD1,Biologics,HYB,Internal,Modulation,LC81670_IND001,TRUE,Atopic Dermatitis,AD,,10012438,Dermatitis atopic,Ongoing,Immuno-inflammation,Dermatology,
LC81684,Research,PHARMA,TSLP x IL5 Hybrid (LC81684),LC81684 - TSLP x IL5 Hybrid,Ongoing,M0-M1,Regular Priority,FiC,,,,,TSLP x IL5 Hybrid,TSLPxIL5,Biologics,HYB,Internal,Antagonism,LC81684_IND001,TRUE,Asthma,Asthma,,10003553,Asthma,Ongoing,Immuno-inflammation,Respiratory,
LC81694,Research,PHARMA,CD19 x BCMA x Dectin1 Hybrid (MCE) (LC81694),LC81694 - CD19 x BCMA x Dectin1 Hybrid (MCE),Ongoing,M0-M1,Regular Priority,BiC,,,,,CD19 x BCMA x Dectin1 Hybrid (MCE),CD19xBCMAxDectin1 MCE,Biologics,HYB,Licensed,Cytotoxicity,LC81694_IND007,,Rheumatoid Arthritis,RA,,10039073,Rheumatoid arthritis,Ongoing,,,
SAR439774,Development,PHARMA,Qfitlia,SAR439774 - Antithrombin III siRNA,Ongoing,LCM,Standard,FiC,,,fitusiran,Qfitlia,Antithrombin III siRNA,ATIII siRNA,Synthetic,OLIG,Licensed,Lowering,SAR439774_IND002,FALSE,Hemophilia A/B - Ped - 2-11 years -,Hem A/B - Ped 2-11y,Phase 3,10066439,Hemophilia,Ongoing,Rare Diseases,Hemophilia,0.87
SAR153191,Development,PHARMA,Kevzara,SAR153191 - IL6R mAb,Ongoing,LCM,Standard,Little / Uncertain differentiation,,,sarilumab,Kevzara,IL6R mAb,IL6R,Biologics,ANT,Licensed,Inhibition,SAR153191_IND009,FALSE,VLID (COVID-19),,,10053983,Corona virus infection,Stopped,Immuno-inflammation,,
LC81650,Research,PHARMA,CD30L x OX40L Nanobody VHH (LC81650),LC81650 - CD30L x OX40L Nanobody VHH,Ongoing,M0-M1,Regular Priority,FiC,,,,,CD30L x OX40L Nanobody VHH,CD30LxOX40L VHH,Biologics,NBDY,Internal,Antagonism,LC81650_IND003,,Atopic Dermatitis,AD,,10012438,Dermatitis atopic,Ongoing,,,
SAR444671,Development,PHARMA,Wayrilz,SAR444671 - BTK sm,Ongoing,LCM,Medium,FiC,,,rilzabrutinib,Wayrilz,BTK sm,BTK,Synthetic,SM,Acquired,Inhibition,SAR444671_IND011,FALSE,Primary Focal Segmental Glomerular Sclerosis / Minimal Change Disease - Adult & Ped - 2yr+,PFSGS/MCD,Phase 2A,10067757,Focal segmental glomerulosclerosis,Ongoing,Rare Diseases,Rare Renal and Bone Disorders,0.18
LC81701,Research,PHARMA,CD46 x NKG2DL in vivo CAR-T (CD8 targeted) (LC81701),LC81701 - CD46 x NKG2DL in vivo CAR-T (CD8 targeted),Ongoing,M0-M1,Regular Priority,FiC,,,,,CD46 x NKG2DL in vivo CAR-T (CD8 targeted),CD46xNKG2DL CAR-T (CD8 targeted),Biologics,NV GT,Internal,Cytotoxicity,LC81701_IND001,TRUE,Multiple Myeloma,MM,,10028228,Multiple myeloma,Ongoing,Oncology,Multiple Myeloma,
LC81354,Research,PHARMA,STAT6 sm (LC81354),LC81354 - STAT6 sm,Ongoing,M1-M2,High Priority,FiC,,,,,STAT6 sm,STAT6,Synthetic,SM,Internal,Inhibition,LC81354_IND001,TRUE,Atopic Dermatitis,AD,,10012438,Dermatitis atopic,Ongoing,Immuno-inflammation,Dermatology,
SAR341402,Development,PHARMA,Truvelog/Insulin aspart,SAR341402 - Rapid acting insulin (SARA),Completed,LCM,Standard,FiC,,,insulin aspart,Truvelog/Insulin aspart,Rapid acting insulin (SARA),Insulin aspart,Biologics,INS,Internal,Mimetism,SAR341402_IND002,FALSE,T1 & T2 Diabetes Mellitus - Solution - Japan,,LCM,10012594,Diabetes,Completed,DCVM,,1
SP0087,Development,VACCINE,VRVg,Lyssavirus rabies inactivated vaccine - Vero cell 2nd Generation,Ongoing,Regulatory submission,High,Little / Uncertain differentiation,,,,,Active immunization,,Biologics,IAV,Internal,,SP0087_IND001,TRUE,Rabies,Rabies,Regulatory submission,10037742,Rabies,Ongoing,Vaccines,PMED_Travel Endemic,0.96
LC81669,Research,PHARMA,CD2 x PD1 Nanobody VHH (LC81669),LC81669 - CD2 x PD1 Nanobody VHH,Ongoing,M0-M1,Regular Priority,FiC,,,,,CD2 x PD1 Nanobody VHH,CD2xPD1,Biologics,NBDY,Internal,Agonism,LC81669_IND002,,Type 1 Diabetes,T1DM,,10067584,Type 1 diabetes mellitus,Ongoing,,,
SAR342434,Development,PHARMA,Admelog/Insulin lispro Sanofi,SAR342434 - Rapid acting insulin (LISA),Completed,LCM,Standard,LCM project,,,insulin lispro,Admelog/Insulin lispro Sanofi,Rapid acting insulin (LISA),Insulin lispro,Biologics,INS,Internal,Mimetism,SAR342434_IND002,FALSE,T1 & T2 Diabetes Mellitus - 5mL vial - Clear Solution,,LCM,10012594,Diabetes,Completed,DCVM,,1
LC81376,Research,PHARMA,PD1 x OX40L Hybrid (LC81376),LC81376 - PD1 x OX40L Hybrid,Ongoing,M1-M2,High Priority,FiC,SAR449397,SAR449397,,,PD1 x OX40L Hybrid,PD1xOX40L,Biologics,HYB,Internal,Immune modulation,LC81376_IND001,TRUE,Inflammatory Bowel Disease,IBD,,10021972,Inflammatory bowel disease,Ongoing,Immuno-inflammation,Gastroenterology,
LC81679,Research,PHARMA,ST2 x TACI Hybrid (LC81679),LC81679 - ST2 x TACI Hybrid,Ongoing,M0-M1,Regular Priority,FiC,,,,,ST2 x TACI Hybrid,ST2xTACI,Biologics,HYB,Internal,Modulation,LC81679_IND003,,Rheumatoid Arthritis,RA,,10039073,Rheumatoid arthritis,Ongoing,,,
LC81113,Research,PHARMA,Multi KRAS sm (LC81113),LC81113 - Multi KRAS sm,Ongoing,M1-M2,Regular Priority,BiC,,,,,Multi KRAS sm,Multi KRAS,Synthetic,SM,Internal,Inhibition,LC81113_IND002,,Colorectal Cancer,CRC,,10061451,Colorectal cancer,Ongoing,,,
SAR342434,Development,PHARMA,Admelog/Insulin lispro Sanofi,SAR342434 - Rapid acting insulin (LISA),Completed,LCM,Standard,LCM project,,,insulin lispro,Admelog/Insulin lispro Sanofi,Rapid acting insulin (LISA),Insulin lispro,Biologics,INS,Internal,Mimetism,SAR342434_IND004,TRUE,T1 & T2 Diabetes Mellitus - Insulin Lispro Solution - Interchangeability,T1&T2 DM - Lispro - Sol-Interch,Phase 1,10012594,Diabetes,Stopped,DCVM,T1 & T2 Diabetes,0.78
LC81662,Research,PHARMA,a4b7 x TL1A mAb (LC81662),LC81662 - a4b7 x TL1A mAb,Ongoing,M0-M1,Regular Priority,BiC,,,,,a4b7 x TL1A mAb,a4b7xTL1A,Biologics,ANT,Internal,Antagonism,LC81662_IND002,,Metabolic dysfunction-associated steatohepatitis,MASH,,10090856,Metabolic dysfunction-associated steatohepatitis,Ongoing,,,
SAR441566,Development,PHARMA,balinatunfib,SAR441566 - TNFa sm - TNFR1 signaling inhibition,Ongoing,Phase 2,Medium,FiC,LC81095,LC81095,balinatunfib,,TNFa sm - TNFR1 signaling inhibition,TNFR1si,Synthetic,SM,Internal,Inhibition,SAR441566_IND001,FALSE,Rheumatoid Arthritis,RA,Phase 2,10039073,Rheumatoid arthritis,Ongoing,Immuno-inflammation,Rheumatology,0.31
SP0202,Development,VACCINE,PCV21,Streptococcus pneumoniae conjugate vaccine,Ongoing,Phase 3,High,Little / Uncertain differentiation,,,,,Active immunization,,Biologics,GCV,Licensed,,SP0202_IND001,FALSE,Common activities - Skypac,,,10092606,Invasive pneumococcal disease,Completed,Vaccines,PMED_Pneumo Meningitis,
LC81681,Research,PHARMA,TSLP x C5aR1 Nanobody VHH (LC81681),LC81681 - TSLP x C5aR1 Nanobody VHH,Ongoing,M0-M1,Regular Priority,FiC,,,,,TSLP x C5aR1 Nanobody VHH,TSLPxC5aR1,Biologics,NBDY,Internal,Antagonism,LC81681_IND001,TRUE,Asthma,Asthma,,10003553,Asthma,Ongoing,Immuno-inflammation,Respiratory,
LC81222,Research,PHARMA,CTPS1 sm (LC81222),LC81222 - CTPS1 sm,Ongoing,M1-M2,Regular Priority,BiC,SAR448447,SAR448447,,,CTPS1 sm,CTPS1,Synthetic,SM,Internal,Inhibition,LC81222_IND006,,Systemic Lupus Erythematosus,SLE,,10042945,Systemic lupus erythematosus,Ongoing,,,
LC81667,Research,PHARMA,BTLA x PD1 Hybrid (LC81667),LC81667 - BTLA x PD1 Hybrid,Ongoing,M0-M1,Regular Priority,FiC,,,,,BTLA x PD1 Hybrid,BTLAxPD1,Biologics,HYB,Internal,Agonism,LC81667_IND001,TRUE,Atopic Dermatitis,AD,,10012438,Dermatitis atopic,Ongoing,Immuno-inflammation,Dermatology,
LC81425,Research,PHARMA,TL1A x OX40L mAb (LC81425),LC81425 - TL1A x OX40L mAb,Ongoing,M0-M1,Regular Priority,FiC,,,,,TL1A x OX40L mAb,TL1AxOX40L,Biologics,ANT,Internal,Antagonism,LC81425_IND006,,Rheumatoid Arthritis,RA,,10039073,Rheumatoid arthritis,Ongoing,,,
LC81396,Research,PHARMA,IRF5 sm (LC81396),LC81396 - IRF5 sm,Ongoing,M0-M1,High Priority,FiC,,,,,IRF5 sm,IRF5,Synthetic,SM,Internal,Inhibition,LC81396_IND001,TRUE,Systemic Lupus Erythematosus,SLE,,10042945,Systemic lupus erythematosus,Ongoing,Immuno-inflammation,Rheumatology,
LC81186,Research,PHARMA,ARSA AAV (LC81186),LC81186 - ARSA AAV,Completed,M1-M2,High Priority,FiC,SAR445701,SAR445701,,,ARSA AAV,ARSA AAV,Biologics,AAV GT,Internal,Replacement,LC81186_IND001,TRUE,Discovery,,,10067609,Metachromatic leukodystrophy,Completed,Rare Diseases,,
LC81392,Research,PHARMA,TFRC x IFNAR1 mAb (LC81392),LC81392 - TFRC x IFNAR1 mAb,Ongoing,M1-M2,Regular Priority,FiC,,,,,TFRC x IFNAR1 mAb,TFRCxIFNAR1,Biologics,ANT,Internal,Antagonism,LC81392_IND001,TRUE,Alzheimer's Disease,Alzheimer,,10001896,Alzheimer's disease,Ongoing,Neurology,Neurodegenerative diseases,
SAR444671,Development,PHARMA,Wayrilz,SAR444671 - BTK sm,Ongoing,LCM,Medium,FiC,,,rilzabrutinib,Wayrilz,BTK sm,BTK,Synthetic,SM,Acquired,Inhibition,SAR444671_IND008,FALSE,Warm Autoimmune Hemolytic Anemia,wAIHA,Phase 3,10087092,Warm autoimmune hemolytic anemia,Ongoing,Rare Diseases,Immune Mediated Blood Disorders,0.7
SAR442168,Development,PHARMA,Cenrifki,SAR442168 - BTK sm - Central,Ongoing,Regulatory submission,Medium,BiC,,,tolebrutinib,Cenrifki,BTK sm - Central,BTK central,Synthetic,SM,Acquired,Inhibition,SAR442168_IND001,FALSE,Relapsing Multiple Sclerosis,PIRA,Regulatory submission,10063399,Relapsing-remitting multiple sclerosis,Ongoing,Neurology,Neuro-inflammation,0.4
LC81666,Research,PHARMA,BTLA x OX40 Hybrid (LC81666),LC81666 - BTLA x OX40 Hybrid,Ongoing,M0-M1,Regular Priority,FiC,,,,,BTLA x OX40 Hybrid,BTLAxOX40,Biologics,HYB,Internal,Modulation,LC81666_IND001,TRUE,Atopic Dermatitis,AD,,10012438,Dermatitis atopic,Ongoing,Immuno-inflammation,Dermatology,
LC81095,Research,PHARMA,TNFa sm - Backup (LC81095),LC81095 - TNFa sm - Backup,Ongoing,M1-M2,Regular Priority,BiC,SAR441566,SAR441566,,,TNFa sm - Backup,TNFa sm BU,Synthetic,SM,Internal,Inhibition,LC81095_IND003,FALSE,BU2 -Tricyclics Series - Stopped,,,,,Stopped,Immuno-inflammation,,
SAR231893,Development,PHARMA,Dupixent,SAR231893 - IL4R mAb,Ongoing,LCM,High,FiC,,,dupilumab,Dupixent,IL4R mAb,IL4R,Biologics,ANT,Licensed,Inhibition,SAR231893_IND010,FALSE,Chronic Obstructive Pulmonary Disease,COPD,LCM,10009033,Chronic obstructive pulmonary disease,Completed,Immuno-inflammation,Respiratory,1
SAR446959,Development,PHARMA,MAC,SAR446959 - MMP13 x ADAMTS5 x CAP Nanobody VHH,Ongoing,Phase 1,GATE,FiC,,,,,MMP13 x ADAMTS5 x CAP Nanobody VHH,MAC,Biologics,NBDY,Licensed,Blocking,SAR446959_IND001,TRUE,Osteoarthritis,OA,Phase 1,10031161,Osteoarthritis,Ongoing,Immuno-inflammation,Rheumatology,0.12
GZ402673,Development,PHARMA,Lemtrada,GZ402673 - Anti-CD52 mAb,Completed,LCM,Standard,LCM project,,,alemtuzumab,Lemtrada,Anti-CD52 mAb,CD52,Biologics,ANT,Acquired,Binding,GZ402673_IND004,FALSE,R-MS Subcutaneous administration (NO GO ),,,10028245,Multiple sclerosis,Stopped,Neurology,,
SAR402663,Development,PHARMA,sFLT-01 AAV,SAR402663 - sFLT01 AAV,Ongoing,Phase 2,GATE,Little / Uncertain differentiation,LC80946,LC80946,,,sFLT01 AAV,sFLT-01 AAV,Biologics,AAV GT,Internal,Replacement,SAR402663_IND001,TRUE,Age-related macular degeneration - Neovascular,AMD - Neovascular,Phase 2,10075568,Wet age-related macular degeneration,Ongoing,Ophthalmology,Neurodegenerative diseases,0.35
SAR231893,Development,PHARMA,Dupixent,SAR231893 - IL4R mAb,Ongoing,LCM,High,FiC,,,dupilumab,Dupixent,IL4R mAb,IL4R,Biologics,ANT,Licensed,Inhibition,SAR231893_IND012,FALSE,Eosinophilic Esophagitis - Adult & Ped - 12-17 years,EoE - Adult & Ped >12y,LCM,10064212,Eosinophilic oesophagitis,Completed,Immuno-inflammation,Gastroenterology,1
LC81701,Research,PHARMA,CD46 x NKG2DL in vivo CAR-T (CD8 targeted) (LC81701),LC81701 - CD46 x NKG2DL in vivo CAR-T (CD8 targeted),Ongoing,M0-M1,Regular Priority,FiC,,,,,CD46 x NKG2DL in vivo CAR-T (CD8 targeted),CD46xNKG2DL CAR-T (CD8 targeted),Biologics,NV GT,Internal,Cytotoxicity,LC81701_IND002,,Colorectal Cancer,CRC,,10061451,Colorectal cancer,Ongoing,,,
LC81687,Research,PHARMA,STAT6 sm degrader - Next Generation (LC81687),LC81687 - STAT6 sm degrader - Next Generation,Ongoing,M0-M1,Regular Priority,BiC,,,,,STAT6 sm degrader - Next Generation,STAT6 degrader Next Gen,Synthetic,SM,Licensed,Degradation,LC81687_IND001,TRUE,Atopic Dermatitis,AD,,10012438,Dermatitis atopic,Ongoing,Immuno-inflammation,Dermatology,
LC81412,Research,PHARMA,SLC15A4 sm (LC81412),LC81412 - SLC15A4 sm,Ongoing,M1-M2,High Priority,FiC,,,,,SLC15A4 sm,SLC15A4,Synthetic,SM,Licensed,Inhibition,LC81412_IND004,,Cutaneous Lupus Erythematosus,CLE,,10056509,Cutaneous lupus erythematosus,Ongoing,,,
LC81650,Research,PHARMA,CD30L x OX40L Nanobody VHH (LC81650),LC81650 - CD30L x OX40L Nanobody VHH,Ongoing,M0-M1,Regular Priority,FiC,,,,,CD30L x OX40L Nanobody VHH,CD30LxOX40L VHH,Biologics,NBDY,Internal,Antagonism,LC81650_IND001,TRUE,Asthma,Asthma,,10003553,Asthma,Ongoing,Immuno-inflammation,Respiratory,
SAR650984,Development,PHARMA,Sarclisa,SAR650984 - CD38 mAb,Ongoing,LCM,Medium,BiC,,,isatuximab,Sarclisa,CD38 mAb,CD38,Biologics,ANT,Licensed,Binding,SAR650984_IND017,FALSE,4L RRMM  - Mono,4L RRMM  - Mono,,10028228,Multiple myeloma,Stopped,Oncology,,
XC01159,Research,PHARMA,IL17A sm (XC01159),XC01159 - IL17A sm,Completed,M1-M2,High Priority,BiC,SAR447432,SAR447432,,,IL17A sm,IL17A,Synthetic,SM,Licensed,Antagonism,XC01159_IND002,,Psoriasis,Psoriasis,,10037153,Psoriasis,Completed,,,
SAR448940,Development,PHARMA,elenestinib,SAR448940 - KIT D816V sm - Next Generation,Ongoing,Phase 3,Medium,BiC,,,elenestinib,,KIT D816V sm - Next Generation,KIT D816V Next Gen,Synthetic,SM,Acquired,Inhibition,SAR448940_IND002,FALSE,Advanced Systemic Mastocytosis,AdvSM,Phase 2,10089805,Advanced systemic mastocytosis,Stopped,Rare Diseases,Immune Mediated Blood Disorders,0.05
LC81703,Research,PHARMA,IL22RA1 x IL13 mAb (LC81703),LC81703 - IL22RA1 x IL13 mAb,Ongoing,M0-M1,Regular Priority,Not Defined,,,,,IL22RA1 x IL13 mAb,IL22RA1xIL13,Biologics,ANT,Licensed,Blocking,LC81703_IND001,TRUE,Atopic Dermatitis,AD,,10012438,Dermatitis atopic,Ongoing,Immuno-inflammation,Dermatology,
LC81423,Research,PHARMA,VEGF x AREG mAb (LC81423),LC81423 - VEGF x AREG mAb,Ongoing,M0-M1,Regular Priority,FiC,,,,,VEGF x AREG mAb,VEGFxAREG,Biologics,ANT,Internal,Blocking,LC81423_IND001,TRUE,Lung Cancer,Lung Cancer,,10058467,Lung neoplasm malignant,Ongoing,Oncology,Lung Cancer,
LC10163,Research,PHARMA,SOX sm (LC10163),LC10163 - SOX sm,Completed,M1-M2,Regular Priority,FiC,SAR447225,SAR447225,,,SOX sm,SOX,Synthetic,SM,Internal,Induction,LC10163_IND001,TRUE,Osteoarthritis - Knee,OA - Knee,,10031161,Osteoarthritis,Completed,Immuno-inflammation,,
AVE0010,Development,PHARMA,Lyxumia/Adlyxin,AVE0010 - GLP1R peptide,Completed,LCM,Standard,LCM project,,,lixisenatide,Lyxumia/Adlyxin,GLP1R peptide,GLP1R,Synthetic,PEP,Licensed,Agonism,AVE0010_IND011,FALSE,Lyxumia - T2DM - Immediate Release - OAD Failure - China - SC Route,,LCM,10067585,Type 2 diabetes mellitus,Completed,DCVM,,1
SAR448555,Development,PHARMA,IL23RxIL23p19,SAR448555 - IL23R x IL23p19 peptide,Ongoing,Preclinical,GATE,BiC,LC81263,LC81263,,,IL23R x IL23p19 peptide,IL23RxIL23p19,Synthetic,PEP,Internal,Inhibition,SAR448555_IND001,TRUE,Ulcerative Colitis,UC,Preclinical,10009900,Colitis ulcerative,Ongoing,Immuno-inflammation,Gastroenterology,0.03
LC81647,Research,PHARMA,TREM1 x CD30L Nanobody VHH (LC81647),LC81647 - TREM1 x CD30L Nanobody VHH,Ongoing,M0-M1,Regular Priority,FiC,,,,,TREM1 x CD30L Nanobody VHH,TREM1xCD30L VHH,Biologics,NBDY,Internal,Antagonism,LC81647_IND001,TRUE,Inflammatory Bowel Disease,IBD,,10021972,Inflammatory bowel disease,Ongoing,Immuno-inflammation,Gastroenterology,
AVE0010,Development,PHARMA,Lyxumia/Adlyxin,AVE0010 - GLP1R peptide,Completed,LCM,Standard,LCM project,,,lixisenatide,Lyxumia/Adlyxin,GLP1R peptide,GLP1R,Synthetic,PEP,Licensed,Agonism,AVE0010_IND001,TRUE,Lyxumia - T2DM - Immediate Release - SC Route,,LCM,10067585,Type 2 diabetes mellitus,Completed,DCVM,,1
SAR443765,Development,PHARMA,lunsekimig,SAR443765 - IL13 x TSLP Nanobody VHH,Ongoing,Phase 2,Medium,FiC,XC01141,XC01141,lunsekimig,,IL13 x TSLP Nanobody VHH,IL13xTSLP,Biologics,NBDY,Internal,Blocking,SAR443765_IND002,FALSE,Chronic Rhinosinusitis with Nasal Polyps,CRSwNP,Phase 2,10080060,Chronic rhinosinusitis with nasal polyps,Ongoing,Immuno-inflammation,Respiratory,0.52
LC81372,Research,PHARMA,CD80 mAb (PDL1 disrupting) (LC81372),LC81372 - CD80 mAb (PDL1 disrupting),Ongoing,M1-M2,High Priority,FiC,,,,,CD80 mAb (PDL1 disrupting),CD80 (PDL1 disrupting),Biologics,ANT,Internal,Blocking,LC81372_IND001,TRUE,Inflammatory Bowel Disease,IBD,,10021972,Inflammatory bowel disease,Ongoing,Immuno-inflammation,Gastroenterology,
GZ402671,Development,PHARMA,venglustat,GZ402671 - GCS sm - 2nd generation,Ongoing,Phase 3,Standard,FiC,,,venglustat,,GCS sm - 2nd generation,GCS 2nd gen,Synthetic,SM,Acquired,Inhibition,GZ402671_IND005,FALSE,Fabry Disease,Fabry Disease,Phase 3,10016016,Fabry's disease,Ongoing,Rare Diseases,Metabolic Disorders,0.57
LC81425,Research,PHARMA,TL1A x OX40L mAb (LC81425),LC81425 - TL1A x OX40L mAb,Ongoing,M0-M1,Regular Priority,FiC,,,,,TL1A x OX40L mAb,TL1AxOX40L,Biologics,ANT,Internal,Antagonism,LC81425_IND002,,Asthma,Asthma,,10003553,Asthma,Ongoing,,,
SP0292,Research,VACCINE,Peanut mRNA,Peanut allergen mRNA vaccine,Ongoing,M0-M2,Very High,FiC,,,,,Peanut allergen mRNA vaccine,,Biologics,MRNAV,Internal,,SP0292_IND001,TRUE,Peanut allergy,Peanut allergy,M0-M2,10034202,Peanut allergy,Ongoing,Vaccines,Innovation & Vaccine Value,0.22
LC81220,Research,PHARMA,CD28 x OX40 Hybrid (LC81220),LC81220 - CD28 x OX40 Hybrid,Completed,M1-M2,Regular Priority,FiC,SAR446422,SAR446422,,,CD28 x OX40 Hybrid,CD28xOX40,Biologics,HYB,Internal,Inhibition,LC81220_IND001,TRUE,Discovery,,,10022611,Interstitial lung disease,Completed,Immuno-inflammation,,
SP0236,Development,VACCINE,Flu rec Pandemic,Influenza recombinant vaccine - Pandemic,Ongoing,Preclinical,Medium,BiC,,,,Panblok,Active immunization,,Biologics,REC,Acquired,,SP0236_IND003,FALSE,Indication for H5/H7 antigen design - Cancelled,H5/H7 AD,M0-M2,10022000,Influenza,Stopped,Vaccines,FLU,
SAR445229,Development,PHARMA,amlitelimab,SAR445229 - OX40L mAb,Ongoing,Phase 3,High,BiC,,,amlitelimab,,OX40L mAb,OX40L,Biologics,ANT,Acquired,Blocking,SAR445229_IND004,FALSE,Hidradenitis Suppurativa,HS,Phase 2,10020041,Hidradenitis suppurativa,Stopped,Immuno-inflammation,Dermatology,
SP0202,Development,VACCINE,PCV21,Streptococcus pneumoniae conjugate vaccine,Ongoing,Phase 3,High,Little / Uncertain differentiation,,,,,Active immunization,,Biologics,GCV,Licensed,,SP0202_IND002,FALSE,STOPPED Pneumococcal conjugate vaccine (21v) - Adults,PCV - Adult,Phase 2,10092606,Invasive pneumococcal disease,Stopped,Vaccines,PMED_Pneumo Meningitis,
SAR448972,Development,PHARMA,Ayvakit,SAR448972 - KIT D816V sm,Ongoing,LCM,Standard,FiC,,,avapritinib,Ayvakit,KIT D816V sm,KIT D816V sm,Synthetic,SM,Acquired,Inhibition,SAR448972_IND001,FALSE,Indolent Systemic Mastocytosis,IndoSM,LCM,10056452,Indolent systemic mastocytosis,Completed,Rare Diseases,Immune Mediated Blood Disorders,1
AVE0010,Development,PHARMA,Lyxumia/Adlyxin,AVE0010 - GLP1R peptide,Completed,LCM,Standard,LCM project,,,lixisenatide,Lyxumia/Adlyxin,GLP1R peptide,GLP1R,Synthetic,PEP,Licensed,Agonism,AVE0010_IND012,FALSE,Lyxumia - T2DM - Add-on to basal - China - SC Route,,LCM,10067585,Type 2 diabetes mellitus,Completed,DCVM,,1
SAR445088,Development,PHARMA,riliprubart,SAR445088 - Complement C1s mAb - Active form,Ongoing,Phase 3,Standard,FiC,LC81265,LC81265,riliprubart,,Complement C1s mAb - Active form,aC1s,Biologics,ANT,Acquired,Inhibition,SAR445088_IND008,FALSE,Chronic Inflammatory Demyelinating Polyneuropathy -  IVIg treated,CIDP – IVIg,Phase 3,10057645,Chronic inflammatory demyelinating polyradiculoneuropathy,Ongoing,Neurology,Neuro-inflammation,0.65
AVE0010-1,Development,PHARMA,Soliqua,AVE0010-1 - Combo GLP1R peptide - Insulin Glargine,Completed,LCM,Standard,Little / Uncertain differentiation,,,Insulin Glargine/Lixisenatide,Soliqua,Combo GLP1R peptide - Insulin Glargine,GLP1R x Insulin glargine,Synthetic,PEP,Licensed,Agonism,AVE0010-1_IND001,FALSE,Lixilan - T2DM - Lantus Combo - SC Route,T2DM w/Lantus - SC,LCM,10067585,Type 2 diabetes mellitus,Completed,DCVM,,1
SAR448188,Development,PHARMA,Myqorzo,SAR448188 - Cardiac myosin sm,Ongoing,LCM,Standard,BiC,,,aficamten,Myqorzo,Cardiac myosin sm,Cardiac myosin,Synthetic,SM,Licensed,Inhibition,SAR448188_IND002,TRUE,Non-obstructive hypertrophic cardiomyopathy,nHCM,Phase 3,10020871,Hypertrophic cardiomyopathy,Ongoing,DCVM,Cardiovasc & Metabolism Disorders ,0.54
LC81691,Research,PHARMA,IL12v fusion protein - ITA bispecific (LC81691),LC81691 - IL12v fusion protein - ITA bispecific,Ongoing,M0-M1,Regular Priority,FiC,,,,,IL12v fusion protein - ITA bispecific,IL12v xITA,Biologics,FUP,Internal,Immune stimulation,LC81691_IND006,,Breast Cancer,Breast Cancer,,10006187,Breast cancer,Ongoing,,,
XC01159,Research,PHARMA,IL17A sm (XC01159),XC01159 - IL17A sm,Completed,M1-M2,High Priority,BiC,SAR447432,SAR447432,,,IL17A sm,IL17A,Synthetic,SM,Licensed,Antagonism,XC01159_IND001,TRUE,Hidradenitis Suppurativa,HS,,10020041,Hidradenitis suppurativa,Completed,Immuno-inflammation,,
LC81188,Research,PHARMA,IL13 x IL4 x IL17 mAb (LC81188),LC81188 - IL13 x IL4 x IL17 mAb,Completed,M1-M2,High Priority,FiC,SAR447686,SAR447686,,,IL13 x IL4 x IL17 mAb,IL13xIL4xIL17,Biologics,ANT,Internal,Blocking,LC81188_IND004,,Systemic sclerosis-associated interstitial lung disease,SSc-ILD,,10022611,Interstitial lung disease,Completed,,,
LC81372,Research,PHARMA,CD80 mAb (PDL1 disrupting) (LC81372),LC81372 - CD80 mAb (PDL1 disrupting),Ongoing,M1-M2,High Priority,FiC,,,,,CD80 mAb (PDL1 disrupting),CD80 (PDL1 disrupting),Biologics,ANT,Internal,Blocking,LC81372_IND003,,Ulcerative Colitis,UC,,10009900,Colitis ulcerative,Ongoing,,,
SAR447971,Development,PHARMA,IRAK4 Next Gen,SAR447971 - IRAK4 sm - Next Generation,Ongoing,Preclinical,GATE,BiC,XC01156,XC01156,,,IRAK4 sm - Next Generation,IRAK4 Next Gen,Synthetic,SM,Internal,Degradation,SAR447971_IND001,TRUE,Hidradenitis suppurativa,HS,Preclinical,10020041,Hidradenitis suppurativa,Ongoing,Immuno-inflammation,Dermatology,0.056
XC01157,Research,PHARMA,MAPK7 sm (XC01157),XC01157 - MAPK7 sm,Ongoing,M1-M2,High Priority,FiC,,,,,MAPK7 sm,MAPK7,Synthetic,SM,Internal,Inhibition,XC01157_IND002,TRUE,KRAS-mutated NSCLC,KRAS-mutated NSCLC,,10061873,Non-small cell lung cancer,Ongoing,Oncology,Lung Cancer,
LC81414,Research,PHARMA,IL10R Nanobody VHH (LC81414),LC81414 - IL10R Nanobody VHH,Ongoing,M0-M1,Regular Priority,FiC,,,,,IL10R Nanobody VHH,IL10R VHH,Biologics,NBDY,Licensed,Agonism,LC81414_IND002,,Chronic Obstructive Pulmonary Disease,COPD,,10009033,Chronic obstructive pulmonary disease,Ongoing,,,
SP0338,Research,VACCINE,CT+NG,Chlamydia trachomatis + Neisseria gonorrhoeae combination vaccine,Ongoing,M0-M2,Not Defined,FiC,,,,,Active immunization,,Biologics,VAC,Internal,,SP0338_IND001,TRUE,Chlamydia+Gonorrhoea disease,CT+NG disease,M0-M2,10018185,Genitourinary chlamydia infection,Ongoing,Vaccines,Innovation & Vaccine Value,
LC81399,Research,PHARMA,IL25R sm (LC81399),LC81399 - IL25R sm,Ongoing,M0-M1,Regular Priority,FiC,,,,,IL25R sm,IL25R,Synthetic,SM,Internal,Antagonism,LC81399_IND003,,Chronic Obstructive Pulmonary Disease,COPD,,10009033,Chronic obstructive pulmonary disease,Ongoing,,,
SAR231893,Development,PHARMA,Dupixent,SAR231893 - IL4R mAb,Ongoing,LCM,High,FiC,,,dupilumab,Dupixent,IL4R mAb,IL4R,Biologics,ANT,Licensed,Inhibition,SAR231893_IND001,FALSE,Atopic Dermatitis,AD,LCM,10012438,Dermatitis atopic,Completed,Immuno-inflammation,,1
SP0335,Development,VACCINE,Flu H5 egg Pandemic (+Adjuvants),Influenza H5 egg inactivated vaccine (+Adjuvants) – Pandemic,Ongoing,Phase 2,Not Defined,Little / Uncertain differentiation,,,,,Active immunization,,Biologics,IAV,Internal,,SP0335_IND001,FALSE,STOPPED - Flu H5 MF59/AS03 - Pandemic,Flu H5 MF59/AS03,Phase 2,10022000,Influenza,Stopped,Vaccines,FLU,0.74
AVE0010,Development,PHARMA,Lyxumia/Adlyxin,AVE0010 - GLP1R peptide,Completed,LCM,Standard,LCM project,,,lixisenatide,Lyxumia/Adlyxin,GLP1R peptide,GLP1R,Synthetic,PEP,Licensed,Agonism,AVE0010_IND005,FALSE,Lyxumia - T2DM - Immediate Release - GetGoal Duo-2 - EU Type 2 Variation,,LCM,10067585,Type 2 diabetes mellitus,Completed,DCVM,,1
SAR650984,Development,PHARMA,Sarclisa,SAR650984 - CD38 mAb,Ongoing,LCM,Medium,BiC,,,isatuximab,Sarclisa,CD38 mAb,CD38,Biologics,ANT,Licensed,Binding,SAR650984_IND003,FALSE,Multiple Myeloma - Mono - Japan,MM mono Japan,LCM,10028228,Multiple myeloma,Completed,Oncology,,1
SAR443765,Development,PHARMA,lunsekimig,SAR443765 - IL13 x TSLP Nanobody VHH,Ongoing,Phase 2,Medium,FiC,XC01141,XC01141,lunsekimig,,IL13 x TSLP Nanobody VHH,IL13xTSLP,Biologics,NBDY,Internal,Blocking,SAR443765_IND004,FALSE,Atopic Dermatitis - Adult & Ped - 12-17 years,AD,Phase 2,10012438,Dermatitis atopic,Ongoing,Immuno-inflammation,Dermatology,0.23
GZ427051,Development,PHARMA,Thymoglobulin,GZ427051 - Anti-thymocyte globulin (rabbit),Completed,LCM,Standard,LCM project,,,,Thymoglobulin,Anti-thymocyte globulin (rabbit),Thymocyte globulin,Biologics,OTH BIO,Acquired,Modulation,GZ427051_IND003,FALSE,Graft Vs Host Disease,,Phase 3,10018651,Graft versus host disease,Stopped,Transplant,,
LC81392,Research,PHARMA,TFRC x IFNAR1 mAb (LC81392),LC81392 - TFRC x IFNAR1 mAb,Ongoing,M1-M2,Regular Priority,FiC,,,,,TFRC x IFNAR1 mAb,TFRCxIFNAR1,Biologics,ANT,Internal,Antagonism,LC81392_IND002,,Amyotrophic Lateral Sclerosis,ALS,,10002026,Amyotrophic lateral sclerosis,Ongoing,,,
AVE0010,Development,PHARMA,Lyxumia/Adlyxin,AVE0010 - GLP1R peptide,Completed,LCM,Standard,LCM project,,,lixisenatide,Lyxumia/Adlyxin,GLP1R peptide,GLP1R,Synthetic,PEP,Licensed,Agonism,AVE0010_IND008,FALSE,Lyxumia - T2DM - Immediate Release - PDY12625 - EU Type 2 Variation,,LCM,10067585,Type 2 diabetes mellitus,Completed,DCVM,,1
SP0236,Development,VACCINE,Flu rec Pandemic,Influenza recombinant vaccine - Pandemic,Ongoing,Preclinical,Medium,BiC,,,,Panblok,Active immunization,,Biologics,REC,Acquired,,SP0236_IND005,TRUE,Flu H5 - Pandemic,Flu H5 - Pand,Preclinical,10022000,Influenza,Ongoing,Vaccines,FLU,0.61
SP0230,Development,VACCINE,MenPenta,Neisseria meninigitidis (ACWY+B) combination vaccine,Ongoing,Phase 2,Very High,BiC,,,,,Active immunization,,Biologics,VAC,Internal,,SP0230_IND003,FALSE,MenB-Infants&Toddler,Meningitis B Inf-Tod,Preclinical,10004049,Bacterial meningitis,Stopped,Vaccines,PMED_Pneumo Meningitis,
LC81696,Research,PHARMA,STAT6 sm - SH2 - Next Generation (LC81696),LC81696 - STAT6 sm - SH2 - Next Generation,Ongoing,M0-M1,Regular Priority,FiC,,,,,STAT6 sm - SH2 - Next Generation,STAT6 - SH2 - Next Gen,Synthetic,SM,Licensed,Inhibition,LC81696_IND002,,Asthma,Asthma,,10003553,Asthma,Ongoing,,,
LC81698,Research,PHARMA,CREBBP sm (LC81698),LC81698 - CREBBP sm,Ongoing,M1-M2,Regular Priority,BiC,,,,,CREBBP sm,CREBBP,Synthetic,SM,Acquired,Degradation,LC81698_IND001,TRUE,Solid Tumors,Solid Tumors,,10065252,Solid tumor,Ongoing,Oncology,Other Solid Tumors,
SAR650984,Development,PHARMA,Sarclisa,SAR650984 - CD38 mAb,Ongoing,LCM,Medium,BiC,,,isatuximab,Sarclisa,CD38 mAb,CD38,Biologics,ANT,Licensed,Binding,SAR650984_IND033,FALSE,1L NDMM - Combo Linvoseltamab,1L NDMM w/Linvoseltamab,Initiation,10028228,Multiple myeloma,Ongoing,Oncology,Multiple Myeloma,0.61
ALX0081,Development,PHARMA,Cablivi,ALX0081 - vWF Nanobody VHH,Completed,LCM,Standard,FiC,,,caplacizumab,Cablivi,vWF Nanobody VHH,vWF VHH,Biologics,NBDY,Acquired,Inhibition,ALX0081_IND002,TRUE,Acquired Thrombotic Thrombocytopenic Purpura,aTTP,LCM,10043648,Thrombotic thrombocytopenic purpura,Completed,Rare Diseases,Immune Mediated Blood Disorders,0.8
SAR442845,Development,PHARMA,Alprolix,SAR442845 - coagulation factor IX Fc fusion protein,Completed,LCM,Standard,LCM project,,,eftrenonacog alfa,Alprolix,coagulation factor IX Fc fusion protein,rFIX Fc,Biologics,FUP,Acquired,Replacement,SAR442845_IND001,TRUE,Hemophilia B,Hem B,LCM,10016077,Factor IX deficiency,Completed,Rare Diseases,,1
SP0291,Development,VACCINE,RSV+hMPV+PIV3 mRNA,Respiratory syncytial virus + human metapneumovirus + parainfluenza virus 3 + mRNA combination vaccine,Ongoing,Phase 1,Not Defined,FiC,,,,,Active Immunization,,Biologics,MRNAV,Internal,,SP0291_IND001,TRUE,RSV+hMPV+PIV3 disease - older adults,RSV+hMPV+PIV3 disease - oa,Phase 1,10061603,Respiratory syncytial virus infection,Ongoing,Vaccines,RSV,0.22
XRP6976,Development,PHARMA,Taxotere,XRP6976 - Tubulin  inh.,Completed,LCM,Standard,LCM project,,,docetaxel,Taxotere,Tubulin  inh.,Tubulin,Synthetic,SM,Licensed,Inhibition,XRP6976_IND006,FALSE,"mHSPC (metastatic, hormone-sensitive prostate cancer) in combination with ADT in EMESA countries (publications based)",,,10060862,Prostate cancer,Stopped,Oncology,,1
SAR231893,Development,PHARMA,Dupixent,SAR231893 - IL4R mAb,Ongoing,LCM,High,FiC,,,dupilumab,Dupixent,IL4R mAb,IL4R,Biologics,ANT,Licensed,Inhibition,SAR231893_IND003,FALSE,Atopic Dermatitis - Ped - 6-11 years,AD - Ped 6-11y,LCM,10012438,Dermatitis atopic,Completed,Immuno-inflammation,,1
LC81679,Research,PHARMA,ST2 x TACI Hybrid (LC81679),LC81679 - ST2 x TACI Hybrid,Ongoing,M0-M1,Regular Priority,FiC,,,,,ST2 x TACI Hybrid,ST2xTACI,Biologics,HYB,Internal,Modulation,LC81679_IND002,,Systemic Lupus Erythematosus,SLE,,10042945,Systemic lupus erythematosus,Ongoing,,,
SAR650984,Development,PHARMA,Sarclisa,SAR650984 - CD38 mAb,Ongoing,LCM,Medium,BiC,,,isatuximab,Sarclisa,CD38 mAb,CD38,Biologics,ANT,Licensed,Binding,SAR650984_IND029,FALSE,Lymphomas - Combo Cemiplimab,Lymphoma w/Cemip,,10024325,Leukaemic lymphoma,Stopped,Oncology,,
SP0253,Development,VACCINE,Recombinant COVID-19,Development of Novel Coronavirus vaccine based on recombinant protein,Completed,Post-Launch,,Little / Uncertain differentiation,,,,Vidprevtyn,Active Immunization,,Biologics,REC,Internal,,SP0253_IND001,TRUE,Common activities - Recombinant Covid-19,Booster,Post-Launch,10021430,Immunisation,Completed,Vaccines,Innovation & Vaccine Value,1
XC01156,Research,PHARMA,IRAK4 sm - Backup (XC01156),XC01156 - IRAK4 sm - Backup,Completed,M1-M2,Incubator,FiC,SAR447971,SAR447971,,,IRAK4 sm - Backup,IRAK4 BU,Synthetic,SM,Licensed,Degradation,XC01156_IND002,,Hidradenitis Suppurativa,HS,,10020041,Hidradenitis suppurativa,Completed,,,
LC81188,Research,PHARMA,IL13 x IL4 x IL17 mAb (LC81188),LC81188 - IL13 x IL4 x IL17 mAb,Completed,M1-M2,High Priority,FiC,SAR447686,SAR447686,,,IL13 x IL4 x IL17 mAb,IL13xIL4xIL17,Biologics,ANT,Internal,Blocking,LC81188_IND002,,Chronic Obstructive Pulmonary Disease,COPD,,10009033,Chronic obstructive pulmonary disease,Completed,,,
SAR444671,Development,PHARMA,Wayrilz,SAR444671 - BTK sm,Ongoing,LCM,Medium,FiC,,,rilzabrutinib,Wayrilz,BTK sm,BTK,Synthetic,SM,Acquired,Inhibition,SAR444671_IND005,FALSE,Atopic Dermatitis - Adult & Ped,AD,Phase 2,10012438,Dermatitis atopic,Stopped,Immuno-inflammation,Dermatology,
LC81286,Research,PHARMA,OSM x IL23 Hybrid (LC81286),LC81286 - OSM x IL23 Hybrid,Ongoing,M1-M2,High Priority,FiC,SAR449310,SAR449310,,,OSM x IL23 Hybrid,OSMxIL23,Biologics,HYB,Internal,Binding,LC81286_IND004,,Crohn's Disease,Crohn,,10011401,Crohn's disease,Ongoing,,,
SP0337,Research,VACCINE,Fusobacterium,Fusobacterium nucleatum vaccine,Ongoing,M0-M2,High,FiC,,,,,Active Immunization,,Biologics,MRNAV,Internal,,SP0337_IND001,TRUE,Colorectal cancer,CRC,M0-M2,10061451,Colorectal cancer,Ongoing,Vaccines,Innovation & Vaccine Value,0.05
SAR441566,Development,PHARMA,balinatunfib,SAR441566 - TNFa sm - TNFR1 signaling inhibition,Ongoing,Phase 2,Medium,FiC,LC81095,LC81095,balinatunfib,,TNFa sm - TNFR1 signaling inhibition,TNFR1si,Synthetic,SM,Internal,Inhibition,SAR441566_IND002,FALSE,Ulcerative Colitis,UC,Phase 2,10009900,Colitis ulcerative,Ongoing,Immuno-inflammation,Gastroenterology,0.14
LC81412,Research,PHARMA,SLC15A4 sm (LC81412),LC81412 - SLC15A4 sm,Ongoing,M1-M2,High Priority,FiC,,,,,SLC15A4 sm,SLC15A4,Synthetic,SM,Licensed,Inhibition,LC81412_IND005,,Lupus Nephritis,LN,,10025140,Lupus nephritis,Ongoing,,,
LC81686,Research,PHARMA,ST2 x TL1A Nanobody VHH (LC81686),LC81686 - ST2 x TL1A Nanobody VHH,Ongoing,M0-M1,Regular Priority,FiC,,,,,ST2 x TL1A Nanobody VHH,ST2xTL1A,Biologics,NBDY,Internal,Antagonism,LC81686_IND003,,Inflammatory Bowel Disease,IBD,,10021972,Inflammatory bowel disease,Ongoing,,,
BIVV009,Development,PHARMA,Enjaymo,BIVV009 - Complement C1s mAb,Completed,LCM,Standard,FiC,,,sutimlimab,Enjaymo,Complement C1s mAb,C1s,Biologics,ANT,Acquired,Inhibition,BIVV009_IND001,TRUE,Cold Agglutinin Disease,CAD,LCM,10009868,Cold type haemolytic anaemia,Completed,Rare Diseases,Immune Mediated Blood Disorders,1
GZ419828,Development,PHARMA,Fabrazyme,GZ419828 - Algasidase beta recombinant protein,Completed,LCM,Standard,LCM project,,,,Fabrazyme,Algasidase beta recombinant protein,Algasidase beta,Biologics,REC,Acquired,Enzyme replacement therapy,GZ419828_IND003,FALSE,Fabry Disease - China,FD - CN,LCM,10016016,Fabry's disease,Completed,Rare Diseases,,1
SAR650984,Development,PHARMA,Sarclisa,SAR650984 - CD38 mAb,Ongoing,LCM,Medium,BiC,,,isatuximab,Sarclisa,CD38 mAb,CD38,Biologics,ANT,Licensed,Binding,SAR650984_IND013,TRUE,NDMM/RRMM - SubQ,NDMM/RRMM – SubQ,Regulatory submission,10028228,Multiple myeloma,Ongoing,Oncology,Multiple Myeloma,0.9
LC81415,Research,PHARMA,EGFR x CD70 x CD16 mAb (LC81415),LC81415 - EGFR x CD70 x CD16 mAb,Ongoing,M0-M1,Regular Priority,FiC,,,,,EGFR x CD70 x CD16 mAb,EGFR x CD70 x CD16,Biologics,ANT,Internal,Cytotoxicity,LC81415_IND001,TRUE,EGFR-mutated NSCLC,EGFR-mutated NSCLC,,10061873,Non-small cell lung cancer,Ongoing,Oncology,Lung Cancer,
SAR231893,Development,PHARMA,Dupixent,SAR231893 - IL4R mAb,Ongoing,LCM,High,FiC,,,dupilumab,Dupixent,IL4R mAb,IL4R,Biologics,ANT,Licensed,Inhibition,SAR231893_IND015,FALSE,Adjunct Therapy to Grass SCIT (moderate to severe Allergic Rhinitis),,Phase 2A,10039085,Rhinitis allergic,Stopped,Immuno-inflammation,,
HMR1726,Development,PHARMA,Aubagio,HMR1726 - DHO-DH sm,Completed,LCM,Standard,LCM project,,,teriflunomide,Aubagio,DHO-DH sm,DHO-DH,Synthetic,SM,Internal,Inhibition,HMR1726_IND006,FALSE,Multiple Sclerosis - Clinically Isolated Syndrome,,,10028245,Multiple sclerosis,Stopped,Neurology,,
LC81335,Research,PHARMA,EGFR XPAT (LC81335),LC81335 - EGFR XPAT,Completed,M1-M2,Regular Priority,BiC,SAR446368,SAR446368,,,EGFR XPAT,EGFR XPAT,Biologics,FUP,Acquired,T cell engager,LC81335_IND001,TRUE,Serie for Bio Onco Disco,,,10065252,Solid tumor,Completed,Oncology,,
LC81418,Research,PHARMA,DUX4 RNAi AAV (LC81418),LC81418 - DUX4 RNAi AAV,Completed,M1-M2,High Priority,FiC,SAR448710,SAR448710,,,DUX4 RNAi AAV,DUX4 RNAi AAV,Biologics,AAV GT,Internal,Knockdown,LC81418_IND001,TRUE,Facioscapulohumeral Muscular Dystrophy,FSHD,,10064087,Facioscapulohumeral muscular dystrophy,Completed,Rare Disease Research,Neuromuscular Diseases,
LC81680,Research,PHARMA,TSLP x TACI Hybrid (LC81680),LC81680 - TSLP x TACI Hybrid,Ongoing,M0-M1,Regular Priority,FiC,,,,,TSLP x TACI Hybrid,TSLPxTACI,Biologics,HYB,Internal,Modulation,LC81680_IND002,,Systemic Lupus Erythematosus,SLE,,10042945,Systemic lupus erythematosus,Ongoing,,,
SAR236553,Development,PHARMA,Praluent,SAR236553 - Anti-PCSK-9 mAb,Completed,LCM,Standard,LCM project,,,alirocumab,Praluent,Anti-PCSK-9 mAb,PCSK9,Biologics,ANT,Licensed,Binding,SAR236553_IND001,FALSE,LDL-C reduction - US+EU,LDL-C reduc - US&EU,LCM,10020603,Hypercholesterolaemia,Completed,DCVM,,1
LC81417,Research,PHARMA,CD19 in vivo CAR-T (CD8 targeted) (LC81417),LC81417 - CD19 in vivo CAR-T (CD8 targeted),Completed,M1-M2,High Priority,FiC,SAR447998,SAR447998,,,CD19 in vivo CAR-T (CD8 targeted),CD19 CAR-T (CD8 targeted),Biologics,NV GT,Internal,Cytotoxicity,LC81417_IND002,,Lupus Nephritis,LN,,10025140,Lupus nephritis,Completed,,,
HOE901,Development,PHARMA,Lantus/Toujeo,HOE901 - Insulin glargine,Completed,LCM,Standard,LCM project,,,,Lantus/Toujeo,Insulin glargine,Insulin glargine,Biologics,INS,Internal,Mimetism,HOE901_IND010,FALSE,Toujeo (Lantus XR) - T1DM/T2DM - U300 - Japan,,LCM,10012594,Diabetes,Completed,DCVM,,1
LC81420,Research,PHARMA,aC1s sm - AI-driven (LC81420),LC81420 - aC1s sm - AI-driven,Ongoing,M0-M1,Regular Priority,FiC,,,,,aC1s sm - AI-driven,aC1s AI-driven,Synthetic,SM,Internal,Inhibition,LC81420_IND002,,Amyotrophic Lateral Sclerosis,ALS,,10002026,Amyotrophic lateral sclerosis,Ongoing,,,
LC81701,Research,PHARMA,CD46 x NKG2DL in vivo CAR-T (CD8 targeted) (LC81701),LC81701 - CD46 x NKG2DL in vivo CAR-T (CD8 targeted),Ongoing,M0-M1,Regular Priority,FiC,,,,,CD46 x NKG2DL in vivo CAR-T (CD8 targeted),CD46xNKG2DL CAR-T (CD8 targeted),Biologics,NV GT,Internal,Cytotoxicity,LC81701_IND004,,Prostate Cancer,Prostate Cancer,,10060862,Prostate cancer,Ongoing,,,
SAR442970,Development,PHARMA,brivekimig,SAR442970 - TNFa x OX40L Nanobody VHH,Ongoing,Phase 2B,GATE,FiC,XC01135,XC01135,brivekimig,,TNFa x OX40L Nanobody VHH,TNFa xOX40L,Biologics,NBDY,Internal,Blocking,SAR442970_IND005,FALSE,Primary Focal Segmental Glomerular Sclerosis / Minimal Change Disease - Adult & Ped - 2yr+,PFSGS/MCD,Phase 2A,10067757,Focal segmental glomerulosclerosis,Ongoing,Rare Diseases,Rare Renal and Bone Disorders,0.18
LC81691,Research,PHARMA,IL12v fusion protein - ITA bispecific (LC81691),LC81691 - IL12v fusion protein - ITA bispecific,Ongoing,M0-M1,Regular Priority,FiC,,,,,IL12v fusion protein - ITA bispecific,IL12v xITA,Biologics,FUP,Internal,Immune stimulation,LC81691_IND002,,Colorectal Cancer,CRC,,10061451,Colorectal cancer,Ongoing,,,
XRP6976,Development,PHARMA,Taxotere,XRP6976 - Tubulin  inh.,Completed,LCM,Standard,LCM project,,,docetaxel,Taxotere,Tubulin  inh.,Tubulin,Synthetic,SM,Licensed,Inhibition,XRP6976_IND009,FALSE,One Vial - Japan,,LCM,10065252,Solid tumor,Completed,Oncology,,
LC81654,Research,PHARMA,CD98 x aC1s mAb (LC81654),LC81654 - CD98 x aC1s mAb,Ongoing,M1-M2,Regular Priority,FiC,,,,,CD98 x aC1s mAb,CD98x aC1s,Biologics,ANT,Internal,Inhibition,LC81654_IND003,,Huntington's Disease,Huntington,,10070668,Huntington's disease,Ongoing,,,
LC81424,Research,PHARMA,IL17A sm - Next Generation (LC81424),LC81424 - IL17A sm - Next Generation,Ongoing,M1-M2,High Priority,BiC,,,,,IL17A sm - Next Generation,IL17A Next Gen,Synthetic,SM,Internal,Antagonism,LC81424_IND004,,Ankylosing Spondylitis,AS,,10002556,Ankylosing spondylitis,Ongoing,,,
GZ402671,Development,PHARMA,venglustat,GZ402671 - GCS sm - 2nd generation,Ongoing,Phase 3,Standard,FiC,,,venglustat,,GCS sm - 2nd generation,GCS 2nd gen,Synthetic,SM,Acquired,Inhibition,GZ402671_IND006,FALSE,GM2 Gangliosidosis (Tay-Sachs and Sandhoff) - Adult & Ped - 2-17 years,GM2,Phase 3,10043147,Tay-Sachs disease,Stopped,Rare Diseases,Metabolic Disorders,
LC81372,Research,PHARMA,CD80 mAb (PDL1 disrupting) (LC81372),LC81372 - CD80 mAb (PDL1 disrupting),Ongoing,M1-M2,High Priority,FiC,,,,,CD80 mAb (PDL1 disrupting),CD80 (PDL1 disrupting),Biologics,ANT,Internal,Blocking,LC81372_IND004,,Systemic Lupus Erythematosus,SLE,,10042945,Systemic lupus erythematosus,Ongoing,,,
LC81658,Research,PHARMA,IL13 x TSLP Nanobody VHH - Next Generation (LC81658),LC81658 - IL13 x TSLP Nanobody VHH - Next Generation,Ongoing,M0-M1,Regular Priority,BiC,,,,,IL13 x TSLP Nanobody VHH - Next Generation,IL13xTSLP Next Gen,Biologics,NBDY,Internal,Blocking,LC81658_IND001,TRUE,Asthma,Asthma,,10003553,Asthma,Ongoing,Immuno-inflammation,Respiratory,
LC81683,Research,PHARMA,IL6 x OX40L Nanobody VHH (LC81683),LC81683 - IL6 x OX40L Nanobody VHH,Ongoing,M0-M1,Regular Priority,FiC,,,,,IL6 x OX40L Nanobody VHH,IL6xOX40L,Biologics,NBDY,Internal,Antagonism,LC81683_IND003,,Atopic Dermatitis,AD,,10012438,Dermatitis atopic,Ongoing,,,
LC81314,Research,PHARMA,NK Cell Therapy - TGFb-conditioned (LC81314),LC81314 - NK Cell Therapy - TGFb-conditioned,Completed,M1-M2,High Priority,BiC,SAR446450,SAR446450,,,NK Cell Therapy - TGFb-conditioned,NK Cell TGFb-cond,Cell Therapy,CELLS,Internal,Cytotoxicity,LC81314_IND001,TRUE,Serie for Bio Oncology Disco,,,10067821,Head and neck cancer,Completed,Oncology,,
SAR153191,Development,PHARMA,Kevzara,SAR153191 - IL6R mAb,Ongoing,LCM,Standard,Little / Uncertain differentiation,,,sarilumab,Kevzara,IL6R mAb,IL6R,Biologics,ANT,Licensed,Inhibition,SAR153191_IND003,FALSE,Polymyalgia Rheumatic,PMR,LCM,10036099,Polymyalgia rheumatica,Ongoing,Immuno-inflammation,Rheumatology,1
LC81691,Research,PHARMA,IL12v fusion protein - ITA bispecific (LC81691),LC81691 - IL12v fusion protein - ITA bispecific,Ongoing,M0-M1,Regular Priority,FiC,,,,,IL12v fusion protein - ITA bispecific,IL12v xITA,Biologics,FUP,Internal,Immune stimulation,LC81691_IND009,,Head and Neck,H&N,,10067821,Head and neck cancer,Ongoing,,,
LC81704,Research,PHARMA,IL22RA1 x IL18 mAb (LC81704),LC81704 - IL22RA1 x IL18 mAb,Ongoing,M0-M1,Regular Priority,Not Defined,,,,,IL22RA1 x IL18 mAb,IL22RA1xIL18,Biologics,ANT,Licensed,Blocking,LC81704_IND001,TRUE,Atopic Dermatitis,AD,,10012438,Dermatitis atopic,Ongoing,Immuno-inflammation,Dermatology,
AVE0010,Development,PHARMA,Lyxumia/Adlyxin,AVE0010 - GLP1R peptide,Completed,LCM,Standard,LCM project,,,lixisenatide,Lyxumia/Adlyxin,GLP1R peptide,GLP1R,Synthetic,PEP,Licensed,Agonism,AVE0010_IND009,FALSE,Lyxumia - T2DM - Immediate Release - Deltaflex - Japan - SC Route,,LCM,10067585,Type 2 diabetes mellitus,Completed,DCVM,,1
SAR342434,Development,PHARMA,Admelog/Insulin lispro Sanofi,SAR342434 - Rapid acting insulin (LISA),Completed,LCM,Standard,LCM project,,,insulin lispro,Admelog/Insulin lispro Sanofi,Rapid acting insulin (LISA),Insulin lispro,Biologics,INS,Internal,Mimetism,SAR342434_IND007,FALSE,YODA - 3mL  prefilled cartridge for Medtronic pump,,,10012594,Diabetes,Stopped,DCVM,,
SAR448972,Development,PHARMA,Ayvakit,SAR448972 - KIT D816V sm,Ongoing,LCM,Standard,FiC,,,avapritinib,Ayvakit,KIT D816V sm,KIT D816V sm,Synthetic,SM,Acquired,Inhibition,SAR448972_IND005,FALSE,Systemic Mastocytosis,SM,LCM,10042949,Systemic mastocytosis,Completed,Rare Diseases,Immune Mediated Blood Disorders,1
LC81648,Research,PHARMA,Synuclein x TFRC mAb (LC81648),LC81648 - Synuclein x TFRC mAb,Ongoing,M0-M1,Regular Priority,BiC,,,,,Synuclein x TFRC mAb,SNCAxTFRC,Biologics,ANT,Licensed,Neutralizing,LC81648_IND002,,Synucleinopathy,Synucleinopathy,,10053643,Neurodegenerative disorder,Ongoing,,,
HOE901,Development,PHARMA,Lantus/Toujeo,HOE901 - Insulin glargine,Completed,LCM,Standard,LCM project,,,,Lantus/Toujeo,Insulin glargine,Insulin glargine,Biologics,INS,Internal,Mimetism,HOE901_IND015,FALSE,Lantus - T1DM - U100 - Pediatric - China,,LCM,10067584,Type 1 diabetes mellitus,Completed,DCVM,,1
SAR441344,Development,PHARMA,frexalimab,SAR441344 - CD40L mAb,Ongoing,Phase 3,High,BiC,XC01129,XC01129,frexalimab,,CD40L mAb,CD40L,Biologics,ANT,Internal,Antagonism,SAR441344_IND008,FALSE,Non-Relapsing Secondary Progressive Multiple Sclerosis,nr-SPMS,Phase 3,10063400,Secondary progressive multiple sclerosis,Ongoing,Neurology,Neuro-inflammation,0.34
XRP6976,Development,PHARMA,Taxotere,XRP6976 - Tubulin  inh.,Completed,LCM,Standard,LCM project,,,docetaxel,Taxotere,Tubulin  inh.,Tubulin,Synthetic,SM,Licensed,Inhibition,XRP6976_IND007,FALSE,One Vial - 20mg/80mg,,LCM,10065252,Solid tumor,Completed,Oncology,,1
SAR444671,Development,PHARMA,Wayrilz,SAR444671 - BTK sm,Ongoing,LCM,Medium,FiC,,,rilzabrutinib,Wayrilz,BTK sm,BTK,Synthetic,SM,Acquired,Inhibition,SAR444671_IND003,FALSE,IgG4 Related Disease,IgG4-RD,Phase 3,10077271,Immunoglobulin G4 related disease,Ongoing,Immuno-inflammation,Rheumatology,0.82
HOE901,Development,PHARMA,Lantus/Toujeo,HOE901 - Insulin glargine,Completed,LCM,Standard,LCM project,,,,Lantus/Toujeo,Insulin glargine,Insulin glargine,Biologics,INS,Internal,Mimetism,HOE901_IND005,FALSE,Lantus Initial Filing,,LCM,10012594,Diabetes,Completed,DCVM,,1
LC81688,Research,PHARMA,ST2 x TSLP Nanobody VHH (LC81688),LC81688 - ST2 x TSLP Nanobody VHH,Ongoing,M0-M1,Regular Priority,FiC,,,,,ST2 x TSLP Nanobody VHH,ST2xTSLP,Biologics,NBDY,Internal,Antagonism,LC81688_IND004,,Chronic Rhinosinusitis with Nasal Polyps,CRSwNP,,10080060,Chronic rhinosinusitis with nasal polyps,Ongoing,,,
SAR446597,Development,PHARMA,Bbx aC1s Ab AAV,SAR446597 - Factor Bb x aC1s Ab AAV,Ongoing,Phase 1,GO,BiC,LC81342,LC81342,,,Factor Bb x aC1s Ab AAV,Bbx aC1s Ab AAV,Biologics,AAV GT,Internal,Inhibition,SAR446597_IND001,TRUE,Age-related macular degeneration - Geographic Atrophy,AMD – Geo atrophy,Phase 1,10063947,Geographic atrophy,Ongoing,Ophthalmology,Neurodegenerative diseases,0.23
XC01159,Research,PHARMA,IL17A sm (XC01159),XC01159 - IL17A sm,Completed,M1-M2,High Priority,BiC,SAR447432,SAR447432,,,IL17A sm,IL17A,Synthetic,SM,Licensed,Antagonism,XC01159_IND003,,Psoriasis Arthritis,PsA,,10037162,Psoriatic arthropathy,Completed,,,
LC81661,Research,PHARMA,IL1R3 x TL1A mAb (LC81661),LC81661 - IL1R3 x TL1A mAb,Ongoing,M0-M1,Regular Priority,FiC,,,,,IL1R3 x TL1A mAb,IL1R3xTL1A,Biologics,ANT,Internal,Antagonism,LC81661_IND004,,,Fibrosis,,10019668,Hepatic fibrosis,Ongoing,,,
GZ393590,Development,PHARMA,Clolar/Evoltra,GZ393590 - Purine nucleoside analog,Completed,LCM,Standard,LCM project,,,clofarabine,Clolar/Evoltra,Purine nucleoside analog,Purine nucleoside,Synthetic,SM,Acquired,Mimetism,GZ393590_IND004,FALSE,NHL - Myelodysplastic Syndrome - PO rout,,,10028533,Myelodysplastic syndrome,Stopped,Oncology,,
SAR447610,Development,PHARMA,TFRCxTau MTBR,SAR447610 - TFRC x Tau MTBR mAb,Ongoing,Preclinical,GATE,FiC,LC81211,LC81211,,,TFRC x Tau MTBR mAb,TFRCxTau MTBR,Biologics,ANT,Internal,Clearing,SAR447610_IND001,TRUE,Alzheimer's disease,Alzheimer,Preclinical,10001896,Alzheimer's disease,Ongoing,Neurology,Neurodegenerative diseases,0.09
LC81660,Research,PHARMA,TL1A x a4b7 mAb (LC81660),LC81660 - TL1A x a4b7 mAb,Completed,M1-M2,Regular Priority,BiC,SAR448632,SAR448632,,,TL1A x a4b7 mAb,TL1Ax a4b7,Biologics,ANT,Licensed,Inhibition,LC81660_IND001,TRUE,Ulcerative Colitis,UC,,10009900,Colitis ulcerative,Completed,Immuno-inflammation,Gastroenterology,
LC81706,Research,PHARMA,IL22RA1 x IL31R mAb (LC81706),LC81706 - IL22RA1 x IL31R mAb,Ongoing,M0-M1,Regular Priority,Not Defined,,,,,IL22RA1 x IL31R mAb,IL22RA1xIL31R,Biologics,ANT,Licensed,Blocking,LC81706_IND001,TRUE,Atopic Dermatitis,AD,,10012438,Dermatitis atopic,Ongoing,Immuno-inflammation,Dermatology,
LC81390,Research,PHARMA,PIM1 sm - AI-driven (LC81390),LC81390 - PIM1 sm - AI-driven,Ongoing,M0-M1,High Priority,FiC,,,,,PIM1 sm - AI-driven,PIM1 AI-driven,Synthetic,SM,Internal,Inhibition,LC81390_IND006,,Systemic Lupus Erythematosus,SLE,,10042945,Systemic lupus erythematosus,Ongoing,,,
GZ393590,Development,PHARMA,Clolar/Evoltra,GZ393590 - Purine nucleoside analog,Completed,LCM,Standard,LCM project,,,clofarabine,Clolar/Evoltra,Purine nucleoside analog,Purine nucleoside,Synthetic,SM,Acquired,Mimetism,GZ393590_IND002,FALSE,Acute Lymphoblastic Leukemia Pediatric - Japan,,LCM,10000845,Acute lymphoblastic leukemia,Completed,Oncology,,1
SAR650984,Development,PHARMA,Sarclisa,SAR650984 - CD38 mAb,Ongoing,LCM,Medium,BiC,,,isatuximab,Sarclisa,CD38 mAb,CD38,Biologics,ANT,Licensed,Binding,SAR650984_IND009,FALSE,SMM - High-Risk - Combo Lenalidomide,Smoldering MM w/Rd,Phase 3,10075894,Smoldering myeloma,Ongoing,Oncology,Multiple Myeloma,0.58
LC81648,Research,PHARMA,Synuclein x TFRC mAb (LC81648),LC81648 - Synuclein x TFRC mAb,Ongoing,M0-M1,Regular Priority,BiC,,,,,Synuclein x TFRC mAb,SNCAxTFRC,Biologics,ANT,Licensed,Neutralizing,LC81648_IND001,TRUE,Parkinson's Disease,Parkinson,,10061536,Parkinson's disease,Ongoing,Neurology,Neurodegenerative diseases,
LC81363,Research,PHARMA,TFRC x DUX4 NDC (LC81363),LC81363 - TFRC x DUX4 NDC,Ongoing,M1-M2,Regular Priority,BiC,,,,,TFRC x DUX4 NDC,TFRCxDUX4,Biologics,NDC,Licensed,Down-regulation,LC81363_IND001,TRUE,Facioscapulohumeral Muscular Dystrophy,FSHD,,10064087,Facioscapulohumeral muscular dystrophy,Ongoing,Rare Disease Research,Neuromuscular Diseases,
LC81376,Research,PHARMA,PD1 x OX40L Hybrid (LC81376),LC81376 - PD1 x OX40L Hybrid,Ongoing,M1-M2,High Priority,FiC,SAR449397,SAR449397,,,PD1 x OX40L Hybrid,PD1xOX40L,Biologics,HYB,Internal,Immune modulation,LC81376_IND002,,Colitis ulcerative,UC,,10009900,Colitis ulcerative,Ongoing,,,
SAR441344,Development,PHARMA,frexalimab,SAR441344 - CD40L mAb,Ongoing,Phase 3,High,BiC,XC01129,XC01129,frexalimab,,CD40L mAb,CD40L,Biologics,ANT,Internal,Antagonism,SAR441344_IND009,FALSE,Primary Focal Segmental Glomerular Sclerosis / Minimal Change Disease - Adult & Ped - 2yr+,PFSGS/MCD,Phase 2A,10067757,Focal segmental glomerulosclerosis,Ongoing,Rare Diseases,Rare Renal and Bone Disorders,0.18
SAR650984,Development,PHARMA,Sarclisa,SAR650984 - CD38 mAb,Ongoing,LCM,Medium,BiC,,,isatuximab,Sarclisa,CD38 mAb,CD38,Biologics,ANT,Licensed,Binding,SAR650984_IND005,FALSE,1L NDMM - Te - Combo Bortezomib-Lenalidomide (GMMG),1L NDMM Te w/VRd-GMMG,LCM,10028228,Multiple myeloma,Ongoing,Oncology,Multiple Myeloma,0.7
XRP6976,Development,PHARMA,Taxotere,XRP6976 - Tubulin  inh.,Completed,LCM,Standard,LCM project,,,docetaxel,Taxotere,Tubulin  inh.,Tubulin,Synthetic,SM,Licensed,Inhibition,XRP6976_IND008,FALSE,One Vial - 160mg/8ml,,LCM,10065252,Solid tumor,Completed,Oncology,,1
ALX0081,Development,PHARMA,Cablivi,ALX0081 - vWF Nanobody VHH,Completed,LCM,Standard,FiC,,,caplacizumab,Cablivi,vWF Nanobody VHH,vWF VHH,Biologics,NBDY,Acquired,Inhibition,ALX0081_IND003,FALSE,Acquired Thrombotic Thrombocytopenic Purpura - w/o 1st-Line plasma exchange (label update) in US and JP,aTTP - w/o 1L PLEX – US&JP,Phase 3,10043648,Thrombotic thrombocytopenic purpura,Stopped,Rare Diseases,Immune Mediated Blood Disorders,
LC81324,Research,PHARMA,MAP4K2 sm (LC81324),LC81324 - MAP4K2 sm,Ongoing,M0-M1,Regular Priority,FiC,,,,,MAP4K2 sm,MAP4K2,Synthetic,SM,Internal,Inhibition,LC81324_IND001,TRUE,RAS-mutated Multiple Myeloma,RAS-mutated MM,,10028228,Multiple myeloma,Ongoing,Oncology,Multiple Myeloma,
SAR650984,Development,PHARMA,Sarclisa,SAR650984 - CD38 mAb,Ongoing,LCM,Medium,BiC,,,isatuximab,Sarclisa,CD38 mAb,CD38,Biologics,ANT,Licensed,Binding,SAR650984_IND019,FALSE,1L ALL - Mono,1L ALL - Mono,,10000845,Acute lymphoblastic leukemia,Stopped,Oncology,,
LC81311,Research,PHARMA,ITK x TXK sm (LC81311),LC81311 - ITK x TXK sm,Ongoing,M1-M2,Regular Priority,FiC,SAR449598,SAR449598,,,ITK x TXK sm,ITK x TXK,Synthetic,SM,Internal,Inhibition,LC81311_IND005,,Inflammatory Bowel Disease,IBD,,10021972,Inflammatory bowel disease,Ongoing,,,
SAR443765,Development,PHARMA,lunsekimig,SAR443765 - IL13 x TSLP Nanobody VHH,Ongoing,Phase 2,Medium,FiC,XC01141,XC01141,lunsekimig,,IL13 x TSLP Nanobody VHH,IL13xTSLP,Biologics,NBDY,Internal,Blocking,SAR443765_IND005,FALSE,Asthma - High Risk - Adult & Ped - 12-17 years,Asthma – High Risk,Phase 2,10003553,Asthma,Ongoing,Immuno-inflammation,Respiratory,0.17
SAR445761,Development,PHARMA,Rezurock ,SAR445761 - ROCK2 sm,Ongoing,LCM,Standard,FiC,,,belumosudil,Rezurock ,ROCK2 sm,ROCK2,Synthetic,SM,Acquired,Inhibition,SAR445761_IND002,TRUE,Chronic Lung Allograft Dysfunction,CLAD,Phase 3,10089357,Chronic lung allograft dysfunction,Ongoing,Transplant,Transplant (Solid Organs),0.34
HMR1726,Development,PHARMA,Aubagio,HMR1726 - DHO-DH sm,Completed,LCM,Standard,LCM project,,,teriflunomide,Aubagio,DHO-DH sm,DHO-DH,Synthetic,SM,Internal,Inhibition,HMR1726_IND005,FALSE,Multiple Sclerosis - Adjunct Therapy,,,10028245,Multiple sclerosis,Stopped,Neurology,,
LC81654,Research,PHARMA,CD98 x aC1s mAb (LC81654),LC81654 - CD98 x aC1s mAb,Ongoing,M1-M2,Regular Priority,FiC,,,,,CD98 x aC1s mAb,CD98x aC1s,Biologics,ANT,Internal,Inhibition,LC81654_IND001,TRUE,Alzheimer's Disease,Alzheimer,,10001896,Alzheimer's disease,Ongoing,Neurology,Neurodegenerative diseases,
SP0268,Development,VACCINE,C acnes mRNA,Cutibacterium acnes mRNA vaccine,Ongoing,Phase 2,Very High,FiC,,,,,Active Immunization,,Biologics,MRNAV,Acquired,,SP0268_IND002,FALSE,Acne - mild,Acne - mild,Phase 2,10000496,Acne,Ongoing,Vaccines,Innovation & Vaccine Value,0.26
LC81414,Research,PHARMA,IL10R Nanobody VHH (LC81414),LC81414 - IL10R Nanobody VHH,Ongoing,M0-M1,Regular Priority,FiC,,,,,IL10R Nanobody VHH,IL10R VHH,Biologics,NBDY,Licensed,Agonism,LC81414_IND003,,Systemic Lupus Erythematosus,SLE,,10042945,Systemic lupus erythematosus,Ongoing,,,
LC81419,Research,PHARMA,STAT4 sm (LC81419),LC81419 - STAT4 sm,Ongoing,M0-M1,Regular Priority,FiC,,,,,STAT4 sm,STAT4,Synthetic,SM,Internal,Inhibition,LC81419_IND003,,Vitiligo,Vitiligo,,10047642,Vitiligo,Ongoing,,,
XC01158,Research,PHARMA,STAT6 sm - Degrader (XC01158),XC01158 - STAT6 sm - Degrader,Completed,M1-M2,High Priority,FiC,SAR448272,SAR448272,,,STAT6 sm - Degrader,STAT6 Degrader,Synthetic,SM,Licensed,Degradation,XC01158_IND003,,Chronic Rhinosinusitis with Nasal Polyps,CRSwNP,,10080060,Chronic rhinosinusitis with nasal polyps,Ongoing,,,
LC81695,Research,PHARMA,CXCR3 x CCR6 sm (LC81695),LC81695 - CXCR3 x CCR6 sm,Ongoing,M0-M1,Regular Priority,FiC,,,,,CXCR3 x CCR6 sm,CXCR3xCCR6,Synthetic,SM,Licensed,Antagonism,LC81695_IND004,,Hidradenitis suppurativa,HS,,10020041,Hidradenitis suppurativa,Ongoing,,,
LC81694,Research,PHARMA,CD19 x BCMA x Dectin1 Hybrid (MCE) (LC81694),LC81694 - CD19 x BCMA x Dectin1 Hybrid (MCE),Ongoing,M0-M1,Regular Priority,BiC,,,,,CD19 x BCMA x Dectin1 Hybrid (MCE),CD19xBCMAxDectin1 MCE,Biologics,HYB,Licensed,Cytotoxicity,LC81694_IND004,,Inclusion body myositis,Myositis,,10066407,Inclusion body myositis,Ongoing,,,
LC81667,Research,PHARMA,BTLA x PD1 Hybrid (LC81667),LC81667 - BTLA x PD1 Hybrid,Ongoing,M0-M1,Regular Priority,FiC,,,,,BTLA x PD1 Hybrid,BTLAxPD1,Biologics,HYB,Internal,Agonism,LC81667_IND002,,Rheumatoid Arthritis,RA,,10039073,Rheumatoid arthritis,Ongoing,,,
SAR447816,Development,PHARMA,uliledlimab,SAR447816 - CD73 mAb,Ongoing,Phase 2,GATE,BiC,,,uliledlimab,,CD73 mAb,CD73,Biologics,ANT,Licensed,Antagonism,SAR447816_IND002,TRUE,1L NSCLC - Combo anti PD-1 + Chemo,1L NSCLC w/PD1+CT,Phase 2,10061873,Non-small cell lung cancer,Ongoing,Oncology,Lung Cancer,0.3
AVE0010,Development,PHARMA,Lyxumia/Adlyxin,AVE0010 - GLP1R peptide,Completed,LCM,Standard,LCM project,,,lixisenatide,Lyxumia/Adlyxin,GLP1R peptide,GLP1R,Synthetic,PEP,Licensed,Agonism,AVE0010_IND010,FALSE,Lyxumia - T2DM - any OAD - Japan,,LCM,10067585,Type 2 diabetes mellitus,Completed,DCVM,,1
SAR439684,Development,PHARMA,Libtayo,SAR439684 - PD1 mAb,Completed,LCM,Standard,Little / Uncertain differentiation,,,cemiplimab,Libtayo,PD1 mAb,PD1,Biologics,ANT,Licensed,Inhibition,SAR439684_IND009,FALSE,2L NSCLC - Chemo Combo,2L NSCLC w/ Chemo,Phase 3,10061873,Non-small cell lung cancer,Stopped,Oncology,,
SAR441344,Development,PHARMA,frexalimab,SAR441344 - CD40L mAb,Ongoing,Phase 3,High,BiC,XC01129,XC01129,frexalimab,,CD40L mAb,CD40L,Biologics,ANT,Internal,Antagonism,SAR441344_IND003,FALSE,Systemic Lupus Erythematosus,SLE,Phase 2A,10042945,Systemic lupus erythematosus,Stopped,Immuno-inflammation,Rheumatology,
AVE0010,Development,PHARMA,Lyxumia/Adlyxin,AVE0010 - GLP1R peptide,Completed,LCM,Standard,LCM project,,,lixisenatide,Lyxumia/Adlyxin,GLP1R peptide,GLP1R,Synthetic,PEP,Licensed,Agonism,AVE0010_IND002,FALSE,Parkinson,Parkinson,Phase 1,10061536,Parkinson's disease,Stopped,Neurology,,
LC81665,Research,PHARMA,a4b7 x PD1 Hybrid (LC81665),LC81665 - a4b7 x PD1 Hybrid,Ongoing,M0-M1,Regular Priority,FiC,,,,,a4b7 x PD1 Hybrid,a4b7xPD1,Biologics,HYB,Internal,Modulation,LC81665_IND001,TRUE,Inflammatory Bowel Disease,IBD,,10021972,Inflammatory bowel disease,Ongoing,Immuno-inflammation,Gastroenterology,
LC81412,Research,PHARMA,SLC15A4 sm (LC81412),LC81412 - SLC15A4 sm,Ongoing,M1-M2,High Priority,FiC,,,,,SLC15A4 sm,SLC15A4,Synthetic,SM,Licensed,Inhibition,LC81412_IND001,TRUE,Inflammatory Bowel Disease,IBD,,10021972,Inflammatory bowel disease,Ongoing,Immuno-inflammation,Gastroenterology,
LC80963,Research,PHARMA,TGFb mAb (LC80963),LC80963 - TGFb mAb,Completed,M1-M2,,FiC,"SAR444257,SAR439459","SAR444257,SAR439459",,,TGFb mAb,TGFb,Biologics,ANT,Internal,Inhibition,LC80963_IND001,FALSE,Discovery - LEAD-MS2 - Previous - Completed,,,,,Completed,Rare Disease Research,,
SAR449124,Development,PHARMA,Redemplo,SAR449124 - Apolipoprotein C-III siRNA,Ongoing,LCM,Medium,FiC,,,plozasiran,Redemplo,Apolipoprotein C-III siRNA,APOC3 siRNA,Synthetic,OLIG,Licensed,Reduction,SAR449124_IND002,TRUE,Severe Hypertriglyceridemia-China,sHTG - CN,Phase 3,10020870,Hypertriglyceridemia,Ongoing,DCVM,Cardiovasc & Metabolism Disorders,0.68
SAR231893,Development,PHARMA,Dupixent,SAR231893 - IL4R mAb,Ongoing,LCM,High,FiC,,,dupilumab,Dupixent,IL4R mAb,IL4R,Biologics,ANT,Licensed,Inhibition,SAR231893_IND016,FALSE,Prurigo Nodularis - Adult & Ped 6 mos-17 yrs,PN,LCM,10037084,Prurigo nodularis,Completed,Immuno-inflammation,Dermatology,1
LC81424,Research,PHARMA,IL17A sm - Next Generation (LC81424),LC81424 - IL17A sm - Next Generation,Ongoing,M1-M2,High Priority,BiC,,,,,IL17A sm - Next Generation,IL17A Next Gen,Synthetic,SM,Internal,Antagonism,LC81424_IND001,TRUE,Hidradenitis Suppurativa,HS,,10020041,Hidradenitis suppurativa,Ongoing,Immuno-inflammation,Dermatology,
SAR442970,Development,PHARMA,brivekimig,SAR442970 - TNFa x OX40L Nanobody VHH,Ongoing,Phase 2B,GATE,FiC,XC01135,XC01135,brivekimig,,TNFa x OX40L Nanobody VHH,TNFa xOX40L,Biologics,NBDY,Internal,Blocking,SAR442970_IND001,TRUE,Hidradenitis Suppurativa,HS,Phase 2B,10020041,Hidradenitis suppurativa,Ongoing,Immuno-inflammation,Dermatology,0.54
SAR439684,Development,PHARMA,Libtayo,SAR439684 - PD1 mAb,Completed,LCM,Standard,Little / Uncertain differentiation,,,cemiplimab,Libtayo,PD1 mAb,PD1,Biologics,ANT,Licensed,Inhibition,SAR439684_IND005,FALSE,1L NSCLC - Combo Chemo,1L NSCLC w/Chemo,LCM,10061873,Non-small cell lung cancer,Completed,Oncology,Lung,1
SP0268,Development,VACCINE,C acnes mRNA,Cutibacterium acnes mRNA vaccine,Ongoing,Phase 2,Very High,FiC,,,,,Active Immunization,,Biologics,MRNAV,Acquired,,SP0268_IND001,TRUE,Acne - moderate to severe,Acne - moderate to severe,Phase 2,10000496,Acne,Ongoing,Vaccines,Innovation & Vaccine Value,0.26
LC81396,Research,PHARMA,IRF5 sm (LC81396),LC81396 - IRF5 sm,Ongoing,M0-M1,High Priority,FiC,,,,,IRF5 sm,IRF5,Synthetic,SM,Internal,Inhibition,LC81396_IND002,,Inflammatory Bowel Disease,IBD,,10021972,Inflammatory bowel disease,Ongoing,,,
LC81311,Research,PHARMA,ITK x TXK sm (LC81311),LC81311 - ITK x TXK sm,Ongoing,M1-M2,Regular Priority,FiC,SAR449598,SAR449598,,,ITK x TXK sm,ITK x TXK,Synthetic,SM,Internal,Inhibition,LC81311_IND004,,Asthma,Asthma,,10003553,Asthma,Ongoing,,,
SAR445088,Development,PHARMA,riliprubart,SAR445088 - Complement C1s mAb - Active form,Ongoing,Phase 3,Standard,FiC,LC81265,LC81265,riliprubart,,Complement C1s mAb - Active form,aC1s,Biologics,ANT,Acquired,Inhibition,SAR445088_IND003,TRUE,Chronic Inflammatory Demyelinating Polyneuropathy - Refractory,CIDP - Refractory,Phase 3,10057645,Chronic inflammatory demyelinating polyradiculoneuropathy,Ongoing,Neurology,Neuro-inflammation,0.6
HMR1726,Development,PHARMA,Aubagio,HMR1726 - DHO-DH sm,Completed,LCM,Standard,LCM project,,,teriflunomide,Aubagio,DHO-DH sm,DHO-DH,Synthetic,SM,Internal,Inhibition,HMR1726_IND007,FALSE,Multiple Sclerosis - Monotherapy - Japan,,,10028245,Multiple sclerosis,Stopped,Neurology,,
LC81691,Research,PHARMA,IL12v fusion protein - ITA bispecific (LC81691),LC81691 - IL12v fusion protein - ITA bispecific,Ongoing,M0-M1,Regular Priority,FiC,,,,,IL12v fusion protein - ITA bispecific,IL12v xITA,Biologics,FUP,Internal,Immune stimulation,LC81691_IND004,,Pancreatic Cancer,Pancreatic Cancer,,10033609,Pancreatic carcinoma,Ongoing,,,
LC81248,Research,PHARMA,RIPK1 sm - CNS penetrant (LC81248),LC81248 - RIPK1 sm - CNS penetrant,Completed,M1-M2,Regular Priority,BiC,SAR445992,SAR445992,,,RIPK1 sm - CNS penetrant,RIPK1 CNS - 2nd BU,Synthetic,SM,Acquired,Inhibition,LC81248_IND001,FALSE,Multiple Sclerosis - back up SAR445992 - Completed,MS,,10028245,Multiple sclerosis,Completed,Neurology,,
LC81334,Research,PHARMA,TFRC x DMPK NDC (LC81334),LC81334 - TFRC x DMPK NDC,Ongoing,M1-M2,High Priority,FiC,,,,,TFRC x DMPK NDC,TFRCxDMPK,Biologics,NDC,Internal,Knockdown,LC81334_IND001,TRUE,Myotonic Dystrophy Type 1,DM1,,10068871,Myotonic dystrophy,Ongoing,Rare Disease Research,Neuromuscular Diseases,
LC81267,Research,PHARMA,TIGIT mAb (LC81267),LC81267 - TIGIT mAb,Ongoing,M1-M2,Regular Priority,FiC,,,,,TIGIT mAb,TIGIT mAb,Biologics,ANT,Internal,Agonism,LC81267_IND003,,Myositis,Myositis,,10067584,Type 1 diabetes mellitus,Ongoing,,,
LC81417,Research,PHARMA,CD19 in vivo CAR-T (CD8 targeted) (LC81417),LC81417 - CD19 in vivo CAR-T (CD8 targeted),Completed,M1-M2,High Priority,FiC,SAR447998,SAR447998,,,CD19 in vivo CAR-T (CD8 targeted),CD19 CAR-T (CD8 targeted),Biologics,NV GT,Internal,Cytotoxicity,LC81417_IND007,,Myasthenia Gravis,MG,,10028417,Myasthenia gravis,Completed,,,
LC81655,Research,PHARMA,CD98 x GLP1R mAb (LC81655),LC81655 - CD98 x GLP1R mAb,Ongoing,M1-M2,Regular Priority,BiC,,,,,CD98 x GLP1R mAb,CD98xGLP1R,Biologics,ANT,Internal,Agonism,LC81655_IND003,,Obesity,Obesity,,10029883,Obesity,Ongoing,,,
LC80014,Research,PHARMA,PIP5K2B sm (LC80014),LC80014 - PIP5K2B sm,Ongoing,M1-M2,Regular Priority,FiC,,,,,PIP5K2B sm,PIP5K2B,Synthetic,SM,Internal,Inhibition,LC80014_IND001,TRUE,Idiopathic Pulmonary Fibrosis,IPF,,10021240,Idiopathic pulmonary fibrosis,Ongoing,Immuno-inflammation,Respiratory,
LC81688,Research,PHARMA,ST2 x TSLP Nanobody VHH (LC81688),LC81688 - ST2 x TSLP Nanobody VHH,Ongoing,M0-M1,Regular Priority,FiC,,,,,ST2 x TSLP Nanobody VHH,ST2xTSLP,Biologics,NBDY,Internal,Antagonism,LC81688_IND001,TRUE,Asthma,Asthma,,10003553,Asthma,Ongoing,Immuno-inflammation,Respiratory,
SAR341402,Development,PHARMA,Truvelog/Insulin aspart,SAR341402 - Rapid acting insulin (SARA),Completed,LCM,Standard,FiC,,,insulin aspart,Truvelog/Insulin aspart,Rapid acting insulin (SARA),Insulin aspart,Biologics,INS,Internal,Mimetism,SAR341402_IND003,TRUE,T1 & T2 Diabetes Mellitus - Solution - BioS,T1&T2 DM - Sol - BioS,LCM,10012594,Diabetes,Completed,DCVM,T1 & T2 Diabetes,1
SAR231893,Development,PHARMA,Dupixent,SAR231893 - IL4R mAb,Ongoing,LCM,High,FiC,,,dupilumab,Dupixent,IL4R mAb,IL4R,Biologics,ANT,Licensed,Inhibition,SAR231893_IND036,FALSE,Atopic Dermatitis - Ped - Maintenance Treatment,,,,,Stopped,Immuno-inflammation,,
LC81697,Research,PHARMA,Pan KRAS sm (LC81697),LC81697 - Pan KRAS sm,Completed,M1-M2,,,SAR449336,SAR449336,,,Pan KRAS sm,Pan KRAS,Synthetic,SM,Acquired,Inhibition,LC81697_IND001,TRUE,Lung Cancer,Lung Cancer,,10058467,Lung neoplasm malignant,Ongoing,Oncology,Lung Cancer,
LC81419,Research,PHARMA,STAT4 sm (LC81419),LC81419 - STAT4 sm,Ongoing,M0-M1,Regular Priority,FiC,,,,,STAT4 sm,STAT4,Synthetic,SM,Internal,Inhibition,LC81419_IND002,,Hidradenitis Suppurativa,HS,,10020041,Hidradenitis suppurativa,Ongoing,,,
SAR342434,Development,PHARMA,Admelog/Insulin lispro Sanofi,SAR342434 - Rapid acting insulin (LISA),Completed,LCM,Standard,LCM project,,,insulin lispro,Admelog/Insulin lispro Sanofi,Rapid acting insulin (LISA),Insulin lispro,Biologics,INS,Internal,Mimetism,SAR342434_IND006,FALSE,T1 & T2 Diabetes - Premix 50/50 (NPL/Insulin Lispro),,,10012594,Diabetes,Stopped,DCVM,,
SAR650984,Development,PHARMA,Sarclisa,SAR650984 - CD38 mAb,Ongoing,LCM,Medium,BiC,,,isatuximab,Sarclisa,CD38 mAb,CD38,Biologics,ANT,Licensed,Binding,SAR650984_IND023,FALSE,Prostate Cancer - Combo Abiraterone,Prostate Cancer w/Ab,,10060862,Prostate cancer,Stopped,Oncology,,
SAR441344,Development,PHARMA,frexalimab,SAR441344 - CD40L mAb,Ongoing,Phase 3,High,BiC,XC01129,XC01129,frexalimab,,CD40L mAb,CD40L,Biologics,ANT,Internal,Antagonism,SAR441344_IND001,FALSE,Sjogren's Syndrome,Sjogren's,Phase 2A,10040767,Sjogren’s syndrome,Stopped,Immuno-inflammation,Rheumatology,
SAR444671,Development,PHARMA,Wayrilz,SAR444671 - BTK sm,Ongoing,LCM,Medium,FiC,,,rilzabrutinib,Wayrilz,BTK sm,BTK,Synthetic,SM,Acquired,Inhibition,SAR444671_IND013,FALSE,Graves' Disease - Adult & Ped - 12-17 years,Graves - Adult & 12-17y,Phase 2,10018706,Graves' disease,Ongoing,Immuno-inflammation,Other,0.2
LC81425,Research,PHARMA,TL1A x OX40L mAb (LC81425),LC81425 - TL1A x OX40L mAb,Ongoing,M0-M1,Regular Priority,FiC,,,,,TL1A x OX40L mAb,TL1AxOX40L,Biologics,ANT,Internal,Antagonism,LC81425_IND004,,Systemic Sclerosis,SSc,,10042953,Systemic sclerosis,Ongoing,,,
SAR447537,Development,PHARMA,efdoralprin alfa,SAR447537 - AAT fusion protein,Ongoing,Phase 2,Medium,BiC,,,efdoralprin alfa,,AAT fusion protein,AAT,Biologics,FUP,Acquired,Enzyme replacement therapy,SAR447537_IND001,TRUE,Alpha1- antitrypsin deficiency,AATD,Phase 2,10083869,Alpha-1 antitrypsin deficiency,Ongoing,Rare Diseases,Metabolic Disorders,0.68
SAR447998,Development,PHARMA,CD19 CAR-T (CD8 targeted),SAR447998 - CD19 in vivo CAR-T (CD8 targeted),Ongoing,Preclinical,GATE,FiC,LC81417,LC81417,,,CD19 in vivo CAR-T (CD8 targeted),CD19 CAR-T (CD8 targeted),Biologics,NV GT,Internal,Cytotoxicity,SAR447998_IND001,TRUE,Systemic Lupus Erythematosus,SLE,Preclinical,10042945,Systemic lupus erythematosus,Ongoing,Immuno-inflammation,Rheumatology,0.03
GZ385660,Development,PHARMA,Cerdelga,GZ385660 - Glucosylceramide synthetase sm,Ongoing,LCM,Standard,Little / Uncertain differentiation,,,eliglustat,Cerdelga,Glucosylceramide synthetase sm,GCS,Synthetic,SM,Acquired,Inhibition,GZ385660_IND001,FALSE,Gaucher Disease Type I,GD1,LCM,10018048,Gaucher's disease,Completed,Rare Diseases,,1
LC81674,Research,PHARMA,IL22RA1 x IL31R mAb (+CLC) (LC81674),LC81674 - IL22RA1 x IL31R mAb (+CLC),Ongoing,M0-M1,Regular Priority,FiC,,,,,IL22RA1 x IL31R mAb (+CLC),IL22RA1xIL31R (+CLC),Biologics,ANT,Internal,Antagonism,LC81674_IND001,TRUE,Atopic Dermatitis,AD,,10012438,Dermatitis atopic,Ongoing,Immuno-inflammation,Dermatology,
SP0239,Development,VACCINE,DTaP+IPV+HB+Hib,Diphteria + Tetanus + 2cp Pertussis + Polio + Hep B + Hib combination vaccine,Ongoing,Post-Launch,Medium,BiC,,,,Hexaxim,Active immunization,,Biologics,VAC,Internal,,SP0239_IND001,TRUE,Diphteria+Tetanus+Pertussis+Poliomyelitis+Hepatitis B+ Haemophilus Influenza Type B diseases - China,DT 2cpP Polio Hep B Hib diseases - CN,Initiation,10021430,Immunisation,Ongoing,Vaccines,PPH,0.49
SAR448337,Development,PHARMA,4-1BBxPD1,SAR448337 - 4-1BB x PD1 Hybrid,Ongoing,Preclinical,GATE,FiC,LC81331,LC81331,,,4-1BB x PD1 Hybrid,4-1BBxPD1,Biologics,HYB,Internal,Agonism,SAR448337_IND001,TRUE,Solid Tumors,Solid Tumors,Preclinical,10065252,Solid tumor,Ongoing,Oncology,Other Solid Tumors,0.0667
LC81222,Research,PHARMA,CTPS1 sm (LC81222),LC81222 - CTPS1 sm,Ongoing,M1-M2,Regular Priority,BiC,SAR448447,SAR448447,,,CTPS1 sm,CTPS1,Synthetic,SM,Internal,Inhibition,LC81222_IND004,,Transplantation,Transplant,,10057677,Transplant,Ongoing,,,
SAR449124,Development,PHARMA,Redemplo,SAR449124 - Apolipoprotein C-III siRNA,Ongoing,LCM,Medium,FiC,,,plozasiran,Redemplo,Apolipoprotein C-III siRNA,APOC3 siRNA,Synthetic,OLIG,Licensed,Reduction,SAR449124_IND001,FALSE,Familial chylomicronemia syndrome-China,FCS - CN,LCM,10085051,Familial chylomicronemia syndrome,Completed,DCVM,Cardiovasc & Metabolism Disorders,1
LC81317,Research,PHARMA,TFRC x aC1s mAb (LC81317),LC81317 - TFRC x aC1s mAb,Completed,M1-M2,High Priority,FiC,SAR448289,SAR448289,,,TFRC x aC1s mAb,TFRCx aC1s,Biologics,ANT,Internal,Inhibition,LC81317_IND001,TRUE,Alzheimer's Disease,Alzheimer,,10001896,Alzheimer's disease,Completed,Neurology,Neurodegenerative diseases,
SP0178,Development,VACCINE,Fluzone HD / Efluelda,Influenza inactivated vaccine High Dose,Ongoing,Post-Launch,Medium,FiC,,,,Fluzone / Efluelda,Active immunization,,Biologics,IAV,Internal,,SP0178_IND004,FALSE,China - Flu QIV HD-On Hold,CN,,10022000,Influenza,Stopped,Vaccines,FLU,
SAR231893,Development,PHARMA,Dupixent,SAR231893 - IL4R mAb,Ongoing,LCM,High,FiC,,,dupilumab,Dupixent,IL4R mAb,IL4R,Biologics,ANT,Licensed,Inhibition,SAR231893_IND021,FALSE,Chronic Inducible Urticaria - Adult & Ped - 12-17 years,CIndU,Phase 3,10052568,Urticaria chronic,Stopped,Immuno-inflammation,Dermatology,
LC81376,Research,PHARMA,PD1 x OX40L Hybrid (LC81376),LC81376 - PD1 x OX40L Hybrid,Ongoing,M1-M2,High Priority,FiC,SAR449397,SAR449397,,,PD1 x OX40L Hybrid,PD1xOX40L,Biologics,HYB,Internal,Immune modulation,LC81376_IND005,,Celiac Disease,Celiac Disease,,10007864,Celiac disease,Ongoing,,,
LC81693,Research,PHARMA,CD19 x Dectin1 Hybrid (MCE) (LC81693),LC81693 - CD19 x Dectin1 Hybrid (MCE),Ongoing,M0-M1,Regular Priority,BiC,,,,,CD19 x Dectin1 Hybrid (MCE),CD19xDectin1 MCE,Biologics,HYB,Licensed,Cytotoxicity,LC81693_IND006,,Rheumatoid Arthritis,RA,,10039073,Rheumatoid arthritis,Ongoing,,,
LC81645,Research,PHARMA,CXCR4 x ICOS Nanobody VHH (LC81645),LC81645 - CXCR4 x ICOS Nanobody VHH,Ongoing,M0-M1,Regular Priority,FiC,,,,,CXCR4 x ICOS Nanobody VHH,CXCR4xICOS VHH,Biologics,NBDY,Internal,Immune modulation,LC81645_IND002,,Bullous Pemphigoid,BP,,10034277,Pemphigoid,Ongoing,,,
SAR153191,Development,PHARMA,Kevzara,SAR153191 - IL6R mAb,Ongoing,LCM,Standard,Little / Uncertain differentiation,,,sarilumab,Kevzara,IL6R mAb,IL6R,Biologics,ANT,Licensed,Inhibition,SAR153191_IND008,FALSE,Giant Cell Arthritis,GCA,,10018250,Giant cell arteritis,Stopped,Immuno-inflammation,,
SP0336,Research,VACCINE,Amyloid beta,Amyloid beta vaccine,Ongoing,M0-M2,Very High,BiC,,,,,Active Immunization,,Biologics,VAC,Internal,,SP0336_IND001,TRUE,Alzheimer's disease,Alzheimer,M0-M2,10001896,Alzheimer's disease,Ongoing,Vaccines,Innovation & Vaccine Value,0.07
SAR236553,Development,PHARMA,Praluent,SAR236553 - Anti-PCSK-9 mAb,Completed,LCM,Standard,LCM project,,,alirocumab,Praluent,Anti-PCSK-9 mAb,PCSK9,Biologics,ANT,Licensed,Binding,SAR236553_IND005,FALSE,LDL-C reduction - Q4W - US+EU,,LCM,10020603,Hypercholesterolaemia,Completed,DCVM,,1
LC81372,Research,PHARMA,CD80 mAb (PDL1 disrupting) (LC81372),LC81372 - CD80 mAb (PDL1 disrupting),Ongoing,M1-M2,High Priority,FiC,,,,,CD80 mAb (PDL1 disrupting),CD80 (PDL1 disrupting),Biologics,ANT,Internal,Blocking,LC81372_IND002,,Crohn's Disease,Crohn,,10011401,Crohn's disease,Ongoing,,,
GZ419828,Development,PHARMA,Fabrazyme,GZ419828 - Algasidase beta recombinant protein,Completed,LCM,Standard,LCM project,,,,Fabrazyme,Algasidase beta recombinant protein,Algasidase beta,Biologics,REC,Acquired,Enzyme replacement therapy,GZ419828_IND001,TRUE,Fabry Disease,Rare Renal and Bone Disorders,LCM,10016016,Fabry's disease,Completed,Rare Diseases,,1
LC81666,Research,PHARMA,BTLA x OX40 Hybrid (LC81666),LC81666 - BTLA x OX40 Hybrid,Ongoing,M0-M1,Regular Priority,FiC,,,,,BTLA x OX40 Hybrid,BTLAxOX40,Biologics,HYB,Internal,Modulation,LC81666_IND002,,Systemic Lupus Erythematosus,SLE,,10042945,Systemic lupus erythematosus,Ongoing,,,
LC81222,Research,PHARMA,CTPS1 sm (LC81222),LC81222 - CTPS1 sm,Ongoing,M1-M2,Regular Priority,BiC,SAR448447,SAR448447,,,CTPS1 sm,CTPS1,Synthetic,SM,Internal,Inhibition,LC81222_IND003,,Hidradenitis Suppurativa,HS,,10020041,Hidradenitis suppurativa,Ongoing,,,
XRP6976,Development,PHARMA,Taxotere,XRP6976 - Tubulin  inh.,Completed,LCM,Standard,LCM project,,,docetaxel,Taxotere,Tubulin  inh.,Tubulin,Synthetic,SM,Licensed,Inhibition,XRP6976_IND011,FALSE,High-Risk Node Negative Breast Cancer,,LCM,10006187,Breast cancer,Completed,Oncology,,1
SP0280,Development,VACCINE,EBV mRNA,Epstein-barr virus mRNA vaccine,Ongoing,Preclinical,High,BiC,,,,,Active Immunization,,Biologics,MRNAV,Internal,,SP0280_IND001,TRUE,Infectious mononucleosis,Infectious mononucleosis,Preclinical,10021914,Infectious mononucleosis,Ongoing,Vaccines,Innovation & Vaccine Value,0.14
LC81408,Research,PHARMA,GPR183 sm (LC81408),LC81408 - GPR183 sm,Ongoing,M1-M2,Regular Priority,BiC,,,,,GPR183 sm,GPR183,Synthetic,SM,Licensed,Inhibition,LC81408_IND001,TRUE,Inflammatory Bowel Disease,IBD,,10021972,Inflammatory bowel disease,Ongoing,Immuno-inflammation,Gastroenterology,
LC81095,Research,PHARMA,TNFa sm - Backup (LC81095),LC81095 - TNFa sm - Backup,Ongoing,M1-M2,Regular Priority,BiC,SAR441566,SAR441566,,,TNFa sm - Backup,TNFa sm BU,Synthetic,SM,Internal,Inhibition,LC81095_IND004,FALSE,BU1 - Second Site Binder (SSBs) - Stopped,,,,,Stopped,Immuno-inflammation,,
SAR153191,Development,PHARMA,Kevzara,SAR153191 - IL6R mAb,Ongoing,LCM,Standard,Little / Uncertain differentiation,,,sarilumab,Kevzara,IL6R mAb,IL6R,Biologics,ANT,Licensed,Inhibition,SAR153191_IND011,FALSE,Rheumatoid Arthritis - China,,,10039073,Rheumatoid arthritis,Stopped,Immuno-inflammation,,
SP0271,Development,VACCINE,PCV Next Gen Pediatric,Streptococcus pneumomiae conjugate vaccine - Next Generation - Pediatric,Ongoing,Preclinical,Very High,Little / Uncertain differentiation,,,,,Active immunization,,Biologics,GCV,Licensed,,SP0271_IND001,TRUE,Streptococcus pneumoniae disease - Pediatric,S. pneumoniae disease - Ped,Preclinical,10092606,Invasive pneumococcal disease,Ongoing,Vaccines,PMED_Pneumo Meningitis,0.4
SAR444671,Development,PHARMA,Wayrilz,SAR444671 - BTK sm,Ongoing,LCM,Medium,FiC,,,rilzabrutinib,Wayrilz,BTK sm,BTK,Synthetic,SM,Acquired,Inhibition,SAR444671_IND002,TRUE,Immune Thrombocytopenia - Adult & Ped - 10-17 years,ITP,LCM,10074667,Immune thrombocytopenic purpura,Ongoing,Rare Diseases,Immune Mediated Blood Disorders,1
LC81417,Research,PHARMA,CD19 in vivo CAR-T (CD8 targeted) (LC81417),LC81417 - CD19 in vivo CAR-T (CD8 targeted),Completed,M1-M2,High Priority,FiC,SAR447998,SAR447998,,,CD19 in vivo CAR-T (CD8 targeted),CD19 CAR-T (CD8 targeted),Biologics,NV GT,Internal,Cytotoxicity,LC81417_IND004,,Systemic Sclerosis,SSc,,10042953,Systemic sclerosis,Completed,,,
LC81366,Research,PHARMA,TMEM175 sm (LC81366),LC81366 - TMEM175 sm,Ongoing,M1-M2,High Priority,FiC,,,,,TMEM175 sm,TMEM175,Synthetic,SM,Internal,Agonism,LC81366_IND001,TRUE,Parkinson's Disease,Parkinson,,10061536,Parkinson's disease,Ongoing,Neurology,Neurodegenerative diseases,
LC80014,Research,PHARMA,PIP5K2B sm (LC80014),LC80014 - PIP5K2B sm,Ongoing,M1-M2,Regular Priority,FiC,,,,,PIP5K2B sm,PIP5K2B,Synthetic,SM,Internal,Inhibition,LC80014_IND005,,Crohn's disease,COPD,,10011401,Crohn's disease,Ongoing,,,
LC81672,Research,PHARMA,IFNAR1 x OX40L Nanobody VHH (LC81672),LC81672 - IFNAR1 x OX40L Nanobody VHH,Ongoing,M0-M1,Regular Priority,FiC,,,,,IFNAR1 x OX40L Nanobody VHH,IFNAR1xOX40L,Biologics,NBDY,Internal,Antagonism,LC81672_IND002,,Sjogren's Syndrome,Sjogren's,,10040767,Sjogren’s syndrome,Ongoing,,,
LC81337,Research,PHARMA,PSMA XPAT (LC81337),LC81337 - PSMA XPAT,Completed,M1-M2,Regular Priority,BiC,SAR446329,SAR446329,,,PSMA XPAT,PSMA XPAT,Biologics,FUP,Acquired,T cell engager,LC81337_IND001,TRUE,Serie for Bio Oncology Disco,,,,,Completed,Oncology,,
SAR650984,Development,PHARMA,Sarclisa,SAR650984 - CD38 mAb,Ongoing,LCM,Medium,BiC,,,isatuximab,Sarclisa,CD38 mAb,CD38,Biologics,ANT,Licensed,Binding,SAR650984_IND026,FALSE,Solid Tumors - Combo Atezolizumab,Solid Tumors w/Atezo,,10065252,Solid tumor,Stopped,Oncology,,
LC81211,Research,PHARMA,TFRC x Tau MTBR mAb (FAE) (LC81211),LC81211 - TFRC x Tau MTBR mAb (FAE),Ongoing,M1-M2,Regular Priority,FiC,SAR447610,SAR447610,,,TFRC x Tau MTBR mAb (FAE),TFRCxTau MTBR (FAE),Biologics,ANT,Internal,Clearing,LC81211_IND002,TRUE,Alzheimer's Disease - Backup Fab Arm Exchange,Alzheimer - BU-FAE,,10001896,Alzheimer's disease,Ongoing,Neurology,Neurodegenerative diseases,
LC81370,Research,PHARMA,CK1 sm (LC81370),LC81370 - CK1 sm,Ongoing,M1-M2,Regular Priority,FiC,,,,,CK1 sm,CK1,Synthetic,SM,Internal,Inhibition,LC81370_IND001,TRUE,Amyotrophic Lateral Sclerosis,ALS,,10002026,Amyotrophic lateral sclerosis,Ongoing,Neurology,Neurodegenerative diseases,
LC81686,Research,PHARMA,ST2 x TL1A Nanobody VHH (LC81686),LC81686 - ST2 x TL1A Nanobody VHH,Ongoing,M0-M1,Regular Priority,FiC,,,,,ST2 x TL1A Nanobody VHH,ST2xTL1A,Biologics,NBDY,Internal,Antagonism,LC81686_IND002,,Chronic Obstructive Pulmonary Disease,COPD,,10009033,Chronic obstructive pulmonary disease,Ongoing,,,
LC81423,Research,PHARMA,VEGF x AREG mAb (LC81423),LC81423 - VEGF x AREG mAb,Ongoing,M0-M1,Regular Priority,FiC,,,,,VEGF x AREG mAb,VEGFxAREG,Biologics,ANT,Internal,Blocking,LC81423_IND002,,Colorectal Cancer,CRC,,10061451,Colorectal cancer,Ongoing,,,
LC81404,Research,PHARMA,GREM1 x TGFb1/3 mAb (LC81404),LC81404 - GREM1 x TGFb1/3 mAb,Ongoing,M0-M1,Regular Priority,FiC,,,,,GREM1 x TGFb1/3 mAb,GREM1xTGFb1/3,Biologics,ANT,Internal,Inhibition,LC81404_IND003,,Liver Fibrosis,Fibrosis,,10019668,Hepatic fibrosis,Ongoing,,,
SAR448681,Development,PHARMA,TL1AxIL23p19,SAR448681 - TL1A x IL23p19 mAb,Ongoing,Preclinical,GATE,FiC,LC81659,LC81659,,,TL1A x IL23p19 mAb,TL1AxIL23p19,Biologics,ANT,Internal,Inhibition,SAR448681_IND001,TRUE,Ulcerative Colitis,UC,Preclinical,10009900,Colitis ulcerative,Ongoing,Immuno-inflammation,Gastroenterology,0.08
SP0178,Development,VACCINE,Fluzone HD / Efluelda,Influenza inactivated vaccine High Dose,Ongoing,Post-Launch,Medium,FiC,,,,Fluzone / Efluelda,Active immunization,,Biologics,IAV,Internal,,SP0178_IND001,FALSE,First Licensure - Flu QIV HD US,US,,10022000,Influenza,Completed,Vaccines,FLU,
SAR231893,Development,PHARMA,Dupixent,SAR231893 - IL4R mAb,Ongoing,LCM,High,FiC,,,dupilumab,Dupixent,IL4R mAb,IL4R,Biologics,ANT,Licensed,Inhibition,SAR231893_IND004,FALSE,Atopic Dermatitis - Ped - 6 months-5 years,AD - Ped 6m-5y,LCM,10012438,Dermatitis atopic,Completed,Immuno-inflammation,Dermatology,1
SAR445088,Development,PHARMA,riliprubart,SAR445088 - Complement C1s mAb - Active form,Ongoing,Phase 3,Standard,FiC,LC81265,LC81265,riliprubart,,Complement C1s mAb - Active form,aC1s,Biologics,ANT,Acquired,Inhibition,SAR445088_IND004,FALSE,Antibody-Mediated Rejection,AMR,Phase 2,10064683,Antibody-mediated rejection,Ongoing,Transplant,Transplant (Solid Organs),0.19
LC81317,Research,PHARMA,TFRC x aC1s mAb (LC81317),LC81317 - TFRC x aC1s mAb,Completed,M1-M2,High Priority,FiC,SAR448289,SAR448289,,,TFRC x aC1s mAb,TFRCx aC1s,Biologics,ANT,Internal,Inhibition,LC81317_IND002,,Amyotrophic Lateral Sclerosis,ALS,,10002026,Amyotrophic lateral sclerosis,Ongoing,,,
SP0289,Development,VACCINE,Flu H5 mRNA Pandemic ,Influenza H5 mRNA vaccine - Pandemic,Ongoing,Phase 2,High,Little / Uncertain differentiation,,,,,Active Immunization,,Biologics,MRNAV,Internal,,SP0289_IND001,TRUE,Flu H5 - Pandemic,Flu H5 - Pand,Phase 2,10022000,Influenza,Ongoing,Vaccines,FLU,0.42
GZ402666,Development,PHARMA,Nexviazyme,GZ402666 - GAA recombinant protein,Ongoing,LCM,Standard,BiC,,,avalglucosidase alfa,Nexviazyme,GAA recombinant protein,Neo GAA,Biologics,REC,Acquired,Enzyme replacement therapy,GZ402666_IND001,FALSE,Late Onset Pompe Disease - Adult & Ped - 3-17 years,LOPD – Adult & Ped 3-17y,LCM,10053185,Glycogen storage disease type II,Completed,Rare Diseases,Neuromuscular Diseases,1
SAR231893,Development,PHARMA,Dupixent,SAR231893 - IL4R mAb,Ongoing,LCM,High,FiC,,,dupilumab,Dupixent,IL4R mAb,IL4R,Biologics,ANT,Licensed,Inhibition,SAR231893_IND026,FALSE,Eosinophilic Gastritis with or without Eosinophilic Duodenitis,EoG/EoD,Phase 3,10017902,Gastroenteritis eosinophilic,Stopped,Immuno-inflammation,Gastroenterology,
HOE901,Development,PHARMA,Lantus/Toujeo,HOE901 - Insulin glargine,Completed,LCM,Standard,LCM project,,,,Lantus/Toujeo,Insulin glargine,Insulin glargine,Biologics,INS,Internal,Mimetism,HOE901_IND017,FALSE,Lantus - T1DM & T2DM Labeling Update,,LCM,10012594,Diabetes,Completed,DCVM,,1
GZ427051,Development,PHARMA,Thymoglobulin,GZ427051 - Anti-thymocyte globulin (rabbit),Completed,LCM,Standard,LCM project,,,,Thymoglobulin,Anti-thymocyte globulin (rabbit),Thymocyte globulin,Biologics,OTH BIO,Acquired,Modulation,GZ427051_IND002,FALSE,T1 Diabetes,T1DM,LCM,10067584,Type 1 diabetes mellitus,Completed,Transplant,,1
LC81647,Research,PHARMA,TREM1 x CD30L Nanobody VHH (LC81647),LC81647 - TREM1 x CD30L Nanobody VHH,Ongoing,M0-M1,Regular Priority,FiC,,,,,TREM1 x CD30L Nanobody VHH,TREM1xCD30L VHH,Biologics,NBDY,Internal,Antagonism,LC81647_IND004,,Rheumatoid Arthritis,RA,,10039073,Rheumatoid arthritis,Ongoing,,,
SAR650984,Development,PHARMA,Sarclisa,SAR650984 - CD38 mAb,Ongoing,LCM,Medium,BiC,,,isatuximab,Sarclisa,CD38 mAb,CD38,Biologics,ANT,Licensed,Binding,SAR650984_IND015,FALSE,RRMM/NDMM - Combo anti-BCMA,RRMM/NDMM w/BCMAd,Phase 1,10028228,Multiple myeloma,Stopped,Oncology,,
LC81095,Research,PHARMA,TNFa sm - Backup (LC81095),LC81095 - TNFa sm - Backup,Ongoing,M1-M2,Regular Priority,BiC,SAR441566,SAR441566,,,TNFa sm - Backup,TNFa sm BU,Synthetic,SM,Internal,Inhibition,LC81095_IND006,FALSE,MS1 -UCB1543921 Bicyclics - Stopped,,,,,Stopped,Immuno-inflammation,,
LC81394,Research,PHARMA,TFRC x OX1R/OX2R fusion protein (LC81394),LC81394 - TFRC x OX1R/OX2R fusion protein,Ongoing,M0-M1,Regular Priority,FiC,,,,,TFRC x OX1R/OX2R fusion protein,TFRCxOX1R/OX2R,Biologics,FUP,Internal,Agonism,LC81394_IND001,TRUE,Narcolepsy,Narcolepsy,,10028713,Narcolepsy,Ongoing,Neurology,Other,
SAR650984,Development,PHARMA,Sarclisa,SAR650984 - CD38 mAb,Ongoing,LCM,Medium,BiC,,,isatuximab,Sarclisa,CD38 mAb,CD38,Biologics,ANT,Licensed,Binding,SAR650984_IND010,FALSE,1-2L AML/ALL T&B - Mono - Ped,1-2L AML/ALL - Mono - Ped,Phase 2,10000880,Acute myeloid leukaemia,Stopped,Oncology,Other Heme Malignancies,
SAR231893,Development,PHARMA,Dupixent,SAR231893 - IL4R mAb,Ongoing,LCM,High,FiC,,,dupilumab,Dupixent,IL4R mAb,IL4R,Biologics,ANT,Licensed,Inhibition,SAR231893_IND031,FALSE,Asthma - Adult & Adolescent Q4W regimen,,,10003553,Asthma,Stopped,Immuno-inflammation,,
LC81095,Research,PHARMA,TNFa sm - Backup (LC81095),LC81095 - TNFa sm - Backup,Ongoing,M1-M2,Regular Priority,BiC,SAR441566,SAR441566,,,TNFa sm - Backup,TNFa sm BU,Synthetic,SM,Internal,Inhibition,LC81095_IND008,,Inflammatory Bowel Disease,IBD,,10021972,Inflammatory bowel disease,Ongoing,,,
LC81311,Research,PHARMA,ITK x TXK sm (LC81311),LC81311 - ITK x TXK sm,Ongoing,M1-M2,Regular Priority,FiC,SAR449598,SAR449598,,,ITK x TXK sm,ITK x TXK,Synthetic,SM,Internal,Inhibition,LC81311_IND003,,Chronic Obstructive Pulmonary Disease,COPD,,10009033,Chronic obstructive pulmonary disease,Ongoing,,,
LC81367,Research,PHARMA,IRF5 mRNA in vivo reprogrammed monocyte ( CCR2 targeted ). (LC81367),LC81367 - IRF5 mRNA in vivo reprogrammed monocyte (CCR2 targeted),Ongoing,M1-M2,High Priority,FiC,,,,,IRF5 mRNA in vivo reprogrammed monocyte ( CCR2 targeted ).,IRF5 monocyte,Biologics,NV GT,Internal,Immune stimulation,LC81367_IND001,TRUE,Lung Cancer,Lung Cancer,,10058467,Lung neoplasm malignant,Ongoing,Oncology,Lung Cancer,
LC81422,Research,PHARMA,NLRP3 sm - Next Generation (LC81422),LC81422 - NLRP3 sm - Next Generation,Ongoing,M1-M2,Regular Priority,BiC,,,,,NLRP3 sm - Next Generation,NLRP3 Next Gen,Synthetic,SM,Internal,Inhibition,LC81422_IND001,TRUE,Alzheimer's Disease,Alzheimer,,10001896,Alzheimer's disease,Ongoing,Neurology,Neurodegenerative diseases,
SP0270,Development,VACCINE,Flu Reach,Influenza inactivated vaccine - Triton removal,Ongoing,Post-Launch,High,LCM project,,,,,Active Immunization,,Biologics,IAV,Internal,,SP0270_IND001,TRUE,Flu,Flu,Initiation,10022000,Influenza,Ongoing,Vaccines,FLU,0.75
SAR342434,Development,PHARMA,Admelog/Insulin lispro Sanofi,SAR342434 - Rapid acting insulin (LISA),Completed,LCM,Standard,LCM project,,,insulin lispro,Admelog/Insulin lispro Sanofi,Rapid acting insulin (LISA),Insulin lispro,Biologics,INS,Internal,Mimetism,SAR342434_IND003,FALSE,T1 & T2 Diabetes Mellitus - Japan - Insulin Lispro Solution,,LCM,10012594,Diabetes,Completed,DCVM,,1
LC81113,Research,PHARMA,Multi KRAS sm (LC81113),LC81113 - Multi KRAS sm,Ongoing,M1-M2,Regular Priority,BiC,,,,,Multi KRAS sm,Multi KRAS,Synthetic,SM,Internal,Inhibition,LC81113_IND001,TRUE,KRAS Lung Cancer,Lung Cancer,,10058467,Lung neoplasm malignant,Ongoing,Oncology,Lung Cancer,
LC81691,Research,PHARMA,IL12v fusion protein - ITA bispecific (LC81691),LC81691 - IL12v fusion protein - ITA bispecific,Ongoing,M0-M1,Regular Priority,FiC,,,,,IL12v fusion protein - ITA bispecific,IL12v xITA,Biologics,FUP,Internal,Immune stimulation,LC81691_IND003,,Gastric Cancer,GC,,10017758,Gastric cancer,Ongoing,,,
SAR446523,Development,PHARMA,GPRC5D ADCC,SAR446523 - GPRC5D mAb - ADCC enhanced,Ongoing,Phase 1,GATE,FiC,LC81301,LC81301,,,GPRC5D mAb - ADCC enhanced,GPRC5D ADCC,Biologics,ANT,Internal,Cytotoxicity,SAR446523_IND001,TRUE,Quad-class exposed RRMM,RRMM - 4x expo,Phase 1,10086466,Relapsed/refractory multiple myeloma,Ongoing,Oncology,Multiple Myeloma,0.08
LC81691,Research,PHARMA,IL12v fusion protein - ITA bispecific (LC81691),LC81691 - IL12v fusion protein - ITA bispecific,Ongoing,M0-M1,Regular Priority,FiC,,,,,IL12v fusion protein - ITA bispecific,IL12v xITA,Biologics,FUP,Internal,Immune stimulation,LC81691_IND005,,Melanoma,Melanoma,,10025650,Malignant melanoma,Ongoing,,,
XC01157,Research,PHARMA,MAPK7 sm (XC01157),XC01157 - MAPK7 sm,Ongoing,M1-M2,High Priority,FiC,,,,,MAPK7 sm,MAPK7,Synthetic,SM,Internal,Inhibition,XC01157_IND001,FALSE,Discovery - Stopped,,,,,Stopped,Oncology,,
SAR441344,Development,PHARMA,frexalimab,SAR441344 - CD40L mAb,Ongoing,Phase 3,High,BiC,XC01129,XC01129,frexalimab,,CD40L mAb,CD40L,Biologics,ANT,Internal,Antagonism,SAR441344_IND007,FALSE,Kidney Transplant,Kidney transplant,Initiation,10057677,Transplant,Ongoing,Transplant,Transplant (Solid Organs),0.15
LC81316,Research,PHARMA,TNFR2 x IL2R Nanobody VHH (LC81316),LC81316 - TNFR2 x IL2R Nanobody VHH,Ongoing,M0-M1,Regular Priority,FiC,,,,,TNFR2 x IL2R Nanobody VHH,TNFR2xIL2R,Biologics,NBDY,Internal,Agonism,LC81316_IND003,,Type 1 Diabetes,T1DM,,10067584,Type 1 diabetes mellitus,Ongoing,,,
AVE0010-1,Development,PHARMA,Soliqua,AVE0010-1 - Combo GLP1R peptide - Insulin Glargine,Completed,LCM,Standard,Little / Uncertain differentiation,,,Insulin Glargine/Lixisenatide,Soliqua,Combo GLP1R peptide - Insulin Glargine,GLP1R x Insulin glargine,Synthetic,PEP,Licensed,Agonism,AVE0010-1_IND002,FALSE,Lixilan - T2DM - Lixilan G  Labeling Update - SC Route,,LCM,10067585,Type 2 diabetes mellitus,Completed,DCVM,,1
LC81421,Research,PHARMA,FGFR3 mAb - ADCC enhanced (LC81421),LC81421 - FGFR3 mAb - ADCC enhanced,Ongoing,M1-M2,High Priority,FiC,,,,,FGFR3 mAb - ADCC enhanced,FGFR3 ADCC,Biologics,ANT,Internal,Cytotoxicity,LC81421_IND001,TRUE,Multiple Myeloma,MM,,10028228,Multiple myeloma,Ongoing,Oncology,Multiple Myeloma,
LC81695,Research,PHARMA,CXCR3 x CCR6 sm (LC81695),LC81695 - CXCR3 x CCR6 sm,Ongoing,M0-M1,Regular Priority,FiC,,,,,CXCR3 x CCR6 sm,CXCR3xCCR6,Synthetic,SM,Licensed,Antagonism,LC81695_IND003,,Rheumatoid Arthritis,RA,,10039073,Rheumatoid arthritis,Ongoing,,,
GZ427051,Development,PHARMA,Thymoglobulin,GZ427051 - Anti-thymocyte globulin (rabbit),Completed,LCM,Standard,LCM project,,,,Thymoglobulin,Anti-thymocyte globulin (rabbit),Thymocyte globulin,Biologics,OTH BIO,Acquired,Modulation,GZ427051_IND002,TRUE,T1 Diabetes,T1DM,LCM,10067584,Type 1 diabetes mellitus,Completed,DCVM,,
SAR231893,Development,PHARMA,Dupixent,SAR231893 - IL4R mAb,Ongoing,LCM,High,FiC,,,dupilumab,Dupixent,IL4R mAb,IL4R,Biologics,ANT,Licensed,Inhibition,SAR231893_IND038,FALSE,Chronic Allergic Contact Dermatitis,,,,,Stopped,Immuno-inflammation,,
SAR236553,Development,PHARMA,Praluent,SAR236553 - Anti-PCSK-9 mAb,Completed,LCM,Standard,LCM project,,,alirocumab,Praluent,Anti-PCSK-9 mAb,PCSK9,Biologics,ANT,Licensed,Binding,SAR236553_IND004,TRUE,LDL-C reduction - Ped - 8 - 17 years,LDL-C reduc - Ped 8-17y,LCM,10020603,Hypercholesterolaemia,Completed,DCVM,Cardiovasc & Metabolism Disorders,1
SAR448710,Development,PHARMA,DUX4 RNAi AAV,SAR448710 - DUX4 RNAi AAV,Ongoing,Preclinical,GATE,FiC,LC81418,LC81418,,,DUX4 RNAi AAV,DUX4 RNAi AAV,Biologics,AAV GT,Internal,Knockdown,SAR448710_IND001,TRUE,Facioscapulohumeral Muscular Dystrophy,FSHD,Preclinical,10064087,Facioscapulohumeral muscular dystrophy,Ongoing,Rare Diseases,Neuromuscular Diseases,0.06
SAR236553,Development,PHARMA,Praluent,SAR236553 - Anti-PCSK-9 mAb,Completed,LCM,Standard,LCM project,,,alirocumab,Praluent,Anti-PCSK-9 mAb,PCSK9,Biologics,ANT,Licensed,Binding,SAR236553_IND007,FALSE,CV events reduction after ACS - US+EU+Japan,,LCM,10064939,Cardiovascular event prophylaxis,Completed,DCVM,,1
SAR439684,Development,PHARMA,Libtayo,SAR439684 - PD1 mAb,Completed,LCM,Standard,Little / Uncertain differentiation,,,cemiplimab,Libtayo,PD1 mAb,PD1,Biologics,ANT,Licensed,Inhibition,SAR439684_IND002,FALSE,CSCC Adjuvant,CSCC Adjuv,Phase 3,10041834,Squamous cell carcinoma of skin,Completed,Oncology,Melanoma,0.63
LC81222,Research,PHARMA,CTPS1 sm (LC81222),LC81222 - CTPS1 sm,Ongoing,M1-M2,Regular Priority,BiC,SAR448447,SAR448447,,,CTPS1 sm,CTPS1,Synthetic,SM,Internal,Inhibition,LC81222_IND001,TRUE,Rheumatoid Arthritis,RA,,10039073,Rheumatoid arthritis,Ongoing,Immuno-inflammation,Rheumatology,
SAR650984,Development,PHARMA,Sarclisa,SAR650984 - CD38 mAb,Ongoing,LCM,Medium,BiC,,,isatuximab,Sarclisa,CD38 mAb,CD38,Biologics,ANT,Licensed,Binding,SAR650984_IND006,FALSE,RRMM - Multi-Combo Umbrella,RRMM - Umbrella,Phase 2,10086466,Relapsed/refractory multiple myeloma,Ongoing,Oncology,Multiple Myeloma,0.5
LC81188,Research,PHARMA,IL13 x IL4 x IL17 mAb (LC81188),LC81188 - IL13 x IL4 x IL17 mAb,Completed,M1-M2,High Priority,FiC,SAR447686,SAR447686,,,IL13 x IL4 x IL17 mAb,IL13xIL4xIL17,Biologics,ANT,Internal,Blocking,LC81188_IND001,TRUE,Atopic Dermatitis,AD,,10012438,Dermatitis atopic,Completed,Immuno-inflammation,,
LC81644,Research,PHARMA,OX40L x NKG2D Nanobody VHH (LC81644),LC81644 - OX40L x NKG2D Nanobody VHH,Ongoing,M1-M2,Regular Priority,FiC,,,,,OX40L x NKG2D Nanobody VHH,OX40LxNKG2D,Biologics,NBDY,Internal,Blocking,LC81644_IND004,,Asthma,Asthma,,10003553,Asthma,Ongoing,,,
LC81331,Research,PHARMA,4-1BB x PD1 Hybrid (LC81331),LC81331 - 4-1BB x PD1 Hybrid,Completed,M1-M2,Regular Priority,FiC,SAR448337,SAR448337,,,4-1BB x PD1 Hybrid,4-1BBxPD1 Hybrid,Biologics,HYB,Internal,Agonism,LC81331_IND001,TRUE,CPI R/R Solid Tumors,CPI R/R Solid Tumors,,10065252,Solid tumor,Completed,Oncology,Other Solid Tumors,
GZ402671,Development,PHARMA,venglustat,GZ402671 - GCS sm - 2nd generation,Ongoing,Phase 3,Standard,FiC,,,venglustat,,GCS sm - 2nd generation,GCS 2nd gen,Synthetic,SM,Acquired,Inhibition,GZ402671_IND007,FALSE,GBA related Parkinson's disease (GBA-PD),GBA-PD,Phase 2,10061536,Parkinson's disease,Stopped,Neurology,,
LC80484,Research,PHARMA,NLRP3 sm (LC80484),LC80484 - NLRP3 sm,Completed,M1-M2,High Priority,BiC,SAR447387,SAR447387,,,NLRP3 sm,NLRP3,Synthetic,SM,Internal,Inhibition,LC80484_IND002,,Frontotemporal Dementia,FTD,,10068968,Frontotemporal dementia,Completed,,,
LC81263,Research,PHARMA,IL23R x IL23p19 peptide (LC81263),LC81263 - IL23R x IL23p19 peptide,Completed,M1-M2,High Priority,BiC,SAR448555,SAR448555,,,IL23R x IL23p19 peptide,IL23RxIL23p19,Synthetic,PEP,Internal,Inhibition,LC81263_IND001,TRUE,Inflammatory Bowel Disease,IBD,,10021972,Inflammatory bowel disease,Completed,Immuno-inflammation,Gastroenterology,
LC81095,Research,PHARMA,TNFa sm - Backup (LC81095),LC81095 - TNFa sm - Backup,Ongoing,M1-M2,Regular Priority,BiC,SAR441566,SAR441566,,,TNFa sm - Backup,TNFa sm BU,Synthetic,SM,Internal,Inhibition,LC81095_IND001,TRUE,Rheumatoid Arthritis,RA,,10039073,Rheumatoid arthritis,Ongoing,Immuno-inflammation,Rheumatology,
