TPP_SYS_ID,PROJECT_CODE,INDICATION_UNIQUE_CODE,TPP_SOC_CATEGORY,TPP_SOC_SUBCATEGORY,TPP_BASE_PROFILE_SOC_FOR_SUBCATEGORY,TPP_UPSIDE_PROFILE_SOC_FOR_SUBCATEGORY,TPP_MINIMALLY_MARKETABLE_PROFILE_SOC_FOR_SUBCATEGORY,TPP_COMPARATOR_PRODUCT1_NAME,TPP_COMPARATOR_PRODUCT1_SOC_FOR_SUBCATEGORY,TPP_BASE_VS_COMPARATOR_PRODUCT1_SOC_FOR_SUBCATEGORY,TPP_UPSIDE_VS_COMPARATOR_PRODUCT1_SOC_FOR_SUBCATEGORY,TPP_MINIMALLY_MARKETABLE_VS_COMPARATOR_PRODUCT1_SOC_FOR_SUBCATEGORY,TPP_COMPARATOR_PRODUCT2_NAME,TPP_COMPARATOR_PRODUCT2_SOC_FOR_SUBCATEGORY,TPP_BASE_VS_COMPARATOR_PRODUCT2_SOC_FOR_SUBCATEGORY,TPP_UPSIDE_VS_COMPARATOR_PRODUCT2_SOC_FOR_SUBCATEGORY,TPP_MINIMALLY_MARKETABLE_VS_COMPARATOR_PRODUCT2_SOC_FOR_SUBCATEGORY,TPP_COMPARATOR_PRODUCT3_NAME,TPP_COMPARATOR_PRODUCT3_SOC_FOR_SUBCATEGORY,TPP_BASE_VS_COMPARATOR_PRODUCT3_SOC_FOR_SUBCATEGORY,TPP_UPSIDE_VS_COMPARATOR_PRODUCT3_SOC_FOR_SUBCATEGORY,TPP_MINIMALLY_MARKETABLE_VS_COMPARATOR_PRODUCT3_SOC_FOR_SUBCATEGORY,TPP_STATUS,TPP_CREATED_DATE,TPP_MODIFIED_DATE
1,SAR443579,SAR443579_IND001,Expected Indication,Indication,,,,,,,,,,,,,,,,,,,Draft,2023-11-17 03:38:00.000,2023-12-13 08:43:00.000
2,SAR443579,SAR443579_IND001,"Dosing, administration & device",Route of administration,,,,,,,,,,,,,,,,,,,Draft,2023-11-17 03:38:00.000,2023-12-13 08:43:00.000
3,SAR443579,SAR443579_IND001,"Dosing, administration & device",Dosage,,,,,,,,,,,,,,,,,,,Draft,2023-11-17 03:38:00.000,2023-12-13 08:43:00.000
4,SAR443579,SAR443579_IND001,"Dosing, administration & device",Patient Population/schedule,,,,,,,,,,,,,,,,,,,Draft,2023-11-17 03:38:00.000,2023-12-13 08:43:00.000
5,SAR443579,SAR443579_IND001,"Dosing, administration & device",Primary Packaging (Device),,,,,,,,,,,,,,,,,,,Draft,2023-11-17 03:38:00.000,2023-12-13 08:43:00.000
6,SAR443579,SAR443579_IND001,Efficacy,Endpoint / Claim 1,,,,,,,,,,,,,,,,,,,Draft,2023-11-17 03:38:00.000,2023-12-13 08:43:00.000
7,SAR443579,SAR443579_IND001,Efficacy,Endpoint / Claim 2,,,,,,,,,,,,,,,,,,,Draft,2023-11-17 03:38:00.000,2023-12-13 08:43:00.000
8,SAR443579,SAR443579_IND001,Safety & Warnings,Basic Safety profile,,,,,,,,,,,,,,,,,,,Draft,2023-11-17 03:38:00.000,2023-12-13 08:43:00.000
9,SP0269,SP0269_IND001,Expected Indication,Indication,"Prevention of persistent CT infection and urogenital disease
(Please note: prevention of infection will need to be defined as prevention of a persistent infection as transient infection will occur. Persistent infection to be demonstrated via diagnostic algorithm, to be established in translational science study)","Prevention of PID and other long-term diseases related to CT (LCM)
Reduction of CT transmission in countries w/o perinatal screening (LCM)
Perinatal transmission (LCM)
Additional indication outside of urogenital*
","Prevention of CT infection and urogenital diseases 
",,,,,,,,,,,,,,,,Published,2023-12-06 14:05:00.000,2024-01-16 14:45:00.000
10,SP0269,SP0269_IND001,"Dosing, administration & device",Route of administration,"Intramuscular
",Mucosal,Intramuscular,,,,,,,,,,,,,,,,Published,2023-12-06 14:05:00.000,2024-01-16 14:45:00.000
11,SP0269,SP0269_IND001,"Dosing, administration & device",Dosage,2 doses ,"1 dose (regardless of route)
2 doses IM w/ felxible dosing",3 doses,,,,,,,,,,,,,,,,Published,2023-12-06 14:05:00.000,2024-01-16 14:45:00.000
12,SP0269,SP0269_IND001,"Dosing, administration & device",Patient Population/schedule,"9-44 yoa male & female
0,6 months","Same as base case​
Post-licensure: Women of childbearing age to prevent vertical transmission","15-29 yoa, male & female
0,2,6 months",,,,,,,,,,,,,,,,Published,2023-12-06 14:05:00.000,2024-01-16 14:45:00.000
13,SP0269,SP0269_IND001,"Dosing, administration & device",Primary Packaging (Device),"Fully liquid, prefilled syringe","same as base
(Multi-dose or mono-vial if needed in ROW)​
Mucosal applicator​
Compact box / plastic free imitative impact",2 vials (lyo+liquid for reconstitution),,,,,,,,,,,,,,,,Published,2023-12-06 14:05:00.000,2024-01-16 14:45:00.000
14,SP0269,SP0269_IND001,Efficacy,Endpoint / Claim 1,"70% (Prevention of persistent Infection) across all genital serovars
","80% (Prevention of persistent Infection) across all genital serovars
","60% (Prevention of persistent Infection) across all genital serovars 
",,,,,,,,,,,,,,,,Published,2023-12-06 14:05:00.000,2024-01-16 14:45:00.000
15,SP0269,SP0269_IND001,Efficacy,Endpoint / Claim 2,"TBD% Symptomatic urogenital disease 
 Female: vaginal discharge, intermenstrual bleeding, pain during intercourse, Urethral  syndrome (pain upon urination and frequent and urgent need to urinate), recent onset of lower abdominal pain   
 Male: urethral discharge & discomfort, dysuria, epididymal pain and swelling, urogenital tenderness
","TBD% Symptomatic urogenital disease 
","TBD% Symptomatic urogenital disease (TBD whether required for minimum case)
",,,,,,,,,,,,,,,,Published,2023-12-06 14:05:00.000,2024-01-16 14:45:00.000
16,SP0269,SP0269_IND001,Safety & Warnings,Basic Safety profile,"Similar safety profile to licensed vaccines in this age group (i.e., HPV, Meningitis) 
","Lower reactogenicity than competitor  product
Safety in women of childbearing age
","Similar safety profile to licensed vaccines in this age group (same as base case)
",,,,,,,,,,,,,,,,Published,2023-12-06 14:05:00.000,2024-01-16 14:45:00.000
17,SP0269,,Expected Indication,Indication,,,,,,,,,,,,,,,,,,,Published,2023-12-06 14:25:00.000,2023-12-06 14:25:00.000
18,SP0269,,"Dosing, administration & device",Route of administration,,,,,,,,,,,,,,,,,,,Published,2023-12-06 14:25:00.000,2023-12-06 14:25:00.000
19,SP0269,,"Dosing, administration & device",Dosage,,,,,,,,,,,,,,,,,,,Published,2023-12-06 14:25:00.000,2023-12-06 14:25:00.000
20,SP0269,,"Dosing, administration & device",Patient Population/schedule,,,,,,,,,,,,,,,,,,,Published,2023-12-06 14:25:00.000,2023-12-06 14:25:00.000
21,SP0269,,"Dosing, administration & device",Primary Packaging (Device),,,,,,,,,,,,,,,,,,,Published,2023-12-06 14:25:00.000,2023-12-06 14:25:00.000
22,SP0269,,Efficacy,Endpoint / Claim 1,,,,,,,,,,,,,,,,,,,Published,2023-12-06 14:25:00.000,2023-12-06 14:25:00.000
23,SP0269,,Efficacy,Endpoint / Claim 2,,,,,,,,,,,,,,,,,,,Published,2023-12-06 14:25:00.000,2023-12-06 14:25:00.000
24,SP0269,,Safety & Warnings,Basic Safety profile,,,,,,,,,,,,,,,,,,,Published,2023-12-06 14:25:00.000,2023-12-06 14:25:00.000
25,SP0047,SP0047_IND005,Expected Indication,Indication,"Active immunization of individuals for prevention of
invasive meningococcal disease caused by N. 
meningitidis serogroups ACWY
Primary target:
• 3 months - 6 years
• 7-17 years (additional protection)
Upside target:
• 6 weeks – 6 years
• 7-17 years (additional protection)
• Adult and elderly (by bridging global data)",,,,,Equivalent,,,,,,,,,,,,,Draft,2023-12-07 17:13:00.000,2023-12-07 17:19:00.000
26,SP0047,SP0047_IND005,"Dosing, administration & device",Dosage,"MenQuadfi will focus on the private market in China. 
Given the diversity of schedules among China domestic 
meninge vaccines covered serogroup A+C, the general 
rule is to have at least 4 doses by age 6 years 
(required for school entry, also reflected in CDC’s KPIs)",,,,,,,,,,,,,,,,,,Draft,2023-12-07 17:15:00.000,2023-12-07 17:16:00.000
27,SP0047,SP0047_IND005,"Dosing, administration & device",Patient Population/schedule,"MenQuadfi will focus on the private market in China. 
Given the diversity of schedules among China domestic 
meninge vaccines covered serogroup A+C, the general 
rule is to have at least 4 doses by age 6 years 
(required for school entry, also reflected in CDC’s KPIs)

A) Primary target
3 or 2 doses up to 1 year:
• 3 doses, 3 - 5 months, (1 month interval)
1
• 2 doses, 6 - 11 months (1 month interval)
Another 2 doses between 1 to 6 years:
• 1 dose, 12 – 23 months
• 1 dose, 2 - 6 years
B) Adolescent target
• 1 dose, 7 -17 years",,,,,Equivalent,,,,,,,,,,,,,Draft,2023-12-07 17:15:00.000,2023-12-07 17:19:00.000
28,SP0047,SP0047_IND005,"Dosing, administration & device",Route of administration, Intra-muscular,,,,,Equivalent,,,,,,,,,,,,,Draft,2023-12-07 17:15:00.000,2023-12-07 17:19:00.000
29,SP0047,SP0047_IND005,Efficacy,Endpoint / Claim 1,"3 months to 17 years
Non-inferior immune response vs local comparator for 
serogroups A and C. 
Active (Men AC conj.) 
Sufficiency for serogroups W and Y",,,,,Slightly Better,,,,,,,,,,,,,Draft,2023-12-07 17:18:00.000,2023-12-07 17:19:00.000
30,SP0047,SP0047_IND005,Safety & Warnings,Basic Safety profile,verse Effects – Target claim: Safe and well-tolerated; Safety comparable to that of active controls.,,,,,Equivalent,,,,,,,,,,,,,Draft,2023-12-07 17:19:00.000,2023-12-07 17:19:00.000
31,SP0047,SP0047_IND002,Expected Indication,Indication,,,,,,,,,,,,,,,,,,,Draft,2023-12-07 17:22:00.000,2023-12-07 17:31:00.000
32,SP0047,SP0047_IND002,"Dosing, administration & device",Route of administration,,,,,,,,,,,,,,,,,,,Draft,2023-12-07 17:22:00.000,2023-12-07 17:31:00.000
33,SP0047,SP0047_IND002,"Dosing, administration & device",Dosage,,,,,,,,,,,,,,,,,,,Draft,2023-12-07 17:22:00.000,2023-12-07 17:31:00.000
34,SP0047,SP0047_IND002,"Dosing, administration & device",Patient Population/schedule,,,,,,,,,,,,,,,,,,,Draft,2023-12-07 17:22:00.000,2023-12-07 17:31:00.000
35,SP0047,SP0047_IND002,"Dosing, administration & device",Primary Packaging (Device),,,,,,,,,,,,,,,,,,,Draft,2023-12-07 17:22:00.000,2023-12-07 17:31:00.000
36,SP0047,SP0047_IND002,Efficacy,Endpoint / Claim 1,,,,,,,,,,,,,,,,,,,Draft,2023-12-07 17:22:00.000,2023-12-07 17:31:00.000
37,SP0047,SP0047_IND002,Efficacy,Endpoint / Claim 2,,,,,,,,,,,,,,,,,,,Draft,2023-12-07 17:22:00.000,2023-12-07 17:31:00.000
38,SP0047,SP0047_IND002,Safety & Warnings,Basic Safety profile,,,,,,,,,,,,,,,,,,,Draft,2023-12-07 17:22:00.000,2023-12-07 17:31:00.000
39,SP0047,SP0047_IND002,Expected Indication,Indication,"Active immunization of individuals 6 weeks of age and older for prevention of invasive meningococcal disease caused by N. meningitidis serogroups A, C, W, and Y*",,,,,Slightly Better,,,,,,,,,,,,,Published,2023-12-07 17:30:00.000,2024-01-10 11:33:00.000
40,SP0047,SP0047_IND002,"Dosing, administration & device",Route of administration,Intra-Muscular,,,,,Slightly Better,,,,,,,,,,,,,Published,2023-12-07 17:30:00.000,2024-01-10 11:33:00.000
41,SP0047,SP0047_IND002,"Dosing, administration & device",Dosage,"Each dose contains: 10μg of each serogroup A, C, W, and Y polysaccharide conjugated to tetanus toxoid (approx. 55ug). ",,,,,Slightly Better,,,,,,,,,,,,,Published,2023-12-07 17:30:00.000,2024-01-10 11:33:00.000
42,SP0047,SP0047_IND002,"Dosing, administration & device",Primary Packaging (Device),Liquid formulation in unit-dose vial or prefilled syringe,,,,,Slightly Better,,,,,,,,,,,,,Published,2023-12-07 17:30:00.000,2024-01-10 11:33:00.000
43,SP0047,SP0047_IND002,"Dosing, administration & device",Patient Population/schedule,1-2-3 doses up to 1 y (+1 dose toddler age ) and 1 dose in all age groups after 1 year; Booster indication 4 yrs+ after MCV4cj ( US- adolescent). Co-administration with routine vaccines ,,,,,Slightly Better,,,,,,,,,,,,,Published,2023-12-07 17:30:00.000,2024-01-10 11:33:00.000
44,SP0047,SP0047_IND002,Efficacy,Endpoint / Claim 1,"Non-inferiority to Nimenrix (<12months,12-23 months) and Menveo (<12months, 2-9yrs and adolescents); Menactra (infants, 10-55yr), Menomune >55yr, for Men C, A, W, Y",,,,,Equivalent,,,,,,,,,,,,,Published,2023-12-07 17:30:00.000,2024-01-10 11:33:00.000
45,SP0047,SP0047_IND002,Efficacy,Endpoint / Claim 2,"Non-inferiority to Nimenrix for one-dose toddler indication (EU & Int’l only)
MenC titres: Base case - Superiority to Nimenrix* and MCC TT",,,,,Equivalent,,,,,,,,,,,,,Published,2023-12-07 17:30:00.000,2024-01-10 11:33:00.000
46,SP0047,SP0047_IND002,Safety & Warnings,Basic Safety profile,Adverse Effects – Target claim: Safe and well- tolerated;  Safety comparable to that of active controls. Interactions:  No statistically significant interactions with key vaccines for each target,,,,,Equivalent,,,,,,,,,,,,,Published,2023-12-07 17:30:00.000,2024-01-10 11:33:00.000
47,XC01152,XC01152_IND001,Expected Indication,Indication,"Adults with Multiple Myeloma
FIC donor derived allogeneic CD38 Knockout NK cells
","AML in RR, NHL
",,,,,,,,,,,,,,,,,Draft,2023-12-11 11:16:00.000,2024-01-23 05:39:00.000
48,XC01152,XC01152_IND001,"Dosing, administration & device",Route of administration,intravenous infusions ,,,,,,,,,,,,,,,,,,Draft,2023-12-11 11:16:00.000,2024-01-23 05:39:00.000
49,XC01152,XC01152_IND001,"Dosing, administration & device",Dosage,"6 administrations
dose 1x109 and 3x109 , 3 to 6 patients/cohort",,,,,,,,,,,,,,,,,,Draft,2023-12-11 11:16:00.000,2024-01-23 05:39:00.000
50,XC01152,XC01152_IND001,"Dosing, administration & device",Patient Population/schedule,,,,,,,,,,,,,,,,,,,Draft,2023-12-11 11:16:00.000,2024-01-23 05:39:00.000
51,XC01152,XC01152_IND001,"Dosing, administration & device",Primary Packaging (Device),,,,,,,,,,,,,,,,,,,Draft,2023-12-11 11:16:00.000,2024-01-23 05:39:00.000
52,XC01152,XC01152_IND001,Efficacy,Endpoint / Claim 1,"aBCMA refractory : ORR : 60%, mPFS : HR 0.7 vs 8 months (benchmark talquetamab phase 1, reduced by 10% due to population and lower PFS
RRMM 1-3 prior lines : conversion to MRD negativity (30% to 45%) , PFS HR 0.7 vs 22 months 
RRMM 2-3 prior lines High Risk: IA : CR MRD 12 months , mPFS HR 0.8 vs 15 months (better than RWE composite of Abecma+Carvykti)
RRMM 2-3 prior lines Standard Risk: mPFS Hazard Ratio 0.8 vs 20 months (better than RWE composite of Abecma+Carvykti)
HR: NDMM NTE MRD positive : TBD pending IMROZ results, IA MRD, final analysis: PFS",,,,,,,,,,,,,,,,,,Draft,2023-12-11 11:16:00.000,2024-01-23 05:39:00.000
53,XC01152,XC01152_IND001,Efficacy,Endpoint / Claim 2,,,,,,,,,,,,,,,,,,,Draft,2023-12-11 11:16:00.000,2024-01-23 05:39:00.000
54,XC01152,XC01152_IND001,Safety & Warnings,Basic Safety profile,"Lower infection risk (reduced conditioning)
Lower risk of CRS (targeted <10%)
Reduced hospitalisation (RRMM)
",,,,,,,,,,,,,,,,,,Draft,2023-12-11 11:16:00.000,2024-01-18 11:28:00.000
55,SAR442501,SAR442501_IND001,Expected Indication,Indication,,,,,,,,,,,,,,,,,,,Draft,2023-12-12 06:01:00.000,2024-01-26 07:56:00.000
56,SAR442501,SAR442501_IND001,"Dosing, administration & device",Route of administration,,,,,,,,,,,,,,,,,,,Draft,2023-12-12 06:01:00.000,2024-01-26 07:56:00.000
57,SAR442501,SAR442501_IND001,"Dosing, administration & device",Dosage,,,,,,,,,,,,,,,,,,,Draft,2023-12-12 06:01:00.000,2024-01-26 07:56:00.000
58,SAR442501,SAR442501_IND001,"Dosing, administration & device",Patient Population/schedule,,,,,,,,,,,,,,,,,,,Draft,2023-12-12 06:01:00.000,2024-01-26 07:56:00.000
59,SAR442501,SAR442501_IND001,"Dosing, administration & device",Primary Packaging (Device),,,,,,,,,,,,,,,,,,,Draft,2023-12-12 06:01:00.000,2024-01-26 07:56:00.000
60,SAR442501,SAR442501_IND001,Efficacy,Endpoint / Claim 1,,,,,,,,,,,,,,,,,,,Draft,2023-12-12 06:01:00.000,2024-01-26 07:56:00.000
61,SAR442501,SAR442501_IND001,Efficacy,Endpoint / Claim 2,,,,,,,,,,,,,,,,,,,Draft,2023-12-12 06:01:00.000,2024-01-26 07:56:00.000
62,SAR442501,SAR442501_IND001,Safety & Warnings,Basic Safety profile,,,,,,,,,,,,,,,,,,,Draft,2023-12-12 06:01:00.000,2024-01-26 07:56:00.000
63,SAR443579,SAR443579_IND001,Expected Indication,Indication,"Relapsed or refractory acute myeloid leukemia 
",,,,,Better,,,,,,,,,,,,,Published,2023-12-13 07:59:00.000,2024-05-05 05:37:00.000
64,SAR443579,SAR443579_IND001,"Dosing, administration & device",Route of administration,"IV

",,,,,Slightly Better,,,,,,,,,,,,,Published,2023-12-13 07:59:00.000,2024-05-05 05:37:00.000
65,SAR443579,SAR443579_IND001,Efficacy,Endpoint / Claim 1,"CR+Cri (mDoR): 40% (5 mo)
4-month EFS: 37%
mOS: 9.4 mo (HR = 0.65)

",,,,,Better,,,,,,,,,,,,,Published,2023-12-13 07:59:00.000,2024-05-05 05:37:00.000
66,SAR443579,SAR443579_IND001,Efficacy,Endpoint / Claim 2,"•Transfusion Dependent to Independent: 40%
•% pts undergo transplant: 29.5% (45.8%<60, 20.2%≥60)
•30/60-Day Mortality: 2%/7%
•PROs:
Improvement of disease symptoms (fatigue, possibly anxiety) and overall QoL
Improved tolerability compared to chemo
[E.g., PROs, transfusion dependence, neutrophil counts, lymphocyte counts, MRD, long term survival expectations]",,,,,Better,,,,,,,,,,,,,Published,2023-12-13 07:59:00.000,2024-05-05 05:37:00.000
67,SAR443579,SAR443579_IND001,Safety & Warnings,Basic Safety profile,"Anticipated safety profile: TRAEs: Infusion reactions (most ≤GR2), limited cytokine release (no GR3, ≤20% GR1/2)
Non-TRAEs: myelosuppression, tumor lysis syndrome (TBC, prior chemo effect), immune effector cell associated neurotoxicity (no reports to date)
",,,,,Better,,,,,,,,,,,,,Published,2023-12-13 07:59:00.000,2024-05-05 05:37:00.000
68,SAR443579,SAR443579_IND001,"Dosing, administration & device",Dosage,"QW 1mg in 28-day cycles, for 3 cycles followed by Q4W for maintenance
Companion diagnostic: may not be necessary given high expression of CD123 (75-89%). Confirmation pending further clinical data",,,,,Slightly Better,,,,,,,,,,,,,Published,2023-12-13 07:59:00.000,2024-05-05 05:37:00.000
69,SAR443579,SAR443579_IND001,"Dosing, administration & device",Primary Packaging (Device),vial,,,,,Slightly Better,,,,,,,,,,,,,Published,2023-12-13 07:59:00.000,2024-05-05 05:37:00.000
70,SAR443579,SAR443579_IND001,"Dosing, administration & device",Patient Population/schedule,"Adult patients with relapsed or refractory acute myeloid leukemia to at least 1 prior therapy 
",,,,,Slightly Better,,,,,,,,,,,,,Published,2023-12-13 07:59:00.000,2024-05-05 05:37:00.000
71,SAR443579,SAR443579_IND002,Expected Indication,Indication,"In combination with azacytidine and venetoclax for the treatment of newly diagnosed acute myeloid leukemia (AML) in adults 75 years or older, or who have comorbidities that preclude use of intensive induction chemotherapy",,,,,Equivalent,,,,,,,,,,,,,Draft,2023-12-13 08:57:00.000,2023-12-20 10:32:00.000
72,SAR443579,SAR443579_IND002,"Dosing, administration & device",Route of administration,"IV/SC + PO (venetoclax)
",,,,,Equivalent,,,,,,,,,,,,,Draft,2023-12-13 08:57:00.000,2023-12-20 10:32:00.000
73,SAR443579,SAR443579_IND002,"Dosing, administration & device",Dosage,"QW for SAR443579 + aza/ven regimen to the right
",,,,,Equivalent,,,,,,,,,,,,,Draft,2023-12-13 08:57:00.000,2023-12-20 10:32:00.000
74,SAR443579,SAR443579_IND002,"Dosing, administration & device",Patient Population/schedule,"Newly diagnosed acute myeloid leukemia (AML) in adults 75 years or older, or who have comorbidities that preclude use of intensive induction chemotherapy",,,,,Equivalent,,,,,,,,,,,,,Draft,2023-12-13 08:57:00.000,2023-12-20 10:32:00.000
75,SAR443579,SAR443579_IND002,"Dosing, administration & device",Primary Packaging (Device),"Vial
Device: TBD (autoinjector or ENABLE targeted)
",,,,,Equivalent,,,,,,,,,,,,,Draft,2023-12-13 08:57:00.000,2023-12-20 10:32:00.000
76,SAR443579,SAR443579_IND002,Efficacy,Endpoint / Claim 1,"OS: 30% risk reduction (HR = 0.7, corresponding mOS = 21.0m)
",,,,,Better,,,,,,,,,,,,,Draft,2023-12-13 08:57:00.000,2023-12-20 10:32:00.000
77,SAR443579,SAR443579_IND002,Efficacy,Endpoint / Claim 2,"EFS: 35% risk reduction (HR = 0.65, corresponding mEFS = 15.1m)
CR+CRi* (mDoR): 75% (HR = 0.7, 24.4)
*Use CRh rather than CRi, if toxicity profile supports it",,,,,Better,,,,,,,,,,,,,Draft,2023-12-13 08:57:00.000,2023-12-20 10:32:00.000
78,SAR443579,SAR443579_IND002,Safety & Warnings,Basic Safety profile,"Infusion reactions, cytokine release manifestations (anticipated to be lower in incidence & severity than those induced by TCE), immune-mediated cytopenias, tumor lysis syndrome.",,,,,Equivalent,,,,,,,,,,,,,Draft,2023-12-13 08:57:00.000,2023-12-20 10:32:00.000
79,SAR442501,,Expected Indication,Indication,,,,,,,,,,,,,,,,,,,Draft,2024-01-18 11:37:00.000,2024-01-18 11:37:00.000
80,SAR442501,,"Dosing, administration & device",Route of administration,,,,,,,,,,,,,,,,,,,Draft,2024-01-18 11:37:00.000,2024-01-18 11:37:00.000
81,SAR442501,,"Dosing, administration & device",Dosage,,,,,,,,,,,,,,,,,,,Draft,2024-01-18 11:37:00.000,2024-01-18 11:37:00.000
82,SAR442501,,"Dosing, administration & device",Patient Population/schedule,,,,,,,,,,,,,,,,,,,Draft,2024-01-18 11:37:00.000,2024-01-18 11:37:00.000
83,SAR442501,,"Dosing, administration & device",Primary Packaging (Device),,,,,,,,,,,,,,,,,,,Draft,2024-01-18 11:37:00.000,2024-01-18 11:37:00.000
84,SAR442501,,Efficacy,Endpoint / Claim 1,,,,,,,,,,,,,,,,,,,Draft,2024-01-18 11:37:00.000,2024-01-18 11:37:00.000
85,SAR442501,,Efficacy,Endpoint / Claim 2,,,,,,,,,,,,,,,,,,,Draft,2024-01-18 11:37:00.000,2024-01-18 11:37:00.000
86,SAR442501,,Safety & Warnings,Basic Safety profile,,,,,,,,,,,,,,,,,,,Draft,2024-01-18 11:37:00.000,2024-01-18 11:37:00.000
87,SAR444656,SAR444656_IND003,Expected Indication,Indication,The treatment of moderate to severe hidradenitis suppurativa in adults,,,,,Slightly Worse,,,,,,,,,,,,,Published,2024-01-23 06:06:00.000,2024-05-23 06:35:00.000
88,SAR444656,SAR444656_IND003,"Dosing, administration & device",Route of administration,Oral,,,,,Better,,,,,,,,,,,,,Published,2024-01-23 06:06:00.000,2024-05-23 06:35:00.000
89,SAR444656,SAR444656_IND003,"Dosing, administration & device",Patient Population/schedule,QD,,,,,Better,,,,,,,,,,,,,Published,2024-01-23 06:06:00.000,2024-05-23 06:35:00.000
90,SAR444656,SAR444656_IND003,Efficacy,Endpoint / Claim 1,"At week 16:

HS-ABX 
HiSCR50: 60%+ vs. 30% (Δ30%)
HiSCR75: 40%+ vs. 15% (Δ25%)

For ALL-ABX, decrease efficacy Δ by ~5 points (for definitions, see bimekizumab column). 

Durability of response: similar to or better than IL17

Secondary end points:
Reduction of abscesses & inflammatory nodules
Reduction in pain
Improvement of anxiety and depression
Reduction in flares
QOL benefit (eg DLQI, EQ-5D..)",,,,,Slightly Better,,,,,,,,,,,,,Published,2024-01-23 06:06:00.000,2024-05-23 06:35:00.000
91,SAR444656,SAR444656_IND003,Safety & Warnings,Basic Safety profile,"No boxed warning
No lab abnormalities
QTc monitoring may be needed at BL
Potential QTc prolongation text (position in label TBD):
Prolongation of the QT interval has been reported in healthy volunteers administered SAR444656 at daily doses between 25-200 mg. Avoid use in patients with known prolongation and with drugs that prolong the QT interval.",,,,,Slightly Better,,,,,,,,,,,,,Published,2024-01-23 06:06:00.000,2024-05-23 06:35:00.000
92,SAR444656,SAR444656_IND003,"Dosing, administration & device",Dosage,TBD,,,,,Better,,,,,,,,,,,,,Published,2024-01-23 06:08:00.000,2024-05-23 06:35:00.000
93,SAR444656,SAR444656_IND001,Expected Indication,Indication,,,,,,,,,,,,,,,,,,,Draft,2024-01-23 06:11:00.000,2024-01-23 06:16:00.000
94,SAR444656,SAR444656_IND001,"Dosing, administration & device",Route of administration,,,,,,,,,,,,,,,,,,,Draft,2024-01-23 06:11:00.000,2024-01-23 06:17:00.000
95,SAR444656,SAR444656_IND001,"Dosing, administration & device",Dosage,,,,,,,,,,,,,,,,,,,Draft,2024-01-23 06:11:00.000,2024-01-23 06:16:00.000
96,SAR444656,SAR444656_IND001,"Dosing, administration & device",Patient Population/schedule,,,,,,,,,,,,,,,,,,,Draft,2024-01-23 06:11:00.000,2024-01-23 06:17:00.000
97,SAR444656,SAR444656_IND001,"Dosing, administration & device",Primary Packaging (Device),,,,,,,,,,,,,,,,,,,Draft,2024-01-23 06:11:00.000,2024-01-23 06:17:00.000
98,SAR444656,SAR444656_IND001,Efficacy,Endpoint / Claim 1,,,,,,,,,,,,,,,,,,,Draft,2024-01-23 06:11:00.000,2024-01-23 06:17:00.000
99,SAR444656,SAR444656_IND001,Efficacy,Endpoint / Claim 2,,,,,,,,,,,,,,,,,,,Draft,2024-01-23 06:11:00.000,2024-01-23 06:17:00.000
100,SAR444656,SAR444656_IND001,Safety & Warnings,Basic Safety profile,,,,,,,,,,,,,,,,,,,Draft,2024-01-23 06:11:00.000,2024-01-23 06:17:00.000
101,SAR444656,SAR444656_IND001,Expected Indication,Indication,Treatment of patients 12 years and older  with moderate-to-severe atopic dermatitis whose disease is not adequately controlled with topical prescription therapies or when those therapies are not advisable. ,,,,,Slightly Worse,,,,,,,,,,,,,Published,2024-01-23 06:17:00.000,2024-05-23 06:36:00.000
102,SAR444656,SAR444656_IND001,"Dosing, administration & device",Route of administration,Oral,,,,,Slightly Better,,,,,,,,,,,,,Published,2024-01-23 06:17:00.000,2024-05-23 06:36:00.000
103,SAR444656,SAR444656_IND001,"Dosing, administration & device",Dosage,TBD,,,,,Slightly Better,,,,,,,,,,,,,Published,2024-01-23 06:17:00.000,2024-05-23 06:36:00.000
104,SAR444656,SAR444656_IND001,"Dosing, administration & device",Patient Population/schedule,QD,,,,,Slightly Better,,,,,,,,,,,,,Published,2024-01-23 06:17:00.000,2024-05-23 06:36:00.000
105,SAR444656,SAR444656_IND001,Efficacy,Endpoint / Claim 1,"IRAK4 (pbo adj) at week 16 in monotherapy

IGA:  30%
EASI-90:  30%
EASI-75:  40%
NRS>4:  30%

Other measures at week 16: better than or no worse than SoC at the time of launch
EASI-100 (%) / % Pruritus NRS ≥4  / % DLQI ≥4 / % POEM ≥4 /ADCT ",,,,,Equivalent,,,,,,,,,,,,,Published,2024-01-23 06:17:00.000,2024-05-23 06:36:00.000
106,SAR444656,SAR444656_IND001,Safety & Warnings,Basic Safety profile,"No boxed warning
Warnings and precautions for mild and transient QTc prolongation
No monitoring requirement",,,,,Equivalent,,,,,,,,,,,,,Published,2024-01-23 06:17:00.000,2024-05-23 06:36:00.000
107,SAR444656,SAR444656_IND001,"Dosing, administration & device",Primary Packaging (Device),,,,,,Slightly Better,,,,,,,,,,,,,Published,2024-01-23 06:18:00.000,2024-05-23 06:36:00.000
108,SAR444656,SAR444656_IND001,Efficacy,Endpoint / Claim 2,,,,,,Equivalent,,,,,,,,,,,,,Published,2024-01-23 06:18:00.000,2024-05-23 06:36:00.000
109,SAR444656,SAR444656_IND003,"Dosing, administration & device",Primary Packaging (Device),,,,,,Better,,,,,,,,,,,,,Published,2024-01-23 06:25:00.000,2024-05-23 06:35:00.000
110,SAR444656,SAR444656_IND003,Efficacy,Endpoint / Claim 2,,,,,,Slightly Better,,,,,,,,,,,,,Published,2024-01-23 06:25:00.000,2024-05-23 06:35:00.000
111,SAR442501,SAR442501_IND001,Expected Indication,Indication,"For the treatment of patients with achondroplasia with unfused growth plates (typically <18 y.o.)
",,,,,Equivalent,,,,,,,,,,,,,Published,2024-01-26 07:54:00.000,2024-05-05 05:44:00.000
112,SAR442501,SAR442501_IND001,"Dosing, administration & device",Route of administration,"SC twice weekly dosing by autoinjector for home administration
 ",,,,,Better,,,,,,,,,,,,,Published,2024-01-26 07:54:00.000,2024-05-05 05:44:00.000
113,SAR442501,SAR442501_IND001,"Dosing, administration & device",Dosage,twice weekly,,,,,Better,,,,,,,,,,,,,Published,2024-01-26 07:54:00.000,2024-05-05 05:44:00.000
114,SAR442501,SAR442501_IND001,Efficacy,Endpoint / Claim 1,"Age
0-<3 years
Primary: Increase in mean Annual growth velocity (AGV)

Age 
≥3 to <12
Years
Primary:
≥3 to <5 y.o +1 cm/year after 12 months of treatment>5 to <12 y.o. +3 cm/year at the first 6-month of treatment

Age
≥12 to <18
Years
Primary: Increase in mean AGV ≥ +2.1 cm/year after 12 months of treatment


",,,,,Better,,,,,,,,,,,,,Published,2024-01-26 07:54:00.000,2024-05-05 05:44:00.000
115,SAR442501,SAR442501_IND001,Efficacy,Endpoint / Claim 2,"Age
0-<3 years
Secondary: 
Increase in foramen magnum surface area (will be studied in patients up until age 5)
Improvement in body proportionality, Change in z score height, reduction in surgical events

Age 
≥3 to <12
Years
Secondary: Improvement in body proportionality, reduction in surgical events (sec endpoints to be confirmed and ranked with patient preference study)

Age
≥12 to <18
Years
Secondary: Improvement in body proportionality, reduction in surgical events (sec endpoints to be confirmed and ranked with patient preference study)


",,,,,Better,,,,,,,,,,,,,Published,2024-01-26 07:54:00.000,2024-05-05 05:44:00.000
116,SAR442501,SAR442501_IND001,Safety & Warnings,Basic Safety profile,"AGV is +1.08 cm/yr based on Ph3 (>11 to 15 y.o.)
",,,,,Slightly Better,,,,,,,,,,,,,Published,2024-01-26 07:55:00.000,2024-05-05 05:44:00.000
117,LC81328,LC81328_IND001,Expected Indication,Indication,"patients with relapse/refractory multiple myeloma (RRMM) post IMID, PI and anti-CD38 (post-Dara/Isa), anti-BCMA (CAR-T/TCE) in a setting of T-cell exhaustion and possible target loss ",,,,,,,,,,,,,,,,,,Published,2024-04-04 03:50:00.000,2024-04-04 03:51:00.000
118,LC81328,LC81328_IND001,"Dosing, administration & device",Route of administration,"SC injection as fastest path to reach clinical PoC
",,,,,,,,,,,,,,,,,,Published,2024-04-04 03:50:00.000,2024-04-04 03:51:00.000
119,LC81328,LC81328_IND001,"Dosing, administration & device",Dosage,"Dose TBD
",,,,,,,,,,,,,,,,,,Published,2024-04-04 03:50:00.000,2024-04-04 03:51:00.000
120,LC81328,LC81328_IND001,"Dosing, administration & device",Patient Population/schedule,,,,,,,,,,,,,,,,,,,Published,2024-04-04 03:50:00.000,2024-04-04 03:51:00.000
121,LC81328,LC81328_IND001,"Dosing, administration & device",Primary Packaging (Device),,,,,,,,,,,,,,,,,,,Published,2024-04-04 03:50:00.000,2024-04-04 03:51:00.000
122,LC81328,LC81328_IND001,Efficacy,Endpoint / Claim 1,,,,,,,,,,,,,,,,,,,Published,2024-04-04 03:50:00.000,2024-04-04 03:51:00.000
123,LC81328,LC81328_IND001,Efficacy,Endpoint / Claim 2,,,,,,,,,,,,,,,,,,,Published,2024-04-04 03:50:00.000,2024-04-04 03:51:00.000
124,LC81328,LC81328_IND001,Safety & Warnings,Basic Safety profile,"Better safety profile than T-cell mediated therapy demonstrated in other internal projects (no CRS, neurotox)",,,,,,,,,,,,,,,,,,Published,2024-04-04 03:50:00.000,2024-04-04 03:51:00.000
125,SAR442501,SAR442501_IND001,"Dosing, administration & device",Patient Population/schedule,,,,,,Better,,,,,,,,,,,,,Published,2024-05-05 05:44:00.000,2024-05-05 05:44:00.000
126,SAR442501,SAR442501_IND001,"Dosing, administration & device",Primary Packaging (Device),,,,,,Better,,,,,,,,,,,,,Published,2024-05-05 05:44:00.000,2024-05-05 05:44:00.000
127,LC81405,LC81405_IND001,Expected Indication,Indication,,,,,,,,,,,,,,,,,,,Draft,2024-06-13 07:44:00.000,2024-06-13 07:44:00.000
128,LC81405,LC81405_IND001,"Dosing, administration & device",Route of administration,,,,,,,,,,,,,,,,,,,Draft,2024-06-13 07:44:00.000,2024-06-13 07:44:00.000
129,LC81405,LC81405_IND001,"Dosing, administration & device",Dosage,,,,,,,,,,,,,,,,,,,Draft,2024-06-13 07:44:00.000,2024-06-13 07:44:00.000
130,LC81405,LC81405_IND001,"Dosing, administration & device",Patient Population/schedule,,,,,,,,,,,,,,,,,,,Draft,2024-06-13 07:44:00.000,2024-06-13 07:44:00.000
131,LC81405,LC81405_IND001,"Dosing, administration & device",Primary Packaging (Device),,,,,,,,,,,,,,,,,,,Draft,2024-06-13 07:44:00.000,2024-06-13 07:44:00.000
132,LC81405,LC81405_IND001,Efficacy,Endpoint / Claim 1,,,,,,,,,,,,,,,,,,,Draft,2024-06-13 07:44:00.000,2024-06-13 07:44:00.000
133,LC81405,LC81405_IND001,Efficacy,Endpoint / Claim 2,,,,,,,,,,,,,,,,,,,Draft,2024-06-13 07:44:00.000,2024-06-13 07:44:00.000
134,LC81405,LC81405_IND001,Safety & Warnings,Basic Safety profile,,,,,,,,,,,,,,,,,,,Draft,2024-06-13 07:44:00.000,2024-06-13 07:44:00.000
135,SAR444656,SAR444656_IND001,Expected Indication,Indication,Treatment of patients 12 years and older  with moderate-to-severe atopic dermatitis whose disease is not adequately controlled with topical prescription therapies or when those therapies are not advisable. ,,,,,Slightly Worse,,,,,,,,,,,,,Publish,2024-07-30 10:56:00.000,2024-07-30 10:56:00.000
136,SAR444656,SAR444656_IND001,"Dosing, administration & device",Route of administration,Oral,,,,,Slightly Better,,,,,,,,,,,,,Publish,2024-07-30 10:56:00.000,2024-07-30 10:56:00.000
137,SAR444656,SAR444656_IND001,"Dosing, administration & device",Dosage,TBD,,,,,Slightly Better,,,,,,,,,,,,,Publish,2024-07-30 10:56:00.000,2024-07-30 10:56:00.000
138,SAR444656,SAR444656_IND001,"Dosing, administration & device",Patient Population/schedule,QD,,,,,Slightly Better,,,,,,,,,,,,,Publish,2024-07-30 10:56:00.000,2024-07-30 10:56:00.000
139,SAR444656,SAR444656_IND001,Efficacy,Endpoint / Claim 1,"IRAK4 (pbo adj) at week 16 in monotherapy

IGA:  30%
EASI-90:  30%
EASI-75:  40%
NRS>4:  30%

Other measures at week 16: better than or no worse than SoC at the time of launch
EASI-100 (%) / % Pruritus NRS ≥4  / % DLQI ≥4 / % POEM ≥4 /ADCT ",,,,,Equivalent,,,,,,,,,,,,,Publish,2024-07-30 10:57:00.000,2024-07-30 10:57:00.000
140,SAR444656,SAR444656_IND001,Safety & Warnings,Basic Safety profile,"No boxed warning
Warnings and precautions for mild and transient QTc prolongation
No monitoring requirement",,,,,Equivalent,,,,,,,,,,,,,Publish,2024-07-30 10:57:00.000,2024-07-30 10:57:00.000
141,SAR444656,SAR444656_IND001,Expected Indication,Indication,Treatment of patients 12 years and older  with moderate-to-severe atopic dermatitis whose disease is not adequately controlled with topical prescription therapies or when those therapies are not advisable. ,,,TEST,,Equivalent,,,,,,,,,,,,,Draft,2024-09-12 17:23:00.000,2024-09-12 17:24:00.000
142,SAR444656,SAR444656_IND001,"Dosing, administration & device",Route of administration,Oral,,,TEST,,Slightly Better,,,,,,,,,,,,,Draft,2024-09-12 17:23:00.000,2024-09-12 17:24:00.000
143,SAR444656,SAR444656_IND001,"Dosing, administration & device",Dosage,TBD,,,TEST,,Slightly Better,,,,,,,,,,,,,Draft,2024-09-12 17:24:00.000,2024-09-12 17:24:00.000
144,SAR444656,SAR444656_IND001,"Dosing, administration & device",Patient Population/schedule,QD,,,TEST,,Slightly Better,,,,,,,,,,,,,Draft,2024-09-12 17:24:00.000,2024-09-12 17:24:00.000
145,SAR444656,SAR444656_IND001,Efficacy,Endpoint / Claim 1,"IRAK4 (pbo adj) at week 16 in monotherapy

IGA:  30%
EASI-90:  30%
EASI-75:  40%
NRS>4:  30%

Other measures at week 16: better than or no worse than SoC at the time of launch
EASI-100 (%) / % Pruritus NRS ≥4  / % DLQI ≥4 / % POEM ≥4 /ADCT ",,,TEST,,Equivalent,,,,,,,,,,,,,Draft,2024-09-12 17:24:00.000,2024-09-12 17:24:00.000
146,SAR444656,SAR444656_IND001,Safety & Warnings,Basic Safety profile,"No boxed warning
Warnings and precautions for mild and transient QTc prolongation
No monitoring requirement",,,TEST,,Equivalent,,,,,,,,,,,,,Draft,2024-09-12 17:24:00.000,2024-09-12 17:25:00.000
147,SAR443579,SAR443579_IND001,Expected Indication,Indication,"Relapsed or refractory acute myeloid leukemia 
",,,,,Better,,,,,,,,,,,,,Publish,2024-09-13 17:20:00.000,2024-09-13 17:20:00.000
148,SAR443579,SAR443579_IND001,"Dosing, administration & device",Route of administration,"IV

",,,,,Slightly Better,,,,,,,,,,,,,Publish,2024-09-13 17:20:00.000,2024-09-13 17:20:00.000
149,SAR443579,SAR443579_IND001,"Dosing, administration & device",Dosage,"QW 1mg in 28-day cycles, for 3 cycles followed by Q4W for maintenance
Companion diagnostic: may not be necessary given high expression of CD123 (75-89%). Confirmation pending further clinical data",,,,,Slightly Better,,,,,,,,,,,,,Publish,2024-09-13 17:20:00.000,2024-09-13 17:20:00.000
150,SAR443579,SAR443579_IND001,"Dosing, administration & device",Patient Population/schedule,"Adult patients with relapsed or refractory acute myeloid leukemia to at least 1 prior therapy 
",,,,,Slightly Better,,,,,,,,,,,,,Publish,2024-09-13 17:20:00.000,2024-09-13 17:20:00.000
151,SAR443579,SAR443579_IND001,"Dosing, administration & device",Primary Packaging (Device),vial,,,,,Slightly Better,,,,,,,,,,,,,Publish,2024-09-13 17:20:00.000,2024-09-13 17:20:00.000
152,SAR443579,SAR443579_IND001,Efficacy,Endpoint / Claim 1,"CR+Cri (mDoR): 40% (5 mo)
4-month EFS: 37%
mOS: 9.4 mo (HR = 0.65)

",,,,,Better,,,,,,,,,,,,,Publish,2024-09-13 17:20:00.000,2024-09-13 17:20:00.000
153,SAR443579,SAR443579_IND001,Efficacy,Endpoint / Claim 2,"•Transfusion Dependent to Independent: 40%
•% pts undergo transplant: 29.5% (45.8%<60, 20.2%≥60)
•30/60-Day Mortality: 2%/7%
•PROs:
Improvement of disease symptoms (fatigue, possibly anxiety) and overall QoL
Improved tolerability compared to chemo
[E.g., PROs, transfusion dependence, neutrophil counts, lymphocyte counts, MRD, long term survival expectations]",,,,,Better,,,,,,,,,,,,,Publish,2024-09-13 17:20:00.000,2024-09-13 17:20:00.000
154,SAR443579,SAR443579_IND001,Safety & Warnings,Basic Safety profile,"Anticipated safety profile: TRAEs: Infusion reactions (most ≤GR2), limited cytokine release (no GR3, ≤20% GR1/2)
Non-TRAEs: myelosuppression, tumor lysis syndrome (TBC, prior chemo effect), immune effector cell associated neurotoxicity (no reports to date)
",,,,,Better,,,,,,,,,,,,,Publish,2024-09-13 17:20:00.000,2024-09-13 17:20:00.000
155,SP0047,SP0047_IND002,Expected Indication,Indication,"Active immunization of individuals 6 weeks of age and older for prevention of invasive meningococcal disease caused by N. meningitidis serogroups A, C, W, and Y*",,,,,Slightly Better,,,,,,,,,,,,,Publish,2024-09-16 16:50:00.000,2025-04-23 20:40:00.000
156,SP0047,SP0047_IND002,"Dosing, administration & device",Route of administration,Intra-Muscular,,,,,Slightly Better,,,,,,,,,,,,,Publish,2024-09-16 16:50:00.000,2025-04-23 20:40:00.000
157,SP0047,SP0047_IND002,"Dosing, administration & device",Dosage,"Each dose contains: 10μg of each serogroup A, C, W, and Y polysaccharide conjugated to tetanus toxoid (approx. 55ug). ",,,,,Slightly Better,,,,,,,,,,,,,Publish,2024-09-16 16:50:00.000,2025-04-23 20:40:00.000
158,SP0047,SP0047_IND002,"Dosing, administration & device",Patient Population/schedule,1-2-3 doses up to 1 y (+1 dose toddler age ) and 1 dose in all age groups after 1 year; Booster indication 4 yrs+ after MCV4cj ( US- adolescent). Co-administration with routine vaccines ,,,,,Slightly Better,,,,,,,,,,,,,Publish,2024-09-16 16:50:00.000,2025-04-23 20:40:00.000
159,SP0047,SP0047_IND002,"Dosing, administration & device",Primary Packaging (Device),Liquid formulation in unit-dose vial or prefilled syringe,,,,,Slightly Better,,,,,,,,,,,,,Publish,2024-09-16 16:50:00.000,2025-04-23 20:40:00.000
160,SP0047,SP0047_IND002,Efficacy,Endpoint / Claim 1,"Non-inferiority to Nimenrix (<12months,12-23 months) and Menveo (<12months, 2-9yrs and adolescents); Menactra (infants, 10-55yr), Menomune >55yr, for Men C, A, W, Y",,,,,Equivalent,,,,,,,,,,,,,Publish,2024-09-16 16:50:00.000,2025-04-23 20:40:00.000
161,SP0047,SP0047_IND002,Efficacy,Endpoint / Claim 2,"Non-inferiority to Nimenrix for one-dose toddler indication (EU & Int’l only)
MenC titres: Base case - Superiority to Nimenrix and MCC TT",,,,,Equivalent,,,,,,,,,,,,,Publish,2024-09-16 16:50:00.000,2025-04-23 20:41:00.000
162,SP0047,SP0047_IND002,Safety & Warnings,Basic Safety profile,Adverse Effects – Target claim: Safe and well- tolerated;  Safety comparable to that of active controls. Interactions:  No statistically significant interactions with key vaccines for each target,,,,,Equivalent,,,,,,,,,,,,,Publish,2024-09-16 16:50:00.000,2025-04-23 20:41:00.000
163,XC01156,XC01156_IND001,Expected Indication,Indication,"Treatment of patients 12 years and older  with moderate-to-severe atopic dermatitis whose disease is not adequately controlled with topical prescription therapies or when those therapies are not advisable. 
",,,Dupixent,"Treatment of patients 6 years and older with moderate-to-severe atopic dermatitis whose disease is not adequately controlled with topical prescription therapies or when those therapies are not advisable. 
",Slightly Worse,,,Rinvoq,"Treatment of adults and pediatric patients 12 years of age and older with refractory,
moderate to severe atopic dermatitis whose disease is not adequately controlled with other systemic drug products, including biologics, or when use of those therapies are inadvisable
",Slightly Better,,,,,,,,Publish,2024-09-30 11:28:00.000,2024-10-15 10:59:00.000
164,XC01156,XC01156_IND001,"Dosing, administration & device",Route of administration,oral,,,Dupixent,injectable SC ,Slightly Better,,,Rinvoq,oral,Slightly Worse,,,,,,,,Publish,2024-09-30 11:28:00.000,2024-10-15 10:59:00.000
165,XC01156,XC01156_IND001,"Dosing, administration & device",Dosage,QD (tbc),,,Dupixent,"Q2W, initial dose of 600mg, followed by 300mg given every other week",Slightly Better,,,Rinvoq,"Initiate treatment with 15mg once daily. If an adequate response is not achieved, consider increasing the dose to 30mg orally once daily",Slightly Worse,,,,,,,,Publish,2024-09-30 11:28:00.000,2024-10-15 10:59:00.000
166,XC01156,XC01156_IND001,"Dosing, administration & device",Patient Population/schedule,,,,Dupixent,,Slightly Better,,,Rinvoq,,Slightly Worse,,,,,,,,Publish,2024-09-30 11:28:00.000,2024-10-15 10:59:00.000
167,XC01156,XC01156_IND001,"Dosing, administration & device",Primary Packaging (Device),,,,Dupixent,,Slightly Better,,,Rinvoq,,Slightly Worse,,,,,,,,Publish,2024-09-30 11:28:00.000,2024-10-15 10:59:00.000
168,XC01156,XC01156_IND001,Efficacy,Endpoint / Claim 1,"IRAK4 (pbo adj) at week 16 in monotherapy

IGA:  30%
EASI-90:  30%
EASI-75:  40%
NRS>4:  30%
",,,Dupixent,"Dupilumab (pbo adj) at week 16 in monotherapy

IGA:  28%
EASI-90:  25-28%
EASI-75:  34-36%
NRS>4: 26-29%",Slightly Better,,,Rinvoq,"Upadacitinib (pbo adj) at week 16 in monotherapy

IGA:  34-40% (15mg), 47-54% (30mg) 
EASI-90:  37-45% (15 mg), 54-58% (30mg)
EASI-75:  47-57% (15mg), 60-64% (30mg) 
NRS >4:  39-40% (15mg), 48-51% (30mg)",Worse,,,,,,,,Publish,2024-09-30 11:28:00.000,2024-10-15 10:59:00.000
169,XC01156,XC01156_IND001,Efficacy,Endpoint / Claim 2,"Other measures at week 16: better than or no worse than SoC at the time of launch
EASI-100 (%) / % Pruritus NRS ≥4  / % DLQI ≥4 / % POEM ≥4 /ADCT / SCORAD
",,,Dupixent,,Slightly Better,,,Rinvoq,,Worse,,,,,,,,Publish,2024-09-30 11:28:00.000,2024-10-15 10:59:00.000
170,XC01156,XC01156_IND001,Safety & Warnings,Basic Safety profile,"No Boxed warning
No monitoring requirement",,,Dupixent,"No box warning
Moderate injection site reactions
Conjunctivitis
Keratitis
Dry eye
",Equivalent,,,Rinvoq,"Box warning: 
Serious infections
Malignancy
Thrombosis
Acne, upper respiratory tract infection and nasopharyngitis
",Better,,,,,,,,Publish,2024-09-30 11:28:00.000,2024-10-15 10:59:00.000
171,SAR447189,SAR447189_IND001,Expected Indication,Indication,,,,Test,,,,,,,,,,,,,,,Draft,2024-09-30 12:21:00.000,2024-09-30 12:31:00.000
172,SAR447189,SAR447189_IND001,"Dosing, administration & device",Route of administration, ,,,Test,,,,,,,,,,,,,,,Draft,2024-09-30 12:21:00.000,2024-09-30 12:31:00.000
173,SAR447189,SAR447189_IND001,"Dosing, administration & device",Dosage,,,,Test,,,,,,,,,,,,,,,Draft,2024-09-30 12:21:00.000,2024-09-30 12:31:00.000
174,SAR447189,SAR447189_IND001,"Dosing, administration & device",Patient Population/schedule,,,,Test,,,,,,,,,,,,,,,Draft,2024-09-30 12:21:00.000,2024-09-30 12:31:00.000
175,SAR447189,SAR447189_IND001,"Dosing, administration & device",Primary Packaging (Device),,,,Test,,,,,,,,,,,,,,,Draft,2024-09-30 12:21:00.000,2024-09-30 12:31:00.000
176,SAR447189,SAR447189_IND001,Efficacy,Endpoint / Claim 1,,,,Test,,,,,,,,,,,,,,,Draft,2024-09-30 12:21:00.000,2024-09-30 12:31:00.000
177,SAR447189,SAR447189_IND001,Efficacy,Endpoint / Claim 2,,,,Test,,,,,,,,,,,,,,,Draft,2024-09-30 12:21:00.000,2024-09-30 12:31:00.000
178,SAR447189,SAR447189_IND001,Safety & Warnings,Basic Safety profile,,,,Test,,,,,,,,,,,,,,,Draft,2024-09-30 12:21:00.000,2024-09-30 12:31:00.000
179,SAR442970,SAR442970_IND005,Expected Indication,Indication,,,,,,,,,,,,,,,,,,,Draft,2024-09-30 17:55:00.000,2024-09-30 17:55:00.000
180,SAR442970,SAR442970_IND005,"Dosing, administration & device",Route of administration,,,,,,,,,,,,,,,,,,,Draft,2024-09-30 17:55:00.000,2024-09-30 17:55:00.000
181,SAR442970,SAR442970_IND005,"Dosing, administration & device",Dosage,,,,,,,,,,,,,,,,,,,Draft,2024-09-30 17:55:00.000,2024-09-30 17:55:00.000
182,SAR442970,SAR442970_IND005,"Dosing, administration & device",Patient Population/schedule,,,,,,,,,,,,,,,,,,,Draft,2024-09-30 17:55:00.000,2024-09-30 17:55:00.000
183,SAR442970,SAR442970_IND005,"Dosing, administration & device",Primary Packaging (Device),,,,,,,,,,,,,,,,,,,Draft,2024-09-30 17:55:00.000,2024-09-30 17:55:00.000
184,SAR442970,SAR442970_IND005,Efficacy,Endpoint / Claim 1,,,,,,,,,,,,,,,,,,,Draft,2024-09-30 17:55:00.000,2024-09-30 17:55:00.000
185,SAR442970,SAR442970_IND005,Efficacy,Endpoint / Claim 2,,,,,,,,,,,,,,,,,,,Draft,2024-09-30 17:56:00.000,2024-09-30 17:56:00.000
186,SAR442970,SAR442970_IND005,Safety & Warnings,Basic Safety profile,,,,,,,,,,,,,,,,,,,Draft,2024-09-30 17:56:00.000,2024-09-30 17:56:00.000
187,SP0125,SP0125_IND001,Expected Indication,Indication,"TRADENAME is a vaccine indicated for active immunization of infants and toddlers from 6 to less than 24 months of age, for the prevention of respiratory syncytial virus (RSV) disease.",,"TRADENAME is a vaccine indicated for active immunization of infants and toddlers from 6 to less than 24 months of age, for the prevention of LRTD caused by respiratory syncytial virus (RSV).
",NA,,Better,,Slightly Better,,,,,,,,,,,Draft,2024-10-01 20:38:00.000,2024-10-01 20:39:00.000
188,SP0125,SP0125_IND001,"Dosing, administration & device",Route of administration,Intranasal,,Intranasa,NA,,Better,,Better,,,,,,,,,,,Draft,2024-10-01 20:38:00.000,2024-10-01 20:39:00.000
189,SP0125,SP0125_IND001,"Dosing, administration & device",Dosage,"Volume to be administered: Maximum: 0.2 mL total; Administer 0.1 mL per nostril 
",,"Volume to be administered: Maximum: 0.2 mL total; Administer 0.1 mL per nostril 
",NA,,Better,,Better,,,,,,,,,,,Draft,2024-10-01 20:38:00.000,2024-10-01 20:39:00.000
190,SP0125,SP0125_IND001,"Dosing, administration & device",Patient Population/schedule,,,"All children from 6m up to less than 24m of age
Regardless of serostatus 
",NA,,Better,,Better,,,,,,,,,,,Draft,2024-10-01 20:38:00.000,2024-10-01 20:39:00.000
191,SP0125,SP0125_IND001,"Dosing, administration & device",Primary Packaging (Device),,,"Liquid vial + intranasal device kit (Plastic 1mL syringe + Blunt needle + Atomizer + Dose Divider)
Monodose",NA,,Better,,Better,,,,,,,,,,,Draft,2024-10-01 20:38:00.000,2024-10-01 20:39:00.000
192,SP0125,SP0125_IND001,Efficacy,Endpoint / Claim 1,"≥ 70% reduction (vs placebo) in incidence of LRTD*, RT-PCR-confirmed RSV for 1 RSV season1",,"≥ 60% reduction (vs placebo) in incidence of LRTD*, RT-PCR-confirmed RSV for 1 RSV season1
",NA,,Better,,Better,,,,,,,,,,,Draft,2024-10-01 20:38:00.000,2024-10-01 20:39:00.000
193,SP0125,SP0125_IND001,Efficacy,Endpoint / Claim 2,"≥ 50% reduction (vs placebo) in incidence of RSV URTD** for 1 RSV season
Reduction in RSV LRTD leading to hospitalization
Emergency room visits, safety, severe RSV LRTD
Reduction in RSV LRTD and in RSV URTD for up to 24 months available at time of launch (≥60% LRTD for year 2, ≥40% URTD for year 2)",,"≥ 40% reduction (vs placebo) in incidence of URTD**, RT-PCR-confirmed RSV for 1 RSV season
Reduction in RSV LRTD leading to hospitalization
Emergency room visits, safety, severe RSV LRTD
",NA,,Better,,Better,,,,,,,,,,,Draft,2024-10-01 20:38:00.000,2024-10-01 20:39:00.000
194,SP0125,SP0125_IND001,Safety & Warnings,Basic Safety profile,"Favorable safety profile consistent with that of licensed intranasal vaccines and other RSV vaccines
No evidence of vaccine-enhanced RSV disease upon subsequent natural infection (over the next 2 RSV seasons)
No significant increase in respiratory clinical signs compared to placebo controls (during the surveillance); no significant vaccine-induced nasal congestion or respiratory blockage; mild rhinorrhea may be acceptable (intranasal vaccine)",,"Favorable safety profile consistent with that of licensed intranasal vaccines and other RSV vaccines
No evidence of vaccine-enhanced RSV disease upon subsequent natural infection (over the next 2 RSV seasons)
No significant increase in respiratory clinical signs compared to placebo controls (during the surveillance); no significant vaccine-induced nasal congestion or respiratory blockage; mild rhinorrhea may be acceptable (intranasal vaccine)",NA,,Better,,Better,,,,,,,,,,,Draft,2024-10-01 20:38:00.000,2024-10-01 20:39:00.000
195,SP0125,SP0125_IND001,Expected Indication,Indication,"TRADENAME is a vaccine indicated for active immunization of infants and toddlers from 6 to less than 24 months of age, for the prevention of respiratory syncytial virus (RSV) disease.",,"
",No SoC,,Better,,Equivalent,,,,,,,,,,,Publish,2024-10-01 20:40:00.000,2024-10-01 20:56:00.000
196,SP0125,SP0125_IND001,"Dosing, administration & device",Route of administration,Intranasal,,,No SoC,,Better,Better,Slightly Worse,,,,,,,,,,,Publish,2024-10-01 20:40:00.000,2024-10-01 20:56:00.000
197,SP0125,SP0125_IND001,"Dosing, administration & device",Dosage,"
Intranasal administration
Minimal requirement: Single dose, nasal applicator

Volume to be administered: Maximum: 0.2 mL total; Administer 0.1 mL per nostril 
","2d schedule (2nd dose 2m up to 6m2 after the 1st dose), 2nd dose to be given before / ideally at the latest at start of the 2nd RSV season
2d schedule to be given within the age indication (6m to less than 24m) ie 1st dose to be given at the latest at 22m of age","2d schedule (2 months apart)
",No SoC,,Better,Better,Slightly Worse,,,,,,,,,,,Publish,2024-10-01 20:40:00.000,2024-10-01 20:56:00.000
198,SP0125,SP0125_IND001,"Dosing, administration & device",Patient Population/schedule,"All children from 6m up to less than 24m of age; regardless of serostatus 

2d schedule (2nd dose at least 2 months after the 1st dose), 2nd dose to be given before / ideally at the latest at start of the 2nd RSV season

2d schedule to be given within the age indication (6m to less than 24m) ie 1st dose to be given at the latest at 22m of age

",,"
",No SoC,,Better,Better,Slightly Worse,,,,,,,,,,,Publish,2024-10-01 20:40:00.000,2024-10-01 20:56:00.000
199,SP0125,SP0125_IND001,"Dosing, administration & device",Primary Packaging (Device),"Liquid vial + intranasal device kit (Plastic 1mL syringe + Blunt needle + Atomizer + Dose Divider)
Monodose",,"Liquid vial + intranasal device kit (Plastic 1mL syringe + Blunt needle + Atomizer + Dose Divider)
Monodose",No SoC,,Better,Better,Slightly Worse,,,,,,,,,,,Publish,2024-10-01 20:40:00.000,2024-10-01 20:56:00.000
200,SP0125,SP0125_IND001,Efficacy,Endpoint / Claim 1,"≥ 70% reduction (vs placebo) in incidence of LRTD*, RT-PCR-confirmed RSV for 1 RSV season1","≥ 80% reduction (vs placebo) in incidence of LRTD*, RT-PCR-confirmed RSV for 1 RSV season1","≥ 60% reduction (vs placebo) in incidence of LRTD*, RT-PCR-confirmed RSV for 1 RSV season1
",No SoC,,Better,Better,Slightly Worse,,,,,,,,,,,Publish,2024-10-01 20:40:00.000,2024-10-01 20:57:00.000
201,SP0125,SP0125_IND001,Efficacy,Endpoint / Claim 2,"≥ 50% reduction (vs placebo) in incidence of RSV URTD** for 1 RSV season
Reduction in RSV LRTD leading to hospitalization
Emergency room visits, safety, severe RSV LRTD
Reduction in RSV LRTD and in RSV URTD for up to 24 months available at time of launch (≥60% LRTD for year 2, ≥40% URTD for year 2)","≥ 60% reduction (vs placebo) in incidence of RSV URTD** for 1 RSV season
Reduction in RSV LRTD leading to hospitalization
Emergency room visits, safety, severe RSV LRTD
Reduction in RSV LRTD and in RSV URTD up to 24 months available at time of launch (≥70% LRTD for year 2, ≥50% URTD for year 2)","≥ 40% reduction (vs placebo) in incidence of URTD**, RT-PCR-confirmed RSV for 1 RSV season
Reduction in RSV LRTD leading to hospitalization
Emergency room visits, safety, severe RSV LRTD
",No SoC,,Better,Better,Slightly Worse,,,,,,,,,,,Publish,2024-10-01 20:40:00.000,2024-10-01 20:57:00.000
202,SP0125,SP0125_IND001,Safety & Warnings,Basic Safety profile,"Favorable safety profile consistent with that of licensed intranasal vaccines and other RSV vaccines
No evidence of vaccine-enhanced RSV disease upon subsequent natural infection (over the next 2 RSV seasons)
No significant increase in respiratory clinical signs compared to placebo controls (during the surveillance); no significant vaccine-induced nasal congestion or respiratory blockage; mild rhinorrhea may be acceptable (intranasal vaccine)",,,No SoC,,Better,,Equivalent,,,,,,,,,,,Publish,2024-10-01 20:40:00.000,2024-10-01 20:57:00.000
203,LC81299,LC81299_IND001,Expected Indication,Indication,"Adult DLBCL patients with relapsed or refractory large B-cell lymphoma afer two or more lines of systemic therapy (note: given better safety, may be able to indclude post-aHSCT/ECOG>2 patients to have better population)",,,"Yescarta, CAR-T","Adult patients with relapsed or refractory large B-cell lymphoma after two or more lines of systemic therapy, including diffuse large B-cell lymphoma (DLBCL) not otherwise specified, primary mediastinal large B-cell lymphoma, high grade B-cell lymphoma, and DLBCL arising from follicular lymphoma.",Equivalent,,,,,,,,,,,,,Draft,2024-10-02 19:45:00.000,2024-10-08 22:43:00.000
204,LC81299,LC81299_IND001,"Dosing, administration & device",Route of administration,IV,,,"Yescarta, CAR-T","Route of administration: IV, 2 x 106 – 2x108 cells",Better,,,,,,,,,,,,,Draft,2024-10-02 19:45:00.000,2024-10-08 22:43:00.000
205,LC81299,LC81299_IND001,"Dosing, administration & device",Dosage,Repeat Dosing planned. No lymphodepletion needed.,,,"Yescarta, CAR-T","Lymphodepletion: fludarabine 30 mg/m2 + cyclophosphamide 500mg/m2 5,4&3 days before Yescarta
Frequency: one time administration",Better,,,,,,,,,,,,,Draft,2024-10-02 19:45:00.000,2024-10-08 22:43:00.000
206,LC81299,LC81299_IND001,"Dosing, administration & device",Patient Population/schedule,,,,"Yescarta, CAR-T",,Better,,,,,,,,,,,,,Draft,2024-10-02 19:45:00.000,2024-10-08 22:43:00.000
207,LC81299,LC81299_IND001,"Dosing, administration & device",Primary Packaging (Device),,,,"Yescarta, CAR-T",,Better,,,,,,,,,,,,,Draft,2024-10-02 19:45:00.000,2024-10-08 22:43:00.000
208,LC81299,LC81299_IND001,Efficacy,Endpoint / Claim 1,"ORR (mDoR): 72% [CR = 51%, PR = 21%] (9.2)

12/24 month mEFS: 42.8%/37.7%

5-yr OS: 42.6%

",,,"Yescarta, CAR-T","ORR (mDoR): 72% [CR = 51%, PR = 21%] (9.2)

12/24 month mEFS: 42.8%/37.7%

5-yr OS: 42.6%",Equivalent,,,,,,,,,,,,,Draft,2024-10-02 19:45:00.000,2024-10-08 22:43:00.000
209,LC81299,LC81299_IND001,Efficacy,Endpoint / Claim 2,"Other: Manufacturing lilmitation: none
MRD-:20%",,,"Yescarta, CAR-T","Manufacturing limitation: offsite, ~17 days (range 14-51)
Must be administered in CoE/certified center (community administration may be possible)
MRD-: 20%3 (directional, based on Ph1 N=10)",Equivalent,,,,,,,,,,,,,Draft,2024-10-02 19:45:00.000,2024-10-08 22:43:00.000
210,LC81299,LC81299_IND001,Safety & Warnings,Basic Safety profile,"Better than CAR-T / TCE.  
Minimal CRS (<10% GR3+)
Minimal ICANS/neurologic toxicity (<5%)",,,"Yescarta, CAR-T","The most common adverse reactions (incidence ≥ 30%), excluding laboratory abnormalities, in patients with non-Hodgkin lymphoma are CRS, fever, hypotension, encephalopathy, fatigue, tachycardia, headache, nausea, febrile neutropenia, diarrhea, musculoskeletal pain, infections with pathogen unspecified, chills and decreased appetite. The most common Grade 3-4 laboratory abnormalities (≥ 30%) are leukopenia, lymphopenia, neutropenia, anemia, thrombocytopenia, and hypophosphatemia. ",Better,,,,,,,,,,,,,Draft,2024-10-02 19:45:00.000,2024-10-08 22:43:00.000
211,SAR650984,SAR650984_IND004,Expected Indication,Indication,"Isatuximab in combination with bortezomib, lenalidomide and dexamethasone is indicated for the treatment of patients with newly diagnosed active multiple myeloma who are not eligible for transplantation or no intent for immediate transplantation.
",,,"Study Comparator VRd (Takeda, Celgene)","VRd is not a currently approved MM regimen in US (but is approved in EU), however it is a leading SOC in the US. Several trials (incl dara) exploring VRd in both transplant eligible and not eligible are ongoing. Profile assumes approval is granted : or SOC status can be used to justify it as an appropriate comparator.
",Worse,,,Market Comparator* Daratumumab + Rd(Janssen) MAIA,"daratumumab (DARZALEX, Janssen Biotech, Inc.) is approved in combination with lenalidomide and dexamethasone for patients with newly diagnosed multiple myeloma who are ineligible for autologous stem cell transplant.
",Worse,,,,,,,,Publish,2024-10-03 00:20:00.000,2024-10-23 17:59:00.000
212,SAR650984,SAR650984_IND004,"Dosing, administration & device",Route of administration,IV,,,"Study Comparator VRd (Takeda, Celgene)",,Slightly Better,,,Market Comparator* Daratumumab + Rd(Janssen) MAIA,"In clinical practice, SC administration, even if trial designed with IV
",Slightly Better,,,,,,,,Publish,2024-10-03 00:20:00.000,2024-10-23 18:00:00.000
213,SAR650984,SAR650984_IND004,"Dosing, administration & device",Dosage,"
Induction therapy : 6-Week (4 cycles)
Bortezomib: 1.3 mg/m², SC, days 1, 4, 8, 11, 22, 25, 29, 32
Lenalidomide: PO, 25mg, days 1-14, 22-35
Dexamethasone: PO 20mg, days 1,2, 4, 5, 8,9, 11, 12, 15, 22,, 23, 25,26, 29, 30, 32, 33

Continuous therapy: 4-week cycles until PD
Isatuximab:  IV 10 mg/kg, Q2W, then Q4W from cycle 18
Lenalidomide: PO, 25mg, days 1-21
Dexamethasone: PO 20mg, days 1, 8, 15, 22

Infusion duration – First: 3.2 hours, subsequent: 2.5 hours
",,,"Study Comparator VRd (Takeda, Celgene)","Induction: 4 6-week cycles  of VRd, 
Bortezomib: 1.3mg/kg, SC, days 1, 4, 8, 11, 22, 25, 29, 32
Lenalidomide: PO, 25mg, days 1-14, 22-35
Dexamethasone: PO 20mg, days 1,2, 4, 5, 8,9, 11, 12, 22,, 23, 25,26, 29, 30, 32, 33
Continuous therapy: 4-week cycles until PD
Lenalidomide: PO, 25mg, days 1-21
Dexamethasone: PO 40mg, days 1, 8, 15, 22
",Slightly Better,,,Market Comparator* Daratumumab + Rd(Janssen) MAIA,"Induction: 4 weeks cycles
DRd arm:
Daratumumab IV: QW cycles 1 and 2, Q2W cycles 3 to 6, and Q4W thereafter
This will equate to 9 consecutive weeks of dosing at the start of the study and a total of 23 doses in the first year. 
Lenalidomide: PO, 25mg, days 1-21 for 2 years
Dexamethasone: PO 40mg, days 1, 8, 15, 22 for 2 years
Rd arm :
Pts will continue lenalidomide and dexa until progression of disease. 

Maintenance after 2 years only DRd arm:
Daratumumab IV: Q4W until PD
",Slightly Better,,,,,,,,Publish,2024-10-03 00:20:00.000,2024-10-23 18:00:00.000
214,SAR650984,SAR650984_IND004,"Dosing, administration & device",Patient Population/schedule,"Point of care – infusion center
Induction: 4 6-week cycles of IsaVRd
Isatuximab:  IV 10 mg/kg, C1 QW, C2-4 Q2W 
Primary prophylactic treatment with diphenhydramine, methylprednisolone, ranitidine and acetaminophen 15–30 minutes prior to the start of the isatuximab infusion
",,,"Study Comparator VRd (Takeda, Celgene)",,Slightly Better,,,Market Comparator* Daratumumab + Rd(Janssen) MAIA,,Slightly Better,,,,,,,,Publish,2024-10-03 00:20:00.000,2024-10-23 18:00:00.000
215,SAR650984,SAR650984_IND004,"Dosing, administration & device",Primary Packaging (Device),,,,"Study Comparator VRd (Takeda, Celgene)",,Slightly Better,,,Market Comparator* Daratumumab + Rd(Janssen) MAIA,,Slightly Better,,,,,,,,Publish,2024-10-03 00:20:00.000,2024-10-23 18:00:00.000
216,SAR650984,SAR650984_IND004,Efficacy,Endpoint / Claim 1,"Median PFS:  higher than 74 months (expect NR at time of IA)
HR ≤ 0.68
",,,"Study Comparator VRd (Takeda, Celgene)","Median PFS: 40 to 50 months
Higher mPFS reached with triplet VRD in DETERMINATION trial (non transplant arm): with a mFU of 76 months, mPFS was 46 months; MRD neg (NGS 10-5: 38.9% in limited sample (108/357 pts)
",Worse,,,Market Comparator* Daratumumab + Rd(Janssen) MAIA,"Final PFS: 62 months (vs 34 months) Hazard ratio : 0.53

Initial results medium PFS not reached  (vs 32 months) hazard ratio was 0.56
",Worse,,,,,,,,Publish,2024-10-03 00:20:00.000,2024-10-23 18:00:00.000
217,SAR650984,SAR650984_IND004,Efficacy,Endpoint / Claim 2,"Rate of MRD negativity: at least 45% 

CR at least 60%

Median OS secondary endpoint, but may be confounded by crossover and subsequent therapy
",,,"Study Comparator VRd (Takeda, Celgene)","MRD: NA, but expected around 30% in IMROZ

CR ~45-50%

OS: 75 months
",Worse,,,Market Comparator* Daratumumab + Rd(Janssen) MAIA,"MRD[-]CR : 24% at initial PFS results; updated 31%

CR: 48% at initial PFS results; updated 51%

Interim OS statistically significant – HR: 0.68
",Worse,,,,,,,,Publish,2024-10-03 00:20:00.000,2024-10-23 18:00:00.000
218,SAR650984,SAR650984_IND004,Safety & Warnings,Basic Safety profile,"Manageable toxicity profile 
IAR: <40% IAR (≤3% ≥Gr 3) with pre-med prophylaxis
Interference with cross-matching and RBC antibody screening
No significant  additive AEs with VRD
No significant worsening of QoL vs. VRD
",,,"Study Comparator VRd (Takeda, Celgene)","Lenalidomide – hematologic toxicity
bortezomib – peripheral neuropathy
",Slightly Worse,,,Market Comparator* Daratumumab + Rd(Janssen) MAIA,"MAIA: 50% neutropenia grade 3-4; 14% gr 3-4 pneumonia
",Equivalent,,,,,,,,Publish,2024-10-03 00:20:00.000,2024-10-23 18:00:00.000
219,SAR446523,SAR446523_IND001,Expected Indication,Indication,"In monotherapy for adult patients with RRMM, who have received at least 3 prior therapies including PIs, IMiD and anti-CD38, post-BCMA (CAR-T incl.)
[GPRC5D naive - TBC]",,,,,,,,,,,,,,,,,,Draft,2024-10-03 15:18:00.000,2024-10-03 15:18:00.000
220,SAR446523,SAR446523_IND001,"Dosing, administration & device",Route of administration,SC administration,,,,,,,,,,,,,,,,,,Draft,2024-10-03 15:18:00.000,2024-10-03 15:18:00.000
221,SAR446523,SAR446523_IND001,"Dosing, administration & device",Dosage,"Flat dose, weekly dosing x 1 month followed by less frequent dosing
",,,,,,,,,,,,,,,,,,Draft,2024-10-03 15:18:00.000,2024-10-03 15:18:00.000
222,SAR446523,SAR446523_IND001,"Dosing, administration & device",Patient Population/schedule,,,,,,,,,,,,,,,,,,,Draft,2024-10-03 15:18:00.000,2024-10-03 15:18:00.000
223,SAR446523,SAR446523_IND001,"Dosing, administration & device",Primary Packaging (Device),"Device- base; manual push- minimally marketable
",,,,,,,,,,,,,,,,,,Draft,2024-10-03 15:18:00.000,2024-10-03 15:18:00.000
224,SAR446523,SAR446523_IND001,Efficacy,Endpoint / Claim 1,"ORR
Upside: 65%
Base (min. marketable): > 50%",,,,,,,,,,,,,,,,,,Draft,2024-10-03 15:18:00.000,2024-10-03 15:18:00.000
225,SAR446523,SAR446523_IND001,Efficacy,Endpoint / Claim 2,"mDOR
If based on high dose 
PFS: 10-12 months
mDOR: 12-14 months
MRD negativity data – TBD",,,,,,,,,,,,,,,,,,Draft,2024-10-03 15:18:00.000,2024-10-03 15:18:00.000
226,SAR446523,SAR446523_IND001,Safety & Warnings,Basic Safety profile,,,,,,,,,,,,,,,,,,,Draft,2024-10-03 15:18:00.000,2024-10-03 15:18:00.000
227,SAR446523,SAR446523_IND001,Expected Indication,Indication,"In monotherapy for adult patients with RRMM, who have received at least 3 prior therapies including PIs, IMiD and anti-CD38, post-BCMA (CAR-T incl.)
[GPRC5D naive - TBC]",,,Talquetamab ,"Treatment of adult patients with relapsed or refractory multiple myeloma who have received at least four prior lines of therapy, including a PI, an IMiD and an anti-CD38 monoclonal antibody.",Slightly Better,,,,,,,,,,,,,Publish,2024-10-03 15:21:00.000,2024-10-04 10:34:00.000
228,SAR446523,SAR446523_IND001,"Dosing, administration & device",Route of administration,SC administration,,,Talquetamab ,SC administration,Slightly Better,,,,,,,,,,,,,Publish,2024-10-03 15:21:00.000,2024-10-04 10:34:00.000
229,SAR446523,SAR446523_IND001,"Dosing, administration & device",Dosage,"Flat dose, weekly dosing x 1 month followed by less frequent dosing
",,,Talquetamab ,"SC weight-based, weekly (low dose) and Q2W (high dose)
",Slightly Better,,,,,,,,,,,,,Publish,2024-10-03 15:21:00.000,2024-10-04 10:34:00.000
230,SAR446523,SAR446523_IND001,"Dosing, administration & device",Patient Population/schedule,"No hospitalization required
",,,Talquetamab ,"Hospitalization required with first doses
",Slightly Better,,,,,,,,,,,,,Publish,2024-10-03 15:21:00.000,2024-10-04 10:34:00.000
231,SAR446523,SAR446523_IND001,"Dosing, administration & device",Primary Packaging (Device),"Device- base; manual push- minimally marketable
",,,Talquetamab ,,Slightly Better,,,,,,,,,,,,,Publish,2024-10-03 15:21:00.000,2024-10-04 10:34:00.000
232,SAR446523,SAR446523_IND001,Efficacy,Endpoint / Claim 1,"ORR
Base (min. marketable): > 50%","ORR
Upside: 65%",,Talquetamab ,"ORR
73% [GPRC5D naive]
50% [BCMA pretreated, N=16]",Equivalent,Slightly Better,,,,,,,,,,,,Publish,2024-10-03 15:21:00.000,2024-10-04 10:34:00.000
233,SAR446523,SAR446523_IND001,Efficacy,Endpoint / Claim 2,"mDOR
If based on high dose 
PFS: 10-12 months
mDOR: 12-14 months
MRD negativity data – TBD",,,Talquetamab ,"mDOR
High dose biweekly
PFS=11.9 months
mDOR=13 months",Equivalent,Slightly Better,,,,,,,,,,,,Publish,2024-10-03 15:21:00.000,2024-10-04 10:34:00.000
234,SAR446523,SAR446523_IND001,Safety & Warnings,Basic Safety profile,"Infusion reactions (mitigated with premedand SC and <5% G3)
No G2 dysgeusia, no G2 weight loss
No G3 skin tox (no severe nail dystrophy)
Low grade CRS
Cytopenias",,,Talquetamab ,"Black box warning for CRS
Risk of serious/fatal infections
Oral tox- PMR; non-resolved to baseline G2 and 3 events
Weight loss- not resolved to baseline G2 and 3 events
Nail dystrophy (Gr2)
Cytopenias",Slightly Better,,,,,,,,,,,,,Publish,2024-10-03 15:21:00.000,2024-10-04 10:35:00.000
235,SP0178,SP0178_IND007,Expected Indication,Indication,US/EU/ROW: Active immunization of adults 50+ years of age against influenza disease​,,,SD Egg,Active immunization in persons 6 months and older against influenza disease (SDE)​,Equivalent,,,,,,,,,,,,,Draft,2024-10-03 19:21:00.000,2024-10-03 19:21:00.000
236,SP0178,SP0178_IND007,"Dosing, administration & device",Route of administration,"IM Administration, 60 mcg​",,,SD Egg,"IM Administration, 15 mcg​",Equivalent,,,,,,,,,,,,,Draft,2024-10-03 19:21:00.000,2024-10-03 19:21:00.000
237,SP0178,SP0178_IND007,"Dosing, administration & device",Dosage,0.5ml pre-filled syringe​,,,SD Egg,0.5ml pre-filled syringe​,Equivalent,,,,,,,,,,,,,Draft,2024-10-03 19:21:00.000,2024-10-03 19:21:00.000
238,SP0178,SP0178_IND007,"Dosing, administration & device",Patient Population/schedule,,,,SD Egg,,Equivalent,,,,,,,,,,,,,Draft,2024-10-03 19:21:00.000,2024-10-03 19:21:00.000
239,SP0178,SP0178_IND007,"Dosing, administration & device",Primary Packaging (Device),,,,SD Egg,,Equivalent,,,,,,,,,,,,,Draft,2024-10-03 19:21:00.000,2024-10-03 19:21:00.000
240,SP0178,SP0178_IND007,Efficacy,Endpoint / Claim 1,"Non-inferior immunogenicity against TIV-SD vaccine in 50-64 years of age, secondary endpoint of superior immunogenicity vs. SD​

Label: Non-inferiority related to this endpoint to be assessed for inclusion in the Clinical Studies section of the PI**​",,,SD Egg,,Better,,,,,,,,,,,,,Draft,2024-10-03 19:21:00.000,2024-10-03 19:21:00.000
241,SP0178,SP0178_IND007,Efficacy,Endpoint / Claim 2,,,,SD Egg,,Better,,,,,,,,,,,,,Draft,2024-10-03 19:21:00.000,2024-10-03 19:21:00.000
242,SP0178,SP0178_IND007,Safety & Warnings,Basic Safety profile,Acceptable systemic and local reaction safety profile​,,,SD Egg,Acceptable systemic and local reaction safety profile​,Equivalent,,,,,,,,,,,,,Draft,2024-10-03 19:21:00.000,2024-10-03 19:21:00.000
243,SP0178,SP0178_IND007,Expected Indication,Indication,US/EU/ROW: Active immunization of adults 50+ years of age against influenza disease​,"US/EU/ROW: Active immunization of adults 50+ years of age against influenza disease
","US/EU/ROW: Active immunization of adults 50+ years of age against influenza disease
",TIV SD,Active immunization in persons 6 months and older against influenza disease (SDE)​,Equivalent,Equivalent,Equivalent,,,,,,,,,,,Publish,2024-10-03 19:23:00.000,2025-02-07 20:32:00.000
244,SP0178,SP0178_IND007,"Dosing, administration & device",Route of administration,"IM Administration, 60 mcg​",IM Administration,IM Administration,TIV SD,"IM Administration, 15 mcg​",Equivalent,Equivalent,Equivalent,,,,,,,,,,,Publish,2024-10-03 19:23:00.000,2025-02-07 20:32:00.000
245,SP0178,SP0178_IND007,"Dosing, administration & device",Dosage,0.5ml pre-filled syringe​,60 mcg per strain,60 mcg per strain,TIV SD,0.5ml pre-filled syringe​,Equivalent,Equivalent,Equivalent,,,,,,,,,,,Publish,2024-10-03 19:23:00.000,2025-02-07 20:32:00.000
246,SP0178,SP0178_IND007,"Dosing, administration & device",Patient Population/schedule,Yearly as defined by ACIP/WHO,"Schedule – yearly as defined by ACIP/WHO
","Schedule – yearly as defined by ACIP/WHO
",TIV SD,Schedule – yearly as defined,Equivalent,Equivalent,Equivalent,,,,,,,,,,,Publish,2024-10-03 19:23:00.000,2025-02-07 20:32:00.000
247,SP0178,SP0178_IND007,"Dosing, administration & device",Primary Packaging (Device),Yearly as defined by ACIP/WHO,"0.5ml pre-filled syringe
","0.5ml pre-filled syringe
",TIV SD,,Equivalent,Equivalent,Equivalent,,,,,,,,,,,Publish,2024-10-03 19:23:00.000,2025-02-07 20:32:00.000
248,SP0178,SP0178_IND007,Efficacy,Endpoint / Claim 1,"Non-inferior immunogenicity against TIV-SD vaccine in 50-64 years of age
","Primary objective (baseline):  Non-inferior immunogenicity against TIV-SD vaccine in 50-64 years of age
","Primary objective (baseline):  Non-inferior immunogenicity against TIV-SD vaccine in 50-64 years of age
",TIV SD,,Equivalent,Slightly Better,Equivalent,,,,,,,,,,,Publish,2024-10-03 19:23:00.000,2025-02-07 20:32:00.000
249,SP0178,SP0178_IND007,Efficacy,Endpoint / Claim 2,"Simple superiority for 3 strains; if non –inferiority is met (GMT ratio > 1.0) 
For EU : label with superior immune response
For US: No superiority label claim – only for publication ","Secondary objective (upside): 
Simple superiority for 3 strains; if non –inferiority  is met (GMT ratio > 1.0) – for US significantly statically higher immune response; EU superior immune response
Super superiority for at least 1 strain - if simple superiority is achieved (GMT ratio > 1.5) for US – to be discussed with CBER
US label claim mentions “superior immune response to both secondary objectives”- proposed text in notes
EU superior immune response included in label ",,TIV SD,,Equivalent,Slightly Better,Equivalent,,,,,,,,,,,Publish,2024-10-03 19:23:00.000,2025-02-07 20:32:00.000
250,SP0178,SP0178_IND007,Safety & Warnings,Basic Safety profile,Acceptable systemic and local reaction safety profile​,"Acceptable systemic and local reaction safety profile
","Acceptable systemic and local reaction safety profile
",TIV SD,Acceptable systemic and local reaction safety profile​,Equivalent,Equivalent,Equivalent,,,,,,,,,,,Publish,2024-10-03 19:23:00.000,2025-02-07 20:32:00.000
251,SP0178,SP0178_IND002,Expected Indication,Indication,"Active immunization of adults ≥60 years of age against influenza disease caused by 2 influenza subtypes A and 2 influenza types B contained in the vaccine
","Active immunization of adults ≥60 years of age against influenza disease caused by 2 influenza subtypes A and 2 influenza types B contained in the vaccine
",,QIV SD,"Active immunization of children and adults 6 months through 59 years of age against influenza disease caused by 2 influenza subtypes A and 2 influenza types B contained in the vaccine
Active immunization of adults ≥60 years of age against influenza disease caused by 2 influenza subtypes A and 2 influenza types B contained in the vaccine
",Equivalent,Equivalent,,,,,,,,,,,,Publish,2024-10-03 19:28:00.000,2024-10-17 17:25:00.000
252,SP0178,SP0178_IND002,"Dosing, administration & device",Route of administration,"IM injection in a pre-filled syringe
yearly vaccination at a 0.7mL dose
",IM injection ,,QIV SD,"QIV-SD standard dose / ≥ 6 months of age:
SC injection in a pre-filled syringe and vial presentation (2 doses)
yearly vaccination at a 0.5mL dose
",Equivalent,Equivalent,,,,,,,,,,,,Publish,2024-10-03 19:28:00.000,2024-10-17 17:25:00.000
253,SP0178,SP0178_IND002,"Dosing, administration & device",Dosage,"60 mcg of antigen for each strain
","60 mcg of antigen for each strain
",,QIV SD,"15 mcg of antigen for each strain
",Equivalent,Equivalent,,,,,,,,,,,,Publish,2024-10-03 19:28:00.000,2024-10-17 17:25:00.000
254,SP0178,SP0178_IND002,"Dosing, administration & device",Patient Population/schedule,,yearly vaccination ,,QIV SD,,Equivalent,Equivalent,,,,,,,,,,,,Publish,2024-10-03 19:29:00.000,2024-10-17 17:25:00.000
255,SP0178,SP0178_IND002,"Dosing, administration & device",Primary Packaging (Device),,pre-filled syringe,,QIV SD,,Equivalent,Equivalent,,,,,,,,,,,,Publish,2024-10-03 19:29:00.000,2024-10-17 17:26:00.000
256,SP0178,SP0178_IND002,Efficacy,Endpoint / Claim 1,"Clinical Data 60+: Immune response to QIV-HD is superior to the immune response of QIV-SD
Label: Data present in table form only. Base and Upside TPP considers no superiority claim written in label, as well as a potential disclaimer in the labeling, which will outline that there is no link between increased immunogenicity and increased efficacy
","Clinical Data 60+: Immune response to QIV-HD is superior to the immune response of QIV-SD
Label: Data present in table form only. Base and Upside TPP considers no superiority claim written in label, as well as a potential disclaimer in the labeling, which will outline that there is no link between increased immunogenicity and increased efficacy
",,QIV SD,"QIV-SD:  antibody generation* against 2 subtypes A and 2 subtypes B were demonstrated.
* Evaluated from HI antibody level / seroconversion rate, change rate of GMT level, seroprotection rate
",Better,Slightly Better,,,,,,,,,,,,Publish,2024-10-03 19:29:00.000,2024-10-17 17:26:00.000
257,SP0178,SP0178_IND002,Efficacy,Endpoint / Claim 2,,"Supportive data to be included in the labelling includes efficacy data from TIV-HD which was demonstrated to be 24% more efficacious against influenza compared to standard dose Fluzone in the 65+ population in the US and Canada
",,QIV SD,,Better,Slightly Better,,,,,,,,,,,,Publish,2024-10-03 19:29:00.000,2024-10-17 17:26:00.000
258,SP0178,SP0178_IND002,Safety & Warnings,Basic Safety profile,"Systemic safety profile comparable to current standard of care 
Injection site reactions are tolerable and reversible
","Systemic safety profile comparable to current standard of care 
Injection site reactions are tolerable and reversible
",,QIV SD,"QIV-SD : Pain is most common injection-site reaction and myalgia and malaise are most common systemic adverse events  
",Equivalent,Equivalent,,,,,,,,,,,,Publish,2024-10-03 19:29:00.000,2024-10-17 17:26:00.000
259,LC81413,LC81413_IND001,Expected Indication,Indication,"Moderately to severely active ulcerative colitis in adults
",,,Rinvoq (upadacitinib) JAK inhibitor Approved,"Moderately to severely active ulcerative colitis in adults who have had an inadequate response or intolerance to one or more TNF blockers (FDA only; no restriction in EU)
",Slightly Better,,,,,,,,,,,,,Draft,2024-10-03 20:05:00.000,2025-01-09 15:28:00.000
260,LC81413,LC81413_IND001,"Dosing, administration & device",Route of administration,"Targeting SC, Q4W",,,Rinvoq (upadacitinib) JAK inhibitor Approved,"PO, Qd",Slightly Worse,,,,,,,,,,,,,Draft,2024-10-03 20:05:00.000,2025-01-09 15:28:00.000
261,LC81413,LC81413_IND001,"Dosing, administration & device",Dosage,TBD,,,Rinvoq (upadacitinib) JAK inhibitor Approved,15 or 30mg,Slightly Worse,,,,,,,,,,,,,Draft,2024-10-03 20:05:00.000,2025-01-09 15:28:00.000
262,LC81413,LC81413_IND001,"Dosing, administration & device",Patient Population/schedule,,,,Rinvoq (upadacitinib) JAK inhibitor Approved,,Slightly Worse,,,,,,,,,,,,,Draft,2024-10-03 20:05:00.000,2025-01-09 15:28:00.000
263,LC81413,LC81413_IND001,"Dosing, administration & device",Primary Packaging (Device),,,,Rinvoq (upadacitinib) JAK inhibitor Approved,,Slightly Worse,,,,,,,,,,,,,Draft,2024-10-03 20:05:00.000,2025-01-09 15:28:00.000
264,LC81413,LC81413_IND001,Efficacy,Endpoint / Claim 1,"Study Design: 
	50/50 bio-naïve; bio-experienced
Re-randomize induction responders to maintenance
Induction at week 12
Clinical remission (modified Mayo): 
	33% vs. 8% PBO (Δ25%)
Endoscopic improvement 
	47% vs. 12% PBO  (Δ35%); 
Clinical response: 75% vs. 30% PBO (Δ45%)

Maintenance at week 52
Clinical remission: 
	45% vs. 15% PBO (Δ30%)
Endoscopic improvement: 
	60% vs. 20% PBO (Δ40%)
HEMI (hist/endo improvement)
Improvement in PRO measures
",,,Rinvoq (upadacitinib) JAK inhibitor Approved,"Induction 8 week 
Average of two Phase 3 studies
Clinical remission (adapted Mayo): 30% vs 5% PBO  (Δ 25%) 
Endoscopic improvement  40% vs. 7% PBO  (Δ 33%) 
Clinical response 73% vs. 26% (Δ 47%)

Maintenance to 52 weeks (15 / 30mg)
Clinical remission 42% / 52% vs. 12% PBO (Δ 30-40%)
Endoscopic improvement: 49% / 62% vs. 14% (Δ 35-48%)
Significant improvement in steroid-free remission
Significant increase in HEMI
",Slightly Better,,,,,,,,,,,,,Draft,2024-10-03 20:05:00.000,2025-01-09 15:29:00.000
265,LC81413,LC81413_IND001,Efficacy,Endpoint / Claim 2,,,,Rinvoq (upadacitinib) JAK inhibitor Approved,,Slightly Better,,,,,,,,,,,,,Draft,2024-10-03 20:05:00.000,2025-01-09 15:29:00.000
266,LC81413,LC81413_IND001,Safety & Warnings,Basic Safety profile,"No boxed warning
No lab monitoring; no TB screening
Mild side effects (e.g. headache, GI)
",,,Rinvoq (upadacitinib) JAK inhibitor Approved,"Black box warning
Increased risk of serious infections including TB
Higher rate of all-cause mortality, including sudden CV death, higher rate of MACE, and increased incidence of PE and DVT with another JAK inhibitor vs. TNF blockers in RA patients
Malignances have occurred in pts treated with Rinvoq; higher rate of lymphomas and lung cancer with another JAK inhibitor vs. TNF blockers in RA
Thrombosis has occurred with Rinvoq
",Slightly Better,,,,,,,,,,,,,Draft,2024-10-03 20:05:00.000,2025-01-09 15:29:00.000
267,LC81414,LC81414_IND001,Expected Indication,Indication,"Moderately to severely active ulcerative colitis in adults
",,,Rinvoq (upadacitinib) JAK inhibitor Approved,"Moderately to severely active ulcerative colitis in adults who have had an inadequate response or intolerance to one or more TNF blockers (FDA only; no restriction in EU)
",Slightly Better,,,,,,,,,,,,,Publish,2024-10-03 22:13:00.000,2024-10-03 22:13:00.000
268,LC81414,LC81414_IND001,"Dosing, administration & device",Route of administration,"Targeting SC, Q4W
",,,Rinvoq (upadacitinib) JAK inhibitor Approved,PO,Slightly Worse,,,,,,,,,,,,,Publish,2024-10-03 22:13:00.000,2024-10-03 22:13:00.000
269,LC81414,LC81414_IND001,"Dosing, administration & device",Dosage,TBD,,,Rinvoq (upadacitinib) JAK inhibitor Approved,"45mg oral capsule, once daily for induction, followed by 15mg or 30mg once daily for maintenance
",Slightly Worse,,,,,,,,,,,,,Publish,2024-10-03 22:13:00.000,2024-10-03 22:13:00.000
270,LC81414,LC81414_IND001,"Dosing, administration & device",Patient Population/schedule,,,,Rinvoq (upadacitinib) JAK inhibitor Approved,,Slightly Worse,,,,,,,,,,,,,Publish,2024-10-03 22:13:00.000,2024-10-03 22:13:00.000
271,LC81414,LC81414_IND001,"Dosing, administration & device",Primary Packaging (Device),,,,Rinvoq (upadacitinib) JAK inhibitor Approved,,Slightly Worse,,,,,,,,,,,,,Publish,2024-10-03 22:13:00.000,2024-10-03 22:13:00.000
272,LC81414,LC81414_IND001,Efficacy,Endpoint / Claim 1,"Study Design: 
	50/50 bio-naïve; bio-experienced
Re-randomize induction responders to maintenance
Induction at week 12
Clinical remission (modified Mayo): 
	33% vs. 8% PBO (Δ25%)
Endoscopic improvement 
	47% vs. 12% PBO  (Δ35%); 
Clinical response: 75% vs. 30% PBO (Δ45%)

Maintenance at week 52
Clinical remission: 
	45% vs. 15% PBO (Δ30%)
Endoscopic improvement: 
	60% vs. 20% PBO (Δ40%)
HEMI (hist/endo improvement)
Improvement in PRO measures",,,Rinvoq (upadacitinib) JAK inhibitor Approved,"Induction 8 week 
Average of two Phase 3 studies
Clinical remission (adapted Mayo): 30% vs 5% PBO  (Δ 25%) 
Endoscopic improvement  40% vs. 7% PBO  (Δ 33%) 
Clinical response 73% vs. 26% (Δ 47%)

Maintenance to 52 weeks (15 / 30mg)
Clinical remission 42% / 52% vs. 12% PBO (Δ 30-40%)
Endoscopic improvement: 49% / 62% vs. 14% (Δ 35-48%)
Significant improvement in steroid-free remission
Significant increase in HEMI
",Slightly Better,,,,,,,,,,,,,Publish,2024-10-03 22:13:00.000,2024-10-03 22:13:00.000
273,LC81414,LC81414_IND001,Efficacy,Endpoint / Claim 2,,,,Rinvoq (upadacitinib) JAK inhibitor Approved,,Slightly Better,,,,,,,,,,,,,Publish,2024-10-03 22:13:00.000,2024-10-03 22:13:00.000
274,LC81414,LC81414_IND001,Safety & Warnings,Basic Safety profile,"No boxed warning
No lab monitoring; no TB screening
Mild side effects (e.g. headache, GI)
",,,Rinvoq (upadacitinib) JAK inhibitor Approved,"Black box warning
Increased risk of serious infections including TB
Higher rate of all-cause mortality, including sudden CV death, higher rate of MACE, and increased incidence of PE and DVT with another JAK inhibitor vs. TNF blockers in RA patients
Malignances have occurred in pts treated with Rinvoq; higher rate of lymphomas and lung cancer with another JAK inhibitor vs. TNF blockers in RA
Thrombosis has occurred with Rinvoq
",Slightly Better,,,,,,,,,,,,,Publish,2024-10-03 22:13:00.000,2024-10-03 22:13:00.000
275,LC81391,LC81391_IND001,Expected Indication,Indication,"Treatment of patients 12 years and older  with moderate-to-severe atopic dermatitis whose disease is not adequately controlled with topical prescription therapies or when those therapies are not advisable. 
",,,Dupixent1 (IL4-R antagonist) ,"Treatment of patients 6 months and older with moderate-to-severe atopic dermatitis whose disease is not adequately controlled with topical prescription therapies or when those therapies are not advisable. 
",Slightly Worse,,,Rinvoq (JAK1 inhibitor)  Marketed,"Treatment of adults and pediatric patients 12 years of age and older with refractory,
moderate to severe atopic dermatitis whose disease is not adequately controlled with other systemic drug products, including biologics, or when use of those therapies are inadvisable
",Slightly Better,,,,,,,,Publish,2024-10-03 22:33:00.000,2024-10-03 22:33:00.000
276,LC81391,LC81391_IND001,"Dosing, administration & device",Route of administration,PO,,,Dupixent1 (IL4-R antagonist) ,Injectable SC Q2W,Slightly Better,,,Rinvoq (JAK1 inhibitor)  Marketed,PO,Equivalent,,,,,,,,Publish,2024-10-03 22:33:00.000,2024-10-03 22:33:00.000
277,LC81391,LC81391_IND001,"Dosing, administration & device",Dosage,"TBD
Base: QD, downside: BID
Maximum pills per dose: 2
",,,Dupixent1 (IL4-R antagonist) ,"Initial dose of 600 mg, followed by 300 mg given every other week ",Slightly Better,,,Rinvoq (JAK1 inhibitor)  Marketed,"Initiate treatment with 15 mg orally once daily. If an adequate response is not achieved, consider increasing the dosage to 30 mg orally once daily.
",Equivalent,,,,,,,,Publish,2024-10-03 22:33:00.000,2024-10-03 22:33:00.000
278,LC81391,LC81391_IND001,"Dosing, administration & device",Patient Population/schedule,,,,Dupixent1 (IL4-R antagonist) ,,Slightly Better,,,Rinvoq (JAK1 inhibitor)  Marketed,,Equivalent,,,,,,,,Publish,2024-10-03 22:33:00.000,2024-10-03 22:33:00.000
279,LC81391,LC81391_IND001,"Dosing, administration & device",Primary Packaging (Device),,,,Dupixent1 (IL4-R antagonist) ,,Slightly Better,,,Rinvoq (JAK1 inhibitor)  Marketed,,Equivalent,,,,,,,,Publish,2024-10-03 22:33:00.000,2024-10-03 22:33:00.000
280,LC81391,LC81391_IND001,Efficacy,Endpoint / Claim 1,"STAT6 (pbo adj) at week 16 in monotherapy

IGA:  30%
EASI-90:  30%
EASI-75:  40%
NRS>4:  30%

Other measures at week 16: better than or no worse than SoC at the time of launch
EASI-100 (%) / % Pruritus NRS ≥4  / % DLQI ≥4 / % POEM ≥4 /ADCT / SCORAD
",,,Dupixent1 (IL4-R antagonist) ,"Dupilumab (pbo adj) at week 16 in monotherapy

IGA:  28%
EASI-90:  25-28%
EASI-75:  34-36%
NRS>4: 26-29%
",Equivalent,,,Rinvoq (JAK1 inhibitor)  Marketed,"Upadacitinib (pbo adj) at week 16 in monotherapy

IGA:  34-40% (15mg), 47-54% (30mg) 
EASI-90:  37-45% (15 mg), 54-58% (30mg)
EASI-75:  47-57% (15mg), 60-64% (30mg) 
NRS >4:  39-40% (15mg), 48-51% (30mg)
",Slightly Worse,,,,,,,,Publish,2024-10-03 22:33:00.000,2024-10-03 22:33:00.000
281,LC81391,LC81391_IND001,Efficacy,Endpoint / Claim 2,,,,Dupixent1 (IL4-R antagonist) ,,Equivalent,,,Rinvoq (JAK1 inhibitor)  Marketed,,Slightly Worse,,,,,,,,Publish,2024-10-03 22:33:00.000,2024-10-03 22:33:00.000
282,LC81391,LC81391_IND001,Safety & Warnings,Basic Safety profile,"No boxed warning
Well tolerated
",,,Dupixent1 (IL4-R antagonist) ,"No box warning
Moderate injection site reactions
Conjunctivitis
Keratitis
",Equivalent,,,Rinvoq (JAK1 inhibitor)  Marketed,"Box warning: 
Serious infections
Malignancy
Thrombosis
Acne, upper respiratory tract infection and nasopharyngitis
",Slightly Better,,,,,,,,Publish,2024-10-03 22:33:00.000,2024-10-03 22:33:00.000
283,SAR443579,SAR443579_IND001,Expected Indication,Indication,"
Patients with relapsed or refractory acute myeloid leukemia to at least 1 prior therapy 
",,,"Intermediate-Dose Cytarabine, VALOR & CLASSIC-1","WT: no indication for chemo, nor for venetoclax/azacitidine off-label use
",Slightly Better,,,,,,,,,,,,,Publish,2024-10-04 16:39:00.000,2024-10-09 17:59:00.000
284,SAR443579,SAR443579_IND001,"Dosing, administration & device",Route of administration,"IV

",,,"Intermediate-Dose Cytarabine, VALOR & CLASSIC-1","IV: cytotoxic chemotherapeutic regimens (cytarabine 1g/m(2) IV days 1-5 (IDAC)

Other agents:
Oral: only for subset of molecularly targeted therapies (venetoclax, enasidenib, ivosidenib, gilteritinib) 

IV/SC: hypomethylating agent (azacitidine, decitabine)  
",Slightly Better,,,,,,,,,,,,,Publish,2024-10-04 16:39:00.000,2024-10-09 18:00:00.000
285,SAR443579,SAR443579_IND001,"Dosing, administration & device",Dosage,"QW 1mg in 28-day cycles, for 3 cycles followed by Q4W for maintenance
Companion diagnostic: may not be necessary given high expression of CD123 (75-89%). Confirmation pending further clinical data",,,"Intermediate-Dose Cytarabine, VALOR & CLASSIC-1",,Slightly Better,,,,,,,,,,,,,Publish,2024-10-04 16:39:00.000,2024-10-09 18:00:00.000
286,SAR443579,SAR443579_IND001,"Dosing, administration & device",Patient Population/schedule,"Adult patients with relapsed or refractory acute myeloid leukemia to at least 1 prior therapy 
",,,"Intermediate-Dose Cytarabine, VALOR & CLASSIC-1",off-label,Slightly Better,,,,,,,,,,,,,Publish,2024-10-04 16:39:00.000,2024-10-09 18:00:00.000
287,SAR443579,SAR443579_IND001,"Dosing, administration & device",Primary Packaging (Device),vial,,,"Intermediate-Dose Cytarabine, VALOR & CLASSIC-1",,Slightly Better,,,,,,,,,,,,,Publish,2024-10-04 16:39:00.000,2024-10-09 18:00:00.000
288,SAR443579,SAR443579_IND001,Efficacy,Endpoint / Claim 1,"CR+Cri (mDoR): 35% (5 mo)
4-month EFS: 37%
mOS: 9.4 mo (HR = 0.65)

",,,"Intermediate-Dose Cytarabine, VALOR & CLASSIC-1","CR+Cri (mDoR): 22.8% (3.2 mo)
4-month EFS: 16.6%
mOS: 6.1 mo (HR = 0.65)",Slightly Better,,,,,,,,,,,,,Publish,2024-10-04 16:40:00.000,2024-10-09 18:00:00.000
289,SAR443579,SAR443579_IND001,Efficacy,Endpoint / Claim 2,"Transfusion Dependent to Independent: 40%
% pts undergo transplant: 29.5% (45.8%<60, 20.2%≥60)
30/60-Day Mortality: 2%/7%
PROs:
Improvement of disease symptoms (fatigue, possibly anxiety) and overall QoL
Improved tolerability compared to chemo
[E.g., PROs, transfusion dependence, neutrophil counts, lymphocyte counts, MRD, long term survival expectations]",,,"Intermediate-Dose Cytarabine, VALOR & CLASSIC-1","Transfusion Dependent to Independent: 34%3
% pts undergo ASCT: 29.5% (45.8%<60, 20.2%≥60)
30/60-Day Mortality: 6.6%/19.4%
Mutation sub-analyses:
mOS: FLT3 = 9.3, IDH1/2: 8.8 / 9.3
CR+CRh (mDoR): 
FLT3: 23% (mDoR: 7.4 mo), 30% incidence
IDH1/2: 33% (8.2 mo) / 23% (8.2 mo), 15% incidence",Slightly Better,,,,,,,,,,,,,Publish,2024-10-04 16:40:00.000,2024-10-09 18:00:00.000
290,SAR443579,SAR443579_IND001,Safety & Warnings,Basic Safety profile,"Anticipated safety profile: TRAEs: Infusion reAnticipated safety profile: TRAEs: Infusion reactions (most ≤GR2), limited cytokine release (<5% GR3, ≤20% GR1/2)
Non-TRAEs: myelosuppression, tumor lysis syndrome (TBC, prior chemo effect), immune effector cell associated neurotoxicity (no reports to date)
actions (most ≤GR2), limited cytokine release (no GR3, ≤20% GR1/2)
Non-TRAEs: myelosuppression, tumor lysis syndrome (TBC, prior chemo effect), immune effector cell associated neurotoxicity (no reports to date)
",,,"Intermediate-Dose Cytarabine, VALOR & CLASSIC-1","Standard chemo-based intensive induction: hematological, cardiac, liver toxicities, tumor lysis syndrome
",Better,,,,,,,,,,,,,Publish,2024-10-04 16:40:00.000,2024-10-09 18:00:00.000
291,SAR443579,SAR443579_IND007,Expected Indication,Indication,"SAR’579 is indicated for treatment of patients with the following French-American-British (FAB) myelodysplastic syndrome subtypes: refractory anemia (RA) or refractory anemia with ringed sideroblasts (if accompanied by neutropenia or thrombocytopenia or requiring transfusions), refractory anemia with excess blasts (RAEB), refractory anemia with excess blasts in transformation (RAEB-T), and chronic myelomonocytic leukemia (CMMoL).",,,venetoclax + azacitidin,"Venetoclax + Azacitidine is indicated for treatment of patients with the following French-American-British (FAB) myelodysplastic syndrome subtypes: refractory anemia (RA) or refractory anemia with ringed sideroblasts (if accompanied by neutropenia or thrombocytopenia or requiring transfusions), refractory anemia with excess blasts (RAEB), refractory anemia with excess blasts in transformation (RAEB-T), and chronic myelomonocytic leukemia (CMMoL).",Slightly Better,,,,,,,,,,,,,Publish,2024-10-04 16:49:00.000,2024-10-09 17:53:00.000
292,SAR443579,SAR443579_IND007,"Dosing, administration & device",Route of administration,"IV
",,,venetoclax + azacitidin,IV/SC (azacitidin) and Oral (venetoclax),Slightly Better,,,,,,,,,,,,,Publish,2024-10-04 16:49:00.000,2024-10-09 17:53:00.000
293,SAR443579,SAR443579_IND007,"Dosing, administration & device",Dosage,"QW 1mg in 28-day cycles, for 3 cycles followed by Q4W for maintenance",,,venetoclax + azacitidin,"Venetoclax, oral: 
Day 1: 100mg; day 2 200mg; day 3 400mg, days 4+ 400mg QD with aza. Continue until disease progression or unacceptable toxicity

Azacitidine, IV/SC: 
75mg/m2 QD for 7 days. Repeat cycle every 4 weeks, minimum 4-6 cycles
",Slightly Better,,,,,,,,,,,,,Publish,2024-10-04 16:49:00.000,2024-10-09 17:53:00.000
294,SAR443579,SAR443579_IND007,"Dosing, administration & device",Patient Population/schedule,"patients with the following French-American-British (FAB) myelodysplastic syndrome subtypes: refractory anemia (RA) or refractory anemia with ringed sideroblasts (if accompanied by neutropenia or thrombocytopenia or requiring transfusions), refractory anemia with excess blasts (RAEB), refractory anemia with excess blasts in transformation (RAEB-T), and chronic myelomonocytic leukemia (CMMoL).",,,venetoclax + azacitidin," patients with the following French-American-British (FAB) myelodysplastic syndrome subtypes: refractory anemia (RA) or refractory anemia with ringed sideroblasts (if accompanied by neutropenia or thrombocytopenia or requiring transfusions), refractory anemia with excess blasts (RAEB), refractory anemia with excess blasts in transformation (RAEB-T), and chronic myelomonocytic leukemia (CMMoL).",Slightly Better,,,,,,,,,,,,,Publish,2024-10-04 16:49:00.000,2024-10-09 17:54:00.000
295,SAR443579,SAR443579_IND007,"Dosing, administration & device",Primary Packaging (Device),Vial,,,venetoclax + azacitidin,,Slightly Better,,,,,,,,,,,,,Publish,2024-10-04 16:49:00.000,2024-10-09 17:54:00.000
296,SAR443579,SAR443579_IND007,Efficacy,Endpoint / Claim 1,"mORR (mDOR)=40%
mPFS=13.2 mo (HR=0.65)
mOS=18 mo (HR=0.7)
",,,venetoclax + azacitidin,"mORR (mDOR)=38.6%
mPFS=8.6 mo (HR=0.65)
mOS=12.6mo (HR=0.7)",Slightly Better,,,,,,,,,,,,,Publish,2024-10-04 16:49:00.000,2024-10-09 17:54:00.000
297,SAR443579,SAR443579_IND007,Efficacy,Endpoint / Claim 2,"Transfusion Dependent to Independent (platelet & RBC): 40%
",,,venetoclax + azacitidin,"Transfusion Dependent to Independent (platelet & RBC): 31.3%
",Slightly Better,,,,,,,,,,,,,Publish,2024-10-04 16:49:00.000,2024-10-09 17:54:00.000
298,SAR443579,SAR443579_IND007,Safety & Warnings,Basic Safety profile,"Anticipated safety profile: TRAEs: Infusion reactions (most ≤GR2), limited cytokine release (no GR3, ≤20% GR1/2)

Non-TRAEs: myelosuppression, tumor lysis syndrome (TBC, prior chemo effect), immune effector cell associated neurotoxicity (no reports to date)",,,venetoclax + azacitidin,"100% of patients experienced a ≥GR3 AE
82% experienced hematologic AE
32% ≥GR3 thrombocytopenia
27% ≥GR3 neutropenia; 34% ≥GR3 febrile neutropenia
18% ≥GR3 anemia; 23% ≥GR3 pneumonia
Commonly occurring Grade ≥ 3 non‐hematologic AEs experienced by ≥25% of patients were nausea (48%), constipation (46%), diarrhea (39%), and fatigue (36%)
21% discontinuation due to TEAE
",Better,,,,,,,,,,,,,Publish,2024-10-04 16:49:00.000,2024-10-09 17:54:00.000
299,SAR443579,SAR443579_IND002,Expected Indication,Indication,"In combination with azacytidine and venetoclax for the treatment of newly diagnosed acute myeloid leukemia (AML) in adults 75 years or older, or who have comorbidities that preclude use of intensive induction chemotherapy.",,,venetoclax,"In combination with azacitidine for the treatment of newly diagnosed acute myeloid leukemia (AML) in adults 75 years or older, or who have comorbidities that preclude use of intensive induction chemotherapy.",Equivalent,,,,,,,,,,,,,Draft,2024-10-04 18:14:00.000,2024-10-04 18:23:00.000
300,SAR443579,SAR443579_IND002,"Dosing, administration & device",Route of administration,"IV (SAR579), Oral (venetoclax) and IV/SC (azacytidin)",,,venetoclax,Oral (venetoclax) and IV/SC (azacytidin),Equivalent,,,,,,,,,,,,,Draft,2024-10-04 18:14:00.000,2024-10-04 18:24:00.000
301,SAR443579,SAR443579_IND002,"Dosing, administration & device",Dosage,"SAR’579:
QW 1mg in 28-day cycles, for 3 cycles followed by Q4W for maintenance

Venetoclax:
Day 1: 100mg; day 2 200mg; day 3 400mg, days 4+ 400mg QD with option to stop at 14 days or later, unless disease progression or unacceptable tox

Azacitidine: 
75mg/m2 QD for 7 days. Repeat cycle every 4 weeks, minimum 4-6 cycles
",,,venetoclax,"Day 1: 100mg; day 2 200mg; day 3 400mg, days 4+ 400mg QD with aza/dec OR 600mg QD with LoDAC. Continue until disease progression or unacceptable toxicity

Azacitidine:
75mg/m2 QD for 7 days. Repeat cycle every 4 weeks, minimum 4-6 cycles
",Equivalent,,,,,,,,,,,,,Draft,2024-10-04 18:14:00.000,2024-10-04 18:24:00.000
302,SAR443579,SAR443579_IND002,"Dosing, administration & device",Patient Population/schedule,"adults 75 years or older, or who have comorbidities that preclude use of intensive induction chemotherapy.",,,venetoclax,"newly diagnosed acute myeloid leukemia (AML) in adults 75 years or older, or who have comorbidities that preclude use of intensive induction chemotherapy.",Equivalent,,,,,,,,,,,,,Draft,2024-10-04 18:14:00.000,2024-10-04 18:24:00.000
303,SAR443579,SAR443579_IND002,"Dosing, administration & device",Primary Packaging (Device),Vial,,,venetoclax,,Equivalent,,,,,,,,,,,,,Draft,2024-10-04 18:14:00.000,2024-10-04 18:24:00.000
304,SAR443579,SAR443579_IND002,Efficacy,Endpoint / Claim 1,"CR (mDoR)= 53% (25 mo)
mEFS= 15.1 mo (HR = 0.65)
mOS=21 mo (HR = 0.7)
",,,venetoclax,"CR (mDoR)= 36.7% (17.5 mo)
mEFS= 9.8 mo 
mOS=14.7 mo ",Slightly Better,,,,,,,,,,,,,Draft,2024-10-04 18:14:00.000,2024-10-04 18:24:00.000
305,SAR443579,SAR443579_IND002,Efficacy,Endpoint / Claim 2,"Red-Cell Transfusion Independence:
Platelet Transfusion Independence:
CR by cycle 2 initiation:
MRD (for CR/CRi): 
Dose interruptions:
30-day mortality: 
Mutation sub-analyses
TP53 (CR/CRi):",,,venetoclax,"Red-Cell Transfusion Independence: 59.8%
Platelet Transfusion Independence: 68.5%
CR by cycle 2 initiation: 43.4%
MRD (for CR/CRi): 23.4%
Dose interruptions: 53% of patients
30-day mortality: 7%
Mutation sub-analyses
TP53 (CR/CRi): 55.3%",Slightly Better,,,,,,,,,,,,,Draft,2024-10-04 18:14:00.000,2024-10-04 18:24:00.000
306,SAR443579,SAR443579_IND002,Safety & Warnings,Basic Safety profile,"Anticipated safety profile: TRAEs: Infusion reactions (most ≤GR2), limited cytokine release (no GR3, ≤20% GR1/2). Reduced cytopenias due to adjusted ven dosing.
Non-TRAEs: myelosuppression, tumor lysis syndrome (TBC, prior chemo effect), immune effector cell associated neurotoxicity (no reports to date)",,,venetoclax,"99% of patients experienced a ≥GR3 AE
82% experienced hematologic AE
45% ≥GR3 thrombocytopenia
42% ≥GR3 neutropenia; 42% ≥GR3 febrile neutropenia
26% ≥GR3 anemia; 21% ≥GR3 leukopenia
Constipation, diarrhea, vomiting",Slightly Better,,,,,,,,,,,,,Draft,2024-10-04 18:14:00.000,2024-10-04 18:24:00.000
307,SAR443579,SAR443579_IND008,Expected Indication,Indication,For adult patients with acute myeloid leukemia who received intensive induction and achieved complete remission (CR) but are still MRD+,,,High dose cytarabin (HiDAC),"Cytarabine Injection in combination with other approved anti-cancer drugs is indicated for remission induction in acute non-lymphocytic leukemia of adults and pediatric patients.
",Slightly Better,,,,,,,,,,,,,Publish,2024-10-04 18:31:00.000,2024-10-09 17:54:00.000
308,SAR443579,SAR443579_IND008,"Dosing, administration & device",Route of administration,IV,,,High dose cytarabin (HiDAC),IV,Better,,,,,,,,,,,,,Publish,2024-10-04 18:31:00.000,2024-10-09 17:55:00.000
309,SAR443579,SAR443579_IND008,"Dosing, administration & device",Dosage,"QW 

Companion diagnostic: may not be necessary given high expression of CD123 (75-89%). Confirmation after early clinical data",,,High dose cytarabin (HiDAC),"Cytarabine: 100-200 mg/m2 CI, days 1-7 (3 cycles)
Plus one of:
Daunorubicin: 60-90 mg/m2 days 1-3
Idarubicin: 12 mg/m2, days 1-3
Mitoxantrone: 12 mg/m2, days 1-3",Better,,,,,,,,,,,,,Publish,2024-10-04 18:31:00.000,2024-10-09 17:55:00.000
310,SAR443579,SAR443579_IND008,"Dosing, administration & device",Patient Population/schedule,patients with acute myeloid leukemia who received intensive induction and achieved complete remission (CR) but are still MRD+,,,High dose cytarabin (HiDAC),adult & pediatric patients with acute non-lymphocytic leukemia ,Better,,,,,,,,,,,,,Publish,2024-10-04 18:31:00.000,2024-10-09 17:55:00.000
311,SAR443579,SAR443579_IND008,"Dosing, administration & device",Primary Packaging (Device),"Vial
Device TBD",,,High dose cytarabin (HiDAC),,Better,,,,,,,,,,,,,Publish,2024-10-04 18:31:00.000,2024-10-09 17:55:00.000
312,SAR443579,SAR443579_IND008,Efficacy,Endpoint / Claim 1,"3 yr OS

20% risk reduction (HR = 0.8, corresponding mOS = 84.1m)
",,,High dose cytarabin (HiDAC),"3 yr OS = 69% (approx. 67.2m mOS)
",Equivalent,,,,,,,,,,,,,Publish,2024-10-04 18:31:00.000,2024-10-09 17:55:00.000
313,SAR443579,SAR443579_IND008,Efficacy,Endpoint / Claim 2,"3 yr DFS 

25% risk reduction (HR = 0.75, corresponding RFS = 42.8m)
",,,High dose cytarabin (HiDAC),"3 yr Disease Free Survival (DFS) = 46% (approx. 32.1m mDFS)

",Equivalent,,,,,,,,,,,,,Publish,2024-10-04 18:31:00.000,2024-10-09 17:55:00.000
314,SAR443579,SAR443579_IND008,Safety & Warnings,Basic Safety profile,"Anticipated safety profile: Infusion reactions, cytokine release manifestations (anticipated to be lower in incidence & severity than those induced by TCE), immune-mediated cytopenias, tumor lysis syndrome.
",,,High dose cytarabin (HiDAC),"bone marrow suppression with leukopenia, thrombocytopenia and anemia. Less serious toxicity includes nausea, vomiting, diarrhea and abdominal pain, oral ulceration, and hepatic dysfunction. Thrombocytopenia (97%) Leukopenia (97%)
 Neutropenia (74%)
",Better,,,,,,,,,,,,,Publish,2024-10-04 18:31:00.000,2024-10-09 17:55:00.000
315,SAR443579,SAR443579_IND004,Expected Indication,Indication,"Treatment of patients with relapsed or refractory acute myeloid leukemia to at least 1 prior therapy 
",,,"Intermediate-Dose Cytarabine, VALOR1 and CLASSIC-12)","WT: no indication for chemo, nor for venetoclax/azacitidine off-label use
",Slightly Better,,,,,,,,,,,,,Publish,2024-10-04 18:49:00.000,2024-10-08 15:56:00.000
316,SAR443579,SAR443579_IND004,"Dosing, administration & device",Route of administration,IV,,,"Intermediate-Dose Cytarabine, VALOR1 and CLASSIC-12)",IV/SC/Oral,Slightly Better,,,,,,,,,,,,,Publish,2024-10-04 18:49:00.000,2024-10-08 15:56:00.000
317,SAR443579,SAR443579_IND004,"Dosing, administration & device",Dosage,"QW 1mg in 28-day cycles, for 3 cycles followed by Q4W for maintenance

SAR’245: Q2W IV 16 ug/kg, for 3 cycles cycles followed by Q4W for maintenance",,,"Intermediate-Dose Cytarabine, VALOR1 and CLASSIC-12)","IV: cytotoxic chemotherapeutic regimens (cytarabine 1g/m(2) IV days 1-5 (IDAC)

Other agents:

Oral: only for subset of molecularly targeted therapies (venetoclax, enasidenib, ivosidenib, gilteritinib)
 
IV/SC: hypomethylating agent (azacitidine, decitabine)  
",Slightly Better,,,,,,,,,,,,,Publish,2024-10-04 18:49:00.000,2024-10-08 15:56:00.000
318,SAR443579,SAR443579_IND004,"Dosing, administration & device",Patient Population/schedule,"patients with relapsed or refractory acute myeloid leukemia to at least 1 prior therapy 
",,,"Intermediate-Dose Cytarabine, VALOR1 and CLASSIC-12)",NA,Slightly Better,,,,,,,,,,,,,Publish,2024-10-04 18:49:00.000,2024-10-08 15:56:00.000
319,SAR443579,SAR443579_IND004,"Dosing, administration & device",Primary Packaging (Device),Vial,,,"Intermediate-Dose Cytarabine, VALOR1 and CLASSIC-12)",,Slightly Better,,,,,,,,,,,,,Publish,2024-10-04 18:49:00.000,2024-10-08 15:56:00.000
320,SAR443579,SAR443579_IND004,Efficacy,Endpoint / Claim 1,"CR+Cri (mDoR)= 45% (10 mo)
4-month EFS = >50%
mOS=10.2 mo (HR = 0.6)
",,,"Intermediate-Dose Cytarabine, VALOR1 and CLASSIC-12)","CR+Cri (mDoR)= 22.8% [CR = 17.8%, CRi = 5%] (3.8)
4-month EFS = 16.6%
mOS=6.1 mo 
",Better,,,,,,,,,,,,,Publish,2024-10-04 18:49:00.000,2024-10-08 15:56:00.000
321,SAR443579,SAR443579_IND004,Efficacy,Endpoint / Claim 2,"PROs:
Improvement of disease symptoms (fatigue, possibly anxiety) and overall QoL
[E.g., PROs, transfusion dependence, neutrophil counts, lymphocyte counts, MRD, long term survival expectations]
",,,"Intermediate-Dose Cytarabine, VALOR1 and CLASSIC-12)","Transfusion Dependent to Independent: 34%3
% pts undergo ASCT: 29.5% (45.8%<60, 20.2%≥60)
30/60-Day Mortality: 6.6%/19.4%
Mutation sub-analyses:
mOS: FLT3 = 9.3, IDH1/2: 8.8 / 9.3
CR+CRh (mDoR): 
FLT3: 23% (mDoR: 7.4 mo), 30% incidence
IDH1/2: 33% (8.2 mo) / 23% (8.2 mo), 15% incidence
",Better,,,,,,,,,,,,,Publish,2024-10-04 18:49:00.000,2024-10-08 15:56:00.000
322,SAR443579,SAR443579_IND004,Safety & Warnings,Basic Safety profile,"Infusion Reactions:  
CRS: ~20%; ≥GR3 ~3%
IRR:  ~35%; ≥GR3 ~3%
Although infusion reactions, including CRS, occur commonly in treated subjects, the majority of these events are tolerable as they are ​ (i) low grade, (ii) do not require specific treatment or drug discontinuation, and (iii) resolve without sequelae within 3 days of onset.​ While some patients experience several recurrences, these TRAEs are not expected to always be experienced at each administration. No particular pattern of increasing or decreasing severity of recurrent TRAEs has been established.

Transient liver abnormalities observed (most cases due to CRS/IRR and immune related hepatitis).

No contraindications. 

Precautions and warnings include immune related AE, CRS or IRR (severe or life-threatening IRR <10%) 
",,,"Intermediate-Dose Cytarabine, VALOR1 and CLASSIC-12)","Standard chemo-based intensive induction: hematological, cardiac, liver toxicities, tumor lysis syndrome
",Better,,,,,,,,,,,,,Publish,2024-10-04 18:49:00.000,2024-10-08 15:56:00.000
323,SAR443579,SAR443579_IND002,Expected Indication,Indication,"In combination with azacytidine and venetoclax for the treatment of newly diagnosed acute myeloid leukemia (AML) in adults 75 years or older, or who have comorbidities that preclude use of intensive induction chemotherapy.",,,venetoclax + azacytidin,"In combination with azacitidine for the treatment of newly diagnosed acute myeloid leukemia (AML) in adults 75 years or older, or who have comorbidities that preclude use of intensive induction chemotherapy.",Equivalent,,,,,,,,,,,,,Publish,2024-10-04 18:51:00.000,2024-10-09 17:56:00.000
324,SAR443579,SAR443579_IND002,"Dosing, administration & device",Route of administration,"IV (SAR579), Oral (venetoclax) and IV/SC (azacytidin)",,,venetoclax + azacytidin,Oral (venetoclax) and IV/SC (azacytidin),Equivalent,,,,,,,,,,,,,Publish,2024-10-04 18:51:00.000,2024-10-09 17:56:00.000
325,SAR443579,SAR443579_IND002,"Dosing, administration & device",Dosage,"SAR’579:
QW 1mg in 28-day cycles, for 3 cycles followed by Q4W for maintenance

Venetoclax:
Day 1: 100mg; day 2 200mg; day 3 400mg, days 4+ 400mg QD with option to stop at 14 days or later, unless disease progression or unacceptable tox

Azacitidine: 
75mg/m2 QD for 7 days. Repeat cycle every 4 weeks, minimum 4-6 cycles
",,,venetoclax + azacytidin,"Day 1: 100mg; day 2 200mg; day 3 400mg, days 4+ 400mg QD with aza/dec OR 600mg QD with LoDAC. Continue until disease progression or unacceptable toxicity

Azacitidine:
75mg/m2 QD for 7 days. Repeat cycle every 4 weeks, minimum 4-6 cycles
",Equivalent,,,,,,,,,,,,,Publish,2024-10-04 18:51:00.000,2024-10-09 17:56:00.000
326,SAR443579,SAR443579_IND002,"Dosing, administration & device",Patient Population/schedule,"adults 75 years or older, or who have comorbidities that preclude use of intensive induction chemotherapy.",,,venetoclax + azacytidin,"newly diagnosed acute myeloid leukemia (AML) in adults 75 years or older, or who have comorbidities that preclude use of intensive induction chemotherapy.",Equivalent,,,,,,,,,,,,,Publish,2024-10-04 18:51:00.000,2024-10-09 17:56:00.000
327,SAR443579,SAR443579_IND002,"Dosing, administration & device",Primary Packaging (Device),Vial,,,venetoclax + azacytidin,,Equivalent,,,,,,,,,,,,,Publish,2024-10-04 18:51:00.000,2024-10-09 17:56:00.000
328,SAR443579,SAR443579_IND002,Efficacy,Endpoint / Claim 1,"CR (mDoR)= 53% (25 mo)
mEFS= 15.1 mo (HR = 0.65)
mOS=21 mo (HR = 0.7)
",,,venetoclax + azacytidin,"CR (mDoR)= 36.7% (17.5 mo)
mEFS= 9.8 mo 
mOS=14.7 mo ",Slightly Better,,,,,,,,,,,,,Publish,2024-10-04 18:51:00.000,2024-10-09 17:56:00.000
329,SAR443579,SAR443579_IND002,Efficacy,Endpoint / Claim 2,"Red-Cell Transfusion Independence:
Platelet Transfusion Independence:
CR by cycle 2 initiation:
MRD (for CR/CRi): 
Dose interruptions:
30-day mortality: 
Mutation sub-analyses
TP53 (CR/CRi):",,,venetoclax + azacytidin,"Red-Cell Transfusion Independence: 59.8%
Platelet Transfusion Independence: 68.5%
CR by cycle 2 initiation: 43.4%
MRD (for CR/CRi): 23.4%
Dose interruptions: 53% of patients
30-day mortality: 7%
Mutation sub-analyses
TP53 (CR/CRi): 55.3%",Slightly Better,,,,,,,,,,,,,Publish,2024-10-04 18:51:00.000,2024-10-09 17:56:00.000
330,SAR443579,SAR443579_IND002,Safety & Warnings,Basic Safety profile,"Anticipated safety profile: TRAEs: Infusion reactions (most ≤GR2), limited cytokine release (no GR3, ≤20% GR1/2). Reduced cytopenias due to adjusted ven dosing.
Non-TRAEs: myelosuppression, tumor lysis syndrome (TBC, prior chemo effect), immune effector cell associated neurotoxicity (no reports to date)",,,venetoclax + azacytidin,"99% of patients experienced a ≥GR3 AE
82% experienced hematologic AE
45% ≥GR3 thrombocytopenia
42% ≥GR3 neutropenia; 42% ≥GR3 febrile neutropenia
26% ≥GR3 anemia; 21% ≥GR3 leukopenia
Constipation, diarrhea, vomiting",Slightly Better,,,,,,,,,,,,,Publish,2024-10-04 18:51:00.000,2024-10-09 17:56:00.000
331,LC81317,LC81317_IND001,Expected Indication,Indication,"Treatment of Alzheimer’s disease, initiated in patients with MCI or mild dementia stage of AD
",,,,,,,,,,,,,,,,,,Draft,2024-10-07 13:40:00.000,2024-10-07 13:55:00.000
332,LC81317,LC81317_IND001,"Dosing, administration & device",Route of administration,"- IV or SC
- Deviceability dependent on high concentration solution behavior and dose 
",,,,,,,,,,,,,,,,,,Draft,2024-10-07 13:40:00.000,2024-10-07 13:55:00.000
333,LC81317,LC81317_IND001,"Dosing, administration & device",Dosage,- Dose to be determined likely ~ to SAR’088 in CIDP,,,,,,,,,,,,,,,,,,Draft,2024-10-07 13:40:00.000,2024-10-07 13:55:00.000
334,LC81317,LC81317_IND001,"Dosing, administration & device",Patient Population/schedule,,,,,,,,,,,,,,,,,,,Draft,2024-10-07 13:40:00.000,2024-10-07 13:55:00.000
335,LC81317,LC81317_IND001,"Dosing, administration & device",Primary Packaging (Device),,,,,,,,,,,,,,,,,,,Draft,2024-10-07 13:40:00.000,2024-10-07 13:55:00.000
336,LC81317,LC81317_IND001,Efficacy,Endpoint / Claim 1,"~ 30-40% slowing of decline in Clinical Dementia Rating–Sum of Boxes (CDR-SB) vs. Placebo at 18 months  
",,,,,,,,,,,,,,,,,,Draft,2024-10-07 13:40:00.000,2024-10-07 13:55:00.000
337,LC81317,LC81317_IND001,Efficacy,Endpoint / Claim 2,"~ 30-40% slowing of ADAS-Cog score
Change from Baseline in Alzheimer Disease Alzheimer's Disease Rating Scale (iADRS) at 18 months
Supportive Biomarkers including NfL, Neurogranin, and brain volume
",,,,,,,,,,,,,,,,,,Draft,2024-10-07 13:40:00.000,2024-10-07 13:55:00.000
338,LC81317,LC81317_IND001,Safety & Warnings,Basic Safety profile,"- No Boxed warning for ARIA 
- TfR: No safety concern with respect to on or off target liabilities with JR-141, approved TfR - shuttle-based enzyme replacement for Hunter syndrome.
- aC1s: Clean safety profile, similar to sutimlimab and SAR445088
- aC1s: No Meningococcal infections
- aC1s: No development of SLE 
",,,,,,,,,,,,,,,,,,Draft,2024-10-07 13:40:00.000,2024-10-07 13:55:00.000
339,LC81317,LC81317_IND001,Expected Indication,Indication,"<p>Treatment of Alzheimer’s disease, initiated in patients with MCI or mild dementia stage of ALZ.&nbsp;</p>",,,Lecanemab,"<p>Lecanamab and Donanemab: anti-Amyloid antibodies - No existing DMT SOC - emerging use of anti-amyloid TX. No approved anti-inflammatory TXs. - Treatment of Alzheimer’s disease, initiated in patients with MCI or mild dementia stage of AD.&nbsp;</p>",Equivalent,,,Donanemab,<p>Confirm presence of amyloid prior to treatment. Black box warning for ARIA and patients with ApoE ε4 homozygotes. Monotherapy.</p>,Equivalent,,,,,,,,Draft,2024-10-07 14:01:00.000,2025-11-03 15:35:00.000
340,LC81317,LC81317_IND001,"Dosing, administration & device",Route of administration,"<p><span><span><span><span><span><span style=""font-size:11.0pt""><span><span style=""color:black""><span>SC autoinjector self administered QW.</span></span></span></span></span></span></span></span></span></p>",,,Lecanemab,"<p>Q2W or Q4W IV formulation for anti-amyloid therapies (30-60 min infusion time); Lecanemab approved for QW AI maintenance dosing, with ambition to launch as starting dose.</p>",Slightly Better,,,Donanemab,"
",Better,,,,,,,,Draft,2024-10-07 14:01:00.000,2025-11-03 15:35:00.000
341,LC81317,LC81317_IND001,"Dosing, administration & device",Dosage,,,,Lecanemab,,Slightly Better,,,Donanemab,,Better,,,,,,,,Draft,2024-10-07 14:01:00.000,2025-11-03 15:35:00.000
342,LC81317,LC81317_IND001,"Dosing, administration & device",Patient Population/schedule,,,,Lecanemab,,Slightly Better,,,Donanemab,,Better,,,,,,,,Draft,2024-10-07 14:01:00.000,2025-11-03 15:35:00.000
343,LC81317,LC81317_IND001,"Dosing, administration & device",Primary Packaging (Device),,,,Lecanemab,,Slightly Better,,,Donanemab,,Better,,,,,,,,Draft,2024-10-07 14:01:00.000,2025-11-03 15:35:00.000
344,LC81317,LC81317_IND001,Efficacy,Endpoint / Claim 1,"~ 35-40% slowing of decline in Clinical Dementia Rating–Sum of Boxes (CDR-SB) vs. Placebo at 18 months.  
",,,Lecanemab,"Lecanemab demonstrated 27% slowing of decline in Clinical Dementia Rating–Sum of Boxes (CDR-SB) vs placebo at 18 months.  

Donanemab demonstrated 29% slowing. 


",Better,,,Donanemab,,Better,,,,,,,,Draft,2024-10-07 14:01:00.000,2025-11-03 15:35:00.000
345,LC81317,LC81317_IND001,Efficacy,Endpoint / Claim 2,"<p>~ 35-40% slowing&nbsp;of ADAS-Cog score. Supportive biomarkers including GFAP, synaptic markers (SNAP25, neurogranin), and pTau217.</p>",,,Lecanemab,"Lecanemab demonstrated a 26% slowing in ADAS-Cog vs placebo at week 78.

Donanemab demonstrated 20% slowing. 

Significant reduction in brain amyloid PET, CSF neurogranin, and brain volume.
 
",Better,,,Donanemab,,Better,,,,,,,,Draft,2024-10-07 14:01:00.000,2025-11-03 15:35:00.000
346,LC81317,LC81317_IND001,Safety & Warnings,Basic Safety profile,"<p>No Boxed warning for ARIA. Clean safety profile, similar to sutimlimab and riliprubart; requires meningococcal vaccination; No SLE development.&nbsp; &nbsp;TfR: No safety concern with JR-141, approved&nbsp;TfR shuttle-based enzyme replacement for Hunter syndrome. Potential for limited and transient anemia.</p>",,,Lecanemab,"<p>Boxed warning for Amyloid related imagining abnormalities&nbsp; (ARIA).&nbsp;</p><ul><li>Lecanemab: 12.6% vs 1.7% pbo</li><li>Donanemab: 24% vs 2.1% pbo</li><li>Trontinemab: (2nd gen A<span style=""font-size:11pt""><span><span><span>beta</span></span></span></span>&nbsp;Trontinemab (&lt;3% [blinded data])</li></ul>",Better,,,Donanemab,,,,,,,,,,Draft,2024-10-07 14:01:00.000,2025-11-03 15:35:00.000
347,SAR650984,SAR650984_IND005,Expected Indication,Indication,"Isatuximab in combination with bortezomib, lenalidomide and dexamethasone is indicated for the induction treatment of adult patients with newly diagnosed multiple myeloma who are eligible for autologous stem cell transplant (ASCT). Isatuximab in combination with lenalidomide is indicated for maintenance therapy for patients with newly diagnosed MM who have received ASCT. 
",,,"Study Comparator VRd (Takeda, Celgene)","VRD is not a currently approved MM regimen; however, it is a leading SOC in the US. Several trials  exploring VRD in both transplant eligible and not eligible are under discussion with authorities, Profile assumes approval is granted or SOC status can be used to justify comparison
",Slightly Better,,,Market Comparator Daratumumab + VRd/VTD(Janssen),"At time of market entry, daratumumab expected to have broad MM label supported by multiple Ph III studies in NDMM and RRMM with MM SOCs.
Since several years, the only approved quadruplet was daraVTD (CASSIOPEIA study) in both US and EU (less acceptance by US physicians). 
Median PFS for DVTd (mFU 80m): 83.7 ms

but ongoing phase 3 PERSEUS (DVRd) recent readout may change the market competition: already approved in US, under review in EU
Median PFS for DVRd (mFU 47.5m): NR, HR 0.42",Slightly Better,,,,,,,,Publish,2024-10-07 20:42:00.000,2024-10-23 19:33:00.000
348,SAR650984,SAR650984_IND005,"Dosing, administration & device",Route of administration,"Route of administration - IV
Point of care – infusion center
",,,"Study Comparator VRd (Takeda, Celgene)",Point of care : Infusion center,Slightly Better,,,Market Comparator Daratumumab + VRd/VTD(Janssen),"Route of administration – SC w/ Halozyme depot
Point of care – primarily infusion center 
",Slightly Better,,,,,,,,Publish,2024-10-07 20:42:00.000,2024-10-23 19:33:00.000
349,SAR650984,SAR650984_IND005,"Dosing, administration & device",Dosage,,,,"Study Comparator VRd (Takeda, Celgene)",,Slightly Better,,,Market Comparator Daratumumab + VRd/VTD(Janssen),,Slightly Better,,,,,,,,Publish,2024-10-07 20:42:00.000,2024-10-23 19:33:00.000
350,SAR650984,SAR650984_IND005,"Dosing, administration & device",Patient Population/schedule,"Induction: 3 x 6-week cycles of IsaVRd
Primary prophylactic treatment with diphenhydramine, methylprednisolone, ranitidine and acetaminophen 15–30 minutes prior to the start of the isatuximab infusion.
Isatuximab: 10 mg/kg IV, C1 QW, C2-3 Q2W,
Bortezomib: 1.3 mg/m2 SC, days 1, 4, 8, 11, 22, 25, 29, 32
Lenalidomide: 25mg PO, days 1-14, 22-35
Dexamethasone: 20mg PO, days 1,2, 4, 5, 8, 9, 11, 12, 15, 22, 23, 25, 26, 29, 30, 32, 33

Maintenance: 4-week cycles, until disease progression or unacceptable toxicity (treatment duration 36 months)
Isatuximab: 10 mg/kg IV, QW in Cy 1, Q2W in cycles 2-3, Q4W after cycle 3, every 28 days
Lenalidomide: 10 mg IV, continuously on Days 1-28 of repeated 28-day cycles
",,,"Study Comparator VRd (Takeda, Celgene)","Induction: 3 x 6-week cycles of VRd
Bortezomib: 1.3 mg/m2 SC, days 1, 4, 8, 11, 22, 25, 29, 32
Lenalidomide: 25mg PO, days 1-14, 22-35
Dexamethasone: 20mg PO, days 1,2, 4, 5, 8, 9, 11, 12, 15, 22, 23, 25, 26, 29, 30, 32, 33


Maintenance: 4-week cycles, until disease progression or unacceptable toxicity
Lenalidomide: 10 mg IV, continuously on Days 1-28 of repeated 28-day cycles
",Slightly Better,,,Market Comparator Daratumumab + VRd/VTD(Janssen),"Administration schedule combo VRD– C1&2 (QW) days 1,8,15, and 22; cycles 3-6 (Q2W)  days 1 and 15; then maintenance after cycle 6 (Q4W) day 1 of a 28-day cycle No IV loading dose
Pre-infusion prophylaxis – methylprednisolone (100 mg IV before 1st infusion, may be oral after), acetaminophen, and diphenhydramine administered 1-3 hours prior to dara 
Dose – 1,800 mg/15mL fixed dose + 30 kU rHuPH20  (lower volume/high concentration form, being used in all ongoing Ph III)
Duration of administration: 
Dara infusion: 3-5 min (low volume/high concentration )
",Slightly Better,,,,,,,,Publish,2024-10-07 20:42:00.000,2024-10-23 19:33:00.000
351,SAR650984,SAR650984_IND005,"Dosing, administration & device",Primary Packaging (Device),,,,"Study Comparator VRd (Takeda, Celgene)",,Slightly Better,,,Market Comparator Daratumumab + VRd/VTD(Janssen),,Slightly Better,,,,,,,,Publish,2024-10-07 20:42:00.000,2024-10-23 19:33:00.000
352,SAR650984,SAR650984_IND005,Efficacy,Endpoint / Claim 1,"
Primary endpoint #1 (GMMG and EMA SAP): MRD negativity post induction >30% ; 
MRD neg EOI 50.5%
MRD neg after ASCT (without consolidation): 69%
",,,"Study Comparator VRd (Takeda, Celgene)","Not available with the similar design
GEM2012 (6 x 4 weeks induction): 28,8% MRD neg EOI
IFM2008/2009 (3 x 3 weeks induction): 16% MRD neg EOI
DETERMINATION trial: mPFS 67.5 months (mFU 76 m) and MRD neg during all trial (NGS 10-5) 54.4% (limited sample 90/365 pts)
",Slightly Worse,,,Market Comparator Daratumumab + VRd/VTD(Janssen),"
CASSIOPEIA  (dara-VTD)
 Part I: With mFU 80m, the mPFS 83.7m
MRD neg post consolidation 64%

PERSEUS phase 3 (4 x 4 weeks induction, then 2 x 4 weeks consolidation): 
MRD NGS neg: 57.5% post consolidation and 75.2% all over the study
With mFU 47.5m: PFS HR 0,42 (median not reached) with HR benefit in subgroup
",Slightly Worse,,,,,,,,Publish,2024-10-07 20:42:00.000,2024-10-23 19:33:00.000
353,SAR650984,SAR650984_IND005,Efficacy,Endpoint / Claim 2,"Primary endpoint #1 (US SAP)
Key sec EP for EU SAP
(success in primary endpoint #2 is not dependent on success in primary endpoint #1)
mFU 50m, mPFS from 1st randomization NR for induction effect only
",,,"Study Comparator VRd (Takeda, Celgene)","edian PFS: 50 months
",Slightly Worse,,,Market Comparator Daratumumab + VRd/VTD(Janssen),"
CASSIOPEIA  (dara-VTD)
 Part I: With mFU 80m, the mPFS 83.7m
MRD neg post consolidation 64%

PERSEUS phase 3 (4 x 4 weeks induction, then 2 x 4 weeks consolidation): 
MRD NGS neg: 57.5% post consolidation and 75.2% all over the study
With mFU 47.5m: PFS HR 0,42 (median not reached) with HR benefit in subgroup
",Slightly Worse,,,,,,,,Publish,2024-10-07 20:42:00.000,2024-10-23 19:33:00.000
354,SAR650984,SAR650984_IND005,Safety & Warnings,Basic Safety profile,"Manageable toxicity profile 
IAR: 12.7% (≤3% ≥Gr 3) with pre-med prophylaxis
Interference with cross-matching and RBC antibody screening
No significant  additive AEs with VRD
No significant worsening of QoL vs. VRD
",,,"Study Comparator VRd (Takeda, Celgene)","Lenalidomide – hematologic toxicity
bortezomib – peripheral neuropathy
",Equivalent,,,Market Comparator Daratumumab + VRd/VTD(Janssen),"Dara SC: IRRs 6% (1% gr 3/4) 
Interference with cross-matching and RBC antibody screening
Neutropenia and thrombocytopenia
",Equivalent,,,,,,,,Publish,2024-10-07 20:42:00.000,2024-10-23 19:33:00.000
355,SAR650984,SAR650984_IND032,Expected Indication,Indication,"Isatuximab in combination with carfilzomib, lenalidomide and dexamethasone is indicated for induction and consolidation in patients with previously untreated MM who are eligible for ASCT. 
",,,"Study Comparator KRd (Takeda, Celgene)","KRD is not a currently approved MM regimen; however, several trials exploring KRD in transplant eligible are ongoing, Profile assumes approval is granted or SOC status can be used to justify comparison
",Slightly Worse,,,"Market Comparator Daratumumab +D-KRd (ph II, Costa)(Janssen)","At time of market entry, daratumumab expected to have broad MM label supported by multiple Ph III studies in NDMM and RRMM with MM SOCs.   To date, no Ph III study has been initiated with KRD. Ph II study of dara+KRd with MRD neg driven consolidation as primary endpoint is ongoing. 
",Slightly Worse,,,,,,,,Publish,2024-10-07 21:22:00.000,2024-10-23 19:38:00.000
356,SAR650984,SAR650984_IND032,"Dosing, administration & device",Route of administration,"Route of administration - IV
Point of care – infusion center
",,,"Study Comparator KRd (Takeda, Celgene)",,Slightly Better,,,"Market Comparator Daratumumab +D-KRd (ph II, Costa)(Janssen)",IV dara,Slightly Better,,,,,,,,Publish,2024-10-07 21:22:00.000,2024-10-23 19:38:00.000
357,SAR650984,SAR650984_IND032,"Dosing, administration & device",Dosage,,,,"Study Comparator KRd (Takeda, Celgene)",,Slightly Better,,,"Market Comparator Daratumumab +D-KRd (ph II, Costa)(Janssen)",,Slightly Better,,,,,,,,Publish,2024-10-07 21:22:00.000,2024-10-23 19:38:00.000
358,SAR650984,SAR650984_IND032,"Dosing, administration & device",Patient Population/schedule,"
KRd: Induction: 4 x 4-week cycles of Isa-KRd
Primary prophylactic treatment with diphenhydramine, methylprednisolone, ranitidine and acetaminophen 15–30 minutes prior to the start of the isatuximab infusion.
Isatuximab: 10 mg/kg IV, C1 QW, C2-4 Q2W,
Carfilzomib = 20 mg/m2 IV on day 1 cycle 1 only, followed by 56 mg/m2 IV on days 8, 15 cycle 1 and on days 1, 8, 15 for C2-4
Lenalidomide= 25 mg orally daily on days 1-21 
Dexamethasone = 40 mg orally on days 1, 8, 15, 22 
Full consolidation: same schedule


Infusion duration – First: 3h20m, second:2h , third and subsequent: 1h15m 
",,,"Study Comparator KRd (Takeda, Celgene)","FORTE trial (KRD 4 x 4 weeks induction– ASCT – 4 x 4 weeks consolidation arm)
Carfilzomib: 36 mg/m² days 1-2, 8-9, 15-16
Lenalidomide: 25mg PO, days 1-21
Dexamethasone: 20mg PO, days 1,2, 8, 9, 15,16,  22, 23

",Slightly Better,,,"Market Comparator Daratumumab +D-KRd (ph II, Costa)(Janssen)","Administration schedule – daratumumab 16 mg/kg IV days 1,8,15,22 (with typical reduction in frequency with subsequent cycles), carfilzomib 56 mg/m2 IV days 1,8,15, lenalidomide 25 mg PO days 1-21 and dexamethasone 40 mg PO/IV days 1,8,15,22 repeated every 28 days.
Pre-infusion prophylaxis – methylprednisolone (100 mg IV before 1st infusion, may be oral after), acetaminophen, and diphenhydramine administered 1-3 hours prior to dara 
Duration of administration: 
Dara infusion: 5 minutes
Post-infusion prophylaxis – oral corticosteroid 2 days following dara monotherapy infusion (unless background regimen includes corticosteroid); patients with pulmonary disease may need bronchodilators or inhaled corticosteroids. 
",Slightly Better,,,,,,,,Publish,2024-10-07 21:22:00.000,2024-10-23 19:38:00.000
359,SAR650984,SAR650984_IND032,"Dosing, administration & device",Primary Packaging (Device),,,,"Study Comparator KRd (Takeda, Celgene)",,Slightly Better,,,"Market Comparator Daratumumab +D-KRd (ph II, Costa)(Janssen)",,Slightly Better,,,,,,,,Publish,2024-10-07 21:22:00.000,2024-10-23 19:38:00.000
360,SAR650984,SAR650984_IND032,Efficacy,Endpoint / Claim 1,"Primary endpoint: MRD negativity post full consolidation*: ARM IKRd: 65%; vs KRd: 45%
",,,"Study Comparator KRd (Takeda, Celgene)","
FORTE study: premaintenance response ≥ CR: 60%, MRD neg 58% (NGF)
",Slightly Worse,,,"Market Comparator Daratumumab +D-KRd (ph II, Costa)(Janssen)","No phase 3 published
Costa phase 2 (consolidation depending on MRD status):
 ≥ CR: 45% EOI , 76%% post-transplant
34% MRD neg EOI, 70% post-transplant
",Equivalent,,,,,,,,Publish,2024-10-07 21:22:00.000,2024-10-23 19:38:00.000
361,SAR650984,SAR650984_IND032,Efficacy,Endpoint / Claim 2,"
Key secondary endpoints: MRD negativity post induction, PFS

IKRd: MRD negativity post induction >30%; PFS target HR 0.44 (Median PFS 186 months) 

KRd: MRD negativity post induction 15%; 60% PFS rate at 60-months (Median PFS 81.5 months) 
",,,"Study Comparator KRd (Takeda, Celgene)","
Not available

FORTE study: 4-year PFS rate 69% with KRd plus ASCT
",Slightly Worse,,,"Market Comparator Daratumumab +D-KRd (ph II, Costa)(Janssen)","No phase 3 published
Costa phase 2 (consolidation depending on MRD status):
 ≥ CR: 45% EOI , 76%% post-transplant
34% MRD neg EOI, 70% post-transplant
",Equivalent,,,,,,,,Publish,2024-10-07 21:22:00.000,2024-10-23 19:38:00.000
362,SAR650984,SAR650984_IND032,Safety & Warnings,Basic Safety profile,"Manageable toxicity profile 
IAR: <50% IAR (≤3% ≥Gr 3) with pre-med prophylaxis
Interference with cross-matching and RBC antibody screening
No significant  additive AEs with KRd, <5% grade 3-4 cardiac events
No significant worsening of QoL vs. VRd
",,,"Study Comparator KRd (Takeda, Celgene)","Lenalidomide – hematologic toxicity
Carfilzomib – cardiac toxicity
",Equivalent,,,"Market Comparator Daratumumab +D-KRd (ph II, Costa)(Janssen)","Most common grade 3 and 4 AEs were neutropenia, infection, insomnia, hyperglycemia and rash 
",Equivalent,,,,,,,,Publish,2024-10-07 21:22:00.000,2024-10-23 19:39:00.000
363,LC81351,LC81351_IND001,Expected Indication,Indication,Alpha-1 antitrpsin deficiency (A1ATd),,,,,,,,,,,,,,,,,,Draft,2024-10-07 22:05:00.000,2024-10-07 22:07:00.000
364,LC81351,LC81351_IND001,"Dosing, administration & device",Route of administration,Oral dosing,,,,,,,,,,,,,,,,,,Draft,2024-10-07 22:05:00.000,2024-10-07 22:07:00.000
365,LC81351,LC81351_IND001,"Dosing, administration & device",Dosage,TBD,,,,,,,,,,,,,,,,,,Draft,2024-10-07 22:05:00.000,2024-10-07 22:07:00.000
366,LC81351,LC81351_IND001,"Dosing, administration & device",Patient Population/schedule,chronic treatment of adults with hereditary AATD through correction of misfolded A1AT protein.,,,,,,,,,,,,,,,,,,Draft,2024-10-07 22:05:00.000,2024-10-07 22:07:00.000
367,LC81351,LC81351_IND001,"Dosing, administration & device",Primary Packaging (Device),,,,,,,,,,,,,,,,,,,Draft,2024-10-07 22:05:00.000,2024-10-07 22:07:00.000
368,LC81351,LC81351_IND001,Efficacy,Endpoint / Claim 1,"Lung: Normalization of serum A1AT levels (above 11µM)
Increased A1AT levels in lung epithelium vs. baseline
Reduction in lung density decline",,,,,,,,,,,,,,,,,,Draft,2024-10-07 22:05:00.000,2024-10-07 22:07:00.000
369,LC81351,LC81351_IND001,Efficacy,Endpoint / Claim 2,"Liver: Reduction in A1AT polymers in liver
Change in soluble and insoluble A1AT levels in liver
Stabilization/improvement in fibrosis score vs. baseline",,,,,,,,,,,,,,,,,,Draft,2024-10-07 22:05:00.000,2024-10-07 22:07:00.000
370,LC81351,LC81351_IND001,Safety & Warnings,Basic Safety profile,Mild AEs expected.,,,,,,,,,,,,,,,,,,Draft,2024-10-07 22:05:00.000,2024-10-07 22:07:00.000
371,SAR650984,SAR650984_IND035,Expected Indication,Indication,"Newly diagnosed MM either transplant ineligible or not intended for transplant
",,,Market Comparator CARTITUTE 5/ GMMG HD7/IMROZ,"Newly diagnosed MM either transplant ineligible or not intended for transplant
The thought is that cartitute 5 might be negative if VRd does much better- also the comparator is not strong (not CD38-VRd)
",Worse,,,,,,,,,,,,,Publish,2024-10-07 23:09:00.000,2024-10-23 19:47:00.000
372,SAR650984,SAR650984_IND035,"Dosing, administration & device",Route of administration,,,,Market Comparator CARTITUTE 5/ GMMG HD7/IMROZ,,Worse,,,,,,,,,,,,,Publish,2024-10-07 23:09:00.000,2024-10-23 19:47:00.000
373,SAR650984,SAR650984_IND035,"Dosing, administration & device",Dosage,,,,Market Comparator CARTITUTE 5/ GMMG HD7/IMROZ,,Worse,,,,,,,,,,,,,Publish,2024-10-07 23:09:00.000,2024-10-23 19:47:00.000
374,SAR650984,SAR650984_IND035,"Dosing, administration & device",Patient Population/schedule,"
Limit treatment duration to max 2years of Isa-based with CART once in between induction and maintenance 
",,,Market Comparator CARTITUTE 5/ GMMG HD7/IMROZ,"Vs CARTITUDE 5: CART is used as maintenance itself after Vrd induction with VRd; need for 2 cycles of VRd bridging

Vs IMROZ/GMMG:  triplet Isa Rd maintenance phase until Pd
",Worse,,,,,,,,,,,,,Publish,2024-10-07 23:09:00.000,2024-10-23 19:48:00.000
375,SAR650984,SAR650984_IND035,"Dosing, administration & device",Primary Packaging (Device),,,,Market Comparator CARTITUTE 5/ GMMG HD7/IMROZ,,Worse,,,,,,,,,,,,,Publish,2024-10-07 23:09:00.000,2024-10-23 19:48:00.000
376,SAR650984,SAR650984_IND035,Efficacy,Endpoint / Claim 1,"Co primary CR-MRD neg within 12 months: 55%

Co primary PFS exp arm (Isa VRd): median PFS  =150 months (HR=0.6) better

Compares to the most updated SOC (quad), CART treatment effect expected to be at max in frontline with optimal T cell fitness ( apheresis pre any MM treatment)
",,,Market Comparator CARTITUTE 5/ GMMG HD7/IMROZ,"Vs CARTITUDE 5: use of triplet VRd which is less efficacious vs quad
CR-MRD neg within 12 months: 40%
Median PFS expected to be around 90 months (HR expected to be around 0.5 against IMROZ VRd median PFS of 45.2 months)

Vs IMROZ/GMMG/HD7: 
CR-MRD neg within 12 months: 35%
Median PFS expected to be 90 months
",Worse,,,,,,,,,,,,,Publish,2024-10-07 23:09:00.000,2024-10-23 19:48:00.000
377,SAR650984,SAR650984_IND035,Efficacy,Endpoint / Claim 2,"OS exp arm (IsaVRd + CART): median OS= 15.7 years ( HR=0.675)
",,,Market Comparator CARTITUTE 5/ GMMG HD7/IMROZ,"Vs CARTITUDE 5: median OS expected to be around 12.5 years  ( with HR=0.6 against median VRd OS of 90 months)

Vs IMROZ/GMMG HD7: median OS expected to be around 10.6 years
",Worse,,,,,,,,,,,,,Publish,2024-10-07 23:09:00.000,2024-10-23 19:48:00.000
378,SAR650984,SAR650984_IND035,Safety & Warnings,Basic Safety profile,"CRS, ICANS
Prolonged cytopenias, hypogammaglobulinemia
Infections

Anitocel potential BIC on safety among BCMA CART
",,,Market Comparator CARTITUTE 5/ GMMG HD7/IMROZ,"Vs CARTITUDE 5: CART once as maintenance may be less toxic vs fixed duration maintenance

Vs IMROZ/GMMG HD7: more long- term AEs related to continuous exposure until PD
",Slightly Worse,,,,,,,,,,,,,Publish,2024-10-07 23:09:00.000,2024-10-23 19:48:00.000
379,XC01159,XC01159_IND001,Expected Indication,Indication,Moderate to severe plaque psoriasis in patients who are candidates for systemic therapy or phototherapy. ,,,,Cosentyx (secukinumab),Equivalent,,,,Sotyktu (deucravacitinib) ,Equivalent,,,,,,,,Draft,2024-10-08 08:32:00.000,2024-10-08 08:32:00.000
380,XC01159,XC01159_IND001,"Dosing, administration & device",Route of administration,Oral Tablet,,,,SC,Better,,,,Oral Tablet,Equivalent,,,,,,,,Draft,2024-10-08 08:32:00.000,2024-10-08 08:32:00.000
381,XC01159,XC01159_IND001,"Dosing, administration & device",Dosage,tbd,,,,300mg,Better,,,,6mg,Equivalent,,,,,,,,Draft,2024-10-08 08:32:00.000,2024-10-08 08:32:00.000
382,XC01159,XC01159_IND001,"Dosing, administration & device",Patient Population/schedule,"QD
",,,,Q4W (after QW for first 4 wks),Better,,,,QD,Equivalent,,,,,,,,Draft,2024-10-08 08:32:00.000,2024-10-08 08:32:00.000
383,XC01159,XC01159_IND001,"Dosing, administration & device",Primary Packaging (Device),n.a.,,,,PFS or PFP,Better,,,,,Equivalent,,,,,,,,Draft,2024-10-08 08:32:00.000,2024-10-08 08:32:00.000
384,XC01159,XC01159_IND001,Efficacy,Endpoint / Claim 1,"At week 16:
Mixed Population (70% bio-naïve vs 30% bio-exp)
PASI-75: 80% vs 10% pbo (Δ70%)
[s]PGA 0-1: 65% vs 8% pbo (Δ57%)
PASI-90: 60% vs 3% pbo (Δ57%)",,,,"At week 12:
PASI-75: 
PsO-1: 82% vs 4% pbo (Δ78%)
PsO-2: 76% vs 5% pbo (Δ71%)
IGA 0-1: 
PsO-1: 65% vs 2% pbo  (Δ63%)
PsO-2: 62% vs 3% pbo (Δ59%)


Trials PsO-1, PsO-2: BSA >= 10%, PASI >= 12, 79% bio-naïve vs 21% bio-exp across trials. ",Equivalent,,,,"At week 16:
PASI-75: 
PSO-1: 58% vs 13% pbo (Δ45%)
PSO-2: 53% vs 9% pbo (Δ44%)
sPGA 0-1: 
PSO-1: 54% vs 7% pbo (Δ47%)
PSO-2: 50% vs 9% pbo (Δ41%)
PASI-90: 
PSO-1: 36% vs 4% pbo (Δ32%)
PSO-2: 27% vs 3% pbo (Δ24%)

POETYK Trials PSO-1,2: moderate to severe: sPGA 3-4, BSA >= 10%, PASI >= 12.
POETYK-1: 62% bio-naïve, 38% bio-exp.
POETYK-2:  67% bio-naïve, 33% bio-exp. ",Slightly Better,,,,,,,,Draft,2024-10-08 08:32:00.000,2024-10-08 08:32:00.000
385,XC01159,XC01159_IND001,Efficacy,Endpoint / Claim 2,,,,,,Equivalent,,,,,Slightly Better,,,,,,,,Draft,2024-10-08 08:32:00.000,2024-10-08 08:32:00.000
386,XC01159,XC01159_IND001,Safety & Warnings,Basic Safety profile,"No box warning
No injection site reactions
Warnings include infections
Caution when prescribing to IBD patients",,,,"Warnings include serious infections, tuberculosis, hypersensitivity reactions
Precautions include avoiding use of live vaccines and caution when prescribing to IBD patients
Most common AEs include nasopharyngitis, diarrhea, upper respiratory tract infection ",Equivalent,,,,"Warnings include hypersensitivity, infections, malignancy including lymphomas, tuberculosis 
Potential Risks Related to JAK Inhibition: It is not known whether TYK2 inhibition may be associated with the observed or potential adverse reactions of JAK inhibition.",Slightly Better,,,,,,,,Draft,2024-10-08 08:32:00.000,2024-10-08 08:32:00.000
387,XC01159,XC01159_IND001,Expected Indication,Indication,Moderate to severe plaque psoriasis in patients who are candidates for systemic therapy or phototherapy. ,,,Cosentyx (secukinumab),Moderate to severe plaque psoriasis in patients 6 years or older who are candidates for systemic therapy or phototherapy. ,Equivalent,,,Sotyktu (deucravacitinib) ,Adults with moderate to severe plaque psoriasis who are candidates for phototherapy or systemic therapy.  ,Equivalent,,,,,,,,Publish,2024-10-08 08:34:00.000,2024-10-08 18:43:00.000
388,XC01159,XC01159_IND001,"Dosing, administration & device",Route of administration,Oral Tablet,,,Cosentyx (secukinumab),SC,Slightly Better,,,Sotyktu (deucravacitinib) ,Oral Tablet,Equivalent,,,,,,,,Publish,2024-10-08 08:34:00.000,2024-10-08 18:43:00.000
389,XC01159,XC01159_IND001,"Dosing, administration & device",Dosage,tbd,,,Cosentyx (secukinumab),300mg,Slightly Better,,,Sotyktu (deucravacitinib) ,6mg,Equivalent,,,,,,,,Publish,2024-10-08 08:34:00.000,2024-10-08 18:43:00.000
390,XC01159,XC01159_IND001,"Dosing, administration & device",Patient Population/schedule,"QD
",,,Cosentyx (secukinumab),Q4W (after QW for first 4 wks),Slightly Better,,,Sotyktu (deucravacitinib) ,QD,Equivalent,,,,,,,,Publish,2024-10-08 08:34:00.000,2024-10-08 18:44:00.000
391,XC01159,XC01159_IND001,"Dosing, administration & device",Primary Packaging (Device),n.a.,,,Cosentyx (secukinumab),PFS or PFP,Slightly Better,,,Sotyktu (deucravacitinib) ,,Equivalent,,,,,,,,Publish,2024-10-08 08:34:00.000,2024-10-08 18:44:00.000
392,XC01159,XC01159_IND001,Efficacy,Endpoint / Claim 1,"At week 16:
Mixed Population (70% bio-naïve vs 30% bio-exp)
PASI-75: 80% vs 10% pbo (Δ70%)
[s]PGA 0-1: 65% vs 8% pbo (Δ57%)
PASI-90: 60% vs 3% pbo (Δ57%)",,,Cosentyx (secukinumab),"At week 12:
PASI-75: 
PsO-1: 82% vs 4% pbo (Δ78%)
PsO-2: 76% vs 5% pbo (Δ71%)
IGA 0-1: 
PsO-1: 65% vs 2% pbo  (Δ63%)
PsO-2: 62% vs 3% pbo (Δ59%)


Trials PsO-1, PsO-2: BSA >= 10%, PASI >= 12, 79% bio-naïve vs 21% bio-exp across trials. ",Equivalent,,,Sotyktu (deucravacitinib) ,"At week 16:
PASI-75: 
PSO-1: 58% vs 13% pbo (Δ45%)
PSO-2: 53% vs 9% pbo (Δ44%)
sPGA 0-1: 
PSO-1: 54% vs 7% pbo (Δ47%)
PSO-2: 50% vs 9% pbo (Δ41%)
PASI-90: 
PSO-1: 36% vs 4% pbo (Δ32%)
PSO-2: 27% vs 3% pbo (Δ24%)

POETYK Trials PSO-1,2: moderate to severe: sPGA 3-4, BSA >= 10%, PASI >= 12.
POETYK-1: 62% bio-naïve, 38% bio-exp.
POETYK-2:  67% bio-naïve, 33% bio-exp. ",Slightly Better,,,,,,,,Publish,2024-10-08 08:34:00.000,2024-10-08 18:44:00.000
393,XC01159,XC01159_IND001,Efficacy,Endpoint / Claim 2,,,,Cosentyx (secukinumab),,Equivalent,,,Sotyktu (deucravacitinib) ,,Slightly Better,,,,,,,,Publish,2024-10-08 08:34:00.000,2024-10-08 18:44:00.000
394,XC01159,XC01159_IND001,Safety & Warnings,Basic Safety profile,"No box warning
No injection site reactions
Warnings include infections
Caution when prescribing to IBD patients",,,Cosentyx (secukinumab),"Warnings include serious infections, tuberculosis, hypersensitivity reactions
Precautions include avoiding use of live vaccines and caution when prescribing to IBD patients
Most common AEs include nasopharyngitis, diarrhea, upper respiratory tract infection ",Equivalent,,,Sotyktu (deucravacitinib) ,"Warnings include hypersensitivity, infections, malignancy including lymphomas, tuberculosis 
Potential Risks Related to JAK Inhibition: It is not known whether TYK2 inhibition may be associated with the observed or potential adverse reactions of JAK inhibition.",Slightly Better,,,,,,,,Publish,2024-10-08 08:34:00.000,2024-10-08 18:44:00.000
395,SAR650984,SAR650984_IND034,Expected Indication,Indication,"Newly diagnosed MM either transplant ineligible or not intended for transplant
",,,Market Comparator: DARA TCE R ,"Newly diagnosed MM either transplant ineligible or not intended for transplant

",Equivalent,,,,,,,,,,,,,Publish,2024-10-08 22:10:00.000,2024-10-23 19:42:00.000
396,SAR650984,SAR650984_IND034,"Dosing, administration & device",Route of administration,"PI free regimen, with SC administration or monthly administration for TCE and SC for Isatuximab 
",,,Market Comparator: DARA TCE R ,"PI free regimen, with SC administration for both Daratumumab and TCE
weight-based dosing
",Worse,,,,,,,,,,,,,Publish,2024-10-08 22:10:00.000,2024-10-23 19:42:00.000
397,SAR650984,SAR650984_IND034,"Dosing, administration & device",Dosage,"Flat dose (Abbvie/RGN)
",,,Market Comparator: DARA TCE R ,"Spaced dosing in responders but no fixed duration with TCE 
",Worse,,,,,,,,,,,,,Publish,2024-10-08 22:10:00.000,2024-10-23 19:42:00.000
398,SAR650984,SAR650984_IND034,"Dosing, administration & device",Patient Population/schedule,"MRD guided maintenance for TCE to limit exposure to TCE => fixed duration
Limited step-up dosing or no step dosing (Abbvie)
Use of OBDS more convenient that traditional SC
Dex free maintenance
",,,Market Comparator: DARA TCE R ,"Step-dosing (2) before full target dose administration 
Dex free maintenance
",Worse,,,,,,,,,,,,,Publish,2024-10-08 22:10:00.000,2024-10-23 19:43:00.000
399,SAR650984,SAR650984_IND034,"Dosing, administration & device",Primary Packaging (Device),,,,Market Comparator: DARA TCE R ,,Worse,,,,,,,,,,,,,Publish,2024-10-08 22:10:00.000,2024-10-23 19:43:00.000
400,SAR650984,SAR650984_IND034,Efficacy,Endpoint / Claim 1,"Co primary CR-MRD neg within 12 months: 55%

Co primary PFS exp arm (Isa VRd): median PFS  =150 months (HR=0.6) better assuming longer exposure despite less frequent or intermittent and MRD-guided

Compares to the most updated SOC (quad)
",,,Market Comparator: DARA TCE R ,"Co primary CR-MRD neg within 12 months : 55%

Co primary PFS exp arm (Dara TCE R): 140 months (HR expected to be around 0.5 against  MAIA DRd median PFS of 61.9 months)

Compares to what is not longer SOC (triplet)
",Slightly Worse,,,,,,,,,,,,,Publish,2024-10-08 22:10:00.000,2024-10-23 19:43:00.000
401,SAR650984,SAR650984_IND034,Efficacy,Endpoint / Claim 2,"OS exp arm (Isa TCE R): median OS= 15.7 years (HR=0.675)
",,,Market Comparator: DARA TCE R ,"OS exp arm (Dara TCE R): median OS expected around 12.5 years (HR expected to be 0.6 vs MAIA DRd median OS of 90.3 months)
",Slightly Worse,,,,,,,,,,,,,Publish,2024-10-08 22:10:00.000,2024-10-23 19:43:00.000
402,SAR650984,SAR650984_IND034,Safety & Warnings,Basic Safety profile,"CRS, ICANS limited to the first 2 weeks, mitigated by step-up dosing
Infections- decreased by less frequent dosing, from beginning (Abbvie) or after “induction” (RGN); different target (FcRH5/Roche)

Prolonged cytopenias/ hypogammaglobulinemia; mitigation by MRD guided fixed duration

Less hospitalization (Abbvie), gain data on outpatient use
",,,Market Comparator: DARA TCE R ,"CRS, ICANS limited to the first 2 weeks
Infections/prolonged cytopenias/ hypogammaglobulinemias may be higher with unlimited TCE until PD

2 step-up doses before full target dose requiring 7-9 days of hospitalization
",Slightly Worse,,,,,,,,,,,,,Publish,2024-10-08 22:11:00.000,2024-10-23 19:43:00.000
403,LC81211,LC81211_IND001,Expected Indication,Indication,"Treatment of Alzheimer’s disease, initiated in patients with MCI or mild dementia stage of AD
",,,,Lecanemab,,,,,,,,,,,,,,Publish,2024-10-09 07:44:00.000,2024-10-09 11:24:00.000
404,LC81211,LC81211_IND001,"Dosing, administration & device",Route of administration,,,,,,,,,,,,,,,,,,,Publish,2024-10-09 07:44:00.000,2024-10-09 11:24:00.000
405,LC81211,LC81211_IND001,"Dosing, administration & device",Dosage,,,,,,,,,,,,,,,,,,,Publish,2024-10-09 07:44:00.000,2024-10-09 11:24:00.000
406,LC81211,LC81211_IND001,"Dosing, administration & device",Patient Population/schedule,,,,,,,,,,,,,,,,,,,Publish,2024-10-09 07:44:00.000,2024-10-09 11:24:00.000
407,LC81211,LC81211_IND001,"Dosing, administration & device",Primary Packaging (Device),,,,,,,,,,,,,,,,,,,Publish,2024-10-09 07:44:00.000,2024-10-09 11:24:00.000
408,LC81211,LC81211_IND001,Efficacy,Endpoint / Claim 1,,,,,,,,,,,,,,,,,,,Publish,2024-10-09 07:44:00.000,2024-10-09 11:24:00.000
409,LC81211,LC81211_IND001,Efficacy,Endpoint / Claim 2,,,,,,,,,,,,,,,,,,,Publish,2024-10-09 07:44:00.000,2024-10-09 11:24:00.000
410,LC81211,LC81211_IND001,Safety & Warnings,Basic Safety profile,,,,,,,,,,,,,,,,,,,Publish,2024-10-09 07:44:00.000,2024-10-09 11:24:00.000
411,SP0125,SP0125_IND001,Expected Indication,Indication,"TRADENAME is a vaccine indicated for active immunization of infants and toddlers from 6 to less than 24 months of age, for the prevention of respiratory syncytial virus (RSV) disease.",,"
TRADENAME is a vaccine indicated for active immunization of infants and toddlers from 6 to less than 24 months of age, for the prevention of LRTD caused by respiratory syncytial virus (RSV).
",,,Better,Better,Better,,,,,,,,,,,Draft,2024-10-09 15:59:00.000,2024-10-09 22:04:00.000
412,SP0125,SP0125_IND001,"Dosing, administration & device",Route of administration,Intranasal,,,,,Better,Better,Better,,,,,,,,,,,Draft,2024-10-09 15:59:00.000,2024-10-09 22:05:00.000
413,SP0125,SP0125_IND001,"Dosing, administration & device",Dosage,"Administration:
Minimal requirement: Single dose, nasal applicator

Volume to be administered: Maximum: 0.2 mL total; Administer 0.1 mL per nostril
",,"
",,,Better,Better,Better,,,,,,,,,,,Draft,2024-10-09 16:00:00.000,2024-10-09 22:05:00.000
414,SP0125,SP0125_IND001,"Dosing, administration & device",Patient Population/schedule,"Population: All children from 6m up to less than 24m of age; regardless of serostatus 

Schedule: 2d schedule (2nd dose at least 2 months after the 1st dose), 2nd dose to be given before / ideally at the latest at start of the 2nd RSV season

2d schedule to be given within the age indication (6m to less than 24m) ie 1st dose to be given at the latest at 22m of age

","Schedule: 2d schedule (2nd dose 2m up to 6m2 after the 1st dose), 2nd dose to be given before / ideally at the latest at start of the 2nd RSV season
","
Schedule: 2d schedule (2 months apart)
",,,Better,Better,Better,,,,,,,,,,,Draft,2024-10-09 16:00:00.000,2024-10-09 22:05:00.000
415,SP0125,SP0125_IND001,"Dosing, administration & device",Primary Packaging (Device),"Liquid vial + intranasal device kit (Plastic 1mL syringe + Blunt needle + Atomizer + Dose Divider)
Monodose",,"
",,,Better,Better,Better,,,,,,,,,,,Draft,2024-10-09 16:00:00.000,2024-10-09 22:05:00.000
416,SP0125,SP0125_IND001,Efficacy,Endpoint / Claim 1,"Primary Objective: ≥ 70% reduction (vs placebo) in incidence of LRTD, RT-PCR-confirmed RSV for 1 RSV season","Primary objective: ≥ 80% reduction (vs placebo) in incidence of LRTD, RT-PCR-confirmed RSV for 1 RSV season1
","Primary Objective: ≥ 60% reduction (vs placebo) in incidence of LRTD, RT-PCR-confirmed RSV for 1 RSV season1
",,,Better,Better,Better,,,,,,,,,,,Draft,2024-10-09 16:00:00.000,2024-10-09 22:05:00.000
417,SP0125,SP0125_IND001,Efficacy,Endpoint / Claim 2,"Secondary Objectives: (1) ≥ 50% reduction (vs placebo) in incidence of RSV URTD for 1 RSV season, (2) reduction in RSV LRTD leading to hospitalization
emergency room visits, safety, severe RSV LRTD and (3) reduction in RSV LRTD and in RSV URTD for up to 24 months available at time of launch (≥60% LRTD for year 2, ≥40% URTD for year 2)

Exploratory endpoints: recurrent wheeze, magnitude of Healthcare Resource Utilization (HRU), antibiotic use, AOM episodes, indirect HCU costs
","Secondary objectives:  (1) ≥ 60% reduction (vs placebo) in incidence of RSV URTD for 1 RSV season, (2) reduction in RSV LRTD leading to hospitalization, emergency room visits, safety, severe RSV LRTD and (3) reduction in RSV LRTD and in RSV URTD up to 24 months available at time of launch (≥70% LRTD for year 2, ≥50% URTD for year 2)
","Secondary Objectives: (1) ≥ 40% reduction (vs placebo) in incidence of URTD, RT-PCR-confirmed RSV for 1 RSV season and (2) reduction in RSV LRTD leading to hospitalization, emergency room visits, safety, severe RSV LRTD
",,,Better,Better,Better,,,,,,,,,,,Draft,2024-10-09 16:00:00.000,2024-10-09 22:05:00.000
418,SP0125,SP0125_IND001,Safety & Warnings,Basic Safety profile,"Favorable safety profile consistent with that of licensed intranasal vaccines and other RSV vaccines
No evidence of vaccine-enhanced RSV disease upon subsequent natural infection (over the next 2 RSV seasons)
No significant increase in respiratory clinical signs compared to placebo controls (during the surveillance); no significant vaccine-induced nasal congestion or respiratory blockage; mild rhinorrhea may be acceptable (intranasal vaccine)",,,,,Better,Better,Better,,,,,,,,,,,Draft,2024-10-09 16:00:00.000,2024-10-09 22:05:00.000
419,SP0256,SP0256_IND001,Expected Indication,Indication,Prevention of LRTD caused by RSV and hMPV among the 60+ years old population ,,,GSK,Active immunization for the prevention of lower respiratory tract disease (LRTD) caused by respiratory syncytial virus (RSV) in individuals 60 years of age and older,Slightly Better,,,,,,,,,,,,,Draft,2024-10-09 23:01:00.000,2024-10-09 23:02:00.000
420,SP0256,SP0256_IND001,"Dosing, administration & device",Route of administration,"1 dose administration
IM
Vial for the lyophilized vaccine & pre-filled syringe for the diluent ",,,GSK,"1d administration
IM
",Equivalent,,,,,,,,,,,,,Draft,2024-10-09 23:01:00.000,2024-10-09 23:02:00.000
421,SP0256,SP0256_IND001,"Dosing, administration & device",Dosage,,,,GSK,,Equivalent,,,,,,,,,,,,,Draft,2024-10-09 23:01:00.000,2024-10-09 23:02:00.000
422,SP0256,SP0256_IND001,"Dosing, administration & device",Patient Population/schedule,,,,GSK,,Equivalent,,,,,,,,,,,,,Draft,2024-10-09 23:01:00.000,2024-10-09 23:02:00.000
423,SP0256,SP0256_IND001,"Dosing, administration & device",Primary Packaging (Device),,,,GSK,,Equivalent,,,,,,,,,,,,,Draft,2024-10-09 23:01:00.000,2024-10-09 23:02:00.000
424,SP0256,SP0256_IND001,Efficacy,Endpoint / Claim 1,"Co-Primary
≥80% reduction (vs placebo) of first episode of LRTD, RT-PCR-confirmed RSV over 12months
≥70% over duration of 24 months*
≥70% reduction (vs placebo) of first episode of LRTD, RT-PCR-confirmed hMPV over 12 months
≥60% over duration of 24 months",,,GSK,"Pfizer: 65,1% LRTI ≥2 symptoms; 88,9% LRTI ≥3 symptoms over 1 RSV season (resp. 48,9% and 78,6% mid-season 2)",Slightly Better,,,,,,,,,,,,,Draft,2024-10-09 23:01:00.000,2024-10-09 23:02:00.000
425,SP0256,SP0256_IND001,Efficacy,Endpoint / Claim 2,"Secondary
≥70% reduction of first episode of LRTD caused by any of the 2 pathogens (RSV, hMPV) over 12 months; ≥60% over duration of 24 months*
≥65% reduction of first episode of ARD caused by RSV over 12 months; ≥55% over 24 months*
≥65% reduction of first episode of ARD caused by hMPV over 12 months; ≥55% over 24 months*
Reduction of number of hospitalization, RT-PCR-confirmed for each and for any pathogen ( RSV, hMPV) (independent objectives)
Reduction of number of emergency rooms visits, RT-PCR confirmed for each and for any pathogen (RSV, hMPV) (independent objectives)",,,GSK,,Slightly Better,,,,,,,,,,,,,Draft,2024-10-09 23:01:00.000,2024-10-09 23:02:00.000
426,SP0256,SP0256_IND001,Safety & Warnings,Basic Safety profile,"Favorable safety profile, comparable to the other RSVoa and RSVoa combo vaccines available at time of licensure
Co-administration with Flu and Covid (seasonal); co-administration with Pneumo PCV, PPV and Zoster as post-licensure (Need same interactions data as competition)
Evaluation of any interactions with previous RSVoa competition administration (timing according to national recommendations) (for patients previously vaccinated with RSVoa competition, mRNA and others)",,,GSK,"Favorable safety profile
Expected co-ad data with older adults vaccines (Flu, Covid if becomes seasonal, PCV, PPV, Zoster) 
",Equivalent,,,,,,,,,,,,,Draft,2024-10-09 23:01:00.000,2024-10-09 23:02:00.000
427,SP0256,SP0256_IND001,Expected Indication,Indication,<p>Active immunization for the prevention of Lower Respiratory Tract Disease (LRTD) caused by RSV and by HMPV in adults 60 years of age and older &nbsp; &nbsp;</p>,<p>Same as Base TPP</p>,<p>Same as Base TPP</p>,GSK,<p>LRTD in 50-59 at risk &amp; 60+ for GSK</p>,Slightly Better,Slightly Better,Equivalent,Pfizer,LRTD in 18y-59y at risk & 60+ for Pfizer,Slightly Better,Slightly Better,,Moderna,LRTD in 60+ for Moderna (pending approval 18-59y at risk),Slightly Better,Slightly Better,,Publish,2024-10-09 23:08:00.000,2026-02-24 21:03:00.000
428,SP0256,SP0256_IND001,"Dosing, administration & device",Route of administration,"<ul><li style=""margin-left: 18px;"">1 dose administration; IM</li><li style=""margin-left: 18px;"">Vial for the lyophilized vaccine &amp; pre-filled syringe for the diluent&nbsp;</li></ul>",<p>Same as Base TPP</p>,<p>Same as Base TPP</p>,GSK,<p>IM Reconstitution&nbsp;</p>,Equivalent,Slightly Better,Slightly Better,Pfizer,"IM
Reconstitution",Equivalent,Slightly Better,,Moderna,IM,Equivalent,Slightly Better,,Publish,2024-10-09 23:08:00.000,2026-02-24 21:03:00.000
429,SP0256,SP0256_IND001,"Dosing, administration & device",Dosage,1 dose administration,<p>Same as Base TPP</p>,<p>Same as Base TPP</p>,GSK,1 dose administration,Equivalent,Slightly Better,Slightly Better,Pfizer,<p>1 dose administration</p>,Equivalent,Slightly Better,,Moderna,<p>1 dose administration</p>,Equivalent,Slightly Better,,Publish,2024-10-09 23:08:00.000,2026-02-24 21:03:00.000
430,SP0256,SP0256_IND001,"Dosing, administration & device",Patient Population/schedule,"60+ years old
",<p>Same as Base TPP</p>,<p>Same as Base TPP</p>,GSK,50-59 at risk & 60+,Equivalent,Slightly Better,Slightly Better,Pfizer,18y-59y at risk & 60+,Equivalent,Slightly Better,,Moderna,60+ (pending approval 18-59y at risk),Equivalent,Slightly Better,,Publish,2024-10-09 23:08:00.000,2026-02-24 21:03:00.000
431,SP0256,SP0256_IND001,"Dosing, administration & device",Primary Packaging (Device),,<p>Same as Base TPP</p>,<p>Same as Base TPP</p>,GSK,,Equivalent,Slightly Better,Slightly Better,Pfizer,,Equivalent,Slightly Better,,Moderna,,Equivalent,Slightly Better,,Publish,2024-10-09 23:09:00.000,2026-02-24 21:03:00.000
432,SP0256,SP0256_IND001,Efficacy,Endpoint / Claim 1,"<p style=""text-align:left"">Co-Primary</p><div>● ≥70% reduction (vs placebo) of first episode of LRTD, RT-PCR-confirmed RSV&nbsp;through 12 months (1 season).</div><div>● ≥70% reduction (vs placebo) of first episode of LRTD, RT-PCR-confirmed HMPV&nbsp;through 12 months (1 season).</div>","<p style=""text-align:left"">Co-Primary</p><div>● ≥80% reduction (vs placebo) of first episode of LRTD, RT-PCR-confirmed RSV&nbsp;through 12 months (1 season).</div><div>● ≥80% reduction (vs placebo) of first episode of LRTD, RT-PCR-confirmed HMPV&nbsp;through 12 months (1 season).</div>","<p style=""text-align:left"">Co-Primary</p><div>●≥60% reduction (vs placebo) of first episode of LRTD, RT-PCR-confirmed RSV&nbsp;through 12 months (1 season). &nbsp;</div><div>●≥60% reduction (vs placebo) of first episode of LRTD, RT-PCR-confirmed HMPV&nbsp;through 12 months (1 season). &nbsp;</div>",GSK,"GSK: 82,6% efficacy LRTD primary endpoint vs placebo over 1 RSV season (71.7% ARI; 94.1% severe LRTD); 74,5% season 1+2 LRTD (82,7% severe LRTD); VE over 3 full seasons: 62,9% RSV-LRTD, 67,4% severe LRTD",Slightly Better,Better,Equivalent,Pfizer,"Pfizer: 65,1% LRTD ≥2 symptoms; 88,9% LRTD ≥3 symptoms over 1 RSV season (resp. 55,7% and 77,8% over season 2); VE across both seasons LRTD ≥3 symptoms 81,5%)",Slightly Better,Better,,Moderna,"Moderna: 83,7% LRTD ≥2 symptoms; 82,4% LRTD ≥3 symptoms over 1 RSV season (resp. 63,3% over 8,6m and 63% over 8,6m); over 18 months: 50,3% ≥2 symptoms & 49,9% ≥3 symptoms",Slightly Better,Slightly Better,,Publish,2024-10-09 23:09:00.000,2026-02-24 21:03:00.000
433,SP0256,SP0256_IND001,Efficacy,Endpoint / Claim 2,"<p style=""text-align:left"">Secondary: for each (RSV, HMPV)</p><p><em>Key hierarchical secondary</em></p><div>● ≥60%&nbsp;reduction of first episode of ARD caused by each of the 2 pathogens through 12 months (1 season)&nbsp;</div><div>● ≥75% reduction of first episode of severe LRTD caused by each of the 2 pathogens through 12 months (1 season)&nbsp;</div><p><em>Others</em></p><div style=""margin-left:12px"" class=""O0""><div style=""text-align:left"" class=""O0"">● ≥60% reduction (vs placebo) of first episode of LRTD, RT-PCR-confirmed RSV&nbsp;through 24 months (2 seasons)&nbsp;</div><div>● ≥60% reduction (vs placebo) of first episode of LRTD, RT-PCR-confirmed HMPV&nbsp;through 24 months (2 seasons)&nbsp;</div><div>● ≥50%&nbsp;reduction of first episode of ARD caused by each of the 2 pathogens through 24 months (2 seasons)</div><div>● ≥65% reduction of first episode of severe LRTD caused by each of the 2 pathogens through 24 months (2 seasons)</div><div>● Reduction of first episode of RSV and HMPV-induced hospitalization and reduction of first episode of RSV and/or HMPV-induced Emergency Department visits</div></div>","<p style=""text-align:left"">Key hierarchical secondary</p><div>● ≥70%&nbsp;reduction of first episode of ARD caused by each of the 2 pathogens within 12 months 3</div><div>● ≥85% reduction of first episode of severe LRTD caused by each of the 2 pathogens within 12 months 3</div><p>Other secondary</p><div>● ≥70% reduction (vs placebo) of first episode of LRTD, RT-PCR-confirmed RSV&nbsp;within 24 months1</div><div>● ≥70% reduction (vs placebo) of first episode of LRTD, RT-PCR-confirmed HMPV&nbsp;within 24 months1</div><div>● ≥60%&nbsp;reduction of first episode of ARD caused by each of the 2 pathogens within 24 months</div><div>● ≥75% reduction of first episode of severe LRTD caused by each of the 2 pathogens within 24 months</div><div>● Reduction of first episode of RSV and HMPV-induced hospitalization and reduction of first episode of RSV and or HMPV-induced Emergency Department visits as secondary endpoints</div>","<p style=""text-align:left""> </p><p style=""text-align:left"">Other secondary</p><div>●≥50% reduction (vs placebo) of first episode of LRTD, RT-PCR-confirmed RSV&nbsp;within 24 months</div><div>●≥50% reduction (vs placebo) of first episode of LRTD, RT-PCR-confirmed HMPV&nbsp;within 24 months</div>",GSK,"<ul></ul><div style=""margin-left:12px; text-align:left"" class=""O0""><div style=""margin-left:12px; text-align:left"" class=""O0""><p style=""text-align:left"">Secondary:</p><div>●No data on reduction of hospitalization</div><div>●ARI (Acute Resp Illness) caused by RSV&nbsp; 71.7% 1st season, 62.1% across 2 seasons for GSK</div><div>●Duration of protection so far 30m GSK</div></div></div>",Slightly Better,Slightly Better,Equivalent,Pfizer,"<ul><li>No data on reduction of hospitalization</li><li>ARI (Acute Resp Illness) caused by RSV (62,1% efficacy season1, 52,5% across 2 seasons for Pfizer</li><li style=""margin-left: 12px; text-align: left;"" class=""O0"">Duration of protection so far 16m Pfizer</li></ul>",Slightly Better,Slightly Better,,Moderna,"<ul><li style=""text-align:left"" class=""O0"">No data on reduction of hospitalization</li><li>ARI (Acute Resp Illness) caused by RSV 68,4% Moderna 3,3m &amp; 53,9% 8,6m</li></ul><div style=""margin-left:40px"">●Duration of protection so far 24m&nbsp; Moderna, ongoing data generation for optimal timing for booster</div>",Slightly Better,Slightly Better,,Publish,2024-10-09 23:09:00.000,2026-02-24 21:03:00.000
434,SP0256,SP0256_IND001,Safety & Warnings,Basic Safety profile,"<div style=""margin-left:12px; text-align:left"" class=""O0"">Well tolerated, including:</div><div style=""margin-left:40px; text-align:left"" class=""O0"">●Acceptable reactogenicity (comparable to SoC for RSV vaccines)</div><div style=""margin-left:40px; text-align:left"" class=""O0"">●No increased risk of Guillain-Barré Syndrome (GBS) associated with the vaccine&nbsp;</div><div style=""margin-left:40px; text-align:left"" class=""O0"">●No increased risk of Myocarditis and Pericarditis associated with the RSV+HMPV mRNA vaccine&nbsp;</div>","<div style=""margin-left:12px; text-align:left"" class=""O0""><div style=""margin-left:12px; text-align:left"" class=""O0"">Same as Base TPP</div></div>","<div style=""margin-left:12px; text-align:left"">Well tolerated, including:</div><div style=""margin-left:40px"">●Acceptable reactogenicity (comparable to SoC for RSV vaccines)&nbsp;</div>",GSK,"<ul><li style=""text-align:left"">Well tolerated</li><li style=""text-align:left"">GBS safety warning for GS</li></ul>",Slightly Better,Slightly Better,Equivalent,Pfizer,"<ul><li>Well tolerated GBS concern for Pfizer</li><li>Co-ad data with Flu &amp; covid for all, Zoster for Pfizer (ongoing)</li></ul>",Slightly Better,Slightly Better,,Moderna,Favorable safety profile,Slightly Better,Slightly Better,,Publish,2024-10-09 23:09:00.000,2026-02-24 21:03:00.000
435,SP0292,SP0292_IND001,Expected Indication,Indication,"Active immunization disease-modifying treatment against peanut allergy for reducing allergy reactions after accidental exposure to peanuts AND
-Decrease risk of anaphylaxis following accidental peanut allergen exposure
-Use in conjunction with peanut avoidance
",,,Xolair,"Reduction of allergic reactions (Type I), including anaphylaxis, that may occur with accidental exposure to one or more foods. To be used in conjunction with food allergen avoidance.",Slightly Worse,,,,,,,,,,,,,Publish,2024-10-10 17:28:00.000,2024-10-10 18:11:00.000
436,SP0292,SP0292_IND001,"Dosing, administration & device",Route of administration,"IM, IV, or Patch, administered in a clinic or pharmacy setting
",,,Xolair,Subcutaneous injections,Slightly Better,,,,,,,,,,,,,Publish,2024-10-10 17:28:00.000,2024-10-10 18:11:00.000
437,SP0292,SP0292_IND001,"Dosing, administration & device",Dosage,2-3 dose primary series over 6 months. Bi-annual or annual booster,,,Xolair,"75-600 mg every 2 or 4 weeks2, with possibility of home-administration. Long term duration of therapy unknown",Slightly Better,,,,,,,,,,,,,Publish,2024-10-10 17:28:00.000,2024-10-10 18:11:00.000
438,SP0292,SP0292_IND001,"Dosing, administration & device",Patient Population/schedule,,,,Xolair,,Slightly Better,,,,,,,,,,,,,Publish,2024-10-10 17:28:00.000,2024-10-10 18:11:00.000
439,SP0292,SP0292_IND001,"Dosing, administration & device",Primary Packaging (Device),,,,Xolair,,Slightly Better,,,,,,,,,,,,,Publish,2024-10-10 17:28:00.000,2024-10-10 18:11:00.000
440,SP0292,SP0292_IND001,Efficacy,Endpoint / Claim 1,">70% of patients are (vaccine) responders able to ingest a single dose of  > 600 mg of peanut
",,,Xolair,"After 4 months, 67% of treated patients were able to ingest ~ 2-3 peanuts",Slightly Better,,,,,,,,,,,,,Publish,2024-10-10 17:28:00.000,2024-10-10 18:11:00.000
441,SP0292,SP0292_IND001,Efficacy,Endpoint / Claim 2,Durability (6 mo to 1 year between each booster),,,Xolair,,Slightly Better,,,,,,,,,,,,,Publish,2024-10-10 17:28:00.000,2024-10-10 18:11:00.000
442,SP0292,SP0292_IND001,Safety & Warnings,Basic Safety profile,"-Mostly mild allergic reactions (threshold TBC) and no other serious adverse reaction due to administration
-Low probability of long-term broad non-specific side-effects due to systemic immunosuppression of IgE
",,,Xolair,"Anaphylaxis can occur2, injection site reactions (15.5%) occur more frequently than in placebo; several years of safety database has been accrued; risk of non-specific anti-IgE suppression on safety to be determined",Slightly Better,,,,,,,,,,,,,Publish,2024-10-10 17:28:00.000,2024-10-10 18:11:00.000
443,SAR445877,SAR445877_IND009,Expected Indication,Indication,"SAR445877 is indicated for the treatment of adult patients with metastatic colorectal cancer previously treated with fluoropyrimidine‑, oxaliplatin‑ and irinotecan‑based chemotherapy, an anti‑VEGF biological therapy, and if RAS wild type, an anti‑EGFR therapy – Pembro for MSI High (BRAFV600E – Ecorafenib+cetuximab) – No RAS testing required",,,,,,,,,,,,,,,,,,Draft,2024-10-11 11:09:00.000,2024-10-11 11:09:00.000
444,SAR445877,SAR445877_IND009,"Dosing, administration & device",Route of administration,,,,,,,,,,,,,,,,,,,Draft,2024-10-11 11:10:00.000,2024-10-11 11:10:00.000
445,SAR445877,SAR445877_IND009,"Dosing, administration & device",Dosage,,,,,,,,,,,,,,,,,,,Draft,2024-10-11 11:10:00.000,2024-10-11 11:10:00.000
446,SAR445877,SAR445877_IND009,"Dosing, administration & device",Patient Population/schedule,,,,,,,,,,,,,,,,,,,Draft,2024-10-11 11:10:00.000,2024-10-11 11:10:00.000
447,SAR445877,SAR445877_IND009,"Dosing, administration & device",Primary Packaging (Device),,,,,,,,,,,,,,,,,,,Draft,2024-10-11 11:10:00.000,2024-10-11 11:10:00.000
448,SAR445877,SAR445877_IND009,Efficacy,Endpoint / Claim 1,,,,,,,,,,,,,,,,,,,Draft,2024-10-11 11:10:00.000,2024-10-11 11:10:00.000
449,SAR445877,SAR445877_IND009,Efficacy,Endpoint / Claim 2,,,,,,,,,,,,,,,,,,,Draft,2024-10-11 11:10:00.000,2024-10-11 11:10:00.000
450,SAR445877,SAR445877_IND009,Safety & Warnings,Basic Safety profile,,,,,,,,,,,,,,,,,,,Draft,2024-10-11 11:10:00.000,2024-10-11 11:10:00.000
451,SAR445877,SAR445877_IND009,Expected Indication,Indication,"SAR445877 is indicated for the treatment of adult patients with metastatic colorectal cancer previously treated with fluoropyrimidine‑, oxaliplatin‑ and irinotecan‑based chemotherapy, an anti‑VEGF biological therapy, and if RAS wild type, an anti‑EGFR therapy – Pembro for MSI High (BRAFV600E – Ecorafenib+cetuximab) – No RAS testing required",,,TAS102+Bevacizumab,"For the treatment of adult patients with metastatic colorectal cancer previously treated with fluoropyrimidine‑, oxaliplatin‑ and irinotecan‑based chemotherapy, an anti‑VEGF biological therapy, and if RAS wild type, an anti‑EGFR therapy – Pembro for MSI High (BRAFV600E – Ecorafenib+cetuximab)",Equivalent,,,,,,,,,,,,,Draft,2024-10-11 11:14:00.000,2024-10-11 11:14:00.000
452,SAR445877,SAR445877_IND009,"Dosing, administration & device",Route of administration,IV,,,TAS102+Bevacizumab,"TAS102: PO
Bevacizumab :IV
",Equivalent,,,,,,,,,,,,,Draft,2024-10-11 11:14:00.000,2024-10-11 11:14:00.000
453,SAR445877,SAR445877_IND009,"Dosing, administration & device",Dosage,TBD Q2W,,,TAS102+Bevacizumab,"TAS-102​: two times a day, 5 days on/2 days off, over 2 weeks, followed by a 14-day rest (Trifluridine/Tipiracil)
Bevacizumab​: 5mg/kg Q2W (Day 1 and Day 15)
https://ascopubs.org/doi/10.1200/JCO.2023.41.4_suppl.4
",Equivalent,,,,,,,,,,,,,Draft,2024-10-11 11:14:00.000,2024-10-11 11:14:00.000
454,SAR445877,SAR445877_IND009,"Dosing, administration & device",Patient Population/schedule,,,,TAS102+Bevacizumab,,Equivalent,,,,,,,,,,,,,Draft,2024-10-11 11:14:00.000,2024-10-11 11:14:00.000
455,SAR445877,SAR445877_IND009,"Dosing, administration & device",Primary Packaging (Device),,,,TAS102+Bevacizumab,,Equivalent,,,,,,,,,,,,,Draft,2024-10-11 11:14:00.000,2024-10-11 11:14:00.000
456,SAR445877,SAR445877_IND009,Efficacy,Endpoint / Claim 1,,,,TAS102+Bevacizumab,,,,,,,,,,,,,,,Draft,2024-10-11 11:14:00.000,2024-10-11 11:14:00.000
457,SAR445877,SAR445877_IND009,Efficacy,Endpoint / Claim 2,,,,TAS102+Bevacizumab,,,,,,,,,,,,,,,Draft,2024-10-11 11:14:00.000,2024-10-11 11:14:00.000
458,SAR445877,SAR445877_IND009,Safety & Warnings,Basic Safety profile,,,,TAS102+Bevacizumab,,,,,,,,,,,,,,,Draft,2024-10-11 11:14:00.000,2024-10-11 11:14:00.000
459,SAR445877,SAR445877_IND009,Expected Indication,Indication,"Indicated for the treatment of adult patients with metastatic colorectal cancer previously treated with fluoropyrimidine‑, oxaliplatin‑ and irinotecan‑based chemotherapy, an anti‑VEGF biological therapy, and if RAS wild type, an anti‑EGFR therapy – Pembro for MSI High (BRAFV600E – Ecorafenib+cetuximab) – No RAS testing required",,,TAS-102+Bevacizumab,"For the treatment of adult patients with metastatic colorectal cancer previously treated with fluoropyrimidine‑, oxaliplatin‑ and irinotecan‑based chemotherapy, an anti‑VEGF biological therapy, and if RAS wild type, an anti‑EGFR therapy – Pembro for MSI High (BRAFV600E – Ecorafenib+cetuximab)",Equivalent,,,,,,,,,,,,,Publish,2024-10-11 11:23:00.000,2024-12-23 15:48:00.000
460,SAR445877,SAR445877_IND009,"Dosing, administration & device",Route of administration,IV,,,TAS-102+Bevacizumab,"TAS-102 (Trifluridine/Tipiracil): PO 
Bevacizumab :IV
",Equivalent,,,,,,,,,,,,,Publish,2024-10-11 11:23:00.000,2024-12-23 15:48:00.000
461,SAR445877,SAR445877_IND009,"Dosing, administration & device",Dosage,TBD (10 or 30 mg),,,TAS-102+Bevacizumab,"TAS-102: 35 mg/m2 
Bevacizumab​: 5mg/kg",Equivalent,,,,,,,,,,,,,Publish,2024-10-11 11:23:00.000,2024-12-23 15:48:00.000
462,SAR445877,SAR445877_IND009,"Dosing, administration & device",Patient Population/schedule,Q2W,,,TAS-102+Bevacizumab,"TAS-102​: twice daily on days 1–5 and 8–12 of each 28-day cycle
Bevacizumab:  Q2W (Day 1 and Day 15)
https://ascopubs.org/doi/10.1200/JCO.2023.41.4_suppl.4
 ",Equivalent,,,,,,,,,,,,,Publish,2024-10-11 11:23:00.000,2024-12-23 15:48:00.000
463,SAR445877,SAR445877_IND009,"Dosing, administration & device",Primary Packaging (Device),No device,,,TAS-102+Bevacizumab,No device,Equivalent,,,,,,,,,,,,,Publish,2024-10-11 11:23:00.000,2024-12-23 15:48:00.000
464,SAR445877,SAR445877_IND009,Efficacy,Endpoint / Claim 1,"ORR (mDOR): 25% (6mo) for AA
mPFS: 8.6mo (HR=0.65)
",,,TAS-102+Bevacizumab,"ORR : 6% (ref: Impact of second-line cetuximab-containing therapy in patients with KRAS wild-type metastatic colorectal cancer: results from the ITACa randomized clinical trial - PMC (nih.gov))
mPFS: 5.6mo",Slightly Better,,,,,,,,,,,,,Publish,2024-10-11 11:23:00.000,2024-12-23 15:48:00.000
465,SAR445877,SAR445877_IND009,Efficacy,Endpoint / Claim 2,"mOS: 15.4mo (HR=0.7)
",,,TAS-102+Bevacizumab,mOS: 10.8mo,Slightly Better,,,,,,,,,,,,,Publish,2024-10-11 11:23:00.000,2024-12-23 15:48:00.000
466,SAR445877,SAR445877_IND009,Safety & Warnings,Basic Safety profile,"CRS: <40%; GR3+=: ~5%
Other IRAEs should be acceptable / manageable rates
Majority of CRS/IRR events are tolerable as they are ​ (i) low grade, (ii) do not require specific treatment or drug discontinuation, and (iii) resolve without sequelae within 3 days of onset.​ While some patients experience several recurrences, these TRAEs are not expected to always be experienced at each administration. 
Transient liver abnormalities observed (most cases due to CRS/IRR and immune related hepatitis)
Better neutropenia compared to SOC
Discontinuation rate due to AEs: <20%
Patient reported burden on adverse events (notably on fatigue and neutropenia related infections) is expected to be better vs SOC - to be measured by FACT GP5.",,,TAS-102+Bevacizumab,"Neutropenia :  52%
Infections/infestations: 8%
Anemia: 5%
Hypertension: 6% 
Fatigue: : 5%
Discontinuation rate due to AEs: 13%
",Slightly Better,,,,,,,,,,,,,Publish,2024-10-11 11:23:00.000,2024-12-23 15:48:00.000
467,SAR445877,SAR445877_IND006,Expected Indication,Indication,"SAR'877+Cetuximab is indicated for the treatment of patients with EGFR-expressing, Microsatellite Stable (MSS), metastatic colorectal cancer (CRC) who have been previously treated with a prior line of therapy.
Target tumor: 2L CRC, non-MSI-H, any RAS (no RAS testing required)
",,,Cetuximab + CT,"Cetuximab + chemotherapy is indicated for K-Ras wild-type, EGFR-expressing, metastatic colorectal cancer as determined by an FDA-approved test
Target tumor: 2L",Equivalent,,,Bevacizumab + CT (SOC),"Bevacizumab + IV 5-FU based chemotherapy is indicated for 1L or 2L treatment of metastatic CRC
",Equivalent,,,,,,,,Publish,2024-10-11 12:02:00.000,2024-12-23 15:38:00.000
468,SAR445877,SAR445877_IND006,"Dosing, administration & device",Route of administration,"SAR445877: IV
Cetuximab: IV
Cetuximab label: https://www.accessdata.fda.gov/drugsatfda_docs/label/2019/125084s273lbl.pdf",,,Cetuximab + CT,"Cetuximab: IV
CT: IV",,,,Bevacizumab + CT (SOC),,,,,,,,,,Publish,2024-10-11 12:02:00.000,2024-12-23 15:38:00.000
469,SAR445877,SAR445877_IND006,"Dosing, administration & device",Dosage,"SAR445877: TBD
Cetuximab: 400 mg/m² initial dose as a 120-minute infusion. The recommended subsequent dosage is 250 mg/m² infused over 60 minutes
",,,Cetuximab + CT,Cetuximab: 400 mg/m² initial dose as a 120-minute infusion. The recommended subsequent dosage is 250 mg/m² infused over 60 minutes,,,,Bevacizumab + CT (SOC),,,,,,,,,,Publish,2024-10-11 12:02:00.000,2024-12-23 15:38:00.000
470,SAR445877,SAR445877_IND006,"Dosing, administration & device",Patient Population/schedule,"SAR'877: Q2W
Cetuximab: QW",,,Cetuximab + CT,Cetuximab: QW,,,,Bevacizumab + CT (SOC),,,,,,,,,,Publish,2024-10-11 12:03:00.000,2024-12-23 15:38:00.000
471,SAR445877,SAR445877_IND006,"Dosing, administration & device",Primary Packaging (Device),none,,,Cetuximab + CT,"Diagnostic technology: K-RAS 
",,,,Bevacizumab + CT (SOC),,,,,,,,,,Publish,2024-10-11 12:03:00.000,2024-12-23 15:38:00.000
472,SAR445877,SAR445877_IND006,Efficacy,Endpoint / Claim 1,,,,Cetuximab + CT,,,,,Bevacizumab + CT (SOC),,,,,,,,,,Publish,2024-10-11 12:03:00.000,2024-12-23 15:38:00.000
473,SAR445877,SAR445877_IND006,Efficacy,Endpoint / Claim 2,,,,Cetuximab + CT,,,,,Bevacizumab + CT (SOC),,,,,,,,,,Publish,2024-10-11 12:03:00.000,2024-12-23 15:39:00.000
474,SAR445877,SAR445877_IND006,Safety & Warnings,Basic Safety profile,"CRS <40%; ≥GR3 ~5%5
IRR: <15%; ≥GR3 <5%
Majority of CRS/IRR events are tolerable as they are ​ (i) low grade, (ii) do not require specific treatment or drug discontinuation, and (iii) resolve without sequelae within 3 days of onset.​ While some patients experience several recurrences, these TRAEs are not expected to always be experienced at each administration. 
- Transient liver abnormalities observed (most cases due to 
  CRS/IRR and immune related hepatitis)
No contraindications. 
Warnings and precautions include immune related AE, CRS or IRR (severe or life-threatening IRR <10%) ",,,Cetuximab + CT,,,,,Bevacizumab + CT (SOC),,,,,,,,,,Publish,2024-10-11 12:03:00.000,2024-12-23 15:39:00.000
475,SP0282,SP0282_IND001,Expected Indication,Indication,"Active immunization for the prevention of invasive E.coli disease (IED), including sepsis and bacteremia, caused by O-serotypes 1A, 2, 4, 6A, 15, 16, 18A, 25B, and 75 in adults aged 60+ (ExPEC 9V vaccine covers the 9 types, which are among the most prevalent O-serotypes of ExPEC)
",,"Active immunization for the prevention of invasive E.coli disease (IED), including sepsis and bacteremia, caused by O-serotypes 1A, 2, 4, 6A, 15, 16, 18A, 25B, and 75 in adults aged 60+ with an history of UTI (ExPEC 9V vaccine covers the 9 types, which are among the most prevalent O-serotypes of ExPEC)
",First In Class,"First in class vaccine (FIC)
",Better,Better,Slightly Better,,,,,,,,,,,Publish,2024-10-14 14:21:00.000,2024-10-14 15:18:00.000
476,SP0282,SP0282_IND001,"Dosing, administration & device",Route of administration,"Intramuscular injection
",,,First In Class,First in class vaccine (FIC),Equivalent,Equivalent,Equivalent,,,,,,,,,,,Publish,2024-10-14 14:21:00.000,2024-10-14 15:18:00.000
477,SP0282,SP0282_IND001,"Dosing, administration & device",Dosage,0.5ml/ dose,,,First In Class,First in class vaccine (FIC),Equivalent,Equivalent,Equivalent,,,,,,,,,,,Publish,2024-10-14 14:21:00.000,2024-10-14 15:18:00.000
478,SP0282,SP0282_IND001,"Dosing, administration & device",Patient Population/schedule,"- Adults aged 60+ 
- 1 single dose + booster after 7-10 years

",,,First In Class,First in class vaccine (FIC),Equivalent,Equivalent,Equivalent,,,,,,,,,,,Publish,2024-10-14 14:21:00.000,2024-10-14 15:18:00.000
479,SP0282,SP0282_IND001,"Dosing, administration & device",Primary Packaging (Device),"- Single-dose vial (iso 2R vials 2ml)
- multipack 10x1 compact box at launch and single pack to follow

",,,First In Class,First in class vaccine (FIC),Equivalent,Equivalent,Equivalent,,,,,,,,,,,Publish,2024-10-14 14:21:00.000,2024-10-14 15:18:00.000
480,SP0282,SP0282_IND001,Efficacy,Endpoint / Claim 1,"70% prevention of 1st IED event with microbiological confirmation from blood or any other sterile sites, caused by the 9 vaccine O-serotypes
",,"60% prevention of 1st IED event with microbiological confirmation from blood or any other sterile sites, caused by the 9 vaccine O-serotypes
",First In Class,First in class vaccine (FIC),Slightly Better,Better,Slightly Better,,,,,,,,,,,Publish,2024-10-14 14:21:00.000,2024-10-14 15:18:00.000
481,SP0282,SP0282_IND001,Efficacy,Endpoint / Claim 2,"- 70% prevention of 1st IED event with microbiological confirmation from blood, any other sterile sites, or urine, caused by the 9 vaccine O-serotypes 
- 70% prevention of 1st hospitalized IED event caused by the 9 vaccine O-serotypes 
- 70% prevention of 1st IED event meeting criteria of sepsis, caused by the 9 vaccine O-serotypes 
- Durability at launch 7 to 10 year based on 3 years of follow up immunogenicity data and mathematical modeling
","Demonstrate impact on all cause Sepsis – will likely require additional evidence generation
","- 60% prevention of 1st IED event with microbiological confirmation from blood, any other sterile sites, or urine, caused by the 9 vaccine O-serotypes 
- 60% prevention of 1st hospitalized IED event caused by the 9 vaccine O-serotypes 9V O-serotypes
- 60% prevention of 1st IED event meeting criteria of sepsis, caused by the 9 vaccine O-serotypes 
",First In Class,First in class vaccine (FIC),Slightly Better,Better,Slightly Better,,,,,,,,,,,Publish,2024-10-14 14:21:00.000,2024-10-14 15:18:00.000
482,SP0282,SP0282_IND001,Safety & Warnings,Basic Safety profile,"- No negative clinical impact due to effect on gut microbiota
- No limiting unsolicited SAEs or AEs
- Mild to moderate local and/or systemic reactogenicity
",,,First In Class,First in class vaccine (FIC),Equivalent,Equivalent,Equivalent,,,,,,,,,,,Publish,2024-10-14 14:21:00.000,2024-10-14 15:18:00.000
483,SP0290,Extraintestinal pathogenic E. coli - 2nd Generation,Expected Indication,Indication,"Active immunization for the prevention of invasive E.coli disease (IED), including sepsis and bacteremia, caused by O-serotypes  O1A, O2, O6A, O25B, O4, O15, O16, O18, O75 (9V) + 08, O153, O9A, O101V1, O17 and O77 in adults aged 60+ and adults aged 18+ with increased risks for developing E.coli sepsis (ExPEC Next Gen vaccine serotype covers at least 70% globally of prevalent O-serotypes of ExPEC)
",,,ExPEC 9V,"Active immunization for the prevention of invasive E.coli disease (IED), including sepsis and bacteremia, caused by O-serotypes 1A, 2, 4, 6A, 15, 16, 18A, 25B, and 75 in adults
aged 60+ (ExPEC 9V vaccine covers the 9 types, which are among the most prevalent O-serotypes of ExPEC)",Slightly Better,,,,,,,,,,,,,Publish,2024-10-14 15:44:00.000,2024-12-17 10:38:00.000
484,SP0290,Extraintestinal pathogenic E. coli - 2nd Generation,"Dosing, administration & device",Route of administration,"Intramuscular injection
",,,ExPEC 9V,Intramuscular injection,Slightly Better,,,,,,,,,,,,,Publish,2024-10-14 15:44:00.000,2024-12-17 10:38:00.000
485,SP0290,Extraintestinal pathogenic E. coli - 2nd Generation,"Dosing, administration & device",Dosage,0.5ml/ dose in 1 prefilled syringe ,,,ExPEC 9V,0.5ml/ dose,Slightly Better,,,,,,,,,,,,,Publish,2024-10-14 15:44:00.000,2024-12-17 10:38:00.000
486,SP0290,Extraintestinal pathogenic E. coli - 2nd Generation,"Dosing, administration & device",Patient Population/schedule,"Adults aged 60+ and adults aged 18+ with increased risks for developing E.coli sepsis
1 single dose + booster after 7-10 years
",,,ExPEC 9V,Adults aged <60 years old. One single dose. Booster after 7-10 years,Slightly Better,,,,,,,,,,,,,Publish,2024-10-14 15:44:00.000,2024-12-17 10:38:00.000
487,SP0290,Extraintestinal pathogenic E. coli - 2nd Generation,"Dosing, administration & device",Primary Packaging (Device),Pre-filled syringe - single monopack & multipack at launch,,,ExPEC 9V,"Single-dose vial (iso 2R vials 2ml) 
Multipack 10x1 compact box at launch and single pack to follow",Slightly Better,,,,,,,,,,,,,Publish,2024-10-14 15:44:00.000,2024-12-17 10:38:00.000
488,SP0290,Extraintestinal pathogenic E. coli - 2nd Generation,Efficacy,Endpoint / Claim 1,"Immunological non-inferiority to ExPEC 9V (current SOC) for shared serotypes :
- 70% prevention of 1st IED event with microbiological confirmation from blood or any other sterile sites, caused by the 9 shared serotypes (by inference: Immune bridging to the 9 serotypes in the 9V vaccine. No efficacy data to be generated for the additional serotypes in the Next Gen vaccine)
- Higher immunogenicity levels for the additional 6 serotypes than the lowest level of original 9V serotypes likely to predict efficacy against IED",,,ExPEC 9V,"70% prevention of 1st IED event with microbiological confirmation from blood or any other sterile sites, caused by the 9 vaccine O-serotypes",Slightly Better,,,,,,,,,,,,,Publish,2024-10-14 15:44:00.000,2024-12-17 10:38:00.000
489,SP0290,Extraintestinal pathogenic E. coli - 2nd Generation,Efficacy,Endpoint / Claim 2,"- 70% prevention of 1st IED event with microbiological confirmation from blood, any other sterile sites, or urine, caused by the 9 shared serotypes (by inference: Immune bridging to the 9 serotypes in the 9V vaccine. No efficacy data to be generated for the additional serotypes in the Next Gen vaccine)
- 70% prevention of 1st hospitalized IED event caused by caused by the 9 shared serotypes (by inference)
- 70% prevention of 1st IED event meeting criteria of sepsis, caused by the caused by the 9 shared serotypes (by inference)
- Higher immunogenicity levels for the additional 6 serotypes than the lowest level of original 9V serotypes likely to predict efficacy in secondary endpoints
- Durability at launch 7 to 10 years based extrapolation of  4 years  follow up in 9V E.mbrace, 5 years in 10V and early clinical immunogenicity data on 15V Ph3.
",,,ExPEC 9V,"- 70% prevention of 1st IED event with microbiological confirmation from blood, any other sterile sites, or urine, caused by the 9 vaccine O-serotypes 
- 70% prevention of 1st hospitalized IED event caused by the 9 vaccine O-serotypes
- 70% prevention of 1st IED event meeting criteria of sepsis, caused by the 9 vaccine O-serotypes 
- Durability at launch 7 to 10 year based on 3 years of follow up immunogenicity data and mathematical modeling",Slightly Better,,,,,,,,,,,,,Publish,2024-10-14 15:44:00.000,2024-12-17 10:39:00.000
490,SP0290,Extraintestinal pathogenic E. coli - 2nd Generation,Safety & Warnings,Basic Safety profile,"- No negative clinical impact due to effect on gut microbiota
- No limiting unsolicited SAEs or AEs including in at risk population
- Mild to moderate local and/or systemic reactogenicity including in at risk population",,,ExPEC 9V,"- No negative clinical impact due to effect on gut microbiota
- No limiting unsolicited SAEs or AEs 
- Mild to moderate local and/or systemic reactogenicity",Equivalent,,,,,,,,,,,,,Publish,2024-10-14 15:44:00.000,2024-12-17 10:39:00.000
491,SAR447537,SAR447537_IND001,Expected Indication,Indication,Alpha-1 protease inhibitor (Alpha-1PI) indicated for long-term augmentation therapy in adult patients with clinically evident emphysema due to hereditary deficiency of alpha-1-antitrypsin (AAT),,,Plasma derived A1P1,Alpha1-PI indicated for chronic augmentation and maintenance therapy in adults with clinical evidence of emphysema due to severe hereditary deficiency of Alpha1-PI,Equivalent,Equivalent,Equivalent,,,,,,,,,,,Publish,2024-10-15 16:59:00.000,2024-10-18 20:35:00.000
492,SAR447537,SAR447537_IND001,"Dosing, administration & device",Route of administration,Intravenous (IV) infusion (45 minutes) ,, ,Plasma derived A1P1,"IV infusion (15 minutes)
",Slightly Better,Better,Better,,,,,,,,,,,Publish,2024-10-15 16:59:00.000,2024-10-18 20:35:00.000
493,SAR447537,SAR447537_IND001,"Dosing, administration & device",Dosage,120 mg/kg,Monthly,,Plasma derived A1P1,60 mg/kg,Slightly Better,Better,Better,,,,,,,,,,,Publish,2024-10-15 16:59:00.000,2024-10-18 20:35:00.000
494,SAR447537,SAR447537_IND001,"Dosing, administration & device",Patient Population/schedule,"Every 3 weeks 
Home infusion enabled in US
",, ,Plasma derived A1P1,"Weekly
~70% patients in home infusion (US)
",Slightly Better,Better,Better,,,,,,,,,,,Publish,2024-10-15 16:59:00.000,2024-10-18 20:35:00.000
495,SAR447537,SAR447537_IND001,"Dosing, administration & device",Primary Packaging (Device),,,,Plasma derived A1P1,,Slightly Better,Better,Better,,,,,,,,,,,Publish,2024-10-15 16:59:00.000,2024-10-18 20:35:00.000
496,SAR447537,SAR447537_IND001,Efficacy,Endpoint / Claim 1,"Higher average levels (mean change from baseline) of serum fAAT at steady-state (Ctrough and Cavg) compared to pdA1P1
Greater % of days of fAAT above the normal range during steady-state compared to pdA1P1
Increase from baseline in BALF/PELF functional AAT levels at steady-state at week 24",,,Plasma derived A1P1,"Lower average levels (mean change from baseline) of serum fAAT at steady-state (Ctrough and Cavg) compared to SAR447537
Greater % of days of fAAT below the normal range during steady-state compared to SAR447537",Slightly Better,Slightly Better,Slightly Better,,,,,,,,,,,Publish,2024-10-15 16:59:00.000,2024-10-18 20:35:00.000
497,SAR447537,SAR447537_IND001,Efficacy,Endpoint / Claim 2,"Data sources to support from OLE, registries, Phase 3 confirmatory trial: 
Reduced the annual rate of change in lung density assessed by quantitative CT at TLC from baseline to end-of-treatment",,,Plasma derived A1P1,,Slightly Better,Slightly Better,Slightly Better,,,,,,,,,,,Publish,2024-10-15 16:59:00.000,2024-10-18 20:35:00.000
498,SAR447537,SAR447537_IND001,Safety & Warnings,Basic Safety profile,Well tolerated with a safety profile consistent with plasma-derived AAT w/o potential of blood borne infections,Well-tolerated with a better safety profile than plasma-derived (pd) AAT w/o potential of blood borne infections,Well-tolerated albeit with some additional adverse drug reactions that were not identified with plasma derived products,Plasma derived A1P1,"Severe hypersensitivity and anaphylactic reactions (particularly in patients with IgA deficiency)
May carry a risk for blood borne infections
Neutralizing antibodies",Slightly Better,Better,Slightly Worse,,,,,,,,,,,Publish,2024-10-15 16:59:00.000,2024-10-18 20:35:00.000
499,SP0292,SP0292_IND001,Expected Indication,Indication,"Active immunization disease-modifying treatment against peanut allergy for reducing allergy reactions after accidental exposure to peanuts AND
-Decrease risk of anaphylaxis following accidental peanut allergen exposure
-Use in conjunction with peanut avoidance
",,,Xolair,"Reduction of allergic reactions (Type I), including anaphylaxis, that may occur with accidental exposure to one or more foods. To be used in conjunction with food allergen avoidance.",Slightly Worse,,,Palforzia,"“mitigation of allergic reactions, including anaphylaxis, that may occur with accidental exposure to peanut…to be used in conjunction with a peanut-avoidant diet.”
",Slightly Better,,,Viaskin,” the study drug patch is designed to potentially desensitize a peanut-allergic person by repeated exposures to very small amounts of peanut via the skin.” “treating patients from a younger age may lead to significant therapeutic benefit”,Slightly Better,,,Publish,2024-10-15 21:28:00.000,2024-10-16 17:44:00.000
500,SP0292,SP0292_IND001,"Dosing, administration & device",Route of administration,"IM, IV, or Patch, administered in a clinic or pharmacy setting
",,,Xolair,Subcutaneous injections,Slightly Better,,,Palforzia,Oral,Better,,,Viaskin,Skin patch,Better,,,Publish,2024-10-15 21:28:00.000,2024-10-16 17:44:00.000
501,SP0292,SP0292_IND001,"Dosing, administration & device",Dosage,2-3 dose primary series over 6 months. Bi-annual or annual booster,,,Xolair,"75-600 mg every 2 or 4 weeks2, with possibility of home-administration. Long term duration of therapy unknown",Slightly Better,,,Palforzia,"Initial dose escalation: Progressively increasing doses administered in one session by an HCP. Up dosing: Initial up dose supervised by an HCP followed by daily administration in the home over 22 weeks of dose levels increased every 2 weeks. Maintenance: Daily dosing in the home
",Better,,,Viaskin,"58 weeks (about 1 year), one study drug patch per day to your child's back, patch DBV712 is 250 μg/dose”, with home-administration utilized",Better,,,Publish,2024-10-15 21:28:00.000,2024-10-16 17:44:00.000
502,SP0292,SP0292_IND001,"Dosing, administration & device",Patient Population/schedule,,,,Xolair,,Slightly Better,,,Palforzia,,Better,,,Viaskin,,Better,,,Publish,2024-10-15 21:28:00.000,2024-10-16 17:44:00.000
503,SP0292,SP0292_IND001,"Dosing, administration & device",Primary Packaging (Device),,,,Xolair,,Slightly Better,,,Palforzia,,Better,,,Viaskin,,Better,,,Publish,2024-10-15 21:28:00.000,2024-10-16 17:44:00.000
504,SP0292,SP0292_IND001,Efficacy,Endpoint / Claim 1,">70% of patients are (vaccine) responders able to ingest a single dose of  > 600 mg of peanut
",,,Xolair,"After 4 months, 67% of treated patients were able to ingest ~ 2-3 peanuts",Slightly Better,,,Palforzia,67% of patients are responders able to ingest a dose of 600 mg of peanut,,,,Viaskin,67% of patients are responders which are able to ingest a dose of 600 mg of peanut. 2 year trial showed potential for 80% efficacy in age group under 3YO with differing dosing regimen,,,,Publish,2024-10-15 21:28:00.000,2024-10-16 17:44:00.000
505,SP0292,SP0292_IND001,Efficacy,Endpoint / Claim 2,Durability (6 mo to 1 year between each booster),,,Xolair,,Slightly Better,,,Palforzia,,,,,Viaskin,,,,,Publish,2024-10-15 21:28:00.000,2024-10-16 17:44:00.000
506,SP0292,SP0292_IND001,Safety & Warnings,Basic Safety profile,"-Mostly mild allergic reactions (threshold TBC) and no other serious adverse reaction due to administration
-Low probability of long-term broad non-specific side-effects due to systemic immunosuppression of IgE
",,,Xolair,"Anaphylaxis can occur2, injection site reactions (15.5%) occur more frequently than in placebo; several years of safety database has been accrued; risk of non-specific anti-IgE suppression on safety to be determined",Slightly Better,,,Palforzia,9.4% of patients experienced anaphylaxis during initial dose escalation and up-dosing and 8.7% of patients experienced anaphylaxis during maintenance,Better,,,Viaskin,Anaphylaxis can occur; most patients experience temporary local skin reactions,Better,,,Publish,2024-10-15 21:28:00.000,2024-10-16 17:44:00.000
507,LC81211,LC81211_IND001,Expected Indication,Indication,"Treatment of Alzheimer’s disease, initiated in patients with MCI or mild dementia stage of AD (inclusive of patients ineligible for Amyloid Betas / at greater risk of ARIA).

",,,Lecanemab,"Lecanemab & Donanemab: Anti-Amyloid Antibodies. No existing DMT SOC - emerging use of anti-amyloid TX. 
No approved anti-inflammatory therapeutics.
Treatment of Alzheimer’s disease, initiated in patients with MCI or mild dementia stage of AD.
Confirm presence of amyloid prior to treatment.
",Equivalent,,,Donanemab,,Equivalent,,,,,,,,Publish,2024-10-16 17:28:00.000,2024-11-07 16:58:00.000
508,LC81211,LC81211_IND001,"Dosing, administration & device",Route of administration,"IV Q4W

",,,Lecanemab,"IV formulation for anti-amyloid therapies, with SC being considered and tested in trials.
",Slightly Better,,,Donanemab,"
",Equivalent,,,,,,,,Publish,2024-10-16 17:28:00.000,2024-11-07 16:58:00.000
509,LC81211,LC81211_IND001,"Dosing, administration & device",Dosage,,,,Lecanemab,Lecanemab: 10 mg/kg via IV Q2W (1hr infusion).,Slightly Better,,,Donanemab,Donanemab: 700-1400 mg/month Q4W (30 min infusion).,Equivalent,,,,,,,,Publish,2024-10-16 17:28:00.000,2024-11-07 16:58:00.000
510,LC81211,LC81211_IND001,"Dosing, administration & device",Patient Population/schedule,,,,Lecanemab,,Slightly Better,,,Donanemab,,Equivalent,,,,,,,,Publish,2024-10-16 17:28:00.000,2024-11-07 16:58:00.000
511,LC81211,LC81211_IND001,"Dosing, administration & device",Primary Packaging (Device),,,,Lecanemab,,Slightly Better,,,Donanemab,,Equivalent,,,,,,,,Publish,2024-10-16 17:28:00.000,2024-11-07 16:58:00.000
512,LC81211,LC81211_IND001,Efficacy,Endpoint / Claim 1,"~ 35-40% slowing of decline in Clinical Dementia Rating–Sum of Boxes (CDR-SB) vs. placebo at 18 months.
",,,Lecanemab,"Lecanemab demonstrated 27% slowing of decline in Clinical Dementia Rating–Sum of Boxes (CDR-SB) vs placebo at 18 months. 
Donanemab demonstrated 29% slowing.


",Slightly Better,,,Donanemab,,Slightly Better,,,,,,,,Publish,2024-10-16 17:28:00.000,2024-11-07 16:58:00.000
513,LC81211,LC81211_IND001,Efficacy,Endpoint / Claim 2,"~ 35-40% slowing of ADAS-Cog score.  Supportive Biomarkers including Reduced levels of MTBR-tau243, tau deposition on PET, plasma p-tau217, plasma GFAP, CSF YKL40 and CSF neurogranin
",,,Lecanemab,"- Lecanemab demonstrated a 26% slowing in ADAS-Cog vs placebo at week 78. 
- Donanemab demonstrated 20% slowing. 
- Significant reduction in brain amyloid PET, CSF neurogranin, and brain volume.
",Slightly Better,,,Donanemab,,Slightly Better,,,,,,,,Publish,2024-10-16 17:28:00.000,2024-11-07 16:59:00.000
514,LC81211,LC81211_IND001,Safety & Warnings,Basic Safety profile,"
Manageable AE profile​ in a context of chronic dosing in aged patients typically taking several medications
",,,Lecanemab,"- Boxed warning for Amyloid related imaging abnormalities  (ARIA)
- ARIA a major risk with anti-amyloid therapeutics, which is not expected when targeting Tau-MTBR.
",Slightly Better,,,Donanemab,"
",,,,,,,,,Publish,2024-10-16 17:28:00.000,2024-11-07 16:59:00.000
515,SP0269,SP0269_IND001,Expected Indication,Indication,"Prevention of persistent CT infection and urogenital disease
(Please note: prevention of infection will need to be defined as prevention of a persistent infection as transient infection will occur. Persistent infection to be demonstrated via diagnostic algorithm, to be established in translational science study)
",,,,"There is no prophylactic SOC in place and is also not anticipated to exist at the time of launch. Screening programs are used in some countries to detect asymptomatic Ct infection and antibiotics are used for treatment.
In some high-risk groups administration of antibiotics as prophylaxis after sexual contact
",Equivalent,,,,,,,,,,,,,Draft,2024-10-17 00:41:00.000,2024-10-17 00:41:00.000
516,SP0269,SP0269_IND001,"Dosing, administration & device",Route of administration,"Route: Intramuscular
",,,,,Equivalent,,,,,,,,,,,,,Draft,2024-10-17 00:41:00.000,2024-10-17 00:41:00.000
517,SP0269,SP0269_IND001,"Dosing, administration & device",Dosage,"2 doses (0 and 6 months, schedule TBD)
1 Booster at 5 years, with at least additional 10-year protection 
",,,,,Equivalent,,,,,,,,,,,,,Draft,2024-10-17 00:41:00.000,2024-10-17 00:41:00.000
518,SP0269,SP0269_IND001,"Dosing, administration & device",Patient Population/schedule,,,,,,Equivalent,,,,,,,,,,,,,Draft,2024-10-17 00:41:00.000,2024-10-17 00:41:00.000
519,SP0269,SP0269_IND001,"Dosing, administration & device",Primary Packaging (Device),,,,,,Equivalent,,,,,,,,,,,,,Draft,2024-10-17 00:41:00.000,2024-10-17 00:41:00.000
520,SP0269,SP0269_IND001,Efficacy,Endpoint / Claim 1,"70% (Prevention of persistent Infection) across all genital serovars
",,,,,Equivalent,,,,,,,,,,,,,Draft,2024-10-17 00:41:00.000,2024-10-17 00:41:00.000
521,SP0269,SP0269_IND001,Efficacy,Endpoint / Claim 2,"TBD% Symptomatic urogenital disease 
 Female: vaginal discharge, intermenstrual bleeding, pain during intercourse, Urethral  syndrome (pain upon urination and frequent and urgent need to urinate), recent onset of lower abdominal pain   
 Male: urethral discharge & discomfort, dysuria, epididymal pain and swelling, urogenital tenderness
",,,,,Equivalent,,,,,,,,,,,,,Draft,2024-10-17 00:41:00.000,2024-10-17 00:41:00.000
522,SP0269,SP0269_IND001,Safety & Warnings,Basic Safety profile,"Similar safety profile to licensed vaccines in this age group (i.e., HPV, Meningitis) 
",,,,,Equivalent,,,,,,,,,,,,,Draft,2024-10-17 00:41:00.000,2024-10-17 00:41:00.000
523,SP0269,SP0269_IND001,Expected Indication,Indication,"Prevention of persistent CT infection and urogenital disease
(Please note: prevention of infection will need to be defined as prevention of a persistent infection as transient infection will occur. Persistent infection to be demonstrated via diagnostic algorithm, to be established in translational science study)
","Prevention of PID and other long-term diseases related to CT (LCM)
Reduction of CT transmission in countries w/o perinatal screening (LCM)
Perinatal transmission (LCM)
Additional indication outside of urogenital*
","Prevention of CT infection and urogenital diseases 
",SOC,"There is no prophylactic SOC in place and is also not anticipated to exist at the time of launch. Screening programs are used in some countries to detect asymptomatic Ct infection and antibiotics are used for treatment.
In some high-risk groups administration of antibiotics as prophylaxis after sexual contact
",Equivalent,Equivalent,Equivalent,,,,,,,,,,,Publish,2024-10-17 00:42:00.000,2024-10-17 01:15:00.000
524,SP0269,SP0269_IND001,"Dosing, administration & device",Route of administration,"Route: Intramuscular
","Route: mucosal 
","Route: Intramuscular
",SOC,,Equivalent,Equivalent,Equivalent,,,,,,,,,,,Publish,2024-10-17 00:42:00.000,2024-10-17 01:15:00.000
525,SP0269,SP0269_IND001,"Dosing, administration & device",Dosage,"2 doses (0 and 6 months, schedule TBD)
1 Booster at 5 years, with at least additional 10-year protection 
","Single dose (regardless of route)
",,SOC,,Equivalent,Equivalent,Equivalent,,,,,,,,,,,Publish,2024-10-17 00:42:00.000,2024-10-17 01:15:00.000
526,SP0269,SP0269_IND001,"Dosing, administration & device",Patient Population/schedule,,"2 doses Intramuscular w/ flexible dosing (0, 6-12mo?)
1 booster at 10yrs, with at least additional 15-year protection 
","3-dose (0, 2, 6 months)
1 Booster every 5 years
",SOC,,Equivalent,Equivalent,Equivalent,,,,,,,,,,,Publish,2024-10-17 00:42:00.000,2024-10-17 01:15:00.000
527,SP0269,SP0269_IND001,"Dosing, administration & device",Primary Packaging (Device),,"Mucosal applicator
","2 vials (lyo+liquid) for reconstitution
",SOC,,Equivalent,Equivalent,Equivalent,,,,,,,,,,,Publish,2024-10-17 00:42:00.000,2024-10-17 01:15:00.000
528,SP0269,SP0269_IND001,Efficacy,Endpoint / Claim 1,"70% (Prevention of persistent Infection) across all genital serovars
","80% (Prevention of persistent Infection) across all genital serovars
","60% (Prevention of persistent Infection) across all genital serovars 
",SOC,,Equivalent,Equivalent,Equivalent,,,,,,,,,,,Publish,2024-10-17 00:42:00.000,2024-10-17 01:15:00.000
529,SP0269,SP0269_IND001,Efficacy,Endpoint / Claim 2,"TBD% Symptomatic urogenital disease 
 Female: vaginal discharge, intermenstrual bleeding, pain during intercourse, Urethral  syndrome (pain upon urination and frequent and urgent need to urinate), recent onset of lower abdominal pain   
 Male: urethral discharge & discomfort, dysuria, epididymal pain and swelling, urogenital tenderness
","TBD% Symptomatic urogenital disease 
","TBD% Symptomatic urogenital disease (TBD whether required for minimum case)
",SOC,,Equivalent,Equivalent,Equivalent,,,,,,,,,,,Publish,2024-10-17 00:42:00.000,2024-10-17 01:15:00.000
530,SP0269,SP0269_IND001,Safety & Warnings,Basic Safety profile,"Similar safety profile to licensed vaccines in this age group (i.e., HPV, Meningitis) 
","Lower reactogenicity than competitor  product
Safety in women of childbearing age
","Similar safety profile to licensed vaccines in this age group (same as base case)
",SOC,,Equivalent,,Equivalent,,,,,,,,,,,Publish,2024-10-17 00:43:00.000,2024-10-17 01:15:00.000
531,SP0178,SP0178_IND001,Expected Indication,Indication,"Active immunization of adults ≥65 years of age against influenza disease caused by 2 influenza subtypes A and 2 influenza types B
",,,TIV HD,"65+:  Active immunization against influenza disease caused by 2 influenza subtypes A and 1 influenza type B contained in the vaccine
",Slightly Better,,,,,,,,,,,,,Publish,2024-10-17 17:41:00.000,2024-10-17 17:42:00.000
532,SP0178,SP0178_IND001,"Dosing, administration & device",Route of administration,IM injection ,,,TIV HD,IM injection ,Equivalent,,,,,,,,,,,,,Publish,2024-10-17 17:41:00.000,2024-10-17 17:42:00.000
533,SP0178,SP0178_IND001,"Dosing, administration & device",Dosage,"yearly vaccination at a 0.7ml dose
",,,TIV HD,"yearly vaccination at a 0.5ml dose
",Equivalent,,,,,,,,,,,,,Publish,2024-10-17 17:41:00.000,2024-10-17 17:42:00.000
534,SP0178,SP0178_IND001,"Dosing, administration & device",Patient Population/schedule,,,,TIV HD,,Equivalent,,,,,,,,,,,,,Publish,2024-10-17 17:41:00.000,2024-10-17 17:42:00.000
535,SP0178,SP0178_IND001,"Dosing, administration & device",Primary Packaging (Device),,,,TIV HD,,Equivalent,,,,,,,,,,,,,Publish,2024-10-17 17:41:00.000,2024-10-17 17:42:00.000
536,SP0178,SP0178_IND001,Efficacy,Endpoint / Claim 1,"65+: immune response to QIV HD is non inferior to TIV HD which has demonstrated to be 24% more efficacious against influenza compared to standard dose Fluzone in 65+ population
QIV HD provides a superior immune response for  the additional B strain
",,,TIV HD,"TIV-HD was demonstrated to be 24% more efficacious against influenza compared to standard dose Fluzone in the 65+ population. 
TIV-HD only contains one B strain
",Better,,,,,,,,,,,,,Publish,2024-10-17 17:41:00.000,2024-10-17 17:42:00.000
537,SP0178,SP0178_IND001,Efficacy,Endpoint / Claim 2,,,,TIV HD,,Better,,,,,,,,,,,,,Publish,2024-10-17 17:41:00.000,2024-10-17 17:43:00.000
538,SP0178,SP0178_IND001,Safety & Warnings,Basic Safety profile,"Systemic safety profile comparable to current standard of care 
Acceptable injection-site reactions
",,,TIV HD,"TIV-HD in 65+: Pain is most common injection-site reaction and myalgia and malaise are most common systemic adverse events  
",Equivalent,,,,,,,,,,,,,Publish,2024-10-17 17:41:00.000,2024-10-17 17:43:00.000
539,SAR441344,SAR441344_IND009,Expected Indication,Indication,"Frexalimab is indicated for the treatment of adults, adolescents and pediatric patients on the continuum of primary focal segmental glomerulosclerosis (FSGS)/minimal change (MCD) kidney disease",,,Corticosteroids (+/- Rituximab or CNI),Off-label usage in FSGS and MCD,Better,,,,,,,,,,,,,Publish,2024-10-17 22:31:00.000,2024-10-19 00:35:00.000
540,SAR441344,SAR441344_IND009,"Dosing, administration & device",Route of administration,Intravenous (in Phase 2a) – Subcutaneous being considered (in Ph2b and Ph3 TBC) ,,,Corticosteroids (+/- Rituximab or CNI),Intravenously followed by daily or every other day high dose oral steroids,Equivalent,,,,,,,,,,,,,Publish,2024-10-17 22:31:00.000,2024-10-19 00:35:00.000
541,SAR441344,SAR441344_IND009,"Dosing, administration & device",Dosage,1800 mg loading dose followed by 1200 mg,,,Corticosteroids (+/- Rituximab or CNI),,Equivalent,,,,,,,,,,,,,Publish,2024-10-17 22:31:00.000,2024-10-19 00:35:00.000
542,SAR441344,SAR441344_IND009,"Dosing, administration & device",Patient Population/schedule,Q4W,,,Corticosteroids (+/- Rituximab or CNI),Comparative position depends on mode of administration for drug candidate(s) that is advanced to pivotal studies,Equivalent,,,,,,,,,,,,,Publish,2024-10-17 22:31:00.000,2024-10-19 00:35:00.000
543,SAR441344,SAR441344_IND009,"Dosing, administration & device",Primary Packaging (Device),,,,Corticosteroids (+/- Rituximab or CNI),,Equivalent,,,,,,,,,,,,,Publish,2024-10-17 22:31:00.000,2024-10-19 00:35:00.000
544,SAR441344,SAR441344_IND009,Efficacy,Endpoint / Claim 1,"Steroid-sparing therapy leading to achievement of partial (FPRE, UPCR<1.5 gm/gm and reduction >= 40%) or complete (UPCR ≤0.3 gm/gm) proteinuria remission and its associated improvement of signs & symptoms of NS (per Nephro SSI-PRO) in 60% of treated patients",Therapy leading to >50% reduction of proteinuria (UPCR) and its associated improvement of signs & symptoms of nephrotic syndrome (NS) (per Nephro SSI-PRO)  ,"Steroid-sparing therapy leading to achievement of partial (FPRE, UPCR<1.5 gm/gm and reduction >= 40%) or complete (UPCR ≤0.3 gm/gm) proteinuria remission and its associated improvement of signs & symptoms of NS (per Nephro SSI-PRO) in ≥80% of treated patients",Corticosteroids (+/- Rituximab or CNI),"FSGS: 53% overall remission rate (Partial remission [PR] or Complete remission [CR])
MCD: 80.3% overall remission rate (PR or CR)

NOTE: In de novo adult primary MCD, tacrolimus vs. steroids resulted in 76% vs. 80% PR+CR at 4 weeks (Medjeral-Thomas et al. CJASN 2020) so this efficacy is feasible with a targeted immune modulator; no comparable steroid-sparing trial for primary FSGS",Slightly Better,Better,Better,,,,,,,,,,,Publish,2024-10-17 22:31:00.000,2024-10-19 00:35:00.000
545,SAR441344,SAR441344_IND009,Efficacy,Endpoint / Claim 2,,Comparative position for FSGS: better and for MCD: equivalent,Comparative position for FSGS: better and for MCD: equivalent,Corticosteroids (+/- Rituximab or CNI),Comparative position: Slighlty better for FSGS and equivalent for MCD,Slightly Better,Better,Better,,,,,,,,,,,Publish,2024-10-17 22:31:00.000,2024-10-19 00:35:00.000
546,SAR441344,SAR441344_IND009,Safety & Warnings,Basic Safety profile,"- Safe and well tolerated (better than current SoC)
- No Drug-Drug Interactions with drugs commonly used in NS (e.g. loop diuretics, Renin-angiotensin-aldosterone system [RAAS] inhibitors, corticosteroids)",,,Corticosteroids (+/- Rituximab or CNI),"- Corticosteroids: glucose intolerance, osteoporosis, psychosis, increased risk of infection
- Drug-drug interactions expected between SoC immunosuppression and other drugs commonly used in NS. Ex: tacrolimus with RAAS inhibitors or potassium sparing diuretics increase risk of hyperkalemia",Better,,,,,,,,,,,,,Publish,2024-10-17 22:31:00.000,2024-10-19 00:35:00.000
547,SAR445229,SAR445229_IND003,Expected Indication,Indication,,,,,,,,,,,,,,,,,,,Draft,2024-10-18 13:54:00.000,2024-10-18 13:54:00.000
548,SAR445229,SAR445229_IND003,"Dosing, administration & device",Route of administration,,,,,,,,,,,,,,,,,,,Draft,2024-10-18 13:54:00.000,2024-10-18 13:54:00.000
549,SAR445229,SAR445229_IND003,"Dosing, administration & device",Dosage,,,,,,,,,,,,,,,,,,,Draft,2024-10-18 13:54:00.000,2024-10-18 13:54:00.000
550,SAR445229,SAR445229_IND003,"Dosing, administration & device",Patient Population/schedule,,,,,,,,,,,,,,,,,,,Draft,2024-10-18 13:54:00.000,2024-10-18 13:54:00.000
551,SAR445229,SAR445229_IND003,"Dosing, administration & device",Primary Packaging (Device),,,,,,,,,,,,,,,,,,,Draft,2024-10-18 13:54:00.000,2024-10-18 13:54:00.000
552,SAR445229,SAR445229_IND003,Efficacy,Endpoint / Claim 1,,,,,,,,,,,,,,,,,,,Draft,2024-10-18 13:54:00.000,2024-10-18 13:54:00.000
553,SAR445229,SAR445229_IND003,Efficacy,Endpoint / Claim 2,,,,,,,,,,,,,,,,,,,Draft,2024-10-18 13:54:00.000,2024-10-18 13:54:00.000
554,SAR445229,SAR445229_IND003,Safety & Warnings,Basic Safety profile,,,,,,,,,,,,,,,,,,,Draft,2024-10-18 13:54:00.000,2024-10-18 13:54:00.000
555,GZ402671,GZ402671_IND004,Expected Indication,Indication,"Long-term for improvement of neurological manifestations and stabilization of systemic manifestations* in GD3 patients 12y. and older, stabilized on prior ERT therapy.
* Due to FDA comments on NI margin for systemic endpoints, Minimally Marketable TPP may only include systemic data in Section 14 of US label (not included in indication statement); subject to change following additional FDA interaction in H2 2022","Long-term for improvement of neurological manifestations and stabilization of systemic manifestations in GD3 patients 12y. and older, stabilized on prior ERT therapy.
",Same as Base TPP,Cerezyme,"Long-term enzyme replacement therapy for pediatric and adult patients with a confirmed diagnosis of GD1 (and GD3 ex-US) who exhibit clinically significant non-neurological manifestations of the disease.
",Better,Better,,,,,,,,,,,,Draft,2024-10-18 19:08:00.000,2025-02-05 13:21:00.000
556,GZ402671,GZ402671_IND004,"Dosing, administration & device",Route of administration,"Oral administration

",,,Cerezyme,IV Infusion,Better,,,,,,,,,,,,,Draft,2024-10-18 19:08:00.000,2025-02-05 13:21:00.000
557,GZ402671,GZ402671_IND004,"Dosing, administration & device",Dosage,"Adults: 15mg once daily
Peds: Dose based on body weight bins to match adult exposure
","
",,Cerezyme,"Most common regimen is 45-60 units/kg body weight given once every 2 weeks by intravenous infusion over 1-2 hours
",Better,,,,,,,,,,,,,Draft,2024-10-18 19:08:00.000,2025-02-05 13:21:00.000
558,GZ402671,GZ402671_IND004,"Dosing, administration & device",Patient Population/schedule,"Adults: 15mg once daily, oral administration
Peds: Dose based on body weight bins to match adult exposure
","
",,Cerezyme,"Adults and Peds: Most common regimen is 45-60 units/kg body weight given once every 2 weeks by intravenous infusion over 1-2 hours
",Better,,,,,,,,,,,,,Draft,2024-10-18 19:08:00.000,2025-02-05 13:21:00.000
559,GZ402671,GZ402671_IND004,"Dosing, administration & device",Primary Packaging (Device),,,,Cerezyme,,Better,,,,,,,,,,,,,Draft,2024-10-18 19:08:00.000,2025-02-05 13:21:00.000
560,GZ402671,GZ402671_IND004,Efficacy,Endpoint / Claim 1,"- Neurological manifestations: improvement (ataxia and cognition)
- Reduction in cerebrospinal fluid (CSF) CNS biomarkers (GL-1 and lyso-GL1)
","Improvement of Hematologic (Hemoglobin, Platelet count) and Visceral (liver and spleen volume) manifestations of Gaucher disease
",,Cerezyme,"Not expected due to lack of CNS penetration
",Better,Slightly Better,,,,,,,,,,,,Draft,2024-10-18 19:08:00.000,2025-02-05 13:21:00.000
561,GZ402671,GZ402671_IND004,Efficacy,Endpoint / Claim 2,"Ex-US*: Maintenance of ERT benefit on Hematologic (Hemoglobin, Platelet count), and on Visceral (liver and spleen volume) aspects
* Due to FDA comments on NI margin for systemic endpoints, Minimally Marketable TPP may only include systemic data in Section 14 of US label (not included in indication statement); subject to change following additional FDA interaction in H2 2022
","Bone: improvement of bone mineral density
",,Cerezyme,"- Show improvement in GD systemic manifestations such as anemia, thrombocytopenia, bone disease, hepatomegaly, or splenomegaly
- Limited effect on lung manifestations
",Better,Slightly Better,,,,,,,,,,,,Draft,2024-10-18 19:08:00.000,2025-02-05 13:21:00.000
562,GZ402671,GZ402671_IND004,Safety & Warnings,Basic Safety profile,"- Well tolerated with favorable safety profile for chronic administration
- Manageable interactions with common symptomatic medications
","
",,Cerezyme,"- No contraindications
- Approximately 15% of patients develop antibodies 
- Infusion associated reactions
",Slightly Better,,,,,,,,,,,,,Draft,2024-10-18 19:08:00.000,2025-02-05 13:22:00.000
563,SAR445229,SAR445229_IND003,Expected Indication,Indication,"Indicated for slowing the rate of decline in pulmonary function in adult patients with SSc-ILD and for reduction of skin fibrosis in adult patients with SSc
",,,Ofev,"Ofev is indicated for slowing the rate of decline in pulmonary function in patients with SSc-ILD
",Slightly Better,,,Actemra,"Actemra is indicated for slowing the rate of decline in pulmonary function in adult patients with SSc-ILD
",Slightly Better,,,,,,,,Draft,2024-10-18 19:35:00.000,2024-11-05 12:17:00.000
564,SAR445229,SAR445229_IND003,"Dosing, administration & device",Route of administration,SC injection,,,Ofev,Ofev: BID Oral,Slightly Worse,,,Actemra,"Actemra: QW SC
",Slightly Better,,,,,,,,Draft,2024-10-18 19:35:00.000,2024-11-05 12:17:00.000
565,SAR445229,SAR445229_IND003,"Dosing, administration & device",Dosage,"Q4W 
",,,Ofev,Ofev:,Slightly Worse,,,Actemra,Actemra:,Slightly Better,,,,,,,,Draft,2024-10-18 19:35:00.000,2024-11-05 12:17:00.000
566,SAR445229,SAR445229_IND003,"Dosing, administration & device",Patient Population/schedule,,,,Ofev,Ofev:,Slightly Worse,,,Actemra,Actemra:,Slightly Better,,,,,,,,Draft,2024-10-18 19:35:00.000,2024-11-05 12:18:00.000
567,SAR445229,SAR445229_IND003,"Dosing, administration & device",Primary Packaging (Device),AI,,,Ofev,Ofev:,Slightly Worse,,,Actemra,Actemra:,Slightly Better,,,,,,,,Draft,2024-10-18 19:35:00.000,2024-11-05 12:18:00.000
568,SAR445229,SAR445229_IND003,Efficacy,Endpoint / Claim 1,"Primary end points at 1 year​
Lung function (FVC): mean reduction of FVC decline by >110mL vs. PBO
Key secondary at 1 year: 
Skin fibrosis (mRSS): mean reduction of mRSS by 4.0 vs. PBO ​
",,,Ofev,"Ofev: Primary endpoints at 1 year​
Lung function (FVC): mean reduction of FVC decline by 41mL vs. PBO​
",Slightly Better,,,Actemra,"Actemra: Primary end point at 1 year​
Skin fibrosis (mRSS): Not statistically significant ​
",Slightly Better,,,,,,,,Draft,2024-10-18 19:35:00.000,2024-11-05 12:18:00.000
569,SAR445229,SAR445229_IND003,Efficacy,Endpoint / Claim 2,"Secondary end points at 1 year​
Clinically significant improvement on functional disability measured by HAQ-DI -0.14 pts vs. PBO​
Significant delay in disease progression as measured on time to 1st major organ complication over a 1-year vs PBO (HR=0.6)
",,,Ofev,"Ofev: Secondary endpoint at 1 year​
Skin fibrosis (mRSS): Not statistically significant 
",Slightly Better,,,Actemra,"Actemra: Secondary end point at 1 year​
Lung function (FVC): mean reduction of FVC decline by 241 mL vs. PBO​*
",Slightly Better,,,,,,,,Draft,2024-10-18 19:35:00.000,2024-11-05 12:18:00.000
570,SAR445229,SAR445229_IND003,Safety & Warnings,Basic Safety profile,"Safe and well-tolerated
No black box warning
Mild-moderate injection site reactions
",,,Ofev,"Ofev: 
No black box​
Not recommended for patients with hepatic impairment​
GI AEs are common  (diarrhea, nausea, abdominal pain)​
High treatment discontinuation due to tolerability issues
",Slightly Better,,,Actemra,"Actemra:
Black box warning for serious infection risk, incl TB, viral and fungal infection
",Slightly Better,,,,,,,,Draft,2024-10-18 19:35:00.000,2024-11-05 12:18:00.000
571,SAR447537,SAR447537_IND001,Expected Indication,Indication,Alpha-1 protease inhibitor (Alpha-1 PI) indicated for long-term replacement therapy in adults with alpha-1-antitrypsin (AAT) deficiency and clinically evident emphysema,,,Plasma derived AAT,<p>Alpha-1 PI indicated for chronic augmentation and maintenance therapy in adults with alpha-1-antitrypsin (AAT) deficiency and clinically evident emphysema</p>,Equivalent,Equivalent,Equivalent,,,,,,,,,,,Draft,2024-10-18 20:37:00.000,2025-09-11 19:52:00.000
572,SAR447537,SAR447537_IND001,"Dosing, administration & device",Route of administration,Intravenous (IV) infusion (45 minutes) ,, ,Plasma derived AAT,"IV infusion (15 minutes)
",Slightly Better,Better,Better,,,,,,,,,,,Draft,2024-10-18 20:37:00.000,2025-09-11 19:52:00.000
573,SAR447537,SAR447537_IND001,"Dosing, administration & device",Dosage,120 mg/kg,Monthly,,Plasma derived AAT,60 mg/kg,Slightly Better,Better,Better,,,,,,,,,,,Draft,2024-10-18 20:37:00.000,2025-09-11 19:53:00.000
574,SAR447537,SAR447537_IND001,"Dosing, administration & device",Patient Population/schedule,"Every 3 weeks 
Home infusion enabled in US
",, ,Plasma derived AAT,"Weekly
~70% patients in home infusion (US)
",Slightly Better,Better,Better,,,,,,,,,,,Draft,2024-10-18 20:37:00.000,2025-09-11 19:53:00.000
575,SAR447537,SAR447537_IND001,"Dosing, administration & device",Primary Packaging (Device),,,,Plasma derived AAT,,Slightly Better,Better,Better,,,,,,,,,,,Draft,2024-10-18 20:37:00.000,2025-09-11 19:53:00.000
576,SAR447537,SAR447537_IND001,Efficacy,Endpoint / Claim 1,"At launch: 
Higher average levels (mean change from baseline) of serum fAAT at steady-state (Ctrough and Cavg) compared to pd Alpha-1 P1

Greater % of days of fAAT above the normal range during steady-state compared to pd Alpha-1 P1

Increase from baseline in Bronchoalveolar Lavage Fluid/Pulmonary epithelial Lining Fluid functional AAT levels at steady-state at Week 24",,,Plasma derived AAT,"Lower average levels (mean change from baseline) of serum fAAT at steady-state (Ctrough and Cavg) compared to SAR447537
Greater % of days of fAAT below the normal range during steady-state compared to SAR447537",Slightly Better,Slightly Better,Slightly Better,,,,,,,,,,,Draft,2024-10-18 20:37:00.000,2025-09-11 19:53:00.000
577,SAR447537,SAR447537_IND001,Efficacy,Endpoint / Claim 2,"After completion of Phase 3/4 trial:
Reduced the annual rate of change in lung density assessed by quantitative Computerized Tomography (TC) at Total Lung Capacity from baseline to end-of-treatment
Improved COPD PROs (St George’s Respiratory Questionnaire for COPD Participants [SGRQ-C] and COPD Assessment Test [CAT])",,,Plasma derived AAT,,Slightly Better,Slightly Better,Slightly Better,,,,,,,,,,,Draft,2024-10-18 20:37:00.000,2025-09-11 19:53:00.000
578,SAR447537,SAR447537_IND001,Safety & Warnings,Basic Safety profile,Well tolerated with a safety profile consistent with plasma-derived AAT w/o potential of blood borne infections,Well-tolerated with a better safety profile than plasma-derived (pd) AAT w/o potential of blood borne infections,Well-tolerated albeit with some additional adverse drug reactions that were not identified with plasma derived products,Plasma derived AAT,"Severe hypersensitivity and anaphylactic reactions (particularly in patients with IgA deficiency)
May carry a risk for blood borne infections
Neutralizing antibodies",Slightly Better,Better,Slightly Worse,,,,,,,,,,,Draft,2024-10-18 20:37:00.000,2025-09-11 19:53:00.000
579,SAR445229,SAR445229_IND006,Expected Indication,Indication,"Indicated for the treatment of adults and adolescent CeD patients as adjunct to a gluten free diet  who are on a GFD for at least  6 months and continue to experience symptoms and inflammation
","Indicated for the treatment of adults and adolescent CeD patients as adjunct to a gluten free diet  who are on a GFD for at least  6 months and continue to experience symptoms and inflammation, and providing protection from occasional inadvertent gluten exposure 
",,,,Better,Better,,,,,,,,,,,,Draft,2024-10-18 23:49:00.000,2024-11-01 18:10:00.000
580,SAR445229,SAR445229_IND006,"Dosing, administration & device",Route of administration,SC,SC,,,,Better,Better,,,,,,,,,,,,Draft,2024-10-18 23:49:00.000,2024-11-01 18:10:00.000
581,SAR445229,SAR445229_IND006,"Dosing, administration & device",Dosage,"Induction LD + 250 mg Q4W dosing to 24 wks, followed by maintenance dosing Q12W
","LD + Q12W dosing from the start 
",,,,Better,Better,,,,,,,,,,,,Draft,2024-10-18 23:49:00.000,2024-11-01 18:10:00.000
582,SAR445229,SAR445229_IND006,"Dosing, administration & device",Patient Population/schedule,adults and adolescent CeD patients as adjunct to a gluten free diet  ,"adults and adolescent CeD patients as adjunct to a gluten free diet  who are on a GFD for at least  6 months and continue to experience symptoms and inflammation, and providing protection from occasional inadvertent gluten exposure ",,,,Better,Better,,,,,,,,,,,,Draft,2024-10-18 23:49:00.000,2024-11-01 18:10:00.000
583,SAR445229,SAR445229_IND006,"Dosing, administration & device",Primary Packaging (Device),"autoinjector​
",Autoinjector,,,,Better,Better,,,,,,,,,,,,Draft,2024-10-18 23:49:00.000,2024-11-01 18:10:00.000
584,SAR445229,SAR445229_IND006,Efficacy,Endpoint / Claim 1,"Key measures:  
Clinically significant improvement in mucosal histology – baseline to week 24 
Clinically significant improvement in patient’s GI symptoms (abdominal pain, diarrhoea, bloating, and nausea) measured by change in CDSD GI symptoms domain - baseline to week 24 
Demonstrate durability of response at week 76 with evidence of maintained mucosal healing
","Key measures:  
Clinically significant improvement in mucosal histology – baseline to week 24 
Clinically significant improvement in patient’s GI symptoms (abdominal pain, diarrhoea, bloating, and nausea) measured by change in CDSD GI symptoms domain - baseline to week 12 
Demonstrate durability of response at week 76 with evidence of maintained mucosal healing
",,,,Better,Better,,,,,,,,,,,,Draft,2024-10-18 23:49:00.000,2024-11-01 18:10:00.000
585,SAR445229,SAR445229_IND006,Efficacy,Endpoint / Claim 2,"Improvements in other measures at WEEK 24:
Improvement in the frequency of symptoms of celiac disease measured by frequency of vomiting, bowel movements and diarrhea 
Improvement of non-GI symptoms of celiac disease e.g., tiredness as measured by CDSD 
Improvement in quality of life as measured by 
Impact of Celiac Disease Symptom Questionnaire (ICDSQ)
Impact of Adhering to a Gluten-Free Diet Questionnaire (IGFDQ)
Reduction in CeD serologies (TTG, IgG, EMA, DGP) and other relevant celiac disease biomarkers
","Improvements in other measures at WEEK 12:
Improvement in the frequency of symptoms of celiac disease measured by frequency of vomiting, bowel movements and diarrhea 
Improvement of non-GI symptoms of celiac disease e.g., tiredness as measured by CDSD 
Improvements in other measures at WEEK 24:
Improvement in quality of life as measured by 
Celiac Disease Symptom Questionnaire (ICDSQ)
Impact of Adhering to a Gluten-Free Diet Questionnaire (IGFDQ)
Reduction in CeD serologies (TTG, IgG, EMA, DGP) and other relevant celiac disease biomarkers
",,,,Better,Better,,,,,,,,,,,,Draft,2024-10-18 23:49:00.000,2024-11-01 18:10:00.000
586,SAR445229,SAR445229_IND006,Safety & Warnings,Basic Safety profile,"Safe and well-tolerated
No black box warning
Mild-moderate injection site reactions
","Safe and well-tolerated
No black box warning
Mild-moderate injection site reactions
",,,,Better,Better,,,,,,,,,,,,Draft,2024-10-18 23:49:00.000,2024-11-01 18:10:00.000
587,SAR444671,SAR444671_IND011,Expected Indication,Indication,"Rilzabrutinib is indicated for the treatment of adults, adolescents and pediatric patients on the continuum of primary focal segmental glomerulosclerosis (FSGS)/minimal change (MCD) kidney disease",,,Corticosteroids (+/- Rituximab or CNI),Off-label usage in FSGS and MCD,Better,,,,,,,,,,,,,Publish,2024-10-19 00:04:00.000,2024-10-19 00:04:00.000
588,SAR444671,SAR444671_IND011,"Dosing, administration & device",Route of administration,Oral,,,Corticosteroids (+/- Rituximab or CNI),Intravenously followed by daily or every other day high dose oral steroids,Slightly Better,,,,,,,,,,,,,Publish,2024-10-19 00:04:00.000,2024-10-19 00:04:00.000
589,SAR444671,SAR444671_IND011,"Dosing, administration & device",Dosage,400 mg twice per day (BID),,,Corticosteroids (+/- Rituximab or CNI),,Slightly Better,,,,,,,,,,,,,Publish,2024-10-19 00:04:00.000,2024-10-19 00:04:00.000
590,SAR444671,SAR444671_IND011,"Dosing, administration & device",Patient Population/schedule,,,,Corticosteroids (+/- Rituximab or CNI),Comparative position depends on mode of administration for drug candidate(s) that is advanced to pivotal studies,Slightly Better,,,,,,,,,,,,,Publish,2024-10-19 00:04:00.000,2024-10-19 00:04:00.000
591,SAR444671,SAR444671_IND011,"Dosing, administration & device",Primary Packaging (Device),,,,Corticosteroids (+/- Rituximab or CNI),,Slightly Better,,,,,,,,,,,,,Publish,2024-10-19 00:04:00.000,2024-10-19 00:04:00.000
592,SAR444671,SAR444671_IND011,Efficacy,Endpoint / Claim 1,"Steroid-sparing therapy leading to achievement of partial (FPRE, urine protein/creatinine ratio [UPCR] <1.5 gm/gm) or complete (UPCR ≤0.3 gm/gm) proteinuria remission and its associated improvement of signs & symptoms of Nephrotic Syndrom (per Nephro SSI-PRO) in 60% of treated patients",,,Corticosteroids (+/- Rituximab or CNI),"FSGS: 53% overall remission rate (partial remission [PR] or complete remission [CR])
MCD: 80.3% overall remission rate (PR or CR)
",Slightly Better,,,,,,,,,,,,,Publish,2024-10-19 00:04:00.000,2024-10-19 00:04:00.000
593,SAR444671,SAR444671_IND011,Efficacy,Endpoint / Claim 2,,,,Corticosteroids (+/- Rituximab or CNI),"NOTE: In de novo adult primary MCD, tacrolimus vs. steroids resulted in 76% vs. 80% PR+CR at 4 weeks (Medjeral-Thomas et al. CJASN 2020) so this efficacy is feasible with a targeted immune modulator; no comparable steroid-sparing trial for primary FSGS
Comparative position for FSGS: slightly better and for MCD: equivalent",Slightly Better,,,,,,,,,,,,,Publish,2024-10-19 00:04:00.000,2024-10-19 00:04:00.000
594,SAR444671,SAR444671_IND011,Safety & Warnings,Basic Safety profile,"- Safe and well tolerated (better than current SoC)
- Minimal Drug-Drug Interactions with drugs commonly used in NS (e.g. loop diuretics, Renin-angiotensin-aldosterone system [RAAS] inhibitors, corticosteroids)",,,Corticosteroids (+/- Rituximab or CNI),"- Corticosteroids: glucose intolerance, osteoporosis, psychosis, increased risk of infection
- Drug-drug interactions expected between SoC immunosuppression and other drugs commonly used in NS. Ex: tacrolimus with RAAS inhibitors or potassium sparing diuretics increase risk of hyperkalemia",Better,,,,,,,,,,,,,Publish,2024-10-19 00:04:00.000,2024-10-19 00:04:00.000
595,SAR442970,SAR442970_IND005,Expected Indication,Indication,"SAR442970 is indicated for the treatment of adults, adolescents and pediatric patients on the continuum of primary focal segmental glomerulosclerosis (FSGS)/minimal change (MCD) kidney disease",,,Corticosteroids (+/- Rituximab or CNI),Off-label usage in FSGS and MCD,Better,,,,,,,,,,,,,Publish,2024-10-19 00:26:00.000,2024-10-19 00:32:00.000
596,SAR442970,SAR442970_IND005,"Dosing, administration & device",Route of administration,Subcutaneous,,,Corticosteroids (+/- Rituximab or CNI),Intravenously followed by daily or every other day high dose oral steroids,Equivalent,,,,,,,,,,,,,Publish,2024-10-19 00:26:00.000,2024-10-19 00:32:00.000
597,SAR442970,SAR442970_IND005,"Dosing, administration & device",Dosage,300 mg loading dose followed by 150 mg ,,,Corticosteroids (+/- Rituximab or CNI),,Equivalent,,,,,,,,,,,,,Publish,2024-10-19 00:26:00.000,2024-10-19 00:32:00.000
598,SAR442970,SAR442970_IND005,"Dosing, administration & device",Patient Population/schedule,Every 2 weeks (Q2W),,,Corticosteroids (+/- Rituximab or CNI),Comparative position depends on mode of administration for drug candidate(s) that is advanced to pivotal studies,Equivalent,,,,,,,,,,,,,Publish,2024-10-19 00:26:00.000,2024-10-19 00:32:00.000
599,SAR442970,SAR442970_IND005,"Dosing, administration & device",Primary Packaging (Device),,,,Corticosteroids (+/- Rituximab or CNI),,Equivalent,,,,,,,,,,,,,Publish,2024-10-19 00:26:00.000,2024-10-19 00:32:00.000
600,SAR442970,SAR442970_IND005,Efficacy,Endpoint / Claim 1,"Steroid-sparing therapy leading to achievement of partial (FPRE, UPCR<1.5 gm/gm and reduction >= 40%) or complete (UPCR ≤0.3 gm/gm) proteinuria remission and its associated improvement of signs & symptoms of Nephrotic Syndrome (per Nephro SSI-PRO) in 60% of treated patients",Therapy leading to >50% reduction of proteinuria (UPCR) and its associated improvement of signs & symptoms of nephrotic syndrome (NS) (per Nephro SSI-PRO)  ,"Steroid-sparing therapy leading to achievement of partial (FPRE, UPCR<1.5 gm/gm and reduction >= 40%) or complete (UPCR ≤0.3 gm/gm) proteinuria remission and its associated improvement of signs & symptoms of NS (per Nephro SSI-PRO) in ≥80% of treated patients",Corticosteroids (+/- Rituximab or CNI),"- FSGS: 53% overall remission rate (partial remission [PR] or complete remission [CR])
- MCD: 80.3% overall remission rate (PR or CR)
",Slightly Better,Better,Better,,,,,,,,,,,Publish,2024-10-19 00:26:00.000,2024-10-19 00:32:00.000
601,SAR442970,SAR442970_IND005,Efficacy,Endpoint / Claim 2,,Comparative position for FSGS: Better and for MCD: equivalent.,Comparative position for FSGS: better and for MCD: equivalent,Corticosteroids (+/- Rituximab or CNI),"NOTE: In de novo adult primary MCD, tacrolimus vs. steroids resulted in 76% vs. 80% PR+CR at 4 weeks (Medjeral-Thomas et al. CJASN 2020) so this efficacy is feasible with a targeted immune modulator; no comparable steroid-sparing trial for primary FSGS
Compartive position for FSGS: slightly better and for MCD: equivalent",Slightly Better,Better,Better,,,,,,,,,,,Publish,2024-10-19 00:26:00.000,2024-10-19 00:33:00.000
602,SAR442970,SAR442970_IND005,Safety & Warnings,Basic Safety profile,"- Safe and well tolerated (better than current SoC)
- No Drug-Drug Interactions with drugs commonly used in NS (e.g. loop diuretics, Renin-angiotensin-aldosterone system [RAAS] inhibitors, corticosteroids)
",,,Corticosteroids (+/- Rituximab or CNI),"- Corticosteroids: glucose intolerance, osteoporosis, psychosis, increased risk of infection
- Drug-drug interactions expected between SoC immunosuppression and other drugs commonly used in NS. Ex: tacrolimus with RAAS inhibitors or potassium sparing diuretics increase risk of hyperkalemia",Better,,,,,,,,,,,,,Publish,2024-10-19 00:26:00.000,2024-10-19 00:33:00.000
603,LC81351,LC81351_IND001,Expected Indication,Indication,Alpha-1 antitrpsin deficiency (A1ATd),,,Zemaira,A1-PI deficiency and clinical evidence of emphysema,Better,,,,,,,,,,,,,Publish,2024-10-20 04:42:00.000,2024-10-22 16:50:00.000
604,LC81351,LC81351_IND001,"Dosing, administration & device",Route of administration,Oral dosing,,,Zemaira, I.V. as short-term infusion (15-30min),Better,,,,,,,,,,,,,Publish,2024-10-20 04:42:00.000,2024-10-22 16:51:00.000
605,LC81351,LC81351_IND001,"Dosing, administration & device",Dosage,TBD,,,Zemaira,60mg/kg QW,Better,,,,,,,,,,,,,Publish,2024-10-20 04:42:00.000,2024-10-22 16:51:00.000
606,LC81351,LC81351_IND001,"Dosing, administration & device",Patient Population/schedule,chronic treatment of adults with hereditary AATD through correction of misfolded A1AT protein.,,,Zemaira,ZEMAIRA is indicated for chronic augmentation and maintenance therapy in adults with A1-PI deficiency and clinical evidence of emphysema,Better,,,,,,,,,,,,,Publish,2024-10-20 04:42:00.000,2024-10-22 16:51:00.000
607,LC81351,LC81351_IND001,"Dosing, administration & device",Primary Packaging (Device),,,,Zemaira,,Better,,,,,,,,,,,,,Publish,2024-10-20 04:42:00.000,2024-10-22 16:51:00.000
608,LC81351,LC81351_IND001,Efficacy,Endpoint / Claim 1,"Lung: Normalization of serum A1AT levels (above 11µM)
Increased A1AT levels in lung epithelium vs. baseline
Reduction in lung density decline",,,Zemaira,Lung only: The mean trough serum A1-PI levels at steady state (Weeks 7-11) in the ZEMAIRA-treated subjects were statistically equivalent to those in the Prolastin-treated subjects within a range of ±3 μM. Both groups were maintained above 11 μM [17.7 μM for ZEMAIRA and 19.1 μM for Prolastin.,Better,,,,,,,,,,,,,Publish,2024-10-20 04:42:00.000,2024-10-22 16:51:00.000
609,LC81351,LC81351_IND001,Efficacy,Endpoint / Claim 2,"Liver: Reduction in A1AT polymers in liver
Change in soluble and insoluble A1AT levels in liver
Stabilization/improvement in fibrosis score vs. baseline",,,Zemaira,"Not tested for liver symptoms
",Better,,,,,,,,,,,,,Publish,2024-10-20 04:42:00.000,2024-10-22 16:51:00.000
610,LC81351,LC81351_IND001,Safety & Warnings,Basic Safety profile,Mild AEs expected.,,,Zemaira,"Because ZEMAIRA is made from human blood, it may carry a risk of transmitting infectious agents, e.g., viruses, the variant Creutzfeldt-Jakob disease (vCJD) agent and, theoretically, the Creutzfeldt-Jakob disease (CJD) agent.",Slightly Better,,,,,,,,,,,,,Publish,2024-10-20 04:43:00.000,2024-10-22 16:51:00.000
611,SAR445761,SAR445761_IND002,Expected Indication,Indication,"Belumosudil is indicated for the treatment of adult patients diagnosed with Chronic Lung Allograft Dysfunction (CLAD) syndrome following bilateral lung transplantation

","Belumosudil is indicated for the treatment of adult patients diagnosed with Chronic Lung Allograft Dysfunction (CLAD) syndrome following bilateral lung transplantation
","Belumosudil is indicated for the treatment of adult patients diagnosed with Chronic Lung Allograft Dysfunction (CLAD) syndrome following bilateral lung transplantation

",Azithromycin,"Currently available options are all off-label use with limited evidence and treatment success but used as the best available therapy
Azithromycin
",Slightly Better,Slightly Better,Slightly Better,,,,,,,,,,,Publish,2024-10-21 18:10:00.000,2024-10-21 18:18:00.000
612,SAR445761,SAR445761_IND002,"Dosing, administration & device",Route of administration,"Oral
Presentation: Tablets","Oral 
",Oral,Azithromycin,,Equivalent,Equivalent,Equivalent,,,,,,,,,,,Publish,2024-10-21 18:10:00.000,2024-10-21 18:18:00.000
613,SAR445761,SAR445761_IND002,"Dosing, administration & device",Dosage,"200mg

",200mg,200mg,Azithromycin,"SOC dosing
",Equivalent,Equivalent,Equivalent,,,,,,,,,,,Publish,2024-10-21 18:10:00.000,2024-10-21 18:18:00.000
614,SAR445761,SAR445761_IND002,"Dosing, administration & device",Patient Population/schedule,"QD or BID (50-80%) 
Most patients will require BID as they are on PPIs","QD or BID (50-80%) oral administration
Most patients will require BID as they are on PPIs
","Belumosudil
QD or BID (50-80%) oral administration
Most patients will require BID as they are on PPIs
",Azithromycin,,Equivalent,Equivalent,Equivalent,,,,,,,,,,,Publish,2024-10-21 18:10:00.000,2024-10-21 18:18:00.000
615,SAR445761,SAR445761_IND002,"Dosing, administration & device",Primary Packaging (Device),,tablet,tablets,Azithromycin,,Equivalent,Equivalent,Equivalent,,,,,,,,,,,Publish,2024-10-21 18:10:00.000,2024-10-21 18:18:00.000
616,SAR445761,SAR445761_IND002,Efficacy,Endpoint / Claim 1,"Clinically meaningful improvement at 26 wk in:
Lung physiological​ (primary endpoint)
% change from baseline in FEV1 volume at 26 wk: mean treatment difference of 11% 

","Clinically meaningful improvement in:
% change from baseline in FEV1 volume at 26 wk: mean treatment difference of 8% 
","Clinically meaningful improvement in:
% change from baseline in FEV1 volume at 26 wk: mean treatment difference of 14% 
",Azithromycin,"Baseline
",Slightly Better,Slightly Better,Slightly Better,,,,,,,,,,,Publish,2024-10-21 18:10:00.000,2024-10-21 18:18:00.000
617,SAR445761,SAR445761_IND002,Efficacy,Endpoint / Claim 2,"Clinically meaningful improvement at 26 wk in:
Lung physiological​ (key secondary endpoint)
27% improvement on response rate (≤10% decline in FEV1) at 26wk
Clinically meaningful improvement at 26 wk in other secondary endpoints :
Lung physiological​
FEV1 (absolute change from baseline in volume and %pred)
FVC (absolute and % change from baseline)
Time to CLAD progression
Functional: 6MWT​
PROs (SGRQ, PROMIS-29, EQ5D-5L)

","Clinically meaningful improvements at 24 wk:
Lung physiological​ (descriptive only)
FEV1- Key secondary endpoint
FVC
Functional: 6MWT​, statistically significant improvement
PROs (SGRQ, PROMIS-29, EQ5D-5L)
","Clinically meaningful improvements at 24 wk:
Lung physiological​
FEV1- Key secondary endpoint
Functional: 6MWT​
PROs (SGRQ, PROMIS-29, EQ5D-5L)
",Azithromycin,"Baseline
",Slightly Better,Slightly Better,Slightly Better,,,,,,,,,,,Publish,2024-10-21 18:10:00.000,2024-10-21 18:18:00.000
618,SAR445761,SAR445761_IND002,Safety & Warnings,Basic Safety profile,"Well tolerated and favorable adverse events profile for chronic administration.  [Analysis of long-term [3-year] Safety data of belumosudil in cGVHD showed similar tolerability and no new safety signals.]
No increased risk of infection (CMV reactivation)
No black box warnings on labels
Contraception requirements add no additional burden over SOC","Well tolerated and favorable adverse events profile for chronic administration (analysis of long-term [3-year] Safety data of belumosudil in cGVHD showed similar tolerability and no new safety signals)

No increased risk of infection (CMV reactivation)
No black box warnings or labels
Contraception requirements add no additional burden over SOC
","Well tolerated and favorable adverse events profile for chronic administration (analysis of long-term [3-year] Safety data of belumosudil in cGVHD showed similar tolerability and no new safety signals)
No increased risk of infection (CMV reactivation)
No black box warnings or labels
Contraception requirements add no additional burden over SOC
",Azithromycin,"Nausea
Diarrhea
",Equivalent,Equivalent,Equivalent,,,,,,,,,,,Publish,2024-10-21 18:10:00.000,2024-10-21 18:18:00.000
619,LC81388,LC81388_IND001,Expected Indication,Indication,"Patients with KL grade 1-2 knee OA too young (<60) for replacement surgery.
LCM: knee KL grade 2-3 ineligible for surgery, then late stage; followed by hip
",,,LNA043 (ANGPTL3 agonist),Patients with KL grade 2-3 knee OA. ,Slightly Better,,,Lorecivivint (Wnt pathway inh),Patients with KL grade 2 knee OA. ,Slightly Better,,,,,,,,Publish,2024-10-23 09:18:00.000,2024-10-23 09:20:00.000
620,LC81388,LC81388_IND001,"Dosing, administration & device",Route of administration,"Intra-articular injection, Q12W",,,LNA043 (ANGPTL3 agonist),"Intra-articular injections, Q4W ",Slightly Better,,,Lorecivivint (Wnt pathway inh),0.07mg intra-articular injection (1x),Slightly Worse,,,,,,,,Publish,2024-10-23 09:18:00.000,2024-10-23 09:20:00.000
621,LC81388,LC81388_IND001,"Dosing, administration & device",Dosage,,,,LNA043 (ANGPTL3 agonist),,Slightly Better,,,Lorecivivint (Wnt pathway inh),,Slightly Worse,,,,,,,,Publish,2024-10-23 09:18:00.000,2024-10-23 09:20:00.000
622,LC81388,LC81388_IND001,"Dosing, administration & device",Patient Population/schedule,,,,LNA043 (ANGPTL3 agonist),,Slightly Better,,,Lorecivivint (Wnt pathway inh),,Slightly Worse,,,,,,,,Publish,2024-10-23 09:18:00.000,2024-10-23 09:20:00.000
623,LC81388,LC81388_IND001,"Dosing, administration & device",Primary Packaging (Device),,,,LNA043 (ANGPTL3 agonist),,Slightly Better,,,Lorecivivint (Wnt pathway inh),,Slightly Worse,,,,,,,,Publish,2024-10-23 09:18:00.000,2024-10-23 09:20:00.000
624,LC81388,LC81388_IND001,Efficacy,Endpoint / Claim 1,"Co-Primary (TBD 2 of these 4)
Week 52/104 Change in Cartilage Volume by MRI:
Clinically and statistically different preservation of cartilage (~30% less decline vs pbo) 

Week 24 WOMAC Function:
Proportion of patients with ≥12.5% improvement in WOMAC function score: TBD 10-20% Δ vs pbo

TBD Digital endpoint for physical function

Week 24 WOMAC Pain:
Proportion of patients with ≥12.5% improvement in WOMAC pain score: TBD 10-20% Δ vs pbo
",,,LNA043 (ANGPTL3 agonist),"Change from Baseline in Cartilage Volume:
Phase 2 study (part b) (20mg):
Week 29: 46 mm3 vs -155m3 PBO (p value 0.01)
Week 53: 76 mm3 vs -155m3 PBO (p value 0.01)",Slightly Better,,,Lorecivivint (Wnt pathway inh),"WOMAC Pain
Phase 2a study:
-23.5 points vs. -22.1 points PBO at week 13 (not statistically significant)
	
Phase 2b study:
Statistically significant vs. PBO at week 12, but not weeks 16, 20, 24",Slightly Better,,,,,,,,Publish,2024-10-23 09:18:00.000,2024-10-23 09:20:00.000
625,LC81388,LC81388_IND001,Efficacy,Endpoint / Claim 2,"Potential Secondary
Week 24 WOMAC function ≥25% improvement
Week 24 WOMAC pain ≥25% improvement
Week 24 cartilage volume improvement 
Week 52/104 cartilage volume improvement
Time to joint replacement 
Digital endpoint(s) physical function/activity ",,,LNA043 (ANGPTL3 agonist),"Change from Baseline in Cartilage Thickness:
Phase 2 study (part b) (40mg):
Week 29: 0.02 mm vs -0.04 mm PBO (p value 0.02)
Week 53: 0.00 mm vs -0.02 mm PBO (p value 0.33 ns)",Slightly Better,,,Lorecivivint (Wnt pathway inh),"Change in Joint Space Width
-0.11 mm vs. -0.20mm PBO at week 26
-0.09 mm vs. -.014mm PBO at week 52",Slightly Better,,,,,,,,Publish,2024-10-23 09:18:00.000,2024-10-23 09:20:00.000
626,LC81388,LC81388_IND001,Safety & Warnings,Basic Safety profile,"No boxed warning
Mild side effects",,,LNA043 (ANGPTL3 agonist),"No boxed warning
Mild side effects",Equivalent,,,Lorecivivint (Wnt pathway inh),No clinically significant safety concerns; Arthralgia most common AE ,Equivalent,,,,,,,,Publish,2024-10-23 09:18:00.000,2024-10-23 09:20:00.000
627,SAR443122,SAR443122_IND002,Expected Indication,Indication,Moderately to severely active ulcerative colitis in adults,,,Humira,Treatment of moderately to severely active ulcerative colitis in adults and pediatric patients 5 years of age and older,Equivalent,,,,,,,,,,,,,Draft,2024-10-23 11:57:00.000,2024-10-23 11:57:00.000
628,SAR443122,SAR443122_IND002,"Dosing, administration & device",Route of administration,Oral tablet,,,Humira,"Sub-cutaneous
",Slightly Better,,,,,,,,,,,,,Draft,2024-10-23 11:58:00.000,2024-10-23 11:58:00.000
629,SAR443122,SAR443122_IND002,"Dosing, administration & device",Dosage,TBD,,,Humira,"160mg 1st dose, 80mg 2nd dose, 40mg beyond",Slightly Better,,,,,,,,,,,,,Draft,2024-10-23 11:58:00.000,2024-10-23 11:58:00.000
630,SAR443122,SAR443122_IND002,"Dosing, administration & device",Patient Population/schedule,BID,,,Humira,Biweekly,Slightly Better,,,,,,,,,,,,,Draft,2024-10-23 11:58:00.000,2024-10-23 11:58:00.000
631,SAR443122,SAR443122_IND002,"Dosing, administration & device",Primary Packaging (Device),,,,Humira,Pen & pre-filled syringe,Slightly Better,,,,,,,,,,,,,Draft,2024-10-23 11:58:00.000,2024-10-23 11:58:00.000
632,SAR443122,SAR443122_IND002,Efficacy,Endpoint / Claim 1,"Induction at week 12:
Clinical remission (adapted Mayo) 33% vs. 8% PBO  (Δ 25%);  
Bx-naive 39% vs. 10%; Bx-exp 26% vs. 4%
Endoscopic improvement 40% vs. 12% PBO  (Δ 28%); 
Bx-naive 46% vs. 15%; Bx-exp 31% vs. 6%
Clinical response: 66% vs. 26% (Δ 40%)
",,,Humira,"Induction 8 weeks:
Clinical remission 17% vs 9% PBO; Bx-naïve 21% vs. 11%
Clinical response 50% vs. 35% PBO",Slightly Better,,,,,,,,,,,,,Draft,2024-10-23 11:58:00.000,2024-10-23 11:58:00.000
633,SAR443122,SAR443122_IND002,Efficacy,Endpoint / Claim 2,"Maintenance at week 52:
Clinical remission: 45% vs. 15% PBO (Δ 30%)
Endo. improvement: 55% vs. 20% PBO (Δ 35%)
HEMI (hist/endo improvement) (Δ 25%)
35%+ steroid-free clinical remission
Improvement in PRO  measures",,,Humira,"Maintenance 54 weeks:
Clinical remission 17% vs 8.5% PBO
Clinical response 30% vs. 18% PBO
35% of patients discontinue steroids
(note: lower rate vs. other columns due to Humira pivotal trial not focusing on induction responders only)

Patients may develop autoantibodies leading to reduced efficacy over time",Slightly Better,,,,,,,,,,,,,Draft,2024-10-23 11:58:00.000,2024-10-23 11:58:00.000
634,SAR443122,SAR443122_IND002,Safety & Warnings,Basic Safety profile,"No boxed warning
No lab monitoring; no TB screening
Mild side effects (e.g. headache, GI)",,,Humira,"Boxed warning:
Increased risk of serious infections incl. TB , bacterial sepsis, invasive fungal infections and infections due to other opportunistic pathogens.
Malignancy:  Lymphoma and other malignancies, some fatal, have been reported in children and adolescent patients treated with TNF blockers including Humira; post-marketing cases of hepatosplenic T-cell lymphoma (HSTCL), a rare type of T-cell lymphoma, have occurred in adolescent and young adults with inflammatory bowel disease treated with TNF blockers including HUMIRA",Slightly Better,,,,,,,,,,,,,Draft,2024-10-23 11:58:00.000,2024-10-23 11:58:00.000
635,SAR443122,SAR443122_IND002,Expected Indication,Indication,Moderately to severely active ulcerative colitis in adults,,,Humira,Treatment of moderately to severely active ulcerative colitis in adults and pediatric patients 5 years of age and older,Equivalent,,,Rinvoq,Moderately to severely active ulcerative colitis in adults who have had an inadequate response or intolerance to one or more TNF blockers (FDA only; no restriction in EU),Slightly Better,,,,,,,,Draft,2024-10-23 12:03:00.000,2025-12-12 14:50:00.000
636,SAR443122,SAR443122_IND002,"Dosing, administration & device",Route of administration,Oral tablet,,,Humira,"Sub-cutaneous
",Slightly Better,,,Rinvoq,Oral capsule,Equivalent,,,,,,,,Draft,2024-10-23 12:03:00.000,2025-12-12 14:50:00.000
637,SAR443122,SAR443122_IND002,"Dosing, administration & device",Dosage,TBD,,,Humira,"160 mg 1st dose, 80 mg 2nd dose, 40 mg beyond",Slightly Better,,,Rinvoq,"45 mg induction, 15-30 mg maintainence",Equivalent,,,,,,,,Draft,2024-10-23 12:03:00.000,2025-12-12 14:50:00.000
638,SAR443122,SAR443122_IND002,"Dosing, administration & device",Patient Population/schedule,BID,,,Humira,Biweekly,Slightly Better,,,Rinvoq,QD,Equivalent,,,,,,,,Draft,2024-10-23 12:03:00.000,2025-12-12 14:50:00.000
639,SAR443122,SAR443122_IND002,"Dosing, administration & device",Primary Packaging (Device),,,,Humira,Pen & pre-filled syringe,Slightly Better,,,Rinvoq,,Equivalent,,,,,,,,Draft,2024-10-23 12:03:00.000,2025-12-12 14:50:00.000
640,SAR443122,SAR443122_IND002,Efficacy,Endpoint / Claim 1,"Induction at week 12:
Clinical remission (adapted Mayo) 33% vs. 8% PBO  (Δ 25%);  
Bx-naive 39% vs. 10%; Bx-exp 26% vs. 4%
Endoscopic improvement 40% vs. 12% PBO  (Δ 28%); 
Bx-naive 46% vs. 15%; Bx-exp 31% vs. 6%
Clinical response: 66% vs. 26% (Δ 40%)
",,,Humira,"Induction 8 weeks:
Clinical remission 17% vs 9% PBO; Bx-naïve 21% vs. 11%
Clinical response 50% vs. 35% PBO",Slightly Better,,,Rinvoq,"Induction 8 week (average two Phase 3 top-line):
Clinical remission (adapted Mayo) 30% vs 5% PBO (Δ 25%); Bx-naive 36% vs. 7%; Bx-exp 24% vs. 1%
Endoscopic improvement 40% vs. 7% PBO (Δ 33%); Bx-naive 49% vs. 12%; Bx-exp 32% vs. 3%
Clinical response: 73% vs. 26% (Δ 47%)",Equivalent,,,,,,,,Draft,2024-10-23 12:03:00.000,2025-12-12 14:50:00.000
641,SAR443122,SAR443122_IND002,Efficacy,Endpoint / Claim 2,"Maintenance at week 52:
Clinical remission: 45% vs. 15% PBO (Δ 30%)
Endo. improvement: 55% vs. 20% PBO (Δ 35%)
HEMI (hist/endo improvement) (Δ 25%)
35%+ steroid-free clinical remission
Improvement in PRO  measures",,,Humira,"Maintenance 54 weeks:
Clinical remission 17% vs 8.5% PBO
Clinical response 30% vs. 18% PBO
35% of patients discontinue steroids
(note: lower rate vs. other columns due to Humira pivotal trial not focusing on induction responders only)

Patients may develop autoantibodies leading to reduced efficacy over time",Slightly Better,,,Rinvoq,"Maintenance to 52 weeks (15/30mg):
Clinical remission: 42% / 52% vs. 12% PBO (Δ 30-40%)
Endoscopic improvement: 49% / 62% vs. 14% (Δ 35-48%)
Significant improvement in steroid-free remission
Significant increase in HEMI",Equivalent,,,,,,,,Draft,2024-10-23 12:03:00.000,2025-12-12 14:50:00.000
642,SAR443122,SAR443122_IND002,Safety & Warnings,Basic Safety profile,"No boxed warning
No lab monitoring; no TB screening
Mild side effects (e.g. headache, GI)",,,Humira,"Boxed warning:
Increased risk of serious infections incl. TB , bacterial sepsis, invasive fungal infections and infections due to other opportunistic pathogens.
Malignancy:  Lymphoma and other malignancies, some fatal, have been reported in children and adolescent patients treated with TNF blockers including Humira; post-marketing cases of hepatosplenic T-cell lymphoma (HSTCL), a rare type of T-cell lymphoma, have occurred in adolescent and young adults with inflammatory bowel disease treated with TNF blockers including HUMIRA",Slightly Better,,,Rinvoq,"Black box warning
Increased risk of serious infections including TB
Higher rate of all-cause mortality, including sudden CV death, higher rate of MACE, and increased incidence of PE and DVT with another JAK inhibitor vs. TNF blockers in RA patients
Malignances have occurred in pts treated with Rinvoq; higher rate of lymphomas and lung cancer with another JAK inhibitor vs. TNF blockers in RA
Thrombosis has occurred with Rinvoq
Note: IBD tested at 3X dose of (US) approved RA dose; unclear how regulators will view",Slightly Better,,,,,,,,Draft,2024-10-23 12:03:00.000,2025-12-12 14:50:00.000
643,SAR446959,SAR446959_IND001,Expected Indication,Indication,"Osteoarthritis of the Knee (OAK) 


",,,LNA043 (ANGPTL3 agonist),Osteoarthritis of the Knee (OAK) ,Slightly Better,,,Lorecivivint (Wnt pathway inh),Osteoarthritis of the Knee (OAK) ,Slightly Better,,,,,,,,Publish,2024-10-24 17:20:00.000,2024-10-25 14:54:00.000
644,SAR446959,SAR446959_IND001,"Dosing, administration & device",Route of administration,"Intra-articular injection
",,,LNA043 (ANGPTL3 agonist),Intra-articular injection,Slightly Better,,,Lorecivivint (Wnt pathway inh),Intra-articular injection ,Slightly Worse,,,,,,,,Publish,2024-10-24 17:20:00.000,2024-10-25 14:55:00.000
645,SAR446959,SAR446959_IND001,"Dosing, administration & device",Dosage,TBD,,,LNA043 (ANGPTL3 agonist),"20mg
40mg",Slightly Better,,,Lorecivivint (Wnt pathway inh),0.07mg,Slightly Worse,,,,,,,,Publish,2024-10-24 17:20:00.000,2024-10-25 14:55:00.000
646,SAR446959,SAR446959_IND001,"Dosing, administration & device",Patient Population/schedule,"Lead indication: Patients with KL grade 1-2 knee OA too young (<60) for replacement surgery/Q12W

LCM: knee KL grade 2-3 ineligible for surgery, then late stage; followed by hip",,,LNA043 (ANGPTL3 agonist),Patients with KL grade 2-3 knee OA/Q4W,Slightly Better,,,Lorecivivint (Wnt pathway inh),Patients with KL grade 2 knee OA/1x,Slightly Worse,,,,,,,,Publish,2024-10-24 17:20:00.000,2024-10-25 14:55:00.000
647,SAR446959,SAR446959_IND001,"Dosing, administration & device",Primary Packaging (Device),TBD,,,LNA043 (ANGPTL3 agonist),TBD,Slightly Better,,,Lorecivivint (Wnt pathway inh),TBD,Slightly Worse,,,,,,,,Publish,2024-10-24 17:20:00.000,2024-10-25 14:55:00.000
648,SAR446959,SAR446959_IND001,Efficacy,Endpoint / Claim 1,"Co-Primary (TBD 2 of these 4):

Week 52/104 Change in Cartilage Volume by MRI: Clinically and statistically different preservation of cartilage (~30% less decline vs pbo)

Week 24 WOMAC Function: Proportion of patients with ≥12.5% improvement in WOMAC function score: TBD 10-20% Δ vs pbo

TBD Digital endpoint for physical function

Week 24 WOMAC Pain: Proportion of patients with ≥12.5% improvement in WOMAC pain score: TBD 10-20% Δ vs pbo",,,LNA043 (ANGPTL3 agonist),"Change from Baseline in Cartilage Volume:
Phase 2b study (20mg):
Week 29: 46 mm3 vs -155m3 PBO (p value 0.01)
Week 53: 76 mm3 vs -155m3 PBO (p value 0.01)",Better,,,Lorecivivint (Wnt pathway inh),"WOMAC Pain
Phase 2a study: -23.5 points vs. -22.1 points PBO at week 13 (not statistically significant)
	
Phase 2b study: Statistically significant vs. PBO at week 12, but not weeks 16, 20, 24
",Better,,,,,,,,Publish,2024-10-24 17:20:00.000,2024-10-25 14:55:00.000
649,SAR446959,SAR446959_IND001,Efficacy,Endpoint / Claim 2,"Potential Secondary:
Week 24 WOMAC function ≥25% improvement
Week 24 WOMAC pain ≥25% improvement
Week 24 cartilage volume improvement 
Week 52/104 cartilage volume improvement
Time to joint replacement 
Digital endpoint(s) physical function/activity ",,,LNA043 (ANGPTL3 agonist),"Change from Baseline in Cartilage Thickness:
Phase 2b study (40mg):
Week 29: 0.02 mm vs -0.04 mm PBO (p value 0.02)
Week 53: 0.00 mm vs -0.02 mm PBO (p value 0.33 ns)",Better,,,Lorecivivint (Wnt pathway inh),"Change in Joint Space Width
-0.11 mm vs. -0.20mm PBO at week 26
-0.09 mm vs. -.014mm PBO at week 52",Better,,,,,,,,Publish,2024-10-24 17:20:00.000,2024-10-25 14:55:00.000
650,SAR446959,SAR446959_IND001,Safety & Warnings,Basic Safety profile,"No boxed warning
Mild side effects",,,LNA043 (ANGPTL3 agonist),"No boxed warning
Mild side effects",Equivalent,,,Lorecivivint (Wnt pathway inh),No clinically significant safety concerns; Arthralgia most common AE ,Equivalent,,,,,,,,Publish,2024-10-24 17:20:00.000,2024-10-25 14:55:00.000
651,LC81188,LC81188_IND001,Expected Indication,Indication,"Treatment of patients aged 12 years and older with moderate-to-severe atopic dermatitis whose disease is not adequately controlled with topical prescription therapies or with systemic therapies or when those therapies are not advisable. 
To be used with or without TCS",,,Dupixent (current SOC),"Treatment of patients aged 6 years and older with moderate-to-severe atopic dermatitis whose disease is not adequately controlled with topical prescription therapies or when those therapies are not advisable. 
To be used with or without TCS",Equivalent,,,Lebrikizumab,"Treatment of patients aged 12 years and older with moderate-to-severe atopic dermatitis whose disease is not adequately controlled with topical prescription therapies or with systemic therapies or when those therapies are not advisable.
To be used with or without TCS",Equivalent,,,,,,,,Publish,2024-10-25 17:30:00.000,2024-10-25 17:31:00.000
652,LC81188,LC81188_IND001,"Dosing, administration & device",Route of administration,"SC injection, autoinjector",,,Dupixent (current SOC),"SC injection, autoinjector
",Slightly Better,,,Lebrikizumab,"SC injection, autoinjector
",Equivalent,,,,,,,,Publish,2024-10-25 17:30:00.000,2024-10-25 17:31:00.000
653,LC81188,LC81188_IND001,"Dosing, administration & device",Dosage,Q4W,,,Dupixent (current SOC),"600 mg, followed by 300 mg Q2W ",Slightly Better,,,Lebrikizumab,"Q2W 250mg induction for 16 weeks followed by Q4W 250 mg maintenance
",Equivalent,,,,,,,,Publish,2024-10-25 17:30:00.000,2024-10-25 17:31:00.000
654,LC81188,LC81188_IND001,"Dosing, administration & device",Patient Population/schedule,,,,Dupixent (current SOC),,Slightly Better,,,Lebrikizumab,,Equivalent,,,,,,,,Publish,2024-10-25 17:30:00.000,2024-10-25 17:31:00.000
655,LC81188,LC81188_IND001,"Dosing, administration & device",Primary Packaging (Device),,,,Dupixent (current SOC),,Slightly Better,,,Lebrikizumab,,Equivalent,,,,,,,,Publish,2024-10-25 17:30:00.000,2024-10-25 17:31:00.000
656,LC81188,LC81188_IND001,Efficacy,Endpoint / Claim 1,"Key measures at week 16 (pbo adjusted)
vIGA-AD score 0-1: 40% 
EASI-75: 50% 
EASI-90: 40% ",,,Dupixent (current SOC),"Phase 3 data at week 16 (pbo adjusted)
IGA score 0-1: 28%1 / 27%2 
EASI-75: 36%1/ 32%2 
EASI-90: 28%1 / 23%2 

1 - SOLO1
2 - SOLO2",Slightly Better,,,Lebrikizumab,"Key measures (pbo adjusted) at 16 weeks*
vIGA-AD score 0-1: 26%
EASI-75: 39%
EASI-90: 26%

*Average of 2 phase 3 trials",Slightly Better,,,,,,,,Publish,2024-10-25 17:30:00.000,2024-10-25 17:31:00.000
657,LC81188,LC81188_IND001,Efficacy,Endpoint / Claim 2,Speed of onset: Fast onset of action for pruritus and lesion improvement at 1 week,,,Dupixent (current SOC),,Slightly Better,,,Lebrikizumab,"Clinically meaningful improvements in other measures at week 16 and 24:
Pruritus as measured by PP-NRS
Quality of life as measured by DLQI",Slightly Better,,,,,,,,Publish,2024-10-25 17:30:00.000,2024-10-25 17:31:00.000
658,LC81188,LC81188_IND001,Safety & Warnings,Basic Safety profile,"No black box warning
Well tolerated
Conjunctivitis, keratitis",,,Dupixent (current SOC),"No black box warning
Well tolerated
Conjunctivitis, keratitis",Equivalent,,,Lebrikizumab,"No black box warning
Well tolerated
Conjunctivitis, keratitis",Equivalent,,,,,,,,Publish,2024-10-25 17:30:00.000,2024-10-25 17:31:00.000
659,SAR444671,SAR444671_IND007,Expected Indication,Indication,"Uncontrolled asthma (global US/Ex-US)
Defined as patients with ACQ≥1.5 on M-H ICS + LABA ± 1 additional controller, with/without ≥1 exacerbation in past 1 year (80%/20%)​

OR fall back US​
Moderate to severe asthma ​
(if FDA require 100% with 1 exacerbation past year) ",,,Dupixent,Moderate-to-severe eosinophilic asthma ​(Population with ≥ 1 severe asthma exacerbation),Slightly Better,,,Xolair (anti-IgE),Moderate to severe persistent allergic asthma who have a positive skin test or in vitro reactivity to a perennial aeroallergen and whose symptoms are inadequately controlled with inhaled steroids,Slightly Better,,,Tezepelumab (anti-TSLP),Severe asthma​ (Population with ≥ 2 severe asthma exacerbation or ≥ 1 severe asthma exacerbation requiring hospitalization),Slightly Better,,,Publish,2024-10-28 19:40:00.000,2024-10-29 21:13:00.000
660,SAR444671,SAR444671_IND007,"Dosing, administration & device",Route of administration,Oral,,,Dupixent,SC,Slightly Better,,,Xolair (anti-IgE),SC,Slightly Better,,,Tezepelumab (anti-TSLP),SC,Slightly Better,,,Publish,2024-10-28 19:40:00.000,2024-10-29 21:13:00.000
661,SAR444671,SAR444671_IND007,"Dosing, administration & device",Dosage,Crystalline 600mg BID,,,Dupixent,Q2W,Slightly Better,,,Xolair (anti-IgE),Q2W or Q4W,Slightly Better,,,Tezepelumab (anti-TSLP),Q4W,Slightly Better,,,Publish,2024-10-28 19:41:00.000,2024-10-29 21:13:00.000
662,SAR444671,SAR444671_IND007,"Dosing, administration & device",Patient Population/schedule,,,,Dupixent,,Slightly Better,,,Xolair (anti-IgE),,Slightly Better,,,Tezepelumab (anti-TSLP),,Slightly Better,,,Publish,2024-10-28 19:41:00.000,2024-10-29 21:13:00.000
663,SAR444671,SAR444671_IND007,"Dosing, administration & device",Primary Packaging (Device),,,,Dupixent,,Slightly Better,,,Xolair (anti-IgE),,Slightly Better,,,Tezepelumab (anti-TSLP),,Slightly Better,,,Publish,2024-10-28 19:41:00.000,2024-10-29 21:13:00.000
664,SAR444671,SAR444671_IND007,Efficacy,Endpoint / Claim 1,"ACQ-5
Overall: 75% Rilza responders @w24 regardless of phenotype​
∆30% w24; ∆20% W12; ∆15% at W2",,,Dupixent,"ACQ-5
Overall Dupi 69%​
∆11% improvement in ACQ-5 at w24​
∆6% improvement in ACQ-5 at W52​
High EOS: ∆7% improvement at W52",Slightly Better,,,Xolair (anti-IgE),"ACQ-7
∆17% improvement ACQ-7 at W24",Slightly Better,,,Tezepelumab (anti-TSLP),"ACQ-6
∆9% improvement (86% vs 77%) in ACQ-6 at W52",Slightly Better,,,Publish,2024-10-28 19:41:00.000,2024-10-29 21:13:00.000
665,SAR444671,SAR444671_IND007,Efficacy,Endpoint / Claim 2,"Reduction​ in Annual Exacerbations including severe exacerbations
Severe exacerbations (SE): RRR 30%​
[Sub-Group] Severe Exacerbations in non-type-2 patients: ∆30%​
Overall rescue (OCS, relievers, step-up ICS, controller, biologic): ∆40%",,,Dupixent,"Reduction​ in Annual Exacerbations including severe exacerbations
∆46% reduction ​
∆60% reduction in High EOS1 ",Slightly Better,,,Xolair (anti-IgE),"Reduction​ in Annual Exacerbations including severe exacerbations
∆57% reduction (IgE>30)",Slightly Better,,,Tezepelumab (anti-TSLP),"Reduction​ in Annual Exacerbations including severe exacerbations
Overall: ∆56% reduction ​
<150 cells/ µL: 39% reduction​
< 300 cells / µL: 41% reduction​
> 300 cells/ µL: 70% reduction",Slightly Better,,,Publish,2024-10-28 19:41:00.000,2024-10-29 21:13:00.000
666,SAR444671,SAR444671_IND007,Safety & Warnings,Basic Safety profile,No boxed warning​,,,Dupixent,"No boxed warning​
Injection site reaction; hypereosinophilia​",Slightly Better,,,Xolair (anti-IgE),Boxed warning: Anaphylaxis,Slightly Better,,,Tezepelumab (anti-TSLP),"No boxed warning​
Hypersensitivity Reactions; injection site reactions",Slightly Better,,,Publish,2024-10-28 19:41:00.000,2024-10-29 21:13:00.000
667,SAR446681,SAR446681_IND001,Expected Indication,Indication,"Prevent onset of type 1 diabetes (T1D) through preservation of  β-cell function in people 8 years + with Indicative biomarkers ( 2 or more autoantibodies + Dysglycemia) 
",,,Not Applicable,NA,Slightly Better,,,,,,,,,,,,,Publish,2024-10-28 21:05:00.000,2024-10-29 10:39:00.000
668,SAR446681,SAR446681_IND001,"Dosing, administration & device",Route of administration,IV Infusion ,,,Not Applicable,NA,Equivalent,,,,,,,,,,,,,Publish,2024-10-28 21:05:00.000,2024-10-29 10:39:00.000
669,SAR446681,SAR446681_IND001,"Dosing, administration & device",Dosage,,,,Not Applicable,,Equivalent,,,,,,,,,,,,,Publish,2024-10-28 21:05:00.000,2024-10-29 10:39:00.000
670,SAR446681,SAR446681_IND001,"Dosing, administration & device",Patient Population/schedule,2-week course adminstrated daily over 30 min,,,Not Applicable,,Equivalent,,,,,,,,,,,,,Publish,2024-10-28 21:05:00.000,2024-10-29 10:39:00.000
671,SAR446681,SAR446681_IND001,"Dosing, administration & device",Primary Packaging (Device),,,,Not Applicable,,Equivalent,,,,,,,,,,,,,Publish,2024-10-28 21:05:00.000,2024-10-29 10:39:00.000
672,SAR446681,SAR446681_IND001,Efficacy,Endpoint / Claim 1,Delay of Onset of T1D and insuline dependence by 2 to 3 years,,,Not Applicable,NA,Slightly Better,,,,,,,,,,,,,Publish,2024-10-28 21:05:00.000,2024-10-29 10:39:00.000
673,SAR446681,SAR446681_IND001,Efficacy,Endpoint / Claim 2,NA,,,Not Applicable,,Slightly Better,,,,,,,,,,,,,Publish,2024-10-28 21:05:00.000,2024-10-29 10:39:00.000
674,SAR446681,SAR446681_IND001,Safety & Warnings,Basic Safety profile,"Safety through 24 – 36 months: Well-tolerated with favorable safety profile for chronic administration – manageable cytokine release syndrome
Immune interference with vaccination in young population to be investigated
",,,Not Applicable,NA,Slightly Better,,,,,,,,,,,,,Publish,2024-10-28 21:05:00.000,2024-10-29 10:39:00.000
675,SAR446681,SAR446681_IND002,Expected Indication,Indication,"Delay the progression of Stage 3 type 1 diabetes in adults and pediatric patients 8 years of age and older within 6 weeks of being diagnosed with Stage 3 type 1 diabetes.
US specific: This indication is approved under accelerated approval.
","Delay the progression of Stage 3 type 1 diabetes in adults and pediatric patients 8 years of age and older recently diagnosed with Stage 3 type 1 diabetes
","Delay the progression of Stage 3 type 1 diabetes in children and adolescents 8-17 years of age within 6 weeks of being diagnosed 
",At launch no disease modifying therapy that preserves ß-cell function in T1D will be  approved.  Insulin substitution therapy is the current standard of care in T1D,,Better,Better,Better,,,,,,,,,,,Publish,2024-10-28 21:16:00.000,2024-10-29 10:40:00.000
676,SAR446681,SAR446681_IND002,"Dosing, administration & device",Route of administration,IV infusion,,,At launch no disease modifying therapy that preserves ß-cell function in T1D will be  approved.  Insulin substitution therapy is the current standard of care in T1D,,Slightly Worse,Slightly Worse,Slightly Worse,,,,,,,,,,,Publish,2024-10-28 21:16:00.000,2024-10-29 10:40:00.000
677,SAR446681,SAR446681_IND002,"Dosing, administration & device",Dosage,,,,At launch no disease modifying therapy that preserves ß-cell function in T1D will be  approved.  Insulin substitution therapy is the current standard of care in T1D,,Slightly Worse,Slightly Worse,Slightly Worse,,,,,,,,,,,Publish,2024-10-28 21:16:00.000,2024-10-29 10:41:00.000
678,SAR446681,SAR446681_IND002,"Dosing, administration & device",Patient Population/schedule,"12-day  course administered as a daily IV infusion over 30 min, the second treatment course is recommended to be administered 6 months after the first treatment course or 12 months after the first treatment course. 
","12-day  course administered as a daily IV infusion over 30 min, The second treatment course is recommended to be administered 6 months after the first treatment course but may be given up to 12 months after the first treatment course.
","12-day  course administered as a daily IV infusion over 30 min, The second treatment course is recommended to be administered 6 months after the first treatment course.
",At launch no disease modifying therapy that preserves ß-cell function in T1D will be  approved.  Insulin substitution therapy is the current standard of care in T1D,,Slightly Worse,Slightly Worse,Slightly Worse,,,,,,,,,,,Publish,2024-10-28 21:17:00.000,2024-10-29 10:41:00.000
679,SAR446681,SAR446681_IND002,"Dosing, administration & device",Primary Packaging (Device),,,,At launch no disease modifying therapy that preserves ß-cell function in T1D will be  approved.  Insulin substitution therapy is the current standard of care in T1D,,Slightly Worse,Slightly Worse,Slightly Worse,,,,,,,,,,,Publish,2024-10-28 21:17:00.000,2024-10-29 10:41:00.000
680,SAR446681,SAR446681_IND002,Efficacy,Endpoint / Claim 1,"Tzield is effective in preserving beta cell function, as measured by C-peptide levels. area under the time-concentration curve (AUC) of C-peptide after a 4-hour (4h) mixed meal tolerance test (MMTT), a measure of endogenous insulin production and beta cell preservation, at Week 78","Tzield is effective in preserving beta cell function, as measured by C-peptide levels. In PROTECT Study, the change from baseline in C-peptide ln(AUC+1) was highly statistically significant (p<0.001), demonstrating a 59% difference between Tzield and placebo group
",,At launch no disease modifying therapy that preserves ß-cell function in T1D will be  approved.  Insulin substitution therapy is the current standard of care in T1D,,Better,Better,Better,,,,,,,,,,,Publish,2024-10-28 21:17:00.000,2024-10-29 10:41:00.000
681,SAR446681,SAR446681_IND002,Efficacy,Endpoint / Claim 2,"Proportion of patients who remain C-peptide positive (>0.2 pmol/mL) superior to placebo at W78 (92.7% and 74.2%, respectively). The estimated odds ratio (95% CI) of teplizumab/placebo was 4.9 (2.3, 10.5) (p<0.001).,
","Proportion of patients who remain C-peptide positive (>0.2 nmol/L) superior to placebo at W78
",NA,At launch no disease modifying therapy that preserves ß-cell function in T1D will be  approved.  Insulin substitution therapy is the current standard of care in T1D,,Better,Better,Better,,,,,,,,,,,Publish,2024-10-28 21:17:00.000,2024-10-29 10:41:00.000
682,SAR446681,SAR446681_IND002,Safety & Warnings,Basic Safety profile,"Safety through 78 weeks: Well-tolerated with safety profile in line with current label 
Immune interference with vaccination in young population to be investigated
",,,At launch no disease modifying therapy that preserves ß-cell function in T1D will be  approved.  Insulin substitution therapy is the current standard of care in T1D,,Slightly Worse,,Slightly Worse,,,,,,,,,,,Publish,2024-10-28 21:17:00.000,2024-10-29 10:41:00.000
683,SP0237,SP0237_IND001,Expected Indication,Indication,Active immunization against influenza vaccine,,,High Dose vaccine ,Active immunization against influenza vaccine,,,,,,,,,,,,,,Draft,2024-10-29 10:41:00.000,2024-10-29 10:41:00.000
684,SP0237,SP0237_IND001,"Dosing, administration & device",Route of administration,IM administration,,,High Dose vaccine ,IM administration,,,,,,,,,,,,,,Draft,2024-10-29 10:41:00.000,2024-10-29 10:41:00.000
685,SP0237,SP0237_IND001,"Dosing, administration & device",Dosage,TIV-HA mRNA + TIV-NA mRNA,,,High Dose vaccine ,,,,,,,,,,,,,,,Draft,2024-10-29 10:41:00.000,2024-10-29 10:41:00.000
686,SP0237,SP0237_IND001,"Dosing, administration & device",Patient Population/schedule,50yr+,,,High Dose vaccine ,60-65+,,,,,,,,,,,,,,Draft,2024-10-29 10:41:00.000,2024-10-29 10:41:00.000
687,SP0237,SP0237_IND001,"Dosing, administration & device",Primary Packaging (Device),,,,High Dose vaccine ,,,,,,,,,,,,,,,Draft,2024-10-29 10:41:00.000,2024-10-29 10:41:00.000
688,SP0237,SP0237_IND001,Efficacy,Endpoint / Claim 1,,,,High Dose vaccine ,,,,,,,,,,,,,,,Draft,2024-10-29 10:41:00.000,2024-10-29 10:41:00.000
689,SP0237,SP0237_IND001,Efficacy,Endpoint / Claim 2,,,,High Dose vaccine ,,,,,,,,,,,,,,,Draft,2024-10-29 10:41:00.000,2024-10-29 10:41:00.000
690,SP0237,SP0237_IND001,Safety & Warnings,Basic Safety profile,,,,High Dose vaccine ,,,,,,,,,,,,,,,Draft,2024-10-29 10:41:00.000,2024-10-29 10:41:00.000
691,SP0237,SP0237_IND001,Expected Indication,Indication,Active immunization against influenza vaccine,,,HD (High Dose) vaccine / Flublok / SDE (standard dose egg based,Active immunization against influenza vaccine,Equivalent,Equivalent,Equivalent,,,,,,,,,,,Draft,2024-10-29 10:49:00.000,2025-02-04 11:49:00.000
692,SP0237,SP0237_IND001,"Dosing, administration & device",Route of administration,IM administration,,,HD (High Dose) vaccine / Flublok / SDE (standard dose egg based,IM administration,Equivalent,,Slightly Worse,,,,,,,,,,,Draft,2024-10-29 10:49:00.000,2025-02-04 11:49:00.000
693,SP0237,SP0237_IND001,"Dosing, administration & device",Dosage,TIV-HA mRNA + TIV-NA mRNA,,,HD (High Dose) vaccine / Flublok / SDE (standard dose egg based,,Equivalent,,Slightly Worse,,,,,,,,,,,Draft,2024-10-29 10:49:00.000,2025-02-04 11:49:00.000
694,SP0237,SP0237_IND001,"Dosing, administration & device",Patient Population/schedule,50yr+,18-49 yo,,HD (High Dose) vaccine / Flublok / SDE (standard dose egg based,"HD : 60-65+
Flublok : 50+
SDE : 50-64",Equivalent,,Slightly Worse,,,,,,,,,,,Draft,2024-10-29 10:49:00.000,2025-02-04 11:49:00.000
695,SP0237,SP0237_IND001,"Dosing, administration & device",Primary Packaging (Device),"prefilled syringe 
storage 2-8°C
Shelf life : 12 months",,"Shelf life : 9 months
",HD (High Dose) vaccine / Flublok / SDE (standard dose egg based,,Equivalent,,Slightly Worse,,,,,,,,,,,Draft,2024-10-29 10:49:00.000,2025-02-04 11:49:00.000
696,SP0237,SP0237_IND001,Efficacy,Endpoint / Claim 1,"Immunogenicity : statistically significant improvement vs SOC.
Secondary endpoint = superiority",Immunogenicity : non inferior vs SOC (SDR 19-49),"Immunogenicity : non inferior vs SOC vs SOC 
",HD (High Dose) vaccine / Flublok / SDE (standard dose egg based,,Better,Equivalent,Slightly Better,,,,,,,,,,,Draft,2024-10-29 10:49:00.000,2025-02-04 11:49:00.000
697,SP0237,SP0237_IND001,Efficacy,Endpoint / Claim 2,"Claim 2: Efficacy : incremental protection minimums 
+10% vs HD & Flublok
+20% vs SDE
Claim 3 : Significant reduce clinically meaningful outcomes (i.e. hospitalizations, PBF).",N/A,"Claim 2 : Efficacy-Incremental protection minimums
non inferior vs HD
+10% vs SDE
Incrementally reduce clinically meaningful outcomes (i.r. hospitaalizations, PBF)
",HD (High Dose) vaccine / Flublok / SDE (standard dose egg based,,Better,Equivalent,Slightly Better,,,,,,,,,,,Draft,2024-10-29 10:49:00.000,2025-02-04 11:49:00.000
698,SP0237,SP0237_IND001,Safety & Warnings,Basic Safety profile,"Comparable to existing Standard of Care, or better.
No compromising reactogenicity for speed to market",,,HD (High Dose) vaccine / Flublok / SDE (standard dose egg based,,Equivalent,Equivalent,Equivalent,,,,,,,,,,,Draft,2024-10-29 10:49:00.000,2025-02-04 11:50:00.000
699,SAR445088,SAR445088_IND003,Expected Indication,Indication,<p>(US) Treatment of adult patients with CIDP (EU) Treatment of adult patients with CIDP who have remaining disability despite treatment with at least one prior therapy&nbsp;</p>,,,SOC IVIg/SCIg,"Ig: Tx of CIDP to improve neuromuscular disability & impairment and maintenance Tx to prevent relapse
",Equivalent,,,Efgartigimod,<p>Efgar:&nbsp;USPI: Treatment of adult patients with CIDP&nbsp;<br />EU SmPC: monotherapy for the treatment of adult patients with progressive or relapsing active chronic inflammatory demyelinating polyneuropathy (CIDP) after prior treatment with corticosteroids or immunoglobulins.</p>,Equivalent,,,,,,,,Publish,2024-10-29 11:43:00.000,2025-08-15 12:21:00.000
700,SAR445088,SAR445088_IND003,"Dosing, administration & device",Route of administration,IV loading dose followed by SC ,,,SOC IVIg/SCIg,Ig: IV or SC,Slightly Better,,,Efgartigimod,Efgar: SC,Equivalent,,,,,,,,Publish,2024-10-29 11:43:00.000,2025-08-15 12:21:00.000
701,SAR445088,SAR445088_IND003,"Dosing, administration & device",Dosage,"50mg/kg IV loading dose; SC two 2mL autoinjectors (AI) 600mg QW 11 weeks followed by SC AI 300mg QW maintenance
",,,SOC IVIg/SCIg,Ig: ,Slightly Better,,,Efgartigimod,"<p>Efgar:&nbsp;Self administered single-dose prefilled syringe: 1,000 mg efgartigimod alfa and 10,000 units hyaluronidase per 5 mL<br />HCP administered from single-dose vial: 1,008 mg efgartigimod alfa and 11,200 units hyaluronidase per 5.6 mL</p>",Equivalent,,,,,,,,Publish,2024-10-29 11:43:00.000,2025-08-15 12:21:00.000
702,SAR445088,SAR445088_IND003,"Dosing, administration & device",Patient Population/schedule,QW,,,SOC IVIg/SCIg,"IVIg: Q3-4W
SCIg: QW-Q4W large volume infusion",Slightly Better,,,Efgartigimod,<p>Efgar: QW&nbsp;</p>,Equivalent,,,,,,,,Publish,2024-10-29 11:44:00.000,2025-08-15 12:22:00.000
703,SAR445088,SAR445088_IND003,"Dosing, administration & device",Primary Packaging (Device),"Vial for IV loading dose
Autoinjectors / pre-filled pens for SC administration",,,SOC IVIg/SCIg,,Slightly Better,,,Efgartigimod,,Equivalent,,,,,,,,Publish,2024-10-29 11:44:00.000,2025-08-15 12:22:00.000
704,SAR445088,SAR445088_IND003,Efficacy,Endpoint / Claim 1,"Primary Endpoint
40% (upside 50%) response rate measured by INCAT at 24 weeks vs. 15% in pbo

",,,SOC IVIg/SCIg,"Ig: Not effective in refractory population (by definition)
[Immunosuppressant therapies (ISTs), most commonly mycophenolate and azathioprine, are used off-label in this population, despite limited evidence from anecdotal/ small case series and no controlled studies. Rituximab less commonly used (~17% of IST in US per RWE), though rituximab use likely higher in EU.  Physicians anecdotally report a response rate of ~50% for rituximab when used]",Better,,,Efgartigimod,"Efgar: No pre-specified analysis for refractory population in ADHERE trial
Furthermore, FcRN inhibitor mechanism of action (similar to IG) not expected to demonstrate efficacy in IG-refractory population",Better,,,,,,,,Publish,2024-10-29 11:44:00.000,2025-08-15 12:22:00.000
705,SAR445088,SAR445088_IND003,Efficacy,Endpoint / Claim 2,"Secondary Endpoints
INCAT: Statistical and CMI** of median change baseline to 24wks vs pbo
I-RODS1: Statistical and CMI vs placebo over 24wks
Impairment: Statistical and Clinically Meaningful Improvement (CMI) in measures of impairment (e.g., Grip strength, MRC sum2 score) vs pbo over 24wks
",,,SOC IVIg/SCIg,,Better,,,Efgartigimod,,Better,,,,,,,,Publish,2024-10-29 11:44:00.000,2025-08-15 12:22:00.000
706,SAR445088,SAR445088_IND003,Safety & Warnings,Basic Safety profile,"Documented vaccinations against encapsulated bacterial pathogens given within 5yrs of enrollment or initiated a minimum of 14 days prior to first dose
Well tolerated, favorable adverse events profile for chronic administration",,,SOC IVIg/SCIg,"Ig: Black box warning for thrombosis, renal dysfunction and acute renal failure (Physicians have extensive experience with IVIG, incl its safety profile and view a possible SAR’088 boxed warning on serious risk of infections as concerning vs IVIG)

Drug holidays as per guidelines
",Slightly Better,,,Efgartigimod,"Efgar: Warnings and precautions for infection and hypersensitivity reactions (angioedema, dyspnea, rash)
",Equivalent,,,,,,,,Publish,2024-10-29 11:44:00.000,2025-08-15 12:22:00.000
707,SAR445088,SAR445088_IND008,Expected Indication,Indication,Same as Refractory TPP,,,,Same as Refractory TPP,,,,,,,,,,,,,,Draft,2024-10-29 12:58:00.000,2024-10-29 17:43:00.000
708,SAR445088,SAR445088_IND008,"Dosing, administration & device",Route of administration,Same as Refractory TPP,,,,Same as Refractory TPP,,,,,,,,,,,,,,Draft,2024-10-29 12:58:00.000,2024-10-29 17:43:00.000
709,SAR445088,SAR445088_IND008,"Dosing, administration & device",Dosage,,,,,,,,,,,,,,,,,,,Draft,2024-10-29 12:58:00.000,2024-10-29 17:43:00.000
710,SAR445088,SAR445088_IND008,"Dosing, administration & device",Patient Population/schedule,,,,,,,,,,,,,,,,,,,Draft,2024-10-29 12:58:00.000,2024-10-29 17:43:00.000
711,SAR445088,SAR445088_IND008,"Dosing, administration & device",Primary Packaging (Device),,,,,,,,,,,,,,,,,,,Draft,2024-10-29 12:58:00.000,2024-10-29 17:43:00.000
712,SAR445088,SAR445088_IND008,Efficacy,Endpoint / Claim 1,"Demonstrated superiority vs. IG with a 40% (upside 50%, downside non-inferiority 20-25%) response rate vs. 15% in IG active control arm at 24 weeks 
Note: In H2H trial, patients are randomized to either SAR445088 or IG continuation; more patients on SAR445088 arm are expected to improve their INCAT score vs. those on IG active control arm",,,,"IVIg: 55-73%^ response rate compared to placebo measured by INCAT at 24 wks
SCIg: Relapse-free rate of 67%-81% (depending on dose) vs. 44%^^ in placebo for up to 24 weeks

^FDA label for Gamunex-C (55%) and PATH trial for Privigen (73%). 
^^FDA label for Gamunex- C ICE(44%) trial. ",Better,,,,"Efgar: Relapse-free rate of 74% vs. 46% in placebo at 24 weeks
No demonstrated superiority compared to IVIg (only placebo comparison) ",Better,,,,,,,,Draft,2024-10-29 12:58:00.000,2024-10-29 17:43:00.000
713,SAR445088,SAR445088_IND008,Efficacy,Endpoint / Claim 2,,,,,,Better,,,,,Better,,,,,,,,Draft,2024-10-29 12:58:00.000,2024-10-29 17:43:00.000
714,SAR445088,SAR445088_IND008,Safety & Warnings,Basic Safety profile,Same as Refractory TPP,,,,Same as Refractory TPP,,,,,,,,,,,,,,Draft,2024-10-29 12:58:00.000,2024-10-29 17:43:00.000
715,SAR445088,SAR445088_IND008,Expected Indication,Indication,Same as Refractory TPP,,,IVIg/SCIg,Same as Refractory TPP,,,,Efgar,,,,,,,,,,Publish,2024-10-29 17:43:00.000,2024-10-29 17:44:00.000
716,SAR445088,SAR445088_IND008,"Dosing, administration & device",Route of administration,Same as Refractory TPP,,,IVIg/SCIg,Same as Refractory TPP,,,,Efgar,,,,,,,,,,Publish,2024-10-29 17:43:00.000,2024-10-29 17:44:00.000
717,SAR445088,SAR445088_IND008,"Dosing, administration & device",Dosage,,,,IVIg/SCIg,,,,,Efgar,,,,,,,,,,Publish,2024-10-29 17:43:00.000,2024-10-29 17:44:00.000
718,SAR445088,SAR445088_IND008,"Dosing, administration & device",Patient Population/schedule,,,,IVIg/SCIg,,,,,Efgar,,,,,,,,,,Publish,2024-10-29 17:43:00.000,2024-10-29 17:44:00.000
719,SAR445088,SAR445088_IND008,"Dosing, administration & device",Primary Packaging (Device),,,,IVIg/SCIg,,,,,Efgar,,,,,,,,,,Publish,2024-10-29 17:43:00.000,2024-10-29 17:44:00.000
720,SAR445088,SAR445088_IND008,Efficacy,Endpoint / Claim 1,"Demonstrated superiority vs. IG with a 40% (upside 50%, downside non-inferiority 20-25%) response rate vs. 15% in IG active control arm at 24 weeks 
Note: In H2H trial, patients are randomized to either SAR445088 or IG continuation; more patients on SAR445088 arm are expected to improve their INCAT score vs. those on IG active control arm",,,IVIg/SCIg,"IVIg: 55-73%^ response rate compared to placebo measured by INCAT at 24 wks
SCIg: Relapse-free rate of 67%-81% (depending on dose) vs. 44%^^ in placebo for up to 24 weeks

^FDA label for Gamunex-C (55%) and PATH trial for Privigen (73%). 
^^FDA label for Gamunex- C ICE(44%) trial. ",Better,,,Efgar,"Efgar: Relapse-free rate of 74% vs. 46% in placebo at 24 weeks
No demonstrated superiority compared to IVIg (only placebo comparison) ",Better,,,,,,,,Publish,2024-10-29 17:44:00.000,2024-10-29 17:44:00.000
721,SAR445088,SAR445088_IND008,Efficacy,Endpoint / Claim 2,,,,IVIg/SCIg,,Better,,,Efgar,,Better,,,,,,,,Publish,2024-10-29 17:44:00.000,2024-10-29 17:44:00.000
722,SAR445088,SAR445088_IND008,Safety & Warnings,Basic Safety profile,Same as Refractory TPP,,,IVIg/SCIg,Same as Refractory TPP,,,,Efgar,,,,,,,,,,Publish,2024-10-29 17:44:00.000,2024-10-29 17:44:00.000
723,SAR444671,SAR444671_IND003,Expected Indication,Indication,Adult patients with IgG4-RD,,,GC monotherapy,Off label use,,,,Rituximab,Off label use,,,,Uplizna (Launch 2025),Adult patients with IgG4-RD,Equivalent,,,Publish,2024-10-29 20:40:00.000,2024-10-29 20:52:00.000
724,SAR444671,SAR444671_IND003,"Dosing, administration & device",Route of administration,Oral,,,GC monotherapy,Oral,Equivalent,,,Rituximab,IV,Slightly Better,,,Uplizna (Launch 2025),IV,Slightly Better,,,Publish,2024-10-29 20:40:00.000,2024-10-29 20:52:00.000
725,SAR444671,SAR444671_IND003,"Dosing, administration & device",Dosage,amorphous 400mg BID,,,GC monotherapy,"30-40mg prednisone QD, then tapered down (and eventually stopped when dorable), over 1 to 6 months",Equivalent,,,Rituximab,"Either 2 x 1000mg 15 days apart (rheumatological protocol) or 4 weekly 375mg/m (jematological protocol)
Methylprednisolone 100mg with each RTX dose",Slightly Better,,,Uplizna (Launch 2025),"Initial dose: 300mg IV followed 2 weeks later by a second 300mg IV + initial tapering dose of GC over 8 weeks from 20mg QD
Subsequent dose: 300mg IV every 6 months",Slightly Better,,,Publish,2024-10-29 20:40:00.000,2024-10-29 20:52:00.000
726,SAR444671,SAR444671_IND003,"Dosing, administration & device",Patient Population/schedule,,,,GC monotherapy,,Equivalent,,,Rituximab,,Slightly Better,,,Uplizna (Launch 2025),,Slightly Better,,,Publish,2024-10-29 20:40:00.000,2024-10-29 20:52:00.000
727,SAR444671,SAR444671_IND003,"Dosing, administration & device",Primary Packaging (Device),,,,GC monotherapy,,Equivalent,,,Rituximab,,Slightly Better,,,Uplizna (Launch 2025),,Slightly Better,,,Publish,2024-10-29 20:40:00.000,2024-10-29 20:52:00.000
728,SAR444671,SAR444671_IND003,Efficacy,Endpoint / Claim 1,"% of patients GC-free, flare-free at 52 week (flare: increase of RI ≥2, or addition of or increase in GC, or addition of rescue medication): RILZA: 70% PBO: 40%, Δ30%",,,GC monotherapy,Estimated flare free rate: 50%,Equivalent,,,Rituximab,"% of patients GC-free, flare-free (flare: increase of RI ≥2, or increase in GC, or addition of rescue medication): RITUX: 70-80% PBO: 40%, Δ30-40%",Slightly Better,,,Uplizna (Launch 2025),"Flare-free, treatment-free complete remission: INEB 57.4%, PBO 22.4%, Δ35% (key secondary for comparison)
Complete remission defined as IgG4-RD responder index=0 or investigator stated no active disease",Slightly Better,,,Publish,2024-10-29 20:40:00.000,2024-10-29 20:52:00.000
729,SAR444671,SAR444671_IND003,Efficacy,Endpoint / Claim 2,"Significant difference from placebo in
- Time-to-flare
- Annualized flare rate
- Cumulative corticosteroid dose",,,GC monotherapy,NA,Equivalent,,,Rituximab,NA,Slightly Better,,,Uplizna (Launch 2025),"Time to disease flare, hazard ratio = 0.13
Annualized flare rate: INEB 0.10, PBO 0.71; Δ-.61",Slightly Better,,,Publish,2024-10-29 20:40:00.000,2024-10-29 20:52:00.000
730,SAR444671,SAR444671_IND003,Safety & Warnings,Basic Safety profile,"No boxed warning 
No lab abnormalities 
No serious adverse reactions ",,,GC monotherapy,"Toxicities long term organ damage secondary to CS used: Osteoporosis, Hypertension, cataract, DM, Cushing syndrome",Slightly Better,,,Rituximab,"Boxed warning: Fatal infusion reactions, severe mucocutaneous reactions, Hepatitis B virus reactivation and progressive multifocal leukoencephalopathy",Better,,,Uplizna (Launch 2025),"Infusion reactions
Infections (UTI)
Need to monitor immunoglobulin levels
Fetal Risk",Equivalent,,,Publish,2024-10-29 20:40:00.000,2024-10-29 20:52:00.000
731,SAR441344,SAR441344_IND002,Expected Indication,Indication,Relapsing Multiple Sclerosis,,,,"Treatment of relapsing forms of MS (RMS) and RMS w 
active disease",Equivalent,,,,,,,,,,,,,Draft,2024-10-30 22:00:00.000,2024-11-01 15:11:00.000
732,SAR441344,SAR441344_IND002,"Dosing, administration & device",Route of administration,"1,200 mg IV Q4W 
1,800 mg LVD SC Q4W",,,,Once daily oral. To be taken with food,Slightly Better,,,,,,,,,,,,,Draft,2024-10-30 22:00:00.000,2024-11-01 15:11:00.000
733,SAR441344,SAR441344_IND002,"Dosing, administration & device",Dosage,,,,,,Slightly Better,,,,,,,,,,,,,Draft,2024-10-30 22:00:00.000,2024-11-01 15:11:00.000
734,SAR441344,SAR441344_IND002,"Dosing, administration & device",Patient Population/schedule,,,,,,Slightly Better,,,,,,,,,,,,,Draft,2024-10-30 22:00:00.000,2024-11-01 15:11:00.000
735,SAR441344,SAR441344_IND002,"Dosing, administration & device",Primary Packaging (Device),,,,,,Slightly Better,,,,,,,,,,,,,Draft,2024-10-30 22:00:00.000,2024-11-01 15:11:00.000
736,SAR441344,SAR441344_IND002,Efficacy,Endpoint / Claim 1,"annualized relapse rate (ARR): 55% reduction vs Aubagio
confirmed disability worsening (relapsing MS): 50% reduction vs Aubagio",,,,"~50% relative reduction of relapses (ARR) vs Aubagio
 ~40-50% reduction in risk of 6mnth confirmed disability 
worsening (CDW) vs Aubagio",Slightly Better,,,,,,,,,,,,,Draft,2024-10-30 22:00:00.000,2024-11-01 15:11:00.000
737,SAR441344,SAR441344_IND002,Efficacy,Endpoint / Claim 2,,,,,,Slightly Better,,,,,,,,,,,,,Draft,2024-10-30 22:00:00.000,2024-11-01 15:11:00.000
738,SAR441344,SAR441344_IND002,Safety & Warnings,Basic Safety profile,"- Generally, well tolerated. E.g. No severe GI intolerance
- Potential increased risk of infection and potential for reduced vaccine effectiveness 
- No/limited contraindications that restrict patient selection 
- No black box warning",,,,"Generally well tolerated e.g., no severe GI intolerance 
Boxed Warning (for FDA)/Special Warning (for EMA) and 
Warnings and Precautions: Potential for liver injury which may 
be severe or fatal
Frequent liver monitoring for the first 6 months of treatment 
Avoid use in patients with hepatic impairment
Oral administration not associated with IARs",Slightly Better,,,,,,,,,,,,,Draft,2024-10-30 22:00:00.000,2024-11-01 15:11:00.000
739,SAR444336,SAR444336_IND002,Expected Indication,Indication,Maintenance of remission in adult patients with microscopic colitis ,,,,,,,,,,,,,,,,,,Draft,2024-10-31 11:51:00.000,2024-10-31 11:54:00.000
740,SAR444336,SAR444336_IND002,"Dosing, administration & device",Route of administration,SC,,,,,,,,,,,,,,,,,,Draft,2024-10-31 11:51:00.000,2024-10-31 11:54:00.000
741,SAR444336,SAR444336_IND002,"Dosing, administration & device",Dosage,TBD Q4W,,,,,,,,,,,,,,,,,,Draft,2024-10-31 11:51:00.000,2024-10-31 11:54:00.000
742,SAR444336,SAR444336_IND002,"Dosing, administration & device",Patient Population/schedule,,,,,,,,,,,,,,,,,,,Draft,2024-10-31 11:51:00.000,2024-10-31 11:54:00.000
743,SAR444336,SAR444336_IND002,"Dosing, administration & device",Primary Packaging (Device),Subcutaneous administration introduced in Ph1 using vial & syringe only. Autoinjector (1.0 mL) could be the device platform to support Ph3 clinical studies after the fixed dosing approach is confirmed in Ph1. The selection of Pre-filled Syringe (PFS) and/ or Autoinjector (AI) may be revisited if the fixed dosing is not viable.,,,,,,,,,,,,,,,,,,Draft,2024-10-31 11:51:00.000,2024-10-31 11:54:00.000
744,SAR444336,SAR444336_IND002,Efficacy,Endpoint / Claim 1,"Primary end point:  For patients who are in clinical remission (Hjortswang criteria) at week 0, 30% more patients maintain steroid-free clinical remission vs. pbo at week 24
",,,,,,,,,,,,,,,,,,Draft,2024-10-31 11:51:00.000,2024-10-31 11:54:00.000
745,SAR444336,SAR444336_IND002,Efficacy,Endpoint / Claim 2,"Secondary end points:
For patients who are in histological remission at week 0, significantly more patients maintain steroid-free histological remission vs. pbo at week 24
Patients sustain clinical benefit through week 52
Improved QoL of MC patients as measured by relevant Patient reported outcome measures (PRO)
",,,,,,,,,,,,,,,,,,Draft,2024-10-31 11:51:00.000,2024-10-31 11:54:00.000
746,SAR444336,SAR444336_IND002,Safety & Warnings,Basic Safety profile,"No boxed warnings
- No clinical sequela of transient eosinophil elevation 
- Safe and well tolerated with no increased infections
",,,,,,,,,,,,,,,,,,Draft,2024-10-31 11:51:00.000,2024-10-31 11:54:00.000
747,LC81237,LC81237_IND001,Expected Indication,Indication,"Treatment of patients aged 12 years and older with moderate-to-severe atopic dermatitis whose disease is not adequately controlled with topical prescription therapies or with systemic therapies or when those therapies are not advisable. 
To be used with or without TCS
",,,Dupixent,"Treatment of patients aged 6 years and older with moderate-to-severe atopic dermatitis whose disease is not adequately controlled with topical prescription therapies or when those therapies are not advisable. 
To be used with or without TCS
",Slightly Worse,,,Ebglyss,"Treatment of patients aged 12 years and older with moderate-to-severe atopic dermatitis whose disease is not adequately controlled with topical prescription therapies or with systemic therapies or when those therapies are not advisable.
To be used with or without TCS
",Equivalent,,,,,,,,Publish,2024-10-31 20:44:00.000,2024-10-31 20:45:00.000
748,LC81237,LC81237_IND001,"Dosing, administration & device",Route of administration,"SC 
",,,Dupixent,SC,Equivalent,,,Ebglyss,SC,Slightly Better,,,,,,,,Publish,2024-10-31 20:44:00.000,2024-10-31 20:45:00.000
749,LC81237,LC81237_IND001,"Dosing, administration & device",Dosage,TBD,,,Dupixent,600mg followed by 300mg maintenance,Equivalent,,,Ebglyss,250mg induction followed by 250mg maintenance,Slightly Better,,,,,,,,Publish,2024-10-31 20:44:00.000,2024-10-31 20:45:00.000
750,LC81237,LC81237_IND001,"Dosing, administration & device",Patient Population/schedule,Q4W,,,Dupixent,Q2W,Equivalent,,,Ebglyss,Q2W induction; Q4W maintenance,Slightly Better,,,,,,,,Publish,2024-10-31 20:44:00.000,2024-10-31 20:45:00.000
751,LC81237,LC81237_IND001,"Dosing, administration & device",Primary Packaging (Device),Autoinjector,,,Dupixent,Autoinjector,Equivalent,,,Ebglyss,Autoinjector,Slightly Better,,,,,,,,Publish,2024-10-31 20:44:00.000,2024-10-31 20:45:00.000
752,LC81237,LC81237_IND001,Efficacy,Endpoint / Claim 1,"Key measures at week 16 (pbo adjusted)
vIGA-AD score 0-1: 40% 
EASI-75: 50% 
EASI-90: 40% 

Speed of onset: Fast onset of action for pruritus and lesion improvement at 1 week
",,,Dupixent,"Phase 3 data at week 16 (pbo adjusted)
IGA score 0-1: 28%1 / 27%2 
EASI-75: 36%1/ 32%2 
EASI-90: 28%1 / 23%2 

1 - SOLO1
2 - SOLO2
",Slightly Better,,,Ebglyss,"Key measures (pbo adjusted) at 16 weeks*
vIGA-AD score 0-1: 26%
EASI-75: 39%
EASI-90: 26%

*Average of 2 phase 3 trials

Clinically meaningful improvements in other measures at week 16 and 24:
Pruritus as measured by PP-NRS
Quality of life as measured by DLQI
",Slightly Better,,,,,,,,Publish,2024-10-31 20:44:00.000,2024-10-31 20:45:00.000
753,LC81237,LC81237_IND001,Efficacy,Endpoint / Claim 2,,,,Dupixent,,Slightly Better,,,Ebglyss,,Slightly Better,,,,,,,,Publish,2024-10-31 20:44:00.000,2024-10-31 20:45:00.000
754,LC81237,LC81237_IND001,Safety & Warnings,Basic Safety profile,"No black box warning
Well tolerated
Conjunctivitis, keratitis
",,,Dupixent,"No black box warning
Well tolerated
Conjunctivitis, keratitis
",Equivalent,,,Ebglyss,"No black box warning
Well tolerated 
Conjunctivitis, keratitis
",Equivalent,,,,,,,,Publish,2024-10-31 20:44:00.000,2024-10-31 20:46:00.000
755,SAR441344,SAR441344_IND008,Expected Indication,Indication,non-Relapsing Secondary Progressive Multiple Sclerosis (NR-SPMS),,,,,Equivalent,,,,,,,,,,,,,Draft,2024-11-01 14:38:00.000,2024-11-01 14:41:00.000
756,SAR441344,SAR441344_IND008,"Dosing, administration & device",Route of administration,"1200mg IV Q4W
1800mg SC Q4W via Enable OBDS",,,,,Slightly Worse,,,,,,,,,,,,,Draft,2024-11-01 14:38:00.000,2024-11-01 14:41:00.000
757,SAR441344,SAR441344_IND008,"Dosing, administration & device",Dosage,,,,,,Slightly Worse,,,,,,,,,,,,,Draft,2024-11-01 14:38:00.000,2024-11-01 14:41:00.000
758,SAR441344,SAR441344_IND008,"Dosing, administration & device",Patient Population/schedule,,,,,,Slightly Worse,,,,,,,,,,,,,Draft,2024-11-01 14:38:00.000,2024-11-01 14:41:00.000
759,SAR441344,SAR441344_IND008,"Dosing, administration & device",Primary Packaging (Device),,,,,,Slightly Worse,,,,,,,,,,,,,Draft,2024-11-01 14:38:00.000,2024-11-01 14:41:00.000
760,SAR441344,SAR441344_IND008,Efficacy,Endpoint / Claim 1,"35%1 reduction in risk of 6-month composite 
confirmed disability progression (cCDP)2 vs placebo
40% reduction of brain volume loss (BVL)",,,,,Slightly Better,,,,,,,,,,,,,Draft,2024-11-01 14:38:00.000,2024-11-01 14:41:00.000
761,SAR441344,SAR441344_IND008,Efficacy,Endpoint / Claim 2,,,,,,Slightly Better,,,,,,,,,,,,,Draft,2024-11-01 14:38:00.000,2024-11-01 14:41:00.000
762,SAR441344,SAR441344_IND008,Safety & Warnings,Basic Safety profile,"- Generally, well tolerated. E.g. No severe GI intolerance
- Potential increased risk of infection and potential for reduced vaccine effectiveness 
- No/limited contraindications that restrict patient selection 
- No black box warning",,,,,Slightly Better,,,,,,,,,,,,,Draft,2024-11-01 14:38:00.000,2024-11-01 14:41:00.000
763,SAR441344,SAR441344_IND008,Expected Indication,Indication,non-Relapsing Secondary Progressive Multiple Sclerosis (NR-SPMS),,,Tolebrutinib (BTKi), Treatment of progressive forms of MS (PPMS and NR-SPMS),Equivalent,,,,,,,,,,,,,Draft,2024-11-01 14:49:00.000,2024-11-01 15:05:00.000
764,SAR441344,SAR441344_IND008,"Dosing, administration & device",Route of administration,"1200mg IV Q4W
1800mg SC Q4W via Enable OBDS",,,Tolebrutinib (BTKi),Once daily oral. To be taken with food,Slightly Worse,,,,,,,,,,,,,Draft,2024-11-01 14:49:00.000,2024-11-01 15:05:00.000
765,SAR441344,SAR441344_IND008,"Dosing, administration & device",Dosage,,,,Tolebrutinib (BTKi),,Slightly Worse,,,,,,,,,,,,,Draft,2024-11-01 14:49:00.000,2024-11-01 15:05:00.000
766,SAR441344,SAR441344_IND008,"Dosing, administration & device",Patient Population/schedule,,,,Tolebrutinib (BTKi),,Slightly Worse,,,,,,,,,,,,,Draft,2024-11-01 14:49:00.000,2024-11-01 15:05:00.000
767,SAR441344,SAR441344_IND008,"Dosing, administration & device",Primary Packaging (Device),,,,Tolebrutinib (BTKi),,Slightly Worse,,,,,,,,,,,,,Draft,2024-11-01 14:49:00.000,2024-11-01 15:05:00.000
768,SAR441344,SAR441344_IND008,Efficacy,Endpoint / Claim 1,"35%1 reduction in risk of 6-month composite 
confirmed disability progression (cCDP)2 vs placebo
40% reduction of brain volume loss (BVL)",,,Tolebrutinib (BTKi)," ~25 -30% reduction in risk of 6-month confirmed disability 
progression (CDP) vs placebo 
~30% reduction in risk of progression on T25-FW or 9HPT vs placebo 
~30% reduction in risk of 6-month cCDP as measured by EDSS Plus 
(EDSS or T25-FW or 9 HPT) vs pbo [pre-specified subgroup]
25-30% reduction of brain volume loss (BVL)",Slightly Better,,,,,,,,,,,,,Draft,2024-11-01 14:49:00.000,2024-11-01 15:05:00.000
769,SAR441344,SAR441344_IND008,Efficacy,Endpoint / Claim 2,,,,Tolebrutinib (BTKi),,Slightly Better,,,,,,,,,,,,,Draft,2024-11-01 14:49:00.000,2024-11-01 15:05:00.000
770,SAR441344,SAR441344_IND008,Safety & Warnings,Basic Safety profile,"- Generally, well tolerated. E.g. No severe GI intolerance
- Potential increased risk of infection and potential for reduced vaccine effectiveness 
- No/limited contraindications that restrict patient selection 
- No black box warning",,,Tolebrutinib (BTKi)," Generally well tolerated e.g., no severe GI intolerance 
• Boxed Warning (for FDA)/Special Warning (for EMA) and Warnings and 
Precautions: Potential for liver injury which may be severe or fatal
Frequent liver monitoring for the first 6 months of treatment 
Avoid use in patients with hepatic impairment
Oral administration not associated with IARs",Slightly Better,,,,,,,,,,,,,Draft,2024-11-01 14:49:00.000,2024-11-01 15:05:00.000
771,SAR445229,SAR445229_IND002,Expected Indication,Indication,"Add-on maintenance treatment (ICS) in patients with moderate to severe asthma aged 12 years and older
",,,Dupixent (current SOC) (anti-IL-4R) Marketed ,"Add-on maintenance treatment in patients with moderate to severe asthma aged 12 years and older with an eosinophilic phenotype or with oral corticosteroid dependent asthma (US label)
",Slightly Better,,,"Tezepelumab  (anti-TSLP)  Launched Q1, 2022","Add-on maintenance treatment of severe uncontrolled asthma in patients aged 12 years and older 
",Slightly Better,,,,,,,,Publish,2024-11-01 18:02:00.000,2025-04-09 19:29:00.000
772,SAR445229,SAR445229_IND002,"Dosing, administration & device",Route of administration,"Subcutaneous 

",,,Dupixent (current SOC) (anti-IL-4R) Marketed ,"Subcutaneous 
",Better,,,"Tezepelumab  (anti-TSLP)  Launched Q1, 2022",Subcutaneous ,Slightly Better,,,,,,,,Publish,2024-11-01 18:02:00.000,2025-04-09 19:29:00.000
773,SAR445229,SAR445229_IND002,"Dosing, administration & device",Dosage,TBD,,,Dupixent (current SOC) (anti-IL-4R) Marketed ,,Better,,,"Tezepelumab  (anti-TSLP)  Launched Q1, 2022",210 mg,Slightly Better,,,,,,,,Publish,2024-11-01 18:02:00.000,2025-04-09 19:29:00.000
774,SAR445229,SAR445229_IND002,"Dosing, administration & device",Patient Population/schedule,Q4W (24 weeks) →Q12W,,,Dupixent (current SOC) (anti-IL-4R) Marketed ,"Q2W
",Better,,,"Tezepelumab  (anti-TSLP)  Launched Q1, 2022",Q4W,Slightly Better,,,,,,,,Publish,2024-11-01 18:02:00.000,2025-04-09 19:29:00.000
775,SAR445229,SAR445229_IND002,"Dosing, administration & device",Primary Packaging (Device),autoinjector,,,Dupixent (current SOC) (anti-IL-4R) Marketed ,autoinjector,Better,,,"Tezepelumab  (anti-TSLP)  Launched Q1, 2022",autoinjector,Slightly Better,,,,,,,,Publish,2024-11-01 18:02:00.000,2025-04-09 19:29:00.000
776,SAR445229,SAR445229_IND002,Efficacy,Endpoint / Claim 1,"Overall: 60% reduction vs PBO in the annualized rate of severe exacerbations

>300 cells/µL: 70% reduction
<300 cells/µL: 55% reduction
<150 cells/µL: 50% reduction
",,,Dupixent (current SOC) (anti-IL-4R) Marketed ,"46% reduction in the annualized rate of severe exacerbations 

>300 cells/µL: ~67% reduction
150–300 cells/µL : ~44% reduction
<150 cells/µL: no stat. sign. reduction
",Slightly Better,,,"Tezepelumab  (anti-TSLP)  Launched Q1, 2022","Ph3 data from NAVIGATOR study:
Overall: 56% reduction in annualized asthma exacerbation rate 
>300 cells/µL: 70% reduction
<300 cells/µL: 41% reduction
<150 cells/µL: 39% reduction
",Slightly Better,,,,,,,,Publish,2024-11-01 18:03:00.000,2025-04-09 19:29:00.000
777,SAR445229,SAR445229_IND002,Efficacy,Endpoint / Claim 2,"Overall: ≥160 mL improvement in lung function (FEV1) from baseline

>300 cells/µL: 240 mL
<300 cells/µL: 120 mL
<150 cells/µL: 100 mL 

Oral corticosteroid sparing effect
Improve post-bronchodilator FEV1 (SLOPE analysis)
Improve symptoms on ACQ; improved quality of life (eg, SGRQ)
",,,Dupixent (current SOC) (anti-IL-4R) Marketed ,"Overall: 130 mL improvement in lung function (FEV1) from baseline

>300 cells/µL: 240 mL 
150–300 cells/µL: 160 mL
<150 cells/µL: 75 mL

Achieve 28% reduction in the use of maintenance oral corticosteroids (OCS) at Week 24 vs PBO (70% compared to 42%)
",Slightly Better,,,"Tezepelumab  (anti-TSLP)  Launched Q1, 2022","Ph3 data from NAVIGATOR study:
Overall: 130 mL improvement on FEV1 from baseline

>300 cells/µL: 230 mL
150–300 cells/µL: ?
<150 cells/µL: 30 mL
<300 cells/µL: 70 mL

Oral corticosteroid sparing effect not confirmed, missed endpoint in Phase 3
",Slightly Better,,,,,,,,Publish,2024-11-01 18:03:00.000,2025-04-09 19:29:00.000
778,SAR445229,SAR445229_IND002,Safety & Warnings,Basic Safety profile,"No boxed warnings
Well tolerated with no increased infections
",,,Dupixent (current SOC) (anti-IL-4R) Marketed ,"No boxed warning
Moderate injection site reactions
",Slightly Better,,,"Tezepelumab  (anti-TSLP)  Launched Q1, 2022","No boxed warnings
Well tolerated with no increased infections
",Equivalent,,,,,,,,Publish,2024-11-01 18:03:00.000,2025-04-09 19:29:00.000
779,SAR442970,SAR442970_IND006,Expected Indication,Indication,Treatment of type 1 diabetes (T1D) to preserve β-cell function in new onset (diagnosed within 100 days) T1D patients aged 6-21 years with clinically meaningful residual β-cell function (C-peptide ≥ 0.2 nmol/L) on top of insulin therapy,,,Insulin,"To date no approved disease modifying therapy that preserves ß-cell function in stage 3 T1D ​
Insulin therapy is the current standard of care in T1D",,,,,,,,,,,,,,Draft,2024-11-01 18:21:00.000,2024-11-01 18:22:00.000
780,SAR442970,SAR442970_IND006,"Dosing, administration & device",Route of administration,"Q2W injection (with autoinjector)​
Insulin treatment expected to be less intensive, (i.e., less injections or only one type of insulin) ​
Q4W potentially as LCM",,,Insulin,"Teplizumab: ~2-week course administered as a daily IV infusion over 30 min.), sec. admin. 6 months apart under evaluation; insulin treatment expected to be less intensive",,,,,,,,,,,,,,Draft,2024-11-01 18:21:00.000,2024-11-01 18:22:00.000
781,SAR442970,SAR442970_IND006,"Dosing, administration & device",Dosage,,,,Insulin,,,,,,,,,,,,,,,Draft,2024-11-01 18:21:00.000,2024-11-01 18:22:00.000
782,SAR442970,SAR442970_IND006,"Dosing, administration & device",Patient Population/schedule,,,,Insulin,,,,,,,,,,,,,,,Draft,2024-11-01 18:21:00.000,2024-11-01 18:22:00.000
783,SAR442970,SAR442970_IND006,"Dosing, administration & device",Primary Packaging (Device),,,,Insulin,,,,,,,,,,,,,,,Draft,2024-11-01 18:21:00.000,2024-11-01 18:22:00.000
784,SAR442970,SAR442970_IND006,Efficacy,Endpoint / Claim 1,"Significant ß-cell function preservation/ C-peptide preservation based on the 2-hr area under the time-concentration curve (AUC) of C-peptide stimulated by a mixed meal tolerance test (MMTT) ​

Primary EP in phase 3: Change in the C-peptide AUC from baseline to W52 superior to SoC (US) along with clinically proven benefit in glycemic control (i.e., HbA1c, hypoglycemia)*​
(TV 0.45 nmol/L better than Placebo W52)",,,Insulin,Teplizumab: Stimulated C-peptide AUC at W78,,,,,,,,,,,,,,Draft,2024-11-01 18:21:00.000,2024-11-01 18:22:00.000
785,SAR442970,SAR442970_IND006,Efficacy,Endpoint / Claim 2,"Continuous glucose monitoring (CGM) better Time In Range (70-180 mg/dL) measured as % vs placebo [W52, W104]​
(TV mean percentage of time in normoglycemic range superior to SoC by 12%)",,,Insulin,,,,,,,,,,,,,,,Draft,2024-11-01 18:21:00.000,2024-11-01 18:22:00.000
786,SAR442970,SAR442970_IND006,Safety & Warnings,Basic Safety profile,"Safety through 24 months: should be acceptable safety profile for chronic administration​
Potential benefit with regards to clinically significant hypoglycemia ​
Immune interference with vaccination in young population to be investigated​
Black box re malignancies in pediatrics and young adults with TNF blockers",,,Insulin,,,,,,,,,,,,,,,Draft,2024-11-01 18:22:00.000,2024-11-01 18:22:00.000
787,SAR442970,SAR442970_IND001,Expected Indication,Indication,The treatment of moderate to severe hidradenitis suppurativa in adults,,,Humira (aTNF),The treatment of moderate to severe hidradenitis suppurativa in patients 12 years of age and older,Slightly Better,,,Cosentyx (anti-IL17A),The treatment of moderate to severe hidradenitis suppurativa in adults,Equivalent,,,,,,,,Draft,2024-11-01 18:34:00.000,2024-11-01 18:34:00.000
788,SAR442970,SAR442970_IND001,"Dosing, administration & device",Route of administration,"SC Q2W​

Possible loading dose weekly / potential less frequent maintenance dosing",,,Humira (aTNF),SC weekly,Better,,,Cosentyx (anti-IL17A),"SC​
QW at wk 0 to wk 4, followed by Q2W or Q4W",Slightly Better,,,,,,,,Draft,2024-11-01 18:34:00.000,2024-11-01 18:34:00.000
789,SAR442970,SAR442970_IND001,"Dosing, administration & device",Dosage,150mg,,,Humira (aTNF),40mg,Better,,,Cosentyx (anti-IL17A),,Slightly Better,,,,,,,,Draft,2024-11-01 18:34:00.000,2024-11-01 18:34:00.000
790,SAR442970,SAR442970_IND001,"Dosing, administration & device",Patient Population/schedule,,,,Humira (aTNF),,Better,,,Cosentyx (anti-IL17A),,Slightly Better,,,,,,,,Draft,2024-11-01 18:34:00.000,2024-11-01 18:34:00.000
791,SAR442970,SAR442970_IND001,"Dosing, administration & device",Primary Packaging (Device),,,,Humira (aTNF),,Better,,,Cosentyx (anti-IL17A),,Slightly Better,,,,,,,,Draft,2024-11-01 18:34:00.000,2024-11-01 18:34:00.000
792,SAR442970,SAR442970_IND001,Efficacy,Endpoint / Claim 1,"At week 16​
HiSCR50: 65%+ vs. 50% Humira ​
",,,Humira (aTNF),"At week 12​
PIONEER I: ​
HiSCR50: 42% vs. 26% PBO (∆16%)",,,,Cosentyx (anti-IL17A),"Primary endpoint at week 16
Sunshine:	HiSCR50: 45% vs. 34% PBO​ (∆11%)​
HiSCR75: Not disclosed​",Slightly Better,,,,,,,,Draft,2024-11-01 18:34:00.000,2024-11-01 18:34:00.000
793,SAR442970,SAR442970_IND001,Efficacy,Endpoint / Claim 2,"At week 16
HiSCR75: 45%+ vs. 36% Humira​
​Impact of inclusion of anti-TNF experienced on response rates to be adapted based on ongoing competitor studies and landscape​
Durability of response​
Significant reduction in pain vs. baseline (NRS30)​
Significant QOL benefit (e.g. DLQI, SF36, TSQM, HAD)",,,Humira (aTNF),"At week 12
PIONEER II: ​
HiSCR50: 59% vs. 28% PBO (∆31%)​
HiSCR75: 36% vs. 15% PBO (∆21%)",,,,Cosentyx (anti-IL17A),"Primary endpoint at week 16
Sunrise:   	HiSCR50: 42% vs. 31% PBO ​(11%)       ​
HiSCR75: Not disclosed",Slightly Better,,,,,,,,Draft,2024-11-01 18:34:00.000,2024-11-01 18:34:00.000
794,SAR442970,SAR442970_IND001,Safety & Warnings,Basic Safety profile,"Boxed warning (assume TNF class warnings)​
- Increased risk of serious infections incl. TB , bacterial sepsis, invasive fungal infections and infections due to other opportunistic pathogens.​
- Malignancy:  Lymphoma and other malignancies, some fatal, have been reported in children and adolescent patients treated with TNF blockers; post-marketing cases of hepatosplenic T-cell lymphoma (HSTCL), a rare type of T-cell lymphoma, have occurred in adolescent and young adults with inflammatory bowel disease treated with TNF blockers",,,Humira (aTNF),"Boxed warning​
- Increased risk of serious infections incl. TB , bacterial sepsis, invasive fungal infections and infections due to other opportunistic pathogens.​
- Malignancy:  Lymphoma and other malignancies, some fatal, have been reported in children and adolescent patients treated with TNF blockers including Humira; post-marketing cases of hepatosplenic T-cell lymphoma (HSTCL), a rare type of T-cell lymphoma, have occurred in adolescent and young adults with inflammatory bowel disease treated with TNF blockers including HUMIRA",Slightly Better,,,Cosentyx (anti-IL17A),"No boxed warning​
Warnings include risk of infections, evaluate for TB, cases of IBD are observed in clinical trials",Slightly Better,,,,,,,,Draft,2024-11-01 18:34:00.000,2024-11-01 18:34:00.000
795,SAR442970,SAR442970_IND003,Expected Indication,Indication,Moderately to severely active ulcerative colitis in adults,,,Golimumab/Guselkumab,Moderately to severely active ulcerative colitis in adults,Equivalent,,,Rinvoq (upadacitinib); (JAK inhibitor)​,Moderately to severely active ulcerative colitis in adults who have had an inadequate response or intolerance to one or more TNF blockers (EU restricted after biologics),Better,,,,,,,,Draft,2024-11-01 18:46:00.000,2024-11-01 19:10:00.000
796,SAR442970,SAR442970_IND003,"Dosing, administration & device",Route of administration,sc Q2W,,,Golimumab/Guselkumab,Combined sub-q of guselkumab (GUS) and golimumab (GOL)​,Equivalent,,,Rinvoq (upadacitinib); (JAK inhibitor)​,"45mg oral capsule, once daily for induction, followed by 15mg or 30mg once daily for maintenance",Slightly Worse,,,,,,,,Draft,2024-11-01 18:46:00.000,2024-11-01 19:10:00.000
797,SAR442970,SAR442970_IND003,"Dosing, administration & device",Dosage,,,,Golimumab/Guselkumab,,Equivalent,,,Rinvoq (upadacitinib); (JAK inhibitor)​,,Slightly Worse,,,,,,,,Draft,2024-11-01 18:46:00.000,2024-11-01 19:10:00.000
798,SAR442970,SAR442970_IND003,"Dosing, administration & device",Patient Population/schedule,,,,Golimumab/Guselkumab,,Equivalent,,,Rinvoq (upadacitinib); (JAK inhibitor)​,,Slightly Worse,,,,,,,,Draft,2024-11-01 18:46:00.000,2024-11-01 19:10:00.000
799,SAR442970,SAR442970_IND003,"Dosing, administration & device",Primary Packaging (Device),,,,Golimumab/Guselkumab,,Equivalent,,,Rinvoq (upadacitinib); (JAK inhibitor)​,,Slightly Worse,,,,,,,,Draft,2024-11-01 18:46:00.000,2024-11-01 19:10:00.000
800,SAR442970,SAR442970_IND003,Efficacy,Endpoint / Claim 1,"Study Population: ​
50/50 bio-naïve; bio-experienced​

Induction at week 12​
Clinical remission (modified Mayo): ​40% vs. 8% PBO (Δ32%)​
Endoscopic improvement: ​55% vs. 12% PBO  (Δ 43%) ​
Clinical response: 80% vs. 30% PBO (Δ50%)",,,Golimumab/Guselkumab,"Bionaive only
At week 12
",Equivalent,,,Rinvoq (upadacitinib); (JAK inhibitor)​,"Induction 8 week (average two Phase 3 top-line)​
Clinical remission (adapted Mayo): 30% vs 5% PBO  (Δ 25%) ​
Endoscopic improvement  40% vs. 7% PBO  (Δ 33%) ​
Clinical response 73% vs. 26% (Δ 47%)",Better,,,,,,,,Draft,2024-11-01 18:46:00.000,2024-11-01 19:10:00.000
801,SAR442970,SAR442970_IND003,Efficacy,Endpoint / Claim 2,"Study Population: ​
50/50 bio-naïve; bio-experienced​

Maintenance at week 52​
Clinical remission: ​
50% vs. 15% PBO (Δ35%)​
Endoscopic improvement: ​65% vs. 20% PBO (Δ45%)​
HEMI (hist/endo improvement)​
Improvement in PRO measures​
Corticosteroid sparing",,,Golimumab/Guselkumab,"Bionaive only
At week 12",Equivalent,,,Rinvoq (upadacitinib); (JAK inhibitor)​,"Maintenance to 52 weeks (15 / 30mg)​
Clinical remission 42% / 52% vs. 12% PBO (Δ 30-40%)​
Endoscopic improvement: 49% / 62% vs. 14% (Δ 35-48%)​
Significant improvement in steroid-free remission​
Significant increase in HEMI",Better,,,,,,,,Draft,2024-11-01 18:46:00.000,2024-11-01 19:10:00.000
802,SAR442970,SAR442970_IND003,Safety & Warnings,Basic Safety profile,"Boxed warning (assume TNF class warnings)​

Increased risk of serious infections incl. TB , bacterial sepsis, invasive fungal infections and infections due to other opportunistic pathogens.​

Malignancy:  Lymphoma and other malignancies, some fatal, have been reported in children and adolescent patients treated with TNF blockers; post-marketing cases of hepatosplenic T-cell lymphoma (HSTCL), a rare type of T-cell lymphoma, have occurred in adolescent and young adults with inflammatory bowel disease treated with TNF blockers",,,Golimumab/Guselkumab,"Boxed warning​

Serious infections leading to hospitalization or death, incl. TB , bacterial sepsis, invasive fungal infections and infections due to other opportunistic pathogens.​

Lymphoma and other malignancies, some fatal, have been reported in children and adolescent patients treated with TNF blockers​

Other Warnings:​

Lab parameters should be monitored (warnings for neutropenia, thrombocytopenia, liver enzymes, lipids).​

Demyelinating disease, rare cases of exacerbation or new onset has been associated with TNF biologics",Equivalent,,,Rinvoq (upadacitinib); (JAK inhibitor)​,"Black box warning​

Increased risk of serious infections including TB​

Higher rate of all-cause mortality, including sudden CV death, higher rate of MACE, and increased incidence of PE and DVT with another JAK inhibitor vs. TNF blockers in RA patients​

Malignances have occurred in pts treated with Rinvoq; higher rate of lymphomas and lung cancer with another JAK inhibitor vs. TNF blockers in RA​

Thrombosis has occurred with Rinvoq",Better,,,,,,,,Draft,2024-11-01 18:46:00.000,2024-11-01 19:10:00.000
803,SAR442970,SAR442970_IND004,Expected Indication,Indication,For treatment of adult patients with moderately to severely active Crohn’s disease (CD),,,"Skyrizi (Risankizumab, IL-23)",For treatment of adult patients with moderately to severely active Crohn’s disease (CD),Equivalent,,,Rinvoq (upatacitinib) ,For the treatment of adults with moderately to severely active Crohn’s disease who have had an inadequate response or intolerance to one or more TNF blockers (EU restricted after biologics),Better,,,,,,,,Draft,2024-11-01 19:05:00.000,2024-11-01 19:05:00.000
804,SAR442970,SAR442970_IND004,"Dosing, administration & device",Route of administration,SC Q2W,,,"Skyrizi (Risankizumab, IL-23)",IV and SC,Slightly Better,,,Rinvoq (upatacitinib) ,Oral,Worse,,,,,,,,Draft,2024-11-01 19:05:00.000,2024-11-01 19:05:00.000
805,SAR442970,SAR442970_IND004,"Dosing, administration & device",Dosage,,,,"Skyrizi (Risankizumab, IL-23)","Induction: 600mg IV ​
Maintenance: 360 mg q8 weeks SC",Slightly Better,,,Rinvoq (upatacitinib) ,"Induction: 45mg once daily ​
Maintenance: 30mg or 15mg once daily",Worse,,,,,,,,Draft,2024-11-01 19:05:00.000,2024-11-01 19:05:00.000
806,SAR442970,SAR442970_IND004,"Dosing, administration & device",Patient Population/schedule,,,,"Skyrizi (Risankizumab, IL-23)",,Slightly Better,,,Rinvoq (upatacitinib) ,,Worse,,,,,,,,Draft,2024-11-01 19:05:00.000,2024-11-01 19:05:00.000
807,SAR442970,SAR442970_IND004,"Dosing, administration & device",Primary Packaging (Device),,,,"Skyrizi (Risankizumab, IL-23)",,Slightly Better,,,Rinvoq (upatacitinib) ,,Worse,,,,,,,,Draft,2024-11-01 19:05:00.000,2024-11-01 19:05:00.000
808,SAR442970,SAR442970_IND004,Efficacy,Endpoint / Claim 1,"Study Population: ​50/50 bio-naïve; bio-experienced

​Induction at week 12​

Clinical remission (CDAI) (co-primary): ​55% vs. 20% PBO (Δ35%)​
Endoscopic response (co-primary):​ 55% vs. 12% PBO  (Δ43%) ​
Clinical response: ​73% vs. 35% PBO (Δ38%)​",,,"Skyrizi (Risankizumab, IL-23)","45% bio-naive ​

Induction at week 12​

Clinical remission: 45% vs. 25% PBO (Δ 20%)​
Endoscopic response: 40% vs 12% PBO (Δ 28%)​
Clinical response: 60% vs 37% PBO (Δ 23%)",Better,,,Rinvoq (upatacitinib) ,"57% bio-naive

Induction at week 12​
 ​
Clinical remission (CDAI): 46% vs. 23% PBO (Δ 23%)​
Endoscopic response: 46% vs 13% PBO (Δ 33%)​
Clinical response: 64% v 40% PBO (Δ 24%)​",Better,,,,,,,,Draft,2024-11-01 19:05:00.000,2024-11-01 19:05:00.000
809,SAR442970,SAR442970_IND004,Efficacy,Endpoint / Claim 2,"Study Population: ​50/50 bio-naïve; bio-experienced

Maintenance at week 52​

Clinical remission (CDAI) (co-primary):​ 60% vs. 15% PBO (Δ45%)​
Endoscopic response (co-primary):​ 60% vs. 15% PBO (Δ45%)​
Improvement in PRO measures​
Corticosteroid sparing ",,,"Skyrizi (Risankizumab, IL-23)","45% bio-naive

Maintenance at week 52​
Among biologic naïve and experienced patients who achieved clinical response at Week 12​

Clinical Remission: 52% vs 41% PBO (Δ 11%)​
Endoscopic Response: 47% vs. 22% PBO (Δ 25%)​
Endoscopic Remission: 39% vs. 13% PBO (Δ 26%)",Better,,,Rinvoq (upatacitinib) ,"57% bio-naive

Maintenance at week 52​
Among biologic naïve and experienced patients who achieved clinical response at Week 12 (30/15mg)​

Clinical Remission: 55%/42% vs 14% PBO (Δ 41/28%)​
Endoscopic Response: 41%/28% vs. 7% PBO (Δ 34%/21)",Better,,,,,,,,Draft,2024-11-01 19:05:00.000,2024-11-01 19:05:00.000
810,SAR442970,SAR442970_IND004,Safety & Warnings,Basic Safety profile,,,,"Skyrizi (Risankizumab, IL-23)",,Slightly Worse,,,Rinvoq (upatacitinib) ,,Better,,,,,,,,Draft,2024-11-01 19:05:00.000,2024-11-01 19:05:00.000
811,SAR650984,SAR650984_IND013,Expected Indication,Indication,"Indicated for all approved Sarclisa IV indications
",,,Daratumumab SubQ,"Indicated for all approved indications 
",Equivalent,,,,,,,,,,,,,Draft,2024-11-04 21:44:00.000,2024-11-05 20:26:00.000
812,SAR650984,SAR650984_IND013,"Dosing, administration & device",Route of administration,"Route of administration – subcutaneous
Point of care with Enable In Office – infusion center
Point of care with Enable At Home – infusion center then home 
(HCP initially)
Point of care with manual injection – infusion center
Administration schedule – C1 (QW) days 1,8,15, 22; C2-4 (Q2W)  days 1,15; in NDMM after C18 (Q4W) day 1 (28-day cycle)  
Pre-injection prophylaxis -  oral diphenhydramine, methylprednisolone (if no dexamethasone), acetaminophen, leukotriene inhibitor, 30–60min prior to isatuximab
Duration of administration target ≤15 min – Maximum specifications  20 min – Mean target 12 min.
Post-injection prophylaxis – None
Device performance : target > 95%. In TCD15484, 13 products complaints out of ≈ 700 injections, including 1 user error. All doses were completed.

",,,Daratumumab SubQ,"Route of administration – subcutaneous (manual administration)
Point of care – infusion center (primary). Manual administration
Administration schedule – C1-2 (QW) days 1,8,15, 22; C3-6 (Q2W)  days 1, 15; C6 (Q4W) day 1 (28-day cycle)
Pre-infusion prophylaxis – methylprednisolone monotherapy only (100 mg IV before 1st, oral after), acetaminophen, diphenhydramine 1-3 hrs prior to dara, leukotriene inhibitor is optional on C1D1
Duration of administration –  5 minutes
Post-infusion prophylaxis – oral corticosteroid 2 days following dara monotherapy infusion (unless background regimen includes corticosteroid); patients with pulmonary disease may need bronchodilators or inhaled corticosteroids. No major reactions after C3 consider discontinuation of steroids. 

",Slightly Better,,,,,,,,,,,,,Draft,2024-11-04 21:44:00.000,2024-11-05 20:26:00.000
813,SAR650984,SAR650984_IND013,"Dosing, administration & device",Dosage,"Dose/Volume –1,400mg/10mL fixed dose
",,,Daratumumab SubQ,"Dose/Volume – 1,800 mg/15mL fixed dose + 30 kU rHuPH20
",Slightly Better,,,,,,,,,,,,,Draft,2024-11-04 21:44:00.000,2024-11-05 20:26:00.000
814,SAR650984,SAR650984_IND013,"Dosing, administration & device",Patient Population/schedule,,,,Daratumumab SubQ,,Slightly Better,,,,,,,,,,,,,Draft,2024-11-04 21:44:00.000,2024-11-05 20:26:00.000
815,SAR650984,SAR650984_IND013,"Dosing, administration & device",Primary Packaging (Device),,,,Daratumumab SubQ,,Slightly Better,,,,,,,,,,,,,Draft,2024-11-04 21:44:00.000,2024-11-05 20:26:00.000
816,SAR650984,SAR650984_IND013,Efficacy,Endpoint / Claim 1,"Efficacy and PK  Co-primary endpoints
",,,Daratumumab SubQ,"Efficacy and PK  Co-primary endpoints
Endpoints achieved in COLUMBA
",Equivalent,,,,,,,,,,,,,Draft,2024-11-04 21:44:00.000,2024-11-05 20:26:00.000
817,SAR650984,SAR650984_IND013,Efficacy,Endpoint / Claim 2,,,,Daratumumab SubQ,,Equivalent,,,,,,,,,,,,,Draft,2024-11-04 21:44:00.000,2024-11-05 20:26:00.000
818,SAR650984,SAR650984_IND013,Safety & Warnings,Basic Safety profile,"Non-IR profile comparable to IV formulation except IR/ISR
SC  IR: similar to Dara
Majority IR, Gr 1/2 
No G3 injection Site reactions
",,,Daratumumab SubQ,"Significant reduction in IRR compared to DARA IV 
SC Infusion reactions (COLUMBA): Dara SC: IRs 12.7%  DARA IV 34.5% , majority occurred in C1D1
Majority Gr 1/2, no G4 IR
ISR ~7% all G1/2 
",Equivalent,,,,,,,,,,,,,Draft,2024-11-04 21:44:00.000,2024-11-05 20:26:00.000
819,SAR446597,SAR446597_IND001,Expected Indication,Indication,"Indicated for the treatment of geographic atrophy (GA) secondary to age-related macular degeneration, and Potential in high-risk intermediate AMD",,,Current Treatments – Syfovre/Izervay (US only),Indicated for the treatment of geographic atrophy (GA) secondary to age-related macular degeneration ,Equivalent,,,,,,,,,,,,,Draft,2024-11-05 11:18:00.000,2024-11-05 11:26:00.000
820,SAR446597,SAR446597_IND001,"Dosing, administration & device",Route of administration,"Intravitreal injection AAV-based gene therapy (AAV2) expressing anti-Bb & anti-C1s inhibitors, blocking classical & alternative complement system pathways
- Requires local (topical/injectable) prophylaxis",,,Current Treatments – Syfovre/Izervay (US only),Intravitreal injection - Complement inhibitor (C3 or C5),Slightly Better,,,,,,,,,,,,,Draft,2024-11-05 11:18:00.000,2024-11-05 11:26:00.000
821,SAR446597,SAR446597_IND001,"Dosing, administration & device",Dosage,One-time injection,,,Current Treatments – Syfovre/Izervay (US only),Q4W-Q8W injection,Slightly Better,,,,,,,,,,,,,Draft,2024-11-05 11:18:00.000,2024-11-05 11:26:00.000
822,SAR446597,SAR446597_IND001,"Dosing, administration & device",Patient Population/schedule,,,,Current Treatments – Syfovre/Izervay (US only),,Slightly Better,,,,,,,,,,,,,Draft,2024-11-05 11:18:00.000,2024-11-05 11:26:00.000
823,SAR446597,SAR446597_IND001,"Dosing, administration & device",Primary Packaging (Device),,,,Current Treatments – Syfovre/Izervay (US only),,Slightly Better,,,,,,,,,,,,,Draft,2024-11-05 11:18:00.000,2024-11-05 11:26:00.000
824,SAR446597,SAR446597_IND001,Efficacy,Endpoint / Claim 1,"Primary Endpoint:
i) ~25% reduction in progression of lesion size at 12 months compared to sham
ii) Sustained efficacy over at least 4 years",,,Current Treatments – Syfovre/Izervay (US only),"Primary Endpoint:
i) 15-20% reduction in progression of lesion size at 12 and 24 months compared to sham (EM / EOM)",Slightly Better,,,,,,,,,,,,,Draft,2024-11-05 11:18:00.000,2024-11-05 11:26:00.000
825,SAR446597,SAR446597_IND001,Efficacy,Endpoint / Claim 2,"Secondary Endpoints:
i) 50% risk reduction in ≥15 letter loss of BCVA over 12 months
ii) Demonstrated >20% preservation of photoreceptor layer by OCT
iii) Clinically meaningful benefit on National Eye Institute Visual Functioning Questionnaire-25 (NEI-VFQ-25) QoL Composite Score and Microperimetry",,,Current Treatments – Syfovre/Izervay (US only),"Secondary Endpoints:
i) Change From Baseline in Best Corrected Visual Acuity (BCVA); 5.6 letter preservation (nss)
ii) 4.1 mean QoL benefit on National Eye Institute Visual Functioning Questionnaire-25 (NEI-VFQ-25) Composite Score reported in a post-hoc analysis of a specific subgroup (lesions ≥250μm from foveal center)
iii) Demonstrated 20-50% preservation of RPE, photoreceptor cells ",Slightly Better,,,,,,,,,,,,,Draft,2024-11-05 11:18:00.000,2024-11-05 11:26:00.000
826,SAR446597,SAR446597_IND001,Safety & Warnings,Basic Safety profile,"No ocular related SAEs including vasculitis, retinitis, choroiditis, vascular occlusions; endophthalmitis rates comparable to SOC
Non-chronic, non-recurrent mild ocular inflammation (10%) is manageable and responsive to topical steroids
No increased incidence of CNV (new onset wetAMD) relative to sham",,,Current Treatments – Syfovre/Izervay (US only),"i) Most common AEs (≥5%) reported were ocular discomfort, neovascular age-related macular degeneration, vitreous floaters, and conjunctival hemorrhage
ii) Retinal vasculitis reported in ~1/10,000 Syfovre injections (including in Warnings & Precautions 11/2023)",Slightly Better,,,,,,,,,,,,,Draft,2024-11-05 11:18:00.000,2024-11-05 11:26:00.000
827,SP0247,SP0247_IND001,Expected Indication,Indication,"Prevention of Medically Attended Acute Lower Respiratory Tract Illness (MAALRI) due to lab-identified RSV, hMPV or PIV3 (any strains) 

",,,RSVt,,Slightly Better,,,,,,,,,,,,,Publish,2024-11-06 20:40:00.000,2024-11-06 21:03:00.000
828,SP0247,SP0247_IND001,"Dosing, administration & device",Route of administration,"Intranasal route


",,,RSVt,,Equivalent,,,,,,,,,,,,,Publish,2024-11-06 20:40:00.000,2024-11-06 21:03:00.000
829,SP0247,SP0247_IND001,"Dosing, administration & device",Dosage,"2 doses (seasonal)

",,,RSVt,,Equivalent,,,,,,,,,,,,,Publish,2024-11-06 20:40:00.000,2024-11-06 21:03:00.000
830,SP0247,SP0247_IND001,"Dosing, administration & device",Patient Population/schedule,"All children entering their 2nd RSV season (earliest age to be vaccinated: 4 mo.; depends on vaccine schedule)
Exclusion of infants at risk  (i.e. eligible for palivizumab)
Regardless of serostatus 
",,,RSVt,,Equivalent,,,,,,,,,,,,,Publish,2024-11-06 20:40:00.000,2024-11-06 21:03:00.000
831,SP0247,SP0247_IND001,"Dosing, administration & device",Primary Packaging (Device),"Pre-filled liquid suspension (for intranasal administration)
Spray via Intra Nasal (IN) device
0.4mL total dose volume",,,RSVt,,Equivalent,,,,,,,,,,,,,Publish,2024-11-06 20:40:00.000,2024-11-06 21:03:00.000
832,SP0247,SP0247_IND001,Efficacy,Endpoint / Claim 1,"Non-inferior efficacy against RSV as compared to the RSVi-solo vaccine, based on primary immune biomarkers for efficacy
Overall efficacy target for HMPV or PIV3:
≥ 70% 2nd RSV season (with persistence up to 9-10 months to cover the hMPV-PIV3 season)**
≥ 35% 3rd RSV season (with persistence up to 9-10 months to cover the hMPV-PIV3 season)**",,,RSVt,,Slightly Better,,,,,,,,,,,,,Publish,2024-11-06 20:40:00.000,2024-11-06 21:03:00.000
833,SP0247,SP0247_IND001,Efficacy,Endpoint / Claim 2,,,,RSVt,,Slightly Better,,,,,,,,,,,,,Publish,2024-11-06 20:40:00.000,2024-11-06 21:03:00.000
834,SP0247,SP0247_IND001,Safety & Warnings,Basic Safety profile,"Excellent safety profile consistent with that of licensed intranasal vaccines
No evidence of vaccine-enhanced disease upon subsequent natural infection (over the next 2 seasons) 
No significant increase in respiratory clinical signs compared to placebo controls (during the surveillance); no significant vaccine-induced nasal congestion or respiratory blockage; mild rhinorrhea may be acceptable (intranasal vaccine)
",,,RSVt,,Equivalent,,,,,,,,,,,,,Publish,2024-11-06 20:40:00.000,2024-11-06 21:03:00.000
835,SAR441566,SAR441566_IND003,Expected Indication,Indication,"Adults with moderate to severe plaque psoriasis who are candidates for phototherapy or systemic therapy.  

",,,Humira (adalimumab),"Adult patients with moderate to severe chronic plaque psoriasis who are candidates for systemic therapy or phototherapy, and when other systemic therapies are medically less appropriate. 
",Equivalent,,,Sotyktu (deucravacitinib) ,"Adults with moderate to severe plaque psoriasis who are candidates for phototherapy or systemic therapy.  
",Equivalent,,,,,,,,Publish,2024-11-18 14:42:00.000,2024-11-18 14:46:00.000
836,SAR441566,SAR441566_IND003,"Dosing, administration & device",Route of administration,"Oral Tablet
",,,Humira (adalimumab),"SC, PFS or PFP
",Better,,,Sotyktu (deucravacitinib) ,"Oral Tablet
",Equivalent,,,,,,,,Publish,2024-11-18 14:42:00.000,2024-11-18 14:46:00.000
837,SAR441566,SAR441566_IND003,"Dosing, administration & device",Dosage,QD likely (BID downside),,,Humira (adalimumab),"40 mg Q2W (after 80mg loading dose)
",Better,,,Sotyktu (deucravacitinib) ,"6mg QD 
",Equivalent,,,,,,,,Publish,2024-11-18 14:43:00.000,2024-11-18 14:46:00.000
838,SAR441566,SAR441566_IND003,"Dosing, administration & device",Patient Population/schedule,,,,Humira (adalimumab),,Better,,,Sotyktu (deucravacitinib) ,,Equivalent,,,,,,,,Publish,2024-11-18 14:43:00.000,2024-11-18 14:46:00.000
839,SAR441566,SAR441566_IND003,"Dosing, administration & device",Primary Packaging (Device),,,,Humira (adalimumab),,Better,,,Sotyktu (deucravacitinib) ,,Equivalent,,,,,,,,Publish,2024-11-18 14:43:00.000,2024-11-18 14:46:00.000
840,SAR441566,SAR441566_IND003,Efficacy,Endpoint / Claim 1,"At week 16:
Bio-naïve:
PASI-75: 71% vs 13% pbo (Δ58%)
sPGA 0-1: 62% vs 10% pbo (Δ52%)
PASI-90: 45% vs 2% pbo (Δ43%)

Bio-experienced:
PASI-75: 52% vs 8% pbo (Δ44%)
sPGA 0-1: 51% vs 5% pbo (Δ46%)
PASI-90: 40% vs 1% pbo (Δ39%)

Mixed Pop (70% bio-naïve / 30% bio-exp):
PASI-75: 65% vs 12% pbo (Δ53%)
sPGA 0-1: 59% vs 9% pbo (Δ50%)
PASI-90: 44% vs 2% pbo (Δ42%)
",,,Humira (adalimumab),"Bio-naïve:
At week 16:
PASI-75: 
Ps-1: 71% vs 7% pbo (Δ64%)
Ps-2: 78% vs 19% pbo (Δ59%)
PGA 0-1: 
Ps-1: 62% vs 4% pbo  (Δ58%)
Ps-2: 71% vs 10% pbo (Δ61%)
PASI-90: 
PS-1: 45% vs 2% pbo (Δ43%)




",Slightly Better,,,Sotyktu (deucravacitinib) ,"At week 16:
PASI-75: 
PSO-1: 58% vs 13% pbo (Δ45%)
PSO-2: 53% vs 9% pbo (Δ44%)
sPGA 0-1: 
PSO-1: 54% vs 7% pbo (Δ47%)
PSO-2: 50% vs 9% pbo (Δ41%)
PASI-90: 
PSO-1: 36% vs 4% pbo (Δ32%)
PSO-2: 27% vs 3% pbo (Δ24%)

Week 52:
PSO-1: 82% PASI-75 Wk16 responders maintained at Wk52
PSO-2: 80% PASI-75 Wk16 responders maintained at 
",Better,,,,,,,,Publish,2024-11-18 14:43:00.000,2024-11-18 14:46:00.000
841,SAR441566,SAR441566_IND003,Efficacy,Endpoint / Claim 2,"Week 52 (mixed pop):
85% PASI-75 Wk16 responders maintained at Wk52
",,,Humira (adalimumab),"Week 52:
Ps-1: 79% PASI-75 Wk16 responders maintained at Wk52 vs 43% re-randomized to pbo ",Slightly Better,,,Sotyktu (deucravacitinib) ,Wk52 vs 31% re-randomized to pbo ,Better,,,,,,,,Publish,2024-11-18 14:43:00.000,2024-11-18 14:46:00.000
842,SAR441566,SAR441566_IND003,Safety & Warnings,Basic Safety profile,"No injection site reactions
Avoid black box warning from anti-TNF class
Potential for mechanistic studies, LTS data or RWE to show reduced infection risk and reduced exacerbation of autoimmune disease vs anti-TNF biologics due to TNFR2 sparing 
Warnings for infection risk may remain
",,,Humira (adalimumab),"Black Box Warning:
Increased risk of serious infections incl. TB , bacterial sepsis, invasive fungal infections and infections due to other opportunistic pathogens.
Malignancy:  Lymphoma and other malignancies, some fatal, have been reported in children and adolescent patients treated with TNF blockers
",Slightly Better,,,Sotyktu (deucravacitinib) ,"No black box warning
Warnings include hypersensitivity, infections, malignancy including lymphomas, tuberculosis 
It is not known whether TYK2 inhibition may be associated with the observed or potential adverse reactions of JAK inhibition.
Potential Risks Related to JAK Inhibition: Higher rate of MACE (Major Adverse Cardiac Events including sudden cardiovascular death, myocardial infarction, stroke, overall thrombosis, deep venous thrombosis, and pulmonary embolism)
",Better,,,,,,,,Publish,2024-11-18 14:43:00.000,2024-11-18 14:46:00.000
843,SAR441566,SAR441566_IND001,Expected Indication,Indication,"Alone or in combination with methotrexate, for adults with moderately to severely active rheumatoid arthritis who have had an inadequate response or intolerance to one or more disease modifying anti-rheumatic drugs (DMARDs). 
",,,Humira (adalimumab),"Reduce signs & symptoms, inducing major clinical response, inhibits the progression of structural damage, & improving physical function in adult patients with moderately to severely active RA.
",Equivalent,,,Rinvoq (upadacitinib) ,"Adults with moderately to severely active rheumatoid arthritis who have had an inadequate response or intolerance to one or more TNF blockers.
",Better,,,,,,,,Publish,2024-11-18 14:59:00.000,2024-11-18 15:02:00.000
844,SAR441566,SAR441566_IND001,"Dosing, administration & device",Route of administration,"Oral Tablet
",,,Humira (adalimumab),"SC, PFS or PFP
",Slightly Better,,,Rinvoq (upadacitinib) ,"Oral Tablet

",Equivalent,,,,,,,,Publish,2024-11-18 14:59:00.000,2024-11-18 15:03:00.000
845,SAR441566,SAR441566_IND001,"Dosing, administration & device",Dosage,"QD or BID
",,,Humira (adalimumab),"40 mg Q2W (or QW if needed)
",Slightly Better,,,Rinvoq (upadacitinib) ,15 mg QD,Equivalent,,,,,,,,Publish,2024-11-18 14:59:00.000,2024-11-18 15:03:00.000
846,SAR441566,SAR441566_IND001,"Dosing, administration & device",Patient Population/schedule,,,,Humira (adalimumab),,Slightly Better,,,Rinvoq (upadacitinib) ,,Equivalent,,,,,,,,Publish,2024-11-18 14:59:00.000,2024-11-18 15:03:00.000
847,SAR441566,SAR441566_IND001,"Dosing, administration & device",Primary Packaging (Device),,,,Humira (adalimumab),,Slightly Better,,,Rinvoq (upadacitinib) ,,Equivalent,,,,,,,,Publish,2024-11-18 15:00:00.000,2024-11-18 15:03:00.000
848,SAR441566,SAR441566_IND001,Efficacy,Endpoint / Claim 1,"MTX-IR
SAR441566+MTX vs PBO+MTX:

Week 24*:
ACR20: 63% vs 30% PBO (Δ33%)

ACR50: 42% vs 10% PBO (Δ32%)

ACR70: 21% vs 3% PBO (Δ18%)

Bio-Exp

SAR441566+MTX vs PBO+MTX at Wk 24 in patients treated with prior advanced therapy:

ACR20: 47% vs 22% PBO (Δ25%)

ACR50: 26% vs 8% PBO (Δ18%)

ACR70: 15% vs 3% PBO (Δ12%)

DAS28-CRP≤3.2: 30-35% vs 14% PBO (Δ16-21%)
",,,Humira (adalimumab),"MTX-IR
Study RA-III Humira+MTX vs PBO+MTX at Wk 24:
ACR20: 63% vs. 30% PBO (Δ33%)
ACR50: 39% vs. 10% PBO (Δ29%)
ACR70: 21% vs. 3% PBO (Δ18%)
Inhibits/slows progression of structural damage 

SELECT-COMPARE1 Humira+MTX vs PBO+MTX:
Wk 12 ACR20: 63% vs 36% PBO (Δ27%)
Wk 12 ACR50: 29% vs 15% PBO (Δ14%)
Wk 26 DAS-28-CRP≤3.2: 39% vs 18% PBO (Δ21%) 
Upadacitinib H2H vs adalimumab (10% bio-exp).

Bio-Exp
Note: Humira has only been studied in open-label in this setting. Open-label efficacy looks higher than achieved by golimumab (reference data for TPP). However, RWE has shown golimumab to have greater patient retention that adalimumab in the TNF-IR setting so may be due to open-label data

",Equivalent,,,Rinvoq (upadacitinib) ,"MTX-IR
Rinvoq+MTX vs Humira+MTX at Wk 26: 
ACR50: 45% vs 29% Humira
ACR70: 25% vs 13% Humira
Inhibits/slows progression of structural damage vs PBO arm p=SS

SELECT-COMPARE1 Rinvoq+MTX vs PBO+MTX:
Wk 12 ACR20: 71% vs 36% PBO (Δ35%)
Wk 12 ACR50: 45% vs 15% PBO (Δ30%)
Wk 26 DAS-28-CRP≤3.2: 55% vs 18% PBO (Δ37%) 
1. Upadacitinib H2H vs adalimumab (10% bio-exp).
",Slightly Worse,,,,,,,,Publish,2024-11-18 15:00:00.000,2024-11-18 15:03:00.000
849,SAR441566,SAR441566_IND001,Efficacy,Endpoint / Claim 2,"MTX-IR
Week 12:
ACR20: 63% vs 35% PBO (Δ28%)
ACR50: 30% vs 15% PBO (Δ15%)
DAS28-CRP≤3.2: 30% vs 15% PBO (Δ15%)

Inhibits/slows progression in structural damage. 
Improvement of PROs (HAQ-DI). 
Potential for maintained efficacy due to lack of ADAs.

TBD Week 12 Monotherapy:
ACR20: 45% vs 21% PBO (Δ24%)
DAS28-CRP≤3.2: 21% vs 12% PBO (Δ9%)

Bio-Exp
Efficacy also in line at 12 weeks
Benefits in structural damage, PROs (HAQ-DI)
",,,Humira (adalimumab),"MTX-IR
Week 12 Monotherapy:
ACR20: 50% (estimated from MONARCH H2H)
DAS28-CRP≤3.2: 21% (estimated from MONARCH H2H)

Week 24 Monotherapy:
ACR20: 46% vs 19% pbo (Δ27%)
ACR20: 58% (from MONARCH H2H)
DAS28-CRP≤3.2: 24% (from MONARCH H2H)
",Equivalent,,,Rinvoq (upadacitinib) ,"Bio-Exp
Upadacitinib vs cDMARD in Biologic-IR at Wk 12
ACR50: 34% vs 12% cDMARD
ACR70: 12% vs 7% cDMARD
Inhibits/slows progression of structural damage 
(note at week 24 upadacitinib responses typically improve ~10%)
",Slightly Worse,,,,,,,,Publish,2024-11-18 15:00:00.000,2024-11-18 15:03:00.000
850,SAR441566,SAR441566_IND001,Safety & Warnings,Basic Safety profile,"No injection site reactions
Avoid black box warning from anti-TNF class
Potential for mechanistic studies, LTS data or RWE to show reduced infection risk and reduced exacerbation of autoimmune disease vs anti-TNF biologics due to TNFR2 sparing 
Warnings for infection risk may remain
",,,Humira (adalimumab),"Black Box Warning:
Increased risk of serious infections incl. TB, bacterial sepsis, invasive fungal infections and infections due to other opportunistic pathogens.
Malignancy:  Lymphoma and other malignancies, some fatal, have been reported in children and adolescent patients treated with TNF blockers
",Slightly Better,,,Rinvoq (upadacitinib) ,"Black Box Warning:
Increased risk of serious bacterial, fungal, viral, and opportunistic infections leading to hospitalization or death, including TB. 
Higher rate of all-cause mortality, including sudden cardiovascular death with another JAK inhibitor vs. TNF blockers in RA patients. 
Malignancies have occurred in patients treated with RINVOQ. Higher rate of lymphomas and lung cancers with another JAK inhibitor vs. TNF blockers in RA patients. 
Higher rate of MACE (defined as cardiovascular death, myocardial infarction, and stroke) with another JAK inhibitor vs. TNF blockers in RA patients. 
Thrombosis has occurred in patients treated with RINVOQ. Increased incidence of pulmonary embolism, venous and arterial thrombosis with another JAK inhibitor vs. TNF blockers. 
",Better,,,,,,,,Publish,2024-11-18 15:00:00.000,2024-11-18 15:03:00.000
851,SAR441566,SAR441566_IND004,Expected Indication,Indication,"Adults with moderately to severely active Crohn’s disease. 
",,,Humira (adalimumab),"Treatment of moderately to severely active Crohn’s disease in adults and pediatric patients 6 years of age and older.
",Slightly Worse,,,Rinvoq (upadacitinib) ,"Adults with moderately to severely active Crohn’s disease who have had an inadequate response or intolerance to one or more TNF blockers. 
",Slightly Better,,,,,,,,Publish,2024-11-18 15:12:00.000,2024-11-18 15:14:00.000
852,SAR441566,SAR441566_IND004,"Dosing, administration & device",Route of administration,"Oral Tablet
",,,Humira (adalimumab),"SC Q2W, PFS or PFP

",Slightly Better,,,Rinvoq (upadacitinib) ,"Oral tablet
",Equivalent,,,,,,,,Publish,2024-11-18 15:12:00.000,2024-11-18 15:14:00.000
853,SAR441566,SAR441566_IND004,"Dosing, administration & device",Dosage,"BID or QD
",,,Humira (adalimumab),"160mg 1st dose, 80mg 2nd dose, 40mg beyond",Slightly Better,,,Rinvoq (upadacitinib) ,"Induction: 45mg QD
Maintenance: 15mg QD (or 30mg if needed)",Equivalent,,,,,,,,Publish,2024-11-18 15:13:00.000,2024-11-18 15:14:00.000
854,SAR441566,SAR441566_IND004,"Dosing, administration & device",Patient Population/schedule,,,,Humira (adalimumab),,Slightly Better,,,Rinvoq (upadacitinib) ,,Equivalent,,,,,,,,Publish,2024-11-18 15:13:00.000,2024-11-18 15:14:00.000
855,SAR441566,SAR441566_IND004,"Dosing, administration & device",Primary Packaging (Device),,,,Humira (adalimumab),,Slightly Better,,,Rinvoq (upadacitinib) ,,Equivalent,,,,,,,,Publish,2024-11-18 15:13:00.000,2024-11-18 15:14:00.000
856,SAR441566,SAR441566_IND004,Efficacy,Endpoint / Claim 1,"Induction at Week 12
Naïve:
Endoscopic remission: 31% vs 10% PBO (Δ21%)
Endoscopic response: 42% vs 17% PBO (Δ25%)
Clinical remission: 45% vs 21% PBO (Δ24%)
Clinical response: 63% vs 39% PBO (Δ24%)
Bio-exp:
Endoscopic remission: 21% vs 5% PBO (Δ16%)
Endoscopic response: 28% vs 8% PBO (Δ20%)
Clinical remission: 30% vs 15% PBO (Δ15%)
Clinical response: 57% vs 35% PBO (Δ22%)
",,,Humira (adalimumab),"Induction at Week 4
In anti-TNF naïve (CLASSIC, PI trial 1):
Clinical  remission: 36% vs 12%  PBO (Δ24%)
Clinical response: 58% vs 34% PBO (Δ24%)

Infliximab-IR (GAIN, PI trial 2):
Clinical remission: 21% vs 7% PBO (Δ14%)
Clinical response: 52% vs 34% PBO (Δ18%)

Induction at Week 12
83% Bio-naïve/17% infliximab-IR (SERENE, SIR):
Endoscopic remission: 26.2%
Endoscopic response: 39.3%
Clinical remission: 51.5%
Clinical response: 74.8%
",Equivalent,,,Rinvoq (upadacitinib) ,"Patient Population: 55% bio-naïve / 45% bio-exp
Re-randomization induction responders to maintenance

Induction at Week 12:
Clinical Remission (CDAI): 46% vs 23% PBO (Δ23%)
Endoscopic Response: 46% vs 13% PBO (Δ33%)
Clinical Response: 64% vs 40% PBO (Δ24%)
",Slightly Worse,,,,,,,,Publish,2024-11-18 15:13:00.000,2024-11-18 15:14:00.000
857,SAR441566,SAR441566_IND004,Efficacy,Endpoint / Claim 2,"Maintenance at Week 52
Treat-through TBD, Naïve (50%) & Bio-exp (50%):
Endoscopic remission: 26% vs 8% PBO (Δ18%)
Endoscopic response: 35% vs 13% (Δ22%)
Clinical remission: 38% vs 18% PBO (Δ20%)
Clinical response: 60% vs 37% PBO (Δ23%)

No anti-drug antibodies, so potential to maintain efficacy over time.
",,,Humira (adalimumab),"Maintenance  
Week 56 Re-randomized (CHARM, PI trial 3):
Clinical remission: 36% vs 12% PBO (Δ24%)
Clinical response: 43% vs 18% PBO (Δ25%)

Week 52 Bio-naïve (SEAVUE):
Endoscopic remission: 31%
Endoscopic response: 37%

Patients may develop anti-drug antibodies leading to reduced efficacy over time. 
",Equivalent,,,Rinvoq (upadacitinib) ,"Maintenance at Week 52:
Clinical Remission1: 42%/55% vs 14% PBO (Δ28%/41%)
Endoscopic Response1: 28%/41% vs 7% PBO (Δ21%/34%)

1. 15mg / 30mg QD maintenance dosing
",Slightly Worse,,,,,,,,Publish,2024-11-18 15:13:00.000,2024-11-18 15:14:00.000
858,SAR441566,SAR441566_IND004,Safety & Warnings,Basic Safety profile,"No injection site reactions
Avoid black box warning from anti-TNF class
Potential for mechanistic studies, LTS data or RWE to show reduced infection risk and reduced exacerbation of autoimmune disease vs anti-TNF biologics due to TNFR2 sparing 
Warnings for infection risk may remain
",,,Humira (adalimumab),"Black Box Warning:
Increased risk of serious infections incl. TB, bacterial sepsis, invasive fungal infections and infections due to other opportunistic pathogens.
Malignancy:  Lymphoma and other malignancies, some fatal, have been reported in children and adolescent patients treated with TNF blockers
",Slightly Better,,,Rinvoq (upadacitinib) ,"Black box warning
Increased risk of serious infections including TB
Higher rate of all-cause mortality, including sudden CV death, higher rate of MACE, and increased incidence of PE and DVT with another JAK inhibitor vs. TNF blockers in RA patients
Malignances have occurred in pts treated with Rinvoq; higher rate of lymphomas and lung cancer with another JAK inhibitor vs. TNF blockers in RA
Thrombosis has occurred with Rinvoq
",Better,,,,,,,,Publish,2024-11-18 15:13:00.000,2024-11-18 15:14:00.000
859,SAR441566,SAR441566_IND002,Expected Indication,Indication,"Adults with moderately to severely active ulcerative colitis. 
",,,Humira (adalimumab),"Treatment of moderately to severely active ulcerative colitis in adults and pediatric patients 5 years of age and older.
",Slightly Worse,,,Velsipity (etrasimod) ,"Adults and adolescents with moderately to severely active ulcerative colitis. 
",Equivalent,,,,,,,,Publish,2024-11-18 15:34:00.000,2024-11-18 15:34:00.000
860,SAR441566,SAR441566_IND002,"Dosing, administration & device",Route of administration,"Oral Tablet

",,,Humira (adalimumab),"SC Q2W, PFS or PFP

",Slightly Better,,,Velsipity (etrasimod) ,"Oral Tablet

",Equivalent,,,,,,,,Publish,2024-11-18 15:34:00.000,2024-11-18 15:34:00.000
861,SAR441566,SAR441566_IND002,"Dosing, administration & device",Dosage,BID or QD,,,Humira (adalimumab),"160mg 1st dose, 80mg 2nd dose, 40mg beyond",Slightly Better,,,Velsipity (etrasimod) ,"Induction: 2 mg QD, Maintenance: 2 mg QD",Equivalent,,,,,,,,Publish,2024-11-18 15:34:00.000,2024-11-18 15:34:00.000
862,SAR441566,SAR441566_IND002,"Dosing, administration & device",Patient Population/schedule,,,,Humira (adalimumab),,Slightly Better,,,Velsipity (etrasimod) ,,Equivalent,,,,,,,,Publish,2024-11-18 15:34:00.000,2024-11-18 15:34:00.000
863,SAR441566,SAR441566_IND002,"Dosing, administration & device",Primary Packaging (Device),,,,Humira (adalimumab),,Slightly Better,,,Velsipity (etrasimod) ,,Equivalent,,,,,,,,Publish,2024-11-18 15:34:00.000,2024-11-18 15:34:00.000
864,SAR441566,SAR441566_IND002,Efficacy,Endpoint / Claim 1,"Induction 12 weeks
Naive:
Clinical remission 28% vs 10% PBO (Δ18%)1 
Clinical response 65% vs 30% PBO (Δ35%)1
Endoscopic response 30% vs 15% (Δ15%)
Bio-exp:
Clinical remission 18% vs 3% PBO (Δ15%)1
Clinical response 55% vs 25% PBO (Δ30%)1
Endoscopic response 20% vs 10% (Δ10%)
",,,Humira (adalimumab),"VARSITY (80% naïve / 20% bio-exp):
14 weeks
Clinical remission 36.3%1
Clinical response 59.3%1
52 weeks
Clinical remission 37.0%1
Clinical response 50.0%1

ULTRA 2: 
Induction 8 weeks
Clinical remission 16.5% vs 9.3% PBO (Δ7.2%)2
Clinical response 50% vs. 35% PBO (Δ15%)2
Mucosal healing 41% vs. 32% (Δ9%)
",Equivalent,,,Velsipity (etrasimod) ,"Ph3 ELEVATE (63% naïve / 37% bio-exp)
Induction 12 weeks
ELEVATE UC 12:
Clinical remission 25% vs 15% PBO (Δ9.7%)1 
ELEVATE UC 52:
Clinical remission 27.0% vs 7.4% PBO (Δ19.8%)1 

Clinical response 62.4% vs 34.1% PBO (Δ28.3%)1 
Endoscopic improvement 35.0% vs 14.1% (Δ20.9%)
",Slightly Better,,,,,,,,Publish,2024-11-18 15:34:00.000,2024-11-18 15:34:00.000
865,SAR441566,SAR441566_IND002,Efficacy,Endpoint / Claim 2,"Maintenance 52 weeks 
Treat-through TBD, Naïve (50%) & Bio-exp (50%):
Clinical remission 30% vs 14% PBO (Δ16%)1
Clinical response 50% vs 25% PBO (Δ25%)1
Endoscopic response 25% vs 15% (Δ10%)

No anti-drug antibodies, so potential to maintain efficacy over time.

1. Modified Mayo score (SFS, RBS, endoscopy) 
",,,Humira (adalimumab),"Maintenance 52 weeks (not responder adjusted)
Clinical remission 17.3% vs 8.5% PBO (Δ8.8%)2
Clinical response 30% vs. 18% PBO (Δ12%)2
Mucosal healing 25% vs. 15% (Δ10%)

Patients may develop anti-drug antibodies leading to reduced efficacy over time.
 
Partial Mayo score (SFS, RBS, PGA)
Total Mayo Score
",Equivalent,,,Velsipity (etrasimod) ,"Maintenance 52 weeks (not responder adjusted)
Clinical remission 32.1% vs 6.7% PBO (Δ25.4%)1
Clinical response 48.2% vs 23.0% PBO (Δ25.2%)1
Endoscopic improvement 37.2% vs 10.4% (Δ26.8%)
 
1. Modified Mayo score (SFS, RBS, endoscopy)
",Slightly Better,,,,,,,,Publish,2024-11-18 15:34:00.000,2024-11-18 15:35:00.000
866,SAR441566,SAR441566_IND002,Safety & Warnings,Basic Safety profile,"No injection site reactions
Avoid black box warning from anti-TNF class
Potential for mechanistic studies, LTS data or RWE to show reduced infection risk and reduced exacerbation of autoimmune disease vs anti-TNF biologics due to TNFR2 sparing 
Warnings for infection risk may remain
",,,Humira (adalimumab),"Black Box Warning:
Increased risk of serious infections incl. TB , bacterial sepsis, invasive fungal infections and infections due to other opportunistic pathogens.
Malignancy:  Lymphoma and other malignancies, some fatal, have been reported in children and adolescent patients treated with TNF blockers
",Slightly Better,,,Velsipity (etrasimod) ,"No black box warning, but warnings include:
First dose heart rate reduction and atrioventricular block
Respiratory tract infection, nasopharyngitis, anemia
Macular edema
Require baseline ECG and ocular exam prior to prescribing 
",Better,,,,,,,,Publish,2024-11-18 15:34:00.000,2024-11-18 15:35:00.000
867,SAR441566,SAR441566_IND005,Expected Indication,Indication,"Adult patients with active psoriatic arthritis.  
",,,Humira (adalimumab),"Reducing signs and symptoms, inhibiting the progression of structural damage, and improving physical function in adult patients with active psoriatic arthritis. 
",Equivalent,,,Otezla (apremilast) ,"Adult patients with active psoriatic arthritis.  
",Equivalent,,,,,,,,Publish,2024-11-18 15:47:00.000,2024-11-18 15:47:00.000
868,SAR441566,SAR441566_IND005,"Dosing, administration & device",Route of administration,"Oral Tablet

",,,Humira (adalimumab),"SC, PFS or PFP
",Slightly Better,,,Otezla (apremilast) ,"Oral Tablet

",Equivalent,,,,,,,,Publish,2024-11-18 15:47:00.000,2024-11-18 15:47:00.000
869,SAR441566,SAR441566_IND005,"Dosing, administration & device",Dosage,QD or BID,,,Humira (adalimumab),"40 mg Q2W
",Slightly Better,,,Otezla (apremilast) ,30mg BID (after 5-day titration),Equivalent,,,,,,,,Publish,2024-11-18 15:47:00.000,2024-11-18 15:48:00.000
870,SAR441566,SAR441566_IND005,"Dosing, administration & device",Patient Population/schedule,,,,Humira (adalimumab),,Slightly Better,,,Otezla (apremilast) ,,Equivalent,,,,,,,,Publish,2024-11-18 15:47:00.000,2024-11-18 15:48:00.000
871,SAR441566,SAR441566_IND005,"Dosing, administration & device",Primary Packaging (Device),,,,Humira (adalimumab),,Slightly Better,,,Otezla (apremilast) ,,Equivalent,,,,,,,,Publish,2024-11-18 15:47:00.000,2024-11-18 15:48:00.000
872,SAR441566,SAR441566_IND005,Efficacy,Endpoint / Claim 1,"Bio-naïve (w/w/o DMARD):
Wk12 ACR20: 65% vs 35% pbo (Δ30%)
Wk12 ACR50: 42% vs 10% pbo (Δ32%)
Wk12 ACR70: 24% vs 5% pbo (Δ19%)
Wk12 PASI-75: 53% vs 21% pbo (Δ32%)

Bio-exp (w/w/o DMARD):
Wk12 ACR20: 50% vs 25% pbo (Δ25%)

Mixed Pop (70% naïve / 30% bio-exp):
Wk12 ACR20: 60% vs 32% pbo (Δ28%)

No anti-drug antibodies, so potential to maintain efficacy over time.
",,,Humira (adalimumab),"Bio-naïve (w/w/o DMARD):
Recent 2021 adalimumab H2H vs upadacitinib:
80% on background DMARD at baseline
Wk12 ACR20: 65.0% vs 36.2% pbo (Δ29%)
Wk12 ACR50: 37.5 vs 13.2% pbo (Δ24%)
Wk12 ACR70: 13.8% vs 2.4% pbo (Δ11%)

Pivotal Ph3 studies:
50% on background MTX
ACR20: 
Week 12: 58% vs 14% pbo (Δ44%)
Week 24: 57% vs 15% pbo (Δ42%)
ACR50: 
Week 12: 36% vs 4% pbo (Δ32%)
Week 24: 39% vs 6% pbo (Δ33%)
ACR70: 
Week 12: 20% vs 1% pbo (Δ19%)
Week 24: 23% vs 1% pbo (Δ22%)
PASI-75 
Week 16: 53% vs 21% pbo (Δ32%)
",Equivalent,,,Otezla (apremilast) ,"Mixed pop (w/w/o DMARD):
At week 16 
ACR20: 
PALACE-1: 38% vs 19% pbo (Δ19%) 
PALACE-2: 32% vs 19% pbo (Δ13%)
PALACE-3: 41% vs 18% pbo (Δ23%)
ACR50: 
PALACE-1: 16% vs 6% pbo (Δ10%)
PALACE-2: 11% vs 5% pbo (Δ6%)
PALACE-3: 15% vs 8% pbo (Δ7%)
ACR70: 
PALACE-1: 4% vs 1% pbo (Δ3%)
PALACE-2: 1% vs 1% pbo (Δ0%)
PALACE-3: 4% vs 2% pbo (Δ2%)
PASI-75:
PALACE-2: 22% vs 3% pbo (Δ19%)
PALACE-3: 21% vs 8% pbo (Δ13%)
PALACE-1: 76% bio-naïve / 24% bio-exp
PALACE-2: 86% bio-naïve / 14% bio-exp
PALACE-3: 74% bio-naïve / 26% bio-exp
",Slightly Better,,,,,,,,Publish,2024-11-18 15:47:00.000,2024-11-18 15:48:00.000
873,SAR441566,SAR441566_IND005,Efficacy,Endpoint / Claim 2,,,,Humira (adalimumab),,Equivalent,,,Otezla (apremilast) ,,Slightly Better,,,,,,,,Publish,2024-11-18 15:47:00.000,2024-11-18 15:48:00.000
874,SAR441566,SAR441566_IND005,Safety & Warnings,Basic Safety profile,"No injection site reactions
Avoid black box warning from anti-TNF class
Potential for mechanistic studies, LTS data or RWE to show reduced infection risk and reduced exacerbation of autoimmune disease vs anti-TNF biologics due to TNFR2 sparing 
Warnings for infection risk may remain
",,,Humira (adalimumab),"Black Box Warning:
Increased risk of serious infections incl. TB , bacterial sepsis, invasive fungal infections and infections due to other opportunistic pathogens.
Malignancy:  Lymphoma and other malignancies, some fatal, have been reported in children and adolescent patients treated with TNF blockers
",Slightly Better,,,Otezla (apremilast) ,"Generally safe with no black box
Most common AEs are gastrointestinal: diarrhea, nausea, and vomiting
Titrated dosing to reduce risk of gastrointestinal symptoms
Other warnings include: upper respiratory tract infection, headaches, depression, weight decrease
DDIs with strong cytochrome P450 enzyme reduces
",Better,,,,,,,,Publish,2024-11-18 15:47:00.000,2024-11-18 15:48:00.000
875,SAR447873,SAR447873_IND001,Expected Indication,Indication,"Adult subjects with somatostatin receptor positive (SSTR) neuroendocrine tumors (NETs) with* or without prior history of peptide receptor radionuclide therapy (PRRT naïve or previous PRRT)
Note: * previous PRRT patients to be discussed for US filing.",,,,,,,,,,,,,,,,,,Draft,2024-11-19 11:00:00.000,2024-11-19 11:03:00.000
876,SAR447873,SAR447873_IND001,"Dosing, administration & device",Route of administration,"Intravenous (IV); 4 cycles of the targeted alpha-emitter therapy at 8-week intervals
",,,,,,,,,,,,,,,,,,Draft,2024-11-19 11:00:00.000,2024-11-19 11:03:00.000
877,SAR447873,SAR447873_IND001,"Dosing, administration & device",Dosage,,,,,,,,,,,,,,,,,,,Draft,2024-11-19 11:00:00.000,2024-11-19 11:03:00.000
878,SAR447873,SAR447873_IND001,"Dosing, administration & device",Patient Population/schedule,,,,,,,,,,,,,,,,,,,Draft,2024-11-19 11:00:00.000,2024-11-19 11:03:00.000
879,SAR447873,SAR447873_IND001,"Dosing, administration & device",Primary Packaging (Device),,,,,,,,,,,,,,,,,,,Draft,2024-11-19 11:00:00.000,2024-11-19 11:03:00.000
880,SAR447873,SAR447873_IND001,Efficacy,Endpoint / Claim 1,"ORR:
SSTR(+) NET, PRRT-naïve patients: 55% (28 out of 51, Phase I + Phase II)
SSTR(+) NET, PRRT-refractory patients: 50% (8 out of 16, Phase I + Phase II)
",,,,,,,,,,,,,,,,,,Draft,2024-11-19 11:00:00.000,2024-11-19 11:03:00.000
881,SAR447873,SAR447873_IND001,Efficacy,Endpoint / Claim 2,"PFS: 
SSTR(+) GEP-NET: 77% at 24 months
OS: results not yet available",,,,,,,,,,,,,,,,,,Draft,2024-11-19 11:00:00.000,2024-11-19 11:03:00.000
882,SAR447873,SAR447873_IND001,Safety & Warnings,Basic Safety profile,"Most frequent TRAE: nausea (83% Phase I, 72% Phase II), fatigue (67% Phase I, 64% Phase II), alopecia (100% Phase I, 56% Phase II), diarrhea (33% Phase I, 26% Phase II)
",,,,,,,,,,,,,,,,,,Draft,2024-11-19 11:00:00.000,2024-11-19 11:03:00.000
883,SAR445953,SAR445953_IND001,Expected Indication,Indication,"3L+ CRC : For the treatment of adult patients with metastatic colorectal cancer previously treated with fluoropyrimidine‑, oxaliplatin‑ and irinotecan‑based chemotherapy, an anti‑VEGF biological therapy, and if RAS wild type, an anti‑EGFR therapy. Pembro for MSI High (BRAFV600E – Encorafenib+cetuximab)",,,TAS102 + Beva (Sunlight,,Equivalent,,,,,,,,,,,,,Draft,2024-11-27 08:24:00.000,2024-11-27 08:26:00.000
884,SAR445953,SAR445953_IND001,"Dosing, administration & device",Route of administration,"SAR445953: TBD, IV, Q3W or Q2W in combination with beva
Bevacizumab​: IV, Q2W (Day 1 and Day 15)1
No Device
Diagnostic technology: N/A – No CDX",,,TAS102 + Beva (Sunlight,"TAS-102​ (Trifluridine/Tipiracil): Taken by mouth two times a day, 5 days on/2 days off, over 2 weeks, followed by a 14-day rest1
Bevacizumab​: IV, Q2W (Day 1 and Day 15) 1
Diagnostic technology: N/A",Slightly Better,,,,,,,,,,,,,Draft,2024-11-27 08:24:00.000,2024-11-27 08:26:00.000
885,SAR445953,SAR445953_IND001,"Dosing, administration & device",Dosage,,,,TAS102 + Beva (Sunlight,,Slightly Better,,,,,,,,,,,,,Draft,2024-11-27 08:24:00.000,2024-11-27 08:26:00.000
886,SAR445953,SAR445953_IND001,"Dosing, administration & device",Patient Population/schedule,,,,TAS102 + Beva (Sunlight,,Slightly Better,,,,,,,,,,,,,Draft,2024-11-27 08:24:00.000,2024-11-27 08:26:00.000
887,SAR445953,SAR445953_IND001,"Dosing, administration & device",Primary Packaging (Device),,,,TAS102 + Beva (Sunlight,,Slightly Better,,,,,,,,,,,,,Draft,2024-11-27 08:24:00.000,2024-11-27 08:26:00.000
888,SAR445953,SAR445953_IND001,Efficacy,Endpoint / Claim 1,15.4m (HR = 0.70 – 600pts – OS at 25.2m),,,TAS102 + Beva (Sunlight,"mOS 10.8m vs 7.5m^
[+3.3m increase in OS (HR=0.61)] ",Slightly Better,,,,,,,,,,,,,Draft,2024-11-27 08:24:00.000,2024-11-27 08:26:00.000
889,SAR445953,SAR445953_IND001,Efficacy,Endpoint / Claim 2,"mPFS 8.0m vs. 5.6m (HR=0.70)
ORR/ mDoR for AA : 35%+/6 mo

",,,TAS102 + Beva (Sunlight,"mPFS 5.6m vs 2.4 m (HR=0.44)
ORR =6%
",Slightly Better,,,,,,,,,,,,,Draft,2024-11-27 08:24:00.000,2024-11-27 08:26:00.000
890,SAR445953,SAR445953_IND001,Safety & Warnings,Basic Safety profile,"Gr3 neutropenia and febrile neutropenia: <10% 
Gr3 lymphopenia, anemia and thrombocytopenia: <10% 
Gr3 GI toxicity (e.g., diarrhea, vomiting): <10% [<5% for upside case] 
No Gr3 ILD
Monitor additional risks: colitis, genotoxicity, IRRs 
Discontinuation rate due to AEs: <20%

Patient reported burden on adverse events (notably on fatigue and asthenia which are key adverse events for TAS-102+beva and significantly impact Patient QoL in their daily living) to be measured by FACT GP5
",,,TAS102 + Beva (Sunlight,"TAS-102 + bev:  
Neutropenia :  52%
Infections/infestations: 8%
Anemia: 5%
Hypertension: 6% 
Fatigue: : 5%
Discontinuation rate due to AEs: 13%",Slightly Better,,,,,,,,,,,,,Draft,2024-11-27 08:24:00.000,2024-11-27 08:26:00.000
891,SP0218,SP0218_IND001,Expected Indication,Indication,Active immunization of individuals 9 M of age and older (>60 yrs) (Identical with SOC since vYF  is developed in a context of Life Cycle Management),,,YF-VAX,Active immunization of individuals 9 M of age and older (>60 yrs),Equivalent,,,,,,,,,,,,,Draft,2024-11-28 12:18:00.000,2025-01-30 17:29:00.000
892,SP0218,SP0218_IND001,"Dosing, administration & device",Route of administration,"1 single IM or SC dose of reconstituted lyophilized vaccine (0,5mL), with the same posology in all age groups. Re-vaccination not expected, except in certain conditions.",,,YF-VAX,"1 single IM or SC dose of reconstituted vaccine (0,5mL), with the same posology in all age gro",Slightly Better,,,,,,,,,,,,,Draft,2024-11-28 12:18:00.000,2025-01-30 17:30:00.000
893,SP0218,SP0218_IND001,"Dosing, administration & device",Dosage,"Multidose: 10d vials + 10d solvent bottle-pack​

Unidose: 1D vial + diluent PFS LLR (2 needles)",,,YF-VAX,vial presentation ,Slightly Better,,,,,,,,,,,,,Draft,2024-11-28 12:18:00.000,2025-01-30 17:30:00.000
894,SP0218,SP0218_IND001,"Dosing, administration & device",Patient Population/schedule,,,,YF-VAX,,Slightly Better,,,,,,,,,,,,,Draft,2024-11-28 12:18:00.000,2025-01-30 17:30:00.000
895,SP0218,SP0218_IND001,"Dosing, administration & device",Primary Packaging (Device),,,,YF-VAX,,Slightly Better,,,,,,,,,,,,,Draft,2024-11-28 12:18:00.000,2025-01-30 17:30:00.000
896,SP0218,SP0218_IND001,Efficacy,Endpoint / Claim 1,Non inferior immunogenicity to Stamaril & YF-Vax: seroprotection and seroconversion rates at D28 in YF naïve population,,,YF-VAX,seroconversion rate was greater than 91% in all but two studies and never lower than 81%. There were no significant age-related differences in immunogenicity.,Equivalent,,,,,,,,,,,,,Draft,2024-11-28 12:18:00.000,2025-01-30 17:30:00.000
897,SP0218,SP0218_IND001,Efficacy,Endpoint / Claim 2,Duration of protection is expected to be at least 10 years and may be life long,,,YF-VAX,"For most healthy individuals, a single dose of yellow fever vaccine provides long-lasting protection. ",Equivalent,,,,,,,,,,,,,Draft,2024-11-28 12:18:00.000,2025-01-30 17:30:00.000
898,SP0218,SP0218_IND001,Safety & Warnings,Basic Safety profile,"Similar safety profile to SoC including warnings (eg, YEL-AVD and YEL-AND) ​

​
Same Contraindications except for CI in individuals with a history of severe allergic reaction to eggs or chicken proteins (as no more relevant: not produced on eggs)",,,YF-VAX,"Safety profile : well tolerated​

Warnings: severe allergic reactions, YEL-AVD & YEL-AND​

​

​Contraindication for individuals with a history of severe allergic reaction to eggs or chicken protein due to the production in eggs",Slightly Better,,,,,,,,,,,,,Draft,2024-11-28 12:18:00.000,2025-01-30 17:30:00.000
899,SAR444671,SAR444671_IND002,Expected Indication,Indication,Treatment of adults with immune thrombocytopenia (ITP) who have had an insufficient response to a previous treatment .,,,"TPO-RAs (Promacta & Nplate, 2008 launch)","Promacta/Nplate: Treatment of thrombocytopenia in adult and pediatric patients 1 year and older with chronic ITP who have had an insufficient response to corticosteroids, immunoglobulins, or splenectomy.",Slightly Worse,,,"Tavalisse (Syk inhibitor, 2018 launch)",Treatment of thrombocytopenia in adult patients with chronic ITP who have had an insufficient response to a previous treatment.,Equivalent,,,,,,,,Publish,2024-11-29 15:26:00.000,2024-11-29 16:35:00.000
900,SAR444671,SAR444671_IND002,"Dosing, administration & device",Route of administration,Oral,,,"TPO-RAs (Promacta & Nplate, 2008 launch)","Promacta: Oral
Nplate: SC injection ",Slightly Better,,,"Tavalisse (Syk inhibitor, 2018 launch)",Oral,Equivalent,,,,,,,,Publish,2024-11-29 15:26:00.000,2024-11-29 16:35:00.000
901,SAR444671,SAR444671_IND002,"Dosing, administration & device",Dosage,"400mg BID
No dietary restrictions",,,"TPO-RAs (Promacta & Nplate, 2008 launch)","Promacta: Initiate at 50mg/25mg (>6 years/1-5 years) QD; adjust dose based on platelet response; dietary restrictions
Nplate: Initiate at 1 mcg/kg QW as a SC injection in-office; adjust dose based on platelet response",Slightly Better,,,"Tavalisse (Syk inhibitor, 2018 launch)","Initiate at 100mg BID; adjust to 150mg BID after a month if platelet count has not reached ≥50k/µL
Discontinue after 12 weeks of treatment if platelet count does not increase to a level sufficient to avoid clinically important bleeding",Equivalent,,,,,,,,Publish,2024-11-29 15:26:00.000,2024-11-29 16:35:00.000
902,SAR444671,SAR444671_IND002,"Dosing, administration & device",Patient Population/schedule,,,,"TPO-RAs (Promacta & Nplate, 2008 launch)",,Slightly Better,,,"Tavalisse (Syk inhibitor, 2018 launch)",,Equivalent,,,,,,,,Publish,2024-11-29 15:27:00.000,2024-11-29 16:35:00.000
903,SAR444671,SAR444671_IND002,"Dosing, administration & device",Primary Packaging (Device),,,,"TPO-RAs (Promacta & Nplate, 2008 launch)",,Slightly Better,,,"Tavalisse (Syk inhibitor, 2018 launch)",,Equivalent,,,,,,,,Publish,2024-11-29 15:27:00.000,2024-11-29 16:35:00.000
904,SAR444671,SAR444671_IND002,Efficacy,Endpoint / Claim 1,"- Durable response (proportion of patients 
  able to achieve platelet counts ≥50k/μL for 
  ≥ two-thirds of at least 8 non-missing 
  weekly scheduled platelet measurements 
  during the last 12 weeks of the 24-week 
  blinded treatment period, provided that at 
  least 2 non-missing weekly scheduled 
  platelet measurements are ≥50k/μL during 
  the last 6 weeks of the 24-week blinded 
  treatment period in the absence of rescue 
  therapy*): 25% vs. ≤ 5% on pbo.
- Consistent response either as a 
  monotherapy or in combination with 
  another ITP agent and consistent response 
  irrespective of the response/no response to 
  a prior ITP treatment.",,,"TPO-RAs (Promacta & Nplate, 2008 launch)","- Promacta durable response (plt count 
  >50,000/μL for 6 out of last 8 weeks of 26- 
  week treatment period in absence of 
  rescue medication):
     - Non-splenectomized: 44% (51% vs 7% 
       on pbo)
     - Splenectomized: 35% (40% vs 5% on 
        pbo)
- Nplate durable response (weekly platelet 
  count ≥50,000/μL for any 6 of the last 8 
  weeks of the 24-week treatment period in 
  the absence of rescue medication): 
     - Non-splenectomized: 56% (61% vs 5% 
       on pbo)
     - Splenectomized: 38% (38% vs 0% on 
       pbo)",Slightly Worse,,,"Tavalisse (Syk inhibitor, 2018 launch)",Durable response (defined as platelets ≥50k/µL for ≥4 out of 6 biweekly visits during weeks 14-24 of treatment without rescue therapy): 17% vs 2% on pbo,Slightly Better,,,,,,,,Publish,2024-11-29 15:27:00.000,2024-11-29 16:36:00.000
905,SAR444671,SAR444671_IND002,Efficacy,Endpoint / Claim 2,"- In responders, median %  of weeks 
  ≥50k/uL or between 30k/uL and 50k/uL 
  and double from baseline over 24-week 
  period without rescue therapy: 75% vs. ≤ 
  20% in the placebo group 
- Median time to first response (≥50k/uL OR 
  ≥ 30k/µL and <50k/µL and doubled from 
  baseline​ without rescue therapy): 10 days
- % of patients achieved a clinically 
  meaningful response (≥30k/uL) by day 8: 
  50% vs. ≤ 5% on pbo
- ≥40% reduction in rescue therapy use",,,"TPO-RAs (Promacta & Nplate, 2008 launch)","Promacta overall response (plt count >50,000/μL at day 43):  
- Study 1: 59% vs 16% on placebo
- Study 2: 70% vs 11% on placebo",Slightly Worse,,,"Tavalisse (Syk inhibitor, 2018 launch)","- Overall response rate of 43% (defined as 
   achieving ≥1 platelet count of ≥50k/µL 
   during the first 3 months/12 weeks 
   without need for rescue treatment vs 14% 
   for PBO
- Time to initial response: median of 15 days
- 15% reduction in rescue therapy use",Slightly Better,,,,,,,,Publish,2024-11-29 15:27:00.000,2024-11-29 16:36:00.000
906,SAR444671,SAR444671_IND002,Safety & Warnings,Basic Safety profile,"- Grade 1/2  TEASEs with most common being nausea, diarrhea, abdominal distension, and fatigue
- No treatment related bleeding or thrombotic events
- No B cell depletion (low risk of infection)
",,,"TPO-RAs (Promacta & Nplate, 2008 launch)","- Promacta: black box warning for hepatotoxicity – monthly monitoring of LFTs; 
   thrombotic/thromboembolic complications; cataracts; must be taken 1h before / 2h after meal
- Nplate: thrombotic/thromboembolic complications
",Slightly Better,,,"Tavalisse (Syk inhibitor, 2018 launch)","- Hypertension (known SYKi adverse effect)
- Neutropenia (6% of patients)
- Diarrhea (31% of patients)
- Monitoring the ANC monthly, and for infection during treatment required",Slightly Better,,,,,,,,Publish,2024-11-29 15:27:00.000,2024-11-29 16:36:00.000
907,SAR444671,SAR444671_IND008,Expected Indication,Indication,"Adult patients with primary WAIHA (Label likely will indicate for those “who have failed at least 1 prior treatment”)
",,,Rituxan (marketed),"Not indicated for WAIHA 
Frequently used off-label after failure of 1L steroids",Better,,,Ianalumab (projected launch 2028; no data available to date/TPP #s are ‘best guess’ efficacy*),"Adults with primary and secondary WAIHA who have failed at least 1 prior treatment
",Slightly Worse,,,,,,,,Publish,2024-11-29 15:47:00.000,2024-11-29 16:29:00.000
908,SAR444671,SAR444671_IND008,"Dosing, administration & device",Route of administration,Oral,,,Rituxan (marketed),IV,Equivalent,,,Ianalumab (projected launch 2028; no data available to date/TPP #s are ‘best guess’ efficacy*),IV,Equivalent,,,,,,,,Publish,2024-11-29 15:48:00.000,2024-11-29 16:29:00.000
909,SAR444671,SAR444671_IND008,"Dosing, administration & device",Dosage,400mg BID,,,Rituxan (marketed),375 mg/m2,Equivalent,,,Ianalumab (projected launch 2028; no data available to date/TPP #s are ‘best guess’ efficacy*),"Q4W, low dose (3mg/kg?) and high dose (9mg/kg?) ",Equivalent,,,,,,,,Publish,2024-11-29 15:48:00.000,2024-11-29 16:29:00.000
910,SAR444671,SAR444671_IND008,"Dosing, administration & device",Patient Population/schedule,Chronically ,,,Rituxan (marketed),for 4 consecutive weeks,Equivalent,,,Ianalumab (projected launch 2028; no data available to date/TPP #s are ‘best guess’ efficacy*),for 6 months (duration tbc),Equivalent,,,,,,,,Publish,2024-11-29 15:48:00.000,2024-11-29 16:29:00.000
911,SAR444671,SAR444671_IND008,"Dosing, administration & device",Primary Packaging (Device),,,,Rituxan (marketed),,Equivalent,,,Ianalumab (projected launch 2028; no data available to date/TPP #s are ‘best guess’ efficacy*),,Equivalent,,,,,,,,Publish,2024-11-29 15:48:00.000,2024-11-29 16:30:00.000
912,SAR444671,SAR444671_IND008,Efficacy,Endpoint / Claim 1,"~45% durable response rate with rilza vs 10% for placebo during 24-week treatment period
",,,Rituxan (marketed),~68% complete response rate with rituximab+CS vs 31% for placebo+CS during 1 year of treatment period among newly diagnosed patients1,Equivalent,,,Ianalumab (projected launch 2028; no data available to date/TPP #s are ‘best guess’ efficacy*),40% (estimated) durable response rate with Ianalumab vs  5% for placebo at week 25,Equivalent,,,,,,,,Publish,2024-11-29 15:48:00.000,2024-11-29 16:30:00.000
913,SAR444671,SAR444671_IND008,Efficacy,Endpoint / Claim 2,"- ≥55% overall response rate with rilza 
  versus 15% in placebo arms
- Significant reduction in a marker of 
  hemolysis 
- 40% of Hb assessments exhibit a Hb 
  response during the 24-wks treatment 
  period
- FACIT-Fatigue clinically meaningful 
  improvement (threshold will be described 
  during phase 3)
- FACIT-Dyspnea clinically meaningful 
  improvement (threshold will be described 
  during phase 3)",,,Rituxan (marketed),75% overall response rate at 1 year in Rituxan+CS arm versus 31% in placebo+CS arm among newly diagnosed patients in Ph 3 RCT,Equivalent,,,Ianalumab (projected launch 2028; no data available to date/TPP #s are ‘best guess’ efficacy*),"- 55% (estimated) overall response rate 
  versus 15% placebo response rate
- Duration of response 
- Time to response expected to be 3 weeks 
  to 1 month
- Patient reported outcomes (SF-36, total 
  score PROMIS-Fatigue 13a) ",Equivalent,,,,,,,,Publish,2024-11-29 15:48:00.000,2024-11-29 16:30:00.000
914,SAR444671,SAR444671_IND008,Safety & Warnings,Basic Safety profile,"- Some Grade 1-2 AEs; no severe AEs
- Most common TEAEs include nausea, diarrhea, abdominal distension, and fatigue
",,,Rituxan (marketed),"Generally well-tolerated but boxed warning for infusion reactions, severe mucocutaneous reactions, Hep B virus reactivation, and PML Neutropenia secondary hypogammaglobinemia may rarely occur",Slightly Better,,,Ianalumab (projected launch 2028; no data available to date/TPP #s are ‘best guess’ efficacy*),"- Infections (~50%  mild or moderate, ~3% serious related)
- Leukopenia and neutropenia 
- Systemic injection-related reactions (~9%)
- Local injection site reaction (~53%)",Slightly Better,,,,,,,,Publish,2024-11-29 15:48:00.000,2024-11-29 16:30:00.000
915,SAR444671,SAR444671_IND009,Expected Indication,Indication,"Indicated for the treatment of sickle cell disease in adults and adolescents (>12 years old); 4-11 years old 3 years after launch 
<5 y.o. LCM (TBC)
",,,Adakveo Novartis (crizanlizumab - P-selectin Inh. )Marketed: 20219 US; 2020 EUU,"ADAKVEO® (crizanlizumab-tmca) is indicated to reduce the frequency of vaso-occlusive crises (VOCs) in adults and pediatric patients, aged 16 years and older, with sickle cell disease
EU: CHMP recommended revocation of approval in May 2023
",Slightly Better,,,Oxbryta Pfizer  (voxelotor . HbS-Inhibitor) Marketed: 2019 US; 2022 EU; withdrawn ,"OXBRYTA is a hemoglobin S polymerization inhibitor indicated for the treatment of sickle cell disease in adults and pediatric patients 4 years of age and older (12y+: 2019,  4-11Y: Dec 2021). In 2024 Pfizer voluntarily withdrew all lots of OXBRYTA in all markets. ",Equivalent,,,,,,,,Publish,2024-11-29 16:16:00.000,2024-11-29 16:23:00.000
916,SAR444671,SAR444671_IND009,"Dosing, administration & device",Route of administration,Oral,,,Adakveo Novartis (crizanlizumab - P-selectin Inh. )Marketed: 20219 US; 2020 EUU,Intravenous infusion ,Slightly Better,,,Oxbryta Pfizer  (voxelotor . HbS-Inhibitor) Marketed: 2019 US; 2022 EU; withdrawn ,Oral,Equivalent,,,,,,,,Publish,2024-11-29 16:16:00.000,2024-11-29 16:23:00.000
917,SAR444671,SAR444671_IND009,"Dosing, administration & device",Dosage,400mg BID,,,Adakveo Novartis (crizanlizumab - P-selectin Inh. )Marketed: 20219 US; 2020 EUU,"IV infusion on Week 0, Week 2, and every 4 weeks thereafter, 10mg/ml",Slightly Better,,,Oxbryta Pfizer  (voxelotor . HbS-Inhibitor) Marketed: 2019 US; 2022 EU; withdrawn ,"QD (500mg, 300mg)
For ages 4 to <12, body weight dosing",Equivalent,,,,,,,,Publish,2024-11-29 16:16:00.000,2024-11-29 16:23:00.000
918,SAR444671,SAR444671_IND009,"Dosing, administration & device",Patient Population/schedule,Chronically,,,Adakveo Novartis (crizanlizumab - P-selectin Inh. )Marketed: 20219 US; 2020 EUU,,Slightly Better,,,Oxbryta Pfizer  (voxelotor . HbS-Inhibitor) Marketed: 2019 US; 2022 EU; withdrawn ,,Equivalent,,,,,,,,Publish,2024-11-29 16:16:00.000,2024-11-29 16:23:00.000
919,SAR444671,SAR444671_IND009,"Dosing, administration & device",Primary Packaging (Device),,,,Adakveo Novartis (crizanlizumab - P-selectin Inh. )Marketed: 20219 US; 2020 EUU,,Slightly Better,,,Oxbryta Pfizer  (voxelotor . HbS-Inhibitor) Marketed: 2019 US; 2022 EU; withdrawn ,,Equivalent,,,,,,,,Publish,2024-11-29 16:16:00.000,2024-11-29 16:23:00.000
920,SAR444671,SAR444671_IND009,Efficacy,Endpoint / Claim 1,"- 45% reduction in annualized rate of clinical 
  VOCs compared to placebo 
AND
- 40% of patients had a rise of hemoglobin of 
  more than 1 g/dL (vs 7-10% of the patients 
  taking placebo)
",,,Adakveo Novartis (crizanlizumab - P-selectin Inh. )Marketed: 20219 US; 2020 EUU,"- Based on Ph2 study result: 45% reduction 
  in  annual rate of VOCs vs. placebo (1.63 vs. 
  2.98
- Negative STAND Ph3 study – no 
  statistically significant difference in VOC vs 
  placebo
- No significant effect on Hb level and  
  hemolytic variables ",Slightly Better,,,Oxbryta Pfizer  (voxelotor . HbS-Inhibitor) Marketed: 2019 US; 2022 EU; withdrawn ,"- 51% of patients (enrolled in the trial) had a 
  rise in Hb of more than 1 g/dL (vs 7% of 
  the patients taking placebo) *
- No significant reduction on VOCs 
4-11 y.o.:
- 36% of all Oxbryta patients who enrolled in 
  the trial saw a rise of more than 1g/dL",Equivalent,,,,,,,,Publish,2024-11-29 16:16:00.000,2024-11-29 16:23:00.000
921,SAR444671,SAR444671_IND009,Efficacy,Endpoint / Claim 2,"- Reduction of ER visits and hospitalizations
- Delay in median time to first and second 
   VOC
- Annualized rate of non-clinical (home- 
   managed) VOCs
- Reduction in analgesics and opioid drugs 
   use related to VOCs
- Improvement in QoL (fatigue)
",,,Adakveo Novartis (crizanlizumab - P-selectin Inh. )Marketed: 20219 US; 2020 EUU,"- 42% reduction in annual rate of days 
  hospitalized over the 1-year
- 36% of patients did not experience a VOC 
  compared to 17% of placebo-treated 
  patients
- The median time to first VOC was 4.1 
  months in the ADAKVEO arm compared to 
  1.4 months in the placebo",Slightly Better,,,Oxbryta Pfizer  (voxelotor . HbS-Inhibitor) Marketed: 2019 US; 2022 EU; withdrawn ,"42% of patients saw a rise of more than 1.5 g/dL (vs 3% of the patients taking placebo).
27% of patients saw a rise of more than 2 g/dL (vs 1% of the patients taking placebo).
Improvement in markers of hemolysis ",Equivalent,,,,,,,,Publish,2024-11-29 16:16:00.000,2024-11-29 16:23:00.000
922,SAR444671,SAR444671_IND009,Safety & Warnings,Basic Safety profile,"- Grade 1/2  TEAEs with most common being nausea, diarrhea, abdominal distension, and fatigue
- No treatment related bleeding or thrombotic events
- No B cell depletion (low risk of infection)

Assumption: In children (< 6 y.o.) potential increased risk of infection 
",,,Adakveo Novartis (crizanlizumab - P-selectin Inh. )Marketed: 20219 US; 2020 EUU,"- Infusion-related reactions
- Clinically relevant adverse reactions (all grades) that were reported in <10% of patients treated 
  with ADAKVEO included: oropharyngeal pain, diarrhea, vomiting, pruritus (pruritus and 
  vulvovaginal pruritus), musculoskeletal chest pain, myalgia, infusion-site reaction (infusion-site 
  extravasation, infusion-site pain, and infusion-site swelling), and infusion-related reactions",Equivalent,,,Oxbryta Pfizer  (voxelotor . HbS-Inhibitor) Marketed: 2019 US; 2022 EU; withdrawn ,"- Serious allergic reactions. 
- The most common side effects: • headache • diarrhea • stomach-area (abdominal) pain • 
  nausea • rash or hives • fever 
- The most common side effects in children ages 4 to less than 12 years of age include: • fever • 
  vomiting • rash • stomach-area (abdominal) pain • diarrhea • headache 
",Equivalent,,,,,,,,Publish,2024-11-29 16:16:00.000,2024-11-29 16:23:00.000
923,SAR443765,SAR443765_IND001,Expected Indication,Indication,"Add-on maintenance treatment
of adult and pediatric patients aged 12 years and older with severe asthma
",,,Tezspire (tezepelumab) (anti-TSLP),"Add-on maintenance treatment
of adult and pediatric patients aged 12 years and older with severe asthma
",Equivalent,,,,"Add-on maintenance treatment in patients with moderate-to-severe asthma aged 6 years and older with an eosinophilic phenotype or with oral corticosteroid dependent asthma. (US Label)
",Slightly Better,,,,,,,,Draft,2024-12-04 12:19:00.000,2025-01-20 12:52:00.000
924,SAR443765,SAR443765_IND001,"Dosing, administration & device",Route of administration,"SC, autoinjector and PFS
Q4W (or less frequent)
",,,Tezspire (tezepelumab) (anti-TSLP),"Subcutaneous PFS (autoinjector in dev)
",Equivalent,,,,"Subcutaneous (PFS autoinjector)
",Better,,,,,,,,Draft,2024-12-04 12:19:00.000,2025-01-20 12:52:00.000
925,SAR443765,SAR443765_IND001,"Dosing, administration & device",Dosage,,,,Tezspire (tezepelumab) (anti-TSLP),Q4W ,Equivalent,,,,Q2W,Better,,,,,,,,Draft,2024-12-04 12:19:00.000,2025-01-20 12:52:00.000
926,SAR443765,SAR443765_IND001,"Dosing, administration & device",Patient Population/schedule,,,,Tezspire (tezepelumab) (anti-TSLP),,Equivalent,,,,,Better,,,,,,,,Draft,2024-12-04 12:19:00.000,2025-01-20 12:52:00.000
927,SAR443765,SAR443765_IND001,"Dosing, administration & device",Primary Packaging (Device),,,,Tezspire (tezepelumab) (anti-TSLP),,Equivalent,,,,,Better,,,,,,,,Draft,2024-12-04 12:19:00.000,2025-01-20 12:52:00.000
928,SAR443765,SAR443765_IND001,Efficacy,Endpoint / Claim 1,"Reduction of AAER at 52 weeks 
Overall: 70% reduction vs pbo in the annualized rate of severe exacerbations
≥ 300 cells/µL: 80% reduction
< 300 cells/mL: 60% reduction
<150 cells/µL: 50%  reduction
",,,Tezspire (tezepelumab) (anti-TSLP),"Overall: 56% reduction in annualized asthma exacerbation rate 
≥ 300 cells/µL: 70% reduction
< 300 cells/µL: 41% reduction
≥ 150 cells/mL: 61% reduction
<150 cells/µL: 39% reduction
",Slightly Better,,,,"46% reduction in the annualized rate of severe exacerbations 

≥ 300 cells/ µL: 67% reduction
150 – 300 cells / µL: 44% reduction
<150 cells/ µL: no stat. sign. reduction
",Better,,,,,,,,Draft,2024-12-04 12:19:00.000,2025-01-20 12:52:00.000
929,SAR443765,SAR443765_IND001,Efficacy,Endpoint / Claim 2,"Improvement at 52 weeks
Overall:  170mL improvement on lung function (FEV1) from baseline
≥ 300 cells/µL: 250mL
< 300 cells/mL: 120mL  
<150 cells/µL: 50mL 
",,,Tezspire (tezepelumab) (anti-TSLP),"Overall:  130mL improvement on lung function (FEV1) from baseline
≥ 300 cells/µL: 230mL
< 300 cells/mL: 70mL  
≥ 150 cells/mL: 170mL
<150 cells/ µL: 30mL 
",Slightly Better,,,,"Overall: 130 mL improvement on lung function (FEV1) from baseline

≥ 300 cells/ µL: 240 mL
150 – 300 cells / µL: 0 mL
<150 cells/ µL: 90 mL
",Better,,,,,,,,Draft,2024-12-04 12:19:00.000,2025-01-20 12:52:00.000
930,SAR443765,SAR443765_IND001,Safety & Warnings,Basic Safety profile,"No boxed warnings
Well tolerated with no increased infections
",,,Tezspire (tezepelumab) (anti-TSLP),"No boxed warnings
Well tolerated with no increased infections
",Slightly Better,,,,"No box warning
Transient mild to moderate blood eosinophil elevation
",Slightly Better,,,,,,,,Draft,2024-12-04 12:19:00.000,2025-01-20 12:53:00.000
931,SP0275,SP0275_IND001,Expected Indication,Indication,,,,,,,,,,,,,,,,,,,Draft,2024-12-09 11:25:00.000,2024-12-09 11:26:00.000
932,SP0275,SP0275_IND001,"Dosing, administration & device",Route of administration,,,,,,,,,,,,,,,,,,,Draft,2024-12-09 11:25:00.000,2024-12-09 11:26:00.000
933,SP0275,SP0275_IND001,"Dosing, administration & device",Dosage,,,,,,,,,,,,,,,,,,,Draft,2024-12-09 11:25:00.000,2024-12-09 11:26:00.000
934,SP0275,SP0275_IND001,"Dosing, administration & device",Patient Population/schedule,,,,,,,,,,,,,,,,,,,Draft,2024-12-09 11:25:00.000,2024-12-09 11:26:00.000
935,SP0275,SP0275_IND001,"Dosing, administration & device",Primary Packaging (Device),,,,,,,,,,,,,,,,,,,Draft,2024-12-09 11:25:00.000,2024-12-09 11:26:00.000
936,SP0275,SP0275_IND001,Efficacy,Endpoint / Claim 1,,,,,,,,,,,,,,,,,,,Draft,2024-12-09 11:25:00.000,2024-12-09 11:26:00.000
937,SP0275,SP0275_IND001,Efficacy,Endpoint / Claim 2,,,,,,,,,,,,,,,,,,,Draft,2024-12-09 11:25:00.000,2024-12-09 11:25:00.000
938,SP0275,SP0275_IND001,Safety & Warnings,Basic Safety profile,,,,,,,,,,,,,,,,,,,Draft,2024-12-09 11:25:00.000,2024-12-09 11:25:00.000
939,LC81277,LC81277_IND001,Expected Indication,Indication,<p>For the treatment of patients with unresectable or metastatic GPC3+ HCC as determined by an FDA-approved test who have not received prior systemic therapy&nbsp;</p>,,,atezolizumab + bevacizumab,For the treatment of patients with unresectable or metastatic HCC who have not received prior systemic therapy,Equivalent,,,Durvalumab + tremelimumab  ,"For the treatment of adult patients with unresectable hepatocellular carcinoma (uHCC)
",Equivalent,,,,,,,,Publish,2024-12-12 10:05:00.000,2026-01-12 13:58:00.000
940,LC81277,LC81277_IND001,"Dosing, administration & device",Route of administration,<ul><li>GPC3: IV and/or SC</li><li>CDX for GPC3 IHC expression</li></ul>,,,atezolizumab + bevacizumab,<p>IV and/or SC</p>,Equivalent,,,Durvalumab + tremelimumab  ,<p>IV</p>,Equivalent,,,,,,,,Publish,2024-12-12 10:05:00.000,2026-01-12 13:58:00.000
941,LC81277,LC81277_IND001,"Dosing, administration & device",Dosage,dosing TBD,,,atezolizumab + bevacizumab,<p>Q3W</p>,Equivalent,,,Durvalumab + tremelimumab  ,<p>Q4W</p>,Equivalent,,,,,,,,Publish,2024-12-12 10:05:00.000,2026-01-12 13:58:00.000
942,LC81277,LC81277_IND001,"Dosing, administration & device",Patient Population/schedule,"CDX for GPC3 IHC Expression
",,,atezolizumab + bevacizumab,,Equivalent,,,Durvalumab + tremelimumab  ,,Equivalent,,,,,,,,Publish,2024-12-12 10:05:00.000,2026-01-12 13:58:00.000
943,LC81277,LC81277_IND001,"Dosing, administration & device",Primary Packaging (Device),,,,atezolizumab + bevacizumab,,Equivalent,,,Durvalumab + tremelimumab  ,,Equivalent,,,,,,,,Publish,2024-12-12 10:05:00.000,2026-01-12 13:58:00.000
944,LC81277,LC81277_IND001,Efficacy,Endpoint / Claim 1,<p>median overall survival (mOS) 32.6 mo (HR=0.7)</p>,,,atezolizumab + bevacizumab,"mOS 22.8 mo
",Better,,,Durvalumab + tremelimumab  ,"mOS16.4 mo
",Better,,,,,,,,Publish,2024-12-12 10:05:00.000,2026-01-12 13:58:00.000
945,LC81277,LC81277_IND001,Efficacy,Endpoint / Claim 2,<ul><li>median PFS (mPFS) 9.7 mo (HR=0.7)</li><li>ORR/median DoR (mDOR) : TBD</li></ul>,,,atezolizumab + bevacizumab,<ul><li>median PFS (mPFS) 6.8 mo</li><li>ORR mDoR : 28%</li></ul>,Better,,,Durvalumab + tremelimumab  ,<ul><li>median PFS (mPFS) 3.8 mo ORR</li><li>mDoR : 20.1%</li></ul>,Better,,,,,,,,Publish,2024-12-12 10:05:00.000,2026-01-12 13:58:00.000
946,LC81277,LC81277_IND001,Safety & Warnings,Basic Safety profile,"Manageable safety profile, comparable to SOC and matching benefit profile
",,,atezolizumab + bevacizumab,"irAEs, hypertension & proteinuria
",Equivalent,,,Durvalumab + tremelimumab  ,"irAEs, diarrhea
",Equivalent,,,,,,,,Publish,2024-12-12 10:05:00.000,2026-01-12 13:58:00.000
947,LC81424,LC81424_IND001,Expected Indication,Indication,Treatment of moderate to severe hidradenitis suppurativa in adult patients.,,,"Cosentyx (secukinumab) - anti-IL-17A, sc",Treatment of moderate to severe hidradenitis suppurativa in adult patients.,Equivalent,,,Remibrutinib - oral BTKi,Treatment of moderate to severe hidradenitis suppurativa in adult patients.,Equivalent,,,,,,,,Publish,2024-12-13 16:09:00.000,2025-04-02 13:27:00.000
948,LC81424,LC81424_IND001,"Dosing, administration & device",Route of administration,Oral,,,"Cosentyx (secukinumab) - anti-IL-17A, sc",SC,Slightly Better,,,Remibrutinib - oral BTKi,Oral,Equivalent,,,,,,,,Publish,2024-12-13 16:09:00.000,2025-04-02 13:27:00.000
949,LC81424,LC81424_IND001,"Dosing, administration & device",Dosage,once daily,,,"Cosentyx (secukinumab) - anti-IL-17A, sc",300mg Q4W (after QW for first 4 wks),Slightly Better,,,Remibrutinib - oral BTKi,"BID, 25mg or 100mg",Equivalent,,,,,,,,Publish,2024-12-13 16:09:00.000,2025-04-02 13:27:00.000
950,LC81424,LC81424_IND001,"Dosing, administration & device",Patient Population/schedule,,,,"Cosentyx (secukinumab) - anti-IL-17A, sc",,Slightly Better,,,Remibrutinib - oral BTKi,,Equivalent,,,,,,,,Publish,2024-12-13 16:09:00.000,2025-04-02 13:27:00.000
951,LC81424,LC81424_IND001,"Dosing, administration & device",Primary Packaging (Device),,,,"Cosentyx (secukinumab) - anti-IL-17A, sc",PFS or PFP,Slightly Better,,,Remibrutinib - oral BTKi,tablet,Equivalent,,,,,,,,Publish,2024-12-13 16:09:00.000,2025-04-02 13:27:00.000
952,LC81424,LC81424_IND001,Efficacy,Endpoint / Claim 1,"Week 16 (mixed population):
<br> • HISCR50: 50% vs 30% PBO (∆20%)
<br> • HISCR75: 30% vs 15% PBO (∆15%)

IHS4 score improvement (driven more by tunnels and might show higher potential
for IL17A in addition to small molecule size).

Potential for increased durability of response due to no ADAs.",,,"Cosentyx (secukinumab) - anti-IL-17A, sc","Week 16:
<br> • SUNSHINE: HiSCR50: Q2W vs.
41.8% Q4W vs. 33.7% PBO (∆11.3% Q2W and ∆8.1% Q4W)
<br> • SUNRISE: HiSCR50: 42.3% Q2W vs. 46.1 % Q4W vs. 31.2 % PBO (∆11.1% Q2W and ∆14.9% Q4W)

<br> HiSCR75 scores not reported
<br> 
<br> Durability of response: 76-84% of responders at wk 16 remained responders at wk 52",Slightly Better,,,Remibrutinib - oral BTKi,"Week 16:
<br> • HISCR50 [1]: 70% vs 33% PBO (∆37%)
<br> • HISCR50 [2]: 49% vs 33% PBO (∆16%)
<br> Avg of two arms: ∆27%
<br> 
<br> • HISCR75 [1]: 42% vs 18% PBO (∆24%)
<br> • HISCR75 [2]: 27% vs 18% PBO (∆9%)
<br> Avg of two arms: ∆17%
<br> 
<br> Based on Ph2 umbrella study: [1] 25mg BID arm; [2] 100mg BID arm",Equivalent,,,,,,,,Publish,2024-12-13 16:09:00.000,2025-04-02 13:27:00.000
953,LC81424,LC81424_IND001,Efficacy,Endpoint / Claim 2,,,,"Cosentyx (secukinumab) - anti-IL-17A, sc",,Slightly Better,,,Remibrutinib - oral BTKi,,Equivalent,,,,,,,,Publish,2024-12-13 16:09:00.000,2025-04-02 13:27:00.000
954,LC81424,LC81424_IND001,Safety & Warnings,Basic Safety profile,"• No box warning
<br> • No injection site reactions
<br> • Warnings include infections
<br> • Caution when prescribing to IBD patients",,,"Cosentyx (secukinumab) - anti-IL-17A, sc","• No box warning
<br> • Warnings include serious infections, tuberculosis, hypersensitivity reactions
<br> • Precautions include avoiding use of live vaccines and caution when prescribing to IBD patients
<br> • Most common AEs include nasopharyngitis, diarrhea, upper respiratory tract infection",Slightly Better,,,Remibrutinib - oral BTKi,"• No box warning 
<br> • Well tolerated
<br> • TBC blood pressure abnormalities, cytopenia, infections",Slightly Better,,,,,,,,Publish,2024-12-13 16:09:00.000,2025-04-02 13:27:00.000
955,SP0275,SP0275_IND001,Expected Indication,Indication,"Improvement of glycemic control in adults with type 2 diabetes, as a complement to standard of care treatments​

Clinical improvement of periodontitis in adults with type 2 diabetes

(note: updates on the TPP are ongoing)",,,Metformin,Improvement of glycemic control in adults with type 2 diabetes,Equivalent,,,,,,,,,,,,,Draft,2024-12-17 10:48:00.000,2024-12-17 10:52:00.000
956,SP0275,SP0275_IND001,"Dosing, administration & device",Route of administration,"Intramuscular ​
Presentation: 1 kit containing a vial of lyophilized antigen + a prefilled syringe containing diluent​",,,Metformin,,Slightly Better,,,,,,,,,,,,,Draft,2024-12-17 10:48:00.000,2024-12-17 10:52:00.000
957,SP0275,SP0275_IND001,"Dosing, administration & device",Dosage,"Primary vaccination (1 or 2 doses injected at 0/2 months) + annual injection,",,,Metformin,Daily medication,Slightly Better,,,,,,,,,,,,,Draft,2024-12-17 10:48:00.000,2024-12-17 10:52:00.000
958,SP0275,SP0275_IND001,"Dosing, administration & device",Patient Population/schedule,,,,Metformin,,Slightly Better,,,,,,,,,,,,,Draft,2024-12-17 10:48:00.000,2024-12-17 10:52:00.000
959,SP0275,SP0275_IND001,"Dosing, administration & device",Primary Packaging (Device),,,,Metformin,,Slightly Better,,,,,,,,,,,,,Draft,2024-12-17 10:48:00.000,2024-12-17 10:52:00.000
960,SP0275,SP0275_IND001,Efficacy,Endpoint / Claim 1,"Reduction of -0.5/-0.7% over 12 months in HbA1c level vs. metformin (+/- other OAD) alone​

Reduction of -0.5% over 12 months in HbA1c level vs. GLP-1 (+/- OAD) alone​

Other endpoints (to be further refined): % of patients reaching HbA1c target <7%, glucose time in range (CGM), reduction of systemic inflammation (CRP), reduction of insulin resistance",,,Metformin,"- P. gingivalis vaccine will be a complement to SoC treatment and is expected to bring additional HbA1c reduction
- ~ -1 %",Slightly Better,,,,,,,,,,,,,Draft,2024-12-17 10:48:00.000,2024-12-17 10:52:00.000
961,SP0275,SP0275_IND001,Efficacy,Endpoint / Claim 2,"Reduction of 0.7mm of pocket depth over 12 months​

Other endpoints (to be further refined): reduction of bleeding-on-probing, reduction of the risk of subsequent treatment, reduction of the risk to lose teeth",,,Metformin,No improvement on oral health,Slightly Better,,,,,,,,,,,,,Draft,2024-12-17 10:48:00.000,2024-12-17 10:52:00.000
962,SP0275,SP0275_IND001,Safety & Warnings,Basic Safety profile,"- No risk of interaction with other T2D treatments​

- Limited adverse reactions risks",,,Metformin,Very limited,Slightly Better,,,,,,,,,,,,,Draft,2024-12-17 10:48:00.000,2024-12-17 10:52:00.000
963,SP0275,SP0275_IND001,Expected Indication,Indication,"Improvement of glycemic control in adults with type 2 diabetes, as a complement to standard of care treatments​

Clinical improvement of periodontitis in adults with type 2 diabetes

(note: updates on the TPP are ongoing)",,,Metformin,Improvement of glycemic control in adults with type 2 diabetes,Equivalent,,,GLP1,Improvement of glycemic control in adults with type 2 diabetes,Equivalent,,,,,,,,Publish,2024-12-17 10:55:00.000,2024-12-17 11:06:00.000
964,SP0275,SP0275_IND001,"Dosing, administration & device",Route of administration,"Intramuscular ​
Presentation: 1 kit containing a vial of lyophilized antigen + a prefilled syringe containing diluent​",,,Metformin,,Slightly Better,,,GLP1,,Slightly Better,,,,,,,,Publish,2024-12-17 10:55:00.000,2024-12-17 11:06:00.000
965,SP0275,SP0275_IND001,"Dosing, administration & device",Dosage,"Primary vaccination (1 or 2 doses injected at 0/2 months) + annual injection,",,,Metformin,Daily medication,Slightly Better,,,GLP1,Daily or weekly medication or injection,Slightly Better,,,,,,,,Publish,2024-12-17 10:55:00.000,2024-12-17 11:06:00.000
966,SP0275,SP0275_IND001,"Dosing, administration & device",Patient Population/schedule,,,,Metformin,,Slightly Better,,,GLP1,,Slightly Better,,,,,,,,Publish,2024-12-17 10:55:00.000,2024-12-17 11:06:00.000
967,SP0275,SP0275_IND001,"Dosing, administration & device",Primary Packaging (Device),,,,Metformin,,Slightly Better,,,GLP1,,Slightly Better,,,,,,,,Publish,2024-12-17 10:55:00.000,2024-12-17 11:06:00.000
968,SP0275,SP0275_IND001,Efficacy,Endpoint / Claim 1,"Reduction of -0.5/-0.7% over 12 months in HbA1c level vs. metformin (+/- other OAD) alone​

Reduction of -0.5% over 12 months in HbA1c level vs. GLP-1 (+/- OAD) alone​

Other endpoints (to be further refined): % of patients reaching HbA1c target <7%, glucose time in range (CGM), reduction of systemic inflammation (CRP), reduction of insulin resistance",,,Metformin,"- P. gingivalis vaccine will be a complement to SoC treatment and is expected to bring additional HbA1c reduction
- ~ -1 %",Slightly Better,,,GLP1,"- P. gingivalis vaccine will be a complement to SoC treatment and is expected to bring additional HbA1c reduction
- Up to -2 %",Slightly Better,,,,,,,,Publish,2024-12-17 10:55:00.000,2024-12-17 11:06:00.000
969,SP0275,SP0275_IND001,Efficacy,Endpoint / Claim 2,"Reduction of 0.7mm of pocket depth over 12 months​

Other endpoints (to be further refined): reduction of bleeding-on-probing, reduction of the risk of subsequent treatment, reduction of the risk to lose teeth",,,Metformin,No improvement on oral health,Slightly Better,,,GLP1,No improvement on oral health,Slightly Better,,,,,,,,Publish,2024-12-17 10:55:00.000,2024-12-17 11:06:00.000
970,SP0275,SP0275_IND001,Safety & Warnings,Basic Safety profile,"- No risk of interaction with other T2D treatments​

- Limited adverse reactions risks",,,Metformin,Very limited,Slightly Better,,,GLP1,"Some side effects (nausea, vomiting, diarrhea)",Slightly Better,,,,,,,,Publish,2024-12-17 10:55:00.000,2024-12-17 11:07:00.000
971,SP0087,SP0087_IND001,Expected Indication,Indication,"- Pre-exposure and Post-exposure : all ages 
- SoC approved schedules and according to national recos (at registration or post licensure)
",,,[Verorab / Imovax],"- Pre-exposure and Post-exposure : all ages 
",Equivalent,,,,,,,,,,,,,Publish,2024-12-17 11:01:00.000,2024-12-17 11:04:00.000
972,SP0087,SP0087_IND001,"Dosing, administration & device",Route of administration,"Intra-muscular (0.5ml) and Intradermal (0.1ml) - (US - Intra-muscular only)
",,,[Verorab / Imovax],"Intra-muscular (0.5ml) and Intradermal (0.1ml) - (US - Intra-muscular only)
",Equivalent,,,,,,,,,,,,,Publish,2024-12-17 11:01:00.000,2024-12-17 11:04:00.000
973,SP0087,SP0087_IND001,"Dosing, administration & device",Dosage,"Freeze dried vaccine in conventional LYO form 
",,,[Verorab / Imovax],"Freeze dried vaccine in conventional LYO form 
",Equivalent,,,,,,,,,,,,,Publish,2024-12-17 11:01:00.000,2024-12-17 11:04:00.000
974,SP0087,SP0087_IND001,"Dosing, administration & device",Patient Population/schedule,"Pre-exposure and Post-exposure : all ages 
SoC approved schedules and according to national recos (at registration or post licensure)
",,,[Verorab / Imovax],"Pre-exposure and Post-exposure : all ages 
SoC approved schedules and according to national recos (at registration or post licensure)",Equivalent,,,,,,,,,,,,,Publish,2024-12-17 11:01:00.000,2024-12-17 11:04:00.000
975,SP0087,SP0087_IND001,"Dosing, administration & device",Primary Packaging (Device),"Monopack compact box - 1V_1D + PFS LLR (+ 2 needles apart) 
Monopack with blister (up to first year after launch) 
Multipack compact box - 10 X1V_1D + PFS LLR (no needle)
",,,[Verorab / Imovax],,Equivalent,,,,,,,,,,,,,Publish,2024-12-17 11:01:00.000,2024-12-17 11:04:00.000
976,SP0087,SP0087_IND001,Efficacy,Endpoint / Claim 1,"Non inferior immune response (RVNA ≥ 0.5 IU/mL) to Verorab and Imovax Rabies for PrEP (2d & 3d IM) & PEP (4/5d Essen IM)
",,,[Verorab / Imovax],"- 2-dose PrEP: 96.5% of subjects with an RVNA titer ≥ 0.5 IU/mL 
- 3-dose PrEP: 99% of subjects with an RVNA titer ≥ 0.5 IU/mL 
- PEP: 99% of subjects with an RVNA titer ≥ 0.5 IU/mL 
",Equivalent,,,,,,,,,,,,,Publish,2024-12-17 11:01:00.000,2024-12-17 11:04:00.000
977,SP0087,SP0087_IND001,Efficacy,Endpoint / Claim 2,"Similar immune response to Verorab and Imovax Rabies for other PrEP/PEP & ID regimens (descriptive data or extrapolation)  
",,,[Verorab / Imovax],"- PEP Zagreb regimen: ≥95% of subjects with an RVNA titer ≥ 0.5 IU/mL at D35
- PEP ID: ≥95% of subjects with an RVNA titer ≥ 0.5 IU/mL at D14
",Equivalent,,,,,,,,,,,,,Publish,2024-12-17 11:01:00.000,2024-12-17 11:04:00.000
978,SP0087,SP0087_IND001,Safety & Warnings,Basic Safety profile,"Similar safety profile to Verorab & Imovax Rabies
",,,[Verorab / Imovax],"Mostly mild reactions which resolve spontaneously within 3 days.
",Equivalent,,,,,,,,,,,,,Publish,2024-12-17 11:01:00.000,2024-12-17 11:04:00.000
979,SAR447189,SAR447189_IND001,Expected Indication,Indication,"Indicated for the treatment of patients with moderately to severely active Ulcerative Colitis
",,,Tulisokibart,"Indicated for the treatment of patients with moderately to severely active Ulcerative Colitis
",Equivalent,,,,,,,,,,,,,Publish,2024-12-17 22:25:00.000,2024-12-17 22:37:00.000
980,SAR447189,SAR447189_IND001,"Dosing, administration & device",Route of administration,"SC
",,,Tulisokibart,"IV Loading Dose: Yes – Specifics TBD
Induction: Yes – Specifics TBD
Maintenance: Single SubQ AI Q4W
",Slightly Better,,,,,,,,,,,,,Publish,2024-12-17 22:25:00.000,2024-12-17 22:37:00.000
981,SAR447189,SAR447189_IND001,"Dosing, administration & device",Dosage," Loading Dose: 2,250mg (equiv)
Induction: Single SubQ AI Q2W for 12W
Maintenance: Single SubQ AI Q4W (<450mg)",,,Tulisokibart,"IV Loading Dose: Yes – Specifics TBD
Induction: Yes – Specifics TBD
Maintenance: Single SubQ AI Q4W
",Slightly Better,,,,,,,,,,,,,Publish,2024-12-17 22:25:00.000,2024-12-17 22:37:00.000
982,SAR447189,SAR447189_IND001,"Dosing, administration & device",Patient Population/schedule,,,,Tulisokibart,,Slightly Better,,,,,,,,,,,,,Publish,2024-12-17 22:25:00.000,2024-12-17 22:37:00.000
983,SAR447189,SAR447189_IND001,"Dosing, administration & device",Primary Packaging (Device),,,,Tulisokibart,,Slightly Better,,,,,,,,,,,,,Publish,2024-12-17 22:25:00.000,2024-12-17 22:37:00.000
984,SAR447189,SAR447189_IND001,Efficacy,Endpoint / Claim 1,"Primary Endpoint at 14 wks:
Clin Rem: ∆20-255%; 28-33% v. 8% (Pbo) 

",,,Tulisokibart,"Primary Endpoint at 12 wks:
Clin Rem: ∆25%; 27% v. 2% (Pbo) 
",Equivalent,,,,,,,,,,,,,Publish,2024-12-17 22:25:00.000,2024-12-17 22:37:00.000
985,SAR447189,SAR447189_IND001,Efficacy,Endpoint / Claim 2,"Secondary Endpoint at 14 wks:
Endo Imp.: ∆25-30%; 37-422% v. 12% (Pbo)",,,Tulisokibart,"Secondary Endpoint at 12 wks:
Endo Imp.: ∆31%; 37% v. 6% (Pbo)
Clin. Resp.: ∆44%; 66% v. 22% (Pbo",Equivalent,,,,,,,,,,,,,Publish,2024-12-17 22:26:00.000,2024-12-17 22:38:00.000
986,SAR447189,SAR447189_IND001,Safety & Warnings,Basic Safety profile,"Similar safety profile, including SAEs, to other TL1As
No black box warning
No monitoring
Mild side effects
",,,Tulisokibart,,Equivalent,,,,,,,,,,,,,Publish,2024-12-17 22:26:00.000,2024-12-17 22:38:00.000
987,SP0230,SP0230_IND004,Expected Indication,Indication,"Active immunization of individuals against invasive meningococcal disease caused by N. meningitidis serogroups A, B, C, W and Y.
US:       Primary: 6wks- 55 yrs of age, with 10 – 40y for launch; Secondary : > 55yrs
EU:       Primary: ≥ 6wks of age; RoW:    Secondary : ≥ 6wks of age
",,,,"Active immunization against invasive meningococcal disease caused by N. meningitidis  serogroups A, B, C, W and Y.
US: 2m - 40yrs or or ≥2m of age
EMA & RoW: ≥2 months of age
",Equivalent,,,,,,,,,,,,,Draft,2024-12-19 10:13:00.000,2024-12-19 10:13:00.000
988,SP0230,SP0230_IND004,"Dosing, administration & device",Route of administration,intra muscular,,,,,,,,,,,,,,,,,,Draft,2024-12-19 10:13:00.000,2024-12-19 10:13:00.000
989,SP0230,SP0230_IND004,"Dosing, administration & device",Dosage,to be defined (based on PhII data),,,,,,,,,,,,,,,,,,Draft,2024-12-19 10:13:00.000,2024-12-19 10:13:00.000
990,SP0230,SP0230_IND004,"Dosing, administration & device",Patient Population/schedule,"adolescent/adults [2 P (2 doses Penta)] at interval of 6 months in ACWY naïve & vaccinated. Infants/toddlers 6wks – 23m: [2P +1P] series (2m,4m & 12m or 3m,5m & 12m)
Children 2-10yrs: [2 P] at interval of 6 months
",,,,,,,,,,,,,,,,,,Draft,2024-12-19 10:13:00.000,2024-12-19 10:13:00.000
991,SP0230,SP0230_IND004,"Dosing, administration & device",Primary Packaging (Device),"0.5 mL improved fully-liquid luer-lok PFS; Packaging 100% cardboard,
",,,,,,,,,,,,,,,,,,Draft,2024-12-19 10:13:00.000,2024-12-19 10:13:00.000
992,SP0230,SP0230_IND004,Efficacy,Endpoint / Claim 1,Non-inferiority of hSBA seroresponse to MenQuadfi and competitor MenPenta for ACWY & B components. Enhanced MenC response vs. competitor MenPenta. ,,,,,,,,,,,,,,,,,,Draft,2024-12-19 10:13:00.000,2024-12-19 10:13:00.000
993,SP0230,SP0230_IND004,Efficacy,Endpoint / Claim 2,"Mix of hSBA (including a) large panel ≥110 strains; b) 13 additional strains in PhIII trials) and non-functional assay (MATS-like) data
",,,,,,,,,,,,,,,,,,Draft,2024-12-19 10:13:00.000,2024-12-19 10:13:00.000
994,SP0230,SP0230_IND004,Safety & Warnings,Basic Safety profile,"Safety & tolerability comparable to SoC. 
Co-administration data comparable to SoC
",,,,,,,,,,,,,,,,,,Draft,2024-12-19 10:13:00.000,2024-12-19 10:13:00.000
995,SP0230,SP0230_IND004,Expected Indication,Indication,"Active immunization of individuals against invasive meningococcal disease caused by N. meningitidis serogroups A, B, C, W and Y.
US:       Primary: 6wks- 55 yrs of age, with 10 – 40y for launch; Secondary : > 55yrs
EU:       Primary: ≥ 6wks of age; RoW:    Secondary : ≥ 6wks of age
",,,GSK MenPenta 1st. Gen. (Menveo + Bexsero) ,"Active immunization against invasive meningococcal disease caused by N. meningitidis  serogroups A, B, C, W and Y.
US: 2m - 40yrs or or ≥2m of age
EMA & RoW: ≥2 months of age
",Equivalent,,,,,,,,,,,,,Publish,2024-12-19 10:20:00.000,2024-12-19 10:24:00.000
996,SP0230,SP0230_IND004,"Dosing, administration & device",Route of administration,intra muscular,,,GSK MenPenta 1st. Gen. (Menveo + Bexsero) ,intra muscular,Slightly Better,,,,,,,,,,,,,Publish,2024-12-19 10:20:00.000,2024-12-19 10:24:00.000
997,SP0230,SP0230_IND004,"Dosing, administration & device",Dosage,to be defined (based on PhII data),,,GSK MenPenta 1st. Gen. (Menveo + Bexsero) ,50µg fhBP B; 50 µgNHBA; 50 µgNadA; 25µg dOMV,Slightly Better,,,,,,,,,,,,,Publish,2024-12-19 10:20:00.000,2024-12-19 10:24:00.000
998,SP0230,SP0230_IND004,"Dosing, administration & device",Patient Population/schedule,"adolescent/adults [2 P (2 doses Penta)] at interval of 6 months in ACWY naïve & vaccinated. Infants/toddlers 6wks – 23m: [2P +1P] series (2m,4m & 12m or 3m,5m & 12m)
Children 2-10yrs: [2 P] at interval of 6 months
",,,GSK MenPenta 1st. Gen. (Menveo + Bexsero) ,"Adolescents / adults: priming: 2 doses Penta at interval of 6 months; boost: 1 dose Penta (e.g., after 3 – 4 years). 

Infants & toddlers: GSK testing: [2 P + 1 P] @ 2,4 & 12m but could switch to [2B + 1P].  
Children 2-10yrs: Assume [2 P]  at interval of 6 months
",Slightly Better,,,,,,,,,,,,,Publish,2024-12-19 10:21:00.000,2024-12-19 10:24:00.000
999,SP0230,SP0230_IND004,"Dosing, administration & device",Primary Packaging (Device),"0.5 mL improved fully-liquid luer-lok PFS; Packaging 100% cardboard,
",,,GSK MenPenta 1st. Gen. (Menveo + Bexsero) ,"Lyophilised powder for reconstitution, diluent in PFS, IM inj.
",Slightly Better,,,,,,,,,,,,,Publish,2024-12-19 10:21:00.000,2024-12-19 10:24:00.000
1000,SP0230,SP0230_IND004,Efficacy,Endpoint / Claim 1,Non-inferiority of hSBA seroresponse to MenQuadfi and competitor MenPenta for ACWY & B components. Enhanced MenC response vs. competitor MenPenta. ,,,GSK MenPenta 1st. Gen. (Menveo + Bexsero) ,"Non-inferiority of hSBA seroresponse to Menveo for ACWY components and to Bexsero for B components.

RWE Bexsero V.E. peds UK: 60% VE vs all MenB disease
Persistence: Assume 4 years as for Menveo & Bexsero
",Slightly Better,,,,,,,,,,,,,Publish,2024-12-19 10:21:00.000,2024-12-19 10:24:00.000
1001,SP0230,SP0230_IND004,Efficacy,Endpoint / Claim 2,"Mix of hSBA (including a) large panel ≥110 strains; b) 13 additional strains in PhIII trials) and non-functional assay (MATS-like) data
",,,GSK MenPenta 1st. Gen. (Menveo + Bexsero) ,"Predicted coverage of circulating MenB strains by non-functional MATS assay: EU 66 - 89%; US ~90%
110-strain large panel hSBA data for MenB component
",Slightly Better,,,,,,,,,,,,,Publish,2024-12-19 10:21:00.000,2024-12-19 10:24:00.000
1002,SP0230,SP0230_IND004,Safety & Warnings,Basic Safety profile,"Safety & tolerability comparable to SoC. 
Co-administration data comparable to SoC
",,,GSK MenPenta 1st. Gen. (Menveo + Bexsero) ,"Favorable tolerability and co-admin profile.  Assumed Fever in <2yr & pain at injection site in ados due to Bexsero MenB component
Extensive co-administration data
",Equivalent,,,,,,,,,,,,,Publish,2024-12-19 10:21:00.000,2024-12-19 10:24:00.000
1003,SP0230,SP0230_IND004,Expected Indication,Indication,"Active immunization of individuals against invasive meningococcal disease caused by N. meningitidis serogroups A, B, C, W and Y.
US:       Primary: 6wks- 55 yrs of age, with 10 – 40y for launch; Secondary : > 55yrs
EU:       Primary: ≥ 6wks of age; RoW:    Secondary : ≥ 6wks of age
",,,GSK MenPenta,"Active immunization against invasive meningococcal disease caused by N. meningitidis  serogroups A, B, C, W and Y.
US: 2m - 40yrs or or ≥2m of age
EMA & RoW: ≥2 months of age
",Equivalent,,,,,,,,,,,,,Publish,2024-12-19 10:49:00.000,2025-01-16 17:11:00.000
1004,SP0230,SP0230_IND004,"Dosing, administration & device",Route of administration,intra muscular,,,GSK MenPenta,intra muscular,Slightly Better,,,,,,,,,,,,,Publish,2024-12-19 10:49:00.000,2025-01-16 17:11:00.000
1005,SP0230,SP0230_IND004,"Dosing, administration & device",Dosage,to be defined (based on PhII data),,,GSK MenPenta,improved MenB component compared to Bexero+Menveo,Slightly Better,,,,,,,,,,,,,Publish,2024-12-19 10:50:00.000,2025-01-16 17:12:00.000
1006,SP0230,SP0230_IND004,"Dosing, administration & device",Patient Population/schedule,"adolescent/adults [2 P (2 doses Penta)] at interval of 6 months in ACWY naïve & vaccinated. Infants/toddlers 6wks – 23m: [2P +1P] series (2m,4m & 12m or 3m,5m & 12m)
Children 2-10yrs: [2 P] at interval of 6 months
","Adolescents/ adults: same schedule, shorter interval ≥1m

Interchangeability: Upside. Target early PoC & move to BaseCase; data @licensure
In Toddlers primed with competitor MenB. 
As 1st dose in ados, with 2nd B dose  <1y later w/ competitor B valence ",,GSK MenPenta,"Adolescents / adults: priming: 2 doses Penta at interval of 6 months; boost: 1 dose Penta (e.g., after 3 – 4 years). 

Infants & toddlers: GSK testing: [2 P + 1 P] @ 2,4 & 12m but could switch to [2B + 1P].  
Children 2-10yrs: Assume [2 P]  at interval of 6 months
",Slightly Better,,,,,,,,,,,,,Publish,2024-12-19 10:50:00.000,2025-01-16 17:12:00.000
1007,SP0230,SP0230_IND004,"Dosing, administration & device",Primary Packaging (Device),"0.5 mL improved fully-liquid luer-lok PFS; Packaging 100% cardboard,
Shelf life = 36mo same as SOC",Shelf life = 48 months,,GSK MenPenta,"Lyophilised powder for reconstitution, diluent in PFS, IM inj.
",Slightly Better,,,,,,,,,,,,,Publish,2024-12-19 10:50:00.000,2025-01-16 17:12:00.000
1008,SP0230,SP0230_IND004,Efficacy,Endpoint / Claim 1,Non-inferiority of hSBA seroresponse to MenQuadfi and competitor MenPenta for ACWY & B components. Enhanced MenC response vs. competitor MenPenta. ," Improved ACWY responses vs. competitor MenPenta

Persistence:  improved hSBA titre persistence
",,GSK MenPenta,"Non-inferiority of hSBA seroresponse to Menveo for ACWY components and to Bexsero for B components.

RWE Bexsero V.E. peds UK: 60% VE vs all MenB disease
Persistence: Assume 4 years as for Menveo & Bexsero
",Slightly Better,,,,,,,,,,,,,Publish,2024-12-19 10:50:00.000,2025-01-16 17:12:00.000
1009,SP0230,SP0230_IND004,Efficacy,Endpoint / Claim 2,"Mix of hSBA (including a) large panel ≥110 strains; b) 13 additional strains in PhIII trials) and non-functional assay (MATS-like) data
",,,GSK MenPenta,"Predicted coverage of circulating MenB strains by non-functional MATS assay: EU 66 - 89%; US ~90%
110-strain large panel hSBA data for MenB component
",Slightly Better,,,,,,,,,,,,,Publish,2024-12-19 10:50:00.000,2025-01-16 17:12:00.000
1010,SP0230,SP0230_IND004,Safety & Warnings,Basic Safety profile,"Safety & tolerability comparable to SoC. 
Co-administration data comparable to SoC
",Improved tolerability compared to SoC,,GSK MenPenta,"Favorable tolerability and co-admin profile.  Assumed Fever in <2yr & pain at injection site in ados due to Bexsero MenB component
Extensive co-administration data
",Equivalent,,,,,,,,,,,,,Publish,2024-12-19 10:50:00.000,2025-01-16 17:12:00.000
1011,SAR447432,SAR447432_IND001,Expected Indication,Indication,"Treatment of moderate to severe hidradenitis suppurativa in adult patients. 
",,,Cosentyx (secukinumab),"Treatment of moderate to severe hidradenitis suppurativa in adult patients. 
",Equivalent,,,,,,,,,,,,,Publish,2025-01-10 22:00:00.000,2025-01-10 22:02:00.000
1012,SAR447432,SAR447432_IND001,"Dosing, administration & device",Route of administration,Oral Tablet,,,Cosentyx (secukinumab),"SC, PFS or PFP
",Slightly Better,,,,,,,,,,,,,Publish,2025-01-10 22:00:00.000,2025-01-10 22:02:00.000
1013,SAR447432,SAR447432_IND001,"Dosing, administration & device",Dosage,TBD,,,Cosentyx (secukinumab),300mg  ,Slightly Better,,,,,,,,,,,,,Publish,2025-01-10 22:01:00.000,2025-01-10 22:02:00.000
1014,SAR447432,SAR447432_IND001,"Dosing, administration & device",Patient Population/schedule,QD,,,Cosentyx (secukinumab),Q4W,Slightly Better,,,,,,,,,,,,,Publish,2025-01-10 22:01:00.000,2025-01-10 22:02:00.000
1015,SAR447432,SAR447432_IND001,"Dosing, administration & device",Primary Packaging (Device),,,,Cosentyx (secukinumab),,Slightly Better,,,,,,,,,,,,,Publish,2025-01-10 22:01:00.000,2025-01-10 22:02:00.000
1016,SAR447432,SAR447432_IND001,Efficacy,Endpoint / Claim 1,"Week 16 (mixed population):
HISCR50: 50% vs 30% PBO (∆20%)
HISCR75: 30% vs 15% PBO (∆15%)
IHS4 score improvement (driven more by tunnels and might show higher potential for IL17A in addition to small molecule size). 

Potential for increased durability of response due to no ADAs. 
",,,Cosentyx (secukinumab),"Week 16:
SUNSHINE: HiSCR50: 45.0% Q2W vs. 41.8% Q4W vs. 33.7% PBO (∆11.3% Q2W and ∆8.1% Q4W)
SUNRISE: HiSCR50 42.3% Q2W vs. 46.1% Q4W vs. 31.2% PBO (∆11.1% Q2W and ∆14.9% Q4W)

HiSCR75 scores not reported

Durability of response: 76-84% of responders at wk 16 remained responders at wk 52 
",Slightly Better,,,,,,,,,,,,,Publish,2025-01-10 22:01:00.000,2025-01-10 22:03:00.000
1017,SAR447432,SAR447432_IND001,Efficacy,Endpoint / Claim 2,,,,Cosentyx (secukinumab),,Slightly Better,,,,,,,,,,,,,Publish,2025-01-10 22:01:00.000,2025-01-10 22:03:00.000
1018,SAR447432,SAR447432_IND001,Safety & Warnings,Basic Safety profile,"No box warning
No injection site reactions
Warnings include infections
Caution when prescribing to IBD patients",,,Cosentyx (secukinumab),"No box warning
Warnings include serious infections, tuberculosis, hypersensitivity reactions
Precautions include avoiding use of live vaccines and caution when prescribing to IBD patients
Most common AEs include nasopharyngitis, diarrhea, upper respiratory tract infection 
",Slightly Better,,,,,,,,,,,,,Publish,2025-01-10 22:01:00.000,2025-01-10 22:03:00.000
1019,SAR443765,SAR443765_IND005,Expected Indication,Indication,"Add-on maintenance treatment of adult and pediatric patients aged 12 years and older with high-risk asthma 

",,,NA,,,,,NA,,,,,,,,,,Draft,2025-01-20 12:58:00.000,2025-01-20 12:58:00.000
1020,SAR443765,SAR443765_IND005,"Dosing, administration & device",Route of administration,"SC

",,,NA,,,,,NA,,,,,,,,,,Draft,2025-01-20 12:58:00.000,2025-01-20 12:58:00.000
1021,SAR443765,SAR443765_IND005,"Dosing, administration & device",Dosage,"Q4W
",,,NA,,,,,NA,,,,,,,,,,Draft,2025-01-20 12:58:00.000,2025-01-20 12:58:00.000
1022,SAR443765,SAR443765_IND005,"Dosing, administration & device",Patient Population/schedule,"High-risk asthmatics who are not currently eligible for biologic therapies
*FeNO: ≥ 35 ppb
EOS: ≥ 300 cells/mL
Exacerbation: ≥ 1 in past 12 months",,,NA,,,,,NA,,,,,,,,,,Draft,2025-01-20 12:58:00.000,2025-01-20 12:58:00.000
1023,SAR443765,SAR443765_IND005,"Dosing, administration & device",Primary Packaging (Device),Autoinjector and PFS,,,NA,,,,,NA,,,,,,,,,,Draft,2025-01-20 12:58:00.000,2025-01-20 12:58:00.000
1024,SAR443765,SAR443765_IND005,Efficacy,Endpoint / Claim 1,"Significant reduction vs. pbo in the annualized rate of severe exacerbations (50%)
",,,NA,,,,,NA,,,,,,,,,,Draft,2025-01-20 12:58:00.000,2025-01-20 12:58:00.000
1025,SAR443765,SAR443765_IND005,Efficacy,Endpoint / Claim 2,"Significant improvement vs. pbo in lung function (pre-BD FEV1) from baseline (170mL)
",,,NA,,,,,NA,,,,,,,,,,Draft,2025-01-20 12:58:00.000,2025-01-20 12:58:00.000
1026,SAR443765,SAR443765_IND005,Safety & Warnings,Basic Safety profile,"Well tolerated with no increased infections
",,,NA,,,,,NA,,,,,,,,,,Draft,2025-01-20 12:58:00.000,2025-01-20 12:58:00.000
1027,SAR443765,SAR443765_IND002,Expected Indication,Indication,"An add-on maintenance treatment in adult patients with inadequately controlled chronic rhinosinusitis with nasal polyposis
","An add-on maintenance treatment in adult patients with inadequately controlled chronic rhinosinusitis with nasal polyposis
",,Dupixent,"An add-on maintenance treatment in adult patients with inadequately controlled chronic rhinosinusitis with nasal polyposis
",Equivalent,Equivalent,,Nucala,"An add-on maintenance treatment of adult patients 18 years and older with chronic rhinosinusitis with nasal polyps 
",Equivalent,Equivalent,,,,,,,Draft,2025-01-20 13:11:00.000,2025-06-30 14:37:00.000
1028,SAR443765,SAR443765_IND002,"Dosing, administration & device",Route of administration,SC,SC,,Dupixent,"SC, 
",Equivalent,Equivalent,,Nucala,SC,Slightly Better,Slightly Better,,,,,,,Draft,2025-01-20 13:11:00.000,2025-06-30 14:37:00.000
1029,SAR443765,SAR443765_IND002,"Dosing, administration & device",Dosage,"Q4W

",Q4W,,Dupixent,300 mg q2w,Equivalent,Equivalent,,Nucala,Q4W,Slightly Better,Slightly Better,,,,,,,Draft,2025-01-20 13:11:00.000,2025-06-30 14:37:00.000
1030,SAR443765,SAR443765_IND002,"Dosing, administration & device",Patient Population/schedule,,,,Dupixent,,Equivalent,Equivalent,,Nucala,,Slightly Better,Slightly Better,,,,,,,Draft,2025-01-20 13:11:00.000,2025-06-30 14:37:00.000
1031,SAR443765,SAR443765_IND002,"Dosing, administration & device",Primary Packaging (Device),PFS and AI,PFS and AI,,Dupixent,PFS and AI,Equivalent,Equivalent,,Nucala,PFS and AI,Slightly Better,Slightly Better,,,,,,,Draft,2025-01-20 13:11:00.000,2025-06-30 14:37:00.000
1032,SAR443765,SAR443765_IND002,Efficacy,Endpoint / Claim 1,"Changes in NPS (0-8) from baseline vs. pbo: Similar to Dupixent
At 24 wks, - 1.9
At 52 wks, - 2.4


Changes in nasal congestion/ obstruction (0-3) from baseline vs. pbo: Better than Dupixent
At 24 wks, - 1.1 (25% better than Dupixent)
At 52 wks, - 1.2 (25% better than Dupixent)
","Changes in NPS (0-8) from baseline vs. pbo: Similar to Dupixent
At 24 wks, - 1.9
At 52 wks, - 2.4

Changes in nasal congestion/ obstruction (0-3) from baseline vs. pbo: Much better than Dupixent
At 24 wks, - 1.32 (50% better than Dupixent)
At 52 wks, - 1.47 (50% better than Dupixent)
",,Dupixent,"Changes in NPS (0-8) from baseline vs. pbo*  
At 24 wks, - 1.93
At 52 wka, - 2.40

Changes in nasal congestion / obstruction (0-3) from baseline vs. pbo* 
At 24 wks, - 0.88 
At 52 wks, - 0.98
",Slightly Better,Better,,Nucala,"At 52 wks

Changes in NPS from baseline vs. pbo 
     -0.93

At 49-52 wks
Changes in nasal obstruction VAS score (0-10) from baseline vs. pbo 
     -1.86
",Better,Better,,,,,,,Draft,2025-01-20 13:11:00.000,2025-06-30 14:37:00.000
1033,SAR443765,SAR443765_IND002,Efficacy,Endpoint / Claim 2,"At 24 wks
Changes in LMK-CT (0-24) vs. pbo: Better than Dupixent

At 52 wks
Systemic steroid use – Better than Dupixent
Surgery – No worse than Dupixent
Smell – No worse than Dupixent
","At 24 wks
Changes in LMK-CT (0-24) vs. pbo: Much better than Dupixent

At 52 wks
Systemic steroid use – Better than Dupixent
Surgery – No worse than Dupixent
Smell – No worse than Dupixent
",,Dupixent,"At 24 wks
Changes in LMK-CT (0-24) vs. pbo: 
    -6.3

At 52 wks*
Systemic steroid use reduced by 74% vs. pbo
Surgery reduced by 83% vs. pbo
Smell: UPSIT increased by 10.5 vs. pbo
",Slightly Better,Better,,Nucala,"At 52 wks
Systemic steroid use reduced by 42% vs. pbo
Surgery reduced by 57% vs. pbo
Smell: UPSIT not statistical significant
",Better,Better,,,,,,,Draft,2025-01-20 13:11:00.000,2025-06-30 14:37:00.000
1034,SAR443765,SAR443765_IND002,Safety & Warnings,Basic Safety profile,"No black box warning
Well tolerated 
","No black box warning
Well tolerated 
",,Dupixent,"No black box warning
Well tolerated ",Slightly Worse,Slightly Worse,,Nucala,"No black box warning
Well tolerated ",Slightly Worse,Slightly Worse,,,,,,,Draft,2025-01-20 13:11:00.000,2025-06-30 14:37:00.000
1035,SAR443765,SAR443765_IND004,Expected Indication,Indication,"Treatment of patients aged 12 years and older with moderate-to-severe atopic dermatitis whose disease is not adequately controlled with topical prescription therapies or with systemic therapies or when those therapies are not advisable. 
To be used with or without TCS
",,,Dupixent,"Treatment of patients aged 6 years and older with moderate-to-severe atopic dermatitis whose disease is not adequately controlled with topical prescription therapies or when those therapies are not advisable. 
To be used with or without TCS
",Equivalent,,,Lebrikizumab,"Treatment of patients aged 12 years and older with moderate-to-severe atopic dermatitis whose disease is not adequately controlled with topical prescription therapies or with systemic therapies or when those therapies are not advisable.
To be used with or without TCS
",Slightly Better,,,,,,,,Draft,2025-01-20 13:39:00.000,2025-01-20 13:41:00.000
1036,SAR443765,SAR443765_IND004,"Dosing, administration & device",Route of administration,"SC injection, 

",,,Dupixent,"SC injection, 

",Slightly Better,,,Lebrikizumab,"SC injection, 
",Slightly Better,,,,,,,,Draft,2025-01-20 13:39:00.000,2025-01-20 13:41:00.000
1037,SAR443765,SAR443765_IND004,"Dosing, administration & device",Dosage,Q2W or Q4W (2x asthma dosing),,,Dupixent,"600 mg, followed by 300 mg Q2W ",Slightly Better,,,Lebrikizumab,"Q2W induction for 16 weeks followed by Q4W maintenance
",Slightly Better,,,,,,,,Draft,2025-01-20 13:39:00.000,2025-01-20 13:41:00.000
1038,SAR443765,SAR443765_IND004,"Dosing, administration & device",Patient Population/schedule,,,,Dupixent,,Slightly Better,,,Lebrikizumab,,Slightly Better,,,,,,,,Draft,2025-01-20 13:39:00.000,2025-01-20 13:41:00.000
1039,SAR443765,SAR443765_IND004,"Dosing, administration & device",Primary Packaging (Device),PFS and autoinjector,,,Dupixent,PFS and autoinjector,Slightly Better,,,Lebrikizumab,Autoinjector,Slightly Better,,,,,,,,Draft,2025-01-20 13:39:00.000,2025-01-20 13:41:00.000
1040,SAR443765,SAR443765_IND004,Efficacy,Endpoint / Claim 1,"Key measures at week 24 (pbo adj)
vIGA-AD score 0-1: 40-50% 
EASI-75: 50% 
EASI-90: 40% 

Speed of onset: Fast onset of action for pruritus and lesion improvement at 1 week

At 24 weeks better than or no worse than SOC at time of launch
EASI-100
Pruritus NRS ≥4
DLQI ≥4 
POEM ≥4
ADCT
",,,Dupixent,"Phase 3 data at week 16 (pbo adjusted)
IGA score 0-1: 28%1 / 27%2 
EASI-75: 36%1/ 32%2 
EASI-90: 28%1 / 23%2 

1 - SOLO1
2 - SOLO2
",Better,,,Lebrikizumab,"Key measures (pbo adjusted) at 16 weeks*
vIGA-AD score 0-1: 26%
EASI-75: 39%
EASI-90: 26%

*Average of 2 phase 3 trials

Clinically meaningful improvements in other measures at week 16 and 24:
Pruritus as measured by PP-NRS
Quality of life as measured by DLQI
",Better,,,,,,,,Draft,2025-01-20 13:39:00.000,2025-01-20 13:41:00.000
1041,SAR443765,SAR443765_IND004,Efficacy,Endpoint / Claim 2,,,,Dupixent,,Better,,,Lebrikizumab,,Better,,,,,,,,Draft,2025-01-20 13:39:00.000,2025-01-20 13:41:00.000
1042,SAR443765,SAR443765_IND004,Safety & Warnings,Basic Safety profile,"No black box warning
Well tolerated 
No increased AEs or infections
",,,Dupixent,"No black box warning
Well tolerated
Conjunctivitis, keratitis
",Slightly Better,,,Lebrikizumab,"No black box warning
Well tolerated 
No increased AEs or infections
",Slightly Better,,,,,,,,Draft,2025-01-20 13:39:00.000,2025-01-20 13:41:00.000
1043,SAR443765,SAR443765_IND003,Expected Indication,Indication,"An add-on maintenance treatment for moderate-to-severe COPD with an eosinophilic phenotype (≥ 150 cells/mL)
",,,Dupixent,"An add-on maintenance treatment for moderate-to-severe COPD with an eosinophilic phenotype (≥ 300 cells/mL)
",Better,,,Tezpire,"An add-on maintenance treatment for moderate-to-severe COPD with an eosinophilic phenotype (≥ 150 cells/mL)
",Equivalent,,,,,,,,Draft,2025-01-20 13:51:00.000,2025-01-20 13:52:00.000
1044,SAR443765,SAR443765_IND003,"Dosing, administration & device",Route of administration,"SC

",,,Dupixent,SC,Better,,,Tezpire,SC,Equivalent,,,,,,,,Draft,2025-01-20 13:51:00.000,2025-01-20 13:52:00.000
1045,SAR443765,SAR443765_IND003,"Dosing, administration & device",Dosage,Q4W,,,Dupixent,300mg Q2W,Better,,,Tezpire,"Q4W (420mg, 2x asthma dose)

",Equivalent,,,,,,,,Draft,2025-01-20 13:51:00.000,2025-01-20 13:52:00.000
1046,SAR443765,SAR443765_IND003,"Dosing, administration & device",Patient Population/schedule,,,,Dupixent,,Better,,,Tezpire,,Equivalent,,,,,,,,Draft,2025-01-20 13:51:00.000,2025-01-20 13:53:00.000
1047,SAR443765,SAR443765_IND003,"Dosing, administration & device",Primary Packaging (Device),PFS and AI,,,Dupixent,PFS and AI,Better,,,Tezpire,PFS and AI,Equivalent,,,,,,,,Draft,2025-01-20 13:51:00.000,2025-01-20 13:53:00.000
1048,SAR443765,SAR443765_IND003,Efficacy,Endpoint / Claim 1,"Reduction vs pbo in the annualized rate of moderate to severe exacerbations at 52 wks

≥ 150 cells/µL: 45%
≥ 300 cells/µL: 50% reduction
",,,Dupixent,"Reduction vs pbo in the annualized rate of moderate to severe exacerbations at 52 wks

≥ 300 cells/µL: ~32% reduction
",Better,,,Tezpire,"Reduction vs pbo in the annualized rate of moderate to severe exacerbations at 52 wks*
*NS from P2 trial

≥ 0 cells/µL: 17%
≥ 150 cells/mL: 37% reduction
≥ 300 cells/µL: 46% reduction
<150 cells/µL: no reduction
",Slightly Better,,,,,,,,Draft,2025-01-20 13:52:00.000,2025-01-20 13:53:00.000
1049,SAR443765,SAR443765_IND003,Efficacy,Endpoint / Claim 2,"Improvement in FEV1 vs pbo at 52 wk*
≥ 150 cells/µL: 100 mL
≥ 300 cells/µL: 150 mL

Other end points
Significant statistical Improvement in overall respiratory symptoms (E-RS:COPD total score)
Significant statistical improvement in cough and sputum (E-RS:COPD subscore) 
Significant improvement of post-BD FEV1
Significant improvement in SGRQ
Significant reduction ",,,Dupixent,"≥ 300 cells/µL: ~73 mL improvement in FEV1  vs pbo

≥ 300 cells/µL: 10% improvement over placebo in the % of responder patients in SGRQ (4 points) 

",Better,,,Tezpire,"Improvement in FEV1 vs pbo at 52 wk*
≥ 0 cells/µL: 55mL
≥ 150 cells/mL: 63 mL 
≥ 300 cells/µL: 146 mL 
< 150 cells/µL: 51 mL
*NS from P2 trial
",Slightly Better,,,,,,,,Draft,2025-01-20 13:52:00.000,2025-01-20 13:53:00.000
1050,SAR443765,SAR443765_IND003,Safety & Warnings,Basic Safety profile,"No black box warning
Well tolerated 
No increased AEs or infections
",,,Dupixent,"No black box warning
Well tolerated
",Equivalent,,,Tezpire,"No black box warning
Well tolerated 
No increased AEs or infections
",Equivalent,,,,,,,,Draft,2025-01-20 13:52:00.000,2025-01-20 13:53:00.000
1051,SP0280,SP0280_IND001,Expected Indication,Indication,<p>- Prevention of infectious mononucleosis. Longer-term aspiration: prevention of MS/cancers in LCM via biomarker strategy and/or RWE</p>,<p>Prevention of infectious mononucleosis ​plus ​prevention of infection/IM accepted as proxy for prevention of MS/cancer at time of licensure​.</p>,"<p><span style=""font-size:14px"">Prevention of infectious mononucleosis</span></p>",,,,,,,,,,,,,,,,Publish,2025-01-29 15:13:00.000,2025-04-28 16:59:00.000
1052,SP0280,SP0280_IND001,"Dosing, administration & device",Route of administration,Intramuscular (IM),Intramuscular​,"<p><span style=""font-size:14px"">Intramuscular</span></p>",,,,,,,,,,,,,,,,Publish,2025-01-29 15:13:00.000,2025-04-28 16:59:00.000
1053,SP0280,SP0280_IND001,"Dosing, administration & device",Dosage,"2-doses​, Booster once after 5 years",2-doses,"<p lang=""EN-US""><span style=""font-size:14px"">3-doses​, Booster twice (5 years interval)</span></p>",,,,,,,,,,,,,,,,Publish,2025-01-29 15:14:00.000,2025-04-28 16:59:00.000
1054,SP0280,SP0280_IND001,"Dosing, administration & device",Patient Population/schedule,"  9+​ , boys and girls​, EBV S- and EBV S+","  9+​, boys and girls​, EBV S- and EBV S+","<p lang=""EN-US""><span style=""font-size:14px"">11+​, boys and girls​, EBV S- and EBV S+</span></p>",,,,,,,,,,,,,,,,Publish,2025-01-29 15:14:00.000,2025-04-28 16:59:00.000
1055,SP0280,SP0280_IND001,"Dosing, administration & device",Primary Packaging (Device),"<p lang=""EN-US"">Injectable solution vaccine​, Prefilled syringe</p>","Injectable solution vaccine​, Prefilled syringe/Multidose vial​","<p lang=""EN-US""><span style=""font-size:14px"">Injectable solution vaccine​, 2 vials​, Lyo + liquid for reconstitution</span></p>",,,,,,,,,,,,,,,,Publish,2025-01-29 15:14:00.000,2025-04-28 16:59:00.000
1056,SP0280,SP0280_IND001,Efficacy,Endpoint / Claim 1,"<p>Primary Endpoint: Prevention of infectious mononucleosis due to EBV. Efficacy &amp; Duration of Protection: 85% efficacy at preventing IM​, DOP 5 years (1 year at time of licensure)​, Immunogenicity follow up 5 years.</p>","<p>Primary endpoint: Prevention of infectious mononucleosis due to EBV​. Efficacy &amp; Duration of Protection: 90% efficacy at preventing IM​, xx% efficacy at preventing MS, DOP 5 years (1 year at time of licensure)​</p>","<p lang=""EN-US""><span style=""font-size:14px"">Efficacy &amp; Duration ​of Protection:&nbsp;80% efficacy at preventing IM​, DOP 5 years (1 year at time of licensure)​, Immunogenicity follow up 5 years.&nbsp;Primary endpoint: Prevention of infectious mononucleosis due to EBV.</span></p>",,,,,,,,,,,,,,,,Publish,2025-01-29 15:14:00.000,2025-04-28 16:59:00.000
1057,SP0280,SP0280_IND001,Efficacy,Endpoint / Claim 2,"<p>Secondary Endpoint: Prevention of EBV infection in S-​ , Boosting of immune response in S+ Efficacy &amp; Duration of Protection: 85% efficacy at preventing IM​, DOP 5 years (1 year at time of licensure)​, Immunogenicity follow up 5 years.</p>","<p>Secondary endpoints: ​Prevention of EBV infection in S-​, Boosting of immune response in S+, Reduction in viral shedding episodes (prevention of EBV reactivation).​ Efficacy and Duration of Protection: 90% efficacy at preventing IM​, xx% efficacy at preventing MS, DOP 5 years (1 year at time of licensure)​</p>","<p><span style=""font-size:14px"">Efficacy &amp; Duration ​of Protection: 80% efficacy at preventing IM​, DOP 5 years (1 year at time of licensure)​, Immunogenicity follow up 5 years.&nbsp;Secondary endpoints: ​Prevention of EBV infection in S-​, Boosting of immune response in S+</span></p>",,,,,,,,,,,,,,,,Publish,2025-01-29 15:14:00.000,2025-04-28 17:00:00.000
1058,SP0280,SP0280_IND001,Safety & Warnings,Basic Safety profile,<p>Similar tolerability (generally mild and transient local and systemic reactions) and safety to licensed vaccines in this age group.</p>,<p>Lower reactogenicity compared to competitor product.</p>,"<p><span style=""font-size:14px"">Similar tolerability (generally mild and transient local and systemic reactions) and safety to licensed vaccines in this age group.</span></p>",,,,,,,,,,,,,,,,Publish,2025-01-29 15:14:00.000,2025-04-28 17:00:00.000
1059,LC81417,LC81417_IND001,Expected Indication,Indication,"Adult patients severe refractory SLE who have had inadequate response to one advanced therapy. ​
LCM: expansion to broader moderate-severe SLE population. ",,,CABA-201 (CD19 CAR-T),"Adult patients with severe, refractory SLE who have had inadequate response to prior advanced therapy and demonstrate multi-organ involvement. ",Slightly Better,,,,,,,,,,,,,Publish,2025-01-30 12:02:00.000,2025-03-12 18:50:00.000
1060,LC81417,LC81417_IND001,"Dosing, administration & device",Route of administration,"Off-the-shelf​
Pre-conditioning not required​
1-3 out-patient infusions over 1 week​
TBD annual retreatment",,,CABA-201 (CD19 CAR-T),"Autologous  ​
Day -5 hospitalization for pre-conditioning (lymphodepleting chemotherapy)​
In-patient infusion + monitoring for 10 days",Better,,,,,,,,,,,,,Publish,2025-01-30 12:02:00.000,2025-03-12 18:50:00.000
1061,LC81417,LC81417_IND001,"Dosing, administration & device",Dosage,,,,CABA-201 (CD19 CAR-T),,Better,,,,,,,,,,,,,Publish,2025-01-30 12:02:00.000,2025-03-12 18:50:00.000
1062,LC81417,LC81417_IND001,"Dosing, administration & device",Patient Population/schedule,,,,CABA-201 (CD19 CAR-T),,Better,,,,,,,,,,,,,Publish,2025-01-30 12:02:00.000,2025-03-12 18:50:00.000
1063,LC81417,LC81417_IND001,"Dosing, administration & device",Primary Packaging (Device),,,,CABA-201 (CD19 CAR-T),,Better,,,,,,,,,,,,,Publish,2025-01-30 12:02:00.000,2025-03-12 18:50:00.000
1064,LC81417,LC81417_IND001,Efficacy,Endpoint / Claim 1,"80-100% drug-free disease remission in significant majority of patients per DORIS remission criteria​
SLEDAI-2K scores of 0 ​
Ability to be redosed if needed",,,CABA-201 (CD19 CAR-T),"5 patients over 5-17 months of follow-up:​
100% drug-free disease remission per DORIS remission criteria​
SLEDAI-2K scores of 0 ",Slightly Better,,,,,,,,,,,,,Publish,2025-01-30 12:02:00.000,2025-03-12 18:50:00.000
1065,LC81417,LC81417_IND001,Efficacy,Endpoint / Claim 2,,,,CABA-201 (CD19 CAR-T),,Slightly Better,,,,,,,,,,,,,Publish,2025-01-30 12:02:00.000,2025-03-12 18:50:00.000
1066,LC81417,LC81417_IND001,Safety & Warnings,Basic Safety profile,"No pre-conditioning required ​
Well tolerated (mild CRS, no neurotoxicity)",,,CABA-201 (CD19 CAR-T),"Pre-conditioning required​
Grade 1 CRS",Better,,,,,,,,,,,,,Publish,2025-01-30 12:02:00.000,2025-03-12 18:50:00.000
1067,SP0218,SP0218_IND001,Expected Indication,Indication,"Active immunization of individuals 9 Months of age and older (>60 years) 
- Identical with SOC since vYF is developed in a context of Life Cycle Management -",,,YF-VAX,Active immunization of individuals 9 Months of age and older (>60 years),Equivalent,,,Stamaril,,,,,,,,,,Draft,2025-01-30 17:31:00.000,2025-02-11 13:34:00.000
1068,SP0218,SP0218_IND001,"Dosing, administration & device",Route of administration,IntraMuscular or Subcutaneous.,,,YF-VAX,IntraMuscular or Subcutaneous.,Slightly Better,,,Stamaril,,,,,,,,,,Draft,2025-01-30 17:31:00.000,2025-02-11 13:34:00.000
1069,SP0218,SP0218_IND001,"Dosing, administration & device",Dosage,"Reconstituted lyophilized vaccine (0.5 mL).

Multidose: 10 doses vials + 10 doses solvent bottle-pack​

Unidose: 1 dose vial + diluent PFS LLR (2 needles)",,,YF-VAX,"Reconstituted lyophilized vaccine (0.5 mL).
Vial presentation (no syringe)",Slightly Better,,,Stamaril,,,,,,,,,,Draft,2025-01-30 17:31:00.000,2025-02-11 13:34:00.000
1070,SP0218,SP0218_IND001,"Dosing, administration & device",Patient Population/schedule,"1 single dose. 
Same posology in all age groups. 
Re-vaccination not expected, except in certain conditions.",,,YF-VAX,"1 single dose. 
Same posology in all age groups. 
Re-vaccination not expected, except in certain conditions.",Slightly Better,,,Stamaril,,,,,,,,,,Draft,2025-01-30 17:31:00.000,2025-02-11 13:34:00.000
1071,SP0218,SP0218_IND001,"Dosing, administration & device",Primary Packaging (Device),,,,YF-VAX,,Slightly Better,,,Stamaril,,,,,,,,,,Draft,2025-01-30 17:31:00.000,2025-02-11 13:34:00.000
1072,SP0218,SP0218_IND001,Efficacy,Endpoint / Claim 1,Non inferior immunogenicity to Stamaril & YF-Vax: seroprotection and seroconversion rates at D28 in YF naïve population,,,YF-VAX,seroconversion rate was greater than 91% in all but two studies and never lower than 81%. There were no significant age-related differences in immunogenicity.,Equivalent,,,Stamaril,,,,,,,,,,Draft,2025-01-30 17:31:00.000,2025-02-11 13:34:00.000
1073,SP0218,SP0218_IND001,Efficacy,Endpoint / Claim 2,Duration of protection is expected to be at least 10 years and may be life long,,,YF-VAX,"For most healthy individuals, a single dose of yellow fever vaccine provides long-lasting protection. ",Equivalent,,,Stamaril,,,,,,,,,,Draft,2025-01-30 17:31:00.000,2025-02-11 13:34:00.000
1074,SP0218,SP0218_IND001,Safety & Warnings,Basic Safety profile,"Similar safety profile to SoC including warnings (eg, YEL-AVD and YEL-AND) ​

​
Same Contraindications except for CI in individuals with a history of severe allergic reaction to eggs or chicken proteins (as no more relevant: not produced on eggs)",,,YF-VAX,"Safety profile : well tolerated​

Warnings: severe allergic reactions, YEL-AVD & YEL-AND​

​

​Contraindication for individuals with a history of severe allergic reaction to eggs or chicken protein due to the production in eggs",Slightly Better,,,Stamaril,,,,,,,,,,Draft,2025-01-30 17:31:00.000,2025-02-11 13:34:00.000
1075,SP0289,SP0289_IND001,Expected Indication,Indication,"Active immunization against infection due to H5 influenza strains mRNA vaccine indicated for the prevention of disease caused by influenza A (H5) subtype contained in the vaccine.  ​

Approved for use in persons 6 months of age and older ",,,,,,,,,,,,,,,,,,Publish,2025-01-31 16:27:00.000,2025-01-31 16:28:00.000
1076,SP0289,SP0289_IND001,"Dosing, administration & device",Route of administration,"0.5ml IM Administration, dose TBD (Base 30 ug - Min Marketable 150 ug)",,,,,,,,,,,,,,,,,,Publish,2025-01-31 16:27:00.000,2025-01-31 16:28:00.000
1077,SP0289,SP0289_IND001,"Dosing, administration & device",Dosage,"Schedule two doses, 21 days apart​

Presentation - Multi dose vial containing 10 doses",,,,,,,,,,,,,,,,,,Publish,2025-01-31 16:27:00.000,2025-01-31 16:28:00.000
1078,SP0289,SP0289_IND001,"Dosing, administration & device",Patient Population/schedule,"United States - Primary
Recommended post TARC & aligned with Flu Franchise​
Germany, Italy, Spain, France, United Kingdom",,,,,,,,,,,,,,,,,,Publish,2025-01-31 16:27:00.000,2025-01-31 16:28:00.000
1079,SP0289,SP0289_IND001,"Dosing, administration & device",Primary Packaging (Device),"Frozen vial storage at -20◦c​

Shelf Life – minimum 12 months ",,,,,,,,,,,,,,,,,,Publish,2025-01-31 16:27:00.000,2025-01-31 16:28:00.000
1080,SP0289,SP0289_IND001,Efficacy,Endpoint / Claim 1,"FDA Guidance​ -  .​
Minimal lower bound for seroprotection rate – titer ≥ 1:40​
70%​ - 18-64 yrs & 60% ≥65 yrs 

",,,,,,,,,,,,,,,,,,Publish,2025-01-31 16:27:00.000,2025-01-31 16:28:00.000
1081,SP0289,SP0289_IND001,Efficacy,Endpoint / Claim 2,Minimal lower bound for seroconversion rate - 40%​ - 18-64 yrs & 30% ≥65 yrs,,,,,,,,,,,,,,,,,,Publish,2025-01-31 16:27:00.000,2025-01-31 16:28:00.000
1082,SP0289,SP0289_IND001,Safety & Warnings,Basic Safety profile,Acceptable systemic and local reaction safety profile,,,,,,,,,,,,,,,,,,Publish,2025-01-31 16:27:00.000,2025-01-31 16:28:00.000
1083,SAR446422,SAR446422_IND001,Expected Indication,Indication,"Treatment of early, progressive interstitial lung diseases (ILDs) associated with connective tissue disorders in adult patients. Potential upside: SSc indication. 
",,,Ofec (nintedanib),"Treatment of chronic fibrosing interstitial lung diseases (ILDs) with a progressive phenotype. [adults]. Slowing the rate of decline in pulmonary function in patients with SSc-ILD. [adults]
",Slightly Better,,,,,,,,,,,,,Draft,2025-01-31 21:38:00.000,2025-01-31 21:38:00.000
1084,SAR446422,SAR446422_IND001,"Dosing, administration & device",Route of administration,SC,,,Ofec (nintedanib),Oral,Slightly Worse,,,,,,,,,,,,,Draft,2025-01-31 21:38:00.000,2025-01-31 21:38:00.000
1085,SAR446422,SAR446422_IND001,"Dosing, administration & device",Dosage,TBD,,,Ofec (nintedanib),150mg,Slightly Worse,,,,,,,,,,,,,Draft,2025-01-31 21:38:00.000,2025-01-31 21:38:00.000
1086,SAR446422,SAR446422_IND001,"Dosing, administration & device",Patient Population/schedule,Adults/Q2W (or Q4W upside),,,Ofec (nintedanib),Adults/BID,Slightly Worse,,,,,,,,,,,,,Draft,2025-01-31 21:38:00.000,2025-01-31 21:38:00.000
1087,SAR446422,SAR446422_IND001,"Dosing, administration & device",Primary Packaging (Device),Auto-injector,,,Ofec (nintedanib),N/A,Slightly Worse,,,,,,,,,,,,,Draft,2025-01-31 21:38:00.000,2025-01-31 21:38:00.000
1088,SAR446422,SAR446422_IND001,Efficacy,Endpoint / Claim 1,"Phase 3 vs. placebo, at 52 weeks:
Annual rate of FVC decline: <40mL vs 190mL pbo (>Δ150mL)
Significant improvement in time to first acute ILD exacerbation
Significant delay in disease progression as measured on time to first major organ complication over a 1yr vs pbo (HR=0.6)
Benefits on extra-pulmonary manifestations (for relevant CTD subtypes)
e.g. mean reduction of mRSS by 4.0 vs pbo (in SSc)
PRO TBD: Improvement in L-IPF ",,,Ofec (nintedanib),"Phase 3 vs. placebo, at 52 weeks:
Progressive, Fibrosing ILD:
Annual rate of FVC decline: 81mL vs. 188mL pbo (Δ107mL)
Similar rate of decline in patients with autoimmune disease (a subset representing ~25% of entire trial)
Time to first acute ILD exacerbation showed no improvement
SSc-ILD:
Annual rate of FVC decline: 52mL vs 93 mL pbo (Δ41mL)
Skin fibrosis (mRSS) improvement not statistically significant ",Better,,,,,,,,,,,,,Draft,2025-01-31 21:38:00.000,2025-01-31 21:38:00.000
1089,SAR446422,SAR446422_IND001,Efficacy,Endpoint / Claim 2,,,,Ofec (nintedanib),,Better,,,,,,,,,,,,,Draft,2025-01-31 21:38:00.000,2025-01-31 21:38:00.000
1090,SAR446422,SAR446422_IND001,Safety & Warnings,Basic Safety profile,"No black box warning; key safety warnings include infection.​

Downside: black box warning in line with other biologics in immunology (e.g. infection risks with anti-CD28).",,,Ofec (nintedanib),"Not recommended in patients with hepatic impairment.
ALT, AST, bilirubin elevations have occurred; 14% elevated liver enzyme rate 
Diarrhea, nausea, vomiting warnings; over 62-76% of patients with diarrhea in trials, 24-32% with nausea.
Embryo-fetal toxicity; arterial thromboembolic events, bleeding events, and GI perforations have occurred
High treatment discontinuation due to tolerability issues.",Slightly Better,,,,,,,,,,,,,Draft,2025-01-31 21:38:00.000,2025-01-31 21:38:00.000
1091,SAR446422,SAR446422_IND001,Expected Indication,Indication,"Treatment of early, progressive interstitial lung diseases (ILDs) associated with connective tissue disorders in adult patients. Potential upside: SSc indication. 
",,,Ofec (nintedanib),"Treatment of chronic fibrosing interstitial lung diseases (ILDs) with a progressive phenotype. [adults]. Slowing the rate of decline in pulmonary function in patients with SSc-ILD. [adults]
",Slightly Better,,,Actemra (tocilizumab),Slowing the rate of decline in pulmonary function in adult patients with SSc-ILD. [only approved in US for SSc-ILD],Better,,,,,,,,Draft,2025-01-31 21:41:00.000,2025-01-31 21:41:00.000
1092,SAR446422,SAR446422_IND001,"Dosing, administration & device",Route of administration,SC,,,Ofec (nintedanib),Oral,Slightly Worse,,,Actemra (tocilizumab),SC,Slightly Better,,,,,,,,Draft,2025-01-31 21:41:00.000,2025-01-31 21:41:00.000
1093,SAR446422,SAR446422_IND001,"Dosing, administration & device",Dosage,TBD,,,Ofec (nintedanib),150mg,Slightly Worse,,,Actemra (tocilizumab),?,Slightly Better,,,,,,,,Draft,2025-01-31 21:41:00.000,2025-01-31 21:41:00.000
1094,SAR446422,SAR446422_IND001,"Dosing, administration & device",Patient Population/schedule,Adults/Q2W (or Q4W upside),,,Ofec (nintedanib),Adults/BID,Slightly Worse,,,Actemra (tocilizumab),Adults/QW,Slightly Better,,,,,,,,Draft,2025-01-31 21:41:00.000,2025-01-31 21:42:00.000
1095,SAR446422,SAR446422_IND001,"Dosing, administration & device",Primary Packaging (Device),Auto-injector,,,Ofec (nintedanib),N/A,Slightly Worse,,,Actemra (tocilizumab),,Slightly Better,,,,,,,,Draft,2025-01-31 21:41:00.000,2025-01-31 21:42:00.000
1096,SAR446422,SAR446422_IND001,Efficacy,Endpoint / Claim 1,"Phase 3 vs. placebo, at 52 weeks:
Annual rate of FVC decline: <40mL vs 190mL pbo (>Δ150mL)
Significant improvement in time to first acute ILD exacerbation
Significant delay in disease progression as measured on time to first major organ complication over a 1yr vs pbo (HR=0.6)
Benefits on extra-pulmonary manifestations (for relevant CTD subtypes)
e.g. mean reduction of mRSS by 4.0 vs pbo (in SSc)
PRO TBD: Improvement in L-IPF ",,,Ofec (nintedanib),"Phase 3 vs. placebo, at 52 weeks:
Progressive, Fibrosing ILD:
Annual rate of FVC decline: 81mL vs. 188mL pbo (Δ107mL)
Similar rate of decline in patients with autoimmune disease (a subset representing ~25% of entire trial)
Time to first acute ILD exacerbation showed no improvement
SSc-ILD:
Annual rate of FVC decline: 52mL vs 93 mL pbo (Δ41mL)
Skin fibrosis (mRSS) improvement not statistically significant ",Better,,,Actemra (tocilizumab),"Phase 3 vs. placebo, at 52 weeks:
Annual rate of FVC ​decline: 14mL vs 255mL (Δ241mL)*
Skin fibrosis (mRSS) improvement not statistically significant. 
*based on the post-hoc analysis of ph3 focuSSced trial for SSc-ILD subgroup",Slightly Better,,,,,,,,Draft,2025-01-31 21:41:00.000,2025-01-31 21:42:00.000
1097,SAR446422,SAR446422_IND001,Efficacy,Endpoint / Claim 2,,,,Ofec (nintedanib),,Better,,,Actemra (tocilizumab),,Slightly Better,,,,,,,,Draft,2025-01-31 21:41:00.000,2025-01-31 21:42:00.000
1098,SAR446422,SAR446422_IND001,Safety & Warnings,Basic Safety profile,"No black box warning; key safety warnings include infection.​

Downside: black box warning in line with other biologics in immunology (e.g. infection risks with anti-CD28).",,,Ofec (nintedanib),"Not recommended in patients with hepatic impairment.
ALT, AST, bilirubin elevations have occurred; 14% elevated liver enzyme rate 
Diarrhea, nausea, vomiting warnings; over 62-76% of patients with diarrhea in trials, 24-32% with nausea.
Embryo-fetal toxicity; arterial thromboembolic events, bleeding events, and GI perforations have occurred
High treatment discontinuation due to tolerability issues.",Slightly Better,,,Actemra (tocilizumab),"Black box warning for serious infection risk, incl TB, viral and fungal infection.",Better,,,,,,,,Draft,2025-01-31 21:41:00.000,2025-01-31 21:42:00.000
1099,SAR447873,SAR447873_IND001,Expected Indication,Indication,"treatment of somatostatin receptor-positive, unresectable, metastatic, gastroenteropancreatic neuroendocrine tumors (GEP-NETs) in adult patients naïve to PRRT and progressed on SSAs
",,,Lutathera (NETTER 1),"treatment of adult and pediatric patients 12 years and older with somatostatin receptor-positive gastroenteropancreatic neuroendocrine tumors (GEP-NETs), including foregut, midgut, and hindgut neuroendocrine tumors
",Equivalent,,,,,,,,,,,,,Publish,2025-02-05 16:23:00.000,2025-02-05 16:24:00.000
1100,SAR447873,SAR447873_IND001,"Dosing, administration & device",Route of administration,"IV administration 

",,,Lutathera (NETTER 1),IV,Slightly Better,,,,,,,,,,,,,Publish,2025-02-05 16:23:00.000,2025-02-05 16:24:00.000
1101,SAR447873,SAR447873_IND001,"Dosing, administration & device",Dosage,"Up to 4 cycles of SAR873 at 8-week intervals
",,,Lutathera (NETTER 1),"4 cycles of Lutathera (IV) at 8-week intervals 
long-acting octreotide every 8 weeks during Lutathera treatment and every 4 weeks after last Lutathera treatment
",Slightly Better,,,,,,,,,,,,,Publish,2025-02-05 16:24:00.000,2025-02-05 16:25:00.000
1102,SAR447873,SAR447873_IND001,"Dosing, administration & device",Patient Population/schedule,,,,Lutathera (NETTER 1),,Slightly Better,,,,,,,,,,,,,Publish,2025-02-05 16:24:00.000,2025-02-05 16:25:00.000
1103,SAR447873,SAR447873_IND001,"Dosing, administration & device",Primary Packaging (Device),,,,Lutathera (NETTER 1),,Slightly Better,,,,,,,,,,,,,Publish,2025-02-05 16:24:00.000,2025-02-05 16:25:00.000
1104,SAR447873,SAR447873_IND001,Efficacy,Endpoint / Claim 1,"ORR: 55%
DoR: 18months
",,,Lutathera (NETTER 1),"ORR:13.0% vs 4.0%
DoR: Not reached vs 1.9 mo
",Slightly Better,,,,,,,,,,,,,Publish,2025-02-05 16:24:00.000,2025-02-05 16:25:00.000
1105,SAR447873,SAR447873_IND001,Efficacy,Endpoint / Claim 2,"Secondary endpoints
Primary endpoint PFS: 40.6 mo. vs. 28.4mo (HR: 0.7, statistically significant)
HRQL no worsening/improvement on endocrine symptoms
",,,Lutathera (NETTER 1),"Median PFS 28.4 months (vs 8.4 months for high-dose octreotide alone)
        (HR 0·18 [95% CI 0·11–0·29]; p<0·0001)
OS not reached, no difference between treatment groups at time of follow-up but median of 48 months was recorded vs 36.3 months 
",Slightly Better,,,,,,,,,,,,,Publish,2025-02-05 16:24:00.000,2025-02-05 16:25:00.000
1106,SAR447873,SAR447873_IND001,Safety & Warnings,Basic Safety profile,"AE rates are comparable to Lutathera
No substantial high grade hematologic toxicity: largely limited to grade 3 / 4 lymphocytopenia that is reversible.
Alopecia is mild to moderate and appears to be transient.
Dysphagia: relief in many cases with Botox injection to the lower esophageal sphincter. No grade 3 or 4.
",,,Lutathera (NETTER 1),"During long-term follow-up, treatment-related serious adverse events of grade 3 or worse were recorded in three (3%). 
2% patients given ¹⁷⁷Lu-Dotatate developed myelodysplastic syndrome, one of whom died 33 months after randomisation (this person was the only reported ¹⁷⁷Lu-Dotatate treatment-related death). No new cases of myelodysplastic syndrome or acute myeloid leukaemia were reported during long-term follow-up.
",Slightly Better,,,,,,,,,,,,,Publish,2025-02-05 16:24:00.000,2025-02-05 16:25:00.000
1107,SP0268,SP0268_IND001,Expected Indication,Indication,"1-Treatment of moderate to severe acne, including nodular acne
2-The prevention of the re-appearance of future lesions / recurring relapses
","3- Potential upside of mild acne post-licensure
4- Reduction in development of acne lesion sequelae (scars, hyperpigmentation) 
5- Prevention of disease progression ","1-Treatment of moderate acne, including nodular acne",isotretinoin,"SoC lacking indication for and proof of recurring relapses long term
",Better,Better,,oral Antibiotics + topicals,"SoC lacking indication for and proof of recurring relapses long term
",Better,Better,,,,,,,Draft,2025-02-07 12:39:00.000,2025-02-07 14:18:00.000
1108,SP0268,SP0268_IND001,"Dosing, administration & device",Route of administration,IM,,,isotretinoin,"oral therapy + topicals
",Better,Better,Better,oral Antibiotics + topicals," oral therapy + topicals
",Better,Better,Better,,,,,,Draft,2025-02-07 12:39:00.000,2025-02-07 14:18:00.000
1109,SP0268,SP0268_IND001,"Dosing, administration & device",Dosage,2 doses [+ annual booster],"
","2 doses [+ booster every 6 mo]
",isotretinoin,"Daily / 2x day application of multiple topicals OR oral therapy + topicals
",Better,Better,Better,oral Antibiotics + topicals,"Daily / 2x day application of multiple topicals OR oral therapy + topicals
",Better,Better,Better,,,,,,Draft,2025-02-07 12:39:00.000,2025-02-07 14:18:00.000
1110,SP0268,SP0268_IND001,"Dosing, administration & device",Patient Population/schedule,"Moderate-to-severe acne sufferers; male & female, 9Y – 45Y
",,,isotretinoin,severe acne patients,Better,Better,Better,oral Antibiotics + topicals,Moderate-to-severe acne,Better,Better,Better,,,,,,Draft,2025-02-07 12:39:00.000,2025-02-07 14:18:00.000
1111,SP0268,SP0268_IND001,"Dosing, administration & device",Primary Packaging (Device),"Presentation: lyophilized
","Presentation: RTU syringe
",,isotretinoin,,Better,Better,Better,oral Antibiotics + topicals,,Better,Better,Better,,,,,,Draft,2025-02-07 12:39:00.000,2025-02-07 14:18:00.000
1112,SP0268,SP0268_IND001,Efficacy,Endpoint / Claim 1,"1- 40% marginal reduction of total lesions (inflammatory and non-inflammatory) vs. placebo
2- 15% marginal improvement of patients clear and almost clear [IGA grade] vs placebo
3-  Quick onset of action TBD
","3- Quick onset of action (TBD)
4- Descriptive: Scarring: Endpoint to be defined; Hyperpigmentation Endpoint to be defined: Need to define timing
5- Descriptive: Disease progression
",1- >20% marginal effect vs. placebo of reduction of TL IL and NIL ,isotretinoin,"Iso: H (<60% lesions reduction marginal reduction of total lesions vs. placebo) but L tolerance 
Onset of action: 1 month",Slightly Worse,Equivalent,Equivalent,oral Antibiotics + topicals," long-term efficacy: 3-6 months without new lesions
",Better,Equivalent,,,,,,,Draft,2025-02-07 12:39:00.000,2025-02-07 14:18:00.000
1113,SP0268,SP0268_IND001,Efficacy,Endpoint / Claim 2,"Long lasting (1 year) –w/o relapses after the last primary schedule dose
","Long lasting (>12 mo)–w/o relapses after the last primary schedule dose
","Long lasting (6 mo) –w/o relapses after the last primary schedule dose
",isotretinoin,"Oral Ab+topicals: (40% MH (lesions reduction marginal reduction of total lesions vs. placebo) and M tolerance
Oral Ab: 15% marginal improvement of patients clear or almost clear [IGA grade] vs placebo
Onset of action as quick as 1st week of treatment, ",Slightly Worse,Equivalent,Equivalent,oral Antibiotics + topicals,No proof of long-term efficacy ,Better,Equivalent,,,,,,,Draft,2025-02-07 12:39:00.000,2025-02-07 14:18:00.000
1114,SP0268,SP0268_IND001,Safety & Warnings,Basic Safety profile,"1- Safety demonstrated vs mRNA vaccine standards in terms of occurrence of grade 1 / grade 2 / grade 3 adverse events respectively
2- No adverse events typical for current standard of care
3- Safe to use in combination with other acne treatments
",,,isotretinoin,"SoC with multiple side effects / AE:
Isotretinoin: Very problematic safety profile (skin & mucosa dryness, headaches, depression, suicidal ideation, pancreatitis, GI bleeding, liver & kidney damage, eyesight deterioration, teratogenic).
",Better,Better,,oral Antibiotics + topicals,"Other SoC: Skin irritation, dryness, peeling, redness, gastric upsets (antibiotics)
",Better,Better,,,,,,,Draft,2025-02-07 12:39:00.000,2025-02-07 14:18:00.000
1115,SP0218,SP0218_IND001,Expected Indication,Indication,"Active immunization of individuals 9 Months of age and older (>60 years) 
- Identical with SOC since vYF is developed in a context of Life Cycle Management -",,,YF-VAX,YF-VAX: Active immunization of individuals 9 Months of age and older (>60 years),Equivalent,,,STAMARIL,STAMARIL: Active immunization of individuals 9 Months of age and older (>60 years),Equivalent,,,,,,,,Publish,2025-02-11 13:42:00.000,2025-02-11 13:50:00.000
1116,SP0218,SP0218_IND001,"Dosing, administration & device",Route of administration,IntraMuscular or Subcutaneous.,,,YF-VAX,YF-VAX: IntraMuscular or Subcutaneous.,Better,,,STAMARIL,STAMARIL: IntraMuscular or Subcutaneous.,Better,,,,,,,,Publish,2025-02-11 13:42:00.000,2025-02-11 13:50:00.000
1117,SP0218,SP0218_IND001,"Dosing, administration & device",Dosage,Reconstituted lyophilized vaccine (0.5 mL).,,,YF-VAX,"YF-VAX: Reconstituted lyophilized vaccine (0.5 mL).
",Better,,,STAMARIL,"STAMARIL: Reconstituted lyophilized vaccine (0.5 mL).
",Better,,,,,,,,Publish,2025-02-11 13:43:00.000,2025-02-11 13:50:00.000
1118,SP0218,SP0218_IND001,"Dosing, administration & device",Patient Population/schedule,"1 single dose. 
Same posology in all age groups. 
Re-vaccination not expected, except in certain conditions.",,,YF-VAX,"YF-VAX: 1 single dose. 
Same posology in all age groups. 
Re-vaccination not expected, except in certain conditions.",Better,,,STAMARIL,"STAMARIL: 1 single dose. 
Same posology in all age groups. 
Re-vaccination not expected, except in certain conditions.",Better,,,,,,,,Publish,2025-02-11 13:43:00.000,2025-02-11 13:50:00.000
1119,SP0218,SP0218_IND001,"Dosing, administration & device",Primary Packaging (Device),"Multidose: 10 doses vials + 10 doses solvent bottle-pack​

Unidose: 1 dose vial + diluent PFS LLR (2 needles)",,,YF-VAX,YF-VAX: Vial presentation (no syringe),Better,,,STAMARIL,STAMARIL: 2 syringes for unidose (LSP or SA25),Better,,,,,,,,Publish,2025-02-11 13:43:00.000,2025-02-11 13:50:00.000
1120,SP0218,SP0218_IND001,Efficacy,Endpoint / Claim 1,Non inferior immunogenicity to Stamaril & YF-Vax: seroprotection and seroconversion rates at D28 in YF naïve population,,,YF-VAX,YF-VAX: Seroconversion rate was greater than 91% in all but two studies and never lower than 81%. There were no significant age-related differences in immunogenicity.,Equivalent,,,STAMARIL,"STAMARIL: In clinical studies in adults it has been shown that 28 days following vaccination with STAMARIL, seroconversion rates of 93% and 100% were obtained.",Equivalent,,,,,,,,Publish,2025-02-11 13:43:00.000,2025-02-11 13:51:00.000
1121,SP0218,SP0218_IND001,Efficacy,Endpoint / Claim 2,Duration of protection is expected to be at least 10 years and may be life long,,,YF-VAX,"YF-VAX: For most healthy individuals, a single dose of yellow fever vaccine provides long-lasting protection. ",Equivalent,,,STAMARIL,"STAMARIL: Protective immunity appears from about 10 days after vaccination, lasts at least 10 years and may be life-long.",Equivalent,,,,,,,,Publish,2025-02-11 13:43:00.000,2025-02-11 13:51:00.000
1122,SP0218,SP0218_IND001,Safety & Warnings,Basic Safety profile,"Similar safety profile to SoC including warnings (eg, YEL-AVD and YEL-AND) ​
​
Same Contraindications except for CI in individuals with a history of severe allergic reaction to eggs or chicken proteins (as no more relevant: not produced on eggs)",,,YF-VAX,"YF-VAX: Safety profile : well tolerated​
Warnings: severe allergic reactions, YEL-AVD & YEL-AND​
​Contraindication for individuals with a history of severe allergic reaction to eggs or chicken protein due to the production in eggs",Better,,,STAMARIL,"STAMARIL: Safety profile : well tolerated​
Warnings: severe allergic reactions, YEL-AVD & YEL-AND​
​Contraindication for individuals with a history of severe allergic reaction to eggs or chicken protein due to the production in eggs",Better,,,,,,,,Publish,2025-02-11 13:43:00.000,2025-02-11 13:51:00.000
1123,SP0047,SP0047_IND005,Expected Indication,Indication,"Active immunization of individuals for prevention of
invasive meningococcal disease caused by N. 
meningitidis serogroups ACWY
Primary target:
• 3 months - 6 years
• 7-17 years (additional protection)
Upside target:
• 6 weeks – 6 years
• 7-17 years (additional protection)
• Adult and elderly (by bridging global data)",,,,,Equivalent,,,,,,,,,,,,,Draft,2025-02-11 16:41:00.000,2025-02-11 16:41:00.000
1124,SP0047,SP0047_IND005,"Dosing, administration & device",Route of administration, Intra-muscular,,,,,Equivalent,,,,,,,,,,,,,Draft,2025-02-11 16:41:00.000,2025-02-11 16:41:00.000
1125,SP0047,SP0047_IND005,"Dosing, administration & device",Dosage,"MenQuadfi will focus on the private market in China. 
Given the diversity of schedules among China domestic 
meninge vaccines covered serogroup A+C, the general 
rule is to have at least 4 doses by age 6 years 
(required for school entry, also reflected in CDC’s KPIs)",,,,,Equivalent,,,,,,,,,,,,,Draft,2025-02-11 16:41:00.000,2025-02-11 16:41:00.000
1126,SP0047,SP0047_IND005,"Dosing, administration & device",Patient Population/schedule,"MenQuadfi will focus on the private market in China. 
Given the diversity of schedules among China domestic 
meninge vaccines covered serogroup A+C, the general 
rule is to have at least 4 doses by age 6 years 
(required for school entry, also reflected in CDC’s KPIs)

A) Primary target
3 or 2 doses up to 1 year:
• 3 doses, 3 - 5 months, (1 month interval)
1
• 2 doses, 6 - 11 months (1 month interval)
Another 2 doses between 1 to 6 years:
• 1 dose, 12 – 23 months
• 1 dose, 2 - 6 years
B) Adolescent target
• 1 dose, 7 -17 years",,,,,Equivalent,,,,,,,,,,,,,Draft,2025-02-11 16:41:00.000,2025-02-11 16:41:00.000
1127,SP0047,SP0047_IND005,"Dosing, administration & device",Primary Packaging (Device),,,,,,Equivalent,,,,,,,,,,,,,Draft,2025-02-11 16:41:00.000,2025-02-11 16:41:00.000
1128,SP0047,SP0047_IND005,Efficacy,Endpoint / Claim 1,"3 months to 17 years
Non-inferior immune response vs local comparator for 
serogroups A and C. 
Active (Men AC conj.) 
Sufficiency for serogroups W and Y",,,,,Slightly Better,,,,,,,,,,,,,Draft,2025-02-11 16:41:00.000,2025-02-11 16:41:00.000
1129,SP0047,SP0047_IND005,Efficacy,Endpoint / Claim 2,,,,,,Slightly Better,,,,,,,,,,,,,Draft,2025-02-11 16:41:00.000,2025-02-11 16:41:00.000
1130,SP0047,SP0047_IND005,Safety & Warnings,Basic Safety profile,verse Effects – Target claim: Safe and well-tolerated; Safety comparable to that of active controls.,,,,,Equivalent,,,,,,,,,,,,,Draft,2025-02-11 16:41:00.000,2025-02-11 16:41:00.000
1131,SP0202,SP0202_IND003,Expected Indication,Indication,"Active immunization for the prevention of Streptococcus pneumoniae disease in Infants/toddlers 6 weeks to 23 months & children 2-17y
US:    Primary1: Invasive pneumococcal disease (IPD) 6w-17
EU:   Primary1, 2 : IPD, AOM & Pneumonia 6w-17y
",,,Prevnar20,"Prevnar20 (as for PCV13): 
All age groups at time of SKYPAC licensure
US: IPD 6w+; AOM 6w–5y3 ; Pneumonia: 18y+
 EU: IPD & Pneumonia 6w+; AOM: 6w-17y
",Slightly Better,,,,,,,,,,,,,Draft,2025-02-13 18:03:00.000,2025-02-19 17:08:00.000
1132,SP0202,SP0202_IND003,"Dosing, administration & device",Route of administration,"Administered intramuscularly
",,,Prevnar20,Administered intramuscularly.,Equivalent,,,,,,,,,,,,,Draft,2025-02-13 18:03:00.000,2025-02-19 17:08:00.000
1133,SP0202,SP0202_IND003,"Dosing, administration & device",Dosage,"For all age groups, a 0.5 mL dose.
Single dose for other age-groups (naïve or PCV-vaccinated)
Interchangeability with PCV20 demonstrated for primary & boost doses of 3+1
",,,Prevnar20,"Infants & toddlers: all schedules well-documented. Same catch-up schedules as PCV13 for PCV naïve
Single dose for other age-groups (naïve / PCV-vaccinated)
Interchangeability with PCV13 for infant / toddler schedules",Equivalent,,,,,,,,,,,,,Draft,2025-02-13 18:03:00.000,2025-02-19 17:08:00.000
1134,SP0202,SP0202_IND003,"Dosing, administration & device",Patient Population/schedule,"Main schedules (3+1, 2+1) at licensure, plus catch-up schedules for 7-11m, 12-23m and 2-17y PCV naïve subjects.",,,Prevnar20,"Infants & toddlers: all schedules well-documented. Same catch-up schedules as PCV13 for PCV naïve
Single dose for other age-groups (naïve / PCV-vaccinated)
Interchangeability with PCV13 for infant / toddler schedules",Equivalent,,,,,,,,,,,,,Draft,2025-02-13 18:04:00.000,2025-02-19 17:08:00.000
1135,SP0202,SP0202_IND003,"Dosing, administration & device",Primary Packaging (Device),Luer lock PFS with Rigid Tip Cap; Safety needle optional co-packaged element.,,,Prevnar20,PFS only in most markets. UDV and multi-dose vial in international markets.,Equivalent,,,,,,,,,,,,,Draft,2025-02-13 18:04:00.000,2025-02-19 17:08:00.000
1136,SP0202,SP0202_IND003,Efficacy,Endpoint / Claim 1,"Claim: protection against vaccine serotype IPD 
Endpoint: Immune response to vaccine serotypes vs. SoC (Prevnar20) 
",,,Prevnar20,"Prevnar20: AOM claim in US (Prevnar20 US AOM claim limited to Prevnar7 STs; no ST limitation in EU) & EU; Pneumonia EU only. Efficacy data AOM (Prevnar7) & Pneumonia (Prevnar13). 
",Slightly Better,,,,,,,,,,,,,Draft,2025-02-13 18:04:00.000,2025-02-19 17:08:00.000
1137,SP0202,SP0202_IND003,Efficacy,Endpoint / Claim 2,"Claim: Protection against Vaccine ST AOM & Pneumonia in EU, not in US
Endpoint: No efficacy / effectiveness data for AOM / Pneumonia planned.  Claim targeted with immune data where possible (i.e. in EU, not in US). Effectiveness demonstration (IPD) may be required post-licensure",,,Prevnar20,,Slightly Better,,,,,,,,,,,,,Draft,2025-02-13 18:04:00.000,2025-02-19 17:09:00.000
1138,SP0202,SP0202_IND003,Safety & Warnings,Basic Safety profile,"Comparable safety profile to SoC; more limited clinical experience at licensure.
Co-administration data for priority vaccines.
",,,Prevnar20,"Good safety profile & co-administration with priority vaccines
Extensive experience data, including special populations
",Slightly Worse,,,,,,,,,,,,,Draft,2025-02-13 18:04:00.000,2025-02-19 17:09:00.000
1139,SAR650984,SAR650984_IND009,Expected Indication,Indication,"Isatuximab in combination with lenalidomide and dexamethasone is indicated for the treatment of patients with high-risk smouldering myeloma
",,,,"Study Comparator
Revlimid+Dex (PETHEMA)
(Celgene) 
",Slightly Better,,,,"Market Comparator
Daratumumab or Revlimid (Janssen) & (Celgene)
",Slightly Better,,,,,,,,Draft,2025-02-18 19:55:00.000,2025-02-18 20:07:00.000
1140,SAR650984,SAR650984_IND009,"Dosing, administration & device",Route of administration,"Route of administration – IV
Point of care – infusion center
",,,,"Route of administration – PO
Point of care – Home 
",Slightly Worse,,,,"Route of administration – SC w/ Halozyme depot
Point of care – infusion center (primary) 
",Slightly Worse,,,,,,,,Draft,2025-02-18 19:55:00.000,2025-02-18 20:07:00.000
1141,SAR650984,SAR650984_IND009,"Dosing, administration & device",Dosage,"Treatment period will consist of isatuximab in combination with lenalidomide and dexamethasone for 24 cycles followed by isatuximab monotherapy for 12 cycles for total treatment duration of 36 cycles. The cycle duration is 28 days.

Administration schedule 
Isatuximab:  IV
10 mg/kg, C1 QW, C2-12 Q2W, C13-36 Q4W
Lenalidomide: PO as per label.
25mg/day (10 mg/day in patients with CrCl 30-60ml/min) on D1-D21 during cycles 1-9; 
10 mg/day on D1-D21 every 28 days during cycles  10-24.
Dexamethasone: PO or IV as follows
40 mg (20 mg if ≥ 75 years old) on D1, D8, D15, D22 during cycles 1-9; 
20 mg (10 mg if ≥ 75 years old) on D1, D8, D15, D22 during cycles 10-24.
Pre-infusion prophylaxis 
Prophylactic treatment with diphenhydramine, methylprednisolone, ranitidine , acetaminophen and montelukast prior to the start of the isatuximab infusion
Infusion duration – First: 3h20m, second:2h , third and subsequent: 1h15m 
Post-infusion prophylaxis : None ",,,,"Treatment period will consist of lenalidomide and dexamethasone for 24 cycles for total treatment duration of 24 cycles. The cycle duration is 28 days.
Administration schedule 
Lenalidomide: PO as per label.
25mg/day (10 mg/day in patients with CrCl 30-60ml/min) on D1-D21 during cycles 1-9; 
 10 mg/day on D1-D21 every 28 days during cycles 10-24.
Dexamethasone: PO or IV as follows
40 mg (20 mg if ≥ 75 years old) on D1, D8, D15, D22 during cycles 1-9; 
20 mg (10 mg if ≥ 75 years old) on D1, D8, D15, D22 during cycles 10-24.
",Slightly Worse,,,,"Administration schedule – C1-2 (QW), C3-6 Q2W, C6+ Q4W (28-day cycles) for 39 cycles or up to  36 months 
Pre-infusion prophylaxis – methylprednisolone (100 mg IV before 1st infusion, may be oral after), acetaminophen, and diphenhydramine administered 1-3 hrs prior to dara 
Dose – 1,800 mg/15mL fixed dose + 30 kU rHuPH20  
Duration of administration: 5 min 
Post-infusion prophylaxis – oral corticosteroid 2 days following dara monotherapy infusion (unless background regimen includes corticosteroid); patients with pulmonary disease may need bronchodilators or inhaled corticosteroids. 
Duration of post-infusion monitoring – ~4 hours 1st infusion, ~2 hours subsequent (likely to be shorter in practice)
",Slightly Worse,,,,,,,,Draft,2025-02-18 19:55:00.000,2025-02-18 20:07:00.000
1142,SAR650984,SAR650984_IND009,"Dosing, administration & device",Patient Population/schedule,,,,,,Slightly Worse,,,,,Slightly Worse,,,,,,,,Draft,2025-02-18 19:55:00.000,2025-02-18 20:07:00.000
1143,SAR650984,SAR650984_IND009,"Dosing, administration & device",Primary Packaging (Device),,,,,,Slightly Worse,,,,,Slightly Worse,,,,,,,,Draft,2025-02-18 19:55:00.000,2025-02-18 20:08:00.000
1144,SAR650984,SAR650984_IND009,Efficacy,Endpoint / Claim 1,"Median PFS > 100 mo
",,,,"Median PFS: 60mo
",Slightly Better,,,,"Rev to PD preliminary data from NCI/ECOG E3A06 trial is available on PFS at 1, 2 and 3 years
",Slightly Better,,,,,,,,Draft,2025-02-18 19:55:00.000,2025-02-18 20:08:00.000
1145,SAR650984,SAR650984_IND009,Efficacy,Endpoint / Claim 2,"Median PFS2 >138 mo; 
 
Median OS >186 mo; 

MRD-ve Rate:≥30%
",,,,"Median PFS2 90 mo;  

Median OS: 130 mo

MRD-ve Rate: 15%

",Slightly Better,,,,"Ph III AQUILA Study:  DARA SC in HR-SMM
Lenalidomide NCI Study

No collection of MRD-ve data indicated for AQUILA or NCI study, per CT.gov 
",Slightly Better,,,,,,,,Draft,2025-02-18 19:55:00.000,2025-02-18 20:08:00.000
1146,SAR650984,SAR650984_IND009,Safety & Warnings,Basic Safety profile,"Manageable toxicity profile
IRR: 40-50% IR (≤3% ≥Gr 3) with pre-med prophylaxis
Interference with cross-matching and RBC antibody screening
No significant additive AEs with rev dex
No significant worsening of Qol vs. rev/dex
",,,,"Hematologic toxicity (neutropenia, anemia, thrombocytopenia), venous thromboembolism, hypersensitivity rxns, dizziness/ confusion, neuropathy, second primary malignancies
",Slightly Worse,,,,"Same class of drug for Dara
SC Infusion reactions (Pavo with co-formulated Dara High C and rHuPH20 in 25 patients):Dara SC: IRRs 16% (no gr 3/4), 24% reversible erythema
",Slightly Worse,,,,,,,,Draft,2025-02-18 19:55:00.000,2025-02-18 20:08:00.000
1147,SP0202,SP0202_IND003,Expected Indication,Indication,"Active immunization for the prevention of Streptococcus pneumoniae disease in Infants/toddlers 6 weeks to 23 months & children 2-17y
US:    Primary1: Invasive pneumococcal disease (IPD) 6w-17
EU:   Primary1, 2 : IPD, AOM & Pneumonia 6w-17y
",,,Prevnar20,"Prevnar20 (as for PCV13): 
All age groups at time of SKYPAC licensure
US: IPD 6w+; AOM 6w–5y3 ; Pneumonia: 18y+
 EU: IPD & Pneumonia 6w+; AOM: 6w-17y
",Slightly Better,,,Vaxneuvance,"All age groups at time of SKYPAC licensure
US: IPD 6w+ 4
EU: IPD & Pneumonia 6w+; AOM: 6w-17y",Equivalent,,,,,,,,Draft,2025-02-19 17:15:00.000,2025-02-19 17:15:00.000
1148,SP0202,SP0202_IND003,"Dosing, administration & device",Route of administration,"Administered intramuscularly
",,,Prevnar20,Administered intramuscularly.,Equivalent,,,Vaxneuvance,Administered intramuscularly.,Equivalent,,,,,,,,Draft,2025-02-19 17:15:00.000,2025-02-19 17:15:00.000
1149,SP0202,SP0202_IND003,"Dosing, administration & device",Dosage,"For all age groups, a 0.5 mL dose.
Single dose for other age-groups (naïve or PCV-vaccinated)
Interchangeability with PCV20 demonstrated for primary & boost doses of 3+1
",,,Prevnar20,"Infants & toddlers: all schedules well-documented. Same catch-up schedules as PCV13 for PCV naïve
Single dose for other age-groups (naïve / PCV-vaccinated)
Interchangeability with PCV13 for infant / toddler schedules",Equivalent,,,Vaxneuvance,"Infants & toddlers: all schedules well-documented. Same catch-up schedules as PCV13 for PCV naïve
Single dose for other age-groups (naïve / PCV-vaccinated)
Interchangeability with PCV13 for infant / toddler schedules",Equivalent,,,,,,,,Draft,2025-02-19 17:15:00.000,2025-02-19 17:15:00.000
1150,SP0202,SP0202_IND003,"Dosing, administration & device",Patient Population/schedule,"Main schedules (3+1, 2+1) at licensure, plus catch-up schedules for 7-11m, 12-23m and 2-17y PCV naïve subjects.",,,Prevnar20,"Infants & toddlers: all schedules well-documented. Same catch-up schedules as PCV13 for PCV naïve
Single dose for other age-groups (naïve / PCV-vaccinated)
Interchangeability with PCV13 for infant / toddler schedules",Equivalent,,,Vaxneuvance,"Infants & toddlers: all schedules well-documented. Same catch-up schedules as PCV13 for PCV naïve
Single dose for other age-groups (naïve / PCV-vaccinated)
Interchangeability with PCV13 for infant / toddler schedules",Equivalent,,,,,,,,Draft,2025-02-19 17:15:00.000,2025-02-19 17:15:00.000
1151,SP0202,SP0202_IND003,"Dosing, administration & device",Primary Packaging (Device),Luer lock PFS with Rigid Tip Cap; Safety needle optional co-packaged element.,,,Prevnar20,PFS only in most markets. UDV and multi-dose vial in international markets.,Equivalent,,,Vaxneuvance,PFS only in most markets. UDV and multi-dose vial in international markets.,Equivalent,,,,,,,,Draft,2025-02-19 17:15:00.000,2025-02-19 17:15:00.000
1152,SP0202,SP0202_IND003,Efficacy,Endpoint / Claim 1,"Claim: protection against vaccine serotype IPD 
Endpoint: Immune response to vaccine serotypes vs. SoC (Prevnar20) 
",,,Prevnar20,"Prevnar20: AOM claim in US (Prevnar20 US AOM claim limited to Prevnar7 STs; no ST limitation in EU) & EU; Pneumonia EU only. Efficacy data AOM (Prevnar7) & Pneumonia (Prevnar13). 
",Slightly Better,,,Vaxneuvance,Vaxneuvance: Immune response Vx STs. Addnl dataset (not in P.I.): Superior immune response ST3 vs. Prevnar13/20,Equivalent,,,,,,,,Draft,2025-02-19 17:16:00.000,2025-02-19 17:16:00.000
1153,SP0202,SP0202_IND003,Efficacy,Endpoint / Claim 2,"Claim: Protection against Vaccine ST AOM & Pneumonia in EU, not in US
Endpoint: No efficacy / effectiveness data for AOM / Pneumonia planned.  Claim targeted with immune data where possible (i.e. in EU, not in US). Effectiveness demonstration (IPD) may be required post-licensure",,,Prevnar20,,Slightly Better,,,Vaxneuvance,"Vaxneuvance: Vx ST AOM & Pneumonia claim in EU, not in US. AOM effectiveness study ongoing – no data to date",Equivalent,,,,,,,,Draft,2025-02-19 17:16:00.000,2025-02-19 17:16:00.000
1154,SP0202,SP0202_IND003,Safety & Warnings,Basic Safety profile,"Comparable safety profile to SoC; more limited clinical experience at licensure.
Co-administration data for priority vaccines.
",,,Prevnar20,"Good safety profile & co-administration with priority vaccines
Extensive experience data, including special populations
",Slightly Worse,,,Vaxneuvance,"Good safety profile & co-administration with priority vaccines
Extensive experience data, including special populations",Slightly Worse,,,,,,,,Draft,2025-02-19 17:16:00.000,2025-02-19 17:16:00.000
1155,SP0202,SP0202_IND003,Expected Indication,Indication,"Active immunization for the prevention of Streptococcus pneumoniae disease in Infants/toddlers 6 weeks to 23 months & children 2-17y
US:    Primary1: Invasive pneumococcal disease (IPD) 6w-17
EU:   Primary1, 2 : IPD, AOM & Pneumonia 6w-17y
",,,Prevnar20,"Prevnar20 (as for PCV13): 
All age groups at time of SKYPAC licensure
US: IPD 6w+; AOM 6w–5y3 ; Pneumonia: 18y+
 EU: IPD & Pneumonia 6w+; AOM: 6w-17y
",Slightly Better,,,Vaxneuvance,"Vaxneuvance: All age groups at time of SKYPAC licensure
US: IPD 6w+ 4
EU: IPD & Pneumonia 6w+; AOM: 6w-17y",Equivalent,,,PPV23,PPV23: Current SoC for at-risk population,Slightly Worse,,,Draft,2025-02-19 17:18:00.000,2025-02-19 17:30:00.000
1156,SP0202,SP0202_IND003,"Dosing, administration & device",Route of administration,"Administered intramuscularly
",,,Prevnar20,Prevnar20: Administered intramuscularly.,Equivalent,,,Vaxneuvance,Vaxneuvance: Administered intramuscularly.,Equivalent,,,PPV23,PPV23: Administered intramuscularly.,,,,Draft,2025-02-19 17:18:00.000,2025-02-19 17:30:00.000
1157,SP0202,SP0202_IND003,"Dosing, administration & device",Dosage,"For all age groups, a 0.5 mL dose.
Single dose for other age-groups (naïve or PCV-vaccinated)
Interchangeability with PCV20 demonstrated for primary & boost doses of 3+1
",,,Prevnar20,"Prevnar20: Infants & toddlers: all schedules well-documented. Same catch-up schedules as PCV13 for PCV naïve
Single dose for other age-groups (naïve / PCV-vaccinated)
Interchangeability with PCV13 for infant / toddler schedules",Equivalent,,,Vaxneuvance,"Vaxneuvance: Infants & toddlers: all schedules well-documented. Same catch-up schedules as PCV13 for PCV naïve
Single dose for other age-groups (naïve / PCV-vaccinated)
Interchangeability with PCV13 for infant / toddler schedules",Equivalent,,,PPV23,,,,,Draft,2025-02-19 17:18:00.000,2025-02-19 17:30:00.000
1158,SP0202,SP0202_IND003,"Dosing, administration & device",Patient Population/schedule,"Main schedules (3+1, 2+1) at licensure, plus catch-up schedules for 7-11m, 12-23m and 2-17y PCV naïve subjects.",,,Prevnar20,"Prevnar20: Infants & toddlers: all schedules well-documented. Same catch-up schedules as PCV13 for PCV naïve
Single dose for other age-groups (naïve / PCV-vaccinated)
Interchangeability with PCV13 for infant / toddler schedules",Equivalent,,,Vaxneuvance,"Vaxneuvance: Infants & toddlers: all schedules well-documented. Same catch-up schedules as PCV13 for PCV naïve
Single dose for other age-groups (naïve / PCV-vaccinated)
Interchangeability with PCV13 for infant / toddler schedules",Equivalent,,,PPV23,,,,,Draft,2025-02-19 17:18:00.000,2025-02-19 17:30:00.000
1159,SP0202,SP0202_IND003,"Dosing, administration & device",Primary Packaging (Device),Luer lock PFS with Rigid Tip Cap; Safety needle optional co-packaged element.,,,Prevnar20,Prevnar20: PFS only in most markets. UDV and multi-dose vial in international markets.,Equivalent,,,Vaxneuvance,Vaxneuvance: PFS only in most markets. UDV and multi-dose vial in international markets.,Equivalent,,,PPV23,,,,,Draft,2025-02-19 17:18:00.000,2025-02-19 17:31:00.000
1160,SP0202,SP0202_IND003,Efficacy,Endpoint / Claim 1,"Claim: protection against vaccine serotype IPD 
Endpoint: Immune response to vaccine serotypes vs. SoC (Prevnar20) 
",,,Prevnar20,"Prevnar20: AOM claim in US (Prevnar20 US AOM claim limited to Prevnar7 STs; no ST limitation in EU) & EU; Pneumonia EU only. Efficacy data AOM (Prevnar7) & Pneumonia (Prevnar13). 
",Slightly Better,,,Vaxneuvance,Vaxneuvance: Immune response Vx STs. Addnl dataset (not in P.I.): Superior immune response ST3 vs. Prevnar13/20,Equivalent,,,PPV23,,,,,Draft,2025-02-19 17:18:00.000,2025-02-19 17:31:00.000
1161,SP0202,SP0202_IND003,Efficacy,Endpoint / Claim 2,"Claim: Protection against Vaccine ST AOM & Pneumonia in EU, not in US
Endpoint: No efficacy / effectiveness data for AOM / Pneumonia planned.  Claim targeted with immune data where possible (i.e. in EU, not in US). Effectiveness demonstration (IPD) may be required post-licensure",,,Prevnar20,,Slightly Better,,,Vaxneuvance,"Vaxneuvance: Vx ST AOM & Pneumonia claim in EU, not in US. AOM effectiveness study ongoing – no data to date",Equivalent,,,PPV23,,,,,Draft,2025-02-19 17:18:00.000,2025-02-19 17:31:00.000
1162,SP0202,SP0202_IND003,Safety & Warnings,Basic Safety profile,"Comparable safety profile to SoC; more limited clinical experience at licensure.
Co-administration data for priority vaccines.
",,,Prevnar20,"Prevnar20: Good safety profile & co-administration with priority vaccines
Extensive experience data, including special populations
",Slightly Worse,,,Vaxneuvance,"Vaxneuvance: Good safety profile & co-administration with priority vaccines
Extensive experience data, including special populations",Slightly Worse,,,PPV23,"PPV23: Good safety profile & co-administration with priority vaccines
Extensive experience data, including special populations",Slightly Worse,,,Draft,2025-02-19 17:18:00.000,2025-02-19 17:31:00.000
1163,SP0202,SP0202_IND003,Expected Indication,Indication,"Active immunization for the prevention of Streptococcus pneumoniae disease in Infants/toddlers 6 weeks to 23 months & children 2-17y
US:    Primary1: Invasive pneumococcal disease (IPD) 6w-17
EU:   Primary1, 2 : IPD, AOM & Pneumonia 6w-17y
",,,Prevnar20,"Prevnar20 (as for PCV13): 
All age groups at time of SKYPAC licensure
US: IPD 6w+; AOM 6w–5y3 ; Pneumonia: 18y+
 EU: IPD & Pneumonia 6w+; AOM: 6w-17y
",Slightly Worse,,,Vaxneuvance,"Vaxneuvance: All age groups at time of SKYPAC licensure
US: IPD 6w+ 4
EU: IPD & Pneumonia 6w+; AOM: 6w-17y",Slightly Worse,,,,PPV23: Current SoC for at-risk population,Slightly Worse,,,Publish,2025-02-24 14:54:00.000,2025-12-11 14:48:00.000
1164,SP0202,SP0202_IND003,"Dosing, administration & device",Route of administration,"Administered intramuscularly
",,,Prevnar20,Prevnar20: Administered intramuscularly.,Equivalent,,,Vaxneuvance,Vaxneuvance: Administered intramuscularly.,Equivalent,,,,PPV23: Administered intramuscularly.,,,,Publish,2025-02-24 14:54:00.000,2025-12-11 14:48:00.000
1165,SP0202,SP0202_IND003,"Dosing, administration & device",Dosage,"For all age groups, a 0.5 mL dose.
Single dose for other age-groups (naïve or PCV-vaccinated)
Interchangeability with PCV20 demonstrated for primary & boost doses of 3+1
",,,Prevnar20,"Prevnar20: Infants & toddlers: all schedules well-documented. Same catch-up schedules as PCV13 for PCV naïve
Single dose for other age-groups (naïve / PCV-vaccinated)
Interchangeability with PCV13 for infant / toddler schedules",Equivalent,,,Vaxneuvance,"Vaxneuvance: Infants & toddlers: all schedules well-documented. Same catch-up schedules as PCV13 for PCV naïve
Single dose for other age-groups (naïve / PCV-vaccinated)
Interchangeability with PCV13 for infant / toddler schedules",Equivalent,,,,,,,,Publish,2025-02-24 14:54:00.000,2025-12-11 14:48:00.000
1166,SP0202,SP0202_IND003,"Dosing, administration & device",Patient Population/schedule,"Main schedules (3+1, 2+1) at licensure, plus catch-up schedules for 7-11m, 12-23m and 2-17y PCV naïve subjects.",,,Prevnar20,"Prevnar20: Infants & toddlers: all schedules well-documented. Same catch-up schedules as PCV13 for PCV naïve
Single dose for other age-groups (naïve / PCV-vaccinated)
Interchangeability with PCV13 for infant / toddler schedules",Equivalent,,,Vaxneuvance,"Vaxneuvance: Infants & toddlers: all schedules well-documented. Same catch-up schedules as PCV13 for PCV naïve
Single dose for other age-groups (naïve / PCV-vaccinated)
Interchangeability with PCV13 for infant / toddler schedules",Equivalent,,,,,,,,Publish,2025-02-24 14:54:00.000,2025-12-11 14:48:00.000
1167,SP0202,SP0202_IND003,"Dosing, administration & device",Primary Packaging (Device),Luer lock PFS with Rigid Tip Cap; Safety needle optional co-packaged element.,,,Prevnar20,Prevnar20: PFS only in most markets. UDV and multi-dose vial in international markets.,Equivalent,,,Vaxneuvance,Vaxneuvance: PFS only in most markets. UDV and multi-dose vial in international markets.,Equivalent,,,,,,,,Publish,2025-02-24 14:55:00.000,2025-12-11 14:48:00.000
1168,SP0202,SP0202_IND003,Efficacy,Endpoint / Claim 1,"Claim: protection against vaccine serotype IPD 
Endpoint: Immune response to vaccine serotypes vs. SoC (Prevnar20) 
",,,Prevnar20,"Prevnar20: AOM claim in US (Prevnar20 US AOM claim limited to Prevnar7 STs; no ST limitation in EU) & EU; Pneumonia EU only. Efficacy data AOM (Prevnar7) & Pneumonia (Prevnar13). 
",Slightly Better,,,Vaxneuvance,Vaxneuvance: Immune response Vx STs. Addnl dataset (not in P.I.): Superior immune response ST3 vs. Prevnar13/20,Equivalent,,,,,,,,Publish,2025-02-24 14:55:00.000,2025-12-11 14:48:00.000
1169,SP0202,SP0202_IND003,Efficacy,Endpoint / Claim 2,"Claim: Protection against Vaccine ST AOM & Pneumonia in EU, not in US
Endpoint: No efficacy / effectiveness data for AOM / Pneumonia planned.  Claim targeted with immune data where possible (i.e. in EU, not in US). Effectiveness demonstration (IPD) may be required post-licensure",,,Prevnar20,,Slightly Better,,,Vaxneuvance,"Vaxneuvance: Vx ST AOM & Pneumonia claim in EU, not in US. AOM effectiveness study ongoing – no data to date",Equivalent,,,,,,,,Publish,2025-02-24 14:55:00.000,2025-12-11 14:49:00.000
1170,SP0202,SP0202_IND003,Safety & Warnings,Basic Safety profile,"Comparable safety profile to SoC; more limited clinical experience at licensure.
Co-administration data for priority vaccines.
",,,Prevnar20,"Prevnar20: Good safety profile & co-administration with priority vaccines
Extensive experience data, including special populations
",Slightly Worse,,,Vaxneuvance,"Vaxneuvance: Good safety profile & co-administration with priority vaccines
Extensive experience data, including special populations",Slightly Worse,,,,"PPV23: Good safety profile & co-administration with priority vaccines
Extensive experience data, including special populations",Slightly Worse,,,Publish,2025-02-24 14:55:00.000,2025-12-11 14:49:00.000
1171,SAR447816,SAR447816_IND001,Expected Indication,Indication,"The first line treatment to metastatic NSCLC with PD-L1≥1% (unfit or refuse chemo treatment for PD-L1 within 1%-49%) and CD73>30% and without EGFR or ALK gene mutation 
",,,,,,,,,,,,,,,,,,Draft,2025-02-27 08:48:00.000,2025-02-27 08:48:00.000
1172,SAR447816,SAR447816_IND001,"Dosing, administration & device",Route of administration,,,,,,,,,,,,,,,,,,,Draft,2025-02-27 08:48:00.000,2025-02-27 08:48:00.000
1173,SAR447816,SAR447816_IND001,"Dosing, administration & device",Dosage,,,,,,,,,,,,,,,,,,,Draft,2025-02-27 08:48:00.000,2025-02-27 08:48:00.000
1174,SAR447816,SAR447816_IND001,"Dosing, administration & device",Patient Population/schedule,,,,,,,,,,,,,,,,,,,Draft,2025-02-27 08:48:00.000,2025-02-27 08:48:00.000
1175,SAR447816,SAR447816_IND001,"Dosing, administration & device",Primary Packaging (Device),,,,,,,,,,,,,,,,,,,Draft,2025-02-27 08:48:00.000,2025-02-27 08:48:00.000
1176,SAR447816,SAR447816_IND001,Efficacy,Endpoint / Claim 1,,,,,,,,,,,,,,,,,,,Draft,2025-02-27 08:48:00.000,2025-02-27 08:48:00.000
1177,SAR447816,SAR447816_IND001,Efficacy,Endpoint / Claim 2,,,,,,,,,,,,,,,,,,,Draft,2025-02-27 08:48:00.000,2025-02-27 08:48:00.000
1178,SAR447816,SAR447816_IND001,Safety & Warnings,Basic Safety profile,,,,,,,,,,,,,,,,,,,Draft,2025-02-27 08:48:00.000,2025-02-27 08:48:00.000
1179,SAR447816,SAR447816_IND001,Expected Indication,Indication,"The first line treatment to metastatic NSCLC with PD-L1≥1% (unfit or refuse chemo treatment for PD-L1 within 1%-49%) and CD73>30% and without EGFR or ALK gene mutation 
",,,Pembrolizumab,"As a single agent for the first-line treatment of patients with NSCLC expressing PD-L1≥1% with no EGFR or ALK genomic tumor aberrations
",Equivalent,,,,,,,,,,,,,Publish,2025-02-27 08:49:00.000,2025-02-27 09:33:00.000
1180,SAR447816,SAR447816_IND001,"Dosing, administration & device",Route of administration,IV,,,Pembrolizumab,IV,Equivalent,,,,,,,,,,,,,Publish,2025-02-27 08:49:00.000,2025-02-27 09:34:00.000
1181,SAR447816,SAR447816_IND001,"Dosing, administration & device",Dosage,"30mg/kg on C1D1,D8 and every 3w from C2
",,,Pembrolizumab,"200 mg every 3 weeks or 400 mg every 6 weeks
",Equivalent,,,,,,,,,,,,,Publish,2025-02-27 08:49:00.000,2025-02-27 09:34:00.000
1182,SAR447816,SAR447816_IND001,"Dosing, administration & device",Patient Population/schedule,,,,Pembrolizumab,,Equivalent,,,,,,,,,,,,,Publish,2025-02-27 08:49:00.000,2025-02-27 09:34:00.000
1183,SAR447816,SAR447816_IND001,"Dosing, administration & device",Primary Packaging (Device),"CDX for CD73 IHC expression
",,,Pembrolizumab,CDX for PDL1 IHC expression,Equivalent,,,,,,,,,,,,,Publish,2025-02-27 08:49:00.000,2025-02-27 09:34:00.000
1184,SAR447816,SAR447816_IND001,Efficacy,Endpoint / Claim 1,"PFS: 8.7m (HR 0.62)
",,,Pembrolizumab,"PFS: 5.4m
",Slightly Better,,,,,,,,,,,,,Publish,2025-02-27 08:49:00.000,2025-02-27 09:34:00.000
1185,SAR447816,SAR447816_IND001,Efficacy,Endpoint / Claim 2,"OS: 24m (HR 0.68)
ORR: 60%
",,,Pembrolizumab,"OS: 16.7m
ORR: 27%
",Slightly Better,,,,,,,,,,,,,Publish,2025-02-27 08:49:00.000,2025-02-27 09:34:00.000
1186,SAR447816,SAR447816_IND001,Safety & Warnings,Basic Safety profile,"No significantly more irAEs​
No contraindications
",,,Pembrolizumab,"irAEs
IRR
",Equivalent,,,,,,,,,,,,,Publish,2025-02-27 08:49:00.000,2025-02-27 09:35:00.000
1187,SAR447816,SAR447816_IND002,Expected Indication,Indication,"The first line treatment to metastatic NSCLC without EFGR or ALK gene mutation
",,,Sintilimab+Chemo,"The first line treatment to unresectable or metastatic NSCLC without EFGR or ALK gene mutation
",Equivalent,,,,,,,,,,,,,Publish,2025-02-27 10:36:00.000,2025-02-27 10:36:00.000
1188,SAR447816,SAR447816_IND002,"Dosing, administration & device",Route of administration,IV,,,Sintilimab+Chemo,IV,Equivalent,,,,,,,,,,,,,Publish,2025-02-27 10:36:00.000,2025-02-27 10:36:00.000
1189,SAR447816,SAR447816_IND002,"Dosing, administration & device",Dosage,"30mg/kg, on C1D1,D8 and every 3w from C2",,,Sintilimab+Chemo,200 mg every 3 weeks,Equivalent,,,,,,,,,,,,,Publish,2025-02-27 10:37:00.000,2025-02-27 10:37:00.000
1190,SAR447816,SAR447816_IND002,"Dosing, administration & device",Patient Population/schedule,,,,Sintilimab+Chemo,,Equivalent,,,,,,,,,,,,,Publish,2025-02-27 10:37:00.000,2025-02-27 10:37:00.000
1191,SAR447816,SAR447816_IND002,"Dosing, administration & device",Primary Packaging (Device),,,,Sintilimab+Chemo,,Equivalent,,,,,,,,,,,,,Publish,2025-02-27 10:37:00.000,2025-02-27 10:37:00.000
1192,SAR447816,SAR447816_IND002,Efficacy,Endpoint / Claim 1,"PFS: 12.5m (HR 0.64)
",,,Sintilimab+Chemo,"PFS: 8m
",Slightly Better,,,,,,,,,,,,,Publish,2025-02-27 10:37:00.000,2025-02-27 10:37:00.000
1193,SAR447816,SAR447816_IND002,Efficacy,Endpoint / Claim 2,"OS: 30m (HR 0.7)
ORR: 75%
",,,Sintilimab+Chemo,"OS: 21m
ORR: 48%
",Slightly Better,,,,,,,,,,,,,Publish,2025-02-27 10:37:00.000,2025-02-27 10:37:00.000
1194,SAR447816,SAR447816_IND002,Safety & Warnings,Basic Safety profile,"No significantly more irAEs​
No contraindications
",,,Sintilimab+Chemo,"irAEs
IRR
",Equivalent,,,,,,,,,,,,,Publish,2025-02-27 10:37:00.000,2025-02-27 10:37:00.000
1195,LC81331,LC81331_IND001,Expected Indication,Indication,"2/3L NSCLC, post IO, regardless of PD-L1 positivity",,,,,,,,,,,,,,,,,,Draft,2025-03-10 11:58:00.000,2025-03-10 11:58:00.000
1196,LC81331,LC81331_IND001,"Dosing, administration & device",Route of administration,"IV up to POC and then SC for pivotal study
No device for IV administration  
Device to be assessed for SC formulation
",,,,,,,,,,,,,,,,,,Draft,2025-03-10 11:58:00.000,2025-03-10 11:58:00.000
1197,LC81331,LC81331_IND001,"Dosing, administration & device",Dosage,,,,,,,,,,,,,,,,,,,Draft,2025-03-10 11:58:00.000,2025-03-10 11:58:00.000
1198,LC81331,LC81331_IND001,"Dosing, administration & device",Patient Population/schedule,Q2W to Q6W,,,,,,,,,,,,,,,,,,Draft,2025-03-10 11:58:00.000,2025-03-10 11:58:00.000
1199,LC81331,LC81331_IND001,"Dosing, administration & device",Primary Packaging (Device),,,,,,,,,,,,,,,,,,,Draft,2025-03-10 11:58:00.000,2025-03-10 11:58:00.000
1200,LC81331,LC81331_IND001,Efficacy,Endpoint / Claim 1,TBD,,,,,,,,,,,,,,,,,,Draft,2025-03-10 11:58:00.000,2025-03-10 11:58:00.000
1201,LC81331,LC81331_IND001,Efficacy,Endpoint / Claim 2,,,,,,,,,,,,,,,,,,,Draft,2025-03-10 11:58:00.000,2025-03-10 11:58:00.000
1202,LC81331,LC81331_IND001,Safety & Warnings,Basic Safety profile,"Immune-mediated AEs in line with anti-PD-1/PDL-1. Transaminitis, hepatotoxicity.",,,,,,,,,,,,,,,,,,Draft,2025-03-10 11:58:00.000,2025-03-10 11:58:00.000
1203,LC81331,LC81331_IND001,Expected Indication,Indication,"2/3L NSCLC, post IO, regardless of PD-L1 positivity",,,"Keytruda (PD-1) + Ramucirumab (VEGFR2i) (LUNG-MAP S1800A, Ph2) or equivalent",LUNG-MAP not registrational. Equivalent indication would be pembrolizumab + ramucirumab for locally advanced or metastatic NSCLC after IO therapy failure. ,,,,,,,,,,,,,,Draft,2025-03-10 12:01:00.000,2025-03-10 12:01:00.000
1204,LC81331,LC81331_IND001,"Dosing, administration & device",Route of administration,"IV up to POC and then SC for pivotal study
No device for IV administration  
Device to be assessed for SC formulation
",,,"Keytruda (PD-1) + Ramucirumab (VEGFR2i) (LUNG-MAP S1800A, Ph2) or equivalent",,,,,,,,,,,,,,,Draft,2025-03-10 12:01:00.000,2025-03-10 12:01:00.000
1205,LC81331,LC81331_IND001,"Dosing, administration & device",Dosage,,,,"Keytruda (PD-1) + Ramucirumab (VEGFR2i) (LUNG-MAP S1800A, Ph2) or equivalent","Keytruda: 200 mg every 3 weeks or 400 mg every 6 weeks
Ramucirumab: 10 mg/kg Q3W3, ~6 cycles",,,,,,,,,,,,,,Draft,2025-03-10 12:01:00.000,2025-03-10 12:01:00.000
1206,LC81331,LC81331_IND001,"Dosing, administration & device",Patient Population/schedule,Q2W to Q6W,,,"Keytruda (PD-1) + Ramucirumab (VEGFR2i) (LUNG-MAP S1800A, Ph2) or equivalent",,,,,,,,,,,,,,,Draft,2025-03-10 12:01:00.000,2025-03-10 12:01:00.000
1207,LC81331,LC81331_IND001,"Dosing, administration & device",Primary Packaging (Device),,,,"Keytruda (PD-1) + Ramucirumab (VEGFR2i) (LUNG-MAP S1800A, Ph2) or equivalent",,,,,,,,,,,,,,,Draft,2025-03-10 12:01:00.000,2025-03-10 12:01:00.000
1208,LC81331,LC81331_IND001,Efficacy,Endpoint / Claim 1,TBD,,,"Keytruda (PD-1) + Ramucirumab (VEGFR2i) (LUNG-MAP S1800A, Ph2) or equivalent","ORR 22%
OS 4.5 mon
mPFS 14.5 mon",,,,,,,,,,,,,,Draft,2025-03-10 12:01:00.000,2025-03-10 12:01:00.000
1209,LC81331,LC81331_IND001,Efficacy,Endpoint / Claim 2,,,,"Keytruda (PD-1) + Ramucirumab (VEGFR2i) (LUNG-MAP S1800A, Ph2) or equivalent",,,,,,,,,,,,,,,Draft,2025-03-10 12:01:00.000,2025-03-10 12:01:00.000
1210,LC81331,LC81331_IND001,Safety & Warnings,Basic Safety profile,"Immune-mediated AEs in line with anti-PD-1/PDL-1. Transaminitis, hepatotoxicity.",,,"Keytruda (PD-1) + Ramucirumab (VEGFR2i) (LUNG-MAP S1800A, Ph2) or equivalent","Gr 3+ AEs include - Hypertension, fatigue, lung infection, lymphocytes decreased, neutrophil count decreased",,,,,,,,,,,,,,Draft,2025-03-10 12:01:00.000,2025-03-10 12:01:00.000
1211,LC81331,LC81331_IND001,Expected Indication,Indication,"2/3L NSCLC, post IO, regardless of PD-L1 positivity",,,"Keytruda (PD-1) + Ramucirumab (VEGFR2i) (LUNG-MAP S1800A, Ph2) or equivalent",LUNG-MAP not registrational. Equivalent indication would be pembrolizumab + ramucirumab for locally advanced or metastatic NSCLC after IO therapy failure. ,Equivalent,,,Docetaxel,"Locally advanced or metastatic NSCLC after platinum therapy 
failure; and with cisplatin for unresectable, locally advanced or 
metastatic untreated NSCLC.",,,,,,,,,Draft,2025-03-10 12:02:00.000,2025-03-10 12:04:00.000
1212,LC81331,LC81331_IND001,"Dosing, administration & device",Route of administration,"IV up to POC and then SC for pivotal study
No device for IV administration  
Device to be assessed for SC formulation
",,,"Keytruda (PD-1) + Ramucirumab (VEGFR2i) (LUNG-MAP S1800A, Ph2) or equivalent",,Slightly Better,,,Docetaxel,IV dosing,,,,,,,,,Draft,2025-03-10 12:03:00.000,2025-03-10 12:04:00.000
1213,LC81331,LC81331_IND001,"Dosing, administration & device",Dosage,Q2W to Q6W,,,"Keytruda (PD-1) + Ramucirumab (VEGFR2i) (LUNG-MAP S1800A, Ph2) or equivalent","Keytruda: 200 mg every 3 weeks or 400 mg every 6 weeks
Ramucirumab: 10 mg/kg Q3W3, ~6 cycles",Slightly Better,,,Docetaxel,Q3W,,,,,,,,,Draft,2025-03-10 12:03:00.000,2025-03-10 12:04:00.000
1214,LC81331,LC81331_IND001,"Dosing, administration & device",Patient Population/schedule,,,,"Keytruda (PD-1) + Ramucirumab (VEGFR2i) (LUNG-MAP S1800A, Ph2) or equivalent",,Slightly Better,,,Docetaxel,,,,,,,,,,Draft,2025-03-10 12:03:00.000,2025-03-10 12:04:00.000
1215,LC81331,LC81331_IND001,"Dosing, administration & device",Primary Packaging (Device),,,,"Keytruda (PD-1) + Ramucirumab (VEGFR2i) (LUNG-MAP S1800A, Ph2) or equivalent",,Slightly Better,,,Docetaxel,,,,,,,,,,Draft,2025-03-10 12:03:00.000,2025-03-10 12:04:00.000
1216,LC81331,LC81331_IND001,Efficacy,Endpoint / Claim 1,TBD,,,"Keytruda (PD-1) + Ramucirumab (VEGFR2i) (LUNG-MAP S1800A, Ph2) or equivalent","ORR: 22%
OS: 4.5 mon
mPFS: 14.5 mon",Better,,,Docetaxel,OS:  9.4 - 11.2 months ,,,,,,,,,Draft,2025-03-10 12:03:00.000,2025-03-10 12:04:00.000
1217,LC81331,LC81331_IND001,Efficacy,Endpoint / Claim 2,,,,"Keytruda (PD-1) + Ramucirumab (VEGFR2i) (LUNG-MAP S1800A, Ph2) or equivalent",,Better,,,Docetaxel,,,,,,,,,,Draft,2025-03-10 12:03:00.000,2025-03-10 12:04:00.000
1218,LC81331,LC81331_IND001,Safety & Warnings,Basic Safety profile,"Immune-mediated AEs in line with anti-PD-1/PDL-1. Transaminitis, hepatotoxicity.",,,"Keytruda (PD-1) + Ramucirumab (VEGFR2i) (LUNG-MAP S1800A, Ph2) or equivalent","Gr 3+ AEs include - Hypertension, fatigue, lung infection, lymphocytes decreased, neutrophil count decreased",Slightly Better,,,Docetaxel,,,,,,,,,,Draft,2025-03-10 12:03:00.000,2025-03-10 12:04:00.000
1219,LC81331,LC81331_IND001,Expected Indication,Indication,"2/3L NSCLC, post IO, regardless of PD-L1 positivity",,,Keytruda (PD-1) + Ramucirumab (VEGFR2i) or equivalent,LUNG-MAP not registrational. Equivalent indication would be pembrolizumab + ramucirumab for locally advanced or metastatic NSCLC after IO therapy failure. ,Equivalent,,,Docetaxel,"Locally advanced or metastatic NSCLC after platinum therapy 
failure; and with cisplatin for unresectable, locally advanced or 
metastatic untreated NSCLC.",,,,,,,,,Publish,2025-03-10 12:06:00.000,2025-03-10 12:08:00.000
1220,LC81331,LC81331_IND001,"Dosing, administration & device",Route of administration,"IV up to POC and then SC for pivotal study

",,,Keytruda (PD-1) + Ramucirumab (VEGFR2i) or equivalent,,Equivalent,,,Docetaxel,IV dosing,,,,,,,,,Publish,2025-03-10 12:06:00.000,2025-03-10 12:08:00.000
1221,LC81331,LC81331_IND001,"Dosing, administration & device",Dosage,Q2W to Q6W,,,Keytruda (PD-1) + Ramucirumab (VEGFR2i) or equivalent,"Keytruda: 200 mg every 3 weeks or 400 mg every 6 weeks
Ramucirumab: 10 mg/kg Q3W3, ~6 cycles",Equivalent,,,Docetaxel,Q3W,,,,,,,,,Publish,2025-03-10 12:06:00.000,2025-03-10 12:08:00.000
1222,LC81331,LC81331_IND001,"Dosing, administration & device",Patient Population/schedule,,,,Keytruda (PD-1) + Ramucirumab (VEGFR2i) or equivalent,,Equivalent,,,Docetaxel,,,,,,,,,,Publish,2025-03-10 12:06:00.000,2025-03-10 12:09:00.000
1223,LC81331,LC81331_IND001,"Dosing, administration & device",Primary Packaging (Device),"No device for IV administration  
Device to be assessed for SC formulation",,,Keytruda (PD-1) + Ramucirumab (VEGFR2i) or equivalent,,Equivalent,,,Docetaxel,,,,,,,,,,Publish,2025-03-10 12:06:00.000,2025-03-10 12:09:00.000
1224,LC81331,LC81331_IND001,Efficacy,Endpoint / Claim 1,TBD,,,Keytruda (PD-1) + Ramucirumab (VEGFR2i) or equivalent,"ORR: 22%
OS: 4.5 mon
mPFS: 14.5 mon",Slightly Better,,,Docetaxel,OS:  9.4 - 11.2 months ,,,,,,,,,Publish,2025-03-10 12:06:00.000,2025-03-10 12:09:00.000
1225,LC81331,LC81331_IND001,Efficacy,Endpoint / Claim 2,,,,Keytruda (PD-1) + Ramucirumab (VEGFR2i) or equivalent,,Slightly Better,,,Docetaxel,,,,,,,,,,Publish,2025-03-10 12:06:00.000,2025-03-10 12:09:00.000
1226,LC81331,LC81331_IND001,Safety & Warnings,Basic Safety profile,"Immune-mediated AEs in line with anti-PD-1/PDL-1. Transaminitis, hepatotoxicity.",,,Keytruda (PD-1) + Ramucirumab (VEGFR2i) or equivalent,"Gr 3+ AEs include - Hypertension, fatigue, lung infection, lymphocytes decreased, neutrophil count decreased",Equivalent,,,Docetaxel,,,,,,,,,,Publish,2025-03-10 12:06:00.000,2025-03-10 12:09:00.000
1227,LC81263,LC81263_IND001,Expected Indication,Indication,,,,,,,,,,,,,,,,,,,Draft,2025-03-11 15:49:00.000,2025-03-11 15:49:00.000
1228,LC81263,LC81263_IND001,"Dosing, administration & device",Route of administration,,,,,,,,,,,,,,,,,,,Draft,2025-03-11 15:49:00.000,2025-03-11 15:49:00.000
1229,LC81263,LC81263_IND001,"Dosing, administration & device",Dosage,,,,,,,,,,,,,,,,,,,Draft,2025-03-11 15:49:00.000,2025-03-11 15:49:00.000
1230,LC81263,LC81263_IND001,"Dosing, administration & device",Patient Population/schedule,,,,,,,,,,,,,,,,,,,Draft,2025-03-11 15:49:00.000,2025-03-11 15:49:00.000
1231,LC81263,LC81263_IND001,"Dosing, administration & device",Primary Packaging (Device),,,,,,,,,,,,,,,,,,,Draft,2025-03-11 15:49:00.000,2025-03-11 15:49:00.000
1232,LC81263,LC81263_IND001,Efficacy,Endpoint / Claim 1,,,,,,,,,,,,,,,,,,,Draft,2025-03-11 15:49:00.000,2025-03-11 15:49:00.000
1233,LC81263,LC81263_IND001,Efficacy,Endpoint / Claim 2,,,,,,,,,,,,,,,,,,,Draft,2025-03-11 15:49:00.000,2025-03-11 15:49:00.000
1234,LC81263,LC81263_IND001,Safety & Warnings,Basic Safety profile,,,,,,,,,,,,,,,,,,,Draft,2025-03-11 15:49:00.000,2025-03-11 15:49:00.000
1235,LC81417,LC81417_IND001,Expected Indication,Indication,"Adult patients severe refractory SLE who have had inadequate response to one advanced therapy. ​
LCM: expansion to broader moderate-severe SLE population. ",,,CABA-201 (CD19 CAR-T),"Adult patients with severe, refractory SLE who have had inadequate response to prior advanced therapy and demonstrate multi-organ involvement. ",Slightly Better,,,Saphnelo (anifrolumab),"Adult patients with moderate to severe SLE who are receiving standard therapy.
",Equivalent,,,,,,,,Publish,2025-03-12 18:58:00.000,2025-03-12 19:22:00.000
1236,LC81417,LC81417_IND001,"Dosing, administration & device",Route of administration,"Off-the-shelf​
Pre-conditioning not required​
1-3 out-patient infusions over 1 week​
TBD annual retreatment",,,CABA-201 (CD19 CAR-T),"Autologous  ​
Day -5 hospitalization for pre-conditioning (lymphodepleting chemotherapy)​
In-patient infusion + monitoring for 10 days",Better,,,Saphnelo (anifrolumab),"IV: 300mg (30-minute infusion) Q4W, 
SC in dev’t
",Better,,,,,,,,Publish,2025-03-12 18:58:00.000,2025-03-12 19:22:00.000
1237,LC81417,LC81417_IND001,"Dosing, administration & device",Dosage,,,,CABA-201 (CD19 CAR-T),,Better,,,Saphnelo (anifrolumab),,Better,,,,,,,,Publish,2025-03-12 18:58:00.000,2025-03-12 19:22:00.000
1238,LC81417,LC81417_IND001,"Dosing, administration & device",Patient Population/schedule,,,,CABA-201 (CD19 CAR-T),,Better,,,Saphnelo (anifrolumab),,Better,,,,,,,,Publish,2025-03-12 18:58:00.000,2025-03-12 19:22:00.000
1239,LC81417,LC81417_IND001,"Dosing, administration & device",Primary Packaging (Device),,,,CABA-201 (CD19 CAR-T),,Better,,,Saphnelo (anifrolumab),,Better,,,,,,,,Publish,2025-03-12 18:58:00.000,2025-03-12 19:22:00.000
1240,LC81417,LC81417_IND001,Efficacy,Endpoint / Claim 1,"80-100% drug-free disease remission in significant majority of patients per DORIS remission criteria​
SLEDAI-2K scores of 0 ​
Ability to be redosed if needed",,,CABA-201 (CD19 CAR-T),"5 patients over 5-17 months of follow-up:​
100% drug-free disease remission per DORIS remission criteria​
SLEDAI-2K scores of 0 ",Slightly Better,,,Saphnelo (anifrolumab),"SRI-4 at Week 52:
Trial 2 primary: 49% vs. 43% PBO (Δ+6%, ns)
Trial 3 secondary: 55.5% vs. 37.3% PBO (Δ18.2%) 
",Better,,,,,,,,Publish,2025-03-12 18:58:00.000,2025-03-12 19:22:00.000
1241,LC81417,LC81417_IND001,Efficacy,Endpoint / Claim 2,,,,CABA-201 (CD19 CAR-T),,Slightly Better,,,Saphnelo (anifrolumab),,Better,,,,,,,,Publish,2025-03-12 18:58:00.000,2025-03-12 19:22:00.000
1242,LC81417,LC81417_IND001,Safety & Warnings,Basic Safety profile,"No pre-conditioning required ​
Well tolerated (mild CRS, no neurotoxicity)",,,CABA-201 (CD19 CAR-T),"Pre-conditioning required​
Grade 1 CRS",Better,,,Saphnelo (anifrolumab),"No black box warning
Warnings: Serious infections (including herpes zoster and respiratory), hypersensitivity, potential malignancy, avoid live vaccines

Not recommend in patients with severe active lupus nephritis or severe active CNS lupus (not studied).
",Slightly Better,,,,,,,,Publish,2025-03-12 18:58:00.000,2025-03-12 19:23:00.000
1243,SAR448188,SAR448188_IND001,Expected Indication,Indication,Treatment of adults and adolescents >12y.o. with symptomatic NYHA class II-III obstructive or non-obstructive HCM. Treatment in patients with <55% LVEF not recommended. ,,,,,,,,,,,,,,,,,,Draft,2025-03-27 10:59:00.000,2025-03-27 10:59:00.000
1244,SAR448188,SAR448188_IND001,"Dosing, administration & device",Route of administration,Oral tablet QD,,,,,,,,,,,,,,,,,,Draft,2025-03-27 10:59:00.000,2025-03-27 10:59:00.000
1245,SAR448188,SAR448188_IND001,"Dosing, administration & device",Dosage,"5 mg, 10 mg, 15mg or 20 mg once daily, titration Required",,,,,,,,,,,,,,,,,,Draft,2025-03-27 11:00:00.000,2025-03-27 11:00:00.000
1246,SAR448188,SAR448188_IND001,"Dosing, administration & device",Patient Population/schedule,,,,,,,,,,,,,,,,,,,Draft,2025-03-27 11:00:00.000,2025-03-27 11:00:00.000
1247,SAR448188,SAR448188_IND001,"Dosing, administration & device",Primary Packaging (Device),,,,,,,,,,,,,,,,,,,Draft,2025-03-27 11:00:00.000,2025-03-27 11:00:00.000
1248,SAR448188,SAR448188_IND001,Efficacy,Endpoint / Claim 1,,,,,,,,,,,,,,,,,,,Draft,2025-03-27 11:00:00.000,2025-03-27 11:00:00.000
1249,SAR448188,SAR448188_IND001,Efficacy,Endpoint / Claim 2,,,,,,,,,,,,,,,,,,,Draft,2025-03-27 11:00:00.000,2025-03-27 11:00:00.000
1250,SAR448188,SAR448188_IND001,Safety & Warnings,Basic Safety profile,,,,,,,,,,,,,,,,,,,Draft,2025-03-27 11:00:00.000,2025-03-27 11:00:00.000
1251,SAR448188,SAR448188_IND001,Expected Indication,Indication,"-Treatment of adults and adolescents >12y.o. with symptomatic NYHA class II-III obstructive or non-obstructive HCM. Treatment in patients with <55% LVEF not recommended.
-H2H Study v. Beta Blockers (Metoprolol) ongoing (MAPLE-HCM)
",,,Mavacamten,"-Treatment of adults and adolescents >12y.o.  with symptomatic NYHA class II-III obstructive or non-obstructive HCM. Treatment in patients with <55% LVEF not recommended. 
-Ongoing study to evaluate reductions in surgeries (Septal Reduction Therapy)
",Equivalent,,,,,,,,,,,,,Draft,2025-03-28 15:37:00.000,2025-04-02 14:24:00.000
1252,SAR448188,SAR448188_IND001,"Dosing, administration & device",Route of administration,"Oral tablet QD
<br> • Test A
<br> • Test B
<br>• Test A
                 <br>o Test B
",,,Mavacamten,"Oral 2.5 mg, 5 mg, 10 mg, or 15 mg QD",Slightly Better,,,,,,,,,,,,,Draft,2025-03-28 15:37:00.000,2025-04-02 14:25:00.000
1253,SAR448188,SAR448188_IND001,"Dosing, administration & device",Dosage,"5 mg, 10 mg, 15mg or 20 mg once daily, titration Required",,,Mavacamten,,Slightly Better,,,,,,,,,,,,,Draft,2025-03-28 15:37:00.000,2025-04-02 14:25:00.000
1254,SAR448188,SAR448188_IND001,"Dosing, administration & device",Patient Population/schedule,"
",,,Mavacamten,,Slightly Better,,,,,,,,,,,,,Draft,2025-03-28 15:37:00.000,2025-04-02 14:25:00.000
1255,SAR448188,SAR448188_IND001,"Dosing, administration & device",Primary Packaging (Device),,,,Mavacamten,,Slightly Better,,,,,,,,,,,,,Draft,2025-03-28 15:37:00.000,2025-04-02 14:25:00.000
1256,SAR448188,SAR448188_IND001,Efficacy,Endpoint / Claim 1,"Peak VO2 mL/Kg/min:
@ 24W : +1.74mL difference v. PBO (95% CI: +1.04 to +2.44), p=0.000002 


",,,Mavacamten,"Peak VO2 mL/Kg/min:
@ 30W : +1.4mL difference v. PBO (95% CI: +0.6 to +2.1), p=0.0006",Equivalent,,,,,,,,,,,,,Draft,2025-03-28 15:37:00.000,2025-04-02 14:25:00.000
1257,SAR448188,SAR448188_IND001,Efficacy,Endpoint / Claim 2,"KCCQ-CSS:
@ 24W : +7pts diff v. PBO (95% CI: +5 - +10), p<0.001
@ 12W : +7pts diff v. PBO (95% CI: +5 - +10), p<0.001

",,,Mavacamten,"KCCQ-CSS
@ 30W : +9.1pts difference v. PBO; (95% CI: +6.5 to +12.7), p<0.0001
",Equivalent,,,,,,,,,,,,,Draft,2025-03-28 15:37:00.000,2025-04-02 14:25:00.000
1258,SAR448188,SAR448188_IND001,Safety & Warnings,Basic Safety profile,"-Black box warning similar to mavacamten expected since MOA is similar 
-REMS does not exist in China, but mandatory close safety monitoring also expected, and aRMM is expected for patient and physician education in China
-Significant patient and HCP involvement in dose initiation, dose titration, and monitoring in line with US REMS is expected (see above)
-LVEF below 50%: aficamten: 3.5% (n=5) v. PBO: 0.7% (n=1)
-Hypertension (7.7% v. 2.1% PBO) consistent with MOA, Palpitations (7% v. 2.9% PBO)
-Multiple CYP enzymes contribute to elimination of aficamten, making clinical meaningful DDIs with CYP inhibitors potentially less likely vs. mavacamten. Proposed aficamten labeling includes avoiding concomitant use with rifampin or chronic daily administration of high-dose fluconazole.
",,,Mavacamten,"-Black box warning: Can induce heart failure due to systolic dysfunction
<br>*REMS does not exist in China, but mandatory close safety monitoring also expected and additional risk minimization measure (aRMM) is implemented including patient and physician education in China.
-Significant patient and HCP involvement in dose initiation, dose titration, and monitoring required in line with US REMS (see above)
-LVEF below 50%: mavacamten: 6% (n=7), PBO: 2% (n=2)
-Dizziness (27%), Syncope (6%)
-Concomitant use with certain CYP450 inhibitors, or discontinuation of certain CYP450 inducers may increase the risk of HF due to systolic dysfunction
",Slightly Better,,,,,,,,,,,,,Draft,2025-03-28 15:37:00.000,2025-04-02 14:25:00.000
1259,SP0287,SP0287_IND001,Expected Indication,Indication,"1. Active immunization against Influenza & Covid diseases ​

2. Population: 50yr+",,,All mRNA combo,"1. Active immunization against Influenza & Covid diseases ​

2. Population: 50yr+",Equivalent,,,,,,,,,,,,,Publish,2025-04-01 04:28:00.000,2025-12-04 16:27:00.000
1260,SP0287,SP0287_IND001,"Dosing, administration & device",Route of administration,IM administration,,,All mRNA combo,IM administration,Equivalent,,,,,,,,,,,,,Publish,2025-04-01 04:28:00.000,2025-12-04 16:27:00.000
1261,SP0287,SP0287_IND001,"Dosing, administration & device",Dosage,0.5-1.0mL (volume in development),,,All mRNA combo,volume expected in similar range,Equivalent,,,,,,,,,,,,,Publish,2025-04-01 04:28:00.000,2025-12-04 16:27:00.000
1262,SP0287,SP0287_IND001,"Dosing, administration & device",Patient Population/schedule,seasonally one dose,,,All mRNA combo,seasonally one dose,Equivalent,,,,,,,,,,,,,Publish,2025-04-01 04:28:00.000,2025-12-04 16:27:00.000
1263,SP0287,SP0287_IND001,"Dosing, administration & device",Primary Packaging (Device),PFS liquid co-formulation (Diff Flu + Recomb Covid + Adj),,,All mRNA combo,PFS liquid co-formulation (mRNA Flu + mRNA Covid),Equivalent,,,,,,,,,,,,,Publish,2025-04-01 04:28:00.000,2025-12-04 16:28:00.000
1264,SP0287,SP0287_IND001,Efficacy,Endpoint / Claim 1,"1. Immunogenicity vs. SAN licensed differentiated Flu vaccine & Nuvaxovid standalones / There is no clinically significant  interference on the immune response​

2. Based on immuno results, bridge to current differentiated Flu efficacy (HD/FB) vs. std dose",,,All mRNA combo,"1. Immunogenicity vs. licensed mRNA Flu & mRNA Covid standalones​

2. Note: mRNA Flu license based on immunogenicity vs. standard dose Flu vacc",Slightly Better,,,,,,,,,,,,,Publish,2025-04-01 04:28:00.000,2025-12-04 16:28:00.000
1265,SP0287,SP0287_IND001,Efficacy,Endpoint / Claim 2,,,,All mRNA combo,,Slightly Better,,,,,,,,,,,,,Publish,2025-04-01 04:28:00.000,2025-12-04 16:28:00.000
1266,SP0287,SP0287_IND001,Safety & Warnings,Basic Safety profile,"1. No clinically meaningful difference in Tolerability to SAN licensed differentiated Flu vaccine & Nuvaxovid standalones ​

2. Improved Tolerability vs. all mRNA containing combo, per iEGP under development*


Footnote*: Safety positioning per business case / NOT in initial label at launch / Post launch tbd based on iEGP study design. Reference to literature (at launch). ",,,All mRNA combo,1. Comparable to standalone mRNA components ,Slightly Better,,,,,,,,,,,,,Publish,2025-04-01 04:28:00.000,2025-12-04 16:28:00.000
1267,SAR446878,SAR446878_IND001,Expected Indication,Indication,"<p><span><span><span><span><span><span style=""font-size:8.0pt""><span><span style=""color:black""><span>Adult DLBCL patients with relapsed or refractory large B-cell lymphoma after two or more lines of systemic therapy, including anthracycline-based immunotherapy, who have progressed following prior autologous CAR-T therapy</span></span></span></span></span></span></span></span></span></p><p style=""text-align:left""><span><span><span><span><span><span style=""font-size:8.0pt""><span><span style=""color:black""><span>(note: given better safety, may be able to include post-</span></span></span></span><span style=""font-size:8.0pt""><span><span style=""color:black""><span>aHSCT</span></span></span></span><span style=""font-size:8.0pt""><span><span style=""color:black""><span>/ECOG&gt;2 patients to have broader population) </span></span></span></span></span></span></span></span></span></p>",,,,,,,,,,,,,,,,,,Draft,2025-04-01 09:45:00.000,2025-07-25 13:31:00.000
1268,SAR446878,SAR446878_IND001,"Dosing, administration & device",Route of administration,"<ul><li style=""margin-left: 18px; text-align: left;""><span><span><span><span><span><span><span style=""font-size:8.0pt""><span><span style=""color:black""><span>Lymphodepletion: no lymphodepletion</span></span></span></span></span></span></span></span></span></span></li><li style=""margin-left: 18px; text-align: left;"" class=""O0""><span><span><span><span><span><span style=""font-size:8.0pt""><span><span style=""color:black""><span><span>Route of administration: IV</span></span></span></span></span></span></span></span></span></span></li></ul>",,,,,,,,,,,,,,,,,,Draft,2025-04-01 09:45:00.000,2025-07-25 13:31:00.000
1269,SAR446878,SAR446878_IND001,"Dosing, administration & device",Dosage,"<ul><li style=""margin-left: 18px; text-align: left;"" class=""O0""><span><span><span><span><span><span style=""font-size:8.0pt""><span><span style=""color:black""><span><span>Frequency: limited repeat dosing </span></span></span></span></span></span></span></span></span></span></li></ul>",,,,,,,,,,,,,,,,,,Draft,2025-04-01 09:45:00.000,2025-07-25 13:31:00.000
1270,SAR446878,SAR446878_IND001,"Dosing, administration & device",Patient Population/schedule,,,,,,,,,,,,,,,,,,,Draft,2025-04-01 09:45:00.000,2025-07-25 13:31:00.000
1271,SAR446878,SAR446878_IND001,"Dosing, administration & device",Primary Packaging (Device),,,,,,,,,,,,,,,,,,,Draft,2025-04-01 09:46:00.000,2025-07-25 13:31:00.000
1272,SAR446878,SAR446878_IND001,Efficacy,Endpoint / Claim 1,<p>mPFS: 6.3 months</p>,,,,,,,,,,,,,,,,,,Draft,2025-04-01 09:46:00.000,2025-07-25 13:31:00.000
1273,SAR446878,SAR446878_IND001,Efficacy,Endpoint / Claim 2,"<p>CRR: 54%</p><p>Other:&nbsp;</p><div style=""margin-left:18px; text-align:left"" class=""O0""><span><span><span><span><span><span style=""font-size:8.0pt""><span>•</span></span><span style=""font-size:8.0pt""><span><span><span style=""color:black""><span><span><span><span><span>Repeat dosing with </span></span></span></span></span></span></span></span></span><span style=""font-size:8.0pt""><span><span style=""color:black""><span><span>monitoring required to mitigate CRS</span></span></span></span></span></span></span></span></span></span></div><div style=""margin-left:18px; text-align:left"" class=""O0""><span><span><span><span><span><span style=""font-size:8.0pt""><span>•</span></span><span style=""font-size:8.0pt""><span><span><span style=""color:black""><span><span><span><span><span>Must be administered in </span></span></span></span></span></span></span></span></span><span style=""font-size:8.0pt""><span><span><span style=""color:black""><span><span><span><span><span>CoE</span></span></span></span></span></span></span></span></span><span style=""font-size:8.0pt""><span><span><span style=""color:black""><span><span><span><span><span>/certified center (community administration may be possible)</span></span></span></span></span></span></span></span></span></span></span></span></span></span></div>",,,,,,,,,,,,,,,,,,Draft,2025-04-01 09:46:00.000,2025-07-25 13:31:00.000
1274,SAR446878,SAR446878_IND001,Safety & Warnings,Basic Safety profile,"<p style=""text-align:left""><span><span><span><span><span><span style=""font-size:8.0pt""><span><span style=""color:black""><span><span><span>Anticipated safety profile: better than CAR-T/TCE</span></span></span></span></span></span></span></span></span></span></span></p><ul><li style=""margin-left: 18px; text-align: left;"" class=""O0""><span><span><span><span><span><span style=""font-size:8.0pt""><span><span style=""color:black""><span><span><span>minimal CRS (&lt;10% GR3+) </span></span></span></span></span></span></span></span></span></span></span></li><li style=""margin-left: 18px; text-align: left;"" class=""O0""><span><span><span><span><span><span style=""font-size:8.0pt""><span><span style=""color:black""><span><span><span>minimal ICANS/neurologic toxicity (&lt;5%)</span></span></span></span></span></span></span></span></span></span></span></li></ul>",,,,,,,,,,,,,,,,,,Draft,2025-04-01 09:46:00.000,2025-07-25 13:31:00.000
1275,SAR445514,SAR445514_IND008,Expected Indication,Indication,"Adult patients with moderate to severe SLE who have had inadequate response to one advanced therapy. 
",,,,,,,,,,,,,,,,,,Draft,2025-04-01 13:47:00.000,2025-04-01 15:02:00.000
1276,SAR445514,SAR445514_IND008,"Dosing, administration & device",Route of administration,"SC (no hospitalization monitoring)
",,,,,,,,,,,,,,,,,,Draft,2025-04-01 13:47:00.000,2025-04-01 15:02:00.000
1277,SAR445514,SAR445514_IND008,"Dosing, administration & device",Dosage,"Short treatment duration (eg, ≤3m, duration pending Ph1 data)
Re-treatment is possible (every 2-3 years)",,,,,,,,,,,,,,,,,,Draft,2025-04-01 13:47:00.000,2025-04-01 15:02:00.000
1278,SAR445514,SAR445514_IND008,"Dosing, administration & device",Patient Population/schedule,,,,,,,,,,,,,,,,,,,Draft,2025-04-01 13:47:00.000,2025-04-01 15:02:00.000
1279,SAR445514,SAR445514_IND008,"Dosing, administration & device",Primary Packaging (Device),,,,,,,,,,,,,,,,,,,Draft,2025-04-01 13:47:00.000,2025-04-01 15:02:00.000
1280,SAR445514,SAR445514_IND008,Efficacy,Endpoint / Claim 1,"Week 52:
≥90% SRI-4 vs 40% pbo (Δ50%)

",,,,,,,,,,,,,,,,,,Draft,2025-04-01 13:47:00.000,2025-04-01 15:02:00.000
1281,SAR445514,SAR445514_IND008,Efficacy,Endpoint / Claim 2,"Week 52:
≥80% drug-free disease remission per DORIS remission criteria (SLEDAI-2K scores = 0, PGA <0.5, steroids ≤5 mg/day, stable systemic therapies) [assumes PBO ~10%]",,,,,,,,,,,,,,,,,,Draft,2025-04-01 13:47:00.000,2025-04-01 15:02:00.000
1282,SAR445514,SAR445514_IND008,Safety & Warnings,Basic Safety profile,"No pre-conditioning required 
No CRS or ICANS
Potential higher risk of infection during period of deep B cell depletion
",,,,,,,,,,,,,,,,,,Draft,2025-04-01 13:47:00.000,2025-04-01 15:02:00.000
1283,SAR445514,SAR445514_IND008,Expected Indication,Indication,"Adult patients with moderate to severe SLE who have had inadequate response to one advanced therapy. 
",,,CD19 CAR-T Cell Tx Phase 1/2,"SOC1-Adult patients with severe, refractory SLE who have had inadequate response to prior advanced therapy and demonstrate multi-organ involvement. ",Slightly Better,,,Saphnelo (anifrolumab) Type 1 IFNr antagonist - Approved,SOC2-Adult patients with moderate to severe SLE who are receiving standard therapy.,Equivalent,,,,,,,,Publish,2025-04-01 15:14:00.000,2025-04-01 15:24:00.000
1284,SAR445514,SAR445514_IND008,"Dosing, administration & device",Route of administration,"SC (no hospitalization monitoring)
",,,CD19 CAR-T Cell Tx Phase 1/2,SOC1-In-patient infusion ,Slightly Better,,,Saphnelo (anifrolumab) Type 1 IFNr antagonist - Approved,"SOC2- IV; SC in development
",Slightly Better,,,,,,,,Publish,2025-04-01 15:14:00.000,2025-04-01 15:24:00.000
1285,SAR445514,SAR445514_IND008,"Dosing, administration & device",Dosage,TBD,,,CD19 CAR-T Cell Tx Phase 1/2,"SOC1- Autologous  
Day -5 hospitalization for pre-conditioning (lymphodepleting chemotherapy)
In-patient infusion + monitoring for 10 days",Slightly Better,,,Saphnelo (anifrolumab) Type 1 IFNr antagonist - Approved,SOC2-300mg (30-minute infusion) Q4W,Slightly Better,,,,,,,,Publish,2025-04-01 15:14:00.000,2025-04-01 15:24:00.000
1286,SAR445514,SAR445514_IND008,"Dosing, administration & device",Patient Population/schedule,"Short treatment duration (eg, ≤3m, duration pending Ph1 data)
Re-treatment is possible (every 2-3 years)",,,CD19 CAR-T Cell Tx Phase 1/2,,Slightly Better,,,Saphnelo (anifrolumab) Type 1 IFNr antagonist - Approved,SOC2-Not recommend in patients with severe active lupus nephritis or severe active CNS lupus (not studied),Slightly Better,,,,,,,,Publish,2025-04-01 15:14:00.000,2025-04-01 15:24:00.000
1287,SAR445514,SAR445514_IND008,"Dosing, administration & device",Primary Packaging (Device),,,,CD19 CAR-T Cell Tx Phase 1/2,,Slightly Better,,,Saphnelo (anifrolumab) Type 1 IFNr antagonist - Approved,,Slightly Better,,,,,,,,Publish,2025-04-01 15:14:00.000,2025-04-01 15:24:00.000
1288,SAR445514,SAR445514_IND008,Efficacy,Endpoint / Claim 1,"Week 52:
≥90% SRI-4 vs 40% pbo (Δ50%)

",,,CD19 CAR-T Cell Tx Phase 1/2,"SOC1- Schett et al.:  >90% drug-free disease remission per DORIS remission criteria [n=18]
",Equivalent,,,Saphnelo (anifrolumab) Type 1 IFNr antagonist - Approved,"SOC2-SRI-4 at Week 52:
Trial 2 primary: 49% vs. 43% PBO (Δ+6%, ns)
Trial 3 secondary: 55.5% vs. 37.3% PBO (Δ18.2%) ",Slightly Better,,,,,,,,Publish,2025-04-01 15:14:00.000,2025-04-01 15:24:00.000
1289,SAR445514,SAR445514_IND008,Efficacy,Endpoint / Claim 2,"Week 52:
≥80% drug-free disease remission per DORIS remission criteria (SLEDAI-2K scores = 0, PGA <0.5, steroids ≤5 mg/day, stable systemic therapies) [assumes PBO ~10%]",,,CD19 CAR-T Cell Tx Phase 1/2,"SOC1-BMS-986353:  median SLEDAI-2k score reduction of 10 points (early data) [n=7]
CABA-201:  median SLEDAI-2k score reduction of 6 points (early data) [n=3]",Equivalent,,,Saphnelo (anifrolumab) Type 1 IFNr antagonist - Approved,"SOC2-DORIS remission [ACR 2024 abstract 2431]:
24w:  ~7% vs. 0%
52w:  16.2% vs. 6.0%",Slightly Better,,,,,,,,Publish,2025-04-01 15:14:00.000,2025-04-01 15:24:00.000
1290,SAR445514,SAR445514_IND008,Safety & Warnings,Basic Safety profile,"No pre-conditioning required 
No CRS or ICANS
Potential higher risk of infection during period of deep B cell depletion
",,,CD19 CAR-T Cell Tx Phase 1/2,"SOC1-Lymphodepletion pre-conditioning required
CRS and ICANS
Potential higher risk of infection during period of deep B cell depletion
",Slightly Better,,,Saphnelo (anifrolumab) Type 1 IFNr antagonist - Approved,"SOC2-No black box warning
Warnings: Serious infections (including herpes zoster and respiratory), hypersensitivity, potential malignancy, avoid live vaccines",Equivalent,,,,,,,,Publish,2025-04-01 15:14:00.000,2025-04-01 15:24:00.000
1291,LC81263,LC81263_IND001,Expected Indication,Indication,"Adults with moderately to severely active Crohn’s disease. 
",,,risankizumab,"Adults with moderately to severely active Crohn’s disease. 
",Equivalent,,,upadacitinib,"Adults with moderately to severely active Crohn’s disease who have had an inadequate response or intolerance to one or more TNF blockers. 
",Slightly Better,,,,,,,,Publish,2025-04-03 13:40:00.000,2025-06-24 13:07:00.000
1292,LC81263,LC81263_IND001,"Dosing, administration & device",Route of administration,oral,,,risankizumab,IV,Better,,,upadacitinib,oral,Slightly Better,,,,,,,,Publish,2025-04-03 13:40:00.000,2025-06-24 13:07:00.000
1293,LC81263,LC81263_IND001,"Dosing, administration & device",Dosage,FDC with SAR441566 SM,,,risankizumab,"Induction: 600mg IV Q4W for 8 weeks
Maintenance: 180mg or 360mg SubQ OBI Q8W
",Better,,,upadacitinib,"Induction: 45mg QD
Maintenance: 15mg QD (or 30mg if needed)
",Slightly Better,,,,,,,,Publish,2025-04-03 13:40:00.000,2025-06-24 13:07:00.000
1294,LC81263,LC81263_IND001,"Dosing, administration & device",Patient Population/schedule,"Patient Population: 50% bio-naïve / 50% bio-exp

QD",,,risankizumab,"Patient Population: 42% bio-naïve / 58% bio-exp
Re-randomization induction responders to maintenance

Q8W",Better,,,upadacitinib,"Patient Population: 55% bio-naïve / 45% bio-exp
Re-randomization induction responders to maintenance

OD",Slightly Better,,,,,,,,Publish,2025-04-03 13:40:00.000,2025-06-24 13:07:00.000
1295,LC81263,LC81263_IND001,"Dosing, administration & device",Primary Packaging (Device),,,,risankizumab,,Better,,,upadacitinib,,Slightly Better,,,,,,,,Publish,2025-04-03 13:41:00.000,2025-06-24 13:07:00.000
1296,LC81263,LC81263_IND001,Efficacy,Endpoint / Claim 1,"Induction at Week 12:
Clinical Remission (CDAI): 60% vs 25% PBO (Δ35%)
Endoscopic Response: 60% vs 15% PBO (Δ45%)
Clinical Response: 75% vs 35% PBO (Δ40%)
",,,risankizumab,"Induction at Week 12:
Clinical Remission (CDAI): 45% vs 25% PBO (Δ21%)
Endoscopic Response: 40% vs 12% PBO (Δ28%)
Clinical Response: 60% vs 37% PBO (Δ23%)
",Better,,,upadacitinib,"Maintenance at Week 52:
Clinical Remission1: 61%/57% vs 46% PBO (Δ17/14%)
Endoscopic Response1: 50%/48% vs 22% PBO (Δ30/31%)
",Slightly Better,,,,,,,,Publish,2025-04-03 13:41:00.000,2025-06-24 13:07:00.000
1297,LC81263,LC81263_IND001,Efficacy,Endpoint / Claim 2,"Maintenance at Week 52:
Clinical Remission (CDAI): 65% vs 20% PBO (Δ45%)
Endoscopic Response: 60% vs 15% PBO (Δ45%)
",,,risankizumab,"Induction at Week 12:
Clinical Remission (CDAI): 46% vs 23% PBO (Δ23%)
Endoscopic Response: 46% vs 13% PBO (Δ33%)
Clinical Response: 64% vs 40% PBO (Δ24%)
",Better,,,upadacitinib,"Maintenance at Week 52:
Clinical Remission1: 42%/55% vs 14% PBO (Δ28%/41%)
Endoscopic Response1: 28%/41% vs 7% PBO (Δ21%/34%)
",Slightly Better,,,,,,,,Publish,2025-04-03 13:41:00.000,2025-06-24 13:07:00.000
1298,LC81263,LC81263_IND001,Safety & Warnings,Basic Safety profile,"No black box warning 
No injection site reactions
Warnings for infection risk
",,,risankizumab,"No boxed warning
Increased risk of infection
TB screening required prior to initiation
",Slightly Better,,,upadacitinib,"Black box warning
Increased risk of serious infections including TB
Higher rate of all-cause mortality, including sudden CV death, higher rate of MACE, and increased incidence of PE and DVT with another JAK inhibitor vs. TNF blockers in RA patients
Malignances have occurred in pts treated with Rinvoq; higher rate of lymphomas and lung cancer with another JAK inhibitor vs. TNF blockers in RA
Thrombosis has occurred with Rinvoq
",Better,,,,,,,,Publish,2025-04-03 13:41:00.000,2025-06-24 13:08:00.000
1299,LC81222,LC81222_IND001,Expected Indication,Indication,"Adults with moderately to severely active rheumatoid arthritis who have had an inadequate response or intolerance to one or more disease modifying anti-rheumatic drugs (DMARDs). 
",,,adalimumab,"<p>Reduce signs &amp; symptoms, inducing major clinical response, inhibits the progression of structural damage, &amp; improving physical function in adult patients with moderately - to severely active RA.</p>",Equivalent,,,upadacitinib,Adults with moderately to severely active rheumatoid arthritis who have had an inadequate response or intolerance to one or more TNF blockers,Slightly Better,,,,,,,,Publish,2025-04-03 14:17:00.000,2025-09-23 09:30:00.000
1300,LC81222,LC81222_IND001,"Dosing, administration & device",Route of administration,oral,,,adalimumab,"SC, PFS or PFP
",Slightly Better,,,upadacitinib,"Oral Tablet
",Equivalent,,,,,,,,Publish,2025-04-03 14:17:00.000,2025-09-23 09:30:00.000
1301,LC81222,LC81222_IND001,"Dosing, administration & device",Dosage,,,,adalimumab,"40 mg
",Slightly Better,,,upadacitinib,15 mg,Equivalent,,,,,,,,Publish,2025-04-03 14:17:00.000,2025-09-23 09:30:00.000
1302,LC81222,LC81222_IND001,"Dosing, administration & device",Patient Population/schedule,"Adults with moderately to severely active rheumatoid arthritis 

QD / BID",,,adalimumab,Q2W (or QW),Slightly Better,,,upadacitinib,QD,Equivalent,,,,,,,,Publish,2025-04-03 14:18:00.000,2025-09-23 09:30:00.000
1303,LC81222,LC81222_IND001,"Dosing, administration & device",Primary Packaging (Device),,,,adalimumab,,Slightly Better,,,upadacitinib,,Equivalent,,,,,,,,Publish,2025-04-03 14:18:00.000,2025-09-23 09:30:00.000
1304,LC81222,LC81222_IND001,Efficacy,Endpoint / Claim 1,"CTPS1+MTX vs PBO+MTX:
Week 24 (pbo-adj):
ACR20: Δ40%
ACR50: Δ35%
ACR70: Δ25%
DAS28-CRP≤3.2: Δ45%
Inhibits/slows progression in structural damage. 
Improvement of PROs (HAQ-DI). 
Potential for maintained efficacy due to lack of ADAs.
",,,adalimumab,"Study RA-III Humira+MTX vs PBO+MTX at Wk 24:
ACR20: 63% vs. 30% PBO (Δ33%)
ACR50: 39% vs. 10% PBO (Δ29%)
ACR70: 21% vs. 3% PBO (Δ18%)
Inhibits/slows progression of structural damage 
",Better,,,upadacitinib,"Rinvoq+MTX vs Humira+MTX at Wk 26: 
ACR50: 45% vs 29% Humira
ACR70: 25% vs 13% Humira
Inhibits/slows progression of structural damage vs PBO arm p=SS
",Slightly Better,,,,,,,,Publish,2025-04-03 14:18:00.000,2025-09-23 09:30:00.000
1305,LC81222,LC81222_IND001,Efficacy,Endpoint / Claim 2,"CTPS1+MTX vs PBO+MTX:
Week 12 (pbo-adj):
ACR20: Δ40%
ACR50: Δ35%
DAS28-CRP≤3.2: Δ45%
",,,adalimumab,"SELECT-COMPARE1 Humira+MTX vs PBO+MTX:
Wk 12 ACR20: 63% vs 36% PBO (Δ27%)
Wk 12 ACR50: 29% vs 15% PBO (Δ14%)
Wk 26 DAS-28-CRP≤3.2: 39% vs 18% PBO (Δ21%) 
Upadacitinib H2H vs adalimumab (10% bio-exp).
",Better,,,upadacitinib,"SELECT-COMPARE1 Rinvoq+MTX vs PBO+MTX:
Wk 12 ACR20: 71% vs 36% PBO (Δ35%)
Wk 12 ACR50: 45% vs 15% PBO (Δ30%)
Wk 26 DAS-28-CRP≤3.2: 55% vs 18% PBO (Δ37%) 
1. Upadacitinib H2H vs adalimumab (10% bio-exp).
",Slightly Better,,,,,,,,Publish,2025-04-03 14:18:00.000,2025-09-23 09:30:00.000
1306,LC81222,LC81222_IND001,Safety & Warnings,Basic Safety profile,"No box warning TBC (Teratogenicity needs to be evaluated / derisked as same pathway inhibited as DHODH)
Safe and well tolerated
",,,adalimumab,"Black Box Warning:
Increased risk of serious infections incl. TB, bacterial sepsis, invasive fungal infections and infections due to other opportunistic pathogens.
Malignancy:  Lymphoma and other malignancies, some fatal, have been reported in children and adolescent patients treated with TNF blockers
",Slightly Better,,,upadacitinib,"Black Box Warning:
Increased risk of serious bacterial, fungal, viral, and opportunistic infections leading to hospitalization or death, including TB. 
Higher rate of all-cause mortality, including sudden cardiovascular death with another JAK inhibitor vs. TNF blockers in RA patients. 
Malignancies have occurred in patients treated with RINVOQ. Higher rate of lymphomas and lung cancers with another JAK inhibitor vs. TNF blockers in RA patients. 
Higher rate of MACE (defined as cardiovascular death, myocardial infarction, and stroke) with another JAK inhibitor vs. TNF blockers in RA patients. 
Thrombosis has occurred in patients treated with RINVOQ. Increased incidence of pulmonary embolism, venous and arterial thrombosis with another JAK inhibitor vs. TNF blockers. 
",Slightly Better,,,,,,,,Publish,2025-04-03 14:18:00.000,2025-09-23 09:30:00.000
1307,SAR445229,SAR445229_IND001,Expected Indication,Indication,"US, Japan & China​

- Treatment of patients aged 12 years and older with moderate-to-severe atopic dermatitis whose disease is not adequately controlled with topical prescription therapies or  when those therapies are not advisable.​
- To be used with or without TCS​
- To be used in both systemic-naïve and systemic- experienced​. EU​
- Treatment of moderate-to-severe atopic dermatitis in patients aged 12 years and older who are candidates for systemic therapy. Amlitelimab can be used in both systemic naïve and systemic experienced",,,Dupixent (Anti-IL4R),"- Treatment of patients aged 6 months and older with moderate-to-severe atopic dermatitis whose disease is not adequately controlled with topical prescription therapies or when those therapies are not advisable. ​
- To be used with or without TCS",Slightly Worse,,,Rocatinlimab (Anti-OX Receptor),"- Treatment of patients aged 12 years and older with moderate-to-severe atopic dermatitis whose disease is not adequately controlled with topical prescription therapies or systemic therapy or when those therapies are not advisable.​
- To be used with or without TCS ",Slightly Better,,,,,,,,Publish,2025-04-09 17:18:00.000,2025-04-09 20:20:00.000
1308,SAR445229,SAR445229_IND001,"Dosing, administration & device",Route of administration,"SC injection

",,,Dupixent (Anti-IL4R),"SC  injection

",Better,,,Rocatinlimab (Anti-OX Receptor),"SC injection

",Better,,,,,,,,Publish,2025-04-09 17:18:00.000,2025-04-09 20:20:00.000
1309,SAR445229,SAR445229_IND001,"Dosing, administration & device",Dosage,,,,Dupixent (Anti-IL4R),"600 mg, followed by 300 mg ",Better,,,Rocatinlimab (Anti-OX Receptor),,Better,,,,,,,,Publish,2025-04-09 17:18:00.000,2025-04-09 20:20:00.000
1310,SAR445229,SAR445229_IND001,"Dosing, administration & device",Patient Population/schedule,Q4W induction for 24 weeks followed by Q12W maintenance in responders ,,,Dupixent (Anti-IL4R),Q2W,Better,,,Rocatinlimab (Anti-OX Receptor),Q4W induction for 24 weeks followed by Q8W maintenance,Better,,,,,,,,Publish,2025-04-09 17:18:00.000,2025-04-09 20:20:00.000
1311,SAR445229,SAR445229_IND001,"Dosing, administration & device",Primary Packaging (Device),autoinjector​,,,Dupixent (Anti-IL4R),autoinjector​,Better,,,Rocatinlimab (Anti-OX Receptor),autoinjector​,Better,,,,,,,,Publish,2025-04-09 17:18:00.000,2025-04-09 20:20:00.000
1312,SAR445229,SAR445229_IND001,Efficacy,Endpoint / Claim 1,"Key measures (pbo adjusted)​
- vIGA-AD score 0-1: 20% (wk16); 40% (wk24)​

- EASI-90: 15% (wk16); 20% (wk24) ​

- EASI-75: 25% (wk16); 40% (wk24)​

- Comparable efficacy in Bio- or JAKi-IR through 36 wks​

​",,,Dupixent (Anti-IL4R),"Phase 3 data at Wk 16 (pbo adjusted) ​

- IGA score 0-1: 28% (1) / 27% (2)  ​
- EASI-90: 28% (1) / 23% (2) ​
- EASI-75: 36% (1) / 32% (2)  
​
(1) SOLO 1 ​

(2) SOLO 2",Better,,,Rocatinlimab (Anti-OX Receptor),"Phase 3 data at Wk 24 (pbo adjusted) (3) ​

- IGA score 0-1: 23% (at Wk52) (3)​
- EASI-90: 30%​
- EASI-75: 45%

(3) LIBERTY AD CHRONOS (TCS as background, no IGA 0/1 available at wk 24)",Better,,,,,,,,Publish,2025-04-09 17:18:00.000,2025-04-09 20:20:00.000
1313,SAR445229,SAR445229_IND001,Efficacy,Endpoint / Claim 2,"- Clinically meaningful improvements in other measures at week 16 and 24:​

- Pruritus as measured by PP-NRS​

- Quality of life as measured by DLQI​

- Mental health as measured by hospital anxiety and depression scale​

- Sleep as measured by sleep distrubance NRS ",,,Dupixent (Anti-IL4R),"P2b data at Wk16 (pbo adjusted) (1)  ​

- vIGA-AD score 0-1: 19% ​
- EASI-90: 18% ​
- EASI-75: 34% 

(1) Lancet 2b; all doses pooled",Better,,,Rocatinlimab (Anti-OX Receptor),"Ph2b data at Wk24 (2)​

- IGA score 0-1: 27%​
- EASI-90: 34%​

(2) Treatment effects all doses pooled.​
Note: Pbo patients received 600mg Q2W from Wk16 to Wk36; no pbo adjusted data available.
- EASI-75: 55%​

​",Better,,,,,,,,Publish,2025-04-09 17:18:00.000,2025-04-09 20:20:00.000
1314,SAR445229,SAR445229_IND001,Safety & Warnings,Basic Safety profile,"- No black box warning​

- Well tolerated ​

- No conjunctivitis, pyrexia/chills",,,Dupixent (Anti-IL4R),"- No black box warning​

- Well tolerated​

- Conjunctivitis, keratitis",Slightly Better,,,Rocatinlimab (Anti-OX Receptor),"- No black box warning​

- Well tolerated ​

- Potential safety issues associated with activated T cell depletion (e.g., pyrexia/chills, aphthous ulcers)",Better,,,,,,,,Publish,2025-04-09 17:18:00.000,2025-04-09 20:20:00.000
1315,SP0337,SP0337_IND001,Expected Indication,Indication,"Onco-microbial treatment targeting Fusobacterium nucleatum*, additive to standard of care, aiming at modulating the tumor micro-environment in order to prevent recurrence of colorectal cancer in patients post-tumor resection​",,,,,,,,,,,,,,,,,,Publish,2025-04-25 13:40:00.000,2025-04-25 13:47:00.000
1316,SP0337,SP0337_IND001,"Dosing, administration & device",Route of administration,"technology/ modality, dosage, and schedule to achieve optimum immune response delayed to post-M0 based on pre-clinical data to be generated ​",,,,,,,,,,,,,,,,,,Publish,2025-04-25 13:40:00.000,2025-04-25 13:47:00.000
1317,SP0337,SP0337_IND001,"Dosing, administration & device",Dosage,TBD post M2,,,,,,,,,,,,,,,,,,Publish,2025-04-25 13:40:00.000,2025-04-25 13:48:00.000
1318,SP0337,SP0337_IND001,"Dosing, administration & device",Patient Population/schedule,"according to risk of recurrence, 1st priority on Stage 3 patients +/- Stage 2; excluding patients with neoadjuvants; patients' selection characteristics will likely require detection of Fn presence (testing method still TBD)​",,,,,,,,,,,,,,,,,,Publish,2025-04-25 13:40:00.000,2025-04-25 13:48:00.000
1319,SP0337,SP0337_IND001,"Dosing, administration & device",Primary Packaging (Device),,,,,,,,,,,,,,,,,,,Publish,2025-04-25 13:40:00.000,2025-04-25 13:48:00.000
1320,SP0337,SP0337_IND001,Efficacy,Endpoint / Claim 1,to reduce recurrence (adjuvant chemotherapy OS ~70-75%; DFS ~60-65%)​,,,,,,,,,,,,,,,,,,Publish,2025-04-25 13:40:00.000,2025-04-25 13:48:00.000
1321,SP0337,SP0337_IND001,Efficacy,Endpoint / Claim 2,,,,,,,,,,,,,,,,,,,Publish,2025-04-25 13:40:00.000,2025-04-25 13:48:00.000
1322,SP0337,SP0337_IND001,Safety & Warnings,Basic Safety profile,Vaccine safety profile driving acceptability in early-stage CRC​,,,,,,,,,,,,,,,,,,Publish,2025-04-25 13:40:00.000,2025-04-25 13:48:00.000
1323,SP0276,SP0276_IND001,Expected Indication,Indication,"<p lang=""EN-US"">Active immunization against lower respiratory tract illness (LRTI),&nbsp;and&nbsp;exacerbation (COPD / Asthma) due to Rhinovirus (A)*​</p><ul><li><p lang=""EN-US"">Older adults &gt; 60 years of age, and&nbsp;​</p></li><li><p lang=""EN-US"">At-risk adults (18+ years of age) with COPD ​</p></li><li><p lang=""EN-US"">At-risk adults (18+ years of age) with Asthma</p></li></ul>","<ul><li><p lang=""EN-US"">Active immunization against LRTI,&nbsp;​</p></li><li><p lang=""EN-US"">and&nbsp;exacerbation (COPD/Asthma) due to HRV A &amp; C​</p></li><li><p lang=""EN-US"">LCM: Pediatric: Active immunization against LRTI and asthma exacerbation due to HRV A &amp; C​</p></li><li><p lang=""EN-US"">Prevention of secondary disease</p></li></ul>","<ul><li><p lang=""EN-US"">Active immunization for the prevention of lower respiratory tract illness due to HRV (A)​</p></li><li><p lang=""EN-US"">Older adults &gt; 75 years of age</p></li></ul>",,,Better,,Better,,,,,,,,,,,Publish,2025-04-28 16:24:00.000,2025-12-09 21:13:00.000
1324,SP0276,SP0276_IND001,"Dosing, administration & device",Route of administration,"<p><span style=""font-size:14px""><span style=""color:black"">Liquid injectable solution</span></span></p>",,"<p><span style=""font-size:14px""><span style=""color:black"">Liquid injectable solution</span></span></p>",,,Better,,Better,,,,,,,,,,,Publish,2025-04-28 16:24:00.000,2025-12-09 21:13:00.000
1325,SP0276,SP0276_IND001,"Dosing, administration & device",Dosage,"<p lang=""EN-US"">2 dose primary series (IM) + 1 dose booster every 1 year ​</p><p lang=""EN-US"">1 year duration of protection</p>","<p lang=""EN-US"">1 dose primary schedule IM or IN​</p><p lang=""EN-US"">&gt; 1 year duration of protection​</p>","<p lang=""EN-US"">2 doses primary schedule IM for the 1st Year&nbsp;+ 1 annual booster​</p><p lang=""EN-US"">1 year duration of protection</p>",,,Better,,Better,,,,,,,,,,,Publish,2025-04-28 16:24:00.000,2025-12-09 21:13:00.000
1326,SP0276,SP0276_IND001,"Dosing, administration & device",Patient Population/schedule,,,"<p><span style=""font-size:14px""><span style=""color:black"">Elderly <strong>&gt; 60 years </strong>of age,&nbsp;</span></span><span style=""font-size:14px""><span style=""color:black"">or&nbsp;</span></span><span style=""font-size:14px""><span style=""color:black""><strong>At-risk adults </strong>(Asthma, COPD.)</span></span></p>",,,Better,,Better,,,,,,,,,,,Publish,2025-04-28 16:24:00.000,2025-12-09 21:13:00.000
1327,SP0276,SP0276_IND001,"Dosing, administration & device",Primary Packaging (Device),,,"<p><span style=""font-size:14px""><span style=""color:black"">2 vials (lyo+liquid for reconstitution)</span></span></p>",,,Better,,Better,,,,,,,,,,,Publish,2025-04-28 16:24:00.000,2025-12-09 21:13:00.000
1328,SP0276,SP0276_IND001,Efficacy,Endpoint / Claim 1,"<ul><li><p lang=""EN-US"">&gt;70% efficacy for prevention of LRTI due to HRV A in 60+​</p></li><li><p lang=""EN-US"">&gt;TBC% efficacy for prevention of LRTI due to HRV A in 75+​</p></li><li><p lang=""EN-US"">Immunogenicity endpoint TBD <em>(immunobridge to assess immunogenicity across strains)</em></p></li></ul>","<ul><li><p lang=""EN-US"">&gt;70% efficacy for prevention of respiratory illness due to HRV (A &amp; C) in 60+​</p></li><li><p lang=""EN-US"">&gt;TBC% efficacy for prevention of LRTI due to HRV A &amp; C in 75+​</p></li><li><p lang=""EN-US"">Immunogenicity endpoint TBD (immunobridge to assess immunogenicity across strains)​</p></li><li><p lang=""EN-US"">LCM: TBC secondary disease endpoints</p></li></ul>","<ul><li><p lang=""EN-US"">&gt;60% decrease efficacy for prevention of respiratory illness due to HRV (A) in 75+​</p></li><li><p lang=""EN-US"">Immunogenicity endpoint TBD (immunobridge to assess immunogenicity across strains)</p></li></ul>",,,Better,Better,Better,,,,,,,,,,,Publish,2025-04-28 16:24:00.000,2025-12-09 21:13:00.000
1329,SP0276,SP0276_IND001,Efficacy,Endpoint / Claim 2,"<ul><li><p lang=""EN-US"">&gt;60% (TBC) decrease in the frequency of COPD and Asthma exacerbation due to HRV A​</p></li><li><p lang=""EN-US"">&gt;TBC% decrease in the severity of COPD and Asthma exacerbation due to HRV A​</p></li><li><p lang=""EN-US"">TBC% decrease in the frequency of moderate to severe COPD exacerbation due to HRV A​</p></li><li><p lang=""EN-US"">TBC% decrease in the frequency of moderate to severe asthma exacerbation due to HRV A ​</p></li><li><p lang=""EN-US"">QoL endpoint TBD (e.g., PRO)</p></li></ul>","<ul><li><p lang=""EN-US"">&gt;60% decrease in the frequency of COPD and Asthma exacerbation due to HRV (A &amp; C)​</p></li><li><p lang=""EN-US"">TBC% decrease in the frequency of COPD moderate to severe exacerbation due to HRV A and C​</p></li><li><p lang=""EN-US"">TBC% decrease in the frequency of asthma moderate to severe exacerbation due to HRV A and C ​</p></li><li><p lang=""EN-US"">QoL endpoint TBD (e.g., PRO)</p></li></ul>",,,,Better,Better,Better,,,,,,,,,,,Publish,2025-04-28 16:24:00.000,2025-12-09 21:13:00.000
1330,SP0276,SP0276_IND001,Safety & Warnings,Basic Safety profile,<p>Similar safety profile as vaccines in the same age group (flu / RSV mRNA benchmark)</p>,<p>Similar safety profile than for current vaccines (flu / RSV benchmark/LCM: pediatric combo vaccine benchmarks)</p>,<p>Similar safety profile than for vaccines in the same age (flu / RSV mRNA benchmark)</p>,,,Better,Better,Better,,,,,,,,,,,Publish,2025-04-28 16:24:00.000,2025-12-09 21:14:00.000
1331,SP0239,SP0239_IND001,Expected Indication,Indication,"<p>Active immunization to prevent diphtheria, tetanus, pertussis, poliomyelitis, hepatitis B, and invasive disease caused by Haemophilus influenzae type b for infants of HBsAg(-) mother.</p>",,,Pentaxim + HBV,"<p>Pentaxim:&nbsp;Active immunization to prevent diphtheria, tetanus, pertussis, poliomyelitis, and invasive disease caused by Haemophilus influenzae type b for infants.</p><p>HBV: Active immunization to prevent hepatitis B for infants irrespective of their monthers' HBsAg status.</p>",Equivalent,,,,,,,,,,,,,Publish,2025-05-28 11:37:00.000,2025-05-28 11:39:00.000
1332,SP0239,SP0239_IND001,"Dosing, administration & device",Route of administration,"<ul><li>Following an HBV birth dose(base: no restriction on HBV type, minimal: Hansenia polymorpha HBV), Hexaxim be administered for a 2, 4, 6 months primary series schedule, followed by a toddler booster at 18 month(base: DTaP-IPV-Hib-containing pentavalent vaccine; Upside: Pentaxim)</li><li>Ready-to-use, PFS, 0.5 ml per dose, preservative-free, IM injection</li><li>Stored at 2-8 degree, 4 years shelf-life.</li></ul>",,,Pentaxim + HBV,"<ul><li>Pentaxim: 3 doses primary vaccination given at 2,4, 6month, followed by a toddler booster dose at 18 month.</li><li>DTaP-IPV in PFS, 0.5ml per dose, plus Hib in lyophilized form in a separate vial, IM injection after reconstitution(stored at 2-8 degree, 3 years shelf-life).</li><li>HBV: 3 doses given at 0, 1, 6 months, no booster dose(PFS, 0.5ml per dose, IM; stored at 2-8 degree, 3 years shelf-life)</li></ul>",Slightly Better,,,,,,,,,,,,,Publish,2025-05-28 11:37:00.000,2025-05-28 11:39:00.000
1333,SP0239,SP0239_IND001,"Dosing, administration & device",Dosage,,,,Pentaxim + HBV,,Slightly Better,,,,,,,,,,,,,Publish,2025-05-28 11:37:00.000,2025-05-28 11:39:00.000
1334,SP0239,SP0239_IND001,"Dosing, administration & device",Patient Population/schedule,,,,Pentaxim + HBV,,Slightly Better,,,,,,,,,,,,,Publish,2025-05-28 11:38:00.000,2025-05-28 11:39:00.000
1335,SP0239,SP0239_IND001,"Dosing, administration & device",Primary Packaging (Device),,,,Pentaxim + HBV,,Slightly Better,,,,,,,,,,,,,Publish,2025-05-28 11:38:00.000,2025-05-28 11:40:00.000
1336,SP0239,SP0239_IND001,Efficacy,Endpoint / Claim 1,"<p>Primary Endpoint: D, T, HB, Hib, polio type 1/2/3, PT, FHA immune response after primary series non-inferior to Pentaxim plus separate HBV</p><p>Claim: Prevent against D, T, P, HB, polio, invasive diseases caused by Hib.</p>",,,Pentaxim + HBV,"<ul><li>Pentaxim:</li></ul><p>Endpoint:&nbsp;D, T, Hib, polio type 1/2/3, PT, FHA immune response after primary series non-inferior to Pentaxim plus separate HBV</p><p>Claim: Prevent against D, T, P, polio, invasive diseases caused by Hib.</p><ul><li>HBV:</li></ul><p>Endpoint: HB immune response after primary series</p><p>Claim: prevent against HB</p>",Equivalent,,,,,,,,,,,,,Publish,2025-05-28 11:38:00.000,2025-05-28 11:40:00.000
1337,SP0239,SP0239_IND001,Efficacy,Endpoint / Claim 2,,,,Pentaxim + HBV,,,,,,,,,,,,,,,Publish,2025-05-28 11:38:00.000,2025-05-28 11:40:00.000
1338,SP0239,SP0239_IND001,Safety & Warnings,Basic Safety profile,<ul><li>Safety profile comparable to Pentaxim plus separate HBV</li><li>No co-administration with NIP vaccines;</li><li>Pre-term use is allowed.</li></ul>,,,Pentaxim + HBV,<p>Pentaxim:</p><ul><li>Good safety profile&nbsp;</li><li>Co-administration with MMR referring to overseas data</li><li>&nbsp;vaccines;</li><li>Pre-term use is allowed.</li></ul>,Equivalent,,,,,,,,,,,,,Publish,2025-05-28 11:38:00.000,2025-05-28 11:40:00.000
1339,LC81418,LC81418_IND001,Expected Indication,Indication,"<p style=""margin-left:10px; text-align:left""><span style=""font-size:14px""><span style=""color:black"">Facioscapulohumeral muscular dystrophy (FSHD1 and FSHD2) in pts &gt;16 yo</span> <span style=""color:black"">(ambulatory; all severity levels)</span></span></p>",,,Delpacibart braxlosiran (AOC-1020; Avidity Biosciences),"<p style=""margin-left:10px; text-align:left""><span style=""font-size:14px""><span style=""color:black"">Facioscapulohumeral muscular dystrophy (FSHD1 and FSHD2) in pts &gt;16 yo (ambulatory; all severity levels)</span></span></p>",Equivalent,,,,,,,,,,,,,Draft,2025-06-25 23:00:00.000,2025-12-01 22:02:00.000
1340,LC81418,LC81418_IND001,"Dosing, administration & device",Route of administration,"<div style=""margin-left:10px; text-align:left"" class=""O0""><span><span><span><span><span><span style=""font-size:9.0pt""><span>•</span></span><u><span style=""font-size:9.0pt""><span><span style=""color:#7a00e6""><span><strong>One-time single dose IV infusion</strong></span></span></span></span></u></span></span></span></span></span></div>",,,Delpacibart braxlosiran (AOC-1020; Avidity Biosciences),"<div style=""margin-left:10px; text-align:left""><span><span><span><span><span><span style=""font-size:9.0pt""><span>•</span></span><span style=""font-size:9.0pt""><span><span style=""color:black""><span><span>Administration: IV</span></span></span></span></span></span></span></span></span></span></div>",Better,,,,,,,,,,,,,Draft,2025-06-25 23:00:00.000,2025-12-01 22:02:00.000
1341,LC81418,LC81418_IND001,"Dosing, administration & device",Dosage,,,,Delpacibart braxlosiran (AOC-1020; Avidity Biosciences),"<div style=""margin-left:10px; text-align:left"" class=""O0""><span><span><span><span><span><span style=""font-size:9.0pt""><span>•</span></span><span style=""font-size:9.0pt""><span><span style=""color:black""><span><span>Dosing : 2mg/kg; Q6W</span></span></span></span></span></span></span></span></span></span></div>",Better,,,,,,,,,,,,,Draft,2025-06-25 23:00:00.000,2025-12-01 22:02:00.000
1342,LC81418,LC81418_IND001,"Dosing, administration & device",Patient Population/schedule,,,,Delpacibart braxlosiran (AOC-1020; Avidity Biosciences),,Better,,,,,,,,,,,,,Draft,2025-06-25 23:00:00.000,2025-12-01 22:02:00.000
1343,LC81418,LC81418_IND001,"Dosing, administration & device",Primary Packaging (Device),,,,Delpacibart braxlosiran (AOC-1020; Avidity Biosciences),,Better,,,,,,,,,,,,,Draft,2025-06-25 23:00:00.000,2025-12-01 22:02:00.000
1344,LC81418,LC81418_IND001,Efficacy,Endpoint / Claim 1,"<div style=""margin-left:10px; text-align:left"" class=""O0""><div style=""margin-left:10px; text-align:left"" class=""O0""><span><span><span><span><span><span style=""font-size:9.0pt""><span>•</span></span><u><span style=""font-size:9.0pt""><span><span style=""color:#7a00e6""><span><strong><span>Significant increase </span></strong></span></span></span></span></u><span style=""font-size:9.0pt""><span><span style=""color:black""><span><span><span>in muscle function (Timed Up and Go, 10MWRT, Reachable </span></span></span></span></span></span><span style=""font-size:9.0pt""><span><span style=""color:black""><span><span><span>Work Space</span></span></span></span></span></span><span style=""font-size:9.0pt""><span><span style=""color:black""><span><span><span>)</span></span></span></span></span></span></span></span></span></span></span></div><div style=""margin-left:10px; text-align:left"" class=""O0""><span><span><span><span><span><span style=""font-size:9.0pt""><span>•</span></span><u><span style=""font-size:9.0pt""><span><span style=""color:#7a00e6""><span><strong><span>Significant improvement </span></strong></span></span></span></span></u><span style=""font-size:9.0pt""><span><span style=""color:black""><span><span><span>in muscle strength</span></span></span></span></span></span></span></span></span></span></span></div><div style=""margin-left:10px; text-align:left"" class=""O0""><span><span><span><span><span><span style=""font-size:9.0pt""><span style=""color:black""><span>•</span></span></span><span style=""font-size:9.0pt""><span><span style=""color:black""><span><span><span>Positive patient and clinician reported outcomes.</span></span></span></span></span></span></span></span></span></span></span></div><p style=""text-align:left""> </p></div>",,,Delpacibart braxlosiran (AOC-1020; Avidity Biosciences),"<div style=""margin-left:10px; text-align:left"" class=""O0""><div style=""margin-left:10px; text-align:left"" class=""O0""><div style=""margin-left:10px; text-align:left"" class=""O0""><span style=""font-size:14px"">•<span style=""color:black"">Increased muscle strength (QMT).</span></span></div><div style=""margin-left:10px; text-align:left"" class=""O0""><span style=""font-size:14px"">•<span style=""color:black"">Increased muscle function (Timed Up and Go, 10MWRT) compared to placebo</span></span></div><div style=""margin-left:10px; text-align:left"" class=""O0""><span style=""font-size:14px"">•<span style=""color:black"">Positive patient and clinician reported outcomes.</span></span></div></div></div>",Better,,,,,,,,,,,,,Draft,2025-06-25 23:00:00.000,2025-12-01 22:02:00.000
1345,LC81418,LC81418_IND001,Efficacy,Endpoint / Claim 2,"<div style=""margin-left:10px; text-align:left"" class=""O0""><div style=""margin-left:10px; text-align:left"" class=""O0""><span><span><span><span><span><span style=""font-size:9.0pt""><span style=""color:black""><span>•</span></span></span><u><span style=""font-size:9.0pt""><span><span style=""color:#7a00e6""><span><strong><span>Significantly reduced </span></strong></span></span></span></span></u><span style=""font-size:9.0pt""><span><span style=""color:black""><span><span><span>DUX4-regulated gene panels.</span></span></span></span></span></span></span></span></span></span></span></div><div style=""margin-left:10px; text-align:left"" class=""O0""><span><span><span><span><span><span style=""font-size:9.0pt""><span style=""color:black""><span>•</span></span></span><u><span style=""font-size:9.0pt""><span><span style=""color:#7a00e6""><span><strong><span>Significant reduction </span></strong></span></span></span></span></u><span style=""font-size:9.0pt""><span><span style=""color:black""><span><span><span>in DUX4-regulated circulating biomarker.#</span></span></span></span></span></span></span></span></span></span></span></div><div style=""margin-left:10px; text-align:left"" class=""O0""><span><span><span><span><span><span style=""font-size:9.0pt""><span style=""color:black""><span>•</span></span></span><span style=""font-size:9.0pt""><span><span style=""color:black""><span><span><span>Reduction in Fat, Fibrosis measured by muscle MRI imaging biomarkers.</span></span></span></span></span></span></span></span></span></span></span></div></div>",,,Delpacibart braxlosiran (AOC-1020; Avidity Biosciences),"<div style=""margin-left:10px; text-align:left"" class=""O0""><span><span><span><span><span><span style=""font-size:9.0pt""><span style=""color:black""><span>•</span></span></span><span style=""font-size:9.0pt""><span><span style=""color:black""><span><span><span>53% reduction DUX4-regulated gene panels. (All treated pts experience &gt;20% reduction from baseline)</span></span></span></span></span></span></span></span></span></span></span></div><div style=""margin-left:10px; text-align:left"" class=""O0""><span><span><span><span><span><span style=""font-size:9.0pt""><span style=""color:black""><span>•</span></span></span><span style=""font-size:9.0pt""><span><span style=""color:black""><span><span><span>25% reduction in DUX4-regulated circulating biomarker.</span></span></span></span></span></span></span></span></span></span></span></div><div style=""margin-left:10px; text-align:left"" class=""O0""><span><span><span><span><span><span style=""font-size:9.0pt""><span style=""color:black""><span>•</span></span></span><span style=""font-size:9.0pt""><span><span style=""color:black""><span><span><span>Reduction in Fat, Fibrosis measured by muscle MRI imaging biomarkers.</span></span></span></span></span></span></span></span></span></span></span></div>",Better,,,,,,,,,,,,,Draft,2025-06-25 23:00:00.000,2025-12-01 22:02:00.000
1346,LC81418,LC81418_IND001,Safety & Warnings,Basic Safety profile,"<div style=""margin-left:10px; text-align:left""><div style=""margin-left:10px; text-align:left""><span><span><span><span><span><span style=""font-size:9.0pt""><span style=""color:black""><span>•</span></span></span><span style=""font-size:9.0pt""><span><span style=""color:black""><span><span><span>Prophylactic steroids required</span></span></span></span></span></span></span></span></span></span></span></div><div style=""margin-left:10px; text-align:left""><span><span><span><span><span><span style=""font-size:9.0pt""><span style=""color:black""><span>•</span></span></span><span style=""font-size:9.0pt""><span><span style=""color:black""><span><span><span>AEs consistent with risk-benefit of AAV gene transfer therapy, </span></span></span></span></span></span><span style=""font-size:9.0pt""><span><span style=""color:black""><span><span><span>e.g.</span></span></span></span></span></span><span style=""font-size:9.0pt""><span><span style=""color:black""><span><span><span> asymptomatic elevation of liver enzymes that resolve with medical management (corticosteroids)</span></span></span></span></span></span></span></span></span></span></span></div><div style=""margin-left:10px; text-align:left""><span><span><span><span><span><span style=""font-size:9.0pt""><span style=""color:black""><span>•</span></span></span><span style=""font-size:9.0pt""><span><span style=""color:black""><span><span><span>No black box expected due to hypersensitivity</span></span></span></span></span></span></span></span></span></span></span></div></div>",,,Delpacibart braxlosiran (AOC-1020; Avidity Biosciences),"<div style=""margin-left:10px; text-align:left"" class=""O0""><div style=""margin-left:10px; text-align:left"" class=""O0""><span><span><span><span><span><span style=""font-size:9.0pt""><span>•</span></span><span style=""font-size:9.0pt""><span><span style=""color:black""><span><span><span>All adverse events (AEs)&nbsp;mild or moderate (most common AEs were fatigue and decrease in hemoglobin)</span></span></span></span></span></span></span></span></span></span></span></div><div style=""margin-left:10px; text-align:left"" class=""O0""><span><span><span><span><span><span style=""font-size:9.0pt""><span>•</span></span><span style=""font-size:9.0pt""><span><span style=""color:black""><span><span><span>No serious AEs, No severe AEs</span></span></span></span></span></span></span></span></span></span></span></div><div style=""margin-left:10px; text-align:left"" class=""O0""><span><span><span><span><span><span style=""font-size:9.0pt""><span>•</span></span><span style=""font-size:9.0pt""><span><span style=""color:black""><span><span><span>No discontinuations</span></span></span></span></span></span></span></span></span></span></span></div><div style=""margin-left:10px; text-align:left"" class=""O0""><span><span><span><span><span><span style=""font-size:9.0pt""><span>•</span></span><span style=""font-size:9.0pt""><span><span style=""color:black""><span><span><span>Potential for infusion-site reactions</span></span></span></span></span></span></span></span></span></span></span></div></div>",Slightly Worse,,,,,,,,,,,,,Draft,2025-06-25 23:00:00.000,2025-12-01 22:02:00.000
1347,SAR446878,SAR446878_IND001,Expected Indication,Indication,"<p><span><span><span><span><span><span style=""font-size:8.0pt""><span><span style=""color:black""><span>Adult DLBCL patients with relapsed or refractory large B-cell lymphoma after two or more lines of systemic therapy, including anthracycline-based immunotherapy, who have progressed following prior autologous CAR-T therapy</span></span></span></span></span></span></span></span></span></p><p style=""text-align:left""><span><span><span><span><span><span style=""font-size:8.0pt""><span><span style=""color:black""><span>(note: given better safety, may be able to include post-</span></span></span></span><span style=""font-size:8.0pt""><span><span style=""color:black""><span>aHSCT</span></span></span></span><span style=""font-size:8.0pt""><span><span style=""color:black""><span>/ECOG&gt;2 patients to have broader population) </span></span></span></span></span></span></span></span></span></p>",,,"TCE, EPKINLY (SAR’878 is also expected to compete with autologous CAR-T, against which it has better comparative positioning for efficacy (moderate), safety (high), and manufacturing / administration / logistics (very high))","<p style=""text-align:left""><span><span><span><span><span><span><span style=""font-size:8.0pt""><span><span style=""color:black""><span>Adult patients with relapsed or refractory large B-cell lymphoma after two or more lines of systemic therapy, including diffuse large B-cell lymphoma (DLBCL) not otherwise specified, DLBCL arising from indolent lymphoma, and high-grade B-cell lymphoma (HGBL)</span></span></span></span></span></span></span></span></span></span></p>",Slightly Better,,,,,,,,,,,,,Draft,2025-07-25 17:25:00.000,2025-07-25 17:25:00.000
1348,SAR446878,SAR446878_IND001,"Dosing, administration & device",Route of administration,"<ul><li style=""margin-left: 18px; text-align: left;""><span><span><span><span><span><span><span style=""font-size:8.0pt""><span><span style=""color:black""><span>Lymphodepletion: no lymphodepletion</span></span></span></span></span></span></span></span></span></span></li><li style=""margin-left: 18px; text-align: left;"" class=""O0""><span><span><span><span><span><span style=""font-size:8.0pt""><span><span style=""color:black""><span><span>Route of administration: IV</span></span></span></span></span></span></span></span></span></span></li></ul>",,,"TCE, EPKINLY (SAR’878 is also expected to compete with autologous CAR-T, against which it has better comparative positioning for efficacy (moderate), safety (high), and manufacturing / administration / logistics (very high))","<ul><li style=""margin-left: 18px; text-align: left;"" class=""O0""><span><span><span><span><span><span style=""font-size:8.0pt""><span><span style=""color:black""><span><span>Lymphodepletion: no lymphodepletion</span></span></span></span></span></span></span></span></span></span></li><li style=""margin-left: 18px; text-align: left;"" class=""O0""><span><span><span><span><span><span style=""font-size:8.0pt""><span><span style=""color:black""><span><span>Route of administration: IV, 10 x </span></span></span></span></span><span style=""font-size:8.0pt""><span><span style=""color:black""><span><span>28 day</span></span></span></span></span><span style=""font-size:8.0pt""><span><span style=""color:black""><span><span> cycles (16 – 48mg)</span></span></span></span></span></span></span></span></span></span></li></ul>",Equivalent,,,,,,,,,,,,,Draft,2025-07-25 17:25:00.000,2025-07-25 17:25:00.000
1349,SAR446878,SAR446878_IND001,"Dosing, administration & device",Dosage,"<ul><li style=""margin-left: 18px; text-align: left;"" class=""O0""><span><span><span><span><span><span style=""font-size:8.0pt""><span><span style=""color:black""><span><span>Frequency: limited repeat dosing </span></span></span></span></span></span></span></span></span></span></li></ul>",,,"TCE, EPKINLY (SAR’878 is also expected to compete with autologous CAR-T, against which it has better comparative positioning for efficacy (moderate), safety (high), and manufacturing / administration / logistics (very high))","<ul><li style=""margin-left: 18px; text-align: left;"" class=""O0""><span><span><span><span><span><span style=""font-size:8.0pt""><span><span style=""color:black""><span><span>Frequency: QW, Q2W, and Q4W depending on treatment cycle; one-time administration through 28 cycles</span></span></span></span></span></span></span></span></span></span></li></ul>",Equivalent,,,,,,,,,,,,,Draft,2025-07-25 17:25:00.000,2025-07-25 17:25:00.000
1350,SAR446878,SAR446878_IND001,"Dosing, administration & device",Patient Population/schedule,,,,"TCE, EPKINLY (SAR’878 is also expected to compete with autologous CAR-T, against which it has better comparative positioning for efficacy (moderate), safety (high), and manufacturing / administration / logistics (very high))",,Equivalent,,,,,,,,,,,,,Draft,2025-07-25 17:25:00.000,2025-07-25 17:25:00.000
1351,SAR446878,SAR446878_IND001,"Dosing, administration & device",Primary Packaging (Device),,,,"TCE, EPKINLY (SAR’878 is also expected to compete with autologous CAR-T, against which it has better comparative positioning for efficacy (moderate), safety (high), and manufacturing / administration / logistics (very high))",,Equivalent,,,,,,,,,,,,,Draft,2025-07-25 17:25:00.000,2025-07-25 17:25:00.000
1352,SAR446878,SAR446878_IND001,Efficacy,Endpoint / Claim 1,<p>mPFS: 6.3 months</p>,,,"TCE, EPKINLY (SAR’878 is also expected to compete with autologous CAR-T, against which it has better comparative positioning for efficacy (moderate), safety (high), and manufacturing / administration / logistics (very high))",<p>mPFS: 4.4 month</p>,Better,,,,,,,,,,,,,Draft,2025-07-25 17:25:00.000,2025-07-25 17:25:00.000
1353,SAR446878,SAR446878_IND001,Efficacy,Endpoint / Claim 2,"<p>CRR: 54%</p><p>Other:&nbsp;</p><ul><li style=""margin-left: 18px; text-align: left;"" class=""O0""><span><span><span><span><span><span style=""font-size:8.0pt""><span><span><span style=""color:black""><span><span><span><span><span>Repeat dosing with </span></span></span></span></span></span></span></span></span><span style=""font-size:8.0pt""><span><span style=""color:black""><span><span>monitoring required to mitigate CRS</span></span></span></span></span></span></span></span></span></span></li><li style=""margin-left: 18px; text-align: left;"" class=""O0""><span><span><span><span><span><span style=""font-size:8.0pt""><span><span><span style=""color:black""><span><span><span><span><span>Must be administered in </span></span></span></span></span></span></span></span></span><span style=""font-size:8.0pt""><span><span><span style=""color:black""><span><span><span><span><span>CoE</span></span></span></span></span></span></span></span></span><span style=""font-size:8.0pt""><span><span><span style=""color:black""><span><span><span><span><span>/certified center (community administration may be possible)</span></span></span></span></span></span></span></span></span></span></span></span></span></span></li></ul>",,,"TCE, EPKINLY (SAR’878 is also expected to compete with autologous CAR-T, against which it has better comparative positioning for efficacy (moderate), safety (high), and manufacturing / administration / logistics (very high))","<p>CRR: 40%<br />Other:&nbsp;</p><ul><li style=""margin-left: 18px; text-align: left;"" class=""O0""><span><span><span><span><span><span style=""font-size:8.0pt""><span><span style=""color:black""><span><span>Step-up dosing schedule and monitoring required to mitigate CRS</span></span></span></span></span></span></span></span></span></span></li><li style=""margin-left: 18px; text-align: left;"" class=""O0""><span><span><span><span><span><span style=""font-size:8.0pt""><span><span style=""color:black""><span><span>Must be administered in </span></span></span></span></span><span style=""font-size:8.0pt""><span><span style=""color:black""><span><span>CoE</span></span></span></span></span><span style=""font-size:8.0pt""><span><span style=""color:black""><span><span>/certified center (community administration may be possible)</span></span></span></span></span></span></span></span></span></span></li></ul>",Better,,,,,,,,,,,,,Draft,2025-07-25 17:25:00.000,2025-07-25 17:25:00.000
1354,SAR446878,SAR446878_IND001,Safety & Warnings,Basic Safety profile,"<p style=""text-align:left""><span><span><span><span><span><span style=""font-size:8.0pt""><span><span style=""color:black""><span><span><span>Anticipated safety profile: better than CAR-T/TCE</span></span></span></span></span></span></span></span></span></span></span></p><ul><li style=""margin-left: 18px; text-align: left;"" class=""O0""><span><span><span><span><span><span style=""font-size:8.0pt""><span><span style=""color:black""><span><span><span>minimal CRS (&lt;10% GR3+) </span></span></span></span></span></span></span></span></span></span></span></li><li style=""margin-left: 18px; text-align: left;"" class=""O0""><span><span><span><span><span><span style=""font-size:8.0pt""><span><span style=""color:black""><span><span><span>minimal ICANS/neurologic toxicity (&lt;5%)</span></span></span></span></span></span></span></span></span></span></span></li></ul>",,,"TCE, EPKINLY (SAR’878 is also expected to compete with autologous CAR-T, against which it has better comparative positioning for efficacy (moderate), safety (high), and manufacturing / administration / logistics (very high))","<p style=""text-align:left""><span><span><span><span><span><span style=""font-size:8.0pt""><span><span style=""color:black""><span><span><span>The most common (≥ 20%) adverse reactions are cytokine release </span></span></span></span></span></span></span></span></span></span></span></p><p style=""text-align:left""><span><span><span><span><span><span style=""font-size:8.0pt""><span><span style=""color:black""><span><span><span>syndrome, fatigue, musculoskeletal pain, injection site reactions, pyrexia, abdominal pain, nausea, and diarrhea. The most common Grade 3 to 4 laboratory abnormalities (≥ 10%) are decreased lymphocyte count, decreased neutrophil count, decreased white blood cell count, decreased hemoglobin, and decreased platelets.</span></span></span></span></span></span></span></span></span></span></span></p>",Slightly Better,,,,,,,,,,,,,Draft,2025-07-25 17:25:00.000,2025-07-25 17:25:00.000
1355,SAR446878,SAR446878_IND001,Expected Indication,Indication,"<p><span><span><span><span><span><span style=""font-size:8.0pt""><span><span style=""color:black""><span>Adult DLBCL patients with relapsed or refractory large B-cell lymphoma after two or more lines of systemic therapy, including anthracycline-based immunotherapy, who have progressed following prior autologous CAR-T therapy</span></span></span></span></span></span></span></span></span></p><p style=""text-align:left""><span><span><span><span><span><span style=""font-size:8.0pt""><span><span style=""color:black""><span>(note: given better safety, may be able to include post-</span></span></span></span><span style=""font-size:8.0pt""><span><span style=""color:black""><span>aHSCT</span></span></span></span><span style=""font-size:8.0pt""><span><span style=""color:black""><span>/ECOG&gt;2 patients to have broader population) </span></span></span></span></span></span></span></span></span></p>",,,"TCE, EPKINLY ","<p style=""text-align:left""><span><span><span><span><span><span><span style=""font-size:8.0pt""><span><span style=""color:black""><span>Adult patients with relapsed or refractory large B-cell lymphoma after two or more lines of systemic therapy, including diffuse large B-cell lymphoma (DLBCL) not otherwise specified, DLBCL arising from indolent lymphoma, and high-grade B-cell lymphoma (HGBL)</span></span></span></span></span></span></span></span></span></span></p>",Slightly Better,,,Liso-cel,"<p style=""text-align:left""><span style=""font-size:14px""><span style=""color:black"">Adult patients with relapsed or refractory large B-cell lymphoma (LBCL) after two or more lines of systemic therapy, including diffuse large B-cell lymphoma not otherwise specified (including DLBCL arising from indolent lymphoma), high-grade B-cell lymphoma, and primary mediastinal large B-cell lymphoma.</span></span></p>",,,,,,,,,Publish,2025-07-25 18:03:00.000,2025-09-12 12:54:00.000
1356,SAR446878,SAR446878_IND001,"Dosing, administration & device",Route of administration,"<ul><li style=""margin-left: 18px; text-align: left;""><span><span><span><span><span><span><span style=""font-size:8.0pt""><span><span style=""color:black""><span>Lymphodepletion: no lymphodepletion</span></span></span></span></span></span></span></span></span></span></li><li style=""margin-left: 18px; text-align: left;"" class=""O0""><span><span><span><span><span><span style=""font-size:8.0pt""><span><span style=""color:black""><span><span>Route of administration: IV</span></span></span></span></span></span></span></span></span></span></li></ul>",,,"TCE, EPKINLY ","<ul><li style=""margin-left: 18px; text-align: left;"" class=""O0""><span><span><span><span><span><span style=""font-size:8.0pt""><span><span style=""color:black""><span><span>Lymphodepletion: no lymphodepletion</span></span></span></span></span></span></span></span></span></span></li><li style=""margin-left: 18px; text-align: left;"" class=""O0""><span><span><span><span><span><span style=""font-size:8.0pt""><span><span style=""color:black""><span><span>Route of administration: IV, 10 x </span></span></span></span></span><span style=""font-size:8.0pt""><span><span style=""color:black""><span><span>28 day</span></span></span></span></span><span style=""font-size:8.0pt""><span><span style=""color:black""><span><span> cycles (16 – 48mg)</span></span></span></span></span></span></span></span></span></span></li></ul>",Equivalent,,,Liso-cel,,,,,,,,,,Publish,2025-07-25 18:03:00.000,2025-09-12 12:54:00.000
1357,SAR446878,SAR446878_IND001,"Dosing, administration & device",Dosage,"<ul><li style=""margin-left: 18px; text-align: left;"" class=""O0""><span><span><span><span><span><span style=""font-size:8.0pt""><span><span style=""color:black""><span><span>Frequency: limited repeat dosing </span></span></span></span></span></span></span></span></span></span></li></ul>",,,"TCE, EPKINLY ","<ul><li style=""margin-left: 18px; text-align: left;"" class=""O0""><span><span><span><span><span><span style=""font-size:8.0pt""><span><span style=""color:black""><span><span>Frequency: QW, Q2W, and Q4W depending on treatment cycle; one-time administration through 28 cycles</span></span></span></span></span></span></span></span></span></span></li></ul>",Equivalent,,,Liso-cel,,,,,,,,,,Publish,2025-07-25 18:03:00.000,2025-09-12 12:54:00.000
1358,SAR446878,SAR446878_IND001,"Dosing, administration & device",Patient Population/schedule,,,,"TCE, EPKINLY ",,Equivalent,,,Liso-cel,,,,,,,,,,Publish,2025-07-25 18:03:00.000,2025-09-12 12:54:00.000
1359,SAR446878,SAR446878_IND001,"Dosing, administration & device",Primary Packaging (Device),,,,"TCE, EPKINLY ",,Equivalent,,,Liso-cel,,,,,,,,,,Publish,2025-07-25 18:03:00.000,2025-09-12 12:54:00.000
1360,SAR446878,SAR446878_IND001,Efficacy,Endpoint / Claim 1,<p>mPFS: 6.3 months</p>,,,"TCE, EPKINLY ",<p>mPFS: 4.4 month</p>,Better,,,Liso-cel,<p>mPFS: 6.8 month</p>,Better,,,,,,,,Publish,2025-07-25 18:03:00.000,2025-09-12 12:54:00.000
1361,SAR446878,SAR446878_IND001,Efficacy,Endpoint / Claim 2,"<p>CRR: 54%</p><p>Other:&nbsp;</p><ul><li style=""margin-left: 18px; text-align: left;"" class=""O0""><span><span><span><span><span><span style=""font-size:8.0pt""><span><span><span style=""color:black""><span><span><span><span><span>Repeat dosing with </span></span></span></span></span></span></span></span></span><span style=""font-size:8.0pt""><span><span style=""color:black""><span><span>monitoring required to mitigate CRS</span></span></span></span></span></span></span></span></span></span></li><li style=""margin-left: 18px; text-align: left;"" class=""O0""><span><span><span><span><span><span style=""font-size:8.0pt""><span><span><span style=""color:black""><span><span><span><span><span>Must be administered in </span></span></span></span></span></span></span></span></span><span style=""font-size:8.0pt""><span><span><span style=""color:black""><span><span><span><span><span>CoE</span></span></span></span></span></span></span></span></span><span style=""font-size:8.0pt""><span><span><span style=""color:black""><span><span><span><span><span>/certified center (community administration may be possible)</span></span></span></span></span></span></span></span></span></span></span></span></span></span></li></ul>",,,"TCE, EPKINLY ","<p>CRR: 40%<br />Other:&nbsp;</p><ul><li style=""margin-left: 18px; text-align: left;"" class=""O0""><span><span><span><span><span><span style=""font-size:8.0pt""><span><span style=""color:black""><span><span>Step-up dosing schedule and monitoring required to mitigate CRS</span></span></span></span></span></span></span></span></span></span></li><li style=""margin-left: 18px; text-align: left;"" class=""O0""><span><span><span><span><span><span style=""font-size:8.0pt""><span><span style=""color:black""><span><span>Must be administered in </span></span></span></span></span><span style=""font-size:8.0pt""><span><span style=""color:black""><span><span>CoE</span></span></span></span></span><span style=""font-size:8.0pt""><span><span style=""color:black""><span><span>/certified center (community administration may be possible)</span></span></span></span></span></span></span></span></span></span></li></ul>",Better,,,Liso-cel,<p>TRANSCEND: CRR: 54%</p>,Better,,,,,,,,Publish,2025-07-25 18:03:00.000,2025-09-12 12:54:00.000
1362,SAR446878,SAR446878_IND001,Safety & Warnings,Basic Safety profile,"<p style=""text-align:left""><span><span><span><span><span><span style=""font-size:8.0pt""><span><span style=""color:black""><span><span><span>Anticipated safety profile: better than CAR-T/TCE</span></span></span></span></span></span></span></span></span></span></span></p><ul><li style=""margin-left: 18px; text-align: left;"" class=""O0""><span><span><span><span><span><span style=""font-size:8.0pt""><span><span style=""color:black""><span><span><span>minimal CRS (&lt;10% GR3+) </span></span></span></span></span></span></span></span></span></span></span></li><li style=""margin-left: 18px; text-align: left;"" class=""O0""><span><span><span><span><span><span style=""font-size:8.0pt""><span><span style=""color:black""><span><span><span>minimal ICANS/neurologic toxicity (&lt;5%)</span></span></span></span></span></span></span></span></span></span></span></li></ul>",,,"TCE, EPKINLY ","<p style=""text-align:left""><span><span><span><span><span><span style=""font-size:8.0pt""><span><span style=""color:black""><span><span><span>The most common (≥ 20%) adverse reactions are cytokine release </span></span></span></span></span></span></span></span></span></span></span></p><p style=""text-align:left""><span><span><span><span><span><span style=""font-size:8.0pt""><span><span style=""color:black""><span><span><span>syndrome, fatigue, musculoskeletal pain, injection site reactions, pyrexia, abdominal pain, nausea, and diarrhea. The most common Grade 3 to 4 laboratory abnormalities (≥ 10%) are decreased lymphocyte count, decreased neutrophil count, decreased white blood cell count, decreased hemoglobin, and decreased platelets.</span></span></span></span></span></span></span></span></span></span></span></p>",Slightly Better,,,Liso-cel,,,,,,,,,,Publish,2025-07-25 18:04:00.000,2025-09-12 12:54:00.000
1363,SP0338,SP0338_IND001,Expected Indication,Indication,<p>Prevention of primary and re-infection with Chlamydia trachomatis and Neisseria gonorrhoeae in all genders aged 11-44 regardless of serostatus</p>,,,,,,,,,,,,,,,,,,Publish,2025-08-06 16:06:00.000,2025-08-06 16:08:00.000
1364,SP0338,SP0338_IND001,"Dosing, administration & device",Route of administration,<p>IntramusculR</p>,,,,,,,,,,,,,,,,,,Publish,2025-08-06 16:06:00.000,2025-08-06 16:08:00.000
1365,SP0338,SP0338_IND001,"Dosing, administration & device",Dosage,<p>2 Doses</p><p>1 Booster at 5 years with at least addtional 10-year protection.</p>,,,,,,,,,,,,,,,,,,Publish,2025-08-06 16:06:00.000,2025-08-06 16:08:00.000
1366,SP0338,SP0338_IND001,"Dosing, administration & device",Patient Population/schedule,,,,,,,,,,,,,,,,,,,Publish,2025-08-06 16:06:00.000,2025-08-06 16:08:00.000
1367,SP0338,SP0338_IND001,"Dosing, administration & device",Primary Packaging (Device),,,,,,,,,,,,,,,,,,,Publish,2025-08-06 16:06:00.000,2025-08-06 16:08:00.000
1368,SP0338,SP0338_IND001,Efficacy,Endpoint / Claim 1,"<div style=""margin-left:12px; text-align:left"" class=""O0""><span style=""font-size:14px""><span style=""color:black"">Chlamydia: 80% (Prevention of&nbsp;Infection) across all genital serovars</span></span></div><div style=""margin-left:12px; text-align:left"" class=""O0""><span style=""font-size:14px""><span style=""color:black"">Gonorrhea: 80% (Prevention of&nbsp;Infection) across PorB.IA and PorB.IB strains</span></span></div>",,,,,,,,,,,,,,,,,,Publish,2025-08-06 16:06:00.000,2025-08-06 16:08:00.000
1369,SP0338,SP0338_IND001,Efficacy,Endpoint / Claim 2,"<div style=""margin-left:12px; text-align:left""><span style=""font-size:14px""><span style=""color:black"">Anti-microbial resistance endpoints<br />[to be defined]</span></span></div>",,,,,,,,,,,,,,,,,,Publish,2025-08-06 16:06:00.000,2025-08-06 16:09:00.000
1370,SP0338,SP0338_IND001,Safety & Warnings,Basic Safety profile,"<div style=""margin-left:12px; text-align:left"" class=""O0""><span style=""font-size:14px""><span style=""color:black"">Reactogenicity: comparable to licensed vaccines in the target age group (i.e., MenB)</span></span></div><div style=""margin-left:12px; text-align:left""><span style=""font-size:14px""><span style=""color:black"">Similar safety profile to licensed vaccines in this age group (i.e., HPV, Meningitis)</span></span></div><div style=""margin-left:12px; text-align:left""><span style=""font-size:14px""><span style=""color:black"">Safety in women of child-bearing age</span></span></div>",,,,,,,,,,,,,,,,,,Publish,2025-08-06 16:06:00.000,2025-08-06 16:09:00.000
1371,SP0338,SP0338_IND001,Expected Indication,Indication,<p>Prevention of primary and re-infection with Chlamydia trachomatis and Neisseria gonorrhoeae in all genders aged 11-44 regardless of serostatus</p>,,,Statens Serum Instituts Chlamydia vaccine,<p>Same as Sanofi efficacy/Safety profile as CT Standalone&nbsp;</p>,Equivalent,,,,,,,,,,,,,Publish,2025-08-06 16:22:00.000,2025-08-06 16:23:00.000
1372,SP0338,SP0338_IND001,"Dosing, administration & device",Route of administration,<p>IntramusculR</p>,,,Statens Serum Instituts Chlamydia vaccine,<p>Same as Sanofi</p>,Equivalent,,,,,,,,,,,,,Publish,2025-08-06 16:22:00.000,2025-08-06 16:23:00.000
1373,SP0338,SP0338_IND001,"Dosing, administration & device",Dosage,<p>2 Doses</p><p>1 Booster at 5 years with at least addtional 10-year protection.</p>,,,Statens Serum Instituts Chlamydia vaccine,<p>Same as Sanofi</p>,Equivalent,,,,,,,,,,,,,Publish,2025-08-06 16:22:00.000,2025-08-06 16:24:00.000
1374,SP0338,SP0338_IND001,"Dosing, administration & device",Patient Population/schedule,,,,Statens Serum Instituts Chlamydia vaccine,,Equivalent,,,,,,,,,,,,,Publish,2025-08-06 16:22:00.000,2025-08-06 16:24:00.000
1375,SP0338,SP0338_IND001,"Dosing, administration & device",Primary Packaging (Device),,,,Statens Serum Instituts Chlamydia vaccine,,Equivalent,,,,,,,,,,,,,Publish,2025-08-06 16:22:00.000,2025-08-06 16:24:00.000
1376,SP0338,SP0338_IND001,Efficacy,Endpoint / Claim 1,"<div style=""margin-left:12px; text-align:left"" class=""O0""><span style=""font-size:14px""><span style=""color:black"">Chlamydia: 80% (Prevention of&nbsp;Infection) across all genital serovars</span></span></div><div style=""margin-left:12px; text-align:left"" class=""O0""><span style=""font-size:14px""><span style=""color:black"">Gonorrhea: 80% (Prevention of&nbsp;Infection) across PorB.IA and PorB.IB strains</span></span></div>",,,Statens Serum Instituts Chlamydia vaccine,<p>Same as Sanofi for CT standalone. Sanofi better for combo</p><p> </p>,Better,,,,,,,,,,,,,Publish,2025-08-06 16:22:00.000,2025-08-06 16:24:00.000
1377,SP0338,SP0338_IND001,Efficacy,Endpoint / Claim 2,"<div style=""margin-left:12px; text-align:left""><span style=""font-size:14px""><span style=""color:black"">Anti-microbial resistance endpoints<br />[to be defined]</span></span></div>",,,Statens Serum Instituts Chlamydia vaccine,<p>Sanofi better for Combi</p>,Better,,,,,,,,,,,,,Publish,2025-08-06 16:22:00.000,2025-08-06 16:24:00.000
1378,SP0338,SP0338_IND001,Safety & Warnings,Basic Safety profile,"<div style=""margin-left:12px; text-align:left"" class=""O0""><span style=""font-size:14px""><span style=""color:black"">Reactogenicity: comparable to licensed vaccines in the target age group (i.e., MenB)</span></span></div><div style=""margin-left:12px; text-align:left""><span style=""font-size:14px""><span style=""color:black"">Similar safety profile to licensed vaccines in this age group (i.e., HPV, Meningitis)</span></span></div><div style=""margin-left:12px; text-align:left""><span style=""font-size:14px""><span style=""color:black"">Safety in women of child-bearing age</span></span></div>",,,Statens Serum Instituts Chlamydia vaccine,<p>Same as Sanofi</p>,Equivalent,,,,,,,,,,,,,Publish,2025-08-06 16:23:00.000,2025-08-06 16:24:00.000
1379,SP0338,SP0338_IND001,Expected Indication,Indication,<p>Prevention of primary and re-infection with Chlamydia trachomatis and Neisseria gonorrhoeae in all genders aged 11-44 regardless of serostatus</p>,,,Competitor Chlamydia Vx,<p>Same as Ct standalone</p>,Equivalent,,,,,,,,,,,,,Publish,2025-08-06 16:47:00.000,2025-08-06 16:50:00.000
1380,SP0338,SP0338_IND001,"Dosing, administration & device",Route of administration,<p>IntramusculR</p>,,,Competitor Chlamydia Vx,<p>Same as Ct standalone</p>,Equivalent,,,,,,,,,,,,,Publish,2025-08-06 16:47:00.000,2025-08-06 16:51:00.000
1381,SP0338,SP0338_IND001,"Dosing, administration & device",Dosage,<p>2 Doses</p><p>1 Booster at 5 years with at least addtional 10-year protection.</p>,,,Competitor Chlamydia Vx,<p>Same as Ct standalone</p>,Equivalent,,,,,,,,,,,,,Publish,2025-08-06 16:47:00.000,2025-08-06 16:51:00.000
1382,SP0338,SP0338_IND001,"Dosing, administration & device",Patient Population/schedule,,,,Competitor Chlamydia Vx,,Equivalent,,,,,,,,,,,,,Publish,2025-08-06 16:47:00.000,2025-08-06 16:51:00.000
1383,SP0338,SP0338_IND001,"Dosing, administration & device",Primary Packaging (Device),,,,Competitor Chlamydia Vx,,Equivalent,,,,,,,,,,,,,Publish,2025-08-06 16:47:00.000,2025-08-06 16:51:00.000
1384,SP0338,SP0338_IND001,Efficacy,Endpoint / Claim 1,"<div style=""margin-left:12px; text-align:left"" class=""O0""><span style=""font-size:14px""><span style=""color:black"">Chlamydia: 80% (Prevention of&nbsp;Infection) across all genital serovars</span></span></div><div style=""margin-left:12px; text-align:left"" class=""O0""><span style=""font-size:14px""><span style=""color:black"">Gonorrhea: 80% (Prevention of&nbsp;Infection) across PorB.IA and PorB.IB strains</span></span></div>",,,Competitor Chlamydia Vx,<p>Same as Ct standalone/Sanofi better for combo</p>,Worse,,,,,,,,,,,,,Publish,2025-08-06 16:47:00.000,2025-08-06 16:51:00.000
1385,SP0338,SP0338_IND001,Efficacy,Endpoint / Claim 2,"<div style=""margin-left:12px; text-align:left""><span style=""font-size:14px""><span style=""color:black"">Anti-microbial resistance endpoints<br />[to be defined]</span></span></div>",,,Competitor Chlamydia Vx,<p>Same as Ct standalone/Sanofi better for combo</p>,Worse,,,,,,,,,,,,,Publish,2025-08-06 16:48:00.000,2025-08-06 16:51:00.000
1386,SP0338,SP0338_IND001,Safety & Warnings,Basic Safety profile,"<div style=""margin-left:12px; text-align:left"" class=""O0""><span style=""font-size:14px""><span style=""color:black"">Reactogenicity: comparable to licensed vaccines in the target age group (i.e., MenB)</span></span></div><div style=""margin-left:12px; text-align:left""><span style=""font-size:14px""><span style=""color:black"">Similar safety profile to licensed vaccines in this age group (i.e., HPV, Meningitis)</span></span></div><div style=""margin-left:12px; text-align:left""><span style=""font-size:14px""><span style=""color:black"">Safety in women of child-bearing age</span></span></div>",,,Competitor Chlamydia Vx,<p>Same as Sanofi</p>,Equivalent,,,,,,,,,,,,,Publish,2025-08-06 16:48:00.000,2025-08-06 16:51:00.000
1387,SP0125,SP0125_IND001,Expected Indication,Indication,"<p style=""text-align:left""><span style=""font-size:14px""><span style=""color:black"">TRADENAME is a vaccine indicated for active immunization of infants and toddlers from 6 to less than 24 months of age, for the <strong>prevention of respiratory syncytial virus (RSV) disease.</strong></span></span></p>",,,,,,,,,,,,,,,,,,Draft,2025-08-08 21:45:00.000,2025-09-12 14:53:00.000
1388,SP0125,SP0125_IND001,"Dosing, administration & device",Route of administration,"<p><span style=""font-size:14px""><span style=""color:black"">Intranasal administration:&nbsp;Minimal requirement: Single dose, nasal applicator</span></span><br /> </p>",,,,,,,,,,,,,,,,,,Draft,2025-08-08 21:45:00.000,2025-09-12 14:53:00.000
1389,SP0125,SP0125_IND001,"Dosing, administration & device",Dosage,"<ul><li><span style=""font-size:14px"">2d schedule (2nd dose at least 2 months after the 1st dose), 2nd dose to be given before / ideally at the latest at start of the 2nd RSV season</span></li><li><span style=""font-size:14px"">2d schedule to be given within the age indication (6m to less than 24m) i.e. 1st dose to be given at the latest at 22m of age</span></li></ul>","<ul><li><span style=""font-size:14px"">2d schedule (2nd dose 2m up to 6 m after the 1st dose),&nbsp;2nd dose to be given before / ideally at the latest at start of the 2nd RSV season</span></li><li><span style=""font-size:14px"">2d schedule to be given within the age indication (6m to less than 24m) i.e. 1st dose to be given at the latest at 22m of age</span></li></ul>","<div style=""margin-left:18px; text-align:left"" class=""O0""><ul><li style=""margin-left: 18px; text-align: left;"" class=""O0""><span style=""font-size:14px""><span style=""color:black""><strong>2d</strong> schedule (</span><span style=""color:#23004c"">2 months </span><span style=""color:red"">apart</span><span style=""color:black"">)</span></span></li><li style=""margin-left: 18px; text-align: left;"" class=""O0""><span style=""font-size:14px""><span style=""color:black"">Intranasal administration</span></span></li><li style=""margin-left: 18px; text-align: left;"" class=""O0""><span style=""font-size:14px""><span style=""color:black"">Minimal requirement: Single dose, nasal applicator</span></span></li><li style=""margin-left: 18px; text-align: left;"" class=""O0""><span style=""font-size:14px""><span style=""color:black"">Volume to be administered: Maximum: 0.2 mL total; Administer 0.1 mL per nostril</span>&nbsp;</span></li></ul></div>",,,,,,,,,,,,,,,,Draft,2025-08-08 21:45:00.000,2025-09-12 14:54:00.000
1390,SP0125,SP0125_IND001,"Dosing, administration & device",Patient Population/schedule,"<ul><li><span style=""font-size:14px"">All children from 6m up to less than 24m of age</span></li><li><span style=""font-size:14px"">Regardless of serostatus&nbsp;</span></li><li><span style=""font-size:14px"">Including infants who received mAb or maternal immunization against RSV</span></li><li><span style=""font-size:14px"">Excluding children at high risk of severe RSV disease (pre-existing serious cardiorespiratory conditions), or subject to chronic wheezing</span></li></ul>",,,,,,,,,,,,,,,,,,Draft,2025-08-08 21:45:00.000,2025-09-12 14:54:00.000
1391,SP0125,SP0125_IND001,"Dosing, administration & device",Primary Packaging (Device),"<ul><li><span style=""font-size:14px"">Liquid vial + intranasal device kit (Plastic 1mL syringe&nbsp;+&nbsp;Blunt needle&nbsp;+&nbsp;Atomizer&nbsp;+ Dose Divider1)</span></li><li><span style=""font-size:14px"">Monodose</span><br /> </li></ul>",,,,,,,,,,,,,,,,,,Draft,2025-08-08 21:45:00.000,2025-09-12 14:54:00.000
1392,SP0125,SP0125_IND001,Efficacy,Endpoint / Claim 1,"<ul><li style=""text-align:left"" class=""O1""><span style=""font-size:14px""><span style=""color:black"">≥<strong>70% </strong>reduction</span> <span style=""color:black"">(vs placebo) in incidence of <strong>Lower Respiratory Tract Disease (LRTD)</strong>,</span> <span style=""color:black"">RT-PCR-confirmed RSV for 1 RSV season</span></span></li><li style=""text-align:left"" class=""O1""><span style=""font-size:14px""><span style=""color:black"">Vaccine efficacy (VE) against RSV LRTD&nbsp;in RSV-naïve participants</span></span></li></ul>","<ul><li><span style=""font-size:14px"">≥ 80% reduction (vs placebo) in incidence of LRTD, RT-PCR-confirmed RSV for 1 RSV season</span></li><li><span style=""font-size:14px"">VE against RSV LRTD&nbsp;in RSV-naïve participants</span></li></ul>","<ul><li style=""margin-left: 42px; text-align: left;"" class=""O1""><span style=""font-size:14px""><span style=""color:black"">≥</span> <span style=""color:red"">60%</span> <span style=""color:black"">reduction (vs placebo) in incidence of LRTD*, RT-PCR-confirmed RSV, </span><span style=""color:red"">for 1 RSV season1</span></span></li><li style=""margin-left: 42px; text-align: left;"" class=""O1""><span style=""font-size:14px""><span style=""color:black"">VE against RSV LRTD* in RSV-naïve participants</span></span></li></ul>",,,,,,,,,,,,,,,,Draft,2025-08-08 21:45:00.000,2025-09-12 14:54:00.000
1393,SP0125,SP0125_IND001,Efficacy,Endpoint / Claim 2,"<ul><li style=""text-align:left"" class=""O1""><span style=""font-size:14px""><span style=""color:black"">VE against RSV LRTD&nbsp;in mAb participants</span></span></li><li style=""text-align:left"" class=""O1""><span style=""font-size:14px""><span style=""color:black""><strong>50% </strong>reduction (vs placebo) in incidence of RSV <strong>URTD</strong>, RT-PCR-confirmed RSV for 1 RSV season</span></span></li><li style=""text-align:left"" class=""O1""><span style=""font-size:14px""><span style=""color:black"">Reduction in RSV LRTD leading to <strong>hospitalization</strong></span></span></li><li style=""text-align:left"" class=""O1""><span style=""font-size:14px""><span style=""color:black""><strong>VE for up to 24 months: </strong>≥60% RSV LRTD for year 2; ≥40% URTD for year</span></span></li><li style=""text-align:left"" class=""O1""><span style=""font-size:14px""><span style=""color:black""><strong>Emergency room visits</strong>, <strong>safety, severe RSV LRTD</strong></span></span></li></ul>","<ul><li><span style=""font-size:14px"">VE against RSV LRTD&nbsp;in mAb participants</span></li><li><span style=""font-size:14px"">≥ 60% reduction (vs placebo) in incidence of RSV URTD, RT-PCR-confirmed RSV for 1 RSV season</span></li><li><span style=""font-size:14px"">Reduction in RSV LRTD leading to hospitalization</span></li><li><span style=""font-size:14px"">VE for up to 24 months: ≥70% RSV LRTD for year 2; ≥50% URTD for year 2</span></li><li><span style=""font-size:14px"">Emergency room visits, safety, severe RSV LRTD</span></li></ul>","<ul><li style=""margin-left: 42px; text-align: left;"" class=""O1""><span style=""font-size:14px""><span style=""color:black"">VE against RSV LRTD* in mAb participants5</span></span></li><li style=""margin-left: 42px; text-align: left;"" class=""O1""><span style=""font-size:14px""><span style=""color:black"">≥ </span><span style=""color:red"">40%</span> <span style=""color:black"">reduction (vs placebo) in incidence of URTD**, RT-PCR-confirmed RSV, </span><span style=""color:red"">for 1 RSV season1</span></span></li><li style=""margin-left: 42px; text-align: left;"" class=""O1""><span style=""font-size:14px""><span style=""color:black"">Reduction in RSV LRTD leading to hospitalization</span></span></li><li style=""margin-left: 42px; text-align: left;"" class=""O1""><span style=""font-size:14px""><span style=""color:black"">Emergency room visits, safety, severe RSV LRTD</span></span></li></ul>",,,,,,,,,,,,,,,,Draft,2025-08-08 21:45:00.000,2025-09-12 14:54:00.000
1394,SP0125,SP0125_IND001,Safety & Warnings,Basic Safety profile,"<p style=""margin-left:6px; text-align:left""><span style=""font-size:14px""><span style=""color:black""><strong>Favorable safety profile </strong>consistent with that of licensed intranasal vaccines and other RSV vaccines</span></span></p><p style=""margin-left:6px; text-align:left""><span style=""font-size:14px""><span style=""color:black"">No evidence of vaccine-enhanced RSV disease upon subsequent natural infection (over the next 2 RSV seasons)</span></span></p><p style=""margin-left:6px; text-align:left""><span style=""font-size:14px""><span style=""color:black"">No significant increase in respiratory clinical signs compared to placebo controls (during the surveillance); no significant vaccine-induced nasal congestion or respiratory blockage; mild rhinorrhea may be acceptable (intranasal vaccine)</span></span></p>",,,,,,,,,,,,,,,,,,Draft,2025-08-08 21:45:00.000,2025-09-12 14:54:00.000
1395,SAR445877,SAR445877_IND009,Expected Indication,Indication,"<p>Indicated for the treatment of adult patients with metastatic colorectal cancer previously treated with fluoropyrimidine‑, oxaliplatin‑ and irinotecan‑based chemotherapy, an anti‑VEGF biological therapy, and if RAS wild type, an anti‑EGFR therapy – Pembro for MSI High (BRAFV600E – Ecorafenib+cetuximab for BRAFmutant) – No RAS testing required</p>",,,TAS-102+Bevacizumab,<p>Same indication as PD1xIL15</p>,Equivalent,,,IBI363+Bevacizumab,<p>Same indication as PD1xIL15</p>,Equivalent,,,,,,,,Publish,2025-08-21 16:38:00.000,2025-08-21 16:39:00.000
1396,SAR445877,SAR445877_IND009,"Dosing, administration & device",Route of administration,"<p>IV, Q2W</p>",,,TAS-102+Bevacizumab,<p>TAS-102: Orally<br />• Bevacizumab: IV&nbsp;</p>,Equivalent,,,IBI363+Bevacizumab,<p>to be updated</p>,Equivalent,,,,,,,,Publish,2025-08-21 16:38:00.000,2025-08-21 16:39:00.000
1397,SAR445877,SAR445877_IND009,"Dosing, administration & device",Dosage,TBD (10 or 30 mg),,,TAS-102+Bevacizumab,"TAS-102: 35 mg/m2 
Bevacizumab​: 5mg/kg",Equivalent,,,IBI363+Bevacizumab,<p>to be updated</p>,Equivalent,,,,,,,,Publish,2025-08-21 16:38:00.000,2025-08-21 16:39:00.000
1398,SAR445877,SAR445877_IND009,"Dosing, administration & device",Patient Population/schedule,Q2W,,,TAS-102+Bevacizumab,"TAS-102​: twice daily on days 1–5 and 8–12 of each 28-day cycle
Bevacizumab:  Q2W (Day 1 and Day 15)
https://ascopubs.org/doi/10.1200/JCO.2023.41.4_suppl.4
 ",Equivalent,,,IBI363+Bevacizumab,<p>to be updated</p>,Equivalent,,,,,,,,Publish,2025-08-21 16:38:00.000,2025-08-21 16:39:00.000
1399,SAR445877,SAR445877_IND009,"Dosing, administration & device",Primary Packaging (Device),No device,,,TAS-102+Bevacizumab,No device,Equivalent,,,IBI363+Bevacizumab,<p>to be updated</p>,Equivalent,,,,,,,,Publish,2025-08-21 16:38:00.000,2025-08-21 16:39:00.000
1400,SAR445877,SAR445877_IND009,Efficacy,Endpoint / Claim 1,"<p>ORR (mDOR): 15% (6mo), mOS:&nbsp;15.4m (HR = 0.70)</p>",,,TAS-102+Bevacizumab,"<p>ORR : 6.1% (ref: Impact of second-line cetuximab-containing therapy in patients with KRAS wild-type metastatic colorectal cancer: results from the ITACa randomized clinical trial - PMC (nih.gov)),&nbsp;mOS 10.8m (HR+0.61)</p>",Better,,,IBI363+Bevacizumab,<p>to be updated</p>,Slightly Better,,,,,,,,Publish,2025-08-21 16:38:00.000,2025-08-21 16:39:00.000
1401,SAR445877,SAR445877_IND009,Efficacy,Endpoint / Claim 2,<p>mPFS: 8.6mo (HR=0.65)</p>,,,TAS-102+Bevacizumab,<p>mPFS: 5.6mo (HR = 0.44)</p>,Slightly Better,,,IBI363+Bevacizumab,<p>to be updated</p>,,,,,,,,,Publish,2025-08-21 16:38:00.000,2025-08-21 16:40:00.000
1402,SAR445877,SAR445877_IND009,Safety & Warnings,Basic Safety profile,<p>• CRS: &lt;40%; GR3+=: ~5%<br />• Other IRAEs should be acceptable&nbsp;/ manageable rates<br />• Better neutropenia compared to SOC<br />• Discontinuation rate due to AEs:&nbsp;&lt;20%<br />• Patient reported burden on&nbsp;adverse events (notably on fatigue&nbsp;and neutropenia related infections)&nbsp;is expected to be better vs SOC - to be measured by FACT GP5.</p>,,,TAS-102+Bevacizumab,"<p>Top Gr3+ AE: Neutropenia (52%),&nbsp;<br />Infections/infestations (8%), Anemia (5%), Hypertension (6%), Fatigue&nbsp;(5%), thrombocytopenia (4%),&nbsp;<br />Discontinuation rate due to AEs:&nbsp;13%</p>",Equivalent,,,IBI363+Bevacizumab,<p>to be updated</p>,Equivalent,,,,,,,,Publish,2025-08-21 16:38:00.000,2025-08-21 16:40:00.000
1403,SP0268,SP0268_IND001,Expected Indication,Indication,"1-Treatment of moderate to severe acne, including nodular acne
2-The prevention of the re-appearance of future lesions / recurring relapses
","3- Potential upside of mild acne post-licensure
4- Reduction in development of acne lesion sequelae (scars, hyperpigmentation) 
5- Prevention of disease progression ","1-Treatment of moderate acne, including nodular acne",,,,,,,,,,,,,,,,Publish,2025-08-27 14:09:00.000,2025-10-30 10:28:00.000
1404,SP0268,SP0268_IND001,"Dosing, administration & device",Route of administration,IM,,,,,,,,,,,,,,,,,,Publish,2025-08-27 14:09:00.000,2025-10-30 10:28:00.000
1405,SP0268,SP0268_IND001,"Dosing, administration & device",Dosage,2 doses [+ annual booster],"
","2 doses [+ booster every 6 mo]
",,,,,,,,,,,,,,,,Publish,2025-08-27 14:09:00.000,2025-10-30 10:28:00.000
1406,SP0268,SP0268_IND001,"Dosing, administration & device",Patient Population/schedule,"Moderate-to-severe acne sufferers; male & female, 9Y – 45Y
",,,,,,,,,,,,,,,,,,Publish,2025-08-27 14:09:00.000,2025-10-30 10:29:00.000
1407,SP0268,SP0268_IND001,"Dosing, administration & device",Primary Packaging (Device),"Presentation: lyophilized
","Presentation: RTU syringe
",,,,,,,,,,,,,,,,,Publish,2025-08-27 14:09:00.000,2025-10-30 10:29:00.000
1408,SP0268,SP0268_IND001,Efficacy,Endpoint / Claim 1,"1- 40% marginal reduction of total lesions (inflammatory and non-inflammatory) vs. placebo
2- 15% marginal improvement of patients clear and almost clear [IGA grade] vs placebo
3-  Quick onset of action TBD
","3- Quick onset of action (TBD)
4- Descriptive: Scarring: Endpoint to be defined; Hyperpigmentation Endpoint to be defined: Need to define timing
5- Descriptive: Disease progression
",1- >20% marginal effect vs. placebo of reduction of TL IL and NIL ,,,,,,,,,,,,,,,,Publish,2025-08-27 14:09:00.000,2025-10-30 10:29:00.000
1409,SP0268,SP0268_IND001,Efficacy,Endpoint / Claim 2,"Long lasting (1 year) –w/o relapses after the last primary schedule dose
","Long lasting (>12 mo)–w/o relapses after the last primary schedule dose
","Long lasting (6 mo) –w/o relapses after the last primary schedule dose
",,,,,,,,,,,,,,,,Publish,2025-08-27 14:09:00.000,2025-10-30 10:29:00.000
1410,SP0268,SP0268_IND001,Safety & Warnings,Basic Safety profile,"1- Safety demonstrated vs mRNA vaccine standards in terms of occurrence of grade 1 / grade 2 / grade 3 adverse events respectively
2- No adverse events typical for current standard of care
3- Safe to use in combination with other acne treatments
",,,,,,,,,,,,,,,,,,Publish,2025-08-27 14:09:00.000,2025-10-30 10:29:00.000
1411,SAR446878,SAR446878_IND004,Expected Indication,Indication,"<p style=""text-align:left""><span style=""font-size:14px""><span style=""color:black"">Adult DLBCL patients with relapsed or refractory large B-cell lymphoma who have received one or more line of systemic therapy, including anthracycline-based immunotherapy, but which cannot include autologous CAR-T therapy</span></span></p><p style=""text-align:left""><span style=""font-size:14px""><span style=""color:black"">(note: given better safety, may be able to include aHSCT eligible patients to have broader population) </span></span></p>",,,,"<p style=""text-align:left""><span style=""font-size:14px""><span style=""color:black"">Adult patients with relapsed or refractory large B-cell lymphoma, (NOT INCLUDING DLBCL transformed from indolent lymphoma or&nbsp; high-grade B-cell lymphoma) who have received one or more line of systemic therapy and who are not candidates for autologous stem cell transplant</span></span></p>",Slightly Better,,,,"<p style=""text-align:left""><span style=""font-size:14px""><span style=""color:black"">Adult patients with relapsed or refractory large B-cell lymphoma, who have received one or more line of systemic therapy and who are not candidates for autologous stem cell transplant (transplant ineligible) or for further aggressive therapy</span></span></p>",Slightly Better,,,,,,,,Publish,2025-09-11 16:59:00.000,2025-09-11 17:32:00.000
1412,SAR446878,SAR446878_IND004,"Dosing, administration & device",Route of administration,"<ul><li style=""margin-left: 18px; text-align: left;""><span style=""font-size:14px""><span style=""color:black"">Lymphodepletion: no lymphodepletion</span></span></li><li style=""margin-left: 18px; text-align: left;"" class=""O0""><span style=""font-size:14px""><span style=""color:black"">Route of administration: IV</span></span></li></ul>",,,,"<ul><li style=""margin-left: 18px; text-align: left;"" class=""O0""><span style=""font-size:14px""><span style=""color:black"">Lymphodepletion: no lymphodepletion</span></span></li><li style=""margin-left: 18px; text-align: left;"" class=""O0""><span style=""font-size:14px""><span style=""color:black"">Route of administration: IV</span></span></li></ul>",Equivalent,,,,"<ul><li style=""margin-left: 18px; text-align: left;"" class=""O0""><span style=""font-size:14px""><span style=""color:black"">Lymphodepletion: no lymphodepletion</span></span></li><li style=""margin-left: 18px; text-align: left;"" class=""O0""><span style=""font-size:14px""><span style=""color:black"">Route of administration: IV&nbsp;</span></span></li></ul>",Equivalent,,,,,,,,Publish,2025-09-11 16:59:00.000,2025-09-11 17:32:00.000
1413,SAR446878,SAR446878_IND004,"Dosing, administration & device",Dosage,"<p><span style=""font-size:14px""><span style=""color:black"">Frequency: limited repeat dosing</span></span></p>",,,,"<p><span style=""font-size:14px""><span style=""color:black"">GemOx: up to 8 cycles on 21-day cycles; glofitamab: step-up dosing Cycle 1, fixed dosing Cycle 2-12; obinutuzumab pre-treatment required to mitigate CRS</span></span></p>",Equivalent,,,,"<p><span style=""font-size:14px""><span style=""color:black"">GemOx: up to 8 cycles on 14-day cycles (Q2W); D1, Rituximab 375 mg/m² IV; D2, gemcitabine 1000 mg/m² IV, Oxaliplatin 100 mg/m² IV; D3-14, no drug</span></span></p>",Equivalent,,,,,,,,Publish,2025-09-11 16:59:00.000,2025-09-11 17:32:00.000
1414,SAR446878,SAR446878_IND004,"Dosing, administration & device",Patient Population/schedule,,,,,,Equivalent,,,,,Equivalent,,,,,,,,Publish,2025-09-11 16:59:00.000,2025-09-11 17:32:00.000
1415,SAR446878,SAR446878_IND004,"Dosing, administration & device",Primary Packaging (Device),,,,,,Equivalent,,,,,Equivalent,,,,,,,,Publish,2025-09-11 16:59:00.000,2025-09-11 17:32:00.000
1416,SAR446878,SAR446878_IND004,Efficacy,Endpoint / Claim 1,"<p style=""margin-left:18px; text-align:left""><span style=""font-size:14px""><span style=""color:black"">mOS: 35.5 months<br />mPFS: 17.3 months (primary EP)<br />CRR: 65%</span></span></p>",,,,"<p><span style=""font-size:14px""><span style=""color:black"">mOS: 25.5 months<br />mPFS: 12.1 months (primary EP)<br />CRR: 58%</span></span></p>",Better,,,,"<p><span style=""font-size:14px""><span style=""color:black"">mOS: 12.5 months<br />mPFS: 2.7 months (primary EP)<br />CRR: 19%</span></span></p>",Better,,,,,,,,Publish,2025-09-11 16:59:00.000,2025-09-11 17:32:00.000
1417,SAR446878,SAR446878_IND004,Efficacy,Endpoint / Claim 2,"<ul><li style=""text-align: left;""><span style=""font-size:14px""><span style=""color:black"">Manufacturing limitation: none</span></span></li><li style=""text-align: left;""><span style=""font-size:14px""><span style=""color:black"">Must be administered in CoE/certified center (community administration may be possible)</span></span></li><li style=""text-align: left;""><span style=""font-size:14px""><span style=""color:black"">MRD-: 20% (benefit demonstrated)</span></span></li></ul>",,,,"<ul><li style=""margin-left: 18px; text-align: left;"" class=""O0""><span style=""font-size:14px""><span style=""color:black"">Manufacturing limitation: none</span></span></li><li style=""margin-left: 18px; text-align: left;"" class=""O0""><span style=""font-size:14px""><span style=""color:black"">Must be administered in CoE/certified center (community administration may be possible)</span></span></li><li style=""margin-left: 18px; text-align: left;"" class=""O0""><span style=""font-size:14px""><span style=""color:black"">MRD-: not evaluated (no benefit shown)</span></span></li></ul>",Slightly Better,,,,"<ul><li style=""margin-left: 18px; text-align: left;"" class=""O0""><span style=""font-size:14px""><span style=""color:black"">Manufacturing limitation: none</span></span></li><li style=""margin-left: 18px; text-align: left;"" class=""O0""><span style=""font-size:14px""><span style=""color:black"">Only requires routine infusion center for IV administration (outpatient setting)</span></span></li><li style=""margin-left: 18px; text-align: left;"" class=""O0""><span style=""font-size:14px""><span style=""color:black"">High familiarity of administration at centers and pharmacies</span></span></li><li style=""margin-left: 18px; text-align: left;"" class=""O0""><span style=""font-size:14px""><span style=""color:black"">MRD-: not evaluated (no benefit shown)</span></span></li></ul>",Slightly Better,,,,,,,,Publish,2025-09-11 16:59:00.000,2025-09-11 17:32:00.000
1418,SAR446878,SAR446878_IND004,Safety & Warnings,Basic Safety profile,"<p style=""text-align:left""><span style=""font-size:14px""><span style=""color:black"">Anticipated safety profile: better than CAR-T/TCE</span></span></p><ul><li style=""margin-left: 18px; text-align: left;"" class=""O0""><span style=""font-size:14px""><span style=""color:black"">minimal CRS (&lt;10% GR3+) </span></span></li><li style=""margin-left: 18px; text-align: left;"" class=""O0""><span style=""font-size:14px""><span style=""color:black"">minimal ICANS/neurologic toxicity (&lt;5%)</span></span></li></ul>",,,,"<p style=""text-align:left""><span style=""font-size:14px""><span style=""color:black"">The most common adverse reactions (incidence ≥ 30%), excluding laboratory abnormalities were thrombocytopenia, CRS, neutropenia, anemia, fever, hypotension, encephalopathy, fatigue, tachycardia, headache, nausea, and others. CRS = Any Grade: 44.2%, Grade 3+: 2.3%. Any Grade 3+ AE: 78%</span></span></p>",Slightly Better,,,,"<p style=""text-align:left""><span style=""font-size:14px""><span style=""color:black"">The most common adverse reactions (incidence ≥ 25%:&nbsp; neutropenia, thrombocytopenia, peripheral neuropathy, anemia, fever, and infection. Grade 3+ TRAEs: neutropenia (30.4%), anemia (15.2%), infections or infestations (9.6%), Febrile neutropenia (2.4%), hepatic toxicity (1.6%); No CRS, any grade</span></span></p>",Equivalent,,,,,,,,Publish,2025-09-11 16:59:00.000,2025-09-11 17:32:00.000
1419,SAR446878,SAR446878_IND003,Expected Indication,Indication,"<p style=""text-align:left""><span style=""font-size:14px""><span style=""color:black"">Adult patients with relapsed or refractory Grade 1-3A follicular lymphoma, who have who have failed at least 1 line of chemoimmunotherapy regimen (e.g., anti-CD20 monoclonal antibody plus anthracycline-containing agent).</span></span></p>",,,"rituximab + lenalidomide; R2 (SAR’878 is also expected to compete with autologous CAR-T, against which it has better comparative positioning for efficacy (moderate), safety (high), and manufacturing / administration / logistics (very high))","<p style=""text-align:left""><span style=""font-size:14px""><span style=""color:black"">Adult patients with relapsed or refractory Grade 1-3A follicular lymphoma, who have who have failed at least 1 line of prior therapy, and who are not rituximab-refractory. </span></span></p>",Slightly Better,,,,,,,,,,,,,Publish,2025-09-12 12:21:00.000,2025-09-12 12:21:00.000
1420,SAR446878,SAR446878_IND003,"Dosing, administration & device",Route of administration,"<ul><li style=""margin-left: 18px; text-align: left;""><span style=""font-size:14px""><span style=""color:black"">Lymphodepletion: no lymphodepletion</span></span></li><li style=""margin-left: 18px; text-align: left;"" class=""O0""><span style=""font-size:14px""><span style=""color:black"">Route of administration:</span></span></li></ul>",,,"rituximab + lenalidomide; R2 (SAR’878 is also expected to compete with autologous CAR-T, against which it has better comparative positioning for efficacy (moderate), safety (high), and manufacturing / administration / logistics (very high))","<ul><li style=""margin-left: 18px; text-align: left;"" class=""O0""><span style=""font-size:14px""><span style=""color:black"">Lymphodepletion: no lymphodepletion</span></span></li><li style=""margin-left: 18px; text-align: left;"" class=""O0""><span style=""font-size:14px""><span style=""color:black"">Route of administration: lenalidomide (oral), rituximab (IV)</span></span></li></ul>",Slightly Better,,,,,,,,,,,,,Publish,2025-09-12 12:21:00.000,2025-09-12 12:21:00.000
1421,SAR446878,SAR446878_IND003,"Dosing, administration & device",Dosage,"<ul><li><span style=""font-size:14px""><span style=""color:black"">Frequency: limited repeat dosing</span></span></li></ul>",,,"rituximab + lenalidomide; R2 (SAR’878 is also expected to compete with autologous CAR-T, against which it has better comparative positioning for efficacy (moderate), safety (high), and manufacturing / administration / logistics (very high))","<p><span style=""font-size:14px""><span style=""color:black"">Frequency:</span></span></p><ul><li><span style=""font-size:14px""><span style=""color:black"">lenalidomide (oral): 20 mg QD, Days 1–21 of each 28-day cycle, for up to 12 cycles</span></span></li><li><span style=""font-size:14px""><span style=""color:black"">rituximab (IV): 375 mg/m² weekly, Days 1, 8, 15 and 22 in cycle 1, and Day 1 of cycles 2-5, for up to 12 cycles (28-Day cycles)</span></span></li></ul>",Slightly Better,,,,,,,,,,,,,Publish,2025-09-12 12:21:00.000,2025-09-12 12:21:00.000
1422,SAR446878,SAR446878_IND003,"Dosing, administration & device",Patient Population/schedule,,,,"rituximab + lenalidomide; R2 (SAR’878 is also expected to compete with autologous CAR-T, against which it has better comparative positioning for efficacy (moderate), safety (high), and manufacturing / administration / logistics (very high))",,Slightly Better,,,,,,,,,,,,,Publish,2025-09-12 12:21:00.000,2025-09-12 12:21:00.000
1423,SAR446878,SAR446878_IND003,"Dosing, administration & device",Primary Packaging (Device),,,,"rituximab + lenalidomide; R2 (SAR’878 is also expected to compete with autologous CAR-T, against which it has better comparative positioning for efficacy (moderate), safety (high), and manufacturing / administration / logistics (very high))",,Slightly Better,,,,,,,,,,,,,Publish,2025-09-12 12:21:00.000,2025-09-12 12:21:00.000
1424,SAR446878,SAR446878_IND003,Efficacy,Endpoint / Claim 1,"<p><span style=""font-size:14px"">2 Yr OS: 99%</span></p><p><span style=""font-size:14px"">mPFS:&nbsp;</span><span><span><span><span><span><span><span style=""font-size:14px""><span style=""color:black"">56.3 months (<strong>primary EP</strong></span></span><span style=""font-size:8.0pt""><span><span style=""color:black""><span><span style=""font-size:14px"">)</span> </span></span></span></span></span></span></span></span></span></span></p><p><span><span><span><span><span><span><span style=""font-size:8.0pt""><span><span style=""color:black""><span><span style=""font-size:14px"">CRR: 96%</span></span></span></span></span></span></span></span></span></span></span></p>",,,"rituximab + lenalidomide; R2 (SAR’878 is also expected to compete with autologous CAR-T, against which it has better comparative positioning for efficacy (moderate), safety (high), and manufacturing / administration / logistics (very high))","<p><span style=""font-size:14px"">2 Yr OS: 95%</span></p><p><span style=""font-size:14px"">mPFS: 39.4</span><span><span><span><span><span><span><span style=""font-size:14px""><span style=""color:black"">.3 months (<strong>primary EP</strong></span></span><span style=""font-size:8.0pt""><span><span style=""color:black""><span><span style=""font-size:14px"">)</span></span></span></span></span></span></span></span></span></span></span></p><p><span><span><span><span><span><span><span style=""font-size:8.0pt""><span><span style=""color:black""><span><span style=""font-size:14px"">CRR: 35%</span></span></span></span></span></span></span></span></span></span></span></p>",Better,,,,,,,,,,,,,Publish,2025-09-12 12:21:00.000,2025-09-12 12:21:00.000
1425,SAR446878,SAR446878_IND003,Efficacy,Endpoint / Claim 2,"<p>Other:&nbsp;</p><ul><li style=""text-align: left;""><span style=""font-size:14px""><span style=""color:black"">Manufacturing limitation: none</span></span></li><li style=""text-align: left;""><span style=""font-size:14px""><span style=""color:black"">Must be administered in CoE/certified center (community administration may be possible)</span></span></li><li style=""text-align: left;""><span style=""font-size:14px""><span style=""color:black"">MRD-: 20% (benefit demonstrated)</span></span></li></ul>",,,"rituximab + lenalidomide; R2 (SAR’878 is also expected to compete with autologous CAR-T, against which it has better comparative positioning for efficacy (moderate), safety (high), and manufacturing / administration / logistics (very high))","<p>Other:&nbsp;</p><ul><li style=""margin-left: 18px; text-align: left;"" class=""O0""><span style=""font-size:14px""><span style=""color:black"">Manufacturing limitation: none</span></span></li><li style=""margin-left: 18px; text-align: left;"" class=""O0""><span style=""font-size:14px""><span style=""color:black"">Only requires routine infusion center for IV administration (outpatient setting)</span></span></li><li style=""margin-left: 18px; text-align: left;"" class=""O0""><span style=""font-size:14px""><span style=""color:black"">High familiarity of administration at centers and pharmacies</span></span></li><li style=""margin-left: 18px; text-align: left;"" class=""O0""><span style=""font-size:14px""><span style=""color:black"">MRD-: not evaluated (no benefit shown)</span></span></li></ul>",Slightly Better,,,,,,,,,,,,,Publish,2025-09-12 12:21:00.000,2025-09-12 12:21:00.000
1426,SAR446878,SAR446878_IND003,Safety & Warnings,Basic Safety profile,"<p style=""text-align:left""><span style=""font-size:14px""><span style=""color:black"">Anticipated safety profile: better than CAR-T/TCE</span></span></p><ul><li style=""margin-left: 18px; text-align: left;"" class=""O0""><span style=""font-size:14px""><span style=""color:black"">minimal CRS (&lt;10% GR3+) </span></span></li><li style=""margin-left: 18px; text-align: left;"" class=""O0""><span style=""font-size:14px""><span style=""color:black"">minimal ICANS/neurologic toxicity (&lt;5%)</span></span></li></ul>",,,"rituximab + lenalidomide; R2 (SAR’878 is also expected to compete with autologous CAR-T, against which it has better comparative positioning for efficacy (moderate), safety (high), and manufacturing / administration / logistics (very high))","<p style=""text-align:left""><span style=""font-size:14px""><span style=""color:black"">The most common adverse reactions (incidence ≥ 30%: infections (63%) neutropenia (58%), rash (32%). Grade 3+ TRAEs: Any (69%), neutropenia (50%), leukopenia (7%), thrombocytopenia (6%), febrile neutropenia (3%), anemia (3%); No CRS, any grade</span></span></p>",Slightly Better,,,,,,,,,,,,,Publish,2025-09-12 12:21:00.000,2025-09-12 12:21:00.000
1427,SAR446878,SAR446878_IND002,Expected Indication,Indication,"<p style=""text-align:left""><span style=""font-size:14px""><span style=""color:black"">Adult patients with mantle cell lymphoma (MCL) who have failed at least one prior therapy.</span></span></p>",,,"zanabrutinib monoTx (SAR’878 is also expected to compete with autologous CAR-T, against which it has better comparative positioning for efficacy (moderate), safety (high), and manufacturing / administration / logistics (very high))","<p style=""text-align:left""><span style=""font-size:14px""><span style=""color:black"">Adult patients with mantle cell lymphoma (MCL) who have failed at least one prior therapy.</span></span></p>",Slightly Better,,,,,,,,,,,,,Publish,2025-09-12 12:28:00.000,2025-09-12 12:28:00.000
1428,SAR446878,SAR446878_IND002,"Dosing, administration & device",Route of administration,"<ul><li style=""margin-left: 18px; text-align: left;""><span style=""font-size:14px""><span style=""color:black"">Lymphodepletion: no lymphodepletion</span></span></li><li style=""margin-left: 18px; text-align: left;"" class=""O0""><span style=""font-size:14px""><span style=""color:black"">Route of administration: IV</span></span></li></ul>",,,"zanabrutinib monoTx (SAR’878 is also expected to compete with autologous CAR-T, against which it has better comparative positioning for efficacy (moderate), safety (high), and manufacturing / administration / logistics (very high))","<ul><li style=""margin-left: 18px; text-align: left;"" class=""O0""><span style=""font-size:14px""><span style=""color:black"">Lymphodepletion: no lymphodepletion</span></span></li><li style=""margin-left: 18px; text-align: left;"" class=""O0""><span style=""font-size:14px"">R<span style=""color:#000000"">oute of administration: </span><span style=""color:black"">zanubrutinib (oral)</span></span></li></ul>",Slightly Better,,,,,,,,,,,,,Publish,2025-09-12 12:28:00.000,2025-09-12 12:28:00.000
1429,SAR446878,SAR446878_IND002,"Dosing, administration & device",Dosage,"<p><span style=""font-size:14px""><span style=""color:black"">Frequency: limited repeat dosing</span></span></p>",,,"zanabrutinib monoTx (SAR’878 is also expected to compete with autologous CAR-T, against which it has better comparative positioning for efficacy (moderate), safety (high), and manufacturing / administration / logistics (very high))","<p><span style=""font-size:14px"">Frequency<span style=""color:#000000"">: </span><span style=""color:black"">zanubrutinib (oral), 160mg BID or 320mg QD</span></span></p>",Slightly Better,,,,,,,,,,,,,Publish,2025-09-12 12:28:00.000,2025-09-12 12:28:00.000
1430,SAR446878,SAR446878_IND002,"Dosing, administration & device",Patient Population/schedule,,,,"zanabrutinib monoTx (SAR’878 is also expected to compete with autologous CAR-T, against which it has better comparative positioning for efficacy (moderate), safety (high), and manufacturing / administration / logistics (very high))",,Slightly Better,,,,,,,,,,,,,Publish,2025-09-12 12:28:00.000,2025-09-12 12:28:00.000
1431,SAR446878,SAR446878_IND002,"Dosing, administration & device",Primary Packaging (Device),,,,"zanabrutinib monoTx (SAR’878 is also expected to compete with autologous CAR-T, against which it has better comparative positioning for efficacy (moderate), safety (high), and manufacturing / administration / logistics (very high))",,Slightly Better,,,,,,,,,,,,,Publish,2025-09-12 12:28:00.000,2025-09-12 12:28:00.000
1432,SAR446878,SAR446878_IND002,Efficacy,Endpoint / Claim 1,<p>36-mo OS: TBC</p><p>mPFS: 37.9 months (primary EP)</p><p>CRR: 62%</p>,,,"zanabrutinib monoTx (SAR’878 is also expected to compete with autologous CAR-T, against which it has better comparative positioning for efficacy (moderate), safety (high), and manufacturing / administration / logistics (very high))",<p>36-mo OS: 66.8% (bo mOS data available)</p><p>mPFS: 26.5 months (primary EP)</p><p>CRR: 69%</p>,Better,,,,,,,,,,,,,Publish,2025-09-12 12:28:00.000,2025-09-12 12:28:00.000
1433,SAR446878,SAR446878_IND002,Efficacy,Endpoint / Claim 2,"<p><span style=""font-size:14px"">Other:&nbsp;</span></p><ul><li style=""text-align: left;""><span style=""font-size:14px""><span style=""color:black"">Manufacturing limitation: none</span></span></li><li style=""text-align: left;""><span style=""font-size:14px""><span style=""color:black"">Must be administered in CoE/certified center (community administration may be possible)</span></span></li><li style=""text-align: left;""><span style=""font-size:14px""><span style=""color:black"">MRD-: 20% (benefit demonstrated)</span></span></li></ul>",,,"zanabrutinib monoTx (SAR’878 is also expected to compete with autologous CAR-T, against which it has better comparative positioning for efficacy (moderate), safety (high), and manufacturing / administration / logistics (very high))","<p><span style=""font-size:14px"">Other:&nbsp;</span></p><ul><li style=""margin-left: 18px; text-align: left;"" class=""O0""><span style=""font-size:14px""><span style=""color:black"">Manufacturing limitation: none</span></span></li><li style=""margin-left: 18px; text-align: left;"" class=""O0""><span style=""font-size:14px""><span style=""color:black"">Only requires routine infusion center for IV administration (outpatient setting)</span></span></li><li style=""margin-left: 18px; text-align: left;"" class=""O0""><span style=""font-size:14px""><span style=""color:black"">High familiarity of administration at centers and pharmacies</span></span></li><li style=""margin-left: 18px; text-align: left;"" class=""O0""><span style=""font-size:14px""><span style=""color:black"">MRD-: not evaluated (no benefit shown)</span></span></li></ul>",Equivalent,,,,,,,,,,,,,Publish,2025-09-12 12:28:00.000,2025-09-12 12:28:00.000
1434,SAR446878,SAR446878_IND002,Safety & Warnings,Basic Safety profile,"<p style=""text-align:left""><span style=""font-size:14px""><span style=""color:black"">Anticipated safety profile: better than CAR-T/TCE</span></span></p><ul><li style=""margin-left: 18px; text-align: left;"" class=""O0""><span style=""font-size:14px""><span style=""color:black"">minimal CRS (&lt;10% GR3+) </span></span></li><li style=""margin-left: 18px; text-align: left;"" class=""O0""><span style=""font-size:14px""><span style=""color:black"">minimal ICANS/neurologic toxicity (&lt;5%)</span></span></li></ul>",,,"zanabrutinib monoTx (SAR’878 is also expected to compete with autologous CAR-T, against which it has better comparative positioning for efficacy (moderate), safety (high), and manufacturing / administration / logistics (very high))","<p style=""text-align:left""><span style=""font-size:14px""><span style=""color:black"">The most common adverse reactions (incidence ≥ 30%: All Grades: upper respiratory tract infection (39%), rash (36%), neutrophils decreased (45%), lymphocytosis (41%), platelets decreased (40%); Grade 3+ TRAEs: neutrophils decreased (20%), lymphocytosis (16%), pneumonia (10%), platelets decreased (7%), hemoglobin decreased (6%), hypertension (3.4%), hemorrhage (3.4%), Musculoskeletal pain (3.4%)</span></span></p>",Equivalent,,,,,,,,,,,,,Publish,2025-09-12 12:28:00.000,2025-09-12 12:28:00.000
1435,SAR447971,SAR447971_IND001,Expected Indication,Indication,"<ul><li><div style=""margin-left:18px; text-align:left"" class=""O0""><span style=""font-size:14px"">The treatment of moderate to severe&nbsp;hidradenitis suppurativa in patients&nbsp;12 years of age and older</span></div></li></ul>",,,Humira (aTNF),<ul><li>The treatment of moderate to severe&nbsp;hidradenitis suppurativa in patients&nbsp;12 years of age and older</li></ul>,Equivalent,,,Cosentyx (aIL17A),<ul><li>The treatment of moderate to severe&nbsp;hidradenitis suppurativa in adult&nbsp;patients</li></ul>,Equivalent,,,Bimekizumab (aIL17A/F),<ul><li>The treatment of moderate to severe&nbsp;hidradenitis suppurativa in patients&nbsp;12 years of age and older</li></ul>,Equivalent,,,Draft,2025-09-16 12:27:00.000,2025-09-16 12:27:00.000
1436,SAR447971,SAR447971_IND001,"Dosing, administration & device",Route of administration,<ul><li>Oral</li></ul>,,,Humira (aTNF),<ul><li>S.c. injection</li></ul>,Better,,,Cosentyx (aIL17A),<ul><li>S.c. injection</li></ul>,Slightly Better,,,Bimekizumab (aIL17A/F),<ul><li>S.c. injection (autoinjector &amp; PFS available)</li></ul>,Slightly Better,,,Draft,2025-09-16 12:27:00.000,2025-09-16 12:27:00.000
1437,SAR447971,SAR447971_IND001,"Dosing, administration & device",Dosage,<ul><li>TBD</li></ul>,,,Humira (aTNF),<ul><li>40 mg</li></ul>,Better,,,Cosentyx (aIL17A),<ul><li>300 mg</li></ul>,Slightly Better,,,Bimekizumab (aIL17A/F),<ul><li>320 mg</li></ul>,Slightly Better,,,Draft,2025-09-16 12:27:00.000,2025-09-16 12:27:00.000
1438,SAR447971,SAR447971_IND001,"Dosing, administration & device",Patient Population/schedule,<ul><li>QD</li></ul>,,,Humira (aTNF),<ul><li>QW</li></ul>,Better,,,Cosentyx (aIL17A),<ul><li>Q2W dosing likely give Q4W did not achieve statistical significance in 1 of the 2 Ph3s</li></ul>,Slightly Better,,,Bimekizumab (aIL17A/F),<ul><li>Q4W (Q2W for initial 16w)</li></ul>,Slightly Better,,,Draft,2025-09-16 12:27:00.000,2025-09-16 12:27:00.000
1439,SAR447971,SAR447971_IND001,"Dosing, administration & device",Primary Packaging (Device),,,,Humira (aTNF),,Better,,,Cosentyx (aIL17A),,Slightly Better,,,Bimekizumab (aIL17A/F),,Slightly Better,,,Draft,2025-09-16 12:27:00.000,2025-09-16 12:27:00.000
1440,SAR447971,SAR447971_IND001,Efficacy,Endpoint / Claim 1,"<p>At week 16</p><ul><li>HiSCR50: 70%+ vs. 35% (Δ35%)</li><li><strong>HiSCR75: 50%+ vs. 20% (Δ30%)</strong></li></ul><p>Durability of response: similar to or better than IL17</p><p>Secondary end points:</p><ul><li>Reduction of abscesses &amp; inflammatory nodules</li><li>Reduction in pain</li><li>Reduction in flares</li><li>QOL benefit (e.g. DLQI, SF36, TSQM)<br /> </li></ul>",,,Humira (aTNF),<p>At week 12</p><ul><li>PIONEER I: HiSCR50: 42% vs.&nbsp;26% PBO (∆16%)</li><li>PIONEER II: HiSCR50: 59% vs.&nbsp;28% PBO (∆31%) (19.3% of&nbsp;patients continued baseline&nbsp;antibiotic during study;&nbsp;population was less severe than&nbsp;I)</li><li>PIONEER II: HiSCR75: 36% vs. 15% PBO (∆21%) (19.3% of patients continued baseline antibiotic during study; population was less severe than I)</li></ul><p>Durability of response: &nbsp;45-52% of responders at wk 12 remained responders at wk 36&nbsp;</p>,Slightly Better,,,Cosentyx (aIL17A),<p>At week 16</p><ul><li>SUNSHINE: HiSCR50: 45.0%&nbsp;Q2W vs. 41.8% Q4W vs. 33.7%&nbsp;PBO (∆11.3% Q2W and ∆8.1%&nbsp;Q4W)</li><li>SUNRISE: HiSCR50 42.3% Q2W&nbsp;vs. 46.1% Q4W vs. 31.2% PBO&nbsp;(∆11.1% Q2W and ∆14.9%&nbsp;Q4W)</li></ul><p>HiSCR75 scores not reported</p><p>Durability of response: 76-84% of responders at wk 16 remained responders at wk 52&nbsp;</p>,Better,,,Bimekizumab (aIL17A/F),<p>HiSCR50: <strong>∆19-20%</strong> vs PBO at Week 16</p><ul><li>BE HEARD I: 48% vs 29% on PBO&nbsp;</li><li>BE HEARD II: 52% vs 32% on PBO&nbsp;</li></ul><p>HiSCR75:<strong> ∆16-20%</strong> vs PBO at Week 16</p><ul><li>BE HEARD I: 34% vs 18% on PBO&nbsp;</li><li>BE HEARD II: 36% vs. 16% on PBO</li></ul><p> </p><ul><li>Improvements by week 4 in HiSCR50/75; response maintained or improved further by week 48 (HiSCR50 in 61% at week 48)</li><li>Significant improvement in skin pain</li><li>Decrease of -1.4 in draining tunnels vs. -0.4 with PBO at Week 16</li></ul>,Slightly Better,,,Draft,2025-09-16 12:27:00.000,2025-09-16 12:27:00.000
1441,SAR447971,SAR447971_IND001,Efficacy,Endpoint / Claim 2,,,,Humira (aTNF),,,,,Cosentyx (aIL17A),,,,,Bimekizumab (aIL17A/F),,,,,Draft,2025-09-16 12:27:00.000,2025-09-16 12:27:00.000
1442,SAR447971,SAR447971_IND001,Safety & Warnings,Basic Safety profile,<ul><li>No black box warning</li><li>Well tolerated</li><li>Pre-treatment monitoring for infection may be needed<br /> </li></ul>,,,Humira (aTNF),"<ul><li><strong>Boxed warning</strong></li><li>Serious&nbsp;infections leading to&nbsp;hospitalization or death, including&nbsp;TB, bacterial sepsis, invasive fungal&nbsp;infections and infections due to&nbsp;other opportunistic&nbsp;pathogens.</li><li>Lymphoma and other malignancies,&nbsp;some fatal, have been&nbsp;reported&nbsp;</li></ul><p><strong>Other warnings:</strong> Demyelinating disease, rare cases of&nbsp;exacerbation or new onset has been&nbsp;associated with TNF biologics</p>",Slightly Better,,,Cosentyx (aIL17A),<ul><li><strong>No boxed warning</strong></li><li>Warnings may include risk of&nbsp;infections and evaluation for&nbsp;tuberculosis</li><li>Cases of IBD observed in clinical&nbsp;trials</li></ul>,Equivalent,,,Bimekizumab (aIL17A/F),"<ul><li><strong>Warnings: </strong>risk of&nbsp;infections, evaluate for TB; new onset IBD observed in clinical&nbsp;trials</li><li>Suicidal thoughts and behavior have happened in some people treated with BIMZELX (&lt;-&nbsp;first warning)&nbsp;</li><li>Increased rate of fungal infections, including candidiasis (primarily oral, mild to moderate): up to 25% rate over 48 weeks vs. &lt;1% for placebo (16 weeks)</li></ul>",Equivalent,,,Draft,2025-09-16 12:27:00.000,2025-09-16 12:27:00.000
1443,SAR447971,SAR447971_IND001,Expected Indication,Indication,"<ul><li><div style=""margin-left:18px; text-align:left"" class=""O0""><span style=""font-size:14px"">The treatment of moderate to severe&nbsp;hidradenitis suppurativa in patients&nbsp;12 years of age and older</span></div></li></ul>",,,Humira (aTNF) - Marketed,<ul><li>The treatment of moderate to severe&nbsp;hidradenitis suppurativa in patients&nbsp;12 years of age and older</li></ul>,Equivalent,,,Cosentyx (aIL17A),<ul><li>The treatment of moderate to severe&nbsp;hidradenitis suppurativa in adult&nbsp;patients</li></ul>,Equivalent,,,Bimekizumab (aIL17A/F),<ul><li>The treatment of moderate to severe&nbsp;hidradenitis suppurativa in patients&nbsp;12 years of age and older</li></ul>,Equivalent,,,Publish,2025-09-16 12:28:00.000,2025-09-16 12:29:00.000
1444,SAR447971,SAR447971_IND001,"Dosing, administration & device",Route of administration,<ul><li>Oral</li></ul>,,,Humira (aTNF) - Marketed,<ul><li>S.c. injection</li></ul>,Better,,,Cosentyx (aIL17A),<ul><li>S.c. injection</li></ul>,Slightly Better,,,Bimekizumab (aIL17A/F),<ul><li>S.c. injection (autoinjector &amp; PFS available)</li></ul>,Slightly Better,,,Publish,2025-09-16 12:28:00.000,2025-09-16 12:29:00.000
1445,SAR447971,SAR447971_IND001,"Dosing, administration & device",Dosage,<ul><li>TBD</li></ul>,,,Humira (aTNF) - Marketed,<ul><li>40 mg</li></ul>,Better,,,Cosentyx (aIL17A),<ul><li>300 mg</li></ul>,Slightly Better,,,Bimekizumab (aIL17A/F),<ul><li>320 mg</li></ul>,Slightly Better,,,Publish,2025-09-16 12:28:00.000,2025-09-16 12:29:00.000
1446,SAR447971,SAR447971_IND001,"Dosing, administration & device",Patient Population/schedule,<ul><li>QD</li></ul>,,,Humira (aTNF) - Marketed,<ul><li>QW</li></ul>,Better,,,Cosentyx (aIL17A),<ul><li>Q2W dosing likely give Q4W did not achieve statistical significance in 1 of the 2 Ph3s</li></ul>,Slightly Better,,,Bimekizumab (aIL17A/F),<ul><li>Q4W (Q2W for initial 16w)</li></ul>,Slightly Better,,,Publish,2025-09-16 12:28:00.000,2025-09-16 12:29:00.000
1447,SAR447971,SAR447971_IND001,"Dosing, administration & device",Primary Packaging (Device),,,,Humira (aTNF) - Marketed,,Better,,,Cosentyx (aIL17A),,Slightly Better,,,Bimekizumab (aIL17A/F),,Slightly Better,,,Publish,2025-09-16 12:28:00.000,2025-09-16 12:29:00.000
1448,SAR447971,SAR447971_IND001,Efficacy,Endpoint / Claim 1,"<p>At week 16</p><ul><li>HiSCR50: 70%+ vs. 35% (Δ35%)</li><li><strong>HiSCR75: 50%+ vs. 20% (Δ30%)</strong></li></ul><p>Durability of response: similar to or better than IL17</p><p>Secondary end points:</p><ul><li>Reduction of abscesses &amp; inflammatory nodules</li><li>Reduction in pain</li><li>Reduction in flares</li><li>QOL benefit (e.g. DLQI, SF36, TSQM)<br /> </li></ul>",,,Humira (aTNF) - Marketed,<p>At week 12</p><ul><li>PIONEER I: HiSCR50: 42% vs.&nbsp;26% PBO (∆16%)</li><li>PIONEER II: HiSCR50: 59% vs.&nbsp;28% PBO (∆31%) (19.3% of&nbsp;patients continued baseline&nbsp;antibiotic during study;&nbsp;population was less severe than&nbsp;I)</li><li>PIONEER II: HiSCR75: 36% vs. 15% PBO (∆21%) (19.3% of patients continued baseline antibiotic during study; population was less severe than I)</li></ul><p>Durability of response: &nbsp;45-52% of responders at wk 12 remained responders at wk 36&nbsp;</p>,Slightly Better,,,Cosentyx (aIL17A),<p>At week 16</p><ul><li>SUNSHINE: HiSCR50: 45.0%&nbsp;Q2W vs. 41.8% Q4W vs. 33.7%&nbsp;PBO (∆11.3% Q2W and ∆8.1%&nbsp;Q4W)</li><li>SUNRISE: HiSCR50 42.3% Q2W&nbsp;vs. 46.1% Q4W vs. 31.2% PBO&nbsp;(∆11.1% Q2W and ∆14.9%&nbsp;Q4W)</li></ul><p>HiSCR75 scores not reported</p><p>Durability of response: 76-84% of responders at wk 16 remained responders at wk 52&nbsp;</p>,Better,,,Bimekizumab (aIL17A/F),<p>HiSCR50: <strong>∆19-20%</strong> vs PBO at Week 16</p><ul><li>BE HEARD I: 48% vs 29% on PBO&nbsp;</li><li>BE HEARD II: 52% vs 32% on PBO&nbsp;</li></ul><p>HiSCR75:<strong> ∆16-20%</strong> vs PBO at Week 16</p><ul><li>BE HEARD I: 34% vs 18% on PBO&nbsp;</li><li>BE HEARD II: 36% vs. 16% on PBO</li></ul><p> </p><ul><li>Improvements by week 4 in HiSCR50/75; response maintained or improved further by week 48 (HiSCR50 in 61% at week 48)</li><li>Significant improvement in skin pain</li><li>Decrease of -1.4 in draining tunnels vs. -0.4 with PBO at Week 16</li></ul>,Slightly Better,,,Publish,2025-09-16 12:28:00.000,2025-09-16 12:29:00.000
1449,SAR447971,SAR447971_IND001,Efficacy,Endpoint / Claim 2,,,,Humira (aTNF) - Marketed,,,,,Cosentyx (aIL17A),,,,,Bimekizumab (aIL17A/F),,,,,Publish,2025-09-16 12:28:00.000,2025-09-16 12:30:00.000
1450,SAR447971,SAR447971_IND001,Safety & Warnings,Basic Safety profile,<ul><li>No black box warning</li><li>Well tolerated</li><li>Pre-treatment monitoring for infection may be needed<br /> </li></ul>,,,Humira (aTNF) - Marketed,"<ul><li><strong>Boxed warning</strong></li><li>Serious&nbsp;infections leading to&nbsp;hospitalization or death, including&nbsp;TB, bacterial sepsis, invasive fungal&nbsp;infections and infections due to&nbsp;other opportunistic&nbsp;pathogens.</li><li>Lymphoma and other malignancies,&nbsp;some fatal, have been&nbsp;reported&nbsp;</li></ul><p><strong>Other warnings:</strong> Demyelinating disease, rare cases of&nbsp;exacerbation or new onset has been&nbsp;associated with TNF biologics</p>",Slightly Better,,,Cosentyx (aIL17A),<ul><li><strong>No boxed warning</strong></li><li>Warnings may include risk of&nbsp;infections and evaluation for&nbsp;tuberculosis</li><li>Cases of IBD observed in clinical&nbsp;trials</li></ul>,Equivalent,,,Bimekizumab (aIL17A/F),"<ul><li><strong>Warnings: </strong>risk of&nbsp;infections, evaluate for TB; new onset IBD observed in clinical&nbsp;trials</li><li>Suicidal thoughts and behavior have happened in some people treated with BIMZELX (&lt;-&nbsp;first warning)&nbsp;</li><li>Increased rate of fungal infections, including candidiasis (primarily oral, mild to moderate): up to 25% rate over 48 weeks vs. &lt;1% for placebo (16 weeks)</li></ul>",Equivalent,,,Publish,2025-09-16 12:28:00.000,2025-09-16 12:30:00.000
1451,SAR448632,SAR448632_IND001,Expected Indication,Indication,"<p style=""text-align:left"">Adults with moderately to severely active ulcerative colitis.</p>",,,,,,,,,,,,,,,,,,Draft,2025-09-26 15:50:00.000,2025-09-26 15:57:00.000
1452,SAR448632,SAR448632_IND001,"Dosing, administration & device",Route of administration,"<p style=""text-align:left"">SC Auto injector</p>",,,,,,,,,,,,,,,,,,Draft,2025-09-26 15:50:00.000,2025-09-26 15:57:00.000
1453,SAR448632,SAR448632_IND001,"Dosing, administration & device",Dosage,"<p style=""text-align:left""><span style=""display:none"">&nbsp;</span>Induction: Q2W or Q4W<br />Maintenance: Q2W or Q4W<span style=""display:none"">&nbsp;</span></p>",,,,,,,,,,,,,,,,,,Draft,2025-09-26 15:50:00.000,2025-09-26 15:57:00.000
1454,SAR448632,SAR448632_IND001,"Dosing, administration & device",Patient Population/schedule,,,,,,,,,,,,,,,,,,,Draft,2025-09-26 15:50:00.000,2025-09-26 15:57:00.000
1455,SAR448632,SAR448632_IND001,"Dosing, administration & device",Primary Packaging (Device),,,,,,,,,,,,,,,,,,,Draft,2025-09-26 15:50:00.000,2025-09-26 15:57:00.000
1456,SAR448632,SAR448632_IND001,Efficacy,Endpoint / Claim 1,"<p style=""text-align:left"">Patient Population: 50% bio-naïve / 50% bio-exp</p><p><strong>Induction at Week 12:</strong></p><div>•Clinical Remission1: 45% vs 8% PBO (Δ35-40%)</div><div>•Endoscopic Improvement: 60% vs 12% PBO (Δ48%)</div><div>•Clinical Response: 80% vs 25% PBO (Δ55%)</div>",,,,,Equivalent,,,,,,,,,,,,,Draft,2025-09-26 15:50:00.000,2025-09-26 15:57:00.000
1457,SAR448632,SAR448632_IND001,Efficacy,Endpoint / Claim 2,<p><strong>Maintenance at Week 52:</strong></p><div>•Clinical Remission1: 48% vs 8% PBO (Δ40%)</div><div>•Endoscopic Improvement: 62% vs 12% PBO (Δ50%)</div><div>1.Modified mayo score</div><div><div>HEMI (hist/endo improvement)</div><div>Improvement in PRO measures</div><div>Corticosteroid sparing</div></div>,,,,,Slightly Better,,,,,,,,,,,,,Draft,2025-09-26 15:51:00.000,2025-09-26 15:57:00.000
1458,SAR448632,SAR448632_IND001,Safety & Warnings,Basic Safety profile,"<p style=""text-align:left"">No black box warning</p><p style=""text-align:left"">Mild Side effects</p><p>Warnings for infection risk</p>",,,,,Better,,,,,,,,,,,,,Draft,2025-09-26 15:51:00.000,2025-09-26 15:57:00.000
1459,SAR448632,SAR448632_IND001,Expected Indication,Indication,"<p style=""text-align:left"">Adults with moderately to severely active ulcerative colitis.</p>",,,"JNJ’804 SC TNF+IL-23, Phase 2a Vega Study","<p style=""text-align:left""><strong>VEGA:</strong></p><p style=""text-align:left"">Moderately to severely active ulcerative colitis in adults</p>",Equivalent,,,"Duvakitug  TL1A, Phase 2",<p><strong>DUVA:</strong></p><p>Adults with moderately to severely active ulcerative colitis</p>,Equivalent,,,,,,,,Draft,2025-09-26 15:59:00.000,2025-11-03 10:15:00.000
1460,SAR448632,SAR448632_IND001,"Dosing, administration & device",Route of administration,"<p style=""text-align:left"">SC</p>",,,"JNJ’804 SC TNF+IL-23, Phase 2a Vega Study","<p style=""text-align:left"">SC</p>",Slightly Better,,,"Duvakitug  TL1A, Phase 2",<p>SC&nbsp;</p>,Equivalent,,,,,,,,Draft,2025-09-26 15:59:00.000,2025-11-03 10:15:00.000
1461,SAR448632,SAR448632_IND001,"Dosing, administration & device",Dosage,"<p style=""text-align:left"">Induction: Q2W or Q4W<br />Maintenance: Q2W or Q4W<span>&nbsp;</span></p>",,,"JNJ’804 SC TNF+IL-23, Phase 2a Vega Study",<p>Induction at week 12</p><p>Maintenance at week 38</p><p>combination of guselkumab (GUS) and golimumab (GOL)</p>,Slightly Better,,,"Duvakitug  TL1A, Phase 2","<p style=""text-align:left"">Induction: Q2W for 12wk</p><p>Maintenance: Q4W</p>",Equivalent,,,,,,,,Draft,2025-09-26 16:00:00.000,2025-11-03 10:15:00.000
1462,SAR448632,SAR448632_IND001,"Dosing, administration & device",Patient Population/schedule,<p>Patient Population: 50% bio-naïve / 50% bio-exp</p>,,,"JNJ’804 SC TNF+IL-23, Phase 2a Vega Study",<p>Bio-naive patients only</p>,Slightly Better,,,"Duvakitug  TL1A, Phase 2","<p style=""text-align:left"">Re-randomization induction responders to maintenance</p>",Equivalent,,,,,,,,Draft,2025-09-26 16:00:00.000,2025-11-03 10:15:00.000
1463,SAR448632,SAR448632_IND001,"Dosing, administration & device",Primary Packaging (Device),<p>Auto Injector</p>,,,"JNJ’804 SC TNF+IL-23, Phase 2a Vega Study",,Slightly Better,,,"Duvakitug  TL1A, Phase 2",<p>Auto-Injector</p>,Equivalent,,,,,,,,Draft,2025-09-26 16:00:00.000,2025-11-03 10:15:00.000
1464,SAR448632,SAR448632_IND001,Efficacy,Endpoint / Claim 1,"<p style=""text-align:left""><strong>Induction at Week 12:</strong></p><div>•Clinical Remission1: 45% vs 8% PBO (Δ35-40%)</div><div>•Endoscopic Improvement: 60% vs 12% PBO (Δ48%)</div><div>•Clinical Response: 80% vs 25% PBO (Δ55%)</div>",,,"JNJ’804 SC TNF+IL-23, Phase 2a Vega Study",<table><colgroup><col /><col /><col /></colgroup><tbody><tr><td><p> </p></td><td><p>Clinical remission</p><p>(modified Mayo)</p></td><td><p>Endoscopic improvement</p></td></tr><tr><td><p>GUS+GOL</p></td><td><p>47%</p></td><td><p>49%</p></td></tr><tr><td><p>GUS</p></td><td><p>24%</p></td><td><p>30%</p></td></tr><tr><td><p>GOL</p></td><td><p>25%</p></td><td><p>25%</p></td></tr></tbody></table>,Slightly Better,,,"Duvakitug  TL1A, Phase 2","<p style=""text-align:left""><strong>Week 14:</strong></p><div>•Clinical Remission1: 47% vs 20% PBO (Δ25- 35%)</div><div>•Endoscopic Improvement: 52% vs 12% PBO (Δ40%)</div>",Better,,,,,,,,Draft,2025-09-26 16:00:00.000,2025-11-03 10:15:00.000
1465,SAR448632,SAR448632_IND001,Efficacy,Endpoint / Claim 2,<p><strong>Maintenance at Week 52:</strong></p><div>•Clinical Remission1: 48% vs 8% PBO (Δ40%)</div><div>•Endoscopic Improvement: 62% vs 12% PBO (Δ50%)</div><div> </div><div>1.Modified mayo score</div><div> </div><div><div>HEMI (hist/endo improvement)</div><div>Improvement in PRO measures</div><div>Corticosteroid sparing</div></div>,,,"JNJ’804 SC TNF+IL-23, Phase 2a Vega Study",<table><colgroup><col /><col /><col /></colgroup><tbody><tr><td><p> </p></td><td><p>Clinical remission</p><p>(modified Mayo)</p></td><td><p>Endoscopic improvement</p></td></tr><tr><td><p>GUS+GOL -&gt;&nbsp;GUS</p></td><td><p>48%</p></td><td><p>49%</p></td></tr><tr><td><p>GUS -&gt;&nbsp;GUS</p></td><td><p>31%</p></td><td><p>32%</p></td></tr><tr><td><p>GOL -&gt;&nbsp;GOL</p></td><td><p>21%</p></td><td><p>22%</p></td></tr></tbody></table>,Slightly Better,,,"Duvakitug  TL1A, Phase 2",<p><strong>Maintenance at Week 52:</strong></p><div>•Clinical Remission1: 48% vs 8% PBO (Δ40%)</div><div>•Endoscopic Improvement: 57% vs 12% PBO (Δ45%)</div><p> </p><div>1.Modified mayo score</div><div>2.High PBO Rate expected to decrease in future Ph3</div>,Better,,,,,,,,Draft,2025-09-26 16:00:00.000,2025-11-03 10:15:00.000
1466,SAR448632,SAR448632_IND001,Safety & Warnings,Basic Safety profile,"<p style=""text-align:left"">No black box warning</p><p style=""text-align:left"">Mild Side effects</p><p>Warnings for infection risk</p>",,,"JNJ’804 SC TNF+IL-23, Phase 2a Vega Study","<p><span style=""font-size:12pt""><span><span><strong>Boxed warning</strong></span></span></span></p><ul><li><span style=""font-size:12pt""><span><span><span>Serious infections leading to hospitalization or death, incl. TB , bacterial sepsis, invasive fungal infections and infections due to other opportunistic pathogens.</span></span></span></span></li><li><span style=""font-size:12pt""><span><span><span>Lymphoma and other malignancies, some fatal, have been reported in children and adolescent patients treated with TNF blockers</span></span></span></span></li></ul><p><span style=""font-size:12pt""><span><span><strong>Other Warnings:</strong></span></span></span></p><ul><li><span style=""font-size:12pt""><span><span><span>Lab parameters should be monitored (warnings for neutropenia, thrombocytopenia, liver enzymes, lipids).</span></span></span></span></li><li><span style=""font-size:12pt""><span><span><span>Demyelinating disease, rare cases of exacerbation or new onset has been associated with TNF biologics</span></span></span></span></li></ul>",Slightly Better,,,"Duvakitug  TL1A, Phase 2","<ul><li style=""margin-left: 18px; text-align: left;"" class=""O0"">No black box warning</li><li style=""margin-left: 18px; text-align: left;"" class=""O0"">Mild side effects</li></ul>",Equivalent,,,,,,,,Draft,2025-09-26 16:00:00.000,2025-11-03 10:15:00.000
1467,SAR448632,SAR448632_IND001,Expected Indication,Indication,<p>Adults with moderately to severely active ulcerative colitis.</p>,,,,,,,,,,,,,,,,,,Draft,2025-09-29 09:28:00.000,2025-09-29 09:28:00.000
1468,SAR448632,SAR448632_IND001,"Dosing, administration & device",Route of administration,,,,,,,,,,,,,,,,,,,Draft,2025-09-29 09:28:00.000,2025-09-29 09:28:00.000
1469,SAR448632,SAR448632_IND001,"Dosing, administration & device",Dosage,,,,,,,,,,,,,,,,,,,Draft,2025-09-29 09:28:00.000,2025-09-29 09:28:00.000
1470,SAR448632,SAR448632_IND001,"Dosing, administration & device",Patient Population/schedule,,,,,,,,,,,,,,,,,,,Draft,2025-09-29 09:28:00.000,2025-09-29 09:28:00.000
1471,SAR448632,SAR448632_IND001,"Dosing, administration & device",Primary Packaging (Device),,,,,,,,,,,,,,,,,,,Draft,2025-09-29 09:28:00.000,2025-09-29 09:28:00.000
1472,SAR448632,SAR448632_IND001,Efficacy,Endpoint / Claim 1,,,,,,,,,,,,,,,,,,,Draft,2025-09-29 09:29:00.000,2025-09-29 09:29:00.000
1473,SAR448632,SAR448632_IND001,Efficacy,Endpoint / Claim 2,,,,,,,,,,,,,,,,,,,Draft,2025-09-29 09:29:00.000,2025-09-29 09:29:00.000
1474,SAR448632,SAR448632_IND001,Safety & Warnings,Basic Safety profile,,,,,,,,,,,,,,,,,,,Draft,2025-09-29 09:29:00.000,2025-09-29 09:29:00.000
1475,SAR448632,SAR448632_IND001,Expected Indication,Indication,<p>Adults with moderately to severely active ulcerative colitis.</p>,,,"JNJ’804 SC TNF+IL-23, Phase 2a Vega Study","<p style=""text-align:left"">Moderately to severely active ulcerative colitis in adults</p>",Equivalent,,,"Duvakitug  TL1A, Phase 2","<p style=""text-align:left"">Adults with moderately to severely active ulcerative colitis.</p>",Equivalent,,,,,,,,Publish,2025-09-29 09:29:00.000,2025-09-29 09:30:00.000
1476,SAR448632,SAR448632_IND001,"Dosing, administration & device",Route of administration,,,,"JNJ’804 SC TNF+IL-23, Phase 2a Vega Study",,,,,"Duvakitug  TL1A, Phase 2",,,,,,,,,,Publish,2025-09-29 09:29:00.000,2025-09-29 09:30:00.000
1477,SAR448632,SAR448632_IND001,"Dosing, administration & device",Dosage,,,,"JNJ’804 SC TNF+IL-23, Phase 2a Vega Study",,,,,"Duvakitug  TL1A, Phase 2",,,,,,,,,,Publish,2025-09-29 09:29:00.000,2025-09-29 09:30:00.000
1478,SAR448632,SAR448632_IND001,"Dosing, administration & device",Patient Population/schedule,,,,"JNJ’804 SC TNF+IL-23, Phase 2a Vega Study",,,,,"Duvakitug  TL1A, Phase 2",,,,,,,,,,Publish,2025-09-29 09:29:00.000,2025-09-29 09:30:00.000
1479,SAR448632,SAR448632_IND001,"Dosing, administration & device",Primary Packaging (Device),,,,"JNJ’804 SC TNF+IL-23, Phase 2a Vega Study",,,,,"Duvakitug  TL1A, Phase 2",,,,,,,,,,Publish,2025-09-29 09:29:00.000,2025-09-29 09:30:00.000
1480,SAR448632,SAR448632_IND001,Efficacy,Endpoint / Claim 1,,,,"JNJ’804 SC TNF+IL-23, Phase 2a Vega Study",,,,,"Duvakitug  TL1A, Phase 2",,,,,,,,,,Publish,2025-09-29 09:29:00.000,2025-09-29 09:30:00.000
1481,SAR448632,SAR448632_IND001,Efficacy,Endpoint / Claim 2,,,,"JNJ’804 SC TNF+IL-23, Phase 2a Vega Study",,,,,"Duvakitug  TL1A, Phase 2",,,,,,,,,,Publish,2025-09-29 09:29:00.000,2025-09-29 09:30:00.000
1482,SAR448632,SAR448632_IND001,Safety & Warnings,Basic Safety profile,,,,"JNJ’804 SC TNF+IL-23, Phase 2a Vega Study",,,,,"Duvakitug  TL1A, Phase 2",,,,,,,,,,Publish,2025-09-29 09:29:00.000,2025-09-29 09:30:00.000
1483,SAR448681,SAR448681_IND001,Expected Indication,Indication,"<p style=""text-align:left"">Adults with moderately to severely active ulcerative colitis.<br /></p>",,,"JNJ’804 SC TNF+IL-23, Phase 2a Vega Study",<p><strong>VEGA:</strong><br />Moderately to severely active ulcerative colitis in adults</p><p> </p>,Equivalent,,,"Duvakitug  TL1A, Phase 2","<p><strong>DUVA</strong>:<br />Adults with moderately to severely active ulcerative colitis.<span><span><span><span><span><span style=""font-size:7.0pt""><span><span><span style=""color:black""><span><span><span><span><span> </span></span></span></span></span></span></span></span></span></span></span></span></span></span></p>",Equivalent,,,,,,,,Publish,2025-09-29 11:03:00.000,2025-11-03 10:34:00.000
1484,SAR448681,SAR448681_IND001,"Dosing, administration & device",Route of administration,<p>SC</p>,,,"JNJ’804 SC TNF+IL-23, Phase 2a Vega Study",<p><strong>VEGA:</strong><br />SC</p>,Slightly Better,,,"Duvakitug  TL1A, Phase 2",<p><strong>DUVA:</strong><br />SC</p>,Better,,,,,,,,Publish,2025-09-29 11:03:00.000,2025-11-03 10:34:00.000
1485,SAR448681,SAR448681_IND001,"Dosing, administration & device",Dosage,<p>Induction: Q2W or Q4W<br />Maintenance: Q2W or Q4W</p>,,,"JNJ’804 SC TNF+IL-23, Phase 2a Vega Study","<p><strong>VEGA:</strong><br />subcutaneous golimumab 200 mg at week 0, subcutaneous golimumab 100 mg at weeks 2, 6, and 10,</p><p>intravenous guselkumab 200 mg at weeks 0, 4, and 8, followed by subcutaneous guselkumab monotherapy 100 mg every 8 weeks for 32 weeks</p><p style=""text-align:left"">(Induction for 12 weeks<br />Maintenance for 38 weeks)</p>",Slightly Better,,,"Duvakitug  TL1A, Phase 2",<p><strong>DUVA:</strong><br />Induction: Q2W for 12wk<br />Maintenance: Q4W</p>,Better,,,,,,,,Publish,2025-09-29 11:03:00.000,2025-11-03 10:34:00.000
1486,SAR448681,SAR448681_IND001,"Dosing, administration & device",Patient Population/schedule,"<p style=""text-align:left"">Patient Population: 50% bio-naïve / 50% bio-exp</p>",,,"JNJ’804 SC TNF+IL-23, Phase 2a Vega Study","<p style=""text-align:left""><strong>VEGA:</strong><br />Bio-naïve patients only; Treat through design</p>",Slightly Better,,,"Duvakitug  TL1A, Phase 2","<p style=""text-align:left""><strong>DUVA:</strong><br />Re-randomization induction responders to maintenance</p>",Better,,,,,,,,Publish,2025-09-29 11:03:00.000,2025-11-03 10:34:00.000
1487,SAR448681,SAR448681_IND001,"Dosing, administration & device",Primary Packaging (Device),<p>Auto Injector</p>,,,"JNJ’804 SC TNF+IL-23, Phase 2a Vega Study",<p><strong>VEGA:</strong><br />Auto Injector</p>,Slightly Better,,,"Duvakitug  TL1A, Phase 2",<p><strong>DUVA:</strong><br />Auto Injector</p>,Better,,,,,,,,Publish,2025-09-29 11:03:00.000,2025-11-03 10:34:00.000
1488,SAR448681,SAR448681_IND001,Efficacy,Endpoint / Claim 1,<p><strong>Induction at Week 12:</strong></p><div>• Clinical Remission<sup>1</sup>: 45% vs 8% PBO (Δ35-40%)</div><div>• Endoscopic Improvement: 60% vs 12% PBO (Δ48%)</div><div>• Clinical Response: 80% vs 25% PBO (Δ55%)</div>,,,"JNJ’804 SC TNF+IL-23, Phase 2a Vega Study","<p><strong>VEGA:</strong></p><p><u>Induction at week 12:</u></p><table><colgroup><col /><col /><col /></colgroup><tbody><tr><td class=""oa1""><p style=""text-align:left""> </p></td><td><p>Clinical remission<br />(modified Mayo)</p></td><td><p>Endoscopic improvement</p></td></tr><tr><td><p>GUS+GOL</p></td><td><p>47%</p></td><td><p>49%</p></td></tr><tr><td><p>GUS</p></td><td><p>24%</p></td><td><p>30%</p></td></tr><tr><td><p>GOL</p></td><td><p>25%</p></td><td><p>25%</p></td></tr></tbody></table>",Slightly Better,,,"Duvakitug  TL1A, Phase 2","<p style=""text-align:left""><strong>DUVA:</strong><br /><u>Week 14:</u></p><div>• Clinical Remission<sup>1</sup>: 47% vs 20% PBO (<strong>Δ25- 35%</strong>)</div><div>• Endoscopic Improvement: 52% vs 12% PBO (<strong>Δ40%</strong>)</div>",Better,,,,,,,,Publish,2025-09-29 11:03:00.000,2025-11-03 10:34:00.000
1489,SAR448681,SAR448681_IND001,Efficacy,Endpoint / Claim 2,"<p style=""text-align:left""><strong>Maintenance at Week 52:</strong></p><div>• Clinical Remission<sup>1</sup>: 48% vs 8% PBO (Δ40%)</div><div>• Endoscopic Improvement: 62% vs 12% PBO (Δ50%)</div><div> </div><div><sup>1</sup>Modified mayo score</div><div> </div><div>HEMI (hist/endo improvement)<br />Improvement in PRO measures<br />Corticosteroid sparing</div>",,,"JNJ’804 SC TNF+IL-23, Phase 2a Vega Study","<p><strong>VEGA:</strong></p><p><u>Maintenance at week 38:</u></p><table><colgroup><col /><col /><col /></colgroup><tbody><tr><td class=""oa1""><p style=""text-align:left""> </p></td><td><p>Clinical remission<br />(modified Mayo)</p></td><td><p>Endoscopic improvement</p></td></tr><tr><td><p>GUS+GOL -&gt;&nbsp;GUS</p></td><td><p>48%</p></td><td><p>49%</p></td></tr><tr><td><p>GUS -&gt;&nbsp;GUS</p></td><td><p>31%</p></td><td><p>32%</p></td></tr><tr><td><p>GOL -&gt;&nbsp;GOL</p></td><td><p>21%</p></td><td class=""oa1""><p style=""text-align:left"">22%</p></td></tr></tbody></table>",Slightly Better,,,"Duvakitug  TL1A, Phase 2","<p style=""text-align:left""><strong>DUVA:</strong></p><p style=""text-align:left""><u>Maintenance at Week 52:</u></p><div>• Clinical Remission<sup>1</sup>: 48% vs 8% PBO (<strong>Δ40%</strong>)</div><div>• Endoscopic Improvement: 57% vs 12% PBO (<strong>Δ45%)</strong></div><p> </p><div><sup>1</sup>Modified mayo score</div><div><sup>2</sup>High PBO Rate expected to decrease in future Ph3</div>",Better,,,,,,,,Publish,2025-09-29 11:03:00.000,2025-11-03 10:34:00.000
1490,SAR448681,SAR448681_IND001,Safety & Warnings,Basic Safety profile,"<p style=""text-align:left"">No black box warning</p><p>Mild Side effects</p><p>Warnings for infection risk</p>",,,"JNJ’804 SC TNF+IL-23, Phase 2a Vega Study","<p style=""text-align:left""><strong>VEGA:</strong></p><p style=""text-align:left""><u>Boxed warning:</u></p><div>• Serious infections leading to hospitalization or death, incl. TB , bacterial sepsis, invasive fungal infections and infections due to other opportunistic pathogens.</div><div>• Lymphoma and other malignancies, some fatal, have been reported in children and adolescent patients treated with TNF blockers</div><p><strong>Other Warnings:</strong></p><div>• Lab parameters should be monitored (warnings for neutropenia, thrombocytopenia, liver enzymes, lipids).</div><div>• Demyelinating disease, rare cases of exacerbation or new onset has been associated with TNF biologics</div>",Equivalent,,,"Duvakitug  TL1A, Phase 2","<p class=""O0""><strong>DUVA:</strong></p><ul><li class=""O0"">No black box warning</li><li class=""O0"">Mild side effects</li></ul>",Slightly Better,,,,,,,,Publish,2025-09-29 11:03:00.000,2025-11-03 10:34:00.000
1491,LC81667,LC81667_IND001,Expected Indication,Indication,,,,,,,,,,,,,,,,,,,Publish,2025-10-14 10:23:00.000,2025-10-14 10:23:00.000
1492,LC81667,LC81667_IND001,"Dosing, administration & device",Route of administration,,,,,,,,,,,,,,,,,,,Publish,2025-10-14 10:23:00.000,2025-10-14 10:23:00.000
1493,LC81667,LC81667_IND001,"Dosing, administration & device",Dosage,,,,,,,,,,,,,,,,,,,Publish,2025-10-14 10:23:00.000,2025-10-14 10:23:00.000
1494,LC81667,LC81667_IND001,"Dosing, administration & device",Patient Population/schedule,,,,,,,,,,,,,,,,,,,Publish,2025-10-14 10:23:00.000,2025-10-14 10:23:00.000
1495,SAR448755,SAR448755_IND001,Expected Indication,Indication,<p>Treatment of patients 12 years and older with moderate-to-severe atopic dermatitis whose disease is not adequately controlled with topical prescription therapies or when those therapies are not advisable.</p>,,,,,,,,,,,,,,,,,,Draft,2025-10-17 17:10:00.000,2025-10-17 17:12:00.000
1496,SAR448755,SAR448755_IND001,"Dosing, administration & device",Route of administration,<p>Oral</p>,,,,,,,,,,,,,,,,,,Draft,2025-10-17 17:10:00.000,2025-10-17 17:12:00.000
1497,SAR448755,SAR448755_IND001,"Dosing, administration & device",Dosage,<ul><li>Base: QD</li><li>Max. pills per dose: 2</li></ul>,,,,,,,,,,,,,,,,,,Draft,2025-10-17 17:10:00.000,2025-10-17 17:12:00.000
1498,SAR448755,SAR448755_IND001,"Dosing, administration & device",Patient Population/schedule,,,,,,,,,,,,,,,,,,,Draft,2025-10-17 17:10:00.000,2025-10-17 17:12:00.000
1499,SAR448755,SAR448755_IND001,"Dosing, administration & device",Primary Packaging (Device),,,,,,,,,,,,,,,,,,,Draft,2025-10-17 17:11:00.000,2025-10-17 17:13:00.000
1500,SAR448755,SAR448755_IND001,Efficacy,Endpoint / Claim 1,<p>STAT6 (pbo adj) at week 16 in monotherapy:</p><ul><li>IGA: 30%</li><li>EASI-90: 25%</li><li>EASI-75: 40%</li><li>NRS&gt;4: 30%</li></ul><p> </p>,,,,,,,,,,,,,,,,,,Draft,2025-10-17 17:11:00.000,2025-10-17 17:13:00.000
1501,SAR448755,SAR448755_IND001,Efficacy,Endpoint / Claim 2,<p>Other measures at week 16: better than or worse than SoC at the time of launch</p><ul><li>EASI-100 (%) /% Pruritus NRS&gt;4 / % DLQI&gt;4 /% POEM&gt;4 /ADCT /SCORAD&nbsp;</li></ul>,,,,,,,,,,,,,,,,,,Draft,2025-10-17 17:11:00.000,2025-10-17 17:13:00.000
1502,SAR448755,SAR448755_IND001,Safety & Warnings,Basic Safety profile,<ul><li>No boxed warning</li><li>Well tolerated</li></ul>,,,,,,,,,,,,,,,,,,Draft,2025-10-17 17:11:00.000,2025-10-17 17:13:00.000
1503,LC81376,LC81376_IND001,Expected Indication,Indication,<p>Adults with moderately to severely active ulcerative colitis</p>,,,JNJ 78934804,<p>Adults with moderately to severely active ulcerative colitis</p>,Equivalent,,,Duvakitug,<p>Adults with moderately to severely active ulcerative colitis</p>,Equivalent,,,,,,,,Publish,2025-10-24 12:05:00.000,2025-10-24 12:10:00.000
1504,LC81376,LC81376_IND001,"Dosing, administration & device",Route of administration,<p>SC autoinjector</p>,,,JNJ 78934804,<p>combined SC of guselkumab and golimumab</p>,Better,,,Duvakitug,<p>SC autoinjector</p>,Better,,,,,,,,Publish,2025-10-24 12:05:00.000,2025-10-24 12:10:00.000
1505,LC81376,LC81376_IND001,"Dosing, administration & device",Dosage,<p>Induction: Q4W</p><p>Maintenance: Q4W-Q8W</p>,,,JNJ 78934804,,Better,,,Duvakitug,<p>Induction: Q2W for 12wk</p><p>Maintenance: Q4W</p>,Better,,,,,,,,Publish,2025-10-24 12:05:00.000,2025-10-24 12:10:00.000
1506,LC81376,LC81376_IND001,"Dosing, administration & device",Patient Population/schedule,,,,JNJ 78934804,,Better,,,Duvakitug,,Better,,,,,,,,Publish,2025-10-24 12:05:00.000,2025-10-24 12:10:00.000
1507,LC81376,LC81376_IND001,"Dosing, administration & device",Primary Packaging (Device),,,,JNJ 78934804,,Better,,,Duvakitug,,Better,,,,,,,,Publish,2025-10-24 12:06:00.000,2025-10-24 12:10:00.000
1508,LC81376,LC81376_IND001,Efficacy,Endpoint / Claim 1,"<p style=""text-align:left""><span><span><span><span><span><span style=""font-size:7.0pt""><span><span><span style=""color:black""><span><span><span><span><span>Patient Population: 50% bio-naïve / 50% bio-exp</span></span></span></span></span></span></span></span></span></span></span></span></span></span></p><p style=""text-align:left""><span><span><span><span><span><span style=""font-size:7.0pt""><span><span><span style=""color:black""><span><span><strong><span><span>Induction at Week 12:</span></span></strong></span></span></span></span></span></span></span></span></span></span></span></p><div style=""margin-left:18px; text-align:left"" class=""O0""><span><span><span><span><span><span style=""font-size:7.0pt""><span>•</span></span><span style=""font-size:7.0pt""><span><span><span style=""color:black""><span><span><span><span><span>Clinical Remission</span></span></span></span></span></span></span></span></span><span style=""font-size:7.0pt""><span><span><span style=""color:black""><span><span><span><span><span>1</span></span></span></span></span></span></span></span></span><span style=""font-size:7.0pt""><span><span><span style=""color:black""><span><span><span><span><span>: 45% vs 8% PBO (</span></span></span></span></span></span></span></span></span><span style=""font-size:7.0pt""><span><span><span style=""color:black""><span><span><strong><span><span>Δ35-40%</span></span></strong></span></span></span></span></span></span><span style=""font-size:7.0pt""><span><span><span style=""color:black""><span><span><span><span><span>)</span></span></span></span></span></span></span></span></span></span></span></span></span></span></div><div style=""margin-left:18px; text-align:left"" class=""O0""><span><span><span><span><span><span style=""font-size:7.0pt""><span>•</span></span><span style=""font-size:7.0pt""><span><span><span style=""color:black""><span><span><span><span><span>Endoscopic Improvement: 60% vs 12% PBO (</span></span></span></span></span></span></span></span></span><span style=""font-size:7.0pt""><span><span><span style=""color:black""><span><span><strong><span><span>Δ48%</span></span></strong></span></span></span></span></span></span><span style=""font-size:7.0pt""><span><span><span style=""color:black""><span><span><span><span><span>)</span></span></span></span></span></span></span></span></span></span></span></span></span></span></div><div style=""margin-left:18px; text-align:left"" class=""O0""><span><span><span><span><span><span style=""font-size:7.0pt""><span>•</span></span><span style=""font-size:7.0pt""><span><span><span style=""color:black""><span><span><span><span><span>Clinical Response: 80% vs 25% PBO (</span></span></span></span></span></span></span></span></span><span style=""font-size:7.0pt""><span><span><span style=""color:black""><span><span><strong><span><span>Δ</span></span></strong></span></span></span></span></span></span><span style=""font-size:7.0pt""><span><span><span style=""color:black""><span><span><strong><span><span>55</span></span></strong></span></span></span></span></span></span><span style=""font-size:7.0pt""><span><span><span style=""color:black""><span><span><strong><span><span>%</span></span></strong></span></span></span></span></span></span><span style=""font-size:7.0pt""><span><span><span style=""color:black""><span><span><span><span><span>)</span></span></span></span></span></span></span></span></span></span></span></span></span></span></div>",,,JNJ 78934804,<p>Induction at wk12</p><p>GUS+GOL: 47% clinical remission; 49% endoscopic improvement</p><p>GUS: 24% clinical remission; 30% endoscopic improvement</p><p>GUL: 25% clinical remission; 25% endoscopic improvement</p>,Slightly Better,,,Duvakitug,"<p style=""text-align:left""><span><span><span><span><span><span style=""font-size:7.0pt""><span><span><span style=""color:black""><span><span><span><span><span>Re-randomization induction responders to maintenance</span></span></span></span></span></span></span></span></span></span></span></span></span></span></p><p style=""text-align:left""> </p><p style=""text-align:left""><span><span><span><span><span><span style=""font-size:7.0pt""><span><span><span style=""color:black""><span><span><strong><span><span>Week 14:</span></span></strong></span></span></span></span></span></span></span></span></span></span></span></p><div style=""margin-left:18px; text-align:left"" class=""O0""><span><span><span><span><span><span style=""font-size:7.0pt""><span>•</span></span><span style=""font-size:7.0pt""><span><span><span style=""color:black""><span><span><span><span><span>Clinical Remission</span></span></span></span></span></span></span></span></span><span style=""font-size:7.0pt""><span><span><span style=""color:black""><span><span><span><span><span>1</span></span></span></span></span></span></span></span></span><span style=""font-size:7.0pt""><span><span><span style=""color:black""><span><span><span><span><span>: 47% vs 20% PBO (</span></span></span></span></span></span></span></span></span><span style=""font-size:7.0pt""><span><span><span style=""color:black""><span><span><strong><span><span>Δ25- 35%</span></span></strong></span></span></span></span></span></span><span style=""font-size:7.0pt""><span><span><span style=""color:black""><span><span><span><span><span>)</span></span></span></span></span></span></span></span></span></span></span></span></span></span></div><div style=""margin-left:18px; text-align:left"" class=""O0""><span><span><span><span><span><span style=""font-size:7.0pt""><span>•</span></span><span style=""font-size:7.0pt""><span><span><span style=""color:black""><span><span><span><span><span>Endoscopic Improvement: 52% vs 12% PBO (</span></span></span></span></span></span></span></span></span><span style=""font-size:7.0pt""><span><span><span style=""color:black""><span><span><strong><span><span>Δ40%</span></span></strong></span></span></span></span></span></span><span style=""font-size:7.0pt""><span><span><span style=""color:black""><span><span><span><span><span>)</span></span></span></span></span></span></span></span></span></span></span></span></span></span></div>",Slightly Better,,,,,,,,Publish,2025-10-24 12:06:00.000,2025-10-24 12:10:00.000
1509,LC81376,LC81376_IND001,Efficacy,Endpoint / Claim 2,"<p style=""text-align:left""><span><span><span><span><span><span style=""font-size:7.0pt""><span><span><span style=""color:black""><span><span><strong><span><span>Maintenance at Week 52:</span></span></strong></span></span></span></span></span></span></span></span></span></span></span></p><ul><li style=""margin-left: 18px; text-align: left;"" class=""O0""><span><span><span><span><span><span style=""font-size:7.0pt""><span>•</span></span><span style=""font-size:7.0pt""><span><span><span style=""color:black""><span><span><span><span><span>Clinical Remission</span></span></span></span></span></span></span></span></span><span style=""font-size:7.0pt""><span><span><span style=""color:black""><span><span><span><span><span>1</span></span></span></span></span></span></span></span></span><span style=""font-size:7.0pt""><span><span><span style=""color:black""><span><span><span><span><span>: 48% vs 8% PBO (</span></span></span></span></span></span></span></span></span><span style=""font-size:7.0pt""><span><span><span style=""color:black""><span><span><strong><span><span>Δ40%</span></span></strong></span></span></span></span></span></span><span style=""font-size:7.0pt""><span><span><span style=""color:black""><span><span><span><span><span>)</span></span></span></span></span></span></span></span></span></span></span></span></span></span></li><li style=""margin-left: 18px; text-align: left;"" class=""O0""><span><span><span><span><span><span style=""font-size:7.0pt""><span>•</span></span><span style=""font-size:7.0pt""><span><span><span style=""color:black""><span><span><span><span><span>Endoscopic Improvement: 62% vs 12% PBO (</span></span></span></span></span></span></span></span></span><span style=""font-size:7.0pt""><span><span><span style=""color:black""><span><span><strong><span><span>Δ50%</span></span></strong></span></span></span></span></span></span><span style=""font-size:7.0pt""><span><span><span style=""color:black""><span><span><span><span><span>)</span></span></span></span></span></span></span></span></span></span></span></span></span></span></li></ul><div style=""margin-left:18px; text-align:left"" class=""O0""><ul><li style=""text-align: left;""><span><span><span><span><span><span style=""font-size:7.0pt""><span><span><span style=""color:black""><span><span><span><span><span>HEMI (hist/endo improvement)</span></span></span></span></span></span></span></span></span></span></span></span></span></span></li><li style=""text-align: left;""><span><span><span><span><span><span style=""font-size:7.0pt""><span><span><span style=""color:black""><span><span><span><span><span>Improvement in PRO measures</span></span></span></span></span></span></span></span></span></span></span></span></span></span></li><li style=""text-align: left;""><span><span><span><span><span><span style=""font-size:7.0pt""><span><span><span style=""color:black""><span><span><span><span><span>Corticosteroid sparing</span></span></span></span></span></span></span></span></span></span></span></span></span></span></li></ul></div>",,,JNJ 78934804,<p> </p><p>Maintenance at wk 38</p><p>GUS+GOL: 48% clinical remission; 49% endoscopic improvement</p><p>GUS: 31% clinical remission; 32% endoscopic improvement</p><p>GUL: 21% clinical remission; 22% endoscopic improvement</p>,Slightly Better,,,Duvakitug,"<p style=""text-align:left""><span><span><span><span><span><span style=""font-size:7.0pt""><span><span><span style=""color:black""><span><span><strong><span><span>Maintenance at Week 52:</span></span></strong></span></span></span></span></span></span></span></span></span></span></span></p><div style=""margin-left:18px; text-align:left"" class=""O0""><span><span><span><span><span><span style=""font-size:7.0pt""><span>•</span></span><span style=""font-size:7.0pt""><span><span><span style=""color:black""><span><span><span><span><span>Clinical Remission</span></span></span></span></span></span></span></span></span><span style=""font-size:7.0pt""><span><span><span style=""color:black""><span><span><span><span><span>1</span></span></span></span></span></span></span></span></span><span style=""font-size:7.0pt""><span><span><span style=""color:black""><span><span><span><span><span>: 48% vs 8% PBO (</span></span></span></span></span></span></span></span></span><span style=""font-size:7.0pt""><span><span><span style=""color:black""><span><span><strong><span><span>Δ40%</span></span></strong></span></span></span></span></span></span><span style=""font-size:7.0pt""><span><span><span style=""color:black""><span><span><span><span><span>)</span></span></span></span></span></span></span></span></span></span></span></span></span></span></div><div style=""margin-left:18px; text-align:left"" class=""O0""><span><span><span><span><span><span style=""font-size:7.0pt""><span>•</span></span><span style=""font-size:7.0pt""><span><span><span style=""color:black""><span><span><span><span><span>Endoscopic Improvement: 57% vs 12% PBO (</span></span></span></span></span></span></span></span></span><span style=""font-size:7.0pt""><span><span><span style=""color:black""><span><span><strong><span><span>Δ45%</span></span></strong></span></span></span></span></span></span><span style=""font-size:7.0pt""><span><span><span style=""color:black""><span><span><span><span><span>)</span></span></span></span></span></span></span></span></span></span></span></span></span></span></div><p style=""text-align:left""> </p><div style=""margin-left:24px; text-align:left"" class=""O0""><span><span><span><span><span><span style=""font-size:7.0pt""><span>1.</span></span><span style=""font-size:7.0pt""><span><span><span style=""color:black""><span><span><span><span><span>Modified mayo score</span></span></span></span></span></span></span></span></span></span></span></span></span></span></div><div style=""margin-left:24px; text-align:left"" class=""O0""><span><span><span><span><span><span style=""font-size:7.0pt""><span>2.</span></span><span style=""font-size:7.0pt""><span><span><span style=""color:black""><span><span><span><span><span>High PBO Rate expected to decrease in future Ph3</span></span></span></span></span></span></span></span></span></span></span></span></span></span></div>",Slightly Better,,,,,,,,Publish,2025-10-24 12:06:00.000,2025-10-24 12:10:00.000
1510,LC81376,LC81376_IND001,Safety & Warnings,Basic Safety profile,"<p style=""text-align:left""><span><span><span><span><span><span style=""font-size:7.0pt""><span><span><span style=""color:black""><span><span><span><span><span>No black box warning </span></span></span></span></span></span></span></span></span></span></span></span></span></span></p><p style=""text-align:left""><span><span><span><span><span><span style=""font-size:7.0pt""><span><span><span style=""color:black""><span><span><span><span><span>Mild Side effects</span></span></span></span></span></span></span></span></span></span></span></span></span></span></p><p style=""text-align:left""><span><span><span><span><span><span style=""font-size:7.0pt""><span><span><span style=""color:black""><span><span><span><span><span>Warnings for infection risk</span></span></span></span></span></span></span></span></span></span></span></span></span></span></p>",,,JNJ 78934804,"<p style=""text-align:left""><span><span><span><span><span><span style=""font-size:6.0pt""><span><span><span style=""color:black""><span><span><strong><span><span>Boxed warning</span></span></strong></span></span></span></span></span></span></span></span></span></span></span></p><div style=""margin-left:6px; text-align:left"" class=""O0""><span><span><span><span><span><span style=""font-size:6.0pt""><span>•</span></span><span style=""font-size:6.0pt""><span><span style=""color:black""><span><span><span>Serious infections leading to hospitalization or death, incl. TB , bacterial sepsis, invasive fungal infections and infections due to other opportunistic pathogens.</span></span></span></span></span></span></span></span></span></span></span></div><div style=""margin-left:6px; text-align:left"" class=""O0""><span><span><span><span><span><span style=""font-size:6.0pt""><span>•</span></span><span style=""font-size:6.0pt""><span><span style=""color:black""><span><span><span>Lymphoma and other malignancies, some fatal, have been reported in children and adolescent patients treated with TNF blockers</span></span></span></span></span></span></span></span></span></span></span></div><p style=""text-align:left""><span><span><span><span><span><span style=""font-size:6.0pt""><span><span><span style=""color:black""><span><span><strong><span><span>Other Warnings:</span></span></strong></span></span></span></span></span></span></span></span></span></span></span></p><div style=""margin-left:6px; text-align:left"" class=""O0""><span><span><span><span><span><span style=""font-size:6.0pt""><span>•</span></span><span style=""font-size:6.0pt""><span><span style=""color:black""><span><span><span>Lab parameters should be monitored (warnings for neutropenia, thrombocytopenia, liver enzymes, lipids).</span></span></span></span></span></span></span></span></span></span></span></div><div style=""margin-left:6px; text-align:left"" class=""O0""><span><span><span><span><span><span style=""font-size:6.0pt""><span>•</span></span><span style=""font-size:6.0pt""><span><span style=""color:black""><span><span><span>Demyelinating disease, rare cases of exacerbation or new onset has been associated with TNF biologics</span></span></span></span></span></span></span></span></span></span></span></div>",Slightly Better,,,Duvakitug,"<div style=""margin-left:18px; text-align:left"" class=""O0""><span><span><span><span><span><span style=""font-size:7.0pt""><span>•</span></span><span style=""font-size:7.0pt""><span><span><span style=""color:black""><span><span><span><span><span>No black box warning </span></span></span></span></span></span></span></span></span></span></span></span></span></span></div><div style=""margin-left:18px; text-align:left"" class=""O0""><span><span><span><span><span><span style=""font-size:7.0pt""><span>•</span></span><span style=""font-size:7.0pt""><span><span><span style=""color:black""><span><span><span><span><span>Mild side effects</span></span></span></span></span></span></span></span></span></span></span></span></span></span></div>",Equivalent,,,,,,,,Publish,2025-10-24 12:06:00.000,2025-10-24 12:10:00.000
1511,LC81376,LC81376_IND001,Comments,Comments,,,,JNJ 78934804,,,,,Duvakitug,,,,,,,,,,Publish,2025-10-24 12:06:00.000,2025-10-24 12:10:00.000
1512,SAR447610,SAR447610_IND001,Expected Indication,Indication,,,,,,,,,,,,,,,,,,,Publish,2025-10-24 14:06:00.000,2025-10-24 14:38:00.000
1513,SAR447610,SAR447610_IND001,"Dosing, administration & device",Route of administration,,,,,,,,,,,,,,,,,,,Publish,2025-10-24 14:06:00.000,2025-10-24 14:38:00.000
1514,SAR447610,SAR447610_IND001,"Dosing, administration & device",Dosage,,,,,,,,,,,,,,,,,,,Publish,2025-10-24 14:06:00.000,2025-10-24 14:38:00.000
1515,SAR447610,SAR447610_IND001,"Dosing, administration & device",Patient Population/schedule,,,,,,,,,,,,,,,,,,,Publish,2025-10-24 14:06:00.000,2025-10-24 14:38:00.000
1516,SAR447610,SAR447610_IND001,"Dosing, administration & device",Primary Packaging (Device),,,,,,,,,,,,,,,,,,,Publish,2025-10-24 14:06:00.000,2025-10-24 14:38:00.000
1517,SAR447610,SAR447610_IND001,Efficacy,Endpoint / Claim 1,,,,,,,,,,,,,,,,,,,Publish,2025-10-24 14:06:00.000,2025-10-24 14:38:00.000
1518,SAR447610,SAR447610_IND001,Efficacy,Endpoint / Claim 2,,,,,,,,,,,,,,,,,,,Publish,2025-10-24 14:06:00.000,2025-10-24 14:38:00.000
1519,SAR447610,SAR447610_IND001,Safety & Warnings,Basic Safety profile,,,,,,,,,,,,,,,,,,,Publish,2025-10-24 14:06:00.000,2025-10-24 14:38:00.000
1520,SAR447610,SAR447610_IND001,Comments,Comments,<p>comments field</p>,,,,,,,,,,,,,,,,,,Publish,2025-10-24 14:06:00.000,2025-10-24 14:38:00.000
1521,SAR448755,SAR448755_IND001,Expected Indication,Indication,<p>Treatment of patients 12 years and older with moderate-to-severe atopic dermatitis whose disease is not adequately controlled with topical prescription therapies or when those therapies are not advisable.</p>,,,Dupixent/dupilumab (IL4-R antagonist) ,"<p style=""text-align:left""><span style=""font-size:14px""><span style=""color:black"">Treatment of patients 6 months and older with moderate-to-severe atopic dermatitis whose disease is not adequately controlled with topical prescription therapies or when those therapies are not advisable. </span></span></p>",Slightly Worse,,,Ebglyss/lebrikizumab (IL13 antagonist) ,"<p style=""text-align:left""><span style=""font-size:14px""><span style=""color:black"">Adult and pediatric patients 12 years of age and older who weigh at least 40 kg with moderate-to-severe atopic dermatitis whose disease is not adequately controlled with topical prescription therapies or when those therapies are not advisable.</span></span></p>",Equivalent,,,Rinvoq (JAK1 inhibitor)  Marketed,"<p style=""text-align:left""><span style=""font-size:14px""><span style=""color:black"">Treatment of adults and pediatric patients 12 years of age and older with refractory, moderate to severe atopic dermatitis whose disease is not adequately controlled with other systemic drug products, including biologics, or when use of those therapies are inadvisable</span></span></p>",Slightly Better,,,Draft,2025-10-28 11:08:00.000,2025-10-28 11:45:00.000
1522,SAR448755,SAR448755_IND001,"Dosing, administration & device",Route of administration,<p>Oral</p>,,,Dupixent/dupilumab (IL4-R antagonist) ,"<div style=""margin-left:12px; text-align:left"" class=""O0""><span style=""font-size:14px""><span style=""color:black"">SC</span></span></div>",Better,,,Ebglyss/lebrikizumab (IL13 antagonist) ,"<div style=""margin-left:12px; text-align:left"" class=""O0""><span style=""font-size:14px""><span style=""color:black"">SC </span></span></div>",Slightly Better,,,Rinvoq (JAK1 inhibitor)  Marketed,"<p style=""text-align:left""><span style=""font-size:14px""><span style=""color:#000000"">Oral</span></span></p>",Equivalent,,,Draft,2025-10-28 11:08:00.000,2025-10-28 11:45:00.000
1523,SAR448755,SAR448755_IND001,"Dosing, administration & device",Dosage,<ul><li>Base: QD</li><li>Max. pills per dose: 2</li></ul>,,,Dupixent/dupilumab (IL4-R antagonist) ,"<ul><li style=""margin-left: 12px; text-align: left;"" class=""O0""><span style=""font-size:14px"">I<span style=""color:black"">nitial dose of 600 mg</span></span></li><li style=""margin-left: 12px; text-align: left;"" class=""O0""><span style=""font-size:14px""><span style=""color:black"">Followed by 300 mg given every other week</span></span></li></ul>",Better,,,Ebglyss/lebrikizumab (IL13 antagonist) ,"<ul><li style=""margin-left: 12px; text-align: left;"" class=""O0""><span style=""font-size:14px""><span style=""color:black"">500 mg (2 injection) at wk 0, 2, followed by 250 mg (1 injection) Q2W until Week 16</span></span></li><li style=""margin-left: 12px; text-align: left;"" class=""O0""><span style=""font-size:14px""><span style=""color:black"">Q4W afterwards</span></span></li></ul>",Slightly Better,,,Rinvoq (JAK1 inhibitor)  Marketed,"<p><span style=""font-size:14px""><span style=""color:black"">Initiate treatment with 15 mg orally once daily. If an adequate response is not achieved, consider increasing the dosage to 30 mg orally once daily.</span></span></p>",Equivalent,,,Draft,2025-10-28 11:08:00.000,2025-10-28 11:45:00.000
1524,SAR448755,SAR448755_IND001,"Dosing, administration & device",Patient Population/schedule,"<p><span style=""font-size:14px"">Once daily</span></p>",,,Dupixent/dupilumab (IL4-R antagonist) ,"<p><span style=""font-size:14px""><span style=""color:black"">SC Q2W</span></span></p>",Better,,,Ebglyss/lebrikizumab (IL13 antagonist) ,"<p><span style=""font-size:14px""><span style=""color:black"">Q2W until Week 16, Q4W afterwards</span></span></p>",Slightly Better,,,Rinvoq (JAK1 inhibitor)  Marketed,"<p><span style=""font-size:14px"">Once daily</span></p>",Equivalent,,,Draft,2025-10-28 11:08:00.000,2025-10-28 11:46:00.000
1525,SAR448755,SAR448755_IND001,"Dosing, administration & device",Primary Packaging (Device),,,,Dupixent/dupilumab (IL4-R antagonist) ,,Better,,,Ebglyss/lebrikizumab (IL13 antagonist) ,,Slightly Better,,,Rinvoq (JAK1 inhibitor)  Marketed,,Equivalent,,,Draft,2025-10-28 11:09:00.000,2025-10-28 11:46:00.000
1526,SAR448755,SAR448755_IND001,Efficacy,Endpoint / Claim 1,<p>STAT6 (pbo adj) at week 16 in monotherapy:</p><ul><li>IGA: 30%</li><li>EASI-90: 25%</li><li>EASI-75: 40%</li><li>NRS&gt;4: 30%</li></ul><p>Other measures at week 16: better than or worse than SoC at the time of launch</p><ul><li>EASI-100 (%) /% Pruritus NRS&gt;4 / % DLQI&gt;4 /% POEM&gt;4 /ADCT /SCORAD&nbsp;</li></ul>,,,Dupixent/dupilumab (IL4-R antagonist) ,"<p style=""text-align:left""><span style=""font-size:14px""><span style=""color:black"">Dupilumab (pbo adj) at week 16 in monotherapy</span></span></p><ul><li style=""margin-left: 12px; text-align: left;"" class=""O0""><span style=""font-size:14px""><span style=""color:black"">IGA:&nbsp; 28%</span></span></li><li style=""margin-left: 12px; text-align: left;"" class=""O0""><span style=""font-size:14px""><span style=""color:black"">EASI-90:&nbsp; 26%</span></span></li><li style=""margin-left: 12px; text-align: left;"" class=""O0""><span style=""font-size:14px""><span style=""color:black""><strong>EASI-75:&nbsp; 34%</strong></span></span></li><li style=""margin-left: 12px; text-align: left;"" class=""O0""><span style=""font-size:14px""><span style=""color:black"">NRS&gt;4: 26-29%</span></span></li></ul>",Equivalent,,,Ebglyss/lebrikizumab (IL13 antagonist) ,"<p style=""text-align:left""><span style=""font-size:14px""><span style=""color:black"">Lebrikizumab (pbo adj) at week 16 in monotherapy</span></span></p><ul><li style=""margin-left: 12px; text-align: left;"" class=""O0""><span style=""font-size:14px""><span style=""color:black"">IGA:&nbsp; 26%</span></span></li><li style=""margin-left: 12px; text-align: left;"" class=""O0""><span style=""font-size:14px""><span style=""color:black"">EASI-90:&nbsp; 25%</span></span></li><li style=""margin-left: 12px; text-align: left;"" class=""O0""><span style=""font-size:14px""><span style=""color:black""><strong>EASI-75:&nbsp; 38%</strong></span></span></li><li style=""margin-left: 12px; text-align: left;"" class=""O0""><span style=""font-size:14px""><span style=""color:black"">NRS&gt;4: 28%</span></span></li></ul>",Equivalent,,,Rinvoq (JAK1 inhibitor)  Marketed,"<p style=""text-align:left""><span style=""font-size:14px""><span style=""color:black"">Upadacitinib (pbo adj) at week 16 in monotherapy</span></span></p><ul><li style=""margin-left: 12px; text-align: left;""><span style=""font-size:14px""><span style=""color:black"">IGA:&nbsp; 34-40% (15mg), 47-54% (30mg) </span></span></li><li style=""margin-left: 12px; text-align: left;"" class=""O0""><span style=""font-size:14px""><span style=""color:black"">EASI-90:&nbsp; 37-45% (15 mg), 54-58% (30mg)</span></span></li><li style=""margin-left: 12px; text-align: left;"" class=""O0""><span style=""font-size:14px""><span style=""color:black""><strong>EASI-75:&nbsp; 47-57% (15mg), 60-64% (30mg) </strong></span></span></li><li style=""margin-left: 12px; text-align: left;"" class=""O0""><span style=""font-size:14px""><span style=""color:black"">NRS &gt;4:&nbsp; 39-40% (15mg), 48-51% (30mg)</span></span></li></ul>",Slightly Worse,,,Draft,2025-10-28 11:09:00.000,2025-10-28 11:46:00.000
1527,SAR448755,SAR448755_IND001,Efficacy,Endpoint / Claim 2,<p> </p><ul></ul>,,,Dupixent/dupilumab (IL4-R antagonist) ,,,,,Ebglyss/lebrikizumab (IL13 antagonist) ,,,,,Rinvoq (JAK1 inhibitor)  Marketed,,,,,Draft,2025-10-28 11:09:00.000,2025-10-28 11:46:00.000
1528,SAR448755,SAR448755_IND001,Safety & Warnings,Basic Safety profile,<ul><li>No boxed warning</li><li>Well tolerated</li></ul>,,,Dupixent/dupilumab (IL4-R antagonist) ,"<ul><li style=""margin-left: 18px; text-align: left;"" class=""O0""><span style=""font-size:14px""><span style=""color:black""><strong>No box warning</strong></span></span></li><li style=""margin-left: 18px; text-align: left;"" class=""O0""><span style=""font-size:14px""><span style=""color:black"">Moderate injection site reactions</span></span></li><li style=""margin-left: 18px; text-align: left;"" class=""O0""><span style=""font-size:14px""><span style=""color:black"">Conjunctivitis</span></span></li><li style=""margin-left: 18px; text-align: left;"" class=""O0""><span style=""font-size:14px""><span style=""color:black"">Keratitis</span></span></li></ul>",Equivalent,,,Ebglyss/lebrikizumab (IL13 antagonist) ,"<ul><li style=""margin-left: 18px; text-align: left;"" class=""O0""><span style=""font-size:14px""><span style=""color:black""><strong>No box warning</strong></span></span></li><li style=""margin-left: 18px; text-align: left;"" class=""O0""><span style=""font-size:14px""><span style=""color:black"">Moderate injection site reactions</span></span></li><li style=""margin-left: 18px; text-align: left;"" class=""O0""><span style=""font-size:14px""><span style=""color:black"">Conjunctivitis</span></span></li><li style=""margin-left: 18px; text-align: left;"" class=""O0""><span style=""font-size:14px""><span style=""color:black"">Keratitis</span></span></li></ul>",Equivalent,,,Rinvoq (JAK1 inhibitor)  Marketed,"<ul><li style=""margin-left: 18px; text-align: left;""><span style=""font-size:14px""><u><span style=""color:black""><strong>Box warning: </strong></span></u></span></li><li style=""margin-left: 18px; text-align: left;"" class=""O0""><span style=""font-size:14px""><span style=""color:black"">Serious infections</span></span></li><li style=""margin-left: 18px; text-align: left;"" class=""O0""><span style=""font-size:14px""><span style=""color:black"">Malignancy</span></span></li><li style=""margin-left: 18px; text-align: left;"" class=""O0""><span style=""font-size:14px""><span style=""color:black"">Thrombosis</span></span></li><li style=""margin-left: 18px; text-align: left;"" class=""O0""><span style=""font-size:14px""><span style=""color:black"">Acne, upper respiratory tract infection and nasopharyngitis</span></span></li></ul>",Better,,,Draft,2025-10-28 11:09:00.000,2025-10-28 11:46:00.000
1529,SAR448755,SAR448755_IND001,Comments,Comments,,,,Dupixent/dupilumab (IL4-R antagonist) ,,,,,Ebglyss/lebrikizumab (IL13 antagonist) ,,,,,Rinvoq (JAK1 inhibitor)  Marketed,,,,,Draft,2025-10-28 11:09:00.000,2025-10-28 11:46:00.000
1530,SAR448755,SAR448755_IND002,Expected Indication,Indication,"<p><span style=""color:black"">Add-on maintenance treatment in patients with moderate to severe asthma aged 12 years and older with an eosinophilic phenotype</span><span style=""font-size:14px""><span style=""color:black""> </span></span></p>",,,,,,,,,,,,,,,,,,Draft,2025-10-28 11:14:00.000,2025-10-28 11:14:00.000
1531,SAR448755,SAR448755_IND002,"Dosing, administration & device",Route of administration,<p>Oral</p>,,,,,,,,,,,,,,,,,,Draft,2025-10-28 11:14:00.000,2025-10-28 11:14:00.000
1532,SAR448755,SAR448755_IND002,"Dosing, administration & device",Dosage,"<ul><li style=""margin-left: 12px; text-align: left;"" class=""O0""><span style=""color:black"">Base: QD, downside: BID</span></li><li style=""margin-left: 12px; text-align: left;"" class=""O0""><span style=""color:black"">Maximum pills per dose: 2</span></li></ul>",,,,,,,,,,,,,,,,,,Draft,2025-10-28 11:14:00.000,2025-10-28 11:14:00.000
1533,SAR448755,SAR448755_IND002,"Dosing, administration & device",Patient Population/schedule,,,,,,,,,,,,,,,,,,,Draft,2025-10-28 11:14:00.000,2025-10-28 11:14:00.000
1534,SAR448755,SAR448755_IND002,"Dosing, administration & device",Primary Packaging (Device),,,,,,,,,,,,,,,,,,,Draft,2025-10-28 11:14:00.000,2025-10-28 11:14:00.000
1535,SAR448755,SAR448755_IND002,Efficacy,Endpoint / Claim 1,,,,,,,,,,,,,,,,,,,Draft,2025-10-28 11:14:00.000,2025-10-28 11:14:00.000
1536,SAR448755,SAR448755_IND002,Efficacy,Endpoint / Claim 2,,,,,,,,,,,,,,,,,,,Draft,2025-10-28 11:14:00.000,2025-10-28 11:14:00.000
1537,SAR448755,SAR448755_IND002,Safety & Warnings,Basic Safety profile,"<ul><li style=""margin-left: 12px; text-align: left;"" class=""O0""><span style=""color:black""><strong>No boxed warnings</strong></span></li><li style=""margin-left: 10px; text-align: left;"" class=""O0""><span style=""color:black"">Well tolerated</span></li></ul>",,,,,,,,,,,,,,,,,,Draft,2025-10-28 11:15:00.000,2025-10-28 11:15:00.000
1538,SAR448755,SAR448755_IND002,Comments,Comments,,,,,,,,,,,,,,,,,,,Draft,2025-10-28 11:15:00.000,2025-10-28 11:15:00.000
1539,SAR448755,SAR448755_IND002,Expected Indication,Indication,"<p><span style=""color:black"">Add-on maintenance treatment in patients with moderate to severe asthma aged 12 years and older with an eosinophilic phenotype</span><span style=""font-size:14px""><span style=""color:black""> </span></span></p>",,,Tezspire (anti-TSLP),"<p style=""text-align:left"">Add-on maintenance treatment of adult and pediatric patients aged 12 years and older with severe asthma<br /> </p>",Slightly Worse,,,Dupixent (anti-IL4R),<p>Add-on maintenance treatment in patients with moderate-to-severe asthma aged 12 years and older with an eosinophilic phenotype or with oral corticosteroid dependent asthma. (US Label)<br /> </p>,Equivalent,,,,,,,,Publish,2025-10-28 11:27:00.000,2025-12-19 14:57:00.000
1540,SAR448755,SAR448755_IND002,"Dosing, administration & device",Route of administration,<p>Oral</p>,,,Tezspire (anti-TSLP),<p>SQ</p>,Slightly Better,,,Dupixent (anti-IL4R),<p>SQ</p>,Better,,,,,,,,Publish,2025-10-28 11:27:00.000,2025-12-19 14:57:00.000
1541,SAR448755,SAR448755_IND002,"Dosing, administration & device",Dosage,"<ul><li style=""margin-left: 12px; text-align: left;"" class=""O0""><span style=""color:black"">Base: QD, downside: BID</span></li><li style=""margin-left: 12px; text-align: left;"" class=""O0""><span style=""color:black"">Maximum pills per dose: 2</span></li></ul>",,,Tezspire (anti-TSLP),<p>Q4W&nbsp;</p>,Slightly Better,,,Dupixent (anti-IL4R),<p>Q2W&nbsp;</p>,Better,,,,,,,,Publish,2025-10-28 11:27:00.000,2025-12-19 14:57:00.000
1542,SAR448755,SAR448755_IND002,"Dosing, administration & device",Patient Population/schedule,,,,Tezspire (anti-TSLP),,Slightly Better,,,Dupixent (anti-IL4R),,Better,,,,,,,,Publish,2025-10-28 11:27:00.000,2025-12-19 14:57:00.000
1543,SAR448755,SAR448755_IND002,"Dosing, administration & device",Primary Packaging (Device),,,,Tezspire (anti-TSLP),,Slightly Better,,,Dupixent (anti-IL4R),,Better,,,,,,,,Publish,2025-10-28 11:27:00.000,2025-12-19 14:57:00.000
1544,SAR448755,SAR448755_IND002,Efficacy,Endpoint / Claim 1,"<p><span style=""font-size:14px""><strong>Overall:</strong><span style=""color:black""><strong>&nbsp;45% </strong>reduction vs pbo in the annualized rate of severe exacerbations</span></span></p><ul><li style=""margin-left: 10px; text-align: left;"" class=""O0""><span style=""font-size:14px""><span style=""color:black"">≥ 300 cells/ µL: 65% reduction</span></span></li><li style=""margin-left: 10px; text-align: left;"" class=""O0""><span style=""font-size:14px"">1<span style=""color:black"">50 – 300 cells / µL: 45% reduction</span></span></li></ul>",,,Tezspire (anti-TSLP),"<p>Overall: <strong>56% reduction</strong> in annualized asthma exacerbation rate&nbsp;</p><ul><li>≥ 350 cells/µL: 70% reduction</li><li>&lt; 300 cells/µL: 41% reduction</li><li>≥ 150 cells/mL: 61% reduction</li><li>&lt;150 cells/µL: 39% reduction</li></ul><p>*Comparison refers to low EOS. For high EOS, comparative position is equivalent.</p>",Slightly Worse,,,Dupixent (anti-IL4R),"<div style=""margin-left:10px; text-align:left"" class=""O0""><p>46% reduction in the annualized rate of severe exacerbations&nbsp;</p><ul><li>≥ 300 cells/ µL: 67% reduction</li><li>150 – 300 cells / µL: 44% reduction</li><li>&lt;150 cells/ µL: no stat. sign. reduction</li></ul><p>*Comparison refers to low EOS. For high EOS, comparative position is equivalent.</p></div>",Equivalent,,,,,,,,Publish,2025-10-28 11:27:00.000,2025-12-19 14:57:00.000
1545,SAR448755,SAR448755_IND002,Efficacy,Endpoint / Claim 2,"<div style=""margin-left:10px; text-align:left"" class=""O1""><div style=""margin-left:10px; text-align:left"" class=""O0""><span style=""color:black""><strong>Overall:&nbsp; 130mL </strong>improvement on lung function (FEV1) from baseline</span></div><ul><li style=""margin-left: 10px; text-align: left;"" class=""O0""><span style=""color:black"">≥ 300 cells/ µL: 240 mL</span></li><li style=""margin-left: 10px; text-align: left;"" class=""O0""><span style=""color:black"">150 – 300 cells / µL: 0 mL</span></li></ul></div>",,,Tezspire (anti-TSLP),"<div style=""margin-left:10px; text-align:left"" class=""O0""><p><strong>Overall: &nbsp;130mL</strong> improvement on lung function (FEV1) from baseline</p><ul><li>≥ 300 cells/µL: 230mL</li><li>&lt; 300 cells/mL: 70mL&nbsp;&nbsp;</li><li>≥ 150 cells/mL: 170mL</li><li>&lt;150 cells/ µL: 30mL&nbsp;<br /> </li></ul>*Comparison refers to low EOS. For high EOS, comparative position is equivalent.</div>",Slightly Worse,,,Dupixent (anti-IL4R),"<div style=""margin-left:10px; text-align:left"" class=""O0""><p><strong>Overall: 130 mL</strong> improvement on lung function (FEV1) from baseline</p><ul><li>≥ 300 cells/ µL: 240 mL</li><li>150 – 300 cells / µL: 0 mL</li><li>&lt;150 cells/ µL: 90 mL</li></ul><p>*Comparison refers to low EOS. For high EOS, comparative position is equivalent.</p></div>",Equivalent,,,,,,,,Publish,2025-10-28 11:27:00.000,2025-12-19 14:57:00.000
1546,SAR448755,SAR448755_IND002,Safety & Warnings,Basic Safety profile,"<ul><li style=""margin-left: 12px; text-align: left;"" class=""O0""><span style=""color:black""><strong>No boxed warnings</strong></span></li><li style=""margin-left: 10px; text-align: left;"" class=""O0""><span style=""color:black"">Well tolerated</span></li></ul>",,,Tezspire (anti-TSLP),<ul><li><strong>No boxed warnings</strong></li><li>Well tolerated with no increased infections<br /> </li></ul>,Equivalent,,,Dupixent (anti-IL4R),"<ul><li style=""margin-left: 12px; text-align: left;"" class=""O0""><strong>No box warning</strong></li><li style=""margin-left: 12px; text-align: left;"" class=""O0"">Moderate injection site reactions</li></ul>",Equivalent,,,,,,,,Publish,2025-10-28 11:27:00.000,2025-12-19 14:58:00.000
1547,SAR448755,SAR448755_IND002,Comments,Comments,,,,Tezspire (anti-TSLP),,,,,Dupixent (anti-IL4R),,,,,,,,,,Publish,2025-10-28 11:27:00.000,2025-12-19 14:58:00.000
1548,SP0268,SP0268_IND001,Comments,Comments,,,,,,,,,,,,,,,,,,,Publish,2025-10-30 10:29:00.000,2025-10-30 10:29:00.000
1549,SAR448632,SAR448632_IND001,Comments,Comments,,,,"JNJ’804 SC TNF+IL-23, Phase 2a Vega Study",,,,,"Duvakitug  TL1A, Phase 2",,,,,,,,,,Draft,2025-11-03 10:11:00.000,2025-11-03 10:15:00.000
1550,SAR448632,SAR448632_IND001,Expected Indication,Indication,"<p style=""text-align:left"">Adults with moderately to severely active ulcerative colitis.</p>",,,"VEGA: JNJ’804 SC TNF+IL-23, Phase 2a Vega Study","<p style=""text-align:left""><strong>VEGA:</strong></p><p style=""text-align:left"">Moderately to severely active ulcerative colitis in adults</p>",Equivalent,,,"DUVA: Duvakitug  TL1A, Phase 2",<p><strong>DUVA:</strong></p><p>Adults with moderately to severely active ulcerative colitis</p>,Equivalent,,,,,,,,Publish,2025-11-03 10:30:00.000,2025-11-03 10:31:00.000
1551,SAR448632,SAR448632_IND001,"Dosing, administration & device",Route of administration,"<p style=""text-align:left"">SC</p>",,,"VEGA: JNJ’804 SC TNF+IL-23, Phase 2a Vega Study","<p style=""text-align:left""><strong>VEGA:</strong></p><p style=""text-align:left"">SC</p>",Slightly Better,,,"DUVA: Duvakitug  TL1A, Phase 2",<p><strong>DUVA:</strong></p><p>SC&nbsp;</p>,Equivalent,,,,,,,,Publish,2025-11-03 10:30:00.000,2025-11-03 10:31:00.000
1552,SAR448632,SAR448632_IND001,"Dosing, administration & device",Dosage,"<p style=""text-align:left"">Induction: Q2W or Q4W<br />Maintenance: Q2W or Q4W<span>&nbsp;</span></p>",,,"VEGA: JNJ’804 SC TNF+IL-23, Phase 2a Vega Study",<p><strong>VEGA:</strong></p><p>Induction at week 12</p><p>Maintenance at week 38</p><p>combination of guselkumab (GUS) and golimumab (GOL)</p>,Slightly Better,,,"DUVA: Duvakitug  TL1A, Phase 2","<p style=""text-align:left""><strong>DUVA:</strong></p><p style=""text-align:left"">Induction: Q2W for 12wk</p><p>Maintenance: Q4W</p>",Equivalent,,,,,,,,Publish,2025-11-03 10:30:00.000,2025-11-03 10:31:00.000
1553,SAR448632,SAR448632_IND001,"Dosing, administration & device",Patient Population/schedule,<p>Patient Population: 50% bio-naïve / 50% bio-exp</p>,,,"VEGA: JNJ’804 SC TNF+IL-23, Phase 2a Vega Study",<p><strong>VEGA:</strong></p><p>Bio-naive patients only</p>,Slightly Better,,,"DUVA: Duvakitug  TL1A, Phase 2","<p style=""text-align:left""><strong>DUVA:</strong></p><p style=""text-align:left"">Re-randomization induction responders to maintenance</p>",Equivalent,,,,,,,,Publish,2025-11-03 10:30:00.000,2025-11-03 10:31:00.000
1554,SAR448632,SAR448632_IND001,"Dosing, administration & device",Primary Packaging (Device),<p>Auto Injector</p>,,,"VEGA: JNJ’804 SC TNF+IL-23, Phase 2a Vega Study",,Slightly Better,,,"DUVA: Duvakitug  TL1A, Phase 2",<p>Auto-Injector</p>,Equivalent,,,,,,,,Publish,2025-11-03 10:30:00.000,2025-11-03 10:31:00.000
1555,SAR448632,SAR448632_IND001,Efficacy,Endpoint / Claim 1,"<p style=""text-align:left""><strong>Induction at Week 12:</strong></p><div>•Clinical Remission1: 45% vs 8% PBO (Δ35-40%)</div><div>•Endoscopic Improvement: 60% vs 12% PBO (Δ48%)</div><div>•Clinical Response: 80% vs 25% PBO (Δ55%)</div>",,,"VEGA: JNJ’804 SC TNF+IL-23, Phase 2a Vega Study",<p><strong>VEGA:</strong></p><table><colgroup><col /><col /><col /></colgroup><tbody><tr><td><p> </p></td><td><p>Clinical remission</p><p>(modified Mayo)</p></td><td><p>Endoscopic improvement</p></td></tr><tr><td><p>GUS+GOL</p></td><td><p>47%</p></td><td><p>49%</p></td></tr><tr><td><p>GUS</p></td><td><p>24%</p></td><td><p>30%</p></td></tr><tr><td><p>GOL</p></td><td><p>25%</p></td><td><p>25%</p></td></tr></tbody></table>,Slightly Better,,,"DUVA: Duvakitug  TL1A, Phase 2","<p style=""text-align:left""><strong>DUVA:</strong></p><p style=""text-align:left""><strong>Week 14:</strong></p><div>•Clinical Remission1: 47% vs 20% PBO (Δ25- 35%)</div><div>•Endoscopic Improvement: 52% vs 12% PBO (Δ40%)</div>",Better,,,,,,,,Publish,2025-11-03 10:30:00.000,2025-11-03 10:31:00.000
1556,SAR448632,SAR448632_IND001,Efficacy,Endpoint / Claim 2,<p><strong>Maintenance at Week 52:</strong></p><div>•Clinical Remission1: 48% vs 8% PBO (Δ40%)</div><div>•Endoscopic Improvement: 62% vs 12% PBO (Δ50%)</div><div> </div><div>1.Modified mayo score</div><div> </div><div><div>HEMI (hist/endo improvement)</div><div>Improvement in PRO measures</div><div>Corticosteroid sparing</div></div>,,,"VEGA: JNJ’804 SC TNF+IL-23, Phase 2a Vega Study",<p><strong>VEGA:</strong></p><table><colgroup><col /><col /><col /></colgroup><tbody><tr><td><p> </p></td><td><p>Clinical remission</p><p>(modified Mayo)</p></td><td><p>Endoscopic improvement</p></td></tr><tr><td><p>GUS+GOL -&gt;&nbsp;GUS</p></td><td><p>48%</p></td><td><p>49%</p></td></tr><tr><td><p>GUS -&gt;&nbsp;GUS</p></td><td><p>31%</p></td><td><p>32%</p></td></tr><tr><td><p>GOL -&gt;&nbsp;GOL</p></td><td><p>21%</p></td><td><p>22%</p></td></tr></tbody></table>,Slightly Better,,,"DUVA: Duvakitug  TL1A, Phase 2",<p><strong>DUVA:</strong></p><p><strong>Maintenance at Week 52:</strong></p><div>•Clinical Remission1: 48% vs 8% PBO (Δ40%)</div><div>•Endoscopic Improvement: 57% vs 12% PBO (Δ45%)</div><p> </p><div>1.Modified mayo score</div><div>2.High PBO Rate expected to decrease in future Ph3</div>,Better,,,,,,,,Publish,2025-11-03 10:30:00.000,2025-11-03 10:31:00.000
1557,SAR448632,SAR448632_IND001,Safety & Warnings,Basic Safety profile,"<p style=""text-align:left"">No black box warning</p><p style=""text-align:left"">Mild Side effects</p><p>Warnings for infection risk</p>",,,"VEGA: JNJ’804 SC TNF+IL-23, Phase 2a Vega Study","<p><strong>VEGA:</strong></p><p><span style=""font-size:12pt""><span><span><strong>Boxed warning</strong></span></span></span></p><ul><li><span style=""font-size:12pt""><span><span><span>Serious infections leading to hospitalization or death, incl. TB , bacterial sepsis, invasive fungal infections and infections due to other opportunistic pathogens.</span></span></span></span></li><li><span style=""font-size:12pt""><span><span><span>Lymphoma and other malignancies, some fatal, have been reported in children and adolescent patients treated with TNF blockers</span></span></span></span></li></ul><p><span style=""font-size:12pt""><span><span><strong>Other Warnings:</strong></span></span></span></p><ul><li><span style=""font-size:12pt""><span><span><span>Lab parameters should be monitored (warnings for neutropenia, thrombocytopenia, liver enzymes, lipids).</span></span></span></span></li><li><span style=""font-size:12pt""><span><span><span>Demyelinating disease, rare cases of exacerbation or new onset has been associated with TNF biologics</span></span></span></span></li></ul>",Slightly Better,,,"DUVA: Duvakitug  TL1A, Phase 2","<p style=""text-align:left"" class=""O0""><strong>DUVA:</strong></p><ul><li style=""text-align:left"" class=""O0"">No black box warning</li><li style=""text-align:left"" class=""O0"">Mild side effects</li></ul>",Equivalent,,,,,,,,Publish,2025-11-03 10:30:00.000,2025-11-03 10:31:00.000
1558,SAR448632,SAR448632_IND001,Comments,Comments,,,,"VEGA: JNJ’804 SC TNF+IL-23, Phase 2a Vega Study",,,,,"DUVA: Duvakitug  TL1A, Phase 2",,,,,,,,,,Publish,2025-11-03 10:30:00.000,2025-11-03 10:31:00.000
1559,SAR448681,SAR448681_IND001,Comments,Comments,,,,"JNJ’804 SC TNF+IL-23, Phase 2a Vega Study",,,,,"Duvakitug  TL1A, Phase 2",,,,,,,,,,Publish,2025-11-03 10:33:00.000,2025-11-03 10:34:00.000
1560,SAR448681,SAR448681_IND001,Expected Indication,Indication,"<p style=""text-align:left"">Adults with moderately to severely active ulcerative colitis.<br /></p>",,,"VEGA: JNJ’804 SC TNF+IL-23, Phase 2a Vega Study",<p><strong>VEGA:</strong><br />Moderately to severely active ulcerative colitis in adults</p><p> </p>,Equivalent,,,"DUVA: Duvakitug  TL1A, Phase 2","<p><strong>DUVA</strong>:<br />Adults with moderately to severely active ulcerative colitis.<span><span><span><span><span><span style=""font-size:7.0pt""><span><span><span style=""color:black""><span><span><span><span><span> </span></span></span></span></span></span></span></span></span></span></span></span></span></span></p>",Equivalent,,,,,,,,Publish,2025-11-03 10:39:00.000,2025-11-03 10:40:00.000
1561,SAR448681,SAR448681_IND001,"Dosing, administration & device",Route of administration,<p>SC</p>,,,"VEGA: JNJ’804 SC TNF+IL-23, Phase 2a Vega Study",<p><strong>VEGA:</strong><br />SC</p>,Slightly Better,,,"DUVA: Duvakitug  TL1A, Phase 2",<p><strong>DUVA:</strong><br />SC</p>,Better,,,,,,,,Publish,2025-11-03 10:39:00.000,2025-11-03 10:40:00.000
1562,SAR448681,SAR448681_IND001,"Dosing, administration & device",Dosage,<p>Induction: Q2W or Q4W<br />Maintenance: Q2W or Q4W</p>,,,"VEGA: JNJ’804 SC TNF+IL-23, Phase 2a Vega Study","<p><strong>VEGA:</strong><br />subcutaneous golimumab 200 mg at week 0, subcutaneous golimumab 100 mg at weeks 2, 6, and 10,</p><p>intravenous guselkumab 200 mg at weeks 0, 4, and 8, followed by subcutaneous guselkumab monotherapy 100 mg every 8 weeks for 32 weeks</p><p style=""text-align:left"">(Induction for 12 weeks<br />Maintenance for 38 weeks)</p>",Slightly Better,,,"DUVA: Duvakitug  TL1A, Phase 2",<p><strong>DUVA:</strong><br />Induction: Q2W for 12wk<br />Maintenance: Q4W</p>,Better,,,,,,,,Publish,2025-11-03 10:39:00.000,2025-11-03 10:40:00.000
1563,SAR448681,SAR448681_IND001,"Dosing, administration & device",Patient Population/schedule,"<p style=""text-align:left"">Patient Population: 50% bio-naïve / 50% bio-exp</p>",,,"VEGA: JNJ’804 SC TNF+IL-23, Phase 2a Vega Study","<p style=""text-align:left""><strong>VEGA:</strong><br />Bio-naïve patients only; Treat through design</p>",Slightly Better,,,"DUVA: Duvakitug  TL1A, Phase 2","<p style=""text-align:left""><strong>DUVA:</strong><br />Re-randomization induction responders to maintenance</p>",Better,,,,,,,,Publish,2025-11-03 10:39:00.000,2025-11-03 10:40:00.000
1564,SAR448681,SAR448681_IND001,"Dosing, administration & device",Primary Packaging (Device),<p>Auto Injector</p>,,,"VEGA: JNJ’804 SC TNF+IL-23, Phase 2a Vega Study",<p><strong>VEGA:</strong><br />Auto Injector</p>,Slightly Better,,,"DUVA: Duvakitug  TL1A, Phase 2",<p><strong>DUVA:</strong><br />Auto Injector</p>,Better,,,,,,,,Publish,2025-11-03 10:39:00.000,2025-11-03 10:40:00.000
1565,SAR448681,SAR448681_IND001,Efficacy,Endpoint / Claim 1,<p><strong>Induction at Week 12:</strong></p><div>• Clinical Remission<sup>1</sup>: 45% vs 8% PBO (Δ35-40%)</div><div>• Endoscopic Improvement: 60% vs 12% PBO (Δ48%)</div><div>• Clinical Response: 80% vs 25% PBO (Δ55%)</div>,,,"VEGA: JNJ’804 SC TNF+IL-23, Phase 2a Vega Study","<p><strong>VEGA:</strong></p><p><u>Induction at week 12:</u></p><table><colgroup><col /><col /><col /></colgroup><tbody><tr><td class=""oa1""><p style=""text-align:left""> </p></td><td><p>Clinical remission<br />(modified Mayo)</p></td><td><p>Endoscopic improvement</p></td></tr><tr><td><p>GUS+GOL</p></td><td><p>47%</p></td><td><p>49%</p></td></tr><tr><td><p>GUS</p></td><td><p>24%</p></td><td><p>30%</p></td></tr><tr><td><p>GOL</p></td><td><p>25%</p></td><td><p>25%</p></td></tr></tbody></table>",Slightly Better,,,"DUVA: Duvakitug  TL1A, Phase 2","<p style=""text-align:left""><strong>DUVA:</strong><br /><u>Week 14:</u></p><div>• Clinical Remission<sup>1</sup>: 47% vs 20% PBO (<strong>Δ25- 35%</strong>)</div><div>• Endoscopic Improvement: 52% vs 12% PBO (<strong>Δ40%</strong>)</div>",Better,,,,,,,,Publish,2025-11-03 10:39:00.000,2025-11-03 10:40:00.000
1566,SAR448681,SAR448681_IND001,Efficacy,Endpoint / Claim 2,"<p style=""text-align:left""><strong>Maintenance at Week 52:</strong></p><div>• Clinical Remission<sup>1</sup>: 48% vs 8% PBO (Δ40%)</div><div>• Endoscopic Improvement: 62% vs 12% PBO (Δ50%)</div><div> </div><div><sup>1</sup>Modified mayo score</div><div> </div><div>HEMI (hist/endo improvement)<br />Improvement in PRO measures<br />Corticosteroid sparing</div>",,,"VEGA: JNJ’804 SC TNF+IL-23, Phase 2a Vega Study","<p><strong>VEGA:</strong></p><p><u>Maintenance at week 38:</u></p><table><colgroup><col /><col /><col /></colgroup><tbody><tr><td class=""oa1""><p style=""text-align:left""> </p></td><td><p>Clinical remission<br />(modified Mayo)</p></td><td><p>Endoscopic improvement</p></td></tr><tr><td><p>GUS+GOL -&gt;&nbsp;GUS</p></td><td><p>48%</p></td><td><p>49%</p></td></tr><tr><td><p>GUS -&gt;&nbsp;GUS</p></td><td><p>31%</p></td><td><p>32%</p></td></tr><tr><td><p>GOL -&gt;&nbsp;GOL</p></td><td><p>21%</p></td><td class=""oa1""><p style=""text-align:left"">22%</p></td></tr></tbody></table>",Slightly Better,,,"DUVA: Duvakitug  TL1A, Phase 2","<p style=""text-align:left""><strong>DUVA:</strong></p><p style=""text-align:left""><u>Maintenance at Week 52:</u></p><div>• Clinical Remission<sup>1</sup>: 48% vs 8% PBO (<strong>Δ40%</strong>)</div><div>• Endoscopic Improvement: 57% vs 12% PBO (<strong>Δ45%)</strong></div><p> </p><div><sup>1</sup>Modified mayo score</div><div><sup>2</sup>High PBO Rate expected to decrease in future Ph3</div>",Better,,,,,,,,Publish,2025-11-03 10:39:00.000,2025-11-03 10:40:00.000
1567,SAR448681,SAR448681_IND001,Safety & Warnings,Basic Safety profile,"<p style=""text-align:left"">No black box warning</p><p>Mild Side effects</p><p>Warnings for infection risk</p>",,,"VEGA: JNJ’804 SC TNF+IL-23, Phase 2a Vega Study","<p style=""text-align:left""><strong>VEGA:</strong></p><p style=""text-align:left""><u>Boxed warning:</u></p><div>• Serious infections leading to hospitalization or death, incl. TB , bacterial sepsis, invasive fungal infections and infections due to other opportunistic pathogens.</div><div>• Lymphoma and other malignancies, some fatal, have been reported in children and adolescent patients treated with TNF blockers</div><p><strong>Other Warnings:</strong></p><div>• Lab parameters should be monitored (warnings for neutropenia, thrombocytopenia, liver enzymes, lipids).</div><div>• Demyelinating disease, rare cases of exacerbation or new onset has been associated with TNF biologics</div>",Equivalent,,,"DUVA: Duvakitug  TL1A, Phase 2","<p class=""O0""><strong>DUVA:</strong></p><ul><li class=""O0"">No black box warning</li><li class=""O0"">Mild side effects</li></ul>",Slightly Better,,,,,,,,Publish,2025-11-03 10:39:00.000,2025-11-03 10:40:00.000
1568,SAR448681,SAR448681_IND001,Comments,Comments,,,,"VEGA: JNJ’804 SC TNF+IL-23, Phase 2a Vega Study",,,,,"DUVA: Duvakitug  TL1A, Phase 2",,,,,,,,,,Publish,2025-11-03 10:39:00.000,2025-11-03 10:40:00.000
1569,LC81286,LC81286_IND001,Expected Indication,Indication,"<p style=""text-align:left""><span style=""font-size:14px""><span style=""color:black"">Adults with moderately to severely active ulcerative colitis</span></span></p>",,,JNJ’804,"<p style=""text-align:left""><span style=""font-size:14px""><span style=""color:black"">Moderately to severely active ulcerative colitis in adults</span></span></p>",Equivalent,,,Duvakitug,"<p style=""text-align:left""><span style=""font-size:14px""><span style=""color:black"">Adults with moderately to severely active ulcerative colitis</span></span></p>",Equivalent,,,,,,,,Publish,2025-11-03 13:12:00.000,2025-11-03 13:12:00.000
1570,LC81286,LC81286_IND001,"Dosing, administration & device",Route of administration,"<p style=""text-align:left""><span style=""font-size:14px""><span style=""color:black"">s.c.&nbsp;</span></span></p>",,,JNJ’804,"<p><span style=""font-size:14px"">Combined s.c. of guselkumab (GUS) and golimumab (GOL)</span></p>",Slightly Better,,,Duvakitug,"<p><span style=""font-size:14px"">s.c.&nbsp;</span></p>",Equivalent,,,,,,,,Publish,2025-11-03 13:12:00.000,2025-11-03 13:12:00.000
1571,LC81286,LC81286_IND001,"Dosing, administration & device",Dosage,,,,JNJ’804,,Slightly Better,,,Duvakitug,,Equivalent,,,,,,,,Publish,2025-11-03 13:12:00.000,2025-11-03 13:12:00.000
1572,LC81286,LC81286_IND001,"Dosing, administration & device",Patient Population/schedule,"<p><span style=""font-size:14px"">Induction: Q2W or Q4W<br />Maintenance: Q2W or Q4W</span></p>",,,JNJ’804,,Slightly Better,,,Duvakitug,"<p><span style=""font-size:14px"">Induction: Q2W for 12wk<br />Maintenance: Q4W</span></p>",Equivalent,,,,,,,,Publish,2025-11-03 13:12:00.000,2025-11-03 13:12:00.000
1573,LC81286,LC81286_IND001,"Dosing, administration & device",Primary Packaging (Device),"<p><span style=""font-size:14px""><span style=""color:black"">Auto-injector</span></span></p>",,,JNJ’804,"<p><span style=""font-size:14px""><span style=""color:black"">Auto-injector</span></span></p>",Slightly Better,,,Duvakitug,"<p><span style=""font-size:14px"">Auto-injector</span></p>",Equivalent,,,,,,,,Publish,2025-11-03 13:12:00.000,2025-11-03 13:13:00.000
1574,LC81286,LC81286_IND001,Efficacy,Endpoint / Claim 1,"<p style=""text-align:left""><span style=""font-size:14px""><span style=""color:black"">Patient Population: 50% bio-naïve / 50% bio-exp</span></span></p><p style=""text-align:left""><strong style=""color:black; font-size:14px"">Induction at Week 12:</strong><br /><span style=""font-size:14px"">•&nbsp;<span style=""color:black"">Clinical Remission (Modified mayo score): 45% vs 8% PBO (<strong>Δ35-40%</strong>)</span><br />•&nbsp;<span style=""color:black"">Endoscopic Improvement: 60% vs 12% PBO (<strong>Δ48%</strong>)</span><br />•&nbsp;<span style=""color:black"">Clinical Response: 80% vs 25% PBO (<strong>Δ55%</strong>)</span></span></p><p style=""text-align:left""><strong style=""color:black; font-size:14px"">Maintenance at Week 52:</strong><br /><span style=""font-size:14px"">•&nbsp;<span style=""color:black"">Clinical Remission (Modified mayo score): 48% vs 8% PBO (<strong>Δ40%</strong>)</span><br />•&nbsp;<span style=""color:black"">Endoscopic Improvement: 62% vs 12% PBO (<strong>Δ50%</strong>)</span></span></p><p style=""text-align:left""><span style=""font-size:14px""><span style=""color:black"">HEMI (hist/endo improvement)</span></span><br /><span style=""font-size:14px""><span style=""color:black"">Improvement in PRO measures</span></span><br /><span style=""font-size:14px""><span style=""color:black"">Corticosteroid sparing</span></span></p>",,,JNJ’804,"<p style=""text-align:left""><span style=""font-size:14px""><span style=""color:black""><strong>Study Design:</strong><br />Bio-naïve patients only; Treat through design</span></span></p><p style=""text-align:left""><span style=""font-size:14px""><span style=""color:black""><strong>Induction at week 12</strong></span><br />•&nbsp;<span style=""color:black"">Clinical remission&nbsp;</span><span style=""color:black"">(modified Mayo): 47%&nbsp;</span><br />•&nbsp;<span style=""color:black"">Endoscopic improvement: 49%</span></span></p><p style=""text-align:left""><span style=""font-size:14px""><strong>Maintenance at Week 52</strong><br />•&nbsp;<span style=""color:black"">Clinical remission&nbsp;</span><span style=""color:black"">(modified Mayo): 48%&nbsp;</span><br />•&nbsp;<span style=""color:black"">Endoscopic improvement: 49%</span></span></p>",Slightly Better,,,Duvakitug,"<p style=""text-align:left""><span style=""font-size:14px""><span style=""color:black"">Re-randomization induction responders to maintenance</span></span></p><p style=""text-align:left""><strong style=""color:black; font-size:14px"">Week 14:</strong><br /><span style=""font-size:14px"">•&nbsp;<span style=""color:black"">Clinical Remission (Modified mayo score): 47% vs 20% PBO (<strong>Δ25- 35%</strong>)</span><br />•&nbsp;<span style=""color:black"">Endoscopic Improvement: 52% vs 12% PBO (<strong>Δ40%</strong>)</span></span></p><p style=""text-align:left""><strong style=""color:black; font-size:14px"">Maintenance at Week 52:</strong><br /><span style=""font-size:14px"">•&nbsp;<span style=""color:black"">Clinical Remission (Modified mayo score): 48% vs 8% PBO (<strong>Δ40%</strong>)</span><br />•&nbsp;<span style=""color:black"">Endoscopic Improvement: 57% vs 12% PBO (<strong>Δ45%</strong>)</span></span></p>",Slightly Better,,,,,,,,Publish,2025-11-03 13:12:00.000,2025-11-03 13:13:00.000
1575,LC81286,LC81286_IND001,Efficacy,Endpoint / Claim 2,,,,JNJ’804,,,,,Duvakitug,,,,,,,,,,Publish,2025-11-03 13:12:00.000,2025-11-03 13:13:00.000
1576,LC81286,LC81286_IND001,Safety & Warnings,Basic Safety profile,"<p style=""text-align:left""><span style=""font-size:14px""><span style=""color:black""><strong>No black box warning </strong></span></span></p><p style=""text-align:left""><strong style=""color:black; font-size:14px"">Other Warnings:</strong><br /><span style=""font-size:14px"">•&nbsp;<span style=""color:black"">Warnings for infection risk</span><br />•&nbsp;​​​​​<span style=""color:black"">Lab parameters should be monitored (RBC, thrombocytopenia - potential risk for blood effects at very high doses) - <em>Expected to be de-risked (TBC) in development</em></span></span></p>",,,JNJ’804,"<p style=""text-align:left""><span style=""font-size:14px""><span style=""color:black""><strong>Boxed warning</strong></span><br />•&nbsp;<span style=""color:black"">Serious infections leading to hospitalization or death, incl. TB, bacterial sepsis, invasive fungal infections and infections due to other opportunistic pathogens.</span><br />•&nbsp;<span style=""color:black"">Lymphoma and other malignancies, some fatal, have been reported in children and adolescent patients treated with TNF blockers</span></span></p><p style=""text-align:left""><span style=""font-size:14px""><span style=""color:black""><strong>Other Warnings:</strong></span><br />•&nbsp;<span style=""color:black"">Lab parameters should be monitored (warnings for neutropenia, thrombocytopenia, liver enzymes, lipids).</span><br />•&nbsp;<span style=""color:black"">Demyelinating disease, rare cases of exacerbation or new onset has been associated with TNF biologics</span></span></p>",Slightly Better,,,Duvakitug,"<p style=""margin-left:18px; text-align:left"" class=""O0""><span style=""font-size:14px"">•&nbsp;<span style=""color:black"">No black box warning </span><br />•&nbsp;<span style=""color:black"">Mild side effects</span></span></p>",Equivalent,,,,,,,,Publish,2025-11-03 13:12:00.000,2025-11-03 13:13:00.000
1577,LC81286,LC81286_IND001,Comments,Comments,,,,JNJ’804,,,,,Duvakitug,,,,,,,,,,Publish,2025-11-03 13:12:00.000,2025-11-03 13:13:00.000
1578,LC81317,LC81317_IND001,Comments,Comments,,,,Lecanemab,,,,,Donanemab,,,,,,,,,,Draft,2025-11-03 15:35:00.000,2025-11-03 15:35:00.000
1579,LC81277,LC81277_IND001,Comments,Comments,,,,atezolizumab + bevacizumab,,,,,Durvalumab + tremelimumab  ,,,,,,,,,,Publish,2025-11-04 14:35:00.000,2026-01-12 13:58:00.000
1580,SP0256,SP0256_IND001,Comments,Comments,,,,GSK,,,,,Pfizer,,,,,Moderna,,,,,Publish,2025-11-07 15:32:00.000,2026-02-24 21:03:00.000
1581,LC81418,LC81418_IND001,Comments,Comments,,,,Delpacibart braxlosiran (AOC-1020; Avidity Biosciences),,,,,,,,,,,,,,,Draft,2025-11-11 15:19:00.000,2025-12-01 22:02:00.000
1582,SP0287,SP0287_IND001,Comments,Comments,,,,All mRNA combo,,,,,,,,,,,,,,,Publish,2025-12-04 16:28:00.000,2025-12-04 16:28:00.000
1583,SAR443122,SAR443122_IND002,Comments,Comments,,,,Humira,,,,,Rinvoq,,,,,,,,,,Draft,2025-12-09 14:20:00.000,2025-12-12 14:50:00.000
1584,SP0280,SP0280_IND001,Expected Indication,Indication,<p>- Prevention of infectious mononucleosis due to EBV. LCM: Risk-reduction of developing multiple sclerosis</p>,"<ul><li><p lang=""EN-US"">Prevention of infectious mononucleosis due to EBV​</p></li><li><p lang=""EN-US"">Risk-reduction of Multiple Sclerosis at time of licensure through indirect evidence*</p></li></ul>",<p>Prevention of infectious mononucleosis due to EBV</p>,Moderna mRNA-1189,<p>Same indication</p>,Equivalent,,Equivalent,,,,,,,,,,,Publish,2025-12-09 20:20:00.000,2025-12-09 20:31:00.000
1585,SP0280,SP0280_IND001,"Dosing, administration & device",Route of administration,Intramuscular (IM),Intramuscular​,<p>Intramuscular</p>,Moderna mRNA-1189,<p>Intramuscular</p>,Equivalent,Equivalent,Equivalent,,,,,,,,,,,Publish,2025-12-09 20:20:00.000,2025-12-09 20:31:00.000
1586,SP0280,SP0280_IND001,"Dosing, administration & device",Dosage,"<p lang=""EN-US"">2 (or 3)-dose schedule: 0, 2 or 0, 6m (or 0, 2, 6m)​</p><p lang=""EN-US"">LCM: Booster once after 5 years</p>","<p lang=""EN-US"">2-dose schedule: 0, 2/6m​</p><p lang=""EN-US"">No booster</p>","<p lang=""EN-US"">3-dose schedule: 0, 2, 6m​</p><p lang=""EN-US"">Booster once after 5 years</p>",Moderna mRNA-1189,"<p lang=""EN-US"">2 or 3-dose schedule​</p><p lang=""EN-US"">Same</p>",Equivalent,Equivalent,Equivalent,,,,,,,,,,,Publish,2025-12-09 20:20:00.000,2025-12-09 20:31:00.000
1587,SP0280,SP0280_IND001,"Dosing, administration & device",Patient Population/schedule,"  9+​ , boys and girls​, EBV S- and EBV S+","<p lang=""EN-US"">9+ (gender neutral)​</p><p lang=""EN-US"">2-dose: 0, 2/6m</p>","<p lang=""EN-US"">12+ (gender neutral)​</p><p lang=""EN-US"">3-dose: 0, 2, 6m</p>",Moderna mRNA-1189,,Equivalent,Equivalent,Equivalent,,,,,,,,,,,Publish,2025-12-09 20:20:00.000,2025-12-09 20:31:00.000
1588,SP0280,SP0280_IND001,"Dosing, administration & device",Primary Packaging (Device),"<p lang=""EN-US"">Injectable solution vaccine​, Prefilled syringe</p>","<p>Ready-to-use prefilled syringe, 1 needle</p>",<p>Same as base</p>,Moderna mRNA-1189,,Equivalent,Equivalent,Equivalent,,,,,,,,,,,Publish,2025-12-09 20:21:00.000,2025-12-09 20:31:00.000
1589,SP0280,SP0280_IND001,Efficacy,Endpoint / Claim 1,"<p lang=""EN-US""><u>Endpoint in S-:</u></p><ul><li><p lang=""EN-US"">85% efficacy at preventing IM​</p></li><li><p lang=""EN-US"">Duration of protection: 5 years (1 year at time of licensure)​</p></li><li><p lang=""EN-GB"">Reduction in EBV reactivation and viral shedding episodes*</p></li></ul>","<p><u>Endpoint in S-:&nbsp;</u></p><ul><li><p lang=""EN-US"">90% efficacy at preventing IM​</p></li><li><p lang=""EN-US"">Duration of protection: 10 years (1 year at time of licensure)​</p></li><li><p lang=""EN-US"">Reduction in EBV reactivation and viral shedding episodes**​</p></li><li><p lang=""EN-US"">Prevention of infection [Upside+]</p></li></ul>","<p><u>Endpoint in S-:&nbsp;</u></p><ul><li><p lang=""EN-US"">80% efficacy at preventing IM​</p></li><li><p lang=""EN-US"">Duration of protection: 5 years (1 year at time of licensure)</p></li></ul>",Moderna mRNA-1189,"<p><u>Endpoint in S-:</u></p><ul><li>:Similar efficacy level on IM</li><li><p lang=""EN-GB"">Similar data on duration of protection at time of launch</p></li></ul>",Equivalent,Equivalent,Equivalent,,,,,,,,,,,Publish,2025-12-09 20:21:00.000,2025-12-09 20:31:00.000
1590,SP0280,SP0280_IND001,Efficacy,Endpoint / Claim 2,"<p><u>Endpoint in S+:</u></p><ul><li><p lang=""EN-US"">Boosting of immune response* ​</p></li><li><p lang=""EN-GB"">Reduction in EBV reactivation and viral shedding episodes*</p></li></ul><p lang=""EN-GB""><u>Endpoint on MS:</u></p><ul><li lang=""EN-GB"">Endpoints/ early biomarkers for MS or indirect evidence on the reduction of the risk of developing MS*​<strong> [subject to critical evaluation and development]</strong></li></ul>","<p><u>Endpoint in S+:</u></p><ul><li><p lang=""EN-US"">Boosting of immune response**​</p></li><li><p lang=""EN-GB"">Reduction in EBV reactivation and viral shedding episodes</p></li></ul><p lang=""EN-GB""><u>Endpoint on MS:</u></p><ul><li><p lang=""EN-US"">Efficacy on validated surrogate endpoint</p></li><li><p lang=""EN-US"">Demonstration of risk-reduction of MS based on effectiveness (LCM)</p></li></ul>",<p><u>Endpoint in S+:</u></p><p>Only safety demonstration</p><p> </p>,Moderna mRNA-1189,"<p><u>Endpoint in S+:&nbsp;</u></p><ul><li><p lang=""EN-US"">Similar boosting of immune response​</p></li><li><p lang=""EN-US"">Absence of T-cell Ags may be suboptimal vs. Sanofi</p></li></ul><p lang=""EN-US""><u>Endpoint on MS</u>:</p><ul><li lang=""EN-US"">Absence of T-cell Ags may be suboptimal vs. Sanofi</li></ul>",Slightly Better,Equivalent,Equivalent,,,,,,,,,,,Publish,2025-12-09 20:21:00.000,2025-12-09 20:31:00.000
1591,SP0280,SP0280_IND001,Safety & Warnings,Basic Safety profile,"<ul><li><p lang=""EN-US"">No increased risk of severe IM and EBV long-term associated diseases (post-licensure commitment)​</p></li><li><p lang=""EN-US"">Similar tolerability (generally mild and transient local and systemic reactions) and safety to licensed vaccines in this age group</p></li></ul>","<ul><li><p lang=""EN-US"">No increased risk of severe IM and EBV long-term associated diseases (post-licensure commitment)​</p></li><li><p lang=""EN-US"">Lower reactogenicity compared SoC</p></li></ul>","<ul><li><p lang=""EN-US"">No increased risk of severe IM and EBV long-term associated diseases (post-licensure commitment)​</p></li><li><p lang=""EN-US"">Similar tolerability (generally mild and transient local and systemic reactions) and safety to mRNA vaccines in this age group</p></li></ul>",Moderna mRNA-1189,<p>Same</p>,Equivalent,Better,Equivalent,,,,,,,,,,,Publish,2025-12-09 20:21:00.000,2025-12-09 20:32:00.000
1592,SP0280,SP0280_IND001,Comments,Comments,,,,Moderna mRNA-1189,,,,,,,,,,,,,,,Publish,2025-12-09 20:21:00.000,2025-12-09 20:32:00.000
1593,SP0276,SP0276_IND001,Comments,Comments,,,,,,,,,,,,,,,,,,,Publish,2025-12-09 21:04:00.000,2025-12-09 21:14:00.000
1594,SP0202,SP0202_IND003,Comments,Comments,,,,Prevnar20,,,,,Vaxneuvance,,,,,,,,,,Publish,2025-12-11 14:46:00.000,2025-12-11 14:49:00.000
160582,SAR448272,SAR448272_IND001,"Dosing, administration & device",Dosage,<p>TBC</p>,,,Dupixent ,"<div style=""margin-left:18px; text-align:left""><span><span><span><span><span style=""font-size:8.0pt""><span>Rinvoq :•</span></span><span style=""font-size:8.0pt""><span><span><span style=""color:black""><span><span><strong><span><span>QD oral</span></span></strong></span></span></span></span></span></span><span style=""font-size:8.0pt""><span><span><span style=""color:black""><span><span><span><span><span>: Initiate treatment with 15 mg once daily. If an adequate response is not achieved, consider increasing the dosage to 30 mg orally once daily.</span></span></span></span></span></span></span></span></span></span></span></span></span></div>",Better,,,Rinvoq,,Equivalent,,,,,,,,Draft,,2025-12-16 08:22:00.000
177989,SAR448272,SAR448272_IND001,"Dosing, administration & device",Route of administration,<p>QD oral dose&nbsp; (1 pill per dose)&nbsp;</p>,,,Dupixent ,"<div style=""margin-left:18px; text-align:left"" class=""O0""><span><span><span><span><span><span style=""font-size:8.0pt""><span>Dupixent •</span></span><span style=""font-size:8.0pt""><span><span><span style=""color:black""><span><span><strong><span><span>Q2W SC</span></span></strong></span></span></span></span></span></span><span style=""font-size:8.0pt""><span><span><span style=""color:black""><span><span><span><span><span>: </span></span></span></span></span></span></span></span></span><span style=""font-size:8.0pt""><span><span><span style=""color:black""><span><span><span><span><span>Initial dose of 600 mg (2 injections), followed by 300 mg given every other week (pediatric dosing for patients &lt;30 kg is Q4W)</span></span></span></span></span></span></span></span></span></span></span></span></span></span></div>",Better,,,Rinvoq,,Equivalent,,,,,,,,Draft,,2025-12-16 08:22:00.000
328317,SAR448272,SAR448272_IND001,Safety & Warnings,Basic Safety profile,"<p style=""text-align:left""><span><span><span><span><span><span><span style=""font-size:8.0pt""><span><span style=""color:black""><span><strong>No box warning</strong></span></span></span></span></span></span></span></span></span></span></p><div style=""margin-left:18px; text-align:left"" class=""O0""><span><span><span><span><span><span style=""font-size:8.0pt""><span>•</span></span><span style=""font-size:8.0pt""><span><span><span style=""color:black""><span><span><span><span><span>Well-tolerated with no increase in infections</span></span></span></span></span></span></span></span></span></span></span></span></span></span></div>",,,Dupixent ,"<p style=""text-align:left""><span><span><span><span><span><span style=""font-size:8.0pt""><span><span style=""color:black""><span><strong>No box warning</strong></span></span></span></span></span></span></span></span></span></p><div style=""margin-left:18px; text-align:left"" class=""O0""><span><span><span><span><span><span style=""font-size:8.0pt""><span>Dupxi:</span></span></span></span></span></span></span></div><div style=""margin-left:18px; text-align:left"" class=""O0""><span><span><span><span><span><span style=""font-size:8.0pt""><span>•</span></span><span style=""font-size:8.0pt""><span><span><span style=""color:black""><span><span><span><span><span>Moderate injection site reactions</span></span></span></span></span></span></span></span></span></span></span></span></span></span></div><div style=""margin-left:18px; text-align:left"" class=""O0""><span><span><span><span><span><span style=""font-size:8.0pt""><span>•</span></span><span style=""font-size:8.0pt""><span><span><span style=""color:black""><span><span><span><span><span>Conjunctivitis</span></span></span></span></span></span></span></span></span></span></span></span></span></span></div><div style=""margin-left:18px; text-align:left"" class=""O0""><span><span><span><span><span><span style=""font-size:8.0pt""><span>•</span></span><span style=""font-size:8.0pt""><span><span><span style=""color:black""><span><span><span><span><span>Keratitis</span></span></span></span></span></span></span></span></span></span></span></span></span></span></div><div style=""margin-left:18px; text-align:left"" class=""O0""><span><span><span><span><span><span style=""font-size:8.0pt""><span>•</span></span><span style=""font-size:8.0pt""><span><span><span style=""color:black""><span><span><span><span><span>Dry eye</span></span></span></span></span></span></span></span></span></span></span></span></span></span></div>",Equivalent,,,Rinvoq,,Better,,,,,,,,Draft,,2025-12-16 08:22:00.000
492926,SAR448272,SAR448272_IND001,Comments,Comments,,,,Dupixent ,,,,,Rinvoq,,,,,,,,,,Draft,,2025-12-16 08:22:00.000
565046,SAR448272,SAR448272_IND001,"Dosing, administration & device",Patient Population/schedule,,,,Dupixent ,,Better,,,Rinvoq,,Equivalent,,,,,,,,Draft,,2025-12-16 08:22:00.000
794119,SAR448272,SAR448272_IND001,Efficacy,Endpoint / Claim 2,"<div style=""margin-left:18px; text-align:left""><span><span><span><span><span><span><span style=""font-size:8.0pt""><span style=""font-size:100%""><span style=""color:#444492""><span>•</span></span></span></span><span style=""font-size:8.0pt""><span><span><span style=""color:black""><span><span><span><span><span>EASI-90: </span></span></span></span></span></span></span></span></span><span style=""font-size:8.0pt""><span><span><span style=""color:black""><span><span><span><span><span>Δ</span></span></span></span></span></span></span></span></span><span style=""font-size:8.0pt""><span><span><span style=""color:black""><span><span><span><span><span>25% vs. PBO</span></span></span></span></span></span></span></span></span></span></span></span></span></span></span></div><div style=""margin-left:18px; text-align:left""><span><span><span><span><span><span><span style=""font-size:8.0pt""><span style=""font-size:100%""><span style=""color:#444492""><span>•</span></span></span></span><span style=""font-size:8.0pt""><span><span><span style=""color:black""><span><span><span><span><span>EASI-100: </span></span></span></span></span></span></span></span></span><span style=""font-size:8.0pt""><span><span><span style=""color:black""><span><span><span><span><span>Δ</span></span></span></span></span></span></span></span></span><span style=""font-size:8.0pt""><span><span><span style=""color:black""><span><span><span><span><span>10% vs. PBO </span></span></span></span></span></span></span></span></span></span></span></span></span></span></span></div><div style=""margin-left:18px; text-align:left""><span><span><span><span><span><span><span style=""font-size:8.0pt""><span style=""font-size:100%""><span style=""color:#444492""><span>•</span></span></span></span><span style=""font-size:8.0pt""><span><span><span style=""color:black""><span><span><span><span><span>NRS </span></span></span></span></span></span></span></span></span><span style=""font-size:8.0pt""><span><span><span style=""color:black""><span><span><span><span><span>Pruritis</span></span></span></span></span></span></span></span></span><span style=""font-size:8.0pt""><span><span><span style=""color:black""><span><span><span><span><span> (≥4 pt): </span></span></span></span></span></span></span></span></span><span style=""font-size:8.0pt""><span><span><span style=""color:black""><span><span><span><span><span>Δ</span></span></span></span></span></span></span></span></span><span style=""font-size:8.0pt""><span><span><span style=""color:black""><span><span><span><span><span>30% vs. PBO</span></span></span></span></span></span></span></span></span></span></span></span></span></span></span></div><div style=""margin-left:18px; text-align:left""><span><span><span><span><span><span><span style=""font-size:8.0pt""><span style=""font-size:100%""><span style=""color:#444492""><span>•</span></span></span></span><span style=""font-size:8.0pt""><span><span><span style=""color:black""><span><span><span><span><span>Statistically significant difference vs. PBO on NRS Pain (≥4 pt), % DLQI, ADCT</span></span></span></span></span></span></span></span></span></span></span></span></span></span></span></div>",,,Dupixent ,"<div style=""margin-left:18px; text-align:left"" class=""O0""><span><span><span><span><span><span><span style=""font-size:8.0pt""><span style=""font-size:100%""><span style=""color:#444492""><span>Dupi •</span></span></span></span><span style=""font-size:8.0pt""><span><span><span style=""color:black""><span><span><strong><span><span>EASI-75: </span></span></strong></span></span></span></span></span></span><span style=""font-size:8.0pt""><span><span><span style=""color:black""><span><span><strong><span><span>Δ</span></span></strong></span></span></span></span></span></span><span style=""font-size:8.0pt""><span><span><span style=""color:black""><span><span><strong><span><span>32-36% vs. PBO </span></span></strong></span></span></span></span></span></span><span style=""font-size:8.0pt""><span><span><span style=""color:black""><span><span><span><span><span>(monotherapy)</span></span></span></span></span></span></span></span></span></span></span></span></span></span></span></div><div style=""margin-left:18px; text-align:left"" class=""O0""><span><span><span><span><span><span><span style=""font-size:8.0pt""><span style=""font-size:100%""><span style=""color:#444492""><span>•</span></span></span></span><span style=""font-size:8.0pt""><span><span><span style=""color:black""><span><span><span><span><span>EASI-90: </span></span></span></span></span></span></span></span></span><span style=""font-size:8.0pt""><span><span><span style=""color:black""><span><span><span><span><span>Δ</span></span></span></span></span></span></span></span></span><span style=""font-size:8.0pt""><span><span><span style=""color:black""><span><span><span><span><span>23-28% vs. PBO </span></span></span></span></span></span></span></span></span></span></span></span></span></span></span></div><div style=""margin-left:18px; text-align:left"" class=""O0""><span><span><span><span><span><span><span style=""font-size:8.0pt""><span style=""font-size:100%""><span style=""color:#444492""><span>•</span></span></span></span><span style=""font-size:8.0pt""><span><span><span style=""color:black""><span><span><span><span><span>NRS </span></span></span></span></span></span></span></span></span><span style=""font-size:8.0pt""><span><span><span style=""color:black""><span><span><span><span><span>Pruritis</span></span></span></span></span></span></span></span></span><span style=""font-size:8.0pt""><span><span><span style=""color:black""><span><span><span><span><span> (≥4 pt): </span></span></span></span></span></span></span></span></span><span style=""font-size:8.0pt""><span><span><span style=""color:black""><span><span><span><span><span>Δ</span></span></span></span></span></span></span></span></span><span style=""font-size:8.0pt""><span><span><span style=""color:black""><span><span><span><span><span>26-29% vs. PBO </span></span></span></span></span></span></span></span></span></span></span></span></span></span></span></div>",Equivalent,,,Rinvoq,,Slightly Worse,,,,,,,,Draft,,2025-12-16 08:22:00.000
886906,SAR448272,SAR448272_IND001,Efficacy,Endpoint / Claim 1,"<div style=""margin-left:18px; text-align:left"" class=""O0""><span><span><span><span><span><span><span style=""font-size:8.0pt""><span style=""font-size:100%""><span style=""color:#444492""><span>•</span></span></span></span><span style=""font-size:8.0pt""><span><span><span style=""color:black""><span><span><strong><span><span>IGA (0 or 1): </span></span></strong></span></span></span></span></span></span><span style=""font-size:8.0pt""><span><span><span style=""color:black""><span><span><strong><span><span>Δ</span></span></strong></span></span></span></span></span></span><span style=""font-size:8.0pt""><span><span><span style=""color:black""><span><span><strong><span><span>25-30% vs PBO </span></span></strong></span></span></span></span></span></span><span style=""font-size:8.0pt""><span><span><span style=""color:black""><span><span><span><span><span>(monotherapy)</span></span></span></span></span></span></span></span></span><span style=""font-size:8.0pt""><span><span><span style=""color:black""><span><span><span><span><span> at Week 16</span></span></span></span></span></span></span></span></span></span></span></span></span></span></span></div><div style=""margin-left:18px; text-align:left"" class=""O0""><span><span><span><span><span><span><span style=""font-size:8.0pt""><span style=""font-size:100%""><span style=""color:#444492""><span>•</span></span></span></span><span style=""font-size:8.0pt""><span><span><span style=""color:black""><span><span><strong><span><span>EASI-75: </span></span></strong></span></span></span></span></span></span><span style=""font-size:8.0pt""><span><span><span style=""color:black""><span><span><strong><span><span>Δ</span></span></strong></span></span></span></span></span></span><span style=""font-size:8.0pt""><span><span><span style=""color:black""><span><span><strong><span><span>35% vs. PBO </span></span></strong></span></span></span></span></span></span><span style=""font-size:8.0pt""><span><span><span style=""color:black""><span><span><span><span><span>(monotherapy)</span></span></span></span></span></span></span></span></span></span></span></span></span></span></span></div>",,,Dupixent ,"<div style=""margin-left:18px; text-align:left""><span><span><span><span><span><span><span style=""font-size:8.0pt""><span style=""font-size:100%""><span style=""color:#444492""><span>Dupii •</span></span></span></span><span style=""font-size:8.0pt""><span><span><span style=""color:black""><span><span><strong><span><span>IGA (0 or 1): </span></span></strong></span></span></span></span></span></span><span style=""font-size:8.0pt""><span><span><span style=""color:black""><span><span><strong><span><span>Δ</span></span></strong></span></span></span></span></span></span><span style=""font-size:8.0pt""><span><span><span style=""color:black""><span><span><strong><span><span>27-28% vs PBO </span></span></strong></span></span></span></span></span></span><span style=""font-size:8.0pt""><span><span><span style=""color:black""><span><span><span><span><span>(monotherapy)</span></span></span></span></span></span></span></span></span><span style=""font-size:8.0pt""><span><span><span style=""color:black""><span><span><span><span><span> at Week 16</span></span></span></span></span></span></span></span></span></span></span></span></span></span></span></div><div style=""margin-left:54px; text-align:left"" class=""O1""><span><span><span><span><span><span><span style=""font-size:8.0pt""><span style=""font-size:100%""><span style=""color:#444492""><span>o</span></span></span></span><span style=""font-size:8.0pt""><span><span><span style=""color:black""><span><span><span><span><span>SOLO 1: 38% vs. 10%</span></span></span></span></span></span></span></span></span></span></span></span></span></span></span></div><div style=""margin-left:54px; text-align:left"" class=""O1""><span><span><span><span><span><span><span style=""font-size:8.0pt""><span style=""font-size:100%""><span style=""color:#444492""><span>o</span></span></span></span><span style=""font-size:8.0pt""><span><span><span style=""color:black""><span><span><span><span><span>SOLO 2: 36% vs. 9%</span></span></span></span></span></span></span></span></span></span></span></span></span></span></span></div><p><span style=""font-size:8.0pt""><span><span><span style=""color:black""><span><span><span><em><span>CHRONOS (+TCS): 39% vs. 12%</span></em></span></span></span></span></span></span></span></p>",,,,Rinvoq,,Slightly Worse,,,,,,,,Draft,,2025-12-16 08:22:00.000
975115,SAR448272,SAR448272_IND001,Expected Indication,Indication,<p>Treatment of patients 12y and older with moderate to severe atopic dermatitis whose disease is not adequately controlled with topical prescription therapies or when those therapies are not advisalbe</p>,,,Dupixent ,"<p>Dupixent:&nbsp;<span style=""font-size:8.0pt""><span><span><span style=""color:black""><span><span><span><span><span>Treatment of patients 6 months and older with moderate-to-severe atopic dermatitis whose disease is not adequately controlled with topical prescription therapies or when those therapies are not advisable</span></span></span></span></span></span></span></span></span></p><p><span style=""font-size:8.0pt""><span><span><span style=""color:black""><span><span><span><span><span>Rinvoq:&nbsp;</span></span></span></span></span></span></span></span></span><span><span><span><span><span style=""font-size:8.0pt""><span><span><span style=""color:black""><span><span><span><span><span>Treatment of adults and pediatric patients 12 years of age and older with refractory, moderate to severe atopic dermatitis whose disease is not adequately controlled with other systemic drug products, including biologics, or when use of those therapies are inadvisable</span></span></span></span></span></span></span></span></span></span></span></span></span></p>",Slightly Worse,,,Rinvoq,,Better,,,,,,,,Draft,,2025-12-16 08:22:00.000
984572,SAR448272,SAR448272_IND001,"Dosing, administration & device",Primary Packaging (Device),,,,Dupixent ,,Better,,,Rinvoq,,Equivalent,,,,,,,,Draft,,2025-12-16 08:22:00.000
1010388,LC81377,LC81377_IND001,Efficacy,Endpoint / Claim 1,"<ul><li><p lang=""EN-US"">Reduction/elimination of&nbsp;severe&nbsp;VOC for &gt;90% of patients ​</p></li><li><p lang=""EN-US"">Total Hb ≥10 g/dL without transfusion; ≥90% of patients achieve a Hb increase of ≥2g/dl,​</p></li></ul>",,,,,,,,,,,,,,,,,,Draft,2026-01-09 21:49:00.000,2026-01-09 21:49:00.000
1183509,LC81377,LC81377_IND001,Comments,Comments,,,,,,,,,,,,,,,,,,,Draft,2026-01-09 21:49:00.000,2026-01-09 21:49:00.000
1201860,LC81377,LC81377_IND001,Efficacy,Endpoint / Claim 2,"<ul><li><p lang=""EN-US"">More than 50% of patients with ≥30% of HbF of the total Hb​</p></li><li><p lang=""EN-US"">&gt;90% Hospitalization reduction ​</p></li><li><p lang=""EN-US"">Potential prevention of end organ damage​</p></li></ul>",,,,,,,,,,,,,,,,,,Draft,2026-01-09 21:49:00.000,2026-01-09 21:49:00.000
1285196,LC81377,LC81377_IND001,Safety & Warnings,Basic Safety profile,"<p lang=""EN-US"">Potential adverse events​</p><p lang=""DE-DE"">​</p><ul><li><p lang=""EN-US"">Off-target genome editing​</p></li><li><p lang=""EN-US"">Non-targeted tissue editing​</p></li><li><p lang=""EN-US"">Allergic reaction/ associated to the administration&nbsp;​</p></li><li><p lang=""EN-US"">LNP toxicity ​</p></li></ul>",,,,,,,,,,,,,,,,,,Draft,2026-01-09 21:49:00.000,2026-01-09 21:49:00.000
1366121,LC81377,LC81377_IND001,"Dosing, administration & device",Patient Population/schedule,"<ul><li><p lang=""EN-US"">125K in the US&nbsp;​</p></li><li><p lang=""EN-US"">65K in EU&nbsp;​</p></li></ul><p>patients aged 4 –50 years old​</p>",,,,,,,,,,,,,,,,,,Draft,2026-01-09 21:49:00.000,2026-01-09 21:49:00.000
1479723,LC81377,LC81377_IND001,"Dosing, administration & device",Primary Packaging (Device),,,,,,,,,,,,,,,,,,,Draft,2026-01-09 21:49:00.000,2026-01-09 21:49:00.000
1660597,LC81377,LC81377_IND001,"Dosing, administration & device",Route of administration,<p>One-time and&nbsp;single dose intravenous infusion. (Potential re-dosable if needed)​</p>,,,,,,,,,,,,,,,,,,Draft,2026-01-09 21:49:00.000,2026-01-09 21:49:00.000
1851819,LC81377,LC81377_IND001,"Dosing, administration & device",Dosage,,,,,,,,,,,,,,,,,,,Draft,2026-01-09 21:49:00.000,2026-01-09 21:49:00.000
1879116,LC81377,LC81377_IND001,Expected Indication,Indication,<p>Sickle Cell Disease</p>,,,,,,,,,,,,,,,,,,Draft,2026-01-09 21:49:00.000,2026-01-09 21:49:00.000
1916038,LC81377,LC81377_IND001,Safety & Warnings,Basic Safety profile,"<p lang=""EN-US"">Potential adverse events​</p><p lang=""DE-DE"">​</p><ul><li><p lang=""EN-US"">Off-target genome editing​</p></li><li><p lang=""EN-US"">Non-targeted tissue editing​</p></li><li><p lang=""EN-US"">Allergic reaction/ associated to the administration&nbsp;​</p></li><li><p lang=""EN-US"">LNP toxicity ​</p></li></ul>",,,,,,,,,,,,,,,,,,Publish,2026-01-09 21:50:00.000,2026-01-09 21:53:00.000
1923168,LC81377,LC81377_IND001,"Dosing, administration & device",Patient Population/schedule,"<ul><li><p lang=""EN-US"">125K in the US&nbsp;​</p></li><li><p lang=""EN-US"">65K in EU&nbsp;​</p></li></ul><p>patients aged 4 –50 years old​</p>",,,,,,,,,,,,,,,,,,Publish,2026-01-09 21:50:00.000,2026-01-09 21:53:00.000
2003771,LC81377,LC81377_IND001,Expected Indication,Indication,<p>Sickle Cell Disease</p>,,,,,,,,,,,,,,,,,,Publish,2026-01-09 21:50:00.000,2026-01-09 21:53:00.000
2029857,LC81377,LC81377_IND001,"Dosing, administration & device",Route of administration,<p>One-time and&nbsp;single dose intravenous infusion. (Potential re-dosable if needed)​</p>,,,,,,,,,,,,,,,,,,Publish,2026-01-09 21:50:00.000,2026-01-09 21:53:00.000
2050470,LC81377,LC81377_IND001,Efficacy,Endpoint / Claim 2,"<ul><li><p lang=""EN-US"">More than 50% of patients with ≥30% of HbF of the total Hb​</p></li><li><p lang=""EN-US"">&gt;90% Hospitalization reduction ​</p></li><li><p lang=""EN-US"">Potential prevention of end organ damage​</p></li></ul>",,,,,,,,,,,,,,,,,,Publish,2026-01-09 21:50:00.000,2026-01-09 21:53:00.000
2545995,LC81377,LC81377_IND001,"Dosing, administration & device",Dosage,,,,,,,,,,,,,,,,,,,Publish,2026-01-09 21:50:00.000,2026-01-09 21:53:00.000
2678839,LC81377,LC81377_IND001,"Dosing, administration & device",Primary Packaging (Device),,,,,,,,,,,,,,,,,,,Publish,2026-01-09 21:50:00.000,2026-01-09 21:53:00.000
2723307,LC81377,LC81377_IND001,Comments,Comments,<p>xxx</p>,,,,,,,,,,,,,,,,,,Publish,2026-01-09 21:50:00.000,2026-01-09 21:53:00.000
2804942,LC81377,LC81377_IND001,Efficacy,Endpoint / Claim 1,"<ul><li><p lang=""EN-US"">Reduction/elimination of&nbsp;severe&nbsp;VOC for &gt;90% of patients ​</p></li><li><p lang=""EN-US"">Total Hb ≥10 g/dL without transfusion; ≥90% of patients achieve a Hb increase of ≥2g/dl,​</p></li></ul>",,,,,,,,,,,,,,,,,,Publish,2026-01-09 21:50:00.000,2026-01-09 21:53:00.000
2811589,LC81309,LC81309_IND001,"Dosing, administration & device",Primary Packaging (Device),,,,,,,,,,,,,,,,,,,Draft,2026-01-15 17:31:00.000,2026-01-15 17:31:00.000
2817601,LC81309,LC81309_IND001,Efficacy,Endpoint / Claim 1,<p>ORR: 31% (HR: ~0.70)​<br />mPFS: 6.5 mo (HR: ~0.70)​</p>,,,,,,,,,,,,,,,,,,Draft,2026-01-15 17:31:00.000,2026-01-15 17:31:00.000
2942954,LC81309,LC81309_IND001,"Dosing, administration & device",Patient Population/schedule,,,,,,,,,,,,,,,,,,,Draft,2026-01-15 17:31:00.000,2026-01-15 17:31:00.000
3115009,LC81309,LC81309_IND001,Expected Indication,Indication,<p>For the treatment of patients with locally advanced or metastatic NSCLC who have progressed on platinum &amp; IO therapy. Patients with EGFR or ALK genomic tumor aberrations should have disease progression on approved therapy for NSCLC harboring these aberrations prior to receiving.​</p>,,,,,,,,,,,,,,,,,,Draft,2026-01-15 17:31:00.000,2026-01-15 17:31:00.000
3172609,LC81309,LC81309_IND001,Efficacy,Endpoint / Claim 2,"<p lang=""EN-US"">​&nbsp;mOS: 20.7 mo (HR: ~0.70)</p>",,,,,,,,,,,,,,,,,,Draft,2026-01-15 17:31:00.000,2026-01-15 17:31:00.000
3190821,LC81309,LC81309_IND001,Safety & Warnings,Basic Safety profile,<p>Immune-mediated AEs in line with targeted cytokine agents and NKCE / ADCC drugs. ​</p>,,,,,,,,,,,,,,,,,,Draft,2026-01-15 17:31:00.000,2026-01-15 17:31:00.000
3465035,LC81309,LC81309_IND001,"Dosing, administration & device",Route of administration,"<ul><li><p lang=""EN-US"">TBC (expected to be IV initially, with eventual SC formulation)​</p></li></ul>",,,,,,,,,,,,,,,,,,Draft,2026-01-15 17:31:00.000,2026-01-15 17:31:00.000
3469150,LC81309,LC81309_IND001,"Dosing, administration & device",Dosage,"<ul><li><p lang=""EN-US"">Single drug infusion​</p></li></ul>",,,,,,,,,,,,,,,,,,Draft,2026-01-15 17:31:00.000,2026-01-15 17:31:00.000
3573057,LC81309,LC81309_IND001,Comments,Comments,,,,,,,,,,,,,,,,,,,Draft,2026-01-15 17:31:00.000,2026-01-15 17:31:00.000
3578357,LC81309,LC81309_IND001,Efficacy,Endpoint / Claim 2,"<p lang=""EN-US"">​&nbsp;mOS: 20.7 mo (HR: ~0.70)</p>",,,,,,,,,,,,,,,,,,Draft,2026-01-15 18:16:00.000,2026-01-15 18:16:00.000
3738193,LC81309,LC81309_IND001,"Dosing, administration & device",Primary Packaging (Device),,,,,,,,,,,,,,,,,,,Draft,2026-01-15 18:16:00.000,2026-01-15 18:16:00.000
3747387,LC81309,LC81309_IND001,"Dosing, administration & device",Dosage,"<ul><li><p lang=""EN-US"">Single drug infusion​</p></li></ul>",,,,,,,,,,,,,,,,,,Draft,2026-01-15 18:16:00.000,2026-01-15 18:16:00.000
3816263,LC81309,LC81309_IND001,Efficacy,Endpoint / Claim 1,<p>ORR: 31% (HR: ~0.70)​<br />mPFS: 6.5 mo (HR: ~0.70)​</p>,,,,,,,,,,,,,,,,,,Draft,2026-01-15 18:16:00.000,2026-01-15 18:16:00.000
3841958,LC81309,LC81309_IND001,Comments,Comments,,,,,,,,,,,,,,,,,,,Draft,2026-01-15 18:16:00.000,2026-01-15 18:16:00.000
4212246,LC81309,LC81309_IND001,Expected Indication,Indication,<p>For the treatment of patients with locally advanced or metastatic NSCLC who have progressed on platinum &amp; IO therapy. Patients with EGFR or ALK genomic tumor aberrations should have disease progression on approved therapy for NSCLC harboring these aberrations prior to receiving.​</p>,,,,,,,,,,,,,,,,,,Draft,2026-01-15 18:16:00.000,2026-01-15 18:16:00.000
4252253,LC81309,LC81309_IND001,Safety & Warnings,Basic Safety profile,<p>Immune-mediated AEs in line with targeted cytokine agents and NKCE / ADCC drugs. ​</p>,,,,,,,,,,,,,,,,,,Draft,2026-01-15 18:16:00.000,2026-01-15 18:16:00.000
4568065,LC81309,LC81309_IND001,"Dosing, administration & device",Route of administration,"<ul><li><p lang=""EN-US"">TBC (expected to be IV initially, with eventual SC formulation)​</p></li></ul>",,,,,,,,,,,,,,,,,,Draft,2026-01-15 18:16:00.000,2026-01-15 18:16:00.000
4571426,LC81309,LC81309_IND001,"Dosing, administration & device",Patient Population/schedule,,,,,,,,,,,,,,,,,,,Draft,2026-01-15 18:16:00.000,2026-01-15 18:16:00.000
4753328,SP0335,SP0335_IND002,"Dosing, administration & device",Patient Population/schedule,"<div style=""margin-left:18px; text-align:left"" class=""O0""><span style=""font-size:14px"">•<span style=""color:black"">Approved for use in persons 6 months of age and older</span></span></div>",,,Adjuvanted Pandemic Influenza Vaccine ,"<p><span style=""font-size:14px""><span style=""color:black"">6 months of age and older</span></span></p>",Equivalent,,,,,,,,,,,,,Draft,2026-01-27 22:33:00.000,2026-01-27 22:33:00.000
4761649,SP0335,SP0335_IND002,Comments,Comments,,,,Adjuvanted Pandemic Influenza Vaccine ,,,,,,,,,,,,,,,Draft,2026-01-27 22:33:00.000,2026-01-27 22:33:00.000
4792440,SP0335,SP0335_IND002,"Dosing, administration & device",Route of administration,"<p><span style=""font-size:14px""><span style=""color:black"">IM injection </span></span></p>",,,Adjuvanted Pandemic Influenza Vaccine ,"<p><span style=""font-size:14px""><span style=""color:black"">IM injection </span></span></p>",Equivalent,,,,,,,,,,,,,Draft,2026-01-27 22:33:00.000,2026-01-27 22:33:00.000
4824736,SP0335,SP0335_IND002,"Dosing, administration & device",Dosage,"<p><span style=""font-size:14px""><span style=""color:black"">2 doses, 0.5mL dose, 3.75, 7.5 or 15 µg of HA with adjuvant </span></span></p>",,,Adjuvanted Pandemic Influenza Vaccine ,"<p>2 doses, 0.5mL dose</p>",Equivalent,,,,,,,,,,,,,Draft,2026-01-27 22:33:00.000,2026-01-27 22:33:00.000
4860422,SP0335,SP0335_IND002,Efficacy,Endpoint / Claim 1,"<p><span style=""font-size:14px"">-Only immunogenicity data available prior to pandemic.</span></p><p><span style=""font-size:14px"">-Minimal lower bound for seroprotection rate - titer &gt;= 1:40 (70% 18-64yrs, 60% 65+yrs)</span></p><p><span style=""font-size:14px"">-Minimal lower bound for seroconversion rate (40% 18-64yrs, 30% 65+yrs)</span></p>",,,Adjuvanted Pandemic Influenza Vaccine ,"<div style=""margin-left:18px; text-align:left"" class=""O0""><span style=""font-size:14px""><span style=""color:#444492"">•</span><span style=""color:black"">Immune response criteria (GMTs by HAI assay) as established by the FDA Guidance for licensure of pandemic influenza vaccines</span></span></div>",Equivalent,,,,,,,,,,,,,Draft,2026-01-27 22:33:00.000,2026-01-27 22:33:00.000
4955263,SP0335,SP0335_IND002,Efficacy,Endpoint / Claim 2,,,,Adjuvanted Pandemic Influenza Vaccine ,,,,,,,,,,,,,,,Draft,2026-01-27 22:33:00.000,2026-01-27 22:33:00.000
5169000,SP0335,SP0335_IND002,"Dosing, administration & device",Primary Packaging (Device),"<p><span style=""font-size:14px""><span style=""color:black"">10-dose MDV</span></span></p>",,,Adjuvanted Pandemic Influenza Vaccine ,"<div style=""margin-left:18px; text-align:left"" class=""O0""><span style=""font-size:14px""><span style=""color:#444492"">•</span><span style=""color:black"">Single dose thimerosal-free pre-filled syringe, MDV</span></span></div>",Equivalent,,,,,,,,,,,,,Draft,2026-01-27 22:33:00.000,2026-01-27 22:33:00.000
5314766,SP0335,SP0335_IND002,Safety & Warnings,Basic Safety profile,"<div style=""margin-left:18px; text-align:left"" class=""O0""><span style=""font-size:14px""><span style=""color:#444492"">•</span><span style=""color:black"">Systemic safety profile comparable to seasonal adjuvanted influenza vaccine&nbsp;​</span></span></div><div style=""margin-left:18px; text-align:left"" class=""O0""><span style=""font-size:14px""><span style=""color:#444492"">•</span><span style=""color:black"">Injection site reactions are tolerable and reversible</span></span></div><div style=""margin-left:18px; text-align:left"" class=""O0""><span style=""font-size:14px""><span style=""color:#444492"">•</span><span style=""color:black"">No co-administration data</span></span></div>",,,Adjuvanted Pandemic Influenza Vaccine ,"<div style=""margin-left:18px; text-align:left"" class=""O0""><span style=""font-size:14px""><span style=""color:#444492"">•</span><span style=""color:black"">No co-administration data</span></span></div><div style=""margin-left:18px; text-align:left"" class=""O0""><span style=""font-size:14px""><span style=""color:#444492"">•</span><span style=""color:black"">Systemic safety profile comparable to adjuvanted seasonal influenza vaccine&nbsp;​</span></span></div><div style=""margin-left:18px; text-align:left"" class=""O0""><span style=""font-size:14px""><span style=""color:#444492"">•</span><span style=""color:black"">Injection site reactions are tolerable and reversible</span></span></div>",Equivalent,,,,,,,,,,,,,Draft,2026-01-27 22:33:00.000,2026-01-27 22:33:00.000
5402826,SP0335,SP0335_IND002,Expected Indication,Indication,"<div style=""margin-left:12px; text-align:left"" class=""O0""><span style=""font-size:14px"">●<span style=""color:black"">Active immunization for the prevention of disease caused by influenza A (H5) virus subtype represented by antigens contained in the vaccine</span></span></div><div style=""margin-left:18px; text-align:left"" class=""O0""><span style=""font-size:14px"">•<span style=""color:black"">Approved for use in persons 6 months of age and older</span></span></div>",,,Adjuvanted Pandemic Influenza Vaccine ,"<div style=""margin-left:18px; text-align:left"" class=""O0""><span style=""font-size:14px""><span style=""color:#444492"">•</span><span style=""color:black"">Active immunization for the prevention of disease caused by the influenza A virus H5N1 subtype contained in the vaccine.&nbsp;</span></span></div><div style=""margin-left:18px; text-align:left"" class=""O0""><span style=""font-size:14px""><span style=""color:#444492"">•</span><span style=""color:black"">Pandemic influenza prevention in those 6 months of age and older</span></span></div>",Equivalent,,,,,,,,,,,,,Draft,2026-01-27 22:32:00.000,2026-01-27 22:32:00.000
