[2026-03-10T11:45:36.316+0000] {processor.py:161} INFO - Started process (PID=451516) to work on /home/cloud/codings/airflow/dags/3_dag_GET_Current_YML_From_Cortex.py
[2026-03-10T11:45:36.316+0000] {processor.py:830} INFO - Processing file /home/cloud/codings/airflow/dags/3_dag_GET_Current_YML_From_Cortex.py for tasks to queue
[2026-03-10T11:45:36.317+0000] {logging_mixin.py:188} INFO - [2026-03-10T11:45:36.317+0000] {dagbag.py:545} INFO - Filling up the DagBag from /home/cloud/codings/airflow/dags/3_dag_GET_Current_YML_From_Cortex.py
[2026-03-10T11:45:36.332+0000] {logging_mixin.py:188} INFO - [2026-03-10T11:45:36.331+0000] {dagbag.py:355} ERROR - Failed to import: /home/cloud/codings/airflow/dags/3_dag_GET_Current_YML_From_Cortex.py
Traceback (most recent call last):
  File "/home/cloud/codings/mvenv/lib/python3.12/site-packages/airflow/models/dagbag.py", line 351, in parse
    loader.exec_module(new_module)
  File "<frozen importlib._bootstrap_external>", line 995, in exec_module
  File "<frozen importlib._bootstrap>", line 488, in _call_with_frames_removed
  File "/home/cloud/codings/airflow/dags/3_dag_GET_Current_YML_From_Cortex.py", line 5, in <module>
    dag_config=Variable.get("snowflake_conn", deserialize_json=True)
               ^^^^^^^^^^^^^^^^^^^^^^^^^^^^^^^^^^^^^^^^^^^^^^^^^^^^^
  File "/home/cloud/codings/mvenv/lib/python3.12/site-packages/airflow/models/variable.py", line 143, in get
    raise KeyError(f"Variable {key} does not exist")
KeyError: 'Variable snowflake_conn does not exist'
[2026-03-10T11:45:36.333+0000] {processor.py:842} WARNING - No viable dags retrieved from /home/cloud/codings/airflow/dags/3_dag_GET_Current_YML_From_Cortex.py
[2026-03-10T11:45:36.351+0000] {processor.py:183} INFO - Processing /home/cloud/codings/airflow/dags/3_dag_GET_Current_YML_From_Cortex.py took 0.042 seconds
[2026-03-10T11:46:06.918+0000] {processor.py:161} INFO - Started process (PID=451711) to work on /home/cloud/codings/airflow/dags/3_dag_GET_Current_YML_From_Cortex.py
[2026-03-10T11:46:06.923+0000] {processor.py:830} INFO - Processing file /home/cloud/codings/airflow/dags/3_dag_GET_Current_YML_From_Cortex.py for tasks to queue
[2026-03-10T11:46:06.924+0000] {logging_mixin.py:188} INFO - [2026-03-10T11:46:06.923+0000] {dagbag.py:545} INFO - Filling up the DagBag from /home/cloud/codings/airflow/dags/3_dag_GET_Current_YML_From_Cortex.py
[2026-03-10T11:46:06.941+0000] {logging_mixin.py:188} INFO - [2026-03-10T11:46:06.939+0000] {dagbag.py:355} ERROR - Failed to import: /home/cloud/codings/airflow/dags/3_dag_GET_Current_YML_From_Cortex.py
Traceback (most recent call last):
  File "/home/cloud/codings/mvenv/lib/python3.12/site-packages/airflow/models/dagbag.py", line 351, in parse
    loader.exec_module(new_module)
  File "<frozen importlib._bootstrap_external>", line 995, in exec_module
  File "<frozen importlib._bootstrap>", line 488, in _call_with_frames_removed
  File "/home/cloud/codings/airflow/dags/3_dag_GET_Current_YML_From_Cortex.py", line 5, in <module>
    dag_config=Variable.get("snowflake_conn", deserialize_json=True)
               ^^^^^^^^^^^^^^^^^^^^^^^^^^^^^^^^^^^^^^^^^^^^^^^^^^^^^
  File "/home/cloud/codings/mvenv/lib/python3.12/site-packages/airflow/models/variable.py", line 143, in get
    raise KeyError(f"Variable {key} does not exist")
KeyError: 'Variable snowflake_conn does not exist'
[2026-03-10T11:46:06.941+0000] {processor.py:842} WARNING - No viable dags retrieved from /home/cloud/codings/airflow/dags/3_dag_GET_Current_YML_From_Cortex.py
[2026-03-10T11:46:06.962+0000] {processor.py:183} INFO - Processing /home/cloud/codings/airflow/dags/3_dag_GET_Current_YML_From_Cortex.py took 0.050 seconds
[2026-03-10T11:46:37.686+0000] {processor.py:161} INFO - Started process (PID=451987) to work on /home/cloud/codings/airflow/dags/3_dag_GET_Current_YML_From_Cortex.py
[2026-03-10T11:46:37.689+0000] {processor.py:830} INFO - Processing file /home/cloud/codings/airflow/dags/3_dag_GET_Current_YML_From_Cortex.py for tasks to queue
[2026-03-10T11:46:37.691+0000] {logging_mixin.py:188} INFO - [2026-03-10T11:46:37.690+0000] {dagbag.py:545} INFO - Filling up the DagBag from /home/cloud/codings/airflow/dags/3_dag_GET_Current_YML_From_Cortex.py
[2026-03-10T11:46:37.715+0000] {logging_mixin.py:188} INFO - [2026-03-10T11:46:37.713+0000] {dagbag.py:355} ERROR - Failed to import: /home/cloud/codings/airflow/dags/3_dag_GET_Current_YML_From_Cortex.py
Traceback (most recent call last):
  File "/home/cloud/codings/mvenv/lib/python3.12/site-packages/airflow/models/dagbag.py", line 351, in parse
    loader.exec_module(new_module)
  File "<frozen importlib._bootstrap_external>", line 995, in exec_module
  File "<frozen importlib._bootstrap>", line 488, in _call_with_frames_removed
  File "/home/cloud/codings/airflow/dags/3_dag_GET_Current_YML_From_Cortex.py", line 5, in <module>
    dag_config=Variable.get("snowflake_conn", deserialize_json=True)
               ^^^^^^^^^^^^^^^^^^^^^^^^^^^^^^^^^^^^^^^^^^^^^^^^^^^^^
  File "/home/cloud/codings/mvenv/lib/python3.12/site-packages/airflow/models/variable.py", line 143, in get
    raise KeyError(f"Variable {key} does not exist")
KeyError: 'Variable snowflake_conn does not exist'
[2026-03-10T11:46:37.716+0000] {processor.py:842} WARNING - No viable dags retrieved from /home/cloud/codings/airflow/dags/3_dag_GET_Current_YML_From_Cortex.py
[2026-03-10T11:46:37.747+0000] {processor.py:183} INFO - Processing /home/cloud/codings/airflow/dags/3_dag_GET_Current_YML_From_Cortex.py took 0.071 seconds
[2026-03-10T11:47:08.231+0000] {processor.py:161} INFO - Started process (PID=452213) to work on /home/cloud/codings/airflow/dags/3_dag_GET_Current_YML_From_Cortex.py
[2026-03-10T11:47:08.236+0000] {processor.py:830} INFO - Processing file /home/cloud/codings/airflow/dags/3_dag_GET_Current_YML_From_Cortex.py for tasks to queue
[2026-03-10T11:47:08.238+0000] {logging_mixin.py:188} INFO - [2026-03-10T11:47:08.237+0000] {dagbag.py:545} INFO - Filling up the DagBag from /home/cloud/codings/airflow/dags/3_dag_GET_Current_YML_From_Cortex.py
[2026-03-10T11:47:08.254+0000] {logging_mixin.py:188} INFO - [2026-03-10T11:47:08.252+0000] {dagbag.py:355} ERROR - Failed to import: /home/cloud/codings/airflow/dags/3_dag_GET_Current_YML_From_Cortex.py
Traceback (most recent call last):
  File "/home/cloud/codings/mvenv/lib/python3.12/site-packages/airflow/models/dagbag.py", line 351, in parse
    loader.exec_module(new_module)
  File "<frozen importlib._bootstrap_external>", line 995, in exec_module
  File "<frozen importlib._bootstrap>", line 488, in _call_with_frames_removed
  File "/home/cloud/codings/airflow/dags/3_dag_GET_Current_YML_From_Cortex.py", line 5, in <module>
    dag_config=Variable.get("snowflake_conn", deserialize_json=True)
               ^^^^^^^^^^^^^^^^^^^^^^^^^^^^^^^^^^^^^^^^^^^^^^^^^^^^^
  File "/home/cloud/codings/mvenv/lib/python3.12/site-packages/airflow/models/variable.py", line 143, in get
    raise KeyError(f"Variable {key} does not exist")
KeyError: 'Variable snowflake_conn does not exist'
[2026-03-10T11:47:08.254+0000] {processor.py:842} WARNING - No viable dags retrieved from /home/cloud/codings/airflow/dags/3_dag_GET_Current_YML_From_Cortex.py
[2026-03-10T11:47:08.274+0000] {processor.py:183} INFO - Processing /home/cloud/codings/airflow/dags/3_dag_GET_Current_YML_From_Cortex.py took 0.053 seconds
[2026-03-10T11:47:38.792+0000] {processor.py:161} INFO - Started process (PID=452610) to work on /home/cloud/codings/airflow/dags/3_dag_GET_Current_YML_From_Cortex.py
[2026-03-10T11:47:38.797+0000] {processor.py:830} INFO - Processing file /home/cloud/codings/airflow/dags/3_dag_GET_Current_YML_From_Cortex.py for tasks to queue
[2026-03-10T11:47:38.799+0000] {logging_mixin.py:188} INFO - [2026-03-10T11:47:38.798+0000] {dagbag.py:545} INFO - Filling up the DagBag from /home/cloud/codings/airflow/dags/3_dag_GET_Current_YML_From_Cortex.py
[2026-03-10T11:47:38.814+0000] {logging_mixin.py:188} INFO - [2026-03-10T11:47:38.812+0000] {dagbag.py:355} ERROR - Failed to import: /home/cloud/codings/airflow/dags/3_dag_GET_Current_YML_From_Cortex.py
Traceback (most recent call last):
  File "/home/cloud/codings/mvenv/lib/python3.12/site-packages/airflow/models/dagbag.py", line 351, in parse
    loader.exec_module(new_module)
  File "<frozen importlib._bootstrap_external>", line 995, in exec_module
  File "<frozen importlib._bootstrap>", line 488, in _call_with_frames_removed
  File "/home/cloud/codings/airflow/dags/3_dag_GET_Current_YML_From_Cortex.py", line 5, in <module>
    dag_config=Variable.get("snowflake_conn", deserialize_json=True)
               ^^^^^^^^^^^^^^^^^^^^^^^^^^^^^^^^^^^^^^^^^^^^^^^^^^^^^
  File "/home/cloud/codings/mvenv/lib/python3.12/site-packages/airflow/models/variable.py", line 143, in get
    raise KeyError(f"Variable {key} does not exist")
KeyError: 'Variable snowflake_conn does not exist'
[2026-03-10T11:47:38.814+0000] {processor.py:842} WARNING - No viable dags retrieved from /home/cloud/codings/airflow/dags/3_dag_GET_Current_YML_From_Cortex.py
[2026-03-10T11:47:38.831+0000] {processor.py:183} INFO - Processing /home/cloud/codings/airflow/dags/3_dag_GET_Current_YML_From_Cortex.py took 0.052 seconds
[2026-03-10T11:48:09.475+0000] {processor.py:161} INFO - Started process (PID=452921) to work on /home/cloud/codings/airflow/dags/3_dag_GET_Current_YML_From_Cortex.py
[2026-03-10T11:48:09.477+0000] {processor.py:830} INFO - Processing file /home/cloud/codings/airflow/dags/3_dag_GET_Current_YML_From_Cortex.py for tasks to queue
[2026-03-10T11:48:09.479+0000] {logging_mixin.py:188} INFO - [2026-03-10T11:48:09.478+0000] {dagbag.py:545} INFO - Filling up the DagBag from /home/cloud/codings/airflow/dags/3_dag_GET_Current_YML_From_Cortex.py
[2026-03-10T11:48:09.490+0000] {logging_mixin.py:188} INFO - [2026-03-10T11:48:09.489+0000] {dagbag.py:355} ERROR - Failed to import: /home/cloud/codings/airflow/dags/3_dag_GET_Current_YML_From_Cortex.py
Traceback (most recent call last):
  File "/home/cloud/codings/mvenv/lib/python3.12/site-packages/airflow/models/dagbag.py", line 351, in parse
    loader.exec_module(new_module)
  File "<frozen importlib._bootstrap_external>", line 995, in exec_module
  File "<frozen importlib._bootstrap>", line 488, in _call_with_frames_removed
  File "/home/cloud/codings/airflow/dags/3_dag_GET_Current_YML_From_Cortex.py", line 5, in <module>
    dag_config=Variable.get("snowflake_conn", deserialize_json=True)
               ^^^^^^^^^^^^^^^^^^^^^^^^^^^^^^^^^^^^^^^^^^^^^^^^^^^^^
  File "/home/cloud/codings/mvenv/lib/python3.12/site-packages/airflow/models/variable.py", line 143, in get
    raise KeyError(f"Variable {key} does not exist")
KeyError: 'Variable snowflake_conn does not exist'
[2026-03-10T11:48:09.491+0000] {processor.py:842} WARNING - No viable dags retrieved from /home/cloud/codings/airflow/dags/3_dag_GET_Current_YML_From_Cortex.py
[2026-03-10T11:48:09.507+0000] {processor.py:183} INFO - Processing /home/cloud/codings/airflow/dags/3_dag_GET_Current_YML_From_Cortex.py took 0.040 seconds
[2026-03-10T11:48:40.158+0000] {processor.py:161} INFO - Started process (PID=453199) to work on /home/cloud/codings/airflow/dags/3_dag_GET_Current_YML_From_Cortex.py
[2026-03-10T11:48:40.164+0000] {processor.py:830} INFO - Processing file /home/cloud/codings/airflow/dags/3_dag_GET_Current_YML_From_Cortex.py for tasks to queue
[2026-03-10T11:48:40.165+0000] {logging_mixin.py:188} INFO - [2026-03-10T11:48:40.165+0000] {dagbag.py:545} INFO - Filling up the DagBag from /home/cloud/codings/airflow/dags/3_dag_GET_Current_YML_From_Cortex.py
[2026-03-10T11:48:40.190+0000] {logging_mixin.py:188} INFO - [2026-03-10T11:48:40.188+0000] {dagbag.py:355} ERROR - Failed to import: /home/cloud/codings/airflow/dags/3_dag_GET_Current_YML_From_Cortex.py
Traceback (most recent call last):
  File "/home/cloud/codings/mvenv/lib/python3.12/site-packages/airflow/models/dagbag.py", line 351, in parse
    loader.exec_module(new_module)
  File "<frozen importlib._bootstrap_external>", line 995, in exec_module
  File "<frozen importlib._bootstrap>", line 488, in _call_with_frames_removed
  File "/home/cloud/codings/airflow/dags/3_dag_GET_Current_YML_From_Cortex.py", line 5, in <module>
    dag_config=Variable.get("snowflake_conn", deserialize_json=True)
               ^^^^^^^^^^^^^^^^^^^^^^^^^^^^^^^^^^^^^^^^^^^^^^^^^^^^^
  File "/home/cloud/codings/mvenv/lib/python3.12/site-packages/airflow/models/variable.py", line 143, in get
    raise KeyError(f"Variable {key} does not exist")
KeyError: 'Variable snowflake_conn does not exist'
[2026-03-10T11:48:40.191+0000] {processor.py:842} WARNING - No viable dags retrieved from /home/cloud/codings/airflow/dags/3_dag_GET_Current_YML_From_Cortex.py
[2026-03-10T11:48:40.212+0000] {processor.py:183} INFO - Processing /home/cloud/codings/airflow/dags/3_dag_GET_Current_YML_From_Cortex.py took 0.066 seconds
[2026-03-10T11:49:10.648+0000] {processor.py:161} INFO - Started process (PID=453423) to work on /home/cloud/codings/airflow/dags/3_dag_GET_Current_YML_From_Cortex.py
[2026-03-10T11:49:10.651+0000] {processor.py:830} INFO - Processing file /home/cloud/codings/airflow/dags/3_dag_GET_Current_YML_From_Cortex.py for tasks to queue
[2026-03-10T11:49:10.653+0000] {logging_mixin.py:188} INFO - [2026-03-10T11:49:10.652+0000] {dagbag.py:545} INFO - Filling up the DagBag from /home/cloud/codings/airflow/dags/3_dag_GET_Current_YML_From_Cortex.py
[2026-03-10T11:49:10.678+0000] {logging_mixin.py:188} INFO - [2026-03-10T11:49:10.675+0000] {dagbag.py:355} ERROR - Failed to import: /home/cloud/codings/airflow/dags/3_dag_GET_Current_YML_From_Cortex.py
Traceback (most recent call last):
  File "/home/cloud/codings/mvenv/lib/python3.12/site-packages/airflow/models/dagbag.py", line 351, in parse
    loader.exec_module(new_module)
  File "<frozen importlib._bootstrap_external>", line 995, in exec_module
  File "<frozen importlib._bootstrap>", line 488, in _call_with_frames_removed
  File "/home/cloud/codings/airflow/dags/3_dag_GET_Current_YML_From_Cortex.py", line 5, in <module>
    dag_config=Variable.get("snowflake_conn", deserialize_json=True)
               ^^^^^^^^^^^^^^^^^^^^^^^^^^^^^^^^^^^^^^^^^^^^^^^^^^^^^
  File "/home/cloud/codings/mvenv/lib/python3.12/site-packages/airflow/models/variable.py", line 143, in get
    raise KeyError(f"Variable {key} does not exist")
KeyError: 'Variable snowflake_conn does not exist'
[2026-03-10T11:49:10.679+0000] {processor.py:842} WARNING - No viable dags retrieved from /home/cloud/codings/airflow/dags/3_dag_GET_Current_YML_From_Cortex.py
[2026-03-10T11:49:10.714+0000] {processor.py:183} INFO - Processing /home/cloud/codings/airflow/dags/3_dag_GET_Current_YML_From_Cortex.py took 0.075 seconds
[2026-03-10T11:49:41.197+0000] {processor.py:161} INFO - Started process (PID=453704) to work on /home/cloud/codings/airflow/dags/3_dag_GET_Current_YML_From_Cortex.py
[2026-03-10T11:49:41.200+0000] {processor.py:830} INFO - Processing file /home/cloud/codings/airflow/dags/3_dag_GET_Current_YML_From_Cortex.py for tasks to queue
[2026-03-10T11:49:41.201+0000] {logging_mixin.py:188} INFO - [2026-03-10T11:49:41.200+0000] {dagbag.py:545} INFO - Filling up the DagBag from /home/cloud/codings/airflow/dags/3_dag_GET_Current_YML_From_Cortex.py
[2026-03-10T11:49:41.219+0000] {logging_mixin.py:188} INFO - [2026-03-10T11:49:41.218+0000] {dagbag.py:355} ERROR - Failed to import: /home/cloud/codings/airflow/dags/3_dag_GET_Current_YML_From_Cortex.py
Traceback (most recent call last):
  File "/home/cloud/codings/mvenv/lib/python3.12/site-packages/airflow/models/dagbag.py", line 351, in parse
    loader.exec_module(new_module)
  File "<frozen importlib._bootstrap_external>", line 995, in exec_module
  File "<frozen importlib._bootstrap>", line 488, in _call_with_frames_removed
  File "/home/cloud/codings/airflow/dags/3_dag_GET_Current_YML_From_Cortex.py", line 5, in <module>
    dag_config=Variable.get("snowflake_conn", deserialize_json=True)
               ^^^^^^^^^^^^^^^^^^^^^^^^^^^^^^^^^^^^^^^^^^^^^^^^^^^^^
  File "/home/cloud/codings/mvenv/lib/python3.12/site-packages/airflow/models/variable.py", line 143, in get
    raise KeyError(f"Variable {key} does not exist")
KeyError: 'Variable snowflake_conn does not exist'
[2026-03-10T11:49:41.220+0000] {processor.py:842} WARNING - No viable dags retrieved from /home/cloud/codings/airflow/dags/3_dag_GET_Current_YML_From_Cortex.py
[2026-03-10T11:49:41.240+0000] {processor.py:183} INFO - Processing /home/cloud/codings/airflow/dags/3_dag_GET_Current_YML_From_Cortex.py took 0.053 seconds
[2026-03-10T11:50:13.130+0000] {processor.py:161} INFO - Started process (PID=453984) to work on /home/cloud/codings/airflow/dags/3_dag_GET_Current_YML_From_Cortex.py
[2026-03-10T11:50:13.134+0000] {processor.py:830} INFO - Processing file /home/cloud/codings/airflow/dags/3_dag_GET_Current_YML_From_Cortex.py for tasks to queue
[2026-03-10T11:50:13.135+0000] {logging_mixin.py:188} INFO - [2026-03-10T11:50:13.135+0000] {dagbag.py:545} INFO - Filling up the DagBag from /home/cloud/codings/airflow/dags/3_dag_GET_Current_YML_From_Cortex.py
[2026-03-10T11:50:13.149+0000] {logging_mixin.py:188} INFO - [2026-03-10T11:50:13.148+0000] {dagbag.py:355} ERROR - Failed to import: /home/cloud/codings/airflow/dags/3_dag_GET_Current_YML_From_Cortex.py
Traceback (most recent call last):
  File "/home/cloud/codings/mvenv/lib/python3.12/site-packages/airflow/models/dagbag.py", line 351, in parse
    loader.exec_module(new_module)
  File "<frozen importlib._bootstrap_external>", line 995, in exec_module
  File "<frozen importlib._bootstrap>", line 488, in _call_with_frames_removed
  File "/home/cloud/codings/airflow/dags/3_dag_GET_Current_YML_From_Cortex.py", line 5, in <module>
    dag_config=Variable.get("snowflake_conn", deserialize_json=True)
               ^^^^^^^^^^^^^^^^^^^^^^^^^^^^^^^^^^^^^^^^^^^^^^^^^^^^^
  File "/home/cloud/codings/mvenv/lib/python3.12/site-packages/airflow/models/variable.py", line 143, in get
    raise KeyError(f"Variable {key} does not exist")
KeyError: 'Variable snowflake_conn does not exist'
[2026-03-10T11:50:13.149+0000] {processor.py:842} WARNING - No viable dags retrieved from /home/cloud/codings/airflow/dags/3_dag_GET_Current_YML_From_Cortex.py
[2026-03-10T11:50:13.167+0000] {processor.py:183} INFO - Processing /home/cloud/codings/airflow/dags/3_dag_GET_Current_YML_From_Cortex.py took 0.052 seconds
[2026-03-10T11:50:43.377+0000] {processor.py:161} INFO - Started process (PID=454259) to work on /home/cloud/codings/airflow/dags/3_dag_GET_Current_YML_From_Cortex.py
[2026-03-10T11:50:43.419+0000] {processor.py:830} INFO - Processing file /home/cloud/codings/airflow/dags/3_dag_GET_Current_YML_From_Cortex.py for tasks to queue
[2026-03-10T11:50:43.420+0000] {logging_mixin.py:188} INFO - [2026-03-10T11:50:43.419+0000] {dagbag.py:545} INFO - Filling up the DagBag from /home/cloud/codings/airflow/dags/3_dag_GET_Current_YML_From_Cortex.py
[2026-03-10T11:50:43.439+0000] {logging_mixin.py:188} INFO - [2026-03-10T11:50:43.437+0000] {dagbag.py:355} ERROR - Failed to import: /home/cloud/codings/airflow/dags/3_dag_GET_Current_YML_From_Cortex.py
Traceback (most recent call last):
  File "/home/cloud/codings/mvenv/lib/python3.12/site-packages/airflow/models/dagbag.py", line 351, in parse
    loader.exec_module(new_module)
  File "<frozen importlib._bootstrap_external>", line 995, in exec_module
  File "<frozen importlib._bootstrap>", line 488, in _call_with_frames_removed
  File "/home/cloud/codings/airflow/dags/3_dag_GET_Current_YML_From_Cortex.py", line 5, in <module>
    dag_config=Variable.get("snowflake_conn", deserialize_json=True)
               ^^^^^^^^^^^^^^^^^^^^^^^^^^^^^^^^^^^^^^^^^^^^^^^^^^^^^
  File "/home/cloud/codings/mvenv/lib/python3.12/site-packages/airflow/models/variable.py", line 143, in get
    raise KeyError(f"Variable {key} does not exist")
KeyError: 'Variable snowflake_conn does not exist'
[2026-03-10T11:50:43.439+0000] {processor.py:842} WARNING - No viable dags retrieved from /home/cloud/codings/airflow/dags/3_dag_GET_Current_YML_From_Cortex.py
[2026-03-10T11:50:43.458+0000] {processor.py:183} INFO - Processing /home/cloud/codings/airflow/dags/3_dag_GET_Current_YML_From_Cortex.py took 0.091 seconds
[2026-03-10T11:51:13.886+0000] {processor.py:161} INFO - Started process (PID=454482) to work on /home/cloud/codings/airflow/dags/3_dag_GET_Current_YML_From_Cortex.py
[2026-03-10T11:51:13.888+0000] {processor.py:830} INFO - Processing file /home/cloud/codings/airflow/dags/3_dag_GET_Current_YML_From_Cortex.py for tasks to queue
[2026-03-10T11:51:13.890+0000] {logging_mixin.py:188} INFO - [2026-03-10T11:51:13.889+0000] {dagbag.py:545} INFO - Filling up the DagBag from /home/cloud/codings/airflow/dags/3_dag_GET_Current_YML_From_Cortex.py
[2026-03-10T11:51:13.915+0000] {logging_mixin.py:188} INFO - [2026-03-10T11:51:13.913+0000] {dagbag.py:355} ERROR - Failed to import: /home/cloud/codings/airflow/dags/3_dag_GET_Current_YML_From_Cortex.py
Traceback (most recent call last):
  File "/home/cloud/codings/mvenv/lib/python3.12/site-packages/airflow/models/dagbag.py", line 351, in parse
    loader.exec_module(new_module)
  File "<frozen importlib._bootstrap_external>", line 995, in exec_module
  File "<frozen importlib._bootstrap>", line 488, in _call_with_frames_removed
  File "/home/cloud/codings/airflow/dags/3_dag_GET_Current_YML_From_Cortex.py", line 5, in <module>
    dag_config=Variable.get("snowflake_conn", deserialize_json=True)
               ^^^^^^^^^^^^^^^^^^^^^^^^^^^^^^^^^^^^^^^^^^^^^^^^^^^^^
  File "/home/cloud/codings/mvenv/lib/python3.12/site-packages/airflow/models/variable.py", line 143, in get
    raise KeyError(f"Variable {key} does not exist")
KeyError: 'Variable snowflake_conn does not exist'
[2026-03-10T11:51:13.916+0000] {processor.py:842} WARNING - No viable dags retrieved from /home/cloud/codings/airflow/dags/3_dag_GET_Current_YML_From_Cortex.py
[2026-03-10T11:51:13.935+0000] {processor.py:183} INFO - Processing /home/cloud/codings/airflow/dags/3_dag_GET_Current_YML_From_Cortex.py took 0.055 seconds
[2026-03-10T11:51:44.202+0000] {processor.py:161} INFO - Started process (PID=454645) to work on /home/cloud/codings/airflow/dags/3_dag_GET_Current_YML_From_Cortex.py
[2026-03-10T11:51:44.204+0000] {processor.py:830} INFO - Processing file /home/cloud/codings/airflow/dags/3_dag_GET_Current_YML_From_Cortex.py for tasks to queue
[2026-03-10T11:51:44.205+0000] {logging_mixin.py:188} INFO - [2026-03-10T11:51:44.204+0000] {dagbag.py:545} INFO - Filling up the DagBag from /home/cloud/codings/airflow/dags/3_dag_GET_Current_YML_From_Cortex.py
[2026-03-10T11:51:44.217+0000] {logging_mixin.py:188} INFO - [2026-03-10T11:51:44.216+0000] {dagbag.py:355} ERROR - Failed to import: /home/cloud/codings/airflow/dags/3_dag_GET_Current_YML_From_Cortex.py
Traceback (most recent call last):
  File "/home/cloud/codings/mvenv/lib/python3.12/site-packages/airflow/models/dagbag.py", line 351, in parse
    loader.exec_module(new_module)
  File "<frozen importlib._bootstrap_external>", line 995, in exec_module
  File "<frozen importlib._bootstrap>", line 488, in _call_with_frames_removed
  File "/home/cloud/codings/airflow/dags/3_dag_GET_Current_YML_From_Cortex.py", line 5, in <module>
    dag_config=Variable.get("snowflake_conn", deserialize_json=True)
               ^^^^^^^^^^^^^^^^^^^^^^^^^^^^^^^^^^^^^^^^^^^^^^^^^^^^^
  File "/home/cloud/codings/mvenv/lib/python3.12/site-packages/airflow/models/variable.py", line 143, in get
    raise KeyError(f"Variable {key} does not exist")
KeyError: 'Variable snowflake_conn does not exist'
[2026-03-10T11:51:44.217+0000] {processor.py:842} WARNING - No viable dags retrieved from /home/cloud/codings/airflow/dags/3_dag_GET_Current_YML_From_Cortex.py
[2026-03-10T11:51:44.234+0000] {processor.py:183} INFO - Processing /home/cloud/codings/airflow/dags/3_dag_GET_Current_YML_From_Cortex.py took 0.040 seconds
[2026-03-10T11:52:14.589+0000] {processor.py:161} INFO - Started process (PID=454744) to work on /home/cloud/codings/airflow/dags/3_dag_GET_Current_YML_From_Cortex.py
[2026-03-10T11:52:14.591+0000] {processor.py:830} INFO - Processing file /home/cloud/codings/airflow/dags/3_dag_GET_Current_YML_From_Cortex.py for tasks to queue
[2026-03-10T11:52:14.592+0000] {logging_mixin.py:188} INFO - [2026-03-10T11:52:14.592+0000] {dagbag.py:545} INFO - Filling up the DagBag from /home/cloud/codings/airflow/dags/3_dag_GET_Current_YML_From_Cortex.py
[2026-03-10T11:52:14.605+0000] {logging_mixin.py:188} INFO - [2026-03-10T11:52:14.604+0000] {dagbag.py:355} ERROR - Failed to import: /home/cloud/codings/airflow/dags/3_dag_GET_Current_YML_From_Cortex.py
Traceback (most recent call last):
  File "/home/cloud/codings/mvenv/lib/python3.12/site-packages/airflow/models/dagbag.py", line 351, in parse
    loader.exec_module(new_module)
  File "<frozen importlib._bootstrap_external>", line 995, in exec_module
  File "<frozen importlib._bootstrap>", line 488, in _call_with_frames_removed
  File "/home/cloud/codings/airflow/dags/3_dag_GET_Current_YML_From_Cortex.py", line 5, in <module>
    dag_config=Variable.get("snowflake_conn", deserialize_json=True)
               ^^^^^^^^^^^^^^^^^^^^^^^^^^^^^^^^^^^^^^^^^^^^^^^^^^^^^
  File "/home/cloud/codings/mvenv/lib/python3.12/site-packages/airflow/models/variable.py", line 143, in get
    raise KeyError(f"Variable {key} does not exist")
KeyError: 'Variable snowflake_conn does not exist'
[2026-03-10T11:52:14.605+0000] {processor.py:842} WARNING - No viable dags retrieved from /home/cloud/codings/airflow/dags/3_dag_GET_Current_YML_From_Cortex.py
[2026-03-10T11:52:14.621+0000] {processor.py:183} INFO - Processing /home/cloud/codings/airflow/dags/3_dag_GET_Current_YML_From_Cortex.py took 0.040 seconds
[2026-03-10T11:52:44.928+0000] {processor.py:161} INFO - Started process (PID=454878) to work on /home/cloud/codings/airflow/dags/3_dag_GET_Current_YML_From_Cortex.py
[2026-03-10T11:52:44.933+0000] {processor.py:830} INFO - Processing file /home/cloud/codings/airflow/dags/3_dag_GET_Current_YML_From_Cortex.py for tasks to queue
[2026-03-10T11:52:44.934+0000] {logging_mixin.py:188} INFO - [2026-03-10T11:52:44.933+0000] {dagbag.py:545} INFO - Filling up the DagBag from /home/cloud/codings/airflow/dags/3_dag_GET_Current_YML_From_Cortex.py
[2026-03-10T11:52:44.945+0000] {logging_mixin.py:188} INFO - [2026-03-10T11:52:44.943+0000] {dagbag.py:355} ERROR - Failed to import: /home/cloud/codings/airflow/dags/3_dag_GET_Current_YML_From_Cortex.py
Traceback (most recent call last):
  File "/home/cloud/codings/mvenv/lib/python3.12/site-packages/airflow/models/dagbag.py", line 351, in parse
    loader.exec_module(new_module)
  File "<frozen importlib._bootstrap_external>", line 995, in exec_module
  File "<frozen importlib._bootstrap>", line 488, in _call_with_frames_removed
  File "/home/cloud/codings/airflow/dags/3_dag_GET_Current_YML_From_Cortex.py", line 5, in <module>
    dag_config=Variable.get("snowflake_conn", deserialize_json=True)
               ^^^^^^^^^^^^^^^^^^^^^^^^^^^^^^^^^^^^^^^^^^^^^^^^^^^^^
  File "/home/cloud/codings/mvenv/lib/python3.12/site-packages/airflow/models/variable.py", line 143, in get
    raise KeyError(f"Variable {key} does not exist")
KeyError: 'Variable snowflake_conn does not exist'
[2026-03-10T11:52:44.945+0000] {processor.py:842} WARNING - No viable dags retrieved from /home/cloud/codings/airflow/dags/3_dag_GET_Current_YML_From_Cortex.py
[2026-03-10T11:52:44.962+0000] {processor.py:183} INFO - Processing /home/cloud/codings/airflow/dags/3_dag_GET_Current_YML_From_Cortex.py took 0.039 seconds
[2026-03-10T11:53:15.283+0000] {processor.py:161} INFO - Started process (PID=454950) to work on /home/cloud/codings/airflow/dags/3_dag_GET_Current_YML_From_Cortex.py
[2026-03-10T11:53:15.288+0000] {processor.py:830} INFO - Processing file /home/cloud/codings/airflow/dags/3_dag_GET_Current_YML_From_Cortex.py for tasks to queue
[2026-03-10T11:53:15.290+0000] {logging_mixin.py:188} INFO - [2026-03-10T11:53:15.289+0000] {dagbag.py:545} INFO - Filling up the DagBag from /home/cloud/codings/airflow/dags/3_dag_GET_Current_YML_From_Cortex.py
[2026-03-10T11:53:15.303+0000] {logging_mixin.py:188} INFO - [2026-03-10T11:53:15.302+0000] {dagbag.py:355} ERROR - Failed to import: /home/cloud/codings/airflow/dags/3_dag_GET_Current_YML_From_Cortex.py
Traceback (most recent call last):
  File "/home/cloud/codings/mvenv/lib/python3.12/site-packages/airflow/models/dagbag.py", line 351, in parse
    loader.exec_module(new_module)
  File "<frozen importlib._bootstrap_external>", line 995, in exec_module
  File "<frozen importlib._bootstrap>", line 488, in _call_with_frames_removed
  File "/home/cloud/codings/airflow/dags/3_dag_GET_Current_YML_From_Cortex.py", line 5, in <module>
    dag_config=Variable.get("snowflake_conn", deserialize_json=True)
               ^^^^^^^^^^^^^^^^^^^^^^^^^^^^^^^^^^^^^^^^^^^^^^^^^^^^^
  File "/home/cloud/codings/mvenv/lib/python3.12/site-packages/airflow/models/variable.py", line 143, in get
    raise KeyError(f"Variable {key} does not exist")
KeyError: 'Variable snowflake_conn does not exist'
[2026-03-10T11:53:15.304+0000] {processor.py:842} WARNING - No viable dags retrieved from /home/cloud/codings/airflow/dags/3_dag_GET_Current_YML_From_Cortex.py
[2026-03-10T11:53:15.325+0000] {processor.py:183} INFO - Processing /home/cloud/codings/airflow/dags/3_dag_GET_Current_YML_From_Cortex.py took 0.049 seconds
[2026-03-10T11:53:45.742+0000] {processor.py:161} INFO - Started process (PID=455084) to work on /home/cloud/codings/airflow/dags/3_dag_GET_Current_YML_From_Cortex.py
[2026-03-10T11:53:45.746+0000] {processor.py:830} INFO - Processing file /home/cloud/codings/airflow/dags/3_dag_GET_Current_YML_From_Cortex.py for tasks to queue
[2026-03-10T11:53:45.747+0000] {logging_mixin.py:188} INFO - [2026-03-10T11:53:45.747+0000] {dagbag.py:545} INFO - Filling up the DagBag from /home/cloud/codings/airflow/dags/3_dag_GET_Current_YML_From_Cortex.py
[2026-03-10T11:53:45.758+0000] {logging_mixin.py:188} INFO - [2026-03-10T11:53:45.756+0000] {dagbag.py:355} ERROR - Failed to import: /home/cloud/codings/airflow/dags/3_dag_GET_Current_YML_From_Cortex.py
Traceback (most recent call last):
  File "/home/cloud/codings/mvenv/lib/python3.12/site-packages/airflow/models/dagbag.py", line 351, in parse
    loader.exec_module(new_module)
  File "<frozen importlib._bootstrap_external>", line 995, in exec_module
  File "<frozen importlib._bootstrap>", line 488, in _call_with_frames_removed
  File "/home/cloud/codings/airflow/dags/3_dag_GET_Current_YML_From_Cortex.py", line 5, in <module>
    dag_config=Variable.get("snowflake_conn", deserialize_json=True)
               ^^^^^^^^^^^^^^^^^^^^^^^^^^^^^^^^^^^^^^^^^^^^^^^^^^^^^
  File "/home/cloud/codings/mvenv/lib/python3.12/site-packages/airflow/models/variable.py", line 143, in get
    raise KeyError(f"Variable {key} does not exist")
KeyError: 'Variable snowflake_conn does not exist'
[2026-03-10T11:53:45.758+0000] {processor.py:842} WARNING - No viable dags retrieved from /home/cloud/codings/airflow/dags/3_dag_GET_Current_YML_From_Cortex.py
[2026-03-10T11:53:45.773+0000] {processor.py:183} INFO - Processing /home/cloud/codings/airflow/dags/3_dag_GET_Current_YML_From_Cortex.py took 0.042 seconds
[2026-03-10T11:54:16.651+0000] {processor.py:161} INFO - Started process (PID=455234) to work on /home/cloud/codings/airflow/dags/3_dag_GET_Current_YML_From_Cortex.py
[2026-03-10T11:54:16.654+0000] {processor.py:830} INFO - Processing file /home/cloud/codings/airflow/dags/3_dag_GET_Current_YML_From_Cortex.py for tasks to queue
[2026-03-10T11:54:16.656+0000] {logging_mixin.py:188} INFO - [2026-03-10T11:54:16.655+0000] {dagbag.py:545} INFO - Filling up the DagBag from /home/cloud/codings/airflow/dags/3_dag_GET_Current_YML_From_Cortex.py
[2026-03-10T11:54:16.689+0000] {logging_mixin.py:188} INFO - [2026-03-10T11:54:16.686+0000] {dagbag.py:355} ERROR - Failed to import: /home/cloud/codings/airflow/dags/3_dag_GET_Current_YML_From_Cortex.py
Traceback (most recent call last):
  File "/home/cloud/codings/mvenv/lib/python3.12/site-packages/airflow/models/dagbag.py", line 351, in parse
    loader.exec_module(new_module)
  File "<frozen importlib._bootstrap_external>", line 995, in exec_module
  File "<frozen importlib._bootstrap>", line 488, in _call_with_frames_removed
  File "/home/cloud/codings/airflow/dags/3_dag_GET_Current_YML_From_Cortex.py", line 5, in <module>
    dag_config=Variable.get("snowflake_conn", deserialize_json=True)
               ^^^^^^^^^^^^^^^^^^^^^^^^^^^^^^^^^^^^^^^^^^^^^^^^^^^^^
  File "/home/cloud/codings/mvenv/lib/python3.12/site-packages/airflow/models/variable.py", line 143, in get
    raise KeyError(f"Variable {key} does not exist")
KeyError: 'Variable snowflake_conn does not exist'
[2026-03-10T11:54:16.690+0000] {processor.py:842} WARNING - No viable dags retrieved from /home/cloud/codings/airflow/dags/3_dag_GET_Current_YML_From_Cortex.py
[2026-03-10T11:54:16.721+0000] {processor.py:183} INFO - Processing /home/cloud/codings/airflow/dags/3_dag_GET_Current_YML_From_Cortex.py took 0.086 seconds
[2026-03-10T11:54:47.359+0000] {processor.py:161} INFO - Started process (PID=455510) to work on /home/cloud/codings/airflow/dags/3_dag_GET_Current_YML_From_Cortex.py
[2026-03-10T11:54:47.365+0000] {processor.py:830} INFO - Processing file /home/cloud/codings/airflow/dags/3_dag_GET_Current_YML_From_Cortex.py for tasks to queue
[2026-03-10T11:54:47.367+0000] {logging_mixin.py:188} INFO - [2026-03-10T11:54:47.366+0000] {dagbag.py:545} INFO - Filling up the DagBag from /home/cloud/codings/airflow/dags/3_dag_GET_Current_YML_From_Cortex.py
[2026-03-10T11:54:47.384+0000] {logging_mixin.py:188} INFO - [2026-03-10T11:54:47.383+0000] {dagbag.py:355} ERROR - Failed to import: /home/cloud/codings/airflow/dags/3_dag_GET_Current_YML_From_Cortex.py
Traceback (most recent call last):
  File "/home/cloud/codings/mvenv/lib/python3.12/site-packages/airflow/models/dagbag.py", line 351, in parse
    loader.exec_module(new_module)
  File "<frozen importlib._bootstrap_external>", line 995, in exec_module
  File "<frozen importlib._bootstrap>", line 488, in _call_with_frames_removed
  File "/home/cloud/codings/airflow/dags/3_dag_GET_Current_YML_From_Cortex.py", line 5, in <module>
    dag_config=Variable.get("snowflake_conn", deserialize_json=True)
               ^^^^^^^^^^^^^^^^^^^^^^^^^^^^^^^^^^^^^^^^^^^^^^^^^^^^^
  File "/home/cloud/codings/mvenv/lib/python3.12/site-packages/airflow/models/variable.py", line 143, in get
    raise KeyError(f"Variable {key} does not exist")
KeyError: 'Variable snowflake_conn does not exist'
[2026-03-10T11:54:47.384+0000] {processor.py:842} WARNING - No viable dags retrieved from /home/cloud/codings/airflow/dags/3_dag_GET_Current_YML_From_Cortex.py
[2026-03-10T11:54:47.402+0000] {processor.py:183} INFO - Processing /home/cloud/codings/airflow/dags/3_dag_GET_Current_YML_From_Cortex.py took 0.055 seconds
[2026-03-10T11:55:17.718+0000] {processor.py:161} INFO - Started process (PID=455784) to work on /home/cloud/codings/airflow/dags/3_dag_GET_Current_YML_From_Cortex.py
[2026-03-10T11:55:17.722+0000] {processor.py:830} INFO - Processing file /home/cloud/codings/airflow/dags/3_dag_GET_Current_YML_From_Cortex.py for tasks to queue
[2026-03-10T11:55:17.723+0000] {logging_mixin.py:188} INFO - [2026-03-10T11:55:17.723+0000] {dagbag.py:545} INFO - Filling up the DagBag from /home/cloud/codings/airflow/dags/3_dag_GET_Current_YML_From_Cortex.py
[2026-03-10T11:55:17.736+0000] {logging_mixin.py:188} INFO - [2026-03-10T11:55:17.734+0000] {dagbag.py:355} ERROR - Failed to import: /home/cloud/codings/airflow/dags/3_dag_GET_Current_YML_From_Cortex.py
Traceback (most recent call last):
  File "/home/cloud/codings/mvenv/lib/python3.12/site-packages/airflow/models/dagbag.py", line 351, in parse
    loader.exec_module(new_module)
  File "<frozen importlib._bootstrap_external>", line 995, in exec_module
  File "<frozen importlib._bootstrap>", line 488, in _call_with_frames_removed
  File "/home/cloud/codings/airflow/dags/3_dag_GET_Current_YML_From_Cortex.py", line 5, in <module>
    dag_config=Variable.get("snowflake_conn", deserialize_json=True)
               ^^^^^^^^^^^^^^^^^^^^^^^^^^^^^^^^^^^^^^^^^^^^^^^^^^^^^
  File "/home/cloud/codings/mvenv/lib/python3.12/site-packages/airflow/models/variable.py", line 143, in get
    raise KeyError(f"Variable {key} does not exist")
KeyError: 'Variable snowflake_conn does not exist'
[2026-03-10T11:55:17.737+0000] {processor.py:842} WARNING - No viable dags retrieved from /home/cloud/codings/airflow/dags/3_dag_GET_Current_YML_From_Cortex.py
[2026-03-10T11:55:17.751+0000] {processor.py:183} INFO - Processing /home/cloud/codings/airflow/dags/3_dag_GET_Current_YML_From_Cortex.py took 0.039 seconds
[2026-03-10T11:55:48.311+0000] {processor.py:161} INFO - Started process (PID=456060) to work on /home/cloud/codings/airflow/dags/3_dag_GET_Current_YML_From_Cortex.py
[2026-03-10T11:55:48.312+0000] {processor.py:830} INFO - Processing file /home/cloud/codings/airflow/dags/3_dag_GET_Current_YML_From_Cortex.py for tasks to queue
[2026-03-10T11:55:48.313+0000] {logging_mixin.py:188} INFO - [2026-03-10T11:55:48.313+0000] {dagbag.py:545} INFO - Filling up the DagBag from /home/cloud/codings/airflow/dags/3_dag_GET_Current_YML_From_Cortex.py
[2026-03-10T11:55:48.328+0000] {logging_mixin.py:188} INFO - [2026-03-10T11:55:48.326+0000] {dagbag.py:355} ERROR - Failed to import: /home/cloud/codings/airflow/dags/3_dag_GET_Current_YML_From_Cortex.py
Traceback (most recent call last):
  File "/home/cloud/codings/mvenv/lib/python3.12/site-packages/airflow/models/dagbag.py", line 351, in parse
    loader.exec_module(new_module)
  File "<frozen importlib._bootstrap_external>", line 995, in exec_module
  File "<frozen importlib._bootstrap>", line 488, in _call_with_frames_removed
  File "/home/cloud/codings/airflow/dags/3_dag_GET_Current_YML_From_Cortex.py", line 5, in <module>
    dag_config=Variable.get("snowflake_conn", deserialize_json=True)
               ^^^^^^^^^^^^^^^^^^^^^^^^^^^^^^^^^^^^^^^^^^^^^^^^^^^^^
  File "/home/cloud/codings/mvenv/lib/python3.12/site-packages/airflow/models/variable.py", line 143, in get
    raise KeyError(f"Variable {key} does not exist")
KeyError: 'Variable snowflake_conn does not exist'
[2026-03-10T11:55:48.328+0000] {processor.py:842} WARNING - No viable dags retrieved from /home/cloud/codings/airflow/dags/3_dag_GET_Current_YML_From_Cortex.py
[2026-03-10T11:55:48.345+0000] {processor.py:183} INFO - Processing /home/cloud/codings/airflow/dags/3_dag_GET_Current_YML_From_Cortex.py took 0.042 seconds
[2026-03-10T11:56:19.495+0000] {processor.py:161} INFO - Started process (PID=456274) to work on /home/cloud/codings/airflow/dags/3_dag_GET_Current_YML_From_Cortex.py
[2026-03-10T11:56:19.496+0000] {processor.py:830} INFO - Processing file /home/cloud/codings/airflow/dags/3_dag_GET_Current_YML_From_Cortex.py for tasks to queue
[2026-03-10T11:56:19.498+0000] {logging_mixin.py:188} INFO - [2026-03-10T11:56:19.497+0000] {dagbag.py:545} INFO - Filling up the DagBag from /home/cloud/codings/airflow/dags/3_dag_GET_Current_YML_From_Cortex.py
[2026-03-10T11:56:19.522+0000] {logging_mixin.py:188} INFO - [2026-03-10T11:56:19.520+0000] {dagbag.py:355} ERROR - Failed to import: /home/cloud/codings/airflow/dags/3_dag_GET_Current_YML_From_Cortex.py
Traceback (most recent call last):
  File "/home/cloud/codings/mvenv/lib/python3.12/site-packages/airflow/models/dagbag.py", line 351, in parse
    loader.exec_module(new_module)
  File "<frozen importlib._bootstrap_external>", line 995, in exec_module
  File "<frozen importlib._bootstrap>", line 488, in _call_with_frames_removed
  File "/home/cloud/codings/airflow/dags/3_dag_GET_Current_YML_From_Cortex.py", line 5, in <module>
    dag_config=Variable.get("snowflake_conn", deserialize_json=True)
               ^^^^^^^^^^^^^^^^^^^^^^^^^^^^^^^^^^^^^^^^^^^^^^^^^^^^^
  File "/home/cloud/codings/mvenv/lib/python3.12/site-packages/airflow/models/variable.py", line 143, in get
    raise KeyError(f"Variable {key} does not exist")
KeyError: 'Variable snowflake_conn does not exist'
[2026-03-10T11:56:19.523+0000] {processor.py:842} WARNING - No viable dags retrieved from /home/cloud/codings/airflow/dags/3_dag_GET_Current_YML_From_Cortex.py
[2026-03-10T11:56:19.546+0000] {processor.py:183} INFO - Processing /home/cloud/codings/airflow/dags/3_dag_GET_Current_YML_From_Cortex.py took 0.059 seconds
[2026-03-10T11:56:49.958+0000] {processor.py:161} INFO - Started process (PID=456550) to work on /home/cloud/codings/airflow/dags/3_dag_GET_Current_YML_From_Cortex.py
[2026-03-10T11:56:49.960+0000] {processor.py:830} INFO - Processing file /home/cloud/codings/airflow/dags/3_dag_GET_Current_YML_From_Cortex.py for tasks to queue
[2026-03-10T11:56:49.961+0000] {logging_mixin.py:188} INFO - [2026-03-10T11:56:49.961+0000] {dagbag.py:545} INFO - Filling up the DagBag from /home/cloud/codings/airflow/dags/3_dag_GET_Current_YML_From_Cortex.py
[2026-03-10T11:56:49.972+0000] {logging_mixin.py:188} INFO - [2026-03-10T11:56:49.971+0000] {dagbag.py:355} ERROR - Failed to import: /home/cloud/codings/airflow/dags/3_dag_GET_Current_YML_From_Cortex.py
Traceback (most recent call last):
  File "/home/cloud/codings/mvenv/lib/python3.12/site-packages/airflow/models/dagbag.py", line 351, in parse
    loader.exec_module(new_module)
  File "<frozen importlib._bootstrap_external>", line 995, in exec_module
  File "<frozen importlib._bootstrap>", line 488, in _call_with_frames_removed
  File "/home/cloud/codings/airflow/dags/3_dag_GET_Current_YML_From_Cortex.py", line 5, in <module>
    dag_config=Variable.get("snowflake_conn", deserialize_json=True)
               ^^^^^^^^^^^^^^^^^^^^^^^^^^^^^^^^^^^^^^^^^^^^^^^^^^^^^
  File "/home/cloud/codings/mvenv/lib/python3.12/site-packages/airflow/models/variable.py", line 143, in get
    raise KeyError(f"Variable {key} does not exist")
KeyError: 'Variable snowflake_conn does not exist'
[2026-03-10T11:56:49.973+0000] {processor.py:842} WARNING - No viable dags retrieved from /home/cloud/codings/airflow/dags/3_dag_GET_Current_YML_From_Cortex.py
[2026-03-10T11:56:49.991+0000] {processor.py:183} INFO - Processing /home/cloud/codings/airflow/dags/3_dag_GET_Current_YML_From_Cortex.py took 0.038 seconds
[2026-03-10T11:57:20.301+0000] {processor.py:161} INFO - Started process (PID=456768) to work on /home/cloud/codings/airflow/dags/3_dag_GET_Current_YML_From_Cortex.py
[2026-03-10T11:57:20.306+0000] {processor.py:830} INFO - Processing file /home/cloud/codings/airflow/dags/3_dag_GET_Current_YML_From_Cortex.py for tasks to queue
[2026-03-10T11:57:20.307+0000] {logging_mixin.py:188} INFO - [2026-03-10T11:57:20.307+0000] {dagbag.py:545} INFO - Filling up the DagBag from /home/cloud/codings/airflow/dags/3_dag_GET_Current_YML_From_Cortex.py
[2026-03-10T11:57:20.319+0000] {logging_mixin.py:188} INFO - [2026-03-10T11:57:20.318+0000] {dagbag.py:355} ERROR - Failed to import: /home/cloud/codings/airflow/dags/3_dag_GET_Current_YML_From_Cortex.py
Traceback (most recent call last):
  File "/home/cloud/codings/mvenv/lib/python3.12/site-packages/airflow/models/dagbag.py", line 351, in parse
    loader.exec_module(new_module)
  File "<frozen importlib._bootstrap_external>", line 995, in exec_module
  File "<frozen importlib._bootstrap>", line 488, in _call_with_frames_removed
  File "/home/cloud/codings/airflow/dags/3_dag_GET_Current_YML_From_Cortex.py", line 5, in <module>
    dag_config=Variable.get("snowflake_conn", deserialize_json=True)
               ^^^^^^^^^^^^^^^^^^^^^^^^^^^^^^^^^^^^^^^^^^^^^^^^^^^^^
  File "/home/cloud/codings/mvenv/lib/python3.12/site-packages/airflow/models/variable.py", line 143, in get
    raise KeyError(f"Variable {key} does not exist")
KeyError: 'Variable snowflake_conn does not exist'
[2026-03-10T11:57:20.320+0000] {processor.py:842} WARNING - No viable dags retrieved from /home/cloud/codings/airflow/dags/3_dag_GET_Current_YML_From_Cortex.py
[2026-03-10T11:57:20.336+0000] {processor.py:183} INFO - Processing /home/cloud/codings/airflow/dags/3_dag_GET_Current_YML_From_Cortex.py took 0.043 seconds
[2026-03-10T11:57:50.628+0000] {processor.py:161} INFO - Started process (PID=457142) to work on /home/cloud/codings/airflow/dags/3_dag_GET_Current_YML_From_Cortex.py
[2026-03-10T11:57:50.629+0000] {processor.py:830} INFO - Processing file /home/cloud/codings/airflow/dags/3_dag_GET_Current_YML_From_Cortex.py for tasks to queue
[2026-03-10T11:57:50.629+0000] {logging_mixin.py:188} INFO - [2026-03-10T11:57:50.629+0000] {dagbag.py:545} INFO - Filling up the DagBag from /home/cloud/codings/airflow/dags/3_dag_GET_Current_YML_From_Cortex.py
[2026-03-10T11:57:50.643+0000] {logging_mixin.py:188} INFO - [2026-03-10T11:57:50.642+0000] {dagbag.py:355} ERROR - Failed to import: /home/cloud/codings/airflow/dags/3_dag_GET_Current_YML_From_Cortex.py
Traceback (most recent call last):
  File "/home/cloud/codings/mvenv/lib/python3.12/site-packages/airflow/models/dagbag.py", line 351, in parse
    loader.exec_module(new_module)
  File "<frozen importlib._bootstrap_external>", line 995, in exec_module
  File "<frozen importlib._bootstrap>", line 488, in _call_with_frames_removed
  File "/home/cloud/codings/airflow/dags/3_dag_GET_Current_YML_From_Cortex.py", line 5, in <module>
    dag_config=Variable.get("snowflake_conn", deserialize_json=True)
               ^^^^^^^^^^^^^^^^^^^^^^^^^^^^^^^^^^^^^^^^^^^^^^^^^^^^^
  File "/home/cloud/codings/mvenv/lib/python3.12/site-packages/airflow/models/variable.py", line 143, in get
    raise KeyError(f"Variable {key} does not exist")
KeyError: 'Variable snowflake_conn does not exist'
[2026-03-10T11:57:50.644+0000] {processor.py:842} WARNING - No viable dags retrieved from /home/cloud/codings/airflow/dags/3_dag_GET_Current_YML_From_Cortex.py
[2026-03-10T11:57:50.660+0000] {processor.py:183} INFO - Processing /home/cloud/codings/airflow/dags/3_dag_GET_Current_YML_From_Cortex.py took 0.038 seconds
[2026-03-10T11:58:21.166+0000] {processor.py:161} INFO - Started process (PID=457390) to work on /home/cloud/codings/airflow/dags/3_dag_GET_Current_YML_From_Cortex.py
[2026-03-10T11:58:21.171+0000] {processor.py:830} INFO - Processing file /home/cloud/codings/airflow/dags/3_dag_GET_Current_YML_From_Cortex.py for tasks to queue
[2026-03-10T11:58:21.172+0000] {logging_mixin.py:188} INFO - [2026-03-10T11:58:21.172+0000] {dagbag.py:545} INFO - Filling up the DagBag from /home/cloud/codings/airflow/dags/3_dag_GET_Current_YML_From_Cortex.py
[2026-03-10T11:58:21.186+0000] {logging_mixin.py:188} INFO - [2026-03-10T11:58:21.185+0000] {dagbag.py:355} ERROR - Failed to import: /home/cloud/codings/airflow/dags/3_dag_GET_Current_YML_From_Cortex.py
Traceback (most recent call last):
  File "/home/cloud/codings/mvenv/lib/python3.12/site-packages/airflow/models/dagbag.py", line 351, in parse
    loader.exec_module(new_module)
  File "<frozen importlib._bootstrap_external>", line 995, in exec_module
  File "<frozen importlib._bootstrap>", line 488, in _call_with_frames_removed
  File "/home/cloud/codings/airflow/dags/3_dag_GET_Current_YML_From_Cortex.py", line 5, in <module>
    dag_config=Variable.get("snowflake_conn", deserialize_json=True)
               ^^^^^^^^^^^^^^^^^^^^^^^^^^^^^^^^^^^^^^^^^^^^^^^^^^^^^
  File "/home/cloud/codings/mvenv/lib/python3.12/site-packages/airflow/models/variable.py", line 143, in get
    raise KeyError(f"Variable {key} does not exist")
KeyError: 'Variable snowflake_conn does not exist'
[2026-03-10T11:58:21.187+0000] {processor.py:842} WARNING - No viable dags retrieved from /home/cloud/codings/airflow/dags/3_dag_GET_Current_YML_From_Cortex.py
[2026-03-10T11:58:21.205+0000] {processor.py:183} INFO - Processing /home/cloud/codings/airflow/dags/3_dag_GET_Current_YML_From_Cortex.py took 0.047 seconds
[2026-03-10T11:59:07.166+0000] {processor.py:161} INFO - Started process (PID=458063) to work on /home/cloud/codings/airflow/dags/3_dag_GET_Current_YML_From_Cortex.py
[2026-03-10T11:59:07.168+0000] {processor.py:830} INFO - Processing file /home/cloud/codings/airflow/dags/3_dag_GET_Current_YML_From_Cortex.py for tasks to queue
[2026-03-10T11:59:07.169+0000] {logging_mixin.py:188} INFO - [2026-03-10T11:59:07.169+0000] {dagbag.py:545} INFO - Filling up the DagBag from /home/cloud/codings/airflow/dags/3_dag_GET_Current_YML_From_Cortex.py
[2026-03-10T11:59:07.180+0000] {logging_mixin.py:188} INFO - [2026-03-10T11:59:07.179+0000] {dagbag.py:355} ERROR - Failed to import: /home/cloud/codings/airflow/dags/3_dag_GET_Current_YML_From_Cortex.py
Traceback (most recent call last):
  File "/home/cloud/codings/mvenv/lib/python3.12/site-packages/airflow/models/dagbag.py", line 351, in parse
    loader.exec_module(new_module)
  File "<frozen importlib._bootstrap_external>", line 995, in exec_module
  File "<frozen importlib._bootstrap>", line 488, in _call_with_frames_removed
  File "/home/cloud/codings/airflow/dags/3_dag_GET_Current_YML_From_Cortex.py", line 5, in <module>
    dag_config=Variable.get("snowflake_conn", deserialize_json=True)
               ^^^^^^^^^^^^^^^^^^^^^^^^^^^^^^^^^^^^^^^^^^^^^^^^^^^^^
  File "/home/cloud/codings/mvenv/lib/python3.12/site-packages/airflow/models/variable.py", line 143, in get
    raise KeyError(f"Variable {key} does not exist")
KeyError: 'Variable snowflake_conn does not exist'
[2026-03-10T11:59:07.181+0000] {processor.py:842} WARNING - No viable dags retrieved from /home/cloud/codings/airflow/dags/3_dag_GET_Current_YML_From_Cortex.py
[2026-03-10T11:59:07.197+0000] {processor.py:183} INFO - Processing /home/cloud/codings/airflow/dags/3_dag_GET_Current_YML_From_Cortex.py took 0.036 seconds
[2026-03-10T11:59:37.493+0000] {processor.py:161} INFO - Started process (PID=458534) to work on /home/cloud/codings/airflow/dags/3_dag_GET_Current_YML_From_Cortex.py
[2026-03-10T11:59:37.497+0000] {processor.py:830} INFO - Processing file /home/cloud/codings/airflow/dags/3_dag_GET_Current_YML_From_Cortex.py for tasks to queue
[2026-03-10T11:59:37.498+0000] {logging_mixin.py:188} INFO - [2026-03-10T11:59:37.498+0000] {dagbag.py:545} INFO - Filling up the DagBag from /home/cloud/codings/airflow/dags/3_dag_GET_Current_YML_From_Cortex.py
[2026-03-10T11:59:37.509+0000] {logging_mixin.py:188} INFO - [2026-03-10T11:59:37.508+0000] {dagbag.py:355} ERROR - Failed to import: /home/cloud/codings/airflow/dags/3_dag_GET_Current_YML_From_Cortex.py
Traceback (most recent call last):
  File "/home/cloud/codings/mvenv/lib/python3.12/site-packages/airflow/models/dagbag.py", line 351, in parse
    loader.exec_module(new_module)
  File "<frozen importlib._bootstrap_external>", line 995, in exec_module
  File "<frozen importlib._bootstrap>", line 488, in _call_with_frames_removed
  File "/home/cloud/codings/airflow/dags/3_dag_GET_Current_YML_From_Cortex.py", line 5, in <module>
    dag_config=Variable.get("snowflake_conn", deserialize_json=True)
               ^^^^^^^^^^^^^^^^^^^^^^^^^^^^^^^^^^^^^^^^^^^^^^^^^^^^^
  File "/home/cloud/codings/mvenv/lib/python3.12/site-packages/airflow/models/variable.py", line 143, in get
    raise KeyError(f"Variable {key} does not exist")
KeyError: 'Variable snowflake_conn does not exist'
[2026-03-10T11:59:37.510+0000] {processor.py:842} WARNING - No viable dags retrieved from /home/cloud/codings/airflow/dags/3_dag_GET_Current_YML_From_Cortex.py
[2026-03-10T11:59:37.525+0000] {processor.py:183} INFO - Processing /home/cloud/codings/airflow/dags/3_dag_GET_Current_YML_From_Cortex.py took 0.037 seconds
[2026-03-10T12:00:08.248+0000] {processor.py:161} INFO - Started process (PID=458945) to work on /home/cloud/codings/airflow/dags/3_dag_GET_Current_YML_From_Cortex.py
[2026-03-10T12:00:08.252+0000] {processor.py:830} INFO - Processing file /home/cloud/codings/airflow/dags/3_dag_GET_Current_YML_From_Cortex.py for tasks to queue
[2026-03-10T12:00:08.253+0000] {logging_mixin.py:188} INFO - [2026-03-10T12:00:08.253+0000] {dagbag.py:545} INFO - Filling up the DagBag from /home/cloud/codings/airflow/dags/3_dag_GET_Current_YML_From_Cortex.py
[2026-03-10T12:00:08.265+0000] {logging_mixin.py:188} INFO - [2026-03-10T12:00:08.264+0000] {dagbag.py:355} ERROR - Failed to import: /home/cloud/codings/airflow/dags/3_dag_GET_Current_YML_From_Cortex.py
Traceback (most recent call last):
  File "/home/cloud/codings/mvenv/lib/python3.12/site-packages/airflow/models/dagbag.py", line 351, in parse
    loader.exec_module(new_module)
  File "<frozen importlib._bootstrap_external>", line 995, in exec_module
  File "<frozen importlib._bootstrap>", line 488, in _call_with_frames_removed
  File "/home/cloud/codings/airflow/dags/3_dag_GET_Current_YML_From_Cortex.py", line 5, in <module>
    dag_config=Variable.get("snowflake_conn", deserialize_json=True)
               ^^^^^^^^^^^^^^^^^^^^^^^^^^^^^^^^^^^^^^^^^^^^^^^^^^^^^
  File "/home/cloud/codings/mvenv/lib/python3.12/site-packages/airflow/models/variable.py", line 143, in get
    raise KeyError(f"Variable {key} does not exist")
KeyError: 'Variable snowflake_conn does not exist'
[2026-03-10T12:00:08.266+0000] {processor.py:842} WARNING - No viable dags retrieved from /home/cloud/codings/airflow/dags/3_dag_GET_Current_YML_From_Cortex.py
[2026-03-10T12:00:08.282+0000] {processor.py:183} INFO - Processing /home/cloud/codings/airflow/dags/3_dag_GET_Current_YML_From_Cortex.py took 0.039 seconds
[2026-03-10T12:00:38.816+0000] {processor.py:161} INFO - Started process (PID=459197) to work on /home/cloud/codings/airflow/dags/3_dag_GET_Current_YML_From_Cortex.py
[2026-03-10T12:00:38.817+0000] {processor.py:830} INFO - Processing file /home/cloud/codings/airflow/dags/3_dag_GET_Current_YML_From_Cortex.py for tasks to queue
[2026-03-10T12:00:38.819+0000] {logging_mixin.py:188} INFO - [2026-03-10T12:00:38.818+0000] {dagbag.py:545} INFO - Filling up the DagBag from /home/cloud/codings/airflow/dags/3_dag_GET_Current_YML_From_Cortex.py
[2026-03-10T12:00:38.834+0000] {logging_mixin.py:188} INFO - [2026-03-10T12:00:38.832+0000] {dagbag.py:355} ERROR - Failed to import: /home/cloud/codings/airflow/dags/3_dag_GET_Current_YML_From_Cortex.py
Traceback (most recent call last):
  File "/home/cloud/codings/mvenv/lib/python3.12/site-packages/airflow/models/dagbag.py", line 351, in parse
    loader.exec_module(new_module)
  File "<frozen importlib._bootstrap_external>", line 995, in exec_module
  File "<frozen importlib._bootstrap>", line 488, in _call_with_frames_removed
  File "/home/cloud/codings/airflow/dags/3_dag_GET_Current_YML_From_Cortex.py", line 5, in <module>
    dag_config=Variable.get("snowflake_conn", deserialize_json=True)
               ^^^^^^^^^^^^^^^^^^^^^^^^^^^^^^^^^^^^^^^^^^^^^^^^^^^^^
  File "/home/cloud/codings/mvenv/lib/python3.12/site-packages/airflow/models/variable.py", line 143, in get
    raise KeyError(f"Variable {key} does not exist")
KeyError: 'Variable snowflake_conn does not exist'
[2026-03-10T12:00:38.836+0000] {processor.py:842} WARNING - No viable dags retrieved from /home/cloud/codings/airflow/dags/3_dag_GET_Current_YML_From_Cortex.py
[2026-03-10T12:00:38.856+0000] {processor.py:183} INFO - Processing /home/cloud/codings/airflow/dags/3_dag_GET_Current_YML_From_Cortex.py took 0.046 seconds
[2026-03-10T12:00:42.742+0000] {processor.py:161} INFO - Started process (PID=459230) to work on /home/cloud/codings/airflow/dags/3_dag_GET_Current_YML_From_Cortex.py
[2026-03-10T12:00:42.747+0000] {processor.py:830} INFO - Processing file /home/cloud/codings/airflow/dags/3_dag_GET_Current_YML_From_Cortex.py for tasks to queue
[2026-03-10T12:00:42.749+0000] {logging_mixin.py:188} INFO - [2026-03-10T12:00:42.748+0000] {dagbag.py:545} INFO - Filling up the DagBag from /home/cloud/codings/airflow/dags/3_dag_GET_Current_YML_From_Cortex.py
[2026-03-10T12:00:42.777+0000] {logging_mixin.py:188} INFO - [2026-03-10T12:00:42.774+0000] {dagbag.py:355} ERROR - Failed to import: /home/cloud/codings/airflow/dags/3_dag_GET_Current_YML_From_Cortex.py
Traceback (most recent call last):
  File "/home/cloud/codings/mvenv/lib/python3.12/site-packages/airflow/models/dagbag.py", line 351, in parse
    loader.exec_module(new_module)
  File "<frozen importlib._bootstrap_external>", line 995, in exec_module
  File "<frozen importlib._bootstrap>", line 488, in _call_with_frames_removed
  File "/home/cloud/codings/airflow/dags/3_dag_GET_Current_YML_From_Cortex.py", line 5, in <module>
    dag_config=Variable.get("snowflake_conn", deserialize_json=True)
               ^^^^^^^^^^^^^^^^^^^^^^^^^^^^^^^^^^^^^^^^^^^^^^^^^^^^^
  File "/home/cloud/codings/mvenv/lib/python3.12/site-packages/airflow/models/variable.py", line 143, in get
    raise KeyError(f"Variable {key} does not exist")
KeyError: 'Variable snowflake_conn does not exist'
[2026-03-10T12:00:42.778+0000] {processor.py:842} WARNING - No viable dags retrieved from /home/cloud/codings/airflow/dags/3_dag_GET_Current_YML_From_Cortex.py
[2026-03-10T12:00:42.804+0000] {processor.py:183} INFO - Processing /home/cloud/codings/airflow/dags/3_dag_GET_Current_YML_From_Cortex.py took 0.075 seconds
[2026-03-10T12:01:13.566+0000] {processor.py:161} INFO - Started process (PID=459521) to work on /home/cloud/codings/airflow/dags/3_dag_GET_Current_YML_From_Cortex.py
[2026-03-10T12:01:13.568+0000] {processor.py:830} INFO - Processing file /home/cloud/codings/airflow/dags/3_dag_GET_Current_YML_From_Cortex.py for tasks to queue
[2026-03-10T12:01:13.569+0000] {logging_mixin.py:188} INFO - [2026-03-10T12:01:13.568+0000] {dagbag.py:545} INFO - Filling up the DagBag from /home/cloud/codings/airflow/dags/3_dag_GET_Current_YML_From_Cortex.py
[2026-03-10T12:01:13.592+0000] {logging_mixin.py:188} INFO - [2026-03-10T12:01:13.588+0000] {dagbag.py:355} ERROR - Failed to import: /home/cloud/codings/airflow/dags/3_dag_GET_Current_YML_From_Cortex.py
Traceback (most recent call last):
  File "/home/cloud/codings/mvenv/lib/python3.12/site-packages/airflow/models/dagbag.py", line 351, in parse
    loader.exec_module(new_module)
  File "<frozen importlib._bootstrap_external>", line 995, in exec_module
  File "<frozen importlib._bootstrap>", line 488, in _call_with_frames_removed
  File "/home/cloud/codings/airflow/dags/3_dag_GET_Current_YML_From_Cortex.py", line 5, in <module>
    dag_config=Variable.get("snowflake_conn", deserialize_json=True)
               ^^^^^^^^^^^^^^^^^^^^^^^^^^^^^^^^^^^^^^^^^^^^^^^^^^^^^
  File "/home/cloud/codings/mvenv/lib/python3.12/site-packages/airflow/models/variable.py", line 143, in get
    raise KeyError(f"Variable {key} does not exist")
KeyError: 'Variable snowflake_conn does not exist'
[2026-03-10T12:01:13.593+0000] {processor.py:842} WARNING - No viable dags retrieved from /home/cloud/codings/airflow/dags/3_dag_GET_Current_YML_From_Cortex.py
[2026-03-10T12:01:13.614+0000] {processor.py:183} INFO - Processing /home/cloud/codings/airflow/dags/3_dag_GET_Current_YML_From_Cortex.py took 0.057 seconds
[2026-03-10T12:01:44.220+0000] {processor.py:161} INFO - Started process (PID=459775) to work on /home/cloud/codings/airflow/dags/3_dag_GET_Current_YML_From_Cortex.py
[2026-03-10T12:01:44.226+0000] {processor.py:830} INFO - Processing file /home/cloud/codings/airflow/dags/3_dag_GET_Current_YML_From_Cortex.py for tasks to queue
[2026-03-10T12:01:44.227+0000] {logging_mixin.py:188} INFO - [2026-03-10T12:01:44.226+0000] {dagbag.py:545} INFO - Filling up the DagBag from /home/cloud/codings/airflow/dags/3_dag_GET_Current_YML_From_Cortex.py
[2026-03-10T12:01:44.242+0000] {logging_mixin.py:188} INFO - [2026-03-10T12:01:44.240+0000] {dagbag.py:355} ERROR - Failed to import: /home/cloud/codings/airflow/dags/3_dag_GET_Current_YML_From_Cortex.py
Traceback (most recent call last):
  File "/home/cloud/codings/mvenv/lib/python3.12/site-packages/airflow/models/dagbag.py", line 351, in parse
    loader.exec_module(new_module)
  File "<frozen importlib._bootstrap_external>", line 995, in exec_module
  File "<frozen importlib._bootstrap>", line 488, in _call_with_frames_removed
  File "/home/cloud/codings/airflow/dags/3_dag_GET_Current_YML_From_Cortex.py", line 5, in <module>
    dag_config=Variable.get("snowflake_conn", deserialize_json=True)
               ^^^^^^^^^^^^^^^^^^^^^^^^^^^^^^^^^^^^^^^^^^^^^^^^^^^^^
  File "/home/cloud/codings/mvenv/lib/python3.12/site-packages/airflow/models/variable.py", line 143, in get
    raise KeyError(f"Variable {key} does not exist")
KeyError: 'Variable snowflake_conn does not exist'
[2026-03-10T12:01:44.242+0000] {processor.py:842} WARNING - No viable dags retrieved from /home/cloud/codings/airflow/dags/3_dag_GET_Current_YML_From_Cortex.py
[2026-03-10T12:01:44.259+0000] {processor.py:183} INFO - Processing /home/cloud/codings/airflow/dags/3_dag_GET_Current_YML_From_Cortex.py took 0.050 seconds
[2026-03-10T12:02:14.693+0000] {processor.py:161} INFO - Started process (PID=459845) to work on /home/cloud/codings/airflow/dags/3_dag_GET_Current_YML_From_Cortex.py
[2026-03-10T12:02:14.698+0000] {processor.py:830} INFO - Processing file /home/cloud/codings/airflow/dags/3_dag_GET_Current_YML_From_Cortex.py for tasks to queue
[2026-03-10T12:02:14.699+0000] {logging_mixin.py:188} INFO - [2026-03-10T12:02:14.698+0000] {dagbag.py:545} INFO - Filling up the DagBag from /home/cloud/codings/airflow/dags/3_dag_GET_Current_YML_From_Cortex.py
[2026-03-10T12:02:14.711+0000] {logging_mixin.py:188} INFO - [2026-03-10T12:02:14.710+0000] {dagbag.py:355} ERROR - Failed to import: /home/cloud/codings/airflow/dags/3_dag_GET_Current_YML_From_Cortex.py
Traceback (most recent call last):
  File "/home/cloud/codings/mvenv/lib/python3.12/site-packages/airflow/models/dagbag.py", line 351, in parse
    loader.exec_module(new_module)
  File "<frozen importlib._bootstrap_external>", line 995, in exec_module
  File "<frozen importlib._bootstrap>", line 488, in _call_with_frames_removed
  File "/home/cloud/codings/airflow/dags/3_dag_GET_Current_YML_From_Cortex.py", line 5, in <module>
    dag_config=Variable.get("snowflake_conn", deserialize_json=True)
               ^^^^^^^^^^^^^^^^^^^^^^^^^^^^^^^^^^^^^^^^^^^^^^^^^^^^^
  File "/home/cloud/codings/mvenv/lib/python3.12/site-packages/airflow/models/variable.py", line 143, in get
    raise KeyError(f"Variable {key} does not exist")
KeyError: 'Variable snowflake_conn does not exist'
[2026-03-10T12:02:14.711+0000] {processor.py:842} WARNING - No viable dags retrieved from /home/cloud/codings/airflow/dags/3_dag_GET_Current_YML_From_Cortex.py
[2026-03-10T12:02:14.728+0000] {processor.py:183} INFO - Processing /home/cloud/codings/airflow/dags/3_dag_GET_Current_YML_From_Cortex.py took 0.040 seconds
[2026-03-10T12:02:45.087+0000] {processor.py:161} INFO - Started process (PID=460160) to work on /home/cloud/codings/airflow/dags/3_dag_GET_Current_YML_From_Cortex.py
[2026-03-10T12:02:45.092+0000] {processor.py:830} INFO - Processing file /home/cloud/codings/airflow/dags/3_dag_GET_Current_YML_From_Cortex.py for tasks to queue
[2026-03-10T12:02:45.095+0000] {logging_mixin.py:188} INFO - [2026-03-10T12:02:45.094+0000] {dagbag.py:545} INFO - Filling up the DagBag from /home/cloud/codings/airflow/dags/3_dag_GET_Current_YML_From_Cortex.py
[2026-03-10T12:02:45.124+0000] {logging_mixin.py:188} INFO - [2026-03-10T12:02:45.121+0000] {dagbag.py:355} ERROR - Failed to import: /home/cloud/codings/airflow/dags/3_dag_GET_Current_YML_From_Cortex.py
Traceback (most recent call last):
  File "/home/cloud/codings/mvenv/lib/python3.12/site-packages/airflow/models/dagbag.py", line 351, in parse
    loader.exec_module(new_module)
  File "<frozen importlib._bootstrap_external>", line 995, in exec_module
  File "<frozen importlib._bootstrap>", line 488, in _call_with_frames_removed
  File "/home/cloud/codings/airflow/dags/3_dag_GET_Current_YML_From_Cortex.py", line 5, in <module>
    dag_config=Variable.get("snowflake_conn", deserialize_json=True)
               ^^^^^^^^^^^^^^^^^^^^^^^^^^^^^^^^^^^^^^^^^^^^^^^^^^^^^
  File "/home/cloud/codings/mvenv/lib/python3.12/site-packages/airflow/models/variable.py", line 143, in get
    raise KeyError(f"Variable {key} does not exist")
KeyError: 'Variable snowflake_conn does not exist'
[2026-03-10T12:02:45.125+0000] {processor.py:842} WARNING - No viable dags retrieved from /home/cloud/codings/airflow/dags/3_dag_GET_Current_YML_From_Cortex.py
[2026-03-10T12:02:45.145+0000] {processor.py:183} INFO - Processing /home/cloud/codings/airflow/dags/3_dag_GET_Current_YML_From_Cortex.py took 0.063 seconds
[2026-03-10T12:03:10.574+0000] {processor.py:161} INFO - Started process (PID=460374) to work on /home/cloud/codings/airflow/dags/3_dag_GET_Current_YML_From_Cortex.py
[2026-03-10T12:03:10.579+0000] {processor.py:830} INFO - Processing file /home/cloud/codings/airflow/dags/3_dag_GET_Current_YML_From_Cortex.py for tasks to queue
[2026-03-10T12:03:10.581+0000] {logging_mixin.py:188} INFO - [2026-03-10T12:03:10.580+0000] {dagbag.py:545} INFO - Filling up the DagBag from /home/cloud/codings/airflow/dags/3_dag_GET_Current_YML_From_Cortex.py
[2026-03-10T12:03:10.618+0000] {processor.py:840} INFO - DAG(s) '3_dag_GET_Current_YML_From_Cortex' retrieved from /home/cloud/codings/airflow/dags/3_dag_GET_Current_YML_From_Cortex.py
[2026-03-10T12:03:10.765+0000] {logging_mixin.py:188} INFO - [2026-03-10T12:03:10.764+0000] {override.py:1858} INFO - Created Permission View: can edit on DAG:3_dag_GET_Current_YML_From_Cortex
[2026-03-10T12:03:10.785+0000] {logging_mixin.py:188} INFO - [2026-03-10T12:03:10.785+0000] {override.py:1858} INFO - Created Permission View: can delete on DAG:3_dag_GET_Current_YML_From_Cortex
[2026-03-10T12:03:10.808+0000] {logging_mixin.py:188} INFO - [2026-03-10T12:03:10.807+0000] {override.py:1858} INFO - Created Permission View: can read on DAG:3_dag_GET_Current_YML_From_Cortex
[2026-03-10T12:03:10.809+0000] {logging_mixin.py:188} INFO - [2026-03-10T12:03:10.809+0000] {dag.py:3089} INFO - Sync 1 DAGs
[2026-03-10T12:03:10.836+0000] {logging_mixin.py:188} INFO - [2026-03-10T12:03:10.836+0000] {dag.py:3111} INFO - Creating ORM DAG for 3_dag_GET_Current_YML_From_Cortex
[2026-03-10T12:03:10.837+0000] {logging_mixin.py:188} INFO - [2026-03-10T12:03:10.837+0000] {dag.py:3947} INFO - Setting next_dagrun for 3_dag_GET_Current_YML_From_Cortex to None, run_after=None
[2026-03-10T12:03:10.886+0000] {processor.py:183} INFO - Processing /home/cloud/codings/airflow/dags/3_dag_GET_Current_YML_From_Cortex.py took 0.324 seconds
[2026-03-10T12:03:41.046+0000] {processor.py:161} INFO - Started process (PID=460677) to work on /home/cloud/codings/airflow/dags/3_dag_GET_Current_YML_From_Cortex.py
[2026-03-10T12:03:41.048+0000] {processor.py:830} INFO - Processing file /home/cloud/codings/airflow/dags/3_dag_GET_Current_YML_From_Cortex.py for tasks to queue
[2026-03-10T12:03:41.049+0000] {logging_mixin.py:188} INFO - [2026-03-10T12:03:41.048+0000] {dagbag.py:545} INFO - Filling up the DagBag from /home/cloud/codings/airflow/dags/3_dag_GET_Current_YML_From_Cortex.py
[2026-03-10T12:03:41.078+0000] {processor.py:840} INFO - DAG(s) '3_dag_GET_Current_YML_From_Cortex' retrieved from /home/cloud/codings/airflow/dags/3_dag_GET_Current_YML_From_Cortex.py
[2026-03-10T12:03:41.096+0000] {logging_mixin.py:188} INFO - [2026-03-10T12:03:41.095+0000] {dag.py:3089} INFO - Sync 1 DAGs
[2026-03-10T12:03:41.112+0000] {logging_mixin.py:188} INFO - [2026-03-10T12:03:41.112+0000] {dag.py:3947} INFO - Setting next_dagrun for 3_dag_GET_Current_YML_From_Cortex to None, run_after=None
[2026-03-10T12:03:41.142+0000] {processor.py:183} INFO - Processing /home/cloud/codings/airflow/dags/3_dag_GET_Current_YML_From_Cortex.py took 0.103 seconds
[2026-03-10T12:04:11.779+0000] {processor.py:161} INFO - Started process (PID=460937) to work on /home/cloud/codings/airflow/dags/3_dag_GET_Current_YML_From_Cortex.py
[2026-03-10T12:04:11.783+0000] {processor.py:830} INFO - Processing file /home/cloud/codings/airflow/dags/3_dag_GET_Current_YML_From_Cortex.py for tasks to queue
[2026-03-10T12:04:11.784+0000] {logging_mixin.py:188} INFO - [2026-03-10T12:04:11.783+0000] {dagbag.py:545} INFO - Filling up the DagBag from /home/cloud/codings/airflow/dags/3_dag_GET_Current_YML_From_Cortex.py
[2026-03-10T12:04:11.820+0000] {processor.py:840} INFO - DAG(s) '3_dag_GET_Current_YML_From_Cortex' retrieved from /home/cloud/codings/airflow/dags/3_dag_GET_Current_YML_From_Cortex.py
[2026-03-10T12:04:11.850+0000] {logging_mixin.py:188} INFO - [2026-03-10T12:04:11.849+0000] {dag.py:3089} INFO - Sync 1 DAGs
[2026-03-10T12:04:11.888+0000] {logging_mixin.py:188} INFO - [2026-03-10T12:04:11.888+0000] {dag.py:3947} INFO - Setting next_dagrun for 3_dag_GET_Current_YML_From_Cortex to None, run_after=None
[2026-03-10T12:04:11.940+0000] {processor.py:183} INFO - Processing /home/cloud/codings/airflow/dags/3_dag_GET_Current_YML_From_Cortex.py took 0.172 seconds
[2026-03-10T12:04:42.727+0000] {processor.py:161} INFO - Started process (PID=461339) to work on /home/cloud/codings/airflow/dags/3_dag_GET_Current_YML_From_Cortex.py
[2026-03-10T12:04:42.731+0000] {processor.py:830} INFO - Processing file /home/cloud/codings/airflow/dags/3_dag_GET_Current_YML_From_Cortex.py for tasks to queue
[2026-03-10T12:04:42.733+0000] {logging_mixin.py:188} INFO - [2026-03-10T12:04:42.732+0000] {dagbag.py:545} INFO - Filling up the DagBag from /home/cloud/codings/airflow/dags/3_dag_GET_Current_YML_From_Cortex.py
[2026-03-10T12:04:42.755+0000] {processor.py:840} INFO - DAG(s) '3_dag_GET_Current_YML_From_Cortex' retrieved from /home/cloud/codings/airflow/dags/3_dag_GET_Current_YML_From_Cortex.py
[2026-03-10T12:04:42.769+0000] {logging_mixin.py:188} INFO - [2026-03-10T12:04:42.769+0000] {dag.py:3089} INFO - Sync 1 DAGs
[2026-03-10T12:04:42.782+0000] {logging_mixin.py:188} INFO - [2026-03-10T12:04:42.782+0000] {dag.py:3947} INFO - Setting next_dagrun for 3_dag_GET_Current_YML_From_Cortex to None, run_after=None
[2026-03-10T12:04:42.807+0000] {processor.py:183} INFO - Processing /home/cloud/codings/airflow/dags/3_dag_GET_Current_YML_From_Cortex.py took 0.086 seconds
[2026-03-10T12:05:13.780+0000] {processor.py:161} INFO - Started process (PID=461735) to work on /home/cloud/codings/airflow/dags/3_dag_GET_Current_YML_From_Cortex.py
[2026-03-10T12:05:13.782+0000] {processor.py:830} INFO - Processing file /home/cloud/codings/airflow/dags/3_dag_GET_Current_YML_From_Cortex.py for tasks to queue
[2026-03-10T12:05:13.783+0000] {logging_mixin.py:188} INFO - [2026-03-10T12:05:13.783+0000] {dagbag.py:545} INFO - Filling up the DagBag from /home/cloud/codings/airflow/dags/3_dag_GET_Current_YML_From_Cortex.py
[2026-03-10T12:05:13.803+0000] {processor.py:840} INFO - DAG(s) '3_dag_GET_Current_YML_From_Cortex' retrieved from /home/cloud/codings/airflow/dags/3_dag_GET_Current_YML_From_Cortex.py
[2026-03-10T12:05:13.819+0000] {logging_mixin.py:188} INFO - [2026-03-10T12:05:13.818+0000] {dag.py:3089} INFO - Sync 1 DAGs
[2026-03-10T12:05:13.830+0000] {logging_mixin.py:188} INFO - [2026-03-10T12:05:13.829+0000] {dag.py:3947} INFO - Setting next_dagrun for 3_dag_GET_Current_YML_From_Cortex to None, run_after=None
[2026-03-10T12:05:13.853+0000] {processor.py:183} INFO - Processing /home/cloud/codings/airflow/dags/3_dag_GET_Current_YML_From_Cortex.py took 0.084 seconds
[2026-03-10T12:05:44.606+0000] {processor.py:161} INFO - Started process (PID=462119) to work on /home/cloud/codings/airflow/dags/3_dag_GET_Current_YML_From_Cortex.py
[2026-03-10T12:05:44.608+0000] {processor.py:830} INFO - Processing file /home/cloud/codings/airflow/dags/3_dag_GET_Current_YML_From_Cortex.py for tasks to queue
[2026-03-10T12:05:44.609+0000] {logging_mixin.py:188} INFO - [2026-03-10T12:05:44.609+0000] {dagbag.py:545} INFO - Filling up the DagBag from /home/cloud/codings/airflow/dags/3_dag_GET_Current_YML_From_Cortex.py
[2026-03-10T12:05:44.632+0000] {processor.py:840} INFO - DAG(s) '3_dag_GET_Current_YML_From_Cortex' retrieved from /home/cloud/codings/airflow/dags/3_dag_GET_Current_YML_From_Cortex.py
[2026-03-10T12:05:44.647+0000] {logging_mixin.py:188} INFO - [2026-03-10T12:05:44.647+0000] {dag.py:3089} INFO - Sync 1 DAGs
[2026-03-10T12:05:44.660+0000] {logging_mixin.py:188} INFO - [2026-03-10T12:05:44.660+0000] {dag.py:3947} INFO - Setting next_dagrun for 3_dag_GET_Current_YML_From_Cortex to None, run_after=None
[2026-03-10T12:05:44.689+0000] {processor.py:183} INFO - Processing /home/cloud/codings/airflow/dags/3_dag_GET_Current_YML_From_Cortex.py took 0.090 seconds
[2026-03-10T12:06:15.060+0000] {processor.py:161} INFO - Started process (PID=462335) to work on /home/cloud/codings/airflow/dags/3_dag_GET_Current_YML_From_Cortex.py
[2026-03-10T12:06:15.066+0000] {processor.py:830} INFO - Processing file /home/cloud/codings/airflow/dags/3_dag_GET_Current_YML_From_Cortex.py for tasks to queue
[2026-03-10T12:06:15.068+0000] {logging_mixin.py:188} INFO - [2026-03-10T12:06:15.068+0000] {dagbag.py:545} INFO - Filling up the DagBag from /home/cloud/codings/airflow/dags/3_dag_GET_Current_YML_From_Cortex.py
[2026-03-10T12:06:15.102+0000] {processor.py:840} INFO - DAG(s) '3_dag_GET_Current_YML_From_Cortex' retrieved from /home/cloud/codings/airflow/dags/3_dag_GET_Current_YML_From_Cortex.py
[2026-03-10T12:06:15.126+0000] {logging_mixin.py:188} INFO - [2026-03-10T12:06:15.126+0000] {dag.py:3089} INFO - Sync 1 DAGs
[2026-03-10T12:06:15.147+0000] {logging_mixin.py:188} INFO - [2026-03-10T12:06:15.146+0000] {dag.py:3947} INFO - Setting next_dagrun for 3_dag_GET_Current_YML_From_Cortex to None, run_after=None
[2026-03-10T12:06:15.179+0000] {processor.py:183} INFO - Processing /home/cloud/codings/airflow/dags/3_dag_GET_Current_YML_From_Cortex.py took 0.127 seconds
[2026-03-10T12:06:45.305+0000] {processor.py:161} INFO - Started process (PID=462588) to work on /home/cloud/codings/airflow/dags/3_dag_GET_Current_YML_From_Cortex.py
[2026-03-10T12:06:45.306+0000] {processor.py:830} INFO - Processing file /home/cloud/codings/airflow/dags/3_dag_GET_Current_YML_From_Cortex.py for tasks to queue
[2026-03-10T12:06:45.307+0000] {logging_mixin.py:188} INFO - [2026-03-10T12:06:45.306+0000] {dagbag.py:545} INFO - Filling up the DagBag from /home/cloud/codings/airflow/dags/3_dag_GET_Current_YML_From_Cortex.py
[2026-03-10T12:06:45.327+0000] {processor.py:840} INFO - DAG(s) '3_dag_GET_Current_YML_From_Cortex' retrieved from /home/cloud/codings/airflow/dags/3_dag_GET_Current_YML_From_Cortex.py
[2026-03-10T12:06:45.341+0000] {logging_mixin.py:188} INFO - [2026-03-10T12:06:45.341+0000] {dag.py:3089} INFO - Sync 1 DAGs
[2026-03-10T12:06:45.354+0000] {logging_mixin.py:188} INFO - [2026-03-10T12:06:45.354+0000] {dag.py:3947} INFO - Setting next_dagrun for 3_dag_GET_Current_YML_From_Cortex to None, run_after=None
[2026-03-10T12:06:45.376+0000] {processor.py:183} INFO - Processing /home/cloud/codings/airflow/dags/3_dag_GET_Current_YML_From_Cortex.py took 0.078 seconds
[2026-03-10T12:07:15.946+0000] {processor.py:161} INFO - Started process (PID=462888) to work on /home/cloud/codings/airflow/dags/3_dag_GET_Current_YML_From_Cortex.py
[2026-03-10T12:07:15.948+0000] {processor.py:830} INFO - Processing file /home/cloud/codings/airflow/dags/3_dag_GET_Current_YML_From_Cortex.py for tasks to queue
[2026-03-10T12:07:15.949+0000] {logging_mixin.py:188} INFO - [2026-03-10T12:07:15.948+0000] {dagbag.py:545} INFO - Filling up the DagBag from /home/cloud/codings/airflow/dags/3_dag_GET_Current_YML_From_Cortex.py
[2026-03-10T12:07:15.966+0000] {processor.py:840} INFO - DAG(s) '3_dag_GET_Current_YML_From_Cortex' retrieved from /home/cloud/codings/airflow/dags/3_dag_GET_Current_YML_From_Cortex.py
[2026-03-10T12:07:15.979+0000] {logging_mixin.py:188} INFO - [2026-03-10T12:07:15.978+0000] {dag.py:3089} INFO - Sync 1 DAGs
[2026-03-10T12:07:15.991+0000] {logging_mixin.py:188} INFO - [2026-03-10T12:07:15.990+0000] {dag.py:3947} INFO - Setting next_dagrun for 3_dag_GET_Current_YML_From_Cortex to None, run_after=None
[2026-03-10T12:07:16.013+0000] {processor.py:183} INFO - Processing /home/cloud/codings/airflow/dags/3_dag_GET_Current_YML_From_Cortex.py took 0.071 seconds
[2026-03-10T12:07:46.712+0000] {processor.py:161} INFO - Started process (PID=463190) to work on /home/cloud/codings/airflow/dags/3_dag_GET_Current_YML_From_Cortex.py
[2026-03-10T12:07:46.718+0000] {processor.py:830} INFO - Processing file /home/cloud/codings/airflow/dags/3_dag_GET_Current_YML_From_Cortex.py for tasks to queue
[2026-03-10T12:07:46.720+0000] {logging_mixin.py:188} INFO - [2026-03-10T12:07:46.720+0000] {dagbag.py:545} INFO - Filling up the DagBag from /home/cloud/codings/airflow/dags/3_dag_GET_Current_YML_From_Cortex.py
[2026-03-10T12:07:46.746+0000] {processor.py:840} INFO - DAG(s) '3_dag_GET_Current_YML_From_Cortex' retrieved from /home/cloud/codings/airflow/dags/3_dag_GET_Current_YML_From_Cortex.py
[2026-03-10T12:07:46.761+0000] {logging_mixin.py:188} INFO - [2026-03-10T12:07:46.761+0000] {dag.py:3089} INFO - Sync 1 DAGs
[2026-03-10T12:07:46.774+0000] {logging_mixin.py:188} INFO - [2026-03-10T12:07:46.774+0000] {dag.py:3947} INFO - Setting next_dagrun for 3_dag_GET_Current_YML_From_Cortex to None, run_after=None
[2026-03-10T12:07:46.802+0000] {processor.py:183} INFO - Processing /home/cloud/codings/airflow/dags/3_dag_GET_Current_YML_From_Cortex.py took 0.105 seconds
[2026-03-10T12:08:17.003+0000] {processor.py:161} INFO - Started process (PID=463430) to work on /home/cloud/codings/airflow/dags/3_dag_GET_Current_YML_From_Cortex.py
[2026-03-10T12:08:17.006+0000] {processor.py:830} INFO - Processing file /home/cloud/codings/airflow/dags/3_dag_GET_Current_YML_From_Cortex.py for tasks to queue
[2026-03-10T12:08:17.008+0000] {logging_mixin.py:188} INFO - [2026-03-10T12:08:17.007+0000] {dagbag.py:545} INFO - Filling up the DagBag from /home/cloud/codings/airflow/dags/3_dag_GET_Current_YML_From_Cortex.py
[2026-03-10T12:08:17.046+0000] {processor.py:840} INFO - DAG(s) '3_dag_GET_Current_YML_From_Cortex' retrieved from /home/cloud/codings/airflow/dags/3_dag_GET_Current_YML_From_Cortex.py
[2026-03-10T12:08:17.061+0000] {logging_mixin.py:188} INFO - [2026-03-10T12:08:17.060+0000] {dag.py:3089} INFO - Sync 1 DAGs
[2026-03-10T12:08:17.071+0000] {logging_mixin.py:188} INFO - [2026-03-10T12:08:17.071+0000] {dag.py:3947} INFO - Setting next_dagrun for 3_dag_GET_Current_YML_From_Cortex to None, run_after=None
[2026-03-10T12:08:17.092+0000] {processor.py:183} INFO - Processing /home/cloud/codings/airflow/dags/3_dag_GET_Current_YML_From_Cortex.py took 0.101 seconds
[2026-03-10T12:08:47.504+0000] {processor.py:161} INFO - Started process (PID=463709) to work on /home/cloud/codings/airflow/dags/3_dag_GET_Current_YML_From_Cortex.py
[2026-03-10T12:08:47.506+0000] {processor.py:830} INFO - Processing file /home/cloud/codings/airflow/dags/3_dag_GET_Current_YML_From_Cortex.py for tasks to queue
[2026-03-10T12:08:47.507+0000] {logging_mixin.py:188} INFO - [2026-03-10T12:08:47.506+0000] {dagbag.py:545} INFO - Filling up the DagBag from /home/cloud/codings/airflow/dags/3_dag_GET_Current_YML_From_Cortex.py
[2026-03-10T12:08:47.541+0000] {processor.py:840} INFO - DAG(s) '3_dag_GET_Current_YML_From_Cortex' retrieved from /home/cloud/codings/airflow/dags/3_dag_GET_Current_YML_From_Cortex.py
[2026-03-10T12:08:47.562+0000] {logging_mixin.py:188} INFO - [2026-03-10T12:08:47.562+0000] {dag.py:3089} INFO - Sync 1 DAGs
[2026-03-10T12:08:47.577+0000] {logging_mixin.py:188} INFO - [2026-03-10T12:08:47.577+0000] {dag.py:3947} INFO - Setting next_dagrun for 3_dag_GET_Current_YML_From_Cortex to None, run_after=None
[2026-03-10T12:08:47.606+0000] {processor.py:183} INFO - Processing /home/cloud/codings/airflow/dags/3_dag_GET_Current_YML_From_Cortex.py took 0.111 seconds
[2026-03-10T12:09:17.964+0000] {processor.py:161} INFO - Started process (PID=463983) to work on /home/cloud/codings/airflow/dags/3_dag_GET_Current_YML_From_Cortex.py
[2026-03-10T12:09:17.966+0000] {processor.py:830} INFO - Processing file /home/cloud/codings/airflow/dags/3_dag_GET_Current_YML_From_Cortex.py for tasks to queue
[2026-03-10T12:09:17.967+0000] {logging_mixin.py:188} INFO - [2026-03-10T12:09:17.967+0000] {dagbag.py:545} INFO - Filling up the DagBag from /home/cloud/codings/airflow/dags/3_dag_GET_Current_YML_From_Cortex.py
[2026-03-10T12:09:17.992+0000] {processor.py:840} INFO - DAG(s) '3_dag_GET_Current_YML_From_Cortex' retrieved from /home/cloud/codings/airflow/dags/3_dag_GET_Current_YML_From_Cortex.py
[2026-03-10T12:09:18.009+0000] {logging_mixin.py:188} INFO - [2026-03-10T12:09:18.009+0000] {dag.py:3089} INFO - Sync 1 DAGs
[2026-03-10T12:09:18.022+0000] {logging_mixin.py:188} INFO - [2026-03-10T12:09:18.022+0000] {dag.py:3947} INFO - Setting next_dagrun for 3_dag_GET_Current_YML_From_Cortex to None, run_after=None
[2026-03-10T12:09:18.045+0000] {processor.py:183} INFO - Processing /home/cloud/codings/airflow/dags/3_dag_GET_Current_YML_From_Cortex.py took 0.088 seconds
[2026-03-10T12:09:48.587+0000] {processor.py:161} INFO - Started process (PID=464274) to work on /home/cloud/codings/airflow/dags/3_dag_GET_Current_YML_From_Cortex.py
[2026-03-10T12:09:48.593+0000] {processor.py:830} INFO - Processing file /home/cloud/codings/airflow/dags/3_dag_GET_Current_YML_From_Cortex.py for tasks to queue
[2026-03-10T12:09:48.594+0000] {logging_mixin.py:188} INFO - [2026-03-10T12:09:48.593+0000] {dagbag.py:545} INFO - Filling up the DagBag from /home/cloud/codings/airflow/dags/3_dag_GET_Current_YML_From_Cortex.py
[2026-03-10T12:09:48.613+0000] {processor.py:840} INFO - DAG(s) '3_dag_GET_Current_YML_From_Cortex' retrieved from /home/cloud/codings/airflow/dags/3_dag_GET_Current_YML_From_Cortex.py
[2026-03-10T12:09:48.629+0000] {logging_mixin.py:188} INFO - [2026-03-10T12:09:48.628+0000] {dag.py:3089} INFO - Sync 1 DAGs
[2026-03-10T12:09:48.644+0000] {logging_mixin.py:188} INFO - [2026-03-10T12:09:48.644+0000] {dag.py:3947} INFO - Setting next_dagrun for 3_dag_GET_Current_YML_From_Cortex to None, run_after=None
[2026-03-10T12:09:48.669+0000] {processor.py:183} INFO - Processing /home/cloud/codings/airflow/dags/3_dag_GET_Current_YML_From_Cortex.py took 0.087 seconds
[2026-03-10T12:10:19.600+0000] {processor.py:161} INFO - Started process (PID=464559) to work on /home/cloud/codings/airflow/dags/3_dag_GET_Current_YML_From_Cortex.py
[2026-03-10T12:10:19.606+0000] {processor.py:830} INFO - Processing file /home/cloud/codings/airflow/dags/3_dag_GET_Current_YML_From_Cortex.py for tasks to queue
[2026-03-10T12:10:19.607+0000] {logging_mixin.py:188} INFO - [2026-03-10T12:10:19.607+0000] {dagbag.py:545} INFO - Filling up the DagBag from /home/cloud/codings/airflow/dags/3_dag_GET_Current_YML_From_Cortex.py
[2026-03-10T12:10:19.626+0000] {processor.py:840} INFO - DAG(s) '3_dag_GET_Current_YML_From_Cortex' retrieved from /home/cloud/codings/airflow/dags/3_dag_GET_Current_YML_From_Cortex.py
[2026-03-10T12:10:19.640+0000] {logging_mixin.py:188} INFO - [2026-03-10T12:10:19.639+0000] {dag.py:3089} INFO - Sync 1 DAGs
[2026-03-10T12:10:19.653+0000] {logging_mixin.py:188} INFO - [2026-03-10T12:10:19.653+0000] {dag.py:3947} INFO - Setting next_dagrun for 3_dag_GET_Current_YML_From_Cortex to None, run_after=None
[2026-03-10T12:10:19.675+0000] {processor.py:183} INFO - Processing /home/cloud/codings/airflow/dags/3_dag_GET_Current_YML_From_Cortex.py took 0.080 seconds
[2026-03-10T12:10:50.107+0000] {processor.py:161} INFO - Started process (PID=464845) to work on /home/cloud/codings/airflow/dags/3_dag_GET_Current_YML_From_Cortex.py
[2026-03-10T12:10:50.107+0000] {processor.py:830} INFO - Processing file /home/cloud/codings/airflow/dags/3_dag_GET_Current_YML_From_Cortex.py for tasks to queue
[2026-03-10T12:10:50.108+0000] {logging_mixin.py:188} INFO - [2026-03-10T12:10:50.108+0000] {dagbag.py:545} INFO - Filling up the DagBag from /home/cloud/codings/airflow/dags/3_dag_GET_Current_YML_From_Cortex.py
[2026-03-10T12:10:50.127+0000] {processor.py:840} INFO - DAG(s) '3_dag_GET_Current_YML_From_Cortex' retrieved from /home/cloud/codings/airflow/dags/3_dag_GET_Current_YML_From_Cortex.py
[2026-03-10T12:10:50.139+0000] {logging_mixin.py:188} INFO - [2026-03-10T12:10:50.139+0000] {dag.py:3089} INFO - Sync 1 DAGs
[2026-03-10T12:10:50.151+0000] {logging_mixin.py:188} INFO - [2026-03-10T12:10:50.150+0000] {dag.py:3947} INFO - Setting next_dagrun for 3_dag_GET_Current_YML_From_Cortex to None, run_after=None
[2026-03-10T12:10:50.177+0000] {processor.py:183} INFO - Processing /home/cloud/codings/airflow/dags/3_dag_GET_Current_YML_From_Cortex.py took 0.077 seconds
[2026-03-10T12:11:23.208+0000] {processor.py:161} INFO - Started process (PID=465307) to work on /home/cloud/codings/airflow/dags/3_dag_GET_Current_YML_From_Cortex.py
[2026-03-10T12:11:23.210+0000] {processor.py:830} INFO - Processing file /home/cloud/codings/airflow/dags/3_dag_GET_Current_YML_From_Cortex.py for tasks to queue
[2026-03-10T12:11:23.212+0000] {logging_mixin.py:188} INFO - [2026-03-10T12:11:23.211+0000] {dagbag.py:545} INFO - Filling up the DagBag from /home/cloud/codings/airflow/dags/3_dag_GET_Current_YML_From_Cortex.py
[2026-03-10T12:11:23.257+0000] {processor.py:840} INFO - DAG(s) '3_dag_GET_Current_YML_From_Cortex' retrieved from /home/cloud/codings/airflow/dags/3_dag_GET_Current_YML_From_Cortex.py
[2026-03-10T12:11:23.291+0000] {logging_mixin.py:188} INFO - [2026-03-10T12:11:23.291+0000] {dag.py:3089} INFO - Sync 1 DAGs
[2026-03-10T12:11:23.318+0000] {logging_mixin.py:188} INFO - [2026-03-10T12:11:23.317+0000] {dag.py:3947} INFO - Setting next_dagrun for 3_dag_GET_Current_YML_From_Cortex to None, run_after=None
[2026-03-10T12:11:23.367+0000] {processor.py:183} INFO - Processing /home/cloud/codings/airflow/dags/3_dag_GET_Current_YML_From_Cortex.py took 0.167 seconds
[2026-03-10T12:11:53.749+0000] {processor.py:161} INFO - Started process (PID=465500) to work on /home/cloud/codings/airflow/dags/3_dag_GET_Current_YML_From_Cortex.py
[2026-03-10T12:11:53.754+0000] {processor.py:830} INFO - Processing file /home/cloud/codings/airflow/dags/3_dag_GET_Current_YML_From_Cortex.py for tasks to queue
[2026-03-10T12:11:53.755+0000] {logging_mixin.py:188} INFO - [2026-03-10T12:11:53.755+0000] {dagbag.py:545} INFO - Filling up the DagBag from /home/cloud/codings/airflow/dags/3_dag_GET_Current_YML_From_Cortex.py
[2026-03-10T12:11:53.777+0000] {processor.py:840} INFO - DAG(s) '3_dag_GET_Current_YML_From_Cortex' retrieved from /home/cloud/codings/airflow/dags/3_dag_GET_Current_YML_From_Cortex.py
[2026-03-10T12:11:53.792+0000] {logging_mixin.py:188} INFO - [2026-03-10T12:11:53.792+0000] {dag.py:3089} INFO - Sync 1 DAGs
[2026-03-10T12:11:53.805+0000] {logging_mixin.py:188} INFO - [2026-03-10T12:11:53.805+0000] {dag.py:3947} INFO - Setting next_dagrun for 3_dag_GET_Current_YML_From_Cortex to None, run_after=None
[2026-03-10T12:11:53.830+0000] {processor.py:183} INFO - Processing /home/cloud/codings/airflow/dags/3_dag_GET_Current_YML_From_Cortex.py took 0.087 seconds
[2026-03-10T12:12:23.893+0000] {processor.py:161} INFO - Started process (PID=465566) to work on /home/cloud/codings/airflow/dags/3_dag_GET_Current_YML_From_Cortex.py
[2026-03-10T12:12:23.894+0000] {processor.py:830} INFO - Processing file /home/cloud/codings/airflow/dags/3_dag_GET_Current_YML_From_Cortex.py for tasks to queue
[2026-03-10T12:12:23.895+0000] {logging_mixin.py:188} INFO - [2026-03-10T12:12:23.894+0000] {dagbag.py:545} INFO - Filling up the DagBag from /home/cloud/codings/airflow/dags/3_dag_GET_Current_YML_From_Cortex.py
[2026-03-10T12:12:23.920+0000] {processor.py:840} INFO - DAG(s) '3_dag_GET_Current_YML_From_Cortex' retrieved from /home/cloud/codings/airflow/dags/3_dag_GET_Current_YML_From_Cortex.py
[2026-03-10T12:12:23.936+0000] {logging_mixin.py:188} INFO - [2026-03-10T12:12:23.935+0000] {dag.py:3089} INFO - Sync 1 DAGs
[2026-03-10T12:12:23.949+0000] {logging_mixin.py:188} INFO - [2026-03-10T12:12:23.948+0000] {dag.py:3947} INFO - Setting next_dagrun for 3_dag_GET_Current_YML_From_Cortex to None, run_after=None
[2026-03-10T12:12:23.980+0000] {processor.py:183} INFO - Processing /home/cloud/codings/airflow/dags/3_dag_GET_Current_YML_From_Cortex.py took 0.093 seconds
[2026-03-10T12:12:54.605+0000] {processor.py:161} INFO - Started process (PID=465699) to work on /home/cloud/codings/airflow/dags/3_dag_GET_Current_YML_From_Cortex.py
[2026-03-10T12:12:54.606+0000] {processor.py:830} INFO - Processing file /home/cloud/codings/airflow/dags/3_dag_GET_Current_YML_From_Cortex.py for tasks to queue
[2026-03-10T12:12:54.607+0000] {logging_mixin.py:188} INFO - [2026-03-10T12:12:54.607+0000] {dagbag.py:545} INFO - Filling up the DagBag from /home/cloud/codings/airflow/dags/3_dag_GET_Current_YML_From_Cortex.py
[2026-03-10T12:12:54.628+0000] {processor.py:840} INFO - DAG(s) '3_dag_GET_Current_YML_From_Cortex' retrieved from /home/cloud/codings/airflow/dags/3_dag_GET_Current_YML_From_Cortex.py
[2026-03-10T12:12:54.643+0000] {logging_mixin.py:188} INFO - [2026-03-10T12:12:54.642+0000] {dag.py:3089} INFO - Sync 1 DAGs
[2026-03-10T12:12:54.656+0000] {logging_mixin.py:188} INFO - [2026-03-10T12:12:54.655+0000] {dag.py:3947} INFO - Setting next_dagrun for 3_dag_GET_Current_YML_From_Cortex to None, run_after=None
[2026-03-10T12:12:54.679+0000] {processor.py:183} INFO - Processing /home/cloud/codings/airflow/dags/3_dag_GET_Current_YML_From_Cortex.py took 0.079 seconds
[2026-03-10T12:13:25.436+0000] {processor.py:161} INFO - Started process (PID=465851) to work on /home/cloud/codings/airflow/dags/3_dag_GET_Current_YML_From_Cortex.py
[2026-03-10T12:13:25.437+0000] {processor.py:830} INFO - Processing file /home/cloud/codings/airflow/dags/3_dag_GET_Current_YML_From_Cortex.py for tasks to queue
[2026-03-10T12:13:25.438+0000] {logging_mixin.py:188} INFO - [2026-03-10T12:13:25.438+0000] {dagbag.py:545} INFO - Filling up the DagBag from /home/cloud/codings/airflow/dags/3_dag_GET_Current_YML_From_Cortex.py
[2026-03-10T12:13:25.456+0000] {processor.py:840} INFO - DAG(s) '3_dag_GET_Current_YML_From_Cortex' retrieved from /home/cloud/codings/airflow/dags/3_dag_GET_Current_YML_From_Cortex.py
[2026-03-10T12:13:25.473+0000] {logging_mixin.py:188} INFO - [2026-03-10T12:13:25.472+0000] {dag.py:3089} INFO - Sync 1 DAGs
[2026-03-10T12:13:25.486+0000] {logging_mixin.py:188} INFO - [2026-03-10T12:13:25.486+0000] {dag.py:3947} INFO - Setting next_dagrun for 3_dag_GET_Current_YML_From_Cortex to None, run_after=None
[2026-03-10T12:13:25.514+0000] {processor.py:183} INFO - Processing /home/cloud/codings/airflow/dags/3_dag_GET_Current_YML_From_Cortex.py took 0.082 seconds
[2026-03-10T12:13:56.279+0000] {processor.py:161} INFO - Started process (PID=466009) to work on /home/cloud/codings/airflow/dags/3_dag_GET_Current_YML_From_Cortex.py
[2026-03-10T12:13:56.306+0000] {processor.py:830} INFO - Processing file /home/cloud/codings/airflow/dags/3_dag_GET_Current_YML_From_Cortex.py for tasks to queue
[2026-03-10T12:13:56.307+0000] {logging_mixin.py:188} INFO - [2026-03-10T12:13:56.306+0000] {dagbag.py:545} INFO - Filling up the DagBag from /home/cloud/codings/airflow/dags/3_dag_GET_Current_YML_From_Cortex.py
[2026-03-10T12:13:56.336+0000] {processor.py:840} INFO - DAG(s) '3_dag_GET_Current_YML_From_Cortex' retrieved from /home/cloud/codings/airflow/dags/3_dag_GET_Current_YML_From_Cortex.py
[2026-03-10T12:13:56.347+0000] {logging_mixin.py:188} INFO - [2026-03-10T12:13:56.347+0000] {dag.py:3089} INFO - Sync 1 DAGs
[2026-03-10T12:13:56.357+0000] {logging_mixin.py:188} INFO - [2026-03-10T12:13:56.357+0000] {dag.py:3947} INFO - Setting next_dagrun for 3_dag_GET_Current_YML_From_Cortex to None, run_after=None
[2026-03-10T12:13:56.377+0000] {processor.py:183} INFO - Processing /home/cloud/codings/airflow/dags/3_dag_GET_Current_YML_From_Cortex.py took 0.104 seconds
[2026-03-10T12:14:27.189+0000] {processor.py:161} INFO - Started process (PID=466082) to work on /home/cloud/codings/airflow/dags/3_dag_GET_Current_YML_From_Cortex.py
[2026-03-10T12:14:27.196+0000] {processor.py:830} INFO - Processing file /home/cloud/codings/airflow/dags/3_dag_GET_Current_YML_From_Cortex.py for tasks to queue
[2026-03-10T12:14:27.198+0000] {logging_mixin.py:188} INFO - [2026-03-10T12:14:27.197+0000] {dagbag.py:545} INFO - Filling up the DagBag from /home/cloud/codings/airflow/dags/3_dag_GET_Current_YML_From_Cortex.py
[2026-03-10T12:14:27.222+0000] {processor.py:840} INFO - DAG(s) '3_dag_GET_Current_YML_From_Cortex' retrieved from /home/cloud/codings/airflow/dags/3_dag_GET_Current_YML_From_Cortex.py
[2026-03-10T12:14:27.235+0000] {logging_mixin.py:188} INFO - [2026-03-10T12:14:27.235+0000] {dag.py:3089} INFO - Sync 1 DAGs
[2026-03-10T12:14:27.246+0000] {logging_mixin.py:188} INFO - [2026-03-10T12:14:27.245+0000] {dag.py:3947} INFO - Setting next_dagrun for 3_dag_GET_Current_YML_From_Cortex to None, run_after=None
[2026-03-10T12:14:27.270+0000] {processor.py:183} INFO - Processing /home/cloud/codings/airflow/dags/3_dag_GET_Current_YML_From_Cortex.py took 0.096 seconds
[2026-03-10T12:14:58.188+0000] {processor.py:161} INFO - Started process (PID=466215) to work on /home/cloud/codings/airflow/dags/3_dag_GET_Current_YML_From_Cortex.py
[2026-03-10T12:14:58.193+0000] {processor.py:830} INFO - Processing file /home/cloud/codings/airflow/dags/3_dag_GET_Current_YML_From_Cortex.py for tasks to queue
[2026-03-10T12:14:58.194+0000] {logging_mixin.py:188} INFO - [2026-03-10T12:14:58.194+0000] {dagbag.py:545} INFO - Filling up the DagBag from /home/cloud/codings/airflow/dags/3_dag_GET_Current_YML_From_Cortex.py
[2026-03-10T12:14:58.216+0000] {processor.py:840} INFO - DAG(s) '3_dag_GET_Current_YML_From_Cortex' retrieved from /home/cloud/codings/airflow/dags/3_dag_GET_Current_YML_From_Cortex.py
[2026-03-10T12:14:58.231+0000] {logging_mixin.py:188} INFO - [2026-03-10T12:14:58.231+0000] {dag.py:3089} INFO - Sync 1 DAGs
[2026-03-10T12:14:58.245+0000] {logging_mixin.py:188} INFO - [2026-03-10T12:14:58.245+0000] {dag.py:3947} INFO - Setting next_dagrun for 3_dag_GET_Current_YML_From_Cortex to None, run_after=None
[2026-03-10T12:14:58.280+0000] {processor.py:183} INFO - Processing /home/cloud/codings/airflow/dags/3_dag_GET_Current_YML_From_Cortex.py took 0.110 seconds
[2026-03-10T12:15:28.600+0000] {processor.py:161} INFO - Started process (PID=466473) to work on /home/cloud/codings/airflow/dags/3_dag_GET_Current_YML_From_Cortex.py
[2026-03-10T12:15:28.601+0000] {processor.py:830} INFO - Processing file /home/cloud/codings/airflow/dags/3_dag_GET_Current_YML_From_Cortex.py for tasks to queue
[2026-03-10T12:15:28.601+0000] {logging_mixin.py:188} INFO - [2026-03-10T12:15:28.601+0000] {dagbag.py:545} INFO - Filling up the DagBag from /home/cloud/codings/airflow/dags/3_dag_GET_Current_YML_From_Cortex.py
[2026-03-10T12:15:28.621+0000] {processor.py:840} INFO - DAG(s) '3_dag_GET_Current_YML_From_Cortex' retrieved from /home/cloud/codings/airflow/dags/3_dag_GET_Current_YML_From_Cortex.py
[2026-03-10T12:15:28.635+0000] {logging_mixin.py:188} INFO - [2026-03-10T12:15:28.635+0000] {dag.py:3089} INFO - Sync 1 DAGs
[2026-03-10T12:15:28.647+0000] {logging_mixin.py:188} INFO - [2026-03-10T12:15:28.646+0000] {dag.py:3947} INFO - Setting next_dagrun for 3_dag_GET_Current_YML_From_Cortex to None, run_after=None
[2026-03-10T12:15:28.671+0000] {processor.py:183} INFO - Processing /home/cloud/codings/airflow/dags/3_dag_GET_Current_YML_From_Cortex.py took 0.076 seconds
[2026-03-10T12:15:59.481+0000] {processor.py:161} INFO - Started process (PID=466608) to work on /home/cloud/codings/airflow/dags/3_dag_GET_Current_YML_From_Cortex.py
[2026-03-10T12:15:59.485+0000] {processor.py:830} INFO - Processing file /home/cloud/codings/airflow/dags/3_dag_GET_Current_YML_From_Cortex.py for tasks to queue
[2026-03-10T12:15:59.487+0000] {logging_mixin.py:188} INFO - [2026-03-10T12:15:59.486+0000] {dagbag.py:545} INFO - Filling up the DagBag from /home/cloud/codings/airflow/dags/3_dag_GET_Current_YML_From_Cortex.py
[2026-03-10T12:15:59.512+0000] {processor.py:840} INFO - DAG(s) '3_dag_GET_Current_YML_From_Cortex' retrieved from /home/cloud/codings/airflow/dags/3_dag_GET_Current_YML_From_Cortex.py
[2026-03-10T12:15:59.528+0000] {logging_mixin.py:188} INFO - [2026-03-10T12:15:59.528+0000] {dag.py:3089} INFO - Sync 1 DAGs
[2026-03-10T12:15:59.541+0000] {logging_mixin.py:188} INFO - [2026-03-10T12:15:59.541+0000] {dag.py:3947} INFO - Setting next_dagrun for 3_dag_GET_Current_YML_From_Cortex to None, run_after=None
[2026-03-10T12:15:59.567+0000] {processor.py:183} INFO - Processing /home/cloud/codings/airflow/dags/3_dag_GET_Current_YML_From_Cortex.py took 0.091 seconds
[2026-03-10T12:16:30.413+0000] {processor.py:161} INFO - Started process (PID=466706) to work on /home/cloud/codings/airflow/dags/3_dag_GET_Current_YML_From_Cortex.py
[2026-03-10T12:16:30.414+0000] {processor.py:830} INFO - Processing file /home/cloud/codings/airflow/dags/3_dag_GET_Current_YML_From_Cortex.py for tasks to queue
[2026-03-10T12:16:30.417+0000] {logging_mixin.py:188} INFO - [2026-03-10T12:16:30.416+0000] {dagbag.py:545} INFO - Filling up the DagBag from /home/cloud/codings/airflow/dags/3_dag_GET_Current_YML_From_Cortex.py
[2026-03-10T12:16:30.438+0000] {processor.py:840} INFO - DAG(s) '3_dag_GET_Current_YML_From_Cortex' retrieved from /home/cloud/codings/airflow/dags/3_dag_GET_Current_YML_From_Cortex.py
[2026-03-10T12:16:30.454+0000] {logging_mixin.py:188} INFO - [2026-03-10T12:16:30.453+0000] {dag.py:3089} INFO - Sync 1 DAGs
[2026-03-10T12:16:30.468+0000] {logging_mixin.py:188} INFO - [2026-03-10T12:16:30.468+0000] {dag.py:3947} INFO - Setting next_dagrun for 3_dag_GET_Current_YML_From_Cortex to None, run_after=None
[2026-03-10T12:16:30.494+0000] {processor.py:183} INFO - Processing /home/cloud/codings/airflow/dags/3_dag_GET_Current_YML_From_Cortex.py took 0.086 seconds
[2026-03-10T12:17:00.600+0000] {processor.py:161} INFO - Started process (PID=466808) to work on /home/cloud/codings/airflow/dags/3_dag_GET_Current_YML_From_Cortex.py
[2026-03-10T12:17:00.605+0000] {processor.py:830} INFO - Processing file /home/cloud/codings/airflow/dags/3_dag_GET_Current_YML_From_Cortex.py for tasks to queue
[2026-03-10T12:17:00.607+0000] {logging_mixin.py:188} INFO - [2026-03-10T12:17:00.606+0000] {dagbag.py:545} INFO - Filling up the DagBag from /home/cloud/codings/airflow/dags/3_dag_GET_Current_YML_From_Cortex.py
[2026-03-10T12:17:00.632+0000] {processor.py:840} INFO - DAG(s) '3_dag_GET_Current_YML_From_Cortex' retrieved from /home/cloud/codings/airflow/dags/3_dag_GET_Current_YML_From_Cortex.py
[2026-03-10T12:17:00.646+0000] {logging_mixin.py:188} INFO - [2026-03-10T12:17:00.646+0000] {dag.py:3089} INFO - Sync 1 DAGs
[2026-03-10T12:17:00.660+0000] {logging_mixin.py:188} INFO - [2026-03-10T12:17:00.660+0000] {dag.py:3947} INFO - Setting next_dagrun for 3_dag_GET_Current_YML_From_Cortex to None, run_after=None
[2026-03-10T12:17:00.685+0000] {processor.py:183} INFO - Processing /home/cloud/codings/airflow/dags/3_dag_GET_Current_YML_From_Cortex.py took 0.098 seconds
[2026-03-10T12:17:31.367+0000] {processor.py:161} INFO - Started process (PID=466974) to work on /home/cloud/codings/airflow/dags/3_dag_GET_Current_YML_From_Cortex.py
[2026-03-10T12:17:31.372+0000] {processor.py:830} INFO - Processing file /home/cloud/codings/airflow/dags/3_dag_GET_Current_YML_From_Cortex.py for tasks to queue
[2026-03-10T12:17:31.373+0000] {logging_mixin.py:188} INFO - [2026-03-10T12:17:31.373+0000] {dagbag.py:545} INFO - Filling up the DagBag from /home/cloud/codings/airflow/dags/3_dag_GET_Current_YML_From_Cortex.py
[2026-03-10T12:17:31.408+0000] {processor.py:840} INFO - DAG(s) '3_dag_GET_Current_YML_From_Cortex' retrieved from /home/cloud/codings/airflow/dags/3_dag_GET_Current_YML_From_Cortex.py
[2026-03-10T12:17:31.428+0000] {logging_mixin.py:188} INFO - [2026-03-10T12:17:31.428+0000] {dag.py:3089} INFO - Sync 1 DAGs
[2026-03-10T12:17:31.447+0000] {logging_mixin.py:188} INFO - [2026-03-10T12:17:31.447+0000] {dag.py:3947} INFO - Setting next_dagrun for 3_dag_GET_Current_YML_From_Cortex to None, run_after=None
[2026-03-10T12:17:31.478+0000] {processor.py:183} INFO - Processing /home/cloud/codings/airflow/dags/3_dag_GET_Current_YML_From_Cortex.py took 0.118 seconds
[2026-03-10T12:18:01.609+0000] {processor.py:161} INFO - Started process (PID=467310) to work on /home/cloud/codings/airflow/dags/3_dag_GET_Current_YML_From_Cortex.py
[2026-03-10T12:18:01.614+0000] {processor.py:830} INFO - Processing file /home/cloud/codings/airflow/dags/3_dag_GET_Current_YML_From_Cortex.py for tasks to queue
[2026-03-10T12:18:01.617+0000] {logging_mixin.py:188} INFO - [2026-03-10T12:18:01.616+0000] {dagbag.py:545} INFO - Filling up the DagBag from /home/cloud/codings/airflow/dags/3_dag_GET_Current_YML_From_Cortex.py
[2026-03-10T12:18:01.640+0000] {processor.py:840} INFO - DAG(s) '3_dag_GET_Current_YML_From_Cortex' retrieved from /home/cloud/codings/airflow/dags/3_dag_GET_Current_YML_From_Cortex.py
[2026-03-10T12:18:01.655+0000] {logging_mixin.py:188} INFO - [2026-03-10T12:18:01.655+0000] {dag.py:3089} INFO - Sync 1 DAGs
[2026-03-10T12:18:01.666+0000] {logging_mixin.py:188} INFO - [2026-03-10T12:18:01.666+0000] {dag.py:3947} INFO - Setting next_dagrun for 3_dag_GET_Current_YML_From_Cortex to None, run_after=None
[2026-03-10T12:18:01.692+0000] {processor.py:183} INFO - Processing /home/cloud/codings/airflow/dags/3_dag_GET_Current_YML_From_Cortex.py took 0.089 seconds
[2026-03-10T12:18:32.604+0000] {processor.py:161} INFO - Started process (PID=467597) to work on /home/cloud/codings/airflow/dags/3_dag_GET_Current_YML_From_Cortex.py
[2026-03-10T12:18:32.609+0000] {processor.py:830} INFO - Processing file /home/cloud/codings/airflow/dags/3_dag_GET_Current_YML_From_Cortex.py for tasks to queue
[2026-03-10T12:18:32.610+0000] {logging_mixin.py:188} INFO - [2026-03-10T12:18:32.610+0000] {dagbag.py:545} INFO - Filling up the DagBag from /home/cloud/codings/airflow/dags/3_dag_GET_Current_YML_From_Cortex.py
[2026-03-10T12:18:32.632+0000] {processor.py:840} INFO - DAG(s) '3_dag_GET_Current_YML_From_Cortex' retrieved from /home/cloud/codings/airflow/dags/3_dag_GET_Current_YML_From_Cortex.py
[2026-03-10T12:18:32.646+0000] {logging_mixin.py:188} INFO - [2026-03-10T12:18:32.645+0000] {dag.py:3089} INFO - Sync 1 DAGs
[2026-03-10T12:18:32.657+0000] {logging_mixin.py:188} INFO - [2026-03-10T12:18:32.657+0000] {dag.py:3947} INFO - Setting next_dagrun for 3_dag_GET_Current_YML_From_Cortex to None, run_after=None
[2026-03-10T12:18:32.680+0000] {processor.py:183} INFO - Processing /home/cloud/codings/airflow/dags/3_dag_GET_Current_YML_From_Cortex.py took 0.087 seconds
[2026-03-10T12:19:03.223+0000] {processor.py:161} INFO - Started process (PID=467817) to work on /home/cloud/codings/airflow/dags/3_dag_GET_Current_YML_From_Cortex.py
[2026-03-10T12:19:03.229+0000] {processor.py:830} INFO - Processing file /home/cloud/codings/airflow/dags/3_dag_GET_Current_YML_From_Cortex.py for tasks to queue
[2026-03-10T12:19:03.230+0000] {logging_mixin.py:188} INFO - [2026-03-10T12:19:03.230+0000] {dagbag.py:545} INFO - Filling up the DagBag from /home/cloud/codings/airflow/dags/3_dag_GET_Current_YML_From_Cortex.py
[2026-03-10T12:19:03.261+0000] {processor.py:840} INFO - DAG(s) '3_dag_GET_Current_YML_From_Cortex' retrieved from /home/cloud/codings/airflow/dags/3_dag_GET_Current_YML_From_Cortex.py
[2026-03-10T12:19:03.282+0000] {logging_mixin.py:188} INFO - [2026-03-10T12:19:03.282+0000] {dag.py:3089} INFO - Sync 1 DAGs
[2026-03-10T12:19:03.302+0000] {logging_mixin.py:188} INFO - [2026-03-10T12:19:03.302+0000] {dag.py:3947} INFO - Setting next_dagrun for 3_dag_GET_Current_YML_From_Cortex to None, run_after=None
[2026-03-10T12:19:03.331+0000] {processor.py:183} INFO - Processing /home/cloud/codings/airflow/dags/3_dag_GET_Current_YML_From_Cortex.py took 0.116 seconds
[2026-03-10T12:19:33.527+0000] {processor.py:161} INFO - Started process (PID=468098) to work on /home/cloud/codings/airflow/dags/3_dag_GET_Current_YML_From_Cortex.py
[2026-03-10T12:19:33.532+0000] {processor.py:830} INFO - Processing file /home/cloud/codings/airflow/dags/3_dag_GET_Current_YML_From_Cortex.py for tasks to queue
[2026-03-10T12:19:33.534+0000] {logging_mixin.py:188} INFO - [2026-03-10T12:19:33.533+0000] {dagbag.py:545} INFO - Filling up the DagBag from /home/cloud/codings/airflow/dags/3_dag_GET_Current_YML_From_Cortex.py
[2026-03-10T12:19:33.579+0000] {processor.py:840} INFO - DAG(s) '3_dag_GET_Current_YML_From_Cortex' retrieved from /home/cloud/codings/airflow/dags/3_dag_GET_Current_YML_From_Cortex.py
[2026-03-10T12:19:33.609+0000] {logging_mixin.py:188} INFO - [2026-03-10T12:19:33.609+0000] {dag.py:3089} INFO - Sync 1 DAGs
[2026-03-10T12:19:33.643+0000] {logging_mixin.py:188} INFO - [2026-03-10T12:19:33.643+0000] {dag.py:3947} INFO - Setting next_dagrun for 3_dag_GET_Current_YML_From_Cortex to None, run_after=None
[2026-03-10T12:19:33.694+0000] {processor.py:183} INFO - Processing /home/cloud/codings/airflow/dags/3_dag_GET_Current_YML_From_Cortex.py took 0.178 seconds
[2026-03-10T12:20:04.678+0000] {processor.py:161} INFO - Started process (PID=468314) to work on /home/cloud/codings/airflow/dags/3_dag_GET_Current_YML_From_Cortex.py
[2026-03-10T12:20:04.685+0000] {processor.py:830} INFO - Processing file /home/cloud/codings/airflow/dags/3_dag_GET_Current_YML_From_Cortex.py for tasks to queue
[2026-03-10T12:20:04.686+0000] {logging_mixin.py:188} INFO - [2026-03-10T12:20:04.685+0000] {dagbag.py:545} INFO - Filling up the DagBag from /home/cloud/codings/airflow/dags/3_dag_GET_Current_YML_From_Cortex.py
[2026-03-10T12:20:04.738+0000] {processor.py:840} INFO - DAG(s) '3_dag_GET_Current_YML_From_Cortex' retrieved from /home/cloud/codings/airflow/dags/3_dag_GET_Current_YML_From_Cortex.py
[2026-03-10T12:20:04.780+0000] {logging_mixin.py:188} INFO - [2026-03-10T12:20:04.775+0000] {dag.py:3089} INFO - Sync 1 DAGs
[2026-03-10T12:20:04.817+0000] {logging_mixin.py:188} INFO - [2026-03-10T12:20:04.816+0000] {dag.py:3947} INFO - Setting next_dagrun for 3_dag_GET_Current_YML_From_Cortex to None, run_after=None
[2026-03-10T12:20:04.849+0000] {processor.py:183} INFO - Processing /home/cloud/codings/airflow/dags/3_dag_GET_Current_YML_From_Cortex.py took 0.191 seconds
[2026-03-10T12:20:34.967+0000] {processor.py:161} INFO - Started process (PID=468628) to work on /home/cloud/codings/airflow/dags/3_dag_GET_Current_YML_From_Cortex.py
[2026-03-10T12:20:34.969+0000] {processor.py:830} INFO - Processing file /home/cloud/codings/airflow/dags/3_dag_GET_Current_YML_From_Cortex.py for tasks to queue
[2026-03-10T12:20:34.970+0000] {logging_mixin.py:188} INFO - [2026-03-10T12:20:34.969+0000] {dagbag.py:545} INFO - Filling up the DagBag from /home/cloud/codings/airflow/dags/3_dag_GET_Current_YML_From_Cortex.py
[2026-03-10T12:20:34.998+0000] {processor.py:840} INFO - DAG(s) '3_dag_GET_Current_YML_From_Cortex' retrieved from /home/cloud/codings/airflow/dags/3_dag_GET_Current_YML_From_Cortex.py
[2026-03-10T12:20:35.023+0000] {logging_mixin.py:188} INFO - [2026-03-10T12:20:35.023+0000] {dag.py:3089} INFO - Sync 1 DAGs
[2026-03-10T12:20:35.045+0000] {logging_mixin.py:188} INFO - [2026-03-10T12:20:35.044+0000] {dag.py:3947} INFO - Setting next_dagrun for 3_dag_GET_Current_YML_From_Cortex to None, run_after=None
[2026-03-10T12:20:35.078+0000] {processor.py:183} INFO - Processing /home/cloud/codings/airflow/dags/3_dag_GET_Current_YML_From_Cortex.py took 0.118 seconds
[2026-03-10T12:21:06.145+0000] {processor.py:161} INFO - Started process (PID=468847) to work on /home/cloud/codings/airflow/dags/3_dag_GET_Current_YML_From_Cortex.py
[2026-03-10T12:21:06.150+0000] {processor.py:830} INFO - Processing file /home/cloud/codings/airflow/dags/3_dag_GET_Current_YML_From_Cortex.py for tasks to queue
[2026-03-10T12:21:06.150+0000] {logging_mixin.py:188} INFO - [2026-03-10T12:21:06.150+0000] {dagbag.py:545} INFO - Filling up the DagBag from /home/cloud/codings/airflow/dags/3_dag_GET_Current_YML_From_Cortex.py
[2026-03-10T12:21:06.173+0000] {processor.py:840} INFO - DAG(s) '3_dag_GET_Current_YML_From_Cortex' retrieved from /home/cloud/codings/airflow/dags/3_dag_GET_Current_YML_From_Cortex.py
[2026-03-10T12:21:06.189+0000] {logging_mixin.py:188} INFO - [2026-03-10T12:21:06.189+0000] {dag.py:3089} INFO - Sync 1 DAGs
[2026-03-10T12:21:06.203+0000] {logging_mixin.py:188} INFO - [2026-03-10T12:21:06.203+0000] {dag.py:3947} INFO - Setting next_dagrun for 3_dag_GET_Current_YML_From_Cortex to None, run_after=None
[2026-03-10T12:21:06.230+0000] {processor.py:183} INFO - Processing /home/cloud/codings/airflow/dags/3_dag_GET_Current_YML_From_Cortex.py took 0.091 seconds
[2026-03-10T12:21:36.315+0000] {processor.py:161} INFO - Started process (PID=469130) to work on /home/cloud/codings/airflow/dags/3_dag_GET_Current_YML_From_Cortex.py
[2026-03-10T12:21:36.316+0000] {processor.py:830} INFO - Processing file /home/cloud/codings/airflow/dags/3_dag_GET_Current_YML_From_Cortex.py for tasks to queue
[2026-03-10T12:21:36.317+0000] {logging_mixin.py:188} INFO - [2026-03-10T12:21:36.316+0000] {dagbag.py:545} INFO - Filling up the DagBag from /home/cloud/codings/airflow/dags/3_dag_GET_Current_YML_From_Cortex.py
[2026-03-10T12:21:36.340+0000] {processor.py:840} INFO - DAG(s) '3_dag_GET_Current_YML_From_Cortex' retrieved from /home/cloud/codings/airflow/dags/3_dag_GET_Current_YML_From_Cortex.py
[2026-03-10T12:21:36.358+0000] {logging_mixin.py:188} INFO - [2026-03-10T12:21:36.357+0000] {dag.py:3089} INFO - Sync 1 DAGs
[2026-03-10T12:21:36.371+0000] {logging_mixin.py:188} INFO - [2026-03-10T12:21:36.370+0000] {dag.py:3947} INFO - Setting next_dagrun for 3_dag_GET_Current_YML_From_Cortex to None, run_after=None
[2026-03-10T12:21:36.403+0000] {processor.py:183} INFO - Processing /home/cloud/codings/airflow/dags/3_dag_GET_Current_YML_From_Cortex.py took 0.095 seconds
[2026-03-10T12:22:06.545+0000] {processor.py:161} INFO - Started process (PID=469294) to work on /home/cloud/codings/airflow/dags/3_dag_GET_Current_YML_From_Cortex.py
[2026-03-10T12:22:06.551+0000] {processor.py:830} INFO - Processing file /home/cloud/codings/airflow/dags/3_dag_GET_Current_YML_From_Cortex.py for tasks to queue
[2026-03-10T12:22:06.552+0000] {logging_mixin.py:188} INFO - [2026-03-10T12:22:06.551+0000] {dagbag.py:545} INFO - Filling up the DagBag from /home/cloud/codings/airflow/dags/3_dag_GET_Current_YML_From_Cortex.py
[2026-03-10T12:22:06.572+0000] {processor.py:840} INFO - DAG(s) '3_dag_GET_Current_YML_From_Cortex' retrieved from /home/cloud/codings/airflow/dags/3_dag_GET_Current_YML_From_Cortex.py
[2026-03-10T12:22:06.586+0000] {logging_mixin.py:188} INFO - [2026-03-10T12:22:06.586+0000] {dag.py:3089} INFO - Sync 1 DAGs
[2026-03-10T12:22:06.600+0000] {logging_mixin.py:188} INFO - [2026-03-10T12:22:06.600+0000] {dag.py:3947} INFO - Setting next_dagrun for 3_dag_GET_Current_YML_From_Cortex to None, run_after=None
[2026-03-10T12:22:06.628+0000] {processor.py:183} INFO - Processing /home/cloud/codings/airflow/dags/3_dag_GET_Current_YML_From_Cortex.py took 0.088 seconds
[2026-03-10T12:22:37.187+0000] {processor.py:161} INFO - Started process (PID=469646) to work on /home/cloud/codings/airflow/dags/3_dag_GET_Current_YML_From_Cortex.py
[2026-03-10T12:22:37.192+0000] {processor.py:830} INFO - Processing file /home/cloud/codings/airflow/dags/3_dag_GET_Current_YML_From_Cortex.py for tasks to queue
[2026-03-10T12:22:37.193+0000] {logging_mixin.py:188} INFO - [2026-03-10T12:22:37.193+0000] {dagbag.py:545} INFO - Filling up the DagBag from /home/cloud/codings/airflow/dags/3_dag_GET_Current_YML_From_Cortex.py
[2026-03-10T12:22:37.225+0000] {processor.py:840} INFO - DAG(s) '3_dag_GET_Current_YML_From_Cortex' retrieved from /home/cloud/codings/airflow/dags/3_dag_GET_Current_YML_From_Cortex.py
[2026-03-10T12:22:37.243+0000] {logging_mixin.py:188} INFO - [2026-03-10T12:22:37.243+0000] {dag.py:3089} INFO - Sync 1 DAGs
[2026-03-10T12:22:37.260+0000] {logging_mixin.py:188} INFO - [2026-03-10T12:22:37.260+0000] {dag.py:3947} INFO - Setting next_dagrun for 3_dag_GET_Current_YML_From_Cortex to None, run_after=None
[2026-03-10T12:22:37.290+0000] {processor.py:183} INFO - Processing /home/cloud/codings/airflow/dags/3_dag_GET_Current_YML_From_Cortex.py took 0.113 seconds
[2026-03-10T12:23:55.585+0000] {processor.py:161} INFO - Started process (PID=470801) to work on /home/cloud/codings/airflow/dags/3_dag_GET_Current_YML_From_Cortex.py
[2026-03-10T12:23:55.587+0000] {processor.py:830} INFO - Processing file /home/cloud/codings/airflow/dags/3_dag_GET_Current_YML_From_Cortex.py for tasks to queue
[2026-03-10T12:23:55.588+0000] {logging_mixin.py:188} INFO - [2026-03-10T12:23:55.587+0000] {dagbag.py:545} INFO - Filling up the DagBag from /home/cloud/codings/airflow/dags/3_dag_GET_Current_YML_From_Cortex.py
[2026-03-10T12:23:55.612+0000] {processor.py:840} INFO - DAG(s) '3_dag_GET_Current_YML_From_Cortex' retrieved from /home/cloud/codings/airflow/dags/3_dag_GET_Current_YML_From_Cortex.py
[2026-03-10T12:23:55.635+0000] {logging_mixin.py:188} INFO - [2026-03-10T12:23:55.635+0000] {dag.py:3089} INFO - Sync 1 DAGs
[2026-03-10T12:23:55.651+0000] {logging_mixin.py:188} INFO - [2026-03-10T12:23:55.650+0000] {dag.py:3947} INFO - Setting next_dagrun for 3_dag_GET_Current_YML_From_Cortex to None, run_after=None
[2026-03-10T12:23:55.680+0000] {processor.py:183} INFO - Processing /home/cloud/codings/airflow/dags/3_dag_GET_Current_YML_From_Cortex.py took 0.102 seconds
[2026-03-10T12:24:26.531+0000] {processor.py:161} INFO - Started process (PID=470953) to work on /home/cloud/codings/airflow/dags/3_dag_GET_Current_YML_From_Cortex.py
[2026-03-10T12:24:26.536+0000] {processor.py:830} INFO - Processing file /home/cloud/codings/airflow/dags/3_dag_GET_Current_YML_From_Cortex.py for tasks to queue
[2026-03-10T12:24:26.537+0000] {logging_mixin.py:188} INFO - [2026-03-10T12:24:26.537+0000] {dagbag.py:545} INFO - Filling up the DagBag from /home/cloud/codings/airflow/dags/3_dag_GET_Current_YML_From_Cortex.py
[2026-03-10T12:24:26.557+0000] {processor.py:840} INFO - DAG(s) '3_dag_GET_Current_YML_From_Cortex' retrieved from /home/cloud/codings/airflow/dags/3_dag_GET_Current_YML_From_Cortex.py
[2026-03-10T12:24:26.577+0000] {logging_mixin.py:188} INFO - [2026-03-10T12:24:26.577+0000] {dag.py:3089} INFO - Sync 1 DAGs
[2026-03-10T12:24:26.595+0000] {logging_mixin.py:188} INFO - [2026-03-10T12:24:26.595+0000] {dag.py:3947} INFO - Setting next_dagrun for 3_dag_GET_Current_YML_From_Cortex to None, run_after=None
[2026-03-10T12:24:26.633+0000] {processor.py:183} INFO - Processing /home/cloud/codings/airflow/dags/3_dag_GET_Current_YML_From_Cortex.py took 0.107 seconds
[2026-03-10T12:24:57.393+0000] {processor.py:161} INFO - Started process (PID=471232) to work on /home/cloud/codings/airflow/dags/3_dag_GET_Current_YML_From_Cortex.py
[2026-03-10T12:24:57.395+0000] {processor.py:830} INFO - Processing file /home/cloud/codings/airflow/dags/3_dag_GET_Current_YML_From_Cortex.py for tasks to queue
[2026-03-10T12:24:57.397+0000] {logging_mixin.py:188} INFO - [2026-03-10T12:24:57.396+0000] {dagbag.py:545} INFO - Filling up the DagBag from /home/cloud/codings/airflow/dags/3_dag_GET_Current_YML_From_Cortex.py
[2026-03-10T12:24:57.430+0000] {processor.py:840} INFO - DAG(s) '3_dag_GET_Current_YML_From_Cortex' retrieved from /home/cloud/codings/airflow/dags/3_dag_GET_Current_YML_From_Cortex.py
[2026-03-10T12:24:57.454+0000] {logging_mixin.py:188} INFO - [2026-03-10T12:24:57.454+0000] {dag.py:3089} INFO - Sync 1 DAGs
[2026-03-10T12:24:57.477+0000] {logging_mixin.py:188} INFO - [2026-03-10T12:24:57.476+0000] {dag.py:3947} INFO - Setting next_dagrun for 3_dag_GET_Current_YML_From_Cortex to None, run_after=None
[2026-03-10T12:24:57.513+0000] {processor.py:183} INFO - Processing /home/cloud/codings/airflow/dags/3_dag_GET_Current_YML_From_Cortex.py took 0.127 seconds
[2026-03-10T12:25:28.288+0000] {processor.py:161} INFO - Started process (PID=471511) to work on /home/cloud/codings/airflow/dags/3_dag_GET_Current_YML_From_Cortex.py
[2026-03-10T12:25:28.290+0000] {processor.py:830} INFO - Processing file /home/cloud/codings/airflow/dags/3_dag_GET_Current_YML_From_Cortex.py for tasks to queue
[2026-03-10T12:25:28.291+0000] {logging_mixin.py:188} INFO - [2026-03-10T12:25:28.291+0000] {dagbag.py:545} INFO - Filling up the DagBag from /home/cloud/codings/airflow/dags/3_dag_GET_Current_YML_From_Cortex.py
[2026-03-10T12:25:28.311+0000] {processor.py:840} INFO - DAG(s) '3_dag_GET_Current_YML_From_Cortex' retrieved from /home/cloud/codings/airflow/dags/3_dag_GET_Current_YML_From_Cortex.py
[2026-03-10T12:25:28.327+0000] {logging_mixin.py:188} INFO - [2026-03-10T12:25:28.327+0000] {dag.py:3089} INFO - Sync 1 DAGs
[2026-03-10T12:25:28.340+0000] {logging_mixin.py:188} INFO - [2026-03-10T12:25:28.340+0000] {dag.py:3947} INFO - Setting next_dagrun for 3_dag_GET_Current_YML_From_Cortex to None, run_after=None
[2026-03-10T12:25:28.365+0000] {processor.py:183} INFO - Processing /home/cloud/codings/airflow/dags/3_dag_GET_Current_YML_From_Cortex.py took 0.081 seconds
[2026-03-10T12:25:59.195+0000] {processor.py:161} INFO - Started process (PID=471764) to work on /home/cloud/codings/airflow/dags/3_dag_GET_Current_YML_From_Cortex.py
[2026-03-10T12:25:59.202+0000] {processor.py:830} INFO - Processing file /home/cloud/codings/airflow/dags/3_dag_GET_Current_YML_From_Cortex.py for tasks to queue
[2026-03-10T12:25:59.204+0000] {logging_mixin.py:188} INFO - [2026-03-10T12:25:59.203+0000] {dagbag.py:545} INFO - Filling up the DagBag from /home/cloud/codings/airflow/dags/3_dag_GET_Current_YML_From_Cortex.py
[2026-03-10T12:25:59.257+0000] {processor.py:840} INFO - DAG(s) '3_dag_GET_Current_YML_From_Cortex' retrieved from /home/cloud/codings/airflow/dags/3_dag_GET_Current_YML_From_Cortex.py
[2026-03-10T12:25:59.294+0000] {logging_mixin.py:188} INFO - [2026-03-10T12:25:59.293+0000] {dag.py:3089} INFO - Sync 1 DAGs
[2026-03-10T12:25:59.322+0000] {logging_mixin.py:188} INFO - [2026-03-10T12:25:59.321+0000] {dag.py:3947} INFO - Setting next_dagrun for 3_dag_GET_Current_YML_From_Cortex to None, run_after=None
[2026-03-10T12:25:59.373+0000] {processor.py:183} INFO - Processing /home/cloud/codings/airflow/dags/3_dag_GET_Current_YML_From_Cortex.py took 0.193 seconds
[2026-03-10T12:26:31.421+0000] {processor.py:161} INFO - Started process (PID=472010) to work on /home/cloud/codings/airflow/dags/3_dag_GET_Current_YML_From_Cortex.py
[2026-03-10T12:26:31.427+0000] {processor.py:830} INFO - Processing file /home/cloud/codings/airflow/dags/3_dag_GET_Current_YML_From_Cortex.py for tasks to queue
[2026-03-10T12:26:31.428+0000] {logging_mixin.py:188} INFO - [2026-03-10T12:26:31.427+0000] {dagbag.py:545} INFO - Filling up the DagBag from /home/cloud/codings/airflow/dags/3_dag_GET_Current_YML_From_Cortex.py
[2026-03-10T12:26:31.451+0000] {processor.py:840} INFO - DAG(s) '3_dag_GET_Current_YML_From_Cortex' retrieved from /home/cloud/codings/airflow/dags/3_dag_GET_Current_YML_From_Cortex.py
[2026-03-10T12:26:31.470+0000] {logging_mixin.py:188} INFO - [2026-03-10T12:26:31.470+0000] {dag.py:3089} INFO - Sync 1 DAGs
[2026-03-10T12:26:31.494+0000] {logging_mixin.py:188} INFO - [2026-03-10T12:26:31.494+0000] {dag.py:3947} INFO - Setting next_dagrun for 3_dag_GET_Current_YML_From_Cortex to None, run_after=None
[2026-03-10T12:26:31.532+0000] {processor.py:183} INFO - Processing /home/cloud/codings/airflow/dags/3_dag_GET_Current_YML_From_Cortex.py took 0.119 seconds
[2026-03-10T12:27:02.230+0000] {processor.py:161} INFO - Started process (PID=472270) to work on /home/cloud/codings/airflow/dags/3_dag_GET_Current_YML_From_Cortex.py
[2026-03-10T12:27:02.232+0000] {processor.py:830} INFO - Processing file /home/cloud/codings/airflow/dags/3_dag_GET_Current_YML_From_Cortex.py for tasks to queue
[2026-03-10T12:27:02.233+0000] {logging_mixin.py:188} INFO - [2026-03-10T12:27:02.233+0000] {dagbag.py:545} INFO - Filling up the DagBag from /home/cloud/codings/airflow/dags/3_dag_GET_Current_YML_From_Cortex.py
[2026-03-10T12:27:02.252+0000] {processor.py:840} INFO - DAG(s) '3_dag_GET_Current_YML_From_Cortex' retrieved from /home/cloud/codings/airflow/dags/3_dag_GET_Current_YML_From_Cortex.py
[2026-03-10T12:27:02.266+0000] {logging_mixin.py:188} INFO - [2026-03-10T12:27:02.266+0000] {dag.py:3089} INFO - Sync 1 DAGs
[2026-03-10T12:27:02.280+0000] {logging_mixin.py:188} INFO - [2026-03-10T12:27:02.280+0000] {dag.py:3947} INFO - Setting next_dagrun for 3_dag_GET_Current_YML_From_Cortex to None, run_after=None
[2026-03-10T12:27:02.313+0000] {processor.py:183} INFO - Processing /home/cloud/codings/airflow/dags/3_dag_GET_Current_YML_From_Cortex.py took 0.090 seconds
[2026-03-10T12:27:33.542+0000] {processor.py:161} INFO - Started process (PID=472490) to work on /home/cloud/codings/airflow/dags/3_dag_GET_Current_YML_From_Cortex.py
[2026-03-10T12:27:33.545+0000] {processor.py:830} INFO - Processing file /home/cloud/codings/airflow/dags/3_dag_GET_Current_YML_From_Cortex.py for tasks to queue
[2026-03-10T12:27:33.546+0000] {logging_mixin.py:188} INFO - [2026-03-10T12:27:33.545+0000] {dagbag.py:545} INFO - Filling up the DagBag from /home/cloud/codings/airflow/dags/3_dag_GET_Current_YML_From_Cortex.py
[2026-03-10T12:27:33.579+0000] {processor.py:840} INFO - DAG(s) '3_dag_GET_Current_YML_From_Cortex' retrieved from /home/cloud/codings/airflow/dags/3_dag_GET_Current_YML_From_Cortex.py
[2026-03-10T12:27:33.603+0000] {logging_mixin.py:188} INFO - [2026-03-10T12:27:33.603+0000] {dag.py:3089} INFO - Sync 1 DAGs
[2026-03-10T12:27:33.624+0000] {logging_mixin.py:188} INFO - [2026-03-10T12:27:33.623+0000] {dag.py:3947} INFO - Setting next_dagrun for 3_dag_GET_Current_YML_From_Cortex to None, run_after=None
[2026-03-10T12:27:33.662+0000] {processor.py:183} INFO - Processing /home/cloud/codings/airflow/dags/3_dag_GET_Current_YML_From_Cortex.py took 0.129 seconds
[2026-03-10T12:28:04.033+0000] {processor.py:161} INFO - Started process (PID=472892) to work on /home/cloud/codings/airflow/dags/3_dag_GET_Current_YML_From_Cortex.py
[2026-03-10T12:28:04.037+0000] {processor.py:830} INFO - Processing file /home/cloud/codings/airflow/dags/3_dag_GET_Current_YML_From_Cortex.py for tasks to queue
[2026-03-10T12:28:04.038+0000] {logging_mixin.py:188} INFO - [2026-03-10T12:28:04.038+0000] {dagbag.py:545} INFO - Filling up the DagBag from /home/cloud/codings/airflow/dags/3_dag_GET_Current_YML_From_Cortex.py
[2026-03-10T12:28:04.069+0000] {processor.py:840} INFO - DAG(s) '3_dag_GET_Current_YML_From_Cortex' retrieved from /home/cloud/codings/airflow/dags/3_dag_GET_Current_YML_From_Cortex.py
[2026-03-10T12:28:04.095+0000] {logging_mixin.py:188} INFO - [2026-03-10T12:28:04.095+0000] {dag.py:3089} INFO - Sync 1 DAGs
[2026-03-10T12:28:04.112+0000] {logging_mixin.py:188} INFO - [2026-03-10T12:28:04.112+0000] {dag.py:3947} INFO - Setting next_dagrun for 3_dag_GET_Current_YML_From_Cortex to None, run_after=None
[2026-03-10T12:28:04.141+0000] {processor.py:183} INFO - Processing /home/cloud/codings/airflow/dags/3_dag_GET_Current_YML_From_Cortex.py took 0.118 seconds
[2026-03-10T12:28:35.385+0000] {processor.py:161} INFO - Started process (PID=473111) to work on /home/cloud/codings/airflow/dags/3_dag_GET_Current_YML_From_Cortex.py
[2026-03-10T12:28:35.390+0000] {processor.py:830} INFO - Processing file /home/cloud/codings/airflow/dags/3_dag_GET_Current_YML_From_Cortex.py for tasks to queue
[2026-03-10T12:28:35.391+0000] {logging_mixin.py:188} INFO - [2026-03-10T12:28:35.390+0000] {dagbag.py:545} INFO - Filling up the DagBag from /home/cloud/codings/airflow/dags/3_dag_GET_Current_YML_From_Cortex.py
[2026-03-10T12:28:35.412+0000] {processor.py:840} INFO - DAG(s) '3_dag_GET_Current_YML_From_Cortex' retrieved from /home/cloud/codings/airflow/dags/3_dag_GET_Current_YML_From_Cortex.py
[2026-03-10T12:28:35.427+0000] {logging_mixin.py:188} INFO - [2026-03-10T12:28:35.427+0000] {dag.py:3089} INFO - Sync 1 DAGs
[2026-03-10T12:28:35.440+0000] {logging_mixin.py:188} INFO - [2026-03-10T12:28:35.440+0000] {dag.py:3947} INFO - Setting next_dagrun for 3_dag_GET_Current_YML_From_Cortex to None, run_after=None
[2026-03-10T12:28:35.466+0000] {processor.py:183} INFO - Processing /home/cloud/codings/airflow/dags/3_dag_GET_Current_YML_From_Cortex.py took 0.086 seconds
[2026-03-10T12:29:06.021+0000] {processor.py:161} INFO - Started process (PID=473390) to work on /home/cloud/codings/airflow/dags/3_dag_GET_Current_YML_From_Cortex.py
[2026-03-10T12:29:06.023+0000] {processor.py:830} INFO - Processing file /home/cloud/codings/airflow/dags/3_dag_GET_Current_YML_From_Cortex.py for tasks to queue
[2026-03-10T12:29:06.024+0000] {logging_mixin.py:188} INFO - [2026-03-10T12:29:06.024+0000] {dagbag.py:545} INFO - Filling up the DagBag from /home/cloud/codings/airflow/dags/3_dag_GET_Current_YML_From_Cortex.py
[2026-03-10T12:29:06.050+0000] {processor.py:840} INFO - DAG(s) '3_dag_GET_Current_YML_From_Cortex' retrieved from /home/cloud/codings/airflow/dags/3_dag_GET_Current_YML_From_Cortex.py
[2026-03-10T12:29:06.063+0000] {logging_mixin.py:188} INFO - [2026-03-10T12:29:06.062+0000] {dag.py:3089} INFO - Sync 1 DAGs
[2026-03-10T12:29:06.073+0000] {logging_mixin.py:188} INFO - [2026-03-10T12:29:06.072+0000] {dag.py:3947} INFO - Setting next_dagrun for 3_dag_GET_Current_YML_From_Cortex to None, run_after=None
[2026-03-10T12:29:06.093+0000] {processor.py:183} INFO - Processing /home/cloud/codings/airflow/dags/3_dag_GET_Current_YML_From_Cortex.py took 0.083 seconds
[2026-03-10T12:29:36.747+0000] {processor.py:161} INFO - Started process (PID=473680) to work on /home/cloud/codings/airflow/dags/3_dag_GET_Current_YML_From_Cortex.py
[2026-03-10T12:29:36.754+0000] {processor.py:830} INFO - Processing file /home/cloud/codings/airflow/dags/3_dag_GET_Current_YML_From_Cortex.py for tasks to queue
[2026-03-10T12:29:36.757+0000] {logging_mixin.py:188} INFO - [2026-03-10T12:29:36.755+0000] {dagbag.py:545} INFO - Filling up the DagBag from /home/cloud/codings/airflow/dags/3_dag_GET_Current_YML_From_Cortex.py
[2026-03-10T12:29:36.850+0000] {processor.py:840} INFO - DAG(s) '3_dag_GET_Current_YML_From_Cortex' retrieved from /home/cloud/codings/airflow/dags/3_dag_GET_Current_YML_From_Cortex.py
[2026-03-10T12:29:36.919+0000] {logging_mixin.py:188} INFO - [2026-03-10T12:29:36.918+0000] {dag.py:3089} INFO - Sync 1 DAGs
[2026-03-10T12:29:36.969+0000] {logging_mixin.py:188} INFO - [2026-03-10T12:29:36.968+0000] {dag.py:3947} INFO - Setting next_dagrun for 3_dag_GET_Current_YML_From_Cortex to None, run_after=None
[2026-03-10T12:29:37.056+0000] {processor.py:183} INFO - Processing /home/cloud/codings/airflow/dags/3_dag_GET_Current_YML_From_Cortex.py took 0.327 seconds
[2026-03-10T12:30:07.386+0000] {processor.py:161} INFO - Started process (PID=473957) to work on /home/cloud/codings/airflow/dags/3_dag_GET_Current_YML_From_Cortex.py
[2026-03-10T12:30:07.391+0000] {processor.py:830} INFO - Processing file /home/cloud/codings/airflow/dags/3_dag_GET_Current_YML_From_Cortex.py for tasks to queue
[2026-03-10T12:30:07.392+0000] {logging_mixin.py:188} INFO - [2026-03-10T12:30:07.392+0000] {dagbag.py:545} INFO - Filling up the DagBag from /home/cloud/codings/airflow/dags/3_dag_GET_Current_YML_From_Cortex.py
[2026-03-10T12:30:07.414+0000] {processor.py:840} INFO - DAG(s) '3_dag_GET_Current_YML_From_Cortex' retrieved from /home/cloud/codings/airflow/dags/3_dag_GET_Current_YML_From_Cortex.py
[2026-03-10T12:30:07.426+0000] {logging_mixin.py:188} INFO - [2026-03-10T12:30:07.426+0000] {dag.py:3089} INFO - Sync 1 DAGs
[2026-03-10T12:30:07.436+0000] {logging_mixin.py:188} INFO - [2026-03-10T12:30:07.436+0000] {dag.py:3947} INFO - Setting next_dagrun for 3_dag_GET_Current_YML_From_Cortex to None, run_after=None
[2026-03-10T12:30:07.460+0000] {processor.py:183} INFO - Processing /home/cloud/codings/airflow/dags/3_dag_GET_Current_YML_From_Cortex.py took 0.082 seconds
[2026-03-10T12:30:38.114+0000] {processor.py:161} INFO - Started process (PID=474246) to work on /home/cloud/codings/airflow/dags/3_dag_GET_Current_YML_From_Cortex.py
[2026-03-10T12:30:38.119+0000] {processor.py:830} INFO - Processing file /home/cloud/codings/airflow/dags/3_dag_GET_Current_YML_From_Cortex.py for tasks to queue
[2026-03-10T12:30:38.120+0000] {logging_mixin.py:188} INFO - [2026-03-10T12:30:38.120+0000] {dagbag.py:545} INFO - Filling up the DagBag from /home/cloud/codings/airflow/dags/3_dag_GET_Current_YML_From_Cortex.py
[2026-03-10T12:30:38.138+0000] {processor.py:840} INFO - DAG(s) '3_dag_GET_Current_YML_From_Cortex' retrieved from /home/cloud/codings/airflow/dags/3_dag_GET_Current_YML_From_Cortex.py
[2026-03-10T12:30:38.151+0000] {logging_mixin.py:188} INFO - [2026-03-10T12:30:38.150+0000] {dag.py:3089} INFO - Sync 1 DAGs
[2026-03-10T12:30:38.162+0000] {logging_mixin.py:188} INFO - [2026-03-10T12:30:38.162+0000] {dag.py:3947} INFO - Setting next_dagrun for 3_dag_GET_Current_YML_From_Cortex to None, run_after=None
[2026-03-10T12:30:38.188+0000] {processor.py:183} INFO - Processing /home/cloud/codings/airflow/dags/3_dag_GET_Current_YML_From_Cortex.py took 0.082 seconds
[2026-03-10T12:31:54.417+0000] {processor.py:161} INFO - Started process (PID=475441) to work on /home/cloud/codings/airflow/dags/3_dag_GET_Current_YML_From_Cortex.py
[2026-03-10T12:31:54.420+0000] {processor.py:830} INFO - Processing file /home/cloud/codings/airflow/dags/3_dag_GET_Current_YML_From_Cortex.py for tasks to queue
[2026-03-10T12:31:54.422+0000] {logging_mixin.py:188} INFO - [2026-03-10T12:31:54.421+0000] {dagbag.py:545} INFO - Filling up the DagBag from /home/cloud/codings/airflow/dags/3_dag_GET_Current_YML_From_Cortex.py
[2026-03-10T12:31:54.449+0000] {processor.py:840} INFO - DAG(s) '3_dag_GET_Current_YML_From_Cortex' retrieved from /home/cloud/codings/airflow/dags/3_dag_GET_Current_YML_From_Cortex.py
[2026-03-10T12:31:54.470+0000] {logging_mixin.py:188} INFO - [2026-03-10T12:31:54.469+0000] {dag.py:3089} INFO - Sync 1 DAGs
[2026-03-10T12:31:54.488+0000] {logging_mixin.py:188} INFO - [2026-03-10T12:31:54.488+0000] {dag.py:3947} INFO - Setting next_dagrun for 3_dag_GET_Current_YML_From_Cortex to None, run_after=None
[2026-03-10T12:31:54.523+0000] {processor.py:183} INFO - Processing /home/cloud/codings/airflow/dags/3_dag_GET_Current_YML_From_Cortex.py took 0.112 seconds
[2026-03-10T12:32:25.125+0000] {processor.py:161} INFO - Started process (PID=475634) to work on /home/cloud/codings/airflow/dags/3_dag_GET_Current_YML_From_Cortex.py
[2026-03-10T12:32:25.127+0000] {processor.py:830} INFO - Processing file /home/cloud/codings/airflow/dags/3_dag_GET_Current_YML_From_Cortex.py for tasks to queue
[2026-03-10T12:32:25.128+0000] {logging_mixin.py:188} INFO - [2026-03-10T12:32:25.127+0000] {dagbag.py:545} INFO - Filling up the DagBag from /home/cloud/codings/airflow/dags/3_dag_GET_Current_YML_From_Cortex.py
[2026-03-10T12:32:25.155+0000] {processor.py:840} INFO - DAG(s) '3_dag_GET_Current_YML_From_Cortex' retrieved from /home/cloud/codings/airflow/dags/3_dag_GET_Current_YML_From_Cortex.py
[2026-03-10T12:32:25.171+0000] {logging_mixin.py:188} INFO - [2026-03-10T12:32:25.171+0000] {dag.py:3089} INFO - Sync 1 DAGs
[2026-03-10T12:32:25.185+0000] {logging_mixin.py:188} INFO - [2026-03-10T12:32:25.184+0000] {dag.py:3947} INFO - Setting next_dagrun for 3_dag_GET_Current_YML_From_Cortex to None, run_after=None
[2026-03-10T12:32:25.211+0000] {processor.py:183} INFO - Processing /home/cloud/codings/airflow/dags/3_dag_GET_Current_YML_From_Cortex.py took 0.094 seconds
[2026-03-10T12:32:56.030+0000] {processor.py:161} INFO - Started process (PID=475767) to work on /home/cloud/codings/airflow/dags/3_dag_GET_Current_YML_From_Cortex.py
[2026-03-10T12:32:56.032+0000] {processor.py:830} INFO - Processing file /home/cloud/codings/airflow/dags/3_dag_GET_Current_YML_From_Cortex.py for tasks to queue
[2026-03-10T12:32:56.033+0000] {logging_mixin.py:188} INFO - [2026-03-10T12:32:56.033+0000] {dagbag.py:545} INFO - Filling up the DagBag from /home/cloud/codings/airflow/dags/3_dag_GET_Current_YML_From_Cortex.py
[2026-03-10T12:32:56.058+0000] {processor.py:840} INFO - DAG(s) '3_dag_GET_Current_YML_From_Cortex' retrieved from /home/cloud/codings/airflow/dags/3_dag_GET_Current_YML_From_Cortex.py
[2026-03-10T12:32:56.075+0000] {logging_mixin.py:188} INFO - [2026-03-10T12:32:56.074+0000] {dag.py:3089} INFO - Sync 1 DAGs
[2026-03-10T12:32:56.089+0000] {logging_mixin.py:188} INFO - [2026-03-10T12:32:56.089+0000] {dag.py:3947} INFO - Setting next_dagrun for 3_dag_GET_Current_YML_From_Cortex to None, run_after=None
[2026-03-10T12:32:56.121+0000] {processor.py:183} INFO - Processing /home/cloud/codings/airflow/dags/3_dag_GET_Current_YML_From_Cortex.py took 0.101 seconds
[2026-03-10T12:33:26.900+0000] {processor.py:161} INFO - Started process (PID=475840) to work on /home/cloud/codings/airflow/dags/3_dag_GET_Current_YML_From_Cortex.py
[2026-03-10T12:33:26.902+0000] {processor.py:830} INFO - Processing file /home/cloud/codings/airflow/dags/3_dag_GET_Current_YML_From_Cortex.py for tasks to queue
[2026-03-10T12:33:26.902+0000] {logging_mixin.py:188} INFO - [2026-03-10T12:33:26.902+0000] {dagbag.py:545} INFO - Filling up the DagBag from /home/cloud/codings/airflow/dags/3_dag_GET_Current_YML_From_Cortex.py
[2026-03-10T12:33:26.923+0000] {processor.py:840} INFO - DAG(s) '3_dag_GET_Current_YML_From_Cortex' retrieved from /home/cloud/codings/airflow/dags/3_dag_GET_Current_YML_From_Cortex.py
[2026-03-10T12:33:26.940+0000] {logging_mixin.py:188} INFO - [2026-03-10T12:33:26.940+0000] {dag.py:3089} INFO - Sync 1 DAGs
[2026-03-10T12:33:26.954+0000] {logging_mixin.py:188} INFO - [2026-03-10T12:33:26.954+0000] {dag.py:3947} INFO - Setting next_dagrun for 3_dag_GET_Current_YML_From_Cortex to None, run_after=None
[2026-03-10T12:33:26.979+0000] {processor.py:183} INFO - Processing /home/cloud/codings/airflow/dags/3_dag_GET_Current_YML_From_Cortex.py took 0.084 seconds
[2026-03-10T12:33:57.492+0000] {processor.py:161} INFO - Started process (PID=475971) to work on /home/cloud/codings/airflow/dags/3_dag_GET_Current_YML_From_Cortex.py
[2026-03-10T12:33:57.493+0000] {processor.py:830} INFO - Processing file /home/cloud/codings/airflow/dags/3_dag_GET_Current_YML_From_Cortex.py for tasks to queue
[2026-03-10T12:33:57.494+0000] {logging_mixin.py:188} INFO - [2026-03-10T12:33:57.494+0000] {dagbag.py:545} INFO - Filling up the DagBag from /home/cloud/codings/airflow/dags/3_dag_GET_Current_YML_From_Cortex.py
[2026-03-10T12:33:57.515+0000] {processor.py:840} INFO - DAG(s) '3_dag_GET_Current_YML_From_Cortex' retrieved from /home/cloud/codings/airflow/dags/3_dag_GET_Current_YML_From_Cortex.py
[2026-03-10T12:33:57.529+0000] {logging_mixin.py:188} INFO - [2026-03-10T12:33:57.528+0000] {dag.py:3089} INFO - Sync 1 DAGs
[2026-03-10T12:33:57.539+0000] {logging_mixin.py:188} INFO - [2026-03-10T12:33:57.539+0000] {dag.py:3947} INFO - Setting next_dagrun for 3_dag_GET_Current_YML_From_Cortex to None, run_after=None
[2026-03-10T12:33:57.561+0000] {processor.py:183} INFO - Processing /home/cloud/codings/airflow/dags/3_dag_GET_Current_YML_From_Cortex.py took 0.075 seconds
[2026-03-10T12:34:28.631+0000] {processor.py:161} INFO - Started process (PID=476047) to work on /home/cloud/codings/airflow/dags/3_dag_GET_Current_YML_From_Cortex.py
[2026-03-10T12:34:28.636+0000] {processor.py:830} INFO - Processing file /home/cloud/codings/airflow/dags/3_dag_GET_Current_YML_From_Cortex.py for tasks to queue
[2026-03-10T12:34:28.637+0000] {logging_mixin.py:188} INFO - [2026-03-10T12:34:28.637+0000] {dagbag.py:545} INFO - Filling up the DagBag from /home/cloud/codings/airflow/dags/3_dag_GET_Current_YML_From_Cortex.py
[2026-03-10T12:34:28.656+0000] {processor.py:840} INFO - DAG(s) '3_dag_GET_Current_YML_From_Cortex' retrieved from /home/cloud/codings/airflow/dags/3_dag_GET_Current_YML_From_Cortex.py
[2026-03-10T12:34:28.667+0000] {logging_mixin.py:188} INFO - [2026-03-10T12:34:28.667+0000] {dag.py:3089} INFO - Sync 1 DAGs
[2026-03-10T12:34:28.677+0000] {logging_mixin.py:188} INFO - [2026-03-10T12:34:28.677+0000] {dag.py:3947} INFO - Setting next_dagrun for 3_dag_GET_Current_YML_From_Cortex to None, run_after=None
[2026-03-10T12:34:28.699+0000] {processor.py:183} INFO - Processing /home/cloud/codings/airflow/dags/3_dag_GET_Current_YML_From_Cortex.py took 0.073 seconds
[2026-03-10T12:34:59.467+0000] {processor.py:161} INFO - Started process (PID=476178) to work on /home/cloud/codings/airflow/dags/3_dag_GET_Current_YML_From_Cortex.py
[2026-03-10T12:34:59.471+0000] {processor.py:830} INFO - Processing file /home/cloud/codings/airflow/dags/3_dag_GET_Current_YML_From_Cortex.py for tasks to queue
[2026-03-10T12:34:59.472+0000] {logging_mixin.py:188} INFO - [2026-03-10T12:34:59.471+0000] {dagbag.py:545} INFO - Filling up the DagBag from /home/cloud/codings/airflow/dags/3_dag_GET_Current_YML_From_Cortex.py
[2026-03-10T12:34:59.493+0000] {processor.py:840} INFO - DAG(s) '3_dag_GET_Current_YML_From_Cortex' retrieved from /home/cloud/codings/airflow/dags/3_dag_GET_Current_YML_From_Cortex.py
[2026-03-10T12:34:59.508+0000] {logging_mixin.py:188} INFO - [2026-03-10T12:34:59.507+0000] {dag.py:3089} INFO - Sync 1 DAGs
[2026-03-10T12:34:59.521+0000] {logging_mixin.py:188} INFO - [2026-03-10T12:34:59.520+0000] {dag.py:3947} INFO - Setting next_dagrun for 3_dag_GET_Current_YML_From_Cortex to None, run_after=None
[2026-03-10T12:34:59.548+0000] {processor.py:183} INFO - Processing /home/cloud/codings/airflow/dags/3_dag_GET_Current_YML_From_Cortex.py took 0.086 seconds
[2026-03-10T12:35:30.434+0000] {processor.py:161} INFO - Started process (PID=476311) to work on /home/cloud/codings/airflow/dags/3_dag_GET_Current_YML_From_Cortex.py
[2026-03-10T12:35:30.438+0000] {processor.py:830} INFO - Processing file /home/cloud/codings/airflow/dags/3_dag_GET_Current_YML_From_Cortex.py for tasks to queue
[2026-03-10T12:35:30.440+0000] {logging_mixin.py:188} INFO - [2026-03-10T12:35:30.439+0000] {dagbag.py:545} INFO - Filling up the DagBag from /home/cloud/codings/airflow/dags/3_dag_GET_Current_YML_From_Cortex.py
[2026-03-10T12:35:30.457+0000] {processor.py:840} INFO - DAG(s) '3_dag_GET_Current_YML_From_Cortex' retrieved from /home/cloud/codings/airflow/dags/3_dag_GET_Current_YML_From_Cortex.py
[2026-03-10T12:35:30.470+0000] {logging_mixin.py:188} INFO - [2026-03-10T12:35:30.470+0000] {dag.py:3089} INFO - Sync 1 DAGs
[2026-03-10T12:35:30.480+0000] {logging_mixin.py:188} INFO - [2026-03-10T12:35:30.480+0000] {dag.py:3947} INFO - Setting next_dagrun for 3_dag_GET_Current_YML_From_Cortex to None, run_after=None
[2026-03-10T12:35:30.502+0000] {processor.py:183} INFO - Processing /home/cloud/codings/airflow/dags/3_dag_GET_Current_YML_From_Cortex.py took 0.076 seconds
[2026-03-10T12:36:01.379+0000] {processor.py:161} INFO - Started process (PID=476442) to work on /home/cloud/codings/airflow/dags/3_dag_GET_Current_YML_From_Cortex.py
[2026-03-10T12:36:01.380+0000] {processor.py:830} INFO - Processing file /home/cloud/codings/airflow/dags/3_dag_GET_Current_YML_From_Cortex.py for tasks to queue
[2026-03-10T12:36:01.381+0000] {logging_mixin.py:188} INFO - [2026-03-10T12:36:01.381+0000] {dagbag.py:545} INFO - Filling up the DagBag from /home/cloud/codings/airflow/dags/3_dag_GET_Current_YML_From_Cortex.py
[2026-03-10T12:36:01.399+0000] {processor.py:840} INFO - DAG(s) '3_dag_GET_Current_YML_From_Cortex' retrieved from /home/cloud/codings/airflow/dags/3_dag_GET_Current_YML_From_Cortex.py
[2026-03-10T12:36:01.412+0000] {logging_mixin.py:188} INFO - [2026-03-10T12:36:01.412+0000] {dag.py:3089} INFO - Sync 1 DAGs
[2026-03-10T12:36:01.423+0000] {logging_mixin.py:188} INFO - [2026-03-10T12:36:01.422+0000] {dag.py:3947} INFO - Setting next_dagrun for 3_dag_GET_Current_YML_From_Cortex to None, run_after=None
[2026-03-10T12:36:01.444+0000] {processor.py:183} INFO - Processing /home/cloud/codings/airflow/dags/3_dag_GET_Current_YML_From_Cortex.py took 0.070 seconds
[2026-03-10T12:36:32.296+0000] {processor.py:161} INFO - Started process (PID=476515) to work on /home/cloud/codings/airflow/dags/3_dag_GET_Current_YML_From_Cortex.py
[2026-03-10T12:36:32.300+0000] {processor.py:830} INFO - Processing file /home/cloud/codings/airflow/dags/3_dag_GET_Current_YML_From_Cortex.py for tasks to queue
[2026-03-10T12:36:32.301+0000] {logging_mixin.py:188} INFO - [2026-03-10T12:36:32.301+0000] {dagbag.py:545} INFO - Filling up the DagBag from /home/cloud/codings/airflow/dags/3_dag_GET_Current_YML_From_Cortex.py
[2026-03-10T12:36:32.324+0000] {processor.py:840} INFO - DAG(s) '3_dag_GET_Current_YML_From_Cortex' retrieved from /home/cloud/codings/airflow/dags/3_dag_GET_Current_YML_From_Cortex.py
[2026-03-10T12:36:32.337+0000] {logging_mixin.py:188} INFO - [2026-03-10T12:36:32.337+0000] {dag.py:3089} INFO - Sync 1 DAGs
[2026-03-10T12:36:32.349+0000] {logging_mixin.py:188} INFO - [2026-03-10T12:36:32.349+0000] {dag.py:3947} INFO - Setting next_dagrun for 3_dag_GET_Current_YML_From_Cortex to None, run_after=None
[2026-03-10T12:36:32.373+0000] {processor.py:183} INFO - Processing /home/cloud/codings/airflow/dags/3_dag_GET_Current_YML_From_Cortex.py took 0.082 seconds
[2026-03-10T12:37:03.218+0000] {processor.py:161} INFO - Started process (PID=476648) to work on /home/cloud/codings/airflow/dags/3_dag_GET_Current_YML_From_Cortex.py
[2026-03-10T12:37:03.223+0000] {processor.py:830} INFO - Processing file /home/cloud/codings/airflow/dags/3_dag_GET_Current_YML_From_Cortex.py for tasks to queue
[2026-03-10T12:37:03.224+0000] {logging_mixin.py:188} INFO - [2026-03-10T12:37:03.223+0000] {dagbag.py:545} INFO - Filling up the DagBag from /home/cloud/codings/airflow/dags/3_dag_GET_Current_YML_From_Cortex.py
[2026-03-10T12:37:03.244+0000] {processor.py:840} INFO - DAG(s) '3_dag_GET_Current_YML_From_Cortex' retrieved from /home/cloud/codings/airflow/dags/3_dag_GET_Current_YML_From_Cortex.py
[2026-03-10T12:37:03.258+0000] {logging_mixin.py:188} INFO - [2026-03-10T12:37:03.258+0000] {dag.py:3089} INFO - Sync 1 DAGs
[2026-03-10T12:37:03.268+0000] {logging_mixin.py:188} INFO - [2026-03-10T12:37:03.268+0000] {dag.py:3947} INFO - Setting next_dagrun for 3_dag_GET_Current_YML_From_Cortex to None, run_after=None
[2026-03-10T12:37:03.290+0000] {processor.py:183} INFO - Processing /home/cloud/codings/airflow/dags/3_dag_GET_Current_YML_From_Cortex.py took 0.078 seconds
[2026-03-10T12:37:34.158+0000] {processor.py:161} INFO - Started process (PID=476721) to work on /home/cloud/codings/airflow/dags/3_dag_GET_Current_YML_From_Cortex.py
[2026-03-10T12:37:34.160+0000] {processor.py:830} INFO - Processing file /home/cloud/codings/airflow/dags/3_dag_GET_Current_YML_From_Cortex.py for tasks to queue
[2026-03-10T12:37:34.161+0000] {logging_mixin.py:188} INFO - [2026-03-10T12:37:34.161+0000] {dagbag.py:545} INFO - Filling up the DagBag from /home/cloud/codings/airflow/dags/3_dag_GET_Current_YML_From_Cortex.py
[2026-03-10T12:37:34.182+0000] {processor.py:840} INFO - DAG(s) '3_dag_GET_Current_YML_From_Cortex' retrieved from /home/cloud/codings/airflow/dags/3_dag_GET_Current_YML_From_Cortex.py
[2026-03-10T12:37:34.193+0000] {logging_mixin.py:188} INFO - [2026-03-10T12:37:34.192+0000] {dag.py:3089} INFO - Sync 1 DAGs
[2026-03-10T12:37:34.202+0000] {logging_mixin.py:188} INFO - [2026-03-10T12:37:34.201+0000] {dag.py:3947} INFO - Setting next_dagrun for 3_dag_GET_Current_YML_From_Cortex to None, run_after=None
[2026-03-10T12:37:34.222+0000] {processor.py:183} INFO - Processing /home/cloud/codings/airflow/dags/3_dag_GET_Current_YML_From_Cortex.py took 0.074 seconds
[2026-03-10T12:38:04.540+0000] {processor.py:161} INFO - Started process (PID=476852) to work on /home/cloud/codings/airflow/dags/3_dag_GET_Current_YML_From_Cortex.py
[2026-03-10T12:38:04.541+0000] {processor.py:830} INFO - Processing file /home/cloud/codings/airflow/dags/3_dag_GET_Current_YML_From_Cortex.py for tasks to queue
[2026-03-10T12:38:04.542+0000] {logging_mixin.py:188} INFO - [2026-03-10T12:38:04.542+0000] {dagbag.py:545} INFO - Filling up the DagBag from /home/cloud/codings/airflow/dags/3_dag_GET_Current_YML_From_Cortex.py
[2026-03-10T12:38:04.561+0000] {processor.py:840} INFO - DAG(s) '3_dag_GET_Current_YML_From_Cortex' retrieved from /home/cloud/codings/airflow/dags/3_dag_GET_Current_YML_From_Cortex.py
[2026-03-10T12:38:04.572+0000] {logging_mixin.py:188} INFO - [2026-03-10T12:38:04.572+0000] {dag.py:3089} INFO - Sync 1 DAGs
[2026-03-10T12:38:04.583+0000] {logging_mixin.py:188} INFO - [2026-03-10T12:38:04.583+0000] {dag.py:3947} INFO - Setting next_dagrun for 3_dag_GET_Current_YML_From_Cortex to None, run_after=None
[2026-03-10T12:38:04.603+0000] {processor.py:183} INFO - Processing /home/cloud/codings/airflow/dags/3_dag_GET_Current_YML_From_Cortex.py took 0.069 seconds
[2026-03-10T12:38:35.531+0000] {processor.py:161} INFO - Started process (PID=476927) to work on /home/cloud/codings/airflow/dags/3_dag_GET_Current_YML_From_Cortex.py
[2026-03-10T12:38:35.536+0000] {processor.py:830} INFO - Processing file /home/cloud/codings/airflow/dags/3_dag_GET_Current_YML_From_Cortex.py for tasks to queue
[2026-03-10T12:38:35.537+0000] {logging_mixin.py:188} INFO - [2026-03-10T12:38:35.537+0000] {dagbag.py:545} INFO - Filling up the DagBag from /home/cloud/codings/airflow/dags/3_dag_GET_Current_YML_From_Cortex.py
[2026-03-10T12:38:35.556+0000] {processor.py:840} INFO - DAG(s) '3_dag_GET_Current_YML_From_Cortex' retrieved from /home/cloud/codings/airflow/dags/3_dag_GET_Current_YML_From_Cortex.py
[2026-03-10T12:38:35.568+0000] {logging_mixin.py:188} INFO - [2026-03-10T12:38:35.568+0000] {dag.py:3089} INFO - Sync 1 DAGs
[2026-03-10T12:38:35.579+0000] {logging_mixin.py:188} INFO - [2026-03-10T12:38:35.579+0000] {dag.py:3947} INFO - Setting next_dagrun for 3_dag_GET_Current_YML_From_Cortex to None, run_after=None
[2026-03-10T12:38:35.601+0000] {processor.py:183} INFO - Processing /home/cloud/codings/airflow/dags/3_dag_GET_Current_YML_From_Cortex.py took 0.078 seconds
[2026-03-10T12:39:05.925+0000] {processor.py:161} INFO - Started process (PID=477058) to work on /home/cloud/codings/airflow/dags/3_dag_GET_Current_YML_From_Cortex.py
[2026-03-10T12:39:05.928+0000] {processor.py:830} INFO - Processing file /home/cloud/codings/airflow/dags/3_dag_GET_Current_YML_From_Cortex.py for tasks to queue
[2026-03-10T12:39:05.929+0000] {logging_mixin.py:188} INFO - [2026-03-10T12:39:05.928+0000] {dagbag.py:545} INFO - Filling up the DagBag from /home/cloud/codings/airflow/dags/3_dag_GET_Current_YML_From_Cortex.py
[2026-03-10T12:39:05.951+0000] {processor.py:840} INFO - DAG(s) '3_dag_GET_Current_YML_From_Cortex' retrieved from /home/cloud/codings/airflow/dags/3_dag_GET_Current_YML_From_Cortex.py
[2026-03-10T12:39:05.963+0000] {logging_mixin.py:188} INFO - [2026-03-10T12:39:05.963+0000] {dag.py:3089} INFO - Sync 1 DAGs
[2026-03-10T12:39:05.972+0000] {logging_mixin.py:188} INFO - [2026-03-10T12:39:05.971+0000] {dag.py:3947} INFO - Setting next_dagrun for 3_dag_GET_Current_YML_From_Cortex to None, run_after=None
[2026-03-10T12:39:05.993+0000] {processor.py:183} INFO - Processing /home/cloud/codings/airflow/dags/3_dag_GET_Current_YML_From_Cortex.py took 0.078 seconds
[2026-03-10T12:39:36.254+0000] {processor.py:161} INFO - Started process (PID=477157) to work on /home/cloud/codings/airflow/dags/3_dag_GET_Current_YML_From_Cortex.py
[2026-03-10T12:39:36.255+0000] {processor.py:830} INFO - Processing file /home/cloud/codings/airflow/dags/3_dag_GET_Current_YML_From_Cortex.py for tasks to queue
[2026-03-10T12:39:36.255+0000] {logging_mixin.py:188} INFO - [2026-03-10T12:39:36.255+0000] {dagbag.py:545} INFO - Filling up the DagBag from /home/cloud/codings/airflow/dags/3_dag_GET_Current_YML_From_Cortex.py
[2026-03-10T12:39:36.274+0000] {processor.py:840} INFO - DAG(s) '3_dag_GET_Current_YML_From_Cortex' retrieved from /home/cloud/codings/airflow/dags/3_dag_GET_Current_YML_From_Cortex.py
[2026-03-10T12:39:36.287+0000] {logging_mixin.py:188} INFO - [2026-03-10T12:39:36.286+0000] {dag.py:3089} INFO - Sync 1 DAGs
[2026-03-10T12:39:36.298+0000] {logging_mixin.py:188} INFO - [2026-03-10T12:39:36.297+0000] {dag.py:3947} INFO - Setting next_dagrun for 3_dag_GET_Current_YML_From_Cortex to None, run_after=None
[2026-03-10T12:39:36.318+0000] {processor.py:183} INFO - Processing /home/cloud/codings/airflow/dags/3_dag_GET_Current_YML_From_Cortex.py took 0.069 seconds
[2026-03-10T12:40:06.743+0000] {processor.py:161} INFO - Started process (PID=477293) to work on /home/cloud/codings/airflow/dags/3_dag_GET_Current_YML_From_Cortex.py
[2026-03-10T12:40:06.748+0000] {processor.py:830} INFO - Processing file /home/cloud/codings/airflow/dags/3_dag_GET_Current_YML_From_Cortex.py for tasks to queue
[2026-03-10T12:40:06.749+0000] {logging_mixin.py:188} INFO - [2026-03-10T12:40:06.749+0000] {dagbag.py:545} INFO - Filling up the DagBag from /home/cloud/codings/airflow/dags/3_dag_GET_Current_YML_From_Cortex.py
[2026-03-10T12:40:06.774+0000] {processor.py:840} INFO - DAG(s) '3_dag_GET_Current_YML_From_Cortex' retrieved from /home/cloud/codings/airflow/dags/3_dag_GET_Current_YML_From_Cortex.py
[2026-03-10T12:40:06.789+0000] {logging_mixin.py:188} INFO - [2026-03-10T12:40:06.789+0000] {dag.py:3089} INFO - Sync 1 DAGs
[2026-03-10T12:40:06.801+0000] {logging_mixin.py:188} INFO - [2026-03-10T12:40:06.800+0000] {dag.py:3947} INFO - Setting next_dagrun for 3_dag_GET_Current_YML_From_Cortex to None, run_after=None
[2026-03-10T12:40:06.824+0000] {processor.py:183} INFO - Processing /home/cloud/codings/airflow/dags/3_dag_GET_Current_YML_From_Cortex.py took 0.089 seconds
[2026-03-10T12:40:37.546+0000] {processor.py:161} INFO - Started process (PID=477426) to work on /home/cloud/codings/airflow/dags/3_dag_GET_Current_YML_From_Cortex.py
[2026-03-10T12:40:37.547+0000] {processor.py:830} INFO - Processing file /home/cloud/codings/airflow/dags/3_dag_GET_Current_YML_From_Cortex.py for tasks to queue
[2026-03-10T12:40:37.549+0000] {logging_mixin.py:188} INFO - [2026-03-10T12:40:37.548+0000] {dagbag.py:545} INFO - Filling up the DagBag from /home/cloud/codings/airflow/dags/3_dag_GET_Current_YML_From_Cortex.py
[2026-03-10T12:40:37.572+0000] {processor.py:840} INFO - DAG(s) '3_dag_GET_Current_YML_From_Cortex' retrieved from /home/cloud/codings/airflow/dags/3_dag_GET_Current_YML_From_Cortex.py
[2026-03-10T12:40:37.588+0000] {logging_mixin.py:188} INFO - [2026-03-10T12:40:37.587+0000] {dag.py:3089} INFO - Sync 1 DAGs
[2026-03-10T12:40:37.602+0000] {logging_mixin.py:188} INFO - [2026-03-10T12:40:37.602+0000] {dag.py:3947} INFO - Setting next_dagrun for 3_dag_GET_Current_YML_From_Cortex to None, run_after=None
[2026-03-10T12:40:37.623+0000] {processor.py:183} INFO - Processing /home/cloud/codings/airflow/dags/3_dag_GET_Current_YML_From_Cortex.py took 0.083 seconds
[2026-03-10T12:41:07.952+0000] {processor.py:161} INFO - Started process (PID=477557) to work on /home/cloud/codings/airflow/dags/3_dag_GET_Current_YML_From_Cortex.py
[2026-03-10T12:41:07.957+0000] {processor.py:830} INFO - Processing file /home/cloud/codings/airflow/dags/3_dag_GET_Current_YML_From_Cortex.py for tasks to queue
[2026-03-10T12:41:07.958+0000] {logging_mixin.py:188} INFO - [2026-03-10T12:41:07.958+0000] {dagbag.py:545} INFO - Filling up the DagBag from /home/cloud/codings/airflow/dags/3_dag_GET_Current_YML_From_Cortex.py
[2026-03-10T12:41:07.983+0000] {processor.py:840} INFO - DAG(s) '3_dag_GET_Current_YML_From_Cortex' retrieved from /home/cloud/codings/airflow/dags/3_dag_GET_Current_YML_From_Cortex.py
[2026-03-10T12:41:07.994+0000] {logging_mixin.py:188} INFO - [2026-03-10T12:41:07.994+0000] {dag.py:3089} INFO - Sync 1 DAGs
[2026-03-10T12:41:08.003+0000] {logging_mixin.py:188} INFO - [2026-03-10T12:41:08.003+0000] {dag.py:3947} INFO - Setting next_dagrun for 3_dag_GET_Current_YML_From_Cortex to None, run_after=None
[2026-03-10T12:41:08.024+0000] {processor.py:183} INFO - Processing /home/cloud/codings/airflow/dags/3_dag_GET_Current_YML_From_Cortex.py took 0.077 seconds
[2026-03-10T12:41:38.379+0000] {processor.py:161} INFO - Started process (PID=477630) to work on /home/cloud/codings/airflow/dags/3_dag_GET_Current_YML_From_Cortex.py
[2026-03-10T12:41:38.384+0000] {processor.py:830} INFO - Processing file /home/cloud/codings/airflow/dags/3_dag_GET_Current_YML_From_Cortex.py for tasks to queue
[2026-03-10T12:41:38.385+0000] {logging_mixin.py:188} INFO - [2026-03-10T12:41:38.385+0000] {dagbag.py:545} INFO - Filling up the DagBag from /home/cloud/codings/airflow/dags/3_dag_GET_Current_YML_From_Cortex.py
[2026-03-10T12:41:38.404+0000] {processor.py:840} INFO - DAG(s) '3_dag_GET_Current_YML_From_Cortex' retrieved from /home/cloud/codings/airflow/dags/3_dag_GET_Current_YML_From_Cortex.py
[2026-03-10T12:41:38.416+0000] {logging_mixin.py:188} INFO - [2026-03-10T12:41:38.415+0000] {dag.py:3089} INFO - Sync 1 DAGs
[2026-03-10T12:41:38.426+0000] {logging_mixin.py:188} INFO - [2026-03-10T12:41:38.426+0000] {dag.py:3947} INFO - Setting next_dagrun for 3_dag_GET_Current_YML_From_Cortex to None, run_after=None
[2026-03-10T12:41:38.447+0000] {processor.py:183} INFO - Processing /home/cloud/codings/airflow/dags/3_dag_GET_Current_YML_From_Cortex.py took 0.074 seconds
[2026-03-10T12:42:08.725+0000] {processor.py:161} INFO - Started process (PID=477763) to work on /home/cloud/codings/airflow/dags/3_dag_GET_Current_YML_From_Cortex.py
[2026-03-10T12:42:08.727+0000] {processor.py:830} INFO - Processing file /home/cloud/codings/airflow/dags/3_dag_GET_Current_YML_From_Cortex.py for tasks to queue
[2026-03-10T12:42:08.728+0000] {logging_mixin.py:188} INFO - [2026-03-10T12:42:08.727+0000] {dagbag.py:545} INFO - Filling up the DagBag from /home/cloud/codings/airflow/dags/3_dag_GET_Current_YML_From_Cortex.py
[2026-03-10T12:42:08.746+0000] {processor.py:840} INFO - DAG(s) '3_dag_GET_Current_YML_From_Cortex' retrieved from /home/cloud/codings/airflow/dags/3_dag_GET_Current_YML_From_Cortex.py
[2026-03-10T12:42:08.757+0000] {logging_mixin.py:188} INFO - [2026-03-10T12:42:08.757+0000] {dag.py:3089} INFO - Sync 1 DAGs
[2026-03-10T12:42:08.768+0000] {logging_mixin.py:188} INFO - [2026-03-10T12:42:08.768+0000] {dag.py:3947} INFO - Setting next_dagrun for 3_dag_GET_Current_YML_From_Cortex to None, run_after=None
[2026-03-10T12:42:08.789+0000] {processor.py:183} INFO - Processing /home/cloud/codings/airflow/dags/3_dag_GET_Current_YML_From_Cortex.py took 0.069 seconds
[2026-03-10T12:42:39.085+0000] {processor.py:161} INFO - Started process (PID=477836) to work on /home/cloud/codings/airflow/dags/3_dag_GET_Current_YML_From_Cortex.py
[2026-03-10T12:42:39.087+0000] {processor.py:830} INFO - Processing file /home/cloud/codings/airflow/dags/3_dag_GET_Current_YML_From_Cortex.py for tasks to queue
[2026-03-10T12:42:39.089+0000] {logging_mixin.py:188} INFO - [2026-03-10T12:42:39.088+0000] {dagbag.py:545} INFO - Filling up the DagBag from /home/cloud/codings/airflow/dags/3_dag_GET_Current_YML_From_Cortex.py
[2026-03-10T12:42:39.128+0000] {processor.py:840} INFO - DAG(s) '3_dag_GET_Current_YML_From_Cortex' retrieved from /home/cloud/codings/airflow/dags/3_dag_GET_Current_YML_From_Cortex.py
[2026-03-10T12:42:39.140+0000] {logging_mixin.py:188} INFO - [2026-03-10T12:42:39.140+0000] {dag.py:3089} INFO - Sync 1 DAGs
[2026-03-10T12:42:39.150+0000] {logging_mixin.py:188} INFO - [2026-03-10T12:42:39.149+0000] {dag.py:3947} INFO - Setting next_dagrun for 3_dag_GET_Current_YML_From_Cortex to None, run_after=None
[2026-03-10T12:42:39.173+0000] {processor.py:183} INFO - Processing /home/cloud/codings/airflow/dags/3_dag_GET_Current_YML_From_Cortex.py took 0.093 seconds
[2026-03-10T12:43:09.446+0000] {processor.py:161} INFO - Started process (PID=477968) to work on /home/cloud/codings/airflow/dags/3_dag_GET_Current_YML_From_Cortex.py
[2026-03-10T12:43:09.447+0000] {processor.py:830} INFO - Processing file /home/cloud/codings/airflow/dags/3_dag_GET_Current_YML_From_Cortex.py for tasks to queue
[2026-03-10T12:43:09.448+0000] {logging_mixin.py:188} INFO - [2026-03-10T12:43:09.447+0000] {dagbag.py:545} INFO - Filling up the DagBag from /home/cloud/codings/airflow/dags/3_dag_GET_Current_YML_From_Cortex.py
[2026-03-10T12:43:09.466+0000] {processor.py:840} INFO - DAG(s) '3_dag_GET_Current_YML_From_Cortex' retrieved from /home/cloud/codings/airflow/dags/3_dag_GET_Current_YML_From_Cortex.py
[2026-03-10T12:43:09.478+0000] {logging_mixin.py:188} INFO - [2026-03-10T12:43:09.478+0000] {dag.py:3089} INFO - Sync 1 DAGs
[2026-03-10T12:43:09.489+0000] {logging_mixin.py:188} INFO - [2026-03-10T12:43:09.489+0000] {dag.py:3947} INFO - Setting next_dagrun for 3_dag_GET_Current_YML_From_Cortex to None, run_after=None
[2026-03-10T12:43:09.510+0000] {processor.py:183} INFO - Processing /home/cloud/codings/airflow/dags/3_dag_GET_Current_YML_From_Cortex.py took 0.068 seconds
[2026-03-10T12:43:39.928+0000] {processor.py:161} INFO - Started process (PID=478066) to work on /home/cloud/codings/airflow/dags/3_dag_GET_Current_YML_From_Cortex.py
[2026-03-10T12:43:39.933+0000] {processor.py:830} INFO - Processing file /home/cloud/codings/airflow/dags/3_dag_GET_Current_YML_From_Cortex.py for tasks to queue
[2026-03-10T12:43:39.934+0000] {logging_mixin.py:188} INFO - [2026-03-10T12:43:39.933+0000] {dagbag.py:545} INFO - Filling up the DagBag from /home/cloud/codings/airflow/dags/3_dag_GET_Current_YML_From_Cortex.py
[2026-03-10T12:43:39.954+0000] {processor.py:840} INFO - DAG(s) '3_dag_GET_Current_YML_From_Cortex' retrieved from /home/cloud/codings/airflow/dags/3_dag_GET_Current_YML_From_Cortex.py
[2026-03-10T12:43:39.966+0000] {logging_mixin.py:188} INFO - [2026-03-10T12:43:39.965+0000] {dag.py:3089} INFO - Sync 1 DAGs
[2026-03-10T12:43:39.975+0000] {logging_mixin.py:188} INFO - [2026-03-10T12:43:39.975+0000] {dag.py:3947} INFO - Setting next_dagrun for 3_dag_GET_Current_YML_From_Cortex to None, run_after=None
[2026-03-10T12:43:39.995+0000] {processor.py:183} INFO - Processing /home/cloud/codings/airflow/dags/3_dag_GET_Current_YML_From_Cortex.py took 0.074 seconds
[2026-03-10T12:44:10.831+0000] {processor.py:161} INFO - Started process (PID=478172) to work on /home/cloud/codings/airflow/dags/3_dag_GET_Current_YML_From_Cortex.py
[2026-03-10T12:44:10.832+0000] {processor.py:830} INFO - Processing file /home/cloud/codings/airflow/dags/3_dag_GET_Current_YML_From_Cortex.py for tasks to queue
[2026-03-10T12:44:10.833+0000] {logging_mixin.py:188} INFO - [2026-03-10T12:44:10.832+0000] {dagbag.py:545} INFO - Filling up the DagBag from /home/cloud/codings/airflow/dags/3_dag_GET_Current_YML_From_Cortex.py
[2026-03-10T12:44:10.850+0000] {processor.py:840} INFO - DAG(s) '3_dag_GET_Current_YML_From_Cortex' retrieved from /home/cloud/codings/airflow/dags/3_dag_GET_Current_YML_From_Cortex.py
[2026-03-10T12:44:10.863+0000] {logging_mixin.py:188} INFO - [2026-03-10T12:44:10.862+0000] {dag.py:3089} INFO - Sync 1 DAGs
[2026-03-10T12:44:10.873+0000] {logging_mixin.py:188} INFO - [2026-03-10T12:44:10.872+0000] {dag.py:3947} INFO - Setting next_dagrun for 3_dag_GET_Current_YML_From_Cortex to None, run_after=None
[2026-03-10T12:44:10.893+0000] {processor.py:183} INFO - Processing /home/cloud/codings/airflow/dags/3_dag_GET_Current_YML_From_Cortex.py took 0.066 seconds
[2026-03-10T12:44:41.265+0000] {processor.py:161} INFO - Started process (PID=478305) to work on /home/cloud/codings/airflow/dags/3_dag_GET_Current_YML_From_Cortex.py
[2026-03-10T12:44:41.266+0000] {processor.py:830} INFO - Processing file /home/cloud/codings/airflow/dags/3_dag_GET_Current_YML_From_Cortex.py for tasks to queue
[2026-03-10T12:44:41.267+0000] {logging_mixin.py:188} INFO - [2026-03-10T12:44:41.267+0000] {dagbag.py:545} INFO - Filling up the DagBag from /home/cloud/codings/airflow/dags/3_dag_GET_Current_YML_From_Cortex.py
[2026-03-10T12:44:41.289+0000] {processor.py:840} INFO - DAG(s) '3_dag_GET_Current_YML_From_Cortex' retrieved from /home/cloud/codings/airflow/dags/3_dag_GET_Current_YML_From_Cortex.py
[2026-03-10T12:44:41.302+0000] {logging_mixin.py:188} INFO - [2026-03-10T12:44:41.302+0000] {dag.py:3089} INFO - Sync 1 DAGs
[2026-03-10T12:44:41.316+0000] {logging_mixin.py:188} INFO - [2026-03-10T12:44:41.315+0000] {dag.py:3947} INFO - Setting next_dagrun for 3_dag_GET_Current_YML_From_Cortex to None, run_after=None
[2026-03-10T12:44:41.342+0000] {processor.py:183} INFO - Processing /home/cloud/codings/airflow/dags/3_dag_GET_Current_YML_From_Cortex.py took 0.083 seconds
[2026-03-10T12:45:12.094+0000] {processor.py:161} INFO - Started process (PID=478379) to work on /home/cloud/codings/airflow/dags/3_dag_GET_Current_YML_From_Cortex.py
[2026-03-10T12:45:12.095+0000] {processor.py:830} INFO - Processing file /home/cloud/codings/airflow/dags/3_dag_GET_Current_YML_From_Cortex.py for tasks to queue
[2026-03-10T12:45:12.096+0000] {logging_mixin.py:188} INFO - [2026-03-10T12:45:12.096+0000] {dagbag.py:545} INFO - Filling up the DagBag from /home/cloud/codings/airflow/dags/3_dag_GET_Current_YML_From_Cortex.py
[2026-03-10T12:45:12.121+0000] {processor.py:840} INFO - DAG(s) '3_dag_GET_Current_YML_From_Cortex' retrieved from /home/cloud/codings/airflow/dags/3_dag_GET_Current_YML_From_Cortex.py
[2026-03-10T12:45:12.137+0000] {logging_mixin.py:188} INFO - [2026-03-10T12:45:12.137+0000] {dag.py:3089} INFO - Sync 1 DAGs
[2026-03-10T12:45:12.148+0000] {logging_mixin.py:188} INFO - [2026-03-10T12:45:12.148+0000] {dag.py:3947} INFO - Setting next_dagrun for 3_dag_GET_Current_YML_From_Cortex to None, run_after=None
[2026-03-10T12:45:12.169+0000] {processor.py:183} INFO - Processing /home/cloud/codings/airflow/dags/3_dag_GET_Current_YML_From_Cortex.py took 0.082 seconds
[2026-03-10T12:45:42.393+0000] {processor.py:161} INFO - Started process (PID=478572) to work on /home/cloud/codings/airflow/dags/3_dag_GET_Current_YML_From_Cortex.py
[2026-03-10T12:45:42.398+0000] {processor.py:830} INFO - Processing file /home/cloud/codings/airflow/dags/3_dag_GET_Current_YML_From_Cortex.py for tasks to queue
[2026-03-10T12:45:42.400+0000] {logging_mixin.py:188} INFO - [2026-03-10T12:45:42.399+0000] {dagbag.py:545} INFO - Filling up the DagBag from /home/cloud/codings/airflow/dags/3_dag_GET_Current_YML_From_Cortex.py
[2026-03-10T12:45:42.450+0000] {processor.py:840} INFO - DAG(s) '3_dag_GET_Current_YML_From_Cortex' retrieved from /home/cloud/codings/airflow/dags/3_dag_GET_Current_YML_From_Cortex.py
[2026-03-10T12:45:42.464+0000] {logging_mixin.py:188} INFO - [2026-03-10T12:45:42.464+0000] {dag.py:3089} INFO - Sync 1 DAGs
[2026-03-10T12:45:42.476+0000] {logging_mixin.py:188} INFO - [2026-03-10T12:45:42.476+0000] {dag.py:3947} INFO - Setting next_dagrun for 3_dag_GET_Current_YML_From_Cortex to None, run_after=None
[2026-03-10T12:45:42.496+0000] {processor.py:183} INFO - Processing /home/cloud/codings/airflow/dags/3_dag_GET_Current_YML_From_Cortex.py took 0.108 seconds
[2026-03-10T12:46:12.781+0000] {processor.py:161} INFO - Started process (PID=478649) to work on /home/cloud/codings/airflow/dags/3_dag_GET_Current_YML_From_Cortex.py
[2026-03-10T12:46:12.782+0000] {processor.py:830} INFO - Processing file /home/cloud/codings/airflow/dags/3_dag_GET_Current_YML_From_Cortex.py for tasks to queue
[2026-03-10T12:46:12.783+0000] {logging_mixin.py:188} INFO - [2026-03-10T12:46:12.782+0000] {dagbag.py:545} INFO - Filling up the DagBag from /home/cloud/codings/airflow/dags/3_dag_GET_Current_YML_From_Cortex.py
[2026-03-10T12:46:12.800+0000] {processor.py:840} INFO - DAG(s) '3_dag_GET_Current_YML_From_Cortex' retrieved from /home/cloud/codings/airflow/dags/3_dag_GET_Current_YML_From_Cortex.py
[2026-03-10T12:46:12.813+0000] {logging_mixin.py:188} INFO - [2026-03-10T12:46:12.813+0000] {dag.py:3089} INFO - Sync 1 DAGs
[2026-03-10T12:46:12.823+0000] {logging_mixin.py:188} INFO - [2026-03-10T12:46:12.823+0000] {dag.py:3947} INFO - Setting next_dagrun for 3_dag_GET_Current_YML_From_Cortex to None, run_after=None
[2026-03-10T12:46:12.849+0000] {processor.py:183} INFO - Processing /home/cloud/codings/airflow/dags/3_dag_GET_Current_YML_From_Cortex.py took 0.072 seconds
[2026-03-10T12:46:43.636+0000] {processor.py:161} INFO - Started process (PID=478782) to work on /home/cloud/codings/airflow/dags/3_dag_GET_Current_YML_From_Cortex.py
[2026-03-10T12:46:43.642+0000] {processor.py:830} INFO - Processing file /home/cloud/codings/airflow/dags/3_dag_GET_Current_YML_From_Cortex.py for tasks to queue
[2026-03-10T12:46:43.643+0000] {logging_mixin.py:188} INFO - [2026-03-10T12:46:43.643+0000] {dagbag.py:545} INFO - Filling up the DagBag from /home/cloud/codings/airflow/dags/3_dag_GET_Current_YML_From_Cortex.py
[2026-03-10T12:46:43.666+0000] {processor.py:840} INFO - DAG(s) '3_dag_GET_Current_YML_From_Cortex' retrieved from /home/cloud/codings/airflow/dags/3_dag_GET_Current_YML_From_Cortex.py
[2026-03-10T12:46:43.680+0000] {logging_mixin.py:188} INFO - [2026-03-10T12:46:43.680+0000] {dag.py:3089} INFO - Sync 1 DAGs
[2026-03-10T12:46:43.693+0000] {logging_mixin.py:188} INFO - [2026-03-10T12:46:43.693+0000] {dag.py:3947} INFO - Setting next_dagrun for 3_dag_GET_Current_YML_From_Cortex to None, run_after=None
[2026-03-10T12:46:43.714+0000] {processor.py:183} INFO - Processing /home/cloud/codings/airflow/dags/3_dag_GET_Current_YML_From_Cortex.py took 0.091 seconds
[2026-03-10T12:47:13.984+0000] {processor.py:161} INFO - Started process (PID=478853) to work on /home/cloud/codings/airflow/dags/3_dag_GET_Current_YML_From_Cortex.py
[2026-03-10T12:47:13.986+0000] {processor.py:830} INFO - Processing file /home/cloud/codings/airflow/dags/3_dag_GET_Current_YML_From_Cortex.py for tasks to queue
[2026-03-10T12:47:13.987+0000] {logging_mixin.py:188} INFO - [2026-03-10T12:47:13.986+0000] {dagbag.py:545} INFO - Filling up the DagBag from /home/cloud/codings/airflow/dags/3_dag_GET_Current_YML_From_Cortex.py
[2026-03-10T12:47:14.011+0000] {processor.py:840} INFO - DAG(s) '3_dag_GET_Current_YML_From_Cortex' retrieved from /home/cloud/codings/airflow/dags/3_dag_GET_Current_YML_From_Cortex.py
[2026-03-10T12:47:14.026+0000] {logging_mixin.py:188} INFO - [2026-03-10T12:47:14.025+0000] {dag.py:3089} INFO - Sync 1 DAGs
[2026-03-10T12:47:14.038+0000] {logging_mixin.py:188} INFO - [2026-03-10T12:47:14.037+0000] {dag.py:3947} INFO - Setting next_dagrun for 3_dag_GET_Current_YML_From_Cortex to None, run_after=None
[2026-03-10T12:47:14.061+0000] {processor.py:183} INFO - Processing /home/cloud/codings/airflow/dags/3_dag_GET_Current_YML_From_Cortex.py took 0.084 seconds
[2026-03-10T12:47:44.935+0000] {processor.py:161} INFO - Started process (PID=478986) to work on /home/cloud/codings/airflow/dags/3_dag_GET_Current_YML_From_Cortex.py
[2026-03-10T12:47:44.937+0000] {processor.py:830} INFO - Processing file /home/cloud/codings/airflow/dags/3_dag_GET_Current_YML_From_Cortex.py for tasks to queue
[2026-03-10T12:47:44.938+0000] {logging_mixin.py:188} INFO - [2026-03-10T12:47:44.938+0000] {dagbag.py:545} INFO - Filling up the DagBag from /home/cloud/codings/airflow/dags/3_dag_GET_Current_YML_From_Cortex.py
[2026-03-10T12:47:44.971+0000] {processor.py:840} INFO - DAG(s) '3_dag_GET_Current_YML_From_Cortex' retrieved from /home/cloud/codings/airflow/dags/3_dag_GET_Current_YML_From_Cortex.py
[2026-03-10T12:47:44.985+0000] {logging_mixin.py:188} INFO - [2026-03-10T12:47:44.985+0000] {dag.py:3089} INFO - Sync 1 DAGs
[2026-03-10T12:47:44.997+0000] {logging_mixin.py:188} INFO - [2026-03-10T12:47:44.997+0000] {dag.py:3947} INFO - Setting next_dagrun for 3_dag_GET_Current_YML_From_Cortex to None, run_after=None
[2026-03-10T12:47:45.023+0000] {processor.py:183} INFO - Processing /home/cloud/codings/airflow/dags/3_dag_GET_Current_YML_From_Cortex.py took 0.101 seconds
[2026-03-10T12:48:15.839+0000] {processor.py:161} INFO - Started process (PID=479057) to work on /home/cloud/codings/airflow/dags/3_dag_GET_Current_YML_From_Cortex.py
[2026-03-10T12:48:15.844+0000] {processor.py:830} INFO - Processing file /home/cloud/codings/airflow/dags/3_dag_GET_Current_YML_From_Cortex.py for tasks to queue
[2026-03-10T12:48:15.845+0000] {logging_mixin.py:188} INFO - [2026-03-10T12:48:15.845+0000] {dagbag.py:545} INFO - Filling up the DagBag from /home/cloud/codings/airflow/dags/3_dag_GET_Current_YML_From_Cortex.py
[2026-03-10T12:48:15.867+0000] {processor.py:840} INFO - DAG(s) '3_dag_GET_Current_YML_From_Cortex' retrieved from /home/cloud/codings/airflow/dags/3_dag_GET_Current_YML_From_Cortex.py
[2026-03-10T12:48:15.883+0000] {logging_mixin.py:188} INFO - [2026-03-10T12:48:15.883+0000] {dag.py:3089} INFO - Sync 1 DAGs
[2026-03-10T12:48:15.897+0000] {logging_mixin.py:188} INFO - [2026-03-10T12:48:15.897+0000] {dag.py:3947} INFO - Setting next_dagrun for 3_dag_GET_Current_YML_From_Cortex to None, run_after=None
[2026-03-10T12:48:15.925+0000] {processor.py:183} INFO - Processing /home/cloud/codings/airflow/dags/3_dag_GET_Current_YML_From_Cortex.py took 0.092 seconds
[2026-03-10T12:48:46.836+0000] {processor.py:161} INFO - Started process (PID=479192) to work on /home/cloud/codings/airflow/dags/3_dag_GET_Current_YML_From_Cortex.py
[2026-03-10T12:48:46.842+0000] {processor.py:830} INFO - Processing file /home/cloud/codings/airflow/dags/3_dag_GET_Current_YML_From_Cortex.py for tasks to queue
[2026-03-10T12:48:46.845+0000] {logging_mixin.py:188} INFO - [2026-03-10T12:48:46.843+0000] {dagbag.py:545} INFO - Filling up the DagBag from /home/cloud/codings/airflow/dags/3_dag_GET_Current_YML_From_Cortex.py
[2026-03-10T12:48:46.871+0000] {processor.py:840} INFO - DAG(s) '3_dag_GET_Current_YML_From_Cortex' retrieved from /home/cloud/codings/airflow/dags/3_dag_GET_Current_YML_From_Cortex.py
[2026-03-10T12:48:46.882+0000] {logging_mixin.py:188} INFO - [2026-03-10T12:48:46.882+0000] {dag.py:3089} INFO - Sync 1 DAGs
[2026-03-10T12:48:46.891+0000] {logging_mixin.py:188} INFO - [2026-03-10T12:48:46.891+0000] {dag.py:3947} INFO - Setting next_dagrun for 3_dag_GET_Current_YML_From_Cortex to None, run_after=None
[2026-03-10T12:48:46.910+0000] {processor.py:183} INFO - Processing /home/cloud/codings/airflow/dags/3_dag_GET_Current_YML_From_Cortex.py took 0.091 seconds
[2026-03-10T12:49:17.809+0000] {processor.py:161} INFO - Started process (PID=479263) to work on /home/cloud/codings/airflow/dags/3_dag_GET_Current_YML_From_Cortex.py
[2026-03-10T12:49:17.811+0000] {processor.py:830} INFO - Processing file /home/cloud/codings/airflow/dags/3_dag_GET_Current_YML_From_Cortex.py for tasks to queue
[2026-03-10T12:49:17.812+0000] {logging_mixin.py:188} INFO - [2026-03-10T12:49:17.812+0000] {dagbag.py:545} INFO - Filling up the DagBag from /home/cloud/codings/airflow/dags/3_dag_GET_Current_YML_From_Cortex.py
[2026-03-10T12:49:17.832+0000] {processor.py:840} INFO - DAG(s) '3_dag_GET_Current_YML_From_Cortex' retrieved from /home/cloud/codings/airflow/dags/3_dag_GET_Current_YML_From_Cortex.py
[2026-03-10T12:49:17.844+0000] {logging_mixin.py:188} INFO - [2026-03-10T12:49:17.844+0000] {dag.py:3089} INFO - Sync 1 DAGs
[2026-03-10T12:49:17.853+0000] {logging_mixin.py:188} INFO - [2026-03-10T12:49:17.853+0000] {dag.py:3947} INFO - Setting next_dagrun for 3_dag_GET_Current_YML_From_Cortex to None, run_after=None
[2026-03-10T12:49:17.876+0000] {processor.py:183} INFO - Processing /home/cloud/codings/airflow/dags/3_dag_GET_Current_YML_From_Cortex.py took 0.076 seconds
[2026-03-10T12:49:48.575+0000] {processor.py:161} INFO - Started process (PID=479396) to work on /home/cloud/codings/airflow/dags/3_dag_GET_Current_YML_From_Cortex.py
[2026-03-10T12:49:48.577+0000] {processor.py:830} INFO - Processing file /home/cloud/codings/airflow/dags/3_dag_GET_Current_YML_From_Cortex.py for tasks to queue
[2026-03-10T12:49:48.578+0000] {logging_mixin.py:188} INFO - [2026-03-10T12:49:48.577+0000] {dagbag.py:545} INFO - Filling up the DagBag from /home/cloud/codings/airflow/dags/3_dag_GET_Current_YML_From_Cortex.py
[2026-03-10T12:49:48.603+0000] {processor.py:840} INFO - DAG(s) '3_dag_GET_Current_YML_From_Cortex' retrieved from /home/cloud/codings/airflow/dags/3_dag_GET_Current_YML_From_Cortex.py
[2026-03-10T12:49:48.616+0000] {logging_mixin.py:188} INFO - [2026-03-10T12:49:48.616+0000] {dag.py:3089} INFO - Sync 1 DAGs
[2026-03-10T12:49:48.628+0000] {logging_mixin.py:188} INFO - [2026-03-10T12:49:48.628+0000] {dag.py:3947} INFO - Setting next_dagrun for 3_dag_GET_Current_YML_From_Cortex to None, run_after=None
[2026-03-10T12:49:48.650+0000] {processor.py:183} INFO - Processing /home/cloud/codings/airflow/dags/3_dag_GET_Current_YML_From_Cortex.py took 0.083 seconds
[2026-03-10T12:50:19.447+0000] {processor.py:161} INFO - Started process (PID=479474) to work on /home/cloud/codings/airflow/dags/3_dag_GET_Current_YML_From_Cortex.py
[2026-03-10T12:50:19.452+0000] {processor.py:830} INFO - Processing file /home/cloud/codings/airflow/dags/3_dag_GET_Current_YML_From_Cortex.py for tasks to queue
[2026-03-10T12:50:19.453+0000] {logging_mixin.py:188} INFO - [2026-03-10T12:50:19.453+0000] {dagbag.py:545} INFO - Filling up the DagBag from /home/cloud/codings/airflow/dags/3_dag_GET_Current_YML_From_Cortex.py
[2026-03-10T12:50:19.475+0000] {processor.py:840} INFO - DAG(s) '3_dag_GET_Current_YML_From_Cortex' retrieved from /home/cloud/codings/airflow/dags/3_dag_GET_Current_YML_From_Cortex.py
[2026-03-10T12:50:19.489+0000] {logging_mixin.py:188} INFO - [2026-03-10T12:50:19.489+0000] {dag.py:3089} INFO - Sync 1 DAGs
[2026-03-10T12:50:19.502+0000] {logging_mixin.py:188} INFO - [2026-03-10T12:50:19.502+0000] {dag.py:3947} INFO - Setting next_dagrun for 3_dag_GET_Current_YML_From_Cortex to None, run_after=None
[2026-03-10T12:50:19.525+0000] {processor.py:183} INFO - Processing /home/cloud/codings/airflow/dags/3_dag_GET_Current_YML_From_Cortex.py took 0.083 seconds
[2026-03-10T12:50:49.864+0000] {processor.py:161} INFO - Started process (PID=479670) to work on /home/cloud/codings/airflow/dags/3_dag_GET_Current_YML_From_Cortex.py
[2026-03-10T12:50:49.865+0000] {processor.py:830} INFO - Processing file /home/cloud/codings/airflow/dags/3_dag_GET_Current_YML_From_Cortex.py for tasks to queue
[2026-03-10T12:50:49.866+0000] {logging_mixin.py:188} INFO - [2026-03-10T12:50:49.865+0000] {dagbag.py:545} INFO - Filling up the DagBag from /home/cloud/codings/airflow/dags/3_dag_GET_Current_YML_From_Cortex.py
[2026-03-10T12:50:49.884+0000] {processor.py:840} INFO - DAG(s) '3_dag_GET_Current_YML_From_Cortex' retrieved from /home/cloud/codings/airflow/dags/3_dag_GET_Current_YML_From_Cortex.py
[2026-03-10T12:50:49.897+0000] {logging_mixin.py:188} INFO - [2026-03-10T12:50:49.897+0000] {dag.py:3089} INFO - Sync 1 DAGs
[2026-03-10T12:50:49.907+0000] {logging_mixin.py:188} INFO - [2026-03-10T12:50:49.907+0000] {dag.py:3947} INFO - Setting next_dagrun for 3_dag_GET_Current_YML_From_Cortex to None, run_after=None
[2026-03-10T12:50:49.930+0000] {processor.py:183} INFO - Processing /home/cloud/codings/airflow/dags/3_dag_GET_Current_YML_From_Cortex.py took 0.071 seconds
[2026-03-10T12:51:20.462+0000] {processor.py:161} INFO - Started process (PID=479741) to work on /home/cloud/codings/airflow/dags/3_dag_GET_Current_YML_From_Cortex.py
[2026-03-10T12:51:20.467+0000] {processor.py:830} INFO - Processing file /home/cloud/codings/airflow/dags/3_dag_GET_Current_YML_From_Cortex.py for tasks to queue
[2026-03-10T12:51:20.468+0000] {logging_mixin.py:188} INFO - [2026-03-10T12:51:20.468+0000] {dagbag.py:545} INFO - Filling up the DagBag from /home/cloud/codings/airflow/dags/3_dag_GET_Current_YML_From_Cortex.py
[2026-03-10T12:51:20.485+0000] {processor.py:840} INFO - DAG(s) '3_dag_GET_Current_YML_From_Cortex' retrieved from /home/cloud/codings/airflow/dags/3_dag_GET_Current_YML_From_Cortex.py
[2026-03-10T12:51:20.497+0000] {logging_mixin.py:188} INFO - [2026-03-10T12:51:20.497+0000] {dag.py:3089} INFO - Sync 1 DAGs
[2026-03-10T12:51:20.508+0000] {logging_mixin.py:188} INFO - [2026-03-10T12:51:20.508+0000] {dag.py:3947} INFO - Setting next_dagrun for 3_dag_GET_Current_YML_From_Cortex to None, run_after=None
[2026-03-10T12:51:20.531+0000] {processor.py:183} INFO - Processing /home/cloud/codings/airflow/dags/3_dag_GET_Current_YML_From_Cortex.py took 0.073 seconds
[2026-03-10T12:51:51.445+0000] {processor.py:161} INFO - Started process (PID=479874) to work on /home/cloud/codings/airflow/dags/3_dag_GET_Current_YML_From_Cortex.py
[2026-03-10T12:51:51.450+0000] {processor.py:830} INFO - Processing file /home/cloud/codings/airflow/dags/3_dag_GET_Current_YML_From_Cortex.py for tasks to queue
[2026-03-10T12:51:51.451+0000] {logging_mixin.py:188} INFO - [2026-03-10T12:51:51.451+0000] {dagbag.py:545} INFO - Filling up the DagBag from /home/cloud/codings/airflow/dags/3_dag_GET_Current_YML_From_Cortex.py
[2026-03-10T12:51:51.468+0000] {processor.py:840} INFO - DAG(s) '3_dag_GET_Current_YML_From_Cortex' retrieved from /home/cloud/codings/airflow/dags/3_dag_GET_Current_YML_From_Cortex.py
[2026-03-10T12:51:51.481+0000] {logging_mixin.py:188} INFO - [2026-03-10T12:51:51.481+0000] {dag.py:3089} INFO - Sync 1 DAGs
[2026-03-10T12:51:51.491+0000] {logging_mixin.py:188} INFO - [2026-03-10T12:51:51.491+0000] {dag.py:3947} INFO - Setting next_dagrun for 3_dag_GET_Current_YML_From_Cortex to None, run_after=None
[2026-03-10T12:51:51.517+0000] {processor.py:183} INFO - Processing /home/cloud/codings/airflow/dags/3_dag_GET_Current_YML_From_Cortex.py took 0.078 seconds
[2026-03-10T12:52:21.732+0000] {processor.py:161} INFO - Started process (PID=479941) to work on /home/cloud/codings/airflow/dags/3_dag_GET_Current_YML_From_Cortex.py
[2026-03-10T12:52:21.733+0000] {processor.py:830} INFO - Processing file /home/cloud/codings/airflow/dags/3_dag_GET_Current_YML_From_Cortex.py for tasks to queue
[2026-03-10T12:52:21.734+0000] {logging_mixin.py:188} INFO - [2026-03-10T12:52:21.733+0000] {dagbag.py:545} INFO - Filling up the DagBag from /home/cloud/codings/airflow/dags/3_dag_GET_Current_YML_From_Cortex.py
[2026-03-10T12:52:21.754+0000] {processor.py:840} INFO - DAG(s) '3_dag_GET_Current_YML_From_Cortex' retrieved from /home/cloud/codings/airflow/dags/3_dag_GET_Current_YML_From_Cortex.py
[2026-03-10T12:52:21.767+0000] {logging_mixin.py:188} INFO - [2026-03-10T12:52:21.767+0000] {dag.py:3089} INFO - Sync 1 DAGs
[2026-03-10T12:52:21.778+0000] {logging_mixin.py:188} INFO - [2026-03-10T12:52:21.778+0000] {dag.py:3947} INFO - Setting next_dagrun for 3_dag_GET_Current_YML_From_Cortex to None, run_after=None
[2026-03-10T12:52:21.804+0000] {processor.py:183} INFO - Processing /home/cloud/codings/airflow/dags/3_dag_GET_Current_YML_From_Cortex.py took 0.080 seconds
[2026-03-10T12:52:51.980+0000] {processor.py:161} INFO - Started process (PID=480076) to work on /home/cloud/codings/airflow/dags/3_dag_GET_Current_YML_From_Cortex.py
[2026-03-10T12:52:51.984+0000] {processor.py:830} INFO - Processing file /home/cloud/codings/airflow/dags/3_dag_GET_Current_YML_From_Cortex.py for tasks to queue
[2026-03-10T12:52:51.987+0000] {logging_mixin.py:188} INFO - [2026-03-10T12:52:51.986+0000] {dagbag.py:545} INFO - Filling up the DagBag from /home/cloud/codings/airflow/dags/3_dag_GET_Current_YML_From_Cortex.py
[2026-03-10T12:52:52.063+0000] {processor.py:840} INFO - DAG(s) '3_dag_GET_Current_YML_From_Cortex' retrieved from /home/cloud/codings/airflow/dags/3_dag_GET_Current_YML_From_Cortex.py
[2026-03-10T12:52:52.110+0000] {logging_mixin.py:188} INFO - [2026-03-10T12:52:52.109+0000] {dag.py:3089} INFO - Sync 1 DAGs
[2026-03-10T12:52:52.149+0000] {logging_mixin.py:188} INFO - [2026-03-10T12:52:52.149+0000] {dag.py:3947} INFO - Setting next_dagrun for 3_dag_GET_Current_YML_From_Cortex to None, run_after=None
[2026-03-10T12:52:52.216+0000] {processor.py:183} INFO - Processing /home/cloud/codings/airflow/dags/3_dag_GET_Current_YML_From_Cortex.py took 0.257 seconds
[2026-03-10T12:53:22.906+0000] {processor.py:161} INFO - Started process (PID=480149) to work on /home/cloud/codings/airflow/dags/3_dag_GET_Current_YML_From_Cortex.py
[2026-03-10T12:53:22.908+0000] {processor.py:830} INFO - Processing file /home/cloud/codings/airflow/dags/3_dag_GET_Current_YML_From_Cortex.py for tasks to queue
[2026-03-10T12:53:22.912+0000] {logging_mixin.py:188} INFO - [2026-03-10T12:53:22.911+0000] {dagbag.py:545} INFO - Filling up the DagBag from /home/cloud/codings/airflow/dags/3_dag_GET_Current_YML_From_Cortex.py
[2026-03-10T12:53:22.934+0000] {processor.py:840} INFO - DAG(s) '3_dag_GET_Current_YML_From_Cortex' retrieved from /home/cloud/codings/airflow/dags/3_dag_GET_Current_YML_From_Cortex.py
[2026-03-10T12:53:22.950+0000] {logging_mixin.py:188} INFO - [2026-03-10T12:53:22.950+0000] {dag.py:3089} INFO - Sync 1 DAGs
[2026-03-10T12:53:22.962+0000] {logging_mixin.py:188} INFO - [2026-03-10T12:53:22.961+0000] {dag.py:3947} INFO - Setting next_dagrun for 3_dag_GET_Current_YML_From_Cortex to None, run_after=None
[2026-03-10T12:53:22.984+0000] {processor.py:183} INFO - Processing /home/cloud/codings/airflow/dags/3_dag_GET_Current_YML_From_Cortex.py took 0.087 seconds
[2026-03-10T12:53:53.523+0000] {processor.py:161} INFO - Started process (PID=480276) to work on /home/cloud/codings/airflow/dags/3_dag_GET_Current_YML_From_Cortex.py
[2026-03-10T12:53:53.527+0000] {processor.py:830} INFO - Processing file /home/cloud/codings/airflow/dags/3_dag_GET_Current_YML_From_Cortex.py for tasks to queue
[2026-03-10T12:53:53.531+0000] {logging_mixin.py:188} INFO - [2026-03-10T12:53:53.529+0000] {dagbag.py:545} INFO - Filling up the DagBag from /home/cloud/codings/airflow/dags/3_dag_GET_Current_YML_From_Cortex.py
[2026-03-10T12:53:53.569+0000] {processor.py:840} INFO - DAG(s) '3_dag_GET_Current_YML_From_Cortex' retrieved from /home/cloud/codings/airflow/dags/3_dag_GET_Current_YML_From_Cortex.py
[2026-03-10T12:53:53.585+0000] {logging_mixin.py:188} INFO - [2026-03-10T12:53:53.584+0000] {dag.py:3089} INFO - Sync 1 DAGs
[2026-03-10T12:53:53.623+0000] {logging_mixin.py:188} INFO - [2026-03-10T12:53:53.622+0000] {dag.py:3947} INFO - Setting next_dagrun for 3_dag_GET_Current_YML_From_Cortex to None, run_after=None
[2026-03-10T12:53:53.687+0000] {processor.py:183} INFO - Processing /home/cloud/codings/airflow/dags/3_dag_GET_Current_YML_From_Cortex.py took 0.185 seconds
[2026-03-10T12:54:24.172+0000] {processor.py:161} INFO - Started process (PID=480347) to work on /home/cloud/codings/airflow/dags/3_dag_GET_Current_YML_From_Cortex.py
[2026-03-10T12:54:24.177+0000] {processor.py:830} INFO - Processing file /home/cloud/codings/airflow/dags/3_dag_GET_Current_YML_From_Cortex.py for tasks to queue
[2026-03-10T12:54:24.180+0000] {logging_mixin.py:188} INFO - [2026-03-10T12:54:24.178+0000] {dagbag.py:545} INFO - Filling up the DagBag from /home/cloud/codings/airflow/dags/3_dag_GET_Current_YML_From_Cortex.py
[2026-03-10T12:54:24.243+0000] {processor.py:840} INFO - DAG(s) '3_dag_GET_Current_YML_From_Cortex' retrieved from /home/cloud/codings/airflow/dags/3_dag_GET_Current_YML_From_Cortex.py
[2026-03-10T12:54:24.269+0000] {logging_mixin.py:188} INFO - [2026-03-10T12:54:24.269+0000] {dag.py:3089} INFO - Sync 1 DAGs
[2026-03-10T12:54:24.287+0000] {logging_mixin.py:188} INFO - [2026-03-10T12:54:24.287+0000] {dag.py:3947} INFO - Setting next_dagrun for 3_dag_GET_Current_YML_From_Cortex to None, run_after=None
[2026-03-10T12:54:24.310+0000] {processor.py:183} INFO - Processing /home/cloud/codings/airflow/dags/3_dag_GET_Current_YML_From_Cortex.py took 0.158 seconds
[2026-03-10T12:54:54.940+0000] {processor.py:161} INFO - Started process (PID=480482) to work on /home/cloud/codings/airflow/dags/3_dag_GET_Current_YML_From_Cortex.py
[2026-03-10T12:54:54.965+0000] {processor.py:830} INFO - Processing file /home/cloud/codings/airflow/dags/3_dag_GET_Current_YML_From_Cortex.py for tasks to queue
[2026-03-10T12:54:54.967+0000] {logging_mixin.py:188} INFO - [2026-03-10T12:54:54.966+0000] {dagbag.py:545} INFO - Filling up the DagBag from /home/cloud/codings/airflow/dags/3_dag_GET_Current_YML_From_Cortex.py
[2026-03-10T12:54:55.015+0000] {processor.py:840} INFO - DAG(s) '3_dag_GET_Current_YML_From_Cortex' retrieved from /home/cloud/codings/airflow/dags/3_dag_GET_Current_YML_From_Cortex.py
[2026-03-10T12:54:55.042+0000] {logging_mixin.py:188} INFO - [2026-03-10T12:54:55.042+0000] {dag.py:3089} INFO - Sync 1 DAGs
[2026-03-10T12:54:55.063+0000] {logging_mixin.py:188} INFO - [2026-03-10T12:54:55.063+0000] {dag.py:3947} INFO - Setting next_dagrun for 3_dag_GET_Current_YML_From_Cortex to None, run_after=None
[2026-03-10T12:54:55.087+0000] {processor.py:183} INFO - Processing /home/cloud/codings/airflow/dags/3_dag_GET_Current_YML_From_Cortex.py took 0.174 seconds
[2026-03-10T12:55:25.152+0000] {processor.py:161} INFO - Started process (PID=480554) to work on /home/cloud/codings/airflow/dags/3_dag_GET_Current_YML_From_Cortex.py
[2026-03-10T12:55:25.153+0000] {processor.py:830} INFO - Processing file /home/cloud/codings/airflow/dags/3_dag_GET_Current_YML_From_Cortex.py for tasks to queue
[2026-03-10T12:55:25.154+0000] {logging_mixin.py:188} INFO - [2026-03-10T12:55:25.154+0000] {dagbag.py:545} INFO - Filling up the DagBag from /home/cloud/codings/airflow/dags/3_dag_GET_Current_YML_From_Cortex.py
[2026-03-10T12:55:25.174+0000] {processor.py:840} INFO - DAG(s) '3_dag_GET_Current_YML_From_Cortex' retrieved from /home/cloud/codings/airflow/dags/3_dag_GET_Current_YML_From_Cortex.py
[2026-03-10T12:55:25.187+0000] {logging_mixin.py:188} INFO - [2026-03-10T12:55:25.187+0000] {dag.py:3089} INFO - Sync 1 DAGs
[2026-03-10T12:55:25.199+0000] {logging_mixin.py:188} INFO - [2026-03-10T12:55:25.198+0000] {dag.py:3947} INFO - Setting next_dagrun for 3_dag_GET_Current_YML_From_Cortex to None, run_after=None
[2026-03-10T12:55:25.222+0000] {processor.py:183} INFO - Processing /home/cloud/codings/airflow/dags/3_dag_GET_Current_YML_From_Cortex.py took 0.078 seconds
[2026-03-10T12:55:55.746+0000] {processor.py:161} INFO - Started process (PID=480747) to work on /home/cloud/codings/airflow/dags/3_dag_GET_Current_YML_From_Cortex.py
[2026-03-10T12:55:55.766+0000] {processor.py:830} INFO - Processing file /home/cloud/codings/airflow/dags/3_dag_GET_Current_YML_From_Cortex.py for tasks to queue
[2026-03-10T12:55:55.768+0000] {logging_mixin.py:188} INFO - [2026-03-10T12:55:55.767+0000] {dagbag.py:545} INFO - Filling up the DagBag from /home/cloud/codings/airflow/dags/3_dag_GET_Current_YML_From_Cortex.py
[2026-03-10T12:55:55.843+0000] {processor.py:840} INFO - DAG(s) '3_dag_GET_Current_YML_From_Cortex' retrieved from /home/cloud/codings/airflow/dags/3_dag_GET_Current_YML_From_Cortex.py
[2026-03-10T12:55:55.884+0000] {logging_mixin.py:188} INFO - [2026-03-10T12:55:55.884+0000] {dag.py:3089} INFO - Sync 1 DAGs
[2026-03-10T12:55:55.907+0000] {logging_mixin.py:188} INFO - [2026-03-10T12:55:55.907+0000] {dag.py:3947} INFO - Setting next_dagrun for 3_dag_GET_Current_YML_From_Cortex to None, run_after=None
[2026-03-10T12:55:55.954+0000] {processor.py:183} INFO - Processing /home/cloud/codings/airflow/dags/3_dag_GET_Current_YML_From_Cortex.py took 0.231 seconds
[2026-03-10T12:56:26.295+0000] {processor.py:161} INFO - Started process (PID=480820) to work on /home/cloud/codings/airflow/dags/3_dag_GET_Current_YML_From_Cortex.py
[2026-03-10T12:56:26.296+0000] {processor.py:830} INFO - Processing file /home/cloud/codings/airflow/dags/3_dag_GET_Current_YML_From_Cortex.py for tasks to queue
[2026-03-10T12:56:26.298+0000] {logging_mixin.py:188} INFO - [2026-03-10T12:56:26.297+0000] {dagbag.py:545} INFO - Filling up the DagBag from /home/cloud/codings/airflow/dags/3_dag_GET_Current_YML_From_Cortex.py
[2026-03-10T12:56:26.322+0000] {processor.py:840} INFO - DAG(s) '3_dag_GET_Current_YML_From_Cortex' retrieved from /home/cloud/codings/airflow/dags/3_dag_GET_Current_YML_From_Cortex.py
[2026-03-10T12:56:26.335+0000] {logging_mixin.py:188} INFO - [2026-03-10T12:56:26.335+0000] {dag.py:3089} INFO - Sync 1 DAGs
[2026-03-10T12:56:26.348+0000] {logging_mixin.py:188} INFO - [2026-03-10T12:56:26.348+0000] {dag.py:3947} INFO - Setting next_dagrun for 3_dag_GET_Current_YML_From_Cortex to None, run_after=None
[2026-03-10T12:56:26.373+0000] {processor.py:183} INFO - Processing /home/cloud/codings/airflow/dags/3_dag_GET_Current_YML_From_Cortex.py took 0.087 seconds
[2026-03-10T12:56:56.796+0000] {processor.py:161} INFO - Started process (PID=480953) to work on /home/cloud/codings/airflow/dags/3_dag_GET_Current_YML_From_Cortex.py
[2026-03-10T12:56:56.814+0000] {processor.py:830} INFO - Processing file /home/cloud/codings/airflow/dags/3_dag_GET_Current_YML_From_Cortex.py for tasks to queue
[2026-03-10T12:56:56.816+0000] {logging_mixin.py:188} INFO - [2026-03-10T12:56:56.816+0000] {dagbag.py:545} INFO - Filling up the DagBag from /home/cloud/codings/airflow/dags/3_dag_GET_Current_YML_From_Cortex.py
[2026-03-10T12:56:56.847+0000] {processor.py:840} INFO - DAG(s) '3_dag_GET_Current_YML_From_Cortex' retrieved from /home/cloud/codings/airflow/dags/3_dag_GET_Current_YML_From_Cortex.py
[2026-03-10T12:56:56.870+0000] {logging_mixin.py:188} INFO - [2026-03-10T12:56:56.869+0000] {dag.py:3089} INFO - Sync 1 DAGs
[2026-03-10T12:56:56.890+0000] {logging_mixin.py:188} INFO - [2026-03-10T12:56:56.890+0000] {dag.py:3947} INFO - Setting next_dagrun for 3_dag_GET_Current_YML_From_Cortex to None, run_after=None
[2026-03-10T12:56:56.927+0000] {processor.py:183} INFO - Processing /home/cloud/codings/airflow/dags/3_dag_GET_Current_YML_From_Cortex.py took 0.141 seconds
[2026-03-10T12:57:27.873+0000] {processor.py:161} INFO - Started process (PID=481020) to work on /home/cloud/codings/airflow/dags/3_dag_GET_Current_YML_From_Cortex.py
[2026-03-10T12:57:27.875+0000] {processor.py:830} INFO - Processing file /home/cloud/codings/airflow/dags/3_dag_GET_Current_YML_From_Cortex.py for tasks to queue
[2026-03-10T12:57:27.877+0000] {logging_mixin.py:188} INFO - [2026-03-10T12:57:27.876+0000] {dagbag.py:545} INFO - Filling up the DagBag from /home/cloud/codings/airflow/dags/3_dag_GET_Current_YML_From_Cortex.py
[2026-03-10T12:57:27.918+0000] {processor.py:840} INFO - DAG(s) '3_dag_GET_Current_YML_From_Cortex' retrieved from /home/cloud/codings/airflow/dags/3_dag_GET_Current_YML_From_Cortex.py
[2026-03-10T12:57:27.945+0000] {logging_mixin.py:188} INFO - [2026-03-10T12:57:27.945+0000] {dag.py:3089} INFO - Sync 1 DAGs
[2026-03-10T12:57:27.964+0000] {logging_mixin.py:188} INFO - [2026-03-10T12:57:27.964+0000] {dag.py:3947} INFO - Setting next_dagrun for 3_dag_GET_Current_YML_From_Cortex to None, run_after=None
[2026-03-10T12:57:27.994+0000] {processor.py:183} INFO - Processing /home/cloud/codings/airflow/dags/3_dag_GET_Current_YML_From_Cortex.py took 0.132 seconds
[2026-03-10T12:57:58.889+0000] {processor.py:161} INFO - Started process (PID=481159) to work on /home/cloud/codings/airflow/dags/3_dag_GET_Current_YML_From_Cortex.py
[2026-03-10T12:57:58.909+0000] {processor.py:830} INFO - Processing file /home/cloud/codings/airflow/dags/3_dag_GET_Current_YML_From_Cortex.py for tasks to queue
[2026-03-10T12:57:58.913+0000] {logging_mixin.py:188} INFO - [2026-03-10T12:57:58.911+0000] {dagbag.py:545} INFO - Filling up the DagBag from /home/cloud/codings/airflow/dags/3_dag_GET_Current_YML_From_Cortex.py
[2026-03-10T12:57:58.971+0000] {processor.py:840} INFO - DAG(s) '3_dag_GET_Current_YML_From_Cortex' retrieved from /home/cloud/codings/airflow/dags/3_dag_GET_Current_YML_From_Cortex.py
[2026-03-10T12:57:58.993+0000] {logging_mixin.py:188} INFO - [2026-03-10T12:57:58.992+0000] {dag.py:3089} INFO - Sync 1 DAGs
[2026-03-10T12:57:59.006+0000] {logging_mixin.py:188} INFO - [2026-03-10T12:57:59.006+0000] {dag.py:3947} INFO - Setting next_dagrun for 3_dag_GET_Current_YML_From_Cortex to None, run_after=None
[2026-03-10T12:57:59.033+0000] {processor.py:183} INFO - Processing /home/cloud/codings/airflow/dags/3_dag_GET_Current_YML_From_Cortex.py took 0.165 seconds
[2026-03-10T12:58:29.368+0000] {processor.py:161} INFO - Started process (PID=481229) to work on /home/cloud/codings/airflow/dags/3_dag_GET_Current_YML_From_Cortex.py
[2026-03-10T12:58:29.369+0000] {processor.py:830} INFO - Processing file /home/cloud/codings/airflow/dags/3_dag_GET_Current_YML_From_Cortex.py for tasks to queue
[2026-03-10T12:58:29.371+0000] {logging_mixin.py:188} INFO - [2026-03-10T12:58:29.370+0000] {dagbag.py:545} INFO - Filling up the DagBag from /home/cloud/codings/airflow/dags/3_dag_GET_Current_YML_From_Cortex.py
[2026-03-10T12:58:29.406+0000] {processor.py:840} INFO - DAG(s) '3_dag_GET_Current_YML_From_Cortex' retrieved from /home/cloud/codings/airflow/dags/3_dag_GET_Current_YML_From_Cortex.py
[2026-03-10T12:58:29.429+0000] {logging_mixin.py:188} INFO - [2026-03-10T12:58:29.429+0000] {dag.py:3089} INFO - Sync 1 DAGs
[2026-03-10T12:58:29.451+0000] {logging_mixin.py:188} INFO - [2026-03-10T12:58:29.450+0000] {dag.py:3947} INFO - Setting next_dagrun for 3_dag_GET_Current_YML_From_Cortex to None, run_after=None
[2026-03-10T12:58:29.490+0000] {processor.py:183} INFO - Processing /home/cloud/codings/airflow/dags/3_dag_GET_Current_YML_From_Cortex.py took 0.131 seconds
[2026-03-10T12:59:00.336+0000] {processor.py:161} INFO - Started process (PID=481357) to work on /home/cloud/codings/airflow/dags/3_dag_GET_Current_YML_From_Cortex.py
[2026-03-10T12:59:00.348+0000] {processor.py:830} INFO - Processing file /home/cloud/codings/airflow/dags/3_dag_GET_Current_YML_From_Cortex.py for tasks to queue
[2026-03-10T12:59:00.351+0000] {logging_mixin.py:188} INFO - [2026-03-10T12:59:00.350+0000] {dagbag.py:545} INFO - Filling up the DagBag from /home/cloud/codings/airflow/dags/3_dag_GET_Current_YML_From_Cortex.py
[2026-03-10T12:59:00.377+0000] {processor.py:840} INFO - DAG(s) '3_dag_GET_Current_YML_From_Cortex' retrieved from /home/cloud/codings/airflow/dags/3_dag_GET_Current_YML_From_Cortex.py
[2026-03-10T12:59:00.394+0000] {logging_mixin.py:188} INFO - [2026-03-10T12:59:00.393+0000] {dag.py:3089} INFO - Sync 1 DAGs
[2026-03-10T12:59:00.408+0000] {logging_mixin.py:188} INFO - [2026-03-10T12:59:00.408+0000] {dag.py:3947} INFO - Setting next_dagrun for 3_dag_GET_Current_YML_From_Cortex to None, run_after=None
[2026-03-10T12:59:00.430+0000] {processor.py:183} INFO - Processing /home/cloud/codings/airflow/dags/3_dag_GET_Current_YML_From_Cortex.py took 0.109 seconds
[2026-03-10T12:59:30.856+0000] {processor.py:161} INFO - Started process (PID=481432) to work on /home/cloud/codings/airflow/dags/3_dag_GET_Current_YML_From_Cortex.py
[2026-03-10T12:59:30.859+0000] {processor.py:830} INFO - Processing file /home/cloud/codings/airflow/dags/3_dag_GET_Current_YML_From_Cortex.py for tasks to queue
[2026-03-10T12:59:30.861+0000] {logging_mixin.py:188} INFO - [2026-03-10T12:59:30.860+0000] {dagbag.py:545} INFO - Filling up the DagBag from /home/cloud/codings/airflow/dags/3_dag_GET_Current_YML_From_Cortex.py
[2026-03-10T12:59:30.900+0000] {processor.py:840} INFO - DAG(s) '3_dag_GET_Current_YML_From_Cortex' retrieved from /home/cloud/codings/airflow/dags/3_dag_GET_Current_YML_From_Cortex.py
[2026-03-10T12:59:30.915+0000] {logging_mixin.py:188} INFO - [2026-03-10T12:59:30.915+0000] {dag.py:3089} INFO - Sync 1 DAGs
[2026-03-10T12:59:30.928+0000] {logging_mixin.py:188} INFO - [2026-03-10T12:59:30.928+0000] {dag.py:3947} INFO - Setting next_dagrun for 3_dag_GET_Current_YML_From_Cortex to None, run_after=None
[2026-03-10T12:59:30.952+0000] {processor.py:183} INFO - Processing /home/cloud/codings/airflow/dags/3_dag_GET_Current_YML_From_Cortex.py took 0.110 seconds
[2026-03-10T13:00:01.877+0000] {processor.py:161} INFO - Started process (PID=481563) to work on /home/cloud/codings/airflow/dags/3_dag_GET_Current_YML_From_Cortex.py
[2026-03-10T13:00:01.881+0000] {processor.py:830} INFO - Processing file /home/cloud/codings/airflow/dags/3_dag_GET_Current_YML_From_Cortex.py for tasks to queue
[2026-03-10T13:00:01.884+0000] {logging_mixin.py:188} INFO - [2026-03-10T13:00:01.883+0000] {dagbag.py:545} INFO - Filling up the DagBag from /home/cloud/codings/airflow/dags/3_dag_GET_Current_YML_From_Cortex.py
[2026-03-10T13:00:01.964+0000] {processor.py:840} INFO - DAG(s) '3_dag_GET_Current_YML_From_Cortex' retrieved from /home/cloud/codings/airflow/dags/3_dag_GET_Current_YML_From_Cortex.py
[2026-03-10T13:00:01.998+0000] {logging_mixin.py:188} INFO - [2026-03-10T13:00:01.998+0000] {dag.py:3089} INFO - Sync 1 DAGs
[2026-03-10T13:00:02.025+0000] {logging_mixin.py:188} INFO - [2026-03-10T13:00:02.024+0000] {dag.py:3947} INFO - Setting next_dagrun for 3_dag_GET_Current_YML_From_Cortex to None, run_after=None
[2026-03-10T13:00:02.085+0000] {processor.py:183} INFO - Processing /home/cloud/codings/airflow/dags/3_dag_GET_Current_YML_From_Cortex.py took 0.234 seconds
[2026-03-10T13:00:32.802+0000] {processor.py:161} INFO - Started process (PID=481636) to work on /home/cloud/codings/airflow/dags/3_dag_GET_Current_YML_From_Cortex.py
[2026-03-10T13:00:32.804+0000] {processor.py:830} INFO - Processing file /home/cloud/codings/airflow/dags/3_dag_GET_Current_YML_From_Cortex.py for tasks to queue
[2026-03-10T13:00:32.805+0000] {logging_mixin.py:188} INFO - [2026-03-10T13:00:32.804+0000] {dagbag.py:545} INFO - Filling up the DagBag from /home/cloud/codings/airflow/dags/3_dag_GET_Current_YML_From_Cortex.py
[2026-03-10T13:00:32.832+0000] {processor.py:840} INFO - DAG(s) '3_dag_GET_Current_YML_From_Cortex' retrieved from /home/cloud/codings/airflow/dags/3_dag_GET_Current_YML_From_Cortex.py
[2026-03-10T13:00:32.846+0000] {logging_mixin.py:188} INFO - [2026-03-10T13:00:32.846+0000] {dag.py:3089} INFO - Sync 1 DAGs
[2026-03-10T13:00:32.857+0000] {logging_mixin.py:188} INFO - [2026-03-10T13:00:32.857+0000] {dag.py:3947} INFO - Setting next_dagrun for 3_dag_GET_Current_YML_From_Cortex to None, run_after=None
[2026-03-10T13:00:32.884+0000] {processor.py:183} INFO - Processing /home/cloud/codings/airflow/dags/3_dag_GET_Current_YML_From_Cortex.py took 0.091 seconds
[2026-03-10T13:01:03.784+0000] {processor.py:161} INFO - Started process (PID=481889) to work on /home/cloud/codings/airflow/dags/3_dag_GET_Current_YML_From_Cortex.py
[2026-03-10T13:01:03.786+0000] {processor.py:830} INFO - Processing file /home/cloud/codings/airflow/dags/3_dag_GET_Current_YML_From_Cortex.py for tasks to queue
[2026-03-10T13:01:03.788+0000] {logging_mixin.py:188} INFO - [2026-03-10T13:01:03.787+0000] {dagbag.py:545} INFO - Filling up the DagBag from /home/cloud/codings/airflow/dags/3_dag_GET_Current_YML_From_Cortex.py
[2026-03-10T13:01:03.837+0000] {processor.py:840} INFO - DAG(s) '3_dag_GET_Current_YML_From_Cortex' retrieved from /home/cloud/codings/airflow/dags/3_dag_GET_Current_YML_From_Cortex.py
[2026-03-10T13:01:03.878+0000] {logging_mixin.py:188} INFO - [2026-03-10T13:01:03.877+0000] {dag.py:3089} INFO - Sync 1 DAGs
[2026-03-10T13:01:03.894+0000] {logging_mixin.py:188} INFO - [2026-03-10T13:01:03.893+0000] {dag.py:3947} INFO - Setting next_dagrun for 3_dag_GET_Current_YML_From_Cortex to None, run_after=None
[2026-03-10T13:01:03.926+0000] {processor.py:183} INFO - Processing /home/cloud/codings/airflow/dags/3_dag_GET_Current_YML_From_Cortex.py took 0.163 seconds
[2026-03-10T13:01:34.506+0000] {processor.py:161} INFO - Started process (PID=481962) to work on /home/cloud/codings/airflow/dags/3_dag_GET_Current_YML_From_Cortex.py
[2026-03-10T13:01:34.525+0000] {processor.py:830} INFO - Processing file /home/cloud/codings/airflow/dags/3_dag_GET_Current_YML_From_Cortex.py for tasks to queue
[2026-03-10T13:01:34.528+0000] {logging_mixin.py:188} INFO - [2026-03-10T13:01:34.527+0000] {dagbag.py:545} INFO - Filling up the DagBag from /home/cloud/codings/airflow/dags/3_dag_GET_Current_YML_From_Cortex.py
[2026-03-10T13:01:34.572+0000] {processor.py:840} INFO - DAG(s) '3_dag_GET_Current_YML_From_Cortex' retrieved from /home/cloud/codings/airflow/dags/3_dag_GET_Current_YML_From_Cortex.py
[2026-03-10T13:01:34.588+0000] {logging_mixin.py:188} INFO - [2026-03-10T13:01:34.588+0000] {dag.py:3089} INFO - Sync 1 DAGs
[2026-03-10T13:01:34.601+0000] {logging_mixin.py:188} INFO - [2026-03-10T13:01:34.600+0000] {dag.py:3947} INFO - Setting next_dagrun for 3_dag_GET_Current_YML_From_Cortex to None, run_after=None
[2026-03-10T13:01:34.626+0000] {processor.py:183} INFO - Processing /home/cloud/codings/airflow/dags/3_dag_GET_Current_YML_From_Cortex.py took 0.134 seconds
[2026-03-10T13:02:04.975+0000] {processor.py:161} INFO - Started process (PID=482095) to work on /home/cloud/codings/airflow/dags/3_dag_GET_Current_YML_From_Cortex.py
[2026-03-10T13:02:04.978+0000] {processor.py:830} INFO - Processing file /home/cloud/codings/airflow/dags/3_dag_GET_Current_YML_From_Cortex.py for tasks to queue
[2026-03-10T13:02:04.980+0000] {logging_mixin.py:188} INFO - [2026-03-10T13:02:04.979+0000] {dagbag.py:545} INFO - Filling up the DagBag from /home/cloud/codings/airflow/dags/3_dag_GET_Current_YML_From_Cortex.py
[2026-03-10T13:02:05.046+0000] {processor.py:840} INFO - DAG(s) '3_dag_GET_Current_YML_From_Cortex' retrieved from /home/cloud/codings/airflow/dags/3_dag_GET_Current_YML_From_Cortex.py
[2026-03-10T13:02:05.083+0000] {logging_mixin.py:188} INFO - [2026-03-10T13:02:05.083+0000] {dag.py:3089} INFO - Sync 1 DAGs
[2026-03-10T13:02:05.105+0000] {logging_mixin.py:188} INFO - [2026-03-10T13:02:05.104+0000] {dag.py:3947} INFO - Setting next_dagrun for 3_dag_GET_Current_YML_From_Cortex to None, run_after=None
[2026-03-10T13:02:05.160+0000] {processor.py:183} INFO - Processing /home/cloud/codings/airflow/dags/3_dag_GET_Current_YML_From_Cortex.py took 0.200 seconds
[2026-03-10T13:02:35.701+0000] {processor.py:161} INFO - Started process (PID=482169) to work on /home/cloud/codings/airflow/dags/3_dag_GET_Current_YML_From_Cortex.py
[2026-03-10T13:02:35.722+0000] {processor.py:830} INFO - Processing file /home/cloud/codings/airflow/dags/3_dag_GET_Current_YML_From_Cortex.py for tasks to queue
[2026-03-10T13:02:35.726+0000] {logging_mixin.py:188} INFO - [2026-03-10T13:02:35.724+0000] {dagbag.py:545} INFO - Filling up the DagBag from /home/cloud/codings/airflow/dags/3_dag_GET_Current_YML_From_Cortex.py
[2026-03-10T13:02:35.796+0000] {processor.py:840} INFO - DAG(s) '3_dag_GET_Current_YML_From_Cortex' retrieved from /home/cloud/codings/airflow/dags/3_dag_GET_Current_YML_From_Cortex.py
[2026-03-10T13:02:35.821+0000] {logging_mixin.py:188} INFO - [2026-03-10T13:02:35.821+0000] {dag.py:3089} INFO - Sync 1 DAGs
[2026-03-10T13:02:35.834+0000] {logging_mixin.py:188} INFO - [2026-03-10T13:02:35.834+0000] {dag.py:3947} INFO - Setting next_dagrun for 3_dag_GET_Current_YML_From_Cortex to None, run_after=None
[2026-03-10T13:02:35.915+0000] {processor.py:183} INFO - Processing /home/cloud/codings/airflow/dags/3_dag_GET_Current_YML_From_Cortex.py took 0.238 seconds
[2026-03-10T13:03:06.086+0000] {processor.py:161} INFO - Started process (PID=482300) to work on /home/cloud/codings/airflow/dags/3_dag_GET_Current_YML_From_Cortex.py
[2026-03-10T13:03:06.087+0000] {processor.py:830} INFO - Processing file /home/cloud/codings/airflow/dags/3_dag_GET_Current_YML_From_Cortex.py for tasks to queue
[2026-03-10T13:03:06.088+0000] {logging_mixin.py:188} INFO - [2026-03-10T13:03:06.088+0000] {dagbag.py:545} INFO - Filling up the DagBag from /home/cloud/codings/airflow/dags/3_dag_GET_Current_YML_From_Cortex.py
[2026-03-10T13:03:06.107+0000] {processor.py:840} INFO - DAG(s) '3_dag_GET_Current_YML_From_Cortex' retrieved from /home/cloud/codings/airflow/dags/3_dag_GET_Current_YML_From_Cortex.py
[2026-03-10T13:03:06.120+0000] {logging_mixin.py:188} INFO - [2026-03-10T13:03:06.120+0000] {dag.py:3089} INFO - Sync 1 DAGs
[2026-03-10T13:03:06.131+0000] {logging_mixin.py:188} INFO - [2026-03-10T13:03:06.130+0000] {dag.py:3947} INFO - Setting next_dagrun for 3_dag_GET_Current_YML_From_Cortex to None, run_after=None
[2026-03-10T13:03:06.152+0000] {processor.py:183} INFO - Processing /home/cloud/codings/airflow/dags/3_dag_GET_Current_YML_From_Cortex.py took 0.071 seconds
[2026-03-10T13:03:36.821+0000] {processor.py:161} INFO - Started process (PID=482373) to work on /home/cloud/codings/airflow/dags/3_dag_GET_Current_YML_From_Cortex.py
[2026-03-10T13:03:36.839+0000] {processor.py:830} INFO - Processing file /home/cloud/codings/airflow/dags/3_dag_GET_Current_YML_From_Cortex.py for tasks to queue
[2026-03-10T13:03:36.840+0000] {logging_mixin.py:188} INFO - [2026-03-10T13:03:36.840+0000] {dagbag.py:545} INFO - Filling up the DagBag from /home/cloud/codings/airflow/dags/3_dag_GET_Current_YML_From_Cortex.py
[2026-03-10T13:03:36.866+0000] {processor.py:840} INFO - DAG(s) '3_dag_GET_Current_YML_From_Cortex' retrieved from /home/cloud/codings/airflow/dags/3_dag_GET_Current_YML_From_Cortex.py
[2026-03-10T13:03:36.879+0000] {logging_mixin.py:188} INFO - [2026-03-10T13:03:36.879+0000] {dag.py:3089} INFO - Sync 1 DAGs
[2026-03-10T13:03:36.891+0000] {logging_mixin.py:188} INFO - [2026-03-10T13:03:36.890+0000] {dag.py:3947} INFO - Setting next_dagrun for 3_dag_GET_Current_YML_From_Cortex to None, run_after=None
[2026-03-10T13:03:36.948+0000] {processor.py:183} INFO - Processing /home/cloud/codings/airflow/dags/3_dag_GET_Current_YML_From_Cortex.py took 0.135 seconds
[2026-03-10T13:04:07.270+0000] {processor.py:161} INFO - Started process (PID=482506) to work on /home/cloud/codings/airflow/dags/3_dag_GET_Current_YML_From_Cortex.py
[2026-03-10T13:04:07.289+0000] {processor.py:830} INFO - Processing file /home/cloud/codings/airflow/dags/3_dag_GET_Current_YML_From_Cortex.py for tasks to queue
[2026-03-10T13:04:07.291+0000] {logging_mixin.py:188} INFO - [2026-03-10T13:04:07.290+0000] {dagbag.py:545} INFO - Filling up the DagBag from /home/cloud/codings/airflow/dags/3_dag_GET_Current_YML_From_Cortex.py
[2026-03-10T13:04:07.324+0000] {processor.py:840} INFO - DAG(s) '3_dag_GET_Current_YML_From_Cortex' retrieved from /home/cloud/codings/airflow/dags/3_dag_GET_Current_YML_From_Cortex.py
[2026-03-10T13:04:07.339+0000] {logging_mixin.py:188} INFO - [2026-03-10T13:04:07.338+0000] {dag.py:3089} INFO - Sync 1 DAGs
[2026-03-10T13:04:07.350+0000] {logging_mixin.py:188} INFO - [2026-03-10T13:04:07.350+0000] {dag.py:3947} INFO - Setting next_dagrun for 3_dag_GET_Current_YML_From_Cortex to None, run_after=None
[2026-03-10T13:04:07.378+0000] {processor.py:183} INFO - Processing /home/cloud/codings/airflow/dags/3_dag_GET_Current_YML_From_Cortex.py took 0.116 seconds
[2026-03-10T13:04:38.058+0000] {processor.py:161} INFO - Started process (PID=482579) to work on /home/cloud/codings/airflow/dags/3_dag_GET_Current_YML_From_Cortex.py
[2026-03-10T13:04:38.061+0000] {processor.py:830} INFO - Processing file /home/cloud/codings/airflow/dags/3_dag_GET_Current_YML_From_Cortex.py for tasks to queue
[2026-03-10T13:04:38.064+0000] {logging_mixin.py:188} INFO - [2026-03-10T13:04:38.062+0000] {dagbag.py:545} INFO - Filling up the DagBag from /home/cloud/codings/airflow/dags/3_dag_GET_Current_YML_From_Cortex.py
[2026-03-10T13:04:38.103+0000] {processor.py:840} INFO - DAG(s) '3_dag_GET_Current_YML_From_Cortex' retrieved from /home/cloud/codings/airflow/dags/3_dag_GET_Current_YML_From_Cortex.py
[2026-03-10T13:04:38.119+0000] {logging_mixin.py:188} INFO - [2026-03-10T13:04:38.118+0000] {dag.py:3089} INFO - Sync 1 DAGs
[2026-03-10T13:04:38.131+0000] {logging_mixin.py:188} INFO - [2026-03-10T13:04:38.131+0000] {dag.py:3947} INFO - Setting next_dagrun for 3_dag_GET_Current_YML_From_Cortex to None, run_after=None
[2026-03-10T13:04:38.154+0000] {processor.py:183} INFO - Processing /home/cloud/codings/airflow/dags/3_dag_GET_Current_YML_From_Cortex.py took 0.116 seconds
[2026-03-10T13:05:08.717+0000] {processor.py:161} INFO - Started process (PID=482710) to work on /home/cloud/codings/airflow/dags/3_dag_GET_Current_YML_From_Cortex.py
[2026-03-10T13:05:08.722+0000] {processor.py:830} INFO - Processing file /home/cloud/codings/airflow/dags/3_dag_GET_Current_YML_From_Cortex.py for tasks to queue
[2026-03-10T13:05:08.725+0000] {logging_mixin.py:188} INFO - [2026-03-10T13:05:08.723+0000] {dagbag.py:545} INFO - Filling up the DagBag from /home/cloud/codings/airflow/dags/3_dag_GET_Current_YML_From_Cortex.py
[2026-03-10T13:05:08.798+0000] {processor.py:840} INFO - DAG(s) '3_dag_GET_Current_YML_From_Cortex' retrieved from /home/cloud/codings/airflow/dags/3_dag_GET_Current_YML_From_Cortex.py
[2026-03-10T13:05:08.847+0000] {logging_mixin.py:188} INFO - [2026-03-10T13:05:08.846+0000] {dag.py:3089} INFO - Sync 1 DAGs
[2026-03-10T13:05:08.874+0000] {logging_mixin.py:188} INFO - [2026-03-10T13:05:08.873+0000] {dag.py:3947} INFO - Setting next_dagrun for 3_dag_GET_Current_YML_From_Cortex to None, run_after=None
[2026-03-10T13:05:08.920+0000] {processor.py:183} INFO - Processing /home/cloud/codings/airflow/dags/3_dag_GET_Current_YML_From_Cortex.py took 0.220 seconds
[2026-03-10T13:05:39.738+0000] {processor.py:161} INFO - Started process (PID=482845) to work on /home/cloud/codings/airflow/dags/3_dag_GET_Current_YML_From_Cortex.py
[2026-03-10T13:05:39.759+0000] {processor.py:830} INFO - Processing file /home/cloud/codings/airflow/dags/3_dag_GET_Current_YML_From_Cortex.py for tasks to queue
[2026-03-10T13:05:39.761+0000] {logging_mixin.py:188} INFO - [2026-03-10T13:05:39.760+0000] {dagbag.py:545} INFO - Filling up the DagBag from /home/cloud/codings/airflow/dags/3_dag_GET_Current_YML_From_Cortex.py
[2026-03-10T13:05:39.813+0000] {processor.py:840} INFO - DAG(s) '3_dag_GET_Current_YML_From_Cortex' retrieved from /home/cloud/codings/airflow/dags/3_dag_GET_Current_YML_From_Cortex.py
[2026-03-10T13:05:39.831+0000] {logging_mixin.py:188} INFO - [2026-03-10T13:05:39.831+0000] {dag.py:3089} INFO - Sync 1 DAGs
[2026-03-10T13:05:39.846+0000] {logging_mixin.py:188} INFO - [2026-03-10T13:05:39.846+0000] {dag.py:3947} INFO - Setting next_dagrun for 3_dag_GET_Current_YML_From_Cortex to None, run_after=None
[2026-03-10T13:05:39.871+0000] {processor.py:183} INFO - Processing /home/cloud/codings/airflow/dags/3_dag_GET_Current_YML_From_Cortex.py took 0.160 seconds
[2026-03-10T13:06:10.265+0000] {processor.py:161} INFO - Started process (PID=482973) to work on /home/cloud/codings/airflow/dags/3_dag_GET_Current_YML_From_Cortex.py
[2026-03-10T13:06:10.268+0000] {processor.py:830} INFO - Processing file /home/cloud/codings/airflow/dags/3_dag_GET_Current_YML_From_Cortex.py for tasks to queue
[2026-03-10T13:06:10.270+0000] {logging_mixin.py:188} INFO - [2026-03-10T13:06:10.269+0000] {dagbag.py:545} INFO - Filling up the DagBag from /home/cloud/codings/airflow/dags/3_dag_GET_Current_YML_From_Cortex.py
[2026-03-10T13:06:10.310+0000] {processor.py:840} INFO - DAG(s) '3_dag_GET_Current_YML_From_Cortex' retrieved from /home/cloud/codings/airflow/dags/3_dag_GET_Current_YML_From_Cortex.py
[2026-03-10T13:06:10.326+0000] {logging_mixin.py:188} INFO - [2026-03-10T13:06:10.326+0000] {dag.py:3089} INFO - Sync 1 DAGs
[2026-03-10T13:06:10.339+0000] {logging_mixin.py:188} INFO - [2026-03-10T13:06:10.339+0000] {dag.py:3947} INFO - Setting next_dagrun for 3_dag_GET_Current_YML_From_Cortex to None, run_after=None
[2026-03-10T13:06:10.369+0000] {processor.py:183} INFO - Processing /home/cloud/codings/airflow/dags/3_dag_GET_Current_YML_From_Cortex.py took 0.123 seconds
[2026-03-10T13:06:40.972+0000] {processor.py:161} INFO - Started process (PID=483043) to work on /home/cloud/codings/airflow/dags/3_dag_GET_Current_YML_From_Cortex.py
[2026-03-10T13:06:40.977+0000] {processor.py:830} INFO - Processing file /home/cloud/codings/airflow/dags/3_dag_GET_Current_YML_From_Cortex.py for tasks to queue
[2026-03-10T13:06:40.982+0000] {logging_mixin.py:188} INFO - [2026-03-10T13:06:40.979+0000] {dagbag.py:545} INFO - Filling up the DagBag from /home/cloud/codings/airflow/dags/3_dag_GET_Current_YML_From_Cortex.py
[2026-03-10T13:06:41.027+0000] {processor.py:840} INFO - DAG(s) '3_dag_GET_Current_YML_From_Cortex' retrieved from /home/cloud/codings/airflow/dags/3_dag_GET_Current_YML_From_Cortex.py
[2026-03-10T13:06:41.051+0000] {logging_mixin.py:188} INFO - [2026-03-10T13:06:41.051+0000] {dag.py:3089} INFO - Sync 1 DAGs
[2026-03-10T13:06:41.076+0000] {logging_mixin.py:188} INFO - [2026-03-10T13:06:41.075+0000] {dag.py:3947} INFO - Setting next_dagrun for 3_dag_GET_Current_YML_From_Cortex to None, run_after=None
[2026-03-10T13:06:41.131+0000] {processor.py:183} INFO - Processing /home/cloud/codings/airflow/dags/3_dag_GET_Current_YML_From_Cortex.py took 0.181 seconds
[2026-03-10T13:07:11.853+0000] {processor.py:161} INFO - Started process (PID=483176) to work on /home/cloud/codings/airflow/dags/3_dag_GET_Current_YML_From_Cortex.py
[2026-03-10T13:07:11.884+0000] {processor.py:830} INFO - Processing file /home/cloud/codings/airflow/dags/3_dag_GET_Current_YML_From_Cortex.py for tasks to queue
[2026-03-10T13:07:11.889+0000] {logging_mixin.py:188} INFO - [2026-03-10T13:07:11.887+0000] {dagbag.py:545} INFO - Filling up the DagBag from /home/cloud/codings/airflow/dags/3_dag_GET_Current_YML_From_Cortex.py
[2026-03-10T13:07:11.965+0000] {processor.py:840} INFO - DAG(s) '3_dag_GET_Current_YML_From_Cortex' retrieved from /home/cloud/codings/airflow/dags/3_dag_GET_Current_YML_From_Cortex.py
[2026-03-10T13:07:12.002+0000] {logging_mixin.py:188} INFO - [2026-03-10T13:07:12.001+0000] {dag.py:3089} INFO - Sync 1 DAGs
[2026-03-10T13:07:12.024+0000] {logging_mixin.py:188} INFO - [2026-03-10T13:07:12.024+0000] {dag.py:3947} INFO - Setting next_dagrun for 3_dag_GET_Current_YML_From_Cortex to None, run_after=None
[2026-03-10T13:07:12.085+0000] {processor.py:183} INFO - Processing /home/cloud/codings/airflow/dags/3_dag_GET_Current_YML_From_Cortex.py took 0.256 seconds
[2026-03-10T13:07:42.502+0000] {processor.py:161} INFO - Started process (PID=483249) to work on /home/cloud/codings/airflow/dags/3_dag_GET_Current_YML_From_Cortex.py
[2026-03-10T13:07:42.504+0000] {processor.py:830} INFO - Processing file /home/cloud/codings/airflow/dags/3_dag_GET_Current_YML_From_Cortex.py for tasks to queue
[2026-03-10T13:07:42.505+0000] {logging_mixin.py:188} INFO - [2026-03-10T13:07:42.505+0000] {dagbag.py:545} INFO - Filling up the DagBag from /home/cloud/codings/airflow/dags/3_dag_GET_Current_YML_From_Cortex.py
[2026-03-10T13:07:42.532+0000] {processor.py:840} INFO - DAG(s) '3_dag_GET_Current_YML_From_Cortex' retrieved from /home/cloud/codings/airflow/dags/3_dag_GET_Current_YML_From_Cortex.py
[2026-03-10T13:07:42.548+0000] {logging_mixin.py:188} INFO - [2026-03-10T13:07:42.548+0000] {dag.py:3089} INFO - Sync 1 DAGs
[2026-03-10T13:07:42.560+0000] {logging_mixin.py:188} INFO - [2026-03-10T13:07:42.560+0000] {dag.py:3947} INFO - Setting next_dagrun for 3_dag_GET_Current_YML_From_Cortex to None, run_after=None
[2026-03-10T13:07:42.591+0000] {processor.py:183} INFO - Processing /home/cloud/codings/airflow/dags/3_dag_GET_Current_YML_From_Cortex.py took 0.096 seconds
[2026-03-10T13:08:13.074+0000] {processor.py:161} INFO - Started process (PID=483382) to work on /home/cloud/codings/airflow/dags/3_dag_GET_Current_YML_From_Cortex.py
[2026-03-10T13:08:13.075+0000] {processor.py:830} INFO - Processing file /home/cloud/codings/airflow/dags/3_dag_GET_Current_YML_From_Cortex.py for tasks to queue
[2026-03-10T13:08:13.076+0000] {logging_mixin.py:188} INFO - [2026-03-10T13:08:13.075+0000] {dagbag.py:545} INFO - Filling up the DagBag from /home/cloud/codings/airflow/dags/3_dag_GET_Current_YML_From_Cortex.py
[2026-03-10T13:08:13.100+0000] {processor.py:840} INFO - DAG(s) '3_dag_GET_Current_YML_From_Cortex' retrieved from /home/cloud/codings/airflow/dags/3_dag_GET_Current_YML_From_Cortex.py
[2026-03-10T13:08:13.114+0000] {logging_mixin.py:188} INFO - [2026-03-10T13:08:13.114+0000] {dag.py:3089} INFO - Sync 1 DAGs
[2026-03-10T13:08:13.126+0000] {logging_mixin.py:188} INFO - [2026-03-10T13:08:13.126+0000] {dag.py:3947} INFO - Setting next_dagrun for 3_dag_GET_Current_YML_From_Cortex to None, run_after=None
[2026-03-10T13:08:13.151+0000] {processor.py:183} INFO - Processing /home/cloud/codings/airflow/dags/3_dag_GET_Current_YML_From_Cortex.py took 0.085 seconds
[2026-03-10T13:08:43.416+0000] {processor.py:161} INFO - Started process (PID=483455) to work on /home/cloud/codings/airflow/dags/3_dag_GET_Current_YML_From_Cortex.py
[2026-03-10T13:08:43.447+0000] {processor.py:830} INFO - Processing file /home/cloud/codings/airflow/dags/3_dag_GET_Current_YML_From_Cortex.py for tasks to queue
[2026-03-10T13:08:43.451+0000] {logging_mixin.py:188} INFO - [2026-03-10T13:08:43.450+0000] {dagbag.py:545} INFO - Filling up the DagBag from /home/cloud/codings/airflow/dags/3_dag_GET_Current_YML_From_Cortex.py
[2026-03-10T13:08:43.529+0000] {processor.py:840} INFO - DAG(s) '3_dag_GET_Current_YML_From_Cortex' retrieved from /home/cloud/codings/airflow/dags/3_dag_GET_Current_YML_From_Cortex.py
[2026-03-10T13:08:43.557+0000] {logging_mixin.py:188} INFO - [2026-03-10T13:08:43.556+0000] {dag.py:3089} INFO - Sync 1 DAGs
[2026-03-10T13:08:43.574+0000] {logging_mixin.py:188} INFO - [2026-03-10T13:08:43.574+0000] {dag.py:3947} INFO - Setting next_dagrun for 3_dag_GET_Current_YML_From_Cortex to None, run_after=None
[2026-03-10T13:08:43.644+0000] {processor.py:183} INFO - Processing /home/cloud/codings/airflow/dags/3_dag_GET_Current_YML_From_Cortex.py took 0.252 seconds
[2026-03-10T13:09:14.187+0000] {processor.py:161} INFO - Started process (PID=483586) to work on /home/cloud/codings/airflow/dags/3_dag_GET_Current_YML_From_Cortex.py
[2026-03-10T13:09:14.189+0000] {processor.py:830} INFO - Processing file /home/cloud/codings/airflow/dags/3_dag_GET_Current_YML_From_Cortex.py for tasks to queue
[2026-03-10T13:09:14.191+0000] {logging_mixin.py:188} INFO - [2026-03-10T13:09:14.190+0000] {dagbag.py:545} INFO - Filling up the DagBag from /home/cloud/codings/airflow/dags/3_dag_GET_Current_YML_From_Cortex.py
[2026-03-10T13:09:14.225+0000] {processor.py:840} INFO - DAG(s) '3_dag_GET_Current_YML_From_Cortex' retrieved from /home/cloud/codings/airflow/dags/3_dag_GET_Current_YML_From_Cortex.py
[2026-03-10T13:09:14.239+0000] {logging_mixin.py:188} INFO - [2026-03-10T13:09:14.239+0000] {dag.py:3089} INFO - Sync 1 DAGs
[2026-03-10T13:09:14.250+0000] {logging_mixin.py:188} INFO - [2026-03-10T13:09:14.250+0000] {dag.py:3947} INFO - Setting next_dagrun for 3_dag_GET_Current_YML_From_Cortex to None, run_after=None
[2026-03-10T13:09:14.275+0000] {processor.py:183} INFO - Processing /home/cloud/codings/airflow/dags/3_dag_GET_Current_YML_From_Cortex.py took 0.104 seconds
[2026-03-10T13:09:44.894+0000] {processor.py:161} INFO - Started process (PID=483659) to work on /home/cloud/codings/airflow/dags/3_dag_GET_Current_YML_From_Cortex.py
[2026-03-10T13:09:44.897+0000] {processor.py:830} INFO - Processing file /home/cloud/codings/airflow/dags/3_dag_GET_Current_YML_From_Cortex.py for tasks to queue
[2026-03-10T13:09:44.898+0000] {logging_mixin.py:188} INFO - [2026-03-10T13:09:44.897+0000] {dagbag.py:545} INFO - Filling up the DagBag from /home/cloud/codings/airflow/dags/3_dag_GET_Current_YML_From_Cortex.py
[2026-03-10T13:09:44.920+0000] {processor.py:840} INFO - DAG(s) '3_dag_GET_Current_YML_From_Cortex' retrieved from /home/cloud/codings/airflow/dags/3_dag_GET_Current_YML_From_Cortex.py
[2026-03-10T13:09:44.936+0000] {logging_mixin.py:188} INFO - [2026-03-10T13:09:44.936+0000] {dag.py:3089} INFO - Sync 1 DAGs
[2026-03-10T13:09:44.948+0000] {logging_mixin.py:188} INFO - [2026-03-10T13:09:44.947+0000] {dag.py:3947} INFO - Setting next_dagrun for 3_dag_GET_Current_YML_From_Cortex to None, run_after=None
[2026-03-10T13:09:44.971+0000] {processor.py:183} INFO - Processing /home/cloud/codings/airflow/dags/3_dag_GET_Current_YML_From_Cortex.py took 0.087 seconds
[2026-03-10T13:10:15.416+0000] {processor.py:161} INFO - Started process (PID=483794) to work on /home/cloud/codings/airflow/dags/3_dag_GET_Current_YML_From_Cortex.py
[2026-03-10T13:10:15.418+0000] {processor.py:830} INFO - Processing file /home/cloud/codings/airflow/dags/3_dag_GET_Current_YML_From_Cortex.py for tasks to queue
[2026-03-10T13:10:15.420+0000] {logging_mixin.py:188} INFO - [2026-03-10T13:10:15.419+0000] {dagbag.py:545} INFO - Filling up the DagBag from /home/cloud/codings/airflow/dags/3_dag_GET_Current_YML_From_Cortex.py
[2026-03-10T13:10:15.464+0000] {processor.py:840} INFO - DAG(s) '3_dag_GET_Current_YML_From_Cortex' retrieved from /home/cloud/codings/airflow/dags/3_dag_GET_Current_YML_From_Cortex.py
[2026-03-10T13:10:15.491+0000] {logging_mixin.py:188} INFO - [2026-03-10T13:10:15.491+0000] {dag.py:3089} INFO - Sync 1 DAGs
[2026-03-10T13:10:15.508+0000] {logging_mixin.py:188} INFO - [2026-03-10T13:10:15.507+0000] {dag.py:3947} INFO - Setting next_dagrun for 3_dag_GET_Current_YML_From_Cortex to None, run_after=None
[2026-03-10T13:10:15.533+0000] {processor.py:183} INFO - Processing /home/cloud/codings/airflow/dags/3_dag_GET_Current_YML_From_Cortex.py took 0.128 seconds
[2026-03-10T13:10:46.098+0000] {processor.py:161} INFO - Started process (PID=483944) to work on /home/cloud/codings/airflow/dags/3_dag_GET_Current_YML_From_Cortex.py
[2026-03-10T13:10:46.099+0000] {processor.py:830} INFO - Processing file /home/cloud/codings/airflow/dags/3_dag_GET_Current_YML_From_Cortex.py for tasks to queue
[2026-03-10T13:10:46.100+0000] {logging_mixin.py:188} INFO - [2026-03-10T13:10:46.100+0000] {dagbag.py:545} INFO - Filling up the DagBag from /home/cloud/codings/airflow/dags/3_dag_GET_Current_YML_From_Cortex.py
[2026-03-10T13:10:46.122+0000] {processor.py:840} INFO - DAG(s) '3_dag_GET_Current_YML_From_Cortex' retrieved from /home/cloud/codings/airflow/dags/3_dag_GET_Current_YML_From_Cortex.py
[2026-03-10T13:10:46.138+0000] {logging_mixin.py:188} INFO - [2026-03-10T13:10:46.138+0000] {dag.py:3089} INFO - Sync 1 DAGs
[2026-03-10T13:10:46.154+0000] {logging_mixin.py:188} INFO - [2026-03-10T13:10:46.154+0000] {dag.py:3947} INFO - Setting next_dagrun for 3_dag_GET_Current_YML_From_Cortex to None, run_after=None
[2026-03-10T13:10:46.186+0000] {processor.py:183} INFO - Processing /home/cloud/codings/airflow/dags/3_dag_GET_Current_YML_From_Cortex.py took 0.094 seconds
[2026-03-10T13:11:16.750+0000] {processor.py:161} INFO - Started process (PID=484080) to work on /home/cloud/codings/airflow/dags/3_dag_GET_Current_YML_From_Cortex.py
[2026-03-10T13:11:16.754+0000] {processor.py:830} INFO - Processing file /home/cloud/codings/airflow/dags/3_dag_GET_Current_YML_From_Cortex.py for tasks to queue
[2026-03-10T13:11:16.757+0000] {logging_mixin.py:188} INFO - [2026-03-10T13:11:16.756+0000] {dagbag.py:545} INFO - Filling up the DagBag from /home/cloud/codings/airflow/dags/3_dag_GET_Current_YML_From_Cortex.py
[2026-03-10T13:11:16.832+0000] {processor.py:840} INFO - DAG(s) '3_dag_GET_Current_YML_From_Cortex' retrieved from /home/cloud/codings/airflow/dags/3_dag_GET_Current_YML_From_Cortex.py
[2026-03-10T13:11:16.876+0000] {logging_mixin.py:188} INFO - [2026-03-10T13:11:16.875+0000] {dag.py:3089} INFO - Sync 1 DAGs
[2026-03-10T13:11:16.895+0000] {logging_mixin.py:188} INFO - [2026-03-10T13:11:16.895+0000] {dag.py:3947} INFO - Setting next_dagrun for 3_dag_GET_Current_YML_From_Cortex to None, run_after=None
[2026-03-10T13:11:16.920+0000] {processor.py:183} INFO - Processing /home/cloud/codings/airflow/dags/3_dag_GET_Current_YML_From_Cortex.py took 0.194 seconds
[2026-03-10T13:11:47.465+0000] {processor.py:161} INFO - Started process (PID=484180) to work on /home/cloud/codings/airflow/dags/3_dag_GET_Current_YML_From_Cortex.py
[2026-03-10T13:11:47.483+0000] {processor.py:830} INFO - Processing file /home/cloud/codings/airflow/dags/3_dag_GET_Current_YML_From_Cortex.py for tasks to queue
[2026-03-10T13:11:47.484+0000] {logging_mixin.py:188} INFO - [2026-03-10T13:11:47.484+0000] {dagbag.py:545} INFO - Filling up the DagBag from /home/cloud/codings/airflow/dags/3_dag_GET_Current_YML_From_Cortex.py
[2026-03-10T13:11:47.507+0000] {processor.py:840} INFO - DAG(s) '3_dag_GET_Current_YML_From_Cortex' retrieved from /home/cloud/codings/airflow/dags/3_dag_GET_Current_YML_From_Cortex.py
[2026-03-10T13:11:47.523+0000] {logging_mixin.py:188} INFO - [2026-03-10T13:11:47.523+0000] {dag.py:3089} INFO - Sync 1 DAGs
[2026-03-10T13:11:47.538+0000] {logging_mixin.py:188} INFO - [2026-03-10T13:11:47.537+0000] {dag.py:3947} INFO - Setting next_dagrun for 3_dag_GET_Current_YML_From_Cortex to None, run_after=None
[2026-03-10T13:11:47.563+0000] {processor.py:183} INFO - Processing /home/cloud/codings/airflow/dags/3_dag_GET_Current_YML_From_Cortex.py took 0.105 seconds
[2026-03-10T13:12:18.325+0000] {processor.py:161} INFO - Started process (PID=484286) to work on /home/cloud/codings/airflow/dags/3_dag_GET_Current_YML_From_Cortex.py
[2026-03-10T13:12:18.345+0000] {processor.py:830} INFO - Processing file /home/cloud/codings/airflow/dags/3_dag_GET_Current_YML_From_Cortex.py for tasks to queue
[2026-03-10T13:12:18.347+0000] {logging_mixin.py:188} INFO - [2026-03-10T13:12:18.346+0000] {dagbag.py:545} INFO - Filling up the DagBag from /home/cloud/codings/airflow/dags/3_dag_GET_Current_YML_From_Cortex.py
[2026-03-10T13:12:18.389+0000] {processor.py:840} INFO - DAG(s) '3_dag_GET_Current_YML_From_Cortex' retrieved from /home/cloud/codings/airflow/dags/3_dag_GET_Current_YML_From_Cortex.py
[2026-03-10T13:12:18.416+0000] {logging_mixin.py:188} INFO - [2026-03-10T13:12:18.416+0000] {dag.py:3089} INFO - Sync 1 DAGs
[2026-03-10T13:12:18.438+0000] {logging_mixin.py:188} INFO - [2026-03-10T13:12:18.438+0000] {dag.py:3947} INFO - Setting next_dagrun for 3_dag_GET_Current_YML_From_Cortex to None, run_after=None
[2026-03-10T13:12:18.490+0000] {processor.py:183} INFO - Processing /home/cloud/codings/airflow/dags/3_dag_GET_Current_YML_From_Cortex.py took 0.176 seconds
[2026-03-10T13:12:48.944+0000] {processor.py:161} INFO - Started process (PID=484419) to work on /home/cloud/codings/airflow/dags/3_dag_GET_Current_YML_From_Cortex.py
[2026-03-10T13:12:48.967+0000] {processor.py:830} INFO - Processing file /home/cloud/codings/airflow/dags/3_dag_GET_Current_YML_From_Cortex.py for tasks to queue
[2026-03-10T13:12:48.971+0000] {logging_mixin.py:188} INFO - [2026-03-10T13:12:48.969+0000] {dagbag.py:545} INFO - Filling up the DagBag from /home/cloud/codings/airflow/dags/3_dag_GET_Current_YML_From_Cortex.py
[2026-03-10T13:12:49.064+0000] {processor.py:840} INFO - DAG(s) '3_dag_GET_Current_YML_From_Cortex' retrieved from /home/cloud/codings/airflow/dags/3_dag_GET_Current_YML_From_Cortex.py
[2026-03-10T13:12:49.123+0000] {logging_mixin.py:188} INFO - [2026-03-10T13:12:49.123+0000] {dag.py:3089} INFO - Sync 1 DAGs
[2026-03-10T13:12:49.155+0000] {logging_mixin.py:188} INFO - [2026-03-10T13:12:49.154+0000] {dag.py:3947} INFO - Setting next_dagrun for 3_dag_GET_Current_YML_From_Cortex to None, run_after=None
[2026-03-10T13:12:49.201+0000] {processor.py:183} INFO - Processing /home/cloud/codings/airflow/dags/3_dag_GET_Current_YML_From_Cortex.py took 0.284 seconds
[2026-03-10T13:13:19.407+0000] {processor.py:161} INFO - Started process (PID=484492) to work on /home/cloud/codings/airflow/dags/3_dag_GET_Current_YML_From_Cortex.py
[2026-03-10T13:13:19.408+0000] {processor.py:830} INFO - Processing file /home/cloud/codings/airflow/dags/3_dag_GET_Current_YML_From_Cortex.py for tasks to queue
[2026-03-10T13:13:19.410+0000] {logging_mixin.py:188} INFO - [2026-03-10T13:13:19.409+0000] {dagbag.py:545} INFO - Filling up the DagBag from /home/cloud/codings/airflow/dags/3_dag_GET_Current_YML_From_Cortex.py
[2026-03-10T13:13:19.450+0000] {processor.py:840} INFO - DAG(s) '3_dag_GET_Current_YML_From_Cortex' retrieved from /home/cloud/codings/airflow/dags/3_dag_GET_Current_YML_From_Cortex.py
[2026-03-10T13:13:19.512+0000] {logging_mixin.py:188} INFO - [2026-03-10T13:13:19.511+0000] {dag.py:3089} INFO - Sync 1 DAGs
[2026-03-10T13:13:19.565+0000] {logging_mixin.py:188} INFO - [2026-03-10T13:13:19.564+0000] {dag.py:3947} INFO - Setting next_dagrun for 3_dag_GET_Current_YML_From_Cortex to None, run_after=None
[2026-03-10T13:13:19.644+0000] {processor.py:183} INFO - Processing /home/cloud/codings/airflow/dags/3_dag_GET_Current_YML_From_Cortex.py took 0.245 seconds
[2026-03-10T13:13:50.123+0000] {processor.py:161} INFO - Started process (PID=484619) to work on /home/cloud/codings/airflow/dags/3_dag_GET_Current_YML_From_Cortex.py
[2026-03-10T13:13:50.145+0000] {processor.py:830} INFO - Processing file /home/cloud/codings/airflow/dags/3_dag_GET_Current_YML_From_Cortex.py for tasks to queue
[2026-03-10T13:13:50.149+0000] {logging_mixin.py:188} INFO - [2026-03-10T13:13:50.147+0000] {dagbag.py:545} INFO - Filling up the DagBag from /home/cloud/codings/airflow/dags/3_dag_GET_Current_YML_From_Cortex.py
[2026-03-10T13:13:50.195+0000] {processor.py:840} INFO - DAG(s) '3_dag_GET_Current_YML_From_Cortex' retrieved from /home/cloud/codings/airflow/dags/3_dag_GET_Current_YML_From_Cortex.py
[2026-03-10T13:13:50.213+0000] {logging_mixin.py:188} INFO - [2026-03-10T13:13:50.213+0000] {dag.py:3089} INFO - Sync 1 DAGs
[2026-03-10T13:13:50.230+0000] {logging_mixin.py:188} INFO - [2026-03-10T13:13:50.229+0000] {dag.py:3947} INFO - Setting next_dagrun for 3_dag_GET_Current_YML_From_Cortex to None, run_after=None
[2026-03-10T13:13:50.262+0000] {processor.py:183} INFO - Processing /home/cloud/codings/airflow/dags/3_dag_GET_Current_YML_From_Cortex.py took 0.161 seconds
[2026-03-10T13:14:20.750+0000] {processor.py:161} INFO - Started process (PID=484690) to work on /home/cloud/codings/airflow/dags/3_dag_GET_Current_YML_From_Cortex.py
[2026-03-10T13:14:20.768+0000] {processor.py:830} INFO - Processing file /home/cloud/codings/airflow/dags/3_dag_GET_Current_YML_From_Cortex.py for tasks to queue
[2026-03-10T13:14:20.771+0000] {logging_mixin.py:188} INFO - [2026-03-10T13:14:20.770+0000] {dagbag.py:545} INFO - Filling up the DagBag from /home/cloud/codings/airflow/dags/3_dag_GET_Current_YML_From_Cortex.py
[2026-03-10T13:14:20.811+0000] {processor.py:840} INFO - DAG(s) '3_dag_GET_Current_YML_From_Cortex' retrieved from /home/cloud/codings/airflow/dags/3_dag_GET_Current_YML_From_Cortex.py
[2026-03-10T13:14:20.839+0000] {logging_mixin.py:188} INFO - [2026-03-10T13:14:20.838+0000] {dag.py:3089} INFO - Sync 1 DAGs
[2026-03-10T13:14:20.862+0000] {logging_mixin.py:188} INFO - [2026-03-10T13:14:20.862+0000] {dag.py:3947} INFO - Setting next_dagrun for 3_dag_GET_Current_YML_From_Cortex to None, run_after=None
[2026-03-10T13:14:20.898+0000] {processor.py:183} INFO - Processing /home/cloud/codings/airflow/dags/3_dag_GET_Current_YML_From_Cortex.py took 0.165 seconds
[2026-03-10T13:14:51.481+0000] {processor.py:161} INFO - Started process (PID=484825) to work on /home/cloud/codings/airflow/dags/3_dag_GET_Current_YML_From_Cortex.py
[2026-03-10T13:14:51.502+0000] {processor.py:830} INFO - Processing file /home/cloud/codings/airflow/dags/3_dag_GET_Current_YML_From_Cortex.py for tasks to queue
[2026-03-10T13:14:51.506+0000] {logging_mixin.py:188} INFO - [2026-03-10T13:14:51.505+0000] {dagbag.py:545} INFO - Filling up the DagBag from /home/cloud/codings/airflow/dags/3_dag_GET_Current_YML_From_Cortex.py
[2026-03-10T13:14:51.596+0000] {processor.py:840} INFO - DAG(s) '3_dag_GET_Current_YML_From_Cortex' retrieved from /home/cloud/codings/airflow/dags/3_dag_GET_Current_YML_From_Cortex.py
[2026-03-10T13:14:51.630+0000] {logging_mixin.py:188} INFO - [2026-03-10T13:14:51.630+0000] {dag.py:3089} INFO - Sync 1 DAGs
[2026-03-10T13:14:51.652+0000] {logging_mixin.py:188} INFO - [2026-03-10T13:14:51.652+0000] {dag.py:3947} INFO - Setting next_dagrun for 3_dag_GET_Current_YML_From_Cortex to None, run_after=None
[2026-03-10T13:14:51.687+0000] {processor.py:183} INFO - Processing /home/cloud/codings/airflow/dags/3_dag_GET_Current_YML_From_Cortex.py took 0.231 seconds
[2026-03-10T13:15:21.928+0000] {processor.py:161} INFO - Started process (PID=484896) to work on /home/cloud/codings/airflow/dags/3_dag_GET_Current_YML_From_Cortex.py
[2026-03-10T13:15:21.947+0000] {processor.py:830} INFO - Processing file /home/cloud/codings/airflow/dags/3_dag_GET_Current_YML_From_Cortex.py for tasks to queue
[2026-03-10T13:15:21.949+0000] {logging_mixin.py:188} INFO - [2026-03-10T13:15:21.948+0000] {dagbag.py:545} INFO - Filling up the DagBag from /home/cloud/codings/airflow/dags/3_dag_GET_Current_YML_From_Cortex.py
[2026-03-10T13:15:21.991+0000] {processor.py:840} INFO - DAG(s) '3_dag_GET_Current_YML_From_Cortex' retrieved from /home/cloud/codings/airflow/dags/3_dag_GET_Current_YML_From_Cortex.py
[2026-03-10T13:15:22.017+0000] {logging_mixin.py:188} INFO - [2026-03-10T13:15:22.017+0000] {dag.py:3089} INFO - Sync 1 DAGs
[2026-03-10T13:15:22.036+0000] {logging_mixin.py:188} INFO - [2026-03-10T13:15:22.036+0000] {dag.py:3947} INFO - Setting next_dagrun for 3_dag_GET_Current_YML_From_Cortex to None, run_after=None
[2026-03-10T13:15:22.069+0000] {processor.py:183} INFO - Processing /home/cloud/codings/airflow/dags/3_dag_GET_Current_YML_From_Cortex.py took 0.154 seconds
[2026-03-10T13:15:52.583+0000] {processor.py:161} INFO - Started process (PID=485159) to work on /home/cloud/codings/airflow/dags/3_dag_GET_Current_YML_From_Cortex.py
[2026-03-10T13:15:52.600+0000] {processor.py:830} INFO - Processing file /home/cloud/codings/airflow/dags/3_dag_GET_Current_YML_From_Cortex.py for tasks to queue
[2026-03-10T13:15:52.602+0000] {logging_mixin.py:188} INFO - [2026-03-10T13:15:52.601+0000] {dagbag.py:545} INFO - Filling up the DagBag from /home/cloud/codings/airflow/dags/3_dag_GET_Current_YML_From_Cortex.py
[2026-03-10T13:15:52.633+0000] {processor.py:840} INFO - DAG(s) '3_dag_GET_Current_YML_From_Cortex' retrieved from /home/cloud/codings/airflow/dags/3_dag_GET_Current_YML_From_Cortex.py
[2026-03-10T13:15:52.653+0000] {logging_mixin.py:188} INFO - [2026-03-10T13:15:52.653+0000] {dag.py:3089} INFO - Sync 1 DAGs
[2026-03-10T13:15:52.666+0000] {logging_mixin.py:188} INFO - [2026-03-10T13:15:52.666+0000] {dag.py:3947} INFO - Setting next_dagrun for 3_dag_GET_Current_YML_From_Cortex to None, run_after=None
[2026-03-10T13:15:52.697+0000] {processor.py:183} INFO - Processing /home/cloud/codings/airflow/dags/3_dag_GET_Current_YML_From_Cortex.py took 0.122 seconds
[2026-03-10T13:16:23.014+0000] {processor.py:161} INFO - Started process (PID=485584) to work on /home/cloud/codings/airflow/dags/3_dag_GET_Current_YML_From_Cortex.py
[2026-03-10T13:16:23.032+0000] {processor.py:830} INFO - Processing file /home/cloud/codings/airflow/dags/3_dag_GET_Current_YML_From_Cortex.py for tasks to queue
[2026-03-10T13:16:23.034+0000] {logging_mixin.py:188} INFO - [2026-03-10T13:16:23.033+0000] {dagbag.py:545} INFO - Filling up the DagBag from /home/cloud/codings/airflow/dags/3_dag_GET_Current_YML_From_Cortex.py
[2026-03-10T13:16:23.091+0000] {processor.py:840} INFO - DAG(s) '3_dag_GET_Current_YML_From_Cortex' retrieved from /home/cloud/codings/airflow/dags/3_dag_GET_Current_YML_From_Cortex.py
[2026-03-10T13:16:23.133+0000] {logging_mixin.py:188} INFO - [2026-03-10T13:16:23.133+0000] {dag.py:3089} INFO - Sync 1 DAGs
[2026-03-10T13:16:23.163+0000] {logging_mixin.py:188} INFO - [2026-03-10T13:16:23.163+0000] {dag.py:3947} INFO - Setting next_dagrun for 3_dag_GET_Current_YML_From_Cortex to None, run_after=None
[2026-03-10T13:16:23.224+0000] {processor.py:183} INFO - Processing /home/cloud/codings/airflow/dags/3_dag_GET_Current_YML_From_Cortex.py took 0.223 seconds
[2026-03-10T13:16:53.518+0000] {processor.py:161} INFO - Started process (PID=485813) to work on /home/cloud/codings/airflow/dags/3_dag_GET_Current_YML_From_Cortex.py
[2026-03-10T13:16:53.540+0000] {processor.py:830} INFO - Processing file /home/cloud/codings/airflow/dags/3_dag_GET_Current_YML_From_Cortex.py for tasks to queue
[2026-03-10T13:16:53.547+0000] {logging_mixin.py:188} INFO - [2026-03-10T13:16:53.544+0000] {dagbag.py:545} INFO - Filling up the DagBag from /home/cloud/codings/airflow/dags/3_dag_GET_Current_YML_From_Cortex.py
[2026-03-10T13:16:53.633+0000] {processor.py:840} INFO - DAG(s) '3_dag_GET_Current_YML_From_Cortex' retrieved from /home/cloud/codings/airflow/dags/3_dag_GET_Current_YML_From_Cortex.py
[2026-03-10T13:16:53.658+0000] {logging_mixin.py:188} INFO - [2026-03-10T13:16:53.658+0000] {dag.py:3089} INFO - Sync 1 DAGs
[2026-03-10T13:16:53.676+0000] {logging_mixin.py:188} INFO - [2026-03-10T13:16:53.676+0000] {dag.py:3947} INFO - Setting next_dagrun for 3_dag_GET_Current_YML_From_Cortex to None, run_after=None
[2026-03-10T13:16:53.715+0000] {processor.py:183} INFO - Processing /home/cloud/codings/airflow/dags/3_dag_GET_Current_YML_From_Cortex.py took 0.227 seconds
[2026-03-10T13:17:24.314+0000] {processor.py:161} INFO - Started process (PID=486043) to work on /home/cloud/codings/airflow/dags/3_dag_GET_Current_YML_From_Cortex.py
[2026-03-10T13:17:24.335+0000] {processor.py:830} INFO - Processing file /home/cloud/codings/airflow/dags/3_dag_GET_Current_YML_From_Cortex.py for tasks to queue
[2026-03-10T13:17:24.337+0000] {logging_mixin.py:188} INFO - [2026-03-10T13:17:24.336+0000] {dagbag.py:545} INFO - Filling up the DagBag from /home/cloud/codings/airflow/dags/3_dag_GET_Current_YML_From_Cortex.py
[2026-03-10T13:17:24.383+0000] {processor.py:840} INFO - DAG(s) '3_dag_GET_Current_YML_From_Cortex' retrieved from /home/cloud/codings/airflow/dags/3_dag_GET_Current_YML_From_Cortex.py
[2026-03-10T13:17:24.413+0000] {logging_mixin.py:188} INFO - [2026-03-10T13:17:24.412+0000] {dag.py:3089} INFO - Sync 1 DAGs
[2026-03-10T13:17:24.437+0000] {logging_mixin.py:188} INFO - [2026-03-10T13:17:24.437+0000] {dag.py:3947} INFO - Setting next_dagrun for 3_dag_GET_Current_YML_From_Cortex to None, run_after=None
[2026-03-10T13:17:24.465+0000] {processor.py:183} INFO - Processing /home/cloud/codings/airflow/dags/3_dag_GET_Current_YML_From_Cortex.py took 0.178 seconds
[2026-03-10T13:17:54.973+0000] {processor.py:161} INFO - Started process (PID=486226) to work on /home/cloud/codings/airflow/dags/3_dag_GET_Current_YML_From_Cortex.py
[2026-03-10T13:17:54.994+0000] {processor.py:830} INFO - Processing file /home/cloud/codings/airflow/dags/3_dag_GET_Current_YML_From_Cortex.py for tasks to queue
[2026-03-10T13:17:54.997+0000] {logging_mixin.py:188} INFO - [2026-03-10T13:17:54.996+0000] {dagbag.py:545} INFO - Filling up the DagBag from /home/cloud/codings/airflow/dags/3_dag_GET_Current_YML_From_Cortex.py
[2026-03-10T13:17:55.052+0000] {processor.py:840} INFO - DAG(s) '3_dag_GET_Current_YML_From_Cortex' retrieved from /home/cloud/codings/airflow/dags/3_dag_GET_Current_YML_From_Cortex.py
[2026-03-10T13:17:55.080+0000] {logging_mixin.py:188} INFO - [2026-03-10T13:17:55.080+0000] {dag.py:3089} INFO - Sync 1 DAGs
[2026-03-10T13:17:55.095+0000] {logging_mixin.py:188} INFO - [2026-03-10T13:17:55.095+0000] {dag.py:3947} INFO - Setting next_dagrun for 3_dag_GET_Current_YML_From_Cortex to None, run_after=None
[2026-03-10T13:17:55.125+0000] {processor.py:183} INFO - Processing /home/cloud/codings/airflow/dags/3_dag_GET_Current_YML_From_Cortex.py took 0.185 seconds
[2026-03-10T13:18:25.673+0000] {processor.py:161} INFO - Started process (PID=486297) to work on /home/cloud/codings/airflow/dags/3_dag_GET_Current_YML_From_Cortex.py
[2026-03-10T13:18:25.674+0000] {processor.py:830} INFO - Processing file /home/cloud/codings/airflow/dags/3_dag_GET_Current_YML_From_Cortex.py for tasks to queue
[2026-03-10T13:18:25.676+0000] {logging_mixin.py:188} INFO - [2026-03-10T13:18:25.676+0000] {dagbag.py:545} INFO - Filling up the DagBag from /home/cloud/codings/airflow/dags/3_dag_GET_Current_YML_From_Cortex.py
[2026-03-10T13:18:25.714+0000] {processor.py:840} INFO - DAG(s) '3_dag_GET_Current_YML_From_Cortex' retrieved from /home/cloud/codings/airflow/dags/3_dag_GET_Current_YML_From_Cortex.py
[2026-03-10T13:18:25.732+0000] {logging_mixin.py:188} INFO - [2026-03-10T13:18:25.732+0000] {dag.py:3089} INFO - Sync 1 DAGs
[2026-03-10T13:18:25.745+0000] {logging_mixin.py:188} INFO - [2026-03-10T13:18:25.744+0000] {dag.py:3947} INFO - Setting next_dagrun for 3_dag_GET_Current_YML_From_Cortex to None, run_after=None
[2026-03-10T13:18:25.778+0000] {processor.py:183} INFO - Processing /home/cloud/codings/airflow/dags/3_dag_GET_Current_YML_From_Cortex.py took 0.117 seconds
[2026-03-10T13:18:56.301+0000] {processor.py:161} INFO - Started process (PID=486432) to work on /home/cloud/codings/airflow/dags/3_dag_GET_Current_YML_From_Cortex.py
[2026-03-10T13:18:56.326+0000] {processor.py:830} INFO - Processing file /home/cloud/codings/airflow/dags/3_dag_GET_Current_YML_From_Cortex.py for tasks to queue
[2026-03-10T13:18:56.328+0000] {logging_mixin.py:188} INFO - [2026-03-10T13:18:56.328+0000] {dagbag.py:545} INFO - Filling up the DagBag from /home/cloud/codings/airflow/dags/3_dag_GET_Current_YML_From_Cortex.py
[2026-03-10T13:18:56.366+0000] {processor.py:840} INFO - DAG(s) '3_dag_GET_Current_YML_From_Cortex' retrieved from /home/cloud/codings/airflow/dags/3_dag_GET_Current_YML_From_Cortex.py
[2026-03-10T13:18:56.392+0000] {logging_mixin.py:188} INFO - [2026-03-10T13:18:56.391+0000] {dag.py:3089} INFO - Sync 1 DAGs
[2026-03-10T13:18:56.416+0000] {logging_mixin.py:188} INFO - [2026-03-10T13:18:56.415+0000] {dag.py:3947} INFO - Setting next_dagrun for 3_dag_GET_Current_YML_From_Cortex to None, run_after=None
[2026-03-10T13:18:56.480+0000] {processor.py:183} INFO - Processing /home/cloud/codings/airflow/dags/3_dag_GET_Current_YML_From_Cortex.py took 0.188 seconds
[2026-03-10T13:19:27.171+0000] {processor.py:161} INFO - Started process (PID=486500) to work on /home/cloud/codings/airflow/dags/3_dag_GET_Current_YML_From_Cortex.py
[2026-03-10T13:19:27.173+0000] {processor.py:830} INFO - Processing file /home/cloud/codings/airflow/dags/3_dag_GET_Current_YML_From_Cortex.py for tasks to queue
[2026-03-10T13:19:27.175+0000] {logging_mixin.py:188} INFO - [2026-03-10T13:19:27.174+0000] {dagbag.py:545} INFO - Filling up the DagBag from /home/cloud/codings/airflow/dags/3_dag_GET_Current_YML_From_Cortex.py
[2026-03-10T13:19:27.216+0000] {processor.py:840} INFO - DAG(s) '3_dag_GET_Current_YML_From_Cortex' retrieved from /home/cloud/codings/airflow/dags/3_dag_GET_Current_YML_From_Cortex.py
[2026-03-10T13:19:27.244+0000] {logging_mixin.py:188} INFO - [2026-03-10T13:19:27.243+0000] {dag.py:3089} INFO - Sync 1 DAGs
[2026-03-10T13:19:27.271+0000] {logging_mixin.py:188} INFO - [2026-03-10T13:19:27.270+0000] {dag.py:3947} INFO - Setting next_dagrun for 3_dag_GET_Current_YML_From_Cortex to None, run_after=None
[2026-03-10T13:19:27.315+0000] {processor.py:183} INFO - Processing /home/cloud/codings/airflow/dags/3_dag_GET_Current_YML_From_Cortex.py took 0.156 seconds
[2026-03-10T13:19:57.480+0000] {processor.py:161} INFO - Started process (PID=486630) to work on /home/cloud/codings/airflow/dags/3_dag_GET_Current_YML_From_Cortex.py
[2026-03-10T13:19:57.485+0000] {processor.py:830} INFO - Processing file /home/cloud/codings/airflow/dags/3_dag_GET_Current_YML_From_Cortex.py for tasks to queue
[2026-03-10T13:19:57.488+0000] {logging_mixin.py:188} INFO - [2026-03-10T13:19:57.487+0000] {dagbag.py:545} INFO - Filling up the DagBag from /home/cloud/codings/airflow/dags/3_dag_GET_Current_YML_From_Cortex.py
[2026-03-10T13:19:57.575+0000] {processor.py:840} INFO - DAG(s) '3_dag_GET_Current_YML_From_Cortex' retrieved from /home/cloud/codings/airflow/dags/3_dag_GET_Current_YML_From_Cortex.py
[2026-03-10T13:19:57.639+0000] {logging_mixin.py:188} INFO - [2026-03-10T13:19:57.638+0000] {dag.py:3089} INFO - Sync 1 DAGs
[2026-03-10T13:19:57.689+0000] {logging_mixin.py:188} INFO - [2026-03-10T13:19:57.688+0000] {dag.py:3947} INFO - Setting next_dagrun for 3_dag_GET_Current_YML_From_Cortex to None, run_after=None
[2026-03-10T13:19:57.789+0000] {processor.py:183} INFO - Processing /home/cloud/codings/airflow/dags/3_dag_GET_Current_YML_From_Cortex.py took 0.332 seconds
[2026-03-10T13:20:28.274+0000] {processor.py:161} INFO - Started process (PID=486703) to work on /home/cloud/codings/airflow/dags/3_dag_GET_Current_YML_From_Cortex.py
[2026-03-10T13:20:28.279+0000] {processor.py:830} INFO - Processing file /home/cloud/codings/airflow/dags/3_dag_GET_Current_YML_From_Cortex.py for tasks to queue
[2026-03-10T13:20:28.282+0000] {logging_mixin.py:188} INFO - [2026-03-10T13:20:28.281+0000] {dagbag.py:545} INFO - Filling up the DagBag from /home/cloud/codings/airflow/dags/3_dag_GET_Current_YML_From_Cortex.py
[2026-03-10T13:20:28.323+0000] {processor.py:840} INFO - DAG(s) '3_dag_GET_Current_YML_From_Cortex' retrieved from /home/cloud/codings/airflow/dags/3_dag_GET_Current_YML_From_Cortex.py
[2026-03-10T13:20:28.338+0000] {logging_mixin.py:188} INFO - [2026-03-10T13:20:28.338+0000] {dag.py:3089} INFO - Sync 1 DAGs
[2026-03-10T13:20:28.350+0000] {logging_mixin.py:188} INFO - [2026-03-10T13:20:28.350+0000] {dag.py:3947} INFO - Setting next_dagrun for 3_dag_GET_Current_YML_From_Cortex to None, run_after=None
[2026-03-10T13:20:28.392+0000] {processor.py:183} INFO - Processing /home/cloud/codings/airflow/dags/3_dag_GET_Current_YML_From_Cortex.py took 0.146 seconds
[2026-03-10T13:20:58.883+0000] {processor.py:161} INFO - Started process (PID=486897) to work on /home/cloud/codings/airflow/dags/3_dag_GET_Current_YML_From_Cortex.py
[2026-03-10T13:20:58.908+0000] {processor.py:830} INFO - Processing file /home/cloud/codings/airflow/dags/3_dag_GET_Current_YML_From_Cortex.py for tasks to queue
[2026-03-10T13:20:58.912+0000] {logging_mixin.py:188} INFO - [2026-03-10T13:20:58.910+0000] {dagbag.py:545} INFO - Filling up the DagBag from /home/cloud/codings/airflow/dags/3_dag_GET_Current_YML_From_Cortex.py
[2026-03-10T13:20:59.002+0000] {processor.py:840} INFO - DAG(s) '3_dag_GET_Current_YML_From_Cortex' retrieved from /home/cloud/codings/airflow/dags/3_dag_GET_Current_YML_From_Cortex.py
[2026-03-10T13:20:59.059+0000] {logging_mixin.py:188} INFO - [2026-03-10T13:20:59.058+0000] {dag.py:3089} INFO - Sync 1 DAGs
[2026-03-10T13:20:59.356+0000] {logging_mixin.py:188} INFO - [2026-03-10T13:20:59.355+0000] {dag.py:3947} INFO - Setting next_dagrun for 3_dag_GET_Current_YML_From_Cortex to None, run_after=None
[2026-03-10T13:20:59.435+0000] {processor.py:183} INFO - Processing /home/cloud/codings/airflow/dags/3_dag_GET_Current_YML_From_Cortex.py took 0.563 seconds
[2026-03-10T13:21:29.669+0000] {processor.py:161} INFO - Started process (PID=486964) to work on /home/cloud/codings/airflow/dags/3_dag_GET_Current_YML_From_Cortex.py
[2026-03-10T13:21:29.673+0000] {processor.py:830} INFO - Processing file /home/cloud/codings/airflow/dags/3_dag_GET_Current_YML_From_Cortex.py for tasks to queue
[2026-03-10T13:21:29.675+0000] {logging_mixin.py:188} INFO - [2026-03-10T13:21:29.674+0000] {dagbag.py:545} INFO - Filling up the DagBag from /home/cloud/codings/airflow/dags/3_dag_GET_Current_YML_From_Cortex.py
[2026-03-10T13:21:29.717+0000] {processor.py:840} INFO - DAG(s) '3_dag_GET_Current_YML_From_Cortex' retrieved from /home/cloud/codings/airflow/dags/3_dag_GET_Current_YML_From_Cortex.py
[2026-03-10T13:21:29.739+0000] {logging_mixin.py:188} INFO - [2026-03-10T13:21:29.739+0000] {dag.py:3089} INFO - Sync 1 DAGs
[2026-03-10T13:21:29.757+0000] {logging_mixin.py:188} INFO - [2026-03-10T13:21:29.756+0000] {dag.py:3947} INFO - Setting next_dagrun for 3_dag_GET_Current_YML_From_Cortex to None, run_after=None
[2026-03-10T13:21:29.786+0000] {processor.py:183} INFO - Processing /home/cloud/codings/airflow/dags/3_dag_GET_Current_YML_From_Cortex.py took 0.148 seconds
[2026-03-10T13:22:00.298+0000] {processor.py:161} INFO - Started process (PID=487102) to work on /home/cloud/codings/airflow/dags/3_dag_GET_Current_YML_From_Cortex.py
[2026-03-10T13:22:00.331+0000] {processor.py:830} INFO - Processing file /home/cloud/codings/airflow/dags/3_dag_GET_Current_YML_From_Cortex.py for tasks to queue
[2026-03-10T13:22:00.333+0000] {logging_mixin.py:188} INFO - [2026-03-10T13:22:00.332+0000] {dagbag.py:545} INFO - Filling up the DagBag from /home/cloud/codings/airflow/dags/3_dag_GET_Current_YML_From_Cortex.py
[2026-03-10T13:22:00.385+0000] {processor.py:840} INFO - DAG(s) '3_dag_GET_Current_YML_From_Cortex' retrieved from /home/cloud/codings/airflow/dags/3_dag_GET_Current_YML_From_Cortex.py
[2026-03-10T13:22:00.421+0000] {logging_mixin.py:188} INFO - [2026-03-10T13:22:00.420+0000] {dag.py:3089} INFO - Sync 1 DAGs
[2026-03-10T13:22:00.452+0000] {logging_mixin.py:188} INFO - [2026-03-10T13:22:00.451+0000] {dag.py:3947} INFO - Setting next_dagrun for 3_dag_GET_Current_YML_From_Cortex to None, run_after=None
[2026-03-10T13:22:00.517+0000] {processor.py:183} INFO - Processing /home/cloud/codings/airflow/dags/3_dag_GET_Current_YML_From_Cortex.py took 0.246 seconds
[2026-03-10T13:22:31.164+0000] {processor.py:161} INFO - Started process (PID=487175) to work on /home/cloud/codings/airflow/dags/3_dag_GET_Current_YML_From_Cortex.py
[2026-03-10T13:22:31.196+0000] {processor.py:830} INFO - Processing file /home/cloud/codings/airflow/dags/3_dag_GET_Current_YML_From_Cortex.py for tasks to queue
[2026-03-10T13:22:31.198+0000] {logging_mixin.py:188} INFO - [2026-03-10T13:22:31.197+0000] {dagbag.py:545} INFO - Filling up the DagBag from /home/cloud/codings/airflow/dags/3_dag_GET_Current_YML_From_Cortex.py
[2026-03-10T13:22:31.269+0000] {processor.py:840} INFO - DAG(s) '3_dag_GET_Current_YML_From_Cortex' retrieved from /home/cloud/codings/airflow/dags/3_dag_GET_Current_YML_From_Cortex.py
[2026-03-10T13:22:31.302+0000] {logging_mixin.py:188} INFO - [2026-03-10T13:22:31.301+0000] {dag.py:3089} INFO - Sync 1 DAGs
[2026-03-10T13:22:31.328+0000] {logging_mixin.py:188} INFO - [2026-03-10T13:22:31.327+0000] {dag.py:3947} INFO - Setting next_dagrun for 3_dag_GET_Current_YML_From_Cortex to None, run_after=None
[2026-03-10T13:22:31.420+0000] {processor.py:183} INFO - Processing /home/cloud/codings/airflow/dags/3_dag_GET_Current_YML_From_Cortex.py took 0.263 seconds
[2026-03-10T13:23:02.516+0000] {processor.py:161} INFO - Started process (PID=487306) to work on /home/cloud/codings/airflow/dags/3_dag_GET_Current_YML_From_Cortex.py
[2026-03-10T13:23:02.534+0000] {processor.py:830} INFO - Processing file /home/cloud/codings/airflow/dags/3_dag_GET_Current_YML_From_Cortex.py for tasks to queue
[2026-03-10T13:23:02.536+0000] {logging_mixin.py:188} INFO - [2026-03-10T13:23:02.535+0000] {dagbag.py:545} INFO - Filling up the DagBag from /home/cloud/codings/airflow/dags/3_dag_GET_Current_YML_From_Cortex.py
[2026-03-10T13:23:02.575+0000] {processor.py:840} INFO - DAG(s) '3_dag_GET_Current_YML_From_Cortex' retrieved from /home/cloud/codings/airflow/dags/3_dag_GET_Current_YML_From_Cortex.py
[2026-03-10T13:23:02.601+0000] {logging_mixin.py:188} INFO - [2026-03-10T13:23:02.600+0000] {dag.py:3089} INFO - Sync 1 DAGs
[2026-03-10T13:23:03.003+0000] {logging_mixin.py:188} INFO - [2026-03-10T13:23:03.003+0000] {dag.py:3947} INFO - Setting next_dagrun for 3_dag_GET_Current_YML_From_Cortex to None, run_after=None
[2026-03-10T13:23:03.051+0000] {processor.py:183} INFO - Processing /home/cloud/codings/airflow/dags/3_dag_GET_Current_YML_From_Cortex.py took 0.549 seconds
[2026-03-10T13:23:33.274+0000] {processor.py:161} INFO - Started process (PID=487381) to work on /home/cloud/codings/airflow/dags/3_dag_GET_Current_YML_From_Cortex.py
[2026-03-10T13:23:33.277+0000] {processor.py:830} INFO - Processing file /home/cloud/codings/airflow/dags/3_dag_GET_Current_YML_From_Cortex.py for tasks to queue
[2026-03-10T13:23:33.281+0000] {logging_mixin.py:188} INFO - [2026-03-10T13:23:33.279+0000] {dagbag.py:545} INFO - Filling up the DagBag from /home/cloud/codings/airflow/dags/3_dag_GET_Current_YML_From_Cortex.py
[2026-03-10T13:23:33.334+0000] {processor.py:840} INFO - DAG(s) '3_dag_GET_Current_YML_From_Cortex' retrieved from /home/cloud/codings/airflow/dags/3_dag_GET_Current_YML_From_Cortex.py
[2026-03-10T13:23:33.698+0000] {logging_mixin.py:188} INFO - [2026-03-10T13:23:33.698+0000] {dag.py:3089} INFO - Sync 1 DAGs
[2026-03-10T13:23:33.720+0000] {logging_mixin.py:188} INFO - [2026-03-10T13:23:33.720+0000] {dag.py:3947} INFO - Setting next_dagrun for 3_dag_GET_Current_YML_From_Cortex to None, run_after=None
[2026-03-10T13:23:33.767+0000] {processor.py:183} INFO - Processing /home/cloud/codings/airflow/dags/3_dag_GET_Current_YML_From_Cortex.py took 0.517 seconds
[2026-03-10T13:24:05.311+0000] {processor.py:161} INFO - Started process (PID=487512) to work on /home/cloud/codings/airflow/dags/3_dag_GET_Current_YML_From_Cortex.py
[2026-03-10T13:24:05.331+0000] {processor.py:830} INFO - Processing file /home/cloud/codings/airflow/dags/3_dag_GET_Current_YML_From_Cortex.py for tasks to queue
[2026-03-10T13:24:05.336+0000] {logging_mixin.py:188} INFO - [2026-03-10T13:24:05.334+0000] {dagbag.py:545} INFO - Filling up the DagBag from /home/cloud/codings/airflow/dags/3_dag_GET_Current_YML_From_Cortex.py
[2026-03-10T13:24:05.426+0000] {processor.py:840} INFO - DAG(s) '3_dag_GET_Current_YML_From_Cortex' retrieved from /home/cloud/codings/airflow/dags/3_dag_GET_Current_YML_From_Cortex.py
[2026-03-10T13:24:05.459+0000] {logging_mixin.py:188} INFO - [2026-03-10T13:24:05.458+0000] {dag.py:3089} INFO - Sync 1 DAGs
[2026-03-10T13:24:05.475+0000] {logging_mixin.py:188} INFO - [2026-03-10T13:24:05.475+0000] {dag.py:3947} INFO - Setting next_dagrun for 3_dag_GET_Current_YML_From_Cortex to None, run_after=None
[2026-03-10T13:24:05.500+0000] {processor.py:183} INFO - Processing /home/cloud/codings/airflow/dags/3_dag_GET_Current_YML_From_Cortex.py took 0.218 seconds
[2026-03-10T13:24:35.823+0000] {processor.py:161} INFO - Started process (PID=487585) to work on /home/cloud/codings/airflow/dags/3_dag_GET_Current_YML_From_Cortex.py
[2026-03-10T13:24:35.842+0000] {processor.py:830} INFO - Processing file /home/cloud/codings/airflow/dags/3_dag_GET_Current_YML_From_Cortex.py for tasks to queue
[2026-03-10T13:24:35.843+0000] {logging_mixin.py:188} INFO - [2026-03-10T13:24:35.843+0000] {dagbag.py:545} INFO - Filling up the DagBag from /home/cloud/codings/airflow/dags/3_dag_GET_Current_YML_From_Cortex.py
[2026-03-10T13:24:35.886+0000] {processor.py:840} INFO - DAG(s) '3_dag_GET_Current_YML_From_Cortex' retrieved from /home/cloud/codings/airflow/dags/3_dag_GET_Current_YML_From_Cortex.py
[2026-03-10T13:24:35.912+0000] {logging_mixin.py:188} INFO - [2026-03-10T13:24:35.911+0000] {dag.py:3089} INFO - Sync 1 DAGs
[2026-03-10T13:24:35.935+0000] {logging_mixin.py:188} INFO - [2026-03-10T13:24:35.935+0000] {dag.py:3947} INFO - Setting next_dagrun for 3_dag_GET_Current_YML_From_Cortex to None, run_after=None
[2026-03-10T13:24:35.995+0000] {processor.py:183} INFO - Processing /home/cloud/codings/airflow/dags/3_dag_GET_Current_YML_From_Cortex.py took 0.184 seconds
[2026-03-10T13:25:06.191+0000] {processor.py:161} INFO - Started process (PID=487712) to work on /home/cloud/codings/airflow/dags/3_dag_GET_Current_YML_From_Cortex.py
[2026-03-10T13:25:06.195+0000] {processor.py:830} INFO - Processing file /home/cloud/codings/airflow/dags/3_dag_GET_Current_YML_From_Cortex.py for tasks to queue
[2026-03-10T13:25:06.198+0000] {logging_mixin.py:188} INFO - [2026-03-10T13:25:06.197+0000] {dagbag.py:545} INFO - Filling up the DagBag from /home/cloud/codings/airflow/dags/3_dag_GET_Current_YML_From_Cortex.py
[2026-03-10T13:25:06.275+0000] {processor.py:840} INFO - DAG(s) '3_dag_GET_Current_YML_From_Cortex' retrieved from /home/cloud/codings/airflow/dags/3_dag_GET_Current_YML_From_Cortex.py
[2026-03-10T13:25:06.307+0000] {logging_mixin.py:188} INFO - [2026-03-10T13:25:06.306+0000] {dag.py:3089} INFO - Sync 1 DAGs
[2026-03-10T13:25:06.335+0000] {logging_mixin.py:188} INFO - [2026-03-10T13:25:06.335+0000] {dag.py:3947} INFO - Setting next_dagrun for 3_dag_GET_Current_YML_From_Cortex to None, run_after=None
[2026-03-10T13:25:06.422+0000] {processor.py:183} INFO - Processing /home/cloud/codings/airflow/dags/3_dag_GET_Current_YML_From_Cortex.py took 0.246 seconds
[2026-03-10T13:25:36.706+0000] {processor.py:161} INFO - Started process (PID=487845) to work on /home/cloud/codings/airflow/dags/3_dag_GET_Current_YML_From_Cortex.py
[2026-03-10T13:25:36.724+0000] {processor.py:830} INFO - Processing file /home/cloud/codings/airflow/dags/3_dag_GET_Current_YML_From_Cortex.py for tasks to queue
[2026-03-10T13:25:36.726+0000] {logging_mixin.py:188} INFO - [2026-03-10T13:25:36.725+0000] {dagbag.py:545} INFO - Filling up the DagBag from /home/cloud/codings/airflow/dags/3_dag_GET_Current_YML_From_Cortex.py
[2026-03-10T13:25:36.768+0000] {processor.py:840} INFO - DAG(s) '3_dag_GET_Current_YML_From_Cortex' retrieved from /home/cloud/codings/airflow/dags/3_dag_GET_Current_YML_From_Cortex.py
[2026-03-10T13:25:36.786+0000] {logging_mixin.py:188} INFO - [2026-03-10T13:25:36.786+0000] {dag.py:3089} INFO - Sync 1 DAGs
[2026-03-10T13:25:36.798+0000] {logging_mixin.py:188} INFO - [2026-03-10T13:25:36.797+0000] {dag.py:3947} INFO - Setting next_dagrun for 3_dag_GET_Current_YML_From_Cortex to None, run_after=None
[2026-03-10T13:25:36.823+0000] {processor.py:183} INFO - Processing /home/cloud/codings/airflow/dags/3_dag_GET_Current_YML_From_Cortex.py took 0.132 seconds
[2026-03-10T13:26:07.446+0000] {processor.py:161} INFO - Started process (PID=487977) to work on /home/cloud/codings/airflow/dags/3_dag_GET_Current_YML_From_Cortex.py
[2026-03-10T13:26:07.465+0000] {processor.py:830} INFO - Processing file /home/cloud/codings/airflow/dags/3_dag_GET_Current_YML_From_Cortex.py for tasks to queue
[2026-03-10T13:26:07.468+0000] {logging_mixin.py:188} INFO - [2026-03-10T13:26:07.467+0000] {dagbag.py:545} INFO - Filling up the DagBag from /home/cloud/codings/airflow/dags/3_dag_GET_Current_YML_From_Cortex.py
[2026-03-10T13:26:07.519+0000] {processor.py:840} INFO - DAG(s) '3_dag_GET_Current_YML_From_Cortex' retrieved from /home/cloud/codings/airflow/dags/3_dag_GET_Current_YML_From_Cortex.py
[2026-03-10T13:26:07.539+0000] {logging_mixin.py:188} INFO - [2026-03-10T13:26:07.539+0000] {dag.py:3089} INFO - Sync 1 DAGs
[2026-03-10T13:26:07.555+0000] {logging_mixin.py:188} INFO - [2026-03-10T13:26:07.555+0000] {dag.py:3947} INFO - Setting next_dagrun for 3_dag_GET_Current_YML_From_Cortex to None, run_after=None
[2026-03-10T13:26:07.584+0000] {processor.py:183} INFO - Processing /home/cloud/codings/airflow/dags/3_dag_GET_Current_YML_From_Cortex.py took 0.157 seconds
[2026-03-10T13:26:38.374+0000] {processor.py:161} INFO - Started process (PID=488052) to work on /home/cloud/codings/airflow/dags/3_dag_GET_Current_YML_From_Cortex.py
[2026-03-10T13:26:38.392+0000] {processor.py:830} INFO - Processing file /home/cloud/codings/airflow/dags/3_dag_GET_Current_YML_From_Cortex.py for tasks to queue
[2026-03-10T13:26:38.393+0000] {logging_mixin.py:188} INFO - [2026-03-10T13:26:38.392+0000] {dagbag.py:545} INFO - Filling up the DagBag from /home/cloud/codings/airflow/dags/3_dag_GET_Current_YML_From_Cortex.py
[2026-03-10T13:26:38.418+0000] {processor.py:840} INFO - DAG(s) '3_dag_GET_Current_YML_From_Cortex' retrieved from /home/cloud/codings/airflow/dags/3_dag_GET_Current_YML_From_Cortex.py
[2026-03-10T13:26:38.433+0000] {logging_mixin.py:188} INFO - [2026-03-10T13:26:38.432+0000] {dag.py:3089} INFO - Sync 1 DAGs
[2026-03-10T13:26:38.445+0000] {logging_mixin.py:188} INFO - [2026-03-10T13:26:38.445+0000] {dag.py:3947} INFO - Setting next_dagrun for 3_dag_GET_Current_YML_From_Cortex to None, run_after=None
[2026-03-10T13:26:38.483+0000] {processor.py:183} INFO - Processing /home/cloud/codings/airflow/dags/3_dag_GET_Current_YML_From_Cortex.py took 0.117 seconds
[2026-03-10T13:27:08.968+0000] {processor.py:161} INFO - Started process (PID=488264) to work on /home/cloud/codings/airflow/dags/3_dag_GET_Current_YML_From_Cortex.py
[2026-03-10T13:27:08.987+0000] {processor.py:830} INFO - Processing file /home/cloud/codings/airflow/dags/3_dag_GET_Current_YML_From_Cortex.py for tasks to queue
[2026-03-10T13:27:08.989+0000] {logging_mixin.py:188} INFO - [2026-03-10T13:27:08.989+0000] {dagbag.py:545} INFO - Filling up the DagBag from /home/cloud/codings/airflow/dags/3_dag_GET_Current_YML_From_Cortex.py
[2026-03-10T13:27:09.045+0000] {processor.py:840} INFO - DAG(s) '3_dag_GET_Current_YML_From_Cortex' retrieved from /home/cloud/codings/airflow/dags/3_dag_GET_Current_YML_From_Cortex.py
[2026-03-10T13:27:09.082+0000] {logging_mixin.py:188} INFO - [2026-03-10T13:27:09.082+0000] {dag.py:3089} INFO - Sync 1 DAGs
[2026-03-10T13:27:09.112+0000] {logging_mixin.py:188} INFO - [2026-03-10T13:27:09.112+0000] {dag.py:3947} INFO - Setting next_dagrun for 3_dag_GET_Current_YML_From_Cortex to None, run_after=None
[2026-03-10T13:27:09.192+0000] {processor.py:183} INFO - Processing /home/cloud/codings/airflow/dags/3_dag_GET_Current_YML_From_Cortex.py took 0.240 seconds
[2026-03-10T13:27:39.492+0000] {processor.py:161} INFO - Started process (PID=488361) to work on /home/cloud/codings/airflow/dags/3_dag_GET_Current_YML_From_Cortex.py
[2026-03-10T13:27:39.513+0000] {processor.py:830} INFO - Processing file /home/cloud/codings/airflow/dags/3_dag_GET_Current_YML_From_Cortex.py for tasks to queue
[2026-03-10T13:27:39.516+0000] {logging_mixin.py:188} INFO - [2026-03-10T13:27:39.515+0000] {dagbag.py:545} INFO - Filling up the DagBag from /home/cloud/codings/airflow/dags/3_dag_GET_Current_YML_From_Cortex.py
[2026-03-10T13:27:39.602+0000] {processor.py:840} INFO - DAG(s) '3_dag_GET_Current_YML_From_Cortex' retrieved from /home/cloud/codings/airflow/dags/3_dag_GET_Current_YML_From_Cortex.py
[2026-03-10T13:27:39.670+0000] {logging_mixin.py:188} INFO - [2026-03-10T13:27:39.669+0000] {dag.py:3089} INFO - Sync 1 DAGs
[2026-03-10T13:27:39.705+0000] {logging_mixin.py:188} INFO - [2026-03-10T13:27:39.704+0000] {dag.py:3947} INFO - Setting next_dagrun for 3_dag_GET_Current_YML_From_Cortex to None, run_after=None
[2026-03-10T13:27:39.762+0000] {processor.py:183} INFO - Processing /home/cloud/codings/airflow/dags/3_dag_GET_Current_YML_From_Cortex.py took 0.294 seconds
[2026-03-10T13:28:09.923+0000] {processor.py:161} INFO - Started process (PID=488494) to work on /home/cloud/codings/airflow/dags/3_dag_GET_Current_YML_From_Cortex.py
[2026-03-10T13:28:09.927+0000] {processor.py:830} INFO - Processing file /home/cloud/codings/airflow/dags/3_dag_GET_Current_YML_From_Cortex.py for tasks to queue
[2026-03-10T13:28:09.929+0000] {logging_mixin.py:188} INFO - [2026-03-10T13:28:09.928+0000] {dagbag.py:545} INFO - Filling up the DagBag from /home/cloud/codings/airflow/dags/3_dag_GET_Current_YML_From_Cortex.py
[2026-03-10T13:28:09.982+0000] {processor.py:840} INFO - DAG(s) '3_dag_GET_Current_YML_From_Cortex' retrieved from /home/cloud/codings/airflow/dags/3_dag_GET_Current_YML_From_Cortex.py
[2026-03-10T13:28:10.019+0000] {logging_mixin.py:188} INFO - [2026-03-10T13:28:10.018+0000] {dag.py:3089} INFO - Sync 1 DAGs
[2026-03-10T13:28:10.050+0000] {logging_mixin.py:188} INFO - [2026-03-10T13:28:10.050+0000] {dag.py:3947} INFO - Setting next_dagrun for 3_dag_GET_Current_YML_From_Cortex to None, run_after=None
[2026-03-10T13:28:10.106+0000] {processor.py:183} INFO - Processing /home/cloud/codings/airflow/dags/3_dag_GET_Current_YML_From_Cortex.py took 0.198 seconds
[2026-03-10T13:28:40.439+0000] {processor.py:161} INFO - Started process (PID=488567) to work on /home/cloud/codings/airflow/dags/3_dag_GET_Current_YML_From_Cortex.py
[2026-03-10T13:28:40.463+0000] {processor.py:830} INFO - Processing file /home/cloud/codings/airflow/dags/3_dag_GET_Current_YML_From_Cortex.py for tasks to queue
[2026-03-10T13:28:40.467+0000] {logging_mixin.py:188} INFO - [2026-03-10T13:28:40.465+0000] {dagbag.py:545} INFO - Filling up the DagBag from /home/cloud/codings/airflow/dags/3_dag_GET_Current_YML_From_Cortex.py
[2026-03-10T13:28:40.559+0000] {processor.py:840} INFO - DAG(s) '3_dag_GET_Current_YML_From_Cortex' retrieved from /home/cloud/codings/airflow/dags/3_dag_GET_Current_YML_From_Cortex.py
[2026-03-10T13:28:40.599+0000] {logging_mixin.py:188} INFO - [2026-03-10T13:28:40.599+0000] {dag.py:3089} INFO - Sync 1 DAGs
[2026-03-10T13:28:40.636+0000] {logging_mixin.py:188} INFO - [2026-03-10T13:28:40.634+0000] {dag.py:3947} INFO - Setting next_dagrun for 3_dag_GET_Current_YML_From_Cortex to None, run_after=None
[2026-03-10T13:28:40.720+0000] {processor.py:183} INFO - Processing /home/cloud/codings/airflow/dags/3_dag_GET_Current_YML_From_Cortex.py took 0.311 seconds
[2026-03-10T13:29:11.063+0000] {processor.py:161} INFO - Started process (PID=488692) to work on /home/cloud/codings/airflow/dags/3_dag_GET_Current_YML_From_Cortex.py
[2026-03-10T13:29:11.083+0000] {processor.py:830} INFO - Processing file /home/cloud/codings/airflow/dags/3_dag_GET_Current_YML_From_Cortex.py for tasks to queue
[2026-03-10T13:29:11.085+0000] {logging_mixin.py:188} INFO - [2026-03-10T13:29:11.084+0000] {dagbag.py:545} INFO - Filling up the DagBag from /home/cloud/codings/airflow/dags/3_dag_GET_Current_YML_From_Cortex.py
[2026-03-10T13:29:11.124+0000] {processor.py:840} INFO - DAG(s) '3_dag_GET_Current_YML_From_Cortex' retrieved from /home/cloud/codings/airflow/dags/3_dag_GET_Current_YML_From_Cortex.py
[2026-03-10T13:29:11.142+0000] {logging_mixin.py:188} INFO - [2026-03-10T13:29:11.142+0000] {dag.py:3089} INFO - Sync 1 DAGs
[2026-03-10T13:29:11.154+0000] {logging_mixin.py:188} INFO - [2026-03-10T13:29:11.154+0000] {dag.py:3947} INFO - Setting next_dagrun for 3_dag_GET_Current_YML_From_Cortex to None, run_after=None
[2026-03-10T13:29:11.179+0000] {processor.py:183} INFO - Processing /home/cloud/codings/airflow/dags/3_dag_GET_Current_YML_From_Cortex.py took 0.128 seconds
[2026-03-10T13:29:41.539+0000] {processor.py:161} INFO - Started process (PID=488767) to work on /home/cloud/codings/airflow/dags/3_dag_GET_Current_YML_From_Cortex.py
[2026-03-10T13:29:41.564+0000] {processor.py:830} INFO - Processing file /home/cloud/codings/airflow/dags/3_dag_GET_Current_YML_From_Cortex.py for tasks to queue
[2026-03-10T13:29:41.566+0000] {logging_mixin.py:188} INFO - [2026-03-10T13:29:41.565+0000] {dagbag.py:545} INFO - Filling up the DagBag from /home/cloud/codings/airflow/dags/3_dag_GET_Current_YML_From_Cortex.py
[2026-03-10T13:29:41.608+0000] {processor.py:840} INFO - DAG(s) '3_dag_GET_Current_YML_From_Cortex' retrieved from /home/cloud/codings/airflow/dags/3_dag_GET_Current_YML_From_Cortex.py
[2026-03-10T13:29:41.640+0000] {logging_mixin.py:188} INFO - [2026-03-10T13:29:41.639+0000] {dag.py:3089} INFO - Sync 1 DAGs
[2026-03-10T13:29:41.664+0000] {logging_mixin.py:188} INFO - [2026-03-10T13:29:41.664+0000] {dag.py:3947} INFO - Setting next_dagrun for 3_dag_GET_Current_YML_From_Cortex to None, run_after=None
[2026-03-10T13:29:41.699+0000] {processor.py:183} INFO - Processing /home/cloud/codings/airflow/dags/3_dag_GET_Current_YML_From_Cortex.py took 0.170 seconds
[2026-03-10T13:30:12.097+0000] {processor.py:161} INFO - Started process (PID=488898) to work on /home/cloud/codings/airflow/dags/3_dag_GET_Current_YML_From_Cortex.py
[2026-03-10T13:30:12.102+0000] {processor.py:830} INFO - Processing file /home/cloud/codings/airflow/dags/3_dag_GET_Current_YML_From_Cortex.py for tasks to queue
[2026-03-10T13:30:12.106+0000] {logging_mixin.py:188} INFO - [2026-03-10T13:30:12.104+0000] {dagbag.py:545} INFO - Filling up the DagBag from /home/cloud/codings/airflow/dags/3_dag_GET_Current_YML_From_Cortex.py
[2026-03-10T13:30:12.208+0000] {processor.py:840} INFO - DAG(s) '3_dag_GET_Current_YML_From_Cortex' retrieved from /home/cloud/codings/airflow/dags/3_dag_GET_Current_YML_From_Cortex.py
[2026-03-10T13:30:12.281+0000] {logging_mixin.py:188} INFO - [2026-03-10T13:30:12.280+0000] {dag.py:3089} INFO - Sync 1 DAGs
[2026-03-10T13:30:12.344+0000] {logging_mixin.py:188} INFO - [2026-03-10T13:30:12.342+0000] {dag.py:3947} INFO - Setting next_dagrun for 3_dag_GET_Current_YML_From_Cortex to None, run_after=None
[2026-03-10T13:30:12.412+0000] {processor.py:183} INFO - Processing /home/cloud/codings/airflow/dags/3_dag_GET_Current_YML_From_Cortex.py took 0.343 seconds
[2026-03-10T13:30:42.963+0000] {processor.py:161} INFO - Started process (PID=489028) to work on /home/cloud/codings/airflow/dags/3_dag_GET_Current_YML_From_Cortex.py
[2026-03-10T13:30:42.966+0000] {processor.py:830} INFO - Processing file /home/cloud/codings/airflow/dags/3_dag_GET_Current_YML_From_Cortex.py for tasks to queue
[2026-03-10T13:30:42.969+0000] {logging_mixin.py:188} INFO - [2026-03-10T13:30:42.968+0000] {dagbag.py:545} INFO - Filling up the DagBag from /home/cloud/codings/airflow/dags/3_dag_GET_Current_YML_From_Cortex.py
[2026-03-10T13:30:43.028+0000] {processor.py:840} INFO - DAG(s) '3_dag_GET_Current_YML_From_Cortex' retrieved from /home/cloud/codings/airflow/dags/3_dag_GET_Current_YML_From_Cortex.py
[2026-03-10T13:30:43.052+0000] {logging_mixin.py:188} INFO - [2026-03-10T13:30:43.052+0000] {dag.py:3089} INFO - Sync 1 DAGs
[2026-03-10T13:30:43.072+0000] {logging_mixin.py:188} INFO - [2026-03-10T13:30:43.072+0000] {dag.py:3947} INFO - Setting next_dagrun for 3_dag_GET_Current_YML_From_Cortex to None, run_after=None
[2026-03-10T13:30:43.103+0000] {processor.py:183} INFO - Processing /home/cloud/codings/airflow/dags/3_dag_GET_Current_YML_From_Cortex.py took 0.152 seconds
[2026-03-10T13:31:13.614+0000] {processor.py:161} INFO - Started process (PID=489158) to work on /home/cloud/codings/airflow/dags/3_dag_GET_Current_YML_From_Cortex.py
[2026-03-10T13:31:13.633+0000] {processor.py:830} INFO - Processing file /home/cloud/codings/airflow/dags/3_dag_GET_Current_YML_From_Cortex.py for tasks to queue
[2026-03-10T13:31:13.634+0000] {logging_mixin.py:188} INFO - [2026-03-10T13:31:13.633+0000] {dagbag.py:545} INFO - Filling up the DagBag from /home/cloud/codings/airflow/dags/3_dag_GET_Current_YML_From_Cortex.py
[2026-03-10T13:31:13.663+0000] {processor.py:840} INFO - DAG(s) '3_dag_GET_Current_YML_From_Cortex' retrieved from /home/cloud/codings/airflow/dags/3_dag_GET_Current_YML_From_Cortex.py
[2026-03-10T13:31:13.682+0000] {logging_mixin.py:188} INFO - [2026-03-10T13:31:13.682+0000] {dag.py:3089} INFO - Sync 1 DAGs
[2026-03-10T13:31:13.696+0000] {logging_mixin.py:188} INFO - [2026-03-10T13:31:13.696+0000] {dag.py:3947} INFO - Setting next_dagrun for 3_dag_GET_Current_YML_From_Cortex to None, run_after=None
[2026-03-10T13:31:13.723+0000] {processor.py:183} INFO - Processing /home/cloud/codings/airflow/dags/3_dag_GET_Current_YML_From_Cortex.py took 0.119 seconds
[2026-03-10T13:31:44.166+0000] {processor.py:161} INFO - Started process (PID=489231) to work on /home/cloud/codings/airflow/dags/3_dag_GET_Current_YML_From_Cortex.py
[2026-03-10T13:31:44.170+0000] {processor.py:830} INFO - Processing file /home/cloud/codings/airflow/dags/3_dag_GET_Current_YML_From_Cortex.py for tasks to queue
[2026-03-10T13:31:44.174+0000] {logging_mixin.py:188} INFO - [2026-03-10T13:31:44.172+0000] {dagbag.py:545} INFO - Filling up the DagBag from /home/cloud/codings/airflow/dags/3_dag_GET_Current_YML_From_Cortex.py
[2026-03-10T13:31:44.238+0000] {processor.py:840} INFO - DAG(s) '3_dag_GET_Current_YML_From_Cortex' retrieved from /home/cloud/codings/airflow/dags/3_dag_GET_Current_YML_From_Cortex.py
[2026-03-10T13:31:44.268+0000] {logging_mixin.py:188} INFO - [2026-03-10T13:31:44.267+0000] {dag.py:3089} INFO - Sync 1 DAGs
[2026-03-10T13:31:44.294+0000] {logging_mixin.py:188} INFO - [2026-03-10T13:31:44.293+0000] {dag.py:3947} INFO - Setting next_dagrun for 3_dag_GET_Current_YML_From_Cortex to None, run_after=None
[2026-03-10T13:31:44.336+0000] {processor.py:183} INFO - Processing /home/cloud/codings/airflow/dags/3_dag_GET_Current_YML_From_Cortex.py took 0.193 seconds
[2026-03-10T13:32:14.994+0000] {processor.py:161} INFO - Started process (PID=489362) to work on /home/cloud/codings/airflow/dags/3_dag_GET_Current_YML_From_Cortex.py
[2026-03-10T13:32:15.023+0000] {processor.py:830} INFO - Processing file /home/cloud/codings/airflow/dags/3_dag_GET_Current_YML_From_Cortex.py for tasks to queue
[2026-03-10T13:32:15.027+0000] {logging_mixin.py:188} INFO - [2026-03-10T13:32:15.025+0000] {dagbag.py:545} INFO - Filling up the DagBag from /home/cloud/codings/airflow/dags/3_dag_GET_Current_YML_From_Cortex.py
[2026-03-10T13:32:15.091+0000] {processor.py:840} INFO - DAG(s) '3_dag_GET_Current_YML_From_Cortex' retrieved from /home/cloud/codings/airflow/dags/3_dag_GET_Current_YML_From_Cortex.py
[2026-03-10T13:32:15.125+0000] {logging_mixin.py:188} INFO - [2026-03-10T13:32:15.125+0000] {dag.py:3089} INFO - Sync 1 DAGs
[2026-03-10T13:32:15.155+0000] {logging_mixin.py:188} INFO - [2026-03-10T13:32:15.154+0000] {dag.py:3947} INFO - Setting next_dagrun for 3_dag_GET_Current_YML_From_Cortex to None, run_after=None
[2026-03-10T13:32:15.192+0000] {processor.py:183} INFO - Processing /home/cloud/codings/airflow/dags/3_dag_GET_Current_YML_From_Cortex.py took 0.224 seconds
[2026-03-10T13:32:45.811+0000] {processor.py:161} INFO - Started process (PID=489431) to work on /home/cloud/codings/airflow/dags/3_dag_GET_Current_YML_From_Cortex.py
[2026-03-10T13:32:45.812+0000] {processor.py:830} INFO - Processing file /home/cloud/codings/airflow/dags/3_dag_GET_Current_YML_From_Cortex.py for tasks to queue
[2026-03-10T13:32:45.813+0000] {logging_mixin.py:188} INFO - [2026-03-10T13:32:45.813+0000] {dagbag.py:545} INFO - Filling up the DagBag from /home/cloud/codings/airflow/dags/3_dag_GET_Current_YML_From_Cortex.py
[2026-03-10T13:32:45.841+0000] {processor.py:840} INFO - DAG(s) '3_dag_GET_Current_YML_From_Cortex' retrieved from /home/cloud/codings/airflow/dags/3_dag_GET_Current_YML_From_Cortex.py
[2026-03-10T13:32:45.858+0000] {logging_mixin.py:188} INFO - [2026-03-10T13:32:45.858+0000] {dag.py:3089} INFO - Sync 1 DAGs
[2026-03-10T13:32:45.872+0000] {logging_mixin.py:188} INFO - [2026-03-10T13:32:45.872+0000] {dag.py:3947} INFO - Setting next_dagrun for 3_dag_GET_Current_YML_From_Cortex to None, run_after=None
[2026-03-10T13:32:45.898+0000] {processor.py:183} INFO - Processing /home/cloud/codings/airflow/dags/3_dag_GET_Current_YML_From_Cortex.py took 0.098 seconds
[2026-03-10T13:33:16.568+0000] {processor.py:161} INFO - Started process (PID=489562) to work on /home/cloud/codings/airflow/dags/3_dag_GET_Current_YML_From_Cortex.py
[2026-03-10T13:33:16.590+0000] {processor.py:830} INFO - Processing file /home/cloud/codings/airflow/dags/3_dag_GET_Current_YML_From_Cortex.py for tasks to queue
[2026-03-10T13:33:16.595+0000] {logging_mixin.py:188} INFO - [2026-03-10T13:33:16.592+0000] {dagbag.py:545} INFO - Filling up the DagBag from /home/cloud/codings/airflow/dags/3_dag_GET_Current_YML_From_Cortex.py
[2026-03-10T13:33:16.658+0000] {processor.py:840} INFO - DAG(s) '3_dag_GET_Current_YML_From_Cortex' retrieved from /home/cloud/codings/airflow/dags/3_dag_GET_Current_YML_From_Cortex.py
[2026-03-10T13:33:16.714+0000] {logging_mixin.py:188} INFO - [2026-03-10T13:33:16.713+0000] {dag.py:3089} INFO - Sync 1 DAGs
[2026-03-10T13:33:16.746+0000] {logging_mixin.py:188} INFO - [2026-03-10T13:33:16.746+0000] {dag.py:3947} INFO - Setting next_dagrun for 3_dag_GET_Current_YML_From_Cortex to None, run_after=None
[2026-03-10T13:33:16.812+0000] {processor.py:183} INFO - Processing /home/cloud/codings/airflow/dags/3_dag_GET_Current_YML_From_Cortex.py took 0.272 seconds
[2026-03-10T13:33:47.256+0000] {processor.py:161} INFO - Started process (PID=489635) to work on /home/cloud/codings/airflow/dags/3_dag_GET_Current_YML_From_Cortex.py
[2026-03-10T13:33:47.274+0000] {processor.py:830} INFO - Processing file /home/cloud/codings/airflow/dags/3_dag_GET_Current_YML_From_Cortex.py for tasks to queue
[2026-03-10T13:33:47.276+0000] {logging_mixin.py:188} INFO - [2026-03-10T13:33:47.275+0000] {dagbag.py:545} INFO - Filling up the DagBag from /home/cloud/codings/airflow/dags/3_dag_GET_Current_YML_From_Cortex.py
[2026-03-10T13:33:47.327+0000] {processor.py:840} INFO - DAG(s) '3_dag_GET_Current_YML_From_Cortex' retrieved from /home/cloud/codings/airflow/dags/3_dag_GET_Current_YML_From_Cortex.py
[2026-03-10T13:33:47.356+0000] {logging_mixin.py:188} INFO - [2026-03-10T13:33:47.355+0000] {dag.py:3089} INFO - Sync 1 DAGs
[2026-03-10T13:33:47.394+0000] {logging_mixin.py:188} INFO - [2026-03-10T13:33:47.393+0000] {dag.py:3947} INFO - Setting next_dagrun for 3_dag_GET_Current_YML_From_Cortex to None, run_after=None
[2026-03-10T13:33:47.473+0000] {processor.py:183} INFO - Processing /home/cloud/codings/airflow/dags/3_dag_GET_Current_YML_From_Cortex.py took 0.228 seconds
[2026-03-10T13:34:17.862+0000] {processor.py:161} INFO - Started process (PID=489762) to work on /home/cloud/codings/airflow/dags/3_dag_GET_Current_YML_From_Cortex.py
[2026-03-10T13:34:17.864+0000] {processor.py:830} INFO - Processing file /home/cloud/codings/airflow/dags/3_dag_GET_Current_YML_From_Cortex.py for tasks to queue
[2026-03-10T13:34:17.866+0000] {logging_mixin.py:188} INFO - [2026-03-10T13:34:17.865+0000] {dagbag.py:545} INFO - Filling up the DagBag from /home/cloud/codings/airflow/dags/3_dag_GET_Current_YML_From_Cortex.py
[2026-03-10T13:34:17.904+0000] {processor.py:840} INFO - DAG(s) '3_dag_GET_Current_YML_From_Cortex' retrieved from /home/cloud/codings/airflow/dags/3_dag_GET_Current_YML_From_Cortex.py
[2026-03-10T13:34:17.928+0000] {logging_mixin.py:188} INFO - [2026-03-10T13:34:17.928+0000] {dag.py:3089} INFO - Sync 1 DAGs
[2026-03-10T13:34:17.948+0000] {logging_mixin.py:188} INFO - [2026-03-10T13:34:17.948+0000] {dag.py:3947} INFO - Setting next_dagrun for 3_dag_GET_Current_YML_From_Cortex to None, run_after=None
[2026-03-10T13:34:17.977+0000] {processor.py:183} INFO - Processing /home/cloud/codings/airflow/dags/3_dag_GET_Current_YML_From_Cortex.py took 0.132 seconds
[2026-03-10T13:34:48.480+0000] {processor.py:161} INFO - Started process (PID=489860) to work on /home/cloud/codings/airflow/dags/3_dag_GET_Current_YML_From_Cortex.py
[2026-03-10T13:34:48.501+0000] {processor.py:830} INFO - Processing file /home/cloud/codings/airflow/dags/3_dag_GET_Current_YML_From_Cortex.py for tasks to queue
[2026-03-10T13:34:48.505+0000] {logging_mixin.py:188} INFO - [2026-03-10T13:34:48.503+0000] {dagbag.py:545} INFO - Filling up the DagBag from /home/cloud/codings/airflow/dags/3_dag_GET_Current_YML_From_Cortex.py
[2026-03-10T13:34:48.567+0000] {processor.py:840} INFO - DAG(s) '3_dag_GET_Current_YML_From_Cortex' retrieved from /home/cloud/codings/airflow/dags/3_dag_GET_Current_YML_From_Cortex.py
[2026-03-10T13:34:48.599+0000] {logging_mixin.py:188} INFO - [2026-03-10T13:34:48.599+0000] {dag.py:3089} INFO - Sync 1 DAGs
[2026-03-10T13:34:48.638+0000] {logging_mixin.py:188} INFO - [2026-03-10T13:34:48.637+0000] {dag.py:3947} INFO - Setting next_dagrun for 3_dag_GET_Current_YML_From_Cortex to None, run_after=None
[2026-03-10T13:34:48.745+0000] {processor.py:183} INFO - Processing /home/cloud/codings/airflow/dags/3_dag_GET_Current_YML_From_Cortex.py took 0.289 seconds
[2026-03-10T13:35:18.922+0000] {processor.py:161} INFO - Started process (PID=489960) to work on /home/cloud/codings/airflow/dags/3_dag_GET_Current_YML_From_Cortex.py
[2026-03-10T13:35:18.942+0000] {processor.py:830} INFO - Processing file /home/cloud/codings/airflow/dags/3_dag_GET_Current_YML_From_Cortex.py for tasks to queue
[2026-03-10T13:35:18.945+0000] {logging_mixin.py:188} INFO - [2026-03-10T13:35:18.944+0000] {dagbag.py:545} INFO - Filling up the DagBag from /home/cloud/codings/airflow/dags/3_dag_GET_Current_YML_From_Cortex.py
[2026-03-10T13:35:18.997+0000] {processor.py:840} INFO - DAG(s) '3_dag_GET_Current_YML_From_Cortex' retrieved from /home/cloud/codings/airflow/dags/3_dag_GET_Current_YML_From_Cortex.py
[2026-03-10T13:35:19.034+0000] {logging_mixin.py:188} INFO - [2026-03-10T13:35:19.034+0000] {dag.py:3089} INFO - Sync 1 DAGs
[2026-03-10T13:35:19.067+0000] {logging_mixin.py:188} INFO - [2026-03-10T13:35:19.066+0000] {dag.py:3947} INFO - Setting next_dagrun for 3_dag_GET_Current_YML_From_Cortex to None, run_after=None
[2026-03-10T13:35:19.117+0000] {processor.py:183} INFO - Processing /home/cloud/codings/airflow/dags/3_dag_GET_Current_YML_From_Cortex.py took 0.210 seconds
[2026-03-10T13:35:49.415+0000] {processor.py:161} INFO - Started process (PID=490155) to work on /home/cloud/codings/airflow/dags/3_dag_GET_Current_YML_From_Cortex.py
[2026-03-10T13:35:49.433+0000] {processor.py:830} INFO - Processing file /home/cloud/codings/airflow/dags/3_dag_GET_Current_YML_From_Cortex.py for tasks to queue
[2026-03-10T13:35:49.435+0000] {logging_mixin.py:188} INFO - [2026-03-10T13:35:49.434+0000] {dagbag.py:545} INFO - Filling up the DagBag from /home/cloud/codings/airflow/dags/3_dag_GET_Current_YML_From_Cortex.py
[2026-03-10T13:35:49.474+0000] {processor.py:840} INFO - DAG(s) '3_dag_GET_Current_YML_From_Cortex' retrieved from /home/cloud/codings/airflow/dags/3_dag_GET_Current_YML_From_Cortex.py
[2026-03-10T13:35:49.499+0000] {logging_mixin.py:188} INFO - [2026-03-10T13:35:49.498+0000] {dag.py:3089} INFO - Sync 1 DAGs
[2026-03-10T13:35:49.518+0000] {logging_mixin.py:188} INFO - [2026-03-10T13:35:49.518+0000] {dag.py:3947} INFO - Setting next_dagrun for 3_dag_GET_Current_YML_From_Cortex to None, run_after=None
[2026-03-10T13:35:49.543+0000] {processor.py:183} INFO - Processing /home/cloud/codings/airflow/dags/3_dag_GET_Current_YML_From_Cortex.py took 0.138 seconds
[2026-03-10T13:36:20.212+0000] {processor.py:161} INFO - Started process (PID=490226) to work on /home/cloud/codings/airflow/dags/3_dag_GET_Current_YML_From_Cortex.py
[2026-03-10T13:36:20.229+0000] {processor.py:830} INFO - Processing file /home/cloud/codings/airflow/dags/3_dag_GET_Current_YML_From_Cortex.py for tasks to queue
[2026-03-10T13:36:20.230+0000] {logging_mixin.py:188} INFO - [2026-03-10T13:36:20.230+0000] {dagbag.py:545} INFO - Filling up the DagBag from /home/cloud/codings/airflow/dags/3_dag_GET_Current_YML_From_Cortex.py
[2026-03-10T13:36:20.263+0000] {processor.py:840} INFO - DAG(s) '3_dag_GET_Current_YML_From_Cortex' retrieved from /home/cloud/codings/airflow/dags/3_dag_GET_Current_YML_From_Cortex.py
[2026-03-10T13:36:20.294+0000] {logging_mixin.py:188} INFO - [2026-03-10T13:36:20.294+0000] {dag.py:3089} INFO - Sync 1 DAGs
[2026-03-10T13:36:20.313+0000] {logging_mixin.py:188} INFO - [2026-03-10T13:36:20.313+0000] {dag.py:3947} INFO - Setting next_dagrun for 3_dag_GET_Current_YML_From_Cortex to None, run_after=None
[2026-03-10T13:36:20.342+0000] {processor.py:183} INFO - Processing /home/cloud/codings/airflow/dags/3_dag_GET_Current_YML_From_Cortex.py took 0.139 seconds
[2026-03-10T13:36:50.668+0000] {processor.py:161} INFO - Started process (PID=490359) to work on /home/cloud/codings/airflow/dags/3_dag_GET_Current_YML_From_Cortex.py
[2026-03-10T13:36:50.685+0000] {processor.py:830} INFO - Processing file /home/cloud/codings/airflow/dags/3_dag_GET_Current_YML_From_Cortex.py for tasks to queue
[2026-03-10T13:36:50.687+0000] {logging_mixin.py:188} INFO - [2026-03-10T13:36:50.686+0000] {dagbag.py:545} INFO - Filling up the DagBag from /home/cloud/codings/airflow/dags/3_dag_GET_Current_YML_From_Cortex.py
[2026-03-10T13:36:50.712+0000] {processor.py:840} INFO - DAG(s) '3_dag_GET_Current_YML_From_Cortex' retrieved from /home/cloud/codings/airflow/dags/3_dag_GET_Current_YML_From_Cortex.py
[2026-03-10T13:36:50.729+0000] {logging_mixin.py:188} INFO - [2026-03-10T13:36:50.729+0000] {dag.py:3089} INFO - Sync 1 DAGs
[2026-03-10T13:36:50.744+0000] {logging_mixin.py:188} INFO - [2026-03-10T13:36:50.743+0000] {dag.py:3947} INFO - Setting next_dagrun for 3_dag_GET_Current_YML_From_Cortex to None, run_after=None
[2026-03-10T13:36:50.770+0000] {processor.py:183} INFO - Processing /home/cloud/codings/airflow/dags/3_dag_GET_Current_YML_From_Cortex.py took 0.109 seconds
[2026-03-10T13:37:21.375+0000] {processor.py:161} INFO - Started process (PID=490434) to work on /home/cloud/codings/airflow/dags/3_dag_GET_Current_YML_From_Cortex.py
[2026-03-10T13:37:21.393+0000] {processor.py:830} INFO - Processing file /home/cloud/codings/airflow/dags/3_dag_GET_Current_YML_From_Cortex.py for tasks to queue
[2026-03-10T13:37:21.396+0000] {logging_mixin.py:188} INFO - [2026-03-10T13:37:21.395+0000] {dagbag.py:545} INFO - Filling up the DagBag from /home/cloud/codings/airflow/dags/3_dag_GET_Current_YML_From_Cortex.py
[2026-03-10T13:37:21.430+0000] {processor.py:840} INFO - DAG(s) '3_dag_GET_Current_YML_From_Cortex' retrieved from /home/cloud/codings/airflow/dags/3_dag_GET_Current_YML_From_Cortex.py
[2026-03-10T13:37:21.446+0000] {logging_mixin.py:188} INFO - [2026-03-10T13:37:21.446+0000] {dag.py:3089} INFO - Sync 1 DAGs
[2026-03-10T13:37:21.459+0000] {logging_mixin.py:188} INFO - [2026-03-10T13:37:21.459+0000] {dag.py:3947} INFO - Setting next_dagrun for 3_dag_GET_Current_YML_From_Cortex to None, run_after=None
[2026-03-10T13:37:21.484+0000] {processor.py:183} INFO - Processing /home/cloud/codings/airflow/dags/3_dag_GET_Current_YML_From_Cortex.py took 0.114 seconds
[2026-03-10T13:37:52.084+0000] {processor.py:161} INFO - Started process (PID=490561) to work on /home/cloud/codings/airflow/dags/3_dag_GET_Current_YML_From_Cortex.py
[2026-03-10T13:37:52.104+0000] {processor.py:830} INFO - Processing file /home/cloud/codings/airflow/dags/3_dag_GET_Current_YML_From_Cortex.py for tasks to queue
[2026-03-10T13:37:52.106+0000] {logging_mixin.py:188} INFO - [2026-03-10T13:37:52.105+0000] {dagbag.py:545} INFO - Filling up the DagBag from /home/cloud/codings/airflow/dags/3_dag_GET_Current_YML_From_Cortex.py
[2026-03-10T13:37:52.148+0000] {processor.py:840} INFO - DAG(s) '3_dag_GET_Current_YML_From_Cortex' retrieved from /home/cloud/codings/airflow/dags/3_dag_GET_Current_YML_From_Cortex.py
[2026-03-10T13:37:52.164+0000] {logging_mixin.py:188} INFO - [2026-03-10T13:37:52.164+0000] {dag.py:3089} INFO - Sync 1 DAGs
[2026-03-10T13:37:52.175+0000] {logging_mixin.py:188} INFO - [2026-03-10T13:37:52.175+0000] {dag.py:3947} INFO - Setting next_dagrun for 3_dag_GET_Current_YML_From_Cortex to None, run_after=None
[2026-03-10T13:37:52.199+0000] {processor.py:183} INFO - Processing /home/cloud/codings/airflow/dags/3_dag_GET_Current_YML_From_Cortex.py took 0.127 seconds
[2026-03-10T13:38:22.841+0000] {processor.py:161} INFO - Started process (PID=490632) to work on /home/cloud/codings/airflow/dags/3_dag_GET_Current_YML_From_Cortex.py
[2026-03-10T13:38:22.844+0000] {processor.py:830} INFO - Processing file /home/cloud/codings/airflow/dags/3_dag_GET_Current_YML_From_Cortex.py for tasks to queue
[2026-03-10T13:38:22.847+0000] {logging_mixin.py:188} INFO - [2026-03-10T13:38:22.845+0000] {dagbag.py:545} INFO - Filling up the DagBag from /home/cloud/codings/airflow/dags/3_dag_GET_Current_YML_From_Cortex.py
[2026-03-10T13:38:22.895+0000] {processor.py:840} INFO - DAG(s) '3_dag_GET_Current_YML_From_Cortex' retrieved from /home/cloud/codings/airflow/dags/3_dag_GET_Current_YML_From_Cortex.py
[2026-03-10T13:38:22.933+0000] {logging_mixin.py:188} INFO - [2026-03-10T13:38:22.933+0000] {dag.py:3089} INFO - Sync 1 DAGs
[2026-03-10T13:38:22.963+0000] {logging_mixin.py:188} INFO - [2026-03-10T13:38:22.962+0000] {dag.py:3947} INFO - Setting next_dagrun for 3_dag_GET_Current_YML_From_Cortex to None, run_after=None
[2026-03-10T13:38:23.010+0000] {processor.py:183} INFO - Processing /home/cloud/codings/airflow/dags/3_dag_GET_Current_YML_From_Cortex.py took 0.180 seconds
[2026-03-10T13:38:53.432+0000] {processor.py:161} INFO - Started process (PID=490767) to work on /home/cloud/codings/airflow/dags/3_dag_GET_Current_YML_From_Cortex.py
[2026-03-10T13:38:53.450+0000] {processor.py:830} INFO - Processing file /home/cloud/codings/airflow/dags/3_dag_GET_Current_YML_From_Cortex.py for tasks to queue
[2026-03-10T13:38:53.451+0000] {logging_mixin.py:188} INFO - [2026-03-10T13:38:53.451+0000] {dagbag.py:545} INFO - Filling up the DagBag from /home/cloud/codings/airflow/dags/3_dag_GET_Current_YML_From_Cortex.py
[2026-03-10T13:38:53.476+0000] {processor.py:840} INFO - DAG(s) '3_dag_GET_Current_YML_From_Cortex' retrieved from /home/cloud/codings/airflow/dags/3_dag_GET_Current_YML_From_Cortex.py
[2026-03-10T13:38:53.492+0000] {logging_mixin.py:188} INFO - [2026-03-10T13:38:53.492+0000] {dag.py:3089} INFO - Sync 1 DAGs
[2026-03-10T13:38:53.505+0000] {logging_mixin.py:188} INFO - [2026-03-10T13:38:53.505+0000] {dag.py:3947} INFO - Setting next_dagrun for 3_dag_GET_Current_YML_From_Cortex to None, run_after=None
[2026-03-10T13:38:53.530+0000] {processor.py:183} INFO - Processing /home/cloud/codings/airflow/dags/3_dag_GET_Current_YML_From_Cortex.py took 0.107 seconds
[2026-03-10T13:39:24.385+0000] {processor.py:161} INFO - Started process (PID=490832) to work on /home/cloud/codings/airflow/dags/3_dag_GET_Current_YML_From_Cortex.py
[2026-03-10T13:39:24.389+0000] {processor.py:830} INFO - Processing file /home/cloud/codings/airflow/dags/3_dag_GET_Current_YML_From_Cortex.py for tasks to queue
[2026-03-10T13:39:24.392+0000] {logging_mixin.py:188} INFO - [2026-03-10T13:39:24.390+0000] {dagbag.py:545} INFO - Filling up the DagBag from /home/cloud/codings/airflow/dags/3_dag_GET_Current_YML_From_Cortex.py
[2026-03-10T13:39:24.435+0000] {processor.py:840} INFO - DAG(s) '3_dag_GET_Current_YML_From_Cortex' retrieved from /home/cloud/codings/airflow/dags/3_dag_GET_Current_YML_From_Cortex.py
[2026-03-10T13:39:24.463+0000] {logging_mixin.py:188} INFO - [2026-03-10T13:39:24.463+0000] {dag.py:3089} INFO - Sync 1 DAGs
[2026-03-10T13:39:24.486+0000] {logging_mixin.py:188} INFO - [2026-03-10T13:39:24.485+0000] {dag.py:3947} INFO - Setting next_dagrun for 3_dag_GET_Current_YML_From_Cortex to None, run_after=None
[2026-03-10T13:39:24.536+0000] {processor.py:183} INFO - Processing /home/cloud/codings/airflow/dags/3_dag_GET_Current_YML_From_Cortex.py took 0.182 seconds
[2026-03-10T13:39:55.101+0000] {processor.py:161} INFO - Started process (PID=490965) to work on /home/cloud/codings/airflow/dags/3_dag_GET_Current_YML_From_Cortex.py
[2026-03-10T13:39:55.106+0000] {processor.py:830} INFO - Processing file /home/cloud/codings/airflow/dags/3_dag_GET_Current_YML_From_Cortex.py for tasks to queue
[2026-03-10T13:39:55.109+0000] {logging_mixin.py:188} INFO - [2026-03-10T13:39:55.108+0000] {dagbag.py:545} INFO - Filling up the DagBag from /home/cloud/codings/airflow/dags/3_dag_GET_Current_YML_From_Cortex.py
[2026-03-10T13:39:55.178+0000] {processor.py:840} INFO - DAG(s) '3_dag_GET_Current_YML_From_Cortex' retrieved from /home/cloud/codings/airflow/dags/3_dag_GET_Current_YML_From_Cortex.py
[2026-03-10T13:39:55.212+0000] {logging_mixin.py:188} INFO - [2026-03-10T13:39:55.211+0000] {dag.py:3089} INFO - Sync 1 DAGs
[2026-03-10T13:39:55.231+0000] {logging_mixin.py:188} INFO - [2026-03-10T13:39:55.230+0000] {dag.py:3947} INFO - Setting next_dagrun for 3_dag_GET_Current_YML_From_Cortex to None, run_after=None
[2026-03-10T13:39:55.300+0000] {processor.py:183} INFO - Processing /home/cloud/codings/airflow/dags/3_dag_GET_Current_YML_From_Cortex.py took 0.219 seconds
[2026-03-10T13:40:25.564+0000] {processor.py:161} INFO - Started process (PID=491038) to work on /home/cloud/codings/airflow/dags/3_dag_GET_Current_YML_From_Cortex.py
[2026-03-10T13:40:25.590+0000] {processor.py:830} INFO - Processing file /home/cloud/codings/airflow/dags/3_dag_GET_Current_YML_From_Cortex.py for tasks to queue
[2026-03-10T13:40:25.592+0000] {logging_mixin.py:188} INFO - [2026-03-10T13:40:25.591+0000] {dagbag.py:545} INFO - Filling up the DagBag from /home/cloud/codings/airflow/dags/3_dag_GET_Current_YML_From_Cortex.py
[2026-03-10T13:40:25.622+0000] {processor.py:840} INFO - DAG(s) '3_dag_GET_Current_YML_From_Cortex' retrieved from /home/cloud/codings/airflow/dags/3_dag_GET_Current_YML_From_Cortex.py
[2026-03-10T13:40:25.639+0000] {logging_mixin.py:188} INFO - [2026-03-10T13:40:25.639+0000] {dag.py:3089} INFO - Sync 1 DAGs
[2026-03-10T13:40:25.651+0000] {logging_mixin.py:188} INFO - [2026-03-10T13:40:25.651+0000] {dag.py:3947} INFO - Setting next_dagrun for 3_dag_GET_Current_YML_From_Cortex to None, run_after=None
[2026-03-10T13:40:25.700+0000] {processor.py:183} INFO - Processing /home/cloud/codings/airflow/dags/3_dag_GET_Current_YML_From_Cortex.py took 0.147 seconds
[2026-03-10T13:40:56.092+0000] {processor.py:161} INFO - Started process (PID=491233) to work on /home/cloud/codings/airflow/dags/3_dag_GET_Current_YML_From_Cortex.py
[2026-03-10T13:40:56.094+0000] {processor.py:830} INFO - Processing file /home/cloud/codings/airflow/dags/3_dag_GET_Current_YML_From_Cortex.py for tasks to queue
[2026-03-10T13:40:56.096+0000] {logging_mixin.py:188} INFO - [2026-03-10T13:40:56.095+0000] {dagbag.py:545} INFO - Filling up the DagBag from /home/cloud/codings/airflow/dags/3_dag_GET_Current_YML_From_Cortex.py
[2026-03-10T13:40:56.136+0000] {processor.py:840} INFO - DAG(s) '3_dag_GET_Current_YML_From_Cortex' retrieved from /home/cloud/codings/airflow/dags/3_dag_GET_Current_YML_From_Cortex.py
[2026-03-10T13:40:56.157+0000] {logging_mixin.py:188} INFO - [2026-03-10T13:40:56.156+0000] {dag.py:3089} INFO - Sync 1 DAGs
[2026-03-10T13:40:56.175+0000] {logging_mixin.py:188} INFO - [2026-03-10T13:40:56.175+0000] {dag.py:3947} INFO - Setting next_dagrun for 3_dag_GET_Current_YML_From_Cortex to None, run_after=None
[2026-03-10T13:40:56.214+0000] {processor.py:183} INFO - Processing /home/cloud/codings/airflow/dags/3_dag_GET_Current_YML_From_Cortex.py took 0.135 seconds
[2026-03-10T13:41:27.080+0000] {processor.py:161} INFO - Started process (PID=491300) to work on /home/cloud/codings/airflow/dags/3_dag_GET_Current_YML_From_Cortex.py
[2026-03-10T13:41:27.086+0000] {processor.py:830} INFO - Processing file /home/cloud/codings/airflow/dags/3_dag_GET_Current_YML_From_Cortex.py for tasks to queue
[2026-03-10T13:41:27.090+0000] {logging_mixin.py:188} INFO - [2026-03-10T13:41:27.088+0000] {dagbag.py:545} INFO - Filling up the DagBag from /home/cloud/codings/airflow/dags/3_dag_GET_Current_YML_From_Cortex.py
[2026-03-10T13:41:27.168+0000] {processor.py:840} INFO - DAG(s) '3_dag_GET_Current_YML_From_Cortex' retrieved from /home/cloud/codings/airflow/dags/3_dag_GET_Current_YML_From_Cortex.py
[2026-03-10T13:41:27.199+0000] {logging_mixin.py:188} INFO - [2026-03-10T13:41:27.199+0000] {dag.py:3089} INFO - Sync 1 DAGs
[2026-03-10T13:41:27.228+0000] {logging_mixin.py:188} INFO - [2026-03-10T13:41:27.227+0000] {dag.py:3947} INFO - Setting next_dagrun for 3_dag_GET_Current_YML_From_Cortex to None, run_after=None
[2026-03-10T13:41:27.325+0000] {processor.py:183} INFO - Processing /home/cloud/codings/airflow/dags/3_dag_GET_Current_YML_From_Cortex.py took 0.269 seconds
[2026-03-10T13:41:57.430+0000] {processor.py:161} INFO - Started process (PID=491451) to work on /home/cloud/codings/airflow/dags/3_dag_GET_Current_YML_From_Cortex.py
[2026-03-10T13:41:57.448+0000] {processor.py:830} INFO - Processing file /home/cloud/codings/airflow/dags/3_dag_GET_Current_YML_From_Cortex.py for tasks to queue
[2026-03-10T13:41:57.450+0000] {logging_mixin.py:188} INFO - [2026-03-10T13:41:57.449+0000] {dagbag.py:545} INFO - Filling up the DagBag from /home/cloud/codings/airflow/dags/3_dag_GET_Current_YML_From_Cortex.py
[2026-03-10T13:41:57.489+0000] {processor.py:840} INFO - DAG(s) '3_dag_GET_Current_YML_From_Cortex' retrieved from /home/cloud/codings/airflow/dags/3_dag_GET_Current_YML_From_Cortex.py
[2026-03-10T13:41:57.516+0000] {logging_mixin.py:188} INFO - [2026-03-10T13:41:57.516+0000] {dag.py:3089} INFO - Sync 1 DAGs
[2026-03-10T13:41:57.540+0000] {logging_mixin.py:188} INFO - [2026-03-10T13:41:57.539+0000] {dag.py:3947} INFO - Setting next_dagrun for 3_dag_GET_Current_YML_From_Cortex to None, run_after=None
[2026-03-10T13:41:57.587+0000] {processor.py:183} INFO - Processing /home/cloud/codings/airflow/dags/3_dag_GET_Current_YML_From_Cortex.py took 0.167 seconds
[2026-03-10T13:42:28.037+0000] {processor.py:161} INFO - Started process (PID=491519) to work on /home/cloud/codings/airflow/dags/3_dag_GET_Current_YML_From_Cortex.py
[2026-03-10T13:42:28.040+0000] {processor.py:830} INFO - Processing file /home/cloud/codings/airflow/dags/3_dag_GET_Current_YML_From_Cortex.py for tasks to queue
[2026-03-10T13:42:28.043+0000] {logging_mixin.py:188} INFO - [2026-03-10T13:42:28.042+0000] {dagbag.py:545} INFO - Filling up the DagBag from /home/cloud/codings/airflow/dags/3_dag_GET_Current_YML_From_Cortex.py
[2026-03-10T13:42:28.087+0000] {processor.py:840} INFO - DAG(s) '3_dag_GET_Current_YML_From_Cortex' retrieved from /home/cloud/codings/airflow/dags/3_dag_GET_Current_YML_From_Cortex.py
[2026-03-10T13:42:28.105+0000] {logging_mixin.py:188} INFO - [2026-03-10T13:42:28.105+0000] {dag.py:3089} INFO - Sync 1 DAGs
[2026-03-10T13:42:28.122+0000] {logging_mixin.py:188} INFO - [2026-03-10T13:42:28.121+0000] {dag.py:3947} INFO - Setting next_dagrun for 3_dag_GET_Current_YML_From_Cortex to None, run_after=None
[2026-03-10T13:42:28.149+0000] {processor.py:183} INFO - Processing /home/cloud/codings/airflow/dags/3_dag_GET_Current_YML_From_Cortex.py took 0.136 seconds
[2026-03-10T13:42:58.592+0000] {processor.py:161} INFO - Started process (PID=491651) to work on /home/cloud/codings/airflow/dags/3_dag_GET_Current_YML_From_Cortex.py
[2026-03-10T13:42:58.593+0000] {processor.py:830} INFO - Processing file /home/cloud/codings/airflow/dags/3_dag_GET_Current_YML_From_Cortex.py for tasks to queue
[2026-03-10T13:42:58.594+0000] {logging_mixin.py:188} INFO - [2026-03-10T13:42:58.594+0000] {dagbag.py:545} INFO - Filling up the DagBag from /home/cloud/codings/airflow/dags/3_dag_GET_Current_YML_From_Cortex.py
[2026-03-10T13:42:58.621+0000] {processor.py:840} INFO - DAG(s) '3_dag_GET_Current_YML_From_Cortex' retrieved from /home/cloud/codings/airflow/dags/3_dag_GET_Current_YML_From_Cortex.py
[2026-03-10T13:42:58.638+0000] {logging_mixin.py:188} INFO - [2026-03-10T13:42:58.638+0000] {dag.py:3089} INFO - Sync 1 DAGs
[2026-03-10T13:42:58.659+0000] {logging_mixin.py:188} INFO - [2026-03-10T13:42:58.658+0000] {dag.py:3947} INFO - Setting next_dagrun for 3_dag_GET_Current_YML_From_Cortex to None, run_after=None
[2026-03-10T13:42:58.691+0000] {processor.py:183} INFO - Processing /home/cloud/codings/airflow/dags/3_dag_GET_Current_YML_From_Cortex.py took 0.108 seconds
[2026-03-10T13:43:29.148+0000] {processor.py:161} INFO - Started process (PID=491726) to work on /home/cloud/codings/airflow/dags/3_dag_GET_Current_YML_From_Cortex.py
[2026-03-10T13:43:29.166+0000] {processor.py:830} INFO - Processing file /home/cloud/codings/airflow/dags/3_dag_GET_Current_YML_From_Cortex.py for tasks to queue
[2026-03-10T13:43:29.168+0000] {logging_mixin.py:188} INFO - [2026-03-10T13:43:29.167+0000] {dagbag.py:545} INFO - Filling up the DagBag from /home/cloud/codings/airflow/dags/3_dag_GET_Current_YML_From_Cortex.py
[2026-03-10T13:43:29.195+0000] {processor.py:840} INFO - DAG(s) '3_dag_GET_Current_YML_From_Cortex' retrieved from /home/cloud/codings/airflow/dags/3_dag_GET_Current_YML_From_Cortex.py
[2026-03-10T13:43:29.216+0000] {logging_mixin.py:188} INFO - [2026-03-10T13:43:29.216+0000] {dag.py:3089} INFO - Sync 1 DAGs
[2026-03-10T13:43:29.233+0000] {logging_mixin.py:188} INFO - [2026-03-10T13:43:29.233+0000] {dag.py:3947} INFO - Setting next_dagrun for 3_dag_GET_Current_YML_From_Cortex to None, run_after=None
[2026-03-10T13:43:29.266+0000] {processor.py:183} INFO - Processing /home/cloud/codings/airflow/dags/3_dag_GET_Current_YML_From_Cortex.py took 0.129 seconds
[2026-03-10T13:43:59.688+0000] {processor.py:161} INFO - Started process (PID=491851) to work on /home/cloud/codings/airflow/dags/3_dag_GET_Current_YML_From_Cortex.py
[2026-03-10T13:43:59.692+0000] {processor.py:830} INFO - Processing file /home/cloud/codings/airflow/dags/3_dag_GET_Current_YML_From_Cortex.py for tasks to queue
[2026-03-10T13:43:59.695+0000] {logging_mixin.py:188} INFO - [2026-03-10T13:43:59.694+0000] {dagbag.py:545} INFO - Filling up the DagBag from /home/cloud/codings/airflow/dags/3_dag_GET_Current_YML_From_Cortex.py
[2026-03-10T13:43:59.741+0000] {processor.py:840} INFO - DAG(s) '3_dag_GET_Current_YML_From_Cortex' retrieved from /home/cloud/codings/airflow/dags/3_dag_GET_Current_YML_From_Cortex.py
[2026-03-10T13:43:59.765+0000] {logging_mixin.py:188} INFO - [2026-03-10T13:43:59.765+0000] {dag.py:3089} INFO - Sync 1 DAGs
[2026-03-10T13:43:59.790+0000] {logging_mixin.py:188} INFO - [2026-03-10T13:43:59.789+0000] {dag.py:3947} INFO - Setting next_dagrun for 3_dag_GET_Current_YML_From_Cortex to None, run_after=None
[2026-03-10T13:43:59.848+0000] {processor.py:183} INFO - Processing /home/cloud/codings/airflow/dags/3_dag_GET_Current_YML_From_Cortex.py took 0.186 seconds
[2026-03-10T13:44:30.217+0000] {processor.py:161} INFO - Started process (PID=491924) to work on /home/cloud/codings/airflow/dags/3_dag_GET_Current_YML_From_Cortex.py
[2026-03-10T13:44:30.237+0000] {processor.py:830} INFO - Processing file /home/cloud/codings/airflow/dags/3_dag_GET_Current_YML_From_Cortex.py for tasks to queue
[2026-03-10T13:44:30.239+0000] {logging_mixin.py:188} INFO - [2026-03-10T13:44:30.239+0000] {dagbag.py:545} INFO - Filling up the DagBag from /home/cloud/codings/airflow/dags/3_dag_GET_Current_YML_From_Cortex.py
[2026-03-10T13:44:30.303+0000] {processor.py:840} INFO - DAG(s) '3_dag_GET_Current_YML_From_Cortex' retrieved from /home/cloud/codings/airflow/dags/3_dag_GET_Current_YML_From_Cortex.py
[2026-03-10T13:44:30.351+0000] {logging_mixin.py:188} INFO - [2026-03-10T13:44:30.350+0000] {dag.py:3089} INFO - Sync 1 DAGs
[2026-03-10T13:44:30.384+0000] {logging_mixin.py:188} INFO - [2026-03-10T13:44:30.383+0000] {dag.py:3947} INFO - Setting next_dagrun for 3_dag_GET_Current_YML_From_Cortex to None, run_after=None
[2026-03-10T13:44:30.474+0000] {processor.py:183} INFO - Processing /home/cloud/codings/airflow/dags/3_dag_GET_Current_YML_From_Cortex.py took 0.272 seconds
[2026-03-10T13:45:00.916+0000] {processor.py:161} INFO - Started process (PID=492051) to work on /home/cloud/codings/airflow/dags/3_dag_GET_Current_YML_From_Cortex.py
[2026-03-10T13:45:00.922+0000] {processor.py:830} INFO - Processing file /home/cloud/codings/airflow/dags/3_dag_GET_Current_YML_From_Cortex.py for tasks to queue
[2026-03-10T13:45:00.927+0000] {logging_mixin.py:188} INFO - [2026-03-10T13:45:00.925+0000] {dagbag.py:545} INFO - Filling up the DagBag from /home/cloud/codings/airflow/dags/3_dag_GET_Current_YML_From_Cortex.py
[2026-03-10T13:45:01.040+0000] {processor.py:840} INFO - DAG(s) '3_dag_GET_Current_YML_From_Cortex' retrieved from /home/cloud/codings/airflow/dags/3_dag_GET_Current_YML_From_Cortex.py
[2026-03-10T13:45:01.088+0000] {logging_mixin.py:188} INFO - [2026-03-10T13:45:01.087+0000] {dag.py:3089} INFO - Sync 1 DAGs
[2026-03-10T13:45:01.107+0000] {logging_mixin.py:188} INFO - [2026-03-10T13:45:01.106+0000] {dag.py:3947} INFO - Setting next_dagrun for 3_dag_GET_Current_YML_From_Cortex to None, run_after=None
[2026-03-10T13:45:01.161+0000] {processor.py:183} INFO - Processing /home/cloud/codings/airflow/dags/3_dag_GET_Current_YML_From_Cortex.py took 0.273 seconds
[2026-03-10T13:45:31.413+0000] {processor.py:161} INFO - Started process (PID=492118) to work on /home/cloud/codings/airflow/dags/3_dag_GET_Current_YML_From_Cortex.py
[2026-03-10T13:45:31.415+0000] {processor.py:830} INFO - Processing file /home/cloud/codings/airflow/dags/3_dag_GET_Current_YML_From_Cortex.py for tasks to queue
[2026-03-10T13:45:31.416+0000] {logging_mixin.py:188} INFO - [2026-03-10T13:45:31.415+0000] {dagbag.py:545} INFO - Filling up the DagBag from /home/cloud/codings/airflow/dags/3_dag_GET_Current_YML_From_Cortex.py
[2026-03-10T13:45:31.437+0000] {processor.py:840} INFO - DAG(s) '3_dag_GET_Current_YML_From_Cortex' retrieved from /home/cloud/codings/airflow/dags/3_dag_GET_Current_YML_From_Cortex.py
[2026-03-10T13:45:31.452+0000] {logging_mixin.py:188} INFO - [2026-03-10T13:45:31.452+0000] {dag.py:3089} INFO - Sync 1 DAGs
[2026-03-10T13:45:31.465+0000] {logging_mixin.py:188} INFO - [2026-03-10T13:45:31.465+0000] {dag.py:3947} INFO - Setting next_dagrun for 3_dag_GET_Current_YML_From_Cortex to None, run_after=None
[2026-03-10T13:45:31.491+0000] {processor.py:183} INFO - Processing /home/cloud/codings/airflow/dags/3_dag_GET_Current_YML_From_Cortex.py took 0.085 seconds
[2026-03-10T13:46:02.027+0000] {processor.py:161} INFO - Started process (PID=492309) to work on /home/cloud/codings/airflow/dags/3_dag_GET_Current_YML_From_Cortex.py
[2026-03-10T13:46:02.041+0000] {processor.py:830} INFO - Processing file /home/cloud/codings/airflow/dags/3_dag_GET_Current_YML_From_Cortex.py for tasks to queue
[2026-03-10T13:46:02.043+0000] {logging_mixin.py:188} INFO - [2026-03-10T13:46:02.042+0000] {dagbag.py:545} INFO - Filling up the DagBag from /home/cloud/codings/airflow/dags/3_dag_GET_Current_YML_From_Cortex.py
[2026-03-10T13:46:02.080+0000] {processor.py:840} INFO - DAG(s) '3_dag_GET_Current_YML_From_Cortex' retrieved from /home/cloud/codings/airflow/dags/3_dag_GET_Current_YML_From_Cortex.py
[2026-03-10T13:46:02.110+0000] {logging_mixin.py:188} INFO - [2026-03-10T13:46:02.109+0000] {dag.py:3089} INFO - Sync 1 DAGs
[2026-03-10T13:46:02.135+0000] {logging_mixin.py:188} INFO - [2026-03-10T13:46:02.134+0000] {dag.py:3947} INFO - Setting next_dagrun for 3_dag_GET_Current_YML_From_Cortex to None, run_after=None
[2026-03-10T13:46:02.212+0000] {processor.py:183} INFO - Processing /home/cloud/codings/airflow/dags/3_dag_GET_Current_YML_From_Cortex.py took 0.193 seconds
[2026-03-10T13:46:32.571+0000] {processor.py:161} INFO - Started process (PID=492381) to work on /home/cloud/codings/airflow/dags/3_dag_GET_Current_YML_From_Cortex.py
[2026-03-10T13:46:32.574+0000] {processor.py:830} INFO - Processing file /home/cloud/codings/airflow/dags/3_dag_GET_Current_YML_From_Cortex.py for tasks to queue
[2026-03-10T13:46:32.576+0000] {logging_mixin.py:188} INFO - [2026-03-10T13:46:32.575+0000] {dagbag.py:545} INFO - Filling up the DagBag from /home/cloud/codings/airflow/dags/3_dag_GET_Current_YML_From_Cortex.py
[2026-03-10T13:46:32.629+0000] {processor.py:840} INFO - DAG(s) '3_dag_GET_Current_YML_From_Cortex' retrieved from /home/cloud/codings/airflow/dags/3_dag_GET_Current_YML_From_Cortex.py
[2026-03-10T13:46:32.668+0000] {logging_mixin.py:188} INFO - [2026-03-10T13:46:32.667+0000] {dag.py:3089} INFO - Sync 1 DAGs
[2026-03-10T13:46:32.699+0000] {logging_mixin.py:188} INFO - [2026-03-10T13:46:32.697+0000] {dag.py:3947} INFO - Setting next_dagrun for 3_dag_GET_Current_YML_From_Cortex to None, run_after=None
[2026-03-10T13:46:32.778+0000] {processor.py:183} INFO - Processing /home/cloud/codings/airflow/dags/3_dag_GET_Current_YML_From_Cortex.py took 0.223 seconds
[2026-03-10T13:47:03.232+0000] {processor.py:161} INFO - Started process (PID=492510) to work on /home/cloud/codings/airflow/dags/3_dag_GET_Current_YML_From_Cortex.py
[2026-03-10T13:47:03.250+0000] {processor.py:830} INFO - Processing file /home/cloud/codings/airflow/dags/3_dag_GET_Current_YML_From_Cortex.py for tasks to queue
[2026-03-10T13:47:03.252+0000] {logging_mixin.py:188} INFO - [2026-03-10T13:47:03.251+0000] {dagbag.py:545} INFO - Filling up the DagBag from /home/cloud/codings/airflow/dags/3_dag_GET_Current_YML_From_Cortex.py
[2026-03-10T13:47:03.291+0000] {processor.py:840} INFO - DAG(s) '3_dag_GET_Current_YML_From_Cortex' retrieved from /home/cloud/codings/airflow/dags/3_dag_GET_Current_YML_From_Cortex.py
[2026-03-10T13:47:03.317+0000] {logging_mixin.py:188} INFO - [2026-03-10T13:47:03.317+0000] {dag.py:3089} INFO - Sync 1 DAGs
[2026-03-10T13:47:03.343+0000] {logging_mixin.py:188} INFO - [2026-03-10T13:47:03.343+0000] {dag.py:3947} INFO - Setting next_dagrun for 3_dag_GET_Current_YML_From_Cortex to None, run_after=None
[2026-03-10T13:47:03.384+0000] {processor.py:183} INFO - Processing /home/cloud/codings/airflow/dags/3_dag_GET_Current_YML_From_Cortex.py took 0.163 seconds
[2026-03-10T13:47:33.773+0000] {processor.py:161} INFO - Started process (PID=492583) to work on /home/cloud/codings/airflow/dags/3_dag_GET_Current_YML_From_Cortex.py
[2026-03-10T13:47:33.776+0000] {processor.py:830} INFO - Processing file /home/cloud/codings/airflow/dags/3_dag_GET_Current_YML_From_Cortex.py for tasks to queue
[2026-03-10T13:47:33.779+0000] {logging_mixin.py:188} INFO - [2026-03-10T13:47:33.777+0000] {dagbag.py:545} INFO - Filling up the DagBag from /home/cloud/codings/airflow/dags/3_dag_GET_Current_YML_From_Cortex.py
[2026-03-10T13:47:33.825+0000] {processor.py:840} INFO - DAG(s) '3_dag_GET_Current_YML_From_Cortex' retrieved from /home/cloud/codings/airflow/dags/3_dag_GET_Current_YML_From_Cortex.py
[2026-03-10T13:47:33.854+0000] {logging_mixin.py:188} INFO - [2026-03-10T13:47:33.854+0000] {dag.py:3089} INFO - Sync 1 DAGs
[2026-03-10T13:47:33.876+0000] {logging_mixin.py:188} INFO - [2026-03-10T13:47:33.876+0000] {dag.py:3947} INFO - Setting next_dagrun for 3_dag_GET_Current_YML_From_Cortex to None, run_after=None
[2026-03-10T13:47:33.947+0000] {processor.py:183} INFO - Processing /home/cloud/codings/airflow/dags/3_dag_GET_Current_YML_From_Cortex.py took 0.187 seconds
[2026-03-10T13:48:04.277+0000] {processor.py:161} INFO - Started process (PID=492710) to work on /home/cloud/codings/airflow/dags/3_dag_GET_Current_YML_From_Cortex.py
[2026-03-10T13:48:04.280+0000] {processor.py:830} INFO - Processing file /home/cloud/codings/airflow/dags/3_dag_GET_Current_YML_From_Cortex.py for tasks to queue
[2026-03-10T13:48:04.282+0000] {logging_mixin.py:188} INFO - [2026-03-10T13:48:04.281+0000] {dagbag.py:545} INFO - Filling up the DagBag from /home/cloud/codings/airflow/dags/3_dag_GET_Current_YML_From_Cortex.py
[2026-03-10T13:48:04.321+0000] {processor.py:840} INFO - DAG(s) '3_dag_GET_Current_YML_From_Cortex' retrieved from /home/cloud/codings/airflow/dags/3_dag_GET_Current_YML_From_Cortex.py
[2026-03-10T13:48:04.349+0000] {logging_mixin.py:188} INFO - [2026-03-10T13:48:04.348+0000] {dag.py:3089} INFO - Sync 1 DAGs
[2026-03-10T13:48:04.373+0000] {logging_mixin.py:188} INFO - [2026-03-10T13:48:04.372+0000] {dag.py:3947} INFO - Setting next_dagrun for 3_dag_GET_Current_YML_From_Cortex to None, run_after=None
[2026-03-10T13:48:04.416+0000] {processor.py:183} INFO - Processing /home/cloud/codings/airflow/dags/3_dag_GET_Current_YML_From_Cortex.py took 0.149 seconds
[2026-03-10T13:48:34.918+0000] {processor.py:161} INFO - Started process (PID=492783) to work on /home/cloud/codings/airflow/dags/3_dag_GET_Current_YML_From_Cortex.py
[2026-03-10T13:48:34.937+0000] {processor.py:830} INFO - Processing file /home/cloud/codings/airflow/dags/3_dag_GET_Current_YML_From_Cortex.py for tasks to queue
[2026-03-10T13:48:34.939+0000] {logging_mixin.py:188} INFO - [2026-03-10T13:48:34.938+0000] {dagbag.py:545} INFO - Filling up the DagBag from /home/cloud/codings/airflow/dags/3_dag_GET_Current_YML_From_Cortex.py
[2026-03-10T13:48:34.985+0000] {processor.py:840} INFO - DAG(s) '3_dag_GET_Current_YML_From_Cortex' retrieved from /home/cloud/codings/airflow/dags/3_dag_GET_Current_YML_From_Cortex.py
[2026-03-10T13:48:35.005+0000] {logging_mixin.py:188} INFO - [2026-03-10T13:48:35.005+0000] {dag.py:3089} INFO - Sync 1 DAGs
[2026-03-10T13:48:35.017+0000] {logging_mixin.py:188} INFO - [2026-03-10T13:48:35.017+0000] {dag.py:3947} INFO - Setting next_dagrun for 3_dag_GET_Current_YML_From_Cortex to None, run_after=None
[2026-03-10T13:48:35.042+0000] {processor.py:183} INFO - Processing /home/cloud/codings/airflow/dags/3_dag_GET_Current_YML_From_Cortex.py took 0.138 seconds
[2026-03-10T13:49:05.566+0000] {processor.py:161} INFO - Started process (PID=492908) to work on /home/cloud/codings/airflow/dags/3_dag_GET_Current_YML_From_Cortex.py
[2026-03-10T13:49:05.586+0000] {processor.py:830} INFO - Processing file /home/cloud/codings/airflow/dags/3_dag_GET_Current_YML_From_Cortex.py for tasks to queue
[2026-03-10T13:49:05.588+0000] {logging_mixin.py:188} INFO - [2026-03-10T13:49:05.587+0000] {dagbag.py:545} INFO - Filling up the DagBag from /home/cloud/codings/airflow/dags/3_dag_GET_Current_YML_From_Cortex.py
[2026-03-10T13:49:05.646+0000] {processor.py:840} INFO - DAG(s) '3_dag_GET_Current_YML_From_Cortex' retrieved from /home/cloud/codings/airflow/dags/3_dag_GET_Current_YML_From_Cortex.py
[2026-03-10T13:49:05.692+0000] {logging_mixin.py:188} INFO - [2026-03-10T13:49:05.692+0000] {dag.py:3089} INFO - Sync 1 DAGs
[2026-03-10T13:49:05.739+0000] {logging_mixin.py:188} INFO - [2026-03-10T13:49:05.738+0000] {dag.py:3947} INFO - Setting next_dagrun for 3_dag_GET_Current_YML_From_Cortex to None, run_after=None
[2026-03-10T13:49:05.794+0000] {processor.py:183} INFO - Processing /home/cloud/codings/airflow/dags/3_dag_GET_Current_YML_From_Cortex.py took 0.243 seconds
[2026-03-10T13:49:36.362+0000] {processor.py:161} INFO - Started process (PID=492983) to work on /home/cloud/codings/airflow/dags/3_dag_GET_Current_YML_From_Cortex.py
[2026-03-10T13:49:36.382+0000] {processor.py:830} INFO - Processing file /home/cloud/codings/airflow/dags/3_dag_GET_Current_YML_From_Cortex.py for tasks to queue
[2026-03-10T13:49:36.386+0000] {logging_mixin.py:188} INFO - [2026-03-10T13:49:36.384+0000] {dagbag.py:545} INFO - Filling up the DagBag from /home/cloud/codings/airflow/dags/3_dag_GET_Current_YML_From_Cortex.py
[2026-03-10T13:49:36.466+0000] {processor.py:840} INFO - DAG(s) '3_dag_GET_Current_YML_From_Cortex' retrieved from /home/cloud/codings/airflow/dags/3_dag_GET_Current_YML_From_Cortex.py
[2026-03-10T13:49:36.523+0000] {logging_mixin.py:188} INFO - [2026-03-10T13:49:36.522+0000] {dag.py:3089} INFO - Sync 1 DAGs
[2026-03-10T13:49:36.574+0000] {logging_mixin.py:188} INFO - [2026-03-10T13:49:36.573+0000] {dag.py:3947} INFO - Setting next_dagrun for 3_dag_GET_Current_YML_From_Cortex to None, run_after=None
[2026-03-10T13:49:36.649+0000] {processor.py:183} INFO - Processing /home/cloud/codings/airflow/dags/3_dag_GET_Current_YML_From_Cortex.py took 0.311 seconds
[2026-03-10T13:50:06.965+0000] {processor.py:161} INFO - Started process (PID=493114) to work on /home/cloud/codings/airflow/dags/3_dag_GET_Current_YML_From_Cortex.py
[2026-03-10T13:50:06.984+0000] {processor.py:830} INFO - Processing file /home/cloud/codings/airflow/dags/3_dag_GET_Current_YML_From_Cortex.py for tasks to queue
[2026-03-10T13:50:06.986+0000] {logging_mixin.py:188} INFO - [2026-03-10T13:50:06.985+0000] {dagbag.py:545} INFO - Filling up the DagBag from /home/cloud/codings/airflow/dags/3_dag_GET_Current_YML_From_Cortex.py
[2026-03-10T13:50:07.030+0000] {processor.py:840} INFO - DAG(s) '3_dag_GET_Current_YML_From_Cortex' retrieved from /home/cloud/codings/airflow/dags/3_dag_GET_Current_YML_From_Cortex.py
[2026-03-10T13:50:07.056+0000] {logging_mixin.py:188} INFO - [2026-03-10T13:50:07.056+0000] {dag.py:3089} INFO - Sync 1 DAGs
[2026-03-10T13:50:07.081+0000] {logging_mixin.py:188} INFO - [2026-03-10T13:50:07.081+0000] {dag.py:3947} INFO - Setting next_dagrun for 3_dag_GET_Current_YML_From_Cortex to None, run_after=None
[2026-03-10T13:50:07.124+0000] {processor.py:183} INFO - Processing /home/cloud/codings/airflow/dags/3_dag_GET_Current_YML_From_Cortex.py took 0.175 seconds
[2026-03-10T13:50:37.573+0000] {processor.py:161} INFO - Started process (PID=493243) to work on /home/cloud/codings/airflow/dags/3_dag_GET_Current_YML_From_Cortex.py
[2026-03-10T13:50:37.575+0000] {processor.py:830} INFO - Processing file /home/cloud/codings/airflow/dags/3_dag_GET_Current_YML_From_Cortex.py for tasks to queue
[2026-03-10T13:50:37.579+0000] {logging_mixin.py:188} INFO - [2026-03-10T13:50:37.577+0000] {dagbag.py:545} INFO - Filling up the DagBag from /home/cloud/codings/airflow/dags/3_dag_GET_Current_YML_From_Cortex.py
[2026-03-10T13:50:37.670+0000] {processor.py:840} INFO - DAG(s) '3_dag_GET_Current_YML_From_Cortex' retrieved from /home/cloud/codings/airflow/dags/3_dag_GET_Current_YML_From_Cortex.py
[2026-03-10T13:50:37.705+0000] {logging_mixin.py:188} INFO - [2026-03-10T13:50:37.705+0000] {dag.py:3089} INFO - Sync 1 DAGs
[2026-03-10T13:50:37.730+0000] {logging_mixin.py:188} INFO - [2026-03-10T13:50:37.730+0000] {dag.py:3947} INFO - Setting next_dagrun for 3_dag_GET_Current_YML_From_Cortex to None, run_after=None
[2026-03-10T13:50:37.800+0000] {processor.py:183} INFO - Processing /home/cloud/codings/airflow/dags/3_dag_GET_Current_YML_From_Cortex.py took 0.239 seconds
[2026-03-10T13:51:08.250+0000] {processor.py:161} INFO - Started process (PID=493374) to work on /home/cloud/codings/airflow/dags/3_dag_GET_Current_YML_From_Cortex.py
[2026-03-10T13:51:08.285+0000] {processor.py:830} INFO - Processing file /home/cloud/codings/airflow/dags/3_dag_GET_Current_YML_From_Cortex.py for tasks to queue
[2026-03-10T13:51:08.289+0000] {logging_mixin.py:188} INFO - [2026-03-10T13:51:08.287+0000] {dagbag.py:545} INFO - Filling up the DagBag from /home/cloud/codings/airflow/dags/3_dag_GET_Current_YML_From_Cortex.py
[2026-03-10T13:51:08.353+0000] {processor.py:840} INFO - DAG(s) '3_dag_GET_Current_YML_From_Cortex' retrieved from /home/cloud/codings/airflow/dags/3_dag_GET_Current_YML_From_Cortex.py
[2026-03-10T13:51:08.385+0000] {logging_mixin.py:188} INFO - [2026-03-10T13:51:08.385+0000] {dag.py:3089} INFO - Sync 1 DAGs
[2026-03-10T13:51:08.413+0000] {logging_mixin.py:188} INFO - [2026-03-10T13:51:08.413+0000] {dag.py:3947} INFO - Setting next_dagrun for 3_dag_GET_Current_YML_From_Cortex to None, run_after=None
[2026-03-10T13:51:08.528+0000] {processor.py:183} INFO - Processing /home/cloud/codings/airflow/dags/3_dag_GET_Current_YML_From_Cortex.py took 0.301 seconds
[2026-03-10T13:51:39.229+0000] {processor.py:161} INFO - Started process (PID=493447) to work on /home/cloud/codings/airflow/dags/3_dag_GET_Current_YML_From_Cortex.py
[2026-03-10T13:51:39.257+0000] {processor.py:830} INFO - Processing file /home/cloud/codings/airflow/dags/3_dag_GET_Current_YML_From_Cortex.py for tasks to queue
[2026-03-10T13:51:39.262+0000] {logging_mixin.py:188} INFO - [2026-03-10T13:51:39.260+0000] {dagbag.py:545} INFO - Filling up the DagBag from /home/cloud/codings/airflow/dags/3_dag_GET_Current_YML_From_Cortex.py
[2026-03-10T13:51:39.331+0000] {processor.py:840} INFO - DAG(s) '3_dag_GET_Current_YML_From_Cortex' retrieved from /home/cloud/codings/airflow/dags/3_dag_GET_Current_YML_From_Cortex.py
[2026-03-10T13:51:39.349+0000] {logging_mixin.py:188} INFO - [2026-03-10T13:51:39.349+0000] {dag.py:3089} INFO - Sync 1 DAGs
[2026-03-10T13:51:39.360+0000] {logging_mixin.py:188} INFO - [2026-03-10T13:51:39.360+0000] {dag.py:3947} INFO - Setting next_dagrun for 3_dag_GET_Current_YML_From_Cortex to None, run_after=None
[2026-03-10T13:51:39.424+0000] {processor.py:183} INFO - Processing /home/cloud/codings/airflow/dags/3_dag_GET_Current_YML_From_Cortex.py took 0.211 seconds
[2026-03-10T13:52:09.872+0000] {processor.py:161} INFO - Started process (PID=493575) to work on /home/cloud/codings/airflow/dags/3_dag_GET_Current_YML_From_Cortex.py
[2026-03-10T13:52:09.890+0000] {processor.py:830} INFO - Processing file /home/cloud/codings/airflow/dags/3_dag_GET_Current_YML_From_Cortex.py for tasks to queue
[2026-03-10T13:52:09.891+0000] {logging_mixin.py:188} INFO - [2026-03-10T13:52:09.891+0000] {dagbag.py:545} INFO - Filling up the DagBag from /home/cloud/codings/airflow/dags/3_dag_GET_Current_YML_From_Cortex.py
[2026-03-10T13:52:09.924+0000] {processor.py:840} INFO - DAG(s) '3_dag_GET_Current_YML_From_Cortex' retrieved from /home/cloud/codings/airflow/dags/3_dag_GET_Current_YML_From_Cortex.py
[2026-03-10T13:52:09.939+0000] {logging_mixin.py:188} INFO - [2026-03-10T13:52:09.939+0000] {dag.py:3089} INFO - Sync 1 DAGs
[2026-03-10T13:52:09.951+0000] {logging_mixin.py:188} INFO - [2026-03-10T13:52:09.951+0000] {dag.py:3947} INFO - Setting next_dagrun for 3_dag_GET_Current_YML_From_Cortex to None, run_after=None
[2026-03-10T13:52:09.975+0000] {processor.py:183} INFO - Processing /home/cloud/codings/airflow/dags/3_dag_GET_Current_YML_From_Cortex.py took 0.115 seconds
[2026-03-10T13:52:40.456+0000] {processor.py:161} INFO - Started process (PID=493648) to work on /home/cloud/codings/airflow/dags/3_dag_GET_Current_YML_From_Cortex.py
[2026-03-10T13:52:40.474+0000] {processor.py:830} INFO - Processing file /home/cloud/codings/airflow/dags/3_dag_GET_Current_YML_From_Cortex.py for tasks to queue
[2026-03-10T13:52:40.476+0000] {logging_mixin.py:188} INFO - [2026-03-10T13:52:40.476+0000] {dagbag.py:545} INFO - Filling up the DagBag from /home/cloud/codings/airflow/dags/3_dag_GET_Current_YML_From_Cortex.py
[2026-03-10T13:52:40.519+0000] {processor.py:840} INFO - DAG(s) '3_dag_GET_Current_YML_From_Cortex' retrieved from /home/cloud/codings/airflow/dags/3_dag_GET_Current_YML_From_Cortex.py
[2026-03-10T13:52:40.542+0000] {logging_mixin.py:188} INFO - [2026-03-10T13:52:40.542+0000] {dag.py:3089} INFO - Sync 1 DAGs
[2026-03-10T13:52:40.556+0000] {logging_mixin.py:188} INFO - [2026-03-10T13:52:40.556+0000] {dag.py:3947} INFO - Setting next_dagrun for 3_dag_GET_Current_YML_From_Cortex to None, run_after=None
[2026-03-10T13:52:40.592+0000] {processor.py:183} INFO - Processing /home/cloud/codings/airflow/dags/3_dag_GET_Current_YML_From_Cortex.py took 0.145 seconds
[2026-03-10T13:53:10.882+0000] {processor.py:161} INFO - Started process (PID=493778) to work on /home/cloud/codings/airflow/dags/3_dag_GET_Current_YML_From_Cortex.py
[2026-03-10T13:53:10.887+0000] {processor.py:830} INFO - Processing file /home/cloud/codings/airflow/dags/3_dag_GET_Current_YML_From_Cortex.py for tasks to queue
[2026-03-10T13:53:10.890+0000] {logging_mixin.py:188} INFO - [2026-03-10T13:53:10.888+0000] {dagbag.py:545} INFO - Filling up the DagBag from /home/cloud/codings/airflow/dags/3_dag_GET_Current_YML_From_Cortex.py
[2026-03-10T13:53:10.935+0000] {processor.py:840} INFO - DAG(s) '3_dag_GET_Current_YML_From_Cortex' retrieved from /home/cloud/codings/airflow/dags/3_dag_GET_Current_YML_From_Cortex.py
[2026-03-10T13:53:10.963+0000] {logging_mixin.py:188} INFO - [2026-03-10T13:53:10.962+0000] {dag.py:3089} INFO - Sync 1 DAGs
[2026-03-10T13:53:10.985+0000] {logging_mixin.py:188} INFO - [2026-03-10T13:53:10.985+0000] {dag.py:3947} INFO - Setting next_dagrun for 3_dag_GET_Current_YML_From_Cortex to None, run_after=None
[2026-03-10T13:53:11.010+0000] {processor.py:183} INFO - Processing /home/cloud/codings/airflow/dags/3_dag_GET_Current_YML_From_Cortex.py took 0.156 seconds
[2026-03-10T13:53:41.515+0000] {processor.py:161} INFO - Started process (PID=493851) to work on /home/cloud/codings/airflow/dags/3_dag_GET_Current_YML_From_Cortex.py
[2026-03-10T13:53:41.533+0000] {processor.py:830} INFO - Processing file /home/cloud/codings/airflow/dags/3_dag_GET_Current_YML_From_Cortex.py for tasks to queue
[2026-03-10T13:53:41.535+0000] {logging_mixin.py:188} INFO - [2026-03-10T13:53:41.534+0000] {dagbag.py:545} INFO - Filling up the DagBag from /home/cloud/codings/airflow/dags/3_dag_GET_Current_YML_From_Cortex.py
[2026-03-10T13:53:41.574+0000] {processor.py:840} INFO - DAG(s) '3_dag_GET_Current_YML_From_Cortex' retrieved from /home/cloud/codings/airflow/dags/3_dag_GET_Current_YML_From_Cortex.py
[2026-03-10T13:53:41.600+0000] {logging_mixin.py:188} INFO - [2026-03-10T13:53:41.600+0000] {dag.py:3089} INFO - Sync 1 DAGs
[2026-03-10T13:53:41.620+0000] {logging_mixin.py:188} INFO - [2026-03-10T13:53:41.620+0000] {dag.py:3947} INFO - Setting next_dagrun for 3_dag_GET_Current_YML_From_Cortex to None, run_after=None
[2026-03-10T13:53:41.693+0000] {processor.py:183} INFO - Processing /home/cloud/codings/airflow/dags/3_dag_GET_Current_YML_From_Cortex.py took 0.190 seconds
[2026-03-10T13:54:12.192+0000] {processor.py:161} INFO - Started process (PID=493976) to work on /home/cloud/codings/airflow/dags/3_dag_GET_Current_YML_From_Cortex.py
[2026-03-10T13:54:12.211+0000] {processor.py:830} INFO - Processing file /home/cloud/codings/airflow/dags/3_dag_GET_Current_YML_From_Cortex.py for tasks to queue
[2026-03-10T13:54:12.215+0000] {logging_mixin.py:188} INFO - [2026-03-10T13:54:12.214+0000] {dagbag.py:545} INFO - Filling up the DagBag from /home/cloud/codings/airflow/dags/3_dag_GET_Current_YML_From_Cortex.py
[2026-03-10T13:54:12.297+0000] {processor.py:840} INFO - DAG(s) '3_dag_GET_Current_YML_From_Cortex' retrieved from /home/cloud/codings/airflow/dags/3_dag_GET_Current_YML_From_Cortex.py
[2026-03-10T13:54:12.359+0000] {logging_mixin.py:188} INFO - [2026-03-10T13:54:12.357+0000] {dag.py:3089} INFO - Sync 1 DAGs
[2026-03-10T13:54:12.414+0000] {logging_mixin.py:188} INFO - [2026-03-10T13:54:12.413+0000] {dag.py:3947} INFO - Setting next_dagrun for 3_dag_GET_Current_YML_From_Cortex to None, run_after=None
[2026-03-10T13:54:12.502+0000] {processor.py:183} INFO - Processing /home/cloud/codings/airflow/dags/3_dag_GET_Current_YML_From_Cortex.py took 0.333 seconds
[2026-03-10T13:54:42.885+0000] {processor.py:161} INFO - Started process (PID=494049) to work on /home/cloud/codings/airflow/dags/3_dag_GET_Current_YML_From_Cortex.py
[2026-03-10T13:54:42.904+0000] {processor.py:830} INFO - Processing file /home/cloud/codings/airflow/dags/3_dag_GET_Current_YML_From_Cortex.py for tasks to queue
[2026-03-10T13:54:42.906+0000] {logging_mixin.py:188} INFO - [2026-03-10T13:54:42.905+0000] {dagbag.py:545} INFO - Filling up the DagBag from /home/cloud/codings/airflow/dags/3_dag_GET_Current_YML_From_Cortex.py
[2026-03-10T13:54:42.948+0000] {processor.py:840} INFO - DAG(s) '3_dag_GET_Current_YML_From_Cortex' retrieved from /home/cloud/codings/airflow/dags/3_dag_GET_Current_YML_From_Cortex.py
[2026-03-10T13:54:42.976+0000] {logging_mixin.py:188} INFO - [2026-03-10T13:54:42.975+0000] {dag.py:3089} INFO - Sync 1 DAGs
[2026-03-10T13:54:42.998+0000] {logging_mixin.py:188} INFO - [2026-03-10T13:54:42.998+0000] {dag.py:3947} INFO - Setting next_dagrun for 3_dag_GET_Current_YML_From_Cortex to None, run_after=None
[2026-03-10T13:54:43.030+0000] {processor.py:183} INFO - Processing /home/cloud/codings/airflow/dags/3_dag_GET_Current_YML_From_Cortex.py took 0.150 seconds
[2026-03-10T13:55:13.389+0000] {processor.py:161} INFO - Started process (PID=494182) to work on /home/cloud/codings/airflow/dags/3_dag_GET_Current_YML_From_Cortex.py
[2026-03-10T13:55:13.407+0000] {processor.py:830} INFO - Processing file /home/cloud/codings/airflow/dags/3_dag_GET_Current_YML_From_Cortex.py for tasks to queue
[2026-03-10T13:55:13.409+0000] {logging_mixin.py:188} INFO - [2026-03-10T13:55:13.408+0000] {dagbag.py:545} INFO - Filling up the DagBag from /home/cloud/codings/airflow/dags/3_dag_GET_Current_YML_From_Cortex.py
[2026-03-10T13:55:13.444+0000] {processor.py:840} INFO - DAG(s) '3_dag_GET_Current_YML_From_Cortex' retrieved from /home/cloud/codings/airflow/dags/3_dag_GET_Current_YML_From_Cortex.py
[2026-03-10T13:55:13.466+0000] {logging_mixin.py:188} INFO - [2026-03-10T13:55:13.466+0000] {dag.py:3089} INFO - Sync 1 DAGs
[2026-03-10T13:55:13.484+0000] {logging_mixin.py:188} INFO - [2026-03-10T13:55:13.483+0000] {dag.py:3947} INFO - Setting next_dagrun for 3_dag_GET_Current_YML_From_Cortex to None, run_after=None
[2026-03-10T13:55:13.517+0000] {processor.py:183} INFO - Processing /home/cloud/codings/airflow/dags/3_dag_GET_Current_YML_From_Cortex.py took 0.133 seconds
[2026-03-10T13:55:44.012+0000] {processor.py:161} INFO - Started process (PID=494438) to work on /home/cloud/codings/airflow/dags/3_dag_GET_Current_YML_From_Cortex.py
[2026-03-10T13:55:44.031+0000] {processor.py:830} INFO - Processing file /home/cloud/codings/airflow/dags/3_dag_GET_Current_YML_From_Cortex.py for tasks to queue
[2026-03-10T13:55:44.033+0000] {logging_mixin.py:188} INFO - [2026-03-10T13:55:44.032+0000] {dagbag.py:545} INFO - Filling up the DagBag from /home/cloud/codings/airflow/dags/3_dag_GET_Current_YML_From_Cortex.py
[2026-03-10T13:55:44.099+0000] {processor.py:840} INFO - DAG(s) '3_dag_GET_Current_YML_From_Cortex' retrieved from /home/cloud/codings/airflow/dags/3_dag_GET_Current_YML_From_Cortex.py
[2026-03-10T13:55:44.125+0000] {logging_mixin.py:188} INFO - [2026-03-10T13:55:44.125+0000] {dag.py:3089} INFO - Sync 1 DAGs
[2026-03-10T13:55:44.142+0000] {logging_mixin.py:188} INFO - [2026-03-10T13:55:44.142+0000] {dag.py:3947} INFO - Setting next_dagrun for 3_dag_GET_Current_YML_From_Cortex to None, run_after=None
[2026-03-10T13:55:44.192+0000] {processor.py:183} INFO - Processing /home/cloud/codings/airflow/dags/3_dag_GET_Current_YML_From_Cortex.py took 0.198 seconds
[2026-03-10T13:56:14.742+0000] {processor.py:161} INFO - Started process (PID=494596) to work on /home/cloud/codings/airflow/dags/3_dag_GET_Current_YML_From_Cortex.py
[2026-03-10T13:56:14.745+0000] {processor.py:830} INFO - Processing file /home/cloud/codings/airflow/dags/3_dag_GET_Current_YML_From_Cortex.py for tasks to queue
[2026-03-10T13:56:14.748+0000] {logging_mixin.py:188} INFO - [2026-03-10T13:56:14.747+0000] {dagbag.py:545} INFO - Filling up the DagBag from /home/cloud/codings/airflow/dags/3_dag_GET_Current_YML_From_Cortex.py
[2026-03-10T13:56:14.805+0000] {processor.py:840} INFO - DAG(s) '3_dag_GET_Current_YML_From_Cortex' retrieved from /home/cloud/codings/airflow/dags/3_dag_GET_Current_YML_From_Cortex.py
[2026-03-10T13:56:14.847+0000] {logging_mixin.py:188} INFO - [2026-03-10T13:56:14.846+0000] {dag.py:3089} INFO - Sync 1 DAGs
[2026-03-10T13:56:14.879+0000] {logging_mixin.py:188} INFO - [2026-03-10T13:56:14.878+0000] {dag.py:3947} INFO - Setting next_dagrun for 3_dag_GET_Current_YML_From_Cortex to None, run_after=None
[2026-03-10T13:56:14.920+0000] {processor.py:183} INFO - Processing /home/cloud/codings/airflow/dags/3_dag_GET_Current_YML_From_Cortex.py took 0.195 seconds
[2026-03-10T13:56:45.432+0000] {processor.py:161} INFO - Started process (PID=494663) to work on /home/cloud/codings/airflow/dags/3_dag_GET_Current_YML_From_Cortex.py
[2026-03-10T13:56:45.452+0000] {processor.py:830} INFO - Processing file /home/cloud/codings/airflow/dags/3_dag_GET_Current_YML_From_Cortex.py for tasks to queue
[2026-03-10T13:56:45.455+0000] {logging_mixin.py:188} INFO - [2026-03-10T13:56:45.454+0000] {dagbag.py:545} INFO - Filling up the DagBag from /home/cloud/codings/airflow/dags/3_dag_GET_Current_YML_From_Cortex.py
[2026-03-10T13:56:45.502+0000] {processor.py:840} INFO - DAG(s) '3_dag_GET_Current_YML_From_Cortex' retrieved from /home/cloud/codings/airflow/dags/3_dag_GET_Current_YML_From_Cortex.py
[2026-03-10T13:56:45.530+0000] {logging_mixin.py:188} INFO - [2026-03-10T13:56:45.530+0000] {dag.py:3089} INFO - Sync 1 DAGs
[2026-03-10T13:56:45.554+0000] {logging_mixin.py:188} INFO - [2026-03-10T13:56:45.554+0000] {dag.py:3947} INFO - Setting next_dagrun for 3_dag_GET_Current_YML_From_Cortex to None, run_after=None
[2026-03-10T13:56:45.610+0000] {processor.py:183} INFO - Processing /home/cloud/codings/airflow/dags/3_dag_GET_Current_YML_From_Cortex.py took 0.207 seconds
[2026-03-10T13:57:16.070+0000] {processor.py:161} INFO - Started process (PID=494795) to work on /home/cloud/codings/airflow/dags/3_dag_GET_Current_YML_From_Cortex.py
[2026-03-10T13:57:16.089+0000] {processor.py:830} INFO - Processing file /home/cloud/codings/airflow/dags/3_dag_GET_Current_YML_From_Cortex.py for tasks to queue
[2026-03-10T13:57:16.092+0000] {logging_mixin.py:188} INFO - [2026-03-10T13:57:16.091+0000] {dagbag.py:545} INFO - Filling up the DagBag from /home/cloud/codings/airflow/dags/3_dag_GET_Current_YML_From_Cortex.py
[2026-03-10T13:57:16.142+0000] {processor.py:840} INFO - DAG(s) '3_dag_GET_Current_YML_From_Cortex' retrieved from /home/cloud/codings/airflow/dags/3_dag_GET_Current_YML_From_Cortex.py
[2026-03-10T13:57:16.175+0000] {logging_mixin.py:188} INFO - [2026-03-10T13:57:16.174+0000] {dag.py:3089} INFO - Sync 1 DAGs
[2026-03-10T13:57:16.223+0000] {logging_mixin.py:188} INFO - [2026-03-10T13:57:16.223+0000] {dag.py:3947} INFO - Setting next_dagrun for 3_dag_GET_Current_YML_From_Cortex to None, run_after=None
[2026-03-10T13:57:16.303+0000] {processor.py:183} INFO - Processing /home/cloud/codings/airflow/dags/3_dag_GET_Current_YML_From_Cortex.py took 0.263 seconds
[2026-03-10T13:57:46.684+0000] {processor.py:161} INFO - Started process (PID=494865) to work on /home/cloud/codings/airflow/dags/3_dag_GET_Current_YML_From_Cortex.py
[2026-03-10T13:57:46.687+0000] {processor.py:830} INFO - Processing file /home/cloud/codings/airflow/dags/3_dag_GET_Current_YML_From_Cortex.py for tasks to queue
[2026-03-10T13:57:46.691+0000] {logging_mixin.py:188} INFO - [2026-03-10T13:57:46.689+0000] {dagbag.py:545} INFO - Filling up the DagBag from /home/cloud/codings/airflow/dags/3_dag_GET_Current_YML_From_Cortex.py
[2026-03-10T13:57:46.725+0000] {processor.py:840} INFO - DAG(s) '3_dag_GET_Current_YML_From_Cortex' retrieved from /home/cloud/codings/airflow/dags/3_dag_GET_Current_YML_From_Cortex.py
[2026-03-10T13:57:46.740+0000] {logging_mixin.py:188} INFO - [2026-03-10T13:57:46.740+0000] {dag.py:3089} INFO - Sync 1 DAGs
[2026-03-10T13:57:46.754+0000] {logging_mixin.py:188} INFO - [2026-03-10T13:57:46.754+0000] {dag.py:3947} INFO - Setting next_dagrun for 3_dag_GET_Current_YML_From_Cortex to None, run_after=None
[2026-03-10T13:57:46.778+0000] {processor.py:183} INFO - Processing /home/cloud/codings/airflow/dags/3_dag_GET_Current_YML_From_Cortex.py took 0.117 seconds
[2026-03-10T13:58:17.205+0000] {processor.py:161} INFO - Started process (PID=494993) to work on /home/cloud/codings/airflow/dags/3_dag_GET_Current_YML_From_Cortex.py
[2026-03-10T13:58:17.208+0000] {processor.py:830} INFO - Processing file /home/cloud/codings/airflow/dags/3_dag_GET_Current_YML_From_Cortex.py for tasks to queue
[2026-03-10T13:58:17.209+0000] {logging_mixin.py:188} INFO - [2026-03-10T13:58:17.209+0000] {dagbag.py:545} INFO - Filling up the DagBag from /home/cloud/codings/airflow/dags/3_dag_GET_Current_YML_From_Cortex.py
[2026-03-10T13:58:17.269+0000] {processor.py:840} INFO - DAG(s) '3_dag_GET_Current_YML_From_Cortex' retrieved from /home/cloud/codings/airflow/dags/3_dag_GET_Current_YML_From_Cortex.py
[2026-03-10T13:58:17.334+0000] {logging_mixin.py:188} INFO - [2026-03-10T13:58:17.333+0000] {dag.py:3089} INFO - Sync 1 DAGs
[2026-03-10T13:58:17.368+0000] {logging_mixin.py:188} INFO - [2026-03-10T13:58:17.368+0000] {dag.py:3947} INFO - Setting next_dagrun for 3_dag_GET_Current_YML_From_Cortex to None, run_after=None
[2026-03-10T13:58:17.442+0000] {processor.py:183} INFO - Processing /home/cloud/codings/airflow/dags/3_dag_GET_Current_YML_From_Cortex.py took 0.249 seconds
[2026-03-10T13:58:48.113+0000] {processor.py:161} INFO - Started process (PID=495066) to work on /home/cloud/codings/airflow/dags/3_dag_GET_Current_YML_From_Cortex.py
[2026-03-10T13:58:48.132+0000] {processor.py:830} INFO - Processing file /home/cloud/codings/airflow/dags/3_dag_GET_Current_YML_From_Cortex.py for tasks to queue
[2026-03-10T13:58:48.134+0000] {logging_mixin.py:188} INFO - [2026-03-10T13:58:48.133+0000] {dagbag.py:545} INFO - Filling up the DagBag from /home/cloud/codings/airflow/dags/3_dag_GET_Current_YML_From_Cortex.py
[2026-03-10T13:58:48.184+0000] {processor.py:840} INFO - DAG(s) '3_dag_GET_Current_YML_From_Cortex' retrieved from /home/cloud/codings/airflow/dags/3_dag_GET_Current_YML_From_Cortex.py
[2026-03-10T13:58:48.259+0000] {logging_mixin.py:188} INFO - [2026-03-10T13:58:48.258+0000] {dag.py:3089} INFO - Sync 1 DAGs
[2026-03-10T13:58:48.314+0000] {logging_mixin.py:188} INFO - [2026-03-10T13:58:48.313+0000] {dag.py:3947} INFO - Setting next_dagrun for 3_dag_GET_Current_YML_From_Cortex to None, run_after=None
[2026-03-10T13:58:48.395+0000] {processor.py:183} INFO - Processing /home/cloud/codings/airflow/dags/3_dag_GET_Current_YML_From_Cortex.py took 0.293 seconds
[2026-03-10T13:59:18.756+0000] {processor.py:161} INFO - Started process (PID=495193) to work on /home/cloud/codings/airflow/dags/3_dag_GET_Current_YML_From_Cortex.py
[2026-03-10T13:59:18.775+0000] {processor.py:830} INFO - Processing file /home/cloud/codings/airflow/dags/3_dag_GET_Current_YML_From_Cortex.py for tasks to queue
[2026-03-10T13:59:18.777+0000] {logging_mixin.py:188} INFO - [2026-03-10T13:59:18.776+0000] {dagbag.py:545} INFO - Filling up the DagBag from /home/cloud/codings/airflow/dags/3_dag_GET_Current_YML_From_Cortex.py
[2026-03-10T13:59:18.828+0000] {processor.py:840} INFO - DAG(s) '3_dag_GET_Current_YML_From_Cortex' retrieved from /home/cloud/codings/airflow/dags/3_dag_GET_Current_YML_From_Cortex.py
[2026-03-10T13:59:18.856+0000] {logging_mixin.py:188} INFO - [2026-03-10T13:59:18.855+0000] {dag.py:3089} INFO - Sync 1 DAGs
[2026-03-10T13:59:18.873+0000] {logging_mixin.py:188} INFO - [2026-03-10T13:59:18.872+0000] {dag.py:3947} INFO - Setting next_dagrun for 3_dag_GET_Current_YML_From_Cortex to None, run_after=None
[2026-03-10T13:59:18.901+0000] {processor.py:183} INFO - Processing /home/cloud/codings/airflow/dags/3_dag_GET_Current_YML_From_Cortex.py took 0.159 seconds
[2026-03-10T13:59:49.256+0000] {processor.py:161} INFO - Started process (PID=495261) to work on /home/cloud/codings/airflow/dags/3_dag_GET_Current_YML_From_Cortex.py
[2026-03-10T13:59:49.258+0000] {processor.py:830} INFO - Processing file /home/cloud/codings/airflow/dags/3_dag_GET_Current_YML_From_Cortex.py for tasks to queue
[2026-03-10T13:59:49.259+0000] {logging_mixin.py:188} INFO - [2026-03-10T13:59:49.259+0000] {dagbag.py:545} INFO - Filling up the DagBag from /home/cloud/codings/airflow/dags/3_dag_GET_Current_YML_From_Cortex.py
[2026-03-10T13:59:49.312+0000] {processor.py:840} INFO - DAG(s) '3_dag_GET_Current_YML_From_Cortex' retrieved from /home/cloud/codings/airflow/dags/3_dag_GET_Current_YML_From_Cortex.py
[2026-03-10T13:59:49.356+0000] {logging_mixin.py:188} INFO - [2026-03-10T13:59:49.356+0000] {dag.py:3089} INFO - Sync 1 DAGs
[2026-03-10T13:59:49.384+0000] {logging_mixin.py:188} INFO - [2026-03-10T13:59:49.383+0000] {dag.py:3947} INFO - Setting next_dagrun for 3_dag_GET_Current_YML_From_Cortex to None, run_after=None
[2026-03-10T13:59:49.421+0000] {processor.py:183} INFO - Processing /home/cloud/codings/airflow/dags/3_dag_GET_Current_YML_From_Cortex.py took 0.182 seconds
[2026-03-10T14:00:19.817+0000] {processor.py:161} INFO - Started process (PID=495394) to work on /home/cloud/codings/airflow/dags/3_dag_GET_Current_YML_From_Cortex.py
[2026-03-10T14:00:19.845+0000] {processor.py:830} INFO - Processing file /home/cloud/codings/airflow/dags/3_dag_GET_Current_YML_From_Cortex.py for tasks to queue
[2026-03-10T14:00:19.850+0000] {logging_mixin.py:188} INFO - [2026-03-10T14:00:19.848+0000] {dagbag.py:545} INFO - Filling up the DagBag from /home/cloud/codings/airflow/dags/3_dag_GET_Current_YML_From_Cortex.py
[2026-03-10T14:00:19.919+0000] {processor.py:840} INFO - DAG(s) '3_dag_GET_Current_YML_From_Cortex' retrieved from /home/cloud/codings/airflow/dags/3_dag_GET_Current_YML_From_Cortex.py
[2026-03-10T14:00:19.942+0000] {logging_mixin.py:188} INFO - [2026-03-10T14:00:19.942+0000] {dag.py:3089} INFO - Sync 1 DAGs
[2026-03-10T14:00:19.959+0000] {logging_mixin.py:188} INFO - [2026-03-10T14:00:19.959+0000] {dag.py:3947} INFO - Setting next_dagrun for 3_dag_GET_Current_YML_From_Cortex to None, run_after=None
[2026-03-10T14:00:20.014+0000] {processor.py:183} INFO - Processing /home/cloud/codings/airflow/dags/3_dag_GET_Current_YML_From_Cortex.py took 0.232 seconds
[2026-03-10T14:00:50.207+0000] {processor.py:161} INFO - Started process (PID=495546) to work on /home/cloud/codings/airflow/dags/3_dag_GET_Current_YML_From_Cortex.py
[2026-03-10T14:00:50.209+0000] {processor.py:830} INFO - Processing file /home/cloud/codings/airflow/dags/3_dag_GET_Current_YML_From_Cortex.py for tasks to queue
[2026-03-10T14:00:50.211+0000] {logging_mixin.py:188} INFO - [2026-03-10T14:00:50.210+0000] {dagbag.py:545} INFO - Filling up the DagBag from /home/cloud/codings/airflow/dags/3_dag_GET_Current_YML_From_Cortex.py
[2026-03-10T14:00:50.249+0000] {processor.py:840} INFO - DAG(s) '3_dag_GET_Current_YML_From_Cortex' retrieved from /home/cloud/codings/airflow/dags/3_dag_GET_Current_YML_From_Cortex.py
[2026-03-10T14:00:50.271+0000] {logging_mixin.py:188} INFO - [2026-03-10T14:00:50.271+0000] {dag.py:3089} INFO - Sync 1 DAGs
[2026-03-10T14:00:50.286+0000] {logging_mixin.py:188} INFO - [2026-03-10T14:00:50.285+0000] {dag.py:3947} INFO - Setting next_dagrun for 3_dag_GET_Current_YML_From_Cortex to None, run_after=None
[2026-03-10T14:00:50.337+0000] {processor.py:183} INFO - Processing /home/cloud/codings/airflow/dags/3_dag_GET_Current_YML_From_Cortex.py took 0.141 seconds
[2026-03-10T14:01:20.706+0000] {processor.py:161} INFO - Started process (PID=495714) to work on /home/cloud/codings/airflow/dags/3_dag_GET_Current_YML_From_Cortex.py
[2026-03-10T14:01:20.714+0000] {processor.py:830} INFO - Processing file /home/cloud/codings/airflow/dags/3_dag_GET_Current_YML_From_Cortex.py for tasks to queue
[2026-03-10T14:01:20.716+0000] {logging_mixin.py:188} INFO - [2026-03-10T14:01:20.715+0000] {dagbag.py:545} INFO - Filling up the DagBag from /home/cloud/codings/airflow/dags/3_dag_GET_Current_YML_From_Cortex.py
[2026-03-10T14:01:20.753+0000] {processor.py:840} INFO - DAG(s) '3_dag_GET_Current_YML_From_Cortex' retrieved from /home/cloud/codings/airflow/dags/3_dag_GET_Current_YML_From_Cortex.py
[2026-03-10T14:01:20.776+0000] {logging_mixin.py:188} INFO - [2026-03-10T14:01:20.776+0000] {dag.py:3089} INFO - Sync 1 DAGs
[2026-03-10T14:01:20.797+0000] {logging_mixin.py:188} INFO - [2026-03-10T14:01:20.797+0000] {dag.py:3947} INFO - Setting next_dagrun for 3_dag_GET_Current_YML_From_Cortex to None, run_after=None
[2026-03-10T14:01:20.836+0000] {processor.py:183} INFO - Processing /home/cloud/codings/airflow/dags/3_dag_GET_Current_YML_From_Cortex.py took 0.144 seconds
[2026-03-10T14:01:51.100+0000] {processor.py:161} INFO - Started process (PID=495845) to work on /home/cloud/codings/airflow/dags/3_dag_GET_Current_YML_From_Cortex.py
[2026-03-10T14:01:51.101+0000] {processor.py:830} INFO - Processing file /home/cloud/codings/airflow/dags/3_dag_GET_Current_YML_From_Cortex.py for tasks to queue
[2026-03-10T14:01:51.103+0000] {logging_mixin.py:188} INFO - [2026-03-10T14:01:51.103+0000] {dagbag.py:545} INFO - Filling up the DagBag from /home/cloud/codings/airflow/dags/3_dag_GET_Current_YML_From_Cortex.py
[2026-03-10T14:01:51.129+0000] {processor.py:840} INFO - DAG(s) '3_dag_GET_Current_YML_From_Cortex' retrieved from /home/cloud/codings/airflow/dags/3_dag_GET_Current_YML_From_Cortex.py
[2026-03-10T14:01:51.144+0000] {logging_mixin.py:188} INFO - [2026-03-10T14:01:51.144+0000] {dag.py:3089} INFO - Sync 1 DAGs
[2026-03-10T14:01:51.157+0000] {logging_mixin.py:188} INFO - [2026-03-10T14:01:51.156+0000] {dag.py:3947} INFO - Setting next_dagrun for 3_dag_GET_Current_YML_From_Cortex to None, run_after=None
[2026-03-10T14:01:51.180+0000] {processor.py:183} INFO - Processing /home/cloud/codings/airflow/dags/3_dag_GET_Current_YML_From_Cortex.py took 0.087 seconds
[2026-03-10T14:02:21.361+0000] {processor.py:161} INFO - Started process (PID=495912) to work on /home/cloud/codings/airflow/dags/3_dag_GET_Current_YML_From_Cortex.py
[2026-03-10T14:02:21.381+0000] {processor.py:830} INFO - Processing file /home/cloud/codings/airflow/dags/3_dag_GET_Current_YML_From_Cortex.py for tasks to queue
[2026-03-10T14:02:21.386+0000] {logging_mixin.py:188} INFO - [2026-03-10T14:02:21.383+0000] {dagbag.py:545} INFO - Filling up the DagBag from /home/cloud/codings/airflow/dags/3_dag_GET_Current_YML_From_Cortex.py
[2026-03-10T14:02:21.449+0000] {processor.py:840} INFO - DAG(s) '3_dag_GET_Current_YML_From_Cortex' retrieved from /home/cloud/codings/airflow/dags/3_dag_GET_Current_YML_From_Cortex.py
[2026-03-10T14:02:21.469+0000] {logging_mixin.py:188} INFO - [2026-03-10T14:02:21.469+0000] {dag.py:3089} INFO - Sync 1 DAGs
[2026-03-10T14:02:21.486+0000] {logging_mixin.py:188} INFO - [2026-03-10T14:02:21.486+0000] {dag.py:3947} INFO - Setting next_dagrun for 3_dag_GET_Current_YML_From_Cortex to None, run_after=None
[2026-03-10T14:02:21.537+0000] {processor.py:183} INFO - Processing /home/cloud/codings/airflow/dags/3_dag_GET_Current_YML_From_Cortex.py took 0.197 seconds
[2026-03-10T14:02:52.068+0000] {processor.py:161} INFO - Started process (PID=496041) to work on /home/cloud/codings/airflow/dags/3_dag_GET_Current_YML_From_Cortex.py
[2026-03-10T14:02:52.097+0000] {processor.py:830} INFO - Processing file /home/cloud/codings/airflow/dags/3_dag_GET_Current_YML_From_Cortex.py for tasks to queue
[2026-03-10T14:02:52.099+0000] {logging_mixin.py:188} INFO - [2026-03-10T14:02:52.098+0000] {dagbag.py:545} INFO - Filling up the DagBag from /home/cloud/codings/airflow/dags/3_dag_GET_Current_YML_From_Cortex.py
[2026-03-10T14:02:52.136+0000] {processor.py:840} INFO - DAG(s) '3_dag_GET_Current_YML_From_Cortex' retrieved from /home/cloud/codings/airflow/dags/3_dag_GET_Current_YML_From_Cortex.py
[2026-03-10T14:02:52.163+0000] {logging_mixin.py:188} INFO - [2026-03-10T14:02:52.162+0000] {dag.py:3089} INFO - Sync 1 DAGs
[2026-03-10T14:02:52.187+0000] {logging_mixin.py:188} INFO - [2026-03-10T14:02:52.186+0000] {dag.py:3947} INFO - Setting next_dagrun for 3_dag_GET_Current_YML_From_Cortex to None, run_after=None
[2026-03-10T14:02:52.224+0000] {processor.py:183} INFO - Processing /home/cloud/codings/airflow/dags/3_dag_GET_Current_YML_From_Cortex.py took 0.167 seconds
[2026-03-10T14:03:22.667+0000] {processor.py:161} INFO - Started process (PID=496114) to work on /home/cloud/codings/airflow/dags/3_dag_GET_Current_YML_From_Cortex.py
[2026-03-10T14:03:22.692+0000] {processor.py:830} INFO - Processing file /home/cloud/codings/airflow/dags/3_dag_GET_Current_YML_From_Cortex.py for tasks to queue
[2026-03-10T14:03:22.694+0000] {logging_mixin.py:188} INFO - [2026-03-10T14:03:22.693+0000] {dagbag.py:545} INFO - Filling up the DagBag from /home/cloud/codings/airflow/dags/3_dag_GET_Current_YML_From_Cortex.py
[2026-03-10T14:03:22.726+0000] {processor.py:840} INFO - DAG(s) '3_dag_GET_Current_YML_From_Cortex' retrieved from /home/cloud/codings/airflow/dags/3_dag_GET_Current_YML_From_Cortex.py
[2026-03-10T14:03:22.741+0000] {logging_mixin.py:188} INFO - [2026-03-10T14:03:22.741+0000] {dag.py:3089} INFO - Sync 1 DAGs
[2026-03-10T14:03:22.753+0000] {logging_mixin.py:188} INFO - [2026-03-10T14:03:22.752+0000] {dag.py:3947} INFO - Setting next_dagrun for 3_dag_GET_Current_YML_From_Cortex to None, run_after=None
[2026-03-10T14:03:22.776+0000] {processor.py:183} INFO - Processing /home/cloud/codings/airflow/dags/3_dag_GET_Current_YML_From_Cortex.py took 0.120 seconds
[2026-03-10T14:03:53.245+0000] {processor.py:161} INFO - Started process (PID=496243) to work on /home/cloud/codings/airflow/dags/3_dag_GET_Current_YML_From_Cortex.py
[2026-03-10T14:03:53.271+0000] {processor.py:830} INFO - Processing file /home/cloud/codings/airflow/dags/3_dag_GET_Current_YML_From_Cortex.py for tasks to queue
[2026-03-10T14:03:53.275+0000] {logging_mixin.py:188} INFO - [2026-03-10T14:03:53.273+0000] {dagbag.py:545} INFO - Filling up the DagBag from /home/cloud/codings/airflow/dags/3_dag_GET_Current_YML_From_Cortex.py
[2026-03-10T14:03:53.346+0000] {processor.py:840} INFO - DAG(s) '3_dag_GET_Current_YML_From_Cortex' retrieved from /home/cloud/codings/airflow/dags/3_dag_GET_Current_YML_From_Cortex.py
[2026-03-10T14:03:53.379+0000] {logging_mixin.py:188} INFO - [2026-03-10T14:03:53.378+0000] {dag.py:3089} INFO - Sync 1 DAGs
[2026-03-10T14:03:53.399+0000] {logging_mixin.py:188} INFO - [2026-03-10T14:03:53.399+0000] {dag.py:3947} INFO - Setting next_dagrun for 3_dag_GET_Current_YML_From_Cortex to None, run_after=None
[2026-03-10T14:03:53.453+0000] {processor.py:183} INFO - Processing /home/cloud/codings/airflow/dags/3_dag_GET_Current_YML_From_Cortex.py took 0.229 seconds
[2026-03-10T14:04:23.932+0000] {processor.py:161} INFO - Started process (PID=496314) to work on /home/cloud/codings/airflow/dags/3_dag_GET_Current_YML_From_Cortex.py
[2026-03-10T14:04:23.933+0000] {processor.py:830} INFO - Processing file /home/cloud/codings/airflow/dags/3_dag_GET_Current_YML_From_Cortex.py for tasks to queue
[2026-03-10T14:04:23.934+0000] {logging_mixin.py:188} INFO - [2026-03-10T14:04:23.934+0000] {dagbag.py:545} INFO - Filling up the DagBag from /home/cloud/codings/airflow/dags/3_dag_GET_Current_YML_From_Cortex.py
[2026-03-10T14:04:23.956+0000] {processor.py:840} INFO - DAG(s) '3_dag_GET_Current_YML_From_Cortex' retrieved from /home/cloud/codings/airflow/dags/3_dag_GET_Current_YML_From_Cortex.py
[2026-03-10T14:04:23.970+0000] {logging_mixin.py:188} INFO - [2026-03-10T14:04:23.970+0000] {dag.py:3089} INFO - Sync 1 DAGs
[2026-03-10T14:04:23.981+0000] {logging_mixin.py:188} INFO - [2026-03-10T14:04:23.981+0000] {dag.py:3947} INFO - Setting next_dagrun for 3_dag_GET_Current_YML_From_Cortex to None, run_after=None
[2026-03-10T14:04:24.006+0000] {processor.py:183} INFO - Processing /home/cloud/codings/airflow/dags/3_dag_GET_Current_YML_From_Cortex.py took 0.085 seconds
[2026-03-10T14:04:54.396+0000] {processor.py:161} INFO - Started process (PID=496447) to work on /home/cloud/codings/airflow/dags/3_dag_GET_Current_YML_From_Cortex.py
[2026-03-10T14:04:54.418+0000] {processor.py:830} INFO - Processing file /home/cloud/codings/airflow/dags/3_dag_GET_Current_YML_From_Cortex.py for tasks to queue
[2026-03-10T14:04:54.422+0000] {logging_mixin.py:188} INFO - [2026-03-10T14:04:54.420+0000] {dagbag.py:545} INFO - Filling up the DagBag from /home/cloud/codings/airflow/dags/3_dag_GET_Current_YML_From_Cortex.py
[2026-03-10T14:04:54.535+0000] {processor.py:840} INFO - DAG(s) '3_dag_GET_Current_YML_From_Cortex' retrieved from /home/cloud/codings/airflow/dags/3_dag_GET_Current_YML_From_Cortex.py
[2026-03-10T14:04:54.585+0000] {logging_mixin.py:188} INFO - [2026-03-10T14:04:54.584+0000] {dag.py:3089} INFO - Sync 1 DAGs
[2026-03-10T14:04:54.608+0000] {logging_mixin.py:188} INFO - [2026-03-10T14:04:54.608+0000] {dag.py:3947} INFO - Setting next_dagrun for 3_dag_GET_Current_YML_From_Cortex to None, run_after=None
[2026-03-10T14:04:54.658+0000] {processor.py:183} INFO - Processing /home/cloud/codings/airflow/dags/3_dag_GET_Current_YML_From_Cortex.py took 0.285 seconds
[2026-03-10T14:05:25.030+0000] {processor.py:161} INFO - Started process (PID=496514) to work on /home/cloud/codings/airflow/dags/3_dag_GET_Current_YML_From_Cortex.py
[2026-03-10T14:05:25.034+0000] {processor.py:830} INFO - Processing file /home/cloud/codings/airflow/dags/3_dag_GET_Current_YML_From_Cortex.py for tasks to queue
[2026-03-10T14:05:25.038+0000] {logging_mixin.py:188} INFO - [2026-03-10T14:05:25.036+0000] {dagbag.py:545} INFO - Filling up the DagBag from /home/cloud/codings/airflow/dags/3_dag_GET_Current_YML_From_Cortex.py
[2026-03-10T14:05:25.119+0000] {processor.py:840} INFO - DAG(s) '3_dag_GET_Current_YML_From_Cortex' retrieved from /home/cloud/codings/airflow/dags/3_dag_GET_Current_YML_From_Cortex.py
[2026-03-10T14:05:25.153+0000] {logging_mixin.py:188} INFO - [2026-03-10T14:05:25.153+0000] {dag.py:3089} INFO - Sync 1 DAGs
[2026-03-10T14:05:25.173+0000] {logging_mixin.py:188} INFO - [2026-03-10T14:05:25.173+0000] {dag.py:3947} INFO - Setting next_dagrun for 3_dag_GET_Current_YML_From_Cortex to None, run_after=None
[2026-03-10T14:05:25.220+0000] {processor.py:183} INFO - Processing /home/cloud/codings/airflow/dags/3_dag_GET_Current_YML_From_Cortex.py took 0.214 seconds
[2026-03-10T14:05:55.667+0000] {processor.py:161} INFO - Started process (PID=496707) to work on /home/cloud/codings/airflow/dags/3_dag_GET_Current_YML_From_Cortex.py
[2026-03-10T14:05:55.688+0000] {processor.py:830} INFO - Processing file /home/cloud/codings/airflow/dags/3_dag_GET_Current_YML_From_Cortex.py for tasks to queue
[2026-03-10T14:05:55.692+0000] {logging_mixin.py:188} INFO - [2026-03-10T14:05:55.690+0000] {dagbag.py:545} INFO - Filling up the DagBag from /home/cloud/codings/airflow/dags/3_dag_GET_Current_YML_From_Cortex.py
[2026-03-10T14:05:55.787+0000] {processor.py:840} INFO - DAG(s) '3_dag_GET_Current_YML_From_Cortex' retrieved from /home/cloud/codings/airflow/dags/3_dag_GET_Current_YML_From_Cortex.py
[2026-03-10T14:05:55.824+0000] {logging_mixin.py:188} INFO - [2026-03-10T14:05:55.823+0000] {dag.py:3089} INFO - Sync 1 DAGs
[2026-03-10T14:05:55.846+0000] {logging_mixin.py:188} INFO - [2026-03-10T14:05:55.846+0000] {dag.py:3947} INFO - Setting next_dagrun for 3_dag_GET_Current_YML_From_Cortex to None, run_after=None
[2026-03-10T14:05:55.903+0000] {processor.py:183} INFO - Processing /home/cloud/codings/airflow/dags/3_dag_GET_Current_YML_From_Cortex.py took 0.259 seconds
[2026-03-10T14:06:26.200+0000] {processor.py:161} INFO - Started process (PID=496772) to work on /home/cloud/codings/airflow/dags/3_dag_GET_Current_YML_From_Cortex.py
[2026-03-10T14:06:26.205+0000] {processor.py:830} INFO - Processing file /home/cloud/codings/airflow/dags/3_dag_GET_Current_YML_From_Cortex.py for tasks to queue
[2026-03-10T14:06:26.207+0000] {logging_mixin.py:188} INFO - [2026-03-10T14:06:26.206+0000] {dagbag.py:545} INFO - Filling up the DagBag from /home/cloud/codings/airflow/dags/3_dag_GET_Current_YML_From_Cortex.py
[2026-03-10T14:06:26.253+0000] {processor.py:840} INFO - DAG(s) '3_dag_GET_Current_YML_From_Cortex' retrieved from /home/cloud/codings/airflow/dags/3_dag_GET_Current_YML_From_Cortex.py
[2026-03-10T14:06:26.275+0000] {logging_mixin.py:188} INFO - [2026-03-10T14:06:26.275+0000] {dag.py:3089} INFO - Sync 1 DAGs
[2026-03-10T14:06:26.288+0000] {logging_mixin.py:188} INFO - [2026-03-10T14:06:26.287+0000] {dag.py:3947} INFO - Setting next_dagrun for 3_dag_GET_Current_YML_From_Cortex to None, run_after=None
[2026-03-10T14:06:26.316+0000] {processor.py:183} INFO - Processing /home/cloud/codings/airflow/dags/3_dag_GET_Current_YML_From_Cortex.py took 0.136 seconds
[2026-03-10T14:06:56.789+0000] {processor.py:161} INFO - Started process (PID=496907) to work on /home/cloud/codings/airflow/dags/3_dag_GET_Current_YML_From_Cortex.py
[2026-03-10T14:06:56.806+0000] {processor.py:830} INFO - Processing file /home/cloud/codings/airflow/dags/3_dag_GET_Current_YML_From_Cortex.py for tasks to queue
[2026-03-10T14:06:56.807+0000] {logging_mixin.py:188} INFO - [2026-03-10T14:06:56.807+0000] {dagbag.py:545} INFO - Filling up the DagBag from /home/cloud/codings/airflow/dags/3_dag_GET_Current_YML_From_Cortex.py
[2026-03-10T14:06:56.829+0000] {processor.py:840} INFO - DAG(s) '3_dag_GET_Current_YML_From_Cortex' retrieved from /home/cloud/codings/airflow/dags/3_dag_GET_Current_YML_From_Cortex.py
[2026-03-10T14:06:56.844+0000] {logging_mixin.py:188} INFO - [2026-03-10T14:06:56.844+0000] {dag.py:3089} INFO - Sync 1 DAGs
[2026-03-10T14:06:56.857+0000] {logging_mixin.py:188} INFO - [2026-03-10T14:06:56.857+0000] {dag.py:3947} INFO - Setting next_dagrun for 3_dag_GET_Current_YML_From_Cortex to None, run_after=None
[2026-03-10T14:06:56.880+0000] {processor.py:183} INFO - Processing /home/cloud/codings/airflow/dags/3_dag_GET_Current_YML_From_Cortex.py took 0.098 seconds
[2026-03-10T14:07:27.052+0000] {processor.py:161} INFO - Started process (PID=496976) to work on /home/cloud/codings/airflow/dags/3_dag_GET_Current_YML_From_Cortex.py
[2026-03-10T14:07:27.073+0000] {processor.py:830} INFO - Processing file /home/cloud/codings/airflow/dags/3_dag_GET_Current_YML_From_Cortex.py for tasks to queue
[2026-03-10T14:07:27.077+0000] {logging_mixin.py:188} INFO - [2026-03-10T14:07:27.075+0000] {dagbag.py:545} INFO - Filling up the DagBag from /home/cloud/codings/airflow/dags/3_dag_GET_Current_YML_From_Cortex.py
[2026-03-10T14:07:27.159+0000] {processor.py:840} INFO - DAG(s) '3_dag_GET_Current_YML_From_Cortex' retrieved from /home/cloud/codings/airflow/dags/3_dag_GET_Current_YML_From_Cortex.py
[2026-03-10T14:07:27.191+0000] {logging_mixin.py:188} INFO - [2026-03-10T14:07:27.190+0000] {dag.py:3089} INFO - Sync 1 DAGs
[2026-03-10T14:07:27.219+0000] {logging_mixin.py:188} INFO - [2026-03-10T14:07:27.218+0000] {dag.py:3947} INFO - Setting next_dagrun for 3_dag_GET_Current_YML_From_Cortex to None, run_after=None
[2026-03-10T14:07:27.295+0000] {processor.py:183} INFO - Processing /home/cloud/codings/airflow/dags/3_dag_GET_Current_YML_From_Cortex.py took 0.269 seconds
[2026-03-10T14:07:57.486+0000] {processor.py:161} INFO - Started process (PID=497129) to work on /home/cloud/codings/airflow/dags/3_dag_GET_Current_YML_From_Cortex.py
[2026-03-10T14:07:57.505+0000] {processor.py:830} INFO - Processing file /home/cloud/codings/airflow/dags/3_dag_GET_Current_YML_From_Cortex.py for tasks to queue
[2026-03-10T14:07:57.509+0000] {logging_mixin.py:188} INFO - [2026-03-10T14:07:57.508+0000] {dagbag.py:545} INFO - Filling up the DagBag from /home/cloud/codings/airflow/dags/3_dag_GET_Current_YML_From_Cortex.py
[2026-03-10T14:07:57.551+0000] {processor.py:840} INFO - DAG(s) '3_dag_GET_Current_YML_From_Cortex' retrieved from /home/cloud/codings/airflow/dags/3_dag_GET_Current_YML_From_Cortex.py
[2026-03-10T14:07:57.582+0000] {logging_mixin.py:188} INFO - [2026-03-10T14:07:57.581+0000] {dag.py:3089} INFO - Sync 1 DAGs
[2026-03-10T14:07:57.609+0000] {logging_mixin.py:188} INFO - [2026-03-10T14:07:57.608+0000] {dag.py:3947} INFO - Setting next_dagrun for 3_dag_GET_Current_YML_From_Cortex to None, run_after=None
[2026-03-10T14:07:57.671+0000] {processor.py:183} INFO - Processing /home/cloud/codings/airflow/dags/3_dag_GET_Current_YML_From_Cortex.py took 0.197 seconds
[2026-03-10T14:08:28.037+0000] {processor.py:161} INFO - Started process (PID=497278) to work on /home/cloud/codings/airflow/dags/3_dag_GET_Current_YML_From_Cortex.py
[2026-03-10T14:08:28.056+0000] {processor.py:830} INFO - Processing file /home/cloud/codings/airflow/dags/3_dag_GET_Current_YML_From_Cortex.py for tasks to queue
[2026-03-10T14:08:28.059+0000] {logging_mixin.py:188} INFO - [2026-03-10T14:08:28.057+0000] {dagbag.py:545} INFO - Filling up the DagBag from /home/cloud/codings/airflow/dags/3_dag_GET_Current_YML_From_Cortex.py
[2026-03-10T14:08:28.114+0000] {processor.py:840} INFO - DAG(s) '3_dag_GET_Current_YML_From_Cortex' retrieved from /home/cloud/codings/airflow/dags/3_dag_GET_Current_YML_From_Cortex.py
[2026-03-10T14:08:28.155+0000] {logging_mixin.py:188} INFO - [2026-03-10T14:08:28.153+0000] {dag.py:3089} INFO - Sync 1 DAGs
[2026-03-10T14:08:28.206+0000] {logging_mixin.py:188} INFO - [2026-03-10T14:08:28.205+0000] {dag.py:3947} INFO - Setting next_dagrun for 3_dag_GET_Current_YML_From_Cortex to None, run_after=None
[2026-03-10T14:08:28.279+0000] {processor.py:183} INFO - Processing /home/cloud/codings/airflow/dags/3_dag_GET_Current_YML_From_Cortex.py took 0.256 seconds
[2026-03-10T14:08:58.660+0000] {processor.py:161} INFO - Started process (PID=497506) to work on /home/cloud/codings/airflow/dags/3_dag_GET_Current_YML_From_Cortex.py
[2026-03-10T14:08:58.682+0000] {processor.py:830} INFO - Processing file /home/cloud/codings/airflow/dags/3_dag_GET_Current_YML_From_Cortex.py for tasks to queue
[2026-03-10T14:08:58.690+0000] {logging_mixin.py:188} INFO - [2026-03-10T14:08:58.688+0000] {dagbag.py:545} INFO - Filling up the DagBag from /home/cloud/codings/airflow/dags/3_dag_GET_Current_YML_From_Cortex.py
[2026-03-10T14:08:58.776+0000] {processor.py:840} INFO - DAG(s) '3_dag_GET_Current_YML_From_Cortex' retrieved from /home/cloud/codings/airflow/dags/3_dag_GET_Current_YML_From_Cortex.py
[2026-03-10T14:08:58.801+0000] {logging_mixin.py:188} INFO - [2026-03-10T14:08:58.801+0000] {dag.py:3089} INFO - Sync 1 DAGs
[2026-03-10T14:08:58.822+0000] {logging_mixin.py:188} INFO - [2026-03-10T14:08:58.822+0000] {dag.py:3947} INFO - Setting next_dagrun for 3_dag_GET_Current_YML_From_Cortex to None, run_after=None
[2026-03-10T14:08:58.867+0000] {processor.py:183} INFO - Processing /home/cloud/codings/airflow/dags/3_dag_GET_Current_YML_From_Cortex.py took 0.238 seconds
[2026-03-10T14:09:29.161+0000] {processor.py:161} INFO - Started process (PID=497581) to work on /home/cloud/codings/airflow/dags/3_dag_GET_Current_YML_From_Cortex.py
[2026-03-10T14:09:29.179+0000] {processor.py:830} INFO - Processing file /home/cloud/codings/airflow/dags/3_dag_GET_Current_YML_From_Cortex.py for tasks to queue
[2026-03-10T14:09:29.181+0000] {logging_mixin.py:188} INFO - [2026-03-10T14:09:29.180+0000] {dagbag.py:545} INFO - Filling up the DagBag from /home/cloud/codings/airflow/dags/3_dag_GET_Current_YML_From_Cortex.py
[2026-03-10T14:09:29.219+0000] {processor.py:840} INFO - DAG(s) '3_dag_GET_Current_YML_From_Cortex' retrieved from /home/cloud/codings/airflow/dags/3_dag_GET_Current_YML_From_Cortex.py
[2026-03-10T14:09:29.248+0000] {logging_mixin.py:188} INFO - [2026-03-10T14:09:29.247+0000] {dag.py:3089} INFO - Sync 1 DAGs
[2026-03-10T14:09:29.275+0000] {logging_mixin.py:188} INFO - [2026-03-10T14:09:29.275+0000] {dag.py:3947} INFO - Setting next_dagrun for 3_dag_GET_Current_YML_From_Cortex to None, run_after=None
[2026-03-10T14:09:29.334+0000] {processor.py:183} INFO - Processing /home/cloud/codings/airflow/dags/3_dag_GET_Current_YML_From_Cortex.py took 0.185 seconds
[2026-03-10T14:09:59.725+0000] {processor.py:161} INFO - Started process (PID=497756) to work on /home/cloud/codings/airflow/dags/3_dag_GET_Current_YML_From_Cortex.py
[2026-03-10T14:09:59.746+0000] {processor.py:830} INFO - Processing file /home/cloud/codings/airflow/dags/3_dag_GET_Current_YML_From_Cortex.py for tasks to queue
[2026-03-10T14:09:59.747+0000] {logging_mixin.py:188} INFO - [2026-03-10T14:09:59.747+0000] {dagbag.py:545} INFO - Filling up the DagBag from /home/cloud/codings/airflow/dags/3_dag_GET_Current_YML_From_Cortex.py
[2026-03-10T14:09:59.791+0000] {processor.py:840} INFO - DAG(s) '3_dag_GET_Current_YML_From_Cortex' retrieved from /home/cloud/codings/airflow/dags/3_dag_GET_Current_YML_From_Cortex.py
[2026-03-10T14:09:59.815+0000] {logging_mixin.py:188} INFO - [2026-03-10T14:09:59.815+0000] {dag.py:3089} INFO - Sync 1 DAGs
[2026-03-10T14:09:59.835+0000] {logging_mixin.py:188} INFO - [2026-03-10T14:09:59.835+0000] {dag.py:3947} INFO - Setting next_dagrun for 3_dag_GET_Current_YML_From_Cortex to None, run_after=None
[2026-03-10T14:09:59.877+0000] {processor.py:183} INFO - Processing /home/cloud/codings/airflow/dags/3_dag_GET_Current_YML_From_Cortex.py took 0.169 seconds
[2026-03-10T14:10:30.263+0000] {processor.py:161} INFO - Started process (PID=497823) to work on /home/cloud/codings/airflow/dags/3_dag_GET_Current_YML_From_Cortex.py
[2026-03-10T14:10:30.283+0000] {processor.py:830} INFO - Processing file /home/cloud/codings/airflow/dags/3_dag_GET_Current_YML_From_Cortex.py for tasks to queue
[2026-03-10T14:10:30.288+0000] {logging_mixin.py:188} INFO - [2026-03-10T14:10:30.286+0000] {dagbag.py:545} INFO - Filling up the DagBag from /home/cloud/codings/airflow/dags/3_dag_GET_Current_YML_From_Cortex.py
[2026-03-10T14:10:30.374+0000] {processor.py:840} INFO - DAG(s) '3_dag_GET_Current_YML_From_Cortex' retrieved from /home/cloud/codings/airflow/dags/3_dag_GET_Current_YML_From_Cortex.py
[2026-03-10T14:10:30.429+0000] {logging_mixin.py:188} INFO - [2026-03-10T14:10:30.428+0000] {dag.py:3089} INFO - Sync 1 DAGs
[2026-03-10T14:10:30.462+0000] {logging_mixin.py:188} INFO - [2026-03-10T14:10:30.461+0000] {dag.py:3947} INFO - Setting next_dagrun for 3_dag_GET_Current_YML_From_Cortex to None, run_after=None
[2026-03-10T14:10:30.534+0000] {processor.py:183} INFO - Processing /home/cloud/codings/airflow/dags/3_dag_GET_Current_YML_From_Cortex.py took 0.294 seconds
[2026-03-10T14:11:01.189+0000] {processor.py:161} INFO - Started process (PID=498016) to work on /home/cloud/codings/airflow/dags/3_dag_GET_Current_YML_From_Cortex.py
[2026-03-10T14:11:01.219+0000] {processor.py:830} INFO - Processing file /home/cloud/codings/airflow/dags/3_dag_GET_Current_YML_From_Cortex.py for tasks to queue
[2026-03-10T14:11:01.221+0000] {logging_mixin.py:188} INFO - [2026-03-10T14:11:01.220+0000] {dagbag.py:545} INFO - Filling up the DagBag from /home/cloud/codings/airflow/dags/3_dag_GET_Current_YML_From_Cortex.py
[2026-03-10T14:11:01.279+0000] {processor.py:840} INFO - DAG(s) '3_dag_GET_Current_YML_From_Cortex' retrieved from /home/cloud/codings/airflow/dags/3_dag_GET_Current_YML_From_Cortex.py
[2026-03-10T14:11:01.327+0000] {logging_mixin.py:188} INFO - [2026-03-10T14:11:01.327+0000] {dag.py:3089} INFO - Sync 1 DAGs
[2026-03-10T14:11:01.353+0000] {logging_mixin.py:188} INFO - [2026-03-10T14:11:01.353+0000] {dag.py:3947} INFO - Setting next_dagrun for 3_dag_GET_Current_YML_From_Cortex to None, run_after=None
[2026-03-10T14:11:01.422+0000] {processor.py:183} INFO - Processing /home/cloud/codings/airflow/dags/3_dag_GET_Current_YML_From_Cortex.py took 0.255 seconds
[2026-03-10T14:11:31.560+0000] {processor.py:161} INFO - Started process (PID=498135) to work on /home/cloud/codings/airflow/dags/3_dag_GET_Current_YML_From_Cortex.py
[2026-03-10T14:11:31.585+0000] {processor.py:830} INFO - Processing file /home/cloud/codings/airflow/dags/3_dag_GET_Current_YML_From_Cortex.py for tasks to queue
[2026-03-10T14:11:31.587+0000] {logging_mixin.py:188} INFO - [2026-03-10T14:11:31.586+0000] {dagbag.py:545} INFO - Filling up the DagBag from /home/cloud/codings/airflow/dags/3_dag_GET_Current_YML_From_Cortex.py
[2026-03-10T14:11:31.618+0000] {processor.py:840} INFO - DAG(s) '3_dag_GET_Current_YML_From_Cortex' retrieved from /home/cloud/codings/airflow/dags/3_dag_GET_Current_YML_From_Cortex.py
[2026-03-10T14:11:31.635+0000] {logging_mixin.py:188} INFO - [2026-03-10T14:11:31.635+0000] {dag.py:3089} INFO - Sync 1 DAGs
[2026-03-10T14:11:31.649+0000] {logging_mixin.py:188} INFO - [2026-03-10T14:11:31.649+0000] {dag.py:3947} INFO - Setting next_dagrun for 3_dag_GET_Current_YML_From_Cortex to None, run_after=None
[2026-03-10T14:11:31.675+0000] {processor.py:183} INFO - Processing /home/cloud/codings/airflow/dags/3_dag_GET_Current_YML_From_Cortex.py took 0.127 seconds
[2026-03-10T14:12:02.261+0000] {processor.py:161} INFO - Started process (PID=498453) to work on /home/cloud/codings/airflow/dags/3_dag_GET_Current_YML_From_Cortex.py
[2026-03-10T14:12:02.287+0000] {processor.py:830} INFO - Processing file /home/cloud/codings/airflow/dags/3_dag_GET_Current_YML_From_Cortex.py for tasks to queue
[2026-03-10T14:12:02.290+0000] {logging_mixin.py:188} INFO - [2026-03-10T14:12:02.288+0000] {dagbag.py:545} INFO - Filling up the DagBag from /home/cloud/codings/airflow/dags/3_dag_GET_Current_YML_From_Cortex.py
[2026-03-10T14:12:02.335+0000] {processor.py:840} INFO - DAG(s) '3_dag_GET_Current_YML_From_Cortex' retrieved from /home/cloud/codings/airflow/dags/3_dag_GET_Current_YML_From_Cortex.py
[2026-03-10T14:12:02.362+0000] {logging_mixin.py:188} INFO - [2026-03-10T14:12:02.361+0000] {dag.py:3089} INFO - Sync 1 DAGs
[2026-03-10T14:12:02.389+0000] {logging_mixin.py:188} INFO - [2026-03-10T14:12:02.389+0000] {dag.py:3947} INFO - Setting next_dagrun for 3_dag_GET_Current_YML_From_Cortex to None, run_after=None
[2026-03-10T14:12:02.488+0000] {processor.py:183} INFO - Processing /home/cloud/codings/airflow/dags/3_dag_GET_Current_YML_From_Cortex.py took 0.240 seconds
[2026-03-10T14:12:32.743+0000] {processor.py:161} INFO - Started process (PID=498938) to work on /home/cloud/codings/airflow/dags/3_dag_GET_Current_YML_From_Cortex.py
[2026-03-10T14:12:32.772+0000] {processor.py:830} INFO - Processing file /home/cloud/codings/airflow/dags/3_dag_GET_Current_YML_From_Cortex.py for tasks to queue
[2026-03-10T14:12:32.774+0000] {logging_mixin.py:188} INFO - [2026-03-10T14:12:32.773+0000] {dagbag.py:545} INFO - Filling up the DagBag from /home/cloud/codings/airflow/dags/3_dag_GET_Current_YML_From_Cortex.py
[2026-03-10T14:12:32.817+0000] {processor.py:840} INFO - DAG(s) '3_dag_GET_Current_YML_From_Cortex' retrieved from /home/cloud/codings/airflow/dags/3_dag_GET_Current_YML_From_Cortex.py
[2026-03-10T14:12:32.840+0000] {logging_mixin.py:188} INFO - [2026-03-10T14:12:32.839+0000] {dag.py:3089} INFO - Sync 1 DAGs
[2026-03-10T14:12:32.859+0000] {logging_mixin.py:188} INFO - [2026-03-10T14:12:32.859+0000] {dag.py:3947} INFO - Setting next_dagrun for 3_dag_GET_Current_YML_From_Cortex to None, run_after=None
[2026-03-10T14:12:32.891+0000] {processor.py:183} INFO - Processing /home/cloud/codings/airflow/dags/3_dag_GET_Current_YML_From_Cortex.py took 0.165 seconds
[2026-03-10T14:13:03.239+0000] {processor.py:161} INFO - Started process (PID=499398) to work on /home/cloud/codings/airflow/dags/3_dag_GET_Current_YML_From_Cortex.py
[2026-03-10T14:13:03.241+0000] {processor.py:830} INFO - Processing file /home/cloud/codings/airflow/dags/3_dag_GET_Current_YML_From_Cortex.py for tasks to queue
[2026-03-10T14:13:03.242+0000] {logging_mixin.py:188} INFO - [2026-03-10T14:13:03.242+0000] {dagbag.py:545} INFO - Filling up the DagBag from /home/cloud/codings/airflow/dags/3_dag_GET_Current_YML_From_Cortex.py
[2026-03-10T14:13:03.280+0000] {processor.py:840} INFO - DAG(s) '3_dag_GET_Current_YML_From_Cortex' retrieved from /home/cloud/codings/airflow/dags/3_dag_GET_Current_YML_From_Cortex.py
[2026-03-10T14:13:03.313+0000] {logging_mixin.py:188} INFO - [2026-03-10T14:13:03.312+0000] {dag.py:3089} INFO - Sync 1 DAGs
[2026-03-10T14:13:03.341+0000] {logging_mixin.py:188} INFO - [2026-03-10T14:13:03.341+0000] {dag.py:3947} INFO - Setting next_dagrun for 3_dag_GET_Current_YML_From_Cortex to None, run_after=None
[2026-03-10T14:13:03.404+0000] {processor.py:183} INFO - Processing /home/cloud/codings/airflow/dags/3_dag_GET_Current_YML_From_Cortex.py took 0.176 seconds
[2026-03-10T14:13:33.670+0000] {processor.py:161} INFO - Started process (PID=499547) to work on /home/cloud/codings/airflow/dags/3_dag_GET_Current_YML_From_Cortex.py
[2026-03-10T14:13:33.691+0000] {processor.py:830} INFO - Processing file /home/cloud/codings/airflow/dags/3_dag_GET_Current_YML_From_Cortex.py for tasks to queue
[2026-03-10T14:13:33.693+0000] {logging_mixin.py:188} INFO - [2026-03-10T14:13:33.692+0000] {dagbag.py:545} INFO - Filling up the DagBag from /home/cloud/codings/airflow/dags/3_dag_GET_Current_YML_From_Cortex.py
[2026-03-10T14:13:33.736+0000] {processor.py:840} INFO - DAG(s) '3_dag_GET_Current_YML_From_Cortex' retrieved from /home/cloud/codings/airflow/dags/3_dag_GET_Current_YML_From_Cortex.py
[2026-03-10T14:13:33.759+0000] {logging_mixin.py:188} INFO - [2026-03-10T14:13:33.759+0000] {dag.py:3089} INFO - Sync 1 DAGs
[2026-03-10T14:13:33.793+0000] {logging_mixin.py:188} INFO - [2026-03-10T14:13:33.793+0000] {dag.py:3947} INFO - Setting next_dagrun for 3_dag_GET_Current_YML_From_Cortex to None, run_after=None
[2026-03-10T14:13:33.853+0000] {processor.py:183} INFO - Processing /home/cloud/codings/airflow/dags/3_dag_GET_Current_YML_From_Cortex.py took 0.202 seconds
[2026-03-10T14:14:04.281+0000] {processor.py:161} INFO - Started process (PID=499697) to work on /home/cloud/codings/airflow/dags/3_dag_GET_Current_YML_From_Cortex.py
[2026-03-10T14:14:04.288+0000] {processor.py:830} INFO - Processing file /home/cloud/codings/airflow/dags/3_dag_GET_Current_YML_From_Cortex.py for tasks to queue
[2026-03-10T14:14:04.290+0000] {logging_mixin.py:188} INFO - [2026-03-10T14:14:04.290+0000] {dagbag.py:545} INFO - Filling up the DagBag from /home/cloud/codings/airflow/dags/3_dag_GET_Current_YML_From_Cortex.py
[2026-03-10T14:14:04.324+0000] {processor.py:840} INFO - DAG(s) '3_dag_GET_Current_YML_From_Cortex' retrieved from /home/cloud/codings/airflow/dags/3_dag_GET_Current_YML_From_Cortex.py
[2026-03-10T14:14:04.339+0000] {logging_mixin.py:188} INFO - [2026-03-10T14:14:04.338+0000] {dag.py:3089} INFO - Sync 1 DAGs
[2026-03-10T14:14:04.351+0000] {logging_mixin.py:188} INFO - [2026-03-10T14:14:04.351+0000] {dag.py:3947} INFO - Setting next_dagrun for 3_dag_GET_Current_YML_From_Cortex to None, run_after=None
[2026-03-10T14:14:04.375+0000] {processor.py:183} INFO - Processing /home/cloud/codings/airflow/dags/3_dag_GET_Current_YML_From_Cortex.py took 0.111 seconds
[2026-03-10T14:14:34.832+0000] {processor.py:161} INFO - Started process (PID=499772) to work on /home/cloud/codings/airflow/dags/3_dag_GET_Current_YML_From_Cortex.py
[2026-03-10T14:14:34.854+0000] {processor.py:830} INFO - Processing file /home/cloud/codings/airflow/dags/3_dag_GET_Current_YML_From_Cortex.py for tasks to queue
[2026-03-10T14:14:34.858+0000] {logging_mixin.py:188} INFO - [2026-03-10T14:14:34.856+0000] {dagbag.py:545} INFO - Filling up the DagBag from /home/cloud/codings/airflow/dags/3_dag_GET_Current_YML_From_Cortex.py
[2026-03-10T14:14:34.955+0000] {processor.py:840} INFO - DAG(s) '3_dag_GET_Current_YML_From_Cortex' retrieved from /home/cloud/codings/airflow/dags/3_dag_GET_Current_YML_From_Cortex.py
[2026-03-10T14:14:35.019+0000] {logging_mixin.py:188} INFO - [2026-03-10T14:14:35.018+0000] {dag.py:3089} INFO - Sync 1 DAGs
[2026-03-10T14:14:35.070+0000] {logging_mixin.py:188} INFO - [2026-03-10T14:14:35.069+0000] {dag.py:3947} INFO - Setting next_dagrun for 3_dag_GET_Current_YML_From_Cortex to None, run_after=None
[2026-03-10T14:14:35.181+0000] {processor.py:183} INFO - Processing /home/cloud/codings/airflow/dags/3_dag_GET_Current_YML_From_Cortex.py took 0.374 seconds
[2026-03-10T14:15:05.394+0000] {processor.py:161} INFO - Started process (PID=499897) to work on /home/cloud/codings/airflow/dags/3_dag_GET_Current_YML_From_Cortex.py
[2026-03-10T14:15:05.412+0000] {processor.py:830} INFO - Processing file /home/cloud/codings/airflow/dags/3_dag_GET_Current_YML_From_Cortex.py for tasks to queue
[2026-03-10T14:15:05.413+0000] {logging_mixin.py:188} INFO - [2026-03-10T14:15:05.412+0000] {dagbag.py:545} INFO - Filling up the DagBag from /home/cloud/codings/airflow/dags/3_dag_GET_Current_YML_From_Cortex.py
[2026-03-10T14:15:05.443+0000] {processor.py:840} INFO - DAG(s) '3_dag_GET_Current_YML_From_Cortex' retrieved from /home/cloud/codings/airflow/dags/3_dag_GET_Current_YML_From_Cortex.py
[2026-03-10T14:15:05.457+0000] {logging_mixin.py:188} INFO - [2026-03-10T14:15:05.457+0000] {dag.py:3089} INFO - Sync 1 DAGs
[2026-03-10T14:15:05.471+0000] {logging_mixin.py:188} INFO - [2026-03-10T14:15:05.470+0000] {dag.py:3947} INFO - Setting next_dagrun for 3_dag_GET_Current_YML_From_Cortex to None, run_after=None
[2026-03-10T14:15:05.515+0000] {processor.py:183} INFO - Processing /home/cloud/codings/airflow/dags/3_dag_GET_Current_YML_From_Cortex.py took 0.131 seconds
[2026-03-10T14:15:35.990+0000] {processor.py:161} INFO - Started process (PID=499966) to work on /home/cloud/codings/airflow/dags/3_dag_GET_Current_YML_From_Cortex.py
[2026-03-10T14:15:36.011+0000] {processor.py:830} INFO - Processing file /home/cloud/codings/airflow/dags/3_dag_GET_Current_YML_From_Cortex.py for tasks to queue
[2026-03-10T14:15:36.014+0000] {logging_mixin.py:188} INFO - [2026-03-10T14:15:36.013+0000] {dagbag.py:545} INFO - Filling up the DagBag from /home/cloud/codings/airflow/dags/3_dag_GET_Current_YML_From_Cortex.py
[2026-03-10T14:15:36.116+0000] {processor.py:840} INFO - DAG(s) '3_dag_GET_Current_YML_From_Cortex' retrieved from /home/cloud/codings/airflow/dags/3_dag_GET_Current_YML_From_Cortex.py
[2026-03-10T14:15:36.152+0000] {logging_mixin.py:188} INFO - [2026-03-10T14:15:36.152+0000] {dag.py:3089} INFO - Sync 1 DAGs
[2026-03-10T14:15:36.174+0000] {logging_mixin.py:188} INFO - [2026-03-10T14:15:36.174+0000] {dag.py:3947} INFO - Setting next_dagrun for 3_dag_GET_Current_YML_From_Cortex to None, run_after=None
[2026-03-10T14:15:36.228+0000] {processor.py:183} INFO - Processing /home/cloud/codings/airflow/dags/3_dag_GET_Current_YML_From_Cortex.py took 0.261 seconds
[2026-03-10T14:16:06.568+0000] {processor.py:161} INFO - Started process (PID=500162) to work on /home/cloud/codings/airflow/dags/3_dag_GET_Current_YML_From_Cortex.py
[2026-03-10T14:16:06.590+0000] {processor.py:830} INFO - Processing file /home/cloud/codings/airflow/dags/3_dag_GET_Current_YML_From_Cortex.py for tasks to queue
[2026-03-10T14:16:06.592+0000] {logging_mixin.py:188} INFO - [2026-03-10T14:16:06.591+0000] {dagbag.py:545} INFO - Filling up the DagBag from /home/cloud/codings/airflow/dags/3_dag_GET_Current_YML_From_Cortex.py
[2026-03-10T14:16:06.642+0000] {processor.py:840} INFO - DAG(s) '3_dag_GET_Current_YML_From_Cortex' retrieved from /home/cloud/codings/airflow/dags/3_dag_GET_Current_YML_From_Cortex.py
[2026-03-10T14:16:06.671+0000] {logging_mixin.py:188} INFO - [2026-03-10T14:16:06.671+0000] {dag.py:3089} INFO - Sync 1 DAGs
[2026-03-10T14:16:06.691+0000] {logging_mixin.py:188} INFO - [2026-03-10T14:16:06.690+0000] {dag.py:3947} INFO - Setting next_dagrun for 3_dag_GET_Current_YML_From_Cortex to None, run_after=None
[2026-03-10T14:16:06.719+0000] {processor.py:183} INFO - Processing /home/cloud/codings/airflow/dags/3_dag_GET_Current_YML_From_Cortex.py took 0.179 seconds
[2026-03-10T14:16:37.196+0000] {processor.py:161} INFO - Started process (PID=500229) to work on /home/cloud/codings/airflow/dags/3_dag_GET_Current_YML_From_Cortex.py
[2026-03-10T14:16:37.216+0000] {processor.py:830} INFO - Processing file /home/cloud/codings/airflow/dags/3_dag_GET_Current_YML_From_Cortex.py for tasks to queue
[2026-03-10T14:16:37.220+0000] {logging_mixin.py:188} INFO - [2026-03-10T14:16:37.218+0000] {dagbag.py:545} INFO - Filling up the DagBag from /home/cloud/codings/airflow/dags/3_dag_GET_Current_YML_From_Cortex.py
[2026-03-10T14:16:37.261+0000] {processor.py:840} INFO - DAG(s) '3_dag_GET_Current_YML_From_Cortex' retrieved from /home/cloud/codings/airflow/dags/3_dag_GET_Current_YML_From_Cortex.py
[2026-03-10T14:16:37.282+0000] {logging_mixin.py:188} INFO - [2026-03-10T14:16:37.282+0000] {dag.py:3089} INFO - Sync 1 DAGs
[2026-03-10T14:16:37.297+0000] {logging_mixin.py:188} INFO - [2026-03-10T14:16:37.297+0000] {dag.py:3947} INFO - Setting next_dagrun for 3_dag_GET_Current_YML_From_Cortex to None, run_after=None
[2026-03-10T14:16:37.328+0000] {processor.py:183} INFO - Processing /home/cloud/codings/airflow/dags/3_dag_GET_Current_YML_From_Cortex.py took 0.159 seconds
[2026-03-10T14:17:07.935+0000] {processor.py:161} INFO - Started process (PID=500365) to work on /home/cloud/codings/airflow/dags/3_dag_GET_Current_YML_From_Cortex.py
[2026-03-10T14:17:07.940+0000] {processor.py:830} INFO - Processing file /home/cloud/codings/airflow/dags/3_dag_GET_Current_YML_From_Cortex.py for tasks to queue
[2026-03-10T14:17:07.942+0000] {logging_mixin.py:188} INFO - [2026-03-10T14:17:07.941+0000] {dagbag.py:545} INFO - Filling up the DagBag from /home/cloud/codings/airflow/dags/3_dag_GET_Current_YML_From_Cortex.py
[2026-03-10T14:17:07.981+0000] {processor.py:840} INFO - DAG(s) '3_dag_GET_Current_YML_From_Cortex' retrieved from /home/cloud/codings/airflow/dags/3_dag_GET_Current_YML_From_Cortex.py
[2026-03-10T14:17:07.998+0000] {logging_mixin.py:188} INFO - [2026-03-10T14:17:07.998+0000] {dag.py:3089} INFO - Sync 1 DAGs
[2026-03-10T14:17:08.011+0000] {logging_mixin.py:188} INFO - [2026-03-10T14:17:08.011+0000] {dag.py:3947} INFO - Setting next_dagrun for 3_dag_GET_Current_YML_From_Cortex to None, run_after=None
[2026-03-10T14:17:08.038+0000] {processor.py:183} INFO - Processing /home/cloud/codings/airflow/dags/3_dag_GET_Current_YML_From_Cortex.py took 0.123 seconds
[2026-03-10T14:17:38.472+0000] {processor.py:161} INFO - Started process (PID=500434) to work on /home/cloud/codings/airflow/dags/3_dag_GET_Current_YML_From_Cortex.py
[2026-03-10T14:17:38.475+0000] {processor.py:830} INFO - Processing file /home/cloud/codings/airflow/dags/3_dag_GET_Current_YML_From_Cortex.py for tasks to queue
[2026-03-10T14:17:38.479+0000] {logging_mixin.py:188} INFO - [2026-03-10T14:17:38.476+0000] {dagbag.py:545} INFO - Filling up the DagBag from /home/cloud/codings/airflow/dags/3_dag_GET_Current_YML_From_Cortex.py
[2026-03-10T14:17:38.533+0000] {processor.py:840} INFO - DAG(s) '3_dag_GET_Current_YML_From_Cortex' retrieved from /home/cloud/codings/airflow/dags/3_dag_GET_Current_YML_From_Cortex.py
[2026-03-10T14:17:38.557+0000] {logging_mixin.py:188} INFO - [2026-03-10T14:17:38.556+0000] {dag.py:3089} INFO - Sync 1 DAGs
[2026-03-10T14:17:38.575+0000] {logging_mixin.py:188} INFO - [2026-03-10T14:17:38.575+0000] {dag.py:3947} INFO - Setting next_dagrun for 3_dag_GET_Current_YML_From_Cortex to None, run_after=None
[2026-03-10T14:17:38.634+0000] {processor.py:183} INFO - Processing /home/cloud/codings/airflow/dags/3_dag_GET_Current_YML_From_Cortex.py took 0.180 seconds
[2026-03-10T14:18:09.049+0000] {processor.py:161} INFO - Started process (PID=500560) to work on /home/cloud/codings/airflow/dags/3_dag_GET_Current_YML_From_Cortex.py
[2026-03-10T14:18:09.068+0000] {processor.py:830} INFO - Processing file /home/cloud/codings/airflow/dags/3_dag_GET_Current_YML_From_Cortex.py for tasks to queue
[2026-03-10T14:18:09.070+0000] {logging_mixin.py:188} INFO - [2026-03-10T14:18:09.069+0000] {dagbag.py:545} INFO - Filling up the DagBag from /home/cloud/codings/airflow/dags/3_dag_GET_Current_YML_From_Cortex.py
[2026-03-10T14:18:09.111+0000] {processor.py:840} INFO - DAG(s) '3_dag_GET_Current_YML_From_Cortex' retrieved from /home/cloud/codings/airflow/dags/3_dag_GET_Current_YML_From_Cortex.py
[2026-03-10T14:18:09.139+0000] {logging_mixin.py:188} INFO - [2026-03-10T14:18:09.139+0000] {dag.py:3089} INFO - Sync 1 DAGs
[2026-03-10T14:18:09.164+0000] {logging_mixin.py:188} INFO - [2026-03-10T14:18:09.163+0000] {dag.py:3947} INFO - Setting next_dagrun for 3_dag_GET_Current_YML_From_Cortex to None, run_after=None
[2026-03-10T14:18:09.206+0000] {processor.py:183} INFO - Processing /home/cloud/codings/airflow/dags/3_dag_GET_Current_YML_From_Cortex.py took 0.170 seconds
[2026-03-10T14:18:39.529+0000] {processor.py:161} INFO - Started process (PID=500635) to work on /home/cloud/codings/airflow/dags/3_dag_GET_Current_YML_From_Cortex.py
[2026-03-10T14:18:39.551+0000] {processor.py:830} INFO - Processing file /home/cloud/codings/airflow/dags/3_dag_GET_Current_YML_From_Cortex.py for tasks to queue
[2026-03-10T14:18:39.555+0000] {logging_mixin.py:188} INFO - [2026-03-10T14:18:39.553+0000] {dagbag.py:545} INFO - Filling up the DagBag from /home/cloud/codings/airflow/dags/3_dag_GET_Current_YML_From_Cortex.py
[2026-03-10T14:18:39.621+0000] {processor.py:840} INFO - DAG(s) '3_dag_GET_Current_YML_From_Cortex' retrieved from /home/cloud/codings/airflow/dags/3_dag_GET_Current_YML_From_Cortex.py
[2026-03-10T14:18:39.650+0000] {logging_mixin.py:188} INFO - [2026-03-10T14:18:39.650+0000] {dag.py:3089} INFO - Sync 1 DAGs
[2026-03-10T14:18:39.673+0000] {logging_mixin.py:188} INFO - [2026-03-10T14:18:39.673+0000] {dag.py:3947} INFO - Setting next_dagrun for 3_dag_GET_Current_YML_From_Cortex to None, run_after=None
[2026-03-10T14:18:39.716+0000] {processor.py:183} INFO - Processing /home/cloud/codings/airflow/dags/3_dag_GET_Current_YML_From_Cortex.py took 0.212 seconds
[2026-03-10T14:19:10.140+0000] {processor.py:161} INFO - Started process (PID=500760) to work on /home/cloud/codings/airflow/dags/3_dag_GET_Current_YML_From_Cortex.py
[2026-03-10T14:19:10.158+0000] {processor.py:830} INFO - Processing file /home/cloud/codings/airflow/dags/3_dag_GET_Current_YML_From_Cortex.py for tasks to queue
[2026-03-10T14:19:10.162+0000] {logging_mixin.py:188} INFO - [2026-03-10T14:19:10.161+0000] {dagbag.py:545} INFO - Filling up the DagBag from /home/cloud/codings/airflow/dags/3_dag_GET_Current_YML_From_Cortex.py
[2026-03-10T14:19:10.212+0000] {processor.py:840} INFO - DAG(s) '3_dag_GET_Current_YML_From_Cortex' retrieved from /home/cloud/codings/airflow/dags/3_dag_GET_Current_YML_From_Cortex.py
[2026-03-10T14:19:10.245+0000] {logging_mixin.py:188} INFO - [2026-03-10T14:19:10.244+0000] {dag.py:3089} INFO - Sync 1 DAGs
[2026-03-10T14:19:10.269+0000] {logging_mixin.py:188} INFO - [2026-03-10T14:19:10.269+0000] {dag.py:3947} INFO - Setting next_dagrun for 3_dag_GET_Current_YML_From_Cortex to None, run_after=None
[2026-03-10T14:19:10.329+0000] {processor.py:183} INFO - Processing /home/cloud/codings/airflow/dags/3_dag_GET_Current_YML_From_Cortex.py took 0.205 seconds
[2026-03-10T14:19:40.947+0000] {processor.py:161} INFO - Started process (PID=500835) to work on /home/cloud/codings/airflow/dags/3_dag_GET_Current_YML_From_Cortex.py
[2026-03-10T14:19:40.966+0000] {processor.py:830} INFO - Processing file /home/cloud/codings/airflow/dags/3_dag_GET_Current_YML_From_Cortex.py for tasks to queue
[2026-03-10T14:19:40.969+0000] {logging_mixin.py:188} INFO - [2026-03-10T14:19:40.968+0000] {dagbag.py:545} INFO - Filling up the DagBag from /home/cloud/codings/airflow/dags/3_dag_GET_Current_YML_From_Cortex.py
[2026-03-10T14:19:41.019+0000] {processor.py:840} INFO - DAG(s) '3_dag_GET_Current_YML_From_Cortex' retrieved from /home/cloud/codings/airflow/dags/3_dag_GET_Current_YML_From_Cortex.py
[2026-03-10T14:19:41.039+0000] {logging_mixin.py:188} INFO - [2026-03-10T14:19:41.038+0000] {dag.py:3089} INFO - Sync 1 DAGs
[2026-03-10T14:19:41.056+0000] {logging_mixin.py:188} INFO - [2026-03-10T14:19:41.056+0000] {dag.py:3947} INFO - Setting next_dagrun for 3_dag_GET_Current_YML_From_Cortex to None, run_after=None
[2026-03-10T14:19:41.085+0000] {processor.py:183} INFO - Processing /home/cloud/codings/airflow/dags/3_dag_GET_Current_YML_From_Cortex.py took 0.163 seconds
[2026-03-10T14:20:11.565+0000] {processor.py:161} INFO - Started process (PID=500962) to work on /home/cloud/codings/airflow/dags/3_dag_GET_Current_YML_From_Cortex.py
[2026-03-10T14:20:11.584+0000] {processor.py:830} INFO - Processing file /home/cloud/codings/airflow/dags/3_dag_GET_Current_YML_From_Cortex.py for tasks to queue
[2026-03-10T14:20:11.586+0000] {logging_mixin.py:188} INFO - [2026-03-10T14:20:11.585+0000] {dagbag.py:545} INFO - Filling up the DagBag from /home/cloud/codings/airflow/dags/3_dag_GET_Current_YML_From_Cortex.py
[2026-03-10T14:20:11.621+0000] {processor.py:840} INFO - DAG(s) '3_dag_GET_Current_YML_From_Cortex' retrieved from /home/cloud/codings/airflow/dags/3_dag_GET_Current_YML_From_Cortex.py
[2026-03-10T14:20:11.635+0000] {logging_mixin.py:188} INFO - [2026-03-10T14:20:11.635+0000] {dag.py:3089} INFO - Sync 1 DAGs
[2026-03-10T14:20:11.647+0000] {logging_mixin.py:188} INFO - [2026-03-10T14:20:11.647+0000] {dag.py:3947} INFO - Setting next_dagrun for 3_dag_GET_Current_YML_From_Cortex to None, run_after=None
[2026-03-10T14:20:11.673+0000] {processor.py:183} INFO - Processing /home/cloud/codings/airflow/dags/3_dag_GET_Current_YML_From_Cortex.py took 0.120 seconds
[2026-03-10T14:20:42.158+0000] {processor.py:161} INFO - Started process (PID=501089) to work on /home/cloud/codings/airflow/dags/3_dag_GET_Current_YML_From_Cortex.py
[2026-03-10T14:20:42.180+0000] {processor.py:830} INFO - Processing file /home/cloud/codings/airflow/dags/3_dag_GET_Current_YML_From_Cortex.py for tasks to queue
[2026-03-10T14:20:42.189+0000] {logging_mixin.py:188} INFO - [2026-03-10T14:20:42.188+0000] {dagbag.py:545} INFO - Filling up the DagBag from /home/cloud/codings/airflow/dags/3_dag_GET_Current_YML_From_Cortex.py
[2026-03-10T14:20:42.299+0000] {processor.py:840} INFO - DAG(s) '3_dag_GET_Current_YML_From_Cortex' retrieved from /home/cloud/codings/airflow/dags/3_dag_GET_Current_YML_From_Cortex.py
[2026-03-10T14:20:42.334+0000] {logging_mixin.py:188} INFO - [2026-03-10T14:20:42.333+0000] {dag.py:3089} INFO - Sync 1 DAGs
[2026-03-10T14:20:42.370+0000] {logging_mixin.py:188} INFO - [2026-03-10T14:20:42.369+0000] {dag.py:3947} INFO - Setting next_dagrun for 3_dag_GET_Current_YML_From_Cortex to None, run_after=None
[2026-03-10T14:20:42.429+0000] {processor.py:183} INFO - Processing /home/cloud/codings/airflow/dags/3_dag_GET_Current_YML_From_Cortex.py took 0.302 seconds
[2026-03-10T14:21:13.022+0000] {processor.py:161} INFO - Started process (PID=501222) to work on /home/cloud/codings/airflow/dags/3_dag_GET_Current_YML_From_Cortex.py
[2026-03-10T14:21:13.040+0000] {processor.py:830} INFO - Processing file /home/cloud/codings/airflow/dags/3_dag_GET_Current_YML_From_Cortex.py for tasks to queue
[2026-03-10T14:21:13.042+0000] {logging_mixin.py:188} INFO - [2026-03-10T14:21:13.041+0000] {dagbag.py:545} INFO - Filling up the DagBag from /home/cloud/codings/airflow/dags/3_dag_GET_Current_YML_From_Cortex.py
[2026-03-10T14:21:13.113+0000] {processor.py:840} INFO - DAG(s) '3_dag_GET_Current_YML_From_Cortex' retrieved from /home/cloud/codings/airflow/dags/3_dag_GET_Current_YML_From_Cortex.py
[2026-03-10T14:21:13.154+0000] {logging_mixin.py:188} INFO - [2026-03-10T14:21:13.154+0000] {dag.py:3089} INFO - Sync 1 DAGs
[2026-03-10T14:21:13.177+0000] {logging_mixin.py:188} INFO - [2026-03-10T14:21:13.176+0000] {dag.py:3947} INFO - Setting next_dagrun for 3_dag_GET_Current_YML_From_Cortex to None, run_after=None
[2026-03-10T14:21:13.256+0000] {processor.py:183} INFO - Processing /home/cloud/codings/airflow/dags/3_dag_GET_Current_YML_From_Cortex.py took 0.246 seconds
[2026-03-10T14:21:43.699+0000] {processor.py:161} INFO - Started process (PID=501291) to work on /home/cloud/codings/airflow/dags/3_dag_GET_Current_YML_From_Cortex.py
[2026-03-10T14:21:43.705+0000] {processor.py:830} INFO - Processing file /home/cloud/codings/airflow/dags/3_dag_GET_Current_YML_From_Cortex.py for tasks to queue
[2026-03-10T14:21:43.708+0000] {logging_mixin.py:188} INFO - [2026-03-10T14:21:43.707+0000] {dagbag.py:545} INFO - Filling up the DagBag from /home/cloud/codings/airflow/dags/3_dag_GET_Current_YML_From_Cortex.py
[2026-03-10T14:21:43.759+0000] {processor.py:840} INFO - DAG(s) '3_dag_GET_Current_YML_From_Cortex' retrieved from /home/cloud/codings/airflow/dags/3_dag_GET_Current_YML_From_Cortex.py
[2026-03-10T14:21:43.807+0000] {logging_mixin.py:188} INFO - [2026-03-10T14:21:43.807+0000] {dag.py:3089} INFO - Sync 1 DAGs
[2026-03-10T14:21:43.834+0000] {logging_mixin.py:188} INFO - [2026-03-10T14:21:43.833+0000] {dag.py:3947} INFO - Setting next_dagrun for 3_dag_GET_Current_YML_From_Cortex to None, run_after=None
[2026-03-10T14:21:43.898+0000] {processor.py:183} INFO - Processing /home/cloud/codings/airflow/dags/3_dag_GET_Current_YML_From_Cortex.py took 0.226 seconds
[2026-03-10T14:22:14.556+0000] {processor.py:161} INFO - Started process (PID=501424) to work on /home/cloud/codings/airflow/dags/3_dag_GET_Current_YML_From_Cortex.py
[2026-03-10T14:22:14.575+0000] {processor.py:830} INFO - Processing file /home/cloud/codings/airflow/dags/3_dag_GET_Current_YML_From_Cortex.py for tasks to queue
[2026-03-10T14:22:14.576+0000] {logging_mixin.py:188} INFO - [2026-03-10T14:22:14.576+0000] {dagbag.py:545} INFO - Filling up the DagBag from /home/cloud/codings/airflow/dags/3_dag_GET_Current_YML_From_Cortex.py
[2026-03-10T14:22:14.619+0000] {processor.py:840} INFO - DAG(s) '3_dag_GET_Current_YML_From_Cortex' retrieved from /home/cloud/codings/airflow/dags/3_dag_GET_Current_YML_From_Cortex.py
[2026-03-10T14:22:14.645+0000] {logging_mixin.py:188} INFO - [2026-03-10T14:22:14.645+0000] {dag.py:3089} INFO - Sync 1 DAGs
[2026-03-10T14:22:14.662+0000] {logging_mixin.py:188} INFO - [2026-03-10T14:22:14.662+0000] {dag.py:3947} INFO - Setting next_dagrun for 3_dag_GET_Current_YML_From_Cortex to None, run_after=None
[2026-03-10T14:22:14.698+0000] {processor.py:183} INFO - Processing /home/cloud/codings/airflow/dags/3_dag_GET_Current_YML_From_Cortex.py took 0.153 seconds
[2026-03-10T14:22:45.081+0000] {processor.py:161} INFO - Started process (PID=501491) to work on /home/cloud/codings/airflow/dags/3_dag_GET_Current_YML_From_Cortex.py
[2026-03-10T14:22:45.098+0000] {processor.py:830} INFO - Processing file /home/cloud/codings/airflow/dags/3_dag_GET_Current_YML_From_Cortex.py for tasks to queue
[2026-03-10T14:22:45.100+0000] {logging_mixin.py:188} INFO - [2026-03-10T14:22:45.099+0000] {dagbag.py:545} INFO - Filling up the DagBag from /home/cloud/codings/airflow/dags/3_dag_GET_Current_YML_From_Cortex.py
[2026-03-10T14:22:45.128+0000] {processor.py:840} INFO - DAG(s) '3_dag_GET_Current_YML_From_Cortex' retrieved from /home/cloud/codings/airflow/dags/3_dag_GET_Current_YML_From_Cortex.py
[2026-03-10T14:22:45.146+0000] {logging_mixin.py:188} INFO - [2026-03-10T14:22:45.146+0000] {dag.py:3089} INFO - Sync 1 DAGs
[2026-03-10T14:22:45.157+0000] {logging_mixin.py:188} INFO - [2026-03-10T14:22:45.157+0000] {dag.py:3947} INFO - Setting next_dagrun for 3_dag_GET_Current_YML_From_Cortex to None, run_after=None
[2026-03-10T14:22:45.194+0000] {processor.py:183} INFO - Processing /home/cloud/codings/airflow/dags/3_dag_GET_Current_YML_From_Cortex.py took 0.123 seconds
[2026-03-10T14:23:15.786+0000] {processor.py:161} INFO - Started process (PID=501622) to work on /home/cloud/codings/airflow/dags/3_dag_GET_Current_YML_From_Cortex.py
[2026-03-10T14:23:15.810+0000] {processor.py:830} INFO - Processing file /home/cloud/codings/airflow/dags/3_dag_GET_Current_YML_From_Cortex.py for tasks to queue
[2026-03-10T14:23:15.817+0000] {logging_mixin.py:188} INFO - [2026-03-10T14:23:15.815+0000] {dagbag.py:545} INFO - Filling up the DagBag from /home/cloud/codings/airflow/dags/3_dag_GET_Current_YML_From_Cortex.py
[2026-03-10T14:23:16.122+0000] {processor.py:840} INFO - DAG(s) '3_dag_GET_Current_YML_From_Cortex' retrieved from /home/cloud/codings/airflow/dags/3_dag_GET_Current_YML_From_Cortex.py
[2026-03-10T14:23:16.210+0000] {logging_mixin.py:188} INFO - [2026-03-10T14:23:16.209+0000] {dag.py:3089} INFO - Sync 1 DAGs
[2026-03-10T14:23:16.275+0000] {logging_mixin.py:188} INFO - [2026-03-10T14:23:16.274+0000] {dag.py:3947} INFO - Setting next_dagrun for 3_dag_GET_Current_YML_From_Cortex to None, run_after=None
[2026-03-10T14:23:16.367+0000] {processor.py:183} INFO - Processing /home/cloud/codings/airflow/dags/3_dag_GET_Current_YML_From_Cortex.py took 0.683 seconds
[2026-03-10T14:23:46.561+0000] {processor.py:161} INFO - Started process (PID=501694) to work on /home/cloud/codings/airflow/dags/3_dag_GET_Current_YML_From_Cortex.py
[2026-03-10T14:23:46.566+0000] {processor.py:830} INFO - Processing file /home/cloud/codings/airflow/dags/3_dag_GET_Current_YML_From_Cortex.py for tasks to queue
[2026-03-10T14:23:46.567+0000] {logging_mixin.py:188} INFO - [2026-03-10T14:23:46.567+0000] {dagbag.py:545} INFO - Filling up the DagBag from /home/cloud/codings/airflow/dags/3_dag_GET_Current_YML_From_Cortex.py
[2026-03-10T14:23:46.586+0000] {processor.py:840} INFO - DAG(s) '3_dag_GET_Current_YML_From_Cortex' retrieved from /home/cloud/codings/airflow/dags/3_dag_GET_Current_YML_From_Cortex.py
[2026-03-10T14:23:46.598+0000] {logging_mixin.py:188} INFO - [2026-03-10T14:23:46.598+0000] {dag.py:3089} INFO - Sync 1 DAGs
[2026-03-10T14:23:46.608+0000] {logging_mixin.py:188} INFO - [2026-03-10T14:23:46.608+0000] {dag.py:3947} INFO - Setting next_dagrun for 3_dag_GET_Current_YML_From_Cortex to None, run_after=None
[2026-03-10T14:23:46.629+0000] {processor.py:183} INFO - Processing /home/cloud/codings/airflow/dags/3_dag_GET_Current_YML_From_Cortex.py took 0.073 seconds
[2026-03-10T14:24:16.769+0000] {processor.py:161} INFO - Started process (PID=501830) to work on /home/cloud/codings/airflow/dags/3_dag_GET_Current_YML_From_Cortex.py
[2026-03-10T14:24:16.777+0000] {processor.py:830} INFO - Processing file /home/cloud/codings/airflow/dags/3_dag_GET_Current_YML_From_Cortex.py for tasks to queue
[2026-03-10T14:24:16.779+0000] {logging_mixin.py:188} INFO - [2026-03-10T14:24:16.778+0000] {dagbag.py:545} INFO - Filling up the DagBag from /home/cloud/codings/airflow/dags/3_dag_GET_Current_YML_From_Cortex.py
[2026-03-10T14:24:16.803+0000] {processor.py:840} INFO - DAG(s) '3_dag_GET_Current_YML_From_Cortex' retrieved from /home/cloud/codings/airflow/dags/3_dag_GET_Current_YML_From_Cortex.py
[2026-03-10T14:24:16.817+0000] {logging_mixin.py:188} INFO - [2026-03-10T14:24:16.817+0000] {dag.py:3089} INFO - Sync 1 DAGs
[2026-03-10T14:24:16.829+0000] {logging_mixin.py:188} INFO - [2026-03-10T14:24:16.828+0000] {dag.py:3947} INFO - Setting next_dagrun for 3_dag_GET_Current_YML_From_Cortex to None, run_after=None
[2026-03-10T14:24:16.851+0000] {processor.py:183} INFO - Processing /home/cloud/codings/airflow/dags/3_dag_GET_Current_YML_From_Cortex.py took 0.096 seconds
[2026-03-10T14:24:47.124+0000] {processor.py:161} INFO - Started process (PID=501905) to work on /home/cloud/codings/airflow/dags/3_dag_GET_Current_YML_From_Cortex.py
[2026-03-10T14:24:47.125+0000] {processor.py:830} INFO - Processing file /home/cloud/codings/airflow/dags/3_dag_GET_Current_YML_From_Cortex.py for tasks to queue
[2026-03-10T14:24:47.126+0000] {logging_mixin.py:188} INFO - [2026-03-10T14:24:47.125+0000] {dagbag.py:545} INFO - Filling up the DagBag from /home/cloud/codings/airflow/dags/3_dag_GET_Current_YML_From_Cortex.py
[2026-03-10T14:24:47.143+0000] {processor.py:840} INFO - DAG(s) '3_dag_GET_Current_YML_From_Cortex' retrieved from /home/cloud/codings/airflow/dags/3_dag_GET_Current_YML_From_Cortex.py
[2026-03-10T14:24:47.155+0000] {logging_mixin.py:188} INFO - [2026-03-10T14:24:47.154+0000] {dag.py:3089} INFO - Sync 1 DAGs
[2026-03-10T14:24:47.164+0000] {logging_mixin.py:188} INFO - [2026-03-10T14:24:47.164+0000] {dag.py:3947} INFO - Setting next_dagrun for 3_dag_GET_Current_YML_From_Cortex to None, run_after=None
[2026-03-10T14:24:47.183+0000] {processor.py:183} INFO - Processing /home/cloud/codings/airflow/dags/3_dag_GET_Current_YML_From_Cortex.py took 0.064 seconds
[2026-03-10T14:25:17.390+0000] {processor.py:161} INFO - Started process (PID=502032) to work on /home/cloud/codings/airflow/dags/3_dag_GET_Current_YML_From_Cortex.py
[2026-03-10T14:25:17.392+0000] {processor.py:830} INFO - Processing file /home/cloud/codings/airflow/dags/3_dag_GET_Current_YML_From_Cortex.py for tasks to queue
[2026-03-10T14:25:17.393+0000] {logging_mixin.py:188} INFO - [2026-03-10T14:25:17.393+0000] {dagbag.py:545} INFO - Filling up the DagBag from /home/cloud/codings/airflow/dags/3_dag_GET_Current_YML_From_Cortex.py
[2026-03-10T14:25:17.411+0000] {processor.py:840} INFO - DAG(s) '3_dag_GET_Current_YML_From_Cortex' retrieved from /home/cloud/codings/airflow/dags/3_dag_GET_Current_YML_From_Cortex.py
[2026-03-10T14:25:17.422+0000] {logging_mixin.py:188} INFO - [2026-03-10T14:25:17.422+0000] {dag.py:3089} INFO - Sync 1 DAGs
[2026-03-10T14:25:17.432+0000] {logging_mixin.py:188} INFO - [2026-03-10T14:25:17.432+0000] {dag.py:3947} INFO - Setting next_dagrun for 3_dag_GET_Current_YML_From_Cortex to None, run_after=None
[2026-03-10T14:25:17.453+0000] {processor.py:183} INFO - Processing /home/cloud/codings/airflow/dags/3_dag_GET_Current_YML_From_Cortex.py took 0.069 seconds
[2026-03-10T14:25:47.655+0000] {processor.py:161} INFO - Started process (PID=502169) to work on /home/cloud/codings/airflow/dags/3_dag_GET_Current_YML_From_Cortex.py
[2026-03-10T14:25:47.661+0000] {processor.py:830} INFO - Processing file /home/cloud/codings/airflow/dags/3_dag_GET_Current_YML_From_Cortex.py for tasks to queue
[2026-03-10T14:25:47.662+0000] {logging_mixin.py:188} INFO - [2026-03-10T14:25:47.661+0000] {dagbag.py:545} INFO - Filling up the DagBag from /home/cloud/codings/airflow/dags/3_dag_GET_Current_YML_From_Cortex.py
[2026-03-10T14:25:47.680+0000] {processor.py:840} INFO - DAG(s) '3_dag_GET_Current_YML_From_Cortex' retrieved from /home/cloud/codings/airflow/dags/3_dag_GET_Current_YML_From_Cortex.py
[2026-03-10T14:25:47.694+0000] {logging_mixin.py:188} INFO - [2026-03-10T14:25:47.694+0000] {dag.py:3089} INFO - Sync 1 DAGs
[2026-03-10T14:25:47.704+0000] {logging_mixin.py:188} INFO - [2026-03-10T14:25:47.704+0000] {dag.py:3947} INFO - Setting next_dagrun for 3_dag_GET_Current_YML_From_Cortex to None, run_after=None
[2026-03-10T14:25:47.732+0000] {processor.py:183} INFO - Processing /home/cloud/codings/airflow/dags/3_dag_GET_Current_YML_From_Cortex.py took 0.083 seconds
[2026-03-10T14:26:17.935+0000] {processor.py:161} INFO - Started process (PID=502302) to work on /home/cloud/codings/airflow/dags/3_dag_GET_Current_YML_From_Cortex.py
[2026-03-10T14:26:17.937+0000] {processor.py:830} INFO - Processing file /home/cloud/codings/airflow/dags/3_dag_GET_Current_YML_From_Cortex.py for tasks to queue
[2026-03-10T14:26:17.938+0000] {logging_mixin.py:188} INFO - [2026-03-10T14:26:17.938+0000] {dagbag.py:545} INFO - Filling up the DagBag from /home/cloud/codings/airflow/dags/3_dag_GET_Current_YML_From_Cortex.py
[2026-03-10T14:26:17.962+0000] {processor.py:840} INFO - DAG(s) '3_dag_GET_Current_YML_From_Cortex' retrieved from /home/cloud/codings/airflow/dags/3_dag_GET_Current_YML_From_Cortex.py
[2026-03-10T14:26:17.975+0000] {logging_mixin.py:188} INFO - [2026-03-10T14:26:17.975+0000] {dag.py:3089} INFO - Sync 1 DAGs
[2026-03-10T14:26:17.984+0000] {logging_mixin.py:188} INFO - [2026-03-10T14:26:17.984+0000] {dag.py:3947} INFO - Setting next_dagrun for 3_dag_GET_Current_YML_From_Cortex to None, run_after=None
[2026-03-10T14:26:18.011+0000] {processor.py:183} INFO - Processing /home/cloud/codings/airflow/dags/3_dag_GET_Current_YML_From_Cortex.py took 0.087 seconds
[2026-03-10T14:26:48.209+0000] {processor.py:161} INFO - Started process (PID=502369) to work on /home/cloud/codings/airflow/dags/3_dag_GET_Current_YML_From_Cortex.py
[2026-03-10T14:26:48.210+0000] {processor.py:830} INFO - Processing file /home/cloud/codings/airflow/dags/3_dag_GET_Current_YML_From_Cortex.py for tasks to queue
[2026-03-10T14:26:48.211+0000] {logging_mixin.py:188} INFO - [2026-03-10T14:26:48.211+0000] {dagbag.py:545} INFO - Filling up the DagBag from /home/cloud/codings/airflow/dags/3_dag_GET_Current_YML_From_Cortex.py
[2026-03-10T14:26:48.229+0000] {processor.py:840} INFO - DAG(s) '3_dag_GET_Current_YML_From_Cortex' retrieved from /home/cloud/codings/airflow/dags/3_dag_GET_Current_YML_From_Cortex.py
[2026-03-10T14:26:48.240+0000] {logging_mixin.py:188} INFO - [2026-03-10T14:26:48.240+0000] {dag.py:3089} INFO - Sync 1 DAGs
[2026-03-10T14:26:48.249+0000] {logging_mixin.py:188} INFO - [2026-03-10T14:26:48.249+0000] {dag.py:3947} INFO - Setting next_dagrun for 3_dag_GET_Current_YML_From_Cortex to None, run_after=None
[2026-03-10T14:26:48.270+0000] {processor.py:183} INFO - Processing /home/cloud/codings/airflow/dags/3_dag_GET_Current_YML_From_Cortex.py took 0.066 seconds
[2026-03-10T14:27:18.350+0000] {processor.py:161} INFO - Started process (PID=502504) to work on /home/cloud/codings/airflow/dags/3_dag_GET_Current_YML_From_Cortex.py
[2026-03-10T14:27:18.351+0000] {processor.py:830} INFO - Processing file /home/cloud/codings/airflow/dags/3_dag_GET_Current_YML_From_Cortex.py for tasks to queue
[2026-03-10T14:27:18.352+0000] {logging_mixin.py:188} INFO - [2026-03-10T14:27:18.352+0000] {dagbag.py:545} INFO - Filling up the DagBag from /home/cloud/codings/airflow/dags/3_dag_GET_Current_YML_From_Cortex.py
[2026-03-10T14:27:18.372+0000] {processor.py:840} INFO - DAG(s) '3_dag_GET_Current_YML_From_Cortex' retrieved from /home/cloud/codings/airflow/dags/3_dag_GET_Current_YML_From_Cortex.py
[2026-03-10T14:27:18.384+0000] {logging_mixin.py:188} INFO - [2026-03-10T14:27:18.384+0000] {dag.py:3089} INFO - Sync 1 DAGs
[2026-03-10T14:27:18.394+0000] {logging_mixin.py:188} INFO - [2026-03-10T14:27:18.393+0000] {dag.py:3947} INFO - Setting next_dagrun for 3_dag_GET_Current_YML_From_Cortex to None, run_after=None
[2026-03-10T14:27:18.414+0000] {processor.py:183} INFO - Processing /home/cloud/codings/airflow/dags/3_dag_GET_Current_YML_From_Cortex.py took 0.070 seconds
[2026-03-10T14:27:48.621+0000] {processor.py:161} INFO - Started process (PID=502625) to work on /home/cloud/codings/airflow/dags/3_dag_GET_Current_YML_From_Cortex.py
[2026-03-10T14:27:48.622+0000] {processor.py:830} INFO - Processing file /home/cloud/codings/airflow/dags/3_dag_GET_Current_YML_From_Cortex.py for tasks to queue
[2026-03-10T14:27:48.623+0000] {logging_mixin.py:188} INFO - [2026-03-10T14:27:48.622+0000] {dagbag.py:545} INFO - Filling up the DagBag from /home/cloud/codings/airflow/dags/3_dag_GET_Current_YML_From_Cortex.py
[2026-03-10T14:27:48.644+0000] {processor.py:840} INFO - DAG(s) '3_dag_GET_Current_YML_From_Cortex' retrieved from /home/cloud/codings/airflow/dags/3_dag_GET_Current_YML_From_Cortex.py
[2026-03-10T14:27:48.659+0000] {logging_mixin.py:188} INFO - [2026-03-10T14:27:48.659+0000] {dag.py:3089} INFO - Sync 1 DAGs
[2026-03-10T14:27:48.669+0000] {logging_mixin.py:188} INFO - [2026-03-10T14:27:48.669+0000] {dag.py:3947} INFO - Setting next_dagrun for 3_dag_GET_Current_YML_From_Cortex to None, run_after=None
[2026-03-10T14:27:48.689+0000] {processor.py:183} INFO - Processing /home/cloud/codings/airflow/dags/3_dag_GET_Current_YML_From_Cortex.py took 0.074 seconds
[2026-03-10T14:28:18.903+0000] {processor.py:161} INFO - Started process (PID=502753) to work on /home/cloud/codings/airflow/dags/3_dag_GET_Current_YML_From_Cortex.py
[2026-03-10T14:28:18.908+0000] {processor.py:830} INFO - Processing file /home/cloud/codings/airflow/dags/3_dag_GET_Current_YML_From_Cortex.py for tasks to queue
[2026-03-10T14:28:18.910+0000] {logging_mixin.py:188} INFO - [2026-03-10T14:28:18.909+0000] {dagbag.py:545} INFO - Filling up the DagBag from /home/cloud/codings/airflow/dags/3_dag_GET_Current_YML_From_Cortex.py
[2026-03-10T14:28:18.939+0000] {processor.py:840} INFO - DAG(s) '3_dag_GET_Current_YML_From_Cortex' retrieved from /home/cloud/codings/airflow/dags/3_dag_GET_Current_YML_From_Cortex.py
[2026-03-10T14:28:18.955+0000] {logging_mixin.py:188} INFO - [2026-03-10T14:28:18.954+0000] {dag.py:3089} INFO - Sync 1 DAGs
[2026-03-10T14:28:18.971+0000] {logging_mixin.py:188} INFO - [2026-03-10T14:28:18.970+0000] {dag.py:3947} INFO - Setting next_dagrun for 3_dag_GET_Current_YML_From_Cortex to None, run_after=None
[2026-03-10T14:28:18.995+0000] {processor.py:183} INFO - Processing /home/cloud/codings/airflow/dags/3_dag_GET_Current_YML_From_Cortex.py took 0.102 seconds
[2026-03-10T14:28:49.294+0000] {processor.py:161} INFO - Started process (PID=502828) to work on /home/cloud/codings/airflow/dags/3_dag_GET_Current_YML_From_Cortex.py
[2026-03-10T14:28:49.295+0000] {processor.py:830} INFO - Processing file /home/cloud/codings/airflow/dags/3_dag_GET_Current_YML_From_Cortex.py for tasks to queue
[2026-03-10T14:28:49.295+0000] {logging_mixin.py:188} INFO - [2026-03-10T14:28:49.295+0000] {dagbag.py:545} INFO - Filling up the DagBag from /home/cloud/codings/airflow/dags/3_dag_GET_Current_YML_From_Cortex.py
[2026-03-10T14:28:49.315+0000] {processor.py:840} INFO - DAG(s) '3_dag_GET_Current_YML_From_Cortex' retrieved from /home/cloud/codings/airflow/dags/3_dag_GET_Current_YML_From_Cortex.py
[2026-03-10T14:28:49.329+0000] {logging_mixin.py:188} INFO - [2026-03-10T14:28:49.329+0000] {dag.py:3089} INFO - Sync 1 DAGs
[2026-03-10T14:28:49.343+0000] {logging_mixin.py:188} INFO - [2026-03-10T14:28:49.342+0000] {dag.py:3947} INFO - Setting next_dagrun for 3_dag_GET_Current_YML_From_Cortex to None, run_after=None
[2026-03-10T14:28:49.365+0000] {processor.py:183} INFO - Processing /home/cloud/codings/airflow/dags/3_dag_GET_Current_YML_From_Cortex.py took 0.079 seconds
[2026-03-10T14:29:19.549+0000] {processor.py:161} INFO - Started process (PID=502961) to work on /home/cloud/codings/airflow/dags/3_dag_GET_Current_YML_From_Cortex.py
[2026-03-10T14:29:19.551+0000] {processor.py:830} INFO - Processing file /home/cloud/codings/airflow/dags/3_dag_GET_Current_YML_From_Cortex.py for tasks to queue
[2026-03-10T14:29:19.553+0000] {logging_mixin.py:188} INFO - [2026-03-10T14:29:19.552+0000] {dagbag.py:545} INFO - Filling up the DagBag from /home/cloud/codings/airflow/dags/3_dag_GET_Current_YML_From_Cortex.py
[2026-03-10T14:29:19.571+0000] {processor.py:840} INFO - DAG(s) '3_dag_GET_Current_YML_From_Cortex' retrieved from /home/cloud/codings/airflow/dags/3_dag_GET_Current_YML_From_Cortex.py
[2026-03-10T14:29:19.582+0000] {logging_mixin.py:188} INFO - [2026-03-10T14:29:19.582+0000] {dag.py:3089} INFO - Sync 1 DAGs
[2026-03-10T14:29:19.593+0000] {logging_mixin.py:188} INFO - [2026-03-10T14:29:19.592+0000] {dag.py:3947} INFO - Setting next_dagrun for 3_dag_GET_Current_YML_From_Cortex to None, run_after=None
[2026-03-10T14:29:19.611+0000] {processor.py:183} INFO - Processing /home/cloud/codings/airflow/dags/3_dag_GET_Current_YML_From_Cortex.py took 0.067 seconds
[2026-03-10T14:29:49.843+0000] {processor.py:161} INFO - Started process (PID=503028) to work on /home/cloud/codings/airflow/dags/3_dag_GET_Current_YML_From_Cortex.py
[2026-03-10T14:29:49.845+0000] {processor.py:830} INFO - Processing file /home/cloud/codings/airflow/dags/3_dag_GET_Current_YML_From_Cortex.py for tasks to queue
[2026-03-10T14:29:49.847+0000] {logging_mixin.py:188} INFO - [2026-03-10T14:29:49.847+0000] {dagbag.py:545} INFO - Filling up the DagBag from /home/cloud/codings/airflow/dags/3_dag_GET_Current_YML_From_Cortex.py
[2026-03-10T14:29:49.873+0000] {processor.py:840} INFO - DAG(s) '3_dag_GET_Current_YML_From_Cortex' retrieved from /home/cloud/codings/airflow/dags/3_dag_GET_Current_YML_From_Cortex.py
[2026-03-10T14:29:49.892+0000] {logging_mixin.py:188} INFO - [2026-03-10T14:29:49.891+0000] {dag.py:3089} INFO - Sync 1 DAGs
[2026-03-10T14:29:49.907+0000] {logging_mixin.py:188} INFO - [2026-03-10T14:29:49.907+0000] {dag.py:3947} INFO - Setting next_dagrun for 3_dag_GET_Current_YML_From_Cortex to None, run_after=None
[2026-03-10T14:29:49.936+0000] {processor.py:183} INFO - Processing /home/cloud/codings/airflow/dags/3_dag_GET_Current_YML_From_Cortex.py took 0.107 seconds
[2026-03-10T14:30:20.226+0000] {processor.py:161} INFO - Started process (PID=503161) to work on /home/cloud/codings/airflow/dags/3_dag_GET_Current_YML_From_Cortex.py
[2026-03-10T14:30:20.231+0000] {processor.py:830} INFO - Processing file /home/cloud/codings/airflow/dags/3_dag_GET_Current_YML_From_Cortex.py for tasks to queue
[2026-03-10T14:30:20.232+0000] {logging_mixin.py:188} INFO - [2026-03-10T14:30:20.231+0000] {dagbag.py:545} INFO - Filling up the DagBag from /home/cloud/codings/airflow/dags/3_dag_GET_Current_YML_From_Cortex.py
[2026-03-10T14:30:20.249+0000] {processor.py:840} INFO - DAG(s) '3_dag_GET_Current_YML_From_Cortex' retrieved from /home/cloud/codings/airflow/dags/3_dag_GET_Current_YML_From_Cortex.py
[2026-03-10T14:30:20.260+0000] {logging_mixin.py:188} INFO - [2026-03-10T14:30:20.260+0000] {dag.py:3089} INFO - Sync 1 DAGs
[2026-03-10T14:30:20.269+0000] {logging_mixin.py:188} INFO - [2026-03-10T14:30:20.269+0000] {dag.py:3947} INFO - Setting next_dagrun for 3_dag_GET_Current_YML_From_Cortex to None, run_after=None
[2026-03-10T14:30:20.290+0000] {processor.py:183} INFO - Processing /home/cloud/codings/airflow/dags/3_dag_GET_Current_YML_From_Cortex.py took 0.070 seconds
[2026-03-10T14:30:50.631+0000] {processor.py:161} INFO - Started process (PID=503296) to work on /home/cloud/codings/airflow/dags/3_dag_GET_Current_YML_From_Cortex.py
[2026-03-10T14:30:50.633+0000] {processor.py:830} INFO - Processing file /home/cloud/codings/airflow/dags/3_dag_GET_Current_YML_From_Cortex.py for tasks to queue
[2026-03-10T14:30:50.634+0000] {logging_mixin.py:188} INFO - [2026-03-10T14:30:50.634+0000] {dagbag.py:545} INFO - Filling up the DagBag from /home/cloud/codings/airflow/dags/3_dag_GET_Current_YML_From_Cortex.py
[2026-03-10T14:30:50.659+0000] {processor.py:840} INFO - DAG(s) '3_dag_GET_Current_YML_From_Cortex' retrieved from /home/cloud/codings/airflow/dags/3_dag_GET_Current_YML_From_Cortex.py
[2026-03-10T14:30:50.676+0000] {logging_mixin.py:188} INFO - [2026-03-10T14:30:50.675+0000] {dag.py:3089} INFO - Sync 1 DAGs
[2026-03-10T14:30:50.689+0000] {logging_mixin.py:188} INFO - [2026-03-10T14:30:50.689+0000] {dag.py:3947} INFO - Setting next_dagrun for 3_dag_GET_Current_YML_From_Cortex to None, run_after=None
[2026-03-10T14:30:50.715+0000] {processor.py:183} INFO - Processing /home/cloud/codings/airflow/dags/3_dag_GET_Current_YML_From_Cortex.py took 0.091 seconds
[2026-03-10T14:31:20.909+0000] {processor.py:161} INFO - Started process (PID=503431) to work on /home/cloud/codings/airflow/dags/3_dag_GET_Current_YML_From_Cortex.py
[2026-03-10T14:31:20.911+0000] {processor.py:830} INFO - Processing file /home/cloud/codings/airflow/dags/3_dag_GET_Current_YML_From_Cortex.py for tasks to queue
[2026-03-10T14:31:20.912+0000] {logging_mixin.py:188} INFO - [2026-03-10T14:31:20.911+0000] {dagbag.py:545} INFO - Filling up the DagBag from /home/cloud/codings/airflow/dags/3_dag_GET_Current_YML_From_Cortex.py
[2026-03-10T14:31:20.938+0000] {processor.py:840} INFO - DAG(s) '3_dag_GET_Current_YML_From_Cortex' retrieved from /home/cloud/codings/airflow/dags/3_dag_GET_Current_YML_From_Cortex.py
[2026-03-10T14:31:20.957+0000] {logging_mixin.py:188} INFO - [2026-03-10T14:31:20.956+0000] {dag.py:3089} INFO - Sync 1 DAGs
[2026-03-10T14:31:20.973+0000] {logging_mixin.py:188} INFO - [2026-03-10T14:31:20.973+0000] {dag.py:3947} INFO - Setting next_dagrun for 3_dag_GET_Current_YML_From_Cortex to None, run_after=None
[2026-03-10T14:31:21.003+0000] {processor.py:183} INFO - Processing /home/cloud/codings/airflow/dags/3_dag_GET_Current_YML_From_Cortex.py took 0.102 seconds
[2026-03-10T14:31:51.283+0000] {processor.py:161} INFO - Started process (PID=503500) to work on /home/cloud/codings/airflow/dags/3_dag_GET_Current_YML_From_Cortex.py
[2026-03-10T14:31:51.288+0000] {processor.py:830} INFO - Processing file /home/cloud/codings/airflow/dags/3_dag_GET_Current_YML_From_Cortex.py for tasks to queue
[2026-03-10T14:31:51.289+0000] {logging_mixin.py:188} INFO - [2026-03-10T14:31:51.289+0000] {dagbag.py:545} INFO - Filling up the DagBag from /home/cloud/codings/airflow/dags/3_dag_GET_Current_YML_From_Cortex.py
[2026-03-10T14:31:51.312+0000] {processor.py:840} INFO - DAG(s) '3_dag_GET_Current_YML_From_Cortex' retrieved from /home/cloud/codings/airflow/dags/3_dag_GET_Current_YML_From_Cortex.py
[2026-03-10T14:31:51.328+0000] {logging_mixin.py:188} INFO - [2026-03-10T14:31:51.328+0000] {dag.py:3089} INFO - Sync 1 DAGs
[2026-03-10T14:31:51.340+0000] {logging_mixin.py:188} INFO - [2026-03-10T14:31:51.340+0000] {dag.py:3947} INFO - Setting next_dagrun for 3_dag_GET_Current_YML_From_Cortex to None, run_after=None
[2026-03-10T14:31:51.363+0000] {processor.py:183} INFO - Processing /home/cloud/codings/airflow/dags/3_dag_GET_Current_YML_From_Cortex.py took 0.086 seconds
[2026-03-10T14:32:21.553+0000] {processor.py:161} INFO - Started process (PID=503633) to work on /home/cloud/codings/airflow/dags/3_dag_GET_Current_YML_From_Cortex.py
[2026-03-10T14:32:21.554+0000] {processor.py:830} INFO - Processing file /home/cloud/codings/airflow/dags/3_dag_GET_Current_YML_From_Cortex.py for tasks to queue
[2026-03-10T14:32:21.554+0000] {logging_mixin.py:188} INFO - [2026-03-10T14:32:21.554+0000] {dagbag.py:545} INFO - Filling up the DagBag from /home/cloud/codings/airflow/dags/3_dag_GET_Current_YML_From_Cortex.py
[2026-03-10T14:32:21.578+0000] {processor.py:840} INFO - DAG(s) '3_dag_GET_Current_YML_From_Cortex' retrieved from /home/cloud/codings/airflow/dags/3_dag_GET_Current_YML_From_Cortex.py
[2026-03-10T14:32:21.594+0000] {logging_mixin.py:188} INFO - [2026-03-10T14:32:21.593+0000] {dag.py:3089} INFO - Sync 1 DAGs
[2026-03-10T14:32:21.607+0000] {logging_mixin.py:188} INFO - [2026-03-10T14:32:21.606+0000] {dag.py:3947} INFO - Setting next_dagrun for 3_dag_GET_Current_YML_From_Cortex to None, run_after=None
[2026-03-10T14:32:21.630+0000] {processor.py:183} INFO - Processing /home/cloud/codings/airflow/dags/3_dag_GET_Current_YML_From_Cortex.py took 0.085 seconds
[2026-03-10T14:32:51.825+0000] {processor.py:161} INFO - Started process (PID=503731) to work on /home/cloud/codings/airflow/dags/3_dag_GET_Current_YML_From_Cortex.py
[2026-03-10T14:32:51.830+0000] {processor.py:830} INFO - Processing file /home/cloud/codings/airflow/dags/3_dag_GET_Current_YML_From_Cortex.py for tasks to queue
[2026-03-10T14:32:51.831+0000] {logging_mixin.py:188} INFO - [2026-03-10T14:32:51.831+0000] {dagbag.py:545} INFO - Filling up the DagBag from /home/cloud/codings/airflow/dags/3_dag_GET_Current_YML_From_Cortex.py
[2026-03-10T14:32:51.856+0000] {processor.py:840} INFO - DAG(s) '3_dag_GET_Current_YML_From_Cortex' retrieved from /home/cloud/codings/airflow/dags/3_dag_GET_Current_YML_From_Cortex.py
[2026-03-10T14:32:51.874+0000] {logging_mixin.py:188} INFO - [2026-03-10T14:32:51.873+0000] {dag.py:3089} INFO - Sync 1 DAGs
[2026-03-10T14:32:51.891+0000] {logging_mixin.py:188} INFO - [2026-03-10T14:32:51.890+0000] {dag.py:3947} INFO - Setting next_dagrun for 3_dag_GET_Current_YML_From_Cortex to None, run_after=None
[2026-03-10T14:32:51.917+0000] {processor.py:183} INFO - Processing /home/cloud/codings/airflow/dags/3_dag_GET_Current_YML_From_Cortex.py took 0.098 seconds
[2026-03-10T14:33:22.217+0000] {processor.py:161} INFO - Started process (PID=503835) to work on /home/cloud/codings/airflow/dags/3_dag_GET_Current_YML_From_Cortex.py
[2026-03-10T14:33:22.219+0000] {processor.py:830} INFO - Processing file /home/cloud/codings/airflow/dags/3_dag_GET_Current_YML_From_Cortex.py for tasks to queue
[2026-03-10T14:33:22.220+0000] {logging_mixin.py:188} INFO - [2026-03-10T14:33:22.219+0000] {dagbag.py:545} INFO - Filling up the DagBag from /home/cloud/codings/airflow/dags/3_dag_GET_Current_YML_From_Cortex.py
[2026-03-10T14:33:22.247+0000] {processor.py:840} INFO - DAG(s) '3_dag_GET_Current_YML_From_Cortex' retrieved from /home/cloud/codings/airflow/dags/3_dag_GET_Current_YML_From_Cortex.py
[2026-03-10T14:33:22.264+0000] {logging_mixin.py:188} INFO - [2026-03-10T14:33:22.264+0000] {dag.py:3089} INFO - Sync 1 DAGs
[2026-03-10T14:33:22.281+0000] {logging_mixin.py:188} INFO - [2026-03-10T14:33:22.281+0000] {dag.py:3947} INFO - Setting next_dagrun for 3_dag_GET_Current_YML_From_Cortex to None, run_after=None
[2026-03-10T14:33:22.310+0000] {processor.py:183} INFO - Processing /home/cloud/codings/airflow/dags/3_dag_GET_Current_YML_From_Cortex.py took 0.100 seconds
[2026-03-10T14:33:52.683+0000] {processor.py:161} INFO - Started process (PID=503933) to work on /home/cloud/codings/airflow/dags/3_dag_GET_Current_YML_From_Cortex.py
[2026-03-10T14:33:52.684+0000] {processor.py:830} INFO - Processing file /home/cloud/codings/airflow/dags/3_dag_GET_Current_YML_From_Cortex.py for tasks to queue
[2026-03-10T14:33:52.685+0000] {logging_mixin.py:188} INFO - [2026-03-10T14:33:52.684+0000] {dagbag.py:545} INFO - Filling up the DagBag from /home/cloud/codings/airflow/dags/3_dag_GET_Current_YML_From_Cortex.py
[2026-03-10T14:33:52.713+0000] {processor.py:840} INFO - DAG(s) '3_dag_GET_Current_YML_From_Cortex' retrieved from /home/cloud/codings/airflow/dags/3_dag_GET_Current_YML_From_Cortex.py
[2026-03-10T14:33:52.732+0000] {logging_mixin.py:188} INFO - [2026-03-10T14:33:52.732+0000] {dag.py:3089} INFO - Sync 1 DAGs
[2026-03-10T14:33:52.746+0000] {logging_mixin.py:188} INFO - [2026-03-10T14:33:52.746+0000] {dag.py:3947} INFO - Setting next_dagrun for 3_dag_GET_Current_YML_From_Cortex to None, run_after=None
[2026-03-10T14:33:52.783+0000] {processor.py:183} INFO - Processing /home/cloud/codings/airflow/dags/3_dag_GET_Current_YML_From_Cortex.py took 0.108 seconds
[2026-03-10T14:34:23.018+0000] {processor.py:161} INFO - Started process (PID=504041) to work on /home/cloud/codings/airflow/dags/3_dag_GET_Current_YML_From_Cortex.py
[2026-03-10T14:34:23.020+0000] {processor.py:830} INFO - Processing file /home/cloud/codings/airflow/dags/3_dag_GET_Current_YML_From_Cortex.py for tasks to queue
[2026-03-10T14:34:23.022+0000] {logging_mixin.py:188} INFO - [2026-03-10T14:34:23.021+0000] {dagbag.py:545} INFO - Filling up the DagBag from /home/cloud/codings/airflow/dags/3_dag_GET_Current_YML_From_Cortex.py
[2026-03-10T14:34:23.050+0000] {processor.py:840} INFO - DAG(s) '3_dag_GET_Current_YML_From_Cortex' retrieved from /home/cloud/codings/airflow/dags/3_dag_GET_Current_YML_From_Cortex.py
[2026-03-10T14:34:23.069+0000] {logging_mixin.py:188} INFO - [2026-03-10T14:34:23.068+0000] {dag.py:3089} INFO - Sync 1 DAGs
[2026-03-10T14:34:23.085+0000] {logging_mixin.py:188} INFO - [2026-03-10T14:34:23.084+0000] {dag.py:3947} INFO - Setting next_dagrun for 3_dag_GET_Current_YML_From_Cortex to None, run_after=None
[2026-03-10T14:34:23.113+0000] {processor.py:183} INFO - Processing /home/cloud/codings/airflow/dags/3_dag_GET_Current_YML_From_Cortex.py took 0.103 seconds
[2026-03-10T14:34:53.476+0000] {processor.py:161} INFO - Started process (PID=504170) to work on /home/cloud/codings/airflow/dags/3_dag_GET_Current_YML_From_Cortex.py
[2026-03-10T14:34:53.477+0000] {processor.py:830} INFO - Processing file /home/cloud/codings/airflow/dags/3_dag_GET_Current_YML_From_Cortex.py for tasks to queue
[2026-03-10T14:34:53.478+0000] {logging_mixin.py:188} INFO - [2026-03-10T14:34:53.478+0000] {dagbag.py:545} INFO - Filling up the DagBag from /home/cloud/codings/airflow/dags/3_dag_GET_Current_YML_From_Cortex.py
[2026-03-10T14:34:53.507+0000] {processor.py:840} INFO - DAG(s) '3_dag_GET_Current_YML_From_Cortex' retrieved from /home/cloud/codings/airflow/dags/3_dag_GET_Current_YML_From_Cortex.py
[2026-03-10T14:34:53.526+0000] {logging_mixin.py:188} INFO - [2026-03-10T14:34:53.526+0000] {dag.py:3089} INFO - Sync 1 DAGs
[2026-03-10T14:34:53.543+0000] {logging_mixin.py:188} INFO - [2026-03-10T14:34:53.543+0000] {dag.py:3947} INFO - Setting next_dagrun for 3_dag_GET_Current_YML_From_Cortex to None, run_after=None
[2026-03-10T14:34:53.572+0000] {processor.py:183} INFO - Processing /home/cloud/codings/airflow/dags/3_dag_GET_Current_YML_From_Cortex.py took 0.104 seconds
[2026-03-10T14:35:23.857+0000] {processor.py:161} INFO - Started process (PID=504243) to work on /home/cloud/codings/airflow/dags/3_dag_GET_Current_YML_From_Cortex.py
[2026-03-10T14:35:23.862+0000] {processor.py:830} INFO - Processing file /home/cloud/codings/airflow/dags/3_dag_GET_Current_YML_From_Cortex.py for tasks to queue
[2026-03-10T14:35:23.863+0000] {logging_mixin.py:188} INFO - [2026-03-10T14:35:23.862+0000] {dagbag.py:545} INFO - Filling up the DagBag from /home/cloud/codings/airflow/dags/3_dag_GET_Current_YML_From_Cortex.py
[2026-03-10T14:35:23.885+0000] {processor.py:840} INFO - DAG(s) '3_dag_GET_Current_YML_From_Cortex' retrieved from /home/cloud/codings/airflow/dags/3_dag_GET_Current_YML_From_Cortex.py
[2026-03-10T14:35:23.901+0000] {logging_mixin.py:188} INFO - [2026-03-10T14:35:23.901+0000] {dag.py:3089} INFO - Sync 1 DAGs
[2026-03-10T14:35:23.915+0000] {logging_mixin.py:188} INFO - [2026-03-10T14:35:23.914+0000] {dag.py:3947} INFO - Setting next_dagrun for 3_dag_GET_Current_YML_From_Cortex to None, run_after=None
[2026-03-10T14:35:23.941+0000] {processor.py:183} INFO - Processing /home/cloud/codings/airflow/dags/3_dag_GET_Current_YML_From_Cortex.py took 0.090 seconds
[2026-03-10T14:35:54.142+0000] {processor.py:161} INFO - Started process (PID=504436) to work on /home/cloud/codings/airflow/dags/3_dag_GET_Current_YML_From_Cortex.py
[2026-03-10T14:35:54.146+0000] {processor.py:830} INFO - Processing file /home/cloud/codings/airflow/dags/3_dag_GET_Current_YML_From_Cortex.py for tasks to queue
[2026-03-10T14:35:54.147+0000] {logging_mixin.py:188} INFO - [2026-03-10T14:35:54.147+0000] {dagbag.py:545} INFO - Filling up the DagBag from /home/cloud/codings/airflow/dags/3_dag_GET_Current_YML_From_Cortex.py
[2026-03-10T14:35:54.171+0000] {processor.py:840} INFO - DAG(s) '3_dag_GET_Current_YML_From_Cortex' retrieved from /home/cloud/codings/airflow/dags/3_dag_GET_Current_YML_From_Cortex.py
[2026-03-10T14:35:54.187+0000] {logging_mixin.py:188} INFO - [2026-03-10T14:35:54.186+0000] {dag.py:3089} INFO - Sync 1 DAGs
[2026-03-10T14:35:54.201+0000] {logging_mixin.py:188} INFO - [2026-03-10T14:35:54.201+0000] {dag.py:3947} INFO - Setting next_dagrun for 3_dag_GET_Current_YML_From_Cortex to None, run_after=None
[2026-03-10T14:35:54.230+0000] {processor.py:183} INFO - Processing /home/cloud/codings/airflow/dags/3_dag_GET_Current_YML_From_Cortex.py took 0.095 seconds
[2026-03-10T14:36:24.341+0000] {processor.py:161} INFO - Started process (PID=504503) to work on /home/cloud/codings/airflow/dags/3_dag_GET_Current_YML_From_Cortex.py
[2026-03-10T14:36:24.343+0000] {processor.py:830} INFO - Processing file /home/cloud/codings/airflow/dags/3_dag_GET_Current_YML_From_Cortex.py for tasks to queue
[2026-03-10T14:36:24.345+0000] {logging_mixin.py:188} INFO - [2026-03-10T14:36:24.344+0000] {dagbag.py:545} INFO - Filling up the DagBag from /home/cloud/codings/airflow/dags/3_dag_GET_Current_YML_From_Cortex.py
[2026-03-10T14:36:24.387+0000] {processor.py:840} INFO - DAG(s) '3_dag_GET_Current_YML_From_Cortex' retrieved from /home/cloud/codings/airflow/dags/3_dag_GET_Current_YML_From_Cortex.py
[2026-03-10T14:36:24.410+0000] {logging_mixin.py:188} INFO - [2026-03-10T14:36:24.410+0000] {dag.py:3089} INFO - Sync 1 DAGs
[2026-03-10T14:36:24.433+0000] {logging_mixin.py:188} INFO - [2026-03-10T14:36:24.433+0000] {dag.py:3947} INFO - Setting next_dagrun for 3_dag_GET_Current_YML_From_Cortex to None, run_after=None
[2026-03-10T14:36:24.469+0000] {processor.py:183} INFO - Processing /home/cloud/codings/airflow/dags/3_dag_GET_Current_YML_From_Cortex.py took 0.139 seconds
[2026-03-10T14:36:54.637+0000] {processor.py:161} INFO - Started process (PID=504638) to work on /home/cloud/codings/airflow/dags/3_dag_GET_Current_YML_From_Cortex.py
[2026-03-10T14:36:54.642+0000] {processor.py:830} INFO - Processing file /home/cloud/codings/airflow/dags/3_dag_GET_Current_YML_From_Cortex.py for tasks to queue
[2026-03-10T14:36:54.643+0000] {logging_mixin.py:188} INFO - [2026-03-10T14:36:54.642+0000] {dagbag.py:545} INFO - Filling up the DagBag from /home/cloud/codings/airflow/dags/3_dag_GET_Current_YML_From_Cortex.py
[2026-03-10T14:36:54.667+0000] {processor.py:840} INFO - DAG(s) '3_dag_GET_Current_YML_From_Cortex' retrieved from /home/cloud/codings/airflow/dags/3_dag_GET_Current_YML_From_Cortex.py
[2026-03-10T14:36:54.685+0000] {logging_mixin.py:188} INFO - [2026-03-10T14:36:54.684+0000] {dag.py:3089} INFO - Sync 1 DAGs
[2026-03-10T14:36:54.699+0000] {logging_mixin.py:188} INFO - [2026-03-10T14:36:54.699+0000] {dag.py:3947} INFO - Setting next_dagrun for 3_dag_GET_Current_YML_From_Cortex to None, run_after=None
[2026-03-10T14:36:54.725+0000] {processor.py:183} INFO - Processing /home/cloud/codings/airflow/dags/3_dag_GET_Current_YML_From_Cortex.py took 0.094 seconds
[2026-03-10T14:37:24.926+0000] {processor.py:161} INFO - Started process (PID=504713) to work on /home/cloud/codings/airflow/dags/3_dag_GET_Current_YML_From_Cortex.py
[2026-03-10T14:37:24.931+0000] {processor.py:830} INFO - Processing file /home/cloud/codings/airflow/dags/3_dag_GET_Current_YML_From_Cortex.py for tasks to queue
[2026-03-10T14:37:24.932+0000] {logging_mixin.py:188} INFO - [2026-03-10T14:37:24.932+0000] {dagbag.py:545} INFO - Filling up the DagBag from /home/cloud/codings/airflow/dags/3_dag_GET_Current_YML_From_Cortex.py
[2026-03-10T14:37:24.955+0000] {processor.py:840} INFO - DAG(s) '3_dag_GET_Current_YML_From_Cortex' retrieved from /home/cloud/codings/airflow/dags/3_dag_GET_Current_YML_From_Cortex.py
[2026-03-10T14:37:24.971+0000] {logging_mixin.py:188} INFO - [2026-03-10T14:37:24.971+0000] {dag.py:3089} INFO - Sync 1 DAGs
[2026-03-10T14:37:24.985+0000] {logging_mixin.py:188} INFO - [2026-03-10T14:37:24.985+0000] {dag.py:3947} INFO - Setting next_dagrun for 3_dag_GET_Current_YML_From_Cortex to None, run_after=None
[2026-03-10T14:37:25.013+0000] {processor.py:183} INFO - Processing /home/cloud/codings/airflow/dags/3_dag_GET_Current_YML_From_Cortex.py took 0.094 seconds
[2026-03-10T14:37:55.151+0000] {processor.py:161} INFO - Started process (PID=504842) to work on /home/cloud/codings/airflow/dags/3_dag_GET_Current_YML_From_Cortex.py
[2026-03-10T14:37:55.152+0000] {processor.py:830} INFO - Processing file /home/cloud/codings/airflow/dags/3_dag_GET_Current_YML_From_Cortex.py for tasks to queue
[2026-03-10T14:37:55.153+0000] {logging_mixin.py:188} INFO - [2026-03-10T14:37:55.152+0000] {dagbag.py:545} INFO - Filling up the DagBag from /home/cloud/codings/airflow/dags/3_dag_GET_Current_YML_From_Cortex.py
[2026-03-10T14:37:55.182+0000] {processor.py:840} INFO - DAG(s) '3_dag_GET_Current_YML_From_Cortex' retrieved from /home/cloud/codings/airflow/dags/3_dag_GET_Current_YML_From_Cortex.py
[2026-03-10T14:37:55.201+0000] {logging_mixin.py:188} INFO - [2026-03-10T14:37:55.200+0000] {dag.py:3089} INFO - Sync 1 DAGs
[2026-03-10T14:37:55.215+0000] {logging_mixin.py:188} INFO - [2026-03-10T14:37:55.214+0000] {dag.py:3947} INFO - Setting next_dagrun for 3_dag_GET_Current_YML_From_Cortex to None, run_after=None
[2026-03-10T14:37:55.243+0000] {processor.py:183} INFO - Processing /home/cloud/codings/airflow/dags/3_dag_GET_Current_YML_From_Cortex.py took 0.099 seconds
[2026-03-10T14:38:25.631+0000] {processor.py:161} INFO - Started process (PID=504915) to work on /home/cloud/codings/airflow/dags/3_dag_GET_Current_YML_From_Cortex.py
[2026-03-10T14:38:25.632+0000] {processor.py:830} INFO - Processing file /home/cloud/codings/airflow/dags/3_dag_GET_Current_YML_From_Cortex.py for tasks to queue
[2026-03-10T14:38:25.633+0000] {logging_mixin.py:188} INFO - [2026-03-10T14:38:25.633+0000] {dagbag.py:545} INFO - Filling up the DagBag from /home/cloud/codings/airflow/dags/3_dag_GET_Current_YML_From_Cortex.py
[2026-03-10T14:38:25.659+0000] {processor.py:840} INFO - DAG(s) '3_dag_GET_Current_YML_From_Cortex' retrieved from /home/cloud/codings/airflow/dags/3_dag_GET_Current_YML_From_Cortex.py
[2026-03-10T14:38:25.676+0000] {logging_mixin.py:188} INFO - [2026-03-10T14:38:25.676+0000] {dag.py:3089} INFO - Sync 1 DAGs
[2026-03-10T14:38:25.691+0000] {logging_mixin.py:188} INFO - [2026-03-10T14:38:25.690+0000] {dag.py:3947} INFO - Setting next_dagrun for 3_dag_GET_Current_YML_From_Cortex to None, run_after=None
[2026-03-10T14:38:25.722+0000] {processor.py:183} INFO - Processing /home/cloud/codings/airflow/dags/3_dag_GET_Current_YML_From_Cortex.py took 0.099 seconds
[2026-03-10T14:38:56.019+0000] {processor.py:161} INFO - Started process (PID=505081) to work on /home/cloud/codings/airflow/dags/3_dag_GET_Current_YML_From_Cortex.py
[2026-03-10T14:38:56.021+0000] {processor.py:830} INFO - Processing file /home/cloud/codings/airflow/dags/3_dag_GET_Current_YML_From_Cortex.py for tasks to queue
[2026-03-10T14:38:56.022+0000] {logging_mixin.py:188} INFO - [2026-03-10T14:38:56.022+0000] {dagbag.py:545} INFO - Filling up the DagBag from /home/cloud/codings/airflow/dags/3_dag_GET_Current_YML_From_Cortex.py
[2026-03-10T14:38:56.058+0000] {processor.py:840} INFO - DAG(s) '3_dag_GET_Current_YML_From_Cortex' retrieved from /home/cloud/codings/airflow/dags/3_dag_GET_Current_YML_From_Cortex.py
[2026-03-10T14:38:56.080+0000] {logging_mixin.py:188} INFO - [2026-03-10T14:38:56.080+0000] {dag.py:3089} INFO - Sync 1 DAGs
[2026-03-10T14:38:56.101+0000] {logging_mixin.py:188} INFO - [2026-03-10T14:38:56.101+0000] {dag.py:3947} INFO - Setting next_dagrun for 3_dag_GET_Current_YML_From_Cortex to None, run_after=None
[2026-03-10T14:38:56.137+0000] {processor.py:183} INFO - Processing /home/cloud/codings/airflow/dags/3_dag_GET_Current_YML_From_Cortex.py took 0.127 seconds
[2026-03-10T14:39:26.526+0000] {processor.py:161} INFO - Started process (PID=505358) to work on /home/cloud/codings/airflow/dags/3_dag_GET_Current_YML_From_Cortex.py
[2026-03-10T14:39:26.531+0000] {processor.py:830} INFO - Processing file /home/cloud/codings/airflow/dags/3_dag_GET_Current_YML_From_Cortex.py for tasks to queue
[2026-03-10T14:39:26.532+0000] {logging_mixin.py:188} INFO - [2026-03-10T14:39:26.532+0000] {dagbag.py:545} INFO - Filling up the DagBag from /home/cloud/codings/airflow/dags/3_dag_GET_Current_YML_From_Cortex.py
[2026-03-10T14:39:26.565+0000] {processor.py:840} INFO - DAG(s) '3_dag_GET_Current_YML_From_Cortex' retrieved from /home/cloud/codings/airflow/dags/3_dag_GET_Current_YML_From_Cortex.py
[2026-03-10T14:39:26.593+0000] {logging_mixin.py:188} INFO - [2026-03-10T14:39:26.592+0000] {dag.py:3089} INFO - Sync 1 DAGs
[2026-03-10T14:39:26.620+0000] {logging_mixin.py:188} INFO - [2026-03-10T14:39:26.619+0000] {dag.py:3947} INFO - Setting next_dagrun for 3_dag_GET_Current_YML_From_Cortex to None, run_after=None
[2026-03-10T14:39:26.660+0000] {processor.py:183} INFO - Processing /home/cloud/codings/airflow/dags/3_dag_GET_Current_YML_From_Cortex.py took 0.142 seconds
[2026-03-10T14:39:57.069+0000] {processor.py:161} INFO - Started process (PID=505745) to work on /home/cloud/codings/airflow/dags/3_dag_GET_Current_YML_From_Cortex.py
[2026-03-10T14:39:57.070+0000] {processor.py:830} INFO - Processing file /home/cloud/codings/airflow/dags/3_dag_GET_Current_YML_From_Cortex.py for tasks to queue
[2026-03-10T14:39:57.072+0000] {logging_mixin.py:188} INFO - [2026-03-10T14:39:57.071+0000] {dagbag.py:545} INFO - Filling up the DagBag from /home/cloud/codings/airflow/dags/3_dag_GET_Current_YML_From_Cortex.py
[2026-03-10T14:39:57.116+0000] {processor.py:840} INFO - DAG(s) '3_dag_GET_Current_YML_From_Cortex' retrieved from /home/cloud/codings/airflow/dags/3_dag_GET_Current_YML_From_Cortex.py
[2026-03-10T14:39:57.136+0000] {logging_mixin.py:188} INFO - [2026-03-10T14:39:57.136+0000] {dag.py:3089} INFO - Sync 1 DAGs
[2026-03-10T14:39:57.155+0000] {logging_mixin.py:188} INFO - [2026-03-10T14:39:57.155+0000] {dag.py:3947} INFO - Setting next_dagrun for 3_dag_GET_Current_YML_From_Cortex to None, run_after=None
[2026-03-10T14:39:57.192+0000] {processor.py:183} INFO - Processing /home/cloud/codings/airflow/dags/3_dag_GET_Current_YML_From_Cortex.py took 0.131 seconds
[2026-03-10T14:40:27.782+0000] {processor.py:161} INFO - Started process (PID=505937) to work on /home/cloud/codings/airflow/dags/3_dag_GET_Current_YML_From_Cortex.py
[2026-03-10T14:40:27.787+0000] {processor.py:830} INFO - Processing file /home/cloud/codings/airflow/dags/3_dag_GET_Current_YML_From_Cortex.py for tasks to queue
[2026-03-10T14:40:27.790+0000] {logging_mixin.py:188} INFO - [2026-03-10T14:40:27.789+0000] {dagbag.py:545} INFO - Filling up the DagBag from /home/cloud/codings/airflow/dags/3_dag_GET_Current_YML_From_Cortex.py
[2026-03-10T14:40:27.825+0000] {processor.py:840} INFO - DAG(s) '3_dag_GET_Current_YML_From_Cortex' retrieved from /home/cloud/codings/airflow/dags/3_dag_GET_Current_YML_From_Cortex.py
[2026-03-10T14:40:27.848+0000] {logging_mixin.py:188} INFO - [2026-03-10T14:40:27.848+0000] {dag.py:3089} INFO - Sync 1 DAGs
[2026-03-10T14:40:27.868+0000] {logging_mixin.py:188} INFO - [2026-03-10T14:40:27.867+0000] {dag.py:3947} INFO - Setting next_dagrun for 3_dag_GET_Current_YML_From_Cortex to None, run_after=None
[2026-03-10T14:40:27.899+0000] {processor.py:183} INFO - Processing /home/cloud/codings/airflow/dags/3_dag_GET_Current_YML_From_Cortex.py took 0.125 seconds
[2026-03-10T14:40:58.285+0000] {processor.py:161} INFO - Started process (PID=506211) to work on /home/cloud/codings/airflow/dags/3_dag_GET_Current_YML_From_Cortex.py
[2026-03-10T14:40:58.288+0000] {processor.py:830} INFO - Processing file /home/cloud/codings/airflow/dags/3_dag_GET_Current_YML_From_Cortex.py for tasks to queue
[2026-03-10T14:40:58.290+0000] {logging_mixin.py:188} INFO - [2026-03-10T14:40:58.289+0000] {dagbag.py:545} INFO - Filling up the DagBag from /home/cloud/codings/airflow/dags/3_dag_GET_Current_YML_From_Cortex.py
[2026-03-10T14:40:58.352+0000] {processor.py:840} INFO - DAG(s) '3_dag_GET_Current_YML_From_Cortex' retrieved from /home/cloud/codings/airflow/dags/3_dag_GET_Current_YML_From_Cortex.py
[2026-03-10T14:40:58.403+0000] {logging_mixin.py:188} INFO - [2026-03-10T14:40:58.401+0000] {dag.py:3089} INFO - Sync 1 DAGs
[2026-03-10T14:40:58.475+0000] {logging_mixin.py:188} INFO - [2026-03-10T14:40:58.474+0000] {dag.py:3947} INFO - Setting next_dagrun for 3_dag_GET_Current_YML_From_Cortex to None, run_after=None
[2026-03-10T14:40:58.547+0000] {processor.py:183} INFO - Processing /home/cloud/codings/airflow/dags/3_dag_GET_Current_YML_From_Cortex.py took 0.274 seconds
[2026-03-10T14:41:56.378+0000] {processor.py:161} INFO - Started process (PID=507062) to work on /home/cloud/codings/airflow/dags/3_dag_GET_Current_YML_From_Cortex.py
[2026-03-10T14:41:56.381+0000] {processor.py:830} INFO - Processing file /home/cloud/codings/airflow/dags/3_dag_GET_Current_YML_From_Cortex.py for tasks to queue
[2026-03-10T14:41:56.385+0000] {logging_mixin.py:188} INFO - [2026-03-10T14:41:56.384+0000] {dagbag.py:545} INFO - Filling up the DagBag from /home/cloud/codings/airflow/dags/3_dag_GET_Current_YML_From_Cortex.py
[2026-03-10T14:41:56.449+0000] {processor.py:840} INFO - DAG(s) '3_dag_GET_Current_YML_From_Cortex' retrieved from /home/cloud/codings/airflow/dags/3_dag_GET_Current_YML_From_Cortex.py
[2026-03-10T14:41:56.485+0000] {logging_mixin.py:188} INFO - [2026-03-10T14:41:56.485+0000] {dag.py:3089} INFO - Sync 1 DAGs
[2026-03-10T14:41:56.510+0000] {logging_mixin.py:188} INFO - [2026-03-10T14:41:56.509+0000] {dag.py:3947} INFO - Setting next_dagrun for 3_dag_GET_Current_YML_From_Cortex to None, run_after=None
[2026-03-10T14:41:56.555+0000] {processor.py:183} INFO - Processing /home/cloud/codings/airflow/dags/3_dag_GET_Current_YML_From_Cortex.py took 0.198 seconds
[2026-03-10T14:42:27.130+0000] {processor.py:161} INFO - Started process (PID=507194) to work on /home/cloud/codings/airflow/dags/3_dag_GET_Current_YML_From_Cortex.py
[2026-03-10T14:42:27.132+0000] {processor.py:830} INFO - Processing file /home/cloud/codings/airflow/dags/3_dag_GET_Current_YML_From_Cortex.py for tasks to queue
[2026-03-10T14:42:27.135+0000] {logging_mixin.py:188} INFO - [2026-03-10T14:42:27.134+0000] {dagbag.py:545} INFO - Filling up the DagBag from /home/cloud/codings/airflow/dags/3_dag_GET_Current_YML_From_Cortex.py
[2026-03-10T14:42:27.184+0000] {processor.py:840} INFO - DAG(s) '3_dag_GET_Current_YML_From_Cortex' retrieved from /home/cloud/codings/airflow/dags/3_dag_GET_Current_YML_From_Cortex.py
[2026-03-10T14:42:27.209+0000] {logging_mixin.py:188} INFO - [2026-03-10T14:42:27.208+0000] {dag.py:3089} INFO - Sync 1 DAGs
[2026-03-10T14:42:27.234+0000] {logging_mixin.py:188} INFO - [2026-03-10T14:42:27.234+0000] {dag.py:3947} INFO - Setting next_dagrun for 3_dag_GET_Current_YML_From_Cortex to None, run_after=None
[2026-03-10T14:42:27.270+0000] {processor.py:183} INFO - Processing /home/cloud/codings/airflow/dags/3_dag_GET_Current_YML_From_Cortex.py took 0.154 seconds
[2026-03-10T14:42:58.013+0000] {processor.py:161} INFO - Started process (PID=507329) to work on /home/cloud/codings/airflow/dags/3_dag_GET_Current_YML_From_Cortex.py
[2026-03-10T14:42:58.018+0000] {processor.py:830} INFO - Processing file /home/cloud/codings/airflow/dags/3_dag_GET_Current_YML_From_Cortex.py for tasks to queue
[2026-03-10T14:42:58.020+0000] {logging_mixin.py:188} INFO - [2026-03-10T14:42:58.019+0000] {dagbag.py:545} INFO - Filling up the DagBag from /home/cloud/codings/airflow/dags/3_dag_GET_Current_YML_From_Cortex.py
[2026-03-10T14:42:58.051+0000] {processor.py:840} INFO - DAG(s) '3_dag_GET_Current_YML_From_Cortex' retrieved from /home/cloud/codings/airflow/dags/3_dag_GET_Current_YML_From_Cortex.py
[2026-03-10T14:42:58.074+0000] {logging_mixin.py:188} INFO - [2026-03-10T14:42:58.073+0000] {dag.py:3089} INFO - Sync 1 DAGs
[2026-03-10T14:42:58.091+0000] {logging_mixin.py:188} INFO - [2026-03-10T14:42:58.091+0000] {dag.py:3947} INFO - Setting next_dagrun for 3_dag_GET_Current_YML_From_Cortex to None, run_after=None
[2026-03-10T14:42:58.139+0000] {processor.py:183} INFO - Processing /home/cloud/codings/airflow/dags/3_dag_GET_Current_YML_From_Cortex.py took 0.135 seconds
[2026-03-10T14:43:28.337+0000] {processor.py:161} INFO - Started process (PID=507458) to work on /home/cloud/codings/airflow/dags/3_dag_GET_Current_YML_From_Cortex.py
[2026-03-10T14:43:28.339+0000] {processor.py:830} INFO - Processing file /home/cloud/codings/airflow/dags/3_dag_GET_Current_YML_From_Cortex.py for tasks to queue
[2026-03-10T14:43:28.340+0000] {logging_mixin.py:188} INFO - [2026-03-10T14:43:28.339+0000] {dagbag.py:545} INFO - Filling up the DagBag from /home/cloud/codings/airflow/dags/3_dag_GET_Current_YML_From_Cortex.py
[2026-03-10T14:43:28.364+0000] {processor.py:840} INFO - DAG(s) '3_dag_GET_Current_YML_From_Cortex' retrieved from /home/cloud/codings/airflow/dags/3_dag_GET_Current_YML_From_Cortex.py
[2026-03-10T14:43:28.381+0000] {logging_mixin.py:188} INFO - [2026-03-10T14:43:28.381+0000] {dag.py:3089} INFO - Sync 1 DAGs
[2026-03-10T14:43:28.398+0000] {logging_mixin.py:188} INFO - [2026-03-10T14:43:28.398+0000] {dag.py:3947} INFO - Setting next_dagrun for 3_dag_GET_Current_YML_From_Cortex to None, run_after=None
[2026-03-10T14:43:28.433+0000] {processor.py:183} INFO - Processing /home/cloud/codings/airflow/dags/3_dag_GET_Current_YML_From_Cortex.py took 0.103 seconds
[2026-03-10T14:43:59.224+0000] {processor.py:161} INFO - Started process (PID=507710) to work on /home/cloud/codings/airflow/dags/3_dag_GET_Current_YML_From_Cortex.py
[2026-03-10T14:43:59.227+0000] {processor.py:830} INFO - Processing file /home/cloud/codings/airflow/dags/3_dag_GET_Current_YML_From_Cortex.py for tasks to queue
[2026-03-10T14:43:59.228+0000] {logging_mixin.py:188} INFO - [2026-03-10T14:43:59.227+0000] {dagbag.py:545} INFO - Filling up the DagBag from /home/cloud/codings/airflow/dags/3_dag_GET_Current_YML_From_Cortex.py
[2026-03-10T14:43:59.265+0000] {processor.py:840} INFO - DAG(s) '3_dag_GET_Current_YML_From_Cortex' retrieved from /home/cloud/codings/airflow/dags/3_dag_GET_Current_YML_From_Cortex.py
[2026-03-10T14:43:59.291+0000] {logging_mixin.py:188} INFO - [2026-03-10T14:43:59.290+0000] {dag.py:3089} INFO - Sync 1 DAGs
[2026-03-10T14:43:59.315+0000] {logging_mixin.py:188} INFO - [2026-03-10T14:43:59.314+0000] {dag.py:3947} INFO - Setting next_dagrun for 3_dag_GET_Current_YML_From_Cortex to None, run_after=None
[2026-03-10T14:43:59.372+0000] {processor.py:183} INFO - Processing /home/cloud/codings/airflow/dags/3_dag_GET_Current_YML_From_Cortex.py took 0.159 seconds
[2026-03-10T14:44:29.840+0000] {processor.py:161} INFO - Started process (PID=507888) to work on /home/cloud/codings/airflow/dags/3_dag_GET_Current_YML_From_Cortex.py
[2026-03-10T14:44:29.845+0000] {processor.py:830} INFO - Processing file /home/cloud/codings/airflow/dags/3_dag_GET_Current_YML_From_Cortex.py for tasks to queue
[2026-03-10T14:44:29.846+0000] {logging_mixin.py:188} INFO - [2026-03-10T14:44:29.846+0000] {dagbag.py:545} INFO - Filling up the DagBag from /home/cloud/codings/airflow/dags/3_dag_GET_Current_YML_From_Cortex.py
[2026-03-10T14:44:29.879+0000] {processor.py:840} INFO - DAG(s) '3_dag_GET_Current_YML_From_Cortex' retrieved from /home/cloud/codings/airflow/dags/3_dag_GET_Current_YML_From_Cortex.py
[2026-03-10T14:44:29.901+0000] {logging_mixin.py:188} INFO - [2026-03-10T14:44:29.901+0000] {dag.py:3089} INFO - Sync 1 DAGs
[2026-03-10T14:44:29.936+0000] {logging_mixin.py:188} INFO - [2026-03-10T14:44:29.936+0000] {dag.py:3947} INFO - Setting next_dagrun for 3_dag_GET_Current_YML_From_Cortex to None, run_after=None
[2026-03-10T14:44:29.997+0000] {processor.py:183} INFO - Processing /home/cloud/codings/airflow/dags/3_dag_GET_Current_YML_From_Cortex.py took 0.165 seconds
[2026-03-10T14:45:00.370+0000] {processor.py:161} INFO - Started process (PID=508072) to work on /home/cloud/codings/airflow/dags/3_dag_GET_Current_YML_From_Cortex.py
[2026-03-10T14:45:00.380+0000] {processor.py:830} INFO - Processing file /home/cloud/codings/airflow/dags/3_dag_GET_Current_YML_From_Cortex.py for tasks to queue
[2026-03-10T14:45:00.382+0000] {logging_mixin.py:188} INFO - [2026-03-10T14:45:00.381+0000] {dagbag.py:545} INFO - Filling up the DagBag from /home/cloud/codings/airflow/dags/3_dag_GET_Current_YML_From_Cortex.py
[2026-03-10T14:45:00.432+0000] {processor.py:840} INFO - DAG(s) '3_dag_GET_Current_YML_From_Cortex' retrieved from /home/cloud/codings/airflow/dags/3_dag_GET_Current_YML_From_Cortex.py
[2026-03-10T14:45:00.468+0000] {logging_mixin.py:188} INFO - [2026-03-10T14:45:00.468+0000] {dag.py:3089} INFO - Sync 1 DAGs
[2026-03-10T14:45:00.498+0000] {logging_mixin.py:188} INFO - [2026-03-10T14:45:00.498+0000] {dag.py:3947} INFO - Setting next_dagrun for 3_dag_GET_Current_YML_From_Cortex to None, run_after=None
[2026-03-10T14:45:00.557+0000] {processor.py:183} INFO - Processing /home/cloud/codings/airflow/dags/3_dag_GET_Current_YML_From_Cortex.py took 0.206 seconds
[2026-03-10T14:45:31.116+0000] {processor.py:161} INFO - Started process (PID=508300) to work on /home/cloud/codings/airflow/dags/3_dag_GET_Current_YML_From_Cortex.py
[2026-03-10T14:45:31.121+0000] {processor.py:830} INFO - Processing file /home/cloud/codings/airflow/dags/3_dag_GET_Current_YML_From_Cortex.py for tasks to queue
[2026-03-10T14:45:31.122+0000] {logging_mixin.py:188} INFO - [2026-03-10T14:45:31.122+0000] {dagbag.py:545} INFO - Filling up the DagBag from /home/cloud/codings/airflow/dags/3_dag_GET_Current_YML_From_Cortex.py
[2026-03-10T14:45:31.154+0000] {processor.py:840} INFO - DAG(s) '3_dag_GET_Current_YML_From_Cortex' retrieved from /home/cloud/codings/airflow/dags/3_dag_GET_Current_YML_From_Cortex.py
[2026-03-10T14:45:31.172+0000] {logging_mixin.py:188} INFO - [2026-03-10T14:45:31.172+0000] {dag.py:3089} INFO - Sync 1 DAGs
[2026-03-10T14:45:31.196+0000] {logging_mixin.py:188} INFO - [2026-03-10T14:45:31.196+0000] {dag.py:3947} INFO - Setting next_dagrun for 3_dag_GET_Current_YML_From_Cortex to None, run_after=None
[2026-03-10T14:45:31.234+0000] {processor.py:183} INFO - Processing /home/cloud/codings/airflow/dags/3_dag_GET_Current_YML_From_Cortex.py took 0.129 seconds
[2026-03-10T14:46:01.817+0000] {processor.py:161} INFO - Started process (PID=508516) to work on /home/cloud/codings/airflow/dags/3_dag_GET_Current_YML_From_Cortex.py
[2026-03-10T14:46:01.819+0000] {processor.py:830} INFO - Processing file /home/cloud/codings/airflow/dags/3_dag_GET_Current_YML_From_Cortex.py for tasks to queue
[2026-03-10T14:46:01.820+0000] {logging_mixin.py:188} INFO - [2026-03-10T14:46:01.819+0000] {dagbag.py:545} INFO - Filling up the DagBag from /home/cloud/codings/airflow/dags/3_dag_GET_Current_YML_From_Cortex.py
[2026-03-10T14:46:01.857+0000] {processor.py:840} INFO - DAG(s) '3_dag_GET_Current_YML_From_Cortex' retrieved from /home/cloud/codings/airflow/dags/3_dag_GET_Current_YML_From_Cortex.py
[2026-03-10T14:46:01.883+0000] {logging_mixin.py:188} INFO - [2026-03-10T14:46:01.883+0000] {dag.py:3089} INFO - Sync 1 DAGs
[2026-03-10T14:46:01.915+0000] {logging_mixin.py:188} INFO - [2026-03-10T14:46:01.915+0000] {dag.py:3947} INFO - Setting next_dagrun for 3_dag_GET_Current_YML_From_Cortex to None, run_after=None
[2026-03-10T14:46:01.958+0000] {processor.py:183} INFO - Processing /home/cloud/codings/airflow/dags/3_dag_GET_Current_YML_From_Cortex.py took 0.151 seconds
[2026-03-10T14:46:32.382+0000] {processor.py:161} INFO - Started process (PID=508892) to work on /home/cloud/codings/airflow/dags/3_dag_GET_Current_YML_From_Cortex.py
[2026-03-10T14:46:32.387+0000] {processor.py:830} INFO - Processing file /home/cloud/codings/airflow/dags/3_dag_GET_Current_YML_From_Cortex.py for tasks to queue
[2026-03-10T14:46:32.388+0000] {logging_mixin.py:188} INFO - [2026-03-10T14:46:32.388+0000] {dagbag.py:545} INFO - Filling up the DagBag from /home/cloud/codings/airflow/dags/3_dag_GET_Current_YML_From_Cortex.py
[2026-03-10T14:46:32.412+0000] {processor.py:840} INFO - DAG(s) '3_dag_GET_Current_YML_From_Cortex' retrieved from /home/cloud/codings/airflow/dags/3_dag_GET_Current_YML_From_Cortex.py
[2026-03-10T14:46:32.427+0000] {logging_mixin.py:188} INFO - [2026-03-10T14:46:32.427+0000] {dag.py:3089} INFO - Sync 1 DAGs
[2026-03-10T14:46:32.441+0000] {logging_mixin.py:188} INFO - [2026-03-10T14:46:32.440+0000] {dag.py:3947} INFO - Setting next_dagrun for 3_dag_GET_Current_YML_From_Cortex to None, run_after=None
[2026-03-10T14:46:32.468+0000] {processor.py:183} INFO - Processing /home/cloud/codings/airflow/dags/3_dag_GET_Current_YML_From_Cortex.py took 0.093 seconds
[2026-03-10T14:47:03.019+0000] {processor.py:161} INFO - Started process (PID=509169) to work on /home/cloud/codings/airflow/dags/3_dag_GET_Current_YML_From_Cortex.py
[2026-03-10T14:47:03.023+0000] {processor.py:830} INFO - Processing file /home/cloud/codings/airflow/dags/3_dag_GET_Current_YML_From_Cortex.py for tasks to queue
[2026-03-10T14:47:03.024+0000] {logging_mixin.py:188} INFO - [2026-03-10T14:47:03.024+0000] {dagbag.py:545} INFO - Filling up the DagBag from /home/cloud/codings/airflow/dags/3_dag_GET_Current_YML_From_Cortex.py
[2026-03-10T14:47:03.051+0000] {processor.py:840} INFO - DAG(s) '3_dag_GET_Current_YML_From_Cortex' retrieved from /home/cloud/codings/airflow/dags/3_dag_GET_Current_YML_From_Cortex.py
[2026-03-10T14:47:03.067+0000] {logging_mixin.py:188} INFO - [2026-03-10T14:47:03.067+0000] {dag.py:3089} INFO - Sync 1 DAGs
[2026-03-10T14:47:03.083+0000] {logging_mixin.py:188} INFO - [2026-03-10T14:47:03.082+0000] {dag.py:3947} INFO - Setting next_dagrun for 3_dag_GET_Current_YML_From_Cortex to None, run_after=None
[2026-03-10T14:47:03.110+0000] {processor.py:183} INFO - Processing /home/cloud/codings/airflow/dags/3_dag_GET_Current_YML_From_Cortex.py took 0.099 seconds
[2026-03-10T14:47:33.253+0000] {processor.py:161} INFO - Started process (PID=509388) to work on /home/cloud/codings/airflow/dags/3_dag_GET_Current_YML_From_Cortex.py
[2026-03-10T14:47:33.255+0000] {processor.py:830} INFO - Processing file /home/cloud/codings/airflow/dags/3_dag_GET_Current_YML_From_Cortex.py for tasks to queue
[2026-03-10T14:47:33.256+0000] {logging_mixin.py:188} INFO - [2026-03-10T14:47:33.256+0000] {dagbag.py:545} INFO - Filling up the DagBag from /home/cloud/codings/airflow/dags/3_dag_GET_Current_YML_From_Cortex.py
[2026-03-10T14:47:33.286+0000] {processor.py:840} INFO - DAG(s) '3_dag_GET_Current_YML_From_Cortex' retrieved from /home/cloud/codings/airflow/dags/3_dag_GET_Current_YML_From_Cortex.py
[2026-03-10T14:47:33.305+0000] {logging_mixin.py:188} INFO - [2026-03-10T14:47:33.305+0000] {dag.py:3089} INFO - Sync 1 DAGs
[2026-03-10T14:47:33.322+0000] {logging_mixin.py:188} INFO - [2026-03-10T14:47:33.322+0000] {dag.py:3947} INFO - Setting next_dagrun for 3_dag_GET_Current_YML_From_Cortex to None, run_after=None
[2026-03-10T14:47:33.350+0000] {processor.py:183} INFO - Processing /home/cloud/codings/airflow/dags/3_dag_GET_Current_YML_From_Cortex.py took 0.105 seconds
[2026-03-10T14:48:03.704+0000] {processor.py:161} INFO - Started process (PID=509659) to work on /home/cloud/codings/airflow/dags/3_dag_GET_Current_YML_From_Cortex.py
[2026-03-10T14:48:03.710+0000] {processor.py:830} INFO - Processing file /home/cloud/codings/airflow/dags/3_dag_GET_Current_YML_From_Cortex.py for tasks to queue
[2026-03-10T14:48:03.710+0000] {logging_mixin.py:188} INFO - [2026-03-10T14:48:03.710+0000] {dagbag.py:545} INFO - Filling up the DagBag from /home/cloud/codings/airflow/dags/3_dag_GET_Current_YML_From_Cortex.py
[2026-03-10T14:48:03.735+0000] {processor.py:840} INFO - DAG(s) '3_dag_GET_Current_YML_From_Cortex' retrieved from /home/cloud/codings/airflow/dags/3_dag_GET_Current_YML_From_Cortex.py
[2026-03-10T14:48:03.750+0000] {logging_mixin.py:188} INFO - [2026-03-10T14:48:03.749+0000] {dag.py:3089} INFO - Sync 1 DAGs
[2026-03-10T14:48:03.764+0000] {logging_mixin.py:188} INFO - [2026-03-10T14:48:03.764+0000] {dag.py:3947} INFO - Setting next_dagrun for 3_dag_GET_Current_YML_From_Cortex to None, run_after=None
[2026-03-10T14:48:03.790+0000] {processor.py:183} INFO - Processing /home/cloud/codings/airflow/dags/3_dag_GET_Current_YML_From_Cortex.py took 0.092 seconds
[2026-03-10T14:48:33.988+0000] {processor.py:161} INFO - Started process (PID=509852) to work on /home/cloud/codings/airflow/dags/3_dag_GET_Current_YML_From_Cortex.py
[2026-03-10T14:48:33.993+0000] {processor.py:830} INFO - Processing file /home/cloud/codings/airflow/dags/3_dag_GET_Current_YML_From_Cortex.py for tasks to queue
[2026-03-10T14:48:33.994+0000] {logging_mixin.py:188} INFO - [2026-03-10T14:48:33.993+0000] {dagbag.py:545} INFO - Filling up the DagBag from /home/cloud/codings/airflow/dags/3_dag_GET_Current_YML_From_Cortex.py
[2026-03-10T14:48:34.015+0000] {processor.py:840} INFO - DAG(s) '3_dag_GET_Current_YML_From_Cortex' retrieved from /home/cloud/codings/airflow/dags/3_dag_GET_Current_YML_From_Cortex.py
[2026-03-10T14:48:34.029+0000] {logging_mixin.py:188} INFO - [2026-03-10T14:48:34.029+0000] {dag.py:3089} INFO - Sync 1 DAGs
[2026-03-10T14:48:34.041+0000] {logging_mixin.py:188} INFO - [2026-03-10T14:48:34.041+0000] {dag.py:3947} INFO - Setting next_dagrun for 3_dag_GET_Current_YML_From_Cortex to None, run_after=None
[2026-03-10T14:48:34.064+0000] {processor.py:183} INFO - Processing /home/cloud/codings/airflow/dags/3_dag_GET_Current_YML_From_Cortex.py took 0.083 seconds
[2026-03-10T14:49:05.100+0000] {processor.py:161} INFO - Started process (PID=510130) to work on /home/cloud/codings/airflow/dags/3_dag_GET_Current_YML_From_Cortex.py
[2026-03-10T14:49:05.102+0000] {processor.py:830} INFO - Processing file /home/cloud/codings/airflow/dags/3_dag_GET_Current_YML_From_Cortex.py for tasks to queue
[2026-03-10T14:49:05.104+0000] {logging_mixin.py:188} INFO - [2026-03-10T14:49:05.103+0000] {dagbag.py:545} INFO - Filling up the DagBag from /home/cloud/codings/airflow/dags/3_dag_GET_Current_YML_From_Cortex.py
[2026-03-10T14:49:05.131+0000] {processor.py:840} INFO - DAG(s) '3_dag_GET_Current_YML_From_Cortex' retrieved from /home/cloud/codings/airflow/dags/3_dag_GET_Current_YML_From_Cortex.py
[2026-03-10T14:49:05.164+0000] {logging_mixin.py:188} INFO - [2026-03-10T14:49:05.163+0000] {dag.py:3089} INFO - Sync 1 DAGs
[2026-03-10T14:49:05.186+0000] {logging_mixin.py:188} INFO - [2026-03-10T14:49:05.186+0000] {dag.py:3947} INFO - Setting next_dagrun for 3_dag_GET_Current_YML_From_Cortex to None, run_after=None
[2026-03-10T14:49:05.223+0000] {processor.py:183} INFO - Processing /home/cloud/codings/airflow/dags/3_dag_GET_Current_YML_From_Cortex.py took 0.132 seconds
[2026-03-10T14:49:35.648+0000] {processor.py:161} INFO - Started process (PID=510497) to work on /home/cloud/codings/airflow/dags/3_dag_GET_Current_YML_From_Cortex.py
[2026-03-10T14:49:35.658+0000] {processor.py:830} INFO - Processing file /home/cloud/codings/airflow/dags/3_dag_GET_Current_YML_From_Cortex.py for tasks to queue
[2026-03-10T14:49:35.660+0000] {logging_mixin.py:188} INFO - [2026-03-10T14:49:35.659+0000] {dagbag.py:545} INFO - Filling up the DagBag from /home/cloud/codings/airflow/dags/3_dag_GET_Current_YML_From_Cortex.py
[2026-03-10T14:49:35.708+0000] {processor.py:840} INFO - DAG(s) '3_dag_GET_Current_YML_From_Cortex' retrieved from /home/cloud/codings/airflow/dags/3_dag_GET_Current_YML_From_Cortex.py
[2026-03-10T14:49:35.747+0000] {logging_mixin.py:188} INFO - [2026-03-10T14:49:35.747+0000] {dag.py:3089} INFO - Sync 1 DAGs
[2026-03-10T14:49:35.782+0000] {logging_mixin.py:188} INFO - [2026-03-10T14:49:35.782+0000] {dag.py:3947} INFO - Setting next_dagrun for 3_dag_GET_Current_YML_From_Cortex to None, run_after=None
[2026-03-10T14:49:35.842+0000] {processor.py:183} INFO - Processing /home/cloud/codings/airflow/dags/3_dag_GET_Current_YML_From_Cortex.py took 0.210 seconds
[2026-03-10T14:50:06.387+0000] {processor.py:161} INFO - Started process (PID=510781) to work on /home/cloud/codings/airflow/dags/3_dag_GET_Current_YML_From_Cortex.py
[2026-03-10T14:50:06.394+0000] {processor.py:830} INFO - Processing file /home/cloud/codings/airflow/dags/3_dag_GET_Current_YML_From_Cortex.py for tasks to queue
[2026-03-10T14:50:06.395+0000] {logging_mixin.py:188} INFO - [2026-03-10T14:50:06.394+0000] {dagbag.py:545} INFO - Filling up the DagBag from /home/cloud/codings/airflow/dags/3_dag_GET_Current_YML_From_Cortex.py
[2026-03-10T14:50:06.425+0000] {processor.py:840} INFO - DAG(s) '3_dag_GET_Current_YML_From_Cortex' retrieved from /home/cloud/codings/airflow/dags/3_dag_GET_Current_YML_From_Cortex.py
[2026-03-10T14:50:06.448+0000] {logging_mixin.py:188} INFO - [2026-03-10T14:50:06.448+0000] {dag.py:3089} INFO - Sync 1 DAGs
[2026-03-10T14:50:06.469+0000] {logging_mixin.py:188} INFO - [2026-03-10T14:50:06.469+0000] {dag.py:3947} INFO - Setting next_dagrun for 3_dag_GET_Current_YML_From_Cortex to None, run_after=None
[2026-03-10T14:50:06.504+0000] {processor.py:183} INFO - Processing /home/cloud/codings/airflow/dags/3_dag_GET_Current_YML_From_Cortex.py took 0.124 seconds
[2026-03-10T14:50:37.122+0000] {processor.py:161} INFO - Started process (PID=511004) to work on /home/cloud/codings/airflow/dags/3_dag_GET_Current_YML_From_Cortex.py
[2026-03-10T14:50:37.124+0000] {processor.py:830} INFO - Processing file /home/cloud/codings/airflow/dags/3_dag_GET_Current_YML_From_Cortex.py for tasks to queue
[2026-03-10T14:50:37.125+0000] {logging_mixin.py:188} INFO - [2026-03-10T14:50:37.124+0000] {dagbag.py:545} INFO - Filling up the DagBag from /home/cloud/codings/airflow/dags/3_dag_GET_Current_YML_From_Cortex.py
[2026-03-10T14:50:37.145+0000] {processor.py:840} INFO - DAG(s) '3_dag_GET_Current_YML_From_Cortex' retrieved from /home/cloud/codings/airflow/dags/3_dag_GET_Current_YML_From_Cortex.py
[2026-03-10T14:50:37.160+0000] {logging_mixin.py:188} INFO - [2026-03-10T14:50:37.160+0000] {dag.py:3089} INFO - Sync 1 DAGs
[2026-03-10T14:50:37.176+0000] {logging_mixin.py:188} INFO - [2026-03-10T14:50:37.176+0000] {dag.py:3947} INFO - Setting next_dagrun for 3_dag_GET_Current_YML_From_Cortex to None, run_after=None
[2026-03-10T14:50:37.209+0000] {processor.py:183} INFO - Processing /home/cloud/codings/airflow/dags/3_dag_GET_Current_YML_From_Cortex.py took 0.093 seconds
[2026-03-10T14:51:07.352+0000] {processor.py:161} INFO - Started process (PID=511343) to work on /home/cloud/codings/airflow/dags/3_dag_GET_Current_YML_From_Cortex.py
[2026-03-10T14:51:07.353+0000] {processor.py:830} INFO - Processing file /home/cloud/codings/airflow/dags/3_dag_GET_Current_YML_From_Cortex.py for tasks to queue
[2026-03-10T14:51:07.354+0000] {logging_mixin.py:188} INFO - [2026-03-10T14:51:07.354+0000] {dagbag.py:545} INFO - Filling up the DagBag from /home/cloud/codings/airflow/dags/3_dag_GET_Current_YML_From_Cortex.py
[2026-03-10T14:51:07.376+0000] {processor.py:840} INFO - DAG(s) '3_dag_GET_Current_YML_From_Cortex' retrieved from /home/cloud/codings/airflow/dags/3_dag_GET_Current_YML_From_Cortex.py
[2026-03-10T14:51:07.392+0000] {logging_mixin.py:188} INFO - [2026-03-10T14:51:07.391+0000] {dag.py:3089} INFO - Sync 1 DAGs
[2026-03-10T14:51:07.404+0000] {logging_mixin.py:188} INFO - [2026-03-10T14:51:07.404+0000] {dag.py:3947} INFO - Setting next_dagrun for 3_dag_GET_Current_YML_From_Cortex to None, run_after=None
[2026-03-10T14:51:07.426+0000] {processor.py:183} INFO - Processing /home/cloud/codings/airflow/dags/3_dag_GET_Current_YML_From_Cortex.py took 0.082 seconds
[2026-03-10T14:51:37.551+0000] {processor.py:161} INFO - Started process (PID=511568) to work on /home/cloud/codings/airflow/dags/3_dag_GET_Current_YML_From_Cortex.py
[2026-03-10T14:51:37.553+0000] {processor.py:830} INFO - Processing file /home/cloud/codings/airflow/dags/3_dag_GET_Current_YML_From_Cortex.py for tasks to queue
[2026-03-10T14:51:37.554+0000] {logging_mixin.py:188} INFO - [2026-03-10T14:51:37.553+0000] {dagbag.py:545} INFO - Filling up the DagBag from /home/cloud/codings/airflow/dags/3_dag_GET_Current_YML_From_Cortex.py
[2026-03-10T14:51:37.576+0000] {processor.py:840} INFO - DAG(s) '3_dag_GET_Current_YML_From_Cortex' retrieved from /home/cloud/codings/airflow/dags/3_dag_GET_Current_YML_From_Cortex.py
[2026-03-10T14:51:37.591+0000] {logging_mixin.py:188} INFO - [2026-03-10T14:51:37.591+0000] {dag.py:3089} INFO - Sync 1 DAGs
[2026-03-10T14:51:37.604+0000] {logging_mixin.py:188} INFO - [2026-03-10T14:51:37.604+0000] {dag.py:3947} INFO - Setting next_dagrun for 3_dag_GET_Current_YML_From_Cortex to None, run_after=None
[2026-03-10T14:51:37.628+0000] {processor.py:183} INFO - Processing /home/cloud/codings/airflow/dags/3_dag_GET_Current_YML_From_Cortex.py took 0.083 seconds
[2026-03-10T14:52:08.040+0000] {processor.py:161} INFO - Started process (PID=511726) to work on /home/cloud/codings/airflow/dags/3_dag_GET_Current_YML_From_Cortex.py
[2026-03-10T14:52:08.046+0000] {processor.py:830} INFO - Processing file /home/cloud/codings/airflow/dags/3_dag_GET_Current_YML_From_Cortex.py for tasks to queue
[2026-03-10T14:52:08.047+0000] {logging_mixin.py:188} INFO - [2026-03-10T14:52:08.046+0000] {dagbag.py:545} INFO - Filling up the DagBag from /home/cloud/codings/airflow/dags/3_dag_GET_Current_YML_From_Cortex.py
[2026-03-10T14:52:08.080+0000] {processor.py:840} INFO - DAG(s) '3_dag_GET_Current_YML_From_Cortex' retrieved from /home/cloud/codings/airflow/dags/3_dag_GET_Current_YML_From_Cortex.py
[2026-03-10T14:52:08.102+0000] {logging_mixin.py:188} INFO - [2026-03-10T14:52:08.101+0000] {dag.py:3089} INFO - Sync 1 DAGs
[2026-03-10T14:52:08.119+0000] {logging_mixin.py:188} INFO - [2026-03-10T14:52:08.119+0000] {dag.py:3947} INFO - Setting next_dagrun for 3_dag_GET_Current_YML_From_Cortex to None, run_after=None
[2026-03-10T14:52:08.157+0000] {processor.py:183} INFO - Processing /home/cloud/codings/airflow/dags/3_dag_GET_Current_YML_From_Cortex.py took 0.126 seconds
[2026-03-10T14:52:38.439+0000] {processor.py:161} INFO - Started process (PID=511793) to work on /home/cloud/codings/airflow/dags/3_dag_GET_Current_YML_From_Cortex.py
[2026-03-10T14:52:38.444+0000] {processor.py:830} INFO - Processing file /home/cloud/codings/airflow/dags/3_dag_GET_Current_YML_From_Cortex.py for tasks to queue
[2026-03-10T14:52:38.445+0000] {logging_mixin.py:188} INFO - [2026-03-10T14:52:38.445+0000] {dagbag.py:545} INFO - Filling up the DagBag from /home/cloud/codings/airflow/dags/3_dag_GET_Current_YML_From_Cortex.py
[2026-03-10T14:52:38.470+0000] {processor.py:840} INFO - DAG(s) '3_dag_GET_Current_YML_From_Cortex' retrieved from /home/cloud/codings/airflow/dags/3_dag_GET_Current_YML_From_Cortex.py
[2026-03-10T14:52:38.486+0000] {logging_mixin.py:188} INFO - [2026-03-10T14:52:38.486+0000] {dag.py:3089} INFO - Sync 1 DAGs
[2026-03-10T14:52:38.498+0000] {logging_mixin.py:188} INFO - [2026-03-10T14:52:38.498+0000] {dag.py:3947} INFO - Setting next_dagrun for 3_dag_GET_Current_YML_From_Cortex to None, run_after=None
[2026-03-10T14:52:38.524+0000] {processor.py:183} INFO - Processing /home/cloud/codings/airflow/dags/3_dag_GET_Current_YML_From_Cortex.py took 0.093 seconds
[2026-03-10T14:53:09.289+0000] {processor.py:161} INFO - Started process (PID=511926) to work on /home/cloud/codings/airflow/dags/3_dag_GET_Current_YML_From_Cortex.py
[2026-03-10T14:53:09.295+0000] {processor.py:830} INFO - Processing file /home/cloud/codings/airflow/dags/3_dag_GET_Current_YML_From_Cortex.py for tasks to queue
[2026-03-10T14:53:09.296+0000] {logging_mixin.py:188} INFO - [2026-03-10T14:53:09.295+0000] {dagbag.py:545} INFO - Filling up the DagBag from /home/cloud/codings/airflow/dags/3_dag_GET_Current_YML_From_Cortex.py
[2026-03-10T14:53:09.314+0000] {processor.py:840} INFO - DAG(s) '3_dag_GET_Current_YML_From_Cortex' retrieved from /home/cloud/codings/airflow/dags/3_dag_GET_Current_YML_From_Cortex.py
[2026-03-10T14:53:09.326+0000] {logging_mixin.py:188} INFO - [2026-03-10T14:53:09.326+0000] {dag.py:3089} INFO - Sync 1 DAGs
[2026-03-10T14:53:09.336+0000] {logging_mixin.py:188} INFO - [2026-03-10T14:53:09.336+0000] {dag.py:3947} INFO - Setting next_dagrun for 3_dag_GET_Current_YML_From_Cortex to None, run_after=None
[2026-03-10T14:53:09.358+0000] {processor.py:183} INFO - Processing /home/cloud/codings/airflow/dags/3_dag_GET_Current_YML_From_Cortex.py took 0.075 seconds
[2026-03-10T14:53:39.745+0000] {processor.py:161} INFO - Started process (PID=512001) to work on /home/cloud/codings/airflow/dags/3_dag_GET_Current_YML_From_Cortex.py
[2026-03-10T14:53:39.749+0000] {processor.py:830} INFO - Processing file /home/cloud/codings/airflow/dags/3_dag_GET_Current_YML_From_Cortex.py for tasks to queue
[2026-03-10T14:53:39.750+0000] {logging_mixin.py:188} INFO - [2026-03-10T14:53:39.750+0000] {dagbag.py:545} INFO - Filling up the DagBag from /home/cloud/codings/airflow/dags/3_dag_GET_Current_YML_From_Cortex.py
[2026-03-10T14:53:39.776+0000] {processor.py:840} INFO - DAG(s) '3_dag_GET_Current_YML_From_Cortex' retrieved from /home/cloud/codings/airflow/dags/3_dag_GET_Current_YML_From_Cortex.py
[2026-03-10T14:53:39.792+0000] {logging_mixin.py:188} INFO - [2026-03-10T14:53:39.792+0000] {dag.py:3089} INFO - Sync 1 DAGs
[2026-03-10T14:53:39.806+0000] {logging_mixin.py:188} INFO - [2026-03-10T14:53:39.806+0000] {dag.py:3947} INFO - Setting next_dagrun for 3_dag_GET_Current_YML_From_Cortex to None, run_after=None
[2026-03-10T14:53:39.834+0000] {processor.py:183} INFO - Processing /home/cloud/codings/airflow/dags/3_dag_GET_Current_YML_From_Cortex.py took 0.096 seconds
[2026-03-10T14:54:10.351+0000] {processor.py:161} INFO - Started process (PID=512135) to work on /home/cloud/codings/airflow/dags/3_dag_GET_Current_YML_From_Cortex.py
[2026-03-10T14:54:10.352+0000] {processor.py:830} INFO - Processing file /home/cloud/codings/airflow/dags/3_dag_GET_Current_YML_From_Cortex.py for tasks to queue
[2026-03-10T14:54:10.353+0000] {logging_mixin.py:188} INFO - [2026-03-10T14:54:10.352+0000] {dagbag.py:545} INFO - Filling up the DagBag from /home/cloud/codings/airflow/dags/3_dag_GET_Current_YML_From_Cortex.py
[2026-03-10T14:54:10.372+0000] {processor.py:840} INFO - DAG(s) '3_dag_GET_Current_YML_From_Cortex' retrieved from /home/cloud/codings/airflow/dags/3_dag_GET_Current_YML_From_Cortex.py
[2026-03-10T14:54:10.385+0000] {logging_mixin.py:188} INFO - [2026-03-10T14:54:10.385+0000] {dag.py:3089} INFO - Sync 1 DAGs
[2026-03-10T14:54:10.397+0000] {logging_mixin.py:188} INFO - [2026-03-10T14:54:10.396+0000] {dag.py:3947} INFO - Setting next_dagrun for 3_dag_GET_Current_YML_From_Cortex to None, run_after=None
[2026-03-10T14:54:10.421+0000] {processor.py:183} INFO - Processing /home/cloud/codings/airflow/dags/3_dag_GET_Current_YML_From_Cortex.py took 0.078 seconds
[2026-03-10T14:54:40.810+0000] {processor.py:161} INFO - Started process (PID=512202) to work on /home/cloud/codings/airflow/dags/3_dag_GET_Current_YML_From_Cortex.py
[2026-03-10T14:54:40.815+0000] {processor.py:830} INFO - Processing file /home/cloud/codings/airflow/dags/3_dag_GET_Current_YML_From_Cortex.py for tasks to queue
[2026-03-10T14:54:40.816+0000] {logging_mixin.py:188} INFO - [2026-03-10T14:54:40.816+0000] {dagbag.py:545} INFO - Filling up the DagBag from /home/cloud/codings/airflow/dags/3_dag_GET_Current_YML_From_Cortex.py
[2026-03-10T14:54:40.840+0000] {processor.py:840} INFO - DAG(s) '3_dag_GET_Current_YML_From_Cortex' retrieved from /home/cloud/codings/airflow/dags/3_dag_GET_Current_YML_From_Cortex.py
[2026-03-10T14:54:40.856+0000] {logging_mixin.py:188} INFO - [2026-03-10T14:54:40.856+0000] {dag.py:3089} INFO - Sync 1 DAGs
[2026-03-10T14:54:40.872+0000] {logging_mixin.py:188} INFO - [2026-03-10T14:54:40.871+0000] {dag.py:3947} INFO - Setting next_dagrun for 3_dag_GET_Current_YML_From_Cortex to None, run_after=None
[2026-03-10T14:54:40.900+0000] {processor.py:183} INFO - Processing /home/cloud/codings/airflow/dags/3_dag_GET_Current_YML_From_Cortex.py took 0.096 seconds
[2026-03-10T14:55:11.511+0000] {processor.py:161} INFO - Started process (PID=512338) to work on /home/cloud/codings/airflow/dags/3_dag_GET_Current_YML_From_Cortex.py
[2026-03-10T14:55:11.513+0000] {processor.py:830} INFO - Processing file /home/cloud/codings/airflow/dags/3_dag_GET_Current_YML_From_Cortex.py for tasks to queue
[2026-03-10T14:55:11.514+0000] {logging_mixin.py:188} INFO - [2026-03-10T14:55:11.513+0000] {dagbag.py:545} INFO - Filling up the DagBag from /home/cloud/codings/airflow/dags/3_dag_GET_Current_YML_From_Cortex.py
[2026-03-10T14:55:11.540+0000] {processor.py:840} INFO - DAG(s) '3_dag_GET_Current_YML_From_Cortex' retrieved from /home/cloud/codings/airflow/dags/3_dag_GET_Current_YML_From_Cortex.py
[2026-03-10T14:55:11.556+0000] {logging_mixin.py:188} INFO - [2026-03-10T14:55:11.556+0000] {dag.py:3089} INFO - Sync 1 DAGs
[2026-03-10T14:55:11.570+0000] {logging_mixin.py:188} INFO - [2026-03-10T14:55:11.570+0000] {dag.py:3947} INFO - Setting next_dagrun for 3_dag_GET_Current_YML_From_Cortex to None, run_after=None
[2026-03-10T14:55:11.598+0000] {processor.py:183} INFO - Processing /home/cloud/codings/airflow/dags/3_dag_GET_Current_YML_From_Cortex.py took 0.094 seconds
[2026-03-10T14:55:41.925+0000] {processor.py:161} INFO - Started process (PID=512473) to work on /home/cloud/codings/airflow/dags/3_dag_GET_Current_YML_From_Cortex.py
[2026-03-10T14:55:41.927+0000] {processor.py:830} INFO - Processing file /home/cloud/codings/airflow/dags/3_dag_GET_Current_YML_From_Cortex.py for tasks to queue
[2026-03-10T14:55:41.928+0000] {logging_mixin.py:188} INFO - [2026-03-10T14:55:41.928+0000] {dagbag.py:545} INFO - Filling up the DagBag from /home/cloud/codings/airflow/dags/3_dag_GET_Current_YML_From_Cortex.py
[2026-03-10T14:55:41.954+0000] {processor.py:840} INFO - DAG(s) '3_dag_GET_Current_YML_From_Cortex' retrieved from /home/cloud/codings/airflow/dags/3_dag_GET_Current_YML_From_Cortex.py
[2026-03-10T14:55:41.971+0000] {logging_mixin.py:188} INFO - [2026-03-10T14:55:41.971+0000] {dag.py:3089} INFO - Sync 1 DAGs
[2026-03-10T14:55:41.985+0000] {logging_mixin.py:188} INFO - [2026-03-10T14:55:41.985+0000] {dag.py:3947} INFO - Setting next_dagrun for 3_dag_GET_Current_YML_From_Cortex to None, run_after=None
[2026-03-10T14:55:42.013+0000] {processor.py:183} INFO - Processing /home/cloud/codings/airflow/dags/3_dag_GET_Current_YML_From_Cortex.py took 0.096 seconds
[2026-03-10T14:56:12.339+0000] {processor.py:161} INFO - Started process (PID=512754) to work on /home/cloud/codings/airflow/dags/3_dag_GET_Current_YML_From_Cortex.py
[2026-03-10T14:56:12.346+0000] {processor.py:830} INFO - Processing file /home/cloud/codings/airflow/dags/3_dag_GET_Current_YML_From_Cortex.py for tasks to queue
[2026-03-10T14:56:12.349+0000] {logging_mixin.py:188} INFO - [2026-03-10T14:56:12.348+0000] {dagbag.py:545} INFO - Filling up the DagBag from /home/cloud/codings/airflow/dags/3_dag_GET_Current_YML_From_Cortex.py
[2026-03-10T14:56:12.397+0000] {processor.py:840} INFO - DAG(s) '3_dag_GET_Current_YML_From_Cortex' retrieved from /home/cloud/codings/airflow/dags/3_dag_GET_Current_YML_From_Cortex.py
[2026-03-10T14:56:12.438+0000] {logging_mixin.py:188} INFO - [2026-03-10T14:56:12.437+0000] {dag.py:3089} INFO - Sync 1 DAGs
[2026-03-10T14:56:12.461+0000] {logging_mixin.py:188} INFO - [2026-03-10T14:56:12.461+0000] {dag.py:3947} INFO - Setting next_dagrun for 3_dag_GET_Current_YML_From_Cortex to None, run_after=None
[2026-03-10T14:56:12.520+0000] {processor.py:183} INFO - Processing /home/cloud/codings/airflow/dags/3_dag_GET_Current_YML_From_Cortex.py took 0.197 seconds
[2026-03-10T14:56:42.797+0000] {processor.py:161} INFO - Started process (PID=512973) to work on /home/cloud/codings/airflow/dags/3_dag_GET_Current_YML_From_Cortex.py
[2026-03-10T14:56:42.799+0000] {processor.py:830} INFO - Processing file /home/cloud/codings/airflow/dags/3_dag_GET_Current_YML_From_Cortex.py for tasks to queue
[2026-03-10T14:56:42.800+0000] {logging_mixin.py:188} INFO - [2026-03-10T14:56:42.800+0000] {dagbag.py:545} INFO - Filling up the DagBag from /home/cloud/codings/airflow/dags/3_dag_GET_Current_YML_From_Cortex.py
[2026-03-10T14:56:42.829+0000] {processor.py:840} INFO - DAG(s) '3_dag_GET_Current_YML_From_Cortex' retrieved from /home/cloud/codings/airflow/dags/3_dag_GET_Current_YML_From_Cortex.py
[2026-03-10T14:56:42.850+0000] {logging_mixin.py:188} INFO - [2026-03-10T14:56:42.850+0000] {dag.py:3089} INFO - Sync 1 DAGs
[2026-03-10T14:56:42.864+0000] {logging_mixin.py:188} INFO - [2026-03-10T14:56:42.864+0000] {dag.py:3947} INFO - Setting next_dagrun for 3_dag_GET_Current_YML_From_Cortex to None, run_after=None
[2026-03-10T14:56:42.890+0000] {processor.py:183} INFO - Processing /home/cloud/codings/airflow/dags/3_dag_GET_Current_YML_From_Cortex.py took 0.100 seconds
[2026-03-10T14:57:13.657+0000] {processor.py:161} INFO - Started process (PID=513179) to work on /home/cloud/codings/airflow/dags/3_dag_GET_Current_YML_From_Cortex.py
[2026-03-10T14:57:13.662+0000] {processor.py:830} INFO - Processing file /home/cloud/codings/airflow/dags/3_dag_GET_Current_YML_From_Cortex.py for tasks to queue
[2026-03-10T14:57:13.664+0000] {logging_mixin.py:188} INFO - [2026-03-10T14:57:13.663+0000] {dagbag.py:545} INFO - Filling up the DagBag from /home/cloud/codings/airflow/dags/3_dag_GET_Current_YML_From_Cortex.py
[2026-03-10T14:57:13.716+0000] {processor.py:840} INFO - DAG(s) '3_dag_GET_Current_YML_From_Cortex' retrieved from /home/cloud/codings/airflow/dags/3_dag_GET_Current_YML_From_Cortex.py
[2026-03-10T14:57:13.754+0000] {logging_mixin.py:188} INFO - [2026-03-10T14:57:13.753+0000] {dag.py:3089} INFO - Sync 1 DAGs
[2026-03-10T14:57:13.787+0000] {logging_mixin.py:188} INFO - [2026-03-10T14:57:13.786+0000] {dag.py:3947} INFO - Setting next_dagrun for 3_dag_GET_Current_YML_From_Cortex to None, run_after=None
[2026-03-10T14:57:13.866+0000] {processor.py:183} INFO - Processing /home/cloud/codings/airflow/dags/3_dag_GET_Current_YML_From_Cortex.py took 0.222 seconds
[2026-03-10T14:57:46.262+0000] {processor.py:161} INFO - Started process (PID=513449) to work on /home/cloud/codings/airflow/dags/3_dag_GET_Current_YML_From_Cortex.py
[2026-03-10T14:57:46.264+0000] {processor.py:830} INFO - Processing file /home/cloud/codings/airflow/dags/3_dag_GET_Current_YML_From_Cortex.py for tasks to queue
[2026-03-10T14:57:46.265+0000] {logging_mixin.py:188} INFO - [2026-03-10T14:57:46.264+0000] {dagbag.py:545} INFO - Filling up the DagBag from /home/cloud/codings/airflow/dags/3_dag_GET_Current_YML_From_Cortex.py
[2026-03-10T14:57:46.289+0000] {processor.py:840} INFO - DAG(s) '3_dag_GET_Current_YML_From_Cortex' retrieved from /home/cloud/codings/airflow/dags/3_dag_GET_Current_YML_From_Cortex.py
[2026-03-10T14:57:46.308+0000] {logging_mixin.py:188} INFO - [2026-03-10T14:57:46.308+0000] {dag.py:3089} INFO - Sync 1 DAGs
[2026-03-10T14:57:46.325+0000] {logging_mixin.py:188} INFO - [2026-03-10T14:57:46.325+0000] {dag.py:3947} INFO - Setting next_dagrun for 3_dag_GET_Current_YML_From_Cortex to None, run_after=None
[2026-03-10T14:57:46.362+0000] {processor.py:183} INFO - Processing /home/cloud/codings/airflow/dags/3_dag_GET_Current_YML_From_Cortex.py took 0.106 seconds
[2026-03-10T14:58:16.882+0000] {processor.py:161} INFO - Started process (PID=513672) to work on /home/cloud/codings/airflow/dags/3_dag_GET_Current_YML_From_Cortex.py
[2026-03-10T14:58:16.888+0000] {processor.py:830} INFO - Processing file /home/cloud/codings/airflow/dags/3_dag_GET_Current_YML_From_Cortex.py for tasks to queue
[2026-03-10T14:58:16.890+0000] {logging_mixin.py:188} INFO - [2026-03-10T14:58:16.889+0000] {dagbag.py:545} INFO - Filling up the DagBag from /home/cloud/codings/airflow/dags/3_dag_GET_Current_YML_From_Cortex.py
[2026-03-10T14:58:16.933+0000] {processor.py:840} INFO - DAG(s) '3_dag_GET_Current_YML_From_Cortex' retrieved from /home/cloud/codings/airflow/dags/3_dag_GET_Current_YML_From_Cortex.py
[2026-03-10T14:58:16.961+0000] {logging_mixin.py:188} INFO - [2026-03-10T14:58:16.960+0000] {dag.py:3089} INFO - Sync 1 DAGs
[2026-03-10T14:58:16.986+0000] {logging_mixin.py:188} INFO - [2026-03-10T14:58:16.986+0000] {dag.py:3947} INFO - Setting next_dagrun for 3_dag_GET_Current_YML_From_Cortex to None, run_after=None
[2026-03-10T14:58:17.023+0000] {processor.py:183} INFO - Processing /home/cloud/codings/airflow/dags/3_dag_GET_Current_YML_From_Cortex.py took 0.152 seconds
[2026-03-10T14:58:47.811+0000] {processor.py:161} INFO - Started process (PID=514042) to work on /home/cloud/codings/airflow/dags/3_dag_GET_Current_YML_From_Cortex.py
[2026-03-10T14:58:47.814+0000] {processor.py:830} INFO - Processing file /home/cloud/codings/airflow/dags/3_dag_GET_Current_YML_From_Cortex.py for tasks to queue
[2026-03-10T14:58:47.817+0000] {logging_mixin.py:188} INFO - [2026-03-10T14:58:47.815+0000] {dagbag.py:545} INFO - Filling up the DagBag from /home/cloud/codings/airflow/dags/3_dag_GET_Current_YML_From_Cortex.py
[2026-03-10T14:58:47.877+0000] {processor.py:840} INFO - DAG(s) '3_dag_GET_Current_YML_From_Cortex' retrieved from /home/cloud/codings/airflow/dags/3_dag_GET_Current_YML_From_Cortex.py
[2026-03-10T14:58:47.913+0000] {logging_mixin.py:188} INFO - [2026-03-10T14:58:47.912+0000] {dag.py:3089} INFO - Sync 1 DAGs
[2026-03-10T14:58:47.948+0000] {logging_mixin.py:188} INFO - [2026-03-10T14:58:47.948+0000] {dag.py:3947} INFO - Setting next_dagrun for 3_dag_GET_Current_YML_From_Cortex to None, run_after=None
[2026-03-10T14:58:47.997+0000] {processor.py:183} INFO - Processing /home/cloud/codings/airflow/dags/3_dag_GET_Current_YML_From_Cortex.py took 0.201 seconds
[2026-03-10T14:59:18.374+0000] {processor.py:161} INFO - Started process (PID=514230) to work on /home/cloud/codings/airflow/dags/3_dag_GET_Current_YML_From_Cortex.py
[2026-03-10T14:59:18.382+0000] {processor.py:830} INFO - Processing file /home/cloud/codings/airflow/dags/3_dag_GET_Current_YML_From_Cortex.py for tasks to queue
[2026-03-10T14:59:18.383+0000] {logging_mixin.py:188} INFO - [2026-03-10T14:59:18.383+0000] {dagbag.py:545} INFO - Filling up the DagBag from /home/cloud/codings/airflow/dags/3_dag_GET_Current_YML_From_Cortex.py
[2026-03-10T14:59:18.413+0000] {processor.py:840} INFO - DAG(s) '3_dag_GET_Current_YML_From_Cortex' retrieved from /home/cloud/codings/airflow/dags/3_dag_GET_Current_YML_From_Cortex.py
[2026-03-10T14:59:18.433+0000] {logging_mixin.py:188} INFO - [2026-03-10T14:59:18.433+0000] {dag.py:3089} INFO - Sync 1 DAGs
[2026-03-10T14:59:18.450+0000] {logging_mixin.py:188} INFO - [2026-03-10T14:59:18.450+0000] {dag.py:3947} INFO - Setting next_dagrun for 3_dag_GET_Current_YML_From_Cortex to None, run_after=None
[2026-03-10T14:59:18.478+0000] {processor.py:183} INFO - Processing /home/cloud/codings/airflow/dags/3_dag_GET_Current_YML_From_Cortex.py took 0.112 seconds
[2026-03-10T14:59:48.711+0000] {processor.py:161} INFO - Started process (PID=514379) to work on /home/cloud/codings/airflow/dags/3_dag_GET_Current_YML_From_Cortex.py
[2026-03-10T14:59:48.712+0000] {processor.py:830} INFO - Processing file /home/cloud/codings/airflow/dags/3_dag_GET_Current_YML_From_Cortex.py for tasks to queue
[2026-03-10T14:59:48.713+0000] {logging_mixin.py:188} INFO - [2026-03-10T14:59:48.713+0000] {dagbag.py:545} INFO - Filling up the DagBag from /home/cloud/codings/airflow/dags/3_dag_GET_Current_YML_From_Cortex.py
[2026-03-10T14:59:48.739+0000] {processor.py:840} INFO - DAG(s) '3_dag_GET_Current_YML_From_Cortex' retrieved from /home/cloud/codings/airflow/dags/3_dag_GET_Current_YML_From_Cortex.py
[2026-03-10T14:59:48.758+0000] {logging_mixin.py:188} INFO - [2026-03-10T14:59:48.757+0000] {dag.py:3089} INFO - Sync 1 DAGs
[2026-03-10T14:59:48.776+0000] {logging_mixin.py:188} INFO - [2026-03-10T14:59:48.775+0000] {dag.py:3947} INFO - Setting next_dagrun for 3_dag_GET_Current_YML_From_Cortex to None, run_after=None
[2026-03-10T14:59:48.810+0000] {processor.py:183} INFO - Processing /home/cloud/codings/airflow/dags/3_dag_GET_Current_YML_From_Cortex.py took 0.107 seconds
[2026-03-10T15:00:19.021+0000] {processor.py:161} INFO - Started process (PID=514637) to work on /home/cloud/codings/airflow/dags/3_dag_GET_Current_YML_From_Cortex.py
[2026-03-10T15:00:19.028+0000] {processor.py:830} INFO - Processing file /home/cloud/codings/airflow/dags/3_dag_GET_Current_YML_From_Cortex.py for tasks to queue
[2026-03-10T15:00:19.030+0000] {logging_mixin.py:188} INFO - [2026-03-10T15:00:19.029+0000] {dagbag.py:545} INFO - Filling up the DagBag from /home/cloud/codings/airflow/dags/3_dag_GET_Current_YML_From_Cortex.py
[2026-03-10T15:00:19.080+0000] {processor.py:840} INFO - DAG(s) '3_dag_GET_Current_YML_From_Cortex' retrieved from /home/cloud/codings/airflow/dags/3_dag_GET_Current_YML_From_Cortex.py
[2026-03-10T15:00:19.118+0000] {logging_mixin.py:188} INFO - [2026-03-10T15:00:19.118+0000] {dag.py:3089} INFO - Sync 1 DAGs
[2026-03-10T15:00:19.146+0000] {logging_mixin.py:188} INFO - [2026-03-10T15:00:19.146+0000] {dag.py:3947} INFO - Setting next_dagrun for 3_dag_GET_Current_YML_From_Cortex to None, run_after=None
[2026-03-10T15:00:19.206+0000] {processor.py:183} INFO - Processing /home/cloud/codings/airflow/dags/3_dag_GET_Current_YML_From_Cortex.py took 0.196 seconds
[2026-03-10T15:00:49.504+0000] {processor.py:161} INFO - Started process (PID=514852) to work on /home/cloud/codings/airflow/dags/3_dag_GET_Current_YML_From_Cortex.py
[2026-03-10T15:00:49.506+0000] {processor.py:830} INFO - Processing file /home/cloud/codings/airflow/dags/3_dag_GET_Current_YML_From_Cortex.py for tasks to queue
[2026-03-10T15:00:49.508+0000] {logging_mixin.py:188} INFO - [2026-03-10T15:00:49.507+0000] {dagbag.py:545} INFO - Filling up the DagBag from /home/cloud/codings/airflow/dags/3_dag_GET_Current_YML_From_Cortex.py
[2026-03-10T15:00:49.536+0000] {processor.py:840} INFO - DAG(s) '3_dag_GET_Current_YML_From_Cortex' retrieved from /home/cloud/codings/airflow/dags/3_dag_GET_Current_YML_From_Cortex.py
[2026-03-10T15:00:49.554+0000] {logging_mixin.py:188} INFO - [2026-03-10T15:00:49.554+0000] {dag.py:3089} INFO - Sync 1 DAGs
[2026-03-10T15:00:49.571+0000] {logging_mixin.py:188} INFO - [2026-03-10T15:00:49.571+0000] {dag.py:3947} INFO - Setting next_dagrun for 3_dag_GET_Current_YML_From_Cortex to None, run_after=None
[2026-03-10T15:00:49.600+0000] {processor.py:183} INFO - Processing /home/cloud/codings/airflow/dags/3_dag_GET_Current_YML_From_Cortex.py took 0.103 seconds
[2026-03-10T15:01:19.907+0000] {processor.py:161} INFO - Started process (PID=514982) to work on /home/cloud/codings/airflow/dags/3_dag_GET_Current_YML_From_Cortex.py
[2026-03-10T15:01:19.908+0000] {processor.py:830} INFO - Processing file /home/cloud/codings/airflow/dags/3_dag_GET_Current_YML_From_Cortex.py for tasks to queue
[2026-03-10T15:01:19.909+0000] {logging_mixin.py:188} INFO - [2026-03-10T15:01:19.908+0000] {dagbag.py:545} INFO - Filling up the DagBag from /home/cloud/codings/airflow/dags/3_dag_GET_Current_YML_From_Cortex.py
[2026-03-10T15:01:19.932+0000] {processor.py:840} INFO - DAG(s) '3_dag_GET_Current_YML_From_Cortex' retrieved from /home/cloud/codings/airflow/dags/3_dag_GET_Current_YML_From_Cortex.py
[2026-03-10T15:01:19.948+0000] {logging_mixin.py:188} INFO - [2026-03-10T15:01:19.947+0000] {dag.py:3089} INFO - Sync 1 DAGs
[2026-03-10T15:01:19.961+0000] {logging_mixin.py:188} INFO - [2026-03-10T15:01:19.961+0000] {dag.py:3947} INFO - Setting next_dagrun for 3_dag_GET_Current_YML_From_Cortex to None, run_after=None
[2026-03-10T15:01:19.988+0000] {processor.py:183} INFO - Processing /home/cloud/codings/airflow/dags/3_dag_GET_Current_YML_From_Cortex.py took 0.091 seconds
[2026-03-10T15:01:50.284+0000] {processor.py:161} INFO - Started process (PID=515057) to work on /home/cloud/codings/airflow/dags/3_dag_GET_Current_YML_From_Cortex.py
[2026-03-10T15:01:50.289+0000] {processor.py:830} INFO - Processing file /home/cloud/codings/airflow/dags/3_dag_GET_Current_YML_From_Cortex.py for tasks to queue
[2026-03-10T15:01:50.290+0000] {logging_mixin.py:188} INFO - [2026-03-10T15:01:50.290+0000] {dagbag.py:545} INFO - Filling up the DagBag from /home/cloud/codings/airflow/dags/3_dag_GET_Current_YML_From_Cortex.py
[2026-03-10T15:01:50.322+0000] {processor.py:840} INFO - DAG(s) '3_dag_GET_Current_YML_From_Cortex' retrieved from /home/cloud/codings/airflow/dags/3_dag_GET_Current_YML_From_Cortex.py
[2026-03-10T15:01:50.342+0000] {logging_mixin.py:188} INFO - [2026-03-10T15:01:50.342+0000] {dag.py:3089} INFO - Sync 1 DAGs
[2026-03-10T15:01:50.369+0000] {logging_mixin.py:188} INFO - [2026-03-10T15:01:50.368+0000] {dag.py:3947} INFO - Setting next_dagrun for 3_dag_GET_Current_YML_From_Cortex to None, run_after=None
[2026-03-10T15:01:50.409+0000] {processor.py:183} INFO - Processing /home/cloud/codings/airflow/dags/3_dag_GET_Current_YML_From_Cortex.py took 0.136 seconds
[2026-03-10T15:02:21.049+0000] {processor.py:161} INFO - Started process (PID=515437) to work on /home/cloud/codings/airflow/dags/3_dag_GET_Current_YML_From_Cortex.py
[2026-03-10T15:02:21.051+0000] {processor.py:830} INFO - Processing file /home/cloud/codings/airflow/dags/3_dag_GET_Current_YML_From_Cortex.py for tasks to queue
[2026-03-10T15:02:21.052+0000] {logging_mixin.py:188} INFO - [2026-03-10T15:02:21.052+0000] {dagbag.py:545} INFO - Filling up the DagBag from /home/cloud/codings/airflow/dags/3_dag_GET_Current_YML_From_Cortex.py
[2026-03-10T15:02:21.092+0000] {processor.py:840} INFO - DAG(s) '3_dag_GET_Current_YML_From_Cortex' retrieved from /home/cloud/codings/airflow/dags/3_dag_GET_Current_YML_From_Cortex.py
[2026-03-10T15:02:21.135+0000] {logging_mixin.py:188} INFO - [2026-03-10T15:02:21.134+0000] {dag.py:3089} INFO - Sync 1 DAGs
[2026-03-10T15:02:21.181+0000] {logging_mixin.py:188} INFO - [2026-03-10T15:02:21.180+0000] {dag.py:3947} INFO - Setting next_dagrun for 3_dag_GET_Current_YML_From_Cortex to None, run_after=None
[2026-03-10T15:02:21.246+0000] {processor.py:183} INFO - Processing /home/cloud/codings/airflow/dags/3_dag_GET_Current_YML_From_Cortex.py took 0.208 seconds
[2026-03-10T15:02:51.545+0000] {processor.py:161} INFO - Started process (PID=515510) to work on /home/cloud/codings/airflow/dags/3_dag_GET_Current_YML_From_Cortex.py
[2026-03-10T15:02:51.548+0000] {processor.py:830} INFO - Processing file /home/cloud/codings/airflow/dags/3_dag_GET_Current_YML_From_Cortex.py for tasks to queue
[2026-03-10T15:02:51.549+0000] {logging_mixin.py:188} INFO - [2026-03-10T15:02:51.548+0000] {dagbag.py:545} INFO - Filling up the DagBag from /home/cloud/codings/airflow/dags/3_dag_GET_Current_YML_From_Cortex.py
[2026-03-10T15:02:51.579+0000] {processor.py:840} INFO - DAG(s) '3_dag_GET_Current_YML_From_Cortex' retrieved from /home/cloud/codings/airflow/dags/3_dag_GET_Current_YML_From_Cortex.py
[2026-03-10T15:02:51.600+0000] {logging_mixin.py:188} INFO - [2026-03-10T15:02:51.600+0000] {dag.py:3089} INFO - Sync 1 DAGs
[2026-03-10T15:02:51.618+0000] {logging_mixin.py:188} INFO - [2026-03-10T15:02:51.617+0000] {dag.py:3947} INFO - Setting next_dagrun for 3_dag_GET_Current_YML_From_Cortex to None, run_after=None
[2026-03-10T15:02:51.657+0000] {processor.py:183} INFO - Processing /home/cloud/codings/airflow/dags/3_dag_GET_Current_YML_From_Cortex.py took 0.121 seconds
[2026-03-10T15:03:22.106+0000] {processor.py:161} INFO - Started process (PID=515769) to work on /home/cloud/codings/airflow/dags/3_dag_GET_Current_YML_From_Cortex.py
[2026-03-10T15:03:22.108+0000] {processor.py:830} INFO - Processing file /home/cloud/codings/airflow/dags/3_dag_GET_Current_YML_From_Cortex.py for tasks to queue
[2026-03-10T15:03:22.110+0000] {logging_mixin.py:188} INFO - [2026-03-10T15:03:22.109+0000] {dagbag.py:545} INFO - Filling up the DagBag from /home/cloud/codings/airflow/dags/3_dag_GET_Current_YML_From_Cortex.py
[2026-03-10T15:03:22.157+0000] {processor.py:840} INFO - DAG(s) '3_dag_GET_Current_YML_From_Cortex' retrieved from /home/cloud/codings/airflow/dags/3_dag_GET_Current_YML_From_Cortex.py
[2026-03-10T15:03:22.185+0000] {logging_mixin.py:188} INFO - [2026-03-10T15:03:22.184+0000] {dag.py:3089} INFO - Sync 1 DAGs
[2026-03-10T15:03:22.209+0000] {logging_mixin.py:188} INFO - [2026-03-10T15:03:22.209+0000] {dag.py:3947} INFO - Setting next_dagrun for 3_dag_GET_Current_YML_From_Cortex to None, run_after=None
[2026-03-10T15:03:22.249+0000] {processor.py:183} INFO - Processing /home/cloud/codings/airflow/dags/3_dag_GET_Current_YML_From_Cortex.py took 0.158 seconds
[2026-03-10T15:03:52.601+0000] {processor.py:161} INFO - Started process (PID=515962) to work on /home/cloud/codings/airflow/dags/3_dag_GET_Current_YML_From_Cortex.py
[2026-03-10T15:03:52.603+0000] {processor.py:830} INFO - Processing file /home/cloud/codings/airflow/dags/3_dag_GET_Current_YML_From_Cortex.py for tasks to queue
[2026-03-10T15:03:52.604+0000] {logging_mixin.py:188} INFO - [2026-03-10T15:03:52.603+0000] {dagbag.py:545} INFO - Filling up the DagBag from /home/cloud/codings/airflow/dags/3_dag_GET_Current_YML_From_Cortex.py
[2026-03-10T15:03:52.626+0000] {processor.py:840} INFO - DAG(s) '3_dag_GET_Current_YML_From_Cortex' retrieved from /home/cloud/codings/airflow/dags/3_dag_GET_Current_YML_From_Cortex.py
[2026-03-10T15:03:52.641+0000] {logging_mixin.py:188} INFO - [2026-03-10T15:03:52.640+0000] {dag.py:3089} INFO - Sync 1 DAGs
[2026-03-10T15:03:52.653+0000] {logging_mixin.py:188} INFO - [2026-03-10T15:03:52.653+0000] {dag.py:3947} INFO - Setting next_dagrun for 3_dag_GET_Current_YML_From_Cortex to None, run_after=None
[2026-03-10T15:03:52.678+0000] {processor.py:183} INFO - Processing /home/cloud/codings/airflow/dags/3_dag_GET_Current_YML_From_Cortex.py took 0.083 seconds
[2026-03-10T15:04:23.297+0000] {processor.py:161} INFO - Started process (PID=516240) to work on /home/cloud/codings/airflow/dags/3_dag_GET_Current_YML_From_Cortex.py
[2026-03-10T15:04:23.298+0000] {processor.py:830} INFO - Processing file /home/cloud/codings/airflow/dags/3_dag_GET_Current_YML_From_Cortex.py for tasks to queue
[2026-03-10T15:04:23.299+0000] {logging_mixin.py:188} INFO - [2026-03-10T15:04:23.298+0000] {dagbag.py:545} INFO - Filling up the DagBag from /home/cloud/codings/airflow/dags/3_dag_GET_Current_YML_From_Cortex.py
[2026-03-10T15:04:23.321+0000] {processor.py:840} INFO - DAG(s) '3_dag_GET_Current_YML_From_Cortex' retrieved from /home/cloud/codings/airflow/dags/3_dag_GET_Current_YML_From_Cortex.py
[2026-03-10T15:04:23.336+0000] {logging_mixin.py:188} INFO - [2026-03-10T15:04:23.336+0000] {dag.py:3089} INFO - Sync 1 DAGs
[2026-03-10T15:04:23.352+0000] {logging_mixin.py:188} INFO - [2026-03-10T15:04:23.352+0000] {dag.py:3947} INFO - Setting next_dagrun for 3_dag_GET_Current_YML_From_Cortex to None, run_after=None
[2026-03-10T15:04:23.385+0000] {processor.py:183} INFO - Processing /home/cloud/codings/airflow/dags/3_dag_GET_Current_YML_From_Cortex.py took 0.093 seconds
[2026-03-10T15:04:54.201+0000] {processor.py:161} INFO - Started process (PID=516459) to work on /home/cloud/codings/airflow/dags/3_dag_GET_Current_YML_From_Cortex.py
[2026-03-10T15:04:54.209+0000] {processor.py:830} INFO - Processing file /home/cloud/codings/airflow/dags/3_dag_GET_Current_YML_From_Cortex.py for tasks to queue
[2026-03-10T15:04:54.212+0000] {logging_mixin.py:188} INFO - [2026-03-10T15:04:54.210+0000] {dagbag.py:545} INFO - Filling up the DagBag from /home/cloud/codings/airflow/dags/3_dag_GET_Current_YML_From_Cortex.py
[2026-03-10T15:04:54.289+0000] {processor.py:840} INFO - DAG(s) '3_dag_GET_Current_YML_From_Cortex' retrieved from /home/cloud/codings/airflow/dags/3_dag_GET_Current_YML_From_Cortex.py
[2026-03-10T15:04:54.339+0000] {logging_mixin.py:188} INFO - [2026-03-10T15:04:54.338+0000] {dag.py:3089} INFO - Sync 1 DAGs
[2026-03-10T15:04:54.391+0000] {logging_mixin.py:188} INFO - [2026-03-10T15:04:54.390+0000] {dag.py:3947} INFO - Setting next_dagrun for 3_dag_GET_Current_YML_From_Cortex to None, run_after=None
[2026-03-10T15:04:54.458+0000] {processor.py:183} INFO - Processing /home/cloud/codings/airflow/dags/3_dag_GET_Current_YML_From_Cortex.py took 0.278 seconds
[2026-03-10T15:05:24.619+0000] {processor.py:161} INFO - Started process (PID=516665) to work on /home/cloud/codings/airflow/dags/3_dag_GET_Current_YML_From_Cortex.py
[2026-03-10T15:05:24.624+0000] {processor.py:830} INFO - Processing file /home/cloud/codings/airflow/dags/3_dag_GET_Current_YML_From_Cortex.py for tasks to queue
[2026-03-10T15:05:24.625+0000] {logging_mixin.py:188} INFO - [2026-03-10T15:05:24.625+0000] {dagbag.py:545} INFO - Filling up the DagBag from /home/cloud/codings/airflow/dags/3_dag_GET_Current_YML_From_Cortex.py
[2026-03-10T15:05:24.646+0000] {processor.py:840} INFO - DAG(s) '3_dag_GET_Current_YML_From_Cortex' retrieved from /home/cloud/codings/airflow/dags/3_dag_GET_Current_YML_From_Cortex.py
[2026-03-10T15:05:24.661+0000] {logging_mixin.py:188} INFO - [2026-03-10T15:05:24.660+0000] {dag.py:3089} INFO - Sync 1 DAGs
[2026-03-10T15:05:24.673+0000] {logging_mixin.py:188} INFO - [2026-03-10T15:05:24.672+0000] {dag.py:3947} INFO - Setting next_dagrun for 3_dag_GET_Current_YML_From_Cortex to None, run_after=None
[2026-03-10T15:05:24.696+0000] {processor.py:183} INFO - Processing /home/cloud/codings/airflow/dags/3_dag_GET_Current_YML_From_Cortex.py took 0.083 seconds
[2026-03-10T15:05:55.017+0000] {processor.py:161} INFO - Started process (PID=516823) to work on /home/cloud/codings/airflow/dags/3_dag_GET_Current_YML_From_Cortex.py
[2026-03-10T15:05:55.018+0000] {processor.py:830} INFO - Processing file /home/cloud/codings/airflow/dags/3_dag_GET_Current_YML_From_Cortex.py for tasks to queue
[2026-03-10T15:05:55.019+0000] {logging_mixin.py:188} INFO - [2026-03-10T15:05:55.019+0000] {dagbag.py:545} INFO - Filling up the DagBag from /home/cloud/codings/airflow/dags/3_dag_GET_Current_YML_From_Cortex.py
[2026-03-10T15:05:55.049+0000] {processor.py:840} INFO - DAG(s) '3_dag_GET_Current_YML_From_Cortex' retrieved from /home/cloud/codings/airflow/dags/3_dag_GET_Current_YML_From_Cortex.py
[2026-03-10T15:05:55.068+0000] {logging_mixin.py:188} INFO - [2026-03-10T15:05:55.068+0000] {dag.py:3089} INFO - Sync 1 DAGs
[2026-03-10T15:05:55.084+0000] {logging_mixin.py:188} INFO - [2026-03-10T15:05:55.084+0000] {dag.py:3947} INFO - Setting next_dagrun for 3_dag_GET_Current_YML_From_Cortex to None, run_after=None
[2026-03-10T15:05:55.110+0000] {processor.py:183} INFO - Processing /home/cloud/codings/airflow/dags/3_dag_GET_Current_YML_From_Cortex.py took 0.102 seconds
[2026-03-10T15:06:25.565+0000] {processor.py:161} INFO - Started process (PID=516931) to work on /home/cloud/codings/airflow/dags/3_dag_GET_Current_YML_From_Cortex.py
[2026-03-10T15:06:25.566+0000] {processor.py:830} INFO - Processing file /home/cloud/codings/airflow/dags/3_dag_GET_Current_YML_From_Cortex.py for tasks to queue
[2026-03-10T15:06:25.567+0000] {logging_mixin.py:188} INFO - [2026-03-10T15:06:25.567+0000] {dagbag.py:545} INFO - Filling up the DagBag from /home/cloud/codings/airflow/dags/3_dag_GET_Current_YML_From_Cortex.py
[2026-03-10T15:06:25.586+0000] {processor.py:840} INFO - DAG(s) '3_dag_GET_Current_YML_From_Cortex' retrieved from /home/cloud/codings/airflow/dags/3_dag_GET_Current_YML_From_Cortex.py
[2026-03-10T15:06:25.600+0000] {logging_mixin.py:188} INFO - [2026-03-10T15:06:25.599+0000] {dag.py:3089} INFO - Sync 1 DAGs
[2026-03-10T15:06:25.611+0000] {logging_mixin.py:188} INFO - [2026-03-10T15:06:25.611+0000] {dag.py:3947} INFO - Setting next_dagrun for 3_dag_GET_Current_YML_From_Cortex to None, run_after=None
[2026-03-10T15:06:25.633+0000] {processor.py:183} INFO - Processing /home/cloud/codings/airflow/dags/3_dag_GET_Current_YML_From_Cortex.py took 0.073 seconds
[2026-03-10T15:06:56.151+0000] {processor.py:161} INFO - Started process (PID=517064) to work on /home/cloud/codings/airflow/dags/3_dag_GET_Current_YML_From_Cortex.py
[2026-03-10T15:06:56.153+0000] {processor.py:830} INFO - Processing file /home/cloud/codings/airflow/dags/3_dag_GET_Current_YML_From_Cortex.py for tasks to queue
[2026-03-10T15:06:56.154+0000] {logging_mixin.py:188} INFO - [2026-03-10T15:06:56.153+0000] {dagbag.py:545} INFO - Filling up the DagBag from /home/cloud/codings/airflow/dags/3_dag_GET_Current_YML_From_Cortex.py
[2026-03-10T15:06:56.185+0000] {processor.py:840} INFO - DAG(s) '3_dag_GET_Current_YML_From_Cortex' retrieved from /home/cloud/codings/airflow/dags/3_dag_GET_Current_YML_From_Cortex.py
[2026-03-10T15:06:56.207+0000] {logging_mixin.py:188} INFO - [2026-03-10T15:06:56.206+0000] {dag.py:3089} INFO - Sync 1 DAGs
[2026-03-10T15:06:56.224+0000] {logging_mixin.py:188} INFO - [2026-03-10T15:06:56.224+0000] {dag.py:3947} INFO - Setting next_dagrun for 3_dag_GET_Current_YML_From_Cortex to None, run_after=None
[2026-03-10T15:06:56.256+0000] {processor.py:183} INFO - Processing /home/cloud/codings/airflow/dags/3_dag_GET_Current_YML_From_Cortex.py took 0.115 seconds
[2026-03-10T15:07:26.705+0000] {processor.py:161} INFO - Started process (PID=517206) to work on /home/cloud/codings/airflow/dags/3_dag_GET_Current_YML_From_Cortex.py
[2026-03-10T15:07:26.706+0000] {processor.py:830} INFO - Processing file /home/cloud/codings/airflow/dags/3_dag_GET_Current_YML_From_Cortex.py for tasks to queue
[2026-03-10T15:07:26.707+0000] {logging_mixin.py:188} INFO - [2026-03-10T15:07:26.707+0000] {dagbag.py:545} INFO - Filling up the DagBag from /home/cloud/codings/airflow/dags/3_dag_GET_Current_YML_From_Cortex.py
[2026-03-10T15:07:26.736+0000] {processor.py:840} INFO - DAG(s) '3_dag_GET_Current_YML_From_Cortex' retrieved from /home/cloud/codings/airflow/dags/3_dag_GET_Current_YML_From_Cortex.py
[2026-03-10T15:07:26.756+0000] {logging_mixin.py:188} INFO - [2026-03-10T15:07:26.756+0000] {dag.py:3089} INFO - Sync 1 DAGs
[2026-03-10T15:07:26.775+0000] {logging_mixin.py:188} INFO - [2026-03-10T15:07:26.775+0000] {dag.py:3947} INFO - Setting next_dagrun for 3_dag_GET_Current_YML_From_Cortex to None, run_after=None
[2026-03-10T15:07:26.808+0000] {processor.py:183} INFO - Processing /home/cloud/codings/airflow/dags/3_dag_GET_Current_YML_From_Cortex.py took 0.110 seconds
[2026-03-10T15:07:57.159+0000] {processor.py:161} INFO - Started process (PID=517491) to work on /home/cloud/codings/airflow/dags/3_dag_GET_Current_YML_From_Cortex.py
[2026-03-10T15:07:57.166+0000] {processor.py:830} INFO - Processing file /home/cloud/codings/airflow/dags/3_dag_GET_Current_YML_From_Cortex.py for tasks to queue
[2026-03-10T15:07:57.168+0000] {logging_mixin.py:188} INFO - [2026-03-10T15:07:57.167+0000] {dagbag.py:545} INFO - Filling up the DagBag from /home/cloud/codings/airflow/dags/3_dag_GET_Current_YML_From_Cortex.py
[2026-03-10T15:07:57.200+0000] {processor.py:840} INFO - DAG(s) '3_dag_GET_Current_YML_From_Cortex' retrieved from /home/cloud/codings/airflow/dags/3_dag_GET_Current_YML_From_Cortex.py
[2026-03-10T15:07:57.221+0000] {logging_mixin.py:188} INFO - [2026-03-10T15:07:57.221+0000] {dag.py:3089} INFO - Sync 1 DAGs
[2026-03-10T15:07:57.239+0000] {logging_mixin.py:188} INFO - [2026-03-10T15:07:57.238+0000] {dag.py:3947} INFO - Setting next_dagrun for 3_dag_GET_Current_YML_From_Cortex to None, run_after=None
[2026-03-10T15:07:57.270+0000] {processor.py:183} INFO - Processing /home/cloud/codings/airflow/dags/3_dag_GET_Current_YML_From_Cortex.py took 0.119 seconds
[2026-03-10T15:08:27.499+0000] {processor.py:161} INFO - Started process (PID=517714) to work on /home/cloud/codings/airflow/dags/3_dag_GET_Current_YML_From_Cortex.py
[2026-03-10T15:08:27.500+0000] {processor.py:830} INFO - Processing file /home/cloud/codings/airflow/dags/3_dag_GET_Current_YML_From_Cortex.py for tasks to queue
[2026-03-10T15:08:27.502+0000] {logging_mixin.py:188} INFO - [2026-03-10T15:08:27.501+0000] {dagbag.py:545} INFO - Filling up the DagBag from /home/cloud/codings/airflow/dags/3_dag_GET_Current_YML_From_Cortex.py
[2026-03-10T15:08:27.530+0000] {processor.py:840} INFO - DAG(s) '3_dag_GET_Current_YML_From_Cortex' retrieved from /home/cloud/codings/airflow/dags/3_dag_GET_Current_YML_From_Cortex.py
[2026-03-10T15:08:27.549+0000] {logging_mixin.py:188} INFO - [2026-03-10T15:08:27.549+0000] {dag.py:3089} INFO - Sync 1 DAGs
[2026-03-10T15:08:27.563+0000] {logging_mixin.py:188} INFO - [2026-03-10T15:08:27.562+0000] {dag.py:3947} INFO - Setting next_dagrun for 3_dag_GET_Current_YML_From_Cortex to None, run_after=None
[2026-03-10T15:08:27.595+0000] {processor.py:183} INFO - Processing /home/cloud/codings/airflow/dags/3_dag_GET_Current_YML_From_Cortex.py took 0.104 seconds
[2026-03-10T15:08:57.830+0000] {processor.py:161} INFO - Started process (PID=517999) to work on /home/cloud/codings/airflow/dags/3_dag_GET_Current_YML_From_Cortex.py
[2026-03-10T15:08:57.830+0000] {processor.py:830} INFO - Processing file /home/cloud/codings/airflow/dags/3_dag_GET_Current_YML_From_Cortex.py for tasks to queue
[2026-03-10T15:08:57.831+0000] {logging_mixin.py:188} INFO - [2026-03-10T15:08:57.831+0000] {dagbag.py:545} INFO - Filling up the DagBag from /home/cloud/codings/airflow/dags/3_dag_GET_Current_YML_From_Cortex.py
[2026-03-10T15:08:57.852+0000] {processor.py:840} INFO - DAG(s) '3_dag_GET_Current_YML_From_Cortex' retrieved from /home/cloud/codings/airflow/dags/3_dag_GET_Current_YML_From_Cortex.py
[2026-03-10T15:08:57.868+0000] {logging_mixin.py:188} INFO - [2026-03-10T15:08:57.868+0000] {dag.py:3089} INFO - Sync 1 DAGs
[2026-03-10T15:08:57.881+0000] {logging_mixin.py:188} INFO - [2026-03-10T15:08:57.880+0000] {dag.py:3947} INFO - Setting next_dagrun for 3_dag_GET_Current_YML_From_Cortex to None, run_after=None
[2026-03-10T15:08:57.909+0000] {processor.py:183} INFO - Processing /home/cloud/codings/airflow/dags/3_dag_GET_Current_YML_From_Cortex.py took 0.091 seconds
[2026-03-10T15:09:28.270+0000] {processor.py:161} INFO - Started process (PID=518218) to work on /home/cloud/codings/airflow/dags/3_dag_GET_Current_YML_From_Cortex.py
[2026-03-10T15:09:28.274+0000] {processor.py:830} INFO - Processing file /home/cloud/codings/airflow/dags/3_dag_GET_Current_YML_From_Cortex.py for tasks to queue
[2026-03-10T15:09:28.275+0000] {logging_mixin.py:188} INFO - [2026-03-10T15:09:28.275+0000] {dagbag.py:545} INFO - Filling up the DagBag from /home/cloud/codings/airflow/dags/3_dag_GET_Current_YML_From_Cortex.py
[2026-03-10T15:09:28.294+0000] {processor.py:840} INFO - DAG(s) '3_dag_GET_Current_YML_From_Cortex' retrieved from /home/cloud/codings/airflow/dags/3_dag_GET_Current_YML_From_Cortex.py
[2026-03-10T15:09:28.307+0000] {logging_mixin.py:188} INFO - [2026-03-10T15:09:28.307+0000] {dag.py:3089} INFO - Sync 1 DAGs
[2026-03-10T15:09:28.317+0000] {logging_mixin.py:188} INFO - [2026-03-10T15:09:28.317+0000] {dag.py:3947} INFO - Setting next_dagrun for 3_dag_GET_Current_YML_From_Cortex to None, run_after=None
[2026-03-10T15:09:28.339+0000] {processor.py:183} INFO - Processing /home/cloud/codings/airflow/dags/3_dag_GET_Current_YML_From_Cortex.py took 0.075 seconds
[2026-03-10T15:09:58.713+0000] {processor.py:161} INFO - Started process (PID=518501) to work on /home/cloud/codings/airflow/dags/3_dag_GET_Current_YML_From_Cortex.py
[2026-03-10T15:09:58.713+0000] {processor.py:830} INFO - Processing file /home/cloud/codings/airflow/dags/3_dag_GET_Current_YML_From_Cortex.py for tasks to queue
[2026-03-10T15:09:58.715+0000] {logging_mixin.py:188} INFO - [2026-03-10T15:09:58.714+0000] {dagbag.py:545} INFO - Filling up the DagBag from /home/cloud/codings/airflow/dags/3_dag_GET_Current_YML_From_Cortex.py
[2026-03-10T15:09:58.735+0000] {processor.py:840} INFO - DAG(s) '3_dag_GET_Current_YML_From_Cortex' retrieved from /home/cloud/codings/airflow/dags/3_dag_GET_Current_YML_From_Cortex.py
[2026-03-10T15:09:58.749+0000] {logging_mixin.py:188} INFO - [2026-03-10T15:09:58.748+0000] {dag.py:3089} INFO - Sync 1 DAGs
[2026-03-10T15:09:58.761+0000] {logging_mixin.py:188} INFO - [2026-03-10T15:09:58.761+0000] {dag.py:3947} INFO - Setting next_dagrun for 3_dag_GET_Current_YML_From_Cortex to None, run_after=None
[2026-03-10T15:09:58.786+0000] {processor.py:183} INFO - Processing /home/cloud/codings/airflow/dags/3_dag_GET_Current_YML_From_Cortex.py took 0.080 seconds
[2026-03-10T15:10:29.195+0000] {processor.py:161} INFO - Started process (PID=518724) to work on /home/cloud/codings/airflow/dags/3_dag_GET_Current_YML_From_Cortex.py
[2026-03-10T15:10:29.196+0000] {processor.py:830} INFO - Processing file /home/cloud/codings/airflow/dags/3_dag_GET_Current_YML_From_Cortex.py for tasks to queue
[2026-03-10T15:10:29.197+0000] {logging_mixin.py:188} INFO - [2026-03-10T15:10:29.197+0000] {dagbag.py:545} INFO - Filling up the DagBag from /home/cloud/codings/airflow/dags/3_dag_GET_Current_YML_From_Cortex.py
[2026-03-10T15:10:29.221+0000] {processor.py:840} INFO - DAG(s) '3_dag_GET_Current_YML_From_Cortex' retrieved from /home/cloud/codings/airflow/dags/3_dag_GET_Current_YML_From_Cortex.py
[2026-03-10T15:10:29.238+0000] {logging_mixin.py:188} INFO - [2026-03-10T15:10:29.237+0000] {dag.py:3089} INFO - Sync 1 DAGs
[2026-03-10T15:10:29.251+0000] {logging_mixin.py:188} INFO - [2026-03-10T15:10:29.251+0000] {dag.py:3947} INFO - Setting next_dagrun for 3_dag_GET_Current_YML_From_Cortex to None, run_after=None
[2026-03-10T15:10:29.275+0000] {processor.py:183} INFO - Processing /home/cloud/codings/airflow/dags/3_dag_GET_Current_YML_From_Cortex.py took 0.087 seconds
[2026-03-10T15:10:59.687+0000] {processor.py:161} INFO - Started process (PID=519065) to work on /home/cloud/codings/airflow/dags/3_dag_GET_Current_YML_From_Cortex.py
[2026-03-10T15:10:59.688+0000] {processor.py:830} INFO - Processing file /home/cloud/codings/airflow/dags/3_dag_GET_Current_YML_From_Cortex.py for tasks to queue
[2026-03-10T15:10:59.689+0000] {logging_mixin.py:188} INFO - [2026-03-10T15:10:59.689+0000] {dagbag.py:545} INFO - Filling up the DagBag from /home/cloud/codings/airflow/dags/3_dag_GET_Current_YML_From_Cortex.py
[2026-03-10T15:10:59.713+0000] {processor.py:840} INFO - DAG(s) '3_dag_GET_Current_YML_From_Cortex' retrieved from /home/cloud/codings/airflow/dags/3_dag_GET_Current_YML_From_Cortex.py
[2026-03-10T15:10:59.730+0000] {logging_mixin.py:188} INFO - [2026-03-10T15:10:59.730+0000] {dag.py:3089} INFO - Sync 1 DAGs
[2026-03-10T15:10:59.746+0000] {logging_mixin.py:188} INFO - [2026-03-10T15:10:59.746+0000] {dag.py:3947} INFO - Setting next_dagrun for 3_dag_GET_Current_YML_From_Cortex to None, run_after=None
[2026-03-10T15:10:59.777+0000] {processor.py:183} INFO - Processing /home/cloud/codings/airflow/dags/3_dag_GET_Current_YML_From_Cortex.py took 0.097 seconds
[2026-03-10T15:11:30.275+0000] {processor.py:161} INFO - Started process (PID=519265) to work on /home/cloud/codings/airflow/dags/3_dag_GET_Current_YML_From_Cortex.py
[2026-03-10T15:11:30.277+0000] {processor.py:830} INFO - Processing file /home/cloud/codings/airflow/dags/3_dag_GET_Current_YML_From_Cortex.py for tasks to queue
[2026-03-10T15:11:30.279+0000] {logging_mixin.py:188} INFO - [2026-03-10T15:11:30.278+0000] {dagbag.py:545} INFO - Filling up the DagBag from /home/cloud/codings/airflow/dags/3_dag_GET_Current_YML_From_Cortex.py
[2026-03-10T15:11:30.328+0000] {processor.py:840} INFO - DAG(s) '3_dag_GET_Current_YML_From_Cortex' retrieved from /home/cloud/codings/airflow/dags/3_dag_GET_Current_YML_From_Cortex.py
[2026-03-10T15:11:30.366+0000] {logging_mixin.py:188} INFO - [2026-03-10T15:11:30.365+0000] {dag.py:3089} INFO - Sync 1 DAGs
[2026-03-10T15:11:30.391+0000] {logging_mixin.py:188} INFO - [2026-03-10T15:11:30.391+0000] {dag.py:3947} INFO - Setting next_dagrun for 3_dag_GET_Current_YML_From_Cortex to None, run_after=None
[2026-03-10T15:11:30.436+0000] {processor.py:183} INFO - Processing /home/cloud/codings/airflow/dags/3_dag_GET_Current_YML_From_Cortex.py took 0.174 seconds
[2026-03-10T15:12:01.094+0000] {processor.py:161} INFO - Started process (PID=519392) to work on /home/cloud/codings/airflow/dags/3_dag_GET_Current_YML_From_Cortex.py
[2026-03-10T15:12:01.095+0000] {processor.py:830} INFO - Processing file /home/cloud/codings/airflow/dags/3_dag_GET_Current_YML_From_Cortex.py for tasks to queue
[2026-03-10T15:12:01.097+0000] {logging_mixin.py:188} INFO - [2026-03-10T15:12:01.096+0000] {dagbag.py:545} INFO - Filling up the DagBag from /home/cloud/codings/airflow/dags/3_dag_GET_Current_YML_From_Cortex.py
[2026-03-10T15:12:01.153+0000] {processor.py:840} INFO - DAG(s) '3_dag_GET_Current_YML_From_Cortex' retrieved from /home/cloud/codings/airflow/dags/3_dag_GET_Current_YML_From_Cortex.py
[2026-03-10T15:12:01.220+0000] {logging_mixin.py:188} INFO - [2026-03-10T15:12:01.217+0000] {dag.py:3089} INFO - Sync 1 DAGs
[2026-03-10T15:12:01.259+0000] {logging_mixin.py:188} INFO - [2026-03-10T15:12:01.258+0000] {dag.py:3947} INFO - Setting next_dagrun for 3_dag_GET_Current_YML_From_Cortex to None, run_after=None
[2026-03-10T15:12:01.308+0000] {processor.py:183} INFO - Processing /home/cloud/codings/airflow/dags/3_dag_GET_Current_YML_From_Cortex.py took 0.228 seconds
[2026-03-10T15:12:31.742+0000] {processor.py:161} INFO - Started process (PID=519465) to work on /home/cloud/codings/airflow/dags/3_dag_GET_Current_YML_From_Cortex.py
[2026-03-10T15:12:31.744+0000] {processor.py:830} INFO - Processing file /home/cloud/codings/airflow/dags/3_dag_GET_Current_YML_From_Cortex.py for tasks to queue
[2026-03-10T15:12:31.745+0000] {logging_mixin.py:188} INFO - [2026-03-10T15:12:31.744+0000] {dagbag.py:545} INFO - Filling up the DagBag from /home/cloud/codings/airflow/dags/3_dag_GET_Current_YML_From_Cortex.py
[2026-03-10T15:12:31.771+0000] {processor.py:840} INFO - DAG(s) '3_dag_GET_Current_YML_From_Cortex' retrieved from /home/cloud/codings/airflow/dags/3_dag_GET_Current_YML_From_Cortex.py
[2026-03-10T15:12:31.788+0000] {logging_mixin.py:188} INFO - [2026-03-10T15:12:31.788+0000] {dag.py:3089} INFO - Sync 1 DAGs
[2026-03-10T15:12:31.805+0000] {logging_mixin.py:188} INFO - [2026-03-10T15:12:31.805+0000] {dag.py:3947} INFO - Setting next_dagrun for 3_dag_GET_Current_YML_From_Cortex to None, run_after=None
[2026-03-10T15:12:31.839+0000] {processor.py:183} INFO - Processing /home/cloud/codings/airflow/dags/3_dag_GET_Current_YML_From_Cortex.py took 0.105 seconds
[2026-03-10T15:13:02.253+0000] {processor.py:161} INFO - Started process (PID=519596) to work on /home/cloud/codings/airflow/dags/3_dag_GET_Current_YML_From_Cortex.py
[2026-03-10T15:13:02.254+0000] {processor.py:830} INFO - Processing file /home/cloud/codings/airflow/dags/3_dag_GET_Current_YML_From_Cortex.py for tasks to queue
[2026-03-10T15:13:02.255+0000] {logging_mixin.py:188} INFO - [2026-03-10T15:13:02.255+0000] {dagbag.py:545} INFO - Filling up the DagBag from /home/cloud/codings/airflow/dags/3_dag_GET_Current_YML_From_Cortex.py
[2026-03-10T15:13:02.275+0000] {processor.py:840} INFO - DAG(s) '3_dag_GET_Current_YML_From_Cortex' retrieved from /home/cloud/codings/airflow/dags/3_dag_GET_Current_YML_From_Cortex.py
[2026-03-10T15:13:02.288+0000] {logging_mixin.py:188} INFO - [2026-03-10T15:13:02.287+0000] {dag.py:3089} INFO - Sync 1 DAGs
[2026-03-10T15:13:02.299+0000] {logging_mixin.py:188} INFO - [2026-03-10T15:13:02.298+0000] {dag.py:3947} INFO - Setting next_dagrun for 3_dag_GET_Current_YML_From_Cortex to None, run_after=None
[2026-03-10T15:13:02.320+0000] {processor.py:183} INFO - Processing /home/cloud/codings/airflow/dags/3_dag_GET_Current_YML_From_Cortex.py took 0.074 seconds
[2026-03-10T15:13:32.564+0000] {processor.py:161} INFO - Started process (PID=519665) to work on /home/cloud/codings/airflow/dags/3_dag_GET_Current_YML_From_Cortex.py
[2026-03-10T15:13:32.566+0000] {processor.py:830} INFO - Processing file /home/cloud/codings/airflow/dags/3_dag_GET_Current_YML_From_Cortex.py for tasks to queue
[2026-03-10T15:13:32.567+0000] {logging_mixin.py:188} INFO - [2026-03-10T15:13:32.567+0000] {dagbag.py:545} INFO - Filling up the DagBag from /home/cloud/codings/airflow/dags/3_dag_GET_Current_YML_From_Cortex.py
[2026-03-10T15:13:32.600+0000] {processor.py:840} INFO - DAG(s) '3_dag_GET_Current_YML_From_Cortex' retrieved from /home/cloud/codings/airflow/dags/3_dag_GET_Current_YML_From_Cortex.py
[2026-03-10T15:13:32.624+0000] {logging_mixin.py:188} INFO - [2026-03-10T15:13:32.623+0000] {dag.py:3089} INFO - Sync 1 DAGs
[2026-03-10T15:13:32.640+0000] {logging_mixin.py:188} INFO - [2026-03-10T15:13:32.640+0000] {dag.py:3947} INFO - Setting next_dagrun for 3_dag_GET_Current_YML_From_Cortex to None, run_after=None
[2026-03-10T15:13:32.668+0000] {processor.py:183} INFO - Processing /home/cloud/codings/airflow/dags/3_dag_GET_Current_YML_From_Cortex.py took 0.112 seconds
[2026-03-10T15:14:03.268+0000] {processor.py:161} INFO - Started process (PID=519798) to work on /home/cloud/codings/airflow/dags/3_dag_GET_Current_YML_From_Cortex.py
[2026-03-10T15:14:03.269+0000] {processor.py:830} INFO - Processing file /home/cloud/codings/airflow/dags/3_dag_GET_Current_YML_From_Cortex.py for tasks to queue
[2026-03-10T15:14:03.271+0000] {logging_mixin.py:188} INFO - [2026-03-10T15:14:03.270+0000] {dagbag.py:545} INFO - Filling up the DagBag from /home/cloud/codings/airflow/dags/3_dag_GET_Current_YML_From_Cortex.py
[2026-03-10T15:14:03.297+0000] {processor.py:840} INFO - DAG(s) '3_dag_GET_Current_YML_From_Cortex' retrieved from /home/cloud/codings/airflow/dags/3_dag_GET_Current_YML_From_Cortex.py
[2026-03-10T15:14:03.316+0000] {logging_mixin.py:188} INFO - [2026-03-10T15:14:03.315+0000] {dag.py:3089} INFO - Sync 1 DAGs
[2026-03-10T15:14:03.331+0000] {logging_mixin.py:188} INFO - [2026-03-10T15:14:03.331+0000] {dag.py:3947} INFO - Setting next_dagrun for 3_dag_GET_Current_YML_From_Cortex to None, run_after=None
[2026-03-10T15:14:03.363+0000] {processor.py:183} INFO - Processing /home/cloud/codings/airflow/dags/3_dag_GET_Current_YML_From_Cortex.py took 0.103 seconds
[2026-03-10T15:14:33.916+0000] {processor.py:161} INFO - Started process (PID=519871) to work on /home/cloud/codings/airflow/dags/3_dag_GET_Current_YML_From_Cortex.py
[2026-03-10T15:14:33.921+0000] {processor.py:830} INFO - Processing file /home/cloud/codings/airflow/dags/3_dag_GET_Current_YML_From_Cortex.py for tasks to queue
[2026-03-10T15:14:33.922+0000] {logging_mixin.py:188} INFO - [2026-03-10T15:14:33.921+0000] {dagbag.py:545} INFO - Filling up the DagBag from /home/cloud/codings/airflow/dags/3_dag_GET_Current_YML_From_Cortex.py
[2026-03-10T15:14:33.944+0000] {processor.py:840} INFO - DAG(s) '3_dag_GET_Current_YML_From_Cortex' retrieved from /home/cloud/codings/airflow/dags/3_dag_GET_Current_YML_From_Cortex.py
[2026-03-10T15:14:33.957+0000] {logging_mixin.py:188} INFO - [2026-03-10T15:14:33.957+0000] {dag.py:3089} INFO - Sync 1 DAGs
[2026-03-10T15:14:33.970+0000] {logging_mixin.py:188} INFO - [2026-03-10T15:14:33.970+0000] {dag.py:3947} INFO - Setting next_dagrun for 3_dag_GET_Current_YML_From_Cortex to None, run_after=None
[2026-03-10T15:14:33.994+0000] {processor.py:183} INFO - Processing /home/cloud/codings/airflow/dags/3_dag_GET_Current_YML_From_Cortex.py took 0.084 seconds
[2026-03-10T15:15:04.272+0000] {processor.py:161} INFO - Started process (PID=520003) to work on /home/cloud/codings/airflow/dags/3_dag_GET_Current_YML_From_Cortex.py
[2026-03-10T15:15:04.273+0000] {processor.py:830} INFO - Processing file /home/cloud/codings/airflow/dags/3_dag_GET_Current_YML_From_Cortex.py for tasks to queue
[2026-03-10T15:15:04.275+0000] {logging_mixin.py:188} INFO - [2026-03-10T15:15:04.274+0000] {dagbag.py:545} INFO - Filling up the DagBag from /home/cloud/codings/airflow/dags/3_dag_GET_Current_YML_From_Cortex.py
[2026-03-10T15:15:04.300+0000] {processor.py:840} INFO - DAG(s) '3_dag_GET_Current_YML_From_Cortex' retrieved from /home/cloud/codings/airflow/dags/3_dag_GET_Current_YML_From_Cortex.py
[2026-03-10T15:15:04.319+0000] {logging_mixin.py:188} INFO - [2026-03-10T15:15:04.319+0000] {dag.py:3089} INFO - Sync 1 DAGs
[2026-03-10T15:15:04.337+0000] {logging_mixin.py:188} INFO - [2026-03-10T15:15:04.336+0000] {dag.py:3947} INFO - Setting next_dagrun for 3_dag_GET_Current_YML_From_Cortex to None, run_after=None
[2026-03-10T15:15:04.367+0000] {processor.py:183} INFO - Processing /home/cloud/codings/airflow/dags/3_dag_GET_Current_YML_From_Cortex.py took 0.103 seconds
[2026-03-10T15:15:34.756+0000] {processor.py:161} INFO - Started process (PID=520092) to work on /home/cloud/codings/airflow/dags/3_dag_GET_Current_YML_From_Cortex.py
[2026-03-10T15:15:34.762+0000] {processor.py:830} INFO - Processing file /home/cloud/codings/airflow/dags/3_dag_GET_Current_YML_From_Cortex.py for tasks to queue
[2026-03-10T15:15:34.763+0000] {logging_mixin.py:188} INFO - [2026-03-10T15:15:34.762+0000] {dagbag.py:545} INFO - Filling up the DagBag from /home/cloud/codings/airflow/dags/3_dag_GET_Current_YML_From_Cortex.py
[2026-03-10T15:15:34.787+0000] {processor.py:840} INFO - DAG(s) '3_dag_GET_Current_YML_From_Cortex' retrieved from /home/cloud/codings/airflow/dags/3_dag_GET_Current_YML_From_Cortex.py
[2026-03-10T15:15:34.804+0000] {logging_mixin.py:188} INFO - [2026-03-10T15:15:34.804+0000] {dag.py:3089} INFO - Sync 1 DAGs
[2026-03-10T15:15:34.821+0000] {logging_mixin.py:188} INFO - [2026-03-10T15:15:34.820+0000] {dag.py:3947} INFO - Setting next_dagrun for 3_dag_GET_Current_YML_From_Cortex to None, run_after=None
[2026-03-10T15:15:34.855+0000] {processor.py:183} INFO - Processing /home/cloud/codings/airflow/dags/3_dag_GET_Current_YML_From_Cortex.py took 0.105 seconds
[2026-03-10T15:16:05.143+0000] {processor.py:161} INFO - Started process (PID=520285) to work on /home/cloud/codings/airflow/dags/3_dag_GET_Current_YML_From_Cortex.py
[2026-03-10T15:16:05.148+0000] {processor.py:830} INFO - Processing file /home/cloud/codings/airflow/dags/3_dag_GET_Current_YML_From_Cortex.py for tasks to queue
[2026-03-10T15:16:05.149+0000] {logging_mixin.py:188} INFO - [2026-03-10T15:16:05.149+0000] {dagbag.py:545} INFO - Filling up the DagBag from /home/cloud/codings/airflow/dags/3_dag_GET_Current_YML_From_Cortex.py
[2026-03-10T15:16:05.171+0000] {processor.py:840} INFO - DAG(s) '3_dag_GET_Current_YML_From_Cortex' retrieved from /home/cloud/codings/airflow/dags/3_dag_GET_Current_YML_From_Cortex.py
[2026-03-10T15:16:05.183+0000] {logging_mixin.py:188} INFO - [2026-03-10T15:16:05.183+0000] {dag.py:3089} INFO - Sync 1 DAGs
[2026-03-10T15:16:05.194+0000] {logging_mixin.py:188} INFO - [2026-03-10T15:16:05.193+0000] {dag.py:3947} INFO - Setting next_dagrun for 3_dag_GET_Current_YML_From_Cortex to None, run_after=None
[2026-03-10T15:16:05.216+0000] {processor.py:183} INFO - Processing /home/cloud/codings/airflow/dags/3_dag_GET_Current_YML_From_Cortex.py took 0.080 seconds
[2026-03-10T15:16:35.634+0000] {processor.py:161} INFO - Started process (PID=520358) to work on /home/cloud/codings/airflow/dags/3_dag_GET_Current_YML_From_Cortex.py
[2026-03-10T15:16:35.639+0000] {processor.py:830} INFO - Processing file /home/cloud/codings/airflow/dags/3_dag_GET_Current_YML_From_Cortex.py for tasks to queue
[2026-03-10T15:16:35.639+0000] {logging_mixin.py:188} INFO - [2026-03-10T15:16:35.639+0000] {dagbag.py:545} INFO - Filling up the DagBag from /home/cloud/codings/airflow/dags/3_dag_GET_Current_YML_From_Cortex.py
[2026-03-10T15:16:35.660+0000] {processor.py:840} INFO - DAG(s) '3_dag_GET_Current_YML_From_Cortex' retrieved from /home/cloud/codings/airflow/dags/3_dag_GET_Current_YML_From_Cortex.py
[2026-03-10T15:16:35.678+0000] {logging_mixin.py:188} INFO - [2026-03-10T15:16:35.677+0000] {dag.py:3089} INFO - Sync 1 DAGs
[2026-03-10T15:16:35.689+0000] {logging_mixin.py:188} INFO - [2026-03-10T15:16:35.689+0000] {dag.py:3947} INFO - Setting next_dagrun for 3_dag_GET_Current_YML_From_Cortex to None, run_after=None
[2026-03-10T15:16:35.716+0000] {processor.py:183} INFO - Processing /home/cloud/codings/airflow/dags/3_dag_GET_Current_YML_From_Cortex.py took 0.091 seconds
[2026-03-10T15:17:06.466+0000] {processor.py:161} INFO - Started process (PID=520492) to work on /home/cloud/codings/airflow/dags/3_dag_GET_Current_YML_From_Cortex.py
[2026-03-10T15:17:06.468+0000] {processor.py:830} INFO - Processing file /home/cloud/codings/airflow/dags/3_dag_GET_Current_YML_From_Cortex.py for tasks to queue
[2026-03-10T15:17:06.469+0000] {logging_mixin.py:188} INFO - [2026-03-10T15:17:06.468+0000] {dagbag.py:545} INFO - Filling up the DagBag from /home/cloud/codings/airflow/dags/3_dag_GET_Current_YML_From_Cortex.py
[2026-03-10T15:17:06.496+0000] {processor.py:840} INFO - DAG(s) '3_dag_GET_Current_YML_From_Cortex' retrieved from /home/cloud/codings/airflow/dags/3_dag_GET_Current_YML_From_Cortex.py
[2026-03-10T15:17:06.516+0000] {logging_mixin.py:188} INFO - [2026-03-10T15:17:06.516+0000] {dag.py:3089} INFO - Sync 1 DAGs
[2026-03-10T15:17:06.532+0000] {logging_mixin.py:188} INFO - [2026-03-10T15:17:06.531+0000] {dag.py:3947} INFO - Setting next_dagrun for 3_dag_GET_Current_YML_From_Cortex to None, run_after=None
[2026-03-10T15:17:06.557+0000] {processor.py:183} INFO - Processing /home/cloud/codings/airflow/dags/3_dag_GET_Current_YML_From_Cortex.py took 0.099 seconds
[2026-03-10T15:17:36.940+0000] {processor.py:161} INFO - Started process (PID=520567) to work on /home/cloud/codings/airflow/dags/3_dag_GET_Current_YML_From_Cortex.py
[2026-03-10T15:17:36.942+0000] {processor.py:830} INFO - Processing file /home/cloud/codings/airflow/dags/3_dag_GET_Current_YML_From_Cortex.py for tasks to queue
[2026-03-10T15:17:36.942+0000] {logging_mixin.py:188} INFO - [2026-03-10T15:17:36.942+0000] {dagbag.py:545} INFO - Filling up the DagBag from /home/cloud/codings/airflow/dags/3_dag_GET_Current_YML_From_Cortex.py
[2026-03-10T15:17:36.968+0000] {processor.py:840} INFO - DAG(s) '3_dag_GET_Current_YML_From_Cortex' retrieved from /home/cloud/codings/airflow/dags/3_dag_GET_Current_YML_From_Cortex.py
[2026-03-10T15:17:36.984+0000] {logging_mixin.py:188} INFO - [2026-03-10T15:17:36.984+0000] {dag.py:3089} INFO - Sync 1 DAGs
[2026-03-10T15:17:36.996+0000] {logging_mixin.py:188} INFO - [2026-03-10T15:17:36.996+0000] {dag.py:3947} INFO - Setting next_dagrun for 3_dag_GET_Current_YML_From_Cortex to None, run_after=None
[2026-03-10T15:17:37.022+0000] {processor.py:183} INFO - Processing /home/cloud/codings/airflow/dags/3_dag_GET_Current_YML_From_Cortex.py took 0.088 seconds
[2026-03-10T15:18:07.326+0000] {processor.py:161} INFO - Started process (PID=520700) to work on /home/cloud/codings/airflow/dags/3_dag_GET_Current_YML_From_Cortex.py
[2026-03-10T15:18:07.327+0000] {processor.py:830} INFO - Processing file /home/cloud/codings/airflow/dags/3_dag_GET_Current_YML_From_Cortex.py for tasks to queue
[2026-03-10T15:18:07.328+0000] {logging_mixin.py:188} INFO - [2026-03-10T15:18:07.327+0000] {dagbag.py:545} INFO - Filling up the DagBag from /home/cloud/codings/airflow/dags/3_dag_GET_Current_YML_From_Cortex.py
[2026-03-10T15:18:07.364+0000] {processor.py:840} INFO - DAG(s) '3_dag_GET_Current_YML_From_Cortex' retrieved from /home/cloud/codings/airflow/dags/3_dag_GET_Current_YML_From_Cortex.py
[2026-03-10T15:18:07.387+0000] {logging_mixin.py:188} INFO - [2026-03-10T15:18:07.386+0000] {dag.py:3089} INFO - Sync 1 DAGs
[2026-03-10T15:18:07.408+0000] {logging_mixin.py:188} INFO - [2026-03-10T15:18:07.408+0000] {dag.py:3947} INFO - Setting next_dagrun for 3_dag_GET_Current_YML_From_Cortex to None, run_after=None
[2026-03-10T15:18:07.438+0000] {processor.py:183} INFO - Processing /home/cloud/codings/airflow/dags/3_dag_GET_Current_YML_From_Cortex.py took 0.120 seconds
[2026-03-10T15:18:37.619+0000] {processor.py:161} INFO - Started process (PID=520767) to work on /home/cloud/codings/airflow/dags/3_dag_GET_Current_YML_From_Cortex.py
[2026-03-10T15:18:37.623+0000] {processor.py:830} INFO - Processing file /home/cloud/codings/airflow/dags/3_dag_GET_Current_YML_From_Cortex.py for tasks to queue
[2026-03-10T15:18:37.624+0000] {logging_mixin.py:188} INFO - [2026-03-10T15:18:37.624+0000] {dagbag.py:545} INFO - Filling up the DagBag from /home/cloud/codings/airflow/dags/3_dag_GET_Current_YML_From_Cortex.py
[2026-03-10T15:18:37.643+0000] {processor.py:840} INFO - DAG(s) '3_dag_GET_Current_YML_From_Cortex' retrieved from /home/cloud/codings/airflow/dags/3_dag_GET_Current_YML_From_Cortex.py
[2026-03-10T15:18:37.656+0000] {logging_mixin.py:188} INFO - [2026-03-10T15:18:37.656+0000] {dag.py:3089} INFO - Sync 1 DAGs
[2026-03-10T15:18:37.666+0000] {logging_mixin.py:188} INFO - [2026-03-10T15:18:37.666+0000] {dag.py:3947} INFO - Setting next_dagrun for 3_dag_GET_Current_YML_From_Cortex to None, run_after=None
[2026-03-10T15:18:37.688+0000] {processor.py:183} INFO - Processing /home/cloud/codings/airflow/dags/3_dag_GET_Current_YML_From_Cortex.py took 0.076 seconds
[2026-03-10T15:19:07.866+0000] {processor.py:161} INFO - Started process (PID=520898) to work on /home/cloud/codings/airflow/dags/3_dag_GET_Current_YML_From_Cortex.py
[2026-03-10T15:19:07.871+0000] {processor.py:830} INFO - Processing file /home/cloud/codings/airflow/dags/3_dag_GET_Current_YML_From_Cortex.py for tasks to queue
[2026-03-10T15:19:07.872+0000] {logging_mixin.py:188} INFO - [2026-03-10T15:19:07.871+0000] {dagbag.py:545} INFO - Filling up the DagBag from /home/cloud/codings/airflow/dags/3_dag_GET_Current_YML_From_Cortex.py
[2026-03-10T15:19:07.890+0000] {processor.py:840} INFO - DAG(s) '3_dag_GET_Current_YML_From_Cortex' retrieved from /home/cloud/codings/airflow/dags/3_dag_GET_Current_YML_From_Cortex.py
[2026-03-10T15:19:07.904+0000] {logging_mixin.py:188} INFO - [2026-03-10T15:19:07.904+0000] {dag.py:3089} INFO - Sync 1 DAGs
[2026-03-10T15:19:07.914+0000] {logging_mixin.py:188} INFO - [2026-03-10T15:19:07.914+0000] {dag.py:3947} INFO - Setting next_dagrun for 3_dag_GET_Current_YML_From_Cortex to None, run_after=None
[2026-03-10T15:19:07.936+0000] {processor.py:183} INFO - Processing /home/cloud/codings/airflow/dags/3_dag_GET_Current_YML_From_Cortex.py took 0.076 seconds
[2026-03-10T15:19:38.151+0000] {processor.py:161} INFO - Started process (PID=520973) to work on /home/cloud/codings/airflow/dags/3_dag_GET_Current_YML_From_Cortex.py
[2026-03-10T15:19:38.154+0000] {processor.py:830} INFO - Processing file /home/cloud/codings/airflow/dags/3_dag_GET_Current_YML_From_Cortex.py for tasks to queue
[2026-03-10T15:19:38.155+0000] {logging_mixin.py:188} INFO - [2026-03-10T15:19:38.155+0000] {dagbag.py:545} INFO - Filling up the DagBag from /home/cloud/codings/airflow/dags/3_dag_GET_Current_YML_From_Cortex.py
[2026-03-10T15:19:38.178+0000] {processor.py:840} INFO - DAG(s) '3_dag_GET_Current_YML_From_Cortex' retrieved from /home/cloud/codings/airflow/dags/3_dag_GET_Current_YML_From_Cortex.py
[2026-03-10T15:19:38.193+0000] {logging_mixin.py:188} INFO - [2026-03-10T15:19:38.193+0000] {dag.py:3089} INFO - Sync 1 DAGs
[2026-03-10T15:19:38.205+0000] {logging_mixin.py:188} INFO - [2026-03-10T15:19:38.205+0000] {dag.py:3947} INFO - Setting next_dagrun for 3_dag_GET_Current_YML_From_Cortex to None, run_after=None
[2026-03-10T15:19:38.231+0000] {processor.py:183} INFO - Processing /home/cloud/codings/airflow/dags/3_dag_GET_Current_YML_From_Cortex.py took 0.087 seconds
[2026-03-10T15:20:08.438+0000] {processor.py:161} INFO - Started process (PID=521105) to work on /home/cloud/codings/airflow/dags/3_dag_GET_Current_YML_From_Cortex.py
[2026-03-10T15:20:08.439+0000] {processor.py:830} INFO - Processing file /home/cloud/codings/airflow/dags/3_dag_GET_Current_YML_From_Cortex.py for tasks to queue
[2026-03-10T15:20:08.440+0000] {logging_mixin.py:188} INFO - [2026-03-10T15:20:08.440+0000] {dagbag.py:545} INFO - Filling up the DagBag from /home/cloud/codings/airflow/dags/3_dag_GET_Current_YML_From_Cortex.py
[2026-03-10T15:20:08.464+0000] {processor.py:840} INFO - DAG(s) '3_dag_GET_Current_YML_From_Cortex' retrieved from /home/cloud/codings/airflow/dags/3_dag_GET_Current_YML_From_Cortex.py
[2026-03-10T15:20:08.478+0000] {logging_mixin.py:188} INFO - [2026-03-10T15:20:08.478+0000] {dag.py:3089} INFO - Sync 1 DAGs
[2026-03-10T15:20:08.490+0000] {logging_mixin.py:188} INFO - [2026-03-10T15:20:08.490+0000] {dag.py:3947} INFO - Setting next_dagrun for 3_dag_GET_Current_YML_From_Cortex to None, run_after=None
[2026-03-10T15:20:08.516+0000] {processor.py:183} INFO - Processing /home/cloud/codings/airflow/dags/3_dag_GET_Current_YML_From_Cortex.py took 0.084 seconds
[2026-03-10T15:20:38.778+0000] {processor.py:161} INFO - Started process (PID=521232) to work on /home/cloud/codings/airflow/dags/3_dag_GET_Current_YML_From_Cortex.py
[2026-03-10T15:20:38.783+0000] {processor.py:830} INFO - Processing file /home/cloud/codings/airflow/dags/3_dag_GET_Current_YML_From_Cortex.py for tasks to queue
[2026-03-10T15:20:38.784+0000] {logging_mixin.py:188} INFO - [2026-03-10T15:20:38.783+0000] {dagbag.py:545} INFO - Filling up the DagBag from /home/cloud/codings/airflow/dags/3_dag_GET_Current_YML_From_Cortex.py
[2026-03-10T15:20:38.802+0000] {processor.py:840} INFO - DAG(s) '3_dag_GET_Current_YML_From_Cortex' retrieved from /home/cloud/codings/airflow/dags/3_dag_GET_Current_YML_From_Cortex.py
[2026-03-10T15:20:38.815+0000] {logging_mixin.py:188} INFO - [2026-03-10T15:20:38.815+0000] {dag.py:3089} INFO - Sync 1 DAGs
[2026-03-10T15:20:38.827+0000] {logging_mixin.py:188} INFO - [2026-03-10T15:20:38.826+0000] {dag.py:3947} INFO - Setting next_dagrun for 3_dag_GET_Current_YML_From_Cortex to None, run_after=None
[2026-03-10T15:20:38.854+0000] {processor.py:183} INFO - Processing /home/cloud/codings/airflow/dags/3_dag_GET_Current_YML_From_Cortex.py took 0.081 seconds
[2026-03-10T15:21:09.094+0000] {processor.py:161} INFO - Started process (PID=521363) to work on /home/cloud/codings/airflow/dags/3_dag_GET_Current_YML_From_Cortex.py
[2026-03-10T15:21:09.101+0000] {processor.py:830} INFO - Processing file /home/cloud/codings/airflow/dags/3_dag_GET_Current_YML_From_Cortex.py for tasks to queue
[2026-03-10T15:21:09.103+0000] {logging_mixin.py:188} INFO - [2026-03-10T15:21:09.102+0000] {dagbag.py:545} INFO - Filling up the DagBag from /home/cloud/codings/airflow/dags/3_dag_GET_Current_YML_From_Cortex.py
[2026-03-10T15:21:09.130+0000] {processor.py:840} INFO - DAG(s) '3_dag_GET_Current_YML_From_Cortex' retrieved from /home/cloud/codings/airflow/dags/3_dag_GET_Current_YML_From_Cortex.py
[2026-03-10T15:21:09.144+0000] {logging_mixin.py:188} INFO - [2026-03-10T15:21:09.144+0000] {dag.py:3089} INFO - Sync 1 DAGs
[2026-03-10T15:21:09.155+0000] {logging_mixin.py:188} INFO - [2026-03-10T15:21:09.155+0000] {dag.py:3947} INFO - Setting next_dagrun for 3_dag_GET_Current_YML_From_Cortex to None, run_after=None
[2026-03-10T15:21:09.181+0000] {processor.py:183} INFO - Processing /home/cloud/codings/airflow/dags/3_dag_GET_Current_YML_From_Cortex.py took 0.101 seconds
[2026-03-10T15:21:39.576+0000] {processor.py:161} INFO - Started process (PID=521438) to work on /home/cloud/codings/airflow/dags/3_dag_GET_Current_YML_From_Cortex.py
[2026-03-10T15:21:39.576+0000] {processor.py:830} INFO - Processing file /home/cloud/codings/airflow/dags/3_dag_GET_Current_YML_From_Cortex.py for tasks to queue
[2026-03-10T15:21:39.577+0000] {logging_mixin.py:188} INFO - [2026-03-10T15:21:39.577+0000] {dagbag.py:545} INFO - Filling up the DagBag from /home/cloud/codings/airflow/dags/3_dag_GET_Current_YML_From_Cortex.py
[2026-03-10T15:21:39.598+0000] {processor.py:840} INFO - DAG(s) '3_dag_GET_Current_YML_From_Cortex' retrieved from /home/cloud/codings/airflow/dags/3_dag_GET_Current_YML_From_Cortex.py
[2026-03-10T15:21:39.611+0000] {logging_mixin.py:188} INFO - [2026-03-10T15:21:39.611+0000] {dag.py:3089} INFO - Sync 1 DAGs
[2026-03-10T15:21:39.622+0000] {logging_mixin.py:188} INFO - [2026-03-10T15:21:39.622+0000] {dag.py:3947} INFO - Setting next_dagrun for 3_dag_GET_Current_YML_From_Cortex to None, run_after=None
[2026-03-10T15:21:39.643+0000] {processor.py:183} INFO - Processing /home/cloud/codings/airflow/dags/3_dag_GET_Current_YML_From_Cortex.py took 0.073 seconds
[2026-03-10T15:22:09.858+0000] {processor.py:161} INFO - Started process (PID=521569) to work on /home/cloud/codings/airflow/dags/3_dag_GET_Current_YML_From_Cortex.py
[2026-03-10T15:22:09.864+0000] {processor.py:830} INFO - Processing file /home/cloud/codings/airflow/dags/3_dag_GET_Current_YML_From_Cortex.py for tasks to queue
[2026-03-10T15:22:09.865+0000] {logging_mixin.py:188} INFO - [2026-03-10T15:22:09.865+0000] {dagbag.py:545} INFO - Filling up the DagBag from /home/cloud/codings/airflow/dags/3_dag_GET_Current_YML_From_Cortex.py
[2026-03-10T15:22:09.884+0000] {processor.py:840} INFO - DAG(s) '3_dag_GET_Current_YML_From_Cortex' retrieved from /home/cloud/codings/airflow/dags/3_dag_GET_Current_YML_From_Cortex.py
[2026-03-10T15:22:09.896+0000] {logging_mixin.py:188} INFO - [2026-03-10T15:22:09.896+0000] {dag.py:3089} INFO - Sync 1 DAGs
[2026-03-10T15:22:09.907+0000] {logging_mixin.py:188} INFO - [2026-03-10T15:22:09.907+0000] {dag.py:3947} INFO - Setting next_dagrun for 3_dag_GET_Current_YML_From_Cortex to None, run_after=None
[2026-03-10T15:22:09.929+0000] {processor.py:183} INFO - Processing /home/cloud/codings/airflow/dags/3_dag_GET_Current_YML_From_Cortex.py took 0.076 seconds
[2026-03-10T15:22:40.239+0000] {processor.py:161} INFO - Started process (PID=521642) to work on /home/cloud/codings/airflow/dags/3_dag_GET_Current_YML_From_Cortex.py
[2026-03-10T15:22:40.240+0000] {processor.py:830} INFO - Processing file /home/cloud/codings/airflow/dags/3_dag_GET_Current_YML_From_Cortex.py for tasks to queue
[2026-03-10T15:22:40.241+0000] {logging_mixin.py:188} INFO - [2026-03-10T15:22:40.240+0000] {dagbag.py:545} INFO - Filling up the DagBag from /home/cloud/codings/airflow/dags/3_dag_GET_Current_YML_From_Cortex.py
[2026-03-10T15:22:40.260+0000] {processor.py:840} INFO - DAG(s) '3_dag_GET_Current_YML_From_Cortex' retrieved from /home/cloud/codings/airflow/dags/3_dag_GET_Current_YML_From_Cortex.py
[2026-03-10T15:22:40.273+0000] {logging_mixin.py:188} INFO - [2026-03-10T15:22:40.272+0000] {dag.py:3089} INFO - Sync 1 DAGs
[2026-03-10T15:22:40.285+0000] {logging_mixin.py:188} INFO - [2026-03-10T15:22:40.284+0000] {dag.py:3947} INFO - Setting next_dagrun for 3_dag_GET_Current_YML_From_Cortex to None, run_after=None
[2026-03-10T15:22:40.309+0000] {processor.py:183} INFO - Processing /home/cloud/codings/airflow/dags/3_dag_GET_Current_YML_From_Cortex.py took 0.075 seconds
[2026-03-10T15:23:10.665+0000] {processor.py:161} INFO - Started process (PID=521769) to work on /home/cloud/codings/airflow/dags/3_dag_GET_Current_YML_From_Cortex.py
[2026-03-10T15:23:10.670+0000] {processor.py:830} INFO - Processing file /home/cloud/codings/airflow/dags/3_dag_GET_Current_YML_From_Cortex.py for tasks to queue
[2026-03-10T15:23:10.671+0000] {logging_mixin.py:188} INFO - [2026-03-10T15:23:10.671+0000] {dagbag.py:545} INFO - Filling up the DagBag from /home/cloud/codings/airflow/dags/3_dag_GET_Current_YML_From_Cortex.py
[2026-03-10T15:23:10.690+0000] {processor.py:840} INFO - DAG(s) '3_dag_GET_Current_YML_From_Cortex' retrieved from /home/cloud/codings/airflow/dags/3_dag_GET_Current_YML_From_Cortex.py
[2026-03-10T15:23:10.704+0000] {logging_mixin.py:188} INFO - [2026-03-10T15:23:10.703+0000] {dag.py:3089} INFO - Sync 1 DAGs
[2026-03-10T15:23:10.715+0000] {logging_mixin.py:188} INFO - [2026-03-10T15:23:10.715+0000] {dag.py:3947} INFO - Setting next_dagrun for 3_dag_GET_Current_YML_From_Cortex to None, run_after=None
[2026-03-10T15:23:10.739+0000] {processor.py:183} INFO - Processing /home/cloud/codings/airflow/dags/3_dag_GET_Current_YML_From_Cortex.py took 0.080 seconds
[2026-03-10T15:23:41.006+0000] {processor.py:161} INFO - Started process (PID=521846) to work on /home/cloud/codings/airflow/dags/3_dag_GET_Current_YML_From_Cortex.py
[2026-03-10T15:23:41.007+0000] {processor.py:830} INFO - Processing file /home/cloud/codings/airflow/dags/3_dag_GET_Current_YML_From_Cortex.py for tasks to queue
[2026-03-10T15:23:41.008+0000] {logging_mixin.py:188} INFO - [2026-03-10T15:23:41.008+0000] {dagbag.py:545} INFO - Filling up the DagBag from /home/cloud/codings/airflow/dags/3_dag_GET_Current_YML_From_Cortex.py
[2026-03-10T15:23:41.035+0000] {processor.py:840} INFO - DAG(s) '3_dag_GET_Current_YML_From_Cortex' retrieved from /home/cloud/codings/airflow/dags/3_dag_GET_Current_YML_From_Cortex.py
[2026-03-10T15:23:41.052+0000] {logging_mixin.py:188} INFO - [2026-03-10T15:23:41.052+0000] {dag.py:3089} INFO - Sync 1 DAGs
[2026-03-10T15:23:41.067+0000] {logging_mixin.py:188} INFO - [2026-03-10T15:23:41.067+0000] {dag.py:3947} INFO - Setting next_dagrun for 3_dag_GET_Current_YML_From_Cortex to None, run_after=None
[2026-03-10T15:23:41.134+0000] {processor.py:183} INFO - Processing /home/cloud/codings/airflow/dags/3_dag_GET_Current_YML_From_Cortex.py took 0.136 seconds
[2026-03-10T15:24:11.388+0000] {processor.py:161} INFO - Started process (PID=521977) to work on /home/cloud/codings/airflow/dags/3_dag_GET_Current_YML_From_Cortex.py
[2026-03-10T15:24:11.394+0000] {processor.py:830} INFO - Processing file /home/cloud/codings/airflow/dags/3_dag_GET_Current_YML_From_Cortex.py for tasks to queue
[2026-03-10T15:24:11.395+0000] {logging_mixin.py:188} INFO - [2026-03-10T15:24:11.395+0000] {dagbag.py:545} INFO - Filling up the DagBag from /home/cloud/codings/airflow/dags/3_dag_GET_Current_YML_From_Cortex.py
[2026-03-10T15:24:11.414+0000] {processor.py:840} INFO - DAG(s) '3_dag_GET_Current_YML_From_Cortex' retrieved from /home/cloud/codings/airflow/dags/3_dag_GET_Current_YML_From_Cortex.py
[2026-03-10T15:24:11.426+0000] {logging_mixin.py:188} INFO - [2026-03-10T15:24:11.426+0000] {dag.py:3089} INFO - Sync 1 DAGs
[2026-03-10T15:24:11.440+0000] {logging_mixin.py:188} INFO - [2026-03-10T15:24:11.439+0000] {dag.py:3947} INFO - Setting next_dagrun for 3_dag_GET_Current_YML_From_Cortex to None, run_after=None
[2026-03-10T15:24:11.463+0000] {processor.py:183} INFO - Processing /home/cloud/codings/airflow/dags/3_dag_GET_Current_YML_From_Cortex.py took 0.080 seconds
[2026-03-10T15:24:41.859+0000] {processor.py:161} INFO - Started process (PID=522050) to work on /home/cloud/codings/airflow/dags/3_dag_GET_Current_YML_From_Cortex.py
[2026-03-10T15:24:41.865+0000] {processor.py:830} INFO - Processing file /home/cloud/codings/airflow/dags/3_dag_GET_Current_YML_From_Cortex.py for tasks to queue
[2026-03-10T15:24:41.865+0000] {logging_mixin.py:188} INFO - [2026-03-10T15:24:41.865+0000] {dagbag.py:545} INFO - Filling up the DagBag from /home/cloud/codings/airflow/dags/3_dag_GET_Current_YML_From_Cortex.py
[2026-03-10T15:24:41.887+0000] {processor.py:840} INFO - DAG(s) '3_dag_GET_Current_YML_From_Cortex' retrieved from /home/cloud/codings/airflow/dags/3_dag_GET_Current_YML_From_Cortex.py
[2026-03-10T15:24:41.902+0000] {logging_mixin.py:188} INFO - [2026-03-10T15:24:41.901+0000] {dag.py:3089} INFO - Sync 1 DAGs
[2026-03-10T15:24:41.914+0000] {logging_mixin.py:188} INFO - [2026-03-10T15:24:41.913+0000] {dag.py:3947} INFO - Setting next_dagrun for 3_dag_GET_Current_YML_From_Cortex to None, run_after=None
[2026-03-10T15:24:41.939+0000] {processor.py:183} INFO - Processing /home/cloud/codings/airflow/dags/3_dag_GET_Current_YML_From_Cortex.py took 0.086 seconds
[2026-03-10T15:25:12.163+0000] {processor.py:161} INFO - Started process (PID=522182) to work on /home/cloud/codings/airflow/dags/3_dag_GET_Current_YML_From_Cortex.py
[2026-03-10T15:25:12.164+0000] {processor.py:830} INFO - Processing file /home/cloud/codings/airflow/dags/3_dag_GET_Current_YML_From_Cortex.py for tasks to queue
[2026-03-10T15:25:12.165+0000] {logging_mixin.py:188} INFO - [2026-03-10T15:25:12.164+0000] {dagbag.py:545} INFO - Filling up the DagBag from /home/cloud/codings/airflow/dags/3_dag_GET_Current_YML_From_Cortex.py
[2026-03-10T15:25:12.185+0000] {processor.py:840} INFO - DAG(s) '3_dag_GET_Current_YML_From_Cortex' retrieved from /home/cloud/codings/airflow/dags/3_dag_GET_Current_YML_From_Cortex.py
[2026-03-10T15:25:12.199+0000] {logging_mixin.py:188} INFO - [2026-03-10T15:25:12.199+0000] {dag.py:3089} INFO - Sync 1 DAGs
[2026-03-10T15:25:12.211+0000] {logging_mixin.py:188} INFO - [2026-03-10T15:25:12.211+0000] {dag.py:3947} INFO - Setting next_dagrun for 3_dag_GET_Current_YML_From_Cortex to None, run_after=None
[2026-03-10T15:25:12.237+0000] {processor.py:183} INFO - Processing /home/cloud/codings/airflow/dags/3_dag_GET_Current_YML_From_Cortex.py took 0.080 seconds
[2026-03-10T15:25:42.468+0000] {processor.py:161} INFO - Started process (PID=522311) to work on /home/cloud/codings/airflow/dags/3_dag_GET_Current_YML_From_Cortex.py
[2026-03-10T15:25:42.470+0000] {processor.py:830} INFO - Processing file /home/cloud/codings/airflow/dags/3_dag_GET_Current_YML_From_Cortex.py for tasks to queue
[2026-03-10T15:25:42.471+0000] {logging_mixin.py:188} INFO - [2026-03-10T15:25:42.470+0000] {dagbag.py:545} INFO - Filling up the DagBag from /home/cloud/codings/airflow/dags/3_dag_GET_Current_YML_From_Cortex.py
[2026-03-10T15:25:42.492+0000] {processor.py:840} INFO - DAG(s) '3_dag_GET_Current_YML_From_Cortex' retrieved from /home/cloud/codings/airflow/dags/3_dag_GET_Current_YML_From_Cortex.py
[2026-03-10T15:25:42.507+0000] {logging_mixin.py:188} INFO - [2026-03-10T15:25:42.507+0000] {dag.py:3089} INFO - Sync 1 DAGs
[2026-03-10T15:25:42.519+0000] {logging_mixin.py:188} INFO - [2026-03-10T15:25:42.518+0000] {dag.py:3947} INFO - Setting next_dagrun for 3_dag_GET_Current_YML_From_Cortex to None, run_after=None
[2026-03-10T15:25:42.541+0000] {processor.py:183} INFO - Processing /home/cloud/codings/airflow/dags/3_dag_GET_Current_YML_From_Cortex.py took 0.078 seconds
[2026-03-10T15:26:12.795+0000] {processor.py:161} INFO - Started process (PID=522447) to work on /home/cloud/codings/airflow/dags/3_dag_GET_Current_YML_From_Cortex.py
[2026-03-10T15:26:12.800+0000] {processor.py:830} INFO - Processing file /home/cloud/codings/airflow/dags/3_dag_GET_Current_YML_From_Cortex.py for tasks to queue
[2026-03-10T15:26:12.801+0000] {logging_mixin.py:188} INFO - [2026-03-10T15:26:12.800+0000] {dagbag.py:545} INFO - Filling up the DagBag from /home/cloud/codings/airflow/dags/3_dag_GET_Current_YML_From_Cortex.py
[2026-03-10T15:26:12.824+0000] {processor.py:840} INFO - DAG(s) '3_dag_GET_Current_YML_From_Cortex' retrieved from /home/cloud/codings/airflow/dags/3_dag_GET_Current_YML_From_Cortex.py
[2026-03-10T15:26:12.839+0000] {logging_mixin.py:188} INFO - [2026-03-10T15:26:12.839+0000] {dag.py:3089} INFO - Sync 1 DAGs
[2026-03-10T15:26:12.852+0000] {logging_mixin.py:188} INFO - [2026-03-10T15:26:12.852+0000] {dag.py:3947} INFO - Setting next_dagrun for 3_dag_GET_Current_YML_From_Cortex to None, run_after=None
[2026-03-10T15:26:12.879+0000] {processor.py:183} INFO - Processing /home/cloud/codings/airflow/dags/3_dag_GET_Current_YML_From_Cortex.py took 0.089 seconds
[2026-03-10T15:26:43.098+0000] {processor.py:161} INFO - Started process (PID=522520) to work on /home/cloud/codings/airflow/dags/3_dag_GET_Current_YML_From_Cortex.py
[2026-03-10T15:26:43.100+0000] {processor.py:830} INFO - Processing file /home/cloud/codings/airflow/dags/3_dag_GET_Current_YML_From_Cortex.py for tasks to queue
[2026-03-10T15:26:43.101+0000] {logging_mixin.py:188} INFO - [2026-03-10T15:26:43.101+0000] {dagbag.py:545} INFO - Filling up the DagBag from /home/cloud/codings/airflow/dags/3_dag_GET_Current_YML_From_Cortex.py
[2026-03-10T15:26:43.125+0000] {processor.py:840} INFO - DAG(s) '3_dag_GET_Current_YML_From_Cortex' retrieved from /home/cloud/codings/airflow/dags/3_dag_GET_Current_YML_From_Cortex.py
[2026-03-10T15:26:43.140+0000] {logging_mixin.py:188} INFO - [2026-03-10T15:26:43.140+0000] {dag.py:3089} INFO - Sync 1 DAGs
[2026-03-10T15:26:43.154+0000] {logging_mixin.py:188} INFO - [2026-03-10T15:26:43.154+0000] {dag.py:3947} INFO - Setting next_dagrun for 3_dag_GET_Current_YML_From_Cortex to None, run_after=None
[2026-03-10T15:26:43.181+0000] {processor.py:183} INFO - Processing /home/cloud/codings/airflow/dags/3_dag_GET_Current_YML_From_Cortex.py took 0.089 seconds
[2026-03-10T15:27:14.439+0000] {processor.py:161} INFO - Started process (PID=522651) to work on /home/cloud/codings/airflow/dags/3_dag_GET_Current_YML_From_Cortex.py
[2026-03-10T15:27:14.444+0000] {processor.py:830} INFO - Processing file /home/cloud/codings/airflow/dags/3_dag_GET_Current_YML_From_Cortex.py for tasks to queue
[2026-03-10T15:27:14.445+0000] {logging_mixin.py:188} INFO - [2026-03-10T15:27:14.445+0000] {dagbag.py:545} INFO - Filling up the DagBag from /home/cloud/codings/airflow/dags/3_dag_GET_Current_YML_From_Cortex.py
[2026-03-10T15:27:14.467+0000] {processor.py:840} INFO - DAG(s) '3_dag_GET_Current_YML_From_Cortex' retrieved from /home/cloud/codings/airflow/dags/3_dag_GET_Current_YML_From_Cortex.py
[2026-03-10T15:27:14.484+0000] {logging_mixin.py:188} INFO - [2026-03-10T15:27:14.484+0000] {dag.py:3089} INFO - Sync 1 DAGs
[2026-03-10T15:27:14.497+0000] {logging_mixin.py:188} INFO - [2026-03-10T15:27:14.497+0000] {dag.py:3947} INFO - Setting next_dagrun for 3_dag_GET_Current_YML_From_Cortex to None, run_after=None
[2026-03-10T15:27:14.527+0000] {processor.py:183} INFO - Processing /home/cloud/codings/airflow/dags/3_dag_GET_Current_YML_From_Cortex.py took 0.095 seconds
[2026-03-10T15:27:44.768+0000] {processor.py:161} INFO - Started process (PID=522726) to work on /home/cloud/codings/airflow/dags/3_dag_GET_Current_YML_From_Cortex.py
[2026-03-10T15:27:44.769+0000] {processor.py:830} INFO - Processing file /home/cloud/codings/airflow/dags/3_dag_GET_Current_YML_From_Cortex.py for tasks to queue
[2026-03-10T15:27:44.770+0000] {logging_mixin.py:188} INFO - [2026-03-10T15:27:44.770+0000] {dagbag.py:545} INFO - Filling up the DagBag from /home/cloud/codings/airflow/dags/3_dag_GET_Current_YML_From_Cortex.py
[2026-03-10T15:27:44.790+0000] {processor.py:840} INFO - DAG(s) '3_dag_GET_Current_YML_From_Cortex' retrieved from /home/cloud/codings/airflow/dags/3_dag_GET_Current_YML_From_Cortex.py
[2026-03-10T15:27:44.804+0000] {logging_mixin.py:188} INFO - [2026-03-10T15:27:44.804+0000] {dag.py:3089} INFO - Sync 1 DAGs
[2026-03-10T15:27:44.816+0000] {logging_mixin.py:188} INFO - [2026-03-10T15:27:44.815+0000] {dag.py:3947} INFO - Setting next_dagrun for 3_dag_GET_Current_YML_From_Cortex to None, run_after=None
[2026-03-10T15:27:44.845+0000] {processor.py:183} INFO - Processing /home/cloud/codings/airflow/dags/3_dag_GET_Current_YML_From_Cortex.py took 0.084 seconds
[2026-03-10T15:28:15.187+0000] {processor.py:161} INFO - Started process (PID=522857) to work on /home/cloud/codings/airflow/dags/3_dag_GET_Current_YML_From_Cortex.py
[2026-03-10T15:28:15.189+0000] {processor.py:830} INFO - Processing file /home/cloud/codings/airflow/dags/3_dag_GET_Current_YML_From_Cortex.py for tasks to queue
[2026-03-10T15:28:15.190+0000] {logging_mixin.py:188} INFO - [2026-03-10T15:28:15.190+0000] {dagbag.py:545} INFO - Filling up the DagBag from /home/cloud/codings/airflow/dags/3_dag_GET_Current_YML_From_Cortex.py
[2026-03-10T15:28:15.213+0000] {processor.py:840} INFO - DAG(s) '3_dag_GET_Current_YML_From_Cortex' retrieved from /home/cloud/codings/airflow/dags/3_dag_GET_Current_YML_From_Cortex.py
[2026-03-10T15:28:15.228+0000] {logging_mixin.py:188} INFO - [2026-03-10T15:28:15.227+0000] {dag.py:3089} INFO - Sync 1 DAGs
[2026-03-10T15:28:15.242+0000] {logging_mixin.py:188} INFO - [2026-03-10T15:28:15.241+0000] {dag.py:3947} INFO - Setting next_dagrun for 3_dag_GET_Current_YML_From_Cortex to None, run_after=None
[2026-03-10T15:28:15.281+0000] {processor.py:183} INFO - Processing /home/cloud/codings/airflow/dags/3_dag_GET_Current_YML_From_Cortex.py took 0.101 seconds
[2026-03-10T15:28:45.522+0000] {processor.py:161} INFO - Started process (PID=522930) to work on /home/cloud/codings/airflow/dags/3_dag_GET_Current_YML_From_Cortex.py
[2026-03-10T15:28:45.527+0000] {processor.py:830} INFO - Processing file /home/cloud/codings/airflow/dags/3_dag_GET_Current_YML_From_Cortex.py for tasks to queue
[2026-03-10T15:28:45.528+0000] {logging_mixin.py:188} INFO - [2026-03-10T15:28:45.527+0000] {dagbag.py:545} INFO - Filling up the DagBag from /home/cloud/codings/airflow/dags/3_dag_GET_Current_YML_From_Cortex.py
[2026-03-10T15:28:45.552+0000] {processor.py:840} INFO - DAG(s) '3_dag_GET_Current_YML_From_Cortex' retrieved from /home/cloud/codings/airflow/dags/3_dag_GET_Current_YML_From_Cortex.py
[2026-03-10T15:28:45.568+0000] {logging_mixin.py:188} INFO - [2026-03-10T15:28:45.568+0000] {dag.py:3089} INFO - Sync 1 DAGs
[2026-03-10T15:28:45.582+0000] {logging_mixin.py:188} INFO - [2026-03-10T15:28:45.582+0000] {dag.py:3947} INFO - Setting next_dagrun for 3_dag_GET_Current_YML_From_Cortex to None, run_after=None
[2026-03-10T15:28:45.608+0000] {processor.py:183} INFO - Processing /home/cloud/codings/airflow/dags/3_dag_GET_Current_YML_From_Cortex.py took 0.093 seconds
[2026-03-10T15:29:15.854+0000] {processor.py:161} INFO - Started process (PID=523057) to work on /home/cloud/codings/airflow/dags/3_dag_GET_Current_YML_From_Cortex.py
[2026-03-10T15:29:15.858+0000] {processor.py:830} INFO - Processing file /home/cloud/codings/airflow/dags/3_dag_GET_Current_YML_From_Cortex.py for tasks to queue
[2026-03-10T15:29:15.859+0000] {logging_mixin.py:188} INFO - [2026-03-10T15:29:15.858+0000] {dagbag.py:545} INFO - Filling up the DagBag from /home/cloud/codings/airflow/dags/3_dag_GET_Current_YML_From_Cortex.py
[2026-03-10T15:29:15.878+0000] {processor.py:840} INFO - DAG(s) '3_dag_GET_Current_YML_From_Cortex' retrieved from /home/cloud/codings/airflow/dags/3_dag_GET_Current_YML_From_Cortex.py
[2026-03-10T15:29:15.892+0000] {logging_mixin.py:188} INFO - [2026-03-10T15:29:15.892+0000] {dag.py:3089} INFO - Sync 1 DAGs
[2026-03-10T15:29:15.903+0000] {logging_mixin.py:188} INFO - [2026-03-10T15:29:15.903+0000] {dag.py:3947} INFO - Setting next_dagrun for 3_dag_GET_Current_YML_From_Cortex to None, run_after=None
[2026-03-10T15:29:15.925+0000] {processor.py:183} INFO - Processing /home/cloud/codings/airflow/dags/3_dag_GET_Current_YML_From_Cortex.py took 0.079 seconds
[2026-03-10T15:29:46.176+0000] {processor.py:161} INFO - Started process (PID=523132) to work on /home/cloud/codings/airflow/dags/3_dag_GET_Current_YML_From_Cortex.py
[2026-03-10T15:29:46.178+0000] {processor.py:830} INFO - Processing file /home/cloud/codings/airflow/dags/3_dag_GET_Current_YML_From_Cortex.py for tasks to queue
[2026-03-10T15:29:46.179+0000] {logging_mixin.py:188} INFO - [2026-03-10T15:29:46.179+0000] {dagbag.py:545} INFO - Filling up the DagBag from /home/cloud/codings/airflow/dags/3_dag_GET_Current_YML_From_Cortex.py
[2026-03-10T15:29:46.203+0000] {processor.py:840} INFO - DAG(s) '3_dag_GET_Current_YML_From_Cortex' retrieved from /home/cloud/codings/airflow/dags/3_dag_GET_Current_YML_From_Cortex.py
[2026-03-10T15:29:46.218+0000] {logging_mixin.py:188} INFO - [2026-03-10T15:29:46.218+0000] {dag.py:3089} INFO - Sync 1 DAGs
[2026-03-10T15:29:46.232+0000] {logging_mixin.py:188} INFO - [2026-03-10T15:29:46.232+0000] {dag.py:3947} INFO - Setting next_dagrun for 3_dag_GET_Current_YML_From_Cortex to None, run_after=None
[2026-03-10T15:29:46.257+0000] {processor.py:183} INFO - Processing /home/cloud/codings/airflow/dags/3_dag_GET_Current_YML_From_Cortex.py took 0.088 seconds
[2026-03-10T15:30:16.510+0000] {processor.py:161} INFO - Started process (PID=523264) to work on /home/cloud/codings/airflow/dags/3_dag_GET_Current_YML_From_Cortex.py
[2026-03-10T15:30:16.510+0000] {processor.py:830} INFO - Processing file /home/cloud/codings/airflow/dags/3_dag_GET_Current_YML_From_Cortex.py for tasks to queue
[2026-03-10T15:30:16.511+0000] {logging_mixin.py:188} INFO - [2026-03-10T15:30:16.511+0000] {dagbag.py:545} INFO - Filling up the DagBag from /home/cloud/codings/airflow/dags/3_dag_GET_Current_YML_From_Cortex.py
[2026-03-10T15:30:16.529+0000] {processor.py:840} INFO - DAG(s) '3_dag_GET_Current_YML_From_Cortex' retrieved from /home/cloud/codings/airflow/dags/3_dag_GET_Current_YML_From_Cortex.py
[2026-03-10T15:30:16.543+0000] {logging_mixin.py:188} INFO - [2026-03-10T15:30:16.543+0000] {dag.py:3089} INFO - Sync 1 DAGs
[2026-03-10T15:30:16.555+0000] {logging_mixin.py:188} INFO - [2026-03-10T15:30:16.554+0000] {dag.py:3947} INFO - Setting next_dagrun for 3_dag_GET_Current_YML_From_Cortex to None, run_after=None
[2026-03-10T15:30:16.578+0000] {processor.py:183} INFO - Processing /home/cloud/codings/airflow/dags/3_dag_GET_Current_YML_From_Cortex.py took 0.074 seconds
[2026-03-10T15:30:46.968+0000] {processor.py:161} INFO - Started process (PID=523397) to work on /home/cloud/codings/airflow/dags/3_dag_GET_Current_YML_From_Cortex.py
[2026-03-10T15:30:46.971+0000] {processor.py:830} INFO - Processing file /home/cloud/codings/airflow/dags/3_dag_GET_Current_YML_From_Cortex.py for tasks to queue
[2026-03-10T15:30:46.972+0000] {logging_mixin.py:188} INFO - [2026-03-10T15:30:46.972+0000] {dagbag.py:545} INFO - Filling up the DagBag from /home/cloud/codings/airflow/dags/3_dag_GET_Current_YML_From_Cortex.py
[2026-03-10T15:30:46.994+0000] {processor.py:840} INFO - DAG(s) '3_dag_GET_Current_YML_From_Cortex' retrieved from /home/cloud/codings/airflow/dags/3_dag_GET_Current_YML_From_Cortex.py
[2026-03-10T15:30:47.009+0000] {logging_mixin.py:188} INFO - [2026-03-10T15:30:47.009+0000] {dag.py:3089} INFO - Sync 1 DAGs
[2026-03-10T15:30:47.021+0000] {logging_mixin.py:188} INFO - [2026-03-10T15:30:47.021+0000] {dag.py:3947} INFO - Setting next_dagrun for 3_dag_GET_Current_YML_From_Cortex to None, run_after=None
[2026-03-10T15:30:47.048+0000] {processor.py:183} INFO - Processing /home/cloud/codings/airflow/dags/3_dag_GET_Current_YML_From_Cortex.py took 0.086 seconds
[2026-03-10T15:31:17.299+0000] {processor.py:161} INFO - Started process (PID=523528) to work on /home/cloud/codings/airflow/dags/3_dag_GET_Current_YML_From_Cortex.py
[2026-03-10T15:31:17.303+0000] {processor.py:830} INFO - Processing file /home/cloud/codings/airflow/dags/3_dag_GET_Current_YML_From_Cortex.py for tasks to queue
[2026-03-10T15:31:17.304+0000] {logging_mixin.py:188} INFO - [2026-03-10T15:31:17.304+0000] {dagbag.py:545} INFO - Filling up the DagBag from /home/cloud/codings/airflow/dags/3_dag_GET_Current_YML_From_Cortex.py
[2026-03-10T15:31:17.331+0000] {processor.py:840} INFO - DAG(s) '3_dag_GET_Current_YML_From_Cortex' retrieved from /home/cloud/codings/airflow/dags/3_dag_GET_Current_YML_From_Cortex.py
[2026-03-10T15:31:17.350+0000] {logging_mixin.py:188} INFO - [2026-03-10T15:31:17.350+0000] {dag.py:3089} INFO - Sync 1 DAGs
[2026-03-10T15:31:17.365+0000] {logging_mixin.py:188} INFO - [2026-03-10T15:31:17.364+0000] {dag.py:3947} INFO - Setting next_dagrun for 3_dag_GET_Current_YML_From_Cortex to None, run_after=None
[2026-03-10T15:31:17.391+0000] {processor.py:183} INFO - Processing /home/cloud/codings/airflow/dags/3_dag_GET_Current_YML_From_Cortex.py took 0.101 seconds
[2026-03-10T15:31:47.966+0000] {processor.py:161} INFO - Started process (PID=523600) to work on /home/cloud/codings/airflow/dags/3_dag_GET_Current_YML_From_Cortex.py
[2026-03-10T15:31:47.969+0000] {processor.py:830} INFO - Processing file /home/cloud/codings/airflow/dags/3_dag_GET_Current_YML_From_Cortex.py for tasks to queue
[2026-03-10T15:31:47.971+0000] {logging_mixin.py:188} INFO - [2026-03-10T15:31:47.970+0000] {dagbag.py:545} INFO - Filling up the DagBag from /home/cloud/codings/airflow/dags/3_dag_GET_Current_YML_From_Cortex.py
[2026-03-10T15:31:48.034+0000] {processor.py:840} INFO - DAG(s) '3_dag_GET_Current_YML_From_Cortex' retrieved from /home/cloud/codings/airflow/dags/3_dag_GET_Current_YML_From_Cortex.py
[2026-03-10T15:31:48.065+0000] {logging_mixin.py:188} INFO - [2026-03-10T15:31:48.065+0000] {dag.py:3089} INFO - Sync 1 DAGs
[2026-03-10T15:31:48.101+0000] {logging_mixin.py:188} INFO - [2026-03-10T15:31:48.100+0000] {dag.py:3947} INFO - Setting next_dagrun for 3_dag_GET_Current_YML_From_Cortex to None, run_after=None
[2026-03-10T15:31:48.200+0000] {processor.py:183} INFO - Processing /home/cloud/codings/airflow/dags/3_dag_GET_Current_YML_From_Cortex.py took 0.256 seconds
[2026-03-10T15:32:18.869+0000] {processor.py:161} INFO - Started process (PID=523728) to work on /home/cloud/codings/airflow/dags/3_dag_GET_Current_YML_From_Cortex.py
[2026-03-10T15:32:18.870+0000] {processor.py:830} INFO - Processing file /home/cloud/codings/airflow/dags/3_dag_GET_Current_YML_From_Cortex.py for tasks to queue
[2026-03-10T15:32:18.871+0000] {logging_mixin.py:188} INFO - [2026-03-10T15:32:18.871+0000] {dagbag.py:545} INFO - Filling up the DagBag from /home/cloud/codings/airflow/dags/3_dag_GET_Current_YML_From_Cortex.py
[2026-03-10T15:32:18.899+0000] {processor.py:840} INFO - DAG(s) '3_dag_GET_Current_YML_From_Cortex' retrieved from /home/cloud/codings/airflow/dags/3_dag_GET_Current_YML_From_Cortex.py
[2026-03-10T15:32:18.916+0000] {logging_mixin.py:188} INFO - [2026-03-10T15:32:18.915+0000] {dag.py:3089} INFO - Sync 1 DAGs
[2026-03-10T15:32:18.931+0000] {logging_mixin.py:188} INFO - [2026-03-10T15:32:18.930+0000] {dag.py:3947} INFO - Setting next_dagrun for 3_dag_GET_Current_YML_From_Cortex to None, run_after=None
[2026-03-10T15:32:18.965+0000] {processor.py:183} INFO - Processing /home/cloud/codings/airflow/dags/3_dag_GET_Current_YML_From_Cortex.py took 0.102 seconds
[2026-03-10T15:32:49.840+0000] {processor.py:161} INFO - Started process (PID=523803) to work on /home/cloud/codings/airflow/dags/3_dag_GET_Current_YML_From_Cortex.py
[2026-03-10T15:32:49.842+0000] {processor.py:830} INFO - Processing file /home/cloud/codings/airflow/dags/3_dag_GET_Current_YML_From_Cortex.py for tasks to queue
[2026-03-10T15:32:49.844+0000] {logging_mixin.py:188} INFO - [2026-03-10T15:32:49.843+0000] {dagbag.py:545} INFO - Filling up the DagBag from /home/cloud/codings/airflow/dags/3_dag_GET_Current_YML_From_Cortex.py
[2026-03-10T15:32:49.876+0000] {processor.py:840} INFO - DAG(s) '3_dag_GET_Current_YML_From_Cortex' retrieved from /home/cloud/codings/airflow/dags/3_dag_GET_Current_YML_From_Cortex.py
[2026-03-10T15:32:49.898+0000] {logging_mixin.py:188} INFO - [2026-03-10T15:32:49.898+0000] {dag.py:3089} INFO - Sync 1 DAGs
[2026-03-10T15:32:49.918+0000] {logging_mixin.py:188} INFO - [2026-03-10T15:32:49.917+0000] {dag.py:3947} INFO - Setting next_dagrun for 3_dag_GET_Current_YML_From_Cortex to None, run_after=None
[2026-03-10T15:32:49.954+0000] {processor.py:183} INFO - Processing /home/cloud/codings/airflow/dags/3_dag_GET_Current_YML_From_Cortex.py took 0.123 seconds
[2026-03-10T15:33:20.815+0000] {processor.py:161} INFO - Started process (PID=523939) to work on /home/cloud/codings/airflow/dags/3_dag_GET_Current_YML_From_Cortex.py
[2026-03-10T15:33:20.816+0000] {processor.py:830} INFO - Processing file /home/cloud/codings/airflow/dags/3_dag_GET_Current_YML_From_Cortex.py for tasks to queue
[2026-03-10T15:33:20.818+0000] {logging_mixin.py:188} INFO - [2026-03-10T15:33:20.817+0000] {dagbag.py:545} INFO - Filling up the DagBag from /home/cloud/codings/airflow/dags/3_dag_GET_Current_YML_From_Cortex.py
[2026-03-10T15:33:20.847+0000] {processor.py:840} INFO - DAG(s) '3_dag_GET_Current_YML_From_Cortex' retrieved from /home/cloud/codings/airflow/dags/3_dag_GET_Current_YML_From_Cortex.py
[2026-03-10T15:33:20.867+0000] {logging_mixin.py:188} INFO - [2026-03-10T15:33:20.867+0000] {dag.py:3089} INFO - Sync 1 DAGs
[2026-03-10T15:33:20.884+0000] {logging_mixin.py:188} INFO - [2026-03-10T15:33:20.884+0000] {dag.py:3947} INFO - Setting next_dagrun for 3_dag_GET_Current_YML_From_Cortex to None, run_after=None
[2026-03-10T15:33:20.915+0000] {processor.py:183} INFO - Processing /home/cloud/codings/airflow/dags/3_dag_GET_Current_YML_From_Cortex.py took 0.109 seconds
[2026-03-10T15:33:51.394+0000] {processor.py:161} INFO - Started process (PID=524013) to work on /home/cloud/codings/airflow/dags/3_dag_GET_Current_YML_From_Cortex.py
[2026-03-10T15:33:51.396+0000] {processor.py:830} INFO - Processing file /home/cloud/codings/airflow/dags/3_dag_GET_Current_YML_From_Cortex.py for tasks to queue
[2026-03-10T15:33:51.397+0000] {logging_mixin.py:188} INFO - [2026-03-10T15:33:51.396+0000] {dagbag.py:545} INFO - Filling up the DagBag from /home/cloud/codings/airflow/dags/3_dag_GET_Current_YML_From_Cortex.py
[2026-03-10T15:33:51.430+0000] {processor.py:840} INFO - DAG(s) '3_dag_GET_Current_YML_From_Cortex' retrieved from /home/cloud/codings/airflow/dags/3_dag_GET_Current_YML_From_Cortex.py
[2026-03-10T15:33:51.447+0000] {logging_mixin.py:188} INFO - [2026-03-10T15:33:51.447+0000] {dag.py:3089} INFO - Sync 1 DAGs
[2026-03-10T15:33:51.462+0000] {logging_mixin.py:188} INFO - [2026-03-10T15:33:51.462+0000] {dag.py:3947} INFO - Setting next_dagrun for 3_dag_GET_Current_YML_From_Cortex to None, run_after=None
[2026-03-10T15:33:51.492+0000] {processor.py:183} INFO - Processing /home/cloud/codings/airflow/dags/3_dag_GET_Current_YML_From_Cortex.py took 0.113 seconds
[2026-03-10T15:34:21.842+0000] {processor.py:161} INFO - Started process (PID=524144) to work on /home/cloud/codings/airflow/dags/3_dag_GET_Current_YML_From_Cortex.py
[2026-03-10T15:34:21.843+0000] {processor.py:830} INFO - Processing file /home/cloud/codings/airflow/dags/3_dag_GET_Current_YML_From_Cortex.py for tasks to queue
[2026-03-10T15:34:21.844+0000] {logging_mixin.py:188} INFO - [2026-03-10T15:34:21.844+0000] {dagbag.py:545} INFO - Filling up the DagBag from /home/cloud/codings/airflow/dags/3_dag_GET_Current_YML_From_Cortex.py
[2026-03-10T15:34:21.866+0000] {processor.py:840} INFO - DAG(s) '3_dag_GET_Current_YML_From_Cortex' retrieved from /home/cloud/codings/airflow/dags/3_dag_GET_Current_YML_From_Cortex.py
[2026-03-10T15:34:21.883+0000] {logging_mixin.py:188} INFO - [2026-03-10T15:34:21.882+0000] {dag.py:3089} INFO - Sync 1 DAGs
[2026-03-10T15:34:21.899+0000] {logging_mixin.py:188} INFO - [2026-03-10T15:34:21.899+0000] {dag.py:3947} INFO - Setting next_dagrun for 3_dag_GET_Current_YML_From_Cortex to None, run_after=None
[2026-03-10T15:34:21.931+0000] {processor.py:183} INFO - Processing /home/cloud/codings/airflow/dags/3_dag_GET_Current_YML_From_Cortex.py took 0.096 seconds
[2026-03-10T15:34:52.248+0000] {processor.py:161} INFO - Started process (PID=524217) to work on /home/cloud/codings/airflow/dags/3_dag_GET_Current_YML_From_Cortex.py
[2026-03-10T15:34:52.249+0000] {processor.py:830} INFO - Processing file /home/cloud/codings/airflow/dags/3_dag_GET_Current_YML_From_Cortex.py for tasks to queue
[2026-03-10T15:34:52.250+0000] {logging_mixin.py:188} INFO - [2026-03-10T15:34:52.249+0000] {dagbag.py:545} INFO - Filling up the DagBag from /home/cloud/codings/airflow/dags/3_dag_GET_Current_YML_From_Cortex.py
[2026-03-10T15:34:52.270+0000] {processor.py:840} INFO - DAG(s) '3_dag_GET_Current_YML_From_Cortex' retrieved from /home/cloud/codings/airflow/dags/3_dag_GET_Current_YML_From_Cortex.py
[2026-03-10T15:34:52.284+0000] {logging_mixin.py:188} INFO - [2026-03-10T15:34:52.283+0000] {dag.py:3089} INFO - Sync 1 DAGs
[2026-03-10T15:34:52.295+0000] {logging_mixin.py:188} INFO - [2026-03-10T15:34:52.294+0000] {dag.py:3947} INFO - Setting next_dagrun for 3_dag_GET_Current_YML_From_Cortex to None, run_after=None
[2026-03-10T15:34:52.319+0000] {processor.py:183} INFO - Processing /home/cloud/codings/airflow/dags/3_dag_GET_Current_YML_From_Cortex.py took 0.076 seconds
[2026-03-10T15:35:22.635+0000] {processor.py:161} INFO - Started process (PID=524352) to work on /home/cloud/codings/airflow/dags/3_dag_GET_Current_YML_From_Cortex.py
[2026-03-10T15:35:22.637+0000] {processor.py:830} INFO - Processing file /home/cloud/codings/airflow/dags/3_dag_GET_Current_YML_From_Cortex.py for tasks to queue
[2026-03-10T15:35:22.638+0000] {logging_mixin.py:188} INFO - [2026-03-10T15:35:22.638+0000] {dagbag.py:545} INFO - Filling up the DagBag from /home/cloud/codings/airflow/dags/3_dag_GET_Current_YML_From_Cortex.py
[2026-03-10T15:35:22.659+0000] {processor.py:840} INFO - DAG(s) '3_dag_GET_Current_YML_From_Cortex' retrieved from /home/cloud/codings/airflow/dags/3_dag_GET_Current_YML_From_Cortex.py
[2026-03-10T15:35:22.672+0000] {logging_mixin.py:188} INFO - [2026-03-10T15:35:22.671+0000] {dag.py:3089} INFO - Sync 1 DAGs
[2026-03-10T15:35:22.682+0000] {logging_mixin.py:188} INFO - [2026-03-10T15:35:22.682+0000] {dag.py:3947} INFO - Setting next_dagrun for 3_dag_GET_Current_YML_From_Cortex to None, run_after=None
[2026-03-10T15:35:22.706+0000] {processor.py:183} INFO - Processing /home/cloud/codings/airflow/dags/3_dag_GET_Current_YML_From_Cortex.py took 0.076 seconds
[2026-03-10T15:35:53.323+0000] {processor.py:161} INFO - Started process (PID=524602) to work on /home/cloud/codings/airflow/dags/3_dag_GET_Current_YML_From_Cortex.py
[2026-03-10T15:35:53.325+0000] {processor.py:830} INFO - Processing file /home/cloud/codings/airflow/dags/3_dag_GET_Current_YML_From_Cortex.py for tasks to queue
[2026-03-10T15:35:53.326+0000] {logging_mixin.py:188} INFO - [2026-03-10T15:35:53.325+0000] {dagbag.py:545} INFO - Filling up the DagBag from /home/cloud/codings/airflow/dags/3_dag_GET_Current_YML_From_Cortex.py
[2026-03-10T15:35:53.360+0000] {processor.py:840} INFO - DAG(s) '3_dag_GET_Current_YML_From_Cortex' retrieved from /home/cloud/codings/airflow/dags/3_dag_GET_Current_YML_From_Cortex.py
[2026-03-10T15:35:53.377+0000] {logging_mixin.py:188} INFO - [2026-03-10T15:35:53.377+0000] {dag.py:3089} INFO - Sync 1 DAGs
[2026-03-10T15:35:53.392+0000] {logging_mixin.py:188} INFO - [2026-03-10T15:35:53.392+0000] {dag.py:3947} INFO - Setting next_dagrun for 3_dag_GET_Current_YML_From_Cortex to None, run_after=None
[2026-03-10T15:35:53.421+0000] {processor.py:183} INFO - Processing /home/cloud/codings/airflow/dags/3_dag_GET_Current_YML_From_Cortex.py took 0.105 seconds
[2026-03-10T15:36:23.665+0000] {processor.py:161} INFO - Started process (PID=524737) to work on /home/cloud/codings/airflow/dags/3_dag_GET_Current_YML_From_Cortex.py
[2026-03-10T15:36:23.670+0000] {processor.py:830} INFO - Processing file /home/cloud/codings/airflow/dags/3_dag_GET_Current_YML_From_Cortex.py for tasks to queue
[2026-03-10T15:36:23.671+0000] {logging_mixin.py:188} INFO - [2026-03-10T15:36:23.670+0000] {dagbag.py:545} INFO - Filling up the DagBag from /home/cloud/codings/airflow/dags/3_dag_GET_Current_YML_From_Cortex.py
[2026-03-10T15:36:23.697+0000] {processor.py:840} INFO - DAG(s) '3_dag_GET_Current_YML_From_Cortex' retrieved from /home/cloud/codings/airflow/dags/3_dag_GET_Current_YML_From_Cortex.py
[2026-03-10T15:36:23.728+0000] {logging_mixin.py:188} INFO - [2026-03-10T15:36:23.728+0000] {dag.py:3089} INFO - Sync 1 DAGs
[2026-03-10T15:36:23.749+0000] {logging_mixin.py:188} INFO - [2026-03-10T15:36:23.748+0000] {dag.py:3947} INFO - Setting next_dagrun for 3_dag_GET_Current_YML_From_Cortex to None, run_after=None
[2026-03-10T15:36:23.786+0000] {processor.py:183} INFO - Processing /home/cloud/codings/airflow/dags/3_dag_GET_Current_YML_From_Cortex.py took 0.127 seconds
[2026-03-10T15:36:54.162+0000] {processor.py:161} INFO - Started process (PID=524810) to work on /home/cloud/codings/airflow/dags/3_dag_GET_Current_YML_From_Cortex.py
[2026-03-10T15:36:54.167+0000] {processor.py:830} INFO - Processing file /home/cloud/codings/airflow/dags/3_dag_GET_Current_YML_From_Cortex.py for tasks to queue
[2026-03-10T15:36:54.169+0000] {logging_mixin.py:188} INFO - [2026-03-10T15:36:54.168+0000] {dagbag.py:545} INFO - Filling up the DagBag from /home/cloud/codings/airflow/dags/3_dag_GET_Current_YML_From_Cortex.py
[2026-03-10T15:36:54.193+0000] {processor.py:840} INFO - DAG(s) '3_dag_GET_Current_YML_From_Cortex' retrieved from /home/cloud/codings/airflow/dags/3_dag_GET_Current_YML_From_Cortex.py
[2026-03-10T15:36:54.209+0000] {logging_mixin.py:188} INFO - [2026-03-10T15:36:54.208+0000] {dag.py:3089} INFO - Sync 1 DAGs
[2026-03-10T15:36:54.222+0000] {logging_mixin.py:188} INFO - [2026-03-10T15:36:54.222+0000] {dag.py:3947} INFO - Setting next_dagrun for 3_dag_GET_Current_YML_From_Cortex to None, run_after=None
[2026-03-10T15:36:54.253+0000] {processor.py:183} INFO - Processing /home/cloud/codings/airflow/dags/3_dag_GET_Current_YML_From_Cortex.py took 0.096 seconds
[2026-03-10T15:37:24.633+0000] {processor.py:161} INFO - Started process (PID=524945) to work on /home/cloud/codings/airflow/dags/3_dag_GET_Current_YML_From_Cortex.py
[2026-03-10T15:37:24.635+0000] {processor.py:830} INFO - Processing file /home/cloud/codings/airflow/dags/3_dag_GET_Current_YML_From_Cortex.py for tasks to queue
[2026-03-10T15:37:24.636+0000] {logging_mixin.py:188} INFO - [2026-03-10T15:37:24.636+0000] {dagbag.py:545} INFO - Filling up the DagBag from /home/cloud/codings/airflow/dags/3_dag_GET_Current_YML_From_Cortex.py
[2026-03-10T15:37:24.659+0000] {processor.py:840} INFO - DAG(s) '3_dag_GET_Current_YML_From_Cortex' retrieved from /home/cloud/codings/airflow/dags/3_dag_GET_Current_YML_From_Cortex.py
[2026-03-10T15:37:24.672+0000] {logging_mixin.py:188} INFO - [2026-03-10T15:37:24.672+0000] {dag.py:3089} INFO - Sync 1 DAGs
[2026-03-10T15:37:24.682+0000] {logging_mixin.py:188} INFO - [2026-03-10T15:37:24.682+0000] {dag.py:3947} INFO - Setting next_dagrun for 3_dag_GET_Current_YML_From_Cortex to None, run_after=None
[2026-03-10T15:37:24.706+0000] {processor.py:183} INFO - Processing /home/cloud/codings/airflow/dags/3_dag_GET_Current_YML_From_Cortex.py took 0.084 seconds
[2026-03-10T15:37:54.990+0000] {processor.py:161} INFO - Started process (PID=525018) to work on /home/cloud/codings/airflow/dags/3_dag_GET_Current_YML_From_Cortex.py
[2026-03-10T15:37:54.991+0000] {processor.py:830} INFO - Processing file /home/cloud/codings/airflow/dags/3_dag_GET_Current_YML_From_Cortex.py for tasks to queue
[2026-03-10T15:37:54.993+0000] {logging_mixin.py:188} INFO - [2026-03-10T15:37:54.992+0000] {dagbag.py:545} INFO - Filling up the DagBag from /home/cloud/codings/airflow/dags/3_dag_GET_Current_YML_From_Cortex.py
[2026-03-10T15:37:55.016+0000] {processor.py:840} INFO - DAG(s) '3_dag_GET_Current_YML_From_Cortex' retrieved from /home/cloud/codings/airflow/dags/3_dag_GET_Current_YML_From_Cortex.py
[2026-03-10T15:37:55.031+0000] {logging_mixin.py:188} INFO - [2026-03-10T15:37:55.031+0000] {dag.py:3089} INFO - Sync 1 DAGs
[2026-03-10T15:37:55.043+0000] {logging_mixin.py:188} INFO - [2026-03-10T15:37:55.043+0000] {dag.py:3947} INFO - Setting next_dagrun for 3_dag_GET_Current_YML_From_Cortex to None, run_after=None
[2026-03-10T15:37:55.069+0000] {processor.py:183} INFO - Processing /home/cloud/codings/airflow/dags/3_dag_GET_Current_YML_From_Cortex.py took 0.085 seconds
[2026-03-10T15:38:25.316+0000] {processor.py:161} INFO - Started process (PID=525153) to work on /home/cloud/codings/airflow/dags/3_dag_GET_Current_YML_From_Cortex.py
[2026-03-10T15:38:25.317+0000] {processor.py:830} INFO - Processing file /home/cloud/codings/airflow/dags/3_dag_GET_Current_YML_From_Cortex.py for tasks to queue
[2026-03-10T15:38:25.317+0000] {logging_mixin.py:188} INFO - [2026-03-10T15:38:25.317+0000] {dagbag.py:545} INFO - Filling up the DagBag from /home/cloud/codings/airflow/dags/3_dag_GET_Current_YML_From_Cortex.py
[2026-03-10T15:38:25.341+0000] {processor.py:840} INFO - DAG(s) '3_dag_GET_Current_YML_From_Cortex' retrieved from /home/cloud/codings/airflow/dags/3_dag_GET_Current_YML_From_Cortex.py
[2026-03-10T15:38:25.360+0000] {logging_mixin.py:188} INFO - [2026-03-10T15:38:25.360+0000] {dag.py:3089} INFO - Sync 1 DAGs
[2026-03-10T15:38:25.376+0000] {logging_mixin.py:188} INFO - [2026-03-10T15:38:25.376+0000] {dag.py:3947} INFO - Setting next_dagrun for 3_dag_GET_Current_YML_From_Cortex to None, run_after=None
[2026-03-10T15:38:25.408+0000] {processor.py:183} INFO - Processing /home/cloud/codings/airflow/dags/3_dag_GET_Current_YML_From_Cortex.py took 0.100 seconds
[2026-03-10T15:38:55.670+0000] {processor.py:161} INFO - Started process (PID=525226) to work on /home/cloud/codings/airflow/dags/3_dag_GET_Current_YML_From_Cortex.py
[2026-03-10T15:38:55.675+0000] {processor.py:830} INFO - Processing file /home/cloud/codings/airflow/dags/3_dag_GET_Current_YML_From_Cortex.py for tasks to queue
[2026-03-10T15:38:55.676+0000] {logging_mixin.py:188} INFO - [2026-03-10T15:38:55.676+0000] {dagbag.py:545} INFO - Filling up the DagBag from /home/cloud/codings/airflow/dags/3_dag_GET_Current_YML_From_Cortex.py
[2026-03-10T15:38:55.701+0000] {processor.py:840} INFO - DAG(s) '3_dag_GET_Current_YML_From_Cortex' retrieved from /home/cloud/codings/airflow/dags/3_dag_GET_Current_YML_From_Cortex.py
[2026-03-10T15:38:55.718+0000] {logging_mixin.py:188} INFO - [2026-03-10T15:38:55.718+0000] {dag.py:3089} INFO - Sync 1 DAGs
[2026-03-10T15:38:55.731+0000] {logging_mixin.py:188} INFO - [2026-03-10T15:38:55.731+0000] {dag.py:3947} INFO - Setting next_dagrun for 3_dag_GET_Current_YML_From_Cortex to None, run_after=None
[2026-03-10T15:38:55.758+0000] {processor.py:183} INFO - Processing /home/cloud/codings/airflow/dags/3_dag_GET_Current_YML_From_Cortex.py took 0.095 seconds
[2026-03-10T15:39:26.071+0000] {processor.py:161} INFO - Started process (PID=525355) to work on /home/cloud/codings/airflow/dags/3_dag_GET_Current_YML_From_Cortex.py
[2026-03-10T15:39:26.072+0000] {processor.py:830} INFO - Processing file /home/cloud/codings/airflow/dags/3_dag_GET_Current_YML_From_Cortex.py for tasks to queue
[2026-03-10T15:39:26.073+0000] {logging_mixin.py:188} INFO - [2026-03-10T15:39:26.073+0000] {dagbag.py:545} INFO - Filling up the DagBag from /home/cloud/codings/airflow/dags/3_dag_GET_Current_YML_From_Cortex.py
[2026-03-10T15:39:26.099+0000] {processor.py:840} INFO - DAG(s) '3_dag_GET_Current_YML_From_Cortex' retrieved from /home/cloud/codings/airflow/dags/3_dag_GET_Current_YML_From_Cortex.py
[2026-03-10T15:39:26.115+0000] {logging_mixin.py:188} INFO - [2026-03-10T15:39:26.115+0000] {dag.py:3089} INFO - Sync 1 DAGs
[2026-03-10T15:39:26.131+0000] {logging_mixin.py:188} INFO - [2026-03-10T15:39:26.131+0000] {dag.py:3947} INFO - Setting next_dagrun for 3_dag_GET_Current_YML_From_Cortex to None, run_after=None
[2026-03-10T15:39:26.157+0000] {processor.py:183} INFO - Processing /home/cloud/codings/airflow/dags/3_dag_GET_Current_YML_From_Cortex.py took 0.094 seconds
[2026-03-10T15:39:56.523+0000] {processor.py:161} INFO - Started process (PID=525453) to work on /home/cloud/codings/airflow/dags/3_dag_GET_Current_YML_From_Cortex.py
[2026-03-10T15:39:56.528+0000] {processor.py:830} INFO - Processing file /home/cloud/codings/airflow/dags/3_dag_GET_Current_YML_From_Cortex.py for tasks to queue
[2026-03-10T15:39:56.529+0000] {logging_mixin.py:188} INFO - [2026-03-10T15:39:56.529+0000] {dagbag.py:545} INFO - Filling up the DagBag from /home/cloud/codings/airflow/dags/3_dag_GET_Current_YML_From_Cortex.py
[2026-03-10T15:39:56.551+0000] {processor.py:840} INFO - DAG(s) '3_dag_GET_Current_YML_From_Cortex' retrieved from /home/cloud/codings/airflow/dags/3_dag_GET_Current_YML_From_Cortex.py
[2026-03-10T15:39:56.565+0000] {logging_mixin.py:188} INFO - [2026-03-10T15:39:56.565+0000] {dag.py:3089} INFO - Sync 1 DAGs
[2026-03-10T15:39:56.577+0000] {logging_mixin.py:188} INFO - [2026-03-10T15:39:56.576+0000] {dag.py:3947} INFO - Setting next_dagrun for 3_dag_GET_Current_YML_From_Cortex to None, run_after=None
[2026-03-10T15:39:56.602+0000] {processor.py:183} INFO - Processing /home/cloud/codings/airflow/dags/3_dag_GET_Current_YML_From_Cortex.py took 0.086 seconds
[2026-03-10T15:40:26.892+0000] {processor.py:161} INFO - Started process (PID=525559) to work on /home/cloud/codings/airflow/dags/3_dag_GET_Current_YML_From_Cortex.py
[2026-03-10T15:40:26.894+0000] {processor.py:830} INFO - Processing file /home/cloud/codings/airflow/dags/3_dag_GET_Current_YML_From_Cortex.py for tasks to queue
[2026-03-10T15:40:26.896+0000] {logging_mixin.py:188} INFO - [2026-03-10T15:40:26.895+0000] {dagbag.py:545} INFO - Filling up the DagBag from /home/cloud/codings/airflow/dags/3_dag_GET_Current_YML_From_Cortex.py
[2026-03-10T15:40:26.917+0000] {processor.py:840} INFO - DAG(s) '3_dag_GET_Current_YML_From_Cortex' retrieved from /home/cloud/codings/airflow/dags/3_dag_GET_Current_YML_From_Cortex.py
[2026-03-10T15:40:26.931+0000] {logging_mixin.py:188} INFO - [2026-03-10T15:40:26.931+0000] {dag.py:3089} INFO - Sync 1 DAGs
[2026-03-10T15:40:26.943+0000] {logging_mixin.py:188} INFO - [2026-03-10T15:40:26.943+0000] {dag.py:3947} INFO - Setting next_dagrun for 3_dag_GET_Current_YML_From_Cortex to None, run_after=None
[2026-03-10T15:40:26.970+0000] {processor.py:183} INFO - Processing /home/cloud/codings/airflow/dags/3_dag_GET_Current_YML_From_Cortex.py took 0.083 seconds
[2026-03-10T15:40:57.385+0000] {processor.py:161} INFO - Started process (PID=525723) to work on /home/cloud/codings/airflow/dags/3_dag_GET_Current_YML_From_Cortex.py
[2026-03-10T15:40:57.386+0000] {processor.py:830} INFO - Processing file /home/cloud/codings/airflow/dags/3_dag_GET_Current_YML_From_Cortex.py for tasks to queue
[2026-03-10T15:40:57.387+0000] {logging_mixin.py:188} INFO - [2026-03-10T15:40:57.386+0000] {dagbag.py:545} INFO - Filling up the DagBag from /home/cloud/codings/airflow/dags/3_dag_GET_Current_YML_From_Cortex.py
[2026-03-10T15:40:57.408+0000] {processor.py:840} INFO - DAG(s) '3_dag_GET_Current_YML_From_Cortex' retrieved from /home/cloud/codings/airflow/dags/3_dag_GET_Current_YML_From_Cortex.py
[2026-03-10T15:40:57.422+0000] {logging_mixin.py:188} INFO - [2026-03-10T15:40:57.422+0000] {dag.py:3089} INFO - Sync 1 DAGs
[2026-03-10T15:40:57.436+0000] {logging_mixin.py:188} INFO - [2026-03-10T15:40:57.436+0000] {dag.py:3947} INFO - Setting next_dagrun for 3_dag_GET_Current_YML_From_Cortex to None, run_after=None
[2026-03-10T15:40:57.461+0000] {processor.py:183} INFO - Processing /home/cloud/codings/airflow/dags/3_dag_GET_Current_YML_From_Cortex.py took 0.083 seconds
[2026-03-10T15:41:27.743+0000] {processor.py:161} INFO - Started process (PID=525833) to work on /home/cloud/codings/airflow/dags/3_dag_GET_Current_YML_From_Cortex.py
[2026-03-10T15:41:27.747+0000] {processor.py:830} INFO - Processing file /home/cloud/codings/airflow/dags/3_dag_GET_Current_YML_From_Cortex.py for tasks to queue
[2026-03-10T15:41:27.749+0000] {logging_mixin.py:188} INFO - [2026-03-10T15:41:27.748+0000] {dagbag.py:545} INFO - Filling up the DagBag from /home/cloud/codings/airflow/dags/3_dag_GET_Current_YML_From_Cortex.py
[2026-03-10T15:41:27.770+0000] {processor.py:840} INFO - DAG(s) '3_dag_GET_Current_YML_From_Cortex' retrieved from /home/cloud/codings/airflow/dags/3_dag_GET_Current_YML_From_Cortex.py
[2026-03-10T15:41:27.785+0000] {logging_mixin.py:188} INFO - [2026-03-10T15:41:27.785+0000] {dag.py:3089} INFO - Sync 1 DAGs
[2026-03-10T15:41:27.798+0000] {logging_mixin.py:188} INFO - [2026-03-10T15:41:27.798+0000] {dag.py:3947} INFO - Setting next_dagrun for 3_dag_GET_Current_YML_From_Cortex to None, run_after=None
[2026-03-10T15:41:27.821+0000] {processor.py:183} INFO - Processing /home/cloud/codings/airflow/dags/3_dag_GET_Current_YML_From_Cortex.py took 0.084 seconds
[2026-03-10T15:41:58.127+0000] {processor.py:161} INFO - Started process (PID=525964) to work on /home/cloud/codings/airflow/dags/3_dag_GET_Current_YML_From_Cortex.py
[2026-03-10T15:41:58.128+0000] {processor.py:830} INFO - Processing file /home/cloud/codings/airflow/dags/3_dag_GET_Current_YML_From_Cortex.py for tasks to queue
[2026-03-10T15:41:58.129+0000] {logging_mixin.py:188} INFO - [2026-03-10T15:41:58.129+0000] {dagbag.py:545} INFO - Filling up the DagBag from /home/cloud/codings/airflow/dags/3_dag_GET_Current_YML_From_Cortex.py
[2026-03-10T15:41:58.153+0000] {processor.py:840} INFO - DAG(s) '3_dag_GET_Current_YML_From_Cortex' retrieved from /home/cloud/codings/airflow/dags/3_dag_GET_Current_YML_From_Cortex.py
[2026-03-10T15:41:58.169+0000] {logging_mixin.py:188} INFO - [2026-03-10T15:41:58.169+0000] {dag.py:3089} INFO - Sync 1 DAGs
[2026-03-10T15:41:58.181+0000] {logging_mixin.py:188} INFO - [2026-03-10T15:41:58.181+0000] {dag.py:3947} INFO - Setting next_dagrun for 3_dag_GET_Current_YML_From_Cortex to None, run_after=None
[2026-03-10T15:41:58.205+0000] {processor.py:183} INFO - Processing /home/cloud/codings/airflow/dags/3_dag_GET_Current_YML_From_Cortex.py took 0.085 seconds
[2026-03-10T15:42:28.616+0000] {processor.py:161} INFO - Started process (PID=526039) to work on /home/cloud/codings/airflow/dags/3_dag_GET_Current_YML_From_Cortex.py
[2026-03-10T15:42:28.621+0000] {processor.py:830} INFO - Processing file /home/cloud/codings/airflow/dags/3_dag_GET_Current_YML_From_Cortex.py for tasks to queue
[2026-03-10T15:42:28.622+0000] {logging_mixin.py:188} INFO - [2026-03-10T15:42:28.622+0000] {dagbag.py:545} INFO - Filling up the DagBag from /home/cloud/codings/airflow/dags/3_dag_GET_Current_YML_From_Cortex.py
[2026-03-10T15:42:28.641+0000] {processor.py:840} INFO - DAG(s) '3_dag_GET_Current_YML_From_Cortex' retrieved from /home/cloud/codings/airflow/dags/3_dag_GET_Current_YML_From_Cortex.py
[2026-03-10T15:42:28.653+0000] {logging_mixin.py:188} INFO - [2026-03-10T15:42:28.653+0000] {dag.py:3089} INFO - Sync 1 DAGs
[2026-03-10T15:42:28.664+0000] {logging_mixin.py:188} INFO - [2026-03-10T15:42:28.664+0000] {dag.py:3947} INFO - Setting next_dagrun for 3_dag_GET_Current_YML_From_Cortex to None, run_after=None
[2026-03-10T15:42:28.685+0000] {processor.py:183} INFO - Processing /home/cloud/codings/airflow/dags/3_dag_GET_Current_YML_From_Cortex.py took 0.083 seconds
[2026-03-10T15:42:59.157+0000] {processor.py:161} INFO - Started process (PID=526174) to work on /home/cloud/codings/airflow/dags/3_dag_GET_Current_YML_From_Cortex.py
[2026-03-10T15:42:59.158+0000] {processor.py:830} INFO - Processing file /home/cloud/codings/airflow/dags/3_dag_GET_Current_YML_From_Cortex.py for tasks to queue
[2026-03-10T15:42:59.159+0000] {logging_mixin.py:188} INFO - [2026-03-10T15:42:59.158+0000] {dagbag.py:545} INFO - Filling up the DagBag from /home/cloud/codings/airflow/dags/3_dag_GET_Current_YML_From_Cortex.py
[2026-03-10T15:42:59.181+0000] {processor.py:840} INFO - DAG(s) '3_dag_GET_Current_YML_From_Cortex' retrieved from /home/cloud/codings/airflow/dags/3_dag_GET_Current_YML_From_Cortex.py
[2026-03-10T15:42:59.196+0000] {logging_mixin.py:188} INFO - [2026-03-10T15:42:59.196+0000] {dag.py:3089} INFO - Sync 1 DAGs
[2026-03-10T15:42:59.209+0000] {logging_mixin.py:188} INFO - [2026-03-10T15:42:59.209+0000] {dag.py:3947} INFO - Setting next_dagrun for 3_dag_GET_Current_YML_From_Cortex to None, run_after=None
[2026-03-10T15:42:59.233+0000] {processor.py:183} INFO - Processing /home/cloud/codings/airflow/dags/3_dag_GET_Current_YML_From_Cortex.py took 0.083 seconds
[2026-03-10T15:43:29.628+0000] {processor.py:161} INFO - Started process (PID=526253) to work on /home/cloud/codings/airflow/dags/3_dag_GET_Current_YML_From_Cortex.py
[2026-03-10T15:43:29.633+0000] {processor.py:830} INFO - Processing file /home/cloud/codings/airflow/dags/3_dag_GET_Current_YML_From_Cortex.py for tasks to queue
[2026-03-10T15:43:29.634+0000] {logging_mixin.py:188} INFO - [2026-03-10T15:43:29.633+0000] {dagbag.py:545} INFO - Filling up the DagBag from /home/cloud/codings/airflow/dags/3_dag_GET_Current_YML_From_Cortex.py
[2026-03-10T15:43:29.652+0000] {processor.py:840} INFO - DAG(s) '3_dag_GET_Current_YML_From_Cortex' retrieved from /home/cloud/codings/airflow/dags/3_dag_GET_Current_YML_From_Cortex.py
[2026-03-10T15:43:29.663+0000] {logging_mixin.py:188} INFO - [2026-03-10T15:43:29.663+0000] {dag.py:3089} INFO - Sync 1 DAGs
[2026-03-10T15:43:29.673+0000] {logging_mixin.py:188} INFO - [2026-03-10T15:43:29.673+0000] {dag.py:3947} INFO - Setting next_dagrun for 3_dag_GET_Current_YML_From_Cortex to None, run_after=None
[2026-03-10T15:43:29.696+0000] {processor.py:183} INFO - Processing /home/cloud/codings/airflow/dags/3_dag_GET_Current_YML_From_Cortex.py took 0.073 seconds
[2026-03-10T18:44:05.764+0000] {processor.py:161} INFO - Started process (PID=526385) to work on /home/cloud/codings/airflow/dags/3_dag_GET_Current_YML_From_Cortex.py
[2026-03-10T18:44:05.777+0000] {processor.py:830} INFO - Processing file /home/cloud/codings/airflow/dags/3_dag_GET_Current_YML_From_Cortex.py for tasks to queue
[2026-03-10T18:44:05.781+0000] {logging_mixin.py:188} INFO - [2026-03-10T18:44:05.779+0000] {dagbag.py:545} INFO - Filling up the DagBag from /home/cloud/codings/airflow/dags/3_dag_GET_Current_YML_From_Cortex.py
[2026-03-10T18:44:06.003+0000] {processor.py:840} INFO - DAG(s) '3_dag_GET_Current_YML_From_Cortex' retrieved from /home/cloud/codings/airflow/dags/3_dag_GET_Current_YML_From_Cortex.py
[2026-03-10T18:44:06.173+0000] {logging_mixin.py:188} INFO - [2026-03-10T18:44:06.163+0000] {dag.py:3089} INFO - Sync 1 DAGs
[2026-03-10T18:44:06.393+0000] {logging_mixin.py:188} INFO - [2026-03-10T18:44:06.392+0000] {dag.py:3947} INFO - Setting next_dagrun for 3_dag_GET_Current_YML_From_Cortex to None, run_after=None
[2026-03-10T18:44:06.727+0000] {processor.py:183} INFO - Processing /home/cloud/codings/airflow/dags/3_dag_GET_Current_YML_From_Cortex.py took 1.012 seconds
