[2026-03-10T11:45:35.176+0000] {processor.py:161} INFO - Started process (PID=451483) to work on /home/cloud/codings/airflow/dags/4_dag_PUSH_Updated_YML_To_Cortex.py
[2026-03-10T11:45:35.177+0000] {processor.py:830} INFO - Processing file /home/cloud/codings/airflow/dags/4_dag_PUSH_Updated_YML_To_Cortex.py for tasks to queue
[2026-03-10T11:45:35.179+0000] {logging_mixin.py:188} INFO - [2026-03-10T11:45:35.178+0000] {dagbag.py:545} INFO - Filling up the DagBag from /home/cloud/codings/airflow/dags/4_dag_PUSH_Updated_YML_To_Cortex.py
[2026-03-10T11:45:35.208+0000] {logging_mixin.py:188} INFO - [2026-03-10T11:45:35.206+0000] {dagbag.py:355} ERROR - Failed to import: /home/cloud/codings/airflow/dags/4_dag_PUSH_Updated_YML_To_Cortex.py
Traceback (most recent call last):
  File "/home/cloud/codings/mvenv/lib/python3.12/site-packages/airflow/models/dagbag.py", line 351, in parse
    loader.exec_module(new_module)
  File "<frozen importlib._bootstrap_external>", line 995, in exec_module
  File "<frozen importlib._bootstrap>", line 488, in _call_with_frames_removed
  File "/home/cloud/codings/airflow/dags/4_dag_PUSH_Updated_YML_To_Cortex.py", line 5, in <module>
    dag_config=Variable.get("snowflake_conn", deserialize_json=True)
               ^^^^^^^^^^^^^^^^^^^^^^^^^^^^^^^^^^^^^^^^^^^^^^^^^^^^^
  File "/home/cloud/codings/mvenv/lib/python3.12/site-packages/airflow/models/variable.py", line 143, in get
    raise KeyError(f"Variable {key} does not exist")
KeyError: 'Variable snowflake_conn does not exist'
[2026-03-10T11:45:35.209+0000] {processor.py:842} WARNING - No viable dags retrieved from /home/cloud/codings/airflow/dags/4_dag_PUSH_Updated_YML_To_Cortex.py
[2026-03-10T11:45:35.225+0000] {processor.py:183} INFO - Processing /home/cloud/codings/airflow/dags/4_dag_PUSH_Updated_YML_To_Cortex.py took 0.055 seconds
[2026-03-10T11:46:05.790+0000] {processor.py:161} INFO - Started process (PID=451704) to work on /home/cloud/codings/airflow/dags/4_dag_PUSH_Updated_YML_To_Cortex.py
[2026-03-10T11:46:05.792+0000] {processor.py:830} INFO - Processing file /home/cloud/codings/airflow/dags/4_dag_PUSH_Updated_YML_To_Cortex.py for tasks to queue
[2026-03-10T11:46:05.793+0000] {logging_mixin.py:188} INFO - [2026-03-10T11:46:05.792+0000] {dagbag.py:545} INFO - Filling up the DagBag from /home/cloud/codings/airflow/dags/4_dag_PUSH_Updated_YML_To_Cortex.py
[2026-03-10T11:46:05.805+0000] {logging_mixin.py:188} INFO - [2026-03-10T11:46:05.803+0000] {dagbag.py:355} ERROR - Failed to import: /home/cloud/codings/airflow/dags/4_dag_PUSH_Updated_YML_To_Cortex.py
Traceback (most recent call last):
  File "/home/cloud/codings/mvenv/lib/python3.12/site-packages/airflow/models/dagbag.py", line 351, in parse
    loader.exec_module(new_module)
  File "<frozen importlib._bootstrap_external>", line 995, in exec_module
  File "<frozen importlib._bootstrap>", line 488, in _call_with_frames_removed
  File "/home/cloud/codings/airflow/dags/4_dag_PUSH_Updated_YML_To_Cortex.py", line 5, in <module>
    dag_config=Variable.get("snowflake_conn", deserialize_json=True)
               ^^^^^^^^^^^^^^^^^^^^^^^^^^^^^^^^^^^^^^^^^^^^^^^^^^^^^
  File "/home/cloud/codings/mvenv/lib/python3.12/site-packages/airflow/models/variable.py", line 143, in get
    raise KeyError(f"Variable {key} does not exist")
KeyError: 'Variable snowflake_conn does not exist'
[2026-03-10T11:46:05.805+0000] {processor.py:842} WARNING - No viable dags retrieved from /home/cloud/codings/airflow/dags/4_dag_PUSH_Updated_YML_To_Cortex.py
[2026-03-10T11:46:05.821+0000] {processor.py:183} INFO - Processing /home/cloud/codings/airflow/dags/4_dag_PUSH_Updated_YML_To_Cortex.py took 0.041 seconds
[2026-03-10T11:46:36.541+0000] {processor.py:161} INFO - Started process (PID=451986) to work on /home/cloud/codings/airflow/dags/4_dag_PUSH_Updated_YML_To_Cortex.py
[2026-03-10T11:46:36.543+0000] {processor.py:830} INFO - Processing file /home/cloud/codings/airflow/dags/4_dag_PUSH_Updated_YML_To_Cortex.py for tasks to queue
[2026-03-10T11:46:36.545+0000] {logging_mixin.py:188} INFO - [2026-03-10T11:46:36.544+0000] {dagbag.py:545} INFO - Filling up the DagBag from /home/cloud/codings/airflow/dags/4_dag_PUSH_Updated_YML_To_Cortex.py
[2026-03-10T11:46:36.576+0000] {logging_mixin.py:188} INFO - [2026-03-10T11:46:36.573+0000] {dagbag.py:355} ERROR - Failed to import: /home/cloud/codings/airflow/dags/4_dag_PUSH_Updated_YML_To_Cortex.py
Traceback (most recent call last):
  File "/home/cloud/codings/mvenv/lib/python3.12/site-packages/airflow/models/dagbag.py", line 351, in parse
    loader.exec_module(new_module)
  File "<frozen importlib._bootstrap_external>", line 995, in exec_module
  File "<frozen importlib._bootstrap>", line 488, in _call_with_frames_removed
  File "/home/cloud/codings/airflow/dags/4_dag_PUSH_Updated_YML_To_Cortex.py", line 5, in <module>
    dag_config=Variable.get("snowflake_conn", deserialize_json=True)
               ^^^^^^^^^^^^^^^^^^^^^^^^^^^^^^^^^^^^^^^^^^^^^^^^^^^^^
  File "/home/cloud/codings/mvenv/lib/python3.12/site-packages/airflow/models/variable.py", line 143, in get
    raise KeyError(f"Variable {key} does not exist")
KeyError: 'Variable snowflake_conn does not exist'
[2026-03-10T11:46:36.577+0000] {processor.py:842} WARNING - No viable dags retrieved from /home/cloud/codings/airflow/dags/4_dag_PUSH_Updated_YML_To_Cortex.py
[2026-03-10T11:46:36.606+0000] {processor.py:183} INFO - Processing /home/cloud/codings/airflow/dags/4_dag_PUSH_Updated_YML_To_Cortex.py took 0.083 seconds
[2026-03-10T11:47:07.081+0000] {processor.py:161} INFO - Started process (PID=452212) to work on /home/cloud/codings/airflow/dags/4_dag_PUSH_Updated_YML_To_Cortex.py
[2026-03-10T11:47:07.086+0000] {processor.py:830} INFO - Processing file /home/cloud/codings/airflow/dags/4_dag_PUSH_Updated_YML_To_Cortex.py for tasks to queue
[2026-03-10T11:47:07.087+0000] {logging_mixin.py:188} INFO - [2026-03-10T11:47:07.087+0000] {dagbag.py:545} INFO - Filling up the DagBag from /home/cloud/codings/airflow/dags/4_dag_PUSH_Updated_YML_To_Cortex.py
[2026-03-10T11:47:07.099+0000] {logging_mixin.py:188} INFO - [2026-03-10T11:47:07.098+0000] {dagbag.py:355} ERROR - Failed to import: /home/cloud/codings/airflow/dags/4_dag_PUSH_Updated_YML_To_Cortex.py
Traceback (most recent call last):
  File "/home/cloud/codings/mvenv/lib/python3.12/site-packages/airflow/models/dagbag.py", line 351, in parse
    loader.exec_module(new_module)
  File "<frozen importlib._bootstrap_external>", line 995, in exec_module
  File "<frozen importlib._bootstrap>", line 488, in _call_with_frames_removed
  File "/home/cloud/codings/airflow/dags/4_dag_PUSH_Updated_YML_To_Cortex.py", line 5, in <module>
    dag_config=Variable.get("snowflake_conn", deserialize_json=True)
               ^^^^^^^^^^^^^^^^^^^^^^^^^^^^^^^^^^^^^^^^^^^^^^^^^^^^^
  File "/home/cloud/codings/mvenv/lib/python3.12/site-packages/airflow/models/variable.py", line 143, in get
    raise KeyError(f"Variable {key} does not exist")
KeyError: 'Variable snowflake_conn does not exist'
[2026-03-10T11:47:07.100+0000] {processor.py:842} WARNING - No viable dags retrieved from /home/cloud/codings/airflow/dags/4_dag_PUSH_Updated_YML_To_Cortex.py
[2026-03-10T11:47:07.116+0000] {processor.py:183} INFO - Processing /home/cloud/codings/airflow/dags/4_dag_PUSH_Updated_YML_To_Cortex.py took 0.041 seconds
[2026-03-10T11:47:37.641+0000] {processor.py:161} INFO - Started process (PID=452609) to work on /home/cloud/codings/airflow/dags/4_dag_PUSH_Updated_YML_To_Cortex.py
[2026-03-10T11:47:37.646+0000] {processor.py:830} INFO - Processing file /home/cloud/codings/airflow/dags/4_dag_PUSH_Updated_YML_To_Cortex.py for tasks to queue
[2026-03-10T11:47:37.647+0000] {logging_mixin.py:188} INFO - [2026-03-10T11:47:37.646+0000] {dagbag.py:545} INFO - Filling up the DagBag from /home/cloud/codings/airflow/dags/4_dag_PUSH_Updated_YML_To_Cortex.py
[2026-03-10T11:47:37.659+0000] {logging_mixin.py:188} INFO - [2026-03-10T11:47:37.657+0000] {dagbag.py:355} ERROR - Failed to import: /home/cloud/codings/airflow/dags/4_dag_PUSH_Updated_YML_To_Cortex.py
Traceback (most recent call last):
  File "/home/cloud/codings/mvenv/lib/python3.12/site-packages/airflow/models/dagbag.py", line 351, in parse
    loader.exec_module(new_module)
  File "<frozen importlib._bootstrap_external>", line 995, in exec_module
  File "<frozen importlib._bootstrap>", line 488, in _call_with_frames_removed
  File "/home/cloud/codings/airflow/dags/4_dag_PUSH_Updated_YML_To_Cortex.py", line 5, in <module>
    dag_config=Variable.get("snowflake_conn", deserialize_json=True)
               ^^^^^^^^^^^^^^^^^^^^^^^^^^^^^^^^^^^^^^^^^^^^^^^^^^^^^
  File "/home/cloud/codings/mvenv/lib/python3.12/site-packages/airflow/models/variable.py", line 143, in get
    raise KeyError(f"Variable {key} does not exist")
KeyError: 'Variable snowflake_conn does not exist'
[2026-03-10T11:47:37.659+0000] {processor.py:842} WARNING - No viable dags retrieved from /home/cloud/codings/airflow/dags/4_dag_PUSH_Updated_YML_To_Cortex.py
[2026-03-10T11:47:37.675+0000] {processor.py:183} INFO - Processing /home/cloud/codings/airflow/dags/4_dag_PUSH_Updated_YML_To_Cortex.py took 0.040 seconds
[2026-03-10T11:48:08.329+0000] {processor.py:161} INFO - Started process (PID=452920) to work on /home/cloud/codings/airflow/dags/4_dag_PUSH_Updated_YML_To_Cortex.py
[2026-03-10T11:48:08.331+0000] {processor.py:830} INFO - Processing file /home/cloud/codings/airflow/dags/4_dag_PUSH_Updated_YML_To_Cortex.py for tasks to queue
[2026-03-10T11:48:08.332+0000] {logging_mixin.py:188} INFO - [2026-03-10T11:48:08.332+0000] {dagbag.py:545} INFO - Filling up the DagBag from /home/cloud/codings/airflow/dags/4_dag_PUSH_Updated_YML_To_Cortex.py
[2026-03-10T11:48:08.345+0000] {logging_mixin.py:188} INFO - [2026-03-10T11:48:08.344+0000] {dagbag.py:355} ERROR - Failed to import: /home/cloud/codings/airflow/dags/4_dag_PUSH_Updated_YML_To_Cortex.py
Traceback (most recent call last):
  File "/home/cloud/codings/mvenv/lib/python3.12/site-packages/airflow/models/dagbag.py", line 351, in parse
    loader.exec_module(new_module)
  File "<frozen importlib._bootstrap_external>", line 995, in exec_module
  File "<frozen importlib._bootstrap>", line 488, in _call_with_frames_removed
  File "/home/cloud/codings/airflow/dags/4_dag_PUSH_Updated_YML_To_Cortex.py", line 5, in <module>
    dag_config=Variable.get("snowflake_conn", deserialize_json=True)
               ^^^^^^^^^^^^^^^^^^^^^^^^^^^^^^^^^^^^^^^^^^^^^^^^^^^^^
  File "/home/cloud/codings/mvenv/lib/python3.12/site-packages/airflow/models/variable.py", line 143, in get
    raise KeyError(f"Variable {key} does not exist")
KeyError: 'Variable snowflake_conn does not exist'
[2026-03-10T11:48:08.346+0000] {processor.py:842} WARNING - No viable dags retrieved from /home/cloud/codings/airflow/dags/4_dag_PUSH_Updated_YML_To_Cortex.py
[2026-03-10T11:48:08.361+0000] {processor.py:183} INFO - Processing /home/cloud/codings/airflow/dags/4_dag_PUSH_Updated_YML_To_Cortex.py took 0.037 seconds
[2026-03-10T11:48:38.999+0000] {processor.py:161} INFO - Started process (PID=453195) to work on /home/cloud/codings/airflow/dags/4_dag_PUSH_Updated_YML_To_Cortex.py
[2026-03-10T11:48:39.002+0000] {processor.py:830} INFO - Processing file /home/cloud/codings/airflow/dags/4_dag_PUSH_Updated_YML_To_Cortex.py for tasks to queue
[2026-03-10T11:48:39.004+0000] {logging_mixin.py:188} INFO - [2026-03-10T11:48:39.003+0000] {dagbag.py:545} INFO - Filling up the DagBag from /home/cloud/codings/airflow/dags/4_dag_PUSH_Updated_YML_To_Cortex.py
[2026-03-10T11:48:39.041+0000] {logging_mixin.py:188} INFO - [2026-03-10T11:48:39.037+0000] {dagbag.py:355} ERROR - Failed to import: /home/cloud/codings/airflow/dags/4_dag_PUSH_Updated_YML_To_Cortex.py
Traceback (most recent call last):
  File "/home/cloud/codings/mvenv/lib/python3.12/site-packages/airflow/models/dagbag.py", line 351, in parse
    loader.exec_module(new_module)
  File "<frozen importlib._bootstrap_external>", line 995, in exec_module
  File "<frozen importlib._bootstrap>", line 488, in _call_with_frames_removed
  File "/home/cloud/codings/airflow/dags/4_dag_PUSH_Updated_YML_To_Cortex.py", line 5, in <module>
    dag_config=Variable.get("snowflake_conn", deserialize_json=True)
               ^^^^^^^^^^^^^^^^^^^^^^^^^^^^^^^^^^^^^^^^^^^^^^^^^^^^^
  File "/home/cloud/codings/mvenv/lib/python3.12/site-packages/airflow/models/variable.py", line 143, in get
    raise KeyError(f"Variable {key} does not exist")
KeyError: 'Variable snowflake_conn does not exist'
[2026-03-10T11:48:39.045+0000] {processor.py:842} WARNING - No viable dags retrieved from /home/cloud/codings/airflow/dags/4_dag_PUSH_Updated_YML_To_Cortex.py
[2026-03-10T11:48:39.075+0000] {processor.py:183} INFO - Processing /home/cloud/codings/airflow/dags/4_dag_PUSH_Updated_YML_To_Cortex.py took 0.092 seconds
[2026-03-10T11:49:09.518+0000] {processor.py:161} INFO - Started process (PID=453392) to work on /home/cloud/codings/airflow/dags/4_dag_PUSH_Updated_YML_To_Cortex.py
[2026-03-10T11:49:09.520+0000] {processor.py:830} INFO - Processing file /home/cloud/codings/airflow/dags/4_dag_PUSH_Updated_YML_To_Cortex.py for tasks to queue
[2026-03-10T11:49:09.521+0000] {logging_mixin.py:188} INFO - [2026-03-10T11:49:09.521+0000] {dagbag.py:545} INFO - Filling up the DagBag from /home/cloud/codings/airflow/dags/4_dag_PUSH_Updated_YML_To_Cortex.py
[2026-03-10T11:49:09.533+0000] {logging_mixin.py:188} INFO - [2026-03-10T11:49:09.532+0000] {dagbag.py:355} ERROR - Failed to import: /home/cloud/codings/airflow/dags/4_dag_PUSH_Updated_YML_To_Cortex.py
Traceback (most recent call last):
  File "/home/cloud/codings/mvenv/lib/python3.12/site-packages/airflow/models/dagbag.py", line 351, in parse
    loader.exec_module(new_module)
  File "<frozen importlib._bootstrap_external>", line 995, in exec_module
  File "<frozen importlib._bootstrap>", line 488, in _call_with_frames_removed
  File "/home/cloud/codings/airflow/dags/4_dag_PUSH_Updated_YML_To_Cortex.py", line 5, in <module>
    dag_config=Variable.get("snowflake_conn", deserialize_json=True)
               ^^^^^^^^^^^^^^^^^^^^^^^^^^^^^^^^^^^^^^^^^^^^^^^^^^^^^
  File "/home/cloud/codings/mvenv/lib/python3.12/site-packages/airflow/models/variable.py", line 143, in get
    raise KeyError(f"Variable {key} does not exist")
KeyError: 'Variable snowflake_conn does not exist'
[2026-03-10T11:49:09.533+0000] {processor.py:842} WARNING - No viable dags retrieved from /home/cloud/codings/airflow/dags/4_dag_PUSH_Updated_YML_To_Cortex.py
[2026-03-10T11:49:09.548+0000] {processor.py:183} INFO - Processing /home/cloud/codings/airflow/dags/4_dag_PUSH_Updated_YML_To_Cortex.py took 0.037 seconds
[2026-03-10T11:49:40.053+0000] {processor.py:161} INFO - Started process (PID=453676) to work on /home/cloud/codings/airflow/dags/4_dag_PUSH_Updated_YML_To_Cortex.py
[2026-03-10T11:49:40.054+0000] {processor.py:830} INFO - Processing file /home/cloud/codings/airflow/dags/4_dag_PUSH_Updated_YML_To_Cortex.py for tasks to queue
[2026-03-10T11:49:40.055+0000] {logging_mixin.py:188} INFO - [2026-03-10T11:49:40.055+0000] {dagbag.py:545} INFO - Filling up the DagBag from /home/cloud/codings/airflow/dags/4_dag_PUSH_Updated_YML_To_Cortex.py
[2026-03-10T11:49:40.067+0000] {logging_mixin.py:188} INFO - [2026-03-10T11:49:40.066+0000] {dagbag.py:355} ERROR - Failed to import: /home/cloud/codings/airflow/dags/4_dag_PUSH_Updated_YML_To_Cortex.py
Traceback (most recent call last):
  File "/home/cloud/codings/mvenv/lib/python3.12/site-packages/airflow/models/dagbag.py", line 351, in parse
    loader.exec_module(new_module)
  File "<frozen importlib._bootstrap_external>", line 995, in exec_module
  File "<frozen importlib._bootstrap>", line 488, in _call_with_frames_removed
  File "/home/cloud/codings/airflow/dags/4_dag_PUSH_Updated_YML_To_Cortex.py", line 5, in <module>
    dag_config=Variable.get("snowflake_conn", deserialize_json=True)
               ^^^^^^^^^^^^^^^^^^^^^^^^^^^^^^^^^^^^^^^^^^^^^^^^^^^^^
  File "/home/cloud/codings/mvenv/lib/python3.12/site-packages/airflow/models/variable.py", line 143, in get
    raise KeyError(f"Variable {key} does not exist")
KeyError: 'Variable snowflake_conn does not exist'
[2026-03-10T11:49:40.068+0000] {processor.py:842} WARNING - No viable dags retrieved from /home/cloud/codings/airflow/dags/4_dag_PUSH_Updated_YML_To_Cortex.py
[2026-03-10T11:49:40.084+0000] {processor.py:183} INFO - Processing /home/cloud/codings/airflow/dags/4_dag_PUSH_Updated_YML_To_Cortex.py took 0.035 seconds
[2026-03-10T11:50:11.970+0000] {processor.py:161} INFO - Started process (PID=453977) to work on /home/cloud/codings/airflow/dags/4_dag_PUSH_Updated_YML_To_Cortex.py
[2026-03-10T11:50:11.972+0000] {processor.py:830} INFO - Processing file /home/cloud/codings/airflow/dags/4_dag_PUSH_Updated_YML_To_Cortex.py for tasks to queue
[2026-03-10T11:50:11.973+0000] {logging_mixin.py:188} INFO - [2026-03-10T11:50:11.972+0000] {dagbag.py:545} INFO - Filling up the DagBag from /home/cloud/codings/airflow/dags/4_dag_PUSH_Updated_YML_To_Cortex.py
[2026-03-10T11:50:11.988+0000] {logging_mixin.py:188} INFO - [2026-03-10T11:50:11.987+0000] {dagbag.py:355} ERROR - Failed to import: /home/cloud/codings/airflow/dags/4_dag_PUSH_Updated_YML_To_Cortex.py
Traceback (most recent call last):
  File "/home/cloud/codings/mvenv/lib/python3.12/site-packages/airflow/models/dagbag.py", line 351, in parse
    loader.exec_module(new_module)
  File "<frozen importlib._bootstrap_external>", line 995, in exec_module
  File "<frozen importlib._bootstrap>", line 488, in _call_with_frames_removed
  File "/home/cloud/codings/airflow/dags/4_dag_PUSH_Updated_YML_To_Cortex.py", line 5, in <module>
    dag_config=Variable.get("snowflake_conn", deserialize_json=True)
               ^^^^^^^^^^^^^^^^^^^^^^^^^^^^^^^^^^^^^^^^^^^^^^^^^^^^^
  File "/home/cloud/codings/mvenv/lib/python3.12/site-packages/airflow/models/variable.py", line 143, in get
    raise KeyError(f"Variable {key} does not exist")
KeyError: 'Variable snowflake_conn does not exist'
[2026-03-10T11:50:11.989+0000] {processor.py:842} WARNING - No viable dags retrieved from /home/cloud/codings/airflow/dags/4_dag_PUSH_Updated_YML_To_Cortex.py
[2026-03-10T11:50:12.010+0000] {processor.py:183} INFO - Processing /home/cloud/codings/airflow/dags/4_dag_PUSH_Updated_YML_To_Cortex.py took 0.047 seconds
[2026-03-10T11:50:42.256+0000] {processor.py:161} INFO - Started process (PID=454231) to work on /home/cloud/codings/airflow/dags/4_dag_PUSH_Updated_YML_To_Cortex.py
[2026-03-10T11:50:42.258+0000] {processor.py:830} INFO - Processing file /home/cloud/codings/airflow/dags/4_dag_PUSH_Updated_YML_To_Cortex.py for tasks to queue
[2026-03-10T11:50:42.260+0000] {logging_mixin.py:188} INFO - [2026-03-10T11:50:42.259+0000] {dagbag.py:545} INFO - Filling up the DagBag from /home/cloud/codings/airflow/dags/4_dag_PUSH_Updated_YML_To_Cortex.py
[2026-03-10T11:50:42.280+0000] {logging_mixin.py:188} INFO - [2026-03-10T11:50:42.278+0000] {dagbag.py:355} ERROR - Failed to import: /home/cloud/codings/airflow/dags/4_dag_PUSH_Updated_YML_To_Cortex.py
Traceback (most recent call last):
  File "/home/cloud/codings/mvenv/lib/python3.12/site-packages/airflow/models/dagbag.py", line 351, in parse
    loader.exec_module(new_module)
  File "<frozen importlib._bootstrap_external>", line 995, in exec_module
  File "<frozen importlib._bootstrap>", line 488, in _call_with_frames_removed
  File "/home/cloud/codings/airflow/dags/4_dag_PUSH_Updated_YML_To_Cortex.py", line 5, in <module>
    dag_config=Variable.get("snowflake_conn", deserialize_json=True)
               ^^^^^^^^^^^^^^^^^^^^^^^^^^^^^^^^^^^^^^^^^^^^^^^^^^^^^
  File "/home/cloud/codings/mvenv/lib/python3.12/site-packages/airflow/models/variable.py", line 143, in get
    raise KeyError(f"Variable {key} does not exist")
KeyError: 'Variable snowflake_conn does not exist'
[2026-03-10T11:50:42.281+0000] {processor.py:842} WARNING - No viable dags retrieved from /home/cloud/codings/airflow/dags/4_dag_PUSH_Updated_YML_To_Cortex.py
[2026-03-10T11:50:42.296+0000] {processor.py:183} INFO - Processing /home/cloud/codings/airflow/dags/4_dag_PUSH_Updated_YML_To_Cortex.py took 0.054 seconds
[2026-03-10T11:51:12.742+0000] {processor.py:161} INFO - Started process (PID=454457) to work on /home/cloud/codings/airflow/dags/4_dag_PUSH_Updated_YML_To_Cortex.py
[2026-03-10T11:51:12.746+0000] {processor.py:830} INFO - Processing file /home/cloud/codings/airflow/dags/4_dag_PUSH_Updated_YML_To_Cortex.py for tasks to queue
[2026-03-10T11:51:12.747+0000] {logging_mixin.py:188} INFO - [2026-03-10T11:51:12.747+0000] {dagbag.py:545} INFO - Filling up the DagBag from /home/cloud/codings/airflow/dags/4_dag_PUSH_Updated_YML_To_Cortex.py
[2026-03-10T11:51:12.760+0000] {logging_mixin.py:188} INFO - [2026-03-10T11:51:12.758+0000] {dagbag.py:355} ERROR - Failed to import: /home/cloud/codings/airflow/dags/4_dag_PUSH_Updated_YML_To_Cortex.py
Traceback (most recent call last):
  File "/home/cloud/codings/mvenv/lib/python3.12/site-packages/airflow/models/dagbag.py", line 351, in parse
    loader.exec_module(new_module)
  File "<frozen importlib._bootstrap_external>", line 995, in exec_module
  File "<frozen importlib._bootstrap>", line 488, in _call_with_frames_removed
  File "/home/cloud/codings/airflow/dags/4_dag_PUSH_Updated_YML_To_Cortex.py", line 5, in <module>
    dag_config=Variable.get("snowflake_conn", deserialize_json=True)
               ^^^^^^^^^^^^^^^^^^^^^^^^^^^^^^^^^^^^^^^^^^^^^^^^^^^^^
  File "/home/cloud/codings/mvenv/lib/python3.12/site-packages/airflow/models/variable.py", line 143, in get
    raise KeyError(f"Variable {key} does not exist")
KeyError: 'Variable snowflake_conn does not exist'
[2026-03-10T11:51:12.760+0000] {processor.py:842} WARNING - No viable dags retrieved from /home/cloud/codings/airflow/dags/4_dag_PUSH_Updated_YML_To_Cortex.py
[2026-03-10T11:51:12.778+0000] {processor.py:183} INFO - Processing /home/cloud/codings/airflow/dags/4_dag_PUSH_Updated_YML_To_Cortex.py took 0.043 seconds
[2026-03-10T11:51:43.055+0000] {processor.py:161} INFO - Started process (PID=454644) to work on /home/cloud/codings/airflow/dags/4_dag_PUSH_Updated_YML_To_Cortex.py
[2026-03-10T11:51:43.058+0000] {processor.py:830} INFO - Processing file /home/cloud/codings/airflow/dags/4_dag_PUSH_Updated_YML_To_Cortex.py for tasks to queue
[2026-03-10T11:51:43.059+0000] {logging_mixin.py:188} INFO - [2026-03-10T11:51:43.058+0000] {dagbag.py:545} INFO - Filling up the DagBag from /home/cloud/codings/airflow/dags/4_dag_PUSH_Updated_YML_To_Cortex.py
[2026-03-10T11:51:43.074+0000] {logging_mixin.py:188} INFO - [2026-03-10T11:51:43.073+0000] {dagbag.py:355} ERROR - Failed to import: /home/cloud/codings/airflow/dags/4_dag_PUSH_Updated_YML_To_Cortex.py
Traceback (most recent call last):
  File "/home/cloud/codings/mvenv/lib/python3.12/site-packages/airflow/models/dagbag.py", line 351, in parse
    loader.exec_module(new_module)
  File "<frozen importlib._bootstrap_external>", line 995, in exec_module
  File "<frozen importlib._bootstrap>", line 488, in _call_with_frames_removed
  File "/home/cloud/codings/airflow/dags/4_dag_PUSH_Updated_YML_To_Cortex.py", line 5, in <module>
    dag_config=Variable.get("snowflake_conn", deserialize_json=True)
               ^^^^^^^^^^^^^^^^^^^^^^^^^^^^^^^^^^^^^^^^^^^^^^^^^^^^^
  File "/home/cloud/codings/mvenv/lib/python3.12/site-packages/airflow/models/variable.py", line 143, in get
    raise KeyError(f"Variable {key} does not exist")
KeyError: 'Variable snowflake_conn does not exist'
[2026-03-10T11:51:43.075+0000] {processor.py:842} WARNING - No viable dags retrieved from /home/cloud/codings/airflow/dags/4_dag_PUSH_Updated_YML_To_Cortex.py
[2026-03-10T11:51:43.094+0000] {processor.py:183} INFO - Processing /home/cloud/codings/airflow/dags/4_dag_PUSH_Updated_YML_To_Cortex.py took 0.049 seconds
[2026-03-10T11:52:13.443+0000] {processor.py:161} INFO - Started process (PID=454743) to work on /home/cloud/codings/airflow/dags/4_dag_PUSH_Updated_YML_To_Cortex.py
[2026-03-10T11:52:13.448+0000] {processor.py:830} INFO - Processing file /home/cloud/codings/airflow/dags/4_dag_PUSH_Updated_YML_To_Cortex.py for tasks to queue
[2026-03-10T11:52:13.449+0000] {logging_mixin.py:188} INFO - [2026-03-10T11:52:13.448+0000] {dagbag.py:545} INFO - Filling up the DagBag from /home/cloud/codings/airflow/dags/4_dag_PUSH_Updated_YML_To_Cortex.py
[2026-03-10T11:52:13.462+0000] {logging_mixin.py:188} INFO - [2026-03-10T11:52:13.461+0000] {dagbag.py:355} ERROR - Failed to import: /home/cloud/codings/airflow/dags/4_dag_PUSH_Updated_YML_To_Cortex.py
Traceback (most recent call last):
  File "/home/cloud/codings/mvenv/lib/python3.12/site-packages/airflow/models/dagbag.py", line 351, in parse
    loader.exec_module(new_module)
  File "<frozen importlib._bootstrap_external>", line 995, in exec_module
  File "<frozen importlib._bootstrap>", line 488, in _call_with_frames_removed
  File "/home/cloud/codings/airflow/dags/4_dag_PUSH_Updated_YML_To_Cortex.py", line 5, in <module>
    dag_config=Variable.get("snowflake_conn", deserialize_json=True)
               ^^^^^^^^^^^^^^^^^^^^^^^^^^^^^^^^^^^^^^^^^^^^^^^^^^^^^
  File "/home/cloud/codings/mvenv/lib/python3.12/site-packages/airflow/models/variable.py", line 143, in get
    raise KeyError(f"Variable {key} does not exist")
KeyError: 'Variable snowflake_conn does not exist'
[2026-03-10T11:52:13.463+0000] {processor.py:842} WARNING - No viable dags retrieved from /home/cloud/codings/airflow/dags/4_dag_PUSH_Updated_YML_To_Cortex.py
[2026-03-10T11:52:13.482+0000] {processor.py:183} INFO - Processing /home/cloud/codings/airflow/dags/4_dag_PUSH_Updated_YML_To_Cortex.py took 0.048 seconds
[2026-03-10T11:52:43.796+0000] {processor.py:161} INFO - Started process (PID=454877) to work on /home/cloud/codings/airflow/dags/4_dag_PUSH_Updated_YML_To_Cortex.py
[2026-03-10T11:52:43.799+0000] {processor.py:830} INFO - Processing file /home/cloud/codings/airflow/dags/4_dag_PUSH_Updated_YML_To_Cortex.py for tasks to queue
[2026-03-10T11:52:43.800+0000] {logging_mixin.py:188} INFO - [2026-03-10T11:52:43.800+0000] {dagbag.py:545} INFO - Filling up the DagBag from /home/cloud/codings/airflow/dags/4_dag_PUSH_Updated_YML_To_Cortex.py
[2026-03-10T11:52:43.811+0000] {logging_mixin.py:188} INFO - [2026-03-10T11:52:43.810+0000] {dagbag.py:355} ERROR - Failed to import: /home/cloud/codings/airflow/dags/4_dag_PUSH_Updated_YML_To_Cortex.py
Traceback (most recent call last):
  File "/home/cloud/codings/mvenv/lib/python3.12/site-packages/airflow/models/dagbag.py", line 351, in parse
    loader.exec_module(new_module)
  File "<frozen importlib._bootstrap_external>", line 995, in exec_module
  File "<frozen importlib._bootstrap>", line 488, in _call_with_frames_removed
  File "/home/cloud/codings/airflow/dags/4_dag_PUSH_Updated_YML_To_Cortex.py", line 5, in <module>
    dag_config=Variable.get("snowflake_conn", deserialize_json=True)
               ^^^^^^^^^^^^^^^^^^^^^^^^^^^^^^^^^^^^^^^^^^^^^^^^^^^^^
  File "/home/cloud/codings/mvenv/lib/python3.12/site-packages/airflow/models/variable.py", line 143, in get
    raise KeyError(f"Variable {key} does not exist")
KeyError: 'Variable snowflake_conn does not exist'
[2026-03-10T11:52:43.812+0000] {processor.py:842} WARNING - No viable dags retrieved from /home/cloud/codings/airflow/dags/4_dag_PUSH_Updated_YML_To_Cortex.py
[2026-03-10T11:52:43.829+0000] {processor.py:183} INFO - Processing /home/cloud/codings/airflow/dags/4_dag_PUSH_Updated_YML_To_Cortex.py took 0.038 seconds
[2026-03-10T11:53:14.237+0000] {processor.py:161} INFO - Started process (PID=454949) to work on /home/cloud/codings/airflow/dags/4_dag_PUSH_Updated_YML_To_Cortex.py
[2026-03-10T11:53:14.242+0000] {processor.py:830} INFO - Processing file /home/cloud/codings/airflow/dags/4_dag_PUSH_Updated_YML_To_Cortex.py for tasks to queue
[2026-03-10T11:53:14.243+0000] {logging_mixin.py:188} INFO - [2026-03-10T11:53:14.243+0000] {dagbag.py:545} INFO - Filling up the DagBag from /home/cloud/codings/airflow/dags/4_dag_PUSH_Updated_YML_To_Cortex.py
[2026-03-10T11:53:14.255+0000] {logging_mixin.py:188} INFO - [2026-03-10T11:53:14.254+0000] {dagbag.py:355} ERROR - Failed to import: /home/cloud/codings/airflow/dags/4_dag_PUSH_Updated_YML_To_Cortex.py
Traceback (most recent call last):
  File "/home/cloud/codings/mvenv/lib/python3.12/site-packages/airflow/models/dagbag.py", line 351, in parse
    loader.exec_module(new_module)
  File "<frozen importlib._bootstrap_external>", line 995, in exec_module
  File "<frozen importlib._bootstrap>", line 488, in _call_with_frames_removed
  File "/home/cloud/codings/airflow/dags/4_dag_PUSH_Updated_YML_To_Cortex.py", line 5, in <module>
    dag_config=Variable.get("snowflake_conn", deserialize_json=True)
               ^^^^^^^^^^^^^^^^^^^^^^^^^^^^^^^^^^^^^^^^^^^^^^^^^^^^^
  File "/home/cloud/codings/mvenv/lib/python3.12/site-packages/airflow/models/variable.py", line 143, in get
    raise KeyError(f"Variable {key} does not exist")
KeyError: 'Variable snowflake_conn does not exist'
[2026-03-10T11:53:14.255+0000] {processor.py:842} WARNING - No viable dags retrieved from /home/cloud/codings/airflow/dags/4_dag_PUSH_Updated_YML_To_Cortex.py
[2026-03-10T11:53:14.272+0000] {processor.py:183} INFO - Processing /home/cloud/codings/airflow/dags/4_dag_PUSH_Updated_YML_To_Cortex.py took 0.042 seconds
[2026-03-10T11:53:44.613+0000] {processor.py:161} INFO - Started process (PID=455077) to work on /home/cloud/codings/airflow/dags/4_dag_PUSH_Updated_YML_To_Cortex.py
[2026-03-10T11:53:44.618+0000] {processor.py:830} INFO - Processing file /home/cloud/codings/airflow/dags/4_dag_PUSH_Updated_YML_To_Cortex.py for tasks to queue
[2026-03-10T11:53:44.620+0000] {logging_mixin.py:188} INFO - [2026-03-10T11:53:44.619+0000] {dagbag.py:545} INFO - Filling up the DagBag from /home/cloud/codings/airflow/dags/4_dag_PUSH_Updated_YML_To_Cortex.py
[2026-03-10T11:53:44.636+0000] {logging_mixin.py:188} INFO - [2026-03-10T11:53:44.635+0000] {dagbag.py:355} ERROR - Failed to import: /home/cloud/codings/airflow/dags/4_dag_PUSH_Updated_YML_To_Cortex.py
Traceback (most recent call last):
  File "/home/cloud/codings/mvenv/lib/python3.12/site-packages/airflow/models/dagbag.py", line 351, in parse
    loader.exec_module(new_module)
  File "<frozen importlib._bootstrap_external>", line 995, in exec_module
  File "<frozen importlib._bootstrap>", line 488, in _call_with_frames_removed
  File "/home/cloud/codings/airflow/dags/4_dag_PUSH_Updated_YML_To_Cortex.py", line 5, in <module>
    dag_config=Variable.get("snowflake_conn", deserialize_json=True)
               ^^^^^^^^^^^^^^^^^^^^^^^^^^^^^^^^^^^^^^^^^^^^^^^^^^^^^
  File "/home/cloud/codings/mvenv/lib/python3.12/site-packages/airflow/models/variable.py", line 143, in get
    raise KeyError(f"Variable {key} does not exist")
KeyError: 'Variable snowflake_conn does not exist'
[2026-03-10T11:53:44.637+0000] {processor.py:842} WARNING - No viable dags retrieved from /home/cloud/codings/airflow/dags/4_dag_PUSH_Updated_YML_To_Cortex.py
[2026-03-10T11:53:44.652+0000] {processor.py:183} INFO - Processing /home/cloud/codings/airflow/dags/4_dag_PUSH_Updated_YML_To_Cortex.py took 0.059 seconds
[2026-03-10T11:54:15.480+0000] {processor.py:161} INFO - Started process (PID=455227) to work on /home/cloud/codings/airflow/dags/4_dag_PUSH_Updated_YML_To_Cortex.py
[2026-03-10T11:54:15.485+0000] {processor.py:830} INFO - Processing file /home/cloud/codings/airflow/dags/4_dag_PUSH_Updated_YML_To_Cortex.py for tasks to queue
[2026-03-10T11:54:15.486+0000] {logging_mixin.py:188} INFO - [2026-03-10T11:54:15.486+0000] {dagbag.py:545} INFO - Filling up the DagBag from /home/cloud/codings/airflow/dags/4_dag_PUSH_Updated_YML_To_Cortex.py
[2026-03-10T11:54:15.524+0000] {logging_mixin.py:188} INFO - [2026-03-10T11:54:15.518+0000] {dagbag.py:355} ERROR - Failed to import: /home/cloud/codings/airflow/dags/4_dag_PUSH_Updated_YML_To_Cortex.py
Traceback (most recent call last):
  File "/home/cloud/codings/mvenv/lib/python3.12/site-packages/airflow/models/dagbag.py", line 351, in parse
    loader.exec_module(new_module)
  File "<frozen importlib._bootstrap_external>", line 995, in exec_module
  File "<frozen importlib._bootstrap>", line 488, in _call_with_frames_removed
  File "/home/cloud/codings/airflow/dags/4_dag_PUSH_Updated_YML_To_Cortex.py", line 5, in <module>
    dag_config=Variable.get("snowflake_conn", deserialize_json=True)
               ^^^^^^^^^^^^^^^^^^^^^^^^^^^^^^^^^^^^^^^^^^^^^^^^^^^^^
  File "/home/cloud/codings/mvenv/lib/python3.12/site-packages/airflow/models/variable.py", line 143, in get
    raise KeyError(f"Variable {key} does not exist")
KeyError: 'Variable snowflake_conn does not exist'
[2026-03-10T11:54:15.526+0000] {processor.py:842} WARNING - No viable dags retrieved from /home/cloud/codings/airflow/dags/4_dag_PUSH_Updated_YML_To_Cortex.py
[2026-03-10T11:54:15.558+0000] {processor.py:183} INFO - Processing /home/cloud/codings/airflow/dags/4_dag_PUSH_Updated_YML_To_Cortex.py took 0.091 seconds
[2026-03-10T11:54:46.213+0000] {processor.py:161} INFO - Started process (PID=455503) to work on /home/cloud/codings/airflow/dags/4_dag_PUSH_Updated_YML_To_Cortex.py
[2026-03-10T11:54:46.218+0000] {processor.py:830} INFO - Processing file /home/cloud/codings/airflow/dags/4_dag_PUSH_Updated_YML_To_Cortex.py for tasks to queue
[2026-03-10T11:54:46.220+0000] {logging_mixin.py:188} INFO - [2026-03-10T11:54:46.219+0000] {dagbag.py:545} INFO - Filling up the DagBag from /home/cloud/codings/airflow/dags/4_dag_PUSH_Updated_YML_To_Cortex.py
[2026-03-10T11:54:46.231+0000] {logging_mixin.py:188} INFO - [2026-03-10T11:54:46.229+0000] {dagbag.py:355} ERROR - Failed to import: /home/cloud/codings/airflow/dags/4_dag_PUSH_Updated_YML_To_Cortex.py
Traceback (most recent call last):
  File "/home/cloud/codings/mvenv/lib/python3.12/site-packages/airflow/models/dagbag.py", line 351, in parse
    loader.exec_module(new_module)
  File "<frozen importlib._bootstrap_external>", line 995, in exec_module
  File "<frozen importlib._bootstrap>", line 488, in _call_with_frames_removed
  File "/home/cloud/codings/airflow/dags/4_dag_PUSH_Updated_YML_To_Cortex.py", line 5, in <module>
    dag_config=Variable.get("snowflake_conn", deserialize_json=True)
               ^^^^^^^^^^^^^^^^^^^^^^^^^^^^^^^^^^^^^^^^^^^^^^^^^^^^^
  File "/home/cloud/codings/mvenv/lib/python3.12/site-packages/airflow/models/variable.py", line 143, in get
    raise KeyError(f"Variable {key} does not exist")
KeyError: 'Variable snowflake_conn does not exist'
[2026-03-10T11:54:46.231+0000] {processor.py:842} WARNING - No viable dags retrieved from /home/cloud/codings/airflow/dags/4_dag_PUSH_Updated_YML_To_Cortex.py
[2026-03-10T11:54:46.249+0000] {processor.py:183} INFO - Processing /home/cloud/codings/airflow/dags/4_dag_PUSH_Updated_YML_To_Cortex.py took 0.040 seconds
[2026-03-10T11:55:16.586+0000] {processor.py:161} INFO - Started process (PID=455780) to work on /home/cloud/codings/airflow/dags/4_dag_PUSH_Updated_YML_To_Cortex.py
[2026-03-10T11:55:16.590+0000] {processor.py:830} INFO - Processing file /home/cloud/codings/airflow/dags/4_dag_PUSH_Updated_YML_To_Cortex.py for tasks to queue
[2026-03-10T11:55:16.591+0000] {logging_mixin.py:188} INFO - [2026-03-10T11:55:16.591+0000] {dagbag.py:545} INFO - Filling up the DagBag from /home/cloud/codings/airflow/dags/4_dag_PUSH_Updated_YML_To_Cortex.py
[2026-03-10T11:55:16.605+0000] {logging_mixin.py:188} INFO - [2026-03-10T11:55:16.604+0000] {dagbag.py:355} ERROR - Failed to import: /home/cloud/codings/airflow/dags/4_dag_PUSH_Updated_YML_To_Cortex.py
Traceback (most recent call last):
  File "/home/cloud/codings/mvenv/lib/python3.12/site-packages/airflow/models/dagbag.py", line 351, in parse
    loader.exec_module(new_module)
  File "<frozen importlib._bootstrap_external>", line 995, in exec_module
  File "<frozen importlib._bootstrap>", line 488, in _call_with_frames_removed
  File "/home/cloud/codings/airflow/dags/4_dag_PUSH_Updated_YML_To_Cortex.py", line 5, in <module>
    dag_config=Variable.get("snowflake_conn", deserialize_json=True)
               ^^^^^^^^^^^^^^^^^^^^^^^^^^^^^^^^^^^^^^^^^^^^^^^^^^^^^
  File "/home/cloud/codings/mvenv/lib/python3.12/site-packages/airflow/models/variable.py", line 143, in get
    raise KeyError(f"Variable {key} does not exist")
KeyError: 'Variable snowflake_conn does not exist'
[2026-03-10T11:55:16.605+0000] {processor.py:842} WARNING - No viable dags retrieved from /home/cloud/codings/airflow/dags/4_dag_PUSH_Updated_YML_To_Cortex.py
[2026-03-10T11:55:16.624+0000] {processor.py:183} INFO - Processing /home/cloud/codings/airflow/dags/4_dag_PUSH_Updated_YML_To_Cortex.py took 0.049 seconds
[2026-03-10T11:55:47.173+0000] {processor.py:161} INFO - Started process (PID=456058) to work on /home/cloud/codings/airflow/dags/4_dag_PUSH_Updated_YML_To_Cortex.py
[2026-03-10T11:55:47.175+0000] {processor.py:830} INFO - Processing file /home/cloud/codings/airflow/dags/4_dag_PUSH_Updated_YML_To_Cortex.py for tasks to queue
[2026-03-10T11:55:47.175+0000] {logging_mixin.py:188} INFO - [2026-03-10T11:55:47.175+0000] {dagbag.py:545} INFO - Filling up the DagBag from /home/cloud/codings/airflow/dags/4_dag_PUSH_Updated_YML_To_Cortex.py
[2026-03-10T11:55:47.187+0000] {logging_mixin.py:188} INFO - [2026-03-10T11:55:47.185+0000] {dagbag.py:355} ERROR - Failed to import: /home/cloud/codings/airflow/dags/4_dag_PUSH_Updated_YML_To_Cortex.py
Traceback (most recent call last):
  File "/home/cloud/codings/mvenv/lib/python3.12/site-packages/airflow/models/dagbag.py", line 351, in parse
    loader.exec_module(new_module)
  File "<frozen importlib._bootstrap_external>", line 995, in exec_module
  File "<frozen importlib._bootstrap>", line 488, in _call_with_frames_removed
  File "/home/cloud/codings/airflow/dags/4_dag_PUSH_Updated_YML_To_Cortex.py", line 5, in <module>
    dag_config=Variable.get("snowflake_conn", deserialize_json=True)
               ^^^^^^^^^^^^^^^^^^^^^^^^^^^^^^^^^^^^^^^^^^^^^^^^^^^^^
  File "/home/cloud/codings/mvenv/lib/python3.12/site-packages/airflow/models/variable.py", line 143, in get
    raise KeyError(f"Variable {key} does not exist")
KeyError: 'Variable snowflake_conn does not exist'
[2026-03-10T11:55:47.187+0000] {processor.py:842} WARNING - No viable dags retrieved from /home/cloud/codings/airflow/dags/4_dag_PUSH_Updated_YML_To_Cortex.py
[2026-03-10T11:55:47.204+0000] {processor.py:183} INFO - Processing /home/cloud/codings/airflow/dags/4_dag_PUSH_Updated_YML_To_Cortex.py took 0.037 seconds
[2026-03-10T11:56:18.335+0000] {processor.py:161} INFO - Started process (PID=456273) to work on /home/cloud/codings/airflow/dags/4_dag_PUSH_Updated_YML_To_Cortex.py
[2026-03-10T11:56:18.337+0000] {processor.py:830} INFO - Processing file /home/cloud/codings/airflow/dags/4_dag_PUSH_Updated_YML_To_Cortex.py for tasks to queue
[2026-03-10T11:56:18.339+0000] {logging_mixin.py:188} INFO - [2026-03-10T11:56:18.338+0000] {dagbag.py:545} INFO - Filling up the DagBag from /home/cloud/codings/airflow/dags/4_dag_PUSH_Updated_YML_To_Cortex.py
[2026-03-10T11:56:18.366+0000] {logging_mixin.py:188} INFO - [2026-03-10T11:56:18.362+0000] {dagbag.py:355} ERROR - Failed to import: /home/cloud/codings/airflow/dags/4_dag_PUSH_Updated_YML_To_Cortex.py
Traceback (most recent call last):
  File "/home/cloud/codings/mvenv/lib/python3.12/site-packages/airflow/models/dagbag.py", line 351, in parse
    loader.exec_module(new_module)
  File "<frozen importlib._bootstrap_external>", line 995, in exec_module
  File "<frozen importlib._bootstrap>", line 488, in _call_with_frames_removed
  File "/home/cloud/codings/airflow/dags/4_dag_PUSH_Updated_YML_To_Cortex.py", line 5, in <module>
    dag_config=Variable.get("snowflake_conn", deserialize_json=True)
               ^^^^^^^^^^^^^^^^^^^^^^^^^^^^^^^^^^^^^^^^^^^^^^^^^^^^^
  File "/home/cloud/codings/mvenv/lib/python3.12/site-packages/airflow/models/variable.py", line 143, in get
    raise KeyError(f"Variable {key} does not exist")
KeyError: 'Variable snowflake_conn does not exist'
[2026-03-10T11:56:18.367+0000] {processor.py:842} WARNING - No viable dags retrieved from /home/cloud/codings/airflow/dags/4_dag_PUSH_Updated_YML_To_Cortex.py
[2026-03-10T11:56:18.395+0000] {processor.py:183} INFO - Processing /home/cloud/codings/airflow/dags/4_dag_PUSH_Updated_YML_To_Cortex.py took 0.073 seconds
[2026-03-10T11:56:48.825+0000] {processor.py:161} INFO - Started process (PID=456549) to work on /home/cloud/codings/airflow/dags/4_dag_PUSH_Updated_YML_To_Cortex.py
[2026-03-10T11:56:48.830+0000] {processor.py:830} INFO - Processing file /home/cloud/codings/airflow/dags/4_dag_PUSH_Updated_YML_To_Cortex.py for tasks to queue
[2026-03-10T11:56:48.832+0000] {logging_mixin.py:188} INFO - [2026-03-10T11:56:48.831+0000] {dagbag.py:545} INFO - Filling up the DagBag from /home/cloud/codings/airflow/dags/4_dag_PUSH_Updated_YML_To_Cortex.py
[2026-03-10T11:56:48.851+0000] {logging_mixin.py:188} INFO - [2026-03-10T11:56:48.849+0000] {dagbag.py:355} ERROR - Failed to import: /home/cloud/codings/airflow/dags/4_dag_PUSH_Updated_YML_To_Cortex.py
Traceback (most recent call last):
  File "/home/cloud/codings/mvenv/lib/python3.12/site-packages/airflow/models/dagbag.py", line 351, in parse
    loader.exec_module(new_module)
  File "<frozen importlib._bootstrap_external>", line 995, in exec_module
  File "<frozen importlib._bootstrap>", line 488, in _call_with_frames_removed
  File "/home/cloud/codings/airflow/dags/4_dag_PUSH_Updated_YML_To_Cortex.py", line 5, in <module>
    dag_config=Variable.get("snowflake_conn", deserialize_json=True)
               ^^^^^^^^^^^^^^^^^^^^^^^^^^^^^^^^^^^^^^^^^^^^^^^^^^^^^
  File "/home/cloud/codings/mvenv/lib/python3.12/site-packages/airflow/models/variable.py", line 143, in get
    raise KeyError(f"Variable {key} does not exist")
KeyError: 'Variable snowflake_conn does not exist'
[2026-03-10T11:56:48.852+0000] {processor.py:842} WARNING - No viable dags retrieved from /home/cloud/codings/airflow/dags/4_dag_PUSH_Updated_YML_To_Cortex.py
[2026-03-10T11:56:48.874+0000] {processor.py:183} INFO - Processing /home/cloud/codings/airflow/dags/4_dag_PUSH_Updated_YML_To_Cortex.py took 0.057 seconds
[2026-03-10T11:57:19.131+0000] {processor.py:161} INFO - Started process (PID=456737) to work on /home/cloud/codings/airflow/dags/4_dag_PUSH_Updated_YML_To_Cortex.py
[2026-03-10T11:57:19.132+0000] {processor.py:830} INFO - Processing file /home/cloud/codings/airflow/dags/4_dag_PUSH_Updated_YML_To_Cortex.py for tasks to queue
[2026-03-10T11:57:19.134+0000] {logging_mixin.py:188} INFO - [2026-03-10T11:57:19.133+0000] {dagbag.py:545} INFO - Filling up the DagBag from /home/cloud/codings/airflow/dags/4_dag_PUSH_Updated_YML_To_Cortex.py
[2026-03-10T11:57:19.151+0000] {logging_mixin.py:188} INFO - [2026-03-10T11:57:19.149+0000] {dagbag.py:355} ERROR - Failed to import: /home/cloud/codings/airflow/dags/4_dag_PUSH_Updated_YML_To_Cortex.py
Traceback (most recent call last):
  File "/home/cloud/codings/mvenv/lib/python3.12/site-packages/airflow/models/dagbag.py", line 351, in parse
    loader.exec_module(new_module)
  File "<frozen importlib._bootstrap_external>", line 995, in exec_module
  File "<frozen importlib._bootstrap>", line 488, in _call_with_frames_removed
  File "/home/cloud/codings/airflow/dags/4_dag_PUSH_Updated_YML_To_Cortex.py", line 5, in <module>
    dag_config=Variable.get("snowflake_conn", deserialize_json=True)
               ^^^^^^^^^^^^^^^^^^^^^^^^^^^^^^^^^^^^^^^^^^^^^^^^^^^^^
  File "/home/cloud/codings/mvenv/lib/python3.12/site-packages/airflow/models/variable.py", line 143, in get
    raise KeyError(f"Variable {key} does not exist")
KeyError: 'Variable snowflake_conn does not exist'
[2026-03-10T11:57:19.151+0000] {processor.py:842} WARNING - No viable dags retrieved from /home/cloud/codings/airflow/dags/4_dag_PUSH_Updated_YML_To_Cortex.py
[2026-03-10T11:57:19.174+0000] {processor.py:183} INFO - Processing /home/cloud/codings/airflow/dags/4_dag_PUSH_Updated_YML_To_Cortex.py took 0.050 seconds
[2026-03-10T11:57:49.496+0000] {processor.py:161} INFO - Started process (PID=457133) to work on /home/cloud/codings/airflow/dags/4_dag_PUSH_Updated_YML_To_Cortex.py
[2026-03-10T11:57:49.497+0000] {processor.py:830} INFO - Processing file /home/cloud/codings/airflow/dags/4_dag_PUSH_Updated_YML_To_Cortex.py for tasks to queue
[2026-03-10T11:57:49.498+0000] {logging_mixin.py:188} INFO - [2026-03-10T11:57:49.498+0000] {dagbag.py:545} INFO - Filling up the DagBag from /home/cloud/codings/airflow/dags/4_dag_PUSH_Updated_YML_To_Cortex.py
[2026-03-10T11:57:49.509+0000] {logging_mixin.py:188} INFO - [2026-03-10T11:57:49.507+0000] {dagbag.py:355} ERROR - Failed to import: /home/cloud/codings/airflow/dags/4_dag_PUSH_Updated_YML_To_Cortex.py
Traceback (most recent call last):
  File "/home/cloud/codings/mvenv/lib/python3.12/site-packages/airflow/models/dagbag.py", line 351, in parse
    loader.exec_module(new_module)
  File "<frozen importlib._bootstrap_external>", line 995, in exec_module
  File "<frozen importlib._bootstrap>", line 488, in _call_with_frames_removed
  File "/home/cloud/codings/airflow/dags/4_dag_PUSH_Updated_YML_To_Cortex.py", line 5, in <module>
    dag_config=Variable.get("snowflake_conn", deserialize_json=True)
               ^^^^^^^^^^^^^^^^^^^^^^^^^^^^^^^^^^^^^^^^^^^^^^^^^^^^^
  File "/home/cloud/codings/mvenv/lib/python3.12/site-packages/airflow/models/variable.py", line 143, in get
    raise KeyError(f"Variable {key} does not exist")
KeyError: 'Variable snowflake_conn does not exist'
[2026-03-10T11:57:49.509+0000] {processor.py:842} WARNING - No viable dags retrieved from /home/cloud/codings/airflow/dags/4_dag_PUSH_Updated_YML_To_Cortex.py
[2026-03-10T11:57:49.527+0000] {processor.py:183} INFO - Processing /home/cloud/codings/airflow/dags/4_dag_PUSH_Updated_YML_To_Cortex.py took 0.037 seconds
[2026-03-10T11:58:19.993+0000] {processor.py:161} INFO - Started process (PID=457388) to work on /home/cloud/codings/airflow/dags/4_dag_PUSH_Updated_YML_To_Cortex.py
[2026-03-10T11:58:19.995+0000] {processor.py:830} INFO - Processing file /home/cloud/codings/airflow/dags/4_dag_PUSH_Updated_YML_To_Cortex.py for tasks to queue
[2026-03-10T11:58:19.997+0000] {logging_mixin.py:188} INFO - [2026-03-10T11:58:19.997+0000] {dagbag.py:545} INFO - Filling up the DagBag from /home/cloud/codings/airflow/dags/4_dag_PUSH_Updated_YML_To_Cortex.py
[2026-03-10T11:58:20.019+0000] {logging_mixin.py:188} INFO - [2026-03-10T11:58:20.015+0000] {dagbag.py:355} ERROR - Failed to import: /home/cloud/codings/airflow/dags/4_dag_PUSH_Updated_YML_To_Cortex.py
Traceback (most recent call last):
  File "/home/cloud/codings/mvenv/lib/python3.12/site-packages/airflow/models/dagbag.py", line 351, in parse
    loader.exec_module(new_module)
  File "<frozen importlib._bootstrap_external>", line 995, in exec_module
  File "<frozen importlib._bootstrap>", line 488, in _call_with_frames_removed
  File "/home/cloud/codings/airflow/dags/4_dag_PUSH_Updated_YML_To_Cortex.py", line 5, in <module>
    dag_config=Variable.get("snowflake_conn", deserialize_json=True)
               ^^^^^^^^^^^^^^^^^^^^^^^^^^^^^^^^^^^^^^^^^^^^^^^^^^^^^
  File "/home/cloud/codings/mvenv/lib/python3.12/site-packages/airflow/models/variable.py", line 143, in get
    raise KeyError(f"Variable {key} does not exist")
KeyError: 'Variable snowflake_conn does not exist'
[2026-03-10T11:58:20.020+0000] {processor.py:842} WARNING - No viable dags retrieved from /home/cloud/codings/airflow/dags/4_dag_PUSH_Updated_YML_To_Cortex.py
[2026-03-10T11:58:20.048+0000] {processor.py:183} INFO - Processing /home/cloud/codings/airflow/dags/4_dag_PUSH_Updated_YML_To_Cortex.py took 0.064 seconds
[2026-03-10T11:59:06.040+0000] {processor.py:161} INFO - Started process (PID=458027) to work on /home/cloud/codings/airflow/dags/4_dag_PUSH_Updated_YML_To_Cortex.py
[2026-03-10T11:59:06.045+0000] {processor.py:830} INFO - Processing file /home/cloud/codings/airflow/dags/4_dag_PUSH_Updated_YML_To_Cortex.py for tasks to queue
[2026-03-10T11:59:06.047+0000] {logging_mixin.py:188} INFO - [2026-03-10T11:59:06.046+0000] {dagbag.py:545} INFO - Filling up the DagBag from /home/cloud/codings/airflow/dags/4_dag_PUSH_Updated_YML_To_Cortex.py
[2026-03-10T11:59:06.061+0000] {logging_mixin.py:188} INFO - [2026-03-10T11:59:06.059+0000] {dagbag.py:355} ERROR - Failed to import: /home/cloud/codings/airflow/dags/4_dag_PUSH_Updated_YML_To_Cortex.py
Traceback (most recent call last):
  File "/home/cloud/codings/mvenv/lib/python3.12/site-packages/airflow/models/dagbag.py", line 351, in parse
    loader.exec_module(new_module)
  File "<frozen importlib._bootstrap_external>", line 995, in exec_module
  File "<frozen importlib._bootstrap>", line 488, in _call_with_frames_removed
  File "/home/cloud/codings/airflow/dags/4_dag_PUSH_Updated_YML_To_Cortex.py", line 5, in <module>
    dag_config=Variable.get("snowflake_conn", deserialize_json=True)
               ^^^^^^^^^^^^^^^^^^^^^^^^^^^^^^^^^^^^^^^^^^^^^^^^^^^^^
  File "/home/cloud/codings/mvenv/lib/python3.12/site-packages/airflow/models/variable.py", line 143, in get
    raise KeyError(f"Variable {key} does not exist")
KeyError: 'Variable snowflake_conn does not exist'
[2026-03-10T11:59:06.062+0000] {processor.py:842} WARNING - No viable dags retrieved from /home/cloud/codings/airflow/dags/4_dag_PUSH_Updated_YML_To_Cortex.py
[2026-03-10T11:59:06.083+0000] {processor.py:183} INFO - Processing /home/cloud/codings/airflow/dags/4_dag_PUSH_Updated_YML_To_Cortex.py took 0.050 seconds
[2026-03-10T11:59:36.351+0000] {processor.py:161} INFO - Started process (PID=458533) to work on /home/cloud/codings/airflow/dags/4_dag_PUSH_Updated_YML_To_Cortex.py
[2026-03-10T11:59:36.352+0000] {processor.py:830} INFO - Processing file /home/cloud/codings/airflow/dags/4_dag_PUSH_Updated_YML_To_Cortex.py for tasks to queue
[2026-03-10T11:59:36.353+0000] {logging_mixin.py:188} INFO - [2026-03-10T11:59:36.353+0000] {dagbag.py:545} INFO - Filling up the DagBag from /home/cloud/codings/airflow/dags/4_dag_PUSH_Updated_YML_To_Cortex.py
[2026-03-10T11:59:36.368+0000] {logging_mixin.py:188} INFO - [2026-03-10T11:59:36.366+0000] {dagbag.py:355} ERROR - Failed to import: /home/cloud/codings/airflow/dags/4_dag_PUSH_Updated_YML_To_Cortex.py
Traceback (most recent call last):
  File "/home/cloud/codings/mvenv/lib/python3.12/site-packages/airflow/models/dagbag.py", line 351, in parse
    loader.exec_module(new_module)
  File "<frozen importlib._bootstrap_external>", line 995, in exec_module
  File "<frozen importlib._bootstrap>", line 488, in _call_with_frames_removed
  File "/home/cloud/codings/airflow/dags/4_dag_PUSH_Updated_YML_To_Cortex.py", line 5, in <module>
    dag_config=Variable.get("snowflake_conn", deserialize_json=True)
               ^^^^^^^^^^^^^^^^^^^^^^^^^^^^^^^^^^^^^^^^^^^^^^^^^^^^^
  File "/home/cloud/codings/mvenv/lib/python3.12/site-packages/airflow/models/variable.py", line 143, in get
    raise KeyError(f"Variable {key} does not exist")
KeyError: 'Variable snowflake_conn does not exist'
[2026-03-10T11:59:36.368+0000] {processor.py:842} WARNING - No viable dags retrieved from /home/cloud/codings/airflow/dags/4_dag_PUSH_Updated_YML_To_Cortex.py
[2026-03-10T11:59:36.389+0000] {processor.py:183} INFO - Processing /home/cloud/codings/airflow/dags/4_dag_PUSH_Updated_YML_To_Cortex.py took 0.045 seconds
[2026-03-10T12:00:07.110+0000] {processor.py:161} INFO - Started process (PID=458944) to work on /home/cloud/codings/airflow/dags/4_dag_PUSH_Updated_YML_To_Cortex.py
[2026-03-10T12:00:07.115+0000] {processor.py:830} INFO - Processing file /home/cloud/codings/airflow/dags/4_dag_PUSH_Updated_YML_To_Cortex.py for tasks to queue
[2026-03-10T12:00:07.117+0000] {logging_mixin.py:188} INFO - [2026-03-10T12:00:07.116+0000] {dagbag.py:545} INFO - Filling up the DagBag from /home/cloud/codings/airflow/dags/4_dag_PUSH_Updated_YML_To_Cortex.py
[2026-03-10T12:00:07.131+0000] {logging_mixin.py:188} INFO - [2026-03-10T12:00:07.129+0000] {dagbag.py:355} ERROR - Failed to import: /home/cloud/codings/airflow/dags/4_dag_PUSH_Updated_YML_To_Cortex.py
Traceback (most recent call last):
  File "/home/cloud/codings/mvenv/lib/python3.12/site-packages/airflow/models/dagbag.py", line 351, in parse
    loader.exec_module(new_module)
  File "<frozen importlib._bootstrap_external>", line 995, in exec_module
  File "<frozen importlib._bootstrap>", line 488, in _call_with_frames_removed
  File "/home/cloud/codings/airflow/dags/4_dag_PUSH_Updated_YML_To_Cortex.py", line 5, in <module>
    dag_config=Variable.get("snowflake_conn", deserialize_json=True)
               ^^^^^^^^^^^^^^^^^^^^^^^^^^^^^^^^^^^^^^^^^^^^^^^^^^^^^
  File "/home/cloud/codings/mvenv/lib/python3.12/site-packages/airflow/models/variable.py", line 143, in get
    raise KeyError(f"Variable {key} does not exist")
KeyError: 'Variable snowflake_conn does not exist'
[2026-03-10T12:00:07.132+0000] {processor.py:842} WARNING - No viable dags retrieved from /home/cloud/codings/airflow/dags/4_dag_PUSH_Updated_YML_To_Cortex.py
[2026-03-10T12:00:07.152+0000] {processor.py:183} INFO - Processing /home/cloud/codings/airflow/dags/4_dag_PUSH_Updated_YML_To_Cortex.py took 0.048 seconds
[2026-03-10T12:00:37.672+0000] {processor.py:161} INFO - Started process (PID=459196) to work on /home/cloud/codings/airflow/dags/4_dag_PUSH_Updated_YML_To_Cortex.py
[2026-03-10T12:00:37.673+0000] {processor.py:830} INFO - Processing file /home/cloud/codings/airflow/dags/4_dag_PUSH_Updated_YML_To_Cortex.py for tasks to queue
[2026-03-10T12:00:37.674+0000] {logging_mixin.py:188} INFO - [2026-03-10T12:00:37.673+0000] {dagbag.py:545} INFO - Filling up the DagBag from /home/cloud/codings/airflow/dags/4_dag_PUSH_Updated_YML_To_Cortex.py
[2026-03-10T12:00:37.684+0000] {logging_mixin.py:188} INFO - [2026-03-10T12:00:37.683+0000] {dagbag.py:355} ERROR - Failed to import: /home/cloud/codings/airflow/dags/4_dag_PUSH_Updated_YML_To_Cortex.py
Traceback (most recent call last):
  File "/home/cloud/codings/mvenv/lib/python3.12/site-packages/airflow/models/dagbag.py", line 351, in parse
    loader.exec_module(new_module)
  File "<frozen importlib._bootstrap_external>", line 995, in exec_module
  File "<frozen importlib._bootstrap>", line 488, in _call_with_frames_removed
  File "/home/cloud/codings/airflow/dags/4_dag_PUSH_Updated_YML_To_Cortex.py", line 5, in <module>
    dag_config=Variable.get("snowflake_conn", deserialize_json=True)
               ^^^^^^^^^^^^^^^^^^^^^^^^^^^^^^^^^^^^^^^^^^^^^^^^^^^^^
  File "/home/cloud/codings/mvenv/lib/python3.12/site-packages/airflow/models/variable.py", line 143, in get
    raise KeyError(f"Variable {key} does not exist")
KeyError: 'Variable snowflake_conn does not exist'
[2026-03-10T12:00:37.685+0000] {processor.py:842} WARNING - No viable dags retrieved from /home/cloud/codings/airflow/dags/4_dag_PUSH_Updated_YML_To_Cortex.py
[2026-03-10T12:00:37.702+0000] {processor.py:183} INFO - Processing /home/cloud/codings/airflow/dags/4_dag_PUSH_Updated_YML_To_Cortex.py took 0.035 seconds
[2026-03-10T12:00:59.825+0000] {processor.py:161} INFO - Started process (PID=459406) to work on /home/cloud/codings/airflow/dags/4_dag_PUSH_Updated_YML_To_Cortex.py
[2026-03-10T12:00:59.832+0000] {processor.py:830} INFO - Processing file /home/cloud/codings/airflow/dags/4_dag_PUSH_Updated_YML_To_Cortex.py for tasks to queue
[2026-03-10T12:00:59.835+0000] {logging_mixin.py:188} INFO - [2026-03-10T12:00:59.833+0000] {dagbag.py:545} INFO - Filling up the DagBag from /home/cloud/codings/airflow/dags/4_dag_PUSH_Updated_YML_To_Cortex.py
[2026-03-10T12:00:59.872+0000] {logging_mixin.py:188} INFO - [2026-03-10T12:00:59.869+0000] {dagbag.py:355} ERROR - Failed to import: /home/cloud/codings/airflow/dags/4_dag_PUSH_Updated_YML_To_Cortex.py
Traceback (most recent call last):
  File "/home/cloud/codings/mvenv/lib/python3.12/site-packages/airflow/models/dagbag.py", line 351, in parse
    loader.exec_module(new_module)
  File "<frozen importlib._bootstrap_external>", line 995, in exec_module
  File "<frozen importlib._bootstrap>", line 488, in _call_with_frames_removed
  File "/home/cloud/codings/airflow/dags/4_dag_PUSH_Updated_YML_To_Cortex.py", line 5, in <module>
    dag_config=Variable.get("snowflake_conn", deserialize_json=True)
               ^^^^^^^^^^^^^^^^^^^^^^^^^^^^^^^^^^^^^^^^^^^^^^^^^^^^^
  File "/home/cloud/codings/mvenv/lib/python3.12/site-packages/airflow/models/variable.py", line 143, in get
    raise KeyError(f"Variable {key} does not exist")
KeyError: 'Variable snowflake_conn does not exist'
[2026-03-10T12:00:59.873+0000] {processor.py:842} WARNING - No viable dags retrieved from /home/cloud/codings/airflow/dags/4_dag_PUSH_Updated_YML_To_Cortex.py
[2026-03-10T12:00:59.907+0000] {processor.py:183} INFO - Processing /home/cloud/codings/airflow/dags/4_dag_PUSH_Updated_YML_To_Cortex.py took 0.097 seconds
[2026-03-10T12:01:30.545+0000] {processor.py:161} INFO - Started process (PID=459744) to work on /home/cloud/codings/airflow/dags/4_dag_PUSH_Updated_YML_To_Cortex.py
[2026-03-10T12:01:30.550+0000] {processor.py:830} INFO - Processing file /home/cloud/codings/airflow/dags/4_dag_PUSH_Updated_YML_To_Cortex.py for tasks to queue
[2026-03-10T12:01:30.551+0000] {logging_mixin.py:188} INFO - [2026-03-10T12:01:30.550+0000] {dagbag.py:545} INFO - Filling up the DagBag from /home/cloud/codings/airflow/dags/4_dag_PUSH_Updated_YML_To_Cortex.py
[2026-03-10T12:01:30.575+0000] {logging_mixin.py:188} INFO - [2026-03-10T12:01:30.573+0000] {dagbag.py:355} ERROR - Failed to import: /home/cloud/codings/airflow/dags/4_dag_PUSH_Updated_YML_To_Cortex.py
Traceback (most recent call last):
  File "/home/cloud/codings/mvenv/lib/python3.12/site-packages/airflow/models/dagbag.py", line 351, in parse
    loader.exec_module(new_module)
  File "<frozen importlib._bootstrap_external>", line 995, in exec_module
  File "<frozen importlib._bootstrap>", line 488, in _call_with_frames_removed
  File "/home/cloud/codings/airflow/dags/4_dag_PUSH_Updated_YML_To_Cortex.py", line 5, in <module>
    dag_config=Variable.get("snowflake_conn", deserialize_json=True)
               ^^^^^^^^^^^^^^^^^^^^^^^^^^^^^^^^^^^^^^^^^^^^^^^^^^^^^
  File "/home/cloud/codings/mvenv/lib/python3.12/site-packages/airflow/models/variable.py", line 143, in get
    raise KeyError(f"Variable {key} does not exist")
KeyError: 'Variable snowflake_conn does not exist'
[2026-03-10T12:01:30.577+0000] {processor.py:842} WARNING - No viable dags retrieved from /home/cloud/codings/airflow/dags/4_dag_PUSH_Updated_YML_To_Cortex.py
[2026-03-10T12:01:30.602+0000] {processor.py:183} INFO - Processing /home/cloud/codings/airflow/dags/4_dag_PUSH_Updated_YML_To_Cortex.py took 0.064 seconds
[2026-03-10T12:02:01.526+0000] {processor.py:161} INFO - Started process (PID=459813) to work on /home/cloud/codings/airflow/dags/4_dag_PUSH_Updated_YML_To_Cortex.py
[2026-03-10T12:02:01.531+0000] {processor.py:830} INFO - Processing file /home/cloud/codings/airflow/dags/4_dag_PUSH_Updated_YML_To_Cortex.py for tasks to queue
[2026-03-10T12:02:01.532+0000] {logging_mixin.py:188} INFO - [2026-03-10T12:02:01.531+0000] {dagbag.py:545} INFO - Filling up the DagBag from /home/cloud/codings/airflow/dags/4_dag_PUSH_Updated_YML_To_Cortex.py
[2026-03-10T12:02:01.545+0000] {logging_mixin.py:188} INFO - [2026-03-10T12:02:01.543+0000] {dagbag.py:355} ERROR - Failed to import: /home/cloud/codings/airflow/dags/4_dag_PUSH_Updated_YML_To_Cortex.py
Traceback (most recent call last):
  File "/home/cloud/codings/mvenv/lib/python3.12/site-packages/airflow/models/dagbag.py", line 351, in parse
    loader.exec_module(new_module)
  File "<frozen importlib._bootstrap_external>", line 995, in exec_module
  File "<frozen importlib._bootstrap>", line 488, in _call_with_frames_removed
  File "/home/cloud/codings/airflow/dags/4_dag_PUSH_Updated_YML_To_Cortex.py", line 5, in <module>
    dag_config=Variable.get("snowflake_conn", deserialize_json=True)
               ^^^^^^^^^^^^^^^^^^^^^^^^^^^^^^^^^^^^^^^^^^^^^^^^^^^^^
  File "/home/cloud/codings/mvenv/lib/python3.12/site-packages/airflow/models/variable.py", line 143, in get
    raise KeyError(f"Variable {key} does not exist")
KeyError: 'Variable snowflake_conn does not exist'
[2026-03-10T12:02:01.546+0000] {processor.py:842} WARNING - No viable dags retrieved from /home/cloud/codings/airflow/dags/4_dag_PUSH_Updated_YML_To_Cortex.py
[2026-03-10T12:02:01.566+0000] {processor.py:183} INFO - Processing /home/cloud/codings/airflow/dags/4_dag_PUSH_Updated_YML_To_Cortex.py took 0.047 seconds
[2026-03-10T12:02:31.991+0000] {processor.py:161} INFO - Started process (PID=459970) to work on /home/cloud/codings/airflow/dags/4_dag_PUSH_Updated_YML_To_Cortex.py
[2026-03-10T12:02:31.993+0000] {processor.py:830} INFO - Processing file /home/cloud/codings/airflow/dags/4_dag_PUSH_Updated_YML_To_Cortex.py for tasks to queue
[2026-03-10T12:02:31.994+0000] {logging_mixin.py:188} INFO - [2026-03-10T12:02:31.994+0000] {dagbag.py:545} INFO - Filling up the DagBag from /home/cloud/codings/airflow/dags/4_dag_PUSH_Updated_YML_To_Cortex.py
[2026-03-10T12:02:32.017+0000] {logging_mixin.py:188} INFO - [2026-03-10T12:02:32.014+0000] {dagbag.py:355} ERROR - Failed to import: /home/cloud/codings/airflow/dags/4_dag_PUSH_Updated_YML_To_Cortex.py
Traceback (most recent call last):
  File "/home/cloud/codings/mvenv/lib/python3.12/site-packages/airflow/models/dagbag.py", line 351, in parse
    loader.exec_module(new_module)
  File "<frozen importlib._bootstrap_external>", line 995, in exec_module
  File "<frozen importlib._bootstrap>", line 488, in _call_with_frames_removed
  File "/home/cloud/codings/airflow/dags/4_dag_PUSH_Updated_YML_To_Cortex.py", line 5, in <module>
    dag_config=Variable.get("snowflake_conn", deserialize_json=True)
               ^^^^^^^^^^^^^^^^^^^^^^^^^^^^^^^^^^^^^^^^^^^^^^^^^^^^^
  File "/home/cloud/codings/mvenv/lib/python3.12/site-packages/airflow/models/variable.py", line 143, in get
    raise KeyError(f"Variable {key} does not exist")
KeyError: 'Variable snowflake_conn does not exist'
[2026-03-10T12:02:32.018+0000] {processor.py:842} WARNING - No viable dags retrieved from /home/cloud/codings/airflow/dags/4_dag_PUSH_Updated_YML_To_Cortex.py
[2026-03-10T12:02:32.045+0000] {processor.py:183} INFO - Processing /home/cloud/codings/airflow/dags/4_dag_PUSH_Updated_YML_To_Cortex.py took 0.066 seconds
[2026-03-10T12:03:02.208+0000] {processor.py:161} INFO - Started process (PID=460305) to work on /home/cloud/codings/airflow/dags/4_dag_PUSH_Updated_YML_To_Cortex.py
[2026-03-10T12:03:02.213+0000] {processor.py:830} INFO - Processing file /home/cloud/codings/airflow/dags/4_dag_PUSH_Updated_YML_To_Cortex.py for tasks to queue
[2026-03-10T12:03:02.214+0000] {logging_mixin.py:188} INFO - [2026-03-10T12:03:02.213+0000] {dagbag.py:545} INFO - Filling up the DagBag from /home/cloud/codings/airflow/dags/4_dag_PUSH_Updated_YML_To_Cortex.py
[2026-03-10T12:03:02.224+0000] {logging_mixin.py:188} INFO - [2026-03-10T12:03:02.223+0000] {dagbag.py:355} ERROR - Failed to import: /home/cloud/codings/airflow/dags/4_dag_PUSH_Updated_YML_To_Cortex.py
Traceback (most recent call last):
  File "/home/cloud/codings/mvenv/lib/python3.12/site-packages/airflow/models/dagbag.py", line 351, in parse
    loader.exec_module(new_module)
  File "<frozen importlib._bootstrap_external>", line 995, in exec_module
  File "<frozen importlib._bootstrap>", line 488, in _call_with_frames_removed
  File "/home/cloud/codings/airflow/dags/4_dag_PUSH_Updated_YML_To_Cortex.py", line 5, in <module>
    dag_config=Variable.get("snowflake_conn", deserialize_json=True)
               ^^^^^^^^^^^^^^^^^^^^^^^^^^^^^^^^^^^^^^^^^^^^^^^^^^^^^
  File "/home/cloud/codings/mvenv/lib/python3.12/site-packages/airflow/models/variable.py", line 143, in get
    raise KeyError(f"Variable {key} does not exist")
KeyError: 'Variable snowflake_conn does not exist'
[2026-03-10T12:03:02.225+0000] {processor.py:842} WARNING - No viable dags retrieved from /home/cloud/codings/airflow/dags/4_dag_PUSH_Updated_YML_To_Cortex.py
[2026-03-10T12:03:02.241+0000] {processor.py:183} INFO - Processing /home/cloud/codings/airflow/dags/4_dag_PUSH_Updated_YML_To_Cortex.py took 0.038 seconds
[2026-03-10T12:03:19.525+0000] {processor.py:161} INFO - Started process (PID=460448) to work on /home/cloud/codings/airflow/dags/4_dag_PUSH_Updated_YML_To_Cortex.py
[2026-03-10T12:03:19.530+0000] {processor.py:830} INFO - Processing file /home/cloud/codings/airflow/dags/4_dag_PUSH_Updated_YML_To_Cortex.py for tasks to queue
[2026-03-10T12:03:19.532+0000] {logging_mixin.py:188} INFO - [2026-03-10T12:03:19.531+0000] {dagbag.py:545} INFO - Filling up the DagBag from /home/cloud/codings/airflow/dags/4_dag_PUSH_Updated_YML_To_Cortex.py
[2026-03-10T12:03:19.564+0000] {processor.py:840} INFO - DAG(s) '4_dag_PUSH_Updated_YML_To_Cortex' retrieved from /home/cloud/codings/airflow/dags/4_dag_PUSH_Updated_YML_To_Cortex.py
[2026-03-10T12:03:19.719+0000] {logging_mixin.py:188} INFO - [2026-03-10T12:03:19.718+0000] {override.py:1858} INFO - Created Permission View: can edit on DAG:4_dag_PUSH_Updated_YML_To_Cortex
[2026-03-10T12:03:19.744+0000] {logging_mixin.py:188} INFO - [2026-03-10T12:03:19.743+0000] {override.py:1858} INFO - Created Permission View: can delete on DAG:4_dag_PUSH_Updated_YML_To_Cortex
[2026-03-10T12:03:19.758+0000] {logging_mixin.py:188} INFO - [2026-03-10T12:03:19.758+0000] {override.py:1858} INFO - Created Permission View: can read on DAG:4_dag_PUSH_Updated_YML_To_Cortex
[2026-03-10T12:03:19.759+0000] {logging_mixin.py:188} INFO - [2026-03-10T12:03:19.759+0000] {dag.py:3089} INFO - Sync 1 DAGs
[2026-03-10T12:03:19.781+0000] {logging_mixin.py:188} INFO - [2026-03-10T12:03:19.781+0000] {dag.py:3111} INFO - Creating ORM DAG for 4_dag_PUSH_Updated_YML_To_Cortex
[2026-03-10T12:03:19.783+0000] {logging_mixin.py:188} INFO - [2026-03-10T12:03:19.782+0000] {dag.py:3947} INFO - Setting next_dagrun for 4_dag_PUSH_Updated_YML_To_Cortex to None, run_after=None
[2026-03-10T12:03:19.823+0000] {processor.py:183} INFO - Processing /home/cloud/codings/airflow/dags/4_dag_PUSH_Updated_YML_To_Cortex.py took 0.305 seconds
[2026-03-10T12:03:50.303+0000] {processor.py:161} INFO - Started process (PID=460814) to work on /home/cloud/codings/airflow/dags/4_dag_PUSH_Updated_YML_To_Cortex.py
[2026-03-10T12:03:50.309+0000] {processor.py:830} INFO - Processing file /home/cloud/codings/airflow/dags/4_dag_PUSH_Updated_YML_To_Cortex.py for tasks to queue
[2026-03-10T12:03:50.310+0000] {logging_mixin.py:188} INFO - [2026-03-10T12:03:50.309+0000] {dagbag.py:545} INFO - Filling up the DagBag from /home/cloud/codings/airflow/dags/4_dag_PUSH_Updated_YML_To_Cortex.py
[2026-03-10T12:03:50.338+0000] {processor.py:840} INFO - DAG(s) '4_dag_PUSH_Updated_YML_To_Cortex' retrieved from /home/cloud/codings/airflow/dags/4_dag_PUSH_Updated_YML_To_Cortex.py
[2026-03-10T12:03:50.353+0000] {logging_mixin.py:188} INFO - [2026-03-10T12:03:50.353+0000] {dag.py:3089} INFO - Sync 1 DAGs
[2026-03-10T12:03:50.365+0000] {logging_mixin.py:188} INFO - [2026-03-10T12:03:50.365+0000] {dag.py:3947} INFO - Setting next_dagrun for 4_dag_PUSH_Updated_YML_To_Cortex to None, run_after=None
[2026-03-10T12:03:50.392+0000] {processor.py:183} INFO - Processing /home/cloud/codings/airflow/dags/4_dag_PUSH_Updated_YML_To_Cortex.py took 0.097 seconds
[2026-03-10T12:04:21.011+0000] {processor.py:161} INFO - Started process (PID=461074) to work on /home/cloud/codings/airflow/dags/4_dag_PUSH_Updated_YML_To_Cortex.py
[2026-03-10T12:04:21.016+0000] {processor.py:830} INFO - Processing file /home/cloud/codings/airflow/dags/4_dag_PUSH_Updated_YML_To_Cortex.py for tasks to queue
[2026-03-10T12:04:21.017+0000] {logging_mixin.py:188} INFO - [2026-03-10T12:04:21.016+0000] {dagbag.py:545} INFO - Filling up the DagBag from /home/cloud/codings/airflow/dags/4_dag_PUSH_Updated_YML_To_Cortex.py
[2026-03-10T12:04:21.038+0000] {processor.py:840} INFO - DAG(s) '4_dag_PUSH_Updated_YML_To_Cortex' retrieved from /home/cloud/codings/airflow/dags/4_dag_PUSH_Updated_YML_To_Cortex.py
[2026-03-10T12:04:21.049+0000] {logging_mixin.py:188} INFO - [2026-03-10T12:04:21.049+0000] {dag.py:3089} INFO - Sync 1 DAGs
[2026-03-10T12:04:21.059+0000] {logging_mixin.py:188} INFO - [2026-03-10T12:04:21.059+0000] {dag.py:3947} INFO - Setting next_dagrun for 4_dag_PUSH_Updated_YML_To_Cortex to None, run_after=None
[2026-03-10T12:04:21.082+0000] {processor.py:183} INFO - Processing /home/cloud/codings/airflow/dags/4_dag_PUSH_Updated_YML_To_Cortex.py took 0.079 seconds
[2026-03-10T12:04:51.194+0000] {processor.py:161} INFO - Started process (PID=461386) to work on /home/cloud/codings/airflow/dags/4_dag_PUSH_Updated_YML_To_Cortex.py
[2026-03-10T12:04:51.200+0000] {processor.py:830} INFO - Processing file /home/cloud/codings/airflow/dags/4_dag_PUSH_Updated_YML_To_Cortex.py for tasks to queue
[2026-03-10T12:04:51.202+0000] {logging_mixin.py:188} INFO - [2026-03-10T12:04:51.201+0000] {dagbag.py:545} INFO - Filling up the DagBag from /home/cloud/codings/airflow/dags/4_dag_PUSH_Updated_YML_To_Cortex.py
[2026-03-10T12:04:51.245+0000] {processor.py:840} INFO - DAG(s) '4_dag_PUSH_Updated_YML_To_Cortex' retrieved from /home/cloud/codings/airflow/dags/4_dag_PUSH_Updated_YML_To_Cortex.py
[2026-03-10T12:04:51.289+0000] {logging_mixin.py:188} INFO - [2026-03-10T12:04:51.289+0000] {dag.py:3089} INFO - Sync 1 DAGs
[2026-03-10T12:04:51.323+0000] {logging_mixin.py:188} INFO - [2026-03-10T12:04:51.322+0000] {dag.py:3947} INFO - Setting next_dagrun for 4_dag_PUSH_Updated_YML_To_Cortex to None, run_after=None
[2026-03-10T12:04:51.373+0000] {processor.py:183} INFO - Processing /home/cloud/codings/airflow/dags/4_dag_PUSH_Updated_YML_To_Cortex.py took 0.190 seconds
[2026-03-10T12:05:21.430+0000] {processor.py:161} INFO - Started process (PID=461757) to work on /home/cloud/codings/airflow/dags/4_dag_PUSH_Updated_YML_To_Cortex.py
[2026-03-10T12:05:21.432+0000] {processor.py:830} INFO - Processing file /home/cloud/codings/airflow/dags/4_dag_PUSH_Updated_YML_To_Cortex.py for tasks to queue
[2026-03-10T12:05:21.433+0000] {logging_mixin.py:188} INFO - [2026-03-10T12:05:21.433+0000] {dagbag.py:545} INFO - Filling up the DagBag from /home/cloud/codings/airflow/dags/4_dag_PUSH_Updated_YML_To_Cortex.py
[2026-03-10T12:05:21.461+0000] {processor.py:840} INFO - DAG(s) '4_dag_PUSH_Updated_YML_To_Cortex' retrieved from /home/cloud/codings/airflow/dags/4_dag_PUSH_Updated_YML_To_Cortex.py
[2026-03-10T12:05:21.482+0000] {logging_mixin.py:188} INFO - [2026-03-10T12:05:21.481+0000] {dag.py:3089} INFO - Sync 1 DAGs
[2026-03-10T12:05:21.502+0000] {logging_mixin.py:188} INFO - [2026-03-10T12:05:21.502+0000] {dag.py:3947} INFO - Setting next_dagrun for 4_dag_PUSH_Updated_YML_To_Cortex to None, run_after=None
[2026-03-10T12:05:21.531+0000] {processor.py:183} INFO - Processing /home/cloud/codings/airflow/dags/4_dag_PUSH_Updated_YML_To_Cortex.py took 0.109 seconds
[2026-03-10T12:05:52.067+0000] {processor.py:161} INFO - Started process (PID=462167) to work on /home/cloud/codings/airflow/dags/4_dag_PUSH_Updated_YML_To_Cortex.py
[2026-03-10T12:05:52.069+0000] {processor.py:830} INFO - Processing file /home/cloud/codings/airflow/dags/4_dag_PUSH_Updated_YML_To_Cortex.py for tasks to queue
[2026-03-10T12:05:52.070+0000] {logging_mixin.py:188} INFO - [2026-03-10T12:05:52.069+0000] {dagbag.py:545} INFO - Filling up the DagBag from /home/cloud/codings/airflow/dags/4_dag_PUSH_Updated_YML_To_Cortex.py
[2026-03-10T12:05:52.094+0000] {processor.py:840} INFO - DAG(s) '4_dag_PUSH_Updated_YML_To_Cortex' retrieved from /home/cloud/codings/airflow/dags/4_dag_PUSH_Updated_YML_To_Cortex.py
[2026-03-10T12:05:52.110+0000] {logging_mixin.py:188} INFO - [2026-03-10T12:05:52.110+0000] {dag.py:3089} INFO - Sync 1 DAGs
[2026-03-10T12:05:52.124+0000] {logging_mixin.py:188} INFO - [2026-03-10T12:05:52.123+0000] {dag.py:3947} INFO - Setting next_dagrun for 4_dag_PUSH_Updated_YML_To_Cortex to None, run_after=None
[2026-03-10T12:05:52.144+0000] {processor.py:183} INFO - Processing /home/cloud/codings/airflow/dags/4_dag_PUSH_Updated_YML_To_Cortex.py took 0.083 seconds
[2026-03-10T12:06:22.404+0000] {processor.py:161} INFO - Started process (PID=462375) to work on /home/cloud/codings/airflow/dags/4_dag_PUSH_Updated_YML_To_Cortex.py
[2026-03-10T12:06:22.410+0000] {processor.py:830} INFO - Processing file /home/cloud/codings/airflow/dags/4_dag_PUSH_Updated_YML_To_Cortex.py for tasks to queue
[2026-03-10T12:06:22.411+0000] {logging_mixin.py:188} INFO - [2026-03-10T12:06:22.411+0000] {dagbag.py:545} INFO - Filling up the DagBag from /home/cloud/codings/airflow/dags/4_dag_PUSH_Updated_YML_To_Cortex.py
[2026-03-10T12:06:22.450+0000] {processor.py:840} INFO - DAG(s) '4_dag_PUSH_Updated_YML_To_Cortex' retrieved from /home/cloud/codings/airflow/dags/4_dag_PUSH_Updated_YML_To_Cortex.py
[2026-03-10T12:06:22.477+0000] {logging_mixin.py:188} INFO - [2026-03-10T12:06:22.477+0000] {dag.py:3089} INFO - Sync 1 DAGs
[2026-03-10T12:06:22.503+0000] {logging_mixin.py:188} INFO - [2026-03-10T12:06:22.502+0000] {dag.py:3947} INFO - Setting next_dagrun for 4_dag_PUSH_Updated_YML_To_Cortex to None, run_after=None
[2026-03-10T12:06:22.536+0000] {processor.py:183} INFO - Processing /home/cloud/codings/airflow/dags/4_dag_PUSH_Updated_YML_To_Cortex.py took 0.141 seconds
[2026-03-10T12:06:52.789+0000] {processor.py:161} INFO - Started process (PID=462654) to work on /home/cloud/codings/airflow/dags/4_dag_PUSH_Updated_YML_To_Cortex.py
[2026-03-10T12:06:52.790+0000] {processor.py:830} INFO - Processing file /home/cloud/codings/airflow/dags/4_dag_PUSH_Updated_YML_To_Cortex.py for tasks to queue
[2026-03-10T12:06:52.791+0000] {logging_mixin.py:188} INFO - [2026-03-10T12:06:52.790+0000] {dagbag.py:545} INFO - Filling up the DagBag from /home/cloud/codings/airflow/dags/4_dag_PUSH_Updated_YML_To_Cortex.py
[2026-03-10T12:06:52.835+0000] {processor.py:840} INFO - DAG(s) '4_dag_PUSH_Updated_YML_To_Cortex' retrieved from /home/cloud/codings/airflow/dags/4_dag_PUSH_Updated_YML_To_Cortex.py
[2026-03-10T12:06:52.849+0000] {logging_mixin.py:188} INFO - [2026-03-10T12:06:52.849+0000] {dag.py:3089} INFO - Sync 1 DAGs
[2026-03-10T12:06:52.859+0000] {logging_mixin.py:188} INFO - [2026-03-10T12:06:52.859+0000] {dag.py:3947} INFO - Setting next_dagrun for 4_dag_PUSH_Updated_YML_To_Cortex to None, run_after=None
[2026-03-10T12:06:52.881+0000] {processor.py:183} INFO - Processing /home/cloud/codings/airflow/dags/4_dag_PUSH_Updated_YML_To_Cortex.py took 0.097 seconds
[2026-03-10T12:07:23.119+0000] {processor.py:161} INFO - Started process (PID=462929) to work on /home/cloud/codings/airflow/dags/4_dag_PUSH_Updated_YML_To_Cortex.py
[2026-03-10T12:07:23.126+0000] {processor.py:830} INFO - Processing file /home/cloud/codings/airflow/dags/4_dag_PUSH_Updated_YML_To_Cortex.py for tasks to queue
[2026-03-10T12:07:23.128+0000] {logging_mixin.py:188} INFO - [2026-03-10T12:07:23.127+0000] {dagbag.py:545} INFO - Filling up the DagBag from /home/cloud/codings/airflow/dags/4_dag_PUSH_Updated_YML_To_Cortex.py
[2026-03-10T12:07:23.150+0000] {processor.py:840} INFO - DAG(s) '4_dag_PUSH_Updated_YML_To_Cortex' retrieved from /home/cloud/codings/airflow/dags/4_dag_PUSH_Updated_YML_To_Cortex.py
[2026-03-10T12:07:23.168+0000] {logging_mixin.py:188} INFO - [2026-03-10T12:07:23.168+0000] {dag.py:3089} INFO - Sync 1 DAGs
[2026-03-10T12:07:23.183+0000] {logging_mixin.py:188} INFO - [2026-03-10T12:07:23.183+0000] {dag.py:3947} INFO - Setting next_dagrun for 4_dag_PUSH_Updated_YML_To_Cortex to None, run_after=None
[2026-03-10T12:07:23.215+0000] {processor.py:183} INFO - Processing /home/cloud/codings/airflow/dags/4_dag_PUSH_Updated_YML_To_Cortex.py took 0.113 seconds
[2026-03-10T12:07:53.369+0000] {processor.py:161} INFO - Started process (PID=463230) to work on /home/cloud/codings/airflow/dags/4_dag_PUSH_Updated_YML_To_Cortex.py
[2026-03-10T12:07:53.374+0000] {processor.py:830} INFO - Processing file /home/cloud/codings/airflow/dags/4_dag_PUSH_Updated_YML_To_Cortex.py for tasks to queue
[2026-03-10T12:07:53.375+0000] {logging_mixin.py:188} INFO - [2026-03-10T12:07:53.375+0000] {dagbag.py:545} INFO - Filling up the DagBag from /home/cloud/codings/airflow/dags/4_dag_PUSH_Updated_YML_To_Cortex.py
[2026-03-10T12:07:53.398+0000] {processor.py:840} INFO - DAG(s) '4_dag_PUSH_Updated_YML_To_Cortex' retrieved from /home/cloud/codings/airflow/dags/4_dag_PUSH_Updated_YML_To_Cortex.py
[2026-03-10T12:07:53.414+0000] {logging_mixin.py:188} INFO - [2026-03-10T12:07:53.414+0000] {dag.py:3089} INFO - Sync 1 DAGs
[2026-03-10T12:07:53.427+0000] {logging_mixin.py:188} INFO - [2026-03-10T12:07:53.427+0000] {dag.py:3947} INFO - Setting next_dagrun for 4_dag_PUSH_Updated_YML_To_Cortex to None, run_after=None
[2026-03-10T12:07:53.455+0000] {processor.py:183} INFO - Processing /home/cloud/codings/airflow/dags/4_dag_PUSH_Updated_YML_To_Cortex.py took 0.094 seconds
[2026-03-10T12:08:23.554+0000] {processor.py:161} INFO - Started process (PID=463477) to work on /home/cloud/codings/airflow/dags/4_dag_PUSH_Updated_YML_To_Cortex.py
[2026-03-10T12:08:23.557+0000] {processor.py:830} INFO - Processing file /home/cloud/codings/airflow/dags/4_dag_PUSH_Updated_YML_To_Cortex.py for tasks to queue
[2026-03-10T12:08:23.559+0000] {logging_mixin.py:188} INFO - [2026-03-10T12:08:23.558+0000] {dagbag.py:545} INFO - Filling up the DagBag from /home/cloud/codings/airflow/dags/4_dag_PUSH_Updated_YML_To_Cortex.py
[2026-03-10T12:08:23.617+0000] {processor.py:840} INFO - DAG(s) '4_dag_PUSH_Updated_YML_To_Cortex' retrieved from /home/cloud/codings/airflow/dags/4_dag_PUSH_Updated_YML_To_Cortex.py
[2026-03-10T12:08:23.649+0000] {logging_mixin.py:188} INFO - [2026-03-10T12:08:23.649+0000] {dag.py:3089} INFO - Sync 1 DAGs
[2026-03-10T12:08:23.676+0000] {logging_mixin.py:188} INFO - [2026-03-10T12:08:23.675+0000] {dag.py:3947} INFO - Setting next_dagrun for 4_dag_PUSH_Updated_YML_To_Cortex to None, run_after=None
[2026-03-10T12:08:23.713+0000] {processor.py:183} INFO - Processing /home/cloud/codings/airflow/dags/4_dag_PUSH_Updated_YML_To_Cortex.py took 0.174 seconds
[2026-03-10T12:08:53.859+0000] {processor.py:161} INFO - Started process (PID=463750) to work on /home/cloud/codings/airflow/dags/4_dag_PUSH_Updated_YML_To_Cortex.py
[2026-03-10T12:08:53.861+0000] {processor.py:830} INFO - Processing file /home/cloud/codings/airflow/dags/4_dag_PUSH_Updated_YML_To_Cortex.py for tasks to queue
[2026-03-10T12:08:53.863+0000] {logging_mixin.py:188} INFO - [2026-03-10T12:08:53.863+0000] {dagbag.py:545} INFO - Filling up the DagBag from /home/cloud/codings/airflow/dags/4_dag_PUSH_Updated_YML_To_Cortex.py
[2026-03-10T12:08:53.961+0000] {processor.py:840} INFO - DAG(s) '4_dag_PUSH_Updated_YML_To_Cortex' retrieved from /home/cloud/codings/airflow/dags/4_dag_PUSH_Updated_YML_To_Cortex.py
[2026-03-10T12:08:53.999+0000] {logging_mixin.py:188} INFO - [2026-03-10T12:08:53.998+0000] {dag.py:3089} INFO - Sync 1 DAGs
[2026-03-10T12:08:54.029+0000] {logging_mixin.py:188} INFO - [2026-03-10T12:08:54.029+0000] {dag.py:3947} INFO - Setting next_dagrun for 4_dag_PUSH_Updated_YML_To_Cortex to None, run_after=None
[2026-03-10T12:08:54.078+0000] {processor.py:183} INFO - Processing /home/cloud/codings/airflow/dags/4_dag_PUSH_Updated_YML_To_Cortex.py took 0.236 seconds
[2026-03-10T12:09:24.251+0000] {processor.py:161} INFO - Started process (PID=464053) to work on /home/cloud/codings/airflow/dags/4_dag_PUSH_Updated_YML_To_Cortex.py
[2026-03-10T12:09:24.256+0000] {processor.py:830} INFO - Processing file /home/cloud/codings/airflow/dags/4_dag_PUSH_Updated_YML_To_Cortex.py for tasks to queue
[2026-03-10T12:09:24.258+0000] {logging_mixin.py:188} INFO - [2026-03-10T12:09:24.257+0000] {dagbag.py:545} INFO - Filling up the DagBag from /home/cloud/codings/airflow/dags/4_dag_PUSH_Updated_YML_To_Cortex.py
[2026-03-10T12:09:24.288+0000] {processor.py:840} INFO - DAG(s) '4_dag_PUSH_Updated_YML_To_Cortex' retrieved from /home/cloud/codings/airflow/dags/4_dag_PUSH_Updated_YML_To_Cortex.py
[2026-03-10T12:09:24.307+0000] {logging_mixin.py:188} INFO - [2026-03-10T12:09:24.307+0000] {dag.py:3089} INFO - Sync 1 DAGs
[2026-03-10T12:09:24.324+0000] {logging_mixin.py:188} INFO - [2026-03-10T12:09:24.324+0000] {dag.py:3947} INFO - Setting next_dagrun for 4_dag_PUSH_Updated_YML_To_Cortex to None, run_after=None
[2026-03-10T12:09:24.353+0000] {processor.py:183} INFO - Processing /home/cloud/codings/airflow/dags/4_dag_PUSH_Updated_YML_To_Cortex.py took 0.111 seconds
[2026-03-10T12:09:54.552+0000] {processor.py:161} INFO - Started process (PID=464315) to work on /home/cloud/codings/airflow/dags/4_dag_PUSH_Updated_YML_To_Cortex.py
[2026-03-10T12:09:54.554+0000] {processor.py:830} INFO - Processing file /home/cloud/codings/airflow/dags/4_dag_PUSH_Updated_YML_To_Cortex.py for tasks to queue
[2026-03-10T12:09:54.556+0000] {logging_mixin.py:188} INFO - [2026-03-10T12:09:54.555+0000] {dagbag.py:545} INFO - Filling up the DagBag from /home/cloud/codings/airflow/dags/4_dag_PUSH_Updated_YML_To_Cortex.py
[2026-03-10T12:09:54.582+0000] {processor.py:840} INFO - DAG(s) '4_dag_PUSH_Updated_YML_To_Cortex' retrieved from /home/cloud/codings/airflow/dags/4_dag_PUSH_Updated_YML_To_Cortex.py
[2026-03-10T12:09:54.597+0000] {logging_mixin.py:188} INFO - [2026-03-10T12:09:54.597+0000] {dag.py:3089} INFO - Sync 1 DAGs
[2026-03-10T12:09:54.612+0000] {logging_mixin.py:188} INFO - [2026-03-10T12:09:54.612+0000] {dag.py:3947} INFO - Setting next_dagrun for 4_dag_PUSH_Updated_YML_To_Cortex to None, run_after=None
[2026-03-10T12:09:54.637+0000] {processor.py:183} INFO - Processing /home/cloud/codings/airflow/dags/4_dag_PUSH_Updated_YML_To_Cortex.py took 0.098 seconds
[2026-03-10T12:10:25.237+0000] {processor.py:161} INFO - Started process (PID=464600) to work on /home/cloud/codings/airflow/dags/4_dag_PUSH_Updated_YML_To_Cortex.py
[2026-03-10T12:10:25.239+0000] {processor.py:830} INFO - Processing file /home/cloud/codings/airflow/dags/4_dag_PUSH_Updated_YML_To_Cortex.py for tasks to queue
[2026-03-10T12:10:25.241+0000] {logging_mixin.py:188} INFO - [2026-03-10T12:10:25.240+0000] {dagbag.py:545} INFO - Filling up the DagBag from /home/cloud/codings/airflow/dags/4_dag_PUSH_Updated_YML_To_Cortex.py
[2026-03-10T12:10:25.264+0000] {processor.py:840} INFO - DAG(s) '4_dag_PUSH_Updated_YML_To_Cortex' retrieved from /home/cloud/codings/airflow/dags/4_dag_PUSH_Updated_YML_To_Cortex.py
[2026-03-10T12:10:25.278+0000] {logging_mixin.py:188} INFO - [2026-03-10T12:10:25.278+0000] {dag.py:3089} INFO - Sync 1 DAGs
[2026-03-10T12:10:25.290+0000] {logging_mixin.py:188} INFO - [2026-03-10T12:10:25.290+0000] {dag.py:3947} INFO - Setting next_dagrun for 4_dag_PUSH_Updated_YML_To_Cortex to None, run_after=None
[2026-03-10T12:10:25.315+0000] {processor.py:183} INFO - Processing /home/cloud/codings/airflow/dags/4_dag_PUSH_Updated_YML_To_Cortex.py took 0.090 seconds
[2026-03-10T12:10:55.350+0000] {processor.py:161} INFO - Started process (PID=464922) to work on /home/cloud/codings/airflow/dags/4_dag_PUSH_Updated_YML_To_Cortex.py
[2026-03-10T12:10:55.352+0000] {processor.py:830} INFO - Processing file /home/cloud/codings/airflow/dags/4_dag_PUSH_Updated_YML_To_Cortex.py for tasks to queue
[2026-03-10T12:10:55.354+0000] {logging_mixin.py:188} INFO - [2026-03-10T12:10:55.353+0000] {dagbag.py:545} INFO - Filling up the DagBag from /home/cloud/codings/airflow/dags/4_dag_PUSH_Updated_YML_To_Cortex.py
[2026-03-10T12:10:55.385+0000] {processor.py:840} INFO - DAG(s) '4_dag_PUSH_Updated_YML_To_Cortex' retrieved from /home/cloud/codings/airflow/dags/4_dag_PUSH_Updated_YML_To_Cortex.py
[2026-03-10T12:10:55.403+0000] {logging_mixin.py:188} INFO - [2026-03-10T12:10:55.402+0000] {dag.py:3089} INFO - Sync 1 DAGs
[2026-03-10T12:10:55.421+0000] {logging_mixin.py:188} INFO - [2026-03-10T12:10:55.421+0000] {dag.py:3947} INFO - Setting next_dagrun for 4_dag_PUSH_Updated_YML_To_Cortex to None, run_after=None
[2026-03-10T12:10:55.450+0000] {processor.py:183} INFO - Processing /home/cloud/codings/airflow/dags/4_dag_PUSH_Updated_YML_To_Cortex.py took 0.108 seconds
[2026-03-10T12:11:27.164+0000] {processor.py:161} INFO - Started process (PID=465379) to work on /home/cloud/codings/airflow/dags/4_dag_PUSH_Updated_YML_To_Cortex.py
[2026-03-10T12:11:27.168+0000] {processor.py:830} INFO - Processing file /home/cloud/codings/airflow/dags/4_dag_PUSH_Updated_YML_To_Cortex.py for tasks to queue
[2026-03-10T12:11:27.170+0000] {logging_mixin.py:188} INFO - [2026-03-10T12:11:27.169+0000] {dagbag.py:545} INFO - Filling up the DagBag from /home/cloud/codings/airflow/dags/4_dag_PUSH_Updated_YML_To_Cortex.py
[2026-03-10T12:11:27.198+0000] {processor.py:840} INFO - DAG(s) '4_dag_PUSH_Updated_YML_To_Cortex' retrieved from /home/cloud/codings/airflow/dags/4_dag_PUSH_Updated_YML_To_Cortex.py
[2026-03-10T12:11:27.218+0000] {logging_mixin.py:188} INFO - [2026-03-10T12:11:27.218+0000] {dag.py:3089} INFO - Sync 1 DAGs
[2026-03-10T12:11:27.236+0000] {logging_mixin.py:188} INFO - [2026-03-10T12:11:27.235+0000] {dag.py:3947} INFO - Setting next_dagrun for 4_dag_PUSH_Updated_YML_To_Cortex to None, run_after=None
[2026-03-10T12:11:27.263+0000] {processor.py:183} INFO - Processing /home/cloud/codings/airflow/dags/4_dag_PUSH_Updated_YML_To_Cortex.py took 0.106 seconds
[2026-03-10T12:11:58.524+0000] {processor.py:161} INFO - Started process (PID=465511) to work on /home/cloud/codings/airflow/dags/4_dag_PUSH_Updated_YML_To_Cortex.py
[2026-03-10T12:11:58.526+0000] {processor.py:830} INFO - Processing file /home/cloud/codings/airflow/dags/4_dag_PUSH_Updated_YML_To_Cortex.py for tasks to queue
[2026-03-10T12:11:58.527+0000] {logging_mixin.py:188} INFO - [2026-03-10T12:11:58.527+0000] {dagbag.py:545} INFO - Filling up the DagBag from /home/cloud/codings/airflow/dags/4_dag_PUSH_Updated_YML_To_Cortex.py
[2026-03-10T12:11:58.546+0000] {processor.py:840} INFO - DAG(s) '4_dag_PUSH_Updated_YML_To_Cortex' retrieved from /home/cloud/codings/airflow/dags/4_dag_PUSH_Updated_YML_To_Cortex.py
[2026-03-10T12:11:58.560+0000] {logging_mixin.py:188} INFO - [2026-03-10T12:11:58.560+0000] {dag.py:3089} INFO - Sync 1 DAGs
[2026-03-10T12:11:58.573+0000] {logging_mixin.py:188} INFO - [2026-03-10T12:11:58.572+0000] {dag.py:3947} INFO - Setting next_dagrun for 4_dag_PUSH_Updated_YML_To_Cortex to None, run_after=None
[2026-03-10T12:11:58.598+0000] {processor.py:183} INFO - Processing /home/cloud/codings/airflow/dags/4_dag_PUSH_Updated_YML_To_Cortex.py took 0.079 seconds
[2026-03-10T12:12:29.215+0000] {processor.py:161} INFO - Started process (PID=465609) to work on /home/cloud/codings/airflow/dags/4_dag_PUSH_Updated_YML_To_Cortex.py
[2026-03-10T12:12:29.217+0000] {processor.py:830} INFO - Processing file /home/cloud/codings/airflow/dags/4_dag_PUSH_Updated_YML_To_Cortex.py for tasks to queue
[2026-03-10T12:12:29.218+0000] {logging_mixin.py:188} INFO - [2026-03-10T12:12:29.217+0000] {dagbag.py:545} INFO - Filling up the DagBag from /home/cloud/codings/airflow/dags/4_dag_PUSH_Updated_YML_To_Cortex.py
[2026-03-10T12:12:29.242+0000] {processor.py:840} INFO - DAG(s) '4_dag_PUSH_Updated_YML_To_Cortex' retrieved from /home/cloud/codings/airflow/dags/4_dag_PUSH_Updated_YML_To_Cortex.py
[2026-03-10T12:12:29.258+0000] {logging_mixin.py:188} INFO - [2026-03-10T12:12:29.258+0000] {dag.py:3089} INFO - Sync 1 DAGs
[2026-03-10T12:12:29.273+0000] {logging_mixin.py:188} INFO - [2026-03-10T12:12:29.273+0000] {dag.py:3947} INFO - Setting next_dagrun for 4_dag_PUSH_Updated_YML_To_Cortex to None, run_after=None
[2026-03-10T12:12:29.305+0000] {processor.py:183} INFO - Processing /home/cloud/codings/airflow/dags/4_dag_PUSH_Updated_YML_To_Cortex.py took 0.096 seconds
[2026-03-10T12:12:59.789+0000] {processor.py:161} INFO - Started process (PID=465715) to work on /home/cloud/codings/airflow/dags/4_dag_PUSH_Updated_YML_To_Cortex.py
[2026-03-10T12:12:59.791+0000] {processor.py:830} INFO - Processing file /home/cloud/codings/airflow/dags/4_dag_PUSH_Updated_YML_To_Cortex.py for tasks to queue
[2026-03-10T12:12:59.792+0000] {logging_mixin.py:188} INFO - [2026-03-10T12:12:59.792+0000] {dagbag.py:545} INFO - Filling up the DagBag from /home/cloud/codings/airflow/dags/4_dag_PUSH_Updated_YML_To_Cortex.py
[2026-03-10T12:12:59.815+0000] {processor.py:840} INFO - DAG(s) '4_dag_PUSH_Updated_YML_To_Cortex' retrieved from /home/cloud/codings/airflow/dags/4_dag_PUSH_Updated_YML_To_Cortex.py
[2026-03-10T12:12:59.832+0000] {logging_mixin.py:188} INFO - [2026-03-10T12:12:59.832+0000] {dag.py:3089} INFO - Sync 1 DAGs
[2026-03-10T12:12:59.845+0000] {logging_mixin.py:188} INFO - [2026-03-10T12:12:59.845+0000] {dag.py:3947} INFO - Setting next_dagrun for 4_dag_PUSH_Updated_YML_To_Cortex to None, run_after=None
[2026-03-10T12:12:59.868+0000] {processor.py:183} INFO - Processing /home/cloud/codings/airflow/dags/4_dag_PUSH_Updated_YML_To_Cortex.py took 0.085 seconds
[2026-03-10T12:13:30.385+0000] {processor.py:161} INFO - Started process (PID=465919) to work on /home/cloud/codings/airflow/dags/4_dag_PUSH_Updated_YML_To_Cortex.py
[2026-03-10T12:13:30.389+0000] {processor.py:830} INFO - Processing file /home/cloud/codings/airflow/dags/4_dag_PUSH_Updated_YML_To_Cortex.py for tasks to queue
[2026-03-10T12:13:30.390+0000] {logging_mixin.py:188} INFO - [2026-03-10T12:13:30.389+0000] {dagbag.py:545} INFO - Filling up the DagBag from /home/cloud/codings/airflow/dags/4_dag_PUSH_Updated_YML_To_Cortex.py
[2026-03-10T12:13:30.420+0000] {processor.py:840} INFO - DAG(s) '4_dag_PUSH_Updated_YML_To_Cortex' retrieved from /home/cloud/codings/airflow/dags/4_dag_PUSH_Updated_YML_To_Cortex.py
[2026-03-10T12:13:30.434+0000] {logging_mixin.py:188} INFO - [2026-03-10T12:13:30.434+0000] {dag.py:3089} INFO - Sync 1 DAGs
[2026-03-10T12:13:30.446+0000] {logging_mixin.py:188} INFO - [2026-03-10T12:13:30.446+0000] {dag.py:3947} INFO - Setting next_dagrun for 4_dag_PUSH_Updated_YML_To_Cortex to None, run_after=None
[2026-03-10T12:13:30.468+0000] {processor.py:183} INFO - Processing /home/cloud/codings/airflow/dags/4_dag_PUSH_Updated_YML_To_Cortex.py took 0.090 seconds
[2026-03-10T12:14:01.197+0000] {processor.py:161} INFO - Started process (PID=466025) to work on /home/cloud/codings/airflow/dags/4_dag_PUSH_Updated_YML_To_Cortex.py
[2026-03-10T12:14:01.199+0000] {processor.py:830} INFO - Processing file /home/cloud/codings/airflow/dags/4_dag_PUSH_Updated_YML_To_Cortex.py for tasks to queue
[2026-03-10T12:14:01.200+0000] {logging_mixin.py:188} INFO - [2026-03-10T12:14:01.199+0000] {dagbag.py:545} INFO - Filling up the DagBag from /home/cloud/codings/airflow/dags/4_dag_PUSH_Updated_YML_To_Cortex.py
[2026-03-10T12:14:01.227+0000] {processor.py:840} INFO - DAG(s) '4_dag_PUSH_Updated_YML_To_Cortex' retrieved from /home/cloud/codings/airflow/dags/4_dag_PUSH_Updated_YML_To_Cortex.py
[2026-03-10T12:14:01.263+0000] {logging_mixin.py:188} INFO - [2026-03-10T12:14:01.263+0000] {dag.py:3089} INFO - Sync 1 DAGs
[2026-03-10T12:14:01.285+0000] {logging_mixin.py:188} INFO - [2026-03-10T12:14:01.285+0000] {dag.py:3947} INFO - Setting next_dagrun for 4_dag_PUSH_Updated_YML_To_Cortex to None, run_after=None
[2026-03-10T12:14:01.315+0000] {processor.py:183} INFO - Processing /home/cloud/codings/airflow/dags/4_dag_PUSH_Updated_YML_To_Cortex.py took 0.126 seconds
[2026-03-10T12:14:31.744+0000] {processor.py:161} INFO - Started process (PID=466153) to work on /home/cloud/codings/airflow/dags/4_dag_PUSH_Updated_YML_To_Cortex.py
[2026-03-10T12:14:31.750+0000] {processor.py:830} INFO - Processing file /home/cloud/codings/airflow/dags/4_dag_PUSH_Updated_YML_To_Cortex.py for tasks to queue
[2026-03-10T12:14:31.752+0000] {logging_mixin.py:188} INFO - [2026-03-10T12:14:31.751+0000] {dagbag.py:545} INFO - Filling up the DagBag from /home/cloud/codings/airflow/dags/4_dag_PUSH_Updated_YML_To_Cortex.py
[2026-03-10T12:14:31.771+0000] {processor.py:840} INFO - DAG(s) '4_dag_PUSH_Updated_YML_To_Cortex' retrieved from /home/cloud/codings/airflow/dags/4_dag_PUSH_Updated_YML_To_Cortex.py
[2026-03-10T12:14:31.783+0000] {logging_mixin.py:188} INFO - [2026-03-10T12:14:31.782+0000] {dag.py:3089} INFO - Sync 1 DAGs
[2026-03-10T12:14:31.793+0000] {logging_mixin.py:188} INFO - [2026-03-10T12:14:31.793+0000] {dag.py:3947} INFO - Setting next_dagrun for 4_dag_PUSH_Updated_YML_To_Cortex to None, run_after=None
[2026-03-10T12:14:31.818+0000] {processor.py:183} INFO - Processing /home/cloud/codings/airflow/dags/4_dag_PUSH_Updated_YML_To_Cortex.py took 0.079 seconds
[2026-03-10T12:15:02.406+0000] {processor.py:161} INFO - Started process (PID=466287) to work on /home/cloud/codings/airflow/dags/4_dag_PUSH_Updated_YML_To_Cortex.py
[2026-03-10T12:15:02.407+0000] {processor.py:830} INFO - Processing file /home/cloud/codings/airflow/dags/4_dag_PUSH_Updated_YML_To_Cortex.py for tasks to queue
[2026-03-10T12:15:02.408+0000] {logging_mixin.py:188} INFO - [2026-03-10T12:15:02.408+0000] {dagbag.py:545} INFO - Filling up the DagBag from /home/cloud/codings/airflow/dags/4_dag_PUSH_Updated_YML_To_Cortex.py
[2026-03-10T12:15:02.431+0000] {processor.py:840} INFO - DAG(s) '4_dag_PUSH_Updated_YML_To_Cortex' retrieved from /home/cloud/codings/airflow/dags/4_dag_PUSH_Updated_YML_To_Cortex.py
[2026-03-10T12:15:02.445+0000] {logging_mixin.py:188} INFO - [2026-03-10T12:15:02.445+0000] {dag.py:3089} INFO - Sync 1 DAGs
[2026-03-10T12:15:02.458+0000] {logging_mixin.py:188} INFO - [2026-03-10T12:15:02.458+0000] {dag.py:3947} INFO - Setting next_dagrun for 4_dag_PUSH_Updated_YML_To_Cortex to None, run_after=None
[2026-03-10T12:15:02.483+0000] {processor.py:183} INFO - Processing /home/cloud/codings/airflow/dags/4_dag_PUSH_Updated_YML_To_Cortex.py took 0.083 seconds
[2026-03-10T12:15:33.042+0000] {processor.py:161} INFO - Started process (PID=466544) to work on /home/cloud/codings/airflow/dags/4_dag_PUSH_Updated_YML_To_Cortex.py
[2026-03-10T12:15:33.048+0000] {processor.py:830} INFO - Processing file /home/cloud/codings/airflow/dags/4_dag_PUSH_Updated_YML_To_Cortex.py for tasks to queue
[2026-03-10T12:15:33.049+0000] {logging_mixin.py:188} INFO - [2026-03-10T12:15:33.048+0000] {dagbag.py:545} INFO - Filling up the DagBag from /home/cloud/codings/airflow/dags/4_dag_PUSH_Updated_YML_To_Cortex.py
[2026-03-10T12:15:33.072+0000] {processor.py:840} INFO - DAG(s) '4_dag_PUSH_Updated_YML_To_Cortex' retrieved from /home/cloud/codings/airflow/dags/4_dag_PUSH_Updated_YML_To_Cortex.py
[2026-03-10T12:15:33.085+0000] {logging_mixin.py:188} INFO - [2026-03-10T12:15:33.084+0000] {dag.py:3089} INFO - Sync 1 DAGs
[2026-03-10T12:15:33.095+0000] {logging_mixin.py:188} INFO - [2026-03-10T12:15:33.095+0000] {dag.py:3947} INFO - Setting next_dagrun for 4_dag_PUSH_Updated_YML_To_Cortex to None, run_after=None
[2026-03-10T12:15:33.117+0000] {processor.py:183} INFO - Processing /home/cloud/codings/airflow/dags/4_dag_PUSH_Updated_YML_To_Cortex.py took 0.086 seconds
[2026-03-10T12:16:04.617+0000] {processor.py:161} INFO - Started process (PID=466617) to work on /home/cloud/codings/airflow/dags/4_dag_PUSH_Updated_YML_To_Cortex.py
[2026-03-10T12:16:04.622+0000] {processor.py:830} INFO - Processing file /home/cloud/codings/airflow/dags/4_dag_PUSH_Updated_YML_To_Cortex.py for tasks to queue
[2026-03-10T12:16:04.623+0000] {logging_mixin.py:188} INFO - [2026-03-10T12:16:04.622+0000] {dagbag.py:545} INFO - Filling up the DagBag from /home/cloud/codings/airflow/dags/4_dag_PUSH_Updated_YML_To_Cortex.py
[2026-03-10T12:16:04.644+0000] {processor.py:840} INFO - DAG(s) '4_dag_PUSH_Updated_YML_To_Cortex' retrieved from /home/cloud/codings/airflow/dags/4_dag_PUSH_Updated_YML_To_Cortex.py
[2026-03-10T12:16:04.660+0000] {logging_mixin.py:188} INFO - [2026-03-10T12:16:04.660+0000] {dag.py:3089} INFO - Sync 1 DAGs
[2026-03-10T12:16:04.673+0000] {logging_mixin.py:188} INFO - [2026-03-10T12:16:04.673+0000] {dag.py:3947} INFO - Setting next_dagrun for 4_dag_PUSH_Updated_YML_To_Cortex to None, run_after=None
[2026-03-10T12:16:04.698+0000] {processor.py:183} INFO - Processing /home/cloud/codings/airflow/dags/4_dag_PUSH_Updated_YML_To_Cortex.py took 0.086 seconds
[2026-03-10T12:16:34.915+0000] {processor.py:161} INFO - Started process (PID=466750) to work on /home/cloud/codings/airflow/dags/4_dag_PUSH_Updated_YML_To_Cortex.py
[2026-03-10T12:16:34.918+0000] {processor.py:830} INFO - Processing file /home/cloud/codings/airflow/dags/4_dag_PUSH_Updated_YML_To_Cortex.py for tasks to queue
[2026-03-10T12:16:34.920+0000] {logging_mixin.py:188} INFO - [2026-03-10T12:16:34.920+0000] {dagbag.py:545} INFO - Filling up the DagBag from /home/cloud/codings/airflow/dags/4_dag_PUSH_Updated_YML_To_Cortex.py
[2026-03-10T12:16:34.945+0000] {processor.py:840} INFO - DAG(s) '4_dag_PUSH_Updated_YML_To_Cortex' retrieved from /home/cloud/codings/airflow/dags/4_dag_PUSH_Updated_YML_To_Cortex.py
[2026-03-10T12:16:34.965+0000] {logging_mixin.py:188} INFO - [2026-03-10T12:16:34.965+0000] {dag.py:3089} INFO - Sync 1 DAGs
[2026-03-10T12:16:34.980+0000] {logging_mixin.py:188} INFO - [2026-03-10T12:16:34.980+0000] {dag.py:3947} INFO - Setting next_dagrun for 4_dag_PUSH_Updated_YML_To_Cortex to None, run_after=None
[2026-03-10T12:16:35.009+0000] {processor.py:183} INFO - Processing /home/cloud/codings/airflow/dags/4_dag_PUSH_Updated_YML_To_Cortex.py took 0.099 seconds
[2026-03-10T12:17:05.675+0000] {processor.py:161} INFO - Started process (PID=466826) to work on /home/cloud/codings/airflow/dags/4_dag_PUSH_Updated_YML_To_Cortex.py
[2026-03-10T12:17:05.681+0000] {processor.py:830} INFO - Processing file /home/cloud/codings/airflow/dags/4_dag_PUSH_Updated_YML_To_Cortex.py for tasks to queue
[2026-03-10T12:17:05.682+0000] {logging_mixin.py:188} INFO - [2026-03-10T12:17:05.681+0000] {dagbag.py:545} INFO - Filling up the DagBag from /home/cloud/codings/airflow/dags/4_dag_PUSH_Updated_YML_To_Cortex.py
[2026-03-10T12:17:05.704+0000] {processor.py:840} INFO - DAG(s) '4_dag_PUSH_Updated_YML_To_Cortex' retrieved from /home/cloud/codings/airflow/dags/4_dag_PUSH_Updated_YML_To_Cortex.py
[2026-03-10T12:17:05.718+0000] {logging_mixin.py:188} INFO - [2026-03-10T12:17:05.717+0000] {dag.py:3089} INFO - Sync 1 DAGs
[2026-03-10T12:17:05.729+0000] {logging_mixin.py:188} INFO - [2026-03-10T12:17:05.728+0000] {dag.py:3947} INFO - Setting next_dagrun for 4_dag_PUSH_Updated_YML_To_Cortex to None, run_after=None
[2026-03-10T12:17:05.752+0000] {processor.py:183} INFO - Processing /home/cloud/codings/airflow/dags/4_dag_PUSH_Updated_YML_To_Cortex.py took 0.083 seconds
[2026-03-10T12:17:36.614+0000] {processor.py:161} INFO - Started process (PID=466989) to work on /home/cloud/codings/airflow/dags/4_dag_PUSH_Updated_YML_To_Cortex.py
[2026-03-10T12:17:36.619+0000] {processor.py:830} INFO - Processing file /home/cloud/codings/airflow/dags/4_dag_PUSH_Updated_YML_To_Cortex.py for tasks to queue
[2026-03-10T12:17:36.620+0000] {logging_mixin.py:188} INFO - [2026-03-10T12:17:36.619+0000] {dagbag.py:545} INFO - Filling up the DagBag from /home/cloud/codings/airflow/dags/4_dag_PUSH_Updated_YML_To_Cortex.py
[2026-03-10T12:17:36.650+0000] {processor.py:840} INFO - DAG(s) '4_dag_PUSH_Updated_YML_To_Cortex' retrieved from /home/cloud/codings/airflow/dags/4_dag_PUSH_Updated_YML_To_Cortex.py
[2026-03-10T12:17:36.671+0000] {logging_mixin.py:188} INFO - [2026-03-10T12:17:36.671+0000] {dag.py:3089} INFO - Sync 1 DAGs
[2026-03-10T12:17:36.688+0000] {logging_mixin.py:188} INFO - [2026-03-10T12:17:36.688+0000] {dag.py:3947} INFO - Setting next_dagrun for 4_dag_PUSH_Updated_YML_To_Cortex to None, run_after=None
[2026-03-10T12:17:36.726+0000] {processor.py:183} INFO - Processing /home/cloud/codings/airflow/dags/4_dag_PUSH_Updated_YML_To_Cortex.py took 0.119 seconds
[2026-03-10T12:18:07.450+0000] {processor.py:161} INFO - Started process (PID=467350) to work on /home/cloud/codings/airflow/dags/4_dag_PUSH_Updated_YML_To_Cortex.py
[2026-03-10T12:18:07.454+0000] {processor.py:830} INFO - Processing file /home/cloud/codings/airflow/dags/4_dag_PUSH_Updated_YML_To_Cortex.py for tasks to queue
[2026-03-10T12:18:07.456+0000] {logging_mixin.py:188} INFO - [2026-03-10T12:18:07.455+0000] {dagbag.py:545} INFO - Filling up the DagBag from /home/cloud/codings/airflow/dags/4_dag_PUSH_Updated_YML_To_Cortex.py
[2026-03-10T12:18:07.497+0000] {processor.py:840} INFO - DAG(s) '4_dag_PUSH_Updated_YML_To_Cortex' retrieved from /home/cloud/codings/airflow/dags/4_dag_PUSH_Updated_YML_To_Cortex.py
[2026-03-10T12:18:07.529+0000] {logging_mixin.py:188} INFO - [2026-03-10T12:18:07.528+0000] {dag.py:3089} INFO - Sync 1 DAGs
[2026-03-10T12:18:07.550+0000] {logging_mixin.py:188} INFO - [2026-03-10T12:18:07.550+0000] {dag.py:3947} INFO - Setting next_dagrun for 4_dag_PUSH_Updated_YML_To_Cortex to None, run_after=None
[2026-03-10T12:18:07.582+0000] {processor.py:183} INFO - Processing /home/cloud/codings/airflow/dags/4_dag_PUSH_Updated_YML_To_Cortex.py took 0.140 seconds
[2026-03-10T12:18:38.328+0000] {processor.py:161} INFO - Started process (PID=467637) to work on /home/cloud/codings/airflow/dags/4_dag_PUSH_Updated_YML_To_Cortex.py
[2026-03-10T12:18:38.330+0000] {processor.py:830} INFO - Processing file /home/cloud/codings/airflow/dags/4_dag_PUSH_Updated_YML_To_Cortex.py for tasks to queue
[2026-03-10T12:18:38.331+0000] {logging_mixin.py:188} INFO - [2026-03-10T12:18:38.330+0000] {dagbag.py:545} INFO - Filling up the DagBag from /home/cloud/codings/airflow/dags/4_dag_PUSH_Updated_YML_To_Cortex.py
[2026-03-10T12:18:38.355+0000] {processor.py:840} INFO - DAG(s) '4_dag_PUSH_Updated_YML_To_Cortex' retrieved from /home/cloud/codings/airflow/dags/4_dag_PUSH_Updated_YML_To_Cortex.py
[2026-03-10T12:18:38.369+0000] {logging_mixin.py:188} INFO - [2026-03-10T12:18:38.369+0000] {dag.py:3089} INFO - Sync 1 DAGs
[2026-03-10T12:18:38.384+0000] {logging_mixin.py:188} INFO - [2026-03-10T12:18:38.383+0000] {dag.py:3947} INFO - Setting next_dagrun for 4_dag_PUSH_Updated_YML_To_Cortex to None, run_after=None
[2026-03-10T12:18:38.414+0000] {processor.py:183} INFO - Processing /home/cloud/codings/airflow/dags/4_dag_PUSH_Updated_YML_To_Cortex.py took 0.093 seconds
[2026-03-10T12:19:09.283+0000] {processor.py:161} INFO - Started process (PID=467857) to work on /home/cloud/codings/airflow/dags/4_dag_PUSH_Updated_YML_To_Cortex.py
[2026-03-10T12:19:09.285+0000] {processor.py:830} INFO - Processing file /home/cloud/codings/airflow/dags/4_dag_PUSH_Updated_YML_To_Cortex.py for tasks to queue
[2026-03-10T12:19:09.287+0000] {logging_mixin.py:188} INFO - [2026-03-10T12:19:09.286+0000] {dagbag.py:545} INFO - Filling up the DagBag from /home/cloud/codings/airflow/dags/4_dag_PUSH_Updated_YML_To_Cortex.py
[2026-03-10T12:19:09.324+0000] {processor.py:840} INFO - DAG(s) '4_dag_PUSH_Updated_YML_To_Cortex' retrieved from /home/cloud/codings/airflow/dags/4_dag_PUSH_Updated_YML_To_Cortex.py
[2026-03-10T12:19:09.352+0000] {logging_mixin.py:188} INFO - [2026-03-10T12:19:09.351+0000] {dag.py:3089} INFO - Sync 1 DAGs
[2026-03-10T12:19:09.378+0000] {logging_mixin.py:188} INFO - [2026-03-10T12:19:09.378+0000] {dag.py:3947} INFO - Setting next_dagrun for 4_dag_PUSH_Updated_YML_To_Cortex to None, run_after=None
[2026-03-10T12:19:09.414+0000] {processor.py:183} INFO - Processing /home/cloud/codings/airflow/dags/4_dag_PUSH_Updated_YML_To_Cortex.py took 0.144 seconds
[2026-03-10T12:19:40.390+0000] {processor.py:161} INFO - Started process (PID=468140) to work on /home/cloud/codings/airflow/dags/4_dag_PUSH_Updated_YML_To_Cortex.py
[2026-03-10T12:19:40.395+0000] {processor.py:830} INFO - Processing file /home/cloud/codings/airflow/dags/4_dag_PUSH_Updated_YML_To_Cortex.py for tasks to queue
[2026-03-10T12:19:40.396+0000] {logging_mixin.py:188} INFO - [2026-03-10T12:19:40.396+0000] {dagbag.py:545} INFO - Filling up the DagBag from /home/cloud/codings/airflow/dags/4_dag_PUSH_Updated_YML_To_Cortex.py
[2026-03-10T12:19:40.426+0000] {processor.py:840} INFO - DAG(s) '4_dag_PUSH_Updated_YML_To_Cortex' retrieved from /home/cloud/codings/airflow/dags/4_dag_PUSH_Updated_YML_To_Cortex.py
[2026-03-10T12:19:40.452+0000] {logging_mixin.py:188} INFO - [2026-03-10T12:19:40.451+0000] {dag.py:3089} INFO - Sync 1 DAGs
[2026-03-10T12:19:40.472+0000] {logging_mixin.py:188} INFO - [2026-03-10T12:19:40.472+0000] {dag.py:3947} INFO - Setting next_dagrun for 4_dag_PUSH_Updated_YML_To_Cortex to None, run_after=None
[2026-03-10T12:19:40.506+0000] {processor.py:183} INFO - Processing /home/cloud/codings/airflow/dags/4_dag_PUSH_Updated_YML_To_Cortex.py took 0.122 seconds
[2026-03-10T12:20:10.935+0000] {processor.py:161} INFO - Started process (PID=468382) to work on /home/cloud/codings/airflow/dags/4_dag_PUSH_Updated_YML_To_Cortex.py
[2026-03-10T12:20:10.936+0000] {processor.py:830} INFO - Processing file /home/cloud/codings/airflow/dags/4_dag_PUSH_Updated_YML_To_Cortex.py for tasks to queue
[2026-03-10T12:20:10.937+0000] {logging_mixin.py:188} INFO - [2026-03-10T12:20:10.937+0000] {dagbag.py:545} INFO - Filling up the DagBag from /home/cloud/codings/airflow/dags/4_dag_PUSH_Updated_YML_To_Cortex.py
[2026-03-10T12:20:10.955+0000] {processor.py:840} INFO - DAG(s) '4_dag_PUSH_Updated_YML_To_Cortex' retrieved from /home/cloud/codings/airflow/dags/4_dag_PUSH_Updated_YML_To_Cortex.py
[2026-03-10T12:20:10.969+0000] {logging_mixin.py:188} INFO - [2026-03-10T12:20:10.969+0000] {dag.py:3089} INFO - Sync 1 DAGs
[2026-03-10T12:20:10.981+0000] {logging_mixin.py:188} INFO - [2026-03-10T12:20:10.981+0000] {dag.py:3947} INFO - Setting next_dagrun for 4_dag_PUSH_Updated_YML_To_Cortex to None, run_after=None
[2026-03-10T12:20:11.004+0000] {processor.py:183} INFO - Processing /home/cloud/codings/airflow/dags/4_dag_PUSH_Updated_YML_To_Cortex.py took 0.078 seconds
[2026-03-10T12:20:43.023+0000] {processor.py:161} INFO - Started process (PID=468698) to work on /home/cloud/codings/airflow/dags/4_dag_PUSH_Updated_YML_To_Cortex.py
[2026-03-10T12:20:43.027+0000] {processor.py:830} INFO - Processing file /home/cloud/codings/airflow/dags/4_dag_PUSH_Updated_YML_To_Cortex.py for tasks to queue
[2026-03-10T12:20:43.029+0000] {logging_mixin.py:188} INFO - [2026-03-10T12:20:43.028+0000] {dagbag.py:545} INFO - Filling up the DagBag from /home/cloud/codings/airflow/dags/4_dag_PUSH_Updated_YML_To_Cortex.py
[2026-03-10T12:20:43.055+0000] {processor.py:840} INFO - DAG(s) '4_dag_PUSH_Updated_YML_To_Cortex' retrieved from /home/cloud/codings/airflow/dags/4_dag_PUSH_Updated_YML_To_Cortex.py
[2026-03-10T12:20:43.074+0000] {logging_mixin.py:188} INFO - [2026-03-10T12:20:43.073+0000] {dag.py:3089} INFO - Sync 1 DAGs
[2026-03-10T12:20:43.090+0000] {logging_mixin.py:188} INFO - [2026-03-10T12:20:43.090+0000] {dag.py:3947} INFO - Setting next_dagrun for 4_dag_PUSH_Updated_YML_To_Cortex to None, run_after=None
[2026-03-10T12:20:43.120+0000] {processor.py:183} INFO - Processing /home/cloud/codings/airflow/dags/4_dag_PUSH_Updated_YML_To_Cortex.py took 0.104 seconds
[2026-03-10T12:21:14.159+0000] {processor.py:161} INFO - Started process (PID=468919) to work on /home/cloud/codings/airflow/dags/4_dag_PUSH_Updated_YML_To_Cortex.py
[2026-03-10T12:21:14.159+0000] {processor.py:830} INFO - Processing file /home/cloud/codings/airflow/dags/4_dag_PUSH_Updated_YML_To_Cortex.py for tasks to queue
[2026-03-10T12:21:14.160+0000] {logging_mixin.py:188} INFO - [2026-03-10T12:21:14.160+0000] {dagbag.py:545} INFO - Filling up the DagBag from /home/cloud/codings/airflow/dags/4_dag_PUSH_Updated_YML_To_Cortex.py
[2026-03-10T12:21:14.178+0000] {processor.py:840} INFO - DAG(s) '4_dag_PUSH_Updated_YML_To_Cortex' retrieved from /home/cloud/codings/airflow/dags/4_dag_PUSH_Updated_YML_To_Cortex.py
[2026-03-10T12:21:14.190+0000] {logging_mixin.py:188} INFO - [2026-03-10T12:21:14.190+0000] {dag.py:3089} INFO - Sync 1 DAGs
[2026-03-10T12:21:14.200+0000] {logging_mixin.py:188} INFO - [2026-03-10T12:21:14.200+0000] {dag.py:3947} INFO - Setting next_dagrun for 4_dag_PUSH_Updated_YML_To_Cortex to None, run_after=None
[2026-03-10T12:21:14.223+0000] {processor.py:183} INFO - Processing /home/cloud/codings/airflow/dags/4_dag_PUSH_Updated_YML_To_Cortex.py took 0.069 seconds
[2026-03-10T12:21:45.503+0000] {processor.py:161} INFO - Started process (PID=469202) to work on /home/cloud/codings/airflow/dags/4_dag_PUSH_Updated_YML_To_Cortex.py
[2026-03-10T12:21:45.508+0000] {processor.py:830} INFO - Processing file /home/cloud/codings/airflow/dags/4_dag_PUSH_Updated_YML_To_Cortex.py for tasks to queue
[2026-03-10T12:21:45.510+0000] {logging_mixin.py:188} INFO - [2026-03-10T12:21:45.509+0000] {dagbag.py:545} INFO - Filling up the DagBag from /home/cloud/codings/airflow/dags/4_dag_PUSH_Updated_YML_To_Cortex.py
[2026-03-10T12:21:45.558+0000] {processor.py:840} INFO - DAG(s) '4_dag_PUSH_Updated_YML_To_Cortex' retrieved from /home/cloud/codings/airflow/dags/4_dag_PUSH_Updated_YML_To_Cortex.py
[2026-03-10T12:21:45.583+0000] {logging_mixin.py:188} INFO - [2026-03-10T12:21:45.582+0000] {dag.py:3089} INFO - Sync 1 DAGs
[2026-03-10T12:21:45.612+0000] {logging_mixin.py:188} INFO - [2026-03-10T12:21:45.611+0000] {dag.py:3947} INFO - Setting next_dagrun for 4_dag_PUSH_Updated_YML_To_Cortex to None, run_after=None
[2026-03-10T12:21:45.664+0000] {processor.py:183} INFO - Processing /home/cloud/codings/airflow/dags/4_dag_PUSH_Updated_YML_To_Cortex.py took 0.177 seconds
[2026-03-10T12:22:16.360+0000] {processor.py:161} INFO - Started process (PID=469369) to work on /home/cloud/codings/airflow/dags/4_dag_PUSH_Updated_YML_To_Cortex.py
[2026-03-10T12:22:16.364+0000] {processor.py:830} INFO - Processing file /home/cloud/codings/airflow/dags/4_dag_PUSH_Updated_YML_To_Cortex.py for tasks to queue
[2026-03-10T12:22:16.366+0000] {logging_mixin.py:188} INFO - [2026-03-10T12:22:16.365+0000] {dagbag.py:545} INFO - Filling up the DagBag from /home/cloud/codings/airflow/dags/4_dag_PUSH_Updated_YML_To_Cortex.py
[2026-03-10T12:22:16.412+0000] {processor.py:840} INFO - DAG(s) '4_dag_PUSH_Updated_YML_To_Cortex' retrieved from /home/cloud/codings/airflow/dags/4_dag_PUSH_Updated_YML_To_Cortex.py
[2026-03-10T12:22:16.444+0000] {logging_mixin.py:188} INFO - [2026-03-10T12:22:16.444+0000] {dag.py:3089} INFO - Sync 1 DAGs
[2026-03-10T12:22:16.466+0000] {logging_mixin.py:188} INFO - [2026-03-10T12:22:16.466+0000] {dag.py:3947} INFO - Setting next_dagrun for 4_dag_PUSH_Updated_YML_To_Cortex to None, run_after=None
[2026-03-10T12:22:16.513+0000] {processor.py:183} INFO - Processing /home/cloud/codings/airflow/dags/4_dag_PUSH_Updated_YML_To_Cortex.py took 0.163 seconds
[2026-03-10T12:22:47.138+0000] {processor.py:161} INFO - Started process (PID=469756) to work on /home/cloud/codings/airflow/dags/4_dag_PUSH_Updated_YML_To_Cortex.py
[2026-03-10T12:22:47.143+0000] {processor.py:830} INFO - Processing file /home/cloud/codings/airflow/dags/4_dag_PUSH_Updated_YML_To_Cortex.py for tasks to queue
[2026-03-10T12:22:47.144+0000] {logging_mixin.py:188} INFO - [2026-03-10T12:22:47.144+0000] {dagbag.py:545} INFO - Filling up the DagBag from /home/cloud/codings/airflow/dags/4_dag_PUSH_Updated_YML_To_Cortex.py
[2026-03-10T12:22:47.169+0000] {processor.py:840} INFO - DAG(s) '4_dag_PUSH_Updated_YML_To_Cortex' retrieved from /home/cloud/codings/airflow/dags/4_dag_PUSH_Updated_YML_To_Cortex.py
[2026-03-10T12:22:47.189+0000] {logging_mixin.py:188} INFO - [2026-03-10T12:22:47.188+0000] {dag.py:3089} INFO - Sync 1 DAGs
[2026-03-10T12:22:47.206+0000] {logging_mixin.py:188} INFO - [2026-03-10T12:22:47.205+0000] {dag.py:3947} INFO - Setting next_dagrun for 4_dag_PUSH_Updated_YML_To_Cortex to None, run_after=None
[2026-03-10T12:22:47.236+0000] {processor.py:183} INFO - Processing /home/cloud/codings/airflow/dags/4_dag_PUSH_Updated_YML_To_Cortex.py took 0.105 seconds
[2026-03-10T12:23:54.344+0000] {processor.py:161} INFO - Started process (PID=470800) to work on /home/cloud/codings/airflow/dags/4_dag_PUSH_Updated_YML_To_Cortex.py
[2026-03-10T12:23:54.350+0000] {processor.py:830} INFO - Processing file /home/cloud/codings/airflow/dags/4_dag_PUSH_Updated_YML_To_Cortex.py for tasks to queue
[2026-03-10T12:23:54.352+0000] {logging_mixin.py:188} INFO - [2026-03-10T12:23:54.351+0000] {dagbag.py:545} INFO - Filling up the DagBag from /home/cloud/codings/airflow/dags/4_dag_PUSH_Updated_YML_To_Cortex.py
[2026-03-10T12:23:54.394+0000] {processor.py:840} INFO - DAG(s) '4_dag_PUSH_Updated_YML_To_Cortex' retrieved from /home/cloud/codings/airflow/dags/4_dag_PUSH_Updated_YML_To_Cortex.py
[2026-03-10T12:23:54.425+0000] {logging_mixin.py:188} INFO - [2026-03-10T12:23:54.424+0000] {dag.py:3089} INFO - Sync 1 DAGs
[2026-03-10T12:23:54.450+0000] {logging_mixin.py:188} INFO - [2026-03-10T12:23:54.449+0000] {dag.py:3947} INFO - Setting next_dagrun for 4_dag_PUSH_Updated_YML_To_Cortex to None, run_after=None
[2026-03-10T12:23:54.488+0000] {processor.py:183} INFO - Processing /home/cloud/codings/airflow/dags/4_dag_PUSH_Updated_YML_To_Cortex.py took 0.156 seconds
[2026-03-10T12:24:25.285+0000] {processor.py:161} INFO - Started process (PID=470952) to work on /home/cloud/codings/airflow/dags/4_dag_PUSH_Updated_YML_To_Cortex.py
[2026-03-10T12:24:25.286+0000] {processor.py:830} INFO - Processing file /home/cloud/codings/airflow/dags/4_dag_PUSH_Updated_YML_To_Cortex.py for tasks to queue
[2026-03-10T12:24:25.287+0000] {logging_mixin.py:188} INFO - [2026-03-10T12:24:25.287+0000] {dagbag.py:545} INFO - Filling up the DagBag from /home/cloud/codings/airflow/dags/4_dag_PUSH_Updated_YML_To_Cortex.py
[2026-03-10T12:24:25.311+0000] {processor.py:840} INFO - DAG(s) '4_dag_PUSH_Updated_YML_To_Cortex' retrieved from /home/cloud/codings/airflow/dags/4_dag_PUSH_Updated_YML_To_Cortex.py
[2026-03-10T12:24:25.329+0000] {logging_mixin.py:188} INFO - [2026-03-10T12:24:25.329+0000] {dag.py:3089} INFO - Sync 1 DAGs
[2026-03-10T12:24:25.350+0000] {logging_mixin.py:188} INFO - [2026-03-10T12:24:25.349+0000] {dag.py:3947} INFO - Setting next_dagrun for 4_dag_PUSH_Updated_YML_To_Cortex to None, run_after=None
[2026-03-10T12:24:25.383+0000] {processor.py:183} INFO - Processing /home/cloud/codings/airflow/dags/4_dag_PUSH_Updated_YML_To_Cortex.py took 0.103 seconds
[2026-03-10T12:24:56.147+0000] {processor.py:161} INFO - Started process (PID=471207) to work on /home/cloud/codings/airflow/dags/4_dag_PUSH_Updated_YML_To_Cortex.py
[2026-03-10T12:24:56.152+0000] {processor.py:830} INFO - Processing file /home/cloud/codings/airflow/dags/4_dag_PUSH_Updated_YML_To_Cortex.py for tasks to queue
[2026-03-10T12:24:56.153+0000] {logging_mixin.py:188} INFO - [2026-03-10T12:24:56.153+0000] {dagbag.py:545} INFO - Filling up the DagBag from /home/cloud/codings/airflow/dags/4_dag_PUSH_Updated_YML_To_Cortex.py
[2026-03-10T12:24:56.185+0000] {processor.py:840} INFO - DAG(s) '4_dag_PUSH_Updated_YML_To_Cortex' retrieved from /home/cloud/codings/airflow/dags/4_dag_PUSH_Updated_YML_To_Cortex.py
[2026-03-10T12:24:56.203+0000] {logging_mixin.py:188} INFO - [2026-03-10T12:24:56.202+0000] {dag.py:3089} INFO - Sync 1 DAGs
[2026-03-10T12:24:56.220+0000] {logging_mixin.py:188} INFO - [2026-03-10T12:24:56.220+0000] {dag.py:3947} INFO - Setting next_dagrun for 4_dag_PUSH_Updated_YML_To_Cortex to None, run_after=None
[2026-03-10T12:24:56.253+0000] {processor.py:183} INFO - Processing /home/cloud/codings/airflow/dags/4_dag_PUSH_Updated_YML_To_Cortex.py took 0.112 seconds
[2026-03-10T12:25:27.156+0000] {processor.py:161} INFO - Started process (PID=471486) to work on /home/cloud/codings/airflow/dags/4_dag_PUSH_Updated_YML_To_Cortex.py
[2026-03-10T12:25:27.161+0000] {processor.py:830} INFO - Processing file /home/cloud/codings/airflow/dags/4_dag_PUSH_Updated_YML_To_Cortex.py for tasks to queue
[2026-03-10T12:25:27.162+0000] {logging_mixin.py:188} INFO - [2026-03-10T12:25:27.162+0000] {dagbag.py:545} INFO - Filling up the DagBag from /home/cloud/codings/airflow/dags/4_dag_PUSH_Updated_YML_To_Cortex.py
[2026-03-10T12:25:27.186+0000] {processor.py:840} INFO - DAG(s) '4_dag_PUSH_Updated_YML_To_Cortex' retrieved from /home/cloud/codings/airflow/dags/4_dag_PUSH_Updated_YML_To_Cortex.py
[2026-03-10T12:25:27.202+0000] {logging_mixin.py:188} INFO - [2026-03-10T12:25:27.202+0000] {dag.py:3089} INFO - Sync 1 DAGs
[2026-03-10T12:25:27.217+0000] {logging_mixin.py:188} INFO - [2026-03-10T12:25:27.216+0000] {dag.py:3947} INFO - Setting next_dagrun for 4_dag_PUSH_Updated_YML_To_Cortex to None, run_after=None
[2026-03-10T12:25:27.243+0000] {processor.py:183} INFO - Processing /home/cloud/codings/airflow/dags/4_dag_PUSH_Updated_YML_To_Cortex.py took 0.094 seconds
[2026-03-10T12:25:58.036+0000] {processor.py:161} INFO - Started process (PID=471763) to work on /home/cloud/codings/airflow/dags/4_dag_PUSH_Updated_YML_To_Cortex.py
[2026-03-10T12:25:58.038+0000] {processor.py:830} INFO - Processing file /home/cloud/codings/airflow/dags/4_dag_PUSH_Updated_YML_To_Cortex.py for tasks to queue
[2026-03-10T12:25:58.039+0000] {logging_mixin.py:188} INFO - [2026-03-10T12:25:58.038+0000] {dagbag.py:545} INFO - Filling up the DagBag from /home/cloud/codings/airflow/dags/4_dag_PUSH_Updated_YML_To_Cortex.py
[2026-03-10T12:25:58.063+0000] {processor.py:840} INFO - DAG(s) '4_dag_PUSH_Updated_YML_To_Cortex' retrieved from /home/cloud/codings/airflow/dags/4_dag_PUSH_Updated_YML_To_Cortex.py
[2026-03-10T12:25:58.079+0000] {logging_mixin.py:188} INFO - [2026-03-10T12:25:58.079+0000] {dag.py:3089} INFO - Sync 1 DAGs
[2026-03-10T12:25:58.093+0000] {logging_mixin.py:188} INFO - [2026-03-10T12:25:58.093+0000] {dag.py:3947} INFO - Setting next_dagrun for 4_dag_PUSH_Updated_YML_To_Cortex to None, run_after=None
[2026-03-10T12:25:58.119+0000] {processor.py:183} INFO - Processing /home/cloud/codings/airflow/dags/4_dag_PUSH_Updated_YML_To_Cortex.py took 0.089 seconds
[2026-03-10T12:26:28.517+0000] {processor.py:161} INFO - Started process (PID=471984) to work on /home/cloud/codings/airflow/dags/4_dag_PUSH_Updated_YML_To_Cortex.py
[2026-03-10T12:26:28.519+0000] {processor.py:830} INFO - Processing file /home/cloud/codings/airflow/dags/4_dag_PUSH_Updated_YML_To_Cortex.py for tasks to queue
[2026-03-10T12:26:28.520+0000] {logging_mixin.py:188} INFO - [2026-03-10T12:26:28.520+0000] {dagbag.py:545} INFO - Filling up the DagBag from /home/cloud/codings/airflow/dags/4_dag_PUSH_Updated_YML_To_Cortex.py
[2026-03-10T12:26:28.554+0000] {processor.py:840} INFO - DAG(s) '4_dag_PUSH_Updated_YML_To_Cortex' retrieved from /home/cloud/codings/airflow/dags/4_dag_PUSH_Updated_YML_To_Cortex.py
[2026-03-10T12:26:28.575+0000] {logging_mixin.py:188} INFO - [2026-03-10T12:26:28.574+0000] {dag.py:3089} INFO - Sync 1 DAGs
[2026-03-10T12:26:28.599+0000] {logging_mixin.py:188} INFO - [2026-03-10T12:26:28.599+0000] {dag.py:3947} INFO - Setting next_dagrun for 4_dag_PUSH_Updated_YML_To_Cortex to None, run_after=None
[2026-03-10T12:26:28.632+0000] {processor.py:183} INFO - Processing /home/cloud/codings/airflow/dags/4_dag_PUSH_Updated_YML_To_Cortex.py took 0.125 seconds
[2026-03-10T12:26:59.736+0000] {processor.py:161} INFO - Started process (PID=472268) to work on /home/cloud/codings/airflow/dags/4_dag_PUSH_Updated_YML_To_Cortex.py
[2026-03-10T12:26:59.738+0000] {processor.py:830} INFO - Processing file /home/cloud/codings/airflow/dags/4_dag_PUSH_Updated_YML_To_Cortex.py for tasks to queue
[2026-03-10T12:26:59.739+0000] {logging_mixin.py:188} INFO - [2026-03-10T12:26:59.739+0000] {dagbag.py:545} INFO - Filling up the DagBag from /home/cloud/codings/airflow/dags/4_dag_PUSH_Updated_YML_To_Cortex.py
[2026-03-10T12:26:59.774+0000] {processor.py:840} INFO - DAG(s) '4_dag_PUSH_Updated_YML_To_Cortex' retrieved from /home/cloud/codings/airflow/dags/4_dag_PUSH_Updated_YML_To_Cortex.py
[2026-03-10T12:26:59.801+0000] {logging_mixin.py:188} INFO - [2026-03-10T12:26:59.800+0000] {dag.py:3089} INFO - Sync 1 DAGs
[2026-03-10T12:26:59.817+0000] {logging_mixin.py:188} INFO - [2026-03-10T12:26:59.817+0000] {dag.py:3947} INFO - Setting next_dagrun for 4_dag_PUSH_Updated_YML_To_Cortex to None, run_after=None
[2026-03-10T12:26:59.848+0000] {processor.py:183} INFO - Processing /home/cloud/codings/airflow/dags/4_dag_PUSH_Updated_YML_To_Cortex.py took 0.120 seconds
[2026-03-10T12:27:31.247+0000] {processor.py:161} INFO - Started process (PID=472488) to work on /home/cloud/codings/airflow/dags/4_dag_PUSH_Updated_YML_To_Cortex.py
[2026-03-10T12:27:31.252+0000] {processor.py:830} INFO - Processing file /home/cloud/codings/airflow/dags/4_dag_PUSH_Updated_YML_To_Cortex.py for tasks to queue
[2026-03-10T12:27:31.253+0000] {logging_mixin.py:188} INFO - [2026-03-10T12:27:31.253+0000] {dagbag.py:545} INFO - Filling up the DagBag from /home/cloud/codings/airflow/dags/4_dag_PUSH_Updated_YML_To_Cortex.py
[2026-03-10T12:27:31.293+0000] {processor.py:840} INFO - DAG(s) '4_dag_PUSH_Updated_YML_To_Cortex' retrieved from /home/cloud/codings/airflow/dags/4_dag_PUSH_Updated_YML_To_Cortex.py
[2026-03-10T12:27:31.317+0000] {logging_mixin.py:188} INFO - [2026-03-10T12:27:31.316+0000] {dag.py:3089} INFO - Sync 1 DAGs
[2026-03-10T12:27:31.338+0000] {logging_mixin.py:188} INFO - [2026-03-10T12:27:31.337+0000] {dag.py:3947} INFO - Setting next_dagrun for 4_dag_PUSH_Updated_YML_To_Cortex to None, run_after=None
[2026-03-10T12:27:31.386+0000] {processor.py:183} INFO - Processing /home/cloud/codings/airflow/dags/4_dag_PUSH_Updated_YML_To_Cortex.py took 0.150 seconds
[2026-03-10T12:28:03.683+0000] {processor.py:161} INFO - Started process (PID=472891) to work on /home/cloud/codings/airflow/dags/4_dag_PUSH_Updated_YML_To_Cortex.py
[2026-03-10T12:28:03.685+0000] {processor.py:830} INFO - Processing file /home/cloud/codings/airflow/dags/4_dag_PUSH_Updated_YML_To_Cortex.py for tasks to queue
[2026-03-10T12:28:03.686+0000] {logging_mixin.py:188} INFO - [2026-03-10T12:28:03.685+0000] {dagbag.py:545} INFO - Filling up the DagBag from /home/cloud/codings/airflow/dags/4_dag_PUSH_Updated_YML_To_Cortex.py
[2026-03-10T12:28:03.714+0000] {processor.py:840} INFO - DAG(s) '4_dag_PUSH_Updated_YML_To_Cortex' retrieved from /home/cloud/codings/airflow/dags/4_dag_PUSH_Updated_YML_To_Cortex.py
[2026-03-10T12:28:03.737+0000] {logging_mixin.py:188} INFO - [2026-03-10T12:28:03.737+0000] {dag.py:3089} INFO - Sync 1 DAGs
[2026-03-10T12:28:03.754+0000] {logging_mixin.py:188} INFO - [2026-03-10T12:28:03.753+0000] {dag.py:3947} INFO - Setting next_dagrun for 4_dag_PUSH_Updated_YML_To_Cortex to None, run_after=None
[2026-03-10T12:28:03.787+0000] {processor.py:183} INFO - Processing /home/cloud/codings/airflow/dags/4_dag_PUSH_Updated_YML_To_Cortex.py took 0.113 seconds
[2026-03-10T12:28:34.789+0000] {processor.py:161} INFO - Started process (PID=473110) to work on /home/cloud/codings/airflow/dags/4_dag_PUSH_Updated_YML_To_Cortex.py
[2026-03-10T12:28:34.791+0000] {processor.py:830} INFO - Processing file /home/cloud/codings/airflow/dags/4_dag_PUSH_Updated_YML_To_Cortex.py for tasks to queue
[2026-03-10T12:28:34.792+0000] {logging_mixin.py:188} INFO - [2026-03-10T12:28:34.792+0000] {dagbag.py:545} INFO - Filling up the DagBag from /home/cloud/codings/airflow/dags/4_dag_PUSH_Updated_YML_To_Cortex.py
[2026-03-10T12:28:34.820+0000] {processor.py:840} INFO - DAG(s) '4_dag_PUSH_Updated_YML_To_Cortex' retrieved from /home/cloud/codings/airflow/dags/4_dag_PUSH_Updated_YML_To_Cortex.py
[2026-03-10T12:28:34.837+0000] {logging_mixin.py:188} INFO - [2026-03-10T12:28:34.837+0000] {dag.py:3089} INFO - Sync 1 DAGs
[2026-03-10T12:28:34.849+0000] {logging_mixin.py:188} INFO - [2026-03-10T12:28:34.849+0000] {dag.py:3947} INFO - Setting next_dagrun for 4_dag_PUSH_Updated_YML_To_Cortex to None, run_after=None
[2026-03-10T12:28:34.876+0000] {processor.py:183} INFO - Processing /home/cloud/codings/airflow/dags/4_dag_PUSH_Updated_YML_To_Cortex.py took 0.096 seconds
[2026-03-10T12:29:05.247+0000] {processor.py:161} INFO - Started process (PID=473389) to work on /home/cloud/codings/airflow/dags/4_dag_PUSH_Updated_YML_To_Cortex.py
[2026-03-10T12:29:05.249+0000] {processor.py:830} INFO - Processing file /home/cloud/codings/airflow/dags/4_dag_PUSH_Updated_YML_To_Cortex.py for tasks to queue
[2026-03-10T12:29:05.250+0000] {logging_mixin.py:188} INFO - [2026-03-10T12:29:05.250+0000] {dagbag.py:545} INFO - Filling up the DagBag from /home/cloud/codings/airflow/dags/4_dag_PUSH_Updated_YML_To_Cortex.py
[2026-03-10T12:29:05.270+0000] {processor.py:840} INFO - DAG(s) '4_dag_PUSH_Updated_YML_To_Cortex' retrieved from /home/cloud/codings/airflow/dags/4_dag_PUSH_Updated_YML_To_Cortex.py
[2026-03-10T12:29:05.281+0000] {logging_mixin.py:188} INFO - [2026-03-10T12:29:05.281+0000] {dag.py:3089} INFO - Sync 1 DAGs
[2026-03-10T12:29:05.292+0000] {logging_mixin.py:188} INFO - [2026-03-10T12:29:05.292+0000] {dag.py:3947} INFO - Setting next_dagrun for 4_dag_PUSH_Updated_YML_To_Cortex to None, run_after=None
[2026-03-10T12:29:05.313+0000] {processor.py:183} INFO - Processing /home/cloud/codings/airflow/dags/4_dag_PUSH_Updated_YML_To_Cortex.py took 0.076 seconds
[2026-03-10T12:29:35.394+0000] {processor.py:161} INFO - Started process (PID=473673) to work on /home/cloud/codings/airflow/dags/4_dag_PUSH_Updated_YML_To_Cortex.py
[2026-03-10T12:29:35.406+0000] {processor.py:830} INFO - Processing file /home/cloud/codings/airflow/dags/4_dag_PUSH_Updated_YML_To_Cortex.py for tasks to queue
[2026-03-10T12:29:35.408+0000] {logging_mixin.py:188} INFO - [2026-03-10T12:29:35.407+0000] {dagbag.py:545} INFO - Filling up the DagBag from /home/cloud/codings/airflow/dags/4_dag_PUSH_Updated_YML_To_Cortex.py
[2026-03-10T12:29:35.540+0000] {processor.py:840} INFO - DAG(s) '4_dag_PUSH_Updated_YML_To_Cortex' retrieved from /home/cloud/codings/airflow/dags/4_dag_PUSH_Updated_YML_To_Cortex.py
[2026-03-10T12:29:35.633+0000] {logging_mixin.py:188} INFO - [2026-03-10T12:29:35.633+0000] {dag.py:3089} INFO - Sync 1 DAGs
[2026-03-10T12:29:35.667+0000] {logging_mixin.py:188} INFO - [2026-03-10T12:29:35.667+0000] {dag.py:3947} INFO - Setting next_dagrun for 4_dag_PUSH_Updated_YML_To_Cortex to None, run_after=None
[2026-03-10T12:29:35.790+0000] {processor.py:183} INFO - Processing /home/cloud/codings/airflow/dags/4_dag_PUSH_Updated_YML_To_Cortex.py took 0.417 seconds
[2026-03-10T12:30:06.174+0000] {processor.py:161} INFO - Started process (PID=473926) to work on /home/cloud/codings/airflow/dags/4_dag_PUSH_Updated_YML_To_Cortex.py
[2026-03-10T12:30:06.179+0000] {processor.py:830} INFO - Processing file /home/cloud/codings/airflow/dags/4_dag_PUSH_Updated_YML_To_Cortex.py for tasks to queue
[2026-03-10T12:30:06.180+0000] {logging_mixin.py:188} INFO - [2026-03-10T12:30:06.180+0000] {dagbag.py:545} INFO - Filling up the DagBag from /home/cloud/codings/airflow/dags/4_dag_PUSH_Updated_YML_To_Cortex.py
[2026-03-10T12:30:06.197+0000] {processor.py:840} INFO - DAG(s) '4_dag_PUSH_Updated_YML_To_Cortex' retrieved from /home/cloud/codings/airflow/dags/4_dag_PUSH_Updated_YML_To_Cortex.py
[2026-03-10T12:30:06.210+0000] {logging_mixin.py:188} INFO - [2026-03-10T12:30:06.210+0000] {dag.py:3089} INFO - Sync 1 DAGs
[2026-03-10T12:30:06.221+0000] {logging_mixin.py:188} INFO - [2026-03-10T12:30:06.221+0000] {dag.py:3947} INFO - Setting next_dagrun for 4_dag_PUSH_Updated_YML_To_Cortex to None, run_after=None
[2026-03-10T12:30:06.245+0000] {processor.py:183} INFO - Processing /home/cloud/codings/airflow/dags/4_dag_PUSH_Updated_YML_To_Cortex.py took 0.077 seconds
[2026-03-10T12:30:36.983+0000] {processor.py:161} INFO - Started process (PID=474239) to work on /home/cloud/codings/airflow/dags/4_dag_PUSH_Updated_YML_To_Cortex.py
[2026-03-10T12:30:36.988+0000] {processor.py:830} INFO - Processing file /home/cloud/codings/airflow/dags/4_dag_PUSH_Updated_YML_To_Cortex.py for tasks to queue
[2026-03-10T12:30:36.990+0000] {logging_mixin.py:188} INFO - [2026-03-10T12:30:36.989+0000] {dagbag.py:545} INFO - Filling up the DagBag from /home/cloud/codings/airflow/dags/4_dag_PUSH_Updated_YML_To_Cortex.py
[2026-03-10T12:30:37.008+0000] {processor.py:840} INFO - DAG(s) '4_dag_PUSH_Updated_YML_To_Cortex' retrieved from /home/cloud/codings/airflow/dags/4_dag_PUSH_Updated_YML_To_Cortex.py
[2026-03-10T12:30:37.021+0000] {logging_mixin.py:188} INFO - [2026-03-10T12:30:37.021+0000] {dag.py:3089} INFO - Sync 1 DAGs
[2026-03-10T12:30:37.031+0000] {logging_mixin.py:188} INFO - [2026-03-10T12:30:37.030+0000] {dag.py:3947} INFO - Setting next_dagrun for 4_dag_PUSH_Updated_YML_To_Cortex to None, run_after=None
[2026-03-10T12:30:37.053+0000] {processor.py:183} INFO - Processing /home/cloud/codings/airflow/dags/4_dag_PUSH_Updated_YML_To_Cortex.py took 0.080 seconds
[2026-03-10T12:31:53.163+0000] {processor.py:161} INFO - Started process (PID=475440) to work on /home/cloud/codings/airflow/dags/4_dag_PUSH_Updated_YML_To_Cortex.py
[2026-03-10T12:31:53.165+0000] {processor.py:830} INFO - Processing file /home/cloud/codings/airflow/dags/4_dag_PUSH_Updated_YML_To_Cortex.py for tasks to queue
[2026-03-10T12:31:53.166+0000] {logging_mixin.py:188} INFO - [2026-03-10T12:31:53.165+0000] {dagbag.py:545} INFO - Filling up the DagBag from /home/cloud/codings/airflow/dags/4_dag_PUSH_Updated_YML_To_Cortex.py
[2026-03-10T12:31:53.195+0000] {processor.py:840} INFO - DAG(s) '4_dag_PUSH_Updated_YML_To_Cortex' retrieved from /home/cloud/codings/airflow/dags/4_dag_PUSH_Updated_YML_To_Cortex.py
[2026-03-10T12:31:53.216+0000] {logging_mixin.py:188} INFO - [2026-03-10T12:31:53.216+0000] {dag.py:3089} INFO - Sync 1 DAGs
[2026-03-10T12:31:53.233+0000] {logging_mixin.py:188} INFO - [2026-03-10T12:31:53.233+0000] {dag.py:3947} INFO - Setting next_dagrun for 4_dag_PUSH_Updated_YML_To_Cortex to None, run_after=None
[2026-03-10T12:31:53.266+0000] {processor.py:183} INFO - Processing /home/cloud/codings/airflow/dags/4_dag_PUSH_Updated_YML_To_Cortex.py took 0.110 seconds
[2026-03-10T12:32:23.705+0000] {processor.py:161} INFO - Started process (PID=475633) to work on /home/cloud/codings/airflow/dags/4_dag_PUSH_Updated_YML_To_Cortex.py
[2026-03-10T12:32:23.707+0000] {processor.py:830} INFO - Processing file /home/cloud/codings/airflow/dags/4_dag_PUSH_Updated_YML_To_Cortex.py for tasks to queue
[2026-03-10T12:32:23.707+0000] {logging_mixin.py:188} INFO - [2026-03-10T12:32:23.707+0000] {dagbag.py:545} INFO - Filling up the DagBag from /home/cloud/codings/airflow/dags/4_dag_PUSH_Updated_YML_To_Cortex.py
[2026-03-10T12:32:23.727+0000] {processor.py:840} INFO - DAG(s) '4_dag_PUSH_Updated_YML_To_Cortex' retrieved from /home/cloud/codings/airflow/dags/4_dag_PUSH_Updated_YML_To_Cortex.py
[2026-03-10T12:32:23.763+0000] {logging_mixin.py:188} INFO - [2026-03-10T12:32:23.762+0000] {dag.py:3089} INFO - Sync 1 DAGs
[2026-03-10T12:32:23.791+0000] {logging_mixin.py:188} INFO - [2026-03-10T12:32:23.791+0000] {dag.py:3947} INFO - Setting next_dagrun for 4_dag_PUSH_Updated_YML_To_Cortex to None, run_after=None
[2026-03-10T12:32:23.829+0000] {processor.py:183} INFO - Processing /home/cloud/codings/airflow/dags/4_dag_PUSH_Updated_YML_To_Cortex.py took 0.129 seconds
[2026-03-10T12:32:54.082+0000] {processor.py:161} INFO - Started process (PID=475766) to work on /home/cloud/codings/airflow/dags/4_dag_PUSH_Updated_YML_To_Cortex.py
[2026-03-10T12:32:54.087+0000] {processor.py:830} INFO - Processing file /home/cloud/codings/airflow/dags/4_dag_PUSH_Updated_YML_To_Cortex.py for tasks to queue
[2026-03-10T12:32:54.088+0000] {logging_mixin.py:188} INFO - [2026-03-10T12:32:54.087+0000] {dagbag.py:545} INFO - Filling up the DagBag from /home/cloud/codings/airflow/dags/4_dag_PUSH_Updated_YML_To_Cortex.py
[2026-03-10T12:32:54.114+0000] {processor.py:840} INFO - DAG(s) '4_dag_PUSH_Updated_YML_To_Cortex' retrieved from /home/cloud/codings/airflow/dags/4_dag_PUSH_Updated_YML_To_Cortex.py
[2026-03-10T12:32:54.133+0000] {logging_mixin.py:188} INFO - [2026-03-10T12:32:54.132+0000] {dag.py:3089} INFO - Sync 1 DAGs
[2026-03-10T12:32:54.150+0000] {logging_mixin.py:188} INFO - [2026-03-10T12:32:54.149+0000] {dag.py:3947} INFO - Setting next_dagrun for 4_dag_PUSH_Updated_YML_To_Cortex to None, run_after=None
[2026-03-10T12:32:54.180+0000] {processor.py:183} INFO - Processing /home/cloud/codings/airflow/dags/4_dag_PUSH_Updated_YML_To_Cortex.py took 0.105 seconds
[2026-03-10T12:33:24.978+0000] {processor.py:161} INFO - Started process (PID=475831) to work on /home/cloud/codings/airflow/dags/4_dag_PUSH_Updated_YML_To_Cortex.py
[2026-03-10T12:33:24.983+0000] {processor.py:830} INFO - Processing file /home/cloud/codings/airflow/dags/4_dag_PUSH_Updated_YML_To_Cortex.py for tasks to queue
[2026-03-10T12:33:24.984+0000] {logging_mixin.py:188} INFO - [2026-03-10T12:33:24.983+0000] {dagbag.py:545} INFO - Filling up the DagBag from /home/cloud/codings/airflow/dags/4_dag_PUSH_Updated_YML_To_Cortex.py
[2026-03-10T12:33:25.010+0000] {processor.py:840} INFO - DAG(s) '4_dag_PUSH_Updated_YML_To_Cortex' retrieved from /home/cloud/codings/airflow/dags/4_dag_PUSH_Updated_YML_To_Cortex.py
[2026-03-10T12:33:25.028+0000] {logging_mixin.py:188} INFO - [2026-03-10T12:33:25.027+0000] {dag.py:3089} INFO - Sync 1 DAGs
[2026-03-10T12:33:25.041+0000] {logging_mixin.py:188} INFO - [2026-03-10T12:33:25.041+0000] {dag.py:3947} INFO - Setting next_dagrun for 4_dag_PUSH_Updated_YML_To_Cortex to None, run_after=None
[2026-03-10T12:33:25.068+0000] {processor.py:183} INFO - Processing /home/cloud/codings/airflow/dags/4_dag_PUSH_Updated_YML_To_Cortex.py took 0.096 seconds
[2026-03-10T12:33:55.637+0000] {processor.py:161} INFO - Started process (PID=475964) to work on /home/cloud/codings/airflow/dags/4_dag_PUSH_Updated_YML_To_Cortex.py
[2026-03-10T12:33:55.638+0000] {processor.py:830} INFO - Processing file /home/cloud/codings/airflow/dags/4_dag_PUSH_Updated_YML_To_Cortex.py for tasks to queue
[2026-03-10T12:33:55.639+0000] {logging_mixin.py:188} INFO - [2026-03-10T12:33:55.639+0000] {dagbag.py:545} INFO - Filling up the DagBag from /home/cloud/codings/airflow/dags/4_dag_PUSH_Updated_YML_To_Cortex.py
[2026-03-10T12:33:55.661+0000] {processor.py:840} INFO - DAG(s) '4_dag_PUSH_Updated_YML_To_Cortex' retrieved from /home/cloud/codings/airflow/dags/4_dag_PUSH_Updated_YML_To_Cortex.py
[2026-03-10T12:33:55.675+0000] {logging_mixin.py:188} INFO - [2026-03-10T12:33:55.675+0000] {dag.py:3089} INFO - Sync 1 DAGs
[2026-03-10T12:33:55.687+0000] {logging_mixin.py:188} INFO - [2026-03-10T12:33:55.687+0000] {dag.py:3947} INFO - Setting next_dagrun for 4_dag_PUSH_Updated_YML_To_Cortex to None, run_after=None
[2026-03-10T12:33:55.710+0000] {processor.py:183} INFO - Processing /home/cloud/codings/airflow/dags/4_dag_PUSH_Updated_YML_To_Cortex.py took 0.080 seconds
[2026-03-10T12:34:26.344+0000] {processor.py:161} INFO - Started process (PID=476038) to work on /home/cloud/codings/airflow/dags/4_dag_PUSH_Updated_YML_To_Cortex.py
[2026-03-10T12:34:26.346+0000] {processor.py:830} INFO - Processing file /home/cloud/codings/airflow/dags/4_dag_PUSH_Updated_YML_To_Cortex.py for tasks to queue
[2026-03-10T12:34:26.347+0000] {logging_mixin.py:188} INFO - [2026-03-10T12:34:26.346+0000] {dagbag.py:545} INFO - Filling up the DagBag from /home/cloud/codings/airflow/dags/4_dag_PUSH_Updated_YML_To_Cortex.py
[2026-03-10T12:34:26.367+0000] {processor.py:840} INFO - DAG(s) '4_dag_PUSH_Updated_YML_To_Cortex' retrieved from /home/cloud/codings/airflow/dags/4_dag_PUSH_Updated_YML_To_Cortex.py
[2026-03-10T12:34:26.382+0000] {logging_mixin.py:188} INFO - [2026-03-10T12:34:26.382+0000] {dag.py:3089} INFO - Sync 1 DAGs
[2026-03-10T12:34:26.395+0000] {logging_mixin.py:188} INFO - [2026-03-10T12:34:26.394+0000] {dag.py:3947} INFO - Setting next_dagrun for 4_dag_PUSH_Updated_YML_To_Cortex to None, run_after=None
[2026-03-10T12:34:26.420+0000] {processor.py:183} INFO - Processing /home/cloud/codings/airflow/dags/4_dag_PUSH_Updated_YML_To_Cortex.py took 0.082 seconds
[2026-03-10T12:34:56.523+0000] {processor.py:161} INFO - Started process (PID=476171) to work on /home/cloud/codings/airflow/dags/4_dag_PUSH_Updated_YML_To_Cortex.py
[2026-03-10T12:34:56.528+0000] {processor.py:830} INFO - Processing file /home/cloud/codings/airflow/dags/4_dag_PUSH_Updated_YML_To_Cortex.py for tasks to queue
[2026-03-10T12:34:56.529+0000] {logging_mixin.py:188} INFO - [2026-03-10T12:34:56.528+0000] {dagbag.py:545} INFO - Filling up the DagBag from /home/cloud/codings/airflow/dags/4_dag_PUSH_Updated_YML_To_Cortex.py
[2026-03-10T12:34:56.547+0000] {processor.py:840} INFO - DAG(s) '4_dag_PUSH_Updated_YML_To_Cortex' retrieved from /home/cloud/codings/airflow/dags/4_dag_PUSH_Updated_YML_To_Cortex.py
[2026-03-10T12:34:56.560+0000] {logging_mixin.py:188} INFO - [2026-03-10T12:34:56.560+0000] {dag.py:3089} INFO - Sync 1 DAGs
[2026-03-10T12:34:56.572+0000] {logging_mixin.py:188} INFO - [2026-03-10T12:34:56.572+0000] {dag.py:3947} INFO - Setting next_dagrun for 4_dag_PUSH_Updated_YML_To_Cortex to None, run_after=None
[2026-03-10T12:34:56.592+0000] {processor.py:183} INFO - Processing /home/cloud/codings/airflow/dags/4_dag_PUSH_Updated_YML_To_Cortex.py took 0.077 seconds
[2026-03-10T12:35:27.441+0000] {processor.py:161} INFO - Started process (PID=476304) to work on /home/cloud/codings/airflow/dags/4_dag_PUSH_Updated_YML_To_Cortex.py
[2026-03-10T12:35:27.446+0000] {processor.py:830} INFO - Processing file /home/cloud/codings/airflow/dags/4_dag_PUSH_Updated_YML_To_Cortex.py for tasks to queue
[2026-03-10T12:35:27.447+0000] {logging_mixin.py:188} INFO - [2026-03-10T12:35:27.446+0000] {dagbag.py:545} INFO - Filling up the DagBag from /home/cloud/codings/airflow/dags/4_dag_PUSH_Updated_YML_To_Cortex.py
[2026-03-10T12:35:27.468+0000] {processor.py:840} INFO - DAG(s) '4_dag_PUSH_Updated_YML_To_Cortex' retrieved from /home/cloud/codings/airflow/dags/4_dag_PUSH_Updated_YML_To_Cortex.py
[2026-03-10T12:35:27.483+0000] {logging_mixin.py:188} INFO - [2026-03-10T12:35:27.483+0000] {dag.py:3089} INFO - Sync 1 DAGs
[2026-03-10T12:35:27.497+0000] {logging_mixin.py:188} INFO - [2026-03-10T12:35:27.496+0000] {dag.py:3947} INFO - Setting next_dagrun for 4_dag_PUSH_Updated_YML_To_Cortex to None, run_after=None
[2026-03-10T12:35:27.520+0000] {processor.py:183} INFO - Processing /home/cloud/codings/airflow/dags/4_dag_PUSH_Updated_YML_To_Cortex.py took 0.086 seconds
[2026-03-10T12:35:58.340+0000] {processor.py:161} INFO - Started process (PID=476435) to work on /home/cloud/codings/airflow/dags/4_dag_PUSH_Updated_YML_To_Cortex.py
[2026-03-10T12:35:58.342+0000] {processor.py:830} INFO - Processing file /home/cloud/codings/airflow/dags/4_dag_PUSH_Updated_YML_To_Cortex.py for tasks to queue
[2026-03-10T12:35:58.343+0000] {logging_mixin.py:188} INFO - [2026-03-10T12:35:58.342+0000] {dagbag.py:545} INFO - Filling up the DagBag from /home/cloud/codings/airflow/dags/4_dag_PUSH_Updated_YML_To_Cortex.py
[2026-03-10T12:35:58.362+0000] {processor.py:840} INFO - DAG(s) '4_dag_PUSH_Updated_YML_To_Cortex' retrieved from /home/cloud/codings/airflow/dags/4_dag_PUSH_Updated_YML_To_Cortex.py
[2026-03-10T12:35:58.374+0000] {logging_mixin.py:188} INFO - [2026-03-10T12:35:58.374+0000] {dag.py:3089} INFO - Sync 1 DAGs
[2026-03-10T12:35:58.383+0000] {logging_mixin.py:188} INFO - [2026-03-10T12:35:58.383+0000] {dag.py:3947} INFO - Setting next_dagrun for 4_dag_PUSH_Updated_YML_To_Cortex to None, run_after=None
[2026-03-10T12:35:58.402+0000] {processor.py:183} INFO - Processing /home/cloud/codings/airflow/dags/4_dag_PUSH_Updated_YML_To_Cortex.py took 0.067 seconds
[2026-03-10T12:36:29.180+0000] {processor.py:161} INFO - Started process (PID=476508) to work on /home/cloud/codings/airflow/dags/4_dag_PUSH_Updated_YML_To_Cortex.py
[2026-03-10T12:36:29.184+0000] {processor.py:830} INFO - Processing file /home/cloud/codings/airflow/dags/4_dag_PUSH_Updated_YML_To_Cortex.py for tasks to queue
[2026-03-10T12:36:29.185+0000] {logging_mixin.py:188} INFO - [2026-03-10T12:36:29.185+0000] {dagbag.py:545} INFO - Filling up the DagBag from /home/cloud/codings/airflow/dags/4_dag_PUSH_Updated_YML_To_Cortex.py
[2026-03-10T12:36:29.204+0000] {processor.py:840} INFO - DAG(s) '4_dag_PUSH_Updated_YML_To_Cortex' retrieved from /home/cloud/codings/airflow/dags/4_dag_PUSH_Updated_YML_To_Cortex.py
[2026-03-10T12:36:29.219+0000] {logging_mixin.py:188} INFO - [2026-03-10T12:36:29.219+0000] {dag.py:3089} INFO - Sync 1 DAGs
[2026-03-10T12:36:29.231+0000] {logging_mixin.py:188} INFO - [2026-03-10T12:36:29.231+0000] {dag.py:3947} INFO - Setting next_dagrun for 4_dag_PUSH_Updated_YML_To_Cortex to None, run_after=None
[2026-03-10T12:36:29.253+0000] {processor.py:183} INFO - Processing /home/cloud/codings/airflow/dags/4_dag_PUSH_Updated_YML_To_Cortex.py took 0.078 seconds
[2026-03-10T12:36:59.924+0000] {processor.py:161} INFO - Started process (PID=476641) to work on /home/cloud/codings/airflow/dags/4_dag_PUSH_Updated_YML_To_Cortex.py
[2026-03-10T12:36:59.928+0000] {processor.py:830} INFO - Processing file /home/cloud/codings/airflow/dags/4_dag_PUSH_Updated_YML_To_Cortex.py for tasks to queue
[2026-03-10T12:36:59.930+0000] {logging_mixin.py:188} INFO - [2026-03-10T12:36:59.929+0000] {dagbag.py:545} INFO - Filling up the DagBag from /home/cloud/codings/airflow/dags/4_dag_PUSH_Updated_YML_To_Cortex.py
[2026-03-10T12:36:59.950+0000] {processor.py:840} INFO - DAG(s) '4_dag_PUSH_Updated_YML_To_Cortex' retrieved from /home/cloud/codings/airflow/dags/4_dag_PUSH_Updated_YML_To_Cortex.py
[2026-03-10T12:36:59.963+0000] {logging_mixin.py:188} INFO - [2026-03-10T12:36:59.963+0000] {dag.py:3089} INFO - Sync 1 DAGs
[2026-03-10T12:36:59.974+0000] {logging_mixin.py:188} INFO - [2026-03-10T12:36:59.974+0000] {dag.py:3947} INFO - Setting next_dagrun for 4_dag_PUSH_Updated_YML_To_Cortex to None, run_after=None
[2026-03-10T12:36:59.996+0000] {processor.py:183} INFO - Processing /home/cloud/codings/airflow/dags/4_dag_PUSH_Updated_YML_To_Cortex.py took 0.080 seconds
[2026-03-10T12:37:30.122+0000] {processor.py:161} INFO - Started process (PID=476714) to work on /home/cloud/codings/airflow/dags/4_dag_PUSH_Updated_YML_To_Cortex.py
[2026-03-10T12:37:30.123+0000] {processor.py:830} INFO - Processing file /home/cloud/codings/airflow/dags/4_dag_PUSH_Updated_YML_To_Cortex.py for tasks to queue
[2026-03-10T12:37:30.124+0000] {logging_mixin.py:188} INFO - [2026-03-10T12:37:30.123+0000] {dagbag.py:545} INFO - Filling up the DagBag from /home/cloud/codings/airflow/dags/4_dag_PUSH_Updated_YML_To_Cortex.py
[2026-03-10T12:37:30.147+0000] {processor.py:840} INFO - DAG(s) '4_dag_PUSH_Updated_YML_To_Cortex' retrieved from /home/cloud/codings/airflow/dags/4_dag_PUSH_Updated_YML_To_Cortex.py
[2026-03-10T12:37:30.161+0000] {logging_mixin.py:188} INFO - [2026-03-10T12:37:30.161+0000] {dag.py:3089} INFO - Sync 1 DAGs
[2026-03-10T12:37:30.171+0000] {logging_mixin.py:188} INFO - [2026-03-10T12:37:30.171+0000] {dag.py:3947} INFO - Setting next_dagrun for 4_dag_PUSH_Updated_YML_To_Cortex to None, run_after=None
[2026-03-10T12:37:30.193+0000] {processor.py:183} INFO - Processing /home/cloud/codings/airflow/dags/4_dag_PUSH_Updated_YML_To_Cortex.py took 0.077 seconds
[2026-03-10T12:38:00.529+0000] {processor.py:161} INFO - Started process (PID=476845) to work on /home/cloud/codings/airflow/dags/4_dag_PUSH_Updated_YML_To_Cortex.py
[2026-03-10T12:38:00.533+0000] {processor.py:830} INFO - Processing file /home/cloud/codings/airflow/dags/4_dag_PUSH_Updated_YML_To_Cortex.py for tasks to queue
[2026-03-10T12:38:00.534+0000] {logging_mixin.py:188} INFO - [2026-03-10T12:38:00.533+0000] {dagbag.py:545} INFO - Filling up the DagBag from /home/cloud/codings/airflow/dags/4_dag_PUSH_Updated_YML_To_Cortex.py
[2026-03-10T12:38:00.551+0000] {processor.py:840} INFO - DAG(s) '4_dag_PUSH_Updated_YML_To_Cortex' retrieved from /home/cloud/codings/airflow/dags/4_dag_PUSH_Updated_YML_To_Cortex.py
[2026-03-10T12:38:00.565+0000] {logging_mixin.py:188} INFO - [2026-03-10T12:38:00.565+0000] {dag.py:3089} INFO - Sync 1 DAGs
[2026-03-10T12:38:00.576+0000] {logging_mixin.py:188} INFO - [2026-03-10T12:38:00.576+0000] {dag.py:3947} INFO - Setting next_dagrun for 4_dag_PUSH_Updated_YML_To_Cortex to None, run_after=None
[2026-03-10T12:38:00.599+0000] {processor.py:183} INFO - Processing /home/cloud/codings/airflow/dags/4_dag_PUSH_Updated_YML_To_Cortex.py took 0.079 seconds
[2026-03-10T12:38:31.387+0000] {processor.py:161} INFO - Started process (PID=476920) to work on /home/cloud/codings/airflow/dags/4_dag_PUSH_Updated_YML_To_Cortex.py
[2026-03-10T12:38:31.392+0000] {processor.py:830} INFO - Processing file /home/cloud/codings/airflow/dags/4_dag_PUSH_Updated_YML_To_Cortex.py for tasks to queue
[2026-03-10T12:38:31.392+0000] {logging_mixin.py:188} INFO - [2026-03-10T12:38:31.392+0000] {dagbag.py:545} INFO - Filling up the DagBag from /home/cloud/codings/airflow/dags/4_dag_PUSH_Updated_YML_To_Cortex.py
[2026-03-10T12:38:31.410+0000] {processor.py:840} INFO - DAG(s) '4_dag_PUSH_Updated_YML_To_Cortex' retrieved from /home/cloud/codings/airflow/dags/4_dag_PUSH_Updated_YML_To_Cortex.py
[2026-03-10T12:38:31.422+0000] {logging_mixin.py:188} INFO - [2026-03-10T12:38:31.422+0000] {dag.py:3089} INFO - Sync 1 DAGs
[2026-03-10T12:38:31.433+0000] {logging_mixin.py:188} INFO - [2026-03-10T12:38:31.433+0000] {dag.py:3947} INFO - Setting next_dagrun for 4_dag_PUSH_Updated_YML_To_Cortex to None, run_after=None
[2026-03-10T12:38:31.453+0000] {processor.py:183} INFO - Processing /home/cloud/codings/airflow/dags/4_dag_PUSH_Updated_YML_To_Cortex.py took 0.070 seconds
[2026-03-10T12:39:01.691+0000] {processor.py:161} INFO - Started process (PID=477051) to work on /home/cloud/codings/airflow/dags/4_dag_PUSH_Updated_YML_To_Cortex.py
[2026-03-10T12:39:01.695+0000] {processor.py:830} INFO - Processing file /home/cloud/codings/airflow/dags/4_dag_PUSH_Updated_YML_To_Cortex.py for tasks to queue
[2026-03-10T12:39:01.697+0000] {logging_mixin.py:188} INFO - [2026-03-10T12:39:01.696+0000] {dagbag.py:545} INFO - Filling up the DagBag from /home/cloud/codings/airflow/dags/4_dag_PUSH_Updated_YML_To_Cortex.py
[2026-03-10T12:39:01.723+0000] {processor.py:840} INFO - DAG(s) '4_dag_PUSH_Updated_YML_To_Cortex' retrieved from /home/cloud/codings/airflow/dags/4_dag_PUSH_Updated_YML_To_Cortex.py
[2026-03-10T12:39:01.735+0000] {logging_mixin.py:188} INFO - [2026-03-10T12:39:01.735+0000] {dag.py:3089} INFO - Sync 1 DAGs
[2026-03-10T12:39:01.744+0000] {logging_mixin.py:188} INFO - [2026-03-10T12:39:01.744+0000] {dag.py:3947} INFO - Setting next_dagrun for 4_dag_PUSH_Updated_YML_To_Cortex to None, run_after=None
[2026-03-10T12:39:01.766+0000] {processor.py:183} INFO - Processing /home/cloud/codings/airflow/dags/4_dag_PUSH_Updated_YML_To_Cortex.py took 0.090 seconds
[2026-03-10T12:39:31.958+0000] {processor.py:161} INFO - Started process (PID=477125) to work on /home/cloud/codings/airflow/dags/4_dag_PUSH_Updated_YML_To_Cortex.py
[2026-03-10T12:39:31.959+0000] {processor.py:830} INFO - Processing file /home/cloud/codings/airflow/dags/4_dag_PUSH_Updated_YML_To_Cortex.py for tasks to queue
[2026-03-10T12:39:31.960+0000] {logging_mixin.py:188} INFO - [2026-03-10T12:39:31.959+0000] {dagbag.py:545} INFO - Filling up the DagBag from /home/cloud/codings/airflow/dags/4_dag_PUSH_Updated_YML_To_Cortex.py
[2026-03-10T12:39:31.978+0000] {processor.py:840} INFO - DAG(s) '4_dag_PUSH_Updated_YML_To_Cortex' retrieved from /home/cloud/codings/airflow/dags/4_dag_PUSH_Updated_YML_To_Cortex.py
[2026-03-10T12:39:31.989+0000] {logging_mixin.py:188} INFO - [2026-03-10T12:39:31.989+0000] {dag.py:3089} INFO - Sync 1 DAGs
[2026-03-10T12:39:31.999+0000] {logging_mixin.py:188} INFO - [2026-03-10T12:39:31.999+0000] {dag.py:3947} INFO - Setting next_dagrun for 4_dag_PUSH_Updated_YML_To_Cortex to None, run_after=None
[2026-03-10T12:39:32.020+0000] {processor.py:183} INFO - Processing /home/cloud/codings/airflow/dags/4_dag_PUSH_Updated_YML_To_Cortex.py took 0.068 seconds
[2026-03-10T12:40:02.246+0000] {processor.py:161} INFO - Started process (PID=477280) to work on /home/cloud/codings/airflow/dags/4_dag_PUSH_Updated_YML_To_Cortex.py
[2026-03-10T12:40:02.249+0000] {processor.py:830} INFO - Processing file /home/cloud/codings/airflow/dags/4_dag_PUSH_Updated_YML_To_Cortex.py for tasks to queue
[2026-03-10T12:40:02.251+0000] {logging_mixin.py:188} INFO - [2026-03-10T12:40:02.250+0000] {dagbag.py:545} INFO - Filling up the DagBag from /home/cloud/codings/airflow/dags/4_dag_PUSH_Updated_YML_To_Cortex.py
[2026-03-10T12:40:02.286+0000] {processor.py:840} INFO - DAG(s) '4_dag_PUSH_Updated_YML_To_Cortex' retrieved from /home/cloud/codings/airflow/dags/4_dag_PUSH_Updated_YML_To_Cortex.py
[2026-03-10T12:40:02.298+0000] {logging_mixin.py:188} INFO - [2026-03-10T12:40:02.298+0000] {dag.py:3089} INFO - Sync 1 DAGs
[2026-03-10T12:40:02.308+0000] {logging_mixin.py:188} INFO - [2026-03-10T12:40:02.308+0000] {dag.py:3947} INFO - Setting next_dagrun for 4_dag_PUSH_Updated_YML_To_Cortex to None, run_after=None
[2026-03-10T12:40:02.328+0000] {processor.py:183} INFO - Processing /home/cloud/codings/airflow/dags/4_dag_PUSH_Updated_YML_To_Cortex.py took 0.096 seconds
[2026-03-10T12:40:32.512+0000] {processor.py:161} INFO - Started process (PID=477413) to work on /home/cloud/codings/airflow/dags/4_dag_PUSH_Updated_YML_To_Cortex.py
[2026-03-10T12:40:32.513+0000] {processor.py:830} INFO - Processing file /home/cloud/codings/airflow/dags/4_dag_PUSH_Updated_YML_To_Cortex.py for tasks to queue
[2026-03-10T12:40:32.514+0000] {logging_mixin.py:188} INFO - [2026-03-10T12:40:32.513+0000] {dagbag.py:545} INFO - Filling up the DagBag from /home/cloud/codings/airflow/dags/4_dag_PUSH_Updated_YML_To_Cortex.py
[2026-03-10T12:40:32.538+0000] {processor.py:840} INFO - DAG(s) '4_dag_PUSH_Updated_YML_To_Cortex' retrieved from /home/cloud/codings/airflow/dags/4_dag_PUSH_Updated_YML_To_Cortex.py
[2026-03-10T12:40:32.555+0000] {logging_mixin.py:188} INFO - [2026-03-10T12:40:32.554+0000] {dag.py:3089} INFO - Sync 1 DAGs
[2026-03-10T12:40:32.568+0000] {logging_mixin.py:188} INFO - [2026-03-10T12:40:32.568+0000] {dag.py:3947} INFO - Setting next_dagrun for 4_dag_PUSH_Updated_YML_To_Cortex to None, run_after=None
[2026-03-10T12:40:32.590+0000] {processor.py:183} INFO - Processing /home/cloud/codings/airflow/dags/4_dag_PUSH_Updated_YML_To_Cortex.py took 0.085 seconds
[2026-03-10T12:41:02.918+0000] {processor.py:161} INFO - Started process (PID=477544) to work on /home/cloud/codings/airflow/dags/4_dag_PUSH_Updated_YML_To_Cortex.py
[2026-03-10T12:41:02.923+0000] {processor.py:830} INFO - Processing file /home/cloud/codings/airflow/dags/4_dag_PUSH_Updated_YML_To_Cortex.py for tasks to queue
[2026-03-10T12:41:02.924+0000] {logging_mixin.py:188} INFO - [2026-03-10T12:41:02.923+0000] {dagbag.py:545} INFO - Filling up the DagBag from /home/cloud/codings/airflow/dags/4_dag_PUSH_Updated_YML_To_Cortex.py
[2026-03-10T12:41:02.944+0000] {processor.py:840} INFO - DAG(s) '4_dag_PUSH_Updated_YML_To_Cortex' retrieved from /home/cloud/codings/airflow/dags/4_dag_PUSH_Updated_YML_To_Cortex.py
[2026-03-10T12:41:02.957+0000] {logging_mixin.py:188} INFO - [2026-03-10T12:41:02.957+0000] {dag.py:3089} INFO - Sync 1 DAGs
[2026-03-10T12:41:02.969+0000] {logging_mixin.py:188} INFO - [2026-03-10T12:41:02.969+0000] {dag.py:3947} INFO - Setting next_dagrun for 4_dag_PUSH_Updated_YML_To_Cortex to None, run_after=None
[2026-03-10T12:41:02.991+0000] {processor.py:183} INFO - Processing /home/cloud/codings/airflow/dags/4_dag_PUSH_Updated_YML_To_Cortex.py took 0.079 seconds
[2026-03-10T12:41:33.217+0000] {processor.py:161} INFO - Started process (PID=477617) to work on /home/cloud/codings/airflow/dags/4_dag_PUSH_Updated_YML_To_Cortex.py
[2026-03-10T12:41:33.219+0000] {processor.py:830} INFO - Processing file /home/cloud/codings/airflow/dags/4_dag_PUSH_Updated_YML_To_Cortex.py for tasks to queue
[2026-03-10T12:41:33.220+0000] {logging_mixin.py:188} INFO - [2026-03-10T12:41:33.219+0000] {dagbag.py:545} INFO - Filling up the DagBag from /home/cloud/codings/airflow/dags/4_dag_PUSH_Updated_YML_To_Cortex.py
[2026-03-10T12:41:33.241+0000] {processor.py:840} INFO - DAG(s) '4_dag_PUSH_Updated_YML_To_Cortex' retrieved from /home/cloud/codings/airflow/dags/4_dag_PUSH_Updated_YML_To_Cortex.py
[2026-03-10T12:41:33.255+0000] {logging_mixin.py:188} INFO - [2026-03-10T12:41:33.255+0000] {dag.py:3089} INFO - Sync 1 DAGs
[2026-03-10T12:41:33.269+0000] {logging_mixin.py:188} INFO - [2026-03-10T12:41:33.268+0000] {dag.py:3947} INFO - Setting next_dagrun for 4_dag_PUSH_Updated_YML_To_Cortex to None, run_after=None
[2026-03-10T12:41:33.290+0000] {processor.py:183} INFO - Processing /home/cloud/codings/airflow/dags/4_dag_PUSH_Updated_YML_To_Cortex.py took 0.078 seconds
[2026-03-10T12:42:03.485+0000] {processor.py:161} INFO - Started process (PID=477750) to work on /home/cloud/codings/airflow/dags/4_dag_PUSH_Updated_YML_To_Cortex.py
[2026-03-10T12:42:03.490+0000] {processor.py:830} INFO - Processing file /home/cloud/codings/airflow/dags/4_dag_PUSH_Updated_YML_To_Cortex.py for tasks to queue
[2026-03-10T12:42:03.491+0000] {logging_mixin.py:188} INFO - [2026-03-10T12:42:03.490+0000] {dagbag.py:545} INFO - Filling up the DagBag from /home/cloud/codings/airflow/dags/4_dag_PUSH_Updated_YML_To_Cortex.py
[2026-03-10T12:42:03.509+0000] {processor.py:840} INFO - DAG(s) '4_dag_PUSH_Updated_YML_To_Cortex' retrieved from /home/cloud/codings/airflow/dags/4_dag_PUSH_Updated_YML_To_Cortex.py
[2026-03-10T12:42:03.522+0000] {logging_mixin.py:188} INFO - [2026-03-10T12:42:03.522+0000] {dag.py:3089} INFO - Sync 1 DAGs
[2026-03-10T12:42:03.534+0000] {logging_mixin.py:188} INFO - [2026-03-10T12:42:03.534+0000] {dag.py:3947} INFO - Setting next_dagrun for 4_dag_PUSH_Updated_YML_To_Cortex to None, run_after=None
[2026-03-10T12:42:03.555+0000] {processor.py:183} INFO - Processing /home/cloud/codings/airflow/dags/4_dag_PUSH_Updated_YML_To_Cortex.py took 0.076 seconds
[2026-03-10T12:42:33.775+0000] {processor.py:161} INFO - Started process (PID=477823) to work on /home/cloud/codings/airflow/dags/4_dag_PUSH_Updated_YML_To_Cortex.py
[2026-03-10T12:42:33.780+0000] {processor.py:830} INFO - Processing file /home/cloud/codings/airflow/dags/4_dag_PUSH_Updated_YML_To_Cortex.py for tasks to queue
[2026-03-10T12:42:33.781+0000] {logging_mixin.py:188} INFO - [2026-03-10T12:42:33.781+0000] {dagbag.py:545} INFO - Filling up the DagBag from /home/cloud/codings/airflow/dags/4_dag_PUSH_Updated_YML_To_Cortex.py
[2026-03-10T12:42:33.802+0000] {processor.py:840} INFO - DAG(s) '4_dag_PUSH_Updated_YML_To_Cortex' retrieved from /home/cloud/codings/airflow/dags/4_dag_PUSH_Updated_YML_To_Cortex.py
[2026-03-10T12:42:33.816+0000] {logging_mixin.py:188} INFO - [2026-03-10T12:42:33.816+0000] {dag.py:3089} INFO - Sync 1 DAGs
[2026-03-10T12:42:33.830+0000] {logging_mixin.py:188} INFO - [2026-03-10T12:42:33.829+0000] {dag.py:3947} INFO - Setting next_dagrun for 4_dag_PUSH_Updated_YML_To_Cortex to None, run_after=None
[2026-03-10T12:42:33.851+0000] {processor.py:183} INFO - Processing /home/cloud/codings/airflow/dags/4_dag_PUSH_Updated_YML_To_Cortex.py took 0.085 seconds
[2026-03-10T12:43:04.041+0000] {processor.py:161} INFO - Started process (PID=477955) to work on /home/cloud/codings/airflow/dags/4_dag_PUSH_Updated_YML_To_Cortex.py
[2026-03-10T12:43:04.041+0000] {processor.py:830} INFO - Processing file /home/cloud/codings/airflow/dags/4_dag_PUSH_Updated_YML_To_Cortex.py for tasks to queue
[2026-03-10T12:43:04.042+0000] {logging_mixin.py:188} INFO - [2026-03-10T12:43:04.042+0000] {dagbag.py:545} INFO - Filling up the DagBag from /home/cloud/codings/airflow/dags/4_dag_PUSH_Updated_YML_To_Cortex.py
[2026-03-10T12:43:04.058+0000] {processor.py:840} INFO - DAG(s) '4_dag_PUSH_Updated_YML_To_Cortex' retrieved from /home/cloud/codings/airflow/dags/4_dag_PUSH_Updated_YML_To_Cortex.py
[2026-03-10T12:43:04.070+0000] {logging_mixin.py:188} INFO - [2026-03-10T12:43:04.070+0000] {dag.py:3089} INFO - Sync 1 DAGs
[2026-03-10T12:43:04.080+0000] {logging_mixin.py:188} INFO - [2026-03-10T12:43:04.080+0000] {dag.py:3947} INFO - Setting next_dagrun for 4_dag_PUSH_Updated_YML_To_Cortex to None, run_after=None
[2026-03-10T12:43:04.104+0000] {processor.py:183} INFO - Processing /home/cloud/codings/airflow/dags/4_dag_PUSH_Updated_YML_To_Cortex.py took 0.068 seconds
[2026-03-10T12:43:34.330+0000] {processor.py:161} INFO - Started process (PID=478028) to work on /home/cloud/codings/airflow/dags/4_dag_PUSH_Updated_YML_To_Cortex.py
[2026-03-10T12:43:34.335+0000] {processor.py:830} INFO - Processing file /home/cloud/codings/airflow/dags/4_dag_PUSH_Updated_YML_To_Cortex.py for tasks to queue
[2026-03-10T12:43:34.336+0000] {logging_mixin.py:188} INFO - [2026-03-10T12:43:34.335+0000] {dagbag.py:545} INFO - Filling up the DagBag from /home/cloud/codings/airflow/dags/4_dag_PUSH_Updated_YML_To_Cortex.py
[2026-03-10T12:43:34.355+0000] {processor.py:840} INFO - DAG(s) '4_dag_PUSH_Updated_YML_To_Cortex' retrieved from /home/cloud/codings/airflow/dags/4_dag_PUSH_Updated_YML_To_Cortex.py
[2026-03-10T12:43:34.367+0000] {logging_mixin.py:188} INFO - [2026-03-10T12:43:34.367+0000] {dag.py:3089} INFO - Sync 1 DAGs
[2026-03-10T12:43:34.376+0000] {logging_mixin.py:188} INFO - [2026-03-10T12:43:34.375+0000] {dag.py:3947} INFO - Setting next_dagrun for 4_dag_PUSH_Updated_YML_To_Cortex to None, run_after=None
[2026-03-10T12:43:34.398+0000] {processor.py:183} INFO - Processing /home/cloud/codings/airflow/dags/4_dag_PUSH_Updated_YML_To_Cortex.py took 0.078 seconds
[2026-03-10T12:44:04.642+0000] {processor.py:161} INFO - Started process (PID=478159) to work on /home/cloud/codings/airflow/dags/4_dag_PUSH_Updated_YML_To_Cortex.py
[2026-03-10T12:44:04.643+0000] {processor.py:830} INFO - Processing file /home/cloud/codings/airflow/dags/4_dag_PUSH_Updated_YML_To_Cortex.py for tasks to queue
[2026-03-10T12:44:04.644+0000] {logging_mixin.py:188} INFO - [2026-03-10T12:44:04.644+0000] {dagbag.py:545} INFO - Filling up the DagBag from /home/cloud/codings/airflow/dags/4_dag_PUSH_Updated_YML_To_Cortex.py
[2026-03-10T12:44:04.662+0000] {processor.py:840} INFO - DAG(s) '4_dag_PUSH_Updated_YML_To_Cortex' retrieved from /home/cloud/codings/airflow/dags/4_dag_PUSH_Updated_YML_To_Cortex.py
[2026-03-10T12:44:04.674+0000] {logging_mixin.py:188} INFO - [2026-03-10T12:44:04.673+0000] {dag.py:3089} INFO - Sync 1 DAGs
[2026-03-10T12:44:04.684+0000] {logging_mixin.py:188} INFO - [2026-03-10T12:44:04.684+0000] {dag.py:3947} INFO - Setting next_dagrun for 4_dag_PUSH_Updated_YML_To_Cortex to None, run_after=None
[2026-03-10T12:44:04.705+0000] {processor.py:183} INFO - Processing /home/cloud/codings/airflow/dags/4_dag_PUSH_Updated_YML_To_Cortex.py took 0.070 seconds
[2026-03-10T12:44:35.076+0000] {processor.py:161} INFO - Started process (PID=478232) to work on /home/cloud/codings/airflow/dags/4_dag_PUSH_Updated_YML_To_Cortex.py
[2026-03-10T12:44:35.080+0000] {processor.py:830} INFO - Processing file /home/cloud/codings/airflow/dags/4_dag_PUSH_Updated_YML_To_Cortex.py for tasks to queue
[2026-03-10T12:44:35.081+0000] {logging_mixin.py:188} INFO - [2026-03-10T12:44:35.081+0000] {dagbag.py:545} INFO - Filling up the DagBag from /home/cloud/codings/airflow/dags/4_dag_PUSH_Updated_YML_To_Cortex.py
[2026-03-10T12:44:35.101+0000] {processor.py:840} INFO - DAG(s) '4_dag_PUSH_Updated_YML_To_Cortex' retrieved from /home/cloud/codings/airflow/dags/4_dag_PUSH_Updated_YML_To_Cortex.py
[2026-03-10T12:44:35.114+0000] {logging_mixin.py:188} INFO - [2026-03-10T12:44:35.114+0000] {dag.py:3089} INFO - Sync 1 DAGs
[2026-03-10T12:44:35.125+0000] {logging_mixin.py:188} INFO - [2026-03-10T12:44:35.124+0000] {dag.py:3947} INFO - Setting next_dagrun for 4_dag_PUSH_Updated_YML_To_Cortex to None, run_after=None
[2026-03-10T12:44:35.146+0000] {processor.py:183} INFO - Processing /home/cloud/codings/airflow/dags/4_dag_PUSH_Updated_YML_To_Cortex.py took 0.076 seconds
[2026-03-10T12:45:05.196+0000] {processor.py:161} INFO - Started process (PID=478366) to work on /home/cloud/codings/airflow/dags/4_dag_PUSH_Updated_YML_To_Cortex.py
[2026-03-10T12:45:05.198+0000] {processor.py:830} INFO - Processing file /home/cloud/codings/airflow/dags/4_dag_PUSH_Updated_YML_To_Cortex.py for tasks to queue
[2026-03-10T12:45:05.199+0000] {logging_mixin.py:188} INFO - [2026-03-10T12:45:05.198+0000] {dagbag.py:545} INFO - Filling up the DagBag from /home/cloud/codings/airflow/dags/4_dag_PUSH_Updated_YML_To_Cortex.py
[2026-03-10T12:45:05.219+0000] {processor.py:840} INFO - DAG(s) '4_dag_PUSH_Updated_YML_To_Cortex' retrieved from /home/cloud/codings/airflow/dags/4_dag_PUSH_Updated_YML_To_Cortex.py
[2026-03-10T12:45:05.231+0000] {logging_mixin.py:188} INFO - [2026-03-10T12:45:05.231+0000] {dag.py:3089} INFO - Sync 1 DAGs
[2026-03-10T12:45:05.241+0000] {logging_mixin.py:188} INFO - [2026-03-10T12:45:05.241+0000] {dag.py:3947} INFO - Setting next_dagrun for 4_dag_PUSH_Updated_YML_To_Cortex to None, run_after=None
[2026-03-10T12:45:05.262+0000] {processor.py:183} INFO - Processing /home/cloud/codings/airflow/dags/4_dag_PUSH_Updated_YML_To_Cortex.py took 0.077 seconds
[2026-03-10T12:45:35.482+0000] {processor.py:161} INFO - Started process (PID=478499) to work on /home/cloud/codings/airflow/dags/4_dag_PUSH_Updated_YML_To_Cortex.py
[2026-03-10T12:45:35.487+0000] {processor.py:830} INFO - Processing file /home/cloud/codings/airflow/dags/4_dag_PUSH_Updated_YML_To_Cortex.py for tasks to queue
[2026-03-10T12:45:35.489+0000] {logging_mixin.py:188} INFO - [2026-03-10T12:45:35.489+0000] {dagbag.py:545} INFO - Filling up the DagBag from /home/cloud/codings/airflow/dags/4_dag_PUSH_Updated_YML_To_Cortex.py
[2026-03-10T12:45:35.514+0000] {processor.py:840} INFO - DAG(s) '4_dag_PUSH_Updated_YML_To_Cortex' retrieved from /home/cloud/codings/airflow/dags/4_dag_PUSH_Updated_YML_To_Cortex.py
[2026-03-10T12:45:35.526+0000] {logging_mixin.py:188} INFO - [2026-03-10T12:45:35.526+0000] {dag.py:3089} INFO - Sync 1 DAGs
[2026-03-10T12:45:35.535+0000] {logging_mixin.py:188} INFO - [2026-03-10T12:45:35.535+0000] {dag.py:3947} INFO - Setting next_dagrun for 4_dag_PUSH_Updated_YML_To_Cortex to None, run_after=None
[2026-03-10T12:45:35.558+0000] {processor.py:183} INFO - Processing /home/cloud/codings/airflow/dags/4_dag_PUSH_Updated_YML_To_Cortex.py took 0.090 seconds
[2026-03-10T12:46:06.095+0000] {processor.py:161} INFO - Started process (PID=478630) to work on /home/cloud/codings/airflow/dags/4_dag_PUSH_Updated_YML_To_Cortex.py
[2026-03-10T12:46:06.096+0000] {processor.py:830} INFO - Processing file /home/cloud/codings/airflow/dags/4_dag_PUSH_Updated_YML_To_Cortex.py for tasks to queue
[2026-03-10T12:46:06.096+0000] {logging_mixin.py:188} INFO - [2026-03-10T12:46:06.096+0000] {dagbag.py:545} INFO - Filling up the DagBag from /home/cloud/codings/airflow/dags/4_dag_PUSH_Updated_YML_To_Cortex.py
[2026-03-10T12:46:06.115+0000] {processor.py:840} INFO - DAG(s) '4_dag_PUSH_Updated_YML_To_Cortex' retrieved from /home/cloud/codings/airflow/dags/4_dag_PUSH_Updated_YML_To_Cortex.py
[2026-03-10T12:46:06.129+0000] {logging_mixin.py:188} INFO - [2026-03-10T12:46:06.129+0000] {dag.py:3089} INFO - Sync 1 DAGs
[2026-03-10T12:46:06.138+0000] {logging_mixin.py:188} INFO - [2026-03-10T12:46:06.138+0000] {dag.py:3947} INFO - Setting next_dagrun for 4_dag_PUSH_Updated_YML_To_Cortex to None, run_after=None
[2026-03-10T12:46:06.162+0000] {processor.py:183} INFO - Processing /home/cloud/codings/airflow/dags/4_dag_PUSH_Updated_YML_To_Cortex.py took 0.073 seconds
[2026-03-10T12:46:36.335+0000] {processor.py:161} INFO - Started process (PID=478703) to work on /home/cloud/codings/airflow/dags/4_dag_PUSH_Updated_YML_To_Cortex.py
[2026-03-10T12:46:36.336+0000] {processor.py:830} INFO - Processing file /home/cloud/codings/airflow/dags/4_dag_PUSH_Updated_YML_To_Cortex.py for tasks to queue
[2026-03-10T12:46:36.337+0000] {logging_mixin.py:188} INFO - [2026-03-10T12:46:36.337+0000] {dagbag.py:545} INFO - Filling up the DagBag from /home/cloud/codings/airflow/dags/4_dag_PUSH_Updated_YML_To_Cortex.py
[2026-03-10T12:46:36.356+0000] {processor.py:840} INFO - DAG(s) '4_dag_PUSH_Updated_YML_To_Cortex' retrieved from /home/cloud/codings/airflow/dags/4_dag_PUSH_Updated_YML_To_Cortex.py
[2026-03-10T12:46:36.369+0000] {logging_mixin.py:188} INFO - [2026-03-10T12:46:36.369+0000] {dag.py:3089} INFO - Sync 1 DAGs
[2026-03-10T12:46:36.382+0000] {logging_mixin.py:188} INFO - [2026-03-10T12:46:36.381+0000] {dag.py:3947} INFO - Setting next_dagrun for 4_dag_PUSH_Updated_YML_To_Cortex to None, run_after=None
[2026-03-10T12:46:36.404+0000] {processor.py:183} INFO - Processing /home/cloud/codings/airflow/dags/4_dag_PUSH_Updated_YML_To_Cortex.py took 0.077 seconds
[2026-03-10T12:47:07.058+0000] {processor.py:161} INFO - Started process (PID=478837) to work on /home/cloud/codings/airflow/dags/4_dag_PUSH_Updated_YML_To_Cortex.py
[2026-03-10T12:47:07.059+0000] {processor.py:830} INFO - Processing file /home/cloud/codings/airflow/dags/4_dag_PUSH_Updated_YML_To_Cortex.py for tasks to queue
[2026-03-10T12:47:07.060+0000] {logging_mixin.py:188} INFO - [2026-03-10T12:47:07.060+0000] {dagbag.py:545} INFO - Filling up the DagBag from /home/cloud/codings/airflow/dags/4_dag_PUSH_Updated_YML_To_Cortex.py
[2026-03-10T12:47:07.082+0000] {processor.py:840} INFO - DAG(s) '4_dag_PUSH_Updated_YML_To_Cortex' retrieved from /home/cloud/codings/airflow/dags/4_dag_PUSH_Updated_YML_To_Cortex.py
[2026-03-10T12:47:07.095+0000] {logging_mixin.py:188} INFO - [2026-03-10T12:47:07.094+0000] {dag.py:3089} INFO - Sync 1 DAGs
[2026-03-10T12:47:07.105+0000] {logging_mixin.py:188} INFO - [2026-03-10T12:47:07.105+0000] {dag.py:3947} INFO - Setting next_dagrun for 4_dag_PUSH_Updated_YML_To_Cortex to None, run_after=None
[2026-03-10T12:47:07.126+0000] {processor.py:183} INFO - Processing /home/cloud/codings/airflow/dags/4_dag_PUSH_Updated_YML_To_Cortex.py took 0.073 seconds
[2026-03-10T12:47:37.883+0000] {processor.py:161} INFO - Started process (PID=478913) to work on /home/cloud/codings/airflow/dags/4_dag_PUSH_Updated_YML_To_Cortex.py
[2026-03-10T12:47:37.885+0000] {processor.py:830} INFO - Processing file /home/cloud/codings/airflow/dags/4_dag_PUSH_Updated_YML_To_Cortex.py for tasks to queue
[2026-03-10T12:47:37.888+0000] {logging_mixin.py:188} INFO - [2026-03-10T12:47:37.887+0000] {dagbag.py:545} INFO - Filling up the DagBag from /home/cloud/codings/airflow/dags/4_dag_PUSH_Updated_YML_To_Cortex.py
[2026-03-10T12:47:37.915+0000] {processor.py:840} INFO - DAG(s) '4_dag_PUSH_Updated_YML_To_Cortex' retrieved from /home/cloud/codings/airflow/dags/4_dag_PUSH_Updated_YML_To_Cortex.py
[2026-03-10T12:47:37.926+0000] {logging_mixin.py:188} INFO - [2026-03-10T12:47:37.926+0000] {dag.py:3089} INFO - Sync 1 DAGs
[2026-03-10T12:47:37.935+0000] {logging_mixin.py:188} INFO - [2026-03-10T12:47:37.935+0000] {dag.py:3947} INFO - Setting next_dagrun for 4_dag_PUSH_Updated_YML_To_Cortex to None, run_after=None
[2026-03-10T12:47:37.958+0000] {processor.py:183} INFO - Processing /home/cloud/codings/airflow/dags/4_dag_PUSH_Updated_YML_To_Cortex.py took 0.089 seconds
[2026-03-10T12:48:08.730+0000] {processor.py:161} INFO - Started process (PID=479044) to work on /home/cloud/codings/airflow/dags/4_dag_PUSH_Updated_YML_To_Cortex.py
[2026-03-10T12:48:08.735+0000] {processor.py:830} INFO - Processing file /home/cloud/codings/airflow/dags/4_dag_PUSH_Updated_YML_To_Cortex.py for tasks to queue
[2026-03-10T12:48:08.737+0000] {logging_mixin.py:188} INFO - [2026-03-10T12:48:08.736+0000] {dagbag.py:545} INFO - Filling up the DagBag from /home/cloud/codings/airflow/dags/4_dag_PUSH_Updated_YML_To_Cortex.py
[2026-03-10T12:48:08.758+0000] {processor.py:840} INFO - DAG(s) '4_dag_PUSH_Updated_YML_To_Cortex' retrieved from /home/cloud/codings/airflow/dags/4_dag_PUSH_Updated_YML_To_Cortex.py
[2026-03-10T12:48:08.768+0000] {logging_mixin.py:188} INFO - [2026-03-10T12:48:08.768+0000] {dag.py:3089} INFO - Sync 1 DAGs
[2026-03-10T12:48:08.778+0000] {logging_mixin.py:188} INFO - [2026-03-10T12:48:08.778+0000] {dag.py:3947} INFO - Setting next_dagrun for 4_dag_PUSH_Updated_YML_To_Cortex to None, run_after=None
[2026-03-10T12:48:08.799+0000] {processor.py:183} INFO - Processing /home/cloud/codings/airflow/dags/4_dag_PUSH_Updated_YML_To_Cortex.py took 0.075 seconds
[2026-03-10T12:48:39.565+0000] {processor.py:161} INFO - Started process (PID=479119) to work on /home/cloud/codings/airflow/dags/4_dag_PUSH_Updated_YML_To_Cortex.py
[2026-03-10T12:48:39.565+0000] {processor.py:830} INFO - Processing file /home/cloud/codings/airflow/dags/4_dag_PUSH_Updated_YML_To_Cortex.py for tasks to queue
[2026-03-10T12:48:39.566+0000] {logging_mixin.py:188} INFO - [2026-03-10T12:48:39.566+0000] {dagbag.py:545} INFO - Filling up the DagBag from /home/cloud/codings/airflow/dags/4_dag_PUSH_Updated_YML_To_Cortex.py
[2026-03-10T12:48:39.586+0000] {processor.py:840} INFO - DAG(s) '4_dag_PUSH_Updated_YML_To_Cortex' retrieved from /home/cloud/codings/airflow/dags/4_dag_PUSH_Updated_YML_To_Cortex.py
[2026-03-10T12:48:39.599+0000] {logging_mixin.py:188} INFO - [2026-03-10T12:48:39.599+0000] {dag.py:3089} INFO - Sync 1 DAGs
[2026-03-10T12:48:39.609+0000] {logging_mixin.py:188} INFO - [2026-03-10T12:48:39.609+0000] {dag.py:3947} INFO - Setting next_dagrun for 4_dag_PUSH_Updated_YML_To_Cortex to None, run_after=None
[2026-03-10T12:48:39.632+0000] {processor.py:183} INFO - Processing /home/cloud/codings/airflow/dags/4_dag_PUSH_Updated_YML_To_Cortex.py took 0.073 seconds
[2026-03-10T12:49:10.391+0000] {processor.py:161} INFO - Started process (PID=479250) to work on /home/cloud/codings/airflow/dags/4_dag_PUSH_Updated_YML_To_Cortex.py
[2026-03-10T12:49:10.393+0000] {processor.py:830} INFO - Processing file /home/cloud/codings/airflow/dags/4_dag_PUSH_Updated_YML_To_Cortex.py for tasks to queue
[2026-03-10T12:49:10.393+0000] {logging_mixin.py:188} INFO - [2026-03-10T12:49:10.393+0000] {dagbag.py:545} INFO - Filling up the DagBag from /home/cloud/codings/airflow/dags/4_dag_PUSH_Updated_YML_To_Cortex.py
[2026-03-10T12:49:10.412+0000] {processor.py:840} INFO - DAG(s) '4_dag_PUSH_Updated_YML_To_Cortex' retrieved from /home/cloud/codings/airflow/dags/4_dag_PUSH_Updated_YML_To_Cortex.py
[2026-03-10T12:49:10.426+0000] {logging_mixin.py:188} INFO - [2026-03-10T12:49:10.426+0000] {dag.py:3089} INFO - Sync 1 DAGs
[2026-03-10T12:49:10.438+0000] {logging_mixin.py:188} INFO - [2026-03-10T12:49:10.438+0000] {dag.py:3947} INFO - Setting next_dagrun for 4_dag_PUSH_Updated_YML_To_Cortex to None, run_after=None
[2026-03-10T12:49:10.458+0000] {processor.py:183} INFO - Processing /home/cloud/codings/airflow/dags/4_dag_PUSH_Updated_YML_To_Cortex.py took 0.072 seconds
[2026-03-10T12:49:41.246+0000] {processor.py:161} INFO - Started process (PID=479348) to work on /home/cloud/codings/airflow/dags/4_dag_PUSH_Updated_YML_To_Cortex.py
[2026-03-10T12:49:41.248+0000] {processor.py:830} INFO - Processing file /home/cloud/codings/airflow/dags/4_dag_PUSH_Updated_YML_To_Cortex.py for tasks to queue
[2026-03-10T12:49:41.249+0000] {logging_mixin.py:188} INFO - [2026-03-10T12:49:41.249+0000] {dagbag.py:545} INFO - Filling up the DagBag from /home/cloud/codings/airflow/dags/4_dag_PUSH_Updated_YML_To_Cortex.py
[2026-03-10T12:49:41.272+0000] {processor.py:840} INFO - DAG(s) '4_dag_PUSH_Updated_YML_To_Cortex' retrieved from /home/cloud/codings/airflow/dags/4_dag_PUSH_Updated_YML_To_Cortex.py
[2026-03-10T12:49:41.284+0000] {logging_mixin.py:188} INFO - [2026-03-10T12:49:41.284+0000] {dag.py:3089} INFO - Sync 1 DAGs
[2026-03-10T12:49:41.293+0000] {logging_mixin.py:188} INFO - [2026-03-10T12:49:41.292+0000] {dag.py:3947} INFO - Setting next_dagrun for 4_dag_PUSH_Updated_YML_To_Cortex to None, run_after=None
[2026-03-10T12:49:41.322+0000] {processor.py:183} INFO - Processing /home/cloud/codings/airflow/dags/4_dag_PUSH_Updated_YML_To_Cortex.py took 0.086 seconds
[2026-03-10T12:50:11.516+0000] {processor.py:161} INFO - Started process (PID=479455) to work on /home/cloud/codings/airflow/dags/4_dag_PUSH_Updated_YML_To_Cortex.py
[2026-03-10T12:50:11.521+0000] {processor.py:830} INFO - Processing file /home/cloud/codings/airflow/dags/4_dag_PUSH_Updated_YML_To_Cortex.py for tasks to queue
[2026-03-10T12:50:11.522+0000] {logging_mixin.py:188} INFO - [2026-03-10T12:50:11.522+0000] {dagbag.py:545} INFO - Filling up the DagBag from /home/cloud/codings/airflow/dags/4_dag_PUSH_Updated_YML_To_Cortex.py
[2026-03-10T12:50:11.540+0000] {processor.py:840} INFO - DAG(s) '4_dag_PUSH_Updated_YML_To_Cortex' retrieved from /home/cloud/codings/airflow/dags/4_dag_PUSH_Updated_YML_To_Cortex.py
[2026-03-10T12:50:11.552+0000] {logging_mixin.py:188} INFO - [2026-03-10T12:50:11.552+0000] {dag.py:3089} INFO - Sync 1 DAGs
[2026-03-10T12:50:11.563+0000] {logging_mixin.py:188} INFO - [2026-03-10T12:50:11.563+0000] {dag.py:3947} INFO - Setting next_dagrun for 4_dag_PUSH_Updated_YML_To_Cortex to None, run_after=None
[2026-03-10T12:50:11.586+0000] {processor.py:183} INFO - Processing /home/cloud/codings/airflow/dags/4_dag_PUSH_Updated_YML_To_Cortex.py took 0.075 seconds
[2026-03-10T12:50:42.269+0000] {processor.py:161} INFO - Started process (PID=479613) to work on /home/cloud/codings/airflow/dags/4_dag_PUSH_Updated_YML_To_Cortex.py
[2026-03-10T12:50:42.271+0000] {processor.py:830} INFO - Processing file /home/cloud/codings/airflow/dags/4_dag_PUSH_Updated_YML_To_Cortex.py for tasks to queue
[2026-03-10T12:50:42.273+0000] {logging_mixin.py:188} INFO - [2026-03-10T12:50:42.272+0000] {dagbag.py:545} INFO - Filling up the DagBag from /home/cloud/codings/airflow/dags/4_dag_PUSH_Updated_YML_To_Cortex.py
[2026-03-10T12:50:42.309+0000] {processor.py:840} INFO - DAG(s) '4_dag_PUSH_Updated_YML_To_Cortex' retrieved from /home/cloud/codings/airflow/dags/4_dag_PUSH_Updated_YML_To_Cortex.py
[2026-03-10T12:50:42.322+0000] {logging_mixin.py:188} INFO - [2026-03-10T12:50:42.322+0000] {dag.py:3089} INFO - Sync 1 DAGs
[2026-03-10T12:50:42.333+0000] {logging_mixin.py:188} INFO - [2026-03-10T12:50:42.332+0000] {dag.py:3947} INFO - Setting next_dagrun for 4_dag_PUSH_Updated_YML_To_Cortex to None, run_after=None
[2026-03-10T12:50:42.352+0000] {processor.py:183} INFO - Processing /home/cloud/codings/airflow/dags/4_dag_PUSH_Updated_YML_To_Cortex.py took 0.096 seconds
[2026-03-10T12:51:13.096+0000] {processor.py:161} INFO - Started process (PID=479722) to work on /home/cloud/codings/airflow/dags/4_dag_PUSH_Updated_YML_To_Cortex.py
[2026-03-10T12:51:13.101+0000] {processor.py:830} INFO - Processing file /home/cloud/codings/airflow/dags/4_dag_PUSH_Updated_YML_To_Cortex.py for tasks to queue
[2026-03-10T12:51:13.102+0000] {logging_mixin.py:188} INFO - [2026-03-10T12:51:13.102+0000] {dagbag.py:545} INFO - Filling up the DagBag from /home/cloud/codings/airflow/dags/4_dag_PUSH_Updated_YML_To_Cortex.py
[2026-03-10T12:51:13.123+0000] {processor.py:840} INFO - DAG(s) '4_dag_PUSH_Updated_YML_To_Cortex' retrieved from /home/cloud/codings/airflow/dags/4_dag_PUSH_Updated_YML_To_Cortex.py
[2026-03-10T12:51:13.139+0000] {logging_mixin.py:188} INFO - [2026-03-10T12:51:13.138+0000] {dag.py:3089} INFO - Sync 1 DAGs
[2026-03-10T12:51:13.152+0000] {logging_mixin.py:188} INFO - [2026-03-10T12:51:13.151+0000] {dag.py:3947} INFO - Setting next_dagrun for 4_dag_PUSH_Updated_YML_To_Cortex to None, run_after=None
[2026-03-10T12:51:13.175+0000] {processor.py:183} INFO - Processing /home/cloud/codings/airflow/dags/4_dag_PUSH_Updated_YML_To_Cortex.py took 0.084 seconds
[2026-03-10T12:51:43.805+0000] {processor.py:161} INFO - Started process (PID=479855) to work on /home/cloud/codings/airflow/dags/4_dag_PUSH_Updated_YML_To_Cortex.py
[2026-03-10T12:51:43.808+0000] {processor.py:830} INFO - Processing file /home/cloud/codings/airflow/dags/4_dag_PUSH_Updated_YML_To_Cortex.py for tasks to queue
[2026-03-10T12:51:43.810+0000] {logging_mixin.py:188} INFO - [2026-03-10T12:51:43.809+0000] {dagbag.py:545} INFO - Filling up the DagBag from /home/cloud/codings/airflow/dags/4_dag_PUSH_Updated_YML_To_Cortex.py
[2026-03-10T12:51:43.833+0000] {processor.py:840} INFO - DAG(s) '4_dag_PUSH_Updated_YML_To_Cortex' retrieved from /home/cloud/codings/airflow/dags/4_dag_PUSH_Updated_YML_To_Cortex.py
[2026-03-10T12:51:43.846+0000] {logging_mixin.py:188} INFO - [2026-03-10T12:51:43.846+0000] {dag.py:3089} INFO - Sync 1 DAGs
[2026-03-10T12:51:43.855+0000] {logging_mixin.py:188} INFO - [2026-03-10T12:51:43.854+0000] {dag.py:3947} INFO - Setting next_dagrun for 4_dag_PUSH_Updated_YML_To_Cortex to None, run_after=None
[2026-03-10T12:51:43.877+0000] {processor.py:183} INFO - Processing /home/cloud/codings/airflow/dags/4_dag_PUSH_Updated_YML_To_Cortex.py took 0.081 seconds
[2026-03-10T12:52:14.912+0000] {processor.py:161} INFO - Started process (PID=479928) to work on /home/cloud/codings/airflow/dags/4_dag_PUSH_Updated_YML_To_Cortex.py
[2026-03-10T12:52:14.915+0000] {processor.py:830} INFO - Processing file /home/cloud/codings/airflow/dags/4_dag_PUSH_Updated_YML_To_Cortex.py for tasks to queue
[2026-03-10T12:52:14.919+0000] {logging_mixin.py:188} INFO - [2026-03-10T12:52:14.918+0000] {dagbag.py:545} INFO - Filling up the DagBag from /home/cloud/codings/airflow/dags/4_dag_PUSH_Updated_YML_To_Cortex.py
[2026-03-10T12:52:14.988+0000] {processor.py:840} INFO - DAG(s) '4_dag_PUSH_Updated_YML_To_Cortex' retrieved from /home/cloud/codings/airflow/dags/4_dag_PUSH_Updated_YML_To_Cortex.py
[2026-03-10T12:52:15.021+0000] {logging_mixin.py:188} INFO - [2026-03-10T12:52:15.021+0000] {dag.py:3089} INFO - Sync 1 DAGs
[2026-03-10T12:52:15.048+0000] {logging_mixin.py:188} INFO - [2026-03-10T12:52:15.047+0000] {dag.py:3947} INFO - Setting next_dagrun for 4_dag_PUSH_Updated_YML_To_Cortex to None, run_after=None
[2026-03-10T12:52:15.108+0000] {processor.py:183} INFO - Processing /home/cloud/codings/airflow/dags/4_dag_PUSH_Updated_YML_To_Cortex.py took 0.218 seconds
[2026-03-10T12:52:45.358+0000] {processor.py:161} INFO - Started process (PID=480063) to work on /home/cloud/codings/airflow/dags/4_dag_PUSH_Updated_YML_To_Cortex.py
[2026-03-10T12:52:45.359+0000] {processor.py:830} INFO - Processing file /home/cloud/codings/airflow/dags/4_dag_PUSH_Updated_YML_To_Cortex.py for tasks to queue
[2026-03-10T12:52:45.361+0000] {logging_mixin.py:188} INFO - [2026-03-10T12:52:45.361+0000] {dagbag.py:545} INFO - Filling up the DagBag from /home/cloud/codings/airflow/dags/4_dag_PUSH_Updated_YML_To_Cortex.py
[2026-03-10T12:52:45.389+0000] {processor.py:840} INFO - DAG(s) '4_dag_PUSH_Updated_YML_To_Cortex' retrieved from /home/cloud/codings/airflow/dags/4_dag_PUSH_Updated_YML_To_Cortex.py
[2026-03-10T12:52:45.407+0000] {logging_mixin.py:188} INFO - [2026-03-10T12:52:45.407+0000] {dag.py:3089} INFO - Sync 1 DAGs
[2026-03-10T12:52:45.422+0000] {logging_mixin.py:188} INFO - [2026-03-10T12:52:45.422+0000] {dag.py:3947} INFO - Setting next_dagrun for 4_dag_PUSH_Updated_YML_To_Cortex to None, run_after=None
[2026-03-10T12:52:45.450+0000] {processor.py:183} INFO - Processing /home/cloud/codings/airflow/dags/4_dag_PUSH_Updated_YML_To_Cortex.py took 0.100 seconds
[2026-03-10T12:53:15.859+0000] {processor.py:161} INFO - Started process (PID=480131) to work on /home/cloud/codings/airflow/dags/4_dag_PUSH_Updated_YML_To_Cortex.py
[2026-03-10T12:53:15.884+0000] {processor.py:830} INFO - Processing file /home/cloud/codings/airflow/dags/4_dag_PUSH_Updated_YML_To_Cortex.py for tasks to queue
[2026-03-10T12:53:15.885+0000] {logging_mixin.py:188} INFO - [2026-03-10T12:53:15.885+0000] {dagbag.py:545} INFO - Filling up the DagBag from /home/cloud/codings/airflow/dags/4_dag_PUSH_Updated_YML_To_Cortex.py
[2026-03-10T12:53:15.907+0000] {processor.py:840} INFO - DAG(s) '4_dag_PUSH_Updated_YML_To_Cortex' retrieved from /home/cloud/codings/airflow/dags/4_dag_PUSH_Updated_YML_To_Cortex.py
[2026-03-10T12:53:15.940+0000] {logging_mixin.py:188} INFO - [2026-03-10T12:53:15.940+0000] {dag.py:3089} INFO - Sync 1 DAGs
[2026-03-10T12:53:15.954+0000] {logging_mixin.py:188} INFO - [2026-03-10T12:53:15.954+0000] {dag.py:3947} INFO - Setting next_dagrun for 4_dag_PUSH_Updated_YML_To_Cortex to None, run_after=None
[2026-03-10T12:53:15.978+0000] {processor.py:183} INFO - Processing /home/cloud/codings/airflow/dags/4_dag_PUSH_Updated_YML_To_Cortex.py took 0.125 seconds
[2026-03-10T12:53:46.363+0000] {processor.py:161} INFO - Started process (PID=480263) to work on /home/cloud/codings/airflow/dags/4_dag_PUSH_Updated_YML_To_Cortex.py
[2026-03-10T12:53:46.364+0000] {processor.py:830} INFO - Processing file /home/cloud/codings/airflow/dags/4_dag_PUSH_Updated_YML_To_Cortex.py for tasks to queue
[2026-03-10T12:53:46.364+0000] {logging_mixin.py:188} INFO - [2026-03-10T12:53:46.364+0000] {dagbag.py:545} INFO - Filling up the DagBag from /home/cloud/codings/airflow/dags/4_dag_PUSH_Updated_YML_To_Cortex.py
[2026-03-10T12:53:46.385+0000] {processor.py:840} INFO - DAG(s) '4_dag_PUSH_Updated_YML_To_Cortex' retrieved from /home/cloud/codings/airflow/dags/4_dag_PUSH_Updated_YML_To_Cortex.py
[2026-03-10T12:53:46.410+0000] {logging_mixin.py:188} INFO - [2026-03-10T12:53:46.410+0000] {dag.py:3089} INFO - Sync 1 DAGs
[2026-03-10T12:53:46.430+0000] {logging_mixin.py:188} INFO - [2026-03-10T12:53:46.430+0000] {dag.py:3947} INFO - Setting next_dagrun for 4_dag_PUSH_Updated_YML_To_Cortex to None, run_after=None
[2026-03-10T12:53:46.456+0000] {processor.py:183} INFO - Processing /home/cloud/codings/airflow/dags/4_dag_PUSH_Updated_YML_To_Cortex.py took 0.100 seconds
[2026-03-10T12:54:16.941+0000] {processor.py:161} INFO - Started process (PID=480334) to work on /home/cloud/codings/airflow/dags/4_dag_PUSH_Updated_YML_To_Cortex.py
[2026-03-10T12:54:16.946+0000] {processor.py:830} INFO - Processing file /home/cloud/codings/airflow/dags/4_dag_PUSH_Updated_YML_To_Cortex.py for tasks to queue
[2026-03-10T12:54:16.950+0000] {logging_mixin.py:188} INFO - [2026-03-10T12:54:16.949+0000] {dagbag.py:545} INFO - Filling up the DagBag from /home/cloud/codings/airflow/dags/4_dag_PUSH_Updated_YML_To_Cortex.py
[2026-03-10T12:54:17.027+0000] {processor.py:840} INFO - DAG(s) '4_dag_PUSH_Updated_YML_To_Cortex' retrieved from /home/cloud/codings/airflow/dags/4_dag_PUSH_Updated_YML_To_Cortex.py
[2026-03-10T12:54:17.079+0000] {logging_mixin.py:188} INFO - [2026-03-10T12:54:17.078+0000] {dag.py:3089} INFO - Sync 1 DAGs
[2026-03-10T12:54:17.104+0000] {logging_mixin.py:188} INFO - [2026-03-10T12:54:17.104+0000] {dag.py:3947} INFO - Setting next_dagrun for 4_dag_PUSH_Updated_YML_To_Cortex to None, run_after=None
[2026-03-10T12:54:17.153+0000] {processor.py:183} INFO - Processing /home/cloud/codings/airflow/dags/4_dag_PUSH_Updated_YML_To_Cortex.py took 0.236 seconds
[2026-03-10T12:54:47.623+0000] {processor.py:161} INFO - Started process (PID=480469) to work on /home/cloud/codings/airflow/dags/4_dag_PUSH_Updated_YML_To_Cortex.py
[2026-03-10T12:54:47.647+0000] {processor.py:830} INFO - Processing file /home/cloud/codings/airflow/dags/4_dag_PUSH_Updated_YML_To_Cortex.py for tasks to queue
[2026-03-10T12:54:47.651+0000] {logging_mixin.py:188} INFO - [2026-03-10T12:54:47.649+0000] {dagbag.py:545} INFO - Filling up the DagBag from /home/cloud/codings/airflow/dags/4_dag_PUSH_Updated_YML_To_Cortex.py
[2026-03-10T12:54:47.727+0000] {processor.py:840} INFO - DAG(s) '4_dag_PUSH_Updated_YML_To_Cortex' retrieved from /home/cloud/codings/airflow/dags/4_dag_PUSH_Updated_YML_To_Cortex.py
[2026-03-10T12:54:47.756+0000] {logging_mixin.py:188} INFO - [2026-03-10T12:54:47.756+0000] {dag.py:3089} INFO - Sync 1 DAGs
[2026-03-10T12:54:47.780+0000] {logging_mixin.py:188} INFO - [2026-03-10T12:54:47.780+0000] {dag.py:3947} INFO - Setting next_dagrun for 4_dag_PUSH_Updated_YML_To_Cortex to None, run_after=None
[2026-03-10T12:54:47.860+0000] {processor.py:183} INFO - Processing /home/cloud/codings/airflow/dags/4_dag_PUSH_Updated_YML_To_Cortex.py took 0.248 seconds
[2026-03-10T12:55:18.695+0000] {processor.py:161} INFO - Started process (PID=480541) to work on /home/cloud/codings/airflow/dags/4_dag_PUSH_Updated_YML_To_Cortex.py
[2026-03-10T12:55:18.698+0000] {processor.py:830} INFO - Processing file /home/cloud/codings/airflow/dags/4_dag_PUSH_Updated_YML_To_Cortex.py for tasks to queue
[2026-03-10T12:55:18.700+0000] {logging_mixin.py:188} INFO - [2026-03-10T12:55:18.699+0000] {dagbag.py:545} INFO - Filling up the DagBag from /home/cloud/codings/airflow/dags/4_dag_PUSH_Updated_YML_To_Cortex.py
[2026-03-10T12:55:18.731+0000] {processor.py:840} INFO - DAG(s) '4_dag_PUSH_Updated_YML_To_Cortex' retrieved from /home/cloud/codings/airflow/dags/4_dag_PUSH_Updated_YML_To_Cortex.py
[2026-03-10T12:55:18.770+0000] {logging_mixin.py:188} INFO - [2026-03-10T12:55:18.770+0000] {dag.py:3089} INFO - Sync 1 DAGs
[2026-03-10T12:55:18.794+0000] {logging_mixin.py:188} INFO - [2026-03-10T12:55:18.793+0000] {dag.py:3947} INFO - Setting next_dagrun for 4_dag_PUSH_Updated_YML_To_Cortex to None, run_after=None
[2026-03-10T12:55:18.883+0000] {processor.py:183} INFO - Processing /home/cloud/codings/airflow/dags/4_dag_PUSH_Updated_YML_To_Cortex.py took 0.204 seconds
[2026-03-10T12:55:49.338+0000] {processor.py:161} INFO - Started process (PID=480734) to work on /home/cloud/codings/airflow/dags/4_dag_PUSH_Updated_YML_To_Cortex.py
[2026-03-10T12:55:49.348+0000] {processor.py:830} INFO - Processing file /home/cloud/codings/airflow/dags/4_dag_PUSH_Updated_YML_To_Cortex.py for tasks to queue
[2026-03-10T12:55:49.350+0000] {logging_mixin.py:188} INFO - [2026-03-10T12:55:49.349+0000] {dagbag.py:545} INFO - Filling up the DagBag from /home/cloud/codings/airflow/dags/4_dag_PUSH_Updated_YML_To_Cortex.py
[2026-03-10T12:55:49.402+0000] {processor.py:840} INFO - DAG(s) '4_dag_PUSH_Updated_YML_To_Cortex' retrieved from /home/cloud/codings/airflow/dags/4_dag_PUSH_Updated_YML_To_Cortex.py
[2026-03-10T12:55:49.450+0000] {logging_mixin.py:188} INFO - [2026-03-10T12:55:49.449+0000] {dag.py:3089} INFO - Sync 1 DAGs
[2026-03-10T12:55:49.481+0000] {logging_mixin.py:188} INFO - [2026-03-10T12:55:49.481+0000] {dag.py:3947} INFO - Setting next_dagrun for 4_dag_PUSH_Updated_YML_To_Cortex to None, run_after=None
[2026-03-10T12:55:49.568+0000] {processor.py:183} INFO - Processing /home/cloud/codings/airflow/dags/4_dag_PUSH_Updated_YML_To_Cortex.py took 0.241 seconds
[2026-03-10T12:56:20.019+0000] {processor.py:161} INFO - Started process (PID=480804) to work on /home/cloud/codings/airflow/dags/4_dag_PUSH_Updated_YML_To_Cortex.py
[2026-03-10T12:56:20.020+0000] {processor.py:830} INFO - Processing file /home/cloud/codings/airflow/dags/4_dag_PUSH_Updated_YML_To_Cortex.py for tasks to queue
[2026-03-10T12:56:20.021+0000] {logging_mixin.py:188} INFO - [2026-03-10T12:56:20.021+0000] {dagbag.py:545} INFO - Filling up the DagBag from /home/cloud/codings/airflow/dags/4_dag_PUSH_Updated_YML_To_Cortex.py
[2026-03-10T12:56:20.044+0000] {processor.py:840} INFO - DAG(s) '4_dag_PUSH_Updated_YML_To_Cortex' retrieved from /home/cloud/codings/airflow/dags/4_dag_PUSH_Updated_YML_To_Cortex.py
[2026-03-10T12:56:20.058+0000] {logging_mixin.py:188} INFO - [2026-03-10T12:56:20.058+0000] {dag.py:3089} INFO - Sync 1 DAGs
[2026-03-10T12:56:20.070+0000] {logging_mixin.py:188} INFO - [2026-03-10T12:56:20.070+0000] {dag.py:3947} INFO - Setting next_dagrun for 4_dag_PUSH_Updated_YML_To_Cortex to None, run_after=None
[2026-03-10T12:56:20.093+0000] {processor.py:183} INFO - Processing /home/cloud/codings/airflow/dags/4_dag_PUSH_Updated_YML_To_Cortex.py took 0.080 seconds
[2026-03-10T12:56:50.418+0000] {processor.py:161} INFO - Started process (PID=480937) to work on /home/cloud/codings/airflow/dags/4_dag_PUSH_Updated_YML_To_Cortex.py
[2026-03-10T12:56:50.437+0000] {processor.py:830} INFO - Processing file /home/cloud/codings/airflow/dags/4_dag_PUSH_Updated_YML_To_Cortex.py for tasks to queue
[2026-03-10T12:56:50.438+0000] {logging_mixin.py:188} INFO - [2026-03-10T12:56:50.438+0000] {dagbag.py:545} INFO - Filling up the DagBag from /home/cloud/codings/airflow/dags/4_dag_PUSH_Updated_YML_To_Cortex.py
[2026-03-10T12:56:50.468+0000] {processor.py:840} INFO - DAG(s) '4_dag_PUSH_Updated_YML_To_Cortex' retrieved from /home/cloud/codings/airflow/dags/4_dag_PUSH_Updated_YML_To_Cortex.py
[2026-03-10T12:56:50.482+0000] {logging_mixin.py:188} INFO - [2026-03-10T12:56:50.482+0000] {dag.py:3089} INFO - Sync 1 DAGs
[2026-03-10T12:56:50.496+0000] {logging_mixin.py:188} INFO - [2026-03-10T12:56:50.495+0000] {dag.py:3947} INFO - Setting next_dagrun for 4_dag_PUSH_Updated_YML_To_Cortex to None, run_after=None
[2026-03-10T12:56:50.520+0000] {processor.py:183} INFO - Processing /home/cloud/codings/airflow/dags/4_dag_PUSH_Updated_YML_To_Cortex.py took 0.111 seconds
[2026-03-10T12:57:21.420+0000] {processor.py:161} INFO - Started process (PID=481005) to work on /home/cloud/codings/airflow/dags/4_dag_PUSH_Updated_YML_To_Cortex.py
[2026-03-10T12:57:21.422+0000] {processor.py:830} INFO - Processing file /home/cloud/codings/airflow/dags/4_dag_PUSH_Updated_YML_To_Cortex.py for tasks to queue
[2026-03-10T12:57:21.424+0000] {logging_mixin.py:188} INFO - [2026-03-10T12:57:21.423+0000] {dagbag.py:545} INFO - Filling up the DagBag from /home/cloud/codings/airflow/dags/4_dag_PUSH_Updated_YML_To_Cortex.py
[2026-03-10T12:57:21.465+0000] {processor.py:840} INFO - DAG(s) '4_dag_PUSH_Updated_YML_To_Cortex' retrieved from /home/cloud/codings/airflow/dags/4_dag_PUSH_Updated_YML_To_Cortex.py
[2026-03-10T12:57:21.501+0000] {logging_mixin.py:188} INFO - [2026-03-10T12:57:21.500+0000] {dag.py:3089} INFO - Sync 1 DAGs
[2026-03-10T12:57:21.547+0000] {logging_mixin.py:188} INFO - [2026-03-10T12:57:21.546+0000] {dag.py:3947} INFO - Setting next_dagrun for 4_dag_PUSH_Updated_YML_To_Cortex to None, run_after=None
[2026-03-10T12:57:21.648+0000] {processor.py:183} INFO - Processing /home/cloud/codings/airflow/dags/4_dag_PUSH_Updated_YML_To_Cortex.py took 0.248 seconds
[2026-03-10T12:57:51.899+0000] {processor.py:161} INFO - Started process (PID=481140) to work on /home/cloud/codings/airflow/dags/4_dag_PUSH_Updated_YML_To_Cortex.py
[2026-03-10T12:57:51.920+0000] {processor.py:830} INFO - Processing file /home/cloud/codings/airflow/dags/4_dag_PUSH_Updated_YML_To_Cortex.py for tasks to queue
[2026-03-10T12:57:51.922+0000] {logging_mixin.py:188} INFO - [2026-03-10T12:57:51.921+0000] {dagbag.py:545} INFO - Filling up the DagBag from /home/cloud/codings/airflow/dags/4_dag_PUSH_Updated_YML_To_Cortex.py
[2026-03-10T12:57:51.975+0000] {processor.py:840} INFO - DAG(s) '4_dag_PUSH_Updated_YML_To_Cortex' retrieved from /home/cloud/codings/airflow/dags/4_dag_PUSH_Updated_YML_To_Cortex.py
[2026-03-10T12:57:52.000+0000] {logging_mixin.py:188} INFO - [2026-03-10T12:57:52.000+0000] {dag.py:3089} INFO - Sync 1 DAGs
[2026-03-10T12:57:52.014+0000] {logging_mixin.py:188} INFO - [2026-03-10T12:57:52.014+0000] {dag.py:3947} INFO - Setting next_dagrun for 4_dag_PUSH_Updated_YML_To_Cortex to None, run_after=None
[2026-03-10T12:57:52.042+0000] {processor.py:183} INFO - Processing /home/cloud/codings/airflow/dags/4_dag_PUSH_Updated_YML_To_Cortex.py took 0.165 seconds
[2026-03-10T12:58:22.201+0000] {processor.py:161} INFO - Started process (PID=481211) to work on /home/cloud/codings/airflow/dags/4_dag_PUSH_Updated_YML_To_Cortex.py
[2026-03-10T12:58:22.203+0000] {processor.py:830} INFO - Processing file /home/cloud/codings/airflow/dags/4_dag_PUSH_Updated_YML_To_Cortex.py for tasks to queue
[2026-03-10T12:58:22.205+0000] {logging_mixin.py:188} INFO - [2026-03-10T12:58:22.204+0000] {dagbag.py:545} INFO - Filling up the DagBag from /home/cloud/codings/airflow/dags/4_dag_PUSH_Updated_YML_To_Cortex.py
[2026-03-10T12:58:22.239+0000] {processor.py:840} INFO - DAG(s) '4_dag_PUSH_Updated_YML_To_Cortex' retrieved from /home/cloud/codings/airflow/dags/4_dag_PUSH_Updated_YML_To_Cortex.py
[2026-03-10T12:58:22.254+0000] {logging_mixin.py:188} INFO - [2026-03-10T12:58:22.254+0000] {dag.py:3089} INFO - Sync 1 DAGs
[2026-03-10T12:58:22.265+0000] {logging_mixin.py:188} INFO - [2026-03-10T12:58:22.265+0000] {dag.py:3947} INFO - Setting next_dagrun for 4_dag_PUSH_Updated_YML_To_Cortex to None, run_after=None
[2026-03-10T12:58:22.291+0000] {processor.py:183} INFO - Processing /home/cloud/codings/airflow/dags/4_dag_PUSH_Updated_YML_To_Cortex.py took 0.108 seconds
[2026-03-10T12:58:52.777+0000] {processor.py:161} INFO - Started process (PID=481344) to work on /home/cloud/codings/airflow/dags/4_dag_PUSH_Updated_YML_To_Cortex.py
[2026-03-10T12:58:52.802+0000] {processor.py:830} INFO - Processing file /home/cloud/codings/airflow/dags/4_dag_PUSH_Updated_YML_To_Cortex.py for tasks to queue
[2026-03-10T12:58:52.806+0000] {logging_mixin.py:188} INFO - [2026-03-10T12:58:52.805+0000] {dagbag.py:545} INFO - Filling up the DagBag from /home/cloud/codings/airflow/dags/4_dag_PUSH_Updated_YML_To_Cortex.py
[2026-03-10T12:58:52.896+0000] {processor.py:840} INFO - DAG(s) '4_dag_PUSH_Updated_YML_To_Cortex' retrieved from /home/cloud/codings/airflow/dags/4_dag_PUSH_Updated_YML_To_Cortex.py
[2026-03-10T12:58:52.928+0000] {logging_mixin.py:188} INFO - [2026-03-10T12:58:52.927+0000] {dag.py:3089} INFO - Sync 1 DAGs
[2026-03-10T12:58:52.952+0000] {logging_mixin.py:188} INFO - [2026-03-10T12:58:52.951+0000] {dag.py:3947} INFO - Setting next_dagrun for 4_dag_PUSH_Updated_YML_To_Cortex to None, run_after=None
[2026-03-10T12:58:53.009+0000] {processor.py:183} INFO - Processing /home/cloud/codings/airflow/dags/4_dag_PUSH_Updated_YML_To_Cortex.py took 0.257 seconds
[2026-03-10T12:59:23.740+0000] {processor.py:161} INFO - Started process (PID=481417) to work on /home/cloud/codings/airflow/dags/4_dag_PUSH_Updated_YML_To_Cortex.py
[2026-03-10T12:59:23.772+0000] {processor.py:830} INFO - Processing file /home/cloud/codings/airflow/dags/4_dag_PUSH_Updated_YML_To_Cortex.py for tasks to queue
[2026-03-10T12:59:23.776+0000] {logging_mixin.py:188} INFO - [2026-03-10T12:59:23.774+0000] {dagbag.py:545} INFO - Filling up the DagBag from /home/cloud/codings/airflow/dags/4_dag_PUSH_Updated_YML_To_Cortex.py
[2026-03-10T12:59:23.846+0000] {processor.py:840} INFO - DAG(s) '4_dag_PUSH_Updated_YML_To_Cortex' retrieved from /home/cloud/codings/airflow/dags/4_dag_PUSH_Updated_YML_To_Cortex.py
[2026-03-10T12:59:23.889+0000] {logging_mixin.py:188} INFO - [2026-03-10T12:59:23.889+0000] {dag.py:3089} INFO - Sync 1 DAGs
[2026-03-10T12:59:23.930+0000] {logging_mixin.py:188} INFO - [2026-03-10T12:59:23.930+0000] {dag.py:3947} INFO - Setting next_dagrun for 4_dag_PUSH_Updated_YML_To_Cortex to None, run_after=None
[2026-03-10T12:59:24.000+0000] {processor.py:183} INFO - Processing /home/cloud/codings/airflow/dags/4_dag_PUSH_Updated_YML_To_Cortex.py took 0.284 seconds
[2026-03-10T12:59:54.335+0000] {processor.py:161} INFO - Started process (PID=481550) to work on /home/cloud/codings/airflow/dags/4_dag_PUSH_Updated_YML_To_Cortex.py
[2026-03-10T12:59:54.338+0000] {processor.py:830} INFO - Processing file /home/cloud/codings/airflow/dags/4_dag_PUSH_Updated_YML_To_Cortex.py for tasks to queue
[2026-03-10T12:59:54.342+0000] {logging_mixin.py:188} INFO - [2026-03-10T12:59:54.341+0000] {dagbag.py:545} INFO - Filling up the DagBag from /home/cloud/codings/airflow/dags/4_dag_PUSH_Updated_YML_To_Cortex.py
[2026-03-10T12:59:54.414+0000] {processor.py:840} INFO - DAG(s) '4_dag_PUSH_Updated_YML_To_Cortex' retrieved from /home/cloud/codings/airflow/dags/4_dag_PUSH_Updated_YML_To_Cortex.py
[2026-03-10T12:59:54.445+0000] {logging_mixin.py:188} INFO - [2026-03-10T12:59:54.444+0000] {dag.py:3089} INFO - Sync 1 DAGs
[2026-03-10T12:59:54.468+0000] {logging_mixin.py:188} INFO - [2026-03-10T12:59:54.468+0000] {dag.py:3947} INFO - Setting next_dagrun for 4_dag_PUSH_Updated_YML_To_Cortex to None, run_after=None
[2026-03-10T12:59:54.537+0000] {processor.py:183} INFO - Processing /home/cloud/codings/airflow/dags/4_dag_PUSH_Updated_YML_To_Cortex.py took 0.223 seconds
[2026-03-10T13:00:25.059+0000] {processor.py:161} INFO - Started process (PID=481621) to work on /home/cloud/codings/airflow/dags/4_dag_PUSH_Updated_YML_To_Cortex.py
[2026-03-10T13:00:25.085+0000] {processor.py:830} INFO - Processing file /home/cloud/codings/airflow/dags/4_dag_PUSH_Updated_YML_To_Cortex.py for tasks to queue
[2026-03-10T13:00:25.087+0000] {logging_mixin.py:188} INFO - [2026-03-10T13:00:25.086+0000] {dagbag.py:545} INFO - Filling up the DagBag from /home/cloud/codings/airflow/dags/4_dag_PUSH_Updated_YML_To_Cortex.py
[2026-03-10T13:00:25.125+0000] {processor.py:840} INFO - DAG(s) '4_dag_PUSH_Updated_YML_To_Cortex' retrieved from /home/cloud/codings/airflow/dags/4_dag_PUSH_Updated_YML_To_Cortex.py
[2026-03-10T13:00:25.152+0000] {logging_mixin.py:188} INFO - [2026-03-10T13:00:25.152+0000] {dag.py:3089} INFO - Sync 1 DAGs
[2026-03-10T13:00:25.187+0000] {logging_mixin.py:188} INFO - [2026-03-10T13:00:25.187+0000] {dag.py:3947} INFO - Setting next_dagrun for 4_dag_PUSH_Updated_YML_To_Cortex to None, run_after=None
[2026-03-10T13:00:25.250+0000] {processor.py:183} INFO - Processing /home/cloud/codings/airflow/dags/4_dag_PUSH_Updated_YML_To_Cortex.py took 0.203 seconds
[2026-03-10T13:00:55.474+0000] {processor.py:161} INFO - Started process (PID=481876) to work on /home/cloud/codings/airflow/dags/4_dag_PUSH_Updated_YML_To_Cortex.py
[2026-03-10T13:00:55.477+0000] {processor.py:830} INFO - Processing file /home/cloud/codings/airflow/dags/4_dag_PUSH_Updated_YML_To_Cortex.py for tasks to queue
[2026-03-10T13:00:55.478+0000] {logging_mixin.py:188} INFO - [2026-03-10T13:00:55.478+0000] {dagbag.py:545} INFO - Filling up the DagBag from /home/cloud/codings/airflow/dags/4_dag_PUSH_Updated_YML_To_Cortex.py
[2026-03-10T13:00:55.504+0000] {processor.py:840} INFO - DAG(s) '4_dag_PUSH_Updated_YML_To_Cortex' retrieved from /home/cloud/codings/airflow/dags/4_dag_PUSH_Updated_YML_To_Cortex.py
[2026-03-10T13:00:55.518+0000] {logging_mixin.py:188} INFO - [2026-03-10T13:00:55.518+0000] {dag.py:3089} INFO - Sync 1 DAGs
[2026-03-10T13:00:55.530+0000] {logging_mixin.py:188} INFO - [2026-03-10T13:00:55.530+0000] {dag.py:3947} INFO - Setting next_dagrun for 4_dag_PUSH_Updated_YML_To_Cortex to None, run_after=None
[2026-03-10T13:00:55.556+0000] {processor.py:183} INFO - Processing /home/cloud/codings/airflow/dags/4_dag_PUSH_Updated_YML_To_Cortex.py took 0.089 seconds
[2026-03-10T13:01:26.020+0000] {processor.py:161} INFO - Started process (PID=481944) to work on /home/cloud/codings/airflow/dags/4_dag_PUSH_Updated_YML_To_Cortex.py
[2026-03-10T13:01:26.021+0000] {processor.py:830} INFO - Processing file /home/cloud/codings/airflow/dags/4_dag_PUSH_Updated_YML_To_Cortex.py for tasks to queue
[2026-03-10T13:01:26.022+0000] {logging_mixin.py:188} INFO - [2026-03-10T13:01:26.022+0000] {dagbag.py:545} INFO - Filling up the DagBag from /home/cloud/codings/airflow/dags/4_dag_PUSH_Updated_YML_To_Cortex.py
[2026-03-10T13:01:26.044+0000] {processor.py:840} INFO - DAG(s) '4_dag_PUSH_Updated_YML_To_Cortex' retrieved from /home/cloud/codings/airflow/dags/4_dag_PUSH_Updated_YML_To_Cortex.py
[2026-03-10T13:01:26.058+0000] {logging_mixin.py:188} INFO - [2026-03-10T13:01:26.058+0000] {dag.py:3089} INFO - Sync 1 DAGs
[2026-03-10T13:01:26.071+0000] {logging_mixin.py:188} INFO - [2026-03-10T13:01:26.070+0000] {dag.py:3947} INFO - Setting next_dagrun for 4_dag_PUSH_Updated_YML_To_Cortex to None, run_after=None
[2026-03-10T13:01:26.093+0000] {processor.py:183} INFO - Processing /home/cloud/codings/airflow/dags/4_dag_PUSH_Updated_YML_To_Cortex.py took 0.079 seconds
[2026-03-10T13:01:56.309+0000] {processor.py:161} INFO - Started process (PID=482074) to work on /home/cloud/codings/airflow/dags/4_dag_PUSH_Updated_YML_To_Cortex.py
[2026-03-10T13:01:56.327+0000] {processor.py:830} INFO - Processing file /home/cloud/codings/airflow/dags/4_dag_PUSH_Updated_YML_To_Cortex.py for tasks to queue
[2026-03-10T13:01:56.329+0000] {logging_mixin.py:188} INFO - [2026-03-10T13:01:56.328+0000] {dagbag.py:545} INFO - Filling up the DagBag from /home/cloud/codings/airflow/dags/4_dag_PUSH_Updated_YML_To_Cortex.py
[2026-03-10T13:01:56.364+0000] {processor.py:840} INFO - DAG(s) '4_dag_PUSH_Updated_YML_To_Cortex' retrieved from /home/cloud/codings/airflow/dags/4_dag_PUSH_Updated_YML_To_Cortex.py
[2026-03-10T13:01:56.381+0000] {logging_mixin.py:188} INFO - [2026-03-10T13:01:56.381+0000] {dag.py:3089} INFO - Sync 1 DAGs
[2026-03-10T13:01:56.393+0000] {logging_mixin.py:188} INFO - [2026-03-10T13:01:56.393+0000] {dag.py:3947} INFO - Setting next_dagrun for 4_dag_PUSH_Updated_YML_To_Cortex to None, run_after=None
[2026-03-10T13:01:56.421+0000] {processor.py:183} INFO - Processing /home/cloud/codings/airflow/dags/4_dag_PUSH_Updated_YML_To_Cortex.py took 0.120 seconds
[2026-03-10T13:02:26.826+0000] {processor.py:161} INFO - Started process (PID=482148) to work on /home/cloud/codings/airflow/dags/4_dag_PUSH_Updated_YML_To_Cortex.py
[2026-03-10T13:02:26.828+0000] {processor.py:830} INFO - Processing file /home/cloud/codings/airflow/dags/4_dag_PUSH_Updated_YML_To_Cortex.py for tasks to queue
[2026-03-10T13:02:26.830+0000] {logging_mixin.py:188} INFO - [2026-03-10T13:02:26.829+0000] {dagbag.py:545} INFO - Filling up the DagBag from /home/cloud/codings/airflow/dags/4_dag_PUSH_Updated_YML_To_Cortex.py
[2026-03-10T13:02:26.871+0000] {processor.py:840} INFO - DAG(s) '4_dag_PUSH_Updated_YML_To_Cortex' retrieved from /home/cloud/codings/airflow/dags/4_dag_PUSH_Updated_YML_To_Cortex.py
[2026-03-10T13:02:26.893+0000] {logging_mixin.py:188} INFO - [2026-03-10T13:02:26.893+0000] {dag.py:3089} INFO - Sync 1 DAGs
[2026-03-10T13:02:26.911+0000] {logging_mixin.py:188} INFO - [2026-03-10T13:02:26.911+0000] {dag.py:3947} INFO - Setting next_dagrun for 4_dag_PUSH_Updated_YML_To_Cortex to None, run_after=None
[2026-03-10T13:02:26.940+0000] {processor.py:183} INFO - Processing /home/cloud/codings/airflow/dags/4_dag_PUSH_Updated_YML_To_Cortex.py took 0.128 seconds
[2026-03-10T13:02:57.379+0000] {processor.py:161} INFO - Started process (PID=482281) to work on /home/cloud/codings/airflow/dags/4_dag_PUSH_Updated_YML_To_Cortex.py
[2026-03-10T13:02:57.387+0000] {processor.py:830} INFO - Processing file /home/cloud/codings/airflow/dags/4_dag_PUSH_Updated_YML_To_Cortex.py for tasks to queue
[2026-03-10T13:02:57.389+0000] {logging_mixin.py:188} INFO - [2026-03-10T13:02:57.388+0000] {dagbag.py:545} INFO - Filling up the DagBag from /home/cloud/codings/airflow/dags/4_dag_PUSH_Updated_YML_To_Cortex.py
[2026-03-10T13:02:57.438+0000] {processor.py:840} INFO - DAG(s) '4_dag_PUSH_Updated_YML_To_Cortex' retrieved from /home/cloud/codings/airflow/dags/4_dag_PUSH_Updated_YML_To_Cortex.py
[2026-03-10T13:02:57.457+0000] {logging_mixin.py:188} INFO - [2026-03-10T13:02:57.456+0000] {dag.py:3089} INFO - Sync 1 DAGs
[2026-03-10T13:02:57.472+0000] {logging_mixin.py:188} INFO - [2026-03-10T13:02:57.471+0000] {dag.py:3947} INFO - Setting next_dagrun for 4_dag_PUSH_Updated_YML_To_Cortex to None, run_after=None
[2026-03-10T13:02:57.497+0000] {processor.py:183} INFO - Processing /home/cloud/codings/airflow/dags/4_dag_PUSH_Updated_YML_To_Cortex.py took 0.137 seconds
[2026-03-10T13:03:27.892+0000] {processor.py:161} INFO - Started process (PID=482354) to work on /home/cloud/codings/airflow/dags/4_dag_PUSH_Updated_YML_To_Cortex.py
[2026-03-10T13:03:27.894+0000] {processor.py:830} INFO - Processing file /home/cloud/codings/airflow/dags/4_dag_PUSH_Updated_YML_To_Cortex.py for tasks to queue
[2026-03-10T13:03:27.896+0000] {logging_mixin.py:188} INFO - [2026-03-10T13:03:27.895+0000] {dagbag.py:545} INFO - Filling up the DagBag from /home/cloud/codings/airflow/dags/4_dag_PUSH_Updated_YML_To_Cortex.py
[2026-03-10T13:03:27.928+0000] {processor.py:840} INFO - DAG(s) '4_dag_PUSH_Updated_YML_To_Cortex' retrieved from /home/cloud/codings/airflow/dags/4_dag_PUSH_Updated_YML_To_Cortex.py
[2026-03-10T13:03:27.945+0000] {logging_mixin.py:188} INFO - [2026-03-10T13:03:27.945+0000] {dag.py:3089} INFO - Sync 1 DAGs
[2026-03-10T13:03:27.960+0000] {logging_mixin.py:188} INFO - [2026-03-10T13:03:27.959+0000] {dag.py:3947} INFO - Setting next_dagrun for 4_dag_PUSH_Updated_YML_To_Cortex to None, run_after=None
[2026-03-10T13:03:27.981+0000] {processor.py:183} INFO - Processing /home/cloud/codings/airflow/dags/4_dag_PUSH_Updated_YML_To_Cortex.py took 0.101 seconds
[2026-03-10T13:03:58.460+0000] {processor.py:161} INFO - Started process (PID=482487) to work on /home/cloud/codings/airflow/dags/4_dag_PUSH_Updated_YML_To_Cortex.py
[2026-03-10T13:03:58.481+0000] {processor.py:830} INFO - Processing file /home/cloud/codings/airflow/dags/4_dag_PUSH_Updated_YML_To_Cortex.py for tasks to queue
[2026-03-10T13:03:58.483+0000] {logging_mixin.py:188} INFO - [2026-03-10T13:03:58.482+0000] {dagbag.py:545} INFO - Filling up the DagBag from /home/cloud/codings/airflow/dags/4_dag_PUSH_Updated_YML_To_Cortex.py
[2026-03-10T13:03:58.545+0000] {processor.py:840} INFO - DAG(s) '4_dag_PUSH_Updated_YML_To_Cortex' retrieved from /home/cloud/codings/airflow/dags/4_dag_PUSH_Updated_YML_To_Cortex.py
[2026-03-10T13:03:58.573+0000] {logging_mixin.py:188} INFO - [2026-03-10T13:03:58.572+0000] {dag.py:3089} INFO - Sync 1 DAGs
[2026-03-10T13:03:58.589+0000] {logging_mixin.py:188} INFO - [2026-03-10T13:03:58.589+0000] {dag.py:3947} INFO - Setting next_dagrun for 4_dag_PUSH_Updated_YML_To_Cortex to None, run_after=None
[2026-03-10T13:03:58.620+0000] {processor.py:183} INFO - Processing /home/cloud/codings/airflow/dags/4_dag_PUSH_Updated_YML_To_Cortex.py took 0.184 seconds
[2026-03-10T13:04:29.059+0000] {processor.py:161} INFO - Started process (PID=482560) to work on /home/cloud/codings/airflow/dags/4_dag_PUSH_Updated_YML_To_Cortex.py
[2026-03-10T13:04:29.075+0000] {processor.py:830} INFO - Processing file /home/cloud/codings/airflow/dags/4_dag_PUSH_Updated_YML_To_Cortex.py for tasks to queue
[2026-03-10T13:04:29.076+0000] {logging_mixin.py:188} INFO - [2026-03-10T13:04:29.076+0000] {dagbag.py:545} INFO - Filling up the DagBag from /home/cloud/codings/airflow/dags/4_dag_PUSH_Updated_YML_To_Cortex.py
[2026-03-10T13:04:29.113+0000] {processor.py:840} INFO - DAG(s) '4_dag_PUSH_Updated_YML_To_Cortex' retrieved from /home/cloud/codings/airflow/dags/4_dag_PUSH_Updated_YML_To_Cortex.py
[2026-03-10T13:04:29.131+0000] {logging_mixin.py:188} INFO - [2026-03-10T13:04:29.131+0000] {dag.py:3089} INFO - Sync 1 DAGs
[2026-03-10T13:04:29.146+0000] {logging_mixin.py:188} INFO - [2026-03-10T13:04:29.146+0000] {dag.py:3947} INFO - Setting next_dagrun for 4_dag_PUSH_Updated_YML_To_Cortex to None, run_after=None
[2026-03-10T13:04:29.170+0000] {processor.py:183} INFO - Processing /home/cloud/codings/airflow/dags/4_dag_PUSH_Updated_YML_To_Cortex.py took 0.119 seconds
[2026-03-10T13:04:59.594+0000] {processor.py:161} INFO - Started process (PID=482691) to work on /home/cloud/codings/airflow/dags/4_dag_PUSH_Updated_YML_To_Cortex.py
[2026-03-10T13:04:59.596+0000] {processor.py:830} INFO - Processing file /home/cloud/codings/airflow/dags/4_dag_PUSH_Updated_YML_To_Cortex.py for tasks to queue
[2026-03-10T13:04:59.598+0000] {logging_mixin.py:188} INFO - [2026-03-10T13:04:59.597+0000] {dagbag.py:545} INFO - Filling up the DagBag from /home/cloud/codings/airflow/dags/4_dag_PUSH_Updated_YML_To_Cortex.py
[2026-03-10T13:04:59.642+0000] {processor.py:840} INFO - DAG(s) '4_dag_PUSH_Updated_YML_To_Cortex' retrieved from /home/cloud/codings/airflow/dags/4_dag_PUSH_Updated_YML_To_Cortex.py
[2026-03-10T13:04:59.662+0000] {logging_mixin.py:188} INFO - [2026-03-10T13:04:59.662+0000] {dag.py:3089} INFO - Sync 1 DAGs
[2026-03-10T13:04:59.676+0000] {logging_mixin.py:188} INFO - [2026-03-10T13:04:59.675+0000] {dag.py:3947} INFO - Setting next_dagrun for 4_dag_PUSH_Updated_YML_To_Cortex to None, run_after=None
[2026-03-10T13:04:59.700+0000] {processor.py:183} INFO - Processing /home/cloud/codings/airflow/dags/4_dag_PUSH_Updated_YML_To_Cortex.py took 0.121 seconds
[2026-03-10T13:05:30.087+0000] {processor.py:161} INFO - Started process (PID=482766) to work on /home/cloud/codings/airflow/dags/4_dag_PUSH_Updated_YML_To_Cortex.py
[2026-03-10T13:05:30.107+0000] {processor.py:830} INFO - Processing file /home/cloud/codings/airflow/dags/4_dag_PUSH_Updated_YML_To_Cortex.py for tasks to queue
[2026-03-10T13:05:30.111+0000] {logging_mixin.py:188} INFO - [2026-03-10T13:05:30.109+0000] {dagbag.py:545} INFO - Filling up the DagBag from /home/cloud/codings/airflow/dags/4_dag_PUSH_Updated_YML_To_Cortex.py
[2026-03-10T13:05:30.199+0000] {processor.py:840} INFO - DAG(s) '4_dag_PUSH_Updated_YML_To_Cortex' retrieved from /home/cloud/codings/airflow/dags/4_dag_PUSH_Updated_YML_To_Cortex.py
[2026-03-10T13:05:30.245+0000] {logging_mixin.py:188} INFO - [2026-03-10T13:05:30.244+0000] {dag.py:3089} INFO - Sync 1 DAGs
[2026-03-10T13:05:30.268+0000] {logging_mixin.py:188} INFO - [2026-03-10T13:05:30.268+0000] {dag.py:3947} INFO - Setting next_dagrun for 4_dag_PUSH_Updated_YML_To_Cortex to None, run_after=None
[2026-03-10T13:05:30.312+0000] {processor.py:183} INFO - Processing /home/cloud/codings/airflow/dags/4_dag_PUSH_Updated_YML_To_Cortex.py took 0.244 seconds
[2026-03-10T13:06:00.788+0000] {processor.py:161} INFO - Started process (PID=482955) to work on /home/cloud/codings/airflow/dags/4_dag_PUSH_Updated_YML_To_Cortex.py
[2026-03-10T13:06:00.789+0000] {processor.py:830} INFO - Processing file /home/cloud/codings/airflow/dags/4_dag_PUSH_Updated_YML_To_Cortex.py for tasks to queue
[2026-03-10T13:06:00.790+0000] {logging_mixin.py:188} INFO - [2026-03-10T13:06:00.790+0000] {dagbag.py:545} INFO - Filling up the DagBag from /home/cloud/codings/airflow/dags/4_dag_PUSH_Updated_YML_To_Cortex.py
[2026-03-10T13:06:00.820+0000] {processor.py:840} INFO - DAG(s) '4_dag_PUSH_Updated_YML_To_Cortex' retrieved from /home/cloud/codings/airflow/dags/4_dag_PUSH_Updated_YML_To_Cortex.py
[2026-03-10T13:06:00.836+0000] {logging_mixin.py:188} INFO - [2026-03-10T13:06:00.836+0000] {dag.py:3089} INFO - Sync 1 DAGs
[2026-03-10T13:06:00.848+0000] {logging_mixin.py:188} INFO - [2026-03-10T13:06:00.848+0000] {dag.py:3947} INFO - Setting next_dagrun for 4_dag_PUSH_Updated_YML_To_Cortex to None, run_after=None
[2026-03-10T13:06:00.870+0000] {processor.py:183} INFO - Processing /home/cloud/codings/airflow/dags/4_dag_PUSH_Updated_YML_To_Cortex.py took 0.093 seconds
[2026-03-10T13:06:31.354+0000] {processor.py:161} INFO - Started process (PID=483024) to work on /home/cloud/codings/airflow/dags/4_dag_PUSH_Updated_YML_To_Cortex.py
[2026-03-10T13:06:31.358+0000] {processor.py:830} INFO - Processing file /home/cloud/codings/airflow/dags/4_dag_PUSH_Updated_YML_To_Cortex.py for tasks to queue
[2026-03-10T13:06:31.361+0000] {logging_mixin.py:188} INFO - [2026-03-10T13:06:31.360+0000] {dagbag.py:545} INFO - Filling up the DagBag from /home/cloud/codings/airflow/dags/4_dag_PUSH_Updated_YML_To_Cortex.py
[2026-03-10T13:06:31.421+0000] {processor.py:840} INFO - DAG(s) '4_dag_PUSH_Updated_YML_To_Cortex' retrieved from /home/cloud/codings/airflow/dags/4_dag_PUSH_Updated_YML_To_Cortex.py
[2026-03-10T13:06:31.471+0000] {logging_mixin.py:188} INFO - [2026-03-10T13:06:31.470+0000] {dag.py:3089} INFO - Sync 1 DAGs
[2026-03-10T13:06:31.520+0000] {logging_mixin.py:188} INFO - [2026-03-10T13:06:31.519+0000] {dag.py:3947} INFO - Setting next_dagrun for 4_dag_PUSH_Updated_YML_To_Cortex to None, run_after=None
[2026-03-10T13:06:31.601+0000] {processor.py:183} INFO - Processing /home/cloud/codings/airflow/dags/4_dag_PUSH_Updated_YML_To_Cortex.py took 0.267 seconds
[2026-03-10T13:07:02.158+0000] {processor.py:161} INFO - Started process (PID=483157) to work on /home/cloud/codings/airflow/dags/4_dag_PUSH_Updated_YML_To_Cortex.py
[2026-03-10T13:07:02.184+0000] {processor.py:830} INFO - Processing file /home/cloud/codings/airflow/dags/4_dag_PUSH_Updated_YML_To_Cortex.py for tasks to queue
[2026-03-10T13:07:02.185+0000] {logging_mixin.py:188} INFO - [2026-03-10T13:07:02.184+0000] {dagbag.py:545} INFO - Filling up the DagBag from /home/cloud/codings/airflow/dags/4_dag_PUSH_Updated_YML_To_Cortex.py
[2026-03-10T13:07:02.224+0000] {processor.py:840} INFO - DAG(s) '4_dag_PUSH_Updated_YML_To_Cortex' retrieved from /home/cloud/codings/airflow/dags/4_dag_PUSH_Updated_YML_To_Cortex.py
[2026-03-10T13:07:02.250+0000] {logging_mixin.py:188} INFO - [2026-03-10T13:07:02.250+0000] {dag.py:3089} INFO - Sync 1 DAGs
[2026-03-10T13:07:02.265+0000] {logging_mixin.py:188} INFO - [2026-03-10T13:07:02.264+0000] {dag.py:3947} INFO - Setting next_dagrun for 4_dag_PUSH_Updated_YML_To_Cortex to None, run_after=None
[2026-03-10T13:07:02.299+0000] {processor.py:183} INFO - Processing /home/cloud/codings/airflow/dags/4_dag_PUSH_Updated_YML_To_Cortex.py took 0.146 seconds
[2026-03-10T13:07:32.792+0000] {processor.py:161} INFO - Started process (PID=483230) to work on /home/cloud/codings/airflow/dags/4_dag_PUSH_Updated_YML_To_Cortex.py
[2026-03-10T13:07:32.824+0000] {processor.py:830} INFO - Processing file /home/cloud/codings/airflow/dags/4_dag_PUSH_Updated_YML_To_Cortex.py for tasks to queue
[2026-03-10T13:07:32.826+0000] {logging_mixin.py:188} INFO - [2026-03-10T13:07:32.825+0000] {dagbag.py:545} INFO - Filling up the DagBag from /home/cloud/codings/airflow/dags/4_dag_PUSH_Updated_YML_To_Cortex.py
[2026-03-10T13:07:32.865+0000] {processor.py:840} INFO - DAG(s) '4_dag_PUSH_Updated_YML_To_Cortex' retrieved from /home/cloud/codings/airflow/dags/4_dag_PUSH_Updated_YML_To_Cortex.py
[2026-03-10T13:07:32.890+0000] {logging_mixin.py:188} INFO - [2026-03-10T13:07:32.889+0000] {dag.py:3089} INFO - Sync 1 DAGs
[2026-03-10T13:07:32.912+0000] {logging_mixin.py:188} INFO - [2026-03-10T13:07:32.912+0000] {dag.py:3947} INFO - Setting next_dagrun for 4_dag_PUSH_Updated_YML_To_Cortex to None, run_after=None
[2026-03-10T13:07:32.949+0000] {processor.py:183} INFO - Processing /home/cloud/codings/airflow/dags/4_dag_PUSH_Updated_YML_To_Cortex.py took 0.168 seconds
[2026-03-10T13:08:04.167+0000] {processor.py:161} INFO - Started process (PID=483363) to work on /home/cloud/codings/airflow/dags/4_dag_PUSH_Updated_YML_To_Cortex.py
[2026-03-10T13:08:04.196+0000] {processor.py:830} INFO - Processing file /home/cloud/codings/airflow/dags/4_dag_PUSH_Updated_YML_To_Cortex.py for tasks to queue
[2026-03-10T13:08:04.197+0000] {logging_mixin.py:188} INFO - [2026-03-10T13:08:04.196+0000] {dagbag.py:545} INFO - Filling up the DagBag from /home/cloud/codings/airflow/dags/4_dag_PUSH_Updated_YML_To_Cortex.py
[2026-03-10T13:08:04.222+0000] {processor.py:840} INFO - DAG(s) '4_dag_PUSH_Updated_YML_To_Cortex' retrieved from /home/cloud/codings/airflow/dags/4_dag_PUSH_Updated_YML_To_Cortex.py
[2026-03-10T13:08:04.238+0000] {logging_mixin.py:188} INFO - [2026-03-10T13:08:04.238+0000] {dag.py:3089} INFO - Sync 1 DAGs
[2026-03-10T13:08:04.251+0000] {logging_mixin.py:188} INFO - [2026-03-10T13:08:04.251+0000] {dag.py:3947} INFO - Setting next_dagrun for 4_dag_PUSH_Updated_YML_To_Cortex to None, run_after=None
[2026-03-10T13:08:04.276+0000] {processor.py:183} INFO - Processing /home/cloud/codings/airflow/dags/4_dag_PUSH_Updated_YML_To_Cortex.py took 0.120 seconds
[2026-03-10T13:08:34.899+0000] {processor.py:161} INFO - Started process (PID=483442) to work on /home/cloud/codings/airflow/dags/4_dag_PUSH_Updated_YML_To_Cortex.py
[2026-03-10T13:08:34.929+0000] {processor.py:830} INFO - Processing file /home/cloud/codings/airflow/dags/4_dag_PUSH_Updated_YML_To_Cortex.py for tasks to queue
[2026-03-10T13:08:34.931+0000] {logging_mixin.py:188} INFO - [2026-03-10T13:08:34.930+0000] {dagbag.py:545} INFO - Filling up the DagBag from /home/cloud/codings/airflow/dags/4_dag_PUSH_Updated_YML_To_Cortex.py
[2026-03-10T13:08:34.957+0000] {processor.py:840} INFO - DAG(s) '4_dag_PUSH_Updated_YML_To_Cortex' retrieved from /home/cloud/codings/airflow/dags/4_dag_PUSH_Updated_YML_To_Cortex.py
[2026-03-10T13:08:34.974+0000] {logging_mixin.py:188} INFO - [2026-03-10T13:08:34.974+0000] {dag.py:3089} INFO - Sync 1 DAGs
[2026-03-10T13:08:34.989+0000] {logging_mixin.py:188} INFO - [2026-03-10T13:08:34.989+0000] {dag.py:3947} INFO - Setting next_dagrun for 4_dag_PUSH_Updated_YML_To_Cortex to None, run_after=None
[2026-03-10T13:08:35.019+0000] {processor.py:183} INFO - Processing /home/cloud/codings/airflow/dags/4_dag_PUSH_Updated_YML_To_Cortex.py took 0.132 seconds
[2026-03-10T13:09:05.636+0000] {processor.py:161} INFO - Started process (PID=483570) to work on /home/cloud/codings/airflow/dags/4_dag_PUSH_Updated_YML_To_Cortex.py
[2026-03-10T13:09:05.665+0000] {processor.py:830} INFO - Processing file /home/cloud/codings/airflow/dags/4_dag_PUSH_Updated_YML_To_Cortex.py for tasks to queue
[2026-03-10T13:09:05.666+0000] {logging_mixin.py:188} INFO - [2026-03-10T13:09:05.665+0000] {dagbag.py:545} INFO - Filling up the DagBag from /home/cloud/codings/airflow/dags/4_dag_PUSH_Updated_YML_To_Cortex.py
[2026-03-10T13:09:05.690+0000] {processor.py:840} INFO - DAG(s) '4_dag_PUSH_Updated_YML_To_Cortex' retrieved from /home/cloud/codings/airflow/dags/4_dag_PUSH_Updated_YML_To_Cortex.py
[2026-03-10T13:09:05.706+0000] {logging_mixin.py:188} INFO - [2026-03-10T13:09:05.706+0000] {dag.py:3089} INFO - Sync 1 DAGs
[2026-03-10T13:09:05.720+0000] {logging_mixin.py:188} INFO - [2026-03-10T13:09:05.719+0000] {dag.py:3947} INFO - Setting next_dagrun for 4_dag_PUSH_Updated_YML_To_Cortex to None, run_after=None
[2026-03-10T13:09:05.746+0000] {processor.py:183} INFO - Processing /home/cloud/codings/airflow/dags/4_dag_PUSH_Updated_YML_To_Cortex.py took 0.118 seconds
[2026-03-10T13:09:36.082+0000] {processor.py:161} INFO - Started process (PID=483640) to work on /home/cloud/codings/airflow/dags/4_dag_PUSH_Updated_YML_To_Cortex.py
[2026-03-10T13:09:36.109+0000] {processor.py:830} INFO - Processing file /home/cloud/codings/airflow/dags/4_dag_PUSH_Updated_YML_To_Cortex.py for tasks to queue
[2026-03-10T13:09:36.111+0000] {logging_mixin.py:188} INFO - [2026-03-10T13:09:36.110+0000] {dagbag.py:545} INFO - Filling up the DagBag from /home/cloud/codings/airflow/dags/4_dag_PUSH_Updated_YML_To_Cortex.py
[2026-03-10T13:09:36.146+0000] {processor.py:840} INFO - DAG(s) '4_dag_PUSH_Updated_YML_To_Cortex' retrieved from /home/cloud/codings/airflow/dags/4_dag_PUSH_Updated_YML_To_Cortex.py
[2026-03-10T13:09:36.168+0000] {logging_mixin.py:188} INFO - [2026-03-10T13:09:36.167+0000] {dag.py:3089} INFO - Sync 1 DAGs
[2026-03-10T13:09:36.187+0000] {logging_mixin.py:188} INFO - [2026-03-10T13:09:36.187+0000] {dag.py:3947} INFO - Setting next_dagrun for 4_dag_PUSH_Updated_YML_To_Cortex to None, run_after=None
[2026-03-10T13:09:36.217+0000] {processor.py:183} INFO - Processing /home/cloud/codings/airflow/dags/4_dag_PUSH_Updated_YML_To_Cortex.py took 0.146 seconds
[2026-03-10T13:10:06.590+0000] {processor.py:161} INFO - Started process (PID=483775) to work on /home/cloud/codings/airflow/dags/4_dag_PUSH_Updated_YML_To_Cortex.py
[2026-03-10T13:10:06.592+0000] {processor.py:830} INFO - Processing file /home/cloud/codings/airflow/dags/4_dag_PUSH_Updated_YML_To_Cortex.py for tasks to queue
[2026-03-10T13:10:06.593+0000] {logging_mixin.py:188} INFO - [2026-03-10T13:10:06.592+0000] {dagbag.py:545} INFO - Filling up the DagBag from /home/cloud/codings/airflow/dags/4_dag_PUSH_Updated_YML_To_Cortex.py
[2026-03-10T13:10:06.618+0000] {processor.py:840} INFO - DAG(s) '4_dag_PUSH_Updated_YML_To_Cortex' retrieved from /home/cloud/codings/airflow/dags/4_dag_PUSH_Updated_YML_To_Cortex.py
[2026-03-10T13:10:06.632+0000] {logging_mixin.py:188} INFO - [2026-03-10T13:10:06.632+0000] {dag.py:3089} INFO - Sync 1 DAGs
[2026-03-10T13:10:06.644+0000] {logging_mixin.py:188} INFO - [2026-03-10T13:10:06.644+0000] {dag.py:3947} INFO - Setting next_dagrun for 4_dag_PUSH_Updated_YML_To_Cortex to None, run_after=None
[2026-03-10T13:10:06.669+0000] {processor.py:183} INFO - Processing /home/cloud/codings/airflow/dags/4_dag_PUSH_Updated_YML_To_Cortex.py took 0.088 seconds
[2026-03-10T13:10:37.240+0000] {processor.py:161} INFO - Started process (PID=483908) to work on /home/cloud/codings/airflow/dags/4_dag_PUSH_Updated_YML_To_Cortex.py
[2026-03-10T13:10:37.242+0000] {processor.py:830} INFO - Processing file /home/cloud/codings/airflow/dags/4_dag_PUSH_Updated_YML_To_Cortex.py for tasks to queue
[2026-03-10T13:10:37.244+0000] {logging_mixin.py:188} INFO - [2026-03-10T13:10:37.243+0000] {dagbag.py:545} INFO - Filling up the DagBag from /home/cloud/codings/airflow/dags/4_dag_PUSH_Updated_YML_To_Cortex.py
[2026-03-10T13:10:37.274+0000] {processor.py:840} INFO - DAG(s) '4_dag_PUSH_Updated_YML_To_Cortex' retrieved from /home/cloud/codings/airflow/dags/4_dag_PUSH_Updated_YML_To_Cortex.py
[2026-03-10T13:10:37.289+0000] {logging_mixin.py:188} INFO - [2026-03-10T13:10:37.288+0000] {dag.py:3089} INFO - Sync 1 DAGs
[2026-03-10T13:10:37.302+0000] {logging_mixin.py:188} INFO - [2026-03-10T13:10:37.302+0000] {dag.py:3947} INFO - Setting next_dagrun for 4_dag_PUSH_Updated_YML_To_Cortex to None, run_after=None
[2026-03-10T13:10:37.332+0000] {processor.py:183} INFO - Processing /home/cloud/codings/airflow/dags/4_dag_PUSH_Updated_YML_To_Cortex.py took 0.107 seconds
[2026-03-10T13:11:07.808+0000] {processor.py:161} INFO - Started process (PID=484061) to work on /home/cloud/codings/airflow/dags/4_dag_PUSH_Updated_YML_To_Cortex.py
[2026-03-10T13:11:07.810+0000] {processor.py:830} INFO - Processing file /home/cloud/codings/airflow/dags/4_dag_PUSH_Updated_YML_To_Cortex.py for tasks to queue
[2026-03-10T13:11:07.812+0000] {logging_mixin.py:188} INFO - [2026-03-10T13:11:07.811+0000] {dagbag.py:545} INFO - Filling up the DagBag from /home/cloud/codings/airflow/dags/4_dag_PUSH_Updated_YML_To_Cortex.py
[2026-03-10T13:11:07.844+0000] {processor.py:840} INFO - DAG(s) '4_dag_PUSH_Updated_YML_To_Cortex' retrieved from /home/cloud/codings/airflow/dags/4_dag_PUSH_Updated_YML_To_Cortex.py
[2026-03-10T13:11:07.860+0000] {logging_mixin.py:188} INFO - [2026-03-10T13:11:07.860+0000] {dag.py:3089} INFO - Sync 1 DAGs
[2026-03-10T13:11:07.871+0000] {logging_mixin.py:188} INFO - [2026-03-10T13:11:07.871+0000] {dag.py:3947} INFO - Setting next_dagrun for 4_dag_PUSH_Updated_YML_To_Cortex to None, run_after=None
[2026-03-10T13:11:07.923+0000] {processor.py:183} INFO - Processing /home/cloud/codings/airflow/dags/4_dag_PUSH_Updated_YML_To_Cortex.py took 0.131 seconds
[2026-03-10T13:11:38.582+0000] {processor.py:161} INFO - Started process (PID=484136) to work on /home/cloud/codings/airflow/dags/4_dag_PUSH_Updated_YML_To_Cortex.py
[2026-03-10T13:11:38.605+0000] {processor.py:830} INFO - Processing file /home/cloud/codings/airflow/dags/4_dag_PUSH_Updated_YML_To_Cortex.py for tasks to queue
[2026-03-10T13:11:38.609+0000] {logging_mixin.py:188} INFO - [2026-03-10T13:11:38.607+0000] {dagbag.py:545} INFO - Filling up the DagBag from /home/cloud/codings/airflow/dags/4_dag_PUSH_Updated_YML_To_Cortex.py
[2026-03-10T13:11:38.722+0000] {processor.py:840} INFO - DAG(s) '4_dag_PUSH_Updated_YML_To_Cortex' retrieved from /home/cloud/codings/airflow/dags/4_dag_PUSH_Updated_YML_To_Cortex.py
[2026-03-10T13:11:38.769+0000] {logging_mixin.py:188} INFO - [2026-03-10T13:11:38.769+0000] {dag.py:3089} INFO - Sync 1 DAGs
[2026-03-10T13:11:38.807+0000] {logging_mixin.py:188} INFO - [2026-03-10T13:11:38.806+0000] {dag.py:3947} INFO - Setting next_dagrun for 4_dag_PUSH_Updated_YML_To_Cortex to None, run_after=None
[2026-03-10T13:11:38.838+0000] {processor.py:183} INFO - Processing /home/cloud/codings/airflow/dags/4_dag_PUSH_Updated_YML_To_Cortex.py took 0.289 seconds
[2026-03-10T13:12:09.382+0000] {processor.py:161} INFO - Started process (PID=484267) to work on /home/cloud/codings/airflow/dags/4_dag_PUSH_Updated_YML_To_Cortex.py
[2026-03-10T13:12:09.403+0000] {processor.py:830} INFO - Processing file /home/cloud/codings/airflow/dags/4_dag_PUSH_Updated_YML_To_Cortex.py for tasks to queue
[2026-03-10T13:12:09.408+0000] {logging_mixin.py:188} INFO - [2026-03-10T13:12:09.406+0000] {dagbag.py:545} INFO - Filling up the DagBag from /home/cloud/codings/airflow/dags/4_dag_PUSH_Updated_YML_To_Cortex.py
[2026-03-10T13:12:09.518+0000] {processor.py:840} INFO - DAG(s) '4_dag_PUSH_Updated_YML_To_Cortex' retrieved from /home/cloud/codings/airflow/dags/4_dag_PUSH_Updated_YML_To_Cortex.py
[2026-03-10T13:12:09.588+0000] {logging_mixin.py:188} INFO - [2026-03-10T13:12:09.587+0000] {dag.py:3089} INFO - Sync 1 DAGs
[2026-03-10T13:12:09.644+0000] {logging_mixin.py:188} INFO - [2026-03-10T13:12:09.644+0000] {dag.py:3947} INFO - Setting next_dagrun for 4_dag_PUSH_Updated_YML_To_Cortex to None, run_after=None
[2026-03-10T13:12:09.740+0000] {processor.py:183} INFO - Processing /home/cloud/codings/airflow/dags/4_dag_PUSH_Updated_YML_To_Cortex.py took 0.391 seconds
[2026-03-10T13:12:40.415+0000] {processor.py:161} INFO - Started process (PID=484340) to work on /home/cloud/codings/airflow/dags/4_dag_PUSH_Updated_YML_To_Cortex.py
[2026-03-10T13:12:40.434+0000] {processor.py:830} INFO - Processing file /home/cloud/codings/airflow/dags/4_dag_PUSH_Updated_YML_To_Cortex.py for tasks to queue
[2026-03-10T13:12:40.436+0000] {logging_mixin.py:188} INFO - [2026-03-10T13:12:40.435+0000] {dagbag.py:545} INFO - Filling up the DagBag from /home/cloud/codings/airflow/dags/4_dag_PUSH_Updated_YML_To_Cortex.py
[2026-03-10T13:12:40.478+0000] {processor.py:840} INFO - DAG(s) '4_dag_PUSH_Updated_YML_To_Cortex' retrieved from /home/cloud/codings/airflow/dags/4_dag_PUSH_Updated_YML_To_Cortex.py
[2026-03-10T13:12:40.496+0000] {logging_mixin.py:188} INFO - [2026-03-10T13:12:40.496+0000] {dag.py:3089} INFO - Sync 1 DAGs
[2026-03-10T13:12:40.511+0000] {logging_mixin.py:188} INFO - [2026-03-10T13:12:40.511+0000] {dag.py:3947} INFO - Setting next_dagrun for 4_dag_PUSH_Updated_YML_To_Cortex to None, run_after=None
[2026-03-10T13:12:40.535+0000] {processor.py:183} INFO - Processing /home/cloud/codings/airflow/dags/4_dag_PUSH_Updated_YML_To_Cortex.py took 0.141 seconds
[2026-03-10T13:13:10.664+0000] {processor.py:161} INFO - Started process (PID=484473) to work on /home/cloud/codings/airflow/dags/4_dag_PUSH_Updated_YML_To_Cortex.py
[2026-03-10T13:13:10.667+0000] {processor.py:830} INFO - Processing file /home/cloud/codings/airflow/dags/4_dag_PUSH_Updated_YML_To_Cortex.py for tasks to queue
[2026-03-10T13:13:10.668+0000] {logging_mixin.py:188} INFO - [2026-03-10T13:13:10.668+0000] {dagbag.py:545} INFO - Filling up the DagBag from /home/cloud/codings/airflow/dags/4_dag_PUSH_Updated_YML_To_Cortex.py
[2026-03-10T13:13:10.698+0000] {processor.py:840} INFO - DAG(s) '4_dag_PUSH_Updated_YML_To_Cortex' retrieved from /home/cloud/codings/airflow/dags/4_dag_PUSH_Updated_YML_To_Cortex.py
[2026-03-10T13:13:10.713+0000] {logging_mixin.py:188} INFO - [2026-03-10T13:13:10.713+0000] {dag.py:3089} INFO - Sync 1 DAGs
[2026-03-10T13:13:10.727+0000] {logging_mixin.py:188} INFO - [2026-03-10T13:13:10.727+0000] {dag.py:3947} INFO - Setting next_dagrun for 4_dag_PUSH_Updated_YML_To_Cortex to None, run_after=None
[2026-03-10T13:13:10.750+0000] {processor.py:183} INFO - Processing /home/cloud/codings/airflow/dags/4_dag_PUSH_Updated_YML_To_Cortex.py took 0.101 seconds
[2026-03-10T13:13:41.161+0000] {processor.py:161} INFO - Started process (PID=484543) to work on /home/cloud/codings/airflow/dags/4_dag_PUSH_Updated_YML_To_Cortex.py
[2026-03-10T13:13:41.179+0000] {processor.py:830} INFO - Processing file /home/cloud/codings/airflow/dags/4_dag_PUSH_Updated_YML_To_Cortex.py for tasks to queue
[2026-03-10T13:13:41.181+0000] {logging_mixin.py:188} INFO - [2026-03-10T13:13:41.180+0000] {dagbag.py:545} INFO - Filling up the DagBag from /home/cloud/codings/airflow/dags/4_dag_PUSH_Updated_YML_To_Cortex.py
[2026-03-10T13:13:41.209+0000] {processor.py:840} INFO - DAG(s) '4_dag_PUSH_Updated_YML_To_Cortex' retrieved from /home/cloud/codings/airflow/dags/4_dag_PUSH_Updated_YML_To_Cortex.py
[2026-03-10T13:13:41.228+0000] {logging_mixin.py:188} INFO - [2026-03-10T13:13:41.228+0000] {dag.py:3089} INFO - Sync 1 DAGs
[2026-03-10T13:13:41.245+0000] {logging_mixin.py:188} INFO - [2026-03-10T13:13:41.245+0000] {dag.py:3947} INFO - Setting next_dagrun for 4_dag_PUSH_Updated_YML_To_Cortex to None, run_after=None
[2026-03-10T13:13:41.273+0000] {processor.py:183} INFO - Processing /home/cloud/codings/airflow/dags/4_dag_PUSH_Updated_YML_To_Cortex.py took 0.120 seconds
[2026-03-10T13:14:12.163+0000] {processor.py:161} INFO - Started process (PID=484671) to work on /home/cloud/codings/airflow/dags/4_dag_PUSH_Updated_YML_To_Cortex.py
[2026-03-10T13:14:12.166+0000] {processor.py:830} INFO - Processing file /home/cloud/codings/airflow/dags/4_dag_PUSH_Updated_YML_To_Cortex.py for tasks to queue
[2026-03-10T13:14:12.168+0000] {logging_mixin.py:188} INFO - [2026-03-10T13:14:12.168+0000] {dagbag.py:545} INFO - Filling up the DagBag from /home/cloud/codings/airflow/dags/4_dag_PUSH_Updated_YML_To_Cortex.py
[2026-03-10T13:14:12.223+0000] {processor.py:840} INFO - DAG(s) '4_dag_PUSH_Updated_YML_To_Cortex' retrieved from /home/cloud/codings/airflow/dags/4_dag_PUSH_Updated_YML_To_Cortex.py
[2026-03-10T13:14:12.279+0000] {logging_mixin.py:188} INFO - [2026-03-10T13:14:12.278+0000] {dag.py:3089} INFO - Sync 1 DAGs
[2026-03-10T13:14:12.319+0000] {logging_mixin.py:188} INFO - [2026-03-10T13:14:12.319+0000] {dag.py:3947} INFO - Setting next_dagrun for 4_dag_PUSH_Updated_YML_To_Cortex to None, run_after=None
[2026-03-10T13:14:12.361+0000] {processor.py:183} INFO - Processing /home/cloud/codings/airflow/dags/4_dag_PUSH_Updated_YML_To_Cortex.py took 0.214 seconds
[2026-03-10T13:14:42.992+0000] {processor.py:161} INFO - Started process (PID=484746) to work on /home/cloud/codings/airflow/dags/4_dag_PUSH_Updated_YML_To_Cortex.py
[2026-03-10T13:14:43.011+0000] {processor.py:830} INFO - Processing file /home/cloud/codings/airflow/dags/4_dag_PUSH_Updated_YML_To_Cortex.py for tasks to queue
[2026-03-10T13:14:43.012+0000] {logging_mixin.py:188} INFO - [2026-03-10T13:14:43.012+0000] {dagbag.py:545} INFO - Filling up the DagBag from /home/cloud/codings/airflow/dags/4_dag_PUSH_Updated_YML_To_Cortex.py
[2026-03-10T13:14:43.078+0000] {processor.py:840} INFO - DAG(s) '4_dag_PUSH_Updated_YML_To_Cortex' retrieved from /home/cloud/codings/airflow/dags/4_dag_PUSH_Updated_YML_To_Cortex.py
[2026-03-10T13:14:43.104+0000] {logging_mixin.py:188} INFO - [2026-03-10T13:14:43.104+0000] {dag.py:3089} INFO - Sync 1 DAGs
[2026-03-10T13:14:43.129+0000] {logging_mixin.py:188} INFO - [2026-03-10T13:14:43.129+0000] {dag.py:3947} INFO - Setting next_dagrun for 4_dag_PUSH_Updated_YML_To_Cortex to None, run_after=None
[2026-03-10T13:14:43.171+0000] {processor.py:183} INFO - Processing /home/cloud/codings/airflow/dags/4_dag_PUSH_Updated_YML_To_Cortex.py took 0.192 seconds
[2026-03-10T13:15:13.499+0000] {processor.py:161} INFO - Started process (PID=484877) to work on /home/cloud/codings/airflow/dags/4_dag_PUSH_Updated_YML_To_Cortex.py
[2026-03-10T13:15:13.504+0000] {processor.py:830} INFO - Processing file /home/cloud/codings/airflow/dags/4_dag_PUSH_Updated_YML_To_Cortex.py for tasks to queue
[2026-03-10T13:15:13.507+0000] {logging_mixin.py:188} INFO - [2026-03-10T13:15:13.505+0000] {dagbag.py:545} INFO - Filling up the DagBag from /home/cloud/codings/airflow/dags/4_dag_PUSH_Updated_YML_To_Cortex.py
[2026-03-10T13:15:13.553+0000] {processor.py:840} INFO - DAG(s) '4_dag_PUSH_Updated_YML_To_Cortex' retrieved from /home/cloud/codings/airflow/dags/4_dag_PUSH_Updated_YML_To_Cortex.py
[2026-03-10T13:15:13.573+0000] {logging_mixin.py:188} INFO - [2026-03-10T13:15:13.572+0000] {dag.py:3089} INFO - Sync 1 DAGs
[2026-03-10T13:15:13.588+0000] {logging_mixin.py:188} INFO - [2026-03-10T13:15:13.588+0000] {dag.py:3947} INFO - Setting next_dagrun for 4_dag_PUSH_Updated_YML_To_Cortex to None, run_after=None
[2026-03-10T13:15:13.615+0000] {processor.py:183} INFO - Processing /home/cloud/codings/airflow/dags/4_dag_PUSH_Updated_YML_To_Cortex.py took 0.143 seconds
[2026-03-10T13:15:43.774+0000] {processor.py:161} INFO - Started process (PID=485034) to work on /home/cloud/codings/airflow/dags/4_dag_PUSH_Updated_YML_To_Cortex.py
[2026-03-10T13:15:43.795+0000] {processor.py:830} INFO - Processing file /home/cloud/codings/airflow/dags/4_dag_PUSH_Updated_YML_To_Cortex.py for tasks to queue
[2026-03-10T13:15:43.797+0000] {logging_mixin.py:188} INFO - [2026-03-10T13:15:43.796+0000] {dagbag.py:545} INFO - Filling up the DagBag from /home/cloud/codings/airflow/dags/4_dag_PUSH_Updated_YML_To_Cortex.py
[2026-03-10T13:15:43.845+0000] {processor.py:840} INFO - DAG(s) '4_dag_PUSH_Updated_YML_To_Cortex' retrieved from /home/cloud/codings/airflow/dags/4_dag_PUSH_Updated_YML_To_Cortex.py
[2026-03-10T13:15:43.868+0000] {logging_mixin.py:188} INFO - [2026-03-10T13:15:43.868+0000] {dag.py:3089} INFO - Sync 1 DAGs
[2026-03-10T13:15:43.882+0000] {logging_mixin.py:188} INFO - [2026-03-10T13:15:43.882+0000] {dag.py:3947} INFO - Setting next_dagrun for 4_dag_PUSH_Updated_YML_To_Cortex to None, run_after=None
[2026-03-10T13:15:43.907+0000] {processor.py:183} INFO - Processing /home/cloud/codings/airflow/dags/4_dag_PUSH_Updated_YML_To_Cortex.py took 0.152 seconds
[2026-03-10T13:16:14.286+0000] {processor.py:161} INFO - Started process (PID=485472) to work on /home/cloud/codings/airflow/dags/4_dag_PUSH_Updated_YML_To_Cortex.py
[2026-03-10T13:16:14.305+0000] {processor.py:830} INFO - Processing file /home/cloud/codings/airflow/dags/4_dag_PUSH_Updated_YML_To_Cortex.py for tasks to queue
[2026-03-10T13:16:14.308+0000] {logging_mixin.py:188} INFO - [2026-03-10T13:16:14.307+0000] {dagbag.py:545} INFO - Filling up the DagBag from /home/cloud/codings/airflow/dags/4_dag_PUSH_Updated_YML_To_Cortex.py
[2026-03-10T13:16:14.343+0000] {processor.py:840} INFO - DAG(s) '4_dag_PUSH_Updated_YML_To_Cortex' retrieved from /home/cloud/codings/airflow/dags/4_dag_PUSH_Updated_YML_To_Cortex.py
[2026-03-10T13:16:14.359+0000] {logging_mixin.py:188} INFO - [2026-03-10T13:16:14.359+0000] {dag.py:3089} INFO - Sync 1 DAGs
[2026-03-10T13:16:14.372+0000] {logging_mixin.py:188} INFO - [2026-03-10T13:16:14.371+0000] {dag.py:3947} INFO - Setting next_dagrun for 4_dag_PUSH_Updated_YML_To_Cortex to None, run_after=None
[2026-03-10T13:16:14.398+0000] {processor.py:183} INFO - Processing /home/cloud/codings/airflow/dags/4_dag_PUSH_Updated_YML_To_Cortex.py took 0.133 seconds
[2026-03-10T13:16:44.577+0000] {processor.py:161} INFO - Started process (PID=485734) to work on /home/cloud/codings/airflow/dags/4_dag_PUSH_Updated_YML_To_Cortex.py
[2026-03-10T13:16:44.598+0000] {processor.py:830} INFO - Processing file /home/cloud/codings/airflow/dags/4_dag_PUSH_Updated_YML_To_Cortex.py for tasks to queue
[2026-03-10T13:16:44.602+0000] {logging_mixin.py:188} INFO - [2026-03-10T13:16:44.600+0000] {dagbag.py:545} INFO - Filling up the DagBag from /home/cloud/codings/airflow/dags/4_dag_PUSH_Updated_YML_To_Cortex.py
[2026-03-10T13:16:44.692+0000] {processor.py:840} INFO - DAG(s) '4_dag_PUSH_Updated_YML_To_Cortex' retrieved from /home/cloud/codings/airflow/dags/4_dag_PUSH_Updated_YML_To_Cortex.py
[2026-03-10T13:16:44.767+0000] {logging_mixin.py:188} INFO - [2026-03-10T13:16:44.766+0000] {dag.py:3089} INFO - Sync 1 DAGs
[2026-03-10T13:16:44.800+0000] {logging_mixin.py:188} INFO - [2026-03-10T13:16:44.799+0000] {dag.py:3947} INFO - Setting next_dagrun for 4_dag_PUSH_Updated_YML_To_Cortex to None, run_after=None
[2026-03-10T13:16:44.870+0000] {processor.py:183} INFO - Processing /home/cloud/codings/airflow/dags/4_dag_PUSH_Updated_YML_To_Cortex.py took 0.317 seconds
[2026-03-10T13:17:15.496+0000] {processor.py:161} INFO - Started process (PID=485974) to work on /home/cloud/codings/airflow/dags/4_dag_PUSH_Updated_YML_To_Cortex.py
[2026-03-10T13:17:15.514+0000] {processor.py:830} INFO - Processing file /home/cloud/codings/airflow/dags/4_dag_PUSH_Updated_YML_To_Cortex.py for tasks to queue
[2026-03-10T13:17:15.515+0000] {logging_mixin.py:188} INFO - [2026-03-10T13:17:15.515+0000] {dagbag.py:545} INFO - Filling up the DagBag from /home/cloud/codings/airflow/dags/4_dag_PUSH_Updated_YML_To_Cortex.py
[2026-03-10T13:17:15.543+0000] {processor.py:840} INFO - DAG(s) '4_dag_PUSH_Updated_YML_To_Cortex' retrieved from /home/cloud/codings/airflow/dags/4_dag_PUSH_Updated_YML_To_Cortex.py
[2026-03-10T13:17:15.557+0000] {logging_mixin.py:188} INFO - [2026-03-10T13:17:15.557+0000] {dag.py:3089} INFO - Sync 1 DAGs
[2026-03-10T13:17:15.569+0000] {logging_mixin.py:188} INFO - [2026-03-10T13:17:15.569+0000] {dag.py:3947} INFO - Setting next_dagrun for 4_dag_PUSH_Updated_YML_To_Cortex to None, run_after=None
[2026-03-10T13:17:15.594+0000] {processor.py:183} INFO - Processing /home/cloud/codings/airflow/dags/4_dag_PUSH_Updated_YML_To_Cortex.py took 0.107 seconds
[2026-03-10T13:17:46.190+0000] {processor.py:161} INFO - Started process (PID=486147) to work on /home/cloud/codings/airflow/dags/4_dag_PUSH_Updated_YML_To_Cortex.py
[2026-03-10T13:17:46.193+0000] {processor.py:830} INFO - Processing file /home/cloud/codings/airflow/dags/4_dag_PUSH_Updated_YML_To_Cortex.py for tasks to queue
[2026-03-10T13:17:46.194+0000] {logging_mixin.py:188} INFO - [2026-03-10T13:17:46.193+0000] {dagbag.py:545} INFO - Filling up the DagBag from /home/cloud/codings/airflow/dags/4_dag_PUSH_Updated_YML_To_Cortex.py
[2026-03-10T13:17:46.226+0000] {processor.py:840} INFO - DAG(s) '4_dag_PUSH_Updated_YML_To_Cortex' retrieved from /home/cloud/codings/airflow/dags/4_dag_PUSH_Updated_YML_To_Cortex.py
[2026-03-10T13:17:46.248+0000] {logging_mixin.py:188} INFO - [2026-03-10T13:17:46.248+0000] {dag.py:3089} INFO - Sync 1 DAGs
[2026-03-10T13:17:46.265+0000] {logging_mixin.py:188} INFO - [2026-03-10T13:17:46.264+0000] {dag.py:3947} INFO - Setting next_dagrun for 4_dag_PUSH_Updated_YML_To_Cortex to None, run_after=None
[2026-03-10T13:17:46.290+0000] {processor.py:183} INFO - Processing /home/cloud/codings/airflow/dags/4_dag_PUSH_Updated_YML_To_Cortex.py took 0.110 seconds
[2026-03-10T13:18:16.655+0000] {processor.py:161} INFO - Started process (PID=486278) to work on /home/cloud/codings/airflow/dags/4_dag_PUSH_Updated_YML_To_Cortex.py
[2026-03-10T13:18:16.657+0000] {processor.py:830} INFO - Processing file /home/cloud/codings/airflow/dags/4_dag_PUSH_Updated_YML_To_Cortex.py for tasks to queue
[2026-03-10T13:18:16.659+0000] {logging_mixin.py:188} INFO - [2026-03-10T13:18:16.658+0000] {dagbag.py:545} INFO - Filling up the DagBag from /home/cloud/codings/airflow/dags/4_dag_PUSH_Updated_YML_To_Cortex.py
[2026-03-10T13:18:16.695+0000] {processor.py:840} INFO - DAG(s) '4_dag_PUSH_Updated_YML_To_Cortex' retrieved from /home/cloud/codings/airflow/dags/4_dag_PUSH_Updated_YML_To_Cortex.py
[2026-03-10T13:18:16.711+0000] {logging_mixin.py:188} INFO - [2026-03-10T13:18:16.710+0000] {dag.py:3089} INFO - Sync 1 DAGs
[2026-03-10T13:18:16.724+0000] {logging_mixin.py:188} INFO - [2026-03-10T13:18:16.723+0000] {dag.py:3947} INFO - Setting next_dagrun for 4_dag_PUSH_Updated_YML_To_Cortex to None, run_after=None
[2026-03-10T13:18:16.758+0000] {processor.py:183} INFO - Processing /home/cloud/codings/airflow/dags/4_dag_PUSH_Updated_YML_To_Cortex.py took 0.123 seconds
[2026-03-10T13:18:47.565+0000] {processor.py:161} INFO - Started process (PID=486378) to work on /home/cloud/codings/airflow/dags/4_dag_PUSH_Updated_YML_To_Cortex.py
[2026-03-10T13:18:47.591+0000] {processor.py:830} INFO - Processing file /home/cloud/codings/airflow/dags/4_dag_PUSH_Updated_YML_To_Cortex.py for tasks to queue
[2026-03-10T13:18:47.593+0000] {logging_mixin.py:188} INFO - [2026-03-10T13:18:47.592+0000] {dagbag.py:545} INFO - Filling up the DagBag from /home/cloud/codings/airflow/dags/4_dag_PUSH_Updated_YML_To_Cortex.py
[2026-03-10T13:18:47.643+0000] {processor.py:840} INFO - DAG(s) '4_dag_PUSH_Updated_YML_To_Cortex' retrieved from /home/cloud/codings/airflow/dags/4_dag_PUSH_Updated_YML_To_Cortex.py
[2026-03-10T13:18:47.678+0000] {logging_mixin.py:188} INFO - [2026-03-10T13:18:47.678+0000] {dag.py:3089} INFO - Sync 1 DAGs
[2026-03-10T13:18:47.705+0000] {logging_mixin.py:188} INFO - [2026-03-10T13:18:47.705+0000] {dag.py:3947} INFO - Setting next_dagrun for 4_dag_PUSH_Updated_YML_To_Cortex to None, run_after=None
[2026-03-10T13:18:47.763+0000] {processor.py:183} INFO - Processing /home/cloud/codings/airflow/dags/4_dag_PUSH_Updated_YML_To_Cortex.py took 0.227 seconds
[2026-03-10T13:19:18.403+0000] {processor.py:161} INFO - Started process (PID=486484) to work on /home/cloud/codings/airflow/dags/4_dag_PUSH_Updated_YML_To_Cortex.py
[2026-03-10T13:19:18.434+0000] {processor.py:830} INFO - Processing file /home/cloud/codings/airflow/dags/4_dag_PUSH_Updated_YML_To_Cortex.py for tasks to queue
[2026-03-10T13:19:18.437+0000] {logging_mixin.py:188} INFO - [2026-03-10T13:19:18.436+0000] {dagbag.py:545} INFO - Filling up the DagBag from /home/cloud/codings/airflow/dags/4_dag_PUSH_Updated_YML_To_Cortex.py
[2026-03-10T13:19:18.496+0000] {processor.py:840} INFO - DAG(s) '4_dag_PUSH_Updated_YML_To_Cortex' retrieved from /home/cloud/codings/airflow/dags/4_dag_PUSH_Updated_YML_To_Cortex.py
[2026-03-10T13:19:18.531+0000] {logging_mixin.py:188} INFO - [2026-03-10T13:19:18.530+0000] {dag.py:3089} INFO - Sync 1 DAGs
[2026-03-10T13:19:18.557+0000] {logging_mixin.py:188} INFO - [2026-03-10T13:19:18.556+0000] {dag.py:3947} INFO - Setting next_dagrun for 4_dag_PUSH_Updated_YML_To_Cortex to None, run_after=None
[2026-03-10T13:19:18.615+0000] {processor.py:183} INFO - Processing /home/cloud/codings/airflow/dags/4_dag_PUSH_Updated_YML_To_Cortex.py took 0.234 seconds
[2026-03-10T13:19:48.721+0000] {processor.py:161} INFO - Started process (PID=486611) to work on /home/cloud/codings/airflow/dags/4_dag_PUSH_Updated_YML_To_Cortex.py
[2026-03-10T13:19:48.722+0000] {processor.py:830} INFO - Processing file /home/cloud/codings/airflow/dags/4_dag_PUSH_Updated_YML_To_Cortex.py for tasks to queue
[2026-03-10T13:19:48.723+0000] {logging_mixin.py:188} INFO - [2026-03-10T13:19:48.722+0000] {dagbag.py:545} INFO - Filling up the DagBag from /home/cloud/codings/airflow/dags/4_dag_PUSH_Updated_YML_To_Cortex.py
[2026-03-10T13:19:48.744+0000] {processor.py:840} INFO - DAG(s) '4_dag_PUSH_Updated_YML_To_Cortex' retrieved from /home/cloud/codings/airflow/dags/4_dag_PUSH_Updated_YML_To_Cortex.py
[2026-03-10T13:19:48.759+0000] {logging_mixin.py:188} INFO - [2026-03-10T13:19:48.759+0000] {dag.py:3089} INFO - Sync 1 DAGs
[2026-03-10T13:19:48.771+0000] {logging_mixin.py:188} INFO - [2026-03-10T13:19:48.770+0000] {dag.py:3947} INFO - Setting next_dagrun for 4_dag_PUSH_Updated_YML_To_Cortex to None, run_after=None
[2026-03-10T13:19:48.793+0000] {processor.py:183} INFO - Processing /home/cloud/codings/airflow/dags/4_dag_PUSH_Updated_YML_To_Cortex.py took 0.081 seconds
[2026-03-10T13:20:19.316+0000] {processor.py:161} INFO - Started process (PID=486684) to work on /home/cloud/codings/airflow/dags/4_dag_PUSH_Updated_YML_To_Cortex.py
[2026-03-10T13:20:19.336+0000] {processor.py:830} INFO - Processing file /home/cloud/codings/airflow/dags/4_dag_PUSH_Updated_YML_To_Cortex.py for tasks to queue
[2026-03-10T13:20:19.340+0000] {logging_mixin.py:188} INFO - [2026-03-10T13:20:19.339+0000] {dagbag.py:545} INFO - Filling up the DagBag from /home/cloud/codings/airflow/dags/4_dag_PUSH_Updated_YML_To_Cortex.py
[2026-03-10T13:20:19.407+0000] {processor.py:840} INFO - DAG(s) '4_dag_PUSH_Updated_YML_To_Cortex' retrieved from /home/cloud/codings/airflow/dags/4_dag_PUSH_Updated_YML_To_Cortex.py
[2026-03-10T13:20:19.445+0000] {logging_mixin.py:188} INFO - [2026-03-10T13:20:19.444+0000] {dag.py:3089} INFO - Sync 1 DAGs
[2026-03-10T13:20:19.474+0000] {logging_mixin.py:188} INFO - [2026-03-10T13:20:19.474+0000] {dag.py:3947} INFO - Setting next_dagrun for 4_dag_PUSH_Updated_YML_To_Cortex to None, run_after=None
[2026-03-10T13:20:19.530+0000] {processor.py:183} INFO - Processing /home/cloud/codings/airflow/dags/4_dag_PUSH_Updated_YML_To_Cortex.py took 0.238 seconds
[2026-03-10T13:20:50.102+0000] {processor.py:161} INFO - Started process (PID=486877) to work on /home/cloud/codings/airflow/dags/4_dag_PUSH_Updated_YML_To_Cortex.py
[2026-03-10T13:20:50.105+0000] {processor.py:830} INFO - Processing file /home/cloud/codings/airflow/dags/4_dag_PUSH_Updated_YML_To_Cortex.py for tasks to queue
[2026-03-10T13:20:50.109+0000] {logging_mixin.py:188} INFO - [2026-03-10T13:20:50.107+0000] {dagbag.py:545} INFO - Filling up the DagBag from /home/cloud/codings/airflow/dags/4_dag_PUSH_Updated_YML_To_Cortex.py
[2026-03-10T13:20:50.160+0000] {processor.py:840} INFO - DAG(s) '4_dag_PUSH_Updated_YML_To_Cortex' retrieved from /home/cloud/codings/airflow/dags/4_dag_PUSH_Updated_YML_To_Cortex.py
[2026-03-10T13:20:50.183+0000] {logging_mixin.py:188} INFO - [2026-03-10T13:20:50.183+0000] {dag.py:3089} INFO - Sync 1 DAGs
[2026-03-10T13:20:50.380+0000] {logging_mixin.py:188} INFO - [2026-03-10T13:20:50.380+0000] {dag.py:3947} INFO - Setting next_dagrun for 4_dag_PUSH_Updated_YML_To_Cortex to None, run_after=None
[2026-03-10T13:20:50.481+0000] {processor.py:183} INFO - Processing /home/cloud/codings/airflow/dags/4_dag_PUSH_Updated_YML_To_Cortex.py took 0.403 seconds
[2026-03-10T13:21:20.713+0000] {processor.py:161} INFO - Started process (PID=486946) to work on /home/cloud/codings/airflow/dags/4_dag_PUSH_Updated_YML_To_Cortex.py
[2026-03-10T13:21:20.740+0000] {processor.py:830} INFO - Processing file /home/cloud/codings/airflow/dags/4_dag_PUSH_Updated_YML_To_Cortex.py for tasks to queue
[2026-03-10T13:21:20.745+0000] {logging_mixin.py:188} INFO - [2026-03-10T13:21:20.742+0000] {dagbag.py:545} INFO - Filling up the DagBag from /home/cloud/codings/airflow/dags/4_dag_PUSH_Updated_YML_To_Cortex.py
[2026-03-10T13:21:20.821+0000] {processor.py:840} INFO - DAG(s) '4_dag_PUSH_Updated_YML_To_Cortex' retrieved from /home/cloud/codings/airflow/dags/4_dag_PUSH_Updated_YML_To_Cortex.py
[2026-03-10T13:21:20.852+0000] {logging_mixin.py:188} INFO - [2026-03-10T13:21:20.851+0000] {dag.py:3089} INFO - Sync 1 DAGs
[2026-03-10T13:21:20.868+0000] {logging_mixin.py:188} INFO - [2026-03-10T13:21:20.867+0000] {dag.py:3947} INFO - Setting next_dagrun for 4_dag_PUSH_Updated_YML_To_Cortex to None, run_after=None
[2026-03-10T13:21:20.912+0000] {processor.py:183} INFO - Processing /home/cloud/codings/airflow/dags/4_dag_PUSH_Updated_YML_To_Cortex.py took 0.231 seconds
[2026-03-10T13:21:51.478+0000] {processor.py:161} INFO - Started process (PID=487081) to work on /home/cloud/codings/airflow/dags/4_dag_PUSH_Updated_YML_To_Cortex.py
[2026-03-10T13:21:51.507+0000] {processor.py:830} INFO - Processing file /home/cloud/codings/airflow/dags/4_dag_PUSH_Updated_YML_To_Cortex.py for tasks to queue
[2026-03-10T13:21:51.508+0000] {logging_mixin.py:188} INFO - [2026-03-10T13:21:51.508+0000] {dagbag.py:545} INFO - Filling up the DagBag from /home/cloud/codings/airflow/dags/4_dag_PUSH_Updated_YML_To_Cortex.py
[2026-03-10T13:21:51.550+0000] {processor.py:840} INFO - DAG(s) '4_dag_PUSH_Updated_YML_To_Cortex' retrieved from /home/cloud/codings/airflow/dags/4_dag_PUSH_Updated_YML_To_Cortex.py
[2026-03-10T13:21:51.578+0000] {logging_mixin.py:188} INFO - [2026-03-10T13:21:51.577+0000] {dag.py:3089} INFO - Sync 1 DAGs
[2026-03-10T13:21:51.603+0000] {logging_mixin.py:188} INFO - [2026-03-10T13:21:51.602+0000] {dag.py:3947} INFO - Setting next_dagrun for 4_dag_PUSH_Updated_YML_To_Cortex to None, run_after=None
[2026-03-10T13:21:51.649+0000] {processor.py:183} INFO - Processing /home/cloud/codings/airflow/dags/4_dag_PUSH_Updated_YML_To_Cortex.py took 0.184 seconds
[2026-03-10T13:22:21.832+0000] {processor.py:161} INFO - Started process (PID=487154) to work on /home/cloud/codings/airflow/dags/4_dag_PUSH_Updated_YML_To_Cortex.py
[2026-03-10T13:22:21.865+0000] {processor.py:830} INFO - Processing file /home/cloud/codings/airflow/dags/4_dag_PUSH_Updated_YML_To_Cortex.py for tasks to queue
[2026-03-10T13:22:21.867+0000] {logging_mixin.py:188} INFO - [2026-03-10T13:22:21.866+0000] {dagbag.py:545} INFO - Filling up the DagBag from /home/cloud/codings/airflow/dags/4_dag_PUSH_Updated_YML_To_Cortex.py
[2026-03-10T13:22:21.906+0000] {processor.py:840} INFO - DAG(s) '4_dag_PUSH_Updated_YML_To_Cortex' retrieved from /home/cloud/codings/airflow/dags/4_dag_PUSH_Updated_YML_To_Cortex.py
[2026-03-10T13:22:21.948+0000] {logging_mixin.py:188} INFO - [2026-03-10T13:22:21.947+0000] {dag.py:3089} INFO - Sync 1 DAGs
[2026-03-10T13:22:22.000+0000] {logging_mixin.py:188} INFO - [2026-03-10T13:22:21.999+0000] {dag.py:3947} INFO - Setting next_dagrun for 4_dag_PUSH_Updated_YML_To_Cortex to None, run_after=None
[2026-03-10T13:22:22.134+0000] {processor.py:183} INFO - Processing /home/cloud/codings/airflow/dags/4_dag_PUSH_Updated_YML_To_Cortex.py took 0.312 seconds
[2026-03-10T13:22:52.359+0000] {processor.py:161} INFO - Started process (PID=487287) to work on /home/cloud/codings/airflow/dags/4_dag_PUSH_Updated_YML_To_Cortex.py
[2026-03-10T13:22:52.384+0000] {processor.py:830} INFO - Processing file /home/cloud/codings/airflow/dags/4_dag_PUSH_Updated_YML_To_Cortex.py for tasks to queue
[2026-03-10T13:22:52.387+0000] {logging_mixin.py:188} INFO - [2026-03-10T13:22:52.386+0000] {dagbag.py:545} INFO - Filling up the DagBag from /home/cloud/codings/airflow/dags/4_dag_PUSH_Updated_YML_To_Cortex.py
[2026-03-10T13:22:52.429+0000] {processor.py:840} INFO - DAG(s) '4_dag_PUSH_Updated_YML_To_Cortex' retrieved from /home/cloud/codings/airflow/dags/4_dag_PUSH_Updated_YML_To_Cortex.py
[2026-03-10T13:22:52.462+0000] {logging_mixin.py:188} INFO - [2026-03-10T13:22:52.461+0000] {dag.py:3089} INFO - Sync 1 DAGs
[2026-03-10T13:22:52.489+0000] {logging_mixin.py:188} INFO - [2026-03-10T13:22:52.489+0000] {dag.py:3947} INFO - Setting next_dagrun for 4_dag_PUSH_Updated_YML_To_Cortex to None, run_after=None
[2026-03-10T13:22:52.722+0000] {processor.py:183} INFO - Processing /home/cloud/codings/airflow/dags/4_dag_PUSH_Updated_YML_To_Cortex.py took 0.374 seconds
[2026-03-10T13:23:23.106+0000] {processor.py:161} INFO - Started process (PID=487360) to work on /home/cloud/codings/airflow/dags/4_dag_PUSH_Updated_YML_To_Cortex.py
[2026-03-10T13:23:23.110+0000] {processor.py:830} INFO - Processing file /home/cloud/codings/airflow/dags/4_dag_PUSH_Updated_YML_To_Cortex.py for tasks to queue
[2026-03-10T13:23:23.115+0000] {logging_mixin.py:188} INFO - [2026-03-10T13:23:23.113+0000] {dagbag.py:545} INFO - Filling up the DagBag from /home/cloud/codings/airflow/dags/4_dag_PUSH_Updated_YML_To_Cortex.py
[2026-03-10T13:23:23.171+0000] {processor.py:840} INFO - DAG(s) '4_dag_PUSH_Updated_YML_To_Cortex' retrieved from /home/cloud/codings/airflow/dags/4_dag_PUSH_Updated_YML_To_Cortex.py
[2026-03-10T13:23:23.187+0000] {logging_mixin.py:188} INFO - [2026-03-10T13:23:23.187+0000] {dag.py:3089} INFO - Sync 1 DAGs
[2026-03-10T13:23:23.513+0000] {logging_mixin.py:188} INFO - [2026-03-10T13:23:23.512+0000] {dag.py:3947} INFO - Setting next_dagrun for 4_dag_PUSH_Updated_YML_To_Cortex to None, run_after=None
[2026-03-10T13:23:23.565+0000] {processor.py:183} INFO - Processing /home/cloud/codings/airflow/dags/4_dag_PUSH_Updated_YML_To_Cortex.py took 0.490 seconds
[2026-03-10T13:23:54.755+0000] {processor.py:161} INFO - Started process (PID=487493) to work on /home/cloud/codings/airflow/dags/4_dag_PUSH_Updated_YML_To_Cortex.py
[2026-03-10T13:23:54.776+0000] {processor.py:830} INFO - Processing file /home/cloud/codings/airflow/dags/4_dag_PUSH_Updated_YML_To_Cortex.py for tasks to queue
[2026-03-10T13:23:54.779+0000] {logging_mixin.py:188} INFO - [2026-03-10T13:23:54.778+0000] {dagbag.py:545} INFO - Filling up the DagBag from /home/cloud/codings/airflow/dags/4_dag_PUSH_Updated_YML_To_Cortex.py
[2026-03-10T13:23:55.145+0000] {processor.py:840} INFO - DAG(s) '4_dag_PUSH_Updated_YML_To_Cortex' retrieved from /home/cloud/codings/airflow/dags/4_dag_PUSH_Updated_YML_To_Cortex.py
[2026-03-10T13:23:55.168+0000] {logging_mixin.py:188} INFO - [2026-03-10T13:23:55.167+0000] {dag.py:3089} INFO - Sync 1 DAGs
[2026-03-10T13:23:55.186+0000] {logging_mixin.py:188} INFO - [2026-03-10T13:23:55.186+0000] {dag.py:3947} INFO - Setting next_dagrun for 4_dag_PUSH_Updated_YML_To_Cortex to None, run_after=None
[2026-03-10T13:23:55.223+0000] {processor.py:183} INFO - Processing /home/cloud/codings/airflow/dags/4_dag_PUSH_Updated_YML_To_Cortex.py took 0.495 seconds
[2026-03-10T13:24:25.377+0000] {processor.py:161} INFO - Started process (PID=487558) to work on /home/cloud/codings/airflow/dags/4_dag_PUSH_Updated_YML_To_Cortex.py
[2026-03-10T13:24:25.398+0000] {processor.py:830} INFO - Processing file /home/cloud/codings/airflow/dags/4_dag_PUSH_Updated_YML_To_Cortex.py for tasks to queue
[2026-03-10T13:24:25.402+0000] {logging_mixin.py:188} INFO - [2026-03-10T13:24:25.400+0000] {dagbag.py:545} INFO - Filling up the DagBag from /home/cloud/codings/airflow/dags/4_dag_PUSH_Updated_YML_To_Cortex.py
[2026-03-10T13:24:25.494+0000] {processor.py:840} INFO - DAG(s) '4_dag_PUSH_Updated_YML_To_Cortex' retrieved from /home/cloud/codings/airflow/dags/4_dag_PUSH_Updated_YML_To_Cortex.py
[2026-03-10T13:24:25.566+0000] {logging_mixin.py:188} INFO - [2026-03-10T13:24:25.565+0000] {dag.py:3089} INFO - Sync 1 DAGs
[2026-03-10T13:24:25.600+0000] {logging_mixin.py:188} INFO - [2026-03-10T13:24:25.599+0000] {dag.py:3947} INFO - Setting next_dagrun for 4_dag_PUSH_Updated_YML_To_Cortex to None, run_after=None
[2026-03-10T13:24:25.656+0000] {processor.py:183} INFO - Processing /home/cloud/codings/airflow/dags/4_dag_PUSH_Updated_YML_To_Cortex.py took 0.304 seconds
[2026-03-10T13:24:56.487+0000] {processor.py:161} INFO - Started process (PID=487693) to work on /home/cloud/codings/airflow/dags/4_dag_PUSH_Updated_YML_To_Cortex.py
[2026-03-10T13:24:56.509+0000] {processor.py:830} INFO - Processing file /home/cloud/codings/airflow/dags/4_dag_PUSH_Updated_YML_To_Cortex.py for tasks to queue
[2026-03-10T13:24:56.514+0000] {logging_mixin.py:188} INFO - [2026-03-10T13:24:56.512+0000] {dagbag.py:545} INFO - Filling up the DagBag from /home/cloud/codings/airflow/dags/4_dag_PUSH_Updated_YML_To_Cortex.py
[2026-03-10T13:24:56.603+0000] {processor.py:840} INFO - DAG(s) '4_dag_PUSH_Updated_YML_To_Cortex' retrieved from /home/cloud/codings/airflow/dags/4_dag_PUSH_Updated_YML_To_Cortex.py
[2026-03-10T13:24:56.635+0000] {logging_mixin.py:188} INFO - [2026-03-10T13:24:56.635+0000] {dag.py:3089} INFO - Sync 1 DAGs
[2026-03-10T13:24:56.661+0000] {logging_mixin.py:188} INFO - [2026-03-10T13:24:56.661+0000] {dag.py:3947} INFO - Setting next_dagrun for 4_dag_PUSH_Updated_YML_To_Cortex to None, run_after=None
[2026-03-10T13:24:56.690+0000] {processor.py:183} INFO - Processing /home/cloud/codings/airflow/dags/4_dag_PUSH_Updated_YML_To_Cortex.py took 0.234 seconds
[2026-03-10T13:25:27.038+0000] {processor.py:161} INFO - Started process (PID=487766) to work on /home/cloud/codings/airflow/dags/4_dag_PUSH_Updated_YML_To_Cortex.py
[2026-03-10T13:25:27.058+0000] {processor.py:830} INFO - Processing file /home/cloud/codings/airflow/dags/4_dag_PUSH_Updated_YML_To_Cortex.py for tasks to queue
[2026-03-10T13:25:27.060+0000] {logging_mixin.py:188} INFO - [2026-03-10T13:25:27.059+0000] {dagbag.py:545} INFO - Filling up the DagBag from /home/cloud/codings/airflow/dags/4_dag_PUSH_Updated_YML_To_Cortex.py
[2026-03-10T13:25:27.098+0000] {processor.py:840} INFO - DAG(s) '4_dag_PUSH_Updated_YML_To_Cortex' retrieved from /home/cloud/codings/airflow/dags/4_dag_PUSH_Updated_YML_To_Cortex.py
[2026-03-10T13:25:27.153+0000] {logging_mixin.py:188} INFO - [2026-03-10T13:25:27.151+0000] {dag.py:3089} INFO - Sync 1 DAGs
[2026-03-10T13:25:27.202+0000] {logging_mixin.py:188} INFO - [2026-03-10T13:25:27.201+0000] {dag.py:3947} INFO - Setting next_dagrun for 4_dag_PUSH_Updated_YML_To_Cortex to None, run_after=None
[2026-03-10T13:25:27.277+0000] {processor.py:183} INFO - Processing /home/cloud/codings/airflow/dags/4_dag_PUSH_Updated_YML_To_Cortex.py took 0.248 seconds
[2026-03-10T13:25:57.481+0000] {processor.py:161} INFO - Started process (PID=487958) to work on /home/cloud/codings/airflow/dags/4_dag_PUSH_Updated_YML_To_Cortex.py
[2026-03-10T13:25:57.483+0000] {processor.py:830} INFO - Processing file /home/cloud/codings/airflow/dags/4_dag_PUSH_Updated_YML_To_Cortex.py for tasks to queue
[2026-03-10T13:25:57.485+0000] {logging_mixin.py:188} INFO - [2026-03-10T13:25:57.484+0000] {dagbag.py:545} INFO - Filling up the DagBag from /home/cloud/codings/airflow/dags/4_dag_PUSH_Updated_YML_To_Cortex.py
[2026-03-10T13:25:57.528+0000] {processor.py:840} INFO - DAG(s) '4_dag_PUSH_Updated_YML_To_Cortex' retrieved from /home/cloud/codings/airflow/dags/4_dag_PUSH_Updated_YML_To_Cortex.py
[2026-03-10T13:25:57.546+0000] {logging_mixin.py:188} INFO - [2026-03-10T13:25:57.546+0000] {dag.py:3089} INFO - Sync 1 DAGs
[2026-03-10T13:25:57.559+0000] {logging_mixin.py:188} INFO - [2026-03-10T13:25:57.559+0000] {dag.py:3947} INFO - Setting next_dagrun for 4_dag_PUSH_Updated_YML_To_Cortex to None, run_after=None
[2026-03-10T13:25:57.584+0000] {processor.py:183} INFO - Processing /home/cloud/codings/airflow/dags/4_dag_PUSH_Updated_YML_To_Cortex.py took 0.115 seconds
[2026-03-10T13:26:28.075+0000] {processor.py:161} INFO - Started process (PID=488031) to work on /home/cloud/codings/airflow/dags/4_dag_PUSH_Updated_YML_To_Cortex.py
[2026-03-10T13:26:28.096+0000] {processor.py:830} INFO - Processing file /home/cloud/codings/airflow/dags/4_dag_PUSH_Updated_YML_To_Cortex.py for tasks to queue
[2026-03-10T13:26:28.101+0000] {logging_mixin.py:188} INFO - [2026-03-10T13:26:28.099+0000] {dagbag.py:545} INFO - Filling up the DagBag from /home/cloud/codings/airflow/dags/4_dag_PUSH_Updated_YML_To_Cortex.py
[2026-03-10T13:26:28.203+0000] {processor.py:840} INFO - DAG(s) '4_dag_PUSH_Updated_YML_To_Cortex' retrieved from /home/cloud/codings/airflow/dags/4_dag_PUSH_Updated_YML_To_Cortex.py
[2026-03-10T13:26:28.268+0000] {logging_mixin.py:188} INFO - [2026-03-10T13:26:28.267+0000] {dag.py:3089} INFO - Sync 1 DAGs
[2026-03-10T13:26:28.320+0000] {logging_mixin.py:188} INFO - [2026-03-10T13:26:28.320+0000] {dag.py:3947} INFO - Setting next_dagrun for 4_dag_PUSH_Updated_YML_To_Cortex to None, run_after=None
[2026-03-10T13:26:28.392+0000] {processor.py:183} INFO - Processing /home/cloud/codings/airflow/dags/4_dag_PUSH_Updated_YML_To_Cortex.py took 0.350 seconds
[2026-03-10T13:26:58.724+0000] {processor.py:161} INFO - Started process (PID=488183) to work on /home/cloud/codings/airflow/dags/4_dag_PUSH_Updated_YML_To_Cortex.py
[2026-03-10T13:26:58.743+0000] {processor.py:830} INFO - Processing file /home/cloud/codings/airflow/dags/4_dag_PUSH_Updated_YML_To_Cortex.py for tasks to queue
[2026-03-10T13:26:58.744+0000] {logging_mixin.py:188} INFO - [2026-03-10T13:26:58.744+0000] {dagbag.py:545} INFO - Filling up the DagBag from /home/cloud/codings/airflow/dags/4_dag_PUSH_Updated_YML_To_Cortex.py
[2026-03-10T13:26:58.789+0000] {processor.py:840} INFO - DAG(s) '4_dag_PUSH_Updated_YML_To_Cortex' retrieved from /home/cloud/codings/airflow/dags/4_dag_PUSH_Updated_YML_To_Cortex.py
[2026-03-10T13:26:58.813+0000] {logging_mixin.py:188} INFO - [2026-03-10T13:26:58.812+0000] {dag.py:3089} INFO - Sync 1 DAGs
[2026-03-10T13:26:58.831+0000] {logging_mixin.py:188} INFO - [2026-03-10T13:26:58.830+0000] {dag.py:3947} INFO - Setting next_dagrun for 4_dag_PUSH_Updated_YML_To_Cortex to None, run_after=None
[2026-03-10T13:26:58.857+0000] {processor.py:183} INFO - Processing /home/cloud/codings/airflow/dags/4_dag_PUSH_Updated_YML_To_Cortex.py took 0.148 seconds
[2026-03-10T13:27:29.246+0000] {processor.py:161} INFO - Started process (PID=488342) to work on /home/cloud/codings/airflow/dags/4_dag_PUSH_Updated_YML_To_Cortex.py
[2026-03-10T13:27:29.266+0000] {processor.py:830} INFO - Processing file /home/cloud/codings/airflow/dags/4_dag_PUSH_Updated_YML_To_Cortex.py for tasks to queue
[2026-03-10T13:27:29.269+0000] {logging_mixin.py:188} INFO - [2026-03-10T13:27:29.268+0000] {dagbag.py:545} INFO - Filling up the DagBag from /home/cloud/codings/airflow/dags/4_dag_PUSH_Updated_YML_To_Cortex.py
[2026-03-10T13:27:29.326+0000] {processor.py:840} INFO - DAG(s) '4_dag_PUSH_Updated_YML_To_Cortex' retrieved from /home/cloud/codings/airflow/dags/4_dag_PUSH_Updated_YML_To_Cortex.py
[2026-03-10T13:27:29.349+0000] {logging_mixin.py:188} INFO - [2026-03-10T13:27:29.349+0000] {dag.py:3089} INFO - Sync 1 DAGs
[2026-03-10T13:27:29.366+0000] {logging_mixin.py:188} INFO - [2026-03-10T13:27:29.366+0000] {dag.py:3947} INFO - Setting next_dagrun for 4_dag_PUSH_Updated_YML_To_Cortex to None, run_after=None
[2026-03-10T13:27:29.396+0000] {processor.py:183} INFO - Processing /home/cloud/codings/airflow/dags/4_dag_PUSH_Updated_YML_To_Cortex.py took 0.182 seconds
[2026-03-10T13:27:59.838+0000] {processor.py:161} INFO - Started process (PID=488475) to work on /home/cloud/codings/airflow/dags/4_dag_PUSH_Updated_YML_To_Cortex.py
[2026-03-10T13:27:59.858+0000] {processor.py:830} INFO - Processing file /home/cloud/codings/airflow/dags/4_dag_PUSH_Updated_YML_To_Cortex.py for tasks to queue
[2026-03-10T13:27:59.860+0000] {logging_mixin.py:188} INFO - [2026-03-10T13:27:59.859+0000] {dagbag.py:545} INFO - Filling up the DagBag from /home/cloud/codings/airflow/dags/4_dag_PUSH_Updated_YML_To_Cortex.py
[2026-03-10T13:27:59.910+0000] {processor.py:840} INFO - DAG(s) '4_dag_PUSH_Updated_YML_To_Cortex' retrieved from /home/cloud/codings/airflow/dags/4_dag_PUSH_Updated_YML_To_Cortex.py
[2026-03-10T13:27:59.956+0000] {logging_mixin.py:188} INFO - [2026-03-10T13:27:59.955+0000] {dag.py:3089} INFO - Sync 1 DAGs
[2026-03-10T13:28:00.024+0000] {logging_mixin.py:188} INFO - [2026-03-10T13:28:00.023+0000] {dag.py:3947} INFO - Setting next_dagrun for 4_dag_PUSH_Updated_YML_To_Cortex to None, run_after=None
[2026-03-10T13:28:00.101+0000] {processor.py:183} INFO - Processing /home/cloud/codings/airflow/dags/4_dag_PUSH_Updated_YML_To_Cortex.py took 0.290 seconds
[2026-03-10T13:28:30.646+0000] {processor.py:161} INFO - Started process (PID=488548) to work on /home/cloud/codings/airflow/dags/4_dag_PUSH_Updated_YML_To_Cortex.py
[2026-03-10T13:28:30.667+0000] {processor.py:830} INFO - Processing file /home/cloud/codings/airflow/dags/4_dag_PUSH_Updated_YML_To_Cortex.py for tasks to queue
[2026-03-10T13:28:30.673+0000] {logging_mixin.py:188} INFO - [2026-03-10T13:28:30.671+0000] {dagbag.py:545} INFO - Filling up the DagBag from /home/cloud/codings/airflow/dags/4_dag_PUSH_Updated_YML_To_Cortex.py
[2026-03-10T13:28:30.774+0000] {processor.py:840} INFO - DAG(s) '4_dag_PUSH_Updated_YML_To_Cortex' retrieved from /home/cloud/codings/airflow/dags/4_dag_PUSH_Updated_YML_To_Cortex.py
[2026-03-10T13:28:30.811+0000] {logging_mixin.py:188} INFO - [2026-03-10T13:28:30.811+0000] {dag.py:3089} INFO - Sync 1 DAGs
[2026-03-10T13:28:30.843+0000] {logging_mixin.py:188} INFO - [2026-03-10T13:28:30.843+0000] {dag.py:3947} INFO - Setting next_dagrun for 4_dag_PUSH_Updated_YML_To_Cortex to None, run_after=None
[2026-03-10T13:28:30.910+0000] {processor.py:183} INFO - Processing /home/cloud/codings/airflow/dags/4_dag_PUSH_Updated_YML_To_Cortex.py took 0.293 seconds
[2026-03-10T13:29:01.256+0000] {processor.py:161} INFO - Started process (PID=488673) to work on /home/cloud/codings/airflow/dags/4_dag_PUSH_Updated_YML_To_Cortex.py
[2026-03-10T13:29:01.281+0000] {processor.py:830} INFO - Processing file /home/cloud/codings/airflow/dags/4_dag_PUSH_Updated_YML_To_Cortex.py for tasks to queue
[2026-03-10T13:29:01.282+0000] {logging_mixin.py:188} INFO - [2026-03-10T13:29:01.281+0000] {dagbag.py:545} INFO - Filling up the DagBag from /home/cloud/codings/airflow/dags/4_dag_PUSH_Updated_YML_To_Cortex.py
[2026-03-10T13:29:01.304+0000] {processor.py:840} INFO - DAG(s) '4_dag_PUSH_Updated_YML_To_Cortex' retrieved from /home/cloud/codings/airflow/dags/4_dag_PUSH_Updated_YML_To_Cortex.py
[2026-03-10T13:29:01.318+0000] {logging_mixin.py:188} INFO - [2026-03-10T13:29:01.318+0000] {dag.py:3089} INFO - Sync 1 DAGs
[2026-03-10T13:29:01.330+0000] {logging_mixin.py:188} INFO - [2026-03-10T13:29:01.330+0000] {dag.py:3947} INFO - Setting next_dagrun for 4_dag_PUSH_Updated_YML_To_Cortex to None, run_after=None
[2026-03-10T13:29:01.355+0000] {processor.py:183} INFO - Processing /home/cloud/codings/airflow/dags/4_dag_PUSH_Updated_YML_To_Cortex.py took 0.109 seconds
[2026-03-10T13:29:31.768+0000] {processor.py:161} INFO - Started process (PID=488748) to work on /home/cloud/codings/airflow/dags/4_dag_PUSH_Updated_YML_To_Cortex.py
[2026-03-10T13:29:31.798+0000] {processor.py:830} INFO - Processing file /home/cloud/codings/airflow/dags/4_dag_PUSH_Updated_YML_To_Cortex.py for tasks to queue
[2026-03-10T13:29:31.804+0000] {logging_mixin.py:188} INFO - [2026-03-10T13:29:31.802+0000] {dagbag.py:545} INFO - Filling up the DagBag from /home/cloud/codings/airflow/dags/4_dag_PUSH_Updated_YML_To_Cortex.py
[2026-03-10T13:29:31.908+0000] {processor.py:840} INFO - DAG(s) '4_dag_PUSH_Updated_YML_To_Cortex' retrieved from /home/cloud/codings/airflow/dags/4_dag_PUSH_Updated_YML_To_Cortex.py
[2026-03-10T13:29:31.948+0000] {logging_mixin.py:188} INFO - [2026-03-10T13:29:31.948+0000] {dag.py:3089} INFO - Sync 1 DAGs
[2026-03-10T13:29:31.967+0000] {logging_mixin.py:188} INFO - [2026-03-10T13:29:31.967+0000] {dag.py:3947} INFO - Setting next_dagrun for 4_dag_PUSH_Updated_YML_To_Cortex to None, run_after=None
[2026-03-10T13:29:32.026+0000] {processor.py:183} INFO - Processing /home/cloud/codings/airflow/dags/4_dag_PUSH_Updated_YML_To_Cortex.py took 0.284 seconds
[2026-03-10T13:30:02.113+0000] {processor.py:161} INFO - Started process (PID=488879) to work on /home/cloud/codings/airflow/dags/4_dag_PUSH_Updated_YML_To_Cortex.py
[2026-03-10T13:30:02.132+0000] {processor.py:830} INFO - Processing file /home/cloud/codings/airflow/dags/4_dag_PUSH_Updated_YML_To_Cortex.py for tasks to queue
[2026-03-10T13:30:02.133+0000] {logging_mixin.py:188} INFO - [2026-03-10T13:30:02.132+0000] {dagbag.py:545} INFO - Filling up the DagBag from /home/cloud/codings/airflow/dags/4_dag_PUSH_Updated_YML_To_Cortex.py
[2026-03-10T13:30:02.155+0000] {processor.py:840} INFO - DAG(s) '4_dag_PUSH_Updated_YML_To_Cortex' retrieved from /home/cloud/codings/airflow/dags/4_dag_PUSH_Updated_YML_To_Cortex.py
[2026-03-10T13:30:02.168+0000] {logging_mixin.py:188} INFO - [2026-03-10T13:30:02.168+0000] {dag.py:3089} INFO - Sync 1 DAGs
[2026-03-10T13:30:02.180+0000] {logging_mixin.py:188} INFO - [2026-03-10T13:30:02.180+0000] {dag.py:3947} INFO - Setting next_dagrun for 4_dag_PUSH_Updated_YML_To_Cortex to None, run_after=None
[2026-03-10T13:30:02.216+0000] {processor.py:183} INFO - Processing /home/cloud/codings/airflow/dags/4_dag_PUSH_Updated_YML_To_Cortex.py took 0.115 seconds
[2026-03-10T13:30:32.738+0000] {processor.py:161} INFO - Started process (PID=488946) to work on /home/cloud/codings/airflow/dags/4_dag_PUSH_Updated_YML_To_Cortex.py
[2026-03-10T13:30:32.741+0000] {processor.py:830} INFO - Processing file /home/cloud/codings/airflow/dags/4_dag_PUSH_Updated_YML_To_Cortex.py for tasks to queue
[2026-03-10T13:30:32.743+0000] {logging_mixin.py:188} INFO - [2026-03-10T13:30:32.742+0000] {dagbag.py:545} INFO - Filling up the DagBag from /home/cloud/codings/airflow/dags/4_dag_PUSH_Updated_YML_To_Cortex.py
[2026-03-10T13:30:32.788+0000] {processor.py:840} INFO - DAG(s) '4_dag_PUSH_Updated_YML_To_Cortex' retrieved from /home/cloud/codings/airflow/dags/4_dag_PUSH_Updated_YML_To_Cortex.py
[2026-03-10T13:30:32.814+0000] {logging_mixin.py:188} INFO - [2026-03-10T13:30:32.813+0000] {dag.py:3089} INFO - Sync 1 DAGs
[2026-03-10T13:30:32.863+0000] {logging_mixin.py:188} INFO - [2026-03-10T13:30:32.863+0000] {dag.py:3947} INFO - Setting next_dagrun for 4_dag_PUSH_Updated_YML_To_Cortex to None, run_after=None
[2026-03-10T13:30:32.947+0000] {processor.py:183} INFO - Processing /home/cloud/codings/airflow/dags/4_dag_PUSH_Updated_YML_To_Cortex.py took 0.224 seconds
[2026-03-10T13:31:03.454+0000] {processor.py:161} INFO - Started process (PID=489139) to work on /home/cloud/codings/airflow/dags/4_dag_PUSH_Updated_YML_To_Cortex.py
[2026-03-10T13:31:03.456+0000] {processor.py:830} INFO - Processing file /home/cloud/codings/airflow/dags/4_dag_PUSH_Updated_YML_To_Cortex.py for tasks to queue
[2026-03-10T13:31:03.458+0000] {logging_mixin.py:188} INFO - [2026-03-10T13:31:03.457+0000] {dagbag.py:545} INFO - Filling up the DagBag from /home/cloud/codings/airflow/dags/4_dag_PUSH_Updated_YML_To_Cortex.py
[2026-03-10T13:31:03.537+0000] {processor.py:840} INFO - DAG(s) '4_dag_PUSH_Updated_YML_To_Cortex' retrieved from /home/cloud/codings/airflow/dags/4_dag_PUSH_Updated_YML_To_Cortex.py
[2026-03-10T13:31:03.622+0000] {logging_mixin.py:188} INFO - [2026-03-10T13:31:03.620+0000] {dag.py:3089} INFO - Sync 1 DAGs
[2026-03-10T13:31:03.698+0000] {logging_mixin.py:188} INFO - [2026-03-10T13:31:03.697+0000] {dag.py:3947} INFO - Setting next_dagrun for 4_dag_PUSH_Updated_YML_To_Cortex to None, run_after=None
[2026-03-10T13:31:03.798+0000] {processor.py:183} INFO - Processing /home/cloud/codings/airflow/dags/4_dag_PUSH_Updated_YML_To_Cortex.py took 0.359 seconds
[2026-03-10T13:31:34.036+0000] {processor.py:161} INFO - Started process (PID=489212) to work on /home/cloud/codings/airflow/dags/4_dag_PUSH_Updated_YML_To_Cortex.py
[2026-03-10T13:31:34.058+0000] {processor.py:830} INFO - Processing file /home/cloud/codings/airflow/dags/4_dag_PUSH_Updated_YML_To_Cortex.py for tasks to queue
[2026-03-10T13:31:34.060+0000] {logging_mixin.py:188} INFO - [2026-03-10T13:31:34.059+0000] {dagbag.py:545} INFO - Filling up the DagBag from /home/cloud/codings/airflow/dags/4_dag_PUSH_Updated_YML_To_Cortex.py
[2026-03-10T13:31:34.088+0000] {processor.py:840} INFO - DAG(s) '4_dag_PUSH_Updated_YML_To_Cortex' retrieved from /home/cloud/codings/airflow/dags/4_dag_PUSH_Updated_YML_To_Cortex.py
[2026-03-10T13:31:34.104+0000] {logging_mixin.py:188} INFO - [2026-03-10T13:31:34.103+0000] {dag.py:3089} INFO - Sync 1 DAGs
[2026-03-10T13:31:34.117+0000] {logging_mixin.py:188} INFO - [2026-03-10T13:31:34.116+0000] {dag.py:3947} INFO - Setting next_dagrun for 4_dag_PUSH_Updated_YML_To_Cortex to None, run_after=None
[2026-03-10T13:31:34.143+0000] {processor.py:183} INFO - Processing /home/cloud/codings/airflow/dags/4_dag_PUSH_Updated_YML_To_Cortex.py took 0.116 seconds
[2026-03-10T13:32:04.821+0000] {processor.py:161} INFO - Started process (PID=489340) to work on /home/cloud/codings/airflow/dags/4_dag_PUSH_Updated_YML_To_Cortex.py
[2026-03-10T13:32:04.824+0000] {processor.py:830} INFO - Processing file /home/cloud/codings/airflow/dags/4_dag_PUSH_Updated_YML_To_Cortex.py for tasks to queue
[2026-03-10T13:32:04.827+0000] {logging_mixin.py:188} INFO - [2026-03-10T13:32:04.825+0000] {dagbag.py:545} INFO - Filling up the DagBag from /home/cloud/codings/airflow/dags/4_dag_PUSH_Updated_YML_To_Cortex.py
[2026-03-10T13:32:04.882+0000] {processor.py:840} INFO - DAG(s) '4_dag_PUSH_Updated_YML_To_Cortex' retrieved from /home/cloud/codings/airflow/dags/4_dag_PUSH_Updated_YML_To_Cortex.py
[2026-03-10T13:32:04.902+0000] {logging_mixin.py:188} INFO - [2026-03-10T13:32:04.901+0000] {dag.py:3089} INFO - Sync 1 DAGs
[2026-03-10T13:32:04.917+0000] {logging_mixin.py:188} INFO - [2026-03-10T13:32:04.916+0000] {dag.py:3947} INFO - Setting next_dagrun for 4_dag_PUSH_Updated_YML_To_Cortex to None, run_after=None
[2026-03-10T13:32:04.943+0000] {processor.py:183} INFO - Processing /home/cloud/codings/airflow/dags/4_dag_PUSH_Updated_YML_To_Cortex.py took 0.138 seconds
[2026-03-10T13:32:35.604+0000] {processor.py:161} INFO - Started process (PID=489412) to work on /home/cloud/codings/airflow/dags/4_dag_PUSH_Updated_YML_To_Cortex.py
[2026-03-10T13:32:35.628+0000] {processor.py:830} INFO - Processing file /home/cloud/codings/airflow/dags/4_dag_PUSH_Updated_YML_To_Cortex.py for tasks to queue
[2026-03-10T13:32:35.630+0000] {logging_mixin.py:188} INFO - [2026-03-10T13:32:35.630+0000] {dagbag.py:545} INFO - Filling up the DagBag from /home/cloud/codings/airflow/dags/4_dag_PUSH_Updated_YML_To_Cortex.py
[2026-03-10T13:32:35.671+0000] {processor.py:840} INFO - DAG(s) '4_dag_PUSH_Updated_YML_To_Cortex' retrieved from /home/cloud/codings/airflow/dags/4_dag_PUSH_Updated_YML_To_Cortex.py
[2026-03-10T13:32:35.686+0000] {logging_mixin.py:188} INFO - [2026-03-10T13:32:35.685+0000] {dag.py:3089} INFO - Sync 1 DAGs
[2026-03-10T13:32:35.698+0000] {logging_mixin.py:188} INFO - [2026-03-10T13:32:35.698+0000] {dag.py:3947} INFO - Setting next_dagrun for 4_dag_PUSH_Updated_YML_To_Cortex to None, run_after=None
[2026-03-10T13:32:35.730+0000] {processor.py:183} INFO - Processing /home/cloud/codings/airflow/dags/4_dag_PUSH_Updated_YML_To_Cortex.py took 0.142 seconds
[2026-03-10T13:33:06.333+0000] {processor.py:161} INFO - Started process (PID=489543) to work on /home/cloud/codings/airflow/dags/4_dag_PUSH_Updated_YML_To_Cortex.py
[2026-03-10T13:33:06.355+0000] {processor.py:830} INFO - Processing file /home/cloud/codings/airflow/dags/4_dag_PUSH_Updated_YML_To_Cortex.py for tasks to queue
[2026-03-10T13:33:06.360+0000] {logging_mixin.py:188} INFO - [2026-03-10T13:33:06.358+0000] {dagbag.py:545} INFO - Filling up the DagBag from /home/cloud/codings/airflow/dags/4_dag_PUSH_Updated_YML_To_Cortex.py
[2026-03-10T13:33:06.459+0000] {processor.py:840} INFO - DAG(s) '4_dag_PUSH_Updated_YML_To_Cortex' retrieved from /home/cloud/codings/airflow/dags/4_dag_PUSH_Updated_YML_To_Cortex.py
[2026-03-10T13:33:06.526+0000] {logging_mixin.py:188} INFO - [2026-03-10T13:33:06.524+0000] {dag.py:3089} INFO - Sync 1 DAGs
[2026-03-10T13:33:06.580+0000] {logging_mixin.py:188} INFO - [2026-03-10T13:33:06.579+0000] {dag.py:3947} INFO - Setting next_dagrun for 4_dag_PUSH_Updated_YML_To_Cortex to None, run_after=None
[2026-03-10T13:33:06.682+0000] {processor.py:183} INFO - Processing /home/cloud/codings/airflow/dags/4_dag_PUSH_Updated_YML_To_Cortex.py took 0.374 seconds
[2026-03-10T13:33:37.089+0000] {processor.py:161} INFO - Started process (PID=489610) to work on /home/cloud/codings/airflow/dags/4_dag_PUSH_Updated_YML_To_Cortex.py
[2026-03-10T13:33:37.108+0000] {processor.py:830} INFO - Processing file /home/cloud/codings/airflow/dags/4_dag_PUSH_Updated_YML_To_Cortex.py for tasks to queue
[2026-03-10T13:33:37.111+0000] {logging_mixin.py:188} INFO - [2026-03-10T13:33:37.110+0000] {dagbag.py:545} INFO - Filling up the DagBag from /home/cloud/codings/airflow/dags/4_dag_PUSH_Updated_YML_To_Cortex.py
[2026-03-10T13:33:37.162+0000] {processor.py:840} INFO - DAG(s) '4_dag_PUSH_Updated_YML_To_Cortex' retrieved from /home/cloud/codings/airflow/dags/4_dag_PUSH_Updated_YML_To_Cortex.py
[2026-03-10T13:33:37.178+0000] {logging_mixin.py:188} INFO - [2026-03-10T13:33:37.178+0000] {dag.py:3089} INFO - Sync 1 DAGs
[2026-03-10T13:33:37.190+0000] {logging_mixin.py:188} INFO - [2026-03-10T13:33:37.190+0000] {dag.py:3947} INFO - Setting next_dagrun for 4_dag_PUSH_Updated_YML_To_Cortex to None, run_after=None
[2026-03-10T13:33:37.213+0000] {processor.py:183} INFO - Processing /home/cloud/codings/airflow/dags/4_dag_PUSH_Updated_YML_To_Cortex.py took 0.141 seconds
[2026-03-10T13:34:07.729+0000] {processor.py:161} INFO - Started process (PID=489743) to work on /home/cloud/codings/airflow/dags/4_dag_PUSH_Updated_YML_To_Cortex.py
[2026-03-10T13:34:07.731+0000] {processor.py:830} INFO - Processing file /home/cloud/codings/airflow/dags/4_dag_PUSH_Updated_YML_To_Cortex.py for tasks to queue
[2026-03-10T13:34:07.733+0000] {logging_mixin.py:188} INFO - [2026-03-10T13:34:07.732+0000] {dagbag.py:545} INFO - Filling up the DagBag from /home/cloud/codings/airflow/dags/4_dag_PUSH_Updated_YML_To_Cortex.py
[2026-03-10T13:34:07.757+0000] {processor.py:840} INFO - DAG(s) '4_dag_PUSH_Updated_YML_To_Cortex' retrieved from /home/cloud/codings/airflow/dags/4_dag_PUSH_Updated_YML_To_Cortex.py
[2026-03-10T13:34:07.772+0000] {logging_mixin.py:188} INFO - [2026-03-10T13:34:07.771+0000] {dag.py:3089} INFO - Sync 1 DAGs
[2026-03-10T13:34:07.784+0000] {logging_mixin.py:188} INFO - [2026-03-10T13:34:07.784+0000] {dag.py:3947} INFO - Setting next_dagrun for 4_dag_PUSH_Updated_YML_To_Cortex to None, run_after=None
[2026-03-10T13:34:07.822+0000] {processor.py:183} INFO - Processing /home/cloud/codings/airflow/dags/4_dag_PUSH_Updated_YML_To_Cortex.py took 0.113 seconds
[2026-03-10T13:34:38.257+0000] {processor.py:161} INFO - Started process (PID=489816) to work on /home/cloud/codings/airflow/dags/4_dag_PUSH_Updated_YML_To_Cortex.py
[2026-03-10T13:34:38.276+0000] {processor.py:830} INFO - Processing file /home/cloud/codings/airflow/dags/4_dag_PUSH_Updated_YML_To_Cortex.py for tasks to queue
[2026-03-10T13:34:38.279+0000] {logging_mixin.py:188} INFO - [2026-03-10T13:34:38.278+0000] {dagbag.py:545} INFO - Filling up the DagBag from /home/cloud/codings/airflow/dags/4_dag_PUSH_Updated_YML_To_Cortex.py
[2026-03-10T13:34:38.319+0000] {processor.py:840} INFO - DAG(s) '4_dag_PUSH_Updated_YML_To_Cortex' retrieved from /home/cloud/codings/airflow/dags/4_dag_PUSH_Updated_YML_To_Cortex.py
[2026-03-10T13:34:38.344+0000] {logging_mixin.py:188} INFO - [2026-03-10T13:34:38.344+0000] {dag.py:3089} INFO - Sync 1 DAGs
[2026-03-10T13:34:38.360+0000] {logging_mixin.py:188} INFO - [2026-03-10T13:34:38.360+0000] {dag.py:3947} INFO - Setting next_dagrun for 4_dag_PUSH_Updated_YML_To_Cortex to None, run_after=None
[2026-03-10T13:34:38.419+0000] {processor.py:183} INFO - Processing /home/cloud/codings/airflow/dags/4_dag_PUSH_Updated_YML_To_Cortex.py took 0.173 seconds
[2026-03-10T13:35:08.745+0000] {processor.py:161} INFO - Started process (PID=489941) to work on /home/cloud/codings/airflow/dags/4_dag_PUSH_Updated_YML_To_Cortex.py
[2026-03-10T13:35:08.762+0000] {processor.py:830} INFO - Processing file /home/cloud/codings/airflow/dags/4_dag_PUSH_Updated_YML_To_Cortex.py for tasks to queue
[2026-03-10T13:35:08.765+0000] {logging_mixin.py:188} INFO - [2026-03-10T13:35:08.764+0000] {dagbag.py:545} INFO - Filling up the DagBag from /home/cloud/codings/airflow/dags/4_dag_PUSH_Updated_YML_To_Cortex.py
[2026-03-10T13:35:08.791+0000] {processor.py:840} INFO - DAG(s) '4_dag_PUSH_Updated_YML_To_Cortex' retrieved from /home/cloud/codings/airflow/dags/4_dag_PUSH_Updated_YML_To_Cortex.py
[2026-03-10T13:35:08.806+0000] {logging_mixin.py:188} INFO - [2026-03-10T13:35:08.806+0000] {dag.py:3089} INFO - Sync 1 DAGs
[2026-03-10T13:35:08.818+0000] {logging_mixin.py:188} INFO - [2026-03-10T13:35:08.818+0000] {dag.py:3947} INFO - Setting next_dagrun for 4_dag_PUSH_Updated_YML_To_Cortex to None, run_after=None
[2026-03-10T13:35:08.842+0000] {processor.py:183} INFO - Processing /home/cloud/codings/airflow/dags/4_dag_PUSH_Updated_YML_To_Cortex.py took 0.107 seconds
[2026-03-10T13:35:39.238+0000] {processor.py:161} INFO - Started process (PID=490076) to work on /home/cloud/codings/airflow/dags/4_dag_PUSH_Updated_YML_To_Cortex.py
[2026-03-10T13:35:39.258+0000] {processor.py:830} INFO - Processing file /home/cloud/codings/airflow/dags/4_dag_PUSH_Updated_YML_To_Cortex.py for tasks to queue
[2026-03-10T13:35:39.260+0000] {logging_mixin.py:188} INFO - [2026-03-10T13:35:39.259+0000] {dagbag.py:545} INFO - Filling up the DagBag from /home/cloud/codings/airflow/dags/4_dag_PUSH_Updated_YML_To_Cortex.py
[2026-03-10T13:35:39.300+0000] {processor.py:840} INFO - DAG(s) '4_dag_PUSH_Updated_YML_To_Cortex' retrieved from /home/cloud/codings/airflow/dags/4_dag_PUSH_Updated_YML_To_Cortex.py
[2026-03-10T13:35:39.326+0000] {logging_mixin.py:188} INFO - [2026-03-10T13:35:39.325+0000] {dag.py:3089} INFO - Sync 1 DAGs
[2026-03-10T13:35:39.346+0000] {logging_mixin.py:188} INFO - [2026-03-10T13:35:39.346+0000] {dag.py:3947} INFO - Setting next_dagrun for 4_dag_PUSH_Updated_YML_To_Cortex to None, run_after=None
[2026-03-10T13:35:39.388+0000] {processor.py:183} INFO - Processing /home/cloud/codings/airflow/dags/4_dag_PUSH_Updated_YML_To_Cortex.py took 0.162 seconds
[2026-03-10T13:36:10.039+0000] {processor.py:161} INFO - Started process (PID=490207) to work on /home/cloud/codings/airflow/dags/4_dag_PUSH_Updated_YML_To_Cortex.py
[2026-03-10T13:36:10.059+0000] {processor.py:830} INFO - Processing file /home/cloud/codings/airflow/dags/4_dag_PUSH_Updated_YML_To_Cortex.py for tasks to queue
[2026-03-10T13:36:10.061+0000] {logging_mixin.py:188} INFO - [2026-03-10T13:36:10.060+0000] {dagbag.py:545} INFO - Filling up the DagBag from /home/cloud/codings/airflow/dags/4_dag_PUSH_Updated_YML_To_Cortex.py
[2026-03-10T13:36:10.108+0000] {processor.py:840} INFO - DAG(s) '4_dag_PUSH_Updated_YML_To_Cortex' retrieved from /home/cloud/codings/airflow/dags/4_dag_PUSH_Updated_YML_To_Cortex.py
[2026-03-10T13:36:10.133+0000] {logging_mixin.py:188} INFO - [2026-03-10T13:36:10.133+0000] {dag.py:3089} INFO - Sync 1 DAGs
[2026-03-10T13:36:10.151+0000] {logging_mixin.py:188} INFO - [2026-03-10T13:36:10.151+0000] {dag.py:3947} INFO - Setting next_dagrun for 4_dag_PUSH_Updated_YML_To_Cortex to None, run_after=None
[2026-03-10T13:36:10.175+0000] {processor.py:183} INFO - Processing /home/cloud/codings/airflow/dags/4_dag_PUSH_Updated_YML_To_Cortex.py took 0.151 seconds
[2026-03-10T13:36:40.548+0000] {processor.py:161} INFO - Started process (PID=490277) to work on /home/cloud/codings/airflow/dags/4_dag_PUSH_Updated_YML_To_Cortex.py
[2026-03-10T13:36:40.549+0000] {processor.py:830} INFO - Processing file /home/cloud/codings/airflow/dags/4_dag_PUSH_Updated_YML_To_Cortex.py for tasks to queue
[2026-03-10T13:36:40.550+0000] {logging_mixin.py:188} INFO - [2026-03-10T13:36:40.550+0000] {dagbag.py:545} INFO - Filling up the DagBag from /home/cloud/codings/airflow/dags/4_dag_PUSH_Updated_YML_To_Cortex.py
[2026-03-10T13:36:40.578+0000] {processor.py:840} INFO - DAG(s) '4_dag_PUSH_Updated_YML_To_Cortex' retrieved from /home/cloud/codings/airflow/dags/4_dag_PUSH_Updated_YML_To_Cortex.py
[2026-03-10T13:36:40.593+0000] {logging_mixin.py:188} INFO - [2026-03-10T13:36:40.593+0000] {dag.py:3089} INFO - Sync 1 DAGs
[2026-03-10T13:36:40.607+0000] {logging_mixin.py:188} INFO - [2026-03-10T13:36:40.606+0000] {dag.py:3947} INFO - Setting next_dagrun for 4_dag_PUSH_Updated_YML_To_Cortex to None, run_after=None
[2026-03-10T13:36:40.632+0000] {processor.py:183} INFO - Processing /home/cloud/codings/airflow/dags/4_dag_PUSH_Updated_YML_To_Cortex.py took 0.092 seconds
[2026-03-10T13:37:11.126+0000] {processor.py:161} INFO - Started process (PID=490409) to work on /home/cloud/codings/airflow/dags/4_dag_PUSH_Updated_YML_To_Cortex.py
[2026-03-10T13:37:11.143+0000] {processor.py:830} INFO - Processing file /home/cloud/codings/airflow/dags/4_dag_PUSH_Updated_YML_To_Cortex.py for tasks to queue
[2026-03-10T13:37:11.145+0000] {logging_mixin.py:188} INFO - [2026-03-10T13:37:11.144+0000] {dagbag.py:545} INFO - Filling up the DagBag from /home/cloud/codings/airflow/dags/4_dag_PUSH_Updated_YML_To_Cortex.py
[2026-03-10T13:37:11.185+0000] {processor.py:840} INFO - DAG(s) '4_dag_PUSH_Updated_YML_To_Cortex' retrieved from /home/cloud/codings/airflow/dags/4_dag_PUSH_Updated_YML_To_Cortex.py
[2026-03-10T13:37:11.213+0000] {logging_mixin.py:188} INFO - [2026-03-10T13:37:11.212+0000] {dag.py:3089} INFO - Sync 1 DAGs
[2026-03-10T13:37:11.236+0000] {logging_mixin.py:188} INFO - [2026-03-10T13:37:11.235+0000] {dag.py:3947} INFO - Setting next_dagrun for 4_dag_PUSH_Updated_YML_To_Cortex to None, run_after=None
[2026-03-10T13:37:11.271+0000] {processor.py:183} INFO - Processing /home/cloud/codings/airflow/dags/4_dag_PUSH_Updated_YML_To_Cortex.py took 0.151 seconds
[2026-03-10T13:37:41.940+0000] {processor.py:161} INFO - Started process (PID=490482) to work on /home/cloud/codings/airflow/dags/4_dag_PUSH_Updated_YML_To_Cortex.py
[2026-03-10T13:37:41.958+0000] {processor.py:830} INFO - Processing file /home/cloud/codings/airflow/dags/4_dag_PUSH_Updated_YML_To_Cortex.py for tasks to queue
[2026-03-10T13:37:41.960+0000] {logging_mixin.py:188} INFO - [2026-03-10T13:37:41.959+0000] {dagbag.py:545} INFO - Filling up the DagBag from /home/cloud/codings/airflow/dags/4_dag_PUSH_Updated_YML_To_Cortex.py
[2026-03-10T13:37:41.992+0000] {processor.py:840} INFO - DAG(s) '4_dag_PUSH_Updated_YML_To_Cortex' retrieved from /home/cloud/codings/airflow/dags/4_dag_PUSH_Updated_YML_To_Cortex.py
[2026-03-10T13:37:42.008+0000] {logging_mixin.py:188} INFO - [2026-03-10T13:37:42.008+0000] {dag.py:3089} INFO - Sync 1 DAGs
[2026-03-10T13:37:42.022+0000] {logging_mixin.py:188} INFO - [2026-03-10T13:37:42.022+0000] {dag.py:3947} INFO - Setting next_dagrun for 4_dag_PUSH_Updated_YML_To_Cortex to None, run_after=None
[2026-03-10T13:37:42.046+0000] {processor.py:183} INFO - Processing /home/cloud/codings/airflow/dags/4_dag_PUSH_Updated_YML_To_Cortex.py took 0.118 seconds
[2026-03-10T13:38:12.586+0000] {processor.py:161} INFO - Started process (PID=490613) to work on /home/cloud/codings/airflow/dags/4_dag_PUSH_Updated_YML_To_Cortex.py
[2026-03-10T13:38:12.604+0000] {processor.py:830} INFO - Processing file /home/cloud/codings/airflow/dags/4_dag_PUSH_Updated_YML_To_Cortex.py for tasks to queue
[2026-03-10T13:38:12.605+0000] {logging_mixin.py:188} INFO - [2026-03-10T13:38:12.605+0000] {dagbag.py:545} INFO - Filling up the DagBag from /home/cloud/codings/airflow/dags/4_dag_PUSH_Updated_YML_To_Cortex.py
[2026-03-10T13:38:12.633+0000] {processor.py:840} INFO - DAG(s) '4_dag_PUSH_Updated_YML_To_Cortex' retrieved from /home/cloud/codings/airflow/dags/4_dag_PUSH_Updated_YML_To_Cortex.py
[2026-03-10T13:38:12.653+0000] {logging_mixin.py:188} INFO - [2026-03-10T13:38:12.653+0000] {dag.py:3089} INFO - Sync 1 DAGs
[2026-03-10T13:38:12.669+0000] {logging_mixin.py:188} INFO - [2026-03-10T13:38:12.669+0000] {dag.py:3947} INFO - Setting next_dagrun for 4_dag_PUSH_Updated_YML_To_Cortex to None, run_after=None
[2026-03-10T13:38:12.699+0000] {processor.py:183} INFO - Processing /home/cloud/codings/airflow/dags/4_dag_PUSH_Updated_YML_To_Cortex.py took 0.123 seconds
[2026-03-10T13:38:43.361+0000] {processor.py:161} INFO - Started process (PID=490688) to work on /home/cloud/codings/airflow/dags/4_dag_PUSH_Updated_YML_To_Cortex.py
[2026-03-10T13:38:43.382+0000] {processor.py:830} INFO - Processing file /home/cloud/codings/airflow/dags/4_dag_PUSH_Updated_YML_To_Cortex.py for tasks to queue
[2026-03-10T13:38:43.387+0000] {logging_mixin.py:188} INFO - [2026-03-10T13:38:43.385+0000] {dagbag.py:545} INFO - Filling up the DagBag from /home/cloud/codings/airflow/dags/4_dag_PUSH_Updated_YML_To_Cortex.py
[2026-03-10T13:38:43.473+0000] {processor.py:840} INFO - DAG(s) '4_dag_PUSH_Updated_YML_To_Cortex' retrieved from /home/cloud/codings/airflow/dags/4_dag_PUSH_Updated_YML_To_Cortex.py
[2026-03-10T13:38:43.513+0000] {logging_mixin.py:188} INFO - [2026-03-10T13:38:43.512+0000] {dag.py:3089} INFO - Sync 1 DAGs
[2026-03-10T13:38:43.544+0000] {logging_mixin.py:188} INFO - [2026-03-10T13:38:43.544+0000] {dag.py:3947} INFO - Setting next_dagrun for 4_dag_PUSH_Updated_YML_To_Cortex to None, run_after=None
[2026-03-10T13:38:43.588+0000] {processor.py:183} INFO - Processing /home/cloud/codings/airflow/dags/4_dag_PUSH_Updated_YML_To_Cortex.py took 0.256 seconds
[2026-03-10T13:39:14.131+0000] {processor.py:161} INFO - Started process (PID=490813) to work on /home/cloud/codings/airflow/dags/4_dag_PUSH_Updated_YML_To_Cortex.py
[2026-03-10T13:39:14.152+0000] {processor.py:830} INFO - Processing file /home/cloud/codings/airflow/dags/4_dag_PUSH_Updated_YML_To_Cortex.py for tasks to queue
[2026-03-10T13:39:14.156+0000] {logging_mixin.py:188} INFO - [2026-03-10T13:39:14.154+0000] {dagbag.py:545} INFO - Filling up the DagBag from /home/cloud/codings/airflow/dags/4_dag_PUSH_Updated_YML_To_Cortex.py
[2026-03-10T13:39:14.241+0000] {processor.py:840} INFO - DAG(s) '4_dag_PUSH_Updated_YML_To_Cortex' retrieved from /home/cloud/codings/airflow/dags/4_dag_PUSH_Updated_YML_To_Cortex.py
[2026-03-10T13:39:14.291+0000] {logging_mixin.py:188} INFO - [2026-03-10T13:39:14.290+0000] {dag.py:3089} INFO - Sync 1 DAGs
[2026-03-10T13:39:14.320+0000] {logging_mixin.py:188} INFO - [2026-03-10T13:39:14.319+0000] {dag.py:3947} INFO - Setting next_dagrun for 4_dag_PUSH_Updated_YML_To_Cortex to None, run_after=None
[2026-03-10T13:39:14.367+0000] {processor.py:183} INFO - Processing /home/cloud/codings/airflow/dags/4_dag_PUSH_Updated_YML_To_Cortex.py took 0.261 seconds
[2026-03-10T13:39:44.860+0000] {processor.py:161} INFO - Started process (PID=490886) to work on /home/cloud/codings/airflow/dags/4_dag_PUSH_Updated_YML_To_Cortex.py
[2026-03-10T13:39:44.890+0000] {processor.py:830} INFO - Processing file /home/cloud/codings/airflow/dags/4_dag_PUSH_Updated_YML_To_Cortex.py for tasks to queue
[2026-03-10T13:39:44.895+0000] {logging_mixin.py:188} INFO - [2026-03-10T13:39:44.893+0000] {dagbag.py:545} INFO - Filling up the DagBag from /home/cloud/codings/airflow/dags/4_dag_PUSH_Updated_YML_To_Cortex.py
[2026-03-10T13:39:44.967+0000] {processor.py:840} INFO - DAG(s) '4_dag_PUSH_Updated_YML_To_Cortex' retrieved from /home/cloud/codings/airflow/dags/4_dag_PUSH_Updated_YML_To_Cortex.py
[2026-03-10T13:39:45.009+0000] {logging_mixin.py:188} INFO - [2026-03-10T13:39:45.008+0000] {dag.py:3089} INFO - Sync 1 DAGs
[2026-03-10T13:39:45.037+0000] {logging_mixin.py:188} INFO - [2026-03-10T13:39:45.036+0000] {dag.py:3947} INFO - Setting next_dagrun for 4_dag_PUSH_Updated_YML_To_Cortex to None, run_after=None
[2026-03-10T13:39:45.113+0000] {processor.py:183} INFO - Processing /home/cloud/codings/airflow/dags/4_dag_PUSH_Updated_YML_To_Cortex.py took 0.277 seconds
[2026-03-10T13:40:15.454+0000] {processor.py:161} INFO - Started process (PID=491019) to work on /home/cloud/codings/airflow/dags/4_dag_PUSH_Updated_YML_To_Cortex.py
[2026-03-10T13:40:15.481+0000] {processor.py:830} INFO - Processing file /home/cloud/codings/airflow/dags/4_dag_PUSH_Updated_YML_To_Cortex.py for tasks to queue
[2026-03-10T13:40:15.483+0000] {logging_mixin.py:188} INFO - [2026-03-10T13:40:15.482+0000] {dagbag.py:545} INFO - Filling up the DagBag from /home/cloud/codings/airflow/dags/4_dag_PUSH_Updated_YML_To_Cortex.py
[2026-03-10T13:40:15.543+0000] {processor.py:840} INFO - DAG(s) '4_dag_PUSH_Updated_YML_To_Cortex' retrieved from /home/cloud/codings/airflow/dags/4_dag_PUSH_Updated_YML_To_Cortex.py
[2026-03-10T13:40:15.577+0000] {logging_mixin.py:188} INFO - [2026-03-10T13:40:15.576+0000] {dag.py:3089} INFO - Sync 1 DAGs
[2026-03-10T13:40:15.605+0000] {logging_mixin.py:188} INFO - [2026-03-10T13:40:15.604+0000] {dag.py:3947} INFO - Setting next_dagrun for 4_dag_PUSH_Updated_YML_To_Cortex to None, run_after=None
[2026-03-10T13:40:15.714+0000] {processor.py:183} INFO - Processing /home/cloud/codings/airflow/dags/4_dag_PUSH_Updated_YML_To_Cortex.py took 0.279 seconds
[2026-03-10T13:40:46.044+0000] {processor.py:161} INFO - Started process (PID=491148) to work on /home/cloud/codings/airflow/dags/4_dag_PUSH_Updated_YML_To_Cortex.py
[2026-03-10T13:40:46.049+0000] {processor.py:830} INFO - Processing file /home/cloud/codings/airflow/dags/4_dag_PUSH_Updated_YML_To_Cortex.py for tasks to queue
[2026-03-10T13:40:46.053+0000] {logging_mixin.py:188} INFO - [2026-03-10T13:40:46.051+0000] {dagbag.py:545} INFO - Filling up the DagBag from /home/cloud/codings/airflow/dags/4_dag_PUSH_Updated_YML_To_Cortex.py
[2026-03-10T13:40:46.134+0000] {processor.py:840} INFO - DAG(s) '4_dag_PUSH_Updated_YML_To_Cortex' retrieved from /home/cloud/codings/airflow/dags/4_dag_PUSH_Updated_YML_To_Cortex.py
[2026-03-10T13:40:46.170+0000] {logging_mixin.py:188} INFO - [2026-03-10T13:40:46.169+0000] {dag.py:3089} INFO - Sync 1 DAGs
[2026-03-10T13:40:46.196+0000] {logging_mixin.py:188} INFO - [2026-03-10T13:40:46.195+0000] {dag.py:3947} INFO - Setting next_dagrun for 4_dag_PUSH_Updated_YML_To_Cortex to None, run_after=None
[2026-03-10T13:40:46.249+0000] {processor.py:183} INFO - Processing /home/cloud/codings/airflow/dags/4_dag_PUSH_Updated_YML_To_Cortex.py took 0.234 seconds
[2026-03-10T13:41:16.765+0000] {processor.py:161} INFO - Started process (PID=491279) to work on /home/cloud/codings/airflow/dags/4_dag_PUSH_Updated_YML_To_Cortex.py
[2026-03-10T13:41:16.787+0000] {processor.py:830} INFO - Processing file /home/cloud/codings/airflow/dags/4_dag_PUSH_Updated_YML_To_Cortex.py for tasks to queue
[2026-03-10T13:41:16.792+0000] {logging_mixin.py:188} INFO - [2026-03-10T13:41:16.790+0000] {dagbag.py:545} INFO - Filling up the DagBag from /home/cloud/codings/airflow/dags/4_dag_PUSH_Updated_YML_To_Cortex.py
[2026-03-10T13:41:16.871+0000] {processor.py:840} INFO - DAG(s) '4_dag_PUSH_Updated_YML_To_Cortex' retrieved from /home/cloud/codings/airflow/dags/4_dag_PUSH_Updated_YML_To_Cortex.py
[2026-03-10T13:41:16.902+0000] {logging_mixin.py:188} INFO - [2026-03-10T13:41:16.901+0000] {dag.py:3089} INFO - Sync 1 DAGs
[2026-03-10T13:41:16.927+0000] {logging_mixin.py:188} INFO - [2026-03-10T13:41:16.926+0000] {dag.py:3947} INFO - Setting next_dagrun for 4_dag_PUSH_Updated_YML_To_Cortex to None, run_after=None
[2026-03-10T13:41:16.984+0000] {processor.py:183} INFO - Processing /home/cloud/codings/airflow/dags/4_dag_PUSH_Updated_YML_To_Cortex.py took 0.243 seconds
[2026-03-10T13:41:47.300+0000] {processor.py:161} INFO - Started process (PID=491351) to work on /home/cloud/codings/airflow/dags/4_dag_PUSH_Updated_YML_To_Cortex.py
[2026-03-10T13:41:47.319+0000] {processor.py:830} INFO - Processing file /home/cloud/codings/airflow/dags/4_dag_PUSH_Updated_YML_To_Cortex.py for tasks to queue
[2026-03-10T13:41:47.321+0000] {logging_mixin.py:188} INFO - [2026-03-10T13:41:47.320+0000] {dagbag.py:545} INFO - Filling up the DagBag from /home/cloud/codings/airflow/dags/4_dag_PUSH_Updated_YML_To_Cortex.py
[2026-03-10T13:41:47.357+0000] {processor.py:840} INFO - DAG(s) '4_dag_PUSH_Updated_YML_To_Cortex' retrieved from /home/cloud/codings/airflow/dags/4_dag_PUSH_Updated_YML_To_Cortex.py
[2026-03-10T13:41:47.374+0000] {logging_mixin.py:188} INFO - [2026-03-10T13:41:47.374+0000] {dag.py:3089} INFO - Sync 1 DAGs
[2026-03-10T13:41:47.388+0000] {logging_mixin.py:188} INFO - [2026-03-10T13:41:47.388+0000] {dag.py:3947} INFO - Setting next_dagrun for 4_dag_PUSH_Updated_YML_To_Cortex to None, run_after=None
[2026-03-10T13:41:47.413+0000] {processor.py:183} INFO - Processing /home/cloud/codings/airflow/dags/4_dag_PUSH_Updated_YML_To_Cortex.py took 0.127 seconds
[2026-03-10T13:42:17.820+0000] {processor.py:161} INFO - Started process (PID=491499) to work on /home/cloud/codings/airflow/dags/4_dag_PUSH_Updated_YML_To_Cortex.py
[2026-03-10T13:42:17.838+0000] {processor.py:830} INFO - Processing file /home/cloud/codings/airflow/dags/4_dag_PUSH_Updated_YML_To_Cortex.py for tasks to queue
[2026-03-10T13:42:17.840+0000] {logging_mixin.py:188} INFO - [2026-03-10T13:42:17.839+0000] {dagbag.py:545} INFO - Filling up the DagBag from /home/cloud/codings/airflow/dags/4_dag_PUSH_Updated_YML_To_Cortex.py
[2026-03-10T13:42:17.880+0000] {processor.py:840} INFO - DAG(s) '4_dag_PUSH_Updated_YML_To_Cortex' retrieved from /home/cloud/codings/airflow/dags/4_dag_PUSH_Updated_YML_To_Cortex.py
[2026-03-10T13:42:17.908+0000] {logging_mixin.py:188} INFO - [2026-03-10T13:42:17.908+0000] {dag.py:3089} INFO - Sync 1 DAGs
[2026-03-10T13:42:17.934+0000] {logging_mixin.py:188} INFO - [2026-03-10T13:42:17.933+0000] {dag.py:3947} INFO - Setting next_dagrun for 4_dag_PUSH_Updated_YML_To_Cortex to None, run_after=None
[2026-03-10T13:42:17.989+0000] {processor.py:183} INFO - Processing /home/cloud/codings/airflow/dags/4_dag_PUSH_Updated_YML_To_Cortex.py took 0.183 seconds
[2026-03-10T13:42:48.385+0000] {processor.py:161} INFO - Started process (PID=491572) to work on /home/cloud/codings/airflow/dags/4_dag_PUSH_Updated_YML_To_Cortex.py
[2026-03-10T13:42:48.391+0000] {processor.py:830} INFO - Processing file /home/cloud/codings/airflow/dags/4_dag_PUSH_Updated_YML_To_Cortex.py for tasks to queue
[2026-03-10T13:42:48.396+0000] {logging_mixin.py:188} INFO - [2026-03-10T13:42:48.394+0000] {dagbag.py:545} INFO - Filling up the DagBag from /home/cloud/codings/airflow/dags/4_dag_PUSH_Updated_YML_To_Cortex.py
[2026-03-10T13:42:48.474+0000] {processor.py:840} INFO - DAG(s) '4_dag_PUSH_Updated_YML_To_Cortex' retrieved from /home/cloud/codings/airflow/dags/4_dag_PUSH_Updated_YML_To_Cortex.py
[2026-03-10T13:42:48.491+0000] {logging_mixin.py:188} INFO - [2026-03-10T13:42:48.491+0000] {dag.py:3089} INFO - Sync 1 DAGs
[2026-03-10T13:42:48.505+0000] {logging_mixin.py:188} INFO - [2026-03-10T13:42:48.505+0000] {dag.py:3947} INFO - Setting next_dagrun for 4_dag_PUSH_Updated_YML_To_Cortex to None, run_after=None
[2026-03-10T13:42:48.531+0000] {processor.py:183} INFO - Processing /home/cloud/codings/airflow/dags/4_dag_PUSH_Updated_YML_To_Cortex.py took 0.173 seconds
[2026-03-10T13:43:18.982+0000] {processor.py:161} INFO - Started process (PID=491699) to work on /home/cloud/codings/airflow/dags/4_dag_PUSH_Updated_YML_To_Cortex.py
[2026-03-10T13:43:18.984+0000] {processor.py:830} INFO - Processing file /home/cloud/codings/airflow/dags/4_dag_PUSH_Updated_YML_To_Cortex.py for tasks to queue
[2026-03-10T13:43:18.986+0000] {logging_mixin.py:188} INFO - [2026-03-10T13:43:18.985+0000] {dagbag.py:545} INFO - Filling up the DagBag from /home/cloud/codings/airflow/dags/4_dag_PUSH_Updated_YML_To_Cortex.py
[2026-03-10T13:43:19.035+0000] {processor.py:840} INFO - DAG(s) '4_dag_PUSH_Updated_YML_To_Cortex' retrieved from /home/cloud/codings/airflow/dags/4_dag_PUSH_Updated_YML_To_Cortex.py
[2026-03-10T13:43:19.061+0000] {logging_mixin.py:188} INFO - [2026-03-10T13:43:19.061+0000] {dag.py:3089} INFO - Sync 1 DAGs
[2026-03-10T13:43:19.086+0000] {logging_mixin.py:188} INFO - [2026-03-10T13:43:19.085+0000] {dag.py:3947} INFO - Setting next_dagrun for 4_dag_PUSH_Updated_YML_To_Cortex to None, run_after=None
[2026-03-10T13:43:19.147+0000] {processor.py:183} INFO - Processing /home/cloud/codings/airflow/dags/4_dag_PUSH_Updated_YML_To_Cortex.py took 0.179 seconds
[2026-03-10T13:43:49.645+0000] {processor.py:161} INFO - Started process (PID=491799) to work on /home/cloud/codings/airflow/dags/4_dag_PUSH_Updated_YML_To_Cortex.py
[2026-03-10T13:43:49.664+0000] {processor.py:830} INFO - Processing file /home/cloud/codings/airflow/dags/4_dag_PUSH_Updated_YML_To_Cortex.py for tasks to queue
[2026-03-10T13:43:49.666+0000] {logging_mixin.py:188} INFO - [2026-03-10T13:43:49.665+0000] {dagbag.py:545} INFO - Filling up the DagBag from /home/cloud/codings/airflow/dags/4_dag_PUSH_Updated_YML_To_Cortex.py
[2026-03-10T13:43:49.718+0000] {processor.py:840} INFO - DAG(s) '4_dag_PUSH_Updated_YML_To_Cortex' retrieved from /home/cloud/codings/airflow/dags/4_dag_PUSH_Updated_YML_To_Cortex.py
[2026-03-10T13:43:49.752+0000] {logging_mixin.py:188} INFO - [2026-03-10T13:43:49.751+0000] {dag.py:3089} INFO - Sync 1 DAGs
[2026-03-10T13:43:49.768+0000] {logging_mixin.py:188} INFO - [2026-03-10T13:43:49.767+0000] {dag.py:3947} INFO - Setting next_dagrun for 4_dag_PUSH_Updated_YML_To_Cortex to None, run_after=None
[2026-03-10T13:43:49.816+0000] {processor.py:183} INFO - Processing /home/cloud/codings/airflow/dags/4_dag_PUSH_Updated_YML_To_Cortex.py took 0.195 seconds
[2026-03-10T13:44:20.093+0000] {processor.py:161} INFO - Started process (PID=491897) to work on /home/cloud/codings/airflow/dags/4_dag_PUSH_Updated_YML_To_Cortex.py
[2026-03-10T13:44:20.112+0000] {processor.py:830} INFO - Processing file /home/cloud/codings/airflow/dags/4_dag_PUSH_Updated_YML_To_Cortex.py for tasks to queue
[2026-03-10T13:44:20.115+0000] {logging_mixin.py:188} INFO - [2026-03-10T13:44:20.114+0000] {dagbag.py:545} INFO - Filling up the DagBag from /home/cloud/codings/airflow/dags/4_dag_PUSH_Updated_YML_To_Cortex.py
[2026-03-10T13:44:20.147+0000] {processor.py:840} INFO - DAG(s) '4_dag_PUSH_Updated_YML_To_Cortex' retrieved from /home/cloud/codings/airflow/dags/4_dag_PUSH_Updated_YML_To_Cortex.py
[2026-03-10T13:44:20.162+0000] {logging_mixin.py:188} INFO - [2026-03-10T13:44:20.162+0000] {dag.py:3089} INFO - Sync 1 DAGs
[2026-03-10T13:44:20.175+0000] {logging_mixin.py:188} INFO - [2026-03-10T13:44:20.175+0000] {dag.py:3947} INFO - Setting next_dagrun for 4_dag_PUSH_Updated_YML_To_Cortex to None, run_after=None
[2026-03-10T13:44:20.202+0000] {processor.py:183} INFO - Processing /home/cloud/codings/airflow/dags/4_dag_PUSH_Updated_YML_To_Cortex.py took 0.137 seconds
[2026-03-10T13:44:50.785+0000] {processor.py:161} INFO - Started process (PID=492032) to work on /home/cloud/codings/airflow/dags/4_dag_PUSH_Updated_YML_To_Cortex.py
[2026-03-10T13:44:50.806+0000] {processor.py:830} INFO - Processing file /home/cloud/codings/airflow/dags/4_dag_PUSH_Updated_YML_To_Cortex.py for tasks to queue
[2026-03-10T13:44:50.811+0000] {logging_mixin.py:188} INFO - [2026-03-10T13:44:50.808+0000] {dagbag.py:545} INFO - Filling up the DagBag from /home/cloud/codings/airflow/dags/4_dag_PUSH_Updated_YML_To_Cortex.py
[2026-03-10T13:44:50.895+0000] {processor.py:840} INFO - DAG(s) '4_dag_PUSH_Updated_YML_To_Cortex' retrieved from /home/cloud/codings/airflow/dags/4_dag_PUSH_Updated_YML_To_Cortex.py
[2026-03-10T13:44:50.929+0000] {logging_mixin.py:188} INFO - [2026-03-10T13:44:50.928+0000] {dag.py:3089} INFO - Sync 1 DAGs
[2026-03-10T13:44:50.951+0000] {logging_mixin.py:188} INFO - [2026-03-10T13:44:50.951+0000] {dag.py:3947} INFO - Setting next_dagrun for 4_dag_PUSH_Updated_YML_To_Cortex to None, run_after=None
[2026-03-10T13:44:51.029+0000] {processor.py:183} INFO - Processing /home/cloud/codings/airflow/dags/4_dag_PUSH_Updated_YML_To_Cortex.py took 0.278 seconds
[2026-03-10T13:45:21.253+0000] {processor.py:161} INFO - Started process (PID=492097) to work on /home/cloud/codings/airflow/dags/4_dag_PUSH_Updated_YML_To_Cortex.py
[2026-03-10T13:45:21.255+0000] {processor.py:830} INFO - Processing file /home/cloud/codings/airflow/dags/4_dag_PUSH_Updated_YML_To_Cortex.py for tasks to queue
[2026-03-10T13:45:21.256+0000] {logging_mixin.py:188} INFO - [2026-03-10T13:45:21.255+0000] {dagbag.py:545} INFO - Filling up the DagBag from /home/cloud/codings/airflow/dags/4_dag_PUSH_Updated_YML_To_Cortex.py
[2026-03-10T13:45:21.287+0000] {processor.py:840} INFO - DAG(s) '4_dag_PUSH_Updated_YML_To_Cortex' retrieved from /home/cloud/codings/airflow/dags/4_dag_PUSH_Updated_YML_To_Cortex.py
[2026-03-10T13:45:21.307+0000] {logging_mixin.py:188} INFO - [2026-03-10T13:45:21.307+0000] {dag.py:3089} INFO - Sync 1 DAGs
[2026-03-10T13:45:21.333+0000] {logging_mixin.py:188} INFO - [2026-03-10T13:45:21.332+0000] {dag.py:3947} INFO - Setting next_dagrun for 4_dag_PUSH_Updated_YML_To_Cortex to None, run_after=None
[2026-03-10T13:45:21.427+0000] {processor.py:183} INFO - Processing /home/cloud/codings/airflow/dags/4_dag_PUSH_Updated_YML_To_Cortex.py took 0.182 seconds
[2026-03-10T13:45:52.049+0000] {processor.py:161} INFO - Started process (PID=492290) to work on /home/cloud/codings/airflow/dags/4_dag_PUSH_Updated_YML_To_Cortex.py
[2026-03-10T13:45:52.071+0000] {processor.py:830} INFO - Processing file /home/cloud/codings/airflow/dags/4_dag_PUSH_Updated_YML_To_Cortex.py for tasks to queue
[2026-03-10T13:45:52.076+0000] {logging_mixin.py:188} INFO - [2026-03-10T13:45:52.074+0000] {dagbag.py:545} INFO - Filling up the DagBag from /home/cloud/codings/airflow/dags/4_dag_PUSH_Updated_YML_To_Cortex.py
[2026-03-10T13:45:52.149+0000] {processor.py:840} INFO - DAG(s) '4_dag_PUSH_Updated_YML_To_Cortex' retrieved from /home/cloud/codings/airflow/dags/4_dag_PUSH_Updated_YML_To_Cortex.py
[2026-03-10T13:45:52.184+0000] {logging_mixin.py:188} INFO - [2026-03-10T13:45:52.183+0000] {dag.py:3089} INFO - Sync 1 DAGs
[2026-03-10T13:45:52.204+0000] {logging_mixin.py:188} INFO - [2026-03-10T13:45:52.204+0000] {dag.py:3947} INFO - Setting next_dagrun for 4_dag_PUSH_Updated_YML_To_Cortex to None, run_after=None
[2026-03-10T13:45:52.234+0000] {processor.py:183} INFO - Processing /home/cloud/codings/airflow/dags/4_dag_PUSH_Updated_YML_To_Cortex.py took 0.215 seconds
[2026-03-10T13:46:22.639+0000] {processor.py:161} INFO - Started process (PID=492357) to work on /home/cloud/codings/airflow/dags/4_dag_PUSH_Updated_YML_To_Cortex.py
[2026-03-10T13:46:22.644+0000] {processor.py:830} INFO - Processing file /home/cloud/codings/airflow/dags/4_dag_PUSH_Updated_YML_To_Cortex.py for tasks to queue
[2026-03-10T13:46:22.648+0000] {logging_mixin.py:188} INFO - [2026-03-10T13:46:22.647+0000] {dagbag.py:545} INFO - Filling up the DagBag from /home/cloud/codings/airflow/dags/4_dag_PUSH_Updated_YML_To_Cortex.py
[2026-03-10T13:46:22.744+0000] {processor.py:840} INFO - DAG(s) '4_dag_PUSH_Updated_YML_To_Cortex' retrieved from /home/cloud/codings/airflow/dags/4_dag_PUSH_Updated_YML_To_Cortex.py
[2026-03-10T13:46:22.780+0000] {logging_mixin.py:188} INFO - [2026-03-10T13:46:22.779+0000] {dag.py:3089} INFO - Sync 1 DAGs
[2026-03-10T13:46:22.811+0000] {logging_mixin.py:188} INFO - [2026-03-10T13:46:22.810+0000] {dag.py:3947} INFO - Setting next_dagrun for 4_dag_PUSH_Updated_YML_To_Cortex to None, run_after=None
[2026-03-10T13:46:22.856+0000] {processor.py:183} INFO - Processing /home/cloud/codings/airflow/dags/4_dag_PUSH_Updated_YML_To_Cortex.py took 0.242 seconds
[2026-03-10T13:46:53.125+0000] {processor.py:161} INFO - Started process (PID=492491) to work on /home/cloud/codings/airflow/dags/4_dag_PUSH_Updated_YML_To_Cortex.py
[2026-03-10T13:46:53.130+0000] {processor.py:830} INFO - Processing file /home/cloud/codings/airflow/dags/4_dag_PUSH_Updated_YML_To_Cortex.py for tasks to queue
[2026-03-10T13:46:53.134+0000] {logging_mixin.py:188} INFO - [2026-03-10T13:46:53.132+0000] {dagbag.py:545} INFO - Filling up the DagBag from /home/cloud/codings/airflow/dags/4_dag_PUSH_Updated_YML_To_Cortex.py
[2026-03-10T13:46:53.217+0000] {processor.py:840} INFO - DAG(s) '4_dag_PUSH_Updated_YML_To_Cortex' retrieved from /home/cloud/codings/airflow/dags/4_dag_PUSH_Updated_YML_To_Cortex.py
[2026-03-10T13:46:53.256+0000] {logging_mixin.py:188} INFO - [2026-03-10T13:46:53.256+0000] {dag.py:3089} INFO - Sync 1 DAGs
[2026-03-10T13:46:53.280+0000] {logging_mixin.py:188} INFO - [2026-03-10T13:46:53.280+0000] {dag.py:3947} INFO - Setting next_dagrun for 4_dag_PUSH_Updated_YML_To_Cortex to None, run_after=None
[2026-03-10T13:46:53.322+0000] {processor.py:183} INFO - Processing /home/cloud/codings/airflow/dags/4_dag_PUSH_Updated_YML_To_Cortex.py took 0.219 seconds
[2026-03-10T13:47:23.628+0000] {processor.py:161} INFO - Started process (PID=492562) to work on /home/cloud/codings/airflow/dags/4_dag_PUSH_Updated_YML_To_Cortex.py
[2026-03-10T13:47:23.630+0000] {processor.py:830} INFO - Processing file /home/cloud/codings/airflow/dags/4_dag_PUSH_Updated_YML_To_Cortex.py for tasks to queue
[2026-03-10T13:47:23.632+0000] {logging_mixin.py:188} INFO - [2026-03-10T13:47:23.631+0000] {dagbag.py:545} INFO - Filling up the DagBag from /home/cloud/codings/airflow/dags/4_dag_PUSH_Updated_YML_To_Cortex.py
[2026-03-10T13:47:23.658+0000] {processor.py:840} INFO - DAG(s) '4_dag_PUSH_Updated_YML_To_Cortex' retrieved from /home/cloud/codings/airflow/dags/4_dag_PUSH_Updated_YML_To_Cortex.py
[2026-03-10T13:47:23.674+0000] {logging_mixin.py:188} INFO - [2026-03-10T13:47:23.673+0000] {dag.py:3089} INFO - Sync 1 DAGs
[2026-03-10T13:47:23.686+0000] {logging_mixin.py:188} INFO - [2026-03-10T13:47:23.685+0000] {dag.py:3947} INFO - Setting next_dagrun for 4_dag_PUSH_Updated_YML_To_Cortex to None, run_after=None
[2026-03-10T13:47:23.712+0000] {processor.py:183} INFO - Processing /home/cloud/codings/airflow/dags/4_dag_PUSH_Updated_YML_To_Cortex.py took 0.092 seconds
[2026-03-10T13:47:54.126+0000] {processor.py:161} INFO - Started process (PID=492691) to work on /home/cloud/codings/airflow/dags/4_dag_PUSH_Updated_YML_To_Cortex.py
[2026-03-10T13:47:54.128+0000] {processor.py:830} INFO - Processing file /home/cloud/codings/airflow/dags/4_dag_PUSH_Updated_YML_To_Cortex.py for tasks to queue
[2026-03-10T13:47:54.130+0000] {logging_mixin.py:188} INFO - [2026-03-10T13:47:54.129+0000] {dagbag.py:545} INFO - Filling up the DagBag from /home/cloud/codings/airflow/dags/4_dag_PUSH_Updated_YML_To_Cortex.py
[2026-03-10T13:47:54.160+0000] {processor.py:840} INFO - DAG(s) '4_dag_PUSH_Updated_YML_To_Cortex' retrieved from /home/cloud/codings/airflow/dags/4_dag_PUSH_Updated_YML_To_Cortex.py
[2026-03-10T13:47:54.180+0000] {logging_mixin.py:188} INFO - [2026-03-10T13:47:54.180+0000] {dag.py:3089} INFO - Sync 1 DAGs
[2026-03-10T13:47:54.198+0000] {logging_mixin.py:188} INFO - [2026-03-10T13:47:54.198+0000] {dag.py:3947} INFO - Setting next_dagrun for 4_dag_PUSH_Updated_YML_To_Cortex to None, run_after=None
[2026-03-10T13:47:54.229+0000] {processor.py:183} INFO - Processing /home/cloud/codings/airflow/dags/4_dag_PUSH_Updated_YML_To_Cortex.py took 0.111 seconds
[2026-03-10T13:48:24.763+0000] {processor.py:161} INFO - Started process (PID=492762) to work on /home/cloud/codings/airflow/dags/4_dag_PUSH_Updated_YML_To_Cortex.py
[2026-03-10T13:48:24.781+0000] {processor.py:830} INFO - Processing file /home/cloud/codings/airflow/dags/4_dag_PUSH_Updated_YML_To_Cortex.py for tasks to queue
[2026-03-10T13:48:24.783+0000] {logging_mixin.py:188} INFO - [2026-03-10T13:48:24.782+0000] {dagbag.py:545} INFO - Filling up the DagBag from /home/cloud/codings/airflow/dags/4_dag_PUSH_Updated_YML_To_Cortex.py
[2026-03-10T13:48:24.824+0000] {processor.py:840} INFO - DAG(s) '4_dag_PUSH_Updated_YML_To_Cortex' retrieved from /home/cloud/codings/airflow/dags/4_dag_PUSH_Updated_YML_To_Cortex.py
[2026-03-10T13:48:24.849+0000] {logging_mixin.py:188} INFO - [2026-03-10T13:48:24.849+0000] {dag.py:3089} INFO - Sync 1 DAGs
[2026-03-10T13:48:24.874+0000] {logging_mixin.py:188} INFO - [2026-03-10T13:48:24.873+0000] {dag.py:3947} INFO - Setting next_dagrun for 4_dag_PUSH_Updated_YML_To_Cortex to None, run_after=None
[2026-03-10T13:48:24.932+0000] {processor.py:183} INFO - Processing /home/cloud/codings/airflow/dags/4_dag_PUSH_Updated_YML_To_Cortex.py took 0.181 seconds
[2026-03-10T13:48:55.357+0000] {processor.py:161} INFO - Started process (PID=492889) to work on /home/cloud/codings/airflow/dags/4_dag_PUSH_Updated_YML_To_Cortex.py
[2026-03-10T13:48:55.375+0000] {processor.py:830} INFO - Processing file /home/cloud/codings/airflow/dags/4_dag_PUSH_Updated_YML_To_Cortex.py for tasks to queue
[2026-03-10T13:48:55.376+0000] {logging_mixin.py:188} INFO - [2026-03-10T13:48:55.376+0000] {dagbag.py:545} INFO - Filling up the DagBag from /home/cloud/codings/airflow/dags/4_dag_PUSH_Updated_YML_To_Cortex.py
[2026-03-10T13:48:55.401+0000] {processor.py:840} INFO - DAG(s) '4_dag_PUSH_Updated_YML_To_Cortex' retrieved from /home/cloud/codings/airflow/dags/4_dag_PUSH_Updated_YML_To_Cortex.py
[2026-03-10T13:48:55.459+0000] {logging_mixin.py:188} INFO - [2026-03-10T13:48:55.458+0000] {dag.py:3089} INFO - Sync 1 DAGs
[2026-03-10T13:48:55.490+0000] {logging_mixin.py:188} INFO - [2026-03-10T13:48:55.489+0000] {dag.py:3947} INFO - Setting next_dagrun for 4_dag_PUSH_Updated_YML_To_Cortex to None, run_after=None
[2026-03-10T13:48:55.554+0000] {processor.py:183} INFO - Processing /home/cloud/codings/airflow/dags/4_dag_PUSH_Updated_YML_To_Cortex.py took 0.206 seconds
[2026-03-10T13:49:26.191+0000] {processor.py:161} INFO - Started process (PID=492962) to work on /home/cloud/codings/airflow/dags/4_dag_PUSH_Updated_YML_To_Cortex.py
[2026-03-10T13:49:26.210+0000] {processor.py:830} INFO - Processing file /home/cloud/codings/airflow/dags/4_dag_PUSH_Updated_YML_To_Cortex.py for tasks to queue
[2026-03-10T13:49:26.213+0000] {logging_mixin.py:188} INFO - [2026-03-10T13:49:26.212+0000] {dagbag.py:545} INFO - Filling up the DagBag from /home/cloud/codings/airflow/dags/4_dag_PUSH_Updated_YML_To_Cortex.py
[2026-03-10T13:49:26.250+0000] {processor.py:840} INFO - DAG(s) '4_dag_PUSH_Updated_YML_To_Cortex' retrieved from /home/cloud/codings/airflow/dags/4_dag_PUSH_Updated_YML_To_Cortex.py
[2026-03-10T13:49:26.271+0000] {logging_mixin.py:188} INFO - [2026-03-10T13:49:26.271+0000] {dag.py:3089} INFO - Sync 1 DAGs
[2026-03-10T13:49:26.284+0000] {logging_mixin.py:188} INFO - [2026-03-10T13:49:26.283+0000] {dag.py:3947} INFO - Setting next_dagrun for 4_dag_PUSH_Updated_YML_To_Cortex to None, run_after=None
[2026-03-10T13:49:26.310+0000] {processor.py:183} INFO - Processing /home/cloud/codings/airflow/dags/4_dag_PUSH_Updated_YML_To_Cortex.py took 0.136 seconds
[2026-03-10T13:49:56.808+0000] {processor.py:161} INFO - Started process (PID=493089) to work on /home/cloud/codings/airflow/dags/4_dag_PUSH_Updated_YML_To_Cortex.py
[2026-03-10T13:49:56.826+0000] {processor.py:830} INFO - Processing file /home/cloud/codings/airflow/dags/4_dag_PUSH_Updated_YML_To_Cortex.py for tasks to queue
[2026-03-10T13:49:56.827+0000] {logging_mixin.py:188} INFO - [2026-03-10T13:49:56.827+0000] {dagbag.py:545} INFO - Filling up the DagBag from /home/cloud/codings/airflow/dags/4_dag_PUSH_Updated_YML_To_Cortex.py
[2026-03-10T13:49:56.864+0000] {processor.py:840} INFO - DAG(s) '4_dag_PUSH_Updated_YML_To_Cortex' retrieved from /home/cloud/codings/airflow/dags/4_dag_PUSH_Updated_YML_To_Cortex.py
[2026-03-10T13:49:56.879+0000] {logging_mixin.py:188} INFO - [2026-03-10T13:49:56.879+0000] {dag.py:3089} INFO - Sync 1 DAGs
[2026-03-10T13:49:56.892+0000] {logging_mixin.py:188} INFO - [2026-03-10T13:49:56.892+0000] {dag.py:3947} INFO - Setting next_dagrun for 4_dag_PUSH_Updated_YML_To_Cortex to None, run_after=None
[2026-03-10T13:49:56.917+0000] {processor.py:183} INFO - Processing /home/cloud/codings/airflow/dags/4_dag_PUSH_Updated_YML_To_Cortex.py took 0.123 seconds
[2026-03-10T13:50:27.607+0000] {processor.py:161} INFO - Started process (PID=493160) to work on /home/cloud/codings/airflow/dags/4_dag_PUSH_Updated_YML_To_Cortex.py
[2026-03-10T13:50:27.612+0000] {processor.py:830} INFO - Processing file /home/cloud/codings/airflow/dags/4_dag_PUSH_Updated_YML_To_Cortex.py for tasks to queue
[2026-03-10T13:50:27.617+0000] {logging_mixin.py:188} INFO - [2026-03-10T13:50:27.615+0000] {dagbag.py:545} INFO - Filling up the DagBag from /home/cloud/codings/airflow/dags/4_dag_PUSH_Updated_YML_To_Cortex.py
[2026-03-10T13:50:27.731+0000] {processor.py:840} INFO - DAG(s) '4_dag_PUSH_Updated_YML_To_Cortex' retrieved from /home/cloud/codings/airflow/dags/4_dag_PUSH_Updated_YML_To_Cortex.py
[2026-03-10T13:50:27.799+0000] {logging_mixin.py:188} INFO - [2026-03-10T13:50:27.799+0000] {dag.py:3089} INFO - Sync 1 DAGs
[2026-03-10T13:50:27.866+0000] {logging_mixin.py:188} INFO - [2026-03-10T13:50:27.865+0000] {dag.py:3947} INFO - Setting next_dagrun for 4_dag_PUSH_Updated_YML_To_Cortex to None, run_after=None
[2026-03-10T13:50:27.928+0000] {processor.py:183} INFO - Processing /home/cloud/codings/airflow/dags/4_dag_PUSH_Updated_YML_To_Cortex.py took 0.354 seconds
[2026-03-10T13:50:58.083+0000] {processor.py:161} INFO - Started process (PID=493355) to work on /home/cloud/codings/airflow/dags/4_dag_PUSH_Updated_YML_To_Cortex.py
[2026-03-10T13:50:58.113+0000] {processor.py:830} INFO - Processing file /home/cloud/codings/airflow/dags/4_dag_PUSH_Updated_YML_To_Cortex.py for tasks to queue
[2026-03-10T13:50:58.116+0000] {logging_mixin.py:188} INFO - [2026-03-10T13:50:58.115+0000] {dagbag.py:545} INFO - Filling up the DagBag from /home/cloud/codings/airflow/dags/4_dag_PUSH_Updated_YML_To_Cortex.py
[2026-03-10T13:50:58.164+0000] {processor.py:840} INFO - DAG(s) '4_dag_PUSH_Updated_YML_To_Cortex' retrieved from /home/cloud/codings/airflow/dags/4_dag_PUSH_Updated_YML_To_Cortex.py
[2026-03-10T13:50:58.191+0000] {logging_mixin.py:188} INFO - [2026-03-10T13:50:58.190+0000] {dag.py:3089} INFO - Sync 1 DAGs
[2026-03-10T13:50:58.210+0000] {logging_mixin.py:188} INFO - [2026-03-10T13:50:58.210+0000] {dag.py:3947} INFO - Setting next_dagrun for 4_dag_PUSH_Updated_YML_To_Cortex to None, run_after=None
[2026-03-10T13:50:58.252+0000] {processor.py:183} INFO - Processing /home/cloud/codings/airflow/dags/4_dag_PUSH_Updated_YML_To_Cortex.py took 0.188 seconds
[2026-03-10T13:51:28.970+0000] {processor.py:161} INFO - Started process (PID=493422) to work on /home/cloud/codings/airflow/dags/4_dag_PUSH_Updated_YML_To_Cortex.py
[2026-03-10T13:51:29.000+0000] {processor.py:830} INFO - Processing file /home/cloud/codings/airflow/dags/4_dag_PUSH_Updated_YML_To_Cortex.py for tasks to queue
[2026-03-10T13:51:29.002+0000] {logging_mixin.py:188} INFO - [2026-03-10T13:51:29.001+0000] {dagbag.py:545} INFO - Filling up the DagBag from /home/cloud/codings/airflow/dags/4_dag_PUSH_Updated_YML_To_Cortex.py
[2026-03-10T13:51:29.056+0000] {processor.py:840} INFO - DAG(s) '4_dag_PUSH_Updated_YML_To_Cortex' retrieved from /home/cloud/codings/airflow/dags/4_dag_PUSH_Updated_YML_To_Cortex.py
[2026-03-10T13:51:29.086+0000] {logging_mixin.py:188} INFO - [2026-03-10T13:51:29.086+0000] {dag.py:3089} INFO - Sync 1 DAGs
[2026-03-10T13:51:29.118+0000] {logging_mixin.py:188} INFO - [2026-03-10T13:51:29.117+0000] {dag.py:3947} INFO - Setting next_dagrun for 4_dag_PUSH_Updated_YML_To_Cortex to None, run_after=None
[2026-03-10T13:51:29.237+0000] {processor.py:183} INFO - Processing /home/cloud/codings/airflow/dags/4_dag_PUSH_Updated_YML_To_Cortex.py took 0.283 seconds
[2026-03-10T13:51:59.401+0000] {processor.py:161} INFO - Started process (PID=493556) to work on /home/cloud/codings/airflow/dags/4_dag_PUSH_Updated_YML_To_Cortex.py
[2026-03-10T13:51:59.430+0000] {processor.py:830} INFO - Processing file /home/cloud/codings/airflow/dags/4_dag_PUSH_Updated_YML_To_Cortex.py for tasks to queue
[2026-03-10T13:51:59.435+0000] {logging_mixin.py:188} INFO - [2026-03-10T13:51:59.432+0000] {dagbag.py:545} INFO - Filling up the DagBag from /home/cloud/codings/airflow/dags/4_dag_PUSH_Updated_YML_To_Cortex.py
[2026-03-10T13:51:59.529+0000] {processor.py:840} INFO - DAG(s) '4_dag_PUSH_Updated_YML_To_Cortex' retrieved from /home/cloud/codings/airflow/dags/4_dag_PUSH_Updated_YML_To_Cortex.py
[2026-03-10T13:51:59.573+0000] {logging_mixin.py:188} INFO - [2026-03-10T13:51:59.573+0000] {dag.py:3089} INFO - Sync 1 DAGs
[2026-03-10T13:51:59.600+0000] {logging_mixin.py:188} INFO - [2026-03-10T13:51:59.600+0000] {dag.py:3947} INFO - Setting next_dagrun for 4_dag_PUSH_Updated_YML_To_Cortex to None, run_after=None
[2026-03-10T13:51:59.690+0000] {processor.py:183} INFO - Processing /home/cloud/codings/airflow/dags/4_dag_PUSH_Updated_YML_To_Cortex.py took 0.313 seconds
[2026-03-10T13:52:30.222+0000] {processor.py:161} INFO - Started process (PID=493629) to work on /home/cloud/codings/airflow/dags/4_dag_PUSH_Updated_YML_To_Cortex.py
[2026-03-10T13:52:30.241+0000] {processor.py:830} INFO - Processing file /home/cloud/codings/airflow/dags/4_dag_PUSH_Updated_YML_To_Cortex.py for tasks to queue
[2026-03-10T13:52:30.244+0000] {logging_mixin.py:188} INFO - [2026-03-10T13:52:30.242+0000] {dagbag.py:545} INFO - Filling up the DagBag from /home/cloud/codings/airflow/dags/4_dag_PUSH_Updated_YML_To_Cortex.py
[2026-03-10T13:52:30.289+0000] {processor.py:840} INFO - DAG(s) '4_dag_PUSH_Updated_YML_To_Cortex' retrieved from /home/cloud/codings/airflow/dags/4_dag_PUSH_Updated_YML_To_Cortex.py
[2026-03-10T13:52:30.309+0000] {logging_mixin.py:188} INFO - [2026-03-10T13:52:30.309+0000] {dag.py:3089} INFO - Sync 1 DAGs
[2026-03-10T13:52:30.331+0000] {logging_mixin.py:188} INFO - [2026-03-10T13:52:30.331+0000] {dag.py:3947} INFO - Setting next_dagrun for 4_dag_PUSH_Updated_YML_To_Cortex to None, run_after=None
[2026-03-10T13:52:30.367+0000] {processor.py:183} INFO - Processing /home/cloud/codings/airflow/dags/4_dag_PUSH_Updated_YML_To_Cortex.py took 0.161 seconds
[2026-03-10T13:53:00.733+0000] {processor.py:161} INFO - Started process (PID=493759) to work on /home/cloud/codings/airflow/dags/4_dag_PUSH_Updated_YML_To_Cortex.py
[2026-03-10T13:53:00.738+0000] {processor.py:830} INFO - Processing file /home/cloud/codings/airflow/dags/4_dag_PUSH_Updated_YML_To_Cortex.py for tasks to queue
[2026-03-10T13:53:00.742+0000] {logging_mixin.py:188} INFO - [2026-03-10T13:53:00.740+0000] {dagbag.py:545} INFO - Filling up the DagBag from /home/cloud/codings/airflow/dags/4_dag_PUSH_Updated_YML_To_Cortex.py
[2026-03-10T13:53:00.832+0000] {processor.py:840} INFO - DAG(s) '4_dag_PUSH_Updated_YML_To_Cortex' retrieved from /home/cloud/codings/airflow/dags/4_dag_PUSH_Updated_YML_To_Cortex.py
[2026-03-10T13:53:00.872+0000] {logging_mixin.py:188} INFO - [2026-03-10T13:53:00.871+0000] {dag.py:3089} INFO - Sync 1 DAGs
[2026-03-10T13:53:00.897+0000] {logging_mixin.py:188} INFO - [2026-03-10T13:53:00.896+0000] {dag.py:3947} INFO - Setting next_dagrun for 4_dag_PUSH_Updated_YML_To_Cortex to None, run_after=None
[2026-03-10T13:53:00.954+0000] {processor.py:183} INFO - Processing /home/cloud/codings/airflow/dags/4_dag_PUSH_Updated_YML_To_Cortex.py took 0.245 seconds
[2026-03-10T13:53:31.371+0000] {processor.py:161} INFO - Started process (PID=493832) to work on /home/cloud/codings/airflow/dags/4_dag_PUSH_Updated_YML_To_Cortex.py
[2026-03-10T13:53:31.389+0000] {processor.py:830} INFO - Processing file /home/cloud/codings/airflow/dags/4_dag_PUSH_Updated_YML_To_Cortex.py for tasks to queue
[2026-03-10T13:53:31.391+0000] {logging_mixin.py:188} INFO - [2026-03-10T13:53:31.391+0000] {dagbag.py:545} INFO - Filling up the DagBag from /home/cloud/codings/airflow/dags/4_dag_PUSH_Updated_YML_To_Cortex.py
[2026-03-10T13:53:31.424+0000] {processor.py:840} INFO - DAG(s) '4_dag_PUSH_Updated_YML_To_Cortex' retrieved from /home/cloud/codings/airflow/dags/4_dag_PUSH_Updated_YML_To_Cortex.py
[2026-03-10T13:53:31.441+0000] {logging_mixin.py:188} INFO - [2026-03-10T13:53:31.440+0000] {dag.py:3089} INFO - Sync 1 DAGs
[2026-03-10T13:53:31.453+0000] {logging_mixin.py:188} INFO - [2026-03-10T13:53:31.453+0000] {dag.py:3947} INFO - Setting next_dagrun for 4_dag_PUSH_Updated_YML_To_Cortex to None, run_after=None
[2026-03-10T13:53:31.479+0000] {processor.py:183} INFO - Processing /home/cloud/codings/airflow/dags/4_dag_PUSH_Updated_YML_To_Cortex.py took 0.118 seconds
[2026-03-10T13:54:02.123+0000] {processor.py:161} INFO - Started process (PID=493957) to work on /home/cloud/codings/airflow/dags/4_dag_PUSH_Updated_YML_To_Cortex.py
[2026-03-10T13:54:02.144+0000] {processor.py:830} INFO - Processing file /home/cloud/codings/airflow/dags/4_dag_PUSH_Updated_YML_To_Cortex.py for tasks to queue
[2026-03-10T13:54:02.149+0000] {logging_mixin.py:188} INFO - [2026-03-10T13:54:02.147+0000] {dagbag.py:545} INFO - Filling up the DagBag from /home/cloud/codings/airflow/dags/4_dag_PUSH_Updated_YML_To_Cortex.py
[2026-03-10T13:54:02.208+0000] {processor.py:840} INFO - DAG(s) '4_dag_PUSH_Updated_YML_To_Cortex' retrieved from /home/cloud/codings/airflow/dags/4_dag_PUSH_Updated_YML_To_Cortex.py
[2026-03-10T13:54:02.241+0000] {logging_mixin.py:188} INFO - [2026-03-10T13:54:02.241+0000] {dag.py:3089} INFO - Sync 1 DAGs
[2026-03-10T13:54:02.269+0000] {logging_mixin.py:188} INFO - [2026-03-10T13:54:02.268+0000] {dag.py:3947} INFO - Setting next_dagrun for 4_dag_PUSH_Updated_YML_To_Cortex to None, run_after=None
[2026-03-10T13:54:02.309+0000] {processor.py:183} INFO - Processing /home/cloud/codings/airflow/dags/4_dag_PUSH_Updated_YML_To_Cortex.py took 0.209 seconds
[2026-03-10T13:54:32.936+0000] {processor.py:161} INFO - Started process (PID=494030) to work on /home/cloud/codings/airflow/dags/4_dag_PUSH_Updated_YML_To_Cortex.py
[2026-03-10T13:54:32.957+0000] {processor.py:830} INFO - Processing file /home/cloud/codings/airflow/dags/4_dag_PUSH_Updated_YML_To_Cortex.py for tasks to queue
[2026-03-10T13:54:32.961+0000] {logging_mixin.py:188} INFO - [2026-03-10T13:54:32.959+0000] {dagbag.py:545} INFO - Filling up the DagBag from /home/cloud/codings/airflow/dags/4_dag_PUSH_Updated_YML_To_Cortex.py
[2026-03-10T13:54:33.050+0000] {processor.py:840} INFO - DAG(s) '4_dag_PUSH_Updated_YML_To_Cortex' retrieved from /home/cloud/codings/airflow/dags/4_dag_PUSH_Updated_YML_To_Cortex.py
[2026-03-10T13:54:33.107+0000] {logging_mixin.py:188} INFO - [2026-03-10T13:54:33.106+0000] {dag.py:3089} INFO - Sync 1 DAGs
[2026-03-10T13:54:33.156+0000] {logging_mixin.py:188} INFO - [2026-03-10T13:54:33.155+0000] {dag.py:3947} INFO - Setting next_dagrun for 4_dag_PUSH_Updated_YML_To_Cortex to None, run_after=None
[2026-03-10T13:54:33.206+0000] {processor.py:183} INFO - Processing /home/cloud/codings/airflow/dags/4_dag_PUSH_Updated_YML_To_Cortex.py took 0.295 seconds
[2026-03-10T13:55:03.754+0000] {processor.py:161} INFO - Started process (PID=494163) to work on /home/cloud/codings/airflow/dags/4_dag_PUSH_Updated_YML_To_Cortex.py
[2026-03-10T13:55:03.776+0000] {processor.py:830} INFO - Processing file /home/cloud/codings/airflow/dags/4_dag_PUSH_Updated_YML_To_Cortex.py for tasks to queue
[2026-03-10T13:55:03.780+0000] {logging_mixin.py:188} INFO - [2026-03-10T13:55:03.779+0000] {dagbag.py:545} INFO - Filling up the DagBag from /home/cloud/codings/airflow/dags/4_dag_PUSH_Updated_YML_To_Cortex.py
[2026-03-10T13:55:03.859+0000] {processor.py:840} INFO - DAG(s) '4_dag_PUSH_Updated_YML_To_Cortex' retrieved from /home/cloud/codings/airflow/dags/4_dag_PUSH_Updated_YML_To_Cortex.py
[2026-03-10T13:55:03.888+0000] {logging_mixin.py:188} INFO - [2026-03-10T13:55:03.887+0000] {dag.py:3089} INFO - Sync 1 DAGs
[2026-03-10T13:55:03.912+0000] {logging_mixin.py:188} INFO - [2026-03-10T13:55:03.912+0000] {dag.py:3947} INFO - Setting next_dagrun for 4_dag_PUSH_Updated_YML_To_Cortex to None, run_after=None
[2026-03-10T13:55:03.961+0000] {processor.py:183} INFO - Processing /home/cloud/codings/airflow/dags/4_dag_PUSH_Updated_YML_To_Cortex.py took 0.238 seconds
[2026-03-10T13:55:34.491+0000] {processor.py:161} INFO - Started process (PID=494299) to work on /home/cloud/codings/airflow/dags/4_dag_PUSH_Updated_YML_To_Cortex.py
[2026-03-10T13:55:34.494+0000] {processor.py:830} INFO - Processing file /home/cloud/codings/airflow/dags/4_dag_PUSH_Updated_YML_To_Cortex.py for tasks to queue
[2026-03-10T13:55:34.496+0000] {logging_mixin.py:188} INFO - [2026-03-10T13:55:34.495+0000] {dagbag.py:545} INFO - Filling up the DagBag from /home/cloud/codings/airflow/dags/4_dag_PUSH_Updated_YML_To_Cortex.py
[2026-03-10T13:55:34.541+0000] {processor.py:840} INFO - DAG(s) '4_dag_PUSH_Updated_YML_To_Cortex' retrieved from /home/cloud/codings/airflow/dags/4_dag_PUSH_Updated_YML_To_Cortex.py
[2026-03-10T13:55:34.558+0000] {logging_mixin.py:188} INFO - [2026-03-10T13:55:34.557+0000] {dag.py:3089} INFO - Sync 1 DAGs
[2026-03-10T13:55:34.570+0000] {logging_mixin.py:188} INFO - [2026-03-10T13:55:34.570+0000] {dag.py:3947} INFO - Setting next_dagrun for 4_dag_PUSH_Updated_YML_To_Cortex to None, run_after=None
[2026-03-10T13:55:34.614+0000] {processor.py:183} INFO - Processing /home/cloud/codings/airflow/dags/4_dag_PUSH_Updated_YML_To_Cortex.py took 0.137 seconds
[2026-03-10T13:56:05.024+0000] {processor.py:161} INFO - Started process (PID=494575) to work on /home/cloud/codings/airflow/dags/4_dag_PUSH_Updated_YML_To_Cortex.py
[2026-03-10T13:56:05.046+0000] {processor.py:830} INFO - Processing file /home/cloud/codings/airflow/dags/4_dag_PUSH_Updated_YML_To_Cortex.py for tasks to queue
[2026-03-10T13:56:05.051+0000] {logging_mixin.py:188} INFO - [2026-03-10T13:56:05.049+0000] {dagbag.py:545} INFO - Filling up the DagBag from /home/cloud/codings/airflow/dags/4_dag_PUSH_Updated_YML_To_Cortex.py
[2026-03-10T13:56:05.110+0000] {processor.py:840} INFO - DAG(s) '4_dag_PUSH_Updated_YML_To_Cortex' retrieved from /home/cloud/codings/airflow/dags/4_dag_PUSH_Updated_YML_To_Cortex.py
[2026-03-10T13:56:05.131+0000] {logging_mixin.py:188} INFO - [2026-03-10T13:56:05.131+0000] {dag.py:3089} INFO - Sync 1 DAGs
[2026-03-10T13:56:05.144+0000] {logging_mixin.py:188} INFO - [2026-03-10T13:56:05.144+0000] {dag.py:3947} INFO - Setting next_dagrun for 4_dag_PUSH_Updated_YML_To_Cortex to None, run_after=None
[2026-03-10T13:56:05.168+0000] {processor.py:183} INFO - Processing /home/cloud/codings/airflow/dags/4_dag_PUSH_Updated_YML_To_Cortex.py took 0.165 seconds
[2026-03-10T13:56:35.393+0000] {processor.py:161} INFO - Started process (PID=494644) to work on /home/cloud/codings/airflow/dags/4_dag_PUSH_Updated_YML_To_Cortex.py
[2026-03-10T13:56:35.395+0000] {processor.py:830} INFO - Processing file /home/cloud/codings/airflow/dags/4_dag_PUSH_Updated_YML_To_Cortex.py for tasks to queue
[2026-03-10T13:56:35.402+0000] {logging_mixin.py:188} INFO - [2026-03-10T13:56:35.396+0000] {dagbag.py:545} INFO - Filling up the DagBag from /home/cloud/codings/airflow/dags/4_dag_PUSH_Updated_YML_To_Cortex.py
[2026-03-10T13:56:35.449+0000] {processor.py:840} INFO - DAG(s) '4_dag_PUSH_Updated_YML_To_Cortex' retrieved from /home/cloud/codings/airflow/dags/4_dag_PUSH_Updated_YML_To_Cortex.py
[2026-03-10T13:56:35.465+0000] {logging_mixin.py:188} INFO - [2026-03-10T13:56:35.465+0000] {dag.py:3089} INFO - Sync 1 DAGs
[2026-03-10T13:56:35.478+0000] {logging_mixin.py:188} INFO - [2026-03-10T13:56:35.477+0000] {dag.py:3947} INFO - Setting next_dagrun for 4_dag_PUSH_Updated_YML_To_Cortex to None, run_after=None
[2026-03-10T13:56:35.503+0000] {processor.py:183} INFO - Processing /home/cloud/codings/airflow/dags/4_dag_PUSH_Updated_YML_To_Cortex.py took 0.124 seconds
[2026-03-10T13:57:06.276+0000] {processor.py:161} INFO - Started process (PID=494776) to work on /home/cloud/codings/airflow/dags/4_dag_PUSH_Updated_YML_To_Cortex.py
[2026-03-10T13:57:06.280+0000] {processor.py:830} INFO - Processing file /home/cloud/codings/airflow/dags/4_dag_PUSH_Updated_YML_To_Cortex.py for tasks to queue
[2026-03-10T13:57:06.284+0000] {logging_mixin.py:188} INFO - [2026-03-10T13:57:06.282+0000] {dagbag.py:545} INFO - Filling up the DagBag from /home/cloud/codings/airflow/dags/4_dag_PUSH_Updated_YML_To_Cortex.py
[2026-03-10T13:57:06.354+0000] {processor.py:840} INFO - DAG(s) '4_dag_PUSH_Updated_YML_To_Cortex' retrieved from /home/cloud/codings/airflow/dags/4_dag_PUSH_Updated_YML_To_Cortex.py
[2026-03-10T13:57:06.381+0000] {logging_mixin.py:188} INFO - [2026-03-10T13:57:06.380+0000] {dag.py:3089} INFO - Sync 1 DAGs
[2026-03-10T13:57:06.397+0000] {logging_mixin.py:188} INFO - [2026-03-10T13:57:06.397+0000] {dag.py:3947} INFO - Setting next_dagrun for 4_dag_PUSH_Updated_YML_To_Cortex to None, run_after=None
[2026-03-10T13:57:06.438+0000] {processor.py:183} INFO - Processing /home/cloud/codings/airflow/dags/4_dag_PUSH_Updated_YML_To_Cortex.py took 0.178 seconds
[2026-03-10T13:57:37.063+0000] {processor.py:161} INFO - Started process (PID=494843) to work on /home/cloud/codings/airflow/dags/4_dag_PUSH_Updated_YML_To_Cortex.py
[2026-03-10T13:57:37.082+0000] {processor.py:830} INFO - Processing file /home/cloud/codings/airflow/dags/4_dag_PUSH_Updated_YML_To_Cortex.py for tasks to queue
[2026-03-10T13:57:37.083+0000] {logging_mixin.py:188} INFO - [2026-03-10T13:57:37.083+0000] {dagbag.py:545} INFO - Filling up the DagBag from /home/cloud/codings/airflow/dags/4_dag_PUSH_Updated_YML_To_Cortex.py
[2026-03-10T13:57:37.124+0000] {processor.py:840} INFO - DAG(s) '4_dag_PUSH_Updated_YML_To_Cortex' retrieved from /home/cloud/codings/airflow/dags/4_dag_PUSH_Updated_YML_To_Cortex.py
[2026-03-10T13:57:37.139+0000] {logging_mixin.py:188} INFO - [2026-03-10T13:57:37.138+0000] {dag.py:3089} INFO - Sync 1 DAGs
[2026-03-10T13:57:37.150+0000] {logging_mixin.py:188} INFO - [2026-03-10T13:57:37.150+0000] {dag.py:3947} INFO - Setting next_dagrun for 4_dag_PUSH_Updated_YML_To_Cortex to None, run_after=None
[2026-03-10T13:57:37.178+0000] {processor.py:183} INFO - Processing /home/cloud/codings/airflow/dags/4_dag_PUSH_Updated_YML_To_Cortex.py took 0.129 seconds
[2026-03-10T13:58:07.546+0000] {processor.py:161} INFO - Started process (PID=494974) to work on /home/cloud/codings/airflow/dags/4_dag_PUSH_Updated_YML_To_Cortex.py
[2026-03-10T13:58:07.564+0000] {processor.py:830} INFO - Processing file /home/cloud/codings/airflow/dags/4_dag_PUSH_Updated_YML_To_Cortex.py for tasks to queue
[2026-03-10T13:58:07.566+0000] {logging_mixin.py:188} INFO - [2026-03-10T13:58:07.566+0000] {dagbag.py:545} INFO - Filling up the DagBag from /home/cloud/codings/airflow/dags/4_dag_PUSH_Updated_YML_To_Cortex.py
[2026-03-10T13:58:07.643+0000] {processor.py:840} INFO - DAG(s) '4_dag_PUSH_Updated_YML_To_Cortex' retrieved from /home/cloud/codings/airflow/dags/4_dag_PUSH_Updated_YML_To_Cortex.py
[2026-03-10T13:58:07.686+0000] {logging_mixin.py:188} INFO - [2026-03-10T13:58:07.686+0000] {dag.py:3089} INFO - Sync 1 DAGs
[2026-03-10T13:58:07.710+0000] {logging_mixin.py:188} INFO - [2026-03-10T13:58:07.710+0000] {dag.py:3947} INFO - Setting next_dagrun for 4_dag_PUSH_Updated_YML_To_Cortex to None, run_after=None
[2026-03-10T13:58:07.768+0000] {processor.py:183} INFO - Processing /home/cloud/codings/airflow/dags/4_dag_PUSH_Updated_YML_To_Cortex.py took 0.228 seconds
[2026-03-10T13:58:38.144+0000] {processor.py:161} INFO - Started process (PID=495041) to work on /home/cloud/codings/airflow/dags/4_dag_PUSH_Updated_YML_To_Cortex.py
[2026-03-10T13:58:38.165+0000] {processor.py:830} INFO - Processing file /home/cloud/codings/airflow/dags/4_dag_PUSH_Updated_YML_To_Cortex.py for tasks to queue
[2026-03-10T13:58:38.168+0000] {logging_mixin.py:188} INFO - [2026-03-10T13:58:38.167+0000] {dagbag.py:545} INFO - Filling up the DagBag from /home/cloud/codings/airflow/dags/4_dag_PUSH_Updated_YML_To_Cortex.py
[2026-03-10T13:58:38.211+0000] {processor.py:840} INFO - DAG(s) '4_dag_PUSH_Updated_YML_To_Cortex' retrieved from /home/cloud/codings/airflow/dags/4_dag_PUSH_Updated_YML_To_Cortex.py
[2026-03-10T13:58:38.239+0000] {logging_mixin.py:188} INFO - [2026-03-10T13:58:38.238+0000] {dag.py:3089} INFO - Sync 1 DAGs
[2026-03-10T13:58:38.263+0000] {logging_mixin.py:188} INFO - [2026-03-10T13:58:38.262+0000] {dag.py:3947} INFO - Setting next_dagrun for 4_dag_PUSH_Updated_YML_To_Cortex to None, run_after=None
[2026-03-10T13:58:38.309+0000] {processor.py:183} INFO - Processing /home/cloud/codings/airflow/dags/4_dag_PUSH_Updated_YML_To_Cortex.py took 0.195 seconds
[2026-03-10T13:59:08.851+0000] {processor.py:161} INFO - Started process (PID=495174) to work on /home/cloud/codings/airflow/dags/4_dag_PUSH_Updated_YML_To_Cortex.py
[2026-03-10T13:59:08.870+0000] {processor.py:830} INFO - Processing file /home/cloud/codings/airflow/dags/4_dag_PUSH_Updated_YML_To_Cortex.py for tasks to queue
[2026-03-10T13:59:08.872+0000] {logging_mixin.py:188} INFO - [2026-03-10T13:59:08.871+0000] {dagbag.py:545} INFO - Filling up the DagBag from /home/cloud/codings/airflow/dags/4_dag_PUSH_Updated_YML_To_Cortex.py
[2026-03-10T13:59:08.918+0000] {processor.py:840} INFO - DAG(s) '4_dag_PUSH_Updated_YML_To_Cortex' retrieved from /home/cloud/codings/airflow/dags/4_dag_PUSH_Updated_YML_To_Cortex.py
[2026-03-10T13:59:08.935+0000] {logging_mixin.py:188} INFO - [2026-03-10T13:59:08.934+0000] {dag.py:3089} INFO - Sync 1 DAGs
[2026-03-10T13:59:08.971+0000] {logging_mixin.py:188} INFO - [2026-03-10T13:59:08.970+0000] {dag.py:3947} INFO - Setting next_dagrun for 4_dag_PUSH_Updated_YML_To_Cortex to None, run_after=None
[2026-03-10T13:59:09.031+0000] {processor.py:183} INFO - Processing /home/cloud/codings/airflow/dags/4_dag_PUSH_Updated_YML_To_Cortex.py took 0.194 seconds
[2026-03-10T13:59:39.532+0000] {processor.py:161} INFO - Started process (PID=495242) to work on /home/cloud/codings/airflow/dags/4_dag_PUSH_Updated_YML_To_Cortex.py
[2026-03-10T13:59:39.551+0000] {processor.py:830} INFO - Processing file /home/cloud/codings/airflow/dags/4_dag_PUSH_Updated_YML_To_Cortex.py for tasks to queue
[2026-03-10T13:59:39.554+0000] {logging_mixin.py:188} INFO - [2026-03-10T13:59:39.553+0000] {dagbag.py:545} INFO - Filling up the DagBag from /home/cloud/codings/airflow/dags/4_dag_PUSH_Updated_YML_To_Cortex.py
[2026-03-10T13:59:39.605+0000] {processor.py:840} INFO - DAG(s) '4_dag_PUSH_Updated_YML_To_Cortex' retrieved from /home/cloud/codings/airflow/dags/4_dag_PUSH_Updated_YML_To_Cortex.py
[2026-03-10T13:59:39.647+0000] {logging_mixin.py:188} INFO - [2026-03-10T13:59:39.646+0000] {dag.py:3089} INFO - Sync 1 DAGs
[2026-03-10T13:59:39.671+0000] {logging_mixin.py:188} INFO - [2026-03-10T13:59:39.671+0000] {dag.py:3947} INFO - Setting next_dagrun for 4_dag_PUSH_Updated_YML_To_Cortex to None, run_after=None
[2026-03-10T13:59:39.731+0000] {processor.py:183} INFO - Processing /home/cloud/codings/airflow/dags/4_dag_PUSH_Updated_YML_To_Cortex.py took 0.227 seconds
[2026-03-10T14:00:10.243+0000] {processor.py:161} INFO - Started process (PID=495375) to work on /home/cloud/codings/airflow/dags/4_dag_PUSH_Updated_YML_To_Cortex.py
[2026-03-10T14:00:10.250+0000] {processor.py:830} INFO - Processing file /home/cloud/codings/airflow/dags/4_dag_PUSH_Updated_YML_To_Cortex.py for tasks to queue
[2026-03-10T14:00:10.254+0000] {logging_mixin.py:188} INFO - [2026-03-10T14:00:10.252+0000] {dagbag.py:545} INFO - Filling up the DagBag from /home/cloud/codings/airflow/dags/4_dag_PUSH_Updated_YML_To_Cortex.py
[2026-03-10T14:00:10.312+0000] {processor.py:840} INFO - DAG(s) '4_dag_PUSH_Updated_YML_To_Cortex' retrieved from /home/cloud/codings/airflow/dags/4_dag_PUSH_Updated_YML_To_Cortex.py
[2026-03-10T14:00:10.352+0000] {logging_mixin.py:188} INFO - [2026-03-10T14:00:10.352+0000] {dag.py:3089} INFO - Sync 1 DAGs
[2026-03-10T14:00:10.376+0000] {logging_mixin.py:188} INFO - [2026-03-10T14:00:10.375+0000] {dag.py:3947} INFO - Setting next_dagrun for 4_dag_PUSH_Updated_YML_To_Cortex to None, run_after=None
[2026-03-10T14:00:10.408+0000] {processor.py:183} INFO - Processing /home/cloud/codings/airflow/dags/4_dag_PUSH_Updated_YML_To_Cortex.py took 0.196 seconds
[2026-03-10T14:00:40.989+0000] {processor.py:161} INFO - Started process (PID=495502) to work on /home/cloud/codings/airflow/dags/4_dag_PUSH_Updated_YML_To_Cortex.py
[2026-03-10T14:00:41.018+0000] {processor.py:830} INFO - Processing file /home/cloud/codings/airflow/dags/4_dag_PUSH_Updated_YML_To_Cortex.py for tasks to queue
[2026-03-10T14:00:41.022+0000] {logging_mixin.py:188} INFO - [2026-03-10T14:00:41.020+0000] {dagbag.py:545} INFO - Filling up the DagBag from /home/cloud/codings/airflow/dags/4_dag_PUSH_Updated_YML_To_Cortex.py
[2026-03-10T14:00:41.080+0000] {processor.py:840} INFO - DAG(s) '4_dag_PUSH_Updated_YML_To_Cortex' retrieved from /home/cloud/codings/airflow/dags/4_dag_PUSH_Updated_YML_To_Cortex.py
[2026-03-10T14:00:41.100+0000] {logging_mixin.py:188} INFO - [2026-03-10T14:00:41.100+0000] {dag.py:3089} INFO - Sync 1 DAGs
[2026-03-10T14:00:41.112+0000] {logging_mixin.py:188} INFO - [2026-03-10T14:00:41.112+0000] {dag.py:3947} INFO - Setting next_dagrun for 4_dag_PUSH_Updated_YML_To_Cortex to None, run_after=None
[2026-03-10T14:00:41.138+0000] {processor.py:183} INFO - Processing /home/cloud/codings/airflow/dags/4_dag_PUSH_Updated_YML_To_Cortex.py took 0.174 seconds
[2026-03-10T14:01:11.718+0000] {processor.py:161} INFO - Started process (PID=495693) to work on /home/cloud/codings/airflow/dags/4_dag_PUSH_Updated_YML_To_Cortex.py
[2026-03-10T14:01:11.728+0000] {processor.py:830} INFO - Processing file /home/cloud/codings/airflow/dags/4_dag_PUSH_Updated_YML_To_Cortex.py for tasks to queue
[2026-03-10T14:01:11.734+0000] {logging_mixin.py:188} INFO - [2026-03-10T14:01:11.732+0000] {dagbag.py:545} INFO - Filling up the DagBag from /home/cloud/codings/airflow/dags/4_dag_PUSH_Updated_YML_To_Cortex.py
[2026-03-10T14:01:11.837+0000] {processor.py:840} INFO - DAG(s) '4_dag_PUSH_Updated_YML_To_Cortex' retrieved from /home/cloud/codings/airflow/dags/4_dag_PUSH_Updated_YML_To_Cortex.py
[2026-03-10T14:01:11.874+0000] {logging_mixin.py:188} INFO - [2026-03-10T14:01:11.873+0000] {dag.py:3089} INFO - Sync 1 DAGs
[2026-03-10T14:01:11.903+0000] {logging_mixin.py:188} INFO - [2026-03-10T14:01:11.902+0000] {dag.py:3947} INFO - Setting next_dagrun for 4_dag_PUSH_Updated_YML_To_Cortex to None, run_after=None
[2026-03-10T14:01:11.953+0000] {processor.py:183} INFO - Processing /home/cloud/codings/airflow/dags/4_dag_PUSH_Updated_YML_To_Cortex.py took 0.263 seconds
[2026-03-10T14:01:42.243+0000] {processor.py:161} INFO - Started process (PID=495768) to work on /home/cloud/codings/airflow/dags/4_dag_PUSH_Updated_YML_To_Cortex.py
[2026-03-10T14:01:42.276+0000] {processor.py:830} INFO - Processing file /home/cloud/codings/airflow/dags/4_dag_PUSH_Updated_YML_To_Cortex.py for tasks to queue
[2026-03-10T14:01:42.280+0000] {logging_mixin.py:188} INFO - [2026-03-10T14:01:42.278+0000] {dagbag.py:545} INFO - Filling up the DagBag from /home/cloud/codings/airflow/dags/4_dag_PUSH_Updated_YML_To_Cortex.py
[2026-03-10T14:01:42.359+0000] {processor.py:840} INFO - DAG(s) '4_dag_PUSH_Updated_YML_To_Cortex' retrieved from /home/cloud/codings/airflow/dags/4_dag_PUSH_Updated_YML_To_Cortex.py
[2026-03-10T14:01:42.390+0000] {logging_mixin.py:188} INFO - [2026-03-10T14:01:42.390+0000] {dag.py:3089} INFO - Sync 1 DAGs
[2026-03-10T14:01:42.413+0000] {logging_mixin.py:188} INFO - [2026-03-10T14:01:42.413+0000] {dag.py:3947} INFO - Setting next_dagrun for 4_dag_PUSH_Updated_YML_To_Cortex to None, run_after=None
[2026-03-10T14:01:42.478+0000] {processor.py:183} INFO - Processing /home/cloud/codings/airflow/dags/4_dag_PUSH_Updated_YML_To_Cortex.py took 0.256 seconds
[2026-03-10T14:02:13.011+0000] {processor.py:161} INFO - Started process (PID=495893) to work on /home/cloud/codings/airflow/dags/4_dag_PUSH_Updated_YML_To_Cortex.py
[2026-03-10T14:02:13.013+0000] {processor.py:830} INFO - Processing file /home/cloud/codings/airflow/dags/4_dag_PUSH_Updated_YML_To_Cortex.py for tasks to queue
[2026-03-10T14:02:13.014+0000] {logging_mixin.py:188} INFO - [2026-03-10T14:02:13.014+0000] {dagbag.py:545} INFO - Filling up the DagBag from /home/cloud/codings/airflow/dags/4_dag_PUSH_Updated_YML_To_Cortex.py
[2026-03-10T14:02:13.039+0000] {processor.py:840} INFO - DAG(s) '4_dag_PUSH_Updated_YML_To_Cortex' retrieved from /home/cloud/codings/airflow/dags/4_dag_PUSH_Updated_YML_To_Cortex.py
[2026-03-10T14:02:13.053+0000] {logging_mixin.py:188} INFO - [2026-03-10T14:02:13.053+0000] {dag.py:3089} INFO - Sync 1 DAGs
[2026-03-10T14:02:13.065+0000] {logging_mixin.py:188} INFO - [2026-03-10T14:02:13.064+0000] {dag.py:3947} INFO - Setting next_dagrun for 4_dag_PUSH_Updated_YML_To_Cortex to None, run_after=None
[2026-03-10T14:02:13.132+0000] {processor.py:183} INFO - Processing /home/cloud/codings/airflow/dags/4_dag_PUSH_Updated_YML_To_Cortex.py took 0.131 seconds
[2026-03-10T14:02:43.585+0000] {processor.py:161} INFO - Started process (PID=495968) to work on /home/cloud/codings/airflow/dags/4_dag_PUSH_Updated_YML_To_Cortex.py
[2026-03-10T14:02:43.606+0000] {processor.py:830} INFO - Processing file /home/cloud/codings/airflow/dags/4_dag_PUSH_Updated_YML_To_Cortex.py for tasks to queue
[2026-03-10T14:02:43.608+0000] {logging_mixin.py:188} INFO - [2026-03-10T14:02:43.607+0000] {dagbag.py:545} INFO - Filling up the DagBag from /home/cloud/codings/airflow/dags/4_dag_PUSH_Updated_YML_To_Cortex.py
[2026-03-10T14:02:43.633+0000] {processor.py:840} INFO - DAG(s) '4_dag_PUSH_Updated_YML_To_Cortex' retrieved from /home/cloud/codings/airflow/dags/4_dag_PUSH_Updated_YML_To_Cortex.py
[2026-03-10T14:02:43.649+0000] {logging_mixin.py:188} INFO - [2026-03-10T14:02:43.649+0000] {dag.py:3089} INFO - Sync 1 DAGs
[2026-03-10T14:02:43.663+0000] {logging_mixin.py:188} INFO - [2026-03-10T14:02:43.663+0000] {dag.py:3947} INFO - Setting next_dagrun for 4_dag_PUSH_Updated_YML_To_Cortex to None, run_after=None
[2026-03-10T14:02:43.688+0000] {processor.py:183} INFO - Processing /home/cloud/codings/airflow/dags/4_dag_PUSH_Updated_YML_To_Cortex.py took 0.111 seconds
[2026-03-10T14:03:14.223+0000] {processor.py:161} INFO - Started process (PID=496093) to work on /home/cloud/codings/airflow/dags/4_dag_PUSH_Updated_YML_To_Cortex.py
[2026-03-10T14:03:14.257+0000] {processor.py:830} INFO - Processing file /home/cloud/codings/airflow/dags/4_dag_PUSH_Updated_YML_To_Cortex.py for tasks to queue
[2026-03-10T14:03:14.261+0000] {logging_mixin.py:188} INFO - [2026-03-10T14:03:14.259+0000] {dagbag.py:545} INFO - Filling up the DagBag from /home/cloud/codings/airflow/dags/4_dag_PUSH_Updated_YML_To_Cortex.py
[2026-03-10T14:03:14.320+0000] {processor.py:840} INFO - DAG(s) '4_dag_PUSH_Updated_YML_To_Cortex' retrieved from /home/cloud/codings/airflow/dags/4_dag_PUSH_Updated_YML_To_Cortex.py
[2026-03-10T14:03:14.348+0000] {logging_mixin.py:188} INFO - [2026-03-10T14:03:14.348+0000] {dag.py:3089} INFO - Sync 1 DAGs
[2026-03-10T14:03:14.371+0000] {logging_mixin.py:188} INFO - [2026-03-10T14:03:14.371+0000] {dag.py:3947} INFO - Setting next_dagrun for 4_dag_PUSH_Updated_YML_To_Cortex to None, run_after=None
[2026-03-10T14:03:14.458+0000] {processor.py:183} INFO - Processing /home/cloud/codings/airflow/dags/4_dag_PUSH_Updated_YML_To_Cortex.py took 0.259 seconds
[2026-03-10T14:03:44.971+0000] {processor.py:161} INFO - Started process (PID=496168) to work on /home/cloud/codings/airflow/dags/4_dag_PUSH_Updated_YML_To_Cortex.py
[2026-03-10T14:03:44.998+0000] {processor.py:830} INFO - Processing file /home/cloud/codings/airflow/dags/4_dag_PUSH_Updated_YML_To_Cortex.py for tasks to queue
[2026-03-10T14:03:45.000+0000] {logging_mixin.py:188} INFO - [2026-03-10T14:03:44.999+0000] {dagbag.py:545} INFO - Filling up the DagBag from /home/cloud/codings/airflow/dags/4_dag_PUSH_Updated_YML_To_Cortex.py
[2026-03-10T14:03:45.057+0000] {processor.py:840} INFO - DAG(s) '4_dag_PUSH_Updated_YML_To_Cortex' retrieved from /home/cloud/codings/airflow/dags/4_dag_PUSH_Updated_YML_To_Cortex.py
[2026-03-10T14:03:45.085+0000] {logging_mixin.py:188} INFO - [2026-03-10T14:03:45.085+0000] {dag.py:3089} INFO - Sync 1 DAGs
[2026-03-10T14:03:45.102+0000] {logging_mixin.py:188} INFO - [2026-03-10T14:03:45.101+0000] {dag.py:3947} INFO - Setting next_dagrun for 4_dag_PUSH_Updated_YML_To_Cortex to None, run_after=None
[2026-03-10T14:03:45.133+0000] {processor.py:183} INFO - Processing /home/cloud/codings/airflow/dags/4_dag_PUSH_Updated_YML_To_Cortex.py took 0.183 seconds
[2026-03-10T14:04:15.540+0000] {processor.py:161} INFO - Started process (PID=496295) to work on /home/cloud/codings/airflow/dags/4_dag_PUSH_Updated_YML_To_Cortex.py
[2026-03-10T14:04:15.542+0000] {processor.py:830} INFO - Processing file /home/cloud/codings/airflow/dags/4_dag_PUSH_Updated_YML_To_Cortex.py for tasks to queue
[2026-03-10T14:04:15.544+0000] {logging_mixin.py:188} INFO - [2026-03-10T14:04:15.543+0000] {dagbag.py:545} INFO - Filling up the DagBag from /home/cloud/codings/airflow/dags/4_dag_PUSH_Updated_YML_To_Cortex.py
[2026-03-10T14:04:15.583+0000] {processor.py:840} INFO - DAG(s) '4_dag_PUSH_Updated_YML_To_Cortex' retrieved from /home/cloud/codings/airflow/dags/4_dag_PUSH_Updated_YML_To_Cortex.py
[2026-03-10T14:04:15.601+0000] {logging_mixin.py:188} INFO - [2026-03-10T14:04:15.601+0000] {dag.py:3089} INFO - Sync 1 DAGs
[2026-03-10T14:04:15.617+0000] {logging_mixin.py:188} INFO - [2026-03-10T14:04:15.617+0000] {dag.py:3947} INFO - Setting next_dagrun for 4_dag_PUSH_Updated_YML_To_Cortex to None, run_after=None
[2026-03-10T14:04:15.646+0000] {processor.py:183} INFO - Processing /home/cloud/codings/airflow/dags/4_dag_PUSH_Updated_YML_To_Cortex.py took 0.118 seconds
[2026-03-10T14:04:46.199+0000] {processor.py:161} INFO - Started process (PID=496368) to work on /home/cloud/codings/airflow/dags/4_dag_PUSH_Updated_YML_To_Cortex.py
[2026-03-10T14:04:46.217+0000] {processor.py:830} INFO - Processing file /home/cloud/codings/airflow/dags/4_dag_PUSH_Updated_YML_To_Cortex.py for tasks to queue
[2026-03-10T14:04:46.219+0000] {logging_mixin.py:188} INFO - [2026-03-10T14:04:46.218+0000] {dagbag.py:545} INFO - Filling up the DagBag from /home/cloud/codings/airflow/dags/4_dag_PUSH_Updated_YML_To_Cortex.py
[2026-03-10T14:04:46.243+0000] {processor.py:840} INFO - DAG(s) '4_dag_PUSH_Updated_YML_To_Cortex' retrieved from /home/cloud/codings/airflow/dags/4_dag_PUSH_Updated_YML_To_Cortex.py
[2026-03-10T14:04:46.261+0000] {logging_mixin.py:188} INFO - [2026-03-10T14:04:46.261+0000] {dag.py:3089} INFO - Sync 1 DAGs
[2026-03-10T14:04:46.273+0000] {logging_mixin.py:188} INFO - [2026-03-10T14:04:46.273+0000] {dag.py:3947} INFO - Setting next_dagrun for 4_dag_PUSH_Updated_YML_To_Cortex to None, run_after=None
[2026-03-10T14:04:46.298+0000] {processor.py:183} INFO - Processing /home/cloud/codings/airflow/dags/4_dag_PUSH_Updated_YML_To_Cortex.py took 0.107 seconds
[2026-03-10T14:05:16.781+0000] {processor.py:161} INFO - Started process (PID=496498) to work on /home/cloud/codings/airflow/dags/4_dag_PUSH_Updated_YML_To_Cortex.py
[2026-03-10T14:05:16.784+0000] {processor.py:830} INFO - Processing file /home/cloud/codings/airflow/dags/4_dag_PUSH_Updated_YML_To_Cortex.py for tasks to queue
[2026-03-10T14:05:16.787+0000] {logging_mixin.py:188} INFO - [2026-03-10T14:05:16.786+0000] {dagbag.py:545} INFO - Filling up the DagBag from /home/cloud/codings/airflow/dags/4_dag_PUSH_Updated_YML_To_Cortex.py
[2026-03-10T14:05:16.857+0000] {processor.py:840} INFO - DAG(s) '4_dag_PUSH_Updated_YML_To_Cortex' retrieved from /home/cloud/codings/airflow/dags/4_dag_PUSH_Updated_YML_To_Cortex.py
[2026-03-10T14:05:16.898+0000] {logging_mixin.py:188} INFO - [2026-03-10T14:05:16.898+0000] {dag.py:3089} INFO - Sync 1 DAGs
[2026-03-10T14:05:16.916+0000] {logging_mixin.py:188} INFO - [2026-03-10T14:05:16.916+0000] {dag.py:3947} INFO - Setting next_dagrun for 4_dag_PUSH_Updated_YML_To_Cortex to None, run_after=None
[2026-03-10T14:05:16.958+0000] {processor.py:183} INFO - Processing /home/cloud/codings/airflow/dags/4_dag_PUSH_Updated_YML_To_Cortex.py took 0.192 seconds
[2026-03-10T14:05:47.586+0000] {processor.py:161} INFO - Started process (PID=496628) to work on /home/cloud/codings/airflow/dags/4_dag_PUSH_Updated_YML_To_Cortex.py
[2026-03-10T14:05:47.588+0000] {processor.py:830} INFO - Processing file /home/cloud/codings/airflow/dags/4_dag_PUSH_Updated_YML_To_Cortex.py for tasks to queue
[2026-03-10T14:05:47.589+0000] {logging_mixin.py:188} INFO - [2026-03-10T14:05:47.588+0000] {dagbag.py:545} INFO - Filling up the DagBag from /home/cloud/codings/airflow/dags/4_dag_PUSH_Updated_YML_To_Cortex.py
[2026-03-10T14:05:47.614+0000] {processor.py:840} INFO - DAG(s) '4_dag_PUSH_Updated_YML_To_Cortex' retrieved from /home/cloud/codings/airflow/dags/4_dag_PUSH_Updated_YML_To_Cortex.py
[2026-03-10T14:05:47.629+0000] {logging_mixin.py:188} INFO - [2026-03-10T14:05:47.628+0000] {dag.py:3089} INFO - Sync 1 DAGs
[2026-03-10T14:05:47.640+0000] {logging_mixin.py:188} INFO - [2026-03-10T14:05:47.640+0000] {dag.py:3947} INFO - Setting next_dagrun for 4_dag_PUSH_Updated_YML_To_Cortex to None, run_after=None
[2026-03-10T14:05:47.665+0000] {processor.py:183} INFO - Processing /home/cloud/codings/airflow/dags/4_dag_PUSH_Updated_YML_To_Cortex.py took 0.085 seconds
[2026-03-10T14:06:18.070+0000] {processor.py:161} INFO - Started process (PID=496759) to work on /home/cloud/codings/airflow/dags/4_dag_PUSH_Updated_YML_To_Cortex.py
[2026-03-10T14:06:18.071+0000] {processor.py:830} INFO - Processing file /home/cloud/codings/airflow/dags/4_dag_PUSH_Updated_YML_To_Cortex.py for tasks to queue
[2026-03-10T14:06:18.072+0000] {logging_mixin.py:188} INFO - [2026-03-10T14:06:18.071+0000] {dagbag.py:545} INFO - Filling up the DagBag from /home/cloud/codings/airflow/dags/4_dag_PUSH_Updated_YML_To_Cortex.py
[2026-03-10T14:06:18.097+0000] {processor.py:840} INFO - DAG(s) '4_dag_PUSH_Updated_YML_To_Cortex' retrieved from /home/cloud/codings/airflow/dags/4_dag_PUSH_Updated_YML_To_Cortex.py
[2026-03-10T14:06:18.112+0000] {logging_mixin.py:188} INFO - [2026-03-10T14:06:18.112+0000] {dag.py:3089} INFO - Sync 1 DAGs
[2026-03-10T14:06:18.123+0000] {logging_mixin.py:188} INFO - [2026-03-10T14:06:18.123+0000] {dag.py:3947} INFO - Setting next_dagrun for 4_dag_PUSH_Updated_YML_To_Cortex to None, run_after=None
[2026-03-10T14:06:18.151+0000] {processor.py:183} INFO - Processing /home/cloud/codings/airflow/dags/4_dag_PUSH_Updated_YML_To_Cortex.py took 0.089 seconds
[2026-03-10T14:06:48.635+0000] {processor.py:161} INFO - Started process (PID=496828) to work on /home/cloud/codings/airflow/dags/4_dag_PUSH_Updated_YML_To_Cortex.py
[2026-03-10T14:06:48.654+0000] {processor.py:830} INFO - Processing file /home/cloud/codings/airflow/dags/4_dag_PUSH_Updated_YML_To_Cortex.py for tasks to queue
[2026-03-10T14:06:48.656+0000] {logging_mixin.py:188} INFO - [2026-03-10T14:06:48.655+0000] {dagbag.py:545} INFO - Filling up the DagBag from /home/cloud/codings/airflow/dags/4_dag_PUSH_Updated_YML_To_Cortex.py
[2026-03-10T14:06:48.705+0000] {processor.py:840} INFO - DAG(s) '4_dag_PUSH_Updated_YML_To_Cortex' retrieved from /home/cloud/codings/airflow/dags/4_dag_PUSH_Updated_YML_To_Cortex.py
[2026-03-10T14:06:48.730+0000] {logging_mixin.py:188} INFO - [2026-03-10T14:06:48.729+0000] {dag.py:3089} INFO - Sync 1 DAGs
[2026-03-10T14:06:48.745+0000] {logging_mixin.py:188} INFO - [2026-03-10T14:06:48.744+0000] {dag.py:3947} INFO - Setting next_dagrun for 4_dag_PUSH_Updated_YML_To_Cortex to None, run_after=None
[2026-03-10T14:06:48.775+0000] {processor.py:183} INFO - Processing /home/cloud/codings/airflow/dags/4_dag_PUSH_Updated_YML_To_Cortex.py took 0.162 seconds
[2026-03-10T14:07:19.239+0000] {processor.py:161} INFO - Started process (PID=496963) to work on /home/cloud/codings/airflow/dags/4_dag_PUSH_Updated_YML_To_Cortex.py
[2026-03-10T14:07:19.258+0000] {processor.py:830} INFO - Processing file /home/cloud/codings/airflow/dags/4_dag_PUSH_Updated_YML_To_Cortex.py for tasks to queue
[2026-03-10T14:07:19.261+0000] {logging_mixin.py:188} INFO - [2026-03-10T14:07:19.260+0000] {dagbag.py:545} INFO - Filling up the DagBag from /home/cloud/codings/airflow/dags/4_dag_PUSH_Updated_YML_To_Cortex.py
[2026-03-10T14:07:19.311+0000] {processor.py:840} INFO - DAG(s) '4_dag_PUSH_Updated_YML_To_Cortex' retrieved from /home/cloud/codings/airflow/dags/4_dag_PUSH_Updated_YML_To_Cortex.py
[2026-03-10T14:07:19.342+0000] {logging_mixin.py:188} INFO - [2026-03-10T14:07:19.342+0000] {dag.py:3089} INFO - Sync 1 DAGs
[2026-03-10T14:07:19.362+0000] {logging_mixin.py:188} INFO - [2026-03-10T14:07:19.362+0000] {dag.py:3947} INFO - Setting next_dagrun for 4_dag_PUSH_Updated_YML_To_Cortex to None, run_after=None
[2026-03-10T14:07:19.406+0000] {processor.py:183} INFO - Processing /home/cloud/codings/airflow/dags/4_dag_PUSH_Updated_YML_To_Cortex.py took 0.187 seconds
[2026-03-10T14:07:49.939+0000] {processor.py:161} INFO - Started process (PID=497030) to work on /home/cloud/codings/airflow/dags/4_dag_PUSH_Updated_YML_To_Cortex.py
[2026-03-10T14:07:49.945+0000] {processor.py:830} INFO - Processing file /home/cloud/codings/airflow/dags/4_dag_PUSH_Updated_YML_To_Cortex.py for tasks to queue
[2026-03-10T14:07:49.947+0000] {logging_mixin.py:188} INFO - [2026-03-10T14:07:49.946+0000] {dagbag.py:545} INFO - Filling up the DagBag from /home/cloud/codings/airflow/dags/4_dag_PUSH_Updated_YML_To_Cortex.py
[2026-03-10T14:07:49.976+0000] {processor.py:840} INFO - DAG(s) '4_dag_PUSH_Updated_YML_To_Cortex' retrieved from /home/cloud/codings/airflow/dags/4_dag_PUSH_Updated_YML_To_Cortex.py
[2026-03-10T14:07:49.992+0000] {logging_mixin.py:188} INFO - [2026-03-10T14:07:49.992+0000] {dag.py:3089} INFO - Sync 1 DAGs
[2026-03-10T14:07:50.006+0000] {logging_mixin.py:188} INFO - [2026-03-10T14:07:50.006+0000] {dag.py:3947} INFO - Setting next_dagrun for 4_dag_PUSH_Updated_YML_To_Cortex to None, run_after=None
[2026-03-10T14:07:50.031+0000] {processor.py:183} INFO - Processing /home/cloud/codings/airflow/dags/4_dag_PUSH_Updated_YML_To_Cortex.py took 0.110 seconds
[2026-03-10T14:08:20.554+0000] {processor.py:161} INFO - Started process (PID=497262) to work on /home/cloud/codings/airflow/dags/4_dag_PUSH_Updated_YML_To_Cortex.py
[2026-03-10T14:08:20.572+0000] {processor.py:830} INFO - Processing file /home/cloud/codings/airflow/dags/4_dag_PUSH_Updated_YML_To_Cortex.py for tasks to queue
[2026-03-10T14:08:20.574+0000] {logging_mixin.py:188} INFO - [2026-03-10T14:08:20.573+0000] {dagbag.py:545} INFO - Filling up the DagBag from /home/cloud/codings/airflow/dags/4_dag_PUSH_Updated_YML_To_Cortex.py
[2026-03-10T14:08:20.599+0000] {processor.py:840} INFO - DAG(s) '4_dag_PUSH_Updated_YML_To_Cortex' retrieved from /home/cloud/codings/airflow/dags/4_dag_PUSH_Updated_YML_To_Cortex.py
[2026-03-10T14:08:20.615+0000] {logging_mixin.py:188} INFO - [2026-03-10T14:08:20.615+0000] {dag.py:3089} INFO - Sync 1 DAGs
[2026-03-10T14:08:20.627+0000] {logging_mixin.py:188} INFO - [2026-03-10T14:08:20.627+0000] {dag.py:3947} INFO - Setting next_dagrun for 4_dag_PUSH_Updated_YML_To_Cortex to None, run_after=None
[2026-03-10T14:08:20.650+0000] {processor.py:183} INFO - Processing /home/cloud/codings/airflow/dags/4_dag_PUSH_Updated_YML_To_Cortex.py took 0.127 seconds
[2026-03-10T14:08:51.172+0000] {processor.py:161} INFO - Started process (PID=497433) to work on /home/cloud/codings/airflow/dags/4_dag_PUSH_Updated_YML_To_Cortex.py
[2026-03-10T14:08:51.190+0000] {processor.py:830} INFO - Processing file /home/cloud/codings/airflow/dags/4_dag_PUSH_Updated_YML_To_Cortex.py for tasks to queue
[2026-03-10T14:08:51.192+0000] {logging_mixin.py:188} INFO - [2026-03-10T14:08:51.191+0000] {dagbag.py:545} INFO - Filling up the DagBag from /home/cloud/codings/airflow/dags/4_dag_PUSH_Updated_YML_To_Cortex.py
[2026-03-10T14:08:51.235+0000] {processor.py:840} INFO - DAG(s) '4_dag_PUSH_Updated_YML_To_Cortex' retrieved from /home/cloud/codings/airflow/dags/4_dag_PUSH_Updated_YML_To_Cortex.py
[2026-03-10T14:08:51.263+0000] {logging_mixin.py:188} INFO - [2026-03-10T14:08:51.263+0000] {dag.py:3089} INFO - Sync 1 DAGs
[2026-03-10T14:08:51.291+0000] {logging_mixin.py:188} INFO - [2026-03-10T14:08:51.291+0000] {dag.py:3947} INFO - Setting next_dagrun for 4_dag_PUSH_Updated_YML_To_Cortex to None, run_after=None
[2026-03-10T14:08:51.352+0000] {processor.py:183} INFO - Processing /home/cloud/codings/airflow/dags/4_dag_PUSH_Updated_YML_To_Cortex.py took 0.193 seconds
[2026-03-10T14:09:21.787+0000] {processor.py:161} INFO - Started process (PID=497560) to work on /home/cloud/codings/airflow/dags/4_dag_PUSH_Updated_YML_To_Cortex.py
[2026-03-10T14:09:21.791+0000] {processor.py:830} INFO - Processing file /home/cloud/codings/airflow/dags/4_dag_PUSH_Updated_YML_To_Cortex.py for tasks to queue
[2026-03-10T14:09:21.793+0000] {logging_mixin.py:188} INFO - [2026-03-10T14:09:21.792+0000] {dagbag.py:545} INFO - Filling up the DagBag from /home/cloud/codings/airflow/dags/4_dag_PUSH_Updated_YML_To_Cortex.py
[2026-03-10T14:09:21.851+0000] {processor.py:840} INFO - DAG(s) '4_dag_PUSH_Updated_YML_To_Cortex' retrieved from /home/cloud/codings/airflow/dags/4_dag_PUSH_Updated_YML_To_Cortex.py
[2026-03-10T14:09:21.884+0000] {logging_mixin.py:188} INFO - [2026-03-10T14:09:21.884+0000] {dag.py:3089} INFO - Sync 1 DAGs
[2026-03-10T14:09:21.914+0000] {logging_mixin.py:188} INFO - [2026-03-10T14:09:21.914+0000] {dag.py:3947} INFO - Setting next_dagrun for 4_dag_PUSH_Updated_YML_To_Cortex to None, run_after=None
[2026-03-10T14:09:21.978+0000] {processor.py:183} INFO - Processing /home/cloud/codings/airflow/dags/4_dag_PUSH_Updated_YML_To_Cortex.py took 0.210 seconds
[2026-03-10T14:09:52.475+0000] {processor.py:161} INFO - Started process (PID=497718) to work on /home/cloud/codings/airflow/dags/4_dag_PUSH_Updated_YML_To_Cortex.py
[2026-03-10T14:09:52.478+0000] {processor.py:830} INFO - Processing file /home/cloud/codings/airflow/dags/4_dag_PUSH_Updated_YML_To_Cortex.py for tasks to queue
[2026-03-10T14:09:52.480+0000] {logging_mixin.py:188} INFO - [2026-03-10T14:09:52.480+0000] {dagbag.py:545} INFO - Filling up the DagBag from /home/cloud/codings/airflow/dags/4_dag_PUSH_Updated_YML_To_Cortex.py
[2026-03-10T14:09:52.517+0000] {processor.py:840} INFO - DAG(s) '4_dag_PUSH_Updated_YML_To_Cortex' retrieved from /home/cloud/codings/airflow/dags/4_dag_PUSH_Updated_YML_To_Cortex.py
[2026-03-10T14:09:52.532+0000] {logging_mixin.py:188} INFO - [2026-03-10T14:09:52.532+0000] {dag.py:3089} INFO - Sync 1 DAGs
[2026-03-10T14:09:52.546+0000] {logging_mixin.py:188} INFO - [2026-03-10T14:09:52.546+0000] {dag.py:3947} INFO - Setting next_dagrun for 4_dag_PUSH_Updated_YML_To_Cortex to None, run_after=None
[2026-03-10T14:09:52.603+0000] {processor.py:183} INFO - Processing /home/cloud/codings/airflow/dags/4_dag_PUSH_Updated_YML_To_Cortex.py took 0.142 seconds
[2026-03-10T14:10:23.060+0000] {processor.py:161} INFO - Started process (PID=497808) to work on /home/cloud/codings/airflow/dags/4_dag_PUSH_Updated_YML_To_Cortex.py
[2026-03-10T14:10:23.078+0000] {processor.py:830} INFO - Processing file /home/cloud/codings/airflow/dags/4_dag_PUSH_Updated_YML_To_Cortex.py for tasks to queue
[2026-03-10T14:10:23.080+0000] {logging_mixin.py:188} INFO - [2026-03-10T14:10:23.079+0000] {dagbag.py:545} INFO - Filling up the DagBag from /home/cloud/codings/airflow/dags/4_dag_PUSH_Updated_YML_To_Cortex.py
[2026-03-10T14:10:23.106+0000] {processor.py:840} INFO - DAG(s) '4_dag_PUSH_Updated_YML_To_Cortex' retrieved from /home/cloud/codings/airflow/dags/4_dag_PUSH_Updated_YML_To_Cortex.py
[2026-03-10T14:10:23.122+0000] {logging_mixin.py:188} INFO - [2026-03-10T14:10:23.121+0000] {dag.py:3089} INFO - Sync 1 DAGs
[2026-03-10T14:10:23.136+0000] {logging_mixin.py:188} INFO - [2026-03-10T14:10:23.135+0000] {dag.py:3947} INFO - Setting next_dagrun for 4_dag_PUSH_Updated_YML_To_Cortex to None, run_after=None
[2026-03-10T14:10:23.163+0000] {processor.py:183} INFO - Processing /home/cloud/codings/airflow/dags/4_dag_PUSH_Updated_YML_To_Cortex.py took 0.114 seconds
[2026-03-10T14:10:53.622+0000] {processor.py:161} INFO - Started process (PID=498003) to work on /home/cloud/codings/airflow/dags/4_dag_PUSH_Updated_YML_To_Cortex.py
[2026-03-10T14:10:53.642+0000] {processor.py:830} INFO - Processing file /home/cloud/codings/airflow/dags/4_dag_PUSH_Updated_YML_To_Cortex.py for tasks to queue
[2026-03-10T14:10:53.647+0000] {logging_mixin.py:188} INFO - [2026-03-10T14:10:53.645+0000] {dagbag.py:545} INFO - Filling up the DagBag from /home/cloud/codings/airflow/dags/4_dag_PUSH_Updated_YML_To_Cortex.py
[2026-03-10T14:10:53.737+0000] {processor.py:840} INFO - DAG(s) '4_dag_PUSH_Updated_YML_To_Cortex' retrieved from /home/cloud/codings/airflow/dags/4_dag_PUSH_Updated_YML_To_Cortex.py
[2026-03-10T14:10:53.794+0000] {logging_mixin.py:188} INFO - [2026-03-10T14:10:53.793+0000] {dag.py:3089} INFO - Sync 1 DAGs
[2026-03-10T14:10:53.840+0000] {logging_mixin.py:188} INFO - [2026-03-10T14:10:53.839+0000] {dag.py:3947} INFO - Setting next_dagrun for 4_dag_PUSH_Updated_YML_To_Cortex to None, run_after=None
[2026-03-10T14:10:53.943+0000] {processor.py:183} INFO - Processing /home/cloud/codings/airflow/dags/4_dag_PUSH_Updated_YML_To_Cortex.py took 0.341 seconds
[2026-03-10T14:11:24.372+0000] {processor.py:161} INFO - Started process (PID=498095) to work on /home/cloud/codings/airflow/dags/4_dag_PUSH_Updated_YML_To_Cortex.py
[2026-03-10T14:11:24.400+0000] {processor.py:830} INFO - Processing file /home/cloud/codings/airflow/dags/4_dag_PUSH_Updated_YML_To_Cortex.py for tasks to queue
[2026-03-10T14:11:24.403+0000] {logging_mixin.py:188} INFO - [2026-03-10T14:11:24.401+0000] {dagbag.py:545} INFO - Filling up the DagBag from /home/cloud/codings/airflow/dags/4_dag_PUSH_Updated_YML_To_Cortex.py
[2026-03-10T14:11:24.488+0000] {processor.py:840} INFO - DAG(s) '4_dag_PUSH_Updated_YML_To_Cortex' retrieved from /home/cloud/codings/airflow/dags/4_dag_PUSH_Updated_YML_To_Cortex.py
[2026-03-10T14:11:24.542+0000] {logging_mixin.py:188} INFO - [2026-03-10T14:11:24.541+0000] {dag.py:3089} INFO - Sync 1 DAGs
[2026-03-10T14:11:24.582+0000] {logging_mixin.py:188} INFO - [2026-03-10T14:11:24.582+0000] {dag.py:3947} INFO - Setting next_dagrun for 4_dag_PUSH_Updated_YML_To_Cortex to None, run_after=None
[2026-03-10T14:11:24.650+0000] {processor.py:183} INFO - Processing /home/cloud/codings/airflow/dags/4_dag_PUSH_Updated_YML_To_Cortex.py took 0.300 seconds
[2026-03-10T14:11:54.964+0000] {processor.py:161} INFO - Started process (PID=498313) to work on /home/cloud/codings/airflow/dags/4_dag_PUSH_Updated_YML_To_Cortex.py
[2026-03-10T14:11:54.990+0000] {processor.py:830} INFO - Processing file /home/cloud/codings/airflow/dags/4_dag_PUSH_Updated_YML_To_Cortex.py for tasks to queue
[2026-03-10T14:11:54.992+0000] {logging_mixin.py:188} INFO - [2026-03-10T14:11:54.992+0000] {dagbag.py:545} INFO - Filling up the DagBag from /home/cloud/codings/airflow/dags/4_dag_PUSH_Updated_YML_To_Cortex.py
[2026-03-10T14:11:55.043+0000] {processor.py:840} INFO - DAG(s) '4_dag_PUSH_Updated_YML_To_Cortex' retrieved from /home/cloud/codings/airflow/dags/4_dag_PUSH_Updated_YML_To_Cortex.py
[2026-03-10T14:11:55.083+0000] {logging_mixin.py:188} INFO - [2026-03-10T14:11:55.082+0000] {dag.py:3089} INFO - Sync 1 DAGs
[2026-03-10T14:11:55.113+0000] {logging_mixin.py:188} INFO - [2026-03-10T14:11:55.113+0000] {dag.py:3947} INFO - Setting next_dagrun for 4_dag_PUSH_Updated_YML_To_Cortex to None, run_after=None
[2026-03-10T14:11:55.173+0000] {processor.py:183} INFO - Processing /home/cloud/codings/airflow/dags/4_dag_PUSH_Updated_YML_To_Cortex.py took 0.218 seconds
[2026-03-10T14:12:25.587+0000] {processor.py:161} INFO - Started process (PID=498839) to work on /home/cloud/codings/airflow/dags/4_dag_PUSH_Updated_YML_To_Cortex.py
[2026-03-10T14:12:25.621+0000] {processor.py:830} INFO - Processing file /home/cloud/codings/airflow/dags/4_dag_PUSH_Updated_YML_To_Cortex.py for tasks to queue
[2026-03-10T14:12:25.625+0000] {logging_mixin.py:188} INFO - [2026-03-10T14:12:25.623+0000] {dagbag.py:545} INFO - Filling up the DagBag from /home/cloud/codings/airflow/dags/4_dag_PUSH_Updated_YML_To_Cortex.py
[2026-03-10T14:12:25.715+0000] {processor.py:840} INFO - DAG(s) '4_dag_PUSH_Updated_YML_To_Cortex' retrieved from /home/cloud/codings/airflow/dags/4_dag_PUSH_Updated_YML_To_Cortex.py
[2026-03-10T14:12:25.780+0000] {logging_mixin.py:188} INFO - [2026-03-10T14:12:25.779+0000] {dag.py:3089} INFO - Sync 1 DAGs
[2026-03-10T14:12:25.809+0000] {logging_mixin.py:188} INFO - [2026-03-10T14:12:25.809+0000] {dag.py:3947} INFO - Setting next_dagrun for 4_dag_PUSH_Updated_YML_To_Cortex to None, run_after=None
[2026-03-10T14:12:25.887+0000] {processor.py:183} INFO - Processing /home/cloud/codings/airflow/dags/4_dag_PUSH_Updated_YML_To_Cortex.py took 0.327 seconds
[2026-03-10T14:12:56.026+0000] {processor.py:161} INFO - Started process (PID=499385) to work on /home/cloud/codings/airflow/dags/4_dag_PUSH_Updated_YML_To_Cortex.py
[2026-03-10T14:12:56.027+0000] {processor.py:830} INFO - Processing file /home/cloud/codings/airflow/dags/4_dag_PUSH_Updated_YML_To_Cortex.py for tasks to queue
[2026-03-10T14:12:56.028+0000] {logging_mixin.py:188} INFO - [2026-03-10T14:12:56.028+0000] {dagbag.py:545} INFO - Filling up the DagBag from /home/cloud/codings/airflow/dags/4_dag_PUSH_Updated_YML_To_Cortex.py
[2026-03-10T14:12:56.049+0000] {processor.py:840} INFO - DAG(s) '4_dag_PUSH_Updated_YML_To_Cortex' retrieved from /home/cloud/codings/airflow/dags/4_dag_PUSH_Updated_YML_To_Cortex.py
[2026-03-10T14:12:56.063+0000] {logging_mixin.py:188} INFO - [2026-03-10T14:12:56.063+0000] {dag.py:3089} INFO - Sync 1 DAGs
[2026-03-10T14:12:56.103+0000] {logging_mixin.py:188} INFO - [2026-03-10T14:12:56.100+0000] {dag.py:3947} INFO - Setting next_dagrun for 4_dag_PUSH_Updated_YML_To_Cortex to None, run_after=None
[2026-03-10T14:12:56.168+0000] {processor.py:183} INFO - Processing /home/cloud/codings/airflow/dags/4_dag_PUSH_Updated_YML_To_Cortex.py took 0.147 seconds
[2026-03-10T14:13:26.557+0000] {processor.py:161} INFO - Started process (PID=499532) to work on /home/cloud/codings/airflow/dags/4_dag_PUSH_Updated_YML_To_Cortex.py
[2026-03-10T14:13:26.576+0000] {processor.py:830} INFO - Processing file /home/cloud/codings/airflow/dags/4_dag_PUSH_Updated_YML_To_Cortex.py for tasks to queue
[2026-03-10T14:13:26.578+0000] {logging_mixin.py:188} INFO - [2026-03-10T14:13:26.577+0000] {dagbag.py:545} INFO - Filling up the DagBag from /home/cloud/codings/airflow/dags/4_dag_PUSH_Updated_YML_To_Cortex.py
[2026-03-10T14:13:26.628+0000] {processor.py:840} INFO - DAG(s) '4_dag_PUSH_Updated_YML_To_Cortex' retrieved from /home/cloud/codings/airflow/dags/4_dag_PUSH_Updated_YML_To_Cortex.py
[2026-03-10T14:13:26.661+0000] {logging_mixin.py:188} INFO - [2026-03-10T14:13:26.660+0000] {dag.py:3089} INFO - Sync 1 DAGs
[2026-03-10T14:13:26.678+0000] {logging_mixin.py:188} INFO - [2026-03-10T14:13:26.677+0000] {dag.py:3947} INFO - Setting next_dagrun for 4_dag_PUSH_Updated_YML_To_Cortex to None, run_after=None
[2026-03-10T14:13:26.707+0000] {processor.py:183} INFO - Processing /home/cloud/codings/airflow/dags/4_dag_PUSH_Updated_YML_To_Cortex.py took 0.163 seconds
[2026-03-10T14:13:57.123+0000] {processor.py:161} INFO - Started process (PID=499684) to work on /home/cloud/codings/airflow/dags/4_dag_PUSH_Updated_YML_To_Cortex.py
[2026-03-10T14:13:57.142+0000] {processor.py:830} INFO - Processing file /home/cloud/codings/airflow/dags/4_dag_PUSH_Updated_YML_To_Cortex.py for tasks to queue
[2026-03-10T14:13:57.144+0000] {logging_mixin.py:188} INFO - [2026-03-10T14:13:57.143+0000] {dagbag.py:545} INFO - Filling up the DagBag from /home/cloud/codings/airflow/dags/4_dag_PUSH_Updated_YML_To_Cortex.py
[2026-03-10T14:13:57.182+0000] {processor.py:840} INFO - DAG(s) '4_dag_PUSH_Updated_YML_To_Cortex' retrieved from /home/cloud/codings/airflow/dags/4_dag_PUSH_Updated_YML_To_Cortex.py
[2026-03-10T14:13:57.201+0000] {logging_mixin.py:188} INFO - [2026-03-10T14:13:57.201+0000] {dag.py:3089} INFO - Sync 1 DAGs
[2026-03-10T14:13:57.216+0000] {logging_mixin.py:188} INFO - [2026-03-10T14:13:57.215+0000] {dag.py:3947} INFO - Setting next_dagrun for 4_dag_PUSH_Updated_YML_To_Cortex to None, run_after=None
[2026-03-10T14:13:57.241+0000] {processor.py:183} INFO - Processing /home/cloud/codings/airflow/dags/4_dag_PUSH_Updated_YML_To_Cortex.py took 0.129 seconds
[2026-03-10T14:14:27.633+0000] {processor.py:161} INFO - Started process (PID=499751) to work on /home/cloud/codings/airflow/dags/4_dag_PUSH_Updated_YML_To_Cortex.py
[2026-03-10T14:14:27.653+0000] {processor.py:830} INFO - Processing file /home/cloud/codings/airflow/dags/4_dag_PUSH_Updated_YML_To_Cortex.py for tasks to queue
[2026-03-10T14:14:27.657+0000] {logging_mixin.py:188} INFO - [2026-03-10T14:14:27.655+0000] {dagbag.py:545} INFO - Filling up the DagBag from /home/cloud/codings/airflow/dags/4_dag_PUSH_Updated_YML_To_Cortex.py
[2026-03-10T14:14:27.749+0000] {processor.py:840} INFO - DAG(s) '4_dag_PUSH_Updated_YML_To_Cortex' retrieved from /home/cloud/codings/airflow/dags/4_dag_PUSH_Updated_YML_To_Cortex.py
[2026-03-10T14:14:27.781+0000] {logging_mixin.py:188} INFO - [2026-03-10T14:14:27.780+0000] {dag.py:3089} INFO - Sync 1 DAGs
[2026-03-10T14:14:27.804+0000] {logging_mixin.py:188} INFO - [2026-03-10T14:14:27.803+0000] {dag.py:3947} INFO - Setting next_dagrun for 4_dag_PUSH_Updated_YML_To_Cortex to None, run_after=None
[2026-03-10T14:14:27.870+0000] {processor.py:183} INFO - Processing /home/cloud/codings/airflow/dags/4_dag_PUSH_Updated_YML_To_Cortex.py took 0.262 seconds
[2026-03-10T14:14:58.193+0000] {processor.py:161} INFO - Started process (PID=499884) to work on /home/cloud/codings/airflow/dags/4_dag_PUSH_Updated_YML_To_Cortex.py
[2026-03-10T14:14:58.211+0000] {processor.py:830} INFO - Processing file /home/cloud/codings/airflow/dags/4_dag_PUSH_Updated_YML_To_Cortex.py for tasks to queue
[2026-03-10T14:14:58.213+0000] {logging_mixin.py:188} INFO - [2026-03-10T14:14:58.212+0000] {dagbag.py:545} INFO - Filling up the DagBag from /home/cloud/codings/airflow/dags/4_dag_PUSH_Updated_YML_To_Cortex.py
[2026-03-10T14:14:58.257+0000] {processor.py:840} INFO - DAG(s) '4_dag_PUSH_Updated_YML_To_Cortex' retrieved from /home/cloud/codings/airflow/dags/4_dag_PUSH_Updated_YML_To_Cortex.py
[2026-03-10T14:14:58.283+0000] {logging_mixin.py:188} INFO - [2026-03-10T14:14:58.282+0000] {dag.py:3089} INFO - Sync 1 DAGs
[2026-03-10T14:14:58.307+0000] {logging_mixin.py:188} INFO - [2026-03-10T14:14:58.306+0000] {dag.py:3947} INFO - Setting next_dagrun for 4_dag_PUSH_Updated_YML_To_Cortex to None, run_after=None
[2026-03-10T14:14:58.370+0000] {processor.py:183} INFO - Processing /home/cloud/codings/airflow/dags/4_dag_PUSH_Updated_YML_To_Cortex.py took 0.188 seconds
[2026-03-10T14:15:28.830+0000] {processor.py:161} INFO - Started process (PID=499953) to work on /home/cloud/codings/airflow/dags/4_dag_PUSH_Updated_YML_To_Cortex.py
[2026-03-10T14:15:28.850+0000] {processor.py:830} INFO - Processing file /home/cloud/codings/airflow/dags/4_dag_PUSH_Updated_YML_To_Cortex.py for tasks to queue
[2026-03-10T14:15:28.852+0000] {logging_mixin.py:188} INFO - [2026-03-10T14:15:28.851+0000] {dagbag.py:545} INFO - Filling up the DagBag from /home/cloud/codings/airflow/dags/4_dag_PUSH_Updated_YML_To_Cortex.py
[2026-03-10T14:15:28.893+0000] {processor.py:840} INFO - DAG(s) '4_dag_PUSH_Updated_YML_To_Cortex' retrieved from /home/cloud/codings/airflow/dags/4_dag_PUSH_Updated_YML_To_Cortex.py
[2026-03-10T14:15:28.918+0000] {logging_mixin.py:188} INFO - [2026-03-10T14:15:28.918+0000] {dag.py:3089} INFO - Sync 1 DAGs
[2026-03-10T14:15:28.936+0000] {logging_mixin.py:188} INFO - [2026-03-10T14:15:28.936+0000] {dag.py:3947} INFO - Setting next_dagrun for 4_dag_PUSH_Updated_YML_To_Cortex to None, run_after=None
[2026-03-10T14:15:28.964+0000] {processor.py:183} INFO - Processing /home/cloud/codings/airflow/dags/4_dag_PUSH_Updated_YML_To_Cortex.py took 0.145 seconds
[2026-03-10T14:15:59.417+0000] {processor.py:161} INFO - Started process (PID=500149) to work on /home/cloud/codings/airflow/dags/4_dag_PUSH_Updated_YML_To_Cortex.py
[2026-03-10T14:15:59.439+0000] {processor.py:830} INFO - Processing file /home/cloud/codings/airflow/dags/4_dag_PUSH_Updated_YML_To_Cortex.py for tasks to queue
[2026-03-10T14:15:59.443+0000] {logging_mixin.py:188} INFO - [2026-03-10T14:15:59.441+0000] {dagbag.py:545} INFO - Filling up the DagBag from /home/cloud/codings/airflow/dags/4_dag_PUSH_Updated_YML_To_Cortex.py
[2026-03-10T14:15:59.515+0000] {processor.py:840} INFO - DAG(s) '4_dag_PUSH_Updated_YML_To_Cortex' retrieved from /home/cloud/codings/airflow/dags/4_dag_PUSH_Updated_YML_To_Cortex.py
[2026-03-10T14:15:59.550+0000] {logging_mixin.py:188} INFO - [2026-03-10T14:15:59.550+0000] {dag.py:3089} INFO - Sync 1 DAGs
[2026-03-10T14:15:59.574+0000] {logging_mixin.py:188} INFO - [2026-03-10T14:15:59.574+0000] {dag.py:3947} INFO - Setting next_dagrun for 4_dag_PUSH_Updated_YML_To_Cortex to None, run_after=None
[2026-03-10T14:15:59.615+0000] {processor.py:183} INFO - Processing /home/cloud/codings/airflow/dags/4_dag_PUSH_Updated_YML_To_Cortex.py took 0.221 seconds
[2026-03-10T14:16:30.065+0000] {processor.py:161} INFO - Started process (PID=500216) to work on /home/cloud/codings/airflow/dags/4_dag_PUSH_Updated_YML_To_Cortex.py
[2026-03-10T14:16:30.086+0000] {processor.py:830} INFO - Processing file /home/cloud/codings/airflow/dags/4_dag_PUSH_Updated_YML_To_Cortex.py for tasks to queue
[2026-03-10T14:16:30.089+0000] {logging_mixin.py:188} INFO - [2026-03-10T14:16:30.088+0000] {dagbag.py:545} INFO - Filling up the DagBag from /home/cloud/codings/airflow/dags/4_dag_PUSH_Updated_YML_To_Cortex.py
[2026-03-10T14:16:30.163+0000] {processor.py:840} INFO - DAG(s) '4_dag_PUSH_Updated_YML_To_Cortex' retrieved from /home/cloud/codings/airflow/dags/4_dag_PUSH_Updated_YML_To_Cortex.py
[2026-03-10T14:16:30.198+0000] {logging_mixin.py:188} INFO - [2026-03-10T14:16:30.198+0000] {dag.py:3089} INFO - Sync 1 DAGs
[2026-03-10T14:16:30.228+0000] {logging_mixin.py:188} INFO - [2026-03-10T14:16:30.227+0000] {dag.py:3947} INFO - Setting next_dagrun for 4_dag_PUSH_Updated_YML_To_Cortex to None, run_after=None
[2026-03-10T14:16:30.286+0000] {processor.py:183} INFO - Processing /home/cloud/codings/airflow/dags/4_dag_PUSH_Updated_YML_To_Cortex.py took 0.247 seconds
[2026-03-10T14:17:00.407+0000] {processor.py:161} INFO - Started process (PID=500343) to work on /home/cloud/codings/airflow/dags/4_dag_PUSH_Updated_YML_To_Cortex.py
[2026-03-10T14:17:00.429+0000] {processor.py:830} INFO - Processing file /home/cloud/codings/airflow/dags/4_dag_PUSH_Updated_YML_To_Cortex.py for tasks to queue
[2026-03-10T14:17:00.430+0000] {logging_mixin.py:188} INFO - [2026-03-10T14:17:00.429+0000] {dagbag.py:545} INFO - Filling up the DagBag from /home/cloud/codings/airflow/dags/4_dag_PUSH_Updated_YML_To_Cortex.py
[2026-03-10T14:17:00.458+0000] {processor.py:840} INFO - DAG(s) '4_dag_PUSH_Updated_YML_To_Cortex' retrieved from /home/cloud/codings/airflow/dags/4_dag_PUSH_Updated_YML_To_Cortex.py
[2026-03-10T14:17:00.475+0000] {logging_mixin.py:188} INFO - [2026-03-10T14:17:00.474+0000] {dag.py:3089} INFO - Sync 1 DAGs
[2026-03-10T14:17:00.489+0000] {logging_mixin.py:188} INFO - [2026-03-10T14:17:00.489+0000] {dag.py:3947} INFO - Setting next_dagrun for 4_dag_PUSH_Updated_YML_To_Cortex to None, run_after=None
[2026-03-10T14:17:00.523+0000] {processor.py:183} INFO - Processing /home/cloud/codings/airflow/dags/4_dag_PUSH_Updated_YML_To_Cortex.py took 0.129 seconds
[2026-03-10T14:17:31.228+0000] {processor.py:161} INFO - Started process (PID=500421) to work on /home/cloud/codings/airflow/dags/4_dag_PUSH_Updated_YML_To_Cortex.py
[2026-03-10T14:17:31.231+0000] {processor.py:830} INFO - Processing file /home/cloud/codings/airflow/dags/4_dag_PUSH_Updated_YML_To_Cortex.py for tasks to queue
[2026-03-10T14:17:31.233+0000] {logging_mixin.py:188} INFO - [2026-03-10T14:17:31.232+0000] {dagbag.py:545} INFO - Filling up the DagBag from /home/cloud/codings/airflow/dags/4_dag_PUSH_Updated_YML_To_Cortex.py
[2026-03-10T14:17:31.281+0000] {processor.py:840} INFO - DAG(s) '4_dag_PUSH_Updated_YML_To_Cortex' retrieved from /home/cloud/codings/airflow/dags/4_dag_PUSH_Updated_YML_To_Cortex.py
[2026-03-10T14:17:31.308+0000] {logging_mixin.py:188} INFO - [2026-03-10T14:17:31.308+0000] {dag.py:3089} INFO - Sync 1 DAGs
[2026-03-10T14:17:31.331+0000] {logging_mixin.py:188} INFO - [2026-03-10T14:17:31.330+0000] {dag.py:3947} INFO - Setting next_dagrun for 4_dag_PUSH_Updated_YML_To_Cortex to None, run_after=None
[2026-03-10T14:17:31.381+0000] {processor.py:183} INFO - Processing /home/cloud/codings/airflow/dags/4_dag_PUSH_Updated_YML_To_Cortex.py took 0.169 seconds
[2026-03-10T14:18:01.878+0000] {processor.py:161} INFO - Started process (PID=500547) to work on /home/cloud/codings/airflow/dags/4_dag_PUSH_Updated_YML_To_Cortex.py
[2026-03-10T14:18:01.883+0000] {processor.py:830} INFO - Processing file /home/cloud/codings/airflow/dags/4_dag_PUSH_Updated_YML_To_Cortex.py for tasks to queue
[2026-03-10T14:18:01.887+0000] {logging_mixin.py:188} INFO - [2026-03-10T14:18:01.885+0000] {dagbag.py:545} INFO - Filling up the DagBag from /home/cloud/codings/airflow/dags/4_dag_PUSH_Updated_YML_To_Cortex.py
[2026-03-10T14:18:01.979+0000] {processor.py:840} INFO - DAG(s) '4_dag_PUSH_Updated_YML_To_Cortex' retrieved from /home/cloud/codings/airflow/dags/4_dag_PUSH_Updated_YML_To_Cortex.py
[2026-03-10T14:18:02.039+0000] {logging_mixin.py:188} INFO - [2026-03-10T14:18:02.038+0000] {dag.py:3089} INFO - Sync 1 DAGs
[2026-03-10T14:18:02.092+0000] {logging_mixin.py:188} INFO - [2026-03-10T14:18:02.091+0000] {dag.py:3947} INFO - Setting next_dagrun for 4_dag_PUSH_Updated_YML_To_Cortex to None, run_after=None
[2026-03-10T14:18:02.180+0000] {processor.py:183} INFO - Processing /home/cloud/codings/airflow/dags/4_dag_PUSH_Updated_YML_To_Cortex.py took 0.330 seconds
[2026-03-10T14:18:32.317+0000] {processor.py:161} INFO - Started process (PID=500616) to work on /home/cloud/codings/airflow/dags/4_dag_PUSH_Updated_YML_To_Cortex.py
[2026-03-10T14:18:32.336+0000] {processor.py:830} INFO - Processing file /home/cloud/codings/airflow/dags/4_dag_PUSH_Updated_YML_To_Cortex.py for tasks to queue
[2026-03-10T14:18:32.338+0000] {logging_mixin.py:188} INFO - [2026-03-10T14:18:32.337+0000] {dagbag.py:545} INFO - Filling up the DagBag from /home/cloud/codings/airflow/dags/4_dag_PUSH_Updated_YML_To_Cortex.py
[2026-03-10T14:18:32.389+0000] {processor.py:840} INFO - DAG(s) '4_dag_PUSH_Updated_YML_To_Cortex' retrieved from /home/cloud/codings/airflow/dags/4_dag_PUSH_Updated_YML_To_Cortex.py
[2026-03-10T14:18:32.419+0000] {logging_mixin.py:188} INFO - [2026-03-10T14:18:32.418+0000] {dag.py:3089} INFO - Sync 1 DAGs
[2026-03-10T14:18:32.443+0000] {logging_mixin.py:188} INFO - [2026-03-10T14:18:32.442+0000] {dag.py:3947} INFO - Setting next_dagrun for 4_dag_PUSH_Updated_YML_To_Cortex to None, run_after=None
[2026-03-10T14:18:32.492+0000] {processor.py:183} INFO - Processing /home/cloud/codings/airflow/dags/4_dag_PUSH_Updated_YML_To_Cortex.py took 0.199 seconds
[2026-03-10T14:19:03.184+0000] {processor.py:161} INFO - Started process (PID=500747) to work on /home/cloud/codings/airflow/dags/4_dag_PUSH_Updated_YML_To_Cortex.py
[2026-03-10T14:19:03.203+0000] {processor.py:830} INFO - Processing file /home/cloud/codings/airflow/dags/4_dag_PUSH_Updated_YML_To_Cortex.py for tasks to queue
[2026-03-10T14:19:03.206+0000] {logging_mixin.py:188} INFO - [2026-03-10T14:19:03.204+0000] {dagbag.py:545} INFO - Filling up the DagBag from /home/cloud/codings/airflow/dags/4_dag_PUSH_Updated_YML_To_Cortex.py
[2026-03-10T14:19:03.269+0000] {processor.py:840} INFO - DAG(s) '4_dag_PUSH_Updated_YML_To_Cortex' retrieved from /home/cloud/codings/airflow/dags/4_dag_PUSH_Updated_YML_To_Cortex.py
[2026-03-10T14:19:03.304+0000] {logging_mixin.py:188} INFO - [2026-03-10T14:19:03.303+0000] {dag.py:3089} INFO - Sync 1 DAGs
[2026-03-10T14:19:03.327+0000] {logging_mixin.py:188} INFO - [2026-03-10T14:19:03.326+0000] {dag.py:3947} INFO - Setting next_dagrun for 4_dag_PUSH_Updated_YML_To_Cortex to None, run_after=None
[2026-03-10T14:19:03.386+0000] {processor.py:183} INFO - Processing /home/cloud/codings/airflow/dags/4_dag_PUSH_Updated_YML_To_Cortex.py took 0.219 seconds
[2026-03-10T14:19:33.823+0000] {processor.py:161} INFO - Started process (PID=500816) to work on /home/cloud/codings/airflow/dags/4_dag_PUSH_Updated_YML_To_Cortex.py
[2026-03-10T14:19:33.846+0000] {processor.py:830} INFO - Processing file /home/cloud/codings/airflow/dags/4_dag_PUSH_Updated_YML_To_Cortex.py for tasks to queue
[2026-03-10T14:19:33.850+0000] {logging_mixin.py:188} INFO - [2026-03-10T14:19:33.848+0000] {dagbag.py:545} INFO - Filling up the DagBag from /home/cloud/codings/airflow/dags/4_dag_PUSH_Updated_YML_To_Cortex.py
[2026-03-10T14:19:33.940+0000] {processor.py:840} INFO - DAG(s) '4_dag_PUSH_Updated_YML_To_Cortex' retrieved from /home/cloud/codings/airflow/dags/4_dag_PUSH_Updated_YML_To_Cortex.py
[2026-03-10T14:19:33.985+0000] {logging_mixin.py:188} INFO - [2026-03-10T14:19:33.983+0000] {dag.py:3089} INFO - Sync 1 DAGs
[2026-03-10T14:19:34.007+0000] {logging_mixin.py:188} INFO - [2026-03-10T14:19:34.007+0000] {dag.py:3947} INFO - Setting next_dagrun for 4_dag_PUSH_Updated_YML_To_Cortex to None, run_after=None
[2026-03-10T14:19:34.035+0000] {processor.py:183} INFO - Processing /home/cloud/codings/airflow/dags/4_dag_PUSH_Updated_YML_To_Cortex.py took 0.236 seconds
[2026-03-10T14:20:04.670+0000] {processor.py:161} INFO - Started process (PID=500949) to work on /home/cloud/codings/airflow/dags/4_dag_PUSH_Updated_YML_To_Cortex.py
[2026-03-10T14:20:04.675+0000] {processor.py:830} INFO - Processing file /home/cloud/codings/airflow/dags/4_dag_PUSH_Updated_YML_To_Cortex.py for tasks to queue
[2026-03-10T14:20:04.679+0000] {logging_mixin.py:188} INFO - [2026-03-10T14:20:04.677+0000] {dagbag.py:545} INFO - Filling up the DagBag from /home/cloud/codings/airflow/dags/4_dag_PUSH_Updated_YML_To_Cortex.py
[2026-03-10T14:20:04.747+0000] {processor.py:840} INFO - DAG(s) '4_dag_PUSH_Updated_YML_To_Cortex' retrieved from /home/cloud/codings/airflow/dags/4_dag_PUSH_Updated_YML_To_Cortex.py
[2026-03-10T14:20:04.776+0000] {logging_mixin.py:188} INFO - [2026-03-10T14:20:04.775+0000] {dag.py:3089} INFO - Sync 1 DAGs
[2026-03-10T14:20:04.799+0000] {logging_mixin.py:188} INFO - [2026-03-10T14:20:04.799+0000] {dag.py:3947} INFO - Setting next_dagrun for 4_dag_PUSH_Updated_YML_To_Cortex to None, run_after=None
[2026-03-10T14:20:04.862+0000] {processor.py:183} INFO - Processing /home/cloud/codings/airflow/dags/4_dag_PUSH_Updated_YML_To_Cortex.py took 0.217 seconds
[2026-03-10T14:20:35.039+0000] {processor.py:161} INFO - Started process (PID=501016) to work on /home/cloud/codings/airflow/dags/4_dag_PUSH_Updated_YML_To_Cortex.py
[2026-03-10T14:20:35.042+0000] {processor.py:830} INFO - Processing file /home/cloud/codings/airflow/dags/4_dag_PUSH_Updated_YML_To_Cortex.py for tasks to queue
[2026-03-10T14:20:35.044+0000] {logging_mixin.py:188} INFO - [2026-03-10T14:20:35.043+0000] {dagbag.py:545} INFO - Filling up the DagBag from /home/cloud/codings/airflow/dags/4_dag_PUSH_Updated_YML_To_Cortex.py
[2026-03-10T14:20:35.082+0000] {processor.py:840} INFO - DAG(s) '4_dag_PUSH_Updated_YML_To_Cortex' retrieved from /home/cloud/codings/airflow/dags/4_dag_PUSH_Updated_YML_To_Cortex.py
[2026-03-10T14:20:35.097+0000] {logging_mixin.py:188} INFO - [2026-03-10T14:20:35.096+0000] {dag.py:3089} INFO - Sync 1 DAGs
[2026-03-10T14:20:35.109+0000] {logging_mixin.py:188} INFO - [2026-03-10T14:20:35.109+0000] {dag.py:3947} INFO - Setting next_dagrun for 4_dag_PUSH_Updated_YML_To_Cortex to None, run_after=None
[2026-03-10T14:20:35.135+0000] {processor.py:183} INFO - Processing /home/cloud/codings/airflow/dags/4_dag_PUSH_Updated_YML_To_Cortex.py took 0.108 seconds
[2026-03-10T14:21:05.995+0000] {processor.py:161} INFO - Started process (PID=501209) to work on /home/cloud/codings/airflow/dags/4_dag_PUSH_Updated_YML_To_Cortex.py
[2026-03-10T14:21:06.014+0000] {processor.py:830} INFO - Processing file /home/cloud/codings/airflow/dags/4_dag_PUSH_Updated_YML_To_Cortex.py for tasks to queue
[2026-03-10T14:21:06.017+0000] {logging_mixin.py:188} INFO - [2026-03-10T14:21:06.016+0000] {dagbag.py:545} INFO - Filling up the DagBag from /home/cloud/codings/airflow/dags/4_dag_PUSH_Updated_YML_To_Cortex.py
[2026-03-10T14:21:06.073+0000] {processor.py:840} INFO - DAG(s) '4_dag_PUSH_Updated_YML_To_Cortex' retrieved from /home/cloud/codings/airflow/dags/4_dag_PUSH_Updated_YML_To_Cortex.py
[2026-03-10T14:21:06.107+0000] {logging_mixin.py:188} INFO - [2026-03-10T14:21:06.107+0000] {dag.py:3089} INFO - Sync 1 DAGs
[2026-03-10T14:21:06.132+0000] {logging_mixin.py:188} INFO - [2026-03-10T14:21:06.132+0000] {dag.py:3947} INFO - Setting next_dagrun for 4_dag_PUSH_Updated_YML_To_Cortex to None, run_after=None
[2026-03-10T14:21:06.176+0000] {processor.py:183} INFO - Processing /home/cloud/codings/airflow/dags/4_dag_PUSH_Updated_YML_To_Cortex.py took 0.208 seconds
[2026-03-10T14:21:36.667+0000] {processor.py:161} INFO - Started process (PID=501278) to work on /home/cloud/codings/airflow/dags/4_dag_PUSH_Updated_YML_To_Cortex.py
[2026-03-10T14:21:36.686+0000] {processor.py:830} INFO - Processing file /home/cloud/codings/airflow/dags/4_dag_PUSH_Updated_YML_To_Cortex.py for tasks to queue
[2026-03-10T14:21:36.688+0000] {logging_mixin.py:188} INFO - [2026-03-10T14:21:36.687+0000] {dagbag.py:545} INFO - Filling up the DagBag from /home/cloud/codings/airflow/dags/4_dag_PUSH_Updated_YML_To_Cortex.py
[2026-03-10T14:21:36.743+0000] {processor.py:840} INFO - DAG(s) '4_dag_PUSH_Updated_YML_To_Cortex' retrieved from /home/cloud/codings/airflow/dags/4_dag_PUSH_Updated_YML_To_Cortex.py
[2026-03-10T14:21:36.767+0000] {logging_mixin.py:188} INFO - [2026-03-10T14:21:36.766+0000] {dag.py:3089} INFO - Sync 1 DAGs
[2026-03-10T14:21:36.786+0000] {logging_mixin.py:188} INFO - [2026-03-10T14:21:36.786+0000] {dag.py:3947} INFO - Setting next_dagrun for 4_dag_PUSH_Updated_YML_To_Cortex to None, run_after=None
[2026-03-10T14:21:36.839+0000] {processor.py:183} INFO - Processing /home/cloud/codings/airflow/dags/4_dag_PUSH_Updated_YML_To_Cortex.py took 0.194 seconds
[2026-03-10T14:22:07.425+0000] {processor.py:161} INFO - Started process (PID=501408) to work on /home/cloud/codings/airflow/dags/4_dag_PUSH_Updated_YML_To_Cortex.py
[2026-03-10T14:22:07.428+0000] {processor.py:830} INFO - Processing file /home/cloud/codings/airflow/dags/4_dag_PUSH_Updated_YML_To_Cortex.py for tasks to queue
[2026-03-10T14:22:07.430+0000] {logging_mixin.py:188} INFO - [2026-03-10T14:22:07.429+0000] {dagbag.py:545} INFO - Filling up the DagBag from /home/cloud/codings/airflow/dags/4_dag_PUSH_Updated_YML_To_Cortex.py
[2026-03-10T14:22:07.466+0000] {processor.py:840} INFO - DAG(s) '4_dag_PUSH_Updated_YML_To_Cortex' retrieved from /home/cloud/codings/airflow/dags/4_dag_PUSH_Updated_YML_To_Cortex.py
[2026-03-10T14:22:07.486+0000] {logging_mixin.py:188} INFO - [2026-03-10T14:22:07.486+0000] {dag.py:3089} INFO - Sync 1 DAGs
[2026-03-10T14:22:07.498+0000] {logging_mixin.py:188} INFO - [2026-03-10T14:22:07.498+0000] {dag.py:3947} INFO - Setting next_dagrun for 4_dag_PUSH_Updated_YML_To_Cortex to None, run_after=None
[2026-03-10T14:22:07.525+0000] {processor.py:183} INFO - Processing /home/cloud/codings/airflow/dags/4_dag_PUSH_Updated_YML_To_Cortex.py took 0.109 seconds
[2026-03-10T14:22:38.058+0000] {processor.py:161} INFO - Started process (PID=501478) to work on /home/cloud/codings/airflow/dags/4_dag_PUSH_Updated_YML_To_Cortex.py
[2026-03-10T14:22:38.063+0000] {processor.py:830} INFO - Processing file /home/cloud/codings/airflow/dags/4_dag_PUSH_Updated_YML_To_Cortex.py for tasks to queue
[2026-03-10T14:22:38.067+0000] {logging_mixin.py:188} INFO - [2026-03-10T14:22:38.065+0000] {dagbag.py:545} INFO - Filling up the DagBag from /home/cloud/codings/airflow/dags/4_dag_PUSH_Updated_YML_To_Cortex.py
[2026-03-10T14:22:38.153+0000] {processor.py:840} INFO - DAG(s) '4_dag_PUSH_Updated_YML_To_Cortex' retrieved from /home/cloud/codings/airflow/dags/4_dag_PUSH_Updated_YML_To_Cortex.py
[2026-03-10T14:22:38.191+0000] {logging_mixin.py:188} INFO - [2026-03-10T14:22:38.190+0000] {dag.py:3089} INFO - Sync 1 DAGs
[2026-03-10T14:22:38.226+0000] {logging_mixin.py:188} INFO - [2026-03-10T14:22:38.225+0000] {dag.py:3947} INFO - Setting next_dagrun for 4_dag_PUSH_Updated_YML_To_Cortex to None, run_after=None
[2026-03-10T14:22:38.286+0000] {processor.py:183} INFO - Processing /home/cloud/codings/airflow/dags/4_dag_PUSH_Updated_YML_To_Cortex.py took 0.251 seconds
[2026-03-10T14:23:08.697+0000] {processor.py:161} INFO - Started process (PID=501604) to work on /home/cloud/codings/airflow/dags/4_dag_PUSH_Updated_YML_To_Cortex.py
[2026-03-10T14:23:08.717+0000] {processor.py:830} INFO - Processing file /home/cloud/codings/airflow/dags/4_dag_PUSH_Updated_YML_To_Cortex.py for tasks to queue
[2026-03-10T14:23:08.720+0000] {logging_mixin.py:188} INFO - [2026-03-10T14:23:08.719+0000] {dagbag.py:545} INFO - Filling up the DagBag from /home/cloud/codings/airflow/dags/4_dag_PUSH_Updated_YML_To_Cortex.py
[2026-03-10T14:23:08.768+0000] {processor.py:840} INFO - DAG(s) '4_dag_PUSH_Updated_YML_To_Cortex' retrieved from /home/cloud/codings/airflow/dags/4_dag_PUSH_Updated_YML_To_Cortex.py
[2026-03-10T14:23:08.801+0000] {logging_mixin.py:188} INFO - [2026-03-10T14:23:08.800+0000] {dag.py:3089} INFO - Sync 1 DAGs
[2026-03-10T14:23:08.830+0000] {logging_mixin.py:188} INFO - [2026-03-10T14:23:08.829+0000] {dag.py:3947} INFO - Setting next_dagrun for 4_dag_PUSH_Updated_YML_To_Cortex to None, run_after=None
[2026-03-10T14:23:08.898+0000] {processor.py:183} INFO - Processing /home/cloud/codings/airflow/dags/4_dag_PUSH_Updated_YML_To_Cortex.py took 0.213 seconds
[2026-03-10T14:23:39.318+0000] {processor.py:161} INFO - Started process (PID=501679) to work on /home/cloud/codings/airflow/dags/4_dag_PUSH_Updated_YML_To_Cortex.py
[2026-03-10T14:23:39.323+0000] {processor.py:830} INFO - Processing file /home/cloud/codings/airflow/dags/4_dag_PUSH_Updated_YML_To_Cortex.py for tasks to queue
[2026-03-10T14:23:39.324+0000] {logging_mixin.py:188} INFO - [2026-03-10T14:23:39.323+0000] {dagbag.py:545} INFO - Filling up the DagBag from /home/cloud/codings/airflow/dags/4_dag_PUSH_Updated_YML_To_Cortex.py
[2026-03-10T14:23:39.343+0000] {processor.py:840} INFO - DAG(s) '4_dag_PUSH_Updated_YML_To_Cortex' retrieved from /home/cloud/codings/airflow/dags/4_dag_PUSH_Updated_YML_To_Cortex.py
[2026-03-10T14:23:39.356+0000] {logging_mixin.py:188} INFO - [2026-03-10T14:23:39.355+0000] {dag.py:3089} INFO - Sync 1 DAGs
[2026-03-10T14:23:39.366+0000] {logging_mixin.py:188} INFO - [2026-03-10T14:23:39.366+0000] {dag.py:3947} INFO - Setting next_dagrun for 4_dag_PUSH_Updated_YML_To_Cortex to None, run_after=None
[2026-03-10T14:23:39.389+0000] {processor.py:183} INFO - Processing /home/cloud/codings/airflow/dags/4_dag_PUSH_Updated_YML_To_Cortex.py took 0.075 seconds
[2026-03-10T14:24:09.608+0000] {processor.py:161} INFO - Started process (PID=501817) to work on /home/cloud/codings/airflow/dags/4_dag_PUSH_Updated_YML_To_Cortex.py
[2026-03-10T14:24:09.610+0000] {processor.py:830} INFO - Processing file /home/cloud/codings/airflow/dags/4_dag_PUSH_Updated_YML_To_Cortex.py for tasks to queue
[2026-03-10T14:24:09.611+0000] {logging_mixin.py:188} INFO - [2026-03-10T14:24:09.610+0000] {dagbag.py:545} INFO - Filling up the DagBag from /home/cloud/codings/airflow/dags/4_dag_PUSH_Updated_YML_To_Cortex.py
[2026-03-10T14:24:09.629+0000] {processor.py:840} INFO - DAG(s) '4_dag_PUSH_Updated_YML_To_Cortex' retrieved from /home/cloud/codings/airflow/dags/4_dag_PUSH_Updated_YML_To_Cortex.py
[2026-03-10T14:24:09.640+0000] {logging_mixin.py:188} INFO - [2026-03-10T14:24:09.640+0000] {dag.py:3089} INFO - Sync 1 DAGs
[2026-03-10T14:24:09.650+0000] {logging_mixin.py:188} INFO - [2026-03-10T14:24:09.650+0000] {dag.py:3947} INFO - Setting next_dagrun for 4_dag_PUSH_Updated_YML_To_Cortex to None, run_after=None
[2026-03-10T14:24:09.671+0000] {processor.py:183} INFO - Processing /home/cloud/codings/airflow/dags/4_dag_PUSH_Updated_YML_To_Cortex.py took 0.069 seconds
[2026-03-10T14:24:39.928+0000] {processor.py:161} INFO - Started process (PID=501886) to work on /home/cloud/codings/airflow/dags/4_dag_PUSH_Updated_YML_To_Cortex.py
[2026-03-10T14:24:39.930+0000] {processor.py:830} INFO - Processing file /home/cloud/codings/airflow/dags/4_dag_PUSH_Updated_YML_To_Cortex.py for tasks to queue
[2026-03-10T14:24:39.933+0000] {logging_mixin.py:188} INFO - [2026-03-10T14:24:39.932+0000] {dagbag.py:545} INFO - Filling up the DagBag from /home/cloud/codings/airflow/dags/4_dag_PUSH_Updated_YML_To_Cortex.py
[2026-03-10T14:24:39.983+0000] {processor.py:840} INFO - DAG(s) '4_dag_PUSH_Updated_YML_To_Cortex' retrieved from /home/cloud/codings/airflow/dags/4_dag_PUSH_Updated_YML_To_Cortex.py
[2026-03-10T14:24:40.000+0000] {logging_mixin.py:188} INFO - [2026-03-10T14:24:39.999+0000] {dag.py:3089} INFO - Sync 1 DAGs
[2026-03-10T14:24:40.011+0000] {logging_mixin.py:188} INFO - [2026-03-10T14:24:40.010+0000] {dag.py:3947} INFO - Setting next_dagrun for 4_dag_PUSH_Updated_YML_To_Cortex to None, run_after=None
[2026-03-10T14:24:40.031+0000] {processor.py:183} INFO - Processing /home/cloud/codings/airflow/dags/4_dag_PUSH_Updated_YML_To_Cortex.py took 0.117 seconds
[2026-03-10T14:25:10.336+0000] {processor.py:161} INFO - Started process (PID=502019) to work on /home/cloud/codings/airflow/dags/4_dag_PUSH_Updated_YML_To_Cortex.py
[2026-03-10T14:25:10.338+0000] {processor.py:830} INFO - Processing file /home/cloud/codings/airflow/dags/4_dag_PUSH_Updated_YML_To_Cortex.py for tasks to queue
[2026-03-10T14:25:10.338+0000] {logging_mixin.py:188} INFO - [2026-03-10T14:25:10.338+0000] {dagbag.py:545} INFO - Filling up the DagBag from /home/cloud/codings/airflow/dags/4_dag_PUSH_Updated_YML_To_Cortex.py
[2026-03-10T14:25:10.357+0000] {processor.py:840} INFO - DAG(s) '4_dag_PUSH_Updated_YML_To_Cortex' retrieved from /home/cloud/codings/airflow/dags/4_dag_PUSH_Updated_YML_To_Cortex.py
[2026-03-10T14:25:10.369+0000] {logging_mixin.py:188} INFO - [2026-03-10T14:25:10.369+0000] {dag.py:3089} INFO - Sync 1 DAGs
[2026-03-10T14:25:10.379+0000] {logging_mixin.py:188} INFO - [2026-03-10T14:25:10.379+0000] {dag.py:3947} INFO - Setting next_dagrun for 4_dag_PUSH_Updated_YML_To_Cortex to None, run_after=None
[2026-03-10T14:25:10.403+0000] {processor.py:183} INFO - Processing /home/cloud/codings/airflow/dags/4_dag_PUSH_Updated_YML_To_Cortex.py took 0.078 seconds
[2026-03-10T14:25:40.647+0000] {processor.py:161} INFO - Started process (PID=502156) to work on /home/cloud/codings/airflow/dags/4_dag_PUSH_Updated_YML_To_Cortex.py
[2026-03-10T14:25:40.653+0000] {processor.py:830} INFO - Processing file /home/cloud/codings/airflow/dags/4_dag_PUSH_Updated_YML_To_Cortex.py for tasks to queue
[2026-03-10T14:25:40.655+0000] {logging_mixin.py:188} INFO - [2026-03-10T14:25:40.654+0000] {dagbag.py:545} INFO - Filling up the DagBag from /home/cloud/codings/airflow/dags/4_dag_PUSH_Updated_YML_To_Cortex.py
[2026-03-10T14:25:40.699+0000] {processor.py:840} INFO - DAG(s) '4_dag_PUSH_Updated_YML_To_Cortex' retrieved from /home/cloud/codings/airflow/dags/4_dag_PUSH_Updated_YML_To_Cortex.py
[2026-03-10T14:25:40.714+0000] {logging_mixin.py:188} INFO - [2026-03-10T14:25:40.714+0000] {dag.py:3089} INFO - Sync 1 DAGs
[2026-03-10T14:25:40.724+0000] {logging_mixin.py:188} INFO - [2026-03-10T14:25:40.723+0000] {dag.py:3947} INFO - Setting next_dagrun for 4_dag_PUSH_Updated_YML_To_Cortex to None, run_after=None
[2026-03-10T14:25:40.744+0000] {processor.py:183} INFO - Processing /home/cloud/codings/airflow/dags/4_dag_PUSH_Updated_YML_To_Cortex.py took 0.114 seconds
[2026-03-10T14:26:11.038+0000] {processor.py:161} INFO - Started process (PID=502284) to work on /home/cloud/codings/airflow/dags/4_dag_PUSH_Updated_YML_To_Cortex.py
[2026-03-10T14:26:11.043+0000] {processor.py:830} INFO - Processing file /home/cloud/codings/airflow/dags/4_dag_PUSH_Updated_YML_To_Cortex.py for tasks to queue
[2026-03-10T14:26:11.043+0000] {logging_mixin.py:188} INFO - [2026-03-10T14:26:11.043+0000] {dagbag.py:545} INFO - Filling up the DagBag from /home/cloud/codings/airflow/dags/4_dag_PUSH_Updated_YML_To_Cortex.py
[2026-03-10T14:26:11.068+0000] {processor.py:840} INFO - DAG(s) '4_dag_PUSH_Updated_YML_To_Cortex' retrieved from /home/cloud/codings/airflow/dags/4_dag_PUSH_Updated_YML_To_Cortex.py
[2026-03-10T14:26:11.081+0000] {logging_mixin.py:188} INFO - [2026-03-10T14:26:11.081+0000] {dag.py:3089} INFO - Sync 1 DAGs
[2026-03-10T14:26:11.093+0000] {logging_mixin.py:188} INFO - [2026-03-10T14:26:11.093+0000] {dag.py:3947} INFO - Setting next_dagrun for 4_dag_PUSH_Updated_YML_To_Cortex to None, run_after=None
[2026-03-10T14:26:11.117+0000] {processor.py:183} INFO - Processing /home/cloud/codings/airflow/dags/4_dag_PUSH_Updated_YML_To_Cortex.py took 0.086 seconds
[2026-03-10T14:26:41.331+0000] {processor.py:161} INFO - Started process (PID=502356) to work on /home/cloud/codings/airflow/dags/4_dag_PUSH_Updated_YML_To_Cortex.py
[2026-03-10T14:26:41.332+0000] {processor.py:830} INFO - Processing file /home/cloud/codings/airflow/dags/4_dag_PUSH_Updated_YML_To_Cortex.py for tasks to queue
[2026-03-10T14:26:41.333+0000] {logging_mixin.py:188} INFO - [2026-03-10T14:26:41.333+0000] {dagbag.py:545} INFO - Filling up the DagBag from /home/cloud/codings/airflow/dags/4_dag_PUSH_Updated_YML_To_Cortex.py
[2026-03-10T14:26:41.351+0000] {processor.py:840} INFO - DAG(s) '4_dag_PUSH_Updated_YML_To_Cortex' retrieved from /home/cloud/codings/airflow/dags/4_dag_PUSH_Updated_YML_To_Cortex.py
[2026-03-10T14:26:41.363+0000] {logging_mixin.py:188} INFO - [2026-03-10T14:26:41.363+0000] {dag.py:3089} INFO - Sync 1 DAGs
[2026-03-10T14:26:41.372+0000] {logging_mixin.py:188} INFO - [2026-03-10T14:26:41.372+0000] {dag.py:3947} INFO - Setting next_dagrun for 4_dag_PUSH_Updated_YML_To_Cortex to None, run_after=None
[2026-03-10T14:26:41.394+0000] {processor.py:183} INFO - Processing /home/cloud/codings/airflow/dags/4_dag_PUSH_Updated_YML_To_Cortex.py took 0.068 seconds
[2026-03-10T14:27:11.661+0000] {processor.py:161} INFO - Started process (PID=502489) to work on /home/cloud/codings/airflow/dags/4_dag_PUSH_Updated_YML_To_Cortex.py
[2026-03-10T14:27:11.669+0000] {processor.py:830} INFO - Processing file /home/cloud/codings/airflow/dags/4_dag_PUSH_Updated_YML_To_Cortex.py for tasks to queue
[2026-03-10T14:27:11.672+0000] {logging_mixin.py:188} INFO - [2026-03-10T14:27:11.671+0000] {dagbag.py:545} INFO - Filling up the DagBag from /home/cloud/codings/airflow/dags/4_dag_PUSH_Updated_YML_To_Cortex.py
[2026-03-10T14:27:11.704+0000] {processor.py:840} INFO - DAG(s) '4_dag_PUSH_Updated_YML_To_Cortex' retrieved from /home/cloud/codings/airflow/dags/4_dag_PUSH_Updated_YML_To_Cortex.py
[2026-03-10T14:27:11.717+0000] {logging_mixin.py:188} INFO - [2026-03-10T14:27:11.717+0000] {dag.py:3089} INFO - Sync 1 DAGs
[2026-03-10T14:27:11.726+0000] {logging_mixin.py:188} INFO - [2026-03-10T14:27:11.726+0000] {dag.py:3947} INFO - Setting next_dagrun for 4_dag_PUSH_Updated_YML_To_Cortex to None, run_after=None
[2026-03-10T14:27:11.750+0000] {processor.py:183} INFO - Processing /home/cloud/codings/airflow/dags/4_dag_PUSH_Updated_YML_To_Cortex.py took 0.109 seconds
[2026-03-10T14:27:42.070+0000] {processor.py:161} INFO - Started process (PID=502612) to work on /home/cloud/codings/airflow/dags/4_dag_PUSH_Updated_YML_To_Cortex.py
[2026-03-10T14:27:42.072+0000] {processor.py:830} INFO - Processing file /home/cloud/codings/airflow/dags/4_dag_PUSH_Updated_YML_To_Cortex.py for tasks to queue
[2026-03-10T14:27:42.074+0000] {logging_mixin.py:188} INFO - [2026-03-10T14:27:42.073+0000] {dagbag.py:545} INFO - Filling up the DagBag from /home/cloud/codings/airflow/dags/4_dag_PUSH_Updated_YML_To_Cortex.py
[2026-03-10T14:27:42.102+0000] {processor.py:840} INFO - DAG(s) '4_dag_PUSH_Updated_YML_To_Cortex' retrieved from /home/cloud/codings/airflow/dags/4_dag_PUSH_Updated_YML_To_Cortex.py
[2026-03-10T14:27:42.117+0000] {logging_mixin.py:188} INFO - [2026-03-10T14:27:42.117+0000] {dag.py:3089} INFO - Sync 1 DAGs
[2026-03-10T14:27:42.127+0000] {logging_mixin.py:188} INFO - [2026-03-10T14:27:42.127+0000] {dag.py:3947} INFO - Setting next_dagrun for 4_dag_PUSH_Updated_YML_To_Cortex to None, run_after=None
[2026-03-10T14:27:42.153+0000] {processor.py:183} INFO - Processing /home/cloud/codings/airflow/dags/4_dag_PUSH_Updated_YML_To_Cortex.py took 0.097 seconds
[2026-03-10T14:28:12.342+0000] {processor.py:161} INFO - Started process (PID=502740) to work on /home/cloud/codings/airflow/dags/4_dag_PUSH_Updated_YML_To_Cortex.py
[2026-03-10T14:28:12.349+0000] {processor.py:830} INFO - Processing file /home/cloud/codings/airflow/dags/4_dag_PUSH_Updated_YML_To_Cortex.py for tasks to queue
[2026-03-10T14:28:12.351+0000] {logging_mixin.py:188} INFO - [2026-03-10T14:28:12.351+0000] {dagbag.py:545} INFO - Filling up the DagBag from /home/cloud/codings/airflow/dags/4_dag_PUSH_Updated_YML_To_Cortex.py
[2026-03-10T14:28:12.382+0000] {processor.py:840} INFO - DAG(s) '4_dag_PUSH_Updated_YML_To_Cortex' retrieved from /home/cloud/codings/airflow/dags/4_dag_PUSH_Updated_YML_To_Cortex.py
[2026-03-10T14:28:12.393+0000] {logging_mixin.py:188} INFO - [2026-03-10T14:28:12.393+0000] {dag.py:3089} INFO - Sync 1 DAGs
[2026-03-10T14:28:12.403+0000] {logging_mixin.py:188} INFO - [2026-03-10T14:28:12.403+0000] {dag.py:3947} INFO - Setting next_dagrun for 4_dag_PUSH_Updated_YML_To_Cortex to None, run_after=None
[2026-03-10T14:28:12.426+0000] {processor.py:183} INFO - Processing /home/cloud/codings/airflow/dags/4_dag_PUSH_Updated_YML_To_Cortex.py took 0.099 seconds
[2026-03-10T14:28:42.623+0000] {processor.py:161} INFO - Started process (PID=502815) to work on /home/cloud/codings/airflow/dags/4_dag_PUSH_Updated_YML_To_Cortex.py
[2026-03-10T14:28:42.624+0000] {processor.py:830} INFO - Processing file /home/cloud/codings/airflow/dags/4_dag_PUSH_Updated_YML_To_Cortex.py for tasks to queue
[2026-03-10T14:28:42.625+0000] {logging_mixin.py:188} INFO - [2026-03-10T14:28:42.625+0000] {dagbag.py:545} INFO - Filling up the DagBag from /home/cloud/codings/airflow/dags/4_dag_PUSH_Updated_YML_To_Cortex.py
[2026-03-10T14:28:42.650+0000] {processor.py:840} INFO - DAG(s) '4_dag_PUSH_Updated_YML_To_Cortex' retrieved from /home/cloud/codings/airflow/dags/4_dag_PUSH_Updated_YML_To_Cortex.py
[2026-03-10T14:28:42.663+0000] {logging_mixin.py:188} INFO - [2026-03-10T14:28:42.663+0000] {dag.py:3089} INFO - Sync 1 DAGs
[2026-03-10T14:28:42.675+0000] {logging_mixin.py:188} INFO - [2026-03-10T14:28:42.675+0000] {dag.py:3947} INFO - Setting next_dagrun for 4_dag_PUSH_Updated_YML_To_Cortex to None, run_after=None
[2026-03-10T14:28:42.696+0000] {processor.py:183} INFO - Processing /home/cloud/codings/airflow/dags/4_dag_PUSH_Updated_YML_To_Cortex.py took 0.082 seconds
[2026-03-10T14:29:12.891+0000] {processor.py:161} INFO - Started process (PID=502946) to work on /home/cloud/codings/airflow/dags/4_dag_PUSH_Updated_YML_To_Cortex.py
[2026-03-10T14:29:12.896+0000] {processor.py:830} INFO - Processing file /home/cloud/codings/airflow/dags/4_dag_PUSH_Updated_YML_To_Cortex.py for tasks to queue
[2026-03-10T14:29:12.897+0000] {logging_mixin.py:188} INFO - [2026-03-10T14:29:12.896+0000] {dagbag.py:545} INFO - Filling up the DagBag from /home/cloud/codings/airflow/dags/4_dag_PUSH_Updated_YML_To_Cortex.py
[2026-03-10T14:29:12.914+0000] {processor.py:840} INFO - DAG(s) '4_dag_PUSH_Updated_YML_To_Cortex' retrieved from /home/cloud/codings/airflow/dags/4_dag_PUSH_Updated_YML_To_Cortex.py
[2026-03-10T14:29:12.926+0000] {logging_mixin.py:188} INFO - [2026-03-10T14:29:12.925+0000] {dag.py:3089} INFO - Sync 1 DAGs
[2026-03-10T14:29:12.935+0000] {logging_mixin.py:188} INFO - [2026-03-10T14:29:12.935+0000] {dag.py:3947} INFO - Setting next_dagrun for 4_dag_PUSH_Updated_YML_To_Cortex to None, run_after=None
[2026-03-10T14:29:12.957+0000] {processor.py:183} INFO - Processing /home/cloud/codings/airflow/dags/4_dag_PUSH_Updated_YML_To_Cortex.py took 0.072 seconds
[2026-03-10T14:29:43.198+0000] {processor.py:161} INFO - Started process (PID=503015) to work on /home/cloud/codings/airflow/dags/4_dag_PUSH_Updated_YML_To_Cortex.py
[2026-03-10T14:29:43.199+0000] {processor.py:830} INFO - Processing file /home/cloud/codings/airflow/dags/4_dag_PUSH_Updated_YML_To_Cortex.py for tasks to queue
[2026-03-10T14:29:43.201+0000] {logging_mixin.py:188} INFO - [2026-03-10T14:29:43.200+0000] {dagbag.py:545} INFO - Filling up the DagBag from /home/cloud/codings/airflow/dags/4_dag_PUSH_Updated_YML_To_Cortex.py
[2026-03-10T14:29:43.222+0000] {processor.py:840} INFO - DAG(s) '4_dag_PUSH_Updated_YML_To_Cortex' retrieved from /home/cloud/codings/airflow/dags/4_dag_PUSH_Updated_YML_To_Cortex.py
[2026-03-10T14:29:43.233+0000] {logging_mixin.py:188} INFO - [2026-03-10T14:29:43.233+0000] {dag.py:3089} INFO - Sync 1 DAGs
[2026-03-10T14:29:43.242+0000] {logging_mixin.py:188} INFO - [2026-03-10T14:29:43.242+0000] {dag.py:3947} INFO - Setting next_dagrun for 4_dag_PUSH_Updated_YML_To_Cortex to None, run_after=None
[2026-03-10T14:29:43.265+0000] {processor.py:183} INFO - Processing /home/cloud/codings/airflow/dags/4_dag_PUSH_Updated_YML_To_Cortex.py took 0.078 seconds
[2026-03-10T14:30:13.485+0000] {processor.py:161} INFO - Started process (PID=503148) to work on /home/cloud/codings/airflow/dags/4_dag_PUSH_Updated_YML_To_Cortex.py
[2026-03-10T14:30:13.486+0000] {processor.py:830} INFO - Processing file /home/cloud/codings/airflow/dags/4_dag_PUSH_Updated_YML_To_Cortex.py for tasks to queue
[2026-03-10T14:30:13.487+0000] {logging_mixin.py:188} INFO - [2026-03-10T14:30:13.487+0000] {dagbag.py:545} INFO - Filling up the DagBag from /home/cloud/codings/airflow/dags/4_dag_PUSH_Updated_YML_To_Cortex.py
[2026-03-10T14:30:13.506+0000] {processor.py:840} INFO - DAG(s) '4_dag_PUSH_Updated_YML_To_Cortex' retrieved from /home/cloud/codings/airflow/dags/4_dag_PUSH_Updated_YML_To_Cortex.py
[2026-03-10T14:30:13.519+0000] {logging_mixin.py:188} INFO - [2026-03-10T14:30:13.518+0000] {dag.py:3089} INFO - Sync 1 DAGs
[2026-03-10T14:30:13.528+0000] {logging_mixin.py:188} INFO - [2026-03-10T14:30:13.527+0000] {dag.py:3947} INFO - Setting next_dagrun for 4_dag_PUSH_Updated_YML_To_Cortex to None, run_after=None
[2026-03-10T14:30:13.552+0000] {processor.py:183} INFO - Processing /home/cloud/codings/airflow/dags/4_dag_PUSH_Updated_YML_To_Cortex.py took 0.071 seconds
[2026-03-10T14:30:43.798+0000] {processor.py:161} INFO - Started process (PID=503283) to work on /home/cloud/codings/airflow/dags/4_dag_PUSH_Updated_YML_To_Cortex.py
[2026-03-10T14:30:43.800+0000] {processor.py:830} INFO - Processing file /home/cloud/codings/airflow/dags/4_dag_PUSH_Updated_YML_To_Cortex.py for tasks to queue
[2026-03-10T14:30:43.801+0000] {logging_mixin.py:188} INFO - [2026-03-10T14:30:43.801+0000] {dagbag.py:545} INFO - Filling up the DagBag from /home/cloud/codings/airflow/dags/4_dag_PUSH_Updated_YML_To_Cortex.py
[2026-03-10T14:30:43.821+0000] {processor.py:840} INFO - DAG(s) '4_dag_PUSH_Updated_YML_To_Cortex' retrieved from /home/cloud/codings/airflow/dags/4_dag_PUSH_Updated_YML_To_Cortex.py
[2026-03-10T14:30:43.834+0000] {logging_mixin.py:188} INFO - [2026-03-10T14:30:43.834+0000] {dag.py:3089} INFO - Sync 1 DAGs
[2026-03-10T14:30:43.844+0000] {logging_mixin.py:188} INFO - [2026-03-10T14:30:43.844+0000] {dag.py:3947} INFO - Setting next_dagrun for 4_dag_PUSH_Updated_YML_To_Cortex to None, run_after=None
[2026-03-10T14:30:43.871+0000] {processor.py:183} INFO - Processing /home/cloud/codings/airflow/dags/4_dag_PUSH_Updated_YML_To_Cortex.py took 0.084 seconds
[2026-03-10T14:31:14.092+0000] {processor.py:161} INFO - Started process (PID=503410) to work on /home/cloud/codings/airflow/dags/4_dag_PUSH_Updated_YML_To_Cortex.py
[2026-03-10T14:31:14.096+0000] {processor.py:830} INFO - Processing file /home/cloud/codings/airflow/dags/4_dag_PUSH_Updated_YML_To_Cortex.py for tasks to queue
[2026-03-10T14:31:14.097+0000] {logging_mixin.py:188} INFO - [2026-03-10T14:31:14.097+0000] {dagbag.py:545} INFO - Filling up the DagBag from /home/cloud/codings/airflow/dags/4_dag_PUSH_Updated_YML_To_Cortex.py
[2026-03-10T14:31:14.116+0000] {processor.py:840} INFO - DAG(s) '4_dag_PUSH_Updated_YML_To_Cortex' retrieved from /home/cloud/codings/airflow/dags/4_dag_PUSH_Updated_YML_To_Cortex.py
[2026-03-10T14:31:14.129+0000] {logging_mixin.py:188} INFO - [2026-03-10T14:31:14.129+0000] {dag.py:3089} INFO - Sync 1 DAGs
[2026-03-10T14:31:14.141+0000] {logging_mixin.py:188} INFO - [2026-03-10T14:31:14.141+0000] {dag.py:3947} INFO - Setting next_dagrun for 4_dag_PUSH_Updated_YML_To_Cortex to None, run_after=None
[2026-03-10T14:31:14.165+0000] {processor.py:183} INFO - Processing /home/cloud/codings/airflow/dags/4_dag_PUSH_Updated_YML_To_Cortex.py took 0.078 seconds
[2026-03-10T14:31:44.494+0000] {processor.py:161} INFO - Started process (PID=503485) to work on /home/cloud/codings/airflow/dags/4_dag_PUSH_Updated_YML_To_Cortex.py
[2026-03-10T14:31:44.498+0000] {processor.py:830} INFO - Processing file /home/cloud/codings/airflow/dags/4_dag_PUSH_Updated_YML_To_Cortex.py for tasks to queue
[2026-03-10T14:31:44.499+0000] {logging_mixin.py:188} INFO - [2026-03-10T14:31:44.499+0000] {dagbag.py:545} INFO - Filling up the DagBag from /home/cloud/codings/airflow/dags/4_dag_PUSH_Updated_YML_To_Cortex.py
[2026-03-10T14:31:44.521+0000] {processor.py:840} INFO - DAG(s) '4_dag_PUSH_Updated_YML_To_Cortex' retrieved from /home/cloud/codings/airflow/dags/4_dag_PUSH_Updated_YML_To_Cortex.py
[2026-03-10T14:31:44.535+0000] {logging_mixin.py:188} INFO - [2026-03-10T14:31:44.535+0000] {dag.py:3089} INFO - Sync 1 DAGs
[2026-03-10T14:31:44.547+0000] {logging_mixin.py:188} INFO - [2026-03-10T14:31:44.547+0000] {dag.py:3947} INFO - Setting next_dagrun for 4_dag_PUSH_Updated_YML_To_Cortex to None, run_after=None
[2026-03-10T14:31:44.582+0000] {processor.py:183} INFO - Processing /home/cloud/codings/airflow/dags/4_dag_PUSH_Updated_YML_To_Cortex.py took 0.095 seconds
[2026-03-10T14:32:14.810+0000] {processor.py:161} INFO - Started process (PID=503618) to work on /home/cloud/codings/airflow/dags/4_dag_PUSH_Updated_YML_To_Cortex.py
[2026-03-10T14:32:14.815+0000] {processor.py:830} INFO - Processing file /home/cloud/codings/airflow/dags/4_dag_PUSH_Updated_YML_To_Cortex.py for tasks to queue
[2026-03-10T14:32:14.816+0000] {logging_mixin.py:188} INFO - [2026-03-10T14:32:14.815+0000] {dagbag.py:545} INFO - Filling up the DagBag from /home/cloud/codings/airflow/dags/4_dag_PUSH_Updated_YML_To_Cortex.py
[2026-03-10T14:32:14.834+0000] {processor.py:840} INFO - DAG(s) '4_dag_PUSH_Updated_YML_To_Cortex' retrieved from /home/cloud/codings/airflow/dags/4_dag_PUSH_Updated_YML_To_Cortex.py
[2026-03-10T14:32:14.848+0000] {logging_mixin.py:188} INFO - [2026-03-10T14:32:14.847+0000] {dag.py:3089} INFO - Sync 1 DAGs
[2026-03-10T14:32:14.861+0000] {logging_mixin.py:188} INFO - [2026-03-10T14:32:14.861+0000] {dag.py:3947} INFO - Setting next_dagrun for 4_dag_PUSH_Updated_YML_To_Cortex to None, run_after=None
[2026-03-10T14:32:14.888+0000] {processor.py:183} INFO - Processing /home/cloud/codings/airflow/dags/4_dag_PUSH_Updated_YML_To_Cortex.py took 0.082 seconds
[2026-03-10T14:32:45.122+0000] {processor.py:161} INFO - Started process (PID=503693) to work on /home/cloud/codings/airflow/dags/4_dag_PUSH_Updated_YML_To_Cortex.py
[2026-03-10T14:32:45.122+0000] {processor.py:830} INFO - Processing file /home/cloud/codings/airflow/dags/4_dag_PUSH_Updated_YML_To_Cortex.py for tasks to queue
[2026-03-10T14:32:45.123+0000] {logging_mixin.py:188} INFO - [2026-03-10T14:32:45.123+0000] {dagbag.py:545} INFO - Filling up the DagBag from /home/cloud/codings/airflow/dags/4_dag_PUSH_Updated_YML_To_Cortex.py
[2026-03-10T14:32:45.144+0000] {processor.py:840} INFO - DAG(s) '4_dag_PUSH_Updated_YML_To_Cortex' retrieved from /home/cloud/codings/airflow/dags/4_dag_PUSH_Updated_YML_To_Cortex.py
[2026-03-10T14:32:45.158+0000] {logging_mixin.py:188} INFO - [2026-03-10T14:32:45.157+0000] {dag.py:3089} INFO - Sync 1 DAGs
[2026-03-10T14:32:45.171+0000] {logging_mixin.py:188} INFO - [2026-03-10T14:32:45.170+0000] {dag.py:3947} INFO - Setting next_dagrun for 4_dag_PUSH_Updated_YML_To_Cortex to None, run_after=None
[2026-03-10T14:32:45.192+0000] {processor.py:183} INFO - Processing /home/cloud/codings/airflow/dags/4_dag_PUSH_Updated_YML_To_Cortex.py took 0.076 seconds
[2026-03-10T14:33:15.549+0000] {processor.py:161} INFO - Started process (PID=503820) to work on /home/cloud/codings/airflow/dags/4_dag_PUSH_Updated_YML_To_Cortex.py
[2026-03-10T14:33:15.551+0000] {processor.py:830} INFO - Processing file /home/cloud/codings/airflow/dags/4_dag_PUSH_Updated_YML_To_Cortex.py for tasks to queue
[2026-03-10T14:33:15.552+0000] {logging_mixin.py:188} INFO - [2026-03-10T14:33:15.551+0000] {dagbag.py:545} INFO - Filling up the DagBag from /home/cloud/codings/airflow/dags/4_dag_PUSH_Updated_YML_To_Cortex.py
[2026-03-10T14:33:15.580+0000] {processor.py:840} INFO - DAG(s) '4_dag_PUSH_Updated_YML_To_Cortex' retrieved from /home/cloud/codings/airflow/dags/4_dag_PUSH_Updated_YML_To_Cortex.py
[2026-03-10T14:33:15.600+0000] {logging_mixin.py:188} INFO - [2026-03-10T14:33:15.600+0000] {dag.py:3089} INFO - Sync 1 DAGs
[2026-03-10T14:33:15.617+0000] {logging_mixin.py:188} INFO - [2026-03-10T14:33:15.617+0000] {dag.py:3947} INFO - Setting next_dagrun for 4_dag_PUSH_Updated_YML_To_Cortex to None, run_after=None
[2026-03-10T14:33:15.647+0000] {processor.py:183} INFO - Processing /home/cloud/codings/airflow/dags/4_dag_PUSH_Updated_YML_To_Cortex.py took 0.108 seconds
[2026-03-10T14:33:45.972+0000] {processor.py:161} INFO - Started process (PID=503895) to work on /home/cloud/codings/airflow/dags/4_dag_PUSH_Updated_YML_To_Cortex.py
[2026-03-10T14:33:45.973+0000] {processor.py:830} INFO - Processing file /home/cloud/codings/airflow/dags/4_dag_PUSH_Updated_YML_To_Cortex.py for tasks to queue
[2026-03-10T14:33:45.974+0000] {logging_mixin.py:188} INFO - [2026-03-10T14:33:45.974+0000] {dagbag.py:545} INFO - Filling up the DagBag from /home/cloud/codings/airflow/dags/4_dag_PUSH_Updated_YML_To_Cortex.py
[2026-03-10T14:33:46.005+0000] {processor.py:840} INFO - DAG(s) '4_dag_PUSH_Updated_YML_To_Cortex' retrieved from /home/cloud/codings/airflow/dags/4_dag_PUSH_Updated_YML_To_Cortex.py
[2026-03-10T14:33:46.025+0000] {logging_mixin.py:188} INFO - [2026-03-10T14:33:46.025+0000] {dag.py:3089} INFO - Sync 1 DAGs
[2026-03-10T14:33:46.041+0000] {logging_mixin.py:188} INFO - [2026-03-10T14:33:46.041+0000] {dag.py:3947} INFO - Setting next_dagrun for 4_dag_PUSH_Updated_YML_To_Cortex to None, run_after=None
[2026-03-10T14:33:46.070+0000] {processor.py:183} INFO - Processing /home/cloud/codings/airflow/dags/4_dag_PUSH_Updated_YML_To_Cortex.py took 0.107 seconds
[2026-03-10T14:34:16.329+0000] {processor.py:161} INFO - Started process (PID=504028) to work on /home/cloud/codings/airflow/dags/4_dag_PUSH_Updated_YML_To_Cortex.py
[2026-03-10T14:34:16.332+0000] {processor.py:830} INFO - Processing file /home/cloud/codings/airflow/dags/4_dag_PUSH_Updated_YML_To_Cortex.py for tasks to queue
[2026-03-10T14:34:16.333+0000] {logging_mixin.py:188} INFO - [2026-03-10T14:34:16.333+0000] {dagbag.py:545} INFO - Filling up the DagBag from /home/cloud/codings/airflow/dags/4_dag_PUSH_Updated_YML_To_Cortex.py
[2026-03-10T14:34:16.363+0000] {processor.py:840} INFO - DAG(s) '4_dag_PUSH_Updated_YML_To_Cortex' retrieved from /home/cloud/codings/airflow/dags/4_dag_PUSH_Updated_YML_To_Cortex.py
[2026-03-10T14:34:16.384+0000] {logging_mixin.py:188} INFO - [2026-03-10T14:34:16.384+0000] {dag.py:3089} INFO - Sync 1 DAGs
[2026-03-10T14:34:16.401+0000] {logging_mixin.py:188} INFO - [2026-03-10T14:34:16.401+0000] {dag.py:3947} INFO - Setting next_dagrun for 4_dag_PUSH_Updated_YML_To_Cortex to None, run_after=None
[2026-03-10T14:34:16.429+0000] {processor.py:183} INFO - Processing /home/cloud/codings/airflow/dags/4_dag_PUSH_Updated_YML_To_Cortex.py took 0.107 seconds
[2026-03-10T14:34:46.740+0000] {processor.py:161} INFO - Started process (PID=504097) to work on /home/cloud/codings/airflow/dags/4_dag_PUSH_Updated_YML_To_Cortex.py
[2026-03-10T14:34:46.741+0000] {processor.py:830} INFO - Processing file /home/cloud/codings/airflow/dags/4_dag_PUSH_Updated_YML_To_Cortex.py for tasks to queue
[2026-03-10T14:34:46.743+0000] {logging_mixin.py:188} INFO - [2026-03-10T14:34:46.742+0000] {dagbag.py:545} INFO - Filling up the DagBag from /home/cloud/codings/airflow/dags/4_dag_PUSH_Updated_YML_To_Cortex.py
[2026-03-10T14:34:46.775+0000] {processor.py:840} INFO - DAG(s) '4_dag_PUSH_Updated_YML_To_Cortex' retrieved from /home/cloud/codings/airflow/dags/4_dag_PUSH_Updated_YML_To_Cortex.py
[2026-03-10T14:34:46.796+0000] {logging_mixin.py:188} INFO - [2026-03-10T14:34:46.796+0000] {dag.py:3089} INFO - Sync 1 DAGs
[2026-03-10T14:34:46.814+0000] {logging_mixin.py:188} INFO - [2026-03-10T14:34:46.813+0000] {dag.py:3947} INFO - Setting next_dagrun for 4_dag_PUSH_Updated_YML_To_Cortex to None, run_after=None
[2026-03-10T14:34:46.844+0000] {processor.py:183} INFO - Processing /home/cloud/codings/airflow/dags/4_dag_PUSH_Updated_YML_To_Cortex.py took 0.114 seconds
[2026-03-10T14:35:17.246+0000] {processor.py:161} INFO - Started process (PID=504228) to work on /home/cloud/codings/airflow/dags/4_dag_PUSH_Updated_YML_To_Cortex.py
[2026-03-10T14:35:17.248+0000] {processor.py:830} INFO - Processing file /home/cloud/codings/airflow/dags/4_dag_PUSH_Updated_YML_To_Cortex.py for tasks to queue
[2026-03-10T14:35:17.249+0000] {logging_mixin.py:188} INFO - [2026-03-10T14:35:17.249+0000] {dagbag.py:545} INFO - Filling up the DagBag from /home/cloud/codings/airflow/dags/4_dag_PUSH_Updated_YML_To_Cortex.py
[2026-03-10T14:35:17.271+0000] {processor.py:840} INFO - DAG(s) '4_dag_PUSH_Updated_YML_To_Cortex' retrieved from /home/cloud/codings/airflow/dags/4_dag_PUSH_Updated_YML_To_Cortex.py
[2026-03-10T14:35:17.286+0000] {logging_mixin.py:188} INFO - [2026-03-10T14:35:17.286+0000] {dag.py:3089} INFO - Sync 1 DAGs
[2026-03-10T14:35:17.298+0000] {logging_mixin.py:188} INFO - [2026-03-10T14:35:17.297+0000] {dag.py:3947} INFO - Setting next_dagrun for 4_dag_PUSH_Updated_YML_To_Cortex to None, run_after=None
[2026-03-10T14:35:17.322+0000] {processor.py:183} INFO - Processing /home/cloud/codings/airflow/dags/4_dag_PUSH_Updated_YML_To_Cortex.py took 0.082 seconds
[2026-03-10T14:35:47.668+0000] {processor.py:161} INFO - Started process (PID=504363) to work on /home/cloud/codings/airflow/dags/4_dag_PUSH_Updated_YML_To_Cortex.py
[2026-03-10T14:35:47.673+0000] {processor.py:830} INFO - Processing file /home/cloud/codings/airflow/dags/4_dag_PUSH_Updated_YML_To_Cortex.py for tasks to queue
[2026-03-10T14:35:47.674+0000] {logging_mixin.py:188} INFO - [2026-03-10T14:35:47.673+0000] {dagbag.py:545} INFO - Filling up the DagBag from /home/cloud/codings/airflow/dags/4_dag_PUSH_Updated_YML_To_Cortex.py
[2026-03-10T14:35:47.699+0000] {processor.py:840} INFO - DAG(s) '4_dag_PUSH_Updated_YML_To_Cortex' retrieved from /home/cloud/codings/airflow/dags/4_dag_PUSH_Updated_YML_To_Cortex.py
[2026-03-10T14:35:47.716+0000] {logging_mixin.py:188} INFO - [2026-03-10T14:35:47.716+0000] {dag.py:3089} INFO - Sync 1 DAGs
[2026-03-10T14:35:47.732+0000] {logging_mixin.py:188} INFO - [2026-03-10T14:35:47.731+0000] {dag.py:3947} INFO - Setting next_dagrun for 4_dag_PUSH_Updated_YML_To_Cortex to None, run_after=None
[2026-03-10T14:35:47.761+0000] {processor.py:183} INFO - Processing /home/cloud/codings/airflow/dags/4_dag_PUSH_Updated_YML_To_Cortex.py took 0.101 seconds
[2026-03-10T14:36:18.182+0000] {processor.py:161} INFO - Started process (PID=504490) to work on /home/cloud/codings/airflow/dags/4_dag_PUSH_Updated_YML_To_Cortex.py
[2026-03-10T14:36:18.184+0000] {processor.py:830} INFO - Processing file /home/cloud/codings/airflow/dags/4_dag_PUSH_Updated_YML_To_Cortex.py for tasks to queue
[2026-03-10T14:36:18.184+0000] {logging_mixin.py:188} INFO - [2026-03-10T14:36:18.184+0000] {dagbag.py:545} INFO - Filling up the DagBag from /home/cloud/codings/airflow/dags/4_dag_PUSH_Updated_YML_To_Cortex.py
[2026-03-10T14:36:18.206+0000] {processor.py:840} INFO - DAG(s) '4_dag_PUSH_Updated_YML_To_Cortex' retrieved from /home/cloud/codings/airflow/dags/4_dag_PUSH_Updated_YML_To_Cortex.py
[2026-03-10T14:36:18.221+0000] {logging_mixin.py:188} INFO - [2026-03-10T14:36:18.221+0000] {dag.py:3089} INFO - Sync 1 DAGs
[2026-03-10T14:36:18.233+0000] {logging_mixin.py:188} INFO - [2026-03-10T14:36:18.233+0000] {dag.py:3947} INFO - Setting next_dagrun for 4_dag_PUSH_Updated_YML_To_Cortex to None, run_after=None
[2026-03-10T14:36:18.258+0000] {processor.py:183} INFO - Processing /home/cloud/codings/airflow/dags/4_dag_PUSH_Updated_YML_To_Cortex.py took 0.083 seconds
[2026-03-10T14:36:48.495+0000] {processor.py:161} INFO - Started process (PID=504565) to work on /home/cloud/codings/airflow/dags/4_dag_PUSH_Updated_YML_To_Cortex.py
[2026-03-10T14:36:48.497+0000] {processor.py:830} INFO - Processing file /home/cloud/codings/airflow/dags/4_dag_PUSH_Updated_YML_To_Cortex.py for tasks to queue
[2026-03-10T14:36:48.498+0000] {logging_mixin.py:188} INFO - [2026-03-10T14:36:48.497+0000] {dagbag.py:545} INFO - Filling up the DagBag from /home/cloud/codings/airflow/dags/4_dag_PUSH_Updated_YML_To_Cortex.py
[2026-03-10T14:36:48.520+0000] {processor.py:840} INFO - DAG(s) '4_dag_PUSH_Updated_YML_To_Cortex' retrieved from /home/cloud/codings/airflow/dags/4_dag_PUSH_Updated_YML_To_Cortex.py
[2026-03-10T14:36:48.535+0000] {logging_mixin.py:188} INFO - [2026-03-10T14:36:48.535+0000] {dag.py:3089} INFO - Sync 1 DAGs
[2026-03-10T14:36:48.548+0000] {logging_mixin.py:188} INFO - [2026-03-10T14:36:48.548+0000] {dag.py:3947} INFO - Setting next_dagrun for 4_dag_PUSH_Updated_YML_To_Cortex to None, run_after=None
[2026-03-10T14:36:48.572+0000] {processor.py:183} INFO - Processing /home/cloud/codings/airflow/dags/4_dag_PUSH_Updated_YML_To_Cortex.py took 0.084 seconds
[2026-03-10T14:37:18.911+0000] {processor.py:161} INFO - Started process (PID=504700) to work on /home/cloud/codings/airflow/dags/4_dag_PUSH_Updated_YML_To_Cortex.py
[2026-03-10T14:37:18.916+0000] {processor.py:830} INFO - Processing file /home/cloud/codings/airflow/dags/4_dag_PUSH_Updated_YML_To_Cortex.py for tasks to queue
[2026-03-10T14:37:18.918+0000] {logging_mixin.py:188} INFO - [2026-03-10T14:37:18.917+0000] {dagbag.py:545} INFO - Filling up the DagBag from /home/cloud/codings/airflow/dags/4_dag_PUSH_Updated_YML_To_Cortex.py
[2026-03-10T14:37:18.952+0000] {processor.py:840} INFO - DAG(s) '4_dag_PUSH_Updated_YML_To_Cortex' retrieved from /home/cloud/codings/airflow/dags/4_dag_PUSH_Updated_YML_To_Cortex.py
[2026-03-10T14:37:18.977+0000] {logging_mixin.py:188} INFO - [2026-03-10T14:37:18.977+0000] {dag.py:3089} INFO - Sync 1 DAGs
[2026-03-10T14:37:18.997+0000] {logging_mixin.py:188} INFO - [2026-03-10T14:37:18.996+0000] {dag.py:3947} INFO - Setting next_dagrun for 4_dag_PUSH_Updated_YML_To_Cortex to None, run_after=None
[2026-03-10T14:37:19.034+0000] {processor.py:183} INFO - Processing /home/cloud/codings/airflow/dags/4_dag_PUSH_Updated_YML_To_Cortex.py took 0.130 seconds
[2026-03-10T14:37:49.429+0000] {processor.py:161} INFO - Started process (PID=504773) to work on /home/cloud/codings/airflow/dags/4_dag_PUSH_Updated_YML_To_Cortex.py
[2026-03-10T14:37:49.430+0000] {processor.py:830} INFO - Processing file /home/cloud/codings/airflow/dags/4_dag_PUSH_Updated_YML_To_Cortex.py for tasks to queue
[2026-03-10T14:37:49.431+0000] {logging_mixin.py:188} INFO - [2026-03-10T14:37:49.431+0000] {dagbag.py:545} INFO - Filling up the DagBag from /home/cloud/codings/airflow/dags/4_dag_PUSH_Updated_YML_To_Cortex.py
[2026-03-10T14:37:49.463+0000] {processor.py:840} INFO - DAG(s) '4_dag_PUSH_Updated_YML_To_Cortex' retrieved from /home/cloud/codings/airflow/dags/4_dag_PUSH_Updated_YML_To_Cortex.py
[2026-03-10T14:37:49.483+0000] {logging_mixin.py:188} INFO - [2026-03-10T14:37:49.482+0000] {dag.py:3089} INFO - Sync 1 DAGs
[2026-03-10T14:37:49.500+0000] {logging_mixin.py:188} INFO - [2026-03-10T14:37:49.500+0000] {dag.py:3947} INFO - Setting next_dagrun for 4_dag_PUSH_Updated_YML_To_Cortex to None, run_after=None
[2026-03-10T14:37:49.531+0000] {processor.py:183} INFO - Processing /home/cloud/codings/airflow/dags/4_dag_PUSH_Updated_YML_To_Cortex.py took 0.111 seconds
[2026-03-10T14:38:19.837+0000] {processor.py:161} INFO - Started process (PID=504902) to work on /home/cloud/codings/airflow/dags/4_dag_PUSH_Updated_YML_To_Cortex.py
[2026-03-10T14:38:19.839+0000] {processor.py:830} INFO - Processing file /home/cloud/codings/airflow/dags/4_dag_PUSH_Updated_YML_To_Cortex.py for tasks to queue
[2026-03-10T14:38:19.840+0000] {logging_mixin.py:188} INFO - [2026-03-10T14:38:19.840+0000] {dagbag.py:545} INFO - Filling up the DagBag from /home/cloud/codings/airflow/dags/4_dag_PUSH_Updated_YML_To_Cortex.py
[2026-03-10T14:38:19.862+0000] {processor.py:840} INFO - DAG(s) '4_dag_PUSH_Updated_YML_To_Cortex' retrieved from /home/cloud/codings/airflow/dags/4_dag_PUSH_Updated_YML_To_Cortex.py
[2026-03-10T14:38:19.878+0000] {logging_mixin.py:188} INFO - [2026-03-10T14:38:19.878+0000] {dag.py:3089} INFO - Sync 1 DAGs
[2026-03-10T14:38:19.891+0000] {logging_mixin.py:188} INFO - [2026-03-10T14:38:19.891+0000] {dag.py:3947} INFO - Setting next_dagrun for 4_dag_PUSH_Updated_YML_To_Cortex to None, run_after=None
[2026-03-10T14:38:19.915+0000] {processor.py:183} INFO - Processing /home/cloud/codings/airflow/dags/4_dag_PUSH_Updated_YML_To_Cortex.py took 0.085 seconds
[2026-03-10T14:38:50.060+0000] {processor.py:161} INFO - Started process (PID=504975) to work on /home/cloud/codings/airflow/dags/4_dag_PUSH_Updated_YML_To_Cortex.py
[2026-03-10T14:38:50.062+0000] {processor.py:830} INFO - Processing file /home/cloud/codings/airflow/dags/4_dag_PUSH_Updated_YML_To_Cortex.py for tasks to queue
[2026-03-10T14:38:50.063+0000] {logging_mixin.py:188} INFO - [2026-03-10T14:38:50.062+0000] {dagbag.py:545} INFO - Filling up the DagBag from /home/cloud/codings/airflow/dags/4_dag_PUSH_Updated_YML_To_Cortex.py
[2026-03-10T14:38:50.089+0000] {processor.py:840} INFO - DAG(s) '4_dag_PUSH_Updated_YML_To_Cortex' retrieved from /home/cloud/codings/airflow/dags/4_dag_PUSH_Updated_YML_To_Cortex.py
[2026-03-10T14:38:50.108+0000] {logging_mixin.py:188} INFO - [2026-03-10T14:38:50.108+0000] {dag.py:3089} INFO - Sync 1 DAGs
[2026-03-10T14:38:50.125+0000] {logging_mixin.py:188} INFO - [2026-03-10T14:38:50.124+0000] {dag.py:3947} INFO - Setting next_dagrun for 4_dag_PUSH_Updated_YML_To_Cortex to None, run_after=None
[2026-03-10T14:38:50.154+0000] {processor.py:183} INFO - Processing /home/cloud/codings/airflow/dags/4_dag_PUSH_Updated_YML_To_Cortex.py took 0.102 seconds
[2026-03-10T14:39:20.610+0000] {processor.py:161} INFO - Started process (PID=505326) to work on /home/cloud/codings/airflow/dags/4_dag_PUSH_Updated_YML_To_Cortex.py
[2026-03-10T14:39:20.612+0000] {processor.py:830} INFO - Processing file /home/cloud/codings/airflow/dags/4_dag_PUSH_Updated_YML_To_Cortex.py for tasks to queue
[2026-03-10T14:39:20.614+0000] {logging_mixin.py:188} INFO - [2026-03-10T14:39:20.613+0000] {dagbag.py:545} INFO - Filling up the DagBag from /home/cloud/codings/airflow/dags/4_dag_PUSH_Updated_YML_To_Cortex.py
[2026-03-10T14:39:20.649+0000] {processor.py:840} INFO - DAG(s) '4_dag_PUSH_Updated_YML_To_Cortex' retrieved from /home/cloud/codings/airflow/dags/4_dag_PUSH_Updated_YML_To_Cortex.py
[2026-03-10T14:39:20.669+0000] {logging_mixin.py:188} INFO - [2026-03-10T14:39:20.669+0000] {dag.py:3089} INFO - Sync 1 DAGs
[2026-03-10T14:39:20.689+0000] {logging_mixin.py:188} INFO - [2026-03-10T14:39:20.688+0000] {dag.py:3947} INFO - Setting next_dagrun for 4_dag_PUSH_Updated_YML_To_Cortex to None, run_after=None
[2026-03-10T14:39:20.723+0000] {processor.py:183} INFO - Processing /home/cloud/codings/airflow/dags/4_dag_PUSH_Updated_YML_To_Cortex.py took 0.123 seconds
[2026-03-10T14:39:51.339+0000] {processor.py:161} INFO - Started process (PID=505622) to work on /home/cloud/codings/airflow/dags/4_dag_PUSH_Updated_YML_To_Cortex.py
[2026-03-10T14:39:51.341+0000] {processor.py:830} INFO - Processing file /home/cloud/codings/airflow/dags/4_dag_PUSH_Updated_YML_To_Cortex.py for tasks to queue
[2026-03-10T14:39:51.345+0000] {logging_mixin.py:188} INFO - [2026-03-10T14:39:51.343+0000] {dagbag.py:545} INFO - Filling up the DagBag from /home/cloud/codings/airflow/dags/4_dag_PUSH_Updated_YML_To_Cortex.py
[2026-03-10T14:39:51.427+0000] {processor.py:840} INFO - DAG(s) '4_dag_PUSH_Updated_YML_To_Cortex' retrieved from /home/cloud/codings/airflow/dags/4_dag_PUSH_Updated_YML_To_Cortex.py
[2026-03-10T14:39:51.513+0000] {logging_mixin.py:188} INFO - [2026-03-10T14:39:51.512+0000] {dag.py:3089} INFO - Sync 1 DAGs
[2026-03-10T14:39:51.619+0000] {logging_mixin.py:188} INFO - [2026-03-10T14:39:51.610+0000] {dag.py:3947} INFO - Setting next_dagrun for 4_dag_PUSH_Updated_YML_To_Cortex to None, run_after=None
[2026-03-10T14:39:51.769+0000] {processor.py:183} INFO - Processing /home/cloud/codings/airflow/dags/4_dag_PUSH_Updated_YML_To_Cortex.py took 0.446 seconds
[2026-03-10T14:40:22.181+0000] {processor.py:161} INFO - Started process (PID=505900) to work on /home/cloud/codings/airflow/dags/4_dag_PUSH_Updated_YML_To_Cortex.py
[2026-03-10T14:40:22.202+0000] {processor.py:830} INFO - Processing file /home/cloud/codings/airflow/dags/4_dag_PUSH_Updated_YML_To_Cortex.py for tasks to queue
[2026-03-10T14:40:22.204+0000] {logging_mixin.py:188} INFO - [2026-03-10T14:40:22.203+0000] {dagbag.py:545} INFO - Filling up the DagBag from /home/cloud/codings/airflow/dags/4_dag_PUSH_Updated_YML_To_Cortex.py
[2026-03-10T14:40:22.232+0000] {processor.py:840} INFO - DAG(s) '4_dag_PUSH_Updated_YML_To_Cortex' retrieved from /home/cloud/codings/airflow/dags/4_dag_PUSH_Updated_YML_To_Cortex.py
[2026-03-10T14:40:22.250+0000] {logging_mixin.py:188} INFO - [2026-03-10T14:40:22.249+0000] {dag.py:3089} INFO - Sync 1 DAGs
[2026-03-10T14:40:22.270+0000] {logging_mixin.py:188} INFO - [2026-03-10T14:40:22.270+0000] {dag.py:3947} INFO - Setting next_dagrun for 4_dag_PUSH_Updated_YML_To_Cortex to None, run_after=None
[2026-03-10T14:40:22.312+0000] {processor.py:183} INFO - Processing /home/cloud/codings/airflow/dags/4_dag_PUSH_Updated_YML_To_Cortex.py took 0.139 seconds
[2026-03-10T14:40:52.620+0000] {processor.py:161} INFO - Started process (PID=506162) to work on /home/cloud/codings/airflow/dags/4_dag_PUSH_Updated_YML_To_Cortex.py
[2026-03-10T14:40:52.625+0000] {processor.py:830} INFO - Processing file /home/cloud/codings/airflow/dags/4_dag_PUSH_Updated_YML_To_Cortex.py for tasks to queue
[2026-03-10T14:40:52.627+0000] {logging_mixin.py:188} INFO - [2026-03-10T14:40:52.626+0000] {dagbag.py:545} INFO - Filling up the DagBag from /home/cloud/codings/airflow/dags/4_dag_PUSH_Updated_YML_To_Cortex.py
[2026-03-10T14:40:52.650+0000] {processor.py:840} INFO - DAG(s) '4_dag_PUSH_Updated_YML_To_Cortex' retrieved from /home/cloud/codings/airflow/dags/4_dag_PUSH_Updated_YML_To_Cortex.py
[2026-03-10T14:40:52.666+0000] {logging_mixin.py:188} INFO - [2026-03-10T14:40:52.665+0000] {dag.py:3089} INFO - Sync 1 DAGs
[2026-03-10T14:40:52.680+0000] {logging_mixin.py:188} INFO - [2026-03-10T14:40:52.679+0000] {dag.py:3947} INFO - Setting next_dagrun for 4_dag_PUSH_Updated_YML_To_Cortex to None, run_after=None
[2026-03-10T14:40:52.706+0000] {processor.py:183} INFO - Processing /home/cloud/codings/airflow/dags/4_dag_PUSH_Updated_YML_To_Cortex.py took 0.093 seconds
[2026-03-10T14:41:55.089+0000] {processor.py:161} INFO - Started process (PID=507061) to work on /home/cloud/codings/airflow/dags/4_dag_PUSH_Updated_YML_To_Cortex.py
[2026-03-10T14:41:55.091+0000] {processor.py:830} INFO - Processing file /home/cloud/codings/airflow/dags/4_dag_PUSH_Updated_YML_To_Cortex.py for tasks to queue
[2026-03-10T14:41:55.093+0000] {logging_mixin.py:188} INFO - [2026-03-10T14:41:55.092+0000] {dagbag.py:545} INFO - Filling up the DagBag from /home/cloud/codings/airflow/dags/4_dag_PUSH_Updated_YML_To_Cortex.py
[2026-03-10T14:41:55.131+0000] {processor.py:840} INFO - DAG(s) '4_dag_PUSH_Updated_YML_To_Cortex' retrieved from /home/cloud/codings/airflow/dags/4_dag_PUSH_Updated_YML_To_Cortex.py
[2026-03-10T14:41:55.163+0000] {logging_mixin.py:188} INFO - [2026-03-10T14:41:55.163+0000] {dag.py:3089} INFO - Sync 1 DAGs
[2026-03-10T14:41:55.190+0000] {logging_mixin.py:188} INFO - [2026-03-10T14:41:55.190+0000] {dag.py:3947} INFO - Setting next_dagrun for 4_dag_PUSH_Updated_YML_To_Cortex to None, run_after=None
[2026-03-10T14:41:55.238+0000] {processor.py:183} INFO - Processing /home/cloud/codings/airflow/dags/4_dag_PUSH_Updated_YML_To_Cortex.py took 0.159 seconds
[2026-03-10T14:42:25.869+0000] {processor.py:161} INFO - Started process (PID=507193) to work on /home/cloud/codings/airflow/dags/4_dag_PUSH_Updated_YML_To_Cortex.py
[2026-03-10T14:42:25.871+0000] {processor.py:830} INFO - Processing file /home/cloud/codings/airflow/dags/4_dag_PUSH_Updated_YML_To_Cortex.py for tasks to queue
[2026-03-10T14:42:25.873+0000] {logging_mixin.py:188} INFO - [2026-03-10T14:42:25.872+0000] {dagbag.py:545} INFO - Filling up the DagBag from /home/cloud/codings/airflow/dags/4_dag_PUSH_Updated_YML_To_Cortex.py
[2026-03-10T14:42:25.910+0000] {processor.py:840} INFO - DAG(s) '4_dag_PUSH_Updated_YML_To_Cortex' retrieved from /home/cloud/codings/airflow/dags/4_dag_PUSH_Updated_YML_To_Cortex.py
[2026-03-10T14:42:25.935+0000] {logging_mixin.py:188} INFO - [2026-03-10T14:42:25.934+0000] {dag.py:3089} INFO - Sync 1 DAGs
[2026-03-10T14:42:25.953+0000] {logging_mixin.py:188} INFO - [2026-03-10T14:42:25.953+0000] {dag.py:3947} INFO - Setting next_dagrun for 4_dag_PUSH_Updated_YML_To_Cortex to None, run_after=None
[2026-03-10T14:42:25.986+0000] {processor.py:183} INFO - Processing /home/cloud/codings/airflow/dags/4_dag_PUSH_Updated_YML_To_Cortex.py took 0.127 seconds
[2026-03-10T14:42:56.765+0000] {processor.py:161} INFO - Started process (PID=507322) to work on /home/cloud/codings/airflow/dags/4_dag_PUSH_Updated_YML_To_Cortex.py
[2026-03-10T14:42:56.767+0000] {processor.py:830} INFO - Processing file /home/cloud/codings/airflow/dags/4_dag_PUSH_Updated_YML_To_Cortex.py for tasks to queue
[2026-03-10T14:42:56.769+0000] {logging_mixin.py:188} INFO - [2026-03-10T14:42:56.768+0000] {dagbag.py:545} INFO - Filling up the DagBag from /home/cloud/codings/airflow/dags/4_dag_PUSH_Updated_YML_To_Cortex.py
[2026-03-10T14:42:56.804+0000] {processor.py:840} INFO - DAG(s) '4_dag_PUSH_Updated_YML_To_Cortex' retrieved from /home/cloud/codings/airflow/dags/4_dag_PUSH_Updated_YML_To_Cortex.py
[2026-03-10T14:42:56.847+0000] {logging_mixin.py:188} INFO - [2026-03-10T14:42:56.846+0000] {dag.py:3089} INFO - Sync 1 DAGs
[2026-03-10T14:42:56.869+0000] {logging_mixin.py:188} INFO - [2026-03-10T14:42:56.868+0000] {dag.py:3947} INFO - Setting next_dagrun for 4_dag_PUSH_Updated_YML_To_Cortex to None, run_after=None
[2026-03-10T14:42:56.906+0000] {processor.py:183} INFO - Processing /home/cloud/codings/airflow/dags/4_dag_PUSH_Updated_YML_To_Cortex.py took 0.150 seconds
[2026-03-10T14:43:27.100+0000] {processor.py:161} INFO - Started process (PID=507455) to work on /home/cloud/codings/airflow/dags/4_dag_PUSH_Updated_YML_To_Cortex.py
[2026-03-10T14:43:27.104+0000] {processor.py:830} INFO - Processing file /home/cloud/codings/airflow/dags/4_dag_PUSH_Updated_YML_To_Cortex.py for tasks to queue
[2026-03-10T14:43:27.105+0000] {logging_mixin.py:188} INFO - [2026-03-10T14:43:27.105+0000] {dagbag.py:545} INFO - Filling up the DagBag from /home/cloud/codings/airflow/dags/4_dag_PUSH_Updated_YML_To_Cortex.py
[2026-03-10T14:43:27.132+0000] {processor.py:840} INFO - DAG(s) '4_dag_PUSH_Updated_YML_To_Cortex' retrieved from /home/cloud/codings/airflow/dags/4_dag_PUSH_Updated_YML_To_Cortex.py
[2026-03-10T14:43:27.150+0000] {logging_mixin.py:188} INFO - [2026-03-10T14:43:27.149+0000] {dag.py:3089} INFO - Sync 1 DAGs
[2026-03-10T14:43:27.167+0000] {logging_mixin.py:188} INFO - [2026-03-10T14:43:27.166+0000] {dag.py:3947} INFO - Setting next_dagrun for 4_dag_PUSH_Updated_YML_To_Cortex to None, run_after=None
[2026-03-10T14:43:27.197+0000] {processor.py:183} INFO - Processing /home/cloud/codings/airflow/dags/4_dag_PUSH_Updated_YML_To_Cortex.py took 0.105 seconds
[2026-03-10T14:43:57.957+0000] {processor.py:161} INFO - Started process (PID=507709) to work on /home/cloud/codings/airflow/dags/4_dag_PUSH_Updated_YML_To_Cortex.py
[2026-03-10T14:43:57.960+0000] {processor.py:830} INFO - Processing file /home/cloud/codings/airflow/dags/4_dag_PUSH_Updated_YML_To_Cortex.py for tasks to queue
[2026-03-10T14:43:57.962+0000] {logging_mixin.py:188} INFO - [2026-03-10T14:43:57.962+0000] {dagbag.py:545} INFO - Filling up the DagBag from /home/cloud/codings/airflow/dags/4_dag_PUSH_Updated_YML_To_Cortex.py
[2026-03-10T14:43:58.001+0000] {processor.py:840} INFO - DAG(s) '4_dag_PUSH_Updated_YML_To_Cortex' retrieved from /home/cloud/codings/airflow/dags/4_dag_PUSH_Updated_YML_To_Cortex.py
[2026-03-10T14:43:58.023+0000] {logging_mixin.py:188} INFO - [2026-03-10T14:43:58.023+0000] {dag.py:3089} INFO - Sync 1 DAGs
[2026-03-10T14:43:58.043+0000] {logging_mixin.py:188} INFO - [2026-03-10T14:43:58.043+0000] {dag.py:3947} INFO - Setting next_dagrun for 4_dag_PUSH_Updated_YML_To_Cortex to None, run_after=None
[2026-03-10T14:43:58.085+0000] {processor.py:183} INFO - Processing /home/cloud/codings/airflow/dags/4_dag_PUSH_Updated_YML_To_Cortex.py took 0.141 seconds
[2026-03-10T14:44:28.595+0000] {processor.py:161} INFO - Started process (PID=507856) to work on /home/cloud/codings/airflow/dags/4_dag_PUSH_Updated_YML_To_Cortex.py
[2026-03-10T14:44:28.597+0000] {processor.py:830} INFO - Processing file /home/cloud/codings/airflow/dags/4_dag_PUSH_Updated_YML_To_Cortex.py for tasks to queue
[2026-03-10T14:44:28.599+0000] {logging_mixin.py:188} INFO - [2026-03-10T14:44:28.598+0000] {dagbag.py:545} INFO - Filling up the DagBag from /home/cloud/codings/airflow/dags/4_dag_PUSH_Updated_YML_To_Cortex.py
[2026-03-10T14:44:28.634+0000] {processor.py:840} INFO - DAG(s) '4_dag_PUSH_Updated_YML_To_Cortex' retrieved from /home/cloud/codings/airflow/dags/4_dag_PUSH_Updated_YML_To_Cortex.py
[2026-03-10T14:44:28.659+0000] {logging_mixin.py:188} INFO - [2026-03-10T14:44:28.659+0000] {dag.py:3089} INFO - Sync 1 DAGs
[2026-03-10T14:44:28.678+0000] {logging_mixin.py:188} INFO - [2026-03-10T14:44:28.678+0000] {dag.py:3947} INFO - Setting next_dagrun for 4_dag_PUSH_Updated_YML_To_Cortex to None, run_after=None
[2026-03-10T14:44:28.732+0000] {processor.py:183} INFO - Processing /home/cloud/codings/airflow/dags/4_dag_PUSH_Updated_YML_To_Cortex.py took 0.148 seconds
[2026-03-10T14:44:59.109+0000] {processor.py:161} INFO - Started process (PID=508071) to work on /home/cloud/codings/airflow/dags/4_dag_PUSH_Updated_YML_To_Cortex.py
[2026-03-10T14:44:59.116+0000] {processor.py:830} INFO - Processing file /home/cloud/codings/airflow/dags/4_dag_PUSH_Updated_YML_To_Cortex.py for tasks to queue
[2026-03-10T14:44:59.122+0000] {logging_mixin.py:188} INFO - [2026-03-10T14:44:59.120+0000] {dagbag.py:545} INFO - Filling up the DagBag from /home/cloud/codings/airflow/dags/4_dag_PUSH_Updated_YML_To_Cortex.py
[2026-03-10T14:44:59.172+0000] {processor.py:840} INFO - DAG(s) '4_dag_PUSH_Updated_YML_To_Cortex' retrieved from /home/cloud/codings/airflow/dags/4_dag_PUSH_Updated_YML_To_Cortex.py
[2026-03-10T14:44:59.206+0000] {logging_mixin.py:188} INFO - [2026-03-10T14:44:59.205+0000] {dag.py:3089} INFO - Sync 1 DAGs
[2026-03-10T14:44:59.235+0000] {logging_mixin.py:188} INFO - [2026-03-10T14:44:59.234+0000] {dag.py:3947} INFO - Setting next_dagrun for 4_dag_PUSH_Updated_YML_To_Cortex to None, run_after=None
[2026-03-10T14:44:59.274+0000] {processor.py:183} INFO - Processing /home/cloud/codings/airflow/dags/4_dag_PUSH_Updated_YML_To_Cortex.py took 0.177 seconds
[2026-03-10T14:45:29.857+0000] {processor.py:161} INFO - Started process (PID=508298) to work on /home/cloud/codings/airflow/dags/4_dag_PUSH_Updated_YML_To_Cortex.py
[2026-03-10T14:45:29.864+0000] {processor.py:830} INFO - Processing file /home/cloud/codings/airflow/dags/4_dag_PUSH_Updated_YML_To_Cortex.py for tasks to queue
[2026-03-10T14:45:29.866+0000] {logging_mixin.py:188} INFO - [2026-03-10T14:45:29.865+0000] {dagbag.py:545} INFO - Filling up the DagBag from /home/cloud/codings/airflow/dags/4_dag_PUSH_Updated_YML_To_Cortex.py
[2026-03-10T14:45:29.910+0000] {processor.py:840} INFO - DAG(s) '4_dag_PUSH_Updated_YML_To_Cortex' retrieved from /home/cloud/codings/airflow/dags/4_dag_PUSH_Updated_YML_To_Cortex.py
[2026-03-10T14:45:29.933+0000] {logging_mixin.py:188} INFO - [2026-03-10T14:45:29.932+0000] {dag.py:3089} INFO - Sync 1 DAGs
[2026-03-10T14:45:29.956+0000] {logging_mixin.py:188} INFO - [2026-03-10T14:45:29.956+0000] {dag.py:3947} INFO - Setting next_dagrun for 4_dag_PUSH_Updated_YML_To_Cortex to None, run_after=None
[2026-03-10T14:45:29.995+0000] {processor.py:183} INFO - Processing /home/cloud/codings/airflow/dags/4_dag_PUSH_Updated_YML_To_Cortex.py took 0.151 seconds
[2026-03-10T14:46:00.566+0000] {processor.py:161} INFO - Started process (PID=508509) to work on /home/cloud/codings/airflow/dags/4_dag_PUSH_Updated_YML_To_Cortex.py
[2026-03-10T14:46:00.573+0000] {processor.py:830} INFO - Processing file /home/cloud/codings/airflow/dags/4_dag_PUSH_Updated_YML_To_Cortex.py for tasks to queue
[2026-03-10T14:46:00.574+0000] {logging_mixin.py:188} INFO - [2026-03-10T14:46:00.574+0000] {dagbag.py:545} INFO - Filling up the DagBag from /home/cloud/codings/airflow/dags/4_dag_PUSH_Updated_YML_To_Cortex.py
[2026-03-10T14:46:00.618+0000] {processor.py:840} INFO - DAG(s) '4_dag_PUSH_Updated_YML_To_Cortex' retrieved from /home/cloud/codings/airflow/dags/4_dag_PUSH_Updated_YML_To_Cortex.py
[2026-03-10T14:46:00.648+0000] {logging_mixin.py:188} INFO - [2026-03-10T14:46:00.647+0000] {dag.py:3089} INFO - Sync 1 DAGs
[2026-03-10T14:46:00.681+0000] {logging_mixin.py:188} INFO - [2026-03-10T14:46:00.680+0000] {dag.py:3947} INFO - Setting next_dagrun for 4_dag_PUSH_Updated_YML_To_Cortex to None, run_after=None
[2026-03-10T14:46:00.728+0000] {processor.py:183} INFO - Processing /home/cloud/codings/airflow/dags/4_dag_PUSH_Updated_YML_To_Cortex.py took 0.173 seconds
[2026-03-10T14:46:31.140+0000] {processor.py:161} INFO - Started process (PID=508891) to work on /home/cloud/codings/airflow/dags/4_dag_PUSH_Updated_YML_To_Cortex.py
[2026-03-10T14:46:31.143+0000] {processor.py:830} INFO - Processing file /home/cloud/codings/airflow/dags/4_dag_PUSH_Updated_YML_To_Cortex.py for tasks to queue
[2026-03-10T14:46:31.144+0000] {logging_mixin.py:188} INFO - [2026-03-10T14:46:31.144+0000] {dagbag.py:545} INFO - Filling up the DagBag from /home/cloud/codings/airflow/dags/4_dag_PUSH_Updated_YML_To_Cortex.py
[2026-03-10T14:46:31.175+0000] {processor.py:840} INFO - DAG(s) '4_dag_PUSH_Updated_YML_To_Cortex' retrieved from /home/cloud/codings/airflow/dags/4_dag_PUSH_Updated_YML_To_Cortex.py
[2026-03-10T14:46:31.199+0000] {logging_mixin.py:188} INFO - [2026-03-10T14:46:31.198+0000] {dag.py:3089} INFO - Sync 1 DAGs
[2026-03-10T14:46:31.232+0000] {logging_mixin.py:188} INFO - [2026-03-10T14:46:31.231+0000] {dag.py:3947} INFO - Setting next_dagrun for 4_dag_PUSH_Updated_YML_To_Cortex to None, run_after=None
[2026-03-10T14:46:31.272+0000] {processor.py:183} INFO - Processing /home/cloud/codings/airflow/dags/4_dag_PUSH_Updated_YML_To_Cortex.py took 0.143 seconds
[2026-03-10T14:47:01.772+0000] {processor.py:161} INFO - Started process (PID=509168) to work on /home/cloud/codings/airflow/dags/4_dag_PUSH_Updated_YML_To_Cortex.py
[2026-03-10T14:47:01.778+0000] {processor.py:830} INFO - Processing file /home/cloud/codings/airflow/dags/4_dag_PUSH_Updated_YML_To_Cortex.py for tasks to queue
[2026-03-10T14:47:01.779+0000] {logging_mixin.py:188} INFO - [2026-03-10T14:47:01.779+0000] {dagbag.py:545} INFO - Filling up the DagBag from /home/cloud/codings/airflow/dags/4_dag_PUSH_Updated_YML_To_Cortex.py
[2026-03-10T14:47:01.805+0000] {processor.py:840} INFO - DAG(s) '4_dag_PUSH_Updated_YML_To_Cortex' retrieved from /home/cloud/codings/airflow/dags/4_dag_PUSH_Updated_YML_To_Cortex.py
[2026-03-10T14:47:01.823+0000] {logging_mixin.py:188} INFO - [2026-03-10T14:47:01.823+0000] {dag.py:3089} INFO - Sync 1 DAGs
[2026-03-10T14:47:01.838+0000] {logging_mixin.py:188} INFO - [2026-03-10T14:47:01.838+0000] {dag.py:3947} INFO - Setting next_dagrun for 4_dag_PUSH_Updated_YML_To_Cortex to None, run_after=None
[2026-03-10T14:47:01.866+0000] {processor.py:183} INFO - Processing /home/cloud/codings/airflow/dags/4_dag_PUSH_Updated_YML_To_Cortex.py took 0.102 seconds
[2026-03-10T14:47:32.007+0000] {processor.py:161} INFO - Started process (PID=509357) to work on /home/cloud/codings/airflow/dags/4_dag_PUSH_Updated_YML_To_Cortex.py
[2026-03-10T14:47:32.011+0000] {processor.py:830} INFO - Processing file /home/cloud/codings/airflow/dags/4_dag_PUSH_Updated_YML_To_Cortex.py for tasks to queue
[2026-03-10T14:47:32.012+0000] {logging_mixin.py:188} INFO - [2026-03-10T14:47:32.012+0000] {dagbag.py:545} INFO - Filling up the DagBag from /home/cloud/codings/airflow/dags/4_dag_PUSH_Updated_YML_To_Cortex.py
[2026-03-10T14:47:32.038+0000] {processor.py:840} INFO - DAG(s) '4_dag_PUSH_Updated_YML_To_Cortex' retrieved from /home/cloud/codings/airflow/dags/4_dag_PUSH_Updated_YML_To_Cortex.py
[2026-03-10T14:47:32.054+0000] {logging_mixin.py:188} INFO - [2026-03-10T14:47:32.054+0000] {dag.py:3089} INFO - Sync 1 DAGs
[2026-03-10T14:47:32.068+0000] {logging_mixin.py:188} INFO - [2026-03-10T14:47:32.067+0000] {dag.py:3947} INFO - Setting next_dagrun for 4_dag_PUSH_Updated_YML_To_Cortex to None, run_after=None
[2026-03-10T14:47:32.099+0000] {processor.py:183} INFO - Processing /home/cloud/codings/airflow/dags/4_dag_PUSH_Updated_YML_To_Cortex.py took 0.100 seconds
[2026-03-10T14:48:02.485+0000] {processor.py:161} INFO - Started process (PID=509634) to work on /home/cloud/codings/airflow/dags/4_dag_PUSH_Updated_YML_To_Cortex.py
[2026-03-10T14:48:02.491+0000] {processor.py:830} INFO - Processing file /home/cloud/codings/airflow/dags/4_dag_PUSH_Updated_YML_To_Cortex.py for tasks to queue
[2026-03-10T14:48:02.493+0000] {logging_mixin.py:188} INFO - [2026-03-10T14:48:02.492+0000] {dagbag.py:545} INFO - Filling up the DagBag from /home/cloud/codings/airflow/dags/4_dag_PUSH_Updated_YML_To_Cortex.py
[2026-03-10T14:48:02.518+0000] {processor.py:840} INFO - DAG(s) '4_dag_PUSH_Updated_YML_To_Cortex' retrieved from /home/cloud/codings/airflow/dags/4_dag_PUSH_Updated_YML_To_Cortex.py
[2026-03-10T14:48:02.536+0000] {logging_mixin.py:188} INFO - [2026-03-10T14:48:02.536+0000] {dag.py:3089} INFO - Sync 1 DAGs
[2026-03-10T14:48:02.552+0000] {logging_mixin.py:188} INFO - [2026-03-10T14:48:02.552+0000] {dag.py:3947} INFO - Setting next_dagrun for 4_dag_PUSH_Updated_YML_To_Cortex to None, run_after=None
[2026-03-10T14:48:02.583+0000] {processor.py:183} INFO - Processing /home/cloud/codings/airflow/dags/4_dag_PUSH_Updated_YML_To_Cortex.py took 0.115 seconds
[2026-03-10T14:48:32.751+0000] {processor.py:161} INFO - Started process (PID=509845) to work on /home/cloud/codings/airflow/dags/4_dag_PUSH_Updated_YML_To_Cortex.py
[2026-03-10T14:48:32.757+0000] {processor.py:830} INFO - Processing file /home/cloud/codings/airflow/dags/4_dag_PUSH_Updated_YML_To_Cortex.py for tasks to queue
[2026-03-10T14:48:32.758+0000] {logging_mixin.py:188} INFO - [2026-03-10T14:48:32.758+0000] {dagbag.py:545} INFO - Filling up the DagBag from /home/cloud/codings/airflow/dags/4_dag_PUSH_Updated_YML_To_Cortex.py
[2026-03-10T14:48:32.781+0000] {processor.py:840} INFO - DAG(s) '4_dag_PUSH_Updated_YML_To_Cortex' retrieved from /home/cloud/codings/airflow/dags/4_dag_PUSH_Updated_YML_To_Cortex.py
[2026-03-10T14:48:32.800+0000] {logging_mixin.py:188} INFO - [2026-03-10T14:48:32.800+0000] {dag.py:3089} INFO - Sync 1 DAGs
[2026-03-10T14:48:32.817+0000] {logging_mixin.py:188} INFO - [2026-03-10T14:48:32.816+0000] {dag.py:3947} INFO - Setting next_dagrun for 4_dag_PUSH_Updated_YML_To_Cortex to None, run_after=None
[2026-03-10T14:48:32.856+0000] {processor.py:183} INFO - Processing /home/cloud/codings/airflow/dags/4_dag_PUSH_Updated_YML_To_Cortex.py took 0.112 seconds
[2026-03-10T14:49:03.380+0000] {processor.py:161} INFO - Started process (PID=510123) to work on /home/cloud/codings/airflow/dags/4_dag_PUSH_Updated_YML_To_Cortex.py
[2026-03-10T14:49:03.385+0000] {processor.py:830} INFO - Processing file /home/cloud/codings/airflow/dags/4_dag_PUSH_Updated_YML_To_Cortex.py for tasks to queue
[2026-03-10T14:49:03.387+0000] {logging_mixin.py:188} INFO - [2026-03-10T14:49:03.386+0000] {dagbag.py:545} INFO - Filling up the DagBag from /home/cloud/codings/airflow/dags/4_dag_PUSH_Updated_YML_To_Cortex.py
[2026-03-10T14:49:03.413+0000] {processor.py:840} INFO - DAG(s) '4_dag_PUSH_Updated_YML_To_Cortex' retrieved from /home/cloud/codings/airflow/dags/4_dag_PUSH_Updated_YML_To_Cortex.py
[2026-03-10T14:49:03.429+0000] {logging_mixin.py:188} INFO - [2026-03-10T14:49:03.428+0000] {dag.py:3089} INFO - Sync 1 DAGs
[2026-03-10T14:49:03.442+0000] {logging_mixin.py:188} INFO - [2026-03-10T14:49:03.442+0000] {dag.py:3947} INFO - Setting next_dagrun for 4_dag_PUSH_Updated_YML_To_Cortex to None, run_after=None
[2026-03-10T14:49:03.471+0000] {processor.py:183} INFO - Processing /home/cloud/codings/airflow/dags/4_dag_PUSH_Updated_YML_To_Cortex.py took 0.098 seconds
[2026-03-10T14:49:34.394+0000] {processor.py:161} INFO - Started process (PID=510496) to work on /home/cloud/codings/airflow/dags/4_dag_PUSH_Updated_YML_To_Cortex.py
[2026-03-10T14:49:34.400+0000] {processor.py:830} INFO - Processing file /home/cloud/codings/airflow/dags/4_dag_PUSH_Updated_YML_To_Cortex.py for tasks to queue
[2026-03-10T14:49:34.402+0000] {logging_mixin.py:188} INFO - [2026-03-10T14:49:34.401+0000] {dagbag.py:545} INFO - Filling up the DagBag from /home/cloud/codings/airflow/dags/4_dag_PUSH_Updated_YML_To_Cortex.py
[2026-03-10T14:49:34.446+0000] {processor.py:840} INFO - DAG(s) '4_dag_PUSH_Updated_YML_To_Cortex' retrieved from /home/cloud/codings/airflow/dags/4_dag_PUSH_Updated_YML_To_Cortex.py
[2026-03-10T14:49:34.469+0000] {logging_mixin.py:188} INFO - [2026-03-10T14:49:34.468+0000] {dag.py:3089} INFO - Sync 1 DAGs
[2026-03-10T14:49:34.500+0000] {logging_mixin.py:188} INFO - [2026-03-10T14:49:34.499+0000] {dag.py:3947} INFO - Setting next_dagrun for 4_dag_PUSH_Updated_YML_To_Cortex to None, run_after=None
[2026-03-10T14:49:34.546+0000] {processor.py:183} INFO - Processing /home/cloud/codings/airflow/dags/4_dag_PUSH_Updated_YML_To_Cortex.py took 0.166 seconds
[2026-03-10T14:50:05.133+0000] {processor.py:161} INFO - Started process (PID=510775) to work on /home/cloud/codings/airflow/dags/4_dag_PUSH_Updated_YML_To_Cortex.py
[2026-03-10T14:50:05.138+0000] {processor.py:830} INFO - Processing file /home/cloud/codings/airflow/dags/4_dag_PUSH_Updated_YML_To_Cortex.py for tasks to queue
[2026-03-10T14:50:05.139+0000] {logging_mixin.py:188} INFO - [2026-03-10T14:50:05.138+0000] {dagbag.py:545} INFO - Filling up the DagBag from /home/cloud/codings/airflow/dags/4_dag_PUSH_Updated_YML_To_Cortex.py
[2026-03-10T14:50:05.164+0000] {processor.py:840} INFO - DAG(s) '4_dag_PUSH_Updated_YML_To_Cortex' retrieved from /home/cloud/codings/airflow/dags/4_dag_PUSH_Updated_YML_To_Cortex.py
[2026-03-10T14:50:05.182+0000] {logging_mixin.py:188} INFO - [2026-03-10T14:50:05.181+0000] {dag.py:3089} INFO - Sync 1 DAGs
[2026-03-10T14:50:05.199+0000] {logging_mixin.py:188} INFO - [2026-03-10T14:50:05.199+0000] {dag.py:3947} INFO - Setting next_dagrun for 4_dag_PUSH_Updated_YML_To_Cortex to None, run_after=None
[2026-03-10T14:50:05.230+0000] {processor.py:183} INFO - Processing /home/cloud/codings/airflow/dags/4_dag_PUSH_Updated_YML_To_Cortex.py took 0.104 seconds
[2026-03-10T14:50:35.415+0000] {processor.py:161} INFO - Started process (PID=510997) to work on /home/cloud/codings/airflow/dags/4_dag_PUSH_Updated_YML_To_Cortex.py
[2026-03-10T14:50:35.417+0000] {processor.py:830} INFO - Processing file /home/cloud/codings/airflow/dags/4_dag_PUSH_Updated_YML_To_Cortex.py for tasks to queue
[2026-03-10T14:50:35.419+0000] {logging_mixin.py:188} INFO - [2026-03-10T14:50:35.418+0000] {dagbag.py:545} INFO - Filling up the DagBag from /home/cloud/codings/airflow/dags/4_dag_PUSH_Updated_YML_To_Cortex.py
[2026-03-10T14:50:35.448+0000] {processor.py:840} INFO - DAG(s) '4_dag_PUSH_Updated_YML_To_Cortex' retrieved from /home/cloud/codings/airflow/dags/4_dag_PUSH_Updated_YML_To_Cortex.py
[2026-03-10T14:50:35.465+0000] {logging_mixin.py:188} INFO - [2026-03-10T14:50:35.465+0000] {dag.py:3089} INFO - Sync 1 DAGs
[2026-03-10T14:50:35.479+0000] {logging_mixin.py:188} INFO - [2026-03-10T14:50:35.479+0000] {dag.py:3947} INFO - Setting next_dagrun for 4_dag_PUSH_Updated_YML_To_Cortex to None, run_after=None
[2026-03-10T14:50:35.506+0000] {processor.py:183} INFO - Processing /home/cloud/codings/airflow/dags/4_dag_PUSH_Updated_YML_To_Cortex.py took 0.101 seconds
[2026-03-10T14:51:06.397+0000] {processor.py:161} INFO - Started process (PID=511342) to work on /home/cloud/codings/airflow/dags/4_dag_PUSH_Updated_YML_To_Cortex.py
[2026-03-10T14:51:06.398+0000] {processor.py:830} INFO - Processing file /home/cloud/codings/airflow/dags/4_dag_PUSH_Updated_YML_To_Cortex.py for tasks to queue
[2026-03-10T14:51:06.398+0000] {logging_mixin.py:188} INFO - [2026-03-10T14:51:06.398+0000] {dagbag.py:545} INFO - Filling up the DagBag from /home/cloud/codings/airflow/dags/4_dag_PUSH_Updated_YML_To_Cortex.py
[2026-03-10T14:51:06.417+0000] {processor.py:840} INFO - DAG(s) '4_dag_PUSH_Updated_YML_To_Cortex' retrieved from /home/cloud/codings/airflow/dags/4_dag_PUSH_Updated_YML_To_Cortex.py
[2026-03-10T14:51:06.431+0000] {logging_mixin.py:188} INFO - [2026-03-10T14:51:06.430+0000] {dag.py:3089} INFO - Sync 1 DAGs
[2026-03-10T14:51:06.442+0000] {logging_mixin.py:188} INFO - [2026-03-10T14:51:06.442+0000] {dag.py:3947} INFO - Setting next_dagrun for 4_dag_PUSH_Updated_YML_To_Cortex to None, run_after=None
[2026-03-10T14:51:06.464+0000] {processor.py:183} INFO - Processing /home/cloud/codings/airflow/dags/4_dag_PUSH_Updated_YML_To_Cortex.py took 0.072 seconds
[2026-03-10T14:51:37.263+0000] {processor.py:161} INFO - Started process (PID=511567) to work on /home/cloud/codings/airflow/dags/4_dag_PUSH_Updated_YML_To_Cortex.py
[2026-03-10T14:51:37.265+0000] {processor.py:830} INFO - Processing file /home/cloud/codings/airflow/dags/4_dag_PUSH_Updated_YML_To_Cortex.py for tasks to queue
[2026-03-10T14:51:37.266+0000] {logging_mixin.py:188} INFO - [2026-03-10T14:51:37.265+0000] {dagbag.py:545} INFO - Filling up the DagBag from /home/cloud/codings/airflow/dags/4_dag_PUSH_Updated_YML_To_Cortex.py
[2026-03-10T14:51:37.284+0000] {processor.py:840} INFO - DAG(s) '4_dag_PUSH_Updated_YML_To_Cortex' retrieved from /home/cloud/codings/airflow/dags/4_dag_PUSH_Updated_YML_To_Cortex.py
[2026-03-10T14:51:37.297+0000] {logging_mixin.py:188} INFO - [2026-03-10T14:51:37.297+0000] {dag.py:3089} INFO - Sync 1 DAGs
[2026-03-10T14:51:37.307+0000] {logging_mixin.py:188} INFO - [2026-03-10T14:51:37.307+0000] {dag.py:3947} INFO - Setting next_dagrun for 4_dag_PUSH_Updated_YML_To_Cortex to None, run_after=None
[2026-03-10T14:51:37.331+0000] {processor.py:183} INFO - Processing /home/cloud/codings/airflow/dags/4_dag_PUSH_Updated_YML_To_Cortex.py took 0.074 seconds
[2026-03-10T14:52:07.476+0000] {processor.py:161} INFO - Started process (PID=511719) to work on /home/cloud/codings/airflow/dags/4_dag_PUSH_Updated_YML_To_Cortex.py
[2026-03-10T14:52:07.477+0000] {processor.py:830} INFO - Processing file /home/cloud/codings/airflow/dags/4_dag_PUSH_Updated_YML_To_Cortex.py for tasks to queue
[2026-03-10T14:52:07.478+0000] {logging_mixin.py:188} INFO - [2026-03-10T14:52:07.478+0000] {dagbag.py:545} INFO - Filling up the DagBag from /home/cloud/codings/airflow/dags/4_dag_PUSH_Updated_YML_To_Cortex.py
[2026-03-10T14:52:07.502+0000] {processor.py:840} INFO - DAG(s) '4_dag_PUSH_Updated_YML_To_Cortex' retrieved from /home/cloud/codings/airflow/dags/4_dag_PUSH_Updated_YML_To_Cortex.py
[2026-03-10T14:52:07.517+0000] {logging_mixin.py:188} INFO - [2026-03-10T14:52:07.516+0000] {dag.py:3089} INFO - Sync 1 DAGs
[2026-03-10T14:52:07.533+0000] {logging_mixin.py:188} INFO - [2026-03-10T14:52:07.533+0000] {dag.py:3947} INFO - Setting next_dagrun for 4_dag_PUSH_Updated_YML_To_Cortex to None, run_after=None
[2026-03-10T14:52:07.560+0000] {processor.py:183} INFO - Processing /home/cloud/codings/airflow/dags/4_dag_PUSH_Updated_YML_To_Cortex.py took 0.091 seconds
[2026-03-10T14:52:38.099+0000] {processor.py:161} INFO - Started process (PID=511792) to work on /home/cloud/codings/airflow/dags/4_dag_PUSH_Updated_YML_To_Cortex.py
[2026-03-10T14:52:38.103+0000] {processor.py:830} INFO - Processing file /home/cloud/codings/airflow/dags/4_dag_PUSH_Updated_YML_To_Cortex.py for tasks to queue
[2026-03-10T14:52:38.104+0000] {logging_mixin.py:188} INFO - [2026-03-10T14:52:38.104+0000] {dagbag.py:545} INFO - Filling up the DagBag from /home/cloud/codings/airflow/dags/4_dag_PUSH_Updated_YML_To_Cortex.py
[2026-03-10T14:52:38.123+0000] {processor.py:840} INFO - DAG(s) '4_dag_PUSH_Updated_YML_To_Cortex' retrieved from /home/cloud/codings/airflow/dags/4_dag_PUSH_Updated_YML_To_Cortex.py
[2026-03-10T14:52:38.137+0000] {logging_mixin.py:188} INFO - [2026-03-10T14:52:38.136+0000] {dag.py:3089} INFO - Sync 1 DAGs
[2026-03-10T14:52:38.147+0000] {logging_mixin.py:188} INFO - [2026-03-10T14:52:38.147+0000] {dag.py:3947} INFO - Setting next_dagrun for 4_dag_PUSH_Updated_YML_To_Cortex to None, run_after=None
[2026-03-10T14:52:38.171+0000] {processor.py:183} INFO - Processing /home/cloud/codings/airflow/dags/4_dag_PUSH_Updated_YML_To_Cortex.py took 0.078 seconds
[2026-03-10T14:53:08.577+0000] {processor.py:161} INFO - Started process (PID=511925) to work on /home/cloud/codings/airflow/dags/4_dag_PUSH_Updated_YML_To_Cortex.py
[2026-03-10T14:53:08.582+0000] {processor.py:830} INFO - Processing file /home/cloud/codings/airflow/dags/4_dag_PUSH_Updated_YML_To_Cortex.py for tasks to queue
[2026-03-10T14:53:08.583+0000] {logging_mixin.py:188} INFO - [2026-03-10T14:53:08.583+0000] {dagbag.py:545} INFO - Filling up the DagBag from /home/cloud/codings/airflow/dags/4_dag_PUSH_Updated_YML_To_Cortex.py
[2026-03-10T14:53:08.605+0000] {processor.py:840} INFO - DAG(s) '4_dag_PUSH_Updated_YML_To_Cortex' retrieved from /home/cloud/codings/airflow/dags/4_dag_PUSH_Updated_YML_To_Cortex.py
[2026-03-10T14:53:08.620+0000] {logging_mixin.py:188} INFO - [2026-03-10T14:53:08.620+0000] {dag.py:3089} INFO - Sync 1 DAGs
[2026-03-10T14:53:08.632+0000] {logging_mixin.py:188} INFO - [2026-03-10T14:53:08.632+0000] {dag.py:3947} INFO - Setting next_dagrun for 4_dag_PUSH_Updated_YML_To_Cortex to None, run_after=None
[2026-03-10T14:53:08.657+0000] {processor.py:183} INFO - Processing /home/cloud/codings/airflow/dags/4_dag_PUSH_Updated_YML_To_Cortex.py took 0.086 seconds
[2026-03-10T14:53:38.938+0000] {processor.py:161} INFO - Started process (PID=512000) to work on /home/cloud/codings/airflow/dags/4_dag_PUSH_Updated_YML_To_Cortex.py
[2026-03-10T14:53:38.940+0000] {processor.py:830} INFO - Processing file /home/cloud/codings/airflow/dags/4_dag_PUSH_Updated_YML_To_Cortex.py for tasks to queue
[2026-03-10T14:53:38.941+0000] {logging_mixin.py:188} INFO - [2026-03-10T14:53:38.940+0000] {dagbag.py:545} INFO - Filling up the DagBag from /home/cloud/codings/airflow/dags/4_dag_PUSH_Updated_YML_To_Cortex.py
[2026-03-10T14:53:38.966+0000] {processor.py:840} INFO - DAG(s) '4_dag_PUSH_Updated_YML_To_Cortex' retrieved from /home/cloud/codings/airflow/dags/4_dag_PUSH_Updated_YML_To_Cortex.py
[2026-03-10T14:53:38.981+0000] {logging_mixin.py:188} INFO - [2026-03-10T14:53:38.981+0000] {dag.py:3089} INFO - Sync 1 DAGs
[2026-03-10T14:53:38.994+0000] {logging_mixin.py:188} INFO - [2026-03-10T14:53:38.994+0000] {dag.py:3947} INFO - Setting next_dagrun for 4_dag_PUSH_Updated_YML_To_Cortex to None, run_after=None
[2026-03-10T14:53:39.021+0000] {processor.py:183} INFO - Processing /home/cloud/codings/airflow/dags/4_dag_PUSH_Updated_YML_To_Cortex.py took 0.090 seconds
[2026-03-10T14:54:09.344+0000] {processor.py:161} INFO - Started process (PID=512128) to work on /home/cloud/codings/airflow/dags/4_dag_PUSH_Updated_YML_To_Cortex.py
[2026-03-10T14:54:09.348+0000] {processor.py:830} INFO - Processing file /home/cloud/codings/airflow/dags/4_dag_PUSH_Updated_YML_To_Cortex.py for tasks to queue
[2026-03-10T14:54:09.349+0000] {logging_mixin.py:188} INFO - [2026-03-10T14:54:09.349+0000] {dagbag.py:545} INFO - Filling up the DagBag from /home/cloud/codings/airflow/dags/4_dag_PUSH_Updated_YML_To_Cortex.py
[2026-03-10T14:54:09.370+0000] {processor.py:840} INFO - DAG(s) '4_dag_PUSH_Updated_YML_To_Cortex' retrieved from /home/cloud/codings/airflow/dags/4_dag_PUSH_Updated_YML_To_Cortex.py
[2026-03-10T14:54:09.387+0000] {logging_mixin.py:188} INFO - [2026-03-10T14:54:09.386+0000] {dag.py:3089} INFO - Sync 1 DAGs
[2026-03-10T14:54:09.404+0000] {logging_mixin.py:188} INFO - [2026-03-10T14:54:09.403+0000] {dag.py:3947} INFO - Setting next_dagrun for 4_dag_PUSH_Updated_YML_To_Cortex to None, run_after=None
[2026-03-10T14:54:09.437+0000] {processor.py:183} INFO - Processing /home/cloud/codings/airflow/dags/4_dag_PUSH_Updated_YML_To_Cortex.py took 0.099 seconds
[2026-03-10T14:54:39.752+0000] {processor.py:161} INFO - Started process (PID=512201) to work on /home/cloud/codings/airflow/dags/4_dag_PUSH_Updated_YML_To_Cortex.py
[2026-03-10T14:54:39.756+0000] {processor.py:830} INFO - Processing file /home/cloud/codings/airflow/dags/4_dag_PUSH_Updated_YML_To_Cortex.py for tasks to queue
[2026-03-10T14:54:39.758+0000] {logging_mixin.py:188} INFO - [2026-03-10T14:54:39.757+0000] {dagbag.py:545} INFO - Filling up the DagBag from /home/cloud/codings/airflow/dags/4_dag_PUSH_Updated_YML_To_Cortex.py
[2026-03-10T14:54:39.784+0000] {processor.py:840} INFO - DAG(s) '4_dag_PUSH_Updated_YML_To_Cortex' retrieved from /home/cloud/codings/airflow/dags/4_dag_PUSH_Updated_YML_To_Cortex.py
[2026-03-10T14:54:39.801+0000] {logging_mixin.py:188} INFO - [2026-03-10T14:54:39.801+0000] {dag.py:3089} INFO - Sync 1 DAGs
[2026-03-10T14:54:39.817+0000] {logging_mixin.py:188} INFO - [2026-03-10T14:54:39.817+0000] {dag.py:3947} INFO - Setting next_dagrun for 4_dag_PUSH_Updated_YML_To_Cortex to None, run_after=None
[2026-03-10T14:54:39.848+0000] {processor.py:183} INFO - Processing /home/cloud/codings/airflow/dags/4_dag_PUSH_Updated_YML_To_Cortex.py took 0.103 seconds
[2026-03-10T14:55:10.272+0000] {processor.py:161} INFO - Started process (PID=512337) to work on /home/cloud/codings/airflow/dags/4_dag_PUSH_Updated_YML_To_Cortex.py
[2026-03-10T14:55:10.277+0000] {processor.py:830} INFO - Processing file /home/cloud/codings/airflow/dags/4_dag_PUSH_Updated_YML_To_Cortex.py for tasks to queue
[2026-03-10T14:55:10.278+0000] {logging_mixin.py:188} INFO - [2026-03-10T14:55:10.277+0000] {dagbag.py:545} INFO - Filling up the DagBag from /home/cloud/codings/airflow/dags/4_dag_PUSH_Updated_YML_To_Cortex.py
[2026-03-10T14:55:10.304+0000] {processor.py:840} INFO - DAG(s) '4_dag_PUSH_Updated_YML_To_Cortex' retrieved from /home/cloud/codings/airflow/dags/4_dag_PUSH_Updated_YML_To_Cortex.py
[2026-03-10T14:55:10.321+0000] {logging_mixin.py:188} INFO - [2026-03-10T14:55:10.321+0000] {dag.py:3089} INFO - Sync 1 DAGs
[2026-03-10T14:55:10.335+0000] {logging_mixin.py:188} INFO - [2026-03-10T14:55:10.335+0000] {dag.py:3947} INFO - Setting next_dagrun for 4_dag_PUSH_Updated_YML_To_Cortex to None, run_after=None
[2026-03-10T14:55:10.363+0000] {processor.py:183} INFO - Processing /home/cloud/codings/airflow/dags/4_dag_PUSH_Updated_YML_To_Cortex.py took 0.098 seconds
[2026-03-10T14:55:40.681+0000] {processor.py:161} INFO - Started process (PID=512472) to work on /home/cloud/codings/airflow/dags/4_dag_PUSH_Updated_YML_To_Cortex.py
[2026-03-10T14:55:40.687+0000] {processor.py:830} INFO - Processing file /home/cloud/codings/airflow/dags/4_dag_PUSH_Updated_YML_To_Cortex.py for tasks to queue
[2026-03-10T14:55:40.688+0000] {logging_mixin.py:188} INFO - [2026-03-10T14:55:40.688+0000] {dagbag.py:545} INFO - Filling up the DagBag from /home/cloud/codings/airflow/dags/4_dag_PUSH_Updated_YML_To_Cortex.py
[2026-03-10T14:55:40.727+0000] {processor.py:840} INFO - DAG(s) '4_dag_PUSH_Updated_YML_To_Cortex' retrieved from /home/cloud/codings/airflow/dags/4_dag_PUSH_Updated_YML_To_Cortex.py
[2026-03-10T14:55:40.755+0000] {logging_mixin.py:188} INFO - [2026-03-10T14:55:40.754+0000] {dag.py:3089} INFO - Sync 1 DAGs
[2026-03-10T14:55:40.777+0000] {logging_mixin.py:188} INFO - [2026-03-10T14:55:40.777+0000] {dag.py:3947} INFO - Setting next_dagrun for 4_dag_PUSH_Updated_YML_To_Cortex to None, run_after=None
[2026-03-10T14:55:40.812+0000] {processor.py:183} INFO - Processing /home/cloud/codings/airflow/dags/4_dag_PUSH_Updated_YML_To_Cortex.py took 0.141 seconds
[2026-03-10T14:56:11.077+0000] {processor.py:161} INFO - Started process (PID=512747) to work on /home/cloud/codings/airflow/dags/4_dag_PUSH_Updated_YML_To_Cortex.py
[2026-03-10T14:56:11.082+0000] {processor.py:830} INFO - Processing file /home/cloud/codings/airflow/dags/4_dag_PUSH_Updated_YML_To_Cortex.py for tasks to queue
[2026-03-10T14:56:11.083+0000] {logging_mixin.py:188} INFO - [2026-03-10T14:56:11.082+0000] {dagbag.py:545} INFO - Filling up the DagBag from /home/cloud/codings/airflow/dags/4_dag_PUSH_Updated_YML_To_Cortex.py
[2026-03-10T14:56:11.114+0000] {processor.py:840} INFO - DAG(s) '4_dag_PUSH_Updated_YML_To_Cortex' retrieved from /home/cloud/codings/airflow/dags/4_dag_PUSH_Updated_YML_To_Cortex.py
[2026-03-10T14:56:11.137+0000] {logging_mixin.py:188} INFO - [2026-03-10T14:56:11.137+0000] {dag.py:3089} INFO - Sync 1 DAGs
[2026-03-10T14:56:11.164+0000] {logging_mixin.py:188} INFO - [2026-03-10T14:56:11.163+0000] {dag.py:3947} INFO - Setting next_dagrun for 4_dag_PUSH_Updated_YML_To_Cortex to None, run_after=None
[2026-03-10T14:56:11.210+0000] {processor.py:183} INFO - Processing /home/cloud/codings/airflow/dags/4_dag_PUSH_Updated_YML_To_Cortex.py took 0.143 seconds
[2026-03-10T14:56:41.565+0000] {processor.py:161} INFO - Started process (PID=512972) to work on /home/cloud/codings/airflow/dags/4_dag_PUSH_Updated_YML_To_Cortex.py
[2026-03-10T14:56:41.568+0000] {processor.py:830} INFO - Processing file /home/cloud/codings/airflow/dags/4_dag_PUSH_Updated_YML_To_Cortex.py for tasks to queue
[2026-03-10T14:56:41.570+0000] {logging_mixin.py:188} INFO - [2026-03-10T14:56:41.569+0000] {dagbag.py:545} INFO - Filling up the DagBag from /home/cloud/codings/airflow/dags/4_dag_PUSH_Updated_YML_To_Cortex.py
[2026-03-10T14:56:41.601+0000] {processor.py:840} INFO - DAG(s) '4_dag_PUSH_Updated_YML_To_Cortex' retrieved from /home/cloud/codings/airflow/dags/4_dag_PUSH_Updated_YML_To_Cortex.py
[2026-03-10T14:56:41.616+0000] {logging_mixin.py:188} INFO - [2026-03-10T14:56:41.616+0000] {dag.py:3089} INFO - Sync 1 DAGs
[2026-03-10T14:56:41.630+0000] {logging_mixin.py:188} INFO - [2026-03-10T14:56:41.630+0000] {dag.py:3947} INFO - Setting next_dagrun for 4_dag_PUSH_Updated_YML_To_Cortex to None, run_after=None
[2026-03-10T14:56:41.657+0000] {processor.py:183} INFO - Processing /home/cloud/codings/airflow/dags/4_dag_PUSH_Updated_YML_To_Cortex.py took 0.103 seconds
[2026-03-10T14:57:12.983+0000] {processor.py:161} INFO - Started process (PID=513178) to work on /home/cloud/codings/airflow/dags/4_dag_PUSH_Updated_YML_To_Cortex.py
[2026-03-10T14:57:12.992+0000] {processor.py:830} INFO - Processing file /home/cloud/codings/airflow/dags/4_dag_PUSH_Updated_YML_To_Cortex.py for tasks to queue
[2026-03-10T14:57:12.997+0000] {logging_mixin.py:188} INFO - [2026-03-10T14:57:12.995+0000] {dagbag.py:545} INFO - Filling up the DagBag from /home/cloud/codings/airflow/dags/4_dag_PUSH_Updated_YML_To_Cortex.py
[2026-03-10T14:57:13.052+0000] {processor.py:840} INFO - DAG(s) '4_dag_PUSH_Updated_YML_To_Cortex' retrieved from /home/cloud/codings/airflow/dags/4_dag_PUSH_Updated_YML_To_Cortex.py
[2026-03-10T14:57:13.086+0000] {logging_mixin.py:188} INFO - [2026-03-10T14:57:13.086+0000] {dag.py:3089} INFO - Sync 1 DAGs
[2026-03-10T14:57:13.116+0000] {logging_mixin.py:188} INFO - [2026-03-10T14:57:13.116+0000] {dag.py:3947} INFO - Setting next_dagrun for 4_dag_PUSH_Updated_YML_To_Cortex to None, run_after=None
[2026-03-10T14:57:13.169+0000] {processor.py:183} INFO - Processing /home/cloud/codings/airflow/dags/4_dag_PUSH_Updated_YML_To_Cortex.py took 0.201 seconds
[2026-03-10T14:57:44.475+0000] {processor.py:161} INFO - Started process (PID=513417) to work on /home/cloud/codings/airflow/dags/4_dag_PUSH_Updated_YML_To_Cortex.py
[2026-03-10T14:57:44.487+0000] {processor.py:830} INFO - Processing file /home/cloud/codings/airflow/dags/4_dag_PUSH_Updated_YML_To_Cortex.py for tasks to queue
[2026-03-10T14:57:44.490+0000] {logging_mixin.py:188} INFO - [2026-03-10T14:57:44.488+0000] {dagbag.py:545} INFO - Filling up the DagBag from /home/cloud/codings/airflow/dags/4_dag_PUSH_Updated_YML_To_Cortex.py
[2026-03-10T14:57:44.605+0000] {processor.py:840} INFO - DAG(s) '4_dag_PUSH_Updated_YML_To_Cortex' retrieved from /home/cloud/codings/airflow/dags/4_dag_PUSH_Updated_YML_To_Cortex.py
[2026-03-10T14:57:44.733+0000] {logging_mixin.py:188} INFO - [2026-03-10T14:57:44.730+0000] {dag.py:3089} INFO - Sync 1 DAGs
[2026-03-10T14:57:44.848+0000] {logging_mixin.py:188} INFO - [2026-03-10T14:57:44.847+0000] {dag.py:3947} INFO - Setting next_dagrun for 4_dag_PUSH_Updated_YML_To_Cortex to None, run_after=None
[2026-03-10T14:57:45.070+0000] {processor.py:183} INFO - Processing /home/cloud/codings/airflow/dags/4_dag_PUSH_Updated_YML_To_Cortex.py took 0.623 seconds
[2026-03-10T14:58:15.159+0000] {processor.py:161} INFO - Started process (PID=513668) to work on /home/cloud/codings/airflow/dags/4_dag_PUSH_Updated_YML_To_Cortex.py
[2026-03-10T14:58:15.164+0000] {processor.py:830} INFO - Processing file /home/cloud/codings/airflow/dags/4_dag_PUSH_Updated_YML_To_Cortex.py for tasks to queue
[2026-03-10T14:58:15.166+0000] {logging_mixin.py:188} INFO - [2026-03-10T14:58:15.165+0000] {dagbag.py:545} INFO - Filling up the DagBag from /home/cloud/codings/airflow/dags/4_dag_PUSH_Updated_YML_To_Cortex.py
[2026-03-10T14:58:15.198+0000] {processor.py:840} INFO - DAG(s) '4_dag_PUSH_Updated_YML_To_Cortex' retrieved from /home/cloud/codings/airflow/dags/4_dag_PUSH_Updated_YML_To_Cortex.py
[2026-03-10T14:58:15.220+0000] {logging_mixin.py:188} INFO - [2026-03-10T14:58:15.220+0000] {dag.py:3089} INFO - Sync 1 DAGs
[2026-03-10T14:58:15.239+0000] {logging_mixin.py:188} INFO - [2026-03-10T14:58:15.239+0000] {dag.py:3947} INFO - Setting next_dagrun for 4_dag_PUSH_Updated_YML_To_Cortex to None, run_after=None
[2026-03-10T14:58:15.273+0000] {processor.py:183} INFO - Processing /home/cloud/codings/airflow/dags/4_dag_PUSH_Updated_YML_To_Cortex.py took 0.122 seconds
[2026-03-10T14:58:45.494+0000] {processor.py:161} INFO - Started process (PID=513975) to work on /home/cloud/codings/airflow/dags/4_dag_PUSH_Updated_YML_To_Cortex.py
[2026-03-10T14:58:45.496+0000] {processor.py:830} INFO - Processing file /home/cloud/codings/airflow/dags/4_dag_PUSH_Updated_YML_To_Cortex.py for tasks to queue
[2026-03-10T14:58:45.497+0000] {logging_mixin.py:188} INFO - [2026-03-10T14:58:45.496+0000] {dagbag.py:545} INFO - Filling up the DagBag from /home/cloud/codings/airflow/dags/4_dag_PUSH_Updated_YML_To_Cortex.py
[2026-03-10T14:58:45.527+0000] {processor.py:840} INFO - DAG(s) '4_dag_PUSH_Updated_YML_To_Cortex' retrieved from /home/cloud/codings/airflow/dags/4_dag_PUSH_Updated_YML_To_Cortex.py
[2026-03-10T14:58:45.548+0000] {logging_mixin.py:188} INFO - [2026-03-10T14:58:45.547+0000] {dag.py:3089} INFO - Sync 1 DAGs
[2026-03-10T14:58:45.566+0000] {logging_mixin.py:188} INFO - [2026-03-10T14:58:45.566+0000] {dag.py:3947} INFO - Setting next_dagrun for 4_dag_PUSH_Updated_YML_To_Cortex to None, run_after=None
[2026-03-10T14:58:45.602+0000] {processor.py:183} INFO - Processing /home/cloud/codings/airflow/dags/4_dag_PUSH_Updated_YML_To_Cortex.py took 0.116 seconds
[2026-03-10T14:59:15.726+0000] {processor.py:161} INFO - Started process (PID=514223) to work on /home/cloud/codings/airflow/dags/4_dag_PUSH_Updated_YML_To_Cortex.py
[2026-03-10T14:59:15.730+0000] {processor.py:830} INFO - Processing file /home/cloud/codings/airflow/dags/4_dag_PUSH_Updated_YML_To_Cortex.py for tasks to queue
[2026-03-10T14:59:15.731+0000] {logging_mixin.py:188} INFO - [2026-03-10T14:59:15.731+0000] {dagbag.py:545} INFO - Filling up the DagBag from /home/cloud/codings/airflow/dags/4_dag_PUSH_Updated_YML_To_Cortex.py
[2026-03-10T14:59:15.751+0000] {processor.py:840} INFO - DAG(s) '4_dag_PUSH_Updated_YML_To_Cortex' retrieved from /home/cloud/codings/airflow/dags/4_dag_PUSH_Updated_YML_To_Cortex.py
[2026-03-10T14:59:15.765+0000] {logging_mixin.py:188} INFO - [2026-03-10T14:59:15.764+0000] {dag.py:3089} INFO - Sync 1 DAGs
[2026-03-10T14:59:15.777+0000] {logging_mixin.py:188} INFO - [2026-03-10T14:59:15.777+0000] {dag.py:3947} INFO - Setting next_dagrun for 4_dag_PUSH_Updated_YML_To_Cortex to None, run_after=None
[2026-03-10T14:59:15.802+0000] {processor.py:183} INFO - Processing /home/cloud/codings/airflow/dags/4_dag_PUSH_Updated_YML_To_Cortex.py took 0.082 seconds
[2026-03-10T14:59:46.071+0000] {processor.py:161} INFO - Started process (PID=514378) to work on /home/cloud/codings/airflow/dags/4_dag_PUSH_Updated_YML_To_Cortex.py
[2026-03-10T14:59:46.072+0000] {processor.py:830} INFO - Processing file /home/cloud/codings/airflow/dags/4_dag_PUSH_Updated_YML_To_Cortex.py for tasks to queue
[2026-03-10T14:59:46.073+0000] {logging_mixin.py:188} INFO - [2026-03-10T14:59:46.073+0000] {dagbag.py:545} INFO - Filling up the DagBag from /home/cloud/codings/airflow/dags/4_dag_PUSH_Updated_YML_To_Cortex.py
[2026-03-10T14:59:46.107+0000] {processor.py:840} INFO - DAG(s) '4_dag_PUSH_Updated_YML_To_Cortex' retrieved from /home/cloud/codings/airflow/dags/4_dag_PUSH_Updated_YML_To_Cortex.py
[2026-03-10T14:59:46.128+0000] {logging_mixin.py:188} INFO - [2026-03-10T14:59:46.128+0000] {dag.py:3089} INFO - Sync 1 DAGs
[2026-03-10T14:59:46.151+0000] {logging_mixin.py:188} INFO - [2026-03-10T14:59:46.150+0000] {dag.py:3947} INFO - Setting next_dagrun for 4_dag_PUSH_Updated_YML_To_Cortex to None, run_after=None
[2026-03-10T14:59:46.188+0000] {processor.py:183} INFO - Processing /home/cloud/codings/airflow/dags/4_dag_PUSH_Updated_YML_To_Cortex.py took 0.126 seconds
[2026-03-10T15:00:16.343+0000] {processor.py:161} INFO - Started process (PID=514630) to work on /home/cloud/codings/airflow/dags/4_dag_PUSH_Updated_YML_To_Cortex.py
[2026-03-10T15:00:16.347+0000] {processor.py:830} INFO - Processing file /home/cloud/codings/airflow/dags/4_dag_PUSH_Updated_YML_To_Cortex.py for tasks to queue
[2026-03-10T15:00:16.349+0000] {logging_mixin.py:188} INFO - [2026-03-10T15:00:16.348+0000] {dagbag.py:545} INFO - Filling up the DagBag from /home/cloud/codings/airflow/dags/4_dag_PUSH_Updated_YML_To_Cortex.py
[2026-03-10T15:00:16.384+0000] {processor.py:840} INFO - DAG(s) '4_dag_PUSH_Updated_YML_To_Cortex' retrieved from /home/cloud/codings/airflow/dags/4_dag_PUSH_Updated_YML_To_Cortex.py
[2026-03-10T15:00:16.408+0000] {logging_mixin.py:188} INFO - [2026-03-10T15:00:16.407+0000] {dag.py:3089} INFO - Sync 1 DAGs
[2026-03-10T15:00:16.424+0000] {logging_mixin.py:188} INFO - [2026-03-10T15:00:16.424+0000] {dag.py:3947} INFO - Setting next_dagrun for 4_dag_PUSH_Updated_YML_To_Cortex to None, run_after=None
[2026-03-10T15:00:16.463+0000] {processor.py:183} INFO - Processing /home/cloud/codings/airflow/dags/4_dag_PUSH_Updated_YML_To_Cortex.py took 0.129 seconds
[2026-03-10T15:00:47.559+0000] {processor.py:161} INFO - Started process (PID=514848) to work on /home/cloud/codings/airflow/dags/4_dag_PUSH_Updated_YML_To_Cortex.py
[2026-03-10T15:00:47.561+0000] {processor.py:830} INFO - Processing file /home/cloud/codings/airflow/dags/4_dag_PUSH_Updated_YML_To_Cortex.py for tasks to queue
[2026-03-10T15:00:47.563+0000] {logging_mixin.py:188} INFO - [2026-03-10T15:00:47.562+0000] {dagbag.py:545} INFO - Filling up the DagBag from /home/cloud/codings/airflow/dags/4_dag_PUSH_Updated_YML_To_Cortex.py
[2026-03-10T15:00:47.595+0000] {processor.py:840} INFO - DAG(s) '4_dag_PUSH_Updated_YML_To_Cortex' retrieved from /home/cloud/codings/airflow/dags/4_dag_PUSH_Updated_YML_To_Cortex.py
[2026-03-10T15:00:47.613+0000] {logging_mixin.py:188} INFO - [2026-03-10T15:00:47.612+0000] {dag.py:3089} INFO - Sync 1 DAGs
[2026-03-10T15:00:47.627+0000] {logging_mixin.py:188} INFO - [2026-03-10T15:00:47.627+0000] {dag.py:3947} INFO - Setting next_dagrun for 4_dag_PUSH_Updated_YML_To_Cortex to None, run_after=None
[2026-03-10T15:00:47.656+0000] {processor.py:183} INFO - Processing /home/cloud/codings/airflow/dags/4_dag_PUSH_Updated_YML_To_Cortex.py took 0.106 seconds
[2026-03-10T15:01:17.846+0000] {processor.py:161} INFO - Started process (PID=514976) to work on /home/cloud/codings/airflow/dags/4_dag_PUSH_Updated_YML_To_Cortex.py
[2026-03-10T15:01:17.847+0000] {processor.py:830} INFO - Processing file /home/cloud/codings/airflow/dags/4_dag_PUSH_Updated_YML_To_Cortex.py for tasks to queue
[2026-03-10T15:01:17.849+0000] {logging_mixin.py:188} INFO - [2026-03-10T15:01:17.848+0000] {dagbag.py:545} INFO - Filling up the DagBag from /home/cloud/codings/airflow/dags/4_dag_PUSH_Updated_YML_To_Cortex.py
[2026-03-10T15:01:17.878+0000] {processor.py:840} INFO - DAG(s) '4_dag_PUSH_Updated_YML_To_Cortex' retrieved from /home/cloud/codings/airflow/dags/4_dag_PUSH_Updated_YML_To_Cortex.py
[2026-03-10T15:01:17.899+0000] {logging_mixin.py:188} INFO - [2026-03-10T15:01:17.898+0000] {dag.py:3089} INFO - Sync 1 DAGs
[2026-03-10T15:01:17.920+0000] {logging_mixin.py:188} INFO - [2026-03-10T15:01:17.919+0000] {dag.py:3947} INFO - Setting next_dagrun for 4_dag_PUSH_Updated_YML_To_Cortex to None, run_after=None
[2026-03-10T15:01:17.950+0000] {processor.py:183} INFO - Processing /home/cloud/codings/airflow/dags/4_dag_PUSH_Updated_YML_To_Cortex.py took 0.113 seconds
[2026-03-10T15:01:48.167+0000] {processor.py:161} INFO - Started process (PID=515050) to work on /home/cloud/codings/airflow/dags/4_dag_PUSH_Updated_YML_To_Cortex.py
[2026-03-10T15:01:48.173+0000] {processor.py:830} INFO - Processing file /home/cloud/codings/airflow/dags/4_dag_PUSH_Updated_YML_To_Cortex.py for tasks to queue
[2026-03-10T15:01:48.175+0000] {logging_mixin.py:188} INFO - [2026-03-10T15:01:48.174+0000] {dagbag.py:545} INFO - Filling up the DagBag from /home/cloud/codings/airflow/dags/4_dag_PUSH_Updated_YML_To_Cortex.py
[2026-03-10T15:01:48.208+0000] {processor.py:840} INFO - DAG(s) '4_dag_PUSH_Updated_YML_To_Cortex' retrieved from /home/cloud/codings/airflow/dags/4_dag_PUSH_Updated_YML_To_Cortex.py
[2026-03-10T15:01:48.229+0000] {logging_mixin.py:188} INFO - [2026-03-10T15:01:48.228+0000] {dag.py:3089} INFO - Sync 1 DAGs
[2026-03-10T15:01:48.246+0000] {logging_mixin.py:188} INFO - [2026-03-10T15:01:48.246+0000] {dag.py:3947} INFO - Setting next_dagrun for 4_dag_PUSH_Updated_YML_To_Cortex to None, run_after=None
[2026-03-10T15:01:48.280+0000] {processor.py:183} INFO - Processing /home/cloud/codings/airflow/dags/4_dag_PUSH_Updated_YML_To_Cortex.py took 0.125 seconds
[2026-03-10T15:02:19.459+0000] {processor.py:161} INFO - Started process (PID=515435) to work on /home/cloud/codings/airflow/dags/4_dag_PUSH_Updated_YML_To_Cortex.py
[2026-03-10T15:02:19.465+0000] {processor.py:830} INFO - Processing file /home/cloud/codings/airflow/dags/4_dag_PUSH_Updated_YML_To_Cortex.py for tasks to queue
[2026-03-10T15:02:19.478+0000] {logging_mixin.py:188} INFO - [2026-03-10T15:02:19.476+0000] {dagbag.py:545} INFO - Filling up the DagBag from /home/cloud/codings/airflow/dags/4_dag_PUSH_Updated_YML_To_Cortex.py
[2026-03-10T15:02:19.570+0000] {processor.py:840} INFO - DAG(s) '4_dag_PUSH_Updated_YML_To_Cortex' retrieved from /home/cloud/codings/airflow/dags/4_dag_PUSH_Updated_YML_To_Cortex.py
[2026-03-10T15:02:19.602+0000] {logging_mixin.py:188} INFO - [2026-03-10T15:02:19.601+0000] {dag.py:3089} INFO - Sync 1 DAGs
[2026-03-10T15:02:19.632+0000] {logging_mixin.py:188} INFO - [2026-03-10T15:02:19.631+0000] {dag.py:3947} INFO - Setting next_dagrun for 4_dag_PUSH_Updated_YML_To_Cortex to None, run_after=None
[2026-03-10T15:02:19.683+0000] {processor.py:183} INFO - Processing /home/cloud/codings/airflow/dags/4_dag_PUSH_Updated_YML_To_Cortex.py took 0.264 seconds
[2026-03-10T15:02:49.829+0000] {processor.py:161} INFO - Started process (PID=515503) to work on /home/cloud/codings/airflow/dags/4_dag_PUSH_Updated_YML_To_Cortex.py
[2026-03-10T15:02:49.831+0000] {processor.py:830} INFO - Processing file /home/cloud/codings/airflow/dags/4_dag_PUSH_Updated_YML_To_Cortex.py for tasks to queue
[2026-03-10T15:02:49.832+0000] {logging_mixin.py:188} INFO - [2026-03-10T15:02:49.831+0000] {dagbag.py:545} INFO - Filling up the DagBag from /home/cloud/codings/airflow/dags/4_dag_PUSH_Updated_YML_To_Cortex.py
[2026-03-10T15:02:49.866+0000] {processor.py:840} INFO - DAG(s) '4_dag_PUSH_Updated_YML_To_Cortex' retrieved from /home/cloud/codings/airflow/dags/4_dag_PUSH_Updated_YML_To_Cortex.py
[2026-03-10T15:02:49.886+0000] {logging_mixin.py:188} INFO - [2026-03-10T15:02:49.886+0000] {dag.py:3089} INFO - Sync 1 DAGs
[2026-03-10T15:02:49.904+0000] {logging_mixin.py:188} INFO - [2026-03-10T15:02:49.904+0000] {dag.py:3947} INFO - Setting next_dagrun for 4_dag_PUSH_Updated_YML_To_Cortex to None, run_after=None
[2026-03-10T15:02:49.936+0000] {processor.py:183} INFO - Processing /home/cloud/codings/airflow/dags/4_dag_PUSH_Updated_YML_To_Cortex.py took 0.117 seconds
[2026-03-10T15:03:20.106+0000] {processor.py:161} INFO - Started process (PID=515738) to work on /home/cloud/codings/airflow/dags/4_dag_PUSH_Updated_YML_To_Cortex.py
[2026-03-10T15:03:20.112+0000] {processor.py:830} INFO - Processing file /home/cloud/codings/airflow/dags/4_dag_PUSH_Updated_YML_To_Cortex.py for tasks to queue
[2026-03-10T15:03:20.114+0000] {logging_mixin.py:188} INFO - [2026-03-10T15:03:20.113+0000] {dagbag.py:545} INFO - Filling up the DagBag from /home/cloud/codings/airflow/dags/4_dag_PUSH_Updated_YML_To_Cortex.py
[2026-03-10T15:03:20.159+0000] {processor.py:840} INFO - DAG(s) '4_dag_PUSH_Updated_YML_To_Cortex' retrieved from /home/cloud/codings/airflow/dags/4_dag_PUSH_Updated_YML_To_Cortex.py
[2026-03-10T15:03:20.195+0000] {logging_mixin.py:188} INFO - [2026-03-10T15:03:20.194+0000] {dag.py:3089} INFO - Sync 1 DAGs
[2026-03-10T15:03:20.231+0000] {logging_mixin.py:188} INFO - [2026-03-10T15:03:20.231+0000] {dag.py:3947} INFO - Setting next_dagrun for 4_dag_PUSH_Updated_YML_To_Cortex to None, run_after=None
[2026-03-10T15:03:20.284+0000] {processor.py:183} INFO - Processing /home/cloud/codings/airflow/dags/4_dag_PUSH_Updated_YML_To_Cortex.py took 0.194 seconds
[2026-03-10T15:03:50.565+0000] {processor.py:161} INFO - Started process (PID=515961) to work on /home/cloud/codings/airflow/dags/4_dag_PUSH_Updated_YML_To_Cortex.py
[2026-03-10T15:03:50.567+0000] {processor.py:830} INFO - Processing file /home/cloud/codings/airflow/dags/4_dag_PUSH_Updated_YML_To_Cortex.py for tasks to queue
[2026-03-10T15:03:50.568+0000] {logging_mixin.py:188} INFO - [2026-03-10T15:03:50.568+0000] {dagbag.py:545} INFO - Filling up the DagBag from /home/cloud/codings/airflow/dags/4_dag_PUSH_Updated_YML_To_Cortex.py
[2026-03-10T15:03:50.602+0000] {processor.py:840} INFO - DAG(s) '4_dag_PUSH_Updated_YML_To_Cortex' retrieved from /home/cloud/codings/airflow/dags/4_dag_PUSH_Updated_YML_To_Cortex.py
[2026-03-10T15:03:50.624+0000] {logging_mixin.py:188} INFO - [2026-03-10T15:03:50.624+0000] {dag.py:3089} INFO - Sync 1 DAGs
[2026-03-10T15:03:50.645+0000] {logging_mixin.py:188} INFO - [2026-03-10T15:03:50.644+0000] {dag.py:3947} INFO - Setting next_dagrun for 4_dag_PUSH_Updated_YML_To_Cortex to None, run_after=None
[2026-03-10T15:03:50.687+0000] {processor.py:183} INFO - Processing /home/cloud/codings/airflow/dags/4_dag_PUSH_Updated_YML_To_Cortex.py took 0.131 seconds
[2026-03-10T15:04:20.887+0000] {processor.py:161} INFO - Started process (PID=516233) to work on /home/cloud/codings/airflow/dags/4_dag_PUSH_Updated_YML_To_Cortex.py
[2026-03-10T15:04:20.888+0000] {processor.py:830} INFO - Processing file /home/cloud/codings/airflow/dags/4_dag_PUSH_Updated_YML_To_Cortex.py for tasks to queue
[2026-03-10T15:04:20.890+0000] {logging_mixin.py:188} INFO - [2026-03-10T15:04:20.889+0000] {dagbag.py:545} INFO - Filling up the DagBag from /home/cloud/codings/airflow/dags/4_dag_PUSH_Updated_YML_To_Cortex.py
[2026-03-10T15:04:20.913+0000] {processor.py:840} INFO - DAG(s) '4_dag_PUSH_Updated_YML_To_Cortex' retrieved from /home/cloud/codings/airflow/dags/4_dag_PUSH_Updated_YML_To_Cortex.py
[2026-03-10T15:04:20.929+0000] {logging_mixin.py:188} INFO - [2026-03-10T15:04:20.929+0000] {dag.py:3089} INFO - Sync 1 DAGs
[2026-03-10T15:04:20.943+0000] {logging_mixin.py:188} INFO - [2026-03-10T15:04:20.942+0000] {dag.py:3947} INFO - Setting next_dagrun for 4_dag_PUSH_Updated_YML_To_Cortex to None, run_after=None
[2026-03-10T15:04:20.967+0000] {processor.py:183} INFO - Processing /home/cloud/codings/airflow/dags/4_dag_PUSH_Updated_YML_To_Cortex.py took 0.087 seconds
[2026-03-10T15:04:51.139+0000] {processor.py:161} INFO - Started process (PID=516452) to work on /home/cloud/codings/airflow/dags/4_dag_PUSH_Updated_YML_To_Cortex.py
[2026-03-10T15:04:51.141+0000] {processor.py:830} INFO - Processing file /home/cloud/codings/airflow/dags/4_dag_PUSH_Updated_YML_To_Cortex.py for tasks to queue
[2026-03-10T15:04:51.142+0000] {logging_mixin.py:188} INFO - [2026-03-10T15:04:51.142+0000] {dagbag.py:545} INFO - Filling up the DagBag from /home/cloud/codings/airflow/dags/4_dag_PUSH_Updated_YML_To_Cortex.py
[2026-03-10T15:04:51.183+0000] {processor.py:840} INFO - DAG(s) '4_dag_PUSH_Updated_YML_To_Cortex' retrieved from /home/cloud/codings/airflow/dags/4_dag_PUSH_Updated_YML_To_Cortex.py
[2026-03-10T15:04:51.209+0000] {logging_mixin.py:188} INFO - [2026-03-10T15:04:51.208+0000] {dag.py:3089} INFO - Sync 1 DAGs
[2026-03-10T15:04:51.235+0000] {logging_mixin.py:188} INFO - [2026-03-10T15:04:51.234+0000] {dag.py:3947} INFO - Setting next_dagrun for 4_dag_PUSH_Updated_YML_To_Cortex to None, run_after=None
[2026-03-10T15:04:51.275+0000] {processor.py:183} INFO - Processing /home/cloud/codings/airflow/dags/4_dag_PUSH_Updated_YML_To_Cortex.py took 0.144 seconds
[2026-03-10T15:05:21.625+0000] {processor.py:161} INFO - Started process (PID=516658) to work on /home/cloud/codings/airflow/dags/4_dag_PUSH_Updated_YML_To_Cortex.py
[2026-03-10T15:05:21.626+0000] {processor.py:830} INFO - Processing file /home/cloud/codings/airflow/dags/4_dag_PUSH_Updated_YML_To_Cortex.py for tasks to queue
[2026-03-10T15:05:21.627+0000] {logging_mixin.py:188} INFO - [2026-03-10T15:05:21.627+0000] {dagbag.py:545} INFO - Filling up the DagBag from /home/cloud/codings/airflow/dags/4_dag_PUSH_Updated_YML_To_Cortex.py
[2026-03-10T15:05:21.650+0000] {processor.py:840} INFO - DAG(s) '4_dag_PUSH_Updated_YML_To_Cortex' retrieved from /home/cloud/codings/airflow/dags/4_dag_PUSH_Updated_YML_To_Cortex.py
[2026-03-10T15:05:21.666+0000] {logging_mixin.py:188} INFO - [2026-03-10T15:05:21.665+0000] {dag.py:3089} INFO - Sync 1 DAGs
[2026-03-10T15:05:21.678+0000] {logging_mixin.py:188} INFO - [2026-03-10T15:05:21.678+0000] {dag.py:3947} INFO - Setting next_dagrun for 4_dag_PUSH_Updated_YML_To_Cortex to None, run_after=None
[2026-03-10T15:05:21.704+0000] {processor.py:183} INFO - Processing /home/cloud/codings/airflow/dags/4_dag_PUSH_Updated_YML_To_Cortex.py took 0.085 seconds
[2026-03-10T15:05:52.011+0000] {processor.py:161} INFO - Started process (PID=516791) to work on /home/cloud/codings/airflow/dags/4_dag_PUSH_Updated_YML_To_Cortex.py
[2026-03-10T15:05:52.012+0000] {processor.py:830} INFO - Processing file /home/cloud/codings/airflow/dags/4_dag_PUSH_Updated_YML_To_Cortex.py for tasks to queue
[2026-03-10T15:05:52.014+0000] {logging_mixin.py:188} INFO - [2026-03-10T15:05:52.013+0000] {dagbag.py:545} INFO - Filling up the DagBag from /home/cloud/codings/airflow/dags/4_dag_PUSH_Updated_YML_To_Cortex.py
[2026-03-10T15:05:52.033+0000] {processor.py:840} INFO - DAG(s) '4_dag_PUSH_Updated_YML_To_Cortex' retrieved from /home/cloud/codings/airflow/dags/4_dag_PUSH_Updated_YML_To_Cortex.py
[2026-03-10T15:05:52.046+0000] {logging_mixin.py:188} INFO - [2026-03-10T15:05:52.046+0000] {dag.py:3089} INFO - Sync 1 DAGs
[2026-03-10T15:05:52.057+0000] {logging_mixin.py:188} INFO - [2026-03-10T15:05:52.057+0000] {dag.py:3947} INFO - Setting next_dagrun for 4_dag_PUSH_Updated_YML_To_Cortex to None, run_after=None
[2026-03-10T15:05:52.077+0000] {processor.py:183} INFO - Processing /home/cloud/codings/airflow/dags/4_dag_PUSH_Updated_YML_To_Cortex.py took 0.072 seconds
[2026-03-10T15:06:22.605+0000] {processor.py:161} INFO - Started process (PID=516924) to work on /home/cloud/codings/airflow/dags/4_dag_PUSH_Updated_YML_To_Cortex.py
[2026-03-10T15:06:22.606+0000] {processor.py:830} INFO - Processing file /home/cloud/codings/airflow/dags/4_dag_PUSH_Updated_YML_To_Cortex.py for tasks to queue
[2026-03-10T15:06:22.607+0000] {logging_mixin.py:188} INFO - [2026-03-10T15:06:22.607+0000] {dagbag.py:545} INFO - Filling up the DagBag from /home/cloud/codings/airflow/dags/4_dag_PUSH_Updated_YML_To_Cortex.py
[2026-03-10T15:06:22.626+0000] {processor.py:840} INFO - DAG(s) '4_dag_PUSH_Updated_YML_To_Cortex' retrieved from /home/cloud/codings/airflow/dags/4_dag_PUSH_Updated_YML_To_Cortex.py
[2026-03-10T15:06:22.639+0000] {logging_mixin.py:188} INFO - [2026-03-10T15:06:22.639+0000] {dag.py:3089} INFO - Sync 1 DAGs
[2026-03-10T15:06:22.652+0000] {logging_mixin.py:188} INFO - [2026-03-10T15:06:22.652+0000] {dag.py:3947} INFO - Setting next_dagrun for 4_dag_PUSH_Updated_YML_To_Cortex to None, run_after=None
[2026-03-10T15:06:22.677+0000] {processor.py:183} INFO - Processing /home/cloud/codings/airflow/dags/4_dag_PUSH_Updated_YML_To_Cortex.py took 0.079 seconds
[2026-03-10T15:06:53.142+0000] {processor.py:161} INFO - Started process (PID=516997) to work on /home/cloud/codings/airflow/dags/4_dag_PUSH_Updated_YML_To_Cortex.py
[2026-03-10T15:06:53.147+0000] {processor.py:830} INFO - Processing file /home/cloud/codings/airflow/dags/4_dag_PUSH_Updated_YML_To_Cortex.py for tasks to queue
[2026-03-10T15:06:53.149+0000] {logging_mixin.py:188} INFO - [2026-03-10T15:06:53.148+0000] {dagbag.py:545} INFO - Filling up the DagBag from /home/cloud/codings/airflow/dags/4_dag_PUSH_Updated_YML_To_Cortex.py
[2026-03-10T15:06:53.185+0000] {processor.py:840} INFO - DAG(s) '4_dag_PUSH_Updated_YML_To_Cortex' retrieved from /home/cloud/codings/airflow/dags/4_dag_PUSH_Updated_YML_To_Cortex.py
[2026-03-10T15:06:53.209+0000] {logging_mixin.py:188} INFO - [2026-03-10T15:06:53.208+0000] {dag.py:3089} INFO - Sync 1 DAGs
[2026-03-10T15:06:53.231+0000] {logging_mixin.py:188} INFO - [2026-03-10T15:06:53.231+0000] {dag.py:3947} INFO - Setting next_dagrun for 4_dag_PUSH_Updated_YML_To_Cortex to None, run_after=None
[2026-03-10T15:06:53.264+0000] {processor.py:183} INFO - Processing /home/cloud/codings/airflow/dags/4_dag_PUSH_Updated_YML_To_Cortex.py took 0.132 seconds
[2026-03-10T15:07:23.726+0000] {processor.py:161} INFO - Started process (PID=517205) to work on /home/cloud/codings/airflow/dags/4_dag_PUSH_Updated_YML_To_Cortex.py
[2026-03-10T15:07:23.728+0000] {processor.py:830} INFO - Processing file /home/cloud/codings/airflow/dags/4_dag_PUSH_Updated_YML_To_Cortex.py for tasks to queue
[2026-03-10T15:07:23.729+0000] {logging_mixin.py:188} INFO - [2026-03-10T15:07:23.728+0000] {dagbag.py:545} INFO - Filling up the DagBag from /home/cloud/codings/airflow/dags/4_dag_PUSH_Updated_YML_To_Cortex.py
[2026-03-10T15:07:23.754+0000] {processor.py:840} INFO - DAG(s) '4_dag_PUSH_Updated_YML_To_Cortex' retrieved from /home/cloud/codings/airflow/dags/4_dag_PUSH_Updated_YML_To_Cortex.py
[2026-03-10T15:07:23.770+0000] {logging_mixin.py:188} INFO - [2026-03-10T15:07:23.770+0000] {dag.py:3089} INFO - Sync 1 DAGs
[2026-03-10T15:07:23.784+0000] {logging_mixin.py:188} INFO - [2026-03-10T15:07:23.784+0000] {dag.py:3947} INFO - Setting next_dagrun for 4_dag_PUSH_Updated_YML_To_Cortex to None, run_after=None
[2026-03-10T15:07:23.809+0000] {processor.py:183} INFO - Processing /home/cloud/codings/airflow/dags/4_dag_PUSH_Updated_YML_To_Cortex.py took 0.090 seconds
[2026-03-10T15:07:54.148+0000] {processor.py:161} INFO - Started process (PID=517424) to work on /home/cloud/codings/airflow/dags/4_dag_PUSH_Updated_YML_To_Cortex.py
[2026-03-10T15:07:54.152+0000] {processor.py:830} INFO - Processing file /home/cloud/codings/airflow/dags/4_dag_PUSH_Updated_YML_To_Cortex.py for tasks to queue
[2026-03-10T15:07:54.153+0000] {logging_mixin.py:188} INFO - [2026-03-10T15:07:54.153+0000] {dagbag.py:545} INFO - Filling up the DagBag from /home/cloud/codings/airflow/dags/4_dag_PUSH_Updated_YML_To_Cortex.py
[2026-03-10T15:07:54.177+0000] {processor.py:840} INFO - DAG(s) '4_dag_PUSH_Updated_YML_To_Cortex' retrieved from /home/cloud/codings/airflow/dags/4_dag_PUSH_Updated_YML_To_Cortex.py
[2026-03-10T15:07:54.194+0000] {logging_mixin.py:188} INFO - [2026-03-10T15:07:54.194+0000] {dag.py:3089} INFO - Sync 1 DAGs
[2026-03-10T15:07:54.207+0000] {logging_mixin.py:188} INFO - [2026-03-10T15:07:54.207+0000] {dag.py:3947} INFO - Setting next_dagrun for 4_dag_PUSH_Updated_YML_To_Cortex to None, run_after=None
[2026-03-10T15:07:54.235+0000] {processor.py:183} INFO - Processing /home/cloud/codings/airflow/dags/4_dag_PUSH_Updated_YML_To_Cortex.py took 0.094 seconds
[2026-03-10T15:08:24.513+0000] {processor.py:161} INFO - Started process (PID=517707) to work on /home/cloud/codings/airflow/dags/4_dag_PUSH_Updated_YML_To_Cortex.py
[2026-03-10T15:08:24.518+0000] {processor.py:830} INFO - Processing file /home/cloud/codings/airflow/dags/4_dag_PUSH_Updated_YML_To_Cortex.py for tasks to queue
[2026-03-10T15:08:24.519+0000] {logging_mixin.py:188} INFO - [2026-03-10T15:08:24.518+0000] {dagbag.py:545} INFO - Filling up the DagBag from /home/cloud/codings/airflow/dags/4_dag_PUSH_Updated_YML_To_Cortex.py
[2026-03-10T15:08:24.542+0000] {processor.py:840} INFO - DAG(s) '4_dag_PUSH_Updated_YML_To_Cortex' retrieved from /home/cloud/codings/airflow/dags/4_dag_PUSH_Updated_YML_To_Cortex.py
[2026-03-10T15:08:24.558+0000] {logging_mixin.py:188} INFO - [2026-03-10T15:08:24.558+0000] {dag.py:3089} INFO - Sync 1 DAGs
[2026-03-10T15:08:24.571+0000] {logging_mixin.py:188} INFO - [2026-03-10T15:08:24.571+0000] {dag.py:3947} INFO - Setting next_dagrun for 4_dag_PUSH_Updated_YML_To_Cortex to None, run_after=None
[2026-03-10T15:08:24.600+0000] {processor.py:183} INFO - Processing /home/cloud/codings/airflow/dags/4_dag_PUSH_Updated_YML_To_Cortex.py took 0.094 seconds
[2026-03-10T15:08:54.864+0000] {processor.py:161} INFO - Started process (PID=517956) to work on /home/cloud/codings/airflow/dags/4_dag_PUSH_Updated_YML_To_Cortex.py
[2026-03-10T15:08:54.870+0000] {processor.py:830} INFO - Processing file /home/cloud/codings/airflow/dags/4_dag_PUSH_Updated_YML_To_Cortex.py for tasks to queue
[2026-03-10T15:08:54.872+0000] {logging_mixin.py:188} INFO - [2026-03-10T15:08:54.871+0000] {dagbag.py:545} INFO - Filling up the DagBag from /home/cloud/codings/airflow/dags/4_dag_PUSH_Updated_YML_To_Cortex.py
[2026-03-10T15:08:54.906+0000] {processor.py:840} INFO - DAG(s) '4_dag_PUSH_Updated_YML_To_Cortex' retrieved from /home/cloud/codings/airflow/dags/4_dag_PUSH_Updated_YML_To_Cortex.py
[2026-03-10T15:08:54.929+0000] {logging_mixin.py:188} INFO - [2026-03-10T15:08:54.929+0000] {dag.py:3089} INFO - Sync 1 DAGs
[2026-03-10T15:08:54.954+0000] {logging_mixin.py:188} INFO - [2026-03-10T15:08:54.953+0000] {dag.py:3947} INFO - Setting next_dagrun for 4_dag_PUSH_Updated_YML_To_Cortex to None, run_after=None
[2026-03-10T15:08:54.991+0000] {processor.py:183} INFO - Processing /home/cloud/codings/airflow/dags/4_dag_PUSH_Updated_YML_To_Cortex.py took 0.136 seconds
[2026-03-10T15:09:25.285+0000] {processor.py:161} INFO - Started process (PID=518187) to work on /home/cloud/codings/airflow/dags/4_dag_PUSH_Updated_YML_To_Cortex.py
[2026-03-10T15:09:25.287+0000] {processor.py:830} INFO - Processing file /home/cloud/codings/airflow/dags/4_dag_PUSH_Updated_YML_To_Cortex.py for tasks to queue
[2026-03-10T15:09:25.288+0000] {logging_mixin.py:188} INFO - [2026-03-10T15:09:25.287+0000] {dagbag.py:545} INFO - Filling up the DagBag from /home/cloud/codings/airflow/dags/4_dag_PUSH_Updated_YML_To_Cortex.py
[2026-03-10T15:09:25.314+0000] {processor.py:840} INFO - DAG(s) '4_dag_PUSH_Updated_YML_To_Cortex' retrieved from /home/cloud/codings/airflow/dags/4_dag_PUSH_Updated_YML_To_Cortex.py
[2026-03-10T15:09:25.334+0000] {logging_mixin.py:188} INFO - [2026-03-10T15:09:25.334+0000] {dag.py:3089} INFO - Sync 1 DAGs
[2026-03-10T15:09:25.357+0000] {logging_mixin.py:188} INFO - [2026-03-10T15:09:25.357+0000] {dag.py:3947} INFO - Setting next_dagrun for 4_dag_PUSH_Updated_YML_To_Cortex to None, run_after=None
[2026-03-10T15:09:25.398+0000] {processor.py:183} INFO - Processing /home/cloud/codings/airflow/dags/4_dag_PUSH_Updated_YML_To_Cortex.py took 0.120 seconds
[2026-03-10T15:09:55.722+0000] {processor.py:161} INFO - Started process (PID=518469) to work on /home/cloud/codings/airflow/dags/4_dag_PUSH_Updated_YML_To_Cortex.py
[2026-03-10T15:09:55.723+0000] {processor.py:830} INFO - Processing file /home/cloud/codings/airflow/dags/4_dag_PUSH_Updated_YML_To_Cortex.py for tasks to queue
[2026-03-10T15:09:55.724+0000] {logging_mixin.py:188} INFO - [2026-03-10T15:09:55.724+0000] {dagbag.py:545} INFO - Filling up the DagBag from /home/cloud/codings/airflow/dags/4_dag_PUSH_Updated_YML_To_Cortex.py
[2026-03-10T15:09:55.750+0000] {processor.py:840} INFO - DAG(s) '4_dag_PUSH_Updated_YML_To_Cortex' retrieved from /home/cloud/codings/airflow/dags/4_dag_PUSH_Updated_YML_To_Cortex.py
[2026-03-10T15:09:55.764+0000] {logging_mixin.py:188} INFO - [2026-03-10T15:09:55.764+0000] {dag.py:3089} INFO - Sync 1 DAGs
[2026-03-10T15:09:55.777+0000] {logging_mixin.py:188} INFO - [2026-03-10T15:09:55.777+0000] {dag.py:3947} INFO - Setting next_dagrun for 4_dag_PUSH_Updated_YML_To_Cortex to None, run_after=None
[2026-03-10T15:09:55.802+0000] {processor.py:183} INFO - Processing /home/cloud/codings/airflow/dags/4_dag_PUSH_Updated_YML_To_Cortex.py took 0.087 seconds
[2026-03-10T15:10:26.203+0000] {processor.py:161} INFO - Started process (PID=518690) to work on /home/cloud/codings/airflow/dags/4_dag_PUSH_Updated_YML_To_Cortex.py
[2026-03-10T15:10:26.204+0000] {processor.py:830} INFO - Processing file /home/cloud/codings/airflow/dags/4_dag_PUSH_Updated_YML_To_Cortex.py for tasks to queue
[2026-03-10T15:10:26.205+0000] {logging_mixin.py:188} INFO - [2026-03-10T15:10:26.205+0000] {dagbag.py:545} INFO - Filling up the DagBag from /home/cloud/codings/airflow/dags/4_dag_PUSH_Updated_YML_To_Cortex.py
[2026-03-10T15:10:26.226+0000] {processor.py:840} INFO - DAG(s) '4_dag_PUSH_Updated_YML_To_Cortex' retrieved from /home/cloud/codings/airflow/dags/4_dag_PUSH_Updated_YML_To_Cortex.py
[2026-03-10T15:10:26.239+0000] {logging_mixin.py:188} INFO - [2026-03-10T15:10:26.239+0000] {dag.py:3089} INFO - Sync 1 DAGs
[2026-03-10T15:10:26.251+0000] {logging_mixin.py:188} INFO - [2026-03-10T15:10:26.251+0000] {dag.py:3947} INFO - Setting next_dagrun for 4_dag_PUSH_Updated_YML_To_Cortex to None, run_after=None
[2026-03-10T15:10:26.275+0000] {processor.py:183} INFO - Processing /home/cloud/codings/airflow/dags/4_dag_PUSH_Updated_YML_To_Cortex.py took 0.078 seconds
[2026-03-10T15:10:56.718+0000] {processor.py:161} INFO - Started process (PID=519033) to work on /home/cloud/codings/airflow/dags/4_dag_PUSH_Updated_YML_To_Cortex.py
[2026-03-10T15:10:56.719+0000] {processor.py:830} INFO - Processing file /home/cloud/codings/airflow/dags/4_dag_PUSH_Updated_YML_To_Cortex.py for tasks to queue
[2026-03-10T15:10:56.719+0000] {logging_mixin.py:188} INFO - [2026-03-10T15:10:56.719+0000] {dagbag.py:545} INFO - Filling up the DagBag from /home/cloud/codings/airflow/dags/4_dag_PUSH_Updated_YML_To_Cortex.py
[2026-03-10T15:10:56.739+0000] {processor.py:840} INFO - DAG(s) '4_dag_PUSH_Updated_YML_To_Cortex' retrieved from /home/cloud/codings/airflow/dags/4_dag_PUSH_Updated_YML_To_Cortex.py
[2026-03-10T15:10:56.753+0000] {logging_mixin.py:188} INFO - [2026-03-10T15:10:56.753+0000] {dag.py:3089} INFO - Sync 1 DAGs
[2026-03-10T15:10:56.764+0000] {logging_mixin.py:188} INFO - [2026-03-10T15:10:56.764+0000] {dag.py:3947} INFO - Setting next_dagrun for 4_dag_PUSH_Updated_YML_To_Cortex to None, run_after=None
[2026-03-10T15:10:56.787+0000] {processor.py:183} INFO - Processing /home/cloud/codings/airflow/dags/4_dag_PUSH_Updated_YML_To_Cortex.py took 0.074 seconds
[2026-03-10T15:11:27.276+0000] {processor.py:161} INFO - Started process (PID=519256) to work on /home/cloud/codings/airflow/dags/4_dag_PUSH_Updated_YML_To_Cortex.py
[2026-03-10T15:11:27.281+0000] {processor.py:830} INFO - Processing file /home/cloud/codings/airflow/dags/4_dag_PUSH_Updated_YML_To_Cortex.py for tasks to queue
[2026-03-10T15:11:27.283+0000] {logging_mixin.py:188} INFO - [2026-03-10T15:11:27.282+0000] {dagbag.py:545} INFO - Filling up the DagBag from /home/cloud/codings/airflow/dags/4_dag_PUSH_Updated_YML_To_Cortex.py
[2026-03-10T15:11:27.317+0000] {processor.py:840} INFO - DAG(s) '4_dag_PUSH_Updated_YML_To_Cortex' retrieved from /home/cloud/codings/airflow/dags/4_dag_PUSH_Updated_YML_To_Cortex.py
[2026-03-10T15:11:27.339+0000] {logging_mixin.py:188} INFO - [2026-03-10T15:11:27.339+0000] {dag.py:3089} INFO - Sync 1 DAGs
[2026-03-10T15:11:27.369+0000] {logging_mixin.py:188} INFO - [2026-03-10T15:11:27.368+0000] {dag.py:3947} INFO - Setting next_dagrun for 4_dag_PUSH_Updated_YML_To_Cortex to None, run_after=None
[2026-03-10T15:11:27.416+0000] {processor.py:183} INFO - Processing /home/cloud/codings/airflow/dags/4_dag_PUSH_Updated_YML_To_Cortex.py took 0.158 seconds
[2026-03-10T15:11:58.062+0000] {processor.py:161} INFO - Started process (PID=519385) to work on /home/cloud/codings/airflow/dags/4_dag_PUSH_Updated_YML_To_Cortex.py
[2026-03-10T15:11:58.065+0000] {processor.py:830} INFO - Processing file /home/cloud/codings/airflow/dags/4_dag_PUSH_Updated_YML_To_Cortex.py for tasks to queue
[2026-03-10T15:11:58.067+0000] {logging_mixin.py:188} INFO - [2026-03-10T15:11:58.066+0000] {dagbag.py:545} INFO - Filling up the DagBag from /home/cloud/codings/airflow/dags/4_dag_PUSH_Updated_YML_To_Cortex.py
[2026-03-10T15:11:58.097+0000] {processor.py:840} INFO - DAG(s) '4_dag_PUSH_Updated_YML_To_Cortex' retrieved from /home/cloud/codings/airflow/dags/4_dag_PUSH_Updated_YML_To_Cortex.py
[2026-03-10T15:11:58.118+0000] {logging_mixin.py:188} INFO - [2026-03-10T15:11:58.118+0000] {dag.py:3089} INFO - Sync 1 DAGs
[2026-03-10T15:11:58.137+0000] {logging_mixin.py:188} INFO - [2026-03-10T15:11:58.136+0000] {dag.py:3947} INFO - Setting next_dagrun for 4_dag_PUSH_Updated_YML_To_Cortex to None, run_after=None
[2026-03-10T15:11:58.177+0000] {processor.py:183} INFO - Processing /home/cloud/codings/airflow/dags/4_dag_PUSH_Updated_YML_To_Cortex.py took 0.122 seconds
[2026-03-10T15:12:28.745+0000] {processor.py:161} INFO - Started process (PID=519456) to work on /home/cloud/codings/airflow/dags/4_dag_PUSH_Updated_YML_To_Cortex.py
[2026-03-10T15:12:28.750+0000] {processor.py:830} INFO - Processing file /home/cloud/codings/airflow/dags/4_dag_PUSH_Updated_YML_To_Cortex.py for tasks to queue
[2026-03-10T15:12:28.751+0000] {logging_mixin.py:188} INFO - [2026-03-10T15:12:28.751+0000] {dagbag.py:545} INFO - Filling up the DagBag from /home/cloud/codings/airflow/dags/4_dag_PUSH_Updated_YML_To_Cortex.py
[2026-03-10T15:12:28.776+0000] {processor.py:840} INFO - DAG(s) '4_dag_PUSH_Updated_YML_To_Cortex' retrieved from /home/cloud/codings/airflow/dags/4_dag_PUSH_Updated_YML_To_Cortex.py
[2026-03-10T15:12:28.793+0000] {logging_mixin.py:188} INFO - [2026-03-10T15:12:28.792+0000] {dag.py:3089} INFO - Sync 1 DAGs
[2026-03-10T15:12:28.808+0000] {logging_mixin.py:188} INFO - [2026-03-10T15:12:28.808+0000] {dag.py:3947} INFO - Setting next_dagrun for 4_dag_PUSH_Updated_YML_To_Cortex to None, run_after=None
[2026-03-10T15:12:28.841+0000] {processor.py:183} INFO - Processing /home/cloud/codings/airflow/dags/4_dag_PUSH_Updated_YML_To_Cortex.py took 0.102 seconds
[2026-03-10T15:12:59.284+0000] {processor.py:161} INFO - Started process (PID=519589) to work on /home/cloud/codings/airflow/dags/4_dag_PUSH_Updated_YML_To_Cortex.py
[2026-03-10T15:12:59.285+0000] {processor.py:830} INFO - Processing file /home/cloud/codings/airflow/dags/4_dag_PUSH_Updated_YML_To_Cortex.py for tasks to queue
[2026-03-10T15:12:59.287+0000] {logging_mixin.py:188} INFO - [2026-03-10T15:12:59.286+0000] {dagbag.py:545} INFO - Filling up the DagBag from /home/cloud/codings/airflow/dags/4_dag_PUSH_Updated_YML_To_Cortex.py
[2026-03-10T15:12:59.309+0000] {processor.py:840} INFO - DAG(s) '4_dag_PUSH_Updated_YML_To_Cortex' retrieved from /home/cloud/codings/airflow/dags/4_dag_PUSH_Updated_YML_To_Cortex.py
[2026-03-10T15:12:59.322+0000] {logging_mixin.py:188} INFO - [2026-03-10T15:12:59.322+0000] {dag.py:3089} INFO - Sync 1 DAGs
[2026-03-10T15:12:59.336+0000] {logging_mixin.py:188} INFO - [2026-03-10T15:12:59.336+0000] {dag.py:3947} INFO - Setting next_dagrun for 4_dag_PUSH_Updated_YML_To_Cortex to None, run_after=None
[2026-03-10T15:12:59.362+0000] {processor.py:183} INFO - Processing /home/cloud/codings/airflow/dags/4_dag_PUSH_Updated_YML_To_Cortex.py took 0.088 seconds
[2026-03-10T15:13:29.582+0000] {processor.py:161} INFO - Started process (PID=519658) to work on /home/cloud/codings/airflow/dags/4_dag_PUSH_Updated_YML_To_Cortex.py
[2026-03-10T15:13:29.583+0000] {processor.py:830} INFO - Processing file /home/cloud/codings/airflow/dags/4_dag_PUSH_Updated_YML_To_Cortex.py for tasks to queue
[2026-03-10T15:13:29.584+0000] {logging_mixin.py:188} INFO - [2026-03-10T15:13:29.584+0000] {dagbag.py:545} INFO - Filling up the DagBag from /home/cloud/codings/airflow/dags/4_dag_PUSH_Updated_YML_To_Cortex.py
[2026-03-10T15:13:29.613+0000] {processor.py:840} INFO - DAG(s) '4_dag_PUSH_Updated_YML_To_Cortex' retrieved from /home/cloud/codings/airflow/dags/4_dag_PUSH_Updated_YML_To_Cortex.py
[2026-03-10T15:13:29.633+0000] {logging_mixin.py:188} INFO - [2026-03-10T15:13:29.632+0000] {dag.py:3089} INFO - Sync 1 DAGs
[2026-03-10T15:13:29.650+0000] {logging_mixin.py:188} INFO - [2026-03-10T15:13:29.650+0000] {dag.py:3947} INFO - Setting next_dagrun for 4_dag_PUSH_Updated_YML_To_Cortex to None, run_after=None
[2026-03-10T15:13:29.685+0000] {processor.py:183} INFO - Processing /home/cloud/codings/airflow/dags/4_dag_PUSH_Updated_YML_To_Cortex.py took 0.113 seconds
[2026-03-10T15:14:00.291+0000] {processor.py:161} INFO - Started process (PID=519791) to work on /home/cloud/codings/airflow/dags/4_dag_PUSH_Updated_YML_To_Cortex.py
[2026-03-10T15:14:00.293+0000] {processor.py:830} INFO - Processing file /home/cloud/codings/airflow/dags/4_dag_PUSH_Updated_YML_To_Cortex.py for tasks to queue
[2026-03-10T15:14:00.294+0000] {logging_mixin.py:188} INFO - [2026-03-10T15:14:00.293+0000] {dagbag.py:545} INFO - Filling up the DagBag from /home/cloud/codings/airflow/dags/4_dag_PUSH_Updated_YML_To_Cortex.py
[2026-03-10T15:14:00.327+0000] {processor.py:840} INFO - DAG(s) '4_dag_PUSH_Updated_YML_To_Cortex' retrieved from /home/cloud/codings/airflow/dags/4_dag_PUSH_Updated_YML_To_Cortex.py
[2026-03-10T15:14:00.350+0000] {logging_mixin.py:188} INFO - [2026-03-10T15:14:00.349+0000] {dag.py:3089} INFO - Sync 1 DAGs
[2026-03-10T15:14:00.372+0000] {logging_mixin.py:188} INFO - [2026-03-10T15:14:00.372+0000] {dag.py:3947} INFO - Setting next_dagrun for 4_dag_PUSH_Updated_YML_To_Cortex to None, run_after=None
[2026-03-10T15:14:00.401+0000] {processor.py:183} INFO - Processing /home/cloud/codings/airflow/dags/4_dag_PUSH_Updated_YML_To_Cortex.py took 0.118 seconds
[2026-03-10T15:14:30.932+0000] {processor.py:161} INFO - Started process (PID=519864) to work on /home/cloud/codings/airflow/dags/4_dag_PUSH_Updated_YML_To_Cortex.py
[2026-03-10T15:14:30.933+0000] {processor.py:830} INFO - Processing file /home/cloud/codings/airflow/dags/4_dag_PUSH_Updated_YML_To_Cortex.py for tasks to queue
[2026-03-10T15:14:30.934+0000] {logging_mixin.py:188} INFO - [2026-03-10T15:14:30.934+0000] {dagbag.py:545} INFO - Filling up the DagBag from /home/cloud/codings/airflow/dags/4_dag_PUSH_Updated_YML_To_Cortex.py
[2026-03-10T15:14:30.959+0000] {processor.py:840} INFO - DAG(s) '4_dag_PUSH_Updated_YML_To_Cortex' retrieved from /home/cloud/codings/airflow/dags/4_dag_PUSH_Updated_YML_To_Cortex.py
[2026-03-10T15:14:30.977+0000] {logging_mixin.py:188} INFO - [2026-03-10T15:14:30.977+0000] {dag.py:3089} INFO - Sync 1 DAGs
[2026-03-10T15:14:30.991+0000] {logging_mixin.py:188} INFO - [2026-03-10T15:14:30.991+0000] {dag.py:3947} INFO - Setting next_dagrun for 4_dag_PUSH_Updated_YML_To_Cortex to None, run_after=None
[2026-03-10T15:14:31.022+0000] {processor.py:183} INFO - Processing /home/cloud/codings/airflow/dags/4_dag_PUSH_Updated_YML_To_Cortex.py took 0.097 seconds
[2026-03-10T15:15:01.286+0000] {processor.py:161} INFO - Started process (PID=519995) to work on /home/cloud/codings/airflow/dags/4_dag_PUSH_Updated_YML_To_Cortex.py
[2026-03-10T15:15:01.287+0000] {processor.py:830} INFO - Processing file /home/cloud/codings/airflow/dags/4_dag_PUSH_Updated_YML_To_Cortex.py for tasks to queue
[2026-03-10T15:15:01.288+0000] {logging_mixin.py:188} INFO - [2026-03-10T15:15:01.287+0000] {dagbag.py:545} INFO - Filling up the DagBag from /home/cloud/codings/airflow/dags/4_dag_PUSH_Updated_YML_To_Cortex.py
[2026-03-10T15:15:01.309+0000] {processor.py:840} INFO - DAG(s) '4_dag_PUSH_Updated_YML_To_Cortex' retrieved from /home/cloud/codings/airflow/dags/4_dag_PUSH_Updated_YML_To_Cortex.py
[2026-03-10T15:15:01.325+0000] {logging_mixin.py:188} INFO - [2026-03-10T15:15:01.325+0000] {dag.py:3089} INFO - Sync 1 DAGs
[2026-03-10T15:15:01.340+0000] {logging_mixin.py:188} INFO - [2026-03-10T15:15:01.340+0000] {dag.py:3947} INFO - Setting next_dagrun for 4_dag_PUSH_Updated_YML_To_Cortex to None, run_after=None
[2026-03-10T15:15:01.372+0000] {processor.py:183} INFO - Processing /home/cloud/codings/airflow/dags/4_dag_PUSH_Updated_YML_To_Cortex.py took 0.092 seconds
[2026-03-10T15:15:31.792+0000] {processor.py:161} INFO - Started process (PID=520085) to work on /home/cloud/codings/airflow/dags/4_dag_PUSH_Updated_YML_To_Cortex.py
[2026-03-10T15:15:31.795+0000] {processor.py:830} INFO - Processing file /home/cloud/codings/airflow/dags/4_dag_PUSH_Updated_YML_To_Cortex.py for tasks to queue
[2026-03-10T15:15:31.796+0000] {logging_mixin.py:188} INFO - [2026-03-10T15:15:31.796+0000] {dagbag.py:545} INFO - Filling up the DagBag from /home/cloud/codings/airflow/dags/4_dag_PUSH_Updated_YML_To_Cortex.py
[2026-03-10T15:15:31.821+0000] {processor.py:840} INFO - DAG(s) '4_dag_PUSH_Updated_YML_To_Cortex' retrieved from /home/cloud/codings/airflow/dags/4_dag_PUSH_Updated_YML_To_Cortex.py
[2026-03-10T15:15:31.835+0000] {logging_mixin.py:188} INFO - [2026-03-10T15:15:31.835+0000] {dag.py:3089} INFO - Sync 1 DAGs
[2026-03-10T15:15:31.850+0000] {logging_mixin.py:188} INFO - [2026-03-10T15:15:31.850+0000] {dag.py:3947} INFO - Setting next_dagrun for 4_dag_PUSH_Updated_YML_To_Cortex to None, run_after=None
[2026-03-10T15:15:31.881+0000] {processor.py:183} INFO - Processing /home/cloud/codings/airflow/dags/4_dag_PUSH_Updated_YML_To_Cortex.py took 0.109 seconds
[2026-03-10T15:16:02.150+0000] {processor.py:161} INFO - Started process (PID=520278) to work on /home/cloud/codings/airflow/dags/4_dag_PUSH_Updated_YML_To_Cortex.py
[2026-03-10T15:16:02.154+0000] {processor.py:830} INFO - Processing file /home/cloud/codings/airflow/dags/4_dag_PUSH_Updated_YML_To_Cortex.py for tasks to queue
[2026-03-10T15:16:02.155+0000] {logging_mixin.py:188} INFO - [2026-03-10T15:16:02.154+0000] {dagbag.py:545} INFO - Filling up the DagBag from /home/cloud/codings/airflow/dags/4_dag_PUSH_Updated_YML_To_Cortex.py
[2026-03-10T15:16:02.174+0000] {processor.py:840} INFO - DAG(s) '4_dag_PUSH_Updated_YML_To_Cortex' retrieved from /home/cloud/codings/airflow/dags/4_dag_PUSH_Updated_YML_To_Cortex.py
[2026-03-10T15:16:02.187+0000] {logging_mixin.py:188} INFO - [2026-03-10T15:16:02.187+0000] {dag.py:3089} INFO - Sync 1 DAGs
[2026-03-10T15:16:02.199+0000] {logging_mixin.py:188} INFO - [2026-03-10T15:16:02.198+0000] {dag.py:3947} INFO - Setting next_dagrun for 4_dag_PUSH_Updated_YML_To_Cortex to None, run_after=None
[2026-03-10T15:16:02.222+0000] {processor.py:183} INFO - Processing /home/cloud/codings/airflow/dags/4_dag_PUSH_Updated_YML_To_Cortex.py took 0.079 seconds
[2026-03-10T15:16:32.655+0000] {processor.py:161} INFO - Started process (PID=520351) to work on /home/cloud/codings/airflow/dags/4_dag_PUSH_Updated_YML_To_Cortex.py
[2026-03-10T15:16:32.662+0000] {processor.py:830} INFO - Processing file /home/cloud/codings/airflow/dags/4_dag_PUSH_Updated_YML_To_Cortex.py for tasks to queue
[2026-03-10T15:16:32.663+0000] {logging_mixin.py:188} INFO - [2026-03-10T15:16:32.662+0000] {dagbag.py:545} INFO - Filling up the DagBag from /home/cloud/codings/airflow/dags/4_dag_PUSH_Updated_YML_To_Cortex.py
[2026-03-10T15:16:32.685+0000] {processor.py:840} INFO - DAG(s) '4_dag_PUSH_Updated_YML_To_Cortex' retrieved from /home/cloud/codings/airflow/dags/4_dag_PUSH_Updated_YML_To_Cortex.py
[2026-03-10T15:16:32.700+0000] {logging_mixin.py:188} INFO - [2026-03-10T15:16:32.700+0000] {dag.py:3089} INFO - Sync 1 DAGs
[2026-03-10T15:16:32.713+0000] {logging_mixin.py:188} INFO - [2026-03-10T15:16:32.712+0000] {dag.py:3947} INFO - Setting next_dagrun for 4_dag_PUSH_Updated_YML_To_Cortex to None, run_after=None
[2026-03-10T15:16:32.739+0000] {processor.py:183} INFO - Processing /home/cloud/codings/airflow/dags/4_dag_PUSH_Updated_YML_To_Cortex.py took 0.090 seconds
[2026-03-10T15:17:02.973+0000] {processor.py:161} INFO - Started process (PID=520485) to work on /home/cloud/codings/airflow/dags/4_dag_PUSH_Updated_YML_To_Cortex.py
[2026-03-10T15:17:02.974+0000] {processor.py:830} INFO - Processing file /home/cloud/codings/airflow/dags/4_dag_PUSH_Updated_YML_To_Cortex.py for tasks to queue
[2026-03-10T15:17:02.975+0000] {logging_mixin.py:188} INFO - [2026-03-10T15:17:02.975+0000] {dagbag.py:545} INFO - Filling up the DagBag from /home/cloud/codings/airflow/dags/4_dag_PUSH_Updated_YML_To_Cortex.py
[2026-03-10T15:17:02.997+0000] {processor.py:840} INFO - DAG(s) '4_dag_PUSH_Updated_YML_To_Cortex' retrieved from /home/cloud/codings/airflow/dags/4_dag_PUSH_Updated_YML_To_Cortex.py
[2026-03-10T15:17:03.013+0000] {logging_mixin.py:188} INFO - [2026-03-10T15:17:03.013+0000] {dag.py:3089} INFO - Sync 1 DAGs
[2026-03-10T15:17:03.028+0000] {logging_mixin.py:188} INFO - [2026-03-10T15:17:03.028+0000] {dag.py:3947} INFO - Setting next_dagrun for 4_dag_PUSH_Updated_YML_To_Cortex to None, run_after=None
[2026-03-10T15:17:03.056+0000] {processor.py:183} INFO - Processing /home/cloud/codings/airflow/dags/4_dag_PUSH_Updated_YML_To_Cortex.py took 0.089 seconds
[2026-03-10T15:17:33.310+0000] {processor.py:161} INFO - Started process (PID=520560) to work on /home/cloud/codings/airflow/dags/4_dag_PUSH_Updated_YML_To_Cortex.py
[2026-03-10T15:17:33.312+0000] {processor.py:830} INFO - Processing file /home/cloud/codings/airflow/dags/4_dag_PUSH_Updated_YML_To_Cortex.py for tasks to queue
[2026-03-10T15:17:33.313+0000] {logging_mixin.py:188} INFO - [2026-03-10T15:17:33.312+0000] {dagbag.py:545} INFO - Filling up the DagBag from /home/cloud/codings/airflow/dags/4_dag_PUSH_Updated_YML_To_Cortex.py
[2026-03-10T15:17:33.332+0000] {processor.py:840} INFO - DAG(s) '4_dag_PUSH_Updated_YML_To_Cortex' retrieved from /home/cloud/codings/airflow/dags/4_dag_PUSH_Updated_YML_To_Cortex.py
[2026-03-10T15:17:33.348+0000] {logging_mixin.py:188} INFO - [2026-03-10T15:17:33.348+0000] {dag.py:3089} INFO - Sync 1 DAGs
[2026-03-10T15:17:33.363+0000] {logging_mixin.py:188} INFO - [2026-03-10T15:17:33.363+0000] {dag.py:3947} INFO - Setting next_dagrun for 4_dag_PUSH_Updated_YML_To_Cortex to None, run_after=None
[2026-03-10T15:17:33.388+0000] {processor.py:183} INFO - Processing /home/cloud/codings/airflow/dags/4_dag_PUSH_Updated_YML_To_Cortex.py took 0.082 seconds
[2026-03-10T15:18:03.825+0000] {processor.py:161} INFO - Started process (PID=520687) to work on /home/cloud/codings/airflow/dags/4_dag_PUSH_Updated_YML_To_Cortex.py
[2026-03-10T15:18:03.826+0000] {processor.py:830} INFO - Processing file /home/cloud/codings/airflow/dags/4_dag_PUSH_Updated_YML_To_Cortex.py for tasks to queue
[2026-03-10T15:18:03.827+0000] {logging_mixin.py:188} INFO - [2026-03-10T15:18:03.826+0000] {dagbag.py:545} INFO - Filling up the DagBag from /home/cloud/codings/airflow/dags/4_dag_PUSH_Updated_YML_To_Cortex.py
[2026-03-10T15:18:03.845+0000] {processor.py:840} INFO - DAG(s) '4_dag_PUSH_Updated_YML_To_Cortex' retrieved from /home/cloud/codings/airflow/dags/4_dag_PUSH_Updated_YML_To_Cortex.py
[2026-03-10T15:18:03.857+0000] {logging_mixin.py:188} INFO - [2026-03-10T15:18:03.857+0000] {dag.py:3089} INFO - Sync 1 DAGs
[2026-03-10T15:18:03.869+0000] {logging_mixin.py:188} INFO - [2026-03-10T15:18:03.869+0000] {dag.py:3947} INFO - Setting next_dagrun for 4_dag_PUSH_Updated_YML_To_Cortex to None, run_after=None
[2026-03-10T15:18:03.890+0000] {processor.py:183} INFO - Processing /home/cloud/codings/airflow/dags/4_dag_PUSH_Updated_YML_To_Cortex.py took 0.072 seconds
[2026-03-10T15:18:34.081+0000] {processor.py:161} INFO - Started process (PID=520760) to work on /home/cloud/codings/airflow/dags/4_dag_PUSH_Updated_YML_To_Cortex.py
[2026-03-10T15:18:34.086+0000] {processor.py:830} INFO - Processing file /home/cloud/codings/airflow/dags/4_dag_PUSH_Updated_YML_To_Cortex.py for tasks to queue
[2026-03-10T15:18:34.087+0000] {logging_mixin.py:188} INFO - [2026-03-10T15:18:34.087+0000] {dagbag.py:545} INFO - Filling up the DagBag from /home/cloud/codings/airflow/dags/4_dag_PUSH_Updated_YML_To_Cortex.py
[2026-03-10T15:18:34.109+0000] {processor.py:840} INFO - DAG(s) '4_dag_PUSH_Updated_YML_To_Cortex' retrieved from /home/cloud/codings/airflow/dags/4_dag_PUSH_Updated_YML_To_Cortex.py
[2026-03-10T15:18:34.124+0000] {logging_mixin.py:188} INFO - [2026-03-10T15:18:34.124+0000] {dag.py:3089} INFO - Sync 1 DAGs
[2026-03-10T15:18:34.138+0000] {logging_mixin.py:188} INFO - [2026-03-10T15:18:34.137+0000] {dag.py:3947} INFO - Setting next_dagrun for 4_dag_PUSH_Updated_YML_To_Cortex to None, run_after=None
[2026-03-10T15:18:34.164+0000] {processor.py:183} INFO - Processing /home/cloud/codings/airflow/dags/4_dag_PUSH_Updated_YML_To_Cortex.py took 0.088 seconds
[2026-03-10T15:19:04.412+0000] {processor.py:161} INFO - Started process (PID=520891) to work on /home/cloud/codings/airflow/dags/4_dag_PUSH_Updated_YML_To_Cortex.py
[2026-03-10T15:19:04.414+0000] {processor.py:830} INFO - Processing file /home/cloud/codings/airflow/dags/4_dag_PUSH_Updated_YML_To_Cortex.py for tasks to queue
[2026-03-10T15:19:04.415+0000] {logging_mixin.py:188} INFO - [2026-03-10T15:19:04.414+0000] {dagbag.py:545} INFO - Filling up the DagBag from /home/cloud/codings/airflow/dags/4_dag_PUSH_Updated_YML_To_Cortex.py
[2026-03-10T15:19:04.438+0000] {processor.py:840} INFO - DAG(s) '4_dag_PUSH_Updated_YML_To_Cortex' retrieved from /home/cloud/codings/airflow/dags/4_dag_PUSH_Updated_YML_To_Cortex.py
[2026-03-10T15:19:04.455+0000] {logging_mixin.py:188} INFO - [2026-03-10T15:19:04.455+0000] {dag.py:3089} INFO - Sync 1 DAGs
[2026-03-10T15:19:04.469+0000] {logging_mixin.py:188} INFO - [2026-03-10T15:19:04.469+0000] {dag.py:3947} INFO - Setting next_dagrun for 4_dag_PUSH_Updated_YML_To_Cortex to None, run_after=None
[2026-03-10T15:19:04.491+0000] {processor.py:183} INFO - Processing /home/cloud/codings/airflow/dags/4_dag_PUSH_Updated_YML_To_Cortex.py took 0.086 seconds
[2026-03-10T15:19:34.670+0000] {processor.py:161} INFO - Started process (PID=520966) to work on /home/cloud/codings/airflow/dags/4_dag_PUSH_Updated_YML_To_Cortex.py
[2026-03-10T15:19:34.675+0000] {processor.py:830} INFO - Processing file /home/cloud/codings/airflow/dags/4_dag_PUSH_Updated_YML_To_Cortex.py for tasks to queue
[2026-03-10T15:19:34.678+0000] {logging_mixin.py:188} INFO - [2026-03-10T15:19:34.676+0000] {dagbag.py:545} INFO - Filling up the DagBag from /home/cloud/codings/airflow/dags/4_dag_PUSH_Updated_YML_To_Cortex.py
[2026-03-10T15:19:34.715+0000] {processor.py:840} INFO - DAG(s) '4_dag_PUSH_Updated_YML_To_Cortex' retrieved from /home/cloud/codings/airflow/dags/4_dag_PUSH_Updated_YML_To_Cortex.py
[2026-03-10T15:19:34.728+0000] {logging_mixin.py:188} INFO - [2026-03-10T15:19:34.728+0000] {dag.py:3089} INFO - Sync 1 DAGs
[2026-03-10T15:19:34.739+0000] {logging_mixin.py:188} INFO - [2026-03-10T15:19:34.738+0000] {dag.py:3947} INFO - Setting next_dagrun for 4_dag_PUSH_Updated_YML_To_Cortex to None, run_after=None
[2026-03-10T15:19:34.761+0000] {processor.py:183} INFO - Processing /home/cloud/codings/airflow/dags/4_dag_PUSH_Updated_YML_To_Cortex.py took 0.096 seconds
[2026-03-10T15:20:05.286+0000] {processor.py:161} INFO - Started process (PID=521098) to work on /home/cloud/codings/airflow/dags/4_dag_PUSH_Updated_YML_To_Cortex.py
[2026-03-10T15:20:05.287+0000] {processor.py:830} INFO - Processing file /home/cloud/codings/airflow/dags/4_dag_PUSH_Updated_YML_To_Cortex.py for tasks to queue
[2026-03-10T15:20:05.288+0000] {logging_mixin.py:188} INFO - [2026-03-10T15:20:05.287+0000] {dagbag.py:545} INFO - Filling up the DagBag from /home/cloud/codings/airflow/dags/4_dag_PUSH_Updated_YML_To_Cortex.py
[2026-03-10T15:20:05.311+0000] {processor.py:840} INFO - DAG(s) '4_dag_PUSH_Updated_YML_To_Cortex' retrieved from /home/cloud/codings/airflow/dags/4_dag_PUSH_Updated_YML_To_Cortex.py
[2026-03-10T15:20:05.326+0000] {logging_mixin.py:188} INFO - [2026-03-10T15:20:05.326+0000] {dag.py:3089} INFO - Sync 1 DAGs
[2026-03-10T15:20:05.342+0000] {logging_mixin.py:188} INFO - [2026-03-10T15:20:05.342+0000] {dag.py:3947} INFO - Setting next_dagrun for 4_dag_PUSH_Updated_YML_To_Cortex to None, run_after=None
[2026-03-10T15:20:05.377+0000] {processor.py:183} INFO - Processing /home/cloud/codings/airflow/dags/4_dag_PUSH_Updated_YML_To_Cortex.py took 0.097 seconds
[2026-03-10T15:20:35.795+0000] {processor.py:161} INFO - Started process (PID=521165) to work on /home/cloud/codings/airflow/dags/4_dag_PUSH_Updated_YML_To_Cortex.py
[2026-03-10T15:20:35.797+0000] {processor.py:830} INFO - Processing file /home/cloud/codings/airflow/dags/4_dag_PUSH_Updated_YML_To_Cortex.py for tasks to queue
[2026-03-10T15:20:35.798+0000] {logging_mixin.py:188} INFO - [2026-03-10T15:20:35.797+0000] {dagbag.py:545} INFO - Filling up the DagBag from /home/cloud/codings/airflow/dags/4_dag_PUSH_Updated_YML_To_Cortex.py
[2026-03-10T15:20:35.819+0000] {processor.py:840} INFO - DAG(s) '4_dag_PUSH_Updated_YML_To_Cortex' retrieved from /home/cloud/codings/airflow/dags/4_dag_PUSH_Updated_YML_To_Cortex.py
[2026-03-10T15:20:35.834+0000] {logging_mixin.py:188} INFO - [2026-03-10T15:20:35.833+0000] {dag.py:3089} INFO - Sync 1 DAGs
[2026-03-10T15:20:35.846+0000] {logging_mixin.py:188} INFO - [2026-03-10T15:20:35.846+0000] {dag.py:3947} INFO - Setting next_dagrun for 4_dag_PUSH_Updated_YML_To_Cortex to None, run_after=None
[2026-03-10T15:20:35.873+0000] {processor.py:183} INFO - Processing /home/cloud/codings/airflow/dags/4_dag_PUSH_Updated_YML_To_Cortex.py took 0.083 seconds
[2026-03-10T15:21:06.866+0000] {processor.py:161} INFO - Started process (PID=521356) to work on /home/cloud/codings/airflow/dags/4_dag_PUSH_Updated_YML_To_Cortex.py
[2026-03-10T15:21:06.867+0000] {processor.py:830} INFO - Processing file /home/cloud/codings/airflow/dags/4_dag_PUSH_Updated_YML_To_Cortex.py for tasks to queue
[2026-03-10T15:21:06.868+0000] {logging_mixin.py:188} INFO - [2026-03-10T15:21:06.868+0000] {dagbag.py:545} INFO - Filling up the DagBag from /home/cloud/codings/airflow/dags/4_dag_PUSH_Updated_YML_To_Cortex.py
[2026-03-10T15:21:06.889+0000] {processor.py:840} INFO - DAG(s) '4_dag_PUSH_Updated_YML_To_Cortex' retrieved from /home/cloud/codings/airflow/dags/4_dag_PUSH_Updated_YML_To_Cortex.py
[2026-03-10T15:21:06.904+0000] {logging_mixin.py:188} INFO - [2026-03-10T15:21:06.904+0000] {dag.py:3089} INFO - Sync 1 DAGs
[2026-03-10T15:21:06.917+0000] {logging_mixin.py:188} INFO - [2026-03-10T15:21:06.916+0000] {dag.py:3947} INFO - Setting next_dagrun for 4_dag_PUSH_Updated_YML_To_Cortex to None, run_after=None
[2026-03-10T15:21:06.939+0000] {processor.py:183} INFO - Processing /home/cloud/codings/airflow/dags/4_dag_PUSH_Updated_YML_To_Cortex.py took 0.079 seconds
[2026-03-10T15:21:37.778+0000] {processor.py:161} INFO - Started process (PID=521431) to work on /home/cloud/codings/airflow/dags/4_dag_PUSH_Updated_YML_To_Cortex.py
[2026-03-10T15:21:37.779+0000] {processor.py:830} INFO - Processing file /home/cloud/codings/airflow/dags/4_dag_PUSH_Updated_YML_To_Cortex.py for tasks to queue
[2026-03-10T15:21:37.780+0000] {logging_mixin.py:188} INFO - [2026-03-10T15:21:37.779+0000] {dagbag.py:545} INFO - Filling up the DagBag from /home/cloud/codings/airflow/dags/4_dag_PUSH_Updated_YML_To_Cortex.py
[2026-03-10T15:21:37.812+0000] {processor.py:840} INFO - DAG(s) '4_dag_PUSH_Updated_YML_To_Cortex' retrieved from /home/cloud/codings/airflow/dags/4_dag_PUSH_Updated_YML_To_Cortex.py
[2026-03-10T15:21:37.829+0000] {logging_mixin.py:188} INFO - [2026-03-10T15:21:37.828+0000] {dag.py:3089} INFO - Sync 1 DAGs
[2026-03-10T15:21:37.843+0000] {logging_mixin.py:188} INFO - [2026-03-10T15:21:37.843+0000] {dag.py:3947} INFO - Setting next_dagrun for 4_dag_PUSH_Updated_YML_To_Cortex to None, run_after=None
[2026-03-10T15:21:37.874+0000] {processor.py:183} INFO - Processing /home/cloud/codings/airflow/dags/4_dag_PUSH_Updated_YML_To_Cortex.py took 0.110 seconds
[2026-03-10T15:22:08.962+0000] {processor.py:161} INFO - Started process (PID=521562) to work on /home/cloud/codings/airflow/dags/4_dag_PUSH_Updated_YML_To_Cortex.py
[2026-03-10T15:22:08.965+0000] {processor.py:830} INFO - Processing file /home/cloud/codings/airflow/dags/4_dag_PUSH_Updated_YML_To_Cortex.py for tasks to queue
[2026-03-10T15:22:08.967+0000] {logging_mixin.py:188} INFO - [2026-03-10T15:22:08.966+0000] {dagbag.py:545} INFO - Filling up the DagBag from /home/cloud/codings/airflow/dags/4_dag_PUSH_Updated_YML_To_Cortex.py
[2026-03-10T15:22:08.996+0000] {processor.py:840} INFO - DAG(s) '4_dag_PUSH_Updated_YML_To_Cortex' retrieved from /home/cloud/codings/airflow/dags/4_dag_PUSH_Updated_YML_To_Cortex.py
[2026-03-10T15:22:09.013+0000] {logging_mixin.py:188} INFO - [2026-03-10T15:22:09.013+0000] {dag.py:3089} INFO - Sync 1 DAGs
[2026-03-10T15:22:09.028+0000] {logging_mixin.py:188} INFO - [2026-03-10T15:22:09.028+0000] {dag.py:3947} INFO - Setting next_dagrun for 4_dag_PUSH_Updated_YML_To_Cortex to None, run_after=None
[2026-03-10T15:22:09.054+0000] {processor.py:183} INFO - Processing /home/cloud/codings/airflow/dags/4_dag_PUSH_Updated_YML_To_Cortex.py took 0.102 seconds
[2026-03-10T15:22:39.515+0000] {processor.py:161} INFO - Started process (PID=521635) to work on /home/cloud/codings/airflow/dags/4_dag_PUSH_Updated_YML_To_Cortex.py
[2026-03-10T15:22:39.516+0000] {processor.py:830} INFO - Processing file /home/cloud/codings/airflow/dags/4_dag_PUSH_Updated_YML_To_Cortex.py for tasks to queue
[2026-03-10T15:22:39.517+0000] {logging_mixin.py:188} INFO - [2026-03-10T15:22:39.517+0000] {dagbag.py:545} INFO - Filling up the DagBag from /home/cloud/codings/airflow/dags/4_dag_PUSH_Updated_YML_To_Cortex.py
[2026-03-10T15:22:39.537+0000] {processor.py:840} INFO - DAG(s) '4_dag_PUSH_Updated_YML_To_Cortex' retrieved from /home/cloud/codings/airflow/dags/4_dag_PUSH_Updated_YML_To_Cortex.py
[2026-03-10T15:22:39.549+0000] {logging_mixin.py:188} INFO - [2026-03-10T15:22:39.549+0000] {dag.py:3089} INFO - Sync 1 DAGs
[2026-03-10T15:22:39.560+0000] {logging_mixin.py:188} INFO - [2026-03-10T15:22:39.559+0000] {dag.py:3947} INFO - Setting next_dagrun for 4_dag_PUSH_Updated_YML_To_Cortex to None, run_after=None
[2026-03-10T15:22:39.582+0000] {processor.py:183} INFO - Processing /home/cloud/codings/airflow/dags/4_dag_PUSH_Updated_YML_To_Cortex.py took 0.074 seconds
[2026-03-10T15:23:09.846+0000] {processor.py:161} INFO - Started process (PID=521768) to work on /home/cloud/codings/airflow/dags/4_dag_PUSH_Updated_YML_To_Cortex.py
[2026-03-10T15:23:09.848+0000] {processor.py:830} INFO - Processing file /home/cloud/codings/airflow/dags/4_dag_PUSH_Updated_YML_To_Cortex.py for tasks to queue
[2026-03-10T15:23:09.849+0000] {logging_mixin.py:188} INFO - [2026-03-10T15:23:09.849+0000] {dagbag.py:545} INFO - Filling up the DagBag from /home/cloud/codings/airflow/dags/4_dag_PUSH_Updated_YML_To_Cortex.py
[2026-03-10T15:23:09.867+0000] {processor.py:840} INFO - DAG(s) '4_dag_PUSH_Updated_YML_To_Cortex' retrieved from /home/cloud/codings/airflow/dags/4_dag_PUSH_Updated_YML_To_Cortex.py
[2026-03-10T15:23:09.879+0000] {logging_mixin.py:188} INFO - [2026-03-10T15:23:09.879+0000] {dag.py:3089} INFO - Sync 1 DAGs
[2026-03-10T15:23:09.890+0000] {logging_mixin.py:188} INFO - [2026-03-10T15:23:09.890+0000] {dag.py:3947} INFO - Setting next_dagrun for 4_dag_PUSH_Updated_YML_To_Cortex to None, run_after=None
[2026-03-10T15:23:09.911+0000] {processor.py:183} INFO - Processing /home/cloud/codings/airflow/dags/4_dag_PUSH_Updated_YML_To_Cortex.py took 0.070 seconds
[2026-03-10T15:23:40.221+0000] {processor.py:161} INFO - Started process (PID=521845) to work on /home/cloud/codings/airflow/dags/4_dag_PUSH_Updated_YML_To_Cortex.py
[2026-03-10T15:23:40.222+0000] {processor.py:830} INFO - Processing file /home/cloud/codings/airflow/dags/4_dag_PUSH_Updated_YML_To_Cortex.py for tasks to queue
[2026-03-10T15:23:40.223+0000] {logging_mixin.py:188} INFO - [2026-03-10T15:23:40.223+0000] {dagbag.py:545} INFO - Filling up the DagBag from /home/cloud/codings/airflow/dags/4_dag_PUSH_Updated_YML_To_Cortex.py
[2026-03-10T15:23:40.244+0000] {processor.py:840} INFO - DAG(s) '4_dag_PUSH_Updated_YML_To_Cortex' retrieved from /home/cloud/codings/airflow/dags/4_dag_PUSH_Updated_YML_To_Cortex.py
[2026-03-10T15:23:40.262+0000] {logging_mixin.py:188} INFO - [2026-03-10T15:23:40.262+0000] {dag.py:3089} INFO - Sync 1 DAGs
[2026-03-10T15:23:40.274+0000] {logging_mixin.py:188} INFO - [2026-03-10T15:23:40.274+0000] {dag.py:3947} INFO - Setting next_dagrun for 4_dag_PUSH_Updated_YML_To_Cortex to None, run_after=None
[2026-03-10T15:23:40.338+0000] {processor.py:183} INFO - Processing /home/cloud/codings/airflow/dags/4_dag_PUSH_Updated_YML_To_Cortex.py took 0.124 seconds
[2026-03-10T15:24:10.760+0000] {processor.py:161} INFO - Started process (PID=521976) to work on /home/cloud/codings/airflow/dags/4_dag_PUSH_Updated_YML_To_Cortex.py
[2026-03-10T15:24:10.766+0000] {processor.py:830} INFO - Processing file /home/cloud/codings/airflow/dags/4_dag_PUSH_Updated_YML_To_Cortex.py for tasks to queue
[2026-03-10T15:24:10.767+0000] {logging_mixin.py:188} INFO - [2026-03-10T15:24:10.767+0000] {dagbag.py:545} INFO - Filling up the DagBag from /home/cloud/codings/airflow/dags/4_dag_PUSH_Updated_YML_To_Cortex.py
[2026-03-10T15:24:10.792+0000] {processor.py:840} INFO - DAG(s) '4_dag_PUSH_Updated_YML_To_Cortex' retrieved from /home/cloud/codings/airflow/dags/4_dag_PUSH_Updated_YML_To_Cortex.py
[2026-03-10T15:24:10.806+0000] {logging_mixin.py:188} INFO - [2026-03-10T15:24:10.806+0000] {dag.py:3089} INFO - Sync 1 DAGs
[2026-03-10T15:24:10.819+0000] {logging_mixin.py:188} INFO - [2026-03-10T15:24:10.819+0000] {dag.py:3947} INFO - Setting next_dagrun for 4_dag_PUSH_Updated_YML_To_Cortex to None, run_after=None
[2026-03-10T15:24:10.884+0000] {processor.py:183} INFO - Processing /home/cloud/codings/airflow/dags/4_dag_PUSH_Updated_YML_To_Cortex.py took 0.132 seconds
[2026-03-10T15:24:41.208+0000] {processor.py:161} INFO - Started process (PID=522049) to work on /home/cloud/codings/airflow/dags/4_dag_PUSH_Updated_YML_To_Cortex.py
[2026-03-10T15:24:41.213+0000] {processor.py:830} INFO - Processing file /home/cloud/codings/airflow/dags/4_dag_PUSH_Updated_YML_To_Cortex.py for tasks to queue
[2026-03-10T15:24:41.215+0000] {logging_mixin.py:188} INFO - [2026-03-10T15:24:41.215+0000] {dagbag.py:545} INFO - Filling up the DagBag from /home/cloud/codings/airflow/dags/4_dag_PUSH_Updated_YML_To_Cortex.py
[2026-03-10T15:24:41.247+0000] {processor.py:840} INFO - DAG(s) '4_dag_PUSH_Updated_YML_To_Cortex' retrieved from /home/cloud/codings/airflow/dags/4_dag_PUSH_Updated_YML_To_Cortex.py
[2026-03-10T15:24:41.264+0000] {logging_mixin.py:188} INFO - [2026-03-10T15:24:41.264+0000] {dag.py:3089} INFO - Sync 1 DAGs
[2026-03-10T15:24:41.278+0000] {logging_mixin.py:188} INFO - [2026-03-10T15:24:41.278+0000] {dag.py:3947} INFO - Setting next_dagrun for 4_dag_PUSH_Updated_YML_To_Cortex to None, run_after=None
[2026-03-10T15:24:41.306+0000] {processor.py:183} INFO - Processing /home/cloud/codings/airflow/dags/4_dag_PUSH_Updated_YML_To_Cortex.py took 0.109 seconds
[2026-03-10T15:25:11.703+0000] {processor.py:161} INFO - Started process (PID=522175) to work on /home/cloud/codings/airflow/dags/4_dag_PUSH_Updated_YML_To_Cortex.py
[2026-03-10T15:25:11.704+0000] {processor.py:830} INFO - Processing file /home/cloud/codings/airflow/dags/4_dag_PUSH_Updated_YML_To_Cortex.py for tasks to queue
[2026-03-10T15:25:11.705+0000] {logging_mixin.py:188} INFO - [2026-03-10T15:25:11.705+0000] {dagbag.py:545} INFO - Filling up the DagBag from /home/cloud/codings/airflow/dags/4_dag_PUSH_Updated_YML_To_Cortex.py
[2026-03-10T15:25:11.724+0000] {processor.py:840} INFO - DAG(s) '4_dag_PUSH_Updated_YML_To_Cortex' retrieved from /home/cloud/codings/airflow/dags/4_dag_PUSH_Updated_YML_To_Cortex.py
[2026-03-10T15:25:11.738+0000] {logging_mixin.py:188} INFO - [2026-03-10T15:25:11.737+0000] {dag.py:3089} INFO - Sync 1 DAGs
[2026-03-10T15:25:11.749+0000] {logging_mixin.py:188} INFO - [2026-03-10T15:25:11.749+0000] {dag.py:3947} INFO - Setting next_dagrun for 4_dag_PUSH_Updated_YML_To_Cortex to None, run_after=None
[2026-03-10T15:25:11.769+0000] {processor.py:183} INFO - Processing /home/cloud/codings/airflow/dags/4_dag_PUSH_Updated_YML_To_Cortex.py took 0.072 seconds
[2026-03-10T15:25:42.055+0000] {processor.py:161} INFO - Started process (PID=522310) to work on /home/cloud/codings/airflow/dags/4_dag_PUSH_Updated_YML_To_Cortex.py
[2026-03-10T15:25:42.059+0000] {processor.py:830} INFO - Processing file /home/cloud/codings/airflow/dags/4_dag_PUSH_Updated_YML_To_Cortex.py for tasks to queue
[2026-03-10T15:25:42.060+0000] {logging_mixin.py:188} INFO - [2026-03-10T15:25:42.060+0000] {dagbag.py:545} INFO - Filling up the DagBag from /home/cloud/codings/airflow/dags/4_dag_PUSH_Updated_YML_To_Cortex.py
[2026-03-10T15:25:42.080+0000] {processor.py:840} INFO - DAG(s) '4_dag_PUSH_Updated_YML_To_Cortex' retrieved from /home/cloud/codings/airflow/dags/4_dag_PUSH_Updated_YML_To_Cortex.py
[2026-03-10T15:25:42.094+0000] {logging_mixin.py:188} INFO - [2026-03-10T15:25:42.093+0000] {dag.py:3089} INFO - Sync 1 DAGs
[2026-03-10T15:25:42.105+0000] {logging_mixin.py:188} INFO - [2026-03-10T15:25:42.105+0000] {dag.py:3947} INFO - Setting next_dagrun for 4_dag_PUSH_Updated_YML_To_Cortex to None, run_after=None
[2026-03-10T15:25:42.127+0000] {processor.py:183} INFO - Processing /home/cloud/codings/airflow/dags/4_dag_PUSH_Updated_YML_To_Cortex.py took 0.080 seconds
[2026-03-10T15:26:12.406+0000] {processor.py:161} INFO - Started process (PID=522446) to work on /home/cloud/codings/airflow/dags/4_dag_PUSH_Updated_YML_To_Cortex.py
[2026-03-10T15:26:12.411+0000] {processor.py:830} INFO - Processing file /home/cloud/codings/airflow/dags/4_dag_PUSH_Updated_YML_To_Cortex.py for tasks to queue
[2026-03-10T15:26:12.412+0000] {logging_mixin.py:188} INFO - [2026-03-10T15:26:12.412+0000] {dagbag.py:545} INFO - Filling up the DagBag from /home/cloud/codings/airflow/dags/4_dag_PUSH_Updated_YML_To_Cortex.py
[2026-03-10T15:26:12.431+0000] {processor.py:840} INFO - DAG(s) '4_dag_PUSH_Updated_YML_To_Cortex' retrieved from /home/cloud/codings/airflow/dags/4_dag_PUSH_Updated_YML_To_Cortex.py
[2026-03-10T15:26:12.443+0000] {logging_mixin.py:188} INFO - [2026-03-10T15:26:12.443+0000] {dag.py:3089} INFO - Sync 1 DAGs
[2026-03-10T15:26:12.455+0000] {logging_mixin.py:188} INFO - [2026-03-10T15:26:12.455+0000] {dag.py:3947} INFO - Setting next_dagrun for 4_dag_PUSH_Updated_YML_To_Cortex to None, run_after=None
[2026-03-10T15:26:12.482+0000] {processor.py:183} INFO - Processing /home/cloud/codings/airflow/dags/4_dag_PUSH_Updated_YML_To_Cortex.py took 0.083 seconds
[2026-03-10T15:26:42.895+0000] {processor.py:161} INFO - Started process (PID=522519) to work on /home/cloud/codings/airflow/dags/4_dag_PUSH_Updated_YML_To_Cortex.py
[2026-03-10T15:26:42.896+0000] {processor.py:830} INFO - Processing file /home/cloud/codings/airflow/dags/4_dag_PUSH_Updated_YML_To_Cortex.py for tasks to queue
[2026-03-10T15:26:42.897+0000] {logging_mixin.py:188} INFO - [2026-03-10T15:26:42.897+0000] {dagbag.py:545} INFO - Filling up the DagBag from /home/cloud/codings/airflow/dags/4_dag_PUSH_Updated_YML_To_Cortex.py
[2026-03-10T15:26:42.921+0000] {processor.py:840} INFO - DAG(s) '4_dag_PUSH_Updated_YML_To_Cortex' retrieved from /home/cloud/codings/airflow/dags/4_dag_PUSH_Updated_YML_To_Cortex.py
[2026-03-10T15:26:42.936+0000] {logging_mixin.py:188} INFO - [2026-03-10T15:26:42.935+0000] {dag.py:3089} INFO - Sync 1 DAGs
[2026-03-10T15:26:42.949+0000] {logging_mixin.py:188} INFO - [2026-03-10T15:26:42.949+0000] {dag.py:3947} INFO - Setting next_dagrun for 4_dag_PUSH_Updated_YML_To_Cortex to None, run_after=None
[2026-03-10T15:26:42.975+0000] {processor.py:183} INFO - Processing /home/cloud/codings/airflow/dags/4_dag_PUSH_Updated_YML_To_Cortex.py took 0.086 seconds
[2026-03-10T15:27:13.284+0000] {processor.py:161} INFO - Started process (PID=522650) to work on /home/cloud/codings/airflow/dags/4_dag_PUSH_Updated_YML_To_Cortex.py
[2026-03-10T15:27:13.285+0000] {processor.py:830} INFO - Processing file /home/cloud/codings/airflow/dags/4_dag_PUSH_Updated_YML_To_Cortex.py for tasks to queue
[2026-03-10T15:27:13.286+0000] {logging_mixin.py:188} INFO - [2026-03-10T15:27:13.286+0000] {dagbag.py:545} INFO - Filling up the DagBag from /home/cloud/codings/airflow/dags/4_dag_PUSH_Updated_YML_To_Cortex.py
[2026-03-10T15:27:13.313+0000] {processor.py:840} INFO - DAG(s) '4_dag_PUSH_Updated_YML_To_Cortex' retrieved from /home/cloud/codings/airflow/dags/4_dag_PUSH_Updated_YML_To_Cortex.py
[2026-03-10T15:27:13.329+0000] {logging_mixin.py:188} INFO - [2026-03-10T15:27:13.329+0000] {dag.py:3089} INFO - Sync 1 DAGs
[2026-03-10T15:27:13.342+0000] {logging_mixin.py:188} INFO - [2026-03-10T15:27:13.342+0000] {dag.py:3947} INFO - Setting next_dagrun for 4_dag_PUSH_Updated_YML_To_Cortex to None, run_after=None
[2026-03-10T15:27:13.369+0000] {processor.py:183} INFO - Processing /home/cloud/codings/airflow/dags/4_dag_PUSH_Updated_YML_To_Cortex.py took 0.091 seconds
[2026-03-10T15:27:43.616+0000] {processor.py:161} INFO - Started process (PID=522725) to work on /home/cloud/codings/airflow/dags/4_dag_PUSH_Updated_YML_To_Cortex.py
[2026-03-10T15:27:43.617+0000] {processor.py:830} INFO - Processing file /home/cloud/codings/airflow/dags/4_dag_PUSH_Updated_YML_To_Cortex.py for tasks to queue
[2026-03-10T15:27:43.617+0000] {logging_mixin.py:188} INFO - [2026-03-10T15:27:43.617+0000] {dagbag.py:545} INFO - Filling up the DagBag from /home/cloud/codings/airflow/dags/4_dag_PUSH_Updated_YML_To_Cortex.py
[2026-03-10T15:27:43.637+0000] {processor.py:840} INFO - DAG(s) '4_dag_PUSH_Updated_YML_To_Cortex' retrieved from /home/cloud/codings/airflow/dags/4_dag_PUSH_Updated_YML_To_Cortex.py
[2026-03-10T15:27:43.649+0000] {logging_mixin.py:188} INFO - [2026-03-10T15:27:43.649+0000] {dag.py:3089} INFO - Sync 1 DAGs
[2026-03-10T15:27:43.661+0000] {logging_mixin.py:188} INFO - [2026-03-10T15:27:43.660+0000] {dag.py:3947} INFO - Setting next_dagrun for 4_dag_PUSH_Updated_YML_To_Cortex to None, run_after=None
[2026-03-10T15:27:43.684+0000] {processor.py:183} INFO - Processing /home/cloud/codings/airflow/dags/4_dag_PUSH_Updated_YML_To_Cortex.py took 0.075 seconds
[2026-03-10T15:28:13.936+0000] {processor.py:161} INFO - Started process (PID=522850) to work on /home/cloud/codings/airflow/dags/4_dag_PUSH_Updated_YML_To_Cortex.py
[2026-03-10T15:28:13.938+0000] {processor.py:830} INFO - Processing file /home/cloud/codings/airflow/dags/4_dag_PUSH_Updated_YML_To_Cortex.py for tasks to queue
[2026-03-10T15:28:13.939+0000] {logging_mixin.py:188} INFO - [2026-03-10T15:28:13.938+0000] {dagbag.py:545} INFO - Filling up the DagBag from /home/cloud/codings/airflow/dags/4_dag_PUSH_Updated_YML_To_Cortex.py
[2026-03-10T15:28:13.973+0000] {processor.py:840} INFO - DAG(s) '4_dag_PUSH_Updated_YML_To_Cortex' retrieved from /home/cloud/codings/airflow/dags/4_dag_PUSH_Updated_YML_To_Cortex.py
[2026-03-10T15:28:13.993+0000] {logging_mixin.py:188} INFO - [2026-03-10T15:28:13.993+0000] {dag.py:3089} INFO - Sync 1 DAGs
[2026-03-10T15:28:14.007+0000] {logging_mixin.py:188} INFO - [2026-03-10T15:28:14.006+0000] {dag.py:3947} INFO - Setting next_dagrun for 4_dag_PUSH_Updated_YML_To_Cortex to None, run_after=None
[2026-03-10T15:28:14.033+0000] {processor.py:183} INFO - Processing /home/cloud/codings/airflow/dags/4_dag_PUSH_Updated_YML_To_Cortex.py took 0.107 seconds
[2026-03-10T15:28:44.358+0000] {processor.py:161} INFO - Started process (PID=522923) to work on /home/cloud/codings/airflow/dags/4_dag_PUSH_Updated_YML_To_Cortex.py
[2026-03-10T15:28:44.362+0000] {processor.py:830} INFO - Processing file /home/cloud/codings/airflow/dags/4_dag_PUSH_Updated_YML_To_Cortex.py for tasks to queue
[2026-03-10T15:28:44.363+0000] {logging_mixin.py:188} INFO - [2026-03-10T15:28:44.363+0000] {dagbag.py:545} INFO - Filling up the DagBag from /home/cloud/codings/airflow/dags/4_dag_PUSH_Updated_YML_To_Cortex.py
[2026-03-10T15:28:44.384+0000] {processor.py:840} INFO - DAG(s) '4_dag_PUSH_Updated_YML_To_Cortex' retrieved from /home/cloud/codings/airflow/dags/4_dag_PUSH_Updated_YML_To_Cortex.py
[2026-03-10T15:28:44.398+0000] {logging_mixin.py:188} INFO - [2026-03-10T15:28:44.398+0000] {dag.py:3089} INFO - Sync 1 DAGs
[2026-03-10T15:28:44.409+0000] {logging_mixin.py:188} INFO - [2026-03-10T15:28:44.409+0000] {dag.py:3947} INFO - Setting next_dagrun for 4_dag_PUSH_Updated_YML_To_Cortex to None, run_after=None
[2026-03-10T15:28:44.432+0000] {processor.py:183} INFO - Processing /home/cloud/codings/airflow/dags/4_dag_PUSH_Updated_YML_To_Cortex.py took 0.080 seconds
[2026-03-10T15:29:14.696+0000] {processor.py:161} INFO - Started process (PID=523056) to work on /home/cloud/codings/airflow/dags/4_dag_PUSH_Updated_YML_To_Cortex.py
[2026-03-10T15:29:14.699+0000] {processor.py:830} INFO - Processing file /home/cloud/codings/airflow/dags/4_dag_PUSH_Updated_YML_To_Cortex.py for tasks to queue
[2026-03-10T15:29:14.700+0000] {logging_mixin.py:188} INFO - [2026-03-10T15:29:14.700+0000] {dagbag.py:545} INFO - Filling up the DagBag from /home/cloud/codings/airflow/dags/4_dag_PUSH_Updated_YML_To_Cortex.py
[2026-03-10T15:29:14.720+0000] {processor.py:840} INFO - DAG(s) '4_dag_PUSH_Updated_YML_To_Cortex' retrieved from /home/cloud/codings/airflow/dags/4_dag_PUSH_Updated_YML_To_Cortex.py
[2026-03-10T15:29:14.733+0000] {logging_mixin.py:188} INFO - [2026-03-10T15:29:14.732+0000] {dag.py:3089} INFO - Sync 1 DAGs
[2026-03-10T15:29:14.743+0000] {logging_mixin.py:188} INFO - [2026-03-10T15:29:14.743+0000] {dag.py:3947} INFO - Setting next_dagrun for 4_dag_PUSH_Updated_YML_To_Cortex to None, run_after=None
[2026-03-10T15:29:14.763+0000] {processor.py:183} INFO - Processing /home/cloud/codings/airflow/dags/4_dag_PUSH_Updated_YML_To_Cortex.py took 0.072 seconds
[2026-03-10T15:29:45.022+0000] {processor.py:161} INFO - Started process (PID=523131) to work on /home/cloud/codings/airflow/dags/4_dag_PUSH_Updated_YML_To_Cortex.py
[2026-03-10T15:29:45.025+0000] {processor.py:830} INFO - Processing file /home/cloud/codings/airflow/dags/4_dag_PUSH_Updated_YML_To_Cortex.py for tasks to queue
[2026-03-10T15:29:45.026+0000] {logging_mixin.py:188} INFO - [2026-03-10T15:29:45.025+0000] {dagbag.py:545} INFO - Filling up the DagBag from /home/cloud/codings/airflow/dags/4_dag_PUSH_Updated_YML_To_Cortex.py
[2026-03-10T15:29:45.047+0000] {processor.py:840} INFO - DAG(s) '4_dag_PUSH_Updated_YML_To_Cortex' retrieved from /home/cloud/codings/airflow/dags/4_dag_PUSH_Updated_YML_To_Cortex.py
[2026-03-10T15:29:45.061+0000] {logging_mixin.py:188} INFO - [2026-03-10T15:29:45.061+0000] {dag.py:3089} INFO - Sync 1 DAGs
[2026-03-10T15:29:45.075+0000] {logging_mixin.py:188} INFO - [2026-03-10T15:29:45.075+0000] {dag.py:3947} INFO - Setting next_dagrun for 4_dag_PUSH_Updated_YML_To_Cortex to None, run_after=None
[2026-03-10T15:29:45.100+0000] {processor.py:183} INFO - Processing /home/cloud/codings/airflow/dags/4_dag_PUSH_Updated_YML_To_Cortex.py took 0.084 seconds
[2026-03-10T15:30:15.360+0000] {processor.py:161} INFO - Started process (PID=523263) to work on /home/cloud/codings/airflow/dags/4_dag_PUSH_Updated_YML_To_Cortex.py
[2026-03-10T15:30:15.360+0000] {processor.py:830} INFO - Processing file /home/cloud/codings/airflow/dags/4_dag_PUSH_Updated_YML_To_Cortex.py for tasks to queue
[2026-03-10T15:30:15.361+0000] {logging_mixin.py:188} INFO - [2026-03-10T15:30:15.361+0000] {dagbag.py:545} INFO - Filling up the DagBag from /home/cloud/codings/airflow/dags/4_dag_PUSH_Updated_YML_To_Cortex.py
[2026-03-10T15:30:15.385+0000] {processor.py:840} INFO - DAG(s) '4_dag_PUSH_Updated_YML_To_Cortex' retrieved from /home/cloud/codings/airflow/dags/4_dag_PUSH_Updated_YML_To_Cortex.py
[2026-03-10T15:30:15.401+0000] {logging_mixin.py:188} INFO - [2026-03-10T15:30:15.401+0000] {dag.py:3089} INFO - Sync 1 DAGs
[2026-03-10T15:30:15.418+0000] {logging_mixin.py:188} INFO - [2026-03-10T15:30:15.417+0000] {dag.py:3947} INFO - Setting next_dagrun for 4_dag_PUSH_Updated_YML_To_Cortex to None, run_after=None
[2026-03-10T15:30:15.446+0000] {processor.py:183} INFO - Processing /home/cloud/codings/airflow/dags/4_dag_PUSH_Updated_YML_To_Cortex.py took 0.092 seconds
[2026-03-10T15:30:45.803+0000] {processor.py:161} INFO - Started process (PID=523396) to work on /home/cloud/codings/airflow/dags/4_dag_PUSH_Updated_YML_To_Cortex.py
[2026-03-10T15:30:45.809+0000] {processor.py:830} INFO - Processing file /home/cloud/codings/airflow/dags/4_dag_PUSH_Updated_YML_To_Cortex.py for tasks to queue
[2026-03-10T15:30:45.810+0000] {logging_mixin.py:188} INFO - [2026-03-10T15:30:45.810+0000] {dagbag.py:545} INFO - Filling up the DagBag from /home/cloud/codings/airflow/dags/4_dag_PUSH_Updated_YML_To_Cortex.py
[2026-03-10T15:30:45.834+0000] {processor.py:840} INFO - DAG(s) '4_dag_PUSH_Updated_YML_To_Cortex' retrieved from /home/cloud/codings/airflow/dags/4_dag_PUSH_Updated_YML_To_Cortex.py
[2026-03-10T15:30:45.850+0000] {logging_mixin.py:188} INFO - [2026-03-10T15:30:45.850+0000] {dag.py:3089} INFO - Sync 1 DAGs
[2026-03-10T15:30:45.862+0000] {logging_mixin.py:188} INFO - [2026-03-10T15:30:45.862+0000] {dag.py:3947} INFO - Setting next_dagrun for 4_dag_PUSH_Updated_YML_To_Cortex to None, run_after=None
[2026-03-10T15:30:45.891+0000] {processor.py:183} INFO - Processing /home/cloud/codings/airflow/dags/4_dag_PUSH_Updated_YML_To_Cortex.py took 0.096 seconds
[2026-03-10T15:31:16.139+0000] {processor.py:161} INFO - Started process (PID=523521) to work on /home/cloud/codings/airflow/dags/4_dag_PUSH_Updated_YML_To_Cortex.py
[2026-03-10T15:31:16.144+0000] {processor.py:830} INFO - Processing file /home/cloud/codings/airflow/dags/4_dag_PUSH_Updated_YML_To_Cortex.py for tasks to queue
[2026-03-10T15:31:16.145+0000] {logging_mixin.py:188} INFO - [2026-03-10T15:31:16.145+0000] {dagbag.py:545} INFO - Filling up the DagBag from /home/cloud/codings/airflow/dags/4_dag_PUSH_Updated_YML_To_Cortex.py
[2026-03-10T15:31:16.172+0000] {processor.py:840} INFO - DAG(s) '4_dag_PUSH_Updated_YML_To_Cortex' retrieved from /home/cloud/codings/airflow/dags/4_dag_PUSH_Updated_YML_To_Cortex.py
[2026-03-10T15:31:16.189+0000] {logging_mixin.py:188} INFO - [2026-03-10T15:31:16.188+0000] {dag.py:3089} INFO - Sync 1 DAGs
[2026-03-10T15:31:16.203+0000] {logging_mixin.py:188} INFO - [2026-03-10T15:31:16.202+0000] {dag.py:3947} INFO - Setting next_dagrun for 4_dag_PUSH_Updated_YML_To_Cortex to None, run_after=None
[2026-03-10T15:31:16.228+0000] {processor.py:183} INFO - Processing /home/cloud/codings/airflow/dags/4_dag_PUSH_Updated_YML_To_Cortex.py took 0.095 seconds
[2026-03-10T15:31:46.644+0000] {processor.py:161} INFO - Started process (PID=523596) to work on /home/cloud/codings/airflow/dags/4_dag_PUSH_Updated_YML_To_Cortex.py
[2026-03-10T15:31:46.646+0000] {processor.py:830} INFO - Processing file /home/cloud/codings/airflow/dags/4_dag_PUSH_Updated_YML_To_Cortex.py for tasks to queue
[2026-03-10T15:31:46.647+0000] {logging_mixin.py:188} INFO - [2026-03-10T15:31:46.647+0000] {dagbag.py:545} INFO - Filling up the DagBag from /home/cloud/codings/airflow/dags/4_dag_PUSH_Updated_YML_To_Cortex.py
[2026-03-10T15:31:46.693+0000] {processor.py:840} INFO - DAG(s) '4_dag_PUSH_Updated_YML_To_Cortex' retrieved from /home/cloud/codings/airflow/dags/4_dag_PUSH_Updated_YML_To_Cortex.py
[2026-03-10T15:31:46.728+0000] {logging_mixin.py:188} INFO - [2026-03-10T15:31:46.727+0000] {dag.py:3089} INFO - Sync 1 DAGs
[2026-03-10T15:31:46.748+0000] {logging_mixin.py:188} INFO - [2026-03-10T15:31:46.748+0000] {dag.py:3947} INFO - Setting next_dagrun for 4_dag_PUSH_Updated_YML_To_Cortex to None, run_after=None
[2026-03-10T15:31:46.784+0000] {processor.py:183} INFO - Processing /home/cloud/codings/airflow/dags/4_dag_PUSH_Updated_YML_To_Cortex.py took 0.150 seconds
[2026-03-10T15:32:17.214+0000] {processor.py:161} INFO - Started process (PID=523727) to work on /home/cloud/codings/airflow/dags/4_dag_PUSH_Updated_YML_To_Cortex.py
[2026-03-10T15:32:17.220+0000] {processor.py:830} INFO - Processing file /home/cloud/codings/airflow/dags/4_dag_PUSH_Updated_YML_To_Cortex.py for tasks to queue
[2026-03-10T15:32:17.221+0000] {logging_mixin.py:188} INFO - [2026-03-10T15:32:17.221+0000] {dagbag.py:545} INFO - Filling up the DagBag from /home/cloud/codings/airflow/dags/4_dag_PUSH_Updated_YML_To_Cortex.py
[2026-03-10T15:32:17.243+0000] {processor.py:840} INFO - DAG(s) '4_dag_PUSH_Updated_YML_To_Cortex' retrieved from /home/cloud/codings/airflow/dags/4_dag_PUSH_Updated_YML_To_Cortex.py
[2026-03-10T15:32:17.258+0000] {logging_mixin.py:188} INFO - [2026-03-10T15:32:17.258+0000] {dag.py:3089} INFO - Sync 1 DAGs
[2026-03-10T15:32:17.269+0000] {logging_mixin.py:188} INFO - [2026-03-10T15:32:17.269+0000] {dag.py:3947} INFO - Setting next_dagrun for 4_dag_PUSH_Updated_YML_To_Cortex to None, run_after=None
[2026-03-10T15:32:17.293+0000] {processor.py:183} INFO - Processing /home/cloud/codings/airflow/dags/4_dag_PUSH_Updated_YML_To_Cortex.py took 0.086 seconds
[2026-03-10T15:32:47.544+0000] {processor.py:161} INFO - Started process (PID=523802) to work on /home/cloud/codings/airflow/dags/4_dag_PUSH_Updated_YML_To_Cortex.py
[2026-03-10T15:32:47.545+0000] {processor.py:830} INFO - Processing file /home/cloud/codings/airflow/dags/4_dag_PUSH_Updated_YML_To_Cortex.py for tasks to queue
[2026-03-10T15:32:47.547+0000] {logging_mixin.py:188} INFO - [2026-03-10T15:32:47.546+0000] {dagbag.py:545} INFO - Filling up the DagBag from /home/cloud/codings/airflow/dags/4_dag_PUSH_Updated_YML_To_Cortex.py
[2026-03-10T15:32:47.580+0000] {processor.py:840} INFO - DAG(s) '4_dag_PUSH_Updated_YML_To_Cortex' retrieved from /home/cloud/codings/airflow/dags/4_dag_PUSH_Updated_YML_To_Cortex.py
[2026-03-10T15:32:47.600+0000] {logging_mixin.py:188} INFO - [2026-03-10T15:32:47.600+0000] {dag.py:3089} INFO - Sync 1 DAGs
[2026-03-10T15:32:47.619+0000] {logging_mixin.py:188} INFO - [2026-03-10T15:32:47.618+0000] {dag.py:3947} INFO - Setting next_dagrun for 4_dag_PUSH_Updated_YML_To_Cortex to None, run_after=None
[2026-03-10T15:32:47.652+0000] {processor.py:183} INFO - Processing /home/cloud/codings/airflow/dags/4_dag_PUSH_Updated_YML_To_Cortex.py took 0.117 seconds
[2026-03-10T15:33:18.127+0000] {processor.py:161} INFO - Started process (PID=523929) to work on /home/cloud/codings/airflow/dags/4_dag_PUSH_Updated_YML_To_Cortex.py
[2026-03-10T15:33:18.150+0000] {processor.py:830} INFO - Processing file /home/cloud/codings/airflow/dags/4_dag_PUSH_Updated_YML_To_Cortex.py for tasks to queue
[2026-03-10T15:33:18.153+0000] {logging_mixin.py:188} INFO - [2026-03-10T15:33:18.152+0000] {dagbag.py:545} INFO - Filling up the DagBag from /home/cloud/codings/airflow/dags/4_dag_PUSH_Updated_YML_To_Cortex.py
[2026-03-10T15:33:18.288+0000] {processor.py:840} INFO - DAG(s) '4_dag_PUSH_Updated_YML_To_Cortex' retrieved from /home/cloud/codings/airflow/dags/4_dag_PUSH_Updated_YML_To_Cortex.py
[2026-03-10T15:33:18.398+0000] {logging_mixin.py:188} INFO - [2026-03-10T15:33:18.398+0000] {dag.py:3089} INFO - Sync 1 DAGs
[2026-03-10T15:33:18.494+0000] {logging_mixin.py:188} INFO - [2026-03-10T15:33:18.494+0000] {dag.py:3947} INFO - Setting next_dagrun for 4_dag_PUSH_Updated_YML_To_Cortex to None, run_after=None
[2026-03-10T15:33:18.598+0000] {processor.py:183} INFO - Processing /home/cloud/codings/airflow/dags/4_dag_PUSH_Updated_YML_To_Cortex.py took 0.506 seconds
[2026-03-10T15:33:49.038+0000] {processor.py:161} INFO - Started process (PID=524006) to work on /home/cloud/codings/airflow/dags/4_dag_PUSH_Updated_YML_To_Cortex.py
[2026-03-10T15:33:49.039+0000] {processor.py:830} INFO - Processing file /home/cloud/codings/airflow/dags/4_dag_PUSH_Updated_YML_To_Cortex.py for tasks to queue
[2026-03-10T15:33:49.040+0000] {logging_mixin.py:188} INFO - [2026-03-10T15:33:49.040+0000] {dagbag.py:545} INFO - Filling up the DagBag from /home/cloud/codings/airflow/dags/4_dag_PUSH_Updated_YML_To_Cortex.py
[2026-03-10T15:33:49.066+0000] {processor.py:840} INFO - DAG(s) '4_dag_PUSH_Updated_YML_To_Cortex' retrieved from /home/cloud/codings/airflow/dags/4_dag_PUSH_Updated_YML_To_Cortex.py
[2026-03-10T15:33:49.082+0000] {logging_mixin.py:188} INFO - [2026-03-10T15:33:49.082+0000] {dag.py:3089} INFO - Sync 1 DAGs
[2026-03-10T15:33:49.097+0000] {logging_mixin.py:188} INFO - [2026-03-10T15:33:49.097+0000] {dag.py:3947} INFO - Setting next_dagrun for 4_dag_PUSH_Updated_YML_To_Cortex to None, run_after=None
[2026-03-10T15:33:49.129+0000] {processor.py:183} INFO - Processing /home/cloud/codings/airflow/dags/4_dag_PUSH_Updated_YML_To_Cortex.py took 0.098 seconds
[2026-03-10T15:34:19.443+0000] {processor.py:161} INFO - Started process (PID=524137) to work on /home/cloud/codings/airflow/dags/4_dag_PUSH_Updated_YML_To_Cortex.py
[2026-03-10T15:34:19.448+0000] {processor.py:830} INFO - Processing file /home/cloud/codings/airflow/dags/4_dag_PUSH_Updated_YML_To_Cortex.py for tasks to queue
[2026-03-10T15:34:19.449+0000] {logging_mixin.py:188} INFO - [2026-03-10T15:34:19.448+0000] {dagbag.py:545} INFO - Filling up the DagBag from /home/cloud/codings/airflow/dags/4_dag_PUSH_Updated_YML_To_Cortex.py
[2026-03-10T15:34:19.471+0000] {processor.py:840} INFO - DAG(s) '4_dag_PUSH_Updated_YML_To_Cortex' retrieved from /home/cloud/codings/airflow/dags/4_dag_PUSH_Updated_YML_To_Cortex.py
[2026-03-10T15:34:19.486+0000] {logging_mixin.py:188} INFO - [2026-03-10T15:34:19.486+0000] {dag.py:3089} INFO - Sync 1 DAGs
[2026-03-10T15:34:19.499+0000] {logging_mixin.py:188} INFO - [2026-03-10T15:34:19.499+0000] {dag.py:3947} INFO - Setting next_dagrun for 4_dag_PUSH_Updated_YML_To_Cortex to None, run_after=None
[2026-03-10T15:34:19.525+0000] {processor.py:183} INFO - Processing /home/cloud/codings/airflow/dags/4_dag_PUSH_Updated_YML_To_Cortex.py took 0.088 seconds
[2026-03-10T15:34:49.746+0000] {processor.py:161} INFO - Started process (PID=524210) to work on /home/cloud/codings/airflow/dags/4_dag_PUSH_Updated_YML_To_Cortex.py
[2026-03-10T15:34:49.747+0000] {processor.py:830} INFO - Processing file /home/cloud/codings/airflow/dags/4_dag_PUSH_Updated_YML_To_Cortex.py for tasks to queue
[2026-03-10T15:34:49.748+0000] {logging_mixin.py:188} INFO - [2026-03-10T15:34:49.747+0000] {dagbag.py:545} INFO - Filling up the DagBag from /home/cloud/codings/airflow/dags/4_dag_PUSH_Updated_YML_To_Cortex.py
[2026-03-10T15:34:49.768+0000] {processor.py:840} INFO - DAG(s) '4_dag_PUSH_Updated_YML_To_Cortex' retrieved from /home/cloud/codings/airflow/dags/4_dag_PUSH_Updated_YML_To_Cortex.py
[2026-03-10T15:34:49.784+0000] {logging_mixin.py:188} INFO - [2026-03-10T15:34:49.783+0000] {dag.py:3089} INFO - Sync 1 DAGs
[2026-03-10T15:34:49.795+0000] {logging_mixin.py:188} INFO - [2026-03-10T15:34:49.795+0000] {dag.py:3947} INFO - Setting next_dagrun for 4_dag_PUSH_Updated_YML_To_Cortex to None, run_after=None
[2026-03-10T15:34:49.818+0000] {processor.py:183} INFO - Processing /home/cloud/codings/airflow/dags/4_dag_PUSH_Updated_YML_To_Cortex.py took 0.078 seconds
[2026-03-10T15:35:20.058+0000] {processor.py:161} INFO - Started process (PID=524345) to work on /home/cloud/codings/airflow/dags/4_dag_PUSH_Updated_YML_To_Cortex.py
[2026-03-10T15:35:20.063+0000] {processor.py:830} INFO - Processing file /home/cloud/codings/airflow/dags/4_dag_PUSH_Updated_YML_To_Cortex.py for tasks to queue
[2026-03-10T15:35:20.064+0000] {logging_mixin.py:188} INFO - [2026-03-10T15:35:20.064+0000] {dagbag.py:545} INFO - Filling up the DagBag from /home/cloud/codings/airflow/dags/4_dag_PUSH_Updated_YML_To_Cortex.py
[2026-03-10T15:35:20.085+0000] {processor.py:840} INFO - DAG(s) '4_dag_PUSH_Updated_YML_To_Cortex' retrieved from /home/cloud/codings/airflow/dags/4_dag_PUSH_Updated_YML_To_Cortex.py
[2026-03-10T15:35:20.101+0000] {logging_mixin.py:188} INFO - [2026-03-10T15:35:20.100+0000] {dag.py:3089} INFO - Sync 1 DAGs
[2026-03-10T15:35:20.113+0000] {logging_mixin.py:188} INFO - [2026-03-10T15:35:20.112+0000] {dag.py:3947} INFO - Setting next_dagrun for 4_dag_PUSH_Updated_YML_To_Cortex to None, run_after=None
[2026-03-10T15:35:20.135+0000] {processor.py:183} INFO - Processing /home/cloud/codings/airflow/dags/4_dag_PUSH_Updated_YML_To_Cortex.py took 0.084 seconds
[2026-03-10T15:35:50.352+0000] {processor.py:161} INFO - Started process (PID=524596) to work on /home/cloud/codings/airflow/dags/4_dag_PUSH_Updated_YML_To_Cortex.py
[2026-03-10T15:35:50.354+0000] {processor.py:830} INFO - Processing file /home/cloud/codings/airflow/dags/4_dag_PUSH_Updated_YML_To_Cortex.py for tasks to queue
[2026-03-10T15:35:50.356+0000] {logging_mixin.py:188} INFO - [2026-03-10T15:35:50.355+0000] {dagbag.py:545} INFO - Filling up the DagBag from /home/cloud/codings/airflow/dags/4_dag_PUSH_Updated_YML_To_Cortex.py
[2026-03-10T15:35:50.405+0000] {processor.py:840} INFO - DAG(s) '4_dag_PUSH_Updated_YML_To_Cortex' retrieved from /home/cloud/codings/airflow/dags/4_dag_PUSH_Updated_YML_To_Cortex.py
[2026-03-10T15:35:50.431+0000] {logging_mixin.py:188} INFO - [2026-03-10T15:35:50.430+0000] {dag.py:3089} INFO - Sync 1 DAGs
[2026-03-10T15:35:50.455+0000] {logging_mixin.py:188} INFO - [2026-03-10T15:35:50.454+0000] {dag.py:3947} INFO - Setting next_dagrun for 4_dag_PUSH_Updated_YML_To_Cortex to None, run_after=None
[2026-03-10T15:35:50.493+0000] {processor.py:183} INFO - Processing /home/cloud/codings/airflow/dags/4_dag_PUSH_Updated_YML_To_Cortex.py took 0.153 seconds
[2026-03-10T15:36:20.838+0000] {processor.py:161} INFO - Started process (PID=524730) to work on /home/cloud/codings/airflow/dags/4_dag_PUSH_Updated_YML_To_Cortex.py
[2026-03-10T15:36:20.843+0000] {processor.py:830} INFO - Processing file /home/cloud/codings/airflow/dags/4_dag_PUSH_Updated_YML_To_Cortex.py for tasks to queue
[2026-03-10T15:36:20.844+0000] {logging_mixin.py:188} INFO - [2026-03-10T15:36:20.844+0000] {dagbag.py:545} INFO - Filling up the DagBag from /home/cloud/codings/airflow/dags/4_dag_PUSH_Updated_YML_To_Cortex.py
[2026-03-10T15:36:20.870+0000] {processor.py:840} INFO - DAG(s) '4_dag_PUSH_Updated_YML_To_Cortex' retrieved from /home/cloud/codings/airflow/dags/4_dag_PUSH_Updated_YML_To_Cortex.py
[2026-03-10T15:36:20.886+0000] {logging_mixin.py:188} INFO - [2026-03-10T15:36:20.886+0000] {dag.py:3089} INFO - Sync 1 DAGs
[2026-03-10T15:36:20.898+0000] {logging_mixin.py:188} INFO - [2026-03-10T15:36:20.898+0000] {dag.py:3947} INFO - Setting next_dagrun for 4_dag_PUSH_Updated_YML_To_Cortex to None, run_after=None
[2026-03-10T15:36:20.928+0000] {processor.py:183} INFO - Processing /home/cloud/codings/airflow/dags/4_dag_PUSH_Updated_YML_To_Cortex.py took 0.098 seconds
[2026-03-10T15:36:51.144+0000] {processor.py:161} INFO - Started process (PID=524803) to work on /home/cloud/codings/airflow/dags/4_dag_PUSH_Updated_YML_To_Cortex.py
[2026-03-10T15:36:51.149+0000] {processor.py:830} INFO - Processing file /home/cloud/codings/airflow/dags/4_dag_PUSH_Updated_YML_To_Cortex.py for tasks to queue
[2026-03-10T15:36:51.150+0000] {logging_mixin.py:188} INFO - [2026-03-10T15:36:51.150+0000] {dagbag.py:545} INFO - Filling up the DagBag from /home/cloud/codings/airflow/dags/4_dag_PUSH_Updated_YML_To_Cortex.py
[2026-03-10T15:36:51.173+0000] {processor.py:840} INFO - DAG(s) '4_dag_PUSH_Updated_YML_To_Cortex' retrieved from /home/cloud/codings/airflow/dags/4_dag_PUSH_Updated_YML_To_Cortex.py
[2026-03-10T15:36:51.186+0000] {logging_mixin.py:188} INFO - [2026-03-10T15:36:51.186+0000] {dag.py:3089} INFO - Sync 1 DAGs
[2026-03-10T15:36:51.198+0000] {logging_mixin.py:188} INFO - [2026-03-10T15:36:51.197+0000] {dag.py:3947} INFO - Setting next_dagrun for 4_dag_PUSH_Updated_YML_To_Cortex to None, run_after=None
[2026-03-10T15:36:51.222+0000] {processor.py:183} INFO - Processing /home/cloud/codings/airflow/dags/4_dag_PUSH_Updated_YML_To_Cortex.py took 0.086 seconds
[2026-03-10T15:37:21.459+0000] {processor.py:161} INFO - Started process (PID=524938) to work on /home/cloud/codings/airflow/dags/4_dag_PUSH_Updated_YML_To_Cortex.py
[2026-03-10T15:37:21.464+0000] {processor.py:830} INFO - Processing file /home/cloud/codings/airflow/dags/4_dag_PUSH_Updated_YML_To_Cortex.py for tasks to queue
[2026-03-10T15:37:21.465+0000] {logging_mixin.py:188} INFO - [2026-03-10T15:37:21.465+0000] {dagbag.py:545} INFO - Filling up the DagBag from /home/cloud/codings/airflow/dags/4_dag_PUSH_Updated_YML_To_Cortex.py
[2026-03-10T15:37:21.487+0000] {processor.py:840} INFO - DAG(s) '4_dag_PUSH_Updated_YML_To_Cortex' retrieved from /home/cloud/codings/airflow/dags/4_dag_PUSH_Updated_YML_To_Cortex.py
[2026-03-10T15:37:21.500+0000] {logging_mixin.py:188} INFO - [2026-03-10T15:37:21.500+0000] {dag.py:3089} INFO - Sync 1 DAGs
[2026-03-10T15:37:21.512+0000] {logging_mixin.py:188} INFO - [2026-03-10T15:37:21.512+0000] {dag.py:3947} INFO - Setting next_dagrun for 4_dag_PUSH_Updated_YML_To_Cortex to None, run_after=None
[2026-03-10T15:37:21.537+0000] {processor.py:183} INFO - Processing /home/cloud/codings/airflow/dags/4_dag_PUSH_Updated_YML_To_Cortex.py took 0.085 seconds
[2026-03-10T15:37:51.861+0000] {processor.py:161} INFO - Started process (PID=525011) to work on /home/cloud/codings/airflow/dags/4_dag_PUSH_Updated_YML_To_Cortex.py
[2026-03-10T15:37:51.862+0000] {processor.py:830} INFO - Processing file /home/cloud/codings/airflow/dags/4_dag_PUSH_Updated_YML_To_Cortex.py for tasks to queue
[2026-03-10T15:37:51.862+0000] {logging_mixin.py:188} INFO - [2026-03-10T15:37:51.862+0000] {dagbag.py:545} INFO - Filling up the DagBag from /home/cloud/codings/airflow/dags/4_dag_PUSH_Updated_YML_To_Cortex.py
[2026-03-10T15:37:51.884+0000] {processor.py:840} INFO - DAG(s) '4_dag_PUSH_Updated_YML_To_Cortex' retrieved from /home/cloud/codings/airflow/dags/4_dag_PUSH_Updated_YML_To_Cortex.py
[2026-03-10T15:37:51.898+0000] {logging_mixin.py:188} INFO - [2026-03-10T15:37:51.897+0000] {dag.py:3089} INFO - Sync 1 DAGs
[2026-03-10T15:37:51.909+0000] {logging_mixin.py:188} INFO - [2026-03-10T15:37:51.909+0000] {dag.py:3947} INFO - Setting next_dagrun for 4_dag_PUSH_Updated_YML_To_Cortex to None, run_after=None
[2026-03-10T15:37:51.933+0000] {processor.py:183} INFO - Processing /home/cloud/codings/airflow/dags/4_dag_PUSH_Updated_YML_To_Cortex.py took 0.078 seconds
[2026-03-10T15:38:22.161+0000] {processor.py:161} INFO - Started process (PID=525144) to work on /home/cloud/codings/airflow/dags/4_dag_PUSH_Updated_YML_To_Cortex.py
[2026-03-10T15:38:22.163+0000] {processor.py:830} INFO - Processing file /home/cloud/codings/airflow/dags/4_dag_PUSH_Updated_YML_To_Cortex.py for tasks to queue
[2026-03-10T15:38:22.164+0000] {logging_mixin.py:188} INFO - [2026-03-10T15:38:22.163+0000] {dagbag.py:545} INFO - Filling up the DagBag from /home/cloud/codings/airflow/dags/4_dag_PUSH_Updated_YML_To_Cortex.py
[2026-03-10T15:38:22.187+0000] {processor.py:840} INFO - DAG(s) '4_dag_PUSH_Updated_YML_To_Cortex' retrieved from /home/cloud/codings/airflow/dags/4_dag_PUSH_Updated_YML_To_Cortex.py
[2026-03-10T15:38:22.202+0000] {logging_mixin.py:188} INFO - [2026-03-10T15:38:22.202+0000] {dag.py:3089} INFO - Sync 1 DAGs
[2026-03-10T15:38:22.216+0000] {logging_mixin.py:188} INFO - [2026-03-10T15:38:22.216+0000] {dag.py:3947} INFO - Setting next_dagrun for 4_dag_PUSH_Updated_YML_To_Cortex to None, run_after=None
[2026-03-10T15:38:22.241+0000] {processor.py:183} INFO - Processing /home/cloud/codings/airflow/dags/4_dag_PUSH_Updated_YML_To_Cortex.py took 0.086 seconds
[2026-03-10T15:38:52.461+0000] {processor.py:161} INFO - Started process (PID=525219) to work on /home/cloud/codings/airflow/dags/4_dag_PUSH_Updated_YML_To_Cortex.py
[2026-03-10T15:38:52.463+0000] {processor.py:830} INFO - Processing file /home/cloud/codings/airflow/dags/4_dag_PUSH_Updated_YML_To_Cortex.py for tasks to queue
[2026-03-10T15:38:52.465+0000] {logging_mixin.py:188} INFO - [2026-03-10T15:38:52.464+0000] {dagbag.py:545} INFO - Filling up the DagBag from /home/cloud/codings/airflow/dags/4_dag_PUSH_Updated_YML_To_Cortex.py
[2026-03-10T15:38:52.488+0000] {processor.py:840} INFO - DAG(s) '4_dag_PUSH_Updated_YML_To_Cortex' retrieved from /home/cloud/codings/airflow/dags/4_dag_PUSH_Updated_YML_To_Cortex.py
[2026-03-10T15:38:52.504+0000] {logging_mixin.py:188} INFO - [2026-03-10T15:38:52.503+0000] {dag.py:3089} INFO - Sync 1 DAGs
[2026-03-10T15:38:52.519+0000] {logging_mixin.py:188} INFO - [2026-03-10T15:38:52.519+0000] {dag.py:3947} INFO - Setting next_dagrun for 4_dag_PUSH_Updated_YML_To_Cortex to None, run_after=None
[2026-03-10T15:38:52.550+0000] {processor.py:183} INFO - Processing /home/cloud/codings/airflow/dags/4_dag_PUSH_Updated_YML_To_Cortex.py took 0.095 seconds
[2026-03-10T15:39:22.902+0000] {processor.py:161} INFO - Started process (PID=525348) to work on /home/cloud/codings/airflow/dags/4_dag_PUSH_Updated_YML_To_Cortex.py
[2026-03-10T15:39:22.904+0000] {processor.py:830} INFO - Processing file /home/cloud/codings/airflow/dags/4_dag_PUSH_Updated_YML_To_Cortex.py for tasks to queue
[2026-03-10T15:39:22.905+0000] {logging_mixin.py:188} INFO - [2026-03-10T15:39:22.904+0000] {dagbag.py:545} INFO - Filling up the DagBag from /home/cloud/codings/airflow/dags/4_dag_PUSH_Updated_YML_To_Cortex.py
[2026-03-10T15:39:22.927+0000] {processor.py:840} INFO - DAG(s) '4_dag_PUSH_Updated_YML_To_Cortex' retrieved from /home/cloud/codings/airflow/dags/4_dag_PUSH_Updated_YML_To_Cortex.py
[2026-03-10T15:39:22.942+0000] {logging_mixin.py:188} INFO - [2026-03-10T15:39:22.942+0000] {dag.py:3089} INFO - Sync 1 DAGs
[2026-03-10T15:39:22.955+0000] {logging_mixin.py:188} INFO - [2026-03-10T15:39:22.955+0000] {dag.py:3947} INFO - Setting next_dagrun for 4_dag_PUSH_Updated_YML_To_Cortex to None, run_after=None
[2026-03-10T15:39:22.980+0000] {processor.py:183} INFO - Processing /home/cloud/codings/airflow/dags/4_dag_PUSH_Updated_YML_To_Cortex.py took 0.083 seconds
[2026-03-10T15:39:53.201+0000] {processor.py:161} INFO - Started process (PID=525421) to work on /home/cloud/codings/airflow/dags/4_dag_PUSH_Updated_YML_To_Cortex.py
[2026-03-10T15:39:53.202+0000] {processor.py:830} INFO - Processing file /home/cloud/codings/airflow/dags/4_dag_PUSH_Updated_YML_To_Cortex.py for tasks to queue
[2026-03-10T15:39:53.203+0000] {logging_mixin.py:188} INFO - [2026-03-10T15:39:53.203+0000] {dagbag.py:545} INFO - Filling up the DagBag from /home/cloud/codings/airflow/dags/4_dag_PUSH_Updated_YML_To_Cortex.py
[2026-03-10T15:39:53.224+0000] {processor.py:840} INFO - DAG(s) '4_dag_PUSH_Updated_YML_To_Cortex' retrieved from /home/cloud/codings/airflow/dags/4_dag_PUSH_Updated_YML_To_Cortex.py
[2026-03-10T15:39:53.239+0000] {logging_mixin.py:188} INFO - [2026-03-10T15:39:53.238+0000] {dag.py:3089} INFO - Sync 1 DAGs
[2026-03-10T15:39:53.251+0000] {logging_mixin.py:188} INFO - [2026-03-10T15:39:53.250+0000] {dag.py:3947} INFO - Setting next_dagrun for 4_dag_PUSH_Updated_YML_To_Cortex to None, run_after=None
[2026-03-10T15:39:53.275+0000] {processor.py:183} INFO - Processing /home/cloud/codings/airflow/dags/4_dag_PUSH_Updated_YML_To_Cortex.py took 0.080 seconds
[2026-03-10T15:40:23.501+0000] {processor.py:161} INFO - Started process (PID=525552) to work on /home/cloud/codings/airflow/dags/4_dag_PUSH_Updated_YML_To_Cortex.py
[2026-03-10T15:40:23.506+0000] {processor.py:830} INFO - Processing file /home/cloud/codings/airflow/dags/4_dag_PUSH_Updated_YML_To_Cortex.py for tasks to queue
[2026-03-10T15:40:23.507+0000] {logging_mixin.py:188} INFO - [2026-03-10T15:40:23.507+0000] {dagbag.py:545} INFO - Filling up the DagBag from /home/cloud/codings/airflow/dags/4_dag_PUSH_Updated_YML_To_Cortex.py
[2026-03-10T15:40:23.531+0000] {processor.py:840} INFO - DAG(s) '4_dag_PUSH_Updated_YML_To_Cortex' retrieved from /home/cloud/codings/airflow/dags/4_dag_PUSH_Updated_YML_To_Cortex.py
[2026-03-10T15:40:23.548+0000] {logging_mixin.py:188} INFO - [2026-03-10T15:40:23.548+0000] {dag.py:3089} INFO - Sync 1 DAGs
[2026-03-10T15:40:23.561+0000] {logging_mixin.py:188} INFO - [2026-03-10T15:40:23.561+0000] {dag.py:3947} INFO - Setting next_dagrun for 4_dag_PUSH_Updated_YML_To_Cortex to None, run_after=None
[2026-03-10T15:40:23.590+0000] {processor.py:183} INFO - Processing /home/cloud/codings/airflow/dags/4_dag_PUSH_Updated_YML_To_Cortex.py took 0.096 seconds
[2026-03-10T15:40:53.816+0000] {processor.py:161} INFO - Started process (PID=525689) to work on /home/cloud/codings/airflow/dags/4_dag_PUSH_Updated_YML_To_Cortex.py
[2026-03-10T15:40:53.817+0000] {processor.py:830} INFO - Processing file /home/cloud/codings/airflow/dags/4_dag_PUSH_Updated_YML_To_Cortex.py for tasks to queue
[2026-03-10T15:40:53.818+0000] {logging_mixin.py:188} INFO - [2026-03-10T15:40:53.817+0000] {dagbag.py:545} INFO - Filling up the DagBag from /home/cloud/codings/airflow/dags/4_dag_PUSH_Updated_YML_To_Cortex.py
[2026-03-10T15:40:53.838+0000] {processor.py:840} INFO - DAG(s) '4_dag_PUSH_Updated_YML_To_Cortex' retrieved from /home/cloud/codings/airflow/dags/4_dag_PUSH_Updated_YML_To_Cortex.py
[2026-03-10T15:40:53.853+0000] {logging_mixin.py:188} INFO - [2026-03-10T15:40:53.852+0000] {dag.py:3089} INFO - Sync 1 DAGs
[2026-03-10T15:40:53.865+0000] {logging_mixin.py:188} INFO - [2026-03-10T15:40:53.864+0000] {dag.py:3947} INFO - Setting next_dagrun for 4_dag_PUSH_Updated_YML_To_Cortex to None, run_after=None
[2026-03-10T15:40:53.888+0000] {processor.py:183} INFO - Processing /home/cloud/codings/airflow/dags/4_dag_PUSH_Updated_YML_To_Cortex.py took 0.078 seconds
[2026-03-10T15:41:24.109+0000] {processor.py:161} INFO - Started process (PID=525826) to work on /home/cloud/codings/airflow/dags/4_dag_PUSH_Updated_YML_To_Cortex.py
[2026-03-10T15:41:24.114+0000] {processor.py:830} INFO - Processing file /home/cloud/codings/airflow/dags/4_dag_PUSH_Updated_YML_To_Cortex.py for tasks to queue
[2026-03-10T15:41:24.115+0000] {logging_mixin.py:188} INFO - [2026-03-10T15:41:24.114+0000] {dagbag.py:545} INFO - Filling up the DagBag from /home/cloud/codings/airflow/dags/4_dag_PUSH_Updated_YML_To_Cortex.py
[2026-03-10T15:41:24.137+0000] {processor.py:840} INFO - DAG(s) '4_dag_PUSH_Updated_YML_To_Cortex' retrieved from /home/cloud/codings/airflow/dags/4_dag_PUSH_Updated_YML_To_Cortex.py
[2026-03-10T15:41:24.151+0000] {logging_mixin.py:188} INFO - [2026-03-10T15:41:24.151+0000] {dag.py:3089} INFO - Sync 1 DAGs
[2026-03-10T15:41:24.163+0000] {logging_mixin.py:188} INFO - [2026-03-10T15:41:24.163+0000] {dag.py:3947} INFO - Setting next_dagrun for 4_dag_PUSH_Updated_YML_To_Cortex to None, run_after=None
[2026-03-10T15:41:24.189+0000] {processor.py:183} INFO - Processing /home/cloud/codings/airflow/dags/4_dag_PUSH_Updated_YML_To_Cortex.py took 0.086 seconds
[2026-03-10T15:41:54.410+0000] {processor.py:161} INFO - Started process (PID=525897) to work on /home/cloud/codings/airflow/dags/4_dag_PUSH_Updated_YML_To_Cortex.py
[2026-03-10T15:41:54.411+0000] {processor.py:830} INFO - Processing file /home/cloud/codings/airflow/dags/4_dag_PUSH_Updated_YML_To_Cortex.py for tasks to queue
[2026-03-10T15:41:54.411+0000] {logging_mixin.py:188} INFO - [2026-03-10T15:41:54.411+0000] {dagbag.py:545} INFO - Filling up the DagBag from /home/cloud/codings/airflow/dags/4_dag_PUSH_Updated_YML_To_Cortex.py
[2026-03-10T15:41:54.434+0000] {processor.py:840} INFO - DAG(s) '4_dag_PUSH_Updated_YML_To_Cortex' retrieved from /home/cloud/codings/airflow/dags/4_dag_PUSH_Updated_YML_To_Cortex.py
[2026-03-10T15:41:54.450+0000] {logging_mixin.py:188} INFO - [2026-03-10T15:41:54.449+0000] {dag.py:3089} INFO - Sync 1 DAGs
[2026-03-10T15:41:54.462+0000] {logging_mixin.py:188} INFO - [2026-03-10T15:41:54.462+0000] {dag.py:3947} INFO - Setting next_dagrun for 4_dag_PUSH_Updated_YML_To_Cortex to None, run_after=None
[2026-03-10T15:41:54.487+0000] {processor.py:183} INFO - Processing /home/cloud/codings/airflow/dags/4_dag_PUSH_Updated_YML_To_Cortex.py took 0.084 seconds
[2026-03-10T15:42:24.563+0000] {processor.py:161} INFO - Started process (PID=526032) to work on /home/cloud/codings/airflow/dags/4_dag_PUSH_Updated_YML_To_Cortex.py
[2026-03-10T15:42:24.565+0000] {processor.py:830} INFO - Processing file /home/cloud/codings/airflow/dags/4_dag_PUSH_Updated_YML_To_Cortex.py for tasks to queue
[2026-03-10T15:42:24.566+0000] {logging_mixin.py:188} INFO - [2026-03-10T15:42:24.565+0000] {dagbag.py:545} INFO - Filling up the DagBag from /home/cloud/codings/airflow/dags/4_dag_PUSH_Updated_YML_To_Cortex.py
[2026-03-10T15:42:24.586+0000] {processor.py:840} INFO - DAG(s) '4_dag_PUSH_Updated_YML_To_Cortex' retrieved from /home/cloud/codings/airflow/dags/4_dag_PUSH_Updated_YML_To_Cortex.py
[2026-03-10T15:42:24.600+0000] {logging_mixin.py:188} INFO - [2026-03-10T15:42:24.599+0000] {dag.py:3089} INFO - Sync 1 DAGs
[2026-03-10T15:42:24.611+0000] {logging_mixin.py:188} INFO - [2026-03-10T15:42:24.611+0000] {dag.py:3947} INFO - Setting next_dagrun for 4_dag_PUSH_Updated_YML_To_Cortex to None, run_after=None
[2026-03-10T15:42:24.634+0000] {processor.py:183} INFO - Processing /home/cloud/codings/airflow/dags/4_dag_PUSH_Updated_YML_To_Cortex.py took 0.076 seconds
[2026-03-10T15:42:54.888+0000] {processor.py:161} INFO - Started process (PID=526101) to work on /home/cloud/codings/airflow/dags/4_dag_PUSH_Updated_YML_To_Cortex.py
[2026-03-10T15:42:54.892+0000] {processor.py:830} INFO - Processing file /home/cloud/codings/airflow/dags/4_dag_PUSH_Updated_YML_To_Cortex.py for tasks to queue
[2026-03-10T15:42:54.895+0000] {logging_mixin.py:188} INFO - [2026-03-10T15:42:54.893+0000] {dagbag.py:545} INFO - Filling up the DagBag from /home/cloud/codings/airflow/dags/4_dag_PUSH_Updated_YML_To_Cortex.py
[2026-03-10T15:42:54.948+0000] {processor.py:840} INFO - DAG(s) '4_dag_PUSH_Updated_YML_To_Cortex' retrieved from /home/cloud/codings/airflow/dags/4_dag_PUSH_Updated_YML_To_Cortex.py
[2026-03-10T15:42:54.992+0000] {logging_mixin.py:188} INFO - [2026-03-10T15:42:54.991+0000] {dag.py:3089} INFO - Sync 1 DAGs
[2026-03-10T15:42:55.025+0000] {logging_mixin.py:188} INFO - [2026-03-10T15:42:55.024+0000] {dag.py:3947} INFO - Setting next_dagrun for 4_dag_PUSH_Updated_YML_To_Cortex to None, run_after=None
[2026-03-10T15:42:55.079+0000] {processor.py:183} INFO - Processing /home/cloud/codings/airflow/dags/4_dag_PUSH_Updated_YML_To_Cortex.py took 0.205 seconds
[2026-03-10T15:43:25.398+0000] {processor.py:161} INFO - Started process (PID=526238) to work on /home/cloud/codings/airflow/dags/4_dag_PUSH_Updated_YML_To_Cortex.py
[2026-03-10T15:43:25.399+0000] {processor.py:830} INFO - Processing file /home/cloud/codings/airflow/dags/4_dag_PUSH_Updated_YML_To_Cortex.py for tasks to queue
[2026-03-10T15:43:25.399+0000] {logging_mixin.py:188} INFO - [2026-03-10T15:43:25.399+0000] {dagbag.py:545} INFO - Filling up the DagBag from /home/cloud/codings/airflow/dags/4_dag_PUSH_Updated_YML_To_Cortex.py
[2026-03-10T15:43:25.417+0000] {processor.py:840} INFO - DAG(s) '4_dag_PUSH_Updated_YML_To_Cortex' retrieved from /home/cloud/codings/airflow/dags/4_dag_PUSH_Updated_YML_To_Cortex.py
[2026-03-10T15:43:25.428+0000] {logging_mixin.py:188} INFO - [2026-03-10T15:43:25.428+0000] {dag.py:3089} INFO - Sync 1 DAGs
[2026-03-10T15:43:25.437+0000] {logging_mixin.py:188} INFO - [2026-03-10T15:43:25.437+0000] {dag.py:3947} INFO - Setting next_dagrun for 4_dag_PUSH_Updated_YML_To_Cortex to None, run_after=None
[2026-03-10T15:43:25.458+0000] {processor.py:183} INFO - Processing /home/cloud/codings/airflow/dags/4_dag_PUSH_Updated_YML_To_Cortex.py took 0.065 seconds
[2026-03-10T18:44:04.049+0000] {processor.py:161} INFO - Started process (PID=526378) to work on /home/cloud/codings/airflow/dags/4_dag_PUSH_Updated_YML_To_Cortex.py
[2026-03-10T18:44:04.062+0000] {processor.py:830} INFO - Processing file /home/cloud/codings/airflow/dags/4_dag_PUSH_Updated_YML_To_Cortex.py for tasks to queue
[2026-03-10T18:44:04.066+0000] {logging_mixin.py:188} INFO - [2026-03-10T18:44:04.064+0000] {dagbag.py:545} INFO - Filling up the DagBag from /home/cloud/codings/airflow/dags/4_dag_PUSH_Updated_YML_To_Cortex.py
[2026-03-10T18:44:04.319+0000] {processor.py:840} INFO - DAG(s) '4_dag_PUSH_Updated_YML_To_Cortex' retrieved from /home/cloud/codings/airflow/dags/4_dag_PUSH_Updated_YML_To_Cortex.py
[2026-03-10T18:44:04.480+0000] {logging_mixin.py:188} INFO - [2026-03-10T18:44:04.479+0000] {dag.py:3089} INFO - Sync 1 DAGs
[2026-03-10T18:44:04.651+0000] {logging_mixin.py:188} INFO - [2026-03-10T18:44:04.640+0000] {dag.py:3947} INFO - Setting next_dagrun for 4_dag_PUSH_Updated_YML_To_Cortex to None, run_after=None
[2026-03-10T18:44:04.875+0000] {processor.py:183} INFO - Processing /home/cloud/codings/airflow/dags/4_dag_PUSH_Updated_YML_To_Cortex.py took 0.871 seconds
