[2026-02-07T05:40:02.218+0000] {processor.py:161} INFO - Started process (PID=124809) to work on /home/cloud/codings/airflow/dags/list_s3_bucket_files_dag.py
[2026-02-07T05:40:02.220+0000] {processor.py:830} INFO - Processing file /home/cloud/codings/airflow/dags/list_s3_bucket_files_dag.py for tasks to queue
[2026-02-07T05:40:02.223+0000] {logging_mixin.py:188} INFO - [2026-02-07T05:40:02.222+0000] {dagbag.py:545} INFO - Filling up the DagBag from /home/cloud/codings/airflow/dags/list_s3_bucket_files_dag.py
[2026-02-07T05:40:02.312+0000] {processor.py:840} INFO - DAG(s) 'list_s3_bucket_files_dag' retrieved from /home/cloud/codings/airflow/dags/list_s3_bucket_files_dag.py
[2026-02-07T05:40:02.470+0000] {logging_mixin.py:188} INFO - [2026-02-07T05:40:02.469+0000] {dag.py:3089} INFO - Sync 1 DAGs
[2026-02-07T05:40:02.618+0000] {logging_mixin.py:188} INFO - [2026-02-07T05:40:02.618+0000] {dag.py:3947} INFO - Setting next_dagrun for list_s3_bucket_files_dag to None, run_after=None
[2026-02-07T05:40:03.358+0000] {processor.py:183} INFO - Processing /home/cloud/codings/airflow/dags/list_s3_bucket_files_dag.py took 1.185 seconds
[2026-02-07T05:40:34.301+0000] {processor.py:161} INFO - Started process (PID=125167) to work on /home/cloud/codings/airflow/dags/list_s3_bucket_files_dag.py
[2026-02-07T05:40:34.305+0000] {processor.py:830} INFO - Processing file /home/cloud/codings/airflow/dags/list_s3_bucket_files_dag.py for tasks to queue
[2026-02-07T05:40:34.307+0000] {logging_mixin.py:188} INFO - [2026-02-07T05:40:34.306+0000] {dagbag.py:545} INFO - Filling up the DagBag from /home/cloud/codings/airflow/dags/list_s3_bucket_files_dag.py
[2026-02-07T05:40:34.348+0000] {processor.py:840} INFO - DAG(s) 'list_s3_bucket_files_dag' retrieved from /home/cloud/codings/airflow/dags/list_s3_bucket_files_dag.py
[2026-02-07T05:40:34.418+0000] {logging_mixin.py:188} INFO - [2026-02-07T05:40:34.416+0000] {dag.py:3089} INFO - Sync 1 DAGs
[2026-02-07T05:40:34.454+0000] {logging_mixin.py:188} INFO - [2026-02-07T05:40:34.454+0000] {dag.py:3947} INFO - Setting next_dagrun for list_s3_bucket_files_dag to None, run_after=None
[2026-02-07T05:40:34.518+0000] {processor.py:183} INFO - Processing /home/cloud/codings/airflow/dags/list_s3_bucket_files_dag.py took 0.239 seconds
[2026-02-07T05:41:05.063+0000] {processor.py:161} INFO - Started process (PID=125288) to work on /home/cloud/codings/airflow/dags/list_s3_bucket_files_dag.py
[2026-02-07T05:41:05.070+0000] {processor.py:830} INFO - Processing file /home/cloud/codings/airflow/dags/list_s3_bucket_files_dag.py for tasks to queue
[2026-02-07T05:41:05.074+0000] {logging_mixin.py:188} INFO - [2026-02-07T05:41:05.073+0000] {dagbag.py:545} INFO - Filling up the DagBag from /home/cloud/codings/airflow/dags/list_s3_bucket_files_dag.py
[2026-02-07T05:41:05.107+0000] {processor.py:840} INFO - DAG(s) 'list_s3_bucket_files_dag' retrieved from /home/cloud/codings/airflow/dags/list_s3_bucket_files_dag.py
[2026-02-07T05:41:05.163+0000] {logging_mixin.py:188} INFO - [2026-02-07T05:41:05.162+0000] {dag.py:3089} INFO - Sync 1 DAGs
[2026-02-07T05:41:05.199+0000] {logging_mixin.py:188} INFO - [2026-02-07T05:41:05.198+0000] {dag.py:3947} INFO - Setting next_dagrun for list_s3_bucket_files_dag to None, run_after=None
[2026-02-07T05:41:05.253+0000] {processor.py:183} INFO - Processing /home/cloud/codings/airflow/dags/list_s3_bucket_files_dag.py took 0.212 seconds
[2026-02-07T05:41:35.704+0000] {processor.py:161} INFO - Started process (PID=125305) to work on /home/cloud/codings/airflow/dags/list_s3_bucket_files_dag.py
[2026-02-07T05:41:35.707+0000] {processor.py:830} INFO - Processing file /home/cloud/codings/airflow/dags/list_s3_bucket_files_dag.py for tasks to queue
[2026-02-07T05:41:35.711+0000] {logging_mixin.py:188} INFO - [2026-02-07T05:41:35.709+0000] {dagbag.py:545} INFO - Filling up the DagBag from /home/cloud/codings/airflow/dags/list_s3_bucket_files_dag.py
[2026-02-07T05:41:35.740+0000] {processor.py:840} INFO - DAG(s) 'list_s3_bucket_files_dag' retrieved from /home/cloud/codings/airflow/dags/list_s3_bucket_files_dag.py
[2026-02-07T05:41:35.797+0000] {logging_mixin.py:188} INFO - [2026-02-07T05:41:35.795+0000] {dag.py:3089} INFO - Sync 1 DAGs
[2026-02-07T05:41:35.828+0000] {logging_mixin.py:188} INFO - [2026-02-07T05:41:35.828+0000] {dag.py:3947} INFO - Setting next_dagrun for list_s3_bucket_files_dag to None, run_after=None
[2026-02-07T05:41:35.870+0000] {processor.py:183} INFO - Processing /home/cloud/codings/airflow/dags/list_s3_bucket_files_dag.py took 0.184 seconds
[2026-02-07T05:42:06.574+0000] {processor.py:161} INFO - Started process (PID=125315) to work on /home/cloud/codings/airflow/dags/list_s3_bucket_files_dag.py
[2026-02-07T05:42:06.580+0000] {processor.py:830} INFO - Processing file /home/cloud/codings/airflow/dags/list_s3_bucket_files_dag.py for tasks to queue
[2026-02-07T05:42:06.582+0000] {logging_mixin.py:188} INFO - [2026-02-07T05:42:06.581+0000] {dagbag.py:545} INFO - Filling up the DagBag from /home/cloud/codings/airflow/dags/list_s3_bucket_files_dag.py
[2026-02-07T05:42:06.603+0000] {processor.py:840} INFO - DAG(s) 'list_s3_bucket_files_dag' retrieved from /home/cloud/codings/airflow/dags/list_s3_bucket_files_dag.py
[2026-02-07T05:42:06.643+0000] {logging_mixin.py:188} INFO - [2026-02-07T05:42:06.642+0000] {dag.py:3089} INFO - Sync 1 DAGs
[2026-02-07T05:42:06.669+0000] {logging_mixin.py:188} INFO - [2026-02-07T05:42:06.668+0000] {dag.py:3947} INFO - Setting next_dagrun for list_s3_bucket_files_dag to None, run_after=None
[2026-02-07T05:42:06.749+0000] {processor.py:183} INFO - Processing /home/cloud/codings/airflow/dags/list_s3_bucket_files_dag.py took 0.187 seconds
[2026-02-07T05:42:37.776+0000] {processor.py:161} INFO - Started process (PID=125326) to work on /home/cloud/codings/airflow/dags/list_s3_bucket_files_dag.py
[2026-02-07T05:42:37.779+0000] {processor.py:830} INFO - Processing file /home/cloud/codings/airflow/dags/list_s3_bucket_files_dag.py for tasks to queue
[2026-02-07T05:42:37.781+0000] {logging_mixin.py:188} INFO - [2026-02-07T05:42:37.780+0000] {dagbag.py:545} INFO - Filling up the DagBag from /home/cloud/codings/airflow/dags/list_s3_bucket_files_dag.py
[2026-02-07T05:42:37.812+0000] {processor.py:840} INFO - DAG(s) 'list_s3_bucket_files_dag' retrieved from /home/cloud/codings/airflow/dags/list_s3_bucket_files_dag.py
[2026-02-07T05:42:37.868+0000] {logging_mixin.py:188} INFO - [2026-02-07T05:42:37.866+0000] {dag.py:3089} INFO - Sync 1 DAGs
[2026-02-07T05:42:37.897+0000] {logging_mixin.py:188} INFO - [2026-02-07T05:42:37.896+0000] {dag.py:3947} INFO - Setting next_dagrun for list_s3_bucket_files_dag to None, run_after=None
[2026-02-07T05:42:37.948+0000] {processor.py:183} INFO - Processing /home/cloud/codings/airflow/dags/list_s3_bucket_files_dag.py took 0.187 seconds
[2026-02-07T05:43:09.093+0000] {processor.py:161} INFO - Started process (PID=125336) to work on /home/cloud/codings/airflow/dags/list_s3_bucket_files_dag.py
[2026-02-07T05:43:09.096+0000] {processor.py:830} INFO - Processing file /home/cloud/codings/airflow/dags/list_s3_bucket_files_dag.py for tasks to queue
[2026-02-07T05:43:09.100+0000] {logging_mixin.py:188} INFO - [2026-02-07T05:43:09.098+0000] {dagbag.py:545} INFO - Filling up the DagBag from /home/cloud/codings/airflow/dags/list_s3_bucket_files_dag.py
[2026-02-07T05:43:09.136+0000] {processor.py:840} INFO - DAG(s) 'list_s3_bucket_files_dag' retrieved from /home/cloud/codings/airflow/dags/list_s3_bucket_files_dag.py
[2026-02-07T05:43:09.207+0000] {logging_mixin.py:188} INFO - [2026-02-07T05:43:09.206+0000] {dag.py:3089} INFO - Sync 1 DAGs
[2026-02-07T05:43:09.246+0000] {logging_mixin.py:188} INFO - [2026-02-07T05:43:09.246+0000] {dag.py:3947} INFO - Setting next_dagrun for list_s3_bucket_files_dag to None, run_after=None
[2026-02-07T05:43:09.313+0000] {processor.py:183} INFO - Processing /home/cloud/codings/airflow/dags/list_s3_bucket_files_dag.py took 0.245 seconds
[2026-02-07T05:43:41.645+0000] {processor.py:161} INFO - Started process (PID=125352) to work on /home/cloud/codings/airflow/dags/list_s3_bucket_files_dag.py
[2026-02-07T05:43:41.647+0000] {processor.py:830} INFO - Processing file /home/cloud/codings/airflow/dags/list_s3_bucket_files_dag.py for tasks to queue
[2026-02-07T05:43:41.649+0000] {logging_mixin.py:188} INFO - [2026-02-07T05:43:41.648+0000] {dagbag.py:545} INFO - Filling up the DagBag from /home/cloud/codings/airflow/dags/list_s3_bucket_files_dag.py
[2026-02-07T05:43:41.670+0000] {processor.py:840} INFO - DAG(s) 'list_s3_bucket_files_dag' retrieved from /home/cloud/codings/airflow/dags/list_s3_bucket_files_dag.py
[2026-02-07T05:43:41.718+0000] {logging_mixin.py:188} INFO - [2026-02-07T05:43:41.718+0000] {dag.py:3089} INFO - Sync 1 DAGs
[2026-02-07T05:43:41.753+0000] {logging_mixin.py:188} INFO - [2026-02-07T05:43:41.752+0000] {dag.py:3947} INFO - Setting next_dagrun for list_s3_bucket_files_dag to None, run_after=None
[2026-02-07T05:43:41.800+0000] {processor.py:183} INFO - Processing /home/cloud/codings/airflow/dags/list_s3_bucket_files_dag.py took 0.171 seconds
[2026-02-07T05:44:12.483+0000] {processor.py:161} INFO - Started process (PID=125367) to work on /home/cloud/codings/airflow/dags/list_s3_bucket_files_dag.py
[2026-02-07T05:44:12.489+0000] {processor.py:830} INFO - Processing file /home/cloud/codings/airflow/dags/list_s3_bucket_files_dag.py for tasks to queue
[2026-02-07T05:44:12.491+0000] {logging_mixin.py:188} INFO - [2026-02-07T05:44:12.490+0000] {dagbag.py:545} INFO - Filling up the DagBag from /home/cloud/codings/airflow/dags/list_s3_bucket_files_dag.py
[2026-02-07T05:44:12.521+0000] {processor.py:840} INFO - DAG(s) 'list_s3_bucket_files_dag' retrieved from /home/cloud/codings/airflow/dags/list_s3_bucket_files_dag.py
[2026-02-07T05:44:12.573+0000] {logging_mixin.py:188} INFO - [2026-02-07T05:44:12.572+0000] {dag.py:3089} INFO - Sync 1 DAGs
[2026-02-07T05:44:12.607+0000] {logging_mixin.py:188} INFO - [2026-02-07T05:44:12.607+0000] {dag.py:3947} INFO - Setting next_dagrun for list_s3_bucket_files_dag to None, run_after=None
[2026-02-07T05:44:12.670+0000] {processor.py:183} INFO - Processing /home/cloud/codings/airflow/dags/list_s3_bucket_files_dag.py took 0.202 seconds
[2026-02-07T05:44:43.462+0000] {processor.py:161} INFO - Started process (PID=125375) to work on /home/cloud/codings/airflow/dags/list_s3_bucket_files_dag.py
[2026-02-07T05:44:43.468+0000] {processor.py:830} INFO - Processing file /home/cloud/codings/airflow/dags/list_s3_bucket_files_dag.py for tasks to queue
[2026-02-07T05:44:43.470+0000] {logging_mixin.py:188} INFO - [2026-02-07T05:44:43.469+0000] {dagbag.py:545} INFO - Filling up the DagBag from /home/cloud/codings/airflow/dags/list_s3_bucket_files_dag.py
[2026-02-07T05:44:43.491+0000] {processor.py:840} INFO - DAG(s) 'list_s3_bucket_files_dag' retrieved from /home/cloud/codings/airflow/dags/list_s3_bucket_files_dag.py
[2026-02-07T05:44:43.534+0000] {logging_mixin.py:188} INFO - [2026-02-07T05:44:43.533+0000] {dag.py:3089} INFO - Sync 1 DAGs
[2026-02-07T05:44:43.561+0000] {logging_mixin.py:188} INFO - [2026-02-07T05:44:43.561+0000] {dag.py:3947} INFO - Setting next_dagrun for list_s3_bucket_files_dag to None, run_after=None
[2026-02-07T05:44:43.605+0000] {processor.py:183} INFO - Processing /home/cloud/codings/airflow/dags/list_s3_bucket_files_dag.py took 0.155 seconds
[2026-02-07T05:45:14.030+0000] {processor.py:161} INFO - Started process (PID=125385) to work on /home/cloud/codings/airflow/dags/list_s3_bucket_files_dag.py
[2026-02-07T05:45:14.032+0000] {processor.py:830} INFO - Processing file /home/cloud/codings/airflow/dags/list_s3_bucket_files_dag.py for tasks to queue
[2026-02-07T05:45:14.034+0000] {logging_mixin.py:188} INFO - [2026-02-07T05:45:14.033+0000] {dagbag.py:545} INFO - Filling up the DagBag from /home/cloud/codings/airflow/dags/list_s3_bucket_files_dag.py
[2026-02-07T05:45:14.059+0000] {processor.py:840} INFO - DAG(s) 'list_s3_bucket_files_dag' retrieved from /home/cloud/codings/airflow/dags/list_s3_bucket_files_dag.py
[2026-02-07T05:45:14.197+0000] {logging_mixin.py:188} INFO - [2026-02-07T05:45:14.197+0000] {dag.py:3089} INFO - Sync 1 DAGs
[2026-02-07T05:45:14.274+0000] {logging_mixin.py:188} INFO - [2026-02-07T05:45:14.274+0000] {dag.py:3947} INFO - Setting next_dagrun for list_s3_bucket_files_dag to None, run_after=None
[2026-02-07T05:45:14.355+0000] {processor.py:183} INFO - Processing /home/cloud/codings/airflow/dags/list_s3_bucket_files_dag.py took 0.337 seconds
[2026-02-07T05:45:45.016+0000] {processor.py:161} INFO - Started process (PID=125392) to work on /home/cloud/codings/airflow/dags/list_s3_bucket_files_dag.py
[2026-02-07T05:45:45.018+0000] {processor.py:830} INFO - Processing file /home/cloud/codings/airflow/dags/list_s3_bucket_files_dag.py for tasks to queue
[2026-02-07T05:45:45.020+0000] {logging_mixin.py:188} INFO - [2026-02-07T05:45:45.019+0000] {dagbag.py:545} INFO - Filling up the DagBag from /home/cloud/codings/airflow/dags/list_s3_bucket_files_dag.py
[2026-02-07T05:45:45.041+0000] {processor.py:840} INFO - DAG(s) 'list_s3_bucket_files_dag' retrieved from /home/cloud/codings/airflow/dags/list_s3_bucket_files_dag.py
[2026-02-07T05:45:45.080+0000] {logging_mixin.py:188} INFO - [2026-02-07T05:45:45.080+0000] {dag.py:3089} INFO - Sync 1 DAGs
[2026-02-07T05:45:45.107+0000] {logging_mixin.py:188} INFO - [2026-02-07T05:45:45.106+0000] {dag.py:3947} INFO - Setting next_dagrun for list_s3_bucket_files_dag to None, run_after=None
[2026-02-07T05:45:45.159+0000] {processor.py:183} INFO - Processing /home/cloud/codings/airflow/dags/list_s3_bucket_files_dag.py took 0.156 seconds
[2026-02-07T05:46:15.898+0000] {processor.py:161} INFO - Started process (PID=125400) to work on /home/cloud/codings/airflow/dags/list_s3_bucket_files_dag.py
[2026-02-07T05:46:15.899+0000] {processor.py:830} INFO - Processing file /home/cloud/codings/airflow/dags/list_s3_bucket_files_dag.py for tasks to queue
[2026-02-07T05:46:15.900+0000] {logging_mixin.py:188} INFO - [2026-02-07T05:46:15.900+0000] {dagbag.py:545} INFO - Filling up the DagBag from /home/cloud/codings/airflow/dags/list_s3_bucket_files_dag.py
[2026-02-07T05:46:15.913+0000] {processor.py:840} INFO - DAG(s) 'list_s3_bucket_files_dag' retrieved from /home/cloud/codings/airflow/dags/list_s3_bucket_files_dag.py
[2026-02-07T05:46:15.957+0000] {logging_mixin.py:188} INFO - [2026-02-07T05:46:15.956+0000] {dag.py:3089} INFO - Sync 1 DAGs
[2026-02-07T05:46:15.985+0000] {logging_mixin.py:188} INFO - [2026-02-07T05:46:15.985+0000] {dag.py:3947} INFO - Setting next_dagrun for list_s3_bucket_files_dag to None, run_after=None
[2026-02-07T05:46:16.024+0000] {processor.py:183} INFO - Processing /home/cloud/codings/airflow/dags/list_s3_bucket_files_dag.py took 0.132 seconds
[2026-02-07T05:46:46.987+0000] {processor.py:161} INFO - Started process (PID=125408) to work on /home/cloud/codings/airflow/dags/list_s3_bucket_files_dag.py
[2026-02-07T05:46:46.992+0000] {processor.py:830} INFO - Processing file /home/cloud/codings/airflow/dags/list_s3_bucket_files_dag.py for tasks to queue
[2026-02-07T05:46:46.993+0000] {logging_mixin.py:188} INFO - [2026-02-07T05:46:46.993+0000] {dagbag.py:545} INFO - Filling up the DagBag from /home/cloud/codings/airflow/dags/list_s3_bucket_files_dag.py
[2026-02-07T05:46:47.004+0000] {processor.py:840} INFO - DAG(s) 'list_s3_bucket_files_dag' retrieved from /home/cloud/codings/airflow/dags/list_s3_bucket_files_dag.py
[2026-02-07T05:46:47.025+0000] {logging_mixin.py:188} INFO - [2026-02-07T05:46:47.025+0000] {dag.py:3089} INFO - Sync 1 DAGs
[2026-02-07T05:46:47.039+0000] {logging_mixin.py:188} INFO - [2026-02-07T05:46:47.039+0000] {dag.py:3947} INFO - Setting next_dagrun for list_s3_bucket_files_dag to None, run_after=None
[2026-02-07T05:46:47.065+0000] {processor.py:183} INFO - Processing /home/cloud/codings/airflow/dags/list_s3_bucket_files_dag.py took 0.085 seconds
[2026-02-07T05:47:18.054+0000] {processor.py:161} INFO - Started process (PID=125418) to work on /home/cloud/codings/airflow/dags/list_s3_bucket_files_dag.py
[2026-02-07T05:47:18.058+0000] {processor.py:830} INFO - Processing file /home/cloud/codings/airflow/dags/list_s3_bucket_files_dag.py for tasks to queue
[2026-02-07T05:47:18.060+0000] {logging_mixin.py:188} INFO - [2026-02-07T05:47:18.059+0000] {dagbag.py:545} INFO - Filling up the DagBag from /home/cloud/codings/airflow/dags/list_s3_bucket_files_dag.py
[2026-02-07T05:47:18.073+0000] {processor.py:840} INFO - DAG(s) 'list_s3_bucket_files_dag' retrieved from /home/cloud/codings/airflow/dags/list_s3_bucket_files_dag.py
[2026-02-07T05:47:18.095+0000] {logging_mixin.py:188} INFO - [2026-02-07T05:47:18.094+0000] {dag.py:3089} INFO - Sync 1 DAGs
[2026-02-07T05:47:18.109+0000] {logging_mixin.py:188} INFO - [2026-02-07T05:47:18.109+0000] {dag.py:3947} INFO - Setting next_dagrun for list_s3_bucket_files_dag to None, run_after=None
[2026-02-07T05:47:18.133+0000] {processor.py:183} INFO - Processing /home/cloud/codings/airflow/dags/list_s3_bucket_files_dag.py took 0.086 seconds
[2026-02-07T05:47:48.763+0000] {processor.py:161} INFO - Started process (PID=125430) to work on /home/cloud/codings/airflow/dags/list_s3_bucket_files_dag.py
[2026-02-07T05:47:48.764+0000] {processor.py:830} INFO - Processing file /home/cloud/codings/airflow/dags/list_s3_bucket_files_dag.py for tasks to queue
[2026-02-07T05:47:48.765+0000] {logging_mixin.py:188} INFO - [2026-02-07T05:47:48.764+0000] {dagbag.py:545} INFO - Filling up the DagBag from /home/cloud/codings/airflow/dags/list_s3_bucket_files_dag.py
[2026-02-07T05:47:48.776+0000] {processor.py:840} INFO - DAG(s) 'list_s3_bucket_files_dag' retrieved from /home/cloud/codings/airflow/dags/list_s3_bucket_files_dag.py
[2026-02-07T05:47:48.796+0000] {logging_mixin.py:188} INFO - [2026-02-07T05:47:48.796+0000] {dag.py:3089} INFO - Sync 1 DAGs
[2026-02-07T05:47:48.811+0000] {logging_mixin.py:188} INFO - [2026-02-07T05:47:48.811+0000] {dag.py:3947} INFO - Setting next_dagrun for list_s3_bucket_files_dag to None, run_after=None
[2026-02-07T05:47:48.836+0000] {processor.py:183} INFO - Processing /home/cloud/codings/airflow/dags/list_s3_bucket_files_dag.py took 0.080 seconds
[2026-02-07T06:23:19.828+0000] {processor.py:161} INFO - Started process (PID=125452) to work on /home/cloud/codings/airflow/dags/list_s3_bucket_files_dag.py
[2026-02-07T06:23:19.841+0000] {processor.py:830} INFO - Processing file /home/cloud/codings/airflow/dags/list_s3_bucket_files_dag.py for tasks to queue
[2026-02-07T06:23:19.844+0000] {logging_mixin.py:188} INFO - [2026-02-07T06:23:19.843+0000] {dagbag.py:545} INFO - Filling up the DagBag from /home/cloud/codings/airflow/dags/list_s3_bucket_files_dag.py
[2026-02-07T06:23:19.907+0000] {processor.py:840} INFO - DAG(s) 'list_s3_bucket_files_dag' retrieved from /home/cloud/codings/airflow/dags/list_s3_bucket_files_dag.py
[2026-02-07T06:23:20.042+0000] {logging_mixin.py:188} INFO - [2026-02-07T06:23:20.041+0000] {dag.py:3089} INFO - Sync 1 DAGs
[2026-02-07T06:23:20.136+0000] {logging_mixin.py:188} INFO - [2026-02-07T06:23:20.136+0000] {dag.py:3947} INFO - Setting next_dagrun for list_s3_bucket_files_dag to None, run_after=None
[2026-02-07T06:23:20.253+0000] {processor.py:183} INFO - Processing /home/cloud/codings/airflow/dags/list_s3_bucket_files_dag.py took 0.459 seconds
[2026-02-07T06:23:51.161+0000] {processor.py:161} INFO - Started process (PID=125467) to work on /home/cloud/codings/airflow/dags/list_s3_bucket_files_dag.py
[2026-02-07T06:23:51.163+0000] {processor.py:830} INFO - Processing file /home/cloud/codings/airflow/dags/list_s3_bucket_files_dag.py for tasks to queue
[2026-02-07T06:23:51.164+0000] {logging_mixin.py:188} INFO - [2026-02-07T06:23:51.163+0000] {dagbag.py:545} INFO - Filling up the DagBag from /home/cloud/codings/airflow/dags/list_s3_bucket_files_dag.py
[2026-02-07T06:23:51.174+0000] {processor.py:840} INFO - DAG(s) 'list_s3_bucket_files_dag' retrieved from /home/cloud/codings/airflow/dags/list_s3_bucket_files_dag.py
[2026-02-07T06:23:51.197+0000] {logging_mixin.py:188} INFO - [2026-02-07T06:23:51.197+0000] {dag.py:3089} INFO - Sync 1 DAGs
[2026-02-07T06:23:51.212+0000] {logging_mixin.py:188} INFO - [2026-02-07T06:23:51.211+0000] {dag.py:3947} INFO - Setting next_dagrun for list_s3_bucket_files_dag to None, run_after=None
[2026-02-07T06:23:51.235+0000] {processor.py:183} INFO - Processing /home/cloud/codings/airflow/dags/list_s3_bucket_files_dag.py took 0.081 seconds
[2026-02-07T06:24:21.495+0000] {processor.py:161} INFO - Started process (PID=125477) to work on /home/cloud/codings/airflow/dags/list_s3_bucket_files_dag.py
[2026-02-07T06:24:21.496+0000] {processor.py:830} INFO - Processing file /home/cloud/codings/airflow/dags/list_s3_bucket_files_dag.py for tasks to queue
[2026-02-07T06:24:21.497+0000] {logging_mixin.py:188} INFO - [2026-02-07T06:24:21.497+0000] {dagbag.py:545} INFO - Filling up the DagBag from /home/cloud/codings/airflow/dags/list_s3_bucket_files_dag.py
[2026-02-07T06:24:21.508+0000] {processor.py:840} INFO - DAG(s) 'list_s3_bucket_files_dag' retrieved from /home/cloud/codings/airflow/dags/list_s3_bucket_files_dag.py
[2026-02-07T06:24:21.529+0000] {logging_mixin.py:188} INFO - [2026-02-07T06:24:21.529+0000] {dag.py:3089} INFO - Sync 1 DAGs
[2026-02-07T06:24:21.542+0000] {logging_mixin.py:188} INFO - [2026-02-07T06:24:21.541+0000] {dag.py:3947} INFO - Setting next_dagrun for list_s3_bucket_files_dag to None, run_after=None
[2026-02-07T06:24:21.565+0000] {processor.py:183} INFO - Processing /home/cloud/codings/airflow/dags/list_s3_bucket_files_dag.py took 0.076 seconds
[2026-02-07T06:24:51.841+0000] {processor.py:161} INFO - Started process (PID=125487) to work on /home/cloud/codings/airflow/dags/list_s3_bucket_files_dag.py
[2026-02-07T06:24:51.846+0000] {processor.py:830} INFO - Processing file /home/cloud/codings/airflow/dags/list_s3_bucket_files_dag.py for tasks to queue
[2026-02-07T06:24:51.847+0000] {logging_mixin.py:188} INFO - [2026-02-07T06:24:51.847+0000] {dagbag.py:545} INFO - Filling up the DagBag from /home/cloud/codings/airflow/dags/list_s3_bucket_files_dag.py
[2026-02-07T06:24:51.859+0000] {processor.py:840} INFO - DAG(s) 'list_s3_bucket_files_dag' retrieved from /home/cloud/codings/airflow/dags/list_s3_bucket_files_dag.py
[2026-02-07T06:24:51.883+0000] {logging_mixin.py:188} INFO - [2026-02-07T06:24:51.883+0000] {dag.py:3089} INFO - Sync 1 DAGs
[2026-02-07T06:24:51.898+0000] {logging_mixin.py:188} INFO - [2026-02-07T06:24:51.898+0000] {dag.py:3947} INFO - Setting next_dagrun for list_s3_bucket_files_dag to None, run_after=None
[2026-02-07T06:24:51.927+0000] {processor.py:183} INFO - Processing /home/cloud/codings/airflow/dags/list_s3_bucket_files_dag.py took 0.093 seconds
[2026-02-07T06:25:22.522+0000] {processor.py:161} INFO - Started process (PID=125522) to work on /home/cloud/codings/airflow/dags/list_s3_bucket_files_dag.py
[2026-02-07T06:25:22.523+0000] {processor.py:830} INFO - Processing file /home/cloud/codings/airflow/dags/list_s3_bucket_files_dag.py for tasks to queue
[2026-02-07T06:25:22.524+0000] {logging_mixin.py:188} INFO - [2026-02-07T06:25:22.524+0000] {dagbag.py:545} INFO - Filling up the DagBag from /home/cloud/codings/airflow/dags/list_s3_bucket_files_dag.py
[2026-02-07T06:25:22.536+0000] {processor.py:840} INFO - DAG(s) 'list_s3_bucket_files_dag' retrieved from /home/cloud/codings/airflow/dags/list_s3_bucket_files_dag.py
[2026-02-07T06:25:22.561+0000] {logging_mixin.py:188} INFO - [2026-02-07T06:25:22.560+0000] {dag.py:3089} INFO - Sync 1 DAGs
[2026-02-07T06:25:22.576+0000] {logging_mixin.py:188} INFO - [2026-02-07T06:25:22.576+0000] {dag.py:3947} INFO - Setting next_dagrun for list_s3_bucket_files_dag to None, run_after=None
[2026-02-07T06:25:22.609+0000] {processor.py:183} INFO - Processing /home/cloud/codings/airflow/dags/list_s3_bucket_files_dag.py took 0.096 seconds
[2026-02-07T06:25:52.888+0000] {processor.py:161} INFO - Started process (PID=125620) to work on /home/cloud/codings/airflow/dags/list_s3_bucket_files_dag.py
[2026-02-07T06:25:52.893+0000] {processor.py:830} INFO - Processing file /home/cloud/codings/airflow/dags/list_s3_bucket_files_dag.py for tasks to queue
[2026-02-07T06:25:52.894+0000] {logging_mixin.py:188} INFO - [2026-02-07T06:25:52.894+0000] {dagbag.py:545} INFO - Filling up the DagBag from /home/cloud/codings/airflow/dags/list_s3_bucket_files_dag.py
[2026-02-07T06:25:52.911+0000] {processor.py:840} INFO - DAG(s) 'list_s3_bucket_files_dag' retrieved from /home/cloud/codings/airflow/dags/list_s3_bucket_files_dag.py
[2026-02-07T06:25:52.935+0000] {logging_mixin.py:188} INFO - [2026-02-07T06:25:52.935+0000] {dag.py:3089} INFO - Sync 1 DAGs
[2026-02-07T06:25:52.952+0000] {logging_mixin.py:188} INFO - [2026-02-07T06:25:52.952+0000] {dag.py:3947} INFO - Setting next_dagrun for list_s3_bucket_files_dag to None, run_after=None
[2026-02-07T06:25:52.980+0000] {processor.py:183} INFO - Processing /home/cloud/codings/airflow/dags/list_s3_bucket_files_dag.py took 0.122 seconds
[2026-02-07T06:26:23.963+0000] {processor.py:161} INFO - Started process (PID=126022) to work on /home/cloud/codings/airflow/dags/list_s3_bucket_files_dag.py
[2026-02-07T06:26:23.964+0000] {processor.py:830} INFO - Processing file /home/cloud/codings/airflow/dags/list_s3_bucket_files_dag.py for tasks to queue
[2026-02-07T06:26:23.965+0000] {logging_mixin.py:188} INFO - [2026-02-07T06:26:23.965+0000] {dagbag.py:545} INFO - Filling up the DagBag from /home/cloud/codings/airflow/dags/list_s3_bucket_files_dag.py
[2026-02-07T06:26:23.977+0000] {processor.py:840} INFO - DAG(s) 'list_s3_bucket_files_dag' retrieved from /home/cloud/codings/airflow/dags/list_s3_bucket_files_dag.py
[2026-02-07T06:26:23.999+0000] {logging_mixin.py:188} INFO - [2026-02-07T06:26:23.999+0000] {dag.py:3089} INFO - Sync 1 DAGs
[2026-02-07T06:26:24.013+0000] {logging_mixin.py:188} INFO - [2026-02-07T06:26:24.013+0000] {dag.py:3947} INFO - Setting next_dagrun for list_s3_bucket_files_dag to None, run_after=None
[2026-02-07T06:26:24.037+0000] {processor.py:183} INFO - Processing /home/cloud/codings/airflow/dags/list_s3_bucket_files_dag.py took 0.080 seconds
[2026-02-07T06:26:54.118+0000] {processor.py:161} INFO - Started process (PID=126030) to work on /home/cloud/codings/airflow/dags/list_s3_bucket_files_dag.py
[2026-02-07T06:26:54.120+0000] {processor.py:830} INFO - Processing file /home/cloud/codings/airflow/dags/list_s3_bucket_files_dag.py for tasks to queue
[2026-02-07T06:26:54.121+0000] {logging_mixin.py:188} INFO - [2026-02-07T06:26:54.120+0000] {dagbag.py:545} INFO - Filling up the DagBag from /home/cloud/codings/airflow/dags/list_s3_bucket_files_dag.py
[2026-02-07T06:26:54.131+0000] {processor.py:840} INFO - DAG(s) 'list_s3_bucket_files_dag' retrieved from /home/cloud/codings/airflow/dags/list_s3_bucket_files_dag.py
[2026-02-07T06:26:54.153+0000] {logging_mixin.py:188} INFO - [2026-02-07T06:26:54.153+0000] {dag.py:3089} INFO - Sync 1 DAGs
[2026-02-07T06:26:54.168+0000] {logging_mixin.py:188} INFO - [2026-02-07T06:26:54.168+0000] {dag.py:3947} INFO - Setting next_dagrun for list_s3_bucket_files_dag to None, run_after=None
[2026-02-07T06:26:54.192+0000] {processor.py:183} INFO - Processing /home/cloud/codings/airflow/dags/list_s3_bucket_files_dag.py took 0.082 seconds
[2026-02-07T06:27:24.294+0000] {processor.py:161} INFO - Started process (PID=126038) to work on /home/cloud/codings/airflow/dags/list_s3_bucket_files_dag.py
[2026-02-07T06:27:24.295+0000] {processor.py:830} INFO - Processing file /home/cloud/codings/airflow/dags/list_s3_bucket_files_dag.py for tasks to queue
[2026-02-07T06:27:24.296+0000] {logging_mixin.py:188} INFO - [2026-02-07T06:27:24.295+0000] {dagbag.py:545} INFO - Filling up the DagBag from /home/cloud/codings/airflow/dags/list_s3_bucket_files_dag.py
[2026-02-07T06:27:24.307+0000] {processor.py:840} INFO - DAG(s) 'list_s3_bucket_files_dag' retrieved from /home/cloud/codings/airflow/dags/list_s3_bucket_files_dag.py
[2026-02-07T06:27:24.328+0000] {logging_mixin.py:188} INFO - [2026-02-07T06:27:24.327+0000] {dag.py:3089} INFO - Sync 1 DAGs
[2026-02-07T06:27:24.341+0000] {logging_mixin.py:188} INFO - [2026-02-07T06:27:24.341+0000] {dag.py:3947} INFO - Setting next_dagrun for list_s3_bucket_files_dag to None, run_after=None
[2026-02-07T06:27:24.364+0000] {processor.py:183} INFO - Processing /home/cloud/codings/airflow/dags/list_s3_bucket_files_dag.py took 0.077 seconds
[2026-02-07T06:27:54.419+0000] {processor.py:161} INFO - Started process (PID=126044) to work on /home/cloud/codings/airflow/dags/list_s3_bucket_files_dag.py
[2026-02-07T06:27:54.421+0000] {processor.py:830} INFO - Processing file /home/cloud/codings/airflow/dags/list_s3_bucket_files_dag.py for tasks to queue
[2026-02-07T06:27:54.422+0000] {logging_mixin.py:188} INFO - [2026-02-07T06:27:54.421+0000] {dagbag.py:545} INFO - Filling up the DagBag from /home/cloud/codings/airflow/dags/list_s3_bucket_files_dag.py
[2026-02-07T06:27:54.432+0000] {processor.py:840} INFO - DAG(s) 'list_s3_bucket_files_dag' retrieved from /home/cloud/codings/airflow/dags/list_s3_bucket_files_dag.py
[2026-02-07T06:27:54.453+0000] {logging_mixin.py:188} INFO - [2026-02-07T06:27:54.452+0000] {dag.py:3089} INFO - Sync 1 DAGs
[2026-02-07T06:27:54.467+0000] {logging_mixin.py:188} INFO - [2026-02-07T06:27:54.466+0000] {dag.py:3947} INFO - Setting next_dagrun for list_s3_bucket_files_dag to None, run_after=None
[2026-02-07T06:27:54.489+0000] {processor.py:183} INFO - Processing /home/cloud/codings/airflow/dags/list_s3_bucket_files_dag.py took 0.078 seconds
[2026-02-07T06:28:24.562+0000] {processor.py:161} INFO - Started process (PID=126057) to work on /home/cloud/codings/airflow/dags/list_s3_bucket_files_dag.py
[2026-02-07T06:28:24.563+0000] {processor.py:830} INFO - Processing file /home/cloud/codings/airflow/dags/list_s3_bucket_files_dag.py for tasks to queue
[2026-02-07T06:28:24.564+0000] {logging_mixin.py:188} INFO - [2026-02-07T06:28:24.564+0000] {dagbag.py:545} INFO - Filling up the DagBag from /home/cloud/codings/airflow/dags/list_s3_bucket_files_dag.py
[2026-02-07T06:28:24.577+0000] {processor.py:840} INFO - DAG(s) 'list_s3_bucket_files_dag' retrieved from /home/cloud/codings/airflow/dags/list_s3_bucket_files_dag.py
[2026-02-07T06:28:24.600+0000] {logging_mixin.py:188} INFO - [2026-02-07T06:28:24.600+0000] {dag.py:3089} INFO - Sync 1 DAGs
[2026-02-07T06:28:24.616+0000] {logging_mixin.py:188} INFO - [2026-02-07T06:28:24.616+0000] {dag.py:3947} INFO - Setting next_dagrun for list_s3_bucket_files_dag to None, run_after=None
[2026-02-07T06:28:24.643+0000] {processor.py:183} INFO - Processing /home/cloud/codings/airflow/dags/list_s3_bucket_files_dag.py took 0.088 seconds
[2026-02-07T06:28:55.908+0000] {processor.py:161} INFO - Started process (PID=126063) to work on /home/cloud/codings/airflow/dags/list_s3_bucket_files_dag.py
[2026-02-07T06:28:55.913+0000] {processor.py:830} INFO - Processing file /home/cloud/codings/airflow/dags/list_s3_bucket_files_dag.py for tasks to queue
[2026-02-07T06:28:55.915+0000] {logging_mixin.py:188} INFO - [2026-02-07T06:28:55.914+0000] {dagbag.py:545} INFO - Filling up the DagBag from /home/cloud/codings/airflow/dags/list_s3_bucket_files_dag.py
[2026-02-07T06:28:55.927+0000] {processor.py:840} INFO - DAG(s) 'list_s3_bucket_files_dag' retrieved from /home/cloud/codings/airflow/dags/list_s3_bucket_files_dag.py
[2026-02-07T06:28:55.952+0000] {logging_mixin.py:188} INFO - [2026-02-07T06:28:55.951+0000] {dag.py:3089} INFO - Sync 1 DAGs
[2026-02-07T06:28:55.967+0000] {logging_mixin.py:188} INFO - [2026-02-07T06:28:55.967+0000] {dag.py:3947} INFO - Setting next_dagrun for list_s3_bucket_files_dag to None, run_after=None
[2026-02-07T06:28:55.997+0000] {processor.py:183} INFO - Processing /home/cloud/codings/airflow/dags/list_s3_bucket_files_dag.py took 0.096 seconds
[2026-02-07T06:29:26.508+0000] {processor.py:161} INFO - Started process (PID=126073) to work on /home/cloud/codings/airflow/dags/list_s3_bucket_files_dag.py
[2026-02-07T06:29:26.509+0000] {processor.py:830} INFO - Processing file /home/cloud/codings/airflow/dags/list_s3_bucket_files_dag.py for tasks to queue
[2026-02-07T06:29:26.510+0000] {logging_mixin.py:188} INFO - [2026-02-07T06:29:26.510+0000] {dagbag.py:545} INFO - Filling up the DagBag from /home/cloud/codings/airflow/dags/list_s3_bucket_files_dag.py
[2026-02-07T06:29:26.524+0000] {processor.py:840} INFO - DAG(s) 'list_s3_bucket_files_dag' retrieved from /home/cloud/codings/airflow/dags/list_s3_bucket_files_dag.py
[2026-02-07T06:29:26.552+0000] {logging_mixin.py:188} INFO - [2026-02-07T06:29:26.552+0000] {dag.py:3089} INFO - Sync 1 DAGs
[2026-02-07T06:29:26.571+0000] {logging_mixin.py:188} INFO - [2026-02-07T06:29:26.571+0000] {dag.py:3947} INFO - Setting next_dagrun for list_s3_bucket_files_dag to None, run_after=None
[2026-02-07T06:29:26.602+0000] {processor.py:183} INFO - Processing /home/cloud/codings/airflow/dags/list_s3_bucket_files_dag.py took 0.103 seconds
[2026-02-07T06:29:56.750+0000] {processor.py:161} INFO - Started process (PID=126079) to work on /home/cloud/codings/airflow/dags/list_s3_bucket_files_dag.py
[2026-02-07T06:29:56.751+0000] {processor.py:830} INFO - Processing file /home/cloud/codings/airflow/dags/list_s3_bucket_files_dag.py for tasks to queue
[2026-02-07T06:29:56.753+0000] {logging_mixin.py:188} INFO - [2026-02-07T06:29:56.752+0000] {dagbag.py:545} INFO - Filling up the DagBag from /home/cloud/codings/airflow/dags/list_s3_bucket_files_dag.py
[2026-02-07T06:29:56.765+0000] {processor.py:840} INFO - DAG(s) 'list_s3_bucket_files_dag' retrieved from /home/cloud/codings/airflow/dags/list_s3_bucket_files_dag.py
[2026-02-07T06:29:56.791+0000] {logging_mixin.py:188} INFO - [2026-02-07T06:29:56.791+0000] {dag.py:3089} INFO - Sync 1 DAGs
[2026-02-07T06:29:56.808+0000] {logging_mixin.py:188} INFO - [2026-02-07T06:29:56.808+0000] {dag.py:3947} INFO - Setting next_dagrun for list_s3_bucket_files_dag to None, run_after=None
[2026-02-07T06:29:56.841+0000] {processor.py:183} INFO - Processing /home/cloud/codings/airflow/dags/list_s3_bucket_files_dag.py took 0.098 seconds
[2026-02-07T06:30:27.170+0000] {processor.py:161} INFO - Started process (PID=126087) to work on /home/cloud/codings/airflow/dags/list_s3_bucket_files_dag.py
[2026-02-07T06:30:27.171+0000] {processor.py:830} INFO - Processing file /home/cloud/codings/airflow/dags/list_s3_bucket_files_dag.py for tasks to queue
[2026-02-07T06:30:27.173+0000] {logging_mixin.py:188} INFO - [2026-02-07T06:30:27.172+0000] {dagbag.py:545} INFO - Filling up the DagBag from /home/cloud/codings/airflow/dags/list_s3_bucket_files_dag.py
[2026-02-07T06:30:27.184+0000] {processor.py:840} INFO - DAG(s) 'list_s3_bucket_files_dag' retrieved from /home/cloud/codings/airflow/dags/list_s3_bucket_files_dag.py
[2026-02-07T06:30:27.209+0000] {logging_mixin.py:188} INFO - [2026-02-07T06:30:27.208+0000] {dag.py:3089} INFO - Sync 1 DAGs
[2026-02-07T06:30:27.224+0000] {logging_mixin.py:188} INFO - [2026-02-07T06:30:27.224+0000] {dag.py:3947} INFO - Setting next_dagrun for list_s3_bucket_files_dag to None, run_after=None
[2026-02-07T06:30:27.250+0000] {processor.py:183} INFO - Processing /home/cloud/codings/airflow/dags/list_s3_bucket_files_dag.py took 0.088 seconds
[2026-02-07T06:30:57.311+0000] {processor.py:161} INFO - Started process (PID=126093) to work on /home/cloud/codings/airflow/dags/list_s3_bucket_files_dag.py
[2026-02-07T06:30:57.312+0000] {processor.py:830} INFO - Processing file /home/cloud/codings/airflow/dags/list_s3_bucket_files_dag.py for tasks to queue
[2026-02-07T06:30:57.313+0000] {logging_mixin.py:188} INFO - [2026-02-07T06:30:57.313+0000] {dagbag.py:545} INFO - Filling up the DagBag from /home/cloud/codings/airflow/dags/list_s3_bucket_files_dag.py
[2026-02-07T06:30:57.324+0000] {processor.py:840} INFO - DAG(s) 'list_s3_bucket_files_dag' retrieved from /home/cloud/codings/airflow/dags/list_s3_bucket_files_dag.py
[2026-02-07T06:30:57.345+0000] {logging_mixin.py:188} INFO - [2026-02-07T06:30:57.344+0000] {dag.py:3089} INFO - Sync 1 DAGs
[2026-02-07T06:30:57.358+0000] {logging_mixin.py:188} INFO - [2026-02-07T06:30:57.358+0000] {dag.py:3947} INFO - Setting next_dagrun for list_s3_bucket_files_dag to None, run_after=None
[2026-02-07T06:30:57.381+0000] {processor.py:183} INFO - Processing /home/cloud/codings/airflow/dags/list_s3_bucket_files_dag.py took 0.077 seconds
[2026-02-07T06:31:27.590+0000] {processor.py:161} INFO - Started process (PID=126102) to work on /home/cloud/codings/airflow/dags/list_s3_bucket_files_dag.py
[2026-02-07T06:31:27.591+0000] {processor.py:830} INFO - Processing file /home/cloud/codings/airflow/dags/list_s3_bucket_files_dag.py for tasks to queue
[2026-02-07T06:31:27.591+0000] {logging_mixin.py:188} INFO - [2026-02-07T06:31:27.591+0000] {dagbag.py:545} INFO - Filling up the DagBag from /home/cloud/codings/airflow/dags/list_s3_bucket_files_dag.py
[2026-02-07T06:31:27.602+0000] {processor.py:840} INFO - DAG(s) 'list_s3_bucket_files_dag' retrieved from /home/cloud/codings/airflow/dags/list_s3_bucket_files_dag.py
[2026-02-07T06:31:27.622+0000] {logging_mixin.py:188} INFO - [2026-02-07T06:31:27.621+0000] {dag.py:3089} INFO - Sync 1 DAGs
[2026-02-07T06:31:27.635+0000] {logging_mixin.py:188} INFO - [2026-02-07T06:31:27.634+0000] {dag.py:3947} INFO - Setting next_dagrun for list_s3_bucket_files_dag to None, run_after=None
[2026-02-07T06:31:27.660+0000] {processor.py:183} INFO - Processing /home/cloud/codings/airflow/dags/list_s3_bucket_files_dag.py took 0.077 seconds
[2026-02-07T06:31:57.836+0000] {processor.py:161} INFO - Started process (PID=126110) to work on /home/cloud/codings/airflow/dags/list_s3_bucket_files_dag.py
[2026-02-07T06:31:57.838+0000] {processor.py:830} INFO - Processing file /home/cloud/codings/airflow/dags/list_s3_bucket_files_dag.py for tasks to queue
[2026-02-07T06:31:57.839+0000] {logging_mixin.py:188} INFO - [2026-02-07T06:31:57.839+0000] {dagbag.py:545} INFO - Filling up the DagBag from /home/cloud/codings/airflow/dags/list_s3_bucket_files_dag.py
[2026-02-07T06:31:57.851+0000] {processor.py:840} INFO - DAG(s) 'list_s3_bucket_files_dag' retrieved from /home/cloud/codings/airflow/dags/list_s3_bucket_files_dag.py
[2026-02-07T06:31:57.871+0000] {logging_mixin.py:188} INFO - [2026-02-07T06:31:57.871+0000] {dag.py:3089} INFO - Sync 1 DAGs
[2026-02-07T06:31:57.886+0000] {logging_mixin.py:188} INFO - [2026-02-07T06:31:57.886+0000] {dag.py:3947} INFO - Setting next_dagrun for list_s3_bucket_files_dag to None, run_after=None
[2026-02-07T06:31:57.913+0000] {processor.py:183} INFO - Processing /home/cloud/codings/airflow/dags/list_s3_bucket_files_dag.py took 0.085 seconds
[2026-02-07T06:32:28.504+0000] {processor.py:161} INFO - Started process (PID=126118) to work on /home/cloud/codings/airflow/dags/list_s3_bucket_files_dag.py
[2026-02-07T06:32:28.505+0000] {processor.py:830} INFO - Processing file /home/cloud/codings/airflow/dags/list_s3_bucket_files_dag.py for tasks to queue
[2026-02-07T06:32:28.506+0000] {logging_mixin.py:188} INFO - [2026-02-07T06:32:28.505+0000] {dagbag.py:545} INFO - Filling up the DagBag from /home/cloud/codings/airflow/dags/list_s3_bucket_files_dag.py
[2026-02-07T06:32:28.517+0000] {processor.py:840} INFO - DAG(s) 'list_s3_bucket_files_dag' retrieved from /home/cloud/codings/airflow/dags/list_s3_bucket_files_dag.py
[2026-02-07T06:32:28.537+0000] {logging_mixin.py:188} INFO - [2026-02-07T06:32:28.537+0000] {dag.py:3089} INFO - Sync 1 DAGs
[2026-02-07T06:32:28.551+0000] {logging_mixin.py:188} INFO - [2026-02-07T06:32:28.551+0000] {dag.py:3947} INFO - Setting next_dagrun for list_s3_bucket_files_dag to None, run_after=None
[2026-02-07T06:32:28.574+0000] {processor.py:183} INFO - Processing /home/cloud/codings/airflow/dags/list_s3_bucket_files_dag.py took 0.077 seconds
[2026-02-07T06:32:59.732+0000] {processor.py:161} INFO - Started process (PID=126126) to work on /home/cloud/codings/airflow/dags/list_s3_bucket_files_dag.py
[2026-02-07T06:32:59.733+0000] {processor.py:830} INFO - Processing file /home/cloud/codings/airflow/dags/list_s3_bucket_files_dag.py for tasks to queue
[2026-02-07T06:32:59.734+0000] {logging_mixin.py:188} INFO - [2026-02-07T06:32:59.734+0000] {dagbag.py:545} INFO - Filling up the DagBag from /home/cloud/codings/airflow/dags/list_s3_bucket_files_dag.py
[2026-02-07T06:32:59.746+0000] {processor.py:840} INFO - DAG(s) 'list_s3_bucket_files_dag' retrieved from /home/cloud/codings/airflow/dags/list_s3_bucket_files_dag.py
[2026-02-07T06:32:59.768+0000] {logging_mixin.py:188} INFO - [2026-02-07T06:32:59.768+0000] {dag.py:3089} INFO - Sync 1 DAGs
[2026-02-07T06:32:59.782+0000] {logging_mixin.py:188} INFO - [2026-02-07T06:32:59.782+0000] {dag.py:3947} INFO - Setting next_dagrun for list_s3_bucket_files_dag to None, run_after=None
[2026-02-07T06:32:59.806+0000] {processor.py:183} INFO - Processing /home/cloud/codings/airflow/dags/list_s3_bucket_files_dag.py took 0.081 seconds
[2026-02-07T06:33:29.963+0000] {processor.py:161} INFO - Started process (PID=126135) to work on /home/cloud/codings/airflow/dags/list_s3_bucket_files_dag.py
[2026-02-07T06:33:29.968+0000] {processor.py:830} INFO - Processing file /home/cloud/codings/airflow/dags/list_s3_bucket_files_dag.py for tasks to queue
[2026-02-07T06:33:29.969+0000] {logging_mixin.py:188} INFO - [2026-02-07T06:33:29.969+0000] {dagbag.py:545} INFO - Filling up the DagBag from /home/cloud/codings/airflow/dags/list_s3_bucket_files_dag.py
[2026-02-07T06:33:30.915+0000] {processor.py:840} INFO - DAG(s) 'list_s3_bucket_files_dag' retrieved from /home/cloud/codings/airflow/dags/list_s3_bucket_files_dag.py
[2026-02-07T06:33:30.935+0000] {logging_mixin.py:188} INFO - [2026-02-07T06:33:30.935+0000] {dag.py:3089} INFO - Sync 1 DAGs
[2026-02-07T06:33:30.949+0000] {logging_mixin.py:188} INFO - [2026-02-07T06:33:30.948+0000] {dag.py:3947} INFO - Setting next_dagrun for list_s3_bucket_files_dag to None, run_after=None
[2026-02-07T06:33:30.973+0000] {processor.py:183} INFO - Processing /home/cloud/codings/airflow/dags/list_s3_bucket_files_dag.py took 0.082 seconds
[2026-02-07T06:34:01.270+0000] {processor.py:161} INFO - Started process (PID=126143) to work on /home/cloud/codings/airflow/dags/list_s3_bucket_files_dag.py
[2026-02-07T06:34:01.271+0000] {processor.py:830} INFO - Processing file /home/cloud/codings/airflow/dags/list_s3_bucket_files_dag.py for tasks to queue
[2026-02-07T06:34:01.272+0000] {logging_mixin.py:188} INFO - [2026-02-07T06:34:01.271+0000] {dagbag.py:545} INFO - Filling up the DagBag from /home/cloud/codings/airflow/dags/list_s3_bucket_files_dag.py
[2026-02-07T06:34:01.282+0000] {processor.py:840} INFO - DAG(s) 'list_s3_bucket_files_dag' retrieved from /home/cloud/codings/airflow/dags/list_s3_bucket_files_dag.py
[2026-02-07T06:34:01.305+0000] {logging_mixin.py:188} INFO - [2026-02-07T06:34:01.305+0000] {dag.py:3089} INFO - Sync 1 DAGs
[2026-02-07T06:34:01.320+0000] {logging_mixin.py:188} INFO - [2026-02-07T06:34:01.320+0000] {dag.py:3947} INFO - Setting next_dagrun for list_s3_bucket_files_dag to None, run_after=None
[2026-02-07T06:34:01.346+0000] {processor.py:183} INFO - Processing /home/cloud/codings/airflow/dags/list_s3_bucket_files_dag.py took 0.082 seconds
[2026-02-07T06:34:31.524+0000] {processor.py:161} INFO - Started process (PID=126151) to work on /home/cloud/codings/airflow/dags/list_s3_bucket_files_dag.py
[2026-02-07T06:34:31.526+0000] {processor.py:830} INFO - Processing file /home/cloud/codings/airflow/dags/list_s3_bucket_files_dag.py for tasks to queue
[2026-02-07T06:34:31.527+0000] {logging_mixin.py:188} INFO - [2026-02-07T06:34:31.526+0000] {dagbag.py:545} INFO - Filling up the DagBag from /home/cloud/codings/airflow/dags/list_s3_bucket_files_dag.py
[2026-02-07T06:34:31.539+0000] {processor.py:840} INFO - DAG(s) 'list_s3_bucket_files_dag' retrieved from /home/cloud/codings/airflow/dags/list_s3_bucket_files_dag.py
[2026-02-07T06:34:31.562+0000] {logging_mixin.py:188} INFO - [2026-02-07T06:34:31.562+0000] {dag.py:3089} INFO - Sync 1 DAGs
[2026-02-07T06:34:31.578+0000] {logging_mixin.py:188} INFO - [2026-02-07T06:34:31.577+0000] {dag.py:3947} INFO - Setting next_dagrun for list_s3_bucket_files_dag to None, run_after=None
[2026-02-07T06:34:31.604+0000] {processor.py:183} INFO - Processing /home/cloud/codings/airflow/dags/list_s3_bucket_files_dag.py took 0.088 seconds
[2026-02-07T06:35:01.686+0000] {processor.py:161} INFO - Started process (PID=126157) to work on /home/cloud/codings/airflow/dags/list_s3_bucket_files_dag.py
[2026-02-07T06:35:01.686+0000] {processor.py:830} INFO - Processing file /home/cloud/codings/airflow/dags/list_s3_bucket_files_dag.py for tasks to queue
[2026-02-07T06:35:01.687+0000] {logging_mixin.py:188} INFO - [2026-02-07T06:35:01.687+0000] {dagbag.py:545} INFO - Filling up the DagBag from /home/cloud/codings/airflow/dags/list_s3_bucket_files_dag.py
[2026-02-07T06:35:01.698+0000] {processor.py:840} INFO - DAG(s) 'list_s3_bucket_files_dag' retrieved from /home/cloud/codings/airflow/dags/list_s3_bucket_files_dag.py
[2026-02-07T06:35:01.718+0000] {logging_mixin.py:188} INFO - [2026-02-07T06:35:01.718+0000] {dag.py:3089} INFO - Sync 1 DAGs
[2026-02-07T06:35:01.731+0000] {logging_mixin.py:188} INFO - [2026-02-07T06:35:01.731+0000] {dag.py:3947} INFO - Setting next_dagrun for list_s3_bucket_files_dag to None, run_after=None
[2026-02-07T06:35:01.754+0000] {processor.py:183} INFO - Processing /home/cloud/codings/airflow/dags/list_s3_bucket_files_dag.py took 0.074 seconds
[2026-02-07T06:35:31.801+0000] {processor.py:161} INFO - Started process (PID=126167) to work on /home/cloud/codings/airflow/dags/list_s3_bucket_files_dag.py
[2026-02-07T06:35:31.803+0000] {processor.py:830} INFO - Processing file /home/cloud/codings/airflow/dags/list_s3_bucket_files_dag.py for tasks to queue
[2026-02-07T06:35:31.804+0000] {logging_mixin.py:188} INFO - [2026-02-07T06:35:31.803+0000] {dagbag.py:545} INFO - Filling up the DagBag from /home/cloud/codings/airflow/dags/list_s3_bucket_files_dag.py
[2026-02-07T06:35:31.814+0000] {processor.py:840} INFO - DAG(s) 'list_s3_bucket_files_dag' retrieved from /home/cloud/codings/airflow/dags/list_s3_bucket_files_dag.py
[2026-02-07T06:35:31.834+0000] {logging_mixin.py:188} INFO - [2026-02-07T06:35:31.834+0000] {dag.py:3089} INFO - Sync 1 DAGs
[2026-02-07T06:35:31.847+0000] {logging_mixin.py:188} INFO - [2026-02-07T06:35:31.847+0000] {dag.py:3947} INFO - Setting next_dagrun for list_s3_bucket_files_dag to None, run_after=None
[2026-02-07T06:35:31.872+0000] {processor.py:183} INFO - Processing /home/cloud/codings/airflow/dags/list_s3_bucket_files_dag.py took 0.078 seconds
[2026-02-07T06:36:02.636+0000] {processor.py:161} INFO - Started process (PID=126173) to work on /home/cloud/codings/airflow/dags/list_s3_bucket_files_dag.py
[2026-02-07T06:36:02.637+0000] {processor.py:830} INFO - Processing file /home/cloud/codings/airflow/dags/list_s3_bucket_files_dag.py for tasks to queue
[2026-02-07T06:36:02.637+0000] {logging_mixin.py:188} INFO - [2026-02-07T06:36:02.637+0000] {dagbag.py:545} INFO - Filling up the DagBag from /home/cloud/codings/airflow/dags/list_s3_bucket_files_dag.py
[2026-02-07T06:36:02.647+0000] {processor.py:840} INFO - DAG(s) 'list_s3_bucket_files_dag' retrieved from /home/cloud/codings/airflow/dags/list_s3_bucket_files_dag.py
[2026-02-07T06:36:02.668+0000] {logging_mixin.py:188} INFO - [2026-02-07T06:36:02.667+0000] {dag.py:3089} INFO - Sync 1 DAGs
[2026-02-07T06:36:02.682+0000] {logging_mixin.py:188} INFO - [2026-02-07T06:36:02.682+0000] {dag.py:3947} INFO - Setting next_dagrun for list_s3_bucket_files_dag to None, run_after=None
[2026-02-07T06:36:02.706+0000] {processor.py:183} INFO - Processing /home/cloud/codings/airflow/dags/list_s3_bucket_files_dag.py took 0.078 seconds
[2026-02-07T06:36:33.707+0000] {processor.py:161} INFO - Started process (PID=126183) to work on /home/cloud/codings/airflow/dags/list_s3_bucket_files_dag.py
[2026-02-07T06:36:33.708+0000] {processor.py:830} INFO - Processing file /home/cloud/codings/airflow/dags/list_s3_bucket_files_dag.py for tasks to queue
[2026-02-07T06:36:33.709+0000] {logging_mixin.py:188} INFO - [2026-02-07T06:36:33.709+0000] {dagbag.py:545} INFO - Filling up the DagBag from /home/cloud/codings/airflow/dags/list_s3_bucket_files_dag.py
[2026-02-07T06:36:33.720+0000] {processor.py:840} INFO - DAG(s) 'list_s3_bucket_files_dag' retrieved from /home/cloud/codings/airflow/dags/list_s3_bucket_files_dag.py
[2026-02-07T06:36:33.740+0000] {logging_mixin.py:188} INFO - [2026-02-07T06:36:33.740+0000] {dag.py:3089} INFO - Sync 1 DAGs
[2026-02-07T06:36:33.754+0000] {logging_mixin.py:188} INFO - [2026-02-07T06:36:33.754+0000] {dag.py:3947} INFO - Setting next_dagrun for list_s3_bucket_files_dag to None, run_after=None
[2026-02-07T06:36:33.776+0000] {processor.py:183} INFO - Processing /home/cloud/codings/airflow/dags/list_s3_bucket_files_dag.py took 0.077 seconds
[2026-02-07T06:37:04.667+0000] {processor.py:161} INFO - Started process (PID=126189) to work on /home/cloud/codings/airflow/dags/list_s3_bucket_files_dag.py
[2026-02-07T06:37:04.668+0000] {processor.py:830} INFO - Processing file /home/cloud/codings/airflow/dags/list_s3_bucket_files_dag.py for tasks to queue
[2026-02-07T06:37:04.669+0000] {logging_mixin.py:188} INFO - [2026-02-07T06:37:04.668+0000] {dagbag.py:545} INFO - Filling up the DagBag from /home/cloud/codings/airflow/dags/list_s3_bucket_files_dag.py
[2026-02-07T06:37:04.679+0000] {processor.py:840} INFO - DAG(s) 'list_s3_bucket_files_dag' retrieved from /home/cloud/codings/airflow/dags/list_s3_bucket_files_dag.py
[2026-02-07T06:37:04.701+0000] {logging_mixin.py:188} INFO - [2026-02-07T06:37:04.700+0000] {dag.py:3089} INFO - Sync 1 DAGs
[2026-02-07T06:37:04.715+0000] {logging_mixin.py:188} INFO - [2026-02-07T06:37:04.714+0000] {dag.py:3947} INFO - Setting next_dagrun for list_s3_bucket_files_dag to None, run_after=None
[2026-02-07T06:37:04.740+0000] {processor.py:183} INFO - Processing /home/cloud/codings/airflow/dags/list_s3_bucket_files_dag.py took 0.079 seconds
[2026-02-07T06:37:35.612+0000] {processor.py:161} INFO - Started process (PID=126197) to work on /home/cloud/codings/airflow/dags/list_s3_bucket_files_dag.py
[2026-02-07T06:37:35.613+0000] {processor.py:830} INFO - Processing file /home/cloud/codings/airflow/dags/list_s3_bucket_files_dag.py for tasks to queue
[2026-02-07T06:37:35.614+0000] {logging_mixin.py:188} INFO - [2026-02-07T06:37:35.614+0000] {dagbag.py:545} INFO - Filling up the DagBag from /home/cloud/codings/airflow/dags/list_s3_bucket_files_dag.py
[2026-02-07T06:37:35.626+0000] {processor.py:840} INFO - DAG(s) 'list_s3_bucket_files_dag' retrieved from /home/cloud/codings/airflow/dags/list_s3_bucket_files_dag.py
[2026-02-07T06:37:35.647+0000] {logging_mixin.py:188} INFO - [2026-02-07T06:37:35.647+0000] {dag.py:3089} INFO - Sync 1 DAGs
[2026-02-07T06:37:35.661+0000] {logging_mixin.py:188} INFO - [2026-02-07T06:37:35.661+0000] {dag.py:3947} INFO - Setting next_dagrun for list_s3_bucket_files_dag to None, run_after=None
[2026-02-07T06:37:35.687+0000] {processor.py:183} INFO - Processing /home/cloud/codings/airflow/dags/list_s3_bucket_files_dag.py took 0.083 seconds
[2026-02-07T06:38:06.705+0000] {processor.py:161} INFO - Started process (PID=126205) to work on /home/cloud/codings/airflow/dags/list_s3_bucket_files_dag.py
[2026-02-07T06:38:06.706+0000] {processor.py:830} INFO - Processing file /home/cloud/codings/airflow/dags/list_s3_bucket_files_dag.py for tasks to queue
[2026-02-07T06:38:06.707+0000] {logging_mixin.py:188} INFO - [2026-02-07T06:38:06.706+0000] {dagbag.py:545} INFO - Filling up the DagBag from /home/cloud/codings/airflow/dags/list_s3_bucket_files_dag.py
[2026-02-07T06:38:06.720+0000] {processor.py:840} INFO - DAG(s) 'list_s3_bucket_files_dag' retrieved from /home/cloud/codings/airflow/dags/list_s3_bucket_files_dag.py
[2026-02-07T06:38:06.743+0000] {logging_mixin.py:188} INFO - [2026-02-07T06:38:06.743+0000] {dag.py:3089} INFO - Sync 1 DAGs
[2026-02-07T06:38:06.758+0000] {logging_mixin.py:188} INFO - [2026-02-07T06:38:06.758+0000] {dag.py:3947} INFO - Setting next_dagrun for list_s3_bucket_files_dag to None, run_after=None
[2026-02-07T06:38:06.783+0000] {processor.py:183} INFO - Processing /home/cloud/codings/airflow/dags/list_s3_bucket_files_dag.py took 0.086 seconds
[2026-02-07T06:38:37.062+0000] {processor.py:161} INFO - Started process (PID=126213) to work on /home/cloud/codings/airflow/dags/list_s3_bucket_files_dag.py
[2026-02-07T06:38:37.067+0000] {processor.py:830} INFO - Processing file /home/cloud/codings/airflow/dags/list_s3_bucket_files_dag.py for tasks to queue
[2026-02-07T06:38:37.068+0000] {logging_mixin.py:188} INFO - [2026-02-07T06:38:37.067+0000] {dagbag.py:545} INFO - Filling up the DagBag from /home/cloud/codings/airflow/dags/list_s3_bucket_files_dag.py
[2026-02-07T06:38:37.083+0000] {processor.py:840} INFO - DAG(s) 'list_s3_bucket_files_dag' retrieved from /home/cloud/codings/airflow/dags/list_s3_bucket_files_dag.py
[2026-02-07T06:38:37.106+0000] {logging_mixin.py:188} INFO - [2026-02-07T06:38:37.106+0000] {dag.py:3089} INFO - Sync 1 DAGs
[2026-02-07T06:38:37.122+0000] {logging_mixin.py:188} INFO - [2026-02-07T06:38:37.122+0000] {dag.py:3947} INFO - Setting next_dagrun for list_s3_bucket_files_dag to None, run_after=None
[2026-02-07T06:38:37.150+0000] {processor.py:183} INFO - Processing /home/cloud/codings/airflow/dags/list_s3_bucket_files_dag.py took 0.096 seconds
[2026-02-07T06:39:08.042+0000] {processor.py:161} INFO - Started process (PID=126220) to work on /home/cloud/codings/airflow/dags/list_s3_bucket_files_dag.py
[2026-02-07T06:39:08.047+0000] {processor.py:830} INFO - Processing file /home/cloud/codings/airflow/dags/list_s3_bucket_files_dag.py for tasks to queue
[2026-02-07T06:39:08.048+0000] {logging_mixin.py:188} INFO - [2026-02-07T06:39:08.047+0000] {dagbag.py:545} INFO - Filling up the DagBag from /home/cloud/codings/airflow/dags/list_s3_bucket_files_dag.py
[2026-02-07T06:39:08.061+0000] {processor.py:840} INFO - DAG(s) 'list_s3_bucket_files_dag' retrieved from /home/cloud/codings/airflow/dags/list_s3_bucket_files_dag.py
[2026-02-07T06:39:08.099+0000] {logging_mixin.py:188} INFO - [2026-02-07T06:39:08.099+0000] {dag.py:3089} INFO - Sync 1 DAGs
[2026-02-07T06:39:08.134+0000] {logging_mixin.py:188} INFO - [2026-02-07T06:39:08.134+0000] {dag.py:3947} INFO - Setting next_dagrun for list_s3_bucket_files_dag to None, run_after=None
[2026-02-07T06:39:08.181+0000] {processor.py:183} INFO - Processing /home/cloud/codings/airflow/dags/list_s3_bucket_files_dag.py took 0.148 seconds
[2026-02-07T06:39:39.018+0000] {processor.py:161} INFO - Started process (PID=126232) to work on /home/cloud/codings/airflow/dags/list_s3_bucket_files_dag.py
[2026-02-07T06:39:39.019+0000] {processor.py:830} INFO - Processing file /home/cloud/codings/airflow/dags/list_s3_bucket_files_dag.py for tasks to queue
[2026-02-07T06:39:39.019+0000] {logging_mixin.py:188} INFO - [2026-02-07T06:39:39.019+0000] {dagbag.py:545} INFO - Filling up the DagBag from /home/cloud/codings/airflow/dags/list_s3_bucket_files_dag.py
[2026-02-07T06:39:39.030+0000] {processor.py:840} INFO - DAG(s) 'list_s3_bucket_files_dag' retrieved from /home/cloud/codings/airflow/dags/list_s3_bucket_files_dag.py
[2026-02-07T06:39:39.049+0000] {logging_mixin.py:188} INFO - [2026-02-07T06:39:39.049+0000] {dag.py:3089} INFO - Sync 1 DAGs
[2026-02-07T06:39:39.062+0000] {logging_mixin.py:188} INFO - [2026-02-07T06:39:39.062+0000] {dag.py:3947} INFO - Setting next_dagrun for list_s3_bucket_files_dag to None, run_after=None
[2026-02-07T06:39:39.084+0000] {processor.py:183} INFO - Processing /home/cloud/codings/airflow/dags/list_s3_bucket_files_dag.py took 0.076 seconds
[2026-02-07T06:40:09.216+0000] {processor.py:161} INFO - Started process (PID=126240) to work on /home/cloud/codings/airflow/dags/list_s3_bucket_files_dag.py
[2026-02-07T06:40:09.217+0000] {processor.py:830} INFO - Processing file /home/cloud/codings/airflow/dags/list_s3_bucket_files_dag.py for tasks to queue
[2026-02-07T06:40:09.218+0000] {logging_mixin.py:188} INFO - [2026-02-07T06:40:09.218+0000] {dagbag.py:545} INFO - Filling up the DagBag from /home/cloud/codings/airflow/dags/list_s3_bucket_files_dag.py
[2026-02-07T06:40:09.228+0000] {processor.py:840} INFO - DAG(s) 'list_s3_bucket_files_dag' retrieved from /home/cloud/codings/airflow/dags/list_s3_bucket_files_dag.py
[2026-02-07T06:40:09.248+0000] {logging_mixin.py:188} INFO - [2026-02-07T06:40:09.248+0000] {dag.py:3089} INFO - Sync 1 DAGs
[2026-02-07T06:40:09.261+0000] {logging_mixin.py:188} INFO - [2026-02-07T06:40:09.261+0000] {dag.py:3947} INFO - Setting next_dagrun for list_s3_bucket_files_dag to None, run_after=None
[2026-02-07T06:40:09.286+0000] {processor.py:183} INFO - Processing /home/cloud/codings/airflow/dags/list_s3_bucket_files_dag.py took 0.077 seconds
[2026-02-07T06:40:39.393+0000] {processor.py:161} INFO - Started process (PID=126250) to work on /home/cloud/codings/airflow/dags/list_s3_bucket_files_dag.py
[2026-02-07T06:40:39.394+0000] {processor.py:830} INFO - Processing file /home/cloud/codings/airflow/dags/list_s3_bucket_files_dag.py for tasks to queue
[2026-02-07T06:40:39.395+0000] {logging_mixin.py:188} INFO - [2026-02-07T06:40:39.395+0000] {dagbag.py:545} INFO - Filling up the DagBag from /home/cloud/codings/airflow/dags/list_s3_bucket_files_dag.py
[2026-02-07T06:40:39.406+0000] {processor.py:840} INFO - DAG(s) 'list_s3_bucket_files_dag' retrieved from /home/cloud/codings/airflow/dags/list_s3_bucket_files_dag.py
[2026-02-07T06:40:39.428+0000] {logging_mixin.py:188} INFO - [2026-02-07T06:40:39.428+0000] {dag.py:3089} INFO - Sync 1 DAGs
[2026-02-07T06:40:39.443+0000] {logging_mixin.py:188} INFO - [2026-02-07T06:40:39.443+0000] {dag.py:3947} INFO - Setting next_dagrun for list_s3_bucket_files_dag to None, run_after=None
[2026-02-07T06:40:39.466+0000] {processor.py:183} INFO - Processing /home/cloud/codings/airflow/dags/list_s3_bucket_files_dag.py took 0.079 seconds
[2026-02-07T06:41:09.700+0000] {processor.py:161} INFO - Started process (PID=126256) to work on /home/cloud/codings/airflow/dags/list_s3_bucket_files_dag.py
[2026-02-07T06:41:09.701+0000] {processor.py:830} INFO - Processing file /home/cloud/codings/airflow/dags/list_s3_bucket_files_dag.py for tasks to queue
[2026-02-07T06:41:09.702+0000] {logging_mixin.py:188} INFO - [2026-02-07T06:41:09.702+0000] {dagbag.py:545} INFO - Filling up the DagBag from /home/cloud/codings/airflow/dags/list_s3_bucket_files_dag.py
[2026-02-07T06:41:09.713+0000] {processor.py:840} INFO - DAG(s) 'list_s3_bucket_files_dag' retrieved from /home/cloud/codings/airflow/dags/list_s3_bucket_files_dag.py
[2026-02-07T06:41:09.734+0000] {logging_mixin.py:188} INFO - [2026-02-07T06:41:09.734+0000] {dag.py:3089} INFO - Sync 1 DAGs
[2026-02-07T06:41:09.749+0000] {logging_mixin.py:188} INFO - [2026-02-07T06:41:09.748+0000] {dag.py:3947} INFO - Setting next_dagrun for list_s3_bucket_files_dag to None, run_after=None
[2026-02-07T06:41:09.772+0000] {processor.py:183} INFO - Processing /home/cloud/codings/airflow/dags/list_s3_bucket_files_dag.py took 0.078 seconds
[2026-02-07T06:41:40.761+0000] {processor.py:161} INFO - Started process (PID=126264) to work on /home/cloud/codings/airflow/dags/list_s3_bucket_files_dag.py
[2026-02-07T06:41:40.763+0000] {processor.py:830} INFO - Processing file /home/cloud/codings/airflow/dags/list_s3_bucket_files_dag.py for tasks to queue
[2026-02-07T06:41:40.764+0000] {logging_mixin.py:188} INFO - [2026-02-07T06:41:40.763+0000] {dagbag.py:545} INFO - Filling up the DagBag from /home/cloud/codings/airflow/dags/list_s3_bucket_files_dag.py
[2026-02-07T06:41:40.776+0000] {processor.py:840} INFO - DAG(s) 'list_s3_bucket_files_dag' retrieved from /home/cloud/codings/airflow/dags/list_s3_bucket_files_dag.py
[2026-02-07T06:41:40.798+0000] {logging_mixin.py:188} INFO - [2026-02-07T06:41:40.798+0000] {dag.py:3089} INFO - Sync 1 DAGs
[2026-02-07T06:41:40.815+0000] {logging_mixin.py:188} INFO - [2026-02-07T06:41:40.815+0000] {dag.py:3947} INFO - Setting next_dagrun for list_s3_bucket_files_dag to None, run_after=None
[2026-02-07T06:41:40.842+0000] {processor.py:183} INFO - Processing /home/cloud/codings/airflow/dags/list_s3_bucket_files_dag.py took 0.089 seconds
[2026-02-07T06:42:11.721+0000] {processor.py:161} INFO - Started process (PID=126274) to work on /home/cloud/codings/airflow/dags/list_s3_bucket_files_dag.py
[2026-02-07T06:42:11.722+0000] {processor.py:830} INFO - Processing file /home/cloud/codings/airflow/dags/list_s3_bucket_files_dag.py for tasks to queue
[2026-02-07T06:42:11.723+0000] {logging_mixin.py:188} INFO - [2026-02-07T06:42:11.722+0000] {dagbag.py:545} INFO - Filling up the DagBag from /home/cloud/codings/airflow/dags/list_s3_bucket_files_dag.py
[2026-02-07T06:42:11.733+0000] {processor.py:840} INFO - DAG(s) 'list_s3_bucket_files_dag' retrieved from /home/cloud/codings/airflow/dags/list_s3_bucket_files_dag.py
[2026-02-07T06:42:11.752+0000] {logging_mixin.py:188} INFO - [2026-02-07T06:42:11.752+0000] {dag.py:3089} INFO - Sync 1 DAGs
[2026-02-07T06:42:11.764+0000] {logging_mixin.py:188} INFO - [2026-02-07T06:42:11.764+0000] {dag.py:3947} INFO - Setting next_dagrun for list_s3_bucket_files_dag to None, run_after=None
[2026-02-07T06:42:11.788+0000] {processor.py:183} INFO - Processing /home/cloud/codings/airflow/dags/list_s3_bucket_files_dag.py took 0.074 seconds
[2026-02-07T06:42:42.677+0000] {processor.py:161} INFO - Started process (PID=126282) to work on /home/cloud/codings/airflow/dags/list_s3_bucket_files_dag.py
[2026-02-07T06:42:42.679+0000] {processor.py:830} INFO - Processing file /home/cloud/codings/airflow/dags/list_s3_bucket_files_dag.py for tasks to queue
[2026-02-07T06:42:42.680+0000] {logging_mixin.py:188} INFO - [2026-02-07T06:42:42.679+0000] {dagbag.py:545} INFO - Filling up the DagBag from /home/cloud/codings/airflow/dags/list_s3_bucket_files_dag.py
[2026-02-07T06:42:42.691+0000] {processor.py:840} INFO - DAG(s) 'list_s3_bucket_files_dag' retrieved from /home/cloud/codings/airflow/dags/list_s3_bucket_files_dag.py
[2026-02-07T06:42:42.711+0000] {logging_mixin.py:188} INFO - [2026-02-07T06:42:42.711+0000] {dag.py:3089} INFO - Sync 1 DAGs
[2026-02-07T06:42:42.725+0000] {logging_mixin.py:188} INFO - [2026-02-07T06:42:42.725+0000] {dag.py:3947} INFO - Setting next_dagrun for list_s3_bucket_files_dag to None, run_after=None
[2026-02-07T06:42:42.750+0000] {processor.py:183} INFO - Processing /home/cloud/codings/airflow/dags/list_s3_bucket_files_dag.py took 0.080 seconds
[2026-02-07T06:43:13.624+0000] {processor.py:161} INFO - Started process (PID=126288) to work on /home/cloud/codings/airflow/dags/list_s3_bucket_files_dag.py
[2026-02-07T06:43:13.625+0000] {processor.py:830} INFO - Processing file /home/cloud/codings/airflow/dags/list_s3_bucket_files_dag.py for tasks to queue
[2026-02-07T06:43:13.626+0000] {logging_mixin.py:188} INFO - [2026-02-07T06:43:13.626+0000] {dagbag.py:545} INFO - Filling up the DagBag from /home/cloud/codings/airflow/dags/list_s3_bucket_files_dag.py
[2026-02-07T06:43:13.636+0000] {processor.py:840} INFO - DAG(s) 'list_s3_bucket_files_dag' retrieved from /home/cloud/codings/airflow/dags/list_s3_bucket_files_dag.py
[2026-02-07T06:43:13.657+0000] {logging_mixin.py:188} INFO - [2026-02-07T06:43:13.657+0000] {dag.py:3089} INFO - Sync 1 DAGs
[2026-02-07T06:43:13.672+0000] {logging_mixin.py:188} INFO - [2026-02-07T06:43:13.672+0000] {dag.py:3947} INFO - Setting next_dagrun for list_s3_bucket_files_dag to None, run_after=None
[2026-02-07T06:43:13.698+0000] {processor.py:183} INFO - Processing /home/cloud/codings/airflow/dags/list_s3_bucket_files_dag.py took 0.079 seconds
[2026-02-07T06:43:44.643+0000] {processor.py:161} INFO - Started process (PID=126408) to work on /home/cloud/codings/airflow/dags/list_s3_bucket_files_dag.py
[2026-02-07T06:43:44.645+0000] {processor.py:830} INFO - Processing file /home/cloud/codings/airflow/dags/list_s3_bucket_files_dag.py for tasks to queue
[2026-02-07T06:43:44.646+0000] {logging_mixin.py:188} INFO - [2026-02-07T06:43:44.645+0000] {dagbag.py:545} INFO - Filling up the DagBag from /home/cloud/codings/airflow/dags/list_s3_bucket_files_dag.py
[2026-02-07T06:43:44.657+0000] {processor.py:840} INFO - DAG(s) 'list_s3_bucket_files_dag' retrieved from /home/cloud/codings/airflow/dags/list_s3_bucket_files_dag.py
[2026-02-07T06:43:44.679+0000] {logging_mixin.py:188} INFO - [2026-02-07T06:43:44.679+0000] {dag.py:3089} INFO - Sync 1 DAGs
[2026-02-07T06:43:44.695+0000] {logging_mixin.py:188} INFO - [2026-02-07T06:43:44.695+0000] {dag.py:3947} INFO - Setting next_dagrun for list_s3_bucket_files_dag to None, run_after=None
[2026-02-07T06:43:44.722+0000] {processor.py:183} INFO - Processing /home/cloud/codings/airflow/dags/list_s3_bucket_files_dag.py took 0.086 seconds
[2026-02-07T06:44:15.729+0000] {processor.py:161} INFO - Started process (PID=126417) to work on /home/cloud/codings/airflow/dags/list_s3_bucket_files_dag.py
[2026-02-07T06:44:15.730+0000] {processor.py:830} INFO - Processing file /home/cloud/codings/airflow/dags/list_s3_bucket_files_dag.py for tasks to queue
[2026-02-07T06:44:15.731+0000] {logging_mixin.py:188} INFO - [2026-02-07T06:44:15.731+0000] {dagbag.py:545} INFO - Filling up the DagBag from /home/cloud/codings/airflow/dags/list_s3_bucket_files_dag.py
[2026-02-07T06:44:15.742+0000] {processor.py:840} INFO - DAG(s) 'list_s3_bucket_files_dag' retrieved from /home/cloud/codings/airflow/dags/list_s3_bucket_files_dag.py
[2026-02-07T06:44:15.763+0000] {logging_mixin.py:188} INFO - [2026-02-07T06:44:15.763+0000] {dag.py:3089} INFO - Sync 1 DAGs
[2026-02-07T06:44:15.779+0000] {logging_mixin.py:188} INFO - [2026-02-07T06:44:15.778+0000] {dag.py:3947} INFO - Setting next_dagrun for list_s3_bucket_files_dag to None, run_after=None
[2026-02-07T06:44:16.758+0000] {processor.py:183} INFO - Processing /home/cloud/codings/airflow/dags/list_s3_bucket_files_dag.py took 0.086 seconds
[2026-02-07T06:44:47.522+0000] {processor.py:161} INFO - Started process (PID=126425) to work on /home/cloud/codings/airflow/dags/list_s3_bucket_files_dag.py
[2026-02-07T06:44:47.524+0000] {processor.py:830} INFO - Processing file /home/cloud/codings/airflow/dags/list_s3_bucket_files_dag.py for tasks to queue
[2026-02-07T06:44:47.526+0000] {logging_mixin.py:188} INFO - [2026-02-07T06:44:47.525+0000] {dagbag.py:545} INFO - Filling up the DagBag from /home/cloud/codings/airflow/dags/list_s3_bucket_files_dag.py
[2026-02-07T06:44:47.548+0000] {processor.py:840} INFO - DAG(s) 'list_s3_bucket_files_dag' retrieved from /home/cloud/codings/airflow/dags/list_s3_bucket_files_dag.py
[2026-02-07T06:44:47.606+0000] {logging_mixin.py:188} INFO - [2026-02-07T06:44:47.606+0000] {dag.py:3089} INFO - Sync 1 DAGs
[2026-02-07T06:44:47.640+0000] {logging_mixin.py:188} INFO - [2026-02-07T06:44:47.640+0000] {dag.py:3947} INFO - Setting next_dagrun for list_s3_bucket_files_dag to None, run_after=None
[2026-02-07T06:44:47.682+0000] {processor.py:183} INFO - Processing /home/cloud/codings/airflow/dags/list_s3_bucket_files_dag.py took 0.173 seconds
[2026-02-07T06:45:18.720+0000] {processor.py:161} INFO - Started process (PID=126433) to work on /home/cloud/codings/airflow/dags/list_s3_bucket_files_dag.py
[2026-02-07T06:45:18.721+0000] {processor.py:830} INFO - Processing file /home/cloud/codings/airflow/dags/list_s3_bucket_files_dag.py for tasks to queue
[2026-02-07T06:45:18.722+0000] {logging_mixin.py:188} INFO - [2026-02-07T06:45:18.722+0000] {dagbag.py:545} INFO - Filling up the DagBag from /home/cloud/codings/airflow/dags/list_s3_bucket_files_dag.py
[2026-02-07T06:45:18.733+0000] {processor.py:840} INFO - DAG(s) 'list_s3_bucket_files_dag' retrieved from /home/cloud/codings/airflow/dags/list_s3_bucket_files_dag.py
[2026-02-07T06:45:18.753+0000] {logging_mixin.py:188} INFO - [2026-02-07T06:45:18.753+0000] {dag.py:3089} INFO - Sync 1 DAGs
[2026-02-07T06:45:18.769+0000] {logging_mixin.py:188} INFO - [2026-02-07T06:45:18.769+0000] {dag.py:3947} INFO - Setting next_dagrun for list_s3_bucket_files_dag to None, run_after=None
[2026-02-07T06:45:18.794+0000] {processor.py:183} INFO - Processing /home/cloud/codings/airflow/dags/list_s3_bucket_files_dag.py took 0.081 seconds
[2026-02-07T06:45:49.753+0000] {processor.py:161} INFO - Started process (PID=126439) to work on /home/cloud/codings/airflow/dags/list_s3_bucket_files_dag.py
[2026-02-07T06:45:49.755+0000] {processor.py:830} INFO - Processing file /home/cloud/codings/airflow/dags/list_s3_bucket_files_dag.py for tasks to queue
[2026-02-07T06:45:49.755+0000] {logging_mixin.py:188} INFO - [2026-02-07T06:45:49.755+0000] {dagbag.py:545} INFO - Filling up the DagBag from /home/cloud/codings/airflow/dags/list_s3_bucket_files_dag.py
[2026-02-07T06:45:49.766+0000] {processor.py:840} INFO - DAG(s) 'list_s3_bucket_files_dag' retrieved from /home/cloud/codings/airflow/dags/list_s3_bucket_files_dag.py
[2026-02-07T06:45:49.786+0000] {logging_mixin.py:188} INFO - [2026-02-07T06:45:49.786+0000] {dag.py:3089} INFO - Sync 1 DAGs
[2026-02-07T06:45:49.802+0000] {logging_mixin.py:188} INFO - [2026-02-07T06:45:49.802+0000] {dag.py:3947} INFO - Setting next_dagrun for list_s3_bucket_files_dag to None, run_after=None
[2026-02-07T06:45:49.827+0000] {processor.py:183} INFO - Processing /home/cloud/codings/airflow/dags/list_s3_bucket_files_dag.py took 0.081 seconds
[2026-02-07T06:46:20.725+0000] {processor.py:161} INFO - Started process (PID=126449) to work on /home/cloud/codings/airflow/dags/list_s3_bucket_files_dag.py
[2026-02-07T06:46:20.726+0000] {processor.py:830} INFO - Processing file /home/cloud/codings/airflow/dags/list_s3_bucket_files_dag.py for tasks to queue
[2026-02-07T06:46:20.727+0000] {logging_mixin.py:188} INFO - [2026-02-07T06:46:20.727+0000] {dagbag.py:545} INFO - Filling up the DagBag from /home/cloud/codings/airflow/dags/list_s3_bucket_files_dag.py
[2026-02-07T06:46:20.737+0000] {processor.py:840} INFO - DAG(s) 'list_s3_bucket_files_dag' retrieved from /home/cloud/codings/airflow/dags/list_s3_bucket_files_dag.py
[2026-02-07T06:46:20.756+0000] {logging_mixin.py:188} INFO - [2026-02-07T06:46:20.756+0000] {dag.py:3089} INFO - Sync 1 DAGs
[2026-02-07T06:46:20.771+0000] {logging_mixin.py:188} INFO - [2026-02-07T06:46:20.771+0000] {dag.py:3947} INFO - Setting next_dagrun for list_s3_bucket_files_dag to None, run_after=None
[2026-02-07T06:46:20.795+0000] {processor.py:183} INFO - Processing /home/cloud/codings/airflow/dags/list_s3_bucket_files_dag.py took 0.076 seconds
[2026-02-07T06:46:51.681+0000] {processor.py:161} INFO - Started process (PID=126457) to work on /home/cloud/codings/airflow/dags/list_s3_bucket_files_dag.py
[2026-02-07T06:46:51.682+0000] {processor.py:830} INFO - Processing file /home/cloud/codings/airflow/dags/list_s3_bucket_files_dag.py for tasks to queue
[2026-02-07T06:46:51.683+0000] {logging_mixin.py:188} INFO - [2026-02-07T06:46:51.682+0000] {dagbag.py:545} INFO - Filling up the DagBag from /home/cloud/codings/airflow/dags/list_s3_bucket_files_dag.py
[2026-02-07T06:46:51.694+0000] {processor.py:840} INFO - DAG(s) 'list_s3_bucket_files_dag' retrieved from /home/cloud/codings/airflow/dags/list_s3_bucket_files_dag.py
[2026-02-07T06:46:51.716+0000] {logging_mixin.py:188} INFO - [2026-02-07T06:46:51.716+0000] {dag.py:3089} INFO - Sync 1 DAGs
[2026-02-07T06:46:51.732+0000] {logging_mixin.py:188} INFO - [2026-02-07T06:46:51.732+0000] {dag.py:3947} INFO - Setting next_dagrun for list_s3_bucket_files_dag to None, run_after=None
[2026-02-07T06:46:51.756+0000] {processor.py:183} INFO - Processing /home/cloud/codings/airflow/dags/list_s3_bucket_files_dag.py took 0.082 seconds
[2026-02-07T06:47:22.655+0000] {processor.py:161} INFO - Started process (PID=126465) to work on /home/cloud/codings/airflow/dags/list_s3_bucket_files_dag.py
[2026-02-07T06:47:22.660+0000] {processor.py:830} INFO - Processing file /home/cloud/codings/airflow/dags/list_s3_bucket_files_dag.py for tasks to queue
[2026-02-07T06:47:22.661+0000] {logging_mixin.py:188} INFO - [2026-02-07T06:47:22.661+0000] {dagbag.py:545} INFO - Filling up the DagBag from /home/cloud/codings/airflow/dags/list_s3_bucket_files_dag.py
[2026-02-07T06:47:22.674+0000] {processor.py:840} INFO - DAG(s) 'list_s3_bucket_files_dag' retrieved from /home/cloud/codings/airflow/dags/list_s3_bucket_files_dag.py
[2026-02-07T06:47:22.700+0000] {logging_mixin.py:188} INFO - [2026-02-07T06:47:22.699+0000] {dag.py:3089} INFO - Sync 1 DAGs
[2026-02-07T06:47:22.718+0000] {logging_mixin.py:188} INFO - [2026-02-07T06:47:22.717+0000] {dag.py:3947} INFO - Setting next_dagrun for list_s3_bucket_files_dag to None, run_after=None
[2026-02-07T06:47:22.745+0000] {processor.py:183} INFO - Processing /home/cloud/codings/airflow/dags/list_s3_bucket_files_dag.py took 0.097 seconds
[2026-02-07T06:47:53.656+0000] {processor.py:161} INFO - Started process (PID=126473) to work on /home/cloud/codings/airflow/dags/list_s3_bucket_files_dag.py
[2026-02-07T06:47:53.657+0000] {processor.py:830} INFO - Processing file /home/cloud/codings/airflow/dags/list_s3_bucket_files_dag.py for tasks to queue
[2026-02-07T06:47:53.658+0000] {logging_mixin.py:188} INFO - [2026-02-07T06:47:53.658+0000] {dagbag.py:545} INFO - Filling up the DagBag from /home/cloud/codings/airflow/dags/list_s3_bucket_files_dag.py
[2026-02-07T06:47:53.668+0000] {processor.py:840} INFO - DAG(s) 'list_s3_bucket_files_dag' retrieved from /home/cloud/codings/airflow/dags/list_s3_bucket_files_dag.py
[2026-02-07T06:47:53.688+0000] {logging_mixin.py:188} INFO - [2026-02-07T06:47:53.688+0000] {dag.py:3089} INFO - Sync 1 DAGs
[2026-02-07T06:47:53.705+0000] {logging_mixin.py:188} INFO - [2026-02-07T06:47:53.704+0000] {dag.py:3947} INFO - Setting next_dagrun for list_s3_bucket_files_dag to None, run_after=None
[2026-02-07T06:47:53.730+0000] {processor.py:183} INFO - Processing /home/cloud/codings/airflow/dags/list_s3_bucket_files_dag.py took 0.080 seconds
[2026-02-07T06:48:24.676+0000] {processor.py:161} INFO - Started process (PID=126481) to work on /home/cloud/codings/airflow/dags/list_s3_bucket_files_dag.py
[2026-02-07T06:48:24.681+0000] {processor.py:830} INFO - Processing file /home/cloud/codings/airflow/dags/list_s3_bucket_files_dag.py for tasks to queue
[2026-02-07T06:48:24.682+0000] {logging_mixin.py:188} INFO - [2026-02-07T06:48:24.681+0000] {dagbag.py:545} INFO - Filling up the DagBag from /home/cloud/codings/airflow/dags/list_s3_bucket_files_dag.py
[2026-02-07T06:48:24.693+0000] {processor.py:840} INFO - DAG(s) 'list_s3_bucket_files_dag' retrieved from /home/cloud/codings/airflow/dags/list_s3_bucket_files_dag.py
[2026-02-07T06:48:24.719+0000] {logging_mixin.py:188} INFO - [2026-02-07T06:48:24.719+0000] {dag.py:3089} INFO - Sync 1 DAGs
[2026-02-07T06:48:24.735+0000] {logging_mixin.py:188} INFO - [2026-02-07T06:48:24.735+0000] {dag.py:3947} INFO - Setting next_dagrun for list_s3_bucket_files_dag to None, run_after=None
[2026-02-07T06:48:24.762+0000] {processor.py:183} INFO - Processing /home/cloud/codings/airflow/dags/list_s3_bucket_files_dag.py took 0.093 seconds
[2026-02-07T06:48:55.808+0000] {processor.py:161} INFO - Started process (PID=126489) to work on /home/cloud/codings/airflow/dags/list_s3_bucket_files_dag.py
[2026-02-07T06:48:55.814+0000] {processor.py:830} INFO - Processing file /home/cloud/codings/airflow/dags/list_s3_bucket_files_dag.py for tasks to queue
[2026-02-07T06:48:55.815+0000] {logging_mixin.py:188} INFO - [2026-02-07T06:48:55.815+0000] {dagbag.py:545} INFO - Filling up the DagBag from /home/cloud/codings/airflow/dags/list_s3_bucket_files_dag.py
[2026-02-07T06:48:55.828+0000] {processor.py:840} INFO - DAG(s) 'list_s3_bucket_files_dag' retrieved from /home/cloud/codings/airflow/dags/list_s3_bucket_files_dag.py
[2026-02-07T06:48:55.853+0000] {logging_mixin.py:188} INFO - [2026-02-07T06:48:55.852+0000] {dag.py:3089} INFO - Sync 1 DAGs
[2026-02-07T06:48:55.868+0000] {logging_mixin.py:188} INFO - [2026-02-07T06:48:55.868+0000] {dag.py:3947} INFO - Setting next_dagrun for list_s3_bucket_files_dag to None, run_after=None
[2026-02-07T06:48:55.894+0000] {processor.py:183} INFO - Processing /home/cloud/codings/airflow/dags/list_s3_bucket_files_dag.py took 0.093 seconds
[2026-02-07T06:49:25.916+0000] {processor.py:161} INFO - Started process (PID=126498) to work on /home/cloud/codings/airflow/dags/list_s3_bucket_files_dag.py
[2026-02-07T06:49:25.917+0000] {processor.py:830} INFO - Processing file /home/cloud/codings/airflow/dags/list_s3_bucket_files_dag.py for tasks to queue
[2026-02-07T06:49:25.918+0000] {logging_mixin.py:188} INFO - [2026-02-07T06:49:25.918+0000] {dagbag.py:545} INFO - Filling up the DagBag from /home/cloud/codings/airflow/dags/list_s3_bucket_files_dag.py
[2026-02-07T06:49:25.929+0000] {processor.py:840} INFO - DAG(s) 'list_s3_bucket_files_dag' retrieved from /home/cloud/codings/airflow/dags/list_s3_bucket_files_dag.py
[2026-02-07T06:49:25.954+0000] {logging_mixin.py:188} INFO - [2026-02-07T06:49:25.954+0000] {dag.py:3089} INFO - Sync 1 DAGs
[2026-02-07T06:49:25.970+0000] {logging_mixin.py:188} INFO - [2026-02-07T06:49:25.970+0000] {dag.py:3947} INFO - Setting next_dagrun for list_s3_bucket_files_dag to None, run_after=None
[2026-02-07T06:49:25.994+0000] {processor.py:183} INFO - Processing /home/cloud/codings/airflow/dags/list_s3_bucket_files_dag.py took 0.084 seconds
[2026-02-07T06:49:56.091+0000] {processor.py:161} INFO - Started process (PID=126506) to work on /home/cloud/codings/airflow/dags/list_s3_bucket_files_dag.py
[2026-02-07T06:49:56.096+0000] {processor.py:830} INFO - Processing file /home/cloud/codings/airflow/dags/list_s3_bucket_files_dag.py for tasks to queue
[2026-02-07T06:49:56.097+0000] {logging_mixin.py:188} INFO - [2026-02-07T06:49:56.096+0000] {dagbag.py:545} INFO - Filling up the DagBag from /home/cloud/codings/airflow/dags/list_s3_bucket_files_dag.py
[2026-02-07T06:49:56.110+0000] {processor.py:840} INFO - DAG(s) 'list_s3_bucket_files_dag' retrieved from /home/cloud/codings/airflow/dags/list_s3_bucket_files_dag.py
[2026-02-07T06:49:56.136+0000] {logging_mixin.py:188} INFO - [2026-02-07T06:49:56.136+0000] {dag.py:3089} INFO - Sync 1 DAGs
[2026-02-07T06:49:56.153+0000] {logging_mixin.py:188} INFO - [2026-02-07T06:49:56.153+0000] {dag.py:3947} INFO - Setting next_dagrun for list_s3_bucket_files_dag to None, run_after=None
[2026-02-07T06:49:56.179+0000] {processor.py:183} INFO - Processing /home/cloud/codings/airflow/dags/list_s3_bucket_files_dag.py took 0.095 seconds
[2026-02-07T06:50:26.540+0000] {processor.py:161} INFO - Started process (PID=126515) to work on /home/cloud/codings/airflow/dags/list_s3_bucket_files_dag.py
[2026-02-07T06:50:26.541+0000] {processor.py:830} INFO - Processing file /home/cloud/codings/airflow/dags/list_s3_bucket_files_dag.py for tasks to queue
[2026-02-07T06:50:26.542+0000] {logging_mixin.py:188} INFO - [2026-02-07T06:50:26.541+0000] {dagbag.py:545} INFO - Filling up the DagBag from /home/cloud/codings/airflow/dags/list_s3_bucket_files_dag.py
[2026-02-07T06:50:26.552+0000] {processor.py:840} INFO - DAG(s) 'list_s3_bucket_files_dag' retrieved from /home/cloud/codings/airflow/dags/list_s3_bucket_files_dag.py
[2026-02-07T06:50:26.577+0000] {logging_mixin.py:188} INFO - [2026-02-07T06:50:26.577+0000] {dag.py:3089} INFO - Sync 1 DAGs
[2026-02-07T06:50:26.593+0000] {logging_mixin.py:188} INFO - [2026-02-07T06:50:26.593+0000] {dag.py:3947} INFO - Setting next_dagrun for list_s3_bucket_files_dag to None, run_after=None
[2026-02-07T06:50:26.620+0000] {processor.py:183} INFO - Processing /home/cloud/codings/airflow/dags/list_s3_bucket_files_dag.py took 0.087 seconds
[2026-02-07T06:50:56.901+0000] {processor.py:161} INFO - Started process (PID=126521) to work on /home/cloud/codings/airflow/dags/list_s3_bucket_files_dag.py
[2026-02-07T06:50:56.902+0000] {processor.py:830} INFO - Processing file /home/cloud/codings/airflow/dags/list_s3_bucket_files_dag.py for tasks to queue
[2026-02-07T06:50:56.903+0000] {logging_mixin.py:188} INFO - [2026-02-07T06:50:56.903+0000] {dagbag.py:545} INFO - Filling up the DagBag from /home/cloud/codings/airflow/dags/list_s3_bucket_files_dag.py
[2026-02-07T06:50:56.916+0000] {processor.py:840} INFO - DAG(s) 'list_s3_bucket_files_dag' retrieved from /home/cloud/codings/airflow/dags/list_s3_bucket_files_dag.py
[2026-02-07T06:50:56.947+0000] {logging_mixin.py:188} INFO - [2026-02-07T06:50:56.947+0000] {dag.py:3089} INFO - Sync 1 DAGs
[2026-02-07T06:50:56.966+0000] {logging_mixin.py:188} INFO - [2026-02-07T06:50:56.965+0000] {dag.py:3947} INFO - Setting next_dagrun for list_s3_bucket_files_dag to None, run_after=None
[2026-02-07T06:50:56.994+0000] {processor.py:183} INFO - Processing /home/cloud/codings/airflow/dags/list_s3_bucket_files_dag.py took 0.101 seconds
[2026-02-07T06:51:27.177+0000] {processor.py:161} INFO - Started process (PID=126529) to work on /home/cloud/codings/airflow/dags/list_s3_bucket_files_dag.py
[2026-02-07T06:51:27.178+0000] {processor.py:830} INFO - Processing file /home/cloud/codings/airflow/dags/list_s3_bucket_files_dag.py for tasks to queue
[2026-02-07T06:51:27.179+0000] {logging_mixin.py:188} INFO - [2026-02-07T06:51:27.179+0000] {dagbag.py:545} INFO - Filling up the DagBag from /home/cloud/codings/airflow/dags/list_s3_bucket_files_dag.py
[2026-02-07T06:51:27.191+0000] {processor.py:840} INFO - DAG(s) 'list_s3_bucket_files_dag' retrieved from /home/cloud/codings/airflow/dags/list_s3_bucket_files_dag.py
[2026-02-07T06:51:27.216+0000] {logging_mixin.py:188} INFO - [2026-02-07T06:51:27.215+0000] {dag.py:3089} INFO - Sync 1 DAGs
[2026-02-07T06:51:27.231+0000] {logging_mixin.py:188} INFO - [2026-02-07T06:51:27.231+0000] {dag.py:3947} INFO - Setting next_dagrun for list_s3_bucket_files_dag to None, run_after=None
[2026-02-07T06:51:27.256+0000] {processor.py:183} INFO - Processing /home/cloud/codings/airflow/dags/list_s3_bucket_files_dag.py took 0.087 seconds
[2026-02-07T06:51:57.425+0000] {processor.py:161} INFO - Started process (PID=126539) to work on /home/cloud/codings/airflow/dags/list_s3_bucket_files_dag.py
[2026-02-07T06:51:57.426+0000] {processor.py:830} INFO - Processing file /home/cloud/codings/airflow/dags/list_s3_bucket_files_dag.py for tasks to queue
[2026-02-07T06:51:57.427+0000] {logging_mixin.py:188} INFO - [2026-02-07T06:51:57.426+0000] {dagbag.py:545} INFO - Filling up the DagBag from /home/cloud/codings/airflow/dags/list_s3_bucket_files_dag.py
[2026-02-07T06:51:57.438+0000] {processor.py:840} INFO - DAG(s) 'list_s3_bucket_files_dag' retrieved from /home/cloud/codings/airflow/dags/list_s3_bucket_files_dag.py
[2026-02-07T06:51:57.465+0000] {logging_mixin.py:188} INFO - [2026-02-07T06:51:57.465+0000] {dag.py:3089} INFO - Sync 1 DAGs
[2026-02-07T06:51:57.481+0000] {logging_mixin.py:188} INFO - [2026-02-07T06:51:57.481+0000] {dag.py:3947} INFO - Setting next_dagrun for list_s3_bucket_files_dag to None, run_after=None
[2026-02-07T06:51:57.510+0000] {processor.py:183} INFO - Processing /home/cloud/codings/airflow/dags/list_s3_bucket_files_dag.py took 0.092 seconds
[2026-02-07T06:52:27.931+0000] {processor.py:161} INFO - Started process (PID=126547) to work on /home/cloud/codings/airflow/dags/list_s3_bucket_files_dag.py
[2026-02-07T06:52:27.932+0000] {processor.py:830} INFO - Processing file /home/cloud/codings/airflow/dags/list_s3_bucket_files_dag.py for tasks to queue
[2026-02-07T06:52:27.933+0000] {logging_mixin.py:188} INFO - [2026-02-07T06:52:27.933+0000] {dagbag.py:545} INFO - Filling up the DagBag from /home/cloud/codings/airflow/dags/list_s3_bucket_files_dag.py
[2026-02-07T06:52:27.943+0000] {processor.py:840} INFO - DAG(s) 'list_s3_bucket_files_dag' retrieved from /home/cloud/codings/airflow/dags/list_s3_bucket_files_dag.py
[2026-02-07T06:52:27.968+0000] {logging_mixin.py:188} INFO - [2026-02-07T06:52:27.968+0000] {dag.py:3089} INFO - Sync 1 DAGs
[2026-02-07T06:52:27.984+0000] {logging_mixin.py:188} INFO - [2026-02-07T06:52:27.984+0000] {dag.py:3947} INFO - Setting next_dagrun for list_s3_bucket_files_dag to None, run_after=None
[2026-02-07T06:52:28.009+0000] {processor.py:183} INFO - Processing /home/cloud/codings/airflow/dags/list_s3_bucket_files_dag.py took 0.084 seconds
[2026-02-07T06:52:58.669+0000] {processor.py:161} INFO - Started process (PID=126553) to work on /home/cloud/codings/airflow/dags/list_s3_bucket_files_dag.py
[2026-02-07T06:52:58.673+0000] {processor.py:830} INFO - Processing file /home/cloud/codings/airflow/dags/list_s3_bucket_files_dag.py for tasks to queue
[2026-02-07T06:52:58.674+0000] {logging_mixin.py:188} INFO - [2026-02-07T06:52:58.674+0000] {dagbag.py:545} INFO - Filling up the DagBag from /home/cloud/codings/airflow/dags/list_s3_bucket_files_dag.py
[2026-02-07T06:52:58.685+0000] {processor.py:840} INFO - DAG(s) 'list_s3_bucket_files_dag' retrieved from /home/cloud/codings/airflow/dags/list_s3_bucket_files_dag.py
[2026-02-07T06:52:58.709+0000] {logging_mixin.py:188} INFO - [2026-02-07T06:52:58.709+0000] {dag.py:3089} INFO - Sync 1 DAGs
[2026-02-07T06:52:58.724+0000] {logging_mixin.py:188} INFO - [2026-02-07T06:52:58.724+0000] {dag.py:3947} INFO - Setting next_dagrun for list_s3_bucket_files_dag to None, run_after=None
[2026-02-07T06:52:58.750+0000] {processor.py:183} INFO - Processing /home/cloud/codings/airflow/dags/list_s3_bucket_files_dag.py took 0.088 seconds
[2026-02-07T06:53:29.016+0000] {processor.py:161} INFO - Started process (PID=126561) to work on /home/cloud/codings/airflow/dags/list_s3_bucket_files_dag.py
[2026-02-07T06:53:29.017+0000] {processor.py:830} INFO - Processing file /home/cloud/codings/airflow/dags/list_s3_bucket_files_dag.py for tasks to queue
[2026-02-07T06:53:29.018+0000] {logging_mixin.py:188} INFO - [2026-02-07T06:53:29.018+0000] {dagbag.py:545} INFO - Filling up the DagBag from /home/cloud/codings/airflow/dags/list_s3_bucket_files_dag.py
[2026-02-07T06:53:29.029+0000] {processor.py:840} INFO - DAG(s) 'list_s3_bucket_files_dag' retrieved from /home/cloud/codings/airflow/dags/list_s3_bucket_files_dag.py
[2026-02-07T06:53:29.055+0000] {logging_mixin.py:188} INFO - [2026-02-07T06:53:29.055+0000] {dag.py:3089} INFO - Sync 1 DAGs
[2026-02-07T06:53:29.071+0000] {logging_mixin.py:188} INFO - [2026-02-07T06:53:29.071+0000] {dag.py:3947} INFO - Setting next_dagrun for list_s3_bucket_files_dag to None, run_after=None
[2026-02-07T06:53:29.097+0000] {processor.py:183} INFO - Processing /home/cloud/codings/airflow/dags/list_s3_bucket_files_dag.py took 0.088 seconds
[2026-02-07T06:53:59.878+0000] {processor.py:161} INFO - Started process (PID=126568) to work on /home/cloud/codings/airflow/dags/list_s3_bucket_files_dag.py
[2026-02-07T06:53:59.880+0000] {processor.py:830} INFO - Processing file /home/cloud/codings/airflow/dags/list_s3_bucket_files_dag.py for tasks to queue
[2026-02-07T06:53:59.881+0000] {logging_mixin.py:188} INFO - [2026-02-07T06:53:59.880+0000] {dagbag.py:545} INFO - Filling up the DagBag from /home/cloud/codings/airflow/dags/list_s3_bucket_files_dag.py
[2026-02-07T06:53:59.892+0000] {processor.py:840} INFO - DAG(s) 'list_s3_bucket_files_dag' retrieved from /home/cloud/codings/airflow/dags/list_s3_bucket_files_dag.py
[2026-02-07T06:53:59.919+0000] {logging_mixin.py:188} INFO - [2026-02-07T06:53:59.919+0000] {dag.py:3089} INFO - Sync 1 DAGs
[2026-02-07T06:53:59.937+0000] {logging_mixin.py:188} INFO - [2026-02-07T06:53:59.937+0000] {dag.py:3947} INFO - Setting next_dagrun for list_s3_bucket_files_dag to None, run_after=None
[2026-02-07T06:53:59.963+0000] {processor.py:183} INFO - Processing /home/cloud/codings/airflow/dags/list_s3_bucket_files_dag.py took 0.092 seconds
[2026-02-07T06:54:30.275+0000] {processor.py:161} INFO - Started process (PID=126577) to work on /home/cloud/codings/airflow/dags/list_s3_bucket_files_dag.py
[2026-02-07T06:54:30.339+0000] {processor.py:830} INFO - Processing file /home/cloud/codings/airflow/dags/list_s3_bucket_files_dag.py for tasks to queue
[2026-02-07T06:54:30.340+0000] {logging_mixin.py:188} INFO - [2026-02-07T06:54:30.340+0000] {dagbag.py:545} INFO - Filling up the DagBag from /home/cloud/codings/airflow/dags/list_s3_bucket_files_dag.py
[2026-02-07T06:54:30.351+0000] {processor.py:840} INFO - DAG(s) 'list_s3_bucket_files_dag' retrieved from /home/cloud/codings/airflow/dags/list_s3_bucket_files_dag.py
[2026-02-07T06:54:30.378+0000] {logging_mixin.py:188} INFO - [2026-02-07T06:54:30.378+0000] {dag.py:3089} INFO - Sync 1 DAGs
[2026-02-07T06:54:30.393+0000] {logging_mixin.py:188} INFO - [2026-02-07T06:54:30.393+0000] {dag.py:3947} INFO - Setting next_dagrun for list_s3_bucket_files_dag to None, run_after=None
[2026-02-07T06:54:30.418+0000] {processor.py:183} INFO - Processing /home/cloud/codings/airflow/dags/list_s3_bucket_files_dag.py took 0.149 seconds
[2026-02-07T06:55:01.498+0000] {processor.py:161} INFO - Started process (PID=126588) to work on /home/cloud/codings/airflow/dags/list_s3_bucket_files_dag.py
[2026-02-07T06:55:01.499+0000] {processor.py:830} INFO - Processing file /home/cloud/codings/airflow/dags/list_s3_bucket_files_dag.py for tasks to queue
[2026-02-07T06:55:01.500+0000] {logging_mixin.py:188} INFO - [2026-02-07T06:55:01.500+0000] {dagbag.py:545} INFO - Filling up the DagBag from /home/cloud/codings/airflow/dags/list_s3_bucket_files_dag.py
[2026-02-07T06:55:01.512+0000] {processor.py:840} INFO - DAG(s) 'list_s3_bucket_files_dag' retrieved from /home/cloud/codings/airflow/dags/list_s3_bucket_files_dag.py
[2026-02-07T06:55:01.539+0000] {logging_mixin.py:188} INFO - [2026-02-07T06:55:01.539+0000] {dag.py:3089} INFO - Sync 1 DAGs
[2026-02-07T06:55:01.555+0000] {logging_mixin.py:188} INFO - [2026-02-07T06:55:01.555+0000] {dag.py:3947} INFO - Setting next_dagrun for list_s3_bucket_files_dag to None, run_after=None
[2026-02-07T06:55:01.582+0000] {processor.py:183} INFO - Processing /home/cloud/codings/airflow/dags/list_s3_bucket_files_dag.py took 0.091 seconds
[2026-02-07T06:55:31.716+0000] {processor.py:161} INFO - Started process (PID=126596) to work on /home/cloud/codings/airflow/dags/list_s3_bucket_files_dag.py
[2026-02-07T06:55:31.718+0000] {processor.py:830} INFO - Processing file /home/cloud/codings/airflow/dags/list_s3_bucket_files_dag.py for tasks to queue
[2026-02-07T06:55:31.719+0000] {logging_mixin.py:188} INFO - [2026-02-07T06:55:31.718+0000] {dagbag.py:545} INFO - Filling up the DagBag from /home/cloud/codings/airflow/dags/list_s3_bucket_files_dag.py
[2026-02-07T06:55:31.730+0000] {processor.py:840} INFO - DAG(s) 'list_s3_bucket_files_dag' retrieved from /home/cloud/codings/airflow/dags/list_s3_bucket_files_dag.py
[2026-02-07T06:55:31.755+0000] {logging_mixin.py:188} INFO - [2026-02-07T06:55:31.755+0000] {dag.py:3089} INFO - Sync 1 DAGs
[2026-02-07T06:55:31.771+0000] {logging_mixin.py:188} INFO - [2026-02-07T06:55:31.770+0000] {dag.py:3947} INFO - Setting next_dagrun for list_s3_bucket_files_dag to None, run_after=None
[2026-02-07T06:55:31.795+0000] {processor.py:183} INFO - Processing /home/cloud/codings/airflow/dags/list_s3_bucket_files_dag.py took 0.084 seconds
[2026-02-07T06:56:01.965+0000] {processor.py:161} INFO - Started process (PID=126606) to work on /home/cloud/codings/airflow/dags/list_s3_bucket_files_dag.py
[2026-02-07T06:56:01.965+0000] {processor.py:830} INFO - Processing file /home/cloud/codings/airflow/dags/list_s3_bucket_files_dag.py for tasks to queue
[2026-02-07T06:56:01.966+0000] {logging_mixin.py:188} INFO - [2026-02-07T06:56:01.966+0000] {dagbag.py:545} INFO - Filling up the DagBag from /home/cloud/codings/airflow/dags/list_s3_bucket_files_dag.py
[2026-02-07T06:56:01.977+0000] {processor.py:840} INFO - DAG(s) 'list_s3_bucket_files_dag' retrieved from /home/cloud/codings/airflow/dags/list_s3_bucket_files_dag.py
[2026-02-07T06:56:02.002+0000] {logging_mixin.py:188} INFO - [2026-02-07T06:56:02.002+0000] {dag.py:3089} INFO - Sync 1 DAGs
[2026-02-07T06:56:02.018+0000] {logging_mixin.py:188} INFO - [2026-02-07T06:56:02.018+0000] {dag.py:3947} INFO - Setting next_dagrun for list_s3_bucket_files_dag to None, run_after=None
[2026-02-07T06:56:02.043+0000] {processor.py:183} INFO - Processing /home/cloud/codings/airflow/dags/list_s3_bucket_files_dag.py took 0.084 seconds
[2026-02-07T06:56:32.295+0000] {processor.py:161} INFO - Started process (PID=126614) to work on /home/cloud/codings/airflow/dags/list_s3_bucket_files_dag.py
[2026-02-07T06:56:32.297+0000] {processor.py:830} INFO - Processing file /home/cloud/codings/airflow/dags/list_s3_bucket_files_dag.py for tasks to queue
[2026-02-07T06:56:32.298+0000] {logging_mixin.py:188} INFO - [2026-02-07T06:56:32.297+0000] {dagbag.py:545} INFO - Filling up the DagBag from /home/cloud/codings/airflow/dags/list_s3_bucket_files_dag.py
[2026-02-07T06:56:32.308+0000] {processor.py:840} INFO - DAG(s) 'list_s3_bucket_files_dag' retrieved from /home/cloud/codings/airflow/dags/list_s3_bucket_files_dag.py
[2026-02-07T06:56:32.331+0000] {logging_mixin.py:188} INFO - [2026-02-07T06:56:32.331+0000] {dag.py:3089} INFO - Sync 1 DAGs
[2026-02-07T06:56:32.346+0000] {logging_mixin.py:188} INFO - [2026-02-07T06:56:32.346+0000] {dag.py:3947} INFO - Setting next_dagrun for list_s3_bucket_files_dag to None, run_after=None
[2026-02-07T06:56:32.371+0000] {processor.py:183} INFO - Processing /home/cloud/codings/airflow/dags/list_s3_bucket_files_dag.py took 0.082 seconds
[2026-02-07T06:57:02.442+0000] {processor.py:161} INFO - Started process (PID=126620) to work on /home/cloud/codings/airflow/dags/list_s3_bucket_files_dag.py
[2026-02-07T06:57:02.443+0000] {processor.py:830} INFO - Processing file /home/cloud/codings/airflow/dags/list_s3_bucket_files_dag.py for tasks to queue
[2026-02-07T06:57:02.445+0000] {logging_mixin.py:188} INFO - [2026-02-07T06:57:02.444+0000] {dagbag.py:545} INFO - Filling up the DagBag from /home/cloud/codings/airflow/dags/list_s3_bucket_files_dag.py
[2026-02-07T06:57:02.457+0000] {processor.py:840} INFO - DAG(s) 'list_s3_bucket_files_dag' retrieved from /home/cloud/codings/airflow/dags/list_s3_bucket_files_dag.py
[2026-02-07T06:57:02.485+0000] {logging_mixin.py:188} INFO - [2026-02-07T06:57:02.485+0000] {dag.py:3089} INFO - Sync 1 DAGs
[2026-02-07T06:57:02.504+0000] {logging_mixin.py:188} INFO - [2026-02-07T06:57:02.504+0000] {dag.py:3947} INFO - Setting next_dagrun for list_s3_bucket_files_dag to None, run_after=None
[2026-02-07T06:57:02.533+0000] {processor.py:183} INFO - Processing /home/cloud/codings/airflow/dags/list_s3_bucket_files_dag.py took 0.099 seconds
[2026-02-07T06:57:32.970+0000] {processor.py:161} INFO - Started process (PID=126628) to work on /home/cloud/codings/airflow/dags/list_s3_bucket_files_dag.py
[2026-02-07T06:57:32.972+0000] {processor.py:830} INFO - Processing file /home/cloud/codings/airflow/dags/list_s3_bucket_files_dag.py for tasks to queue
[2026-02-07T06:57:32.972+0000] {logging_mixin.py:188} INFO - [2026-02-07T06:57:32.972+0000] {dagbag.py:545} INFO - Filling up the DagBag from /home/cloud/codings/airflow/dags/list_s3_bucket_files_dag.py
[2026-02-07T06:57:32.983+0000] {processor.py:840} INFO - DAG(s) 'list_s3_bucket_files_dag' retrieved from /home/cloud/codings/airflow/dags/list_s3_bucket_files_dag.py
[2026-02-07T06:57:33.008+0000] {logging_mixin.py:188} INFO - [2026-02-07T06:57:33.008+0000] {dag.py:3089} INFO - Sync 1 DAGs
[2026-02-07T06:57:33.025+0000] {logging_mixin.py:188} INFO - [2026-02-07T06:57:33.025+0000] {dag.py:3947} INFO - Setting next_dagrun for list_s3_bucket_files_dag to None, run_after=None
[2026-02-07T06:57:33.053+0000] {processor.py:183} INFO - Processing /home/cloud/codings/airflow/dags/list_s3_bucket_files_dag.py took 0.089 seconds
[2026-02-07T06:58:03.348+0000] {processor.py:161} INFO - Started process (PID=126638) to work on /home/cloud/codings/airflow/dags/list_s3_bucket_files_dag.py
[2026-02-07T06:58:03.349+0000] {processor.py:830} INFO - Processing file /home/cloud/codings/airflow/dags/list_s3_bucket_files_dag.py for tasks to queue
[2026-02-07T06:58:03.350+0000] {logging_mixin.py:188} INFO - [2026-02-07T06:58:03.350+0000] {dagbag.py:545} INFO - Filling up the DagBag from /home/cloud/codings/airflow/dags/list_s3_bucket_files_dag.py
[2026-02-07T06:58:03.361+0000] {processor.py:840} INFO - DAG(s) 'list_s3_bucket_files_dag' retrieved from /home/cloud/codings/airflow/dags/list_s3_bucket_files_dag.py
[2026-02-07T06:58:03.386+0000] {logging_mixin.py:188} INFO - [2026-02-07T06:58:03.386+0000] {dag.py:3089} INFO - Sync 1 DAGs
[2026-02-07T06:58:03.407+0000] {logging_mixin.py:188} INFO - [2026-02-07T06:58:03.407+0000] {dag.py:3947} INFO - Setting next_dagrun for list_s3_bucket_files_dag to None, run_after=None
[2026-02-07T06:58:03.436+0000] {processor.py:183} INFO - Processing /home/cloud/codings/airflow/dags/list_s3_bucket_files_dag.py took 0.095 seconds
[2026-02-07T06:58:34.575+0000] {processor.py:161} INFO - Started process (PID=126646) to work on /home/cloud/codings/airflow/dags/list_s3_bucket_files_dag.py
[2026-02-07T06:58:34.577+0000] {processor.py:830} INFO - Processing file /home/cloud/codings/airflow/dags/list_s3_bucket_files_dag.py for tasks to queue
[2026-02-07T06:58:34.578+0000] {logging_mixin.py:188} INFO - [2026-02-07T06:58:34.577+0000] {dagbag.py:545} INFO - Filling up the DagBag from /home/cloud/codings/airflow/dags/list_s3_bucket_files_dag.py
[2026-02-07T06:58:34.588+0000] {processor.py:840} INFO - DAG(s) 'list_s3_bucket_files_dag' retrieved from /home/cloud/codings/airflow/dags/list_s3_bucket_files_dag.py
[2026-02-07T06:58:34.611+0000] {logging_mixin.py:188} INFO - [2026-02-07T06:58:34.611+0000] {dag.py:3089} INFO - Sync 1 DAGs
[2026-02-07T06:58:34.627+0000] {logging_mixin.py:188} INFO - [2026-02-07T06:58:34.626+0000] {dag.py:3947} INFO - Setting next_dagrun for list_s3_bucket_files_dag to None, run_after=None
[2026-02-07T06:58:34.651+0000] {processor.py:183} INFO - Processing /home/cloud/codings/airflow/dags/list_s3_bucket_files_dag.py took 0.082 seconds
[2026-02-07T06:59:04.834+0000] {processor.py:161} INFO - Started process (PID=126652) to work on /home/cloud/codings/airflow/dags/list_s3_bucket_files_dag.py
[2026-02-07T06:59:04.835+0000] {processor.py:830} INFO - Processing file /home/cloud/codings/airflow/dags/list_s3_bucket_files_dag.py for tasks to queue
[2026-02-07T06:59:04.836+0000] {logging_mixin.py:188} INFO - [2026-02-07T06:59:04.835+0000] {dagbag.py:545} INFO - Filling up the DagBag from /home/cloud/codings/airflow/dags/list_s3_bucket_files_dag.py
[2026-02-07T06:59:04.846+0000] {processor.py:840} INFO - DAG(s) 'list_s3_bucket_files_dag' retrieved from /home/cloud/codings/airflow/dags/list_s3_bucket_files_dag.py
[2026-02-07T06:59:04.871+0000] {logging_mixin.py:188} INFO - [2026-02-07T06:59:04.871+0000] {dag.py:3089} INFO - Sync 1 DAGs
[2026-02-07T06:59:04.887+0000] {logging_mixin.py:188} INFO - [2026-02-07T06:59:04.887+0000] {dag.py:3947} INFO - Setting next_dagrun for list_s3_bucket_files_dag to None, run_after=None
[2026-02-07T06:59:04.913+0000] {processor.py:183} INFO - Processing /home/cloud/codings/airflow/dags/list_s3_bucket_files_dag.py took 0.085 seconds
[2026-02-07T06:59:34.995+0000] {processor.py:161} INFO - Started process (PID=126660) to work on /home/cloud/codings/airflow/dags/list_s3_bucket_files_dag.py
[2026-02-07T06:59:35.000+0000] {processor.py:830} INFO - Processing file /home/cloud/codings/airflow/dags/list_s3_bucket_files_dag.py for tasks to queue
[2026-02-07T06:59:35.001+0000] {logging_mixin.py:188} INFO - [2026-02-07T06:59:35.001+0000] {dagbag.py:545} INFO - Filling up the DagBag from /home/cloud/codings/airflow/dags/list_s3_bucket_files_dag.py
[2026-02-07T06:59:35.011+0000] {processor.py:840} INFO - DAG(s) 'list_s3_bucket_files_dag' retrieved from /home/cloud/codings/airflow/dags/list_s3_bucket_files_dag.py
[2026-02-07T06:59:35.035+0000] {logging_mixin.py:188} INFO - [2026-02-07T06:59:35.035+0000] {dag.py:3089} INFO - Sync 1 DAGs
[2026-02-07T06:59:35.050+0000] {logging_mixin.py:188} INFO - [2026-02-07T06:59:35.050+0000] {dag.py:3947} INFO - Setting next_dagrun for list_s3_bucket_files_dag to None, run_after=None
[2026-02-07T06:59:35.073+0000] {processor.py:183} INFO - Processing /home/cloud/codings/airflow/dags/list_s3_bucket_files_dag.py took 0.084 seconds
[2026-02-07T07:00:05.115+0000] {processor.py:161} INFO - Started process (PID=126671) to work on /home/cloud/codings/airflow/dags/list_s3_bucket_files_dag.py
[2026-02-07T07:00:05.116+0000] {processor.py:830} INFO - Processing file /home/cloud/codings/airflow/dags/list_s3_bucket_files_dag.py for tasks to queue
[2026-02-07T07:00:05.117+0000] {logging_mixin.py:188} INFO - [2026-02-07T07:00:05.117+0000] {dagbag.py:545} INFO - Filling up the DagBag from /home/cloud/codings/airflow/dags/list_s3_bucket_files_dag.py
[2026-02-07T07:00:05.129+0000] {processor.py:840} INFO - DAG(s) 'list_s3_bucket_files_dag' retrieved from /home/cloud/codings/airflow/dags/list_s3_bucket_files_dag.py
[2026-02-07T07:00:05.157+0000] {logging_mixin.py:188} INFO - [2026-02-07T07:00:05.156+0000] {dag.py:3089} INFO - Sync 1 DAGs
[2026-02-07T07:00:05.176+0000] {logging_mixin.py:188} INFO - [2026-02-07T07:00:05.175+0000] {dag.py:3947} INFO - Setting next_dagrun for list_s3_bucket_files_dag to None, run_after=None
[2026-02-07T07:00:05.206+0000] {processor.py:183} INFO - Processing /home/cloud/codings/airflow/dags/list_s3_bucket_files_dag.py took 0.098 seconds
[2026-02-07T07:00:35.340+0000] {processor.py:161} INFO - Started process (PID=126679) to work on /home/cloud/codings/airflow/dags/list_s3_bucket_files_dag.py
[2026-02-07T07:00:35.342+0000] {processor.py:830} INFO - Processing file /home/cloud/codings/airflow/dags/list_s3_bucket_files_dag.py for tasks to queue
[2026-02-07T07:00:35.343+0000] {logging_mixin.py:188} INFO - [2026-02-07T07:00:35.343+0000] {dagbag.py:545} INFO - Filling up the DagBag from /home/cloud/codings/airflow/dags/list_s3_bucket_files_dag.py
[2026-02-07T07:00:35.357+0000] {processor.py:840} INFO - DAG(s) 'list_s3_bucket_files_dag' retrieved from /home/cloud/codings/airflow/dags/list_s3_bucket_files_dag.py
[2026-02-07T07:00:35.387+0000] {logging_mixin.py:188} INFO - [2026-02-07T07:00:35.386+0000] {dag.py:3089} INFO - Sync 1 DAGs
[2026-02-07T07:00:35.405+0000] {logging_mixin.py:188} INFO - [2026-02-07T07:00:35.404+0000] {dag.py:3947} INFO - Setting next_dagrun for list_s3_bucket_files_dag to None, run_after=None
[2026-02-07T07:00:35.433+0000] {processor.py:183} INFO - Processing /home/cloud/codings/airflow/dags/list_s3_bucket_files_dag.py took 0.101 seconds
[2026-02-07T07:01:05.891+0000] {processor.py:161} INFO - Started process (PID=126685) to work on /home/cloud/codings/airflow/dags/list_s3_bucket_files_dag.py
[2026-02-07T07:01:05.892+0000] {processor.py:830} INFO - Processing file /home/cloud/codings/airflow/dags/list_s3_bucket_files_dag.py for tasks to queue
[2026-02-07T07:01:05.893+0000] {logging_mixin.py:188} INFO - [2026-02-07T07:01:05.893+0000] {dagbag.py:545} INFO - Filling up the DagBag from /home/cloud/codings/airflow/dags/list_s3_bucket_files_dag.py
[2026-02-07T07:01:05.904+0000] {processor.py:840} INFO - DAG(s) 'list_s3_bucket_files_dag' retrieved from /home/cloud/codings/airflow/dags/list_s3_bucket_files_dag.py
[2026-02-07T07:01:05.929+0000] {logging_mixin.py:188} INFO - [2026-02-07T07:01:05.929+0000] {dag.py:3089} INFO - Sync 1 DAGs
[2026-02-07T07:01:05.946+0000] {logging_mixin.py:188} INFO - [2026-02-07T07:01:05.945+0000] {dag.py:3947} INFO - Setting next_dagrun for list_s3_bucket_files_dag to None, run_after=None
[2026-02-07T07:01:05.972+0000] {processor.py:183} INFO - Processing /home/cloud/codings/airflow/dags/list_s3_bucket_files_dag.py took 0.088 seconds
[2026-02-07T07:01:37.006+0000] {processor.py:161} INFO - Started process (PID=126693) to work on /home/cloud/codings/airflow/dags/list_s3_bucket_files_dag.py
[2026-02-07T07:01:37.007+0000] {processor.py:830} INFO - Processing file /home/cloud/codings/airflow/dags/list_s3_bucket_files_dag.py for tasks to queue
[2026-02-07T07:01:37.008+0000] {logging_mixin.py:188} INFO - [2026-02-07T07:01:37.008+0000] {dagbag.py:545} INFO - Filling up the DagBag from /home/cloud/codings/airflow/dags/list_s3_bucket_files_dag.py
[2026-02-07T07:01:37.021+0000] {processor.py:840} INFO - DAG(s) 'list_s3_bucket_files_dag' retrieved from /home/cloud/codings/airflow/dags/list_s3_bucket_files_dag.py
[2026-02-07T07:01:37.049+0000] {logging_mixin.py:188} INFO - [2026-02-07T07:01:37.049+0000] {dag.py:3089} INFO - Sync 1 DAGs
[2026-02-07T07:01:37.067+0000] {logging_mixin.py:188} INFO - [2026-02-07T07:01:37.066+0000] {dag.py:3947} INFO - Setting next_dagrun for list_s3_bucket_files_dag to None, run_after=None
[2026-02-07T07:01:37.095+0000] {processor.py:183} INFO - Processing /home/cloud/codings/airflow/dags/list_s3_bucket_files_dag.py took 0.097 seconds
[2026-02-07T07:02:07.908+0000] {processor.py:161} INFO - Started process (PID=126703) to work on /home/cloud/codings/airflow/dags/list_s3_bucket_files_dag.py
[2026-02-07T07:02:07.909+0000] {processor.py:830} INFO - Processing file /home/cloud/codings/airflow/dags/list_s3_bucket_files_dag.py for tasks to queue
[2026-02-07T07:02:07.911+0000] {logging_mixin.py:188} INFO - [2026-02-07T07:02:07.910+0000] {dagbag.py:545} INFO - Filling up the DagBag from /home/cloud/codings/airflow/dags/list_s3_bucket_files_dag.py
[2026-02-07T07:02:07.922+0000] {processor.py:840} INFO - DAG(s) 'list_s3_bucket_files_dag' retrieved from /home/cloud/codings/airflow/dags/list_s3_bucket_files_dag.py
[2026-02-07T07:02:07.949+0000] {logging_mixin.py:188} INFO - [2026-02-07T07:02:07.949+0000] {dag.py:3089} INFO - Sync 1 DAGs
[2026-02-07T07:02:07.967+0000] {logging_mixin.py:188} INFO - [2026-02-07T07:02:07.967+0000] {dag.py:3947} INFO - Setting next_dagrun for list_s3_bucket_files_dag to None, run_after=None
[2026-02-07T07:02:07.994+0000] {processor.py:183} INFO - Processing /home/cloud/codings/airflow/dags/list_s3_bucket_files_dag.py took 0.093 seconds
[2026-02-07T07:02:38.877+0000] {processor.py:161} INFO - Started process (PID=126711) to work on /home/cloud/codings/airflow/dags/list_s3_bucket_files_dag.py
[2026-02-07T07:02:38.882+0000] {processor.py:830} INFO - Processing file /home/cloud/codings/airflow/dags/list_s3_bucket_files_dag.py for tasks to queue
[2026-02-07T07:02:38.883+0000] {logging_mixin.py:188} INFO - [2026-02-07T07:02:38.882+0000] {dagbag.py:545} INFO - Filling up the DagBag from /home/cloud/codings/airflow/dags/list_s3_bucket_files_dag.py
[2026-02-07T07:02:38.895+0000] {processor.py:840} INFO - DAG(s) 'list_s3_bucket_files_dag' retrieved from /home/cloud/codings/airflow/dags/list_s3_bucket_files_dag.py
[2026-02-07T07:02:38.925+0000] {logging_mixin.py:188} INFO - [2026-02-07T07:02:38.924+0000] {dag.py:3089} INFO - Sync 1 DAGs
[2026-02-07T07:02:38.942+0000] {logging_mixin.py:188} INFO - [2026-02-07T07:02:38.942+0000] {dag.py:3947} INFO - Setting next_dagrun for list_s3_bucket_files_dag to None, run_after=None
[2026-02-07T07:02:38.968+0000] {processor.py:183} INFO - Processing /home/cloud/codings/airflow/dags/list_s3_bucket_files_dag.py took 0.098 seconds
[2026-02-07T07:03:09.806+0000] {processor.py:161} INFO - Started process (PID=126717) to work on /home/cloud/codings/airflow/dags/list_s3_bucket_files_dag.py
[2026-02-07T07:03:09.807+0000] {processor.py:830} INFO - Processing file /home/cloud/codings/airflow/dags/list_s3_bucket_files_dag.py for tasks to queue
[2026-02-07T07:03:09.809+0000] {logging_mixin.py:188} INFO - [2026-02-07T07:03:09.809+0000] {dagbag.py:545} INFO - Filling up the DagBag from /home/cloud/codings/airflow/dags/list_s3_bucket_files_dag.py
[2026-02-07T07:03:09.822+0000] {processor.py:840} INFO - DAG(s) 'list_s3_bucket_files_dag' retrieved from /home/cloud/codings/airflow/dags/list_s3_bucket_files_dag.py
[2026-02-07T07:03:09.850+0000] {logging_mixin.py:188} INFO - [2026-02-07T07:03:09.850+0000] {dag.py:3089} INFO - Sync 1 DAGs
[2026-02-07T07:03:09.868+0000] {logging_mixin.py:188} INFO - [2026-02-07T07:03:09.868+0000] {dag.py:3947} INFO - Setting next_dagrun for list_s3_bucket_files_dag to None, run_after=None
[2026-02-07T07:03:09.896+0000] {processor.py:183} INFO - Processing /home/cloud/codings/airflow/dags/list_s3_bucket_files_dag.py took 0.097 seconds
[2026-02-07T07:03:40.729+0000] {processor.py:161} INFO - Started process (PID=126725) to work on /home/cloud/codings/airflow/dags/list_s3_bucket_files_dag.py
[2026-02-07T07:03:40.731+0000] {processor.py:830} INFO - Processing file /home/cloud/codings/airflow/dags/list_s3_bucket_files_dag.py for tasks to queue
[2026-02-07T07:03:40.732+0000] {logging_mixin.py:188} INFO - [2026-02-07T07:03:40.731+0000] {dagbag.py:545} INFO - Filling up the DagBag from /home/cloud/codings/airflow/dags/list_s3_bucket_files_dag.py
[2026-02-07T07:03:40.743+0000] {processor.py:840} INFO - DAG(s) 'list_s3_bucket_files_dag' retrieved from /home/cloud/codings/airflow/dags/list_s3_bucket_files_dag.py
[2026-02-07T07:03:40.768+0000] {logging_mixin.py:188} INFO - [2026-02-07T07:03:40.768+0000] {dag.py:3089} INFO - Sync 1 DAGs
[2026-02-07T07:03:40.784+0000] {logging_mixin.py:188} INFO - [2026-02-07T07:03:40.784+0000] {dag.py:3947} INFO - Setting next_dagrun for list_s3_bucket_files_dag to None, run_after=None
[2026-02-07T07:03:40.811+0000] {processor.py:183} INFO - Processing /home/cloud/codings/airflow/dags/list_s3_bucket_files_dag.py took 0.087 seconds
[2026-02-07T07:04:12.967+0000] {processor.py:161} INFO - Started process (PID=126735) to work on /home/cloud/codings/airflow/dags/list_s3_bucket_files_dag.py
[2026-02-07T07:04:12.968+0000] {processor.py:830} INFO - Processing file /home/cloud/codings/airflow/dags/list_s3_bucket_files_dag.py for tasks to queue
[2026-02-07T07:04:12.969+0000] {logging_mixin.py:188} INFO - [2026-02-07T07:04:12.969+0000] {dagbag.py:545} INFO - Filling up the DagBag from /home/cloud/codings/airflow/dags/list_s3_bucket_files_dag.py
[2026-02-07T07:04:12.980+0000] {processor.py:840} INFO - DAG(s) 'list_s3_bucket_files_dag' retrieved from /home/cloud/codings/airflow/dags/list_s3_bucket_files_dag.py
[2026-02-07T07:04:13.004+0000] {logging_mixin.py:188} INFO - [2026-02-07T07:04:13.004+0000] {dag.py:3089} INFO - Sync 1 DAGs
[2026-02-07T07:04:13.020+0000] {logging_mixin.py:188} INFO - [2026-02-07T07:04:13.020+0000] {dag.py:3947} INFO - Setting next_dagrun for list_s3_bucket_files_dag to None, run_after=None
[2026-02-07T07:04:13.045+0000] {processor.py:183} INFO - Processing /home/cloud/codings/airflow/dags/list_s3_bucket_files_dag.py took 0.085 seconds
[2026-02-07T07:04:44.092+0000] {processor.py:161} INFO - Started process (PID=126743) to work on /home/cloud/codings/airflow/dags/list_s3_bucket_files_dag.py
[2026-02-07T07:04:44.094+0000] {processor.py:830} INFO - Processing file /home/cloud/codings/airflow/dags/list_s3_bucket_files_dag.py for tasks to queue
[2026-02-07T07:04:44.095+0000] {logging_mixin.py:188} INFO - [2026-02-07T07:04:44.094+0000] {dagbag.py:545} INFO - Filling up the DagBag from /home/cloud/codings/airflow/dags/list_s3_bucket_files_dag.py
[2026-02-07T07:04:44.106+0000] {processor.py:840} INFO - DAG(s) 'list_s3_bucket_files_dag' retrieved from /home/cloud/codings/airflow/dags/list_s3_bucket_files_dag.py
[2026-02-07T07:04:44.133+0000] {logging_mixin.py:188} INFO - [2026-02-07T07:04:44.133+0000] {dag.py:3089} INFO - Sync 1 DAGs
[2026-02-07T07:04:44.150+0000] {logging_mixin.py:188} INFO - [2026-02-07T07:04:44.150+0000] {dag.py:3947} INFO - Setting next_dagrun for list_s3_bucket_files_dag to None, run_after=None
[2026-02-07T07:04:44.179+0000] {processor.py:183} INFO - Processing /home/cloud/codings/airflow/dags/list_s3_bucket_files_dag.py took 0.094 seconds
[2026-02-07T07:05:15.076+0000] {processor.py:161} INFO - Started process (PID=126749) to work on /home/cloud/codings/airflow/dags/list_s3_bucket_files_dag.py
[2026-02-07T07:05:15.077+0000] {processor.py:830} INFO - Processing file /home/cloud/codings/airflow/dags/list_s3_bucket_files_dag.py for tasks to queue
[2026-02-07T07:05:15.078+0000] {logging_mixin.py:188} INFO - [2026-02-07T07:05:15.077+0000] {dagbag.py:545} INFO - Filling up the DagBag from /home/cloud/codings/airflow/dags/list_s3_bucket_files_dag.py
[2026-02-07T07:05:15.088+0000] {processor.py:840} INFO - DAG(s) 'list_s3_bucket_files_dag' retrieved from /home/cloud/codings/airflow/dags/list_s3_bucket_files_dag.py
[2026-02-07T07:05:15.113+0000] {logging_mixin.py:188} INFO - [2026-02-07T07:05:15.113+0000] {dag.py:3089} INFO - Sync 1 DAGs
[2026-02-07T07:05:15.129+0000] {logging_mixin.py:188} INFO - [2026-02-07T07:05:15.129+0000] {dag.py:3947} INFO - Setting next_dagrun for list_s3_bucket_files_dag to None, run_after=None
[2026-02-07T07:05:15.178+0000] {processor.py:183} INFO - Processing /home/cloud/codings/airflow/dags/list_s3_bucket_files_dag.py took 0.109 seconds
[2026-02-07T07:05:46.094+0000] {processor.py:161} INFO - Started process (PID=126758) to work on /home/cloud/codings/airflow/dags/list_s3_bucket_files_dag.py
[2026-02-07T07:05:46.095+0000] {processor.py:830} INFO - Processing file /home/cloud/codings/airflow/dags/list_s3_bucket_files_dag.py for tasks to queue
[2026-02-07T07:05:46.096+0000] {logging_mixin.py:188} INFO - [2026-02-07T07:05:46.096+0000] {dagbag.py:545} INFO - Filling up the DagBag from /home/cloud/codings/airflow/dags/list_s3_bucket_files_dag.py
[2026-02-07T07:05:46.107+0000] {processor.py:840} INFO - DAG(s) 'list_s3_bucket_files_dag' retrieved from /home/cloud/codings/airflow/dags/list_s3_bucket_files_dag.py
[2026-02-07T07:05:46.131+0000] {logging_mixin.py:188} INFO - [2026-02-07T07:05:46.131+0000] {dag.py:3089} INFO - Sync 1 DAGs
[2026-02-07T07:05:46.146+0000] {logging_mixin.py:188} INFO - [2026-02-07T07:05:46.146+0000] {dag.py:3947} INFO - Setting next_dagrun for list_s3_bucket_files_dag to None, run_after=None
[2026-02-07T07:05:46.171+0000] {processor.py:183} INFO - Processing /home/cloud/codings/airflow/dags/list_s3_bucket_files_dag.py took 0.084 seconds
[2026-02-07T07:06:17.119+0000] {processor.py:161} INFO - Started process (PID=126768) to work on /home/cloud/codings/airflow/dags/list_s3_bucket_files_dag.py
[2026-02-07T07:06:17.121+0000] {processor.py:830} INFO - Processing file /home/cloud/codings/airflow/dags/list_s3_bucket_files_dag.py for tasks to queue
[2026-02-07T07:06:17.122+0000] {logging_mixin.py:188} INFO - [2026-02-07T07:06:17.121+0000] {dagbag.py:545} INFO - Filling up the DagBag from /home/cloud/codings/airflow/dags/list_s3_bucket_files_dag.py
[2026-02-07T07:06:17.135+0000] {processor.py:840} INFO - DAG(s) 'list_s3_bucket_files_dag' retrieved from /home/cloud/codings/airflow/dags/list_s3_bucket_files_dag.py
[2026-02-07T07:06:17.161+0000] {logging_mixin.py:188} INFO - [2026-02-07T07:06:17.161+0000] {dag.py:3089} INFO - Sync 1 DAGs
[2026-02-07T07:06:17.178+0000] {logging_mixin.py:188} INFO - [2026-02-07T07:06:17.178+0000] {dag.py:3947} INFO - Setting next_dagrun for list_s3_bucket_files_dag to None, run_after=None
[2026-02-07T07:06:17.207+0000] {processor.py:183} INFO - Processing /home/cloud/codings/airflow/dags/list_s3_bucket_files_dag.py took 0.095 seconds
[2026-02-07T07:06:48.178+0000] {processor.py:161} INFO - Started process (PID=126776) to work on /home/cloud/codings/airflow/dags/list_s3_bucket_files_dag.py
[2026-02-07T07:06:48.180+0000] {processor.py:830} INFO - Processing file /home/cloud/codings/airflow/dags/list_s3_bucket_files_dag.py for tasks to queue
[2026-02-07T07:06:48.182+0000] {logging_mixin.py:188} INFO - [2026-02-07T07:06:48.182+0000] {dagbag.py:545} INFO - Filling up the DagBag from /home/cloud/codings/airflow/dags/list_s3_bucket_files_dag.py
[2026-02-07T07:06:48.196+0000] {processor.py:840} INFO - DAG(s) 'list_s3_bucket_files_dag' retrieved from /home/cloud/codings/airflow/dags/list_s3_bucket_files_dag.py
[2026-02-07T07:06:48.229+0000] {logging_mixin.py:188} INFO - [2026-02-07T07:06:48.229+0000] {dag.py:3089} INFO - Sync 1 DAGs
[2026-02-07T07:06:48.251+0000] {logging_mixin.py:188} INFO - [2026-02-07T07:06:48.251+0000] {dag.py:3947} INFO - Setting next_dagrun for list_s3_bucket_files_dag to None, run_after=None
[2026-02-07T07:06:48.288+0000] {processor.py:183} INFO - Processing /home/cloud/codings/airflow/dags/list_s3_bucket_files_dag.py took 0.119 seconds
[2026-02-07T07:07:19.338+0000] {processor.py:161} INFO - Started process (PID=126784) to work on /home/cloud/codings/airflow/dags/list_s3_bucket_files_dag.py
[2026-02-07T07:07:19.339+0000] {processor.py:830} INFO - Processing file /home/cloud/codings/airflow/dags/list_s3_bucket_files_dag.py for tasks to queue
[2026-02-07T07:07:19.340+0000] {logging_mixin.py:188} INFO - [2026-02-07T07:07:19.339+0000] {dagbag.py:545} INFO - Filling up the DagBag from /home/cloud/codings/airflow/dags/list_s3_bucket_files_dag.py
[2026-02-07T07:07:19.350+0000] {processor.py:840} INFO - DAG(s) 'list_s3_bucket_files_dag' retrieved from /home/cloud/codings/airflow/dags/list_s3_bucket_files_dag.py
[2026-02-07T07:07:19.377+0000] {logging_mixin.py:188} INFO - [2026-02-07T07:07:19.377+0000] {dag.py:3089} INFO - Sync 1 DAGs
[2026-02-07T07:07:19.394+0000] {logging_mixin.py:188} INFO - [2026-02-07T07:07:19.394+0000] {dag.py:3947} INFO - Setting next_dagrun for list_s3_bucket_files_dag to None, run_after=None
[2026-02-07T07:07:19.421+0000] {processor.py:183} INFO - Processing /home/cloud/codings/airflow/dags/list_s3_bucket_files_dag.py took 0.089 seconds
[2026-02-07T07:07:49.611+0000] {processor.py:161} INFO - Started process (PID=126790) to work on /home/cloud/codings/airflow/dags/list_s3_bucket_files_dag.py
[2026-02-07T07:07:49.613+0000] {processor.py:830} INFO - Processing file /home/cloud/codings/airflow/dags/list_s3_bucket_files_dag.py for tasks to queue
[2026-02-07T07:07:49.615+0000] {logging_mixin.py:188} INFO - [2026-02-07T07:07:49.614+0000] {dagbag.py:545} INFO - Filling up the DagBag from /home/cloud/codings/airflow/dags/list_s3_bucket_files_dag.py
[2026-02-07T07:07:49.629+0000] {processor.py:840} INFO - DAG(s) 'list_s3_bucket_files_dag' retrieved from /home/cloud/codings/airflow/dags/list_s3_bucket_files_dag.py
[2026-02-07T07:07:49.658+0000] {logging_mixin.py:188} INFO - [2026-02-07T07:07:49.658+0000] {dag.py:3089} INFO - Sync 1 DAGs
[2026-02-07T07:07:49.676+0000] {logging_mixin.py:188} INFO - [2026-02-07T07:07:49.676+0000] {dag.py:3947} INFO - Setting next_dagrun for list_s3_bucket_files_dag to None, run_after=None
[2026-02-07T07:07:49.704+0000] {processor.py:183} INFO - Processing /home/cloud/codings/airflow/dags/list_s3_bucket_files_dag.py took 0.099 seconds
[2026-02-07T07:08:20.123+0000] {processor.py:161} INFO - Started process (PID=126800) to work on /home/cloud/codings/airflow/dags/list_s3_bucket_files_dag.py
[2026-02-07T07:08:20.124+0000] {processor.py:830} INFO - Processing file /home/cloud/codings/airflow/dags/list_s3_bucket_files_dag.py for tasks to queue
[2026-02-07T07:08:20.125+0000] {logging_mixin.py:188} INFO - [2026-02-07T07:08:20.124+0000] {dagbag.py:545} INFO - Filling up the DagBag from /home/cloud/codings/airflow/dags/list_s3_bucket_files_dag.py
[2026-02-07T07:08:20.135+0000] {processor.py:840} INFO - DAG(s) 'list_s3_bucket_files_dag' retrieved from /home/cloud/codings/airflow/dags/list_s3_bucket_files_dag.py
[2026-02-07T07:08:20.165+0000] {logging_mixin.py:188} INFO - [2026-02-07T07:08:20.164+0000] {dag.py:3089} INFO - Sync 1 DAGs
[2026-02-07T07:08:20.184+0000] {logging_mixin.py:188} INFO - [2026-02-07T07:08:20.184+0000] {dag.py:3947} INFO - Setting next_dagrun for list_s3_bucket_files_dag to None, run_after=None
[2026-02-07T07:08:20.213+0000] {processor.py:183} INFO - Processing /home/cloud/codings/airflow/dags/list_s3_bucket_files_dag.py took 0.097 seconds
[2026-02-07T07:08:50.424+0000] {processor.py:161} INFO - Started process (PID=126808) to work on /home/cloud/codings/airflow/dags/list_s3_bucket_files_dag.py
[2026-02-07T07:08:50.425+0000] {processor.py:830} INFO - Processing file /home/cloud/codings/airflow/dags/list_s3_bucket_files_dag.py for tasks to queue
[2026-02-07T07:08:50.426+0000] {logging_mixin.py:188} INFO - [2026-02-07T07:08:50.426+0000] {dagbag.py:545} INFO - Filling up the DagBag from /home/cloud/codings/airflow/dags/list_s3_bucket_files_dag.py
[2026-02-07T07:08:50.438+0000] {processor.py:840} INFO - DAG(s) 'list_s3_bucket_files_dag' retrieved from /home/cloud/codings/airflow/dags/list_s3_bucket_files_dag.py
[2026-02-07T07:08:50.465+0000] {logging_mixin.py:188} INFO - [2026-02-07T07:08:50.464+0000] {dag.py:3089} INFO - Sync 1 DAGs
[2026-02-07T07:08:50.484+0000] {logging_mixin.py:188} INFO - [2026-02-07T07:08:50.483+0000] {dag.py:3947} INFO - Setting next_dagrun for list_s3_bucket_files_dag to None, run_after=None
[2026-02-07T07:08:50.512+0000] {processor.py:183} INFO - Processing /home/cloud/codings/airflow/dags/list_s3_bucket_files_dag.py took 0.095 seconds
[2026-02-07T07:09:20.562+0000] {processor.py:161} INFO - Started process (PID=126816) to work on /home/cloud/codings/airflow/dags/list_s3_bucket_files_dag.py
[2026-02-07T07:09:20.562+0000] {processor.py:830} INFO - Processing file /home/cloud/codings/airflow/dags/list_s3_bucket_files_dag.py for tasks to queue
[2026-02-07T07:09:20.563+0000] {logging_mixin.py:188} INFO - [2026-02-07T07:09:20.563+0000] {dagbag.py:545} INFO - Filling up the DagBag from /home/cloud/codings/airflow/dags/list_s3_bucket_files_dag.py
[2026-02-07T07:09:20.574+0000] {processor.py:840} INFO - DAG(s) 'list_s3_bucket_files_dag' retrieved from /home/cloud/codings/airflow/dags/list_s3_bucket_files_dag.py
[2026-02-07T07:09:20.597+0000] {logging_mixin.py:188} INFO - [2026-02-07T07:09:20.597+0000] {dag.py:3089} INFO - Sync 1 DAGs
[2026-02-07T07:09:20.613+0000] {logging_mixin.py:188} INFO - [2026-02-07T07:09:20.612+0000] {dag.py:3947} INFO - Setting next_dagrun for list_s3_bucket_files_dag to None, run_after=None
[2026-02-07T07:09:20.638+0000] {processor.py:183} INFO - Processing /home/cloud/codings/airflow/dags/list_s3_bucket_files_dag.py took 0.083 seconds
[2026-02-07T07:09:50.716+0000] {processor.py:161} INFO - Started process (PID=126824) to work on /home/cloud/codings/airflow/dags/list_s3_bucket_files_dag.py
[2026-02-07T07:09:50.717+0000] {processor.py:830} INFO - Processing file /home/cloud/codings/airflow/dags/list_s3_bucket_files_dag.py for tasks to queue
[2026-02-07T07:09:50.718+0000] {logging_mixin.py:188} INFO - [2026-02-07T07:09:50.718+0000] {dagbag.py:545} INFO - Filling up the DagBag from /home/cloud/codings/airflow/dags/list_s3_bucket_files_dag.py
[2026-02-07T07:09:50.730+0000] {processor.py:840} INFO - DAG(s) 'list_s3_bucket_files_dag' retrieved from /home/cloud/codings/airflow/dags/list_s3_bucket_files_dag.py
[2026-02-07T07:09:50.756+0000] {logging_mixin.py:188} INFO - [2026-02-07T07:09:50.756+0000] {dag.py:3089} INFO - Sync 1 DAGs
[2026-02-07T07:09:50.773+0000] {logging_mixin.py:188} INFO - [2026-02-07T07:09:50.773+0000] {dag.py:3947} INFO - Setting next_dagrun for list_s3_bucket_files_dag to None, run_after=None
[2026-02-07T07:09:50.799+0000] {processor.py:183} INFO - Processing /home/cloud/codings/airflow/dags/list_s3_bucket_files_dag.py took 0.091 seconds
[2026-02-07T07:10:21.703+0000] {processor.py:161} INFO - Started process (PID=126834) to work on /home/cloud/codings/airflow/dags/list_s3_bucket_files_dag.py
[2026-02-07T07:10:21.704+0000] {processor.py:830} INFO - Processing file /home/cloud/codings/airflow/dags/list_s3_bucket_files_dag.py for tasks to queue
[2026-02-07T07:10:21.705+0000] {logging_mixin.py:188} INFO - [2026-02-07T07:10:21.705+0000] {dagbag.py:545} INFO - Filling up the DagBag from /home/cloud/codings/airflow/dags/list_s3_bucket_files_dag.py
[2026-02-07T07:10:21.717+0000] {processor.py:840} INFO - DAG(s) 'list_s3_bucket_files_dag' retrieved from /home/cloud/codings/airflow/dags/list_s3_bucket_files_dag.py
[2026-02-07T07:10:21.744+0000] {logging_mixin.py:188} INFO - [2026-02-07T07:10:21.744+0000] {dag.py:3089} INFO - Sync 1 DAGs
[2026-02-07T07:10:21.761+0000] {logging_mixin.py:188} INFO - [2026-02-07T07:10:21.761+0000] {dag.py:3947} INFO - Setting next_dagrun for list_s3_bucket_files_dag to None, run_after=None
[2026-02-07T07:10:21.788+0000] {processor.py:183} INFO - Processing /home/cloud/codings/airflow/dags/list_s3_bucket_files_dag.py took 0.092 seconds
[2026-02-07T07:10:52.674+0000] {processor.py:161} INFO - Started process (PID=126840) to work on /home/cloud/codings/airflow/dags/list_s3_bucket_files_dag.py
[2026-02-07T07:10:52.676+0000] {processor.py:830} INFO - Processing file /home/cloud/codings/airflow/dags/list_s3_bucket_files_dag.py for tasks to queue
[2026-02-07T07:10:52.676+0000] {logging_mixin.py:188} INFO - [2026-02-07T07:10:52.676+0000] {dagbag.py:545} INFO - Filling up the DagBag from /home/cloud/codings/airflow/dags/list_s3_bucket_files_dag.py
[2026-02-07T07:10:52.687+0000] {processor.py:840} INFO - DAG(s) 'list_s3_bucket_files_dag' retrieved from /home/cloud/codings/airflow/dags/list_s3_bucket_files_dag.py
[2026-02-07T07:10:52.712+0000] {logging_mixin.py:188} INFO - [2026-02-07T07:10:52.712+0000] {dag.py:3089} INFO - Sync 1 DAGs
[2026-02-07T07:10:52.728+0000] {logging_mixin.py:188} INFO - [2026-02-07T07:10:52.728+0000] {dag.py:3947} INFO - Setting next_dagrun for list_s3_bucket_files_dag to None, run_after=None
[2026-02-07T07:10:52.755+0000] {processor.py:183} INFO - Processing /home/cloud/codings/airflow/dags/list_s3_bucket_files_dag.py took 0.087 seconds
[2026-02-07T07:11:23.945+0000] {processor.py:161} INFO - Started process (PID=126851) to work on /home/cloud/codings/airflow/dags/list_s3_bucket_files_dag.py
[2026-02-07T07:11:23.946+0000] {processor.py:830} INFO - Processing file /home/cloud/codings/airflow/dags/list_s3_bucket_files_dag.py for tasks to queue
[2026-02-07T07:11:23.948+0000] {logging_mixin.py:188} INFO - [2026-02-07T07:11:23.947+0000] {dagbag.py:545} INFO - Filling up the DagBag from /home/cloud/codings/airflow/dags/list_s3_bucket_files_dag.py
[2026-02-07T07:11:23.963+0000] {processor.py:840} INFO - DAG(s) 'list_s3_bucket_files_dag' retrieved from /home/cloud/codings/airflow/dags/list_s3_bucket_files_dag.py
[2026-02-07T07:11:23.998+0000] {logging_mixin.py:188} INFO - [2026-02-07T07:11:23.997+0000] {dag.py:3089} INFO - Sync 1 DAGs
[2026-02-07T07:11:24.020+0000] {logging_mixin.py:188} INFO - [2026-02-07T07:11:24.020+0000] {dag.py:3947} INFO - Setting next_dagrun for list_s3_bucket_files_dag to None, run_after=None
[2026-02-07T07:11:24.053+0000] {processor.py:183} INFO - Processing /home/cloud/codings/airflow/dags/list_s3_bucket_files_dag.py took 0.117 seconds
[2026-02-07T07:11:54.343+0000] {processor.py:161} INFO - Started process (PID=126859) to work on /home/cloud/codings/airflow/dags/list_s3_bucket_files_dag.py
[2026-02-07T07:11:54.345+0000] {processor.py:830} INFO - Processing file /home/cloud/codings/airflow/dags/list_s3_bucket_files_dag.py for tasks to queue
[2026-02-07T07:11:54.346+0000] {logging_mixin.py:188} INFO - [2026-02-07T07:11:54.345+0000] {dagbag.py:545} INFO - Filling up the DagBag from /home/cloud/codings/airflow/dags/list_s3_bucket_files_dag.py
[2026-02-07T07:11:54.357+0000] {processor.py:840} INFO - DAG(s) 'list_s3_bucket_files_dag' retrieved from /home/cloud/codings/airflow/dags/list_s3_bucket_files_dag.py
[2026-02-07T07:11:54.383+0000] {logging_mixin.py:188} INFO - [2026-02-07T07:11:54.383+0000] {dag.py:3089} INFO - Sync 1 DAGs
[2026-02-07T07:11:54.400+0000] {logging_mixin.py:188} INFO - [2026-02-07T07:11:54.400+0000] {dag.py:3947} INFO - Setting next_dagrun for list_s3_bucket_files_dag to None, run_after=None
[2026-02-07T07:11:54.427+0000] {processor.py:183} INFO - Processing /home/cloud/codings/airflow/dags/list_s3_bucket_files_dag.py took 0.091 seconds
[2026-02-07T07:12:25.349+0000] {processor.py:161} INFO - Started process (PID=126867) to work on /home/cloud/codings/airflow/dags/list_s3_bucket_files_dag.py
[2026-02-07T07:12:25.350+0000] {processor.py:830} INFO - Processing file /home/cloud/codings/airflow/dags/list_s3_bucket_files_dag.py for tasks to queue
[2026-02-07T07:12:25.351+0000] {logging_mixin.py:188} INFO - [2026-02-07T07:12:25.351+0000] {dagbag.py:545} INFO - Filling up the DagBag from /home/cloud/codings/airflow/dags/list_s3_bucket_files_dag.py
[2026-02-07T07:12:25.363+0000] {processor.py:840} INFO - DAG(s) 'list_s3_bucket_files_dag' retrieved from /home/cloud/codings/airflow/dags/list_s3_bucket_files_dag.py
[2026-02-07T07:12:25.386+0000] {logging_mixin.py:188} INFO - [2026-02-07T07:12:25.386+0000] {dag.py:3089} INFO - Sync 1 DAGs
[2026-02-07T07:12:25.402+0000] {logging_mixin.py:188} INFO - [2026-02-07T07:12:25.401+0000] {dag.py:3947} INFO - Setting next_dagrun for list_s3_bucket_files_dag to None, run_after=None
[2026-02-07T07:12:25.427+0000] {processor.py:183} INFO - Processing /home/cloud/codings/airflow/dags/list_s3_bucket_files_dag.py took 0.085 seconds
[2026-02-07T07:12:55.800+0000] {processor.py:161} INFO - Started process (PID=126873) to work on /home/cloud/codings/airflow/dags/list_s3_bucket_files_dag.py
[2026-02-07T07:12:55.800+0000] {processor.py:830} INFO - Processing file /home/cloud/codings/airflow/dags/list_s3_bucket_files_dag.py for tasks to queue
[2026-02-07T07:12:55.801+0000] {logging_mixin.py:188} INFO - [2026-02-07T07:12:55.801+0000] {dagbag.py:545} INFO - Filling up the DagBag from /home/cloud/codings/airflow/dags/list_s3_bucket_files_dag.py
[2026-02-07T07:12:55.812+0000] {processor.py:840} INFO - DAG(s) 'list_s3_bucket_files_dag' retrieved from /home/cloud/codings/airflow/dags/list_s3_bucket_files_dag.py
[2026-02-07T07:12:55.834+0000] {logging_mixin.py:188} INFO - [2026-02-07T07:12:55.834+0000] {dag.py:3089} INFO - Sync 1 DAGs
[2026-02-07T07:12:55.849+0000] {logging_mixin.py:188} INFO - [2026-02-07T07:12:55.849+0000] {dag.py:3947} INFO - Setting next_dagrun for list_s3_bucket_files_dag to None, run_after=None
[2026-02-07T07:12:55.873+0000] {processor.py:183} INFO - Processing /home/cloud/codings/airflow/dags/list_s3_bucket_files_dag.py took 0.079 seconds
[2026-02-07T07:13:26.036+0000] {processor.py:161} INFO - Started process (PID=126881) to work on /home/cloud/codings/airflow/dags/list_s3_bucket_files_dag.py
[2026-02-07T07:13:26.040+0000] {processor.py:830} INFO - Processing file /home/cloud/codings/airflow/dags/list_s3_bucket_files_dag.py for tasks to queue
[2026-02-07T07:13:26.041+0000] {logging_mixin.py:188} INFO - [2026-02-07T07:13:26.041+0000] {dagbag.py:545} INFO - Filling up the DagBag from /home/cloud/codings/airflow/dags/list_s3_bucket_files_dag.py
[2026-02-07T07:13:26.053+0000] {processor.py:840} INFO - DAG(s) 'list_s3_bucket_files_dag' retrieved from /home/cloud/codings/airflow/dags/list_s3_bucket_files_dag.py
[2026-02-07T07:13:26.076+0000] {logging_mixin.py:188} INFO - [2026-02-07T07:13:26.076+0000] {dag.py:3089} INFO - Sync 1 DAGs
[2026-02-07T07:13:26.094+0000] {logging_mixin.py:188} INFO - [2026-02-07T07:13:26.093+0000] {dag.py:3947} INFO - Setting next_dagrun for list_s3_bucket_files_dag to None, run_after=None
[2026-02-07T07:13:26.125+0000] {processor.py:183} INFO - Processing /home/cloud/codings/airflow/dags/list_s3_bucket_files_dag.py took 0.095 seconds
[2026-02-07T07:13:56.154+0000] {processor.py:161} INFO - Started process (PID=126889) to work on /home/cloud/codings/airflow/dags/list_s3_bucket_files_dag.py
[2026-02-07T07:13:56.156+0000] {processor.py:830} INFO - Processing file /home/cloud/codings/airflow/dags/list_s3_bucket_files_dag.py for tasks to queue
[2026-02-07T07:13:56.157+0000] {logging_mixin.py:188} INFO - [2026-02-07T07:13:56.156+0000] {dagbag.py:545} INFO - Filling up the DagBag from /home/cloud/codings/airflow/dags/list_s3_bucket_files_dag.py
[2026-02-07T07:13:56.168+0000] {processor.py:840} INFO - DAG(s) 'list_s3_bucket_files_dag' retrieved from /home/cloud/codings/airflow/dags/list_s3_bucket_files_dag.py
[2026-02-07T07:13:56.193+0000] {logging_mixin.py:188} INFO - [2026-02-07T07:13:56.193+0000] {dag.py:3089} INFO - Sync 1 DAGs
[2026-02-07T07:13:56.208+0000] {logging_mixin.py:188} INFO - [2026-02-07T07:13:56.208+0000] {dag.py:3947} INFO - Setting next_dagrun for list_s3_bucket_files_dag to None, run_after=None
[2026-02-07T07:13:56.234+0000] {processor.py:183} INFO - Processing /home/cloud/codings/airflow/dags/list_s3_bucket_files_dag.py took 0.086 seconds
[2026-02-07T07:14:26.330+0000] {processor.py:161} INFO - Started process (PID=126899) to work on /home/cloud/codings/airflow/dags/list_s3_bucket_files_dag.py
[2026-02-07T07:14:26.332+0000] {processor.py:830} INFO - Processing file /home/cloud/codings/airflow/dags/list_s3_bucket_files_dag.py for tasks to queue
[2026-02-07T07:14:26.333+0000] {logging_mixin.py:188} INFO - [2026-02-07T07:14:26.332+0000] {dagbag.py:545} INFO - Filling up the DagBag from /home/cloud/codings/airflow/dags/list_s3_bucket_files_dag.py
[2026-02-07T07:14:26.346+0000] {processor.py:840} INFO - DAG(s) 'list_s3_bucket_files_dag' retrieved from /home/cloud/codings/airflow/dags/list_s3_bucket_files_dag.py
[2026-02-07T07:14:26.381+0000] {logging_mixin.py:188} INFO - [2026-02-07T07:14:26.381+0000] {dag.py:3089} INFO - Sync 1 DAGs
[2026-02-07T07:14:26.396+0000] {logging_mixin.py:188} INFO - [2026-02-07T07:14:26.396+0000] {dag.py:3947} INFO - Setting next_dagrun for list_s3_bucket_files_dag to None, run_after=None
[2026-02-07T07:14:26.422+0000] {processor.py:183} INFO - Processing /home/cloud/codings/airflow/dags/list_s3_bucket_files_dag.py took 0.100 seconds
[2026-02-07T07:14:57.292+0000] {processor.py:161} INFO - Started process (PID=126905) to work on /home/cloud/codings/airflow/dags/list_s3_bucket_files_dag.py
[2026-02-07T07:14:57.293+0000] {processor.py:830} INFO - Processing file /home/cloud/codings/airflow/dags/list_s3_bucket_files_dag.py for tasks to queue
[2026-02-07T07:14:57.294+0000] {logging_mixin.py:188} INFO - [2026-02-07T07:14:57.293+0000] {dagbag.py:545} INFO - Filling up the DagBag from /home/cloud/codings/airflow/dags/list_s3_bucket_files_dag.py
[2026-02-07T07:14:57.305+0000] {processor.py:840} INFO - DAG(s) 'list_s3_bucket_files_dag' retrieved from /home/cloud/codings/airflow/dags/list_s3_bucket_files_dag.py
[2026-02-07T07:14:57.327+0000] {logging_mixin.py:188} INFO - [2026-02-07T07:14:57.327+0000] {dag.py:3089} INFO - Sync 1 DAGs
[2026-02-07T07:14:57.342+0000] {logging_mixin.py:188} INFO - [2026-02-07T07:14:57.342+0000] {dag.py:3947} INFO - Setting next_dagrun for list_s3_bucket_files_dag to None, run_after=None
[2026-02-07T07:14:57.368+0000] {processor.py:183} INFO - Processing /home/cloud/codings/airflow/dags/list_s3_bucket_files_dag.py took 0.083 seconds
[2026-02-07T07:15:27.615+0000] {processor.py:161} INFO - Started process (PID=126913) to work on /home/cloud/codings/airflow/dags/list_s3_bucket_files_dag.py
[2026-02-07T07:15:27.616+0000] {processor.py:830} INFO - Processing file /home/cloud/codings/airflow/dags/list_s3_bucket_files_dag.py for tasks to queue
[2026-02-07T07:15:27.617+0000] {logging_mixin.py:188} INFO - [2026-02-07T07:15:27.617+0000] {dagbag.py:545} INFO - Filling up the DagBag from /home/cloud/codings/airflow/dags/list_s3_bucket_files_dag.py
[2026-02-07T07:15:27.627+0000] {processor.py:840} INFO - DAG(s) 'list_s3_bucket_files_dag' retrieved from /home/cloud/codings/airflow/dags/list_s3_bucket_files_dag.py
[2026-02-07T07:15:27.647+0000] {logging_mixin.py:188} INFO - [2026-02-07T07:15:27.647+0000] {dag.py:3089} INFO - Sync 1 DAGs
[2026-02-07T07:15:27.660+0000] {logging_mixin.py:188} INFO - [2026-02-07T07:15:27.660+0000] {dag.py:3947} INFO - Setting next_dagrun for list_s3_bucket_files_dag to None, run_after=None
[2026-02-07T07:15:27.684+0000] {processor.py:183} INFO - Processing /home/cloud/codings/airflow/dags/list_s3_bucket_files_dag.py took 0.076 seconds
[2026-02-07T07:15:57.885+0000] {processor.py:161} INFO - Started process (PID=126942) to work on /home/cloud/codings/airflow/dags/list_s3_bucket_files_dag.py
[2026-02-07T07:15:57.886+0000] {processor.py:830} INFO - Processing file /home/cloud/codings/airflow/dags/list_s3_bucket_files_dag.py for tasks to queue
[2026-02-07T07:15:57.887+0000] {logging_mixin.py:188} INFO - [2026-02-07T07:15:57.886+0000] {dagbag.py:545} INFO - Filling up the DagBag from /home/cloud/codings/airflow/dags/list_s3_bucket_files_dag.py
[2026-02-07T07:15:57.898+0000] {processor.py:840} INFO - DAG(s) 'list_s3_bucket_files_dag' retrieved from /home/cloud/codings/airflow/dags/list_s3_bucket_files_dag.py
[2026-02-07T07:15:57.922+0000] {logging_mixin.py:188} INFO - [2026-02-07T07:15:57.921+0000] {dag.py:3089} INFO - Sync 1 DAGs
[2026-02-07T07:15:57.940+0000] {logging_mixin.py:188} INFO - [2026-02-07T07:15:57.939+0000] {dag.py:3947} INFO - Setting next_dagrun for list_s3_bucket_files_dag to None, run_after=None
[2026-02-07T07:15:57.967+0000] {processor.py:183} INFO - Processing /home/cloud/codings/airflow/dags/list_s3_bucket_files_dag.py took 0.089 seconds
[2026-02-07T07:16:28.142+0000] {processor.py:161} INFO - Started process (PID=126950) to work on /home/cloud/codings/airflow/dags/list_s3_bucket_files_dag.py
[2026-02-07T07:16:28.146+0000] {processor.py:830} INFO - Processing file /home/cloud/codings/airflow/dags/list_s3_bucket_files_dag.py for tasks to queue
[2026-02-07T07:16:28.147+0000] {logging_mixin.py:188} INFO - [2026-02-07T07:16:28.147+0000] {dagbag.py:545} INFO - Filling up the DagBag from /home/cloud/codings/airflow/dags/list_s3_bucket_files_dag.py
[2026-02-07T07:16:28.158+0000] {processor.py:840} INFO - DAG(s) 'list_s3_bucket_files_dag' retrieved from /home/cloud/codings/airflow/dags/list_s3_bucket_files_dag.py
[2026-02-07T07:16:28.179+0000] {logging_mixin.py:188} INFO - [2026-02-07T07:16:28.179+0000] {dag.py:3089} INFO - Sync 1 DAGs
[2026-02-07T07:16:28.194+0000] {logging_mixin.py:188} INFO - [2026-02-07T07:16:28.194+0000] {dag.py:3947} INFO - Setting next_dagrun for list_s3_bucket_files_dag to None, run_after=None
[2026-02-07T07:16:28.220+0000] {processor.py:183} INFO - Processing /home/cloud/codings/airflow/dags/list_s3_bucket_files_dag.py took 0.085 seconds
[2026-02-07T07:16:58.353+0000] {processor.py:161} INFO - Started process (PID=126959) to work on /home/cloud/codings/airflow/dags/list_s3_bucket_files_dag.py
[2026-02-07T07:16:58.358+0000] {processor.py:830} INFO - Processing file /home/cloud/codings/airflow/dags/list_s3_bucket_files_dag.py for tasks to queue
[2026-02-07T07:16:58.359+0000] {logging_mixin.py:188} INFO - [2026-02-07T07:16:58.358+0000] {dagbag.py:545} INFO - Filling up the DagBag from /home/cloud/codings/airflow/dags/list_s3_bucket_files_dag.py
[2026-02-07T07:16:58.370+0000] {processor.py:840} INFO - DAG(s) 'list_s3_bucket_files_dag' retrieved from /home/cloud/codings/airflow/dags/list_s3_bucket_files_dag.py
[2026-02-07T07:16:58.393+0000] {logging_mixin.py:188} INFO - [2026-02-07T07:16:58.393+0000] {dag.py:3089} INFO - Sync 1 DAGs
[2026-02-07T07:16:58.411+0000] {logging_mixin.py:188} INFO - [2026-02-07T07:16:58.410+0000] {dag.py:3947} INFO - Setting next_dagrun for list_s3_bucket_files_dag to None, run_after=None
[2026-02-07T07:16:58.438+0000] {processor.py:183} INFO - Processing /home/cloud/codings/airflow/dags/list_s3_bucket_files_dag.py took 0.093 seconds
[2026-02-07T07:17:29.877+0000] {processor.py:161} INFO - Started process (PID=126970) to work on /home/cloud/codings/airflow/dags/list_s3_bucket_files_dag.py
[2026-02-07T07:17:29.882+0000] {processor.py:830} INFO - Processing file /home/cloud/codings/airflow/dags/list_s3_bucket_files_dag.py for tasks to queue
[2026-02-07T07:17:29.883+0000] {logging_mixin.py:188} INFO - [2026-02-07T07:17:29.882+0000] {dagbag.py:545} INFO - Filling up the DagBag from /home/cloud/codings/airflow/dags/list_s3_bucket_files_dag.py
[2026-02-07T07:17:29.896+0000] {processor.py:840} INFO - DAG(s) 'list_s3_bucket_files_dag' retrieved from /home/cloud/codings/airflow/dags/list_s3_bucket_files_dag.py
[2026-02-07T07:17:29.919+0000] {logging_mixin.py:188} INFO - [2026-02-07T07:17:29.919+0000] {dag.py:3089} INFO - Sync 1 DAGs
[2026-02-07T07:17:29.936+0000] {logging_mixin.py:188} INFO - [2026-02-07T07:17:29.936+0000] {dag.py:3947} INFO - Setting next_dagrun for list_s3_bucket_files_dag to None, run_after=None
[2026-02-07T07:17:29.965+0000] {processor.py:183} INFO - Processing /home/cloud/codings/airflow/dags/list_s3_bucket_files_dag.py took 0.096 seconds
[2026-02-07T07:18:00.990+0000] {processor.py:161} INFO - Started process (PID=126978) to work on /home/cloud/codings/airflow/dags/list_s3_bucket_files_dag.py
[2026-02-07T07:18:00.994+0000] {processor.py:830} INFO - Processing file /home/cloud/codings/airflow/dags/list_s3_bucket_files_dag.py for tasks to queue
[2026-02-07T07:18:00.995+0000] {logging_mixin.py:188} INFO - [2026-02-07T07:18:00.995+0000] {dagbag.py:545} INFO - Filling up the DagBag from /home/cloud/codings/airflow/dags/list_s3_bucket_files_dag.py
[2026-02-07T07:18:01.005+0000] {processor.py:840} INFO - DAG(s) 'list_s3_bucket_files_dag' retrieved from /home/cloud/codings/airflow/dags/list_s3_bucket_files_dag.py
[2026-02-07T07:18:01.024+0000] {logging_mixin.py:188} INFO - [2026-02-07T07:18:01.024+0000] {dag.py:3089} INFO - Sync 1 DAGs
[2026-02-07T07:18:01.039+0000] {logging_mixin.py:188} INFO - [2026-02-07T07:18:01.039+0000] {dag.py:3947} INFO - Setting next_dagrun for list_s3_bucket_files_dag to None, run_after=None
[2026-02-07T07:18:01.065+0000] {processor.py:183} INFO - Processing /home/cloud/codings/airflow/dags/list_s3_bucket_files_dag.py took 0.082 seconds
[2026-02-07T07:18:32.109+0000] {processor.py:161} INFO - Started process (PID=126986) to work on /home/cloud/codings/airflow/dags/list_s3_bucket_files_dag.py
[2026-02-07T07:18:32.114+0000] {processor.py:830} INFO - Processing file /home/cloud/codings/airflow/dags/list_s3_bucket_files_dag.py for tasks to queue
[2026-02-07T07:18:32.115+0000] {logging_mixin.py:188} INFO - [2026-02-07T07:18:32.115+0000] {dagbag.py:545} INFO - Filling up the DagBag from /home/cloud/codings/airflow/dags/list_s3_bucket_files_dag.py
[2026-02-07T07:18:32.127+0000] {processor.py:840} INFO - DAG(s) 'list_s3_bucket_files_dag' retrieved from /home/cloud/codings/airflow/dags/list_s3_bucket_files_dag.py
[2026-02-07T07:18:32.152+0000] {logging_mixin.py:188} INFO - [2026-02-07T07:18:32.152+0000] {dag.py:3089} INFO - Sync 1 DAGs
[2026-02-07T07:18:32.173+0000] {logging_mixin.py:188} INFO - [2026-02-07T07:18:32.173+0000] {dag.py:3947} INFO - Setting next_dagrun for list_s3_bucket_files_dag to None, run_after=None
[2026-02-07T07:18:32.206+0000] {processor.py:183} INFO - Processing /home/cloud/codings/airflow/dags/list_s3_bucket_files_dag.py took 0.109 seconds
[2026-02-07T07:19:03.217+0000] {processor.py:161} INFO - Started process (PID=126992) to work on /home/cloud/codings/airflow/dags/list_s3_bucket_files_dag.py
[2026-02-07T07:19:03.218+0000] {processor.py:830} INFO - Processing file /home/cloud/codings/airflow/dags/list_s3_bucket_files_dag.py for tasks to queue
[2026-02-07T07:19:03.219+0000] {logging_mixin.py:188} INFO - [2026-02-07T07:19:03.218+0000] {dagbag.py:545} INFO - Filling up the DagBag from /home/cloud/codings/airflow/dags/list_s3_bucket_files_dag.py
[2026-02-07T07:19:03.229+0000] {processor.py:840} INFO - DAG(s) 'list_s3_bucket_files_dag' retrieved from /home/cloud/codings/airflow/dags/list_s3_bucket_files_dag.py
[2026-02-07T07:19:03.248+0000] {logging_mixin.py:188} INFO - [2026-02-07T07:19:03.248+0000] {dag.py:3089} INFO - Sync 1 DAGs
[2026-02-07T07:19:03.263+0000] {logging_mixin.py:188} INFO - [2026-02-07T07:19:03.263+0000] {dag.py:3947} INFO - Setting next_dagrun for list_s3_bucket_files_dag to None, run_after=None
[2026-02-07T07:19:03.291+0000] {processor.py:183} INFO - Processing /home/cloud/codings/airflow/dags/list_s3_bucket_files_dag.py took 0.080 seconds
[2026-02-07T07:19:34.326+0000] {processor.py:161} INFO - Started process (PID=127000) to work on /home/cloud/codings/airflow/dags/list_s3_bucket_files_dag.py
[2026-02-07T07:19:34.331+0000] {processor.py:830} INFO - Processing file /home/cloud/codings/airflow/dags/list_s3_bucket_files_dag.py for tasks to queue
[2026-02-07T07:19:34.332+0000] {logging_mixin.py:188} INFO - [2026-02-07T07:19:34.332+0000] {dagbag.py:545} INFO - Filling up the DagBag from /home/cloud/codings/airflow/dags/list_s3_bucket_files_dag.py
[2026-02-07T07:19:34.345+0000] {processor.py:840} INFO - DAG(s) 'list_s3_bucket_files_dag' retrieved from /home/cloud/codings/airflow/dags/list_s3_bucket_files_dag.py
[2026-02-07T07:19:34.370+0000] {logging_mixin.py:188} INFO - [2026-02-07T07:19:34.370+0000] {dag.py:3089} INFO - Sync 1 DAGs
[2026-02-07T07:19:34.390+0000] {logging_mixin.py:188} INFO - [2026-02-07T07:19:34.389+0000] {dag.py:3947} INFO - Setting next_dagrun for list_s3_bucket_files_dag to None, run_after=None
[2026-02-07T07:19:34.418+0000] {processor.py:183} INFO - Processing /home/cloud/codings/airflow/dags/list_s3_bucket_files_dag.py took 0.098 seconds
[2026-02-07T07:20:05.443+0000] {processor.py:161} INFO - Started process (PID=127010) to work on /home/cloud/codings/airflow/dags/list_s3_bucket_files_dag.py
[2026-02-07T07:20:05.448+0000] {processor.py:830} INFO - Processing file /home/cloud/codings/airflow/dags/list_s3_bucket_files_dag.py for tasks to queue
[2026-02-07T07:20:05.449+0000] {logging_mixin.py:188} INFO - [2026-02-07T07:20:05.448+0000] {dagbag.py:545} INFO - Filling up the DagBag from /home/cloud/codings/airflow/dags/list_s3_bucket_files_dag.py
[2026-02-07T07:20:05.459+0000] {processor.py:840} INFO - DAG(s) 'list_s3_bucket_files_dag' retrieved from /home/cloud/codings/airflow/dags/list_s3_bucket_files_dag.py
[2026-02-07T07:20:05.483+0000] {logging_mixin.py:188} INFO - [2026-02-07T07:20:05.483+0000] {dag.py:3089} INFO - Sync 1 DAGs
[2026-02-07T07:20:05.501+0000] {logging_mixin.py:188} INFO - [2026-02-07T07:20:05.501+0000] {dag.py:3947} INFO - Setting next_dagrun for list_s3_bucket_files_dag to None, run_after=None
[2026-02-07T07:20:05.532+0000] {processor.py:183} INFO - Processing /home/cloud/codings/airflow/dags/list_s3_bucket_files_dag.py took 0.096 seconds
[2026-02-07T07:20:35.607+0000] {processor.py:161} INFO - Started process (PID=127020) to work on /home/cloud/codings/airflow/dags/list_s3_bucket_files_dag.py
[2026-02-07T07:20:35.626+0000] {processor.py:830} INFO - Processing file /home/cloud/codings/airflow/dags/list_s3_bucket_files_dag.py for tasks to queue
[2026-02-07T07:20:35.628+0000] {logging_mixin.py:188} INFO - [2026-02-07T07:20:35.627+0000] {dagbag.py:545} INFO - Filling up the DagBag from /home/cloud/codings/airflow/dags/list_s3_bucket_files_dag.py
[2026-02-07T07:20:35.655+0000] {processor.py:840} INFO - DAG(s) 'list_s3_bucket_files_dag' retrieved from /home/cloud/codings/airflow/dags/list_s3_bucket_files_dag.py
[2026-02-07T07:20:35.726+0000] {logging_mixin.py:188} INFO - [2026-02-07T07:20:35.725+0000] {dag.py:3089} INFO - Sync 1 DAGs
[2026-02-07T07:20:35.776+0000] {logging_mixin.py:188} INFO - [2026-02-07T07:20:35.775+0000] {dag.py:3947} INFO - Setting next_dagrun for list_s3_bucket_files_dag to None, run_after=None
[2026-02-07T07:20:35.858+0000] {processor.py:183} INFO - Processing /home/cloud/codings/airflow/dags/list_s3_bucket_files_dag.py took 0.267 seconds
[2026-02-07T07:21:06.159+0000] {processor.py:161} INFO - Started process (PID=127030) to work on /home/cloud/codings/airflow/dags/list_s3_bucket_files_dag.py
[2026-02-07T07:21:06.160+0000] {processor.py:830} INFO - Processing file /home/cloud/codings/airflow/dags/list_s3_bucket_files_dag.py for tasks to queue
[2026-02-07T07:21:06.161+0000] {logging_mixin.py:188} INFO - [2026-02-07T07:21:06.161+0000] {dagbag.py:545} INFO - Filling up the DagBag from /home/cloud/codings/airflow/dags/list_s3_bucket_files_dag.py
[2026-02-07T07:21:06.171+0000] {processor.py:840} INFO - DAG(s) 'list_s3_bucket_files_dag' retrieved from /home/cloud/codings/airflow/dags/list_s3_bucket_files_dag.py
[2026-02-07T07:21:06.192+0000] {logging_mixin.py:188} INFO - [2026-02-07T07:21:06.192+0000] {dag.py:3089} INFO - Sync 1 DAGs
[2026-02-07T07:21:06.207+0000] {logging_mixin.py:188} INFO - [2026-02-07T07:21:06.207+0000] {dag.py:3947} INFO - Setting next_dagrun for list_s3_bucket_files_dag to None, run_after=None
[2026-02-07T07:21:06.231+0000] {processor.py:183} INFO - Processing /home/cloud/codings/airflow/dags/list_s3_bucket_files_dag.py took 0.079 seconds
[2026-02-07T07:21:36.433+0000] {processor.py:161} INFO - Started process (PID=127040) to work on /home/cloud/codings/airflow/dags/list_s3_bucket_files_dag.py
[2026-02-07T07:21:36.435+0000] {processor.py:830} INFO - Processing file /home/cloud/codings/airflow/dags/list_s3_bucket_files_dag.py for tasks to queue
[2026-02-07T07:21:36.436+0000] {logging_mixin.py:188} INFO - [2026-02-07T07:21:36.435+0000] {dagbag.py:545} INFO - Filling up the DagBag from /home/cloud/codings/airflow/dags/list_s3_bucket_files_dag.py
[2026-02-07T07:21:36.445+0000] {processor.py:840} INFO - DAG(s) 'list_s3_bucket_files_dag' retrieved from /home/cloud/codings/airflow/dags/list_s3_bucket_files_dag.py
[2026-02-07T07:21:36.468+0000] {logging_mixin.py:188} INFO - [2026-02-07T07:21:36.468+0000] {dag.py:3089} INFO - Sync 1 DAGs
[2026-02-07T07:21:36.484+0000] {logging_mixin.py:188} INFO - [2026-02-07T07:21:36.484+0000] {dag.py:3947} INFO - Setting next_dagrun for list_s3_bucket_files_dag to None, run_after=None
[2026-02-07T07:21:36.509+0000] {processor.py:183} INFO - Processing /home/cloud/codings/airflow/dags/list_s3_bucket_files_dag.py took 0.081 seconds
[2026-02-07T07:22:06.894+0000] {processor.py:161} INFO - Started process (PID=127051) to work on /home/cloud/codings/airflow/dags/list_s3_bucket_files_dag.py
[2026-02-07T07:22:06.911+0000] {processor.py:830} INFO - Processing file /home/cloud/codings/airflow/dags/list_s3_bucket_files_dag.py for tasks to queue
[2026-02-07T07:22:06.912+0000] {logging_mixin.py:188} INFO - [2026-02-07T07:22:06.911+0000] {dagbag.py:545} INFO - Filling up the DagBag from /home/cloud/codings/airflow/dags/list_s3_bucket_files_dag.py
[2026-02-07T07:22:06.921+0000] {processor.py:840} INFO - DAG(s) 'list_s3_bucket_files_dag' retrieved from /home/cloud/codings/airflow/dags/list_s3_bucket_files_dag.py
[2026-02-07T07:22:06.943+0000] {logging_mixin.py:188} INFO - [2026-02-07T07:22:06.943+0000] {dag.py:3089} INFO - Sync 1 DAGs
[2026-02-07T07:22:06.957+0000] {logging_mixin.py:188} INFO - [2026-02-07T07:22:06.956+0000] {dag.py:3947} INFO - Setting next_dagrun for list_s3_bucket_files_dag to None, run_after=None
[2026-02-07T07:22:06.979+0000] {processor.py:183} INFO - Processing /home/cloud/codings/airflow/dags/list_s3_bucket_files_dag.py took 0.091 seconds
[2026-02-07T07:22:37.709+0000] {processor.py:161} INFO - Started process (PID=127059) to work on /home/cloud/codings/airflow/dags/list_s3_bucket_files_dag.py
[2026-02-07T07:22:37.712+0000] {processor.py:830} INFO - Processing file /home/cloud/codings/airflow/dags/list_s3_bucket_files_dag.py for tasks to queue
[2026-02-07T07:22:37.714+0000] {logging_mixin.py:188} INFO - [2026-02-07T07:22:37.713+0000] {dagbag.py:545} INFO - Filling up the DagBag from /home/cloud/codings/airflow/dags/list_s3_bucket_files_dag.py
[2026-02-07T07:22:37.740+0000] {processor.py:840} INFO - DAG(s) 'list_s3_bucket_files_dag' retrieved from /home/cloud/codings/airflow/dags/list_s3_bucket_files_dag.py
[2026-02-07T07:22:37.784+0000] {logging_mixin.py:188} INFO - [2026-02-07T07:22:37.784+0000] {dag.py:3089} INFO - Sync 1 DAGs
[2026-02-07T07:22:37.802+0000] {logging_mixin.py:188} INFO - [2026-02-07T07:22:37.802+0000] {dag.py:3947} INFO - Setting next_dagrun for list_s3_bucket_files_dag to None, run_after=None
[2026-02-07T07:22:37.828+0000] {processor.py:183} INFO - Processing /home/cloud/codings/airflow/dags/list_s3_bucket_files_dag.py took 0.136 seconds
[2026-02-07T07:23:08.373+0000] {processor.py:161} INFO - Started process (PID=127067) to work on /home/cloud/codings/airflow/dags/list_s3_bucket_files_dag.py
[2026-02-07T07:23:08.375+0000] {processor.py:830} INFO - Processing file /home/cloud/codings/airflow/dags/list_s3_bucket_files_dag.py for tasks to queue
[2026-02-07T07:23:08.376+0000] {logging_mixin.py:188} INFO - [2026-02-07T07:23:08.376+0000] {dagbag.py:545} INFO - Filling up the DagBag from /home/cloud/codings/airflow/dags/list_s3_bucket_files_dag.py
[2026-02-07T07:23:08.389+0000] {processor.py:840} INFO - DAG(s) 'list_s3_bucket_files_dag' retrieved from /home/cloud/codings/airflow/dags/list_s3_bucket_files_dag.py
[2026-02-07T07:23:08.414+0000] {logging_mixin.py:188} INFO - [2026-02-07T07:23:08.414+0000] {dag.py:3089} INFO - Sync 1 DAGs
[2026-02-07T07:23:08.434+0000] {logging_mixin.py:188} INFO - [2026-02-07T07:23:08.434+0000] {dag.py:3947} INFO - Setting next_dagrun for list_s3_bucket_files_dag to None, run_after=None
[2026-02-07T07:23:08.469+0000] {processor.py:183} INFO - Processing /home/cloud/codings/airflow/dags/list_s3_bucket_files_dag.py took 0.104 seconds
[2026-02-07T07:23:38.646+0000] {processor.py:161} INFO - Started process (PID=127075) to work on /home/cloud/codings/airflow/dags/list_s3_bucket_files_dag.py
[2026-02-07T07:23:38.651+0000] {processor.py:830} INFO - Processing file /home/cloud/codings/airflow/dags/list_s3_bucket_files_dag.py for tasks to queue
[2026-02-07T07:23:38.652+0000] {logging_mixin.py:188} INFO - [2026-02-07T07:23:38.652+0000] {dagbag.py:545} INFO - Filling up the DagBag from /home/cloud/codings/airflow/dags/list_s3_bucket_files_dag.py
[2026-02-07T07:23:38.662+0000] {processor.py:840} INFO - DAG(s) 'list_s3_bucket_files_dag' retrieved from /home/cloud/codings/airflow/dags/list_s3_bucket_files_dag.py
[2026-02-07T07:23:38.685+0000] {logging_mixin.py:188} INFO - [2026-02-07T07:23:38.685+0000] {dag.py:3089} INFO - Sync 1 DAGs
[2026-02-07T07:23:38.704+0000] {logging_mixin.py:188} INFO - [2026-02-07T07:23:38.704+0000] {dag.py:3947} INFO - Setting next_dagrun for list_s3_bucket_files_dag to None, run_after=None
[2026-02-07T07:23:38.730+0000] {processor.py:183} INFO - Processing /home/cloud/codings/airflow/dags/list_s3_bucket_files_dag.py took 0.090 seconds
[2026-02-07T07:24:09.628+0000] {processor.py:161} INFO - Started process (PID=127083) to work on /home/cloud/codings/airflow/dags/list_s3_bucket_files_dag.py
[2026-02-07T07:24:09.654+0000] {processor.py:830} INFO - Processing file /home/cloud/codings/airflow/dags/list_s3_bucket_files_dag.py for tasks to queue
[2026-02-07T07:24:09.657+0000] {logging_mixin.py:188} INFO - [2026-02-07T07:24:09.656+0000] {dagbag.py:545} INFO - Filling up the DagBag from /home/cloud/codings/airflow/dags/list_s3_bucket_files_dag.py
[2026-02-07T07:24:09.687+0000] {processor.py:840} INFO - DAG(s) 'list_s3_bucket_files_dag' retrieved from /home/cloud/codings/airflow/dags/list_s3_bucket_files_dag.py
[2026-02-07T07:24:09.747+0000] {logging_mixin.py:188} INFO - [2026-02-07T07:24:09.747+0000] {dag.py:3089} INFO - Sync 1 DAGs
[2026-02-07T07:24:09.790+0000] {logging_mixin.py:188} INFO - [2026-02-07T07:24:09.790+0000] {dag.py:3947} INFO - Setting next_dagrun for list_s3_bucket_files_dag to None, run_after=None
[2026-02-07T07:24:09.849+0000] {processor.py:183} INFO - Processing /home/cloud/codings/airflow/dags/list_s3_bucket_files_dag.py took 0.233 seconds
[2026-02-07T07:24:40.012+0000] {processor.py:161} INFO - Started process (PID=127093) to work on /home/cloud/codings/airflow/dags/list_s3_bucket_files_dag.py
[2026-02-07T07:24:40.013+0000] {processor.py:830} INFO - Processing file /home/cloud/codings/airflow/dags/list_s3_bucket_files_dag.py for tasks to queue
[2026-02-07T07:24:40.015+0000] {logging_mixin.py:188} INFO - [2026-02-07T07:24:40.014+0000] {dagbag.py:545} INFO - Filling up the DagBag from /home/cloud/codings/airflow/dags/list_s3_bucket_files_dag.py
[2026-02-07T07:24:40.024+0000] {processor.py:840} INFO - DAG(s) 'list_s3_bucket_files_dag' retrieved from /home/cloud/codings/airflow/dags/list_s3_bucket_files_dag.py
[2026-02-07T07:24:40.047+0000] {logging_mixin.py:188} INFO - [2026-02-07T07:24:40.047+0000] {dag.py:3089} INFO - Sync 1 DAGs
[2026-02-07T07:24:40.064+0000] {logging_mixin.py:188} INFO - [2026-02-07T07:24:40.063+0000] {dag.py:3947} INFO - Setting next_dagrun for list_s3_bucket_files_dag to None, run_after=None
[2026-02-07T07:24:40.088+0000] {processor.py:183} INFO - Processing /home/cloud/codings/airflow/dags/list_s3_bucket_files_dag.py took 0.081 seconds
[2026-02-07T07:25:10.425+0000] {processor.py:161} INFO - Started process (PID=127101) to work on /home/cloud/codings/airflow/dags/list_s3_bucket_files_dag.py
[2026-02-07T07:25:10.446+0000] {processor.py:830} INFO - Processing file /home/cloud/codings/airflow/dags/list_s3_bucket_files_dag.py for tasks to queue
[2026-02-07T07:25:10.447+0000] {logging_mixin.py:188} INFO - [2026-02-07T07:25:10.447+0000] {dagbag.py:545} INFO - Filling up the DagBag from /home/cloud/codings/airflow/dags/list_s3_bucket_files_dag.py
[2026-02-07T07:25:10.461+0000] {processor.py:840} INFO - DAG(s) 'list_s3_bucket_files_dag' retrieved from /home/cloud/codings/airflow/dags/list_s3_bucket_files_dag.py
[2026-02-07T07:25:10.491+0000] {logging_mixin.py:188} INFO - [2026-02-07T07:25:10.491+0000] {dag.py:3089} INFO - Sync 1 DAGs
[2026-02-07T07:25:10.510+0000] {logging_mixin.py:188} INFO - [2026-02-07T07:25:10.509+0000] {dag.py:3947} INFO - Setting next_dagrun for list_s3_bucket_files_dag to None, run_after=None
[2026-02-07T07:25:10.542+0000] {processor.py:183} INFO - Processing /home/cloud/codings/airflow/dags/list_s3_bucket_files_dag.py took 0.127 seconds
[2026-02-07T07:25:41.284+0000] {processor.py:161} INFO - Started process (PID=127111) to work on /home/cloud/codings/airflow/dags/list_s3_bucket_files_dag.py
[2026-02-07T07:25:41.286+0000] {processor.py:830} INFO - Processing file /home/cloud/codings/airflow/dags/list_s3_bucket_files_dag.py for tasks to queue
[2026-02-07T07:25:41.287+0000] {logging_mixin.py:188} INFO - [2026-02-07T07:25:41.286+0000] {dagbag.py:545} INFO - Filling up the DagBag from /home/cloud/codings/airflow/dags/list_s3_bucket_files_dag.py
[2026-02-07T07:25:41.297+0000] {processor.py:840} INFO - DAG(s) 'list_s3_bucket_files_dag' retrieved from /home/cloud/codings/airflow/dags/list_s3_bucket_files_dag.py
[2026-02-07T07:25:41.319+0000] {logging_mixin.py:188} INFO - [2026-02-07T07:25:41.319+0000] {dag.py:3089} INFO - Sync 1 DAGs
[2026-02-07T07:25:41.334+0000] {logging_mixin.py:188} INFO - [2026-02-07T07:25:41.334+0000] {dag.py:3947} INFO - Setting next_dagrun for list_s3_bucket_files_dag to None, run_after=None
[2026-02-07T07:25:41.359+0000] {processor.py:183} INFO - Processing /home/cloud/codings/airflow/dags/list_s3_bucket_files_dag.py took 0.081 seconds
[2026-02-07T07:26:11.986+0000] {processor.py:161} INFO - Started process (PID=127121) to work on /home/cloud/codings/airflow/dags/list_s3_bucket_files_dag.py
[2026-02-07T07:26:11.987+0000] {processor.py:830} INFO - Processing file /home/cloud/codings/airflow/dags/list_s3_bucket_files_dag.py for tasks to queue
[2026-02-07T07:26:11.989+0000] {logging_mixin.py:188} INFO - [2026-02-07T07:26:11.988+0000] {dagbag.py:545} INFO - Filling up the DagBag from /home/cloud/codings/airflow/dags/list_s3_bucket_files_dag.py
[2026-02-07T07:26:12.000+0000] {processor.py:840} INFO - DAG(s) 'list_s3_bucket_files_dag' retrieved from /home/cloud/codings/airflow/dags/list_s3_bucket_files_dag.py
[2026-02-07T07:26:12.026+0000] {logging_mixin.py:188} INFO - [2026-02-07T07:26:12.025+0000] {dag.py:3089} INFO - Sync 1 DAGs
[2026-02-07T07:26:12.043+0000] {logging_mixin.py:188} INFO - [2026-02-07T07:26:12.043+0000] {dag.py:3947} INFO - Setting next_dagrun for list_s3_bucket_files_dag to None, run_after=None
[2026-02-07T07:26:12.070+0000] {processor.py:183} INFO - Processing /home/cloud/codings/airflow/dags/list_s3_bucket_files_dag.py took 0.091 seconds
[2026-02-07T07:26:42.957+0000] {processor.py:161} INFO - Started process (PID=127131) to work on /home/cloud/codings/airflow/dags/list_s3_bucket_files_dag.py
[2026-02-07T07:26:42.958+0000] {processor.py:830} INFO - Processing file /home/cloud/codings/airflow/dags/list_s3_bucket_files_dag.py for tasks to queue
[2026-02-07T07:26:42.959+0000] {logging_mixin.py:188} INFO - [2026-02-07T07:26:42.959+0000] {dagbag.py:545} INFO - Filling up the DagBag from /home/cloud/codings/airflow/dags/list_s3_bucket_files_dag.py
[2026-02-07T07:26:42.969+0000] {processor.py:840} INFO - DAG(s) 'list_s3_bucket_files_dag' retrieved from /home/cloud/codings/airflow/dags/list_s3_bucket_files_dag.py
[2026-02-07T07:26:42.992+0000] {logging_mixin.py:188} INFO - [2026-02-07T07:26:42.992+0000] {dag.py:3089} INFO - Sync 1 DAGs
[2026-02-07T07:26:43.007+0000] {logging_mixin.py:188} INFO - [2026-02-07T07:26:43.007+0000] {dag.py:3947} INFO - Setting next_dagrun for list_s3_bucket_files_dag to None, run_after=None
[2026-02-07T07:26:43.034+0000] {processor.py:183} INFO - Processing /home/cloud/codings/airflow/dags/list_s3_bucket_files_dag.py took 0.084 seconds
[2026-02-07T07:27:13.200+0000] {processor.py:161} INFO - Started process (PID=127141) to work on /home/cloud/codings/airflow/dags/list_s3_bucket_files_dag.py
[2026-02-07T07:27:13.206+0000] {processor.py:830} INFO - Processing file /home/cloud/codings/airflow/dags/list_s3_bucket_files_dag.py for tasks to queue
[2026-02-07T07:27:13.207+0000] {logging_mixin.py:188} INFO - [2026-02-07T07:27:13.206+0000] {dagbag.py:545} INFO - Filling up the DagBag from /home/cloud/codings/airflow/dags/list_s3_bucket_files_dag.py
[2026-02-07T07:27:13.220+0000] {processor.py:840} INFO - DAG(s) 'list_s3_bucket_files_dag' retrieved from /home/cloud/codings/airflow/dags/list_s3_bucket_files_dag.py
[2026-02-07T07:27:13.246+0000] {logging_mixin.py:188} INFO - [2026-02-07T07:27:13.245+0000] {dag.py:3089} INFO - Sync 1 DAGs
[2026-02-07T07:27:13.263+0000] {logging_mixin.py:188} INFO - [2026-02-07T07:27:13.263+0000] {dag.py:3947} INFO - Setting next_dagrun for list_s3_bucket_files_dag to None, run_after=None
[2026-02-07T07:27:13.291+0000] {processor.py:183} INFO - Processing /home/cloud/codings/airflow/dags/list_s3_bucket_files_dag.py took 0.097 seconds
[2026-02-07T07:27:44.072+0000] {processor.py:161} INFO - Started process (PID=127149) to work on /home/cloud/codings/airflow/dags/list_s3_bucket_files_dag.py
[2026-02-07T07:27:44.077+0000] {processor.py:830} INFO - Processing file /home/cloud/codings/airflow/dags/list_s3_bucket_files_dag.py for tasks to queue
[2026-02-07T07:27:44.079+0000] {logging_mixin.py:188} INFO - [2026-02-07T07:27:44.079+0000] {dagbag.py:545} INFO - Filling up the DagBag from /home/cloud/codings/airflow/dags/list_s3_bucket_files_dag.py
[2026-02-07T07:27:44.090+0000] {processor.py:840} INFO - DAG(s) 'list_s3_bucket_files_dag' retrieved from /home/cloud/codings/airflow/dags/list_s3_bucket_files_dag.py
[2026-02-07T07:27:44.111+0000] {logging_mixin.py:188} INFO - [2026-02-07T07:27:44.111+0000] {dag.py:3089} INFO - Sync 1 DAGs
[2026-02-07T07:27:44.127+0000] {logging_mixin.py:188} INFO - [2026-02-07T07:27:44.127+0000] {dag.py:3947} INFO - Setting next_dagrun for list_s3_bucket_files_dag to None, run_after=None
[2026-02-07T07:27:44.153+0000] {processor.py:183} INFO - Processing /home/cloud/codings/airflow/dags/list_s3_bucket_files_dag.py took 0.088 seconds
[2026-02-07T07:28:14.857+0000] {processor.py:161} INFO - Started process (PID=127159) to work on /home/cloud/codings/airflow/dags/list_s3_bucket_files_dag.py
[2026-02-07T07:28:14.858+0000] {processor.py:830} INFO - Processing file /home/cloud/codings/airflow/dags/list_s3_bucket_files_dag.py for tasks to queue
[2026-02-07T07:28:14.859+0000] {logging_mixin.py:188} INFO - [2026-02-07T07:28:14.859+0000] {dagbag.py:545} INFO - Filling up the DagBag from /home/cloud/codings/airflow/dags/list_s3_bucket_files_dag.py
[2026-02-07T07:28:14.872+0000] {processor.py:840} INFO - DAG(s) 'list_s3_bucket_files_dag' retrieved from /home/cloud/codings/airflow/dags/list_s3_bucket_files_dag.py
[2026-02-07T07:28:14.893+0000] {logging_mixin.py:188} INFO - [2026-02-07T07:28:14.893+0000] {dag.py:3089} INFO - Sync 1 DAGs
[2026-02-07T07:28:14.909+0000] {logging_mixin.py:188} INFO - [2026-02-07T07:28:14.909+0000] {dag.py:3947} INFO - Setting next_dagrun for list_s3_bucket_files_dag to None, run_after=None
[2026-02-07T07:28:14.937+0000] {processor.py:183} INFO - Processing /home/cloud/codings/airflow/dags/list_s3_bucket_files_dag.py took 0.089 seconds
[2026-02-07T07:28:45.758+0000] {processor.py:161} INFO - Started process (PID=127167) to work on /home/cloud/codings/airflow/dags/list_s3_bucket_files_dag.py
[2026-02-07T07:28:45.760+0000] {processor.py:830} INFO - Processing file /home/cloud/codings/airflow/dags/list_s3_bucket_files_dag.py for tasks to queue
[2026-02-07T07:28:45.761+0000] {logging_mixin.py:188} INFO - [2026-02-07T07:28:45.760+0000] {dagbag.py:545} INFO - Filling up the DagBag from /home/cloud/codings/airflow/dags/list_s3_bucket_files_dag.py
[2026-02-07T07:28:45.770+0000] {processor.py:840} INFO - DAG(s) 'list_s3_bucket_files_dag' retrieved from /home/cloud/codings/airflow/dags/list_s3_bucket_files_dag.py
[2026-02-07T07:28:45.790+0000] {logging_mixin.py:188} INFO - [2026-02-07T07:28:45.790+0000] {dag.py:3089} INFO - Sync 1 DAGs
[2026-02-07T07:28:45.804+0000] {logging_mixin.py:188} INFO - [2026-02-07T07:28:45.804+0000] {dag.py:3947} INFO - Setting next_dagrun for list_s3_bucket_files_dag to None, run_after=None
[2026-02-07T07:28:45.830+0000] {processor.py:183} INFO - Processing /home/cloud/codings/airflow/dags/list_s3_bucket_files_dag.py took 0.078 seconds
[2026-02-07T07:29:15.953+0000] {processor.py:161} INFO - Started process (PID=127175) to work on /home/cloud/codings/airflow/dags/list_s3_bucket_files_dag.py
[2026-02-07T07:29:15.954+0000] {processor.py:830} INFO - Processing file /home/cloud/codings/airflow/dags/list_s3_bucket_files_dag.py for tasks to queue
[2026-02-07T07:29:15.955+0000] {logging_mixin.py:188} INFO - [2026-02-07T07:29:15.954+0000] {dagbag.py:545} INFO - Filling up the DagBag from /home/cloud/codings/airflow/dags/list_s3_bucket_files_dag.py
[2026-02-07T07:29:15.965+0000] {processor.py:840} INFO - DAG(s) 'list_s3_bucket_files_dag' retrieved from /home/cloud/codings/airflow/dags/list_s3_bucket_files_dag.py
[2026-02-07T07:29:15.985+0000] {logging_mixin.py:188} INFO - [2026-02-07T07:29:15.985+0000] {dag.py:3089} INFO - Sync 1 DAGs
[2026-02-07T07:29:15.999+0000] {logging_mixin.py:188} INFO - [2026-02-07T07:29:15.999+0000] {dag.py:3947} INFO - Setting next_dagrun for list_s3_bucket_files_dag to None, run_after=None
[2026-02-07T07:29:16.024+0000] {processor.py:183} INFO - Processing /home/cloud/codings/airflow/dags/list_s3_bucket_files_dag.py took 0.077 seconds
[2026-02-07T07:29:46.802+0000] {processor.py:161} INFO - Started process (PID=127183) to work on /home/cloud/codings/airflow/dags/list_s3_bucket_files_dag.py
[2026-02-07T07:29:46.807+0000] {processor.py:830} INFO - Processing file /home/cloud/codings/airflow/dags/list_s3_bucket_files_dag.py for tasks to queue
[2026-02-07T07:29:46.808+0000] {logging_mixin.py:188} INFO - [2026-02-07T07:29:46.808+0000] {dagbag.py:545} INFO - Filling up the DagBag from /home/cloud/codings/airflow/dags/list_s3_bucket_files_dag.py
[2026-02-07T07:29:46.819+0000] {processor.py:840} INFO - DAG(s) 'list_s3_bucket_files_dag' retrieved from /home/cloud/codings/airflow/dags/list_s3_bucket_files_dag.py
[2026-02-07T07:29:46.839+0000] {logging_mixin.py:188} INFO - [2026-02-07T07:29:46.838+0000] {dag.py:3089} INFO - Sync 1 DAGs
[2026-02-07T07:29:46.854+0000] {logging_mixin.py:188} INFO - [2026-02-07T07:29:46.854+0000] {dag.py:3947} INFO - Setting next_dagrun for list_s3_bucket_files_dag to None, run_after=None
[2026-02-07T07:29:46.880+0000] {processor.py:183} INFO - Processing /home/cloud/codings/airflow/dags/list_s3_bucket_files_dag.py took 0.085 seconds
[2026-02-07T07:30:17.614+0000] {processor.py:161} INFO - Started process (PID=127193) to work on /home/cloud/codings/airflow/dags/list_s3_bucket_files_dag.py
[2026-02-07T07:30:17.615+0000] {processor.py:830} INFO - Processing file /home/cloud/codings/airflow/dags/list_s3_bucket_files_dag.py for tasks to queue
[2026-02-07T07:30:17.616+0000] {logging_mixin.py:188} INFO - [2026-02-07T07:30:17.616+0000] {dagbag.py:545} INFO - Filling up the DagBag from /home/cloud/codings/airflow/dags/list_s3_bucket_files_dag.py
[2026-02-07T07:30:17.627+0000] {processor.py:840} INFO - DAG(s) 'list_s3_bucket_files_dag' retrieved from /home/cloud/codings/airflow/dags/list_s3_bucket_files_dag.py
[2026-02-07T07:30:17.651+0000] {logging_mixin.py:188} INFO - [2026-02-07T07:30:17.650+0000] {dag.py:3089} INFO - Sync 1 DAGs
[2026-02-07T07:30:17.672+0000] {logging_mixin.py:188} INFO - [2026-02-07T07:30:17.672+0000] {dag.py:3947} INFO - Setting next_dagrun for list_s3_bucket_files_dag to None, run_after=None
[2026-02-07T07:30:17.713+0000] {processor.py:183} INFO - Processing /home/cloud/codings/airflow/dags/list_s3_bucket_files_dag.py took 0.105 seconds
[2026-02-07T07:30:48.595+0000] {processor.py:161} INFO - Started process (PID=127201) to work on /home/cloud/codings/airflow/dags/list_s3_bucket_files_dag.py
[2026-02-07T07:30:48.601+0000] {processor.py:830} INFO - Processing file /home/cloud/codings/airflow/dags/list_s3_bucket_files_dag.py for tasks to queue
[2026-02-07T07:30:48.603+0000] {logging_mixin.py:188} INFO - [2026-02-07T07:30:48.602+0000] {dagbag.py:545} INFO - Filling up the DagBag from /home/cloud/codings/airflow/dags/list_s3_bucket_files_dag.py
[2026-02-07T07:30:48.621+0000] {processor.py:840} INFO - DAG(s) 'list_s3_bucket_files_dag' retrieved from /home/cloud/codings/airflow/dags/list_s3_bucket_files_dag.py
[2026-02-07T07:30:48.652+0000] {logging_mixin.py:188} INFO - [2026-02-07T07:30:48.651+0000] {dag.py:3089} INFO - Sync 1 DAGs
[2026-02-07T07:30:48.670+0000] {logging_mixin.py:188} INFO - [2026-02-07T07:30:48.670+0000] {dag.py:3947} INFO - Setting next_dagrun for list_s3_bucket_files_dag to None, run_after=None
[2026-02-07T07:30:48.703+0000] {processor.py:183} INFO - Processing /home/cloud/codings/airflow/dags/list_s3_bucket_files_dag.py took 0.121 seconds
[2026-02-07T07:31:19.597+0000] {processor.py:161} INFO - Started process (PID=127209) to work on /home/cloud/codings/airflow/dags/list_s3_bucket_files_dag.py
[2026-02-07T07:31:19.599+0000] {processor.py:830} INFO - Processing file /home/cloud/codings/airflow/dags/list_s3_bucket_files_dag.py for tasks to queue
[2026-02-07T07:31:19.600+0000] {logging_mixin.py:188} INFO - [2026-02-07T07:31:19.599+0000] {dagbag.py:545} INFO - Filling up the DagBag from /home/cloud/codings/airflow/dags/list_s3_bucket_files_dag.py
[2026-02-07T07:31:19.613+0000] {processor.py:840} INFO - DAG(s) 'list_s3_bucket_files_dag' retrieved from /home/cloud/codings/airflow/dags/list_s3_bucket_files_dag.py
[2026-02-07T07:31:19.637+0000] {logging_mixin.py:188} INFO - [2026-02-07T07:31:19.636+0000] {dag.py:3089} INFO - Sync 1 DAGs
[2026-02-07T07:31:19.654+0000] {logging_mixin.py:188} INFO - [2026-02-07T07:31:19.654+0000] {dag.py:3947} INFO - Setting next_dagrun for list_s3_bucket_files_dag to None, run_after=None
[2026-02-07T07:31:19.682+0000] {processor.py:183} INFO - Processing /home/cloud/codings/airflow/dags/list_s3_bucket_files_dag.py took 0.091 seconds
[2026-02-07T07:31:50.539+0000] {processor.py:161} INFO - Started process (PID=127215) to work on /home/cloud/codings/airflow/dags/list_s3_bucket_files_dag.py
[2026-02-07T07:31:50.540+0000] {processor.py:830} INFO - Processing file /home/cloud/codings/airflow/dags/list_s3_bucket_files_dag.py for tasks to queue
[2026-02-07T07:31:50.542+0000] {logging_mixin.py:188} INFO - [2026-02-07T07:31:50.541+0000] {dagbag.py:545} INFO - Filling up the DagBag from /home/cloud/codings/airflow/dags/list_s3_bucket_files_dag.py
[2026-02-07T07:31:50.554+0000] {processor.py:840} INFO - DAG(s) 'list_s3_bucket_files_dag' retrieved from /home/cloud/codings/airflow/dags/list_s3_bucket_files_dag.py
[2026-02-07T07:31:50.580+0000] {logging_mixin.py:188} INFO - [2026-02-07T07:31:50.579+0000] {dag.py:3089} INFO - Sync 1 DAGs
[2026-02-07T07:31:50.597+0000] {logging_mixin.py:188} INFO - [2026-02-07T07:31:50.597+0000] {dag.py:3947} INFO - Setting next_dagrun for list_s3_bucket_files_dag to None, run_after=None
[2026-02-07T07:31:50.629+0000] {processor.py:183} INFO - Processing /home/cloud/codings/airflow/dags/list_s3_bucket_files_dag.py took 0.099 seconds
[2026-02-07T07:32:21.574+0000] {processor.py:161} INFO - Started process (PID=127227) to work on /home/cloud/codings/airflow/dags/list_s3_bucket_files_dag.py
[2026-02-07T07:32:21.575+0000] {processor.py:830} INFO - Processing file /home/cloud/codings/airflow/dags/list_s3_bucket_files_dag.py for tasks to queue
[2026-02-07T07:32:21.576+0000] {logging_mixin.py:188} INFO - [2026-02-07T07:32:21.575+0000] {dagbag.py:545} INFO - Filling up the DagBag from /home/cloud/codings/airflow/dags/list_s3_bucket_files_dag.py
[2026-02-07T07:32:21.596+0000] {processor.py:840} INFO - DAG(s) 'list_s3_bucket_files_dag' retrieved from /home/cloud/codings/airflow/dags/list_s3_bucket_files_dag.py
[2026-02-07T07:32:21.626+0000] {logging_mixin.py:188} INFO - [2026-02-07T07:32:21.626+0000] {dag.py:3089} INFO - Sync 1 DAGs
[2026-02-07T07:32:21.645+0000] {logging_mixin.py:188} INFO - [2026-02-07T07:32:21.645+0000] {dag.py:3947} INFO - Setting next_dagrun for list_s3_bucket_files_dag to None, run_after=None
[2026-02-07T07:32:21.672+0000] {processor.py:183} INFO - Processing /home/cloud/codings/airflow/dags/list_s3_bucket_files_dag.py took 0.111 seconds
[2026-02-07T07:32:52.574+0000] {processor.py:161} INFO - Started process (PID=127235) to work on /home/cloud/codings/airflow/dags/list_s3_bucket_files_dag.py
[2026-02-07T07:32:52.576+0000] {processor.py:830} INFO - Processing file /home/cloud/codings/airflow/dags/list_s3_bucket_files_dag.py for tasks to queue
[2026-02-07T07:32:52.577+0000] {logging_mixin.py:188} INFO - [2026-02-07T07:32:52.576+0000] {dagbag.py:545} INFO - Filling up the DagBag from /home/cloud/codings/airflow/dags/list_s3_bucket_files_dag.py
[2026-02-07T07:32:52.589+0000] {processor.py:840} INFO - DAG(s) 'list_s3_bucket_files_dag' retrieved from /home/cloud/codings/airflow/dags/list_s3_bucket_files_dag.py
[2026-02-07T07:32:52.615+0000] {logging_mixin.py:188} INFO - [2026-02-07T07:32:52.614+0000] {dag.py:3089} INFO - Sync 1 DAGs
[2026-02-07T07:32:52.633+0000] {logging_mixin.py:188} INFO - [2026-02-07T07:32:52.632+0000] {dag.py:3947} INFO - Setting next_dagrun for list_s3_bucket_files_dag to None, run_after=None
[2026-02-07T07:32:52.660+0000] {processor.py:183} INFO - Processing /home/cloud/codings/airflow/dags/list_s3_bucket_files_dag.py took 0.093 seconds
[2026-02-07T07:33:23.498+0000] {processor.py:161} INFO - Started process (PID=127243) to work on /home/cloud/codings/airflow/dags/list_s3_bucket_files_dag.py
[2026-02-07T07:33:23.498+0000] {processor.py:830} INFO - Processing file /home/cloud/codings/airflow/dags/list_s3_bucket_files_dag.py for tasks to queue
[2026-02-07T07:33:23.499+0000] {logging_mixin.py:188} INFO - [2026-02-07T07:33:23.499+0000] {dagbag.py:545} INFO - Filling up the DagBag from /home/cloud/codings/airflow/dags/list_s3_bucket_files_dag.py
[2026-02-07T07:33:23.510+0000] {processor.py:840} INFO - DAG(s) 'list_s3_bucket_files_dag' retrieved from /home/cloud/codings/airflow/dags/list_s3_bucket_files_dag.py
[2026-02-07T07:33:23.532+0000] {logging_mixin.py:188} INFO - [2026-02-07T07:33:23.532+0000] {dag.py:3089} INFO - Sync 1 DAGs
[2026-02-07T07:33:23.547+0000] {logging_mixin.py:188} INFO - [2026-02-07T07:33:23.546+0000] {dag.py:3947} INFO - Setting next_dagrun for list_s3_bucket_files_dag to None, run_after=None
[2026-02-07T07:33:23.573+0000] {processor.py:183} INFO - Processing /home/cloud/codings/airflow/dags/list_s3_bucket_files_dag.py took 0.082 seconds
[2026-02-07T07:33:54.419+0000] {processor.py:161} INFO - Started process (PID=127251) to work on /home/cloud/codings/airflow/dags/list_s3_bucket_files_dag.py
[2026-02-07T07:33:54.420+0000] {processor.py:830} INFO - Processing file /home/cloud/codings/airflow/dags/list_s3_bucket_files_dag.py for tasks to queue
[2026-02-07T07:33:54.422+0000] {logging_mixin.py:188} INFO - [2026-02-07T07:33:54.421+0000] {dagbag.py:545} INFO - Filling up the DagBag from /home/cloud/codings/airflow/dags/list_s3_bucket_files_dag.py
[2026-02-07T07:33:54.436+0000] {processor.py:840} INFO - DAG(s) 'list_s3_bucket_files_dag' retrieved from /home/cloud/codings/airflow/dags/list_s3_bucket_files_dag.py
[2026-02-07T07:33:54.461+0000] {logging_mixin.py:188} INFO - [2026-02-07T07:33:54.461+0000] {dag.py:3089} INFO - Sync 1 DAGs
[2026-02-07T07:33:54.479+0000] {logging_mixin.py:188} INFO - [2026-02-07T07:33:54.478+0000] {dag.py:3947} INFO - Setting next_dagrun for list_s3_bucket_files_dag to None, run_after=None
[2026-02-07T07:33:54.511+0000] {processor.py:183} INFO - Processing /home/cloud/codings/airflow/dags/list_s3_bucket_files_dag.py took 0.102 seconds
[2026-02-07T07:34:24.629+0000] {processor.py:161} INFO - Started process (PID=127259) to work on /home/cloud/codings/airflow/dags/list_s3_bucket_files_dag.py
[2026-02-07T07:34:24.630+0000] {processor.py:830} INFO - Processing file /home/cloud/codings/airflow/dags/list_s3_bucket_files_dag.py for tasks to queue
[2026-02-07T07:34:24.632+0000] {logging_mixin.py:188} INFO - [2026-02-07T07:34:24.631+0000] {dagbag.py:545} INFO - Filling up the DagBag from /home/cloud/codings/airflow/dags/list_s3_bucket_files_dag.py
[2026-02-07T07:34:24.645+0000] {processor.py:840} INFO - DAG(s) 'list_s3_bucket_files_dag' retrieved from /home/cloud/codings/airflow/dags/list_s3_bucket_files_dag.py
[2026-02-07T07:34:24.671+0000] {logging_mixin.py:188} INFO - [2026-02-07T07:34:24.671+0000] {dag.py:3089} INFO - Sync 1 DAGs
[2026-02-07T07:34:24.687+0000] {logging_mixin.py:188} INFO - [2026-02-07T07:34:24.687+0000] {dag.py:3947} INFO - Setting next_dagrun for list_s3_bucket_files_dag to None, run_after=None
[2026-02-07T07:34:24.718+0000] {processor.py:183} INFO - Processing /home/cloud/codings/airflow/dags/list_s3_bucket_files_dag.py took 0.096 seconds
[2026-02-07T07:34:55.658+0000] {processor.py:161} INFO - Started process (PID=127267) to work on /home/cloud/codings/airflow/dags/list_s3_bucket_files_dag.py
[2026-02-07T07:34:55.660+0000] {processor.py:830} INFO - Processing file /home/cloud/codings/airflow/dags/list_s3_bucket_files_dag.py for tasks to queue
[2026-02-07T07:34:55.662+0000] {logging_mixin.py:188} INFO - [2026-02-07T07:34:55.661+0000] {dagbag.py:545} INFO - Filling up the DagBag from /home/cloud/codings/airflow/dags/list_s3_bucket_files_dag.py
[2026-02-07T07:34:55.672+0000] {processor.py:840} INFO - DAG(s) 'list_s3_bucket_files_dag' retrieved from /home/cloud/codings/airflow/dags/list_s3_bucket_files_dag.py
[2026-02-07T07:34:55.694+0000] {logging_mixin.py:188} INFO - [2026-02-07T07:34:55.694+0000] {dag.py:3089} INFO - Sync 1 DAGs
[2026-02-07T07:34:55.709+0000] {logging_mixin.py:188} INFO - [2026-02-07T07:34:55.709+0000] {dag.py:3947} INFO - Setting next_dagrun for list_s3_bucket_files_dag to None, run_after=None
[2026-02-07T07:34:55.735+0000] {processor.py:183} INFO - Processing /home/cloud/codings/airflow/dags/list_s3_bucket_files_dag.py took 0.084 seconds
[2026-02-07T07:35:26.670+0000] {processor.py:161} INFO - Started process (PID=127275) to work on /home/cloud/codings/airflow/dags/list_s3_bucket_files_dag.py
[2026-02-07T07:35:26.672+0000] {processor.py:830} INFO - Processing file /home/cloud/codings/airflow/dags/list_s3_bucket_files_dag.py for tasks to queue
[2026-02-07T07:35:26.674+0000] {logging_mixin.py:188} INFO - [2026-02-07T07:35:26.673+0000] {dagbag.py:545} INFO - Filling up the DagBag from /home/cloud/codings/airflow/dags/list_s3_bucket_files_dag.py
[2026-02-07T07:35:26.691+0000] {processor.py:840} INFO - DAG(s) 'list_s3_bucket_files_dag' retrieved from /home/cloud/codings/airflow/dags/list_s3_bucket_files_dag.py
[2026-02-07T07:35:26.722+0000] {logging_mixin.py:188} INFO - [2026-02-07T07:35:26.722+0000] {dag.py:3089} INFO - Sync 1 DAGs
[2026-02-07T07:35:26.741+0000] {logging_mixin.py:188} INFO - [2026-02-07T07:35:26.741+0000] {dag.py:3947} INFO - Setting next_dagrun for list_s3_bucket_files_dag to None, run_after=None
[2026-02-07T07:35:26.771+0000] {processor.py:183} INFO - Processing /home/cloud/codings/airflow/dags/list_s3_bucket_files_dag.py took 0.112 seconds
[2026-02-07T07:35:57.659+0000] {processor.py:161} INFO - Started process (PID=127283) to work on /home/cloud/codings/airflow/dags/list_s3_bucket_files_dag.py
[2026-02-07T07:35:57.661+0000] {processor.py:830} INFO - Processing file /home/cloud/codings/airflow/dags/list_s3_bucket_files_dag.py for tasks to queue
[2026-02-07T07:35:57.662+0000] {logging_mixin.py:188} INFO - [2026-02-07T07:35:57.661+0000] {dagbag.py:545} INFO - Filling up the DagBag from /home/cloud/codings/airflow/dags/list_s3_bucket_files_dag.py
[2026-02-07T07:35:57.675+0000] {processor.py:840} INFO - DAG(s) 'list_s3_bucket_files_dag' retrieved from /home/cloud/codings/airflow/dags/list_s3_bucket_files_dag.py
[2026-02-07T07:35:57.702+0000] {logging_mixin.py:188} INFO - [2026-02-07T07:35:57.702+0000] {dag.py:3089} INFO - Sync 1 DAGs
[2026-02-07T07:35:57.719+0000] {logging_mixin.py:188} INFO - [2026-02-07T07:35:57.719+0000] {dag.py:3947} INFO - Setting next_dagrun for list_s3_bucket_files_dag to None, run_after=None
[2026-02-07T07:35:57.747+0000] {processor.py:183} INFO - Processing /home/cloud/codings/airflow/dags/list_s3_bucket_files_dag.py took 0.095 seconds
[2026-02-07T07:36:28.634+0000] {processor.py:161} INFO - Started process (PID=127291) to work on /home/cloud/codings/airflow/dags/list_s3_bucket_files_dag.py
[2026-02-07T07:36:28.636+0000] {processor.py:830} INFO - Processing file /home/cloud/codings/airflow/dags/list_s3_bucket_files_dag.py for tasks to queue
[2026-02-07T07:36:28.637+0000] {logging_mixin.py:188} INFO - [2026-02-07T07:36:28.636+0000] {dagbag.py:545} INFO - Filling up the DagBag from /home/cloud/codings/airflow/dags/list_s3_bucket_files_dag.py
[2026-02-07T07:36:28.649+0000] {processor.py:840} INFO - DAG(s) 'list_s3_bucket_files_dag' retrieved from /home/cloud/codings/airflow/dags/list_s3_bucket_files_dag.py
[2026-02-07T07:36:28.673+0000] {logging_mixin.py:188} INFO - [2026-02-07T07:36:28.672+0000] {dag.py:3089} INFO - Sync 1 DAGs
[2026-02-07T07:36:28.688+0000] {logging_mixin.py:188} INFO - [2026-02-07T07:36:28.688+0000] {dag.py:3947} INFO - Setting next_dagrun for list_s3_bucket_files_dag to None, run_after=None
[2026-02-07T07:36:28.717+0000] {processor.py:183} INFO - Processing /home/cloud/codings/airflow/dags/list_s3_bucket_files_dag.py took 0.091 seconds
[2026-02-07T07:36:58.878+0000] {processor.py:161} INFO - Started process (PID=127299) to work on /home/cloud/codings/airflow/dags/list_s3_bucket_files_dag.py
[2026-02-07T07:36:58.884+0000] {processor.py:830} INFO - Processing file /home/cloud/codings/airflow/dags/list_s3_bucket_files_dag.py for tasks to queue
[2026-02-07T07:36:58.885+0000] {logging_mixin.py:188} INFO - [2026-02-07T07:36:58.884+0000] {dagbag.py:545} INFO - Filling up the DagBag from /home/cloud/codings/airflow/dags/list_s3_bucket_files_dag.py
[2026-02-07T07:36:58.899+0000] {processor.py:840} INFO - DAG(s) 'list_s3_bucket_files_dag' retrieved from /home/cloud/codings/airflow/dags/list_s3_bucket_files_dag.py
[2026-02-07T07:36:58.924+0000] {logging_mixin.py:188} INFO - [2026-02-07T07:36:58.924+0000] {dag.py:3089} INFO - Sync 1 DAGs
[2026-02-07T07:36:58.939+0000] {logging_mixin.py:188} INFO - [2026-02-07T07:36:58.939+0000] {dag.py:3947} INFO - Setting next_dagrun for list_s3_bucket_files_dag to None, run_after=None
[2026-02-07T07:36:58.965+0000] {processor.py:183} INFO - Processing /home/cloud/codings/airflow/dags/list_s3_bucket_files_dag.py took 0.095 seconds
[2026-02-07T07:37:29.888+0000] {processor.py:161} INFO - Started process (PID=127308) to work on /home/cloud/codings/airflow/dags/list_s3_bucket_files_dag.py
[2026-02-07T07:37:29.888+0000] {processor.py:830} INFO - Processing file /home/cloud/codings/airflow/dags/list_s3_bucket_files_dag.py for tasks to queue
[2026-02-07T07:37:29.889+0000] {logging_mixin.py:188} INFO - [2026-02-07T07:37:29.889+0000] {dagbag.py:545} INFO - Filling up the DagBag from /home/cloud/codings/airflow/dags/list_s3_bucket_files_dag.py
[2026-02-07T07:37:29.901+0000] {processor.py:840} INFO - DAG(s) 'list_s3_bucket_files_dag' retrieved from /home/cloud/codings/airflow/dags/list_s3_bucket_files_dag.py
[2026-02-07T07:37:29.926+0000] {logging_mixin.py:188} INFO - [2026-02-07T07:37:29.925+0000] {dag.py:3089} INFO - Sync 1 DAGs
[2026-02-07T07:37:29.947+0000] {logging_mixin.py:188} INFO - [2026-02-07T07:37:29.946+0000] {dag.py:3947} INFO - Setting next_dagrun for list_s3_bucket_files_dag to None, run_after=None
[2026-02-07T07:37:29.978+0000] {processor.py:183} INFO - Processing /home/cloud/codings/airflow/dags/list_s3_bucket_files_dag.py took 0.097 seconds
[2026-02-07T07:38:00.877+0000] {processor.py:161} INFO - Started process (PID=127316) to work on /home/cloud/codings/airflow/dags/list_s3_bucket_files_dag.py
[2026-02-07T07:38:00.882+0000] {processor.py:830} INFO - Processing file /home/cloud/codings/airflow/dags/list_s3_bucket_files_dag.py for tasks to queue
[2026-02-07T07:38:00.883+0000] {logging_mixin.py:188} INFO - [2026-02-07T07:38:00.883+0000] {dagbag.py:545} INFO - Filling up the DagBag from /home/cloud/codings/airflow/dags/list_s3_bucket_files_dag.py
[2026-02-07T07:38:00.896+0000] {processor.py:840} INFO - DAG(s) 'list_s3_bucket_files_dag' retrieved from /home/cloud/codings/airflow/dags/list_s3_bucket_files_dag.py
[2026-02-07T07:38:00.921+0000] {logging_mixin.py:188} INFO - [2026-02-07T07:38:00.921+0000] {dag.py:3089} INFO - Sync 1 DAGs
[2026-02-07T07:38:00.938+0000] {logging_mixin.py:188} INFO - [2026-02-07T07:38:00.938+0000] {dag.py:3947} INFO - Setting next_dagrun for list_s3_bucket_files_dag to None, run_after=None
[2026-02-07T07:38:00.969+0000] {processor.py:183} INFO - Processing /home/cloud/codings/airflow/dags/list_s3_bucket_files_dag.py took 0.099 seconds
[2026-02-07T07:38:31.851+0000] {processor.py:161} INFO - Started process (PID=127324) to work on /home/cloud/codings/airflow/dags/list_s3_bucket_files_dag.py
[2026-02-07T07:38:31.853+0000] {processor.py:830} INFO - Processing file /home/cloud/codings/airflow/dags/list_s3_bucket_files_dag.py for tasks to queue
[2026-02-07T07:38:31.854+0000] {logging_mixin.py:188} INFO - [2026-02-07T07:38:31.853+0000] {dagbag.py:545} INFO - Filling up the DagBag from /home/cloud/codings/airflow/dags/list_s3_bucket_files_dag.py
[2026-02-07T07:38:31.868+0000] {processor.py:840} INFO - DAG(s) 'list_s3_bucket_files_dag' retrieved from /home/cloud/codings/airflow/dags/list_s3_bucket_files_dag.py
[2026-02-07T07:38:31.894+0000] {logging_mixin.py:188} INFO - [2026-02-07T07:38:31.894+0000] {dag.py:3089} INFO - Sync 1 DAGs
[2026-02-07T07:38:31.910+0000] {logging_mixin.py:188} INFO - [2026-02-07T07:38:31.910+0000] {dag.py:3947} INFO - Setting next_dagrun for list_s3_bucket_files_dag to None, run_after=None
[2026-02-07T07:38:31.941+0000] {processor.py:183} INFO - Processing /home/cloud/codings/airflow/dags/list_s3_bucket_files_dag.py took 0.098 seconds
[2026-02-07T07:39:02.906+0000] {processor.py:161} INFO - Started process (PID=127334) to work on /home/cloud/codings/airflow/dags/list_s3_bucket_files_dag.py
[2026-02-07T07:39:02.910+0000] {processor.py:830} INFO - Processing file /home/cloud/codings/airflow/dags/list_s3_bucket_files_dag.py for tasks to queue
[2026-02-07T07:39:02.915+0000] {logging_mixin.py:188} INFO - [2026-02-07T07:39:02.913+0000] {dagbag.py:545} INFO - Filling up the DagBag from /home/cloud/codings/airflow/dags/list_s3_bucket_files_dag.py
[2026-02-07T07:39:02.959+0000] {processor.py:840} INFO - DAG(s) 'list_s3_bucket_files_dag' retrieved from /home/cloud/codings/airflow/dags/list_s3_bucket_files_dag.py
[2026-02-07T07:39:03.023+0000] {logging_mixin.py:188} INFO - [2026-02-07T07:39:03.023+0000] {dag.py:3089} INFO - Sync 1 DAGs
[2026-02-07T07:39:03.061+0000] {logging_mixin.py:188} INFO - [2026-02-07T07:39:03.060+0000] {dag.py:3947} INFO - Setting next_dagrun for list_s3_bucket_files_dag to None, run_after=None
[2026-02-07T07:39:03.142+0000] {processor.py:183} INFO - Processing /home/cloud/codings/airflow/dags/list_s3_bucket_files_dag.py took 0.268 seconds
[2026-02-07T07:39:33.860+0000] {processor.py:161} INFO - Started process (PID=127342) to work on /home/cloud/codings/airflow/dags/list_s3_bucket_files_dag.py
[2026-02-07T07:39:33.862+0000] {processor.py:830} INFO - Processing file /home/cloud/codings/airflow/dags/list_s3_bucket_files_dag.py for tasks to queue
[2026-02-07T07:39:33.863+0000] {logging_mixin.py:188} INFO - [2026-02-07T07:39:33.862+0000] {dagbag.py:545} INFO - Filling up the DagBag from /home/cloud/codings/airflow/dags/list_s3_bucket_files_dag.py
[2026-02-07T07:39:33.873+0000] {processor.py:840} INFO - DAG(s) 'list_s3_bucket_files_dag' retrieved from /home/cloud/codings/airflow/dags/list_s3_bucket_files_dag.py
[2026-02-07T07:39:33.895+0000] {logging_mixin.py:188} INFO - [2026-02-07T07:39:33.894+0000] {dag.py:3089} INFO - Sync 1 DAGs
[2026-02-07T07:39:33.910+0000] {logging_mixin.py:188} INFO - [2026-02-07T07:39:33.910+0000] {dag.py:3947} INFO - Setting next_dagrun for list_s3_bucket_files_dag to None, run_after=None
[2026-02-07T07:39:33.936+0000] {processor.py:183} INFO - Processing /home/cloud/codings/airflow/dags/list_s3_bucket_files_dag.py took 0.083 seconds
[2026-02-07T07:40:04.870+0000] {processor.py:161} INFO - Started process (PID=127352) to work on /home/cloud/codings/airflow/dags/list_s3_bucket_files_dag.py
[2026-02-07T07:40:04.871+0000] {processor.py:830} INFO - Processing file /home/cloud/codings/airflow/dags/list_s3_bucket_files_dag.py for tasks to queue
[2026-02-07T07:40:04.872+0000] {logging_mixin.py:188} INFO - [2026-02-07T07:40:04.871+0000] {dagbag.py:545} INFO - Filling up the DagBag from /home/cloud/codings/airflow/dags/list_s3_bucket_files_dag.py
[2026-02-07T07:40:04.884+0000] {processor.py:840} INFO - DAG(s) 'list_s3_bucket_files_dag' retrieved from /home/cloud/codings/airflow/dags/list_s3_bucket_files_dag.py
[2026-02-07T07:40:04.906+0000] {logging_mixin.py:188} INFO - [2026-02-07T07:40:04.906+0000] {dag.py:3089} INFO - Sync 1 DAGs
[2026-02-07T07:40:04.921+0000] {logging_mixin.py:188} INFO - [2026-02-07T07:40:04.921+0000] {dag.py:3947} INFO - Setting next_dagrun for list_s3_bucket_files_dag to None, run_after=None
[2026-02-07T07:40:04.949+0000] {processor.py:183} INFO - Processing /home/cloud/codings/airflow/dags/list_s3_bucket_files_dag.py took 0.087 seconds
[2026-02-07T07:40:35.862+0000] {processor.py:161} INFO - Started process (PID=127358) to work on /home/cloud/codings/airflow/dags/list_s3_bucket_files_dag.py
[2026-02-07T07:40:35.864+0000] {processor.py:830} INFO - Processing file /home/cloud/codings/airflow/dags/list_s3_bucket_files_dag.py for tasks to queue
[2026-02-07T07:40:35.865+0000] {logging_mixin.py:188} INFO - [2026-02-07T07:40:35.864+0000] {dagbag.py:545} INFO - Filling up the DagBag from /home/cloud/codings/airflow/dags/list_s3_bucket_files_dag.py
[2026-02-07T07:40:35.877+0000] {processor.py:840} INFO - DAG(s) 'list_s3_bucket_files_dag' retrieved from /home/cloud/codings/airflow/dags/list_s3_bucket_files_dag.py
[2026-02-07T07:40:35.899+0000] {logging_mixin.py:188} INFO - [2026-02-07T07:40:35.899+0000] {dag.py:3089} INFO - Sync 1 DAGs
[2026-02-07T07:40:35.914+0000] {logging_mixin.py:188} INFO - [2026-02-07T07:40:35.914+0000] {dag.py:3947} INFO - Setting next_dagrun for list_s3_bucket_files_dag to None, run_after=None
[2026-02-07T07:40:35.941+0000] {processor.py:183} INFO - Processing /home/cloud/codings/airflow/dags/list_s3_bucket_files_dag.py took 0.086 seconds
[2026-02-07T07:41:06.110+0000] {processor.py:161} INFO - Started process (PID=127364) to work on /home/cloud/codings/airflow/dags/list_s3_bucket_files_dag.py
[2026-02-07T07:41:06.111+0000] {processor.py:830} INFO - Processing file /home/cloud/codings/airflow/dags/list_s3_bucket_files_dag.py for tasks to queue
[2026-02-07T07:41:06.112+0000] {logging_mixin.py:188} INFO - [2026-02-07T07:41:06.112+0000] {dagbag.py:545} INFO - Filling up the DagBag from /home/cloud/codings/airflow/dags/list_s3_bucket_files_dag.py
[2026-02-07T07:41:06.122+0000] {processor.py:840} INFO - DAG(s) 'list_s3_bucket_files_dag' retrieved from /home/cloud/codings/airflow/dags/list_s3_bucket_files_dag.py
[2026-02-07T07:41:06.144+0000] {logging_mixin.py:188} INFO - [2026-02-07T07:41:06.144+0000] {dag.py:3089} INFO - Sync 1 DAGs
[2026-02-07T07:41:06.159+0000] {logging_mixin.py:188} INFO - [2026-02-07T07:41:06.159+0000] {dag.py:3947} INFO - Setting next_dagrun for list_s3_bucket_files_dag to None, run_after=None
[2026-02-07T07:41:06.184+0000] {processor.py:183} INFO - Processing /home/cloud/codings/airflow/dags/list_s3_bucket_files_dag.py took 0.080 seconds
[2026-02-07T07:41:37.164+0000] {processor.py:161} INFO - Started process (PID=127372) to work on /home/cloud/codings/airflow/dags/list_s3_bucket_files_dag.py
[2026-02-07T07:41:37.165+0000] {processor.py:830} INFO - Processing file /home/cloud/codings/airflow/dags/list_s3_bucket_files_dag.py for tasks to queue
[2026-02-07T07:41:37.166+0000] {logging_mixin.py:188} INFO - [2026-02-07T07:41:37.166+0000] {dagbag.py:545} INFO - Filling up the DagBag from /home/cloud/codings/airflow/dags/list_s3_bucket_files_dag.py
[2026-02-07T07:41:37.177+0000] {processor.py:840} INFO - DAG(s) 'list_s3_bucket_files_dag' retrieved from /home/cloud/codings/airflow/dags/list_s3_bucket_files_dag.py
[2026-02-07T07:41:37.196+0000] {logging_mixin.py:188} INFO - [2026-02-07T07:41:37.196+0000] {dag.py:3089} INFO - Sync 1 DAGs
[2026-02-07T07:41:37.209+0000] {logging_mixin.py:188} INFO - [2026-02-07T07:41:37.209+0000] {dag.py:3947} INFO - Setting next_dagrun for list_s3_bucket_files_dag to None, run_after=None
[2026-02-07T07:41:37.234+0000] {processor.py:183} INFO - Processing /home/cloud/codings/airflow/dags/list_s3_bucket_files_dag.py took 0.077 seconds
[2026-02-07T07:42:08.258+0000] {processor.py:161} INFO - Started process (PID=127382) to work on /home/cloud/codings/airflow/dags/list_s3_bucket_files_dag.py
[2026-02-07T07:42:08.259+0000] {processor.py:830} INFO - Processing file /home/cloud/codings/airflow/dags/list_s3_bucket_files_dag.py for tasks to queue
[2026-02-07T07:42:08.259+0000] {logging_mixin.py:188} INFO - [2026-02-07T07:42:08.259+0000] {dagbag.py:545} INFO - Filling up the DagBag from /home/cloud/codings/airflow/dags/list_s3_bucket_files_dag.py
[2026-02-07T07:42:08.271+0000] {processor.py:840} INFO - DAG(s) 'list_s3_bucket_files_dag' retrieved from /home/cloud/codings/airflow/dags/list_s3_bucket_files_dag.py
[2026-02-07T07:42:08.292+0000] {logging_mixin.py:188} INFO - [2026-02-07T07:42:08.292+0000] {dag.py:3089} INFO - Sync 1 DAGs
[2026-02-07T07:42:08.306+0000] {logging_mixin.py:188} INFO - [2026-02-07T07:42:08.306+0000] {dag.py:3947} INFO - Setting next_dagrun for list_s3_bucket_files_dag to None, run_after=None
[2026-02-07T07:42:08.330+0000] {processor.py:183} INFO - Processing /home/cloud/codings/airflow/dags/list_s3_bucket_files_dag.py took 0.078 seconds
[2026-02-07T07:42:38.468+0000] {processor.py:161} INFO - Started process (PID=127390) to work on /home/cloud/codings/airflow/dags/list_s3_bucket_files_dag.py
[2026-02-07T07:42:38.470+0000] {processor.py:830} INFO - Processing file /home/cloud/codings/airflow/dags/list_s3_bucket_files_dag.py for tasks to queue
[2026-02-07T07:42:38.471+0000] {logging_mixin.py:188} INFO - [2026-02-07T07:42:38.470+0000] {dagbag.py:545} INFO - Filling up the DagBag from /home/cloud/codings/airflow/dags/list_s3_bucket_files_dag.py
[2026-02-07T07:42:38.483+0000] {processor.py:840} INFO - DAG(s) 'list_s3_bucket_files_dag' retrieved from /home/cloud/codings/airflow/dags/list_s3_bucket_files_dag.py
[2026-02-07T07:42:38.507+0000] {logging_mixin.py:188} INFO - [2026-02-07T07:42:38.506+0000] {dag.py:3089} INFO - Sync 1 DAGs
[2026-02-07T07:42:38.521+0000] {logging_mixin.py:188} INFO - [2026-02-07T07:42:38.521+0000] {dag.py:3947} INFO - Setting next_dagrun for list_s3_bucket_files_dag to None, run_after=None
[2026-02-07T07:42:38.552+0000] {processor.py:183} INFO - Processing /home/cloud/codings/airflow/dags/list_s3_bucket_files_dag.py took 0.092 seconds
[2026-02-07T07:43:09.030+0000] {processor.py:161} INFO - Started process (PID=127397) to work on /home/cloud/codings/airflow/dags/list_s3_bucket_files_dag.py
[2026-02-07T07:43:09.031+0000] {processor.py:830} INFO - Processing file /home/cloud/codings/airflow/dags/list_s3_bucket_files_dag.py for tasks to queue
[2026-02-07T07:43:09.032+0000] {logging_mixin.py:188} INFO - [2026-02-07T07:43:09.031+0000] {dagbag.py:545} INFO - Filling up the DagBag from /home/cloud/codings/airflow/dags/list_s3_bucket_files_dag.py
[2026-02-07T07:43:09.042+0000] {processor.py:840} INFO - DAG(s) 'list_s3_bucket_files_dag' retrieved from /home/cloud/codings/airflow/dags/list_s3_bucket_files_dag.py
[2026-02-07T07:43:09.062+0000] {logging_mixin.py:188} INFO - [2026-02-07T07:43:09.061+0000] {dag.py:3089} INFO - Sync 1 DAGs
[2026-02-07T07:43:09.075+0000] {logging_mixin.py:188} INFO - [2026-02-07T07:43:09.075+0000] {dag.py:3947} INFO - Setting next_dagrun for list_s3_bucket_files_dag to None, run_after=None
[2026-02-07T07:43:09.099+0000] {processor.py:183} INFO - Processing /home/cloud/codings/airflow/dags/list_s3_bucket_files_dag.py took 0.076 seconds
[2026-02-07T07:43:39.328+0000] {processor.py:161} INFO - Started process (PID=127405) to work on /home/cloud/codings/airflow/dags/list_s3_bucket_files_dag.py
[2026-02-07T07:43:39.329+0000] {processor.py:830} INFO - Processing file /home/cloud/codings/airflow/dags/list_s3_bucket_files_dag.py for tasks to queue
[2026-02-07T07:43:39.331+0000] {logging_mixin.py:188} INFO - [2026-02-07T07:43:39.330+0000] {dagbag.py:545} INFO - Filling up the DagBag from /home/cloud/codings/airflow/dags/list_s3_bucket_files_dag.py
[2026-02-07T07:43:39.341+0000] {processor.py:840} INFO - DAG(s) 'list_s3_bucket_files_dag' retrieved from /home/cloud/codings/airflow/dags/list_s3_bucket_files_dag.py
[2026-02-07T07:43:39.360+0000] {logging_mixin.py:188} INFO - [2026-02-07T07:43:39.360+0000] {dag.py:3089} INFO - Sync 1 DAGs
[2026-02-07T07:43:39.373+0000] {logging_mixin.py:188} INFO - [2026-02-07T07:43:39.373+0000] {dag.py:3947} INFO - Setting next_dagrun for list_s3_bucket_files_dag to None, run_after=None
[2026-02-07T07:43:39.397+0000] {processor.py:183} INFO - Processing /home/cloud/codings/airflow/dags/list_s3_bucket_files_dag.py took 0.076 seconds
[2026-02-07T07:44:09.556+0000] {processor.py:161} INFO - Started process (PID=127413) to work on /home/cloud/codings/airflow/dags/list_s3_bucket_files_dag.py
[2026-02-07T07:44:09.557+0000] {processor.py:830} INFO - Processing file /home/cloud/codings/airflow/dags/list_s3_bucket_files_dag.py for tasks to queue
[2026-02-07T07:44:09.558+0000] {logging_mixin.py:188} INFO - [2026-02-07T07:44:09.557+0000] {dagbag.py:545} INFO - Filling up the DagBag from /home/cloud/codings/airflow/dags/list_s3_bucket_files_dag.py
[2026-02-07T07:44:09.570+0000] {processor.py:840} INFO - DAG(s) 'list_s3_bucket_files_dag' retrieved from /home/cloud/codings/airflow/dags/list_s3_bucket_files_dag.py
[2026-02-07T07:44:09.592+0000] {logging_mixin.py:188} INFO - [2026-02-07T07:44:09.592+0000] {dag.py:3089} INFO - Sync 1 DAGs
[2026-02-07T07:44:09.607+0000] {logging_mixin.py:188} INFO - [2026-02-07T07:44:09.607+0000] {dag.py:3947} INFO - Setting next_dagrun for list_s3_bucket_files_dag to None, run_after=None
[2026-02-07T07:44:09.635+0000] {processor.py:183} INFO - Processing /home/cloud/codings/airflow/dags/list_s3_bucket_files_dag.py took 0.086 seconds
[2026-02-07T07:44:40.664+0000] {processor.py:161} INFO - Started process (PID=127421) to work on /home/cloud/codings/airflow/dags/list_s3_bucket_files_dag.py
[2026-02-07T07:44:40.665+0000] {processor.py:830} INFO - Processing file /home/cloud/codings/airflow/dags/list_s3_bucket_files_dag.py for tasks to queue
[2026-02-07T07:44:40.666+0000] {logging_mixin.py:188} INFO - [2026-02-07T07:44:40.666+0000] {dagbag.py:545} INFO - Filling up the DagBag from /home/cloud/codings/airflow/dags/list_s3_bucket_files_dag.py
[2026-02-07T07:44:40.676+0000] {processor.py:840} INFO - DAG(s) 'list_s3_bucket_files_dag' retrieved from /home/cloud/codings/airflow/dags/list_s3_bucket_files_dag.py
[2026-02-07T07:44:40.700+0000] {logging_mixin.py:188} INFO - [2026-02-07T07:44:40.700+0000] {dag.py:3089} INFO - Sync 1 DAGs
[2026-02-07T07:44:40.715+0000] {logging_mixin.py:188} INFO - [2026-02-07T07:44:40.715+0000] {dag.py:3947} INFO - Setting next_dagrun for list_s3_bucket_files_dag to None, run_after=None
[2026-02-07T07:44:40.741+0000] {processor.py:183} INFO - Processing /home/cloud/codings/airflow/dags/list_s3_bucket_files_dag.py took 0.084 seconds
[2026-02-07T07:45:11.636+0000] {processor.py:161} INFO - Started process (PID=127429) to work on /home/cloud/codings/airflow/dags/list_s3_bucket_files_dag.py
[2026-02-07T07:45:11.637+0000] {processor.py:830} INFO - Processing file /home/cloud/codings/airflow/dags/list_s3_bucket_files_dag.py for tasks to queue
[2026-02-07T07:45:11.638+0000] {logging_mixin.py:188} INFO - [2026-02-07T07:45:11.637+0000] {dagbag.py:545} INFO - Filling up the DagBag from /home/cloud/codings/airflow/dags/list_s3_bucket_files_dag.py
[2026-02-07T07:45:11.649+0000] {processor.py:840} INFO - DAG(s) 'list_s3_bucket_files_dag' retrieved from /home/cloud/codings/airflow/dags/list_s3_bucket_files_dag.py
[2026-02-07T07:45:11.668+0000] {logging_mixin.py:188} INFO - [2026-02-07T07:45:11.668+0000] {dag.py:3089} INFO - Sync 1 DAGs
[2026-02-07T07:45:11.684+0000] {logging_mixin.py:188} INFO - [2026-02-07T07:45:11.684+0000] {dag.py:3947} INFO - Setting next_dagrun for list_s3_bucket_files_dag to None, run_after=None
[2026-02-07T07:45:11.709+0000] {processor.py:183} INFO - Processing /home/cloud/codings/airflow/dags/list_s3_bucket_files_dag.py took 0.079 seconds
[2026-02-07T07:45:41.747+0000] {processor.py:161} INFO - Started process (PID=127437) to work on /home/cloud/codings/airflow/dags/list_s3_bucket_files_dag.py
[2026-02-07T07:45:41.751+0000] {processor.py:830} INFO - Processing file /home/cloud/codings/airflow/dags/list_s3_bucket_files_dag.py for tasks to queue
[2026-02-07T07:45:41.752+0000] {logging_mixin.py:188} INFO - [2026-02-07T07:45:41.752+0000] {dagbag.py:545} INFO - Filling up the DagBag from /home/cloud/codings/airflow/dags/list_s3_bucket_files_dag.py
[2026-02-07T07:45:41.762+0000] {processor.py:840} INFO - DAG(s) 'list_s3_bucket_files_dag' retrieved from /home/cloud/codings/airflow/dags/list_s3_bucket_files_dag.py
[2026-02-07T07:45:41.783+0000] {logging_mixin.py:188} INFO - [2026-02-07T07:45:41.783+0000] {dag.py:3089} INFO - Sync 1 DAGs
[2026-02-07T07:45:41.798+0000] {logging_mixin.py:188} INFO - [2026-02-07T07:45:41.798+0000] {dag.py:3947} INFO - Setting next_dagrun for list_s3_bucket_files_dag to None, run_after=None
[2026-02-07T07:45:41.822+0000] {processor.py:183} INFO - Processing /home/cloud/codings/airflow/dags/list_s3_bucket_files_dag.py took 0.081 seconds
[2026-02-07T07:46:12.846+0000] {processor.py:161} INFO - Started process (PID=127445) to work on /home/cloud/codings/airflow/dags/list_s3_bucket_files_dag.py
[2026-02-07T07:46:12.847+0000] {processor.py:830} INFO - Processing file /home/cloud/codings/airflow/dags/list_s3_bucket_files_dag.py for tasks to queue
[2026-02-07T07:46:12.847+0000] {logging_mixin.py:188} INFO - [2026-02-07T07:46:12.847+0000] {dagbag.py:545} INFO - Filling up the DagBag from /home/cloud/codings/airflow/dags/list_s3_bucket_files_dag.py
[2026-02-07T07:46:12.858+0000] {processor.py:840} INFO - DAG(s) 'list_s3_bucket_files_dag' retrieved from /home/cloud/codings/airflow/dags/list_s3_bucket_files_dag.py
[2026-02-07T07:46:12.883+0000] {logging_mixin.py:188} INFO - [2026-02-07T07:46:12.883+0000] {dag.py:3089} INFO - Sync 1 DAGs
[2026-02-07T07:46:12.901+0000] {logging_mixin.py:188} INFO - [2026-02-07T07:46:12.901+0000] {dag.py:3947} INFO - Setting next_dagrun for list_s3_bucket_files_dag to None, run_after=None
[2026-02-07T07:46:12.930+0000] {processor.py:183} INFO - Processing /home/cloud/codings/airflow/dags/list_s3_bucket_files_dag.py took 0.091 seconds
[2026-02-07T07:46:43.983+0000] {processor.py:161} INFO - Started process (PID=127453) to work on /home/cloud/codings/airflow/dags/list_s3_bucket_files_dag.py
[2026-02-07T07:46:43.985+0000] {processor.py:830} INFO - Processing file /home/cloud/codings/airflow/dags/list_s3_bucket_files_dag.py for tasks to queue
[2026-02-07T07:46:43.986+0000] {logging_mixin.py:188} INFO - [2026-02-07T07:46:43.985+0000] {dagbag.py:545} INFO - Filling up the DagBag from /home/cloud/codings/airflow/dags/list_s3_bucket_files_dag.py
[2026-02-07T07:46:44.002+0000] {processor.py:840} INFO - DAG(s) 'list_s3_bucket_files_dag' retrieved from /home/cloud/codings/airflow/dags/list_s3_bucket_files_dag.py
[2026-02-07T07:46:44.031+0000] {logging_mixin.py:188} INFO - [2026-02-07T07:46:44.031+0000] {dag.py:3089} INFO - Sync 1 DAGs
[2026-02-07T07:46:44.050+0000] {logging_mixin.py:188} INFO - [2026-02-07T07:46:44.049+0000] {dag.py:3947} INFO - Setting next_dagrun for list_s3_bucket_files_dag to None, run_after=None
[2026-02-07T07:46:44.079+0000] {processor.py:183} INFO - Processing /home/cloud/codings/airflow/dags/list_s3_bucket_files_dag.py took 0.104 seconds
[2026-02-07T07:47:15.062+0000] {processor.py:161} INFO - Started process (PID=127461) to work on /home/cloud/codings/airflow/dags/list_s3_bucket_files_dag.py
[2026-02-07T07:47:15.064+0000] {processor.py:830} INFO - Processing file /home/cloud/codings/airflow/dags/list_s3_bucket_files_dag.py for tasks to queue
[2026-02-07T07:47:15.065+0000] {logging_mixin.py:188} INFO - [2026-02-07T07:47:15.065+0000] {dagbag.py:545} INFO - Filling up the DagBag from /home/cloud/codings/airflow/dags/list_s3_bucket_files_dag.py
[2026-02-07T07:47:15.078+0000] {processor.py:840} INFO - DAG(s) 'list_s3_bucket_files_dag' retrieved from /home/cloud/codings/airflow/dags/list_s3_bucket_files_dag.py
[2026-02-07T07:47:15.108+0000] {logging_mixin.py:188} INFO - [2026-02-07T07:47:15.108+0000] {dag.py:3089} INFO - Sync 1 DAGs
[2026-02-07T07:47:15.127+0000] {logging_mixin.py:188} INFO - [2026-02-07T07:47:15.126+0000] {dag.py:3947} INFO - Setting next_dagrun for list_s3_bucket_files_dag to None, run_after=None
[2026-02-07T07:47:15.158+0000] {processor.py:183} INFO - Processing /home/cloud/codings/airflow/dags/list_s3_bucket_files_dag.py took 0.104 seconds
[2026-02-07T07:47:46.275+0000] {processor.py:161} INFO - Started process (PID=127487) to work on /home/cloud/codings/airflow/dags/list_s3_bucket_files_dag.py
[2026-02-07T07:47:46.276+0000] {processor.py:830} INFO - Processing file /home/cloud/codings/airflow/dags/list_s3_bucket_files_dag.py for tasks to queue
[2026-02-07T07:47:46.277+0000] {logging_mixin.py:188} INFO - [2026-02-07T07:47:46.277+0000] {dagbag.py:545} INFO - Filling up the DagBag from /home/cloud/codings/airflow/dags/list_s3_bucket_files_dag.py
[2026-02-07T07:47:46.290+0000] {processor.py:840} INFO - DAG(s) 'list_s3_bucket_files_dag' retrieved from /home/cloud/codings/airflow/dags/list_s3_bucket_files_dag.py
[2026-02-07T07:47:46.320+0000] {logging_mixin.py:188} INFO - [2026-02-07T07:47:46.319+0000] {dag.py:3089} INFO - Sync 1 DAGs
[2026-02-07T07:47:46.339+0000] {logging_mixin.py:188} INFO - [2026-02-07T07:47:46.339+0000] {dag.py:3947} INFO - Setting next_dagrun for list_s3_bucket_files_dag to None, run_after=None
[2026-02-07T07:47:46.371+0000] {processor.py:183} INFO - Processing /home/cloud/codings/airflow/dags/list_s3_bucket_files_dag.py took 0.103 seconds
[2026-02-07T07:48:16.587+0000] {processor.py:161} INFO - Started process (PID=127498) to work on /home/cloud/codings/airflow/dags/list_s3_bucket_files_dag.py
[2026-02-07T07:48:16.592+0000] {processor.py:830} INFO - Processing file /home/cloud/codings/airflow/dags/list_s3_bucket_files_dag.py for tasks to queue
[2026-02-07T07:48:16.593+0000] {logging_mixin.py:188} INFO - [2026-02-07T07:48:16.592+0000] {dagbag.py:545} INFO - Filling up the DagBag from /home/cloud/codings/airflow/dags/list_s3_bucket_files_dag.py
[2026-02-07T07:48:16.605+0000] {processor.py:840} INFO - DAG(s) 'list_s3_bucket_files_dag' retrieved from /home/cloud/codings/airflow/dags/list_s3_bucket_files_dag.py
[2026-02-07T07:48:16.629+0000] {logging_mixin.py:188} INFO - [2026-02-07T07:48:16.628+0000] {dag.py:3089} INFO - Sync 1 DAGs
[2026-02-07T07:48:16.644+0000] {logging_mixin.py:188} INFO - [2026-02-07T07:48:16.644+0000] {dag.py:3947} INFO - Setting next_dagrun for list_s3_bucket_files_dag to None, run_after=None
[2026-02-07T07:48:16.669+0000] {processor.py:183} INFO - Processing /home/cloud/codings/airflow/dags/list_s3_bucket_files_dag.py took 0.089 seconds
[2026-02-07T07:48:46.899+0000] {processor.py:161} INFO - Started process (PID=127508) to work on /home/cloud/codings/airflow/dags/list_s3_bucket_files_dag.py
[2026-02-07T07:48:46.901+0000] {processor.py:830} INFO - Processing file /home/cloud/codings/airflow/dags/list_s3_bucket_files_dag.py for tasks to queue
[2026-02-07T07:48:46.902+0000] {logging_mixin.py:188} INFO - [2026-02-07T07:48:46.901+0000] {dagbag.py:545} INFO - Filling up the DagBag from /home/cloud/codings/airflow/dags/list_s3_bucket_files_dag.py
[2026-02-07T07:48:46.914+0000] {processor.py:840} INFO - DAG(s) 'list_s3_bucket_files_dag' retrieved from /home/cloud/codings/airflow/dags/list_s3_bucket_files_dag.py
[2026-02-07T07:48:46.938+0000] {logging_mixin.py:188} INFO - [2026-02-07T07:48:46.937+0000] {dag.py:3089} INFO - Sync 1 DAGs
[2026-02-07T07:48:46.954+0000] {logging_mixin.py:188} INFO - [2026-02-07T07:48:46.954+0000] {dag.py:3947} INFO - Setting next_dagrun for list_s3_bucket_files_dag to None, run_after=None
[2026-02-07T07:48:46.981+0000] {processor.py:183} INFO - Processing /home/cloud/codings/airflow/dags/list_s3_bucket_files_dag.py took 0.089 seconds
[2026-02-07T07:49:17.707+0000] {processor.py:161} INFO - Started process (PID=127520) to work on /home/cloud/codings/airflow/dags/list_s3_bucket_files_dag.py
[2026-02-07T07:49:17.712+0000] {processor.py:830} INFO - Processing file /home/cloud/codings/airflow/dags/list_s3_bucket_files_dag.py for tasks to queue
[2026-02-07T07:49:17.713+0000] {logging_mixin.py:188} INFO - [2026-02-07T07:49:17.713+0000] {dagbag.py:545} INFO - Filling up the DagBag from /home/cloud/codings/airflow/dags/list_s3_bucket_files_dag.py
[2026-02-07T07:49:17.724+0000] {processor.py:840} INFO - DAG(s) 'list_s3_bucket_files_dag' retrieved from /home/cloud/codings/airflow/dags/list_s3_bucket_files_dag.py
[2026-02-07T07:49:17.754+0000] {logging_mixin.py:188} INFO - [2026-02-07T07:49:17.753+0000] {dag.py:3089} INFO - Sync 1 DAGs
[2026-02-07T07:49:17.772+0000] {logging_mixin.py:188} INFO - [2026-02-07T07:49:17.771+0000] {dag.py:3947} INFO - Setting next_dagrun for list_s3_bucket_files_dag to None, run_after=None
[2026-02-07T07:49:17.800+0000] {processor.py:183} INFO - Processing /home/cloud/codings/airflow/dags/list_s3_bucket_files_dag.py took 0.099 seconds
[2026-02-07T07:49:48.662+0000] {processor.py:161} INFO - Started process (PID=127527) to work on /home/cloud/codings/airflow/dags/list_s3_bucket_files_dag.py
[2026-02-07T07:49:48.663+0000] {processor.py:830} INFO - Processing file /home/cloud/codings/airflow/dags/list_s3_bucket_files_dag.py for tasks to queue
[2026-02-07T07:49:48.664+0000] {logging_mixin.py:188} INFO - [2026-02-07T07:49:48.664+0000] {dagbag.py:545} INFO - Filling up the DagBag from /home/cloud/codings/airflow/dags/list_s3_bucket_files_dag.py
[2026-02-07T07:49:48.676+0000] {processor.py:840} INFO - DAG(s) 'list_s3_bucket_files_dag' retrieved from /home/cloud/codings/airflow/dags/list_s3_bucket_files_dag.py
[2026-02-07T07:49:48.701+0000] {logging_mixin.py:188} INFO - [2026-02-07T07:49:48.701+0000] {dag.py:3089} INFO - Sync 1 DAGs
[2026-02-07T07:49:48.718+0000] {logging_mixin.py:188} INFO - [2026-02-07T07:49:48.718+0000] {dag.py:3947} INFO - Setting next_dagrun for list_s3_bucket_files_dag to None, run_after=None
[2026-02-07T07:49:48.744+0000] {processor.py:183} INFO - Processing /home/cloud/codings/airflow/dags/list_s3_bucket_files_dag.py took 0.089 seconds
[2026-02-07T07:50:18.778+0000] {processor.py:161} INFO - Started process (PID=127537) to work on /home/cloud/codings/airflow/dags/list_s3_bucket_files_dag.py
[2026-02-07T07:50:18.782+0000] {processor.py:830} INFO - Processing file /home/cloud/codings/airflow/dags/list_s3_bucket_files_dag.py for tasks to queue
[2026-02-07T07:50:18.784+0000] {logging_mixin.py:188} INFO - [2026-02-07T07:50:18.783+0000] {dagbag.py:545} INFO - Filling up the DagBag from /home/cloud/codings/airflow/dags/list_s3_bucket_files_dag.py
[2026-02-07T07:50:18.797+0000] {processor.py:840} INFO - DAG(s) 'list_s3_bucket_files_dag' retrieved from /home/cloud/codings/airflow/dags/list_s3_bucket_files_dag.py
[2026-02-07T07:50:18.827+0000] {logging_mixin.py:188} INFO - [2026-02-07T07:50:18.827+0000] {dag.py:3089} INFO - Sync 1 DAGs
[2026-02-07T07:50:18.848+0000] {logging_mixin.py:188} INFO - [2026-02-07T07:50:18.848+0000] {dag.py:3947} INFO - Setting next_dagrun for list_s3_bucket_files_dag to None, run_after=None
[2026-02-07T07:50:18.880+0000] {processor.py:183} INFO - Processing /home/cloud/codings/airflow/dags/list_s3_bucket_files_dag.py took 0.110 seconds
[2026-02-07T07:50:49.779+0000] {processor.py:161} INFO - Started process (PID=127543) to work on /home/cloud/codings/airflow/dags/list_s3_bucket_files_dag.py
[2026-02-07T07:50:49.780+0000] {processor.py:830} INFO - Processing file /home/cloud/codings/airflow/dags/list_s3_bucket_files_dag.py for tasks to queue
[2026-02-07T07:50:49.782+0000] {logging_mixin.py:188} INFO - [2026-02-07T07:50:49.781+0000] {dagbag.py:545} INFO - Filling up the DagBag from /home/cloud/codings/airflow/dags/list_s3_bucket_files_dag.py
[2026-02-07T07:50:49.796+0000] {processor.py:840} INFO - DAG(s) 'list_s3_bucket_files_dag' retrieved from /home/cloud/codings/airflow/dags/list_s3_bucket_files_dag.py
[2026-02-07T07:50:49.825+0000] {logging_mixin.py:188} INFO - [2026-02-07T07:50:49.824+0000] {dag.py:3089} INFO - Sync 1 DAGs
[2026-02-07T07:50:49.843+0000] {logging_mixin.py:188} INFO - [2026-02-07T07:50:49.843+0000] {dag.py:3947} INFO - Setting next_dagrun for list_s3_bucket_files_dag to None, run_after=None
[2026-02-07T07:50:49.873+0000] {processor.py:183} INFO - Processing /home/cloud/codings/airflow/dags/list_s3_bucket_files_dag.py took 0.102 seconds
[2026-02-07T07:51:25.262+0000] {processor.py:161} INFO - Started process (PID=127556) to work on /home/cloud/codings/airflow/dags/list_s3_bucket_files_dag.py
[2026-02-07T07:51:25.264+0000] {processor.py:830} INFO - Processing file /home/cloud/codings/airflow/dags/list_s3_bucket_files_dag.py for tasks to queue
[2026-02-07T07:51:25.266+0000] {logging_mixin.py:188} INFO - [2026-02-07T07:51:25.265+0000] {dagbag.py:545} INFO - Filling up the DagBag from /home/cloud/codings/airflow/dags/list_s3_bucket_files_dag.py
[2026-02-07T07:51:25.284+0000] {processor.py:840} INFO - DAG(s) 'list_s3_bucket_files_dag' retrieved from /home/cloud/codings/airflow/dags/list_s3_bucket_files_dag.py
[2026-02-07T07:51:25.334+0000] {logging_mixin.py:188} INFO - [2026-02-07T07:51:25.333+0000] {dag.py:3089} INFO - Sync 1 DAGs
[2026-02-07T07:51:25.364+0000] {logging_mixin.py:188} INFO - [2026-02-07T07:51:25.364+0000] {dag.py:3947} INFO - Setting next_dagrun for list_s3_bucket_files_dag to None, run_after=None
[2026-02-07T07:51:25.412+0000] {processor.py:183} INFO - Processing /home/cloud/codings/airflow/dags/list_s3_bucket_files_dag.py took 0.162 seconds
[2026-02-07T07:51:55.559+0000] {processor.py:161} INFO - Started process (PID=127566) to work on /home/cloud/codings/airflow/dags/list_s3_bucket_files_dag.py
[2026-02-07T07:51:55.561+0000] {processor.py:830} INFO - Processing file /home/cloud/codings/airflow/dags/list_s3_bucket_files_dag.py for tasks to queue
[2026-02-07T07:51:55.562+0000] {logging_mixin.py:188} INFO - [2026-02-07T07:51:55.562+0000] {dagbag.py:545} INFO - Filling up the DagBag from /home/cloud/codings/airflow/dags/list_s3_bucket_files_dag.py
[2026-02-07T07:51:55.577+0000] {processor.py:840} INFO - DAG(s) 'list_s3_bucket_files_dag' retrieved from /home/cloud/codings/airflow/dags/list_s3_bucket_files_dag.py
[2026-02-07T07:51:55.605+0000] {logging_mixin.py:188} INFO - [2026-02-07T07:51:55.605+0000] {dag.py:3089} INFO - Sync 1 DAGs
[2026-02-07T07:51:55.621+0000] {logging_mixin.py:188} INFO - [2026-02-07T07:51:55.621+0000] {dag.py:3947} INFO - Setting next_dagrun for list_s3_bucket_files_dag to None, run_after=None
[2026-02-07T07:51:55.646+0000] {processor.py:183} INFO - Processing /home/cloud/codings/airflow/dags/list_s3_bucket_files_dag.py took 0.095 seconds
[2026-02-07T07:52:26.146+0000] {processor.py:161} INFO - Started process (PID=127575) to work on /home/cloud/codings/airflow/dags/list_s3_bucket_files_dag.py
[2026-02-07T07:52:26.148+0000] {processor.py:830} INFO - Processing file /home/cloud/codings/airflow/dags/list_s3_bucket_files_dag.py for tasks to queue
[2026-02-07T07:52:26.149+0000] {logging_mixin.py:188} INFO - [2026-02-07T07:52:26.149+0000] {dagbag.py:545} INFO - Filling up the DagBag from /home/cloud/codings/airflow/dags/list_s3_bucket_files_dag.py
[2026-02-07T07:52:26.163+0000] {processor.py:840} INFO - DAG(s) 'list_s3_bucket_files_dag' retrieved from /home/cloud/codings/airflow/dags/list_s3_bucket_files_dag.py
[2026-02-07T07:52:26.191+0000] {logging_mixin.py:188} INFO - [2026-02-07T07:52:26.190+0000] {dag.py:3089} INFO - Sync 1 DAGs
[2026-02-07T07:52:26.207+0000] {logging_mixin.py:188} INFO - [2026-02-07T07:52:26.206+0000] {dag.py:3947} INFO - Setting next_dagrun for list_s3_bucket_files_dag to None, run_after=None
[2026-02-07T07:52:26.232+0000] {processor.py:183} INFO - Processing /home/cloud/codings/airflow/dags/list_s3_bucket_files_dag.py took 0.096 seconds
[2026-02-07T07:52:56.663+0000] {processor.py:161} INFO - Started process (PID=127581) to work on /home/cloud/codings/airflow/dags/list_s3_bucket_files_dag.py
[2026-02-07T07:52:56.667+0000] {processor.py:830} INFO - Processing file /home/cloud/codings/airflow/dags/list_s3_bucket_files_dag.py for tasks to queue
[2026-02-07T07:52:56.668+0000] {logging_mixin.py:188} INFO - [2026-02-07T07:52:56.668+0000] {dagbag.py:545} INFO - Filling up the DagBag from /home/cloud/codings/airflow/dags/list_s3_bucket_files_dag.py
[2026-02-07T07:52:56.679+0000] {processor.py:840} INFO - DAG(s) 'list_s3_bucket_files_dag' retrieved from /home/cloud/codings/airflow/dags/list_s3_bucket_files_dag.py
[2026-02-07T07:52:56.701+0000] {logging_mixin.py:188} INFO - [2026-02-07T07:52:56.700+0000] {dag.py:3089} INFO - Sync 1 DAGs
[2026-02-07T07:52:56.715+0000] {logging_mixin.py:188} INFO - [2026-02-07T07:52:56.714+0000] {dag.py:3947} INFO - Setting next_dagrun for list_s3_bucket_files_dag to None, run_after=None
[2026-02-07T07:52:56.740+0000] {processor.py:183} INFO - Processing /home/cloud/codings/airflow/dags/list_s3_bucket_files_dag.py took 0.085 seconds
[2026-02-07T07:53:29.119+0000] {processor.py:161} INFO - Started process (PID=127591) to work on /home/cloud/codings/airflow/dags/list_s3_bucket_files_dag.py
[2026-02-07T07:53:29.122+0000] {processor.py:830} INFO - Processing file /home/cloud/codings/airflow/dags/list_s3_bucket_files_dag.py for tasks to queue
[2026-02-07T07:53:29.123+0000] {logging_mixin.py:188} INFO - [2026-02-07T07:53:29.122+0000] {dagbag.py:545} INFO - Filling up the DagBag from /home/cloud/codings/airflow/dags/list_s3_bucket_files_dag.py
[2026-02-07T07:53:29.142+0000] {processor.py:840} INFO - DAG(s) 'list_s3_bucket_files_dag' retrieved from /home/cloud/codings/airflow/dags/list_s3_bucket_files_dag.py
[2026-02-07T07:53:29.173+0000] {logging_mixin.py:188} INFO - [2026-02-07T07:53:29.173+0000] {dag.py:3089} INFO - Sync 1 DAGs
[2026-02-07T07:53:29.194+0000] {logging_mixin.py:188} INFO - [2026-02-07T07:53:29.194+0000] {dag.py:3947} INFO - Setting next_dagrun for list_s3_bucket_files_dag to None, run_after=None
[2026-02-07T07:53:29.228+0000] {processor.py:183} INFO - Processing /home/cloud/codings/airflow/dags/list_s3_bucket_files_dag.py took 0.120 seconds
[2026-02-07T07:53:59.645+0000] {processor.py:161} INFO - Started process (PID=127602) to work on /home/cloud/codings/airflow/dags/list_s3_bucket_files_dag.py
[2026-02-07T07:53:59.647+0000] {processor.py:830} INFO - Processing file /home/cloud/codings/airflow/dags/list_s3_bucket_files_dag.py for tasks to queue
[2026-02-07T07:53:59.648+0000] {logging_mixin.py:188} INFO - [2026-02-07T07:53:59.647+0000] {dagbag.py:545} INFO - Filling up the DagBag from /home/cloud/codings/airflow/dags/list_s3_bucket_files_dag.py
[2026-02-07T07:53:59.663+0000] {processor.py:840} INFO - DAG(s) 'list_s3_bucket_files_dag' retrieved from /home/cloud/codings/airflow/dags/list_s3_bucket_files_dag.py
[2026-02-07T07:53:59.689+0000] {logging_mixin.py:188} INFO - [2026-02-07T07:53:59.688+0000] {dag.py:3089} INFO - Sync 1 DAGs
[2026-02-07T07:53:59.706+0000] {logging_mixin.py:188} INFO - [2026-02-07T07:53:59.706+0000] {dag.py:3947} INFO - Setting next_dagrun for list_s3_bucket_files_dag to None, run_after=None
[2026-02-07T07:53:59.735+0000] {processor.py:183} INFO - Processing /home/cloud/codings/airflow/dags/list_s3_bucket_files_dag.py took 0.099 seconds
[2026-02-07T07:54:30.781+0000] {processor.py:161} INFO - Started process (PID=127610) to work on /home/cloud/codings/airflow/dags/list_s3_bucket_files_dag.py
[2026-02-07T07:54:30.782+0000] {processor.py:830} INFO - Processing file /home/cloud/codings/airflow/dags/list_s3_bucket_files_dag.py for tasks to queue
[2026-02-07T07:54:30.783+0000] {logging_mixin.py:188} INFO - [2026-02-07T07:54:30.783+0000] {dagbag.py:545} INFO - Filling up the DagBag from /home/cloud/codings/airflow/dags/list_s3_bucket_files_dag.py
[2026-02-07T07:54:30.794+0000] {processor.py:840} INFO - DAG(s) 'list_s3_bucket_files_dag' retrieved from /home/cloud/codings/airflow/dags/list_s3_bucket_files_dag.py
[2026-02-07T07:54:30.819+0000] {logging_mixin.py:188} INFO - [2026-02-07T07:54:30.819+0000] {dag.py:3089} INFO - Sync 1 DAGs
[2026-02-07T07:54:30.838+0000] {logging_mixin.py:188} INFO - [2026-02-07T07:54:30.838+0000] {dag.py:3947} INFO - Setting next_dagrun for list_s3_bucket_files_dag to None, run_after=None
[2026-02-07T07:54:30.867+0000] {processor.py:183} INFO - Processing /home/cloud/codings/airflow/dags/list_s3_bucket_files_dag.py took 0.093 seconds
[2026-02-07T07:55:00.908+0000] {processor.py:161} INFO - Started process (PID=127616) to work on /home/cloud/codings/airflow/dags/list_s3_bucket_files_dag.py
[2026-02-07T07:55:00.909+0000] {processor.py:830} INFO - Processing file /home/cloud/codings/airflow/dags/list_s3_bucket_files_dag.py for tasks to queue
[2026-02-07T07:55:00.910+0000] {logging_mixin.py:188} INFO - [2026-02-07T07:55:00.910+0000] {dagbag.py:545} INFO - Filling up the DagBag from /home/cloud/codings/airflow/dags/list_s3_bucket_files_dag.py
[2026-02-07T07:55:00.922+0000] {processor.py:840} INFO - DAG(s) 'list_s3_bucket_files_dag' retrieved from /home/cloud/codings/airflow/dags/list_s3_bucket_files_dag.py
[2026-02-07T07:55:00.944+0000] {logging_mixin.py:188} INFO - [2026-02-07T07:55:00.944+0000] {dag.py:3089} INFO - Sync 1 DAGs
[2026-02-07T07:55:00.960+0000] {logging_mixin.py:188} INFO - [2026-02-07T07:55:00.960+0000] {dag.py:3947} INFO - Setting next_dagrun for list_s3_bucket_files_dag to None, run_after=None
[2026-02-07T07:55:00.986+0000] {processor.py:183} INFO - Processing /home/cloud/codings/airflow/dags/list_s3_bucket_files_dag.py took 0.085 seconds
[2026-02-07T07:55:31.124+0000] {processor.py:161} INFO - Started process (PID=127624) to work on /home/cloud/codings/airflow/dags/list_s3_bucket_files_dag.py
[2026-02-07T07:55:31.126+0000] {processor.py:830} INFO - Processing file /home/cloud/codings/airflow/dags/list_s3_bucket_files_dag.py for tasks to queue
[2026-02-07T07:55:31.127+0000] {logging_mixin.py:188} INFO - [2026-02-07T07:55:31.127+0000] {dagbag.py:545} INFO - Filling up the DagBag from /home/cloud/codings/airflow/dags/list_s3_bucket_files_dag.py
[2026-02-07T07:55:31.142+0000] {processor.py:840} INFO - DAG(s) 'list_s3_bucket_files_dag' retrieved from /home/cloud/codings/airflow/dags/list_s3_bucket_files_dag.py
[2026-02-07T07:55:31.169+0000] {logging_mixin.py:188} INFO - [2026-02-07T07:55:31.169+0000] {dag.py:3089} INFO - Sync 1 DAGs
[2026-02-07T07:55:31.186+0000] {logging_mixin.py:188} INFO - [2026-02-07T07:55:31.186+0000] {dag.py:3947} INFO - Setting next_dagrun for list_s3_bucket_files_dag to None, run_after=None
[2026-02-07T07:55:31.215+0000] {processor.py:183} INFO - Processing /home/cloud/codings/airflow/dags/list_s3_bucket_files_dag.py took 0.099 seconds
[2026-02-07T07:56:01.361+0000] {processor.py:161} INFO - Started process (PID=127632) to work on /home/cloud/codings/airflow/dags/list_s3_bucket_files_dag.py
[2026-02-07T07:56:01.366+0000] {processor.py:830} INFO - Processing file /home/cloud/codings/airflow/dags/list_s3_bucket_files_dag.py for tasks to queue
[2026-02-07T07:56:01.368+0000] {logging_mixin.py:188} INFO - [2026-02-07T07:56:01.367+0000] {dagbag.py:545} INFO - Filling up the DagBag from /home/cloud/codings/airflow/dags/list_s3_bucket_files_dag.py
[2026-02-07T07:56:01.385+0000] {processor.py:840} INFO - DAG(s) 'list_s3_bucket_files_dag' retrieved from /home/cloud/codings/airflow/dags/list_s3_bucket_files_dag.py
[2026-02-07T07:56:01.416+0000] {logging_mixin.py:188} INFO - [2026-02-07T07:56:01.416+0000] {dag.py:3089} INFO - Sync 1 DAGs
[2026-02-07T07:56:01.434+0000] {logging_mixin.py:188} INFO - [2026-02-07T07:56:01.434+0000] {dag.py:3947} INFO - Setting next_dagrun for list_s3_bucket_files_dag to None, run_after=None
[2026-02-07T07:56:01.465+0000] {processor.py:183} INFO - Processing /home/cloud/codings/airflow/dags/list_s3_bucket_files_dag.py took 0.115 seconds
[2026-02-07T07:56:31.793+0000] {processor.py:161} INFO - Started process (PID=127644) to work on /home/cloud/codings/airflow/dags/list_s3_bucket_files_dag.py
[2026-02-07T07:56:31.798+0000] {processor.py:830} INFO - Processing file /home/cloud/codings/airflow/dags/list_s3_bucket_files_dag.py for tasks to queue
[2026-02-07T07:56:31.799+0000] {logging_mixin.py:188} INFO - [2026-02-07T07:56:31.798+0000] {dagbag.py:545} INFO - Filling up the DagBag from /home/cloud/codings/airflow/dags/list_s3_bucket_files_dag.py
[2026-02-07T07:56:31.812+0000] {processor.py:840} INFO - DAG(s) 'list_s3_bucket_files_dag' retrieved from /home/cloud/codings/airflow/dags/list_s3_bucket_files_dag.py
[2026-02-07T07:56:31.838+0000] {logging_mixin.py:188} INFO - [2026-02-07T07:56:31.838+0000] {dag.py:3089} INFO - Sync 1 DAGs
[2026-02-07T07:56:31.854+0000] {logging_mixin.py:188} INFO - [2026-02-07T07:56:31.854+0000] {dag.py:3947} INFO - Setting next_dagrun for list_s3_bucket_files_dag to None, run_after=None
[2026-02-07T07:56:31.886+0000] {processor.py:183} INFO - Processing /home/cloud/codings/airflow/dags/list_s3_bucket_files_dag.py took 0.101 seconds
[2026-02-07T07:57:02.471+0000] {processor.py:161} INFO - Started process (PID=127650) to work on /home/cloud/codings/airflow/dags/list_s3_bucket_files_dag.py
[2026-02-07T07:57:02.473+0000] {processor.py:830} INFO - Processing file /home/cloud/codings/airflow/dags/list_s3_bucket_files_dag.py for tasks to queue
[2026-02-07T07:57:02.474+0000] {logging_mixin.py:188} INFO - [2026-02-07T07:57:02.473+0000] {dagbag.py:545} INFO - Filling up the DagBag from /home/cloud/codings/airflow/dags/list_s3_bucket_files_dag.py
[2026-02-07T07:57:02.484+0000] {processor.py:840} INFO - DAG(s) 'list_s3_bucket_files_dag' retrieved from /home/cloud/codings/airflow/dags/list_s3_bucket_files_dag.py
[2026-02-07T07:57:02.505+0000] {logging_mixin.py:188} INFO - [2026-02-07T07:57:02.504+0000] {dag.py:3089} INFO - Sync 1 DAGs
[2026-02-07T07:57:02.518+0000] {logging_mixin.py:188} INFO - [2026-02-07T07:57:02.518+0000] {dag.py:3947} INFO - Setting next_dagrun for list_s3_bucket_files_dag to None, run_after=None
[2026-02-07T07:57:02.545+0000] {processor.py:183} INFO - Processing /home/cloud/codings/airflow/dags/list_s3_bucket_files_dag.py took 0.080 seconds
[2026-02-07T07:57:09.494+0000] {processor.py:161} INFO - Started process (PID=127651) to work on /home/cloud/codings/airflow/dags/list_s3_bucket_files_dag.py
[2026-02-07T07:57:09.496+0000] {processor.py:830} INFO - Processing file /home/cloud/codings/airflow/dags/list_s3_bucket_files_dag.py for tasks to queue
[2026-02-07T07:57:09.497+0000] {logging_mixin.py:188} INFO - [2026-02-07T07:57:09.497+0000] {dagbag.py:545} INFO - Filling up the DagBag from /home/cloud/codings/airflow/dags/list_s3_bucket_files_dag.py
[2026-02-07T07:57:09.516+0000] {processor.py:840} INFO - DAG(s) 'list_s3_bucket_files_dag' retrieved from /home/cloud/codings/airflow/dags/list_s3_bucket_files_dag.py
[2026-02-07T07:57:09.543+0000] {logging_mixin.py:188} INFO - [2026-02-07T07:57:09.542+0000] {dag.py:3089} INFO - Sync 1 DAGs
[2026-02-07T07:57:09.561+0000] {logging_mixin.py:188} INFO - [2026-02-07T07:57:09.560+0000] {dag.py:3947} INFO - Setting next_dagrun for list_s3_bucket_files_dag to None, run_after=None
[2026-02-07T07:57:09.592+0000] {processor.py:183} INFO - Processing /home/cloud/codings/airflow/dags/list_s3_bucket_files_dag.py took 0.106 seconds
[2026-02-07T07:57:12.611+0000] {processor.py:161} INFO - Started process (PID=127653) to work on /home/cloud/codings/airflow/dags/list_s3_bucket_files_dag.py
[2026-02-07T07:57:12.612+0000] {processor.py:830} INFO - Processing file /home/cloud/codings/airflow/dags/list_s3_bucket_files_dag.py for tasks to queue
[2026-02-07T07:57:12.613+0000] {logging_mixin.py:188} INFO - [2026-02-07T07:57:12.613+0000] {dagbag.py:545} INFO - Filling up the DagBag from /home/cloud/codings/airflow/dags/list_s3_bucket_files_dag.py
[2026-02-07T07:57:12.627+0000] {processor.py:840} INFO - DAG(s) 'list_s3_bucket_files_dag' retrieved from /home/cloud/codings/airflow/dags/list_s3_bucket_files_dag.py
[2026-02-07T07:57:12.651+0000] {logging_mixin.py:188} INFO - [2026-02-07T07:57:12.650+0000] {dag.py:3089} INFO - Sync 1 DAGs
[2026-02-07T07:57:12.667+0000] {logging_mixin.py:188} INFO - [2026-02-07T07:57:12.667+0000] {dag.py:3947} INFO - Setting next_dagrun for list_s3_bucket_files_dag to None, run_after=None
[2026-02-07T07:57:12.697+0000] {processor.py:183} INFO - Processing /home/cloud/codings/airflow/dags/list_s3_bucket_files_dag.py took 0.094 seconds
[2026-02-07T07:57:42.809+0000] {processor.py:161} INFO - Started process (PID=127660) to work on /home/cloud/codings/airflow/dags/list_s3_bucket_files_dag.py
[2026-02-07T07:57:42.811+0000] {processor.py:830} INFO - Processing file /home/cloud/codings/airflow/dags/list_s3_bucket_files_dag.py for tasks to queue
[2026-02-07T07:57:42.813+0000] {logging_mixin.py:188} INFO - [2026-02-07T07:57:42.812+0000] {dagbag.py:545} INFO - Filling up the DagBag from /home/cloud/codings/airflow/dags/list_s3_bucket_files_dag.py
[2026-02-07T07:57:42.826+0000] {processor.py:840} INFO - DAG(s) 'list_s3_bucket_files_dag' retrieved from /home/cloud/codings/airflow/dags/list_s3_bucket_files_dag.py
[2026-02-07T07:57:42.852+0000] {logging_mixin.py:188} INFO - [2026-02-07T07:57:42.852+0000] {dag.py:3089} INFO - Sync 1 DAGs
[2026-02-07T07:57:42.870+0000] {logging_mixin.py:188} INFO - [2026-02-07T07:57:42.869+0000] {dag.py:3947} INFO - Setting next_dagrun for list_s3_bucket_files_dag to None, run_after=None
[2026-02-07T07:57:42.900+0000] {processor.py:183} INFO - Processing /home/cloud/codings/airflow/dags/list_s3_bucket_files_dag.py took 0.099 seconds
[2026-02-07T07:58:14.036+0000] {processor.py:161} INFO - Started process (PID=127669) to work on /home/cloud/codings/airflow/dags/list_s3_bucket_files_dag.py
[2026-02-07T07:58:14.038+0000] {processor.py:830} INFO - Processing file /home/cloud/codings/airflow/dags/list_s3_bucket_files_dag.py for tasks to queue
[2026-02-07T07:58:14.039+0000] {logging_mixin.py:188} INFO - [2026-02-07T07:58:14.039+0000] {dagbag.py:545} INFO - Filling up the DagBag from /home/cloud/codings/airflow/dags/list_s3_bucket_files_dag.py
[2026-02-07T07:58:14.055+0000] {processor.py:840} INFO - DAG(s) 'list_s3_bucket_files_dag' retrieved from /home/cloud/codings/airflow/dags/list_s3_bucket_files_dag.py
[2026-02-07T07:58:14.081+0000] {logging_mixin.py:188} INFO - [2026-02-07T07:58:14.081+0000] {dag.py:3089} INFO - Sync 1 DAGs
[2026-02-07T07:58:14.100+0000] {logging_mixin.py:188} INFO - [2026-02-07T07:58:14.099+0000] {dag.py:3947} INFO - Setting next_dagrun for list_s3_bucket_files_dag to None, run_after=None
[2026-02-07T07:58:14.131+0000] {processor.py:183} INFO - Processing /home/cloud/codings/airflow/dags/list_s3_bucket_files_dag.py took 0.103 seconds
[2026-02-07T07:58:44.383+0000] {processor.py:161} INFO - Started process (PID=127685) to work on /home/cloud/codings/airflow/dags/list_s3_bucket_files_dag.py
[2026-02-07T07:58:44.385+0000] {processor.py:830} INFO - Processing file /home/cloud/codings/airflow/dags/list_s3_bucket_files_dag.py for tasks to queue
[2026-02-07T07:58:44.386+0000] {logging_mixin.py:188} INFO - [2026-02-07T07:58:44.385+0000] {dagbag.py:545} INFO - Filling up the DagBag from /home/cloud/codings/airflow/dags/list_s3_bucket_files_dag.py
[2026-02-07T07:58:44.397+0000] {processor.py:840} INFO - DAG(s) 'list_s3_bucket_files_dag' retrieved from /home/cloud/codings/airflow/dags/list_s3_bucket_files_dag.py
[2026-02-07T07:58:44.418+0000] {logging_mixin.py:188} INFO - [2026-02-07T07:58:44.418+0000] {dag.py:3089} INFO - Sync 1 DAGs
[2026-02-07T07:58:44.433+0000] {logging_mixin.py:188} INFO - [2026-02-07T07:58:44.432+0000] {dag.py:3947} INFO - Setting next_dagrun for list_s3_bucket_files_dag to None, run_after=None
[2026-02-07T07:58:44.456+0000] {processor.py:183} INFO - Processing /home/cloud/codings/airflow/dags/list_s3_bucket_files_dag.py took 0.080 seconds
[2026-02-07T07:59:14.564+0000] {processor.py:161} INFO - Started process (PID=127692) to work on /home/cloud/codings/airflow/dags/list_s3_bucket_files_dag.py
[2026-02-07T07:59:14.566+0000] {processor.py:830} INFO - Processing file /home/cloud/codings/airflow/dags/list_s3_bucket_files_dag.py for tasks to queue
[2026-02-07T07:59:14.567+0000] {logging_mixin.py:188} INFO - [2026-02-07T07:59:14.566+0000] {dagbag.py:545} INFO - Filling up the DagBag from /home/cloud/codings/airflow/dags/list_s3_bucket_files_dag.py
[2026-02-07T07:59:14.578+0000] {processor.py:840} INFO - DAG(s) 'list_s3_bucket_files_dag' retrieved from /home/cloud/codings/airflow/dags/list_s3_bucket_files_dag.py
[2026-02-07T07:59:14.602+0000] {logging_mixin.py:188} INFO - [2026-02-07T07:59:14.602+0000] {dag.py:3089} INFO - Sync 1 DAGs
[2026-02-07T07:59:14.619+0000] {logging_mixin.py:188} INFO - [2026-02-07T07:59:14.618+0000] {dag.py:3947} INFO - Setting next_dagrun for list_s3_bucket_files_dag to None, run_after=None
[2026-02-07T07:59:14.646+0000] {processor.py:183} INFO - Processing /home/cloud/codings/airflow/dags/list_s3_bucket_files_dag.py took 0.089 seconds
[2026-02-07T07:59:45.295+0000] {processor.py:161} INFO - Started process (PID=127700) to work on /home/cloud/codings/airflow/dags/list_s3_bucket_files_dag.py
[2026-02-07T07:59:45.301+0000] {processor.py:830} INFO - Processing file /home/cloud/codings/airflow/dags/list_s3_bucket_files_dag.py for tasks to queue
[2026-02-07T07:59:45.302+0000] {logging_mixin.py:188} INFO - [2026-02-07T07:59:45.301+0000] {dagbag.py:545} INFO - Filling up the DagBag from /home/cloud/codings/airflow/dags/list_s3_bucket_files_dag.py
[2026-02-07T07:59:45.317+0000] {processor.py:840} INFO - DAG(s) 'list_s3_bucket_files_dag' retrieved from /home/cloud/codings/airflow/dags/list_s3_bucket_files_dag.py
[2026-02-07T07:59:45.350+0000] {logging_mixin.py:188} INFO - [2026-02-07T07:59:45.350+0000] {dag.py:3089} INFO - Sync 1 DAGs
[2026-02-07T07:59:45.369+0000] {logging_mixin.py:188} INFO - [2026-02-07T07:59:45.368+0000] {dag.py:3947} INFO - Setting next_dagrun for list_s3_bucket_files_dag to None, run_after=None
[2026-02-07T07:59:45.405+0000] {processor.py:183} INFO - Processing /home/cloud/codings/airflow/dags/list_s3_bucket_files_dag.py took 0.120 seconds
[2026-02-07T08:00:16.480+0000] {processor.py:161} INFO - Started process (PID=127708) to work on /home/cloud/codings/airflow/dags/list_s3_bucket_files_dag.py
[2026-02-07T08:00:16.482+0000] {processor.py:830} INFO - Processing file /home/cloud/codings/airflow/dags/list_s3_bucket_files_dag.py for tasks to queue
[2026-02-07T08:00:16.484+0000] {logging_mixin.py:188} INFO - [2026-02-07T08:00:16.483+0000] {dagbag.py:545} INFO - Filling up the DagBag from /home/cloud/codings/airflow/dags/list_s3_bucket_files_dag.py
[2026-02-07T08:00:16.499+0000] {processor.py:840} INFO - DAG(s) 'list_s3_bucket_files_dag' retrieved from /home/cloud/codings/airflow/dags/list_s3_bucket_files_dag.py
[2026-02-07T08:00:16.528+0000] {logging_mixin.py:188} INFO - [2026-02-07T08:00:16.527+0000] {dag.py:3089} INFO - Sync 1 DAGs
[2026-02-07T08:00:16.551+0000] {logging_mixin.py:188} INFO - [2026-02-07T08:00:16.550+0000] {dag.py:3947} INFO - Setting next_dagrun for list_s3_bucket_files_dag to None, run_after=None
[2026-02-07T08:00:16.583+0000] {processor.py:183} INFO - Processing /home/cloud/codings/airflow/dags/list_s3_bucket_files_dag.py took 0.112 seconds
[2026-02-07T08:00:46.824+0000] {processor.py:161} INFO - Started process (PID=127716) to work on /home/cloud/codings/airflow/dags/list_s3_bucket_files_dag.py
[2026-02-07T08:00:46.826+0000] {processor.py:830} INFO - Processing file /home/cloud/codings/airflow/dags/list_s3_bucket_files_dag.py for tasks to queue
[2026-02-07T08:00:46.829+0000] {logging_mixin.py:188} INFO - [2026-02-07T08:00:46.828+0000] {dagbag.py:545} INFO - Filling up the DagBag from /home/cloud/codings/airflow/dags/list_s3_bucket_files_dag.py
[2026-02-07T08:00:46.844+0000] {processor.py:840} INFO - DAG(s) 'list_s3_bucket_files_dag' retrieved from /home/cloud/codings/airflow/dags/list_s3_bucket_files_dag.py
[2026-02-07T08:00:46.879+0000] {logging_mixin.py:188} INFO - [2026-02-07T08:00:46.879+0000] {dag.py:3089} INFO - Sync 1 DAGs
[2026-02-07T08:00:46.900+0000] {logging_mixin.py:188} INFO - [2026-02-07T08:00:46.900+0000] {dag.py:3947} INFO - Setting next_dagrun for list_s3_bucket_files_dag to None, run_after=None
[2026-02-07T08:00:46.949+0000] {processor.py:183} INFO - Processing /home/cloud/codings/airflow/dags/list_s3_bucket_files_dag.py took 0.136 seconds
[2026-02-07T08:01:17.280+0000] {processor.py:161} INFO - Started process (PID=127724) to work on /home/cloud/codings/airflow/dags/list_s3_bucket_files_dag.py
[2026-02-07T08:01:17.282+0000] {processor.py:830} INFO - Processing file /home/cloud/codings/airflow/dags/list_s3_bucket_files_dag.py for tasks to queue
[2026-02-07T08:01:17.283+0000] {logging_mixin.py:188} INFO - [2026-02-07T08:01:17.283+0000] {dagbag.py:545} INFO - Filling up the DagBag from /home/cloud/codings/airflow/dags/list_s3_bucket_files_dag.py
[2026-02-07T08:01:17.298+0000] {processor.py:840} INFO - DAG(s) 'list_s3_bucket_files_dag' retrieved from /home/cloud/codings/airflow/dags/list_s3_bucket_files_dag.py
[2026-02-07T08:01:17.327+0000] {logging_mixin.py:188} INFO - [2026-02-07T08:01:17.327+0000] {dag.py:3089} INFO - Sync 1 DAGs
[2026-02-07T08:01:17.347+0000] {logging_mixin.py:188} INFO - [2026-02-07T08:01:17.347+0000] {dag.py:3947} INFO - Setting next_dagrun for list_s3_bucket_files_dag to None, run_after=None
[2026-02-07T08:01:17.377+0000] {processor.py:183} INFO - Processing /home/cloud/codings/airflow/dags/list_s3_bucket_files_dag.py took 0.105 seconds
[2026-02-07T08:01:31.668+0000] {processor.py:161} INFO - Started process (PID=127730) to work on /home/cloud/codings/airflow/dags/list_s3_bucket_files_dag.py
[2026-02-07T08:01:31.669+0000] {processor.py:830} INFO - Processing file /home/cloud/codings/airflow/dags/list_s3_bucket_files_dag.py for tasks to queue
[2026-02-07T08:01:31.671+0000] {logging_mixin.py:188} INFO - [2026-02-07T08:01:31.670+0000] {dagbag.py:545} INFO - Filling up the DagBag from /home/cloud/codings/airflow/dags/list_s3_bucket_files_dag.py
[2026-02-07T08:01:31.687+0000] {processor.py:840} INFO - DAG(s) 'list_s3_bucket_files_dag' retrieved from /home/cloud/codings/airflow/dags/list_s3_bucket_files_dag.py
[2026-02-07T08:01:32.143+0000] {logging_mixin.py:188} INFO - [2026-02-07T08:01:32.143+0000] {dag.py:3089} INFO - Sync 1 DAGs
[2026-02-07T08:01:32.155+0000] {logging_mixin.py:188} INFO - [2026-02-07T08:01:32.155+0000] {dag.py:3947} INFO - Setting next_dagrun for list_s3_bucket_files_dag to None, run_after=None
[2026-02-07T08:01:32.186+0000] {processor.py:183} INFO - Processing /home/cloud/codings/airflow/dags/list_s3_bucket_files_dag.py took 0.527 seconds
[2026-02-07T08:02:06.268+0000] {processor.py:161} INFO - Started process (PID=127743) to work on /home/cloud/codings/airflow/dags/list_s3_bucket_files_dag.py
[2026-02-07T08:02:06.270+0000] {processor.py:830} INFO - Processing file /home/cloud/codings/airflow/dags/list_s3_bucket_files_dag.py for tasks to queue
[2026-02-07T08:02:06.271+0000] {logging_mixin.py:188} INFO - [2026-02-07T08:02:06.271+0000] {dagbag.py:545} INFO - Filling up the DagBag from /home/cloud/codings/airflow/dags/list_s3_bucket_files_dag.py
[2026-02-07T08:02:06.294+0000] {processor.py:840} INFO - DAG(s) 'list_s3_bucket_files_dag' retrieved from /home/cloud/codings/airflow/dags/list_s3_bucket_files_dag.py
[2026-02-07T08:02:06.333+0000] {logging_mixin.py:188} INFO - [2026-02-07T08:02:06.332+0000] {dag.py:3089} INFO - Sync 1 DAGs
[2026-02-07T08:02:06.363+0000] {logging_mixin.py:188} INFO - [2026-02-07T08:02:06.362+0000] {dag.py:3947} INFO - Setting next_dagrun for list_s3_bucket_files_dag to None, run_after=None
[2026-02-07T08:02:06.409+0000] {processor.py:183} INFO - Processing /home/cloud/codings/airflow/dags/list_s3_bucket_files_dag.py took 0.154 seconds
[2026-02-07T08:02:36.612+0000] {processor.py:161} INFO - Started process (PID=127751) to work on /home/cloud/codings/airflow/dags/list_s3_bucket_files_dag.py
[2026-02-07T08:02:36.617+0000] {processor.py:830} INFO - Processing file /home/cloud/codings/airflow/dags/list_s3_bucket_files_dag.py for tasks to queue
[2026-02-07T08:02:36.619+0000] {logging_mixin.py:188} INFO - [2026-02-07T08:02:36.618+0000] {dagbag.py:545} INFO - Filling up the DagBag from /home/cloud/codings/airflow/dags/list_s3_bucket_files_dag.py
[2026-02-07T08:02:36.635+0000] {processor.py:840} INFO - DAG(s) 'list_s3_bucket_files_dag' retrieved from /home/cloud/codings/airflow/dags/list_s3_bucket_files_dag.py
[2026-02-07T08:02:36.668+0000] {logging_mixin.py:188} INFO - [2026-02-07T08:02:36.667+0000] {dag.py:3089} INFO - Sync 1 DAGs
[2026-02-07T08:02:36.691+0000] {logging_mixin.py:188} INFO - [2026-02-07T08:02:36.690+0000] {dag.py:3947} INFO - Setting next_dagrun for list_s3_bucket_files_dag to None, run_after=None
[2026-02-07T08:02:36.724+0000] {processor.py:183} INFO - Processing /home/cloud/codings/airflow/dags/list_s3_bucket_files_dag.py took 0.123 seconds
[2026-02-07T08:03:07.271+0000] {processor.py:161} INFO - Started process (PID=127757) to work on /home/cloud/codings/airflow/dags/list_s3_bucket_files_dag.py
[2026-02-07T08:03:07.277+0000] {processor.py:830} INFO - Processing file /home/cloud/codings/airflow/dags/list_s3_bucket_files_dag.py for tasks to queue
[2026-02-07T08:03:07.279+0000] {logging_mixin.py:188} INFO - [2026-02-07T08:03:07.278+0000] {dagbag.py:545} INFO - Filling up the DagBag from /home/cloud/codings/airflow/dags/list_s3_bucket_files_dag.py
[2026-02-07T08:03:07.298+0000] {processor.py:840} INFO - DAG(s) 'list_s3_bucket_files_dag' retrieved from /home/cloud/codings/airflow/dags/list_s3_bucket_files_dag.py
[2026-02-07T08:03:07.333+0000] {logging_mixin.py:188} INFO - [2026-02-07T08:03:07.333+0000] {dag.py:3089} INFO - Sync 1 DAGs
[2026-02-07T08:03:07.357+0000] {logging_mixin.py:188} INFO - [2026-02-07T08:03:07.356+0000] {dag.py:3947} INFO - Setting next_dagrun for list_s3_bucket_files_dag to None, run_after=None
[2026-02-07T08:03:07.421+0000] {processor.py:183} INFO - Processing /home/cloud/codings/airflow/dags/list_s3_bucket_files_dag.py took 0.162 seconds
[2026-02-07T08:03:37.499+0000] {processor.py:161} INFO - Started process (PID=127765) to work on /home/cloud/codings/airflow/dags/list_s3_bucket_files_dag.py
[2026-02-07T08:03:37.501+0000] {processor.py:830} INFO - Processing file /home/cloud/codings/airflow/dags/list_s3_bucket_files_dag.py for tasks to queue
[2026-02-07T08:03:37.503+0000] {logging_mixin.py:188} INFO - [2026-02-07T08:03:37.502+0000] {dagbag.py:545} INFO - Filling up the DagBag from /home/cloud/codings/airflow/dags/list_s3_bucket_files_dag.py
[2026-02-07T08:03:37.517+0000] {processor.py:840} INFO - DAG(s) 'list_s3_bucket_files_dag' retrieved from /home/cloud/codings/airflow/dags/list_s3_bucket_files_dag.py
[2026-02-07T08:03:37.553+0000] {logging_mixin.py:188} INFO - [2026-02-07T08:03:37.553+0000] {dag.py:3089} INFO - Sync 1 DAGs
[2026-02-07T08:03:37.578+0000] {logging_mixin.py:188} INFO - [2026-02-07T08:03:37.577+0000] {dag.py:3947} INFO - Setting next_dagrun for list_s3_bucket_files_dag to None, run_after=None
[2026-02-07T08:03:37.616+0000] {processor.py:183} INFO - Processing /home/cloud/codings/airflow/dags/list_s3_bucket_files_dag.py took 0.127 seconds
[2026-02-07T08:04:07.790+0000] {processor.py:161} INFO - Started process (PID=127774) to work on /home/cloud/codings/airflow/dags/list_s3_bucket_files_dag.py
[2026-02-07T08:04:07.792+0000] {processor.py:830} INFO - Processing file /home/cloud/codings/airflow/dags/list_s3_bucket_files_dag.py for tasks to queue
[2026-02-07T08:04:07.793+0000] {logging_mixin.py:188} INFO - [2026-02-07T08:04:07.793+0000] {dagbag.py:545} INFO - Filling up the DagBag from /home/cloud/codings/airflow/dags/list_s3_bucket_files_dag.py
[2026-02-07T08:04:07.811+0000] {processor.py:840} INFO - DAG(s) 'list_s3_bucket_files_dag' retrieved from /home/cloud/codings/airflow/dags/list_s3_bucket_files_dag.py
[2026-02-07T08:04:07.845+0000] {logging_mixin.py:188} INFO - [2026-02-07T08:04:07.845+0000] {dag.py:3089} INFO - Sync 1 DAGs
[2026-02-07T08:04:07.865+0000] {logging_mixin.py:188} INFO - [2026-02-07T08:04:07.865+0000] {dag.py:3947} INFO - Setting next_dagrun for list_s3_bucket_files_dag to None, run_after=None
[2026-02-07T08:04:07.901+0000] {processor.py:183} INFO - Processing /home/cloud/codings/airflow/dags/list_s3_bucket_files_dag.py took 0.121 seconds
[2026-02-07T08:04:39.583+0000] {processor.py:161} INFO - Started process (PID=127790) to work on /home/cloud/codings/airflow/dags/list_s3_bucket_files_dag.py
[2026-02-07T08:04:39.584+0000] {processor.py:830} INFO - Processing file /home/cloud/codings/airflow/dags/list_s3_bucket_files_dag.py for tasks to queue
[2026-02-07T08:04:39.585+0000] {logging_mixin.py:188} INFO - [2026-02-07T08:04:39.584+0000] {dagbag.py:545} INFO - Filling up the DagBag from /home/cloud/codings/airflow/dags/list_s3_bucket_files_dag.py
[2026-02-07T08:04:39.597+0000] {processor.py:840} INFO - DAG(s) 'list_s3_bucket_files_dag' retrieved from /home/cloud/codings/airflow/dags/list_s3_bucket_files_dag.py
[2026-02-07T08:04:39.621+0000] {logging_mixin.py:188} INFO - [2026-02-07T08:04:39.621+0000] {dag.py:3089} INFO - Sync 1 DAGs
[2026-02-07T08:04:39.636+0000] {logging_mixin.py:188} INFO - [2026-02-07T08:04:39.636+0000] {dag.py:3947} INFO - Setting next_dagrun for list_s3_bucket_files_dag to None, run_after=None
[2026-02-07T08:04:39.665+0000] {processor.py:183} INFO - Processing /home/cloud/codings/airflow/dags/list_s3_bucket_files_dag.py took 0.090 seconds
[2026-02-07T08:05:11.703+0000] {processor.py:161} INFO - Started process (PID=127801) to work on /home/cloud/codings/airflow/dags/list_s3_bucket_files_dag.py
[2026-02-07T08:05:11.708+0000] {processor.py:830} INFO - Processing file /home/cloud/codings/airflow/dags/list_s3_bucket_files_dag.py for tasks to queue
[2026-02-07T08:05:11.711+0000] {logging_mixin.py:188} INFO - [2026-02-07T08:05:11.709+0000] {dagbag.py:545} INFO - Filling up the DagBag from /home/cloud/codings/airflow/dags/list_s3_bucket_files_dag.py
[2026-02-07T08:05:11.733+0000] {processor.py:840} INFO - DAG(s) 'list_s3_bucket_files_dag' retrieved from /home/cloud/codings/airflow/dags/list_s3_bucket_files_dag.py
[2026-02-07T08:05:11.777+0000] {logging_mixin.py:188} INFO - [2026-02-07T08:05:11.776+0000] {dag.py:3089} INFO - Sync 1 DAGs
[2026-02-07T08:05:11.813+0000] {logging_mixin.py:188} INFO - [2026-02-07T08:05:11.813+0000] {dag.py:3947} INFO - Setting next_dagrun for list_s3_bucket_files_dag to None, run_after=None
[2026-02-07T08:05:11.877+0000] {processor.py:183} INFO - Processing /home/cloud/codings/airflow/dags/list_s3_bucket_files_dag.py took 0.191 seconds
[2026-02-07T08:05:43.900+0000] {processor.py:161} INFO - Started process (PID=127808) to work on /home/cloud/codings/airflow/dags/list_s3_bucket_files_dag.py
[2026-02-07T08:05:43.901+0000] {processor.py:830} INFO - Processing file /home/cloud/codings/airflow/dags/list_s3_bucket_files_dag.py for tasks to queue
[2026-02-07T08:05:43.903+0000] {logging_mixin.py:188} INFO - [2026-02-07T08:05:43.902+0000] {dagbag.py:545} INFO - Filling up the DagBag from /home/cloud/codings/airflow/dags/list_s3_bucket_files_dag.py
[2026-02-07T08:05:43.917+0000] {processor.py:840} INFO - DAG(s) 'list_s3_bucket_files_dag' retrieved from /home/cloud/codings/airflow/dags/list_s3_bucket_files_dag.py
[2026-02-07T08:05:44.929+0000] {logging_mixin.py:188} INFO - [2026-02-07T08:05:44.929+0000] {dag.py:3089} INFO - Sync 1 DAGs
[2026-02-07T08:05:44.948+0000] {logging_mixin.py:188} INFO - [2026-02-07T08:05:44.948+0000] {dag.py:3947} INFO - Setting next_dagrun for list_s3_bucket_files_dag to None, run_after=None
[2026-02-07T08:05:44.984+0000] {processor.py:183} INFO - Processing /home/cloud/codings/airflow/dags/list_s3_bucket_files_dag.py took 0.107 seconds
[2026-02-07T08:06:15.804+0000] {processor.py:161} INFO - Started process (PID=127817) to work on /home/cloud/codings/airflow/dags/list_s3_bucket_files_dag.py
[2026-02-07T08:06:15.806+0000] {processor.py:830} INFO - Processing file /home/cloud/codings/airflow/dags/list_s3_bucket_files_dag.py for tasks to queue
[2026-02-07T08:06:15.807+0000] {logging_mixin.py:188} INFO - [2026-02-07T08:06:15.807+0000] {dagbag.py:545} INFO - Filling up the DagBag from /home/cloud/codings/airflow/dags/list_s3_bucket_files_dag.py
[2026-02-07T08:06:15.821+0000] {processor.py:840} INFO - DAG(s) 'list_s3_bucket_files_dag' retrieved from /home/cloud/codings/airflow/dags/list_s3_bucket_files_dag.py
[2026-02-07T08:06:15.848+0000] {logging_mixin.py:188} INFO - [2026-02-07T08:06:15.848+0000] {dag.py:3089} INFO - Sync 1 DAGs
[2026-02-07T08:06:15.867+0000] {logging_mixin.py:188} INFO - [2026-02-07T08:06:15.867+0000] {dag.py:3947} INFO - Setting next_dagrun for list_s3_bucket_files_dag to None, run_after=None
[2026-02-07T08:06:15.898+0000] {processor.py:183} INFO - Processing /home/cloud/codings/airflow/dags/list_s3_bucket_files_dag.py took 0.102 seconds
[2026-02-07T08:06:46.543+0000] {processor.py:161} INFO - Started process (PID=127825) to work on /home/cloud/codings/airflow/dags/list_s3_bucket_files_dag.py
[2026-02-07T08:06:46.544+0000] {processor.py:830} INFO - Processing file /home/cloud/codings/airflow/dags/list_s3_bucket_files_dag.py for tasks to queue
[2026-02-07T08:06:46.545+0000] {logging_mixin.py:188} INFO - [2026-02-07T08:06:46.544+0000] {dagbag.py:545} INFO - Filling up the DagBag from /home/cloud/codings/airflow/dags/list_s3_bucket_files_dag.py
[2026-02-07T08:06:46.557+0000] {processor.py:840} INFO - DAG(s) 'list_s3_bucket_files_dag' retrieved from /home/cloud/codings/airflow/dags/list_s3_bucket_files_dag.py
[2026-02-07T08:06:46.580+0000] {logging_mixin.py:188} INFO - [2026-02-07T08:06:46.580+0000] {dag.py:3089} INFO - Sync 1 DAGs
[2026-02-07T08:06:46.595+0000] {logging_mixin.py:188} INFO - [2026-02-07T08:06:46.595+0000] {dag.py:3947} INFO - Setting next_dagrun for list_s3_bucket_files_dag to None, run_after=None
[2026-02-07T08:06:46.624+0000] {processor.py:183} INFO - Processing /home/cloud/codings/airflow/dags/list_s3_bucket_files_dag.py took 0.089 seconds
[2026-02-07T08:07:16.791+0000] {processor.py:161} INFO - Started process (PID=127834) to work on /home/cloud/codings/airflow/dags/list_s3_bucket_files_dag.py
[2026-02-07T08:07:16.797+0000] {processor.py:830} INFO - Processing file /home/cloud/codings/airflow/dags/list_s3_bucket_files_dag.py for tasks to queue
[2026-02-07T08:07:16.798+0000] {logging_mixin.py:188} INFO - [2026-02-07T08:07:16.798+0000] {dagbag.py:545} INFO - Filling up the DagBag from /home/cloud/codings/airflow/dags/list_s3_bucket_files_dag.py
[2026-02-07T08:07:16.814+0000] {processor.py:840} INFO - DAG(s) 'list_s3_bucket_files_dag' retrieved from /home/cloud/codings/airflow/dags/list_s3_bucket_files_dag.py
[2026-02-07T08:07:16.848+0000] {logging_mixin.py:188} INFO - [2026-02-07T08:07:16.847+0000] {dag.py:3089} INFO - Sync 1 DAGs
[2026-02-07T08:07:16.867+0000] {logging_mixin.py:188} INFO - [2026-02-07T08:07:16.867+0000] {dag.py:3947} INFO - Setting next_dagrun for list_s3_bucket_files_dag to None, run_after=None
[2026-02-07T08:07:16.900+0000] {processor.py:183} INFO - Processing /home/cloud/codings/airflow/dags/list_s3_bucket_files_dag.py took 0.122 seconds
[2026-02-07T08:07:47.155+0000] {processor.py:161} INFO - Started process (PID=127842) to work on /home/cloud/codings/airflow/dags/list_s3_bucket_files_dag.py
[2026-02-07T08:07:47.156+0000] {processor.py:830} INFO - Processing file /home/cloud/codings/airflow/dags/list_s3_bucket_files_dag.py for tasks to queue
[2026-02-07T08:07:47.157+0000] {logging_mixin.py:188} INFO - [2026-02-07T08:07:47.157+0000] {dagbag.py:545} INFO - Filling up the DagBag from /home/cloud/codings/airflow/dags/list_s3_bucket_files_dag.py
[2026-02-07T08:07:47.171+0000] {processor.py:840} INFO - DAG(s) 'list_s3_bucket_files_dag' retrieved from /home/cloud/codings/airflow/dags/list_s3_bucket_files_dag.py
[2026-02-07T08:07:47.201+0000] {logging_mixin.py:188} INFO - [2026-02-07T08:07:47.200+0000] {dag.py:3089} INFO - Sync 1 DAGs
[2026-02-07T08:07:47.221+0000] {logging_mixin.py:188} INFO - [2026-02-07T08:07:47.220+0000] {dag.py:3947} INFO - Setting next_dagrun for list_s3_bucket_files_dag to None, run_after=None
[2026-02-07T08:07:47.252+0000] {processor.py:183} INFO - Processing /home/cloud/codings/airflow/dags/list_s3_bucket_files_dag.py took 0.105 seconds
[2026-02-07T08:08:18.190+0000] {processor.py:161} INFO - Started process (PID=127851) to work on /home/cloud/codings/airflow/dags/list_s3_bucket_files_dag.py
[2026-02-07T08:08:18.195+0000] {processor.py:830} INFO - Processing file /home/cloud/codings/airflow/dags/list_s3_bucket_files_dag.py for tasks to queue
[2026-02-07T08:08:18.196+0000] {logging_mixin.py:188} INFO - [2026-02-07T08:08:18.196+0000] {dagbag.py:545} INFO - Filling up the DagBag from /home/cloud/codings/airflow/dags/list_s3_bucket_files_dag.py
[2026-02-07T08:08:18.213+0000] {processor.py:840} INFO - DAG(s) 'list_s3_bucket_files_dag' retrieved from /home/cloud/codings/airflow/dags/list_s3_bucket_files_dag.py
[2026-02-07T08:08:18.240+0000] {logging_mixin.py:188} INFO - [2026-02-07T08:08:18.239+0000] {dag.py:3089} INFO - Sync 1 DAGs
[2026-02-07T08:08:18.259+0000] {logging_mixin.py:188} INFO - [2026-02-07T08:08:18.259+0000] {dag.py:3947} INFO - Setting next_dagrun for list_s3_bucket_files_dag to None, run_after=None
[2026-02-07T08:08:18.286+0000] {processor.py:183} INFO - Processing /home/cloud/codings/airflow/dags/list_s3_bucket_files_dag.py took 0.104 seconds
[2026-02-07T08:08:48.995+0000] {processor.py:161} INFO - Started process (PID=127858) to work on /home/cloud/codings/airflow/dags/list_s3_bucket_files_dag.py
[2026-02-07T08:08:48.997+0000] {processor.py:830} INFO - Processing file /home/cloud/codings/airflow/dags/list_s3_bucket_files_dag.py for tasks to queue
[2026-02-07T08:08:48.998+0000] {logging_mixin.py:188} INFO - [2026-02-07T08:08:48.997+0000] {dagbag.py:545} INFO - Filling up the DagBag from /home/cloud/codings/airflow/dags/list_s3_bucket_files_dag.py
[2026-02-07T08:08:49.010+0000] {processor.py:840} INFO - DAG(s) 'list_s3_bucket_files_dag' retrieved from /home/cloud/codings/airflow/dags/list_s3_bucket_files_dag.py
[2026-02-07T08:08:49.035+0000] {logging_mixin.py:188} INFO - [2026-02-07T08:08:49.034+0000] {dag.py:3089} INFO - Sync 1 DAGs
[2026-02-07T08:08:49.050+0000] {logging_mixin.py:188} INFO - [2026-02-07T08:08:49.049+0000] {dag.py:3947} INFO - Setting next_dagrun for list_s3_bucket_files_dag to None, run_after=None
[2026-02-07T08:08:49.077+0000] {processor.py:183} INFO - Processing /home/cloud/codings/airflow/dags/list_s3_bucket_files_dag.py took 0.089 seconds
[2026-02-07T08:09:19.359+0000] {processor.py:161} INFO - Started process (PID=127865) to work on /home/cloud/codings/airflow/dags/list_s3_bucket_files_dag.py
[2026-02-07T08:09:19.361+0000] {processor.py:830} INFO - Processing file /home/cloud/codings/airflow/dags/list_s3_bucket_files_dag.py for tasks to queue
[2026-02-07T08:09:19.362+0000] {logging_mixin.py:188} INFO - [2026-02-07T08:09:19.362+0000] {dagbag.py:545} INFO - Filling up the DagBag from /home/cloud/codings/airflow/dags/list_s3_bucket_files_dag.py
[2026-02-07T08:09:19.375+0000] {processor.py:840} INFO - DAG(s) 'list_s3_bucket_files_dag' retrieved from /home/cloud/codings/airflow/dags/list_s3_bucket_files_dag.py
[2026-02-07T08:09:19.399+0000] {logging_mixin.py:188} INFO - [2026-02-07T08:09:19.399+0000] {dag.py:3089} INFO - Sync 1 DAGs
[2026-02-07T08:09:19.414+0000] {logging_mixin.py:188} INFO - [2026-02-07T08:09:19.414+0000] {dag.py:3947} INFO - Setting next_dagrun for list_s3_bucket_files_dag to None, run_after=None
[2026-02-07T08:09:19.448+0000] {processor.py:183} INFO - Processing /home/cloud/codings/airflow/dags/list_s3_bucket_files_dag.py took 0.095 seconds
[2026-02-07T08:09:49.520+0000] {processor.py:161} INFO - Started process (PID=127872) to work on /home/cloud/codings/airflow/dags/list_s3_bucket_files_dag.py
[2026-02-07T08:09:49.522+0000] {processor.py:830} INFO - Processing file /home/cloud/codings/airflow/dags/list_s3_bucket_files_dag.py for tasks to queue
[2026-02-07T08:09:49.523+0000] {logging_mixin.py:188} INFO - [2026-02-07T08:09:49.522+0000] {dagbag.py:545} INFO - Filling up the DagBag from /home/cloud/codings/airflow/dags/list_s3_bucket_files_dag.py
[2026-02-07T08:09:49.541+0000] {processor.py:840} INFO - DAG(s) 'list_s3_bucket_files_dag' retrieved from /home/cloud/codings/airflow/dags/list_s3_bucket_files_dag.py
[2026-02-07T08:09:49.566+0000] {logging_mixin.py:188} INFO - [2026-02-07T08:09:49.566+0000] {dag.py:3089} INFO - Sync 1 DAGs
[2026-02-07T08:09:49.583+0000] {logging_mixin.py:188} INFO - [2026-02-07T08:09:49.582+0000] {dag.py:3947} INFO - Setting next_dagrun for list_s3_bucket_files_dag to None, run_after=None
[2026-02-07T08:09:49.611+0000] {processor.py:183} INFO - Processing /home/cloud/codings/airflow/dags/list_s3_bucket_files_dag.py took 0.102 seconds
[2026-02-07T08:10:19.956+0000] {processor.py:161} INFO - Started process (PID=127878) to work on /home/cloud/codings/airflow/dags/list_s3_bucket_files_dag.py
[2026-02-07T08:10:19.957+0000] {processor.py:830} INFO - Processing file /home/cloud/codings/airflow/dags/list_s3_bucket_files_dag.py for tasks to queue
[2026-02-07T08:10:19.958+0000] {logging_mixin.py:188} INFO - [2026-02-07T08:10:19.958+0000] {dagbag.py:545} INFO - Filling up the DagBag from /home/cloud/codings/airflow/dags/list_s3_bucket_files_dag.py
[2026-02-07T08:10:19.973+0000] {processor.py:840} INFO - DAG(s) 'list_s3_bucket_files_dag' retrieved from /home/cloud/codings/airflow/dags/list_s3_bucket_files_dag.py
[2026-02-07T08:10:19.994+0000] {logging_mixin.py:188} INFO - [2026-02-07T08:10:19.994+0000] {dag.py:3089} INFO - Sync 1 DAGs
[2026-02-07T08:10:20.009+0000] {logging_mixin.py:188} INFO - [2026-02-07T08:10:20.009+0000] {dag.py:3947} INFO - Setting next_dagrun for list_s3_bucket_files_dag to None, run_after=None
[2026-02-07T08:10:20.034+0000] {processor.py:183} INFO - Processing /home/cloud/codings/airflow/dags/list_s3_bucket_files_dag.py took 0.088 seconds
[2026-02-07T08:10:50.204+0000] {processor.py:161} INFO - Started process (PID=127887) to work on /home/cloud/codings/airflow/dags/list_s3_bucket_files_dag.py
[2026-02-07T08:10:50.209+0000] {processor.py:830} INFO - Processing file /home/cloud/codings/airflow/dags/list_s3_bucket_files_dag.py for tasks to queue
[2026-02-07T08:10:50.210+0000] {logging_mixin.py:188} INFO - [2026-02-07T08:10:50.210+0000] {dagbag.py:545} INFO - Filling up the DagBag from /home/cloud/codings/airflow/dags/list_s3_bucket_files_dag.py
[2026-02-07T08:10:50.224+0000] {processor.py:840} INFO - DAG(s) 'list_s3_bucket_files_dag' retrieved from /home/cloud/codings/airflow/dags/list_s3_bucket_files_dag.py
[2026-02-07T08:10:50.250+0000] {logging_mixin.py:188} INFO - [2026-02-07T08:10:50.249+0000] {dag.py:3089} INFO - Sync 1 DAGs
[2026-02-07T08:10:50.267+0000] {logging_mixin.py:188} INFO - [2026-02-07T08:10:50.267+0000] {dag.py:3947} INFO - Setting next_dagrun for list_s3_bucket_files_dag to None, run_after=None
[2026-02-07T08:10:50.295+0000] {processor.py:183} INFO - Processing /home/cloud/codings/airflow/dags/list_s3_bucket_files_dag.py took 0.100 seconds
[2026-02-07T08:11:20.586+0000] {processor.py:161} INFO - Started process (PID=127902) to work on /home/cloud/codings/airflow/dags/list_s3_bucket_files_dag.py
[2026-02-07T08:11:20.587+0000] {processor.py:830} INFO - Processing file /home/cloud/codings/airflow/dags/list_s3_bucket_files_dag.py for tasks to queue
[2026-02-07T08:11:20.588+0000] {logging_mixin.py:188} INFO - [2026-02-07T08:11:20.588+0000] {dagbag.py:545} INFO - Filling up the DagBag from /home/cloud/codings/airflow/dags/list_s3_bucket_files_dag.py
[2026-02-07T08:11:20.600+0000] {processor.py:840} INFO - DAG(s) 'list_s3_bucket_files_dag' retrieved from /home/cloud/codings/airflow/dags/list_s3_bucket_files_dag.py
[2026-02-07T08:11:20.625+0000] {logging_mixin.py:188} INFO - [2026-02-07T08:11:20.624+0000] {dag.py:3089} INFO - Sync 1 DAGs
[2026-02-07T08:11:20.640+0000] {logging_mixin.py:188} INFO - [2026-02-07T08:11:20.640+0000] {dag.py:3947} INFO - Setting next_dagrun for list_s3_bucket_files_dag to None, run_after=None
[2026-02-07T08:11:20.667+0000] {processor.py:183} INFO - Processing /home/cloud/codings/airflow/dags/list_s3_bucket_files_dag.py took 0.088 seconds
[2026-02-07T08:11:51.093+0000] {processor.py:161} INFO - Started process (PID=127908) to work on /home/cloud/codings/airflow/dags/list_s3_bucket_files_dag.py
[2026-02-07T08:11:51.095+0000] {processor.py:830} INFO - Processing file /home/cloud/codings/airflow/dags/list_s3_bucket_files_dag.py for tasks to queue
[2026-02-07T08:11:51.096+0000] {logging_mixin.py:188} INFO - [2026-02-07T08:11:51.095+0000] {dagbag.py:545} INFO - Filling up the DagBag from /home/cloud/codings/airflow/dags/list_s3_bucket_files_dag.py
[2026-02-07T08:11:51.109+0000] {processor.py:840} INFO - DAG(s) 'list_s3_bucket_files_dag' retrieved from /home/cloud/codings/airflow/dags/list_s3_bucket_files_dag.py
[2026-02-07T08:11:51.131+0000] {logging_mixin.py:188} INFO - [2026-02-07T08:11:51.130+0000] {dag.py:3089} INFO - Sync 1 DAGs
[2026-02-07T08:11:51.144+0000] {logging_mixin.py:188} INFO - [2026-02-07T08:11:51.144+0000] {dag.py:3947} INFO - Setting next_dagrun for list_s3_bucket_files_dag to None, run_after=None
[2026-02-07T08:11:51.168+0000] {processor.py:183} INFO - Processing /home/cloud/codings/airflow/dags/list_s3_bucket_files_dag.py took 0.082 seconds
[2026-02-07T08:12:21.850+0000] {processor.py:161} INFO - Started process (PID=127920) to work on /home/cloud/codings/airflow/dags/list_s3_bucket_files_dag.py
[2026-02-07T08:12:21.852+0000] {processor.py:830} INFO - Processing file /home/cloud/codings/airflow/dags/list_s3_bucket_files_dag.py for tasks to queue
[2026-02-07T08:12:21.853+0000] {logging_mixin.py:188} INFO - [2026-02-07T08:12:21.853+0000] {dagbag.py:545} INFO - Filling up the DagBag from /home/cloud/codings/airflow/dags/list_s3_bucket_files_dag.py
[2026-02-07T08:12:21.868+0000] {processor.py:840} INFO - DAG(s) 'list_s3_bucket_files_dag' retrieved from /home/cloud/codings/airflow/dags/list_s3_bucket_files_dag.py
[2026-02-07T08:12:21.901+0000] {logging_mixin.py:188} INFO - [2026-02-07T08:12:21.900+0000] {dag.py:3089} INFO - Sync 1 DAGs
[2026-02-07T08:12:21.920+0000] {logging_mixin.py:188} INFO - [2026-02-07T08:12:21.919+0000] {dag.py:3947} INFO - Setting next_dagrun for list_s3_bucket_files_dag to None, run_after=None
[2026-02-07T08:12:21.954+0000] {processor.py:183} INFO - Processing /home/cloud/codings/airflow/dags/list_s3_bucket_files_dag.py took 0.113 seconds
[2026-02-07T08:12:52.767+0000] {processor.py:161} INFO - Started process (PID=127930) to work on /home/cloud/codings/airflow/dags/list_s3_bucket_files_dag.py
[2026-02-07T08:12:52.770+0000] {processor.py:830} INFO - Processing file /home/cloud/codings/airflow/dags/list_s3_bucket_files_dag.py for tasks to queue
[2026-02-07T08:12:52.771+0000] {logging_mixin.py:188} INFO - [2026-02-07T08:12:52.770+0000] {dagbag.py:545} INFO - Filling up the DagBag from /home/cloud/codings/airflow/dags/list_s3_bucket_files_dag.py
[2026-02-07T08:12:52.784+0000] {processor.py:840} INFO - DAG(s) 'list_s3_bucket_files_dag' retrieved from /home/cloud/codings/airflow/dags/list_s3_bucket_files_dag.py
[2026-02-07T08:12:52.812+0000] {logging_mixin.py:188} INFO - [2026-02-07T08:12:52.811+0000] {dag.py:3089} INFO - Sync 1 DAGs
[2026-02-07T08:12:52.833+0000] {logging_mixin.py:188} INFO - [2026-02-07T08:12:52.832+0000] {dag.py:3947} INFO - Setting next_dagrun for list_s3_bucket_files_dag to None, run_after=None
[2026-02-07T08:12:52.863+0000] {processor.py:183} INFO - Processing /home/cloud/codings/airflow/dags/list_s3_bucket_files_dag.py took 0.105 seconds
[2026-02-07T08:13:23.642+0000] {processor.py:161} INFO - Started process (PID=127936) to work on /home/cloud/codings/airflow/dags/list_s3_bucket_files_dag.py
[2026-02-07T08:13:23.643+0000] {processor.py:830} INFO - Processing file /home/cloud/codings/airflow/dags/list_s3_bucket_files_dag.py for tasks to queue
[2026-02-07T08:13:23.645+0000] {logging_mixin.py:188} INFO - [2026-02-07T08:13:23.644+0000] {dagbag.py:545} INFO - Filling up the DagBag from /home/cloud/codings/airflow/dags/list_s3_bucket_files_dag.py
[2026-02-07T08:13:23.658+0000] {processor.py:840} INFO - DAG(s) 'list_s3_bucket_files_dag' retrieved from /home/cloud/codings/airflow/dags/list_s3_bucket_files_dag.py
[2026-02-07T08:13:23.684+0000] {logging_mixin.py:188} INFO - [2026-02-07T08:13:23.683+0000] {dag.py:3089} INFO - Sync 1 DAGs
[2026-02-07T08:13:23.700+0000] {logging_mixin.py:188} INFO - [2026-02-07T08:13:23.699+0000] {dag.py:3947} INFO - Setting next_dagrun for list_s3_bucket_files_dag to None, run_after=None
[2026-02-07T08:13:23.727+0000] {processor.py:183} INFO - Processing /home/cloud/codings/airflow/dags/list_s3_bucket_files_dag.py took 0.094 seconds
[2026-02-07T08:13:54.107+0000] {processor.py:161} INFO - Started process (PID=127942) to work on /home/cloud/codings/airflow/dags/list_s3_bucket_files_dag.py
[2026-02-07T08:13:54.112+0000] {processor.py:830} INFO - Processing file /home/cloud/codings/airflow/dags/list_s3_bucket_files_dag.py for tasks to queue
[2026-02-07T08:13:54.113+0000] {logging_mixin.py:188} INFO - [2026-02-07T08:13:54.113+0000] {dagbag.py:545} INFO - Filling up the DagBag from /home/cloud/codings/airflow/dags/list_s3_bucket_files_dag.py
[2026-02-07T08:13:54.127+0000] {processor.py:840} INFO - DAG(s) 'list_s3_bucket_files_dag' retrieved from /home/cloud/codings/airflow/dags/list_s3_bucket_files_dag.py
[2026-02-07T08:13:54.149+0000] {logging_mixin.py:188} INFO - [2026-02-07T08:13:54.149+0000] {dag.py:3089} INFO - Sync 1 DAGs
[2026-02-07T08:13:54.162+0000] {logging_mixin.py:188} INFO - [2026-02-07T08:13:54.162+0000] {dag.py:3947} INFO - Setting next_dagrun for list_s3_bucket_files_dag to None, run_after=None
[2026-02-07T08:13:54.206+0000] {processor.py:183} INFO - Processing /home/cloud/codings/airflow/dags/list_s3_bucket_files_dag.py took 0.107 seconds
[2026-02-07T08:14:24.396+0000] {processor.py:161} INFO - Started process (PID=127948) to work on /home/cloud/codings/airflow/dags/list_s3_bucket_files_dag.py
[2026-02-07T08:14:24.402+0000] {processor.py:830} INFO - Processing file /home/cloud/codings/airflow/dags/list_s3_bucket_files_dag.py for tasks to queue
[2026-02-07T08:14:24.403+0000] {logging_mixin.py:188} INFO - [2026-02-07T08:14:24.402+0000] {dagbag.py:545} INFO - Filling up the DagBag from /home/cloud/codings/airflow/dags/list_s3_bucket_files_dag.py
[2026-02-07T08:14:24.417+0000] {processor.py:840} INFO - DAG(s) 'list_s3_bucket_files_dag' retrieved from /home/cloud/codings/airflow/dags/list_s3_bucket_files_dag.py
[2026-02-07T08:14:24.441+0000] {logging_mixin.py:188} INFO - [2026-02-07T08:14:24.440+0000] {dag.py:3089} INFO - Sync 1 DAGs
[2026-02-07T08:14:24.456+0000] {logging_mixin.py:188} INFO - [2026-02-07T08:14:24.455+0000] {dag.py:3947} INFO - Setting next_dagrun for list_s3_bucket_files_dag to None, run_after=None
[2026-02-07T08:14:24.484+0000] {processor.py:183} INFO - Processing /home/cloud/codings/airflow/dags/list_s3_bucket_files_dag.py took 0.096 seconds
[2026-02-07T08:14:55.586+0000] {processor.py:161} INFO - Started process (PID=127955) to work on /home/cloud/codings/airflow/dags/list_s3_bucket_files_dag.py
[2026-02-07T08:14:55.587+0000] {processor.py:830} INFO - Processing file /home/cloud/codings/airflow/dags/list_s3_bucket_files_dag.py for tasks to queue
[2026-02-07T08:14:55.589+0000] {logging_mixin.py:188} INFO - [2026-02-07T08:14:55.588+0000] {dagbag.py:545} INFO - Filling up the DagBag from /home/cloud/codings/airflow/dags/list_s3_bucket_files_dag.py
[2026-02-07T08:14:55.602+0000] {processor.py:840} INFO - DAG(s) 'list_s3_bucket_files_dag' retrieved from /home/cloud/codings/airflow/dags/list_s3_bucket_files_dag.py
[2026-02-07T08:14:55.625+0000] {logging_mixin.py:188} INFO - [2026-02-07T08:14:55.625+0000] {dag.py:3089} INFO - Sync 1 DAGs
[2026-02-07T08:14:55.642+0000] {logging_mixin.py:188} INFO - [2026-02-07T08:14:55.642+0000] {dag.py:3947} INFO - Setting next_dagrun for list_s3_bucket_files_dag to None, run_after=None
[2026-02-07T08:14:55.670+0000] {processor.py:183} INFO - Processing /home/cloud/codings/airflow/dags/list_s3_bucket_files_dag.py took 0.092 seconds
[2026-02-07T08:15:25.995+0000] {processor.py:161} INFO - Started process (PID=127961) to work on /home/cloud/codings/airflow/dags/list_s3_bucket_files_dag.py
[2026-02-07T08:15:25.997+0000] {processor.py:830} INFO - Processing file /home/cloud/codings/airflow/dags/list_s3_bucket_files_dag.py for tasks to queue
[2026-02-07T08:15:25.998+0000] {logging_mixin.py:188} INFO - [2026-02-07T08:15:25.998+0000] {dagbag.py:545} INFO - Filling up the DagBag from /home/cloud/codings/airflow/dags/list_s3_bucket_files_dag.py
[2026-02-07T08:15:26.010+0000] {processor.py:840} INFO - DAG(s) 'list_s3_bucket_files_dag' retrieved from /home/cloud/codings/airflow/dags/list_s3_bucket_files_dag.py
[2026-02-07T08:15:26.032+0000] {logging_mixin.py:188} INFO - [2026-02-07T08:15:26.032+0000] {dag.py:3089} INFO - Sync 1 DAGs
[2026-02-07T08:15:26.045+0000] {logging_mixin.py:188} INFO - [2026-02-07T08:15:26.045+0000] {dag.py:3947} INFO - Setting next_dagrun for list_s3_bucket_files_dag to None, run_after=None
[2026-02-07T08:15:26.070+0000] {processor.py:183} INFO - Processing /home/cloud/codings/airflow/dags/list_s3_bucket_files_dag.py took 0.081 seconds
[2026-02-07T08:15:56.467+0000] {processor.py:161} INFO - Started process (PID=127967) to work on /home/cloud/codings/airflow/dags/list_s3_bucket_files_dag.py
[2026-02-07T08:15:56.469+0000] {processor.py:830} INFO - Processing file /home/cloud/codings/airflow/dags/list_s3_bucket_files_dag.py for tasks to queue
[2026-02-07T08:15:56.470+0000] {logging_mixin.py:188} INFO - [2026-02-07T08:15:56.469+0000] {dagbag.py:545} INFO - Filling up the DagBag from /home/cloud/codings/airflow/dags/list_s3_bucket_files_dag.py
[2026-02-07T08:15:56.480+0000] {processor.py:840} INFO - DAG(s) 'list_s3_bucket_files_dag' retrieved from /home/cloud/codings/airflow/dags/list_s3_bucket_files_dag.py
[2026-02-07T08:15:56.501+0000] {logging_mixin.py:188} INFO - [2026-02-07T08:15:56.501+0000] {dag.py:3089} INFO - Sync 1 DAGs
[2026-02-07T08:15:56.516+0000] {logging_mixin.py:188} INFO - [2026-02-07T08:15:56.516+0000] {dag.py:3947} INFO - Setting next_dagrun for list_s3_bucket_files_dag to None, run_after=None
[2026-02-07T08:15:56.543+0000] {processor.py:183} INFO - Processing /home/cloud/codings/airflow/dags/list_s3_bucket_files_dag.py took 0.083 seconds
[2026-02-07T08:16:27.313+0000] {processor.py:161} INFO - Started process (PID=127973) to work on /home/cloud/codings/airflow/dags/list_s3_bucket_files_dag.py
[2026-02-07T08:16:27.314+0000] {processor.py:830} INFO - Processing file /home/cloud/codings/airflow/dags/list_s3_bucket_files_dag.py for tasks to queue
[2026-02-07T08:16:27.315+0000] {logging_mixin.py:188} INFO - [2026-02-07T08:16:27.315+0000] {dagbag.py:545} INFO - Filling up the DagBag from /home/cloud/codings/airflow/dags/list_s3_bucket_files_dag.py
[2026-02-07T08:16:27.327+0000] {processor.py:840} INFO - DAG(s) 'list_s3_bucket_files_dag' retrieved from /home/cloud/codings/airflow/dags/list_s3_bucket_files_dag.py
[2026-02-07T08:16:27.349+0000] {logging_mixin.py:188} INFO - [2026-02-07T08:16:27.348+0000] {dag.py:3089} INFO - Sync 1 DAGs
[2026-02-07T08:16:27.363+0000] {logging_mixin.py:188} INFO - [2026-02-07T08:16:27.363+0000] {dag.py:3947} INFO - Setting next_dagrun for list_s3_bucket_files_dag to None, run_after=None
[2026-02-07T08:16:27.391+0000] {processor.py:183} INFO - Processing /home/cloud/codings/airflow/dags/list_s3_bucket_files_dag.py took 0.086 seconds
[2026-02-07T08:16:57.805+0000] {processor.py:161} INFO - Started process (PID=127979) to work on /home/cloud/codings/airflow/dags/list_s3_bucket_files_dag.py
[2026-02-07T08:16:57.806+0000] {processor.py:830} INFO - Processing file /home/cloud/codings/airflow/dags/list_s3_bucket_files_dag.py for tasks to queue
[2026-02-07T08:16:57.807+0000] {logging_mixin.py:188} INFO - [2026-02-07T08:16:57.806+0000] {dagbag.py:545} INFO - Filling up the DagBag from /home/cloud/codings/airflow/dags/list_s3_bucket_files_dag.py
[2026-02-07T08:16:57.819+0000] {processor.py:840} INFO - DAG(s) 'list_s3_bucket_files_dag' retrieved from /home/cloud/codings/airflow/dags/list_s3_bucket_files_dag.py
[2026-02-07T08:16:57.844+0000] {logging_mixin.py:188} INFO - [2026-02-07T08:16:57.843+0000] {dag.py:3089} INFO - Sync 1 DAGs
[2026-02-07T08:16:57.860+0000] {logging_mixin.py:188} INFO - [2026-02-07T08:16:57.860+0000] {dag.py:3947} INFO - Setting next_dagrun for list_s3_bucket_files_dag to None, run_after=None
[2026-02-07T08:16:57.885+0000] {processor.py:183} INFO - Processing /home/cloud/codings/airflow/dags/list_s3_bucket_files_dag.py took 0.088 seconds
[2026-02-07T08:17:28.329+0000] {processor.py:161} INFO - Started process (PID=127990) to work on /home/cloud/codings/airflow/dags/list_s3_bucket_files_dag.py
[2026-02-07T08:17:28.335+0000] {processor.py:830} INFO - Processing file /home/cloud/codings/airflow/dags/list_s3_bucket_files_dag.py for tasks to queue
[2026-02-07T08:17:28.337+0000] {logging_mixin.py:188} INFO - [2026-02-07T08:17:28.336+0000] {dagbag.py:545} INFO - Filling up the DagBag from /home/cloud/codings/airflow/dags/list_s3_bucket_files_dag.py
[2026-02-07T08:17:28.355+0000] {processor.py:840} INFO - DAG(s) 'list_s3_bucket_files_dag' retrieved from /home/cloud/codings/airflow/dags/list_s3_bucket_files_dag.py
[2026-02-07T08:17:28.398+0000] {logging_mixin.py:188} INFO - [2026-02-07T08:17:28.398+0000] {dag.py:3089} INFO - Sync 1 DAGs
[2026-02-07T08:17:28.426+0000] {logging_mixin.py:188} INFO - [2026-02-07T08:17:28.426+0000] {dag.py:3947} INFO - Setting next_dagrun for list_s3_bucket_files_dag to None, run_after=None
[2026-02-07T08:17:28.462+0000] {processor.py:183} INFO - Processing /home/cloud/codings/airflow/dags/list_s3_bucket_files_dag.py took 0.143 seconds
[2026-02-07T08:17:59.532+0000] {processor.py:161} INFO - Started process (PID=127996) to work on /home/cloud/codings/airflow/dags/list_s3_bucket_files_dag.py
[2026-02-07T08:17:59.533+0000] {processor.py:830} INFO - Processing file /home/cloud/codings/airflow/dags/list_s3_bucket_files_dag.py for tasks to queue
[2026-02-07T08:17:59.534+0000] {logging_mixin.py:188} INFO - [2026-02-07T08:17:59.534+0000] {dagbag.py:545} INFO - Filling up the DagBag from /home/cloud/codings/airflow/dags/list_s3_bucket_files_dag.py
[2026-02-07T08:17:59.547+0000] {processor.py:840} INFO - DAG(s) 'list_s3_bucket_files_dag' retrieved from /home/cloud/codings/airflow/dags/list_s3_bucket_files_dag.py
[2026-02-07T08:17:59.575+0000] {logging_mixin.py:188} INFO - [2026-02-07T08:17:59.575+0000] {dag.py:3089} INFO - Sync 1 DAGs
[2026-02-07T08:17:59.593+0000] {logging_mixin.py:188} INFO - [2026-02-07T08:17:59.593+0000] {dag.py:3947} INFO - Setting next_dagrun for list_s3_bucket_files_dag to None, run_after=None
[2026-02-07T08:17:59.621+0000] {processor.py:183} INFO - Processing /home/cloud/codings/airflow/dags/list_s3_bucket_files_dag.py took 0.096 seconds
[2026-02-07T08:18:29.885+0000] {processor.py:161} INFO - Started process (PID=128002) to work on /home/cloud/codings/airflow/dags/list_s3_bucket_files_dag.py
[2026-02-07T08:18:29.887+0000] {processor.py:830} INFO - Processing file /home/cloud/codings/airflow/dags/list_s3_bucket_files_dag.py for tasks to queue
[2026-02-07T08:18:29.888+0000] {logging_mixin.py:188} INFO - [2026-02-07T08:18:29.887+0000] {dagbag.py:545} INFO - Filling up the DagBag from /home/cloud/codings/airflow/dags/list_s3_bucket_files_dag.py
[2026-02-07T08:18:29.899+0000] {processor.py:840} INFO - DAG(s) 'list_s3_bucket_files_dag' retrieved from /home/cloud/codings/airflow/dags/list_s3_bucket_files_dag.py
[2026-02-07T08:18:29.919+0000] {logging_mixin.py:188} INFO - [2026-02-07T08:18:29.919+0000] {dag.py:3089} INFO - Sync 1 DAGs
[2026-02-07T08:18:29.933+0000] {logging_mixin.py:188} INFO - [2026-02-07T08:18:29.932+0000] {dag.py:3947} INFO - Setting next_dagrun for list_s3_bucket_files_dag to None, run_after=None
[2026-02-07T08:18:29.961+0000] {processor.py:183} INFO - Processing /home/cloud/codings/airflow/dags/list_s3_bucket_files_dag.py took 0.082 seconds
[2026-02-07T08:19:00.130+0000] {processor.py:161} INFO - Started process (PID=128008) to work on /home/cloud/codings/airflow/dags/list_s3_bucket_files_dag.py
[2026-02-07T08:19:00.134+0000] {processor.py:830} INFO - Processing file /home/cloud/codings/airflow/dags/list_s3_bucket_files_dag.py for tasks to queue
[2026-02-07T08:19:00.136+0000] {logging_mixin.py:188} INFO - [2026-02-07T08:19:00.135+0000] {dagbag.py:545} INFO - Filling up the DagBag from /home/cloud/codings/airflow/dags/list_s3_bucket_files_dag.py
[2026-02-07T08:19:00.154+0000] {processor.py:840} INFO - DAG(s) 'list_s3_bucket_files_dag' retrieved from /home/cloud/codings/airflow/dags/list_s3_bucket_files_dag.py
[2026-02-07T08:19:00.185+0000] {logging_mixin.py:188} INFO - [2026-02-07T08:19:00.185+0000] {dag.py:3089} INFO - Sync 1 DAGs
[2026-02-07T08:19:00.207+0000] {logging_mixin.py:188} INFO - [2026-02-07T08:19:00.206+0000] {dag.py:3947} INFO - Setting next_dagrun for list_s3_bucket_files_dag to None, run_after=None
[2026-02-07T08:19:00.240+0000] {processor.py:183} INFO - Processing /home/cloud/codings/airflow/dags/list_s3_bucket_files_dag.py took 0.120 seconds
[2026-02-07T08:19:31.298+0000] {processor.py:161} INFO - Started process (PID=128034) to work on /home/cloud/codings/airflow/dags/list_s3_bucket_files_dag.py
[2026-02-07T08:19:31.300+0000] {processor.py:830} INFO - Processing file /home/cloud/codings/airflow/dags/list_s3_bucket_files_dag.py for tasks to queue
[2026-02-07T08:19:31.301+0000] {logging_mixin.py:188} INFO - [2026-02-07T08:19:31.301+0000] {dagbag.py:545} INFO - Filling up the DagBag from /home/cloud/codings/airflow/dags/list_s3_bucket_files_dag.py
[2026-02-07T08:19:31.314+0000] {processor.py:840} INFO - DAG(s) 'list_s3_bucket_files_dag' retrieved from /home/cloud/codings/airflow/dags/list_s3_bucket_files_dag.py
[2026-02-07T08:19:31.338+0000] {logging_mixin.py:188} INFO - [2026-02-07T08:19:31.338+0000] {dag.py:3089} INFO - Sync 1 DAGs
[2026-02-07T08:19:31.353+0000] {logging_mixin.py:188} INFO - [2026-02-07T08:19:31.353+0000] {dag.py:3947} INFO - Setting next_dagrun for list_s3_bucket_files_dag to None, run_after=None
[2026-02-07T08:19:31.380+0000] {processor.py:183} INFO - Processing /home/cloud/codings/airflow/dags/list_s3_bucket_files_dag.py took 0.090 seconds
[2026-02-07T08:20:01.556+0000] {processor.py:161} INFO - Started process (PID=128040) to work on /home/cloud/codings/airflow/dags/list_s3_bucket_files_dag.py
[2026-02-07T08:20:01.558+0000] {processor.py:830} INFO - Processing file /home/cloud/codings/airflow/dags/list_s3_bucket_files_dag.py for tasks to queue
[2026-02-07T08:20:01.560+0000] {logging_mixin.py:188} INFO - [2026-02-07T08:20:01.559+0000] {dagbag.py:545} INFO - Filling up the DagBag from /home/cloud/codings/airflow/dags/list_s3_bucket_files_dag.py
[2026-02-07T08:20:01.575+0000] {processor.py:840} INFO - DAG(s) 'list_s3_bucket_files_dag' retrieved from /home/cloud/codings/airflow/dags/list_s3_bucket_files_dag.py
[2026-02-07T08:20:01.598+0000] {logging_mixin.py:188} INFO - [2026-02-07T08:20:01.598+0000] {dag.py:3089} INFO - Sync 1 DAGs
[2026-02-07T08:20:01.614+0000] {logging_mixin.py:188} INFO - [2026-02-07T08:20:01.614+0000] {dag.py:3947} INFO - Setting next_dagrun for list_s3_bucket_files_dag to None, run_after=None
[2026-02-07T08:20:01.640+0000] {processor.py:183} INFO - Processing /home/cloud/codings/airflow/dags/list_s3_bucket_files_dag.py took 0.092 seconds
[2026-02-07T08:20:32.427+0000] {processor.py:161} INFO - Started process (PID=128047) to work on /home/cloud/codings/airflow/dags/list_s3_bucket_files_dag.py
[2026-02-07T08:20:32.428+0000] {processor.py:830} INFO - Processing file /home/cloud/codings/airflow/dags/list_s3_bucket_files_dag.py for tasks to queue
[2026-02-07T08:20:32.430+0000] {logging_mixin.py:188} INFO - [2026-02-07T08:20:32.429+0000] {dagbag.py:545} INFO - Filling up the DagBag from /home/cloud/codings/airflow/dags/list_s3_bucket_files_dag.py
[2026-02-07T08:20:32.443+0000] {processor.py:840} INFO - DAG(s) 'list_s3_bucket_files_dag' retrieved from /home/cloud/codings/airflow/dags/list_s3_bucket_files_dag.py
[2026-02-07T08:20:32.468+0000] {logging_mixin.py:188} INFO - [2026-02-07T08:20:32.468+0000] {dag.py:3089} INFO - Sync 1 DAGs
[2026-02-07T08:20:32.484+0000] {logging_mixin.py:188} INFO - [2026-02-07T08:20:32.484+0000] {dag.py:3947} INFO - Setting next_dagrun for list_s3_bucket_files_dag to None, run_after=None
[2026-02-07T08:20:32.514+0000] {processor.py:183} INFO - Processing /home/cloud/codings/airflow/dags/list_s3_bucket_files_dag.py took 0.095 seconds
[2026-02-07T08:21:03.116+0000] {processor.py:161} INFO - Started process (PID=128053) to work on /home/cloud/codings/airflow/dags/list_s3_bucket_files_dag.py
[2026-02-07T08:21:03.117+0000] {processor.py:830} INFO - Processing file /home/cloud/codings/airflow/dags/list_s3_bucket_files_dag.py for tasks to queue
[2026-02-07T08:21:03.118+0000] {logging_mixin.py:188} INFO - [2026-02-07T08:21:03.118+0000] {dagbag.py:545} INFO - Filling up the DagBag from /home/cloud/codings/airflow/dags/list_s3_bucket_files_dag.py
[2026-02-07T08:21:03.130+0000] {processor.py:840} INFO - DAG(s) 'list_s3_bucket_files_dag' retrieved from /home/cloud/codings/airflow/dags/list_s3_bucket_files_dag.py
[2026-02-07T08:21:03.152+0000] {logging_mixin.py:188} INFO - [2026-02-07T08:21:03.152+0000] {dag.py:3089} INFO - Sync 1 DAGs
[2026-02-07T08:21:03.167+0000] {logging_mixin.py:188} INFO - [2026-02-07T08:21:03.167+0000] {dag.py:3947} INFO - Setting next_dagrun for list_s3_bucket_files_dag to None, run_after=None
[2026-02-07T08:21:03.364+0000] {processor.py:183} INFO - Processing /home/cloud/codings/airflow/dags/list_s3_bucket_files_dag.py took 0.254 seconds
[2026-02-07T08:21:34.449+0000] {processor.py:161} INFO - Started process (PID=128059) to work on /home/cloud/codings/airflow/dags/list_s3_bucket_files_dag.py
[2026-02-07T08:21:34.450+0000] {processor.py:830} INFO - Processing file /home/cloud/codings/airflow/dags/list_s3_bucket_files_dag.py for tasks to queue
[2026-02-07T08:21:34.451+0000] {logging_mixin.py:188} INFO - [2026-02-07T08:21:34.451+0000] {dagbag.py:545} INFO - Filling up the DagBag from /home/cloud/codings/airflow/dags/list_s3_bucket_files_dag.py
[2026-02-07T08:21:34.461+0000] {processor.py:840} INFO - DAG(s) 'list_s3_bucket_files_dag' retrieved from /home/cloud/codings/airflow/dags/list_s3_bucket_files_dag.py
[2026-02-07T08:21:34.482+0000] {logging_mixin.py:188} INFO - [2026-02-07T08:21:34.482+0000] {dag.py:3089} INFO - Sync 1 DAGs
[2026-02-07T08:21:34.496+0000] {logging_mixin.py:188} INFO - [2026-02-07T08:21:34.496+0000] {dag.py:3947} INFO - Setting next_dagrun for list_s3_bucket_files_dag to None, run_after=None
[2026-02-07T08:21:34.519+0000] {processor.py:183} INFO - Processing /home/cloud/codings/airflow/dags/list_s3_bucket_files_dag.py took 0.076 seconds
[2026-02-07T08:22:04.749+0000] {processor.py:161} INFO - Started process (PID=128065) to work on /home/cloud/codings/airflow/dags/list_s3_bucket_files_dag.py
[2026-02-07T08:22:04.750+0000] {processor.py:830} INFO - Processing file /home/cloud/codings/airflow/dags/list_s3_bucket_files_dag.py for tasks to queue
[2026-02-07T08:22:04.750+0000] {logging_mixin.py:188} INFO - [2026-02-07T08:22:04.750+0000] {dagbag.py:545} INFO - Filling up the DagBag from /home/cloud/codings/airflow/dags/list_s3_bucket_files_dag.py
[2026-02-07T08:22:04.762+0000] {processor.py:840} INFO - DAG(s) 'list_s3_bucket_files_dag' retrieved from /home/cloud/codings/airflow/dags/list_s3_bucket_files_dag.py
[2026-02-07T08:22:04.786+0000] {logging_mixin.py:188} INFO - [2026-02-07T08:22:04.786+0000] {dag.py:3089} INFO - Sync 1 DAGs
[2026-02-07T08:22:04.802+0000] {logging_mixin.py:188} INFO - [2026-02-07T08:22:04.802+0000] {dag.py:3947} INFO - Setting next_dagrun for list_s3_bucket_files_dag to None, run_after=None
[2026-02-07T08:22:04.832+0000] {processor.py:183} INFO - Processing /home/cloud/codings/airflow/dags/list_s3_bucket_files_dag.py took 0.090 seconds
[2026-02-07T08:22:35.050+0000] {processor.py:161} INFO - Started process (PID=128095) to work on /home/cloud/codings/airflow/dags/list_s3_bucket_files_dag.py
[2026-02-07T08:22:35.054+0000] {processor.py:830} INFO - Processing file /home/cloud/codings/airflow/dags/list_s3_bucket_files_dag.py for tasks to queue
[2026-02-07T08:22:35.055+0000] {logging_mixin.py:188} INFO - [2026-02-07T08:22:35.054+0000] {dagbag.py:545} INFO - Filling up the DagBag from /home/cloud/codings/airflow/dags/list_s3_bucket_files_dag.py
[2026-02-07T08:22:35.066+0000] {processor.py:840} INFO - DAG(s) 'list_s3_bucket_files_dag' retrieved from /home/cloud/codings/airflow/dags/list_s3_bucket_files_dag.py
[2026-02-07T08:22:35.087+0000] {logging_mixin.py:188} INFO - [2026-02-07T08:22:35.086+0000] {dag.py:3089} INFO - Sync 1 DAGs
[2026-02-07T08:22:35.100+0000] {logging_mixin.py:188} INFO - [2026-02-07T08:22:35.100+0000] {dag.py:3947} INFO - Setting next_dagrun for list_s3_bucket_files_dag to None, run_after=None
[2026-02-07T08:22:35.124+0000] {processor.py:183} INFO - Processing /home/cloud/codings/airflow/dags/list_s3_bucket_files_dag.py took 0.082 seconds
[2026-02-07T08:23:05.419+0000] {processor.py:161} INFO - Started process (PID=128101) to work on /home/cloud/codings/airflow/dags/list_s3_bucket_files_dag.py
[2026-02-07T08:23:05.420+0000] {processor.py:830} INFO - Processing file /home/cloud/codings/airflow/dags/list_s3_bucket_files_dag.py for tasks to queue
[2026-02-07T08:23:05.421+0000] {logging_mixin.py:188} INFO - [2026-02-07T08:23:05.420+0000] {dagbag.py:545} INFO - Filling up the DagBag from /home/cloud/codings/airflow/dags/list_s3_bucket_files_dag.py
[2026-02-07T08:23:05.433+0000] {processor.py:840} INFO - DAG(s) 'list_s3_bucket_files_dag' retrieved from /home/cloud/codings/airflow/dags/list_s3_bucket_files_dag.py
[2026-02-07T08:23:05.457+0000] {logging_mixin.py:188} INFO - [2026-02-07T08:23:05.456+0000] {dag.py:3089} INFO - Sync 1 DAGs
[2026-02-07T08:23:05.471+0000] {logging_mixin.py:188} INFO - [2026-02-07T08:23:05.471+0000] {dag.py:3947} INFO - Setting next_dagrun for list_s3_bucket_files_dag to None, run_after=None
[2026-02-07T08:23:05.496+0000] {processor.py:183} INFO - Processing /home/cloud/codings/airflow/dags/list_s3_bucket_files_dag.py took 0.084 seconds
[2026-02-07T08:23:35.735+0000] {processor.py:161} INFO - Started process (PID=128193) to work on /home/cloud/codings/airflow/dags/list_s3_bucket_files_dag.py
[2026-02-07T08:23:35.736+0000] {processor.py:830} INFO - Processing file /home/cloud/codings/airflow/dags/list_s3_bucket_files_dag.py for tasks to queue
[2026-02-07T08:23:35.737+0000] {logging_mixin.py:188} INFO - [2026-02-07T08:23:35.737+0000] {dagbag.py:545} INFO - Filling up the DagBag from /home/cloud/codings/airflow/dags/list_s3_bucket_files_dag.py
[2026-02-07T08:23:35.748+0000] {processor.py:840} INFO - DAG(s) 'list_s3_bucket_files_dag' retrieved from /home/cloud/codings/airflow/dags/list_s3_bucket_files_dag.py
[2026-02-07T08:23:35.769+0000] {logging_mixin.py:188} INFO - [2026-02-07T08:23:35.769+0000] {dag.py:3089} INFO - Sync 1 DAGs
[2026-02-07T08:23:35.784+0000] {logging_mixin.py:188} INFO - [2026-02-07T08:23:35.783+0000] {dag.py:3947} INFO - Setting next_dagrun for list_s3_bucket_files_dag to None, run_after=None
[2026-02-07T08:23:35.810+0000] {processor.py:183} INFO - Processing /home/cloud/codings/airflow/dags/list_s3_bucket_files_dag.py took 0.082 seconds
[2026-02-07T08:24:05.850+0000] {processor.py:161} INFO - Started process (PID=128264) to work on /home/cloud/codings/airflow/dags/list_s3_bucket_files_dag.py
[2026-02-07T08:24:05.852+0000] {processor.py:830} INFO - Processing file /home/cloud/codings/airflow/dags/list_s3_bucket_files_dag.py for tasks to queue
[2026-02-07T08:24:05.853+0000] {logging_mixin.py:188} INFO - [2026-02-07T08:24:05.853+0000] {dagbag.py:545} INFO - Filling up the DagBag from /home/cloud/codings/airflow/dags/list_s3_bucket_files_dag.py
[2026-02-07T08:24:05.868+0000] {processor.py:840} INFO - DAG(s) 'list_s3_bucket_files_dag' retrieved from /home/cloud/codings/airflow/dags/list_s3_bucket_files_dag.py
[2026-02-07T08:24:05.894+0000] {logging_mixin.py:188} INFO - [2026-02-07T08:24:05.893+0000] {dag.py:3089} INFO - Sync 1 DAGs
[2026-02-07T08:24:05.910+0000] {logging_mixin.py:188} INFO - [2026-02-07T08:24:05.909+0000] {dag.py:3947} INFO - Setting next_dagrun for list_s3_bucket_files_dag to None, run_after=None
[2026-02-07T08:24:05.938+0000] {processor.py:183} INFO - Processing /home/cloud/codings/airflow/dags/list_s3_bucket_files_dag.py took 0.097 seconds
[2026-02-07T08:24:36.243+0000] {processor.py:161} INFO - Started process (PID=128306) to work on /home/cloud/codings/airflow/dags/list_s3_bucket_files_dag.py
[2026-02-07T08:24:36.245+0000] {processor.py:830} INFO - Processing file /home/cloud/codings/airflow/dags/list_s3_bucket_files_dag.py for tasks to queue
[2026-02-07T08:24:36.246+0000] {logging_mixin.py:188} INFO - [2026-02-07T08:24:36.246+0000] {dagbag.py:545} INFO - Filling up the DagBag from /home/cloud/codings/airflow/dags/list_s3_bucket_files_dag.py
[2026-02-07T08:24:36.260+0000] {processor.py:840} INFO - DAG(s) 'list_s3_bucket_files_dag' retrieved from /home/cloud/codings/airflow/dags/list_s3_bucket_files_dag.py
[2026-02-07T08:24:36.284+0000] {logging_mixin.py:188} INFO - [2026-02-07T08:24:36.284+0000] {dag.py:3089} INFO - Sync 1 DAGs
[2026-02-07T08:24:36.300+0000] {logging_mixin.py:188} INFO - [2026-02-07T08:24:36.299+0000] {dag.py:3947} INFO - Setting next_dagrun for list_s3_bucket_files_dag to None, run_after=None
[2026-02-07T08:24:36.328+0000] {processor.py:183} INFO - Processing /home/cloud/codings/airflow/dags/list_s3_bucket_files_dag.py took 0.093 seconds
[2026-02-07T08:25:06.394+0000] {processor.py:161} INFO - Started process (PID=128315) to work on /home/cloud/codings/airflow/dags/list_s3_bucket_files_dag.py
[2026-02-07T08:25:06.396+0000] {processor.py:830} INFO - Processing file /home/cloud/codings/airflow/dags/list_s3_bucket_files_dag.py for tasks to queue
[2026-02-07T08:25:06.399+0000] {logging_mixin.py:188} INFO - [2026-02-07T08:25:06.399+0000] {dagbag.py:545} INFO - Filling up the DagBag from /home/cloud/codings/airflow/dags/list_s3_bucket_files_dag.py
[2026-02-07T08:25:06.414+0000] {processor.py:840} INFO - DAG(s) 'list_s3_bucket_files_dag' retrieved from /home/cloud/codings/airflow/dags/list_s3_bucket_files_dag.py
[2026-02-07T08:25:06.442+0000] {logging_mixin.py:188} INFO - [2026-02-07T08:25:06.441+0000] {dag.py:3089} INFO - Sync 1 DAGs
[2026-02-07T08:25:06.461+0000] {logging_mixin.py:188} INFO - [2026-02-07T08:25:06.461+0000] {dag.py:3947} INFO - Setting next_dagrun for list_s3_bucket_files_dag to None, run_after=None
[2026-02-07T08:25:06.492+0000] {processor.py:183} INFO - Processing /home/cloud/codings/airflow/dags/list_s3_bucket_files_dag.py took 0.106 seconds
[2026-02-07T08:25:36.832+0000] {processor.py:161} INFO - Started process (PID=128322) to work on /home/cloud/codings/airflow/dags/list_s3_bucket_files_dag.py
[2026-02-07T08:25:36.834+0000] {processor.py:830} INFO - Processing file /home/cloud/codings/airflow/dags/list_s3_bucket_files_dag.py for tasks to queue
[2026-02-07T08:25:36.835+0000] {logging_mixin.py:188} INFO - [2026-02-07T08:25:36.834+0000] {dagbag.py:545} INFO - Filling up the DagBag from /home/cloud/codings/airflow/dags/list_s3_bucket_files_dag.py
[2026-02-07T08:25:36.846+0000] {processor.py:840} INFO - DAG(s) 'list_s3_bucket_files_dag' retrieved from /home/cloud/codings/airflow/dags/list_s3_bucket_files_dag.py
[2026-02-07T08:25:36.867+0000] {logging_mixin.py:188} INFO - [2026-02-07T08:25:36.866+0000] {dag.py:3089} INFO - Sync 1 DAGs
[2026-02-07T08:25:36.881+0000] {logging_mixin.py:188} INFO - [2026-02-07T08:25:36.881+0000] {dag.py:3947} INFO - Setting next_dagrun for list_s3_bucket_files_dag to None, run_after=None
[2026-02-07T08:25:37.061+0000] {processor.py:183} INFO - Processing /home/cloud/codings/airflow/dags/list_s3_bucket_files_dag.py took 0.235 seconds
[2026-02-07T08:26:07.738+0000] {processor.py:161} INFO - Started process (PID=128328) to work on /home/cloud/codings/airflow/dags/list_s3_bucket_files_dag.py
[2026-02-07T08:26:07.739+0000] {processor.py:830} INFO - Processing file /home/cloud/codings/airflow/dags/list_s3_bucket_files_dag.py for tasks to queue
[2026-02-07T08:26:07.740+0000] {logging_mixin.py:188} INFO - [2026-02-07T08:26:07.740+0000] {dagbag.py:545} INFO - Filling up the DagBag from /home/cloud/codings/airflow/dags/list_s3_bucket_files_dag.py
[2026-02-07T08:26:07.752+0000] {processor.py:840} INFO - DAG(s) 'list_s3_bucket_files_dag' retrieved from /home/cloud/codings/airflow/dags/list_s3_bucket_files_dag.py
[2026-02-07T08:26:07.775+0000] {logging_mixin.py:188} INFO - [2026-02-07T08:26:07.775+0000] {dag.py:3089} INFO - Sync 1 DAGs
[2026-02-07T08:26:07.790+0000] {logging_mixin.py:188} INFO - [2026-02-07T08:26:07.789+0000] {dag.py:3947} INFO - Setting next_dagrun for list_s3_bucket_files_dag to None, run_after=None
[2026-02-07T08:26:07.817+0000] {processor.py:183} INFO - Processing /home/cloud/codings/airflow/dags/list_s3_bucket_files_dag.py took 0.087 seconds
[2026-02-07T08:26:38.130+0000] {processor.py:161} INFO - Started process (PID=128334) to work on /home/cloud/codings/airflow/dags/list_s3_bucket_files_dag.py
[2026-02-07T08:26:38.132+0000] {processor.py:830} INFO - Processing file /home/cloud/codings/airflow/dags/list_s3_bucket_files_dag.py for tasks to queue
[2026-02-07T08:26:38.133+0000] {logging_mixin.py:188} INFO - [2026-02-07T08:26:38.132+0000] {dagbag.py:545} INFO - Filling up the DagBag from /home/cloud/codings/airflow/dags/list_s3_bucket_files_dag.py
[2026-02-07T08:26:38.146+0000] {processor.py:840} INFO - DAG(s) 'list_s3_bucket_files_dag' retrieved from /home/cloud/codings/airflow/dags/list_s3_bucket_files_dag.py
[2026-02-07T08:26:38.170+0000] {logging_mixin.py:188} INFO - [2026-02-07T08:26:38.169+0000] {dag.py:3089} INFO - Sync 1 DAGs
[2026-02-07T08:26:38.185+0000] {logging_mixin.py:188} INFO - [2026-02-07T08:26:38.184+0000] {dag.py:3947} INFO - Setting next_dagrun for list_s3_bucket_files_dag to None, run_after=None
[2026-02-07T08:26:38.212+0000] {processor.py:183} INFO - Processing /home/cloud/codings/airflow/dags/list_s3_bucket_files_dag.py took 0.089 seconds
[2026-02-07T08:27:08.282+0000] {processor.py:161} INFO - Started process (PID=128340) to work on /home/cloud/codings/airflow/dags/list_s3_bucket_files_dag.py
[2026-02-07T08:27:08.284+0000] {processor.py:830} INFO - Processing file /home/cloud/codings/airflow/dags/list_s3_bucket_files_dag.py for tasks to queue
[2026-02-07T08:27:08.285+0000] {logging_mixin.py:188} INFO - [2026-02-07T08:27:08.284+0000] {dagbag.py:545} INFO - Filling up the DagBag from /home/cloud/codings/airflow/dags/list_s3_bucket_files_dag.py
[2026-02-07T08:27:08.298+0000] {processor.py:840} INFO - DAG(s) 'list_s3_bucket_files_dag' retrieved from /home/cloud/codings/airflow/dags/list_s3_bucket_files_dag.py
[2026-02-07T08:27:08.323+0000] {logging_mixin.py:188} INFO - [2026-02-07T08:27:08.323+0000] {dag.py:3089} INFO - Sync 1 DAGs
[2026-02-07T08:27:08.339+0000] {logging_mixin.py:188} INFO - [2026-02-07T08:27:08.339+0000] {dag.py:3947} INFO - Setting next_dagrun for list_s3_bucket_files_dag to None, run_after=None
[2026-02-07T08:27:08.366+0000] {processor.py:183} INFO - Processing /home/cloud/codings/airflow/dags/list_s3_bucket_files_dag.py took 0.091 seconds
[2026-02-07T08:27:38.536+0000] {processor.py:161} INFO - Started process (PID=128346) to work on /home/cloud/codings/airflow/dags/list_s3_bucket_files_dag.py
[2026-02-07T08:27:38.541+0000] {processor.py:830} INFO - Processing file /home/cloud/codings/airflow/dags/list_s3_bucket_files_dag.py for tasks to queue
[2026-02-07T08:27:38.542+0000] {logging_mixin.py:188} INFO - [2026-02-07T08:27:38.542+0000] {dagbag.py:545} INFO - Filling up the DagBag from /home/cloud/codings/airflow/dags/list_s3_bucket_files_dag.py
[2026-02-07T08:27:38.557+0000] {processor.py:840} INFO - DAG(s) 'list_s3_bucket_files_dag' retrieved from /home/cloud/codings/airflow/dags/list_s3_bucket_files_dag.py
[2026-02-07T08:27:38.584+0000] {logging_mixin.py:188} INFO - [2026-02-07T08:27:38.583+0000] {dag.py:3089} INFO - Sync 1 DAGs
[2026-02-07T08:27:38.602+0000] {logging_mixin.py:188} INFO - [2026-02-07T08:27:38.602+0000] {dag.py:3947} INFO - Setting next_dagrun for list_s3_bucket_files_dag to None, run_after=None
[2026-02-07T08:27:38.629+0000] {processor.py:183} INFO - Processing /home/cloud/codings/airflow/dags/list_s3_bucket_files_dag.py took 0.101 seconds
[2026-02-07T08:28:09.616+0000] {processor.py:161} INFO - Started process (PID=128352) to work on /home/cloud/codings/airflow/dags/list_s3_bucket_files_dag.py
[2026-02-07T08:28:09.617+0000] {processor.py:830} INFO - Processing file /home/cloud/codings/airflow/dags/list_s3_bucket_files_dag.py for tasks to queue
[2026-02-07T08:28:09.618+0000] {logging_mixin.py:188} INFO - [2026-02-07T08:28:09.618+0000] {dagbag.py:545} INFO - Filling up the DagBag from /home/cloud/codings/airflow/dags/list_s3_bucket_files_dag.py
[2026-02-07T08:28:09.632+0000] {processor.py:840} INFO - DAG(s) 'list_s3_bucket_files_dag' retrieved from /home/cloud/codings/airflow/dags/list_s3_bucket_files_dag.py
[2026-02-07T08:28:09.657+0000] {logging_mixin.py:188} INFO - [2026-02-07T08:28:09.657+0000] {dag.py:3089} INFO - Sync 1 DAGs
[2026-02-07T08:28:09.673+0000] {logging_mixin.py:188} INFO - [2026-02-07T08:28:09.672+0000] {dag.py:3947} INFO - Setting next_dagrun for list_s3_bucket_files_dag to None, run_after=None
[2026-02-07T08:28:09.698+0000] {processor.py:183} INFO - Processing /home/cloud/codings/airflow/dags/list_s3_bucket_files_dag.py took 0.090 seconds
[2026-02-07T08:28:40.598+0000] {processor.py:161} INFO - Started process (PID=128358) to work on /home/cloud/codings/airflow/dags/list_s3_bucket_files_dag.py
[2026-02-07T08:28:40.603+0000] {processor.py:830} INFO - Processing file /home/cloud/codings/airflow/dags/list_s3_bucket_files_dag.py for tasks to queue
[2026-02-07T08:28:40.604+0000] {logging_mixin.py:188} INFO - [2026-02-07T08:28:40.604+0000] {dagbag.py:545} INFO - Filling up the DagBag from /home/cloud/codings/airflow/dags/list_s3_bucket_files_dag.py
[2026-02-07T08:28:40.616+0000] {processor.py:840} INFO - DAG(s) 'list_s3_bucket_files_dag' retrieved from /home/cloud/codings/airflow/dags/list_s3_bucket_files_dag.py
[2026-02-07T08:28:40.638+0000] {logging_mixin.py:188} INFO - [2026-02-07T08:28:40.638+0000] {dag.py:3089} INFO - Sync 1 DAGs
[2026-02-07T08:28:40.655+0000] {logging_mixin.py:188} INFO - [2026-02-07T08:28:40.655+0000] {dag.py:3947} INFO - Setting next_dagrun for list_s3_bucket_files_dag to None, run_after=None
[2026-02-07T08:28:40.684+0000] {processor.py:183} INFO - Processing /home/cloud/codings/airflow/dags/list_s3_bucket_files_dag.py took 0.093 seconds
[2026-02-07T08:29:11.572+0000] {processor.py:161} INFO - Started process (PID=128364) to work on /home/cloud/codings/airflow/dags/list_s3_bucket_files_dag.py
[2026-02-07T08:29:11.573+0000] {processor.py:830} INFO - Processing file /home/cloud/codings/airflow/dags/list_s3_bucket_files_dag.py for tasks to queue
[2026-02-07T08:29:11.575+0000] {logging_mixin.py:188} INFO - [2026-02-07T08:29:11.574+0000] {dagbag.py:545} INFO - Filling up the DagBag from /home/cloud/codings/airflow/dags/list_s3_bucket_files_dag.py
[2026-02-07T08:29:11.586+0000] {processor.py:840} INFO - DAG(s) 'list_s3_bucket_files_dag' retrieved from /home/cloud/codings/airflow/dags/list_s3_bucket_files_dag.py
[2026-02-07T08:29:11.608+0000] {logging_mixin.py:188} INFO - [2026-02-07T08:29:11.607+0000] {dag.py:3089} INFO - Sync 1 DAGs
[2026-02-07T08:29:11.622+0000] {logging_mixin.py:188} INFO - [2026-02-07T08:29:11.622+0000] {dag.py:3947} INFO - Setting next_dagrun for list_s3_bucket_files_dag to None, run_after=None
[2026-02-07T08:29:11.652+0000] {processor.py:183} INFO - Processing /home/cloud/codings/airflow/dags/list_s3_bucket_files_dag.py took 0.087 seconds
[2026-02-07T08:29:42.842+0000] {processor.py:161} INFO - Started process (PID=128370) to work on /home/cloud/codings/airflow/dags/list_s3_bucket_files_dag.py
[2026-02-07T08:29:42.844+0000] {processor.py:830} INFO - Processing file /home/cloud/codings/airflow/dags/list_s3_bucket_files_dag.py for tasks to queue
[2026-02-07T08:29:42.845+0000] {logging_mixin.py:188} INFO - [2026-02-07T08:29:42.844+0000] {dagbag.py:545} INFO - Filling up the DagBag from /home/cloud/codings/airflow/dags/list_s3_bucket_files_dag.py
[2026-02-07T08:29:42.857+0000] {processor.py:840} INFO - DAG(s) 'list_s3_bucket_files_dag' retrieved from /home/cloud/codings/airflow/dags/list_s3_bucket_files_dag.py
[2026-02-07T08:29:42.879+0000] {logging_mixin.py:188} INFO - [2026-02-07T08:29:42.878+0000] {dag.py:3089} INFO - Sync 1 DAGs
[2026-02-07T08:29:42.894+0000] {logging_mixin.py:188} INFO - [2026-02-07T08:29:42.894+0000] {dag.py:3947} INFO - Setting next_dagrun for list_s3_bucket_files_dag to None, run_after=None
[2026-02-07T08:29:43.095+0000] {processor.py:183} INFO - Processing /home/cloud/codings/airflow/dags/list_s3_bucket_files_dag.py took 0.260 seconds
[2026-02-07T08:30:13.854+0000] {processor.py:161} INFO - Started process (PID=128400) to work on /home/cloud/codings/airflow/dags/list_s3_bucket_files_dag.py
[2026-02-07T08:30:13.856+0000] {processor.py:830} INFO - Processing file /home/cloud/codings/airflow/dags/list_s3_bucket_files_dag.py for tasks to queue
[2026-02-07T08:30:13.857+0000] {logging_mixin.py:188} INFO - [2026-02-07T08:30:13.856+0000] {dagbag.py:545} INFO - Filling up the DagBag from /home/cloud/codings/airflow/dags/list_s3_bucket_files_dag.py
[2026-02-07T08:30:13.869+0000] {processor.py:840} INFO - DAG(s) 'list_s3_bucket_files_dag' retrieved from /home/cloud/codings/airflow/dags/list_s3_bucket_files_dag.py
[2026-02-07T08:30:13.891+0000] {logging_mixin.py:188} INFO - [2026-02-07T08:30:13.891+0000] {dag.py:3089} INFO - Sync 1 DAGs
[2026-02-07T08:30:13.904+0000] {logging_mixin.py:188} INFO - [2026-02-07T08:30:13.904+0000] {dag.py:3947} INFO - Setting next_dagrun for list_s3_bucket_files_dag to None, run_after=None
[2026-02-07T08:30:13.929+0000] {processor.py:183} INFO - Processing /home/cloud/codings/airflow/dags/list_s3_bucket_files_dag.py took 0.084 seconds
[2026-02-07T08:30:44.874+0000] {processor.py:161} INFO - Started process (PID=128410) to work on /home/cloud/codings/airflow/dags/list_s3_bucket_files_dag.py
[2026-02-07T08:30:44.875+0000] {processor.py:830} INFO - Processing file /home/cloud/codings/airflow/dags/list_s3_bucket_files_dag.py for tasks to queue
[2026-02-07T08:30:44.876+0000] {logging_mixin.py:188} INFO - [2026-02-07T08:30:44.875+0000] {dagbag.py:545} INFO - Filling up the DagBag from /home/cloud/codings/airflow/dags/list_s3_bucket_files_dag.py
[2026-02-07T08:30:44.886+0000] {processor.py:840} INFO - DAG(s) 'list_s3_bucket_files_dag' retrieved from /home/cloud/codings/airflow/dags/list_s3_bucket_files_dag.py
[2026-02-07T08:30:44.921+0000] {logging_mixin.py:188} INFO - [2026-02-07T08:30:44.920+0000] {dag.py:3089} INFO - Sync 1 DAGs
[2026-02-07T08:30:44.940+0000] {logging_mixin.py:188} INFO - [2026-02-07T08:30:44.940+0000] {dag.py:3947} INFO - Setting next_dagrun for list_s3_bucket_files_dag to None, run_after=None
[2026-02-07T08:30:44.968+0000] {processor.py:183} INFO - Processing /home/cloud/codings/airflow/dags/list_s3_bucket_files_dag.py took 0.102 seconds
[2026-02-07T08:31:15.402+0000] {processor.py:161} INFO - Started process (PID=128414) to work on /home/cloud/codings/airflow/dags/list_s3_bucket_files_dag.py
[2026-02-07T08:31:15.403+0000] {processor.py:830} INFO - Processing file /home/cloud/codings/airflow/dags/list_s3_bucket_files_dag.py for tasks to queue
[2026-02-07T08:31:15.404+0000] {logging_mixin.py:188} INFO - [2026-02-07T08:31:15.404+0000] {dagbag.py:545} INFO - Filling up the DagBag from /home/cloud/codings/airflow/dags/list_s3_bucket_files_dag.py
[2026-02-07T08:31:15.416+0000] {processor.py:840} INFO - DAG(s) 'list_s3_bucket_files_dag' retrieved from /home/cloud/codings/airflow/dags/list_s3_bucket_files_dag.py
[2026-02-07T08:31:15.440+0000] {logging_mixin.py:188} INFO - [2026-02-07T08:31:15.440+0000] {dag.py:3089} INFO - Sync 1 DAGs
[2026-02-07T08:31:15.455+0000] {logging_mixin.py:188} INFO - [2026-02-07T08:31:15.455+0000] {dag.py:3947} INFO - Setting next_dagrun for list_s3_bucket_files_dag to None, run_after=None
[2026-02-07T08:31:15.481+0000] {processor.py:183} INFO - Processing /home/cloud/codings/airflow/dags/list_s3_bucket_files_dag.py took 0.086 seconds
[2026-02-07T08:31:46.220+0000] {processor.py:161} INFO - Started process (PID=128436) to work on /home/cloud/codings/airflow/dags/list_s3_bucket_files_dag.py
[2026-02-07T08:31:46.223+0000] {processor.py:830} INFO - Processing file /home/cloud/codings/airflow/dags/list_s3_bucket_files_dag.py for tasks to queue
[2026-02-07T08:31:46.224+0000] {logging_mixin.py:188} INFO - [2026-02-07T08:31:46.224+0000] {dagbag.py:545} INFO - Filling up the DagBag from /home/cloud/codings/airflow/dags/list_s3_bucket_files_dag.py
[2026-02-07T08:31:46.244+0000] {processor.py:840} INFO - DAG(s) 'list_s3_bucket_files_dag' retrieved from /home/cloud/codings/airflow/dags/list_s3_bucket_files_dag.py
[2026-02-07T08:31:46.276+0000] {logging_mixin.py:188} INFO - [2026-02-07T08:31:46.276+0000] {dag.py:3089} INFO - Sync 1 DAGs
[2026-02-07T08:31:46.298+0000] {logging_mixin.py:188} INFO - [2026-02-07T08:31:46.298+0000] {dag.py:3947} INFO - Setting next_dagrun for list_s3_bucket_files_dag to None, run_after=None
[2026-02-07T08:31:46.331+0000] {processor.py:183} INFO - Processing /home/cloud/codings/airflow/dags/list_s3_bucket_files_dag.py took 0.121 seconds
[2026-02-07T08:32:17.095+0000] {processor.py:161} INFO - Started process (PID=128621) to work on /home/cloud/codings/airflow/dags/list_s3_bucket_files_dag.py
[2026-02-07T08:32:17.097+0000] {processor.py:830} INFO - Processing file /home/cloud/codings/airflow/dags/list_s3_bucket_files_dag.py for tasks to queue
[2026-02-07T08:32:17.099+0000] {logging_mixin.py:188} INFO - [2026-02-07T08:32:17.098+0000] {dagbag.py:545} INFO - Filling up the DagBag from /home/cloud/codings/airflow/dags/list_s3_bucket_files_dag.py
[2026-02-07T08:32:17.122+0000] {processor.py:840} INFO - DAG(s) 'list_s3_bucket_files_dag' retrieved from /home/cloud/codings/airflow/dags/list_s3_bucket_files_dag.py
[2026-02-07T08:32:17.170+0000] {logging_mixin.py:188} INFO - [2026-02-07T08:32:17.170+0000] {dag.py:3089} INFO - Sync 1 DAGs
[2026-02-07T08:32:17.202+0000] {logging_mixin.py:188} INFO - [2026-02-07T08:32:17.201+0000] {dag.py:3947} INFO - Setting next_dagrun for list_s3_bucket_files_dag to None, run_after=None
[2026-02-07T08:32:17.264+0000] {processor.py:183} INFO - Processing /home/cloud/codings/airflow/dags/list_s3_bucket_files_dag.py took 0.182 seconds
[2026-02-07T08:32:47.809+0000] {processor.py:161} INFO - Started process (PID=129100) to work on /home/cloud/codings/airflow/dags/list_s3_bucket_files_dag.py
[2026-02-07T08:32:47.810+0000] {processor.py:830} INFO - Processing file /home/cloud/codings/airflow/dags/list_s3_bucket_files_dag.py for tasks to queue
[2026-02-07T08:32:47.812+0000] {logging_mixin.py:188} INFO - [2026-02-07T08:32:47.811+0000] {dagbag.py:545} INFO - Filling up the DagBag from /home/cloud/codings/airflow/dags/list_s3_bucket_files_dag.py
[2026-02-07T08:32:47.833+0000] {processor.py:840} INFO - DAG(s) 'list_s3_bucket_files_dag' retrieved from /home/cloud/codings/airflow/dags/list_s3_bucket_files_dag.py
[2026-02-07T08:32:47.863+0000] {logging_mixin.py:188} INFO - [2026-02-07T08:32:47.863+0000] {dag.py:3089} INFO - Sync 1 DAGs
[2026-02-07T08:32:47.883+0000] {logging_mixin.py:188} INFO - [2026-02-07T08:32:47.882+0000] {dag.py:3947} INFO - Setting next_dagrun for list_s3_bucket_files_dag to None, run_after=None
[2026-02-07T08:32:47.915+0000] {processor.py:183} INFO - Processing /home/cloud/codings/airflow/dags/list_s3_bucket_files_dag.py took 0.114 seconds
[2026-02-07T08:33:18.576+0000] {processor.py:161} INFO - Started process (PID=129485) to work on /home/cloud/codings/airflow/dags/list_s3_bucket_files_dag.py
[2026-02-07T08:33:18.581+0000] {processor.py:830} INFO - Processing file /home/cloud/codings/airflow/dags/list_s3_bucket_files_dag.py for tasks to queue
[2026-02-07T08:33:18.583+0000] {logging_mixin.py:188} INFO - [2026-02-07T08:33:18.582+0000] {dagbag.py:545} INFO - Filling up the DagBag from /home/cloud/codings/airflow/dags/list_s3_bucket_files_dag.py
[2026-02-07T08:33:18.601+0000] {processor.py:840} INFO - DAG(s) 'list_s3_bucket_files_dag' retrieved from /home/cloud/codings/airflow/dags/list_s3_bucket_files_dag.py
[2026-02-07T08:33:18.631+0000] {logging_mixin.py:188} INFO - [2026-02-07T08:33:18.631+0000] {dag.py:3089} INFO - Sync 1 DAGs
[2026-02-07T08:33:18.650+0000] {logging_mixin.py:188} INFO - [2026-02-07T08:33:18.650+0000] {dag.py:3947} INFO - Setting next_dagrun for list_s3_bucket_files_dag to None, run_after=None
[2026-02-07T08:33:18.704+0000] {processor.py:183} INFO - Processing /home/cloud/codings/airflow/dags/list_s3_bucket_files_dag.py took 0.136 seconds
[2026-02-07T08:33:49.546+0000] {processor.py:161} INFO - Started process (PID=129664) to work on /home/cloud/codings/airflow/dags/list_s3_bucket_files_dag.py
[2026-02-07T08:33:49.549+0000] {processor.py:830} INFO - Processing file /home/cloud/codings/airflow/dags/list_s3_bucket_files_dag.py for tasks to queue
[2026-02-07T08:33:49.552+0000] {logging_mixin.py:188} INFO - [2026-02-07T08:33:49.551+0000] {dagbag.py:545} INFO - Filling up the DagBag from /home/cloud/codings/airflow/dags/list_s3_bucket_files_dag.py
[2026-02-07T08:33:49.569+0000] {processor.py:840} INFO - DAG(s) 'list_s3_bucket_files_dag' retrieved from /home/cloud/codings/airflow/dags/list_s3_bucket_files_dag.py
[2026-02-07T08:33:49.595+0000] {logging_mixin.py:188} INFO - [2026-02-07T08:33:49.595+0000] {dag.py:3089} INFO - Sync 1 DAGs
[2026-02-07T08:33:49.610+0000] {logging_mixin.py:188} INFO - [2026-02-07T08:33:49.610+0000] {dag.py:3947} INFO - Setting next_dagrun for list_s3_bucket_files_dag to None, run_after=None
[2026-02-07T08:33:49.637+0000] {processor.py:183} INFO - Processing /home/cloud/codings/airflow/dags/list_s3_bucket_files_dag.py took 0.100 seconds
[2026-02-07T08:34:19.992+0000] {processor.py:161} INFO - Started process (PID=129842) to work on /home/cloud/codings/airflow/dags/list_s3_bucket_files_dag.py
[2026-02-07T08:34:19.994+0000] {processor.py:830} INFO - Processing file /home/cloud/codings/airflow/dags/list_s3_bucket_files_dag.py for tasks to queue
[2026-02-07T08:34:19.995+0000] {logging_mixin.py:188} INFO - [2026-02-07T08:34:19.995+0000] {dagbag.py:545} INFO - Filling up the DagBag from /home/cloud/codings/airflow/dags/list_s3_bucket_files_dag.py
[2026-02-07T08:34:20.010+0000] {processor.py:840} INFO - DAG(s) 'list_s3_bucket_files_dag' retrieved from /home/cloud/codings/airflow/dags/list_s3_bucket_files_dag.py
[2026-02-07T08:34:20.036+0000] {logging_mixin.py:188} INFO - [2026-02-07T08:34:20.036+0000] {dag.py:3089} INFO - Sync 1 DAGs
[2026-02-07T08:34:20.052+0000] {logging_mixin.py:188} INFO - [2026-02-07T08:34:20.052+0000] {dag.py:3947} INFO - Setting next_dagrun for list_s3_bucket_files_dag to None, run_after=None
[2026-02-07T08:34:20.235+0000] {processor.py:183} INFO - Processing /home/cloud/codings/airflow/dags/list_s3_bucket_files_dag.py took 0.253 seconds
[2026-02-07T08:34:50.442+0000] {processor.py:161} INFO - Started process (PID=129998) to work on /home/cloud/codings/airflow/dags/list_s3_bucket_files_dag.py
[2026-02-07T08:34:50.447+0000] {processor.py:830} INFO - Processing file /home/cloud/codings/airflow/dags/list_s3_bucket_files_dag.py for tasks to queue
[2026-02-07T08:34:50.448+0000] {logging_mixin.py:188} INFO - [2026-02-07T08:34:50.448+0000] {dagbag.py:545} INFO - Filling up the DagBag from /home/cloud/codings/airflow/dags/list_s3_bucket_files_dag.py
[2026-02-07T08:34:50.460+0000] {processor.py:840} INFO - DAG(s) 'list_s3_bucket_files_dag' retrieved from /home/cloud/codings/airflow/dags/list_s3_bucket_files_dag.py
[2026-02-07T08:34:50.483+0000] {logging_mixin.py:188} INFO - [2026-02-07T08:34:50.482+0000] {dag.py:3089} INFO - Sync 1 DAGs
[2026-02-07T08:34:50.497+0000] {logging_mixin.py:188} INFO - [2026-02-07T08:34:50.497+0000] {dag.py:3947} INFO - Setting next_dagrun for list_s3_bucket_files_dag to None, run_after=None
[2026-02-07T08:34:50.522+0000] {processor.py:183} INFO - Processing /home/cloud/codings/airflow/dags/list_s3_bucket_files_dag.py took 0.086 seconds
[2026-02-07T08:35:20.873+0000] {processor.py:161} INFO - Started process (PID=130184) to work on /home/cloud/codings/airflow/dags/list_s3_bucket_files_dag.py
[2026-02-07T08:35:20.875+0000] {processor.py:830} INFO - Processing file /home/cloud/codings/airflow/dags/list_s3_bucket_files_dag.py for tasks to queue
[2026-02-07T08:35:20.876+0000] {logging_mixin.py:188} INFO - [2026-02-07T08:35:20.875+0000] {dagbag.py:545} INFO - Filling up the DagBag from /home/cloud/codings/airflow/dags/list_s3_bucket_files_dag.py
[2026-02-07T08:35:20.893+0000] {processor.py:840} INFO - DAG(s) 'list_s3_bucket_files_dag' retrieved from /home/cloud/codings/airflow/dags/list_s3_bucket_files_dag.py
[2026-02-07T08:35:20.923+0000] {logging_mixin.py:188} INFO - [2026-02-07T08:35:20.922+0000] {dag.py:3089} INFO - Sync 1 DAGs
[2026-02-07T08:35:20.941+0000] {logging_mixin.py:188} INFO - [2026-02-07T08:35:20.940+0000] {dag.py:3947} INFO - Setting next_dagrun for list_s3_bucket_files_dag to None, run_after=None
[2026-02-07T08:35:20.972+0000] {processor.py:183} INFO - Processing /home/cloud/codings/airflow/dags/list_s3_bucket_files_dag.py took 0.107 seconds
[2026-02-07T08:35:51.505+0000] {processor.py:161} INFO - Started process (PID=130376) to work on /home/cloud/codings/airflow/dags/list_s3_bucket_files_dag.py
[2026-02-07T08:35:51.506+0000] {processor.py:830} INFO - Processing file /home/cloud/codings/airflow/dags/list_s3_bucket_files_dag.py for tasks to queue
[2026-02-07T08:35:51.508+0000] {logging_mixin.py:188} INFO - [2026-02-07T08:35:51.507+0000] {dagbag.py:545} INFO - Filling up the DagBag from /home/cloud/codings/airflow/dags/list_s3_bucket_files_dag.py
[2026-02-07T08:35:51.522+0000] {processor.py:840} INFO - DAG(s) 'list_s3_bucket_files_dag' retrieved from /home/cloud/codings/airflow/dags/list_s3_bucket_files_dag.py
[2026-02-07T08:35:51.547+0000] {logging_mixin.py:188} INFO - [2026-02-07T08:35:51.547+0000] {dag.py:3089} INFO - Sync 1 DAGs
[2026-02-07T08:35:51.564+0000] {logging_mixin.py:188} INFO - [2026-02-07T08:35:51.564+0000] {dag.py:3947} INFO - Setting next_dagrun for list_s3_bucket_files_dag to None, run_after=None
[2026-02-07T08:35:51.599+0000] {processor.py:183} INFO - Processing /home/cloud/codings/airflow/dags/list_s3_bucket_files_dag.py took 0.103 seconds
[2026-02-07T08:36:21.717+0000] {processor.py:161} INFO - Started process (PID=130546) to work on /home/cloud/codings/airflow/dags/list_s3_bucket_files_dag.py
[2026-02-07T08:36:21.718+0000] {processor.py:830} INFO - Processing file /home/cloud/codings/airflow/dags/list_s3_bucket_files_dag.py for tasks to queue
[2026-02-07T08:36:21.719+0000] {logging_mixin.py:188} INFO - [2026-02-07T08:36:21.719+0000] {dagbag.py:545} INFO - Filling up the DagBag from /home/cloud/codings/airflow/dags/list_s3_bucket_files_dag.py
[2026-02-07T08:36:21.730+0000] {processor.py:840} INFO - DAG(s) 'list_s3_bucket_files_dag' retrieved from /home/cloud/codings/airflow/dags/list_s3_bucket_files_dag.py
[2026-02-07T08:36:21.750+0000] {logging_mixin.py:188} INFO - [2026-02-07T08:36:21.750+0000] {dag.py:3089} INFO - Sync 1 DAGs
[2026-02-07T08:36:21.764+0000] {logging_mixin.py:188} INFO - [2026-02-07T08:36:21.763+0000] {dag.py:3947} INFO - Setting next_dagrun for list_s3_bucket_files_dag to None, run_after=None
[2026-02-07T08:36:21.788+0000] {processor.py:183} INFO - Processing /home/cloud/codings/airflow/dags/list_s3_bucket_files_dag.py took 0.077 seconds
[2026-02-07T08:36:52.874+0000] {processor.py:161} INFO - Started process (PID=130765) to work on /home/cloud/codings/airflow/dags/list_s3_bucket_files_dag.py
[2026-02-07T08:36:52.879+0000] {processor.py:830} INFO - Processing file /home/cloud/codings/airflow/dags/list_s3_bucket_files_dag.py for tasks to queue
[2026-02-07T08:36:52.880+0000] {logging_mixin.py:188} INFO - [2026-02-07T08:36:52.880+0000] {dagbag.py:545} INFO - Filling up the DagBag from /home/cloud/codings/airflow/dags/list_s3_bucket_files_dag.py
[2026-02-07T08:36:52.895+0000] {processor.py:840} INFO - DAG(s) 'list_s3_bucket_files_dag' retrieved from /home/cloud/codings/airflow/dags/list_s3_bucket_files_dag.py
[2026-02-07T08:36:52.930+0000] {logging_mixin.py:188} INFO - [2026-02-07T08:36:52.930+0000] {dag.py:3089} INFO - Sync 1 DAGs
[2026-02-07T08:36:52.961+0000] {logging_mixin.py:188} INFO - [2026-02-07T08:36:52.960+0000] {dag.py:3947} INFO - Setting next_dagrun for list_s3_bucket_files_dag to None, run_after=None
[2026-02-07T08:36:53.022+0000] {processor.py:183} INFO - Processing /home/cloud/codings/airflow/dags/list_s3_bucket_files_dag.py took 0.156 seconds
[2026-02-07T08:37:24.634+0000] {processor.py:161} INFO - Started process (PID=130971) to work on /home/cloud/codings/airflow/dags/list_s3_bucket_files_dag.py
[2026-02-07T08:37:24.636+0000] {processor.py:830} INFO - Processing file /home/cloud/codings/airflow/dags/list_s3_bucket_files_dag.py for tasks to queue
[2026-02-07T08:37:24.637+0000] {logging_mixin.py:188} INFO - [2026-02-07T08:37:24.637+0000] {dagbag.py:545} INFO - Filling up the DagBag from /home/cloud/codings/airflow/dags/list_s3_bucket_files_dag.py
[2026-02-07T08:37:24.660+0000] {processor.py:840} INFO - DAG(s) 'list_s3_bucket_files_dag' retrieved from /home/cloud/codings/airflow/dags/list_s3_bucket_files_dag.py
[2026-02-07T08:37:24.704+0000] {logging_mixin.py:188} INFO - [2026-02-07T08:37:24.704+0000] {dag.py:3089} INFO - Sync 1 DAGs
[2026-02-07T08:37:24.741+0000] {logging_mixin.py:188} INFO - [2026-02-07T08:37:24.740+0000] {dag.py:3947} INFO - Setting next_dagrun for list_s3_bucket_files_dag to None, run_after=None
[2026-02-07T08:37:24.787+0000] {processor.py:183} INFO - Processing /home/cloud/codings/airflow/dags/list_s3_bucket_files_dag.py took 0.164 seconds
[2026-02-07T08:37:55.104+0000] {processor.py:161} INFO - Started process (PID=131182) to work on /home/cloud/codings/airflow/dags/list_s3_bucket_files_dag.py
[2026-02-07T08:37:55.134+0000] {processor.py:830} INFO - Processing file /home/cloud/codings/airflow/dags/list_s3_bucket_files_dag.py for tasks to queue
[2026-02-07T08:37:55.136+0000] {logging_mixin.py:188} INFO - [2026-02-07T08:37:55.135+0000] {dagbag.py:545} INFO - Filling up the DagBag from /home/cloud/codings/airflow/dags/list_s3_bucket_files_dag.py
[2026-02-07T08:37:55.190+0000] {processor.py:840} INFO - DAG(s) 'list_s3_bucket_files_dag' retrieved from /home/cloud/codings/airflow/dags/list_s3_bucket_files_dag.py
[2026-02-07T08:37:55.279+0000] {logging_mixin.py:188} INFO - [2026-02-07T08:37:55.279+0000] {dag.py:3089} INFO - Sync 1 DAGs
[2026-02-07T08:37:55.309+0000] {logging_mixin.py:188} INFO - [2026-02-07T08:37:55.309+0000] {dag.py:3947} INFO - Setting next_dagrun for list_s3_bucket_files_dag to None, run_after=None
[2026-02-07T08:37:55.368+0000] {processor.py:183} INFO - Processing /home/cloud/codings/airflow/dags/list_s3_bucket_files_dag.py took 0.287 seconds
[2026-02-07T08:38:25.862+0000] {processor.py:161} INFO - Started process (PID=131403) to work on /home/cloud/codings/airflow/dags/list_s3_bucket_files_dag.py
[2026-02-07T08:38:25.864+0000] {processor.py:830} INFO - Processing file /home/cloud/codings/airflow/dags/list_s3_bucket_files_dag.py for tasks to queue
[2026-02-07T08:38:25.866+0000] {logging_mixin.py:188} INFO - [2026-02-07T08:38:25.865+0000] {dagbag.py:545} INFO - Filling up the DagBag from /home/cloud/codings/airflow/dags/list_s3_bucket_files_dag.py
[2026-02-07T08:38:25.887+0000] {processor.py:840} INFO - DAG(s) 'list_s3_bucket_files_dag' retrieved from /home/cloud/codings/airflow/dags/list_s3_bucket_files_dag.py
[2026-02-07T08:38:25.935+0000] {logging_mixin.py:188} INFO - [2026-02-07T08:38:25.935+0000] {dag.py:3089} INFO - Sync 1 DAGs
[2026-02-07T08:38:25.966+0000] {logging_mixin.py:188} INFO - [2026-02-07T08:38:25.965+0000] {dag.py:3947} INFO - Setting next_dagrun for list_s3_bucket_files_dag to None, run_after=None
[2026-02-07T08:38:26.025+0000] {processor.py:183} INFO - Processing /home/cloud/codings/airflow/dags/list_s3_bucket_files_dag.py took 0.177 seconds
[2026-02-07T08:38:56.439+0000] {processor.py:161} INFO - Started process (PID=131594) to work on /home/cloud/codings/airflow/dags/list_s3_bucket_files_dag.py
[2026-02-07T08:38:56.444+0000] {processor.py:830} INFO - Processing file /home/cloud/codings/airflow/dags/list_s3_bucket_files_dag.py for tasks to queue
[2026-02-07T08:38:56.445+0000] {logging_mixin.py:188} INFO - [2026-02-07T08:38:56.444+0000] {dagbag.py:545} INFO - Filling up the DagBag from /home/cloud/codings/airflow/dags/list_s3_bucket_files_dag.py
[2026-02-07T08:38:56.457+0000] {processor.py:840} INFO - DAG(s) 'list_s3_bucket_files_dag' retrieved from /home/cloud/codings/airflow/dags/list_s3_bucket_files_dag.py
[2026-02-07T08:38:56.482+0000] {logging_mixin.py:188} INFO - [2026-02-07T08:38:56.482+0000] {dag.py:3089} INFO - Sync 1 DAGs
[2026-02-07T08:38:56.499+0000] {logging_mixin.py:188} INFO - [2026-02-07T08:38:56.499+0000] {dag.py:3947} INFO - Setting next_dagrun for list_s3_bucket_files_dag to None, run_after=None
[2026-02-07T08:38:56.702+0000] {processor.py:183} INFO - Processing /home/cloud/codings/airflow/dags/list_s3_bucket_files_dag.py took 0.273 seconds
[2026-02-07T08:39:27.425+0000] {processor.py:161} INFO - Started process (PID=131811) to work on /home/cloud/codings/airflow/dags/list_s3_bucket_files_dag.py
[2026-02-07T08:39:27.427+0000] {processor.py:830} INFO - Processing file /home/cloud/codings/airflow/dags/list_s3_bucket_files_dag.py for tasks to queue
[2026-02-07T08:39:27.428+0000] {logging_mixin.py:188} INFO - [2026-02-07T08:39:27.428+0000] {dagbag.py:545} INFO - Filling up the DagBag from /home/cloud/codings/airflow/dags/list_s3_bucket_files_dag.py
[2026-02-07T08:39:27.443+0000] {processor.py:840} INFO - DAG(s) 'list_s3_bucket_files_dag' retrieved from /home/cloud/codings/airflow/dags/list_s3_bucket_files_dag.py
[2026-02-07T08:39:27.475+0000] {logging_mixin.py:188} INFO - [2026-02-07T08:39:27.475+0000] {dag.py:3089} INFO - Sync 1 DAGs
[2026-02-07T08:39:27.494+0000] {logging_mixin.py:188} INFO - [2026-02-07T08:39:27.494+0000] {dag.py:3947} INFO - Setting next_dagrun for list_s3_bucket_files_dag to None, run_after=None
[2026-02-07T08:39:27.522+0000] {processor.py:183} INFO - Processing /home/cloud/codings/airflow/dags/list_s3_bucket_files_dag.py took 0.104 seconds
[2026-02-07T08:39:57.781+0000] {processor.py:161} INFO - Started process (PID=132033) to work on /home/cloud/codings/airflow/dags/list_s3_bucket_files_dag.py
[2026-02-07T08:39:57.785+0000] {processor.py:830} INFO - Processing file /home/cloud/codings/airflow/dags/list_s3_bucket_files_dag.py for tasks to queue
[2026-02-07T08:39:57.786+0000] {logging_mixin.py:188} INFO - [2026-02-07T08:39:57.786+0000] {dagbag.py:545} INFO - Filling up the DagBag from /home/cloud/codings/airflow/dags/list_s3_bucket_files_dag.py
[2026-02-07T08:39:57.803+0000] {processor.py:840} INFO - DAG(s) 'list_s3_bucket_files_dag' retrieved from /home/cloud/codings/airflow/dags/list_s3_bucket_files_dag.py
[2026-02-07T08:39:57.830+0000] {logging_mixin.py:188} INFO - [2026-02-07T08:39:57.830+0000] {dag.py:3089} INFO - Sync 1 DAGs
[2026-02-07T08:39:57.849+0000] {logging_mixin.py:188} INFO - [2026-02-07T08:39:57.849+0000] {dag.py:3947} INFO - Setting next_dagrun for list_s3_bucket_files_dag to None, run_after=None
[2026-02-07T08:39:57.892+0000] {processor.py:183} INFO - Processing /home/cloud/codings/airflow/dags/list_s3_bucket_files_dag.py took 0.119 seconds
[2026-02-07T08:40:28.738+0000] {processor.py:161} INFO - Started process (PID=132257) to work on /home/cloud/codings/airflow/dags/list_s3_bucket_files_dag.py
[2026-02-07T08:40:28.744+0000] {processor.py:830} INFO - Processing file /home/cloud/codings/airflow/dags/list_s3_bucket_files_dag.py for tasks to queue
[2026-02-07T08:40:28.746+0000] {logging_mixin.py:188} INFO - [2026-02-07T08:40:28.745+0000] {dagbag.py:545} INFO - Filling up the DagBag from /home/cloud/codings/airflow/dags/list_s3_bucket_files_dag.py
[2026-02-07T08:40:28.771+0000] {processor.py:840} INFO - DAG(s) 'list_s3_bucket_files_dag' retrieved from /home/cloud/codings/airflow/dags/list_s3_bucket_files_dag.py
[2026-02-07T08:40:28.811+0000] {logging_mixin.py:188} INFO - [2026-02-07T08:40:28.810+0000] {dag.py:3089} INFO - Sync 1 DAGs
[2026-02-07T08:40:28.841+0000] {logging_mixin.py:188} INFO - [2026-02-07T08:40:28.840+0000] {dag.py:3947} INFO - Setting next_dagrun for list_s3_bucket_files_dag to None, run_after=None
[2026-02-07T08:40:28.882+0000] {processor.py:183} INFO - Processing /home/cloud/codings/airflow/dags/list_s3_bucket_files_dag.py took 0.157 seconds
[2026-02-07T08:40:59.917+0000] {processor.py:161} INFO - Started process (PID=132445) to work on /home/cloud/codings/airflow/dags/list_s3_bucket_files_dag.py
[2026-02-07T08:40:59.918+0000] {processor.py:830} INFO - Processing file /home/cloud/codings/airflow/dags/list_s3_bucket_files_dag.py for tasks to queue
[2026-02-07T08:40:59.919+0000] {logging_mixin.py:188} INFO - [2026-02-07T08:40:59.918+0000] {dagbag.py:545} INFO - Filling up the DagBag from /home/cloud/codings/airflow/dags/list_s3_bucket_files_dag.py
[2026-02-07T08:40:59.929+0000] {processor.py:840} INFO - DAG(s) 'list_s3_bucket_files_dag' retrieved from /home/cloud/codings/airflow/dags/list_s3_bucket_files_dag.py
[2026-02-07T08:40:59.948+0000] {logging_mixin.py:188} INFO - [2026-02-07T08:40:59.948+0000] {dag.py:3089} INFO - Sync 1 DAGs
[2026-02-07T08:40:59.961+0000] {logging_mixin.py:188} INFO - [2026-02-07T08:40:59.961+0000] {dag.py:3947} INFO - Setting next_dagrun for list_s3_bucket_files_dag to None, run_after=None
[2026-02-07T08:41:00.021+0000] {processor.py:183} INFO - Processing /home/cloud/codings/airflow/dags/list_s3_bucket_files_dag.py took 0.110 seconds
[2026-02-07T08:41:30.160+0000] {processor.py:161} INFO - Started process (PID=132661) to work on /home/cloud/codings/airflow/dags/list_s3_bucket_files_dag.py
[2026-02-07T08:41:30.161+0000] {processor.py:830} INFO - Processing file /home/cloud/codings/airflow/dags/list_s3_bucket_files_dag.py for tasks to queue
[2026-02-07T08:41:30.163+0000] {logging_mixin.py:188} INFO - [2026-02-07T08:41:30.162+0000] {dagbag.py:545} INFO - Filling up the DagBag from /home/cloud/codings/airflow/dags/list_s3_bucket_files_dag.py
[2026-02-07T08:41:30.174+0000] {processor.py:840} INFO - DAG(s) 'list_s3_bucket_files_dag' retrieved from /home/cloud/codings/airflow/dags/list_s3_bucket_files_dag.py
[2026-02-07T08:41:30.199+0000] {logging_mixin.py:188} INFO - [2026-02-07T08:41:30.199+0000] {dag.py:3089} INFO - Sync 1 DAGs
[2026-02-07T08:41:30.218+0000] {logging_mixin.py:188} INFO - [2026-02-07T08:41:30.217+0000] {dag.py:3947} INFO - Setting next_dagrun for list_s3_bucket_files_dag to None, run_after=None
[2026-02-07T08:41:30.253+0000] {processor.py:183} INFO - Processing /home/cloud/codings/airflow/dags/list_s3_bucket_files_dag.py took 0.100 seconds
[2026-02-07T08:42:01.250+0000] {processor.py:161} INFO - Started process (PID=132877) to work on /home/cloud/codings/airflow/dags/list_s3_bucket_files_dag.py
[2026-02-07T08:42:01.252+0000] {processor.py:830} INFO - Processing file /home/cloud/codings/airflow/dags/list_s3_bucket_files_dag.py for tasks to queue
[2026-02-07T08:42:01.253+0000] {logging_mixin.py:188} INFO - [2026-02-07T08:42:01.253+0000] {dagbag.py:545} INFO - Filling up the DagBag from /home/cloud/codings/airflow/dags/list_s3_bucket_files_dag.py
[2026-02-07T08:42:01.268+0000] {processor.py:840} INFO - DAG(s) 'list_s3_bucket_files_dag' retrieved from /home/cloud/codings/airflow/dags/list_s3_bucket_files_dag.py
[2026-02-07T08:42:01.295+0000] {logging_mixin.py:188} INFO - [2026-02-07T08:42:01.295+0000] {dag.py:3089} INFO - Sync 1 DAGs
[2026-02-07T08:42:01.311+0000] {logging_mixin.py:188} INFO - [2026-02-07T08:42:01.311+0000] {dag.py:3947} INFO - Setting next_dagrun for list_s3_bucket_files_dag to None, run_after=None
[2026-02-07T08:42:01.340+0000] {processor.py:183} INFO - Processing /home/cloud/codings/airflow/dags/list_s3_bucket_files_dag.py took 0.099 seconds
[2026-02-07T08:42:31.509+0000] {processor.py:161} INFO - Started process (PID=133091) to work on /home/cloud/codings/airflow/dags/list_s3_bucket_files_dag.py
[2026-02-07T08:42:31.510+0000] {processor.py:830} INFO - Processing file /home/cloud/codings/airflow/dags/list_s3_bucket_files_dag.py for tasks to queue
[2026-02-07T08:42:31.511+0000] {logging_mixin.py:188} INFO - [2026-02-07T08:42:31.511+0000] {dagbag.py:545} INFO - Filling up the DagBag from /home/cloud/codings/airflow/dags/list_s3_bucket_files_dag.py
[2026-02-07T08:42:31.526+0000] {processor.py:840} INFO - DAG(s) 'list_s3_bucket_files_dag' retrieved from /home/cloud/codings/airflow/dags/list_s3_bucket_files_dag.py
[2026-02-07T08:42:31.551+0000] {logging_mixin.py:188} INFO - [2026-02-07T08:42:31.551+0000] {dag.py:3089} INFO - Sync 1 DAGs
[2026-02-07T08:42:31.567+0000] {logging_mixin.py:188} INFO - [2026-02-07T08:42:31.567+0000] {dag.py:3947} INFO - Setting next_dagrun for list_s3_bucket_files_dag to None, run_after=None
[2026-02-07T08:42:31.596+0000] {processor.py:183} INFO - Processing /home/cloud/codings/airflow/dags/list_s3_bucket_files_dag.py took 0.097 seconds
[2026-02-07T08:43:01.945+0000] {processor.py:161} INFO - Started process (PID=133348) to work on /home/cloud/codings/airflow/dags/list_s3_bucket_files_dag.py
[2026-02-07T08:43:01.947+0000] {processor.py:830} INFO - Processing file /home/cloud/codings/airflow/dags/list_s3_bucket_files_dag.py for tasks to queue
[2026-02-07T08:43:01.948+0000] {logging_mixin.py:188} INFO - [2026-02-07T08:43:01.947+0000] {dagbag.py:545} INFO - Filling up the DagBag from /home/cloud/codings/airflow/dags/list_s3_bucket_files_dag.py
[2026-02-07T08:43:01.961+0000] {processor.py:840} INFO - DAG(s) 'list_s3_bucket_files_dag' retrieved from /home/cloud/codings/airflow/dags/list_s3_bucket_files_dag.py
[2026-02-07T08:43:01.986+0000] {logging_mixin.py:188} INFO - [2026-02-07T08:43:01.986+0000] {dag.py:3089} INFO - Sync 1 DAGs
[2026-02-07T08:43:02.003+0000] {logging_mixin.py:188} INFO - [2026-02-07T08:43:02.002+0000] {dag.py:3947} INFO - Setting next_dagrun for list_s3_bucket_files_dag to None, run_after=None
[2026-02-07T08:43:02.034+0000] {processor.py:183} INFO - Processing /home/cloud/codings/airflow/dags/list_s3_bucket_files_dag.py took 0.098 seconds
[2026-02-07T08:43:32.516+0000] {processor.py:161} INFO - Started process (PID=133643) to work on /home/cloud/codings/airflow/dags/list_s3_bucket_files_dag.py
[2026-02-07T08:43:32.517+0000] {processor.py:830} INFO - Processing file /home/cloud/codings/airflow/dags/list_s3_bucket_files_dag.py for tasks to queue
[2026-02-07T08:43:32.519+0000] {logging_mixin.py:188} INFO - [2026-02-07T08:43:32.518+0000] {dagbag.py:545} INFO - Filling up the DagBag from /home/cloud/codings/airflow/dags/list_s3_bucket_files_dag.py
[2026-02-07T08:43:32.534+0000] {processor.py:840} INFO - DAG(s) 'list_s3_bucket_files_dag' retrieved from /home/cloud/codings/airflow/dags/list_s3_bucket_files_dag.py
[2026-02-07T08:43:32.568+0000] {logging_mixin.py:188} INFO - [2026-02-07T08:43:32.567+0000] {dag.py:3089} INFO - Sync 1 DAGs
[2026-02-07T08:43:32.592+0000] {logging_mixin.py:188} INFO - [2026-02-07T08:43:32.592+0000] {dag.py:3947} INFO - Setting next_dagrun for list_s3_bucket_files_dag to None, run_after=None
[2026-02-07T08:43:32.812+0000] {processor.py:183} INFO - Processing /home/cloud/codings/airflow/dags/list_s3_bucket_files_dag.py took 0.306 seconds
[2026-02-07T08:44:03.085+0000] {processor.py:161} INFO - Started process (PID=133721) to work on /home/cloud/codings/airflow/dags/list_s3_bucket_files_dag.py
[2026-02-07T08:44:03.086+0000] {processor.py:830} INFO - Processing file /home/cloud/codings/airflow/dags/list_s3_bucket_files_dag.py for tasks to queue
[2026-02-07T08:44:03.087+0000] {logging_mixin.py:188} INFO - [2026-02-07T08:44:03.087+0000] {dagbag.py:545} INFO - Filling up the DagBag from /home/cloud/codings/airflow/dags/list_s3_bucket_files_dag.py
[2026-02-07T08:44:03.100+0000] {processor.py:840} INFO - DAG(s) 'list_s3_bucket_files_dag' retrieved from /home/cloud/codings/airflow/dags/list_s3_bucket_files_dag.py
[2026-02-07T08:44:03.125+0000] {logging_mixin.py:188} INFO - [2026-02-07T08:44:03.124+0000] {dag.py:3089} INFO - Sync 1 DAGs
[2026-02-07T08:44:03.142+0000] {logging_mixin.py:188} INFO - [2026-02-07T08:44:03.141+0000] {dag.py:3947} INFO - Setting next_dagrun for list_s3_bucket_files_dag to None, run_after=None
[2026-02-07T08:44:03.170+0000] {processor.py:183} INFO - Processing /home/cloud/codings/airflow/dags/list_s3_bucket_files_dag.py took 0.093 seconds
[2026-02-07T08:44:33.544+0000] {processor.py:161} INFO - Started process (PID=133781) to work on /home/cloud/codings/airflow/dags/list_s3_bucket_files_dag.py
[2026-02-07T08:44:33.546+0000] {processor.py:830} INFO - Processing file /home/cloud/codings/airflow/dags/list_s3_bucket_files_dag.py for tasks to queue
[2026-02-07T08:44:33.548+0000] {logging_mixin.py:188} INFO - [2026-02-07T08:44:33.547+0000] {dagbag.py:545} INFO - Filling up the DagBag from /home/cloud/codings/airflow/dags/list_s3_bucket_files_dag.py
[2026-02-07T08:44:33.564+0000] {processor.py:840} INFO - DAG(s) 'list_s3_bucket_files_dag' retrieved from /home/cloud/codings/airflow/dags/list_s3_bucket_files_dag.py
[2026-02-07T08:44:33.594+0000] {logging_mixin.py:188} INFO - [2026-02-07T08:44:33.593+0000] {dag.py:3089} INFO - Sync 1 DAGs
[2026-02-07T08:44:33.612+0000] {logging_mixin.py:188} INFO - [2026-02-07T08:44:33.612+0000] {dag.py:3947} INFO - Setting next_dagrun for list_s3_bucket_files_dag to None, run_after=None
[2026-02-07T08:44:33.647+0000] {processor.py:183} INFO - Processing /home/cloud/codings/airflow/dags/list_s3_bucket_files_dag.py took 0.113 seconds
[2026-02-07T08:45:04.689+0000] {processor.py:161} INFO - Started process (PID=133981) to work on /home/cloud/codings/airflow/dags/list_s3_bucket_files_dag.py
[2026-02-07T08:45:04.690+0000] {processor.py:830} INFO - Processing file /home/cloud/codings/airflow/dags/list_s3_bucket_files_dag.py for tasks to queue
[2026-02-07T08:45:04.691+0000] {logging_mixin.py:188} INFO - [2026-02-07T08:45:04.691+0000] {dagbag.py:545} INFO - Filling up the DagBag from /home/cloud/codings/airflow/dags/list_s3_bucket_files_dag.py
[2026-02-07T08:45:04.706+0000] {processor.py:840} INFO - DAG(s) 'list_s3_bucket_files_dag' retrieved from /home/cloud/codings/airflow/dags/list_s3_bucket_files_dag.py
[2026-02-07T08:45:04.735+0000] {logging_mixin.py:188} INFO - [2026-02-07T08:45:04.735+0000] {dag.py:3089} INFO - Sync 1 DAGs
[2026-02-07T08:45:04.752+0000] {logging_mixin.py:188} INFO - [2026-02-07T08:45:04.752+0000] {dag.py:3947} INFO - Setting next_dagrun for list_s3_bucket_files_dag to None, run_after=None
[2026-02-07T08:45:04.784+0000] {processor.py:183} INFO - Processing /home/cloud/codings/airflow/dags/list_s3_bucket_files_dag.py took 0.104 seconds
[2026-02-07T08:45:35.433+0000] {processor.py:161} INFO - Started process (PID=134172) to work on /home/cloud/codings/airflow/dags/list_s3_bucket_files_dag.py
[2026-02-07T08:45:35.435+0000] {processor.py:830} INFO - Processing file /home/cloud/codings/airflow/dags/list_s3_bucket_files_dag.py for tasks to queue
[2026-02-07T08:45:35.437+0000] {logging_mixin.py:188} INFO - [2026-02-07T08:45:35.436+0000] {dagbag.py:545} INFO - Filling up the DagBag from /home/cloud/codings/airflow/dags/list_s3_bucket_files_dag.py
[2026-02-07T08:45:35.448+0000] {processor.py:840} INFO - DAG(s) 'list_s3_bucket_files_dag' retrieved from /home/cloud/codings/airflow/dags/list_s3_bucket_files_dag.py
[2026-02-07T08:45:35.469+0000] {logging_mixin.py:188} INFO - [2026-02-07T08:45:35.469+0000] {dag.py:3089} INFO - Sync 1 DAGs
[2026-02-07T08:45:35.483+0000] {logging_mixin.py:188} INFO - [2026-02-07T08:45:35.483+0000] {dag.py:3947} INFO - Setting next_dagrun for list_s3_bucket_files_dag to None, run_after=None
[2026-02-07T08:45:35.508+0000] {processor.py:183} INFO - Processing /home/cloud/codings/airflow/dags/list_s3_bucket_files_dag.py took 0.082 seconds
[2026-02-07T08:46:06.135+0000] {processor.py:161} INFO - Started process (PID=134387) to work on /home/cloud/codings/airflow/dags/list_s3_bucket_files_dag.py
[2026-02-07T08:46:06.136+0000] {processor.py:830} INFO - Processing file /home/cloud/codings/airflow/dags/list_s3_bucket_files_dag.py for tasks to queue
[2026-02-07T08:46:06.137+0000] {logging_mixin.py:188} INFO - [2026-02-07T08:46:06.136+0000] {dagbag.py:545} INFO - Filling up the DagBag from /home/cloud/codings/airflow/dags/list_s3_bucket_files_dag.py
[2026-02-07T08:46:06.149+0000] {processor.py:840} INFO - DAG(s) 'list_s3_bucket_files_dag' retrieved from /home/cloud/codings/airflow/dags/list_s3_bucket_files_dag.py
[2026-02-07T08:46:06.176+0000] {logging_mixin.py:188} INFO - [2026-02-07T08:46:06.176+0000] {dag.py:3089} INFO - Sync 1 DAGs
[2026-02-07T08:46:06.195+0000] {logging_mixin.py:188} INFO - [2026-02-07T08:46:06.195+0000] {dag.py:3947} INFO - Setting next_dagrun for list_s3_bucket_files_dag to None, run_after=None
[2026-02-07T08:46:06.222+0000] {processor.py:183} INFO - Processing /home/cloud/codings/airflow/dags/list_s3_bucket_files_dag.py took 0.095 seconds
[2026-02-07T08:46:36.613+0000] {processor.py:161} INFO - Started process (PID=134669) to work on /home/cloud/codings/airflow/dags/list_s3_bucket_files_dag.py
[2026-02-07T08:46:36.617+0000] {processor.py:830} INFO - Processing file /home/cloud/codings/airflow/dags/list_s3_bucket_files_dag.py for tasks to queue
[2026-02-07T08:46:36.619+0000] {logging_mixin.py:188} INFO - [2026-02-07T08:46:36.618+0000] {dagbag.py:545} INFO - Filling up the DagBag from /home/cloud/codings/airflow/dags/list_s3_bucket_files_dag.py
[2026-02-07T08:46:36.638+0000] {processor.py:840} INFO - DAG(s) 'list_s3_bucket_files_dag' retrieved from /home/cloud/codings/airflow/dags/list_s3_bucket_files_dag.py
[2026-02-07T08:46:36.670+0000] {logging_mixin.py:188} INFO - [2026-02-07T08:46:36.670+0000] {dag.py:3089} INFO - Sync 1 DAGs
[2026-02-07T08:46:36.687+0000] {logging_mixin.py:188} INFO - [2026-02-07T08:46:36.686+0000] {dag.py:3947} INFO - Setting next_dagrun for list_s3_bucket_files_dag to None, run_after=None
[2026-02-07T08:46:36.714+0000] {processor.py:183} INFO - Processing /home/cloud/codings/airflow/dags/list_s3_bucket_files_dag.py took 0.115 seconds
[2026-02-07T08:47:07.084+0000] {processor.py:161} INFO - Started process (PID=134859) to work on /home/cloud/codings/airflow/dags/list_s3_bucket_files_dag.py
[2026-02-07T08:47:07.086+0000] {processor.py:830} INFO - Processing file /home/cloud/codings/airflow/dags/list_s3_bucket_files_dag.py for tasks to queue
[2026-02-07T08:47:07.087+0000] {logging_mixin.py:188} INFO - [2026-02-07T08:47:07.086+0000] {dagbag.py:545} INFO - Filling up the DagBag from /home/cloud/codings/airflow/dags/list_s3_bucket_files_dag.py
[2026-02-07T08:47:07.099+0000] {processor.py:840} INFO - DAG(s) 'list_s3_bucket_files_dag' retrieved from /home/cloud/codings/airflow/dags/list_s3_bucket_files_dag.py
[2026-02-07T08:47:07.120+0000] {logging_mixin.py:188} INFO - [2026-02-07T08:47:07.120+0000] {dag.py:3089} INFO - Sync 1 DAGs
[2026-02-07T08:47:07.135+0000] {logging_mixin.py:188} INFO - [2026-02-07T08:47:07.135+0000] {dag.py:3947} INFO - Setting next_dagrun for list_s3_bucket_files_dag to None, run_after=None
[2026-02-07T08:47:07.161+0000] {processor.py:183} INFO - Processing /home/cloud/codings/airflow/dags/list_s3_bucket_files_dag.py took 0.083 seconds
[2026-02-07T08:47:38.213+0000] {processor.py:161} INFO - Started process (PID=135104) to work on /home/cloud/codings/airflow/dags/list_s3_bucket_files_dag.py
[2026-02-07T08:47:38.218+0000] {processor.py:830} INFO - Processing file /home/cloud/codings/airflow/dags/list_s3_bucket_files_dag.py for tasks to queue
[2026-02-07T08:47:38.219+0000] {logging_mixin.py:188} INFO - [2026-02-07T08:47:38.219+0000] {dagbag.py:545} INFO - Filling up the DagBag from /home/cloud/codings/airflow/dags/list_s3_bucket_files_dag.py
[2026-02-07T08:47:38.230+0000] {processor.py:840} INFO - DAG(s) 'list_s3_bucket_files_dag' retrieved from /home/cloud/codings/airflow/dags/list_s3_bucket_files_dag.py
[2026-02-07T08:47:38.252+0000] {logging_mixin.py:188} INFO - [2026-02-07T08:47:38.252+0000] {dag.py:3089} INFO - Sync 1 DAGs
[2026-02-07T08:47:38.265+0000] {logging_mixin.py:188} INFO - [2026-02-07T08:47:38.265+0000] {dag.py:3947} INFO - Setting next_dagrun for list_s3_bucket_files_dag to None, run_after=None
[2026-02-07T08:47:38.292+0000] {processor.py:183} INFO - Processing /home/cloud/codings/airflow/dags/list_s3_bucket_files_dag.py took 0.085 seconds
[2026-02-07T08:48:08.758+0000] {processor.py:161} INFO - Started process (PID=135326) to work on /home/cloud/codings/airflow/dags/list_s3_bucket_files_dag.py
[2026-02-07T08:48:08.759+0000] {processor.py:830} INFO - Processing file /home/cloud/codings/airflow/dags/list_s3_bucket_files_dag.py for tasks to queue
[2026-02-07T08:48:08.760+0000] {logging_mixin.py:188} INFO - [2026-02-07T08:48:08.760+0000] {dagbag.py:545} INFO - Filling up the DagBag from /home/cloud/codings/airflow/dags/list_s3_bucket_files_dag.py
[2026-02-07T08:48:08.772+0000] {processor.py:840} INFO - DAG(s) 'list_s3_bucket_files_dag' retrieved from /home/cloud/codings/airflow/dags/list_s3_bucket_files_dag.py
[2026-02-07T08:48:08.793+0000] {logging_mixin.py:188} INFO - [2026-02-07T08:48:08.793+0000] {dag.py:3089} INFO - Sync 1 DAGs
[2026-02-07T08:48:08.956+0000] {logging_mixin.py:188} INFO - [2026-02-07T08:48:08.956+0000] {dag.py:3947} INFO - Setting next_dagrun for list_s3_bucket_files_dag to None, run_after=None
[2026-02-07T08:48:08.979+0000] {processor.py:183} INFO - Processing /home/cloud/codings/airflow/dags/list_s3_bucket_files_dag.py took 0.227 seconds
[2026-02-07T08:48:40.010+0000] {processor.py:161} INFO - Started process (PID=135392) to work on /home/cloud/codings/airflow/dags/list_s3_bucket_files_dag.py
[2026-02-07T08:48:40.012+0000] {processor.py:830} INFO - Processing file /home/cloud/codings/airflow/dags/list_s3_bucket_files_dag.py for tasks to queue
[2026-02-07T08:48:40.013+0000] {logging_mixin.py:188} INFO - [2026-02-07T08:48:40.012+0000] {dagbag.py:545} INFO - Filling up the DagBag from /home/cloud/codings/airflow/dags/list_s3_bucket_files_dag.py
[2026-02-07T08:48:40.024+0000] {processor.py:840} INFO - DAG(s) 'list_s3_bucket_files_dag' retrieved from /home/cloud/codings/airflow/dags/list_s3_bucket_files_dag.py
[2026-02-07T08:48:40.047+0000] {logging_mixin.py:188} INFO - [2026-02-07T08:48:40.047+0000] {dag.py:3089} INFO - Sync 1 DAGs
[2026-02-07T08:48:40.061+0000] {logging_mixin.py:188} INFO - [2026-02-07T08:48:40.061+0000] {dag.py:3947} INFO - Setting next_dagrun for list_s3_bucket_files_dag to None, run_after=None
[2026-02-07T08:48:40.088+0000] {processor.py:183} INFO - Processing /home/cloud/codings/airflow/dags/list_s3_bucket_files_dag.py took 0.085 seconds
[2026-02-07T08:49:10.148+0000] {processor.py:161} INFO - Started process (PID=135452) to work on /home/cloud/codings/airflow/dags/list_s3_bucket_files_dag.py
[2026-02-07T08:49:10.149+0000] {processor.py:830} INFO - Processing file /home/cloud/codings/airflow/dags/list_s3_bucket_files_dag.py for tasks to queue
[2026-02-07T08:49:10.150+0000] {logging_mixin.py:188} INFO - [2026-02-07T08:49:10.149+0000] {dagbag.py:545} INFO - Filling up the DagBag from /home/cloud/codings/airflow/dags/list_s3_bucket_files_dag.py
[2026-02-07T08:49:10.161+0000] {processor.py:840} INFO - DAG(s) 'list_s3_bucket_files_dag' retrieved from /home/cloud/codings/airflow/dags/list_s3_bucket_files_dag.py
[2026-02-07T08:49:10.183+0000] {logging_mixin.py:188} INFO - [2026-02-07T08:49:10.182+0000] {dag.py:3089} INFO - Sync 1 DAGs
[2026-02-07T08:49:10.197+0000] {logging_mixin.py:188} INFO - [2026-02-07T08:49:10.197+0000] {dag.py:3947} INFO - Setting next_dagrun for list_s3_bucket_files_dag to None, run_after=None
[2026-02-07T08:49:10.221+0000] {processor.py:183} INFO - Processing /home/cloud/codings/airflow/dags/list_s3_bucket_files_dag.py took 0.080 seconds
[2026-02-07T08:49:41.105+0000] {processor.py:161} INFO - Started process (PID=135518) to work on /home/cloud/codings/airflow/dags/list_s3_bucket_files_dag.py
[2026-02-07T08:49:41.106+0000] {processor.py:830} INFO - Processing file /home/cloud/codings/airflow/dags/list_s3_bucket_files_dag.py for tasks to queue
[2026-02-07T08:49:41.107+0000] {logging_mixin.py:188} INFO - [2026-02-07T08:49:41.107+0000] {dagbag.py:545} INFO - Filling up the DagBag from /home/cloud/codings/airflow/dags/list_s3_bucket_files_dag.py
[2026-02-07T08:49:41.119+0000] {processor.py:840} INFO - DAG(s) 'list_s3_bucket_files_dag' retrieved from /home/cloud/codings/airflow/dags/list_s3_bucket_files_dag.py
[2026-02-07T08:49:41.141+0000] {logging_mixin.py:188} INFO - [2026-02-07T08:49:41.141+0000] {dag.py:3089} INFO - Sync 1 DAGs
[2026-02-07T08:49:41.155+0000] {logging_mixin.py:188} INFO - [2026-02-07T08:49:41.155+0000] {dag.py:3947} INFO - Setting next_dagrun for list_s3_bucket_files_dag to None, run_after=None
[2026-02-07T08:49:41.183+0000] {processor.py:183} INFO - Processing /home/cloud/codings/airflow/dags/list_s3_bucket_files_dag.py took 0.086 seconds
[2026-02-07T08:50:11.387+0000] {processor.py:161} INFO - Started process (PID=135634) to work on /home/cloud/codings/airflow/dags/list_s3_bucket_files_dag.py
[2026-02-07T08:50:11.388+0000] {processor.py:830} INFO - Processing file /home/cloud/codings/airflow/dags/list_s3_bucket_files_dag.py for tasks to queue
[2026-02-07T08:50:11.389+0000] {logging_mixin.py:188} INFO - [2026-02-07T08:50:11.389+0000] {dagbag.py:545} INFO - Filling up the DagBag from /home/cloud/codings/airflow/dags/list_s3_bucket_files_dag.py
[2026-02-07T08:50:11.403+0000] {processor.py:840} INFO - DAG(s) 'list_s3_bucket_files_dag' retrieved from /home/cloud/codings/airflow/dags/list_s3_bucket_files_dag.py
[2026-02-07T08:50:11.428+0000] {logging_mixin.py:188} INFO - [2026-02-07T08:50:11.428+0000] {dag.py:3089} INFO - Sync 1 DAGs
[2026-02-07T08:50:11.444+0000] {logging_mixin.py:188} INFO - [2026-02-07T08:50:11.443+0000] {dag.py:3947} INFO - Setting next_dagrun for list_s3_bucket_files_dag to None, run_after=None
[2026-02-07T08:50:11.471+0000] {processor.py:183} INFO - Processing /home/cloud/codings/airflow/dags/list_s3_bucket_files_dag.py took 0.093 seconds
[2026-02-07T08:50:42.399+0000] {processor.py:161} INFO - Started process (PID=135881) to work on /home/cloud/codings/airflow/dags/list_s3_bucket_files_dag.py
[2026-02-07T08:50:42.401+0000] {processor.py:830} INFO - Processing file /home/cloud/codings/airflow/dags/list_s3_bucket_files_dag.py for tasks to queue
[2026-02-07T08:50:42.402+0000] {logging_mixin.py:188} INFO - [2026-02-07T08:50:42.402+0000] {dagbag.py:545} INFO - Filling up the DagBag from /home/cloud/codings/airflow/dags/list_s3_bucket_files_dag.py
[2026-02-07T08:50:42.418+0000] {processor.py:840} INFO - DAG(s) 'list_s3_bucket_files_dag' retrieved from /home/cloud/codings/airflow/dags/list_s3_bucket_files_dag.py
[2026-02-07T08:50:42.449+0000] {logging_mixin.py:188} INFO - [2026-02-07T08:50:42.448+0000] {dag.py:3089} INFO - Sync 1 DAGs
[2026-02-07T08:50:42.466+0000] {logging_mixin.py:188} INFO - [2026-02-07T08:50:42.466+0000] {dag.py:3947} INFO - Setting next_dagrun for list_s3_bucket_files_dag to None, run_after=None
[2026-02-07T08:50:42.494+0000] {processor.py:183} INFO - Processing /home/cloud/codings/airflow/dags/list_s3_bucket_files_dag.py took 0.105 seconds
[2026-02-07T08:51:13.507+0000] {processor.py:161} INFO - Started process (PID=136129) to work on /home/cloud/codings/airflow/dags/list_s3_bucket_files_dag.py
[2026-02-07T08:51:13.509+0000] {processor.py:830} INFO - Processing file /home/cloud/codings/airflow/dags/list_s3_bucket_files_dag.py for tasks to queue
[2026-02-07T08:51:13.510+0000] {logging_mixin.py:188} INFO - [2026-02-07T08:51:13.509+0000] {dagbag.py:545} INFO - Filling up the DagBag from /home/cloud/codings/airflow/dags/list_s3_bucket_files_dag.py
[2026-02-07T08:51:13.524+0000] {processor.py:840} INFO - DAG(s) 'list_s3_bucket_files_dag' retrieved from /home/cloud/codings/airflow/dags/list_s3_bucket_files_dag.py
[2026-02-07T08:51:13.557+0000] {logging_mixin.py:188} INFO - [2026-02-07T08:51:13.557+0000] {dag.py:3089} INFO - Sync 1 DAGs
[2026-02-07T08:51:13.582+0000] {logging_mixin.py:188} INFO - [2026-02-07T08:51:13.582+0000] {dag.py:3947} INFO - Setting next_dagrun for list_s3_bucket_files_dag to None, run_after=None
[2026-02-07T08:51:13.632+0000] {processor.py:183} INFO - Processing /home/cloud/codings/airflow/dags/list_s3_bucket_files_dag.py took 0.134 seconds
[2026-02-07T08:51:44.340+0000] {processor.py:161} INFO - Started process (PID=136390) to work on /home/cloud/codings/airflow/dags/list_s3_bucket_files_dag.py
[2026-02-07T08:51:44.342+0000] {processor.py:830} INFO - Processing file /home/cloud/codings/airflow/dags/list_s3_bucket_files_dag.py for tasks to queue
[2026-02-07T08:51:44.342+0000] {logging_mixin.py:188} INFO - [2026-02-07T08:51:44.342+0000] {dagbag.py:545} INFO - Filling up the DagBag from /home/cloud/codings/airflow/dags/list_s3_bucket_files_dag.py
[2026-02-07T08:51:44.356+0000] {processor.py:840} INFO - DAG(s) 'list_s3_bucket_files_dag' retrieved from /home/cloud/codings/airflow/dags/list_s3_bucket_files_dag.py
[2026-02-07T08:51:44.381+0000] {logging_mixin.py:188} INFO - [2026-02-07T08:51:44.381+0000] {dag.py:3089} INFO - Sync 1 DAGs
[2026-02-07T08:51:44.398+0000] {logging_mixin.py:188} INFO - [2026-02-07T08:51:44.397+0000] {dag.py:3947} INFO - Setting next_dagrun for list_s3_bucket_files_dag to None, run_after=None
[2026-02-07T08:51:44.427+0000] {processor.py:183} INFO - Processing /home/cloud/codings/airflow/dags/list_s3_bucket_files_dag.py took 0.094 seconds
[2026-02-07T08:52:15.300+0000] {processor.py:161} INFO - Started process (PID=136606) to work on /home/cloud/codings/airflow/dags/list_s3_bucket_files_dag.py
[2026-02-07T08:52:15.302+0000] {processor.py:830} INFO - Processing file /home/cloud/codings/airflow/dags/list_s3_bucket_files_dag.py for tasks to queue
[2026-02-07T08:52:15.303+0000] {logging_mixin.py:188} INFO - [2026-02-07T08:52:15.303+0000] {dagbag.py:545} INFO - Filling up the DagBag from /home/cloud/codings/airflow/dags/list_s3_bucket_files_dag.py
[2026-02-07T08:52:15.325+0000] {processor.py:840} INFO - DAG(s) 'list_s3_bucket_files_dag' retrieved from /home/cloud/codings/airflow/dags/list_s3_bucket_files_dag.py
[2026-02-07T08:52:15.354+0000] {logging_mixin.py:188} INFO - [2026-02-07T08:52:15.354+0000] {dag.py:3089} INFO - Sync 1 DAGs
[2026-02-07T08:52:15.371+0000] {logging_mixin.py:188} INFO - [2026-02-07T08:52:15.371+0000] {dag.py:3947} INFO - Setting next_dagrun for list_s3_bucket_files_dag to None, run_after=None
[2026-02-07T08:52:15.554+0000] {processor.py:183} INFO - Processing /home/cloud/codings/airflow/dags/list_s3_bucket_files_dag.py took 0.268 seconds
[2026-02-07T08:52:46.212+0000] {processor.py:161} INFO - Started process (PID=136822) to work on /home/cloud/codings/airflow/dags/list_s3_bucket_files_dag.py
[2026-02-07T08:52:46.217+0000] {processor.py:830} INFO - Processing file /home/cloud/codings/airflow/dags/list_s3_bucket_files_dag.py for tasks to queue
[2026-02-07T08:52:46.218+0000] {logging_mixin.py:188} INFO - [2026-02-07T08:52:46.218+0000] {dagbag.py:545} INFO - Filling up the DagBag from /home/cloud/codings/airflow/dags/list_s3_bucket_files_dag.py
[2026-02-07T08:52:46.232+0000] {processor.py:840} INFO - DAG(s) 'list_s3_bucket_files_dag' retrieved from /home/cloud/codings/airflow/dags/list_s3_bucket_files_dag.py
[2026-02-07T08:52:46.255+0000] {logging_mixin.py:188} INFO - [2026-02-07T08:52:46.255+0000] {dag.py:3089} INFO - Sync 1 DAGs
[2026-02-07T08:52:46.428+0000] {logging_mixin.py:188} INFO - [2026-02-07T08:52:46.427+0000] {dag.py:3947} INFO - Setting next_dagrun for list_s3_bucket_files_dag to None, run_after=None
[2026-02-07T08:52:46.455+0000] {processor.py:183} INFO - Processing /home/cloud/codings/airflow/dags/list_s3_bucket_files_dag.py took 0.249 seconds
[2026-02-07T08:53:17.010+0000] {processor.py:161} INFO - Started process (PID=137014) to work on /home/cloud/codings/airflow/dags/list_s3_bucket_files_dag.py
[2026-02-07T08:53:17.011+0000] {processor.py:830} INFO - Processing file /home/cloud/codings/airflow/dags/list_s3_bucket_files_dag.py for tasks to queue
[2026-02-07T08:53:17.013+0000] {logging_mixin.py:188} INFO - [2026-02-07T08:53:17.012+0000] {dagbag.py:545} INFO - Filling up the DagBag from /home/cloud/codings/airflow/dags/list_s3_bucket_files_dag.py
[2026-02-07T08:53:17.032+0000] {processor.py:840} INFO - DAG(s) 'list_s3_bucket_files_dag' retrieved from /home/cloud/codings/airflow/dags/list_s3_bucket_files_dag.py
[2026-02-07T08:53:17.072+0000] {logging_mixin.py:188} INFO - [2026-02-07T08:53:17.072+0000] {dag.py:3089} INFO - Sync 1 DAGs
[2026-02-07T08:53:17.095+0000] {logging_mixin.py:188} INFO - [2026-02-07T08:53:17.095+0000] {dag.py:3947} INFO - Setting next_dagrun for list_s3_bucket_files_dag to None, run_after=None
[2026-02-07T08:53:17.126+0000] {processor.py:183} INFO - Processing /home/cloud/codings/airflow/dags/list_s3_bucket_files_dag.py took 0.128 seconds
[2026-02-07T08:53:48.011+0000] {processor.py:161} INFO - Started process (PID=137230) to work on /home/cloud/codings/airflow/dags/list_s3_bucket_files_dag.py
[2026-02-07T08:53:48.012+0000] {processor.py:830} INFO - Processing file /home/cloud/codings/airflow/dags/list_s3_bucket_files_dag.py for tasks to queue
[2026-02-07T08:53:48.013+0000] {logging_mixin.py:188} INFO - [2026-02-07T08:53:48.013+0000] {dagbag.py:545} INFO - Filling up the DagBag from /home/cloud/codings/airflow/dags/list_s3_bucket_files_dag.py
[2026-02-07T08:53:48.027+0000] {processor.py:840} INFO - DAG(s) 'list_s3_bucket_files_dag' retrieved from /home/cloud/codings/airflow/dags/list_s3_bucket_files_dag.py
[2026-02-07T08:53:48.053+0000] {logging_mixin.py:188} INFO - [2026-02-07T08:53:48.053+0000] {dag.py:3089} INFO - Sync 1 DAGs
[2026-02-07T08:53:48.066+0000] {logging_mixin.py:188} INFO - [2026-02-07T08:53:48.066+0000] {dag.py:3947} INFO - Setting next_dagrun for list_s3_bucket_files_dag to None, run_after=None
[2026-02-07T08:53:48.094+0000] {processor.py:183} INFO - Processing /home/cloud/codings/airflow/dags/list_s3_bucket_files_dag.py took 0.090 seconds
[2026-02-07T08:54:19.000+0000] {processor.py:161} INFO - Started process (PID=137449) to work on /home/cloud/codings/airflow/dags/list_s3_bucket_files_dag.py
[2026-02-07T08:54:19.001+0000] {processor.py:830} INFO - Processing file /home/cloud/codings/airflow/dags/list_s3_bucket_files_dag.py for tasks to queue
[2026-02-07T08:54:19.003+0000] {logging_mixin.py:188} INFO - [2026-02-07T08:54:19.002+0000] {dagbag.py:545} INFO - Filling up the DagBag from /home/cloud/codings/airflow/dags/list_s3_bucket_files_dag.py
[2026-02-07T08:54:19.018+0000] {processor.py:840} INFO - DAG(s) 'list_s3_bucket_files_dag' retrieved from /home/cloud/codings/airflow/dags/list_s3_bucket_files_dag.py
[2026-02-07T08:54:19.047+0000] {logging_mixin.py:188} INFO - [2026-02-07T08:54:19.046+0000] {dag.py:3089} INFO - Sync 1 DAGs
[2026-02-07T08:54:19.064+0000] {logging_mixin.py:188} INFO - [2026-02-07T08:54:19.064+0000] {dag.py:3947} INFO - Setting next_dagrun for list_s3_bucket_files_dag to None, run_after=None
[2026-02-07T08:54:19.095+0000] {processor.py:183} INFO - Processing /home/cloud/codings/airflow/dags/list_s3_bucket_files_dag.py took 0.103 seconds
[2026-02-07T08:54:50.937+0000] {processor.py:161} INFO - Started process (PID=137669) to work on /home/cloud/codings/airflow/dags/list_s3_bucket_files_dag.py
[2026-02-07T08:54:50.943+0000] {processor.py:830} INFO - Processing file /home/cloud/codings/airflow/dags/list_s3_bucket_files_dag.py for tasks to queue
[2026-02-07T08:54:50.944+0000] {logging_mixin.py:188} INFO - [2026-02-07T08:54:50.944+0000] {dagbag.py:545} INFO - Filling up the DagBag from /home/cloud/codings/airflow/dags/list_s3_bucket_files_dag.py
[2026-02-07T08:54:50.956+0000] {processor.py:840} INFO - DAG(s) 'list_s3_bucket_files_dag' retrieved from /home/cloud/codings/airflow/dags/list_s3_bucket_files_dag.py
[2026-02-07T08:54:50.981+0000] {logging_mixin.py:188} INFO - [2026-02-07T08:54:50.981+0000] {dag.py:3089} INFO - Sync 1 DAGs
[2026-02-07T08:54:50.996+0000] {logging_mixin.py:188} INFO - [2026-02-07T08:54:50.996+0000] {dag.py:3947} INFO - Setting next_dagrun for list_s3_bucket_files_dag to None, run_after=None
[2026-02-07T08:54:51.024+0000] {processor.py:183} INFO - Processing /home/cloud/codings/airflow/dags/list_s3_bucket_files_dag.py took 0.095 seconds
[2026-02-07T08:55:21.450+0000] {processor.py:161} INFO - Started process (PID=137891) to work on /home/cloud/codings/airflow/dags/list_s3_bucket_files_dag.py
[2026-02-07T08:55:21.451+0000] {processor.py:830} INFO - Processing file /home/cloud/codings/airflow/dags/list_s3_bucket_files_dag.py for tasks to queue
[2026-02-07T08:55:21.453+0000] {logging_mixin.py:188} INFO - [2026-02-07T08:55:21.452+0000] {dagbag.py:545} INFO - Filling up the DagBag from /home/cloud/codings/airflow/dags/list_s3_bucket_files_dag.py
[2026-02-07T08:55:21.470+0000] {processor.py:840} INFO - DAG(s) 'list_s3_bucket_files_dag' retrieved from /home/cloud/codings/airflow/dags/list_s3_bucket_files_dag.py
[2026-02-07T08:55:21.501+0000] {logging_mixin.py:188} INFO - [2026-02-07T08:55:21.501+0000] {dag.py:3089} INFO - Sync 1 DAGs
[2026-02-07T08:55:21.528+0000] {logging_mixin.py:188} INFO - [2026-02-07T08:55:21.527+0000] {dag.py:3947} INFO - Setting next_dagrun for list_s3_bucket_files_dag to None, run_after=None
[2026-02-07T08:55:21.568+0000] {processor.py:183} INFO - Processing /home/cloud/codings/airflow/dags/list_s3_bucket_files_dag.py took 0.129 seconds
[2026-02-07T08:55:51.689+0000] {processor.py:161} INFO - Started process (PID=138107) to work on /home/cloud/codings/airflow/dags/list_s3_bucket_files_dag.py
[2026-02-07T08:55:51.690+0000] {processor.py:830} INFO - Processing file /home/cloud/codings/airflow/dags/list_s3_bucket_files_dag.py for tasks to queue
[2026-02-07T08:55:51.691+0000] {logging_mixin.py:188} INFO - [2026-02-07T08:55:51.691+0000] {dagbag.py:545} INFO - Filling up the DagBag from /home/cloud/codings/airflow/dags/list_s3_bucket_files_dag.py
[2026-02-07T08:55:51.705+0000] {processor.py:840} INFO - DAG(s) 'list_s3_bucket_files_dag' retrieved from /home/cloud/codings/airflow/dags/list_s3_bucket_files_dag.py
[2026-02-07T08:55:51.737+0000] {logging_mixin.py:188} INFO - [2026-02-07T08:55:51.737+0000] {dag.py:3089} INFO - Sync 1 DAGs
[2026-02-07T08:55:51.764+0000] {logging_mixin.py:188} INFO - [2026-02-07T08:55:51.764+0000] {dag.py:3947} INFO - Setting next_dagrun for list_s3_bucket_files_dag to None, run_after=None
[2026-02-07T08:55:51.797+0000] {processor.py:183} INFO - Processing /home/cloud/codings/airflow/dags/list_s3_bucket_files_dag.py took 0.116 seconds
[2026-02-07T08:56:22.252+0000] {processor.py:161} INFO - Started process (PID=138323) to work on /home/cloud/codings/airflow/dags/list_s3_bucket_files_dag.py
[2026-02-07T08:56:22.253+0000] {processor.py:830} INFO - Processing file /home/cloud/codings/airflow/dags/list_s3_bucket_files_dag.py for tasks to queue
[2026-02-07T08:56:22.255+0000] {logging_mixin.py:188} INFO - [2026-02-07T08:56:22.254+0000] {dagbag.py:545} INFO - Filling up the DagBag from /home/cloud/codings/airflow/dags/list_s3_bucket_files_dag.py
[2026-02-07T08:56:22.270+0000] {processor.py:840} INFO - DAG(s) 'list_s3_bucket_files_dag' retrieved from /home/cloud/codings/airflow/dags/list_s3_bucket_files_dag.py
[2026-02-07T08:56:22.305+0000] {logging_mixin.py:188} INFO - [2026-02-07T08:56:22.304+0000] {dag.py:3089} INFO - Sync 1 DAGs
[2026-02-07T08:56:22.325+0000] {logging_mixin.py:188} INFO - [2026-02-07T08:56:22.325+0000] {dag.py:3947} INFO - Setting next_dagrun for list_s3_bucket_files_dag to None, run_after=None
[2026-02-07T08:56:22.568+0000] {processor.py:183} INFO - Processing /home/cloud/codings/airflow/dags/list_s3_bucket_files_dag.py took 0.325 seconds
[2026-02-07T08:56:53.582+0000] {processor.py:161} INFO - Started process (PID=138545) to work on /home/cloud/codings/airflow/dags/list_s3_bucket_files_dag.py
[2026-02-07T08:56:53.584+0000] {processor.py:830} INFO - Processing file /home/cloud/codings/airflow/dags/list_s3_bucket_files_dag.py for tasks to queue
[2026-02-07T08:56:53.585+0000] {logging_mixin.py:188} INFO - [2026-02-07T08:56:53.585+0000] {dagbag.py:545} INFO - Filling up the DagBag from /home/cloud/codings/airflow/dags/list_s3_bucket_files_dag.py
[2026-02-07T08:56:53.599+0000] {processor.py:840} INFO - DAG(s) 'list_s3_bucket_files_dag' retrieved from /home/cloud/codings/airflow/dags/list_s3_bucket_files_dag.py
[2026-02-07T08:56:53.632+0000] {logging_mixin.py:188} INFO - [2026-02-07T08:56:53.631+0000] {dag.py:3089} INFO - Sync 1 DAGs
[2026-02-07T08:56:53.860+0000] {logging_mixin.py:188} INFO - [2026-02-07T08:56:53.860+0000] {dag.py:3947} INFO - Setting next_dagrun for list_s3_bucket_files_dag to None, run_after=None
[2026-02-07T08:56:53.889+0000] {processor.py:183} INFO - Processing /home/cloud/codings/airflow/dags/list_s3_bucket_files_dag.py took 0.317 seconds
[2026-02-07T08:57:24.694+0000] {processor.py:161} INFO - Started process (PID=138757) to work on /home/cloud/codings/airflow/dags/list_s3_bucket_files_dag.py
[2026-02-07T08:57:24.696+0000] {processor.py:830} INFO - Processing file /home/cloud/codings/airflow/dags/list_s3_bucket_files_dag.py for tasks to queue
[2026-02-07T08:57:24.697+0000] {logging_mixin.py:188} INFO - [2026-02-07T08:57:24.697+0000] {dagbag.py:545} INFO - Filling up the DagBag from /home/cloud/codings/airflow/dags/list_s3_bucket_files_dag.py
[2026-02-07T08:57:24.712+0000] {processor.py:840} INFO - DAG(s) 'list_s3_bucket_files_dag' retrieved from /home/cloud/codings/airflow/dags/list_s3_bucket_files_dag.py
[2026-02-07T08:57:24.741+0000] {logging_mixin.py:188} INFO - [2026-02-07T08:57:24.741+0000] {dag.py:3089} INFO - Sync 1 DAGs
[2026-02-07T08:57:24.973+0000] {logging_mixin.py:188} INFO - [2026-02-07T08:57:24.972+0000] {dag.py:3947} INFO - Setting next_dagrun for list_s3_bucket_files_dag to None, run_after=None
[2026-02-07T08:57:24.997+0000] {processor.py:183} INFO - Processing /home/cloud/codings/airflow/dags/list_s3_bucket_files_dag.py took 0.318 seconds
[2026-02-07T08:57:55.872+0000] {processor.py:161} INFO - Started process (PID=138950) to work on /home/cloud/codings/airflow/dags/list_s3_bucket_files_dag.py
[2026-02-07T08:57:55.878+0000] {processor.py:830} INFO - Processing file /home/cloud/codings/airflow/dags/list_s3_bucket_files_dag.py for tasks to queue
[2026-02-07T08:57:55.879+0000] {logging_mixin.py:188} INFO - [2026-02-07T08:57:55.879+0000] {dagbag.py:545} INFO - Filling up the DagBag from /home/cloud/codings/airflow/dags/list_s3_bucket_files_dag.py
[2026-02-07T08:57:55.899+0000] {processor.py:840} INFO - DAG(s) 'list_s3_bucket_files_dag' retrieved from /home/cloud/codings/airflow/dags/list_s3_bucket_files_dag.py
[2026-02-07T08:57:55.952+0000] {logging_mixin.py:188} INFO - [2026-02-07T08:57:55.951+0000] {dag.py:3089} INFO - Sync 1 DAGs
[2026-02-07T08:57:55.977+0000] {logging_mixin.py:188} INFO - [2026-02-07T08:57:55.977+0000] {dag.py:3947} INFO - Setting next_dagrun for list_s3_bucket_files_dag to None, run_after=None
[2026-02-07T08:57:56.013+0000] {processor.py:183} INFO - Processing /home/cloud/codings/airflow/dags/list_s3_bucket_files_dag.py took 0.149 seconds
[2026-02-07T08:58:26.895+0000] {processor.py:161} INFO - Started process (PID=139319) to work on /home/cloud/codings/airflow/dags/list_s3_bucket_files_dag.py
[2026-02-07T08:58:26.897+0000] {processor.py:830} INFO - Processing file /home/cloud/codings/airflow/dags/list_s3_bucket_files_dag.py for tasks to queue
[2026-02-07T08:58:26.898+0000] {logging_mixin.py:188} INFO - [2026-02-07T08:58:26.897+0000] {dagbag.py:545} INFO - Filling up the DagBag from /home/cloud/codings/airflow/dags/list_s3_bucket_files_dag.py
[2026-02-07T08:58:26.920+0000] {processor.py:840} INFO - DAG(s) 'list_s3_bucket_files_dag' retrieved from /home/cloud/codings/airflow/dags/list_s3_bucket_files_dag.py
[2026-02-07T08:58:26.954+0000] {logging_mixin.py:188} INFO - [2026-02-07T08:58:26.954+0000] {dag.py:3089} INFO - Sync 1 DAGs
[2026-02-07T08:58:26.974+0000] {logging_mixin.py:188} INFO - [2026-02-07T08:58:26.974+0000] {dag.py:3947} INFO - Setting next_dagrun for list_s3_bucket_files_dag to None, run_after=None
[2026-02-07T08:58:27.005+0000] {processor.py:183} INFO - Processing /home/cloud/codings/airflow/dags/list_s3_bucket_files_dag.py took 0.118 seconds
[2026-02-07T08:58:57.882+0000] {processor.py:161} INFO - Started process (PID=139619) to work on /home/cloud/codings/airflow/dags/list_s3_bucket_files_dag.py
[2026-02-07T08:58:57.887+0000] {processor.py:830} INFO - Processing file /home/cloud/codings/airflow/dags/list_s3_bucket_files_dag.py for tasks to queue
[2026-02-07T08:58:57.889+0000] {logging_mixin.py:188} INFO - [2026-02-07T08:58:57.889+0000] {dagbag.py:545} INFO - Filling up the DagBag from /home/cloud/codings/airflow/dags/list_s3_bucket_files_dag.py
[2026-02-07T08:58:57.903+0000] {processor.py:840} INFO - DAG(s) 'list_s3_bucket_files_dag' retrieved from /home/cloud/codings/airflow/dags/list_s3_bucket_files_dag.py
[2026-02-07T08:58:57.927+0000] {logging_mixin.py:188} INFO - [2026-02-07T08:58:57.926+0000] {dag.py:3089} INFO - Sync 1 DAGs
[2026-02-07T08:58:57.944+0000] {logging_mixin.py:188} INFO - [2026-02-07T08:58:57.944+0000] {dag.py:3947} INFO - Setting next_dagrun for list_s3_bucket_files_dag to None, run_after=None
[2026-02-07T08:58:57.975+0000] {processor.py:183} INFO - Processing /home/cloud/codings/airflow/dags/list_s3_bucket_files_dag.py took 0.101 seconds
[2026-02-07T08:59:28.927+0000] {processor.py:161} INFO - Started process (PID=139965) to work on /home/cloud/codings/airflow/dags/list_s3_bucket_files_dag.py
[2026-02-07T08:59:28.929+0000] {processor.py:830} INFO - Processing file /home/cloud/codings/airflow/dags/list_s3_bucket_files_dag.py for tasks to queue
[2026-02-07T08:59:28.930+0000] {logging_mixin.py:188} INFO - [2026-02-07T08:59:28.929+0000] {dagbag.py:545} INFO - Filling up the DagBag from /home/cloud/codings/airflow/dags/list_s3_bucket_files_dag.py
[2026-02-07T08:59:28.941+0000] {processor.py:840} INFO - DAG(s) 'list_s3_bucket_files_dag' retrieved from /home/cloud/codings/airflow/dags/list_s3_bucket_files_dag.py
[2026-02-07T08:59:28.964+0000] {logging_mixin.py:188} INFO - [2026-02-07T08:59:28.964+0000] {dag.py:3089} INFO - Sync 1 DAGs
[2026-02-07T08:59:28.980+0000] {logging_mixin.py:188} INFO - [2026-02-07T08:59:28.979+0000] {dag.py:3947} INFO - Setting next_dagrun for list_s3_bucket_files_dag to None, run_after=None
[2026-02-07T08:59:29.005+0000] {processor.py:183} INFO - Processing /home/cloud/codings/airflow/dags/list_s3_bucket_files_dag.py took 0.085 seconds
[2026-02-07T08:59:59.141+0000] {processor.py:161} INFO - Started process (PID=140244) to work on /home/cloud/codings/airflow/dags/list_s3_bucket_files_dag.py
[2026-02-07T08:59:59.142+0000] {processor.py:830} INFO - Processing file /home/cloud/codings/airflow/dags/list_s3_bucket_files_dag.py for tasks to queue
[2026-02-07T08:59:59.143+0000] {logging_mixin.py:188} INFO - [2026-02-07T08:59:59.142+0000] {dagbag.py:545} INFO - Filling up the DagBag from /home/cloud/codings/airflow/dags/list_s3_bucket_files_dag.py
[2026-02-07T08:59:59.153+0000] {processor.py:840} INFO - DAG(s) 'list_s3_bucket_files_dag' retrieved from /home/cloud/codings/airflow/dags/list_s3_bucket_files_dag.py
[2026-02-07T08:59:59.173+0000] {logging_mixin.py:188} INFO - [2026-02-07T08:59:59.173+0000] {dag.py:3089} INFO - Sync 1 DAGs
[2026-02-07T08:59:59.188+0000] {logging_mixin.py:188} INFO - [2026-02-07T08:59:59.188+0000] {dag.py:3947} INFO - Setting next_dagrun for list_s3_bucket_files_dag to None, run_after=None
[2026-02-07T08:59:59.214+0000] {processor.py:183} INFO - Processing /home/cloud/codings/airflow/dags/list_s3_bucket_files_dag.py took 0.079 seconds
[2026-02-07T09:00:29.352+0000] {processor.py:161} INFO - Started process (PID=140539) to work on /home/cloud/codings/airflow/dags/list_s3_bucket_files_dag.py
[2026-02-07T09:00:29.354+0000] {processor.py:830} INFO - Processing file /home/cloud/codings/airflow/dags/list_s3_bucket_files_dag.py for tasks to queue
[2026-02-07T09:00:29.355+0000] {logging_mixin.py:188} INFO - [2026-02-07T09:00:29.354+0000] {dagbag.py:545} INFO - Filling up the DagBag from /home/cloud/codings/airflow/dags/list_s3_bucket_files_dag.py
[2026-02-07T09:00:29.368+0000] {processor.py:840} INFO - DAG(s) 'list_s3_bucket_files_dag' retrieved from /home/cloud/codings/airflow/dags/list_s3_bucket_files_dag.py
[2026-02-07T09:00:29.396+0000] {logging_mixin.py:188} INFO - [2026-02-07T09:00:29.396+0000] {dag.py:3089} INFO - Sync 1 DAGs
[2026-02-07T09:00:29.416+0000] {logging_mixin.py:188} INFO - [2026-02-07T09:00:29.416+0000] {dag.py:3947} INFO - Setting next_dagrun for list_s3_bucket_files_dag to None, run_after=None
[2026-02-07T09:00:29.445+0000] {processor.py:183} INFO - Processing /home/cloud/codings/airflow/dags/list_s3_bucket_files_dag.py took 0.102 seconds
[2026-02-07T09:01:00.605+0000] {processor.py:161} INFO - Started process (PID=140763) to work on /home/cloud/codings/airflow/dags/list_s3_bucket_files_dag.py
[2026-02-07T09:01:00.607+0000] {processor.py:830} INFO - Processing file /home/cloud/codings/airflow/dags/list_s3_bucket_files_dag.py for tasks to queue
[2026-02-07T09:01:00.610+0000] {logging_mixin.py:188} INFO - [2026-02-07T09:01:00.609+0000] {dagbag.py:545} INFO - Filling up the DagBag from /home/cloud/codings/airflow/dags/list_s3_bucket_files_dag.py
[2026-02-07T09:01:00.649+0000] {processor.py:840} INFO - DAG(s) 'list_s3_bucket_files_dag' retrieved from /home/cloud/codings/airflow/dags/list_s3_bucket_files_dag.py
[2026-02-07T09:01:00.761+0000] {logging_mixin.py:188} INFO - [2026-02-07T09:01:00.760+0000] {dag.py:3089} INFO - Sync 1 DAGs
[2026-02-07T09:01:00.792+0000] {logging_mixin.py:188} INFO - [2026-02-07T09:01:00.791+0000] {dag.py:3947} INFO - Setting next_dagrun for list_s3_bucket_files_dag to None, run_after=None
[2026-02-07T09:01:01.627+0000] {processor.py:183} INFO - Processing /home/cloud/codings/airflow/dags/list_s3_bucket_files_dag.py took 1.046 seconds
[2026-02-07T09:01:32.584+0000] {processor.py:161} INFO - Started process (PID=140977) to work on /home/cloud/codings/airflow/dags/list_s3_bucket_files_dag.py
[2026-02-07T09:01:32.586+0000] {processor.py:830} INFO - Processing file /home/cloud/codings/airflow/dags/list_s3_bucket_files_dag.py for tasks to queue
[2026-02-07T09:01:32.589+0000] {logging_mixin.py:188} INFO - [2026-02-07T09:01:32.588+0000] {dagbag.py:545} INFO - Filling up the DagBag from /home/cloud/codings/airflow/dags/list_s3_bucket_files_dag.py
[2026-02-07T09:01:32.611+0000] {processor.py:840} INFO - DAG(s) 'list_s3_bucket_files_dag' retrieved from /home/cloud/codings/airflow/dags/list_s3_bucket_files_dag.py
[2026-02-07T09:01:32.652+0000] {logging_mixin.py:188} INFO - [2026-02-07T09:01:32.651+0000] {dag.py:3089} INFO - Sync 1 DAGs
[2026-02-07T09:01:32.871+0000] {logging_mixin.py:188} INFO - [2026-02-07T09:01:32.870+0000] {dag.py:3947} INFO - Setting next_dagrun for list_s3_bucket_files_dag to None, run_after=None
[2026-02-07T09:01:32.898+0000] {processor.py:183} INFO - Processing /home/cloud/codings/airflow/dags/list_s3_bucket_files_dag.py took 0.329 seconds
[2026-02-07T09:02:03.809+0000] {processor.py:161} INFO - Started process (PID=141197) to work on /home/cloud/codings/airflow/dags/list_s3_bucket_files_dag.py
[2026-02-07T09:02:03.811+0000] {processor.py:830} INFO - Processing file /home/cloud/codings/airflow/dags/list_s3_bucket_files_dag.py for tasks to queue
[2026-02-07T09:02:03.813+0000] {logging_mixin.py:188} INFO - [2026-02-07T09:02:03.813+0000] {dagbag.py:545} INFO - Filling up the DagBag from /home/cloud/codings/airflow/dags/list_s3_bucket_files_dag.py
[2026-02-07T09:02:03.828+0000] {processor.py:840} INFO - DAG(s) 'list_s3_bucket_files_dag' retrieved from /home/cloud/codings/airflow/dags/list_s3_bucket_files_dag.py
[2026-02-07T09:02:03.856+0000] {logging_mixin.py:188} INFO - [2026-02-07T09:02:03.856+0000] {dag.py:3089} INFO - Sync 1 DAGs
[2026-02-07T09:02:04.072+0000] {logging_mixin.py:188} INFO - [2026-02-07T09:02:04.072+0000] {dag.py:3947} INFO - Setting next_dagrun for list_s3_bucket_files_dag to None, run_after=None
[2026-02-07T09:02:04.100+0000] {processor.py:183} INFO - Processing /home/cloud/codings/airflow/dags/list_s3_bucket_files_dag.py took 0.299 seconds
[2026-02-07T09:02:34.853+0000] {processor.py:161} INFO - Started process (PID=141437) to work on /home/cloud/codings/airflow/dags/list_s3_bucket_files_dag.py
[2026-02-07T09:02:34.854+0000] {processor.py:830} INFO - Processing file /home/cloud/codings/airflow/dags/list_s3_bucket_files_dag.py for tasks to queue
[2026-02-07T09:02:34.856+0000] {logging_mixin.py:188} INFO - [2026-02-07T09:02:34.855+0000] {dagbag.py:545} INFO - Filling up the DagBag from /home/cloud/codings/airflow/dags/list_s3_bucket_files_dag.py
[2026-02-07T09:02:34.868+0000] {processor.py:840} INFO - DAG(s) 'list_s3_bucket_files_dag' retrieved from /home/cloud/codings/airflow/dags/list_s3_bucket_files_dag.py
[2026-02-07T09:02:34.894+0000] {logging_mixin.py:188} INFO - [2026-02-07T09:02:34.893+0000] {dag.py:3089} INFO - Sync 1 DAGs
[2026-02-07T09:02:34.912+0000] {logging_mixin.py:188} INFO - [2026-02-07T09:02:34.911+0000] {dag.py:3947} INFO - Setting next_dagrun for list_s3_bucket_files_dag to None, run_after=None
[2026-02-07T09:02:34.943+0000] {processor.py:183} INFO - Processing /home/cloud/codings/airflow/dags/list_s3_bucket_files_dag.py took 0.097 seconds
[2026-02-07T09:03:05.778+0000] {processor.py:161} INFO - Started process (PID=141753) to work on /home/cloud/codings/airflow/dags/list_s3_bucket_files_dag.py
[2026-02-07T09:03:05.779+0000] {processor.py:830} INFO - Processing file /home/cloud/codings/airflow/dags/list_s3_bucket_files_dag.py for tasks to queue
[2026-02-07T09:03:05.780+0000] {logging_mixin.py:188} INFO - [2026-02-07T09:03:05.780+0000] {dagbag.py:545} INFO - Filling up the DagBag from /home/cloud/codings/airflow/dags/list_s3_bucket_files_dag.py
[2026-02-07T09:03:05.791+0000] {processor.py:840} INFO - DAG(s) 'list_s3_bucket_files_dag' retrieved from /home/cloud/codings/airflow/dags/list_s3_bucket_files_dag.py
[2026-02-07T09:03:05.812+0000] {logging_mixin.py:188} INFO - [2026-02-07T09:03:05.812+0000] {dag.py:3089} INFO - Sync 1 DAGs
[2026-02-07T09:03:05.826+0000] {logging_mixin.py:188} INFO - [2026-02-07T09:03:05.826+0000] {dag.py:3947} INFO - Setting next_dagrun for list_s3_bucket_files_dag to None, run_after=None
[2026-02-07T09:03:05.851+0000] {processor.py:183} INFO - Processing /home/cloud/codings/airflow/dags/list_s3_bucket_files_dag.py took 0.080 seconds
[2026-02-07T09:03:36.726+0000] {processor.py:161} INFO - Started process (PID=142020) to work on /home/cloud/codings/airflow/dags/list_s3_bucket_files_dag.py
[2026-02-07T09:03:36.732+0000] {processor.py:830} INFO - Processing file /home/cloud/codings/airflow/dags/list_s3_bucket_files_dag.py for tasks to queue
[2026-02-07T09:03:36.737+0000] {logging_mixin.py:188} INFO - [2026-02-07T09:03:36.733+0000] {dagbag.py:545} INFO - Filling up the DagBag from /home/cloud/codings/airflow/dags/list_s3_bucket_files_dag.py
[2026-02-07T09:03:36.776+0000] {processor.py:840} INFO - DAG(s) 'list_s3_bucket_files_dag' retrieved from /home/cloud/codings/airflow/dags/list_s3_bucket_files_dag.py
[2026-02-07T09:03:36.832+0000] {logging_mixin.py:188} INFO - [2026-02-07T09:03:36.832+0000] {dag.py:3089} INFO - Sync 1 DAGs
[2026-02-07T09:03:36.892+0000] {logging_mixin.py:188} INFO - [2026-02-07T09:03:36.892+0000] {dag.py:3947} INFO - Setting next_dagrun for list_s3_bucket_files_dag to None, run_after=None
[2026-02-07T09:03:36.946+0000] {processor.py:183} INFO - Processing /home/cloud/codings/airflow/dags/list_s3_bucket_files_dag.py took 0.234 seconds
[2026-02-07T09:04:07.986+0000] {processor.py:161} INFO - Started process (PID=142237) to work on /home/cloud/codings/airflow/dags/list_s3_bucket_files_dag.py
[2026-02-07T09:04:07.987+0000] {processor.py:830} INFO - Processing file /home/cloud/codings/airflow/dags/list_s3_bucket_files_dag.py for tasks to queue
[2026-02-07T09:04:07.989+0000] {logging_mixin.py:188} INFO - [2026-02-07T09:04:07.988+0000] {dagbag.py:545} INFO - Filling up the DagBag from /home/cloud/codings/airflow/dags/list_s3_bucket_files_dag.py
[2026-02-07T09:04:08.007+0000] {processor.py:840} INFO - DAG(s) 'list_s3_bucket_files_dag' retrieved from /home/cloud/codings/airflow/dags/list_s3_bucket_files_dag.py
[2026-02-07T09:04:08.044+0000] {logging_mixin.py:188} INFO - [2026-02-07T09:04:08.044+0000] {dag.py:3089} INFO - Sync 1 DAGs
[2026-02-07T09:04:08.066+0000] {logging_mixin.py:188} INFO - [2026-02-07T09:04:08.066+0000] {dag.py:3947} INFO - Setting next_dagrun for list_s3_bucket_files_dag to None, run_after=None
[2026-02-07T09:04:08.099+0000] {processor.py:183} INFO - Processing /home/cloud/codings/airflow/dags/list_s3_bucket_files_dag.py took 0.122 seconds
[2026-02-07T09:04:38.476+0000] {processor.py:161} INFO - Started process (PID=142490) to work on /home/cloud/codings/airflow/dags/list_s3_bucket_files_dag.py
[2026-02-07T09:04:38.481+0000] {processor.py:830} INFO - Processing file /home/cloud/codings/airflow/dags/list_s3_bucket_files_dag.py for tasks to queue
[2026-02-07T09:04:38.482+0000] {logging_mixin.py:188} INFO - [2026-02-07T09:04:38.481+0000] {dagbag.py:545} INFO - Filling up the DagBag from /home/cloud/codings/airflow/dags/list_s3_bucket_files_dag.py
[2026-02-07T09:04:38.496+0000] {processor.py:840} INFO - DAG(s) 'list_s3_bucket_files_dag' retrieved from /home/cloud/codings/airflow/dags/list_s3_bucket_files_dag.py
[2026-02-07T09:04:38.521+0000] {logging_mixin.py:188} INFO - [2026-02-07T09:04:38.521+0000] {dag.py:3089} INFO - Sync 1 DAGs
[2026-02-07T09:04:38.537+0000] {logging_mixin.py:188} INFO - [2026-02-07T09:04:38.537+0000] {dag.py:3947} INFO - Setting next_dagrun for list_s3_bucket_files_dag to None, run_after=None
[2026-02-07T09:04:38.567+0000] {processor.py:183} INFO - Processing /home/cloud/codings/airflow/dags/list_s3_bucket_files_dag.py took 0.098 seconds
[2026-02-07T09:05:08.697+0000] {processor.py:161} INFO - Started process (PID=142707) to work on /home/cloud/codings/airflow/dags/list_s3_bucket_files_dag.py
[2026-02-07T09:05:08.698+0000] {processor.py:830} INFO - Processing file /home/cloud/codings/airflow/dags/list_s3_bucket_files_dag.py for tasks to queue
[2026-02-07T09:05:08.700+0000] {logging_mixin.py:188} INFO - [2026-02-07T09:05:08.700+0000] {dagbag.py:545} INFO - Filling up the DagBag from /home/cloud/codings/airflow/dags/list_s3_bucket_files_dag.py
[2026-02-07T09:05:08.711+0000] {processor.py:840} INFO - DAG(s) 'list_s3_bucket_files_dag' retrieved from /home/cloud/codings/airflow/dags/list_s3_bucket_files_dag.py
[2026-02-07T09:05:08.739+0000] {logging_mixin.py:188} INFO - [2026-02-07T09:05:08.739+0000] {dag.py:3089} INFO - Sync 1 DAGs
[2026-02-07T09:05:08.756+0000] {logging_mixin.py:188} INFO - [2026-02-07T09:05:08.756+0000] {dag.py:3947} INFO - Setting next_dagrun for list_s3_bucket_files_dag to None, run_after=None
[2026-02-07T09:05:08.783+0000] {processor.py:183} INFO - Processing /home/cloud/codings/airflow/dags/list_s3_bucket_files_dag.py took 0.092 seconds
[2026-02-07T09:05:39.144+0000] {processor.py:161} INFO - Started process (PID=142918) to work on /home/cloud/codings/airflow/dags/list_s3_bucket_files_dag.py
[2026-02-07T09:05:39.147+0000] {processor.py:830} INFO - Processing file /home/cloud/codings/airflow/dags/list_s3_bucket_files_dag.py for tasks to queue
[2026-02-07T09:05:39.149+0000] {logging_mixin.py:188} INFO - [2026-02-07T09:05:39.148+0000] {dagbag.py:545} INFO - Filling up the DagBag from /home/cloud/codings/airflow/dags/list_s3_bucket_files_dag.py
[2026-02-07T09:05:39.166+0000] {processor.py:840} INFO - DAG(s) 'list_s3_bucket_files_dag' retrieved from /home/cloud/codings/airflow/dags/list_s3_bucket_files_dag.py
[2026-02-07T09:05:39.198+0000] {logging_mixin.py:188} INFO - [2026-02-07T09:05:39.198+0000] {dag.py:3089} INFO - Sync 1 DAGs
[2026-02-07T09:05:39.223+0000] {logging_mixin.py:188} INFO - [2026-02-07T09:05:39.222+0000] {dag.py:3947} INFO - Setting next_dagrun for list_s3_bucket_files_dag to None, run_after=None
[2026-02-07T09:05:39.456+0000] {processor.py:183} INFO - Processing /home/cloud/codings/airflow/dags/list_s3_bucket_files_dag.py took 0.327 seconds
[2026-02-07T09:06:09.641+0000] {processor.py:161} INFO - Started process (PID=143141) to work on /home/cloud/codings/airflow/dags/list_s3_bucket_files_dag.py
[2026-02-07T09:06:09.646+0000] {processor.py:830} INFO - Processing file /home/cloud/codings/airflow/dags/list_s3_bucket_files_dag.py for tasks to queue
[2026-02-07T09:06:09.647+0000] {logging_mixin.py:188} INFO - [2026-02-07T09:06:09.646+0000] {dagbag.py:545} INFO - Filling up the DagBag from /home/cloud/codings/airflow/dags/list_s3_bucket_files_dag.py
[2026-02-07T09:06:09.660+0000] {processor.py:840} INFO - DAG(s) 'list_s3_bucket_files_dag' retrieved from /home/cloud/codings/airflow/dags/list_s3_bucket_files_dag.py
[2026-02-07T09:06:09.684+0000] {logging_mixin.py:188} INFO - [2026-02-07T09:06:09.684+0000] {dag.py:3089} INFO - Sync 1 DAGs
[2026-02-07T09:06:09.857+0000] {logging_mixin.py:188} INFO - [2026-02-07T09:06:09.856+0000] {dag.py:3947} INFO - Setting next_dagrun for list_s3_bucket_files_dag to None, run_after=None
[2026-02-07T09:06:09.883+0000] {processor.py:183} INFO - Processing /home/cloud/codings/airflow/dags/list_s3_bucket_files_dag.py took 0.250 seconds
[2026-02-07T09:06:40.815+0000] {processor.py:161} INFO - Started process (PID=143496) to work on /home/cloud/codings/airflow/dags/list_s3_bucket_files_dag.py
[2026-02-07T09:06:40.817+0000] {processor.py:830} INFO - Processing file /home/cloud/codings/airflow/dags/list_s3_bucket_files_dag.py for tasks to queue
[2026-02-07T09:06:40.819+0000] {logging_mixin.py:188} INFO - [2026-02-07T09:06:40.818+0000] {dagbag.py:545} INFO - Filling up the DagBag from /home/cloud/codings/airflow/dags/list_s3_bucket_files_dag.py
[2026-02-07T09:06:40.832+0000] {processor.py:840} INFO - DAG(s) 'list_s3_bucket_files_dag' retrieved from /home/cloud/codings/airflow/dags/list_s3_bucket_files_dag.py
[2026-02-07T09:06:41.038+0000] {logging_mixin.py:188} INFO - [2026-02-07T09:06:41.037+0000] {dag.py:3089} INFO - Sync 1 DAGs
[2026-02-07T09:06:41.049+0000] {logging_mixin.py:188} INFO - [2026-02-07T09:06:41.049+0000] {dag.py:3947} INFO - Setting next_dagrun for list_s3_bucket_files_dag to None, run_after=None
[2026-02-07T09:06:41.074+0000] {processor.py:183} INFO - Processing /home/cloud/codings/airflow/dags/list_s3_bucket_files_dag.py took 0.268 seconds
[2026-02-07T09:07:11.988+0000] {processor.py:161} INFO - Started process (PID=143805) to work on /home/cloud/codings/airflow/dags/list_s3_bucket_files_dag.py
[2026-02-07T09:07:11.990+0000] {processor.py:830} INFO - Processing file /home/cloud/codings/airflow/dags/list_s3_bucket_files_dag.py for tasks to queue
[2026-02-07T09:07:11.991+0000] {logging_mixin.py:188} INFO - [2026-02-07T09:07:11.990+0000] {dagbag.py:545} INFO - Filling up the DagBag from /home/cloud/codings/airflow/dags/list_s3_bucket_files_dag.py
[2026-02-07T09:07:12.007+0000] {processor.py:840} INFO - DAG(s) 'list_s3_bucket_files_dag' retrieved from /home/cloud/codings/airflow/dags/list_s3_bucket_files_dag.py
[2026-02-07T09:07:12.037+0000] {logging_mixin.py:188} INFO - [2026-02-07T09:07:12.036+0000] {dag.py:3089} INFO - Sync 1 DAGs
[2026-02-07T09:07:12.060+0000] {logging_mixin.py:188} INFO - [2026-02-07T09:07:12.060+0000] {dag.py:3947} INFO - Setting next_dagrun for list_s3_bucket_files_dag to None, run_after=None
[2026-02-07T09:07:12.099+0000] {processor.py:183} INFO - Processing /home/cloud/codings/airflow/dags/list_s3_bucket_files_dag.py took 0.120 seconds
[2026-02-07T09:07:43.030+0000] {processor.py:161} INFO - Started process (PID=144053) to work on /home/cloud/codings/airflow/dags/list_s3_bucket_files_dag.py
[2026-02-07T09:07:43.031+0000] {processor.py:830} INFO - Processing file /home/cloud/codings/airflow/dags/list_s3_bucket_files_dag.py for tasks to queue
[2026-02-07T09:07:43.033+0000] {logging_mixin.py:188} INFO - [2026-02-07T09:07:43.032+0000] {dagbag.py:545} INFO - Filling up the DagBag from /home/cloud/codings/airflow/dags/list_s3_bucket_files_dag.py
[2026-02-07T09:07:43.044+0000] {processor.py:840} INFO - DAG(s) 'list_s3_bucket_files_dag' retrieved from /home/cloud/codings/airflow/dags/list_s3_bucket_files_dag.py
[2026-02-07T09:07:43.069+0000] {logging_mixin.py:188} INFO - [2026-02-07T09:07:43.069+0000] {dag.py:3089} INFO - Sync 1 DAGs
[2026-02-07T09:07:43.085+0000] {logging_mixin.py:188} INFO - [2026-02-07T09:07:43.085+0000] {dag.py:3947} INFO - Setting next_dagrun for list_s3_bucket_files_dag to None, run_after=None
[2026-02-07T09:07:43.116+0000] {processor.py:183} INFO - Processing /home/cloud/codings/airflow/dags/list_s3_bucket_files_dag.py took 0.094 seconds
[2026-02-07T09:08:14.134+0000] {processor.py:161} INFO - Started process (PID=144270) to work on /home/cloud/codings/airflow/dags/list_s3_bucket_files_dag.py
[2026-02-07T09:08:14.135+0000] {processor.py:830} INFO - Processing file /home/cloud/codings/airflow/dags/list_s3_bucket_files_dag.py for tasks to queue
[2026-02-07T09:08:14.136+0000] {logging_mixin.py:188} INFO - [2026-02-07T09:08:14.136+0000] {dagbag.py:545} INFO - Filling up the DagBag from /home/cloud/codings/airflow/dags/list_s3_bucket_files_dag.py
[2026-02-07T09:08:14.147+0000] {processor.py:840} INFO - DAG(s) 'list_s3_bucket_files_dag' retrieved from /home/cloud/codings/airflow/dags/list_s3_bucket_files_dag.py
[2026-02-07T09:08:14.169+0000] {logging_mixin.py:188} INFO - [2026-02-07T09:08:14.168+0000] {dag.py:3089} INFO - Sync 1 DAGs
[2026-02-07T09:08:14.183+0000] {logging_mixin.py:188} INFO - [2026-02-07T09:08:14.183+0000] {dag.py:3947} INFO - Setting next_dagrun for list_s3_bucket_files_dag to None, run_after=None
[2026-02-07T09:08:14.207+0000] {processor.py:183} INFO - Processing /home/cloud/codings/airflow/dags/list_s3_bucket_files_dag.py took 0.079 seconds
[2026-02-07T09:08:45.247+0000] {processor.py:161} INFO - Started process (PID=144487) to work on /home/cloud/codings/airflow/dags/list_s3_bucket_files_dag.py
[2026-02-07T09:08:45.253+0000] {processor.py:830} INFO - Processing file /home/cloud/codings/airflow/dags/list_s3_bucket_files_dag.py for tasks to queue
[2026-02-07T09:08:45.254+0000] {logging_mixin.py:188} INFO - [2026-02-07T09:08:45.254+0000] {dagbag.py:545} INFO - Filling up the DagBag from /home/cloud/codings/airflow/dags/list_s3_bucket_files_dag.py
[2026-02-07T09:08:45.272+0000] {processor.py:840} INFO - DAG(s) 'list_s3_bucket_files_dag' retrieved from /home/cloud/codings/airflow/dags/list_s3_bucket_files_dag.py
[2026-02-07T09:08:45.303+0000] {logging_mixin.py:188} INFO - [2026-02-07T09:08:45.303+0000] {dag.py:3089} INFO - Sync 1 DAGs
[2026-02-07T09:08:45.324+0000] {logging_mixin.py:188} INFO - [2026-02-07T09:08:45.324+0000] {dag.py:3947} INFO - Setting next_dagrun for list_s3_bucket_files_dag to None, run_after=None
[2026-02-07T09:08:45.362+0000] {processor.py:183} INFO - Processing /home/cloud/codings/airflow/dags/list_s3_bucket_files_dag.py took 0.125 seconds
[2026-02-07T09:09:16.303+0000] {processor.py:161} INFO - Started process (PID=144698) to work on /home/cloud/codings/airflow/dags/list_s3_bucket_files_dag.py
[2026-02-07T09:09:16.304+0000] {processor.py:830} INFO - Processing file /home/cloud/codings/airflow/dags/list_s3_bucket_files_dag.py for tasks to queue
[2026-02-07T09:09:16.305+0000] {logging_mixin.py:188} INFO - [2026-02-07T09:09:16.305+0000] {dagbag.py:545} INFO - Filling up the DagBag from /home/cloud/codings/airflow/dags/list_s3_bucket_files_dag.py
[2026-02-07T09:09:16.322+0000] {processor.py:840} INFO - DAG(s) 'list_s3_bucket_files_dag' retrieved from /home/cloud/codings/airflow/dags/list_s3_bucket_files_dag.py
[2026-02-07T09:09:16.353+0000] {logging_mixin.py:188} INFO - [2026-02-07T09:09:16.352+0000] {dag.py:3089} INFO - Sync 1 DAGs
[2026-02-07T09:09:16.374+0000] {logging_mixin.py:188} INFO - [2026-02-07T09:09:16.374+0000] {dag.py:3947} INFO - Setting next_dagrun for list_s3_bucket_files_dag to None, run_after=None
[2026-02-07T09:09:16.419+0000] {processor.py:183} INFO - Processing /home/cloud/codings/airflow/dags/list_s3_bucket_files_dag.py took 0.126 seconds
[2026-02-07T09:09:47.283+0000] {processor.py:161} INFO - Started process (PID=144950) to work on /home/cloud/codings/airflow/dags/list_s3_bucket_files_dag.py
[2026-02-07T09:09:47.288+0000] {processor.py:830} INFO - Processing file /home/cloud/codings/airflow/dags/list_s3_bucket_files_dag.py for tasks to queue
[2026-02-07T09:09:47.290+0000] {logging_mixin.py:188} INFO - [2026-02-07T09:09:47.290+0000] {dagbag.py:545} INFO - Filling up the DagBag from /home/cloud/codings/airflow/dags/list_s3_bucket_files_dag.py
[2026-02-07T09:09:47.302+0000] {processor.py:840} INFO - DAG(s) 'list_s3_bucket_files_dag' retrieved from /home/cloud/codings/airflow/dags/list_s3_bucket_files_dag.py
[2026-02-07T09:09:47.330+0000] {logging_mixin.py:188} INFO - [2026-02-07T09:09:47.330+0000] {dag.py:3089} INFO - Sync 1 DAGs
[2026-02-07T09:09:47.349+0000] {logging_mixin.py:188} INFO - [2026-02-07T09:09:47.349+0000] {dag.py:3947} INFO - Setting next_dagrun for list_s3_bucket_files_dag to None, run_after=None
[2026-02-07T09:09:47.382+0000] {processor.py:183} INFO - Processing /home/cloud/codings/airflow/dags/list_s3_bucket_files_dag.py took 0.107 seconds
[2026-02-07T09:10:17.511+0000] {processor.py:161} INFO - Started process (PID=145163) to work on /home/cloud/codings/airflow/dags/list_s3_bucket_files_dag.py
[2026-02-07T09:10:17.512+0000] {processor.py:830} INFO - Processing file /home/cloud/codings/airflow/dags/list_s3_bucket_files_dag.py for tasks to queue
[2026-02-07T09:10:17.513+0000] {logging_mixin.py:188} INFO - [2026-02-07T09:10:17.513+0000] {dagbag.py:545} INFO - Filling up the DagBag from /home/cloud/codings/airflow/dags/list_s3_bucket_files_dag.py
[2026-02-07T09:10:17.528+0000] {processor.py:840} INFO - DAG(s) 'list_s3_bucket_files_dag' retrieved from /home/cloud/codings/airflow/dags/list_s3_bucket_files_dag.py
[2026-02-07T09:10:17.553+0000] {logging_mixin.py:188} INFO - [2026-02-07T09:10:17.553+0000] {dag.py:3089} INFO - Sync 1 DAGs
[2026-02-07T09:10:17.572+0000] {logging_mixin.py:188} INFO - [2026-02-07T09:10:17.571+0000] {dag.py:3947} INFO - Setting next_dagrun for list_s3_bucket_files_dag to None, run_after=None
[2026-02-07T09:10:17.766+0000] {processor.py:183} INFO - Processing /home/cloud/codings/airflow/dags/list_s3_bucket_files_dag.py took 0.263 seconds
[2026-02-07T09:10:48.645+0000] {processor.py:161} INFO - Started process (PID=145235) to work on /home/cloud/codings/airflow/dags/list_s3_bucket_files_dag.py
[2026-02-07T09:10:48.647+0000] {processor.py:830} INFO - Processing file /home/cloud/codings/airflow/dags/list_s3_bucket_files_dag.py for tasks to queue
[2026-02-07T09:10:48.648+0000] {logging_mixin.py:188} INFO - [2026-02-07T09:10:48.648+0000] {dagbag.py:545} INFO - Filling up the DagBag from /home/cloud/codings/airflow/dags/list_s3_bucket_files_dag.py
[2026-02-07T09:10:48.663+0000] {processor.py:840} INFO - DAG(s) 'list_s3_bucket_files_dag' retrieved from /home/cloud/codings/airflow/dags/list_s3_bucket_files_dag.py
[2026-02-07T09:10:48.692+0000] {logging_mixin.py:188} INFO - [2026-02-07T09:10:48.691+0000] {dag.py:3089} INFO - Sync 1 DAGs
[2026-02-07T09:10:48.902+0000] {logging_mixin.py:188} INFO - [2026-02-07T09:10:48.902+0000] {dag.py:3947} INFO - Setting next_dagrun for list_s3_bucket_files_dag to None, run_after=None
[2026-02-07T09:10:48.929+0000] {processor.py:183} INFO - Processing /home/cloud/codings/airflow/dags/list_s3_bucket_files_dag.py took 0.294 seconds
[2026-02-07T09:11:19.853+0000] {processor.py:161} INFO - Started process (PID=145488) to work on /home/cloud/codings/airflow/dags/list_s3_bucket_files_dag.py
[2026-02-07T09:11:19.855+0000] {processor.py:830} INFO - Processing file /home/cloud/codings/airflow/dags/list_s3_bucket_files_dag.py for tasks to queue
[2026-02-07T09:11:19.856+0000] {logging_mixin.py:188} INFO - [2026-02-07T09:11:19.855+0000] {dagbag.py:545} INFO - Filling up the DagBag from /home/cloud/codings/airflow/dags/list_s3_bucket_files_dag.py
[2026-02-07T09:11:19.867+0000] {processor.py:840} INFO - DAG(s) 'list_s3_bucket_files_dag' retrieved from /home/cloud/codings/airflow/dags/list_s3_bucket_files_dag.py
[2026-02-07T09:11:19.889+0000] {logging_mixin.py:188} INFO - [2026-02-07T09:11:19.889+0000] {dag.py:3089} INFO - Sync 1 DAGs
[2026-02-07T09:11:19.904+0000] {logging_mixin.py:188} INFO - [2026-02-07T09:11:19.904+0000] {dag.py:3947} INFO - Setting next_dagrun for list_s3_bucket_files_dag to None, run_after=None
[2026-02-07T09:11:19.928+0000] {processor.py:183} INFO - Processing /home/cloud/codings/airflow/dags/list_s3_bucket_files_dag.py took 0.082 seconds
[2026-02-07T09:11:50.891+0000] {processor.py:161} INFO - Started process (PID=145761) to work on /home/cloud/codings/airflow/dags/list_s3_bucket_files_dag.py
[2026-02-07T09:11:50.893+0000] {processor.py:830} INFO - Processing file /home/cloud/codings/airflow/dags/list_s3_bucket_files_dag.py for tasks to queue
[2026-02-07T09:11:50.894+0000] {logging_mixin.py:188} INFO - [2026-02-07T09:11:50.894+0000] {dagbag.py:545} INFO - Filling up the DagBag from /home/cloud/codings/airflow/dags/list_s3_bucket_files_dag.py
[2026-02-07T09:11:50.907+0000] {processor.py:840} INFO - DAG(s) 'list_s3_bucket_files_dag' retrieved from /home/cloud/codings/airflow/dags/list_s3_bucket_files_dag.py
[2026-02-07T09:11:50.930+0000] {logging_mixin.py:188} INFO - [2026-02-07T09:11:50.930+0000] {dag.py:3089} INFO - Sync 1 DAGs
[2026-02-07T09:11:50.945+0000] {logging_mixin.py:188} INFO - [2026-02-07T09:11:50.945+0000] {dag.py:3947} INFO - Setting next_dagrun for list_s3_bucket_files_dag to None, run_after=None
[2026-02-07T09:11:50.971+0000] {processor.py:183} INFO - Processing /home/cloud/codings/airflow/dags/list_s3_bucket_files_dag.py took 0.087 seconds
[2026-02-07T09:12:21.819+0000] {processor.py:161} INFO - Started process (PID=146040) to work on /home/cloud/codings/airflow/dags/list_s3_bucket_files_dag.py
[2026-02-07T09:12:21.820+0000] {processor.py:830} INFO - Processing file /home/cloud/codings/airflow/dags/list_s3_bucket_files_dag.py for tasks to queue
[2026-02-07T09:12:21.821+0000] {logging_mixin.py:188} INFO - [2026-02-07T09:12:21.820+0000] {dagbag.py:545} INFO - Filling up the DagBag from /home/cloud/codings/airflow/dags/list_s3_bucket_files_dag.py
[2026-02-07T09:12:21.832+0000] {processor.py:840} INFO - DAG(s) 'list_s3_bucket_files_dag' retrieved from /home/cloud/codings/airflow/dags/list_s3_bucket_files_dag.py
[2026-02-07T09:12:21.854+0000] {logging_mixin.py:188} INFO - [2026-02-07T09:12:21.854+0000] {dag.py:3089} INFO - Sync 1 DAGs
[2026-02-07T09:12:21.869+0000] {logging_mixin.py:188} INFO - [2026-02-07T09:12:21.869+0000] {dag.py:3947} INFO - Setting next_dagrun for list_s3_bucket_files_dag to None, run_after=None
[2026-02-07T09:12:21.897+0000] {processor.py:183} INFO - Processing /home/cloud/codings/airflow/dags/list_s3_bucket_files_dag.py took 0.085 seconds
[2026-02-07T09:12:52.117+0000] {processor.py:161} INFO - Started process (PID=146253) to work on /home/cloud/codings/airflow/dags/list_s3_bucket_files_dag.py
[2026-02-07T09:12:52.123+0000] {processor.py:830} INFO - Processing file /home/cloud/codings/airflow/dags/list_s3_bucket_files_dag.py for tasks to queue
[2026-02-07T09:12:52.124+0000] {logging_mixin.py:188} INFO - [2026-02-07T09:12:52.124+0000] {dagbag.py:545} INFO - Filling up the DagBag from /home/cloud/codings/airflow/dags/list_s3_bucket_files_dag.py
[2026-02-07T09:12:52.146+0000] {processor.py:840} INFO - DAG(s) 'list_s3_bucket_files_dag' retrieved from /home/cloud/codings/airflow/dags/list_s3_bucket_files_dag.py
[2026-02-07T09:12:52.176+0000] {logging_mixin.py:188} INFO - [2026-02-07T09:12:52.176+0000] {dag.py:3089} INFO - Sync 1 DAGs
[2026-02-07T09:12:52.196+0000] {logging_mixin.py:188} INFO - [2026-02-07T09:12:52.195+0000] {dag.py:3947} INFO - Setting next_dagrun for list_s3_bucket_files_dag to None, run_after=None
[2026-02-07T09:12:52.230+0000] {processor.py:183} INFO - Processing /home/cloud/codings/airflow/dags/list_s3_bucket_files_dag.py took 0.128 seconds
[2026-02-07T09:13:23.042+0000] {processor.py:161} INFO - Started process (PID=146466) to work on /home/cloud/codings/airflow/dags/list_s3_bucket_files_dag.py
[2026-02-07T09:13:23.043+0000] {processor.py:830} INFO - Processing file /home/cloud/codings/airflow/dags/list_s3_bucket_files_dag.py for tasks to queue
[2026-02-07T09:13:23.044+0000] {logging_mixin.py:188} INFO - [2026-02-07T09:13:23.043+0000] {dagbag.py:545} INFO - Filling up the DagBag from /home/cloud/codings/airflow/dags/list_s3_bucket_files_dag.py
[2026-02-07T09:13:23.060+0000] {processor.py:840} INFO - DAG(s) 'list_s3_bucket_files_dag' retrieved from /home/cloud/codings/airflow/dags/list_s3_bucket_files_dag.py
[2026-02-07T09:13:23.091+0000] {logging_mixin.py:188} INFO - [2026-02-07T09:13:23.091+0000] {dag.py:3089} INFO - Sync 1 DAGs
[2026-02-07T09:13:23.110+0000] {logging_mixin.py:188} INFO - [2026-02-07T09:13:23.110+0000] {dag.py:3947} INFO - Setting next_dagrun for list_s3_bucket_files_dag to None, run_after=None
[2026-02-07T09:13:23.145+0000] {processor.py:183} INFO - Processing /home/cloud/codings/airflow/dags/list_s3_bucket_files_dag.py took 0.114 seconds
[2026-02-07T09:13:53.841+0000] {processor.py:161} INFO - Started process (PID=146722) to work on /home/cloud/codings/airflow/dags/list_s3_bucket_files_dag.py
[2026-02-07T09:13:53.846+0000] {processor.py:830} INFO - Processing file /home/cloud/codings/airflow/dags/list_s3_bucket_files_dag.py for tasks to queue
[2026-02-07T09:13:53.848+0000] {logging_mixin.py:188} INFO - [2026-02-07T09:13:53.847+0000] {dagbag.py:545} INFO - Filling up the DagBag from /home/cloud/codings/airflow/dags/list_s3_bucket_files_dag.py
[2026-02-07T09:13:53.864+0000] {processor.py:840} INFO - DAG(s) 'list_s3_bucket_files_dag' retrieved from /home/cloud/codings/airflow/dags/list_s3_bucket_files_dag.py
[2026-02-07T09:13:53.889+0000] {logging_mixin.py:188} INFO - [2026-02-07T09:13:53.889+0000] {dag.py:3089} INFO - Sync 1 DAGs
[2026-02-07T09:13:53.907+0000] {logging_mixin.py:188} INFO - [2026-02-07T09:13:53.907+0000] {dag.py:3947} INFO - Setting next_dagrun for list_s3_bucket_files_dag to None, run_after=None
[2026-02-07T09:13:53.939+0000] {processor.py:183} INFO - Processing /home/cloud/codings/airflow/dags/list_s3_bucket_files_dag.py took 0.107 seconds
[2026-02-07T09:14:24.785+0000] {processor.py:161} INFO - Started process (PID=147002) to work on /home/cloud/codings/airflow/dags/list_s3_bucket_files_dag.py
[2026-02-07T09:14:24.787+0000] {processor.py:830} INFO - Processing file /home/cloud/codings/airflow/dags/list_s3_bucket_files_dag.py for tasks to queue
[2026-02-07T09:14:24.788+0000] {logging_mixin.py:188} INFO - [2026-02-07T09:14:24.787+0000] {dagbag.py:545} INFO - Filling up the DagBag from /home/cloud/codings/airflow/dags/list_s3_bucket_files_dag.py
[2026-02-07T09:14:24.802+0000] {processor.py:840} INFO - DAG(s) 'list_s3_bucket_files_dag' retrieved from /home/cloud/codings/airflow/dags/list_s3_bucket_files_dag.py
[2026-02-07T09:14:24.831+0000] {logging_mixin.py:188} INFO - [2026-02-07T09:14:24.831+0000] {dag.py:3089} INFO - Sync 1 DAGs
[2026-02-07T09:14:24.851+0000] {logging_mixin.py:188} INFO - [2026-02-07T09:14:24.851+0000] {dag.py:3947} INFO - Setting next_dagrun for list_s3_bucket_files_dag to None, run_after=None
[2026-02-07T09:14:25.038+0000] {processor.py:183} INFO - Processing /home/cloud/codings/airflow/dags/list_s3_bucket_files_dag.py took 0.261 seconds
[2026-02-07T09:14:55.986+0000] {processor.py:161} INFO - Started process (PID=147074) to work on /home/cloud/codings/airflow/dags/list_s3_bucket_files_dag.py
[2026-02-07T09:14:55.987+0000] {processor.py:830} INFO - Processing file /home/cloud/codings/airflow/dags/list_s3_bucket_files_dag.py for tasks to queue
[2026-02-07T09:14:55.989+0000] {logging_mixin.py:188} INFO - [2026-02-07T09:14:55.988+0000] {dagbag.py:545} INFO - Filling up the DagBag from /home/cloud/codings/airflow/dags/list_s3_bucket_files_dag.py
[2026-02-07T09:14:56.001+0000] {processor.py:840} INFO - DAG(s) 'list_s3_bucket_files_dag' retrieved from /home/cloud/codings/airflow/dags/list_s3_bucket_files_dag.py
[2026-02-07T09:14:56.025+0000] {logging_mixin.py:188} INFO - [2026-02-07T09:14:56.024+0000] {dag.py:3089} INFO - Sync 1 DAGs
[2026-02-07T09:14:56.182+0000] {logging_mixin.py:188} INFO - [2026-02-07T09:14:56.182+0000] {dag.py:3947} INFO - Setting next_dagrun for list_s3_bucket_files_dag to None, run_after=None
[2026-02-07T09:14:56.205+0000] {processor.py:183} INFO - Processing /home/cloud/codings/airflow/dags/list_s3_bucket_files_dag.py took 0.227 seconds
[2026-02-07T09:15:26.899+0000] {processor.py:161} INFO - Started process (PID=147262) to work on /home/cloud/codings/airflow/dags/list_s3_bucket_files_dag.py
[2026-02-07T09:15:26.900+0000] {processor.py:830} INFO - Processing file /home/cloud/codings/airflow/dags/list_s3_bucket_files_dag.py for tasks to queue
[2026-02-07T09:15:26.901+0000] {logging_mixin.py:188} INFO - [2026-02-07T09:15:26.901+0000] {dagbag.py:545} INFO - Filling up the DagBag from /home/cloud/codings/airflow/dags/list_s3_bucket_files_dag.py
[2026-02-07T09:15:26.912+0000] {processor.py:840} INFO - DAG(s) 'list_s3_bucket_files_dag' retrieved from /home/cloud/codings/airflow/dags/list_s3_bucket_files_dag.py
[2026-02-07T09:15:27.077+0000] {logging_mixin.py:188} INFO - [2026-02-07T09:15:27.076+0000] {dag.py:3089} INFO - Sync 1 DAGs
[2026-02-07T09:15:27.088+0000] {logging_mixin.py:188} INFO - [2026-02-07T09:15:27.088+0000] {dag.py:3947} INFO - Setting next_dagrun for list_s3_bucket_files_dag to None, run_after=None
[2026-02-07T09:15:27.111+0000] {processor.py:183} INFO - Processing /home/cloud/codings/airflow/dags/list_s3_bucket_files_dag.py took 0.220 seconds
[2026-02-07T09:15:58.076+0000] {processor.py:161} INFO - Started process (PID=147499) to work on /home/cloud/codings/airflow/dags/list_s3_bucket_files_dag.py
[2026-02-07T09:15:58.079+0000] {processor.py:830} INFO - Processing file /home/cloud/codings/airflow/dags/list_s3_bucket_files_dag.py for tasks to queue
[2026-02-07T09:15:58.080+0000] {logging_mixin.py:188} INFO - [2026-02-07T09:15:58.080+0000] {dagbag.py:545} INFO - Filling up the DagBag from /home/cloud/codings/airflow/dags/list_s3_bucket_files_dag.py
[2026-02-07T09:15:58.098+0000] {processor.py:840} INFO - DAG(s) 'list_s3_bucket_files_dag' retrieved from /home/cloud/codings/airflow/dags/list_s3_bucket_files_dag.py
[2026-02-07T09:15:58.136+0000] {logging_mixin.py:188} INFO - [2026-02-07T09:15:58.135+0000] {dag.py:3089} INFO - Sync 1 DAGs
[2026-02-07T09:15:58.157+0000] {logging_mixin.py:188} INFO - [2026-02-07T09:15:58.156+0000] {dag.py:3947} INFO - Setting next_dagrun for list_s3_bucket_files_dag to None, run_after=None
[2026-02-07T09:15:58.196+0000] {processor.py:183} INFO - Processing /home/cloud/codings/airflow/dags/list_s3_bucket_files_dag.py took 0.132 seconds
[2026-02-07T09:16:29.105+0000] {processor.py:161} INFO - Started process (PID=147721) to work on /home/cloud/codings/airflow/dags/list_s3_bucket_files_dag.py
[2026-02-07T09:16:29.107+0000] {processor.py:830} INFO - Processing file /home/cloud/codings/airflow/dags/list_s3_bucket_files_dag.py for tasks to queue
[2026-02-07T09:16:29.108+0000] {logging_mixin.py:188} INFO - [2026-02-07T09:16:29.108+0000] {dagbag.py:545} INFO - Filling up the DagBag from /home/cloud/codings/airflow/dags/list_s3_bucket_files_dag.py
[2026-02-07T09:16:29.125+0000] {processor.py:840} INFO - DAG(s) 'list_s3_bucket_files_dag' retrieved from /home/cloud/codings/airflow/dags/list_s3_bucket_files_dag.py
[2026-02-07T09:16:29.165+0000] {logging_mixin.py:188} INFO - [2026-02-07T09:16:29.165+0000] {dag.py:3089} INFO - Sync 1 DAGs
[2026-02-07T09:16:29.184+0000] {logging_mixin.py:188} INFO - [2026-02-07T09:16:29.184+0000] {dag.py:3947} INFO - Setting next_dagrun for list_s3_bucket_files_dag to None, run_after=None
[2026-02-07T09:16:29.212+0000] {processor.py:183} INFO - Processing /home/cloud/codings/airflow/dags/list_s3_bucket_files_dag.py took 0.116 seconds
[2026-02-07T09:17:00.261+0000] {processor.py:161} INFO - Started process (PID=147937) to work on /home/cloud/codings/airflow/dags/list_s3_bucket_files_dag.py
[2026-02-07T09:17:00.264+0000] {processor.py:830} INFO - Processing file /home/cloud/codings/airflow/dags/list_s3_bucket_files_dag.py for tasks to queue
[2026-02-07T09:17:00.266+0000] {logging_mixin.py:188} INFO - [2026-02-07T09:17:00.265+0000] {dagbag.py:545} INFO - Filling up the DagBag from /home/cloud/codings/airflow/dags/list_s3_bucket_files_dag.py
[2026-02-07T09:17:00.287+0000] {processor.py:840} INFO - DAG(s) 'list_s3_bucket_files_dag' retrieved from /home/cloud/codings/airflow/dags/list_s3_bucket_files_dag.py
[2026-02-07T09:17:00.323+0000] {logging_mixin.py:188} INFO - [2026-02-07T09:17:00.323+0000] {dag.py:3089} INFO - Sync 1 DAGs
[2026-02-07T09:17:00.345+0000] {logging_mixin.py:188} INFO - [2026-02-07T09:17:00.345+0000] {dag.py:3947} INFO - Setting next_dagrun for list_s3_bucket_files_dag to None, run_after=None
[2026-02-07T09:17:00.379+0000] {processor.py:183} INFO - Processing /home/cloud/codings/airflow/dags/list_s3_bucket_files_dag.py took 0.130 seconds
[2026-02-07T09:17:31.315+0000] {processor.py:161} INFO - Started process (PID=148151) to work on /home/cloud/codings/airflow/dags/list_s3_bucket_files_dag.py
[2026-02-07T09:17:31.320+0000] {processor.py:830} INFO - Processing file /home/cloud/codings/airflow/dags/list_s3_bucket_files_dag.py for tasks to queue
[2026-02-07T09:17:31.322+0000] {logging_mixin.py:188} INFO - [2026-02-07T09:17:31.321+0000] {dagbag.py:545} INFO - Filling up the DagBag from /home/cloud/codings/airflow/dags/list_s3_bucket_files_dag.py
[2026-02-07T09:17:31.337+0000] {processor.py:840} INFO - DAG(s) 'list_s3_bucket_files_dag' retrieved from /home/cloud/codings/airflow/dags/list_s3_bucket_files_dag.py
[2026-02-07T09:17:31.363+0000] {logging_mixin.py:188} INFO - [2026-02-07T09:17:31.363+0000] {dag.py:3089} INFO - Sync 1 DAGs
[2026-02-07T09:17:31.381+0000] {logging_mixin.py:188} INFO - [2026-02-07T09:17:31.380+0000] {dag.py:3947} INFO - Setting next_dagrun for list_s3_bucket_files_dag to None, run_after=None
[2026-02-07T09:17:31.410+0000] {processor.py:183} INFO - Processing /home/cloud/codings/airflow/dags/list_s3_bucket_files_dag.py took 0.104 seconds
[2026-02-07T09:18:02.448+0000] {processor.py:161} INFO - Started process (PID=148367) to work on /home/cloud/codings/airflow/dags/list_s3_bucket_files_dag.py
[2026-02-07T09:18:02.450+0000] {processor.py:830} INFO - Processing file /home/cloud/codings/airflow/dags/list_s3_bucket_files_dag.py for tasks to queue
[2026-02-07T09:18:02.453+0000] {logging_mixin.py:188} INFO - [2026-02-07T09:18:02.452+0000] {dagbag.py:545} INFO - Filling up the DagBag from /home/cloud/codings/airflow/dags/list_s3_bucket_files_dag.py
[2026-02-07T09:18:02.478+0000] {processor.py:840} INFO - DAG(s) 'list_s3_bucket_files_dag' retrieved from /home/cloud/codings/airflow/dags/list_s3_bucket_files_dag.py
[2026-02-07T09:18:02.528+0000] {logging_mixin.py:188} INFO - [2026-02-07T09:18:02.527+0000] {dag.py:3089} INFO - Sync 1 DAGs
[2026-02-07T09:18:02.560+0000] {logging_mixin.py:188} INFO - [2026-02-07T09:18:02.560+0000] {dag.py:3947} INFO - Setting next_dagrun for list_s3_bucket_files_dag to None, run_after=None
[2026-02-07T09:18:02.611+0000] {processor.py:183} INFO - Processing /home/cloud/codings/airflow/dags/list_s3_bucket_files_dag.py took 0.179 seconds
[2026-02-07T09:18:32.723+0000] {processor.py:161} INFO - Started process (PID=148607) to work on /home/cloud/codings/airflow/dags/list_s3_bucket_files_dag.py
[2026-02-07T09:18:32.724+0000] {processor.py:830} INFO - Processing file /home/cloud/codings/airflow/dags/list_s3_bucket_files_dag.py for tasks to queue
[2026-02-07T09:18:32.725+0000] {logging_mixin.py:188} INFO - [2026-02-07T09:18:32.724+0000] {dagbag.py:545} INFO - Filling up the DagBag from /home/cloud/codings/airflow/dags/list_s3_bucket_files_dag.py
[2026-02-07T09:18:32.736+0000] {processor.py:840} INFO - DAG(s) 'list_s3_bucket_files_dag' retrieved from /home/cloud/codings/airflow/dags/list_s3_bucket_files_dag.py
[2026-02-07T09:18:32.761+0000] {logging_mixin.py:188} INFO - [2026-02-07T09:18:32.761+0000] {dag.py:3089} INFO - Sync 1 DAGs
[2026-02-07T09:18:32.777+0000] {logging_mixin.py:188} INFO - [2026-02-07T09:18:32.777+0000] {dag.py:3947} INFO - Setting next_dagrun for list_s3_bucket_files_dag to None, run_after=None
[2026-02-07T09:18:32.805+0000] {processor.py:183} INFO - Processing /home/cloud/codings/airflow/dags/list_s3_bucket_files_dag.py took 0.090 seconds
[2026-02-07T09:19:03.831+0000] {processor.py:161} INFO - Started process (PID=148899) to work on /home/cloud/codings/airflow/dags/list_s3_bucket_files_dag.py
[2026-02-07T09:19:03.836+0000] {processor.py:830} INFO - Processing file /home/cloud/codings/airflow/dags/list_s3_bucket_files_dag.py for tasks to queue
[2026-02-07T09:19:03.837+0000] {logging_mixin.py:188} INFO - [2026-02-07T09:19:03.837+0000] {dagbag.py:545} INFO - Filling up the DagBag from /home/cloud/codings/airflow/dags/list_s3_bucket_files_dag.py
[2026-02-07T09:19:03.850+0000] {processor.py:840} INFO - DAG(s) 'list_s3_bucket_files_dag' retrieved from /home/cloud/codings/airflow/dags/list_s3_bucket_files_dag.py
[2026-02-07T09:19:03.877+0000] {logging_mixin.py:188} INFO - [2026-02-07T09:19:03.876+0000] {dag.py:3089} INFO - Sync 1 DAGs
[2026-02-07T09:19:03.894+0000] {logging_mixin.py:188} INFO - [2026-02-07T09:19:03.894+0000] {dag.py:3947} INFO - Setting next_dagrun for list_s3_bucket_files_dag to None, run_after=None
[2026-02-07T09:19:04.068+0000] {processor.py:183} INFO - Processing /home/cloud/codings/airflow/dags/list_s3_bucket_files_dag.py took 0.245 seconds
[2026-02-07T09:19:35.099+0000] {processor.py:161} INFO - Started process (PID=149067) to work on /home/cloud/codings/airflow/dags/list_s3_bucket_files_dag.py
[2026-02-07T09:19:35.100+0000] {processor.py:830} INFO - Processing file /home/cloud/codings/airflow/dags/list_s3_bucket_files_dag.py for tasks to queue
[2026-02-07T09:19:35.102+0000] {logging_mixin.py:188} INFO - [2026-02-07T09:19:35.101+0000] {dagbag.py:545} INFO - Filling up the DagBag from /home/cloud/codings/airflow/dags/list_s3_bucket_files_dag.py
[2026-02-07T09:19:35.113+0000] {processor.py:840} INFO - DAG(s) 'list_s3_bucket_files_dag' retrieved from /home/cloud/codings/airflow/dags/list_s3_bucket_files_dag.py
[2026-02-07T09:19:35.136+0000] {logging_mixin.py:188} INFO - [2026-02-07T09:19:35.136+0000] {dag.py:3089} INFO - Sync 1 DAGs
[2026-02-07T09:19:35.307+0000] {logging_mixin.py:188} INFO - [2026-02-07T09:19:35.307+0000] {dag.py:3947} INFO - Setting next_dagrun for list_s3_bucket_files_dag to None, run_after=None
[2026-02-07T09:19:35.335+0000] {processor.py:183} INFO - Processing /home/cloud/codings/airflow/dags/list_s3_bucket_files_dag.py took 0.243 seconds
[2026-02-07T09:20:05.414+0000] {processor.py:161} INFO - Started process (PID=149134) to work on /home/cloud/codings/airflow/dags/list_s3_bucket_files_dag.py
[2026-02-07T09:20:05.415+0000] {processor.py:830} INFO - Processing file /home/cloud/codings/airflow/dags/list_s3_bucket_files_dag.py for tasks to queue
[2026-02-07T09:20:05.416+0000] {logging_mixin.py:188} INFO - [2026-02-07T09:20:05.416+0000] {dagbag.py:545} INFO - Filling up the DagBag from /home/cloud/codings/airflow/dags/list_s3_bucket_files_dag.py
[2026-02-07T09:20:05.430+0000] {processor.py:840} INFO - DAG(s) 'list_s3_bucket_files_dag' retrieved from /home/cloud/codings/airflow/dags/list_s3_bucket_files_dag.py
[2026-02-07T09:20:05.620+0000] {logging_mixin.py:188} INFO - [2026-02-07T09:20:05.619+0000] {dag.py:3089} INFO - Sync 1 DAGs
[2026-02-07T09:20:05.631+0000] {logging_mixin.py:188} INFO - [2026-02-07T09:20:05.631+0000] {dag.py:3947} INFO - Setting next_dagrun for list_s3_bucket_files_dag to None, run_after=None
[2026-02-07T09:20:05.654+0000] {processor.py:183} INFO - Processing /home/cloud/codings/airflow/dags/list_s3_bucket_files_dag.py took 0.248 seconds
[2026-02-07T09:20:36.457+0000] {processor.py:161} INFO - Started process (PID=149206) to work on /home/cloud/codings/airflow/dags/list_s3_bucket_files_dag.py
[2026-02-07T09:20:36.459+0000] {processor.py:830} INFO - Processing file /home/cloud/codings/airflow/dags/list_s3_bucket_files_dag.py for tasks to queue
[2026-02-07T09:20:36.460+0000] {logging_mixin.py:188} INFO - [2026-02-07T09:20:36.459+0000] {dagbag.py:545} INFO - Filling up the DagBag from /home/cloud/codings/airflow/dags/list_s3_bucket_files_dag.py
[2026-02-07T09:20:36.471+0000] {processor.py:840} INFO - DAG(s) 'list_s3_bucket_files_dag' retrieved from /home/cloud/codings/airflow/dags/list_s3_bucket_files_dag.py
[2026-02-07T09:20:36.493+0000] {logging_mixin.py:188} INFO - [2026-02-07T09:20:36.493+0000] {dag.py:3089} INFO - Sync 1 DAGs
[2026-02-07T09:20:36.507+0000] {logging_mixin.py:188} INFO - [2026-02-07T09:20:36.507+0000] {dag.py:3947} INFO - Setting next_dagrun for list_s3_bucket_files_dag to None, run_after=None
[2026-02-07T09:20:36.570+0000] {processor.py:183} INFO - Processing /home/cloud/codings/airflow/dags/list_s3_bucket_files_dag.py took 0.119 seconds
[2026-02-07T09:21:07.544+0000] {processor.py:161} INFO - Started process (PID=149278) to work on /home/cloud/codings/airflow/dags/list_s3_bucket_files_dag.py
[2026-02-07T09:21:07.546+0000] {processor.py:830} INFO - Processing file /home/cloud/codings/airflow/dags/list_s3_bucket_files_dag.py for tasks to queue
[2026-02-07T09:21:07.548+0000] {logging_mixin.py:188} INFO - [2026-02-07T09:21:07.547+0000] {dagbag.py:545} INFO - Filling up the DagBag from /home/cloud/codings/airflow/dags/list_s3_bucket_files_dag.py
[2026-02-07T09:21:07.565+0000] {processor.py:840} INFO - DAG(s) 'list_s3_bucket_files_dag' retrieved from /home/cloud/codings/airflow/dags/list_s3_bucket_files_dag.py
[2026-02-07T09:21:07.597+0000] {logging_mixin.py:188} INFO - [2026-02-07T09:21:07.597+0000] {dag.py:3089} INFO - Sync 1 DAGs
[2026-02-07T09:21:07.616+0000] {logging_mixin.py:188} INFO - [2026-02-07T09:21:07.616+0000] {dag.py:3947} INFO - Setting next_dagrun for list_s3_bucket_files_dag to None, run_after=None
[2026-02-07T09:21:07.653+0000] {processor.py:183} INFO - Processing /home/cloud/codings/airflow/dags/list_s3_bucket_files_dag.py took 0.119 seconds
[2026-02-07T09:21:38.636+0000] {processor.py:161} INFO - Started process (PID=149350) to work on /home/cloud/codings/airflow/dags/list_s3_bucket_files_dag.py
[2026-02-07T09:21:38.637+0000] {processor.py:830} INFO - Processing file /home/cloud/codings/airflow/dags/list_s3_bucket_files_dag.py for tasks to queue
[2026-02-07T09:21:38.638+0000] {logging_mixin.py:188} INFO - [2026-02-07T09:21:38.638+0000] {dagbag.py:545} INFO - Filling up the DagBag from /home/cloud/codings/airflow/dags/list_s3_bucket_files_dag.py
[2026-02-07T09:21:38.651+0000] {processor.py:840} INFO - DAG(s) 'list_s3_bucket_files_dag' retrieved from /home/cloud/codings/airflow/dags/list_s3_bucket_files_dag.py
[2026-02-07T09:21:38.677+0000] {logging_mixin.py:188} INFO - [2026-02-07T09:21:38.677+0000] {dag.py:3089} INFO - Sync 1 DAGs
[2026-02-07T09:21:38.695+0000] {logging_mixin.py:188} INFO - [2026-02-07T09:21:38.695+0000] {dag.py:3947} INFO - Setting next_dagrun for list_s3_bucket_files_dag to None, run_after=None
[2026-02-07T09:21:38.726+0000] {processor.py:183} INFO - Processing /home/cloud/codings/airflow/dags/list_s3_bucket_files_dag.py took 0.099 seconds
[2026-02-07T09:22:09.862+0000] {processor.py:161} INFO - Started process (PID=149422) to work on /home/cloud/codings/airflow/dags/list_s3_bucket_files_dag.py
[2026-02-07T09:22:09.866+0000] {processor.py:830} INFO - Processing file /home/cloud/codings/airflow/dags/list_s3_bucket_files_dag.py for tasks to queue
[2026-02-07T09:22:09.867+0000] {logging_mixin.py:188} INFO - [2026-02-07T09:22:09.867+0000] {dagbag.py:545} INFO - Filling up the DagBag from /home/cloud/codings/airflow/dags/list_s3_bucket_files_dag.py
[2026-02-07T09:22:09.878+0000] {processor.py:840} INFO - DAG(s) 'list_s3_bucket_files_dag' retrieved from /home/cloud/codings/airflow/dags/list_s3_bucket_files_dag.py
[2026-02-07T09:22:09.898+0000] {logging_mixin.py:188} INFO - [2026-02-07T09:22:09.897+0000] {dag.py:3089} INFO - Sync 1 DAGs
[2026-02-07T09:22:09.910+0000] {logging_mixin.py:188} INFO - [2026-02-07T09:22:09.910+0000] {dag.py:3947} INFO - Setting next_dagrun for list_s3_bucket_files_dag to None, run_after=None
[2026-02-07T09:22:09.935+0000] {processor.py:183} INFO - Processing /home/cloud/codings/airflow/dags/list_s3_bucket_files_dag.py took 0.079 seconds
[2026-02-07T09:22:40.120+0000] {processor.py:161} INFO - Started process (PID=149494) to work on /home/cloud/codings/airflow/dags/list_s3_bucket_files_dag.py
[2026-02-07T09:22:40.125+0000] {processor.py:830} INFO - Processing file /home/cloud/codings/airflow/dags/list_s3_bucket_files_dag.py for tasks to queue
[2026-02-07T09:22:40.126+0000] {logging_mixin.py:188} INFO - [2026-02-07T09:22:40.126+0000] {dagbag.py:545} INFO - Filling up the DagBag from /home/cloud/codings/airflow/dags/list_s3_bucket_files_dag.py
[2026-02-07T09:22:40.138+0000] {processor.py:840} INFO - DAG(s) 'list_s3_bucket_files_dag' retrieved from /home/cloud/codings/airflow/dags/list_s3_bucket_files_dag.py
[2026-02-07T09:22:40.160+0000] {logging_mixin.py:188} INFO - [2026-02-07T09:22:40.160+0000] {dag.py:3089} INFO - Sync 1 DAGs
[2026-02-07T09:22:40.176+0000] {logging_mixin.py:188} INFO - [2026-02-07T09:22:40.175+0000] {dag.py:3947} INFO - Setting next_dagrun for list_s3_bucket_files_dag to None, run_after=None
[2026-02-07T09:22:40.201+0000] {processor.py:183} INFO - Processing /home/cloud/codings/airflow/dags/list_s3_bucket_files_dag.py took 0.088 seconds
[2026-02-07T09:23:10.830+0000] {processor.py:161} INFO - Started process (PID=149566) to work on /home/cloud/codings/airflow/dags/list_s3_bucket_files_dag.py
[2026-02-07T09:23:10.831+0000] {processor.py:830} INFO - Processing file /home/cloud/codings/airflow/dags/list_s3_bucket_files_dag.py for tasks to queue
[2026-02-07T09:23:10.832+0000] {logging_mixin.py:188} INFO - [2026-02-07T09:23:10.832+0000] {dagbag.py:545} INFO - Filling up the DagBag from /home/cloud/codings/airflow/dags/list_s3_bucket_files_dag.py
[2026-02-07T09:23:10.844+0000] {processor.py:840} INFO - DAG(s) 'list_s3_bucket_files_dag' retrieved from /home/cloud/codings/airflow/dags/list_s3_bucket_files_dag.py
[2026-02-07T09:23:10.865+0000] {logging_mixin.py:188} INFO - [2026-02-07T09:23:10.865+0000] {dag.py:3089} INFO - Sync 1 DAGs
[2026-02-07T09:23:10.879+0000] {logging_mixin.py:188} INFO - [2026-02-07T09:23:10.879+0000] {dag.py:3947} INFO - Setting next_dagrun for list_s3_bucket_files_dag to None, run_after=None
[2026-02-07T09:23:10.906+0000] {processor.py:183} INFO - Processing /home/cloud/codings/airflow/dags/list_s3_bucket_files_dag.py took 0.082 seconds
[2026-02-07T09:23:41.869+0000] {processor.py:161} INFO - Started process (PID=149659) to work on /home/cloud/codings/airflow/dags/list_s3_bucket_files_dag.py
[2026-02-07T09:23:41.870+0000] {processor.py:830} INFO - Processing file /home/cloud/codings/airflow/dags/list_s3_bucket_files_dag.py for tasks to queue
[2026-02-07T09:23:41.872+0000] {logging_mixin.py:188} INFO - [2026-02-07T09:23:41.871+0000] {dagbag.py:545} INFO - Filling up the DagBag from /home/cloud/codings/airflow/dags/list_s3_bucket_files_dag.py
[2026-02-07T09:23:41.883+0000] {processor.py:840} INFO - DAG(s) 'list_s3_bucket_files_dag' retrieved from /home/cloud/codings/airflow/dags/list_s3_bucket_files_dag.py
[2026-02-07T09:23:41.904+0000] {logging_mixin.py:188} INFO - [2026-02-07T09:23:41.904+0000] {dag.py:3089} INFO - Sync 1 DAGs
[2026-02-07T09:23:41.920+0000] {logging_mixin.py:188} INFO - [2026-02-07T09:23:41.919+0000] {dag.py:3947} INFO - Setting next_dagrun for list_s3_bucket_files_dag to None, run_after=None
[2026-02-07T09:23:42.095+0000] {processor.py:183} INFO - Processing /home/cloud/codings/airflow/dags/list_s3_bucket_files_dag.py took 0.232 seconds
[2026-02-07T09:24:12.982+0000] {processor.py:161} INFO - Started process (PID=149731) to work on /home/cloud/codings/airflow/dags/list_s3_bucket_files_dag.py
[2026-02-07T09:24:12.983+0000] {processor.py:830} INFO - Processing file /home/cloud/codings/airflow/dags/list_s3_bucket_files_dag.py for tasks to queue
[2026-02-07T09:24:12.984+0000] {logging_mixin.py:188} INFO - [2026-02-07T09:24:12.983+0000] {dagbag.py:545} INFO - Filling up the DagBag from /home/cloud/codings/airflow/dags/list_s3_bucket_files_dag.py
[2026-02-07T09:24:12.996+0000] {processor.py:840} INFO - DAG(s) 'list_s3_bucket_files_dag' retrieved from /home/cloud/codings/airflow/dags/list_s3_bucket_files_dag.py
[2026-02-07T09:24:13.020+0000] {logging_mixin.py:188} INFO - [2026-02-07T09:24:13.019+0000] {dag.py:3089} INFO - Sync 1 DAGs
[2026-02-07T09:24:13.191+0000] {logging_mixin.py:188} INFO - [2026-02-07T09:24:13.191+0000] {dag.py:3947} INFO - Setting next_dagrun for list_s3_bucket_files_dag to None, run_after=None
[2026-02-07T09:24:13.215+0000] {processor.py:183} INFO - Processing /home/cloud/codings/airflow/dags/list_s3_bucket_files_dag.py took 0.241 seconds
[2026-02-07T09:24:44.089+0000] {processor.py:161} INFO - Started process (PID=149803) to work on /home/cloud/codings/airflow/dags/list_s3_bucket_files_dag.py
[2026-02-07T09:24:44.090+0000] {processor.py:830} INFO - Processing file /home/cloud/codings/airflow/dags/list_s3_bucket_files_dag.py for tasks to queue
[2026-02-07T09:24:44.091+0000] {logging_mixin.py:188} INFO - [2026-02-07T09:24:44.091+0000] {dagbag.py:545} INFO - Filling up the DagBag from /home/cloud/codings/airflow/dags/list_s3_bucket_files_dag.py
[2026-02-07T09:24:44.105+0000] {processor.py:840} INFO - DAG(s) 'list_s3_bucket_files_dag' retrieved from /home/cloud/codings/airflow/dags/list_s3_bucket_files_dag.py
[2026-02-07T09:24:44.298+0000] {logging_mixin.py:188} INFO - [2026-02-07T09:24:44.298+0000] {dag.py:3089} INFO - Sync 1 DAGs
[2026-02-07T09:24:44.311+0000] {logging_mixin.py:188} INFO - [2026-02-07T09:24:44.310+0000] {dag.py:3947} INFO - Setting next_dagrun for list_s3_bucket_files_dag to None, run_after=None
[2026-02-07T09:24:44.340+0000] {processor.py:183} INFO - Processing /home/cloud/codings/airflow/dags/list_s3_bucket_files_dag.py took 0.259 seconds
[2026-02-07T09:25:15.224+0000] {processor.py:161} INFO - Started process (PID=149863) to work on /home/cloud/codings/airflow/dags/list_s3_bucket_files_dag.py
[2026-02-07T09:25:15.225+0000] {processor.py:830} INFO - Processing file /home/cloud/codings/airflow/dags/list_s3_bucket_files_dag.py for tasks to queue
[2026-02-07T09:25:15.226+0000] {logging_mixin.py:188} INFO - [2026-02-07T09:25:15.226+0000] {dagbag.py:545} INFO - Filling up the DagBag from /home/cloud/codings/airflow/dags/list_s3_bucket_files_dag.py
[2026-02-07T09:25:15.239+0000] {processor.py:840} INFO - DAG(s) 'list_s3_bucket_files_dag' retrieved from /home/cloud/codings/airflow/dags/list_s3_bucket_files_dag.py
[2026-02-07T09:25:15.264+0000] {logging_mixin.py:188} INFO - [2026-02-07T09:25:15.264+0000] {dag.py:3089} INFO - Sync 1 DAGs
[2026-02-07T09:25:15.280+0000] {logging_mixin.py:188} INFO - [2026-02-07T09:25:15.280+0000] {dag.py:3947} INFO - Setting next_dagrun for list_s3_bucket_files_dag to None, run_after=None
[2026-02-07T09:25:15.306+0000] {processor.py:183} INFO - Processing /home/cloud/codings/airflow/dags/list_s3_bucket_files_dag.py took 0.089 seconds
[2026-02-07T09:25:46.263+0000] {processor.py:161} INFO - Started process (PID=149936) to work on /home/cloud/codings/airflow/dags/list_s3_bucket_files_dag.py
[2026-02-07T09:25:46.265+0000] {processor.py:830} INFO - Processing file /home/cloud/codings/airflow/dags/list_s3_bucket_files_dag.py for tasks to queue
[2026-02-07T09:25:46.266+0000] {logging_mixin.py:188} INFO - [2026-02-07T09:25:46.265+0000] {dagbag.py:545} INFO - Filling up the DagBag from /home/cloud/codings/airflow/dags/list_s3_bucket_files_dag.py
[2026-02-07T09:25:46.278+0000] {processor.py:840} INFO - DAG(s) 'list_s3_bucket_files_dag' retrieved from /home/cloud/codings/airflow/dags/list_s3_bucket_files_dag.py
[2026-02-07T09:25:46.300+0000] {logging_mixin.py:188} INFO - [2026-02-07T09:25:46.300+0000] {dag.py:3089} INFO - Sync 1 DAGs
[2026-02-07T09:25:46.315+0000] {logging_mixin.py:188} INFO - [2026-02-07T09:25:46.314+0000] {dag.py:3947} INFO - Setting next_dagrun for list_s3_bucket_files_dag to None, run_after=None
[2026-02-07T09:25:46.340+0000] {processor.py:183} INFO - Processing /home/cloud/codings/airflow/dags/list_s3_bucket_files_dag.py took 0.084 seconds
[2026-02-07T09:26:18.465+0000] {processor.py:161} INFO - Started process (PID=150008) to work on /home/cloud/codings/airflow/dags/list_s3_bucket_files_dag.py
[2026-02-07T09:26:18.466+0000] {processor.py:830} INFO - Processing file /home/cloud/codings/airflow/dags/list_s3_bucket_files_dag.py for tasks to queue
[2026-02-07T09:26:18.467+0000] {logging_mixin.py:188} INFO - [2026-02-07T09:26:18.466+0000] {dagbag.py:545} INFO - Filling up the DagBag from /home/cloud/codings/airflow/dags/list_s3_bucket_files_dag.py
[2026-02-07T09:26:18.480+0000] {processor.py:840} INFO - DAG(s) 'list_s3_bucket_files_dag' retrieved from /home/cloud/codings/airflow/dags/list_s3_bucket_files_dag.py
[2026-02-07T09:26:18.505+0000] {logging_mixin.py:188} INFO - [2026-02-07T09:26:18.505+0000] {dag.py:3089} INFO - Sync 1 DAGs
[2026-02-07T09:26:18.521+0000] {logging_mixin.py:188} INFO - [2026-02-07T09:26:18.521+0000] {dag.py:3947} INFO - Setting next_dagrun for list_s3_bucket_files_dag to None, run_after=None
[2026-02-07T09:26:18.552+0000] {processor.py:183} INFO - Processing /home/cloud/codings/airflow/dags/list_s3_bucket_files_dag.py took 0.097 seconds
[2026-02-07T09:26:48.913+0000] {processor.py:161} INFO - Started process (PID=150080) to work on /home/cloud/codings/airflow/dags/list_s3_bucket_files_dag.py
[2026-02-07T09:26:48.915+0000] {processor.py:830} INFO - Processing file /home/cloud/codings/airflow/dags/list_s3_bucket_files_dag.py for tasks to queue
[2026-02-07T09:26:48.917+0000] {logging_mixin.py:188} INFO - [2026-02-07T09:26:48.916+0000] {dagbag.py:545} INFO - Filling up the DagBag from /home/cloud/codings/airflow/dags/list_s3_bucket_files_dag.py
[2026-02-07T09:26:48.934+0000] {processor.py:840} INFO - DAG(s) 'list_s3_bucket_files_dag' retrieved from /home/cloud/codings/airflow/dags/list_s3_bucket_files_dag.py
[2026-02-07T09:26:48.977+0000] {logging_mixin.py:188} INFO - [2026-02-07T09:26:48.976+0000] {dag.py:3089} INFO - Sync 1 DAGs
[2026-02-07T09:26:49.003+0000] {logging_mixin.py:188} INFO - [2026-02-07T09:26:49.003+0000] {dag.py:3947} INFO - Setting next_dagrun for list_s3_bucket_files_dag to None, run_after=None
[2026-02-07T09:26:49.042+0000] {processor.py:183} INFO - Processing /home/cloud/codings/airflow/dags/list_s3_bucket_files_dag.py took 0.142 seconds
[2026-02-07T09:27:19.827+0000] {processor.py:161} INFO - Started process (PID=150152) to work on /home/cloud/codings/airflow/dags/list_s3_bucket_files_dag.py
[2026-02-07T09:27:19.828+0000] {processor.py:830} INFO - Processing file /home/cloud/codings/airflow/dags/list_s3_bucket_files_dag.py for tasks to queue
[2026-02-07T09:27:19.829+0000] {logging_mixin.py:188} INFO - [2026-02-07T09:27:19.828+0000] {dagbag.py:545} INFO - Filling up the DagBag from /home/cloud/codings/airflow/dags/list_s3_bucket_files_dag.py
[2026-02-07T09:27:19.842+0000] {processor.py:840} INFO - DAG(s) 'list_s3_bucket_files_dag' retrieved from /home/cloud/codings/airflow/dags/list_s3_bucket_files_dag.py
[2026-02-07T09:27:19.862+0000] {logging_mixin.py:188} INFO - [2026-02-07T09:27:19.862+0000] {dag.py:3089} INFO - Sync 1 DAGs
[2026-02-07T09:27:19.876+0000] {logging_mixin.py:188} INFO - [2026-02-07T09:27:19.875+0000] {dag.py:3947} INFO - Setting next_dagrun for list_s3_bucket_files_dag to None, run_after=None
[2026-02-07T09:27:19.899+0000] {processor.py:183} INFO - Processing /home/cloud/codings/airflow/dags/list_s3_bucket_files_dag.py took 0.080 seconds
[2026-02-07T09:27:50.909+0000] {processor.py:161} INFO - Started process (PID=150224) to work on /home/cloud/codings/airflow/dags/list_s3_bucket_files_dag.py
[2026-02-07T09:27:50.914+0000] {processor.py:830} INFO - Processing file /home/cloud/codings/airflow/dags/list_s3_bucket_files_dag.py for tasks to queue
[2026-02-07T09:27:50.915+0000] {logging_mixin.py:188} INFO - [2026-02-07T09:27:50.914+0000] {dagbag.py:545} INFO - Filling up the DagBag from /home/cloud/codings/airflow/dags/list_s3_bucket_files_dag.py
[2026-02-07T09:27:50.930+0000] {processor.py:840} INFO - DAG(s) 'list_s3_bucket_files_dag' retrieved from /home/cloud/codings/airflow/dags/list_s3_bucket_files_dag.py
[2026-02-07T09:27:50.956+0000] {logging_mixin.py:188} INFO - [2026-02-07T09:27:50.955+0000] {dag.py:3089} INFO - Sync 1 DAGs
[2026-02-07T09:27:50.974+0000] {logging_mixin.py:188} INFO - [2026-02-07T09:27:50.974+0000] {dag.py:3947} INFO - Setting next_dagrun for list_s3_bucket_files_dag to None, run_after=None
[2026-02-07T09:27:51.007+0000] {processor.py:183} INFO - Processing /home/cloud/codings/airflow/dags/list_s3_bucket_files_dag.py took 0.106 seconds
[2026-02-07T09:28:22.008+0000] {processor.py:161} INFO - Started process (PID=150296) to work on /home/cloud/codings/airflow/dags/list_s3_bucket_files_dag.py
[2026-02-07T09:28:22.010+0000] {processor.py:830} INFO - Processing file /home/cloud/codings/airflow/dags/list_s3_bucket_files_dag.py for tasks to queue
[2026-02-07T09:28:22.011+0000] {logging_mixin.py:188} INFO - [2026-02-07T09:28:22.010+0000] {dagbag.py:545} INFO - Filling up the DagBag from /home/cloud/codings/airflow/dags/list_s3_bucket_files_dag.py
[2026-02-07T09:28:22.022+0000] {processor.py:840} INFO - DAG(s) 'list_s3_bucket_files_dag' retrieved from /home/cloud/codings/airflow/dags/list_s3_bucket_files_dag.py
[2026-02-07T09:28:22.044+0000] {logging_mixin.py:188} INFO - [2026-02-07T09:28:22.044+0000] {dag.py:3089} INFO - Sync 1 DAGs
[2026-02-07T09:28:22.058+0000] {logging_mixin.py:188} INFO - [2026-02-07T09:28:22.058+0000] {dag.py:3947} INFO - Setting next_dagrun for list_s3_bucket_files_dag to None, run_after=None
[2026-02-07T09:28:22.235+0000] {processor.py:183} INFO - Processing /home/cloud/codings/airflow/dags/list_s3_bucket_files_dag.py took 0.234 seconds
[2026-02-07T09:28:53.009+0000] {processor.py:161} INFO - Started process (PID=150368) to work on /home/cloud/codings/airflow/dags/list_s3_bucket_files_dag.py
[2026-02-07T09:28:53.011+0000] {processor.py:830} INFO - Processing file /home/cloud/codings/airflow/dags/list_s3_bucket_files_dag.py for tasks to queue
[2026-02-07T09:28:53.013+0000] {logging_mixin.py:188} INFO - [2026-02-07T09:28:53.012+0000] {dagbag.py:545} INFO - Filling up the DagBag from /home/cloud/codings/airflow/dags/list_s3_bucket_files_dag.py
[2026-02-07T09:28:53.026+0000] {processor.py:840} INFO - DAG(s) 'list_s3_bucket_files_dag' retrieved from /home/cloud/codings/airflow/dags/list_s3_bucket_files_dag.py
[2026-02-07T09:28:53.052+0000] {logging_mixin.py:188} INFO - [2026-02-07T09:28:53.051+0000] {dag.py:3089} INFO - Sync 1 DAGs
[2026-02-07T09:28:53.229+0000] {logging_mixin.py:188} INFO - [2026-02-07T09:28:53.229+0000] {dag.py:3947} INFO - Setting next_dagrun for list_s3_bucket_files_dag to None, run_after=None
[2026-02-07T09:28:53.251+0000] {processor.py:183} INFO - Processing /home/cloud/codings/airflow/dags/list_s3_bucket_files_dag.py took 0.250 seconds
[2026-02-07T09:29:24.335+0000] {processor.py:161} INFO - Started process (PID=150440) to work on /home/cloud/codings/airflow/dags/list_s3_bucket_files_dag.py
[2026-02-07T09:29:24.337+0000] {processor.py:830} INFO - Processing file /home/cloud/codings/airflow/dags/list_s3_bucket_files_dag.py for tasks to queue
[2026-02-07T09:29:24.340+0000] {logging_mixin.py:188} INFO - [2026-02-07T09:29:24.339+0000] {dagbag.py:545} INFO - Filling up the DagBag from /home/cloud/codings/airflow/dags/list_s3_bucket_files_dag.py
[2026-02-07T09:29:24.352+0000] {processor.py:840} INFO - DAG(s) 'list_s3_bucket_files_dag' retrieved from /home/cloud/codings/airflow/dags/list_s3_bucket_files_dag.py
[2026-02-07T09:29:24.539+0000] {logging_mixin.py:188} INFO - [2026-02-07T09:29:24.538+0000] {dag.py:3089} INFO - Sync 1 DAGs
[2026-02-07T09:29:24.549+0000] {logging_mixin.py:188} INFO - [2026-02-07T09:29:24.549+0000] {dag.py:3947} INFO - Setting next_dagrun for list_s3_bucket_files_dag to None, run_after=None
[2026-02-07T09:29:24.574+0000] {processor.py:183} INFO - Processing /home/cloud/codings/airflow/dags/list_s3_bucket_files_dag.py took 0.247 seconds
[2026-02-07T09:29:55.183+0000] {processor.py:161} INFO - Started process (PID=150512) to work on /home/cloud/codings/airflow/dags/list_s3_bucket_files_dag.py
[2026-02-07T09:29:55.185+0000] {processor.py:830} INFO - Processing file /home/cloud/codings/airflow/dags/list_s3_bucket_files_dag.py for tasks to queue
[2026-02-07T09:29:55.186+0000] {logging_mixin.py:188} INFO - [2026-02-07T09:29:55.185+0000] {dagbag.py:545} INFO - Filling up the DagBag from /home/cloud/codings/airflow/dags/list_s3_bucket_files_dag.py
[2026-02-07T09:29:55.197+0000] {processor.py:840} INFO - DAG(s) 'list_s3_bucket_files_dag' retrieved from /home/cloud/codings/airflow/dags/list_s3_bucket_files_dag.py
[2026-02-07T09:29:55.218+0000] {logging_mixin.py:188} INFO - [2026-02-07T09:29:55.218+0000] {dag.py:3089} INFO - Sync 1 DAGs
[2026-02-07T09:29:55.233+0000] {logging_mixin.py:188} INFO - [2026-02-07T09:29:55.232+0000] {dag.py:3947} INFO - Setting next_dagrun for list_s3_bucket_files_dag to None, run_after=None
[2026-02-07T09:29:55.256+0000] {processor.py:183} INFO - Processing /home/cloud/codings/airflow/dags/list_s3_bucket_files_dag.py took 0.080 seconds
[2026-02-07T09:30:25.606+0000] {processor.py:161} INFO - Started process (PID=150572) to work on /home/cloud/codings/airflow/dags/list_s3_bucket_files_dag.py
[2026-02-07T09:30:25.607+0000] {processor.py:830} INFO - Processing file /home/cloud/codings/airflow/dags/list_s3_bucket_files_dag.py for tasks to queue
[2026-02-07T09:30:25.608+0000] {logging_mixin.py:188} INFO - [2026-02-07T09:30:25.608+0000] {dagbag.py:545} INFO - Filling up the DagBag from /home/cloud/codings/airflow/dags/list_s3_bucket_files_dag.py
[2026-02-07T09:30:25.619+0000] {processor.py:840} INFO - DAG(s) 'list_s3_bucket_files_dag' retrieved from /home/cloud/codings/airflow/dags/list_s3_bucket_files_dag.py
[2026-02-07T09:30:25.641+0000] {logging_mixin.py:188} INFO - [2026-02-07T09:30:25.640+0000] {dag.py:3089} INFO - Sync 1 DAGs
[2026-02-07T09:30:25.654+0000] {logging_mixin.py:188} INFO - [2026-02-07T09:30:25.653+0000] {dag.py:3947} INFO - Setting next_dagrun for list_s3_bucket_files_dag to None, run_after=None
[2026-02-07T09:30:25.677+0000] {processor.py:183} INFO - Processing /home/cloud/codings/airflow/dags/list_s3_bucket_files_dag.py took 0.077 seconds
[2026-02-07T09:30:55.775+0000] {processor.py:161} INFO - Started process (PID=150639) to work on /home/cloud/codings/airflow/dags/list_s3_bucket_files_dag.py
[2026-02-07T09:30:55.776+0000] {processor.py:830} INFO - Processing file /home/cloud/codings/airflow/dags/list_s3_bucket_files_dag.py for tasks to queue
[2026-02-07T09:30:55.777+0000] {logging_mixin.py:188} INFO - [2026-02-07T09:30:55.776+0000] {dagbag.py:545} INFO - Filling up the DagBag from /home/cloud/codings/airflow/dags/list_s3_bucket_files_dag.py
[2026-02-07T09:30:55.788+0000] {processor.py:840} INFO - DAG(s) 'list_s3_bucket_files_dag' retrieved from /home/cloud/codings/airflow/dags/list_s3_bucket_files_dag.py
[2026-02-07T09:30:55.807+0000] {logging_mixin.py:188} INFO - [2026-02-07T09:30:55.807+0000] {dag.py:3089} INFO - Sync 1 DAGs
[2026-02-07T09:30:55.820+0000] {logging_mixin.py:188} INFO - [2026-02-07T09:30:55.820+0000] {dag.py:3947} INFO - Setting next_dagrun for list_s3_bucket_files_dag to None, run_after=None
[2026-02-07T09:30:55.844+0000] {processor.py:183} INFO - Processing /home/cloud/codings/airflow/dags/list_s3_bucket_files_dag.py took 0.075 seconds
[2026-02-07T09:31:26.020+0000] {processor.py:161} INFO - Started process (PID=150711) to work on /home/cloud/codings/airflow/dags/list_s3_bucket_files_dag.py
[2026-02-07T09:31:26.021+0000] {processor.py:830} INFO - Processing file /home/cloud/codings/airflow/dags/list_s3_bucket_files_dag.py for tasks to queue
[2026-02-07T09:31:26.022+0000] {logging_mixin.py:188} INFO - [2026-02-07T09:31:26.022+0000] {dagbag.py:545} INFO - Filling up the DagBag from /home/cloud/codings/airflow/dags/list_s3_bucket_files_dag.py
[2026-02-07T09:31:26.034+0000] {processor.py:840} INFO - DAG(s) 'list_s3_bucket_files_dag' retrieved from /home/cloud/codings/airflow/dags/list_s3_bucket_files_dag.py
[2026-02-07T09:31:26.055+0000] {logging_mixin.py:188} INFO - [2026-02-07T09:31:26.054+0000] {dag.py:3089} INFO - Sync 1 DAGs
[2026-02-07T09:31:26.068+0000] {logging_mixin.py:188} INFO - [2026-02-07T09:31:26.068+0000] {dag.py:3947} INFO - Setting next_dagrun for list_s3_bucket_files_dag to None, run_after=None
[2026-02-07T09:31:26.094+0000] {processor.py:183} INFO - Processing /home/cloud/codings/airflow/dags/list_s3_bucket_files_dag.py took 0.081 seconds
[2026-02-07T09:31:56.472+0000] {processor.py:161} INFO - Started process (PID=150777) to work on /home/cloud/codings/airflow/dags/list_s3_bucket_files_dag.py
[2026-02-07T09:31:56.473+0000] {processor.py:830} INFO - Processing file /home/cloud/codings/airflow/dags/list_s3_bucket_files_dag.py for tasks to queue
[2026-02-07T09:31:56.474+0000] {logging_mixin.py:188} INFO - [2026-02-07T09:31:56.473+0000] {dagbag.py:545} INFO - Filling up the DagBag from /home/cloud/codings/airflow/dags/list_s3_bucket_files_dag.py
[2026-02-07T09:31:56.485+0000] {processor.py:840} INFO - DAG(s) 'list_s3_bucket_files_dag' retrieved from /home/cloud/codings/airflow/dags/list_s3_bucket_files_dag.py
[2026-02-07T09:31:56.505+0000] {logging_mixin.py:188} INFO - [2026-02-07T09:31:56.505+0000] {dag.py:3089} INFO - Sync 1 DAGs
[2026-02-07T09:31:56.519+0000] {logging_mixin.py:188} INFO - [2026-02-07T09:31:56.518+0000] {dag.py:3947} INFO - Setting next_dagrun for list_s3_bucket_files_dag to None, run_after=None
[2026-02-07T09:31:56.544+0000] {processor.py:183} INFO - Processing /home/cloud/codings/airflow/dags/list_s3_bucket_files_dag.py took 0.078 seconds
[2026-02-07T09:32:26.856+0000] {processor.py:161} INFO - Started process (PID=150849) to work on /home/cloud/codings/airflow/dags/list_s3_bucket_files_dag.py
[2026-02-07T09:32:26.857+0000] {processor.py:830} INFO - Processing file /home/cloud/codings/airflow/dags/list_s3_bucket_files_dag.py for tasks to queue
[2026-02-07T09:32:26.858+0000] {logging_mixin.py:188} INFO - [2026-02-07T09:32:26.858+0000] {dagbag.py:545} INFO - Filling up the DagBag from /home/cloud/codings/airflow/dags/list_s3_bucket_files_dag.py
[2026-02-07T09:32:26.872+0000] {processor.py:840} INFO - DAG(s) 'list_s3_bucket_files_dag' retrieved from /home/cloud/codings/airflow/dags/list_s3_bucket_files_dag.py
[2026-02-07T09:32:26.896+0000] {logging_mixin.py:188} INFO - [2026-02-07T09:32:26.896+0000] {dag.py:3089} INFO - Sync 1 DAGs
[2026-02-07T09:32:26.913+0000] {logging_mixin.py:188} INFO - [2026-02-07T09:32:26.913+0000] {dag.py:3947} INFO - Setting next_dagrun for list_s3_bucket_files_dag to None, run_after=None
[2026-02-07T09:32:26.941+0000] {processor.py:183} INFO - Processing /home/cloud/codings/airflow/dags/list_s3_bucket_files_dag.py took 0.095 seconds
[2026-02-07T09:32:57.313+0000] {processor.py:161} INFO - Started process (PID=150921) to work on /home/cloud/codings/airflow/dags/list_s3_bucket_files_dag.py
[2026-02-07T09:32:57.315+0000] {processor.py:830} INFO - Processing file /home/cloud/codings/airflow/dags/list_s3_bucket_files_dag.py for tasks to queue
[2026-02-07T09:32:57.316+0000] {logging_mixin.py:188} INFO - [2026-02-07T09:32:57.315+0000] {dagbag.py:545} INFO - Filling up the DagBag from /home/cloud/codings/airflow/dags/list_s3_bucket_files_dag.py
[2026-02-07T09:32:57.328+0000] {processor.py:840} INFO - DAG(s) 'list_s3_bucket_files_dag' retrieved from /home/cloud/codings/airflow/dags/list_s3_bucket_files_dag.py
[2026-02-07T09:32:57.350+0000] {logging_mixin.py:188} INFO - [2026-02-07T09:32:57.350+0000] {dag.py:3089} INFO - Sync 1 DAGs
[2026-02-07T09:32:57.364+0000] {logging_mixin.py:188} INFO - [2026-02-07T09:32:57.364+0000] {dag.py:3947} INFO - Setting next_dagrun for list_s3_bucket_files_dag to None, run_after=None
[2026-02-07T09:32:57.566+0000] {processor.py:183} INFO - Processing /home/cloud/codings/airflow/dags/list_s3_bucket_files_dag.py took 0.260 seconds
[2026-02-07T09:33:29.558+0000] {processor.py:161} INFO - Started process (PID=150993) to work on /home/cloud/codings/airflow/dags/list_s3_bucket_files_dag.py
[2026-02-07T09:33:29.560+0000] {processor.py:830} INFO - Processing file /home/cloud/codings/airflow/dags/list_s3_bucket_files_dag.py for tasks to queue
[2026-02-07T09:33:29.561+0000] {logging_mixin.py:188} INFO - [2026-02-07T09:33:29.560+0000] {dagbag.py:545} INFO - Filling up the DagBag from /home/cloud/codings/airflow/dags/list_s3_bucket_files_dag.py
[2026-02-07T09:33:29.576+0000] {processor.py:840} INFO - DAG(s) 'list_s3_bucket_files_dag' retrieved from /home/cloud/codings/airflow/dags/list_s3_bucket_files_dag.py
[2026-02-07T09:33:29.604+0000] {logging_mixin.py:188} INFO - [2026-02-07T09:33:29.604+0000] {dag.py:3089} INFO - Sync 1 DAGs
[2026-02-07T09:33:29.824+0000] {logging_mixin.py:188} INFO - [2026-02-07T09:33:29.823+0000] {dag.py:3947} INFO - Setting next_dagrun for list_s3_bucket_files_dag to None, run_after=None
[2026-02-07T09:33:29.848+0000] {processor.py:183} INFO - Processing /home/cloud/codings/airflow/dags/list_s3_bucket_files_dag.py took 0.298 seconds
[2026-02-07T09:34:00.061+0000] {processor.py:161} INFO - Started process (PID=151065) to work on /home/cloud/codings/airflow/dags/list_s3_bucket_files_dag.py
[2026-02-07T09:34:00.063+0000] {processor.py:830} INFO - Processing file /home/cloud/codings/airflow/dags/list_s3_bucket_files_dag.py for tasks to queue
[2026-02-07T09:34:00.064+0000] {logging_mixin.py:188} INFO - [2026-02-07T09:34:00.063+0000] {dagbag.py:545} INFO - Filling up the DagBag from /home/cloud/codings/airflow/dags/list_s3_bucket_files_dag.py
[2026-02-07T09:34:00.075+0000] {processor.py:840} INFO - DAG(s) 'list_s3_bucket_files_dag' retrieved from /home/cloud/codings/airflow/dags/list_s3_bucket_files_dag.py
[2026-02-07T09:34:00.256+0000] {logging_mixin.py:188} INFO - [2026-02-07T09:34:00.255+0000] {dag.py:3089} INFO - Sync 1 DAGs
[2026-02-07T09:34:00.267+0000] {logging_mixin.py:188} INFO - [2026-02-07T09:34:00.266+0000] {dag.py:3947} INFO - Setting next_dagrun for list_s3_bucket_files_dag to None, run_after=None
[2026-02-07T09:34:00.289+0000] {processor.py:183} INFO - Processing /home/cloud/codings/airflow/dags/list_s3_bucket_files_dag.py took 0.235 seconds
[2026-02-07T09:34:31.110+0000] {processor.py:161} INFO - Started process (PID=151137) to work on /home/cloud/codings/airflow/dags/list_s3_bucket_files_dag.py
[2026-02-07T09:34:31.111+0000] {processor.py:830} INFO - Processing file /home/cloud/codings/airflow/dags/list_s3_bucket_files_dag.py for tasks to queue
[2026-02-07T09:34:31.112+0000] {logging_mixin.py:188} INFO - [2026-02-07T09:34:31.111+0000] {dagbag.py:545} INFO - Filling up the DagBag from /home/cloud/codings/airflow/dags/list_s3_bucket_files_dag.py
[2026-02-07T09:34:31.122+0000] {processor.py:840} INFO - DAG(s) 'list_s3_bucket_files_dag' retrieved from /home/cloud/codings/airflow/dags/list_s3_bucket_files_dag.py
[2026-02-07T09:34:31.142+0000] {logging_mixin.py:188} INFO - [2026-02-07T09:34:31.142+0000] {dag.py:3089} INFO - Sync 1 DAGs
[2026-02-07T09:34:31.155+0000] {logging_mixin.py:188} INFO - [2026-02-07T09:34:31.155+0000] {dag.py:3947} INFO - Setting next_dagrun for list_s3_bucket_files_dag to None, run_after=None
[2026-02-07T09:34:31.181+0000] {processor.py:183} INFO - Processing /home/cloud/codings/airflow/dags/list_s3_bucket_files_dag.py took 0.078 seconds
[2026-02-07T09:35:01.398+0000] {processor.py:161} INFO - Started process (PID=151206) to work on /home/cloud/codings/airflow/dags/list_s3_bucket_files_dag.py
[2026-02-07T09:35:01.399+0000] {processor.py:830} INFO - Processing file /home/cloud/codings/airflow/dags/list_s3_bucket_files_dag.py for tasks to queue
[2026-02-07T09:35:01.400+0000] {logging_mixin.py:188} INFO - [2026-02-07T09:35:01.400+0000] {dagbag.py:545} INFO - Filling up the DagBag from /home/cloud/codings/airflow/dags/list_s3_bucket_files_dag.py
[2026-02-07T09:35:01.412+0000] {processor.py:840} INFO - DAG(s) 'list_s3_bucket_files_dag' retrieved from /home/cloud/codings/airflow/dags/list_s3_bucket_files_dag.py
[2026-02-07T09:35:01.436+0000] {logging_mixin.py:188} INFO - [2026-02-07T09:35:01.435+0000] {dag.py:3089} INFO - Sync 1 DAGs
[2026-02-07T09:35:01.452+0000] {logging_mixin.py:188} INFO - [2026-02-07T09:35:01.451+0000] {dag.py:3947} INFO - Setting next_dagrun for list_s3_bucket_files_dag to None, run_after=None
[2026-02-07T09:35:01.478+0000] {processor.py:183} INFO - Processing /home/cloud/codings/airflow/dags/list_s3_bucket_files_dag.py took 0.088 seconds
[2026-02-07T09:35:31.569+0000] {processor.py:161} INFO - Started process (PID=151266) to work on /home/cloud/codings/airflow/dags/list_s3_bucket_files_dag.py
[2026-02-07T09:35:31.570+0000] {processor.py:830} INFO - Processing file /home/cloud/codings/airflow/dags/list_s3_bucket_files_dag.py for tasks to queue
[2026-02-07T09:35:31.571+0000] {logging_mixin.py:188} INFO - [2026-02-07T09:35:31.571+0000] {dagbag.py:545} INFO - Filling up the DagBag from /home/cloud/codings/airflow/dags/list_s3_bucket_files_dag.py
[2026-02-07T09:35:31.583+0000] {processor.py:840} INFO - DAG(s) 'list_s3_bucket_files_dag' retrieved from /home/cloud/codings/airflow/dags/list_s3_bucket_files_dag.py
[2026-02-07T09:35:31.606+0000] {logging_mixin.py:188} INFO - [2026-02-07T09:35:31.606+0000] {dag.py:3089} INFO - Sync 1 DAGs
[2026-02-07T09:35:31.619+0000] {logging_mixin.py:188} INFO - [2026-02-07T09:35:31.619+0000] {dag.py:3947} INFO - Setting next_dagrun for list_s3_bucket_files_dag to None, run_after=None
[2026-02-07T09:35:31.646+0000] {processor.py:183} INFO - Processing /home/cloud/codings/airflow/dags/list_s3_bucket_files_dag.py took 0.083 seconds
[2026-02-07T09:36:02.720+0000] {processor.py:161} INFO - Started process (PID=151339) to work on /home/cloud/codings/airflow/dags/list_s3_bucket_files_dag.py
[2026-02-07T09:36:02.726+0000] {processor.py:830} INFO - Processing file /home/cloud/codings/airflow/dags/list_s3_bucket_files_dag.py for tasks to queue
[2026-02-07T09:36:02.727+0000] {logging_mixin.py:188} INFO - [2026-02-07T09:36:02.726+0000] {dagbag.py:545} INFO - Filling up the DagBag from /home/cloud/codings/airflow/dags/list_s3_bucket_files_dag.py
[2026-02-07T09:36:02.740+0000] {processor.py:840} INFO - DAG(s) 'list_s3_bucket_files_dag' retrieved from /home/cloud/codings/airflow/dags/list_s3_bucket_files_dag.py
[2026-02-07T09:36:02.764+0000] {logging_mixin.py:188} INFO - [2026-02-07T09:36:02.764+0000] {dag.py:3089} INFO - Sync 1 DAGs
[2026-02-07T09:36:02.781+0000] {logging_mixin.py:188} INFO - [2026-02-07T09:36:02.780+0000] {dag.py:3947} INFO - Setting next_dagrun for list_s3_bucket_files_dag to None, run_after=None
[2026-02-07T09:36:02.810+0000] {processor.py:183} INFO - Processing /home/cloud/codings/airflow/dags/list_s3_bucket_files_dag.py took 0.097 seconds
[2026-02-07T09:36:33.101+0000] {processor.py:161} INFO - Started process (PID=151405) to work on /home/cloud/codings/airflow/dags/list_s3_bucket_files_dag.py
[2026-02-07T09:36:33.106+0000] {processor.py:830} INFO - Processing file /home/cloud/codings/airflow/dags/list_s3_bucket_files_dag.py for tasks to queue
[2026-02-07T09:36:33.107+0000] {logging_mixin.py:188} INFO - [2026-02-07T09:36:33.107+0000] {dagbag.py:545} INFO - Filling up the DagBag from /home/cloud/codings/airflow/dags/list_s3_bucket_files_dag.py
[2026-02-07T09:36:33.120+0000] {processor.py:840} INFO - DAG(s) 'list_s3_bucket_files_dag' retrieved from /home/cloud/codings/airflow/dags/list_s3_bucket_files_dag.py
[2026-02-07T09:36:33.144+0000] {logging_mixin.py:188} INFO - [2026-02-07T09:36:33.144+0000] {dag.py:3089} INFO - Sync 1 DAGs
[2026-02-07T09:36:33.162+0000] {logging_mixin.py:188} INFO - [2026-02-07T09:36:33.161+0000] {dag.py:3947} INFO - Setting next_dagrun for list_s3_bucket_files_dag to None, run_after=None
[2026-02-07T09:36:33.193+0000] {processor.py:183} INFO - Processing /home/cloud/codings/airflow/dags/list_s3_bucket_files_dag.py took 0.101 seconds
[2026-02-07T09:37:03.761+0000] {processor.py:161} INFO - Started process (PID=151471) to work on /home/cloud/codings/airflow/dags/list_s3_bucket_files_dag.py
[2026-02-07T09:37:03.762+0000] {processor.py:830} INFO - Processing file /home/cloud/codings/airflow/dags/list_s3_bucket_files_dag.py for tasks to queue
[2026-02-07T09:37:03.763+0000] {logging_mixin.py:188} INFO - [2026-02-07T09:37:03.763+0000] {dagbag.py:545} INFO - Filling up the DagBag from /home/cloud/codings/airflow/dags/list_s3_bucket_files_dag.py
[2026-02-07T09:37:03.774+0000] {processor.py:840} INFO - DAG(s) 'list_s3_bucket_files_dag' retrieved from /home/cloud/codings/airflow/dags/list_s3_bucket_files_dag.py
[2026-02-07T09:37:03.796+0000] {logging_mixin.py:188} INFO - [2026-02-07T09:37:03.795+0000] {dag.py:3089} INFO - Sync 1 DAGs
[2026-02-07T09:37:03.812+0000] {logging_mixin.py:188} INFO - [2026-02-07T09:37:03.812+0000] {dag.py:3947} INFO - Setting next_dagrun for list_s3_bucket_files_dag to None, run_after=None
[2026-02-07T09:37:04.009+0000] {processor.py:183} INFO - Processing /home/cloud/codings/airflow/dags/list_s3_bucket_files_dag.py took 0.255 seconds
[2026-02-07T09:37:34.258+0000] {processor.py:161} INFO - Started process (PID=151543) to work on /home/cloud/codings/airflow/dags/list_s3_bucket_files_dag.py
[2026-02-07T09:37:34.264+0000] {processor.py:830} INFO - Processing file /home/cloud/codings/airflow/dags/list_s3_bucket_files_dag.py for tasks to queue
[2026-02-07T09:37:34.265+0000] {logging_mixin.py:188} INFO - [2026-02-07T09:37:34.265+0000] {dagbag.py:545} INFO - Filling up the DagBag from /home/cloud/codings/airflow/dags/list_s3_bucket_files_dag.py
[2026-02-07T09:37:34.276+0000] {processor.py:840} INFO - DAG(s) 'list_s3_bucket_files_dag' retrieved from /home/cloud/codings/airflow/dags/list_s3_bucket_files_dag.py
[2026-02-07T09:37:34.296+0000] {logging_mixin.py:188} INFO - [2026-02-07T09:37:34.295+0000] {dag.py:3089} INFO - Sync 1 DAGs
[2026-02-07T09:37:34.480+0000] {logging_mixin.py:188} INFO - [2026-02-07T09:37:34.480+0000] {dag.py:3947} INFO - Setting next_dagrun for list_s3_bucket_files_dag to None, run_after=None
[2026-02-07T09:37:34.504+0000] {processor.py:183} INFO - Processing /home/cloud/codings/airflow/dags/list_s3_bucket_files_dag.py took 0.252 seconds
[2026-02-07T09:38:04.845+0000] {processor.py:161} INFO - Started process (PID=151609) to work on /home/cloud/codings/airflow/dags/list_s3_bucket_files_dag.py
[2026-02-07T09:38:04.846+0000] {processor.py:830} INFO - Processing file /home/cloud/codings/airflow/dags/list_s3_bucket_files_dag.py for tasks to queue
[2026-02-07T09:38:04.847+0000] {logging_mixin.py:188} INFO - [2026-02-07T09:38:04.846+0000] {dagbag.py:545} INFO - Filling up the DagBag from /home/cloud/codings/airflow/dags/list_s3_bucket_files_dag.py
[2026-02-07T09:38:04.857+0000] {processor.py:840} INFO - DAG(s) 'list_s3_bucket_files_dag' retrieved from /home/cloud/codings/airflow/dags/list_s3_bucket_files_dag.py
[2026-02-07T09:38:05.041+0000] {logging_mixin.py:188} INFO - [2026-02-07T09:38:05.041+0000] {dag.py:3089} INFO - Sync 1 DAGs
[2026-02-07T09:38:05.052+0000] {logging_mixin.py:188} INFO - [2026-02-07T09:38:05.052+0000] {dag.py:3947} INFO - Setting next_dagrun for list_s3_bucket_files_dag to None, run_after=None
[2026-02-07T09:38:05.075+0000] {processor.py:183} INFO - Processing /home/cloud/codings/airflow/dags/list_s3_bucket_files_dag.py took 0.237 seconds
[2026-02-07T09:38:35.368+0000] {processor.py:161} INFO - Started process (PID=151681) to work on /home/cloud/codings/airflow/dags/list_s3_bucket_files_dag.py
[2026-02-07T09:38:35.369+0000] {processor.py:830} INFO - Processing file /home/cloud/codings/airflow/dags/list_s3_bucket_files_dag.py for tasks to queue
[2026-02-07T09:38:35.371+0000] {logging_mixin.py:188} INFO - [2026-02-07T09:38:35.371+0000] {dagbag.py:545} INFO - Filling up the DagBag from /home/cloud/codings/airflow/dags/list_s3_bucket_files_dag.py
[2026-02-07T09:38:35.382+0000] {processor.py:840} INFO - DAG(s) 'list_s3_bucket_files_dag' retrieved from /home/cloud/codings/airflow/dags/list_s3_bucket_files_dag.py
[2026-02-07T09:38:35.574+0000] {logging_mixin.py:188} INFO - [2026-02-07T09:38:35.574+0000] {dag.py:3089} INFO - Sync 1 DAGs
[2026-02-07T09:38:35.586+0000] {logging_mixin.py:188} INFO - [2026-02-07T09:38:35.585+0000] {dag.py:3947} INFO - Setting next_dagrun for list_s3_bucket_files_dag to None, run_after=None
[2026-02-07T09:38:35.611+0000] {processor.py:183} INFO - Processing /home/cloud/codings/airflow/dags/list_s3_bucket_files_dag.py took 0.251 seconds
[2026-02-07T09:39:06.659+0000] {processor.py:161} INFO - Started process (PID=151747) to work on /home/cloud/codings/airflow/dags/list_s3_bucket_files_dag.py
[2026-02-07T09:39:06.660+0000] {processor.py:830} INFO - Processing file /home/cloud/codings/airflow/dags/list_s3_bucket_files_dag.py for tasks to queue
[2026-02-07T09:39:06.661+0000] {logging_mixin.py:188} INFO - [2026-02-07T09:39:06.661+0000] {dagbag.py:545} INFO - Filling up the DagBag from /home/cloud/codings/airflow/dags/list_s3_bucket_files_dag.py
[2026-02-07T09:39:06.672+0000] {processor.py:840} INFO - DAG(s) 'list_s3_bucket_files_dag' retrieved from /home/cloud/codings/airflow/dags/list_s3_bucket_files_dag.py
[2026-02-07T09:39:06.693+0000] {logging_mixin.py:188} INFO - [2026-02-07T09:39:06.692+0000] {dag.py:3089} INFO - Sync 1 DAGs
[2026-02-07T09:39:06.705+0000] {logging_mixin.py:188} INFO - [2026-02-07T09:39:06.705+0000] {dag.py:3947} INFO - Setting next_dagrun for list_s3_bucket_files_dag to None, run_after=None
[2026-02-07T09:39:06.727+0000] {processor.py:183} INFO - Processing /home/cloud/codings/airflow/dags/list_s3_bucket_files_dag.py took 0.075 seconds
[2026-02-07T09:39:36.917+0000] {processor.py:161} INFO - Started process (PID=151819) to work on /home/cloud/codings/airflow/dags/list_s3_bucket_files_dag.py
[2026-02-07T09:39:36.921+0000] {processor.py:830} INFO - Processing file /home/cloud/codings/airflow/dags/list_s3_bucket_files_dag.py for tasks to queue
[2026-02-07T09:39:36.922+0000] {logging_mixin.py:188} INFO - [2026-02-07T09:39:36.921+0000] {dagbag.py:545} INFO - Filling up the DagBag from /home/cloud/codings/airflow/dags/list_s3_bucket_files_dag.py
[2026-02-07T09:39:36.933+0000] {processor.py:840} INFO - DAG(s) 'list_s3_bucket_files_dag' retrieved from /home/cloud/codings/airflow/dags/list_s3_bucket_files_dag.py
[2026-02-07T09:39:36.956+0000] {logging_mixin.py:188} INFO - [2026-02-07T09:39:36.956+0000] {dag.py:3089} INFO - Sync 1 DAGs
[2026-02-07T09:39:36.970+0000] {logging_mixin.py:188} INFO - [2026-02-07T09:39:36.969+0000] {dag.py:3947} INFO - Setting next_dagrun for list_s3_bucket_files_dag to None, run_after=None
[2026-02-07T09:39:36.995+0000] {processor.py:183} INFO - Processing /home/cloud/codings/airflow/dags/list_s3_bucket_files_dag.py took 0.085 seconds
[2026-02-07T09:40:07.357+0000] {processor.py:161} INFO - Started process (PID=151885) to work on /home/cloud/codings/airflow/dags/list_s3_bucket_files_dag.py
[2026-02-07T09:40:07.358+0000] {processor.py:830} INFO - Processing file /home/cloud/codings/airflow/dags/list_s3_bucket_files_dag.py for tasks to queue
[2026-02-07T09:40:07.359+0000] {logging_mixin.py:188} INFO - [2026-02-07T09:40:07.358+0000] {dagbag.py:545} INFO - Filling up the DagBag from /home/cloud/codings/airflow/dags/list_s3_bucket_files_dag.py
[2026-02-07T09:40:07.371+0000] {processor.py:840} INFO - DAG(s) 'list_s3_bucket_files_dag' retrieved from /home/cloud/codings/airflow/dags/list_s3_bucket_files_dag.py
[2026-02-07T09:40:07.393+0000] {logging_mixin.py:188} INFO - [2026-02-07T09:40:07.393+0000] {dag.py:3089} INFO - Sync 1 DAGs
[2026-02-07T09:40:07.407+0000] {logging_mixin.py:188} INFO - [2026-02-07T09:40:07.407+0000] {dag.py:3947} INFO - Setting next_dagrun for list_s3_bucket_files_dag to None, run_after=None
[2026-02-07T09:40:07.434+0000] {processor.py:183} INFO - Processing /home/cloud/codings/airflow/dags/list_s3_bucket_files_dag.py took 0.084 seconds
[2026-02-07T09:40:37.846+0000] {processor.py:161} INFO - Started process (PID=151945) to work on /home/cloud/codings/airflow/dags/list_s3_bucket_files_dag.py
[2026-02-07T09:40:37.851+0000] {processor.py:830} INFO - Processing file /home/cloud/codings/airflow/dags/list_s3_bucket_files_dag.py for tasks to queue
[2026-02-07T09:40:37.852+0000] {logging_mixin.py:188} INFO - [2026-02-07T09:40:37.852+0000] {dagbag.py:545} INFO - Filling up the DagBag from /home/cloud/codings/airflow/dags/list_s3_bucket_files_dag.py
[2026-02-07T09:40:37.864+0000] {processor.py:840} INFO - DAG(s) 'list_s3_bucket_files_dag' retrieved from /home/cloud/codings/airflow/dags/list_s3_bucket_files_dag.py
[2026-02-07T09:40:37.884+0000] {logging_mixin.py:188} INFO - [2026-02-07T09:40:37.884+0000] {dag.py:3089} INFO - Sync 1 DAGs
[2026-02-07T09:40:37.898+0000] {logging_mixin.py:188} INFO - [2026-02-07T09:40:37.897+0000] {dag.py:3947} INFO - Setting next_dagrun for list_s3_bucket_files_dag to None, run_after=None
[2026-02-07T09:40:37.922+0000] {processor.py:183} INFO - Processing /home/cloud/codings/airflow/dags/list_s3_bucket_files_dag.py took 0.082 seconds
[2026-02-07T09:41:08.911+0000] {processor.py:161} INFO - Started process (PID=152018) to work on /home/cloud/codings/airflow/dags/list_s3_bucket_files_dag.py
[2026-02-07T09:41:08.913+0000] {processor.py:830} INFO - Processing file /home/cloud/codings/airflow/dags/list_s3_bucket_files_dag.py for tasks to queue
[2026-02-07T09:41:08.915+0000] {logging_mixin.py:188} INFO - [2026-02-07T09:41:08.914+0000] {dagbag.py:545} INFO - Filling up the DagBag from /home/cloud/codings/airflow/dags/list_s3_bucket_files_dag.py
[2026-02-07T09:41:08.928+0000] {processor.py:840} INFO - DAG(s) 'list_s3_bucket_files_dag' retrieved from /home/cloud/codings/airflow/dags/list_s3_bucket_files_dag.py
[2026-02-07T09:41:08.953+0000] {logging_mixin.py:188} INFO - [2026-02-07T09:41:08.953+0000] {dag.py:3089} INFO - Sync 1 DAGs
[2026-02-07T09:41:08.971+0000] {logging_mixin.py:188} INFO - [2026-02-07T09:41:08.970+0000] {dag.py:3947} INFO - Setting next_dagrun for list_s3_bucket_files_dag to None, run_after=None
[2026-02-07T09:41:09.197+0000] {processor.py:183} INFO - Processing /home/cloud/codings/airflow/dags/list_s3_bucket_files_dag.py took 0.294 seconds
[2026-02-07T09:41:40.021+0000] {processor.py:161} INFO - Started process (PID=152084) to work on /home/cloud/codings/airflow/dags/list_s3_bucket_files_dag.py
[2026-02-07T09:41:40.022+0000] {processor.py:830} INFO - Processing file /home/cloud/codings/airflow/dags/list_s3_bucket_files_dag.py for tasks to queue
[2026-02-07T09:41:40.023+0000] {logging_mixin.py:188} INFO - [2026-02-07T09:41:40.023+0000] {dagbag.py:545} INFO - Filling up the DagBag from /home/cloud/codings/airflow/dags/list_s3_bucket_files_dag.py
[2026-02-07T09:41:40.033+0000] {processor.py:840} INFO - DAG(s) 'list_s3_bucket_files_dag' retrieved from /home/cloud/codings/airflow/dags/list_s3_bucket_files_dag.py
[2026-02-07T09:41:40.053+0000] {logging_mixin.py:188} INFO - [2026-02-07T09:41:40.052+0000] {dag.py:3089} INFO - Sync 1 DAGs
[2026-02-07T09:41:40.247+0000] {logging_mixin.py:188} INFO - [2026-02-07T09:41:40.247+0000] {dag.py:3947} INFO - Setting next_dagrun for list_s3_bucket_files_dag to None, run_after=None
[2026-02-07T09:41:40.271+0000] {processor.py:183} INFO - Processing /home/cloud/codings/airflow/dags/list_s3_bucket_files_dag.py took 0.257 seconds
[2026-02-07T09:42:11.234+0000] {processor.py:161} INFO - Started process (PID=152153) to work on /home/cloud/codings/airflow/dags/list_s3_bucket_files_dag.py
[2026-02-07T09:42:11.235+0000] {processor.py:830} INFO - Processing file /home/cloud/codings/airflow/dags/list_s3_bucket_files_dag.py for tasks to queue
[2026-02-07T09:42:11.237+0000] {logging_mixin.py:188} INFO - [2026-02-07T09:42:11.236+0000] {dagbag.py:545} INFO - Filling up the DagBag from /home/cloud/codings/airflow/dags/list_s3_bucket_files_dag.py
[2026-02-07T09:42:11.248+0000] {processor.py:840} INFO - DAG(s) 'list_s3_bucket_files_dag' retrieved from /home/cloud/codings/airflow/dags/list_s3_bucket_files_dag.py
[2026-02-07T09:42:11.269+0000] {logging_mixin.py:188} INFO - [2026-02-07T09:42:11.268+0000] {dag.py:3089} INFO - Sync 1 DAGs
[2026-02-07T09:42:11.449+0000] {logging_mixin.py:188} INFO - [2026-02-07T09:42:11.449+0000] {dag.py:3947} INFO - Setting next_dagrun for list_s3_bucket_files_dag to None, run_after=None
[2026-02-07T09:42:11.475+0000] {processor.py:183} INFO - Processing /home/cloud/codings/airflow/dags/list_s3_bucket_files_dag.py took 0.248 seconds
[2026-02-07T09:42:42.372+0000] {processor.py:161} INFO - Started process (PID=152222) to work on /home/cloud/codings/airflow/dags/list_s3_bucket_files_dag.py
[2026-02-07T09:42:42.372+0000] {processor.py:830} INFO - Processing file /home/cloud/codings/airflow/dags/list_s3_bucket_files_dag.py for tasks to queue
[2026-02-07T09:42:42.373+0000] {logging_mixin.py:188} INFO - [2026-02-07T09:42:42.373+0000] {dagbag.py:545} INFO - Filling up the DagBag from /home/cloud/codings/airflow/dags/list_s3_bucket_files_dag.py
[2026-02-07T09:42:42.383+0000] {processor.py:840} INFO - DAG(s) 'list_s3_bucket_files_dag' retrieved from /home/cloud/codings/airflow/dags/list_s3_bucket_files_dag.py
[2026-02-07T09:42:42.568+0000] {logging_mixin.py:188} INFO - [2026-02-07T09:42:42.567+0000] {dag.py:3089} INFO - Sync 1 DAGs
[2026-02-07T09:42:42.578+0000] {logging_mixin.py:188} INFO - [2026-02-07T09:42:42.578+0000] {dag.py:3947} INFO - Setting next_dagrun for list_s3_bucket_files_dag to None, run_after=None
[2026-02-07T09:42:42.606+0000] {processor.py:183} INFO - Processing /home/cloud/codings/airflow/dags/list_s3_bucket_files_dag.py took 0.240 seconds
[2026-02-07T09:43:13.555+0000] {processor.py:161} INFO - Started process (PID=152294) to work on /home/cloud/codings/airflow/dags/list_s3_bucket_files_dag.py
[2026-02-07T09:43:13.557+0000] {processor.py:830} INFO - Processing file /home/cloud/codings/airflow/dags/list_s3_bucket_files_dag.py for tasks to queue
[2026-02-07T09:43:13.558+0000] {logging_mixin.py:188} INFO - [2026-02-07T09:43:13.557+0000] {dagbag.py:545} INFO - Filling up the DagBag from /home/cloud/codings/airflow/dags/list_s3_bucket_files_dag.py
[2026-02-07T09:43:13.569+0000] {processor.py:840} INFO - DAG(s) 'list_s3_bucket_files_dag' retrieved from /home/cloud/codings/airflow/dags/list_s3_bucket_files_dag.py
[2026-02-07T09:43:13.760+0000] {logging_mixin.py:188} INFO - [2026-02-07T09:43:13.760+0000] {dag.py:3089} INFO - Sync 1 DAGs
[2026-02-07T09:43:13.773+0000] {logging_mixin.py:188} INFO - [2026-02-07T09:43:13.772+0000] {dag.py:3947} INFO - Setting next_dagrun for list_s3_bucket_files_dag to None, run_after=None
[2026-02-07T09:43:13.797+0000] {processor.py:183} INFO - Processing /home/cloud/codings/airflow/dags/list_s3_bucket_files_dag.py took 0.248 seconds
[2026-02-07T09:43:44.142+0000] {processor.py:161} INFO - Started process (PID=152360) to work on /home/cloud/codings/airflow/dags/list_s3_bucket_files_dag.py
[2026-02-07T09:43:44.143+0000] {processor.py:830} INFO - Processing file /home/cloud/codings/airflow/dags/list_s3_bucket_files_dag.py for tasks to queue
[2026-02-07T09:43:44.144+0000] {logging_mixin.py:188} INFO - [2026-02-07T09:43:44.143+0000] {dagbag.py:545} INFO - Filling up the DagBag from /home/cloud/codings/airflow/dags/list_s3_bucket_files_dag.py
[2026-02-07T09:43:44.154+0000] {processor.py:840} INFO - DAG(s) 'list_s3_bucket_files_dag' retrieved from /home/cloud/codings/airflow/dags/list_s3_bucket_files_dag.py
[2026-02-07T09:43:44.174+0000] {logging_mixin.py:188} INFO - [2026-02-07T09:43:44.173+0000] {dag.py:3089} INFO - Sync 1 DAGs
[2026-02-07T09:43:44.186+0000] {logging_mixin.py:188} INFO - [2026-02-07T09:43:44.186+0000] {dag.py:3947} INFO - Setting next_dagrun for list_s3_bucket_files_dag to None, run_after=None
[2026-02-07T09:43:44.211+0000] {processor.py:183} INFO - Processing /home/cloud/codings/airflow/dags/list_s3_bucket_files_dag.py took 0.075 seconds
[2026-02-07T09:44:14.349+0000] {processor.py:161} INFO - Started process (PID=152426) to work on /home/cloud/codings/airflow/dags/list_s3_bucket_files_dag.py
[2026-02-07T09:44:14.350+0000] {processor.py:830} INFO - Processing file /home/cloud/codings/airflow/dags/list_s3_bucket_files_dag.py for tasks to queue
[2026-02-07T09:44:14.351+0000] {logging_mixin.py:188} INFO - [2026-02-07T09:44:14.351+0000] {dagbag.py:545} INFO - Filling up the DagBag from /home/cloud/codings/airflow/dags/list_s3_bucket_files_dag.py
[2026-02-07T09:44:14.364+0000] {processor.py:840} INFO - DAG(s) 'list_s3_bucket_files_dag' retrieved from /home/cloud/codings/airflow/dags/list_s3_bucket_files_dag.py
[2026-02-07T09:44:14.388+0000] {logging_mixin.py:188} INFO - [2026-02-07T09:44:14.388+0000] {dag.py:3089} INFO - Sync 1 DAGs
[2026-02-07T09:44:14.405+0000] {logging_mixin.py:188} INFO - [2026-02-07T09:44:14.405+0000] {dag.py:3947} INFO - Setting next_dagrun for list_s3_bucket_files_dag to None, run_after=None
[2026-02-07T09:44:14.432+0000] {processor.py:183} INFO - Processing /home/cloud/codings/airflow/dags/list_s3_bucket_files_dag.py took 0.091 seconds
[2026-02-07T09:44:44.524+0000] {processor.py:161} INFO - Started process (PID=152492) to work on /home/cloud/codings/airflow/dags/list_s3_bucket_files_dag.py
[2026-02-07T09:44:44.525+0000] {processor.py:830} INFO - Processing file /home/cloud/codings/airflow/dags/list_s3_bucket_files_dag.py for tasks to queue
[2026-02-07T09:44:44.525+0000] {logging_mixin.py:188} INFO - [2026-02-07T09:44:44.525+0000] {dagbag.py:545} INFO - Filling up the DagBag from /home/cloud/codings/airflow/dags/list_s3_bucket_files_dag.py
[2026-02-07T09:44:44.536+0000] {processor.py:840} INFO - DAG(s) 'list_s3_bucket_files_dag' retrieved from /home/cloud/codings/airflow/dags/list_s3_bucket_files_dag.py
[2026-02-07T09:44:44.560+0000] {logging_mixin.py:188} INFO - [2026-02-07T09:44:44.560+0000] {dag.py:3089} INFO - Sync 1 DAGs
[2026-02-07T09:44:44.574+0000] {logging_mixin.py:188} INFO - [2026-02-07T09:44:44.574+0000] {dag.py:3947} INFO - Setting next_dagrun for list_s3_bucket_files_dag to None, run_after=None
[2026-02-07T09:44:44.600+0000] {processor.py:183} INFO - Processing /home/cloud/codings/airflow/dags/list_s3_bucket_files_dag.py took 0.084 seconds
[2026-02-07T09:45:15.427+0000] {processor.py:161} INFO - Started process (PID=152564) to work on /home/cloud/codings/airflow/dags/list_s3_bucket_files_dag.py
[2026-02-07T09:45:15.429+0000] {processor.py:830} INFO - Processing file /home/cloud/codings/airflow/dags/list_s3_bucket_files_dag.py for tasks to queue
[2026-02-07T09:45:15.430+0000] {logging_mixin.py:188} INFO - [2026-02-07T09:45:15.430+0000] {dagbag.py:545} INFO - Filling up the DagBag from /home/cloud/codings/airflow/dags/list_s3_bucket_files_dag.py
[2026-02-07T09:45:15.442+0000] {processor.py:840} INFO - DAG(s) 'list_s3_bucket_files_dag' retrieved from /home/cloud/codings/airflow/dags/list_s3_bucket_files_dag.py
[2026-02-07T09:45:15.470+0000] {logging_mixin.py:188} INFO - [2026-02-07T09:45:15.469+0000] {dag.py:3089} INFO - Sync 1 DAGs
[2026-02-07T09:45:15.485+0000] {logging_mixin.py:188} INFO - [2026-02-07T09:45:15.485+0000] {dag.py:3947} INFO - Setting next_dagrun for list_s3_bucket_files_dag to None, run_after=None
[2026-02-07T09:45:15.515+0000] {processor.py:183} INFO - Processing /home/cloud/codings/airflow/dags/list_s3_bucket_files_dag.py took 0.096 seconds
[2026-02-07T09:45:45.674+0000] {processor.py:161} INFO - Started process (PID=152618) to work on /home/cloud/codings/airflow/dags/list_s3_bucket_files_dag.py
[2026-02-07T09:45:45.675+0000] {processor.py:830} INFO - Processing file /home/cloud/codings/airflow/dags/list_s3_bucket_files_dag.py for tasks to queue
[2026-02-07T09:45:45.675+0000] {logging_mixin.py:188} INFO - [2026-02-07T09:45:45.675+0000] {dagbag.py:545} INFO - Filling up the DagBag from /home/cloud/codings/airflow/dags/list_s3_bucket_files_dag.py
[2026-02-07T09:45:45.687+0000] {processor.py:840} INFO - DAG(s) 'list_s3_bucket_files_dag' retrieved from /home/cloud/codings/airflow/dags/list_s3_bucket_files_dag.py
[2026-02-07T09:45:45.711+0000] {logging_mixin.py:188} INFO - [2026-02-07T09:45:45.711+0000] {dag.py:3089} INFO - Sync 1 DAGs
[2026-02-07T09:45:45.725+0000] {logging_mixin.py:188} INFO - [2026-02-07T09:45:45.725+0000] {dag.py:3947} INFO - Setting next_dagrun for list_s3_bucket_files_dag to None, run_after=None
[2026-02-07T09:45:45.753+0000] {processor.py:183} INFO - Processing /home/cloud/codings/airflow/dags/list_s3_bucket_files_dag.py took 0.086 seconds
[2026-02-07T09:46:16.402+0000] {processor.py:161} INFO - Started process (PID=152690) to work on /home/cloud/codings/airflow/dags/list_s3_bucket_files_dag.py
[2026-02-07T09:46:16.404+0000] {processor.py:830} INFO - Processing file /home/cloud/codings/airflow/dags/list_s3_bucket_files_dag.py for tasks to queue
[2026-02-07T09:46:16.405+0000] {logging_mixin.py:188} INFO - [2026-02-07T09:46:16.404+0000] {dagbag.py:545} INFO - Filling up the DagBag from /home/cloud/codings/airflow/dags/list_s3_bucket_files_dag.py
[2026-02-07T09:46:16.416+0000] {processor.py:840} INFO - DAG(s) 'list_s3_bucket_files_dag' retrieved from /home/cloud/codings/airflow/dags/list_s3_bucket_files_dag.py
[2026-02-07T09:46:16.439+0000] {logging_mixin.py:188} INFO - [2026-02-07T09:46:16.439+0000] {dag.py:3089} INFO - Sync 1 DAGs
[2026-02-07T09:46:16.454+0000] {logging_mixin.py:188} INFO - [2026-02-07T09:46:16.454+0000] {dag.py:3947} INFO - Setting next_dagrun for list_s3_bucket_files_dag to None, run_after=None
[2026-02-07T09:46:16.479+0000] {processor.py:183} INFO - Processing /home/cloud/codings/airflow/dags/list_s3_bucket_files_dag.py took 0.084 seconds
[2026-02-07T09:46:46.736+0000] {processor.py:161} INFO - Started process (PID=152757) to work on /home/cloud/codings/airflow/dags/list_s3_bucket_files_dag.py
[2026-02-07T09:46:46.737+0000] {processor.py:830} INFO - Processing file /home/cloud/codings/airflow/dags/list_s3_bucket_files_dag.py for tasks to queue
[2026-02-07T09:46:46.738+0000] {logging_mixin.py:188} INFO - [2026-02-07T09:46:46.738+0000] {dagbag.py:545} INFO - Filling up the DagBag from /home/cloud/codings/airflow/dags/list_s3_bucket_files_dag.py
[2026-02-07T09:46:46.752+0000] {processor.py:840} INFO - DAG(s) 'list_s3_bucket_files_dag' retrieved from /home/cloud/codings/airflow/dags/list_s3_bucket_files_dag.py
[2026-02-07T09:46:46.777+0000] {logging_mixin.py:188} INFO - [2026-02-07T09:46:46.776+0000] {dag.py:3089} INFO - Sync 1 DAGs
[2026-02-07T09:46:46.794+0000] {logging_mixin.py:188} INFO - [2026-02-07T09:46:46.794+0000] {dag.py:3947} INFO - Setting next_dagrun for list_s3_bucket_files_dag to None, run_after=None
[2026-02-07T09:46:46.820+0000] {processor.py:183} INFO - Processing /home/cloud/codings/airflow/dags/list_s3_bucket_files_dag.py took 0.092 seconds
[2026-02-07T09:47:17.117+0000] {processor.py:161} INFO - Started process (PID=152823) to work on /home/cloud/codings/airflow/dags/list_s3_bucket_files_dag.py
[2026-02-07T09:47:17.118+0000] {processor.py:830} INFO - Processing file /home/cloud/codings/airflow/dags/list_s3_bucket_files_dag.py for tasks to queue
[2026-02-07T09:47:17.119+0000] {logging_mixin.py:188} INFO - [2026-02-07T09:47:17.119+0000] {dagbag.py:545} INFO - Filling up the DagBag from /home/cloud/codings/airflow/dags/list_s3_bucket_files_dag.py
[2026-02-07T09:47:17.131+0000] {processor.py:840} INFO - DAG(s) 'list_s3_bucket_files_dag' retrieved from /home/cloud/codings/airflow/dags/list_s3_bucket_files_dag.py
[2026-02-07T09:47:17.151+0000] {logging_mixin.py:188} INFO - [2026-02-07T09:47:17.151+0000] {dag.py:3089} INFO - Sync 1 DAGs
[2026-02-07T09:47:17.166+0000] {logging_mixin.py:188} INFO - [2026-02-07T09:47:17.166+0000] {dag.py:3947} INFO - Setting next_dagrun for list_s3_bucket_files_dag to None, run_after=None
[2026-02-07T09:47:17.191+0000] {processor.py:183} INFO - Processing /home/cloud/codings/airflow/dags/list_s3_bucket_files_dag.py took 0.081 seconds
[2026-02-07T09:47:47.740+0000] {processor.py:161} INFO - Started process (PID=152895) to work on /home/cloud/codings/airflow/dags/list_s3_bucket_files_dag.py
[2026-02-07T09:47:47.741+0000] {processor.py:830} INFO - Processing file /home/cloud/codings/airflow/dags/list_s3_bucket_files_dag.py for tasks to queue
[2026-02-07T09:47:47.742+0000] {logging_mixin.py:188} INFO - [2026-02-07T09:47:47.741+0000] {dagbag.py:545} INFO - Filling up the DagBag from /home/cloud/codings/airflow/dags/list_s3_bucket_files_dag.py
[2026-02-07T09:47:47.754+0000] {processor.py:840} INFO - DAG(s) 'list_s3_bucket_files_dag' retrieved from /home/cloud/codings/airflow/dags/list_s3_bucket_files_dag.py
[2026-02-07T09:47:47.776+0000] {logging_mixin.py:188} INFO - [2026-02-07T09:47:47.775+0000] {dag.py:3089} INFO - Sync 1 DAGs
[2026-02-07T09:47:47.792+0000] {logging_mixin.py:188} INFO - [2026-02-07T09:47:47.791+0000] {dag.py:3947} INFO - Setting next_dagrun for list_s3_bucket_files_dag to None, run_after=None
[2026-02-07T09:47:47.819+0000] {processor.py:183} INFO - Processing /home/cloud/codings/airflow/dags/list_s3_bucket_files_dag.py took 0.085 seconds
[2026-02-07T09:48:18.212+0000] {processor.py:161} INFO - Started process (PID=152961) to work on /home/cloud/codings/airflow/dags/list_s3_bucket_files_dag.py
[2026-02-07T09:48:18.214+0000] {processor.py:830} INFO - Processing file /home/cloud/codings/airflow/dags/list_s3_bucket_files_dag.py for tasks to queue
[2026-02-07T09:48:18.215+0000] {logging_mixin.py:188} INFO - [2026-02-07T09:48:18.214+0000] {dagbag.py:545} INFO - Filling up the DagBag from /home/cloud/codings/airflow/dags/list_s3_bucket_files_dag.py
[2026-02-07T09:48:18.226+0000] {processor.py:840} INFO - DAG(s) 'list_s3_bucket_files_dag' retrieved from /home/cloud/codings/airflow/dags/list_s3_bucket_files_dag.py
[2026-02-07T09:48:18.250+0000] {logging_mixin.py:188} INFO - [2026-02-07T09:48:18.249+0000] {dag.py:3089} INFO - Sync 1 DAGs
[2026-02-07T09:48:18.266+0000] {logging_mixin.py:188} INFO - [2026-02-07T09:48:18.266+0000] {dag.py:3947} INFO - Setting next_dagrun for list_s3_bucket_files_dag to None, run_after=None
[2026-02-07T09:48:18.294+0000] {processor.py:183} INFO - Processing /home/cloud/codings/airflow/dags/list_s3_bucket_files_dag.py took 0.089 seconds
[2026-02-07T09:48:48.657+0000] {processor.py:161} INFO - Started process (PID=153027) to work on /home/cloud/codings/airflow/dags/list_s3_bucket_files_dag.py
[2026-02-07T09:48:48.658+0000] {processor.py:830} INFO - Processing file /home/cloud/codings/airflow/dags/list_s3_bucket_files_dag.py for tasks to queue
[2026-02-07T09:48:48.659+0000] {logging_mixin.py:188} INFO - [2026-02-07T09:48:48.659+0000] {dagbag.py:545} INFO - Filling up the DagBag from /home/cloud/codings/airflow/dags/list_s3_bucket_files_dag.py
[2026-02-07T09:48:48.670+0000] {processor.py:840} INFO - DAG(s) 'list_s3_bucket_files_dag' retrieved from /home/cloud/codings/airflow/dags/list_s3_bucket_files_dag.py
[2026-02-07T09:48:48.696+0000] {logging_mixin.py:188} INFO - [2026-02-07T09:48:48.696+0000] {dag.py:3089} INFO - Sync 1 DAGs
[2026-02-07T09:48:48.713+0000] {logging_mixin.py:188} INFO - [2026-02-07T09:48:48.713+0000] {dag.py:3947} INFO - Setting next_dagrun for list_s3_bucket_files_dag to None, run_after=None
[2026-02-07T09:48:48.746+0000] {processor.py:183} INFO - Processing /home/cloud/codings/airflow/dags/list_s3_bucket_files_dag.py took 0.096 seconds
[2026-02-07T09:49:19.211+0000] {processor.py:161} INFO - Started process (PID=153093) to work on /home/cloud/codings/airflow/dags/list_s3_bucket_files_dag.py
[2026-02-07T09:49:19.213+0000] {processor.py:830} INFO - Processing file /home/cloud/codings/airflow/dags/list_s3_bucket_files_dag.py for tasks to queue
[2026-02-07T09:49:19.214+0000] {logging_mixin.py:188} INFO - [2026-02-07T09:49:19.213+0000] {dagbag.py:545} INFO - Filling up the DagBag from /home/cloud/codings/airflow/dags/list_s3_bucket_files_dag.py
[2026-02-07T09:49:19.230+0000] {processor.py:840} INFO - DAG(s) 'list_s3_bucket_files_dag' retrieved from /home/cloud/codings/airflow/dags/list_s3_bucket_files_dag.py
[2026-02-07T09:49:19.266+0000] {logging_mixin.py:188} INFO - [2026-02-07T09:49:19.265+0000] {dag.py:3089} INFO - Sync 1 DAGs
[2026-02-07T09:49:19.291+0000] {logging_mixin.py:188} INFO - [2026-02-07T09:49:19.291+0000] {dag.py:3947} INFO - Setting next_dagrun for list_s3_bucket_files_dag to None, run_after=None
[2026-02-07T09:49:19.323+0000] {processor.py:183} INFO - Processing /home/cloud/codings/airflow/dags/list_s3_bucket_files_dag.py took 0.122 seconds
[2026-02-07T09:49:49.818+0000] {processor.py:161} INFO - Started process (PID=153165) to work on /home/cloud/codings/airflow/dags/list_s3_bucket_files_dag.py
[2026-02-07T09:49:49.821+0000] {processor.py:830} INFO - Processing file /home/cloud/codings/airflow/dags/list_s3_bucket_files_dag.py for tasks to queue
[2026-02-07T09:49:49.823+0000] {logging_mixin.py:188} INFO - [2026-02-07T09:49:49.821+0000] {dagbag.py:545} INFO - Filling up the DagBag from /home/cloud/codings/airflow/dags/list_s3_bucket_files_dag.py
[2026-02-07T09:49:49.839+0000] {processor.py:840} INFO - DAG(s) 'list_s3_bucket_files_dag' retrieved from /home/cloud/codings/airflow/dags/list_s3_bucket_files_dag.py
[2026-02-07T09:49:49.876+0000] {logging_mixin.py:188} INFO - [2026-02-07T09:49:49.876+0000] {dag.py:3089} INFO - Sync 1 DAGs
[2026-02-07T09:49:49.904+0000] {logging_mixin.py:188} INFO - [2026-02-07T09:49:49.904+0000] {dag.py:3947} INFO - Setting next_dagrun for list_s3_bucket_files_dag to None, run_after=None
[2026-02-07T09:49:49.941+0000] {processor.py:183} INFO - Processing /home/cloud/codings/airflow/dags/list_s3_bucket_files_dag.py took 0.131 seconds
[2026-02-07T09:50:20.724+0000] {processor.py:161} INFO - Started process (PID=153231) to work on /home/cloud/codings/airflow/dags/list_s3_bucket_files_dag.py
[2026-02-07T09:50:20.726+0000] {processor.py:830} INFO - Processing file /home/cloud/codings/airflow/dags/list_s3_bucket_files_dag.py for tasks to queue
[2026-02-07T09:50:20.727+0000] {logging_mixin.py:188} INFO - [2026-02-07T09:50:20.726+0000] {dagbag.py:545} INFO - Filling up the DagBag from /home/cloud/codings/airflow/dags/list_s3_bucket_files_dag.py
[2026-02-07T09:50:20.740+0000] {processor.py:840} INFO - DAG(s) 'list_s3_bucket_files_dag' retrieved from /home/cloud/codings/airflow/dags/list_s3_bucket_files_dag.py
[2026-02-07T09:50:20.769+0000] {logging_mixin.py:188} INFO - [2026-02-07T09:50:20.768+0000] {dag.py:3089} INFO - Sync 1 DAGs
[2026-02-07T09:50:20.785+0000] {logging_mixin.py:188} INFO - [2026-02-07T09:50:20.785+0000] {dag.py:3947} INFO - Setting next_dagrun for list_s3_bucket_files_dag to None, run_after=None
[2026-02-07T09:50:20.812+0000] {processor.py:183} INFO - Processing /home/cloud/codings/airflow/dags/list_s3_bucket_files_dag.py took 0.095 seconds
[2026-02-07T09:50:51.059+0000] {processor.py:161} INFO - Started process (PID=153285) to work on /home/cloud/codings/airflow/dags/list_s3_bucket_files_dag.py
[2026-02-07T09:50:51.061+0000] {processor.py:830} INFO - Processing file /home/cloud/codings/airflow/dags/list_s3_bucket_files_dag.py for tasks to queue
[2026-02-07T09:50:51.063+0000] {logging_mixin.py:188} INFO - [2026-02-07T09:50:51.062+0000] {dagbag.py:545} INFO - Filling up the DagBag from /home/cloud/codings/airflow/dags/list_s3_bucket_files_dag.py
[2026-02-07T09:50:51.084+0000] {processor.py:840} INFO - DAG(s) 'list_s3_bucket_files_dag' retrieved from /home/cloud/codings/airflow/dags/list_s3_bucket_files_dag.py
[2026-02-07T09:50:51.124+0000] {logging_mixin.py:188} INFO - [2026-02-07T09:50:51.124+0000] {dag.py:3089} INFO - Sync 1 DAGs
[2026-02-07T09:50:51.152+0000] {logging_mixin.py:188} INFO - [2026-02-07T09:50:51.151+0000] {dag.py:3947} INFO - Setting next_dagrun for list_s3_bucket_files_dag to None, run_after=None
[2026-02-07T09:50:51.187+0000] {processor.py:183} INFO - Processing /home/cloud/codings/airflow/dags/list_s3_bucket_files_dag.py took 0.138 seconds
[2026-02-07T09:51:22.264+0000] {processor.py:161} INFO - Started process (PID=153357) to work on /home/cloud/codings/airflow/dags/list_s3_bucket_files_dag.py
[2026-02-07T09:51:22.266+0000] {processor.py:830} INFO - Processing file /home/cloud/codings/airflow/dags/list_s3_bucket_files_dag.py for tasks to queue
[2026-02-07T09:51:22.267+0000] {logging_mixin.py:188} INFO - [2026-02-07T09:51:22.266+0000] {dagbag.py:545} INFO - Filling up the DagBag from /home/cloud/codings/airflow/dags/list_s3_bucket_files_dag.py
[2026-02-07T09:51:22.279+0000] {processor.py:840} INFO - DAG(s) 'list_s3_bucket_files_dag' retrieved from /home/cloud/codings/airflow/dags/list_s3_bucket_files_dag.py
[2026-02-07T09:51:22.305+0000] {logging_mixin.py:188} INFO - [2026-02-07T09:51:22.305+0000] {dag.py:3089} INFO - Sync 1 DAGs
[2026-02-07T09:51:22.323+0000] {logging_mixin.py:188} INFO - [2026-02-07T09:51:22.322+0000] {dag.py:3947} INFO - Setting next_dagrun for list_s3_bucket_files_dag to None, run_after=None
[2026-02-07T09:51:22.351+0000] {processor.py:183} INFO - Processing /home/cloud/codings/airflow/dags/list_s3_bucket_files_dag.py took 0.095 seconds
[2026-02-07T09:51:52.659+0000] {processor.py:161} INFO - Started process (PID=153423) to work on /home/cloud/codings/airflow/dags/list_s3_bucket_files_dag.py
[2026-02-07T09:51:52.661+0000] {processor.py:830} INFO - Processing file /home/cloud/codings/airflow/dags/list_s3_bucket_files_dag.py for tasks to queue
[2026-02-07T09:51:52.662+0000] {logging_mixin.py:188} INFO - [2026-02-07T09:51:52.661+0000] {dagbag.py:545} INFO - Filling up the DagBag from /home/cloud/codings/airflow/dags/list_s3_bucket_files_dag.py
[2026-02-07T09:51:52.674+0000] {processor.py:840} INFO - DAG(s) 'list_s3_bucket_files_dag' retrieved from /home/cloud/codings/airflow/dags/list_s3_bucket_files_dag.py
[2026-02-07T09:51:52.704+0000] {logging_mixin.py:188} INFO - [2026-02-07T09:51:52.703+0000] {dag.py:3089} INFO - Sync 1 DAGs
[2026-02-07T09:51:52.724+0000] {logging_mixin.py:188} INFO - [2026-02-07T09:51:52.724+0000] {dag.py:3947} INFO - Setting next_dagrun for list_s3_bucket_files_dag to None, run_after=None
[2026-02-07T09:51:52.754+0000] {processor.py:183} INFO - Processing /home/cloud/codings/airflow/dags/list_s3_bucket_files_dag.py took 0.104 seconds
[2026-02-07T09:52:23.860+0000] {processor.py:161} INFO - Started process (PID=153490) to work on /home/cloud/codings/airflow/dags/list_s3_bucket_files_dag.py
[2026-02-07T09:52:23.861+0000] {processor.py:830} INFO - Processing file /home/cloud/codings/airflow/dags/list_s3_bucket_files_dag.py for tasks to queue
[2026-02-07T09:52:23.862+0000] {logging_mixin.py:188} INFO - [2026-02-07T09:52:23.861+0000] {dagbag.py:545} INFO - Filling up the DagBag from /home/cloud/codings/airflow/dags/list_s3_bucket_files_dag.py
[2026-02-07T09:52:23.872+0000] {processor.py:840} INFO - DAG(s) 'list_s3_bucket_files_dag' retrieved from /home/cloud/codings/airflow/dags/list_s3_bucket_files_dag.py
[2026-02-07T09:52:23.896+0000] {logging_mixin.py:188} INFO - [2026-02-07T09:52:23.896+0000] {dag.py:3089} INFO - Sync 1 DAGs
[2026-02-07T09:52:23.913+0000] {logging_mixin.py:188} INFO - [2026-02-07T09:52:23.912+0000] {dag.py:3947} INFO - Setting next_dagrun for list_s3_bucket_files_dag to None, run_after=None
[2026-02-07T09:52:23.939+0000] {processor.py:183} INFO - Processing /home/cloud/codings/airflow/dags/list_s3_bucket_files_dag.py took 0.086 seconds
[2026-02-07T09:52:54.984+0000] {processor.py:161} INFO - Started process (PID=153562) to work on /home/cloud/codings/airflow/dags/list_s3_bucket_files_dag.py
[2026-02-07T09:52:54.990+0000] {processor.py:830} INFO - Processing file /home/cloud/codings/airflow/dags/list_s3_bucket_files_dag.py for tasks to queue
[2026-02-07T09:52:54.991+0000] {logging_mixin.py:188} INFO - [2026-02-07T09:52:54.990+0000] {dagbag.py:545} INFO - Filling up the DagBag from /home/cloud/codings/airflow/dags/list_s3_bucket_files_dag.py
[2026-02-07T09:52:55.001+0000] {processor.py:840} INFO - DAG(s) 'list_s3_bucket_files_dag' retrieved from /home/cloud/codings/airflow/dags/list_s3_bucket_files_dag.py
[2026-02-07T09:52:55.024+0000] {logging_mixin.py:188} INFO - [2026-02-07T09:52:55.023+0000] {dag.py:3089} INFO - Sync 1 DAGs
[2026-02-07T09:52:55.041+0000] {logging_mixin.py:188} INFO - [2026-02-07T09:52:55.040+0000] {dag.py:3947} INFO - Setting next_dagrun for list_s3_bucket_files_dag to None, run_after=None
[2026-02-07T09:52:55.065+0000] {processor.py:183} INFO - Processing /home/cloud/codings/airflow/dags/list_s3_bucket_files_dag.py took 0.087 seconds
[2026-02-07T09:53:25.133+0000] {processor.py:161} INFO - Started process (PID=153628) to work on /home/cloud/codings/airflow/dags/list_s3_bucket_files_dag.py
[2026-02-07T09:53:25.134+0000] {processor.py:830} INFO - Processing file /home/cloud/codings/airflow/dags/list_s3_bucket_files_dag.py for tasks to queue
[2026-02-07T09:53:25.135+0000] {logging_mixin.py:188} INFO - [2026-02-07T09:53:25.135+0000] {dagbag.py:545} INFO - Filling up the DagBag from /home/cloud/codings/airflow/dags/list_s3_bucket_files_dag.py
[2026-02-07T09:53:25.148+0000] {processor.py:840} INFO - DAG(s) 'list_s3_bucket_files_dag' retrieved from /home/cloud/codings/airflow/dags/list_s3_bucket_files_dag.py
[2026-02-07T09:53:25.176+0000] {logging_mixin.py:188} INFO - [2026-02-07T09:53:25.175+0000] {dag.py:3089} INFO - Sync 1 DAGs
[2026-02-07T09:53:25.193+0000] {logging_mixin.py:188} INFO - [2026-02-07T09:53:25.192+0000] {dag.py:3947} INFO - Setting next_dagrun for list_s3_bucket_files_dag to None, run_after=None
[2026-02-07T09:53:25.219+0000] {processor.py:183} INFO - Processing /home/cloud/codings/airflow/dags/list_s3_bucket_files_dag.py took 0.093 seconds
[2026-02-07T09:53:55.342+0000] {processor.py:161} INFO - Started process (PID=153694) to work on /home/cloud/codings/airflow/dags/list_s3_bucket_files_dag.py
[2026-02-07T09:53:55.343+0000] {processor.py:830} INFO - Processing file /home/cloud/codings/airflow/dags/list_s3_bucket_files_dag.py for tasks to queue
[2026-02-07T09:53:55.344+0000] {logging_mixin.py:188} INFO - [2026-02-07T09:53:55.344+0000] {dagbag.py:545} INFO - Filling up the DagBag from /home/cloud/codings/airflow/dags/list_s3_bucket_files_dag.py
[2026-02-07T09:53:55.355+0000] {processor.py:840} INFO - DAG(s) 'list_s3_bucket_files_dag' retrieved from /home/cloud/codings/airflow/dags/list_s3_bucket_files_dag.py
[2026-02-07T09:53:55.386+0000] {logging_mixin.py:188} INFO - [2026-02-07T09:53:55.386+0000] {dag.py:3089} INFO - Sync 1 DAGs
[2026-02-07T09:53:55.404+0000] {logging_mixin.py:188} INFO - [2026-02-07T09:53:55.404+0000] {dag.py:3947} INFO - Setting next_dagrun for list_s3_bucket_files_dag to None, run_after=None
[2026-02-07T09:53:55.430+0000] {processor.py:183} INFO - Processing /home/cloud/codings/airflow/dags/list_s3_bucket_files_dag.py took 0.094 seconds
[2026-02-07T09:54:25.590+0000] {processor.py:161} INFO - Started process (PID=153760) to work on /home/cloud/codings/airflow/dags/list_s3_bucket_files_dag.py
[2026-02-07T09:54:25.592+0000] {processor.py:830} INFO - Processing file /home/cloud/codings/airflow/dags/list_s3_bucket_files_dag.py for tasks to queue
[2026-02-07T09:54:25.593+0000] {logging_mixin.py:188} INFO - [2026-02-07T09:54:25.592+0000] {dagbag.py:545} INFO - Filling up the DagBag from /home/cloud/codings/airflow/dags/list_s3_bucket_files_dag.py
[2026-02-07T09:54:25.603+0000] {processor.py:840} INFO - DAG(s) 'list_s3_bucket_files_dag' retrieved from /home/cloud/codings/airflow/dags/list_s3_bucket_files_dag.py
[2026-02-07T09:54:25.625+0000] {logging_mixin.py:188} INFO - [2026-02-07T09:54:25.625+0000] {dag.py:3089} INFO - Sync 1 DAGs
[2026-02-07T09:54:25.642+0000] {logging_mixin.py:188} INFO - [2026-02-07T09:54:25.641+0000] {dag.py:3947} INFO - Setting next_dagrun for list_s3_bucket_files_dag to None, run_after=None
[2026-02-07T09:54:25.672+0000] {processor.py:183} INFO - Processing /home/cloud/codings/airflow/dags/list_s3_bucket_files_dag.py took 0.088 seconds
[2026-02-07T09:54:55.881+0000] {processor.py:161} INFO - Started process (PID=153832) to work on /home/cloud/codings/airflow/dags/list_s3_bucket_files_dag.py
[2026-02-07T09:54:55.882+0000] {processor.py:830} INFO - Processing file /home/cloud/codings/airflow/dags/list_s3_bucket_files_dag.py for tasks to queue
[2026-02-07T09:54:55.883+0000] {logging_mixin.py:188} INFO - [2026-02-07T09:54:55.883+0000] {dagbag.py:545} INFO - Filling up the DagBag from /home/cloud/codings/airflow/dags/list_s3_bucket_files_dag.py
[2026-02-07T09:54:55.894+0000] {processor.py:840} INFO - DAG(s) 'list_s3_bucket_files_dag' retrieved from /home/cloud/codings/airflow/dags/list_s3_bucket_files_dag.py
[2026-02-07T09:54:55.915+0000] {logging_mixin.py:188} INFO - [2026-02-07T09:54:55.915+0000] {dag.py:3089} INFO - Sync 1 DAGs
[2026-02-07T09:54:55.933+0000] {logging_mixin.py:188} INFO - [2026-02-07T09:54:55.933+0000] {dag.py:3947} INFO - Setting next_dagrun for list_s3_bucket_files_dag to None, run_after=None
[2026-02-07T09:54:55.960+0000] {processor.py:183} INFO - Processing /home/cloud/codings/airflow/dags/list_s3_bucket_files_dag.py took 0.086 seconds
[2026-02-07T09:55:26.212+0000] {processor.py:161} INFO - Started process (PID=153916) to work on /home/cloud/codings/airflow/dags/list_s3_bucket_files_dag.py
[2026-02-07T09:55:26.215+0000] {processor.py:830} INFO - Processing file /home/cloud/codings/airflow/dags/list_s3_bucket_files_dag.py for tasks to queue
[2026-02-07T09:55:26.216+0000] {logging_mixin.py:188} INFO - [2026-02-07T09:55:26.215+0000] {dagbag.py:545} INFO - Filling up the DagBag from /home/cloud/codings/airflow/dags/list_s3_bucket_files_dag.py
[2026-02-07T09:55:26.226+0000] {processor.py:840} INFO - DAG(s) 'list_s3_bucket_files_dag' retrieved from /home/cloud/codings/airflow/dags/list_s3_bucket_files_dag.py
[2026-02-07T09:55:26.251+0000] {logging_mixin.py:188} INFO - [2026-02-07T09:55:26.251+0000] {dag.py:3089} INFO - Sync 1 DAGs
[2026-02-07T09:55:26.268+0000] {logging_mixin.py:188} INFO - [2026-02-07T09:55:26.268+0000] {dag.py:3947} INFO - Setting next_dagrun for list_s3_bucket_files_dag to None, run_after=None
[2026-02-07T09:55:26.296+0000] {processor.py:183} INFO - Processing /home/cloud/codings/airflow/dags/list_s3_bucket_files_dag.py took 0.090 seconds
[2026-02-07T09:55:56.484+0000] {processor.py:161} INFO - Started process (PID=153972) to work on /home/cloud/codings/airflow/dags/list_s3_bucket_files_dag.py
[2026-02-07T09:55:56.485+0000] {processor.py:830} INFO - Processing file /home/cloud/codings/airflow/dags/list_s3_bucket_files_dag.py for tasks to queue
[2026-02-07T09:55:56.486+0000] {logging_mixin.py:188} INFO - [2026-02-07T09:55:56.486+0000] {dagbag.py:545} INFO - Filling up the DagBag from /home/cloud/codings/airflow/dags/list_s3_bucket_files_dag.py
[2026-02-07T09:55:56.496+0000] {processor.py:840} INFO - DAG(s) 'list_s3_bucket_files_dag' retrieved from /home/cloud/codings/airflow/dags/list_s3_bucket_files_dag.py
[2026-02-07T09:55:56.519+0000] {logging_mixin.py:188} INFO - [2026-02-07T09:55:56.519+0000] {dag.py:3089} INFO - Sync 1 DAGs
[2026-02-07T09:55:56.535+0000] {logging_mixin.py:188} INFO - [2026-02-07T09:55:56.535+0000] {dag.py:3947} INFO - Setting next_dagrun for list_s3_bucket_files_dag to None, run_after=None
[2026-02-07T09:55:56.561+0000] {processor.py:183} INFO - Processing /home/cloud/codings/airflow/dags/list_s3_bucket_files_dag.py took 0.084 seconds
[2026-02-07T09:56:26.644+0000] {processor.py:161} INFO - Started process (PID=154038) to work on /home/cloud/codings/airflow/dags/list_s3_bucket_files_dag.py
[2026-02-07T09:56:26.645+0000] {processor.py:830} INFO - Processing file /home/cloud/codings/airflow/dags/list_s3_bucket_files_dag.py for tasks to queue
[2026-02-07T09:56:26.646+0000] {logging_mixin.py:188} INFO - [2026-02-07T09:56:26.645+0000] {dagbag.py:545} INFO - Filling up the DagBag from /home/cloud/codings/airflow/dags/list_s3_bucket_files_dag.py
[2026-02-07T09:56:26.656+0000] {processor.py:840} INFO - DAG(s) 'list_s3_bucket_files_dag' retrieved from /home/cloud/codings/airflow/dags/list_s3_bucket_files_dag.py
[2026-02-07T09:56:26.680+0000] {logging_mixin.py:188} INFO - [2026-02-07T09:56:26.679+0000] {dag.py:3089} INFO - Sync 1 DAGs
[2026-02-07T09:56:26.696+0000] {logging_mixin.py:188} INFO - [2026-02-07T09:56:26.696+0000] {dag.py:3947} INFO - Setting next_dagrun for list_s3_bucket_files_dag to None, run_after=None
[2026-02-07T09:56:26.722+0000] {processor.py:183} INFO - Processing /home/cloud/codings/airflow/dags/list_s3_bucket_files_dag.py took 0.085 seconds
[2026-02-07T09:56:57.618+0000] {processor.py:161} INFO - Started process (PID=154104) to work on /home/cloud/codings/airflow/dags/list_s3_bucket_files_dag.py
[2026-02-07T09:56:57.619+0000] {processor.py:830} INFO - Processing file /home/cloud/codings/airflow/dags/list_s3_bucket_files_dag.py for tasks to queue
[2026-02-07T09:56:57.620+0000] {logging_mixin.py:188} INFO - [2026-02-07T09:56:57.620+0000] {dagbag.py:545} INFO - Filling up the DagBag from /home/cloud/codings/airflow/dags/list_s3_bucket_files_dag.py
[2026-02-07T09:56:57.630+0000] {processor.py:840} INFO - DAG(s) 'list_s3_bucket_files_dag' retrieved from /home/cloud/codings/airflow/dags/list_s3_bucket_files_dag.py
[2026-02-07T09:56:57.651+0000] {logging_mixin.py:188} INFO - [2026-02-07T09:56:57.651+0000] {dag.py:3089} INFO - Sync 1 DAGs
[2026-02-07T09:56:57.667+0000] {logging_mixin.py:188} INFO - [2026-02-07T09:56:57.667+0000] {dag.py:3947} INFO - Setting next_dagrun for list_s3_bucket_files_dag to None, run_after=None
[2026-02-07T09:56:57.694+0000] {processor.py:183} INFO - Processing /home/cloud/codings/airflow/dags/list_s3_bucket_files_dag.py took 0.083 seconds
[2026-02-07T09:57:28.229+0000] {processor.py:161} INFO - Started process (PID=154176) to work on /home/cloud/codings/airflow/dags/list_s3_bucket_files_dag.py
[2026-02-07T09:57:28.230+0000] {processor.py:830} INFO - Processing file /home/cloud/codings/airflow/dags/list_s3_bucket_files_dag.py for tasks to queue
[2026-02-07T09:57:28.231+0000] {logging_mixin.py:188} INFO - [2026-02-07T09:57:28.231+0000] {dagbag.py:545} INFO - Filling up the DagBag from /home/cloud/codings/airflow/dags/list_s3_bucket_files_dag.py
[2026-02-07T09:57:28.241+0000] {processor.py:840} INFO - DAG(s) 'list_s3_bucket_files_dag' retrieved from /home/cloud/codings/airflow/dags/list_s3_bucket_files_dag.py
[2026-02-07T09:57:28.264+0000] {logging_mixin.py:188} INFO - [2026-02-07T09:57:28.264+0000] {dag.py:3089} INFO - Sync 1 DAGs
[2026-02-07T09:57:28.280+0000] {logging_mixin.py:188} INFO - [2026-02-07T09:57:28.280+0000] {dag.py:3947} INFO - Setting next_dagrun for list_s3_bucket_files_dag to None, run_after=None
[2026-02-07T09:57:28.308+0000] {processor.py:183} INFO - Processing /home/cloud/codings/airflow/dags/list_s3_bucket_files_dag.py took 0.085 seconds
[2026-02-07T09:57:58.704+0000] {processor.py:161} INFO - Started process (PID=154243) to work on /home/cloud/codings/airflow/dags/list_s3_bucket_files_dag.py
[2026-02-07T09:57:58.708+0000] {processor.py:830} INFO - Processing file /home/cloud/codings/airflow/dags/list_s3_bucket_files_dag.py for tasks to queue
[2026-02-07T09:57:58.709+0000] {logging_mixin.py:188} INFO - [2026-02-07T09:57:58.709+0000] {dagbag.py:545} INFO - Filling up the DagBag from /home/cloud/codings/airflow/dags/list_s3_bucket_files_dag.py
[2026-02-07T09:57:58.720+0000] {processor.py:840} INFO - DAG(s) 'list_s3_bucket_files_dag' retrieved from /home/cloud/codings/airflow/dags/list_s3_bucket_files_dag.py
[2026-02-07T09:57:58.745+0000] {logging_mixin.py:188} INFO - [2026-02-07T09:57:58.745+0000] {dag.py:3089} INFO - Sync 1 DAGs
[2026-02-07T09:57:58.765+0000] {logging_mixin.py:188} INFO - [2026-02-07T09:57:58.764+0000] {dag.py:3947} INFO - Setting next_dagrun for list_s3_bucket_files_dag to None, run_after=None
[2026-02-07T09:57:58.792+0000] {processor.py:183} INFO - Processing /home/cloud/codings/airflow/dags/list_s3_bucket_files_dag.py took 0.095 seconds
[2026-02-07T09:58:29.067+0000] {processor.py:161} INFO - Started process (PID=154309) to work on /home/cloud/codings/airflow/dags/list_s3_bucket_files_dag.py
[2026-02-07T09:58:29.068+0000] {processor.py:830} INFO - Processing file /home/cloud/codings/airflow/dags/list_s3_bucket_files_dag.py for tasks to queue
[2026-02-07T09:58:29.069+0000] {logging_mixin.py:188} INFO - [2026-02-07T09:58:29.068+0000] {dagbag.py:545} INFO - Filling up the DagBag from /home/cloud/codings/airflow/dags/list_s3_bucket_files_dag.py
[2026-02-07T09:58:29.080+0000] {processor.py:840} INFO - DAG(s) 'list_s3_bucket_files_dag' retrieved from /home/cloud/codings/airflow/dags/list_s3_bucket_files_dag.py
[2026-02-07T09:58:29.104+0000] {logging_mixin.py:188} INFO - [2026-02-07T09:58:29.104+0000] {dag.py:3089} INFO - Sync 1 DAGs
[2026-02-07T09:58:29.121+0000] {logging_mixin.py:188} INFO - [2026-02-07T09:58:29.121+0000] {dag.py:3947} INFO - Setting next_dagrun for list_s3_bucket_files_dag to None, run_after=None
[2026-02-07T09:58:29.148+0000] {processor.py:183} INFO - Processing /home/cloud/codings/airflow/dags/list_s3_bucket_files_dag.py took 0.088 seconds
[2026-02-07T09:58:59.410+0000] {processor.py:161} INFO - Started process (PID=154375) to work on /home/cloud/codings/airflow/dags/list_s3_bucket_files_dag.py
[2026-02-07T09:58:59.414+0000] {processor.py:830} INFO - Processing file /home/cloud/codings/airflow/dags/list_s3_bucket_files_dag.py for tasks to queue
[2026-02-07T09:58:59.415+0000] {logging_mixin.py:188} INFO - [2026-02-07T09:58:59.415+0000] {dagbag.py:545} INFO - Filling up the DagBag from /home/cloud/codings/airflow/dags/list_s3_bucket_files_dag.py
[2026-02-07T09:58:59.427+0000] {processor.py:840} INFO - DAG(s) 'list_s3_bucket_files_dag' retrieved from /home/cloud/codings/airflow/dags/list_s3_bucket_files_dag.py
[2026-02-07T09:58:59.450+0000] {logging_mixin.py:188} INFO - [2026-02-07T09:58:59.449+0000] {dag.py:3089} INFO - Sync 1 DAGs
[2026-02-07T09:58:59.465+0000] {logging_mixin.py:188} INFO - [2026-02-07T09:58:59.465+0000] {dag.py:3947} INFO - Setting next_dagrun for list_s3_bucket_files_dag to None, run_after=None
[2026-02-07T09:58:59.492+0000] {processor.py:183} INFO - Processing /home/cloud/codings/airflow/dags/list_s3_bucket_files_dag.py took 0.089 seconds
[2026-02-07T09:59:30.311+0000] {processor.py:161} INFO - Started process (PID=154447) to work on /home/cloud/codings/airflow/dags/list_s3_bucket_files_dag.py
[2026-02-07T09:59:30.312+0000] {processor.py:830} INFO - Processing file /home/cloud/codings/airflow/dags/list_s3_bucket_files_dag.py for tasks to queue
[2026-02-07T09:59:30.313+0000] {logging_mixin.py:188} INFO - [2026-02-07T09:59:30.313+0000] {dagbag.py:545} INFO - Filling up the DagBag from /home/cloud/codings/airflow/dags/list_s3_bucket_files_dag.py
[2026-02-07T09:59:30.325+0000] {processor.py:840} INFO - DAG(s) 'list_s3_bucket_files_dag' retrieved from /home/cloud/codings/airflow/dags/list_s3_bucket_files_dag.py
[2026-02-07T09:59:30.347+0000] {logging_mixin.py:188} INFO - [2026-02-07T09:59:30.347+0000] {dag.py:3089} INFO - Sync 1 DAGs
[2026-02-07T09:59:30.365+0000] {logging_mixin.py:188} INFO - [2026-02-07T09:59:30.365+0000] {dag.py:3947} INFO - Setting next_dagrun for list_s3_bucket_files_dag to None, run_after=None
[2026-02-07T09:59:30.392+0000] {processor.py:183} INFO - Processing /home/cloud/codings/airflow/dags/list_s3_bucket_files_dag.py took 0.088 seconds
[2026-02-07T10:00:00.709+0000] {processor.py:161} INFO - Started process (PID=154513) to work on /home/cloud/codings/airflow/dags/list_s3_bucket_files_dag.py
[2026-02-07T10:00:00.711+0000] {processor.py:830} INFO - Processing file /home/cloud/codings/airflow/dags/list_s3_bucket_files_dag.py for tasks to queue
[2026-02-07T10:00:00.712+0000] {logging_mixin.py:188} INFO - [2026-02-07T10:00:00.711+0000] {dagbag.py:545} INFO - Filling up the DagBag from /home/cloud/codings/airflow/dags/list_s3_bucket_files_dag.py
[2026-02-07T10:00:00.724+0000] {processor.py:840} INFO - DAG(s) 'list_s3_bucket_files_dag' retrieved from /home/cloud/codings/airflow/dags/list_s3_bucket_files_dag.py
[2026-02-07T10:00:00.752+0000] {logging_mixin.py:188} INFO - [2026-02-07T10:00:00.752+0000] {dag.py:3089} INFO - Sync 1 DAGs
[2026-02-07T10:00:00.771+0000] {logging_mixin.py:188} INFO - [2026-02-07T10:00:00.771+0000] {dag.py:3947} INFO - Setting next_dagrun for list_s3_bucket_files_dag to None, run_after=None
[2026-02-07T10:00:00.800+0000] {processor.py:183} INFO - Processing /home/cloud/codings/airflow/dags/list_s3_bucket_files_dag.py took 0.098 seconds
[2026-02-07T10:00:31.053+0000] {processor.py:161} INFO - Started process (PID=154579) to work on /home/cloud/codings/airflow/dags/list_s3_bucket_files_dag.py
[2026-02-07T10:00:31.058+0000] {processor.py:830} INFO - Processing file /home/cloud/codings/airflow/dags/list_s3_bucket_files_dag.py for tasks to queue
[2026-02-07T10:00:31.059+0000] {logging_mixin.py:188} INFO - [2026-02-07T10:00:31.058+0000] {dagbag.py:545} INFO - Filling up the DagBag from /home/cloud/codings/airflow/dags/list_s3_bucket_files_dag.py
[2026-02-07T10:00:31.070+0000] {processor.py:840} INFO - DAG(s) 'list_s3_bucket_files_dag' retrieved from /home/cloud/codings/airflow/dags/list_s3_bucket_files_dag.py
[2026-02-07T10:00:31.090+0000] {logging_mixin.py:188} INFO - [2026-02-07T10:00:31.090+0000] {dag.py:3089} INFO - Sync 1 DAGs
[2026-02-07T10:00:31.103+0000] {logging_mixin.py:188} INFO - [2026-02-07T10:00:31.103+0000] {dag.py:3947} INFO - Setting next_dagrun for list_s3_bucket_files_dag to None, run_after=None
[2026-02-07T10:00:31.127+0000] {processor.py:183} INFO - Processing /home/cloud/codings/airflow/dags/list_s3_bucket_files_dag.py took 0.081 seconds
[2026-02-07T10:01:01.677+0000] {processor.py:161} INFO - Started process (PID=154639) to work on /home/cloud/codings/airflow/dags/list_s3_bucket_files_dag.py
[2026-02-07T10:01:01.678+0000] {processor.py:830} INFO - Processing file /home/cloud/codings/airflow/dags/list_s3_bucket_files_dag.py for tasks to queue
[2026-02-07T10:01:01.679+0000] {logging_mixin.py:188} INFO - [2026-02-07T10:01:01.678+0000] {dagbag.py:545} INFO - Filling up the DagBag from /home/cloud/codings/airflow/dags/list_s3_bucket_files_dag.py
[2026-02-07T10:01:01.692+0000] {processor.py:840} INFO - DAG(s) 'list_s3_bucket_files_dag' retrieved from /home/cloud/codings/airflow/dags/list_s3_bucket_files_dag.py
[2026-02-07T10:01:01.717+0000] {logging_mixin.py:188} INFO - [2026-02-07T10:01:01.717+0000] {dag.py:3089} INFO - Sync 1 DAGs
[2026-02-07T10:01:01.733+0000] {logging_mixin.py:188} INFO - [2026-02-07T10:01:01.733+0000] {dag.py:3947} INFO - Setting next_dagrun for list_s3_bucket_files_dag to None, run_after=None
[2026-02-07T10:01:01.759+0000] {processor.py:183} INFO - Processing /home/cloud/codings/airflow/dags/list_s3_bucket_files_dag.py took 0.090 seconds
[2026-02-07T10:01:31.978+0000] {processor.py:161} INFO - Started process (PID=154705) to work on /home/cloud/codings/airflow/dags/list_s3_bucket_files_dag.py
[2026-02-07T10:01:31.979+0000] {processor.py:830} INFO - Processing file /home/cloud/codings/airflow/dags/list_s3_bucket_files_dag.py for tasks to queue
[2026-02-07T10:01:31.980+0000] {logging_mixin.py:188} INFO - [2026-02-07T10:01:31.980+0000] {dagbag.py:545} INFO - Filling up the DagBag from /home/cloud/codings/airflow/dags/list_s3_bucket_files_dag.py
[2026-02-07T10:01:31.991+0000] {processor.py:840} INFO - DAG(s) 'list_s3_bucket_files_dag' retrieved from /home/cloud/codings/airflow/dags/list_s3_bucket_files_dag.py
[2026-02-07T10:01:32.013+0000] {logging_mixin.py:188} INFO - [2026-02-07T10:01:32.012+0000] {dag.py:3089} INFO - Sync 1 DAGs
[2026-02-07T10:01:32.027+0000] {logging_mixin.py:188} INFO - [2026-02-07T10:01:32.027+0000] {dag.py:3947} INFO - Setting next_dagrun for list_s3_bucket_files_dag to None, run_after=None
[2026-02-07T10:01:32.050+0000] {processor.py:183} INFO - Processing /home/cloud/codings/airflow/dags/list_s3_bucket_files_dag.py took 0.079 seconds
[2026-02-07T10:02:02.204+0000] {processor.py:161} INFO - Started process (PID=154771) to work on /home/cloud/codings/airflow/dags/list_s3_bucket_files_dag.py
[2026-02-07T10:02:02.205+0000] {processor.py:830} INFO - Processing file /home/cloud/codings/airflow/dags/list_s3_bucket_files_dag.py for tasks to queue
[2026-02-07T10:02:02.206+0000] {logging_mixin.py:188} INFO - [2026-02-07T10:02:02.205+0000] {dagbag.py:545} INFO - Filling up the DagBag from /home/cloud/codings/airflow/dags/list_s3_bucket_files_dag.py
[2026-02-07T10:02:02.219+0000] {processor.py:840} INFO - DAG(s) 'list_s3_bucket_files_dag' retrieved from /home/cloud/codings/airflow/dags/list_s3_bucket_files_dag.py
[2026-02-07T10:02:02.243+0000] {logging_mixin.py:188} INFO - [2026-02-07T10:02:02.243+0000] {dag.py:3089} INFO - Sync 1 DAGs
[2026-02-07T10:02:02.258+0000] {logging_mixin.py:188} INFO - [2026-02-07T10:02:02.258+0000] {dag.py:3947} INFO - Setting next_dagrun for list_s3_bucket_files_dag to None, run_after=None
[2026-02-07T10:02:02.287+0000] {processor.py:183} INFO - Processing /home/cloud/codings/airflow/dags/list_s3_bucket_files_dag.py took 0.090 seconds
[2026-02-07T10:02:32.770+0000] {processor.py:161} INFO - Started process (PID=154837) to work on /home/cloud/codings/airflow/dags/list_s3_bucket_files_dag.py
[2026-02-07T10:02:32.772+0000] {processor.py:830} INFO - Processing file /home/cloud/codings/airflow/dags/list_s3_bucket_files_dag.py for tasks to queue
[2026-02-07T10:02:32.773+0000] {logging_mixin.py:188} INFO - [2026-02-07T10:02:32.772+0000] {dagbag.py:545} INFO - Filling up the DagBag from /home/cloud/codings/airflow/dags/list_s3_bucket_files_dag.py
[2026-02-07T10:02:32.788+0000] {processor.py:840} INFO - DAG(s) 'list_s3_bucket_files_dag' retrieved from /home/cloud/codings/airflow/dags/list_s3_bucket_files_dag.py
[2026-02-07T10:02:32.812+0000] {logging_mixin.py:188} INFO - [2026-02-07T10:02:32.811+0000] {dag.py:3089} INFO - Sync 1 DAGs
[2026-02-07T10:02:32.830+0000] {logging_mixin.py:188} INFO - [2026-02-07T10:02:32.830+0000] {dag.py:3947} INFO - Setting next_dagrun for list_s3_bucket_files_dag to None, run_after=None
[2026-02-07T10:02:32.859+0000] {processor.py:183} INFO - Processing /home/cloud/codings/airflow/dags/list_s3_bucket_files_dag.py took 0.096 seconds
[2026-02-07T10:03:03.552+0000] {processor.py:161} INFO - Started process (PID=154903) to work on /home/cloud/codings/airflow/dags/list_s3_bucket_files_dag.py
[2026-02-07T10:03:03.553+0000] {processor.py:830} INFO - Processing file /home/cloud/codings/airflow/dags/list_s3_bucket_files_dag.py for tasks to queue
[2026-02-07T10:03:03.553+0000] {logging_mixin.py:188} INFO - [2026-02-07T10:03:03.553+0000] {dagbag.py:545} INFO - Filling up the DagBag from /home/cloud/codings/airflow/dags/list_s3_bucket_files_dag.py
[2026-02-07T10:03:03.565+0000] {processor.py:840} INFO - DAG(s) 'list_s3_bucket_files_dag' retrieved from /home/cloud/codings/airflow/dags/list_s3_bucket_files_dag.py
[2026-02-07T10:03:03.586+0000] {logging_mixin.py:188} INFO - [2026-02-07T10:03:03.586+0000] {dag.py:3089} INFO - Sync 1 DAGs
[2026-02-07T10:03:03.601+0000] {logging_mixin.py:188} INFO - [2026-02-07T10:03:03.601+0000] {dag.py:3947} INFO - Setting next_dagrun for list_s3_bucket_files_dag to None, run_after=None
[2026-02-07T10:03:03.628+0000] {processor.py:183} INFO - Processing /home/cloud/codings/airflow/dags/list_s3_bucket_files_dag.py took 0.083 seconds
[2026-02-07T10:03:33.690+0000] {processor.py:161} INFO - Started process (PID=154970) to work on /home/cloud/codings/airflow/dags/list_s3_bucket_files_dag.py
[2026-02-07T10:03:33.691+0000] {processor.py:830} INFO - Processing file /home/cloud/codings/airflow/dags/list_s3_bucket_files_dag.py for tasks to queue
[2026-02-07T10:03:33.692+0000] {logging_mixin.py:188} INFO - [2026-02-07T10:03:33.692+0000] {dagbag.py:545} INFO - Filling up the DagBag from /home/cloud/codings/airflow/dags/list_s3_bucket_files_dag.py
[2026-02-07T10:03:33.704+0000] {processor.py:840} INFO - DAG(s) 'list_s3_bucket_files_dag' retrieved from /home/cloud/codings/airflow/dags/list_s3_bucket_files_dag.py
[2026-02-07T10:03:33.727+0000] {logging_mixin.py:188} INFO - [2026-02-07T10:03:33.726+0000] {dag.py:3089} INFO - Sync 1 DAGs
[2026-02-07T10:03:33.742+0000] {logging_mixin.py:188} INFO - [2026-02-07T10:03:33.742+0000] {dag.py:3947} INFO - Setting next_dagrun for list_s3_bucket_files_dag to None, run_after=None
[2026-02-07T10:03:33.770+0000] {processor.py:183} INFO - Processing /home/cloud/codings/airflow/dags/list_s3_bucket_files_dag.py took 0.087 seconds
[2026-02-07T10:04:04.834+0000] {processor.py:161} INFO - Started process (PID=155036) to work on /home/cloud/codings/airflow/dags/list_s3_bucket_files_dag.py
[2026-02-07T10:04:04.836+0000] {processor.py:830} INFO - Processing file /home/cloud/codings/airflow/dags/list_s3_bucket_files_dag.py for tasks to queue
[2026-02-07T10:04:04.837+0000] {logging_mixin.py:188} INFO - [2026-02-07T10:04:04.836+0000] {dagbag.py:545} INFO - Filling up the DagBag from /home/cloud/codings/airflow/dags/list_s3_bucket_files_dag.py
[2026-02-07T10:04:04.848+0000] {processor.py:840} INFO - DAG(s) 'list_s3_bucket_files_dag' retrieved from /home/cloud/codings/airflow/dags/list_s3_bucket_files_dag.py
[2026-02-07T10:04:04.870+0000] {logging_mixin.py:188} INFO - [2026-02-07T10:04:04.869+0000] {dag.py:3089} INFO - Sync 1 DAGs
[2026-02-07T10:04:04.886+0000] {logging_mixin.py:188} INFO - [2026-02-07T10:04:04.886+0000] {dag.py:3947} INFO - Setting next_dagrun for list_s3_bucket_files_dag to None, run_after=None
[2026-02-07T10:04:04.914+0000] {processor.py:183} INFO - Processing /home/cloud/codings/airflow/dags/list_s3_bucket_files_dag.py took 0.088 seconds
[2026-02-07T10:04:35.383+0000] {processor.py:161} INFO - Started process (PID=155108) to work on /home/cloud/codings/airflow/dags/list_s3_bucket_files_dag.py
[2026-02-07T10:04:35.384+0000] {processor.py:830} INFO - Processing file /home/cloud/codings/airflow/dags/list_s3_bucket_files_dag.py for tasks to queue
[2026-02-07T10:04:35.385+0000] {logging_mixin.py:188} INFO - [2026-02-07T10:04:35.384+0000] {dagbag.py:545} INFO - Filling up the DagBag from /home/cloud/codings/airflow/dags/list_s3_bucket_files_dag.py
[2026-02-07T10:04:35.395+0000] {processor.py:840} INFO - DAG(s) 'list_s3_bucket_files_dag' retrieved from /home/cloud/codings/airflow/dags/list_s3_bucket_files_dag.py
[2026-02-07T10:04:35.419+0000] {logging_mixin.py:188} INFO - [2026-02-07T10:04:35.419+0000] {dag.py:3089} INFO - Sync 1 DAGs
[2026-02-07T10:04:35.435+0000] {logging_mixin.py:188} INFO - [2026-02-07T10:04:35.434+0000] {dag.py:3947} INFO - Setting next_dagrun for list_s3_bucket_files_dag to None, run_after=None
[2026-02-07T10:04:35.462+0000] {processor.py:183} INFO - Processing /home/cloud/codings/airflow/dags/list_s3_bucket_files_dag.py took 0.086 seconds
[2026-02-07T10:05:05.800+0000] {processor.py:161} INFO - Started process (PID=155174) to work on /home/cloud/codings/airflow/dags/list_s3_bucket_files_dag.py
[2026-02-07T10:05:05.801+0000] {processor.py:830} INFO - Processing file /home/cloud/codings/airflow/dags/list_s3_bucket_files_dag.py for tasks to queue
[2026-02-07T10:05:05.803+0000] {logging_mixin.py:188} INFO - [2026-02-07T10:05:05.802+0000] {dagbag.py:545} INFO - Filling up the DagBag from /home/cloud/codings/airflow/dags/list_s3_bucket_files_dag.py
[2026-02-07T10:05:05.813+0000] {processor.py:840} INFO - DAG(s) 'list_s3_bucket_files_dag' retrieved from /home/cloud/codings/airflow/dags/list_s3_bucket_files_dag.py
[2026-02-07T10:05:05.833+0000] {logging_mixin.py:188} INFO - [2026-02-07T10:05:05.833+0000] {dag.py:3089} INFO - Sync 1 DAGs
[2026-02-07T10:05:05.849+0000] {logging_mixin.py:188} INFO - [2026-02-07T10:05:05.849+0000] {dag.py:3947} INFO - Setting next_dagrun for list_s3_bucket_files_dag to None, run_after=None
[2026-02-07T10:05:05.876+0000] {processor.py:183} INFO - Processing /home/cloud/codings/airflow/dags/list_s3_bucket_files_dag.py took 0.083 seconds
[2026-02-07T10:05:36.093+0000] {processor.py:161} INFO - Started process (PID=155240) to work on /home/cloud/codings/airflow/dags/list_s3_bucket_files_dag.py
[2026-02-07T10:05:36.094+0000] {processor.py:830} INFO - Processing file /home/cloud/codings/airflow/dags/list_s3_bucket_files_dag.py for tasks to queue
[2026-02-07T10:05:36.095+0000] {logging_mixin.py:188} INFO - [2026-02-07T10:05:36.095+0000] {dagbag.py:545} INFO - Filling up the DagBag from /home/cloud/codings/airflow/dags/list_s3_bucket_files_dag.py
[2026-02-07T10:05:36.105+0000] {processor.py:840} INFO - DAG(s) 'list_s3_bucket_files_dag' retrieved from /home/cloud/codings/airflow/dags/list_s3_bucket_files_dag.py
[2026-02-07T10:05:36.127+0000] {logging_mixin.py:188} INFO - [2026-02-07T10:05:36.126+0000] {dag.py:3089} INFO - Sync 1 DAGs
[2026-02-07T10:05:36.141+0000] {logging_mixin.py:188} INFO - [2026-02-07T10:05:36.141+0000] {dag.py:3947} INFO - Setting next_dagrun for list_s3_bucket_files_dag to None, run_after=None
[2026-02-07T10:05:36.170+0000] {processor.py:183} INFO - Processing /home/cloud/codings/airflow/dags/list_s3_bucket_files_dag.py took 0.084 seconds
[2026-02-07T10:06:06.453+0000] {processor.py:161} INFO - Started process (PID=155300) to work on /home/cloud/codings/airflow/dags/list_s3_bucket_files_dag.py
[2026-02-07T10:06:06.455+0000] {processor.py:830} INFO - Processing file /home/cloud/codings/airflow/dags/list_s3_bucket_files_dag.py for tasks to queue
[2026-02-07T10:06:06.456+0000] {logging_mixin.py:188} INFO - [2026-02-07T10:06:06.455+0000] {dagbag.py:545} INFO - Filling up the DagBag from /home/cloud/codings/airflow/dags/list_s3_bucket_files_dag.py
[2026-02-07T10:06:06.467+0000] {processor.py:840} INFO - DAG(s) 'list_s3_bucket_files_dag' retrieved from /home/cloud/codings/airflow/dags/list_s3_bucket_files_dag.py
[2026-02-07T10:06:06.488+0000] {logging_mixin.py:188} INFO - [2026-02-07T10:06:06.487+0000] {dag.py:3089} INFO - Sync 1 DAGs
[2026-02-07T10:06:06.501+0000] {logging_mixin.py:188} INFO - [2026-02-07T10:06:06.501+0000] {dag.py:3947} INFO - Setting next_dagrun for list_s3_bucket_files_dag to None, run_after=None
[2026-02-07T10:06:06.525+0000] {processor.py:183} INFO - Processing /home/cloud/codings/airflow/dags/list_s3_bucket_files_dag.py took 0.078 seconds
[2026-02-07T10:06:36.718+0000] {processor.py:161} INFO - Started process (PID=155360) to work on /home/cloud/codings/airflow/dags/list_s3_bucket_files_dag.py
[2026-02-07T10:06:36.719+0000] {processor.py:830} INFO - Processing file /home/cloud/codings/airflow/dags/list_s3_bucket_files_dag.py for tasks to queue
[2026-02-07T10:06:36.720+0000] {logging_mixin.py:188} INFO - [2026-02-07T10:06:36.719+0000] {dagbag.py:545} INFO - Filling up the DagBag from /home/cloud/codings/airflow/dags/list_s3_bucket_files_dag.py
[2026-02-07T10:06:36.732+0000] {processor.py:840} INFO - DAG(s) 'list_s3_bucket_files_dag' retrieved from /home/cloud/codings/airflow/dags/list_s3_bucket_files_dag.py
[2026-02-07T10:06:36.755+0000] {logging_mixin.py:188} INFO - [2026-02-07T10:06:36.755+0000] {dag.py:3089} INFO - Sync 1 DAGs
[2026-02-07T10:06:36.771+0000] {logging_mixin.py:188} INFO - [2026-02-07T10:06:36.770+0000] {dag.py:3947} INFO - Setting next_dagrun for list_s3_bucket_files_dag to None, run_after=None
[2026-02-07T10:06:36.797+0000] {processor.py:183} INFO - Processing /home/cloud/codings/airflow/dags/list_s3_bucket_files_dag.py took 0.087 seconds
[2026-02-07T10:07:06.897+0000] {processor.py:161} INFO - Started process (PID=155429) to work on /home/cloud/codings/airflow/dags/list_s3_bucket_files_dag.py
[2026-02-07T10:07:06.899+0000] {processor.py:830} INFO - Processing file /home/cloud/codings/airflow/dags/list_s3_bucket_files_dag.py for tasks to queue
[2026-02-07T10:07:06.900+0000] {logging_mixin.py:188} INFO - [2026-02-07T10:07:06.900+0000] {dagbag.py:545} INFO - Filling up the DagBag from /home/cloud/codings/airflow/dags/list_s3_bucket_files_dag.py
[2026-02-07T10:07:06.913+0000] {processor.py:840} INFO - DAG(s) 'list_s3_bucket_files_dag' retrieved from /home/cloud/codings/airflow/dags/list_s3_bucket_files_dag.py
[2026-02-07T10:07:06.937+0000] {logging_mixin.py:188} INFO - [2026-02-07T10:07:06.937+0000] {dag.py:3089} INFO - Sync 1 DAGs
[2026-02-07T10:07:06.955+0000] {logging_mixin.py:188} INFO - [2026-02-07T10:07:06.955+0000] {dag.py:3947} INFO - Setting next_dagrun for list_s3_bucket_files_dag to None, run_after=None
[2026-02-07T10:07:06.982+0000] {processor.py:183} INFO - Processing /home/cloud/codings/airflow/dags/list_s3_bucket_files_dag.py took 0.093 seconds
[2026-02-07T10:07:37.011+0000] {processor.py:161} INFO - Started process (PID=155495) to work on /home/cloud/codings/airflow/dags/list_s3_bucket_files_dag.py
[2026-02-07T10:07:37.012+0000] {processor.py:830} INFO - Processing file /home/cloud/codings/airflow/dags/list_s3_bucket_files_dag.py for tasks to queue
[2026-02-07T10:07:37.013+0000] {logging_mixin.py:188} INFO - [2026-02-07T10:07:37.013+0000] {dagbag.py:545} INFO - Filling up the DagBag from /home/cloud/codings/airflow/dags/list_s3_bucket_files_dag.py
[2026-02-07T10:07:37.024+0000] {processor.py:840} INFO - DAG(s) 'list_s3_bucket_files_dag' retrieved from /home/cloud/codings/airflow/dags/list_s3_bucket_files_dag.py
[2026-02-07T10:07:37.045+0000] {logging_mixin.py:188} INFO - [2026-02-07T10:07:37.044+0000] {dag.py:3089} INFO - Sync 1 DAGs
[2026-02-07T10:07:37.060+0000] {logging_mixin.py:188} INFO - [2026-02-07T10:07:37.060+0000] {dag.py:3947} INFO - Setting next_dagrun for list_s3_bucket_files_dag to None, run_after=None
[2026-02-07T10:07:37.086+0000] {processor.py:183} INFO - Processing /home/cloud/codings/airflow/dags/list_s3_bucket_files_dag.py took 0.081 seconds
[2026-02-07T10:08:07.204+0000] {processor.py:161} INFO - Started process (PID=155561) to work on /home/cloud/codings/airflow/dags/list_s3_bucket_files_dag.py
[2026-02-07T10:08:07.205+0000] {processor.py:830} INFO - Processing file /home/cloud/codings/airflow/dags/list_s3_bucket_files_dag.py for tasks to queue
[2026-02-07T10:08:07.206+0000] {logging_mixin.py:188} INFO - [2026-02-07T10:08:07.206+0000] {dagbag.py:545} INFO - Filling up the DagBag from /home/cloud/codings/airflow/dags/list_s3_bucket_files_dag.py
[2026-02-07T10:08:07.216+0000] {processor.py:840} INFO - DAG(s) 'list_s3_bucket_files_dag' retrieved from /home/cloud/codings/airflow/dags/list_s3_bucket_files_dag.py
[2026-02-07T10:08:07.237+0000] {logging_mixin.py:188} INFO - [2026-02-07T10:08:07.236+0000] {dag.py:3089} INFO - Sync 1 DAGs
[2026-02-07T10:08:07.251+0000] {logging_mixin.py:188} INFO - [2026-02-07T10:08:07.251+0000] {dag.py:3947} INFO - Setting next_dagrun for list_s3_bucket_files_dag to None, run_after=None
[2026-02-07T10:08:07.275+0000] {processor.py:183} INFO - Processing /home/cloud/codings/airflow/dags/list_s3_bucket_files_dag.py took 0.078 seconds
[2026-02-07T10:08:37.762+0000] {processor.py:161} INFO - Started process (PID=155627) to work on /home/cloud/codings/airflow/dags/list_s3_bucket_files_dag.py
[2026-02-07T10:08:37.762+0000] {processor.py:830} INFO - Processing file /home/cloud/codings/airflow/dags/list_s3_bucket_files_dag.py for tasks to queue
[2026-02-07T10:08:37.763+0000] {logging_mixin.py:188} INFO - [2026-02-07T10:08:37.763+0000] {dagbag.py:545} INFO - Filling up the DagBag from /home/cloud/codings/airflow/dags/list_s3_bucket_files_dag.py
[2026-02-07T10:08:37.773+0000] {processor.py:840} INFO - DAG(s) 'list_s3_bucket_files_dag' retrieved from /home/cloud/codings/airflow/dags/list_s3_bucket_files_dag.py
[2026-02-07T10:08:37.796+0000] {logging_mixin.py:188} INFO - [2026-02-07T10:08:37.796+0000] {dag.py:3089} INFO - Sync 1 DAGs
[2026-02-07T10:08:37.810+0000] {logging_mixin.py:188} INFO - [2026-02-07T10:08:37.810+0000] {dag.py:3947} INFO - Setting next_dagrun for list_s3_bucket_files_dag to None, run_after=None
[2026-02-07T10:08:37.836+0000] {processor.py:183} INFO - Processing /home/cloud/codings/airflow/dags/list_s3_bucket_files_dag.py took 0.080 seconds
[2026-02-07T10:09:08.144+0000] {processor.py:161} INFO - Started process (PID=155694) to work on /home/cloud/codings/airflow/dags/list_s3_bucket_files_dag.py
[2026-02-07T10:09:08.146+0000] {processor.py:830} INFO - Processing file /home/cloud/codings/airflow/dags/list_s3_bucket_files_dag.py for tasks to queue
[2026-02-07T10:09:08.147+0000] {logging_mixin.py:188} INFO - [2026-02-07T10:09:08.146+0000] {dagbag.py:545} INFO - Filling up the DagBag from /home/cloud/codings/airflow/dags/list_s3_bucket_files_dag.py
[2026-02-07T10:09:08.158+0000] {processor.py:840} INFO - DAG(s) 'list_s3_bucket_files_dag' retrieved from /home/cloud/codings/airflow/dags/list_s3_bucket_files_dag.py
[2026-02-07T10:09:08.180+0000] {logging_mixin.py:188} INFO - [2026-02-07T10:09:08.180+0000] {dag.py:3089} INFO - Sync 1 DAGs
[2026-02-07T10:09:08.197+0000] {logging_mixin.py:188} INFO - [2026-02-07T10:09:08.197+0000] {dag.py:3947} INFO - Setting next_dagrun for list_s3_bucket_files_dag to None, run_after=None
[2026-02-07T10:09:08.223+0000] {processor.py:183} INFO - Processing /home/cloud/codings/airflow/dags/list_s3_bucket_files_dag.py took 0.085 seconds
[2026-02-07T10:09:39.599+0000] {processor.py:161} INFO - Started process (PID=155766) to work on /home/cloud/codings/airflow/dags/list_s3_bucket_files_dag.py
[2026-02-07T10:09:39.600+0000] {processor.py:830} INFO - Processing file /home/cloud/codings/airflow/dags/list_s3_bucket_files_dag.py for tasks to queue
[2026-02-07T10:09:39.602+0000] {logging_mixin.py:188} INFO - [2026-02-07T10:09:39.601+0000] {dagbag.py:545} INFO - Filling up the DagBag from /home/cloud/codings/airflow/dags/list_s3_bucket_files_dag.py
[2026-02-07T10:09:39.613+0000] {processor.py:840} INFO - DAG(s) 'list_s3_bucket_files_dag' retrieved from /home/cloud/codings/airflow/dags/list_s3_bucket_files_dag.py
[2026-02-07T10:09:39.634+0000] {logging_mixin.py:188} INFO - [2026-02-07T10:09:39.634+0000] {dag.py:3089} INFO - Sync 1 DAGs
[2026-02-07T10:09:39.649+0000] {logging_mixin.py:188} INFO - [2026-02-07T10:09:39.649+0000] {dag.py:3947} INFO - Setting next_dagrun for list_s3_bucket_files_dag to None, run_after=None
[2026-02-07T10:09:39.675+0000] {processor.py:183} INFO - Processing /home/cloud/codings/airflow/dags/list_s3_bucket_files_dag.py took 0.084 seconds
[2026-02-07T10:10:10.052+0000] {processor.py:161} INFO - Started process (PID=155832) to work on /home/cloud/codings/airflow/dags/list_s3_bucket_files_dag.py
[2026-02-07T10:10:10.053+0000] {processor.py:830} INFO - Processing file /home/cloud/codings/airflow/dags/list_s3_bucket_files_dag.py for tasks to queue
[2026-02-07T10:10:10.054+0000] {logging_mixin.py:188} INFO - [2026-02-07T10:10:10.054+0000] {dagbag.py:545} INFO - Filling up the DagBag from /home/cloud/codings/airflow/dags/list_s3_bucket_files_dag.py
[2026-02-07T10:10:10.064+0000] {processor.py:840} INFO - DAG(s) 'list_s3_bucket_files_dag' retrieved from /home/cloud/codings/airflow/dags/list_s3_bucket_files_dag.py
[2026-02-07T10:10:10.085+0000] {logging_mixin.py:188} INFO - [2026-02-07T10:10:10.085+0000] {dag.py:3089} INFO - Sync 1 DAGs
[2026-02-07T10:10:10.102+0000] {logging_mixin.py:188} INFO - [2026-02-07T10:10:10.102+0000] {dag.py:3947} INFO - Setting next_dagrun for list_s3_bucket_files_dag to None, run_after=None
[2026-02-07T10:10:10.127+0000] {processor.py:183} INFO - Processing /home/cloud/codings/airflow/dags/list_s3_bucket_files_dag.py took 0.083 seconds
[2026-02-07T10:10:40.454+0000] {processor.py:161} INFO - Started process (PID=155898) to work on /home/cloud/codings/airflow/dags/list_s3_bucket_files_dag.py
[2026-02-07T10:10:40.455+0000] {processor.py:830} INFO - Processing file /home/cloud/codings/airflow/dags/list_s3_bucket_files_dag.py for tasks to queue
[2026-02-07T10:10:40.456+0000] {logging_mixin.py:188} INFO - [2026-02-07T10:10:40.456+0000] {dagbag.py:545} INFO - Filling up the DagBag from /home/cloud/codings/airflow/dags/list_s3_bucket_files_dag.py
[2026-02-07T10:10:40.466+0000] {processor.py:840} INFO - DAG(s) 'list_s3_bucket_files_dag' retrieved from /home/cloud/codings/airflow/dags/list_s3_bucket_files_dag.py
[2026-02-07T10:10:40.487+0000] {logging_mixin.py:188} INFO - [2026-02-07T10:10:40.487+0000] {dag.py:3089} INFO - Sync 1 DAGs
[2026-02-07T10:10:40.506+0000] {logging_mixin.py:188} INFO - [2026-02-07T10:10:40.505+0000] {dag.py:3947} INFO - Setting next_dagrun for list_s3_bucket_files_dag to None, run_after=None
[2026-02-07T10:10:40.721+0000] {processor.py:183} INFO - Processing /home/cloud/codings/airflow/dags/list_s3_bucket_files_dag.py took 0.274 seconds
[2026-02-07T10:11:11.139+0000] {processor.py:161} INFO - Started process (PID=155958) to work on /home/cloud/codings/airflow/dags/list_s3_bucket_files_dag.py
[2026-02-07T10:11:11.144+0000] {processor.py:830} INFO - Processing file /home/cloud/codings/airflow/dags/list_s3_bucket_files_dag.py for tasks to queue
[2026-02-07T10:11:11.145+0000] {logging_mixin.py:188} INFO - [2026-02-07T10:11:11.144+0000] {dagbag.py:545} INFO - Filling up the DagBag from /home/cloud/codings/airflow/dags/list_s3_bucket_files_dag.py
[2026-02-07T10:11:11.155+0000] {processor.py:840} INFO - DAG(s) 'list_s3_bucket_files_dag' retrieved from /home/cloud/codings/airflow/dags/list_s3_bucket_files_dag.py
[2026-02-07T10:11:11.176+0000] {logging_mixin.py:188} INFO - [2026-02-07T10:11:11.176+0000] {dag.py:3089} INFO - Sync 1 DAGs
[2026-02-07T10:11:11.192+0000] {logging_mixin.py:188} INFO - [2026-02-07T10:11:11.192+0000] {dag.py:3947} INFO - Setting next_dagrun for list_s3_bucket_files_dag to None, run_after=None
[2026-02-07T10:11:11.217+0000] {processor.py:183} INFO - Processing /home/cloud/codings/airflow/dags/list_s3_bucket_files_dag.py took 0.085 seconds
[2026-02-07T10:11:41.729+0000] {processor.py:161} INFO - Started process (PID=156024) to work on /home/cloud/codings/airflow/dags/list_s3_bucket_files_dag.py
[2026-02-07T10:11:41.730+0000] {processor.py:830} INFO - Processing file /home/cloud/codings/airflow/dags/list_s3_bucket_files_dag.py for tasks to queue
[2026-02-07T10:11:41.731+0000] {logging_mixin.py:188} INFO - [2026-02-07T10:11:41.731+0000] {dagbag.py:545} INFO - Filling up the DagBag from /home/cloud/codings/airflow/dags/list_s3_bucket_files_dag.py
[2026-02-07T10:11:41.743+0000] {processor.py:840} INFO - DAG(s) 'list_s3_bucket_files_dag' retrieved from /home/cloud/codings/airflow/dags/list_s3_bucket_files_dag.py
[2026-02-07T10:11:41.765+0000] {logging_mixin.py:188} INFO - [2026-02-07T10:11:41.765+0000] {dag.py:3089} INFO - Sync 1 DAGs
[2026-02-07T10:11:41.784+0000] {logging_mixin.py:188} INFO - [2026-02-07T10:11:41.784+0000] {dag.py:3947} INFO - Setting next_dagrun for list_s3_bucket_files_dag to None, run_after=None
[2026-02-07T10:11:41.813+0000] {processor.py:183} INFO - Processing /home/cloud/codings/airflow/dags/list_s3_bucket_files_dag.py took 0.092 seconds
[2026-02-07T10:12:12.333+0000] {processor.py:161} INFO - Started process (PID=156090) to work on /home/cloud/codings/airflow/dags/list_s3_bucket_files_dag.py
[2026-02-07T10:12:12.337+0000] {processor.py:830} INFO - Processing file /home/cloud/codings/airflow/dags/list_s3_bucket_files_dag.py for tasks to queue
[2026-02-07T10:12:12.338+0000] {logging_mixin.py:188} INFO - [2026-02-07T10:12:12.338+0000] {dagbag.py:545} INFO - Filling up the DagBag from /home/cloud/codings/airflow/dags/list_s3_bucket_files_dag.py
[2026-02-07T10:12:12.351+0000] {processor.py:840} INFO - DAG(s) 'list_s3_bucket_files_dag' retrieved from /home/cloud/codings/airflow/dags/list_s3_bucket_files_dag.py
[2026-02-07T10:12:12.374+0000] {logging_mixin.py:188} INFO - [2026-02-07T10:12:12.374+0000] {dag.py:3089} INFO - Sync 1 DAGs
[2026-02-07T10:12:12.391+0000] {logging_mixin.py:188} INFO - [2026-02-07T10:12:12.390+0000] {dag.py:3947} INFO - Setting next_dagrun for list_s3_bucket_files_dag to None, run_after=None
[2026-02-07T10:12:12.419+0000] {processor.py:183} INFO - Processing /home/cloud/codings/airflow/dags/list_s3_bucket_files_dag.py took 0.094 seconds
[2026-02-07T10:12:42.591+0000] {processor.py:161} INFO - Started process (PID=156156) to work on /home/cloud/codings/airflow/dags/list_s3_bucket_files_dag.py
[2026-02-07T10:12:42.592+0000] {processor.py:830} INFO - Processing file /home/cloud/codings/airflow/dags/list_s3_bucket_files_dag.py for tasks to queue
[2026-02-07T10:12:42.593+0000] {logging_mixin.py:188} INFO - [2026-02-07T10:12:42.593+0000] {dagbag.py:545} INFO - Filling up the DagBag from /home/cloud/codings/airflow/dags/list_s3_bucket_files_dag.py
[2026-02-07T10:12:42.604+0000] {processor.py:840} INFO - DAG(s) 'list_s3_bucket_files_dag' retrieved from /home/cloud/codings/airflow/dags/list_s3_bucket_files_dag.py
[2026-02-07T10:12:42.625+0000] {logging_mixin.py:188} INFO - [2026-02-07T10:12:42.625+0000] {dag.py:3089} INFO - Sync 1 DAGs
[2026-02-07T10:12:42.642+0000] {logging_mixin.py:188} INFO - [2026-02-07T10:12:42.642+0000] {dag.py:3947} INFO - Setting next_dagrun for list_s3_bucket_files_dag to None, run_after=None
[2026-02-07T10:12:42.670+0000] {processor.py:183} INFO - Processing /home/cloud/codings/airflow/dags/list_s3_bucket_files_dag.py took 0.086 seconds
[2026-02-07T10:13:12.747+0000] {processor.py:161} INFO - Started process (PID=156222) to work on /home/cloud/codings/airflow/dags/list_s3_bucket_files_dag.py
[2026-02-07T10:13:12.749+0000] {processor.py:830} INFO - Processing file /home/cloud/codings/airflow/dags/list_s3_bucket_files_dag.py for tasks to queue
[2026-02-07T10:13:12.750+0000] {logging_mixin.py:188} INFO - [2026-02-07T10:13:12.750+0000] {dagbag.py:545} INFO - Filling up the DagBag from /home/cloud/codings/airflow/dags/list_s3_bucket_files_dag.py
[2026-02-07T10:13:12.762+0000] {processor.py:840} INFO - DAG(s) 'list_s3_bucket_files_dag' retrieved from /home/cloud/codings/airflow/dags/list_s3_bucket_files_dag.py
[2026-02-07T10:13:12.785+0000] {logging_mixin.py:188} INFO - [2026-02-07T10:13:12.785+0000] {dag.py:3089} INFO - Sync 1 DAGs
[2026-02-07T10:13:12.801+0000] {logging_mixin.py:188} INFO - [2026-02-07T10:13:12.801+0000] {dag.py:3947} INFO - Setting next_dagrun for list_s3_bucket_files_dag to None, run_after=None
[2026-02-07T10:13:12.832+0000] {processor.py:183} INFO - Processing /home/cloud/codings/airflow/dags/list_s3_bucket_files_dag.py took 0.092 seconds
[2026-02-07T10:13:42.892+0000] {processor.py:161} INFO - Started process (PID=156288) to work on /home/cloud/codings/airflow/dags/list_s3_bucket_files_dag.py
[2026-02-07T10:13:42.894+0000] {processor.py:830} INFO - Processing file /home/cloud/codings/airflow/dags/list_s3_bucket_files_dag.py for tasks to queue
[2026-02-07T10:13:42.895+0000] {logging_mixin.py:188} INFO - [2026-02-07T10:13:42.894+0000] {dagbag.py:545} INFO - Filling up the DagBag from /home/cloud/codings/airflow/dags/list_s3_bucket_files_dag.py
[2026-02-07T10:13:42.905+0000] {processor.py:840} INFO - DAG(s) 'list_s3_bucket_files_dag' retrieved from /home/cloud/codings/airflow/dags/list_s3_bucket_files_dag.py
[2026-02-07T10:13:42.925+0000] {logging_mixin.py:188} INFO - [2026-02-07T10:13:42.925+0000] {dag.py:3089} INFO - Sync 1 DAGs
[2026-02-07T10:13:42.941+0000] {logging_mixin.py:188} INFO - [2026-02-07T10:13:42.941+0000] {dag.py:3947} INFO - Setting next_dagrun for list_s3_bucket_files_dag to None, run_after=None
[2026-02-07T10:13:42.967+0000] {processor.py:183} INFO - Processing /home/cloud/codings/airflow/dags/list_s3_bucket_files_dag.py took 0.081 seconds
[2026-02-07T10:14:13.070+0000] {processor.py:161} INFO - Started process (PID=156354) to work on /home/cloud/codings/airflow/dags/list_s3_bucket_files_dag.py
[2026-02-07T10:14:13.071+0000] {processor.py:830} INFO - Processing file /home/cloud/codings/airflow/dags/list_s3_bucket_files_dag.py for tasks to queue
[2026-02-07T10:14:13.072+0000] {logging_mixin.py:188} INFO - [2026-02-07T10:14:13.072+0000] {dagbag.py:545} INFO - Filling up the DagBag from /home/cloud/codings/airflow/dags/list_s3_bucket_files_dag.py
[2026-02-07T10:14:13.084+0000] {processor.py:840} INFO - DAG(s) 'list_s3_bucket_files_dag' retrieved from /home/cloud/codings/airflow/dags/list_s3_bucket_files_dag.py
[2026-02-07T10:14:13.106+0000] {logging_mixin.py:188} INFO - [2026-02-07T10:14:13.106+0000] {dag.py:3089} INFO - Sync 1 DAGs
[2026-02-07T10:14:13.124+0000] {logging_mixin.py:188} INFO - [2026-02-07T10:14:13.123+0000] {dag.py:3947} INFO - Setting next_dagrun for list_s3_bucket_files_dag to None, run_after=None
[2026-02-07T10:14:13.151+0000] {processor.py:183} INFO - Processing /home/cloud/codings/airflow/dags/list_s3_bucket_files_dag.py took 0.089 seconds
[2026-02-07T10:14:43.652+0000] {processor.py:161} INFO - Started process (PID=156421) to work on /home/cloud/codings/airflow/dags/list_s3_bucket_files_dag.py
[2026-02-07T10:14:43.657+0000] {processor.py:830} INFO - Processing file /home/cloud/codings/airflow/dags/list_s3_bucket_files_dag.py for tasks to queue
[2026-02-07T10:14:43.658+0000] {logging_mixin.py:188} INFO - [2026-02-07T10:14:43.658+0000] {dagbag.py:545} INFO - Filling up the DagBag from /home/cloud/codings/airflow/dags/list_s3_bucket_files_dag.py
[2026-02-07T10:14:43.669+0000] {processor.py:840} INFO - DAG(s) 'list_s3_bucket_files_dag' retrieved from /home/cloud/codings/airflow/dags/list_s3_bucket_files_dag.py
[2026-02-07T10:14:43.691+0000] {logging_mixin.py:188} INFO - [2026-02-07T10:14:43.690+0000] {dag.py:3089} INFO - Sync 1 DAGs
[2026-02-07T10:14:43.708+0000] {logging_mixin.py:188} INFO - [2026-02-07T10:14:43.708+0000] {dag.py:3947} INFO - Setting next_dagrun for list_s3_bucket_files_dag to None, run_after=None
[2026-02-07T10:14:43.735+0000] {processor.py:183} INFO - Processing /home/cloud/codings/airflow/dags/list_s3_bucket_files_dag.py took 0.089 seconds
[2026-02-07T10:15:14.164+0000] {processor.py:161} INFO - Started process (PID=156493) to work on /home/cloud/codings/airflow/dags/list_s3_bucket_files_dag.py
[2026-02-07T10:15:14.166+0000] {processor.py:830} INFO - Processing file /home/cloud/codings/airflow/dags/list_s3_bucket_files_dag.py for tasks to queue
[2026-02-07T10:15:14.167+0000] {logging_mixin.py:188} INFO - [2026-02-07T10:15:14.166+0000] {dagbag.py:545} INFO - Filling up the DagBag from /home/cloud/codings/airflow/dags/list_s3_bucket_files_dag.py
[2026-02-07T10:15:14.176+0000] {processor.py:840} INFO - DAG(s) 'list_s3_bucket_files_dag' retrieved from /home/cloud/codings/airflow/dags/list_s3_bucket_files_dag.py
[2026-02-07T10:15:14.196+0000] {logging_mixin.py:188} INFO - [2026-02-07T10:15:14.196+0000] {dag.py:3089} INFO - Sync 1 DAGs
[2026-02-07T10:15:14.212+0000] {logging_mixin.py:188} INFO - [2026-02-07T10:15:14.212+0000] {dag.py:3947} INFO - Setting next_dagrun for list_s3_bucket_files_dag to None, run_after=None
[2026-02-07T10:15:14.242+0000] {processor.py:183} INFO - Processing /home/cloud/codings/airflow/dags/list_s3_bucket_files_dag.py took 0.085 seconds
[2026-02-07T10:15:44.382+0000] {processor.py:161} INFO - Started process (PID=156565) to work on /home/cloud/codings/airflow/dags/list_s3_bucket_files_dag.py
[2026-02-07T10:15:44.384+0000] {processor.py:830} INFO - Processing file /home/cloud/codings/airflow/dags/list_s3_bucket_files_dag.py for tasks to queue
[2026-02-07T10:15:44.385+0000] {logging_mixin.py:188} INFO - [2026-02-07T10:15:44.384+0000] {dagbag.py:545} INFO - Filling up the DagBag from /home/cloud/codings/airflow/dags/list_s3_bucket_files_dag.py
[2026-02-07T10:15:44.399+0000] {processor.py:840} INFO - DAG(s) 'list_s3_bucket_files_dag' retrieved from /home/cloud/codings/airflow/dags/list_s3_bucket_files_dag.py
[2026-02-07T10:15:44.425+0000] {logging_mixin.py:188} INFO - [2026-02-07T10:15:44.424+0000] {dag.py:3089} INFO - Sync 1 DAGs
[2026-02-07T10:15:44.444+0000] {logging_mixin.py:188} INFO - [2026-02-07T10:15:44.443+0000] {dag.py:3947} INFO - Setting next_dagrun for list_s3_bucket_files_dag to None, run_after=None
[2026-02-07T10:15:44.473+0000] {processor.py:183} INFO - Processing /home/cloud/codings/airflow/dags/list_s3_bucket_files_dag.py took 0.100 seconds
[2026-02-07T10:16:15.785+0000] {processor.py:161} INFO - Started process (PID=156619) to work on /home/cloud/codings/airflow/dags/list_s3_bucket_files_dag.py
[2026-02-07T10:16:15.787+0000] {processor.py:830} INFO - Processing file /home/cloud/codings/airflow/dags/list_s3_bucket_files_dag.py for tasks to queue
[2026-02-07T10:16:15.788+0000] {logging_mixin.py:188} INFO - [2026-02-07T10:16:15.788+0000] {dagbag.py:545} INFO - Filling up the DagBag from /home/cloud/codings/airflow/dags/list_s3_bucket_files_dag.py
[2026-02-07T10:16:15.801+0000] {processor.py:840} INFO - DAG(s) 'list_s3_bucket_files_dag' retrieved from /home/cloud/codings/airflow/dags/list_s3_bucket_files_dag.py
[2026-02-07T10:16:15.825+0000] {logging_mixin.py:188} INFO - [2026-02-07T10:16:15.825+0000] {dag.py:3089} INFO - Sync 1 DAGs
[2026-02-07T10:16:15.843+0000] {logging_mixin.py:188} INFO - [2026-02-07T10:16:15.843+0000] {dag.py:3947} INFO - Setting next_dagrun for list_s3_bucket_files_dag to None, run_after=None
[2026-02-07T10:16:15.872+0000] {processor.py:183} INFO - Processing /home/cloud/codings/airflow/dags/list_s3_bucket_files_dag.py took 0.094 seconds
[2026-02-07T10:16:46.053+0000] {processor.py:161} INFO - Started process (PID=156685) to work on /home/cloud/codings/airflow/dags/list_s3_bucket_files_dag.py
[2026-02-07T10:16:46.054+0000] {processor.py:830} INFO - Processing file /home/cloud/codings/airflow/dags/list_s3_bucket_files_dag.py for tasks to queue
[2026-02-07T10:16:46.055+0000] {logging_mixin.py:188} INFO - [2026-02-07T10:16:46.055+0000] {dagbag.py:545} INFO - Filling up the DagBag from /home/cloud/codings/airflow/dags/list_s3_bucket_files_dag.py
[2026-02-07T10:16:46.065+0000] {processor.py:840} INFO - DAG(s) 'list_s3_bucket_files_dag' retrieved from /home/cloud/codings/airflow/dags/list_s3_bucket_files_dag.py
[2026-02-07T10:16:46.087+0000] {logging_mixin.py:188} INFO - [2026-02-07T10:16:46.087+0000] {dag.py:3089} INFO - Sync 1 DAGs
[2026-02-07T10:16:46.101+0000] {logging_mixin.py:188} INFO - [2026-02-07T10:16:46.100+0000] {dag.py:3947} INFO - Setting next_dagrun for list_s3_bucket_files_dag to None, run_after=None
[2026-02-07T10:16:46.130+0000] {processor.py:183} INFO - Processing /home/cloud/codings/airflow/dags/list_s3_bucket_files_dag.py took 0.084 seconds
[2026-02-07T10:17:16.394+0000] {processor.py:161} INFO - Started process (PID=156754) to work on /home/cloud/codings/airflow/dags/list_s3_bucket_files_dag.py
[2026-02-07T10:17:16.395+0000] {processor.py:830} INFO - Processing file /home/cloud/codings/airflow/dags/list_s3_bucket_files_dag.py for tasks to queue
[2026-02-07T10:17:16.396+0000] {logging_mixin.py:188} INFO - [2026-02-07T10:17:16.396+0000] {dagbag.py:545} INFO - Filling up the DagBag from /home/cloud/codings/airflow/dags/list_s3_bucket_files_dag.py
[2026-02-07T10:17:16.408+0000] {processor.py:840} INFO - DAG(s) 'list_s3_bucket_files_dag' retrieved from /home/cloud/codings/airflow/dags/list_s3_bucket_files_dag.py
[2026-02-07T10:17:16.429+0000] {logging_mixin.py:188} INFO - [2026-02-07T10:17:16.429+0000] {dag.py:3089} INFO - Sync 1 DAGs
[2026-02-07T10:17:16.445+0000] {logging_mixin.py:188} INFO - [2026-02-07T10:17:16.445+0000] {dag.py:3947} INFO - Setting next_dagrun for list_s3_bucket_files_dag to None, run_after=None
[2026-02-07T10:17:16.470+0000] {processor.py:183} INFO - Processing /home/cloud/codings/airflow/dags/list_s3_bucket_files_dag.py took 0.083 seconds
[2026-02-07T10:17:46.978+0000] {processor.py:161} INFO - Started process (PID=156820) to work on /home/cloud/codings/airflow/dags/list_s3_bucket_files_dag.py
[2026-02-07T10:17:46.983+0000] {processor.py:830} INFO - Processing file /home/cloud/codings/airflow/dags/list_s3_bucket_files_dag.py for tasks to queue
[2026-02-07T10:17:46.984+0000] {logging_mixin.py:188} INFO - [2026-02-07T10:17:46.984+0000] {dagbag.py:545} INFO - Filling up the DagBag from /home/cloud/codings/airflow/dags/list_s3_bucket_files_dag.py
[2026-02-07T10:17:46.994+0000] {processor.py:840} INFO - DAG(s) 'list_s3_bucket_files_dag' retrieved from /home/cloud/codings/airflow/dags/list_s3_bucket_files_dag.py
[2026-02-07T10:17:47.016+0000] {logging_mixin.py:188} INFO - [2026-02-07T10:17:47.016+0000] {dag.py:3089} INFO - Sync 1 DAGs
[2026-02-07T10:17:47.033+0000] {logging_mixin.py:188} INFO - [2026-02-07T10:17:47.032+0000] {dag.py:3947} INFO - Setting next_dagrun for list_s3_bucket_files_dag to None, run_after=None
[2026-02-07T10:17:47.058+0000] {processor.py:183} INFO - Processing /home/cloud/codings/airflow/dags/list_s3_bucket_files_dag.py took 0.088 seconds
[2026-02-07T10:18:17.332+0000] {processor.py:161} INFO - Started process (PID=156886) to work on /home/cloud/codings/airflow/dags/list_s3_bucket_files_dag.py
[2026-02-07T10:18:17.334+0000] {processor.py:830} INFO - Processing file /home/cloud/codings/airflow/dags/list_s3_bucket_files_dag.py for tasks to queue
[2026-02-07T10:18:17.335+0000] {logging_mixin.py:188} INFO - [2026-02-07T10:18:17.334+0000] {dagbag.py:545} INFO - Filling up the DagBag from /home/cloud/codings/airflow/dags/list_s3_bucket_files_dag.py
[2026-02-07T10:18:17.346+0000] {processor.py:840} INFO - DAG(s) 'list_s3_bucket_files_dag' retrieved from /home/cloud/codings/airflow/dags/list_s3_bucket_files_dag.py
[2026-02-07T10:18:17.368+0000] {logging_mixin.py:188} INFO - [2026-02-07T10:18:17.367+0000] {dag.py:3089} INFO - Sync 1 DAGs
[2026-02-07T10:18:17.385+0000] {logging_mixin.py:188} INFO - [2026-02-07T10:18:17.385+0000] {dag.py:3947} INFO - Setting next_dagrun for list_s3_bucket_files_dag to None, run_after=None
[2026-02-07T10:18:17.414+0000] {processor.py:183} INFO - Processing /home/cloud/codings/airflow/dags/list_s3_bucket_files_dag.py took 0.088 seconds
[2026-02-07T10:18:48.027+0000] {processor.py:161} INFO - Started process (PID=156952) to work on /home/cloud/codings/airflow/dags/list_s3_bucket_files_dag.py
[2026-02-07T10:18:48.028+0000] {processor.py:830} INFO - Processing file /home/cloud/codings/airflow/dags/list_s3_bucket_files_dag.py for tasks to queue
[2026-02-07T10:18:48.029+0000] {logging_mixin.py:188} INFO - [2026-02-07T10:18:48.028+0000] {dagbag.py:545} INFO - Filling up the DagBag from /home/cloud/codings/airflow/dags/list_s3_bucket_files_dag.py
[2026-02-07T10:18:48.041+0000] {processor.py:840} INFO - DAG(s) 'list_s3_bucket_files_dag' retrieved from /home/cloud/codings/airflow/dags/list_s3_bucket_files_dag.py
[2026-02-07T10:18:48.064+0000] {logging_mixin.py:188} INFO - [2026-02-07T10:18:48.064+0000] {dag.py:3089} INFO - Sync 1 DAGs
[2026-02-07T10:18:48.081+0000] {logging_mixin.py:188} INFO - [2026-02-07T10:18:48.081+0000] {dag.py:3947} INFO - Setting next_dagrun for list_s3_bucket_files_dag to None, run_after=None
[2026-02-07T10:18:48.108+0000] {processor.py:183} INFO - Processing /home/cloud/codings/airflow/dags/list_s3_bucket_files_dag.py took 0.089 seconds
[2026-02-07T10:19:18.340+0000] {processor.py:161} INFO - Started process (PID=157018) to work on /home/cloud/codings/airflow/dags/list_s3_bucket_files_dag.py
[2026-02-07T10:19:18.342+0000] {processor.py:830} INFO - Processing file /home/cloud/codings/airflow/dags/list_s3_bucket_files_dag.py for tasks to queue
[2026-02-07T10:19:18.343+0000] {logging_mixin.py:188} INFO - [2026-02-07T10:19:18.343+0000] {dagbag.py:545} INFO - Filling up the DagBag from /home/cloud/codings/airflow/dags/list_s3_bucket_files_dag.py
[2026-02-07T10:19:18.358+0000] {processor.py:840} INFO - DAG(s) 'list_s3_bucket_files_dag' retrieved from /home/cloud/codings/airflow/dags/list_s3_bucket_files_dag.py
[2026-02-07T10:19:18.385+0000] {logging_mixin.py:188} INFO - [2026-02-07T10:19:18.385+0000] {dag.py:3089} INFO - Sync 1 DAGs
[2026-02-07T10:19:18.403+0000] {logging_mixin.py:188} INFO - [2026-02-07T10:19:18.403+0000] {dag.py:3947} INFO - Setting next_dagrun for list_s3_bucket_files_dag to None, run_after=None
[2026-02-07T10:19:18.437+0000] {processor.py:183} INFO - Processing /home/cloud/codings/airflow/dags/list_s3_bucket_files_dag.py took 0.105 seconds
[2026-02-07T10:19:49.343+0000] {processor.py:161} INFO - Started process (PID=157091) to work on /home/cloud/codings/airflow/dags/list_s3_bucket_files_dag.py
[2026-02-07T10:19:49.348+0000] {processor.py:830} INFO - Processing file /home/cloud/codings/airflow/dags/list_s3_bucket_files_dag.py for tasks to queue
[2026-02-07T10:19:49.349+0000] {logging_mixin.py:188} INFO - [2026-02-07T10:19:49.348+0000] {dagbag.py:545} INFO - Filling up the DagBag from /home/cloud/codings/airflow/dags/list_s3_bucket_files_dag.py
[2026-02-07T10:19:49.359+0000] {processor.py:840} INFO - DAG(s) 'list_s3_bucket_files_dag' retrieved from /home/cloud/codings/airflow/dags/list_s3_bucket_files_dag.py
[2026-02-07T10:19:49.380+0000] {logging_mixin.py:188} INFO - [2026-02-07T10:19:49.380+0000] {dag.py:3089} INFO - Sync 1 DAGs
[2026-02-07T10:19:49.398+0000] {logging_mixin.py:188} INFO - [2026-02-07T10:19:49.398+0000] {dag.py:3947} INFO - Setting next_dagrun for list_s3_bucket_files_dag to None, run_after=None
[2026-02-07T10:19:49.425+0000] {processor.py:183} INFO - Processing /home/cloud/codings/airflow/dags/list_s3_bucket_files_dag.py took 0.089 seconds
[2026-02-07T10:20:19.479+0000] {processor.py:161} INFO - Started process (PID=157157) to work on /home/cloud/codings/airflow/dags/list_s3_bucket_files_dag.py
[2026-02-07T10:20:19.481+0000] {processor.py:830} INFO - Processing file /home/cloud/codings/airflow/dags/list_s3_bucket_files_dag.py for tasks to queue
[2026-02-07T10:20:19.482+0000] {logging_mixin.py:188} INFO - [2026-02-07T10:20:19.482+0000] {dagbag.py:545} INFO - Filling up the DagBag from /home/cloud/codings/airflow/dags/list_s3_bucket_files_dag.py
[2026-02-07T10:20:19.494+0000] {processor.py:840} INFO - DAG(s) 'list_s3_bucket_files_dag' retrieved from /home/cloud/codings/airflow/dags/list_s3_bucket_files_dag.py
[2026-02-07T10:20:19.520+0000] {logging_mixin.py:188} INFO - [2026-02-07T10:20:19.520+0000] {dag.py:3089} INFO - Sync 1 DAGs
[2026-02-07T10:20:19.541+0000] {logging_mixin.py:188} INFO - [2026-02-07T10:20:19.540+0000] {dag.py:3947} INFO - Setting next_dagrun for list_s3_bucket_files_dag to None, run_after=None
[2026-02-07T10:20:19.572+0000] {processor.py:183} INFO - Processing /home/cloud/codings/airflow/dags/list_s3_bucket_files_dag.py took 0.101 seconds
[2026-02-07T10:20:49.847+0000] {processor.py:161} INFO - Started process (PID=157223) to work on /home/cloud/codings/airflow/dags/list_s3_bucket_files_dag.py
[2026-02-07T10:20:49.849+0000] {processor.py:830} INFO - Processing file /home/cloud/codings/airflow/dags/list_s3_bucket_files_dag.py for tasks to queue
[2026-02-07T10:20:49.851+0000] {logging_mixin.py:188} INFO - [2026-02-07T10:20:49.850+0000] {dagbag.py:545} INFO - Filling up the DagBag from /home/cloud/codings/airflow/dags/list_s3_bucket_files_dag.py
[2026-02-07T10:20:49.904+0000] {processor.py:840} INFO - DAG(s) 'list_s3_bucket_files_dag' retrieved from /home/cloud/codings/airflow/dags/list_s3_bucket_files_dag.py
[2026-02-07T10:20:49.953+0000] {logging_mixin.py:188} INFO - [2026-02-07T10:20:49.953+0000] {dag.py:3089} INFO - Sync 1 DAGs
[2026-02-07T10:20:49.999+0000] {logging_mixin.py:188} INFO - [2026-02-07T10:20:49.996+0000] {dag.py:3947} INFO - Setting next_dagrun for list_s3_bucket_files_dag to None, run_after=None
[2026-02-07T10:20:50.063+0000] {processor.py:183} INFO - Processing /home/cloud/codings/airflow/dags/list_s3_bucket_files_dag.py took 0.246 seconds
[2026-02-07T10:21:20.851+0000] {processor.py:161} INFO - Started process (PID=157277) to work on /home/cloud/codings/airflow/dags/list_s3_bucket_files_dag.py
[2026-02-07T10:21:20.852+0000] {processor.py:830} INFO - Processing file /home/cloud/codings/airflow/dags/list_s3_bucket_files_dag.py for tasks to queue
[2026-02-07T10:21:20.853+0000] {logging_mixin.py:188} INFO - [2026-02-07T10:21:20.853+0000] {dagbag.py:545} INFO - Filling up the DagBag from /home/cloud/codings/airflow/dags/list_s3_bucket_files_dag.py
[2026-02-07T10:21:20.865+0000] {processor.py:840} INFO - DAG(s) 'list_s3_bucket_files_dag' retrieved from /home/cloud/codings/airflow/dags/list_s3_bucket_files_dag.py
[2026-02-07T10:21:20.890+0000] {logging_mixin.py:188} INFO - [2026-02-07T10:21:20.890+0000] {dag.py:3089} INFO - Sync 1 DAGs
[2026-02-07T10:21:20.907+0000] {logging_mixin.py:188} INFO - [2026-02-07T10:21:20.907+0000] {dag.py:3947} INFO - Setting next_dagrun for list_s3_bucket_files_dag to None, run_after=None
[2026-02-07T10:21:20.935+0000] {processor.py:183} INFO - Processing /home/cloud/codings/airflow/dags/list_s3_bucket_files_dag.py took 0.091 seconds
[2026-02-07T10:21:53.024+0000] {processor.py:161} INFO - Started process (PID=157349) to work on /home/cloud/codings/airflow/dags/list_s3_bucket_files_dag.py
[2026-02-07T10:21:53.030+0000] {processor.py:830} INFO - Processing file /home/cloud/codings/airflow/dags/list_s3_bucket_files_dag.py for tasks to queue
[2026-02-07T10:21:53.031+0000] {logging_mixin.py:188} INFO - [2026-02-07T10:21:53.030+0000] {dagbag.py:545} INFO - Filling up the DagBag from /home/cloud/codings/airflow/dags/list_s3_bucket_files_dag.py
[2026-02-07T10:21:53.045+0000] {processor.py:840} INFO - DAG(s) 'list_s3_bucket_files_dag' retrieved from /home/cloud/codings/airflow/dags/list_s3_bucket_files_dag.py
[2026-02-07T10:21:53.072+0000] {logging_mixin.py:188} INFO - [2026-02-07T10:21:53.072+0000] {dag.py:3089} INFO - Sync 1 DAGs
[2026-02-07T10:21:53.092+0000] {logging_mixin.py:188} INFO - [2026-02-07T10:21:53.092+0000] {dag.py:3947} INFO - Setting next_dagrun for list_s3_bucket_files_dag to None, run_after=None
[2026-02-07T10:21:53.128+0000] {processor.py:183} INFO - Processing /home/cloud/codings/airflow/dags/list_s3_bucket_files_dag.py took 0.114 seconds
[2026-02-07T10:22:23.460+0000] {processor.py:161} INFO - Started process (PID=157415) to work on /home/cloud/codings/airflow/dags/list_s3_bucket_files_dag.py
[2026-02-07T10:22:23.462+0000] {processor.py:830} INFO - Processing file /home/cloud/codings/airflow/dags/list_s3_bucket_files_dag.py for tasks to queue
[2026-02-07T10:22:23.463+0000] {logging_mixin.py:188} INFO - [2026-02-07T10:22:23.462+0000] {dagbag.py:545} INFO - Filling up the DagBag from /home/cloud/codings/airflow/dags/list_s3_bucket_files_dag.py
[2026-02-07T10:22:23.475+0000] {processor.py:840} INFO - DAG(s) 'list_s3_bucket_files_dag' retrieved from /home/cloud/codings/airflow/dags/list_s3_bucket_files_dag.py
[2026-02-07T10:22:23.496+0000] {logging_mixin.py:188} INFO - [2026-02-07T10:22:23.495+0000] {dag.py:3089} INFO - Sync 1 DAGs
[2026-02-07T10:22:23.512+0000] {logging_mixin.py:188} INFO - [2026-02-07T10:22:23.511+0000] {dag.py:3947} INFO - Setting next_dagrun for list_s3_bucket_files_dag to None, run_after=None
[2026-02-07T10:22:23.537+0000] {processor.py:183} INFO - Processing /home/cloud/codings/airflow/dags/list_s3_bucket_files_dag.py took 0.083 seconds
[2026-02-07T10:22:54.407+0000] {processor.py:161} INFO - Started process (PID=157481) to work on /home/cloud/codings/airflow/dags/list_s3_bucket_files_dag.py
[2026-02-07T10:22:54.408+0000] {processor.py:830} INFO - Processing file /home/cloud/codings/airflow/dags/list_s3_bucket_files_dag.py for tasks to queue
[2026-02-07T10:22:54.409+0000] {logging_mixin.py:188} INFO - [2026-02-07T10:22:54.409+0000] {dagbag.py:545} INFO - Filling up the DagBag from /home/cloud/codings/airflow/dags/list_s3_bucket_files_dag.py
[2026-02-07T10:22:54.420+0000] {processor.py:840} INFO - DAG(s) 'list_s3_bucket_files_dag' retrieved from /home/cloud/codings/airflow/dags/list_s3_bucket_files_dag.py
[2026-02-07T10:22:54.443+0000] {logging_mixin.py:188} INFO - [2026-02-07T10:22:54.443+0000] {dag.py:3089} INFO - Sync 1 DAGs
[2026-02-07T10:22:54.462+0000] {logging_mixin.py:188} INFO - [2026-02-07T10:22:54.461+0000] {dag.py:3947} INFO - Setting next_dagrun for list_s3_bucket_files_dag to None, run_after=None
[2026-02-07T10:22:54.494+0000] {processor.py:183} INFO - Processing /home/cloud/codings/airflow/dags/list_s3_bucket_files_dag.py took 0.095 seconds
[2026-02-07T10:23:24.706+0000] {processor.py:161} INFO - Started process (PID=157547) to work on /home/cloud/codings/airflow/dags/list_s3_bucket_files_dag.py
[2026-02-07T10:23:24.707+0000] {processor.py:830} INFO - Processing file /home/cloud/codings/airflow/dags/list_s3_bucket_files_dag.py for tasks to queue
[2026-02-07T10:23:24.709+0000] {logging_mixin.py:188} INFO - [2026-02-07T10:23:24.708+0000] {dagbag.py:545} INFO - Filling up the DagBag from /home/cloud/codings/airflow/dags/list_s3_bucket_files_dag.py
[2026-02-07T10:23:24.719+0000] {processor.py:840} INFO - DAG(s) 'list_s3_bucket_files_dag' retrieved from /home/cloud/codings/airflow/dags/list_s3_bucket_files_dag.py
[2026-02-07T10:23:24.741+0000] {logging_mixin.py:188} INFO - [2026-02-07T10:23:24.741+0000] {dag.py:3089} INFO - Sync 1 DAGs
[2026-02-07T10:23:24.758+0000] {logging_mixin.py:188} INFO - [2026-02-07T10:23:24.757+0000] {dag.py:3947} INFO - Setting next_dagrun for list_s3_bucket_files_dag to None, run_after=None
[2026-02-07T10:23:24.784+0000] {processor.py:183} INFO - Processing /home/cloud/codings/airflow/dags/list_s3_bucket_files_dag.py took 0.084 seconds
[2026-02-07T10:23:55.012+0000] {processor.py:161} INFO - Started process (PID=157613) to work on /home/cloud/codings/airflow/dags/list_s3_bucket_files_dag.py
[2026-02-07T10:23:55.013+0000] {processor.py:830} INFO - Processing file /home/cloud/codings/airflow/dags/list_s3_bucket_files_dag.py for tasks to queue
[2026-02-07T10:23:55.014+0000] {logging_mixin.py:188} INFO - [2026-02-07T10:23:55.014+0000] {dagbag.py:545} INFO - Filling up the DagBag from /home/cloud/codings/airflow/dags/list_s3_bucket_files_dag.py
[2026-02-07T10:23:55.025+0000] {processor.py:840} INFO - DAG(s) 'list_s3_bucket_files_dag' retrieved from /home/cloud/codings/airflow/dags/list_s3_bucket_files_dag.py
[2026-02-07T10:23:55.047+0000] {logging_mixin.py:188} INFO - [2026-02-07T10:23:55.047+0000] {dag.py:3089} INFO - Sync 1 DAGs
[2026-02-07T10:23:55.065+0000] {logging_mixin.py:188} INFO - [2026-02-07T10:23:55.065+0000] {dag.py:3947} INFO - Setting next_dagrun for list_s3_bucket_files_dag to None, run_after=None
[2026-02-07T10:23:55.096+0000] {processor.py:183} INFO - Processing /home/cloud/codings/airflow/dags/list_s3_bucket_files_dag.py took 0.089 seconds
[2026-02-07T10:24:25.933+0000] {processor.py:161} INFO - Started process (PID=157679) to work on /home/cloud/codings/airflow/dags/list_s3_bucket_files_dag.py
[2026-02-07T10:24:25.934+0000] {processor.py:830} INFO - Processing file /home/cloud/codings/airflow/dags/list_s3_bucket_files_dag.py for tasks to queue
[2026-02-07T10:24:25.935+0000] {logging_mixin.py:188} INFO - [2026-02-07T10:24:25.935+0000] {dagbag.py:545} INFO - Filling up the DagBag from /home/cloud/codings/airflow/dags/list_s3_bucket_files_dag.py
[2026-02-07T10:24:25.945+0000] {processor.py:840} INFO - DAG(s) 'list_s3_bucket_files_dag' retrieved from /home/cloud/codings/airflow/dags/list_s3_bucket_files_dag.py
[2026-02-07T10:24:25.968+0000] {logging_mixin.py:188} INFO - [2026-02-07T10:24:25.967+0000] {dag.py:3089} INFO - Sync 1 DAGs
[2026-02-07T10:24:25.985+0000] {logging_mixin.py:188} INFO - [2026-02-07T10:24:25.985+0000] {dag.py:3947} INFO - Setting next_dagrun for list_s3_bucket_files_dag to None, run_after=None
[2026-02-07T10:24:26.016+0000] {processor.py:183} INFO - Processing /home/cloud/codings/airflow/dags/list_s3_bucket_files_dag.py took 0.089 seconds
[2026-02-07T10:24:56.501+0000] {processor.py:161} INFO - Started process (PID=157745) to work on /home/cloud/codings/airflow/dags/list_s3_bucket_files_dag.py
[2026-02-07T10:24:56.502+0000] {processor.py:830} INFO - Processing file /home/cloud/codings/airflow/dags/list_s3_bucket_files_dag.py for tasks to queue
[2026-02-07T10:24:56.502+0000] {logging_mixin.py:188} INFO - [2026-02-07T10:24:56.502+0000] {dagbag.py:545} INFO - Filling up the DagBag from /home/cloud/codings/airflow/dags/list_s3_bucket_files_dag.py
[2026-02-07T10:24:56.512+0000] {processor.py:840} INFO - DAG(s) 'list_s3_bucket_files_dag' retrieved from /home/cloud/codings/airflow/dags/list_s3_bucket_files_dag.py
[2026-02-07T10:24:56.533+0000] {logging_mixin.py:188} INFO - [2026-02-07T10:24:56.532+0000] {dag.py:3089} INFO - Sync 1 DAGs
[2026-02-07T10:24:56.549+0000] {logging_mixin.py:188} INFO - [2026-02-07T10:24:56.549+0000] {dag.py:3947} INFO - Setting next_dagrun for list_s3_bucket_files_dag to None, run_after=None
[2026-02-07T10:24:56.577+0000] {processor.py:183} INFO - Processing /home/cloud/codings/airflow/dags/list_s3_bucket_files_dag.py took 0.082 seconds
[2026-02-07T10:25:27.258+0000] {processor.py:161} INFO - Started process (PID=157818) to work on /home/cloud/codings/airflow/dags/list_s3_bucket_files_dag.py
[2026-02-07T10:25:27.259+0000] {processor.py:830} INFO - Processing file /home/cloud/codings/airflow/dags/list_s3_bucket_files_dag.py for tasks to queue
[2026-02-07T10:25:27.260+0000] {logging_mixin.py:188} INFO - [2026-02-07T10:25:27.260+0000] {dagbag.py:545} INFO - Filling up the DagBag from /home/cloud/codings/airflow/dags/list_s3_bucket_files_dag.py
[2026-02-07T10:25:27.271+0000] {processor.py:840} INFO - DAG(s) 'list_s3_bucket_files_dag' retrieved from /home/cloud/codings/airflow/dags/list_s3_bucket_files_dag.py
[2026-02-07T10:25:27.292+0000] {logging_mixin.py:188} INFO - [2026-02-07T10:25:27.292+0000] {dag.py:3089} INFO - Sync 1 DAGs
[2026-02-07T10:25:27.308+0000] {logging_mixin.py:188} INFO - [2026-02-07T10:25:27.308+0000] {dag.py:3947} INFO - Setting next_dagrun for list_s3_bucket_files_dag to None, run_after=None
[2026-02-07T10:25:27.334+0000] {processor.py:183} INFO - Processing /home/cloud/codings/airflow/dags/list_s3_bucket_files_dag.py took 0.082 seconds
[2026-02-07T10:25:57.784+0000] {processor.py:161} INFO - Started process (PID=157884) to work on /home/cloud/codings/airflow/dags/list_s3_bucket_files_dag.py
[2026-02-07T10:25:57.785+0000] {processor.py:830} INFO - Processing file /home/cloud/codings/airflow/dags/list_s3_bucket_files_dag.py for tasks to queue
[2026-02-07T10:25:57.786+0000] {logging_mixin.py:188} INFO - [2026-02-07T10:25:57.785+0000] {dagbag.py:545} INFO - Filling up the DagBag from /home/cloud/codings/airflow/dags/list_s3_bucket_files_dag.py
[2026-02-07T10:25:57.797+0000] {processor.py:840} INFO - DAG(s) 'list_s3_bucket_files_dag' retrieved from /home/cloud/codings/airflow/dags/list_s3_bucket_files_dag.py
[2026-02-07T10:25:57.819+0000] {logging_mixin.py:188} INFO - [2026-02-07T10:25:57.819+0000] {dag.py:3089} INFO - Sync 1 DAGs
[2026-02-07T10:25:57.836+0000] {logging_mixin.py:188} INFO - [2026-02-07T10:25:57.836+0000] {dag.py:3947} INFO - Setting next_dagrun for list_s3_bucket_files_dag to None, run_after=None
[2026-02-07T10:25:57.863+0000] {processor.py:183} INFO - Processing /home/cloud/codings/airflow/dags/list_s3_bucket_files_dag.py took 0.085 seconds
[2026-02-07T10:26:28.509+0000] {processor.py:161} INFO - Started process (PID=157938) to work on /home/cloud/codings/airflow/dags/list_s3_bucket_files_dag.py
[2026-02-07T10:26:28.514+0000] {processor.py:830} INFO - Processing file /home/cloud/codings/airflow/dags/list_s3_bucket_files_dag.py for tasks to queue
[2026-02-07T10:26:28.515+0000] {logging_mixin.py:188} INFO - [2026-02-07T10:26:28.515+0000] {dagbag.py:545} INFO - Filling up the DagBag from /home/cloud/codings/airflow/dags/list_s3_bucket_files_dag.py
[2026-02-07T10:26:28.525+0000] {processor.py:840} INFO - DAG(s) 'list_s3_bucket_files_dag' retrieved from /home/cloud/codings/airflow/dags/list_s3_bucket_files_dag.py
[2026-02-07T10:26:28.548+0000] {logging_mixin.py:188} INFO - [2026-02-07T10:26:28.547+0000] {dag.py:3089} INFO - Sync 1 DAGs
[2026-02-07T10:26:28.564+0000] {logging_mixin.py:188} INFO - [2026-02-07T10:26:28.564+0000] {dag.py:3947} INFO - Setting next_dagrun for list_s3_bucket_files_dag to None, run_after=None
[2026-02-07T10:26:28.591+0000] {processor.py:183} INFO - Processing /home/cloud/codings/airflow/dags/list_s3_bucket_files_dag.py took 0.090 seconds
[2026-02-07T10:26:59.031+0000] {processor.py:161} INFO - Started process (PID=158004) to work on /home/cloud/codings/airflow/dags/list_s3_bucket_files_dag.py
[2026-02-07T10:26:59.032+0000] {processor.py:830} INFO - Processing file /home/cloud/codings/airflow/dags/list_s3_bucket_files_dag.py for tasks to queue
[2026-02-07T10:26:59.033+0000] {logging_mixin.py:188} INFO - [2026-02-07T10:26:59.032+0000] {dagbag.py:545} INFO - Filling up the DagBag from /home/cloud/codings/airflow/dags/list_s3_bucket_files_dag.py
[2026-02-07T10:26:59.043+0000] {processor.py:840} INFO - DAG(s) 'list_s3_bucket_files_dag' retrieved from /home/cloud/codings/airflow/dags/list_s3_bucket_files_dag.py
[2026-02-07T10:26:59.065+0000] {logging_mixin.py:188} INFO - [2026-02-07T10:26:59.065+0000] {dag.py:3089} INFO - Sync 1 DAGs
[2026-02-07T10:26:59.082+0000] {logging_mixin.py:188} INFO - [2026-02-07T10:26:59.082+0000] {dag.py:3947} INFO - Setting next_dagrun for list_s3_bucket_files_dag to None, run_after=None
[2026-02-07T10:26:59.110+0000] {processor.py:183} INFO - Processing /home/cloud/codings/airflow/dags/list_s3_bucket_files_dag.py took 0.087 seconds
[2026-02-07T10:27:29.610+0000] {processor.py:161} INFO - Started process (PID=158070) to work on /home/cloud/codings/airflow/dags/list_s3_bucket_files_dag.py
[2026-02-07T10:27:29.615+0000] {processor.py:830} INFO - Processing file /home/cloud/codings/airflow/dags/list_s3_bucket_files_dag.py for tasks to queue
[2026-02-07T10:27:29.617+0000] {logging_mixin.py:188} INFO - [2026-02-07T10:27:29.617+0000] {dagbag.py:545} INFO - Filling up the DagBag from /home/cloud/codings/airflow/dags/list_s3_bucket_files_dag.py
[2026-02-07T10:27:29.628+0000] {processor.py:840} INFO - DAG(s) 'list_s3_bucket_files_dag' retrieved from /home/cloud/codings/airflow/dags/list_s3_bucket_files_dag.py
[2026-02-07T10:27:29.651+0000] {logging_mixin.py:188} INFO - [2026-02-07T10:27:29.651+0000] {dag.py:3089} INFO - Sync 1 DAGs
[2026-02-07T10:27:29.668+0000] {logging_mixin.py:188} INFO - [2026-02-07T10:27:29.668+0000] {dag.py:3947} INFO - Setting next_dagrun for list_s3_bucket_files_dag to None, run_after=None
[2026-02-07T10:27:29.695+0000] {processor.py:183} INFO - Processing /home/cloud/codings/airflow/dags/list_s3_bucket_files_dag.py took 0.091 seconds
[2026-02-07T10:28:01.314+0000] {processor.py:161} INFO - Started process (PID=158156) to work on /home/cloud/codings/airflow/dags/list_s3_bucket_files_dag.py
[2026-02-07T10:28:01.315+0000] {processor.py:830} INFO - Processing file /home/cloud/codings/airflow/dags/list_s3_bucket_files_dag.py for tasks to queue
[2026-02-07T10:28:01.316+0000] {logging_mixin.py:188} INFO - [2026-02-07T10:28:01.316+0000] {dagbag.py:545} INFO - Filling up the DagBag from /home/cloud/codings/airflow/dags/list_s3_bucket_files_dag.py
[2026-02-07T10:28:01.326+0000] {processor.py:840} INFO - DAG(s) 'list_s3_bucket_files_dag' retrieved from /home/cloud/codings/airflow/dags/list_s3_bucket_files_dag.py
[2026-02-07T10:28:01.347+0000] {logging_mixin.py:188} INFO - [2026-02-07T10:28:01.347+0000] {dag.py:3089} INFO - Sync 1 DAGs
[2026-02-07T10:28:01.363+0000] {logging_mixin.py:188} INFO - [2026-02-07T10:28:01.363+0000] {dag.py:3947} INFO - Setting next_dagrun for list_s3_bucket_files_dag to None, run_after=None
[2026-02-07T10:28:01.388+0000] {processor.py:183} INFO - Processing /home/cloud/codings/airflow/dags/list_s3_bucket_files_dag.py took 0.080 seconds
[2026-02-07T10:28:31.672+0000] {processor.py:161} INFO - Started process (PID=158228) to work on /home/cloud/codings/airflow/dags/list_s3_bucket_files_dag.py
[2026-02-07T10:28:31.674+0000] {processor.py:830} INFO - Processing file /home/cloud/codings/airflow/dags/list_s3_bucket_files_dag.py for tasks to queue
[2026-02-07T10:28:31.675+0000] {logging_mixin.py:188} INFO - [2026-02-07T10:28:31.675+0000] {dagbag.py:545} INFO - Filling up the DagBag from /home/cloud/codings/airflow/dags/list_s3_bucket_files_dag.py
[2026-02-07T10:28:31.687+0000] {processor.py:840} INFO - DAG(s) 'list_s3_bucket_files_dag' retrieved from /home/cloud/codings/airflow/dags/list_s3_bucket_files_dag.py
[2026-02-07T10:28:31.711+0000] {logging_mixin.py:188} INFO - [2026-02-07T10:28:31.710+0000] {dag.py:3089} INFO - Sync 1 DAGs
[2026-02-07T10:28:31.729+0000] {logging_mixin.py:188} INFO - [2026-02-07T10:28:31.729+0000] {dag.py:3947} INFO - Setting next_dagrun for list_s3_bucket_files_dag to None, run_after=None
[2026-02-07T10:28:31.756+0000] {processor.py:183} INFO - Processing /home/cloud/codings/airflow/dags/list_s3_bucket_files_dag.py took 0.090 seconds
[2026-02-07T10:29:02.281+0000] {processor.py:161} INFO - Started process (PID=158294) to work on /home/cloud/codings/airflow/dags/list_s3_bucket_files_dag.py
[2026-02-07T10:29:02.282+0000] {processor.py:830} INFO - Processing file /home/cloud/codings/airflow/dags/list_s3_bucket_files_dag.py for tasks to queue
[2026-02-07T10:29:02.283+0000] {logging_mixin.py:188} INFO - [2026-02-07T10:29:02.283+0000] {dagbag.py:545} INFO - Filling up the DagBag from /home/cloud/codings/airflow/dags/list_s3_bucket_files_dag.py
[2026-02-07T10:29:02.295+0000] {processor.py:840} INFO - DAG(s) 'list_s3_bucket_files_dag' retrieved from /home/cloud/codings/airflow/dags/list_s3_bucket_files_dag.py
[2026-02-07T10:29:02.321+0000] {logging_mixin.py:188} INFO - [2026-02-07T10:29:02.321+0000] {dag.py:3089} INFO - Sync 1 DAGs
[2026-02-07T10:29:02.343+0000] {logging_mixin.py:188} INFO - [2026-02-07T10:29:02.342+0000] {dag.py:3947} INFO - Setting next_dagrun for list_s3_bucket_files_dag to None, run_after=None
[2026-02-07T10:29:02.372+0000] {processor.py:183} INFO - Processing /home/cloud/codings/airflow/dags/list_s3_bucket_files_dag.py took 0.099 seconds
[2026-02-07T10:29:32.810+0000] {processor.py:161} INFO - Started process (PID=158360) to work on /home/cloud/codings/airflow/dags/list_s3_bucket_files_dag.py
[2026-02-07T10:29:32.812+0000] {processor.py:830} INFO - Processing file /home/cloud/codings/airflow/dags/list_s3_bucket_files_dag.py for tasks to queue
[2026-02-07T10:29:32.813+0000] {logging_mixin.py:188} INFO - [2026-02-07T10:29:32.812+0000] {dagbag.py:545} INFO - Filling up the DagBag from /home/cloud/codings/airflow/dags/list_s3_bucket_files_dag.py
[2026-02-07T10:29:32.823+0000] {processor.py:840} INFO - DAG(s) 'list_s3_bucket_files_dag' retrieved from /home/cloud/codings/airflow/dags/list_s3_bucket_files_dag.py
[2026-02-07T10:29:32.846+0000] {logging_mixin.py:188} INFO - [2026-02-07T10:29:32.846+0000] {dag.py:3089} INFO - Sync 1 DAGs
[2026-02-07T10:29:32.864+0000] {logging_mixin.py:188} INFO - [2026-02-07T10:29:32.864+0000] {dag.py:3947} INFO - Setting next_dagrun for list_s3_bucket_files_dag to None, run_after=None
[2026-02-07T10:29:32.891+0000] {processor.py:183} INFO - Processing /home/cloud/codings/airflow/dags/list_s3_bucket_files_dag.py took 0.087 seconds
[2026-02-07T10:30:03.628+0000] {processor.py:161} INFO - Started process (PID=158426) to work on /home/cloud/codings/airflow/dags/list_s3_bucket_files_dag.py
[2026-02-07T10:30:03.630+0000] {processor.py:830} INFO - Processing file /home/cloud/codings/airflow/dags/list_s3_bucket_files_dag.py for tasks to queue
[2026-02-07T10:30:03.630+0000] {logging_mixin.py:188} INFO - [2026-02-07T10:30:03.630+0000] {dagbag.py:545} INFO - Filling up the DagBag from /home/cloud/codings/airflow/dags/list_s3_bucket_files_dag.py
[2026-02-07T10:30:03.641+0000] {processor.py:840} INFO - DAG(s) 'list_s3_bucket_files_dag' retrieved from /home/cloud/codings/airflow/dags/list_s3_bucket_files_dag.py
[2026-02-07T10:30:03.662+0000] {logging_mixin.py:188} INFO - [2026-02-07T10:30:03.662+0000] {dag.py:3089} INFO - Sync 1 DAGs
[2026-02-07T10:30:03.679+0000] {logging_mixin.py:188} INFO - [2026-02-07T10:30:03.679+0000] {dag.py:3947} INFO - Setting next_dagrun for list_s3_bucket_files_dag to None, run_after=None
[2026-02-07T10:30:03.705+0000] {processor.py:183} INFO - Processing /home/cloud/codings/airflow/dags/list_s3_bucket_files_dag.py took 0.084 seconds
[2026-02-07T10:30:34.058+0000] {processor.py:161} INFO - Started process (PID=158492) to work on /home/cloud/codings/airflow/dags/list_s3_bucket_files_dag.py
[2026-02-07T10:30:34.059+0000] {processor.py:830} INFO - Processing file /home/cloud/codings/airflow/dags/list_s3_bucket_files_dag.py for tasks to queue
[2026-02-07T10:30:34.060+0000] {logging_mixin.py:188} INFO - [2026-02-07T10:30:34.060+0000] {dagbag.py:545} INFO - Filling up the DagBag from /home/cloud/codings/airflow/dags/list_s3_bucket_files_dag.py
[2026-02-07T10:30:34.073+0000] {processor.py:840} INFO - DAG(s) 'list_s3_bucket_files_dag' retrieved from /home/cloud/codings/airflow/dags/list_s3_bucket_files_dag.py
[2026-02-07T10:30:34.097+0000] {logging_mixin.py:188} INFO - [2026-02-07T10:30:34.097+0000] {dag.py:3089} INFO - Sync 1 DAGs
[2026-02-07T10:30:34.116+0000] {logging_mixin.py:188} INFO - [2026-02-07T10:30:34.116+0000] {dag.py:3947} INFO - Setting next_dagrun for list_s3_bucket_files_dag to None, run_after=None
[2026-02-07T10:30:34.146+0000] {processor.py:183} INFO - Processing /home/cloud/codings/airflow/dags/list_s3_bucket_files_dag.py took 0.096 seconds
[2026-02-07T10:31:04.204+0000] {processor.py:161} INFO - Started process (PID=158559) to work on /home/cloud/codings/airflow/dags/list_s3_bucket_files_dag.py
[2026-02-07T10:31:04.209+0000] {processor.py:830} INFO - Processing file /home/cloud/codings/airflow/dags/list_s3_bucket_files_dag.py for tasks to queue
[2026-02-07T10:31:04.210+0000] {logging_mixin.py:188} INFO - [2026-02-07T10:31:04.209+0000] {dagbag.py:545} INFO - Filling up the DagBag from /home/cloud/codings/airflow/dags/list_s3_bucket_files_dag.py
[2026-02-07T10:31:04.220+0000] {processor.py:840} INFO - DAG(s) 'list_s3_bucket_files_dag' retrieved from /home/cloud/codings/airflow/dags/list_s3_bucket_files_dag.py
[2026-02-07T10:31:04.242+0000] {logging_mixin.py:188} INFO - [2026-02-07T10:31:04.242+0000] {dag.py:3089} INFO - Sync 1 DAGs
[2026-02-07T10:31:04.259+0000] {logging_mixin.py:188} INFO - [2026-02-07T10:31:04.258+0000] {dag.py:3947} INFO - Setting next_dagrun for list_s3_bucket_files_dag to None, run_after=None
[2026-02-07T10:31:04.285+0000] {processor.py:183} INFO - Processing /home/cloud/codings/airflow/dags/list_s3_bucket_files_dag.py took 0.088 seconds
[2026-02-07T10:31:34.461+0000] {processor.py:161} INFO - Started process (PID=158613) to work on /home/cloud/codings/airflow/dags/list_s3_bucket_files_dag.py
[2026-02-07T10:31:34.462+0000] {processor.py:830} INFO - Processing file /home/cloud/codings/airflow/dags/list_s3_bucket_files_dag.py for tasks to queue
[2026-02-07T10:31:34.463+0000] {logging_mixin.py:188} INFO - [2026-02-07T10:31:34.463+0000] {dagbag.py:545} INFO - Filling up the DagBag from /home/cloud/codings/airflow/dags/list_s3_bucket_files_dag.py
[2026-02-07T10:31:34.475+0000] {processor.py:840} INFO - DAG(s) 'list_s3_bucket_files_dag' retrieved from /home/cloud/codings/airflow/dags/list_s3_bucket_files_dag.py
[2026-02-07T10:31:34.499+0000] {logging_mixin.py:188} INFO - [2026-02-07T10:31:34.499+0000] {dag.py:3089} INFO - Sync 1 DAGs
[2026-02-07T10:31:34.518+0000] {logging_mixin.py:188} INFO - [2026-02-07T10:31:34.518+0000] {dag.py:3947} INFO - Setting next_dagrun for list_s3_bucket_files_dag to None, run_after=None
[2026-02-07T10:31:34.549+0000] {processor.py:183} INFO - Processing /home/cloud/codings/airflow/dags/list_s3_bucket_files_dag.py took 0.095 seconds
[2026-02-07T10:32:05.392+0000] {processor.py:161} INFO - Started process (PID=158679) to work on /home/cloud/codings/airflow/dags/list_s3_bucket_files_dag.py
[2026-02-07T10:32:05.397+0000] {processor.py:830} INFO - Processing file /home/cloud/codings/airflow/dags/list_s3_bucket_files_dag.py for tasks to queue
[2026-02-07T10:32:05.397+0000] {logging_mixin.py:188} INFO - [2026-02-07T10:32:05.397+0000] {dagbag.py:545} INFO - Filling up the DagBag from /home/cloud/codings/airflow/dags/list_s3_bucket_files_dag.py
[2026-02-07T10:32:05.408+0000] {processor.py:840} INFO - DAG(s) 'list_s3_bucket_files_dag' retrieved from /home/cloud/codings/airflow/dags/list_s3_bucket_files_dag.py
[2026-02-07T10:32:05.429+0000] {logging_mixin.py:188} INFO - [2026-02-07T10:32:05.429+0000] {dag.py:3089} INFO - Sync 1 DAGs
[2026-02-07T10:32:05.446+0000] {logging_mixin.py:188} INFO - [2026-02-07T10:32:05.446+0000] {dag.py:3947} INFO - Setting next_dagrun for list_s3_bucket_files_dag to None, run_after=None
[2026-02-07T10:32:05.472+0000] {processor.py:183} INFO - Processing /home/cloud/codings/airflow/dags/list_s3_bucket_files_dag.py took 0.087 seconds
[2026-02-07T10:32:36.439+0000] {processor.py:161} INFO - Started process (PID=158745) to work on /home/cloud/codings/airflow/dags/list_s3_bucket_files_dag.py
[2026-02-07T10:32:36.440+0000] {processor.py:830} INFO - Processing file /home/cloud/codings/airflow/dags/list_s3_bucket_files_dag.py for tasks to queue
[2026-02-07T10:32:36.441+0000] {logging_mixin.py:188} INFO - [2026-02-07T10:32:36.440+0000] {dagbag.py:545} INFO - Filling up the DagBag from /home/cloud/codings/airflow/dags/list_s3_bucket_files_dag.py
[2026-02-07T10:32:36.452+0000] {processor.py:840} INFO - DAG(s) 'list_s3_bucket_files_dag' retrieved from /home/cloud/codings/airflow/dags/list_s3_bucket_files_dag.py
[2026-02-07T10:32:36.477+0000] {logging_mixin.py:188} INFO - [2026-02-07T10:32:36.477+0000] {dag.py:3089} INFO - Sync 1 DAGs
[2026-02-07T10:32:36.495+0000] {logging_mixin.py:188} INFO - [2026-02-07T10:32:36.495+0000] {dag.py:3947} INFO - Setting next_dagrun for list_s3_bucket_files_dag to None, run_after=None
[2026-02-07T10:32:36.523+0000] {processor.py:183} INFO - Processing /home/cloud/codings/airflow/dags/list_s3_bucket_files_dag.py took 0.091 seconds
[2026-02-07T10:33:06.907+0000] {processor.py:161} INFO - Started process (PID=158811) to work on /home/cloud/codings/airflow/dags/list_s3_bucket_files_dag.py
[2026-02-07T10:33:06.908+0000] {processor.py:830} INFO - Processing file /home/cloud/codings/airflow/dags/list_s3_bucket_files_dag.py for tasks to queue
[2026-02-07T10:33:06.909+0000] {logging_mixin.py:188} INFO - [2026-02-07T10:33:06.909+0000] {dagbag.py:545} INFO - Filling up the DagBag from /home/cloud/codings/airflow/dags/list_s3_bucket_files_dag.py
[2026-02-07T10:33:06.920+0000] {processor.py:840} INFO - DAG(s) 'list_s3_bucket_files_dag' retrieved from /home/cloud/codings/airflow/dags/list_s3_bucket_files_dag.py
[2026-02-07T10:33:06.940+0000] {logging_mixin.py:188} INFO - [2026-02-07T10:33:06.940+0000] {dag.py:3089} INFO - Sync 1 DAGs
[2026-02-07T10:33:06.957+0000] {logging_mixin.py:188} INFO - [2026-02-07T10:33:06.957+0000] {dag.py:3947} INFO - Setting next_dagrun for list_s3_bucket_files_dag to None, run_after=None
[2026-02-07T10:33:06.984+0000] {processor.py:183} INFO - Processing /home/cloud/codings/airflow/dags/list_s3_bucket_files_dag.py took 0.083 seconds
[2026-02-07T10:33:37.238+0000] {processor.py:161} INFO - Started process (PID=158877) to work on /home/cloud/codings/airflow/dags/list_s3_bucket_files_dag.py
[2026-02-07T10:33:37.239+0000] {processor.py:830} INFO - Processing file /home/cloud/codings/airflow/dags/list_s3_bucket_files_dag.py for tasks to queue
[2026-02-07T10:33:37.240+0000] {logging_mixin.py:188} INFO - [2026-02-07T10:33:37.240+0000] {dagbag.py:545} INFO - Filling up the DagBag from /home/cloud/codings/airflow/dags/list_s3_bucket_files_dag.py
[2026-02-07T10:33:37.251+0000] {processor.py:840} INFO - DAG(s) 'list_s3_bucket_files_dag' retrieved from /home/cloud/codings/airflow/dags/list_s3_bucket_files_dag.py
[2026-02-07T10:33:37.273+0000] {logging_mixin.py:188} INFO - [2026-02-07T10:33:37.273+0000] {dag.py:3089} INFO - Sync 1 DAGs
[2026-02-07T10:33:37.292+0000] {logging_mixin.py:188} INFO - [2026-02-07T10:33:37.292+0000] {dag.py:3947} INFO - Setting next_dagrun for list_s3_bucket_files_dag to None, run_after=None
[2026-02-07T10:33:37.319+0000] {processor.py:183} INFO - Processing /home/cloud/codings/airflow/dags/list_s3_bucket_files_dag.py took 0.088 seconds
[2026-02-07T10:34:07.503+0000] {processor.py:161} INFO - Started process (PID=158949) to work on /home/cloud/codings/airflow/dags/list_s3_bucket_files_dag.py
[2026-02-07T10:34:07.506+0000] {processor.py:830} INFO - Processing file /home/cloud/codings/airflow/dags/list_s3_bucket_files_dag.py for tasks to queue
[2026-02-07T10:34:07.507+0000] {logging_mixin.py:188} INFO - [2026-02-07T10:34:07.506+0000] {dagbag.py:545} INFO - Filling up the DagBag from /home/cloud/codings/airflow/dags/list_s3_bucket_files_dag.py
[2026-02-07T10:34:07.517+0000] {processor.py:840} INFO - DAG(s) 'list_s3_bucket_files_dag' retrieved from /home/cloud/codings/airflow/dags/list_s3_bucket_files_dag.py
[2026-02-07T10:34:07.539+0000] {logging_mixin.py:188} INFO - [2026-02-07T10:34:07.538+0000] {dag.py:3089} INFO - Sync 1 DAGs
[2026-02-07T10:34:07.554+0000] {logging_mixin.py:188} INFO - [2026-02-07T10:34:07.554+0000] {dag.py:3947} INFO - Setting next_dagrun for list_s3_bucket_files_dag to None, run_after=None
[2026-02-07T10:34:07.580+0000] {processor.py:183} INFO - Processing /home/cloud/codings/airflow/dags/list_s3_bucket_files_dag.py took 0.084 seconds
[2026-02-07T10:34:37.865+0000] {processor.py:161} INFO - Started process (PID=159015) to work on /home/cloud/codings/airflow/dags/list_s3_bucket_files_dag.py
[2026-02-07T10:34:37.866+0000] {processor.py:830} INFO - Processing file /home/cloud/codings/airflow/dags/list_s3_bucket_files_dag.py for tasks to queue
[2026-02-07T10:34:37.867+0000] {logging_mixin.py:188} INFO - [2026-02-07T10:34:37.866+0000] {dagbag.py:545} INFO - Filling up the DagBag from /home/cloud/codings/airflow/dags/list_s3_bucket_files_dag.py
[2026-02-07T10:34:37.881+0000] {processor.py:840} INFO - DAG(s) 'list_s3_bucket_files_dag' retrieved from /home/cloud/codings/airflow/dags/list_s3_bucket_files_dag.py
[2026-02-07T10:34:37.909+0000] {logging_mixin.py:188} INFO - [2026-02-07T10:34:37.908+0000] {dag.py:3089} INFO - Sync 1 DAGs
[2026-02-07T10:34:37.927+0000] {logging_mixin.py:188} INFO - [2026-02-07T10:34:37.927+0000] {dag.py:3947} INFO - Setting next_dagrun for list_s3_bucket_files_dag to None, run_after=None
[2026-02-07T10:34:37.953+0000] {processor.py:183} INFO - Processing /home/cloud/codings/airflow/dags/list_s3_bucket_files_dag.py took 0.096 seconds
[2026-02-07T10:35:08.882+0000] {processor.py:161} INFO - Started process (PID=159081) to work on /home/cloud/codings/airflow/dags/list_s3_bucket_files_dag.py
[2026-02-07T10:35:08.886+0000] {processor.py:830} INFO - Processing file /home/cloud/codings/airflow/dags/list_s3_bucket_files_dag.py for tasks to queue
[2026-02-07T10:35:08.887+0000] {logging_mixin.py:188} INFO - [2026-02-07T10:35:08.887+0000] {dagbag.py:545} INFO - Filling up the DagBag from /home/cloud/codings/airflow/dags/list_s3_bucket_files_dag.py
[2026-02-07T10:35:08.898+0000] {processor.py:840} INFO - DAG(s) 'list_s3_bucket_files_dag' retrieved from /home/cloud/codings/airflow/dags/list_s3_bucket_files_dag.py
[2026-02-07T10:35:08.924+0000] {logging_mixin.py:188} INFO - [2026-02-07T10:35:08.924+0000] {dag.py:3089} INFO - Sync 1 DAGs
[2026-02-07T10:35:08.943+0000] {logging_mixin.py:188} INFO - [2026-02-07T10:35:08.943+0000] {dag.py:3947} INFO - Setting next_dagrun for list_s3_bucket_files_dag to None, run_after=None
[2026-02-07T10:35:08.973+0000] {processor.py:183} INFO - Processing /home/cloud/codings/airflow/dags/list_s3_bucket_files_dag.py took 0.100 seconds
[2026-02-07T10:35:39.494+0000] {processor.py:161} INFO - Started process (PID=159147) to work on /home/cloud/codings/airflow/dags/list_s3_bucket_files_dag.py
[2026-02-07T10:35:39.494+0000] {processor.py:830} INFO - Processing file /home/cloud/codings/airflow/dags/list_s3_bucket_files_dag.py for tasks to queue
[2026-02-07T10:35:39.495+0000] {logging_mixin.py:188} INFO - [2026-02-07T10:35:39.495+0000] {dagbag.py:545} INFO - Filling up the DagBag from /home/cloud/codings/airflow/dags/list_s3_bucket_files_dag.py
[2026-02-07T10:35:39.506+0000] {processor.py:840} INFO - DAG(s) 'list_s3_bucket_files_dag' retrieved from /home/cloud/codings/airflow/dags/list_s3_bucket_files_dag.py
[2026-02-07T10:35:39.528+0000] {logging_mixin.py:188} INFO - [2026-02-07T10:35:39.527+0000] {dag.py:3089} INFO - Sync 1 DAGs
[2026-02-07T10:35:39.544+0000] {logging_mixin.py:188} INFO - [2026-02-07T10:35:39.543+0000] {dag.py:3947} INFO - Setting next_dagrun for list_s3_bucket_files_dag to None, run_after=None
[2026-02-07T10:35:39.573+0000] {processor.py:183} INFO - Processing /home/cloud/codings/airflow/dags/list_s3_bucket_files_dag.py took 0.085 seconds
[2026-02-07T10:36:09.955+0000] {processor.py:161} INFO - Started process (PID=159213) to work on /home/cloud/codings/airflow/dags/list_s3_bucket_files_dag.py
[2026-02-07T10:36:09.959+0000] {processor.py:830} INFO - Processing file /home/cloud/codings/airflow/dags/list_s3_bucket_files_dag.py for tasks to queue
[2026-02-07T10:36:09.960+0000] {logging_mixin.py:188} INFO - [2026-02-07T10:36:09.960+0000] {dagbag.py:545} INFO - Filling up the DagBag from /home/cloud/codings/airflow/dags/list_s3_bucket_files_dag.py
[2026-02-07T10:36:09.971+0000] {processor.py:840} INFO - DAG(s) 'list_s3_bucket_files_dag' retrieved from /home/cloud/codings/airflow/dags/list_s3_bucket_files_dag.py
[2026-02-07T10:36:09.993+0000] {logging_mixin.py:188} INFO - [2026-02-07T10:36:09.993+0000] {dag.py:3089} INFO - Sync 1 DAGs
[2026-02-07T10:36:10.009+0000] {logging_mixin.py:188} INFO - [2026-02-07T10:36:10.009+0000] {dag.py:3947} INFO - Setting next_dagrun for list_s3_bucket_files_dag to None, run_after=None
[2026-02-07T10:36:10.034+0000] {processor.py:183} INFO - Processing /home/cloud/codings/airflow/dags/list_s3_bucket_files_dag.py took 0.086 seconds
[2026-02-07T10:36:40.236+0000] {processor.py:161} INFO - Started process (PID=159268) to work on /home/cloud/codings/airflow/dags/list_s3_bucket_files_dag.py
[2026-02-07T10:36:40.237+0000] {processor.py:830} INFO - Processing file /home/cloud/codings/airflow/dags/list_s3_bucket_files_dag.py for tasks to queue
[2026-02-07T10:36:40.238+0000] {logging_mixin.py:188} INFO - [2026-02-07T10:36:40.238+0000] {dagbag.py:545} INFO - Filling up the DagBag from /home/cloud/codings/airflow/dags/list_s3_bucket_files_dag.py
[2026-02-07T10:36:40.249+0000] {processor.py:840} INFO - DAG(s) 'list_s3_bucket_files_dag' retrieved from /home/cloud/codings/airflow/dags/list_s3_bucket_files_dag.py
[2026-02-07T10:36:40.269+0000] {logging_mixin.py:188} INFO - [2026-02-07T10:36:40.269+0000] {dag.py:3089} INFO - Sync 1 DAGs
[2026-02-07T10:36:40.285+0000] {logging_mixin.py:188} INFO - [2026-02-07T10:36:40.284+0000] {dag.py:3947} INFO - Setting next_dagrun for list_s3_bucket_files_dag to None, run_after=None
[2026-02-07T10:36:40.312+0000] {processor.py:183} INFO - Processing /home/cloud/codings/airflow/dags/list_s3_bucket_files_dag.py took 0.081 seconds
[2026-02-07T10:37:10.641+0000] {processor.py:161} INFO - Started process (PID=159334) to work on /home/cloud/codings/airflow/dags/list_s3_bucket_files_dag.py
[2026-02-07T10:37:10.643+0000] {processor.py:830} INFO - Processing file /home/cloud/codings/airflow/dags/list_s3_bucket_files_dag.py for tasks to queue
[2026-02-07T10:37:10.644+0000] {logging_mixin.py:188} INFO - [2026-02-07T10:37:10.643+0000] {dagbag.py:545} INFO - Filling up the DagBag from /home/cloud/codings/airflow/dags/list_s3_bucket_files_dag.py
[2026-02-07T10:37:10.654+0000] {processor.py:840} INFO - DAG(s) 'list_s3_bucket_files_dag' retrieved from /home/cloud/codings/airflow/dags/list_s3_bucket_files_dag.py
[2026-02-07T10:37:10.674+0000] {logging_mixin.py:188} INFO - [2026-02-07T10:37:10.674+0000] {dag.py:3089} INFO - Sync 1 DAGs
[2026-02-07T10:37:10.689+0000] {logging_mixin.py:188} INFO - [2026-02-07T10:37:10.689+0000] {dag.py:3947} INFO - Setting next_dagrun for list_s3_bucket_files_dag to None, run_after=None
[2026-02-07T10:37:10.714+0000] {processor.py:183} INFO - Processing /home/cloud/codings/airflow/dags/list_s3_bucket_files_dag.py took 0.079 seconds
[2026-02-07T10:37:41.066+0000] {processor.py:161} INFO - Started process (PID=159400) to work on /home/cloud/codings/airflow/dags/list_s3_bucket_files_dag.py
[2026-02-07T10:37:41.067+0000] {processor.py:830} INFO - Processing file /home/cloud/codings/airflow/dags/list_s3_bucket_files_dag.py for tasks to queue
[2026-02-07T10:37:41.068+0000] {logging_mixin.py:188} INFO - [2026-02-07T10:37:41.068+0000] {dagbag.py:545} INFO - Filling up the DagBag from /home/cloud/codings/airflow/dags/list_s3_bucket_files_dag.py
[2026-02-07T10:37:41.078+0000] {processor.py:840} INFO - DAG(s) 'list_s3_bucket_files_dag' retrieved from /home/cloud/codings/airflow/dags/list_s3_bucket_files_dag.py
[2026-02-07T10:37:41.104+0000] {logging_mixin.py:188} INFO - [2026-02-07T10:37:41.104+0000] {dag.py:3089} INFO - Sync 1 DAGs
[2026-02-07T10:37:41.121+0000] {logging_mixin.py:188} INFO - [2026-02-07T10:37:41.121+0000] {dag.py:3947} INFO - Setting next_dagrun for list_s3_bucket_files_dag to None, run_after=None
[2026-02-07T10:37:41.151+0000] {processor.py:183} INFO - Processing /home/cloud/codings/airflow/dags/list_s3_bucket_files_dag.py took 0.092 seconds
[2026-02-07T10:38:11.386+0000] {processor.py:161} INFO - Started process (PID=159466) to work on /home/cloud/codings/airflow/dags/list_s3_bucket_files_dag.py
[2026-02-07T10:38:11.387+0000] {processor.py:830} INFO - Processing file /home/cloud/codings/airflow/dags/list_s3_bucket_files_dag.py for tasks to queue
[2026-02-07T10:38:11.388+0000] {logging_mixin.py:188} INFO - [2026-02-07T10:38:11.388+0000] {dagbag.py:545} INFO - Filling up the DagBag from /home/cloud/codings/airflow/dags/list_s3_bucket_files_dag.py
[2026-02-07T10:38:11.400+0000] {processor.py:840} INFO - DAG(s) 'list_s3_bucket_files_dag' retrieved from /home/cloud/codings/airflow/dags/list_s3_bucket_files_dag.py
[2026-02-07T10:38:11.424+0000] {logging_mixin.py:188} INFO - [2026-02-07T10:38:11.424+0000] {dag.py:3089} INFO - Sync 1 DAGs
[2026-02-07T10:38:11.442+0000] {logging_mixin.py:188} INFO - [2026-02-07T10:38:11.442+0000] {dag.py:3947} INFO - Setting next_dagrun for list_s3_bucket_files_dag to None, run_after=None
[2026-02-07T10:38:11.470+0000] {processor.py:183} INFO - Processing /home/cloud/codings/airflow/dags/list_s3_bucket_files_dag.py took 0.091 seconds
[2026-02-07T10:38:42.046+0000] {processor.py:161} INFO - Started process (PID=159532) to work on /home/cloud/codings/airflow/dags/list_s3_bucket_files_dag.py
[2026-02-07T10:38:42.047+0000] {processor.py:830} INFO - Processing file /home/cloud/codings/airflow/dags/list_s3_bucket_files_dag.py for tasks to queue
[2026-02-07T10:38:42.048+0000] {logging_mixin.py:188} INFO - [2026-02-07T10:38:42.048+0000] {dagbag.py:545} INFO - Filling up the DagBag from /home/cloud/codings/airflow/dags/list_s3_bucket_files_dag.py
[2026-02-07T10:38:42.061+0000] {processor.py:840} INFO - DAG(s) 'list_s3_bucket_files_dag' retrieved from /home/cloud/codings/airflow/dags/list_s3_bucket_files_dag.py
[2026-02-07T10:38:42.085+0000] {logging_mixin.py:188} INFO - [2026-02-07T10:38:42.085+0000] {dag.py:3089} INFO - Sync 1 DAGs
[2026-02-07T10:38:42.102+0000] {logging_mixin.py:188} INFO - [2026-02-07T10:38:42.102+0000] {dag.py:3947} INFO - Setting next_dagrun for list_s3_bucket_files_dag to None, run_after=None
[2026-02-07T10:38:42.129+0000] {processor.py:183} INFO - Processing /home/cloud/codings/airflow/dags/list_s3_bucket_files_dag.py took 0.092 seconds
[2026-02-07T10:39:12.699+0000] {processor.py:161} INFO - Started process (PID=159601) to work on /home/cloud/codings/airflow/dags/list_s3_bucket_files_dag.py
[2026-02-07T10:39:12.700+0000] {processor.py:830} INFO - Processing file /home/cloud/codings/airflow/dags/list_s3_bucket_files_dag.py for tasks to queue
[2026-02-07T10:39:12.701+0000] {logging_mixin.py:188} INFO - [2026-02-07T10:39:12.701+0000] {dagbag.py:545} INFO - Filling up the DagBag from /home/cloud/codings/airflow/dags/list_s3_bucket_files_dag.py
[2026-02-07T10:39:12.713+0000] {processor.py:840} INFO - DAG(s) 'list_s3_bucket_files_dag' retrieved from /home/cloud/codings/airflow/dags/list_s3_bucket_files_dag.py
[2026-02-07T10:39:12.733+0000] {logging_mixin.py:188} INFO - [2026-02-07T10:39:12.733+0000] {dag.py:3089} INFO - Sync 1 DAGs
[2026-02-07T10:39:12.748+0000] {logging_mixin.py:188} INFO - [2026-02-07T10:39:12.748+0000] {dag.py:3947} INFO - Setting next_dagrun for list_s3_bucket_files_dag to None, run_after=None
[2026-02-07T10:39:12.774+0000] {processor.py:183} INFO - Processing /home/cloud/codings/airflow/dags/list_s3_bucket_files_dag.py took 0.082 seconds
[2026-02-07T10:39:44.229+0000] {processor.py:161} INFO - Started process (PID=159667) to work on /home/cloud/codings/airflow/dags/list_s3_bucket_files_dag.py
[2026-02-07T10:39:44.230+0000] {processor.py:830} INFO - Processing file /home/cloud/codings/airflow/dags/list_s3_bucket_files_dag.py for tasks to queue
[2026-02-07T10:39:44.231+0000] {logging_mixin.py:188} INFO - [2026-02-07T10:39:44.231+0000] {dagbag.py:545} INFO - Filling up the DagBag from /home/cloud/codings/airflow/dags/list_s3_bucket_files_dag.py
[2026-02-07T10:39:44.243+0000] {processor.py:840} INFO - DAG(s) 'list_s3_bucket_files_dag' retrieved from /home/cloud/codings/airflow/dags/list_s3_bucket_files_dag.py
[2026-02-07T10:39:44.264+0000] {logging_mixin.py:188} INFO - [2026-02-07T10:39:44.264+0000] {dag.py:3089} INFO - Sync 1 DAGs
[2026-02-07T10:39:44.278+0000] {logging_mixin.py:188} INFO - [2026-02-07T10:39:44.278+0000] {dag.py:3947} INFO - Setting next_dagrun for list_s3_bucket_files_dag to None, run_after=None
[2026-02-07T10:39:44.303+0000] {processor.py:183} INFO - Processing /home/cloud/codings/airflow/dags/list_s3_bucket_files_dag.py took 0.080 seconds
[2026-02-07T10:40:14.464+0000] {processor.py:161} INFO - Started process (PID=159733) to work on /home/cloud/codings/airflow/dags/list_s3_bucket_files_dag.py
[2026-02-07T10:40:14.466+0000] {processor.py:830} INFO - Processing file /home/cloud/codings/airflow/dags/list_s3_bucket_files_dag.py for tasks to queue
[2026-02-07T10:40:14.467+0000] {logging_mixin.py:188} INFO - [2026-02-07T10:40:14.467+0000] {dagbag.py:545} INFO - Filling up the DagBag from /home/cloud/codings/airflow/dags/list_s3_bucket_files_dag.py
[2026-02-07T10:40:14.478+0000] {processor.py:840} INFO - DAG(s) 'list_s3_bucket_files_dag' retrieved from /home/cloud/codings/airflow/dags/list_s3_bucket_files_dag.py
[2026-02-07T10:40:14.499+0000] {logging_mixin.py:188} INFO - [2026-02-07T10:40:14.499+0000] {dag.py:3089} INFO - Sync 1 DAGs
[2026-02-07T10:40:14.513+0000] {logging_mixin.py:188} INFO - [2026-02-07T10:40:14.513+0000] {dag.py:3947} INFO - Setting next_dagrun for list_s3_bucket_files_dag to None, run_after=None
[2026-02-07T10:40:14.538+0000] {processor.py:183} INFO - Processing /home/cloud/codings/airflow/dags/list_s3_bucket_files_dag.py took 0.081 seconds
[2026-02-07T10:40:45.043+0000] {processor.py:161} INFO - Started process (PID=159799) to work on /home/cloud/codings/airflow/dags/list_s3_bucket_files_dag.py
[2026-02-07T10:40:45.044+0000] {processor.py:830} INFO - Processing file /home/cloud/codings/airflow/dags/list_s3_bucket_files_dag.py for tasks to queue
[2026-02-07T10:40:45.045+0000] {logging_mixin.py:188} INFO - [2026-02-07T10:40:45.045+0000] {dagbag.py:545} INFO - Filling up the DagBag from /home/cloud/codings/airflow/dags/list_s3_bucket_files_dag.py
[2026-02-07T10:40:45.056+0000] {processor.py:840} INFO - DAG(s) 'list_s3_bucket_files_dag' retrieved from /home/cloud/codings/airflow/dags/list_s3_bucket_files_dag.py
[2026-02-07T10:40:45.078+0000] {logging_mixin.py:188} INFO - [2026-02-07T10:40:45.077+0000] {dag.py:3089} INFO - Sync 1 DAGs
[2026-02-07T10:40:45.092+0000] {logging_mixin.py:188} INFO - [2026-02-07T10:40:45.092+0000] {dag.py:3947} INFO - Setting next_dagrun for list_s3_bucket_files_dag to None, run_after=None
[2026-02-07T10:40:45.118+0000] {processor.py:183} INFO - Processing /home/cloud/codings/airflow/dags/list_s3_bucket_files_dag.py took 0.081 seconds
[2026-02-07T10:41:15.673+0000] {processor.py:161} INFO - Started process (PID=159865) to work on /home/cloud/codings/airflow/dags/list_s3_bucket_files_dag.py
[2026-02-07T10:41:15.675+0000] {processor.py:830} INFO - Processing file /home/cloud/codings/airflow/dags/list_s3_bucket_files_dag.py for tasks to queue
[2026-02-07T10:41:15.676+0000] {logging_mixin.py:188} INFO - [2026-02-07T10:41:15.675+0000] {dagbag.py:545} INFO - Filling up the DagBag from /home/cloud/codings/airflow/dags/list_s3_bucket_files_dag.py
[2026-02-07T10:41:15.686+0000] {processor.py:840} INFO - DAG(s) 'list_s3_bucket_files_dag' retrieved from /home/cloud/codings/airflow/dags/list_s3_bucket_files_dag.py
[2026-02-07T10:41:15.707+0000] {logging_mixin.py:188} INFO - [2026-02-07T10:41:15.707+0000] {dag.py:3089} INFO - Sync 1 DAGs
[2026-02-07T10:41:15.721+0000] {logging_mixin.py:188} INFO - [2026-02-07T10:41:15.721+0000] {dag.py:3947} INFO - Setting next_dagrun for list_s3_bucket_files_dag to None, run_after=None
[2026-02-07T10:41:15.745+0000] {processor.py:183} INFO - Processing /home/cloud/codings/airflow/dags/list_s3_bucket_files_dag.py took 0.078 seconds
[2026-02-07T10:41:46.154+0000] {processor.py:161} INFO - Started process (PID=159925) to work on /home/cloud/codings/airflow/dags/list_s3_bucket_files_dag.py
[2026-02-07T10:41:46.155+0000] {processor.py:830} INFO - Processing file /home/cloud/codings/airflow/dags/list_s3_bucket_files_dag.py for tasks to queue
[2026-02-07T10:41:46.156+0000] {logging_mixin.py:188} INFO - [2026-02-07T10:41:46.155+0000] {dagbag.py:545} INFO - Filling up the DagBag from /home/cloud/codings/airflow/dags/list_s3_bucket_files_dag.py
[2026-02-07T10:41:46.167+0000] {processor.py:840} INFO - DAG(s) 'list_s3_bucket_files_dag' retrieved from /home/cloud/codings/airflow/dags/list_s3_bucket_files_dag.py
[2026-02-07T10:41:46.191+0000] {logging_mixin.py:188} INFO - [2026-02-07T10:41:46.190+0000] {dag.py:3089} INFO - Sync 1 DAGs
[2026-02-07T10:41:46.208+0000] {logging_mixin.py:188} INFO - [2026-02-07T10:41:46.208+0000] {dag.py:3947} INFO - Setting next_dagrun for list_s3_bucket_files_dag to None, run_after=None
[2026-02-07T10:41:46.242+0000] {processor.py:183} INFO - Processing /home/cloud/codings/airflow/dags/list_s3_bucket_files_dag.py took 0.097 seconds
[2026-02-07T10:42:16.503+0000] {processor.py:161} INFO - Started process (PID=159992) to work on /home/cloud/codings/airflow/dags/list_s3_bucket_files_dag.py
[2026-02-07T10:42:16.504+0000] {processor.py:830} INFO - Processing file /home/cloud/codings/airflow/dags/list_s3_bucket_files_dag.py for tasks to queue
[2026-02-07T10:42:16.505+0000] {logging_mixin.py:188} INFO - [2026-02-07T10:42:16.505+0000] {dagbag.py:545} INFO - Filling up the DagBag from /home/cloud/codings/airflow/dags/list_s3_bucket_files_dag.py
[2026-02-07T10:42:16.516+0000] {processor.py:840} INFO - DAG(s) 'list_s3_bucket_files_dag' retrieved from /home/cloud/codings/airflow/dags/list_s3_bucket_files_dag.py
[2026-02-07T10:42:16.537+0000] {logging_mixin.py:188} INFO - [2026-02-07T10:42:16.537+0000] {dag.py:3089} INFO - Sync 1 DAGs
[2026-02-07T10:42:16.552+0000] {logging_mixin.py:188} INFO - [2026-02-07T10:42:16.552+0000] {dag.py:3947} INFO - Setting next_dagrun for list_s3_bucket_files_dag to None, run_after=None
[2026-02-07T10:42:16.612+0000] {processor.py:183} INFO - Processing /home/cloud/codings/airflow/dags/list_s3_bucket_files_dag.py took 0.115 seconds
[2026-02-07T10:42:47.274+0000] {processor.py:161} INFO - Started process (PID=160058) to work on /home/cloud/codings/airflow/dags/list_s3_bucket_files_dag.py
[2026-02-07T10:42:47.275+0000] {processor.py:830} INFO - Processing file /home/cloud/codings/airflow/dags/list_s3_bucket_files_dag.py for tasks to queue
[2026-02-07T10:42:47.276+0000] {logging_mixin.py:188} INFO - [2026-02-07T10:42:47.276+0000] {dagbag.py:545} INFO - Filling up the DagBag from /home/cloud/codings/airflow/dags/list_s3_bucket_files_dag.py
[2026-02-07T10:42:47.287+0000] {processor.py:840} INFO - DAG(s) 'list_s3_bucket_files_dag' retrieved from /home/cloud/codings/airflow/dags/list_s3_bucket_files_dag.py
[2026-02-07T10:42:47.489+0000] {logging_mixin.py:188} INFO - [2026-02-07T10:42:47.489+0000] {dag.py:3089} INFO - Sync 1 DAGs
[2026-02-07T10:42:47.504+0000] {logging_mixin.py:188} INFO - [2026-02-07T10:42:47.503+0000] {dag.py:3947} INFO - Setting next_dagrun for list_s3_bucket_files_dag to None, run_after=None
[2026-02-07T10:42:47.527+0000] {processor.py:183} INFO - Processing /home/cloud/codings/airflow/dags/list_s3_bucket_files_dag.py took 0.261 seconds
[2026-02-07T10:43:17.786+0000] {processor.py:161} INFO - Started process (PID=160124) to work on /home/cloud/codings/airflow/dags/list_s3_bucket_files_dag.py
[2026-02-07T10:43:17.787+0000] {processor.py:830} INFO - Processing file /home/cloud/codings/airflow/dags/list_s3_bucket_files_dag.py for tasks to queue
[2026-02-07T10:43:17.788+0000] {logging_mixin.py:188} INFO - [2026-02-07T10:43:17.788+0000] {dagbag.py:545} INFO - Filling up the DagBag from /home/cloud/codings/airflow/dags/list_s3_bucket_files_dag.py
[2026-02-07T10:43:17.799+0000] {processor.py:840} INFO - DAG(s) 'list_s3_bucket_files_dag' retrieved from /home/cloud/codings/airflow/dags/list_s3_bucket_files_dag.py
[2026-02-07T10:43:17.824+0000] {logging_mixin.py:188} INFO - [2026-02-07T10:43:17.824+0000] {dag.py:3089} INFO - Sync 1 DAGs
[2026-02-07T10:43:17.840+0000] {logging_mixin.py:188} INFO - [2026-02-07T10:43:17.840+0000] {dag.py:3947} INFO - Setting next_dagrun for list_s3_bucket_files_dag to None, run_after=None
[2026-02-07T10:43:17.870+0000] {processor.py:183} INFO - Processing /home/cloud/codings/airflow/dags/list_s3_bucket_files_dag.py took 0.093 seconds
[2026-02-07T10:43:48.255+0000] {processor.py:161} INFO - Started process (PID=160184) to work on /home/cloud/codings/airflow/dags/list_s3_bucket_files_dag.py
[2026-02-07T10:43:48.256+0000] {processor.py:830} INFO - Processing file /home/cloud/codings/airflow/dags/list_s3_bucket_files_dag.py for tasks to queue
[2026-02-07T10:43:48.256+0000] {logging_mixin.py:188} INFO - [2026-02-07T10:43:48.256+0000] {dagbag.py:545} INFO - Filling up the DagBag from /home/cloud/codings/airflow/dags/list_s3_bucket_files_dag.py
[2026-02-07T10:43:48.267+0000] {processor.py:840} INFO - DAG(s) 'list_s3_bucket_files_dag' retrieved from /home/cloud/codings/airflow/dags/list_s3_bucket_files_dag.py
[2026-02-07T10:43:48.288+0000] {logging_mixin.py:188} INFO - [2026-02-07T10:43:48.288+0000] {dag.py:3089} INFO - Sync 1 DAGs
[2026-02-07T10:43:48.301+0000] {logging_mixin.py:188} INFO - [2026-02-07T10:43:48.301+0000] {dag.py:3947} INFO - Setting next_dagrun for list_s3_bucket_files_dag to None, run_after=None
[2026-02-07T10:43:48.328+0000] {processor.py:183} INFO - Processing /home/cloud/codings/airflow/dags/list_s3_bucket_files_dag.py took 0.080 seconds
[2026-02-07T10:44:18.879+0000] {processor.py:161} INFO - Started process (PID=160250) to work on /home/cloud/codings/airflow/dags/list_s3_bucket_files_dag.py
[2026-02-07T10:44:18.884+0000] {processor.py:830} INFO - Processing file /home/cloud/codings/airflow/dags/list_s3_bucket_files_dag.py for tasks to queue
[2026-02-07T10:44:18.885+0000] {logging_mixin.py:188} INFO - [2026-02-07T10:44:18.885+0000] {dagbag.py:545} INFO - Filling up the DagBag from /home/cloud/codings/airflow/dags/list_s3_bucket_files_dag.py
[2026-02-07T10:44:18.898+0000] {processor.py:840} INFO - DAG(s) 'list_s3_bucket_files_dag' retrieved from /home/cloud/codings/airflow/dags/list_s3_bucket_files_dag.py
[2026-02-07T10:44:18.922+0000] {logging_mixin.py:188} INFO - [2026-02-07T10:44:18.921+0000] {dag.py:3089} INFO - Sync 1 DAGs
[2026-02-07T10:44:18.941+0000] {logging_mixin.py:188} INFO - [2026-02-07T10:44:18.941+0000] {dag.py:3947} INFO - Setting next_dagrun for list_s3_bucket_files_dag to None, run_after=None
[2026-02-07T10:44:18.972+0000] {processor.py:183} INFO - Processing /home/cloud/codings/airflow/dags/list_s3_bucket_files_dag.py took 0.101 seconds
[2026-02-07T10:44:49.175+0000] {processor.py:161} INFO - Started process (PID=160316) to work on /home/cloud/codings/airflow/dags/list_s3_bucket_files_dag.py
[2026-02-07T10:44:49.176+0000] {processor.py:830} INFO - Processing file /home/cloud/codings/airflow/dags/list_s3_bucket_files_dag.py for tasks to queue
[2026-02-07T10:44:49.177+0000] {logging_mixin.py:188} INFO - [2026-02-07T10:44:49.176+0000] {dagbag.py:545} INFO - Filling up the DagBag from /home/cloud/codings/airflow/dags/list_s3_bucket_files_dag.py
[2026-02-07T10:44:49.188+0000] {processor.py:840} INFO - DAG(s) 'list_s3_bucket_files_dag' retrieved from /home/cloud/codings/airflow/dags/list_s3_bucket_files_dag.py
[2026-02-07T10:44:49.209+0000] {logging_mixin.py:188} INFO - [2026-02-07T10:44:49.209+0000] {dag.py:3089} INFO - Sync 1 DAGs
[2026-02-07T10:44:49.225+0000] {logging_mixin.py:188} INFO - [2026-02-07T10:44:49.225+0000] {dag.py:3947} INFO - Setting next_dagrun for list_s3_bucket_files_dag to None, run_after=None
[2026-02-07T10:44:49.251+0000] {processor.py:183} INFO - Processing /home/cloud/codings/airflow/dags/list_s3_bucket_files_dag.py took 0.084 seconds
[2026-02-07T10:45:19.501+0000] {processor.py:161} INFO - Started process (PID=160382) to work on /home/cloud/codings/airflow/dags/list_s3_bucket_files_dag.py
[2026-02-07T10:45:19.506+0000] {processor.py:830} INFO - Processing file /home/cloud/codings/airflow/dags/list_s3_bucket_files_dag.py for tasks to queue
[2026-02-07T10:45:19.507+0000] {logging_mixin.py:188} INFO - [2026-02-07T10:45:19.506+0000] {dagbag.py:545} INFO - Filling up the DagBag from /home/cloud/codings/airflow/dags/list_s3_bucket_files_dag.py
[2026-02-07T10:45:19.519+0000] {processor.py:840} INFO - DAG(s) 'list_s3_bucket_files_dag' retrieved from /home/cloud/codings/airflow/dags/list_s3_bucket_files_dag.py
[2026-02-07T10:45:19.543+0000] {logging_mixin.py:188} INFO - [2026-02-07T10:45:19.543+0000] {dag.py:3089} INFO - Sync 1 DAGs
[2026-02-07T10:45:19.560+0000] {logging_mixin.py:188} INFO - [2026-02-07T10:45:19.559+0000] {dag.py:3947} INFO - Setting next_dagrun for list_s3_bucket_files_dag to None, run_after=None
[2026-02-07T10:45:19.588+0000] {processor.py:183} INFO - Processing /home/cloud/codings/airflow/dags/list_s3_bucket_files_dag.py took 0.095 seconds
[2026-02-07T10:45:49.817+0000] {processor.py:161} INFO - Started process (PID=160454) to work on /home/cloud/codings/airflow/dags/list_s3_bucket_files_dag.py
[2026-02-07T10:45:49.819+0000] {processor.py:830} INFO - Processing file /home/cloud/codings/airflow/dags/list_s3_bucket_files_dag.py for tasks to queue
[2026-02-07T10:45:49.820+0000] {logging_mixin.py:188} INFO - [2026-02-07T10:45:49.820+0000] {dagbag.py:545} INFO - Filling up the DagBag from /home/cloud/codings/airflow/dags/list_s3_bucket_files_dag.py
[2026-02-07T10:45:49.840+0000] {processor.py:840} INFO - DAG(s) 'list_s3_bucket_files_dag' retrieved from /home/cloud/codings/airflow/dags/list_s3_bucket_files_dag.py
[2026-02-07T10:45:49.878+0000] {logging_mixin.py:188} INFO - [2026-02-07T10:45:49.877+0000] {dag.py:3089} INFO - Sync 1 DAGs
[2026-02-07T10:45:49.904+0000] {logging_mixin.py:188} INFO - [2026-02-07T10:45:49.904+0000] {dag.py:3947} INFO - Setting next_dagrun for list_s3_bucket_files_dag to None, run_after=None
[2026-02-07T10:45:49.945+0000] {processor.py:183} INFO - Processing /home/cloud/codings/airflow/dags/list_s3_bucket_files_dag.py took 0.138 seconds
[2026-02-07T10:46:20.546+0000] {processor.py:161} INFO - Started process (PID=160520) to work on /home/cloud/codings/airflow/dags/list_s3_bucket_files_dag.py
[2026-02-07T10:46:20.547+0000] {processor.py:830} INFO - Processing file /home/cloud/codings/airflow/dags/list_s3_bucket_files_dag.py for tasks to queue
[2026-02-07T10:46:20.548+0000] {logging_mixin.py:188} INFO - [2026-02-07T10:46:20.548+0000] {dagbag.py:545} INFO - Filling up the DagBag from /home/cloud/codings/airflow/dags/list_s3_bucket_files_dag.py
[2026-02-07T10:46:20.563+0000] {processor.py:840} INFO - DAG(s) 'list_s3_bucket_files_dag' retrieved from /home/cloud/codings/airflow/dags/list_s3_bucket_files_dag.py
[2026-02-07T10:46:20.586+0000] {logging_mixin.py:188} INFO - [2026-02-07T10:46:20.586+0000] {dag.py:3089} INFO - Sync 1 DAGs
[2026-02-07T10:46:20.604+0000] {logging_mixin.py:188} INFO - [2026-02-07T10:46:20.604+0000] {dag.py:3947} INFO - Setting next_dagrun for list_s3_bucket_files_dag to None, run_after=None
[2026-02-07T10:46:20.634+0000] {processor.py:183} INFO - Processing /home/cloud/codings/airflow/dags/list_s3_bucket_files_dag.py took 0.095 seconds
[2026-02-07T10:46:51.407+0000] {processor.py:161} INFO - Started process (PID=160574) to work on /home/cloud/codings/airflow/dags/list_s3_bucket_files_dag.py
[2026-02-07T10:46:51.408+0000] {processor.py:830} INFO - Processing file /home/cloud/codings/airflow/dags/list_s3_bucket_files_dag.py for tasks to queue
[2026-02-07T10:46:51.409+0000] {logging_mixin.py:188} INFO - [2026-02-07T10:46:51.408+0000] {dagbag.py:545} INFO - Filling up the DagBag from /home/cloud/codings/airflow/dags/list_s3_bucket_files_dag.py
[2026-02-07T10:46:51.420+0000] {processor.py:840} INFO - DAG(s) 'list_s3_bucket_files_dag' retrieved from /home/cloud/codings/airflow/dags/list_s3_bucket_files_dag.py
[2026-02-07T10:46:51.443+0000] {logging_mixin.py:188} INFO - [2026-02-07T10:46:51.442+0000] {dag.py:3089} INFO - Sync 1 DAGs
[2026-02-07T10:46:51.459+0000] {logging_mixin.py:188} INFO - [2026-02-07T10:46:51.458+0000] {dag.py:3947} INFO - Setting next_dagrun for list_s3_bucket_files_dag to None, run_after=None
[2026-02-07T10:46:51.485+0000] {processor.py:183} INFO - Processing /home/cloud/codings/airflow/dags/list_s3_bucket_files_dag.py took 0.085 seconds
[2026-02-07T10:47:22.055+0000] {processor.py:161} INFO - Started process (PID=160640) to work on /home/cloud/codings/airflow/dags/list_s3_bucket_files_dag.py
[2026-02-07T10:47:22.056+0000] {processor.py:830} INFO - Processing file /home/cloud/codings/airflow/dags/list_s3_bucket_files_dag.py for tasks to queue
[2026-02-07T10:47:22.057+0000] {logging_mixin.py:188} INFO - [2026-02-07T10:47:22.057+0000] {dagbag.py:545} INFO - Filling up the DagBag from /home/cloud/codings/airflow/dags/list_s3_bucket_files_dag.py
[2026-02-07T10:47:22.068+0000] {processor.py:840} INFO - DAG(s) 'list_s3_bucket_files_dag' retrieved from /home/cloud/codings/airflow/dags/list_s3_bucket_files_dag.py
[2026-02-07T10:47:22.089+0000] {logging_mixin.py:188} INFO - [2026-02-07T10:47:22.089+0000] {dag.py:3089} INFO - Sync 1 DAGs
[2026-02-07T10:47:22.103+0000] {logging_mixin.py:188} INFO - [2026-02-07T10:47:22.103+0000] {dag.py:3947} INFO - Setting next_dagrun for list_s3_bucket_files_dag to None, run_after=None
[2026-02-07T10:47:22.128+0000] {processor.py:183} INFO - Processing /home/cloud/codings/airflow/dags/list_s3_bucket_files_dag.py took 0.080 seconds
[2026-02-07T10:47:52.483+0000] {processor.py:161} INFO - Started process (PID=160707) to work on /home/cloud/codings/airflow/dags/list_s3_bucket_files_dag.py
[2026-02-07T10:47:52.484+0000] {processor.py:830} INFO - Processing file /home/cloud/codings/airflow/dags/list_s3_bucket_files_dag.py for tasks to queue
[2026-02-07T10:47:52.485+0000] {logging_mixin.py:188} INFO - [2026-02-07T10:47:52.484+0000] {dagbag.py:545} INFO - Filling up the DagBag from /home/cloud/codings/airflow/dags/list_s3_bucket_files_dag.py
[2026-02-07T10:47:52.498+0000] {processor.py:840} INFO - DAG(s) 'list_s3_bucket_files_dag' retrieved from /home/cloud/codings/airflow/dags/list_s3_bucket_files_dag.py
[2026-02-07T10:47:52.521+0000] {logging_mixin.py:188} INFO - [2026-02-07T10:47:52.521+0000] {dag.py:3089} INFO - Sync 1 DAGs
[2026-02-07T10:47:52.535+0000] {logging_mixin.py:188} INFO - [2026-02-07T10:47:52.534+0000] {dag.py:3947} INFO - Setting next_dagrun for list_s3_bucket_files_dag to None, run_after=None
[2026-02-07T10:47:52.560+0000] {processor.py:183} INFO - Processing /home/cloud/codings/airflow/dags/list_s3_bucket_files_dag.py took 0.084 seconds
[2026-02-07T10:48:23.260+0000] {processor.py:161} INFO - Started process (PID=160773) to work on /home/cloud/codings/airflow/dags/list_s3_bucket_files_dag.py
[2026-02-07T10:48:23.262+0000] {processor.py:830} INFO - Processing file /home/cloud/codings/airflow/dags/list_s3_bucket_files_dag.py for tasks to queue
[2026-02-07T10:48:23.263+0000] {logging_mixin.py:188} INFO - [2026-02-07T10:48:23.263+0000] {dagbag.py:545} INFO - Filling up the DagBag from /home/cloud/codings/airflow/dags/list_s3_bucket_files_dag.py
[2026-02-07T10:48:23.275+0000] {processor.py:840} INFO - DAG(s) 'list_s3_bucket_files_dag' retrieved from /home/cloud/codings/airflow/dags/list_s3_bucket_files_dag.py
[2026-02-07T10:48:23.298+0000] {logging_mixin.py:188} INFO - [2026-02-07T10:48:23.298+0000] {dag.py:3089} INFO - Sync 1 DAGs
[2026-02-07T10:48:23.313+0000] {logging_mixin.py:188} INFO - [2026-02-07T10:48:23.313+0000] {dag.py:3947} INFO - Setting next_dagrun for list_s3_bucket_files_dag to None, run_after=None
[2026-02-07T10:48:23.343+0000] {processor.py:183} INFO - Processing /home/cloud/codings/airflow/dags/list_s3_bucket_files_dag.py took 0.091 seconds
[2026-02-07T10:48:53.700+0000] {processor.py:161} INFO - Started process (PID=160839) to work on /home/cloud/codings/airflow/dags/list_s3_bucket_files_dag.py
[2026-02-07T10:48:53.701+0000] {processor.py:830} INFO - Processing file /home/cloud/codings/airflow/dags/list_s3_bucket_files_dag.py for tasks to queue
[2026-02-07T10:48:53.702+0000] {logging_mixin.py:188} INFO - [2026-02-07T10:48:53.701+0000] {dagbag.py:545} INFO - Filling up the DagBag from /home/cloud/codings/airflow/dags/list_s3_bucket_files_dag.py
[2026-02-07T10:48:53.713+0000] {processor.py:840} INFO - DAG(s) 'list_s3_bucket_files_dag' retrieved from /home/cloud/codings/airflow/dags/list_s3_bucket_files_dag.py
[2026-02-07T10:48:53.734+0000] {logging_mixin.py:188} INFO - [2026-02-07T10:48:53.734+0000] {dag.py:3089} INFO - Sync 1 DAGs
[2026-02-07T10:48:53.748+0000] {logging_mixin.py:188} INFO - [2026-02-07T10:48:53.748+0000] {dag.py:3947} INFO - Setting next_dagrun for list_s3_bucket_files_dag to None, run_after=None
[2026-02-07T10:48:53.772+0000] {processor.py:183} INFO - Processing /home/cloud/codings/airflow/dags/list_s3_bucket_files_dag.py took 0.079 seconds
[2026-02-07T10:49:24.336+0000] {processor.py:161} INFO - Started process (PID=160905) to work on /home/cloud/codings/airflow/dags/list_s3_bucket_files_dag.py
[2026-02-07T10:49:24.338+0000] {processor.py:830} INFO - Processing file /home/cloud/codings/airflow/dags/list_s3_bucket_files_dag.py for tasks to queue
[2026-02-07T10:49:24.339+0000] {logging_mixin.py:188} INFO - [2026-02-07T10:49:24.338+0000] {dagbag.py:545} INFO - Filling up the DagBag from /home/cloud/codings/airflow/dags/list_s3_bucket_files_dag.py
[2026-02-07T10:49:24.351+0000] {processor.py:840} INFO - DAG(s) 'list_s3_bucket_files_dag' retrieved from /home/cloud/codings/airflow/dags/list_s3_bucket_files_dag.py
[2026-02-07T10:49:24.372+0000] {logging_mixin.py:188} INFO - [2026-02-07T10:49:24.372+0000] {dag.py:3089} INFO - Sync 1 DAGs
[2026-02-07T10:49:24.388+0000] {logging_mixin.py:188} INFO - [2026-02-07T10:49:24.388+0000] {dag.py:3947} INFO - Setting next_dagrun for list_s3_bucket_files_dag to None, run_after=None
[2026-02-07T10:49:24.416+0000] {processor.py:183} INFO - Processing /home/cloud/codings/airflow/dags/list_s3_bucket_files_dag.py took 0.086 seconds
[2026-02-07T10:49:54.843+0000] {processor.py:161} INFO - Started process (PID=160971) to work on /home/cloud/codings/airflow/dags/list_s3_bucket_files_dag.py
[2026-02-07T10:49:54.843+0000] {processor.py:830} INFO - Processing file /home/cloud/codings/airflow/dags/list_s3_bucket_files_dag.py for tasks to queue
[2026-02-07T10:49:54.844+0000] {logging_mixin.py:188} INFO - [2026-02-07T10:49:54.844+0000] {dagbag.py:545} INFO - Filling up the DagBag from /home/cloud/codings/airflow/dags/list_s3_bucket_files_dag.py
[2026-02-07T10:49:54.856+0000] {processor.py:840} INFO - DAG(s) 'list_s3_bucket_files_dag' retrieved from /home/cloud/codings/airflow/dags/list_s3_bucket_files_dag.py
[2026-02-07T10:49:54.877+0000] {logging_mixin.py:188} INFO - [2026-02-07T10:49:54.877+0000] {dag.py:3089} INFO - Sync 1 DAGs
[2026-02-07T10:49:54.891+0000] {logging_mixin.py:188} INFO - [2026-02-07T10:49:54.891+0000] {dag.py:3947} INFO - Setting next_dagrun for list_s3_bucket_files_dag to None, run_after=None
[2026-02-07T10:49:54.915+0000] {processor.py:183} INFO - Processing /home/cloud/codings/airflow/dags/list_s3_bucket_files_dag.py took 0.080 seconds
[2026-02-07T10:50:25.580+0000] {processor.py:161} INFO - Started process (PID=161037) to work on /home/cloud/codings/airflow/dags/list_s3_bucket_files_dag.py
[2026-02-07T10:50:25.581+0000] {processor.py:830} INFO - Processing file /home/cloud/codings/airflow/dags/list_s3_bucket_files_dag.py for tasks to queue
[2026-02-07T10:50:25.582+0000] {logging_mixin.py:188} INFO - [2026-02-07T10:50:25.582+0000] {dagbag.py:545} INFO - Filling up the DagBag from /home/cloud/codings/airflow/dags/list_s3_bucket_files_dag.py
[2026-02-07T10:50:25.595+0000] {processor.py:840} INFO - DAG(s) 'list_s3_bucket_files_dag' retrieved from /home/cloud/codings/airflow/dags/list_s3_bucket_files_dag.py
[2026-02-07T10:50:25.615+0000] {logging_mixin.py:188} INFO - [2026-02-07T10:50:25.615+0000] {dag.py:3089} INFO - Sync 1 DAGs
[2026-02-07T10:50:25.629+0000] {logging_mixin.py:188} INFO - [2026-02-07T10:50:25.629+0000] {dag.py:3947} INFO - Setting next_dagrun for list_s3_bucket_files_dag to None, run_after=None
[2026-02-07T10:50:25.655+0000] {processor.py:183} INFO - Processing /home/cloud/codings/airflow/dags/list_s3_bucket_files_dag.py took 0.082 seconds
[2026-02-07T10:50:55.929+0000] {processor.py:161} INFO - Started process (PID=161103) to work on /home/cloud/codings/airflow/dags/list_s3_bucket_files_dag.py
[2026-02-07T10:50:55.930+0000] {processor.py:830} INFO - Processing file /home/cloud/codings/airflow/dags/list_s3_bucket_files_dag.py for tasks to queue
[2026-02-07T10:50:55.931+0000] {logging_mixin.py:188} INFO - [2026-02-07T10:50:55.930+0000] {dagbag.py:545} INFO - Filling up the DagBag from /home/cloud/codings/airflow/dags/list_s3_bucket_files_dag.py
[2026-02-07T10:50:55.942+0000] {processor.py:840} INFO - DAG(s) 'list_s3_bucket_files_dag' retrieved from /home/cloud/codings/airflow/dags/list_s3_bucket_files_dag.py
[2026-02-07T10:50:55.964+0000] {logging_mixin.py:188} INFO - [2026-02-07T10:50:55.963+0000] {dag.py:3089} INFO - Sync 1 DAGs
[2026-02-07T10:50:55.979+0000] {logging_mixin.py:188} INFO - [2026-02-07T10:50:55.979+0000] {dag.py:3947} INFO - Setting next_dagrun for list_s3_bucket_files_dag to None, run_after=None
[2026-02-07T10:50:56.005+0000] {processor.py:183} INFO - Processing /home/cloud/codings/airflow/dags/list_s3_bucket_files_dag.py took 0.084 seconds
[2026-02-07T10:51:27.230+0000] {processor.py:161} INFO - Started process (PID=161169) to work on /home/cloud/codings/airflow/dags/list_s3_bucket_files_dag.py
[2026-02-07T10:51:27.232+0000] {processor.py:830} INFO - Processing file /home/cloud/codings/airflow/dags/list_s3_bucket_files_dag.py for tasks to queue
[2026-02-07T10:51:27.233+0000] {logging_mixin.py:188} INFO - [2026-02-07T10:51:27.232+0000] {dagbag.py:545} INFO - Filling up the DagBag from /home/cloud/codings/airflow/dags/list_s3_bucket_files_dag.py
[2026-02-07T10:51:27.245+0000] {processor.py:840} INFO - DAG(s) 'list_s3_bucket_files_dag' retrieved from /home/cloud/codings/airflow/dags/list_s3_bucket_files_dag.py
[2026-02-07T10:51:27.266+0000] {logging_mixin.py:188} INFO - [2026-02-07T10:51:27.265+0000] {dag.py:3089} INFO - Sync 1 DAGs
[2026-02-07T10:51:27.282+0000] {logging_mixin.py:188} INFO - [2026-02-07T10:51:27.281+0000] {dag.py:3947} INFO - Setting next_dagrun for list_s3_bucket_files_dag to None, run_after=None
[2026-02-07T10:51:27.305+0000] {processor.py:183} INFO - Processing /home/cloud/codings/airflow/dags/list_s3_bucket_files_dag.py took 0.082 seconds
[2026-02-07T10:51:57.539+0000] {processor.py:161} INFO - Started process (PID=161226) to work on /home/cloud/codings/airflow/dags/list_s3_bucket_files_dag.py
[2026-02-07T10:51:57.540+0000] {processor.py:830} INFO - Processing file /home/cloud/codings/airflow/dags/list_s3_bucket_files_dag.py for tasks to queue
[2026-02-07T10:51:57.542+0000] {logging_mixin.py:188} INFO - [2026-02-07T10:51:57.541+0000] {dagbag.py:545} INFO - Filling up the DagBag from /home/cloud/codings/airflow/dags/list_s3_bucket_files_dag.py
[2026-02-07T10:51:57.556+0000] {processor.py:840} INFO - DAG(s) 'list_s3_bucket_files_dag' retrieved from /home/cloud/codings/airflow/dags/list_s3_bucket_files_dag.py
[2026-02-07T10:51:57.584+0000] {logging_mixin.py:188} INFO - [2026-02-07T10:51:57.583+0000] {dag.py:3089} INFO - Sync 1 DAGs
[2026-02-07T10:51:57.601+0000] {logging_mixin.py:188} INFO - [2026-02-07T10:51:57.600+0000] {dag.py:3947} INFO - Setting next_dagrun for list_s3_bucket_files_dag to None, run_after=None
[2026-02-07T10:51:57.631+0000] {processor.py:183} INFO - Processing /home/cloud/codings/airflow/dags/list_s3_bucket_files_dag.py took 0.106 seconds
[2026-02-07T10:52:27.806+0000] {processor.py:161} INFO - Started process (PID=161289) to work on /home/cloud/codings/airflow/dags/list_s3_bucket_files_dag.py
[2026-02-07T10:52:27.807+0000] {processor.py:830} INFO - Processing file /home/cloud/codings/airflow/dags/list_s3_bucket_files_dag.py for tasks to queue
[2026-02-07T10:52:27.808+0000] {logging_mixin.py:188} INFO - [2026-02-07T10:52:27.807+0000] {dagbag.py:545} INFO - Filling up the DagBag from /home/cloud/codings/airflow/dags/list_s3_bucket_files_dag.py
[2026-02-07T10:52:27.824+0000] {processor.py:840} INFO - DAG(s) 'list_s3_bucket_files_dag' retrieved from /home/cloud/codings/airflow/dags/list_s3_bucket_files_dag.py
[2026-02-07T10:52:27.847+0000] {logging_mixin.py:188} INFO - [2026-02-07T10:52:27.846+0000] {dag.py:3089} INFO - Sync 1 DAGs
[2026-02-07T10:52:27.862+0000] {logging_mixin.py:188} INFO - [2026-02-07T10:52:27.862+0000] {dag.py:3947} INFO - Setting next_dagrun for list_s3_bucket_files_dag to None, run_after=None
[2026-02-07T10:52:27.886+0000] {processor.py:183} INFO - Processing /home/cloud/codings/airflow/dags/list_s3_bucket_files_dag.py took 0.088 seconds
[2026-02-07T10:52:58.080+0000] {processor.py:161} INFO - Started process (PID=161355) to work on /home/cloud/codings/airflow/dags/list_s3_bucket_files_dag.py
[2026-02-07T10:52:58.085+0000] {processor.py:830} INFO - Processing file /home/cloud/codings/airflow/dags/list_s3_bucket_files_dag.py for tasks to queue
[2026-02-07T10:52:58.086+0000] {logging_mixin.py:188} INFO - [2026-02-07T10:52:58.085+0000] {dagbag.py:545} INFO - Filling up the DagBag from /home/cloud/codings/airflow/dags/list_s3_bucket_files_dag.py
[2026-02-07T10:52:58.099+0000] {processor.py:840} INFO - DAG(s) 'list_s3_bucket_files_dag' retrieved from /home/cloud/codings/airflow/dags/list_s3_bucket_files_dag.py
[2026-02-07T10:52:58.123+0000] {logging_mixin.py:188} INFO - [2026-02-07T10:52:58.123+0000] {dag.py:3089} INFO - Sync 1 DAGs
[2026-02-07T10:52:58.140+0000] {logging_mixin.py:188} INFO - [2026-02-07T10:52:58.139+0000] {dag.py:3947} INFO - Setting next_dagrun for list_s3_bucket_files_dag to None, run_after=None
[2026-02-07T10:52:58.169+0000] {processor.py:183} INFO - Processing /home/cloud/codings/airflow/dags/list_s3_bucket_files_dag.py took 0.096 seconds
[2026-02-07T10:53:28.583+0000] {processor.py:161} INFO - Started process (PID=161422) to work on /home/cloud/codings/airflow/dags/list_s3_bucket_files_dag.py
[2026-02-07T10:53:28.588+0000] {processor.py:830} INFO - Processing file /home/cloud/codings/airflow/dags/list_s3_bucket_files_dag.py for tasks to queue
[2026-02-07T10:53:28.589+0000] {logging_mixin.py:188} INFO - [2026-02-07T10:53:28.588+0000] {dagbag.py:545} INFO - Filling up the DagBag from /home/cloud/codings/airflow/dags/list_s3_bucket_files_dag.py
[2026-02-07T10:53:28.600+0000] {processor.py:840} INFO - DAG(s) 'list_s3_bucket_files_dag' retrieved from /home/cloud/codings/airflow/dags/list_s3_bucket_files_dag.py
[2026-02-07T10:53:28.620+0000] {logging_mixin.py:188} INFO - [2026-02-07T10:53:28.620+0000] {dag.py:3089} INFO - Sync 1 DAGs
[2026-02-07T10:53:28.639+0000] {logging_mixin.py:188} INFO - [2026-02-07T10:53:28.639+0000] {dag.py:3947} INFO - Setting next_dagrun for list_s3_bucket_files_dag to None, run_after=None
[2026-02-07T10:53:28.681+0000] {processor.py:183} INFO - Processing /home/cloud/codings/airflow/dags/list_s3_bucket_files_dag.py took 0.105 seconds
[2026-02-07T10:53:59.423+0000] {processor.py:161} INFO - Started process (PID=161488) to work on /home/cloud/codings/airflow/dags/list_s3_bucket_files_dag.py
[2026-02-07T10:53:59.425+0000] {processor.py:830} INFO - Processing file /home/cloud/codings/airflow/dags/list_s3_bucket_files_dag.py for tasks to queue
[2026-02-07T10:53:59.426+0000] {logging_mixin.py:188} INFO - [2026-02-07T10:53:59.425+0000] {dagbag.py:545} INFO - Filling up the DagBag from /home/cloud/codings/airflow/dags/list_s3_bucket_files_dag.py
[2026-02-07T10:53:59.437+0000] {processor.py:840} INFO - DAG(s) 'list_s3_bucket_files_dag' retrieved from /home/cloud/codings/airflow/dags/list_s3_bucket_files_dag.py
[2026-02-07T10:53:59.457+0000] {logging_mixin.py:188} INFO - [2026-02-07T10:53:59.457+0000] {dag.py:3089} INFO - Sync 1 DAGs
[2026-02-07T10:53:59.471+0000] {logging_mixin.py:188} INFO - [2026-02-07T10:53:59.471+0000] {dag.py:3947} INFO - Setting next_dagrun for list_s3_bucket_files_dag to None, run_after=None
[2026-02-07T10:53:59.494+0000] {processor.py:183} INFO - Processing /home/cloud/codings/airflow/dags/list_s3_bucket_files_dag.py took 0.078 seconds
[2026-02-07T10:54:29.917+0000] {processor.py:161} INFO - Started process (PID=161554) to work on /home/cloud/codings/airflow/dags/list_s3_bucket_files_dag.py
[2026-02-07T10:54:29.918+0000] {processor.py:830} INFO - Processing file /home/cloud/codings/airflow/dags/list_s3_bucket_files_dag.py for tasks to queue
[2026-02-07T10:54:29.919+0000] {logging_mixin.py:188} INFO - [2026-02-07T10:54:29.919+0000] {dagbag.py:545} INFO - Filling up the DagBag from /home/cloud/codings/airflow/dags/list_s3_bucket_files_dag.py
[2026-02-07T10:54:29.930+0000] {processor.py:840} INFO - DAG(s) 'list_s3_bucket_files_dag' retrieved from /home/cloud/codings/airflow/dags/list_s3_bucket_files_dag.py
[2026-02-07T10:54:29.959+0000] {logging_mixin.py:188} INFO - [2026-02-07T10:54:29.958+0000] {dag.py:3089} INFO - Sync 1 DAGs
[2026-02-07T10:54:29.976+0000] {logging_mixin.py:188} INFO - [2026-02-07T10:54:29.976+0000] {dag.py:3947} INFO - Setting next_dagrun for list_s3_bucket_files_dag to None, run_after=None
[2026-02-07T10:54:30.006+0000] {processor.py:183} INFO - Processing /home/cloud/codings/airflow/dags/list_s3_bucket_files_dag.py took 0.096 seconds
[2026-02-07T10:55:00.349+0000] {processor.py:161} INFO - Started process (PID=161620) to work on /home/cloud/codings/airflow/dags/list_s3_bucket_files_dag.py
[2026-02-07T10:55:00.351+0000] {processor.py:830} INFO - Processing file /home/cloud/codings/airflow/dags/list_s3_bucket_files_dag.py for tasks to queue
[2026-02-07T10:55:00.352+0000] {logging_mixin.py:188} INFO - [2026-02-07T10:55:00.351+0000] {dagbag.py:545} INFO - Filling up the DagBag from /home/cloud/codings/airflow/dags/list_s3_bucket_files_dag.py
[2026-02-07T10:55:00.363+0000] {processor.py:840} INFO - DAG(s) 'list_s3_bucket_files_dag' retrieved from /home/cloud/codings/airflow/dags/list_s3_bucket_files_dag.py
[2026-02-07T10:55:00.386+0000] {logging_mixin.py:188} INFO - [2026-02-07T10:55:00.386+0000] {dag.py:3089} INFO - Sync 1 DAGs
[2026-02-07T10:55:00.403+0000] {logging_mixin.py:188} INFO - [2026-02-07T10:55:00.403+0000] {dag.py:3947} INFO - Setting next_dagrun for list_s3_bucket_files_dag to None, run_after=None
[2026-02-07T10:55:00.427+0000] {processor.py:183} INFO - Processing /home/cloud/codings/airflow/dags/list_s3_bucket_files_dag.py took 0.084 seconds
[2026-02-07T10:55:30.756+0000] {processor.py:161} INFO - Started process (PID=161686) to work on /home/cloud/codings/airflow/dags/list_s3_bucket_files_dag.py
[2026-02-07T10:55:30.757+0000] {processor.py:830} INFO - Processing file /home/cloud/codings/airflow/dags/list_s3_bucket_files_dag.py for tasks to queue
[2026-02-07T10:55:30.758+0000] {logging_mixin.py:188} INFO - [2026-02-07T10:55:30.758+0000] {dagbag.py:545} INFO - Filling up the DagBag from /home/cloud/codings/airflow/dags/list_s3_bucket_files_dag.py
[2026-02-07T10:55:30.771+0000] {processor.py:840} INFO - DAG(s) 'list_s3_bucket_files_dag' retrieved from /home/cloud/codings/airflow/dags/list_s3_bucket_files_dag.py
[2026-02-07T10:55:30.797+0000] {logging_mixin.py:188} INFO - [2026-02-07T10:55:30.797+0000] {dag.py:3089} INFO - Sync 1 DAGs
[2026-02-07T10:55:30.814+0000] {logging_mixin.py:188} INFO - [2026-02-07T10:55:30.814+0000] {dag.py:3947} INFO - Setting next_dagrun for list_s3_bucket_files_dag to None, run_after=None
[2026-02-07T10:55:30.844+0000] {processor.py:183} INFO - Processing /home/cloud/codings/airflow/dags/list_s3_bucket_files_dag.py took 0.096 seconds
[2026-02-07T10:56:01.375+0000] {processor.py:161} INFO - Started process (PID=161752) to work on /home/cloud/codings/airflow/dags/list_s3_bucket_files_dag.py
[2026-02-07T10:56:01.377+0000] {processor.py:830} INFO - Processing file /home/cloud/codings/airflow/dags/list_s3_bucket_files_dag.py for tasks to queue
[2026-02-07T10:56:01.378+0000] {logging_mixin.py:188} INFO - [2026-02-07T10:56:01.377+0000] {dagbag.py:545} INFO - Filling up the DagBag from /home/cloud/codings/airflow/dags/list_s3_bucket_files_dag.py
[2026-02-07T10:56:01.388+0000] {processor.py:840} INFO - DAG(s) 'list_s3_bucket_files_dag' retrieved from /home/cloud/codings/airflow/dags/list_s3_bucket_files_dag.py
[2026-02-07T10:56:01.411+0000] {logging_mixin.py:188} INFO - [2026-02-07T10:56:01.411+0000] {dag.py:3089} INFO - Sync 1 DAGs
[2026-02-07T10:56:01.426+0000] {logging_mixin.py:188} INFO - [2026-02-07T10:56:01.425+0000] {dag.py:3947} INFO - Setting next_dagrun for list_s3_bucket_files_dag to None, run_after=None
[2026-02-07T10:56:01.450+0000] {processor.py:183} INFO - Processing /home/cloud/codings/airflow/dags/list_s3_bucket_files_dag.py took 0.083 seconds
[2026-02-07T10:56:32.092+0000] {processor.py:161} INFO - Started process (PID=161818) to work on /home/cloud/codings/airflow/dags/list_s3_bucket_files_dag.py
[2026-02-07T10:56:32.097+0000] {processor.py:830} INFO - Processing file /home/cloud/codings/airflow/dags/list_s3_bucket_files_dag.py for tasks to queue
[2026-02-07T10:56:32.098+0000] {logging_mixin.py:188} INFO - [2026-02-07T10:56:32.097+0000] {dagbag.py:545} INFO - Filling up the DagBag from /home/cloud/codings/airflow/dags/list_s3_bucket_files_dag.py
[2026-02-07T10:56:32.111+0000] {processor.py:840} INFO - DAG(s) 'list_s3_bucket_files_dag' retrieved from /home/cloud/codings/airflow/dags/list_s3_bucket_files_dag.py
[2026-02-07T10:56:32.136+0000] {logging_mixin.py:188} INFO - [2026-02-07T10:56:32.136+0000] {dag.py:3089} INFO - Sync 1 DAGs
[2026-02-07T10:56:32.153+0000] {logging_mixin.py:188} INFO - [2026-02-07T10:56:32.152+0000] {dag.py:3947} INFO - Setting next_dagrun for list_s3_bucket_files_dag to None, run_after=None
[2026-02-07T10:56:32.183+0000] {processor.py:183} INFO - Processing /home/cloud/codings/airflow/dags/list_s3_bucket_files_dag.py took 0.099 seconds
[2026-02-07T10:57:02.355+0000] {processor.py:161} INFO - Started process (PID=161872) to work on /home/cloud/codings/airflow/dags/list_s3_bucket_files_dag.py
[2026-02-07T10:57:02.356+0000] {processor.py:830} INFO - Processing file /home/cloud/codings/airflow/dags/list_s3_bucket_files_dag.py for tasks to queue
[2026-02-07T10:57:02.357+0000] {logging_mixin.py:188} INFO - [2026-02-07T10:57:02.357+0000] {dagbag.py:545} INFO - Filling up the DagBag from /home/cloud/codings/airflow/dags/list_s3_bucket_files_dag.py
[2026-02-07T10:57:02.369+0000] {processor.py:840} INFO - DAG(s) 'list_s3_bucket_files_dag' retrieved from /home/cloud/codings/airflow/dags/list_s3_bucket_files_dag.py
[2026-02-07T10:57:02.391+0000] {logging_mixin.py:188} INFO - [2026-02-07T10:57:02.390+0000] {dag.py:3089} INFO - Sync 1 DAGs
[2026-02-07T10:57:02.405+0000] {logging_mixin.py:188} INFO - [2026-02-07T10:57:02.405+0000] {dag.py:3947} INFO - Setting next_dagrun for list_s3_bucket_files_dag to None, run_after=None
[2026-02-07T10:57:02.428+0000] {processor.py:183} INFO - Processing /home/cloud/codings/airflow/dags/list_s3_bucket_files_dag.py took 0.080 seconds
[2026-02-07T10:57:32.625+0000] {processor.py:161} INFO - Started process (PID=161938) to work on /home/cloud/codings/airflow/dags/list_s3_bucket_files_dag.py
[2026-02-07T10:57:32.627+0000] {processor.py:830} INFO - Processing file /home/cloud/codings/airflow/dags/list_s3_bucket_files_dag.py for tasks to queue
[2026-02-07T10:57:32.629+0000] {logging_mixin.py:188} INFO - [2026-02-07T10:57:32.628+0000] {dagbag.py:545} INFO - Filling up the DagBag from /home/cloud/codings/airflow/dags/list_s3_bucket_files_dag.py
[2026-02-07T10:57:32.639+0000] {processor.py:840} INFO - DAG(s) 'list_s3_bucket_files_dag' retrieved from /home/cloud/codings/airflow/dags/list_s3_bucket_files_dag.py
[2026-02-07T10:57:32.660+0000] {logging_mixin.py:188} INFO - [2026-02-07T10:57:32.660+0000] {dag.py:3089} INFO - Sync 1 DAGs
[2026-02-07T10:57:32.674+0000] {logging_mixin.py:188} INFO - [2026-02-07T10:57:32.674+0000] {dag.py:3947} INFO - Setting next_dagrun for list_s3_bucket_files_dag to None, run_after=None
[2026-02-07T10:57:32.699+0000] {processor.py:183} INFO - Processing /home/cloud/codings/airflow/dags/list_s3_bucket_files_dag.py took 0.081 seconds
[2026-02-07T10:58:03.330+0000] {processor.py:161} INFO - Started process (PID=162004) to work on /home/cloud/codings/airflow/dags/list_s3_bucket_files_dag.py
[2026-02-07T10:58:03.331+0000] {processor.py:830} INFO - Processing file /home/cloud/codings/airflow/dags/list_s3_bucket_files_dag.py for tasks to queue
[2026-02-07T10:58:03.332+0000] {logging_mixin.py:188} INFO - [2026-02-07T10:58:03.331+0000] {dagbag.py:545} INFO - Filling up the DagBag from /home/cloud/codings/airflow/dags/list_s3_bucket_files_dag.py
[2026-02-07T10:58:03.342+0000] {processor.py:840} INFO - DAG(s) 'list_s3_bucket_files_dag' retrieved from /home/cloud/codings/airflow/dags/list_s3_bucket_files_dag.py
[2026-02-07T10:58:03.363+0000] {logging_mixin.py:188} INFO - [2026-02-07T10:58:03.363+0000] {dag.py:3089} INFO - Sync 1 DAGs
[2026-02-07T10:58:03.377+0000] {logging_mixin.py:188} INFO - [2026-02-07T10:58:03.377+0000] {dag.py:3947} INFO - Setting next_dagrun for list_s3_bucket_files_dag to None, run_after=None
[2026-02-07T10:58:03.401+0000] {processor.py:183} INFO - Processing /home/cloud/codings/airflow/dags/list_s3_bucket_files_dag.py took 0.078 seconds
[2026-02-07T10:58:34.001+0000] {processor.py:161} INFO - Started process (PID=162070) to work on /home/cloud/codings/airflow/dags/list_s3_bucket_files_dag.py
[2026-02-07T10:58:34.002+0000] {processor.py:830} INFO - Processing file /home/cloud/codings/airflow/dags/list_s3_bucket_files_dag.py for tasks to queue
[2026-02-07T10:58:34.003+0000] {logging_mixin.py:188} INFO - [2026-02-07T10:58:34.003+0000] {dagbag.py:545} INFO - Filling up the DagBag from /home/cloud/codings/airflow/dags/list_s3_bucket_files_dag.py
[2026-02-07T10:58:34.014+0000] {processor.py:840} INFO - DAG(s) 'list_s3_bucket_files_dag' retrieved from /home/cloud/codings/airflow/dags/list_s3_bucket_files_dag.py
[2026-02-07T10:58:34.036+0000] {logging_mixin.py:188} INFO - [2026-02-07T10:58:34.035+0000] {dag.py:3089} INFO - Sync 1 DAGs
[2026-02-07T10:58:34.049+0000] {logging_mixin.py:188} INFO - [2026-02-07T10:58:34.049+0000] {dag.py:3947} INFO - Setting next_dagrun for list_s3_bucket_files_dag to None, run_after=None
[2026-02-07T10:58:34.076+0000] {processor.py:183} INFO - Processing /home/cloud/codings/airflow/dags/list_s3_bucket_files_dag.py took 0.082 seconds
[2026-02-07T10:59:04.675+0000] {processor.py:161} INFO - Started process (PID=162138) to work on /home/cloud/codings/airflow/dags/list_s3_bucket_files_dag.py
[2026-02-07T10:59:04.676+0000] {processor.py:830} INFO - Processing file /home/cloud/codings/airflow/dags/list_s3_bucket_files_dag.py for tasks to queue
[2026-02-07T10:59:04.677+0000] {logging_mixin.py:188} INFO - [2026-02-07T10:59:04.677+0000] {dagbag.py:545} INFO - Filling up the DagBag from /home/cloud/codings/airflow/dags/list_s3_bucket_files_dag.py
[2026-02-07T10:59:04.689+0000] {processor.py:840} INFO - DAG(s) 'list_s3_bucket_files_dag' retrieved from /home/cloud/codings/airflow/dags/list_s3_bucket_files_dag.py
[2026-02-07T10:59:04.710+0000] {logging_mixin.py:188} INFO - [2026-02-07T10:59:04.710+0000] {dag.py:3089} INFO - Sync 1 DAGs
[2026-02-07T10:59:04.724+0000] {logging_mixin.py:188} INFO - [2026-02-07T10:59:04.724+0000] {dag.py:3947} INFO - Setting next_dagrun for list_s3_bucket_files_dag to None, run_after=None
[2026-02-07T10:59:04.749+0000] {processor.py:183} INFO - Processing /home/cloud/codings/airflow/dags/list_s3_bucket_files_dag.py took 0.080 seconds
[2026-02-07T10:59:35.075+0000] {processor.py:161} INFO - Started process (PID=162204) to work on /home/cloud/codings/airflow/dags/list_s3_bucket_files_dag.py
[2026-02-07T10:59:35.080+0000] {processor.py:830} INFO - Processing file /home/cloud/codings/airflow/dags/list_s3_bucket_files_dag.py for tasks to queue
[2026-02-07T10:59:35.081+0000] {logging_mixin.py:188} INFO - [2026-02-07T10:59:35.081+0000] {dagbag.py:545} INFO - Filling up the DagBag from /home/cloud/codings/airflow/dags/list_s3_bucket_files_dag.py
[2026-02-07T10:59:35.092+0000] {processor.py:840} INFO - DAG(s) 'list_s3_bucket_files_dag' retrieved from /home/cloud/codings/airflow/dags/list_s3_bucket_files_dag.py
[2026-02-07T10:59:35.113+0000] {logging_mixin.py:188} INFO - [2026-02-07T10:59:35.112+0000] {dag.py:3089} INFO - Sync 1 DAGs
[2026-02-07T10:59:35.127+0000] {logging_mixin.py:188} INFO - [2026-02-07T10:59:35.127+0000] {dag.py:3947} INFO - Setting next_dagrun for list_s3_bucket_files_dag to None, run_after=None
[2026-02-07T10:59:35.156+0000] {processor.py:183} INFO - Processing /home/cloud/codings/airflow/dags/list_s3_bucket_files_dag.py took 0.088 seconds
[2026-02-07T11:00:05.871+0000] {processor.py:161} INFO - Started process (PID=162292) to work on /home/cloud/codings/airflow/dags/list_s3_bucket_files_dag.py
[2026-02-07T11:00:05.872+0000] {processor.py:830} INFO - Processing file /home/cloud/codings/airflow/dags/list_s3_bucket_files_dag.py for tasks to queue
[2026-02-07T11:00:05.873+0000] {logging_mixin.py:188} INFO - [2026-02-07T11:00:05.872+0000] {dagbag.py:545} INFO - Filling up the DagBag from /home/cloud/codings/airflow/dags/list_s3_bucket_files_dag.py
[2026-02-07T11:00:05.884+0000] {processor.py:840} INFO - DAG(s) 'list_s3_bucket_files_dag' retrieved from /home/cloud/codings/airflow/dags/list_s3_bucket_files_dag.py
[2026-02-07T11:00:05.906+0000] {logging_mixin.py:188} INFO - [2026-02-07T11:00:05.906+0000] {dag.py:3089} INFO - Sync 1 DAGs
[2026-02-07T11:00:05.921+0000] {logging_mixin.py:188} INFO - [2026-02-07T11:00:05.921+0000] {dag.py:3947} INFO - Setting next_dagrun for list_s3_bucket_files_dag to None, run_after=None
[2026-02-07T11:00:05.945+0000] {processor.py:183} INFO - Processing /home/cloud/codings/airflow/dags/list_s3_bucket_files_dag.py took 0.081 seconds
[2026-02-07T11:00:36.329+0000] {processor.py:161} INFO - Started process (PID=162358) to work on /home/cloud/codings/airflow/dags/list_s3_bucket_files_dag.py
[2026-02-07T11:00:36.331+0000] {processor.py:830} INFO - Processing file /home/cloud/codings/airflow/dags/list_s3_bucket_files_dag.py for tasks to queue
[2026-02-07T11:00:36.332+0000] {logging_mixin.py:188} INFO - [2026-02-07T11:00:36.331+0000] {dagbag.py:545} INFO - Filling up the DagBag from /home/cloud/codings/airflow/dags/list_s3_bucket_files_dag.py
[2026-02-07T11:00:36.344+0000] {processor.py:840} INFO - DAG(s) 'list_s3_bucket_files_dag' retrieved from /home/cloud/codings/airflow/dags/list_s3_bucket_files_dag.py
[2026-02-07T11:00:36.366+0000] {logging_mixin.py:188} INFO - [2026-02-07T11:00:36.366+0000] {dag.py:3089} INFO - Sync 1 DAGs
[2026-02-07T11:00:36.381+0000] {logging_mixin.py:188} INFO - [2026-02-07T11:00:36.381+0000] {dag.py:3947} INFO - Setting next_dagrun for list_s3_bucket_files_dag to None, run_after=None
[2026-02-07T11:00:36.407+0000] {processor.py:183} INFO - Processing /home/cloud/codings/airflow/dags/list_s3_bucket_files_dag.py took 0.084 seconds
[2026-02-07T11:01:06.844+0000] {processor.py:161} INFO - Started process (PID=162424) to work on /home/cloud/codings/airflow/dags/list_s3_bucket_files_dag.py
[2026-02-07T11:01:06.849+0000] {processor.py:830} INFO - Processing file /home/cloud/codings/airflow/dags/list_s3_bucket_files_dag.py for tasks to queue
[2026-02-07T11:01:06.850+0000] {logging_mixin.py:188} INFO - [2026-02-07T11:01:06.850+0000] {dagbag.py:545} INFO - Filling up the DagBag from /home/cloud/codings/airflow/dags/list_s3_bucket_files_dag.py
[2026-02-07T11:01:06.860+0000] {processor.py:840} INFO - DAG(s) 'list_s3_bucket_files_dag' retrieved from /home/cloud/codings/airflow/dags/list_s3_bucket_files_dag.py
[2026-02-07T11:01:06.881+0000] {logging_mixin.py:188} INFO - [2026-02-07T11:01:06.880+0000] {dag.py:3089} INFO - Sync 1 DAGs
[2026-02-07T11:01:06.895+0000] {logging_mixin.py:188} INFO - [2026-02-07T11:01:06.894+0000] {dag.py:3947} INFO - Setting next_dagrun for list_s3_bucket_files_dag to None, run_after=None
[2026-02-07T11:01:06.919+0000] {processor.py:183} INFO - Processing /home/cloud/codings/airflow/dags/list_s3_bucket_files_dag.py took 0.083 seconds
[2026-02-07T11:01:37.278+0000] {processor.py:161} INFO - Started process (PID=162562) to work on /home/cloud/codings/airflow/dags/list_s3_bucket_files_dag.py
[2026-02-07T11:01:37.280+0000] {processor.py:830} INFO - Processing file /home/cloud/codings/airflow/dags/list_s3_bucket_files_dag.py for tasks to queue
[2026-02-07T11:01:37.282+0000] {logging_mixin.py:188} INFO - [2026-02-07T11:01:37.281+0000] {dagbag.py:545} INFO - Filling up the DagBag from /home/cloud/codings/airflow/dags/list_s3_bucket_files_dag.py
[2026-02-07T11:01:37.295+0000] {processor.py:840} INFO - DAG(s) 'list_s3_bucket_files_dag' retrieved from /home/cloud/codings/airflow/dags/list_s3_bucket_files_dag.py
[2026-02-07T11:01:37.329+0000] {logging_mixin.py:188} INFO - [2026-02-07T11:01:37.328+0000] {dag.py:3089} INFO - Sync 1 DAGs
[2026-02-07T11:01:37.350+0000] {logging_mixin.py:188} INFO - [2026-02-07T11:01:37.349+0000] {dag.py:3947} INFO - Setting next_dagrun for list_s3_bucket_files_dag to None, run_after=None
[2026-02-07T11:01:37.472+0000] {processor.py:183} INFO - Processing /home/cloud/codings/airflow/dags/list_s3_bucket_files_dag.py took 0.202 seconds
[2026-02-07T11:02:08.319+0000] {processor.py:161} INFO - Started process (PID=162772) to work on /home/cloud/codings/airflow/dags/list_s3_bucket_files_dag.py
[2026-02-07T11:02:08.320+0000] {processor.py:830} INFO - Processing file /home/cloud/codings/airflow/dags/list_s3_bucket_files_dag.py for tasks to queue
[2026-02-07T11:02:08.321+0000] {logging_mixin.py:188} INFO - [2026-02-07T11:02:08.321+0000] {dagbag.py:545} INFO - Filling up the DagBag from /home/cloud/codings/airflow/dags/list_s3_bucket_files_dag.py
[2026-02-07T11:02:08.337+0000] {processor.py:840} INFO - DAG(s) 'list_s3_bucket_files_dag' retrieved from /home/cloud/codings/airflow/dags/list_s3_bucket_files_dag.py
[2026-02-07T11:02:08.368+0000] {logging_mixin.py:188} INFO - [2026-02-07T11:02:08.368+0000] {dag.py:3089} INFO - Sync 1 DAGs
[2026-02-07T11:02:08.389+0000] {logging_mixin.py:188} INFO - [2026-02-07T11:02:08.389+0000] {dag.py:3947} INFO - Setting next_dagrun for list_s3_bucket_files_dag to None, run_after=None
[2026-02-07T11:02:08.420+0000] {processor.py:183} INFO - Processing /home/cloud/codings/airflow/dags/list_s3_bucket_files_dag.py took 0.111 seconds
[2026-02-07T11:02:38.818+0000] {processor.py:161} INFO - Started process (PID=163008) to work on /home/cloud/codings/airflow/dags/list_s3_bucket_files_dag.py
[2026-02-07T11:02:38.820+0000] {processor.py:830} INFO - Processing file /home/cloud/codings/airflow/dags/list_s3_bucket_files_dag.py for tasks to queue
[2026-02-07T11:02:38.821+0000] {logging_mixin.py:188} INFO - [2026-02-07T11:02:38.820+0000] {dagbag.py:545} INFO - Filling up the DagBag from /home/cloud/codings/airflow/dags/list_s3_bucket_files_dag.py
[2026-02-07T11:02:38.835+0000] {processor.py:840} INFO - DAG(s) 'list_s3_bucket_files_dag' retrieved from /home/cloud/codings/airflow/dags/list_s3_bucket_files_dag.py
[2026-02-07T11:02:38.863+0000] {logging_mixin.py:188} INFO - [2026-02-07T11:02:38.863+0000] {dag.py:3089} INFO - Sync 1 DAGs
[2026-02-07T11:02:38.890+0000] {logging_mixin.py:188} INFO - [2026-02-07T11:02:38.889+0000] {dag.py:3947} INFO - Setting next_dagrun for list_s3_bucket_files_dag to None, run_after=None
[2026-02-07T11:02:38.927+0000] {processor.py:183} INFO - Processing /home/cloud/codings/airflow/dags/list_s3_bucket_files_dag.py took 0.118 seconds
[2026-02-07T11:03:10.418+0000] {processor.py:161} INFO - Started process (PID=163219) to work on /home/cloud/codings/airflow/dags/list_s3_bucket_files_dag.py
[2026-02-07T11:03:10.419+0000] {processor.py:830} INFO - Processing file /home/cloud/codings/airflow/dags/list_s3_bucket_files_dag.py for tasks to queue
[2026-02-07T11:03:10.420+0000] {logging_mixin.py:188} INFO - [2026-02-07T11:03:10.420+0000] {dagbag.py:545} INFO - Filling up the DagBag from /home/cloud/codings/airflow/dags/list_s3_bucket_files_dag.py
[2026-02-07T11:03:10.433+0000] {processor.py:840} INFO - DAG(s) 'list_s3_bucket_files_dag' retrieved from /home/cloud/codings/airflow/dags/list_s3_bucket_files_dag.py
[2026-02-07T11:03:10.457+0000] {logging_mixin.py:188} INFO - [2026-02-07T11:03:10.456+0000] {dag.py:3089} INFO - Sync 1 DAGs
[2026-02-07T11:03:10.471+0000] {logging_mixin.py:188} INFO - [2026-02-07T11:03:10.471+0000] {dag.py:3947} INFO - Setting next_dagrun for list_s3_bucket_files_dag to None, run_after=None
[2026-02-07T11:03:10.500+0000] {processor.py:183} INFO - Processing /home/cloud/codings/airflow/dags/list_s3_bucket_files_dag.py took 0.089 seconds
[2026-02-07T11:03:40.893+0000] {processor.py:161} INFO - Started process (PID=163285) to work on /home/cloud/codings/airflow/dags/list_s3_bucket_files_dag.py
[2026-02-07T11:03:40.896+0000] {processor.py:830} INFO - Processing file /home/cloud/codings/airflow/dags/list_s3_bucket_files_dag.py for tasks to queue
[2026-02-07T11:03:40.898+0000] {logging_mixin.py:188} INFO - [2026-02-07T11:03:40.897+0000] {dagbag.py:545} INFO - Filling up the DagBag from /home/cloud/codings/airflow/dags/list_s3_bucket_files_dag.py
[2026-02-07T11:03:40.916+0000] {processor.py:840} INFO - DAG(s) 'list_s3_bucket_files_dag' retrieved from /home/cloud/codings/airflow/dags/list_s3_bucket_files_dag.py
[2026-02-07T11:03:40.956+0000] {logging_mixin.py:188} INFO - [2026-02-07T11:03:40.956+0000] {dag.py:3089} INFO - Sync 1 DAGs
[2026-02-07T11:03:40.986+0000] {logging_mixin.py:188} INFO - [2026-02-07T11:03:40.986+0000] {dag.py:3947} INFO - Setting next_dagrun for list_s3_bucket_files_dag to None, run_after=None
[2026-02-07T11:03:41.029+0000] {processor.py:183} INFO - Processing /home/cloud/codings/airflow/dags/list_s3_bucket_files_dag.py took 0.149 seconds
[2026-02-07T11:04:11.921+0000] {processor.py:161} INFO - Started process (PID=163472) to work on /home/cloud/codings/airflow/dags/list_s3_bucket_files_dag.py
[2026-02-07T11:04:11.924+0000] {processor.py:830} INFO - Processing file /home/cloud/codings/airflow/dags/list_s3_bucket_files_dag.py for tasks to queue
[2026-02-07T11:04:11.925+0000] {logging_mixin.py:188} INFO - [2026-02-07T11:04:11.925+0000] {dagbag.py:545} INFO - Filling up the DagBag from /home/cloud/codings/airflow/dags/list_s3_bucket_files_dag.py
[2026-02-07T11:04:11.942+0000] {processor.py:840} INFO - DAG(s) 'list_s3_bucket_files_dag' retrieved from /home/cloud/codings/airflow/dags/list_s3_bucket_files_dag.py
[2026-02-07T11:04:11.984+0000] {logging_mixin.py:188} INFO - [2026-02-07T11:04:11.983+0000] {dag.py:3089} INFO - Sync 1 DAGs
[2026-02-07T11:04:12.019+0000] {logging_mixin.py:188} INFO - [2026-02-07T11:04:12.019+0000] {dag.py:3947} INFO - Setting next_dagrun for list_s3_bucket_files_dag to None, run_after=None
[2026-02-07T11:04:12.064+0000] {processor.py:183} INFO - Processing /home/cloud/codings/airflow/dags/list_s3_bucket_files_dag.py took 0.154 seconds
[2026-02-07T11:04:42.657+0000] {processor.py:161} INFO - Started process (PID=163761) to work on /home/cloud/codings/airflow/dags/list_s3_bucket_files_dag.py
[2026-02-07T11:04:42.661+0000] {processor.py:830} INFO - Processing file /home/cloud/codings/airflow/dags/list_s3_bucket_files_dag.py for tasks to queue
[2026-02-07T11:04:42.662+0000] {logging_mixin.py:188} INFO - [2026-02-07T11:04:42.662+0000] {dagbag.py:545} INFO - Filling up the DagBag from /home/cloud/codings/airflow/dags/list_s3_bucket_files_dag.py
[2026-02-07T11:04:42.677+0000] {processor.py:840} INFO - DAG(s) 'list_s3_bucket_files_dag' retrieved from /home/cloud/codings/airflow/dags/list_s3_bucket_files_dag.py
[2026-02-07T11:04:42.708+0000] {logging_mixin.py:188} INFO - [2026-02-07T11:04:42.708+0000] {dag.py:3089} INFO - Sync 1 DAGs
[2026-02-07T11:04:42.730+0000] {logging_mixin.py:188} INFO - [2026-02-07T11:04:42.730+0000] {dag.py:3947} INFO - Setting next_dagrun for list_s3_bucket_files_dag to None, run_after=None
[2026-02-07T11:04:42.771+0000] {processor.py:183} INFO - Processing /home/cloud/codings/airflow/dags/list_s3_bucket_files_dag.py took 0.125 seconds
[2026-02-07T11:05:13.294+0000] {processor.py:161} INFO - Started process (PID=164029) to work on /home/cloud/codings/airflow/dags/list_s3_bucket_files_dag.py
[2026-02-07T11:05:13.295+0000] {processor.py:830} INFO - Processing file /home/cloud/codings/airflow/dags/list_s3_bucket_files_dag.py for tasks to queue
[2026-02-07T11:05:13.297+0000] {logging_mixin.py:188} INFO - [2026-02-07T11:05:13.296+0000] {dagbag.py:545} INFO - Filling up the DagBag from /home/cloud/codings/airflow/dags/list_s3_bucket_files_dag.py
[2026-02-07T11:05:13.313+0000] {processor.py:840} INFO - DAG(s) 'list_s3_bucket_files_dag' retrieved from /home/cloud/codings/airflow/dags/list_s3_bucket_files_dag.py
[2026-02-07T11:05:13.346+0000] {logging_mixin.py:188} INFO - [2026-02-07T11:05:13.346+0000] {dag.py:3089} INFO - Sync 1 DAGs
[2026-02-07T11:05:13.373+0000] {logging_mixin.py:188} INFO - [2026-02-07T11:05:13.373+0000] {dag.py:3947} INFO - Setting next_dagrun for list_s3_bucket_files_dag to None, run_after=None
[2026-02-07T11:05:13.418+0000] {processor.py:183} INFO - Processing /home/cloud/codings/airflow/dags/list_s3_bucket_files_dag.py took 0.134 seconds
[2026-02-07T11:05:43.905+0000] {processor.py:161} INFO - Started process (PID=164269) to work on /home/cloud/codings/airflow/dags/list_s3_bucket_files_dag.py
[2026-02-07T11:05:43.907+0000] {processor.py:830} INFO - Processing file /home/cloud/codings/airflow/dags/list_s3_bucket_files_dag.py for tasks to queue
[2026-02-07T11:05:43.908+0000] {logging_mixin.py:188} INFO - [2026-02-07T11:05:43.907+0000] {dagbag.py:545} INFO - Filling up the DagBag from /home/cloud/codings/airflow/dags/list_s3_bucket_files_dag.py
[2026-02-07T11:05:43.930+0000] {processor.py:840} INFO - DAG(s) 'list_s3_bucket_files_dag' retrieved from /home/cloud/codings/airflow/dags/list_s3_bucket_files_dag.py
[2026-02-07T11:05:43.969+0000] {logging_mixin.py:188} INFO - [2026-02-07T11:05:43.969+0000] {dag.py:3089} INFO - Sync 1 DAGs
[2026-02-07T11:05:43.995+0000] {logging_mixin.py:188} INFO - [2026-02-07T11:05:43.994+0000] {dag.py:3947} INFO - Setting next_dagrun for list_s3_bucket_files_dag to None, run_after=None
[2026-02-07T11:05:44.027+0000] {processor.py:183} INFO - Processing /home/cloud/codings/airflow/dags/list_s3_bucket_files_dag.py took 0.131 seconds
[2026-02-07T11:06:14.259+0000] {processor.py:161} INFO - Started process (PID=164592) to work on /home/cloud/codings/airflow/dags/list_s3_bucket_files_dag.py
[2026-02-07T11:06:14.261+0000] {processor.py:830} INFO - Processing file /home/cloud/codings/airflow/dags/list_s3_bucket_files_dag.py for tasks to queue
[2026-02-07T11:06:14.262+0000] {logging_mixin.py:188} INFO - [2026-02-07T11:06:14.261+0000] {dagbag.py:545} INFO - Filling up the DagBag from /home/cloud/codings/airflow/dags/list_s3_bucket_files_dag.py
[2026-02-07T11:06:14.273+0000] {processor.py:840} INFO - DAG(s) 'list_s3_bucket_files_dag' retrieved from /home/cloud/codings/airflow/dags/list_s3_bucket_files_dag.py
[2026-02-07T11:06:14.296+0000] {logging_mixin.py:188} INFO - [2026-02-07T11:06:14.296+0000] {dag.py:3089} INFO - Sync 1 DAGs
[2026-02-07T11:06:14.311+0000] {logging_mixin.py:188} INFO - [2026-02-07T11:06:14.311+0000] {dag.py:3947} INFO - Setting next_dagrun for list_s3_bucket_files_dag to None, run_after=None
[2026-02-07T11:06:14.339+0000] {processor.py:183} INFO - Processing /home/cloud/codings/airflow/dags/list_s3_bucket_files_dag.py took 0.087 seconds
[2026-02-07T11:06:44.370+0000] {processor.py:161} INFO - Started process (PID=164855) to work on /home/cloud/codings/airflow/dags/list_s3_bucket_files_dag.py
[2026-02-07T11:06:44.372+0000] {processor.py:830} INFO - Processing file /home/cloud/codings/airflow/dags/list_s3_bucket_files_dag.py for tasks to queue
[2026-02-07T11:06:44.373+0000] {logging_mixin.py:188} INFO - [2026-02-07T11:06:44.372+0000] {dagbag.py:545} INFO - Filling up the DagBag from /home/cloud/codings/airflow/dags/list_s3_bucket_files_dag.py
[2026-02-07T11:06:44.387+0000] {processor.py:840} INFO - DAG(s) 'list_s3_bucket_files_dag' retrieved from /home/cloud/codings/airflow/dags/list_s3_bucket_files_dag.py
[2026-02-07T11:06:44.414+0000] {logging_mixin.py:188} INFO - [2026-02-07T11:06:44.414+0000] {dag.py:3089} INFO - Sync 1 DAGs
[2026-02-07T11:06:44.432+0000] {logging_mixin.py:188} INFO - [2026-02-07T11:06:44.432+0000] {dag.py:3947} INFO - Setting next_dagrun for list_s3_bucket_files_dag to None, run_after=None
[2026-02-07T11:06:44.460+0000] {processor.py:183} INFO - Processing /home/cloud/codings/airflow/dags/list_s3_bucket_files_dag.py took 0.098 seconds
[2026-02-07T11:07:14.683+0000] {processor.py:161} INFO - Started process (PID=165077) to work on /home/cloud/codings/airflow/dags/list_s3_bucket_files_dag.py
[2026-02-07T11:07:14.684+0000] {processor.py:830} INFO - Processing file /home/cloud/codings/airflow/dags/list_s3_bucket_files_dag.py for tasks to queue
[2026-02-07T11:07:14.686+0000] {logging_mixin.py:188} INFO - [2026-02-07T11:07:14.685+0000] {dagbag.py:545} INFO - Filling up the DagBag from /home/cloud/codings/airflow/dags/list_s3_bucket_files_dag.py
[2026-02-07T11:07:14.701+0000] {processor.py:840} INFO - DAG(s) 'list_s3_bucket_files_dag' retrieved from /home/cloud/codings/airflow/dags/list_s3_bucket_files_dag.py
[2026-02-07T11:07:14.730+0000] {logging_mixin.py:188} INFO - [2026-02-07T11:07:14.730+0000] {dag.py:3089} INFO - Sync 1 DAGs
[2026-02-07T11:07:14.747+0000] {logging_mixin.py:188} INFO - [2026-02-07T11:07:14.747+0000] {dag.py:3947} INFO - Setting next_dagrun for list_s3_bucket_files_dag to None, run_after=None
[2026-02-07T11:07:14.779+0000] {processor.py:183} INFO - Processing /home/cloud/codings/airflow/dags/list_s3_bucket_files_dag.py took 0.106 seconds
[2026-02-07T11:07:45.162+0000] {processor.py:161} INFO - Started process (PID=165348) to work on /home/cloud/codings/airflow/dags/list_s3_bucket_files_dag.py
[2026-02-07T11:07:45.165+0000] {processor.py:830} INFO - Processing file /home/cloud/codings/airflow/dags/list_s3_bucket_files_dag.py for tasks to queue
[2026-02-07T11:07:45.167+0000] {logging_mixin.py:188} INFO - [2026-02-07T11:07:45.166+0000] {dagbag.py:545} INFO - Filling up the DagBag from /home/cloud/codings/airflow/dags/list_s3_bucket_files_dag.py
[2026-02-07T11:07:45.190+0000] {processor.py:840} INFO - DAG(s) 'list_s3_bucket_files_dag' retrieved from /home/cloud/codings/airflow/dags/list_s3_bucket_files_dag.py
[2026-02-07T11:07:45.235+0000] {logging_mixin.py:188} INFO - [2026-02-07T11:07:45.235+0000] {dag.py:3089} INFO - Sync 1 DAGs
[2026-02-07T11:07:45.260+0000] {logging_mixin.py:188} INFO - [2026-02-07T11:07:45.259+0000] {dag.py:3947} INFO - Setting next_dagrun for list_s3_bucket_files_dag to None, run_after=None
[2026-02-07T11:07:45.292+0000] {processor.py:183} INFO - Processing /home/cloud/codings/airflow/dags/list_s3_bucket_files_dag.py took 0.145 seconds
[2026-02-07T11:08:16.336+0000] {processor.py:161} INFO - Started process (PID=165558) to work on /home/cloud/codings/airflow/dags/list_s3_bucket_files_dag.py
[2026-02-07T11:08:16.339+0000] {processor.py:830} INFO - Processing file /home/cloud/codings/airflow/dags/list_s3_bucket_files_dag.py for tasks to queue
[2026-02-07T11:08:16.340+0000] {logging_mixin.py:188} INFO - [2026-02-07T11:08:16.340+0000] {dagbag.py:545} INFO - Filling up the DagBag from /home/cloud/codings/airflow/dags/list_s3_bucket_files_dag.py
[2026-02-07T11:08:16.358+0000] {processor.py:840} INFO - DAG(s) 'list_s3_bucket_files_dag' retrieved from /home/cloud/codings/airflow/dags/list_s3_bucket_files_dag.py
[2026-02-07T11:08:16.387+0000] {logging_mixin.py:188} INFO - [2026-02-07T11:08:16.387+0000] {dag.py:3089} INFO - Sync 1 DAGs
[2026-02-07T11:08:16.407+0000] {logging_mixin.py:188} INFO - [2026-02-07T11:08:16.407+0000] {dag.py:3947} INFO - Setting next_dagrun for list_s3_bucket_files_dag to None, run_after=None
[2026-02-07T11:08:16.443+0000] {processor.py:183} INFO - Processing /home/cloud/codings/airflow/dags/list_s3_bucket_files_dag.py took 0.118 seconds
[2026-02-07T11:08:47.482+0000] {processor.py:161} INFO - Started process (PID=165825) to work on /home/cloud/codings/airflow/dags/list_s3_bucket_files_dag.py
[2026-02-07T11:08:47.484+0000] {processor.py:830} INFO - Processing file /home/cloud/codings/airflow/dags/list_s3_bucket_files_dag.py for tasks to queue
[2026-02-07T11:08:47.485+0000] {logging_mixin.py:188} INFO - [2026-02-07T11:08:47.485+0000] {dagbag.py:545} INFO - Filling up the DagBag from /home/cloud/codings/airflow/dags/list_s3_bucket_files_dag.py
[2026-02-07T11:08:47.501+0000] {processor.py:840} INFO - DAG(s) 'list_s3_bucket_files_dag' retrieved from /home/cloud/codings/airflow/dags/list_s3_bucket_files_dag.py
[2026-02-07T11:08:47.532+0000] {logging_mixin.py:188} INFO - [2026-02-07T11:08:47.532+0000] {dag.py:3089} INFO - Sync 1 DAGs
[2026-02-07T11:08:47.553+0000] {logging_mixin.py:188} INFO - [2026-02-07T11:08:47.552+0000] {dag.py:3947} INFO - Setting next_dagrun for list_s3_bucket_files_dag to None, run_after=None
[2026-02-07T11:08:47.589+0000] {processor.py:183} INFO - Processing /home/cloud/codings/airflow/dags/list_s3_bucket_files_dag.py took 0.118 seconds
[2026-02-07T11:09:18.558+0000] {processor.py:161} INFO - Started process (PID=166018) to work on /home/cloud/codings/airflow/dags/list_s3_bucket_files_dag.py
[2026-02-07T11:09:18.560+0000] {processor.py:830} INFO - Processing file /home/cloud/codings/airflow/dags/list_s3_bucket_files_dag.py for tasks to queue
[2026-02-07T11:09:18.561+0000] {logging_mixin.py:188} INFO - [2026-02-07T11:09:18.561+0000] {dagbag.py:545} INFO - Filling up the DagBag from /home/cloud/codings/airflow/dags/list_s3_bucket_files_dag.py
[2026-02-07T11:09:18.583+0000] {processor.py:840} INFO - DAG(s) 'list_s3_bucket_files_dag' retrieved from /home/cloud/codings/airflow/dags/list_s3_bucket_files_dag.py
[2026-02-07T11:09:18.614+0000] {logging_mixin.py:188} INFO - [2026-02-07T11:09:18.613+0000] {dag.py:3089} INFO - Sync 1 DAGs
[2026-02-07T11:09:18.634+0000] {logging_mixin.py:188} INFO - [2026-02-07T11:09:18.633+0000] {dag.py:3947} INFO - Setting next_dagrun for list_s3_bucket_files_dag to None, run_after=None
[2026-02-07T11:09:18.665+0000] {processor.py:183} INFO - Processing /home/cloud/codings/airflow/dags/list_s3_bucket_files_dag.py took 0.116 seconds
[2026-02-07T11:09:49.767+0000] {processor.py:161} INFO - Started process (PID=166229) to work on /home/cloud/codings/airflow/dags/list_s3_bucket_files_dag.py
[2026-02-07T11:09:49.770+0000] {processor.py:830} INFO - Processing file /home/cloud/codings/airflow/dags/list_s3_bucket_files_dag.py for tasks to queue
[2026-02-07T11:09:49.771+0000] {logging_mixin.py:188} INFO - [2026-02-07T11:09:49.770+0000] {dagbag.py:545} INFO - Filling up the DagBag from /home/cloud/codings/airflow/dags/list_s3_bucket_files_dag.py
[2026-02-07T11:09:49.788+0000] {processor.py:840} INFO - DAG(s) 'list_s3_bucket_files_dag' retrieved from /home/cloud/codings/airflow/dags/list_s3_bucket_files_dag.py
[2026-02-07T11:09:49.820+0000] {logging_mixin.py:188} INFO - [2026-02-07T11:09:49.820+0000] {dag.py:3089} INFO - Sync 1 DAGs
[2026-02-07T11:09:49.838+0000] {logging_mixin.py:188} INFO - [2026-02-07T11:09:49.837+0000] {dag.py:3947} INFO - Setting next_dagrun for list_s3_bucket_files_dag to None, run_after=None
[2026-02-07T11:09:49.867+0000] {processor.py:183} INFO - Processing /home/cloud/codings/airflow/dags/list_s3_bucket_files_dag.py took 0.109 seconds
[2026-02-07T11:10:20.879+0000] {processor.py:161} INFO - Started process (PID=166521) to work on /home/cloud/codings/airflow/dags/list_s3_bucket_files_dag.py
[2026-02-07T11:10:20.880+0000] {processor.py:830} INFO - Processing file /home/cloud/codings/airflow/dags/list_s3_bucket_files_dag.py for tasks to queue
[2026-02-07T11:10:20.881+0000] {logging_mixin.py:188} INFO - [2026-02-07T11:10:20.881+0000] {dagbag.py:545} INFO - Filling up the DagBag from /home/cloud/codings/airflow/dags/list_s3_bucket_files_dag.py
[2026-02-07T11:10:20.892+0000] {processor.py:840} INFO - DAG(s) 'list_s3_bucket_files_dag' retrieved from /home/cloud/codings/airflow/dags/list_s3_bucket_files_dag.py
[2026-02-07T11:10:20.914+0000] {logging_mixin.py:188} INFO - [2026-02-07T11:10:20.914+0000] {dag.py:3089} INFO - Sync 1 DAGs
[2026-02-07T11:10:20.928+0000] {logging_mixin.py:188} INFO - [2026-02-07T11:10:20.928+0000] {dag.py:3947} INFO - Setting next_dagrun for list_s3_bucket_files_dag to None, run_after=None
[2026-02-07T11:10:20.951+0000] {processor.py:183} INFO - Processing /home/cloud/codings/airflow/dags/list_s3_bucket_files_dag.py took 0.079 seconds
[2026-02-07T11:10:51.087+0000] {processor.py:161} INFO - Started process (PID=166731) to work on /home/cloud/codings/airflow/dags/list_s3_bucket_files_dag.py
[2026-02-07T11:10:51.093+0000] {processor.py:830} INFO - Processing file /home/cloud/codings/airflow/dags/list_s3_bucket_files_dag.py for tasks to queue
[2026-02-07T11:10:51.094+0000] {logging_mixin.py:188} INFO - [2026-02-07T11:10:51.093+0000] {dagbag.py:545} INFO - Filling up the DagBag from /home/cloud/codings/airflow/dags/list_s3_bucket_files_dag.py
[2026-02-07T11:10:51.109+0000] {processor.py:840} INFO - DAG(s) 'list_s3_bucket_files_dag' retrieved from /home/cloud/codings/airflow/dags/list_s3_bucket_files_dag.py
[2026-02-07T11:10:51.138+0000] {logging_mixin.py:188} INFO - [2026-02-07T11:10:51.137+0000] {dag.py:3089} INFO - Sync 1 DAGs
[2026-02-07T11:10:51.158+0000] {logging_mixin.py:188} INFO - [2026-02-07T11:10:51.157+0000] {dag.py:3947} INFO - Setting next_dagrun for list_s3_bucket_files_dag to None, run_after=None
[2026-02-07T11:10:51.189+0000] {processor.py:183} INFO - Processing /home/cloud/codings/airflow/dags/list_s3_bucket_files_dag.py took 0.112 seconds
[2026-02-07T11:11:21.956+0000] {processor.py:161} INFO - Started process (PID=166950) to work on /home/cloud/codings/airflow/dags/list_s3_bucket_files_dag.py
[2026-02-07T11:11:21.957+0000] {processor.py:830} INFO - Processing file /home/cloud/codings/airflow/dags/list_s3_bucket_files_dag.py for tasks to queue
[2026-02-07T11:11:21.959+0000] {logging_mixin.py:188} INFO - [2026-02-07T11:11:21.958+0000] {dagbag.py:545} INFO - Filling up the DagBag from /home/cloud/codings/airflow/dags/list_s3_bucket_files_dag.py
[2026-02-07T11:11:21.977+0000] {processor.py:840} INFO - DAG(s) 'list_s3_bucket_files_dag' retrieved from /home/cloud/codings/airflow/dags/list_s3_bucket_files_dag.py
[2026-02-07T11:11:22.008+0000] {logging_mixin.py:188} INFO - [2026-02-07T11:11:22.008+0000] {dag.py:3089} INFO - Sync 1 DAGs
[2026-02-07T11:11:22.026+0000] {logging_mixin.py:188} INFO - [2026-02-07T11:11:22.026+0000] {dag.py:3947} INFO - Setting next_dagrun for list_s3_bucket_files_dag to None, run_after=None
[2026-02-07T11:11:22.053+0000] {processor.py:183} INFO - Processing /home/cloud/codings/airflow/dags/list_s3_bucket_files_dag.py took 0.108 seconds
[2026-02-07T11:11:53.000+0000] {processor.py:161} INFO - Started process (PID=167234) to work on /home/cloud/codings/airflow/dags/list_s3_bucket_files_dag.py
[2026-02-07T11:11:53.002+0000] {processor.py:830} INFO - Processing file /home/cloud/codings/airflow/dags/list_s3_bucket_files_dag.py for tasks to queue
[2026-02-07T11:11:53.003+0000] {logging_mixin.py:188} INFO - [2026-02-07T11:11:53.003+0000] {dagbag.py:545} INFO - Filling up the DagBag from /home/cloud/codings/airflow/dags/list_s3_bucket_files_dag.py
[2026-02-07T11:11:53.020+0000] {processor.py:840} INFO - DAG(s) 'list_s3_bucket_files_dag' retrieved from /home/cloud/codings/airflow/dags/list_s3_bucket_files_dag.py
[2026-02-07T11:11:53.048+0000] {logging_mixin.py:188} INFO - [2026-02-07T11:11:53.048+0000] {dag.py:3089} INFO - Sync 1 DAGs
[2026-02-07T11:11:53.068+0000] {logging_mixin.py:188} INFO - [2026-02-07T11:11:53.067+0000] {dag.py:3947} INFO - Setting next_dagrun for list_s3_bucket_files_dag to None, run_after=None
[2026-02-07T11:11:53.096+0000] {processor.py:183} INFO - Processing /home/cloud/codings/airflow/dags/list_s3_bucket_files_dag.py took 0.107 seconds
[2026-02-07T11:12:24.141+0000] {processor.py:161} INFO - Started process (PID=167457) to work on /home/cloud/codings/airflow/dags/list_s3_bucket_files_dag.py
[2026-02-07T11:12:24.142+0000] {processor.py:830} INFO - Processing file /home/cloud/codings/airflow/dags/list_s3_bucket_files_dag.py for tasks to queue
[2026-02-07T11:12:24.144+0000] {logging_mixin.py:188} INFO - [2026-02-07T11:12:24.143+0000] {dagbag.py:545} INFO - Filling up the DagBag from /home/cloud/codings/airflow/dags/list_s3_bucket_files_dag.py
[2026-02-07T11:12:24.165+0000] {processor.py:840} INFO - DAG(s) 'list_s3_bucket_files_dag' retrieved from /home/cloud/codings/airflow/dags/list_s3_bucket_files_dag.py
[2026-02-07T11:12:24.204+0000] {logging_mixin.py:188} INFO - [2026-02-07T11:12:24.203+0000] {dag.py:3089} INFO - Sync 1 DAGs
[2026-02-07T11:12:24.230+0000] {logging_mixin.py:188} INFO - [2026-02-07T11:12:24.230+0000] {dag.py:3947} INFO - Setting next_dagrun for list_s3_bucket_files_dag to None, run_after=None
[2026-02-07T11:12:24.269+0000] {processor.py:183} INFO - Processing /home/cloud/codings/airflow/dags/list_s3_bucket_files_dag.py took 0.139 seconds
[2026-02-07T11:12:55.251+0000] {processor.py:161} INFO - Started process (PID=167724) to work on /home/cloud/codings/airflow/dags/list_s3_bucket_files_dag.py
[2026-02-07T11:12:55.256+0000] {processor.py:830} INFO - Processing file /home/cloud/codings/airflow/dags/list_s3_bucket_files_dag.py for tasks to queue
[2026-02-07T11:12:55.258+0000] {logging_mixin.py:188} INFO - [2026-02-07T11:12:55.257+0000] {dagbag.py:545} INFO - Filling up the DagBag from /home/cloud/codings/airflow/dags/list_s3_bucket_files_dag.py
[2026-02-07T11:12:55.274+0000] {processor.py:840} INFO - DAG(s) 'list_s3_bucket_files_dag' retrieved from /home/cloud/codings/airflow/dags/list_s3_bucket_files_dag.py
[2026-02-07T11:12:55.301+0000] {logging_mixin.py:188} INFO - [2026-02-07T11:12:55.300+0000] {dag.py:3089} INFO - Sync 1 DAGs
[2026-02-07T11:12:55.320+0000] {logging_mixin.py:188} INFO - [2026-02-07T11:12:55.320+0000] {dag.py:3947} INFO - Setting next_dagrun for list_s3_bucket_files_dag to None, run_after=None
[2026-02-07T11:12:55.355+0000] {processor.py:183} INFO - Processing /home/cloud/codings/airflow/dags/list_s3_bucket_files_dag.py took 0.112 seconds
[2026-02-07T11:13:26.188+0000] {processor.py:161} INFO - Started process (PID=167977) to work on /home/cloud/codings/airflow/dags/list_s3_bucket_files_dag.py
[2026-02-07T11:13:26.189+0000] {processor.py:830} INFO - Processing file /home/cloud/codings/airflow/dags/list_s3_bucket_files_dag.py for tasks to queue
[2026-02-07T11:13:26.191+0000] {logging_mixin.py:188} INFO - [2026-02-07T11:13:26.190+0000] {dagbag.py:545} INFO - Filling up the DagBag from /home/cloud/codings/airflow/dags/list_s3_bucket_files_dag.py
[2026-02-07T11:13:26.203+0000] {processor.py:840} INFO - DAG(s) 'list_s3_bucket_files_dag' retrieved from /home/cloud/codings/airflow/dags/list_s3_bucket_files_dag.py
[2026-02-07T11:13:26.229+0000] {logging_mixin.py:188} INFO - [2026-02-07T11:13:26.229+0000] {dag.py:3089} INFO - Sync 1 DAGs
[2026-02-07T11:13:26.247+0000] {logging_mixin.py:188} INFO - [2026-02-07T11:13:26.247+0000] {dag.py:3947} INFO - Setting next_dagrun for list_s3_bucket_files_dag to None, run_after=None
[2026-02-07T11:13:26.275+0000] {processor.py:183} INFO - Processing /home/cloud/codings/airflow/dags/list_s3_bucket_files_dag.py took 0.095 seconds
[2026-02-07T11:13:56.302+0000] {processor.py:161} INFO - Started process (PID=168264) to work on /home/cloud/codings/airflow/dags/list_s3_bucket_files_dag.py
[2026-02-07T11:13:56.304+0000] {processor.py:830} INFO - Processing file /home/cloud/codings/airflow/dags/list_s3_bucket_files_dag.py for tasks to queue
[2026-02-07T11:13:56.305+0000] {logging_mixin.py:188} INFO - [2026-02-07T11:13:56.304+0000] {dagbag.py:545} INFO - Filling up the DagBag from /home/cloud/codings/airflow/dags/list_s3_bucket_files_dag.py
[2026-02-07T11:13:56.318+0000] {processor.py:840} INFO - DAG(s) 'list_s3_bucket_files_dag' retrieved from /home/cloud/codings/airflow/dags/list_s3_bucket_files_dag.py
[2026-02-07T11:13:56.350+0000] {logging_mixin.py:188} INFO - [2026-02-07T11:13:56.350+0000] {dag.py:3089} INFO - Sync 1 DAGs
[2026-02-07T11:13:56.370+0000] {logging_mixin.py:188} INFO - [2026-02-07T11:13:56.370+0000] {dag.py:3947} INFO - Setting next_dagrun for list_s3_bucket_files_dag to None, run_after=None
[2026-02-07T11:13:56.419+0000] {processor.py:183} INFO - Processing /home/cloud/codings/airflow/dags/list_s3_bucket_files_dag.py took 0.124 seconds
[2026-02-07T11:14:26.589+0000] {processor.py:161} INFO - Started process (PID=168544) to work on /home/cloud/codings/airflow/dags/list_s3_bucket_files_dag.py
[2026-02-07T11:14:26.591+0000] {processor.py:830} INFO - Processing file /home/cloud/codings/airflow/dags/list_s3_bucket_files_dag.py for tasks to queue
[2026-02-07T11:14:26.592+0000] {logging_mixin.py:188} INFO - [2026-02-07T11:14:26.591+0000] {dagbag.py:545} INFO - Filling up the DagBag from /home/cloud/codings/airflow/dags/list_s3_bucket_files_dag.py
[2026-02-07T11:14:26.605+0000] {processor.py:840} INFO - DAG(s) 'list_s3_bucket_files_dag' retrieved from /home/cloud/codings/airflow/dags/list_s3_bucket_files_dag.py
[2026-02-07T11:14:26.633+0000] {logging_mixin.py:188} INFO - [2026-02-07T11:14:26.633+0000] {dag.py:3089} INFO - Sync 1 DAGs
[2026-02-07T11:14:26.649+0000] {logging_mixin.py:188} INFO - [2026-02-07T11:14:26.649+0000] {dag.py:3947} INFO - Setting next_dagrun for list_s3_bucket_files_dag to None, run_after=None
[2026-02-07T11:14:26.681+0000] {processor.py:183} INFO - Processing /home/cloud/codings/airflow/dags/list_s3_bucket_files_dag.py took 0.102 seconds
[2026-02-07T11:14:57.480+0000] {processor.py:161} INFO - Started process (PID=168767) to work on /home/cloud/codings/airflow/dags/list_s3_bucket_files_dag.py
[2026-02-07T11:14:57.481+0000] {processor.py:830} INFO - Processing file /home/cloud/codings/airflow/dags/list_s3_bucket_files_dag.py for tasks to queue
[2026-02-07T11:14:57.482+0000] {logging_mixin.py:188} INFO - [2026-02-07T11:14:57.481+0000] {dagbag.py:545} INFO - Filling up the DagBag from /home/cloud/codings/airflow/dags/list_s3_bucket_files_dag.py
[2026-02-07T11:14:57.495+0000] {processor.py:840} INFO - DAG(s) 'list_s3_bucket_files_dag' retrieved from /home/cloud/codings/airflow/dags/list_s3_bucket_files_dag.py
[2026-02-07T11:14:57.525+0000] {logging_mixin.py:188} INFO - [2026-02-07T11:14:57.525+0000] {dag.py:3089} INFO - Sync 1 DAGs
[2026-02-07T11:14:57.547+0000] {logging_mixin.py:188} INFO - [2026-02-07T11:14:57.546+0000] {dag.py:3947} INFO - Setting next_dagrun for list_s3_bucket_files_dag to None, run_after=None
[2026-02-07T11:14:57.580+0000] {processor.py:183} INFO - Processing /home/cloud/codings/airflow/dags/list_s3_bucket_files_dag.py took 0.111 seconds
[2026-02-07T11:15:27.974+0000] {processor.py:161} INFO - Started process (PID=168954) to work on /home/cloud/codings/airflow/dags/list_s3_bucket_files_dag.py
[2026-02-07T11:15:27.975+0000] {processor.py:830} INFO - Processing file /home/cloud/codings/airflow/dags/list_s3_bucket_files_dag.py for tasks to queue
[2026-02-07T11:15:27.977+0000] {logging_mixin.py:188} INFO - [2026-02-07T11:15:27.976+0000] {dagbag.py:545} INFO - Filling up the DagBag from /home/cloud/codings/airflow/dags/list_s3_bucket_files_dag.py
[2026-02-07T11:15:27.989+0000] {processor.py:840} INFO - DAG(s) 'list_s3_bucket_files_dag' retrieved from /home/cloud/codings/airflow/dags/list_s3_bucket_files_dag.py
[2026-02-07T11:15:28.012+0000] {logging_mixin.py:188} INFO - [2026-02-07T11:15:28.012+0000] {dag.py:3089} INFO - Sync 1 DAGs
[2026-02-07T11:15:28.027+0000] {logging_mixin.py:188} INFO - [2026-02-07T11:15:28.027+0000] {dag.py:3947} INFO - Setting next_dagrun for list_s3_bucket_files_dag to None, run_after=None
[2026-02-07T11:15:28.054+0000] {processor.py:183} INFO - Processing /home/cloud/codings/airflow/dags/list_s3_bucket_files_dag.py took 0.087 seconds
[2026-02-07T11:15:58.236+0000] {processor.py:161} INFO - Started process (PID=169166) to work on /home/cloud/codings/airflow/dags/list_s3_bucket_files_dag.py
[2026-02-07T11:15:58.237+0000] {processor.py:830} INFO - Processing file /home/cloud/codings/airflow/dags/list_s3_bucket_files_dag.py for tasks to queue
[2026-02-07T11:15:58.238+0000] {logging_mixin.py:188} INFO - [2026-02-07T11:15:58.238+0000] {dagbag.py:545} INFO - Filling up the DagBag from /home/cloud/codings/airflow/dags/list_s3_bucket_files_dag.py
[2026-02-07T11:15:58.253+0000] {processor.py:840} INFO - DAG(s) 'list_s3_bucket_files_dag' retrieved from /home/cloud/codings/airflow/dags/list_s3_bucket_files_dag.py
[2026-02-07T11:15:58.279+0000] {logging_mixin.py:188} INFO - [2026-02-07T11:15:58.279+0000] {dag.py:3089} INFO - Sync 1 DAGs
[2026-02-07T11:15:58.296+0000] {logging_mixin.py:188} INFO - [2026-02-07T11:15:58.295+0000] {dag.py:3947} INFO - Setting next_dagrun for list_s3_bucket_files_dag to None, run_after=None
[2026-02-07T11:15:58.321+0000] {processor.py:183} INFO - Processing /home/cloud/codings/airflow/dags/list_s3_bucket_files_dag.py took 0.094 seconds
[2026-02-07T11:16:28.887+0000] {processor.py:161} INFO - Started process (PID=169433) to work on /home/cloud/codings/airflow/dags/list_s3_bucket_files_dag.py
[2026-02-07T11:16:28.888+0000] {processor.py:830} INFO - Processing file /home/cloud/codings/airflow/dags/list_s3_bucket_files_dag.py for tasks to queue
[2026-02-07T11:16:28.889+0000] {logging_mixin.py:188} INFO - [2026-02-07T11:16:28.889+0000] {dagbag.py:545} INFO - Filling up the DagBag from /home/cloud/codings/airflow/dags/list_s3_bucket_files_dag.py
[2026-02-07T11:16:28.900+0000] {processor.py:840} INFO - DAG(s) 'list_s3_bucket_files_dag' retrieved from /home/cloud/codings/airflow/dags/list_s3_bucket_files_dag.py
[2026-02-07T11:16:28.922+0000] {logging_mixin.py:188} INFO - [2026-02-07T11:16:28.922+0000] {dag.py:3089} INFO - Sync 1 DAGs
[2026-02-07T11:16:28.936+0000] {logging_mixin.py:188} INFO - [2026-02-07T11:16:28.936+0000] {dag.py:3947} INFO - Setting next_dagrun for list_s3_bucket_files_dag to None, run_after=None
[2026-02-07T11:16:28.963+0000] {processor.py:183} INFO - Processing /home/cloud/codings/airflow/dags/list_s3_bucket_files_dag.py took 0.084 seconds
[2026-02-07T11:16:59.808+0000] {processor.py:161} INFO - Started process (PID=169645) to work on /home/cloud/codings/airflow/dags/list_s3_bucket_files_dag.py
[2026-02-07T11:16:59.810+0000] {processor.py:830} INFO - Processing file /home/cloud/codings/airflow/dags/list_s3_bucket_files_dag.py for tasks to queue
[2026-02-07T11:16:59.812+0000] {logging_mixin.py:188} INFO - [2026-02-07T11:16:59.811+0000] {dagbag.py:545} INFO - Filling up the DagBag from /home/cloud/codings/airflow/dags/list_s3_bucket_files_dag.py
[2026-02-07T11:16:59.831+0000] {processor.py:840} INFO - DAG(s) 'list_s3_bucket_files_dag' retrieved from /home/cloud/codings/airflow/dags/list_s3_bucket_files_dag.py
[2026-02-07T11:16:59.865+0000] {logging_mixin.py:188} INFO - [2026-02-07T11:16:59.865+0000] {dag.py:3089} INFO - Sync 1 DAGs
[2026-02-07T11:16:59.882+0000] {logging_mixin.py:188} INFO - [2026-02-07T11:16:59.882+0000] {dag.py:3947} INFO - Setting next_dagrun for list_s3_bucket_files_dag to None, run_after=None
[2026-02-07T11:16:59.913+0000] {processor.py:183} INFO - Processing /home/cloud/codings/airflow/dags/list_s3_bucket_files_dag.py took 0.113 seconds
[2026-02-07T11:17:30.710+0000] {processor.py:161} INFO - Started process (PID=169905) to work on /home/cloud/codings/airflow/dags/list_s3_bucket_files_dag.py
[2026-02-07T11:17:30.715+0000] {processor.py:830} INFO - Processing file /home/cloud/codings/airflow/dags/list_s3_bucket_files_dag.py for tasks to queue
[2026-02-07T11:17:30.716+0000] {logging_mixin.py:188} INFO - [2026-02-07T11:17:30.715+0000] {dagbag.py:545} INFO - Filling up the DagBag from /home/cloud/codings/airflow/dags/list_s3_bucket_files_dag.py
[2026-02-07T11:17:30.730+0000] {processor.py:840} INFO - DAG(s) 'list_s3_bucket_files_dag' retrieved from /home/cloud/codings/airflow/dags/list_s3_bucket_files_dag.py
[2026-02-07T11:17:30.755+0000] {logging_mixin.py:188} INFO - [2026-02-07T11:17:30.755+0000] {dag.py:3089} INFO - Sync 1 DAGs
[2026-02-07T11:17:30.774+0000] {logging_mixin.py:188} INFO - [2026-02-07T11:17:30.774+0000] {dag.py:3947} INFO - Setting next_dagrun for list_s3_bucket_files_dag to None, run_after=None
[2026-02-07T11:17:30.804+0000] {processor.py:183} INFO - Processing /home/cloud/codings/airflow/dags/list_s3_bucket_files_dag.py took 0.103 seconds
[2026-02-07T11:18:02.771+0000] {processor.py:161} INFO - Started process (PID=170146) to work on /home/cloud/codings/airflow/dags/list_s3_bucket_files_dag.py
[2026-02-07T11:18:02.773+0000] {processor.py:830} INFO - Processing file /home/cloud/codings/airflow/dags/list_s3_bucket_files_dag.py for tasks to queue
[2026-02-07T11:18:02.775+0000] {logging_mixin.py:188} INFO - [2026-02-07T11:18:02.774+0000] {dagbag.py:545} INFO - Filling up the DagBag from /home/cloud/codings/airflow/dags/list_s3_bucket_files_dag.py
[2026-02-07T11:18:02.787+0000] {processor.py:840} INFO - DAG(s) 'list_s3_bucket_files_dag' retrieved from /home/cloud/codings/airflow/dags/list_s3_bucket_files_dag.py
[2026-02-07T11:18:02.815+0000] {logging_mixin.py:188} INFO - [2026-02-07T11:18:02.815+0000] {dag.py:3089} INFO - Sync 1 DAGs
[2026-02-07T11:18:02.834+0000] {logging_mixin.py:188} INFO - [2026-02-07T11:18:02.834+0000] {dag.py:3947} INFO - Setting next_dagrun for list_s3_bucket_files_dag to None, run_after=None
[2026-02-07T11:18:02.863+0000] {processor.py:183} INFO - Processing /home/cloud/codings/airflow/dags/list_s3_bucket_files_dag.py took 0.100 seconds
[2026-02-07T11:18:33.460+0000] {processor.py:161} INFO - Started process (PID=170370) to work on /home/cloud/codings/airflow/dags/list_s3_bucket_files_dag.py
[2026-02-07T11:18:33.462+0000] {processor.py:830} INFO - Processing file /home/cloud/codings/airflow/dags/list_s3_bucket_files_dag.py for tasks to queue
[2026-02-07T11:18:33.464+0000] {logging_mixin.py:188} INFO - [2026-02-07T11:18:33.463+0000] {dagbag.py:545} INFO - Filling up the DagBag from /home/cloud/codings/airflow/dags/list_s3_bucket_files_dag.py
[2026-02-07T11:18:33.483+0000] {processor.py:840} INFO - DAG(s) 'list_s3_bucket_files_dag' retrieved from /home/cloud/codings/airflow/dags/list_s3_bucket_files_dag.py
[2026-02-07T11:18:33.518+0000] {logging_mixin.py:188} INFO - [2026-02-07T11:18:33.517+0000] {dag.py:3089} INFO - Sync 1 DAGs
[2026-02-07T11:18:33.542+0000] {logging_mixin.py:188} INFO - [2026-02-07T11:18:33.542+0000] {dag.py:3947} INFO - Setting next_dagrun for list_s3_bucket_files_dag to None, run_after=None
[2026-02-07T11:18:33.582+0000] {processor.py:183} INFO - Processing /home/cloud/codings/airflow/dags/list_s3_bucket_files_dag.py took 0.133 seconds
[2026-02-07T11:19:03.855+0000] {processor.py:161} INFO - Started process (PID=170488) to work on /home/cloud/codings/airflow/dags/list_s3_bucket_files_dag.py
[2026-02-07T11:19:03.862+0000] {processor.py:830} INFO - Processing file /home/cloud/codings/airflow/dags/list_s3_bucket_files_dag.py for tasks to queue
[2026-02-07T11:19:03.863+0000] {logging_mixin.py:188} INFO - [2026-02-07T11:19:03.863+0000] {dagbag.py:545} INFO - Filling up the DagBag from /home/cloud/codings/airflow/dags/list_s3_bucket_files_dag.py
[2026-02-07T11:19:03.884+0000] {processor.py:840} INFO - DAG(s) 'list_s3_bucket_files_dag' retrieved from /home/cloud/codings/airflow/dags/list_s3_bucket_files_dag.py
[2026-02-07T11:19:03.925+0000] {logging_mixin.py:188} INFO - [2026-02-07T11:19:03.925+0000] {dag.py:3089} INFO - Sync 1 DAGs
[2026-02-07T11:19:03.950+0000] {logging_mixin.py:188} INFO - [2026-02-07T11:19:03.949+0000] {dag.py:3947} INFO - Setting next_dagrun for list_s3_bucket_files_dag to None, run_after=None
[2026-02-07T11:19:03.987+0000] {processor.py:183} INFO - Processing /home/cloud/codings/airflow/dags/list_s3_bucket_files_dag.py took 0.145 seconds
[2026-02-07T11:19:34.404+0000] {processor.py:161} INFO - Started process (PID=170675) to work on /home/cloud/codings/airflow/dags/list_s3_bucket_files_dag.py
[2026-02-07T11:19:34.406+0000] {processor.py:830} INFO - Processing file /home/cloud/codings/airflow/dags/list_s3_bucket_files_dag.py for tasks to queue
[2026-02-07T11:19:34.408+0000] {logging_mixin.py:188} INFO - [2026-02-07T11:19:34.407+0000] {dagbag.py:545} INFO - Filling up the DagBag from /home/cloud/codings/airflow/dags/list_s3_bucket_files_dag.py
[2026-02-07T11:19:34.422+0000] {processor.py:840} INFO - DAG(s) 'list_s3_bucket_files_dag' retrieved from /home/cloud/codings/airflow/dags/list_s3_bucket_files_dag.py
[2026-02-07T11:19:34.451+0000] {logging_mixin.py:188} INFO - [2026-02-07T11:19:34.451+0000] {dag.py:3089} INFO - Sync 1 DAGs
[2026-02-07T11:19:34.470+0000] {logging_mixin.py:188} INFO - [2026-02-07T11:19:34.470+0000] {dag.py:3947} INFO - Setting next_dagrun for list_s3_bucket_files_dag to None, run_after=None
[2026-02-07T11:19:34.503+0000] {processor.py:183} INFO - Processing /home/cloud/codings/airflow/dags/list_s3_bucket_files_dag.py took 0.110 seconds
[2026-02-07T11:20:05.646+0000] {processor.py:161} INFO - Started process (PID=170885) to work on /home/cloud/codings/airflow/dags/list_s3_bucket_files_dag.py
[2026-02-07T11:20:05.655+0000] {processor.py:830} INFO - Processing file /home/cloud/codings/airflow/dags/list_s3_bucket_files_dag.py for tasks to queue
[2026-02-07T11:20:05.657+0000] {logging_mixin.py:188} INFO - [2026-02-07T11:20:05.656+0000] {dagbag.py:545} INFO - Filling up the DagBag from /home/cloud/codings/airflow/dags/list_s3_bucket_files_dag.py
[2026-02-07T11:20:05.680+0000] {processor.py:840} INFO - DAG(s) 'list_s3_bucket_files_dag' retrieved from /home/cloud/codings/airflow/dags/list_s3_bucket_files_dag.py
[2026-02-07T11:20:05.712+0000] {logging_mixin.py:188} INFO - [2026-02-07T11:20:05.712+0000] {dag.py:3089} INFO - Sync 1 DAGs
[2026-02-07T11:20:05.733+0000] {logging_mixin.py:188} INFO - [2026-02-07T11:20:05.733+0000] {dag.py:3947} INFO - Setting next_dagrun for list_s3_bucket_files_dag to None, run_after=None
[2026-02-07T11:20:05.763+0000] {processor.py:183} INFO - Processing /home/cloud/codings/airflow/dags/list_s3_bucket_files_dag.py took 0.148 seconds
[2026-02-07T11:20:36.763+0000] {processor.py:161} INFO - Started process (PID=171079) to work on /home/cloud/codings/airflow/dags/list_s3_bucket_files_dag.py
[2026-02-07T11:20:36.765+0000] {processor.py:830} INFO - Processing file /home/cloud/codings/airflow/dags/list_s3_bucket_files_dag.py for tasks to queue
[2026-02-07T11:20:36.766+0000] {logging_mixin.py:188} INFO - [2026-02-07T11:20:36.766+0000] {dagbag.py:545} INFO - Filling up the DagBag from /home/cloud/codings/airflow/dags/list_s3_bucket_files_dag.py
[2026-02-07T11:20:36.782+0000] {processor.py:840} INFO - DAG(s) 'list_s3_bucket_files_dag' retrieved from /home/cloud/codings/airflow/dags/list_s3_bucket_files_dag.py
[2026-02-07T11:20:36.812+0000] {logging_mixin.py:188} INFO - [2026-02-07T11:20:36.811+0000] {dag.py:3089} INFO - Sync 1 DAGs
[2026-02-07T11:20:36.834+0000] {logging_mixin.py:188} INFO - [2026-02-07T11:20:36.834+0000] {dag.py:3947} INFO - Setting next_dagrun for list_s3_bucket_files_dag to None, run_after=None
[2026-02-07T11:20:36.874+0000] {processor.py:183} INFO - Processing /home/cloud/codings/airflow/dags/list_s3_bucket_files_dag.py took 0.123 seconds
[2026-02-07T11:21:07.939+0000] {processor.py:161} INFO - Started process (PID=171218) to work on /home/cloud/codings/airflow/dags/list_s3_bucket_files_dag.py
[2026-02-07T11:21:07.942+0000] {processor.py:830} INFO - Processing file /home/cloud/codings/airflow/dags/list_s3_bucket_files_dag.py for tasks to queue
[2026-02-07T11:21:07.944+0000] {logging_mixin.py:188} INFO - [2026-02-07T11:21:07.943+0000] {dagbag.py:545} INFO - Filling up the DagBag from /home/cloud/codings/airflow/dags/list_s3_bucket_files_dag.py
[2026-02-07T11:21:07.964+0000] {processor.py:840} INFO - DAG(s) 'list_s3_bucket_files_dag' retrieved from /home/cloud/codings/airflow/dags/list_s3_bucket_files_dag.py
[2026-02-07T11:21:08.002+0000] {logging_mixin.py:188} INFO - [2026-02-07T11:21:08.001+0000] {dag.py:3089} INFO - Sync 1 DAGs
[2026-02-07T11:21:08.032+0000] {logging_mixin.py:188} INFO - [2026-02-07T11:21:08.031+0000] {dag.py:3947} INFO - Setting next_dagrun for list_s3_bucket_files_dag to None, run_after=None
[2026-02-07T11:21:08.090+0000] {processor.py:183} INFO - Processing /home/cloud/codings/airflow/dags/list_s3_bucket_files_dag.py took 0.163 seconds
[2026-02-07T11:21:38.433+0000] {processor.py:161} INFO - Started process (PID=171350) to work on /home/cloud/codings/airflow/dags/list_s3_bucket_files_dag.py
[2026-02-07T11:21:38.434+0000] {processor.py:830} INFO - Processing file /home/cloud/codings/airflow/dags/list_s3_bucket_files_dag.py for tasks to queue
[2026-02-07T11:21:38.436+0000] {logging_mixin.py:188} INFO - [2026-02-07T11:21:38.435+0000] {dagbag.py:545} INFO - Filling up the DagBag from /home/cloud/codings/airflow/dags/list_s3_bucket_files_dag.py
[2026-02-07T11:21:38.449+0000] {processor.py:840} INFO - DAG(s) 'list_s3_bucket_files_dag' retrieved from /home/cloud/codings/airflow/dags/list_s3_bucket_files_dag.py
[2026-02-07T11:21:38.476+0000] {logging_mixin.py:188} INFO - [2026-02-07T11:21:38.476+0000] {dag.py:3089} INFO - Sync 1 DAGs
[2026-02-07T11:21:38.496+0000] {logging_mixin.py:188} INFO - [2026-02-07T11:21:38.495+0000] {dag.py:3947} INFO - Setting next_dagrun for list_s3_bucket_files_dag to None, run_after=None
[2026-02-07T11:21:38.526+0000] {processor.py:183} INFO - Processing /home/cloud/codings/airflow/dags/list_s3_bucket_files_dag.py took 0.102 seconds
[2026-02-07T11:22:09.654+0000] {processor.py:161} INFO - Started process (PID=171519) to work on /home/cloud/codings/airflow/dags/list_s3_bucket_files_dag.py
[2026-02-07T11:22:09.656+0000] {processor.py:830} INFO - Processing file /home/cloud/codings/airflow/dags/list_s3_bucket_files_dag.py for tasks to queue
[2026-02-07T11:22:09.657+0000] {logging_mixin.py:188} INFO - [2026-02-07T11:22:09.657+0000] {dagbag.py:545} INFO - Filling up the DagBag from /home/cloud/codings/airflow/dags/list_s3_bucket_files_dag.py
[2026-02-07T11:22:09.677+0000] {processor.py:840} INFO - DAG(s) 'list_s3_bucket_files_dag' retrieved from /home/cloud/codings/airflow/dags/list_s3_bucket_files_dag.py
[2026-02-07T11:22:09.736+0000] {logging_mixin.py:188} INFO - [2026-02-07T11:22:09.736+0000] {dag.py:3089} INFO - Sync 1 DAGs
[2026-02-07T11:22:09.804+0000] {logging_mixin.py:188} INFO - [2026-02-07T11:22:09.804+0000] {dag.py:3947} INFO - Setting next_dagrun for list_s3_bucket_files_dag to None, run_after=None
[2026-02-07T11:22:09.880+0000] {processor.py:183} INFO - Processing /home/cloud/codings/airflow/dags/list_s3_bucket_files_dag.py took 0.239 seconds
[2026-02-07T11:22:40.323+0000] {processor.py:161} INFO - Started process (PID=171723) to work on /home/cloud/codings/airflow/dags/list_s3_bucket_files_dag.py
[2026-02-07T11:22:40.324+0000] {processor.py:830} INFO - Processing file /home/cloud/codings/airflow/dags/list_s3_bucket_files_dag.py for tasks to queue
[2026-02-07T11:22:40.325+0000] {logging_mixin.py:188} INFO - [2026-02-07T11:22:40.325+0000] {dagbag.py:545} INFO - Filling up the DagBag from /home/cloud/codings/airflow/dags/list_s3_bucket_files_dag.py
[2026-02-07T11:22:40.339+0000] {processor.py:840} INFO - DAG(s) 'list_s3_bucket_files_dag' retrieved from /home/cloud/codings/airflow/dags/list_s3_bucket_files_dag.py
[2026-02-07T11:22:40.368+0000] {logging_mixin.py:188} INFO - [2026-02-07T11:22:40.368+0000] {dag.py:3089} INFO - Sync 1 DAGs
[2026-02-07T11:22:40.398+0000] {logging_mixin.py:188} INFO - [2026-02-07T11:22:40.397+0000] {dag.py:3947} INFO - Setting next_dagrun for list_s3_bucket_files_dag to None, run_after=None
[2026-02-07T11:22:40.446+0000] {processor.py:183} INFO - Processing /home/cloud/codings/airflow/dags/list_s3_bucket_files_dag.py took 0.137 seconds
[2026-02-07T11:23:10.914+0000] {processor.py:161} INFO - Started process (PID=171873) to work on /home/cloud/codings/airflow/dags/list_s3_bucket_files_dag.py
[2026-02-07T11:23:10.917+0000] {processor.py:830} INFO - Processing file /home/cloud/codings/airflow/dags/list_s3_bucket_files_dag.py for tasks to queue
[2026-02-07T11:23:10.919+0000] {logging_mixin.py:188} INFO - [2026-02-07T11:23:10.918+0000] {dagbag.py:545} INFO - Filling up the DagBag from /home/cloud/codings/airflow/dags/list_s3_bucket_files_dag.py
[2026-02-07T11:23:10.944+0000] {processor.py:840} INFO - DAG(s) 'list_s3_bucket_files_dag' retrieved from /home/cloud/codings/airflow/dags/list_s3_bucket_files_dag.py
[2026-02-07T11:23:10.984+0000] {logging_mixin.py:188} INFO - [2026-02-07T11:23:10.984+0000] {dag.py:3089} INFO - Sync 1 DAGs
[2026-02-07T11:23:11.009+0000] {logging_mixin.py:188} INFO - [2026-02-07T11:23:11.009+0000] {dag.py:3947} INFO - Setting next_dagrun for list_s3_bucket_files_dag to None, run_after=None
[2026-02-07T11:23:11.047+0000] {processor.py:183} INFO - Processing /home/cloud/codings/airflow/dags/list_s3_bucket_files_dag.py took 0.144 seconds
[2026-02-07T11:23:42.110+0000] {processor.py:161} INFO - Started process (PID=171963) to work on /home/cloud/codings/airflow/dags/list_s3_bucket_files_dag.py
[2026-02-07T11:23:42.112+0000] {processor.py:830} INFO - Processing file /home/cloud/codings/airflow/dags/list_s3_bucket_files_dag.py for tasks to queue
[2026-02-07T11:23:42.115+0000] {logging_mixin.py:188} INFO - [2026-02-07T11:23:42.114+0000] {dagbag.py:545} INFO - Filling up the DagBag from /home/cloud/codings/airflow/dags/list_s3_bucket_files_dag.py
[2026-02-07T11:23:42.137+0000] {processor.py:840} INFO - DAG(s) 'list_s3_bucket_files_dag' retrieved from /home/cloud/codings/airflow/dags/list_s3_bucket_files_dag.py
[2026-02-07T11:23:42.235+0000] {logging_mixin.py:188} INFO - [2026-02-07T11:23:42.234+0000] {dag.py:3089} INFO - Sync 1 DAGs
[2026-02-07T11:23:42.286+0000] {logging_mixin.py:188} INFO - [2026-02-07T11:23:42.285+0000] {dag.py:3947} INFO - Setting next_dagrun for list_s3_bucket_files_dag to None, run_after=None
[2026-02-07T11:23:42.337+0000] {processor.py:183} INFO - Processing /home/cloud/codings/airflow/dags/list_s3_bucket_files_dag.py took 0.238 seconds
[2026-02-07T11:24:13.253+0000] {processor.py:161} INFO - Started process (PID=172208) to work on /home/cloud/codings/airflow/dags/list_s3_bucket_files_dag.py
[2026-02-07T11:24:13.256+0000] {processor.py:830} INFO - Processing file /home/cloud/codings/airflow/dags/list_s3_bucket_files_dag.py for tasks to queue
[2026-02-07T11:24:13.258+0000] {logging_mixin.py:188} INFO - [2026-02-07T11:24:13.257+0000] {dagbag.py:545} INFO - Filling up the DagBag from /home/cloud/codings/airflow/dags/list_s3_bucket_files_dag.py
[2026-02-07T11:24:13.305+0000] {processor.py:840} INFO - DAG(s) 'list_s3_bucket_files_dag' retrieved from /home/cloud/codings/airflow/dags/list_s3_bucket_files_dag.py
[2026-02-07T11:24:13.385+0000] {logging_mixin.py:188} INFO - [2026-02-07T11:24:13.385+0000] {dag.py:3089} INFO - Sync 1 DAGs
[2026-02-07T11:24:13.410+0000] {logging_mixin.py:188} INFO - [2026-02-07T11:24:13.410+0000] {dag.py:3947} INFO - Setting next_dagrun for list_s3_bucket_files_dag to None, run_after=None
[2026-02-07T11:24:13.449+0000] {processor.py:183} INFO - Processing /home/cloud/codings/airflow/dags/list_s3_bucket_files_dag.py took 0.209 seconds
[2026-02-07T11:24:44.417+0000] {processor.py:161} INFO - Started process (PID=172388) to work on /home/cloud/codings/airflow/dags/list_s3_bucket_files_dag.py
[2026-02-07T11:24:44.419+0000] {processor.py:830} INFO - Processing file /home/cloud/codings/airflow/dags/list_s3_bucket_files_dag.py for tasks to queue
[2026-02-07T11:24:44.421+0000] {logging_mixin.py:188} INFO - [2026-02-07T11:24:44.420+0000] {dagbag.py:545} INFO - Filling up the DagBag from /home/cloud/codings/airflow/dags/list_s3_bucket_files_dag.py
[2026-02-07T11:24:44.433+0000] {processor.py:840} INFO - DAG(s) 'list_s3_bucket_files_dag' retrieved from /home/cloud/codings/airflow/dags/list_s3_bucket_files_dag.py
[2026-02-07T11:24:44.463+0000] {logging_mixin.py:188} INFO - [2026-02-07T11:24:44.463+0000] {dag.py:3089} INFO - Sync 1 DAGs
[2026-02-07T11:24:44.486+0000] {logging_mixin.py:188} INFO - [2026-02-07T11:24:44.485+0000] {dag.py:3947} INFO - Setting next_dagrun for list_s3_bucket_files_dag to None, run_after=None
[2026-02-07T11:24:44.529+0000] {processor.py:183} INFO - Processing /home/cloud/codings/airflow/dags/list_s3_bucket_files_dag.py took 0.119 seconds
[2026-02-07T11:25:15.598+0000] {processor.py:161} INFO - Started process (PID=172599) to work on /home/cloud/codings/airflow/dags/list_s3_bucket_files_dag.py
[2026-02-07T11:25:15.600+0000] {processor.py:830} INFO - Processing file /home/cloud/codings/airflow/dags/list_s3_bucket_files_dag.py for tasks to queue
[2026-02-07T11:25:15.602+0000] {logging_mixin.py:188} INFO - [2026-02-07T11:25:15.601+0000] {dagbag.py:545} INFO - Filling up the DagBag from /home/cloud/codings/airflow/dags/list_s3_bucket_files_dag.py
[2026-02-07T11:25:15.622+0000] {processor.py:840} INFO - DAG(s) 'list_s3_bucket_files_dag' retrieved from /home/cloud/codings/airflow/dags/list_s3_bucket_files_dag.py
[2026-02-07T11:25:15.658+0000] {logging_mixin.py:188} INFO - [2026-02-07T11:25:15.657+0000] {dag.py:3089} INFO - Sync 1 DAGs
[2026-02-07T11:25:15.682+0000] {logging_mixin.py:188} INFO - [2026-02-07T11:25:15.681+0000] {dag.py:3947} INFO - Setting next_dagrun for list_s3_bucket_files_dag to None, run_after=None
[2026-02-07T11:25:15.719+0000] {processor.py:183} INFO - Processing /home/cloud/codings/airflow/dags/list_s3_bucket_files_dag.py took 0.134 seconds
[2026-02-07T11:25:45.980+0000] {processor.py:161} INFO - Started process (PID=172689) to work on /home/cloud/codings/airflow/dags/list_s3_bucket_files_dag.py
[2026-02-07T11:25:45.981+0000] {processor.py:830} INFO - Processing file /home/cloud/codings/airflow/dags/list_s3_bucket_files_dag.py for tasks to queue
[2026-02-07T11:25:45.982+0000] {logging_mixin.py:188} INFO - [2026-02-07T11:25:45.981+0000] {dagbag.py:545} INFO - Filling up the DagBag from /home/cloud/codings/airflow/dags/list_s3_bucket_files_dag.py
[2026-02-07T11:25:45.995+0000] {processor.py:840} INFO - DAG(s) 'list_s3_bucket_files_dag' retrieved from /home/cloud/codings/airflow/dags/list_s3_bucket_files_dag.py
[2026-02-07T11:25:46.022+0000] {logging_mixin.py:188} INFO - [2026-02-07T11:25:46.022+0000] {dag.py:3089} INFO - Sync 1 DAGs
[2026-02-07T11:25:46.042+0000] {logging_mixin.py:188} INFO - [2026-02-07T11:25:46.042+0000] {dag.py:3947} INFO - Setting next_dagrun for list_s3_bucket_files_dag to None, run_after=None
[2026-02-07T11:25:46.074+0000] {processor.py:183} INFO - Processing /home/cloud/codings/airflow/dags/list_s3_bucket_files_dag.py took 0.104 seconds
[2026-02-07T11:26:16.306+0000] {processor.py:161} INFO - Started process (PID=172877) to work on /home/cloud/codings/airflow/dags/list_s3_bucket_files_dag.py
[2026-02-07T11:26:16.307+0000] {processor.py:830} INFO - Processing file /home/cloud/codings/airflow/dags/list_s3_bucket_files_dag.py for tasks to queue
[2026-02-07T11:26:16.308+0000] {logging_mixin.py:188} INFO - [2026-02-07T11:26:16.308+0000] {dagbag.py:545} INFO - Filling up the DagBag from /home/cloud/codings/airflow/dags/list_s3_bucket_files_dag.py
[2026-02-07T11:26:16.319+0000] {processor.py:840} INFO - DAG(s) 'list_s3_bucket_files_dag' retrieved from /home/cloud/codings/airflow/dags/list_s3_bucket_files_dag.py
[2026-02-07T11:26:16.346+0000] {logging_mixin.py:188} INFO - [2026-02-07T11:26:16.345+0000] {dag.py:3089} INFO - Sync 1 DAGs
[2026-02-07T11:26:16.363+0000] {logging_mixin.py:188} INFO - [2026-02-07T11:26:16.363+0000] {dag.py:3947} INFO - Setting next_dagrun for list_s3_bucket_files_dag to None, run_after=None
[2026-02-07T11:26:16.391+0000] {processor.py:183} INFO - Processing /home/cloud/codings/airflow/dags/list_s3_bucket_files_dag.py took 0.093 seconds
[2026-02-07T11:26:46.863+0000] {processor.py:161} INFO - Started process (PID=173176) to work on /home/cloud/codings/airflow/dags/list_s3_bucket_files_dag.py
[2026-02-07T11:26:46.865+0000] {processor.py:830} INFO - Processing file /home/cloud/codings/airflow/dags/list_s3_bucket_files_dag.py for tasks to queue
[2026-02-07T11:26:46.866+0000] {logging_mixin.py:188} INFO - [2026-02-07T11:26:46.866+0000] {dagbag.py:545} INFO - Filling up the DagBag from /home/cloud/codings/airflow/dags/list_s3_bucket_files_dag.py
[2026-02-07T11:26:46.885+0000] {processor.py:840} INFO - DAG(s) 'list_s3_bucket_files_dag' retrieved from /home/cloud/codings/airflow/dags/list_s3_bucket_files_dag.py
[2026-02-07T11:26:46.924+0000] {logging_mixin.py:188} INFO - [2026-02-07T11:26:46.923+0000] {dag.py:3089} INFO - Sync 1 DAGs
[2026-02-07T11:26:46.945+0000] {logging_mixin.py:188} INFO - [2026-02-07T11:26:46.945+0000] {dag.py:3947} INFO - Setting next_dagrun for list_s3_bucket_files_dag to None, run_after=None
[2026-02-07T11:26:46.976+0000] {processor.py:183} INFO - Processing /home/cloud/codings/airflow/dags/list_s3_bucket_files_dag.py took 0.127 seconds
[2026-02-07T11:27:17.099+0000] {processor.py:161} INFO - Started process (PID=173290) to work on /home/cloud/codings/airflow/dags/list_s3_bucket_files_dag.py
[2026-02-07T11:27:17.100+0000] {processor.py:830} INFO - Processing file /home/cloud/codings/airflow/dags/list_s3_bucket_files_dag.py for tasks to queue
[2026-02-07T11:27:17.102+0000] {logging_mixin.py:188} INFO - [2026-02-07T11:27:17.101+0000] {dagbag.py:545} INFO - Filling up the DagBag from /home/cloud/codings/airflow/dags/list_s3_bucket_files_dag.py
[2026-02-07T11:27:17.115+0000] {processor.py:840} INFO - DAG(s) 'list_s3_bucket_files_dag' retrieved from /home/cloud/codings/airflow/dags/list_s3_bucket_files_dag.py
[2026-02-07T11:27:17.138+0000] {logging_mixin.py:188} INFO - [2026-02-07T11:27:17.138+0000] {dag.py:3089} INFO - Sync 1 DAGs
[2026-02-07T11:27:17.154+0000] {logging_mixin.py:188} INFO - [2026-02-07T11:27:17.153+0000] {dag.py:3947} INFO - Setting next_dagrun for list_s3_bucket_files_dag to None, run_after=None
[2026-02-07T11:27:17.184+0000] {processor.py:183} INFO - Processing /home/cloud/codings/airflow/dags/list_s3_bucket_files_dag.py took 0.093 seconds
[2026-02-07T11:27:47.283+0000] {processor.py:161} INFO - Started process (PID=173356) to work on /home/cloud/codings/airflow/dags/list_s3_bucket_files_dag.py
[2026-02-07T11:27:47.285+0000] {processor.py:830} INFO - Processing file /home/cloud/codings/airflow/dags/list_s3_bucket_files_dag.py for tasks to queue
[2026-02-07T11:27:47.286+0000] {logging_mixin.py:188} INFO - [2026-02-07T11:27:47.286+0000] {dagbag.py:545} INFO - Filling up the DagBag from /home/cloud/codings/airflow/dags/list_s3_bucket_files_dag.py
[2026-02-07T11:27:47.300+0000] {processor.py:840} INFO - DAG(s) 'list_s3_bucket_files_dag' retrieved from /home/cloud/codings/airflow/dags/list_s3_bucket_files_dag.py
[2026-02-07T11:27:47.328+0000] {logging_mixin.py:188} INFO - [2026-02-07T11:27:47.327+0000] {dag.py:3089} INFO - Sync 1 DAGs
[2026-02-07T11:27:47.345+0000] {logging_mixin.py:188} INFO - [2026-02-07T11:27:47.345+0000] {dag.py:3947} INFO - Setting next_dagrun for list_s3_bucket_files_dag to None, run_after=None
[2026-02-07T11:27:47.373+0000] {processor.py:183} INFO - Processing /home/cloud/codings/airflow/dags/list_s3_bucket_files_dag.py took 0.099 seconds
[2026-02-07T11:28:17.707+0000] {processor.py:161} INFO - Started process (PID=173422) to work on /home/cloud/codings/airflow/dags/list_s3_bucket_files_dag.py
[2026-02-07T11:28:17.709+0000] {processor.py:830} INFO - Processing file /home/cloud/codings/airflow/dags/list_s3_bucket_files_dag.py for tasks to queue
[2026-02-07T11:28:17.710+0000] {logging_mixin.py:188} INFO - [2026-02-07T11:28:17.709+0000] {dagbag.py:545} INFO - Filling up the DagBag from /home/cloud/codings/airflow/dags/list_s3_bucket_files_dag.py
[2026-02-07T11:28:17.724+0000] {processor.py:840} INFO - DAG(s) 'list_s3_bucket_files_dag' retrieved from /home/cloud/codings/airflow/dags/list_s3_bucket_files_dag.py
[2026-02-07T11:28:17.748+0000] {logging_mixin.py:188} INFO - [2026-02-07T11:28:17.748+0000] {dag.py:3089} INFO - Sync 1 DAGs
[2026-02-07T11:28:17.764+0000] {logging_mixin.py:188} INFO - [2026-02-07T11:28:17.763+0000] {dag.py:3947} INFO - Setting next_dagrun for list_s3_bucket_files_dag to None, run_after=None
[2026-02-07T11:28:17.791+0000] {processor.py:183} INFO - Processing /home/cloud/codings/airflow/dags/list_s3_bucket_files_dag.py took 0.091 seconds
[2026-02-07T11:28:48.141+0000] {processor.py:161} INFO - Started process (PID=173597) to work on /home/cloud/codings/airflow/dags/list_s3_bucket_files_dag.py
[2026-02-07T11:28:48.146+0000] {processor.py:830} INFO - Processing file /home/cloud/codings/airflow/dags/list_s3_bucket_files_dag.py for tasks to queue
[2026-02-07T11:28:48.148+0000] {logging_mixin.py:188} INFO - [2026-02-07T11:28:48.147+0000] {dagbag.py:545} INFO - Filling up the DagBag from /home/cloud/codings/airflow/dags/list_s3_bucket_files_dag.py
[2026-02-07T11:28:48.167+0000] {processor.py:840} INFO - DAG(s) 'list_s3_bucket_files_dag' retrieved from /home/cloud/codings/airflow/dags/list_s3_bucket_files_dag.py
[2026-02-07T11:28:48.200+0000] {logging_mixin.py:188} INFO - [2026-02-07T11:28:48.200+0000] {dag.py:3089} INFO - Sync 1 DAGs
[2026-02-07T11:28:48.223+0000] {logging_mixin.py:188} INFO - [2026-02-07T11:28:48.223+0000] {dag.py:3947} INFO - Setting next_dagrun for list_s3_bucket_files_dag to None, run_after=None
[2026-02-07T11:28:48.265+0000] {processor.py:183} INFO - Processing /home/cloud/codings/airflow/dags/list_s3_bucket_files_dag.py took 0.134 seconds
[2026-02-07T11:29:18.599+0000] {processor.py:161} INFO - Started process (PID=173819) to work on /home/cloud/codings/airflow/dags/list_s3_bucket_files_dag.py
[2026-02-07T11:29:18.600+0000] {processor.py:830} INFO - Processing file /home/cloud/codings/airflow/dags/list_s3_bucket_files_dag.py for tasks to queue
[2026-02-07T11:29:18.601+0000] {logging_mixin.py:188} INFO - [2026-02-07T11:29:18.600+0000] {dagbag.py:545} INFO - Filling up the DagBag from /home/cloud/codings/airflow/dags/list_s3_bucket_files_dag.py
[2026-02-07T11:29:18.612+0000] {processor.py:840} INFO - DAG(s) 'list_s3_bucket_files_dag' retrieved from /home/cloud/codings/airflow/dags/list_s3_bucket_files_dag.py
[2026-02-07T11:29:18.634+0000] {logging_mixin.py:188} INFO - [2026-02-07T11:29:18.634+0000] {dag.py:3089} INFO - Sync 1 DAGs
[2026-02-07T11:29:18.650+0000] {logging_mixin.py:188} INFO - [2026-02-07T11:29:18.650+0000] {dag.py:3947} INFO - Setting next_dagrun for list_s3_bucket_files_dag to None, run_after=None
[2026-02-07T11:29:18.676+0000] {processor.py:183} INFO - Processing /home/cloud/codings/airflow/dags/list_s3_bucket_files_dag.py took 0.084 seconds
[2026-02-07T11:29:48.715+0000] {processor.py:161} INFO - Started process (PID=173976) to work on /home/cloud/codings/airflow/dags/list_s3_bucket_files_dag.py
[2026-02-07T11:29:48.720+0000] {processor.py:830} INFO - Processing file /home/cloud/codings/airflow/dags/list_s3_bucket_files_dag.py for tasks to queue
[2026-02-07T11:29:48.722+0000] {logging_mixin.py:188} INFO - [2026-02-07T11:29:48.721+0000] {dagbag.py:545} INFO - Filling up the DagBag from /home/cloud/codings/airflow/dags/list_s3_bucket_files_dag.py
[2026-02-07T11:29:48.737+0000] {processor.py:840} INFO - DAG(s) 'list_s3_bucket_files_dag' retrieved from /home/cloud/codings/airflow/dags/list_s3_bucket_files_dag.py
[2026-02-07T11:29:48.765+0000] {logging_mixin.py:188} INFO - [2026-02-07T11:29:48.765+0000] {dag.py:3089} INFO - Sync 1 DAGs
[2026-02-07T11:29:48.785+0000] {logging_mixin.py:188} INFO - [2026-02-07T11:29:48.784+0000] {dag.py:3947} INFO - Setting next_dagrun for list_s3_bucket_files_dag to None, run_after=None
[2026-02-07T11:29:48.811+0000] {processor.py:183} INFO - Processing /home/cloud/codings/airflow/dags/list_s3_bucket_files_dag.py took 0.106 seconds
[2026-02-07T11:30:19.007+0000] {processor.py:161} INFO - Started process (PID=174042) to work on /home/cloud/codings/airflow/dags/list_s3_bucket_files_dag.py
[2026-02-07T11:30:19.009+0000] {processor.py:830} INFO - Processing file /home/cloud/codings/airflow/dags/list_s3_bucket_files_dag.py for tasks to queue
[2026-02-07T11:30:19.010+0000] {logging_mixin.py:188} INFO - [2026-02-07T11:30:19.010+0000] {dagbag.py:545} INFO - Filling up the DagBag from /home/cloud/codings/airflow/dags/list_s3_bucket_files_dag.py
[2026-02-07T11:30:19.026+0000] {processor.py:840} INFO - DAG(s) 'list_s3_bucket_files_dag' retrieved from /home/cloud/codings/airflow/dags/list_s3_bucket_files_dag.py
[2026-02-07T11:30:19.050+0000] {logging_mixin.py:188} INFO - [2026-02-07T11:30:19.049+0000] {dag.py:3089} INFO - Sync 1 DAGs
[2026-02-07T11:30:19.067+0000] {logging_mixin.py:188} INFO - [2026-02-07T11:30:19.066+0000] {dag.py:3947} INFO - Setting next_dagrun for list_s3_bucket_files_dag to None, run_after=None
[2026-02-07T11:30:19.099+0000] {processor.py:183} INFO - Processing /home/cloud/codings/airflow/dags/list_s3_bucket_files_dag.py took 0.101 seconds
[2026-02-07T11:30:49.516+0000] {processor.py:161} INFO - Started process (PID=174108) to work on /home/cloud/codings/airflow/dags/list_s3_bucket_files_dag.py
[2026-02-07T11:30:49.517+0000] {processor.py:830} INFO - Processing file /home/cloud/codings/airflow/dags/list_s3_bucket_files_dag.py for tasks to queue
[2026-02-07T11:30:49.518+0000] {logging_mixin.py:188} INFO - [2026-02-07T11:30:49.517+0000] {dagbag.py:545} INFO - Filling up the DagBag from /home/cloud/codings/airflow/dags/list_s3_bucket_files_dag.py
[2026-02-07T11:30:49.529+0000] {processor.py:840} INFO - DAG(s) 'list_s3_bucket_files_dag' retrieved from /home/cloud/codings/airflow/dags/list_s3_bucket_files_dag.py
[2026-02-07T11:30:49.549+0000] {logging_mixin.py:188} INFO - [2026-02-07T11:30:49.549+0000] {dag.py:3089} INFO - Sync 1 DAGs
[2026-02-07T11:30:49.564+0000] {logging_mixin.py:188} INFO - [2026-02-07T11:30:49.564+0000] {dag.py:3947} INFO - Setting next_dagrun for list_s3_bucket_files_dag to None, run_after=None
[2026-02-07T11:30:49.589+0000] {processor.py:183} INFO - Processing /home/cloud/codings/airflow/dags/list_s3_bucket_files_dag.py took 0.079 seconds
[2026-02-07T11:31:19.868+0000] {processor.py:161} INFO - Started process (PID=174180) to work on /home/cloud/codings/airflow/dags/list_s3_bucket_files_dag.py
[2026-02-07T11:31:19.869+0000] {processor.py:830} INFO - Processing file /home/cloud/codings/airflow/dags/list_s3_bucket_files_dag.py for tasks to queue
[2026-02-07T11:31:19.871+0000] {logging_mixin.py:188} INFO - [2026-02-07T11:31:19.870+0000] {dagbag.py:545} INFO - Filling up the DagBag from /home/cloud/codings/airflow/dags/list_s3_bucket_files_dag.py
[2026-02-07T11:31:19.883+0000] {processor.py:840} INFO - DAG(s) 'list_s3_bucket_files_dag' retrieved from /home/cloud/codings/airflow/dags/list_s3_bucket_files_dag.py
[2026-02-07T11:31:19.910+0000] {logging_mixin.py:188} INFO - [2026-02-07T11:31:19.910+0000] {dag.py:3089} INFO - Sync 1 DAGs
[2026-02-07T11:31:19.927+0000] {logging_mixin.py:188} INFO - [2026-02-07T11:31:19.926+0000] {dag.py:3947} INFO - Setting next_dagrun for list_s3_bucket_files_dag to None, run_after=None
[2026-02-07T11:31:19.954+0000] {processor.py:183} INFO - Processing /home/cloud/codings/airflow/dags/list_s3_bucket_files_dag.py took 0.094 seconds
[2026-02-07T11:31:50.231+0000] {processor.py:161} INFO - Started process (PID=174262) to work on /home/cloud/codings/airflow/dags/list_s3_bucket_files_dag.py
[2026-02-07T11:31:50.232+0000] {processor.py:830} INFO - Processing file /home/cloud/codings/airflow/dags/list_s3_bucket_files_dag.py for tasks to queue
[2026-02-07T11:31:50.234+0000] {logging_mixin.py:188} INFO - [2026-02-07T11:31:50.233+0000] {dagbag.py:545} INFO - Filling up the DagBag from /home/cloud/codings/airflow/dags/list_s3_bucket_files_dag.py
[2026-02-07T11:31:50.248+0000] {processor.py:840} INFO - DAG(s) 'list_s3_bucket_files_dag' retrieved from /home/cloud/codings/airflow/dags/list_s3_bucket_files_dag.py
[2026-02-07T11:31:50.276+0000] {logging_mixin.py:188} INFO - [2026-02-07T11:31:50.276+0000] {dag.py:3089} INFO - Sync 1 DAGs
[2026-02-07T11:31:50.294+0000] {logging_mixin.py:188} INFO - [2026-02-07T11:31:50.293+0000] {dag.py:3947} INFO - Setting next_dagrun for list_s3_bucket_files_dag to None, run_after=None
[2026-02-07T11:31:50.327+0000] {processor.py:183} INFO - Processing /home/cloud/codings/airflow/dags/list_s3_bucket_files_dag.py took 0.106 seconds
[2026-02-07T11:32:20.555+0000] {processor.py:161} INFO - Started process (PID=174424) to work on /home/cloud/codings/airflow/dags/list_s3_bucket_files_dag.py
[2026-02-07T11:32:20.557+0000] {processor.py:830} INFO - Processing file /home/cloud/codings/airflow/dags/list_s3_bucket_files_dag.py for tasks to queue
[2026-02-07T11:32:20.558+0000] {logging_mixin.py:188} INFO - [2026-02-07T11:32:20.558+0000] {dagbag.py:545} INFO - Filling up the DagBag from /home/cloud/codings/airflow/dags/list_s3_bucket_files_dag.py
[2026-02-07T11:32:20.573+0000] {processor.py:840} INFO - DAG(s) 'list_s3_bucket_files_dag' retrieved from /home/cloud/codings/airflow/dags/list_s3_bucket_files_dag.py
[2026-02-07T11:32:20.599+0000] {logging_mixin.py:188} INFO - [2026-02-07T11:32:20.599+0000] {dag.py:3089} INFO - Sync 1 DAGs
[2026-02-07T11:32:20.615+0000] {logging_mixin.py:188} INFO - [2026-02-07T11:32:20.615+0000] {dag.py:3947} INFO - Setting next_dagrun for list_s3_bucket_files_dag to None, run_after=None
[2026-02-07T11:32:20.642+0000] {processor.py:183} INFO - Processing /home/cloud/codings/airflow/dags/list_s3_bucket_files_dag.py took 0.096 seconds
[2026-02-07T11:32:51.131+0000] {processor.py:161} INFO - Started process (PID=174490) to work on /home/cloud/codings/airflow/dags/list_s3_bucket_files_dag.py
[2026-02-07T11:32:51.132+0000] {processor.py:830} INFO - Processing file /home/cloud/codings/airflow/dags/list_s3_bucket_files_dag.py for tasks to queue
[2026-02-07T11:32:51.133+0000] {logging_mixin.py:188} INFO - [2026-02-07T11:32:51.133+0000] {dagbag.py:545} INFO - Filling up the DagBag from /home/cloud/codings/airflow/dags/list_s3_bucket_files_dag.py
[2026-02-07T11:32:51.145+0000] {processor.py:840} INFO - DAG(s) 'list_s3_bucket_files_dag' retrieved from /home/cloud/codings/airflow/dags/list_s3_bucket_files_dag.py
[2026-02-07T11:32:51.168+0000] {logging_mixin.py:188} INFO - [2026-02-07T11:32:51.168+0000] {dag.py:3089} INFO - Sync 1 DAGs
[2026-02-07T11:32:51.184+0000] {logging_mixin.py:188} INFO - [2026-02-07T11:32:51.184+0000] {dag.py:3947} INFO - Setting next_dagrun for list_s3_bucket_files_dag to None, run_after=None
[2026-02-07T11:32:51.213+0000] {processor.py:183} INFO - Processing /home/cloud/codings/airflow/dags/list_s3_bucket_files_dag.py took 0.089 seconds
[2026-02-07T11:33:21.545+0000] {processor.py:161} INFO - Started process (PID=174677) to work on /home/cloud/codings/airflow/dags/list_s3_bucket_files_dag.py
[2026-02-07T11:33:21.547+0000] {processor.py:830} INFO - Processing file /home/cloud/codings/airflow/dags/list_s3_bucket_files_dag.py for tasks to queue
[2026-02-07T11:33:21.548+0000] {logging_mixin.py:188} INFO - [2026-02-07T11:33:21.547+0000] {dagbag.py:545} INFO - Filling up the DagBag from /home/cloud/codings/airflow/dags/list_s3_bucket_files_dag.py
[2026-02-07T11:33:21.561+0000] {processor.py:840} INFO - DAG(s) 'list_s3_bucket_files_dag' retrieved from /home/cloud/codings/airflow/dags/list_s3_bucket_files_dag.py
[2026-02-07T11:33:21.585+0000] {logging_mixin.py:188} INFO - [2026-02-07T11:33:21.584+0000] {dag.py:3089} INFO - Sync 1 DAGs
[2026-02-07T11:33:21.601+0000] {logging_mixin.py:188} INFO - [2026-02-07T11:33:21.601+0000] {dag.py:3947} INFO - Setting next_dagrun for list_s3_bucket_files_dag to None, run_after=None
[2026-02-07T11:33:21.631+0000] {processor.py:183} INFO - Processing /home/cloud/codings/airflow/dags/list_s3_bucket_files_dag.py took 0.095 seconds
[2026-02-07T11:33:52.143+0000] {processor.py:161} INFO - Started process (PID=174864) to work on /home/cloud/codings/airflow/dags/list_s3_bucket_files_dag.py
[2026-02-07T11:33:52.145+0000] {processor.py:830} INFO - Processing file /home/cloud/codings/airflow/dags/list_s3_bucket_files_dag.py for tasks to queue
[2026-02-07T11:33:52.146+0000] {logging_mixin.py:188} INFO - [2026-02-07T11:33:52.146+0000] {dagbag.py:545} INFO - Filling up the DagBag from /home/cloud/codings/airflow/dags/list_s3_bucket_files_dag.py
[2026-02-07T11:33:52.164+0000] {processor.py:840} INFO - DAG(s) 'list_s3_bucket_files_dag' retrieved from /home/cloud/codings/airflow/dags/list_s3_bucket_files_dag.py
[2026-02-07T11:33:52.196+0000] {logging_mixin.py:188} INFO - [2026-02-07T11:33:52.196+0000] {dag.py:3089} INFO - Sync 1 DAGs
[2026-02-07T11:33:52.215+0000] {logging_mixin.py:188} INFO - [2026-02-07T11:33:52.215+0000] {dag.py:3947} INFO - Setting next_dagrun for list_s3_bucket_files_dag to None, run_after=None
[2026-02-07T11:33:52.245+0000] {processor.py:183} INFO - Processing /home/cloud/codings/airflow/dags/list_s3_bucket_files_dag.py took 0.113 seconds
[2026-02-07T11:34:22.610+0000] {processor.py:161} INFO - Started process (PID=175026) to work on /home/cloud/codings/airflow/dags/list_s3_bucket_files_dag.py
[2026-02-07T11:34:22.615+0000] {processor.py:830} INFO - Processing file /home/cloud/codings/airflow/dags/list_s3_bucket_files_dag.py for tasks to queue
[2026-02-07T11:34:22.617+0000] {logging_mixin.py:188} INFO - [2026-02-07T11:34:22.616+0000] {dagbag.py:545} INFO - Filling up the DagBag from /home/cloud/codings/airflow/dags/list_s3_bucket_files_dag.py
[2026-02-07T11:34:22.632+0000] {processor.py:840} INFO - DAG(s) 'list_s3_bucket_files_dag' retrieved from /home/cloud/codings/airflow/dags/list_s3_bucket_files_dag.py
[2026-02-07T11:34:22.660+0000] {logging_mixin.py:188} INFO - [2026-02-07T11:34:22.660+0000] {dag.py:3089} INFO - Sync 1 DAGs
[2026-02-07T11:34:22.677+0000] {logging_mixin.py:188} INFO - [2026-02-07T11:34:22.676+0000] {dag.py:3947} INFO - Setting next_dagrun for list_s3_bucket_files_dag to None, run_after=None
[2026-02-07T11:34:22.704+0000] {processor.py:183} INFO - Processing /home/cloud/codings/airflow/dags/list_s3_bucket_files_dag.py took 0.103 seconds
[2026-02-07T11:34:53.140+0000] {processor.py:161} INFO - Started process (PID=175189) to work on /home/cloud/codings/airflow/dags/list_s3_bucket_files_dag.py
[2026-02-07T11:34:53.142+0000] {processor.py:830} INFO - Processing file /home/cloud/codings/airflow/dags/list_s3_bucket_files_dag.py for tasks to queue
[2026-02-07T11:34:53.143+0000] {logging_mixin.py:188} INFO - [2026-02-07T11:34:53.143+0000] {dagbag.py:545} INFO - Filling up the DagBag from /home/cloud/codings/airflow/dags/list_s3_bucket_files_dag.py
[2026-02-07T11:34:53.158+0000] {processor.py:840} INFO - DAG(s) 'list_s3_bucket_files_dag' retrieved from /home/cloud/codings/airflow/dags/list_s3_bucket_files_dag.py
[2026-02-07T11:34:53.189+0000] {logging_mixin.py:188} INFO - [2026-02-07T11:34:53.189+0000] {dag.py:3089} INFO - Sync 1 DAGs
[2026-02-07T11:34:53.208+0000] {logging_mixin.py:188} INFO - [2026-02-07T11:34:53.208+0000] {dag.py:3947} INFO - Setting next_dagrun for list_s3_bucket_files_dag to None, run_after=None
[2026-02-07T11:34:53.236+0000] {processor.py:183} INFO - Processing /home/cloud/codings/airflow/dags/list_s3_bucket_files_dag.py took 0.104 seconds
[2026-02-07T11:35:23.515+0000] {processor.py:161} INFO - Started process (PID=175328) to work on /home/cloud/codings/airflow/dags/list_s3_bucket_files_dag.py
[2026-02-07T11:35:23.517+0000] {processor.py:830} INFO - Processing file /home/cloud/codings/airflow/dags/list_s3_bucket_files_dag.py for tasks to queue
[2026-02-07T11:35:23.518+0000] {logging_mixin.py:188} INFO - [2026-02-07T11:35:23.517+0000] {dagbag.py:545} INFO - Filling up the DagBag from /home/cloud/codings/airflow/dags/list_s3_bucket_files_dag.py
[2026-02-07T11:35:23.529+0000] {processor.py:840} INFO - DAG(s) 'list_s3_bucket_files_dag' retrieved from /home/cloud/codings/airflow/dags/list_s3_bucket_files_dag.py
[2026-02-07T11:35:23.552+0000] {logging_mixin.py:188} INFO - [2026-02-07T11:35:23.552+0000] {dag.py:3089} INFO - Sync 1 DAGs
[2026-02-07T11:35:23.568+0000] {logging_mixin.py:188} INFO - [2026-02-07T11:35:23.568+0000] {dag.py:3947} INFO - Setting next_dagrun for list_s3_bucket_files_dag to None, run_after=None
[2026-02-07T11:35:23.593+0000] {processor.py:183} INFO - Processing /home/cloud/codings/airflow/dags/list_s3_bucket_files_dag.py took 0.086 seconds
[2026-02-07T11:35:53.667+0000] {processor.py:161} INFO - Started process (PID=175611) to work on /home/cloud/codings/airflow/dags/list_s3_bucket_files_dag.py
[2026-02-07T11:35:53.669+0000] {processor.py:830} INFO - Processing file /home/cloud/codings/airflow/dags/list_s3_bucket_files_dag.py for tasks to queue
[2026-02-07T11:35:53.670+0000] {logging_mixin.py:188} INFO - [2026-02-07T11:35:53.670+0000] {dagbag.py:545} INFO - Filling up the DagBag from /home/cloud/codings/airflow/dags/list_s3_bucket_files_dag.py
[2026-02-07T11:35:53.686+0000] {processor.py:840} INFO - DAG(s) 'list_s3_bucket_files_dag' retrieved from /home/cloud/codings/airflow/dags/list_s3_bucket_files_dag.py
[2026-02-07T11:35:53.718+0000] {logging_mixin.py:188} INFO - [2026-02-07T11:35:53.717+0000] {dag.py:3089} INFO - Sync 1 DAGs
[2026-02-07T11:35:53.739+0000] {logging_mixin.py:188} INFO - [2026-02-07T11:35:53.739+0000] {dag.py:3947} INFO - Setting next_dagrun for list_s3_bucket_files_dag to None, run_after=None
[2026-02-07T11:35:53.774+0000] {processor.py:183} INFO - Processing /home/cloud/codings/airflow/dags/list_s3_bucket_files_dag.py took 0.117 seconds
[2026-02-07T11:36:24.583+0000] {processor.py:161} INFO - Started process (PID=175833) to work on /home/cloud/codings/airflow/dags/list_s3_bucket_files_dag.py
[2026-02-07T11:36:24.585+0000] {processor.py:830} INFO - Processing file /home/cloud/codings/airflow/dags/list_s3_bucket_files_dag.py for tasks to queue
[2026-02-07T11:36:24.586+0000] {logging_mixin.py:188} INFO - [2026-02-07T11:36:24.585+0000] {dagbag.py:545} INFO - Filling up the DagBag from /home/cloud/codings/airflow/dags/list_s3_bucket_files_dag.py
[2026-02-07T11:36:24.602+0000] {processor.py:840} INFO - DAG(s) 'list_s3_bucket_files_dag' retrieved from /home/cloud/codings/airflow/dags/list_s3_bucket_files_dag.py
[2026-02-07T11:36:24.631+0000] {logging_mixin.py:188} INFO - [2026-02-07T11:36:24.631+0000] {dag.py:3089} INFO - Sync 1 DAGs
[2026-02-07T11:36:24.649+0000] {logging_mixin.py:188} INFO - [2026-02-07T11:36:24.649+0000] {dag.py:3947} INFO - Setting next_dagrun for list_s3_bucket_files_dag to None, run_after=None
[2026-02-07T11:36:24.677+0000] {processor.py:183} INFO - Processing /home/cloud/codings/airflow/dags/list_s3_bucket_files_dag.py took 0.100 seconds
[2026-02-07T11:36:55.059+0000] {processor.py:161} INFO - Started process (PID=176019) to work on /home/cloud/codings/airflow/dags/list_s3_bucket_files_dag.py
[2026-02-07T11:36:55.061+0000] {processor.py:830} INFO - Processing file /home/cloud/codings/airflow/dags/list_s3_bucket_files_dag.py for tasks to queue
[2026-02-07T11:36:55.063+0000] {logging_mixin.py:188} INFO - [2026-02-07T11:36:55.062+0000] {dagbag.py:545} INFO - Filling up the DagBag from /home/cloud/codings/airflow/dags/list_s3_bucket_files_dag.py
[2026-02-07T11:36:55.082+0000] {processor.py:840} INFO - DAG(s) 'list_s3_bucket_files_dag' retrieved from /home/cloud/codings/airflow/dags/list_s3_bucket_files_dag.py
[2026-02-07T11:36:55.134+0000] {logging_mixin.py:188} INFO - [2026-02-07T11:36:55.133+0000] {dag.py:3089} INFO - Sync 1 DAGs
[2026-02-07T11:36:55.161+0000] {logging_mixin.py:188} INFO - [2026-02-07T11:36:55.160+0000] {dag.py:3947} INFO - Setting next_dagrun for list_s3_bucket_files_dag to None, run_after=None
[2026-02-07T11:36:55.191+0000] {processor.py:183} INFO - Processing /home/cloud/codings/airflow/dags/list_s3_bucket_files_dag.py took 0.150 seconds
[2026-02-07T11:37:25.531+0000] {processor.py:161} INFO - Started process (PID=176230) to work on /home/cloud/codings/airflow/dags/list_s3_bucket_files_dag.py
[2026-02-07T11:37:25.532+0000] {processor.py:830} INFO - Processing file /home/cloud/codings/airflow/dags/list_s3_bucket_files_dag.py for tasks to queue
[2026-02-07T11:37:25.533+0000] {logging_mixin.py:188} INFO - [2026-02-07T11:37:25.533+0000] {dagbag.py:545} INFO - Filling up the DagBag from /home/cloud/codings/airflow/dags/list_s3_bucket_files_dag.py
[2026-02-07T11:37:25.545+0000] {processor.py:840} INFO - DAG(s) 'list_s3_bucket_files_dag' retrieved from /home/cloud/codings/airflow/dags/list_s3_bucket_files_dag.py
[2026-02-07T11:37:25.569+0000] {logging_mixin.py:188} INFO - [2026-02-07T11:37:25.568+0000] {dag.py:3089} INFO - Sync 1 DAGs
[2026-02-07T11:37:25.585+0000] {logging_mixin.py:188} INFO - [2026-02-07T11:37:25.585+0000] {dag.py:3947} INFO - Setting next_dagrun for list_s3_bucket_files_dag to None, run_after=None
[2026-02-07T11:37:25.617+0000] {processor.py:183} INFO - Processing /home/cloud/codings/airflow/dags/list_s3_bucket_files_dag.py took 0.093 seconds
[2026-02-07T11:37:55.900+0000] {processor.py:161} INFO - Started process (PID=176440) to work on /home/cloud/codings/airflow/dags/list_s3_bucket_files_dag.py
[2026-02-07T11:37:55.901+0000] {processor.py:830} INFO - Processing file /home/cloud/codings/airflow/dags/list_s3_bucket_files_dag.py for tasks to queue
[2026-02-07T11:37:55.902+0000] {logging_mixin.py:188} INFO - [2026-02-07T11:37:55.902+0000] {dagbag.py:545} INFO - Filling up the DagBag from /home/cloud/codings/airflow/dags/list_s3_bucket_files_dag.py
[2026-02-07T11:37:55.914+0000] {processor.py:840} INFO - DAG(s) 'list_s3_bucket_files_dag' retrieved from /home/cloud/codings/airflow/dags/list_s3_bucket_files_dag.py
[2026-02-07T11:37:55.939+0000] {logging_mixin.py:188} INFO - [2026-02-07T11:37:55.939+0000] {dag.py:3089} INFO - Sync 1 DAGs
[2026-02-07T11:37:55.954+0000] {logging_mixin.py:188} INFO - [2026-02-07T11:37:55.954+0000] {dag.py:3947} INFO - Setting next_dagrun for list_s3_bucket_files_dag to None, run_after=None
[2026-02-07T11:37:55.978+0000] {processor.py:183} INFO - Processing /home/cloud/codings/airflow/dags/list_s3_bucket_files_dag.py took 0.086 seconds
[2026-02-07T11:38:27.022+0000] {processor.py:161} INFO - Started process (PID=176584) to work on /home/cloud/codings/airflow/dags/list_s3_bucket_files_dag.py
[2026-02-07T11:38:27.027+0000] {processor.py:830} INFO - Processing file /home/cloud/codings/airflow/dags/list_s3_bucket_files_dag.py for tasks to queue
[2026-02-07T11:38:27.029+0000] {logging_mixin.py:188} INFO - [2026-02-07T11:38:27.028+0000] {dagbag.py:545} INFO - Filling up the DagBag from /home/cloud/codings/airflow/dags/list_s3_bucket_files_dag.py
[2026-02-07T11:38:27.042+0000] {processor.py:840} INFO - DAG(s) 'list_s3_bucket_files_dag' retrieved from /home/cloud/codings/airflow/dags/list_s3_bucket_files_dag.py
[2026-02-07T11:38:27.067+0000] {logging_mixin.py:188} INFO - [2026-02-07T11:38:27.067+0000] {dag.py:3089} INFO - Sync 1 DAGs
[2026-02-07T11:38:27.084+0000] {logging_mixin.py:188} INFO - [2026-02-07T11:38:27.084+0000] {dag.py:3947} INFO - Setting next_dagrun for list_s3_bucket_files_dag to None, run_after=None
[2026-02-07T11:38:27.118+0000] {processor.py:183} INFO - Processing /home/cloud/codings/airflow/dags/list_s3_bucket_files_dag.py took 0.104 seconds
[2026-02-07T11:38:58.137+0000] {processor.py:161} INFO - Started process (PID=176650) to work on /home/cloud/codings/airflow/dags/list_s3_bucket_files_dag.py
[2026-02-07T11:38:58.139+0000] {processor.py:830} INFO - Processing file /home/cloud/codings/airflow/dags/list_s3_bucket_files_dag.py for tasks to queue
[2026-02-07T11:38:58.140+0000] {logging_mixin.py:188} INFO - [2026-02-07T11:38:58.139+0000] {dagbag.py:545} INFO - Filling up the DagBag from /home/cloud/codings/airflow/dags/list_s3_bucket_files_dag.py
[2026-02-07T11:38:58.154+0000] {processor.py:840} INFO - DAG(s) 'list_s3_bucket_files_dag' retrieved from /home/cloud/codings/airflow/dags/list_s3_bucket_files_dag.py
[2026-02-07T11:38:58.185+0000] {logging_mixin.py:188} INFO - [2026-02-07T11:38:58.184+0000] {dag.py:3089} INFO - Sync 1 DAGs
[2026-02-07T11:38:58.210+0000] {logging_mixin.py:188} INFO - [2026-02-07T11:38:58.209+0000] {dag.py:3947} INFO - Setting next_dagrun for list_s3_bucket_files_dag to None, run_after=None
[2026-02-07T11:38:58.249+0000] {processor.py:183} INFO - Processing /home/cloud/codings/airflow/dags/list_s3_bucket_files_dag.py took 0.121 seconds
[2026-02-07T11:39:29.232+0000] {processor.py:161} INFO - Started process (PID=176716) to work on /home/cloud/codings/airflow/dags/list_s3_bucket_files_dag.py
[2026-02-07T11:39:29.236+0000] {processor.py:830} INFO - Processing file /home/cloud/codings/airflow/dags/list_s3_bucket_files_dag.py for tasks to queue
[2026-02-07T11:39:29.237+0000] {logging_mixin.py:188} INFO - [2026-02-07T11:39:29.237+0000] {dagbag.py:545} INFO - Filling up the DagBag from /home/cloud/codings/airflow/dags/list_s3_bucket_files_dag.py
[2026-02-07T11:39:29.249+0000] {processor.py:840} INFO - DAG(s) 'list_s3_bucket_files_dag' retrieved from /home/cloud/codings/airflow/dags/list_s3_bucket_files_dag.py
[2026-02-07T11:39:29.272+0000] {logging_mixin.py:188} INFO - [2026-02-07T11:39:29.272+0000] {dag.py:3089} INFO - Sync 1 DAGs
[2026-02-07T11:39:29.287+0000] {logging_mixin.py:188} INFO - [2026-02-07T11:39:29.286+0000] {dag.py:3947} INFO - Setting next_dagrun for list_s3_bucket_files_dag to None, run_after=None
[2026-02-07T11:39:29.312+0000] {processor.py:183} INFO - Processing /home/cloud/codings/airflow/dags/list_s3_bucket_files_dag.py took 0.089 seconds
[2026-02-07T11:40:00.348+0000] {processor.py:161} INFO - Started process (PID=176782) to work on /home/cloud/codings/airflow/dags/list_s3_bucket_files_dag.py
[2026-02-07T11:40:00.349+0000] {processor.py:830} INFO - Processing file /home/cloud/codings/airflow/dags/list_s3_bucket_files_dag.py for tasks to queue
[2026-02-07T11:40:00.350+0000] {logging_mixin.py:188} INFO - [2026-02-07T11:40:00.350+0000] {dagbag.py:545} INFO - Filling up the DagBag from /home/cloud/codings/airflow/dags/list_s3_bucket_files_dag.py
[2026-02-07T11:40:00.363+0000] {processor.py:840} INFO - DAG(s) 'list_s3_bucket_files_dag' retrieved from /home/cloud/codings/airflow/dags/list_s3_bucket_files_dag.py
[2026-02-07T11:40:00.388+0000] {logging_mixin.py:188} INFO - [2026-02-07T11:40:00.388+0000] {dag.py:3089} INFO - Sync 1 DAGs
[2026-02-07T11:40:00.404+0000] {logging_mixin.py:188} INFO - [2026-02-07T11:40:00.403+0000] {dag.py:3947} INFO - Setting next_dagrun for list_s3_bucket_files_dag to None, run_after=None
[2026-02-07T11:40:00.429+0000] {processor.py:183} INFO - Processing /home/cloud/codings/airflow/dags/list_s3_bucket_files_dag.py took 0.091 seconds
[2026-02-07T11:40:30.516+0000] {processor.py:161} INFO - Started process (PID=176848) to work on /home/cloud/codings/airflow/dags/list_s3_bucket_files_dag.py
[2026-02-07T11:40:30.518+0000] {processor.py:830} INFO - Processing file /home/cloud/codings/airflow/dags/list_s3_bucket_files_dag.py for tasks to queue
[2026-02-07T11:40:30.519+0000] {logging_mixin.py:188} INFO - [2026-02-07T11:40:30.519+0000] {dagbag.py:545} INFO - Filling up the DagBag from /home/cloud/codings/airflow/dags/list_s3_bucket_files_dag.py
[2026-02-07T11:40:30.533+0000] {processor.py:840} INFO - DAG(s) 'list_s3_bucket_files_dag' retrieved from /home/cloud/codings/airflow/dags/list_s3_bucket_files_dag.py
[2026-02-07T11:40:30.560+0000] {logging_mixin.py:188} INFO - [2026-02-07T11:40:30.560+0000] {dag.py:3089} INFO - Sync 1 DAGs
[2026-02-07T11:40:30.576+0000] {logging_mixin.py:188} INFO - [2026-02-07T11:40:30.576+0000] {dag.py:3947} INFO - Setting next_dagrun for list_s3_bucket_files_dag to None, run_after=None
[2026-02-07T11:40:30.606+0000] {processor.py:183} INFO - Processing /home/cloud/codings/airflow/dags/list_s3_bucket_files_dag.py took 0.097 seconds
[2026-02-07T11:41:00.926+0000] {processor.py:161} INFO - Started process (PID=176914) to work on /home/cloud/codings/airflow/dags/list_s3_bucket_files_dag.py
[2026-02-07T11:41:00.927+0000] {processor.py:830} INFO - Processing file /home/cloud/codings/airflow/dags/list_s3_bucket_files_dag.py for tasks to queue
[2026-02-07T11:41:00.928+0000] {logging_mixin.py:188} INFO - [2026-02-07T11:41:00.928+0000] {dagbag.py:545} INFO - Filling up the DagBag from /home/cloud/codings/airflow/dags/list_s3_bucket_files_dag.py
[2026-02-07T11:41:00.942+0000] {processor.py:840} INFO - DAG(s) 'list_s3_bucket_files_dag' retrieved from /home/cloud/codings/airflow/dags/list_s3_bucket_files_dag.py
[2026-02-07T11:41:00.971+0000] {logging_mixin.py:188} INFO - [2026-02-07T11:41:00.970+0000] {dag.py:3089} INFO - Sync 1 DAGs
[2026-02-07T11:41:00.989+0000] {logging_mixin.py:188} INFO - [2026-02-07T11:41:00.988+0000] {dag.py:3947} INFO - Setting next_dagrun for list_s3_bucket_files_dag to None, run_after=None
[2026-02-07T11:41:01.017+0000] {processor.py:183} INFO - Processing /home/cloud/codings/airflow/dags/list_s3_bucket_files_dag.py took 0.099 seconds
[2026-02-07T11:41:31.295+0000] {processor.py:161} INFO - Started process (PID=176980) to work on /home/cloud/codings/airflow/dags/list_s3_bucket_files_dag.py
[2026-02-07T11:41:31.298+0000] {processor.py:830} INFO - Processing file /home/cloud/codings/airflow/dags/list_s3_bucket_files_dag.py for tasks to queue
[2026-02-07T11:41:31.300+0000] {logging_mixin.py:188} INFO - [2026-02-07T11:41:31.299+0000] {dagbag.py:545} INFO - Filling up the DagBag from /home/cloud/codings/airflow/dags/list_s3_bucket_files_dag.py
[2026-02-07T11:41:31.318+0000] {processor.py:840} INFO - DAG(s) 'list_s3_bucket_files_dag' retrieved from /home/cloud/codings/airflow/dags/list_s3_bucket_files_dag.py
[2026-02-07T11:41:31.353+0000] {logging_mixin.py:188} INFO - [2026-02-07T11:41:31.352+0000] {dag.py:3089} INFO - Sync 1 DAGs
[2026-02-07T11:41:31.371+0000] {logging_mixin.py:188} INFO - [2026-02-07T11:41:31.371+0000] {dag.py:3947} INFO - Setting next_dagrun for list_s3_bucket_files_dag to None, run_after=None
[2026-02-07T11:41:31.406+0000] {processor.py:183} INFO - Processing /home/cloud/codings/airflow/dags/list_s3_bucket_files_dag.py took 0.126 seconds
[2026-02-07T11:42:01.503+0000] {processor.py:161} INFO - Started process (PID=177046) to work on /home/cloud/codings/airflow/dags/list_s3_bucket_files_dag.py
[2026-02-07T11:42:01.504+0000] {processor.py:830} INFO - Processing file /home/cloud/codings/airflow/dags/list_s3_bucket_files_dag.py for tasks to queue
[2026-02-07T11:42:01.505+0000] {logging_mixin.py:188} INFO - [2026-02-07T11:42:01.505+0000] {dagbag.py:545} INFO - Filling up the DagBag from /home/cloud/codings/airflow/dags/list_s3_bucket_files_dag.py
[2026-02-07T11:42:01.516+0000] {processor.py:840} INFO - DAG(s) 'list_s3_bucket_files_dag' retrieved from /home/cloud/codings/airflow/dags/list_s3_bucket_files_dag.py
[2026-02-07T11:42:01.542+0000] {logging_mixin.py:188} INFO - [2026-02-07T11:42:01.542+0000] {dag.py:3089} INFO - Sync 1 DAGs
[2026-02-07T11:42:01.558+0000] {logging_mixin.py:188} INFO - [2026-02-07T11:42:01.558+0000] {dag.py:3947} INFO - Setting next_dagrun for list_s3_bucket_files_dag to None, run_after=None
[2026-02-07T11:42:01.590+0000] {processor.py:183} INFO - Processing /home/cloud/codings/airflow/dags/list_s3_bucket_files_dag.py took 0.096 seconds
[2026-02-07T11:42:31.653+0000] {processor.py:161} INFO - Started process (PID=177113) to work on /home/cloud/codings/airflow/dags/list_s3_bucket_files_dag.py
[2026-02-07T11:42:31.654+0000] {processor.py:830} INFO - Processing file /home/cloud/codings/airflow/dags/list_s3_bucket_files_dag.py for tasks to queue
[2026-02-07T11:42:31.656+0000] {logging_mixin.py:188} INFO - [2026-02-07T11:42:31.655+0000] {dagbag.py:545} INFO - Filling up the DagBag from /home/cloud/codings/airflow/dags/list_s3_bucket_files_dag.py
[2026-02-07T11:42:31.669+0000] {processor.py:840} INFO - DAG(s) 'list_s3_bucket_files_dag' retrieved from /home/cloud/codings/airflow/dags/list_s3_bucket_files_dag.py
[2026-02-07T11:42:31.692+0000] {logging_mixin.py:188} INFO - [2026-02-07T11:42:31.692+0000] {dag.py:3089} INFO - Sync 1 DAGs
[2026-02-07T11:42:31.707+0000] {logging_mixin.py:188} INFO - [2026-02-07T11:42:31.707+0000] {dag.py:3947} INFO - Setting next_dagrun for list_s3_bucket_files_dag to None, run_after=None
[2026-02-07T11:42:31.733+0000] {processor.py:183} INFO - Processing /home/cloud/codings/airflow/dags/list_s3_bucket_files_dag.py took 0.088 seconds
[2026-02-07T11:43:03.016+0000] {processor.py:161} INFO - Started process (PID=177236) to work on /home/cloud/codings/airflow/dags/list_s3_bucket_files_dag.py
[2026-02-07T11:43:03.017+0000] {processor.py:830} INFO - Processing file /home/cloud/codings/airflow/dags/list_s3_bucket_files_dag.py for tasks to queue
[2026-02-07T11:43:03.019+0000] {logging_mixin.py:188} INFO - [2026-02-07T11:43:03.018+0000] {dagbag.py:545} INFO - Filling up the DagBag from /home/cloud/codings/airflow/dags/list_s3_bucket_files_dag.py
[2026-02-07T11:43:03.033+0000] {processor.py:840} INFO - DAG(s) 'list_s3_bucket_files_dag' retrieved from /home/cloud/codings/airflow/dags/list_s3_bucket_files_dag.py
[2026-02-07T11:43:03.059+0000] {logging_mixin.py:188} INFO - [2026-02-07T11:43:03.059+0000] {dag.py:3089} INFO - Sync 1 DAGs
[2026-02-07T11:43:03.076+0000] {logging_mixin.py:188} INFO - [2026-02-07T11:43:03.076+0000] {dag.py:3947} INFO - Setting next_dagrun for list_s3_bucket_files_dag to None, run_after=None
[2026-02-07T11:43:03.115+0000] {processor.py:183} INFO - Processing /home/cloud/codings/airflow/dags/list_s3_bucket_files_dag.py took 0.107 seconds
[2026-02-07T11:43:33.229+0000] {processor.py:161} INFO - Started process (PID=177506) to work on /home/cloud/codings/airflow/dags/list_s3_bucket_files_dag.py
[2026-02-07T11:43:33.231+0000] {processor.py:830} INFO - Processing file /home/cloud/codings/airflow/dags/list_s3_bucket_files_dag.py for tasks to queue
[2026-02-07T11:43:33.232+0000] {logging_mixin.py:188} INFO - [2026-02-07T11:43:33.232+0000] {dagbag.py:545} INFO - Filling up the DagBag from /home/cloud/codings/airflow/dags/list_s3_bucket_files_dag.py
[2026-02-07T11:43:33.244+0000] {processor.py:840} INFO - DAG(s) 'list_s3_bucket_files_dag' retrieved from /home/cloud/codings/airflow/dags/list_s3_bucket_files_dag.py
[2026-02-07T11:43:33.273+0000] {logging_mixin.py:188} INFO - [2026-02-07T11:43:33.273+0000] {dag.py:3089} INFO - Sync 1 DAGs
[2026-02-07T11:43:33.291+0000] {logging_mixin.py:188} INFO - [2026-02-07T11:43:33.291+0000] {dag.py:3947} INFO - Setting next_dagrun for list_s3_bucket_files_dag to None, run_after=None
[2026-02-07T11:43:33.322+0000] {processor.py:183} INFO - Processing /home/cloud/codings/airflow/dags/list_s3_bucket_files_dag.py took 0.102 seconds
