[2026-03-11T04:18:52.107+0000] {processor.py:161} INFO - Started process (PID=526473) to work on /home/cloud/codings/airflow/dags/2_dag_Generate_Semantic_Model.py
[2026-03-11T04:18:52.108+0000] {processor.py:830} INFO - Processing file /home/cloud/codings/airflow/dags/2_dag_Generate_Semantic_Model.py for tasks to queue
[2026-03-11T04:18:52.109+0000] {logging_mixin.py:188} INFO - [2026-03-11T04:18:52.109+0000] {dagbag.py:545} INFO - Filling up the DagBag from /home/cloud/codings/airflow/dags/2_dag_Generate_Semantic_Model.py
[2026-03-11T04:18:52.191+0000] {processor.py:840} INFO - DAG(s) '2_dag_Generate_Semantic_Model' retrieved from /home/cloud/codings/airflow/dags/2_dag_Generate_Semantic_Model.py
[2026-03-11T04:18:52.252+0000] {logging_mixin.py:188} INFO - [2026-03-11T04:18:52.252+0000] {dag.py:3089} INFO - Sync 1 DAGs
[2026-03-11T04:18:52.313+0000] {logging_mixin.py:188} INFO - [2026-03-11T04:18:52.313+0000] {dag.py:3947} INFO - Setting next_dagrun for 2_dag_Generate_Semantic_Model to None, run_after=None
[2026-03-11T04:18:52.397+0000] {processor.py:183} INFO - Processing /home/cloud/codings/airflow/dags/2_dag_Generate_Semantic_Model.py took 0.313 seconds
[2026-03-11T04:19:22.817+0000] {processor.py:161} INFO - Started process (PID=526501) to work on /home/cloud/codings/airflow/dags/2_dag_Generate_Semantic_Model.py
[2026-03-11T04:19:22.819+0000] {processor.py:830} INFO - Processing file /home/cloud/codings/airflow/dags/2_dag_Generate_Semantic_Model.py for tasks to queue
[2026-03-11T04:19:22.823+0000] {logging_mixin.py:188} INFO - [2026-03-11T04:19:22.821+0000] {dagbag.py:545} INFO - Filling up the DagBag from /home/cloud/codings/airflow/dags/2_dag_Generate_Semantic_Model.py
[2026-03-11T04:19:22.856+0000] {processor.py:840} INFO - DAG(s) '2_dag_Generate_Semantic_Model' retrieved from /home/cloud/codings/airflow/dags/2_dag_Generate_Semantic_Model.py
[2026-03-11T04:19:22.875+0000] {logging_mixin.py:188} INFO - [2026-03-11T04:19:22.875+0000] {dag.py:3089} INFO - Sync 1 DAGs
[2026-03-11T04:19:22.890+0000] {logging_mixin.py:188} INFO - [2026-03-11T04:19:22.890+0000] {dag.py:3947} INFO - Setting next_dagrun for 2_dag_Generate_Semantic_Model to None, run_after=None
[2026-03-11T04:19:22.922+0000] {processor.py:183} INFO - Processing /home/cloud/codings/airflow/dags/2_dag_Generate_Semantic_Model.py took 0.113 seconds
[2026-03-11T04:19:53.373+0000] {processor.py:161} INFO - Started process (PID=526588) to work on /home/cloud/codings/airflow/dags/2_dag_Generate_Semantic_Model.py
[2026-03-11T04:19:53.391+0000] {processor.py:830} INFO - Processing file /home/cloud/codings/airflow/dags/2_dag_Generate_Semantic_Model.py for tasks to queue
[2026-03-11T04:19:53.392+0000] {logging_mixin.py:188} INFO - [2026-03-11T04:19:53.391+0000] {dagbag.py:545} INFO - Filling up the DagBag from /home/cloud/codings/airflow/dags/2_dag_Generate_Semantic_Model.py
[2026-03-11T04:19:53.413+0000] {processor.py:840} INFO - DAG(s) '2_dag_Generate_Semantic_Model' retrieved from /home/cloud/codings/airflow/dags/2_dag_Generate_Semantic_Model.py
[2026-03-11T04:19:53.428+0000] {logging_mixin.py:188} INFO - [2026-03-11T04:19:53.428+0000] {dag.py:3089} INFO - Sync 1 DAGs
[2026-03-11T04:19:53.440+0000] {logging_mixin.py:188} INFO - [2026-03-11T04:19:53.440+0000] {dag.py:3947} INFO - Setting next_dagrun for 2_dag_Generate_Semantic_Model to None, run_after=None
[2026-03-11T04:19:53.464+0000] {processor.py:183} INFO - Processing /home/cloud/codings/airflow/dags/2_dag_Generate_Semantic_Model.py took 0.098 seconds
[2026-03-11T04:20:25.041+0000] {processor.py:161} INFO - Started process (PID=526793) to work on /home/cloud/codings/airflow/dags/2_dag_Generate_Semantic_Model.py
[2026-03-11T04:20:25.045+0000] {processor.py:830} INFO - Processing file /home/cloud/codings/airflow/dags/2_dag_Generate_Semantic_Model.py for tasks to queue
[2026-03-11T04:20:25.047+0000] {logging_mixin.py:188} INFO - [2026-03-11T04:20:25.046+0000] {dagbag.py:545} INFO - Filling up the DagBag from /home/cloud/codings/airflow/dags/2_dag_Generate_Semantic_Model.py
[2026-03-11T04:20:25.106+0000] {processor.py:840} INFO - DAG(s) '2_dag_Generate_Semantic_Model' retrieved from /home/cloud/codings/airflow/dags/2_dag_Generate_Semantic_Model.py
[2026-03-11T04:20:25.140+0000] {logging_mixin.py:188} INFO - [2026-03-11T04:20:25.140+0000] {dag.py:3089} INFO - Sync 1 DAGs
[2026-03-11T04:20:25.427+0000] {logging_mixin.py:188} INFO - [2026-03-11T04:20:25.427+0000] {dag.py:3947} INFO - Setting next_dagrun for 2_dag_Generate_Semantic_Model to None, run_after=None
[2026-03-11T04:20:25.469+0000] {processor.py:183} INFO - Processing /home/cloud/codings/airflow/dags/2_dag_Generate_Semantic_Model.py took 0.440 seconds
[2026-03-11T04:20:56.496+0000] {processor.py:161} INFO - Started process (PID=526897) to work on /home/cloud/codings/airflow/dags/2_dag_Generate_Semantic_Model.py
[2026-03-11T04:20:56.499+0000] {processor.py:830} INFO - Processing file /home/cloud/codings/airflow/dags/2_dag_Generate_Semantic_Model.py for tasks to queue
[2026-03-11T04:20:56.501+0000] {logging_mixin.py:188} INFO - [2026-03-11T04:20:56.500+0000] {dagbag.py:545} INFO - Filling up the DagBag from /home/cloud/codings/airflow/dags/2_dag_Generate_Semantic_Model.py
[2026-03-11T04:20:56.543+0000] {processor.py:840} INFO - DAG(s) '2_dag_Generate_Semantic_Model' retrieved from /home/cloud/codings/airflow/dags/2_dag_Generate_Semantic_Model.py
[2026-03-11T04:20:56.573+0000] {logging_mixin.py:188} INFO - [2026-03-11T04:20:56.572+0000] {dag.py:3089} INFO - Sync 1 DAGs
[2026-03-11T04:20:56.600+0000] {logging_mixin.py:188} INFO - [2026-03-11T04:20:56.599+0000] {dag.py:3947} INFO - Setting next_dagrun for 2_dag_Generate_Semantic_Model to None, run_after=None
[2026-03-11T04:20:56.663+0000] {processor.py:183} INFO - Processing /home/cloud/codings/airflow/dags/2_dag_Generate_Semantic_Model.py took 0.180 seconds
[2026-03-11T04:21:26.776+0000] {processor.py:161} INFO - Started process (PID=526914) to work on /home/cloud/codings/airflow/dags/2_dag_Generate_Semantic_Model.py
[2026-03-11T04:21:26.798+0000] {processor.py:830} INFO - Processing file /home/cloud/codings/airflow/dags/2_dag_Generate_Semantic_Model.py for tasks to queue
[2026-03-11T04:21:26.799+0000] {logging_mixin.py:188} INFO - [2026-03-11T04:21:26.799+0000] {dagbag.py:545} INFO - Filling up the DagBag from /home/cloud/codings/airflow/dags/2_dag_Generate_Semantic_Model.py
[2026-03-11T04:21:26.842+0000] {processor.py:840} INFO - DAG(s) '2_dag_Generate_Semantic_Model' retrieved from /home/cloud/codings/airflow/dags/2_dag_Generate_Semantic_Model.py
[2026-03-11T04:21:26.884+0000] {logging_mixin.py:188} INFO - [2026-03-11T04:21:26.883+0000] {dag.py:3089} INFO - Sync 1 DAGs
[2026-03-11T04:21:26.918+0000] {logging_mixin.py:188} INFO - [2026-03-11T04:21:26.918+0000] {dag.py:3947} INFO - Setting next_dagrun for 2_dag_Generate_Semantic_Model to None, run_after=None
[2026-03-11T04:21:26.974+0000] {processor.py:183} INFO - Processing /home/cloud/codings/airflow/dags/2_dag_Generate_Semantic_Model.py took 0.213 seconds
[2026-03-11T04:21:57.227+0000] {processor.py:161} INFO - Started process (PID=527001) to work on /home/cloud/codings/airflow/dags/2_dag_Generate_Semantic_Model.py
[2026-03-11T04:21:57.247+0000] {processor.py:830} INFO - Processing file /home/cloud/codings/airflow/dags/2_dag_Generate_Semantic_Model.py for tasks to queue
[2026-03-11T04:21:57.250+0000] {logging_mixin.py:188} INFO - [2026-03-11T04:21:57.249+0000] {dagbag.py:545} INFO - Filling up the DagBag from /home/cloud/codings/airflow/dags/2_dag_Generate_Semantic_Model.py
[2026-03-11T04:21:57.313+0000] {processor.py:840} INFO - DAG(s) '2_dag_Generate_Semantic_Model' retrieved from /home/cloud/codings/airflow/dags/2_dag_Generate_Semantic_Model.py
[2026-03-11T04:21:57.344+0000] {logging_mixin.py:188} INFO - [2026-03-11T04:21:57.343+0000] {dag.py:3089} INFO - Sync 1 DAGs
[2026-03-11T04:21:57.368+0000] {logging_mixin.py:188} INFO - [2026-03-11T04:21:57.368+0000] {dag.py:3947} INFO - Setting next_dagrun for 2_dag_Generate_Semantic_Model to None, run_after=None
[2026-03-11T04:21:57.480+0000] {processor.py:183} INFO - Processing /home/cloud/codings/airflow/dags/2_dag_Generate_Semantic_Model.py took 0.272 seconds
[2026-03-11T04:22:27.649+0000] {processor.py:161} INFO - Started process (PID=527024) to work on /home/cloud/codings/airflow/dags/2_dag_Generate_Semantic_Model.py
[2026-03-11T04:22:27.651+0000] {processor.py:830} INFO - Processing file /home/cloud/codings/airflow/dags/2_dag_Generate_Semantic_Model.py for tasks to queue
[2026-03-11T04:22:27.652+0000] {logging_mixin.py:188} INFO - [2026-03-11T04:22:27.651+0000] {dagbag.py:545} INFO - Filling up the DagBag from /home/cloud/codings/airflow/dags/2_dag_Generate_Semantic_Model.py
[2026-03-11T04:22:27.685+0000] {processor.py:840} INFO - DAG(s) '2_dag_Generate_Semantic_Model' retrieved from /home/cloud/codings/airflow/dags/2_dag_Generate_Semantic_Model.py
[2026-03-11T04:22:27.704+0000] {logging_mixin.py:188} INFO - [2026-03-11T04:22:27.703+0000] {dag.py:3089} INFO - Sync 1 DAGs
[2026-03-11T04:22:27.721+0000] {logging_mixin.py:188} INFO - [2026-03-11T04:22:27.721+0000] {dag.py:3947} INFO - Setting next_dagrun for 2_dag_Generate_Semantic_Model to None, run_after=None
[2026-03-11T04:22:27.943+0000] {processor.py:183} INFO - Processing /home/cloud/codings/airflow/dags/2_dag_Generate_Semantic_Model.py took 0.306 seconds
[2026-03-11T04:22:59.533+0000] {processor.py:161} INFO - Started process (PID=527111) to work on /home/cloud/codings/airflow/dags/2_dag_Generate_Semantic_Model.py
[2026-03-11T04:22:59.559+0000] {processor.py:830} INFO - Processing file /home/cloud/codings/airflow/dags/2_dag_Generate_Semantic_Model.py for tasks to queue
[2026-03-11T04:22:59.561+0000] {logging_mixin.py:188} INFO - [2026-03-11T04:22:59.560+0000] {dagbag.py:545} INFO - Filling up the DagBag from /home/cloud/codings/airflow/dags/2_dag_Generate_Semantic_Model.py
[2026-03-11T04:22:59.597+0000] {processor.py:840} INFO - DAG(s) '2_dag_Generate_Semantic_Model' retrieved from /home/cloud/codings/airflow/dags/2_dag_Generate_Semantic_Model.py
[2026-03-11T04:22:59.618+0000] {logging_mixin.py:188} INFO - [2026-03-11T04:22:59.617+0000] {dag.py:3089} INFO - Sync 1 DAGs
[2026-03-11T04:22:59.815+0000] {logging_mixin.py:188} INFO - [2026-03-11T04:22:59.815+0000] {dag.py:3947} INFO - Setting next_dagrun for 2_dag_Generate_Semantic_Model to None, run_after=None
[2026-03-11T04:22:59.870+0000] {processor.py:183} INFO - Processing /home/cloud/codings/airflow/dags/2_dag_Generate_Semantic_Model.py took 0.351 seconds
[2026-03-11T04:23:30.274+0000] {processor.py:161} INFO - Started process (PID=527139) to work on /home/cloud/codings/airflow/dags/2_dag_Generate_Semantic_Model.py
[2026-03-11T04:23:30.276+0000] {processor.py:830} INFO - Processing file /home/cloud/codings/airflow/dags/2_dag_Generate_Semantic_Model.py for tasks to queue
[2026-03-11T04:23:30.277+0000] {logging_mixin.py:188} INFO - [2026-03-11T04:23:30.277+0000] {dagbag.py:545} INFO - Filling up the DagBag from /home/cloud/codings/airflow/dags/2_dag_Generate_Semantic_Model.py
[2026-03-11T04:23:30.302+0000] {processor.py:840} INFO - DAG(s) '2_dag_Generate_Semantic_Model' retrieved from /home/cloud/codings/airflow/dags/2_dag_Generate_Semantic_Model.py
[2026-03-11T04:23:30.488+0000] {logging_mixin.py:188} INFO - [2026-03-11T04:23:30.487+0000] {dag.py:3089} INFO - Sync 1 DAGs
[2026-03-11T04:23:30.504+0000] {logging_mixin.py:188} INFO - [2026-03-11T04:23:30.504+0000] {dag.py:3947} INFO - Setting next_dagrun for 2_dag_Generate_Semantic_Model to None, run_after=None
[2026-03-11T04:23:30.548+0000] {processor.py:183} INFO - Processing /home/cloud/codings/airflow/dags/2_dag_Generate_Semantic_Model.py took 0.283 seconds
[2026-03-11T04:24:01.215+0000] {processor.py:161} INFO - Started process (PID=527221) to work on /home/cloud/codings/airflow/dags/2_dag_Generate_Semantic_Model.py
[2026-03-11T04:24:01.221+0000] {processor.py:830} INFO - Processing file /home/cloud/codings/airflow/dags/2_dag_Generate_Semantic_Model.py for tasks to queue
[2026-03-11T04:24:01.223+0000] {logging_mixin.py:188} INFO - [2026-03-11T04:24:01.222+0000] {dagbag.py:545} INFO - Filling up the DagBag from /home/cloud/codings/airflow/dags/2_dag_Generate_Semantic_Model.py
[2026-03-11T04:24:01.253+0000] {processor.py:840} INFO - DAG(s) '2_dag_Generate_Semantic_Model' retrieved from /home/cloud/codings/airflow/dags/2_dag_Generate_Semantic_Model.py
[2026-03-11T04:24:01.274+0000] {logging_mixin.py:188} INFO - [2026-03-11T04:24:01.273+0000] {dag.py:3089} INFO - Sync 1 DAGs
[2026-03-11T04:24:01.293+0000] {logging_mixin.py:188} INFO - [2026-03-11T04:24:01.293+0000] {dag.py:3947} INFO - Setting next_dagrun for 2_dag_Generate_Semantic_Model to None, run_after=None
[2026-03-11T04:24:01.326+0000] {processor.py:183} INFO - Processing /home/cloud/codings/airflow/dags/2_dag_Generate_Semantic_Model.py took 0.119 seconds
[2026-03-11T04:24:32.083+0000] {processor.py:161} INFO - Started process (PID=527243) to work on /home/cloud/codings/airflow/dags/2_dag_Generate_Semantic_Model.py
[2026-03-11T04:24:32.089+0000] {processor.py:830} INFO - Processing file /home/cloud/codings/airflow/dags/2_dag_Generate_Semantic_Model.py for tasks to queue
[2026-03-11T04:24:32.093+0000] {logging_mixin.py:188} INFO - [2026-03-11T04:24:32.091+0000] {dagbag.py:545} INFO - Filling up the DagBag from /home/cloud/codings/airflow/dags/2_dag_Generate_Semantic_Model.py
[2026-03-11T04:24:32.150+0000] {processor.py:840} INFO - DAG(s) '2_dag_Generate_Semantic_Model' retrieved from /home/cloud/codings/airflow/dags/2_dag_Generate_Semantic_Model.py
[2026-03-11T04:24:32.175+0000] {logging_mixin.py:188} INFO - [2026-03-11T04:24:32.175+0000] {dag.py:3089} INFO - Sync 1 DAGs
[2026-03-11T04:24:32.188+0000] {logging_mixin.py:188} INFO - [2026-03-11T04:24:32.187+0000] {dag.py:3947} INFO - Setting next_dagrun for 2_dag_Generate_Semantic_Model to None, run_after=None
[2026-03-11T04:24:32.224+0000] {processor.py:183} INFO - Processing /home/cloud/codings/airflow/dags/2_dag_Generate_Semantic_Model.py took 0.161 seconds
[2026-03-11T04:25:02.865+0000] {processor.py:161} INFO - Started process (PID=527357) to work on /home/cloud/codings/airflow/dags/2_dag_Generate_Semantic_Model.py
[2026-03-11T04:25:02.868+0000] {processor.py:830} INFO - Processing file /home/cloud/codings/airflow/dags/2_dag_Generate_Semantic_Model.py for tasks to queue
[2026-03-11T04:25:02.870+0000] {logging_mixin.py:188} INFO - [2026-03-11T04:25:02.869+0000] {dagbag.py:545} INFO - Filling up the DagBag from /home/cloud/codings/airflow/dags/2_dag_Generate_Semantic_Model.py
[2026-03-11T04:25:02.920+0000] {processor.py:840} INFO - DAG(s) '2_dag_Generate_Semantic_Model' retrieved from /home/cloud/codings/airflow/dags/2_dag_Generate_Semantic_Model.py
[2026-03-11T04:25:02.954+0000] {logging_mixin.py:188} INFO - [2026-03-11T04:25:02.953+0000] {dag.py:3089} INFO - Sync 1 DAGs
[2026-03-11T04:25:02.982+0000] {logging_mixin.py:188} INFO - [2026-03-11T04:25:02.982+0000] {dag.py:3947} INFO - Setting next_dagrun for 2_dag_Generate_Semantic_Model to None, run_after=None
[2026-03-11T04:25:03.030+0000] {processor.py:183} INFO - Processing /home/cloud/codings/airflow/dags/2_dag_Generate_Semantic_Model.py took 0.181 seconds
[2026-03-11T04:25:33.510+0000] {processor.py:161} INFO - Started process (PID=527417) to work on /home/cloud/codings/airflow/dags/2_dag_Generate_Semantic_Model.py
[2026-03-11T04:25:33.513+0000] {processor.py:830} INFO - Processing file /home/cloud/codings/airflow/dags/2_dag_Generate_Semantic_Model.py for tasks to queue
[2026-03-11T04:25:33.516+0000] {logging_mixin.py:188} INFO - [2026-03-11T04:25:33.515+0000] {dagbag.py:545} INFO - Filling up the DagBag from /home/cloud/codings/airflow/dags/2_dag_Generate_Semantic_Model.py
[2026-03-11T04:25:33.576+0000] {processor.py:840} INFO - DAG(s) '2_dag_Generate_Semantic_Model' retrieved from /home/cloud/codings/airflow/dags/2_dag_Generate_Semantic_Model.py
[2026-03-11T04:25:33.606+0000] {logging_mixin.py:188} INFO - [2026-03-11T04:25:33.606+0000] {dag.py:3089} INFO - Sync 1 DAGs
[2026-03-11T04:25:33.623+0000] {logging_mixin.py:188} INFO - [2026-03-11T04:25:33.623+0000] {dag.py:3947} INFO - Setting next_dagrun for 2_dag_Generate_Semantic_Model to None, run_after=None
[2026-03-11T04:25:33.676+0000] {processor.py:183} INFO - Processing /home/cloud/codings/airflow/dags/2_dag_Generate_Semantic_Model.py took 0.183 seconds
[2026-03-11T04:26:04.630+0000] {processor.py:161} INFO - Started process (PID=527502) to work on /home/cloud/codings/airflow/dags/2_dag_Generate_Semantic_Model.py
[2026-03-11T04:26:04.633+0000] {processor.py:830} INFO - Processing file /home/cloud/codings/airflow/dags/2_dag_Generate_Semantic_Model.py for tasks to queue
[2026-03-11T04:26:04.635+0000] {logging_mixin.py:188} INFO - [2026-03-11T04:26:04.634+0000] {dagbag.py:545} INFO - Filling up the DagBag from /home/cloud/codings/airflow/dags/2_dag_Generate_Semantic_Model.py
[2026-03-11T04:26:04.660+0000] {processor.py:840} INFO - DAG(s) '2_dag_Generate_Semantic_Model' retrieved from /home/cloud/codings/airflow/dags/2_dag_Generate_Semantic_Model.py
[2026-03-11T04:26:04.675+0000] {logging_mixin.py:188} INFO - [2026-03-11T04:26:04.675+0000] {dag.py:3089} INFO - Sync 1 DAGs
[2026-03-11T04:26:04.687+0000] {logging_mixin.py:188} INFO - [2026-03-11T04:26:04.687+0000] {dag.py:3947} INFO - Setting next_dagrun for 2_dag_Generate_Semantic_Model to None, run_after=None
[2026-03-11T04:26:04.719+0000] {processor.py:183} INFO - Processing /home/cloud/codings/airflow/dags/2_dag_Generate_Semantic_Model.py took 0.100 seconds
[2026-03-11T04:26:35.731+0000] {processor.py:161} INFO - Started process (PID=527527) to work on /home/cloud/codings/airflow/dags/2_dag_Generate_Semantic_Model.py
[2026-03-11T04:26:35.763+0000] {processor.py:830} INFO - Processing file /home/cloud/codings/airflow/dags/2_dag_Generate_Semantic_Model.py for tasks to queue
[2026-03-11T04:26:35.766+0000] {logging_mixin.py:188} INFO - [2026-03-11T04:26:35.765+0000] {dagbag.py:545} INFO - Filling up the DagBag from /home/cloud/codings/airflow/dags/2_dag_Generate_Semantic_Model.py
[2026-03-11T04:26:35.855+0000] {processor.py:840} INFO - DAG(s) '2_dag_Generate_Semantic_Model' retrieved from /home/cloud/codings/airflow/dags/2_dag_Generate_Semantic_Model.py
[2026-03-11T04:26:35.895+0000] {logging_mixin.py:188} INFO - [2026-03-11T04:26:35.895+0000] {dag.py:3089} INFO - Sync 1 DAGs
[2026-03-11T04:26:35.938+0000] {logging_mixin.py:188} INFO - [2026-03-11T04:26:35.937+0000] {dag.py:3947} INFO - Setting next_dagrun for 2_dag_Generate_Semantic_Model to None, run_after=None
[2026-03-11T04:26:36.055+0000] {processor.py:183} INFO - Processing /home/cloud/codings/airflow/dags/2_dag_Generate_Semantic_Model.py took 0.351 seconds
[2026-03-11T04:27:06.266+0000] {processor.py:161} INFO - Started process (PID=527608) to work on /home/cloud/codings/airflow/dags/2_dag_Generate_Semantic_Model.py
[2026-03-11T04:27:06.267+0000] {processor.py:830} INFO - Processing file /home/cloud/codings/airflow/dags/2_dag_Generate_Semantic_Model.py for tasks to queue
[2026-03-11T04:27:06.269+0000] {logging_mixin.py:188} INFO - [2026-03-11T04:27:06.268+0000] {dagbag.py:545} INFO - Filling up the DagBag from /home/cloud/codings/airflow/dags/2_dag_Generate_Semantic_Model.py
[2026-03-11T04:27:06.292+0000] {processor.py:840} INFO - DAG(s) '2_dag_Generate_Semantic_Model' retrieved from /home/cloud/codings/airflow/dags/2_dag_Generate_Semantic_Model.py
[2026-03-11T04:27:06.306+0000] {logging_mixin.py:188} INFO - [2026-03-11T04:27:06.306+0000] {dag.py:3089} INFO - Sync 1 DAGs
[2026-03-11T04:27:06.319+0000] {logging_mixin.py:188} INFO - [2026-03-11T04:27:06.319+0000] {dag.py:3947} INFO - Setting next_dagrun for 2_dag_Generate_Semantic_Model to None, run_after=None
[2026-03-11T04:27:06.347+0000] {processor.py:183} INFO - Processing /home/cloud/codings/airflow/dags/2_dag_Generate_Semantic_Model.py took 0.088 seconds
[2026-03-11T04:27:36.961+0000] {processor.py:161} INFO - Started process (PID=527631) to work on /home/cloud/codings/airflow/dags/2_dag_Generate_Semantic_Model.py
[2026-03-11T04:27:36.992+0000] {processor.py:830} INFO - Processing file /home/cloud/codings/airflow/dags/2_dag_Generate_Semantic_Model.py for tasks to queue
[2026-03-11T04:27:36.995+0000] {logging_mixin.py:188} INFO - [2026-03-11T04:27:36.994+0000] {dagbag.py:545} INFO - Filling up the DagBag from /home/cloud/codings/airflow/dags/2_dag_Generate_Semantic_Model.py
[2026-03-11T04:27:37.055+0000] {processor.py:840} INFO - DAG(s) '2_dag_Generate_Semantic_Model' retrieved from /home/cloud/codings/airflow/dags/2_dag_Generate_Semantic_Model.py
[2026-03-11T04:27:37.083+0000] {logging_mixin.py:188} INFO - [2026-03-11T04:27:37.083+0000] {dag.py:3089} INFO - Sync 1 DAGs
[2026-03-11T04:27:37.106+0000] {logging_mixin.py:188} INFO - [2026-03-11T04:27:37.105+0000] {dag.py:3947} INFO - Setting next_dagrun for 2_dag_Generate_Semantic_Model to None, run_after=None
[2026-03-11T04:27:37.167+0000] {processor.py:183} INFO - Processing /home/cloud/codings/airflow/dags/2_dag_Generate_Semantic_Model.py took 0.227 seconds
[2026-03-11T04:28:07.785+0000] {processor.py:161} INFO - Started process (PID=527718) to work on /home/cloud/codings/airflow/dags/2_dag_Generate_Semantic_Model.py
[2026-03-11T04:28:07.787+0000] {processor.py:830} INFO - Processing file /home/cloud/codings/airflow/dags/2_dag_Generate_Semantic_Model.py for tasks to queue
[2026-03-11T04:28:07.789+0000] {logging_mixin.py:188} INFO - [2026-03-11T04:28:07.788+0000] {dagbag.py:545} INFO - Filling up the DagBag from /home/cloud/codings/airflow/dags/2_dag_Generate_Semantic_Model.py
[2026-03-11T04:28:07.863+0000] {processor.py:840} INFO - DAG(s) '2_dag_Generate_Semantic_Model' retrieved from /home/cloud/codings/airflow/dags/2_dag_Generate_Semantic_Model.py
[2026-03-11T04:28:07.913+0000] {logging_mixin.py:188} INFO - [2026-03-11T04:28:07.912+0000] {dag.py:3089} INFO - Sync 1 DAGs
[2026-03-11T04:28:07.946+0000] {logging_mixin.py:188} INFO - [2026-03-11T04:28:07.945+0000] {dag.py:3947} INFO - Setting next_dagrun for 2_dag_Generate_Semantic_Model to None, run_after=None
[2026-03-11T04:28:08.046+0000] {processor.py:183} INFO - Processing /home/cloud/codings/airflow/dags/2_dag_Generate_Semantic_Model.py took 0.276 seconds
[2026-03-11T04:28:38.418+0000] {processor.py:161} INFO - Started process (PID=527746) to work on /home/cloud/codings/airflow/dags/2_dag_Generate_Semantic_Model.py
[2026-03-11T04:28:38.448+0000] {processor.py:830} INFO - Processing file /home/cloud/codings/airflow/dags/2_dag_Generate_Semantic_Model.py for tasks to queue
[2026-03-11T04:28:38.450+0000] {logging_mixin.py:188} INFO - [2026-03-11T04:28:38.449+0000] {dagbag.py:545} INFO - Filling up the DagBag from /home/cloud/codings/airflow/dags/2_dag_Generate_Semantic_Model.py
[2026-03-11T04:28:38.493+0000] {processor.py:840} INFO - DAG(s) '2_dag_Generate_Semantic_Model' retrieved from /home/cloud/codings/airflow/dags/2_dag_Generate_Semantic_Model.py
[2026-03-11T04:28:38.522+0000] {logging_mixin.py:188} INFO - [2026-03-11T04:28:38.522+0000] {dag.py:3089} INFO - Sync 1 DAGs
[2026-03-11T04:28:38.543+0000] {logging_mixin.py:188} INFO - [2026-03-11T04:28:38.543+0000] {dag.py:3947} INFO - Setting next_dagrun for 2_dag_Generate_Semantic_Model to None, run_after=None
[2026-03-11T04:28:38.582+0000] {processor.py:183} INFO - Processing /home/cloud/codings/airflow/dags/2_dag_Generate_Semantic_Model.py took 0.175 seconds
[2026-03-11T04:29:09.103+0000] {processor.py:161} INFO - Started process (PID=527834) to work on /home/cloud/codings/airflow/dags/2_dag_Generate_Semantic_Model.py
[2026-03-11T04:29:09.138+0000] {processor.py:830} INFO - Processing file /home/cloud/codings/airflow/dags/2_dag_Generate_Semantic_Model.py for tasks to queue
[2026-03-11T04:29:09.142+0000] {logging_mixin.py:188} INFO - [2026-03-11T04:29:09.140+0000] {dagbag.py:545} INFO - Filling up the DagBag from /home/cloud/codings/airflow/dags/2_dag_Generate_Semantic_Model.py
[2026-03-11T04:29:09.202+0000] {processor.py:840} INFO - DAG(s) '2_dag_Generate_Semantic_Model' retrieved from /home/cloud/codings/airflow/dags/2_dag_Generate_Semantic_Model.py
[2026-03-11T04:29:09.218+0000] {logging_mixin.py:188} INFO - [2026-03-11T04:29:09.217+0000] {dag.py:3089} INFO - Sync 1 DAGs
[2026-03-11T04:29:09.230+0000] {logging_mixin.py:188} INFO - [2026-03-11T04:29:09.229+0000] {dag.py:3947} INFO - Setting next_dagrun for 2_dag_Generate_Semantic_Model to None, run_after=None
[2026-03-11T04:29:09.275+0000] {processor.py:183} INFO - Processing /home/cloud/codings/airflow/dags/2_dag_Generate_Semantic_Model.py took 0.183 seconds
[2026-03-11T04:29:39.724+0000] {processor.py:161} INFO - Started process (PID=527865) to work on /home/cloud/codings/airflow/dags/2_dag_Generate_Semantic_Model.py
[2026-03-11T04:29:39.753+0000] {processor.py:830} INFO - Processing file /home/cloud/codings/airflow/dags/2_dag_Generate_Semantic_Model.py for tasks to queue
[2026-03-11T04:29:39.754+0000] {logging_mixin.py:188} INFO - [2026-03-11T04:29:39.753+0000] {dagbag.py:545} INFO - Filling up the DagBag from /home/cloud/codings/airflow/dags/2_dag_Generate_Semantic_Model.py
[2026-03-11T04:29:39.783+0000] {processor.py:840} INFO - DAG(s) '2_dag_Generate_Semantic_Model' retrieved from /home/cloud/codings/airflow/dags/2_dag_Generate_Semantic_Model.py
[2026-03-11T04:29:39.801+0000] {logging_mixin.py:188} INFO - [2026-03-11T04:29:39.801+0000] {dag.py:3089} INFO - Sync 1 DAGs
[2026-03-11T04:29:39.818+0000] {logging_mixin.py:188} INFO - [2026-03-11T04:29:39.818+0000] {dag.py:3947} INFO - Setting next_dagrun for 2_dag_Generate_Semantic_Model to None, run_after=None
[2026-03-11T04:29:39.852+0000] {processor.py:183} INFO - Processing /home/cloud/codings/airflow/dags/2_dag_Generate_Semantic_Model.py took 0.136 seconds
[2026-03-11T04:30:10.305+0000] {processor.py:161} INFO - Started process (PID=528004) to work on /home/cloud/codings/airflow/dags/2_dag_Generate_Semantic_Model.py
[2026-03-11T04:30:10.306+0000] {processor.py:830} INFO - Processing file /home/cloud/codings/airflow/dags/2_dag_Generate_Semantic_Model.py for tasks to queue
[2026-03-11T04:30:10.308+0000] {logging_mixin.py:188} INFO - [2026-03-11T04:30:10.307+0000] {dagbag.py:545} INFO - Filling up the DagBag from /home/cloud/codings/airflow/dags/2_dag_Generate_Semantic_Model.py
[2026-03-11T04:30:10.357+0000] {processor.py:840} INFO - DAG(s) '2_dag_Generate_Semantic_Model' retrieved from /home/cloud/codings/airflow/dags/2_dag_Generate_Semantic_Model.py
[2026-03-11T04:30:10.390+0000] {logging_mixin.py:188} INFO - [2026-03-11T04:30:10.390+0000] {dag.py:3089} INFO - Sync 1 DAGs
[2026-03-11T04:30:10.415+0000] {logging_mixin.py:188} INFO - [2026-03-11T04:30:10.415+0000] {dag.py:3947} INFO - Setting next_dagrun for 2_dag_Generate_Semantic_Model to None, run_after=None
[2026-03-11T04:30:10.462+0000] {processor.py:183} INFO - Processing /home/cloud/codings/airflow/dags/2_dag_Generate_Semantic_Model.py took 0.172 seconds
[2026-03-11T04:30:40.803+0000] {processor.py:161} INFO - Started process (PID=528031) to work on /home/cloud/codings/airflow/dags/2_dag_Generate_Semantic_Model.py
[2026-03-11T04:30:40.805+0000] {processor.py:830} INFO - Processing file /home/cloud/codings/airflow/dags/2_dag_Generate_Semantic_Model.py for tasks to queue
[2026-03-11T04:30:40.806+0000] {logging_mixin.py:188} INFO - [2026-03-11T04:30:40.806+0000] {dagbag.py:545} INFO - Filling up the DagBag from /home/cloud/codings/airflow/dags/2_dag_Generate_Semantic_Model.py
[2026-03-11T04:30:40.837+0000] {processor.py:840} INFO - DAG(s) '2_dag_Generate_Semantic_Model' retrieved from /home/cloud/codings/airflow/dags/2_dag_Generate_Semantic_Model.py
[2026-03-11T04:30:40.859+0000] {logging_mixin.py:188} INFO - [2026-03-11T04:30:40.859+0000] {dag.py:3089} INFO - Sync 1 DAGs
[2026-03-11T04:30:40.879+0000] {logging_mixin.py:188} INFO - [2026-03-11T04:30:40.879+0000] {dag.py:3947} INFO - Setting next_dagrun for 2_dag_Generate_Semantic_Model to None, run_after=None
[2026-03-11T04:30:40.919+0000] {processor.py:183} INFO - Processing /home/cloud/codings/airflow/dags/2_dag_Generate_Semantic_Model.py took 0.129 seconds
[2026-03-11T04:31:11.639+0000] {processor.py:161} INFO - Started process (PID=528118) to work on /home/cloud/codings/airflow/dags/2_dag_Generate_Semantic_Model.py
[2026-03-11T04:31:11.641+0000] {processor.py:830} INFO - Processing file /home/cloud/codings/airflow/dags/2_dag_Generate_Semantic_Model.py for tasks to queue
[2026-03-11T04:31:11.643+0000] {logging_mixin.py:188} INFO - [2026-03-11T04:31:11.642+0000] {dagbag.py:545} INFO - Filling up the DagBag from /home/cloud/codings/airflow/dags/2_dag_Generate_Semantic_Model.py
[2026-03-11T04:31:11.694+0000] {processor.py:840} INFO - DAG(s) '2_dag_Generate_Semantic_Model' retrieved from /home/cloud/codings/airflow/dags/2_dag_Generate_Semantic_Model.py
[2026-03-11T04:31:11.744+0000] {logging_mixin.py:188} INFO - [2026-03-11T04:31:11.743+0000] {dag.py:3089} INFO - Sync 1 DAGs
[2026-03-11T04:31:11.778+0000] {logging_mixin.py:188} INFO - [2026-03-11T04:31:11.778+0000] {dag.py:3947} INFO - Setting next_dagrun for 2_dag_Generate_Semantic_Model to None, run_after=None
[2026-03-11T04:31:11.842+0000] {processor.py:183} INFO - Processing /home/cloud/codings/airflow/dags/2_dag_Generate_Semantic_Model.py took 0.224 seconds
[2026-03-11T04:31:42.321+0000] {processor.py:161} INFO - Started process (PID=528146) to work on /home/cloud/codings/airflow/dags/2_dag_Generate_Semantic_Model.py
[2026-03-11T04:31:42.338+0000] {processor.py:830} INFO - Processing file /home/cloud/codings/airflow/dags/2_dag_Generate_Semantic_Model.py for tasks to queue
[2026-03-11T04:31:42.340+0000] {logging_mixin.py:188} INFO - [2026-03-11T04:31:42.339+0000] {dagbag.py:545} INFO - Filling up the DagBag from /home/cloud/codings/airflow/dags/2_dag_Generate_Semantic_Model.py
[2026-03-11T04:31:42.378+0000] {processor.py:840} INFO - DAG(s) '2_dag_Generate_Semantic_Model' retrieved from /home/cloud/codings/airflow/dags/2_dag_Generate_Semantic_Model.py
[2026-03-11T04:31:42.401+0000] {logging_mixin.py:188} INFO - [2026-03-11T04:31:42.400+0000] {dag.py:3089} INFO - Sync 1 DAGs
[2026-03-11T04:31:42.422+0000] {logging_mixin.py:188} INFO - [2026-03-11T04:31:42.421+0000] {dag.py:3947} INFO - Setting next_dagrun for 2_dag_Generate_Semantic_Model to None, run_after=None
[2026-03-11T04:31:42.462+0000] {processor.py:183} INFO - Processing /home/cloud/codings/airflow/dags/2_dag_Generate_Semantic_Model.py took 0.156 seconds
[2026-03-11T04:32:12.939+0000] {processor.py:161} INFO - Started process (PID=528231) to work on /home/cloud/codings/airflow/dags/2_dag_Generate_Semantic_Model.py
[2026-03-11T04:32:12.941+0000] {processor.py:830} INFO - Processing file /home/cloud/codings/airflow/dags/2_dag_Generate_Semantic_Model.py for tasks to queue
[2026-03-11T04:32:12.942+0000] {logging_mixin.py:188} INFO - [2026-03-11T04:32:12.941+0000] {dagbag.py:545} INFO - Filling up the DagBag from /home/cloud/codings/airflow/dags/2_dag_Generate_Semantic_Model.py
[2026-03-11T04:32:12.979+0000] {processor.py:840} INFO - DAG(s) '2_dag_Generate_Semantic_Model' retrieved from /home/cloud/codings/airflow/dags/2_dag_Generate_Semantic_Model.py
[2026-03-11T04:32:13.004+0000] {logging_mixin.py:188} INFO - [2026-03-11T04:32:13.003+0000] {dag.py:3089} INFO - Sync 1 DAGs
[2026-03-11T04:32:13.022+0000] {logging_mixin.py:188} INFO - [2026-03-11T04:32:13.022+0000] {dag.py:3947} INFO - Setting next_dagrun for 2_dag_Generate_Semantic_Model to None, run_after=None
[2026-03-11T04:32:13.062+0000] {processor.py:183} INFO - Processing /home/cloud/codings/airflow/dags/2_dag_Generate_Semantic_Model.py took 0.134 seconds
[2026-03-11T04:32:43.343+0000] {processor.py:161} INFO - Started process (PID=528252) to work on /home/cloud/codings/airflow/dags/2_dag_Generate_Semantic_Model.py
[2026-03-11T04:32:43.345+0000] {processor.py:830} INFO - Processing file /home/cloud/codings/airflow/dags/2_dag_Generate_Semantic_Model.py for tasks to queue
[2026-03-11T04:32:43.346+0000] {logging_mixin.py:188} INFO - [2026-03-11T04:32:43.345+0000] {dagbag.py:545} INFO - Filling up the DagBag from /home/cloud/codings/airflow/dags/2_dag_Generate_Semantic_Model.py
[2026-03-11T04:32:43.411+0000] {processor.py:840} INFO - DAG(s) '2_dag_Generate_Semantic_Model' retrieved from /home/cloud/codings/airflow/dags/2_dag_Generate_Semantic_Model.py
[2026-03-11T04:32:43.446+0000] {logging_mixin.py:188} INFO - [2026-03-11T04:32:43.446+0000] {dag.py:3089} INFO - Sync 1 DAGs
[2026-03-11T04:32:43.467+0000] {logging_mixin.py:188} INFO - [2026-03-11T04:32:43.467+0000] {dag.py:3947} INFO - Setting next_dagrun for 2_dag_Generate_Semantic_Model to None, run_after=None
[2026-03-11T04:32:43.501+0000] {processor.py:183} INFO - Processing /home/cloud/codings/airflow/dags/2_dag_Generate_Semantic_Model.py took 0.169 seconds
[2026-03-11T04:33:14.130+0000] {processor.py:161} INFO - Started process (PID=528337) to work on /home/cloud/codings/airflow/dags/2_dag_Generate_Semantic_Model.py
[2026-03-11T04:33:14.147+0000] {processor.py:830} INFO - Processing file /home/cloud/codings/airflow/dags/2_dag_Generate_Semantic_Model.py for tasks to queue
[2026-03-11T04:33:14.149+0000] {logging_mixin.py:188} INFO - [2026-03-11T04:33:14.148+0000] {dagbag.py:545} INFO - Filling up the DagBag from /home/cloud/codings/airflow/dags/2_dag_Generate_Semantic_Model.py
[2026-03-11T04:33:14.185+0000] {processor.py:840} INFO - DAG(s) '2_dag_Generate_Semantic_Model' retrieved from /home/cloud/codings/airflow/dags/2_dag_Generate_Semantic_Model.py
[2026-03-11T04:33:14.202+0000] {logging_mixin.py:188} INFO - [2026-03-11T04:33:14.202+0000] {dag.py:3089} INFO - Sync 1 DAGs
[2026-03-11T04:33:14.214+0000] {logging_mixin.py:188} INFO - [2026-03-11T04:33:14.214+0000] {dag.py:3947} INFO - Setting next_dagrun for 2_dag_Generate_Semantic_Model to None, run_after=None
[2026-03-11T04:33:14.237+0000] {processor.py:183} INFO - Processing /home/cloud/codings/airflow/dags/2_dag_Generate_Semantic_Model.py took 0.135 seconds
[2026-03-11T04:33:44.615+0000] {processor.py:161} INFO - Started process (PID=528363) to work on /home/cloud/codings/airflow/dags/2_dag_Generate_Semantic_Model.py
[2026-03-11T04:33:44.617+0000] {processor.py:830} INFO - Processing file /home/cloud/codings/airflow/dags/2_dag_Generate_Semantic_Model.py for tasks to queue
[2026-03-11T04:33:44.621+0000] {logging_mixin.py:188} INFO - [2026-03-11T04:33:44.618+0000] {dagbag.py:545} INFO - Filling up the DagBag from /home/cloud/codings/airflow/dags/2_dag_Generate_Semantic_Model.py
[2026-03-11T04:33:44.674+0000] {processor.py:840} INFO - DAG(s) '2_dag_Generate_Semantic_Model' retrieved from /home/cloud/codings/airflow/dags/2_dag_Generate_Semantic_Model.py
[2026-03-11T04:33:44.708+0000] {logging_mixin.py:188} INFO - [2026-03-11T04:33:44.708+0000] {dag.py:3089} INFO - Sync 1 DAGs
[2026-03-11T04:33:44.741+0000] {logging_mixin.py:188} INFO - [2026-03-11T04:33:44.740+0000] {dag.py:3947} INFO - Setting next_dagrun for 2_dag_Generate_Semantic_Model to None, run_after=None
[2026-03-11T04:33:44.785+0000] {processor.py:183} INFO - Processing /home/cloud/codings/airflow/dags/2_dag_Generate_Semantic_Model.py took 0.191 seconds
[2026-03-11T04:34:15.202+0000] {processor.py:161} INFO - Started process (PID=528446) to work on /home/cloud/codings/airflow/dags/2_dag_Generate_Semantic_Model.py
[2026-03-11T04:34:15.204+0000] {processor.py:830} INFO - Processing file /home/cloud/codings/airflow/dags/2_dag_Generate_Semantic_Model.py for tasks to queue
[2026-03-11T04:34:15.206+0000] {logging_mixin.py:188} INFO - [2026-03-11T04:34:15.205+0000] {dagbag.py:545} INFO - Filling up the DagBag from /home/cloud/codings/airflow/dags/2_dag_Generate_Semantic_Model.py
[2026-03-11T04:34:15.250+0000] {processor.py:840} INFO - DAG(s) '2_dag_Generate_Semantic_Model' retrieved from /home/cloud/codings/airflow/dags/2_dag_Generate_Semantic_Model.py
[2026-03-11T04:34:15.279+0000] {logging_mixin.py:188} INFO - [2026-03-11T04:34:15.278+0000] {dag.py:3089} INFO - Sync 1 DAGs
[2026-03-11T04:34:15.303+0000] {logging_mixin.py:188} INFO - [2026-03-11T04:34:15.303+0000] {dag.py:3947} INFO - Setting next_dagrun for 2_dag_Generate_Semantic_Model to None, run_after=None
[2026-03-11T04:34:15.346+0000] {processor.py:183} INFO - Processing /home/cloud/codings/airflow/dags/2_dag_Generate_Semantic_Model.py took 0.157 seconds
[2026-03-11T04:34:45.738+0000] {processor.py:161} INFO - Started process (PID=528535) to work on /home/cloud/codings/airflow/dags/2_dag_Generate_Semantic_Model.py
[2026-03-11T04:34:45.740+0000] {processor.py:830} INFO - Processing file /home/cloud/codings/airflow/dags/2_dag_Generate_Semantic_Model.py for tasks to queue
[2026-03-11T04:34:45.751+0000] {logging_mixin.py:188} INFO - [2026-03-11T04:34:45.741+0000] {dagbag.py:545} INFO - Filling up the DagBag from /home/cloud/codings/airflow/dags/2_dag_Generate_Semantic_Model.py
[2026-03-11T04:34:45.835+0000] {processor.py:840} INFO - DAG(s) '2_dag_Generate_Semantic_Model' retrieved from /home/cloud/codings/airflow/dags/2_dag_Generate_Semantic_Model.py
[2026-03-11T04:34:45.876+0000] {logging_mixin.py:188} INFO - [2026-03-11T04:34:45.876+0000] {dag.py:3089} INFO - Sync 1 DAGs
[2026-03-11T04:34:45.919+0000] {logging_mixin.py:188} INFO - [2026-03-11T04:34:45.918+0000] {dag.py:3947} INFO - Setting next_dagrun for 2_dag_Generate_Semantic_Model to None, run_after=None
[2026-03-11T04:34:45.948+0000] {processor.py:183} INFO - Processing /home/cloud/codings/airflow/dags/2_dag_Generate_Semantic_Model.py took 0.239 seconds
[2026-03-11T04:35:16.401+0000] {processor.py:161} INFO - Started process (PID=528674) to work on /home/cloud/codings/airflow/dags/2_dag_Generate_Semantic_Model.py
[2026-03-11T04:35:16.422+0000] {processor.py:830} INFO - Processing file /home/cloud/codings/airflow/dags/2_dag_Generate_Semantic_Model.py for tasks to queue
[2026-03-11T04:35:16.424+0000] {logging_mixin.py:188} INFO - [2026-03-11T04:35:16.423+0000] {dagbag.py:545} INFO - Filling up the DagBag from /home/cloud/codings/airflow/dags/2_dag_Generate_Semantic_Model.py
[2026-03-11T04:35:16.462+0000] {processor.py:840} INFO - DAG(s) '2_dag_Generate_Semantic_Model' retrieved from /home/cloud/codings/airflow/dags/2_dag_Generate_Semantic_Model.py
[2026-03-11T04:35:16.486+0000] {logging_mixin.py:188} INFO - [2026-03-11T04:35:16.486+0000] {dag.py:3089} INFO - Sync 1 DAGs
[2026-03-11T04:35:16.500+0000] {logging_mixin.py:188} INFO - [2026-03-11T04:35:16.500+0000] {dag.py:3947} INFO - Setting next_dagrun for 2_dag_Generate_Semantic_Model to None, run_after=None
[2026-03-11T04:35:16.558+0000] {processor.py:183} INFO - Processing /home/cloud/codings/airflow/dags/2_dag_Generate_Semantic_Model.py took 0.164 seconds
[2026-03-11T04:35:47.060+0000] {processor.py:161} INFO - Started process (PID=528724) to work on /home/cloud/codings/airflow/dags/2_dag_Generate_Semantic_Model.py
[2026-03-11T04:35:47.086+0000] {processor.py:830} INFO - Processing file /home/cloud/codings/airflow/dags/2_dag_Generate_Semantic_Model.py for tasks to queue
[2026-03-11T04:35:47.089+0000] {logging_mixin.py:188} INFO - [2026-03-11T04:35:47.088+0000] {dagbag.py:545} INFO - Filling up the DagBag from /home/cloud/codings/airflow/dags/2_dag_Generate_Semantic_Model.py
[2026-03-11T04:35:47.127+0000] {processor.py:840} INFO - DAG(s) '2_dag_Generate_Semantic_Model' retrieved from /home/cloud/codings/airflow/dags/2_dag_Generate_Semantic_Model.py
[2026-03-11T04:35:47.148+0000] {logging_mixin.py:188} INFO - [2026-03-11T04:35:47.148+0000] {dag.py:3089} INFO - Sync 1 DAGs
[2026-03-11T04:35:47.165+0000] {logging_mixin.py:188} INFO - [2026-03-11T04:35:47.165+0000] {dag.py:3947} INFO - Setting next_dagrun for 2_dag_Generate_Semantic_Model to None, run_after=None
[2026-03-11T04:35:47.199+0000] {processor.py:183} INFO - Processing /home/cloud/codings/airflow/dags/2_dag_Generate_Semantic_Model.py took 0.162 seconds
[2026-03-11T04:36:17.761+0000] {processor.py:161} INFO - Started process (PID=528782) to work on /home/cloud/codings/airflow/dags/2_dag_Generate_Semantic_Model.py
[2026-03-11T04:36:17.791+0000] {processor.py:830} INFO - Processing file /home/cloud/codings/airflow/dags/2_dag_Generate_Semantic_Model.py for tasks to queue
[2026-03-11T04:36:17.794+0000] {logging_mixin.py:188} INFO - [2026-03-11T04:36:17.793+0000] {dagbag.py:545} INFO - Filling up the DagBag from /home/cloud/codings/airflow/dags/2_dag_Generate_Semantic_Model.py
[2026-03-11T04:36:17.857+0000] {processor.py:840} INFO - DAG(s) '2_dag_Generate_Semantic_Model' retrieved from /home/cloud/codings/airflow/dags/2_dag_Generate_Semantic_Model.py
[2026-03-11T04:36:17.898+0000] {logging_mixin.py:188} INFO - [2026-03-11T04:36:17.897+0000] {dag.py:3089} INFO - Sync 1 DAGs
[2026-03-11T04:36:17.936+0000] {logging_mixin.py:188} INFO - [2026-03-11T04:36:17.935+0000] {dag.py:3947} INFO - Setting next_dagrun for 2_dag_Generate_Semantic_Model to None, run_after=None
[2026-03-11T04:36:18.034+0000] {processor.py:183} INFO - Processing /home/cloud/codings/airflow/dags/2_dag_Generate_Semantic_Model.py took 0.291 seconds
[2026-03-11T04:36:48.753+0000] {processor.py:161} INFO - Started process (PID=528871) to work on /home/cloud/codings/airflow/dags/2_dag_Generate_Semantic_Model.py
[2026-03-11T04:36:48.784+0000] {processor.py:830} INFO - Processing file /home/cloud/codings/airflow/dags/2_dag_Generate_Semantic_Model.py for tasks to queue
[2026-03-11T04:36:48.786+0000] {logging_mixin.py:188} INFO - [2026-03-11T04:36:48.785+0000] {dagbag.py:545} INFO - Filling up the DagBag from /home/cloud/codings/airflow/dags/2_dag_Generate_Semantic_Model.py
[2026-03-11T04:36:48.820+0000] {processor.py:840} INFO - DAG(s) '2_dag_Generate_Semantic_Model' retrieved from /home/cloud/codings/airflow/dags/2_dag_Generate_Semantic_Model.py
[2026-03-11T04:36:48.839+0000] {logging_mixin.py:188} INFO - [2026-03-11T04:36:48.839+0000] {dag.py:3089} INFO - Sync 1 DAGs
[2026-03-11T04:36:48.853+0000] {logging_mixin.py:188} INFO - [2026-03-11T04:36:48.853+0000] {dag.py:3947} INFO - Setting next_dagrun for 2_dag_Generate_Semantic_Model to None, run_after=None
[2026-03-11T04:36:48.879+0000] {processor.py:183} INFO - Processing /home/cloud/codings/airflow/dags/2_dag_Generate_Semantic_Model.py took 0.142 seconds
[2026-03-11T04:37:19.717+0000] {processor.py:161} INFO - Started process (PID=528896) to work on /home/cloud/codings/airflow/dags/2_dag_Generate_Semantic_Model.py
[2026-03-11T04:37:19.744+0000] {processor.py:830} INFO - Processing file /home/cloud/codings/airflow/dags/2_dag_Generate_Semantic_Model.py for tasks to queue
[2026-03-11T04:37:19.749+0000] {logging_mixin.py:188} INFO - [2026-03-11T04:37:19.747+0000] {dagbag.py:545} INFO - Filling up the DagBag from /home/cloud/codings/airflow/dags/2_dag_Generate_Semantic_Model.py
[2026-03-11T04:37:19.870+0000] {processor.py:840} INFO - DAG(s) '2_dag_Generate_Semantic_Model' retrieved from /home/cloud/codings/airflow/dags/2_dag_Generate_Semantic_Model.py
[2026-03-11T04:37:19.954+0000] {logging_mixin.py:188} INFO - [2026-03-11T04:37:19.952+0000] {dag.py:3089} INFO - Sync 1 DAGs
[2026-03-11T04:37:20.031+0000] {logging_mixin.py:188} INFO - [2026-03-11T04:37:20.030+0000] {dag.py:3947} INFO - Setting next_dagrun for 2_dag_Generate_Semantic_Model to None, run_after=None
[2026-03-11T04:37:20.201+0000] {processor.py:183} INFO - Processing /home/cloud/codings/airflow/dags/2_dag_Generate_Semantic_Model.py took 0.519 seconds
[2026-03-11T04:37:50.605+0000] {processor.py:161} INFO - Started process (PID=528981) to work on /home/cloud/codings/airflow/dags/2_dag_Generate_Semantic_Model.py
[2026-03-11T04:37:50.607+0000] {processor.py:830} INFO - Processing file /home/cloud/codings/airflow/dags/2_dag_Generate_Semantic_Model.py for tasks to queue
[2026-03-11T04:37:50.609+0000] {logging_mixin.py:188} INFO - [2026-03-11T04:37:50.608+0000] {dagbag.py:545} INFO - Filling up the DagBag from /home/cloud/codings/airflow/dags/2_dag_Generate_Semantic_Model.py
[2026-03-11T04:37:50.662+0000] {processor.py:840} INFO - DAG(s) '2_dag_Generate_Semantic_Model' retrieved from /home/cloud/codings/airflow/dags/2_dag_Generate_Semantic_Model.py
[2026-03-11T04:37:50.695+0000] {logging_mixin.py:188} INFO - [2026-03-11T04:37:50.694+0000] {dag.py:3089} INFO - Sync 1 DAGs
[2026-03-11T04:37:50.727+0000] {logging_mixin.py:188} INFO - [2026-03-11T04:37:50.725+0000] {dag.py:3947} INFO - Setting next_dagrun for 2_dag_Generate_Semantic_Model to None, run_after=None
[2026-03-11T04:37:50.779+0000] {processor.py:183} INFO - Processing /home/cloud/codings/airflow/dags/2_dag_Generate_Semantic_Model.py took 0.189 seconds
[2026-03-11T04:38:21.133+0000] {processor.py:161} INFO - Started process (PID=529002) to work on /home/cloud/codings/airflow/dags/2_dag_Generate_Semantic_Model.py
[2026-03-11T04:38:21.136+0000] {processor.py:830} INFO - Processing file /home/cloud/codings/airflow/dags/2_dag_Generate_Semantic_Model.py for tasks to queue
[2026-03-11T04:38:21.146+0000] {logging_mixin.py:188} INFO - [2026-03-11T04:38:21.136+0000] {dagbag.py:545} INFO - Filling up the DagBag from /home/cloud/codings/airflow/dags/2_dag_Generate_Semantic_Model.py
[2026-03-11T04:38:21.246+0000] {processor.py:840} INFO - DAG(s) '2_dag_Generate_Semantic_Model' retrieved from /home/cloud/codings/airflow/dags/2_dag_Generate_Semantic_Model.py
[2026-03-11T04:38:21.320+0000] {logging_mixin.py:188} INFO - [2026-03-11T04:38:21.319+0000] {dag.py:3089} INFO - Sync 1 DAGs
[2026-03-11T04:38:21.370+0000] {logging_mixin.py:188} INFO - [2026-03-11T04:38:21.370+0000] {dag.py:3947} INFO - Setting next_dagrun for 2_dag_Generate_Semantic_Model to None, run_after=None
[2026-03-11T04:38:21.491+0000] {processor.py:183} INFO - Processing /home/cloud/codings/airflow/dags/2_dag_Generate_Semantic_Model.py took 0.377 seconds
[2026-03-11T04:38:51.794+0000] {processor.py:161} INFO - Started process (PID=529091) to work on /home/cloud/codings/airflow/dags/2_dag_Generate_Semantic_Model.py
[2026-03-11T04:38:51.800+0000] {processor.py:830} INFO - Processing file /home/cloud/codings/airflow/dags/2_dag_Generate_Semantic_Model.py for tasks to queue
[2026-03-11T04:38:51.806+0000] {logging_mixin.py:188} INFO - [2026-03-11T04:38:51.804+0000] {dagbag.py:545} INFO - Filling up the DagBag from /home/cloud/codings/airflow/dags/2_dag_Generate_Semantic_Model.py
[2026-03-11T04:38:51.839+0000] {processor.py:840} INFO - DAG(s) '2_dag_Generate_Semantic_Model' retrieved from /home/cloud/codings/airflow/dags/2_dag_Generate_Semantic_Model.py
[2026-03-11T04:38:51.857+0000] {logging_mixin.py:188} INFO - [2026-03-11T04:38:51.857+0000] {dag.py:3089} INFO - Sync 1 DAGs
[2026-03-11T04:38:51.871+0000] {logging_mixin.py:188} INFO - [2026-03-11T04:38:51.871+0000] {dag.py:3947} INFO - Setting next_dagrun for 2_dag_Generate_Semantic_Model to None, run_after=None
[2026-03-11T04:38:51.896+0000] {processor.py:183} INFO - Processing /home/cloud/codings/airflow/dags/2_dag_Generate_Semantic_Model.py took 0.124 seconds
[2026-03-11T04:39:22.350+0000] {processor.py:161} INFO - Started process (PID=529116) to work on /home/cloud/codings/airflow/dags/2_dag_Generate_Semantic_Model.py
[2026-03-11T04:39:22.369+0000] {processor.py:830} INFO - Processing file /home/cloud/codings/airflow/dags/2_dag_Generate_Semantic_Model.py for tasks to queue
[2026-03-11T04:39:22.373+0000] {logging_mixin.py:188} INFO - [2026-03-11T04:39:22.371+0000] {dagbag.py:545} INFO - Filling up the DagBag from /home/cloud/codings/airflow/dags/2_dag_Generate_Semantic_Model.py
[2026-03-11T04:39:22.452+0000] {processor.py:840} INFO - DAG(s) '2_dag_Generate_Semantic_Model' retrieved from /home/cloud/codings/airflow/dags/2_dag_Generate_Semantic_Model.py
[2026-03-11T04:39:22.500+0000] {logging_mixin.py:188} INFO - [2026-03-11T04:39:22.499+0000] {dag.py:3089} INFO - Sync 1 DAGs
[2026-03-11T04:39:22.544+0000] {logging_mixin.py:188} INFO - [2026-03-11T04:39:22.544+0000] {dag.py:3947} INFO - Setting next_dagrun for 2_dag_Generate_Semantic_Model to None, run_after=None
[2026-03-11T04:39:22.611+0000] {processor.py:183} INFO - Processing /home/cloud/codings/airflow/dags/2_dag_Generate_Semantic_Model.py took 0.280 seconds
[2026-03-11T04:39:53.138+0000] {processor.py:161} INFO - Started process (PID=529201) to work on /home/cloud/codings/airflow/dags/2_dag_Generate_Semantic_Model.py
[2026-03-11T04:39:53.155+0000] {processor.py:830} INFO - Processing file /home/cloud/codings/airflow/dags/2_dag_Generate_Semantic_Model.py for tasks to queue
[2026-03-11T04:39:53.156+0000] {logging_mixin.py:188} INFO - [2026-03-11T04:39:53.156+0000] {dagbag.py:545} INFO - Filling up the DagBag from /home/cloud/codings/airflow/dags/2_dag_Generate_Semantic_Model.py
[2026-03-11T04:39:53.183+0000] {processor.py:840} INFO - DAG(s) '2_dag_Generate_Semantic_Model' retrieved from /home/cloud/codings/airflow/dags/2_dag_Generate_Semantic_Model.py
[2026-03-11T04:39:53.202+0000] {logging_mixin.py:188} INFO - [2026-03-11T04:39:53.202+0000] {dag.py:3089} INFO - Sync 1 DAGs
[2026-03-11T04:39:53.217+0000] {logging_mixin.py:188} INFO - [2026-03-11T04:39:53.217+0000] {dag.py:3947} INFO - Setting next_dagrun for 2_dag_Generate_Semantic_Model to None, run_after=None
[2026-03-11T04:39:53.247+0000] {processor.py:183} INFO - Processing /home/cloud/codings/airflow/dags/2_dag_Generate_Semantic_Model.py took 0.119 seconds
[2026-03-11T04:40:23.948+0000] {processor.py:161} INFO - Started process (PID=529286) to work on /home/cloud/codings/airflow/dags/2_dag_Generate_Semantic_Model.py
[2026-03-11T04:40:23.958+0000] {processor.py:830} INFO - Processing file /home/cloud/codings/airflow/dags/2_dag_Generate_Semantic_Model.py for tasks to queue
[2026-03-11T04:40:23.964+0000] {logging_mixin.py:188} INFO - [2026-03-11T04:40:23.962+0000] {dagbag.py:545} INFO - Filling up the DagBag from /home/cloud/codings/airflow/dags/2_dag_Generate_Semantic_Model.py
[2026-03-11T04:40:24.081+0000] {processor.py:840} INFO - DAG(s) '2_dag_Generate_Semantic_Model' retrieved from /home/cloud/codings/airflow/dags/2_dag_Generate_Semantic_Model.py
[2026-03-11T04:40:24.132+0000] {logging_mixin.py:188} INFO - [2026-03-11T04:40:24.132+0000] {dag.py:3089} INFO - Sync 1 DAGs
[2026-03-11T04:40:24.157+0000] {logging_mixin.py:188} INFO - [2026-03-11T04:40:24.157+0000] {dag.py:3947} INFO - Setting next_dagrun for 2_dag_Generate_Semantic_Model to None, run_after=None
[2026-03-11T04:40:24.216+0000] {processor.py:183} INFO - Processing /home/cloud/codings/airflow/dags/2_dag_Generate_Semantic_Model.py took 0.305 seconds
[2026-03-11T04:40:55.023+0000] {processor.py:161} INFO - Started process (PID=529367) to work on /home/cloud/codings/airflow/dags/2_dag_Generate_Semantic_Model.py
[2026-03-11T04:40:55.042+0000] {processor.py:830} INFO - Processing file /home/cloud/codings/airflow/dags/2_dag_Generate_Semantic_Model.py for tasks to queue
[2026-03-11T04:40:55.045+0000] {logging_mixin.py:188} INFO - [2026-03-11T04:40:55.044+0000] {dagbag.py:545} INFO - Filling up the DagBag from /home/cloud/codings/airflow/dags/2_dag_Generate_Semantic_Model.py
[2026-03-11T04:40:55.091+0000] {processor.py:840} INFO - DAG(s) '2_dag_Generate_Semantic_Model' retrieved from /home/cloud/codings/airflow/dags/2_dag_Generate_Semantic_Model.py
[2026-03-11T04:40:55.119+0000] {logging_mixin.py:188} INFO - [2026-03-11T04:40:55.119+0000] {dag.py:3089} INFO - Sync 1 DAGs
[2026-03-11T04:40:55.140+0000] {logging_mixin.py:188} INFO - [2026-03-11T04:40:55.139+0000] {dag.py:3947} INFO - Setting next_dagrun for 2_dag_Generate_Semantic_Model to None, run_after=None
[2026-03-11T04:40:55.193+0000] {processor.py:183} INFO - Processing /home/cloud/codings/airflow/dags/2_dag_Generate_Semantic_Model.py took 0.189 seconds
[2026-03-11T04:41:25.724+0000] {processor.py:161} INFO - Started process (PID=529390) to work on /home/cloud/codings/airflow/dags/2_dag_Generate_Semantic_Model.py
[2026-03-11T04:41:25.754+0000] {processor.py:830} INFO - Processing file /home/cloud/codings/airflow/dags/2_dag_Generate_Semantic_Model.py for tasks to queue
[2026-03-11T04:41:25.760+0000] {logging_mixin.py:188} INFO - [2026-03-11T04:41:25.757+0000] {dagbag.py:545} INFO - Filling up the DagBag from /home/cloud/codings/airflow/dags/2_dag_Generate_Semantic_Model.py
[2026-03-11T04:41:25.877+0000] {processor.py:840} INFO - DAG(s) '2_dag_Generate_Semantic_Model' retrieved from /home/cloud/codings/airflow/dags/2_dag_Generate_Semantic_Model.py
[2026-03-11T04:41:25.951+0000] {logging_mixin.py:188} INFO - [2026-03-11T04:41:25.950+0000] {dag.py:3089} INFO - Sync 1 DAGs
[2026-03-11T04:41:26.020+0000] {logging_mixin.py:188} INFO - [2026-03-11T04:41:26.018+0000] {dag.py:3947} INFO - Setting next_dagrun for 2_dag_Generate_Semantic_Model to None, run_after=None
[2026-03-11T04:41:26.148+0000] {processor.py:183} INFO - Processing /home/cloud/codings/airflow/dags/2_dag_Generate_Semantic_Model.py took 0.455 seconds
[2026-03-11T04:41:56.894+0000] {processor.py:161} INFO - Started process (PID=529477) to work on /home/cloud/codings/airflow/dags/2_dag_Generate_Semantic_Model.py
[2026-03-11T04:41:56.921+0000] {processor.py:830} INFO - Processing file /home/cloud/codings/airflow/dags/2_dag_Generate_Semantic_Model.py for tasks to queue
[2026-03-11T04:41:56.923+0000] {logging_mixin.py:188} INFO - [2026-03-11T04:41:56.922+0000] {dagbag.py:545} INFO - Filling up the DagBag from /home/cloud/codings/airflow/dags/2_dag_Generate_Semantic_Model.py
[2026-03-11T04:41:56.982+0000] {processor.py:840} INFO - DAG(s) '2_dag_Generate_Semantic_Model' retrieved from /home/cloud/codings/airflow/dags/2_dag_Generate_Semantic_Model.py
[2026-03-11T04:41:57.004+0000] {logging_mixin.py:188} INFO - [2026-03-11T04:41:57.003+0000] {dag.py:3089} INFO - Sync 1 DAGs
[2026-03-11T04:41:57.018+0000] {logging_mixin.py:188} INFO - [2026-03-11T04:41:57.018+0000] {dag.py:3947} INFO - Setting next_dagrun for 2_dag_Generate_Semantic_Model to None, run_after=None
[2026-03-11T04:41:57.063+0000] {processor.py:183} INFO - Processing /home/cloud/codings/airflow/dags/2_dag_Generate_Semantic_Model.py took 0.187 seconds
[2026-03-11T04:42:27.882+0000] {processor.py:161} INFO - Started process (PID=529502) to work on /home/cloud/codings/airflow/dags/2_dag_Generate_Semantic_Model.py
[2026-03-11T04:42:27.908+0000] {processor.py:830} INFO - Processing file /home/cloud/codings/airflow/dags/2_dag_Generate_Semantic_Model.py for tasks to queue
[2026-03-11T04:42:27.912+0000] {logging_mixin.py:188} INFO - [2026-03-11T04:42:27.911+0000] {dagbag.py:545} INFO - Filling up the DagBag from /home/cloud/codings/airflow/dags/2_dag_Generate_Semantic_Model.py
[2026-03-11T04:42:27.978+0000] {processor.py:840} INFO - DAG(s) '2_dag_Generate_Semantic_Model' retrieved from /home/cloud/codings/airflow/dags/2_dag_Generate_Semantic_Model.py
[2026-03-11T04:42:28.000+0000] {logging_mixin.py:188} INFO - [2026-03-11T04:42:28.000+0000] {dag.py:3089} INFO - Sync 1 DAGs
[2026-03-11T04:42:28.016+0000] {logging_mixin.py:188} INFO - [2026-03-11T04:42:28.016+0000] {dag.py:3947} INFO - Setting next_dagrun for 2_dag_Generate_Semantic_Model to None, run_after=None
[2026-03-11T04:42:28.054+0000] {processor.py:183} INFO - Processing /home/cloud/codings/airflow/dags/2_dag_Generate_Semantic_Model.py took 0.187 seconds
[2026-03-11T04:42:58.472+0000] {processor.py:161} INFO - Started process (PID=529591) to work on /home/cloud/codings/airflow/dags/2_dag_Generate_Semantic_Model.py
[2026-03-11T04:42:58.475+0000] {processor.py:830} INFO - Processing file /home/cloud/codings/airflow/dags/2_dag_Generate_Semantic_Model.py for tasks to queue
[2026-03-11T04:42:58.477+0000] {logging_mixin.py:188} INFO - [2026-03-11T04:42:58.477+0000] {dagbag.py:545} INFO - Filling up the DagBag from /home/cloud/codings/airflow/dags/2_dag_Generate_Semantic_Model.py
[2026-03-11T04:42:58.523+0000] {processor.py:840} INFO - DAG(s) '2_dag_Generate_Semantic_Model' retrieved from /home/cloud/codings/airflow/dags/2_dag_Generate_Semantic_Model.py
[2026-03-11T04:42:58.543+0000] {logging_mixin.py:188} INFO - [2026-03-11T04:42:58.542+0000] {dag.py:3089} INFO - Sync 1 DAGs
[2026-03-11T04:42:58.559+0000] {logging_mixin.py:188} INFO - [2026-03-11T04:42:58.558+0000] {dag.py:3947} INFO - Setting next_dagrun for 2_dag_Generate_Semantic_Model to None, run_after=None
[2026-03-11T04:42:58.592+0000] {processor.py:183} INFO - Processing /home/cloud/codings/airflow/dags/2_dag_Generate_Semantic_Model.py took 0.134 seconds
[2026-03-11T04:43:29.026+0000] {processor.py:161} INFO - Started process (PID=529612) to work on /home/cloud/codings/airflow/dags/2_dag_Generate_Semantic_Model.py
[2026-03-11T04:43:29.051+0000] {processor.py:830} INFO - Processing file /home/cloud/codings/airflow/dags/2_dag_Generate_Semantic_Model.py for tasks to queue
[2026-03-11T04:43:29.054+0000] {logging_mixin.py:188} INFO - [2026-03-11T04:43:29.053+0000] {dagbag.py:545} INFO - Filling up the DagBag from /home/cloud/codings/airflow/dags/2_dag_Generate_Semantic_Model.py
[2026-03-11T04:43:29.100+0000] {processor.py:840} INFO - DAG(s) '2_dag_Generate_Semantic_Model' retrieved from /home/cloud/codings/airflow/dags/2_dag_Generate_Semantic_Model.py
[2026-03-11T04:43:29.124+0000] {logging_mixin.py:188} INFO - [2026-03-11T04:43:29.124+0000] {dag.py:3089} INFO - Sync 1 DAGs
[2026-03-11T04:43:29.137+0000] {logging_mixin.py:188} INFO - [2026-03-11T04:43:29.137+0000] {dag.py:3947} INFO - Setting next_dagrun for 2_dag_Generate_Semantic_Model to None, run_after=None
[2026-03-11T04:43:29.189+0000] {processor.py:183} INFO - Processing /home/cloud/codings/airflow/dags/2_dag_Generate_Semantic_Model.py took 0.180 seconds
[2026-03-11T04:43:59.468+0000] {processor.py:161} INFO - Started process (PID=529696) to work on /home/cloud/codings/airflow/dags/2_dag_Generate_Semantic_Model.py
[2026-03-11T04:43:59.486+0000] {processor.py:830} INFO - Processing file /home/cloud/codings/airflow/dags/2_dag_Generate_Semantic_Model.py for tasks to queue
[2026-03-11T04:43:59.488+0000] {logging_mixin.py:188} INFO - [2026-03-11T04:43:59.487+0000] {dagbag.py:545} INFO - Filling up the DagBag from /home/cloud/codings/airflow/dags/2_dag_Generate_Semantic_Model.py
[2026-03-11T04:43:59.536+0000] {processor.py:840} INFO - DAG(s) '2_dag_Generate_Semantic_Model' retrieved from /home/cloud/codings/airflow/dags/2_dag_Generate_Semantic_Model.py
[2026-03-11T04:43:59.569+0000] {logging_mixin.py:188} INFO - [2026-03-11T04:43:59.568+0000] {dag.py:3089} INFO - Sync 1 DAGs
[2026-03-11T04:43:59.595+0000] {logging_mixin.py:188} INFO - [2026-03-11T04:43:59.595+0000] {dag.py:3947} INFO - Setting next_dagrun for 2_dag_Generate_Semantic_Model to None, run_after=None
[2026-03-11T04:43:59.658+0000] {processor.py:183} INFO - Processing /home/cloud/codings/airflow/dags/2_dag_Generate_Semantic_Model.py took 0.201 seconds
[2026-03-11T04:44:30.119+0000] {processor.py:161} INFO - Started process (PID=529721) to work on /home/cloud/codings/airflow/dags/2_dag_Generate_Semantic_Model.py
[2026-03-11T04:44:30.138+0000] {processor.py:830} INFO - Processing file /home/cloud/codings/airflow/dags/2_dag_Generate_Semantic_Model.py for tasks to queue
[2026-03-11T04:44:30.139+0000] {logging_mixin.py:188} INFO - [2026-03-11T04:44:30.139+0000] {dagbag.py:545} INFO - Filling up the DagBag from /home/cloud/codings/airflow/dags/2_dag_Generate_Semantic_Model.py
[2026-03-11T04:44:30.170+0000] {processor.py:840} INFO - DAG(s) '2_dag_Generate_Semantic_Model' retrieved from /home/cloud/codings/airflow/dags/2_dag_Generate_Semantic_Model.py
[2026-03-11T04:44:30.188+0000] {logging_mixin.py:188} INFO - [2026-03-11T04:44:30.188+0000] {dag.py:3089} INFO - Sync 1 DAGs
[2026-03-11T04:44:30.203+0000] {logging_mixin.py:188} INFO - [2026-03-11T04:44:30.203+0000] {dag.py:3947} INFO - Setting next_dagrun for 2_dag_Generate_Semantic_Model to None, run_after=None
[2026-03-11T04:44:30.233+0000] {processor.py:183} INFO - Processing /home/cloud/codings/airflow/dags/2_dag_Generate_Semantic_Model.py took 0.125 seconds
[2026-03-11T04:45:00.696+0000] {processor.py:161} INFO - Started process (PID=529810) to work on /home/cloud/codings/airflow/dags/2_dag_Generate_Semantic_Model.py
[2026-03-11T04:45:00.697+0000] {processor.py:830} INFO - Processing file /home/cloud/codings/airflow/dags/2_dag_Generate_Semantic_Model.py for tasks to queue
[2026-03-11T04:45:00.698+0000] {logging_mixin.py:188} INFO - [2026-03-11T04:45:00.698+0000] {dagbag.py:545} INFO - Filling up the DagBag from /home/cloud/codings/airflow/dags/2_dag_Generate_Semantic_Model.py
[2026-03-11T04:45:00.727+0000] {processor.py:840} INFO - DAG(s) '2_dag_Generate_Semantic_Model' retrieved from /home/cloud/codings/airflow/dags/2_dag_Generate_Semantic_Model.py
[2026-03-11T04:45:00.746+0000] {logging_mixin.py:188} INFO - [2026-03-11T04:45:00.746+0000] {dag.py:3089} INFO - Sync 1 DAGs
[2026-03-11T04:45:00.764+0000] {logging_mixin.py:188} INFO - [2026-03-11T04:45:00.764+0000] {dag.py:3947} INFO - Setting next_dagrun for 2_dag_Generate_Semantic_Model to None, run_after=None
[2026-03-11T04:45:00.814+0000] {processor.py:183} INFO - Processing /home/cloud/codings/airflow/dags/2_dag_Generate_Semantic_Model.py took 0.127 seconds
[2026-03-11T04:45:31.401+0000] {processor.py:161} INFO - Started process (PID=529893) to work on /home/cloud/codings/airflow/dags/2_dag_Generate_Semantic_Model.py
[2026-03-11T04:45:31.431+0000] {processor.py:830} INFO - Processing file /home/cloud/codings/airflow/dags/2_dag_Generate_Semantic_Model.py for tasks to queue
[2026-03-11T04:45:31.439+0000] {logging_mixin.py:188} INFO - [2026-03-11T04:45:31.436+0000] {dagbag.py:545} INFO - Filling up the DagBag from /home/cloud/codings/airflow/dags/2_dag_Generate_Semantic_Model.py
[2026-03-11T04:45:31.512+0000] {processor.py:840} INFO - DAG(s) '2_dag_Generate_Semantic_Model' retrieved from /home/cloud/codings/airflow/dags/2_dag_Generate_Semantic_Model.py
[2026-03-11T04:45:31.541+0000] {logging_mixin.py:188} INFO - [2026-03-11T04:45:31.540+0000] {dag.py:3089} INFO - Sync 1 DAGs
[2026-03-11T04:45:31.563+0000] {logging_mixin.py:188} INFO - [2026-03-11T04:45:31.563+0000] {dag.py:3947} INFO - Setting next_dagrun for 2_dag_Generate_Semantic_Model to None, run_after=None
[2026-03-11T04:45:31.590+0000] {processor.py:183} INFO - Processing /home/cloud/codings/airflow/dags/2_dag_Generate_Semantic_Model.py took 0.227 seconds
[2026-03-11T04:46:02.142+0000] {processor.py:161} INFO - Started process (PID=529978) to work on /home/cloud/codings/airflow/dags/2_dag_Generate_Semantic_Model.py
[2026-03-11T04:46:02.169+0000] {processor.py:830} INFO - Processing file /home/cloud/codings/airflow/dags/2_dag_Generate_Semantic_Model.py for tasks to queue
[2026-03-11T04:46:02.171+0000] {logging_mixin.py:188} INFO - [2026-03-11T04:46:02.170+0000] {dagbag.py:545} INFO - Filling up the DagBag from /home/cloud/codings/airflow/dags/2_dag_Generate_Semantic_Model.py
[2026-03-11T04:46:02.211+0000] {processor.py:840} INFO - DAG(s) '2_dag_Generate_Semantic_Model' retrieved from /home/cloud/codings/airflow/dags/2_dag_Generate_Semantic_Model.py
[2026-03-11T04:46:02.237+0000] {logging_mixin.py:188} INFO - [2026-03-11T04:46:02.237+0000] {dag.py:3089} INFO - Sync 1 DAGs
[2026-03-11T04:46:02.260+0000] {logging_mixin.py:188} INFO - [2026-03-11T04:46:02.259+0000] {dag.py:3947} INFO - Setting next_dagrun for 2_dag_Generate_Semantic_Model to None, run_after=None
[2026-03-11T04:46:02.310+0000] {processor.py:183} INFO - Processing /home/cloud/codings/airflow/dags/2_dag_Generate_Semantic_Model.py took 0.180 seconds
[2026-03-11T04:46:32.808+0000] {processor.py:161} INFO - Started process (PID=529997) to work on /home/cloud/codings/airflow/dags/2_dag_Generate_Semantic_Model.py
[2026-03-11T04:46:32.833+0000] {processor.py:830} INFO - Processing file /home/cloud/codings/airflow/dags/2_dag_Generate_Semantic_Model.py for tasks to queue
[2026-03-11T04:46:32.835+0000] {logging_mixin.py:188} INFO - [2026-03-11T04:46:32.834+0000] {dagbag.py:545} INFO - Filling up the DagBag from /home/cloud/codings/airflow/dags/2_dag_Generate_Semantic_Model.py
[2026-03-11T04:46:32.874+0000] {processor.py:840} INFO - DAG(s) '2_dag_Generate_Semantic_Model' retrieved from /home/cloud/codings/airflow/dags/2_dag_Generate_Semantic_Model.py
[2026-03-11T04:46:32.889+0000] {logging_mixin.py:188} INFO - [2026-03-11T04:46:32.889+0000] {dag.py:3089} INFO - Sync 1 DAGs
[2026-03-11T04:46:32.901+0000] {logging_mixin.py:188} INFO - [2026-03-11T04:46:32.901+0000] {dag.py:3947} INFO - Setting next_dagrun for 2_dag_Generate_Semantic_Model to None, run_after=None
[2026-03-11T04:46:32.951+0000] {processor.py:183} INFO - Processing /home/cloud/codings/airflow/dags/2_dag_Generate_Semantic_Model.py took 0.154 seconds
[2026-03-11T04:47:03.408+0000] {processor.py:161} INFO - Started process (PID=530084) to work on /home/cloud/codings/airflow/dags/2_dag_Generate_Semantic_Model.py
[2026-03-11T04:47:03.426+0000] {processor.py:830} INFO - Processing file /home/cloud/codings/airflow/dags/2_dag_Generate_Semantic_Model.py for tasks to queue
[2026-03-11T04:47:03.427+0000] {logging_mixin.py:188} INFO - [2026-03-11T04:47:03.427+0000] {dagbag.py:545} INFO - Filling up the DagBag from /home/cloud/codings/airflow/dags/2_dag_Generate_Semantic_Model.py
[2026-03-11T04:47:03.463+0000] {processor.py:840} INFO - DAG(s) '2_dag_Generate_Semantic_Model' retrieved from /home/cloud/codings/airflow/dags/2_dag_Generate_Semantic_Model.py
[2026-03-11T04:47:03.478+0000] {logging_mixin.py:188} INFO - [2026-03-11T04:47:03.478+0000] {dag.py:3089} INFO - Sync 1 DAGs
[2026-03-11T04:47:03.491+0000] {logging_mixin.py:188} INFO - [2026-03-11T04:47:03.491+0000] {dag.py:3947} INFO - Setting next_dagrun for 2_dag_Generate_Semantic_Model to None, run_after=None
[2026-03-11T04:47:03.525+0000] {processor.py:183} INFO - Processing /home/cloud/codings/airflow/dags/2_dag_Generate_Semantic_Model.py took 0.128 seconds
[2026-03-11T04:47:33.970+0000] {processor.py:161} INFO - Started process (PID=530107) to work on /home/cloud/codings/airflow/dags/2_dag_Generate_Semantic_Model.py
[2026-03-11T04:47:34.005+0000] {processor.py:830} INFO - Processing file /home/cloud/codings/airflow/dags/2_dag_Generate_Semantic_Model.py for tasks to queue
[2026-03-11T04:47:34.007+0000] {logging_mixin.py:188} INFO - [2026-03-11T04:47:34.006+0000] {dagbag.py:545} INFO - Filling up the DagBag from /home/cloud/codings/airflow/dags/2_dag_Generate_Semantic_Model.py
[2026-03-11T04:47:34.045+0000] {processor.py:840} INFO - DAG(s) '2_dag_Generate_Semantic_Model' retrieved from /home/cloud/codings/airflow/dags/2_dag_Generate_Semantic_Model.py
[2026-03-11T04:47:34.063+0000] {logging_mixin.py:188} INFO - [2026-03-11T04:47:34.063+0000] {dag.py:3089} INFO - Sync 1 DAGs
[2026-03-11T04:47:34.078+0000] {logging_mixin.py:188} INFO - [2026-03-11T04:47:34.077+0000] {dag.py:3947} INFO - Setting next_dagrun for 2_dag_Generate_Semantic_Model to None, run_after=None
[2026-03-11T04:47:34.106+0000] {processor.py:183} INFO - Processing /home/cloud/codings/airflow/dags/2_dag_Generate_Semantic_Model.py took 0.157 seconds
[2026-03-11T04:48:04.818+0000] {processor.py:161} INFO - Started process (PID=530194) to work on /home/cloud/codings/airflow/dags/2_dag_Generate_Semantic_Model.py
[2026-03-11T04:48:04.838+0000] {processor.py:830} INFO - Processing file /home/cloud/codings/airflow/dags/2_dag_Generate_Semantic_Model.py for tasks to queue
[2026-03-11T04:48:04.843+0000] {logging_mixin.py:188} INFO - [2026-03-11T04:48:04.841+0000] {dagbag.py:545} INFO - Filling up the DagBag from /home/cloud/codings/airflow/dags/2_dag_Generate_Semantic_Model.py
[2026-03-11T04:48:04.922+0000] {processor.py:840} INFO - DAG(s) '2_dag_Generate_Semantic_Model' retrieved from /home/cloud/codings/airflow/dags/2_dag_Generate_Semantic_Model.py
[2026-03-11T04:48:04.952+0000] {logging_mixin.py:188} INFO - [2026-03-11T04:48:04.952+0000] {dag.py:3089} INFO - Sync 1 DAGs
[2026-03-11T04:48:04.970+0000] {logging_mixin.py:188} INFO - [2026-03-11T04:48:04.970+0000] {dag.py:3947} INFO - Setting next_dagrun for 2_dag_Generate_Semantic_Model to None, run_after=None
[2026-03-11T04:48:05.003+0000] {processor.py:183} INFO - Processing /home/cloud/codings/airflow/dags/2_dag_Generate_Semantic_Model.py took 0.210 seconds
[2026-03-11T04:48:35.455+0000] {processor.py:161} INFO - Started process (PID=530221) to work on /home/cloud/codings/airflow/dags/2_dag_Generate_Semantic_Model.py
[2026-03-11T04:48:35.481+0000] {processor.py:830} INFO - Processing file /home/cloud/codings/airflow/dags/2_dag_Generate_Semantic_Model.py for tasks to queue
[2026-03-11T04:48:35.483+0000] {logging_mixin.py:188} INFO - [2026-03-11T04:48:35.483+0000] {dagbag.py:545} INFO - Filling up the DagBag from /home/cloud/codings/airflow/dags/2_dag_Generate_Semantic_Model.py
[2026-03-11T04:48:35.531+0000] {processor.py:840} INFO - DAG(s) '2_dag_Generate_Semantic_Model' retrieved from /home/cloud/codings/airflow/dags/2_dag_Generate_Semantic_Model.py
[2026-03-11T04:48:35.549+0000] {logging_mixin.py:188} INFO - [2026-03-11T04:48:35.549+0000] {dag.py:3089} INFO - Sync 1 DAGs
[2026-03-11T04:48:35.562+0000] {logging_mixin.py:188} INFO - [2026-03-11T04:48:35.562+0000] {dag.py:3947} INFO - Setting next_dagrun for 2_dag_Generate_Semantic_Model to None, run_after=None
[2026-03-11T04:48:35.584+0000] {processor.py:183} INFO - Processing /home/cloud/codings/airflow/dags/2_dag_Generate_Semantic_Model.py took 0.143 seconds
[2026-03-11T04:49:05.882+0000] {processor.py:161} INFO - Started process (PID=530302) to work on /home/cloud/codings/airflow/dags/2_dag_Generate_Semantic_Model.py
[2026-03-11T04:49:05.883+0000] {processor.py:830} INFO - Processing file /home/cloud/codings/airflow/dags/2_dag_Generate_Semantic_Model.py for tasks to queue
[2026-03-11T04:49:05.884+0000] {logging_mixin.py:188} INFO - [2026-03-11T04:49:05.883+0000] {dagbag.py:545} INFO - Filling up the DagBag from /home/cloud/codings/airflow/dags/2_dag_Generate_Semantic_Model.py
[2026-03-11T04:49:05.911+0000] {processor.py:840} INFO - DAG(s) '2_dag_Generate_Semantic_Model' retrieved from /home/cloud/codings/airflow/dags/2_dag_Generate_Semantic_Model.py
[2026-03-11T04:49:05.928+0000] {logging_mixin.py:188} INFO - [2026-03-11T04:49:05.928+0000] {dag.py:3089} INFO - Sync 1 DAGs
[2026-03-11T04:49:05.942+0000] {logging_mixin.py:188} INFO - [2026-03-11T04:49:05.942+0000] {dag.py:3947} INFO - Setting next_dagrun for 2_dag_Generate_Semantic_Model to None, run_after=None
[2026-03-11T04:49:05.970+0000] {processor.py:183} INFO - Processing /home/cloud/codings/airflow/dags/2_dag_Generate_Semantic_Model.py took 0.098 seconds
[2026-03-11T04:49:36.354+0000] {processor.py:161} INFO - Started process (PID=530325) to work on /home/cloud/codings/airflow/dags/2_dag_Generate_Semantic_Model.py
[2026-03-11T04:49:36.377+0000] {processor.py:830} INFO - Processing file /home/cloud/codings/airflow/dags/2_dag_Generate_Semantic_Model.py for tasks to queue
[2026-03-11T04:49:36.379+0000] {logging_mixin.py:188} INFO - [2026-03-11T04:49:36.378+0000] {dagbag.py:545} INFO - Filling up the DagBag from /home/cloud/codings/airflow/dags/2_dag_Generate_Semantic_Model.py
[2026-03-11T04:49:36.433+0000] {processor.py:840} INFO - DAG(s) '2_dag_Generate_Semantic_Model' retrieved from /home/cloud/codings/airflow/dags/2_dag_Generate_Semantic_Model.py
[2026-03-11T04:49:36.463+0000] {logging_mixin.py:188} INFO - [2026-03-11T04:49:36.462+0000] {dag.py:3089} INFO - Sync 1 DAGs
[2026-03-11T04:49:36.488+0000] {logging_mixin.py:188} INFO - [2026-03-11T04:49:36.488+0000] {dag.py:3947} INFO - Setting next_dagrun for 2_dag_Generate_Semantic_Model to None, run_after=None
[2026-03-11T04:49:36.556+0000] {processor.py:183} INFO - Processing /home/cloud/codings/airflow/dags/2_dag_Generate_Semantic_Model.py took 0.213 seconds
[2026-03-11T04:50:07.017+0000] {processor.py:161} INFO - Started process (PID=530472) to work on /home/cloud/codings/airflow/dags/2_dag_Generate_Semantic_Model.py
[2026-03-11T04:50:07.042+0000] {processor.py:830} INFO - Processing file /home/cloud/codings/airflow/dags/2_dag_Generate_Semantic_Model.py for tasks to queue
[2026-03-11T04:50:07.044+0000] {logging_mixin.py:188} INFO - [2026-03-11T04:50:07.043+0000] {dagbag.py:545} INFO - Filling up the DagBag from /home/cloud/codings/airflow/dags/2_dag_Generate_Semantic_Model.py
[2026-03-11T04:50:07.080+0000] {processor.py:840} INFO - DAG(s) '2_dag_Generate_Semantic_Model' retrieved from /home/cloud/codings/airflow/dags/2_dag_Generate_Semantic_Model.py
[2026-03-11T04:50:07.097+0000] {logging_mixin.py:188} INFO - [2026-03-11T04:50:07.097+0000] {dag.py:3089} INFO - Sync 1 DAGs
[2026-03-11T04:50:07.112+0000] {logging_mixin.py:188} INFO - [2026-03-11T04:50:07.111+0000] {dag.py:3947} INFO - Setting next_dagrun for 2_dag_Generate_Semantic_Model to None, run_after=None
[2026-03-11T04:50:07.180+0000] {processor.py:183} INFO - Processing /home/cloud/codings/airflow/dags/2_dag_Generate_Semantic_Model.py took 0.168 seconds
[2026-03-11T04:50:37.671+0000] {processor.py:161} INFO - Started process (PID=530499) to work on /home/cloud/codings/airflow/dags/2_dag_Generate_Semantic_Model.py
[2026-03-11T04:50:37.674+0000] {processor.py:830} INFO - Processing file /home/cloud/codings/airflow/dags/2_dag_Generate_Semantic_Model.py for tasks to queue
[2026-03-11T04:50:37.678+0000] {logging_mixin.py:188} INFO - [2026-03-11T04:50:37.676+0000] {dagbag.py:545} INFO - Filling up the DagBag from /home/cloud/codings/airflow/dags/2_dag_Generate_Semantic_Model.py
[2026-03-11T04:50:37.753+0000] {processor.py:840} INFO - DAG(s) '2_dag_Generate_Semantic_Model' retrieved from /home/cloud/codings/airflow/dags/2_dag_Generate_Semantic_Model.py
[2026-03-11T04:50:37.803+0000] {logging_mixin.py:188} INFO - [2026-03-11T04:50:37.802+0000] {dag.py:3089} INFO - Sync 1 DAGs
[2026-03-11T04:50:37.828+0000] {logging_mixin.py:188} INFO - [2026-03-11T04:50:37.828+0000] {dag.py:3947} INFO - Setting next_dagrun for 2_dag_Generate_Semantic_Model to None, run_after=None
[2026-03-11T04:50:37.898+0000] {processor.py:183} INFO - Processing /home/cloud/codings/airflow/dags/2_dag_Generate_Semantic_Model.py took 0.252 seconds
[2026-03-11T04:51:08.170+0000] {processor.py:161} INFO - Started process (PID=530584) to work on /home/cloud/codings/airflow/dags/2_dag_Generate_Semantic_Model.py
[2026-03-11T04:51:08.190+0000] {processor.py:830} INFO - Processing file /home/cloud/codings/airflow/dags/2_dag_Generate_Semantic_Model.py for tasks to queue
[2026-03-11T04:51:08.192+0000] {logging_mixin.py:188} INFO - [2026-03-11T04:51:08.191+0000] {dagbag.py:545} INFO - Filling up the DagBag from /home/cloud/codings/airflow/dags/2_dag_Generate_Semantic_Model.py
[2026-03-11T04:51:08.226+0000] {processor.py:840} INFO - DAG(s) '2_dag_Generate_Semantic_Model' retrieved from /home/cloud/codings/airflow/dags/2_dag_Generate_Semantic_Model.py
[2026-03-11T04:51:08.243+0000] {logging_mixin.py:188} INFO - [2026-03-11T04:51:08.243+0000] {dag.py:3089} INFO - Sync 1 DAGs
[2026-03-11T04:51:08.258+0000] {logging_mixin.py:188} INFO - [2026-03-11T04:51:08.258+0000] {dag.py:3947} INFO - Setting next_dagrun for 2_dag_Generate_Semantic_Model to None, run_after=None
[2026-03-11T04:51:08.286+0000] {processor.py:183} INFO - Processing /home/cloud/codings/airflow/dags/2_dag_Generate_Semantic_Model.py took 0.137 seconds
[2026-03-11T04:51:38.666+0000] {processor.py:161} INFO - Started process (PID=530618) to work on /home/cloud/codings/airflow/dags/2_dag_Generate_Semantic_Model.py
[2026-03-11T04:51:38.667+0000] {processor.py:830} INFO - Processing file /home/cloud/codings/airflow/dags/2_dag_Generate_Semantic_Model.py for tasks to queue
[2026-03-11T04:51:38.668+0000] {logging_mixin.py:188} INFO - [2026-03-11T04:51:38.667+0000] {dagbag.py:545} INFO - Filling up the DagBag from /home/cloud/codings/airflow/dags/2_dag_Generate_Semantic_Model.py
[2026-03-11T04:51:38.698+0000] {processor.py:840} INFO - DAG(s) '2_dag_Generate_Semantic_Model' retrieved from /home/cloud/codings/airflow/dags/2_dag_Generate_Semantic_Model.py
[2026-03-11T04:51:38.714+0000] {logging_mixin.py:188} INFO - [2026-03-11T04:51:38.714+0000] {dag.py:3089} INFO - Sync 1 DAGs
[2026-03-11T04:51:38.729+0000] {logging_mixin.py:188} INFO - [2026-03-11T04:51:38.728+0000] {dag.py:3947} INFO - Setting next_dagrun for 2_dag_Generate_Semantic_Model to None, run_after=None
[2026-03-11T04:51:38.757+0000] {processor.py:183} INFO - Processing /home/cloud/codings/airflow/dags/2_dag_Generate_Semantic_Model.py took 0.098 seconds
[2026-03-11T04:52:09.438+0000] {processor.py:161} INFO - Started process (PID=530709) to work on /home/cloud/codings/airflow/dags/2_dag_Generate_Semantic_Model.py
[2026-03-11T04:52:09.458+0000] {processor.py:830} INFO - Processing file /home/cloud/codings/airflow/dags/2_dag_Generate_Semantic_Model.py for tasks to queue
[2026-03-11T04:52:09.460+0000] {logging_mixin.py:188} INFO - [2026-03-11T04:52:09.459+0000] {dagbag.py:545} INFO - Filling up the DagBag from /home/cloud/codings/airflow/dags/2_dag_Generate_Semantic_Model.py
[2026-03-11T04:52:09.504+0000] {processor.py:840} INFO - DAG(s) '2_dag_Generate_Semantic_Model' retrieved from /home/cloud/codings/airflow/dags/2_dag_Generate_Semantic_Model.py
[2026-03-11T04:52:09.533+0000] {logging_mixin.py:188} INFO - [2026-03-11T04:52:09.533+0000] {dag.py:3089} INFO - Sync 1 DAGs
[2026-03-11T04:52:09.558+0000] {logging_mixin.py:188} INFO - [2026-03-11T04:52:09.558+0000] {dag.py:3947} INFO - Setting next_dagrun for 2_dag_Generate_Semantic_Model to None, run_after=None
[2026-03-11T04:52:09.617+0000] {processor.py:183} INFO - Processing /home/cloud/codings/airflow/dags/2_dag_Generate_Semantic_Model.py took 0.190 seconds
[2026-03-11T04:52:40.067+0000] {processor.py:161} INFO - Started process (PID=530736) to work on /home/cloud/codings/airflow/dags/2_dag_Generate_Semantic_Model.py
[2026-03-11T04:52:40.089+0000] {processor.py:830} INFO - Processing file /home/cloud/codings/airflow/dags/2_dag_Generate_Semantic_Model.py for tasks to queue
[2026-03-11T04:52:40.091+0000] {logging_mixin.py:188} INFO - [2026-03-11T04:52:40.090+0000] {dagbag.py:545} INFO - Filling up the DagBag from /home/cloud/codings/airflow/dags/2_dag_Generate_Semantic_Model.py
[2026-03-11T04:52:40.140+0000] {processor.py:840} INFO - DAG(s) '2_dag_Generate_Semantic_Model' retrieved from /home/cloud/codings/airflow/dags/2_dag_Generate_Semantic_Model.py
[2026-03-11T04:52:40.173+0000] {logging_mixin.py:188} INFO - [2026-03-11T04:52:40.173+0000] {dag.py:3089} INFO - Sync 1 DAGs
[2026-03-11T04:52:40.199+0000] {logging_mixin.py:188} INFO - [2026-03-11T04:52:40.198+0000] {dag.py:3947} INFO - Setting next_dagrun for 2_dag_Generate_Semantic_Model to None, run_after=None
[2026-03-11T04:52:40.240+0000] {processor.py:183} INFO - Processing /home/cloud/codings/airflow/dags/2_dag_Generate_Semantic_Model.py took 0.181 seconds
[2026-03-11T04:53:10.731+0000] {processor.py:161} INFO - Started process (PID=530823) to work on /home/cloud/codings/airflow/dags/2_dag_Generate_Semantic_Model.py
[2026-03-11T04:53:10.759+0000] {processor.py:830} INFO - Processing file /home/cloud/codings/airflow/dags/2_dag_Generate_Semantic_Model.py for tasks to queue
[2026-03-11T04:53:10.761+0000] {logging_mixin.py:188} INFO - [2026-03-11T04:53:10.760+0000] {dagbag.py:545} INFO - Filling up the DagBag from /home/cloud/codings/airflow/dags/2_dag_Generate_Semantic_Model.py
[2026-03-11T04:53:10.796+0000] {processor.py:840} INFO - DAG(s) '2_dag_Generate_Semantic_Model' retrieved from /home/cloud/codings/airflow/dags/2_dag_Generate_Semantic_Model.py
[2026-03-11T04:53:10.810+0000] {logging_mixin.py:188} INFO - [2026-03-11T04:53:10.810+0000] {dag.py:3089} INFO - Sync 1 DAGs
[2026-03-11T04:53:10.822+0000] {logging_mixin.py:188} INFO - [2026-03-11T04:53:10.821+0000] {dag.py:3947} INFO - Setting next_dagrun for 2_dag_Generate_Semantic_Model to None, run_after=None
[2026-03-11T04:53:10.864+0000] {processor.py:183} INFO - Processing /home/cloud/codings/airflow/dags/2_dag_Generate_Semantic_Model.py took 0.140 seconds
[2026-03-11T04:53:41.379+0000] {processor.py:161} INFO - Started process (PID=530846) to work on /home/cloud/codings/airflow/dags/2_dag_Generate_Semantic_Model.py
[2026-03-11T04:53:41.401+0000] {processor.py:830} INFO - Processing file /home/cloud/codings/airflow/dags/2_dag_Generate_Semantic_Model.py for tasks to queue
[2026-03-11T04:53:41.403+0000] {logging_mixin.py:188} INFO - [2026-03-11T04:53:41.402+0000] {dagbag.py:545} INFO - Filling up the DagBag from /home/cloud/codings/airflow/dags/2_dag_Generate_Semantic_Model.py
[2026-03-11T04:53:41.429+0000] {processor.py:840} INFO - DAG(s) '2_dag_Generate_Semantic_Model' retrieved from /home/cloud/codings/airflow/dags/2_dag_Generate_Semantic_Model.py
[2026-03-11T04:53:41.448+0000] {logging_mixin.py:188} INFO - [2026-03-11T04:53:41.447+0000] {dag.py:3089} INFO - Sync 1 DAGs
[2026-03-11T04:53:41.459+0000] {logging_mixin.py:188} INFO - [2026-03-11T04:53:41.459+0000] {dag.py:3947} INFO - Setting next_dagrun for 2_dag_Generate_Semantic_Model to None, run_after=None
[2026-03-11T04:53:41.482+0000] {processor.py:183} INFO - Processing /home/cloud/codings/airflow/dags/2_dag_Generate_Semantic_Model.py took 0.110 seconds
[2026-03-11T04:54:11.988+0000] {processor.py:161} INFO - Started process (PID=530931) to work on /home/cloud/codings/airflow/dags/2_dag_Generate_Semantic_Model.py
[2026-03-11T04:54:12.017+0000] {processor.py:830} INFO - Processing file /home/cloud/codings/airflow/dags/2_dag_Generate_Semantic_Model.py for tasks to queue
[2026-03-11T04:54:12.019+0000] {logging_mixin.py:188} INFO - [2026-03-11T04:54:12.018+0000] {dagbag.py:545} INFO - Filling up the DagBag from /home/cloud/codings/airflow/dags/2_dag_Generate_Semantic_Model.py
[2026-03-11T04:54:12.049+0000] {processor.py:840} INFO - DAG(s) '2_dag_Generate_Semantic_Model' retrieved from /home/cloud/codings/airflow/dags/2_dag_Generate_Semantic_Model.py
[2026-03-11T04:54:12.062+0000] {logging_mixin.py:188} INFO - [2026-03-11T04:54:12.062+0000] {dag.py:3089} INFO - Sync 1 DAGs
[2026-03-11T04:54:12.075+0000] {logging_mixin.py:188} INFO - [2026-03-11T04:54:12.075+0000] {dag.py:3947} INFO - Setting next_dagrun for 2_dag_Generate_Semantic_Model to None, run_after=None
[2026-03-11T04:54:12.104+0000] {processor.py:183} INFO - Processing /home/cloud/codings/airflow/dags/2_dag_Generate_Semantic_Model.py took 0.122 seconds
[2026-03-11T04:54:42.446+0000] {processor.py:161} INFO - Started process (PID=530956) to work on /home/cloud/codings/airflow/dags/2_dag_Generate_Semantic_Model.py
[2026-03-11T04:54:42.450+0000] {processor.py:830} INFO - Processing file /home/cloud/codings/airflow/dags/2_dag_Generate_Semantic_Model.py for tasks to queue
[2026-03-11T04:54:42.453+0000] {logging_mixin.py:188} INFO - [2026-03-11T04:54:42.452+0000] {dagbag.py:545} INFO - Filling up the DagBag from /home/cloud/codings/airflow/dags/2_dag_Generate_Semantic_Model.py
[2026-03-11T04:54:42.517+0000] {processor.py:840} INFO - DAG(s) '2_dag_Generate_Semantic_Model' retrieved from /home/cloud/codings/airflow/dags/2_dag_Generate_Semantic_Model.py
[2026-03-11T04:54:42.552+0000] {logging_mixin.py:188} INFO - [2026-03-11T04:54:42.552+0000] {dag.py:3089} INFO - Sync 1 DAGs
[2026-03-11T04:54:42.574+0000] {logging_mixin.py:188} INFO - [2026-03-11T04:54:42.574+0000] {dag.py:3947} INFO - Setting next_dagrun for 2_dag_Generate_Semantic_Model to None, run_after=None
[2026-03-11T04:54:42.632+0000] {processor.py:183} INFO - Processing /home/cloud/codings/airflow/dags/2_dag_Generate_Semantic_Model.py took 0.200 seconds
[2026-03-11T04:55:13.023+0000] {processor.py:161} INFO - Started process (PID=531099) to work on /home/cloud/codings/airflow/dags/2_dag_Generate_Semantic_Model.py
[2026-03-11T04:55:13.042+0000] {processor.py:830} INFO - Processing file /home/cloud/codings/airflow/dags/2_dag_Generate_Semantic_Model.py for tasks to queue
[2026-03-11T04:55:13.043+0000] {logging_mixin.py:188} INFO - [2026-03-11T04:55:13.043+0000] {dagbag.py:545} INFO - Filling up the DagBag from /home/cloud/codings/airflow/dags/2_dag_Generate_Semantic_Model.py
[2026-03-11T04:55:13.074+0000] {processor.py:840} INFO - DAG(s) '2_dag_Generate_Semantic_Model' retrieved from /home/cloud/codings/airflow/dags/2_dag_Generate_Semantic_Model.py
[2026-03-11T04:55:13.087+0000] {logging_mixin.py:188} INFO - [2026-03-11T04:55:13.086+0000] {dag.py:3089} INFO - Sync 1 DAGs
[2026-03-11T04:55:13.097+0000] {logging_mixin.py:188} INFO - [2026-03-11T04:55:13.097+0000] {dag.py:3947} INFO - Setting next_dagrun for 2_dag_Generate_Semantic_Model to None, run_after=None
[2026-03-11T04:55:13.118+0000] {processor.py:183} INFO - Processing /home/cloud/codings/airflow/dags/2_dag_Generate_Semantic_Model.py took 0.108 seconds
[2026-03-11T04:55:43.571+0000] {processor.py:161} INFO - Started process (PID=531126) to work on /home/cloud/codings/airflow/dags/2_dag_Generate_Semantic_Model.py
[2026-03-11T04:55:43.589+0000] {processor.py:830} INFO - Processing file /home/cloud/codings/airflow/dags/2_dag_Generate_Semantic_Model.py for tasks to queue
[2026-03-11T04:55:43.591+0000] {logging_mixin.py:188} INFO - [2026-03-11T04:55:43.590+0000] {dagbag.py:545} INFO - Filling up the DagBag from /home/cloud/codings/airflow/dags/2_dag_Generate_Semantic_Model.py
[2026-03-11T04:55:43.623+0000] {processor.py:840} INFO - DAG(s) '2_dag_Generate_Semantic_Model' retrieved from /home/cloud/codings/airflow/dags/2_dag_Generate_Semantic_Model.py
[2026-03-11T04:55:43.639+0000] {logging_mixin.py:188} INFO - [2026-03-11T04:55:43.639+0000] {dag.py:3089} INFO - Sync 1 DAGs
[2026-03-11T04:55:43.651+0000] {logging_mixin.py:188} INFO - [2026-03-11T04:55:43.650+0000] {dag.py:3947} INFO - Setting next_dagrun for 2_dag_Generate_Semantic_Model to None, run_after=None
[2026-03-11T04:55:43.674+0000] {processor.py:183} INFO - Processing /home/cloud/codings/airflow/dags/2_dag_Generate_Semantic_Model.py took 0.110 seconds
[2026-03-11T04:56:14.151+0000] {processor.py:161} INFO - Started process (PID=531209) to work on /home/cloud/codings/airflow/dags/2_dag_Generate_Semantic_Model.py
[2026-03-11T04:56:14.175+0000] {processor.py:830} INFO - Processing file /home/cloud/codings/airflow/dags/2_dag_Generate_Semantic_Model.py for tasks to queue
[2026-03-11T04:56:14.179+0000] {logging_mixin.py:188} INFO - [2026-03-11T04:56:14.177+0000] {dagbag.py:545} INFO - Filling up the DagBag from /home/cloud/codings/airflow/dags/2_dag_Generate_Semantic_Model.py
[2026-03-11T04:56:14.260+0000] {processor.py:840} INFO - DAG(s) '2_dag_Generate_Semantic_Model' retrieved from /home/cloud/codings/airflow/dags/2_dag_Generate_Semantic_Model.py
[2026-03-11T04:56:14.294+0000] {logging_mixin.py:188} INFO - [2026-03-11T04:56:14.294+0000] {dag.py:3089} INFO - Sync 1 DAGs
[2026-03-11T04:56:14.322+0000] {logging_mixin.py:188} INFO - [2026-03-11T04:56:14.321+0000] {dag.py:3947} INFO - Setting next_dagrun for 2_dag_Generate_Semantic_Model to None, run_after=None
[2026-03-11T04:56:14.399+0000] {processor.py:183} INFO - Processing /home/cloud/codings/airflow/dags/2_dag_Generate_Semantic_Model.py took 0.265 seconds
[2026-03-11T04:56:44.733+0000] {processor.py:161} INFO - Started process (PID=531239) to work on /home/cloud/codings/airflow/dags/2_dag_Generate_Semantic_Model.py
[2026-03-11T04:56:44.735+0000] {processor.py:830} INFO - Processing file /home/cloud/codings/airflow/dags/2_dag_Generate_Semantic_Model.py for tasks to queue
[2026-03-11T04:56:44.737+0000] {logging_mixin.py:188} INFO - [2026-03-11T04:56:44.736+0000] {dagbag.py:545} INFO - Filling up the DagBag from /home/cloud/codings/airflow/dags/2_dag_Generate_Semantic_Model.py
[2026-03-11T04:56:44.770+0000] {processor.py:840} INFO - DAG(s) '2_dag_Generate_Semantic_Model' retrieved from /home/cloud/codings/airflow/dags/2_dag_Generate_Semantic_Model.py
[2026-03-11T04:56:44.785+0000] {logging_mixin.py:188} INFO - [2026-03-11T04:56:44.785+0000] {dag.py:3089} INFO - Sync 1 DAGs
[2026-03-11T04:56:44.797+0000] {logging_mixin.py:188} INFO - [2026-03-11T04:56:44.797+0000] {dag.py:3947} INFO - Setting next_dagrun for 2_dag_Generate_Semantic_Model to None, run_after=None
[2026-03-11T04:56:44.820+0000] {processor.py:183} INFO - Processing /home/cloud/codings/airflow/dags/2_dag_Generate_Semantic_Model.py took 0.101 seconds
[2026-03-11T04:57:15.196+0000] {processor.py:161} INFO - Started process (PID=531318) to work on /home/cloud/codings/airflow/dags/2_dag_Generate_Semantic_Model.py
[2026-03-11T04:57:15.217+0000] {processor.py:830} INFO - Processing file /home/cloud/codings/airflow/dags/2_dag_Generate_Semantic_Model.py for tasks to queue
[2026-03-11T04:57:15.220+0000] {logging_mixin.py:188} INFO - [2026-03-11T04:57:15.219+0000] {dagbag.py:545} INFO - Filling up the DagBag from /home/cloud/codings/airflow/dags/2_dag_Generate_Semantic_Model.py
[2026-03-11T04:57:15.270+0000] {processor.py:840} INFO - DAG(s) '2_dag_Generate_Semantic_Model' retrieved from /home/cloud/codings/airflow/dags/2_dag_Generate_Semantic_Model.py
[2026-03-11T04:57:15.289+0000] {logging_mixin.py:188} INFO - [2026-03-11T04:57:15.289+0000] {dag.py:3089} INFO - Sync 1 DAGs
[2026-03-11T04:57:15.305+0000] {logging_mixin.py:188} INFO - [2026-03-11T04:57:15.304+0000] {dag.py:3947} INFO - Setting next_dagrun for 2_dag_Generate_Semantic_Model to None, run_after=None
[2026-03-11T04:57:15.330+0000] {processor.py:183} INFO - Processing /home/cloud/codings/airflow/dags/2_dag_Generate_Semantic_Model.py took 0.158 seconds
[2026-03-11T04:57:45.703+0000] {processor.py:161} INFO - Started process (PID=531343) to work on /home/cloud/codings/airflow/dags/2_dag_Generate_Semantic_Model.py
[2026-03-11T04:57:45.704+0000] {processor.py:830} INFO - Processing file /home/cloud/codings/airflow/dags/2_dag_Generate_Semantic_Model.py for tasks to queue
[2026-03-11T04:57:45.705+0000] {logging_mixin.py:188} INFO - [2026-03-11T04:57:45.704+0000] {dagbag.py:545} INFO - Filling up the DagBag from /home/cloud/codings/airflow/dags/2_dag_Generate_Semantic_Model.py
[2026-03-11T04:57:45.726+0000] {processor.py:840} INFO - DAG(s) '2_dag_Generate_Semantic_Model' retrieved from /home/cloud/codings/airflow/dags/2_dag_Generate_Semantic_Model.py
[2026-03-11T04:57:45.740+0000] {logging_mixin.py:188} INFO - [2026-03-11T04:57:45.740+0000] {dag.py:3089} INFO - Sync 1 DAGs
[2026-03-11T04:57:45.751+0000] {logging_mixin.py:188} INFO - [2026-03-11T04:57:45.751+0000] {dag.py:3947} INFO - Setting next_dagrun for 2_dag_Generate_Semantic_Model to None, run_after=None
[2026-03-11T04:57:45.778+0000] {processor.py:183} INFO - Processing /home/cloud/codings/airflow/dags/2_dag_Generate_Semantic_Model.py took 0.082 seconds
[2026-03-11T04:58:16.469+0000] {processor.py:161} INFO - Started process (PID=531426) to work on /home/cloud/codings/airflow/dags/2_dag_Generate_Semantic_Model.py
[2026-03-11T04:58:16.500+0000] {processor.py:830} INFO - Processing file /home/cloud/codings/airflow/dags/2_dag_Generate_Semantic_Model.py for tasks to queue
[2026-03-11T04:58:16.504+0000] {logging_mixin.py:188} INFO - [2026-03-11T04:58:16.502+0000] {dagbag.py:545} INFO - Filling up the DagBag from /home/cloud/codings/airflow/dags/2_dag_Generate_Semantic_Model.py
[2026-03-11T04:58:16.587+0000] {processor.py:840} INFO - DAG(s) '2_dag_Generate_Semantic_Model' retrieved from /home/cloud/codings/airflow/dags/2_dag_Generate_Semantic_Model.py
[2026-03-11T04:58:16.619+0000] {logging_mixin.py:188} INFO - [2026-03-11T04:58:16.618+0000] {dag.py:3089} INFO - Sync 1 DAGs
[2026-03-11T04:58:16.642+0000] {logging_mixin.py:188} INFO - [2026-03-11T04:58:16.641+0000] {dag.py:3947} INFO - Setting next_dagrun for 2_dag_Generate_Semantic_Model to None, run_after=None
[2026-03-11T04:58:16.711+0000] {processor.py:183} INFO - Processing /home/cloud/codings/airflow/dags/2_dag_Generate_Semantic_Model.py took 0.248 seconds
[2026-03-11T04:58:47.086+0000] {processor.py:161} INFO - Started process (PID=531457) to work on /home/cloud/codings/airflow/dags/2_dag_Generate_Semantic_Model.py
[2026-03-11T04:58:47.087+0000] {processor.py:830} INFO - Processing file /home/cloud/codings/airflow/dags/2_dag_Generate_Semantic_Model.py for tasks to queue
[2026-03-11T04:58:47.089+0000] {logging_mixin.py:188} INFO - [2026-03-11T04:58:47.088+0000] {dagbag.py:545} INFO - Filling up the DagBag from /home/cloud/codings/airflow/dags/2_dag_Generate_Semantic_Model.py
[2026-03-11T04:58:47.123+0000] {processor.py:840} INFO - DAG(s) '2_dag_Generate_Semantic_Model' retrieved from /home/cloud/codings/airflow/dags/2_dag_Generate_Semantic_Model.py
[2026-03-11T04:58:47.138+0000] {logging_mixin.py:188} INFO - [2026-03-11T04:58:47.137+0000] {dag.py:3089} INFO - Sync 1 DAGs
[2026-03-11T04:58:47.150+0000] {logging_mixin.py:188} INFO - [2026-03-11T04:58:47.150+0000] {dag.py:3947} INFO - Setting next_dagrun for 2_dag_Generate_Semantic_Model to None, run_after=None
[2026-03-11T04:58:47.173+0000] {processor.py:183} INFO - Processing /home/cloud/codings/airflow/dags/2_dag_Generate_Semantic_Model.py took 0.098 seconds
[2026-03-11T04:59:17.515+0000] {processor.py:161} INFO - Started process (PID=531540) to work on /home/cloud/codings/airflow/dags/2_dag_Generate_Semantic_Model.py
[2026-03-11T04:59:17.535+0000] {processor.py:830} INFO - Processing file /home/cloud/codings/airflow/dags/2_dag_Generate_Semantic_Model.py for tasks to queue
[2026-03-11T04:59:17.537+0000] {logging_mixin.py:188} INFO - [2026-03-11T04:59:17.536+0000] {dagbag.py:545} INFO - Filling up the DagBag from /home/cloud/codings/airflow/dags/2_dag_Generate_Semantic_Model.py
[2026-03-11T04:59:17.590+0000] {processor.py:840} INFO - DAG(s) '2_dag_Generate_Semantic_Model' retrieved from /home/cloud/codings/airflow/dags/2_dag_Generate_Semantic_Model.py
[2026-03-11T04:59:17.624+0000] {logging_mixin.py:188} INFO - [2026-03-11T04:59:17.623+0000] {dag.py:3089} INFO - Sync 1 DAGs
[2026-03-11T04:59:17.638+0000] {logging_mixin.py:188} INFO - [2026-03-11T04:59:17.638+0000] {dag.py:3947} INFO - Setting next_dagrun for 2_dag_Generate_Semantic_Model to None, run_after=None
[2026-03-11T04:59:17.678+0000] {processor.py:183} INFO - Processing /home/cloud/codings/airflow/dags/2_dag_Generate_Semantic_Model.py took 0.186 seconds
[2026-03-11T04:59:48.139+0000] {processor.py:161} INFO - Started process (PID=531565) to work on /home/cloud/codings/airflow/dags/2_dag_Generate_Semantic_Model.py
[2026-03-11T04:59:48.168+0000] {processor.py:830} INFO - Processing file /home/cloud/codings/airflow/dags/2_dag_Generate_Semantic_Model.py for tasks to queue
[2026-03-11T04:59:48.170+0000] {logging_mixin.py:188} INFO - [2026-03-11T04:59:48.169+0000] {dagbag.py:545} INFO - Filling up the DagBag from /home/cloud/codings/airflow/dags/2_dag_Generate_Semantic_Model.py
[2026-03-11T04:59:48.207+0000] {processor.py:840} INFO - DAG(s) '2_dag_Generate_Semantic_Model' retrieved from /home/cloud/codings/airflow/dags/2_dag_Generate_Semantic_Model.py
[2026-03-11T04:59:48.223+0000] {logging_mixin.py:188} INFO - [2026-03-11T04:59:48.223+0000] {dag.py:3089} INFO - Sync 1 DAGs
[2026-03-11T04:59:48.237+0000] {logging_mixin.py:188} INFO - [2026-03-11T04:59:48.237+0000] {dag.py:3947} INFO - Setting next_dagrun for 2_dag_Generate_Semantic_Model to None, run_after=None
[2026-03-11T04:59:48.260+0000] {processor.py:183} INFO - Processing /home/cloud/codings/airflow/dags/2_dag_Generate_Semantic_Model.py took 0.132 seconds
[2026-03-11T05:00:18.767+0000] {processor.py:161} INFO - Started process (PID=531704) to work on /home/cloud/codings/airflow/dags/2_dag_Generate_Semantic_Model.py
[2026-03-11T05:00:18.769+0000] {processor.py:830} INFO - Processing file /home/cloud/codings/airflow/dags/2_dag_Generate_Semantic_Model.py for tasks to queue
[2026-03-11T05:00:18.771+0000] {logging_mixin.py:188} INFO - [2026-03-11T05:00:18.770+0000] {dagbag.py:545} INFO - Filling up the DagBag from /home/cloud/codings/airflow/dags/2_dag_Generate_Semantic_Model.py
[2026-03-11T05:00:18.840+0000] {processor.py:840} INFO - DAG(s) '2_dag_Generate_Semantic_Model' retrieved from /home/cloud/codings/airflow/dags/2_dag_Generate_Semantic_Model.py
[2026-03-11T05:00:18.877+0000] {logging_mixin.py:188} INFO - [2026-03-11T05:00:18.875+0000] {dag.py:3089} INFO - Sync 1 DAGs
[2026-03-11T05:00:18.908+0000] {logging_mixin.py:188} INFO - [2026-03-11T05:00:18.907+0000] {dag.py:3947} INFO - Setting next_dagrun for 2_dag_Generate_Semantic_Model to None, run_after=None
[2026-03-11T05:00:18.970+0000] {processor.py:183} INFO - Processing /home/cloud/codings/airflow/dags/2_dag_Generate_Semantic_Model.py took 0.217 seconds
[2026-03-11T05:00:49.396+0000] {processor.py:161} INFO - Started process (PID=531758) to work on /home/cloud/codings/airflow/dags/2_dag_Generate_Semantic_Model.py
[2026-03-11T05:00:49.423+0000] {processor.py:830} INFO - Processing file /home/cloud/codings/airflow/dags/2_dag_Generate_Semantic_Model.py for tasks to queue
[2026-03-11T05:00:49.426+0000] {logging_mixin.py:188} INFO - [2026-03-11T05:00:49.425+0000] {dagbag.py:545} INFO - Filling up the DagBag from /home/cloud/codings/airflow/dags/2_dag_Generate_Semantic_Model.py
[2026-03-11T05:00:49.482+0000] {processor.py:840} INFO - DAG(s) '2_dag_Generate_Semantic_Model' retrieved from /home/cloud/codings/airflow/dags/2_dag_Generate_Semantic_Model.py
[2026-03-11T05:00:49.514+0000] {logging_mixin.py:188} INFO - [2026-03-11T05:00:49.513+0000] {dag.py:3089} INFO - Sync 1 DAGs
[2026-03-11T05:00:49.547+0000] {logging_mixin.py:188} INFO - [2026-03-11T05:00:49.547+0000] {dag.py:3947} INFO - Setting next_dagrun for 2_dag_Generate_Semantic_Model to None, run_after=None
[2026-03-11T05:00:49.612+0000] {processor.py:183} INFO - Processing /home/cloud/codings/airflow/dags/2_dag_Generate_Semantic_Model.py took 0.228 seconds
[2026-03-11T05:01:20.129+0000] {processor.py:161} INFO - Started process (PID=531818) to work on /home/cloud/codings/airflow/dags/2_dag_Generate_Semantic_Model.py
[2026-03-11T05:01:20.129+0000] {processor.py:830} INFO - Processing file /home/cloud/codings/airflow/dags/2_dag_Generate_Semantic_Model.py for tasks to queue
[2026-03-11T05:01:20.130+0000] {logging_mixin.py:188} INFO - [2026-03-11T05:01:20.130+0000] {dagbag.py:545} INFO - Filling up the DagBag from /home/cloud/codings/airflow/dags/2_dag_Generate_Semantic_Model.py
[2026-03-11T05:01:20.151+0000] {processor.py:840} INFO - DAG(s) '2_dag_Generate_Semantic_Model' retrieved from /home/cloud/codings/airflow/dags/2_dag_Generate_Semantic_Model.py
[2026-03-11T05:01:20.166+0000] {logging_mixin.py:188} INFO - [2026-03-11T05:01:20.166+0000] {dag.py:3089} INFO - Sync 1 DAGs
[2026-03-11T05:01:20.178+0000] {logging_mixin.py:188} INFO - [2026-03-11T05:01:20.178+0000] {dag.py:3947} INFO - Setting next_dagrun for 2_dag_Generate_Semantic_Model to None, run_after=None
[2026-03-11T05:01:20.200+0000] {processor.py:183} INFO - Processing /home/cloud/codings/airflow/dags/2_dag_Generate_Semantic_Model.py took 0.079 seconds
[2026-03-11T05:01:50.694+0000] {processor.py:161} INFO - Started process (PID=531904) to work on /home/cloud/codings/airflow/dags/2_dag_Generate_Semantic_Model.py
[2026-03-11T05:01:50.713+0000] {processor.py:830} INFO - Processing file /home/cloud/codings/airflow/dags/2_dag_Generate_Semantic_Model.py for tasks to queue
[2026-03-11T05:01:50.714+0000] {logging_mixin.py:188} INFO - [2026-03-11T05:01:50.714+0000] {dagbag.py:545} INFO - Filling up the DagBag from /home/cloud/codings/airflow/dags/2_dag_Generate_Semantic_Model.py
[2026-03-11T05:01:50.755+0000] {processor.py:840} INFO - DAG(s) '2_dag_Generate_Semantic_Model' retrieved from /home/cloud/codings/airflow/dags/2_dag_Generate_Semantic_Model.py
[2026-03-11T05:01:50.782+0000] {logging_mixin.py:188} INFO - [2026-03-11T05:01:50.781+0000] {dag.py:3089} INFO - Sync 1 DAGs
[2026-03-11T05:01:50.796+0000] {logging_mixin.py:188} INFO - [2026-03-11T05:01:50.796+0000] {dag.py:3947} INFO - Setting next_dagrun for 2_dag_Generate_Semantic_Model to None, run_after=None
[2026-03-11T05:01:50.825+0000] {processor.py:183} INFO - Processing /home/cloud/codings/airflow/dags/2_dag_Generate_Semantic_Model.py took 0.149 seconds
[2026-03-11T05:02:21.219+0000] {processor.py:161} INFO - Started process (PID=531929) to work on /home/cloud/codings/airflow/dags/2_dag_Generate_Semantic_Model.py
[2026-03-11T05:02:21.243+0000] {processor.py:830} INFO - Processing file /home/cloud/codings/airflow/dags/2_dag_Generate_Semantic_Model.py for tasks to queue
[2026-03-11T05:02:21.245+0000] {logging_mixin.py:188} INFO - [2026-03-11T05:02:21.245+0000] {dagbag.py:545} INFO - Filling up the DagBag from /home/cloud/codings/airflow/dags/2_dag_Generate_Semantic_Model.py
[2026-03-11T05:02:21.288+0000] {processor.py:840} INFO - DAG(s) '2_dag_Generate_Semantic_Model' retrieved from /home/cloud/codings/airflow/dags/2_dag_Generate_Semantic_Model.py
[2026-03-11T05:02:21.313+0000] {logging_mixin.py:188} INFO - [2026-03-11T05:02:21.313+0000] {dag.py:3089} INFO - Sync 1 DAGs
[2026-03-11T05:02:21.333+0000] {logging_mixin.py:188} INFO - [2026-03-11T05:02:21.333+0000] {dag.py:3947} INFO - Setting next_dagrun for 2_dag_Generate_Semantic_Model to None, run_after=None
[2026-03-11T05:02:21.362+0000] {processor.py:183} INFO - Processing /home/cloud/codings/airflow/dags/2_dag_Generate_Semantic_Model.py took 0.150 seconds
[2026-03-11T05:02:51.751+0000] {processor.py:161} INFO - Started process (PID=532015) to work on /home/cloud/codings/airflow/dags/2_dag_Generate_Semantic_Model.py
[2026-03-11T05:02:51.781+0000] {processor.py:830} INFO - Processing file /home/cloud/codings/airflow/dags/2_dag_Generate_Semantic_Model.py for tasks to queue
[2026-03-11T05:02:51.784+0000] {logging_mixin.py:188} INFO - [2026-03-11T05:02:51.782+0000] {dagbag.py:545} INFO - Filling up the DagBag from /home/cloud/codings/airflow/dags/2_dag_Generate_Semantic_Model.py
[2026-03-11T05:02:51.855+0000] {processor.py:840} INFO - DAG(s) '2_dag_Generate_Semantic_Model' retrieved from /home/cloud/codings/airflow/dags/2_dag_Generate_Semantic_Model.py
[2026-03-11T05:02:51.888+0000] {logging_mixin.py:188} INFO - [2026-03-11T05:02:51.887+0000] {dag.py:3089} INFO - Sync 1 DAGs
[2026-03-11T05:02:51.913+0000] {logging_mixin.py:188} INFO - [2026-03-11T05:02:51.912+0000] {dag.py:3947} INFO - Setting next_dagrun for 2_dag_Generate_Semantic_Model to None, run_after=None
[2026-03-11T05:02:51.971+0000] {processor.py:183} INFO - Processing /home/cloud/codings/airflow/dags/2_dag_Generate_Semantic_Model.py took 0.243 seconds
[2026-03-11T05:03:22.334+0000] {processor.py:161} INFO - Started process (PID=532038) to work on /home/cloud/codings/airflow/dags/2_dag_Generate_Semantic_Model.py
[2026-03-11T05:03:22.335+0000] {processor.py:830} INFO - Processing file /home/cloud/codings/airflow/dags/2_dag_Generate_Semantic_Model.py for tasks to queue
[2026-03-11T05:03:22.336+0000] {logging_mixin.py:188} INFO - [2026-03-11T05:03:22.336+0000] {dagbag.py:545} INFO - Filling up the DagBag from /home/cloud/codings/airflow/dags/2_dag_Generate_Semantic_Model.py
[2026-03-11T05:03:22.361+0000] {processor.py:840} INFO - DAG(s) '2_dag_Generate_Semantic_Model' retrieved from /home/cloud/codings/airflow/dags/2_dag_Generate_Semantic_Model.py
[2026-03-11T05:03:22.380+0000] {logging_mixin.py:188} INFO - [2026-03-11T05:03:22.380+0000] {dag.py:3089} INFO - Sync 1 DAGs
[2026-03-11T05:03:22.401+0000] {logging_mixin.py:188} INFO - [2026-03-11T05:03:22.401+0000] {dag.py:3947} INFO - Setting next_dagrun for 2_dag_Generate_Semantic_Model to None, run_after=None
[2026-03-11T05:03:22.438+0000] {processor.py:183} INFO - Processing /home/cloud/codings/airflow/dags/2_dag_Generate_Semantic_Model.py took 0.116 seconds
[2026-03-11T05:03:53.005+0000] {processor.py:161} INFO - Started process (PID=532125) to work on /home/cloud/codings/airflow/dags/2_dag_Generate_Semantic_Model.py
[2026-03-11T05:03:53.028+0000] {processor.py:830} INFO - Processing file /home/cloud/codings/airflow/dags/2_dag_Generate_Semantic_Model.py for tasks to queue
[2026-03-11T05:03:53.032+0000] {logging_mixin.py:188} INFO - [2026-03-11T05:03:53.030+0000] {dagbag.py:545} INFO - Filling up the DagBag from /home/cloud/codings/airflow/dags/2_dag_Generate_Semantic_Model.py
[2026-03-11T05:03:53.076+0000] {processor.py:840} INFO - DAG(s) '2_dag_Generate_Semantic_Model' retrieved from /home/cloud/codings/airflow/dags/2_dag_Generate_Semantic_Model.py
[2026-03-11T05:03:53.091+0000] {logging_mixin.py:188} INFO - [2026-03-11T05:03:53.091+0000] {dag.py:3089} INFO - Sync 1 DAGs
[2026-03-11T05:03:53.103+0000] {logging_mixin.py:188} INFO - [2026-03-11T05:03:53.102+0000] {dag.py:3947} INFO - Setting next_dagrun for 2_dag_Generate_Semantic_Model to None, run_after=None
[2026-03-11T05:03:53.125+0000] {processor.py:183} INFO - Processing /home/cloud/codings/airflow/dags/2_dag_Generate_Semantic_Model.py took 0.141 seconds
[2026-03-11T05:04:23.716+0000] {processor.py:161} INFO - Started process (PID=532150) to work on /home/cloud/codings/airflow/dags/2_dag_Generate_Semantic_Model.py
[2026-03-11T05:04:23.717+0000] {processor.py:830} INFO - Processing file /home/cloud/codings/airflow/dags/2_dag_Generate_Semantic_Model.py for tasks to queue
[2026-03-11T05:04:23.720+0000] {logging_mixin.py:188} INFO - [2026-03-11T05:04:23.719+0000] {dagbag.py:545} INFO - Filling up the DagBag from /home/cloud/codings/airflow/dags/2_dag_Generate_Semantic_Model.py
[2026-03-11T05:04:23.791+0000] {processor.py:840} INFO - DAG(s) '2_dag_Generate_Semantic_Model' retrieved from /home/cloud/codings/airflow/dags/2_dag_Generate_Semantic_Model.py
[2026-03-11T05:04:23.817+0000] {logging_mixin.py:188} INFO - [2026-03-11T05:04:23.817+0000] {dag.py:3089} INFO - Sync 1 DAGs
[2026-03-11T05:04:23.838+0000] {logging_mixin.py:188} INFO - [2026-03-11T05:04:23.838+0000] {dag.py:3947} INFO - Setting next_dagrun for 2_dag_Generate_Semantic_Model to None, run_after=None
[2026-03-11T05:04:23.895+0000] {processor.py:183} INFO - Processing /home/cloud/codings/airflow/dags/2_dag_Generate_Semantic_Model.py took 0.192 seconds
[2026-03-11T05:04:54.362+0000] {processor.py:161} INFO - Started process (PID=532239) to work on /home/cloud/codings/airflow/dags/2_dag_Generate_Semantic_Model.py
[2026-03-11T05:04:54.383+0000] {processor.py:830} INFO - Processing file /home/cloud/codings/airflow/dags/2_dag_Generate_Semantic_Model.py for tasks to queue
[2026-03-11T05:04:54.387+0000] {logging_mixin.py:188} INFO - [2026-03-11T05:04:54.385+0000] {dagbag.py:545} INFO - Filling up the DagBag from /home/cloud/codings/airflow/dags/2_dag_Generate_Semantic_Model.py
[2026-03-11T05:04:54.477+0000] {processor.py:840} INFO - DAG(s) '2_dag_Generate_Semantic_Model' retrieved from /home/cloud/codings/airflow/dags/2_dag_Generate_Semantic_Model.py
[2026-03-11T05:04:54.524+0000] {logging_mixin.py:188} INFO - [2026-03-11T05:04:54.523+0000] {dag.py:3089} INFO - Sync 1 DAGs
[2026-03-11T05:04:54.553+0000] {logging_mixin.py:188} INFO - [2026-03-11T05:04:54.553+0000] {dag.py:3947} INFO - Setting next_dagrun for 2_dag_Generate_Semantic_Model to None, run_after=None
[2026-03-11T05:04:54.609+0000] {processor.py:183} INFO - Processing /home/cloud/codings/airflow/dags/2_dag_Generate_Semantic_Model.py took 0.274 seconds
[2026-03-11T05:05:24.839+0000] {processor.py:161} INFO - Started process (PID=532326) to work on /home/cloud/codings/airflow/dags/2_dag_Generate_Semantic_Model.py
[2026-03-11T05:05:24.842+0000] {processor.py:830} INFO - Processing file /home/cloud/codings/airflow/dags/2_dag_Generate_Semantic_Model.py for tasks to queue
[2026-03-11T05:05:24.846+0000] {logging_mixin.py:188} INFO - [2026-03-11T05:05:24.844+0000] {dagbag.py:545} INFO - Filling up the DagBag from /home/cloud/codings/airflow/dags/2_dag_Generate_Semantic_Model.py
[2026-03-11T05:05:24.910+0000] {processor.py:840} INFO - DAG(s) '2_dag_Generate_Semantic_Model' retrieved from /home/cloud/codings/airflow/dags/2_dag_Generate_Semantic_Model.py
[2026-03-11T05:05:24.936+0000] {logging_mixin.py:188} INFO - [2026-03-11T05:05:24.936+0000] {dag.py:3089} INFO - Sync 1 DAGs
[2026-03-11T05:05:24.966+0000] {logging_mixin.py:188} INFO - [2026-03-11T05:05:24.965+0000] {dag.py:3947} INFO - Setting next_dagrun for 2_dag_Generate_Semantic_Model to None, run_after=None
[2026-03-11T05:05:25.065+0000] {processor.py:183} INFO - Processing /home/cloud/codings/airflow/dags/2_dag_Generate_Semantic_Model.py took 0.252 seconds
[2026-03-11T05:05:55.380+0000] {processor.py:161} INFO - Started process (PID=532407) to work on /home/cloud/codings/airflow/dags/2_dag_Generate_Semantic_Model.py
[2026-03-11T05:05:55.399+0000] {processor.py:830} INFO - Processing file /home/cloud/codings/airflow/dags/2_dag_Generate_Semantic_Model.py for tasks to queue
[2026-03-11T05:05:55.402+0000] {logging_mixin.py:188} INFO - [2026-03-11T05:05:55.401+0000] {dagbag.py:545} INFO - Filling up the DagBag from /home/cloud/codings/airflow/dags/2_dag_Generate_Semantic_Model.py
[2026-03-11T05:05:55.449+0000] {processor.py:840} INFO - DAG(s) '2_dag_Generate_Semantic_Model' retrieved from /home/cloud/codings/airflow/dags/2_dag_Generate_Semantic_Model.py
[2026-03-11T05:05:55.471+0000] {logging_mixin.py:188} INFO - [2026-03-11T05:05:55.471+0000] {dag.py:3089} INFO - Sync 1 DAGs
[2026-03-11T05:05:55.490+0000] {logging_mixin.py:188} INFO - [2026-03-11T05:05:55.490+0000] {dag.py:3947} INFO - Setting next_dagrun for 2_dag_Generate_Semantic_Model to None, run_after=None
[2026-03-11T05:05:55.531+0000] {processor.py:183} INFO - Processing /home/cloud/codings/airflow/dags/2_dag_Generate_Semantic_Model.py took 0.171 seconds
[2026-03-11T05:06:25.800+0000] {processor.py:161} INFO - Started process (PID=532432) to work on /home/cloud/codings/airflow/dags/2_dag_Generate_Semantic_Model.py
[2026-03-11T05:06:25.803+0000] {processor.py:830} INFO - Processing file /home/cloud/codings/airflow/dags/2_dag_Generate_Semantic_Model.py for tasks to queue
[2026-03-11T05:06:25.805+0000] {logging_mixin.py:188} INFO - [2026-03-11T05:06:25.804+0000] {dagbag.py:545} INFO - Filling up the DagBag from /home/cloud/codings/airflow/dags/2_dag_Generate_Semantic_Model.py
[2026-03-11T05:06:25.847+0000] {processor.py:840} INFO - DAG(s) '2_dag_Generate_Semantic_Model' retrieved from /home/cloud/codings/airflow/dags/2_dag_Generate_Semantic_Model.py
[2026-03-11T05:06:25.878+0000] {logging_mixin.py:188} INFO - [2026-03-11T05:06:25.878+0000] {dag.py:3089} INFO - Sync 1 DAGs
[2026-03-11T05:06:25.900+0000] {logging_mixin.py:188} INFO - [2026-03-11T05:06:25.900+0000] {dag.py:3947} INFO - Setting next_dagrun for 2_dag_Generate_Semantic_Model to None, run_after=None
[2026-03-11T05:06:25.936+0000] {processor.py:183} INFO - Processing /home/cloud/codings/airflow/dags/2_dag_Generate_Semantic_Model.py took 0.148 seconds
[2026-03-11T05:06:56.506+0000] {processor.py:161} INFO - Started process (PID=532522) to work on /home/cloud/codings/airflow/dags/2_dag_Generate_Semantic_Model.py
[2026-03-11T05:06:56.526+0000] {processor.py:830} INFO - Processing file /home/cloud/codings/airflow/dags/2_dag_Generate_Semantic_Model.py for tasks to queue
[2026-03-11T05:06:56.528+0000] {logging_mixin.py:188} INFO - [2026-03-11T05:06:56.527+0000] {dagbag.py:545} INFO - Filling up the DagBag from /home/cloud/codings/airflow/dags/2_dag_Generate_Semantic_Model.py
[2026-03-11T05:06:56.566+0000] {processor.py:840} INFO - DAG(s) '2_dag_Generate_Semantic_Model' retrieved from /home/cloud/codings/airflow/dags/2_dag_Generate_Semantic_Model.py
[2026-03-11T05:06:56.591+0000] {logging_mixin.py:188} INFO - [2026-03-11T05:06:56.591+0000] {dag.py:3089} INFO - Sync 1 DAGs
[2026-03-11T05:06:56.613+0000] {logging_mixin.py:188} INFO - [2026-03-11T05:06:56.613+0000] {dag.py:3947} INFO - Setting next_dagrun for 2_dag_Generate_Semantic_Model to None, run_after=None
[2026-03-11T05:06:56.645+0000] {processor.py:183} INFO - Processing /home/cloud/codings/airflow/dags/2_dag_Generate_Semantic_Model.py took 0.161 seconds
[2026-03-11T05:07:26.809+0000] {processor.py:161} INFO - Started process (PID=532545) to work on /home/cloud/codings/airflow/dags/2_dag_Generate_Semantic_Model.py
[2026-03-11T05:07:26.829+0000] {processor.py:830} INFO - Processing file /home/cloud/codings/airflow/dags/2_dag_Generate_Semantic_Model.py for tasks to queue
[2026-03-11T05:07:26.832+0000] {logging_mixin.py:188} INFO - [2026-03-11T05:07:26.831+0000] {dagbag.py:545} INFO - Filling up the DagBag from /home/cloud/codings/airflow/dags/2_dag_Generate_Semantic_Model.py
[2026-03-11T05:07:26.882+0000] {processor.py:840} INFO - DAG(s) '2_dag_Generate_Semantic_Model' retrieved from /home/cloud/codings/airflow/dags/2_dag_Generate_Semantic_Model.py
[2026-03-11T05:07:26.910+0000] {logging_mixin.py:188} INFO - [2026-03-11T05:07:26.909+0000] {dag.py:3089} INFO - Sync 1 DAGs
[2026-03-11T05:07:26.935+0000] {logging_mixin.py:188} INFO - [2026-03-11T05:07:26.935+0000] {dag.py:3947} INFO - Setting next_dagrun for 2_dag_Generate_Semantic_Model to None, run_after=None
[2026-03-11T05:07:26.992+0000] {processor.py:183} INFO - Processing /home/cloud/codings/airflow/dags/2_dag_Generate_Semantic_Model.py took 0.195 seconds
[2026-03-11T05:07:57.471+0000] {processor.py:161} INFO - Started process (PID=532630) to work on /home/cloud/codings/airflow/dags/2_dag_Generate_Semantic_Model.py
[2026-03-11T05:07:57.473+0000] {processor.py:830} INFO - Processing file /home/cloud/codings/airflow/dags/2_dag_Generate_Semantic_Model.py for tasks to queue
[2026-03-11T05:07:57.476+0000] {logging_mixin.py:188} INFO - [2026-03-11T05:07:57.475+0000] {dagbag.py:545} INFO - Filling up the DagBag from /home/cloud/codings/airflow/dags/2_dag_Generate_Semantic_Model.py
[2026-03-11T05:07:57.531+0000] {processor.py:840} INFO - DAG(s) '2_dag_Generate_Semantic_Model' retrieved from /home/cloud/codings/airflow/dags/2_dag_Generate_Semantic_Model.py
[2026-03-11T05:07:57.561+0000] {logging_mixin.py:188} INFO - [2026-03-11T05:07:57.560+0000] {dag.py:3089} INFO - Sync 1 DAGs
[2026-03-11T05:07:57.575+0000] {logging_mixin.py:188} INFO - [2026-03-11T05:07:57.575+0000] {dag.py:3947} INFO - Setting next_dagrun for 2_dag_Generate_Semantic_Model to None, run_after=None
[2026-03-11T05:07:57.637+0000] {processor.py:183} INFO - Processing /home/cloud/codings/airflow/dags/2_dag_Generate_Semantic_Model.py took 0.186 seconds
[2026-03-11T05:08:28.069+0000] {processor.py:161} INFO - Started process (PID=532651) to work on /home/cloud/codings/airflow/dags/2_dag_Generate_Semantic_Model.py
[2026-03-11T05:08:28.090+0000] {processor.py:830} INFO - Processing file /home/cloud/codings/airflow/dags/2_dag_Generate_Semantic_Model.py for tasks to queue
[2026-03-11T05:08:28.093+0000] {logging_mixin.py:188} INFO - [2026-03-11T05:08:28.091+0000] {dagbag.py:545} INFO - Filling up the DagBag from /home/cloud/codings/airflow/dags/2_dag_Generate_Semantic_Model.py
[2026-03-11T05:08:28.159+0000] {processor.py:840} INFO - DAG(s) '2_dag_Generate_Semantic_Model' retrieved from /home/cloud/codings/airflow/dags/2_dag_Generate_Semantic_Model.py
[2026-03-11T05:08:28.187+0000] {logging_mixin.py:188} INFO - [2026-03-11T05:08:28.187+0000] {dag.py:3089} INFO - Sync 1 DAGs
[2026-03-11T05:08:28.212+0000] {logging_mixin.py:188} INFO - [2026-03-11T05:08:28.212+0000] {dag.py:3947} INFO - Setting next_dagrun for 2_dag_Generate_Semantic_Model to None, run_after=None
[2026-03-11T05:08:28.264+0000] {processor.py:183} INFO - Processing /home/cloud/codings/airflow/dags/2_dag_Generate_Semantic_Model.py took 0.217 seconds
[2026-03-11T05:08:59.037+0000] {processor.py:161} INFO - Started process (PID=532740) to work on /home/cloud/codings/airflow/dags/2_dag_Generate_Semantic_Model.py
[2026-03-11T05:08:59.063+0000] {processor.py:830} INFO - Processing file /home/cloud/codings/airflow/dags/2_dag_Generate_Semantic_Model.py for tasks to queue
[2026-03-11T05:08:59.068+0000] {logging_mixin.py:188} INFO - [2026-03-11T05:08:59.066+0000] {dagbag.py:545} INFO - Filling up the DagBag from /home/cloud/codings/airflow/dags/2_dag_Generate_Semantic_Model.py
[2026-03-11T05:08:59.132+0000] {processor.py:840} INFO - DAG(s) '2_dag_Generate_Semantic_Model' retrieved from /home/cloud/codings/airflow/dags/2_dag_Generate_Semantic_Model.py
[2026-03-11T05:08:59.179+0000] {logging_mixin.py:188} INFO - [2026-03-11T05:08:59.178+0000] {dag.py:3089} INFO - Sync 1 DAGs
[2026-03-11T05:08:59.219+0000] {logging_mixin.py:188} INFO - [2026-03-11T05:08:59.218+0000] {dag.py:3947} INFO - Setting next_dagrun for 2_dag_Generate_Semantic_Model to None, run_after=None
[2026-03-11T05:08:59.278+0000] {processor.py:183} INFO - Processing /home/cloud/codings/airflow/dags/2_dag_Generate_Semantic_Model.py took 0.270 seconds
[2026-03-11T05:09:29.786+0000] {processor.py:161} INFO - Started process (PID=532765) to work on /home/cloud/codings/airflow/dags/2_dag_Generate_Semantic_Model.py
[2026-03-11T05:09:29.810+0000] {processor.py:830} INFO - Processing file /home/cloud/codings/airflow/dags/2_dag_Generate_Semantic_Model.py for tasks to queue
[2026-03-11T05:09:29.812+0000] {logging_mixin.py:188} INFO - [2026-03-11T05:09:29.811+0000] {dagbag.py:545} INFO - Filling up the DagBag from /home/cloud/codings/airflow/dags/2_dag_Generate_Semantic_Model.py
[2026-03-11T05:09:29.871+0000] {processor.py:840} INFO - DAG(s) '2_dag_Generate_Semantic_Model' retrieved from /home/cloud/codings/airflow/dags/2_dag_Generate_Semantic_Model.py
[2026-03-11T05:09:29.919+0000] {logging_mixin.py:188} INFO - [2026-03-11T05:09:29.919+0000] {dag.py:3089} INFO - Sync 1 DAGs
[2026-03-11T05:09:29.957+0000] {logging_mixin.py:188} INFO - [2026-03-11T05:09:29.957+0000] {dag.py:3947} INFO - Setting next_dagrun for 2_dag_Generate_Semantic_Model to None, run_after=None
[2026-03-11T05:09:29.998+0000] {processor.py:183} INFO - Processing /home/cloud/codings/airflow/dags/2_dag_Generate_Semantic_Model.py took 0.229 seconds
[2026-03-11T05:10:00.402+0000] {processor.py:161} INFO - Started process (PID=532850) to work on /home/cloud/codings/airflow/dags/2_dag_Generate_Semantic_Model.py
[2026-03-11T05:10:00.424+0000] {processor.py:830} INFO - Processing file /home/cloud/codings/airflow/dags/2_dag_Generate_Semantic_Model.py for tasks to queue
[2026-03-11T05:10:00.426+0000] {logging_mixin.py:188} INFO - [2026-03-11T05:10:00.425+0000] {dagbag.py:545} INFO - Filling up the DagBag from /home/cloud/codings/airflow/dags/2_dag_Generate_Semantic_Model.py
[2026-03-11T05:10:00.467+0000] {processor.py:840} INFO - DAG(s) '2_dag_Generate_Semantic_Model' retrieved from /home/cloud/codings/airflow/dags/2_dag_Generate_Semantic_Model.py
[2026-03-11T05:10:00.497+0000] {logging_mixin.py:188} INFO - [2026-03-11T05:10:00.497+0000] {dag.py:3089} INFO - Sync 1 DAGs
[2026-03-11T05:10:00.523+0000] {logging_mixin.py:188} INFO - [2026-03-11T05:10:00.521+0000] {dag.py:3947} INFO - Setting next_dagrun for 2_dag_Generate_Semantic_Model to None, run_after=None
[2026-03-11T05:10:00.573+0000] {processor.py:183} INFO - Processing /home/cloud/codings/airflow/dags/2_dag_Generate_Semantic_Model.py took 0.184 seconds
[2026-03-11T05:10:31.219+0000] {processor.py:161} INFO - Started process (PID=532935) to work on /home/cloud/codings/airflow/dags/2_dag_Generate_Semantic_Model.py
[2026-03-11T05:10:31.222+0000] {processor.py:830} INFO - Processing file /home/cloud/codings/airflow/dags/2_dag_Generate_Semantic_Model.py for tasks to queue
[2026-03-11T05:10:31.226+0000] {logging_mixin.py:188} INFO - [2026-03-11T05:10:31.224+0000] {dagbag.py:545} INFO - Filling up the DagBag from /home/cloud/codings/airflow/dags/2_dag_Generate_Semantic_Model.py
[2026-03-11T05:10:31.268+0000] {processor.py:840} INFO - DAG(s) '2_dag_Generate_Semantic_Model' retrieved from /home/cloud/codings/airflow/dags/2_dag_Generate_Semantic_Model.py
[2026-03-11T05:10:31.283+0000] {logging_mixin.py:188} INFO - [2026-03-11T05:10:31.283+0000] {dag.py:3089} INFO - Sync 1 DAGs
[2026-03-11T05:10:31.295+0000] {logging_mixin.py:188} INFO - [2026-03-11T05:10:31.294+0000] {dag.py:3947} INFO - Setting next_dagrun for 2_dag_Generate_Semantic_Model to None, run_after=None
[2026-03-11T05:10:31.333+0000] {processor.py:183} INFO - Processing /home/cloud/codings/airflow/dags/2_dag_Generate_Semantic_Model.py took 0.137 seconds
[2026-03-11T05:11:02.025+0000] {processor.py:161} INFO - Started process (PID=533024) to work on /home/cloud/codings/airflow/dags/2_dag_Generate_Semantic_Model.py
[2026-03-11T05:11:02.049+0000] {processor.py:830} INFO - Processing file /home/cloud/codings/airflow/dags/2_dag_Generate_Semantic_Model.py for tasks to queue
[2026-03-11T05:11:02.051+0000] {logging_mixin.py:188} INFO - [2026-03-11T05:11:02.051+0000] {dagbag.py:545} INFO - Filling up the DagBag from /home/cloud/codings/airflow/dags/2_dag_Generate_Semantic_Model.py
[2026-03-11T05:11:02.094+0000] {processor.py:840} INFO - DAG(s) '2_dag_Generate_Semantic_Model' retrieved from /home/cloud/codings/airflow/dags/2_dag_Generate_Semantic_Model.py
[2026-03-11T05:11:02.120+0000] {logging_mixin.py:188} INFO - [2026-03-11T05:11:02.120+0000] {dag.py:3089} INFO - Sync 1 DAGs
[2026-03-11T05:11:02.141+0000] {logging_mixin.py:188} INFO - [2026-03-11T05:11:02.140+0000] {dag.py:3947} INFO - Setting next_dagrun for 2_dag_Generate_Semantic_Model to None, run_after=None
[2026-03-11T05:11:02.177+0000] {processor.py:183} INFO - Processing /home/cloud/codings/airflow/dags/2_dag_Generate_Semantic_Model.py took 0.179 seconds
[2026-03-11T05:11:32.571+0000] {processor.py:161} INFO - Started process (PID=533041) to work on /home/cloud/codings/airflow/dags/2_dag_Generate_Semantic_Model.py
[2026-03-11T05:11:32.573+0000] {processor.py:830} INFO - Processing file /home/cloud/codings/airflow/dags/2_dag_Generate_Semantic_Model.py for tasks to queue
[2026-03-11T05:11:32.575+0000] {logging_mixin.py:188} INFO - [2026-03-11T05:11:32.574+0000] {dagbag.py:545} INFO - Filling up the DagBag from /home/cloud/codings/airflow/dags/2_dag_Generate_Semantic_Model.py
[2026-03-11T05:11:32.614+0000] {processor.py:840} INFO - DAG(s) '2_dag_Generate_Semantic_Model' retrieved from /home/cloud/codings/airflow/dags/2_dag_Generate_Semantic_Model.py
[2026-03-11T05:11:32.635+0000] {logging_mixin.py:188} INFO - [2026-03-11T05:11:32.634+0000] {dag.py:3089} INFO - Sync 1 DAGs
[2026-03-11T05:11:32.649+0000] {logging_mixin.py:188} INFO - [2026-03-11T05:11:32.649+0000] {dag.py:3947} INFO - Setting next_dagrun for 2_dag_Generate_Semantic_Model to None, run_after=None
[2026-03-11T05:11:32.676+0000] {processor.py:183} INFO - Processing /home/cloud/codings/airflow/dags/2_dag_Generate_Semantic_Model.py took 0.120 seconds
[2026-03-11T05:12:03.255+0000] {processor.py:161} INFO - Started process (PID=533126) to work on /home/cloud/codings/airflow/dags/2_dag_Generate_Semantic_Model.py
[2026-03-11T05:12:03.275+0000] {processor.py:830} INFO - Processing file /home/cloud/codings/airflow/dags/2_dag_Generate_Semantic_Model.py for tasks to queue
[2026-03-11T05:12:03.279+0000] {logging_mixin.py:188} INFO - [2026-03-11T05:12:03.277+0000] {dagbag.py:545} INFO - Filling up the DagBag from /home/cloud/codings/airflow/dags/2_dag_Generate_Semantic_Model.py
[2026-03-11T05:12:03.336+0000] {processor.py:840} INFO - DAG(s) '2_dag_Generate_Semantic_Model' retrieved from /home/cloud/codings/airflow/dags/2_dag_Generate_Semantic_Model.py
[2026-03-11T05:12:03.356+0000] {logging_mixin.py:188} INFO - [2026-03-11T05:12:03.356+0000] {dag.py:3089} INFO - Sync 1 DAGs
[2026-03-11T05:12:03.377+0000] {logging_mixin.py:188} INFO - [2026-03-11T05:12:03.377+0000] {dag.py:3947} INFO - Setting next_dagrun for 2_dag_Generate_Semantic_Model to None, run_after=None
[2026-03-11T05:12:03.437+0000] {processor.py:183} INFO - Processing /home/cloud/codings/airflow/dags/2_dag_Generate_Semantic_Model.py took 0.208 seconds
[2026-03-11T05:12:33.709+0000] {processor.py:161} INFO - Started process (PID=533155) to work on /home/cloud/codings/airflow/dags/2_dag_Generate_Semantic_Model.py
[2026-03-11T05:12:33.710+0000] {processor.py:830} INFO - Processing file /home/cloud/codings/airflow/dags/2_dag_Generate_Semantic_Model.py for tasks to queue
[2026-03-11T05:12:33.711+0000] {logging_mixin.py:188} INFO - [2026-03-11T05:12:33.710+0000] {dagbag.py:545} INFO - Filling up the DagBag from /home/cloud/codings/airflow/dags/2_dag_Generate_Semantic_Model.py
[2026-03-11T05:12:33.736+0000] {processor.py:840} INFO - DAG(s) '2_dag_Generate_Semantic_Model' retrieved from /home/cloud/codings/airflow/dags/2_dag_Generate_Semantic_Model.py
[2026-03-11T05:12:33.753+0000] {logging_mixin.py:188} INFO - [2026-03-11T05:12:33.752+0000] {dag.py:3089} INFO - Sync 1 DAGs
[2026-03-11T05:12:33.767+0000] {logging_mixin.py:188} INFO - [2026-03-11T05:12:33.766+0000] {dag.py:3947} INFO - Setting next_dagrun for 2_dag_Generate_Semantic_Model to None, run_after=None
[2026-03-11T05:12:33.832+0000] {processor.py:183} INFO - Processing /home/cloud/codings/airflow/dags/2_dag_Generate_Semantic_Model.py took 0.134 seconds
[2026-03-11T05:13:04.461+0000] {processor.py:161} INFO - Started process (PID=533240) to work on /home/cloud/codings/airflow/dags/2_dag_Generate_Semantic_Model.py
[2026-03-11T05:13:04.480+0000] {processor.py:830} INFO - Processing file /home/cloud/codings/airflow/dags/2_dag_Generate_Semantic_Model.py for tasks to queue
[2026-03-11T05:13:04.482+0000] {logging_mixin.py:188} INFO - [2026-03-11T05:13:04.481+0000] {dagbag.py:545} INFO - Filling up the DagBag from /home/cloud/codings/airflow/dags/2_dag_Generate_Semantic_Model.py
[2026-03-11T05:13:04.536+0000] {processor.py:840} INFO - DAG(s) '2_dag_Generate_Semantic_Model' retrieved from /home/cloud/codings/airflow/dags/2_dag_Generate_Semantic_Model.py
[2026-03-11T05:13:04.564+0000] {logging_mixin.py:188} INFO - [2026-03-11T05:13:04.564+0000] {dag.py:3089} INFO - Sync 1 DAGs
[2026-03-11T05:13:04.580+0000] {logging_mixin.py:188} INFO - [2026-03-11T05:13:04.580+0000] {dag.py:3947} INFO - Setting next_dagrun for 2_dag_Generate_Semantic_Model to None, run_after=None
[2026-03-11T05:13:04.608+0000] {processor.py:183} INFO - Processing /home/cloud/codings/airflow/dags/2_dag_Generate_Semantic_Model.py took 0.156 seconds
[2026-03-11T05:13:35.063+0000] {processor.py:161} INFO - Started process (PID=533263) to work on /home/cloud/codings/airflow/dags/2_dag_Generate_Semantic_Model.py
[2026-03-11T05:13:35.067+0000] {processor.py:830} INFO - Processing file /home/cloud/codings/airflow/dags/2_dag_Generate_Semantic_Model.py for tasks to queue
[2026-03-11T05:13:35.071+0000] {logging_mixin.py:188} INFO - [2026-03-11T05:13:35.070+0000] {dagbag.py:545} INFO - Filling up the DagBag from /home/cloud/codings/airflow/dags/2_dag_Generate_Semantic_Model.py
[2026-03-11T05:13:35.147+0000] {processor.py:840} INFO - DAG(s) '2_dag_Generate_Semantic_Model' retrieved from /home/cloud/codings/airflow/dags/2_dag_Generate_Semantic_Model.py
[2026-03-11T05:13:35.185+0000] {logging_mixin.py:188} INFO - [2026-03-11T05:13:35.185+0000] {dag.py:3089} INFO - Sync 1 DAGs
[2026-03-11T05:13:35.208+0000] {logging_mixin.py:188} INFO - [2026-03-11T05:13:35.207+0000] {dag.py:3947} INFO - Setting next_dagrun for 2_dag_Generate_Semantic_Model to None, run_after=None
[2026-03-11T05:13:35.286+0000] {processor.py:183} INFO - Processing /home/cloud/codings/airflow/dags/2_dag_Generate_Semantic_Model.py took 0.248 seconds
[2026-03-11T05:14:05.682+0000] {processor.py:161} INFO - Started process (PID=533348) to work on /home/cloud/codings/airflow/dags/2_dag_Generate_Semantic_Model.py
[2026-03-11T05:14:05.702+0000] {processor.py:830} INFO - Processing file /home/cloud/codings/airflow/dags/2_dag_Generate_Semantic_Model.py for tasks to queue
[2026-03-11T05:14:05.705+0000] {logging_mixin.py:188} INFO - [2026-03-11T05:14:05.704+0000] {dagbag.py:545} INFO - Filling up the DagBag from /home/cloud/codings/airflow/dags/2_dag_Generate_Semantic_Model.py
[2026-03-11T05:14:05.741+0000] {processor.py:840} INFO - DAG(s) '2_dag_Generate_Semantic_Model' retrieved from /home/cloud/codings/airflow/dags/2_dag_Generate_Semantic_Model.py
[2026-03-11T05:14:05.758+0000] {logging_mixin.py:188} INFO - [2026-03-11T05:14:05.757+0000] {dag.py:3089} INFO - Sync 1 DAGs
[2026-03-11T05:14:05.770+0000] {logging_mixin.py:188} INFO - [2026-03-11T05:14:05.770+0000] {dag.py:3947} INFO - Setting next_dagrun for 2_dag_Generate_Semantic_Model to None, run_after=None
[2026-03-11T05:14:05.808+0000] {processor.py:183} INFO - Processing /home/cloud/codings/airflow/dags/2_dag_Generate_Semantic_Model.py took 0.156 seconds
[2026-03-11T05:14:36.163+0000] {processor.py:161} INFO - Started process (PID=533369) to work on /home/cloud/codings/airflow/dags/2_dag_Generate_Semantic_Model.py
[2026-03-11T05:14:36.165+0000] {processor.py:830} INFO - Processing file /home/cloud/codings/airflow/dags/2_dag_Generate_Semantic_Model.py for tasks to queue
[2026-03-11T05:14:36.167+0000] {logging_mixin.py:188} INFO - [2026-03-11T05:14:36.166+0000] {dagbag.py:545} INFO - Filling up the DagBag from /home/cloud/codings/airflow/dags/2_dag_Generate_Semantic_Model.py
[2026-03-11T05:14:36.192+0000] {processor.py:840} INFO - DAG(s) '2_dag_Generate_Semantic_Model' retrieved from /home/cloud/codings/airflow/dags/2_dag_Generate_Semantic_Model.py
[2026-03-11T05:14:36.208+0000] {logging_mixin.py:188} INFO - [2026-03-11T05:14:36.208+0000] {dag.py:3089} INFO - Sync 1 DAGs
[2026-03-11T05:14:36.222+0000] {logging_mixin.py:188} INFO - [2026-03-11T05:14:36.221+0000] {dag.py:3947} INFO - Setting next_dagrun for 2_dag_Generate_Semantic_Model to None, run_after=None
[2026-03-11T05:14:36.246+0000] {processor.py:183} INFO - Processing /home/cloud/codings/airflow/dags/2_dag_Generate_Semantic_Model.py took 0.094 seconds
[2026-03-11T05:15:06.863+0000] {processor.py:161} INFO - Started process (PID=533514) to work on /home/cloud/codings/airflow/dags/2_dag_Generate_Semantic_Model.py
[2026-03-11T05:15:06.881+0000] {processor.py:830} INFO - Processing file /home/cloud/codings/airflow/dags/2_dag_Generate_Semantic_Model.py for tasks to queue
[2026-03-11T05:15:06.883+0000] {logging_mixin.py:188} INFO - [2026-03-11T05:15:06.882+0000] {dagbag.py:545} INFO - Filling up the DagBag from /home/cloud/codings/airflow/dags/2_dag_Generate_Semantic_Model.py
[2026-03-11T05:15:06.920+0000] {processor.py:840} INFO - DAG(s) '2_dag_Generate_Semantic_Model' retrieved from /home/cloud/codings/airflow/dags/2_dag_Generate_Semantic_Model.py
[2026-03-11T05:15:06.938+0000] {logging_mixin.py:188} INFO - [2026-03-11T05:15:06.937+0000] {dag.py:3089} INFO - Sync 1 DAGs
[2026-03-11T05:15:06.951+0000] {logging_mixin.py:188} INFO - [2026-03-11T05:15:06.951+0000] {dag.py:3947} INFO - Setting next_dagrun for 2_dag_Generate_Semantic_Model to None, run_after=None
[2026-03-11T05:15:06.995+0000] {processor.py:183} INFO - Processing /home/cloud/codings/airflow/dags/2_dag_Generate_Semantic_Model.py took 0.145 seconds
[2026-03-11T05:15:37.391+0000] {processor.py:161} INFO - Started process (PID=533539) to work on /home/cloud/codings/airflow/dags/2_dag_Generate_Semantic_Model.py
[2026-03-11T05:15:37.392+0000] {processor.py:830} INFO - Processing file /home/cloud/codings/airflow/dags/2_dag_Generate_Semantic_Model.py for tasks to queue
[2026-03-11T05:15:37.394+0000] {logging_mixin.py:188} INFO - [2026-03-11T05:15:37.393+0000] {dagbag.py:545} INFO - Filling up the DagBag from /home/cloud/codings/airflow/dags/2_dag_Generate_Semantic_Model.py
[2026-03-11T05:15:37.427+0000] {processor.py:840} INFO - DAG(s) '2_dag_Generate_Semantic_Model' retrieved from /home/cloud/codings/airflow/dags/2_dag_Generate_Semantic_Model.py
[2026-03-11T05:15:37.451+0000] {logging_mixin.py:188} INFO - [2026-03-11T05:15:37.451+0000] {dag.py:3089} INFO - Sync 1 DAGs
[2026-03-11T05:15:37.470+0000] {logging_mixin.py:188} INFO - [2026-03-11T05:15:37.470+0000] {dag.py:3947} INFO - Setting next_dagrun for 2_dag_Generate_Semantic_Model to None, run_after=None
[2026-03-11T05:15:37.501+0000] {processor.py:183} INFO - Processing /home/cloud/codings/airflow/dags/2_dag_Generate_Semantic_Model.py took 0.120 seconds
[2026-03-11T05:16:08.137+0000] {processor.py:161} INFO - Started process (PID=533624) to work on /home/cloud/codings/airflow/dags/2_dag_Generate_Semantic_Model.py
[2026-03-11T05:16:08.158+0000] {processor.py:830} INFO - Processing file /home/cloud/codings/airflow/dags/2_dag_Generate_Semantic_Model.py for tasks to queue
[2026-03-11T05:16:08.162+0000] {logging_mixin.py:188} INFO - [2026-03-11T05:16:08.161+0000] {dagbag.py:545} INFO - Filling up the DagBag from /home/cloud/codings/airflow/dags/2_dag_Generate_Semantic_Model.py
[2026-03-11T05:16:08.259+0000] {processor.py:840} INFO - DAG(s) '2_dag_Generate_Semantic_Model' retrieved from /home/cloud/codings/airflow/dags/2_dag_Generate_Semantic_Model.py
[2026-03-11T05:16:08.315+0000] {logging_mixin.py:188} INFO - [2026-03-11T05:16:08.314+0000] {dag.py:3089} INFO - Sync 1 DAGs
[2026-03-11T05:16:08.344+0000] {logging_mixin.py:188} INFO - [2026-03-11T05:16:08.343+0000] {dag.py:3947} INFO - Setting next_dagrun for 2_dag_Generate_Semantic_Model to None, run_after=None
[2026-03-11T05:16:08.414+0000] {processor.py:183} INFO - Processing /home/cloud/codings/airflow/dags/2_dag_Generate_Semantic_Model.py took 0.302 seconds
[2026-03-11T05:16:38.746+0000] {processor.py:161} INFO - Started process (PID=533651) to work on /home/cloud/codings/airflow/dags/2_dag_Generate_Semantic_Model.py
[2026-03-11T05:16:38.764+0000] {processor.py:830} INFO - Processing file /home/cloud/codings/airflow/dags/2_dag_Generate_Semantic_Model.py for tasks to queue
[2026-03-11T05:16:38.765+0000] {logging_mixin.py:188} INFO - [2026-03-11T05:16:38.765+0000] {dagbag.py:545} INFO - Filling up the DagBag from /home/cloud/codings/airflow/dags/2_dag_Generate_Semantic_Model.py
[2026-03-11T05:16:38.794+0000] {processor.py:840} INFO - DAG(s) '2_dag_Generate_Semantic_Model' retrieved from /home/cloud/codings/airflow/dags/2_dag_Generate_Semantic_Model.py
[2026-03-11T05:16:38.816+0000] {logging_mixin.py:188} INFO - [2026-03-11T05:16:38.816+0000] {dag.py:3089} INFO - Sync 1 DAGs
[2026-03-11T05:16:38.842+0000] {logging_mixin.py:188} INFO - [2026-03-11T05:16:38.842+0000] {dag.py:3947} INFO - Setting next_dagrun for 2_dag_Generate_Semantic_Model to None, run_after=None
[2026-03-11T05:16:38.868+0000] {processor.py:183} INFO - Processing /home/cloud/codings/airflow/dags/2_dag_Generate_Semantic_Model.py took 0.140 seconds
[2026-03-11T05:17:09.538+0000] {processor.py:161} INFO - Started process (PID=533736) to work on /home/cloud/codings/airflow/dags/2_dag_Generate_Semantic_Model.py
[2026-03-11T05:17:09.539+0000] {processor.py:830} INFO - Processing file /home/cloud/codings/airflow/dags/2_dag_Generate_Semantic_Model.py for tasks to queue
[2026-03-11T05:17:09.540+0000] {logging_mixin.py:188} INFO - [2026-03-11T05:17:09.540+0000] {dagbag.py:545} INFO - Filling up the DagBag from /home/cloud/codings/airflow/dags/2_dag_Generate_Semantic_Model.py
[2026-03-11T05:17:09.562+0000] {processor.py:840} INFO - DAG(s) '2_dag_Generate_Semantic_Model' retrieved from /home/cloud/codings/airflow/dags/2_dag_Generate_Semantic_Model.py
[2026-03-11T05:17:09.578+0000] {logging_mixin.py:188} INFO - [2026-03-11T05:17:09.578+0000] {dag.py:3089} INFO - Sync 1 DAGs
[2026-03-11T05:17:09.592+0000] {logging_mixin.py:188} INFO - [2026-03-11T05:17:09.592+0000] {dag.py:3947} INFO - Setting next_dagrun for 2_dag_Generate_Semantic_Model to None, run_after=None
[2026-03-11T05:17:09.629+0000] {processor.py:183} INFO - Processing /home/cloud/codings/airflow/dags/2_dag_Generate_Semantic_Model.py took 0.097 seconds
[2026-03-11T05:17:40.213+0000] {processor.py:161} INFO - Started process (PID=533759) to work on /home/cloud/codings/airflow/dags/2_dag_Generate_Semantic_Model.py
[2026-03-11T05:17:40.235+0000] {processor.py:830} INFO - Processing file /home/cloud/codings/airflow/dags/2_dag_Generate_Semantic_Model.py for tasks to queue
[2026-03-11T05:17:40.238+0000] {logging_mixin.py:188} INFO - [2026-03-11T05:17:40.237+0000] {dagbag.py:545} INFO - Filling up the DagBag from /home/cloud/codings/airflow/dags/2_dag_Generate_Semantic_Model.py
[2026-03-11T05:17:40.295+0000] {processor.py:840} INFO - DAG(s) '2_dag_Generate_Semantic_Model' retrieved from /home/cloud/codings/airflow/dags/2_dag_Generate_Semantic_Model.py
[2026-03-11T05:17:40.332+0000] {logging_mixin.py:188} INFO - [2026-03-11T05:17:40.331+0000] {dag.py:3089} INFO - Sync 1 DAGs
[2026-03-11T05:17:40.365+0000] {logging_mixin.py:188} INFO - [2026-03-11T05:17:40.364+0000] {dag.py:3947} INFO - Setting next_dagrun for 2_dag_Generate_Semantic_Model to None, run_after=None
[2026-03-11T05:17:40.424+0000] {processor.py:183} INFO - Processing /home/cloud/codings/airflow/dags/2_dag_Generate_Semantic_Model.py took 0.245 seconds
[2026-03-11T05:18:10.534+0000] {processor.py:161} INFO - Started process (PID=533846) to work on /home/cloud/codings/airflow/dags/2_dag_Generate_Semantic_Model.py
[2026-03-11T05:18:10.557+0000] {processor.py:830} INFO - Processing file /home/cloud/codings/airflow/dags/2_dag_Generate_Semantic_Model.py for tasks to queue
[2026-03-11T05:18:10.559+0000] {logging_mixin.py:188} INFO - [2026-03-11T05:18:10.558+0000] {dagbag.py:545} INFO - Filling up the DagBag from /home/cloud/codings/airflow/dags/2_dag_Generate_Semantic_Model.py
[2026-03-11T05:18:10.602+0000] {processor.py:840} INFO - DAG(s) '2_dag_Generate_Semantic_Model' retrieved from /home/cloud/codings/airflow/dags/2_dag_Generate_Semantic_Model.py
[2026-03-11T05:18:10.621+0000] {logging_mixin.py:188} INFO - [2026-03-11T05:18:10.620+0000] {dag.py:3089} INFO - Sync 1 DAGs
[2026-03-11T05:18:10.635+0000] {logging_mixin.py:188} INFO - [2026-03-11T05:18:10.635+0000] {dag.py:3947} INFO - Setting next_dagrun for 2_dag_Generate_Semantic_Model to None, run_after=None
[2026-03-11T05:18:10.658+0000] {processor.py:183} INFO - Processing /home/cloud/codings/airflow/dags/2_dag_Generate_Semantic_Model.py took 0.142 seconds
[2026-03-11T05:18:41.235+0000] {processor.py:161} INFO - Started process (PID=533873) to work on /home/cloud/codings/airflow/dags/2_dag_Generate_Semantic_Model.py
[2026-03-11T05:18:41.262+0000] {processor.py:830} INFO - Processing file /home/cloud/codings/airflow/dags/2_dag_Generate_Semantic_Model.py for tasks to queue
[2026-03-11T05:18:41.264+0000] {logging_mixin.py:188} INFO - [2026-03-11T05:18:41.263+0000] {dagbag.py:545} INFO - Filling up the DagBag from /home/cloud/codings/airflow/dags/2_dag_Generate_Semantic_Model.py
[2026-03-11T05:18:41.307+0000] {processor.py:840} INFO - DAG(s) '2_dag_Generate_Semantic_Model' retrieved from /home/cloud/codings/airflow/dags/2_dag_Generate_Semantic_Model.py
[2026-03-11T05:18:41.335+0000] {logging_mixin.py:188} INFO - [2026-03-11T05:18:41.334+0000] {dag.py:3089} INFO - Sync 1 DAGs
[2026-03-11T05:18:41.359+0000] {logging_mixin.py:188} INFO - [2026-03-11T05:18:41.358+0000] {dag.py:3947} INFO - Setting next_dagrun for 2_dag_Generate_Semantic_Model to None, run_after=None
[2026-03-11T05:18:41.397+0000] {processor.py:183} INFO - Processing /home/cloud/codings/airflow/dags/2_dag_Generate_Semantic_Model.py took 0.176 seconds
[2026-03-11T05:19:11.838+0000] {processor.py:161} INFO - Started process (PID=533958) to work on /home/cloud/codings/airflow/dags/2_dag_Generate_Semantic_Model.py
[2026-03-11T05:19:11.840+0000] {processor.py:830} INFO - Processing file /home/cloud/codings/airflow/dags/2_dag_Generate_Semantic_Model.py for tasks to queue
[2026-03-11T05:19:11.842+0000] {logging_mixin.py:188} INFO - [2026-03-11T05:19:11.841+0000] {dagbag.py:545} INFO - Filling up the DagBag from /home/cloud/codings/airflow/dags/2_dag_Generate_Semantic_Model.py
[2026-03-11T05:19:11.884+0000] {processor.py:840} INFO - DAG(s) '2_dag_Generate_Semantic_Model' retrieved from /home/cloud/codings/airflow/dags/2_dag_Generate_Semantic_Model.py
[2026-03-11T05:19:11.912+0000] {logging_mixin.py:188} INFO - [2026-03-11T05:19:11.911+0000] {dag.py:3089} INFO - Sync 1 DAGs
[2026-03-11T05:19:11.935+0000] {logging_mixin.py:188} INFO - [2026-03-11T05:19:11.934+0000] {dag.py:3947} INFO - Setting next_dagrun for 2_dag_Generate_Semantic_Model to None, run_after=None
[2026-03-11T05:19:11.974+0000] {processor.py:183} INFO - Processing /home/cloud/codings/airflow/dags/2_dag_Generate_Semantic_Model.py took 0.148 seconds
[2026-03-11T05:19:42.843+0000] {processor.py:161} INFO - Started process (PID=533985) to work on /home/cloud/codings/airflow/dags/2_dag_Generate_Semantic_Model.py
[2026-03-11T05:19:42.848+0000] {processor.py:830} INFO - Processing file /home/cloud/codings/airflow/dags/2_dag_Generate_Semantic_Model.py for tasks to queue
[2026-03-11T05:19:42.852+0000] {logging_mixin.py:188} INFO - [2026-03-11T05:19:42.850+0000] {dagbag.py:545} INFO - Filling up the DagBag from /home/cloud/codings/airflow/dags/2_dag_Generate_Semantic_Model.py
[2026-03-11T05:19:42.932+0000] {processor.py:840} INFO - DAG(s) '2_dag_Generate_Semantic_Model' retrieved from /home/cloud/codings/airflow/dags/2_dag_Generate_Semantic_Model.py
[2026-03-11T05:19:42.968+0000] {logging_mixin.py:188} INFO - [2026-03-11T05:19:42.967+0000] {dag.py:3089} INFO - Sync 1 DAGs
[2026-03-11T05:19:42.995+0000] {logging_mixin.py:188} INFO - [2026-03-11T05:19:42.994+0000] {dag.py:3947} INFO - Setting next_dagrun for 2_dag_Generate_Semantic_Model to None, run_after=None
[2026-03-11T05:19:43.050+0000] {processor.py:183} INFO - Processing /home/cloud/codings/airflow/dags/2_dag_Generate_Semantic_Model.py took 0.232 seconds
[2026-03-11T05:20:14.096+0000] {processor.py:161} INFO - Started process (PID=534124) to work on /home/cloud/codings/airflow/dags/2_dag_Generate_Semantic_Model.py
[2026-03-11T05:20:14.098+0000] {processor.py:830} INFO - Processing file /home/cloud/codings/airflow/dags/2_dag_Generate_Semantic_Model.py for tasks to queue
[2026-03-11T05:20:14.100+0000] {logging_mixin.py:188} INFO - [2026-03-11T05:20:14.099+0000] {dagbag.py:545} INFO - Filling up the DagBag from /home/cloud/codings/airflow/dags/2_dag_Generate_Semantic_Model.py
[2026-03-11T05:20:14.136+0000] {processor.py:840} INFO - DAG(s) '2_dag_Generate_Semantic_Model' retrieved from /home/cloud/codings/airflow/dags/2_dag_Generate_Semantic_Model.py
[2026-03-11T05:20:14.152+0000] {logging_mixin.py:188} INFO - [2026-03-11T05:20:14.152+0000] {dag.py:3089} INFO - Sync 1 DAGs
[2026-03-11T05:20:14.165+0000] {logging_mixin.py:188} INFO - [2026-03-11T05:20:14.165+0000] {dag.py:3947} INFO - Setting next_dagrun for 2_dag_Generate_Semantic_Model to None, run_after=None
[2026-03-11T05:20:14.189+0000] {processor.py:183} INFO - Processing /home/cloud/codings/airflow/dags/2_dag_Generate_Semantic_Model.py took 0.108 seconds
[2026-03-11T05:20:44.795+0000] {processor.py:161} INFO - Started process (PID=534153) to work on /home/cloud/codings/airflow/dags/2_dag_Generate_Semantic_Model.py
[2026-03-11T05:20:44.814+0000] {processor.py:830} INFO - Processing file /home/cloud/codings/airflow/dags/2_dag_Generate_Semantic_Model.py for tasks to queue
[2026-03-11T05:20:44.816+0000] {logging_mixin.py:188} INFO - [2026-03-11T05:20:44.815+0000] {dagbag.py:545} INFO - Filling up the DagBag from /home/cloud/codings/airflow/dags/2_dag_Generate_Semantic_Model.py
[2026-03-11T05:20:44.904+0000] {processor.py:840} INFO - DAG(s) '2_dag_Generate_Semantic_Model' retrieved from /home/cloud/codings/airflow/dags/2_dag_Generate_Semantic_Model.py
[2026-03-11T05:20:44.968+0000] {logging_mixin.py:188} INFO - [2026-03-11T05:20:44.967+0000] {dag.py:3089} INFO - Sync 1 DAGs
[2026-03-11T05:20:44.999+0000] {logging_mixin.py:188} INFO - [2026-03-11T05:20:44.999+0000] {dag.py:3947} INFO - Setting next_dagrun for 2_dag_Generate_Semantic_Model to None, run_after=None
[2026-03-11T05:20:45.068+0000] {processor.py:183} INFO - Processing /home/cloud/codings/airflow/dags/2_dag_Generate_Semantic_Model.py took 0.293 seconds
[2026-03-11T05:21:15.197+0000] {processor.py:161} INFO - Started process (PID=534236) to work on /home/cloud/codings/airflow/dags/2_dag_Generate_Semantic_Model.py
[2026-03-11T05:21:15.198+0000] {processor.py:830} INFO - Processing file /home/cloud/codings/airflow/dags/2_dag_Generate_Semantic_Model.py for tasks to queue
[2026-03-11T05:21:15.200+0000] {logging_mixin.py:188} INFO - [2026-03-11T05:21:15.199+0000] {dagbag.py:545} INFO - Filling up the DagBag from /home/cloud/codings/airflow/dags/2_dag_Generate_Semantic_Model.py
[2026-03-11T05:21:15.233+0000] {processor.py:840} INFO - DAG(s) '2_dag_Generate_Semantic_Model' retrieved from /home/cloud/codings/airflow/dags/2_dag_Generate_Semantic_Model.py
[2026-03-11T05:21:15.254+0000] {logging_mixin.py:188} INFO - [2026-03-11T05:21:15.253+0000] {dag.py:3089} INFO - Sync 1 DAGs
[2026-03-11T05:21:15.269+0000] {logging_mixin.py:188} INFO - [2026-03-11T05:21:15.269+0000] {dag.py:3947} INFO - Setting next_dagrun for 2_dag_Generate_Semantic_Model to None, run_after=None
[2026-03-11T05:21:15.297+0000] {processor.py:183} INFO - Processing /home/cloud/codings/airflow/dags/2_dag_Generate_Semantic_Model.py took 0.112 seconds
[2026-03-11T05:21:45.748+0000] {processor.py:161} INFO - Started process (PID=534261) to work on /home/cloud/codings/airflow/dags/2_dag_Generate_Semantic_Model.py
[2026-03-11T05:21:45.750+0000] {processor.py:830} INFO - Processing file /home/cloud/codings/airflow/dags/2_dag_Generate_Semantic_Model.py for tasks to queue
[2026-03-11T05:21:45.751+0000] {logging_mixin.py:188} INFO - [2026-03-11T05:21:45.751+0000] {dagbag.py:545} INFO - Filling up the DagBag from /home/cloud/codings/airflow/dags/2_dag_Generate_Semantic_Model.py
[2026-03-11T05:21:45.773+0000] {processor.py:840} INFO - DAG(s) '2_dag_Generate_Semantic_Model' retrieved from /home/cloud/codings/airflow/dags/2_dag_Generate_Semantic_Model.py
[2026-03-11T05:21:45.788+0000] {logging_mixin.py:188} INFO - [2026-03-11T05:21:45.788+0000] {dag.py:3089} INFO - Sync 1 DAGs
[2026-03-11T05:21:45.802+0000] {logging_mixin.py:188} INFO - [2026-03-11T05:21:45.801+0000] {dag.py:3947} INFO - Setting next_dagrun for 2_dag_Generate_Semantic_Model to None, run_after=None
[2026-03-11T05:21:45.830+0000] {processor.py:183} INFO - Processing /home/cloud/codings/airflow/dags/2_dag_Generate_Semantic_Model.py took 0.087 seconds
[2026-03-11T05:22:16.483+0000] {processor.py:161} INFO - Started process (PID=534347) to work on /home/cloud/codings/airflow/dags/2_dag_Generate_Semantic_Model.py
[2026-03-11T05:22:16.486+0000] {processor.py:830} INFO - Processing file /home/cloud/codings/airflow/dags/2_dag_Generate_Semantic_Model.py for tasks to queue
[2026-03-11T05:22:16.488+0000] {logging_mixin.py:188} INFO - [2026-03-11T05:22:16.487+0000] {dagbag.py:545} INFO - Filling up the DagBag from /home/cloud/codings/airflow/dags/2_dag_Generate_Semantic_Model.py
[2026-03-11T05:22:16.533+0000] {processor.py:840} INFO - DAG(s) '2_dag_Generate_Semantic_Model' retrieved from /home/cloud/codings/airflow/dags/2_dag_Generate_Semantic_Model.py
[2026-03-11T05:22:16.552+0000] {logging_mixin.py:188} INFO - [2026-03-11T05:22:16.552+0000] {dag.py:3089} INFO - Sync 1 DAGs
[2026-03-11T05:22:16.568+0000] {logging_mixin.py:188} INFO - [2026-03-11T05:22:16.567+0000] {dag.py:3947} INFO - Setting next_dagrun for 2_dag_Generate_Semantic_Model to None, run_after=None
[2026-03-11T05:22:16.594+0000] {processor.py:183} INFO - Processing /home/cloud/codings/airflow/dags/2_dag_Generate_Semantic_Model.py took 0.123 seconds
[2026-03-11T05:22:46.965+0000] {processor.py:161} INFO - Started process (PID=534392) to work on /home/cloud/codings/airflow/dags/2_dag_Generate_Semantic_Model.py
[2026-03-11T05:22:46.983+0000] {processor.py:830} INFO - Processing file /home/cloud/codings/airflow/dags/2_dag_Generate_Semantic_Model.py for tasks to queue
[2026-03-11T05:22:46.985+0000] {logging_mixin.py:188} INFO - [2026-03-11T05:22:46.984+0000] {dagbag.py:545} INFO - Filling up the DagBag from /home/cloud/codings/airflow/dags/2_dag_Generate_Semantic_Model.py
[2026-03-11T05:22:47.025+0000] {processor.py:840} INFO - DAG(s) '2_dag_Generate_Semantic_Model' retrieved from /home/cloud/codings/airflow/dags/2_dag_Generate_Semantic_Model.py
[2026-03-11T05:22:47.050+0000] {logging_mixin.py:188} INFO - [2026-03-11T05:22:47.050+0000] {dag.py:3089} INFO - Sync 1 DAGs
[2026-03-11T05:22:47.066+0000] {logging_mixin.py:188} INFO - [2026-03-11T05:22:47.066+0000] {dag.py:3947} INFO - Setting next_dagrun for 2_dag_Generate_Semantic_Model to None, run_after=None
[2026-03-11T05:22:47.097+0000] {processor.py:183} INFO - Processing /home/cloud/codings/airflow/dags/2_dag_Generate_Semantic_Model.py took 0.146 seconds
[2026-03-11T05:23:17.510+0000] {processor.py:161} INFO - Started process (PID=534471) to work on /home/cloud/codings/airflow/dags/2_dag_Generate_Semantic_Model.py
[2026-03-11T05:23:17.511+0000] {processor.py:830} INFO - Processing file /home/cloud/codings/airflow/dags/2_dag_Generate_Semantic_Model.py for tasks to queue
[2026-03-11T05:23:17.513+0000] {logging_mixin.py:188} INFO - [2026-03-11T05:23:17.513+0000] {dagbag.py:545} INFO - Filling up the DagBag from /home/cloud/codings/airflow/dags/2_dag_Generate_Semantic_Model.py
[2026-03-11T05:23:17.557+0000] {processor.py:840} INFO - DAG(s) '2_dag_Generate_Semantic_Model' retrieved from /home/cloud/codings/airflow/dags/2_dag_Generate_Semantic_Model.py
[2026-03-11T05:23:17.587+0000] {logging_mixin.py:188} INFO - [2026-03-11T05:23:17.586+0000] {dag.py:3089} INFO - Sync 1 DAGs
[2026-03-11T05:23:17.613+0000] {logging_mixin.py:188} INFO - [2026-03-11T05:23:17.613+0000] {dag.py:3947} INFO - Setting next_dagrun for 2_dag_Generate_Semantic_Model to None, run_after=None
[2026-03-11T05:23:17.653+0000] {processor.py:183} INFO - Processing /home/cloud/codings/airflow/dags/2_dag_Generate_Semantic_Model.py took 0.158 seconds
[2026-03-11T05:23:48.104+0000] {processor.py:161} INFO - Started process (PID=534498) to work on /home/cloud/codings/airflow/dags/2_dag_Generate_Semantic_Model.py
[2026-03-11T05:23:48.122+0000] {processor.py:830} INFO - Processing file /home/cloud/codings/airflow/dags/2_dag_Generate_Semantic_Model.py for tasks to queue
[2026-03-11T05:23:48.123+0000] {logging_mixin.py:188} INFO - [2026-03-11T05:23:48.123+0000] {dagbag.py:545} INFO - Filling up the DagBag from /home/cloud/codings/airflow/dags/2_dag_Generate_Semantic_Model.py
[2026-03-11T05:23:48.164+0000] {processor.py:840} INFO - DAG(s) '2_dag_Generate_Semantic_Model' retrieved from /home/cloud/codings/airflow/dags/2_dag_Generate_Semantic_Model.py
[2026-03-11T05:23:48.211+0000] {logging_mixin.py:188} INFO - [2026-03-11T05:23:48.211+0000] {dag.py:3089} INFO - Sync 1 DAGs
[2026-03-11T05:23:48.246+0000] {logging_mixin.py:188} INFO - [2026-03-11T05:23:48.246+0000] {dag.py:3947} INFO - Setting next_dagrun for 2_dag_Generate_Semantic_Model to None, run_after=None
[2026-03-11T05:23:48.309+0000] {processor.py:183} INFO - Processing /home/cloud/codings/airflow/dags/2_dag_Generate_Semantic_Model.py took 0.213 seconds
[2026-03-11T05:24:18.782+0000] {processor.py:161} INFO - Started process (PID=534581) to work on /home/cloud/codings/airflow/dags/2_dag_Generate_Semantic_Model.py
[2026-03-11T05:24:18.785+0000] {processor.py:830} INFO - Processing file /home/cloud/codings/airflow/dags/2_dag_Generate_Semantic_Model.py for tasks to queue
[2026-03-11T05:24:18.790+0000] {logging_mixin.py:188} INFO - [2026-03-11T05:24:18.789+0000] {dagbag.py:545} INFO - Filling up the DagBag from /home/cloud/codings/airflow/dags/2_dag_Generate_Semantic_Model.py
[2026-03-11T05:24:18.843+0000] {processor.py:840} INFO - DAG(s) '2_dag_Generate_Semantic_Model' retrieved from /home/cloud/codings/airflow/dags/2_dag_Generate_Semantic_Model.py
[2026-03-11T05:24:18.873+0000] {logging_mixin.py:188} INFO - [2026-03-11T05:24:18.873+0000] {dag.py:3089} INFO - Sync 1 DAGs
[2026-03-11T05:24:18.898+0000] {logging_mixin.py:188} INFO - [2026-03-11T05:24:18.898+0000] {dag.py:3947} INFO - Setting next_dagrun for 2_dag_Generate_Semantic_Model to None, run_after=None
[2026-03-11T05:24:18.940+0000] {processor.py:183} INFO - Processing /home/cloud/codings/airflow/dags/2_dag_Generate_Semantic_Model.py took 0.177 seconds
[2026-03-11T05:24:49.119+0000] {processor.py:161} INFO - Started process (PID=534610) to work on /home/cloud/codings/airflow/dags/2_dag_Generate_Semantic_Model.py
[2026-03-11T05:24:49.121+0000] {processor.py:830} INFO - Processing file /home/cloud/codings/airflow/dags/2_dag_Generate_Semantic_Model.py for tasks to queue
[2026-03-11T05:24:49.123+0000] {logging_mixin.py:188} INFO - [2026-03-11T05:24:49.122+0000] {dagbag.py:545} INFO - Filling up the DagBag from /home/cloud/codings/airflow/dags/2_dag_Generate_Semantic_Model.py
[2026-03-11T05:24:49.167+0000] {processor.py:840} INFO - DAG(s) '2_dag_Generate_Semantic_Model' retrieved from /home/cloud/codings/airflow/dags/2_dag_Generate_Semantic_Model.py
[2026-03-11T05:24:49.184+0000] {logging_mixin.py:188} INFO - [2026-03-11T05:24:49.184+0000] {dag.py:3089} INFO - Sync 1 DAGs
[2026-03-11T05:24:49.198+0000] {logging_mixin.py:188} INFO - [2026-03-11T05:24:49.198+0000] {dag.py:3947} INFO - Setting next_dagrun for 2_dag_Generate_Semantic_Model to None, run_after=None
[2026-03-11T05:24:49.227+0000] {processor.py:183} INFO - Processing /home/cloud/codings/airflow/dags/2_dag_Generate_Semantic_Model.py took 0.131 seconds
[2026-03-11T05:25:19.681+0000] {processor.py:161} INFO - Started process (PID=534755) to work on /home/cloud/codings/airflow/dags/2_dag_Generate_Semantic_Model.py
[2026-03-11T05:25:19.701+0000] {processor.py:830} INFO - Processing file /home/cloud/codings/airflow/dags/2_dag_Generate_Semantic_Model.py for tasks to queue
[2026-03-11T05:25:19.703+0000] {logging_mixin.py:188} INFO - [2026-03-11T05:25:19.702+0000] {dagbag.py:545} INFO - Filling up the DagBag from /home/cloud/codings/airflow/dags/2_dag_Generate_Semantic_Model.py
[2026-03-11T05:25:19.745+0000] {processor.py:840} INFO - DAG(s) '2_dag_Generate_Semantic_Model' retrieved from /home/cloud/codings/airflow/dags/2_dag_Generate_Semantic_Model.py
[2026-03-11T05:25:19.772+0000] {logging_mixin.py:188} INFO - [2026-03-11T05:25:19.772+0000] {dag.py:3089} INFO - Sync 1 DAGs
[2026-03-11T05:25:19.795+0000] {logging_mixin.py:188} INFO - [2026-03-11T05:25:19.794+0000] {dag.py:3947} INFO - Setting next_dagrun for 2_dag_Generate_Semantic_Model to None, run_after=None
[2026-03-11T05:25:19.857+0000] {processor.py:183} INFO - Processing /home/cloud/codings/airflow/dags/2_dag_Generate_Semantic_Model.py took 0.191 seconds
[2026-03-11T05:25:50.356+0000] {processor.py:161} INFO - Started process (PID=534799) to work on /home/cloud/codings/airflow/dags/2_dag_Generate_Semantic_Model.py
[2026-03-11T05:25:50.359+0000] {processor.py:830} INFO - Processing file /home/cloud/codings/airflow/dags/2_dag_Generate_Semantic_Model.py for tasks to queue
[2026-03-11T05:25:50.362+0000] {logging_mixin.py:188} INFO - [2026-03-11T05:25:50.361+0000] {dagbag.py:545} INFO - Filling up the DagBag from /home/cloud/codings/airflow/dags/2_dag_Generate_Semantic_Model.py
[2026-03-11T05:25:50.416+0000] {processor.py:840} INFO - DAG(s) '2_dag_Generate_Semantic_Model' retrieved from /home/cloud/codings/airflow/dags/2_dag_Generate_Semantic_Model.py
[2026-03-11T05:25:50.437+0000] {logging_mixin.py:188} INFO - [2026-03-11T05:25:50.437+0000] {dag.py:3089} INFO - Sync 1 DAGs
[2026-03-11T05:25:50.453+0000] {logging_mixin.py:188} INFO - [2026-03-11T05:25:50.452+0000] {dag.py:3947} INFO - Setting next_dagrun for 2_dag_Generate_Semantic_Model to None, run_after=None
[2026-03-11T05:25:50.480+0000] {processor.py:183} INFO - Processing /home/cloud/codings/airflow/dags/2_dag_Generate_Semantic_Model.py took 0.140 seconds
[2026-03-11T05:26:21.003+0000] {processor.py:161} INFO - Started process (PID=534861) to work on /home/cloud/codings/airflow/dags/2_dag_Generate_Semantic_Model.py
[2026-03-11T05:26:21.021+0000] {processor.py:830} INFO - Processing file /home/cloud/codings/airflow/dags/2_dag_Generate_Semantic_Model.py for tasks to queue
[2026-03-11T05:26:21.022+0000] {logging_mixin.py:188} INFO - [2026-03-11T05:26:21.021+0000] {dagbag.py:545} INFO - Filling up the DagBag from /home/cloud/codings/airflow/dags/2_dag_Generate_Semantic_Model.py
[2026-03-11T05:26:21.047+0000] {processor.py:840} INFO - DAG(s) '2_dag_Generate_Semantic_Model' retrieved from /home/cloud/codings/airflow/dags/2_dag_Generate_Semantic_Model.py
[2026-03-11T05:26:21.061+0000] {logging_mixin.py:188} INFO - [2026-03-11T05:26:21.061+0000] {dag.py:3089} INFO - Sync 1 DAGs
[2026-03-11T05:26:21.075+0000] {logging_mixin.py:188} INFO - [2026-03-11T05:26:21.074+0000] {dag.py:3947} INFO - Setting next_dagrun for 2_dag_Generate_Semantic_Model to None, run_after=None
[2026-03-11T05:26:21.098+0000] {processor.py:183} INFO - Processing /home/cloud/codings/airflow/dags/2_dag_Generate_Semantic_Model.py took 0.103 seconds
[2026-03-11T05:26:51.639+0000] {processor.py:161} INFO - Started process (PID=534948) to work on /home/cloud/codings/airflow/dags/2_dag_Generate_Semantic_Model.py
[2026-03-11T05:26:51.640+0000] {processor.py:830} INFO - Processing file /home/cloud/codings/airflow/dags/2_dag_Generate_Semantic_Model.py for tasks to queue
[2026-03-11T05:26:51.641+0000] {logging_mixin.py:188} INFO - [2026-03-11T05:26:51.641+0000] {dagbag.py:545} INFO - Filling up the DagBag from /home/cloud/codings/airflow/dags/2_dag_Generate_Semantic_Model.py
[2026-03-11T05:26:51.681+0000] {processor.py:840} INFO - DAG(s) '2_dag_Generate_Semantic_Model' retrieved from /home/cloud/codings/airflow/dags/2_dag_Generate_Semantic_Model.py
[2026-03-11T05:26:51.707+0000] {logging_mixin.py:188} INFO - [2026-03-11T05:26:51.707+0000] {dag.py:3089} INFO - Sync 1 DAGs
[2026-03-11T05:26:51.728+0000] {logging_mixin.py:188} INFO - [2026-03-11T05:26:51.728+0000] {dag.py:3947} INFO - Setting next_dagrun for 2_dag_Generate_Semantic_Model to None, run_after=None
[2026-03-11T05:26:51.755+0000] {processor.py:183} INFO - Processing /home/cloud/codings/airflow/dags/2_dag_Generate_Semantic_Model.py took 0.130 seconds
[2026-03-11T05:27:22.240+0000] {processor.py:161} INFO - Started process (PID=534971) to work on /home/cloud/codings/airflow/dags/2_dag_Generate_Semantic_Model.py
[2026-03-11T05:27:22.260+0000] {processor.py:830} INFO - Processing file /home/cloud/codings/airflow/dags/2_dag_Generate_Semantic_Model.py for tasks to queue
[2026-03-11T05:27:22.262+0000] {logging_mixin.py:188} INFO - [2026-03-11T05:27:22.261+0000] {dagbag.py:545} INFO - Filling up the DagBag from /home/cloud/codings/airflow/dags/2_dag_Generate_Semantic_Model.py
[2026-03-11T05:27:22.313+0000] {processor.py:840} INFO - DAG(s) '2_dag_Generate_Semantic_Model' retrieved from /home/cloud/codings/airflow/dags/2_dag_Generate_Semantic_Model.py
[2026-03-11T05:27:22.342+0000] {logging_mixin.py:188} INFO - [2026-03-11T05:27:22.341+0000] {dag.py:3089} INFO - Sync 1 DAGs
[2026-03-11T05:27:22.366+0000] {logging_mixin.py:188} INFO - [2026-03-11T05:27:22.366+0000] {dag.py:3947} INFO - Setting next_dagrun for 2_dag_Generate_Semantic_Model to None, run_after=None
[2026-03-11T05:27:22.425+0000] {processor.py:183} INFO - Processing /home/cloud/codings/airflow/dags/2_dag_Generate_Semantic_Model.py took 0.199 seconds
[2026-03-11T05:27:52.767+0000] {processor.py:161} INFO - Started process (PID=535059) to work on /home/cloud/codings/airflow/dags/2_dag_Generate_Semantic_Model.py
[2026-03-11T05:27:52.786+0000] {processor.py:830} INFO - Processing file /home/cloud/codings/airflow/dags/2_dag_Generate_Semantic_Model.py for tasks to queue
[2026-03-11T05:27:52.788+0000] {logging_mixin.py:188} INFO - [2026-03-11T05:27:52.787+0000] {dagbag.py:545} INFO - Filling up the DagBag from /home/cloud/codings/airflow/dags/2_dag_Generate_Semantic_Model.py
[2026-03-11T05:27:52.835+0000] {processor.py:840} INFO - DAG(s) '2_dag_Generate_Semantic_Model' retrieved from /home/cloud/codings/airflow/dags/2_dag_Generate_Semantic_Model.py
[2026-03-11T05:27:52.862+0000] {logging_mixin.py:188} INFO - [2026-03-11T05:27:52.862+0000] {dag.py:3089} INFO - Sync 1 DAGs
[2026-03-11T05:27:52.880+0000] {logging_mixin.py:188} INFO - [2026-03-11T05:27:52.880+0000] {dag.py:3947} INFO - Setting next_dagrun for 2_dag_Generate_Semantic_Model to None, run_after=None
[2026-03-11T05:27:52.914+0000] {processor.py:183} INFO - Processing /home/cloud/codings/airflow/dags/2_dag_Generate_Semantic_Model.py took 0.168 seconds
[2026-03-11T05:28:23.263+0000] {processor.py:161} INFO - Started process (PID=535084) to work on /home/cloud/codings/airflow/dags/2_dag_Generate_Semantic_Model.py
[2026-03-11T05:28:23.284+0000] {processor.py:830} INFO - Processing file /home/cloud/codings/airflow/dags/2_dag_Generate_Semantic_Model.py for tasks to queue
[2026-03-11T05:28:23.287+0000] {logging_mixin.py:188} INFO - [2026-03-11T05:28:23.286+0000] {dagbag.py:545} INFO - Filling up the DagBag from /home/cloud/codings/airflow/dags/2_dag_Generate_Semantic_Model.py
[2026-03-11T05:28:23.371+0000] {processor.py:840} INFO - DAG(s) '2_dag_Generate_Semantic_Model' retrieved from /home/cloud/codings/airflow/dags/2_dag_Generate_Semantic_Model.py
[2026-03-11T05:28:23.431+0000] {logging_mixin.py:188} INFO - [2026-03-11T05:28:23.430+0000] {dag.py:3089} INFO - Sync 1 DAGs
[2026-03-11T05:28:23.463+0000] {logging_mixin.py:188} INFO - [2026-03-11T05:28:23.462+0000] {dag.py:3947} INFO - Setting next_dagrun for 2_dag_Generate_Semantic_Model to None, run_after=None
[2026-03-11T05:28:23.549+0000] {processor.py:183} INFO - Processing /home/cloud/codings/airflow/dags/2_dag_Generate_Semantic_Model.py took 0.312 seconds
[2026-03-11T05:28:54.010+0000] {processor.py:161} INFO - Started process (PID=535165) to work on /home/cloud/codings/airflow/dags/2_dag_Generate_Semantic_Model.py
[2026-03-11T05:28:54.013+0000] {processor.py:830} INFO - Processing file /home/cloud/codings/airflow/dags/2_dag_Generate_Semantic_Model.py for tasks to queue
[2026-03-11T05:28:54.015+0000] {logging_mixin.py:188} INFO - [2026-03-11T05:28:54.014+0000] {dagbag.py:545} INFO - Filling up the DagBag from /home/cloud/codings/airflow/dags/2_dag_Generate_Semantic_Model.py
[2026-03-11T05:28:54.055+0000] {processor.py:840} INFO - DAG(s) '2_dag_Generate_Semantic_Model' retrieved from /home/cloud/codings/airflow/dags/2_dag_Generate_Semantic_Model.py
[2026-03-11T05:28:54.082+0000] {logging_mixin.py:188} INFO - [2026-03-11T05:28:54.081+0000] {dag.py:3089} INFO - Sync 1 DAGs
[2026-03-11T05:28:54.107+0000] {logging_mixin.py:188} INFO - [2026-03-11T05:28:54.106+0000] {dag.py:3947} INFO - Setting next_dagrun for 2_dag_Generate_Semantic_Model to None, run_after=None
[2026-03-11T05:28:54.185+0000] {processor.py:183} INFO - Processing /home/cloud/codings/airflow/dags/2_dag_Generate_Semantic_Model.py took 0.187 seconds
[2026-03-11T05:29:24.602+0000] {processor.py:161} INFO - Started process (PID=535190) to work on /home/cloud/codings/airflow/dags/2_dag_Generate_Semantic_Model.py
[2026-03-11T05:29:24.631+0000] {processor.py:830} INFO - Processing file /home/cloud/codings/airflow/dags/2_dag_Generate_Semantic_Model.py for tasks to queue
[2026-03-11T05:29:24.633+0000] {logging_mixin.py:188} INFO - [2026-03-11T05:29:24.632+0000] {dagbag.py:545} INFO - Filling up the DagBag from /home/cloud/codings/airflow/dags/2_dag_Generate_Semantic_Model.py
[2026-03-11T05:29:24.657+0000] {processor.py:840} INFO - DAG(s) '2_dag_Generate_Semantic_Model' retrieved from /home/cloud/codings/airflow/dags/2_dag_Generate_Semantic_Model.py
[2026-03-11T05:29:24.672+0000] {logging_mixin.py:188} INFO - [2026-03-11T05:29:24.671+0000] {dag.py:3089} INFO - Sync 1 DAGs
[2026-03-11T05:29:24.684+0000] {logging_mixin.py:188} INFO - [2026-03-11T05:29:24.684+0000] {dag.py:3947} INFO - Setting next_dagrun for 2_dag_Generate_Semantic_Model to None, run_after=None
[2026-03-11T05:29:24.712+0000] {processor.py:183} INFO - Processing /home/cloud/codings/airflow/dags/2_dag_Generate_Semantic_Model.py took 0.117 seconds
[2026-03-11T05:29:55.267+0000] {processor.py:161} INFO - Started process (PID=535275) to work on /home/cloud/codings/airflow/dags/2_dag_Generate_Semantic_Model.py
[2026-03-11T05:29:55.298+0000] {processor.py:830} INFO - Processing file /home/cloud/codings/airflow/dags/2_dag_Generate_Semantic_Model.py for tasks to queue
[2026-03-11T05:29:55.301+0000] {logging_mixin.py:188} INFO - [2026-03-11T05:29:55.300+0000] {dagbag.py:545} INFO - Filling up the DagBag from /home/cloud/codings/airflow/dags/2_dag_Generate_Semantic_Model.py
[2026-03-11T05:29:55.353+0000] {processor.py:840} INFO - DAG(s) '2_dag_Generate_Semantic_Model' retrieved from /home/cloud/codings/airflow/dags/2_dag_Generate_Semantic_Model.py
[2026-03-11T05:29:55.373+0000] {logging_mixin.py:188} INFO - [2026-03-11T05:29:55.373+0000] {dag.py:3089} INFO - Sync 1 DAGs
[2026-03-11T05:29:55.388+0000] {logging_mixin.py:188} INFO - [2026-03-11T05:29:55.388+0000] {dag.py:3947} INFO - Setting next_dagrun for 2_dag_Generate_Semantic_Model to None, run_after=None
[2026-03-11T05:29:55.416+0000] {processor.py:183} INFO - Processing /home/cloud/codings/airflow/dags/2_dag_Generate_Semantic_Model.py took 0.174 seconds
[2026-03-11T05:30:25.897+0000] {processor.py:161} INFO - Started process (PID=535360) to work on /home/cloud/codings/airflow/dags/2_dag_Generate_Semantic_Model.py
[2026-03-11T05:30:25.929+0000] {processor.py:830} INFO - Processing file /home/cloud/codings/airflow/dags/2_dag_Generate_Semantic_Model.py for tasks to queue
[2026-03-11T05:30:25.931+0000] {logging_mixin.py:188} INFO - [2026-03-11T05:30:25.930+0000] {dagbag.py:545} INFO - Filling up the DagBag from /home/cloud/codings/airflow/dags/2_dag_Generate_Semantic_Model.py
[2026-03-11T05:30:25.987+0000] {processor.py:840} INFO - DAG(s) '2_dag_Generate_Semantic_Model' retrieved from /home/cloud/codings/airflow/dags/2_dag_Generate_Semantic_Model.py
[2026-03-11T05:30:26.017+0000] {logging_mixin.py:188} INFO - [2026-03-11T05:30:26.016+0000] {dag.py:3089} INFO - Sync 1 DAGs
[2026-03-11T05:30:26.042+0000] {logging_mixin.py:188} INFO - [2026-03-11T05:30:26.041+0000] {dag.py:3947} INFO - Setting next_dagrun for 2_dag_Generate_Semantic_Model to None, run_after=None
[2026-03-11T05:30:26.089+0000] {processor.py:183} INFO - Processing /home/cloud/codings/airflow/dags/2_dag_Generate_Semantic_Model.py took 0.215 seconds
[2026-03-11T05:30:56.679+0000] {processor.py:161} INFO - Started process (PID=535447) to work on /home/cloud/codings/airflow/dags/2_dag_Generate_Semantic_Model.py
[2026-03-11T05:30:56.684+0000] {processor.py:830} INFO - Processing file /home/cloud/codings/airflow/dags/2_dag_Generate_Semantic_Model.py for tasks to queue
[2026-03-11T05:30:56.686+0000] {logging_mixin.py:188} INFO - [2026-03-11T05:30:56.685+0000] {dagbag.py:545} INFO - Filling up the DagBag from /home/cloud/codings/airflow/dags/2_dag_Generate_Semantic_Model.py
[2026-03-11T05:30:56.743+0000] {processor.py:840} INFO - DAG(s) '2_dag_Generate_Semantic_Model' retrieved from /home/cloud/codings/airflow/dags/2_dag_Generate_Semantic_Model.py
[2026-03-11T05:30:56.785+0000] {logging_mixin.py:188} INFO - [2026-03-11T05:30:56.785+0000] {dag.py:3089} INFO - Sync 1 DAGs
[2026-03-11T05:30:56.811+0000] {logging_mixin.py:188} INFO - [2026-03-11T05:30:56.810+0000] {dag.py:3947} INFO - Setting next_dagrun for 2_dag_Generate_Semantic_Model to None, run_after=None
[2026-03-11T05:30:56.877+0000] {processor.py:183} INFO - Processing /home/cloud/codings/airflow/dags/2_dag_Generate_Semantic_Model.py took 0.216 seconds
[2026-03-11T05:31:27.241+0000] {processor.py:161} INFO - Started process (PID=535470) to work on /home/cloud/codings/airflow/dags/2_dag_Generate_Semantic_Model.py
[2026-03-11T05:31:27.242+0000] {processor.py:830} INFO - Processing file /home/cloud/codings/airflow/dags/2_dag_Generate_Semantic_Model.py for tasks to queue
[2026-03-11T05:31:27.244+0000] {logging_mixin.py:188} INFO - [2026-03-11T05:31:27.243+0000] {dagbag.py:545} INFO - Filling up the DagBag from /home/cloud/codings/airflow/dags/2_dag_Generate_Semantic_Model.py
[2026-03-11T05:31:27.274+0000] {processor.py:840} INFO - DAG(s) '2_dag_Generate_Semantic_Model' retrieved from /home/cloud/codings/airflow/dags/2_dag_Generate_Semantic_Model.py
[2026-03-11T05:31:27.292+0000] {logging_mixin.py:188} INFO - [2026-03-11T05:31:27.292+0000] {dag.py:3089} INFO - Sync 1 DAGs
[2026-03-11T05:31:27.309+0000] {logging_mixin.py:188} INFO - [2026-03-11T05:31:27.308+0000] {dag.py:3947} INFO - Setting next_dagrun for 2_dag_Generate_Semantic_Model to None, run_after=None
[2026-03-11T05:31:27.337+0000] {processor.py:183} INFO - Processing /home/cloud/codings/airflow/dags/2_dag_Generate_Semantic_Model.py took 0.108 seconds
[2026-03-11T05:31:57.897+0000] {processor.py:161} INFO - Started process (PID=535551) to work on /home/cloud/codings/airflow/dags/2_dag_Generate_Semantic_Model.py
[2026-03-11T05:31:57.921+0000] {processor.py:830} INFO - Processing file /home/cloud/codings/airflow/dags/2_dag_Generate_Semantic_Model.py for tasks to queue
[2026-03-11T05:31:57.923+0000] {logging_mixin.py:188} INFO - [2026-03-11T05:31:57.922+0000] {dagbag.py:545} INFO - Filling up the DagBag from /home/cloud/codings/airflow/dags/2_dag_Generate_Semantic_Model.py
[2026-03-11T05:31:57.971+0000] {processor.py:840} INFO - DAG(s) '2_dag_Generate_Semantic_Model' retrieved from /home/cloud/codings/airflow/dags/2_dag_Generate_Semantic_Model.py
[2026-03-11T05:31:58.002+0000] {logging_mixin.py:188} INFO - [2026-03-11T05:31:58.002+0000] {dag.py:3089} INFO - Sync 1 DAGs
[2026-03-11T05:31:58.022+0000] {logging_mixin.py:188} INFO - [2026-03-11T05:31:58.022+0000] {dag.py:3947} INFO - Setting next_dagrun for 2_dag_Generate_Semantic_Model to None, run_after=None
[2026-03-11T05:31:58.059+0000] {processor.py:183} INFO - Processing /home/cloud/codings/airflow/dags/2_dag_Generate_Semantic_Model.py took 0.174 seconds
[2026-03-11T05:32:28.718+0000] {processor.py:161} INFO - Started process (PID=535576) to work on /home/cloud/codings/airflow/dags/2_dag_Generate_Semantic_Model.py
[2026-03-11T05:32:28.743+0000] {processor.py:830} INFO - Processing file /home/cloud/codings/airflow/dags/2_dag_Generate_Semantic_Model.py for tasks to queue
[2026-03-11T05:32:28.745+0000] {logging_mixin.py:188} INFO - [2026-03-11T05:32:28.744+0000] {dagbag.py:545} INFO - Filling up the DagBag from /home/cloud/codings/airflow/dags/2_dag_Generate_Semantic_Model.py
[2026-03-11T05:32:28.800+0000] {processor.py:840} INFO - DAG(s) '2_dag_Generate_Semantic_Model' retrieved from /home/cloud/codings/airflow/dags/2_dag_Generate_Semantic_Model.py
[2026-03-11T05:32:28.828+0000] {logging_mixin.py:188} INFO - [2026-03-11T05:32:28.828+0000] {dag.py:3089} INFO - Sync 1 DAGs
[2026-03-11T05:32:28.847+0000] {logging_mixin.py:188} INFO - [2026-03-11T05:32:28.846+0000] {dag.py:3947} INFO - Setting next_dagrun for 2_dag_Generate_Semantic_Model to None, run_after=None
[2026-03-11T05:32:28.907+0000] {processor.py:183} INFO - Processing /home/cloud/codings/airflow/dags/2_dag_Generate_Semantic_Model.py took 0.205 seconds
[2026-03-11T05:32:59.591+0000] {processor.py:161} INFO - Started process (PID=535666) to work on /home/cloud/codings/airflow/dags/2_dag_Generate_Semantic_Model.py
[2026-03-11T05:32:59.610+0000] {processor.py:830} INFO - Processing file /home/cloud/codings/airflow/dags/2_dag_Generate_Semantic_Model.py for tasks to queue
[2026-03-11T05:32:59.612+0000] {logging_mixin.py:188} INFO - [2026-03-11T05:32:59.612+0000] {dagbag.py:545} INFO - Filling up the DagBag from /home/cloud/codings/airflow/dags/2_dag_Generate_Semantic_Model.py
[2026-03-11T05:32:59.636+0000] {processor.py:840} INFO - DAG(s) '2_dag_Generate_Semantic_Model' retrieved from /home/cloud/codings/airflow/dags/2_dag_Generate_Semantic_Model.py
[2026-03-11T05:32:59.653+0000] {logging_mixin.py:188} INFO - [2026-03-11T05:32:59.653+0000] {dag.py:3089} INFO - Sync 1 DAGs
[2026-03-11T05:32:59.668+0000] {logging_mixin.py:188} INFO - [2026-03-11T05:32:59.668+0000] {dag.py:3947} INFO - Setting next_dagrun for 2_dag_Generate_Semantic_Model to None, run_after=None
[2026-03-11T05:32:59.701+0000] {processor.py:183} INFO - Processing /home/cloud/codings/airflow/dags/2_dag_Generate_Semantic_Model.py took 0.117 seconds
[2026-03-11T05:33:30.266+0000] {processor.py:161} INFO - Started process (PID=535689) to work on /home/cloud/codings/airflow/dags/2_dag_Generate_Semantic_Model.py
[2026-03-11T05:33:30.269+0000] {processor.py:830} INFO - Processing file /home/cloud/codings/airflow/dags/2_dag_Generate_Semantic_Model.py for tasks to queue
[2026-03-11T05:33:30.271+0000] {logging_mixin.py:188} INFO - [2026-03-11T05:33:30.270+0000] {dagbag.py:545} INFO - Filling up the DagBag from /home/cloud/codings/airflow/dags/2_dag_Generate_Semantic_Model.py
[2026-03-11T05:33:30.310+0000] {processor.py:840} INFO - DAG(s) '2_dag_Generate_Semantic_Model' retrieved from /home/cloud/codings/airflow/dags/2_dag_Generate_Semantic_Model.py
[2026-03-11T05:33:30.337+0000] {logging_mixin.py:188} INFO - [2026-03-11T05:33:30.337+0000] {dag.py:3089} INFO - Sync 1 DAGs
[2026-03-11T05:33:30.354+0000] {logging_mixin.py:188} INFO - [2026-03-11T05:33:30.354+0000] {dag.py:3947} INFO - Setting next_dagrun for 2_dag_Generate_Semantic_Model to None, run_after=None
[2026-03-11T05:33:30.382+0000] {processor.py:183} INFO - Processing /home/cloud/codings/airflow/dags/2_dag_Generate_Semantic_Model.py took 0.127 seconds
[2026-03-11T05:34:00.797+0000] {processor.py:161} INFO - Started process (PID=535777) to work on /home/cloud/codings/airflow/dags/2_dag_Generate_Semantic_Model.py
[2026-03-11T05:34:00.815+0000] {processor.py:830} INFO - Processing file /home/cloud/codings/airflow/dags/2_dag_Generate_Semantic_Model.py for tasks to queue
[2026-03-11T05:34:00.818+0000] {logging_mixin.py:188} INFO - [2026-03-11T05:34:00.817+0000] {dagbag.py:545} INFO - Filling up the DagBag from /home/cloud/codings/airflow/dags/2_dag_Generate_Semantic_Model.py
[2026-03-11T05:34:00.859+0000] {processor.py:840} INFO - DAG(s) '2_dag_Generate_Semantic_Model' retrieved from /home/cloud/codings/airflow/dags/2_dag_Generate_Semantic_Model.py
[2026-03-11T05:34:00.883+0000] {logging_mixin.py:188} INFO - [2026-03-11T05:34:00.883+0000] {dag.py:3089} INFO - Sync 1 DAGs
[2026-03-11T05:34:00.901+0000] {logging_mixin.py:188} INFO - [2026-03-11T05:34:00.900+0000] {dag.py:3947} INFO - Setting next_dagrun for 2_dag_Generate_Semantic_Model to None, run_after=None
[2026-03-11T05:34:00.935+0000] {processor.py:183} INFO - Processing /home/cloud/codings/airflow/dags/2_dag_Generate_Semantic_Model.py took 0.155 seconds
[2026-03-11T05:34:31.104+0000] {processor.py:161} INFO - Started process (PID=535804) to work on /home/cloud/codings/airflow/dags/2_dag_Generate_Semantic_Model.py
[2026-03-11T05:34:31.105+0000] {processor.py:830} INFO - Processing file /home/cloud/codings/airflow/dags/2_dag_Generate_Semantic_Model.py for tasks to queue
[2026-03-11T05:34:31.106+0000] {logging_mixin.py:188} INFO - [2026-03-11T05:34:31.106+0000] {dagbag.py:545} INFO - Filling up the DagBag from /home/cloud/codings/airflow/dags/2_dag_Generate_Semantic_Model.py
[2026-03-11T05:34:31.129+0000] {processor.py:840} INFO - DAG(s) '2_dag_Generate_Semantic_Model' retrieved from /home/cloud/codings/airflow/dags/2_dag_Generate_Semantic_Model.py
[2026-03-11T05:34:31.145+0000] {logging_mixin.py:188} INFO - [2026-03-11T05:34:31.145+0000] {dag.py:3089} INFO - Sync 1 DAGs
[2026-03-11T05:34:31.160+0000] {logging_mixin.py:188} INFO - [2026-03-11T05:34:31.159+0000] {dag.py:3947} INFO - Setting next_dagrun for 2_dag_Generate_Semantic_Model to None, run_after=None
[2026-03-11T05:34:31.187+0000] {processor.py:183} INFO - Processing /home/cloud/codings/airflow/dags/2_dag_Generate_Semantic_Model.py took 0.090 seconds
[2026-03-11T05:35:01.627+0000] {processor.py:161} INFO - Started process (PID=535947) to work on /home/cloud/codings/airflow/dags/2_dag_Generate_Semantic_Model.py
[2026-03-11T05:35:01.629+0000] {processor.py:830} INFO - Processing file /home/cloud/codings/airflow/dags/2_dag_Generate_Semantic_Model.py for tasks to queue
[2026-03-11T05:35:01.630+0000] {logging_mixin.py:188} INFO - [2026-03-11T05:35:01.630+0000] {dagbag.py:545} INFO - Filling up the DagBag from /home/cloud/codings/airflow/dags/2_dag_Generate_Semantic_Model.py
[2026-03-11T05:35:01.662+0000] {processor.py:840} INFO - DAG(s) '2_dag_Generate_Semantic_Model' retrieved from /home/cloud/codings/airflow/dags/2_dag_Generate_Semantic_Model.py
[2026-03-11T05:35:01.683+0000] {logging_mixin.py:188} INFO - [2026-03-11T05:35:01.683+0000] {dag.py:3089} INFO - Sync 1 DAGs
[2026-03-11T05:35:01.703+0000] {logging_mixin.py:188} INFO - [2026-03-11T05:35:01.702+0000] {dag.py:3947} INFO - Setting next_dagrun for 2_dag_Generate_Semantic_Model to None, run_after=None
[2026-03-11T05:35:01.742+0000] {processor.py:183} INFO - Processing /home/cloud/codings/airflow/dags/2_dag_Generate_Semantic_Model.py took 0.126 seconds
[2026-03-11T05:35:32.365+0000] {processor.py:161} INFO - Started process (PID=536032) to work on /home/cloud/codings/airflow/dags/2_dag_Generate_Semantic_Model.py
[2026-03-11T05:35:32.367+0000] {processor.py:830} INFO - Processing file /home/cloud/codings/airflow/dags/2_dag_Generate_Semantic_Model.py for tasks to queue
[2026-03-11T05:35:32.369+0000] {logging_mixin.py:188} INFO - [2026-03-11T05:35:32.368+0000] {dagbag.py:545} INFO - Filling up the DagBag from /home/cloud/codings/airflow/dags/2_dag_Generate_Semantic_Model.py
[2026-03-11T05:35:32.402+0000] {processor.py:840} INFO - DAG(s) '2_dag_Generate_Semantic_Model' retrieved from /home/cloud/codings/airflow/dags/2_dag_Generate_Semantic_Model.py
[2026-03-11T05:35:32.422+0000] {logging_mixin.py:188} INFO - [2026-03-11T05:35:32.422+0000] {dag.py:3089} INFO - Sync 1 DAGs
[2026-03-11T05:35:32.440+0000] {logging_mixin.py:188} INFO - [2026-03-11T05:35:32.439+0000] {dag.py:3947} INFO - Setting next_dagrun for 2_dag_Generate_Semantic_Model to None, run_after=None
[2026-03-11T05:35:32.471+0000] {processor.py:183} INFO - Processing /home/cloud/codings/airflow/dags/2_dag_Generate_Semantic_Model.py took 0.122 seconds
[2026-03-11T05:36:02.942+0000] {processor.py:161} INFO - Started process (PID=536117) to work on /home/cloud/codings/airflow/dags/2_dag_Generate_Semantic_Model.py
[2026-03-11T05:36:02.962+0000] {processor.py:830} INFO - Processing file /home/cloud/codings/airflow/dags/2_dag_Generate_Semantic_Model.py for tasks to queue
[2026-03-11T05:36:02.964+0000] {logging_mixin.py:188} INFO - [2026-03-11T05:36:02.963+0000] {dagbag.py:545} INFO - Filling up the DagBag from /home/cloud/codings/airflow/dags/2_dag_Generate_Semantic_Model.py
[2026-03-11T05:36:03.004+0000] {processor.py:840} INFO - DAG(s) '2_dag_Generate_Semantic_Model' retrieved from /home/cloud/codings/airflow/dags/2_dag_Generate_Semantic_Model.py
[2026-03-11T05:36:03.031+0000] {logging_mixin.py:188} INFO - [2026-03-11T05:36:03.031+0000] {dag.py:3089} INFO - Sync 1 DAGs
[2026-03-11T05:36:03.053+0000] {logging_mixin.py:188} INFO - [2026-03-11T05:36:03.053+0000] {dag.py:3947} INFO - Setting next_dagrun for 2_dag_Generate_Semantic_Model to None, run_after=None
[2026-03-11T05:36:03.106+0000] {processor.py:183} INFO - Processing /home/cloud/codings/airflow/dags/2_dag_Generate_Semantic_Model.py took 0.180 seconds
[2026-03-11T05:36:33.423+0000] {processor.py:161} INFO - Started process (PID=536146) to work on /home/cloud/codings/airflow/dags/2_dag_Generate_Semantic_Model.py
[2026-03-11T05:36:33.426+0000] {processor.py:830} INFO - Processing file /home/cloud/codings/airflow/dags/2_dag_Generate_Semantic_Model.py for tasks to queue
[2026-03-11T05:36:33.428+0000] {logging_mixin.py:188} INFO - [2026-03-11T05:36:33.427+0000] {dagbag.py:545} INFO - Filling up the DagBag from /home/cloud/codings/airflow/dags/2_dag_Generate_Semantic_Model.py
[2026-03-11T05:36:33.491+0000] {processor.py:840} INFO - DAG(s) '2_dag_Generate_Semantic_Model' retrieved from /home/cloud/codings/airflow/dags/2_dag_Generate_Semantic_Model.py
[2026-03-11T05:36:33.535+0000] {logging_mixin.py:188} INFO - [2026-03-11T05:36:33.535+0000] {dag.py:3089} INFO - Sync 1 DAGs
[2026-03-11T05:36:33.568+0000] {logging_mixin.py:188} INFO - [2026-03-11T05:36:33.568+0000] {dag.py:3947} INFO - Setting next_dagrun for 2_dag_Generate_Semantic_Model to None, run_after=None
[2026-03-11T05:36:33.620+0000] {processor.py:183} INFO - Processing /home/cloud/codings/airflow/dags/2_dag_Generate_Semantic_Model.py took 0.216 seconds
[2026-03-11T05:37:04.725+0000] {processor.py:161} INFO - Started process (PID=536231) to work on /home/cloud/codings/airflow/dags/2_dag_Generate_Semantic_Model.py
[2026-03-11T05:37:04.744+0000] {processor.py:830} INFO - Processing file /home/cloud/codings/airflow/dags/2_dag_Generate_Semantic_Model.py for tasks to queue
[2026-03-11T05:37:04.746+0000] {logging_mixin.py:188} INFO - [2026-03-11T05:37:04.745+0000] {dagbag.py:545} INFO - Filling up the DagBag from /home/cloud/codings/airflow/dags/2_dag_Generate_Semantic_Model.py
[2026-03-11T05:37:04.780+0000] {processor.py:840} INFO - DAG(s) '2_dag_Generate_Semantic_Model' retrieved from /home/cloud/codings/airflow/dags/2_dag_Generate_Semantic_Model.py
[2026-03-11T05:37:04.796+0000] {logging_mixin.py:188} INFO - [2026-03-11T05:37:04.795+0000] {dag.py:3089} INFO - Sync 1 DAGs
[2026-03-11T05:37:04.808+0000] {logging_mixin.py:188} INFO - [2026-03-11T05:37:04.808+0000] {dag.py:3947} INFO - Setting next_dagrun for 2_dag_Generate_Semantic_Model to None, run_after=None
[2026-03-11T05:37:04.835+0000] {processor.py:183} INFO - Processing /home/cloud/codings/airflow/dags/2_dag_Generate_Semantic_Model.py took 0.124 seconds
[2026-03-11T05:37:35.657+0000] {processor.py:161} INFO - Started process (PID=536256) to work on /home/cloud/codings/airflow/dags/2_dag_Generate_Semantic_Model.py
[2026-03-11T05:37:35.679+0000] {processor.py:830} INFO - Processing file /home/cloud/codings/airflow/dags/2_dag_Generate_Semantic_Model.py for tasks to queue
[2026-03-11T05:37:35.681+0000] {logging_mixin.py:188} INFO - [2026-03-11T05:37:35.680+0000] {dagbag.py:545} INFO - Filling up the DagBag from /home/cloud/codings/airflow/dags/2_dag_Generate_Semantic_Model.py
[2026-03-11T05:37:35.728+0000] {processor.py:840} INFO - DAG(s) '2_dag_Generate_Semantic_Model' retrieved from /home/cloud/codings/airflow/dags/2_dag_Generate_Semantic_Model.py
[2026-03-11T05:37:35.760+0000] {logging_mixin.py:188} INFO - [2026-03-11T05:37:35.759+0000] {dag.py:3089} INFO - Sync 1 DAGs
[2026-03-11T05:37:35.788+0000] {logging_mixin.py:188} INFO - [2026-03-11T05:37:35.788+0000] {dag.py:3947} INFO - Setting next_dagrun for 2_dag_Generate_Semantic_Model to None, run_after=None
[2026-03-11T05:37:35.845+0000] {processor.py:183} INFO - Processing /home/cloud/codings/airflow/dags/2_dag_Generate_Semantic_Model.py took 0.201 seconds
[2026-03-11T05:38:06.228+0000] {processor.py:161} INFO - Started process (PID=536336) to work on /home/cloud/codings/airflow/dags/2_dag_Generate_Semantic_Model.py
[2026-03-11T05:38:06.253+0000] {processor.py:830} INFO - Processing file /home/cloud/codings/airflow/dags/2_dag_Generate_Semantic_Model.py for tasks to queue
[2026-03-11T05:38:06.255+0000] {logging_mixin.py:188} INFO - [2026-03-11T05:38:06.254+0000] {dagbag.py:545} INFO - Filling up the DagBag from /home/cloud/codings/airflow/dags/2_dag_Generate_Semantic_Model.py
[2026-03-11T05:38:06.313+0000] {processor.py:840} INFO - DAG(s) '2_dag_Generate_Semantic_Model' retrieved from /home/cloud/codings/airflow/dags/2_dag_Generate_Semantic_Model.py
[2026-03-11T05:38:06.374+0000] {logging_mixin.py:188} INFO - [2026-03-11T05:38:06.372+0000] {dag.py:3089} INFO - Sync 1 DAGs
[2026-03-11T05:38:06.431+0000] {logging_mixin.py:188} INFO - [2026-03-11T05:38:06.430+0000] {dag.py:3947} INFO - Setting next_dagrun for 2_dag_Generate_Semantic_Model to None, run_after=None
[2026-03-11T05:38:06.534+0000] {processor.py:183} INFO - Processing /home/cloud/codings/airflow/dags/2_dag_Generate_Semantic_Model.py took 0.322 seconds
[2026-03-11T05:38:36.692+0000] {processor.py:161} INFO - Started process (PID=536363) to work on /home/cloud/codings/airflow/dags/2_dag_Generate_Semantic_Model.py
[2026-03-11T05:38:36.713+0000] {processor.py:830} INFO - Processing file /home/cloud/codings/airflow/dags/2_dag_Generate_Semantic_Model.py for tasks to queue
[2026-03-11T05:38:36.715+0000] {logging_mixin.py:188} INFO - [2026-03-11T05:38:36.714+0000] {dagbag.py:545} INFO - Filling up the DagBag from /home/cloud/codings/airflow/dags/2_dag_Generate_Semantic_Model.py
[2026-03-11T05:38:36.751+0000] {processor.py:840} INFO - DAG(s) '2_dag_Generate_Semantic_Model' retrieved from /home/cloud/codings/airflow/dags/2_dag_Generate_Semantic_Model.py
[2026-03-11T05:38:36.778+0000] {logging_mixin.py:188} INFO - [2026-03-11T05:38:36.778+0000] {dag.py:3089} INFO - Sync 1 DAGs
[2026-03-11T05:38:36.805+0000] {logging_mixin.py:188} INFO - [2026-03-11T05:38:36.805+0000] {dag.py:3947} INFO - Setting next_dagrun for 2_dag_Generate_Semantic_Model to None, run_after=None
[2026-03-11T05:38:36.830+0000] {processor.py:183} INFO - Processing /home/cloud/codings/airflow/dags/2_dag_Generate_Semantic_Model.py took 0.157 seconds
[2026-03-11T05:39:07.623+0000] {processor.py:161} INFO - Started process (PID=536450) to work on /home/cloud/codings/airflow/dags/2_dag_Generate_Semantic_Model.py
[2026-03-11T05:39:07.625+0000] {processor.py:830} INFO - Processing file /home/cloud/codings/airflow/dags/2_dag_Generate_Semantic_Model.py for tasks to queue
[2026-03-11T05:39:07.628+0000] {logging_mixin.py:188} INFO - [2026-03-11T05:39:07.627+0000] {dagbag.py:545} INFO - Filling up the DagBag from /home/cloud/codings/airflow/dags/2_dag_Generate_Semantic_Model.py
[2026-03-11T05:39:07.686+0000] {processor.py:840} INFO - DAG(s) '2_dag_Generate_Semantic_Model' retrieved from /home/cloud/codings/airflow/dags/2_dag_Generate_Semantic_Model.py
[2026-03-11T05:39:07.727+0000] {logging_mixin.py:188} INFO - [2026-03-11T05:39:07.726+0000] {dag.py:3089} INFO - Sync 1 DAGs
[2026-03-11T05:39:07.762+0000] {logging_mixin.py:188} INFO - [2026-03-11T05:39:07.762+0000] {dag.py:3947} INFO - Setting next_dagrun for 2_dag_Generate_Semantic_Model to None, run_after=None
[2026-03-11T05:39:07.816+0000] {processor.py:183} INFO - Processing /home/cloud/codings/airflow/dags/2_dag_Generate_Semantic_Model.py took 0.211 seconds
[2026-03-11T05:39:38.338+0000] {processor.py:161} INFO - Started process (PID=536473) to work on /home/cloud/codings/airflow/dags/2_dag_Generate_Semantic_Model.py
[2026-03-11T05:39:38.342+0000] {processor.py:830} INFO - Processing file /home/cloud/codings/airflow/dags/2_dag_Generate_Semantic_Model.py for tasks to queue
[2026-03-11T05:39:38.344+0000] {logging_mixin.py:188} INFO - [2026-03-11T05:39:38.343+0000] {dagbag.py:545} INFO - Filling up the DagBag from /home/cloud/codings/airflow/dags/2_dag_Generate_Semantic_Model.py
[2026-03-11T05:39:38.385+0000] {processor.py:840} INFO - DAG(s) '2_dag_Generate_Semantic_Model' retrieved from /home/cloud/codings/airflow/dags/2_dag_Generate_Semantic_Model.py
[2026-03-11T05:39:38.413+0000] {logging_mixin.py:188} INFO - [2026-03-11T05:39:38.412+0000] {dag.py:3089} INFO - Sync 1 DAGs
[2026-03-11T05:39:38.437+0000] {logging_mixin.py:188} INFO - [2026-03-11T05:39:38.436+0000] {dag.py:3947} INFO - Setting next_dagrun for 2_dag_Generate_Semantic_Model to None, run_after=None
[2026-03-11T05:39:38.481+0000] {processor.py:183} INFO - Processing /home/cloud/codings/airflow/dags/2_dag_Generate_Semantic_Model.py took 0.157 seconds
[2026-03-11T05:40:08.836+0000] {processor.py:161} INFO - Started process (PID=536620) to work on /home/cloud/codings/airflow/dags/2_dag_Generate_Semantic_Model.py
[2026-03-11T05:40:08.862+0000] {processor.py:830} INFO - Processing file /home/cloud/codings/airflow/dags/2_dag_Generate_Semantic_Model.py for tasks to queue
[2026-03-11T05:40:08.863+0000] {logging_mixin.py:188} INFO - [2026-03-11T05:40:08.863+0000] {dagbag.py:545} INFO - Filling up the DagBag from /home/cloud/codings/airflow/dags/2_dag_Generate_Semantic_Model.py
[2026-03-11T05:40:08.888+0000] {processor.py:840} INFO - DAG(s) '2_dag_Generate_Semantic_Model' retrieved from /home/cloud/codings/airflow/dags/2_dag_Generate_Semantic_Model.py
[2026-03-11T05:40:08.904+0000] {logging_mixin.py:188} INFO - [2026-03-11T05:40:08.903+0000] {dag.py:3089} INFO - Sync 1 DAGs
[2026-03-11T05:40:08.915+0000] {logging_mixin.py:188} INFO - [2026-03-11T05:40:08.915+0000] {dag.py:3947} INFO - Setting next_dagrun for 2_dag_Generate_Semantic_Model to None, run_after=None
[2026-03-11T05:40:08.942+0000] {processor.py:183} INFO - Processing /home/cloud/codings/airflow/dags/2_dag_Generate_Semantic_Model.py took 0.124 seconds
[2026-03-11T05:40:39.457+0000] {processor.py:161} INFO - Started process (PID=536641) to work on /home/cloud/codings/airflow/dags/2_dag_Generate_Semantic_Model.py
[2026-03-11T05:40:39.458+0000] {processor.py:830} INFO - Processing file /home/cloud/codings/airflow/dags/2_dag_Generate_Semantic_Model.py for tasks to queue
[2026-03-11T05:40:39.459+0000] {logging_mixin.py:188} INFO - [2026-03-11T05:40:39.459+0000] {dagbag.py:545} INFO - Filling up the DagBag from /home/cloud/codings/airflow/dags/2_dag_Generate_Semantic_Model.py
[2026-03-11T05:40:39.481+0000] {processor.py:840} INFO - DAG(s) '2_dag_Generate_Semantic_Model' retrieved from /home/cloud/codings/airflow/dags/2_dag_Generate_Semantic_Model.py
[2026-03-11T05:40:39.498+0000] {logging_mixin.py:188} INFO - [2026-03-11T05:40:39.498+0000] {dag.py:3089} INFO - Sync 1 DAGs
[2026-03-11T05:40:39.511+0000] {logging_mixin.py:188} INFO - [2026-03-11T05:40:39.511+0000] {dag.py:3947} INFO - Setting next_dagrun for 2_dag_Generate_Semantic_Model to None, run_after=None
[2026-03-11T05:40:39.533+0000] {processor.py:183} INFO - Processing /home/cloud/codings/airflow/dags/2_dag_Generate_Semantic_Model.py took 0.083 seconds
[2026-03-11T05:41:10.285+0000] {processor.py:161} INFO - Started process (PID=536728) to work on /home/cloud/codings/airflow/dags/2_dag_Generate_Semantic_Model.py
[2026-03-11T05:41:10.306+0000] {processor.py:830} INFO - Processing file /home/cloud/codings/airflow/dags/2_dag_Generate_Semantic_Model.py for tasks to queue
[2026-03-11T05:41:10.308+0000] {logging_mixin.py:188} INFO - [2026-03-11T05:41:10.307+0000] {dagbag.py:545} INFO - Filling up the DagBag from /home/cloud/codings/airflow/dags/2_dag_Generate_Semantic_Model.py
[2026-03-11T05:41:10.335+0000] {processor.py:840} INFO - DAG(s) '2_dag_Generate_Semantic_Model' retrieved from /home/cloud/codings/airflow/dags/2_dag_Generate_Semantic_Model.py
[2026-03-11T05:41:10.349+0000] {logging_mixin.py:188} INFO - [2026-03-11T05:41:10.349+0000] {dag.py:3089} INFO - Sync 1 DAGs
[2026-03-11T05:41:10.361+0000] {logging_mixin.py:188} INFO - [2026-03-11T05:41:10.361+0000] {dag.py:3947} INFO - Setting next_dagrun for 2_dag_Generate_Semantic_Model to None, run_after=None
[2026-03-11T05:41:10.386+0000] {processor.py:183} INFO - Processing /home/cloud/codings/airflow/dags/2_dag_Generate_Semantic_Model.py took 0.108 seconds
[2026-03-11T05:41:40.957+0000] {processor.py:161} INFO - Started process (PID=536751) to work on /home/cloud/codings/airflow/dags/2_dag_Generate_Semantic_Model.py
[2026-03-11T05:41:40.979+0000] {processor.py:830} INFO - Processing file /home/cloud/codings/airflow/dags/2_dag_Generate_Semantic_Model.py for tasks to queue
[2026-03-11T05:41:40.983+0000] {logging_mixin.py:188} INFO - [2026-03-11T05:41:40.982+0000] {dagbag.py:545} INFO - Filling up the DagBag from /home/cloud/codings/airflow/dags/2_dag_Generate_Semantic_Model.py
[2026-03-11T05:41:41.056+0000] {processor.py:840} INFO - DAG(s) '2_dag_Generate_Semantic_Model' retrieved from /home/cloud/codings/airflow/dags/2_dag_Generate_Semantic_Model.py
[2026-03-11T05:41:41.082+0000] {logging_mixin.py:188} INFO - [2026-03-11T05:41:41.082+0000] {dag.py:3089} INFO - Sync 1 DAGs
[2026-03-11T05:41:41.098+0000] {logging_mixin.py:188} INFO - [2026-03-11T05:41:41.098+0000] {dag.py:3947} INFO - Setting next_dagrun for 2_dag_Generate_Semantic_Model to None, run_after=None
[2026-03-11T05:41:41.173+0000] {processor.py:183} INFO - Processing /home/cloud/codings/airflow/dags/2_dag_Generate_Semantic_Model.py took 0.248 seconds
[2026-03-11T05:42:11.816+0000] {processor.py:161} INFO - Started process (PID=536838) to work on /home/cloud/codings/airflow/dags/2_dag_Generate_Semantic_Model.py
[2026-03-11T05:42:11.834+0000] {processor.py:830} INFO - Processing file /home/cloud/codings/airflow/dags/2_dag_Generate_Semantic_Model.py for tasks to queue
[2026-03-11T05:42:11.836+0000] {logging_mixin.py:188} INFO - [2026-03-11T05:42:11.835+0000] {dagbag.py:545} INFO - Filling up the DagBag from /home/cloud/codings/airflow/dags/2_dag_Generate_Semantic_Model.py
[2026-03-11T05:42:11.863+0000] {processor.py:840} INFO - DAG(s) '2_dag_Generate_Semantic_Model' retrieved from /home/cloud/codings/airflow/dags/2_dag_Generate_Semantic_Model.py
[2026-03-11T05:42:11.878+0000] {logging_mixin.py:188} INFO - [2026-03-11T05:42:11.878+0000] {dag.py:3089} INFO - Sync 1 DAGs
[2026-03-11T05:42:11.891+0000] {logging_mixin.py:188} INFO - [2026-03-11T05:42:11.890+0000] {dag.py:3947} INFO - Setting next_dagrun for 2_dag_Generate_Semantic_Model to None, run_after=None
[2026-03-11T05:42:11.916+0000] {processor.py:183} INFO - Processing /home/cloud/codings/airflow/dags/2_dag_Generate_Semantic_Model.py took 0.110 seconds
[2026-03-11T05:42:42.097+0000] {processor.py:161} INFO - Started process (PID=536865) to work on /home/cloud/codings/airflow/dags/2_dag_Generate_Semantic_Model.py
[2026-03-11T05:42:42.117+0000] {processor.py:830} INFO - Processing file /home/cloud/codings/airflow/dags/2_dag_Generate_Semantic_Model.py for tasks to queue
[2026-03-11T05:42:42.118+0000] {logging_mixin.py:188} INFO - [2026-03-11T05:42:42.118+0000] {dagbag.py:545} INFO - Filling up the DagBag from /home/cloud/codings/airflow/dags/2_dag_Generate_Semantic_Model.py
[2026-03-11T05:42:42.159+0000] {processor.py:840} INFO - DAG(s) '2_dag_Generate_Semantic_Model' retrieved from /home/cloud/codings/airflow/dags/2_dag_Generate_Semantic_Model.py
[2026-03-11T05:42:42.183+0000] {logging_mixin.py:188} INFO - [2026-03-11T05:42:42.183+0000] {dag.py:3089} INFO - Sync 1 DAGs
[2026-03-11T05:42:42.202+0000] {logging_mixin.py:188} INFO - [2026-03-11T05:42:42.202+0000] {dag.py:3947} INFO - Setting next_dagrun for 2_dag_Generate_Semantic_Model to None, run_after=None
[2026-03-11T05:42:42.229+0000] {processor.py:183} INFO - Processing /home/cloud/codings/airflow/dags/2_dag_Generate_Semantic_Model.py took 0.146 seconds
[2026-03-11T05:43:12.697+0000] {processor.py:161} INFO - Started process (PID=536950) to work on /home/cloud/codings/airflow/dags/2_dag_Generate_Semantic_Model.py
[2026-03-11T05:43:12.715+0000] {processor.py:830} INFO - Processing file /home/cloud/codings/airflow/dags/2_dag_Generate_Semantic_Model.py for tasks to queue
[2026-03-11T05:43:12.717+0000] {logging_mixin.py:188} INFO - [2026-03-11T05:43:12.716+0000] {dagbag.py:545} INFO - Filling up the DagBag from /home/cloud/codings/airflow/dags/2_dag_Generate_Semantic_Model.py
[2026-03-11T05:43:12.741+0000] {processor.py:840} INFO - DAG(s) '2_dag_Generate_Semantic_Model' retrieved from /home/cloud/codings/airflow/dags/2_dag_Generate_Semantic_Model.py
[2026-03-11T05:43:12.754+0000] {logging_mixin.py:188} INFO - [2026-03-11T05:43:12.754+0000] {dag.py:3089} INFO - Sync 1 DAGs
[2026-03-11T05:43:12.767+0000] {logging_mixin.py:188} INFO - [2026-03-11T05:43:12.767+0000] {dag.py:3947} INFO - Setting next_dagrun for 2_dag_Generate_Semantic_Model to None, run_after=None
[2026-03-11T05:43:12.794+0000] {processor.py:183} INFO - Processing /home/cloud/codings/airflow/dags/2_dag_Generate_Semantic_Model.py took 0.105 seconds
[2026-03-11T05:43:43.434+0000] {processor.py:161} INFO - Started process (PID=536977) to work on /home/cloud/codings/airflow/dags/2_dag_Generate_Semantic_Model.py
[2026-03-11T05:43:43.452+0000] {processor.py:830} INFO - Processing file /home/cloud/codings/airflow/dags/2_dag_Generate_Semantic_Model.py for tasks to queue
[2026-03-11T05:43:43.454+0000] {logging_mixin.py:188} INFO - [2026-03-11T05:43:43.453+0000] {dagbag.py:545} INFO - Filling up the DagBag from /home/cloud/codings/airflow/dags/2_dag_Generate_Semantic_Model.py
[2026-03-11T05:43:43.482+0000] {processor.py:840} INFO - DAG(s) '2_dag_Generate_Semantic_Model' retrieved from /home/cloud/codings/airflow/dags/2_dag_Generate_Semantic_Model.py
[2026-03-11T05:43:43.496+0000] {logging_mixin.py:188} INFO - [2026-03-11T05:43:43.496+0000] {dag.py:3089} INFO - Sync 1 DAGs
[2026-03-11T05:43:43.508+0000] {logging_mixin.py:188} INFO - [2026-03-11T05:43:43.508+0000] {dag.py:3947} INFO - Setting next_dagrun for 2_dag_Generate_Semantic_Model to None, run_after=None
[2026-03-11T05:43:43.555+0000] {processor.py:183} INFO - Processing /home/cloud/codings/airflow/dags/2_dag_Generate_Semantic_Model.py took 0.128 seconds
[2026-03-11T05:44:13.979+0000] {processor.py:161} INFO - Started process (PID=537054) to work on /home/cloud/codings/airflow/dags/2_dag_Generate_Semantic_Model.py
[2026-03-11T05:44:13.981+0000] {processor.py:830} INFO - Processing file /home/cloud/codings/airflow/dags/2_dag_Generate_Semantic_Model.py for tasks to queue
[2026-03-11T05:44:13.983+0000] {logging_mixin.py:188} INFO - [2026-03-11T05:44:13.982+0000] {dagbag.py:545} INFO - Filling up the DagBag from /home/cloud/codings/airflow/dags/2_dag_Generate_Semantic_Model.py
[2026-03-11T05:44:14.028+0000] {processor.py:840} INFO - DAG(s) '2_dag_Generate_Semantic_Model' retrieved from /home/cloud/codings/airflow/dags/2_dag_Generate_Semantic_Model.py
[2026-03-11T05:44:14.062+0000] {logging_mixin.py:188} INFO - [2026-03-11T05:44:14.061+0000] {dag.py:3089} INFO - Sync 1 DAGs
[2026-03-11T05:44:14.080+0000] {logging_mixin.py:188} INFO - [2026-03-11T05:44:14.080+0000] {dag.py:3947} INFO - Setting next_dagrun for 2_dag_Generate_Semantic_Model to None, run_after=None
[2026-03-11T05:44:14.125+0000] {processor.py:183} INFO - Processing /home/cloud/codings/airflow/dags/2_dag_Generate_Semantic_Model.py took 0.163 seconds
[2026-03-11T05:44:44.471+0000] {processor.py:161} INFO - Started process (PID=537083) to work on /home/cloud/codings/airflow/dags/2_dag_Generate_Semantic_Model.py
[2026-03-11T05:44:44.488+0000] {processor.py:830} INFO - Processing file /home/cloud/codings/airflow/dags/2_dag_Generate_Semantic_Model.py for tasks to queue
[2026-03-11T05:44:44.490+0000] {logging_mixin.py:188} INFO - [2026-03-11T05:44:44.489+0000] {dagbag.py:545} INFO - Filling up the DagBag from /home/cloud/codings/airflow/dags/2_dag_Generate_Semantic_Model.py
[2026-03-11T05:44:44.517+0000] {processor.py:840} INFO - DAG(s) '2_dag_Generate_Semantic_Model' retrieved from /home/cloud/codings/airflow/dags/2_dag_Generate_Semantic_Model.py
[2026-03-11T05:44:44.537+0000] {logging_mixin.py:188} INFO - [2026-03-11T05:44:44.536+0000] {dag.py:3089} INFO - Sync 1 DAGs
[2026-03-11T05:44:44.551+0000] {logging_mixin.py:188} INFO - [2026-03-11T05:44:44.551+0000] {dag.py:3947} INFO - Setting next_dagrun for 2_dag_Generate_Semantic_Model to None, run_after=None
[2026-03-11T05:44:44.575+0000] {processor.py:183} INFO - Processing /home/cloud/codings/airflow/dags/2_dag_Generate_Semantic_Model.py took 0.117 seconds
[2026-03-11T05:45:14.991+0000] {processor.py:161} INFO - Started process (PID=537226) to work on /home/cloud/codings/airflow/dags/2_dag_Generate_Semantic_Model.py
[2026-03-11T05:45:15.011+0000] {processor.py:830} INFO - Processing file /home/cloud/codings/airflow/dags/2_dag_Generate_Semantic_Model.py for tasks to queue
[2026-03-11T05:45:15.015+0000] {logging_mixin.py:188} INFO - [2026-03-11T05:45:15.013+0000] {dagbag.py:545} INFO - Filling up the DagBag from /home/cloud/codings/airflow/dags/2_dag_Generate_Semantic_Model.py
[2026-03-11T05:45:15.055+0000] {processor.py:840} INFO - DAG(s) '2_dag_Generate_Semantic_Model' retrieved from /home/cloud/codings/airflow/dags/2_dag_Generate_Semantic_Model.py
[2026-03-11T05:45:15.074+0000] {logging_mixin.py:188} INFO - [2026-03-11T05:45:15.073+0000] {dag.py:3089} INFO - Sync 1 DAGs
[2026-03-11T05:45:15.087+0000] {logging_mixin.py:188} INFO - [2026-03-11T05:45:15.087+0000] {dag.py:3947} INFO - Setting next_dagrun for 2_dag_Generate_Semantic_Model to None, run_after=None
[2026-03-11T05:45:15.113+0000] {processor.py:183} INFO - Processing /home/cloud/codings/airflow/dags/2_dag_Generate_Semantic_Model.py took 0.139 seconds
[2026-03-11T05:45:45.464+0000] {processor.py:161} INFO - Started process (PID=537253) to work on /home/cloud/codings/airflow/dags/2_dag_Generate_Semantic_Model.py
[2026-03-11T05:45:45.465+0000] {processor.py:830} INFO - Processing file /home/cloud/codings/airflow/dags/2_dag_Generate_Semantic_Model.py for tasks to queue
[2026-03-11T05:45:45.467+0000] {logging_mixin.py:188} INFO - [2026-03-11T05:45:45.466+0000] {dagbag.py:545} INFO - Filling up the DagBag from /home/cloud/codings/airflow/dags/2_dag_Generate_Semantic_Model.py
[2026-03-11T05:45:45.499+0000] {processor.py:840} INFO - DAG(s) '2_dag_Generate_Semantic_Model' retrieved from /home/cloud/codings/airflow/dags/2_dag_Generate_Semantic_Model.py
[2026-03-11T05:45:45.515+0000] {logging_mixin.py:188} INFO - [2026-03-11T05:45:45.515+0000] {dag.py:3089} INFO - Sync 1 DAGs
[2026-03-11T05:45:45.527+0000] {logging_mixin.py:188} INFO - [2026-03-11T05:45:45.526+0000] {dag.py:3947} INFO - Setting next_dagrun for 2_dag_Generate_Semantic_Model to None, run_after=None
[2026-03-11T05:45:45.550+0000] {processor.py:183} INFO - Processing /home/cloud/codings/airflow/dags/2_dag_Generate_Semantic_Model.py took 0.105 seconds
[2026-03-11T05:46:15.969+0000] {processor.py:161} INFO - Started process (PID=537337) to work on /home/cloud/codings/airflow/dags/2_dag_Generate_Semantic_Model.py
[2026-03-11T05:46:15.971+0000] {processor.py:830} INFO - Processing file /home/cloud/codings/airflow/dags/2_dag_Generate_Semantic_Model.py for tasks to queue
[2026-03-11T05:46:15.973+0000] {logging_mixin.py:188} INFO - [2026-03-11T05:46:15.972+0000] {dagbag.py:545} INFO - Filling up the DagBag from /home/cloud/codings/airflow/dags/2_dag_Generate_Semantic_Model.py
[2026-03-11T05:46:15.995+0000] {processor.py:840} INFO - DAG(s) '2_dag_Generate_Semantic_Model' retrieved from /home/cloud/codings/airflow/dags/2_dag_Generate_Semantic_Model.py
[2026-03-11T05:46:16.010+0000] {logging_mixin.py:188} INFO - [2026-03-11T05:46:16.010+0000] {dag.py:3089} INFO - Sync 1 DAGs
[2026-03-11T05:46:16.022+0000] {logging_mixin.py:188} INFO - [2026-03-11T05:46:16.022+0000] {dag.py:3947} INFO - Setting next_dagrun for 2_dag_Generate_Semantic_Model to None, run_after=None
[2026-03-11T05:46:16.048+0000] {processor.py:183} INFO - Processing /home/cloud/codings/airflow/dags/2_dag_Generate_Semantic_Model.py took 0.090 seconds
[2026-03-11T05:46:46.244+0000] {processor.py:161} INFO - Started process (PID=537361) to work on /home/cloud/codings/airflow/dags/2_dag_Generate_Semantic_Model.py
[2026-03-11T05:46:46.262+0000] {processor.py:830} INFO - Processing file /home/cloud/codings/airflow/dags/2_dag_Generate_Semantic_Model.py for tasks to queue
[2026-03-11T05:46:46.263+0000] {logging_mixin.py:188} INFO - [2026-03-11T05:46:46.263+0000] {dagbag.py:545} INFO - Filling up the DagBag from /home/cloud/codings/airflow/dags/2_dag_Generate_Semantic_Model.py
[2026-03-11T05:46:46.306+0000] {processor.py:840} INFO - DAG(s) '2_dag_Generate_Semantic_Model' retrieved from /home/cloud/codings/airflow/dags/2_dag_Generate_Semantic_Model.py
[2026-03-11T05:46:46.338+0000] {logging_mixin.py:188} INFO - [2026-03-11T05:46:46.338+0000] {dag.py:3089} INFO - Sync 1 DAGs
[2026-03-11T05:46:46.365+0000] {logging_mixin.py:188} INFO - [2026-03-11T05:46:46.365+0000] {dag.py:3947} INFO - Setting next_dagrun for 2_dag_Generate_Semantic_Model to None, run_after=None
[2026-03-11T05:46:46.401+0000] {processor.py:183} INFO - Processing /home/cloud/codings/airflow/dags/2_dag_Generate_Semantic_Model.py took 0.167 seconds
[2026-03-11T05:47:16.932+0000] {processor.py:161} INFO - Started process (PID=537445) to work on /home/cloud/codings/airflow/dags/2_dag_Generate_Semantic_Model.py
[2026-03-11T05:47:16.933+0000] {processor.py:830} INFO - Processing file /home/cloud/codings/airflow/dags/2_dag_Generate_Semantic_Model.py for tasks to queue
[2026-03-11T05:47:16.934+0000] {logging_mixin.py:188} INFO - [2026-03-11T05:47:16.933+0000] {dagbag.py:545} INFO - Filling up the DagBag from /home/cloud/codings/airflow/dags/2_dag_Generate_Semantic_Model.py
[2026-03-11T05:47:16.966+0000] {processor.py:840} INFO - DAG(s) '2_dag_Generate_Semantic_Model' retrieved from /home/cloud/codings/airflow/dags/2_dag_Generate_Semantic_Model.py
[2026-03-11T05:47:16.989+0000] {logging_mixin.py:188} INFO - [2026-03-11T05:47:16.988+0000] {dag.py:3089} INFO - Sync 1 DAGs
[2026-03-11T05:47:17.014+0000] {logging_mixin.py:188} INFO - [2026-03-11T05:47:17.013+0000] {dag.py:3947} INFO - Setting next_dagrun for 2_dag_Generate_Semantic_Model to None, run_after=None
[2026-03-11T05:47:17.046+0000] {processor.py:183} INFO - Processing /home/cloud/codings/airflow/dags/2_dag_Generate_Semantic_Model.py took 0.121 seconds
[2026-03-11T05:47:47.698+0000] {processor.py:161} INFO - Started process (PID=537470) to work on /home/cloud/codings/airflow/dags/2_dag_Generate_Semantic_Model.py
[2026-03-11T05:47:47.702+0000] {processor.py:830} INFO - Processing file /home/cloud/codings/airflow/dags/2_dag_Generate_Semantic_Model.py for tasks to queue
[2026-03-11T05:47:47.704+0000] {logging_mixin.py:188} INFO - [2026-03-11T05:47:47.703+0000] {dagbag.py:545} INFO - Filling up the DagBag from /home/cloud/codings/airflow/dags/2_dag_Generate_Semantic_Model.py
[2026-03-11T05:47:47.767+0000] {processor.py:840} INFO - DAG(s) '2_dag_Generate_Semantic_Model' retrieved from /home/cloud/codings/airflow/dags/2_dag_Generate_Semantic_Model.py
[2026-03-11T05:47:47.799+0000] {logging_mixin.py:188} INFO - [2026-03-11T05:47:47.798+0000] {dag.py:3089} INFO - Sync 1 DAGs
[2026-03-11T05:47:47.817+0000] {logging_mixin.py:188} INFO - [2026-03-11T05:47:47.817+0000] {dag.py:3947} INFO - Setting next_dagrun for 2_dag_Generate_Semantic_Model to None, run_after=None
[2026-03-11T05:47:47.865+0000] {processor.py:183} INFO - Processing /home/cloud/codings/airflow/dags/2_dag_Generate_Semantic_Model.py took 0.186 seconds
[2026-03-11T05:48:18.488+0000] {processor.py:161} INFO - Started process (PID=537555) to work on /home/cloud/codings/airflow/dags/2_dag_Generate_Semantic_Model.py
[2026-03-11T05:48:18.506+0000] {processor.py:830} INFO - Processing file /home/cloud/codings/airflow/dags/2_dag_Generate_Semantic_Model.py for tasks to queue
[2026-03-11T05:48:18.508+0000] {logging_mixin.py:188} INFO - [2026-03-11T05:48:18.507+0000] {dagbag.py:545} INFO - Filling up the DagBag from /home/cloud/codings/airflow/dags/2_dag_Generate_Semantic_Model.py
[2026-03-11T05:48:18.536+0000] {processor.py:840} INFO - DAG(s) '2_dag_Generate_Semantic_Model' retrieved from /home/cloud/codings/airflow/dags/2_dag_Generate_Semantic_Model.py
[2026-03-11T05:48:18.554+0000] {logging_mixin.py:188} INFO - [2026-03-11T05:48:18.554+0000] {dag.py:3089} INFO - Sync 1 DAGs
[2026-03-11T05:48:18.571+0000] {logging_mixin.py:188} INFO - [2026-03-11T05:48:18.570+0000] {dag.py:3947} INFO - Setting next_dagrun for 2_dag_Generate_Semantic_Model to None, run_after=None
[2026-03-11T05:48:18.600+0000] {processor.py:183} INFO - Processing /home/cloud/codings/airflow/dags/2_dag_Generate_Semantic_Model.py took 0.127 seconds
[2026-03-11T05:48:48.954+0000] {processor.py:161} INFO - Started process (PID=537584) to work on /home/cloud/codings/airflow/dags/2_dag_Generate_Semantic_Model.py
[2026-03-11T05:48:48.973+0000] {processor.py:830} INFO - Processing file /home/cloud/codings/airflow/dags/2_dag_Generate_Semantic_Model.py for tasks to queue
[2026-03-11T05:48:48.977+0000] {logging_mixin.py:188} INFO - [2026-03-11T05:48:48.975+0000] {dagbag.py:545} INFO - Filling up the DagBag from /home/cloud/codings/airflow/dags/2_dag_Generate_Semantic_Model.py
[2026-03-11T05:48:49.066+0000] {processor.py:840} INFO - DAG(s) '2_dag_Generate_Semantic_Model' retrieved from /home/cloud/codings/airflow/dags/2_dag_Generate_Semantic_Model.py
[2026-03-11T05:48:49.097+0000] {logging_mixin.py:188} INFO - [2026-03-11T05:48:49.096+0000] {dag.py:3089} INFO - Sync 1 DAGs
[2026-03-11T05:48:49.119+0000] {logging_mixin.py:188} INFO - [2026-03-11T05:48:49.119+0000] {dag.py:3947} INFO - Setting next_dagrun for 2_dag_Generate_Semantic_Model to None, run_after=None
[2026-03-11T05:48:49.155+0000] {processor.py:183} INFO - Processing /home/cloud/codings/airflow/dags/2_dag_Generate_Semantic_Model.py took 0.213 seconds
[2026-03-11T05:49:19.664+0000] {processor.py:161} INFO - Started process (PID=537669) to work on /home/cloud/codings/airflow/dags/2_dag_Generate_Semantic_Model.py
[2026-03-11T05:49:19.666+0000] {processor.py:830} INFO - Processing file /home/cloud/codings/airflow/dags/2_dag_Generate_Semantic_Model.py for tasks to queue
[2026-03-11T05:49:19.669+0000] {logging_mixin.py:188} INFO - [2026-03-11T05:49:19.668+0000] {dagbag.py:545} INFO - Filling up the DagBag from /home/cloud/codings/airflow/dags/2_dag_Generate_Semantic_Model.py
[2026-03-11T05:49:19.715+0000] {processor.py:840} INFO - DAG(s) '2_dag_Generate_Semantic_Model' retrieved from /home/cloud/codings/airflow/dags/2_dag_Generate_Semantic_Model.py
[2026-03-11T05:49:19.737+0000] {logging_mixin.py:188} INFO - [2026-03-11T05:49:19.736+0000] {dag.py:3089} INFO - Sync 1 DAGs
[2026-03-11T05:49:19.756+0000] {logging_mixin.py:188} INFO - [2026-03-11T05:49:19.755+0000] {dag.py:3947} INFO - Setting next_dagrun for 2_dag_Generate_Semantic_Model to None, run_after=None
[2026-03-11T05:49:19.792+0000] {processor.py:183} INFO - Processing /home/cloud/codings/airflow/dags/2_dag_Generate_Semantic_Model.py took 0.142 seconds
[2026-03-11T05:49:50.145+0000] {processor.py:161} INFO - Started process (PID=537694) to work on /home/cloud/codings/airflow/dags/2_dag_Generate_Semantic_Model.py
[2026-03-11T05:49:50.165+0000] {processor.py:830} INFO - Processing file /home/cloud/codings/airflow/dags/2_dag_Generate_Semantic_Model.py for tasks to queue
[2026-03-11T05:49:50.168+0000] {logging_mixin.py:188} INFO - [2026-03-11T05:49:50.167+0000] {dagbag.py:545} INFO - Filling up the DagBag from /home/cloud/codings/airflow/dags/2_dag_Generate_Semantic_Model.py
[2026-03-11T05:49:50.226+0000] {processor.py:840} INFO - DAG(s) '2_dag_Generate_Semantic_Model' retrieved from /home/cloud/codings/airflow/dags/2_dag_Generate_Semantic_Model.py
[2026-03-11T05:49:50.254+0000] {logging_mixin.py:188} INFO - [2026-03-11T05:49:50.254+0000] {dag.py:3089} INFO - Sync 1 DAGs
[2026-03-11T05:49:50.273+0000] {logging_mixin.py:188} INFO - [2026-03-11T05:49:50.273+0000] {dag.py:3947} INFO - Setting next_dagrun for 2_dag_Generate_Semantic_Model to None, run_after=None
[2026-03-11T05:49:50.321+0000] {processor.py:183} INFO - Processing /home/cloud/codings/airflow/dags/2_dag_Generate_Semantic_Model.py took 0.203 seconds
[2026-03-11T05:50:20.637+0000] {processor.py:161} INFO - Started process (PID=537896) to work on /home/cloud/codings/airflow/dags/2_dag_Generate_Semantic_Model.py
[2026-03-11T05:50:20.639+0000] {processor.py:830} INFO - Processing file /home/cloud/codings/airflow/dags/2_dag_Generate_Semantic_Model.py for tasks to queue
[2026-03-11T05:50:20.640+0000] {logging_mixin.py:188} INFO - [2026-03-11T05:50:20.640+0000] {dagbag.py:545} INFO - Filling up the DagBag from /home/cloud/codings/airflow/dags/2_dag_Generate_Semantic_Model.py
[2026-03-11T05:50:20.691+0000] {processor.py:840} INFO - DAG(s) '2_dag_Generate_Semantic_Model' retrieved from /home/cloud/codings/airflow/dags/2_dag_Generate_Semantic_Model.py
[2026-03-11T05:50:20.719+0000] {logging_mixin.py:188} INFO - [2026-03-11T05:50:20.719+0000] {dag.py:3089} INFO - Sync 1 DAGs
[2026-03-11T05:50:20.741+0000] {logging_mixin.py:188} INFO - [2026-03-11T05:50:20.741+0000] {dag.py:3947} INFO - Setting next_dagrun for 2_dag_Generate_Semantic_Model to None, run_after=None
[2026-03-11T05:50:20.785+0000] {processor.py:183} INFO - Processing /home/cloud/codings/airflow/dags/2_dag_Generate_Semantic_Model.py took 0.160 seconds
[2026-03-11T05:50:51.405+0000] {processor.py:161} INFO - Started process (PID=537912) to work on /home/cloud/codings/airflow/dags/2_dag_Generate_Semantic_Model.py
[2026-03-11T05:50:51.427+0000] {processor.py:830} INFO - Processing file /home/cloud/codings/airflow/dags/2_dag_Generate_Semantic_Model.py for tasks to queue
[2026-03-11T05:50:51.431+0000] {logging_mixin.py:188} INFO - [2026-03-11T05:50:51.429+0000] {dagbag.py:545} INFO - Filling up the DagBag from /home/cloud/codings/airflow/dags/2_dag_Generate_Semantic_Model.py
[2026-03-11T05:50:51.482+0000] {processor.py:840} INFO - DAG(s) '2_dag_Generate_Semantic_Model' retrieved from /home/cloud/codings/airflow/dags/2_dag_Generate_Semantic_Model.py
[2026-03-11T05:50:51.514+0000] {logging_mixin.py:188} INFO - [2026-03-11T05:50:51.513+0000] {dag.py:3089} INFO - Sync 1 DAGs
[2026-03-11T05:50:51.540+0000] {logging_mixin.py:188} INFO - [2026-03-11T05:50:51.539+0000] {dag.py:3947} INFO - Setting next_dagrun for 2_dag_Generate_Semantic_Model to None, run_after=None
[2026-03-11T05:50:51.605+0000] {processor.py:183} INFO - Processing /home/cloud/codings/airflow/dags/2_dag_Generate_Semantic_Model.py took 0.218 seconds
[2026-03-11T05:51:21.919+0000] {processor.py:161} INFO - Started process (PID=537986) to work on /home/cloud/codings/airflow/dags/2_dag_Generate_Semantic_Model.py
[2026-03-11T05:51:21.921+0000] {processor.py:830} INFO - Processing file /home/cloud/codings/airflow/dags/2_dag_Generate_Semantic_Model.py for tasks to queue
[2026-03-11T05:51:21.923+0000] {logging_mixin.py:188} INFO - [2026-03-11T05:51:21.922+0000] {dagbag.py:545} INFO - Filling up the DagBag from /home/cloud/codings/airflow/dags/2_dag_Generate_Semantic_Model.py
[2026-03-11T05:51:21.966+0000] {processor.py:840} INFO - DAG(s) '2_dag_Generate_Semantic_Model' retrieved from /home/cloud/codings/airflow/dags/2_dag_Generate_Semantic_Model.py
[2026-03-11T05:51:21.991+0000] {logging_mixin.py:188} INFO - [2026-03-11T05:51:21.990+0000] {dag.py:3089} INFO - Sync 1 DAGs
[2026-03-11T05:51:22.019+0000] {logging_mixin.py:188} INFO - [2026-03-11T05:51:22.018+0000] {dag.py:3947} INFO - Setting next_dagrun for 2_dag_Generate_Semantic_Model to None, run_after=None
[2026-03-11T05:51:22.085+0000] {processor.py:183} INFO - Processing /home/cloud/codings/airflow/dags/2_dag_Generate_Semantic_Model.py took 0.179 seconds
[2026-03-11T05:51:52.458+0000] {processor.py:161} INFO - Started process (PID=537999) to work on /home/cloud/codings/airflow/dags/2_dag_Generate_Semantic_Model.py
[2026-03-11T05:51:52.477+0000] {processor.py:830} INFO - Processing file /home/cloud/codings/airflow/dags/2_dag_Generate_Semantic_Model.py for tasks to queue
[2026-03-11T05:51:52.479+0000] {logging_mixin.py:188} INFO - [2026-03-11T05:51:52.478+0000] {dagbag.py:545} INFO - Filling up the DagBag from /home/cloud/codings/airflow/dags/2_dag_Generate_Semantic_Model.py
[2026-03-11T05:51:52.532+0000] {processor.py:840} INFO - DAG(s) '2_dag_Generate_Semantic_Model' retrieved from /home/cloud/codings/airflow/dags/2_dag_Generate_Semantic_Model.py
[2026-03-11T05:51:52.562+0000] {logging_mixin.py:188} INFO - [2026-03-11T05:51:52.562+0000] {dag.py:3089} INFO - Sync 1 DAGs
[2026-03-11T05:51:52.588+0000] {logging_mixin.py:188} INFO - [2026-03-11T05:51:52.587+0000] {dag.py:3947} INFO - Setting next_dagrun for 2_dag_Generate_Semantic_Model to None, run_after=None
[2026-03-11T05:51:52.650+0000] {processor.py:183} INFO - Processing /home/cloud/codings/airflow/dags/2_dag_Generate_Semantic_Model.py took 0.218 seconds
[2026-03-11T05:52:22.974+0000] {processor.py:161} INFO - Started process (PID=538076) to work on /home/cloud/codings/airflow/dags/2_dag_Generate_Semantic_Model.py
[2026-03-11T05:52:22.976+0000] {processor.py:830} INFO - Processing file /home/cloud/codings/airflow/dags/2_dag_Generate_Semantic_Model.py for tasks to queue
[2026-03-11T05:52:22.977+0000] {logging_mixin.py:188} INFO - [2026-03-11T05:52:22.977+0000] {dagbag.py:545} INFO - Filling up the DagBag from /home/cloud/codings/airflow/dags/2_dag_Generate_Semantic_Model.py
[2026-03-11T05:52:23.007+0000] {processor.py:840} INFO - DAG(s) '2_dag_Generate_Semantic_Model' retrieved from /home/cloud/codings/airflow/dags/2_dag_Generate_Semantic_Model.py
[2026-03-11T05:52:23.030+0000] {logging_mixin.py:188} INFO - [2026-03-11T05:52:23.030+0000] {dag.py:3089} INFO - Sync 1 DAGs
[2026-03-11T05:52:23.051+0000] {logging_mixin.py:188} INFO - [2026-03-11T05:52:23.050+0000] {dag.py:3947} INFO - Setting next_dagrun for 2_dag_Generate_Semantic_Model to None, run_after=None
[2026-03-11T05:52:23.096+0000] {processor.py:183} INFO - Processing /home/cloud/codings/airflow/dags/2_dag_Generate_Semantic_Model.py took 0.131 seconds
[2026-03-11T05:52:53.465+0000] {processor.py:161} INFO - Started process (PID=538116) to work on /home/cloud/codings/airflow/dags/2_dag_Generate_Semantic_Model.py
[2026-03-11T05:52:53.467+0000] {processor.py:830} INFO - Processing file /home/cloud/codings/airflow/dags/2_dag_Generate_Semantic_Model.py for tasks to queue
[2026-03-11T05:52:53.469+0000] {logging_mixin.py:188} INFO - [2026-03-11T05:52:53.468+0000] {dagbag.py:545} INFO - Filling up the DagBag from /home/cloud/codings/airflow/dags/2_dag_Generate_Semantic_Model.py
[2026-03-11T05:52:53.502+0000] {processor.py:840} INFO - DAG(s) '2_dag_Generate_Semantic_Model' retrieved from /home/cloud/codings/airflow/dags/2_dag_Generate_Semantic_Model.py
[2026-03-11T05:52:53.527+0000] {logging_mixin.py:188} INFO - [2026-03-11T05:52:53.527+0000] {dag.py:3089} INFO - Sync 1 DAGs
[2026-03-11T05:52:53.551+0000] {logging_mixin.py:188} INFO - [2026-03-11T05:52:53.550+0000] {dag.py:3947} INFO - Setting next_dagrun for 2_dag_Generate_Semantic_Model to None, run_after=None
[2026-03-11T05:52:53.592+0000] {processor.py:183} INFO - Processing /home/cloud/codings/airflow/dags/2_dag_Generate_Semantic_Model.py took 0.136 seconds
[2026-03-11T05:53:24.029+0000] {processor.py:161} INFO - Started process (PID=538164) to work on /home/cloud/codings/airflow/dags/2_dag_Generate_Semantic_Model.py
[2026-03-11T05:53:24.033+0000] {processor.py:830} INFO - Processing file /home/cloud/codings/airflow/dags/2_dag_Generate_Semantic_Model.py for tasks to queue
[2026-03-11T05:53:24.038+0000] {logging_mixin.py:188} INFO - [2026-03-11T05:53:24.035+0000] {dagbag.py:545} INFO - Filling up the DagBag from /home/cloud/codings/airflow/dags/2_dag_Generate_Semantic_Model.py
[2026-03-11T05:53:24.102+0000] {processor.py:840} INFO - DAG(s) '2_dag_Generate_Semantic_Model' retrieved from /home/cloud/codings/airflow/dags/2_dag_Generate_Semantic_Model.py
[2026-03-11T05:53:24.133+0000] {logging_mixin.py:188} INFO - [2026-03-11T05:53:24.133+0000] {dag.py:3089} INFO - Sync 1 DAGs
[2026-03-11T05:53:24.156+0000] {logging_mixin.py:188} INFO - [2026-03-11T05:53:24.155+0000] {dag.py:3947} INFO - Setting next_dagrun for 2_dag_Generate_Semantic_Model to None, run_after=None
[2026-03-11T05:53:24.229+0000] {processor.py:183} INFO - Processing /home/cloud/codings/airflow/dags/2_dag_Generate_Semantic_Model.py took 0.237 seconds
[2026-03-11T05:53:54.498+0000] {processor.py:161} INFO - Started process (PID=538255) to work on /home/cloud/codings/airflow/dags/2_dag_Generate_Semantic_Model.py
[2026-03-11T05:53:54.500+0000] {processor.py:830} INFO - Processing file /home/cloud/codings/airflow/dags/2_dag_Generate_Semantic_Model.py for tasks to queue
[2026-03-11T05:53:54.502+0000] {logging_mixin.py:188} INFO - [2026-03-11T05:53:54.501+0000] {dagbag.py:545} INFO - Filling up the DagBag from /home/cloud/codings/airflow/dags/2_dag_Generate_Semantic_Model.py
[2026-03-11T05:53:54.543+0000] {processor.py:840} INFO - DAG(s) '2_dag_Generate_Semantic_Model' retrieved from /home/cloud/codings/airflow/dags/2_dag_Generate_Semantic_Model.py
[2026-03-11T05:53:54.571+0000] {logging_mixin.py:188} INFO - [2026-03-11T05:53:54.570+0000] {dag.py:3089} INFO - Sync 1 DAGs
[2026-03-11T05:53:54.597+0000] {logging_mixin.py:188} INFO - [2026-03-11T05:53:54.597+0000] {dag.py:3947} INFO - Setting next_dagrun for 2_dag_Generate_Semantic_Model to None, run_after=None
[2026-03-11T05:53:54.645+0000] {processor.py:183} INFO - Processing /home/cloud/codings/airflow/dags/2_dag_Generate_Semantic_Model.py took 0.155 seconds
[2026-03-11T05:54:25.126+0000] {processor.py:161} INFO - Started process (PID=538270) to work on /home/cloud/codings/airflow/dags/2_dag_Generate_Semantic_Model.py
[2026-03-11T05:54:25.152+0000] {processor.py:830} INFO - Processing file /home/cloud/codings/airflow/dags/2_dag_Generate_Semantic_Model.py for tasks to queue
[2026-03-11T05:54:25.153+0000] {logging_mixin.py:188} INFO - [2026-03-11T05:54:25.153+0000] {dagbag.py:545} INFO - Filling up the DagBag from /home/cloud/codings/airflow/dags/2_dag_Generate_Semantic_Model.py
[2026-03-11T05:54:25.207+0000] {processor.py:840} INFO - DAG(s) '2_dag_Generate_Semantic_Model' retrieved from /home/cloud/codings/airflow/dags/2_dag_Generate_Semantic_Model.py
[2026-03-11T05:54:25.238+0000] {logging_mixin.py:188} INFO - [2026-03-11T05:54:25.238+0000] {dag.py:3089} INFO - Sync 1 DAGs
[2026-03-11T05:54:25.262+0000] {logging_mixin.py:188} INFO - [2026-03-11T05:54:25.261+0000] {dag.py:3947} INFO - Setting next_dagrun for 2_dag_Generate_Semantic_Model to None, run_after=None
[2026-03-11T05:54:25.325+0000] {processor.py:183} INFO - Processing /home/cloud/codings/airflow/dags/2_dag_Generate_Semantic_Model.py took 0.217 seconds
[2026-03-11T05:54:55.613+0000] {processor.py:161} INFO - Started process (PID=538347) to work on /home/cloud/codings/airflow/dags/2_dag_Generate_Semantic_Model.py
[2026-03-11T05:54:55.614+0000] {processor.py:830} INFO - Processing file /home/cloud/codings/airflow/dags/2_dag_Generate_Semantic_Model.py for tasks to queue
[2026-03-11T05:54:55.615+0000] {logging_mixin.py:188} INFO - [2026-03-11T05:54:55.614+0000] {dagbag.py:545} INFO - Filling up the DagBag from /home/cloud/codings/airflow/dags/2_dag_Generate_Semantic_Model.py
[2026-03-11T05:54:55.649+0000] {processor.py:840} INFO - DAG(s) '2_dag_Generate_Semantic_Model' retrieved from /home/cloud/codings/airflow/dags/2_dag_Generate_Semantic_Model.py
[2026-03-11T05:54:55.673+0000] {logging_mixin.py:188} INFO - [2026-03-11T05:54:55.673+0000] {dag.py:3089} INFO - Sync 1 DAGs
[2026-03-11T05:54:55.696+0000] {logging_mixin.py:188} INFO - [2026-03-11T05:54:55.695+0000] {dag.py:3947} INFO - Setting next_dagrun for 2_dag_Generate_Semantic_Model to None, run_after=None
[2026-03-11T05:54:55.750+0000] {processor.py:183} INFO - Processing /home/cloud/codings/airflow/dags/2_dag_Generate_Semantic_Model.py took 0.146 seconds
[2026-03-11T05:55:26.193+0000] {processor.py:161} INFO - Started process (PID=538418) to work on /home/cloud/codings/airflow/dags/2_dag_Generate_Semantic_Model.py
[2026-03-11T05:55:26.218+0000] {processor.py:830} INFO - Processing file /home/cloud/codings/airflow/dags/2_dag_Generate_Semantic_Model.py for tasks to queue
[2026-03-11T05:55:26.219+0000] {logging_mixin.py:188} INFO - [2026-03-11T05:55:26.219+0000] {dagbag.py:545} INFO - Filling up the DagBag from /home/cloud/codings/airflow/dags/2_dag_Generate_Semantic_Model.py
[2026-03-11T05:55:26.270+0000] {processor.py:840} INFO - DAG(s) '2_dag_Generate_Semantic_Model' retrieved from /home/cloud/codings/airflow/dags/2_dag_Generate_Semantic_Model.py
[2026-03-11T05:55:26.298+0000] {logging_mixin.py:188} INFO - [2026-03-11T05:55:26.298+0000] {dag.py:3089} INFO - Sync 1 DAGs
[2026-03-11T05:55:26.325+0000] {logging_mixin.py:188} INFO - [2026-03-11T05:55:26.324+0000] {dag.py:3947} INFO - Setting next_dagrun for 2_dag_Generate_Semantic_Model to None, run_after=None
[2026-03-11T05:55:26.390+0000] {processor.py:183} INFO - Processing /home/cloud/codings/airflow/dags/2_dag_Generate_Semantic_Model.py took 0.206 seconds
[2026-03-11T05:55:56.683+0000] {processor.py:161} INFO - Started process (PID=538494) to work on /home/cloud/codings/airflow/dags/2_dag_Generate_Semantic_Model.py
[2026-03-11T05:55:56.701+0000] {processor.py:830} INFO - Processing file /home/cloud/codings/airflow/dags/2_dag_Generate_Semantic_Model.py for tasks to queue
[2026-03-11T05:55:56.703+0000] {logging_mixin.py:188} INFO - [2026-03-11T05:55:56.702+0000] {dagbag.py:545} INFO - Filling up the DagBag from /home/cloud/codings/airflow/dags/2_dag_Generate_Semantic_Model.py
[2026-03-11T05:55:56.731+0000] {processor.py:840} INFO - DAG(s) '2_dag_Generate_Semantic_Model' retrieved from /home/cloud/codings/airflow/dags/2_dag_Generate_Semantic_Model.py
[2026-03-11T05:55:56.759+0000] {logging_mixin.py:188} INFO - [2026-03-11T05:55:56.758+0000] {dag.py:3089} INFO - Sync 1 DAGs
[2026-03-11T05:55:56.783+0000] {logging_mixin.py:188} INFO - [2026-03-11T05:55:56.783+0000] {dag.py:3947} INFO - Setting next_dagrun for 2_dag_Generate_Semantic_Model to None, run_after=None
[2026-03-11T05:55:56.819+0000] {processor.py:183} INFO - Processing /home/cloud/codings/airflow/dags/2_dag_Generate_Semantic_Model.py took 0.144 seconds
[2026-03-11T05:56:27.187+0000] {processor.py:161} INFO - Started process (PID=538507) to work on /home/cloud/codings/airflow/dags/2_dag_Generate_Semantic_Model.py
[2026-03-11T05:56:27.207+0000] {processor.py:830} INFO - Processing file /home/cloud/codings/airflow/dags/2_dag_Generate_Semantic_Model.py for tasks to queue
[2026-03-11T05:56:27.210+0000] {logging_mixin.py:188} INFO - [2026-03-11T05:56:27.209+0000] {dagbag.py:545} INFO - Filling up the DagBag from /home/cloud/codings/airflow/dags/2_dag_Generate_Semantic_Model.py
[2026-03-11T05:56:27.264+0000] {processor.py:840} INFO - DAG(s) '2_dag_Generate_Semantic_Model' retrieved from /home/cloud/codings/airflow/dags/2_dag_Generate_Semantic_Model.py
[2026-03-11T05:56:27.297+0000] {logging_mixin.py:188} INFO - [2026-03-11T05:56:27.296+0000] {dag.py:3089} INFO - Sync 1 DAGs
[2026-03-11T05:56:27.316+0000] {logging_mixin.py:188} INFO - [2026-03-11T05:56:27.316+0000] {dag.py:3947} INFO - Setting next_dagrun for 2_dag_Generate_Semantic_Model to None, run_after=None
[2026-03-11T05:56:27.360+0000] {processor.py:183} INFO - Processing /home/cloud/codings/airflow/dags/2_dag_Generate_Semantic_Model.py took 0.209 seconds
[2026-03-11T05:56:57.566+0000] {processor.py:161} INFO - Started process (PID=538584) to work on /home/cloud/codings/airflow/dags/2_dag_Generate_Semantic_Model.py
[2026-03-11T05:56:57.569+0000] {processor.py:830} INFO - Processing file /home/cloud/codings/airflow/dags/2_dag_Generate_Semantic_Model.py for tasks to queue
[2026-03-11T05:56:57.571+0000] {logging_mixin.py:188} INFO - [2026-03-11T05:56:57.570+0000] {dagbag.py:545} INFO - Filling up the DagBag from /home/cloud/codings/airflow/dags/2_dag_Generate_Semantic_Model.py
[2026-03-11T05:56:57.613+0000] {processor.py:840} INFO - DAG(s) '2_dag_Generate_Semantic_Model' retrieved from /home/cloud/codings/airflow/dags/2_dag_Generate_Semantic_Model.py
[2026-03-11T05:56:57.642+0000] {logging_mixin.py:188} INFO - [2026-03-11T05:56:57.642+0000] {dag.py:3089} INFO - Sync 1 DAGs
[2026-03-11T05:56:57.665+0000] {logging_mixin.py:188} INFO - [2026-03-11T05:56:57.665+0000] {dag.py:3947} INFO - Setting next_dagrun for 2_dag_Generate_Semantic_Model to None, run_after=None
[2026-03-11T05:56:57.713+0000] {processor.py:183} INFO - Processing /home/cloud/codings/airflow/dags/2_dag_Generate_Semantic_Model.py took 0.158 seconds
[2026-03-11T05:57:28.099+0000] {processor.py:161} INFO - Started process (PID=538595) to work on /home/cloud/codings/airflow/dags/2_dag_Generate_Semantic_Model.py
[2026-03-11T05:57:28.101+0000] {processor.py:830} INFO - Processing file /home/cloud/codings/airflow/dags/2_dag_Generate_Semantic_Model.py for tasks to queue
[2026-03-11T05:57:28.103+0000] {logging_mixin.py:188} INFO - [2026-03-11T05:57:28.102+0000] {dagbag.py:545} INFO - Filling up the DagBag from /home/cloud/codings/airflow/dags/2_dag_Generate_Semantic_Model.py
[2026-03-11T05:57:28.145+0000] {processor.py:840} INFO - DAG(s) '2_dag_Generate_Semantic_Model' retrieved from /home/cloud/codings/airflow/dags/2_dag_Generate_Semantic_Model.py
[2026-03-11T05:57:28.172+0000] {logging_mixin.py:188} INFO - [2026-03-11T05:57:28.172+0000] {dag.py:3089} INFO - Sync 1 DAGs
[2026-03-11T05:57:28.197+0000] {logging_mixin.py:188} INFO - [2026-03-11T05:57:28.197+0000] {dag.py:3947} INFO - Setting next_dagrun for 2_dag_Generate_Semantic_Model to None, run_after=None
[2026-03-11T05:57:28.257+0000] {processor.py:183} INFO - Processing /home/cloud/codings/airflow/dags/2_dag_Generate_Semantic_Model.py took 0.170 seconds
[2026-03-11T05:57:58.653+0000] {processor.py:161} INFO - Started process (PID=538668) to work on /home/cloud/codings/airflow/dags/2_dag_Generate_Semantic_Model.py
[2026-03-11T05:57:58.671+0000] {processor.py:830} INFO - Processing file /home/cloud/codings/airflow/dags/2_dag_Generate_Semantic_Model.py for tasks to queue
[2026-03-11T05:57:58.673+0000] {logging_mixin.py:188} INFO - [2026-03-11T05:57:58.673+0000] {dagbag.py:545} INFO - Filling up the DagBag from /home/cloud/codings/airflow/dags/2_dag_Generate_Semantic_Model.py
[2026-03-11T05:57:58.716+0000] {processor.py:840} INFO - DAG(s) '2_dag_Generate_Semantic_Model' retrieved from /home/cloud/codings/airflow/dags/2_dag_Generate_Semantic_Model.py
[2026-03-11T05:57:58.740+0000] {logging_mixin.py:188} INFO - [2026-03-11T05:57:58.740+0000] {dag.py:3089} INFO - Sync 1 DAGs
[2026-03-11T05:57:58.756+0000] {logging_mixin.py:188} INFO - [2026-03-11T05:57:58.756+0000] {dag.py:3947} INFO - Setting next_dagrun for 2_dag_Generate_Semantic_Model to None, run_after=None
[2026-03-11T05:57:58.783+0000] {processor.py:183} INFO - Processing /home/cloud/codings/airflow/dags/2_dag_Generate_Semantic_Model.py took 0.142 seconds
[2026-03-11T05:58:29.569+0000] {processor.py:161} INFO - Started process (PID=538683) to work on /home/cloud/codings/airflow/dags/2_dag_Generate_Semantic_Model.py
[2026-03-11T05:58:29.581+0000] {processor.py:830} INFO - Processing file /home/cloud/codings/airflow/dags/2_dag_Generate_Semantic_Model.py for tasks to queue
[2026-03-11T05:58:29.584+0000] {logging_mixin.py:188} INFO - [2026-03-11T05:58:29.582+0000] {dagbag.py:545} INFO - Filling up the DagBag from /home/cloud/codings/airflow/dags/2_dag_Generate_Semantic_Model.py
[2026-03-11T05:58:29.713+0000] {processor.py:840} INFO - DAG(s) '2_dag_Generate_Semantic_Model' retrieved from /home/cloud/codings/airflow/dags/2_dag_Generate_Semantic_Model.py
[2026-03-11T05:58:29.810+0000] {logging_mixin.py:188} INFO - [2026-03-11T05:58:29.810+0000] {dag.py:3089} INFO - Sync 1 DAGs
[2026-03-11T05:58:29.866+0000] {logging_mixin.py:188} INFO - [2026-03-11T05:58:29.865+0000] {dag.py:3947} INFO - Setting next_dagrun for 2_dag_Generate_Semantic_Model to None, run_after=None
[2026-03-11T05:58:29.933+0000] {processor.py:183} INFO - Processing /home/cloud/codings/airflow/dags/2_dag_Generate_Semantic_Model.py took 0.413 seconds
[2026-03-11T05:59:00.080+0000] {processor.py:161} INFO - Started process (PID=538758) to work on /home/cloud/codings/airflow/dags/2_dag_Generate_Semantic_Model.py
[2026-03-11T05:59:00.082+0000] {processor.py:830} INFO - Processing file /home/cloud/codings/airflow/dags/2_dag_Generate_Semantic_Model.py for tasks to queue
[2026-03-11T05:59:00.083+0000] {logging_mixin.py:188} INFO - [2026-03-11T05:59:00.082+0000] {dagbag.py:545} INFO - Filling up the DagBag from /home/cloud/codings/airflow/dags/2_dag_Generate_Semantic_Model.py
[2026-03-11T05:59:00.114+0000] {processor.py:840} INFO - DAG(s) '2_dag_Generate_Semantic_Model' retrieved from /home/cloud/codings/airflow/dags/2_dag_Generate_Semantic_Model.py
[2026-03-11T05:59:00.130+0000] {logging_mixin.py:188} INFO - [2026-03-11T05:59:00.130+0000] {dag.py:3089} INFO - Sync 1 DAGs
[2026-03-11T05:59:00.145+0000] {logging_mixin.py:188} INFO - [2026-03-11T05:59:00.145+0000] {dag.py:3947} INFO - Setting next_dagrun for 2_dag_Generate_Semantic_Model to None, run_after=None
[2026-03-11T05:59:00.174+0000] {processor.py:183} INFO - Processing /home/cloud/codings/airflow/dags/2_dag_Generate_Semantic_Model.py took 0.103 seconds
[2026-03-11T05:59:30.676+0000] {processor.py:161} INFO - Started process (PID=538771) to work on /home/cloud/codings/airflow/dags/2_dag_Generate_Semantic_Model.py
[2026-03-11T05:59:30.705+0000] {processor.py:830} INFO - Processing file /home/cloud/codings/airflow/dags/2_dag_Generate_Semantic_Model.py for tasks to queue
[2026-03-11T05:59:30.709+0000] {logging_mixin.py:188} INFO - [2026-03-11T05:59:30.707+0000] {dagbag.py:545} INFO - Filling up the DagBag from /home/cloud/codings/airflow/dags/2_dag_Generate_Semantic_Model.py
[2026-03-11T05:59:30.763+0000] {processor.py:840} INFO - DAG(s) '2_dag_Generate_Semantic_Model' retrieved from /home/cloud/codings/airflow/dags/2_dag_Generate_Semantic_Model.py
[2026-03-11T05:59:30.792+0000] {logging_mixin.py:188} INFO - [2026-03-11T05:59:30.791+0000] {dag.py:3089} INFO - Sync 1 DAGs
[2026-03-11T05:59:30.815+0000] {logging_mixin.py:188} INFO - [2026-03-11T05:59:30.815+0000] {dag.py:3947} INFO - Setting next_dagrun for 2_dag_Generate_Semantic_Model to None, run_after=None
[2026-03-11T05:59:30.901+0000] {processor.py:183} INFO - Processing /home/cloud/codings/airflow/dags/2_dag_Generate_Semantic_Model.py took 0.254 seconds
[2026-03-11T06:00:01.146+0000] {processor.py:161} INFO - Started process (PID=538844) to work on /home/cloud/codings/airflow/dags/2_dag_Generate_Semantic_Model.py
[2026-03-11T06:00:01.147+0000] {processor.py:830} INFO - Processing file /home/cloud/codings/airflow/dags/2_dag_Generate_Semantic_Model.py for tasks to queue
[2026-03-11T06:00:01.148+0000] {logging_mixin.py:188} INFO - [2026-03-11T06:00:01.148+0000] {dagbag.py:545} INFO - Filling up the DagBag from /home/cloud/codings/airflow/dags/2_dag_Generate_Semantic_Model.py
[2026-03-11T06:00:01.173+0000] {processor.py:840} INFO - DAG(s) '2_dag_Generate_Semantic_Model' retrieved from /home/cloud/codings/airflow/dags/2_dag_Generate_Semantic_Model.py
[2026-03-11T06:00:01.188+0000] {logging_mixin.py:188} INFO - [2026-03-11T06:00:01.187+0000] {dag.py:3089} INFO - Sync 1 DAGs
[2026-03-11T06:00:01.200+0000] {logging_mixin.py:188} INFO - [2026-03-11T06:00:01.200+0000] {dag.py:3947} INFO - Setting next_dagrun for 2_dag_Generate_Semantic_Model to None, run_after=None
[2026-03-11T06:00:01.230+0000] {processor.py:183} INFO - Processing /home/cloud/codings/airflow/dags/2_dag_Generate_Semantic_Model.py took 0.092 seconds
