[2026-03-11T04:18:49.102+0000] {processor.py:161} INFO - Started process (PID=526412) to work on /home/cloud/codings/airflow/dags/4_dag_PUSH_Updated_YML_To_Cortex.py
[2026-03-11T04:18:49.104+0000] {processor.py:830} INFO - Processing file /home/cloud/codings/airflow/dags/4_dag_PUSH_Updated_YML_To_Cortex.py for tasks to queue
[2026-03-11T04:18:49.105+0000] {logging_mixin.py:188} INFO - [2026-03-11T04:18:49.104+0000] {dagbag.py:545} INFO - Filling up the DagBag from /home/cloud/codings/airflow/dags/4_dag_PUSH_Updated_YML_To_Cortex.py
[2026-03-11T04:18:49.174+0000] {processor.py:840} INFO - DAG(s) '4_dag_PUSH_Updated_YML_To_Cortex' retrieved from /home/cloud/codings/airflow/dags/4_dag_PUSH_Updated_YML_To_Cortex.py
[2026-03-11T04:18:49.228+0000] {logging_mixin.py:188} INFO - [2026-03-11T04:18:49.227+0000] {dag.py:3089} INFO - Sync 1 DAGs
[2026-03-11T04:18:49.267+0000] {logging_mixin.py:188} INFO - [2026-03-11T04:18:49.267+0000] {dag.py:3947} INFO - Setting next_dagrun for 4_dag_PUSH_Updated_YML_To_Cortex to None, run_after=None
[2026-03-11T04:18:49.345+0000] {processor.py:183} INFO - Processing /home/cloud/codings/airflow/dags/4_dag_PUSH_Updated_YML_To_Cortex.py took 0.261 seconds
[2026-03-11T04:19:20.394+0000] {processor.py:161} INFO - Started process (PID=526499) to work on /home/cloud/codings/airflow/dags/4_dag_PUSH_Updated_YML_To_Cortex.py
[2026-03-11T04:19:20.397+0000] {processor.py:830} INFO - Processing file /home/cloud/codings/airflow/dags/4_dag_PUSH_Updated_YML_To_Cortex.py for tasks to queue
[2026-03-11T04:19:20.398+0000] {logging_mixin.py:188} INFO - [2026-03-11T04:19:20.397+0000] {dagbag.py:545} INFO - Filling up the DagBag from /home/cloud/codings/airflow/dags/4_dag_PUSH_Updated_YML_To_Cortex.py
[2026-03-11T04:19:20.426+0000] {processor.py:840} INFO - DAG(s) '4_dag_PUSH_Updated_YML_To_Cortex' retrieved from /home/cloud/codings/airflow/dags/4_dag_PUSH_Updated_YML_To_Cortex.py
[2026-03-11T04:19:20.447+0000] {logging_mixin.py:188} INFO - [2026-03-11T04:19:20.447+0000] {dag.py:3089} INFO - Sync 1 DAGs
[2026-03-11T04:19:20.463+0000] {logging_mixin.py:188} INFO - [2026-03-11T04:19:20.463+0000] {dag.py:3947} INFO - Setting next_dagrun for 4_dag_PUSH_Updated_YML_To_Cortex to None, run_after=None
[2026-03-11T04:19:20.497+0000] {processor.py:183} INFO - Processing /home/cloud/codings/airflow/dags/4_dag_PUSH_Updated_YML_To_Cortex.py took 0.111 seconds
[2026-03-11T04:19:50.601+0000] {processor.py:161} INFO - Started process (PID=526584) to work on /home/cloud/codings/airflow/dags/4_dag_PUSH_Updated_YML_To_Cortex.py
[2026-03-11T04:19:50.618+0000] {processor.py:830} INFO - Processing file /home/cloud/codings/airflow/dags/4_dag_PUSH_Updated_YML_To_Cortex.py for tasks to queue
[2026-03-11T04:19:50.619+0000] {logging_mixin.py:188} INFO - [2026-03-11T04:19:50.619+0000] {dagbag.py:545} INFO - Filling up the DagBag from /home/cloud/codings/airflow/dags/4_dag_PUSH_Updated_YML_To_Cortex.py
[2026-03-11T04:19:50.639+0000] {processor.py:840} INFO - DAG(s) '4_dag_PUSH_Updated_YML_To_Cortex' retrieved from /home/cloud/codings/airflow/dags/4_dag_PUSH_Updated_YML_To_Cortex.py
[2026-03-11T04:19:50.653+0000] {logging_mixin.py:188} INFO - [2026-03-11T04:19:50.653+0000] {dag.py:3089} INFO - Sync 1 DAGs
[2026-03-11T04:19:50.664+0000] {logging_mixin.py:188} INFO - [2026-03-11T04:19:50.664+0000] {dag.py:3947} INFO - Setting next_dagrun for 4_dag_PUSH_Updated_YML_To_Cortex to None, run_after=None
[2026-03-11T04:19:50.686+0000] {processor.py:183} INFO - Processing /home/cloud/codings/airflow/dags/4_dag_PUSH_Updated_YML_To_Cortex.py took 0.089 seconds
[2026-03-11T04:20:21.853+0000] {processor.py:161} INFO - Started process (PID=526791) to work on /home/cloud/codings/airflow/dags/4_dag_PUSH_Updated_YML_To_Cortex.py
[2026-03-11T04:20:21.855+0000] {processor.py:830} INFO - Processing file /home/cloud/codings/airflow/dags/4_dag_PUSH_Updated_YML_To_Cortex.py for tasks to queue
[2026-03-11T04:20:21.858+0000] {logging_mixin.py:188} INFO - [2026-03-11T04:20:21.857+0000] {dagbag.py:545} INFO - Filling up the DagBag from /home/cloud/codings/airflow/dags/4_dag_PUSH_Updated_YML_To_Cortex.py
[2026-03-11T04:20:21.907+0000] {processor.py:840} INFO - DAG(s) '4_dag_PUSH_Updated_YML_To_Cortex' retrieved from /home/cloud/codings/airflow/dags/4_dag_PUSH_Updated_YML_To_Cortex.py
[2026-03-11T04:20:21.933+0000] {logging_mixin.py:188} INFO - [2026-03-11T04:20:21.932+0000] {dag.py:3089} INFO - Sync 1 DAGs
[2026-03-11T04:20:21.950+0000] {logging_mixin.py:188} INFO - [2026-03-11T04:20:21.950+0000] {dag.py:3947} INFO - Setting next_dagrun for 4_dag_PUSH_Updated_YML_To_Cortex to None, run_after=None
[2026-03-11T04:20:22.133+0000] {processor.py:183} INFO - Processing /home/cloud/codings/airflow/dags/4_dag_PUSH_Updated_YML_To_Cortex.py took 0.295 seconds
[2026-03-11T04:20:52.430+0000] {processor.py:161} INFO - Started process (PID=526889) to work on /home/cloud/codings/airflow/dags/4_dag_PUSH_Updated_YML_To_Cortex.py
[2026-03-11T04:20:52.457+0000] {processor.py:830} INFO - Processing file /home/cloud/codings/airflow/dags/4_dag_PUSH_Updated_YML_To_Cortex.py for tasks to queue
[2026-03-11T04:20:52.458+0000] {logging_mixin.py:188} INFO - [2026-03-11T04:20:52.458+0000] {dagbag.py:545} INFO - Filling up the DagBag from /home/cloud/codings/airflow/dags/4_dag_PUSH_Updated_YML_To_Cortex.py
[2026-03-11T04:20:52.487+0000] {processor.py:840} INFO - DAG(s) '4_dag_PUSH_Updated_YML_To_Cortex' retrieved from /home/cloud/codings/airflow/dags/4_dag_PUSH_Updated_YML_To_Cortex.py
[2026-03-11T04:20:52.505+0000] {logging_mixin.py:188} INFO - [2026-03-11T04:20:52.505+0000] {dag.py:3089} INFO - Sync 1 DAGs
[2026-03-11T04:20:52.519+0000] {logging_mixin.py:188} INFO - [2026-03-11T04:20:52.519+0000] {dag.py:3947} INFO - Setting next_dagrun for 4_dag_PUSH_Updated_YML_To_Cortex to None, run_after=None
[2026-03-11T04:20:52.545+0000] {processor.py:183} INFO - Processing /home/cloud/codings/airflow/dags/4_dag_PUSH_Updated_YML_To_Cortex.py took 0.124 seconds
[2026-03-11T04:21:23.428+0000] {processor.py:161} INFO - Started process (PID=526912) to work on /home/cloud/codings/airflow/dags/4_dag_PUSH_Updated_YML_To_Cortex.py
[2026-03-11T04:21:23.446+0000] {processor.py:830} INFO - Processing file /home/cloud/codings/airflow/dags/4_dag_PUSH_Updated_YML_To_Cortex.py for tasks to queue
[2026-03-11T04:21:23.448+0000] {logging_mixin.py:188} INFO - [2026-03-11T04:21:23.447+0000] {dagbag.py:545} INFO - Filling up the DagBag from /home/cloud/codings/airflow/dags/4_dag_PUSH_Updated_YML_To_Cortex.py
[2026-03-11T04:21:23.501+0000] {processor.py:840} INFO - DAG(s) '4_dag_PUSH_Updated_YML_To_Cortex' retrieved from /home/cloud/codings/airflow/dags/4_dag_PUSH_Updated_YML_To_Cortex.py
[2026-03-11T04:21:23.536+0000] {logging_mixin.py:188} INFO - [2026-03-11T04:21:23.535+0000] {dag.py:3089} INFO - Sync 1 DAGs
[2026-03-11T04:21:23.568+0000] {logging_mixin.py:188} INFO - [2026-03-11T04:21:23.568+0000] {dag.py:3947} INFO - Setting next_dagrun for 4_dag_PUSH_Updated_YML_To_Cortex to None, run_after=None
[2026-03-11T04:21:23.605+0000] {processor.py:183} INFO - Processing /home/cloud/codings/airflow/dags/4_dag_PUSH_Updated_YML_To_Cortex.py took 0.191 seconds
[2026-03-11T04:21:54.170+0000] {processor.py:161} INFO - Started process (PID=526999) to work on /home/cloud/codings/airflow/dags/4_dag_PUSH_Updated_YML_To_Cortex.py
[2026-03-11T04:21:54.173+0000] {processor.py:830} INFO - Processing file /home/cloud/codings/airflow/dags/4_dag_PUSH_Updated_YML_To_Cortex.py for tasks to queue
[2026-03-11T04:21:54.176+0000] {logging_mixin.py:188} INFO - [2026-03-11T04:21:54.175+0000] {dagbag.py:545} INFO - Filling up the DagBag from /home/cloud/codings/airflow/dags/4_dag_PUSH_Updated_YML_To_Cortex.py
[2026-03-11T04:21:54.207+0000] {processor.py:840} INFO - DAG(s) '4_dag_PUSH_Updated_YML_To_Cortex' retrieved from /home/cloud/codings/airflow/dags/4_dag_PUSH_Updated_YML_To_Cortex.py
[2026-03-11T04:21:54.227+0000] {logging_mixin.py:188} INFO - [2026-03-11T04:21:54.226+0000] {dag.py:3089} INFO - Sync 1 DAGs
[2026-03-11T04:21:54.241+0000] {logging_mixin.py:188} INFO - [2026-03-11T04:21:54.240+0000] {dag.py:3947} INFO - Setting next_dagrun for 4_dag_PUSH_Updated_YML_To_Cortex to None, run_after=None
[2026-03-11T04:21:54.268+0000] {processor.py:183} INFO - Processing /home/cloud/codings/airflow/dags/4_dag_PUSH_Updated_YML_To_Cortex.py took 0.114 seconds
[2026-03-11T04:22:24.519+0000] {processor.py:161} INFO - Started process (PID=527022) to work on /home/cloud/codings/airflow/dags/4_dag_PUSH_Updated_YML_To_Cortex.py
[2026-03-11T04:22:24.542+0000] {processor.py:830} INFO - Processing file /home/cloud/codings/airflow/dags/4_dag_PUSH_Updated_YML_To_Cortex.py for tasks to queue
[2026-03-11T04:22:24.545+0000] {logging_mixin.py:188} INFO - [2026-03-11T04:22:24.544+0000] {dagbag.py:545} INFO - Filling up the DagBag from /home/cloud/codings/airflow/dags/4_dag_PUSH_Updated_YML_To_Cortex.py
[2026-03-11T04:22:24.603+0000] {processor.py:840} INFO - DAG(s) '4_dag_PUSH_Updated_YML_To_Cortex' retrieved from /home/cloud/codings/airflow/dags/4_dag_PUSH_Updated_YML_To_Cortex.py
[2026-03-11T04:22:24.633+0000] {logging_mixin.py:188} INFO - [2026-03-11T04:22:24.633+0000] {dag.py:3089} INFO - Sync 1 DAGs
[2026-03-11T04:22:24.656+0000] {logging_mixin.py:188} INFO - [2026-03-11T04:22:24.656+0000] {dag.py:3947} INFO - Setting next_dagrun for 4_dag_PUSH_Updated_YML_To_Cortex to None, run_after=None
[2026-03-11T04:22:24.695+0000] {processor.py:183} INFO - Processing /home/cloud/codings/airflow/dags/4_dag_PUSH_Updated_YML_To_Cortex.py took 0.203 seconds
[2026-03-11T04:22:55.502+0000] {processor.py:161} INFO - Started process (PID=527109) to work on /home/cloud/codings/airflow/dags/4_dag_PUSH_Updated_YML_To_Cortex.py
[2026-03-11T04:22:55.529+0000] {processor.py:830} INFO - Processing file /home/cloud/codings/airflow/dags/4_dag_PUSH_Updated_YML_To_Cortex.py for tasks to queue
[2026-03-11T04:22:55.531+0000] {logging_mixin.py:188} INFO - [2026-03-11T04:22:55.530+0000] {dagbag.py:545} INFO - Filling up the DagBag from /home/cloud/codings/airflow/dags/4_dag_PUSH_Updated_YML_To_Cortex.py
[2026-03-11T04:22:55.575+0000] {processor.py:840} INFO - DAG(s) '4_dag_PUSH_Updated_YML_To_Cortex' retrieved from /home/cloud/codings/airflow/dags/4_dag_PUSH_Updated_YML_To_Cortex.py
[2026-03-11T04:22:55.608+0000] {logging_mixin.py:188} INFO - [2026-03-11T04:22:55.607+0000] {dag.py:3089} INFO - Sync 1 DAGs
[2026-03-11T04:22:55.815+0000] {logging_mixin.py:188} INFO - [2026-03-11T04:22:55.815+0000] {dag.py:3947} INFO - Setting next_dagrun for 4_dag_PUSH_Updated_YML_To_Cortex to None, run_after=None
[2026-03-11T04:22:55.871+0000] {processor.py:183} INFO - Processing /home/cloud/codings/airflow/dags/4_dag_PUSH_Updated_YML_To_Cortex.py took 0.384 seconds
[2026-03-11T04:23:26.242+0000] {processor.py:161} INFO - Started process (PID=527131) to work on /home/cloud/codings/airflow/dags/4_dag_PUSH_Updated_YML_To_Cortex.py
[2026-03-11T04:23:26.260+0000] {processor.py:830} INFO - Processing file /home/cloud/codings/airflow/dags/4_dag_PUSH_Updated_YML_To_Cortex.py for tasks to queue
[2026-03-11T04:23:26.262+0000] {logging_mixin.py:188} INFO - [2026-03-11T04:23:26.261+0000] {dagbag.py:545} INFO - Filling up the DagBag from /home/cloud/codings/airflow/dags/4_dag_PUSH_Updated_YML_To_Cortex.py
[2026-03-11T04:23:26.299+0000] {processor.py:840} INFO - DAG(s) '4_dag_PUSH_Updated_YML_To_Cortex' retrieved from /home/cloud/codings/airflow/dags/4_dag_PUSH_Updated_YML_To_Cortex.py
[2026-03-11T04:23:26.323+0000] {logging_mixin.py:188} INFO - [2026-03-11T04:23:26.323+0000] {dag.py:3089} INFO - Sync 1 DAGs
[2026-03-11T04:23:26.563+0000] {logging_mixin.py:188} INFO - [2026-03-11T04:23:26.562+0000] {dag.py:3947} INFO - Setting next_dagrun for 4_dag_PUSH_Updated_YML_To_Cortex to None, run_after=None
[2026-03-11T04:23:26.617+0000] {processor.py:183} INFO - Processing /home/cloud/codings/airflow/dags/4_dag_PUSH_Updated_YML_To_Cortex.py took 0.387 seconds
[2026-03-11T04:23:56.917+0000] {processor.py:161} INFO - Started process (PID=527216) to work on /home/cloud/codings/airflow/dags/4_dag_PUSH_Updated_YML_To_Cortex.py
[2026-03-11T04:23:56.936+0000] {processor.py:830} INFO - Processing file /home/cloud/codings/airflow/dags/4_dag_PUSH_Updated_YML_To_Cortex.py for tasks to queue
[2026-03-11T04:23:56.938+0000] {logging_mixin.py:188} INFO - [2026-03-11T04:23:56.937+0000] {dagbag.py:545} INFO - Filling up the DagBag from /home/cloud/codings/airflow/dags/4_dag_PUSH_Updated_YML_To_Cortex.py
[2026-03-11T04:23:57.172+0000] {processor.py:840} INFO - DAG(s) '4_dag_PUSH_Updated_YML_To_Cortex' retrieved from /home/cloud/codings/airflow/dags/4_dag_PUSH_Updated_YML_To_Cortex.py
[2026-03-11T04:23:57.186+0000] {logging_mixin.py:188} INFO - [2026-03-11T04:23:57.186+0000] {dag.py:3089} INFO - Sync 1 DAGs
[2026-03-11T04:23:57.196+0000] {logging_mixin.py:188} INFO - [2026-03-11T04:23:57.196+0000] {dag.py:3947} INFO - Setting next_dagrun for 4_dag_PUSH_Updated_YML_To_Cortex to None, run_after=None
[2026-03-11T04:23:57.246+0000] {processor.py:183} INFO - Processing /home/cloud/codings/airflow/dags/4_dag_PUSH_Updated_YML_To_Cortex.py took 0.341 seconds
[2026-03-11T04:24:27.658+0000] {processor.py:161} INFO - Started process (PID=527241) to work on /home/cloud/codings/airflow/dags/4_dag_PUSH_Updated_YML_To_Cortex.py
[2026-03-11T04:24:27.678+0000] {processor.py:830} INFO - Processing file /home/cloud/codings/airflow/dags/4_dag_PUSH_Updated_YML_To_Cortex.py for tasks to queue
[2026-03-11T04:24:27.681+0000] {logging_mixin.py:188} INFO - [2026-03-11T04:24:27.680+0000] {dagbag.py:545} INFO - Filling up the DagBag from /home/cloud/codings/airflow/dags/4_dag_PUSH_Updated_YML_To_Cortex.py
[2026-03-11T04:24:27.729+0000] {processor.py:840} INFO - DAG(s) '4_dag_PUSH_Updated_YML_To_Cortex' retrieved from /home/cloud/codings/airflow/dags/4_dag_PUSH_Updated_YML_To_Cortex.py
[2026-03-11T04:24:27.750+0000] {logging_mixin.py:188} INFO - [2026-03-11T04:24:27.750+0000] {dag.py:3089} INFO - Sync 1 DAGs
[2026-03-11T04:24:27.762+0000] {logging_mixin.py:188} INFO - [2026-03-11T04:24:27.761+0000] {dag.py:3947} INFO - Setting next_dagrun for 4_dag_PUSH_Updated_YML_To_Cortex to None, run_after=None
[2026-03-11T04:24:27.787+0000] {processor.py:183} INFO - Processing /home/cloud/codings/airflow/dags/4_dag_PUSH_Updated_YML_To_Cortex.py took 0.149 seconds
[2026-03-11T04:24:58.213+0000] {processor.py:161} INFO - Started process (PID=527330) to work on /home/cloud/codings/airflow/dags/4_dag_PUSH_Updated_YML_To_Cortex.py
[2026-03-11T04:24:58.231+0000] {processor.py:830} INFO - Processing file /home/cloud/codings/airflow/dags/4_dag_PUSH_Updated_YML_To_Cortex.py for tasks to queue
[2026-03-11T04:24:58.233+0000] {logging_mixin.py:188} INFO - [2026-03-11T04:24:58.232+0000] {dagbag.py:545} INFO - Filling up the DagBag from /home/cloud/codings/airflow/dags/4_dag_PUSH_Updated_YML_To_Cortex.py
[2026-03-11T04:24:58.257+0000] {processor.py:840} INFO - DAG(s) '4_dag_PUSH_Updated_YML_To_Cortex' retrieved from /home/cloud/codings/airflow/dags/4_dag_PUSH_Updated_YML_To_Cortex.py
[2026-03-11T04:24:58.271+0000] {logging_mixin.py:188} INFO - [2026-03-11T04:24:58.271+0000] {dag.py:3089} INFO - Sync 1 DAGs
[2026-03-11T04:24:58.283+0000] {logging_mixin.py:188} INFO - [2026-03-11T04:24:58.283+0000] {dag.py:3947} INFO - Setting next_dagrun for 4_dag_PUSH_Updated_YML_To_Cortex to None, run_after=None
[2026-03-11T04:24:58.309+0000] {processor.py:183} INFO - Processing /home/cloud/codings/airflow/dags/4_dag_PUSH_Updated_YML_To_Cortex.py took 0.104 seconds
[2026-03-11T04:25:29.102+0000] {processor.py:161} INFO - Started process (PID=527413) to work on /home/cloud/codings/airflow/dags/4_dag_PUSH_Updated_YML_To_Cortex.py
[2026-03-11T04:25:29.107+0000] {processor.py:830} INFO - Processing file /home/cloud/codings/airflow/dags/4_dag_PUSH_Updated_YML_To_Cortex.py for tasks to queue
[2026-03-11T04:25:29.109+0000] {logging_mixin.py:188} INFO - [2026-03-11T04:25:29.108+0000] {dagbag.py:545} INFO - Filling up the DagBag from /home/cloud/codings/airflow/dags/4_dag_PUSH_Updated_YML_To_Cortex.py
[2026-03-11T04:25:29.168+0000] {processor.py:840} INFO - DAG(s) '4_dag_PUSH_Updated_YML_To_Cortex' retrieved from /home/cloud/codings/airflow/dags/4_dag_PUSH_Updated_YML_To_Cortex.py
[2026-03-11T04:25:29.202+0000] {logging_mixin.py:188} INFO - [2026-03-11T04:25:29.201+0000] {dag.py:3089} INFO - Sync 1 DAGs
[2026-03-11T04:25:29.219+0000] {logging_mixin.py:188} INFO - [2026-03-11T04:25:29.219+0000] {dag.py:3947} INFO - Setting next_dagrun for 4_dag_PUSH_Updated_YML_To_Cortex to None, run_after=None
[2026-03-11T04:25:29.245+0000] {processor.py:183} INFO - Processing /home/cloud/codings/airflow/dags/4_dag_PUSH_Updated_YML_To_Cortex.py took 0.173 seconds
[2026-03-11T04:25:59.829+0000] {processor.py:161} INFO - Started process (PID=527500) to work on /home/cloud/codings/airflow/dags/4_dag_PUSH_Updated_YML_To_Cortex.py
[2026-03-11T04:25:59.851+0000] {processor.py:830} INFO - Processing file /home/cloud/codings/airflow/dags/4_dag_PUSH_Updated_YML_To_Cortex.py for tasks to queue
[2026-03-11T04:25:59.857+0000] {logging_mixin.py:188} INFO - [2026-03-11T04:25:59.855+0000] {dagbag.py:545} INFO - Filling up the DagBag from /home/cloud/codings/airflow/dags/4_dag_PUSH_Updated_YML_To_Cortex.py
[2026-03-11T04:25:59.962+0000] {processor.py:840} INFO - DAG(s) '4_dag_PUSH_Updated_YML_To_Cortex' retrieved from /home/cloud/codings/airflow/dags/4_dag_PUSH_Updated_YML_To_Cortex.py
[2026-03-11T04:26:00.010+0000] {logging_mixin.py:188} INFO - [2026-03-11T04:26:00.009+0000] {dag.py:3089} INFO - Sync 1 DAGs
[2026-03-11T04:26:00.037+0000] {logging_mixin.py:188} INFO - [2026-03-11T04:26:00.037+0000] {dag.py:3947} INFO - Setting next_dagrun for 4_dag_PUSH_Updated_YML_To_Cortex to None, run_after=None
[2026-03-11T04:26:00.094+0000] {processor.py:183} INFO - Processing /home/cloud/codings/airflow/dags/4_dag_PUSH_Updated_YML_To_Cortex.py took 0.295 seconds
[2026-03-11T04:26:30.606+0000] {processor.py:161} INFO - Started process (PID=527517) to work on /home/cloud/codings/airflow/dags/4_dag_PUSH_Updated_YML_To_Cortex.py
[2026-03-11T04:26:30.638+0000] {processor.py:830} INFO - Processing file /home/cloud/codings/airflow/dags/4_dag_PUSH_Updated_YML_To_Cortex.py for tasks to queue
[2026-03-11T04:26:30.640+0000] {logging_mixin.py:188} INFO - [2026-03-11T04:26:30.639+0000] {dagbag.py:545} INFO - Filling up the DagBag from /home/cloud/codings/airflow/dags/4_dag_PUSH_Updated_YML_To_Cortex.py
[2026-03-11T04:26:30.682+0000] {processor.py:840} INFO - DAG(s) '4_dag_PUSH_Updated_YML_To_Cortex' retrieved from /home/cloud/codings/airflow/dags/4_dag_PUSH_Updated_YML_To_Cortex.py
[2026-03-11T04:26:30.704+0000] {logging_mixin.py:188} INFO - [2026-03-11T04:26:30.704+0000] {dag.py:3089} INFO - Sync 1 DAGs
[2026-03-11T04:26:30.723+0000] {logging_mixin.py:188} INFO - [2026-03-11T04:26:30.722+0000] {dag.py:3947} INFO - Setting next_dagrun for 4_dag_PUSH_Updated_YML_To_Cortex to None, run_after=None
[2026-03-11T04:26:30.754+0000] {processor.py:183} INFO - Processing /home/cloud/codings/airflow/dags/4_dag_PUSH_Updated_YML_To_Cortex.py took 0.159 seconds
[2026-03-11T04:27:01.382+0000] {processor.py:161} INFO - Started process (PID=527604) to work on /home/cloud/codings/airflow/dags/4_dag_PUSH_Updated_YML_To_Cortex.py
[2026-03-11T04:27:01.385+0000] {processor.py:830} INFO - Processing file /home/cloud/codings/airflow/dags/4_dag_PUSH_Updated_YML_To_Cortex.py for tasks to queue
[2026-03-11T04:27:01.388+0000] {logging_mixin.py:188} INFO - [2026-03-11T04:27:01.386+0000] {dagbag.py:545} INFO - Filling up the DagBag from /home/cloud/codings/airflow/dags/4_dag_PUSH_Updated_YML_To_Cortex.py
[2026-03-11T04:27:01.455+0000] {processor.py:840} INFO - DAG(s) '4_dag_PUSH_Updated_YML_To_Cortex' retrieved from /home/cloud/codings/airflow/dags/4_dag_PUSH_Updated_YML_To_Cortex.py
[2026-03-11T04:27:01.484+0000] {logging_mixin.py:188} INFO - [2026-03-11T04:27:01.483+0000] {dag.py:3089} INFO - Sync 1 DAGs
[2026-03-11T04:27:01.511+0000] {logging_mixin.py:188} INFO - [2026-03-11T04:27:01.510+0000] {dag.py:3947} INFO - Setting next_dagrun for 4_dag_PUSH_Updated_YML_To_Cortex to None, run_after=None
[2026-03-11T04:27:01.583+0000] {processor.py:183} INFO - Processing /home/cloud/codings/airflow/dags/4_dag_PUSH_Updated_YML_To_Cortex.py took 0.224 seconds
[2026-03-11T04:27:31.904+0000] {processor.py:161} INFO - Started process (PID=527629) to work on /home/cloud/codings/airflow/dags/4_dag_PUSH_Updated_YML_To_Cortex.py
[2026-03-11T04:27:31.934+0000] {processor.py:830} INFO - Processing file /home/cloud/codings/airflow/dags/4_dag_PUSH_Updated_YML_To_Cortex.py for tasks to queue
[2026-03-11T04:27:31.936+0000] {logging_mixin.py:188} INFO - [2026-03-11T04:27:31.935+0000] {dagbag.py:545} INFO - Filling up the DagBag from /home/cloud/codings/airflow/dags/4_dag_PUSH_Updated_YML_To_Cortex.py
[2026-03-11T04:27:31.976+0000] {processor.py:840} INFO - DAG(s) '4_dag_PUSH_Updated_YML_To_Cortex' retrieved from /home/cloud/codings/airflow/dags/4_dag_PUSH_Updated_YML_To_Cortex.py
[2026-03-11T04:27:31.993+0000] {logging_mixin.py:188} INFO - [2026-03-11T04:27:31.992+0000] {dag.py:3089} INFO - Sync 1 DAGs
[2026-03-11T04:27:32.005+0000] {logging_mixin.py:188} INFO - [2026-03-11T04:27:32.005+0000] {dag.py:3947} INFO - Setting next_dagrun for 4_dag_PUSH_Updated_YML_To_Cortex to None, run_after=None
[2026-03-11T04:27:32.028+0000] {processor.py:183} INFO - Processing /home/cloud/codings/airflow/dags/4_dag_PUSH_Updated_YML_To_Cortex.py took 0.143 seconds
[2026-03-11T04:28:02.560+0000] {processor.py:161} INFO - Started process (PID=527716) to work on /home/cloud/codings/airflow/dags/4_dag_PUSH_Updated_YML_To_Cortex.py
[2026-03-11T04:28:02.564+0000] {processor.py:830} INFO - Processing file /home/cloud/codings/airflow/dags/4_dag_PUSH_Updated_YML_To_Cortex.py for tasks to queue
[2026-03-11T04:28:02.567+0000] {logging_mixin.py:188} INFO - [2026-03-11T04:28:02.566+0000] {dagbag.py:545} INFO - Filling up the DagBag from /home/cloud/codings/airflow/dags/4_dag_PUSH_Updated_YML_To_Cortex.py
[2026-03-11T04:28:02.610+0000] {processor.py:840} INFO - DAG(s) '4_dag_PUSH_Updated_YML_To_Cortex' retrieved from /home/cloud/codings/airflow/dags/4_dag_PUSH_Updated_YML_To_Cortex.py
[2026-03-11T04:28:02.625+0000] {logging_mixin.py:188} INFO - [2026-03-11T04:28:02.625+0000] {dag.py:3089} INFO - Sync 1 DAGs
[2026-03-11T04:28:02.637+0000] {logging_mixin.py:188} INFO - [2026-03-11T04:28:02.637+0000] {dag.py:3947} INFO - Setting next_dagrun for 4_dag_PUSH_Updated_YML_To_Cortex to None, run_after=None
[2026-03-11T04:28:02.663+0000] {processor.py:183} INFO - Processing /home/cloud/codings/airflow/dags/4_dag_PUSH_Updated_YML_To_Cortex.py took 0.126 seconds
[2026-03-11T04:28:33.212+0000] {processor.py:161} INFO - Started process (PID=527743) to work on /home/cloud/codings/airflow/dags/4_dag_PUSH_Updated_YML_To_Cortex.py
[2026-03-11T04:28:33.243+0000] {processor.py:830} INFO - Processing file /home/cloud/codings/airflow/dags/4_dag_PUSH_Updated_YML_To_Cortex.py for tasks to queue
[2026-03-11T04:28:33.246+0000] {logging_mixin.py:188} INFO - [2026-03-11T04:28:33.245+0000] {dagbag.py:545} INFO - Filling up the DagBag from /home/cloud/codings/airflow/dags/4_dag_PUSH_Updated_YML_To_Cortex.py
[2026-03-11T04:28:33.305+0000] {processor.py:840} INFO - DAG(s) '4_dag_PUSH_Updated_YML_To_Cortex' retrieved from /home/cloud/codings/airflow/dags/4_dag_PUSH_Updated_YML_To_Cortex.py
[2026-03-11T04:28:33.322+0000] {logging_mixin.py:188} INFO - [2026-03-11T04:28:33.322+0000] {dag.py:3089} INFO - Sync 1 DAGs
[2026-03-11T04:28:33.335+0000] {logging_mixin.py:188} INFO - [2026-03-11T04:28:33.335+0000] {dag.py:3947} INFO - Setting next_dagrun for 4_dag_PUSH_Updated_YML_To_Cortex to None, run_after=None
[2026-03-11T04:28:33.359+0000] {processor.py:183} INFO - Processing /home/cloud/codings/airflow/dags/4_dag_PUSH_Updated_YML_To_Cortex.py took 0.172 seconds
[2026-03-11T04:29:04.121+0000] {processor.py:161} INFO - Started process (PID=527826) to work on /home/cloud/codings/airflow/dags/4_dag_PUSH_Updated_YML_To_Cortex.py
[2026-03-11T04:29:04.123+0000] {processor.py:830} INFO - Processing file /home/cloud/codings/airflow/dags/4_dag_PUSH_Updated_YML_To_Cortex.py for tasks to queue
[2026-03-11T04:29:04.125+0000] {logging_mixin.py:188} INFO - [2026-03-11T04:29:04.124+0000] {dagbag.py:545} INFO - Filling up the DagBag from /home/cloud/codings/airflow/dags/4_dag_PUSH_Updated_YML_To_Cortex.py
[2026-03-11T04:29:04.161+0000] {processor.py:840} INFO - DAG(s) '4_dag_PUSH_Updated_YML_To_Cortex' retrieved from /home/cloud/codings/airflow/dags/4_dag_PUSH_Updated_YML_To_Cortex.py
[2026-03-11T04:29:04.202+0000] {logging_mixin.py:188} INFO - [2026-03-11T04:29:04.201+0000] {dag.py:3089} INFO - Sync 1 DAGs
[2026-03-11T04:29:04.223+0000] {logging_mixin.py:188} INFO - [2026-03-11T04:29:04.223+0000] {dag.py:3947} INFO - Setting next_dagrun for 4_dag_PUSH_Updated_YML_To_Cortex to None, run_after=None
[2026-03-11T04:29:04.254+0000] {processor.py:183} INFO - Processing /home/cloud/codings/airflow/dags/4_dag_PUSH_Updated_YML_To_Cortex.py took 0.141 seconds
[2026-03-11T04:29:34.883+0000] {processor.py:161} INFO - Started process (PID=527857) to work on /home/cloud/codings/airflow/dags/4_dag_PUSH_Updated_YML_To_Cortex.py
[2026-03-11T04:29:34.884+0000] {processor.py:830} INFO - Processing file /home/cloud/codings/airflow/dags/4_dag_PUSH_Updated_YML_To_Cortex.py for tasks to queue
[2026-03-11T04:29:34.886+0000] {logging_mixin.py:188} INFO - [2026-03-11T04:29:34.885+0000] {dagbag.py:545} INFO - Filling up the DagBag from /home/cloud/codings/airflow/dags/4_dag_PUSH_Updated_YML_To_Cortex.py
[2026-03-11T04:29:34.909+0000] {processor.py:840} INFO - DAG(s) '4_dag_PUSH_Updated_YML_To_Cortex' retrieved from /home/cloud/codings/airflow/dags/4_dag_PUSH_Updated_YML_To_Cortex.py
[2026-03-11T04:29:34.922+0000] {logging_mixin.py:188} INFO - [2026-03-11T04:29:34.922+0000] {dag.py:3089} INFO - Sync 1 DAGs
[2026-03-11T04:29:34.934+0000] {logging_mixin.py:188} INFO - [2026-03-11T04:29:34.934+0000] {dag.py:3947} INFO - Setting next_dagrun for 4_dag_PUSH_Updated_YML_To_Cortex to None, run_after=None
[2026-03-11T04:29:34.960+0000] {processor.py:183} INFO - Processing /home/cloud/codings/airflow/dags/4_dag_PUSH_Updated_YML_To_Cortex.py took 0.084 seconds
[2026-03-11T04:30:05.326+0000] {processor.py:161} INFO - Started process (PID=528002) to work on /home/cloud/codings/airflow/dags/4_dag_PUSH_Updated_YML_To_Cortex.py
[2026-03-11T04:30:05.327+0000] {processor.py:830} INFO - Processing file /home/cloud/codings/airflow/dags/4_dag_PUSH_Updated_YML_To_Cortex.py for tasks to queue
[2026-03-11T04:30:05.329+0000] {logging_mixin.py:188} INFO - [2026-03-11T04:30:05.328+0000] {dagbag.py:545} INFO - Filling up the DagBag from /home/cloud/codings/airflow/dags/4_dag_PUSH_Updated_YML_To_Cortex.py
[2026-03-11T04:30:05.379+0000] {processor.py:840} INFO - DAG(s) '4_dag_PUSH_Updated_YML_To_Cortex' retrieved from /home/cloud/codings/airflow/dags/4_dag_PUSH_Updated_YML_To_Cortex.py
[2026-03-11T04:30:05.407+0000] {logging_mixin.py:188} INFO - [2026-03-11T04:30:05.406+0000] {dag.py:3089} INFO - Sync 1 DAGs
[2026-03-11T04:30:05.431+0000] {logging_mixin.py:188} INFO - [2026-03-11T04:30:05.431+0000] {dag.py:3947} INFO - Setting next_dagrun for 4_dag_PUSH_Updated_YML_To_Cortex to None, run_after=None
[2026-03-11T04:30:05.466+0000] {processor.py:183} INFO - Processing /home/cloud/codings/airflow/dags/4_dag_PUSH_Updated_YML_To_Cortex.py took 0.154 seconds
[2026-03-11T04:30:35.837+0000] {processor.py:161} INFO - Started process (PID=528029) to work on /home/cloud/codings/airflow/dags/4_dag_PUSH_Updated_YML_To_Cortex.py
[2026-03-11T04:30:35.863+0000] {processor.py:830} INFO - Processing file /home/cloud/codings/airflow/dags/4_dag_PUSH_Updated_YML_To_Cortex.py for tasks to queue
[2026-03-11T04:30:35.866+0000] {logging_mixin.py:188} INFO - [2026-03-11T04:30:35.865+0000] {dagbag.py:545} INFO - Filling up the DagBag from /home/cloud/codings/airflow/dags/4_dag_PUSH_Updated_YML_To_Cortex.py
[2026-03-11T04:30:35.916+0000] {processor.py:840} INFO - DAG(s) '4_dag_PUSH_Updated_YML_To_Cortex' retrieved from /home/cloud/codings/airflow/dags/4_dag_PUSH_Updated_YML_To_Cortex.py
[2026-03-11T04:30:35.951+0000] {logging_mixin.py:188} INFO - [2026-03-11T04:30:35.950+0000] {dag.py:3089} INFO - Sync 1 DAGs
[2026-03-11T04:30:35.978+0000] {logging_mixin.py:188} INFO - [2026-03-11T04:30:35.978+0000] {dag.py:3947} INFO - Setting next_dagrun for 4_dag_PUSH_Updated_YML_To_Cortex to None, run_after=None
[2026-03-11T04:30:36.044+0000] {processor.py:183} INFO - Processing /home/cloud/codings/airflow/dags/4_dag_PUSH_Updated_YML_To_Cortex.py took 0.221 seconds
[2026-03-11T04:31:06.325+0000] {processor.py:161} INFO - Started process (PID=528116) to work on /home/cloud/codings/airflow/dags/4_dag_PUSH_Updated_YML_To_Cortex.py
[2026-03-11T04:31:06.326+0000] {processor.py:830} INFO - Processing file /home/cloud/codings/airflow/dags/4_dag_PUSH_Updated_YML_To_Cortex.py for tasks to queue
[2026-03-11T04:31:06.327+0000] {logging_mixin.py:188} INFO - [2026-03-11T04:31:06.327+0000] {dagbag.py:545} INFO - Filling up the DagBag from /home/cloud/codings/airflow/dags/4_dag_PUSH_Updated_YML_To_Cortex.py
[2026-03-11T04:31:06.352+0000] {processor.py:840} INFO - DAG(s) '4_dag_PUSH_Updated_YML_To_Cortex' retrieved from /home/cloud/codings/airflow/dags/4_dag_PUSH_Updated_YML_To_Cortex.py
[2026-03-11T04:31:06.369+0000] {logging_mixin.py:188} INFO - [2026-03-11T04:31:06.369+0000] {dag.py:3089} INFO - Sync 1 DAGs
[2026-03-11T04:31:06.383+0000] {logging_mixin.py:188} INFO - [2026-03-11T04:31:06.383+0000] {dag.py:3947} INFO - Setting next_dagrun for 4_dag_PUSH_Updated_YML_To_Cortex to None, run_after=None
[2026-03-11T04:31:06.408+0000] {processor.py:183} INFO - Processing /home/cloud/codings/airflow/dags/4_dag_PUSH_Updated_YML_To_Cortex.py took 0.094 seconds
[2026-03-11T04:31:36.910+0000] {processor.py:161} INFO - Started process (PID=528133) to work on /home/cloud/codings/airflow/dags/4_dag_PUSH_Updated_YML_To_Cortex.py
[2026-03-11T04:31:36.935+0000] {processor.py:830} INFO - Processing file /home/cloud/codings/airflow/dags/4_dag_PUSH_Updated_YML_To_Cortex.py for tasks to queue
[2026-03-11T04:31:36.938+0000] {logging_mixin.py:188} INFO - [2026-03-11T04:31:36.937+0000] {dagbag.py:545} INFO - Filling up the DagBag from /home/cloud/codings/airflow/dags/4_dag_PUSH_Updated_YML_To_Cortex.py
[2026-03-11T04:31:36.995+0000] {processor.py:840} INFO - DAG(s) '4_dag_PUSH_Updated_YML_To_Cortex' retrieved from /home/cloud/codings/airflow/dags/4_dag_PUSH_Updated_YML_To_Cortex.py
[2026-03-11T04:31:37.022+0000] {logging_mixin.py:188} INFO - [2026-03-11T04:31:37.022+0000] {dag.py:3089} INFO - Sync 1 DAGs
[2026-03-11T04:31:37.046+0000] {logging_mixin.py:188} INFO - [2026-03-11T04:31:37.045+0000] {dag.py:3947} INFO - Setting next_dagrun for 4_dag_PUSH_Updated_YML_To_Cortex to None, run_after=None
[2026-03-11T04:31:37.083+0000] {processor.py:183} INFO - Processing /home/cloud/codings/airflow/dags/4_dag_PUSH_Updated_YML_To_Cortex.py took 0.191 seconds
[2026-03-11T04:32:07.641+0000] {processor.py:161} INFO - Started process (PID=528221) to work on /home/cloud/codings/airflow/dags/4_dag_PUSH_Updated_YML_To_Cortex.py
[2026-03-11T04:32:07.667+0000] {processor.py:830} INFO - Processing file /home/cloud/codings/airflow/dags/4_dag_PUSH_Updated_YML_To_Cortex.py for tasks to queue
[2026-03-11T04:32:07.669+0000] {logging_mixin.py:188} INFO - [2026-03-11T04:32:07.668+0000] {dagbag.py:545} INFO - Filling up the DagBag from /home/cloud/codings/airflow/dags/4_dag_PUSH_Updated_YML_To_Cortex.py
[2026-03-11T04:32:07.698+0000] {processor.py:840} INFO - DAG(s) '4_dag_PUSH_Updated_YML_To_Cortex' retrieved from /home/cloud/codings/airflow/dags/4_dag_PUSH_Updated_YML_To_Cortex.py
[2026-03-11T04:32:07.715+0000] {logging_mixin.py:188} INFO - [2026-03-11T04:32:07.715+0000] {dag.py:3089} INFO - Sync 1 DAGs
[2026-03-11T04:32:07.730+0000] {logging_mixin.py:188} INFO - [2026-03-11T04:32:07.729+0000] {dag.py:3947} INFO - Setting next_dagrun for 4_dag_PUSH_Updated_YML_To_Cortex to None, run_after=None
[2026-03-11T04:32:07.754+0000] {processor.py:183} INFO - Processing /home/cloud/codings/airflow/dags/4_dag_PUSH_Updated_YML_To_Cortex.py took 0.122 seconds
[2026-03-11T04:32:38.291+0000] {processor.py:161} INFO - Started process (PID=528248) to work on /home/cloud/codings/airflow/dags/4_dag_PUSH_Updated_YML_To_Cortex.py
[2026-03-11T04:32:38.295+0000] {processor.py:830} INFO - Processing file /home/cloud/codings/airflow/dags/4_dag_PUSH_Updated_YML_To_Cortex.py for tasks to queue
[2026-03-11T04:32:38.297+0000] {logging_mixin.py:188} INFO - [2026-03-11T04:32:38.296+0000] {dagbag.py:545} INFO - Filling up the DagBag from /home/cloud/codings/airflow/dags/4_dag_PUSH_Updated_YML_To_Cortex.py
[2026-03-11T04:32:38.348+0000] {processor.py:840} INFO - DAG(s) '4_dag_PUSH_Updated_YML_To_Cortex' retrieved from /home/cloud/codings/airflow/dags/4_dag_PUSH_Updated_YML_To_Cortex.py
[2026-03-11T04:32:38.370+0000] {logging_mixin.py:188} INFO - [2026-03-11T04:32:38.370+0000] {dag.py:3089} INFO - Sync 1 DAGs
[2026-03-11T04:32:38.388+0000] {logging_mixin.py:188} INFO - [2026-03-11T04:32:38.387+0000] {dag.py:3947} INFO - Setting next_dagrun for 4_dag_PUSH_Updated_YML_To_Cortex to None, run_after=None
[2026-03-11T04:32:38.488+0000] {processor.py:183} INFO - Processing /home/cloud/codings/airflow/dags/4_dag_PUSH_Updated_YML_To_Cortex.py took 0.214 seconds
[2026-03-11T04:33:08.922+0000] {processor.py:161} INFO - Started process (PID=528335) to work on /home/cloud/codings/airflow/dags/4_dag_PUSH_Updated_YML_To_Cortex.py
[2026-03-11T04:33:08.938+0000] {processor.py:830} INFO - Processing file /home/cloud/codings/airflow/dags/4_dag_PUSH_Updated_YML_To_Cortex.py for tasks to queue
[2026-03-11T04:33:08.939+0000] {logging_mixin.py:188} INFO - [2026-03-11T04:33:08.939+0000] {dagbag.py:545} INFO - Filling up the DagBag from /home/cloud/codings/airflow/dags/4_dag_PUSH_Updated_YML_To_Cortex.py
[2026-03-11T04:33:08.972+0000] {processor.py:840} INFO - DAG(s) '4_dag_PUSH_Updated_YML_To_Cortex' retrieved from /home/cloud/codings/airflow/dags/4_dag_PUSH_Updated_YML_To_Cortex.py
[2026-03-11T04:33:08.993+0000] {logging_mixin.py:188} INFO - [2026-03-11T04:33:08.993+0000] {dag.py:3089} INFO - Sync 1 DAGs
[2026-03-11T04:33:09.006+0000] {logging_mixin.py:188} INFO - [2026-03-11T04:33:09.006+0000] {dag.py:3947} INFO - Setting next_dagrun for 4_dag_PUSH_Updated_YML_To_Cortex to None, run_after=None
[2026-03-11T04:33:09.043+0000] {processor.py:183} INFO - Processing /home/cloud/codings/airflow/dags/4_dag_PUSH_Updated_YML_To_Cortex.py took 0.134 seconds
[2026-03-11T04:33:39.475+0000] {processor.py:161} INFO - Started process (PID=528359) to work on /home/cloud/codings/airflow/dags/4_dag_PUSH_Updated_YML_To_Cortex.py
[2026-03-11T04:33:39.493+0000] {processor.py:830} INFO - Processing file /home/cloud/codings/airflow/dags/4_dag_PUSH_Updated_YML_To_Cortex.py for tasks to queue
[2026-03-11T04:33:39.495+0000] {logging_mixin.py:188} INFO - [2026-03-11T04:33:39.494+0000] {dagbag.py:545} INFO - Filling up the DagBag from /home/cloud/codings/airflow/dags/4_dag_PUSH_Updated_YML_To_Cortex.py
[2026-03-11T04:33:39.536+0000] {processor.py:840} INFO - DAG(s) '4_dag_PUSH_Updated_YML_To_Cortex' retrieved from /home/cloud/codings/airflow/dags/4_dag_PUSH_Updated_YML_To_Cortex.py
[2026-03-11T04:33:39.560+0000] {logging_mixin.py:188} INFO - [2026-03-11T04:33:39.560+0000] {dag.py:3089} INFO - Sync 1 DAGs
[2026-03-11T04:33:39.581+0000] {logging_mixin.py:188} INFO - [2026-03-11T04:33:39.581+0000] {dag.py:3947} INFO - Setting next_dagrun for 4_dag_PUSH_Updated_YML_To_Cortex to None, run_after=None
[2026-03-11T04:33:39.618+0000] {processor.py:183} INFO - Processing /home/cloud/codings/airflow/dags/4_dag_PUSH_Updated_YML_To_Cortex.py took 0.155 seconds
[2026-03-11T04:34:10.018+0000] {processor.py:161} INFO - Started process (PID=528438) to work on /home/cloud/codings/airflow/dags/4_dag_PUSH_Updated_YML_To_Cortex.py
[2026-03-11T04:34:10.020+0000] {processor.py:830} INFO - Processing file /home/cloud/codings/airflow/dags/4_dag_PUSH_Updated_YML_To_Cortex.py for tasks to queue
[2026-03-11T04:34:10.023+0000] {logging_mixin.py:188} INFO - [2026-03-11T04:34:10.022+0000] {dagbag.py:545} INFO - Filling up the DagBag from /home/cloud/codings/airflow/dags/4_dag_PUSH_Updated_YML_To_Cortex.py
[2026-03-11T04:34:10.075+0000] {processor.py:840} INFO - DAG(s) '4_dag_PUSH_Updated_YML_To_Cortex' retrieved from /home/cloud/codings/airflow/dags/4_dag_PUSH_Updated_YML_To_Cortex.py
[2026-03-11T04:34:10.105+0000] {logging_mixin.py:188} INFO - [2026-03-11T04:34:10.104+0000] {dag.py:3089} INFO - Sync 1 DAGs
[2026-03-11T04:34:10.131+0000] {logging_mixin.py:188} INFO - [2026-03-11T04:34:10.130+0000] {dag.py:3947} INFO - Setting next_dagrun for 4_dag_PUSH_Updated_YML_To_Cortex to None, run_after=None
[2026-03-11T04:34:10.173+0000] {processor.py:183} INFO - Processing /home/cloud/codings/airflow/dags/4_dag_PUSH_Updated_YML_To_Cortex.py took 0.176 seconds
[2026-03-11T04:34:40.579+0000] {processor.py:161} INFO - Started process (PID=528525) to work on /home/cloud/codings/airflow/dags/4_dag_PUSH_Updated_YML_To_Cortex.py
[2026-03-11T04:34:40.583+0000] {processor.py:830} INFO - Processing file /home/cloud/codings/airflow/dags/4_dag_PUSH_Updated_YML_To_Cortex.py for tasks to queue
[2026-03-11T04:34:40.585+0000] {logging_mixin.py:188} INFO - [2026-03-11T04:34:40.584+0000] {dagbag.py:545} INFO - Filling up the DagBag from /home/cloud/codings/airflow/dags/4_dag_PUSH_Updated_YML_To_Cortex.py
[2026-03-11T04:34:40.642+0000] {processor.py:840} INFO - DAG(s) '4_dag_PUSH_Updated_YML_To_Cortex' retrieved from /home/cloud/codings/airflow/dags/4_dag_PUSH_Updated_YML_To_Cortex.py
[2026-03-11T04:34:40.660+0000] {logging_mixin.py:188} INFO - [2026-03-11T04:34:40.660+0000] {dag.py:3089} INFO - Sync 1 DAGs
[2026-03-11T04:34:40.675+0000] {logging_mixin.py:188} INFO - [2026-03-11T04:34:40.675+0000] {dag.py:3947} INFO - Setting next_dagrun for 4_dag_PUSH_Updated_YML_To_Cortex to None, run_after=None
[2026-03-11T04:34:40.703+0000] {processor.py:183} INFO - Processing /home/cloud/codings/airflow/dags/4_dag_PUSH_Updated_YML_To_Cortex.py took 0.158 seconds
[2026-03-11T04:35:11.246+0000] {processor.py:161} INFO - Started process (PID=528672) to work on /home/cloud/codings/airflow/dags/4_dag_PUSH_Updated_YML_To_Cortex.py
[2026-03-11T04:35:11.271+0000] {processor.py:830} INFO - Processing file /home/cloud/codings/airflow/dags/4_dag_PUSH_Updated_YML_To_Cortex.py for tasks to queue
[2026-03-11T04:35:11.276+0000] {logging_mixin.py:188} INFO - [2026-03-11T04:35:11.274+0000] {dagbag.py:545} INFO - Filling up the DagBag from /home/cloud/codings/airflow/dags/4_dag_PUSH_Updated_YML_To_Cortex.py
[2026-03-11T04:35:11.377+0000] {processor.py:840} INFO - DAG(s) '4_dag_PUSH_Updated_YML_To_Cortex' retrieved from /home/cloud/codings/airflow/dags/4_dag_PUSH_Updated_YML_To_Cortex.py
[2026-03-11T04:35:11.444+0000] {logging_mixin.py:188} INFO - [2026-03-11T04:35:11.442+0000] {dag.py:3089} INFO - Sync 1 DAGs
[2026-03-11T04:35:11.517+0000] {logging_mixin.py:188} INFO - [2026-03-11T04:35:11.516+0000] {dag.py:3947} INFO - Setting next_dagrun for 4_dag_PUSH_Updated_YML_To_Cortex to None, run_after=None
[2026-03-11T04:35:11.641+0000] {processor.py:183} INFO - Processing /home/cloud/codings/airflow/dags/4_dag_PUSH_Updated_YML_To_Cortex.py took 0.423 seconds
[2026-03-11T04:35:42.084+0000] {processor.py:161} INFO - Started process (PID=528695) to work on /home/cloud/codings/airflow/dags/4_dag_PUSH_Updated_YML_To_Cortex.py
[2026-03-11T04:35:42.111+0000] {processor.py:830} INFO - Processing file /home/cloud/codings/airflow/dags/4_dag_PUSH_Updated_YML_To_Cortex.py for tasks to queue
[2026-03-11T04:35:42.114+0000] {logging_mixin.py:188} INFO - [2026-03-11T04:35:42.113+0000] {dagbag.py:545} INFO - Filling up the DagBag from /home/cloud/codings/airflow/dags/4_dag_PUSH_Updated_YML_To_Cortex.py
[2026-03-11T04:35:42.167+0000] {processor.py:840} INFO - DAG(s) '4_dag_PUSH_Updated_YML_To_Cortex' retrieved from /home/cloud/codings/airflow/dags/4_dag_PUSH_Updated_YML_To_Cortex.py
[2026-03-11T04:35:42.195+0000] {logging_mixin.py:188} INFO - [2026-03-11T04:35:42.194+0000] {dag.py:3089} INFO - Sync 1 DAGs
[2026-03-11T04:35:42.222+0000] {logging_mixin.py:188} INFO - [2026-03-11T04:35:42.222+0000] {dag.py:3947} INFO - Setting next_dagrun for 4_dag_PUSH_Updated_YML_To_Cortex to None, run_after=None
[2026-03-11T04:35:42.265+0000] {processor.py:183} INFO - Processing /home/cloud/codings/airflow/dags/4_dag_PUSH_Updated_YML_To_Cortex.py took 0.195 seconds
[2026-03-11T04:36:12.806+0000] {processor.py:161} INFO - Started process (PID=528780) to work on /home/cloud/codings/airflow/dags/4_dag_PUSH_Updated_YML_To_Cortex.py
[2026-03-11T04:36:12.837+0000] {processor.py:830} INFO - Processing file /home/cloud/codings/airflow/dags/4_dag_PUSH_Updated_YML_To_Cortex.py for tasks to queue
[2026-03-11T04:36:12.841+0000] {logging_mixin.py:188} INFO - [2026-03-11T04:36:12.839+0000] {dagbag.py:545} INFO - Filling up the DagBag from /home/cloud/codings/airflow/dags/4_dag_PUSH_Updated_YML_To_Cortex.py
[2026-03-11T04:36:12.889+0000] {processor.py:840} INFO - DAG(s) '4_dag_PUSH_Updated_YML_To_Cortex' retrieved from /home/cloud/codings/airflow/dags/4_dag_PUSH_Updated_YML_To_Cortex.py
[2026-03-11T04:36:12.910+0000] {logging_mixin.py:188} INFO - [2026-03-11T04:36:12.910+0000] {dag.py:3089} INFO - Sync 1 DAGs
[2026-03-11T04:36:12.925+0000] {logging_mixin.py:188} INFO - [2026-03-11T04:36:12.925+0000] {dag.py:3947} INFO - Setting next_dagrun for 4_dag_PUSH_Updated_YML_To_Cortex to None, run_after=None
[2026-03-11T04:36:12.954+0000] {processor.py:183} INFO - Processing /home/cloud/codings/airflow/dags/4_dag_PUSH_Updated_YML_To_Cortex.py took 0.167 seconds
[2026-03-11T04:36:43.436+0000] {processor.py:161} INFO - Started process (PID=528809) to work on /home/cloud/codings/airflow/dags/4_dag_PUSH_Updated_YML_To_Cortex.py
[2026-03-11T04:36:43.440+0000] {processor.py:830} INFO - Processing file /home/cloud/codings/airflow/dags/4_dag_PUSH_Updated_YML_To_Cortex.py for tasks to queue
[2026-03-11T04:36:43.443+0000] {logging_mixin.py:188} INFO - [2026-03-11T04:36:43.442+0000] {dagbag.py:545} INFO - Filling up the DagBag from /home/cloud/codings/airflow/dags/4_dag_PUSH_Updated_YML_To_Cortex.py
[2026-03-11T04:36:43.485+0000] {processor.py:840} INFO - DAG(s) '4_dag_PUSH_Updated_YML_To_Cortex' retrieved from /home/cloud/codings/airflow/dags/4_dag_PUSH_Updated_YML_To_Cortex.py
[2026-03-11T04:36:43.513+0000] {logging_mixin.py:188} INFO - [2026-03-11T04:36:43.513+0000] {dag.py:3089} INFO - Sync 1 DAGs
[2026-03-11T04:36:43.538+0000] {logging_mixin.py:188} INFO - [2026-03-11T04:36:43.538+0000] {dag.py:3947} INFO - Setting next_dagrun for 4_dag_PUSH_Updated_YML_To_Cortex to None, run_after=None
[2026-03-11T04:36:43.585+0000] {processor.py:183} INFO - Processing /home/cloud/codings/airflow/dags/4_dag_PUSH_Updated_YML_To_Cortex.py took 0.168 seconds
[2026-03-11T04:37:13.983+0000] {processor.py:161} INFO - Started process (PID=528888) to work on /home/cloud/codings/airflow/dags/4_dag_PUSH_Updated_YML_To_Cortex.py
[2026-03-11T04:37:14.009+0000] {processor.py:830} INFO - Processing file /home/cloud/codings/airflow/dags/4_dag_PUSH_Updated_YML_To_Cortex.py for tasks to queue
[2026-03-11T04:37:14.013+0000] {logging_mixin.py:188} INFO - [2026-03-11T04:37:14.011+0000] {dagbag.py:545} INFO - Filling up the DagBag from /home/cloud/codings/airflow/dags/4_dag_PUSH_Updated_YML_To_Cortex.py
[2026-03-11T04:37:14.130+0000] {processor.py:840} INFO - DAG(s) '4_dag_PUSH_Updated_YML_To_Cortex' retrieved from /home/cloud/codings/airflow/dags/4_dag_PUSH_Updated_YML_To_Cortex.py
[2026-03-11T04:37:14.215+0000] {logging_mixin.py:188} INFO - [2026-03-11T04:37:14.214+0000] {dag.py:3089} INFO - Sync 1 DAGs
[2026-03-11T04:37:14.262+0000] {logging_mixin.py:188} INFO - [2026-03-11T04:37:14.261+0000] {dag.py:3947} INFO - Setting next_dagrun for 4_dag_PUSH_Updated_YML_To_Cortex to None, run_after=None
[2026-03-11T04:37:14.336+0000] {processor.py:183} INFO - Processing /home/cloud/codings/airflow/dags/4_dag_PUSH_Updated_YML_To_Cortex.py took 0.383 seconds
[2026-03-11T04:37:46.124+0000] {processor.py:161} INFO - Started process (PID=528913) to work on /home/cloud/codings/airflow/dags/4_dag_PUSH_Updated_YML_To_Cortex.py
[2026-03-11T04:37:46.126+0000] {processor.py:830} INFO - Processing file /home/cloud/codings/airflow/dags/4_dag_PUSH_Updated_YML_To_Cortex.py for tasks to queue
[2026-03-11T04:37:46.127+0000] {logging_mixin.py:188} INFO - [2026-03-11T04:37:46.127+0000] {dagbag.py:545} INFO - Filling up the DagBag from /home/cloud/codings/airflow/dags/4_dag_PUSH_Updated_YML_To_Cortex.py
[2026-03-11T04:37:46.161+0000] {processor.py:840} INFO - DAG(s) '4_dag_PUSH_Updated_YML_To_Cortex' retrieved from /home/cloud/codings/airflow/dags/4_dag_PUSH_Updated_YML_To_Cortex.py
[2026-03-11T04:37:46.185+0000] {logging_mixin.py:188} INFO - [2026-03-11T04:37:46.184+0000] {dag.py:3089} INFO - Sync 1 DAGs
[2026-03-11T04:37:46.205+0000] {logging_mixin.py:188} INFO - [2026-03-11T04:37:46.205+0000] {dag.py:3947} INFO - Setting next_dagrun for 4_dag_PUSH_Updated_YML_To_Cortex to None, run_after=None
[2026-03-11T04:37:46.256+0000] {processor.py:183} INFO - Processing /home/cloud/codings/airflow/dags/4_dag_PUSH_Updated_YML_To_Cortex.py took 0.144 seconds
[2026-03-11T04:38:16.878+0000] {processor.py:161} INFO - Started process (PID=528998) to work on /home/cloud/codings/airflow/dags/4_dag_PUSH_Updated_YML_To_Cortex.py
[2026-03-11T04:38:16.881+0000] {processor.py:830} INFO - Processing file /home/cloud/codings/airflow/dags/4_dag_PUSH_Updated_YML_To_Cortex.py for tasks to queue
[2026-03-11T04:38:16.883+0000] {logging_mixin.py:188} INFO - [2026-03-11T04:38:16.883+0000] {dagbag.py:545} INFO - Filling up the DagBag from /home/cloud/codings/airflow/dags/4_dag_PUSH_Updated_YML_To_Cortex.py
[2026-03-11T04:38:16.927+0000] {processor.py:840} INFO - DAG(s) '4_dag_PUSH_Updated_YML_To_Cortex' retrieved from /home/cloud/codings/airflow/dags/4_dag_PUSH_Updated_YML_To_Cortex.py
[2026-03-11T04:38:16.955+0000] {logging_mixin.py:188} INFO - [2026-03-11T04:38:16.955+0000] {dag.py:3089} INFO - Sync 1 DAGs
[2026-03-11T04:38:16.980+0000] {logging_mixin.py:188} INFO - [2026-03-11T04:38:16.980+0000] {dag.py:3947} INFO - Setting next_dagrun for 4_dag_PUSH_Updated_YML_To_Cortex to None, run_after=None
[2026-03-11T04:38:17.037+0000] {processor.py:183} INFO - Processing /home/cloud/codings/airflow/dags/4_dag_PUSH_Updated_YML_To_Cortex.py took 0.171 seconds
[2026-03-11T04:38:47.637+0000] {processor.py:161} INFO - Started process (PID=529054) to work on /home/cloud/codings/airflow/dags/4_dag_PUSH_Updated_YML_To_Cortex.py
[2026-03-11T04:38:47.639+0000] {processor.py:830} INFO - Processing file /home/cloud/codings/airflow/dags/4_dag_PUSH_Updated_YML_To_Cortex.py for tasks to queue
[2026-03-11T04:38:47.640+0000] {logging_mixin.py:188} INFO - [2026-03-11T04:38:47.640+0000] {dagbag.py:545} INFO - Filling up the DagBag from /home/cloud/codings/airflow/dags/4_dag_PUSH_Updated_YML_To_Cortex.py
[2026-03-11T04:38:47.693+0000] {processor.py:840} INFO - DAG(s) '4_dag_PUSH_Updated_YML_To_Cortex' retrieved from /home/cloud/codings/airflow/dags/4_dag_PUSH_Updated_YML_To_Cortex.py
[2026-03-11T04:38:47.719+0000] {logging_mixin.py:188} INFO - [2026-03-11T04:38:47.718+0000] {dag.py:3089} INFO - Sync 1 DAGs
[2026-03-11T04:38:47.736+0000] {logging_mixin.py:188} INFO - [2026-03-11T04:38:47.736+0000] {dag.py:3947} INFO - Setting next_dagrun for 4_dag_PUSH_Updated_YML_To_Cortex to None, run_after=None
[2026-03-11T04:38:47.764+0000] {processor.py:183} INFO - Processing /home/cloud/codings/airflow/dags/4_dag_PUSH_Updated_YML_To_Cortex.py took 0.141 seconds
[2026-03-11T04:39:18.518+0000] {processor.py:161} INFO - Started process (PID=529114) to work on /home/cloud/codings/airflow/dags/4_dag_PUSH_Updated_YML_To_Cortex.py
[2026-03-11T04:39:18.537+0000] {processor.py:830} INFO - Processing file /home/cloud/codings/airflow/dags/4_dag_PUSH_Updated_YML_To_Cortex.py for tasks to queue
[2026-03-11T04:39:18.539+0000] {logging_mixin.py:188} INFO - [2026-03-11T04:39:18.538+0000] {dagbag.py:545} INFO - Filling up the DagBag from /home/cloud/codings/airflow/dags/4_dag_PUSH_Updated_YML_To_Cortex.py
[2026-03-11T04:39:18.600+0000] {processor.py:840} INFO - DAG(s) '4_dag_PUSH_Updated_YML_To_Cortex' retrieved from /home/cloud/codings/airflow/dags/4_dag_PUSH_Updated_YML_To_Cortex.py
[2026-03-11T04:39:18.645+0000] {logging_mixin.py:188} INFO - [2026-03-11T04:39:18.645+0000] {dag.py:3089} INFO - Sync 1 DAGs
[2026-03-11T04:39:18.678+0000] {logging_mixin.py:188} INFO - [2026-03-11T04:39:18.678+0000] {dag.py:3947} INFO - Setting next_dagrun for 4_dag_PUSH_Updated_YML_To_Cortex to None, run_after=None
[2026-03-11T04:39:18.742+0000] {processor.py:183} INFO - Processing /home/cloud/codings/airflow/dags/4_dag_PUSH_Updated_YML_To_Cortex.py took 0.244 seconds
[2026-03-11T04:39:49.126+0000] {processor.py:161} INFO - Started process (PID=529199) to work on /home/cloud/codings/airflow/dags/4_dag_PUSH_Updated_YML_To_Cortex.py
[2026-03-11T04:39:49.127+0000] {processor.py:830} INFO - Processing file /home/cloud/codings/airflow/dags/4_dag_PUSH_Updated_YML_To_Cortex.py for tasks to queue
[2026-03-11T04:39:49.129+0000] {logging_mixin.py:188} INFO - [2026-03-11T04:39:49.128+0000] {dagbag.py:545} INFO - Filling up the DagBag from /home/cloud/codings/airflow/dags/4_dag_PUSH_Updated_YML_To_Cortex.py
[2026-03-11T04:39:49.236+0000] {processor.py:840} INFO - DAG(s) '4_dag_PUSH_Updated_YML_To_Cortex' retrieved from /home/cloud/codings/airflow/dags/4_dag_PUSH_Updated_YML_To_Cortex.py
[2026-03-11T04:39:49.314+0000] {logging_mixin.py:188} INFO - [2026-03-11T04:39:49.313+0000] {dag.py:3089} INFO - Sync 1 DAGs
[2026-03-11T04:39:49.389+0000] {logging_mixin.py:188} INFO - [2026-03-11T04:39:49.387+0000] {dag.py:3947} INFO - Setting next_dagrun for 4_dag_PUSH_Updated_YML_To_Cortex to None, run_after=None
[2026-03-11T04:39:49.514+0000] {processor.py:183} INFO - Processing /home/cloud/codings/airflow/dags/4_dag_PUSH_Updated_YML_To_Cortex.py took 0.400 seconds
[2026-03-11T04:40:20.285+0000] {processor.py:161} INFO - Started process (PID=529278) to work on /home/cloud/codings/airflow/dags/4_dag_PUSH_Updated_YML_To_Cortex.py
[2026-03-11T04:40:20.287+0000] {processor.py:830} INFO - Processing file /home/cloud/codings/airflow/dags/4_dag_PUSH_Updated_YML_To_Cortex.py for tasks to queue
[2026-03-11T04:40:20.288+0000] {logging_mixin.py:188} INFO - [2026-03-11T04:40:20.287+0000] {dagbag.py:545} INFO - Filling up the DagBag from /home/cloud/codings/airflow/dags/4_dag_PUSH_Updated_YML_To_Cortex.py
[2026-03-11T04:40:20.315+0000] {processor.py:840} INFO - DAG(s) '4_dag_PUSH_Updated_YML_To_Cortex' retrieved from /home/cloud/codings/airflow/dags/4_dag_PUSH_Updated_YML_To_Cortex.py
[2026-03-11T04:40:20.333+0000] {logging_mixin.py:188} INFO - [2026-03-11T04:40:20.333+0000] {dag.py:3089} INFO - Sync 1 DAGs
[2026-03-11T04:40:20.347+0000] {logging_mixin.py:188} INFO - [2026-03-11T04:40:20.347+0000] {dag.py:3947} INFO - Setting next_dagrun for 4_dag_PUSH_Updated_YML_To_Cortex to None, run_after=None
[2026-03-11T04:40:20.378+0000] {processor.py:183} INFO - Processing /home/cloud/codings/airflow/dags/4_dag_PUSH_Updated_YML_To_Cortex.py took 0.104 seconds
[2026-03-11T04:40:50.978+0000] {processor.py:161} INFO - Started process (PID=529365) to work on /home/cloud/codings/airflow/dags/4_dag_PUSH_Updated_YML_To_Cortex.py
[2026-03-11T04:40:50.980+0000] {processor.py:830} INFO - Processing file /home/cloud/codings/airflow/dags/4_dag_PUSH_Updated_YML_To_Cortex.py for tasks to queue
[2026-03-11T04:40:50.982+0000] {logging_mixin.py:188} INFO - [2026-03-11T04:40:50.981+0000] {dagbag.py:545} INFO - Filling up the DagBag from /home/cloud/codings/airflow/dags/4_dag_PUSH_Updated_YML_To_Cortex.py
[2026-03-11T04:40:51.017+0000] {processor.py:840} INFO - DAG(s) '4_dag_PUSH_Updated_YML_To_Cortex' retrieved from /home/cloud/codings/airflow/dags/4_dag_PUSH_Updated_YML_To_Cortex.py
[2026-03-11T04:40:51.034+0000] {logging_mixin.py:188} INFO - [2026-03-11T04:40:51.033+0000] {dag.py:3089} INFO - Sync 1 DAGs
[2026-03-11T04:40:51.046+0000] {logging_mixin.py:188} INFO - [2026-03-11T04:40:51.045+0000] {dag.py:3947} INFO - Setting next_dagrun for 4_dag_PUSH_Updated_YML_To_Cortex to None, run_after=None
[2026-03-11T04:40:51.069+0000] {processor.py:183} INFO - Processing /home/cloud/codings/airflow/dags/4_dag_PUSH_Updated_YML_To_Cortex.py took 0.102 seconds
[2026-03-11T04:41:21.706+0000] {processor.py:161} INFO - Started process (PID=529388) to work on /home/cloud/codings/airflow/dags/4_dag_PUSH_Updated_YML_To_Cortex.py
[2026-03-11T04:41:21.735+0000] {processor.py:830} INFO - Processing file /home/cloud/codings/airflow/dags/4_dag_PUSH_Updated_YML_To_Cortex.py for tasks to queue
[2026-03-11T04:41:21.738+0000] {logging_mixin.py:188} INFO - [2026-03-11T04:41:21.737+0000] {dagbag.py:545} INFO - Filling up the DagBag from /home/cloud/codings/airflow/dags/4_dag_PUSH_Updated_YML_To_Cortex.py
[2026-03-11T04:41:21.825+0000] {processor.py:840} INFO - DAG(s) '4_dag_PUSH_Updated_YML_To_Cortex' retrieved from /home/cloud/codings/airflow/dags/4_dag_PUSH_Updated_YML_To_Cortex.py
[2026-03-11T04:41:21.883+0000] {logging_mixin.py:188} INFO - [2026-03-11T04:41:21.882+0000] {dag.py:3089} INFO - Sync 1 DAGs
[2026-03-11T04:41:21.930+0000] {logging_mixin.py:188} INFO - [2026-03-11T04:41:21.929+0000] {dag.py:3947} INFO - Setting next_dagrun for 4_dag_PUSH_Updated_YML_To_Cortex to None, run_after=None
[2026-03-11T04:41:21.986+0000] {processor.py:183} INFO - Processing /home/cloud/codings/airflow/dags/4_dag_PUSH_Updated_YML_To_Cortex.py took 0.320 seconds
[2026-03-11T04:41:53.154+0000] {processor.py:161} INFO - Started process (PID=529475) to work on /home/cloud/codings/airflow/dags/4_dag_PUSH_Updated_YML_To_Cortex.py
[2026-03-11T04:41:53.180+0000] {processor.py:830} INFO - Processing file /home/cloud/codings/airflow/dags/4_dag_PUSH_Updated_YML_To_Cortex.py for tasks to queue
[2026-03-11T04:41:53.183+0000] {logging_mixin.py:188} INFO - [2026-03-11T04:41:53.182+0000] {dagbag.py:545} INFO - Filling up the DagBag from /home/cloud/codings/airflow/dags/4_dag_PUSH_Updated_YML_To_Cortex.py
[2026-03-11T04:41:53.248+0000] {processor.py:840} INFO - DAG(s) '4_dag_PUSH_Updated_YML_To_Cortex' retrieved from /home/cloud/codings/airflow/dags/4_dag_PUSH_Updated_YML_To_Cortex.py
[2026-03-11T04:41:53.275+0000] {logging_mixin.py:188} INFO - [2026-03-11T04:41:53.275+0000] {dag.py:3089} INFO - Sync 1 DAGs
[2026-03-11T04:41:53.291+0000] {logging_mixin.py:188} INFO - [2026-03-11T04:41:53.291+0000] {dag.py:3947} INFO - Setting next_dagrun for 4_dag_PUSH_Updated_YML_To_Cortex to None, run_after=None
[2026-03-11T04:41:53.319+0000] {processor.py:183} INFO - Processing /home/cloud/codings/airflow/dags/4_dag_PUSH_Updated_YML_To_Cortex.py took 0.193 seconds
[2026-03-11T04:42:23.852+0000] {processor.py:161} INFO - Started process (PID=529500) to work on /home/cloud/codings/airflow/dags/4_dag_PUSH_Updated_YML_To_Cortex.py
[2026-03-11T04:42:23.864+0000] {processor.py:830} INFO - Processing file /home/cloud/codings/airflow/dags/4_dag_PUSH_Updated_YML_To_Cortex.py for tasks to queue
[2026-03-11T04:42:23.867+0000] {logging_mixin.py:188} INFO - [2026-03-11T04:42:23.866+0000] {dagbag.py:545} INFO - Filling up the DagBag from /home/cloud/codings/airflow/dags/4_dag_PUSH_Updated_YML_To_Cortex.py
[2026-03-11T04:42:23.912+0000] {processor.py:840} INFO - DAG(s) '4_dag_PUSH_Updated_YML_To_Cortex' retrieved from /home/cloud/codings/airflow/dags/4_dag_PUSH_Updated_YML_To_Cortex.py
[2026-03-11T04:42:23.946+0000] {logging_mixin.py:188} INFO - [2026-03-11T04:42:23.945+0000] {dag.py:3089} INFO - Sync 1 DAGs
[2026-03-11T04:42:23.970+0000] {logging_mixin.py:188} INFO - [2026-03-11T04:42:23.969+0000] {dag.py:3947} INFO - Setting next_dagrun for 4_dag_PUSH_Updated_YML_To_Cortex to None, run_after=None
[2026-03-11T04:42:24.016+0000] {processor.py:183} INFO - Processing /home/cloud/codings/airflow/dags/4_dag_PUSH_Updated_YML_To_Cortex.py took 0.173 seconds
[2026-03-11T04:42:54.426+0000] {processor.py:161} INFO - Started process (PID=529583) to work on /home/cloud/codings/airflow/dags/4_dag_PUSH_Updated_YML_To_Cortex.py
[2026-03-11T04:42:54.452+0000] {processor.py:830} INFO - Processing file /home/cloud/codings/airflow/dags/4_dag_PUSH_Updated_YML_To_Cortex.py for tasks to queue
[2026-03-11T04:42:54.454+0000] {logging_mixin.py:188} INFO - [2026-03-11T04:42:54.453+0000] {dagbag.py:545} INFO - Filling up the DagBag from /home/cloud/codings/airflow/dags/4_dag_PUSH_Updated_YML_To_Cortex.py
[2026-03-11T04:42:54.495+0000] {processor.py:840} INFO - DAG(s) '4_dag_PUSH_Updated_YML_To_Cortex' retrieved from /home/cloud/codings/airflow/dags/4_dag_PUSH_Updated_YML_To_Cortex.py
[2026-03-11T04:42:54.513+0000] {logging_mixin.py:188} INFO - [2026-03-11T04:42:54.513+0000] {dag.py:3089} INFO - Sync 1 DAGs
[2026-03-11T04:42:54.529+0000] {logging_mixin.py:188} INFO - [2026-03-11T04:42:54.529+0000] {dag.py:3947} INFO - Setting next_dagrun for 4_dag_PUSH_Updated_YML_To_Cortex to None, run_after=None
[2026-03-11T04:42:54.558+0000] {processor.py:183} INFO - Processing /home/cloud/codings/airflow/dags/4_dag_PUSH_Updated_YML_To_Cortex.py took 0.143 seconds
[2026-03-11T04:43:24.994+0000] {processor.py:161} INFO - Started process (PID=529606) to work on /home/cloud/codings/airflow/dags/4_dag_PUSH_Updated_YML_To_Cortex.py
[2026-03-11T04:43:25.021+0000] {processor.py:830} INFO - Processing file /home/cloud/codings/airflow/dags/4_dag_PUSH_Updated_YML_To_Cortex.py for tasks to queue
[2026-03-11T04:43:25.023+0000] {logging_mixin.py:188} INFO - [2026-03-11T04:43:25.022+0000] {dagbag.py:545} INFO - Filling up the DagBag from /home/cloud/codings/airflow/dags/4_dag_PUSH_Updated_YML_To_Cortex.py
[2026-03-11T04:43:25.072+0000] {processor.py:840} INFO - DAG(s) '4_dag_PUSH_Updated_YML_To_Cortex' retrieved from /home/cloud/codings/airflow/dags/4_dag_PUSH_Updated_YML_To_Cortex.py
[2026-03-11T04:43:25.094+0000] {logging_mixin.py:188} INFO - [2026-03-11T04:43:25.093+0000] {dag.py:3089} INFO - Sync 1 DAGs
[2026-03-11T04:43:25.108+0000] {logging_mixin.py:188} INFO - [2026-03-11T04:43:25.108+0000] {dag.py:3947} INFO - Setting next_dagrun for 4_dag_PUSH_Updated_YML_To_Cortex to None, run_after=None
[2026-03-11T04:43:25.149+0000] {processor.py:183} INFO - Processing /home/cloud/codings/airflow/dags/4_dag_PUSH_Updated_YML_To_Cortex.py took 0.179 seconds
[2026-03-11T04:43:55.473+0000] {processor.py:161} INFO - Started process (PID=529694) to work on /home/cloud/codings/airflow/dags/4_dag_PUSH_Updated_YML_To_Cortex.py
[2026-03-11T04:43:55.490+0000] {processor.py:830} INFO - Processing file /home/cloud/codings/airflow/dags/4_dag_PUSH_Updated_YML_To_Cortex.py for tasks to queue
[2026-03-11T04:43:55.491+0000] {logging_mixin.py:188} INFO - [2026-03-11T04:43:55.491+0000] {dagbag.py:545} INFO - Filling up the DagBag from /home/cloud/codings/airflow/dags/4_dag_PUSH_Updated_YML_To_Cortex.py
[2026-03-11T04:43:55.522+0000] {processor.py:840} INFO - DAG(s) '4_dag_PUSH_Updated_YML_To_Cortex' retrieved from /home/cloud/codings/airflow/dags/4_dag_PUSH_Updated_YML_To_Cortex.py
[2026-03-11T04:43:55.540+0000] {logging_mixin.py:188} INFO - [2026-03-11T04:43:55.539+0000] {dag.py:3089} INFO - Sync 1 DAGs
[2026-03-11T04:43:55.554+0000] {logging_mixin.py:188} INFO - [2026-03-11T04:43:55.553+0000] {dag.py:3947} INFO - Setting next_dagrun for 4_dag_PUSH_Updated_YML_To_Cortex to None, run_after=None
[2026-03-11T04:43:55.584+0000] {processor.py:183} INFO - Processing /home/cloud/codings/airflow/dags/4_dag_PUSH_Updated_YML_To_Cortex.py took 0.119 seconds
[2026-03-11T04:44:26.102+0000] {processor.py:161} INFO - Started process (PID=529719) to work on /home/cloud/codings/airflow/dags/4_dag_PUSH_Updated_YML_To_Cortex.py
[2026-03-11T04:44:26.120+0000] {processor.py:830} INFO - Processing file /home/cloud/codings/airflow/dags/4_dag_PUSH_Updated_YML_To_Cortex.py for tasks to queue
[2026-03-11T04:44:26.122+0000] {logging_mixin.py:188} INFO - [2026-03-11T04:44:26.121+0000] {dagbag.py:545} INFO - Filling up the DagBag from /home/cloud/codings/airflow/dags/4_dag_PUSH_Updated_YML_To_Cortex.py
[2026-03-11T04:44:26.162+0000] {processor.py:840} INFO - DAG(s) '4_dag_PUSH_Updated_YML_To_Cortex' retrieved from /home/cloud/codings/airflow/dags/4_dag_PUSH_Updated_YML_To_Cortex.py
[2026-03-11T04:44:26.189+0000] {logging_mixin.py:188} INFO - [2026-03-11T04:44:26.188+0000] {dag.py:3089} INFO - Sync 1 DAGs
[2026-03-11T04:44:26.211+0000] {logging_mixin.py:188} INFO - [2026-03-11T04:44:26.211+0000] {dag.py:3947} INFO - Setting next_dagrun for 4_dag_PUSH_Updated_YML_To_Cortex to None, run_after=None
[2026-03-11T04:44:26.263+0000] {processor.py:183} INFO - Processing /home/cloud/codings/airflow/dags/4_dag_PUSH_Updated_YML_To_Cortex.py took 0.169 seconds
[2026-03-11T04:44:56.622+0000] {processor.py:161} INFO - Started process (PID=529806) to work on /home/cloud/codings/airflow/dags/4_dag_PUSH_Updated_YML_To_Cortex.py
[2026-03-11T04:44:56.624+0000] {processor.py:830} INFO - Processing file /home/cloud/codings/airflow/dags/4_dag_PUSH_Updated_YML_To_Cortex.py for tasks to queue
[2026-03-11T04:44:56.626+0000] {logging_mixin.py:188} INFO - [2026-03-11T04:44:56.625+0000] {dagbag.py:545} INFO - Filling up the DagBag from /home/cloud/codings/airflow/dags/4_dag_PUSH_Updated_YML_To_Cortex.py
[2026-03-11T04:44:56.661+0000] {processor.py:840} INFO - DAG(s) '4_dag_PUSH_Updated_YML_To_Cortex' retrieved from /home/cloud/codings/airflow/dags/4_dag_PUSH_Updated_YML_To_Cortex.py
[2026-03-11T04:44:56.680+0000] {logging_mixin.py:188} INFO - [2026-03-11T04:44:56.680+0000] {dag.py:3089} INFO - Sync 1 DAGs
[2026-03-11T04:44:56.696+0000] {logging_mixin.py:188} INFO - [2026-03-11T04:44:56.695+0000] {dag.py:3947} INFO - Setting next_dagrun for 4_dag_PUSH_Updated_YML_To_Cortex to None, run_after=None
[2026-03-11T04:44:56.721+0000] {processor.py:183} INFO - Processing /home/cloud/codings/airflow/dags/4_dag_PUSH_Updated_YML_To_Cortex.py took 0.114 seconds
[2026-03-11T04:45:27.335+0000] {processor.py:161} INFO - Started process (PID=529885) to work on /home/cloud/codings/airflow/dags/4_dag_PUSH_Updated_YML_To_Cortex.py
[2026-03-11T04:45:27.355+0000] {processor.py:830} INFO - Processing file /home/cloud/codings/airflow/dags/4_dag_PUSH_Updated_YML_To_Cortex.py for tasks to queue
[2026-03-11T04:45:27.361+0000] {logging_mixin.py:188} INFO - [2026-03-11T04:45:27.359+0000] {dagbag.py:545} INFO - Filling up the DagBag from /home/cloud/codings/airflow/dags/4_dag_PUSH_Updated_YML_To_Cortex.py
[2026-03-11T04:45:27.436+0000] {processor.py:840} INFO - DAG(s) '4_dag_PUSH_Updated_YML_To_Cortex' retrieved from /home/cloud/codings/airflow/dags/4_dag_PUSH_Updated_YML_To_Cortex.py
[2026-03-11T04:45:27.477+0000] {logging_mixin.py:188} INFO - [2026-03-11T04:45:27.476+0000] {dag.py:3089} INFO - Sync 1 DAGs
[2026-03-11T04:45:27.515+0000] {logging_mixin.py:188} INFO - [2026-03-11T04:45:27.514+0000] {dag.py:3947} INFO - Setting next_dagrun for 4_dag_PUSH_Updated_YML_To_Cortex to None, run_after=None
[2026-03-11T04:45:27.596+0000] {processor.py:183} INFO - Processing /home/cloud/codings/airflow/dags/4_dag_PUSH_Updated_YML_To_Cortex.py took 0.288 seconds
[2026-03-11T04:45:58.190+0000] {processor.py:161} INFO - Started process (PID=529970) to work on /home/cloud/codings/airflow/dags/4_dag_PUSH_Updated_YML_To_Cortex.py
[2026-03-11T04:45:58.195+0000] {processor.py:830} INFO - Processing file /home/cloud/codings/airflow/dags/4_dag_PUSH_Updated_YML_To_Cortex.py for tasks to queue
[2026-03-11T04:45:58.199+0000] {logging_mixin.py:188} INFO - [2026-03-11T04:45:58.197+0000] {dagbag.py:545} INFO - Filling up the DagBag from /home/cloud/codings/airflow/dags/4_dag_PUSH_Updated_YML_To_Cortex.py
[2026-03-11T04:45:58.298+0000] {processor.py:840} INFO - DAG(s) '4_dag_PUSH_Updated_YML_To_Cortex' retrieved from /home/cloud/codings/airflow/dags/4_dag_PUSH_Updated_YML_To_Cortex.py
[2026-03-11T04:45:58.332+0000] {logging_mixin.py:188} INFO - [2026-03-11T04:45:58.331+0000] {dag.py:3089} INFO - Sync 1 DAGs
[2026-03-11T04:45:58.351+0000] {logging_mixin.py:188} INFO - [2026-03-11T04:45:58.351+0000] {dag.py:3947} INFO - Setting next_dagrun for 4_dag_PUSH_Updated_YML_To_Cortex to None, run_after=None
[2026-03-11T04:45:58.402+0000] {processor.py:183} INFO - Processing /home/cloud/codings/airflow/dags/4_dag_PUSH_Updated_YML_To_Cortex.py took 0.237 seconds
[2026-03-11T04:46:28.760+0000] {processor.py:161} INFO - Started process (PID=529995) to work on /home/cloud/codings/airflow/dags/4_dag_PUSH_Updated_YML_To_Cortex.py
[2026-03-11T04:46:28.789+0000] {processor.py:830} INFO - Processing file /home/cloud/codings/airflow/dags/4_dag_PUSH_Updated_YML_To_Cortex.py for tasks to queue
[2026-03-11T04:46:28.791+0000] {logging_mixin.py:188} INFO - [2026-03-11T04:46:28.790+0000] {dagbag.py:545} INFO - Filling up the DagBag from /home/cloud/codings/airflow/dags/4_dag_PUSH_Updated_YML_To_Cortex.py
[2026-03-11T04:46:28.866+0000] {processor.py:840} INFO - DAG(s) '4_dag_PUSH_Updated_YML_To_Cortex' retrieved from /home/cloud/codings/airflow/dags/4_dag_PUSH_Updated_YML_To_Cortex.py
[2026-03-11T04:46:28.898+0000] {logging_mixin.py:188} INFO - [2026-03-11T04:46:28.898+0000] {dag.py:3089} INFO - Sync 1 DAGs
[2026-03-11T04:46:28.927+0000] {logging_mixin.py:188} INFO - [2026-03-11T04:46:28.926+0000] {dag.py:3947} INFO - Setting next_dagrun for 4_dag_PUSH_Updated_YML_To_Cortex to None, run_after=None
[2026-03-11T04:46:28.977+0000] {processor.py:183} INFO - Processing /home/cloud/codings/airflow/dags/4_dag_PUSH_Updated_YML_To_Cortex.py took 0.243 seconds
[2026-03-11T04:46:59.377+0000] {processor.py:161} INFO - Started process (PID=530082) to work on /home/cloud/codings/airflow/dags/4_dag_PUSH_Updated_YML_To_Cortex.py
[2026-03-11T04:46:59.397+0000] {processor.py:830} INFO - Processing file /home/cloud/codings/airflow/dags/4_dag_PUSH_Updated_YML_To_Cortex.py for tasks to queue
[2026-03-11T04:46:59.401+0000] {logging_mixin.py:188} INFO - [2026-03-11T04:46:59.399+0000] {dagbag.py:545} INFO - Filling up the DagBag from /home/cloud/codings/airflow/dags/4_dag_PUSH_Updated_YML_To_Cortex.py
[2026-03-11T04:46:59.488+0000] {processor.py:840} INFO - DAG(s) '4_dag_PUSH_Updated_YML_To_Cortex' retrieved from /home/cloud/codings/airflow/dags/4_dag_PUSH_Updated_YML_To_Cortex.py
[2026-03-11T04:46:59.533+0000] {logging_mixin.py:188} INFO - [2026-03-11T04:46:59.533+0000] {dag.py:3089} INFO - Sync 1 DAGs
[2026-03-11T04:46:59.562+0000] {logging_mixin.py:188} INFO - [2026-03-11T04:46:59.562+0000] {dag.py:3947} INFO - Setting next_dagrun for 4_dag_PUSH_Updated_YML_To_Cortex to None, run_after=None
[2026-03-11T04:46:59.648+0000] {processor.py:183} INFO - Processing /home/cloud/codings/airflow/dags/4_dag_PUSH_Updated_YML_To_Cortex.py took 0.295 seconds
[2026-03-11T04:47:30.040+0000] {processor.py:161} INFO - Started process (PID=530105) to work on /home/cloud/codings/airflow/dags/4_dag_PUSH_Updated_YML_To_Cortex.py
[2026-03-11T04:47:30.046+0000] {processor.py:830} INFO - Processing file /home/cloud/codings/airflow/dags/4_dag_PUSH_Updated_YML_To_Cortex.py for tasks to queue
[2026-03-11T04:47:30.051+0000] {logging_mixin.py:188} INFO - [2026-03-11T04:47:30.048+0000] {dagbag.py:545} INFO - Filling up the DagBag from /home/cloud/codings/airflow/dags/4_dag_PUSH_Updated_YML_To_Cortex.py
[2026-03-11T04:47:30.113+0000] {processor.py:840} INFO - DAG(s) '4_dag_PUSH_Updated_YML_To_Cortex' retrieved from /home/cloud/codings/airflow/dags/4_dag_PUSH_Updated_YML_To_Cortex.py
[2026-03-11T04:47:30.142+0000] {logging_mixin.py:188} INFO - [2026-03-11T04:47:30.141+0000] {dag.py:3089} INFO - Sync 1 DAGs
[2026-03-11T04:47:30.165+0000] {logging_mixin.py:188} INFO - [2026-03-11T04:47:30.165+0000] {dag.py:3947} INFO - Setting next_dagrun for 4_dag_PUSH_Updated_YML_To_Cortex to None, run_after=None
[2026-03-11T04:47:30.223+0000] {processor.py:183} INFO - Processing /home/cloud/codings/airflow/dags/4_dag_PUSH_Updated_YML_To_Cortex.py took 0.208 seconds
[2026-03-11T04:48:00.780+0000] {processor.py:161} INFO - Started process (PID=530192) to work on /home/cloud/codings/airflow/dags/4_dag_PUSH_Updated_YML_To_Cortex.py
[2026-03-11T04:48:00.798+0000] {processor.py:830} INFO - Processing file /home/cloud/codings/airflow/dags/4_dag_PUSH_Updated_YML_To_Cortex.py for tasks to queue
[2026-03-11T04:48:00.800+0000] {logging_mixin.py:188} INFO - [2026-03-11T04:48:00.799+0000] {dagbag.py:545} INFO - Filling up the DagBag from /home/cloud/codings/airflow/dags/4_dag_PUSH_Updated_YML_To_Cortex.py
[2026-03-11T04:48:00.827+0000] {processor.py:840} INFO - DAG(s) '4_dag_PUSH_Updated_YML_To_Cortex' retrieved from /home/cloud/codings/airflow/dags/4_dag_PUSH_Updated_YML_To_Cortex.py
[2026-03-11T04:48:00.843+0000] {logging_mixin.py:188} INFO - [2026-03-11T04:48:00.842+0000] {dag.py:3089} INFO - Sync 1 DAGs
[2026-03-11T04:48:00.858+0000] {logging_mixin.py:188} INFO - [2026-03-11T04:48:00.857+0000] {dag.py:3947} INFO - Setting next_dagrun for 4_dag_PUSH_Updated_YML_To_Cortex to None, run_after=None
[2026-03-11T04:48:00.890+0000] {processor.py:183} INFO - Processing /home/cloud/codings/airflow/dags/4_dag_PUSH_Updated_YML_To_Cortex.py took 0.121 seconds
[2026-03-11T04:48:31.281+0000] {processor.py:161} INFO - Started process (PID=530211) to work on /home/cloud/codings/airflow/dags/4_dag_PUSH_Updated_YML_To_Cortex.py
[2026-03-11T04:48:31.285+0000] {processor.py:830} INFO - Processing file /home/cloud/codings/airflow/dags/4_dag_PUSH_Updated_YML_To_Cortex.py for tasks to queue
[2026-03-11T04:48:31.287+0000] {logging_mixin.py:188} INFO - [2026-03-11T04:48:31.286+0000] {dagbag.py:545} INFO - Filling up the DagBag from /home/cloud/codings/airflow/dags/4_dag_PUSH_Updated_YML_To_Cortex.py
[2026-03-11T04:48:31.316+0000] {processor.py:840} INFO - DAG(s) '4_dag_PUSH_Updated_YML_To_Cortex' retrieved from /home/cloud/codings/airflow/dags/4_dag_PUSH_Updated_YML_To_Cortex.py
[2026-03-11T04:48:31.333+0000] {logging_mixin.py:188} INFO - [2026-03-11T04:48:31.332+0000] {dag.py:3089} INFO - Sync 1 DAGs
[2026-03-11T04:48:31.346+0000] {logging_mixin.py:188} INFO - [2026-03-11T04:48:31.346+0000] {dag.py:3947} INFO - Setting next_dagrun for 4_dag_PUSH_Updated_YML_To_Cortex to None, run_after=None
[2026-03-11T04:48:31.369+0000] {processor.py:183} INFO - Processing /home/cloud/codings/airflow/dags/4_dag_PUSH_Updated_YML_To_Cortex.py took 0.103 seconds
[2026-03-11T04:49:01.871+0000] {processor.py:161} INFO - Started process (PID=530298) to work on /home/cloud/codings/airflow/dags/4_dag_PUSH_Updated_YML_To_Cortex.py
[2026-03-11T04:49:01.873+0000] {processor.py:830} INFO - Processing file /home/cloud/codings/airflow/dags/4_dag_PUSH_Updated_YML_To_Cortex.py for tasks to queue
[2026-03-11T04:49:01.875+0000] {logging_mixin.py:188} INFO - [2026-03-11T04:49:01.874+0000] {dagbag.py:545} INFO - Filling up the DagBag from /home/cloud/codings/airflow/dags/4_dag_PUSH_Updated_YML_To_Cortex.py
[2026-03-11T04:49:01.901+0000] {processor.py:840} INFO - DAG(s) '4_dag_PUSH_Updated_YML_To_Cortex' retrieved from /home/cloud/codings/airflow/dags/4_dag_PUSH_Updated_YML_To_Cortex.py
[2026-03-11T04:49:01.917+0000] {logging_mixin.py:188} INFO - [2026-03-11T04:49:01.917+0000] {dag.py:3089} INFO - Sync 1 DAGs
[2026-03-11T04:49:01.930+0000] {logging_mixin.py:188} INFO - [2026-03-11T04:49:01.930+0000] {dag.py:3947} INFO - Setting next_dagrun for 4_dag_PUSH_Updated_YML_To_Cortex to None, run_after=None
[2026-03-11T04:49:01.953+0000] {processor.py:183} INFO - Processing /home/cloud/codings/airflow/dags/4_dag_PUSH_Updated_YML_To_Cortex.py took 0.093 seconds
[2026-03-11T04:49:32.307+0000] {processor.py:161} INFO - Started process (PID=530323) to work on /home/cloud/codings/airflow/dags/4_dag_PUSH_Updated_YML_To_Cortex.py
[2026-03-11T04:49:32.309+0000] {processor.py:830} INFO - Processing file /home/cloud/codings/airflow/dags/4_dag_PUSH_Updated_YML_To_Cortex.py for tasks to queue
[2026-03-11T04:49:32.310+0000] {logging_mixin.py:188} INFO - [2026-03-11T04:49:32.309+0000] {dagbag.py:545} INFO - Filling up the DagBag from /home/cloud/codings/airflow/dags/4_dag_PUSH_Updated_YML_To_Cortex.py
[2026-03-11T04:49:32.414+0000] {processor.py:840} INFO - DAG(s) '4_dag_PUSH_Updated_YML_To_Cortex' retrieved from /home/cloud/codings/airflow/dags/4_dag_PUSH_Updated_YML_To_Cortex.py
[2026-03-11T04:49:32.461+0000] {logging_mixin.py:188} INFO - [2026-03-11T04:49:32.461+0000] {dag.py:3089} INFO - Sync 1 DAGs
[2026-03-11T04:49:32.477+0000] {logging_mixin.py:188} INFO - [2026-03-11T04:49:32.477+0000] {dag.py:3947} INFO - Setting next_dagrun for 4_dag_PUSH_Updated_YML_To_Cortex to None, run_after=None
[2026-03-11T04:49:32.530+0000] {processor.py:183} INFO - Processing /home/cloud/codings/airflow/dags/4_dag_PUSH_Updated_YML_To_Cortex.py took 0.242 seconds
[2026-03-11T04:50:03.457+0000] {processor.py:161} INFO - Started process (PID=530435) to work on /home/cloud/codings/airflow/dags/4_dag_PUSH_Updated_YML_To_Cortex.py
[2026-03-11T04:50:03.484+0000] {processor.py:830} INFO - Processing file /home/cloud/codings/airflow/dags/4_dag_PUSH_Updated_YML_To_Cortex.py for tasks to queue
[2026-03-11T04:50:03.487+0000] {logging_mixin.py:188} INFO - [2026-03-11T04:50:03.486+0000] {dagbag.py:545} INFO - Filling up the DagBag from /home/cloud/codings/airflow/dags/4_dag_PUSH_Updated_YML_To_Cortex.py
[2026-03-11T04:50:03.523+0000] {processor.py:840} INFO - DAG(s) '4_dag_PUSH_Updated_YML_To_Cortex' retrieved from /home/cloud/codings/airflow/dags/4_dag_PUSH_Updated_YML_To_Cortex.py
[2026-03-11T04:50:03.538+0000] {logging_mixin.py:188} INFO - [2026-03-11T04:50:03.538+0000] {dag.py:3089} INFO - Sync 1 DAGs
[2026-03-11T04:50:03.549+0000] {logging_mixin.py:188} INFO - [2026-03-11T04:50:03.549+0000] {dag.py:3947} INFO - Setting next_dagrun for 4_dag_PUSH_Updated_YML_To_Cortex to None, run_after=None
[2026-03-11T04:50:03.573+0000] {processor.py:183} INFO - Processing /home/cloud/codings/airflow/dags/4_dag_PUSH_Updated_YML_To_Cortex.py took 0.130 seconds
[2026-03-11T04:50:34.651+0000] {processor.py:161} INFO - Started process (PID=530497) to work on /home/cloud/codings/airflow/dags/4_dag_PUSH_Updated_YML_To_Cortex.py
[2026-03-11T04:50:34.680+0000] {processor.py:830} INFO - Processing file /home/cloud/codings/airflow/dags/4_dag_PUSH_Updated_YML_To_Cortex.py for tasks to queue
[2026-03-11T04:50:34.682+0000] {logging_mixin.py:188} INFO - [2026-03-11T04:50:34.681+0000] {dagbag.py:545} INFO - Filling up the DagBag from /home/cloud/codings/airflow/dags/4_dag_PUSH_Updated_YML_To_Cortex.py
[2026-03-11T04:50:34.736+0000] {processor.py:840} INFO - DAG(s) '4_dag_PUSH_Updated_YML_To_Cortex' retrieved from /home/cloud/codings/airflow/dags/4_dag_PUSH_Updated_YML_To_Cortex.py
[2026-03-11T04:50:34.755+0000] {logging_mixin.py:188} INFO - [2026-03-11T04:50:34.755+0000] {dag.py:3089} INFO - Sync 1 DAGs
[2026-03-11T04:50:34.770+0000] {logging_mixin.py:188} INFO - [2026-03-11T04:50:34.769+0000] {dag.py:3947} INFO - Setting next_dagrun for 4_dag_PUSH_Updated_YML_To_Cortex to None, run_after=None
[2026-03-11T04:50:34.796+0000] {processor.py:183} INFO - Processing /home/cloud/codings/airflow/dags/4_dag_PUSH_Updated_YML_To_Cortex.py took 0.172 seconds
[2026-03-11T04:51:05.163+0000] {processor.py:161} INFO - Started process (PID=530576) to work on /home/cloud/codings/airflow/dags/4_dag_PUSH_Updated_YML_To_Cortex.py
[2026-03-11T04:51:05.165+0000] {processor.py:830} INFO - Processing file /home/cloud/codings/airflow/dags/4_dag_PUSH_Updated_YML_To_Cortex.py for tasks to queue
[2026-03-11T04:51:05.167+0000] {logging_mixin.py:188} INFO - [2026-03-11T04:51:05.166+0000] {dagbag.py:545} INFO - Filling up the DagBag from /home/cloud/codings/airflow/dags/4_dag_PUSH_Updated_YML_To_Cortex.py
[2026-03-11T04:51:05.214+0000] {processor.py:840} INFO - DAG(s) '4_dag_PUSH_Updated_YML_To_Cortex' retrieved from /home/cloud/codings/airflow/dags/4_dag_PUSH_Updated_YML_To_Cortex.py
[2026-03-11T04:51:05.242+0000] {logging_mixin.py:188} INFO - [2026-03-11T04:51:05.241+0000] {dag.py:3089} INFO - Sync 1 DAGs
[2026-03-11T04:51:05.255+0000] {logging_mixin.py:188} INFO - [2026-03-11T04:51:05.255+0000] {dag.py:3947} INFO - Setting next_dagrun for 4_dag_PUSH_Updated_YML_To_Cortex to None, run_after=None
[2026-03-11T04:51:05.288+0000] {processor.py:183} INFO - Processing /home/cloud/codings/airflow/dags/4_dag_PUSH_Updated_YML_To_Cortex.py took 0.135 seconds
[2026-03-11T04:51:35.954+0000] {processor.py:161} INFO - Started process (PID=530599) to work on /home/cloud/codings/airflow/dags/4_dag_PUSH_Updated_YML_To_Cortex.py
[2026-03-11T04:51:35.967+0000] {processor.py:830} INFO - Processing file /home/cloud/codings/airflow/dags/4_dag_PUSH_Updated_YML_To_Cortex.py for tasks to queue
[2026-03-11T04:51:35.969+0000] {logging_mixin.py:188} INFO - [2026-03-11T04:51:35.968+0000] {dagbag.py:545} INFO - Filling up the DagBag from /home/cloud/codings/airflow/dags/4_dag_PUSH_Updated_YML_To_Cortex.py
[2026-03-11T04:51:36.004+0000] {processor.py:840} INFO - DAG(s) '4_dag_PUSH_Updated_YML_To_Cortex' retrieved from /home/cloud/codings/airflow/dags/4_dag_PUSH_Updated_YML_To_Cortex.py
[2026-03-11T04:51:36.020+0000] {logging_mixin.py:188} INFO - [2026-03-11T04:51:36.019+0000] {dag.py:3089} INFO - Sync 1 DAGs
[2026-03-11T04:51:36.032+0000] {logging_mixin.py:188} INFO - [2026-03-11T04:51:36.032+0000] {dag.py:3947} INFO - Setting next_dagrun for 4_dag_PUSH_Updated_YML_To_Cortex to None, run_after=None
[2026-03-11T04:51:36.055+0000] {processor.py:183} INFO - Processing /home/cloud/codings/airflow/dags/4_dag_PUSH_Updated_YML_To_Cortex.py took 0.112 seconds
[2026-03-11T04:52:06.267+0000] {processor.py:161} INFO - Started process (PID=530707) to work on /home/cloud/codings/airflow/dags/4_dag_PUSH_Updated_YML_To_Cortex.py
[2026-03-11T04:52:06.269+0000] {processor.py:830} INFO - Processing file /home/cloud/codings/airflow/dags/4_dag_PUSH_Updated_YML_To_Cortex.py for tasks to queue
[2026-03-11T04:52:06.271+0000] {logging_mixin.py:188} INFO - [2026-03-11T04:52:06.270+0000] {dagbag.py:545} INFO - Filling up the DagBag from /home/cloud/codings/airflow/dags/4_dag_PUSH_Updated_YML_To_Cortex.py
[2026-03-11T04:52:06.307+0000] {processor.py:840} INFO - DAG(s) '4_dag_PUSH_Updated_YML_To_Cortex' retrieved from /home/cloud/codings/airflow/dags/4_dag_PUSH_Updated_YML_To_Cortex.py
[2026-03-11T04:52:06.328+0000] {logging_mixin.py:188} INFO - [2026-03-11T04:52:06.328+0000] {dag.py:3089} INFO - Sync 1 DAGs
[2026-03-11T04:52:06.342+0000] {logging_mixin.py:188} INFO - [2026-03-11T04:52:06.341+0000] {dag.py:3947} INFO - Setting next_dagrun for 4_dag_PUSH_Updated_YML_To_Cortex to None, run_after=None
[2026-03-11T04:52:06.386+0000] {processor.py:183} INFO - Processing /home/cloud/codings/airflow/dags/4_dag_PUSH_Updated_YML_To_Cortex.py took 0.135 seconds
[2026-03-11T04:52:37.065+0000] {processor.py:161} INFO - Started process (PID=530734) to work on /home/cloud/codings/airflow/dags/4_dag_PUSH_Updated_YML_To_Cortex.py
[2026-03-11T04:52:37.068+0000] {processor.py:830} INFO - Processing file /home/cloud/codings/airflow/dags/4_dag_PUSH_Updated_YML_To_Cortex.py for tasks to queue
[2026-03-11T04:52:37.070+0000] {logging_mixin.py:188} INFO - [2026-03-11T04:52:37.069+0000] {dagbag.py:545} INFO - Filling up the DagBag from /home/cloud/codings/airflow/dags/4_dag_PUSH_Updated_YML_To_Cortex.py
[2026-03-11T04:52:37.107+0000] {processor.py:840} INFO - DAG(s) '4_dag_PUSH_Updated_YML_To_Cortex' retrieved from /home/cloud/codings/airflow/dags/4_dag_PUSH_Updated_YML_To_Cortex.py
[2026-03-11T04:52:37.134+0000] {logging_mixin.py:188} INFO - [2026-03-11T04:52:37.133+0000] {dag.py:3089} INFO - Sync 1 DAGs
[2026-03-11T04:52:37.152+0000] {logging_mixin.py:188} INFO - [2026-03-11T04:52:37.152+0000] {dag.py:3947} INFO - Setting next_dagrun for 4_dag_PUSH_Updated_YML_To_Cortex to None, run_after=None
[2026-03-11T04:52:37.181+0000] {processor.py:183} INFO - Processing /home/cloud/codings/airflow/dags/4_dag_PUSH_Updated_YML_To_Cortex.py took 0.127 seconds
[2026-03-11T04:53:07.795+0000] {processor.py:161} INFO - Started process (PID=530821) to work on /home/cloud/codings/airflow/dags/4_dag_PUSH_Updated_YML_To_Cortex.py
[2026-03-11T04:53:07.827+0000] {processor.py:830} INFO - Processing file /home/cloud/codings/airflow/dags/4_dag_PUSH_Updated_YML_To_Cortex.py for tasks to queue
[2026-03-11T04:53:07.831+0000] {logging_mixin.py:188} INFO - [2026-03-11T04:53:07.829+0000] {dagbag.py:545} INFO - Filling up the DagBag from /home/cloud/codings/airflow/dags/4_dag_PUSH_Updated_YML_To_Cortex.py
[2026-03-11T04:53:07.924+0000] {processor.py:840} INFO - DAG(s) '4_dag_PUSH_Updated_YML_To_Cortex' retrieved from /home/cloud/codings/airflow/dags/4_dag_PUSH_Updated_YML_To_Cortex.py
[2026-03-11T04:53:07.958+0000] {logging_mixin.py:188} INFO - [2026-03-11T04:53:07.957+0000] {dag.py:3089} INFO - Sync 1 DAGs
[2026-03-11T04:53:07.987+0000] {logging_mixin.py:188} INFO - [2026-03-11T04:53:07.987+0000] {dag.py:3947} INFO - Setting next_dagrun for 4_dag_PUSH_Updated_YML_To_Cortex to None, run_after=None
[2026-03-11T04:53:08.091+0000] {processor.py:183} INFO - Processing /home/cloud/codings/airflow/dags/4_dag_PUSH_Updated_YML_To_Cortex.py took 0.322 seconds
[2026-03-11T04:53:38.356+0000] {processor.py:161} INFO - Started process (PID=530844) to work on /home/cloud/codings/airflow/dags/4_dag_PUSH_Updated_YML_To_Cortex.py
[2026-03-11T04:53:38.377+0000] {processor.py:830} INFO - Processing file /home/cloud/codings/airflow/dags/4_dag_PUSH_Updated_YML_To_Cortex.py for tasks to queue
[2026-03-11T04:53:38.379+0000] {logging_mixin.py:188} INFO - [2026-03-11T04:53:38.378+0000] {dagbag.py:545} INFO - Filling up the DagBag from /home/cloud/codings/airflow/dags/4_dag_PUSH_Updated_YML_To_Cortex.py
[2026-03-11T04:53:38.407+0000] {processor.py:840} INFO - DAG(s) '4_dag_PUSH_Updated_YML_To_Cortex' retrieved from /home/cloud/codings/airflow/dags/4_dag_PUSH_Updated_YML_To_Cortex.py
[2026-03-11T04:53:38.425+0000] {logging_mixin.py:188} INFO - [2026-03-11T04:53:38.424+0000] {dag.py:3089} INFO - Sync 1 DAGs
[2026-03-11T04:53:38.439+0000] {logging_mixin.py:188} INFO - [2026-03-11T04:53:38.439+0000] {dag.py:3947} INFO - Setting next_dagrun for 4_dag_PUSH_Updated_YML_To_Cortex to None, run_after=None
[2026-03-11T04:53:38.466+0000] {processor.py:183} INFO - Processing /home/cloud/codings/airflow/dags/4_dag_PUSH_Updated_YML_To_Cortex.py took 0.119 seconds
[2026-03-11T04:54:08.988+0000] {processor.py:161} INFO - Started process (PID=530923) to work on /home/cloud/codings/airflow/dags/4_dag_PUSH_Updated_YML_To_Cortex.py
[2026-03-11T04:54:09.017+0000] {processor.py:830} INFO - Processing file /home/cloud/codings/airflow/dags/4_dag_PUSH_Updated_YML_To_Cortex.py for tasks to queue
[2026-03-11T04:54:09.019+0000] {logging_mixin.py:188} INFO - [2026-03-11T04:54:09.019+0000] {dagbag.py:545} INFO - Filling up the DagBag from /home/cloud/codings/airflow/dags/4_dag_PUSH_Updated_YML_To_Cortex.py
[2026-03-11T04:54:09.058+0000] {processor.py:840} INFO - DAG(s) '4_dag_PUSH_Updated_YML_To_Cortex' retrieved from /home/cloud/codings/airflow/dags/4_dag_PUSH_Updated_YML_To_Cortex.py
[2026-03-11T04:54:09.083+0000] {logging_mixin.py:188} INFO - [2026-03-11T04:54:09.083+0000] {dag.py:3089} INFO - Sync 1 DAGs
[2026-03-11T04:54:09.103+0000] {logging_mixin.py:188} INFO - [2026-03-11T04:54:09.103+0000] {dag.py:3947} INFO - Setting next_dagrun for 4_dag_PUSH_Updated_YML_To_Cortex to None, run_after=None
[2026-03-11T04:54:09.128+0000] {processor.py:183} INFO - Processing /home/cloud/codings/airflow/dags/4_dag_PUSH_Updated_YML_To_Cortex.py took 0.150 seconds
[2026-03-11T04:54:39.509+0000] {processor.py:161} INFO - Started process (PID=530952) to work on /home/cloud/codings/airflow/dags/4_dag_PUSH_Updated_YML_To_Cortex.py
[2026-03-11T04:54:39.533+0000] {processor.py:830} INFO - Processing file /home/cloud/codings/airflow/dags/4_dag_PUSH_Updated_YML_To_Cortex.py for tasks to queue
[2026-03-11T04:54:39.537+0000] {logging_mixin.py:188} INFO - [2026-03-11T04:54:39.535+0000] {dagbag.py:545} INFO - Filling up the DagBag from /home/cloud/codings/airflow/dags/4_dag_PUSH_Updated_YML_To_Cortex.py
[2026-03-11T04:54:39.603+0000] {processor.py:840} INFO - DAG(s) '4_dag_PUSH_Updated_YML_To_Cortex' retrieved from /home/cloud/codings/airflow/dags/4_dag_PUSH_Updated_YML_To_Cortex.py
[2026-03-11T04:54:39.630+0000] {logging_mixin.py:188} INFO - [2026-03-11T04:54:39.630+0000] {dag.py:3089} INFO - Sync 1 DAGs
[2026-03-11T04:54:39.644+0000] {logging_mixin.py:188} INFO - [2026-03-11T04:54:39.643+0000] {dag.py:3947} INFO - Setting next_dagrun for 4_dag_PUSH_Updated_YML_To_Cortex to None, run_after=None
[2026-03-11T04:54:39.701+0000] {processor.py:183} INFO - Processing /home/cloud/codings/airflow/dags/4_dag_PUSH_Updated_YML_To_Cortex.py took 0.205 seconds
[2026-03-11T04:55:10.026+0000] {processor.py:161} INFO - Started process (PID=531097) to work on /home/cloud/codings/airflow/dags/4_dag_PUSH_Updated_YML_To_Cortex.py
[2026-03-11T04:55:10.051+0000] {processor.py:830} INFO - Processing file /home/cloud/codings/airflow/dags/4_dag_PUSH_Updated_YML_To_Cortex.py for tasks to queue
[2026-03-11T04:55:10.053+0000] {logging_mixin.py:188} INFO - [2026-03-11T04:55:10.052+0000] {dagbag.py:545} INFO - Filling up the DagBag from /home/cloud/codings/airflow/dags/4_dag_PUSH_Updated_YML_To_Cortex.py
[2026-03-11T04:55:10.091+0000] {processor.py:840} INFO - DAG(s) '4_dag_PUSH_Updated_YML_To_Cortex' retrieved from /home/cloud/codings/airflow/dags/4_dag_PUSH_Updated_YML_To_Cortex.py
[2026-03-11T04:55:10.111+0000] {logging_mixin.py:188} INFO - [2026-03-11T04:55:10.111+0000] {dag.py:3089} INFO - Sync 1 DAGs
[2026-03-11T04:55:10.123+0000] {logging_mixin.py:188} INFO - [2026-03-11T04:55:10.123+0000] {dag.py:3947} INFO - Setting next_dagrun for 4_dag_PUSH_Updated_YML_To_Cortex to None, run_after=None
[2026-03-11T04:55:10.146+0000] {processor.py:183} INFO - Processing /home/cloud/codings/airflow/dags/4_dag_PUSH_Updated_YML_To_Cortex.py took 0.130 seconds
[2026-03-11T04:55:40.603+0000] {processor.py:161} INFO - Started process (PID=531122) to work on /home/cloud/codings/airflow/dags/4_dag_PUSH_Updated_YML_To_Cortex.py
[2026-03-11T04:55:40.607+0000] {processor.py:830} INFO - Processing file /home/cloud/codings/airflow/dags/4_dag_PUSH_Updated_YML_To_Cortex.py for tasks to queue
[2026-03-11T04:55:40.610+0000] {logging_mixin.py:188} INFO - [2026-03-11T04:55:40.608+0000] {dagbag.py:545} INFO - Filling up the DagBag from /home/cloud/codings/airflow/dags/4_dag_PUSH_Updated_YML_To_Cortex.py
[2026-03-11T04:55:40.691+0000] {processor.py:840} INFO - DAG(s) '4_dag_PUSH_Updated_YML_To_Cortex' retrieved from /home/cloud/codings/airflow/dags/4_dag_PUSH_Updated_YML_To_Cortex.py
[2026-03-11T04:55:40.727+0000] {logging_mixin.py:188} INFO - [2026-03-11T04:55:40.727+0000] {dag.py:3089} INFO - Sync 1 DAGs
[2026-03-11T04:55:40.745+0000] {logging_mixin.py:188} INFO - [2026-03-11T04:55:40.744+0000] {dag.py:3947} INFO - Setting next_dagrun for 4_dag_PUSH_Updated_YML_To_Cortex to None, run_after=None
[2026-03-11T04:55:40.808+0000] {processor.py:183} INFO - Processing /home/cloud/codings/airflow/dags/4_dag_PUSH_Updated_YML_To_Cortex.py took 0.221 seconds
[2026-03-11T04:56:11.116+0000] {processor.py:161} INFO - Started process (PID=531207) to work on /home/cloud/codings/airflow/dags/4_dag_PUSH_Updated_YML_To_Cortex.py
[2026-03-11T04:56:11.141+0000] {processor.py:830} INFO - Processing file /home/cloud/codings/airflow/dags/4_dag_PUSH_Updated_YML_To_Cortex.py for tasks to queue
[2026-03-11T04:56:11.143+0000] {logging_mixin.py:188} INFO - [2026-03-11T04:56:11.142+0000] {dagbag.py:545} INFO - Filling up the DagBag from /home/cloud/codings/airflow/dags/4_dag_PUSH_Updated_YML_To_Cortex.py
[2026-03-11T04:56:11.176+0000] {processor.py:840} INFO - DAG(s) '4_dag_PUSH_Updated_YML_To_Cortex' retrieved from /home/cloud/codings/airflow/dags/4_dag_PUSH_Updated_YML_To_Cortex.py
[2026-03-11T04:56:11.189+0000] {logging_mixin.py:188} INFO - [2026-03-11T04:56:11.189+0000] {dag.py:3089} INFO - Sync 1 DAGs
[2026-03-11T04:56:11.201+0000] {logging_mixin.py:188} INFO - [2026-03-11T04:56:11.201+0000] {dag.py:3947} INFO - Setting next_dagrun for 4_dag_PUSH_Updated_YML_To_Cortex to None, run_after=None
[2026-03-11T04:56:11.226+0000] {processor.py:183} INFO - Processing /home/cloud/codings/airflow/dags/4_dag_PUSH_Updated_YML_To_Cortex.py took 0.121 seconds
[2026-03-11T04:56:41.770+0000] {processor.py:161} INFO - Started process (PID=531229) to work on /home/cloud/codings/airflow/dags/4_dag_PUSH_Updated_YML_To_Cortex.py
[2026-03-11T04:56:41.773+0000] {processor.py:830} INFO - Processing file /home/cloud/codings/airflow/dags/4_dag_PUSH_Updated_YML_To_Cortex.py for tasks to queue
[2026-03-11T04:56:41.777+0000] {logging_mixin.py:188} INFO - [2026-03-11T04:56:41.775+0000] {dagbag.py:545} INFO - Filling up the DagBag from /home/cloud/codings/airflow/dags/4_dag_PUSH_Updated_YML_To_Cortex.py
[2026-03-11T04:56:41.820+0000] {processor.py:840} INFO - DAG(s) '4_dag_PUSH_Updated_YML_To_Cortex' retrieved from /home/cloud/codings/airflow/dags/4_dag_PUSH_Updated_YML_To_Cortex.py
[2026-03-11T04:56:41.840+0000] {logging_mixin.py:188} INFO - [2026-03-11T04:56:41.839+0000] {dag.py:3089} INFO - Sync 1 DAGs
[2026-03-11T04:56:41.855+0000] {logging_mixin.py:188} INFO - [2026-03-11T04:56:41.855+0000] {dag.py:3947} INFO - Setting next_dagrun for 4_dag_PUSH_Updated_YML_To_Cortex to None, run_after=None
[2026-03-11T04:56:41.898+0000] {processor.py:183} INFO - Processing /home/cloud/codings/airflow/dags/4_dag_PUSH_Updated_YML_To_Cortex.py took 0.152 seconds
[2026-03-11T04:57:12.168+0000] {processor.py:161} INFO - Started process (PID=531316) to work on /home/cloud/codings/airflow/dags/4_dag_PUSH_Updated_YML_To_Cortex.py
[2026-03-11T04:57:12.186+0000] {processor.py:830} INFO - Processing file /home/cloud/codings/airflow/dags/4_dag_PUSH_Updated_YML_To_Cortex.py for tasks to queue
[2026-03-11T04:57:12.188+0000] {logging_mixin.py:188} INFO - [2026-03-11T04:57:12.187+0000] {dagbag.py:545} INFO - Filling up the DagBag from /home/cloud/codings/airflow/dags/4_dag_PUSH_Updated_YML_To_Cortex.py
[2026-03-11T04:57:12.222+0000] {processor.py:840} INFO - DAG(s) '4_dag_PUSH_Updated_YML_To_Cortex' retrieved from /home/cloud/codings/airflow/dags/4_dag_PUSH_Updated_YML_To_Cortex.py
[2026-03-11T04:57:12.236+0000] {logging_mixin.py:188} INFO - [2026-03-11T04:57:12.236+0000] {dag.py:3089} INFO - Sync 1 DAGs
[2026-03-11T04:57:12.249+0000] {logging_mixin.py:188} INFO - [2026-03-11T04:57:12.249+0000] {dag.py:3947} INFO - Setting next_dagrun for 4_dag_PUSH_Updated_YML_To_Cortex to None, run_after=None
[2026-03-11T04:57:12.283+0000] {processor.py:183} INFO - Processing /home/cloud/codings/airflow/dags/4_dag_PUSH_Updated_YML_To_Cortex.py took 0.128 seconds
[2026-03-11T04:57:42.787+0000] {processor.py:161} INFO - Started process (PID=531341) to work on /home/cloud/codings/airflow/dags/4_dag_PUSH_Updated_YML_To_Cortex.py
[2026-03-11T04:57:42.789+0000] {processor.py:830} INFO - Processing file /home/cloud/codings/airflow/dags/4_dag_PUSH_Updated_YML_To_Cortex.py for tasks to queue
[2026-03-11T04:57:42.791+0000] {logging_mixin.py:188} INFO - [2026-03-11T04:57:42.790+0000] {dagbag.py:545} INFO - Filling up the DagBag from /home/cloud/codings/airflow/dags/4_dag_PUSH_Updated_YML_To_Cortex.py
[2026-03-11T04:57:42.837+0000] {processor.py:840} INFO - DAG(s) '4_dag_PUSH_Updated_YML_To_Cortex' retrieved from /home/cloud/codings/airflow/dags/4_dag_PUSH_Updated_YML_To_Cortex.py
[2026-03-11T04:57:42.862+0000] {logging_mixin.py:188} INFO - [2026-03-11T04:57:42.862+0000] {dag.py:3089} INFO - Sync 1 DAGs
[2026-03-11T04:57:42.877+0000] {logging_mixin.py:188} INFO - [2026-03-11T04:57:42.876+0000] {dag.py:3947} INFO - Setting next_dagrun for 4_dag_PUSH_Updated_YML_To_Cortex to None, run_after=None
[2026-03-11T04:57:42.904+0000] {processor.py:183} INFO - Processing /home/cloud/codings/airflow/dags/4_dag_PUSH_Updated_YML_To_Cortex.py took 0.130 seconds
[2026-03-11T04:58:13.420+0000] {processor.py:161} INFO - Started process (PID=531424) to work on /home/cloud/codings/airflow/dags/4_dag_PUSH_Updated_YML_To_Cortex.py
[2026-03-11T04:58:13.432+0000] {processor.py:830} INFO - Processing file /home/cloud/codings/airflow/dags/4_dag_PUSH_Updated_YML_To_Cortex.py for tasks to queue
[2026-03-11T04:58:13.434+0000] {logging_mixin.py:188} INFO - [2026-03-11T04:58:13.433+0000] {dagbag.py:545} INFO - Filling up the DagBag from /home/cloud/codings/airflow/dags/4_dag_PUSH_Updated_YML_To_Cortex.py
[2026-03-11T04:58:13.464+0000] {processor.py:840} INFO - DAG(s) '4_dag_PUSH_Updated_YML_To_Cortex' retrieved from /home/cloud/codings/airflow/dags/4_dag_PUSH_Updated_YML_To_Cortex.py
[2026-03-11T04:58:13.480+0000] {logging_mixin.py:188} INFO - [2026-03-11T04:58:13.479+0000] {dag.py:3089} INFO - Sync 1 DAGs
[2026-03-11T04:58:13.492+0000] {logging_mixin.py:188} INFO - [2026-03-11T04:58:13.492+0000] {dag.py:3947} INFO - Setting next_dagrun for 4_dag_PUSH_Updated_YML_To_Cortex to None, run_after=None
[2026-03-11T04:58:13.518+0000] {processor.py:183} INFO - Processing /home/cloud/codings/airflow/dags/4_dag_PUSH_Updated_YML_To_Cortex.py took 0.109 seconds
[2026-03-11T04:58:43.995+0000] {processor.py:161} INFO - Started process (PID=531455) to work on /home/cloud/codings/airflow/dags/4_dag_PUSH_Updated_YML_To_Cortex.py
[2026-03-11T04:58:43.997+0000] {processor.py:830} INFO - Processing file /home/cloud/codings/airflow/dags/4_dag_PUSH_Updated_YML_To_Cortex.py for tasks to queue
[2026-03-11T04:58:43.999+0000] {logging_mixin.py:188} INFO - [2026-03-11T04:58:43.998+0000] {dagbag.py:545} INFO - Filling up the DagBag from /home/cloud/codings/airflow/dags/4_dag_PUSH_Updated_YML_To_Cortex.py
[2026-03-11T04:58:44.051+0000] {processor.py:840} INFO - DAG(s) '4_dag_PUSH_Updated_YML_To_Cortex' retrieved from /home/cloud/codings/airflow/dags/4_dag_PUSH_Updated_YML_To_Cortex.py
[2026-03-11T04:58:44.079+0000] {logging_mixin.py:188} INFO - [2026-03-11T04:58:44.079+0000] {dag.py:3089} INFO - Sync 1 DAGs
[2026-03-11T04:58:44.099+0000] {logging_mixin.py:188} INFO - [2026-03-11T04:58:44.099+0000] {dag.py:3947} INFO - Setting next_dagrun for 4_dag_PUSH_Updated_YML_To_Cortex to None, run_after=None
[2026-03-11T04:58:44.152+0000] {processor.py:183} INFO - Processing /home/cloud/codings/airflow/dags/4_dag_PUSH_Updated_YML_To_Cortex.py took 0.173 seconds
[2026-03-11T04:59:14.541+0000] {processor.py:161} INFO - Started process (PID=531538) to work on /home/cloud/codings/airflow/dags/4_dag_PUSH_Updated_YML_To_Cortex.py
[2026-03-11T04:59:14.544+0000] {processor.py:830} INFO - Processing file /home/cloud/codings/airflow/dags/4_dag_PUSH_Updated_YML_To_Cortex.py for tasks to queue
[2026-03-11T04:59:14.547+0000] {logging_mixin.py:188} INFO - [2026-03-11T04:59:14.546+0000] {dagbag.py:545} INFO - Filling up the DagBag from /home/cloud/codings/airflow/dags/4_dag_PUSH_Updated_YML_To_Cortex.py
[2026-03-11T04:59:14.594+0000] {processor.py:840} INFO - DAG(s) '4_dag_PUSH_Updated_YML_To_Cortex' retrieved from /home/cloud/codings/airflow/dags/4_dag_PUSH_Updated_YML_To_Cortex.py
[2026-03-11T04:59:14.649+0000] {logging_mixin.py:188} INFO - [2026-03-11T04:59:14.648+0000] {dag.py:3089} INFO - Sync 1 DAGs
[2026-03-11T04:59:14.696+0000] {logging_mixin.py:188} INFO - [2026-03-11T04:59:14.695+0000] {dag.py:3947} INFO - Setting next_dagrun for 4_dag_PUSH_Updated_YML_To_Cortex to None, run_after=None
[2026-03-11T04:59:14.758+0000] {processor.py:183} INFO - Processing /home/cloud/codings/airflow/dags/4_dag_PUSH_Updated_YML_To_Cortex.py took 0.241 seconds
[2026-03-11T04:59:45.135+0000] {processor.py:161} INFO - Started process (PID=531557) to work on /home/cloud/codings/airflow/dags/4_dag_PUSH_Updated_YML_To_Cortex.py
[2026-03-11T04:59:45.137+0000] {processor.py:830} INFO - Processing file /home/cloud/codings/airflow/dags/4_dag_PUSH_Updated_YML_To_Cortex.py for tasks to queue
[2026-03-11T04:59:45.139+0000] {logging_mixin.py:188} INFO - [2026-03-11T04:59:45.138+0000] {dagbag.py:545} INFO - Filling up the DagBag from /home/cloud/codings/airflow/dags/4_dag_PUSH_Updated_YML_To_Cortex.py
[2026-03-11T04:59:45.180+0000] {processor.py:840} INFO - DAG(s) '4_dag_PUSH_Updated_YML_To_Cortex' retrieved from /home/cloud/codings/airflow/dags/4_dag_PUSH_Updated_YML_To_Cortex.py
[2026-03-11T04:59:45.204+0000] {logging_mixin.py:188} INFO - [2026-03-11T04:59:45.204+0000] {dag.py:3089} INFO - Sync 1 DAGs
[2026-03-11T04:59:45.222+0000] {logging_mixin.py:188} INFO - [2026-03-11T04:59:45.222+0000] {dag.py:3947} INFO - Setting next_dagrun for 4_dag_PUSH_Updated_YML_To_Cortex to None, run_after=None
[2026-03-11T04:59:45.262+0000] {processor.py:183} INFO - Processing /home/cloud/codings/airflow/dags/4_dag_PUSH_Updated_YML_To_Cortex.py took 0.139 seconds
[2026-03-11T05:00:15.785+0000] {processor.py:161} INFO - Started process (PID=531702) to work on /home/cloud/codings/airflow/dags/4_dag_PUSH_Updated_YML_To_Cortex.py
[2026-03-11T05:00:15.785+0000] {processor.py:830} INFO - Processing file /home/cloud/codings/airflow/dags/4_dag_PUSH_Updated_YML_To_Cortex.py for tasks to queue
[2026-03-11T05:00:15.786+0000] {logging_mixin.py:188} INFO - [2026-03-11T05:00:15.786+0000] {dagbag.py:545} INFO - Filling up the DagBag from /home/cloud/codings/airflow/dags/4_dag_PUSH_Updated_YML_To_Cortex.py
[2026-03-11T05:00:15.810+0000] {processor.py:840} INFO - DAG(s) '4_dag_PUSH_Updated_YML_To_Cortex' retrieved from /home/cloud/codings/airflow/dags/4_dag_PUSH_Updated_YML_To_Cortex.py
[2026-03-11T05:00:15.826+0000] {logging_mixin.py:188} INFO - [2026-03-11T05:00:15.826+0000] {dag.py:3089} INFO - Sync 1 DAGs
[2026-03-11T05:00:15.840+0000] {logging_mixin.py:188} INFO - [2026-03-11T05:00:15.839+0000] {dag.py:3947} INFO - Setting next_dagrun for 4_dag_PUSH_Updated_YML_To_Cortex to None, run_after=None
[2026-03-11T05:00:15.867+0000] {processor.py:183} INFO - Processing /home/cloud/codings/airflow/dags/4_dag_PUSH_Updated_YML_To_Cortex.py took 0.090 seconds
[2026-03-11T05:00:46.428+0000] {processor.py:161} INFO - Started process (PID=531731) to work on /home/cloud/codings/airflow/dags/4_dag_PUSH_Updated_YML_To_Cortex.py
[2026-03-11T05:00:46.431+0000] {processor.py:830} INFO - Processing file /home/cloud/codings/airflow/dags/4_dag_PUSH_Updated_YML_To_Cortex.py for tasks to queue
[2026-03-11T05:00:46.435+0000] {logging_mixin.py:188} INFO - [2026-03-11T05:00:46.434+0000] {dagbag.py:545} INFO - Filling up the DagBag from /home/cloud/codings/airflow/dags/4_dag_PUSH_Updated_YML_To_Cortex.py
[2026-03-11T05:00:46.496+0000] {processor.py:840} INFO - DAG(s) '4_dag_PUSH_Updated_YML_To_Cortex' retrieved from /home/cloud/codings/airflow/dags/4_dag_PUSH_Updated_YML_To_Cortex.py
[2026-03-11T05:00:46.522+0000] {logging_mixin.py:188} INFO - [2026-03-11T05:00:46.521+0000] {dag.py:3089} INFO - Sync 1 DAGs
[2026-03-11T05:00:46.540+0000] {logging_mixin.py:188} INFO - [2026-03-11T05:00:46.540+0000] {dag.py:3947} INFO - Setting next_dagrun for 4_dag_PUSH_Updated_YML_To_Cortex to None, run_after=None
[2026-03-11T05:00:46.589+0000] {processor.py:183} INFO - Processing /home/cloud/codings/airflow/dags/4_dag_PUSH_Updated_YML_To_Cortex.py took 0.187 seconds
[2026-03-11T05:01:17.124+0000] {processor.py:161} INFO - Started process (PID=531816) to work on /home/cloud/codings/airflow/dags/4_dag_PUSH_Updated_YML_To_Cortex.py
[2026-03-11T05:01:17.126+0000] {processor.py:830} INFO - Processing file /home/cloud/codings/airflow/dags/4_dag_PUSH_Updated_YML_To_Cortex.py for tasks to queue
[2026-03-11T05:01:17.128+0000] {logging_mixin.py:188} INFO - [2026-03-11T05:01:17.127+0000] {dagbag.py:545} INFO - Filling up the DagBag from /home/cloud/codings/airflow/dags/4_dag_PUSH_Updated_YML_To_Cortex.py
[2026-03-11T05:01:17.164+0000] {processor.py:840} INFO - DAG(s) '4_dag_PUSH_Updated_YML_To_Cortex' retrieved from /home/cloud/codings/airflow/dags/4_dag_PUSH_Updated_YML_To_Cortex.py
[2026-03-11T05:01:17.181+0000] {logging_mixin.py:188} INFO - [2026-03-11T05:01:17.181+0000] {dag.py:3089} INFO - Sync 1 DAGs
[2026-03-11T05:01:17.195+0000] {logging_mixin.py:188} INFO - [2026-03-11T05:01:17.195+0000] {dag.py:3947} INFO - Setting next_dagrun for 4_dag_PUSH_Updated_YML_To_Cortex to None, run_after=None
[2026-03-11T05:01:17.225+0000] {processor.py:183} INFO - Processing /home/cloud/codings/airflow/dags/4_dag_PUSH_Updated_YML_To_Cortex.py took 0.116 seconds
[2026-03-11T05:01:47.740+0000] {processor.py:161} INFO - Started process (PID=531842) to work on /home/cloud/codings/airflow/dags/4_dag_PUSH_Updated_YML_To_Cortex.py
[2026-03-11T05:01:47.746+0000] {processor.py:830} INFO - Processing file /home/cloud/codings/airflow/dags/4_dag_PUSH_Updated_YML_To_Cortex.py for tasks to queue
[2026-03-11T05:01:47.749+0000] {logging_mixin.py:188} INFO - [2026-03-11T05:01:47.748+0000] {dagbag.py:545} INFO - Filling up the DagBag from /home/cloud/codings/airflow/dags/4_dag_PUSH_Updated_YML_To_Cortex.py
[2026-03-11T05:01:47.820+0000] {processor.py:840} INFO - DAG(s) '4_dag_PUSH_Updated_YML_To_Cortex' retrieved from /home/cloud/codings/airflow/dags/4_dag_PUSH_Updated_YML_To_Cortex.py
[2026-03-11T05:01:47.845+0000] {logging_mixin.py:188} INFO - [2026-03-11T05:01:47.844+0000] {dag.py:3089} INFO - Sync 1 DAGs
[2026-03-11T05:01:47.857+0000] {logging_mixin.py:188} INFO - [2026-03-11T05:01:47.857+0000] {dag.py:3947} INFO - Setting next_dagrun for 4_dag_PUSH_Updated_YML_To_Cortex to None, run_after=None
[2026-03-11T05:01:47.890+0000] {processor.py:183} INFO - Processing /home/cloud/codings/airflow/dags/4_dag_PUSH_Updated_YML_To_Cortex.py took 0.178 seconds
[2026-03-11T05:02:18.300+0000] {processor.py:161} INFO - Started process (PID=531919) to work on /home/cloud/codings/airflow/dags/4_dag_PUSH_Updated_YML_To_Cortex.py
[2026-03-11T05:02:18.326+0000] {processor.py:830} INFO - Processing file /home/cloud/codings/airflow/dags/4_dag_PUSH_Updated_YML_To_Cortex.py for tasks to queue
[2026-03-11T05:02:18.329+0000] {logging_mixin.py:188} INFO - [2026-03-11T05:02:18.328+0000] {dagbag.py:545} INFO - Filling up the DagBag from /home/cloud/codings/airflow/dags/4_dag_PUSH_Updated_YML_To_Cortex.py
[2026-03-11T05:02:18.373+0000] {processor.py:840} INFO - DAG(s) '4_dag_PUSH_Updated_YML_To_Cortex' retrieved from /home/cloud/codings/airflow/dags/4_dag_PUSH_Updated_YML_To_Cortex.py
[2026-03-11T05:02:18.395+0000] {logging_mixin.py:188} INFO - [2026-03-11T05:02:18.395+0000] {dag.py:3089} INFO - Sync 1 DAGs
[2026-03-11T05:02:18.411+0000] {logging_mixin.py:188} INFO - [2026-03-11T05:02:18.410+0000] {dag.py:3947} INFO - Setting next_dagrun for 4_dag_PUSH_Updated_YML_To_Cortex to None, run_after=None
[2026-03-11T05:02:18.450+0000] {processor.py:183} INFO - Processing /home/cloud/codings/airflow/dags/4_dag_PUSH_Updated_YML_To_Cortex.py took 0.178 seconds
[2026-03-11T05:02:48.869+0000] {processor.py:161} INFO - Started process (PID=531978) to work on /home/cloud/codings/airflow/dags/4_dag_PUSH_Updated_YML_To_Cortex.py
[2026-03-11T05:02:48.894+0000] {processor.py:830} INFO - Processing file /home/cloud/codings/airflow/dags/4_dag_PUSH_Updated_YML_To_Cortex.py for tasks to queue
[2026-03-11T05:02:48.896+0000] {logging_mixin.py:188} INFO - [2026-03-11T05:02:48.895+0000] {dagbag.py:545} INFO - Filling up the DagBag from /home/cloud/codings/airflow/dags/4_dag_PUSH_Updated_YML_To_Cortex.py
[2026-03-11T05:02:48.931+0000] {processor.py:840} INFO - DAG(s) '4_dag_PUSH_Updated_YML_To_Cortex' retrieved from /home/cloud/codings/airflow/dags/4_dag_PUSH_Updated_YML_To_Cortex.py
[2026-03-11T05:02:48.955+0000] {logging_mixin.py:188} INFO - [2026-03-11T05:02:48.954+0000] {dag.py:3089} INFO - Sync 1 DAGs
[2026-03-11T05:02:48.974+0000] {logging_mixin.py:188} INFO - [2026-03-11T05:02:48.973+0000] {dag.py:3947} INFO - Setting next_dagrun for 4_dag_PUSH_Updated_YML_To_Cortex to None, run_after=None
[2026-03-11T05:02:49.003+0000] {processor.py:183} INFO - Processing /home/cloud/codings/airflow/dags/4_dag_PUSH_Updated_YML_To_Cortex.py took 0.146 seconds
[2026-03-11T05:03:19.125+0000] {processor.py:161} INFO - Started process (PID=532036) to work on /home/cloud/codings/airflow/dags/4_dag_PUSH_Updated_YML_To_Cortex.py
[2026-03-11T05:03:19.126+0000] {processor.py:830} INFO - Processing file /home/cloud/codings/airflow/dags/4_dag_PUSH_Updated_YML_To_Cortex.py for tasks to queue
[2026-03-11T05:03:19.127+0000] {logging_mixin.py:188} INFO - [2026-03-11T05:03:19.126+0000] {dagbag.py:545} INFO - Filling up the DagBag from /home/cloud/codings/airflow/dags/4_dag_PUSH_Updated_YML_To_Cortex.py
[2026-03-11T05:03:19.151+0000] {processor.py:840} INFO - DAG(s) '4_dag_PUSH_Updated_YML_To_Cortex' retrieved from /home/cloud/codings/airflow/dags/4_dag_PUSH_Updated_YML_To_Cortex.py
[2026-03-11T05:03:19.165+0000] {logging_mixin.py:188} INFO - [2026-03-11T05:03:19.165+0000] {dag.py:3089} INFO - Sync 1 DAGs
[2026-03-11T05:03:19.176+0000] {logging_mixin.py:188} INFO - [2026-03-11T05:03:19.176+0000] {dag.py:3947} INFO - Setting next_dagrun for 4_dag_PUSH_Updated_YML_To_Cortex to None, run_after=None
[2026-03-11T05:03:19.201+0000] {processor.py:183} INFO - Processing /home/cloud/codings/airflow/dags/4_dag_PUSH_Updated_YML_To_Cortex.py took 0.087 seconds
[2026-03-11T05:03:49.900+0000] {processor.py:161} INFO - Started process (PID=532114) to work on /home/cloud/codings/airflow/dags/4_dag_PUSH_Updated_YML_To_Cortex.py
[2026-03-11T05:03:49.923+0000] {processor.py:830} INFO - Processing file /home/cloud/codings/airflow/dags/4_dag_PUSH_Updated_YML_To_Cortex.py for tasks to queue
[2026-03-11T05:03:49.926+0000] {logging_mixin.py:188} INFO - [2026-03-11T05:03:49.925+0000] {dagbag.py:545} INFO - Filling up the DagBag from /home/cloud/codings/airflow/dags/4_dag_PUSH_Updated_YML_To_Cortex.py
[2026-03-11T05:03:49.987+0000] {processor.py:840} INFO - DAG(s) '4_dag_PUSH_Updated_YML_To_Cortex' retrieved from /home/cloud/codings/airflow/dags/4_dag_PUSH_Updated_YML_To_Cortex.py
[2026-03-11T05:03:50.024+0000] {logging_mixin.py:188} INFO - [2026-03-11T05:03:50.023+0000] {dag.py:3089} INFO - Sync 1 DAGs
[2026-03-11T05:03:50.053+0000] {logging_mixin.py:188} INFO - [2026-03-11T05:03:50.052+0000] {dag.py:3947} INFO - Setting next_dagrun for 4_dag_PUSH_Updated_YML_To_Cortex to None, run_after=None
[2026-03-11T05:03:50.106+0000] {processor.py:183} INFO - Processing /home/cloud/codings/airflow/dags/4_dag_PUSH_Updated_YML_To_Cortex.py took 0.221 seconds
[2026-03-11T05:04:20.843+0000] {processor.py:161} INFO - Started process (PID=532148) to work on /home/cloud/codings/airflow/dags/4_dag_PUSH_Updated_YML_To_Cortex.py
[2026-03-11T05:04:20.846+0000] {processor.py:830} INFO - Processing file /home/cloud/codings/airflow/dags/4_dag_PUSH_Updated_YML_To_Cortex.py for tasks to queue
[2026-03-11T05:04:20.849+0000] {logging_mixin.py:188} INFO - [2026-03-11T05:04:20.847+0000] {dagbag.py:545} INFO - Filling up the DagBag from /home/cloud/codings/airflow/dags/4_dag_PUSH_Updated_YML_To_Cortex.py
[2026-03-11T05:04:20.905+0000] {processor.py:840} INFO - DAG(s) '4_dag_PUSH_Updated_YML_To_Cortex' retrieved from /home/cloud/codings/airflow/dags/4_dag_PUSH_Updated_YML_To_Cortex.py
[2026-03-11T05:04:20.927+0000] {logging_mixin.py:188} INFO - [2026-03-11T05:04:20.927+0000] {dag.py:3089} INFO - Sync 1 DAGs
[2026-03-11T05:04:20.945+0000] {logging_mixin.py:188} INFO - [2026-03-11T05:04:20.945+0000] {dag.py:3947} INFO - Setting next_dagrun for 4_dag_PUSH_Updated_YML_To_Cortex to None, run_after=None
[2026-03-11T05:04:21.006+0000] {processor.py:183} INFO - Processing /home/cloud/codings/airflow/dags/4_dag_PUSH_Updated_YML_To_Cortex.py took 0.191 seconds
[2026-03-11T05:04:51.294+0000] {processor.py:161} INFO - Started process (PID=532237) to work on /home/cloud/codings/airflow/dags/4_dag_PUSH_Updated_YML_To_Cortex.py
[2026-03-11T05:04:51.296+0000] {processor.py:830} INFO - Processing file /home/cloud/codings/airflow/dags/4_dag_PUSH_Updated_YML_To_Cortex.py for tasks to queue
[2026-03-11T05:04:51.298+0000] {logging_mixin.py:188} INFO - [2026-03-11T05:04:51.297+0000] {dagbag.py:545} INFO - Filling up the DagBag from /home/cloud/codings/airflow/dags/4_dag_PUSH_Updated_YML_To_Cortex.py
[2026-03-11T05:04:51.330+0000] {processor.py:840} INFO - DAG(s) '4_dag_PUSH_Updated_YML_To_Cortex' retrieved from /home/cloud/codings/airflow/dags/4_dag_PUSH_Updated_YML_To_Cortex.py
[2026-03-11T05:04:51.350+0000] {logging_mixin.py:188} INFO - [2026-03-11T05:04:51.350+0000] {dag.py:3089} INFO - Sync 1 DAGs
[2026-03-11T05:04:51.365+0000] {logging_mixin.py:188} INFO - [2026-03-11T05:04:51.364+0000] {dag.py:3947} INFO - Setting next_dagrun for 4_dag_PUSH_Updated_YML_To_Cortex to None, run_after=None
[2026-03-11T05:04:51.396+0000] {processor.py:183} INFO - Processing /home/cloud/codings/airflow/dags/4_dag_PUSH_Updated_YML_To_Cortex.py took 0.113 seconds
[2026-03-11T05:05:21.832+0000] {processor.py:161} INFO - Started process (PID=532318) to work on /home/cloud/codings/airflow/dags/4_dag_PUSH_Updated_YML_To_Cortex.py
[2026-03-11T05:05:21.853+0000] {processor.py:830} INFO - Processing file /home/cloud/codings/airflow/dags/4_dag_PUSH_Updated_YML_To_Cortex.py for tasks to queue
[2026-03-11T05:05:21.857+0000] {logging_mixin.py:188} INFO - [2026-03-11T05:05:21.855+0000] {dagbag.py:545} INFO - Filling up the DagBag from /home/cloud/codings/airflow/dags/4_dag_PUSH_Updated_YML_To_Cortex.py
[2026-03-11T05:05:21.918+0000] {processor.py:840} INFO - DAG(s) '4_dag_PUSH_Updated_YML_To_Cortex' retrieved from /home/cloud/codings/airflow/dags/4_dag_PUSH_Updated_YML_To_Cortex.py
[2026-03-11T05:05:21.961+0000] {logging_mixin.py:188} INFO - [2026-03-11T05:05:21.961+0000] {dag.py:3089} INFO - Sync 1 DAGs
[2026-03-11T05:05:21.984+0000] {logging_mixin.py:188} INFO - [2026-03-11T05:05:21.984+0000] {dag.py:3947} INFO - Setting next_dagrun for 4_dag_PUSH_Updated_YML_To_Cortex to None, run_after=None
[2026-03-11T05:05:22.030+0000] {processor.py:183} INFO - Processing /home/cloud/codings/airflow/dags/4_dag_PUSH_Updated_YML_To_Cortex.py took 0.222 seconds
[2026-03-11T05:05:52.358+0000] {processor.py:161} INFO - Started process (PID=532405) to work on /home/cloud/codings/airflow/dags/4_dag_PUSH_Updated_YML_To_Cortex.py
[2026-03-11T05:05:52.362+0000] {processor.py:830} INFO - Processing file /home/cloud/codings/airflow/dags/4_dag_PUSH_Updated_YML_To_Cortex.py for tasks to queue
[2026-03-11T05:05:52.364+0000] {logging_mixin.py:188} INFO - [2026-03-11T05:05:52.363+0000] {dagbag.py:545} INFO - Filling up the DagBag from /home/cloud/codings/airflow/dags/4_dag_PUSH_Updated_YML_To_Cortex.py
[2026-03-11T05:05:52.415+0000] {processor.py:840} INFO - DAG(s) '4_dag_PUSH_Updated_YML_To_Cortex' retrieved from /home/cloud/codings/airflow/dags/4_dag_PUSH_Updated_YML_To_Cortex.py
[2026-03-11T05:05:52.446+0000] {logging_mixin.py:188} INFO - [2026-03-11T05:05:52.445+0000] {dag.py:3089} INFO - Sync 1 DAGs
[2026-03-11T05:05:52.469+0000] {logging_mixin.py:188} INFO - [2026-03-11T05:05:52.468+0000] {dag.py:3947} INFO - Setting next_dagrun for 4_dag_PUSH_Updated_YML_To_Cortex to None, run_after=None
[2026-03-11T05:05:52.504+0000] {processor.py:183} INFO - Processing /home/cloud/codings/airflow/dags/4_dag_PUSH_Updated_YML_To_Cortex.py took 0.160 seconds
[2026-03-11T05:06:22.840+0000] {processor.py:161} INFO - Started process (PID=532430) to work on /home/cloud/codings/airflow/dags/4_dag_PUSH_Updated_YML_To_Cortex.py
[2026-03-11T05:06:22.842+0000] {processor.py:830} INFO - Processing file /home/cloud/codings/airflow/dags/4_dag_PUSH_Updated_YML_To_Cortex.py for tasks to queue
[2026-03-11T05:06:22.844+0000] {logging_mixin.py:188} INFO - [2026-03-11T05:06:22.843+0000] {dagbag.py:545} INFO - Filling up the DagBag from /home/cloud/codings/airflow/dags/4_dag_PUSH_Updated_YML_To_Cortex.py
[2026-03-11T05:06:22.892+0000] {processor.py:840} INFO - DAG(s) '4_dag_PUSH_Updated_YML_To_Cortex' retrieved from /home/cloud/codings/airflow/dags/4_dag_PUSH_Updated_YML_To_Cortex.py
[2026-03-11T05:06:22.920+0000] {logging_mixin.py:188} INFO - [2026-03-11T05:06:22.919+0000] {dag.py:3089} INFO - Sync 1 DAGs
[2026-03-11T05:06:22.946+0000] {logging_mixin.py:188} INFO - [2026-03-11T05:06:22.945+0000] {dag.py:3947} INFO - Setting next_dagrun for 4_dag_PUSH_Updated_YML_To_Cortex to None, run_after=None
[2026-03-11T05:06:23.005+0000] {processor.py:183} INFO - Processing /home/cloud/codings/airflow/dags/4_dag_PUSH_Updated_YML_To_Cortex.py took 0.178 seconds
[2026-03-11T05:06:53.454+0000] {processor.py:161} INFO - Started process (PID=532520) to work on /home/cloud/codings/airflow/dags/4_dag_PUSH_Updated_YML_To_Cortex.py
[2026-03-11T05:06:53.473+0000] {processor.py:830} INFO - Processing file /home/cloud/codings/airflow/dags/4_dag_PUSH_Updated_YML_To_Cortex.py for tasks to queue
[2026-03-11T05:06:53.474+0000] {logging_mixin.py:188} INFO - [2026-03-11T05:06:53.474+0000] {dagbag.py:545} INFO - Filling up the DagBag from /home/cloud/codings/airflow/dags/4_dag_PUSH_Updated_YML_To_Cortex.py
[2026-03-11T05:06:53.509+0000] {processor.py:840} INFO - DAG(s) '4_dag_PUSH_Updated_YML_To_Cortex' retrieved from /home/cloud/codings/airflow/dags/4_dag_PUSH_Updated_YML_To_Cortex.py
[2026-03-11T05:06:53.534+0000] {logging_mixin.py:188} INFO - [2026-03-11T05:06:53.534+0000] {dag.py:3089} INFO - Sync 1 DAGs
[2026-03-11T05:06:53.550+0000] {logging_mixin.py:188} INFO - [2026-03-11T05:06:53.550+0000] {dag.py:3947} INFO - Setting next_dagrun for 4_dag_PUSH_Updated_YML_To_Cortex to None, run_after=None
[2026-03-11T05:06:53.575+0000] {processor.py:183} INFO - Processing /home/cloud/codings/airflow/dags/4_dag_PUSH_Updated_YML_To_Cortex.py took 0.133 seconds
[2026-03-11T05:07:23.906+0000] {processor.py:161} INFO - Started process (PID=532543) to work on /home/cloud/codings/airflow/dags/4_dag_PUSH_Updated_YML_To_Cortex.py
[2026-03-11T05:07:23.929+0000] {processor.py:830} INFO - Processing file /home/cloud/codings/airflow/dags/4_dag_PUSH_Updated_YML_To_Cortex.py for tasks to queue
[2026-03-11T05:07:23.931+0000] {logging_mixin.py:188} INFO - [2026-03-11T05:07:23.930+0000] {dagbag.py:545} INFO - Filling up the DagBag from /home/cloud/codings/airflow/dags/4_dag_PUSH_Updated_YML_To_Cortex.py
[2026-03-11T05:07:23.972+0000] {processor.py:840} INFO - DAG(s) '4_dag_PUSH_Updated_YML_To_Cortex' retrieved from /home/cloud/codings/airflow/dags/4_dag_PUSH_Updated_YML_To_Cortex.py
[2026-03-11T05:07:23.993+0000] {logging_mixin.py:188} INFO - [2026-03-11T05:07:23.993+0000] {dag.py:3089} INFO - Sync 1 DAGs
[2026-03-11T05:07:24.007+0000] {logging_mixin.py:188} INFO - [2026-03-11T05:07:24.007+0000] {dag.py:3947} INFO - Setting next_dagrun for 4_dag_PUSH_Updated_YML_To_Cortex to None, run_after=None
[2026-03-11T05:07:24.029+0000] {processor.py:183} INFO - Processing /home/cloud/codings/airflow/dags/4_dag_PUSH_Updated_YML_To_Cortex.py took 0.158 seconds
[2026-03-11T05:07:54.537+0000] {processor.py:161} INFO - Started process (PID=532622) to work on /home/cloud/codings/airflow/dags/4_dag_PUSH_Updated_YML_To_Cortex.py
[2026-03-11T05:07:54.540+0000] {processor.py:830} INFO - Processing file /home/cloud/codings/airflow/dags/4_dag_PUSH_Updated_YML_To_Cortex.py for tasks to queue
[2026-03-11T05:07:54.543+0000] {logging_mixin.py:188} INFO - [2026-03-11T05:07:54.542+0000] {dagbag.py:545} INFO - Filling up the DagBag from /home/cloud/codings/airflow/dags/4_dag_PUSH_Updated_YML_To_Cortex.py
[2026-03-11T05:07:54.624+0000] {processor.py:840} INFO - DAG(s) '4_dag_PUSH_Updated_YML_To_Cortex' retrieved from /home/cloud/codings/airflow/dags/4_dag_PUSH_Updated_YML_To_Cortex.py
[2026-03-11T05:07:54.657+0000] {logging_mixin.py:188} INFO - [2026-03-11T05:07:54.657+0000] {dag.py:3089} INFO - Sync 1 DAGs
[2026-03-11T05:07:54.685+0000] {logging_mixin.py:188} INFO - [2026-03-11T05:07:54.684+0000] {dag.py:3947} INFO - Setting next_dagrun for 4_dag_PUSH_Updated_YML_To_Cortex to None, run_after=None
[2026-03-11T05:07:54.750+0000] {processor.py:183} INFO - Processing /home/cloud/codings/airflow/dags/4_dag_PUSH_Updated_YML_To_Cortex.py took 0.239 seconds
[2026-03-11T05:08:25.057+0000] {processor.py:161} INFO - Started process (PID=532649) to work on /home/cloud/codings/airflow/dags/4_dag_PUSH_Updated_YML_To_Cortex.py
[2026-03-11T05:08:25.076+0000] {processor.py:830} INFO - Processing file /home/cloud/codings/airflow/dags/4_dag_PUSH_Updated_YML_To_Cortex.py for tasks to queue
[2026-03-11T05:08:25.078+0000] {logging_mixin.py:188} INFO - [2026-03-11T05:08:25.077+0000] {dagbag.py:545} INFO - Filling up the DagBag from /home/cloud/codings/airflow/dags/4_dag_PUSH_Updated_YML_To_Cortex.py
[2026-03-11T05:08:25.121+0000] {processor.py:840} INFO - DAG(s) '4_dag_PUSH_Updated_YML_To_Cortex' retrieved from /home/cloud/codings/airflow/dags/4_dag_PUSH_Updated_YML_To_Cortex.py
[2026-03-11T05:08:25.149+0000] {logging_mixin.py:188} INFO - [2026-03-11T05:08:25.148+0000] {dag.py:3089} INFO - Sync 1 DAGs
[2026-03-11T05:08:25.173+0000] {logging_mixin.py:188} INFO - [2026-03-11T05:08:25.173+0000] {dag.py:3947} INFO - Setting next_dagrun for 4_dag_PUSH_Updated_YML_To_Cortex to None, run_after=None
[2026-03-11T05:08:25.222+0000] {processor.py:183} INFO - Processing /home/cloud/codings/airflow/dags/4_dag_PUSH_Updated_YML_To_Cortex.py took 0.177 seconds
[2026-03-11T05:08:56.101+0000] {processor.py:161} INFO - Started process (PID=532738) to work on /home/cloud/codings/airflow/dags/4_dag_PUSH_Updated_YML_To_Cortex.py
[2026-03-11T05:08:56.110+0000] {processor.py:830} INFO - Processing file /home/cloud/codings/airflow/dags/4_dag_PUSH_Updated_YML_To_Cortex.py for tasks to queue
[2026-03-11T05:08:56.112+0000] {logging_mixin.py:188} INFO - [2026-03-11T05:08:56.111+0000] {dagbag.py:545} INFO - Filling up the DagBag from /home/cloud/codings/airflow/dags/4_dag_PUSH_Updated_YML_To_Cortex.py
[2026-03-11T05:08:56.160+0000] {processor.py:840} INFO - DAG(s) '4_dag_PUSH_Updated_YML_To_Cortex' retrieved from /home/cloud/codings/airflow/dags/4_dag_PUSH_Updated_YML_To_Cortex.py
[2026-03-11T05:08:56.188+0000] {logging_mixin.py:188} INFO - [2026-03-11T05:08:56.188+0000] {dag.py:3089} INFO - Sync 1 DAGs
[2026-03-11T05:08:56.211+0000] {logging_mixin.py:188} INFO - [2026-03-11T05:08:56.211+0000] {dag.py:3947} INFO - Setting next_dagrun for 4_dag_PUSH_Updated_YML_To_Cortex to None, run_after=None
[2026-03-11T05:08:56.272+0000] {processor.py:183} INFO - Processing /home/cloud/codings/airflow/dags/4_dag_PUSH_Updated_YML_To_Cortex.py took 0.191 seconds
[2026-03-11T05:09:26.787+0000] {processor.py:161} INFO - Started process (PID=532763) to work on /home/cloud/codings/airflow/dags/4_dag_PUSH_Updated_YML_To_Cortex.py
[2026-03-11T05:09:26.812+0000] {processor.py:830} INFO - Processing file /home/cloud/codings/airflow/dags/4_dag_PUSH_Updated_YML_To_Cortex.py for tasks to queue
[2026-03-11T05:09:26.817+0000] {logging_mixin.py:188} INFO - [2026-03-11T05:09:26.815+0000] {dagbag.py:545} INFO - Filling up the DagBag from /home/cloud/codings/airflow/dags/4_dag_PUSH_Updated_YML_To_Cortex.py
[2026-03-11T05:09:26.926+0000] {processor.py:840} INFO - DAG(s) '4_dag_PUSH_Updated_YML_To_Cortex' retrieved from /home/cloud/codings/airflow/dags/4_dag_PUSH_Updated_YML_To_Cortex.py
[2026-03-11T05:09:26.967+0000] {logging_mixin.py:188} INFO - [2026-03-11T05:09:26.966+0000] {dag.py:3089} INFO - Sync 1 DAGs
[2026-03-11T05:09:27.002+0000] {logging_mixin.py:188} INFO - [2026-03-11T05:09:27.001+0000] {dag.py:3947} INFO - Setting next_dagrun for 4_dag_PUSH_Updated_YML_To_Cortex to None, run_after=None
[2026-03-11T05:09:27.065+0000] {processor.py:183} INFO - Processing /home/cloud/codings/airflow/dags/4_dag_PUSH_Updated_YML_To_Cortex.py took 0.313 seconds
[2026-03-11T05:09:57.375+0000] {processor.py:161} INFO - Started process (PID=532848) to work on /home/cloud/codings/airflow/dags/4_dag_PUSH_Updated_YML_To_Cortex.py
[2026-03-11T05:09:57.402+0000] {processor.py:830} INFO - Processing file /home/cloud/codings/airflow/dags/4_dag_PUSH_Updated_YML_To_Cortex.py for tasks to queue
[2026-03-11T05:09:57.406+0000] {logging_mixin.py:188} INFO - [2026-03-11T05:09:57.404+0000] {dagbag.py:545} INFO - Filling up the DagBag from /home/cloud/codings/airflow/dags/4_dag_PUSH_Updated_YML_To_Cortex.py
[2026-03-11T05:09:57.478+0000] {processor.py:840} INFO - DAG(s) '4_dag_PUSH_Updated_YML_To_Cortex' retrieved from /home/cloud/codings/airflow/dags/4_dag_PUSH_Updated_YML_To_Cortex.py
[2026-03-11T05:09:57.507+0000] {logging_mixin.py:188} INFO - [2026-03-11T05:09:57.506+0000] {dag.py:3089} INFO - Sync 1 DAGs
[2026-03-11T05:09:57.532+0000] {logging_mixin.py:188} INFO - [2026-03-11T05:09:57.531+0000] {dag.py:3947} INFO - Setting next_dagrun for 4_dag_PUSH_Updated_YML_To_Cortex to None, run_after=None
[2026-03-11T05:09:57.627+0000] {processor.py:183} INFO - Processing /home/cloud/codings/airflow/dags/4_dag_PUSH_Updated_YML_To_Cortex.py took 0.276 seconds
[2026-03-11T05:10:28.227+0000] {processor.py:161} INFO - Started process (PID=532933) to work on /home/cloud/codings/airflow/dags/4_dag_PUSH_Updated_YML_To_Cortex.py
[2026-03-11T05:10:28.229+0000] {processor.py:830} INFO - Processing file /home/cloud/codings/airflow/dags/4_dag_PUSH_Updated_YML_To_Cortex.py for tasks to queue
[2026-03-11T05:10:28.230+0000] {logging_mixin.py:188} INFO - [2026-03-11T05:10:28.230+0000] {dagbag.py:545} INFO - Filling up the DagBag from /home/cloud/codings/airflow/dags/4_dag_PUSH_Updated_YML_To_Cortex.py
[2026-03-11T05:10:28.257+0000] {processor.py:840} INFO - DAG(s) '4_dag_PUSH_Updated_YML_To_Cortex' retrieved from /home/cloud/codings/airflow/dags/4_dag_PUSH_Updated_YML_To_Cortex.py
[2026-03-11T05:10:28.271+0000] {logging_mixin.py:188} INFO - [2026-03-11T05:10:28.271+0000] {dag.py:3089} INFO - Sync 1 DAGs
[2026-03-11T05:10:28.283+0000] {logging_mixin.py:188} INFO - [2026-03-11T05:10:28.283+0000] {dag.py:3947} INFO - Setting next_dagrun for 4_dag_PUSH_Updated_YML_To_Cortex to None, run_after=None
[2026-03-11T05:10:28.306+0000] {processor.py:183} INFO - Processing /home/cloud/codings/airflow/dags/4_dag_PUSH_Updated_YML_To_Cortex.py took 0.090 seconds
[2026-03-11T05:10:58.981+0000] {processor.py:161} INFO - Started process (PID=533016) to work on /home/cloud/codings/airflow/dags/4_dag_PUSH_Updated_YML_To_Cortex.py
[2026-03-11T05:10:59.005+0000] {processor.py:830} INFO - Processing file /home/cloud/codings/airflow/dags/4_dag_PUSH_Updated_YML_To_Cortex.py for tasks to queue
[2026-03-11T05:10:59.008+0000] {logging_mixin.py:188} INFO - [2026-03-11T05:10:59.007+0000] {dagbag.py:545} INFO - Filling up the DagBag from /home/cloud/codings/airflow/dags/4_dag_PUSH_Updated_YML_To_Cortex.py
[2026-03-11T05:10:59.046+0000] {processor.py:840} INFO - DAG(s) '4_dag_PUSH_Updated_YML_To_Cortex' retrieved from /home/cloud/codings/airflow/dags/4_dag_PUSH_Updated_YML_To_Cortex.py
[2026-03-11T05:10:59.065+0000] {logging_mixin.py:188} INFO - [2026-03-11T05:10:59.064+0000] {dag.py:3089} INFO - Sync 1 DAGs
[2026-03-11T05:10:59.078+0000] {logging_mixin.py:188} INFO - [2026-03-11T05:10:59.078+0000] {dag.py:3947} INFO - Setting next_dagrun for 4_dag_PUSH_Updated_YML_To_Cortex to None, run_after=None
[2026-03-11T05:10:59.101+0000] {processor.py:183} INFO - Processing /home/cloud/codings/airflow/dags/4_dag_PUSH_Updated_YML_To_Cortex.py took 0.156 seconds
[2026-03-11T05:11:29.609+0000] {processor.py:161} INFO - Started process (PID=533039) to work on /home/cloud/codings/airflow/dags/4_dag_PUSH_Updated_YML_To_Cortex.py
[2026-03-11T05:11:29.612+0000] {processor.py:830} INFO - Processing file /home/cloud/codings/airflow/dags/4_dag_PUSH_Updated_YML_To_Cortex.py for tasks to queue
[2026-03-11T05:11:29.614+0000] {logging_mixin.py:188} INFO - [2026-03-11T05:11:29.613+0000] {dagbag.py:545} INFO - Filling up the DagBag from /home/cloud/codings/airflow/dags/4_dag_PUSH_Updated_YML_To_Cortex.py
[2026-03-11T05:11:29.640+0000] {processor.py:840} INFO - DAG(s) '4_dag_PUSH_Updated_YML_To_Cortex' retrieved from /home/cloud/codings/airflow/dags/4_dag_PUSH_Updated_YML_To_Cortex.py
[2026-03-11T05:11:29.655+0000] {logging_mixin.py:188} INFO - [2026-03-11T05:11:29.654+0000] {dag.py:3089} INFO - Sync 1 DAGs
[2026-03-11T05:11:29.669+0000] {logging_mixin.py:188} INFO - [2026-03-11T05:11:29.669+0000] {dag.py:3947} INFO - Setting next_dagrun for 4_dag_PUSH_Updated_YML_To_Cortex to None, run_after=None
[2026-03-11T05:11:29.706+0000] {processor.py:183} INFO - Processing /home/cloud/codings/airflow/dags/4_dag_PUSH_Updated_YML_To_Cortex.py took 0.109 seconds
[2026-03-11T05:12:00.234+0000] {processor.py:161} INFO - Started process (PID=533124) to work on /home/cloud/codings/airflow/dags/4_dag_PUSH_Updated_YML_To_Cortex.py
[2026-03-11T05:12:00.255+0000] {processor.py:830} INFO - Processing file /home/cloud/codings/airflow/dags/4_dag_PUSH_Updated_YML_To_Cortex.py for tasks to queue
[2026-03-11T05:12:00.257+0000] {logging_mixin.py:188} INFO - [2026-03-11T05:12:00.256+0000] {dagbag.py:545} INFO - Filling up the DagBag from /home/cloud/codings/airflow/dags/4_dag_PUSH_Updated_YML_To_Cortex.py
[2026-03-11T05:12:00.291+0000] {processor.py:840} INFO - DAG(s) '4_dag_PUSH_Updated_YML_To_Cortex' retrieved from /home/cloud/codings/airflow/dags/4_dag_PUSH_Updated_YML_To_Cortex.py
[2026-03-11T05:12:00.312+0000] {logging_mixin.py:188} INFO - [2026-03-11T05:12:00.312+0000] {dag.py:3089} INFO - Sync 1 DAGs
[2026-03-11T05:12:00.330+0000] {logging_mixin.py:188} INFO - [2026-03-11T05:12:00.330+0000] {dag.py:3947} INFO - Setting next_dagrun for 4_dag_PUSH_Updated_YML_To_Cortex to None, run_after=None
[2026-03-11T05:12:00.368+0000] {processor.py:183} INFO - Processing /home/cloud/codings/airflow/dags/4_dag_PUSH_Updated_YML_To_Cortex.py took 0.142 seconds
[2026-03-11T05:12:30.815+0000] {processor.py:161} INFO - Started process (PID=533151) to work on /home/cloud/codings/airflow/dags/4_dag_PUSH_Updated_YML_To_Cortex.py
[2026-03-11T05:12:30.818+0000] {processor.py:830} INFO - Processing file /home/cloud/codings/airflow/dags/4_dag_PUSH_Updated_YML_To_Cortex.py for tasks to queue
[2026-03-11T05:12:30.820+0000] {logging_mixin.py:188} INFO - [2026-03-11T05:12:30.819+0000] {dagbag.py:545} INFO - Filling up the DagBag from /home/cloud/codings/airflow/dags/4_dag_PUSH_Updated_YML_To_Cortex.py
[2026-03-11T05:12:30.879+0000] {processor.py:840} INFO - DAG(s) '4_dag_PUSH_Updated_YML_To_Cortex' retrieved from /home/cloud/codings/airflow/dags/4_dag_PUSH_Updated_YML_To_Cortex.py
[2026-03-11T05:12:30.913+0000] {logging_mixin.py:188} INFO - [2026-03-11T05:12:30.913+0000] {dag.py:3089} INFO - Sync 1 DAGs
[2026-03-11T05:12:30.928+0000] {logging_mixin.py:188} INFO - [2026-03-11T05:12:30.928+0000] {dag.py:3947} INFO - Setting next_dagrun for 4_dag_PUSH_Updated_YML_To_Cortex to None, run_after=None
[2026-03-11T05:12:30.958+0000] {processor.py:183} INFO - Processing /home/cloud/codings/airflow/dags/4_dag_PUSH_Updated_YML_To_Cortex.py took 0.175 seconds
[2026-03-11T05:13:01.515+0000] {processor.py:161} INFO - Started process (PID=533238) to work on /home/cloud/codings/airflow/dags/4_dag_PUSH_Updated_YML_To_Cortex.py
[2026-03-11T05:13:01.533+0000] {processor.py:830} INFO - Processing file /home/cloud/codings/airflow/dags/4_dag_PUSH_Updated_YML_To_Cortex.py for tasks to queue
[2026-03-11T05:13:01.535+0000] {logging_mixin.py:188} INFO - [2026-03-11T05:13:01.534+0000] {dagbag.py:545} INFO - Filling up the DagBag from /home/cloud/codings/airflow/dags/4_dag_PUSH_Updated_YML_To_Cortex.py
[2026-03-11T05:13:01.600+0000] {processor.py:840} INFO - DAG(s) '4_dag_PUSH_Updated_YML_To_Cortex' retrieved from /home/cloud/codings/airflow/dags/4_dag_PUSH_Updated_YML_To_Cortex.py
[2026-03-11T05:13:01.630+0000] {logging_mixin.py:188} INFO - [2026-03-11T05:13:01.629+0000] {dag.py:3089} INFO - Sync 1 DAGs
[2026-03-11T05:13:01.647+0000] {logging_mixin.py:188} INFO - [2026-03-11T05:13:01.647+0000] {dag.py:3947} INFO - Setting next_dagrun for 4_dag_PUSH_Updated_YML_To_Cortex to None, run_after=None
[2026-03-11T05:13:01.695+0000] {processor.py:183} INFO - Processing /home/cloud/codings/airflow/dags/4_dag_PUSH_Updated_YML_To_Cortex.py took 0.191 seconds
[2026-03-11T05:13:32.036+0000] {processor.py:161} INFO - Started process (PID=533261) to work on /home/cloud/codings/airflow/dags/4_dag_PUSH_Updated_YML_To_Cortex.py
[2026-03-11T05:13:32.039+0000] {processor.py:830} INFO - Processing file /home/cloud/codings/airflow/dags/4_dag_PUSH_Updated_YML_To_Cortex.py for tasks to queue
[2026-03-11T05:13:32.042+0000] {logging_mixin.py:188} INFO - [2026-03-11T05:13:32.041+0000] {dagbag.py:545} INFO - Filling up the DagBag from /home/cloud/codings/airflow/dags/4_dag_PUSH_Updated_YML_To_Cortex.py
[2026-03-11T05:13:32.092+0000] {processor.py:840} INFO - DAG(s) '4_dag_PUSH_Updated_YML_To_Cortex' retrieved from /home/cloud/codings/airflow/dags/4_dag_PUSH_Updated_YML_To_Cortex.py
[2026-03-11T05:13:32.118+0000] {logging_mixin.py:188} INFO - [2026-03-11T05:13:32.118+0000] {dag.py:3089} INFO - Sync 1 DAGs
[2026-03-11T05:13:32.135+0000] {logging_mixin.py:188} INFO - [2026-03-11T05:13:32.135+0000] {dag.py:3947} INFO - Setting next_dagrun for 4_dag_PUSH_Updated_YML_To_Cortex to None, run_after=None
[2026-03-11T05:13:32.185+0000] {processor.py:183} INFO - Processing /home/cloud/codings/airflow/dags/4_dag_PUSH_Updated_YML_To_Cortex.py took 0.166 seconds
[2026-03-11T05:14:02.713+0000] {processor.py:161} INFO - Started process (PID=533340) to work on /home/cloud/codings/airflow/dags/4_dag_PUSH_Updated_YML_To_Cortex.py
[2026-03-11T05:14:02.732+0000] {processor.py:830} INFO - Processing file /home/cloud/codings/airflow/dags/4_dag_PUSH_Updated_YML_To_Cortex.py for tasks to queue
[2026-03-11T05:14:02.733+0000] {logging_mixin.py:188} INFO - [2026-03-11T05:14:02.733+0000] {dagbag.py:545} INFO - Filling up the DagBag from /home/cloud/codings/airflow/dags/4_dag_PUSH_Updated_YML_To_Cortex.py
[2026-03-11T05:14:02.802+0000] {processor.py:840} INFO - DAG(s) '4_dag_PUSH_Updated_YML_To_Cortex' retrieved from /home/cloud/codings/airflow/dags/4_dag_PUSH_Updated_YML_To_Cortex.py
[2026-03-11T05:14:02.863+0000] {logging_mixin.py:188} INFO - [2026-03-11T05:14:02.862+0000] {dag.py:3089} INFO - Sync 1 DAGs
[2026-03-11T05:14:02.916+0000] {logging_mixin.py:188} INFO - [2026-03-11T05:14:02.915+0000] {dag.py:3947} INFO - Setting next_dagrun for 4_dag_PUSH_Updated_YML_To_Cortex to None, run_after=None
[2026-03-11T05:14:02.981+0000] {processor.py:183} INFO - Processing /home/cloud/codings/airflow/dags/4_dag_PUSH_Updated_YML_To_Cortex.py took 0.277 seconds
[2026-03-11T05:14:33.237+0000] {processor.py:161} INFO - Started process (PID=533365) to work on /home/cloud/codings/airflow/dags/4_dag_PUSH_Updated_YML_To_Cortex.py
[2026-03-11T05:14:33.239+0000] {processor.py:830} INFO - Processing file /home/cloud/codings/airflow/dags/4_dag_PUSH_Updated_YML_To_Cortex.py for tasks to queue
[2026-03-11T05:14:33.240+0000] {logging_mixin.py:188} INFO - [2026-03-11T05:14:33.240+0000] {dagbag.py:545} INFO - Filling up the DagBag from /home/cloud/codings/airflow/dags/4_dag_PUSH_Updated_YML_To_Cortex.py
[2026-03-11T05:14:33.272+0000] {processor.py:840} INFO - DAG(s) '4_dag_PUSH_Updated_YML_To_Cortex' retrieved from /home/cloud/codings/airflow/dags/4_dag_PUSH_Updated_YML_To_Cortex.py
[2026-03-11T05:14:33.289+0000] {logging_mixin.py:188} INFO - [2026-03-11T05:14:33.289+0000] {dag.py:3089} INFO - Sync 1 DAGs
[2026-03-11T05:14:33.304+0000] {logging_mixin.py:188} INFO - [2026-03-11T05:14:33.304+0000] {dag.py:3947} INFO - Setting next_dagrun for 4_dag_PUSH_Updated_YML_To_Cortex to None, run_after=None
[2026-03-11T05:14:33.326+0000] {processor.py:183} INFO - Processing /home/cloud/codings/airflow/dags/4_dag_PUSH_Updated_YML_To_Cortex.py took 0.109 seconds
[2026-03-11T05:15:03.963+0000] {processor.py:161} INFO - Started process (PID=533477) to work on /home/cloud/codings/airflow/dags/4_dag_PUSH_Updated_YML_To_Cortex.py
[2026-03-11T05:15:03.983+0000] {processor.py:830} INFO - Processing file /home/cloud/codings/airflow/dags/4_dag_PUSH_Updated_YML_To_Cortex.py for tasks to queue
[2026-03-11T05:15:03.986+0000] {logging_mixin.py:188} INFO - [2026-03-11T05:15:03.985+0000] {dagbag.py:545} INFO - Filling up the DagBag from /home/cloud/codings/airflow/dags/4_dag_PUSH_Updated_YML_To_Cortex.py
[2026-03-11T05:15:04.043+0000] {processor.py:840} INFO - DAG(s) '4_dag_PUSH_Updated_YML_To_Cortex' retrieved from /home/cloud/codings/airflow/dags/4_dag_PUSH_Updated_YML_To_Cortex.py
[2026-03-11T05:15:04.067+0000] {logging_mixin.py:188} INFO - [2026-03-11T05:15:04.066+0000] {dag.py:3089} INFO - Sync 1 DAGs
[2026-03-11T05:15:04.087+0000] {logging_mixin.py:188} INFO - [2026-03-11T05:15:04.087+0000] {dag.py:3947} INFO - Setting next_dagrun for 4_dag_PUSH_Updated_YML_To_Cortex to None, run_after=None
[2026-03-11T05:15:04.132+0000] {processor.py:183} INFO - Processing /home/cloud/codings/airflow/dags/4_dag_PUSH_Updated_YML_To_Cortex.py took 0.191 seconds
[2026-03-11T05:15:34.465+0000] {processor.py:161} INFO - Started process (PID=533537) to work on /home/cloud/codings/airflow/dags/4_dag_PUSH_Updated_YML_To_Cortex.py
[2026-03-11T05:15:34.467+0000] {processor.py:830} INFO - Processing file /home/cloud/codings/airflow/dags/4_dag_PUSH_Updated_YML_To_Cortex.py for tasks to queue
[2026-03-11T05:15:34.469+0000] {logging_mixin.py:188} INFO - [2026-03-11T05:15:34.468+0000] {dagbag.py:545} INFO - Filling up the DagBag from /home/cloud/codings/airflow/dags/4_dag_PUSH_Updated_YML_To_Cortex.py
[2026-03-11T05:15:34.507+0000] {processor.py:840} INFO - DAG(s) '4_dag_PUSH_Updated_YML_To_Cortex' retrieved from /home/cloud/codings/airflow/dags/4_dag_PUSH_Updated_YML_To_Cortex.py
[2026-03-11T05:15:34.531+0000] {logging_mixin.py:188} INFO - [2026-03-11T05:15:34.530+0000] {dag.py:3089} INFO - Sync 1 DAGs
[2026-03-11T05:15:34.550+0000] {logging_mixin.py:188} INFO - [2026-03-11T05:15:34.550+0000] {dag.py:3947} INFO - Setting next_dagrun for 4_dag_PUSH_Updated_YML_To_Cortex to None, run_after=None
[2026-03-11T05:15:34.581+0000] {processor.py:183} INFO - Processing /home/cloud/codings/airflow/dags/4_dag_PUSH_Updated_YML_To_Cortex.py took 0.130 seconds
[2026-03-11T05:16:05.200+0000] {processor.py:161} INFO - Started process (PID=533622) to work on /home/cloud/codings/airflow/dags/4_dag_PUSH_Updated_YML_To_Cortex.py
[2026-03-11T05:16:05.219+0000] {processor.py:830} INFO - Processing file /home/cloud/codings/airflow/dags/4_dag_PUSH_Updated_YML_To_Cortex.py for tasks to queue
[2026-03-11T05:16:05.221+0000] {logging_mixin.py:188} INFO - [2026-03-11T05:16:05.220+0000] {dagbag.py:545} INFO - Filling up the DagBag from /home/cloud/codings/airflow/dags/4_dag_PUSH_Updated_YML_To_Cortex.py
[2026-03-11T05:16:05.261+0000] {processor.py:840} INFO - DAG(s) '4_dag_PUSH_Updated_YML_To_Cortex' retrieved from /home/cloud/codings/airflow/dags/4_dag_PUSH_Updated_YML_To_Cortex.py
[2026-03-11T05:16:05.314+0000] {logging_mixin.py:188} INFO - [2026-03-11T05:16:05.312+0000] {dag.py:3089} INFO - Sync 1 DAGs
[2026-03-11T05:16:05.352+0000] {logging_mixin.py:188} INFO - [2026-03-11T05:16:05.351+0000] {dag.py:3947} INFO - Setting next_dagrun for 4_dag_PUSH_Updated_YML_To_Cortex to None, run_after=None
[2026-03-11T05:16:05.426+0000] {processor.py:183} INFO - Processing /home/cloud/codings/airflow/dags/4_dag_PUSH_Updated_YML_To_Cortex.py took 0.238 seconds
[2026-03-11T05:16:35.748+0000] {processor.py:161} INFO - Started process (PID=533643) to work on /home/cloud/codings/airflow/dags/4_dag_PUSH_Updated_YML_To_Cortex.py
[2026-03-11T05:16:35.766+0000] {processor.py:830} INFO - Processing file /home/cloud/codings/airflow/dags/4_dag_PUSH_Updated_YML_To_Cortex.py for tasks to queue
[2026-03-11T05:16:35.768+0000] {logging_mixin.py:188} INFO - [2026-03-11T05:16:35.767+0000] {dagbag.py:545} INFO - Filling up the DagBag from /home/cloud/codings/airflow/dags/4_dag_PUSH_Updated_YML_To_Cortex.py
[2026-03-11T05:16:35.803+0000] {processor.py:840} INFO - DAG(s) '4_dag_PUSH_Updated_YML_To_Cortex' retrieved from /home/cloud/codings/airflow/dags/4_dag_PUSH_Updated_YML_To_Cortex.py
[2026-03-11T05:16:35.821+0000] {logging_mixin.py:188} INFO - [2026-03-11T05:16:35.821+0000] {dag.py:3089} INFO - Sync 1 DAGs
[2026-03-11T05:16:35.834+0000] {logging_mixin.py:188} INFO - [2026-03-11T05:16:35.834+0000] {dag.py:3947} INFO - Setting next_dagrun for 4_dag_PUSH_Updated_YML_To_Cortex to None, run_after=None
[2026-03-11T05:16:35.859+0000] {processor.py:183} INFO - Processing /home/cloud/codings/airflow/dags/4_dag_PUSH_Updated_YML_To_Cortex.py took 0.118 seconds
[2026-03-11T05:17:06.565+0000] {processor.py:161} INFO - Started process (PID=533734) to work on /home/cloud/codings/airflow/dags/4_dag_PUSH_Updated_YML_To_Cortex.py
[2026-03-11T05:17:06.567+0000] {processor.py:830} INFO - Processing file /home/cloud/codings/airflow/dags/4_dag_PUSH_Updated_YML_To_Cortex.py for tasks to queue
[2026-03-11T05:17:06.569+0000] {logging_mixin.py:188} INFO - [2026-03-11T05:17:06.568+0000] {dagbag.py:545} INFO - Filling up the DagBag from /home/cloud/codings/airflow/dags/4_dag_PUSH_Updated_YML_To_Cortex.py
[2026-03-11T05:17:06.597+0000] {processor.py:840} INFO - DAG(s) '4_dag_PUSH_Updated_YML_To_Cortex' retrieved from /home/cloud/codings/airflow/dags/4_dag_PUSH_Updated_YML_To_Cortex.py
[2026-03-11T05:17:06.612+0000] {logging_mixin.py:188} INFO - [2026-03-11T05:17:06.611+0000] {dag.py:3089} INFO - Sync 1 DAGs
[2026-03-11T05:17:06.628+0000] {logging_mixin.py:188} INFO - [2026-03-11T05:17:06.628+0000] {dag.py:3947} INFO - Setting next_dagrun for 4_dag_PUSH_Updated_YML_To_Cortex to None, run_after=None
[2026-03-11T05:17:06.658+0000] {processor.py:183} INFO - Processing /home/cloud/codings/airflow/dags/4_dag_PUSH_Updated_YML_To_Cortex.py took 0.102 seconds
[2026-03-11T05:17:36.964+0000] {processor.py:161} INFO - Started process (PID=533757) to work on /home/cloud/codings/airflow/dags/4_dag_PUSH_Updated_YML_To_Cortex.py
[2026-03-11T05:17:36.965+0000] {processor.py:830} INFO - Processing file /home/cloud/codings/airflow/dags/4_dag_PUSH_Updated_YML_To_Cortex.py for tasks to queue
[2026-03-11T05:17:36.967+0000] {logging_mixin.py:188} INFO - [2026-03-11T05:17:36.966+0000] {dagbag.py:545} INFO - Filling up the DagBag from /home/cloud/codings/airflow/dags/4_dag_PUSH_Updated_YML_To_Cortex.py
[2026-03-11T05:17:36.998+0000] {processor.py:840} INFO - DAG(s) '4_dag_PUSH_Updated_YML_To_Cortex' retrieved from /home/cloud/codings/airflow/dags/4_dag_PUSH_Updated_YML_To_Cortex.py
[2026-03-11T05:17:37.015+0000] {logging_mixin.py:188} INFO - [2026-03-11T05:17:37.014+0000] {dag.py:3089} INFO - Sync 1 DAGs
[2026-03-11T05:17:37.028+0000] {logging_mixin.py:188} INFO - [2026-03-11T05:17:37.028+0000] {dag.py:3947} INFO - Setting next_dagrun for 4_dag_PUSH_Updated_YML_To_Cortex to None, run_after=None
[2026-03-11T05:17:37.050+0000] {processor.py:183} INFO - Processing /home/cloud/codings/airflow/dags/4_dag_PUSH_Updated_YML_To_Cortex.py took 0.098 seconds
[2026-03-11T05:18:07.540+0000] {processor.py:161} INFO - Started process (PID=533844) to work on /home/cloud/codings/airflow/dags/4_dag_PUSH_Updated_YML_To_Cortex.py
[2026-03-11T05:18:07.542+0000] {processor.py:830} INFO - Processing file /home/cloud/codings/airflow/dags/4_dag_PUSH_Updated_YML_To_Cortex.py for tasks to queue
[2026-03-11T05:18:07.544+0000] {logging_mixin.py:188} INFO - [2026-03-11T05:18:07.543+0000] {dagbag.py:545} INFO - Filling up the DagBag from /home/cloud/codings/airflow/dags/4_dag_PUSH_Updated_YML_To_Cortex.py
[2026-03-11T05:18:07.568+0000] {processor.py:840} INFO - DAG(s) '4_dag_PUSH_Updated_YML_To_Cortex' retrieved from /home/cloud/codings/airflow/dags/4_dag_PUSH_Updated_YML_To_Cortex.py
[2026-03-11T05:18:07.586+0000] {logging_mixin.py:188} INFO - [2026-03-11T05:18:07.586+0000] {dag.py:3089} INFO - Sync 1 DAGs
[2026-03-11T05:18:07.602+0000] {logging_mixin.py:188} INFO - [2026-03-11T05:18:07.601+0000] {dag.py:3947} INFO - Setting next_dagrun for 4_dag_PUSH_Updated_YML_To_Cortex to None, run_after=None
[2026-03-11T05:18:07.628+0000] {processor.py:183} INFO - Processing /home/cloud/codings/airflow/dags/4_dag_PUSH_Updated_YML_To_Cortex.py took 0.095 seconds
[2026-03-11T05:18:38.274+0000] {processor.py:161} INFO - Started process (PID=533871) to work on /home/cloud/codings/airflow/dags/4_dag_PUSH_Updated_YML_To_Cortex.py
[2026-03-11T05:18:38.303+0000] {processor.py:830} INFO - Processing file /home/cloud/codings/airflow/dags/4_dag_PUSH_Updated_YML_To_Cortex.py for tasks to queue
[2026-03-11T05:18:38.306+0000] {logging_mixin.py:188} INFO - [2026-03-11T05:18:38.305+0000] {dagbag.py:545} INFO - Filling up the DagBag from /home/cloud/codings/airflow/dags/4_dag_PUSH_Updated_YML_To_Cortex.py
[2026-03-11T05:18:38.376+0000] {processor.py:840} INFO - DAG(s) '4_dag_PUSH_Updated_YML_To_Cortex' retrieved from /home/cloud/codings/airflow/dags/4_dag_PUSH_Updated_YML_To_Cortex.py
[2026-03-11T05:18:38.403+0000] {logging_mixin.py:188} INFO - [2026-03-11T05:18:38.403+0000] {dag.py:3089} INFO - Sync 1 DAGs
[2026-03-11T05:18:38.421+0000] {logging_mixin.py:188} INFO - [2026-03-11T05:18:38.421+0000] {dag.py:3947} INFO - Setting next_dagrun for 4_dag_PUSH_Updated_YML_To_Cortex to None, run_after=None
[2026-03-11T05:18:38.495+0000] {processor.py:183} INFO - Processing /home/cloud/codings/airflow/dags/4_dag_PUSH_Updated_YML_To_Cortex.py took 0.243 seconds
[2026-03-11T05:19:09.158+0000] {processor.py:161} INFO - Started process (PID=533956) to work on /home/cloud/codings/airflow/dags/4_dag_PUSH_Updated_YML_To_Cortex.py
[2026-03-11T05:19:09.161+0000] {processor.py:830} INFO - Processing file /home/cloud/codings/airflow/dags/4_dag_PUSH_Updated_YML_To_Cortex.py for tasks to queue
[2026-03-11T05:19:09.165+0000] {logging_mixin.py:188} INFO - [2026-03-11T05:19:09.163+0000] {dagbag.py:545} INFO - Filling up the DagBag from /home/cloud/codings/airflow/dags/4_dag_PUSH_Updated_YML_To_Cortex.py
[2026-03-11T05:19:09.219+0000] {processor.py:840} INFO - DAG(s) '4_dag_PUSH_Updated_YML_To_Cortex' retrieved from /home/cloud/codings/airflow/dags/4_dag_PUSH_Updated_YML_To_Cortex.py
[2026-03-11T05:19:09.254+0000] {logging_mixin.py:188} INFO - [2026-03-11T05:19:09.253+0000] {dag.py:3089} INFO - Sync 1 DAGs
[2026-03-11T05:19:09.282+0000] {logging_mixin.py:188} INFO - [2026-03-11T05:19:09.282+0000] {dag.py:3947} INFO - Setting next_dagrun for 4_dag_PUSH_Updated_YML_To_Cortex to None, run_after=None
[2026-03-11T05:19:09.313+0000] {processor.py:183} INFO - Processing /home/cloud/codings/airflow/dags/4_dag_PUSH_Updated_YML_To_Cortex.py took 0.178 seconds
[2026-03-11T05:19:39.866+0000] {processor.py:161} INFO - Started process (PID=533975) to work on /home/cloud/codings/airflow/dags/4_dag_PUSH_Updated_YML_To_Cortex.py
[2026-03-11T05:19:39.889+0000] {processor.py:830} INFO - Processing file /home/cloud/codings/airflow/dags/4_dag_PUSH_Updated_YML_To_Cortex.py for tasks to queue
[2026-03-11T05:19:39.890+0000] {logging_mixin.py:188} INFO - [2026-03-11T05:19:39.890+0000] {dagbag.py:545} INFO - Filling up the DagBag from /home/cloud/codings/airflow/dags/4_dag_PUSH_Updated_YML_To_Cortex.py
[2026-03-11T05:19:39.923+0000] {processor.py:840} INFO - DAG(s) '4_dag_PUSH_Updated_YML_To_Cortex' retrieved from /home/cloud/codings/airflow/dags/4_dag_PUSH_Updated_YML_To_Cortex.py
[2026-03-11T05:19:39.945+0000] {logging_mixin.py:188} INFO - [2026-03-11T05:19:39.945+0000] {dag.py:3089} INFO - Sync 1 DAGs
[2026-03-11T05:19:39.959+0000] {logging_mixin.py:188} INFO - [2026-03-11T05:19:39.959+0000] {dag.py:3947} INFO - Setting next_dagrun for 4_dag_PUSH_Updated_YML_To_Cortex to None, run_after=None
[2026-03-11T05:19:40.072+0000] {processor.py:183} INFO - Processing /home/cloud/codings/airflow/dags/4_dag_PUSH_Updated_YML_To_Cortex.py took 0.216 seconds
[2026-03-11T05:20:11.141+0000] {processor.py:161} INFO - Started process (PID=534122) to work on /home/cloud/codings/airflow/dags/4_dag_PUSH_Updated_YML_To_Cortex.py
[2026-03-11T05:20:11.142+0000] {processor.py:830} INFO - Processing file /home/cloud/codings/airflow/dags/4_dag_PUSH_Updated_YML_To_Cortex.py for tasks to queue
[2026-03-11T05:20:11.144+0000] {logging_mixin.py:188} INFO - [2026-03-11T05:20:11.143+0000] {dagbag.py:545} INFO - Filling up the DagBag from /home/cloud/codings/airflow/dags/4_dag_PUSH_Updated_YML_To_Cortex.py
[2026-03-11T05:20:11.178+0000] {processor.py:840} INFO - DAG(s) '4_dag_PUSH_Updated_YML_To_Cortex' retrieved from /home/cloud/codings/airflow/dags/4_dag_PUSH_Updated_YML_To_Cortex.py
[2026-03-11T05:20:11.210+0000] {logging_mixin.py:188} INFO - [2026-03-11T05:20:11.210+0000] {dag.py:3089} INFO - Sync 1 DAGs
[2026-03-11T05:20:11.232+0000] {logging_mixin.py:188} INFO - [2026-03-11T05:20:11.231+0000] {dag.py:3947} INFO - Setting next_dagrun for 4_dag_PUSH_Updated_YML_To_Cortex to None, run_after=None
[2026-03-11T05:20:11.275+0000] {processor.py:183} INFO - Processing /home/cloud/codings/airflow/dags/4_dag_PUSH_Updated_YML_To_Cortex.py took 0.145 seconds
[2026-03-11T05:20:42.128+0000] {processor.py:161} INFO - Started process (PID=534149) to work on /home/cloud/codings/airflow/dags/4_dag_PUSH_Updated_YML_To_Cortex.py
[2026-03-11T05:20:42.147+0000] {processor.py:830} INFO - Processing file /home/cloud/codings/airflow/dags/4_dag_PUSH_Updated_YML_To_Cortex.py for tasks to queue
[2026-03-11T05:20:42.148+0000] {logging_mixin.py:188} INFO - [2026-03-11T05:20:42.148+0000] {dagbag.py:545} INFO - Filling up the DagBag from /home/cloud/codings/airflow/dags/4_dag_PUSH_Updated_YML_To_Cortex.py
[2026-03-11T05:20:42.175+0000] {processor.py:840} INFO - DAG(s) '4_dag_PUSH_Updated_YML_To_Cortex' retrieved from /home/cloud/codings/airflow/dags/4_dag_PUSH_Updated_YML_To_Cortex.py
[2026-03-11T05:20:42.192+0000] {logging_mixin.py:188} INFO - [2026-03-11T05:20:42.191+0000] {dag.py:3089} INFO - Sync 1 DAGs
[2026-03-11T05:20:42.206+0000] {logging_mixin.py:188} INFO - [2026-03-11T05:20:42.205+0000] {dag.py:3947} INFO - Setting next_dagrun for 4_dag_PUSH_Updated_YML_To_Cortex to None, run_after=None
[2026-03-11T05:20:42.229+0000] {processor.py:183} INFO - Processing /home/cloud/codings/airflow/dags/4_dag_PUSH_Updated_YML_To_Cortex.py took 0.108 seconds
[2026-03-11T05:21:12.820+0000] {processor.py:161} INFO - Started process (PID=534234) to work on /home/cloud/codings/airflow/dags/4_dag_PUSH_Updated_YML_To_Cortex.py
[2026-03-11T05:21:12.822+0000] {processor.py:830} INFO - Processing file /home/cloud/codings/airflow/dags/4_dag_PUSH_Updated_YML_To_Cortex.py for tasks to queue
[2026-03-11T05:21:12.824+0000] {logging_mixin.py:188} INFO - [2026-03-11T05:21:12.823+0000] {dagbag.py:545} INFO - Filling up the DagBag from /home/cloud/codings/airflow/dags/4_dag_PUSH_Updated_YML_To_Cortex.py
[2026-03-11T05:21:12.870+0000] {processor.py:840} INFO - DAG(s) '4_dag_PUSH_Updated_YML_To_Cortex' retrieved from /home/cloud/codings/airflow/dags/4_dag_PUSH_Updated_YML_To_Cortex.py
[2026-03-11T05:21:12.896+0000] {logging_mixin.py:188} INFO - [2026-03-11T05:21:12.896+0000] {dag.py:3089} INFO - Sync 1 DAGs
[2026-03-11T05:21:12.914+0000] {logging_mixin.py:188} INFO - [2026-03-11T05:21:12.914+0000] {dag.py:3947} INFO - Setting next_dagrun for 4_dag_PUSH_Updated_YML_To_Cortex to None, run_after=None
[2026-03-11T05:21:12.970+0000] {processor.py:183} INFO - Processing /home/cloud/codings/airflow/dags/4_dag_PUSH_Updated_YML_To_Cortex.py took 0.165 seconds
[2026-03-11T05:21:43.355+0000] {processor.py:161} INFO - Started process (PID=534259) to work on /home/cloud/codings/airflow/dags/4_dag_PUSH_Updated_YML_To_Cortex.py
[2026-03-11T05:21:43.357+0000] {processor.py:830} INFO - Processing file /home/cloud/codings/airflow/dags/4_dag_PUSH_Updated_YML_To_Cortex.py for tasks to queue
[2026-03-11T05:21:43.358+0000] {logging_mixin.py:188} INFO - [2026-03-11T05:21:43.358+0000] {dagbag.py:545} INFO - Filling up the DagBag from /home/cloud/codings/airflow/dags/4_dag_PUSH_Updated_YML_To_Cortex.py
[2026-03-11T05:21:43.382+0000] {processor.py:840} INFO - DAG(s) '4_dag_PUSH_Updated_YML_To_Cortex' retrieved from /home/cloud/codings/airflow/dags/4_dag_PUSH_Updated_YML_To_Cortex.py
[2026-03-11T05:21:43.396+0000] {logging_mixin.py:188} INFO - [2026-03-11T05:21:43.396+0000] {dag.py:3089} INFO - Sync 1 DAGs
[2026-03-11T05:21:43.408+0000] {logging_mixin.py:188} INFO - [2026-03-11T05:21:43.408+0000] {dag.py:3947} INFO - Setting next_dagrun for 4_dag_PUSH_Updated_YML_To_Cortex to None, run_after=None
[2026-03-11T05:21:43.433+0000] {processor.py:183} INFO - Processing /home/cloud/codings/airflow/dags/4_dag_PUSH_Updated_YML_To_Cortex.py took 0.086 seconds
[2026-03-11T05:22:13.909+0000] {processor.py:161} INFO - Started process (PID=534345) to work on /home/cloud/codings/airflow/dags/4_dag_PUSH_Updated_YML_To_Cortex.py
[2026-03-11T05:22:13.913+0000] {processor.py:830} INFO - Processing file /home/cloud/codings/airflow/dags/4_dag_PUSH_Updated_YML_To_Cortex.py for tasks to queue
[2026-03-11T05:22:13.917+0000] {logging_mixin.py:188} INFO - [2026-03-11T05:22:13.916+0000] {dagbag.py:545} INFO - Filling up the DagBag from /home/cloud/codings/airflow/dags/4_dag_PUSH_Updated_YML_To_Cortex.py
[2026-03-11T05:22:13.982+0000] {processor.py:840} INFO - DAG(s) '4_dag_PUSH_Updated_YML_To_Cortex' retrieved from /home/cloud/codings/airflow/dags/4_dag_PUSH_Updated_YML_To_Cortex.py
[2026-03-11T05:22:14.008+0000] {logging_mixin.py:188} INFO - [2026-03-11T05:22:14.007+0000] {dag.py:3089} INFO - Sync 1 DAGs
[2026-03-11T05:22:14.027+0000] {logging_mixin.py:188} INFO - [2026-03-11T05:22:14.027+0000] {dag.py:3947} INFO - Setting next_dagrun for 4_dag_PUSH_Updated_YML_To_Cortex to None, run_after=None
[2026-03-11T05:22:14.079+0000] {processor.py:183} INFO - Processing /home/cloud/codings/airflow/dags/4_dag_PUSH_Updated_YML_To_Cortex.py took 0.201 seconds
[2026-03-11T05:22:44.505+0000] {processor.py:161} INFO - Started process (PID=534384) to work on /home/cloud/codings/airflow/dags/4_dag_PUSH_Updated_YML_To_Cortex.py
[2026-03-11T05:22:44.506+0000] {processor.py:830} INFO - Processing file /home/cloud/codings/airflow/dags/4_dag_PUSH_Updated_YML_To_Cortex.py for tasks to queue
[2026-03-11T05:22:44.508+0000] {logging_mixin.py:188} INFO - [2026-03-11T05:22:44.507+0000] {dagbag.py:545} INFO - Filling up the DagBag from /home/cloud/codings/airflow/dags/4_dag_PUSH_Updated_YML_To_Cortex.py
[2026-03-11T05:22:44.530+0000] {processor.py:840} INFO - DAG(s) '4_dag_PUSH_Updated_YML_To_Cortex' retrieved from /home/cloud/codings/airflow/dags/4_dag_PUSH_Updated_YML_To_Cortex.py
[2026-03-11T05:22:44.546+0000] {logging_mixin.py:188} INFO - [2026-03-11T05:22:44.545+0000] {dag.py:3089} INFO - Sync 1 DAGs
[2026-03-11T05:22:44.559+0000] {logging_mixin.py:188} INFO - [2026-03-11T05:22:44.559+0000] {dag.py:3947} INFO - Setting next_dagrun for 4_dag_PUSH_Updated_YML_To_Cortex to None, run_after=None
[2026-03-11T05:22:44.582+0000] {processor.py:183} INFO - Processing /home/cloud/codings/airflow/dags/4_dag_PUSH_Updated_YML_To_Cortex.py took 0.085 seconds
[2026-03-11T05:23:15.097+0000] {processor.py:161} INFO - Started process (PID=534469) to work on /home/cloud/codings/airflow/dags/4_dag_PUSH_Updated_YML_To_Cortex.py
[2026-03-11T05:23:15.100+0000] {processor.py:830} INFO - Processing file /home/cloud/codings/airflow/dags/4_dag_PUSH_Updated_YML_To_Cortex.py for tasks to queue
[2026-03-11T05:23:15.102+0000] {logging_mixin.py:188} INFO - [2026-03-11T05:23:15.101+0000] {dagbag.py:545} INFO - Filling up the DagBag from /home/cloud/codings/airflow/dags/4_dag_PUSH_Updated_YML_To_Cortex.py
[2026-03-11T05:23:15.137+0000] {processor.py:840} INFO - DAG(s) '4_dag_PUSH_Updated_YML_To_Cortex' retrieved from /home/cloud/codings/airflow/dags/4_dag_PUSH_Updated_YML_To_Cortex.py
[2026-03-11T05:23:15.152+0000] {logging_mixin.py:188} INFO - [2026-03-11T05:23:15.152+0000] {dag.py:3089} INFO - Sync 1 DAGs
[2026-03-11T05:23:15.164+0000] {logging_mixin.py:188} INFO - [2026-03-11T05:23:15.164+0000] {dag.py:3947} INFO - Setting next_dagrun for 4_dag_PUSH_Updated_YML_To_Cortex to None, run_after=None
[2026-03-11T05:23:15.191+0000] {processor.py:183} INFO - Processing /home/cloud/codings/airflow/dags/4_dag_PUSH_Updated_YML_To_Cortex.py took 0.114 seconds
[2026-03-11T05:23:45.704+0000] {processor.py:161} INFO - Started process (PID=534496) to work on /home/cloud/codings/airflow/dags/4_dag_PUSH_Updated_YML_To_Cortex.py
[2026-03-11T05:23:45.706+0000] {processor.py:830} INFO - Processing file /home/cloud/codings/airflow/dags/4_dag_PUSH_Updated_YML_To_Cortex.py for tasks to queue
[2026-03-11T05:23:45.708+0000] {logging_mixin.py:188} INFO - [2026-03-11T05:23:45.707+0000] {dagbag.py:545} INFO - Filling up the DagBag from /home/cloud/codings/airflow/dags/4_dag_PUSH_Updated_YML_To_Cortex.py
[2026-03-11T05:23:45.752+0000] {processor.py:840} INFO - DAG(s) '4_dag_PUSH_Updated_YML_To_Cortex' retrieved from /home/cloud/codings/airflow/dags/4_dag_PUSH_Updated_YML_To_Cortex.py
[2026-03-11T05:23:45.778+0000] {logging_mixin.py:188} INFO - [2026-03-11T05:23:45.778+0000] {dag.py:3089} INFO - Sync 1 DAGs
[2026-03-11T05:23:45.797+0000] {logging_mixin.py:188} INFO - [2026-03-11T05:23:45.797+0000] {dag.py:3947} INFO - Setting next_dagrun for 4_dag_PUSH_Updated_YML_To_Cortex to None, run_after=None
[2026-03-11T05:23:45.835+0000] {processor.py:183} INFO - Processing /home/cloud/codings/airflow/dags/4_dag_PUSH_Updated_YML_To_Cortex.py took 0.144 seconds
[2026-03-11T05:24:16.365+0000] {processor.py:161} INFO - Started process (PID=534579) to work on /home/cloud/codings/airflow/dags/4_dag_PUSH_Updated_YML_To_Cortex.py
[2026-03-11T05:24:16.368+0000] {processor.py:830} INFO - Processing file /home/cloud/codings/airflow/dags/4_dag_PUSH_Updated_YML_To_Cortex.py for tasks to queue
[2026-03-11T05:24:16.370+0000] {logging_mixin.py:188} INFO - [2026-03-11T05:24:16.369+0000] {dagbag.py:545} INFO - Filling up the DagBag from /home/cloud/codings/airflow/dags/4_dag_PUSH_Updated_YML_To_Cortex.py
[2026-03-11T05:24:16.421+0000] {processor.py:840} INFO - DAG(s) '4_dag_PUSH_Updated_YML_To_Cortex' retrieved from /home/cloud/codings/airflow/dags/4_dag_PUSH_Updated_YML_To_Cortex.py
[2026-03-11T05:24:16.442+0000] {logging_mixin.py:188} INFO - [2026-03-11T05:24:16.442+0000] {dag.py:3089} INFO - Sync 1 DAGs
[2026-03-11T05:24:16.459+0000] {logging_mixin.py:188} INFO - [2026-03-11T05:24:16.459+0000] {dag.py:3947} INFO - Setting next_dagrun for 4_dag_PUSH_Updated_YML_To_Cortex to None, run_after=None
[2026-03-11T05:24:16.507+0000] {processor.py:183} INFO - Processing /home/cloud/codings/airflow/dags/4_dag_PUSH_Updated_YML_To_Cortex.py took 0.165 seconds
[2026-03-11T05:24:46.947+0000] {processor.py:161} INFO - Started process (PID=534608) to work on /home/cloud/codings/airflow/dags/4_dag_PUSH_Updated_YML_To_Cortex.py
[2026-03-11T05:24:46.966+0000] {processor.py:830} INFO - Processing file /home/cloud/codings/airflow/dags/4_dag_PUSH_Updated_YML_To_Cortex.py for tasks to queue
[2026-03-11T05:24:46.968+0000] {logging_mixin.py:188} INFO - [2026-03-11T05:24:46.967+0000] {dagbag.py:545} INFO - Filling up the DagBag from /home/cloud/codings/airflow/dags/4_dag_PUSH_Updated_YML_To_Cortex.py
[2026-03-11T05:24:47.010+0000] {processor.py:840} INFO - DAG(s) '4_dag_PUSH_Updated_YML_To_Cortex' retrieved from /home/cloud/codings/airflow/dags/4_dag_PUSH_Updated_YML_To_Cortex.py
[2026-03-11T05:24:47.036+0000] {logging_mixin.py:188} INFO - [2026-03-11T05:24:47.035+0000] {dag.py:3089} INFO - Sync 1 DAGs
[2026-03-11T05:24:47.060+0000] {logging_mixin.py:188} INFO - [2026-03-11T05:24:47.059+0000] {dag.py:3947} INFO - Setting next_dagrun for 4_dag_PUSH_Updated_YML_To_Cortex to None, run_after=None
[2026-03-11T05:24:47.111+0000] {processor.py:183} INFO - Processing /home/cloud/codings/airflow/dags/4_dag_PUSH_Updated_YML_To_Cortex.py took 0.177 seconds
[2026-03-11T05:25:17.541+0000] {processor.py:161} INFO - Started process (PID=534750) to work on /home/cloud/codings/airflow/dags/4_dag_PUSH_Updated_YML_To_Cortex.py
[2026-03-11T05:25:17.560+0000] {processor.py:830} INFO - Processing file /home/cloud/codings/airflow/dags/4_dag_PUSH_Updated_YML_To_Cortex.py for tasks to queue
[2026-03-11T05:25:17.563+0000] {logging_mixin.py:188} INFO - [2026-03-11T05:25:17.562+0000] {dagbag.py:545} INFO - Filling up the DagBag from /home/cloud/codings/airflow/dags/4_dag_PUSH_Updated_YML_To_Cortex.py
[2026-03-11T05:25:17.626+0000] {processor.py:840} INFO - DAG(s) '4_dag_PUSH_Updated_YML_To_Cortex' retrieved from /home/cloud/codings/airflow/dags/4_dag_PUSH_Updated_YML_To_Cortex.py
[2026-03-11T05:25:17.665+0000] {logging_mixin.py:188} INFO - [2026-03-11T05:25:17.664+0000] {dag.py:3089} INFO - Sync 1 DAGs
[2026-03-11T05:25:17.683+0000] {logging_mixin.py:188} INFO - [2026-03-11T05:25:17.683+0000] {dag.py:3947} INFO - Setting next_dagrun for 4_dag_PUSH_Updated_YML_To_Cortex to None, run_after=None
[2026-03-11T05:25:17.725+0000] {processor.py:183} INFO - Processing /home/cloud/codings/airflow/dags/4_dag_PUSH_Updated_YML_To_Cortex.py took 0.198 seconds
[2026-03-11T05:25:48.140+0000] {processor.py:161} INFO - Started process (PID=534772) to work on /home/cloud/codings/airflow/dags/4_dag_PUSH_Updated_YML_To_Cortex.py
[2026-03-11T05:25:48.158+0000] {processor.py:830} INFO - Processing file /home/cloud/codings/airflow/dags/4_dag_PUSH_Updated_YML_To_Cortex.py for tasks to queue
[2026-03-11T05:25:48.161+0000] {logging_mixin.py:188} INFO - [2026-03-11T05:25:48.159+0000] {dagbag.py:545} INFO - Filling up the DagBag from /home/cloud/codings/airflow/dags/4_dag_PUSH_Updated_YML_To_Cortex.py
[2026-03-11T05:25:48.194+0000] {processor.py:840} INFO - DAG(s) '4_dag_PUSH_Updated_YML_To_Cortex' retrieved from /home/cloud/codings/airflow/dags/4_dag_PUSH_Updated_YML_To_Cortex.py
[2026-03-11T05:25:48.216+0000] {logging_mixin.py:188} INFO - [2026-03-11T05:25:48.216+0000] {dag.py:3089} INFO - Sync 1 DAGs
[2026-03-11T05:25:48.235+0000] {logging_mixin.py:188} INFO - [2026-03-11T05:25:48.235+0000] {dag.py:3947} INFO - Setting next_dagrun for 4_dag_PUSH_Updated_YML_To_Cortex to None, run_after=None
[2026-03-11T05:25:48.269+0000] {processor.py:183} INFO - Processing /home/cloud/codings/airflow/dags/4_dag_PUSH_Updated_YML_To_Cortex.py took 0.141 seconds
[2026-03-11T05:26:18.700+0000] {processor.py:161} INFO - Started process (PID=534857) to work on /home/cloud/codings/airflow/dags/4_dag_PUSH_Updated_YML_To_Cortex.py
[2026-03-11T05:26:18.719+0000] {processor.py:830} INFO - Processing file /home/cloud/codings/airflow/dags/4_dag_PUSH_Updated_YML_To_Cortex.py for tasks to queue
[2026-03-11T05:26:18.721+0000] {logging_mixin.py:188} INFO - [2026-03-11T05:26:18.720+0000] {dagbag.py:545} INFO - Filling up the DagBag from /home/cloud/codings/airflow/dags/4_dag_PUSH_Updated_YML_To_Cortex.py
[2026-03-11T05:26:18.765+0000] {processor.py:840} INFO - DAG(s) '4_dag_PUSH_Updated_YML_To_Cortex' retrieved from /home/cloud/codings/airflow/dags/4_dag_PUSH_Updated_YML_To_Cortex.py
[2026-03-11T05:26:18.791+0000] {logging_mixin.py:188} INFO - [2026-03-11T05:26:18.790+0000] {dag.py:3089} INFO - Sync 1 DAGs
[2026-03-11T05:26:18.856+0000] {logging_mixin.py:188} INFO - [2026-03-11T05:26:18.856+0000] {dag.py:3947} INFO - Setting next_dagrun for 4_dag_PUSH_Updated_YML_To_Cortex to None, run_after=None
[2026-03-11T05:26:18.935+0000] {processor.py:183} INFO - Processing /home/cloud/codings/airflow/dags/4_dag_PUSH_Updated_YML_To_Cortex.py took 0.247 seconds
[2026-03-11T05:26:49.127+0000] {processor.py:161} INFO - Started process (PID=534886) to work on /home/cloud/codings/airflow/dags/4_dag_PUSH_Updated_YML_To_Cortex.py
[2026-03-11T05:26:49.129+0000] {processor.py:830} INFO - Processing file /home/cloud/codings/airflow/dags/4_dag_PUSH_Updated_YML_To_Cortex.py for tasks to queue
[2026-03-11T05:26:49.130+0000] {logging_mixin.py:188} INFO - [2026-03-11T05:26:49.129+0000] {dagbag.py:545} INFO - Filling up the DagBag from /home/cloud/codings/airflow/dags/4_dag_PUSH_Updated_YML_To_Cortex.py
[2026-03-11T05:26:49.173+0000] {processor.py:840} INFO - DAG(s) '4_dag_PUSH_Updated_YML_To_Cortex' retrieved from /home/cloud/codings/airflow/dags/4_dag_PUSH_Updated_YML_To_Cortex.py
[2026-03-11T05:26:49.200+0000] {logging_mixin.py:188} INFO - [2026-03-11T05:26:49.199+0000] {dag.py:3089} INFO - Sync 1 DAGs
[2026-03-11T05:26:49.222+0000] {logging_mixin.py:188} INFO - [2026-03-11T05:26:49.222+0000] {dag.py:3947} INFO - Setting next_dagrun for 4_dag_PUSH_Updated_YML_To_Cortex to None, run_after=None
[2026-03-11T05:26:49.251+0000] {processor.py:183} INFO - Processing /home/cloud/codings/airflow/dags/4_dag_PUSH_Updated_YML_To_Cortex.py took 0.136 seconds
[2026-03-11T05:27:19.730+0000] {processor.py:161} INFO - Started process (PID=534969) to work on /home/cloud/codings/airflow/dags/4_dag_PUSH_Updated_YML_To_Cortex.py
[2026-03-11T05:27:19.749+0000] {processor.py:830} INFO - Processing file /home/cloud/codings/airflow/dags/4_dag_PUSH_Updated_YML_To_Cortex.py for tasks to queue
[2026-03-11T05:27:19.751+0000] {logging_mixin.py:188} INFO - [2026-03-11T05:27:19.750+0000] {dagbag.py:545} INFO - Filling up the DagBag from /home/cloud/codings/airflow/dags/4_dag_PUSH_Updated_YML_To_Cortex.py
[2026-03-11T05:27:19.794+0000] {processor.py:840} INFO - DAG(s) '4_dag_PUSH_Updated_YML_To_Cortex' retrieved from /home/cloud/codings/airflow/dags/4_dag_PUSH_Updated_YML_To_Cortex.py
[2026-03-11T05:27:19.820+0000] {logging_mixin.py:188} INFO - [2026-03-11T05:27:19.820+0000] {dag.py:3089} INFO - Sync 1 DAGs
[2026-03-11T05:27:19.843+0000] {logging_mixin.py:188} INFO - [2026-03-11T05:27:19.842+0000] {dag.py:3947} INFO - Setting next_dagrun for 4_dag_PUSH_Updated_YML_To_Cortex to None, run_after=None
[2026-03-11T05:27:19.892+0000] {processor.py:183} INFO - Processing /home/cloud/codings/airflow/dags/4_dag_PUSH_Updated_YML_To_Cortex.py took 0.173 seconds
[2026-03-11T05:27:50.226+0000] {processor.py:161} INFO - Started process (PID=535004) to work on /home/cloud/codings/airflow/dags/4_dag_PUSH_Updated_YML_To_Cortex.py
[2026-03-11T05:27:50.230+0000] {processor.py:830} INFO - Processing file /home/cloud/codings/airflow/dags/4_dag_PUSH_Updated_YML_To_Cortex.py for tasks to queue
[2026-03-11T05:27:50.232+0000] {logging_mixin.py:188} INFO - [2026-03-11T05:27:50.231+0000] {dagbag.py:545} INFO - Filling up the DagBag from /home/cloud/codings/airflow/dags/4_dag_PUSH_Updated_YML_To_Cortex.py
[2026-03-11T05:27:50.292+0000] {processor.py:840} INFO - DAG(s) '4_dag_PUSH_Updated_YML_To_Cortex' retrieved from /home/cloud/codings/airflow/dags/4_dag_PUSH_Updated_YML_To_Cortex.py
[2026-03-11T05:27:50.329+0000] {logging_mixin.py:188} INFO - [2026-03-11T05:27:50.328+0000] {dag.py:3089} INFO - Sync 1 DAGs
[2026-03-11T05:27:50.358+0000] {logging_mixin.py:188} INFO - [2026-03-11T05:27:50.357+0000] {dag.py:3947} INFO - Setting next_dagrun for 4_dag_PUSH_Updated_YML_To_Cortex to None, run_after=None
[2026-03-11T05:27:50.399+0000] {processor.py:183} INFO - Processing /home/cloud/codings/airflow/dags/4_dag_PUSH_Updated_YML_To_Cortex.py took 0.188 seconds
[2026-03-11T05:28:20.709+0000] {processor.py:161} INFO - Started process (PID=535076) to work on /home/cloud/codings/airflow/dags/4_dag_PUSH_Updated_YML_To_Cortex.py
[2026-03-11T05:28:20.712+0000] {processor.py:830} INFO - Processing file /home/cloud/codings/airflow/dags/4_dag_PUSH_Updated_YML_To_Cortex.py for tasks to queue
[2026-03-11T05:28:20.713+0000] {logging_mixin.py:188} INFO - [2026-03-11T05:28:20.713+0000] {dagbag.py:545} INFO - Filling up the DagBag from /home/cloud/codings/airflow/dags/4_dag_PUSH_Updated_YML_To_Cortex.py
[2026-03-11T05:28:20.756+0000] {processor.py:840} INFO - DAG(s) '4_dag_PUSH_Updated_YML_To_Cortex' retrieved from /home/cloud/codings/airflow/dags/4_dag_PUSH_Updated_YML_To_Cortex.py
[2026-03-11T05:28:20.782+0000] {logging_mixin.py:188} INFO - [2026-03-11T05:28:20.782+0000] {dag.py:3089} INFO - Sync 1 DAGs
[2026-03-11T05:28:20.806+0000] {logging_mixin.py:188} INFO - [2026-03-11T05:28:20.805+0000] {dag.py:3947} INFO - Setting next_dagrun for 4_dag_PUSH_Updated_YML_To_Cortex to None, run_after=None
[2026-03-11T05:28:20.848+0000] {processor.py:183} INFO - Processing /home/cloud/codings/airflow/dags/4_dag_PUSH_Updated_YML_To_Cortex.py took 0.151 seconds
[2026-03-11T05:28:51.336+0000] {processor.py:161} INFO - Started process (PID=535128) to work on /home/cloud/codings/airflow/dags/4_dag_PUSH_Updated_YML_To_Cortex.py
[2026-03-11T05:28:51.365+0000] {processor.py:830} INFO - Processing file /home/cloud/codings/airflow/dags/4_dag_PUSH_Updated_YML_To_Cortex.py for tasks to queue
[2026-03-11T05:28:51.367+0000] {logging_mixin.py:188} INFO - [2026-03-11T05:28:51.366+0000] {dagbag.py:545} INFO - Filling up the DagBag from /home/cloud/codings/airflow/dags/4_dag_PUSH_Updated_YML_To_Cortex.py
[2026-03-11T05:28:51.422+0000] {processor.py:840} INFO - DAG(s) '4_dag_PUSH_Updated_YML_To_Cortex' retrieved from /home/cloud/codings/airflow/dags/4_dag_PUSH_Updated_YML_To_Cortex.py
[2026-03-11T05:28:51.488+0000] {logging_mixin.py:188} INFO - [2026-03-11T05:28:51.487+0000] {dag.py:3089} INFO - Sync 1 DAGs
[2026-03-11T05:28:51.545+0000] {logging_mixin.py:188} INFO - [2026-03-11T05:28:51.544+0000] {dag.py:3947} INFO - Setting next_dagrun for 4_dag_PUSH_Updated_YML_To_Cortex to None, run_after=None
[2026-03-11T05:28:51.636+0000] {processor.py:183} INFO - Processing /home/cloud/codings/airflow/dags/4_dag_PUSH_Updated_YML_To_Cortex.py took 0.311 seconds
[2026-03-11T05:29:21.893+0000] {processor.py:161} INFO - Started process (PID=535188) to work on /home/cloud/codings/airflow/dags/4_dag_PUSH_Updated_YML_To_Cortex.py
[2026-03-11T05:29:21.925+0000] {processor.py:830} INFO - Processing file /home/cloud/codings/airflow/dags/4_dag_PUSH_Updated_YML_To_Cortex.py for tasks to queue
[2026-03-11T05:29:21.931+0000] {logging_mixin.py:188} INFO - [2026-03-11T05:29:21.928+0000] {dagbag.py:545} INFO - Filling up the DagBag from /home/cloud/codings/airflow/dags/4_dag_PUSH_Updated_YML_To_Cortex.py
[2026-03-11T05:29:22.012+0000] {processor.py:840} INFO - DAG(s) '4_dag_PUSH_Updated_YML_To_Cortex' retrieved from /home/cloud/codings/airflow/dags/4_dag_PUSH_Updated_YML_To_Cortex.py
[2026-03-11T05:29:22.045+0000] {logging_mixin.py:188} INFO - [2026-03-11T05:29:22.045+0000] {dag.py:3089} INFO - Sync 1 DAGs
[2026-03-11T05:29:22.067+0000] {logging_mixin.py:188} INFO - [2026-03-11T05:29:22.067+0000] {dag.py:3947} INFO - Setting next_dagrun for 4_dag_PUSH_Updated_YML_To_Cortex to None, run_after=None
[2026-03-11T05:29:22.129+0000] {processor.py:183} INFO - Processing /home/cloud/codings/airflow/dags/4_dag_PUSH_Updated_YML_To_Cortex.py took 0.247 seconds
[2026-03-11T05:29:52.697+0000] {processor.py:161} INFO - Started process (PID=535273) to work on /home/cloud/codings/airflow/dags/4_dag_PUSH_Updated_YML_To_Cortex.py
[2026-03-11T05:29:52.727+0000] {processor.py:830} INFO - Processing file /home/cloud/codings/airflow/dags/4_dag_PUSH_Updated_YML_To_Cortex.py for tasks to queue
[2026-03-11T05:29:52.729+0000] {logging_mixin.py:188} INFO - [2026-03-11T05:29:52.728+0000] {dagbag.py:545} INFO - Filling up the DagBag from /home/cloud/codings/airflow/dags/4_dag_PUSH_Updated_YML_To_Cortex.py
[2026-03-11T05:29:52.756+0000] {processor.py:840} INFO - DAG(s) '4_dag_PUSH_Updated_YML_To_Cortex' retrieved from /home/cloud/codings/airflow/dags/4_dag_PUSH_Updated_YML_To_Cortex.py
[2026-03-11T05:29:52.776+0000] {logging_mixin.py:188} INFO - [2026-03-11T05:29:52.775+0000] {dag.py:3089} INFO - Sync 1 DAGs
[2026-03-11T05:29:52.792+0000] {logging_mixin.py:188} INFO - [2026-03-11T05:29:52.791+0000] {dag.py:3947} INFO - Setting next_dagrun for 4_dag_PUSH_Updated_YML_To_Cortex to None, run_after=None
[2026-03-11T05:29:52.824+0000] {processor.py:183} INFO - Processing /home/cloud/codings/airflow/dags/4_dag_PUSH_Updated_YML_To_Cortex.py took 0.147 seconds
[2026-03-11T05:30:23.205+0000] {processor.py:161} INFO - Started process (PID=535358) to work on /home/cloud/codings/airflow/dags/4_dag_PUSH_Updated_YML_To_Cortex.py
[2026-03-11T05:30:23.235+0000] {processor.py:830} INFO - Processing file /home/cloud/codings/airflow/dags/4_dag_PUSH_Updated_YML_To_Cortex.py for tasks to queue
[2026-03-11T05:30:23.237+0000] {logging_mixin.py:188} INFO - [2026-03-11T05:30:23.236+0000] {dagbag.py:545} INFO - Filling up the DagBag from /home/cloud/codings/airflow/dags/4_dag_PUSH_Updated_YML_To_Cortex.py
[2026-03-11T05:30:23.275+0000] {processor.py:840} INFO - DAG(s) '4_dag_PUSH_Updated_YML_To_Cortex' retrieved from /home/cloud/codings/airflow/dags/4_dag_PUSH_Updated_YML_To_Cortex.py
[2026-03-11T05:30:23.304+0000] {logging_mixin.py:188} INFO - [2026-03-11T05:30:23.303+0000] {dag.py:3089} INFO - Sync 1 DAGs
[2026-03-11T05:30:23.325+0000] {logging_mixin.py:188} INFO - [2026-03-11T05:30:23.325+0000] {dag.py:3947} INFO - Setting next_dagrun for 4_dag_PUSH_Updated_YML_To_Cortex to None, run_after=None
[2026-03-11T05:30:23.356+0000] {processor.py:183} INFO - Processing /home/cloud/codings/airflow/dags/4_dag_PUSH_Updated_YML_To_Cortex.py took 0.164 seconds
[2026-03-11T05:30:53.939+0000] {processor.py:161} INFO - Started process (PID=535445) to work on /home/cloud/codings/airflow/dags/4_dag_PUSH_Updated_YML_To_Cortex.py
[2026-03-11T05:30:53.962+0000] {processor.py:830} INFO - Processing file /home/cloud/codings/airflow/dags/4_dag_PUSH_Updated_YML_To_Cortex.py for tasks to queue
[2026-03-11T05:30:53.965+0000] {logging_mixin.py:188} INFO - [2026-03-11T05:30:53.964+0000] {dagbag.py:545} INFO - Filling up the DagBag from /home/cloud/codings/airflow/dags/4_dag_PUSH_Updated_YML_To_Cortex.py
[2026-03-11T05:30:54.026+0000] {processor.py:840} INFO - DAG(s) '4_dag_PUSH_Updated_YML_To_Cortex' retrieved from /home/cloud/codings/airflow/dags/4_dag_PUSH_Updated_YML_To_Cortex.py
[2026-03-11T05:30:54.064+0000] {logging_mixin.py:188} INFO - [2026-03-11T05:30:54.063+0000] {dag.py:3089} INFO - Sync 1 DAGs
[2026-03-11T05:30:54.098+0000] {logging_mixin.py:188} INFO - [2026-03-11T05:30:54.098+0000] {dag.py:3947} INFO - Setting next_dagrun for 4_dag_PUSH_Updated_YML_To_Cortex to None, run_after=None
[2026-03-11T05:30:54.179+0000] {processor.py:183} INFO - Processing /home/cloud/codings/airflow/dags/4_dag_PUSH_Updated_YML_To_Cortex.py took 0.258 seconds
[2026-03-11T05:31:24.579+0000] {processor.py:161} INFO - Started process (PID=535462) to work on /home/cloud/codings/airflow/dags/4_dag_PUSH_Updated_YML_To_Cortex.py
[2026-03-11T05:31:24.606+0000] {processor.py:830} INFO - Processing file /home/cloud/codings/airflow/dags/4_dag_PUSH_Updated_YML_To_Cortex.py for tasks to queue
[2026-03-11T05:31:24.612+0000] {logging_mixin.py:188} INFO - [2026-03-11T05:31:24.610+0000] {dagbag.py:545} INFO - Filling up the DagBag from /home/cloud/codings/airflow/dags/4_dag_PUSH_Updated_YML_To_Cortex.py
[2026-03-11T05:31:24.692+0000] {processor.py:840} INFO - DAG(s) '4_dag_PUSH_Updated_YML_To_Cortex' retrieved from /home/cloud/codings/airflow/dags/4_dag_PUSH_Updated_YML_To_Cortex.py
[2026-03-11T05:31:24.733+0000] {logging_mixin.py:188} INFO - [2026-03-11T05:31:24.732+0000] {dag.py:3089} INFO - Sync 1 DAGs
[2026-03-11T05:31:24.753+0000] {logging_mixin.py:188} INFO - [2026-03-11T05:31:24.753+0000] {dag.py:3947} INFO - Setting next_dagrun for 4_dag_PUSH_Updated_YML_To_Cortex to None, run_after=None
[2026-03-11T05:31:24.815+0000] {processor.py:183} INFO - Processing /home/cloud/codings/airflow/dags/4_dag_PUSH_Updated_YML_To_Cortex.py took 0.265 seconds
[2026-03-11T05:31:54.934+0000] {processor.py:161} INFO - Started process (PID=535549) to work on /home/cloud/codings/airflow/dags/4_dag_PUSH_Updated_YML_To_Cortex.py
[2026-03-11T05:31:54.956+0000] {processor.py:830} INFO - Processing file /home/cloud/codings/airflow/dags/4_dag_PUSH_Updated_YML_To_Cortex.py for tasks to queue
[2026-03-11T05:31:54.958+0000] {logging_mixin.py:188} INFO - [2026-03-11T05:31:54.957+0000] {dagbag.py:545} INFO - Filling up the DagBag from /home/cloud/codings/airflow/dags/4_dag_PUSH_Updated_YML_To_Cortex.py
[2026-03-11T05:31:54.993+0000] {processor.py:840} INFO - DAG(s) '4_dag_PUSH_Updated_YML_To_Cortex' retrieved from /home/cloud/codings/airflow/dags/4_dag_PUSH_Updated_YML_To_Cortex.py
[2026-03-11T05:31:55.012+0000] {logging_mixin.py:188} INFO - [2026-03-11T05:31:55.012+0000] {dag.py:3089} INFO - Sync 1 DAGs
[2026-03-11T05:31:55.027+0000] {logging_mixin.py:188} INFO - [2026-03-11T05:31:55.027+0000] {dag.py:3947} INFO - Setting next_dagrun for 4_dag_PUSH_Updated_YML_To_Cortex to None, run_after=None
[2026-03-11T05:31:55.057+0000] {processor.py:183} INFO - Processing /home/cloud/codings/airflow/dags/4_dag_PUSH_Updated_YML_To_Cortex.py took 0.132 seconds
[2026-03-11T05:32:25.905+0000] {processor.py:161} INFO - Started process (PID=535574) to work on /home/cloud/codings/airflow/dags/4_dag_PUSH_Updated_YML_To_Cortex.py
[2026-03-11T05:32:25.913+0000] {processor.py:830} INFO - Processing file /home/cloud/codings/airflow/dags/4_dag_PUSH_Updated_YML_To_Cortex.py for tasks to queue
[2026-03-11T05:32:25.915+0000] {logging_mixin.py:188} INFO - [2026-03-11T05:32:25.914+0000] {dagbag.py:545} INFO - Filling up the DagBag from /home/cloud/codings/airflow/dags/4_dag_PUSH_Updated_YML_To_Cortex.py
[2026-03-11T05:32:25.975+0000] {processor.py:840} INFO - DAG(s) '4_dag_PUSH_Updated_YML_To_Cortex' retrieved from /home/cloud/codings/airflow/dags/4_dag_PUSH_Updated_YML_To_Cortex.py
[2026-03-11T05:32:26.005+0000] {logging_mixin.py:188} INFO - [2026-03-11T05:32:26.004+0000] {dag.py:3089} INFO - Sync 1 DAGs
[2026-03-11T05:32:26.029+0000] {logging_mixin.py:188} INFO - [2026-03-11T05:32:26.029+0000] {dag.py:3947} INFO - Setting next_dagrun for 4_dag_PUSH_Updated_YML_To_Cortex to None, run_after=None
[2026-03-11T05:32:26.060+0000] {processor.py:183} INFO - Processing /home/cloud/codings/airflow/dags/4_dag_PUSH_Updated_YML_To_Cortex.py took 0.188 seconds
[2026-03-11T05:32:56.670+0000] {processor.py:161} INFO - Started process (PID=535664) to work on /home/cloud/codings/airflow/dags/4_dag_PUSH_Updated_YML_To_Cortex.py
[2026-03-11T05:32:56.693+0000] {processor.py:830} INFO - Processing file /home/cloud/codings/airflow/dags/4_dag_PUSH_Updated_YML_To_Cortex.py for tasks to queue
[2026-03-11T05:32:56.695+0000] {logging_mixin.py:188} INFO - [2026-03-11T05:32:56.694+0000] {dagbag.py:545} INFO - Filling up the DagBag from /home/cloud/codings/airflow/dags/4_dag_PUSH_Updated_YML_To_Cortex.py
[2026-03-11T05:32:56.788+0000] {processor.py:840} INFO - DAG(s) '4_dag_PUSH_Updated_YML_To_Cortex' retrieved from /home/cloud/codings/airflow/dags/4_dag_PUSH_Updated_YML_To_Cortex.py
[2026-03-11T05:32:56.827+0000] {logging_mixin.py:188} INFO - [2026-03-11T05:32:56.826+0000] {dag.py:3089} INFO - Sync 1 DAGs
[2026-03-11T05:32:56.840+0000] {logging_mixin.py:188} INFO - [2026-03-11T05:32:56.840+0000] {dag.py:3947} INFO - Setting next_dagrun for 4_dag_PUSH_Updated_YML_To_Cortex to None, run_after=None
[2026-03-11T05:32:56.899+0000] {processor.py:183} INFO - Processing /home/cloud/codings/airflow/dags/4_dag_PUSH_Updated_YML_To_Cortex.py took 0.241 seconds
[2026-03-11T05:33:27.519+0000] {processor.py:161} INFO - Started process (PID=535687) to work on /home/cloud/codings/airflow/dags/4_dag_PUSH_Updated_YML_To_Cortex.py
[2026-03-11T05:33:27.538+0000] {processor.py:830} INFO - Processing file /home/cloud/codings/airflow/dags/4_dag_PUSH_Updated_YML_To_Cortex.py for tasks to queue
[2026-03-11T05:33:27.540+0000] {logging_mixin.py:188} INFO - [2026-03-11T05:33:27.539+0000] {dagbag.py:545} INFO - Filling up the DagBag from /home/cloud/codings/airflow/dags/4_dag_PUSH_Updated_YML_To_Cortex.py
[2026-03-11T05:33:27.600+0000] {processor.py:840} INFO - DAG(s) '4_dag_PUSH_Updated_YML_To_Cortex' retrieved from /home/cloud/codings/airflow/dags/4_dag_PUSH_Updated_YML_To_Cortex.py
[2026-03-11T05:33:27.629+0000] {logging_mixin.py:188} INFO - [2026-03-11T05:33:27.628+0000] {dag.py:3089} INFO - Sync 1 DAGs
[2026-03-11T05:33:27.654+0000] {logging_mixin.py:188} INFO - [2026-03-11T05:33:27.654+0000] {dag.py:3947} INFO - Setting next_dagrun for 4_dag_PUSH_Updated_YML_To_Cortex to None, run_after=None
[2026-03-11T05:33:27.713+0000] {processor.py:183} INFO - Processing /home/cloud/codings/airflow/dags/4_dag_PUSH_Updated_YML_To_Cortex.py took 0.211 seconds
[2026-03-11T05:33:58.128+0000] {processor.py:161} INFO - Started process (PID=535775) to work on /home/cloud/codings/airflow/dags/4_dag_PUSH_Updated_YML_To_Cortex.py
[2026-03-11T05:33:58.131+0000] {processor.py:830} INFO - Processing file /home/cloud/codings/airflow/dags/4_dag_PUSH_Updated_YML_To_Cortex.py for tasks to queue
[2026-03-11T05:33:58.132+0000] {logging_mixin.py:188} INFO - [2026-03-11T05:33:58.131+0000] {dagbag.py:545} INFO - Filling up the DagBag from /home/cloud/codings/airflow/dags/4_dag_PUSH_Updated_YML_To_Cortex.py
[2026-03-11T05:33:58.166+0000] {processor.py:840} INFO - DAG(s) '4_dag_PUSH_Updated_YML_To_Cortex' retrieved from /home/cloud/codings/airflow/dags/4_dag_PUSH_Updated_YML_To_Cortex.py
[2026-03-11T05:33:58.183+0000] {logging_mixin.py:188} INFO - [2026-03-11T05:33:58.183+0000] {dag.py:3089} INFO - Sync 1 DAGs
[2026-03-11T05:33:58.199+0000] {logging_mixin.py:188} INFO - [2026-03-11T05:33:58.198+0000] {dag.py:3947} INFO - Setting next_dagrun for 4_dag_PUSH_Updated_YML_To_Cortex to None, run_after=None
[2026-03-11T05:33:58.225+0000] {processor.py:183} INFO - Processing /home/cloud/codings/airflow/dags/4_dag_PUSH_Updated_YML_To_Cortex.py took 0.110 seconds
[2026-03-11T05:34:28.567+0000] {processor.py:161} INFO - Started process (PID=535796) to work on /home/cloud/codings/airflow/dags/4_dag_PUSH_Updated_YML_To_Cortex.py
[2026-03-11T05:34:28.569+0000] {processor.py:830} INFO - Processing file /home/cloud/codings/airflow/dags/4_dag_PUSH_Updated_YML_To_Cortex.py for tasks to queue
[2026-03-11T05:34:28.570+0000] {logging_mixin.py:188} INFO - [2026-03-11T05:34:28.570+0000] {dagbag.py:545} INFO - Filling up the DagBag from /home/cloud/codings/airflow/dags/4_dag_PUSH_Updated_YML_To_Cortex.py
[2026-03-11T05:34:28.602+0000] {processor.py:840} INFO - DAG(s) '4_dag_PUSH_Updated_YML_To_Cortex' retrieved from /home/cloud/codings/airflow/dags/4_dag_PUSH_Updated_YML_To_Cortex.py
[2026-03-11T05:34:28.619+0000] {logging_mixin.py:188} INFO - [2026-03-11T05:34:28.619+0000] {dag.py:3089} INFO - Sync 1 DAGs
[2026-03-11T05:34:28.630+0000] {logging_mixin.py:188} INFO - [2026-03-11T05:34:28.630+0000] {dag.py:3947} INFO - Setting next_dagrun for 4_dag_PUSH_Updated_YML_To_Cortex to None, run_after=None
[2026-03-11T05:34:28.656+0000] {processor.py:183} INFO - Processing /home/cloud/codings/airflow/dags/4_dag_PUSH_Updated_YML_To_Cortex.py took 0.103 seconds
[2026-03-11T05:34:59.119+0000] {processor.py:161} INFO - Started process (PID=535945) to work on /home/cloud/codings/airflow/dags/4_dag_PUSH_Updated_YML_To_Cortex.py
[2026-03-11T05:34:59.137+0000] {processor.py:830} INFO - Processing file /home/cloud/codings/airflow/dags/4_dag_PUSH_Updated_YML_To_Cortex.py for tasks to queue
[2026-03-11T05:34:59.140+0000] {logging_mixin.py:188} INFO - [2026-03-11T05:34:59.139+0000] {dagbag.py:545} INFO - Filling up the DagBag from /home/cloud/codings/airflow/dags/4_dag_PUSH_Updated_YML_To_Cortex.py
[2026-03-11T05:34:59.176+0000] {processor.py:840} INFO - DAG(s) '4_dag_PUSH_Updated_YML_To_Cortex' retrieved from /home/cloud/codings/airflow/dags/4_dag_PUSH_Updated_YML_To_Cortex.py
[2026-03-11T05:34:59.195+0000] {logging_mixin.py:188} INFO - [2026-03-11T05:34:59.195+0000] {dag.py:3089} INFO - Sync 1 DAGs
[2026-03-11T05:34:59.209+0000] {logging_mixin.py:188} INFO - [2026-03-11T05:34:59.209+0000] {dag.py:3947} INFO - Setting next_dagrun for 4_dag_PUSH_Updated_YML_To_Cortex to None, run_after=None
[2026-03-11T05:34:59.233+0000] {processor.py:183} INFO - Processing /home/cloud/codings/airflow/dags/4_dag_PUSH_Updated_YML_To_Cortex.py took 0.126 seconds
[2026-03-11T05:35:29.681+0000] {processor.py:161} INFO - Started process (PID=536030) to work on /home/cloud/codings/airflow/dags/4_dag_PUSH_Updated_YML_To_Cortex.py
[2026-03-11T05:35:29.700+0000] {processor.py:830} INFO - Processing file /home/cloud/codings/airflow/dags/4_dag_PUSH_Updated_YML_To_Cortex.py for tasks to queue
[2026-03-11T05:35:29.701+0000] {logging_mixin.py:188} INFO - [2026-03-11T05:35:29.701+0000] {dagbag.py:545} INFO - Filling up the DagBag from /home/cloud/codings/airflow/dags/4_dag_PUSH_Updated_YML_To_Cortex.py
[2026-03-11T05:35:29.723+0000] {processor.py:840} INFO - DAG(s) '4_dag_PUSH_Updated_YML_To_Cortex' retrieved from /home/cloud/codings/airflow/dags/4_dag_PUSH_Updated_YML_To_Cortex.py
[2026-03-11T05:35:29.739+0000] {logging_mixin.py:188} INFO - [2026-03-11T05:35:29.738+0000] {dag.py:3089} INFO - Sync 1 DAGs
[2026-03-11T05:35:29.751+0000] {logging_mixin.py:188} INFO - [2026-03-11T05:35:29.751+0000] {dag.py:3947} INFO - Setting next_dagrun for 4_dag_PUSH_Updated_YML_To_Cortex to None, run_after=None
[2026-03-11T05:35:29.786+0000] {processor.py:183} INFO - Processing /home/cloud/codings/airflow/dags/4_dag_PUSH_Updated_YML_To_Cortex.py took 0.113 seconds
[2026-03-11T05:36:00.281+0000] {processor.py:161} INFO - Started process (PID=536115) to work on /home/cloud/codings/airflow/dags/4_dag_PUSH_Updated_YML_To_Cortex.py
[2026-03-11T05:36:00.285+0000] {processor.py:830} INFO - Processing file /home/cloud/codings/airflow/dags/4_dag_PUSH_Updated_YML_To_Cortex.py for tasks to queue
[2026-03-11T05:36:00.288+0000] {logging_mixin.py:188} INFO - [2026-03-11T05:36:00.287+0000] {dagbag.py:545} INFO - Filling up the DagBag from /home/cloud/codings/airflow/dags/4_dag_PUSH_Updated_YML_To_Cortex.py
[2026-03-11T05:36:00.351+0000] {processor.py:840} INFO - DAG(s) '4_dag_PUSH_Updated_YML_To_Cortex' retrieved from /home/cloud/codings/airflow/dags/4_dag_PUSH_Updated_YML_To_Cortex.py
[2026-03-11T05:36:00.382+0000] {logging_mixin.py:188} INFO - [2026-03-11T05:36:00.382+0000] {dag.py:3089} INFO - Sync 1 DAGs
[2026-03-11T05:36:00.407+0000] {logging_mixin.py:188} INFO - [2026-03-11T05:36:00.406+0000] {dag.py:3947} INFO - Setting next_dagrun for 4_dag_PUSH_Updated_YML_To_Cortex to None, run_after=None
[2026-03-11T05:36:00.435+0000] {processor.py:183} INFO - Processing /home/cloud/codings/airflow/dags/4_dag_PUSH_Updated_YML_To_Cortex.py took 0.171 seconds
[2026-03-11T05:36:30.591+0000] {processor.py:161} INFO - Started process (PID=536142) to work on /home/cloud/codings/airflow/dags/4_dag_PUSH_Updated_YML_To_Cortex.py
[2026-03-11T05:36:30.621+0000] {processor.py:830} INFO - Processing file /home/cloud/codings/airflow/dags/4_dag_PUSH_Updated_YML_To_Cortex.py for tasks to queue
[2026-03-11T05:36:30.624+0000] {logging_mixin.py:188} INFO - [2026-03-11T05:36:30.623+0000] {dagbag.py:545} INFO - Filling up the DagBag from /home/cloud/codings/airflow/dags/4_dag_PUSH_Updated_YML_To_Cortex.py
[2026-03-11T05:36:30.679+0000] {processor.py:840} INFO - DAG(s) '4_dag_PUSH_Updated_YML_To_Cortex' retrieved from /home/cloud/codings/airflow/dags/4_dag_PUSH_Updated_YML_To_Cortex.py
[2026-03-11T05:36:30.702+0000] {logging_mixin.py:188} INFO - [2026-03-11T05:36:30.702+0000] {dag.py:3089} INFO - Sync 1 DAGs
[2026-03-11T05:36:30.715+0000] {logging_mixin.py:188} INFO - [2026-03-11T05:36:30.715+0000] {dag.py:3947} INFO - Setting next_dagrun for 4_dag_PUSH_Updated_YML_To_Cortex to None, run_after=None
[2026-03-11T05:36:30.745+0000] {processor.py:183} INFO - Processing /home/cloud/codings/airflow/dags/4_dag_PUSH_Updated_YML_To_Cortex.py took 0.181 seconds
[2026-03-11T05:37:01.103+0000] {processor.py:161} INFO - Started process (PID=536223) to work on /home/cloud/codings/airflow/dags/4_dag_PUSH_Updated_YML_To_Cortex.py
[2026-03-11T05:37:01.121+0000] {processor.py:830} INFO - Processing file /home/cloud/codings/airflow/dags/4_dag_PUSH_Updated_YML_To_Cortex.py for tasks to queue
[2026-03-11T05:37:01.123+0000] {logging_mixin.py:188} INFO - [2026-03-11T05:37:01.122+0000] {dagbag.py:545} INFO - Filling up the DagBag from /home/cloud/codings/airflow/dags/4_dag_PUSH_Updated_YML_To_Cortex.py
[2026-03-11T05:37:01.162+0000] {processor.py:840} INFO - DAG(s) '4_dag_PUSH_Updated_YML_To_Cortex' retrieved from /home/cloud/codings/airflow/dags/4_dag_PUSH_Updated_YML_To_Cortex.py
[2026-03-11T05:37:01.187+0000] {logging_mixin.py:188} INFO - [2026-03-11T05:37:01.187+0000] {dag.py:3089} INFO - Sync 1 DAGs
[2026-03-11T05:37:01.203+0000] {logging_mixin.py:188} INFO - [2026-03-11T05:37:01.203+0000] {dag.py:3947} INFO - Setting next_dagrun for 4_dag_PUSH_Updated_YML_To_Cortex to None, run_after=None
[2026-03-11T05:37:01.231+0000] {processor.py:183} INFO - Processing /home/cloud/codings/airflow/dags/4_dag_PUSH_Updated_YML_To_Cortex.py took 0.139 seconds
[2026-03-11T05:37:31.792+0000] {processor.py:161} INFO - Started process (PID=536248) to work on /home/cloud/codings/airflow/dags/4_dag_PUSH_Updated_YML_To_Cortex.py
[2026-03-11T05:37:31.814+0000] {processor.py:830} INFO - Processing file /home/cloud/codings/airflow/dags/4_dag_PUSH_Updated_YML_To_Cortex.py for tasks to queue
[2026-03-11T05:37:31.819+0000] {logging_mixin.py:188} INFO - [2026-03-11T05:37:31.817+0000] {dagbag.py:545} INFO - Filling up the DagBag from /home/cloud/codings/airflow/dags/4_dag_PUSH_Updated_YML_To_Cortex.py
[2026-03-11T05:37:31.924+0000] {processor.py:840} INFO - DAG(s) '4_dag_PUSH_Updated_YML_To_Cortex' retrieved from /home/cloud/codings/airflow/dags/4_dag_PUSH_Updated_YML_To_Cortex.py
[2026-03-11T05:37:31.964+0000] {logging_mixin.py:188} INFO - [2026-03-11T05:37:31.964+0000] {dag.py:3089} INFO - Sync 1 DAGs
[2026-03-11T05:37:31.998+0000] {logging_mixin.py:188} INFO - [2026-03-11T05:37:31.998+0000] {dag.py:3947} INFO - Setting next_dagrun for 4_dag_PUSH_Updated_YML_To_Cortex to None, run_after=None
[2026-03-11T05:37:32.105+0000] {processor.py:183} INFO - Processing /home/cloud/codings/airflow/dags/4_dag_PUSH_Updated_YML_To_Cortex.py took 0.344 seconds
[2026-03-11T05:38:02.489+0000] {processor.py:161} INFO - Started process (PID=536334) to work on /home/cloud/codings/airflow/dags/4_dag_PUSH_Updated_YML_To_Cortex.py
[2026-03-11T05:38:02.518+0000] {processor.py:830} INFO - Processing file /home/cloud/codings/airflow/dags/4_dag_PUSH_Updated_YML_To_Cortex.py for tasks to queue
[2026-03-11T05:38:02.520+0000] {logging_mixin.py:188} INFO - [2026-03-11T05:38:02.519+0000] {dagbag.py:545} INFO - Filling up the DagBag from /home/cloud/codings/airflow/dags/4_dag_PUSH_Updated_YML_To_Cortex.py
[2026-03-11T05:38:02.558+0000] {processor.py:840} INFO - DAG(s) '4_dag_PUSH_Updated_YML_To_Cortex' retrieved from /home/cloud/codings/airflow/dags/4_dag_PUSH_Updated_YML_To_Cortex.py
[2026-03-11T05:38:02.582+0000] {logging_mixin.py:188} INFO - [2026-03-11T05:38:02.581+0000] {dag.py:3089} INFO - Sync 1 DAGs
[2026-03-11T05:38:02.604+0000] {logging_mixin.py:188} INFO - [2026-03-11T05:38:02.604+0000] {dag.py:3947} INFO - Setting next_dagrun for 4_dag_PUSH_Updated_YML_To_Cortex to None, run_after=None
[2026-03-11T05:38:02.645+0000] {processor.py:183} INFO - Processing /home/cloud/codings/airflow/dags/4_dag_PUSH_Updated_YML_To_Cortex.py took 0.167 seconds
[2026-03-11T05:38:33.088+0000] {processor.py:161} INFO - Started process (PID=536359) to work on /home/cloud/codings/airflow/dags/4_dag_PUSH_Updated_YML_To_Cortex.py
[2026-03-11T05:38:33.119+0000] {processor.py:830} INFO - Processing file /home/cloud/codings/airflow/dags/4_dag_PUSH_Updated_YML_To_Cortex.py for tasks to queue
[2026-03-11T05:38:33.121+0000] {logging_mixin.py:188} INFO - [2026-03-11T05:38:33.120+0000] {dagbag.py:545} INFO - Filling up the DagBag from /home/cloud/codings/airflow/dags/4_dag_PUSH_Updated_YML_To_Cortex.py
[2026-03-11T05:38:33.159+0000] {processor.py:840} INFO - DAG(s) '4_dag_PUSH_Updated_YML_To_Cortex' retrieved from /home/cloud/codings/airflow/dags/4_dag_PUSH_Updated_YML_To_Cortex.py
[2026-03-11T05:38:33.182+0000] {logging_mixin.py:188} INFO - [2026-03-11T05:38:33.181+0000] {dag.py:3089} INFO - Sync 1 DAGs
[2026-03-11T05:38:33.199+0000] {logging_mixin.py:188} INFO - [2026-03-11T05:38:33.198+0000] {dag.py:3947} INFO - Setting next_dagrun for 4_dag_PUSH_Updated_YML_To_Cortex to None, run_after=None
[2026-03-11T05:38:33.226+0000] {processor.py:183} INFO - Processing /home/cloud/codings/airflow/dags/4_dag_PUSH_Updated_YML_To_Cortex.py took 0.149 seconds
[2026-03-11T05:39:03.896+0000] {processor.py:161} INFO - Started process (PID=536448) to work on /home/cloud/codings/airflow/dags/4_dag_PUSH_Updated_YML_To_Cortex.py
[2026-03-11T05:39:03.900+0000] {processor.py:830} INFO - Processing file /home/cloud/codings/airflow/dags/4_dag_PUSH_Updated_YML_To_Cortex.py for tasks to queue
[2026-03-11T05:39:03.906+0000] {logging_mixin.py:188} INFO - [2026-03-11T05:39:03.903+0000] {dagbag.py:545} INFO - Filling up the DagBag from /home/cloud/codings/airflow/dags/4_dag_PUSH_Updated_YML_To_Cortex.py
[2026-03-11T05:39:03.979+0000] {processor.py:840} INFO - DAG(s) '4_dag_PUSH_Updated_YML_To_Cortex' retrieved from /home/cloud/codings/airflow/dags/4_dag_PUSH_Updated_YML_To_Cortex.py
[2026-03-11T05:39:04.016+0000] {logging_mixin.py:188} INFO - [2026-03-11T05:39:04.015+0000] {dag.py:3089} INFO - Sync 1 DAGs
[2026-03-11T05:39:04.048+0000] {logging_mixin.py:188} INFO - [2026-03-11T05:39:04.048+0000] {dag.py:3947} INFO - Setting next_dagrun for 4_dag_PUSH_Updated_YML_To_Cortex to None, run_after=None
[2026-03-11T05:39:04.135+0000] {processor.py:183} INFO - Processing /home/cloud/codings/airflow/dags/4_dag_PUSH_Updated_YML_To_Cortex.py took 0.272 seconds
[2026-03-11T05:39:34.581+0000] {processor.py:161} INFO - Started process (PID=536471) to work on /home/cloud/codings/airflow/dags/4_dag_PUSH_Updated_YML_To_Cortex.py
[2026-03-11T05:39:34.583+0000] {processor.py:830} INFO - Processing file /home/cloud/codings/airflow/dags/4_dag_PUSH_Updated_YML_To_Cortex.py for tasks to queue
[2026-03-11T05:39:34.585+0000] {logging_mixin.py:188} INFO - [2026-03-11T05:39:34.584+0000] {dagbag.py:545} INFO - Filling up the DagBag from /home/cloud/codings/airflow/dags/4_dag_PUSH_Updated_YML_To_Cortex.py
[2026-03-11T05:39:34.648+0000] {processor.py:840} INFO - DAG(s) '4_dag_PUSH_Updated_YML_To_Cortex' retrieved from /home/cloud/codings/airflow/dags/4_dag_PUSH_Updated_YML_To_Cortex.py
[2026-03-11T05:39:34.695+0000] {logging_mixin.py:188} INFO - [2026-03-11T05:39:34.694+0000] {dag.py:3089} INFO - Sync 1 DAGs
[2026-03-11T05:39:34.713+0000] {logging_mixin.py:188} INFO - [2026-03-11T05:39:34.713+0000] {dag.py:3947} INFO - Setting next_dagrun for 4_dag_PUSH_Updated_YML_To_Cortex to None, run_after=None
[2026-03-11T05:39:34.776+0000] {processor.py:183} INFO - Processing /home/cloud/codings/airflow/dags/4_dag_PUSH_Updated_YML_To_Cortex.py took 0.204 seconds
[2026-03-11T05:40:05.262+0000] {processor.py:161} INFO - Started process (PID=536612) to work on /home/cloud/codings/airflow/dags/4_dag_PUSH_Updated_YML_To_Cortex.py
[2026-03-11T05:40:05.271+0000] {processor.py:830} INFO - Processing file /home/cloud/codings/airflow/dags/4_dag_PUSH_Updated_YML_To_Cortex.py for tasks to queue
[2026-03-11T05:40:05.273+0000] {logging_mixin.py:188} INFO - [2026-03-11T05:40:05.272+0000] {dagbag.py:545} INFO - Filling up the DagBag from /home/cloud/codings/airflow/dags/4_dag_PUSH_Updated_YML_To_Cortex.py
[2026-03-11T05:40:05.308+0000] {processor.py:840} INFO - DAG(s) '4_dag_PUSH_Updated_YML_To_Cortex' retrieved from /home/cloud/codings/airflow/dags/4_dag_PUSH_Updated_YML_To_Cortex.py
[2026-03-11T05:40:05.330+0000] {logging_mixin.py:188} INFO - [2026-03-11T05:40:05.330+0000] {dag.py:3089} INFO - Sync 1 DAGs
[2026-03-11T05:40:05.345+0000] {logging_mixin.py:188} INFO - [2026-03-11T05:40:05.345+0000] {dag.py:3947} INFO - Setting next_dagrun for 4_dag_PUSH_Updated_YML_To_Cortex to None, run_after=None
[2026-03-11T05:40:05.373+0000] {processor.py:183} INFO - Processing /home/cloud/codings/airflow/dags/4_dag_PUSH_Updated_YML_To_Cortex.py took 0.121 seconds
[2026-03-11T05:40:35.802+0000] {processor.py:161} INFO - Started process (PID=536639) to work on /home/cloud/codings/airflow/dags/4_dag_PUSH_Updated_YML_To_Cortex.py
[2026-03-11T05:40:35.805+0000] {processor.py:830} INFO - Processing file /home/cloud/codings/airflow/dags/4_dag_PUSH_Updated_YML_To_Cortex.py for tasks to queue
[2026-03-11T05:40:35.807+0000] {logging_mixin.py:188} INFO - [2026-03-11T05:40:35.807+0000] {dagbag.py:545} INFO - Filling up the DagBag from /home/cloud/codings/airflow/dags/4_dag_PUSH_Updated_YML_To_Cortex.py
[2026-03-11T05:40:35.857+0000] {processor.py:840} INFO - DAG(s) '4_dag_PUSH_Updated_YML_To_Cortex' retrieved from /home/cloud/codings/airflow/dags/4_dag_PUSH_Updated_YML_To_Cortex.py
[2026-03-11T05:40:35.923+0000] {logging_mixin.py:188} INFO - [2026-03-11T05:40:35.922+0000] {dag.py:3089} INFO - Sync 1 DAGs
[2026-03-11T05:40:35.981+0000] {logging_mixin.py:188} INFO - [2026-03-11T05:40:35.980+0000] {dag.py:3947} INFO - Setting next_dagrun for 4_dag_PUSH_Updated_YML_To_Cortex to None, run_after=None
[2026-03-11T05:40:36.053+0000] {processor.py:183} INFO - Processing /home/cloud/codings/airflow/dags/4_dag_PUSH_Updated_YML_To_Cortex.py took 0.275 seconds
[2026-03-11T05:41:06.387+0000] {processor.py:161} INFO - Started process (PID=536726) to work on /home/cloud/codings/airflow/dags/4_dag_PUSH_Updated_YML_To_Cortex.py
[2026-03-11T05:41:06.409+0000] {processor.py:830} INFO - Processing file /home/cloud/codings/airflow/dags/4_dag_PUSH_Updated_YML_To_Cortex.py for tasks to queue
[2026-03-11T05:41:06.413+0000] {logging_mixin.py:188} INFO - [2026-03-11T05:41:06.411+0000] {dagbag.py:545} INFO - Filling up the DagBag from /home/cloud/codings/airflow/dags/4_dag_PUSH_Updated_YML_To_Cortex.py
[2026-03-11T05:41:06.474+0000] {processor.py:840} INFO - DAG(s) '4_dag_PUSH_Updated_YML_To_Cortex' retrieved from /home/cloud/codings/airflow/dags/4_dag_PUSH_Updated_YML_To_Cortex.py
[2026-03-11T05:41:06.506+0000] {logging_mixin.py:188} INFO - [2026-03-11T05:41:06.505+0000] {dag.py:3089} INFO - Sync 1 DAGs
[2026-03-11T05:41:06.527+0000] {logging_mixin.py:188} INFO - [2026-03-11T05:41:06.527+0000] {dag.py:3947} INFO - Setting next_dagrun for 4_dag_PUSH_Updated_YML_To_Cortex to None, run_after=None
[2026-03-11T05:41:06.574+0000] {processor.py:183} INFO - Processing /home/cloud/codings/airflow/dags/4_dag_PUSH_Updated_YML_To_Cortex.py took 0.210 seconds
[2026-03-11T05:41:37.035+0000] {processor.py:161} INFO - Started process (PID=536749) to work on /home/cloud/codings/airflow/dags/4_dag_PUSH_Updated_YML_To_Cortex.py
[2026-03-11T05:41:37.038+0000] {processor.py:830} INFO - Processing file /home/cloud/codings/airflow/dags/4_dag_PUSH_Updated_YML_To_Cortex.py for tasks to queue
[2026-03-11T05:41:37.039+0000] {logging_mixin.py:188} INFO - [2026-03-11T05:41:37.039+0000] {dagbag.py:545} INFO - Filling up the DagBag from /home/cloud/codings/airflow/dags/4_dag_PUSH_Updated_YML_To_Cortex.py
[2026-03-11T05:41:37.079+0000] {processor.py:840} INFO - DAG(s) '4_dag_PUSH_Updated_YML_To_Cortex' retrieved from /home/cloud/codings/airflow/dags/4_dag_PUSH_Updated_YML_To_Cortex.py
[2026-03-11T05:41:37.105+0000] {logging_mixin.py:188} INFO - [2026-03-11T05:41:37.105+0000] {dag.py:3089} INFO - Sync 1 DAGs
[2026-03-11T05:41:37.124+0000] {logging_mixin.py:188} INFO - [2026-03-11T05:41:37.124+0000] {dag.py:3947} INFO - Setting next_dagrun for 4_dag_PUSH_Updated_YML_To_Cortex to None, run_after=None
[2026-03-11T05:41:37.162+0000] {processor.py:183} INFO - Processing /home/cloud/codings/airflow/dags/4_dag_PUSH_Updated_YML_To_Cortex.py took 0.140 seconds
[2026-03-11T05:42:07.652+0000] {processor.py:161} INFO - Started process (PID=536834) to work on /home/cloud/codings/airflow/dags/4_dag_PUSH_Updated_YML_To_Cortex.py
[2026-03-11T05:42:07.671+0000] {processor.py:830} INFO - Processing file /home/cloud/codings/airflow/dags/4_dag_PUSH_Updated_YML_To_Cortex.py for tasks to queue
[2026-03-11T05:42:07.673+0000] {logging_mixin.py:188} INFO - [2026-03-11T05:42:07.672+0000] {dagbag.py:545} INFO - Filling up the DagBag from /home/cloud/codings/airflow/dags/4_dag_PUSH_Updated_YML_To_Cortex.py
[2026-03-11T05:42:07.702+0000] {processor.py:840} INFO - DAG(s) '4_dag_PUSH_Updated_YML_To_Cortex' retrieved from /home/cloud/codings/airflow/dags/4_dag_PUSH_Updated_YML_To_Cortex.py
[2026-03-11T05:42:07.718+0000] {logging_mixin.py:188} INFO - [2026-03-11T05:42:07.718+0000] {dag.py:3089} INFO - Sync 1 DAGs
[2026-03-11T05:42:07.731+0000] {logging_mixin.py:188} INFO - [2026-03-11T05:42:07.731+0000] {dag.py:3947} INFO - Setting next_dagrun for 4_dag_PUSH_Updated_YML_To_Cortex to None, run_after=None
[2026-03-11T05:42:07.754+0000] {processor.py:183} INFO - Processing /home/cloud/codings/airflow/dags/4_dag_PUSH_Updated_YML_To_Cortex.py took 0.112 seconds
[2026-03-11T05:42:38.402+0000] {processor.py:161} INFO - Started process (PID=536863) to work on /home/cloud/codings/airflow/dags/4_dag_PUSH_Updated_YML_To_Cortex.py
[2026-03-11T05:42:38.422+0000] {processor.py:830} INFO - Processing file /home/cloud/codings/airflow/dags/4_dag_PUSH_Updated_YML_To_Cortex.py for tasks to queue
[2026-03-11T05:42:38.426+0000] {logging_mixin.py:188} INFO - [2026-03-11T05:42:38.424+0000] {dagbag.py:545} INFO - Filling up the DagBag from /home/cloud/codings/airflow/dags/4_dag_PUSH_Updated_YML_To_Cortex.py
[2026-03-11T05:42:38.489+0000] {processor.py:840} INFO - DAG(s) '4_dag_PUSH_Updated_YML_To_Cortex' retrieved from /home/cloud/codings/airflow/dags/4_dag_PUSH_Updated_YML_To_Cortex.py
[2026-03-11T05:42:38.525+0000] {logging_mixin.py:188} INFO - [2026-03-11T05:42:38.525+0000] {dag.py:3089} INFO - Sync 1 DAGs
[2026-03-11T05:42:38.554+0000] {logging_mixin.py:188} INFO - [2026-03-11T05:42:38.554+0000] {dag.py:3947} INFO - Setting next_dagrun for 4_dag_PUSH_Updated_YML_To_Cortex to None, run_after=None
[2026-03-11T05:42:38.611+0000] {processor.py:183} INFO - Processing /home/cloud/codings/airflow/dags/4_dag_PUSH_Updated_YML_To_Cortex.py took 0.223 seconds
[2026-03-11T05:43:09.121+0000] {processor.py:161} INFO - Started process (PID=536942) to work on /home/cloud/codings/airflow/dags/4_dag_PUSH_Updated_YML_To_Cortex.py
[2026-03-11T05:43:09.138+0000] {processor.py:830} INFO - Processing file /home/cloud/codings/airflow/dags/4_dag_PUSH_Updated_YML_To_Cortex.py for tasks to queue
[2026-03-11T05:43:09.140+0000] {logging_mixin.py:188} INFO - [2026-03-11T05:43:09.139+0000] {dagbag.py:545} INFO - Filling up the DagBag from /home/cloud/codings/airflow/dags/4_dag_PUSH_Updated_YML_To_Cortex.py
[2026-03-11T05:43:09.170+0000] {processor.py:840} INFO - DAG(s) '4_dag_PUSH_Updated_YML_To_Cortex' retrieved from /home/cloud/codings/airflow/dags/4_dag_PUSH_Updated_YML_To_Cortex.py
[2026-03-11T05:43:09.184+0000] {logging_mixin.py:188} INFO - [2026-03-11T05:43:09.184+0000] {dag.py:3089} INFO - Sync 1 DAGs
[2026-03-11T05:43:09.196+0000] {logging_mixin.py:188} INFO - [2026-03-11T05:43:09.196+0000] {dag.py:3947} INFO - Setting next_dagrun for 4_dag_PUSH_Updated_YML_To_Cortex to None, run_after=None
[2026-03-11T05:43:09.221+0000] {processor.py:183} INFO - Processing /home/cloud/codings/airflow/dags/4_dag_PUSH_Updated_YML_To_Cortex.py took 0.109 seconds
[2026-03-11T05:43:39.692+0000] {processor.py:161} INFO - Started process (PID=536967) to work on /home/cloud/codings/airflow/dags/4_dag_PUSH_Updated_YML_To_Cortex.py
[2026-03-11T05:43:39.714+0000] {processor.py:830} INFO - Processing file /home/cloud/codings/airflow/dags/4_dag_PUSH_Updated_YML_To_Cortex.py for tasks to queue
[2026-03-11T05:43:39.719+0000] {logging_mixin.py:188} INFO - [2026-03-11T05:43:39.716+0000] {dagbag.py:545} INFO - Filling up the DagBag from /home/cloud/codings/airflow/dags/4_dag_PUSH_Updated_YML_To_Cortex.py
[2026-03-11T05:43:39.795+0000] {processor.py:840} INFO - DAG(s) '4_dag_PUSH_Updated_YML_To_Cortex' retrieved from /home/cloud/codings/airflow/dags/4_dag_PUSH_Updated_YML_To_Cortex.py
[2026-03-11T05:43:39.828+0000] {logging_mixin.py:188} INFO - [2026-03-11T05:43:39.827+0000] {dag.py:3089} INFO - Sync 1 DAGs
[2026-03-11T05:43:39.857+0000] {logging_mixin.py:188} INFO - [2026-03-11T05:43:39.856+0000] {dag.py:3947} INFO - Setting next_dagrun for 4_dag_PUSH_Updated_YML_To_Cortex to None, run_after=None
[2026-03-11T05:43:39.909+0000] {processor.py:183} INFO - Processing /home/cloud/codings/airflow/dags/4_dag_PUSH_Updated_YML_To_Cortex.py took 0.241 seconds
[2026-03-11T05:44:10.351+0000] {processor.py:161} INFO - Started process (PID=537052) to work on /home/cloud/codings/airflow/dags/4_dag_PUSH_Updated_YML_To_Cortex.py
[2026-03-11T05:44:10.352+0000] {processor.py:830} INFO - Processing file /home/cloud/codings/airflow/dags/4_dag_PUSH_Updated_YML_To_Cortex.py for tasks to queue
[2026-03-11T05:44:10.353+0000] {logging_mixin.py:188} INFO - [2026-03-11T05:44:10.353+0000] {dagbag.py:545} INFO - Filling up the DagBag from /home/cloud/codings/airflow/dags/4_dag_PUSH_Updated_YML_To_Cortex.py
[2026-03-11T05:44:10.390+0000] {processor.py:840} INFO - DAG(s) '4_dag_PUSH_Updated_YML_To_Cortex' retrieved from /home/cloud/codings/airflow/dags/4_dag_PUSH_Updated_YML_To_Cortex.py
[2026-03-11T05:44:10.406+0000] {logging_mixin.py:188} INFO - [2026-03-11T05:44:10.406+0000] {dag.py:3089} INFO - Sync 1 DAGs
[2026-03-11T05:44:10.418+0000] {logging_mixin.py:188} INFO - [2026-03-11T05:44:10.417+0000] {dag.py:3947} INFO - Setting next_dagrun for 4_dag_PUSH_Updated_YML_To_Cortex to None, run_after=None
[2026-03-11T05:44:10.440+0000] {processor.py:183} INFO - Processing /home/cloud/codings/airflow/dags/4_dag_PUSH_Updated_YML_To_Cortex.py took 0.100 seconds
[2026-03-11T05:44:40.572+0000] {processor.py:161} INFO - Started process (PID=537079) to work on /home/cloud/codings/airflow/dags/4_dag_PUSH_Updated_YML_To_Cortex.py
[2026-03-11T05:44:40.574+0000] {processor.py:830} INFO - Processing file /home/cloud/codings/airflow/dags/4_dag_PUSH_Updated_YML_To_Cortex.py for tasks to queue
[2026-03-11T05:44:40.576+0000] {logging_mixin.py:188} INFO - [2026-03-11T05:44:40.575+0000] {dagbag.py:545} INFO - Filling up the DagBag from /home/cloud/codings/airflow/dags/4_dag_PUSH_Updated_YML_To_Cortex.py
[2026-03-11T05:44:40.608+0000] {processor.py:840} INFO - DAG(s) '4_dag_PUSH_Updated_YML_To_Cortex' retrieved from /home/cloud/codings/airflow/dags/4_dag_PUSH_Updated_YML_To_Cortex.py
[2026-03-11T05:44:40.637+0000] {logging_mixin.py:188} INFO - [2026-03-11T05:44:40.636+0000] {dag.py:3089} INFO - Sync 1 DAGs
[2026-03-11T05:44:40.698+0000] {logging_mixin.py:188} INFO - [2026-03-11T05:44:40.697+0000] {dag.py:3947} INFO - Setting next_dagrun for 4_dag_PUSH_Updated_YML_To_Cortex to None, run_after=None
[2026-03-11T05:44:40.774+0000] {processor.py:183} INFO - Processing /home/cloud/codings/airflow/dags/4_dag_PUSH_Updated_YML_To_Cortex.py took 0.211 seconds
[2026-03-11T05:45:11.399+0000] {processor.py:161} INFO - Started process (PID=537224) to work on /home/cloud/codings/airflow/dags/4_dag_PUSH_Updated_YML_To_Cortex.py
[2026-03-11T05:45:11.420+0000] {processor.py:830} INFO - Processing file /home/cloud/codings/airflow/dags/4_dag_PUSH_Updated_YML_To_Cortex.py for tasks to queue
[2026-03-11T05:45:11.424+0000] {logging_mixin.py:188} INFO - [2026-03-11T05:45:11.422+0000] {dagbag.py:545} INFO - Filling up the DagBag from /home/cloud/codings/airflow/dags/4_dag_PUSH_Updated_YML_To_Cortex.py
[2026-03-11T05:45:11.495+0000] {processor.py:840} INFO - DAG(s) '4_dag_PUSH_Updated_YML_To_Cortex' retrieved from /home/cloud/codings/airflow/dags/4_dag_PUSH_Updated_YML_To_Cortex.py
[2026-03-11T05:45:11.518+0000] {logging_mixin.py:188} INFO - [2026-03-11T05:45:11.518+0000] {dag.py:3089} INFO - Sync 1 DAGs
[2026-03-11T05:45:11.530+0000] {logging_mixin.py:188} INFO - [2026-03-11T05:45:11.530+0000] {dag.py:3947} INFO - Setting next_dagrun for 4_dag_PUSH_Updated_YML_To_Cortex to None, run_after=None
[2026-03-11T05:45:11.556+0000] {processor.py:183} INFO - Processing /home/cloud/codings/airflow/dags/4_dag_PUSH_Updated_YML_To_Cortex.py took 0.182 seconds
[2026-03-11T05:45:41.734+0000] {processor.py:161} INFO - Started process (PID=537249) to work on /home/cloud/codings/airflow/dags/4_dag_PUSH_Updated_YML_To_Cortex.py
[2026-03-11T05:45:41.735+0000] {processor.py:830} INFO - Processing file /home/cloud/codings/airflow/dags/4_dag_PUSH_Updated_YML_To_Cortex.py for tasks to queue
[2026-03-11T05:45:41.736+0000] {logging_mixin.py:188} INFO - [2026-03-11T05:45:41.736+0000] {dagbag.py:545} INFO - Filling up the DagBag from /home/cloud/codings/airflow/dags/4_dag_PUSH_Updated_YML_To_Cortex.py
[2026-03-11T05:45:41.767+0000] {processor.py:840} INFO - DAG(s) '4_dag_PUSH_Updated_YML_To_Cortex' retrieved from /home/cloud/codings/airflow/dags/4_dag_PUSH_Updated_YML_To_Cortex.py
[2026-03-11T05:45:41.788+0000] {logging_mixin.py:188} INFO - [2026-03-11T05:45:41.788+0000] {dag.py:3089} INFO - Sync 1 DAGs
[2026-03-11T05:45:41.803+0000] {logging_mixin.py:188} INFO - [2026-03-11T05:45:41.803+0000] {dag.py:3947} INFO - Setting next_dagrun for 4_dag_PUSH_Updated_YML_To_Cortex to None, run_after=None
[2026-03-11T05:45:41.828+0000] {processor.py:183} INFO - Processing /home/cloud/codings/airflow/dags/4_dag_PUSH_Updated_YML_To_Cortex.py took 0.104 seconds
[2026-03-11T05:46:12.230+0000] {processor.py:161} INFO - Started process (PID=537329) to work on /home/cloud/codings/airflow/dags/4_dag_PUSH_Updated_YML_To_Cortex.py
[2026-03-11T05:46:12.249+0000] {processor.py:830} INFO - Processing file /home/cloud/codings/airflow/dags/4_dag_PUSH_Updated_YML_To_Cortex.py for tasks to queue
[2026-03-11T05:46:12.251+0000] {logging_mixin.py:188} INFO - [2026-03-11T05:46:12.250+0000] {dagbag.py:545} INFO - Filling up the DagBag from /home/cloud/codings/airflow/dags/4_dag_PUSH_Updated_YML_To_Cortex.py
[2026-03-11T05:46:12.293+0000] {processor.py:840} INFO - DAG(s) '4_dag_PUSH_Updated_YML_To_Cortex' retrieved from /home/cloud/codings/airflow/dags/4_dag_PUSH_Updated_YML_To_Cortex.py
[2026-03-11T05:46:12.319+0000] {logging_mixin.py:188} INFO - [2026-03-11T05:46:12.319+0000] {dag.py:3089} INFO - Sync 1 DAGs
[2026-03-11T05:46:12.341+0000] {logging_mixin.py:188} INFO - [2026-03-11T05:46:12.341+0000] {dag.py:3947} INFO - Setting next_dagrun for 4_dag_PUSH_Updated_YML_To_Cortex to None, run_after=None
[2026-03-11T05:46:12.367+0000] {processor.py:183} INFO - Processing /home/cloud/codings/airflow/dags/4_dag_PUSH_Updated_YML_To_Cortex.py took 0.150 seconds
[2026-03-11T05:46:43.002+0000] {processor.py:161} INFO - Started process (PID=537358) to work on /home/cloud/codings/airflow/dags/4_dag_PUSH_Updated_YML_To_Cortex.py
[2026-03-11T05:46:43.020+0000] {processor.py:830} INFO - Processing file /home/cloud/codings/airflow/dags/4_dag_PUSH_Updated_YML_To_Cortex.py for tasks to queue
[2026-03-11T05:46:43.021+0000] {logging_mixin.py:188} INFO - [2026-03-11T05:46:43.021+0000] {dagbag.py:545} INFO - Filling up the DagBag from /home/cloud/codings/airflow/dags/4_dag_PUSH_Updated_YML_To_Cortex.py
[2026-03-11T05:46:43.046+0000] {processor.py:840} INFO - DAG(s) '4_dag_PUSH_Updated_YML_To_Cortex' retrieved from /home/cloud/codings/airflow/dags/4_dag_PUSH_Updated_YML_To_Cortex.py
[2026-03-11T05:46:43.062+0000] {logging_mixin.py:188} INFO - [2026-03-11T05:46:43.062+0000] {dag.py:3089} INFO - Sync 1 DAGs
[2026-03-11T05:46:43.076+0000] {logging_mixin.py:188} INFO - [2026-03-11T05:46:43.076+0000] {dag.py:3947} INFO - Setting next_dagrun for 4_dag_PUSH_Updated_YML_To_Cortex to None, run_after=None
[2026-03-11T05:46:43.110+0000] {processor.py:183} INFO - Processing /home/cloud/codings/airflow/dags/4_dag_PUSH_Updated_YML_To_Cortex.py took 0.116 seconds
[2026-03-11T05:47:13.569+0000] {processor.py:161} INFO - Started process (PID=537443) to work on /home/cloud/codings/airflow/dags/4_dag_PUSH_Updated_YML_To_Cortex.py
[2026-03-11T05:47:13.587+0000] {processor.py:830} INFO - Processing file /home/cloud/codings/airflow/dags/4_dag_PUSH_Updated_YML_To_Cortex.py for tasks to queue
[2026-03-11T05:47:13.589+0000] {logging_mixin.py:188} INFO - [2026-03-11T05:47:13.588+0000] {dagbag.py:545} INFO - Filling up the DagBag from /home/cloud/codings/airflow/dags/4_dag_PUSH_Updated_YML_To_Cortex.py
[2026-03-11T05:47:13.640+0000] {processor.py:840} INFO - DAG(s) '4_dag_PUSH_Updated_YML_To_Cortex' retrieved from /home/cloud/codings/airflow/dags/4_dag_PUSH_Updated_YML_To_Cortex.py
[2026-03-11T05:47:13.665+0000] {logging_mixin.py:188} INFO - [2026-03-11T05:47:13.664+0000] {dag.py:3089} INFO - Sync 1 DAGs
[2026-03-11T05:47:13.686+0000] {logging_mixin.py:188} INFO - [2026-03-11T05:47:13.685+0000] {dag.py:3947} INFO - Setting next_dagrun for 4_dag_PUSH_Updated_YML_To_Cortex to None, run_after=None
[2026-03-11T05:47:13.721+0000] {processor.py:183} INFO - Processing /home/cloud/codings/airflow/dags/4_dag_PUSH_Updated_YML_To_Cortex.py took 0.181 seconds
[2026-03-11T05:47:44.206+0000] {processor.py:161} INFO - Started process (PID=537468) to work on /home/cloud/codings/airflow/dags/4_dag_PUSH_Updated_YML_To_Cortex.py
[2026-03-11T05:47:44.207+0000] {processor.py:830} INFO - Processing file /home/cloud/codings/airflow/dags/4_dag_PUSH_Updated_YML_To_Cortex.py for tasks to queue
[2026-03-11T05:47:44.209+0000] {logging_mixin.py:188} INFO - [2026-03-11T05:47:44.209+0000] {dagbag.py:545} INFO - Filling up the DagBag from /home/cloud/codings/airflow/dags/4_dag_PUSH_Updated_YML_To_Cortex.py
[2026-03-11T05:47:44.250+0000] {processor.py:840} INFO - DAG(s) '4_dag_PUSH_Updated_YML_To_Cortex' retrieved from /home/cloud/codings/airflow/dags/4_dag_PUSH_Updated_YML_To_Cortex.py
[2026-03-11T05:47:44.276+0000] {logging_mixin.py:188} INFO - [2026-03-11T05:47:44.276+0000] {dag.py:3089} INFO - Sync 1 DAGs
[2026-03-11T05:47:44.299+0000] {logging_mixin.py:188} INFO - [2026-03-11T05:47:44.299+0000] {dag.py:3947} INFO - Setting next_dagrun for 4_dag_PUSH_Updated_YML_To_Cortex to None, run_after=None
[2026-03-11T05:47:44.359+0000] {processor.py:183} INFO - Processing /home/cloud/codings/airflow/dags/4_dag_PUSH_Updated_YML_To_Cortex.py took 0.166 seconds
[2026-03-11T05:48:14.714+0000] {processor.py:161} INFO - Started process (PID=537553) to work on /home/cloud/codings/airflow/dags/4_dag_PUSH_Updated_YML_To_Cortex.py
[2026-03-11T05:48:14.732+0000] {processor.py:830} INFO - Processing file /home/cloud/codings/airflow/dags/4_dag_PUSH_Updated_YML_To_Cortex.py for tasks to queue
[2026-03-11T05:48:14.734+0000] {logging_mixin.py:188} INFO - [2026-03-11T05:48:14.733+0000] {dagbag.py:545} INFO - Filling up the DagBag from /home/cloud/codings/airflow/dags/4_dag_PUSH_Updated_YML_To_Cortex.py
[2026-03-11T05:48:14.769+0000] {processor.py:840} INFO - DAG(s) '4_dag_PUSH_Updated_YML_To_Cortex' retrieved from /home/cloud/codings/airflow/dags/4_dag_PUSH_Updated_YML_To_Cortex.py
[2026-03-11T05:48:14.790+0000] {logging_mixin.py:188} INFO - [2026-03-11T05:48:14.790+0000] {dag.py:3089} INFO - Sync 1 DAGs
[2026-03-11T05:48:14.803+0000] {logging_mixin.py:188} INFO - [2026-03-11T05:48:14.803+0000] {dag.py:3947} INFO - Setting next_dagrun for 4_dag_PUSH_Updated_YML_To_Cortex to None, run_after=None
[2026-03-11T05:48:14.829+0000] {processor.py:183} INFO - Processing /home/cloud/codings/airflow/dags/4_dag_PUSH_Updated_YML_To_Cortex.py took 0.127 seconds
[2026-03-11T05:48:45.159+0000] {processor.py:161} INFO - Started process (PID=537582) to work on /home/cloud/codings/airflow/dags/4_dag_PUSH_Updated_YML_To_Cortex.py
[2026-03-11T05:48:45.183+0000] {processor.py:830} INFO - Processing file /home/cloud/codings/airflow/dags/4_dag_PUSH_Updated_YML_To_Cortex.py for tasks to queue
[2026-03-11T05:48:45.184+0000] {logging_mixin.py:188} INFO - [2026-03-11T05:48:45.184+0000] {dagbag.py:545} INFO - Filling up the DagBag from /home/cloud/codings/airflow/dags/4_dag_PUSH_Updated_YML_To_Cortex.py
[2026-03-11T05:48:45.211+0000] {processor.py:840} INFO - DAG(s) '4_dag_PUSH_Updated_YML_To_Cortex' retrieved from /home/cloud/codings/airflow/dags/4_dag_PUSH_Updated_YML_To_Cortex.py
[2026-03-11T05:48:45.229+0000] {logging_mixin.py:188} INFO - [2026-03-11T05:48:45.228+0000] {dag.py:3089} INFO - Sync 1 DAGs
[2026-03-11T05:48:45.242+0000] {logging_mixin.py:188} INFO - [2026-03-11T05:48:45.242+0000] {dag.py:3947} INFO - Setting next_dagrun for 4_dag_PUSH_Updated_YML_To_Cortex to None, run_after=None
[2026-03-11T05:48:45.275+0000] {processor.py:183} INFO - Processing /home/cloud/codings/airflow/dags/4_dag_PUSH_Updated_YML_To_Cortex.py took 0.127 seconds
[2026-03-11T05:49:15.836+0000] {processor.py:161} INFO - Started process (PID=537661) to work on /home/cloud/codings/airflow/dags/4_dag_PUSH_Updated_YML_To_Cortex.py
[2026-03-11T05:49:15.838+0000] {processor.py:830} INFO - Processing file /home/cloud/codings/airflow/dags/4_dag_PUSH_Updated_YML_To_Cortex.py for tasks to queue
[2026-03-11T05:49:15.841+0000] {logging_mixin.py:188} INFO - [2026-03-11T05:49:15.839+0000] {dagbag.py:545} INFO - Filling up the DagBag from /home/cloud/codings/airflow/dags/4_dag_PUSH_Updated_YML_To_Cortex.py
[2026-03-11T05:49:15.881+0000] {processor.py:840} INFO - DAG(s) '4_dag_PUSH_Updated_YML_To_Cortex' retrieved from /home/cloud/codings/airflow/dags/4_dag_PUSH_Updated_YML_To_Cortex.py
[2026-03-11T05:49:15.901+0000] {logging_mixin.py:188} INFO - [2026-03-11T05:49:15.901+0000] {dag.py:3089} INFO - Sync 1 DAGs
[2026-03-11T05:49:15.916+0000] {logging_mixin.py:188} INFO - [2026-03-11T05:49:15.916+0000] {dag.py:3947} INFO - Setting next_dagrun for 4_dag_PUSH_Updated_YML_To_Cortex to None, run_after=None
[2026-03-11T05:49:15.943+0000] {processor.py:183} INFO - Processing /home/cloud/codings/airflow/dags/4_dag_PUSH_Updated_YML_To_Cortex.py took 0.123 seconds
[2026-03-11T05:49:46.394+0000] {processor.py:161} INFO - Started process (PID=537686) to work on /home/cloud/codings/airflow/dags/4_dag_PUSH_Updated_YML_To_Cortex.py
[2026-03-11T05:49:46.398+0000] {processor.py:830} INFO - Processing file /home/cloud/codings/airflow/dags/4_dag_PUSH_Updated_YML_To_Cortex.py for tasks to queue
[2026-03-11T05:49:46.400+0000] {logging_mixin.py:188} INFO - [2026-03-11T05:49:46.399+0000] {dagbag.py:545} INFO - Filling up the DagBag from /home/cloud/codings/airflow/dags/4_dag_PUSH_Updated_YML_To_Cortex.py
[2026-03-11T05:49:46.444+0000] {processor.py:840} INFO - DAG(s) '4_dag_PUSH_Updated_YML_To_Cortex' retrieved from /home/cloud/codings/airflow/dags/4_dag_PUSH_Updated_YML_To_Cortex.py
[2026-03-11T05:49:46.467+0000] {logging_mixin.py:188} INFO - [2026-03-11T05:49:46.467+0000] {dag.py:3089} INFO - Sync 1 DAGs
[2026-03-11T05:49:46.484+0000] {logging_mixin.py:188} INFO - [2026-03-11T05:49:46.484+0000] {dag.py:3947} INFO - Setting next_dagrun for 4_dag_PUSH_Updated_YML_To_Cortex to None, run_after=None
[2026-03-11T05:49:46.508+0000] {processor.py:183} INFO - Processing /home/cloud/codings/airflow/dags/4_dag_PUSH_Updated_YML_To_Cortex.py took 0.128 seconds
[2026-03-11T05:50:16.763+0000] {processor.py:161} INFO - Started process (PID=537892) to work on /home/cloud/codings/airflow/dags/4_dag_PUSH_Updated_YML_To_Cortex.py
[2026-03-11T05:50:16.764+0000] {processor.py:830} INFO - Processing file /home/cloud/codings/airflow/dags/4_dag_PUSH_Updated_YML_To_Cortex.py for tasks to queue
[2026-03-11T05:50:16.766+0000] {logging_mixin.py:188} INFO - [2026-03-11T05:50:16.765+0000] {dagbag.py:545} INFO - Filling up the DagBag from /home/cloud/codings/airflow/dags/4_dag_PUSH_Updated_YML_To_Cortex.py
[2026-03-11T05:50:16.791+0000] {processor.py:840} INFO - DAG(s) '4_dag_PUSH_Updated_YML_To_Cortex' retrieved from /home/cloud/codings/airflow/dags/4_dag_PUSH_Updated_YML_To_Cortex.py
[2026-03-11T05:50:16.808+0000] {logging_mixin.py:188} INFO - [2026-03-11T05:50:16.808+0000] {dag.py:3089} INFO - Sync 1 DAGs
[2026-03-11T05:50:16.823+0000] {logging_mixin.py:188} INFO - [2026-03-11T05:50:16.823+0000] {dag.py:3947} INFO - Setting next_dagrun for 4_dag_PUSH_Updated_YML_To_Cortex to None, run_after=None
[2026-03-11T05:50:16.851+0000] {processor.py:183} INFO - Processing /home/cloud/codings/airflow/dags/4_dag_PUSH_Updated_YML_To_Cortex.py took 0.095 seconds
[2026-03-11T05:50:47.509+0000] {processor.py:161} INFO - Started process (PID=537910) to work on /home/cloud/codings/airflow/dags/4_dag_PUSH_Updated_YML_To_Cortex.py
[2026-03-11T05:50:47.536+0000] {processor.py:830} INFO - Processing file /home/cloud/codings/airflow/dags/4_dag_PUSH_Updated_YML_To_Cortex.py for tasks to queue
[2026-03-11T05:50:47.538+0000] {logging_mixin.py:188} INFO - [2026-03-11T05:50:47.537+0000] {dagbag.py:545} INFO - Filling up the DagBag from /home/cloud/codings/airflow/dags/4_dag_PUSH_Updated_YML_To_Cortex.py
[2026-03-11T05:50:47.581+0000] {processor.py:840} INFO - DAG(s) '4_dag_PUSH_Updated_YML_To_Cortex' retrieved from /home/cloud/codings/airflow/dags/4_dag_PUSH_Updated_YML_To_Cortex.py
[2026-03-11T05:50:47.611+0000] {logging_mixin.py:188} INFO - [2026-03-11T05:50:47.611+0000] {dag.py:3089} INFO - Sync 1 DAGs
[2026-03-11T05:50:47.634+0000] {logging_mixin.py:188} INFO - [2026-03-11T05:50:47.634+0000] {dag.py:3947} INFO - Setting next_dagrun for 4_dag_PUSH_Updated_YML_To_Cortex to None, run_after=None
[2026-03-11T05:50:47.685+0000] {processor.py:183} INFO - Processing /home/cloud/codings/airflow/dags/4_dag_PUSH_Updated_YML_To_Cortex.py took 0.195 seconds
[2026-03-11T05:51:18.182+0000] {processor.py:161} INFO - Started process (PID=537984) to work on /home/cloud/codings/airflow/dags/4_dag_PUSH_Updated_YML_To_Cortex.py
[2026-03-11T05:51:18.201+0000] {processor.py:830} INFO - Processing file /home/cloud/codings/airflow/dags/4_dag_PUSH_Updated_YML_To_Cortex.py for tasks to queue
[2026-03-11T05:51:18.203+0000] {logging_mixin.py:188} INFO - [2026-03-11T05:51:18.202+0000] {dagbag.py:545} INFO - Filling up the DagBag from /home/cloud/codings/airflow/dags/4_dag_PUSH_Updated_YML_To_Cortex.py
[2026-03-11T05:51:18.281+0000] {processor.py:840} INFO - DAG(s) '4_dag_PUSH_Updated_YML_To_Cortex' retrieved from /home/cloud/codings/airflow/dags/4_dag_PUSH_Updated_YML_To_Cortex.py
[2026-03-11T05:51:18.321+0000] {logging_mixin.py:188} INFO - [2026-03-11T05:51:18.320+0000] {dag.py:3089} INFO - Sync 1 DAGs
[2026-03-11T05:51:18.349+0000] {logging_mixin.py:188} INFO - [2026-03-11T05:51:18.349+0000] {dag.py:3947} INFO - Setting next_dagrun for 4_dag_PUSH_Updated_YML_To_Cortex to None, run_after=None
[2026-03-11T05:51:18.408+0000] {processor.py:183} INFO - Processing /home/cloud/codings/airflow/dags/4_dag_PUSH_Updated_YML_To_Cortex.py took 0.248 seconds
[2026-03-11T05:51:48.622+0000] {processor.py:161} INFO - Started process (PID=537997) to work on /home/cloud/codings/airflow/dags/4_dag_PUSH_Updated_YML_To_Cortex.py
[2026-03-11T05:51:48.625+0000] {processor.py:830} INFO - Processing file /home/cloud/codings/airflow/dags/4_dag_PUSH_Updated_YML_To_Cortex.py for tasks to queue
[2026-03-11T05:51:48.627+0000] {logging_mixin.py:188} INFO - [2026-03-11T05:51:48.626+0000] {dagbag.py:545} INFO - Filling up the DagBag from /home/cloud/codings/airflow/dags/4_dag_PUSH_Updated_YML_To_Cortex.py
[2026-03-11T05:51:48.674+0000] {processor.py:840} INFO - DAG(s) '4_dag_PUSH_Updated_YML_To_Cortex' retrieved from /home/cloud/codings/airflow/dags/4_dag_PUSH_Updated_YML_To_Cortex.py
[2026-03-11T05:51:48.697+0000] {logging_mixin.py:188} INFO - [2026-03-11T05:51:48.696+0000] {dag.py:3089} INFO - Sync 1 DAGs
[2026-03-11T05:51:48.713+0000] {logging_mixin.py:188} INFO - [2026-03-11T05:51:48.713+0000] {dag.py:3947} INFO - Setting next_dagrun for 4_dag_PUSH_Updated_YML_To_Cortex to None, run_after=None
[2026-03-11T05:51:48.745+0000] {processor.py:183} INFO - Processing /home/cloud/codings/airflow/dags/4_dag_PUSH_Updated_YML_To_Cortex.py took 0.137 seconds
[2026-03-11T05:52:19.139+0000] {processor.py:161} INFO - Started process (PID=538072) to work on /home/cloud/codings/airflow/dags/4_dag_PUSH_Updated_YML_To_Cortex.py
[2026-03-11T05:52:19.140+0000] {processor.py:830} INFO - Processing file /home/cloud/codings/airflow/dags/4_dag_PUSH_Updated_YML_To_Cortex.py for tasks to queue
[2026-03-11T05:52:19.141+0000] {logging_mixin.py:188} INFO - [2026-03-11T05:52:19.141+0000] {dagbag.py:545} INFO - Filling up the DagBag from /home/cloud/codings/airflow/dags/4_dag_PUSH_Updated_YML_To_Cortex.py
[2026-03-11T05:52:19.179+0000] {processor.py:840} INFO - DAG(s) '4_dag_PUSH_Updated_YML_To_Cortex' retrieved from /home/cloud/codings/airflow/dags/4_dag_PUSH_Updated_YML_To_Cortex.py
[2026-03-11T05:52:19.202+0000] {logging_mixin.py:188} INFO - [2026-03-11T05:52:19.202+0000] {dag.py:3089} INFO - Sync 1 DAGs
[2026-03-11T05:52:19.222+0000] {logging_mixin.py:188} INFO - [2026-03-11T05:52:19.222+0000] {dag.py:3947} INFO - Setting next_dagrun for 4_dag_PUSH_Updated_YML_To_Cortex to None, run_after=None
[2026-03-11T05:52:19.265+0000] {processor.py:183} INFO - Processing /home/cloud/codings/airflow/dags/4_dag_PUSH_Updated_YML_To_Cortex.py took 0.134 seconds
[2026-03-11T05:52:49.743+0000] {processor.py:161} INFO - Started process (PID=538089) to work on /home/cloud/codings/airflow/dags/4_dag_PUSH_Updated_YML_To_Cortex.py
[2026-03-11T05:52:49.773+0000] {processor.py:830} INFO - Processing file /home/cloud/codings/airflow/dags/4_dag_PUSH_Updated_YML_To_Cortex.py for tasks to queue
[2026-03-11T05:52:49.774+0000] {logging_mixin.py:188} INFO - [2026-03-11T05:52:49.773+0000] {dagbag.py:545} INFO - Filling up the DagBag from /home/cloud/codings/airflow/dags/4_dag_PUSH_Updated_YML_To_Cortex.py
[2026-03-11T05:52:49.811+0000] {processor.py:840} INFO - DAG(s) '4_dag_PUSH_Updated_YML_To_Cortex' retrieved from /home/cloud/codings/airflow/dags/4_dag_PUSH_Updated_YML_To_Cortex.py
[2026-03-11T05:52:49.838+0000] {logging_mixin.py:188} INFO - [2026-03-11T05:52:49.837+0000] {dag.py:3089} INFO - Sync 1 DAGs
[2026-03-11T05:52:49.865+0000] {logging_mixin.py:188} INFO - [2026-03-11T05:52:49.865+0000] {dag.py:3947} INFO - Setting next_dagrun for 4_dag_PUSH_Updated_YML_To_Cortex to None, run_after=None
[2026-03-11T05:52:49.921+0000] {processor.py:183} INFO - Processing /home/cloud/codings/airflow/dags/4_dag_PUSH_Updated_YML_To_Cortex.py took 0.189 seconds
[2026-03-11T05:53:20.111+0000] {processor.py:161} INFO - Started process (PID=538162) to work on /home/cloud/codings/airflow/dags/4_dag_PUSH_Updated_YML_To_Cortex.py
[2026-03-11T05:53:20.113+0000] {processor.py:830} INFO - Processing file /home/cloud/codings/airflow/dags/4_dag_PUSH_Updated_YML_To_Cortex.py for tasks to queue
[2026-03-11T05:53:20.115+0000] {logging_mixin.py:188} INFO - [2026-03-11T05:53:20.114+0000] {dagbag.py:545} INFO - Filling up the DagBag from /home/cloud/codings/airflow/dags/4_dag_PUSH_Updated_YML_To_Cortex.py
[2026-03-11T05:53:20.155+0000] {processor.py:840} INFO - DAG(s) '4_dag_PUSH_Updated_YML_To_Cortex' retrieved from /home/cloud/codings/airflow/dags/4_dag_PUSH_Updated_YML_To_Cortex.py
[2026-03-11T05:53:20.176+0000] {logging_mixin.py:188} INFO - [2026-03-11T05:53:20.176+0000] {dag.py:3089} INFO - Sync 1 DAGs
[2026-03-11T05:53:20.196+0000] {logging_mixin.py:188} INFO - [2026-03-11T05:53:20.196+0000] {dag.py:3947} INFO - Setting next_dagrun for 4_dag_PUSH_Updated_YML_To_Cortex to None, run_after=None
[2026-03-11T05:53:20.231+0000] {processor.py:183} INFO - Processing /home/cloud/codings/airflow/dags/4_dag_PUSH_Updated_YML_To_Cortex.py took 0.130 seconds
[2026-03-11T05:53:50.710+0000] {processor.py:161} INFO - Started process (PID=538193) to work on /home/cloud/codings/airflow/dags/4_dag_PUSH_Updated_YML_To_Cortex.py
[2026-03-11T05:53:50.729+0000] {processor.py:830} INFO - Processing file /home/cloud/codings/airflow/dags/4_dag_PUSH_Updated_YML_To_Cortex.py for tasks to queue
[2026-03-11T05:53:50.731+0000] {logging_mixin.py:188} INFO - [2026-03-11T05:53:50.730+0000] {dagbag.py:545} INFO - Filling up the DagBag from /home/cloud/codings/airflow/dags/4_dag_PUSH_Updated_YML_To_Cortex.py
[2026-03-11T05:53:50.775+0000] {processor.py:840} INFO - DAG(s) '4_dag_PUSH_Updated_YML_To_Cortex' retrieved from /home/cloud/codings/airflow/dags/4_dag_PUSH_Updated_YML_To_Cortex.py
[2026-03-11T05:53:50.802+0000] {logging_mixin.py:188} INFO - [2026-03-11T05:53:50.802+0000] {dag.py:3089} INFO - Sync 1 DAGs
[2026-03-11T05:53:50.825+0000] {logging_mixin.py:188} INFO - [2026-03-11T05:53:50.825+0000] {dag.py:3947} INFO - Setting next_dagrun for 4_dag_PUSH_Updated_YML_To_Cortex to None, run_after=None
[2026-03-11T05:53:50.870+0000] {processor.py:183} INFO - Processing /home/cloud/codings/airflow/dags/4_dag_PUSH_Updated_YML_To_Cortex.py took 0.174 seconds
[2026-03-11T05:54:21.226+0000] {processor.py:161} INFO - Started process (PID=538268) to work on /home/cloud/codings/airflow/dags/4_dag_PUSH_Updated_YML_To_Cortex.py
[2026-03-11T05:54:21.252+0000] {processor.py:830} INFO - Processing file /home/cloud/codings/airflow/dags/4_dag_PUSH_Updated_YML_To_Cortex.py for tasks to queue
[2026-03-11T05:54:21.253+0000] {logging_mixin.py:188} INFO - [2026-03-11T05:54:21.253+0000] {dagbag.py:545} INFO - Filling up the DagBag from /home/cloud/codings/airflow/dags/4_dag_PUSH_Updated_YML_To_Cortex.py
[2026-03-11T05:54:21.286+0000] {processor.py:840} INFO - DAG(s) '4_dag_PUSH_Updated_YML_To_Cortex' retrieved from /home/cloud/codings/airflow/dags/4_dag_PUSH_Updated_YML_To_Cortex.py
[2026-03-11T05:54:21.306+0000] {logging_mixin.py:188} INFO - [2026-03-11T05:54:21.305+0000] {dag.py:3089} INFO - Sync 1 DAGs
[2026-03-11T05:54:21.324+0000] {logging_mixin.py:188} INFO - [2026-03-11T05:54:21.323+0000] {dag.py:3947} INFO - Setting next_dagrun for 4_dag_PUSH_Updated_YML_To_Cortex to None, run_after=None
[2026-03-11T05:54:21.362+0000] {processor.py:183} INFO - Processing /home/cloud/codings/airflow/dags/4_dag_PUSH_Updated_YML_To_Cortex.py took 0.155 seconds
[2026-03-11T05:54:51.783+0000] {processor.py:161} INFO - Started process (PID=538285) to work on /home/cloud/codings/airflow/dags/4_dag_PUSH_Updated_YML_To_Cortex.py
[2026-03-11T05:54:51.788+0000] {processor.py:830} INFO - Processing file /home/cloud/codings/airflow/dags/4_dag_PUSH_Updated_YML_To_Cortex.py for tasks to queue
[2026-03-11T05:54:51.791+0000] {logging_mixin.py:188} INFO - [2026-03-11T05:54:51.790+0000] {dagbag.py:545} INFO - Filling up the DagBag from /home/cloud/codings/airflow/dags/4_dag_PUSH_Updated_YML_To_Cortex.py
[2026-03-11T05:54:51.842+0000] {processor.py:840} INFO - DAG(s) '4_dag_PUSH_Updated_YML_To_Cortex' retrieved from /home/cloud/codings/airflow/dags/4_dag_PUSH_Updated_YML_To_Cortex.py
[2026-03-11T05:54:51.871+0000] {logging_mixin.py:188} INFO - [2026-03-11T05:54:51.871+0000] {dag.py:3089} INFO - Sync 1 DAGs
[2026-03-11T05:54:51.896+0000] {logging_mixin.py:188} INFO - [2026-03-11T05:54:51.895+0000] {dag.py:3947} INFO - Setting next_dagrun for 4_dag_PUSH_Updated_YML_To_Cortex to None, run_after=None
[2026-03-11T05:54:51.964+0000] {processor.py:183} INFO - Processing /home/cloud/codings/airflow/dags/4_dag_PUSH_Updated_YML_To_Cortex.py took 0.199 seconds
[2026-03-11T05:55:22.408+0000] {processor.py:161} INFO - Started process (PID=538416) to work on /home/cloud/codings/airflow/dags/4_dag_PUSH_Updated_YML_To_Cortex.py
[2026-03-11T05:55:22.434+0000] {processor.py:830} INFO - Processing file /home/cloud/codings/airflow/dags/4_dag_PUSH_Updated_YML_To_Cortex.py for tasks to queue
[2026-03-11T05:55:22.436+0000] {logging_mixin.py:188} INFO - [2026-03-11T05:55:22.435+0000] {dagbag.py:545} INFO - Filling up the DagBag from /home/cloud/codings/airflow/dags/4_dag_PUSH_Updated_YML_To_Cortex.py
[2026-03-11T05:55:22.494+0000] {processor.py:840} INFO - DAG(s) '4_dag_PUSH_Updated_YML_To_Cortex' retrieved from /home/cloud/codings/airflow/dags/4_dag_PUSH_Updated_YML_To_Cortex.py
[2026-03-11T05:55:22.535+0000] {logging_mixin.py:188} INFO - [2026-03-11T05:55:22.534+0000] {dag.py:3089} INFO - Sync 1 DAGs
[2026-03-11T05:55:22.569+0000] {logging_mixin.py:188} INFO - [2026-03-11T05:55:22.568+0000] {dag.py:3947} INFO - Setting next_dagrun for 4_dag_PUSH_Updated_YML_To_Cortex to None, run_after=None
[2026-03-11T05:55:22.650+0000] {processor.py:183} INFO - Processing /home/cloud/codings/airflow/dags/4_dag_PUSH_Updated_YML_To_Cortex.py took 0.254 seconds
[2026-03-11T05:55:52.895+0000] {processor.py:161} INFO - Started process (PID=538435) to work on /home/cloud/codings/airflow/dags/4_dag_PUSH_Updated_YML_To_Cortex.py
[2026-03-11T05:55:52.914+0000] {processor.py:830} INFO - Processing file /home/cloud/codings/airflow/dags/4_dag_PUSH_Updated_YML_To_Cortex.py for tasks to queue
[2026-03-11T05:55:52.918+0000] {logging_mixin.py:188} INFO - [2026-03-11T05:55:52.916+0000] {dagbag.py:545} INFO - Filling up the DagBag from /home/cloud/codings/airflow/dags/4_dag_PUSH_Updated_YML_To_Cortex.py
[2026-03-11T05:55:52.979+0000] {processor.py:840} INFO - DAG(s) '4_dag_PUSH_Updated_YML_To_Cortex' retrieved from /home/cloud/codings/airflow/dags/4_dag_PUSH_Updated_YML_To_Cortex.py
[2026-03-11T05:55:53.007+0000] {logging_mixin.py:188} INFO - [2026-03-11T05:55:53.007+0000] {dag.py:3089} INFO - Sync 1 DAGs
[2026-03-11T05:55:53.022+0000] {logging_mixin.py:188} INFO - [2026-03-11T05:55:53.022+0000] {dag.py:3947} INFO - Setting next_dagrun for 4_dag_PUSH_Updated_YML_To_Cortex to None, run_after=None
[2026-03-11T05:55:53.049+0000] {processor.py:183} INFO - Processing /home/cloud/codings/airflow/dags/4_dag_PUSH_Updated_YML_To_Cortex.py took 0.171 seconds
[2026-03-11T05:56:23.299+0000] {processor.py:161} INFO - Started process (PID=538505) to work on /home/cloud/codings/airflow/dags/4_dag_PUSH_Updated_YML_To_Cortex.py
[2026-03-11T05:56:23.317+0000] {processor.py:830} INFO - Processing file /home/cloud/codings/airflow/dags/4_dag_PUSH_Updated_YML_To_Cortex.py for tasks to queue
[2026-03-11T05:56:23.318+0000] {logging_mixin.py:188} INFO - [2026-03-11T05:56:23.317+0000] {dagbag.py:545} INFO - Filling up the DagBag from /home/cloud/codings/airflow/dags/4_dag_PUSH_Updated_YML_To_Cortex.py
[2026-03-11T05:56:23.348+0000] {processor.py:840} INFO - DAG(s) '4_dag_PUSH_Updated_YML_To_Cortex' retrieved from /home/cloud/codings/airflow/dags/4_dag_PUSH_Updated_YML_To_Cortex.py
[2026-03-11T05:56:23.379+0000] {logging_mixin.py:188} INFO - [2026-03-11T05:56:23.379+0000] {dag.py:3089} INFO - Sync 1 DAGs
[2026-03-11T05:56:23.405+0000] {logging_mixin.py:188} INFO - [2026-03-11T05:56:23.404+0000] {dag.py:3947} INFO - Setting next_dagrun for 4_dag_PUSH_Updated_YML_To_Cortex to None, run_after=None
[2026-03-11T05:56:23.445+0000] {processor.py:183} INFO - Processing /home/cloud/codings/airflow/dags/4_dag_PUSH_Updated_YML_To_Cortex.py took 0.152 seconds
[2026-03-11T05:56:53.886+0000] {processor.py:161} INFO - Started process (PID=538547) to work on /home/cloud/codings/airflow/dags/4_dag_PUSH_Updated_YML_To_Cortex.py
[2026-03-11T05:56:53.904+0000] {processor.py:830} INFO - Processing file /home/cloud/codings/airflow/dags/4_dag_PUSH_Updated_YML_To_Cortex.py for tasks to queue
[2026-03-11T05:56:53.906+0000] {logging_mixin.py:188} INFO - [2026-03-11T05:56:53.905+0000] {dagbag.py:545} INFO - Filling up the DagBag from /home/cloud/codings/airflow/dags/4_dag_PUSH_Updated_YML_To_Cortex.py
[2026-03-11T05:56:53.945+0000] {processor.py:840} INFO - DAG(s) '4_dag_PUSH_Updated_YML_To_Cortex' retrieved from /home/cloud/codings/airflow/dags/4_dag_PUSH_Updated_YML_To_Cortex.py
[2026-03-11T05:56:53.974+0000] {logging_mixin.py:188} INFO - [2026-03-11T05:56:53.974+0000] {dag.py:3089} INFO - Sync 1 DAGs
[2026-03-11T05:56:53.999+0000] {logging_mixin.py:188} INFO - [2026-03-11T05:56:53.998+0000] {dag.py:3947} INFO - Setting next_dagrun for 4_dag_PUSH_Updated_YML_To_Cortex to None, run_after=None
[2026-03-11T05:56:54.067+0000] {processor.py:183} INFO - Processing /home/cloud/codings/airflow/dags/4_dag_PUSH_Updated_YML_To_Cortex.py took 0.195 seconds
[2026-03-11T05:57:24.255+0000] {processor.py:161} INFO - Started process (PID=538593) to work on /home/cloud/codings/airflow/dags/4_dag_PUSH_Updated_YML_To_Cortex.py
[2026-03-11T05:57:24.256+0000] {processor.py:830} INFO - Processing file /home/cloud/codings/airflow/dags/4_dag_PUSH_Updated_YML_To_Cortex.py for tasks to queue
[2026-03-11T05:57:24.258+0000] {logging_mixin.py:188} INFO - [2026-03-11T05:57:24.257+0000] {dagbag.py:545} INFO - Filling up the DagBag from /home/cloud/codings/airflow/dags/4_dag_PUSH_Updated_YML_To_Cortex.py
[2026-03-11T05:57:24.304+0000] {processor.py:840} INFO - DAG(s) '4_dag_PUSH_Updated_YML_To_Cortex' retrieved from /home/cloud/codings/airflow/dags/4_dag_PUSH_Updated_YML_To_Cortex.py
[2026-03-11T05:57:24.332+0000] {logging_mixin.py:188} INFO - [2026-03-11T05:57:24.332+0000] {dag.py:3089} INFO - Sync 1 DAGs
[2026-03-11T05:57:24.358+0000] {logging_mixin.py:188} INFO - [2026-03-11T05:57:24.357+0000] {dag.py:3947} INFO - Setting next_dagrun for 4_dag_PUSH_Updated_YML_To_Cortex to None, run_after=None
[2026-03-11T05:57:24.418+0000] {processor.py:183} INFO - Processing /home/cloud/codings/airflow/dags/4_dag_PUSH_Updated_YML_To_Cortex.py took 0.173 seconds
[2026-03-11T05:57:54.832+0000] {processor.py:161} INFO - Started process (PID=538666) to work on /home/cloud/codings/airflow/dags/4_dag_PUSH_Updated_YML_To_Cortex.py
[2026-03-11T05:57:54.849+0000] {processor.py:830} INFO - Processing file /home/cloud/codings/airflow/dags/4_dag_PUSH_Updated_YML_To_Cortex.py for tasks to queue
[2026-03-11T05:57:54.852+0000] {logging_mixin.py:188} INFO - [2026-03-11T05:57:54.851+0000] {dagbag.py:545} INFO - Filling up the DagBag from /home/cloud/codings/airflow/dags/4_dag_PUSH_Updated_YML_To_Cortex.py
[2026-03-11T05:57:54.898+0000] {processor.py:840} INFO - DAG(s) '4_dag_PUSH_Updated_YML_To_Cortex' retrieved from /home/cloud/codings/airflow/dags/4_dag_PUSH_Updated_YML_To_Cortex.py
[2026-03-11T05:57:54.929+0000] {logging_mixin.py:188} INFO - [2026-03-11T05:57:54.928+0000] {dag.py:3089} INFO - Sync 1 DAGs
[2026-03-11T05:57:54.951+0000] {logging_mixin.py:188} INFO - [2026-03-11T05:57:54.950+0000] {dag.py:3947} INFO - Setting next_dagrun for 4_dag_PUSH_Updated_YML_To_Cortex to None, run_after=None
[2026-03-11T05:57:55.006+0000] {processor.py:183} INFO - Processing /home/cloud/codings/airflow/dags/4_dag_PUSH_Updated_YML_To_Cortex.py took 0.186 seconds
[2026-03-11T05:58:25.419+0000] {processor.py:161} INFO - Started process (PID=538681) to work on /home/cloud/codings/airflow/dags/4_dag_PUSH_Updated_YML_To_Cortex.py
[2026-03-11T05:58:25.420+0000] {processor.py:830} INFO - Processing file /home/cloud/codings/airflow/dags/4_dag_PUSH_Updated_YML_To_Cortex.py for tasks to queue
[2026-03-11T05:58:25.422+0000] {logging_mixin.py:188} INFO - [2026-03-11T05:58:25.421+0000] {dagbag.py:545} INFO - Filling up the DagBag from /home/cloud/codings/airflow/dags/4_dag_PUSH_Updated_YML_To_Cortex.py
[2026-03-11T05:58:25.477+0000] {processor.py:840} INFO - DAG(s) '4_dag_PUSH_Updated_YML_To_Cortex' retrieved from /home/cloud/codings/airflow/dags/4_dag_PUSH_Updated_YML_To_Cortex.py
[2026-03-11T05:58:25.557+0000] {logging_mixin.py:188} INFO - [2026-03-11T05:58:25.546+0000] {dag.py:3089} INFO - Sync 1 DAGs
[2026-03-11T05:58:25.641+0000] {logging_mixin.py:188} INFO - [2026-03-11T05:58:25.640+0000] {dag.py:3947} INFO - Setting next_dagrun for 4_dag_PUSH_Updated_YML_To_Cortex to None, run_after=None
[2026-03-11T05:58:25.743+0000] {processor.py:183} INFO - Processing /home/cloud/codings/airflow/dags/4_dag_PUSH_Updated_YML_To_Cortex.py took 0.336 seconds
[2026-03-11T05:58:56.214+0000] {processor.py:161} INFO - Started process (PID=538756) to work on /home/cloud/codings/airflow/dags/4_dag_PUSH_Updated_YML_To_Cortex.py
[2026-03-11T05:58:56.239+0000] {processor.py:830} INFO - Processing file /home/cloud/codings/airflow/dags/4_dag_PUSH_Updated_YML_To_Cortex.py for tasks to queue
[2026-03-11T05:58:56.241+0000] {logging_mixin.py:188} INFO - [2026-03-11T05:58:56.240+0000] {dagbag.py:545} INFO - Filling up the DagBag from /home/cloud/codings/airflow/dags/4_dag_PUSH_Updated_YML_To_Cortex.py
[2026-03-11T05:58:56.272+0000] {processor.py:840} INFO - DAG(s) '4_dag_PUSH_Updated_YML_To_Cortex' retrieved from /home/cloud/codings/airflow/dags/4_dag_PUSH_Updated_YML_To_Cortex.py
[2026-03-11T05:58:56.286+0000] {logging_mixin.py:188} INFO - [2026-03-11T05:58:56.286+0000] {dag.py:3089} INFO - Sync 1 DAGs
[2026-03-11T05:58:56.299+0000] {logging_mixin.py:188} INFO - [2026-03-11T05:58:56.298+0000] {dag.py:3947} INFO - Setting next_dagrun for 4_dag_PUSH_Updated_YML_To_Cortex to None, run_after=None
[2026-03-11T05:58:56.325+0000] {processor.py:183} INFO - Processing /home/cloud/codings/airflow/dags/4_dag_PUSH_Updated_YML_To_Cortex.py took 0.127 seconds
[2026-03-11T05:59:26.699+0000] {processor.py:161} INFO - Started process (PID=538769) to work on /home/cloud/codings/airflow/dags/4_dag_PUSH_Updated_YML_To_Cortex.py
[2026-03-11T05:59:26.702+0000] {processor.py:830} INFO - Processing file /home/cloud/codings/airflow/dags/4_dag_PUSH_Updated_YML_To_Cortex.py for tasks to queue
[2026-03-11T05:59:26.705+0000] {logging_mixin.py:188} INFO - [2026-03-11T05:59:26.704+0000] {dagbag.py:545} INFO - Filling up the DagBag from /home/cloud/codings/airflow/dags/4_dag_PUSH_Updated_YML_To_Cortex.py
[2026-03-11T05:59:26.748+0000] {processor.py:840} INFO - DAG(s) '4_dag_PUSH_Updated_YML_To_Cortex' retrieved from /home/cloud/codings/airflow/dags/4_dag_PUSH_Updated_YML_To_Cortex.py
[2026-03-11T05:59:26.764+0000] {logging_mixin.py:188} INFO - [2026-03-11T05:59:26.764+0000] {dag.py:3089} INFO - Sync 1 DAGs
[2026-03-11T05:59:26.777+0000] {logging_mixin.py:188} INFO - [2026-03-11T05:59:26.777+0000] {dag.py:3947} INFO - Setting next_dagrun for 4_dag_PUSH_Updated_YML_To_Cortex to None, run_after=None
[2026-03-11T05:59:26.808+0000] {processor.py:183} INFO - Processing /home/cloud/codings/airflow/dags/4_dag_PUSH_Updated_YML_To_Cortex.py took 0.133 seconds
                                                                                                                                                                                                                                                                                                                                                                                                                                                                                                                                                                                                                                                                                                                                                                                        