[2026-03-11T04:18:56.354+0000] {processor.py:161} INFO - Started process (PID=526478) to work on /home/cloud/codings/airflow/dags/dag_snowflake_through_airflow.py
[2026-03-11T04:18:56.365+0000] {processor.py:830} INFO - Processing file /home/cloud/codings/airflow/dags/dag_snowflake_through_airflow.py for tasks to queue
[2026-03-11T04:18:56.367+0000] {logging_mixin.py:188} INFO - [2026-03-11T04:18:56.366+0000] {dagbag.py:545} INFO - Filling up the DagBag from /home/cloud/codings/airflow/dags/dag_snowflake_through_airflow.py
[2026-03-11T04:18:56.429+0000] {processor.py:840} INFO - DAG(s) 'dag_snowflake_through_airflow' retrieved from /home/cloud/codings/airflow/dags/dag_snowflake_through_airflow.py
[2026-03-11T04:18:56.595+0000] {logging_mixin.py:188} INFO - [2026-03-11T04:18:56.594+0000] {dag.py:3089} INFO - Sync 1 DAGs
[2026-03-11T04:18:56.692+0000] {logging_mixin.py:188} INFO - [2026-03-11T04:18:56.685+0000] {dag.py:3947} INFO - Setting next_dagrun for dag_snowflake_through_airflow to None, run_after=None
[2026-03-11T04:18:56.832+0000] {processor.py:183} INFO - Processing /home/cloud/codings/airflow/dags/dag_snowflake_through_airflow.py took 0.510 seconds
[2026-03-11T04:19:27.121+0000] {processor.py:161} INFO - Started process (PID=526503) to work on /home/cloud/codings/airflow/dags/dag_snowflake_through_airflow.py
[2026-03-11T04:19:27.123+0000] {processor.py:830} INFO - Processing file /home/cloud/codings/airflow/dags/dag_snowflake_through_airflow.py for tasks to queue
[2026-03-11T04:19:27.125+0000] {logging_mixin.py:188} INFO - [2026-03-11T04:19:27.124+0000] {dagbag.py:545} INFO - Filling up the DagBag from /home/cloud/codings/airflow/dags/dag_snowflake_through_airflow.py
[2026-03-11T04:19:27.152+0000] {processor.py:840} INFO - DAG(s) 'dag_snowflake_through_airflow' retrieved from /home/cloud/codings/airflow/dags/dag_snowflake_through_airflow.py
[2026-03-11T04:19:27.177+0000] {logging_mixin.py:188} INFO - [2026-03-11T04:19:27.177+0000] {dag.py:3089} INFO - Sync 1 DAGs
[2026-03-11T04:19:27.196+0000] {logging_mixin.py:188} INFO - [2026-03-11T04:19:27.195+0000] {dag.py:3947} INFO - Setting next_dagrun for dag_snowflake_through_airflow to None, run_after=None
[2026-03-11T04:19:27.222+0000] {processor.py:183} INFO - Processing /home/cloud/codings/airflow/dags/dag_snowflake_through_airflow.py took 0.116 seconds
[2026-03-11T04:19:57.446+0000] {processor.py:161} INFO - Started process (PID=526590) to work on /home/cloud/codings/airflow/dags/dag_snowflake_through_airflow.py
[2026-03-11T04:19:57.469+0000] {processor.py:830} INFO - Processing file /home/cloud/codings/airflow/dags/dag_snowflake_through_airflow.py for tasks to queue
[2026-03-11T04:19:57.472+0000] {logging_mixin.py:188} INFO - [2026-03-11T04:19:57.471+0000] {dagbag.py:545} INFO - Filling up the DagBag from /home/cloud/codings/airflow/dags/dag_snowflake_through_airflow.py
[2026-03-11T04:19:57.491+0000] {processor.py:840} INFO - DAG(s) 'dag_snowflake_through_airflow' retrieved from /home/cloud/codings/airflow/dags/dag_snowflake_through_airflow.py
[2026-03-11T04:19:57.514+0000] {logging_mixin.py:188} INFO - [2026-03-11T04:19:57.513+0000] {dag.py:3089} INFO - Sync 1 DAGs
[2026-03-11T04:19:57.526+0000] {logging_mixin.py:188} INFO - [2026-03-11T04:19:57.526+0000] {dag.py:3947} INFO - Setting next_dagrun for dag_snowflake_through_airflow to None, run_after=None
[2026-03-11T04:19:57.551+0000] {processor.py:183} INFO - Processing /home/cloud/codings/airflow/dags/dag_snowflake_through_airflow.py took 0.116 seconds
[2026-03-11T04:20:28.369+0000] {processor.py:161} INFO - Started process (PID=526795) to work on /home/cloud/codings/airflow/dags/dag_snowflake_through_airflow.py
[2026-03-11T04:20:28.372+0000] {processor.py:830} INFO - Processing file /home/cloud/codings/airflow/dags/dag_snowflake_through_airflow.py for tasks to queue
[2026-03-11T04:20:28.374+0000] {logging_mixin.py:188} INFO - [2026-03-11T04:20:28.373+0000] {dagbag.py:545} INFO - Filling up the DagBag from /home/cloud/codings/airflow/dags/dag_snowflake_through_airflow.py
[2026-03-11T04:20:28.396+0000] {processor.py:840} INFO - DAG(s) 'dag_snowflake_through_airflow' retrieved from /home/cloud/codings/airflow/dags/dag_snowflake_through_airflow.py
[2026-03-11T04:20:28.433+0000] {logging_mixin.py:188} INFO - [2026-03-11T04:20:28.432+0000] {dag.py:3089} INFO - Sync 1 DAGs
[2026-03-11T04:20:28.459+0000] {logging_mixin.py:188} INFO - [2026-03-11T04:20:28.459+0000] {dag.py:3947} INFO - Setting next_dagrun for dag_snowflake_through_airflow to None, run_after=None
[2026-03-11T04:20:28.739+0000] {processor.py:183} INFO - Processing /home/cloud/codings/airflow/dags/dag_snowflake_through_airflow.py took 0.385 seconds
[2026-03-11T04:20:59.130+0000] {processor.py:161} INFO - Started process (PID=526899) to work on /home/cloud/codings/airflow/dags/dag_snowflake_through_airflow.py
[2026-03-11T04:20:59.153+0000] {processor.py:830} INFO - Processing file /home/cloud/codings/airflow/dags/dag_snowflake_through_airflow.py for tasks to queue
[2026-03-11T04:20:59.154+0000] {logging_mixin.py:188} INFO - [2026-03-11T04:20:59.154+0000] {dagbag.py:545} INFO - Filling up the DagBag from /home/cloud/codings/airflow/dags/dag_snowflake_through_airflow.py
[2026-03-11T04:20:59.176+0000] {processor.py:840} INFO - DAG(s) 'dag_snowflake_through_airflow' retrieved from /home/cloud/codings/airflow/dags/dag_snowflake_through_airflow.py
[2026-03-11T04:20:59.215+0000] {logging_mixin.py:188} INFO - [2026-03-11T04:20:59.214+0000] {dag.py:3089} INFO - Sync 1 DAGs
[2026-03-11T04:20:59.238+0000] {logging_mixin.py:188} INFO - [2026-03-11T04:20:59.238+0000] {dag.py:3947} INFO - Setting next_dagrun for dag_snowflake_through_airflow to None, run_after=None
[2026-03-11T04:20:59.287+0000] {processor.py:183} INFO - Processing /home/cloud/codings/airflow/dags/dag_snowflake_through_airflow.py took 0.168 seconds
[2026-03-11T04:21:30.027+0000] {processor.py:161} INFO - Started process (PID=526922) to work on /home/cloud/codings/airflow/dags/dag_snowflake_through_airflow.py
[2026-03-11T04:21:30.030+0000] {processor.py:830} INFO - Processing file /home/cloud/codings/airflow/dags/dag_snowflake_through_airflow.py for tasks to queue
[2026-03-11T04:21:30.032+0000] {logging_mixin.py:188} INFO - [2026-03-11T04:21:30.031+0000] {dagbag.py:545} INFO - Filling up the DagBag from /home/cloud/codings/airflow/dags/dag_snowflake_through_airflow.py
[2026-03-11T04:21:30.051+0000] {processor.py:840} INFO - DAG(s) 'dag_snowflake_through_airflow' retrieved from /home/cloud/codings/airflow/dags/dag_snowflake_through_airflow.py
[2026-03-11T04:21:30.082+0000] {logging_mixin.py:188} INFO - [2026-03-11T04:21:30.082+0000] {dag.py:3089} INFO - Sync 1 DAGs
[2026-03-11T04:21:30.105+0000] {logging_mixin.py:188} INFO - [2026-03-11T04:21:30.104+0000] {dag.py:3947} INFO - Setting next_dagrun for dag_snowflake_through_airflow to None, run_after=None
[2026-03-11T04:21:30.139+0000] {processor.py:183} INFO - Processing /home/cloud/codings/airflow/dags/dag_snowflake_through_airflow.py took 0.124 seconds
[2026-03-11T04:22:00.674+0000] {processor.py:161} INFO - Started process (PID=527003) to work on /home/cloud/codings/airflow/dags/dag_snowflake_through_airflow.py
[2026-03-11T04:22:00.679+0000] {processor.py:830} INFO - Processing file /home/cloud/codings/airflow/dags/dag_snowflake_through_airflow.py for tasks to queue
[2026-03-11T04:22:00.682+0000] {logging_mixin.py:188} INFO - [2026-03-11T04:22:00.681+0000] {dagbag.py:545} INFO - Filling up the DagBag from /home/cloud/codings/airflow/dags/dag_snowflake_through_airflow.py
[2026-03-11T04:22:00.722+0000] {processor.py:840} INFO - DAG(s) 'dag_snowflake_through_airflow' retrieved from /home/cloud/codings/airflow/dags/dag_snowflake_through_airflow.py
[2026-03-11T04:22:00.775+0000] {logging_mixin.py:188} INFO - [2026-03-11T04:22:00.775+0000] {dag.py:3089} INFO - Sync 1 DAGs
[2026-03-11T04:22:00.800+0000] {logging_mixin.py:188} INFO - [2026-03-11T04:22:00.799+0000] {dag.py:3947} INFO - Setting next_dagrun for dag_snowflake_through_airflow to None, run_after=None
[2026-03-11T04:22:00.863+0000] {processor.py:183} INFO - Processing /home/cloud/codings/airflow/dags/dag_snowflake_through_airflow.py took 0.224 seconds
[2026-03-11T04:22:31.102+0000] {processor.py:161} INFO - Started process (PID=527026) to work on /home/cloud/codings/airflow/dags/dag_snowflake_through_airflow.py
[2026-03-11T04:22:31.105+0000] {processor.py:830} INFO - Processing file /home/cloud/codings/airflow/dags/dag_snowflake_through_airflow.py for tasks to queue
[2026-03-11T04:22:31.107+0000] {logging_mixin.py:188} INFO - [2026-03-11T04:22:31.107+0000] {dagbag.py:545} INFO - Filling up the DagBag from /home/cloud/codings/airflow/dags/dag_snowflake_through_airflow.py
[2026-03-11T04:22:31.129+0000] {processor.py:840} INFO - DAG(s) 'dag_snowflake_through_airflow' retrieved from /home/cloud/codings/airflow/dags/dag_snowflake_through_airflow.py
[2026-03-11T04:22:31.157+0000] {logging_mixin.py:188} INFO - [2026-03-11T04:22:31.157+0000] {dag.py:3089} INFO - Sync 1 DAGs
[2026-03-11T04:22:31.175+0000] {logging_mixin.py:188} INFO - [2026-03-11T04:22:31.175+0000] {dag.py:3947} INFO - Setting next_dagrun for dag_snowflake_through_airflow to None, run_after=None
[2026-03-11T04:22:31.200+0000] {processor.py:183} INFO - Processing /home/cloud/codings/airflow/dags/dag_snowflake_through_airflow.py took 0.111 seconds
[2026-03-11T04:23:01.629+0000] {processor.py:161} INFO - Started process (PID=527113) to work on /home/cloud/codings/airflow/dags/dag_snowflake_through_airflow.py
[2026-03-11T04:23:01.650+0000] {processor.py:830} INFO - Processing file /home/cloud/codings/airflow/dags/dag_snowflake_through_airflow.py for tasks to queue
[2026-03-11T04:23:01.654+0000] {logging_mixin.py:188} INFO - [2026-03-11T04:23:01.653+0000] {dagbag.py:545} INFO - Filling up the DagBag from /home/cloud/codings/airflow/dags/dag_snowflake_through_airflow.py
[2026-03-11T04:23:01.697+0000] {processor.py:840} INFO - DAG(s) 'dag_snowflake_through_airflow' retrieved from /home/cloud/codings/airflow/dags/dag_snowflake_through_airflow.py
[2026-03-11T04:23:01.741+0000] {logging_mixin.py:188} INFO - [2026-03-11T04:23:01.741+0000] {dag.py:3089} INFO - Sync 1 DAGs
[2026-03-11T04:23:02.043+0000] {logging_mixin.py:188} INFO - [2026-03-11T04:23:02.043+0000] {dag.py:3947} INFO - Setting next_dagrun for dag_snowflake_through_airflow to None, run_after=None
[2026-03-11T04:23:02.102+0000] {processor.py:183} INFO - Processing /home/cloud/codings/airflow/dags/dag_snowflake_through_airflow.py took 0.498 seconds
[2026-03-11T04:23:32.447+0000] {processor.py:161} INFO - Started process (PID=527141) to work on /home/cloud/codings/airflow/dags/dag_snowflake_through_airflow.py
[2026-03-11T04:23:32.469+0000] {processor.py:830} INFO - Processing file /home/cloud/codings/airflow/dags/dag_snowflake_through_airflow.py for tasks to queue
[2026-03-11T04:23:32.475+0000] {logging_mixin.py:188} INFO - [2026-03-11T04:23:32.472+0000] {dagbag.py:545} INFO - Filling up the DagBag from /home/cloud/codings/airflow/dags/dag_snowflake_through_airflow.py
[2026-03-11T04:23:32.501+0000] {processor.py:840} INFO - DAG(s) 'dag_snowflake_through_airflow' retrieved from /home/cloud/codings/airflow/dags/dag_snowflake_through_airflow.py
[2026-03-11T04:23:32.722+0000] {logging_mixin.py:188} INFO - [2026-03-11T04:23:32.722+0000] {dag.py:3089} INFO - Sync 1 DAGs
[2026-03-11T04:23:32.740+0000] {logging_mixin.py:188} INFO - [2026-03-11T04:23:32.739+0000] {dag.py:3947} INFO - Setting next_dagrun for dag_snowflake_through_airflow to None, run_after=None
[2026-03-11T04:23:32.796+0000] {processor.py:183} INFO - Processing /home/cloud/codings/airflow/dags/dag_snowflake_through_airflow.py took 0.377 seconds
[2026-03-11T04:24:03.089+0000] {processor.py:161} INFO - Started process (PID=527226) to work on /home/cloud/codings/airflow/dags/dag_snowflake_through_airflow.py
[2026-03-11T04:24:03.108+0000] {processor.py:830} INFO - Processing file /home/cloud/codings/airflow/dags/dag_snowflake_through_airflow.py for tasks to queue
[2026-03-11T04:24:03.110+0000] {logging_mixin.py:188} INFO - [2026-03-11T04:24:03.109+0000] {dagbag.py:545} INFO - Filling up the DagBag from /home/cloud/codings/airflow/dags/dag_snowflake_through_airflow.py
[2026-03-11T04:24:03.144+0000] {processor.py:840} INFO - DAG(s) 'dag_snowflake_through_airflow' retrieved from /home/cloud/codings/airflow/dags/dag_snowflake_through_airflow.py
[2026-03-11T04:24:03.186+0000] {logging_mixin.py:188} INFO - [2026-03-11T04:24:03.186+0000] {dag.py:3089} INFO - Sync 1 DAGs
[2026-03-11T04:24:03.202+0000] {logging_mixin.py:188} INFO - [2026-03-11T04:24:03.202+0000] {dag.py:3947} INFO - Setting next_dagrun for dag_snowflake_through_airflow to None, run_after=None
[2026-03-11T04:24:03.226+0000] {processor.py:183} INFO - Processing /home/cloud/codings/airflow/dags/dag_snowflake_through_airflow.py took 0.161 seconds
[2026-03-11T04:24:34.237+0000] {processor.py:161} INFO - Started process (PID=527247) to work on /home/cloud/codings/airflow/dags/dag_snowflake_through_airflow.py
[2026-03-11T04:24:34.256+0000] {processor.py:830} INFO - Processing file /home/cloud/codings/airflow/dags/dag_snowflake_through_airflow.py for tasks to queue
[2026-03-11T04:24:34.258+0000] {logging_mixin.py:188} INFO - [2026-03-11T04:24:34.257+0000] {dagbag.py:545} INFO - Filling up the DagBag from /home/cloud/codings/airflow/dags/dag_snowflake_through_airflow.py
[2026-03-11T04:24:34.278+0000] {processor.py:840} INFO - DAG(s) 'dag_snowflake_through_airflow' retrieved from /home/cloud/codings/airflow/dags/dag_snowflake_through_airflow.py
[2026-03-11T04:24:34.316+0000] {logging_mixin.py:188} INFO - [2026-03-11T04:24:34.315+0000] {dag.py:3089} INFO - Sync 1 DAGs
[2026-03-11T04:24:34.340+0000] {logging_mixin.py:188} INFO - [2026-03-11T04:24:34.340+0000] {dag.py:3947} INFO - Setting next_dagrun for dag_snowflake_through_airflow to None, run_after=None
[2026-03-11T04:24:34.380+0000] {processor.py:183} INFO - Processing /home/cloud/codings/airflow/dags/dag_snowflake_through_airflow.py took 0.155 seconds
[2026-03-11T04:25:04.958+0000] {processor.py:161} INFO - Started process (PID=527394) to work on /home/cloud/codings/airflow/dags/dag_snowflake_through_airflow.py
[2026-03-11T04:25:04.960+0000] {processor.py:830} INFO - Processing file /home/cloud/codings/airflow/dags/dag_snowflake_through_airflow.py for tasks to queue
[2026-03-11T04:25:04.962+0000] {logging_mixin.py:188} INFO - [2026-03-11T04:25:04.961+0000] {dagbag.py:545} INFO - Filling up the DagBag from /home/cloud/codings/airflow/dags/dag_snowflake_through_airflow.py
[2026-03-11T04:25:04.983+0000] {processor.py:840} INFO - DAG(s) 'dag_snowflake_through_airflow' retrieved from /home/cloud/codings/airflow/dags/dag_snowflake_through_airflow.py
[2026-03-11T04:25:05.021+0000] {logging_mixin.py:188} INFO - [2026-03-11T04:25:05.021+0000] {dag.py:3089} INFO - Sync 1 DAGs
[2026-03-11T04:25:05.041+0000] {logging_mixin.py:188} INFO - [2026-03-11T04:25:05.041+0000] {dag.py:3947} INFO - Setting next_dagrun for dag_snowflake_through_airflow to None, run_after=None
[2026-03-11T04:25:05.075+0000] {processor.py:183} INFO - Processing /home/cloud/codings/airflow/dags/dag_snowflake_through_airflow.py took 0.129 seconds
[2026-03-11T04:25:35.726+0000] {processor.py:161} INFO - Started process (PID=527419) to work on /home/cloud/codings/airflow/dags/dag_snowflake_through_airflow.py
[2026-03-11T04:25:35.747+0000] {processor.py:830} INFO - Processing file /home/cloud/codings/airflow/dags/dag_snowflake_through_airflow.py for tasks to queue
[2026-03-11T04:25:35.748+0000] {logging_mixin.py:188} INFO - [2026-03-11T04:25:35.748+0000] {dagbag.py:545} INFO - Filling up the DagBag from /home/cloud/codings/airflow/dags/dag_snowflake_through_airflow.py
[2026-03-11T04:25:35.765+0000] {processor.py:840} INFO - DAG(s) 'dag_snowflake_through_airflow' retrieved from /home/cloud/codings/airflow/dags/dag_snowflake_through_airflow.py
[2026-03-11T04:25:35.789+0000] {logging_mixin.py:188} INFO - [2026-03-11T04:25:35.789+0000] {dag.py:3089} INFO - Sync 1 DAGs
[2026-03-11T04:25:35.804+0000] {logging_mixin.py:188} INFO - [2026-03-11T04:25:35.804+0000] {dag.py:3947} INFO - Setting next_dagrun for dag_snowflake_through_airflow to None, run_after=None
[2026-03-11T04:25:35.830+0000] {processor.py:183} INFO - Processing /home/cloud/codings/airflow/dags/dag_snowflake_through_airflow.py took 0.123 seconds
[2026-03-11T04:26:06.524+0000] {processor.py:161} INFO - Started process (PID=527504) to work on /home/cloud/codings/airflow/dags/dag_snowflake_through_airflow.py
[2026-03-11T04:26:06.550+0000] {processor.py:830} INFO - Processing file /home/cloud/codings/airflow/dags/dag_snowflake_through_airflow.py for tasks to queue
[2026-03-11T04:26:06.553+0000] {logging_mixin.py:188} INFO - [2026-03-11T04:26:06.552+0000] {dagbag.py:545} INFO - Filling up the DagBag from /home/cloud/codings/airflow/dags/dag_snowflake_through_airflow.py
[2026-03-11T04:26:06.569+0000] {processor.py:840} INFO - DAG(s) 'dag_snowflake_through_airflow' retrieved from /home/cloud/codings/airflow/dags/dag_snowflake_through_airflow.py
[2026-03-11T04:26:06.592+0000] {logging_mixin.py:188} INFO - [2026-03-11T04:26:06.591+0000] {dag.py:3089} INFO - Sync 1 DAGs
[2026-03-11T04:26:06.605+0000] {logging_mixin.py:188} INFO - [2026-03-11T04:26:06.605+0000] {dag.py:3947} INFO - Setting next_dagrun for dag_snowflake_through_airflow to None, run_after=None
[2026-03-11T04:26:06.631+0000] {processor.py:183} INFO - Processing /home/cloud/codings/airflow/dags/dag_snowflake_through_airflow.py took 0.133 seconds
[2026-03-11T04:26:38.650+0000] {processor.py:161} INFO - Started process (PID=527529) to work on /home/cloud/codings/airflow/dags/dag_snowflake_through_airflow.py
[2026-03-11T04:26:38.682+0000] {processor.py:830} INFO - Processing file /home/cloud/codings/airflow/dags/dag_snowflake_through_airflow.py for tasks to queue
[2026-03-11T04:26:38.684+0000] {logging_mixin.py:188} INFO - [2026-03-11T04:26:38.683+0000] {dagbag.py:545} INFO - Filling up the DagBag from /home/cloud/codings/airflow/dags/dag_snowflake_through_airflow.py
[2026-03-11T04:26:38.701+0000] {processor.py:840} INFO - DAG(s) 'dag_snowflake_through_airflow' retrieved from /home/cloud/codings/airflow/dags/dag_snowflake_through_airflow.py
[2026-03-11T04:26:38.720+0000] {logging_mixin.py:188} INFO - [2026-03-11T04:26:38.720+0000] {dag.py:3089} INFO - Sync 1 DAGs
[2026-03-11T04:26:38.732+0000] {logging_mixin.py:188} INFO - [2026-03-11T04:26:38.731+0000] {dag.py:3947} INFO - Setting next_dagrun for dag_snowflake_through_airflow to None, run_after=None
[2026-03-11T04:26:38.757+0000] {processor.py:183} INFO - Processing /home/cloud/codings/airflow/dags/dag_snowflake_through_airflow.py took 0.120 seconds
[2026-03-11T04:27:09.181+0000] {processor.py:161} INFO - Started process (PID=527616) to work on /home/cloud/codings/airflow/dags/dag_snowflake_through_airflow.py
[2026-03-11T04:27:09.183+0000] {processor.py:830} INFO - Processing file /home/cloud/codings/airflow/dags/dag_snowflake_through_airflow.py for tasks to queue
[2026-03-11T04:27:09.184+0000] {logging_mixin.py:188} INFO - [2026-03-11T04:27:09.183+0000] {dagbag.py:545} INFO - Filling up the DagBag from /home/cloud/codings/airflow/dags/dag_snowflake_through_airflow.py
[2026-03-11T04:27:09.198+0000] {processor.py:840} INFO - DAG(s) 'dag_snowflake_through_airflow' retrieved from /home/cloud/codings/airflow/dags/dag_snowflake_through_airflow.py
[2026-03-11T04:27:09.220+0000] {logging_mixin.py:188} INFO - [2026-03-11T04:27:09.219+0000] {dag.py:3089} INFO - Sync 1 DAGs
[2026-03-11T04:27:09.233+0000] {logging_mixin.py:188} INFO - [2026-03-11T04:27:09.233+0000] {dag.py:3947} INFO - Setting next_dagrun for dag_snowflake_through_airflow to None, run_after=None
[2026-03-11T04:27:09.260+0000] {processor.py:183} INFO - Processing /home/cloud/codings/airflow/dags/dag_snowflake_through_airflow.py took 0.091 seconds
[2026-03-11T04:27:40.025+0000] {processor.py:161} INFO - Started process (PID=527633) to work on /home/cloud/codings/airflow/dags/dag_snowflake_through_airflow.py
[2026-03-11T04:27:40.054+0000] {processor.py:830} INFO - Processing file /home/cloud/codings/airflow/dags/dag_snowflake_through_airflow.py for tasks to queue
[2026-03-11T04:27:40.057+0000] {logging_mixin.py:188} INFO - [2026-03-11T04:27:40.056+0000] {dagbag.py:545} INFO - Filling up the DagBag from /home/cloud/codings/airflow/dags/dag_snowflake_through_airflow.py
[2026-03-11T04:27:40.079+0000] {processor.py:840} INFO - DAG(s) 'dag_snowflake_through_airflow' retrieved from /home/cloud/codings/airflow/dags/dag_snowflake_through_airflow.py
[2026-03-11T04:27:40.115+0000] {logging_mixin.py:188} INFO - [2026-03-11T04:27:40.115+0000] {dag.py:3089} INFO - Sync 1 DAGs
[2026-03-11T04:27:40.134+0000] {logging_mixin.py:188} INFO - [2026-03-11T04:27:40.133+0000] {dag.py:3947} INFO - Setting next_dagrun for dag_snowflake_through_airflow to None, run_after=None
[2026-03-11T04:27:40.168+0000] {processor.py:183} INFO - Processing /home/cloud/codings/airflow/dags/dag_snowflake_through_airflow.py took 0.166 seconds
[2026-03-11T04:28:10.732+0000] {processor.py:161} INFO - Started process (PID=527720) to work on /home/cloud/codings/airflow/dags/dag_snowflake_through_airflow.py
[2026-03-11T04:28:10.733+0000] {processor.py:830} INFO - Processing file /home/cloud/codings/airflow/dags/dag_snowflake_through_airflow.py for tasks to queue
[2026-03-11T04:28:10.734+0000] {logging_mixin.py:188} INFO - [2026-03-11T04:28:10.734+0000] {dagbag.py:545} INFO - Filling up the DagBag from /home/cloud/codings/airflow/dags/dag_snowflake_through_airflow.py
[2026-03-11T04:28:10.745+0000] {processor.py:840} INFO - DAG(s) 'dag_snowflake_through_airflow' retrieved from /home/cloud/codings/airflow/dags/dag_snowflake_through_airflow.py
[2026-03-11T04:28:10.780+0000] {logging_mixin.py:188} INFO - [2026-03-11T04:28:10.779+0000] {dag.py:3089} INFO - Sync 1 DAGs
[2026-03-11T04:28:10.825+0000] {logging_mixin.py:188} INFO - [2026-03-11T04:28:10.824+0000] {dag.py:3947} INFO - Setting next_dagrun for dag_snowflake_through_airflow to None, run_after=None
[2026-03-11T04:28:10.895+0000] {processor.py:183} INFO - Processing /home/cloud/codings/airflow/dags/dag_snowflake_through_airflow.py took 0.171 seconds
[2026-03-11T04:28:41.365+0000] {processor.py:161} INFO - Started process (PID=527748) to work on /home/cloud/codings/airflow/dags/dag_snowflake_through_airflow.py
[2026-03-11T04:28:41.367+0000] {processor.py:830} INFO - Processing file /home/cloud/codings/airflow/dags/dag_snowflake_through_airflow.py for tasks to queue
[2026-03-11T04:28:41.369+0000] {logging_mixin.py:188} INFO - [2026-03-11T04:28:41.368+0000] {dagbag.py:545} INFO - Filling up the DagBag from /home/cloud/codings/airflow/dags/dag_snowflake_through_airflow.py
[2026-03-11T04:28:41.391+0000] {processor.py:840} INFO - DAG(s) 'dag_snowflake_through_airflow' retrieved from /home/cloud/codings/airflow/dags/dag_snowflake_through_airflow.py
[2026-03-11T04:28:41.424+0000] {logging_mixin.py:188} INFO - [2026-03-11T04:28:41.424+0000] {dag.py:3089} INFO - Sync 1 DAGs
[2026-03-11T04:28:41.437+0000] {logging_mixin.py:188} INFO - [2026-03-11T04:28:41.437+0000] {dag.py:3947} INFO - Setting next_dagrun for dag_snowflake_through_airflow to None, run_after=None
[2026-03-11T04:28:41.461+0000] {processor.py:183} INFO - Processing /home/cloud/codings/airflow/dags/dag_snowflake_through_airflow.py took 0.111 seconds
[2026-03-11T04:29:12.050+0000] {processor.py:161} INFO - Started process (PID=527836) to work on /home/cloud/codings/airflow/dags/dag_snowflake_through_airflow.py
[2026-03-11T04:29:12.053+0000] {processor.py:830} INFO - Processing file /home/cloud/codings/airflow/dags/dag_snowflake_through_airflow.py for tasks to queue
[2026-03-11T04:29:12.054+0000] {logging_mixin.py:188} INFO - [2026-03-11T04:29:12.054+0000] {dagbag.py:545} INFO - Filling up the DagBag from /home/cloud/codings/airflow/dags/dag_snowflake_through_airflow.py
[2026-03-11T04:29:12.076+0000] {processor.py:840} INFO - DAG(s) 'dag_snowflake_through_airflow' retrieved from /home/cloud/codings/airflow/dags/dag_snowflake_through_airflow.py
[2026-03-11T04:29:12.112+0000] {logging_mixin.py:188} INFO - [2026-03-11T04:29:12.111+0000] {dag.py:3089} INFO - Sync 1 DAGs
[2026-03-11T04:29:12.135+0000] {logging_mixin.py:188} INFO - [2026-03-11T04:29:12.135+0000] {dag.py:3947} INFO - Setting next_dagrun for dag_snowflake_through_airflow to None, run_after=None
[2026-03-11T04:29:12.176+0000] {processor.py:183} INFO - Processing /home/cloud/codings/airflow/dags/dag_snowflake_through_airflow.py took 0.137 seconds
[2026-03-11T04:29:42.735+0000] {processor.py:161} INFO - Started process (PID=527869) to work on /home/cloud/codings/airflow/dags/dag_snowflake_through_airflow.py
[2026-03-11T04:29:42.737+0000] {processor.py:830} INFO - Processing file /home/cloud/codings/airflow/dags/dag_snowflake_through_airflow.py for tasks to queue
[2026-03-11T04:29:42.738+0000] {logging_mixin.py:188} INFO - [2026-03-11T04:29:42.738+0000] {dagbag.py:545} INFO - Filling up the DagBag from /home/cloud/codings/airflow/dags/dag_snowflake_through_airflow.py
[2026-03-11T04:29:42.754+0000] {processor.py:840} INFO - DAG(s) 'dag_snowflake_through_airflow' retrieved from /home/cloud/codings/airflow/dags/dag_snowflake_through_airflow.py
[2026-03-11T04:29:42.780+0000] {logging_mixin.py:188} INFO - [2026-03-11T04:29:42.779+0000] {dag.py:3089} INFO - Sync 1 DAGs
[2026-03-11T04:29:42.796+0000] {logging_mixin.py:188} INFO - [2026-03-11T04:29:42.795+0000] {dag.py:3947} INFO - Setting next_dagrun for dag_snowflake_through_airflow to None, run_after=None
[2026-03-11T04:29:42.825+0000] {processor.py:183} INFO - Processing /home/cloud/codings/airflow/dags/dag_snowflake_through_airflow.py took 0.097 seconds
[2026-03-11T04:30:13.323+0000] {processor.py:161} INFO - Started process (PID=528006) to work on /home/cloud/codings/airflow/dags/dag_snowflake_through_airflow.py
[2026-03-11T04:30:13.327+0000] {processor.py:830} INFO - Processing file /home/cloud/codings/airflow/dags/dag_snowflake_through_airflow.py for tasks to queue
[2026-03-11T04:30:13.329+0000] {logging_mixin.py:188} INFO - [2026-03-11T04:30:13.328+0000] {dagbag.py:545} INFO - Filling up the DagBag from /home/cloud/codings/airflow/dags/dag_snowflake_through_airflow.py
[2026-03-11T04:30:13.358+0000] {processor.py:840} INFO - DAG(s) 'dag_snowflake_through_airflow' retrieved from /home/cloud/codings/airflow/dags/dag_snowflake_through_airflow.py
[2026-03-11T04:30:13.409+0000] {logging_mixin.py:188} INFO - [2026-03-11T04:30:13.408+0000] {dag.py:3089} INFO - Sync 1 DAGs
[2026-03-11T04:30:13.434+0000] {logging_mixin.py:188} INFO - [2026-03-11T04:30:13.434+0000] {dag.py:3947} INFO - Setting next_dagrun for dag_snowflake_through_airflow to None, run_after=None
[2026-03-11T04:30:13.480+0000] {processor.py:183} INFO - Processing /home/cloud/codings/airflow/dags/dag_snowflake_through_airflow.py took 0.189 seconds
[2026-03-11T04:30:43.744+0000] {processor.py:161} INFO - Started process (PID=528035) to work on /home/cloud/codings/airflow/dags/dag_snowflake_through_airflow.py
[2026-03-11T04:30:43.746+0000] {processor.py:830} INFO - Processing file /home/cloud/codings/airflow/dags/dag_snowflake_through_airflow.py for tasks to queue
[2026-03-11T04:30:43.747+0000] {logging_mixin.py:188} INFO - [2026-03-11T04:30:43.746+0000] {dagbag.py:545} INFO - Filling up the DagBag from /home/cloud/codings/airflow/dags/dag_snowflake_through_airflow.py
[2026-03-11T04:30:43.760+0000] {processor.py:840} INFO - DAG(s) 'dag_snowflake_through_airflow' retrieved from /home/cloud/codings/airflow/dags/dag_snowflake_through_airflow.py
[2026-03-11T04:30:43.782+0000] {logging_mixin.py:188} INFO - [2026-03-11T04:30:43.782+0000] {dag.py:3089} INFO - Sync 1 DAGs
[2026-03-11T04:30:43.796+0000] {logging_mixin.py:188} INFO - [2026-03-11T04:30:43.796+0000] {dag.py:3947} INFO - Setting next_dagrun for dag_snowflake_through_airflow to None, run_after=None
[2026-03-11T04:30:43.823+0000] {processor.py:183} INFO - Processing /home/cloud/codings/airflow/dags/dag_snowflake_through_airflow.py took 0.090 seconds
[2026-03-11T04:31:14.660+0000] {processor.py:161} INFO - Started process (PID=528120) to work on /home/cloud/codings/airflow/dags/dag_snowflake_through_airflow.py
[2026-03-11T04:31:14.664+0000] {processor.py:830} INFO - Processing file /home/cloud/codings/airflow/dags/dag_snowflake_through_airflow.py for tasks to queue
[2026-03-11T04:31:14.668+0000] {logging_mixin.py:188} INFO - [2026-03-11T04:31:14.666+0000] {dagbag.py:545} INFO - Filling up the DagBag from /home/cloud/codings/airflow/dags/dag_snowflake_through_airflow.py
[2026-03-11T04:31:14.701+0000] {processor.py:840} INFO - DAG(s) 'dag_snowflake_through_airflow' retrieved from /home/cloud/codings/airflow/dags/dag_snowflake_through_airflow.py
[2026-03-11T04:31:14.748+0000] {logging_mixin.py:188} INFO - [2026-03-11T04:31:14.748+0000] {dag.py:3089} INFO - Sync 1 DAGs
[2026-03-11T04:31:14.772+0000] {logging_mixin.py:188} INFO - [2026-03-11T04:31:14.772+0000] {dag.py:3947} INFO - Setting next_dagrun for dag_snowflake_through_airflow to None, run_after=None
[2026-03-11T04:31:14.839+0000] {processor.py:183} INFO - Processing /home/cloud/codings/airflow/dags/dag_snowflake_through_airflow.py took 0.206 seconds
[2026-03-11T04:31:45.261+0000] {processor.py:161} INFO - Started process (PID=528148) to work on /home/cloud/codings/airflow/dags/dag_snowflake_through_airflow.py
[2026-03-11T04:31:45.285+0000] {processor.py:830} INFO - Processing file /home/cloud/codings/airflow/dags/dag_snowflake_through_airflow.py for tasks to queue
[2026-03-11T04:31:45.287+0000] {logging_mixin.py:188} INFO - [2026-03-11T04:31:45.286+0000] {dagbag.py:545} INFO - Filling up the DagBag from /home/cloud/codings/airflow/dags/dag_snowflake_through_airflow.py
[2026-03-11T04:31:45.303+0000] {processor.py:840} INFO - DAG(s) 'dag_snowflake_through_airflow' retrieved from /home/cloud/codings/airflow/dags/dag_snowflake_through_airflow.py
[2026-03-11T04:31:45.336+0000] {logging_mixin.py:188} INFO - [2026-03-11T04:31:45.336+0000] {dag.py:3089} INFO - Sync 1 DAGs
[2026-03-11T04:31:45.355+0000] {logging_mixin.py:188} INFO - [2026-03-11T04:31:45.355+0000] {dag.py:3947} INFO - Setting next_dagrun for dag_snowflake_through_airflow to None, run_after=None
[2026-03-11T04:31:45.390+0000] {processor.py:183} INFO - Processing /home/cloud/codings/airflow/dags/dag_snowflake_through_airflow.py took 0.144 seconds
[2026-03-11T04:32:15.907+0000] {processor.py:161} INFO - Started process (PID=528233) to work on /home/cloud/codings/airflow/dags/dag_snowflake_through_airflow.py
[2026-03-11T04:32:15.909+0000] {processor.py:830} INFO - Processing file /home/cloud/codings/airflow/dags/dag_snowflake_through_airflow.py for tasks to queue
[2026-03-11T04:32:15.911+0000] {logging_mixin.py:188} INFO - [2026-03-11T04:32:15.910+0000] {dagbag.py:545} INFO - Filling up the DagBag from /home/cloud/codings/airflow/dags/dag_snowflake_through_airflow.py
[2026-03-11T04:32:15.931+0000] {processor.py:840} INFO - DAG(s) 'dag_snowflake_through_airflow' retrieved from /home/cloud/codings/airflow/dags/dag_snowflake_through_airflow.py
[2026-03-11T04:32:15.958+0000] {logging_mixin.py:188} INFO - [2026-03-11T04:32:15.958+0000] {dag.py:3089} INFO - Sync 1 DAGs
[2026-03-11T04:32:15.978+0000] {logging_mixin.py:188} INFO - [2026-03-11T04:32:15.978+0000] {dag.py:3947} INFO - Setting next_dagrun for dag_snowflake_through_airflow to None, run_after=None
[2026-03-11T04:32:16.007+0000] {processor.py:183} INFO - Processing /home/cloud/codings/airflow/dags/dag_snowflake_through_airflow.py took 0.122 seconds
[2026-03-11T04:32:46.471+0000] {processor.py:161} INFO - Started process (PID=528285) to work on /home/cloud/codings/airflow/dags/dag_snowflake_through_airflow.py
[2026-03-11T04:32:46.483+0000] {processor.py:830} INFO - Processing file /home/cloud/codings/airflow/dags/dag_snowflake_through_airflow.py for tasks to queue
[2026-03-11T04:32:46.485+0000] {logging_mixin.py:188} INFO - [2026-03-11T04:32:46.484+0000] {dagbag.py:545} INFO - Filling up the DagBag from /home/cloud/codings/airflow/dags/dag_snowflake_through_airflow.py
[2026-03-11T04:32:46.501+0000] {processor.py:840} INFO - DAG(s) 'dag_snowflake_through_airflow' retrieved from /home/cloud/codings/airflow/dags/dag_snowflake_through_airflow.py
[2026-03-11T04:32:46.535+0000] {logging_mixin.py:188} INFO - [2026-03-11T04:32:46.535+0000] {dag.py:3089} INFO - Sync 1 DAGs
[2026-03-11T04:32:46.558+0000] {logging_mixin.py:188} INFO - [2026-03-11T04:32:46.558+0000] {dag.py:3947} INFO - Setting next_dagrun for dag_snowflake_through_airflow to None, run_after=None
[2026-03-11T04:32:46.585+0000] {processor.py:183} INFO - Processing /home/cloud/codings/airflow/dags/dag_snowflake_through_airflow.py took 0.126 seconds
[2026-03-11T04:33:17.178+0000] {processor.py:161} INFO - Started process (PID=528339) to work on /home/cloud/codings/airflow/dags/dag_snowflake_through_airflow.py
[2026-03-11T04:33:17.182+0000] {processor.py:830} INFO - Processing file /home/cloud/codings/airflow/dags/dag_snowflake_through_airflow.py for tasks to queue
[2026-03-11T04:33:17.183+0000] {logging_mixin.py:188} INFO - [2026-03-11T04:33:17.183+0000] {dagbag.py:545} INFO - Filling up the DagBag from /home/cloud/codings/airflow/dags/dag_snowflake_through_airflow.py
[2026-03-11T04:33:17.198+0000] {processor.py:840} INFO - DAG(s) 'dag_snowflake_through_airflow' retrieved from /home/cloud/codings/airflow/dags/dag_snowflake_through_airflow.py
[2026-03-11T04:33:17.226+0000] {logging_mixin.py:188} INFO - [2026-03-11T04:33:17.226+0000] {dag.py:3089} INFO - Sync 1 DAGs
[2026-03-11T04:33:17.243+0000] {logging_mixin.py:188} INFO - [2026-03-11T04:33:17.242+0000] {dag.py:3947} INFO - Setting next_dagrun for dag_snowflake_through_airflow to None, run_after=None
[2026-03-11T04:33:17.273+0000] {processor.py:183} INFO - Processing /home/cloud/codings/airflow/dags/dag_snowflake_through_airflow.py took 0.106 seconds
[2026-03-11T04:33:47.675+0000] {processor.py:161} INFO - Started process (PID=528425) to work on /home/cloud/codings/airflow/dags/dag_snowflake_through_airflow.py
[2026-03-11T04:33:47.677+0000] {processor.py:830} INFO - Processing file /home/cloud/codings/airflow/dags/dag_snowflake_through_airflow.py for tasks to queue
[2026-03-11T04:33:47.680+0000] {logging_mixin.py:188} INFO - [2026-03-11T04:33:47.679+0000] {dagbag.py:545} INFO - Filling up the DagBag from /home/cloud/codings/airflow/dags/dag_snowflake_through_airflow.py
[2026-03-11T04:33:47.715+0000] {processor.py:840} INFO - DAG(s) 'dag_snowflake_through_airflow' retrieved from /home/cloud/codings/airflow/dags/dag_snowflake_through_airflow.py
[2026-03-11T04:33:47.768+0000] {logging_mixin.py:188} INFO - [2026-03-11T04:33:47.767+0000] {dag.py:3089} INFO - Sync 1 DAGs
[2026-03-11T04:33:47.801+0000] {logging_mixin.py:188} INFO - [2026-03-11T04:33:47.800+0000] {dag.py:3947} INFO - Setting next_dagrun for dag_snowflake_through_airflow to None, run_after=None
[2026-03-11T04:33:47.847+0000] {processor.py:183} INFO - Processing /home/cloud/codings/airflow/dags/dag_snowflake_through_airflow.py took 0.186 seconds
[2026-03-11T04:34:18.154+0000] {processor.py:161} INFO - Started process (PID=528448) to work on /home/cloud/codings/airflow/dags/dag_snowflake_through_airflow.py
[2026-03-11T04:34:18.155+0000] {processor.py:830} INFO - Processing file /home/cloud/codings/airflow/dags/dag_snowflake_through_airflow.py for tasks to queue
[2026-03-11T04:34:18.157+0000] {logging_mixin.py:188} INFO - [2026-03-11T04:34:18.156+0000] {dagbag.py:545} INFO - Filling up the DagBag from /home/cloud/codings/airflow/dags/dag_snowflake_through_airflow.py
[2026-03-11T04:34:18.173+0000] {processor.py:840} INFO - DAG(s) 'dag_snowflake_through_airflow' retrieved from /home/cloud/codings/airflow/dags/dag_snowflake_through_airflow.py
[2026-03-11T04:34:18.206+0000] {logging_mixin.py:188} INFO - [2026-03-11T04:34:18.206+0000] {dag.py:3089} INFO - Sync 1 DAGs
[2026-03-11T04:34:18.229+0000] {logging_mixin.py:188} INFO - [2026-03-11T04:34:18.229+0000] {dag.py:3947} INFO - Setting next_dagrun for dag_snowflake_through_airflow to None, run_after=None
[2026-03-11T04:34:18.266+0000] {processor.py:183} INFO - Processing /home/cloud/codings/airflow/dags/dag_snowflake_through_airflow.py took 0.122 seconds
[2026-03-11T04:34:48.655+0000] {processor.py:161} INFO - Started process (PID=528597) to work on /home/cloud/codings/airflow/dags/dag_snowflake_through_airflow.py
[2026-03-11T04:34:48.673+0000] {processor.py:830} INFO - Processing file /home/cloud/codings/airflow/dags/dag_snowflake_through_airflow.py for tasks to queue
[2026-03-11T04:34:48.675+0000] {logging_mixin.py:188} INFO - [2026-03-11T04:34:48.674+0000] {dagbag.py:545} INFO - Filling up the DagBag from /home/cloud/codings/airflow/dags/dag_snowflake_through_airflow.py
[2026-03-11T04:34:48.693+0000] {processor.py:840} INFO - DAG(s) 'dag_snowflake_through_airflow' retrieved from /home/cloud/codings/airflow/dags/dag_snowflake_through_airflow.py
[2026-03-11T04:34:48.717+0000] {logging_mixin.py:188} INFO - [2026-03-11T04:34:48.717+0000] {dag.py:3089} INFO - Sync 1 DAGs
[2026-03-11T04:34:48.731+0000] {logging_mixin.py:188} INFO - [2026-03-11T04:34:48.731+0000] {dag.py:3947} INFO - Setting next_dagrun for dag_snowflake_through_airflow to None, run_after=None
[2026-03-11T04:34:48.762+0000] {processor.py:183} INFO - Processing /home/cloud/codings/airflow/dags/dag_snowflake_through_airflow.py took 0.116 seconds
[2026-03-11T04:35:19.437+0000] {processor.py:161} INFO - Started process (PID=528682) to work on /home/cloud/codings/airflow/dags/dag_snowflake_through_airflow.py
[2026-03-11T04:35:19.462+0000] {processor.py:830} INFO - Processing file /home/cloud/codings/airflow/dags/dag_snowflake_through_airflow.py for tasks to queue
[2026-03-11T04:35:19.466+0000] {logging_mixin.py:188} INFO - [2026-03-11T04:35:19.464+0000] {dagbag.py:545} INFO - Filling up the DagBag from /home/cloud/codings/airflow/dags/dag_snowflake_through_airflow.py
[2026-03-11T04:35:19.484+0000] {processor.py:840} INFO - DAG(s) 'dag_snowflake_through_airflow' retrieved from /home/cloud/codings/airflow/dags/dag_snowflake_through_airflow.py
[2026-03-11T04:35:19.513+0000] {logging_mixin.py:188} INFO - [2026-03-11T04:35:19.513+0000] {dag.py:3089} INFO - Sync 1 DAGs
[2026-03-11T04:35:19.530+0000] {logging_mixin.py:188} INFO - [2026-03-11T04:35:19.529+0000] {dag.py:3947} INFO - Setting next_dagrun for dag_snowflake_through_airflow to None, run_after=None
[2026-03-11T04:35:19.558+0000] {processor.py:183} INFO - Processing /home/cloud/codings/airflow/dags/dag_snowflake_through_airflow.py took 0.133 seconds
[2026-03-11T04:35:50.024+0000] {processor.py:161} INFO - Started process (PID=528761) to work on /home/cloud/codings/airflow/dags/dag_snowflake_through_airflow.py
[2026-03-11T04:35:50.043+0000] {processor.py:830} INFO - Processing file /home/cloud/codings/airflow/dags/dag_snowflake_through_airflow.py for tasks to queue
[2026-03-11T04:35:50.046+0000] {logging_mixin.py:188} INFO - [2026-03-11T04:35:50.045+0000] {dagbag.py:545} INFO - Filling up the DagBag from /home/cloud/codings/airflow/dags/dag_snowflake_through_airflow.py
[2026-03-11T04:35:50.074+0000] {processor.py:840} INFO - DAG(s) 'dag_snowflake_through_airflow' retrieved from /home/cloud/codings/airflow/dags/dag_snowflake_through_airflow.py
[2026-03-11T04:35:50.133+0000] {logging_mixin.py:188} INFO - [2026-03-11T04:35:50.132+0000] {dag.py:3089} INFO - Sync 1 DAGs
[2026-03-11T04:35:50.171+0000] {logging_mixin.py:188} INFO - [2026-03-11T04:35:50.170+0000] {dag.py:3947} INFO - Setting next_dagrun for dag_snowflake_through_airflow to None, run_after=None
[2026-03-11T04:35:50.251+0000] {processor.py:183} INFO - Processing /home/cloud/codings/airflow/dags/dag_snowflake_through_airflow.py took 0.246 seconds
[2026-03-11T04:36:20.632+0000] {processor.py:161} INFO - Started process (PID=528786) to work on /home/cloud/codings/airflow/dags/dag_snowflake_through_airflow.py
[2026-03-11T04:36:20.635+0000] {processor.py:830} INFO - Processing file /home/cloud/codings/airflow/dags/dag_snowflake_through_airflow.py for tasks to queue
[2026-03-11T04:36:20.637+0000] {logging_mixin.py:188} INFO - [2026-03-11T04:36:20.636+0000] {dagbag.py:545} INFO - Filling up the DagBag from /home/cloud/codings/airflow/dags/dag_snowflake_through_airflow.py
[2026-03-11T04:36:20.664+0000] {processor.py:840} INFO - DAG(s) 'dag_snowflake_through_airflow' retrieved from /home/cloud/codings/airflow/dags/dag_snowflake_through_airflow.py
[2026-03-11T04:36:20.718+0000] {logging_mixin.py:188} INFO - [2026-03-11T04:36:20.718+0000] {dag.py:3089} INFO - Sync 1 DAGs
[2026-03-11T04:36:20.788+0000] {logging_mixin.py:188} INFO - [2026-03-11T04:36:20.787+0000] {dag.py:3947} INFO - Setting next_dagrun for dag_snowflake_through_airflow to None, run_after=None
[2026-03-11T04:36:20.931+0000] {processor.py:183} INFO - Processing /home/cloud/codings/airflow/dags/dag_snowflake_through_airflow.py took 0.311 seconds
[2026-03-11T04:36:51.792+0000] {processor.py:161} INFO - Started process (PID=528873) to work on /home/cloud/codings/airflow/dags/dag_snowflake_through_airflow.py
[2026-03-11T04:36:51.795+0000] {processor.py:830} INFO - Processing file /home/cloud/codings/airflow/dags/dag_snowflake_through_airflow.py for tasks to queue
[2026-03-11T04:36:51.797+0000] {logging_mixin.py:188} INFO - [2026-03-11T04:36:51.796+0000] {dagbag.py:545} INFO - Filling up the DagBag from /home/cloud/codings/airflow/dags/dag_snowflake_through_airflow.py
[2026-03-11T04:36:51.817+0000] {processor.py:840} INFO - DAG(s) 'dag_snowflake_through_airflow' retrieved from /home/cloud/codings/airflow/dags/dag_snowflake_through_airflow.py
[2026-03-11T04:36:51.857+0000] {logging_mixin.py:188} INFO - [2026-03-11T04:36:51.856+0000] {dag.py:3089} INFO - Sync 1 DAGs
[2026-03-11T04:36:51.886+0000] {logging_mixin.py:188} INFO - [2026-03-11T04:36:51.885+0000] {dag.py:3947} INFO - Setting next_dagrun for dag_snowflake_through_airflow to None, run_after=None
[2026-03-11T04:36:51.943+0000] {processor.py:183} INFO - Processing /home/cloud/codings/airflow/dags/dag_snowflake_through_airflow.py took 0.163 seconds
[2026-03-11T04:37:22.869+0000] {processor.py:161} INFO - Started process (PID=528898) to work on /home/cloud/codings/airflow/dags/dag_snowflake_through_airflow.py
[2026-03-11T04:37:22.896+0000] {processor.py:830} INFO - Processing file /home/cloud/codings/airflow/dags/dag_snowflake_through_airflow.py for tasks to queue
[2026-03-11T04:37:22.899+0000] {logging_mixin.py:188} INFO - [2026-03-11T04:37:22.898+0000] {dagbag.py:545} INFO - Filling up the DagBag from /home/cloud/codings/airflow/dags/dag_snowflake_through_airflow.py
[2026-03-11T04:37:22.935+0000] {processor.py:840} INFO - DAG(s) 'dag_snowflake_through_airflow' retrieved from /home/cloud/codings/airflow/dags/dag_snowflake_through_airflow.py
[2026-03-11T04:37:23.010+0000] {logging_mixin.py:188} INFO - [2026-03-11T04:37:23.009+0000] {dag.py:3089} INFO - Sync 1 DAGs
[2026-03-11T04:37:23.030+0000] {logging_mixin.py:188} INFO - [2026-03-11T04:37:23.030+0000] {dag.py:3947} INFO - Setting next_dagrun for dag_snowflake_through_airflow to None, run_after=None
[2026-03-11T04:37:23.054+0000] {processor.py:183} INFO - Processing /home/cloud/codings/airflow/dags/dag_snowflake_through_airflow.py took 0.209 seconds
[2026-03-11T04:37:54.095+0000] {processor.py:161} INFO - Started process (PID=528983) to work on /home/cloud/codings/airflow/dags/dag_snowflake_through_airflow.py
[2026-03-11T04:37:54.120+0000] {processor.py:830} INFO - Processing file /home/cloud/codings/airflow/dags/dag_snowflake_through_airflow.py for tasks to queue
[2026-03-11T04:37:54.125+0000] {logging_mixin.py:188} INFO - [2026-03-11T04:37:54.123+0000] {dagbag.py:545} INFO - Filling up the DagBag from /home/cloud/codings/airflow/dags/dag_snowflake_through_airflow.py
[2026-03-11T04:37:54.174+0000] {processor.py:840} INFO - DAG(s) 'dag_snowflake_through_airflow' retrieved from /home/cloud/codings/airflow/dags/dag_snowflake_through_airflow.py
[2026-03-11T04:37:54.271+0000] {logging_mixin.py:188} INFO - [2026-03-11T04:37:54.270+0000] {dag.py:3089} INFO - Sync 1 DAGs
[2026-03-11T04:37:54.339+0000] {logging_mixin.py:188} INFO - [2026-03-11T04:37:54.337+0000] {dag.py:3947} INFO - Setting next_dagrun for dag_snowflake_through_airflow to None, run_after=None
[2026-03-11T04:37:54.411+0000] {processor.py:183} INFO - Processing /home/cloud/codings/airflow/dags/dag_snowflake_through_airflow.py took 0.349 seconds
[2026-03-11T04:38:25.129+0000] {processor.py:161} INFO - Started process (PID=529012) to work on /home/cloud/codings/airflow/dags/dag_snowflake_through_airflow.py
[2026-03-11T04:38:25.133+0000] {processor.py:830} INFO - Processing file /home/cloud/codings/airflow/dags/dag_snowflake_through_airflow.py for tasks to queue
[2026-03-11T04:38:25.136+0000] {logging_mixin.py:188} INFO - [2026-03-11T04:38:25.134+0000] {dagbag.py:545} INFO - Filling up the DagBag from /home/cloud/codings/airflow/dags/dag_snowflake_through_airflow.py
[2026-03-11T04:38:25.164+0000] {processor.py:840} INFO - DAG(s) 'dag_snowflake_through_airflow' retrieved from /home/cloud/codings/airflow/dags/dag_snowflake_through_airflow.py
[2026-03-11T04:38:25.209+0000] {logging_mixin.py:188} INFO - [2026-03-11T04:38:25.209+0000] {dag.py:3089} INFO - Sync 1 DAGs
[2026-03-11T04:38:25.237+0000] {logging_mixin.py:188} INFO - [2026-03-11T04:38:25.236+0000] {dag.py:3947} INFO - Setting next_dagrun for dag_snowflake_through_airflow to None, run_after=None
[2026-03-11T04:38:25.307+0000] {processor.py:183} INFO - Processing /home/cloud/codings/airflow/dags/dag_snowflake_through_airflow.py took 0.194 seconds
[2026-03-11T04:38:55.799+0000] {processor.py:161} INFO - Started process (PID=529093) to work on /home/cloud/codings/airflow/dags/dag_snowflake_through_airflow.py
[2026-03-11T04:38:55.806+0000] {processor.py:830} INFO - Processing file /home/cloud/codings/airflow/dags/dag_snowflake_through_airflow.py for tasks to queue
[2026-03-11T04:38:55.812+0000] {logging_mixin.py:188} INFO - [2026-03-11T04:38:55.809+0000] {dagbag.py:545} INFO - Filling up the DagBag from /home/cloud/codings/airflow/dags/dag_snowflake_through_airflow.py
[2026-03-11T04:38:55.859+0000] {processor.py:840} INFO - DAG(s) 'dag_snowflake_through_airflow' retrieved from /home/cloud/codings/airflow/dags/dag_snowflake_through_airflow.py
[2026-03-11T04:38:55.932+0000] {logging_mixin.py:188} INFO - [2026-03-11T04:38:55.931+0000] {dag.py:3089} INFO - Sync 1 DAGs
[2026-03-11T04:38:55.967+0000] {logging_mixin.py:188} INFO - [2026-03-11T04:38:55.966+0000] {dag.py:3947} INFO - Setting next_dagrun for dag_snowflake_through_airflow to None, run_after=None
[2026-03-11T04:38:56.025+0000] {processor.py:183} INFO - Processing /home/cloud/codings/airflow/dags/dag_snowflake_through_airflow.py took 0.267 seconds
[2026-03-11T04:39:26.462+0000] {processor.py:161} INFO - Started process (PID=529118) to work on /home/cloud/codings/airflow/dags/dag_snowflake_through_airflow.py
[2026-03-11T04:39:26.472+0000] {processor.py:830} INFO - Processing file /home/cloud/codings/airflow/dags/dag_snowflake_through_airflow.py for tasks to queue
[2026-03-11T04:39:26.476+0000] {logging_mixin.py:188} INFO - [2026-03-11T04:39:26.474+0000] {dagbag.py:545} INFO - Filling up the DagBag from /home/cloud/codings/airflow/dags/dag_snowflake_through_airflow.py
[2026-03-11T04:39:26.514+0000] {processor.py:840} INFO - DAG(s) 'dag_snowflake_through_airflow' retrieved from /home/cloud/codings/airflow/dags/dag_snowflake_through_airflow.py
[2026-03-11T04:39:26.577+0000] {logging_mixin.py:188} INFO - [2026-03-11T04:39:26.576+0000] {dag.py:3089} INFO - Sync 1 DAGs
[2026-03-11T04:39:26.618+0000] {logging_mixin.py:188} INFO - [2026-03-11T04:39:26.617+0000] {dag.py:3947} INFO - Setting next_dagrun for dag_snowflake_through_airflow to None, run_after=None
[2026-03-11T04:39:26.720+0000] {processor.py:183} INFO - Processing /home/cloud/codings/airflow/dags/dag_snowflake_through_airflow.py took 0.276 seconds
[2026-03-11T04:39:57.371+0000] {processor.py:161} INFO - Started process (PID=529203) to work on /home/cloud/codings/airflow/dags/dag_snowflake_through_airflow.py
[2026-03-11T04:39:57.376+0000] {processor.py:830} INFO - Processing file /home/cloud/codings/airflow/dags/dag_snowflake_through_airflow.py for tasks to queue
[2026-03-11T04:39:57.382+0000] {logging_mixin.py:188} INFO - [2026-03-11T04:39:57.379+0000] {dagbag.py:545} INFO - Filling up the DagBag from /home/cloud/codings/airflow/dags/dag_snowflake_through_airflow.py
[2026-03-11T04:39:57.420+0000] {processor.py:840} INFO - DAG(s) 'dag_snowflake_through_airflow' retrieved from /home/cloud/codings/airflow/dags/dag_snowflake_through_airflow.py
[2026-03-11T04:39:57.484+0000] {logging_mixin.py:188} INFO - [2026-03-11T04:39:57.483+0000] {dag.py:3089} INFO - Sync 1 DAGs
[2026-03-11T04:39:57.522+0000] {logging_mixin.py:188} INFO - [2026-03-11T04:39:57.522+0000] {dag.py:3947} INFO - Setting next_dagrun for dag_snowflake_through_airflow to None, run_after=None
[2026-03-11T04:39:57.579+0000] {processor.py:183} INFO - Processing /home/cloud/codings/airflow/dags/dag_snowflake_through_airflow.py took 0.246 seconds
[2026-03-11T04:40:28.076+0000] {processor.py:161} INFO - Started process (PID=529288) to work on /home/cloud/codings/airflow/dags/dag_snowflake_through_airflow.py
[2026-03-11T04:40:28.098+0000] {processor.py:830} INFO - Processing file /home/cloud/codings/airflow/dags/dag_snowflake_through_airflow.py for tasks to queue
[2026-03-11T04:40:28.103+0000] {logging_mixin.py:188} INFO - [2026-03-11T04:40:28.101+0000] {dagbag.py:545} INFO - Filling up the DagBag from /home/cloud/codings/airflow/dags/dag_snowflake_through_airflow.py
[2026-03-11T04:40:28.144+0000] {processor.py:840} INFO - DAG(s) 'dag_snowflake_through_airflow' retrieved from /home/cloud/codings/airflow/dags/dag_snowflake_through_airflow.py
[2026-03-11T04:40:28.198+0000] {logging_mixin.py:188} INFO - [2026-03-11T04:40:28.197+0000] {dag.py:3089} INFO - Sync 1 DAGs
[2026-03-11T04:40:28.223+0000] {logging_mixin.py:188} INFO - [2026-03-11T04:40:28.223+0000] {dag.py:3947} INFO - Setting next_dagrun for dag_snowflake_through_airflow to None, run_after=None
[2026-03-11T04:40:28.282+0000] {processor.py:183} INFO - Processing /home/cloud/codings/airflow/dags/dag_snowflake_through_airflow.py took 0.238 seconds
[2026-03-11T04:40:58.761+0000] {processor.py:161} INFO - Started process (PID=529375) to work on /home/cloud/codings/airflow/dags/dag_snowflake_through_airflow.py
[2026-03-11T04:40:58.763+0000] {processor.py:830} INFO - Processing file /home/cloud/codings/airflow/dags/dag_snowflake_through_airflow.py for tasks to queue
[2026-03-11T04:40:58.766+0000] {logging_mixin.py:188} INFO - [2026-03-11T04:40:58.765+0000] {dagbag.py:545} INFO - Filling up the DagBag from /home/cloud/codings/airflow/dags/dag_snowflake_through_airflow.py
[2026-03-11T04:40:58.789+0000] {processor.py:840} INFO - DAG(s) 'dag_snowflake_through_airflow' retrieved from /home/cloud/codings/airflow/dags/dag_snowflake_through_airflow.py
[2026-03-11T04:40:58.820+0000] {logging_mixin.py:188} INFO - [2026-03-11T04:40:58.820+0000] {dag.py:3089} INFO - Sync 1 DAGs
[2026-03-11T04:40:58.838+0000] {logging_mixin.py:188} INFO - [2026-03-11T04:40:58.838+0000] {dag.py:3947} INFO - Setting next_dagrun for dag_snowflake_through_airflow to None, run_after=None
[2026-03-11T04:40:58.864+0000] {processor.py:183} INFO - Processing /home/cloud/codings/airflow/dags/dag_snowflake_through_airflow.py took 0.119 seconds
[2026-03-11T04:41:29.864+0000] {processor.py:161} INFO - Started process (PID=529392) to work on /home/cloud/codings/airflow/dags/dag_snowflake_through_airflow.py
[2026-03-11T04:41:29.892+0000] {processor.py:830} INFO - Processing file /home/cloud/codings/airflow/dags/dag_snowflake_through_airflow.py for tasks to queue
[2026-03-11T04:41:29.894+0000] {logging_mixin.py:188} INFO - [2026-03-11T04:41:29.893+0000] {dagbag.py:545} INFO - Filling up the DagBag from /home/cloud/codings/airflow/dags/dag_snowflake_through_airflow.py
[2026-03-11T04:41:29.913+0000] {processor.py:840} INFO - DAG(s) 'dag_snowflake_through_airflow' retrieved from /home/cloud/codings/airflow/dags/dag_snowflake_through_airflow.py
[2026-03-11T04:41:29.935+0000] {logging_mixin.py:188} INFO - [2026-03-11T04:41:29.935+0000] {dag.py:3089} INFO - Sync 1 DAGs
[2026-03-11T04:41:29.950+0000] {logging_mixin.py:188} INFO - [2026-03-11T04:41:29.950+0000] {dag.py:3947} INFO - Setting next_dagrun for dag_snowflake_through_airflow to None, run_after=None
[2026-03-11T04:41:29.988+0000] {processor.py:183} INFO - Processing /home/cloud/codings/airflow/dags/dag_snowflake_through_airflow.py took 0.134 seconds
[2026-03-11T04:42:00.494+0000] {processor.py:161} INFO - Started process (PID=529479) to work on /home/cloud/codings/airflow/dags/dag_snowflake_through_airflow.py
[2026-03-11T04:42:00.520+0000] {processor.py:830} INFO - Processing file /home/cloud/codings/airflow/dags/dag_snowflake_through_airflow.py for tasks to queue
[2026-03-11T04:42:00.523+0000] {logging_mixin.py:188} INFO - [2026-03-11T04:42:00.522+0000] {dagbag.py:545} INFO - Filling up the DagBag from /home/cloud/codings/airflow/dags/dag_snowflake_through_airflow.py
[2026-03-11T04:42:00.547+0000] {processor.py:840} INFO - DAG(s) 'dag_snowflake_through_airflow' retrieved from /home/cloud/codings/airflow/dags/dag_snowflake_through_airflow.py
[2026-03-11T04:42:00.591+0000] {logging_mixin.py:188} INFO - [2026-03-11T04:42:00.590+0000] {dag.py:3089} INFO - Sync 1 DAGs
[2026-03-11T04:42:00.617+0000] {logging_mixin.py:188} INFO - [2026-03-11T04:42:00.617+0000] {dag.py:3947} INFO - Setting next_dagrun for dag_snowflake_through_airflow to None, run_after=None
[2026-03-11T04:42:00.685+0000] {processor.py:183} INFO - Processing /home/cloud/codings/airflow/dags/dag_snowflake_through_airflow.py took 0.203 seconds
[2026-03-11T04:42:31.452+0000] {processor.py:161} INFO - Started process (PID=529504) to work on /home/cloud/codings/airflow/dags/dag_snowflake_through_airflow.py
[2026-03-11T04:42:31.478+0000] {processor.py:830} INFO - Processing file /home/cloud/codings/airflow/dags/dag_snowflake_through_airflow.py for tasks to queue
[2026-03-11T04:42:31.480+0000] {logging_mixin.py:188} INFO - [2026-03-11T04:42:31.479+0000] {dagbag.py:545} INFO - Filling up the DagBag from /home/cloud/codings/airflow/dags/dag_snowflake_through_airflow.py
[2026-03-11T04:42:31.500+0000] {processor.py:840} INFO - DAG(s) 'dag_snowflake_through_airflow' retrieved from /home/cloud/codings/airflow/dags/dag_snowflake_through_airflow.py
[2026-03-11T04:42:31.528+0000] {logging_mixin.py:188} INFO - [2026-03-11T04:42:31.528+0000] {dag.py:3089} INFO - Sync 1 DAGs
[2026-03-11T04:42:31.543+0000] {logging_mixin.py:188} INFO - [2026-03-11T04:42:31.543+0000] {dag.py:3947} INFO - Setting next_dagrun for dag_snowflake_through_airflow to None, run_after=None
[2026-03-11T04:42:31.572+0000] {processor.py:183} INFO - Processing /home/cloud/codings/airflow/dags/dag_snowflake_through_airflow.py took 0.140 seconds
[2026-03-11T04:43:02.096+0000] {processor.py:161} INFO - Started process (PID=529593) to work on /home/cloud/codings/airflow/dags/dag_snowflake_through_airflow.py
[2026-03-11T04:43:02.122+0000] {processor.py:830} INFO - Processing file /home/cloud/codings/airflow/dags/dag_snowflake_through_airflow.py for tasks to queue
[2026-03-11T04:43:02.124+0000] {logging_mixin.py:188} INFO - [2026-03-11T04:43:02.123+0000] {dagbag.py:545} INFO - Filling up the DagBag from /home/cloud/codings/airflow/dags/dag_snowflake_through_airflow.py
[2026-03-11T04:43:02.144+0000] {processor.py:840} INFO - DAG(s) 'dag_snowflake_through_airflow' retrieved from /home/cloud/codings/airflow/dags/dag_snowflake_through_airflow.py
[2026-03-11T04:43:02.166+0000] {logging_mixin.py:188} INFO - [2026-03-11T04:43:02.166+0000] {dag.py:3089} INFO - Sync 1 DAGs
[2026-03-11T04:43:02.180+0000] {logging_mixin.py:188} INFO - [2026-03-11T04:43:02.180+0000] {dag.py:3947} INFO - Setting next_dagrun for dag_snowflake_through_airflow to None, run_after=None
[2026-03-11T04:43:02.208+0000] {processor.py:183} INFO - Processing /home/cloud/codings/airflow/dags/dag_snowflake_through_airflow.py took 0.123 seconds
[2026-03-11T04:43:32.786+0000] {processor.py:161} INFO - Started process (PID=529617) to work on /home/cloud/codings/airflow/dags/dag_snowflake_through_airflow.py
[2026-03-11T04:43:32.807+0000] {processor.py:830} INFO - Processing file /home/cloud/codings/airflow/dags/dag_snowflake_through_airflow.py for tasks to queue
[2026-03-11T04:43:32.809+0000] {logging_mixin.py:188} INFO - [2026-03-11T04:43:32.808+0000] {dagbag.py:545} INFO - Filling up the DagBag from /home/cloud/codings/airflow/dags/dag_snowflake_through_airflow.py
[2026-03-11T04:43:32.825+0000] {processor.py:840} INFO - DAG(s) 'dag_snowflake_through_airflow' retrieved from /home/cloud/codings/airflow/dags/dag_snowflake_through_airflow.py
[2026-03-11T04:43:32.846+0000] {logging_mixin.py:188} INFO - [2026-03-11T04:43:32.845+0000] {dag.py:3089} INFO - Sync 1 DAGs
[2026-03-11T04:43:32.858+0000] {logging_mixin.py:188} INFO - [2026-03-11T04:43:32.858+0000] {dag.py:3947} INFO - Setting next_dagrun for dag_snowflake_through_airflow to None, run_after=None
[2026-03-11T04:43:32.882+0000] {processor.py:183} INFO - Processing /home/cloud/codings/airflow/dags/dag_snowflake_through_airflow.py took 0.105 seconds
[2026-03-11T04:44:03.274+0000] {processor.py:161} INFO - Started process (PID=529704) to work on /home/cloud/codings/airflow/dags/dag_snowflake_through_airflow.py
[2026-03-11T04:44:03.277+0000] {processor.py:830} INFO - Processing file /home/cloud/codings/airflow/dags/dag_snowflake_through_airflow.py for tasks to queue
[2026-03-11T04:44:03.279+0000] {logging_mixin.py:188} INFO - [2026-03-11T04:44:03.278+0000] {dagbag.py:545} INFO - Filling up the DagBag from /home/cloud/codings/airflow/dags/dag_snowflake_through_airflow.py
[2026-03-11T04:44:03.305+0000] {processor.py:840} INFO - DAG(s) 'dag_snowflake_through_airflow' retrieved from /home/cloud/codings/airflow/dags/dag_snowflake_through_airflow.py
[2026-03-11T04:44:03.352+0000] {logging_mixin.py:188} INFO - [2026-03-11T04:44:03.352+0000] {dag.py:3089} INFO - Sync 1 DAGs
[2026-03-11T04:44:03.374+0000] {logging_mixin.py:188} INFO - [2026-03-11T04:44:03.374+0000] {dag.py:3947} INFO - Setting next_dagrun for dag_snowflake_through_airflow to None, run_after=None
[2026-03-11T04:44:03.431+0000] {processor.py:183} INFO - Processing /home/cloud/codings/airflow/dags/dag_snowflake_through_airflow.py took 0.172 seconds
[2026-03-11T04:44:33.709+0000] {processor.py:161} INFO - Started process (PID=529725) to work on /home/cloud/codings/airflow/dags/dag_snowflake_through_airflow.py
[2026-03-11T04:44:33.727+0000] {processor.py:830} INFO - Processing file /home/cloud/codings/airflow/dags/dag_snowflake_through_airflow.py for tasks to queue
[2026-03-11T04:44:33.729+0000] {logging_mixin.py:188} INFO - [2026-03-11T04:44:33.728+0000] {dagbag.py:545} INFO - Filling up the DagBag from /home/cloud/codings/airflow/dags/dag_snowflake_through_airflow.py
[2026-03-11T04:44:33.754+0000] {processor.py:840} INFO - DAG(s) 'dag_snowflake_through_airflow' retrieved from /home/cloud/codings/airflow/dags/dag_snowflake_through_airflow.py
[2026-03-11T04:44:33.803+0000] {logging_mixin.py:188} INFO - [2026-03-11T04:44:33.803+0000] {dag.py:3089} INFO - Sync 1 DAGs
[2026-03-11T04:44:33.822+0000] {logging_mixin.py:188} INFO - [2026-03-11T04:44:33.822+0000] {dag.py:3947} INFO - Setting next_dagrun for dag_snowflake_through_airflow to None, run_after=None
[2026-03-11T04:44:33.870+0000] {processor.py:183} INFO - Processing /home/cloud/codings/airflow/dags/dag_snowflake_through_airflow.py took 0.171 seconds
[2026-03-11T04:45:04.675+0000] {processor.py:161} INFO - Started process (PID=529872) to work on /home/cloud/codings/airflow/dags/dag_snowflake_through_airflow.py
[2026-03-11T04:45:04.679+0000] {processor.py:830} INFO - Processing file /home/cloud/codings/airflow/dags/dag_snowflake_through_airflow.py for tasks to queue
[2026-03-11T04:45:04.681+0000] {logging_mixin.py:188} INFO - [2026-03-11T04:45:04.680+0000] {dagbag.py:545} INFO - Filling up the DagBag from /home/cloud/codings/airflow/dags/dag_snowflake_through_airflow.py
[2026-03-11T04:45:04.700+0000] {processor.py:840} INFO - DAG(s) 'dag_snowflake_through_airflow' retrieved from /home/cloud/codings/airflow/dags/dag_snowflake_through_airflow.py
[2026-03-11T04:45:04.742+0000] {logging_mixin.py:188} INFO - [2026-03-11T04:45:04.741+0000] {dag.py:3089} INFO - Sync 1 DAGs
[2026-03-11T04:45:04.783+0000] {logging_mixin.py:188} INFO - [2026-03-11T04:45:04.782+0000] {dag.py:3947} INFO - Setting next_dagrun for dag_snowflake_through_airflow to None, run_after=None
[2026-03-11T04:45:04.812+0000] {processor.py:183} INFO - Processing /home/cloud/codings/airflow/dags/dag_snowflake_through_airflow.py took 0.149 seconds
[2026-03-11T04:45:35.345+0000] {processor.py:161} INFO - Started process (PID=529895) to work on /home/cloud/codings/airflow/dags/dag_snowflake_through_airflow.py
[2026-03-11T04:45:35.370+0000] {processor.py:830} INFO - Processing file /home/cloud/codings/airflow/dags/dag_snowflake_through_airflow.py for tasks to queue
[2026-03-11T04:45:35.372+0000] {logging_mixin.py:188} INFO - [2026-03-11T04:45:35.371+0000] {dagbag.py:545} INFO - Filling up the DagBag from /home/cloud/codings/airflow/dags/dag_snowflake_through_airflow.py
[2026-03-11T04:45:35.391+0000] {processor.py:840} INFO - DAG(s) 'dag_snowflake_through_airflow' retrieved from /home/cloud/codings/airflow/dags/dag_snowflake_through_airflow.py
[2026-03-11T04:45:35.431+0000] {logging_mixin.py:188} INFO - [2026-03-11T04:45:35.430+0000] {dag.py:3089} INFO - Sync 1 DAGs
[2026-03-11T04:45:35.455+0000] {logging_mixin.py:188} INFO - [2026-03-11T04:45:35.455+0000] {dag.py:3947} INFO - Setting next_dagrun for dag_snowflake_through_airflow to None, run_after=None
[2026-03-11T04:45:35.495+0000] {processor.py:183} INFO - Processing /home/cloud/codings/airflow/dags/dag_snowflake_through_airflow.py took 0.163 seconds
[2026-03-11T04:46:05.575+0000] {processor.py:161} INFO - Started process (PID=529980) to work on /home/cloud/codings/airflow/dags/dag_snowflake_through_airflow.py
[2026-03-11T04:46:05.602+0000] {processor.py:830} INFO - Processing file /home/cloud/codings/airflow/dags/dag_snowflake_through_airflow.py for tasks to queue
[2026-03-11T04:46:05.606+0000] {logging_mixin.py:188} INFO - [2026-03-11T04:46:05.605+0000] {dagbag.py:545} INFO - Filling up the DagBag from /home/cloud/codings/airflow/dags/dag_snowflake_through_airflow.py
[2026-03-11T04:46:05.645+0000] {processor.py:840} INFO - DAG(s) 'dag_snowflake_through_airflow' retrieved from /home/cloud/codings/airflow/dags/dag_snowflake_through_airflow.py
[2026-03-11T04:46:05.685+0000] {logging_mixin.py:188} INFO - [2026-03-11T04:46:05.685+0000] {dag.py:3089} INFO - Sync 1 DAGs
[2026-03-11T04:46:05.699+0000] {logging_mixin.py:188} INFO - [2026-03-11T04:46:05.698+0000] {dag.py:3947} INFO - Setting next_dagrun for dag_snowflake_through_airflow to None, run_after=None
[2026-03-11T04:46:05.727+0000] {processor.py:183} INFO - Processing /home/cloud/codings/airflow/dags/dag_snowflake_through_airflow.py took 0.160 seconds
[2026-03-11T04:46:36.633+0000] {processor.py:161} INFO - Started process (PID=530007) to work on /home/cloud/codings/airflow/dags/dag_snowflake_through_airflow.py
[2026-03-11T04:46:36.663+0000] {processor.py:830} INFO - Processing file /home/cloud/codings/airflow/dags/dag_snowflake_through_airflow.py for tasks to queue
[2026-03-11T04:46:36.668+0000] {logging_mixin.py:188} INFO - [2026-03-11T04:46:36.666+0000] {dagbag.py:545} INFO - Filling up the DagBag from /home/cloud/codings/airflow/dags/dag_snowflake_through_airflow.py
[2026-03-11T04:46:36.704+0000] {processor.py:840} INFO - DAG(s) 'dag_snowflake_through_airflow' retrieved from /home/cloud/codings/airflow/dags/dag_snowflake_through_airflow.py
[2026-03-11T04:46:36.748+0000] {logging_mixin.py:188} INFO - [2026-03-11T04:46:36.748+0000] {dag.py:3089} INFO - Sync 1 DAGs
[2026-03-11T04:46:36.773+0000] {logging_mixin.py:188} INFO - [2026-03-11T04:46:36.773+0000] {dag.py:3947} INFO - Setting next_dagrun for dag_snowflake_through_airflow to None, run_after=None
[2026-03-11T04:46:36.838+0000] {processor.py:183} INFO - Processing /home/cloud/codings/airflow/dags/dag_snowflake_through_airflow.py took 0.236 seconds
[2026-03-11T04:47:07.118+0000] {processor.py:161} INFO - Started process (PID=530086) to work on /home/cloud/codings/airflow/dags/dag_snowflake_through_airflow.py
[2026-03-11T04:47:07.149+0000] {processor.py:830} INFO - Processing file /home/cloud/codings/airflow/dags/dag_snowflake_through_airflow.py for tasks to queue
[2026-03-11T04:47:07.151+0000] {logging_mixin.py:188} INFO - [2026-03-11T04:47:07.150+0000] {dagbag.py:545} INFO - Filling up the DagBag from /home/cloud/codings/airflow/dags/dag_snowflake_through_airflow.py
[2026-03-11T04:47:07.173+0000] {processor.py:840} INFO - DAG(s) 'dag_snowflake_through_airflow' retrieved from /home/cloud/codings/airflow/dags/dag_snowflake_through_airflow.py
[2026-03-11T04:47:07.217+0000] {logging_mixin.py:188} INFO - [2026-03-11T04:47:07.216+0000] {dag.py:3089} INFO - Sync 1 DAGs
[2026-03-11T04:47:07.235+0000] {logging_mixin.py:188} INFO - [2026-03-11T04:47:07.235+0000] {dag.py:3947} INFO - Setting next_dagrun for dag_snowflake_through_airflow to None, run_after=None
[2026-03-11T04:47:07.261+0000] {processor.py:183} INFO - Processing /home/cloud/codings/airflow/dags/dag_snowflake_through_airflow.py took 0.168 seconds
[2026-03-11T04:47:38.000+0000] {processor.py:161} INFO - Started process (PID=530111) to work on /home/cloud/codings/airflow/dags/dag_snowflake_through_airflow.py
[2026-03-11T04:47:38.003+0000] {processor.py:830} INFO - Processing file /home/cloud/codings/airflow/dags/dag_snowflake_through_airflow.py for tasks to queue
[2026-03-11T04:47:38.007+0000] {logging_mixin.py:188} INFO - [2026-03-11T04:47:38.005+0000] {dagbag.py:545} INFO - Filling up the DagBag from /home/cloud/codings/airflow/dags/dag_snowflake_through_airflow.py
[2026-03-11T04:47:38.031+0000] {processor.py:840} INFO - DAG(s) 'dag_snowflake_through_airflow' retrieved from /home/cloud/codings/airflow/dags/dag_snowflake_through_airflow.py
[2026-03-11T04:47:38.060+0000] {logging_mixin.py:188} INFO - [2026-03-11T04:47:38.060+0000] {dag.py:3089} INFO - Sync 1 DAGs
[2026-03-11T04:47:38.076+0000] {logging_mixin.py:188} INFO - [2026-03-11T04:47:38.076+0000] {dag.py:3947} INFO - Setting next_dagrun for dag_snowflake_through_airflow to None, run_after=None
[2026-03-11T04:47:38.106+0000] {processor.py:183} INFO - Processing /home/cloud/codings/airflow/dags/dag_snowflake_through_airflow.py took 0.134 seconds
[2026-03-11T04:48:08.459+0000] {processor.py:161} INFO - Started process (PID=530196) to work on /home/cloud/codings/airflow/dags/dag_snowflake_through_airflow.py
[2026-03-11T04:48:08.461+0000] {processor.py:830} INFO - Processing file /home/cloud/codings/airflow/dags/dag_snowflake_through_airflow.py for tasks to queue
[2026-03-11T04:48:08.462+0000] {logging_mixin.py:188} INFO - [2026-03-11T04:48:08.462+0000] {dagbag.py:545} INFO - Filling up the DagBag from /home/cloud/codings/airflow/dags/dag_snowflake_through_airflow.py
[2026-03-11T04:48:08.475+0000] {processor.py:840} INFO - DAG(s) 'dag_snowflake_through_airflow' retrieved from /home/cloud/codings/airflow/dags/dag_snowflake_through_airflow.py
[2026-03-11T04:48:08.497+0000] {logging_mixin.py:188} INFO - [2026-03-11T04:48:08.497+0000] {dag.py:3089} INFO - Sync 1 DAGs
[2026-03-11T04:48:08.511+0000] {logging_mixin.py:188} INFO - [2026-03-11T04:48:08.511+0000] {dag.py:3947} INFO - Setting next_dagrun for dag_snowflake_through_airflow to None, run_after=None
[2026-03-11T04:48:08.538+0000] {processor.py:183} INFO - Processing /home/cloud/codings/airflow/dags/dag_snowflake_through_airflow.py took 0.090 seconds
[2026-03-11T04:48:39.129+0000] {processor.py:161} INFO - Started process (PID=530223) to work on /home/cloud/codings/airflow/dags/dag_snowflake_through_airflow.py
[2026-03-11T04:48:39.154+0000] {processor.py:830} INFO - Processing file /home/cloud/codings/airflow/dags/dag_snowflake_through_airflow.py for tasks to queue
[2026-03-11T04:48:39.156+0000] {logging_mixin.py:188} INFO - [2026-03-11T04:48:39.155+0000] {dagbag.py:545} INFO - Filling up the DagBag from /home/cloud/codings/airflow/dags/dag_snowflake_through_airflow.py
[2026-03-11T04:48:39.174+0000] {processor.py:840} INFO - DAG(s) 'dag_snowflake_through_airflow' retrieved from /home/cloud/codings/airflow/dags/dag_snowflake_through_airflow.py
[2026-03-11T04:48:39.199+0000] {logging_mixin.py:188} INFO - [2026-03-11T04:48:39.198+0000] {dag.py:3089} INFO - Sync 1 DAGs
[2026-03-11T04:48:39.211+0000] {logging_mixin.py:188} INFO - [2026-03-11T04:48:39.211+0000] {dag.py:3947} INFO - Setting next_dagrun for dag_snowflake_through_airflow to None, run_after=None
[2026-03-11T04:48:39.235+0000] {processor.py:183} INFO - Processing /home/cloud/codings/airflow/dags/dag_snowflake_through_airflow.py took 0.115 seconds
[2026-03-11T04:49:09.529+0000] {processor.py:161} INFO - Started process (PID=530310) to work on /home/cloud/codings/airflow/dags/dag_snowflake_through_airflow.py
[2026-03-11T04:49:09.530+0000] {processor.py:830} INFO - Processing file /home/cloud/codings/airflow/dags/dag_snowflake_through_airflow.py for tasks to queue
[2026-03-11T04:49:09.531+0000] {logging_mixin.py:188} INFO - [2026-03-11T04:49:09.531+0000] {dagbag.py:545} INFO - Filling up the DagBag from /home/cloud/codings/airflow/dags/dag_snowflake_through_airflow.py
[2026-03-11T04:49:09.543+0000] {processor.py:840} INFO - DAG(s) 'dag_snowflake_through_airflow' retrieved from /home/cloud/codings/airflow/dags/dag_snowflake_through_airflow.py
[2026-03-11T04:49:09.562+0000] {logging_mixin.py:188} INFO - [2026-03-11T04:49:09.562+0000] {dag.py:3089} INFO - Sync 1 DAGs
[2026-03-11T04:49:09.575+0000] {logging_mixin.py:188} INFO - [2026-03-11T04:49:09.575+0000] {dag.py:3947} INFO - Setting next_dagrun for dag_snowflake_through_airflow to None, run_after=None
[2026-03-11T04:49:09.597+0000] {processor.py:183} INFO - Processing /home/cloud/codings/airflow/dags/dag_snowflake_through_airflow.py took 0.075 seconds
[2026-03-11T04:49:40.172+0000] {processor.py:161} INFO - Started process (PID=530327) to work on /home/cloud/codings/airflow/dags/dag_snowflake_through_airflow.py
[2026-03-11T04:49:40.194+0000] {processor.py:830} INFO - Processing file /home/cloud/codings/airflow/dags/dag_snowflake_through_airflow.py for tasks to queue
[2026-03-11T04:49:40.196+0000] {logging_mixin.py:188} INFO - [2026-03-11T04:49:40.195+0000] {dagbag.py:545} INFO - Filling up the DagBag from /home/cloud/codings/airflow/dags/dag_snowflake_through_airflow.py
[2026-03-11T04:49:40.215+0000] {processor.py:840} INFO - DAG(s) 'dag_snowflake_through_airflow' retrieved from /home/cloud/codings/airflow/dags/dag_snowflake_through_airflow.py
[2026-03-11T04:49:40.237+0000] {logging_mixin.py:188} INFO - [2026-03-11T04:49:40.237+0000] {dag.py:3089} INFO - Sync 1 DAGs
[2026-03-11T04:49:40.249+0000] {logging_mixin.py:188} INFO - [2026-03-11T04:49:40.249+0000] {dag.py:3947} INFO - Setting next_dagrun for dag_snowflake_through_airflow to None, run_after=None
[2026-03-11T04:49:40.271+0000] {processor.py:183} INFO - Processing /home/cloud/codings/airflow/dags/dag_snowflake_through_airflow.py took 0.111 seconds
[2026-03-11T04:50:10.584+0000] {processor.py:161} INFO - Started process (PID=530474) to work on /home/cloud/codings/airflow/dags/dag_snowflake_through_airflow.py
[2026-03-11T04:50:10.603+0000] {processor.py:830} INFO - Processing file /home/cloud/codings/airflow/dags/dag_snowflake_through_airflow.py for tasks to queue
[2026-03-11T04:50:10.605+0000] {logging_mixin.py:188} INFO - [2026-03-11T04:50:10.604+0000] {dagbag.py:545} INFO - Filling up the DagBag from /home/cloud/codings/airflow/dags/dag_snowflake_through_airflow.py
[2026-03-11T04:50:10.619+0000] {processor.py:840} INFO - DAG(s) 'dag_snowflake_through_airflow' retrieved from /home/cloud/codings/airflow/dags/dag_snowflake_through_airflow.py
[2026-03-11T04:50:10.644+0000] {logging_mixin.py:188} INFO - [2026-03-11T04:50:10.643+0000] {dag.py:3089} INFO - Sync 1 DAGs
[2026-03-11T04:50:10.658+0000] {logging_mixin.py:188} INFO - [2026-03-11T04:50:10.658+0000] {dag.py:3947} INFO - Setting next_dagrun for dag_snowflake_through_airflow to None, run_after=None
[2026-03-11T04:50:10.692+0000] {processor.py:183} INFO - Processing /home/cloud/codings/airflow/dags/dag_snowflake_through_airflow.py took 0.114 seconds
[2026-03-11T04:50:41.355+0000] {processor.py:161} INFO - Started process (PID=530501) to work on /home/cloud/codings/airflow/dags/dag_snowflake_through_airflow.py
[2026-03-11T04:50:41.358+0000] {processor.py:830} INFO - Processing file /home/cloud/codings/airflow/dags/dag_snowflake_through_airflow.py for tasks to queue
[2026-03-11T04:50:41.360+0000] {logging_mixin.py:188} INFO - [2026-03-11T04:50:41.359+0000] {dagbag.py:545} INFO - Filling up the DagBag from /home/cloud/codings/airflow/dags/dag_snowflake_through_airflow.py
[2026-03-11T04:50:41.382+0000] {processor.py:840} INFO - DAG(s) 'dag_snowflake_through_airflow' retrieved from /home/cloud/codings/airflow/dags/dag_snowflake_through_airflow.py
[2026-03-11T04:50:41.425+0000] {logging_mixin.py:188} INFO - [2026-03-11T04:50:41.424+0000] {dag.py:3089} INFO - Sync 1 DAGs
[2026-03-11T04:50:41.452+0000] {logging_mixin.py:188} INFO - [2026-03-11T04:50:41.452+0000] {dag.py:3947} INFO - Setting next_dagrun for dag_snowflake_through_airflow to None, run_after=None
[2026-03-11T04:50:41.511+0000] {processor.py:183} INFO - Processing /home/cloud/codings/airflow/dags/dag_snowflake_through_airflow.py took 0.170 seconds
[2026-03-11T04:51:11.750+0000] {processor.py:161} INFO - Started process (PID=530586) to work on /home/cloud/codings/airflow/dags/dag_snowflake_through_airflow.py
[2026-03-11T04:51:11.770+0000] {processor.py:830} INFO - Processing file /home/cloud/codings/airflow/dags/dag_snowflake_through_airflow.py for tasks to queue
[2026-03-11T04:51:11.774+0000] {logging_mixin.py:188} INFO - [2026-03-11T04:51:11.773+0000] {dagbag.py:545} INFO - Filling up the DagBag from /home/cloud/codings/airflow/dags/dag_snowflake_through_airflow.py
[2026-03-11T04:51:11.804+0000] {processor.py:840} INFO - DAG(s) 'dag_snowflake_through_airflow' retrieved from /home/cloud/codings/airflow/dags/dag_snowflake_through_airflow.py
[2026-03-11T04:51:11.853+0000] {logging_mixin.py:188} INFO - [2026-03-11T04:51:11.852+0000] {dag.py:3089} INFO - Sync 1 DAGs
[2026-03-11T04:51:11.879+0000] {logging_mixin.py:188} INFO - [2026-03-11T04:51:11.879+0000] {dag.py:3947} INFO - Setting next_dagrun for dag_snowflake_through_airflow to None, run_after=None
[2026-03-11T04:51:11.932+0000] {processor.py:183} INFO - Processing /home/cloud/codings/airflow/dags/dag_snowflake_through_airflow.py took 0.200 seconds
[2026-03-11T04:51:42.292+0000] {processor.py:161} INFO - Started process (PID=530630) to work on /home/cloud/codings/airflow/dags/dag_snowflake_through_airflow.py
[2026-03-11T04:51:42.293+0000] {processor.py:830} INFO - Processing file /home/cloud/codings/airflow/dags/dag_snowflake_through_airflow.py for tasks to queue
[2026-03-11T04:51:42.294+0000] {logging_mixin.py:188} INFO - [2026-03-11T04:51:42.293+0000] {dagbag.py:545} INFO - Filling up the DagBag from /home/cloud/codings/airflow/dags/dag_snowflake_through_airflow.py
[2026-03-11T04:51:42.305+0000] {processor.py:840} INFO - DAG(s) 'dag_snowflake_through_airflow' retrieved from /home/cloud/codings/airflow/dags/dag_snowflake_through_airflow.py
[2026-03-11T04:51:42.324+0000] {logging_mixin.py:188} INFO - [2026-03-11T04:51:42.324+0000] {dag.py:3089} INFO - Sync 1 DAGs
[2026-03-11T04:51:42.336+0000] {logging_mixin.py:188} INFO - [2026-03-11T04:51:42.336+0000] {dag.py:3947} INFO - Setting next_dagrun for dag_snowflake_through_airflow to None, run_after=None
[2026-03-11T04:51:42.363+0000] {processor.py:183} INFO - Processing /home/cloud/codings/airflow/dags/dag_snowflake_through_airflow.py took 0.080 seconds
[2026-03-11T04:52:13.095+0000] {processor.py:161} INFO - Started process (PID=530717) to work on /home/cloud/codings/airflow/dags/dag_snowflake_through_airflow.py
[2026-03-11T04:52:13.103+0000] {processor.py:830} INFO - Processing file /home/cloud/codings/airflow/dags/dag_snowflake_through_airflow.py for tasks to queue
[2026-03-11T04:52:13.106+0000] {logging_mixin.py:188} INFO - [2026-03-11T04:52:13.105+0000] {dagbag.py:545} INFO - Filling up the DagBag from /home/cloud/codings/airflow/dags/dag_snowflake_through_airflow.py
[2026-03-11T04:52:13.133+0000] {processor.py:840} INFO - DAG(s) 'dag_snowflake_through_airflow' retrieved from /home/cloud/codings/airflow/dags/dag_snowflake_through_airflow.py
[2026-03-11T04:52:13.188+0000] {logging_mixin.py:188} INFO - [2026-03-11T04:52:13.187+0000] {dag.py:3089} INFO - Sync 1 DAGs
[2026-03-11T04:52:13.221+0000] {logging_mixin.py:188} INFO - [2026-03-11T04:52:13.220+0000] {dag.py:3947} INFO - Setting next_dagrun for dag_snowflake_through_airflow to None, run_after=None
[2026-03-11T04:52:13.285+0000] {processor.py:183} INFO - Processing /home/cloud/codings/airflow/dags/dag_snowflake_through_airflow.py took 0.221 seconds
[2026-03-11T04:52:43.666+0000] {processor.py:161} INFO - Started process (PID=530740) to work on /home/cloud/codings/airflow/dags/dag_snowflake_through_airflow.py
[2026-03-11T04:52:43.669+0000] {processor.py:830} INFO - Processing file /home/cloud/codings/airflow/dags/dag_snowflake_through_airflow.py for tasks to queue
[2026-03-11T04:52:43.671+0000] {logging_mixin.py:188} INFO - [2026-03-11T04:52:43.670+0000] {dagbag.py:545} INFO - Filling up the DagBag from /home/cloud/codings/airflow/dags/dag_snowflake_through_airflow.py
[2026-03-11T04:52:43.690+0000] {processor.py:840} INFO - DAG(s) 'dag_snowflake_through_airflow' retrieved from /home/cloud/codings/airflow/dags/dag_snowflake_through_airflow.py
[2026-03-11T04:52:43.713+0000] {logging_mixin.py:188} INFO - [2026-03-11T04:52:43.713+0000] {dag.py:3089} INFO - Sync 1 DAGs
[2026-03-11T04:52:43.727+0000] {logging_mixin.py:188} INFO - [2026-03-11T04:52:43.727+0000] {dag.py:3947} INFO - Setting next_dagrun for dag_snowflake_through_airflow to None, run_after=None
[2026-03-11T04:52:43.758+0000] {processor.py:183} INFO - Processing /home/cloud/codings/airflow/dags/dag_snowflake_through_airflow.py took 0.103 seconds
[2026-03-11T04:53:14.178+0000] {processor.py:161} INFO - Started process (PID=530825) to work on /home/cloud/codings/airflow/dags/dag_snowflake_through_airflow.py
[2026-03-11T04:53:14.200+0000] {processor.py:830} INFO - Processing file /home/cloud/codings/airflow/dags/dag_snowflake_through_airflow.py for tasks to queue
[2026-03-11T04:53:14.202+0000] {logging_mixin.py:188} INFO - [2026-03-11T04:53:14.201+0000] {dagbag.py:545} INFO - Filling up the DagBag from /home/cloud/codings/airflow/dags/dag_snowflake_through_airflow.py
[2026-03-11T04:53:14.220+0000] {processor.py:840} INFO - DAG(s) 'dag_snowflake_through_airflow' retrieved from /home/cloud/codings/airflow/dags/dag_snowflake_through_airflow.py
[2026-03-11T04:53:14.242+0000] {logging_mixin.py:188} INFO - [2026-03-11T04:53:14.242+0000] {dag.py:3089} INFO - Sync 1 DAGs
[2026-03-11T04:53:14.255+0000] {logging_mixin.py:188} INFO - [2026-03-11T04:53:14.255+0000] {dag.py:3947} INFO - Setting next_dagrun for dag_snowflake_through_airflow to None, run_after=None
[2026-03-11T04:53:14.279+0000] {processor.py:183} INFO - Processing /home/cloud/codings/airflow/dags/dag_snowflake_through_airflow.py took 0.113 seconds
[2026-03-11T04:53:44.997+0000] {processor.py:161} INFO - Started process (PID=530850) to work on /home/cloud/codings/airflow/dags/dag_snowflake_through_airflow.py
[2026-03-11T04:53:45.023+0000] {processor.py:830} INFO - Processing file /home/cloud/codings/airflow/dags/dag_snowflake_through_airflow.py for tasks to queue
[2026-03-11T04:53:45.026+0000] {logging_mixin.py:188} INFO - [2026-03-11T04:53:45.025+0000] {dagbag.py:545} INFO - Filling up the DagBag from /home/cloud/codings/airflow/dags/dag_snowflake_through_airflow.py
[2026-03-11T04:53:45.062+0000] {processor.py:840} INFO - DAG(s) 'dag_snowflake_through_airflow' retrieved from /home/cloud/codings/airflow/dags/dag_snowflake_through_airflow.py
[2026-03-11T04:53:45.132+0000] {logging_mixin.py:188} INFO - [2026-03-11T04:53:45.131+0000] {dag.py:3089} INFO - Sync 1 DAGs
[2026-03-11T04:53:45.164+0000] {logging_mixin.py:188} INFO - [2026-03-11T04:53:45.164+0000] {dag.py:3947} INFO - Setting next_dagrun for dag_snowflake_through_airflow to None, run_after=None
[2026-03-11T04:53:45.234+0000] {processor.py:183} INFO - Processing /home/cloud/codings/airflow/dags/dag_snowflake_through_airflow.py took 0.261 seconds
[2026-03-11T04:54:15.599+0000] {processor.py:161} INFO - Started process (PID=530933) to work on /home/cloud/codings/airflow/dags/dag_snowflake_through_airflow.py
[2026-03-11T04:54:15.632+0000] {processor.py:830} INFO - Processing file /home/cloud/codings/airflow/dags/dag_snowflake_through_airflow.py for tasks to queue
[2026-03-11T04:54:15.636+0000] {logging_mixin.py:188} INFO - [2026-03-11T04:54:15.635+0000] {dagbag.py:545} INFO - Filling up the DagBag from /home/cloud/codings/airflow/dags/dag_snowflake_through_airflow.py
[2026-03-11T04:54:15.670+0000] {processor.py:840} INFO - DAG(s) 'dag_snowflake_through_airflow' retrieved from /home/cloud/codings/airflow/dags/dag_snowflake_through_airflow.py
[2026-03-11T04:54:15.706+0000] {logging_mixin.py:188} INFO - [2026-03-11T04:54:15.706+0000] {dag.py:3089} INFO - Sync 1 DAGs
[2026-03-11T04:54:15.720+0000] {logging_mixin.py:188} INFO - [2026-03-11T04:54:15.720+0000] {dag.py:3947} INFO - Setting next_dagrun for dag_snowflake_through_airflow to None, run_after=None
[2026-03-11T04:54:15.747+0000] {processor.py:183} INFO - Processing /home/cloud/codings/airflow/dags/dag_snowflake_through_airflow.py took 0.171 seconds
[2026-03-11T04:54:46.029+0000] {processor.py:161} INFO - Started process (PID=530964) to work on /home/cloud/codings/airflow/dags/dag_snowflake_through_airflow.py
[2026-03-11T04:54:46.051+0000] {processor.py:830} INFO - Processing file /home/cloud/codings/airflow/dags/dag_snowflake_through_airflow.py for tasks to queue
[2026-03-11T04:54:46.053+0000] {logging_mixin.py:188} INFO - [2026-03-11T04:54:46.052+0000] {dagbag.py:545} INFO - Filling up the DagBag from /home/cloud/codings/airflow/dags/dag_snowflake_through_airflow.py
[2026-03-11T04:54:46.070+0000] {processor.py:840} INFO - DAG(s) 'dag_snowflake_through_airflow' retrieved from /home/cloud/codings/airflow/dags/dag_snowflake_through_airflow.py
[2026-03-11T04:54:46.105+0000] {logging_mixin.py:188} INFO - [2026-03-11T04:54:46.105+0000] {dag.py:3089} INFO - Sync 1 DAGs
[2026-03-11T04:54:46.123+0000] {logging_mixin.py:188} INFO - [2026-03-11T04:54:46.123+0000] {dag.py:3947} INFO - Setting next_dagrun for dag_snowflake_through_airflow to None, run_after=None
[2026-03-11T04:54:46.150+0000] {processor.py:183} INFO - Processing /home/cloud/codings/airflow/dags/dag_snowflake_through_airflow.py took 0.129 seconds
[2026-03-11T04:55:16.641+0000] {processor.py:161} INFO - Started process (PID=531101) to work on /home/cloud/codings/airflow/dags/dag_snowflake_through_airflow.py
[2026-03-11T04:55:16.645+0000] {processor.py:830} INFO - Processing file /home/cloud/codings/airflow/dags/dag_snowflake_through_airflow.py for tasks to queue
[2026-03-11T04:55:16.647+0000] {logging_mixin.py:188} INFO - [2026-03-11T04:55:16.646+0000] {dagbag.py:545} INFO - Filling up the DagBag from /home/cloud/codings/airflow/dags/dag_snowflake_through_airflow.py
[2026-03-11T04:55:16.669+0000] {processor.py:840} INFO - DAG(s) 'dag_snowflake_through_airflow' retrieved from /home/cloud/codings/airflow/dags/dag_snowflake_through_airflow.py
[2026-03-11T04:55:16.711+0000] {logging_mixin.py:188} INFO - [2026-03-11T04:55:16.710+0000] {dag.py:3089} INFO - Sync 1 DAGs
[2026-03-11T04:55:16.726+0000] {logging_mixin.py:188} INFO - [2026-03-11T04:55:16.726+0000] {dag.py:3947} INFO - Setting next_dagrun for dag_snowflake_through_airflow to None, run_after=None
[2026-03-11T04:55:16.754+0000] {processor.py:183} INFO - Processing /home/cloud/codings/airflow/dags/dag_snowflake_through_airflow.py took 0.136 seconds
[2026-03-11T04:55:47.123+0000] {processor.py:161} INFO - Started process (PID=531128) to work on /home/cloud/codings/airflow/dags/dag_snowflake_through_airflow.py
[2026-03-11T04:55:47.145+0000] {processor.py:830} INFO - Processing file /home/cloud/codings/airflow/dags/dag_snowflake_through_airflow.py for tasks to queue
[2026-03-11T04:55:47.146+0000] {logging_mixin.py:188} INFO - [2026-03-11T04:55:47.146+0000] {dagbag.py:545} INFO - Filling up the DagBag from /home/cloud/codings/airflow/dags/dag_snowflake_through_airflow.py
[2026-03-11T04:55:47.165+0000] {processor.py:840} INFO - DAG(s) 'dag_snowflake_through_airflow' retrieved from /home/cloud/codings/airflow/dags/dag_snowflake_through_airflow.py
[2026-03-11T04:55:47.193+0000] {logging_mixin.py:188} INFO - [2026-03-11T04:55:47.193+0000] {dag.py:3089} INFO - Sync 1 DAGs
[2026-03-11T04:55:47.210+0000] {logging_mixin.py:188} INFO - [2026-03-11T04:55:47.210+0000] {dag.py:3947} INFO - Setting next_dagrun for dag_snowflake_through_airflow to None, run_after=None
[2026-03-11T04:55:47.237+0000] {processor.py:183} INFO - Processing /home/cloud/codings/airflow/dags/dag_snowflake_through_airflow.py took 0.125 seconds
[2026-03-11T04:56:17.866+0000] {processor.py:161} INFO - Started process (PID=531211) to work on /home/cloud/codings/airflow/dags/dag_snowflake_through_airflow.py
[2026-03-11T04:56:17.890+0000] {processor.py:830} INFO - Processing file /home/cloud/codings/airflow/dags/dag_snowflake_through_airflow.py for tasks to queue
[2026-03-11T04:56:17.894+0000] {logging_mixin.py:188} INFO - [2026-03-11T04:56:17.892+0000] {dagbag.py:545} INFO - Filling up the DagBag from /home/cloud/codings/airflow/dags/dag_snowflake_through_airflow.py
[2026-03-11T04:56:17.933+0000] {processor.py:840} INFO - DAG(s) 'dag_snowflake_through_airflow' retrieved from /home/cloud/codings/airflow/dags/dag_snowflake_through_airflow.py
[2026-03-11T04:56:18.013+0000] {logging_mixin.py:188} INFO - [2026-03-11T04:56:18.013+0000] {dag.py:3089} INFO - Sync 1 DAGs
[2026-03-11T04:56:18.046+0000] {logging_mixin.py:188} INFO - [2026-03-11T04:56:18.046+0000] {dag.py:3947} INFO - Setting next_dagrun for dag_snowflake_through_airflow to None, run_after=None
[2026-03-11T04:56:18.096+0000] {processor.py:183} INFO - Processing /home/cloud/codings/airflow/dags/dag_snowflake_through_airflow.py took 0.256 seconds
[2026-03-11T04:56:48.432+0000] {processor.py:161} INFO - Started process (PID=531266) to work on /home/cloud/codings/airflow/dags/dag_snowflake_through_airflow.py
[2026-03-11T04:56:48.434+0000] {processor.py:830} INFO - Processing file /home/cloud/codings/airflow/dags/dag_snowflake_through_airflow.py for tasks to queue
[2026-03-11T04:56:48.436+0000] {logging_mixin.py:188} INFO - [2026-03-11T04:56:48.435+0000] {dagbag.py:545} INFO - Filling up the DagBag from /home/cloud/codings/airflow/dags/dag_snowflake_through_airflow.py
[2026-03-11T04:56:48.455+0000] {processor.py:840} INFO - DAG(s) 'dag_snowflake_through_airflow' retrieved from /home/cloud/codings/airflow/dags/dag_snowflake_through_airflow.py
[2026-03-11T04:56:48.480+0000] {logging_mixin.py:188} INFO - [2026-03-11T04:56:48.480+0000] {dag.py:3089} INFO - Sync 1 DAGs
[2026-03-11T04:56:48.495+0000] {logging_mixin.py:188} INFO - [2026-03-11T04:56:48.495+0000] {dag.py:3947} INFO - Setting next_dagrun for dag_snowflake_through_airflow to None, run_after=None
[2026-03-11T04:56:48.521+0000] {processor.py:183} INFO - Processing /home/cloud/codings/airflow/dags/dag_snowflake_through_airflow.py took 0.101 seconds
[2026-03-11T04:57:18.702+0000] {processor.py:161} INFO - Started process (PID=531326) to work on /home/cloud/codings/airflow/dags/dag_snowflake_through_airflow.py
[2026-03-11T04:57:18.721+0000] {processor.py:830} INFO - Processing file /home/cloud/codings/airflow/dags/dag_snowflake_through_airflow.py for tasks to queue
[2026-03-11T04:57:18.723+0000] {logging_mixin.py:188} INFO - [2026-03-11T04:57:18.722+0000] {dagbag.py:545} INFO - Filling up the DagBag from /home/cloud/codings/airflow/dags/dag_snowflake_through_airflow.py
[2026-03-11T04:57:18.741+0000] {processor.py:840} INFO - DAG(s) 'dag_snowflake_through_airflow' retrieved from /home/cloud/codings/airflow/dags/dag_snowflake_through_airflow.py
[2026-03-11T04:57:18.809+0000] {logging_mixin.py:188} INFO - [2026-03-11T04:57:18.808+0000] {dag.py:3089} INFO - Sync 1 DAGs
[2026-03-11T04:57:18.838+0000] {logging_mixin.py:188} INFO - [2026-03-11T04:57:18.838+0000] {dag.py:3947} INFO - Setting next_dagrun for dag_snowflake_through_airflow to None, run_after=None
[2026-03-11T04:57:18.925+0000] {processor.py:183} INFO - Processing /home/cloud/codings/airflow/dags/dag_snowflake_through_airflow.py took 0.230 seconds
[2026-03-11T04:57:49.070+0000] {processor.py:161} INFO - Started process (PID=531370) to work on /home/cloud/codings/airflow/dags/dag_snowflake_through_airflow.py
[2026-03-11T04:57:49.074+0000] {processor.py:830} INFO - Processing file /home/cloud/codings/airflow/dags/dag_snowflake_through_airflow.py for tasks to queue
[2026-03-11T04:57:49.077+0000] {logging_mixin.py:188} INFO - [2026-03-11T04:57:49.075+0000] {dagbag.py:545} INFO - Filling up the DagBag from /home/cloud/codings/airflow/dags/dag_snowflake_through_airflow.py
[2026-03-11T04:57:49.108+0000] {processor.py:840} INFO - DAG(s) 'dag_snowflake_through_airflow' retrieved from /home/cloud/codings/airflow/dags/dag_snowflake_through_airflow.py
[2026-03-11T04:57:49.151+0000] {logging_mixin.py:188} INFO - [2026-03-11T04:57:49.150+0000] {dag.py:3089} INFO - Sync 1 DAGs
[2026-03-11T04:57:49.176+0000] {logging_mixin.py:188} INFO - [2026-03-11T04:57:49.175+0000] {dag.py:3947} INFO - Setting next_dagrun for dag_snowflake_through_airflow to None, run_after=None
[2026-03-11T04:57:49.218+0000] {processor.py:183} INFO - Processing /home/cloud/codings/airflow/dags/dag_snowflake_through_airflow.py took 0.169 seconds
[2026-03-11T04:58:20.122+0000] {processor.py:161} INFO - Started process (PID=531430) to work on /home/cloud/codings/airflow/dags/dag_snowflake_through_airflow.py
[2026-03-11T04:58:20.140+0000] {processor.py:830} INFO - Processing file /home/cloud/codings/airflow/dags/dag_snowflake_through_airflow.py for tasks to queue
[2026-03-11T04:58:20.142+0000] {logging_mixin.py:188} INFO - [2026-03-11T04:58:20.141+0000] {dagbag.py:545} INFO - Filling up the DagBag from /home/cloud/codings/airflow/dags/dag_snowflake_through_airflow.py
[2026-03-11T04:58:20.157+0000] {processor.py:840} INFO - DAG(s) 'dag_snowflake_through_airflow' retrieved from /home/cloud/codings/airflow/dags/dag_snowflake_through_airflow.py
[2026-03-11T04:58:20.179+0000] {logging_mixin.py:188} INFO - [2026-03-11T04:58:20.179+0000] {dag.py:3089} INFO - Sync 1 DAGs
[2026-03-11T04:58:20.192+0000] {logging_mixin.py:188} INFO - [2026-03-11T04:58:20.192+0000] {dag.py:3947} INFO - Setting next_dagrun for dag_snowflake_through_airflow to None, run_after=None
[2026-03-11T04:58:20.215+0000] {processor.py:183} INFO - Processing /home/cloud/codings/airflow/dags/dag_snowflake_through_airflow.py took 0.100 seconds
[2026-03-11T04:58:50.715+0000] {processor.py:161} INFO - Started process (PID=531519) to work on /home/cloud/codings/airflow/dags/dag_snowflake_through_airflow.py
[2026-03-11T04:58:50.717+0000] {processor.py:830} INFO - Processing file /home/cloud/codings/airflow/dags/dag_snowflake_through_airflow.py for tasks to queue
[2026-03-11T04:58:50.718+0000] {logging_mixin.py:188} INFO - [2026-03-11T04:58:50.718+0000] {dagbag.py:545} INFO - Filling up the DagBag from /home/cloud/codings/airflow/dags/dag_snowflake_through_airflow.py
[2026-03-11T04:58:50.732+0000] {processor.py:840} INFO - DAG(s) 'dag_snowflake_through_airflow' retrieved from /home/cloud/codings/airflow/dags/dag_snowflake_through_airflow.py
[2026-03-11T04:58:50.759+0000] {logging_mixin.py:188} INFO - [2026-03-11T04:58:50.759+0000] {dag.py:3089} INFO - Sync 1 DAGs
[2026-03-11T04:58:50.775+0000] {logging_mixin.py:188} INFO - [2026-03-11T04:58:50.774+0000] {dag.py:3947} INFO - Setting next_dagrun for dag_snowflake_through_airflow to None, run_after=None
[2026-03-11T04:58:50.818+0000] {processor.py:183} INFO - Processing /home/cloud/codings/airflow/dags/dag_snowflake_through_airflow.py took 0.113 seconds
[2026-03-11T04:59:21.084+0000] {processor.py:161} INFO - Started process (PID=531542) to work on /home/cloud/codings/airflow/dags/dag_snowflake_through_airflow.py
[2026-03-11T04:59:21.102+0000] {processor.py:830} INFO - Processing file /home/cloud/codings/airflow/dags/dag_snowflake_through_airflow.py for tasks to queue
[2026-03-11T04:59:21.104+0000] {logging_mixin.py:188} INFO - [2026-03-11T04:59:21.103+0000] {dagbag.py:545} INFO - Filling up the DagBag from /home/cloud/codings/airflow/dags/dag_snowflake_through_airflow.py
[2026-03-11T04:59:21.119+0000] {processor.py:840} INFO - DAG(s) 'dag_snowflake_through_airflow' retrieved from /home/cloud/codings/airflow/dags/dag_snowflake_through_airflow.py
[2026-03-11T04:59:21.143+0000] {logging_mixin.py:188} INFO - [2026-03-11T04:59:21.142+0000] {dag.py:3089} INFO - Sync 1 DAGs
[2026-03-11T04:59:21.155+0000] {logging_mixin.py:188} INFO - [2026-03-11T04:59:21.155+0000] {dag.py:3947} INFO - Setting next_dagrun for dag_snowflake_through_airflow to None, run_after=None
[2026-03-11T04:59:21.183+0000] {processor.py:183} INFO - Processing /home/cloud/codings/airflow/dags/dag_snowflake_through_airflow.py took 0.108 seconds
[2026-03-11T04:59:51.747+0000] {processor.py:161} INFO - Started process (PID=531629) to work on /home/cloud/codings/airflow/dags/dag_snowflake_through_airflow.py
[2026-03-11T04:59:51.752+0000] {processor.py:830} INFO - Processing file /home/cloud/codings/airflow/dags/dag_snowflake_through_airflow.py for tasks to queue
[2026-03-11T04:59:51.756+0000] {logging_mixin.py:188} INFO - [2026-03-11T04:59:51.754+0000] {dagbag.py:545} INFO - Filling up the DagBag from /home/cloud/codings/airflow/dags/dag_snowflake_through_airflow.py
[2026-03-11T04:59:51.796+0000] {processor.py:840} INFO - DAG(s) 'dag_snowflake_through_airflow' retrieved from /home/cloud/codings/airflow/dags/dag_snowflake_through_airflow.py
[2026-03-11T04:59:51.878+0000] {logging_mixin.py:188} INFO - [2026-03-11T04:59:51.877+0000] {dag.py:3089} INFO - Sync 1 DAGs
[2026-03-11T04:59:51.934+0000] {logging_mixin.py:188} INFO - [2026-03-11T04:59:51.933+0000] {dag.py:3947} INFO - Setting next_dagrun for dag_snowflake_through_airflow to None, run_after=None
[2026-03-11T04:59:52.015+0000] {processor.py:183} INFO - Processing /home/cloud/codings/airflow/dags/dag_snowflake_through_airflow.py took 0.292 seconds
[2026-03-11T05:00:22.609+0000] {processor.py:161} INFO - Started process (PID=531714) to work on /home/cloud/codings/airflow/dags/dag_snowflake_through_airflow.py
[2026-03-11T05:00:22.610+0000] {processor.py:830} INFO - Processing file /home/cloud/codings/airflow/dags/dag_snowflake_through_airflow.py for tasks to queue
[2026-03-11T05:00:22.612+0000] {logging_mixin.py:188} INFO - [2026-03-11T05:00:22.612+0000] {dagbag.py:545} INFO - Filling up the DagBag from /home/cloud/codings/airflow/dags/dag_snowflake_through_airflow.py
[2026-03-11T05:00:22.630+0000] {processor.py:840} INFO - DAG(s) 'dag_snowflake_through_airflow' retrieved from /home/cloud/codings/airflow/dags/dag_snowflake_through_airflow.py
[2026-03-11T05:00:22.650+0000] {logging_mixin.py:188} INFO - [2026-03-11T05:00:22.649+0000] {dag.py:3089} INFO - Sync 1 DAGs
[2026-03-11T05:00:22.662+0000] {logging_mixin.py:188} INFO - [2026-03-11T05:00:22.662+0000] {dag.py:3947} INFO - Setting next_dagrun for dag_snowflake_through_airflow to None, run_after=None
[2026-03-11T05:00:22.686+0000] {processor.py:183} INFO - Processing /home/cloud/codings/airflow/dags/dag_snowflake_through_airflow.py took 0.091 seconds
[2026-03-11T05:00:53.185+0000] {processor.py:161} INFO - Started process (PID=531795) to work on /home/cloud/codings/airflow/dags/dag_snowflake_through_airflow.py
[2026-03-11T05:00:53.195+0000] {processor.py:830} INFO - Processing file /home/cloud/codings/airflow/dags/dag_snowflake_through_airflow.py for tasks to queue
[2026-03-11T05:00:53.199+0000] {logging_mixin.py:188} INFO - [2026-03-11T05:00:53.197+0000] {dagbag.py:545} INFO - Filling up the DagBag from /home/cloud/codings/airflow/dags/dag_snowflake_through_airflow.py
[2026-03-11T05:00:53.239+0000] {processor.py:840} INFO - DAG(s) 'dag_snowflake_through_airflow' retrieved from /home/cloud/codings/airflow/dags/dag_snowflake_through_airflow.py
[2026-03-11T05:00:53.292+0000] {logging_mixin.py:188} INFO - [2026-03-11T05:00:53.292+0000] {dag.py:3089} INFO - Sync 1 DAGs
[2026-03-11T05:00:53.309+0000] {logging_mixin.py:188} INFO - [2026-03-11T05:00:53.309+0000] {dag.py:3947} INFO - Setting next_dagrun for dag_snowflake_through_airflow to None, run_after=None
[2026-03-11T05:00:53.367+0000] {processor.py:183} INFO - Processing /home/cloud/codings/airflow/dags/dag_snowflake_through_airflow.py took 0.206 seconds
[2026-03-11T05:01:23.657+0000] {processor.py:161} INFO - Started process (PID=531820) to work on /home/cloud/codings/airflow/dags/dag_snowflake_through_airflow.py
[2026-03-11T05:01:23.659+0000] {processor.py:830} INFO - Processing file /home/cloud/codings/airflow/dags/dag_snowflake_through_airflow.py for tasks to queue
[2026-03-11T05:01:23.661+0000] {logging_mixin.py:188} INFO - [2026-03-11T05:01:23.660+0000] {dagbag.py:545} INFO - Filling up the DagBag from /home/cloud/codings/airflow/dags/dag_snowflake_through_airflow.py
[2026-03-11T05:01:23.684+0000] {processor.py:840} INFO - DAG(s) 'dag_snowflake_through_airflow' retrieved from /home/cloud/codings/airflow/dags/dag_snowflake_through_airflow.py
[2026-03-11T05:01:23.709+0000] {logging_mixin.py:188} INFO - [2026-03-11T05:01:23.709+0000] {dag.py:3089} INFO - Sync 1 DAGs
[2026-03-11T05:01:23.722+0000] {logging_mixin.py:188} INFO - [2026-03-11T05:01:23.721+0000] {dag.py:3947} INFO - Setting next_dagrun for dag_snowflake_through_airflow to None, run_after=None
[2026-03-11T05:01:23.745+0000] {processor.py:183} INFO - Processing /home/cloud/codings/airflow/dags/dag_snowflake_through_airflow.py took 0.113 seconds
[2026-03-11T05:01:54.407+0000] {processor.py:161} INFO - Started process (PID=531906) to work on /home/cloud/codings/airflow/dags/dag_snowflake_through_airflow.py
[2026-03-11T05:01:54.437+0000] {processor.py:830} INFO - Processing file /home/cloud/codings/airflow/dags/dag_snowflake_through_airflow.py for tasks to queue
[2026-03-11T05:01:54.439+0000] {logging_mixin.py:188} INFO - [2026-03-11T05:01:54.438+0000] {dagbag.py:545} INFO - Filling up the DagBag from /home/cloud/codings/airflow/dags/dag_snowflake_through_airflow.py
[2026-03-11T05:01:54.460+0000] {processor.py:840} INFO - DAG(s) 'dag_snowflake_through_airflow' retrieved from /home/cloud/codings/airflow/dags/dag_snowflake_through_airflow.py
[2026-03-11T05:01:54.503+0000] {logging_mixin.py:188} INFO - [2026-03-11T05:01:54.502+0000] {dag.py:3089} INFO - Sync 1 DAGs
[2026-03-11T05:01:54.526+0000] {logging_mixin.py:188} INFO - [2026-03-11T05:01:54.525+0000] {dag.py:3947} INFO - Setting next_dagrun for dag_snowflake_through_airflow to None, run_after=None
[2026-03-11T05:01:54.563+0000] {processor.py:183} INFO - Processing /home/cloud/codings/airflow/dags/dag_snowflake_through_airflow.py took 0.171 seconds
[2026-03-11T05:02:24.790+0000] {processor.py:161} INFO - Started process (PID=531933) to work on /home/cloud/codings/airflow/dags/dag_snowflake_through_airflow.py
[2026-03-11T05:02:24.793+0000] {processor.py:830} INFO - Processing file /home/cloud/codings/airflow/dags/dag_snowflake_through_airflow.py for tasks to queue
[2026-03-11T05:02:24.795+0000] {logging_mixin.py:188} INFO - [2026-03-11T05:02:24.794+0000] {dagbag.py:545} INFO - Filling up the DagBag from /home/cloud/codings/airflow/dags/dag_snowflake_through_airflow.py
[2026-03-11T05:02:24.820+0000] {processor.py:840} INFO - DAG(s) 'dag_snowflake_through_airflow' retrieved from /home/cloud/codings/airflow/dags/dag_snowflake_through_airflow.py
[2026-03-11T05:02:24.863+0000] {logging_mixin.py:188} INFO - [2026-03-11T05:02:24.863+0000] {dag.py:3089} INFO - Sync 1 DAGs
[2026-03-11T05:02:24.894+0000] {logging_mixin.py:188} INFO - [2026-03-11T05:02:24.894+0000] {dag.py:3947} INFO - Setting next_dagrun for dag_snowflake_through_airflow to None, run_after=None
[2026-03-11T05:02:24.969+0000] {processor.py:183} INFO - Processing /home/cloud/codings/airflow/dags/dag_snowflake_through_airflow.py took 0.192 seconds
[2026-03-11T05:02:55.450+0000] {processor.py:161} INFO - Started process (PID=532023) to work on /home/cloud/codings/airflow/dags/dag_snowflake_through_airflow.py
[2026-03-11T05:02:55.475+0000] {processor.py:830} INFO - Processing file /home/cloud/codings/airflow/dags/dag_snowflake_through_airflow.py for tasks to queue
[2026-03-11T05:02:55.477+0000] {logging_mixin.py:188} INFO - [2026-03-11T05:02:55.476+0000] {dagbag.py:545} INFO - Filling up the DagBag from /home/cloud/codings/airflow/dags/dag_snowflake_through_airflow.py
[2026-03-11T05:02:55.491+0000] {processor.py:840} INFO - DAG(s) 'dag_snowflake_through_airflow' retrieved from /home/cloud/codings/airflow/dags/dag_snowflake_through_airflow.py
[2026-03-11T05:02:55.517+0000] {logging_mixin.py:188} INFO - [2026-03-11T05:02:55.516+0000] {dag.py:3089} INFO - Sync 1 DAGs
[2026-03-11T05:02:55.531+0000] {logging_mixin.py:188} INFO - [2026-03-11T05:02:55.531+0000] {dag.py:3947} INFO - Setting next_dagrun for dag_snowflake_through_airflow to None, run_after=None
[2026-03-11T05:02:55.558+0000] {processor.py:183} INFO - Processing /home/cloud/codings/airflow/dags/dag_snowflake_through_airflow.py took 0.118 seconds
[2026-03-11T05:03:25.841+0000] {processor.py:161} INFO - Started process (PID=532040) to work on /home/cloud/codings/airflow/dags/dag_snowflake_through_airflow.py
[2026-03-11T05:03:25.847+0000] {processor.py:830} INFO - Processing file /home/cloud/codings/airflow/dags/dag_snowflake_through_airflow.py for tasks to queue
[2026-03-11T05:03:25.852+0000] {logging_mixin.py:188} INFO - [2026-03-11T05:03:25.851+0000] {dagbag.py:545} INFO - Filling up the DagBag from /home/cloud/codings/airflow/dags/dag_snowflake_through_airflow.py
[2026-03-11T05:03:25.879+0000] {processor.py:840} INFO - DAG(s) 'dag_snowflake_through_airflow' retrieved from /home/cloud/codings/airflow/dags/dag_snowflake_through_airflow.py
[2026-03-11T05:03:25.910+0000] {logging_mixin.py:188} INFO - [2026-03-11T05:03:25.910+0000] {dag.py:3089} INFO - Sync 1 DAGs
[2026-03-11T05:03:25.923+0000] {logging_mixin.py:188} INFO - [2026-03-11T05:03:25.923+0000] {dag.py:3947} INFO - Setting next_dagrun for dag_snowflake_through_airflow to None, run_after=None
[2026-03-11T05:03:25.974+0000] {processor.py:183} INFO - Processing /home/cloud/codings/airflow/dags/dag_snowflake_through_airflow.py took 0.156 seconds
[2026-03-11T05:03:56.571+0000] {processor.py:161} INFO - Started process (PID=532127) to work on /home/cloud/codings/airflow/dags/dag_snowflake_through_airflow.py
[2026-03-11T05:03:56.598+0000] {processor.py:830} INFO - Processing file /home/cloud/codings/airflow/dags/dag_snowflake_through_airflow.py for tasks to queue
[2026-03-11T05:03:56.602+0000] {logging_mixin.py:188} INFO - [2026-03-11T05:03:56.600+0000] {dagbag.py:545} INFO - Filling up the DagBag from /home/cloud/codings/airflow/dags/dag_snowflake_through_airflow.py
[2026-03-11T05:03:56.641+0000] {processor.py:840} INFO - DAG(s) 'dag_snowflake_through_airflow' retrieved from /home/cloud/codings/airflow/dags/dag_snowflake_through_airflow.py
[2026-03-11T05:03:56.678+0000] {logging_mixin.py:188} INFO - [2026-03-11T05:03:56.677+0000] {dag.py:3089} INFO - Sync 1 DAGs
[2026-03-11T05:03:56.695+0000] {logging_mixin.py:188} INFO - [2026-03-11T05:03:56.695+0000] {dag.py:3947} INFO - Setting next_dagrun for dag_snowflake_through_airflow to None, run_after=None
[2026-03-11T05:03:56.725+0000] {processor.py:183} INFO - Processing /home/cloud/codings/airflow/dags/dag_snowflake_through_airflow.py took 0.174 seconds
[2026-03-11T05:04:27.267+0000] {processor.py:161} INFO - Started process (PID=532152) to work on /home/cloud/codings/airflow/dags/dag_snowflake_through_airflow.py
[2026-03-11T05:04:27.270+0000] {processor.py:830} INFO - Processing file /home/cloud/codings/airflow/dags/dag_snowflake_through_airflow.py for tasks to queue
[2026-03-11T05:04:27.271+0000] {logging_mixin.py:188} INFO - [2026-03-11T05:04:27.270+0000] {dagbag.py:545} INFO - Filling up the DagBag from /home/cloud/codings/airflow/dags/dag_snowflake_through_airflow.py
[2026-03-11T05:04:27.282+0000] {processor.py:840} INFO - DAG(s) 'dag_snowflake_through_airflow' retrieved from /home/cloud/codings/airflow/dags/dag_snowflake_through_airflow.py
[2026-03-11T05:04:27.305+0000] {logging_mixin.py:188} INFO - [2026-03-11T05:04:27.305+0000] {dag.py:3089} INFO - Sync 1 DAGs
[2026-03-11T05:04:27.321+0000] {logging_mixin.py:188} INFO - [2026-03-11T05:04:27.321+0000] {dag.py:3947} INFO - Setting next_dagrun for dag_snowflake_through_airflow to None, run_after=None
[2026-03-11T05:04:27.352+0000] {processor.py:183} INFO - Processing /home/cloud/codings/airflow/dags/dag_snowflake_through_airflow.py took 0.094 seconds
[2026-03-11T05:04:58.034+0000] {processor.py:161} INFO - Started process (PID=532243) to work on /home/cloud/codings/airflow/dags/dag_snowflake_through_airflow.py
[2026-03-11T05:04:58.053+0000] {processor.py:830} INFO - Processing file /home/cloud/codings/airflow/dags/dag_snowflake_through_airflow.py for tasks to queue
[2026-03-11T05:04:58.056+0000] {logging_mixin.py:188} INFO - [2026-03-11T05:04:58.055+0000] {dagbag.py:545} INFO - Filling up the DagBag from /home/cloud/codings/airflow/dags/dag_snowflake_through_airflow.py
[2026-03-11T05:04:58.087+0000] {processor.py:840} INFO - DAG(s) 'dag_snowflake_through_airflow' retrieved from /home/cloud/codings/airflow/dags/dag_snowflake_through_airflow.py
[2026-03-11T05:04:58.134+0000] {logging_mixin.py:188} INFO - [2026-03-11T05:04:58.134+0000] {dag.py:3089} INFO - Sync 1 DAGs
[2026-03-11T05:04:58.160+0000] {logging_mixin.py:188} INFO - [2026-03-11T05:04:58.160+0000] {dag.py:3947} INFO - Setting next_dagrun for dag_snowflake_through_airflow to None, run_after=None
[2026-03-11T05:04:58.207+0000] {processor.py:183} INFO - Processing /home/cloud/codings/airflow/dags/dag_snowflake_through_airflow.py took 0.189 seconds
[2026-03-11T05:05:28.530+0000] {processor.py:161} INFO - Started process (PID=532328) to work on /home/cloud/codings/airflow/dags/dag_snowflake_through_airflow.py
[2026-03-11T05:05:28.531+0000] {processor.py:830} INFO - Processing file /home/cloud/codings/airflow/dags/dag_snowflake_through_airflow.py for tasks to queue
[2026-03-11T05:05:28.532+0000] {logging_mixin.py:188} INFO - [2026-03-11T05:05:28.532+0000] {dagbag.py:545} INFO - Filling up the DagBag from /home/cloud/codings/airflow/dags/dag_snowflake_through_airflow.py
[2026-03-11T05:05:28.542+0000] {processor.py:840} INFO - DAG(s) 'dag_snowflake_through_airflow' retrieved from /home/cloud/codings/airflow/dags/dag_snowflake_through_airflow.py
[2026-03-11T05:05:28.561+0000] {logging_mixin.py:188} INFO - [2026-03-11T05:05:28.561+0000] {dag.py:3089} INFO - Sync 1 DAGs
[2026-03-11T05:05:28.573+0000] {logging_mixin.py:188} INFO - [2026-03-11T05:05:28.573+0000] {dag.py:3947} INFO - Setting next_dagrun for dag_snowflake_through_airflow to None, run_after=None
[2026-03-11T05:05:28.599+0000] {processor.py:183} INFO - Processing /home/cloud/codings/airflow/dags/dag_snowflake_through_airflow.py took 0.077 seconds
[2026-03-11T05:05:58.957+0000] {processor.py:161} INFO - Started process (PID=532415) to work on /home/cloud/codings/airflow/dags/dag_snowflake_through_airflow.py
[2026-03-11T05:05:58.983+0000] {processor.py:830} INFO - Processing file /home/cloud/codings/airflow/dags/dag_snowflake_through_airflow.py for tasks to queue
[2026-03-11T05:05:58.986+0000] {logging_mixin.py:188} INFO - [2026-03-11T05:05:58.985+0000] {dagbag.py:545} INFO - Filling up the DagBag from /home/cloud/codings/airflow/dags/dag_snowflake_through_airflow.py
[2026-03-11T05:05:59.009+0000] {processor.py:840} INFO - DAG(s) 'dag_snowflake_through_airflow' retrieved from /home/cloud/codings/airflow/dags/dag_snowflake_through_airflow.py
[2026-03-11T05:05:59.043+0000] {logging_mixin.py:188} INFO - [2026-03-11T05:05:59.043+0000] {dag.py:3089} INFO - Sync 1 DAGs
[2026-03-11T05:05:59.066+0000] {logging_mixin.py:188} INFO - [2026-03-11T05:05:59.066+0000] {dag.py:3947} INFO - Setting next_dagrun for dag_snowflake_through_airflow to None, run_after=None
[2026-03-11T05:05:59.093+0000] {processor.py:183} INFO - Processing /home/cloud/codings/airflow/dags/dag_snowflake_through_airflow.py took 0.162 seconds
[2026-03-11T05:06:29.466+0000] {processor.py:161} INFO - Started process (PID=532434) to work on /home/cloud/codings/airflow/dags/dag_snowflake_through_airflow.py
[2026-03-11T05:06:29.468+0000] {processor.py:830} INFO - Processing file /home/cloud/codings/airflow/dags/dag_snowflake_through_airflow.py for tasks to queue
[2026-03-11T05:06:29.469+0000] {logging_mixin.py:188} INFO - [2026-03-11T05:06:29.469+0000] {dagbag.py:545} INFO - Filling up the DagBag from /home/cloud/codings/airflow/dags/dag_snowflake_through_airflow.py
[2026-03-11T05:06:29.489+0000] {processor.py:840} INFO - DAG(s) 'dag_snowflake_through_airflow' retrieved from /home/cloud/codings/airflow/dags/dag_snowflake_through_airflow.py
[2026-03-11T05:06:29.528+0000] {logging_mixin.py:188} INFO - [2026-03-11T05:06:29.527+0000] {dag.py:3089} INFO - Sync 1 DAGs
[2026-03-11T05:06:29.551+0000] {logging_mixin.py:188} INFO - [2026-03-11T05:06:29.550+0000] {dag.py:3947} INFO - Setting next_dagrun for dag_snowflake_through_airflow to None, run_after=None
[2026-03-11T05:06:29.613+0000] {processor.py:183} INFO - Processing /home/cloud/codings/airflow/dags/dag_snowflake_through_airflow.py took 0.160 seconds
[2026-03-11T05:07:00.173+0000] {processor.py:161} INFO - Started process (PID=532524) to work on /home/cloud/codings/airflow/dags/dag_snowflake_through_airflow.py
[2026-03-11T05:07:00.192+0000] {processor.py:830} INFO - Processing file /home/cloud/codings/airflow/dags/dag_snowflake_through_airflow.py for tasks to queue
[2026-03-11T05:07:00.194+0000] {logging_mixin.py:188} INFO - [2026-03-11T05:07:00.193+0000] {dagbag.py:545} INFO - Filling up the DagBag from /home/cloud/codings/airflow/dags/dag_snowflake_through_airflow.py
[2026-03-11T05:07:00.216+0000] {processor.py:840} INFO - DAG(s) 'dag_snowflake_through_airflow' retrieved from /home/cloud/codings/airflow/dags/dag_snowflake_through_airflow.py
[2026-03-11T05:07:00.264+0000] {logging_mixin.py:188} INFO - [2026-03-11T05:07:00.263+0000] {dag.py:3089} INFO - Sync 1 DAGs
[2026-03-11T05:07:00.289+0000] {logging_mixin.py:188} INFO - [2026-03-11T05:07:00.288+0000] {dag.py:3947} INFO - Setting next_dagrun for dag_snowflake_through_airflow to None, run_after=None
[2026-03-11T05:07:00.350+0000] {processor.py:183} INFO - Processing /home/cloud/codings/airflow/dags/dag_snowflake_through_airflow.py took 0.191 seconds
[2026-03-11T05:07:30.681+0000] {processor.py:161} INFO - Started process (PID=532547) to work on /home/cloud/codings/airflow/dags/dag_snowflake_through_airflow.py
[2026-03-11T05:07:30.700+0000] {processor.py:830} INFO - Processing file /home/cloud/codings/airflow/dags/dag_snowflake_through_airflow.py for tasks to queue
[2026-03-11T05:07:30.702+0000] {logging_mixin.py:188} INFO - [2026-03-11T05:07:30.701+0000] {dagbag.py:545} INFO - Filling up the DagBag from /home/cloud/codings/airflow/dags/dag_snowflake_through_airflow.py
[2026-03-11T05:07:30.722+0000] {processor.py:840} INFO - DAG(s) 'dag_snowflake_through_airflow' retrieved from /home/cloud/codings/airflow/dags/dag_snowflake_through_airflow.py
[2026-03-11T05:07:30.762+0000] {logging_mixin.py:188} INFO - [2026-03-11T05:07:30.762+0000] {dag.py:3089} INFO - Sync 1 DAGs
[2026-03-11T05:07:30.783+0000] {logging_mixin.py:188} INFO - [2026-03-11T05:07:30.782+0000] {dag.py:3947} INFO - Setting next_dagrun for dag_snowflake_through_airflow to None, run_after=None
[2026-03-11T05:07:30.834+0000] {processor.py:183} INFO - Processing /home/cloud/codings/airflow/dags/dag_snowflake_through_airflow.py took 0.166 seconds
[2026-03-11T05:08:01.188+0000] {processor.py:161} INFO - Started process (PID=532632) to work on /home/cloud/codings/airflow/dags/dag_snowflake_through_airflow.py
[2026-03-11T05:08:01.191+0000] {processor.py:830} INFO - Processing file /home/cloud/codings/airflow/dags/dag_snowflake_through_airflow.py for tasks to queue
[2026-03-11T05:08:01.194+0000] {logging_mixin.py:188} INFO - [2026-03-11T05:08:01.193+0000] {dagbag.py:545} INFO - Filling up the DagBag from /home/cloud/codings/airflow/dags/dag_snowflake_through_airflow.py
[2026-03-11T05:08:01.214+0000] {processor.py:840} INFO - DAG(s) 'dag_snowflake_through_airflow' retrieved from /home/cloud/codings/airflow/dags/dag_snowflake_through_airflow.py
[2026-03-11T05:08:01.238+0000] {logging_mixin.py:188} INFO - [2026-03-11T05:08:01.238+0000] {dag.py:3089} INFO - Sync 1 DAGs
[2026-03-11T05:08:01.252+0000] {logging_mixin.py:188} INFO - [2026-03-11T05:08:01.251+0000] {dag.py:3947} INFO - Setting next_dagrun for dag_snowflake_through_airflow to None, run_after=None
[2026-03-11T05:08:01.276+0000] {processor.py:183} INFO - Processing /home/cloud/codings/airflow/dags/dag_snowflake_through_airflow.py took 0.108 seconds
[2026-03-11T05:08:31.764+0000] {processor.py:161} INFO - Started process (PID=532659) to work on /home/cloud/codings/airflow/dags/dag_snowflake_through_airflow.py
[2026-03-11T05:08:31.786+0000] {processor.py:830} INFO - Processing file /home/cloud/codings/airflow/dags/dag_snowflake_through_airflow.py for tasks to queue
[2026-03-11T05:08:31.792+0000] {logging_mixin.py:188} INFO - [2026-03-11T05:08:31.790+0000] {dagbag.py:545} INFO - Filling up the DagBag from /home/cloud/codings/airflow/dags/dag_snowflake_through_airflow.py
[2026-03-11T05:08:31.835+0000] {processor.py:840} INFO - DAG(s) 'dag_snowflake_through_airflow' retrieved from /home/cloud/codings/airflow/dags/dag_snowflake_through_airflow.py
[2026-03-11T05:08:31.875+0000] {logging_mixin.py:188} INFO - [2026-03-11T05:08:31.874+0000] {dag.py:3089} INFO - Sync 1 DAGs
[2026-03-11T05:08:31.893+0000] {logging_mixin.py:188} INFO - [2026-03-11T05:08:31.893+0000] {dag.py:3947} INFO - Setting next_dagrun for dag_snowflake_through_airflow to None, run_after=None
[2026-03-11T05:08:31.945+0000] {processor.py:183} INFO - Processing /home/cloud/codings/airflow/dags/dag_snowflake_through_airflow.py took 0.216 seconds
[2026-03-11T05:09:02.792+0000] {processor.py:161} INFO - Started process (PID=532748) to work on /home/cloud/codings/airflow/dags/dag_snowflake_through_airflow.py
[2026-03-11T05:09:02.796+0000] {processor.py:830} INFO - Processing file /home/cloud/codings/airflow/dags/dag_snowflake_through_airflow.py for tasks to queue
[2026-03-11T05:09:02.799+0000] {logging_mixin.py:188} INFO - [2026-03-11T05:09:02.798+0000] {dagbag.py:545} INFO - Filling up the DagBag from /home/cloud/codings/airflow/dags/dag_snowflake_through_airflow.py
[2026-03-11T05:09:02.822+0000] {processor.py:840} INFO - DAG(s) 'dag_snowflake_through_airflow' retrieved from /home/cloud/codings/airflow/dags/dag_snowflake_through_airflow.py
[2026-03-11T05:09:02.857+0000] {logging_mixin.py:188} INFO - [2026-03-11T05:09:02.856+0000] {dag.py:3089} INFO - Sync 1 DAGs
[2026-03-11T05:09:02.875+0000] {logging_mixin.py:188} INFO - [2026-03-11T05:09:02.875+0000] {dag.py:3947} INFO - Setting next_dagrun for dag_snowflake_through_airflow to None, run_after=None
[2026-03-11T05:09:02.909+0000] {processor.py:183} INFO - Processing /home/cloud/codings/airflow/dags/dag_snowflake_through_airflow.py took 0.133 seconds
[2026-03-11T05:09:33.476+0000] {processor.py:161} INFO - Started process (PID=532767) to work on /home/cloud/codings/airflow/dags/dag_snowflake_through_airflow.py
[2026-03-11T05:09:33.501+0000] {processor.py:830} INFO - Processing file /home/cloud/codings/airflow/dags/dag_snowflake_through_airflow.py for tasks to queue
[2026-03-11T05:09:33.504+0000] {logging_mixin.py:188} INFO - [2026-03-11T05:09:33.502+0000] {dagbag.py:545} INFO - Filling up the DagBag from /home/cloud/codings/airflow/dags/dag_snowflake_through_airflow.py
[2026-03-11T05:09:33.534+0000] {processor.py:840} INFO - DAG(s) 'dag_snowflake_through_airflow' retrieved from /home/cloud/codings/airflow/dags/dag_snowflake_through_airflow.py
[2026-03-11T05:09:33.576+0000] {logging_mixin.py:188} INFO - [2026-03-11T05:09:33.575+0000] {dag.py:3089} INFO - Sync 1 DAGs
[2026-03-11T05:09:33.601+0000] {logging_mixin.py:188} INFO - [2026-03-11T05:09:33.601+0000] {dag.py:3947} INFO - Setting next_dagrun for dag_snowflake_through_airflow to None, run_after=None
[2026-03-11T05:09:33.657+0000] {processor.py:183} INFO - Processing /home/cloud/codings/airflow/dags/dag_snowflake_through_airflow.py took 0.202 seconds
[2026-03-11T05:10:03.877+0000] {processor.py:161} INFO - Started process (PID=532877) to work on /home/cloud/codings/airflow/dags/dag_snowflake_through_airflow.py
[2026-03-11T05:10:03.878+0000] {processor.py:830} INFO - Processing file /home/cloud/codings/airflow/dags/dag_snowflake_through_airflow.py for tasks to queue
[2026-03-11T05:10:03.880+0000] {logging_mixin.py:188} INFO - [2026-03-11T05:10:03.879+0000] {dagbag.py:545} INFO - Filling up the DagBag from /home/cloud/codings/airflow/dags/dag_snowflake_through_airflow.py
[2026-03-11T05:10:03.897+0000] {processor.py:840} INFO - DAG(s) 'dag_snowflake_through_airflow' retrieved from /home/cloud/codings/airflow/dags/dag_snowflake_through_airflow.py
[2026-03-11T05:10:03.930+0000] {logging_mixin.py:188} INFO - [2026-03-11T05:10:03.930+0000] {dag.py:3089} INFO - Sync 1 DAGs
[2026-03-11T05:10:03.948+0000] {logging_mixin.py:188} INFO - [2026-03-11T05:10:03.947+0000] {dag.py:3947} INFO - Setting next_dagrun for dag_snowflake_through_airflow to None, run_after=None
[2026-03-11T05:10:03.972+0000] {processor.py:183} INFO - Processing /home/cloud/codings/airflow/dags/dag_snowflake_through_airflow.py took 0.109 seconds
[2026-03-11T05:10:34.727+0000] {processor.py:161} INFO - Started process (PID=532939) to work on /home/cloud/codings/airflow/dags/dag_snowflake_through_airflow.py
[2026-03-11T05:10:34.730+0000] {processor.py:830} INFO - Processing file /home/cloud/codings/airflow/dags/dag_snowflake_through_airflow.py for tasks to queue
[2026-03-11T05:10:34.733+0000] {logging_mixin.py:188} INFO - [2026-03-11T05:10:34.732+0000] {dagbag.py:545} INFO - Filling up the DagBag from /home/cloud/codings/airflow/dags/dag_snowflake_through_airflow.py
[2026-03-11T05:10:34.755+0000] {processor.py:840} INFO - DAG(s) 'dag_snowflake_through_airflow' retrieved from /home/cloud/codings/airflow/dags/dag_snowflake_through_airflow.py
[2026-03-11T05:10:34.795+0000] {logging_mixin.py:188} INFO - [2026-03-11T05:10:34.795+0000] {dag.py:3089} INFO - Sync 1 DAGs
[2026-03-11T05:10:34.809+0000] {logging_mixin.py:188} INFO - [2026-03-11T05:10:34.809+0000] {dag.py:3947} INFO - Setting next_dagrun for dag_snowflake_through_airflow to None, run_after=None
[2026-03-11T05:10:34.836+0000] {processor.py:183} INFO - Processing /home/cloud/codings/airflow/dags/dag_snowflake_through_airflow.py took 0.132 seconds
[2026-03-11T05:11:05.719+0000] {processor.py:161} INFO - Started process (PID=533026) to work on /home/cloud/codings/airflow/dags/dag_snowflake_through_airflow.py
[2026-03-11T05:11:05.723+0000] {processor.py:830} INFO - Processing file /home/cloud/codings/airflow/dags/dag_snowflake_through_airflow.py for tasks to queue
[2026-03-11T05:11:05.726+0000] {logging_mixin.py:188} INFO - [2026-03-11T05:11:05.724+0000] {dagbag.py:545} INFO - Filling up the DagBag from /home/cloud/codings/airflow/dags/dag_snowflake_through_airflow.py
[2026-03-11T05:11:05.759+0000] {processor.py:840} INFO - DAG(s) 'dag_snowflake_through_airflow' retrieved from /home/cloud/codings/airflow/dags/dag_snowflake_through_airflow.py
[2026-03-11T05:11:05.792+0000] {logging_mixin.py:188} INFO - [2026-03-11T05:11:05.792+0000] {dag.py:3089} INFO - Sync 1 DAGs
[2026-03-11T05:11:05.805+0000] {logging_mixin.py:188} INFO - [2026-03-11T05:11:05.805+0000] {dag.py:3947} INFO - Setting next_dagrun for dag_snowflake_through_airflow to None, run_after=None
[2026-03-11T05:11:05.828+0000] {processor.py:183} INFO - Processing /home/cloud/codings/airflow/dags/dag_snowflake_through_airflow.py took 0.134 seconds
[2026-03-11T05:11:36.096+0000] {processor.py:161} INFO - Started process (PID=533049) to work on /home/cloud/codings/airflow/dags/dag_snowflake_through_airflow.py
[2026-03-11T05:11:36.098+0000] {processor.py:830} INFO - Processing file /home/cloud/codings/airflow/dags/dag_snowflake_through_airflow.py for tasks to queue
[2026-03-11T05:11:36.099+0000] {logging_mixin.py:188} INFO - [2026-03-11T05:11:36.099+0000] {dagbag.py:545} INFO - Filling up the DagBag from /home/cloud/codings/airflow/dags/dag_snowflake_through_airflow.py
[2026-03-11T05:11:36.114+0000] {processor.py:840} INFO - DAG(s) 'dag_snowflake_through_airflow' retrieved from /home/cloud/codings/airflow/dags/dag_snowflake_through_airflow.py
[2026-03-11T05:11:36.143+0000] {logging_mixin.py:188} INFO - [2026-03-11T05:11:36.142+0000] {dag.py:3089} INFO - Sync 1 DAGs
[2026-03-11T05:11:36.159+0000] {logging_mixin.py:188} INFO - [2026-03-11T05:11:36.158+0000] {dag.py:3947} INFO - Setting next_dagrun for dag_snowflake_through_airflow to None, run_after=None
[2026-03-11T05:11:36.194+0000] {processor.py:183} INFO - Processing /home/cloud/codings/airflow/dags/dag_snowflake_through_airflow.py took 0.109 seconds
[2026-03-11T05:12:06.915+0000] {processor.py:161} INFO - Started process (PID=533128) to work on /home/cloud/codings/airflow/dags/dag_snowflake_through_airflow.py
[2026-03-11T05:12:06.917+0000] {processor.py:830} INFO - Processing file /home/cloud/codings/airflow/dags/dag_snowflake_through_airflow.py for tasks to queue
[2026-03-11T05:12:06.918+0000] {logging_mixin.py:188} INFO - [2026-03-11T05:12:06.917+0000] {dagbag.py:545} INFO - Filling up the DagBag from /home/cloud/codings/airflow/dags/dag_snowflake_through_airflow.py
[2026-03-11T05:12:06.927+0000] {processor.py:840} INFO - DAG(s) 'dag_snowflake_through_airflow' retrieved from /home/cloud/codings/airflow/dags/dag_snowflake_through_airflow.py
[2026-03-11T05:12:06.948+0000] {logging_mixin.py:188} INFO - [2026-03-11T05:12:06.948+0000] {dag.py:3089} INFO - Sync 1 DAGs
[2026-03-11T05:12:06.962+0000] {logging_mixin.py:188} INFO - [2026-03-11T05:12:06.962+0000] {dag.py:3947} INFO - Setting next_dagrun for dag_snowflake_through_airflow to None, run_after=None
[2026-03-11T05:12:06.994+0000] {processor.py:183} INFO - Processing /home/cloud/codings/airflow/dags/dag_snowflake_through_airflow.py took 0.087 seconds
[2026-03-11T05:12:37.733+0000] {processor.py:161} INFO - Started process (PID=533157) to work on /home/cloud/codings/airflow/dags/dag_snowflake_through_airflow.py
[2026-03-11T05:12:37.751+0000] {processor.py:830} INFO - Processing file /home/cloud/codings/airflow/dags/dag_snowflake_through_airflow.py for tasks to queue
[2026-03-11T05:12:37.753+0000] {logging_mixin.py:188} INFO - [2026-03-11T05:12:37.752+0000] {dagbag.py:545} INFO - Filling up the DagBag from /home/cloud/codings/airflow/dags/dag_snowflake_through_airflow.py
[2026-03-11T05:12:37.782+0000] {processor.py:840} INFO - DAG(s) 'dag_snowflake_through_airflow' retrieved from /home/cloud/codings/airflow/dags/dag_snowflake_through_airflow.py
[2026-03-11T05:12:37.827+0000] {logging_mixin.py:188} INFO - [2026-03-11T05:12:37.827+0000] {dag.py:3089} INFO - Sync 1 DAGs
[2026-03-11T05:12:37.851+0000] {logging_mixin.py:188} INFO - [2026-03-11T05:12:37.851+0000] {dag.py:3947} INFO - Setting next_dagrun for dag_snowflake_through_airflow to None, run_after=None
[2026-03-11T05:12:37.889+0000] {processor.py:183} INFO - Processing /home/cloud/codings/airflow/dags/dag_snowflake_through_airflow.py took 0.174 seconds
[2026-03-11T05:13:08.330+0000] {processor.py:161} INFO - Started process (PID=533242) to work on /home/cloud/codings/airflow/dags/dag_snowflake_through_airflow.py
[2026-03-11T05:13:08.333+0000] {processor.py:830} INFO - Processing file /home/cloud/codings/airflow/dags/dag_snowflake_through_airflow.py for tasks to queue
[2026-03-11T05:13:08.336+0000] {logging_mixin.py:188} INFO - [2026-03-11T05:13:08.335+0000] {dagbag.py:545} INFO - Filling up the DagBag from /home/cloud/codings/airflow/dags/dag_snowflake_through_airflow.py
[2026-03-11T05:13:08.366+0000] {processor.py:840} INFO - DAG(s) 'dag_snowflake_through_airflow' retrieved from /home/cloud/codings/airflow/dags/dag_snowflake_through_airflow.py
[2026-03-11T05:13:08.400+0000] {logging_mixin.py:188} INFO - [2026-03-11T05:13:08.400+0000] {dag.py:3089} INFO - Sync 1 DAGs
[2026-03-11T05:13:08.417+0000] {logging_mixin.py:188} INFO - [2026-03-11T05:13:08.417+0000] {dag.py:3947} INFO - Setting next_dagrun for dag_snowflake_through_airflow to None, run_after=None
[2026-03-11T05:13:08.449+0000] {processor.py:183} INFO - Processing /home/cloud/codings/airflow/dags/dag_snowflake_through_airflow.py took 0.139 seconds
[2026-03-11T05:13:38.846+0000] {processor.py:161} INFO - Started process (PID=533265) to work on /home/cloud/codings/airflow/dags/dag_snowflake_through_airflow.py
[2026-03-11T05:13:38.866+0000] {processor.py:830} INFO - Processing file /home/cloud/codings/airflow/dags/dag_snowflake_through_airflow.py for tasks to queue
[2026-03-11T05:13:38.869+0000] {logging_mixin.py:188} INFO - [2026-03-11T05:13:38.868+0000] {dagbag.py:545} INFO - Filling up the DagBag from /home/cloud/codings/airflow/dags/dag_snowflake_through_airflow.py
[2026-03-11T05:13:38.892+0000] {processor.py:840} INFO - DAG(s) 'dag_snowflake_through_airflow' retrieved from /home/cloud/codings/airflow/dags/dag_snowflake_through_airflow.py
[2026-03-11T05:13:38.935+0000] {logging_mixin.py:188} INFO - [2026-03-11T05:13:38.935+0000] {dag.py:3089} INFO - Sync 1 DAGs
[2026-03-11T05:13:38.958+0000] {logging_mixin.py:188} INFO - [2026-03-11T05:13:38.957+0000] {dag.py:3947} INFO - Setting next_dagrun for dag_snowflake_through_airflow to None, run_after=None
[2026-03-11T05:13:38.993+0000] {processor.py:183} INFO - Processing /home/cloud/codings/airflow/dags/dag_snowflake_through_airflow.py took 0.164 seconds
[2026-03-11T05:14:09.241+0000] {processor.py:161} INFO - Started process (PID=533350) to work on /home/cloud/codings/airflow/dags/dag_snowflake_through_airflow.py
[2026-03-11T05:14:09.243+0000] {processor.py:830} INFO - Processing file /home/cloud/codings/airflow/dags/dag_snowflake_through_airflow.py for tasks to queue
[2026-03-11T05:14:09.244+0000] {logging_mixin.py:188} INFO - [2026-03-11T05:14:09.244+0000] {dagbag.py:545} INFO - Filling up the DagBag from /home/cloud/codings/airflow/dags/dag_snowflake_through_airflow.py
[2026-03-11T05:14:09.263+0000] {processor.py:840} INFO - DAG(s) 'dag_snowflake_through_airflow' retrieved from /home/cloud/codings/airflow/dags/dag_snowflake_through_airflow.py
[2026-03-11T05:14:09.291+0000] {logging_mixin.py:188} INFO - [2026-03-11T05:14:09.291+0000] {dag.py:3089} INFO - Sync 1 DAGs
[2026-03-11T05:14:09.308+0000] {logging_mixin.py:188} INFO - [2026-03-11T05:14:09.308+0000] {dag.py:3947} INFO - Setting next_dagrun for dag_snowflake_through_airflow to None, run_after=None
[2026-03-11T05:14:09.336+0000] {processor.py:183} INFO - Processing /home/cloud/codings/airflow/dags/dag_snowflake_through_airflow.py took 0.112 seconds
[2026-03-11T05:14:40.183+0000] {processor.py:161} INFO - Started process (PID=533377) to work on /home/cloud/codings/airflow/dags/dag_snowflake_through_airflow.py
[2026-03-11T05:14:40.203+0000] {processor.py:830} INFO - Processing file /home/cloud/codings/airflow/dags/dag_snowflake_through_airflow.py for tasks to queue
[2026-03-11T05:14:40.206+0000] {logging_mixin.py:188} INFO - [2026-03-11T05:14:40.205+0000] {dagbag.py:545} INFO - Filling up the DagBag from /home/cloud/codings/airflow/dags/dag_snowflake_through_airflow.py
[2026-03-11T05:14:40.232+0000] {processor.py:840} INFO - DAG(s) 'dag_snowflake_through_airflow' retrieved from /home/cloud/codings/airflow/dags/dag_snowflake_through_airflow.py
[2026-03-11T05:14:40.283+0000] {logging_mixin.py:188} INFO - [2026-03-11T05:14:40.283+0000] {dag.py:3089} INFO - Sync 1 DAGs
[2026-03-11T05:14:40.306+0000] {logging_mixin.py:188} INFO - [2026-03-11T05:14:40.306+0000] {dag.py:3947} INFO - Setting next_dagrun for dag_snowflake_through_airflow to None, run_after=None
[2026-03-11T05:14:40.341+0000] {processor.py:183} INFO - Processing /home/cloud/codings/airflow/dags/dag_snowflake_through_airflow.py took 0.174 seconds
[2026-03-11T05:15:10.545+0000] {processor.py:161} INFO - Started process (PID=533518) to work on /home/cloud/codings/airflow/dags/dag_snowflake_through_airflow.py
[2026-03-11T05:15:10.547+0000] {processor.py:830} INFO - Processing file /home/cloud/codings/airflow/dags/dag_snowflake_through_airflow.py for tasks to queue
[2026-03-11T05:15:10.550+0000] {logging_mixin.py:188} INFO - [2026-03-11T05:15:10.548+0000] {dagbag.py:545} INFO - Filling up the DagBag from /home/cloud/codings/airflow/dags/dag_snowflake_through_airflow.py
[2026-03-11T05:15:10.573+0000] {processor.py:840} INFO - DAG(s) 'dag_snowflake_through_airflow' retrieved from /home/cloud/codings/airflow/dags/dag_snowflake_through_airflow.py
[2026-03-11T05:15:10.610+0000] {logging_mixin.py:188} INFO - [2026-03-11T05:15:10.610+0000] {dag.py:3089} INFO - Sync 1 DAGs
[2026-03-11T05:15:10.631+0000] {logging_mixin.py:188} INFO - [2026-03-11T05:15:10.631+0000] {dag.py:3947} INFO - Setting next_dagrun for dag_snowflake_through_airflow to None, run_after=None
[2026-03-11T05:15:10.664+0000] {processor.py:183} INFO - Processing /home/cloud/codings/airflow/dags/dag_snowflake_through_airflow.py took 0.137 seconds
[2026-03-11T05:15:41.023+0000] {processor.py:161} INFO - Started process (PID=533541) to work on /home/cloud/codings/airflow/dags/dag_snowflake_through_airflow.py
[2026-03-11T05:15:41.041+0000] {processor.py:830} INFO - Processing file /home/cloud/codings/airflow/dags/dag_snowflake_through_airflow.py for tasks to queue
[2026-03-11T05:15:41.043+0000] {logging_mixin.py:188} INFO - [2026-03-11T05:15:41.042+0000] {dagbag.py:545} INFO - Filling up the DagBag from /home/cloud/codings/airflow/dags/dag_snowflake_through_airflow.py
[2026-03-11T05:15:41.068+0000] {processor.py:840} INFO - DAG(s) 'dag_snowflake_through_airflow' retrieved from /home/cloud/codings/airflow/dags/dag_snowflake_through_airflow.py
[2026-03-11T05:15:41.127+0000] {logging_mixin.py:188} INFO - [2026-03-11T05:15:41.126+0000] {dag.py:3089} INFO - Sync 1 DAGs
[2026-03-11T05:15:41.152+0000] {logging_mixin.py:188} INFO - [2026-03-11T05:15:41.152+0000] {dag.py:3947} INFO - Setting next_dagrun for dag_snowflake_through_airflow to None, run_after=None
[2026-03-11T05:15:41.205+0000] {processor.py:183} INFO - Processing /home/cloud/codings/airflow/dags/dag_snowflake_through_airflow.py took 0.193 seconds
[2026-03-11T05:16:11.925+0000] {processor.py:161} INFO - Started process (PID=533626) to work on /home/cloud/codings/airflow/dags/dag_snowflake_through_airflow.py
[2026-03-11T05:16:11.929+0000] {processor.py:830} INFO - Processing file /home/cloud/codings/airflow/dags/dag_snowflake_through_airflow.py for tasks to queue
[2026-03-11T05:16:11.932+0000] {logging_mixin.py:188} INFO - [2026-03-11T05:16:11.931+0000] {dagbag.py:545} INFO - Filling up the DagBag from /home/cloud/codings/airflow/dags/dag_snowflake_through_airflow.py
[2026-03-11T05:16:11.973+0000] {processor.py:840} INFO - DAG(s) 'dag_snowflake_through_airflow' retrieved from /home/cloud/codings/airflow/dags/dag_snowflake_through_airflow.py
[2026-03-11T05:16:12.037+0000] {logging_mixin.py:188} INFO - [2026-03-11T05:16:12.037+0000] {dag.py:3089} INFO - Sync 1 DAGs
[2026-03-11T05:16:12.070+0000] {logging_mixin.py:188} INFO - [2026-03-11T05:16:12.070+0000] {dag.py:3947} INFO - Setting next_dagrun for dag_snowflake_through_airflow to None, run_after=None
[2026-03-11T05:16:12.135+0000] {processor.py:183} INFO - Processing /home/cloud/codings/airflow/dags/dag_snowflake_through_airflow.py took 0.234 seconds
[2026-03-11T05:16:42.343+0000] {processor.py:161} INFO - Started process (PID=533657) to work on /home/cloud/codings/airflow/dags/dag_snowflake_through_airflow.py
[2026-03-11T05:16:42.345+0000] {processor.py:830} INFO - Processing file /home/cloud/codings/airflow/dags/dag_snowflake_through_airflow.py for tasks to queue
[2026-03-11T05:16:42.348+0000] {logging_mixin.py:188} INFO - [2026-03-11T05:16:42.347+0000] {dagbag.py:545} INFO - Filling up the DagBag from /home/cloud/codings/airflow/dags/dag_snowflake_through_airflow.py
[2026-03-11T05:16:42.371+0000] {processor.py:840} INFO - DAG(s) 'dag_snowflake_through_airflow' retrieved from /home/cloud/codings/airflow/dags/dag_snowflake_through_airflow.py
[2026-03-11T05:16:42.401+0000] {logging_mixin.py:188} INFO - [2026-03-11T05:16:42.400+0000] {dag.py:3089} INFO - Sync 1 DAGs
[2026-03-11T05:16:42.415+0000] {logging_mixin.py:188} INFO - [2026-03-11T05:16:42.415+0000] {dag.py:3947} INFO - Setting next_dagrun for dag_snowflake_through_airflow to None, run_after=None
[2026-03-11T05:16:42.438+0000] {processor.py:183} INFO - Processing /home/cloud/codings/airflow/dags/dag_snowflake_through_airflow.py took 0.109 seconds
[2026-03-11T05:17:13.127+0000] {processor.py:161} INFO - Started process (PID=533744) to work on /home/cloud/codings/airflow/dags/dag_snowflake_through_airflow.py
[2026-03-11T05:17:13.129+0000] {processor.py:830} INFO - Processing file /home/cloud/codings/airflow/dags/dag_snowflake_through_airflow.py for tasks to queue
[2026-03-11T05:17:13.132+0000] {logging_mixin.py:188} INFO - [2026-03-11T05:17:13.131+0000] {dagbag.py:545} INFO - Filling up the DagBag from /home/cloud/codings/airflow/dags/dag_snowflake_through_airflow.py
[2026-03-11T05:17:13.160+0000] {processor.py:840} INFO - DAG(s) 'dag_snowflake_through_airflow' retrieved from /home/cloud/codings/airflow/dags/dag_snowflake_through_airflow.py
[2026-03-11T05:17:13.218+0000] {logging_mixin.py:188} INFO - [2026-03-11T05:17:13.218+0000] {dag.py:3089} INFO - Sync 1 DAGs
[2026-03-11T05:17:13.257+0000] {logging_mixin.py:188} INFO - [2026-03-11T05:17:13.257+0000] {dag.py:3947} INFO - Setting next_dagrun for dag_snowflake_through_airflow to None, run_after=None
[2026-03-11T05:17:13.324+0000] {processor.py:183} INFO - Processing /home/cloud/codings/airflow/dags/dag_snowflake_through_airflow.py took 0.216 seconds
[2026-03-11T05:17:43.876+0000] {processor.py:161} INFO - Started process (PID=533764) to work on /home/cloud/codings/airflow/dags/dag_snowflake_through_airflow.py
[2026-03-11T05:17:43.894+0000] {processor.py:830} INFO - Processing file /home/cloud/codings/airflow/dags/dag_snowflake_through_airflow.py for tasks to queue
[2026-03-11T05:17:43.896+0000] {logging_mixin.py:188} INFO - [2026-03-11T05:17:43.895+0000] {dagbag.py:545} INFO - Filling up the DagBag from /home/cloud/codings/airflow/dags/dag_snowflake_through_airflow.py
[2026-03-11T05:17:43.912+0000] {processor.py:840} INFO - DAG(s) 'dag_snowflake_through_airflow' retrieved from /home/cloud/codings/airflow/dags/dag_snowflake_through_airflow.py
[2026-03-11T05:17:43.943+0000] {logging_mixin.py:188} INFO - [2026-03-11T05:17:43.942+0000] {dag.py:3089} INFO - Sync 1 DAGs
[2026-03-11T05:17:43.964+0000] {logging_mixin.py:188} INFO - [2026-03-11T05:17:43.964+0000] {dag.py:3947} INFO - Setting next_dagrun for dag_snowflake_through_airflow to None, run_after=None
[2026-03-11T05:17:43.991+0000] {processor.py:183} INFO - Processing /home/cloud/codings/airflow/dags/dag_snowflake_through_airflow.py took 0.132 seconds
[2026-03-11T05:18:14.216+0000] {processor.py:161} INFO - Started process (PID=533848) to work on /home/cloud/codings/airflow/dags/dag_snowflake_through_airflow.py
[2026-03-11T05:18:14.235+0000] {processor.py:830} INFO - Processing file /home/cloud/codings/airflow/dags/dag_snowflake_through_airflow.py for tasks to queue
[2026-03-11T05:18:14.237+0000] {logging_mixin.py:188} INFO - [2026-03-11T05:18:14.236+0000] {dagbag.py:545} INFO - Filling up the DagBag from /home/cloud/codings/airflow/dags/dag_snowflake_through_airflow.py
[2026-03-11T05:18:14.252+0000] {processor.py:840} INFO - DAG(s) 'dag_snowflake_through_airflow' retrieved from /home/cloud/codings/airflow/dags/dag_snowflake_through_airflow.py
[2026-03-11T05:18:14.273+0000] {logging_mixin.py:188} INFO - [2026-03-11T05:18:14.273+0000] {dag.py:3089} INFO - Sync 1 DAGs
[2026-03-11T05:18:14.285+0000] {logging_mixin.py:188} INFO - [2026-03-11T05:18:14.285+0000] {dag.py:3947} INFO - Setting next_dagrun for dag_snowflake_through_airflow to None, run_after=None
[2026-03-11T05:18:14.310+0000] {processor.py:183} INFO - Processing /home/cloud/codings/airflow/dags/dag_snowflake_through_airflow.py took 0.101 seconds
[2026-03-11T05:18:44.838+0000] {processor.py:161} INFO - Started process (PID=533877) to work on /home/cloud/codings/airflow/dags/dag_snowflake_through_airflow.py
[2026-03-11T05:18:44.840+0000] {processor.py:830} INFO - Processing file /home/cloud/codings/airflow/dags/dag_snowflake_through_airflow.py for tasks to queue
[2026-03-11T05:18:44.843+0000] {logging_mixin.py:188} INFO - [2026-03-11T05:18:44.842+0000] {dagbag.py:545} INFO - Filling up the DagBag from /home/cloud/codings/airflow/dags/dag_snowflake_through_airflow.py
[2026-03-11T05:18:44.865+0000] {processor.py:840} INFO - DAG(s) 'dag_snowflake_through_airflow' retrieved from /home/cloud/codings/airflow/dags/dag_snowflake_through_airflow.py
[2026-03-11T05:18:44.903+0000] {logging_mixin.py:188} INFO - [2026-03-11T05:18:44.902+0000] {dag.py:3089} INFO - Sync 1 DAGs
[2026-03-11T05:18:44.928+0000] {logging_mixin.py:188} INFO - [2026-03-11T05:18:44.928+0000] {dag.py:3947} INFO - Setting next_dagrun for dag_snowflake_through_airflow to None, run_after=None
[2026-03-11T05:18:44.970+0000] {processor.py:183} INFO - Processing /home/cloud/codings/airflow/dags/dag_snowflake_through_airflow.py took 0.142 seconds
[2026-03-11T05:19:15.440+0000] {processor.py:161} INFO - Started process (PID=533960) to work on /home/cloud/codings/airflow/dags/dag_snowflake_through_airflow.py
[2026-03-11T05:19:15.467+0000] {processor.py:830} INFO - Processing file /home/cloud/codings/airflow/dags/dag_snowflake_through_airflow.py for tasks to queue
[2026-03-11T05:19:15.470+0000] {logging_mixin.py:188} INFO - [2026-03-11T05:19:15.469+0000] {dagbag.py:545} INFO - Filling up the DagBag from /home/cloud/codings/airflow/dags/dag_snowflake_through_airflow.py
[2026-03-11T05:19:15.489+0000] {processor.py:840} INFO - DAG(s) 'dag_snowflake_through_airflow' retrieved from /home/cloud/codings/airflow/dags/dag_snowflake_through_airflow.py
[2026-03-11T05:19:15.526+0000] {logging_mixin.py:188} INFO - [2026-03-11T05:19:15.526+0000] {dag.py:3089} INFO - Sync 1 DAGs
[2026-03-11T05:19:15.550+0000] {logging_mixin.py:188} INFO - [2026-03-11T05:19:15.550+0000] {dag.py:3947} INFO - Setting next_dagrun for dag_snowflake_through_airflow to None, run_after=None
[2026-03-11T05:19:15.610+0000] {processor.py:183} INFO - Processing /home/cloud/codings/airflow/dags/dag_snowflake_through_airflow.py took 0.182 seconds
[2026-03-11T05:19:46.387+0000] {processor.py:161} INFO - Started process (PID=533987) to work on /home/cloud/codings/airflow/dags/dag_snowflake_through_airflow.py
[2026-03-11T05:19:46.388+0000] {processor.py:830} INFO - Processing file /home/cloud/codings/airflow/dags/dag_snowflake_through_airflow.py for tasks to queue
[2026-03-11T05:19:46.390+0000] {logging_mixin.py:188} INFO - [2026-03-11T05:19:46.389+0000] {dagbag.py:545} INFO - Filling up the DagBag from /home/cloud/codings/airflow/dags/dag_snowflake_through_airflow.py
[2026-03-11T05:19:46.403+0000] {processor.py:840} INFO - DAG(s) 'dag_snowflake_through_airflow' retrieved from /home/cloud/codings/airflow/dags/dag_snowflake_through_airflow.py
[2026-03-11T05:19:46.427+0000] {logging_mixin.py:188} INFO - [2026-03-11T05:19:46.427+0000] {dag.py:3089} INFO - Sync 1 DAGs
[2026-03-11T05:19:46.440+0000] {logging_mixin.py:188} INFO - [2026-03-11T05:19:46.440+0000] {dag.py:3947} INFO - Setting next_dagrun for dag_snowflake_through_airflow to None, run_after=None
[2026-03-11T05:19:46.466+0000] {processor.py:183} INFO - Processing /home/cloud/codings/airflow/dags/dag_snowflake_through_airflow.py took 0.088 seconds
[2026-03-11T05:20:16.688+0000] {processor.py:161} INFO - Started process (PID=534132) to work on /home/cloud/codings/airflow/dags/dag_snowflake_through_airflow.py
[2026-03-11T05:20:16.709+0000] {processor.py:830} INFO - Processing file /home/cloud/codings/airflow/dags/dag_snowflake_through_airflow.py for tasks to queue
[2026-03-11T05:20:16.711+0000] {logging_mixin.py:188} INFO - [2026-03-11T05:20:16.710+0000] {dagbag.py:545} INFO - Filling up the DagBag from /home/cloud/codings/airflow/dags/dag_snowflake_through_airflow.py
[2026-03-11T05:20:16.734+0000] {processor.py:840} INFO - DAG(s) 'dag_snowflake_through_airflow' retrieved from /home/cloud/codings/airflow/dags/dag_snowflake_through_airflow.py
[2026-03-11T05:20:16.777+0000] {logging_mixin.py:188} INFO - [2026-03-11T05:20:16.776+0000] {dag.py:3089} INFO - Sync 1 DAGs
[2026-03-11T05:20:16.802+0000] {logging_mixin.py:188} INFO - [2026-03-11T05:20:16.802+0000] {dag.py:3947} INFO - Setting next_dagrun for dag_snowflake_through_airflow to None, run_after=None
[2026-03-11T05:20:16.861+0000] {processor.py:183} INFO - Processing /home/cloud/codings/airflow/dags/dag_snowflake_through_airflow.py took 0.201 seconds
[2026-03-11T05:20:47.512+0000] {processor.py:161} INFO - Started process (PID=534155) to work on /home/cloud/codings/airflow/dags/dag_snowflake_through_airflow.py
[2026-03-11T05:20:47.514+0000] {processor.py:830} INFO - Processing file /home/cloud/codings/airflow/dags/dag_snowflake_through_airflow.py for tasks to queue
[2026-03-11T05:20:47.518+0000] {logging_mixin.py:188} INFO - [2026-03-11T05:20:47.516+0000] {dagbag.py:545} INFO - Filling up the DagBag from /home/cloud/codings/airflow/dags/dag_snowflake_through_airflow.py
[2026-03-11T05:20:47.532+0000] {processor.py:840} INFO - DAG(s) 'dag_snowflake_through_airflow' retrieved from /home/cloud/codings/airflow/dags/dag_snowflake_through_airflow.py
[2026-03-11T05:20:47.555+0000] {logging_mixin.py:188} INFO - [2026-03-11T05:20:47.555+0000] {dag.py:3089} INFO - Sync 1 DAGs
[2026-03-11T05:20:47.569+0000] {logging_mixin.py:188} INFO - [2026-03-11T05:20:47.569+0000] {dag.py:3947} INFO - Setting next_dagrun for dag_snowflake_through_airflow to None, run_after=None
[2026-03-11T05:20:47.592+0000] {processor.py:183} INFO - Processing /home/cloud/codings/airflow/dags/dag_snowflake_through_airflow.py took 0.095 seconds
[2026-03-11T05:21:18.318+0000] {processor.py:161} INFO - Started process (PID=534238) to work on /home/cloud/codings/airflow/dags/dag_snowflake_through_airflow.py
[2026-03-11T05:21:18.347+0000] {processor.py:830} INFO - Processing file /home/cloud/codings/airflow/dags/dag_snowflake_through_airflow.py for tasks to queue
[2026-03-11T05:21:18.351+0000] {logging_mixin.py:188} INFO - [2026-03-11T05:21:18.350+0000] {dagbag.py:545} INFO - Filling up the DagBag from /home/cloud/codings/airflow/dags/dag_snowflake_through_airflow.py
[2026-03-11T05:21:18.392+0000] {processor.py:840} INFO - DAG(s) 'dag_snowflake_through_airflow' retrieved from /home/cloud/codings/airflow/dags/dag_snowflake_through_airflow.py
[2026-03-11T05:21:18.444+0000] {logging_mixin.py:188} INFO - [2026-03-11T05:21:18.444+0000] {dag.py:3089} INFO - Sync 1 DAGs
[2026-03-11T05:21:18.461+0000] {logging_mixin.py:188} INFO - [2026-03-11T05:21:18.461+0000] {dag.py:3947} INFO - Setting next_dagrun for dag_snowflake_through_airflow to None, run_after=None
[2026-03-11T05:21:18.496+0000] {processor.py:183} INFO - Processing /home/cloud/codings/airflow/dags/dag_snowflake_through_airflow.py took 0.202 seconds
[2026-03-11T05:21:48.701+0000] {processor.py:161} INFO - Started process (PID=534263) to work on /home/cloud/codings/airflow/dags/dag_snowflake_through_airflow.py
[2026-03-11T05:21:48.703+0000] {processor.py:830} INFO - Processing file /home/cloud/codings/airflow/dags/dag_snowflake_through_airflow.py for tasks to queue
[2026-03-11T05:21:48.706+0000] {logging_mixin.py:188} INFO - [2026-03-11T05:21:48.705+0000] {dagbag.py:545} INFO - Filling up the DagBag from /home/cloud/codings/airflow/dags/dag_snowflake_through_airflow.py
[2026-03-11T05:21:48.731+0000] {processor.py:840} INFO - DAG(s) 'dag_snowflake_through_airflow' retrieved from /home/cloud/codings/airflow/dags/dag_snowflake_through_airflow.py
[2026-03-11T05:21:48.775+0000] {logging_mixin.py:188} INFO - [2026-03-11T05:21:48.774+0000] {dag.py:3089} INFO - Sync 1 DAGs
[2026-03-11T05:21:48.791+0000] {logging_mixin.py:188} INFO - [2026-03-11T05:21:48.791+0000] {dag.py:3947} INFO - Setting next_dagrun for dag_snowflake_through_airflow to None, run_after=None
[2026-03-11T05:21:48.824+0000] {processor.py:183} INFO - Processing /home/cloud/codings/airflow/dags/dag_snowflake_through_airflow.py took 0.139 seconds
[2026-03-11T05:22:19.241+0000] {processor.py:161} INFO - Started process (PID=534349) to work on /home/cloud/codings/airflow/dags/dag_snowflake_through_airflow.py
[2026-03-11T05:22:19.263+0000] {processor.py:830} INFO - Processing file /home/cloud/codings/airflow/dags/dag_snowflake_through_airflow.py for tasks to queue
[2026-03-11T05:22:19.269+0000] {logging_mixin.py:188} INFO - [2026-03-11T05:22:19.267+0000] {dagbag.py:545} INFO - Filling up the DagBag from /home/cloud/codings/airflow/dags/dag_snowflake_through_airflow.py
[2026-03-11T05:22:19.309+0000] {processor.py:840} INFO - DAG(s) 'dag_snowflake_through_airflow' retrieved from /home/cloud/codings/airflow/dags/dag_snowflake_through_airflow.py
[2026-03-11T05:22:19.356+0000] {logging_mixin.py:188} INFO - [2026-03-11T05:22:19.355+0000] {dag.py:3089} INFO - Sync 1 DAGs
[2026-03-11T05:22:19.379+0000] {logging_mixin.py:188} INFO - [2026-03-11T05:22:19.379+0000] {dag.py:3947} INFO - Setting next_dagrun for dag_snowflake_through_airflow to None, run_after=None
[2026-03-11T05:22:19.424+0000] {processor.py:183} INFO - Processing /home/cloud/codings/airflow/dags/dag_snowflake_through_airflow.py took 0.213 seconds
[2026-03-11T05:22:49.684+0000] {processor.py:161} INFO - Started process (PID=534394) to work on /home/cloud/codings/airflow/dags/dag_snowflake_through_airflow.py
[2026-03-11T05:22:49.686+0000] {processor.py:830} INFO - Processing file /home/cloud/codings/airflow/dags/dag_snowflake_through_airflow.py for tasks to queue
[2026-03-11T05:22:49.689+0000] {logging_mixin.py:188} INFO - [2026-03-11T05:22:49.687+0000] {dagbag.py:545} INFO - Filling up the DagBag from /home/cloud/codings/airflow/dags/dag_snowflake_through_airflow.py
[2026-03-11T05:22:49.711+0000] {processor.py:840} INFO - DAG(s) 'dag_snowflake_through_airflow' retrieved from /home/cloud/codings/airflow/dags/dag_snowflake_through_airflow.py
[2026-03-11T05:22:49.746+0000] {logging_mixin.py:188} INFO - [2026-03-11T05:22:49.745+0000] {dag.py:3089} INFO - Sync 1 DAGs
[2026-03-11T05:22:49.766+0000] {logging_mixin.py:188} INFO - [2026-03-11T05:22:49.766+0000] {dag.py:3947} INFO - Setting next_dagrun for dag_snowflake_through_airflow to None, run_after=None
[2026-03-11T05:22:49.799+0000] {processor.py:183} INFO - Processing /home/cloud/codings/airflow/dags/dag_snowflake_through_airflow.py took 0.132 seconds
[2026-03-11T05:23:20.149+0000] {processor.py:161} INFO - Started process (PID=534476) to work on /home/cloud/codings/airflow/dags/dag_snowflake_through_airflow.py
[2026-03-11T05:23:20.152+0000] {processor.py:830} INFO - Processing file /home/cloud/codings/airflow/dags/dag_snowflake_through_airflow.py for tasks to queue
[2026-03-11T05:23:20.155+0000] {logging_mixin.py:188} INFO - [2026-03-11T05:23:20.153+0000] {dagbag.py:545} INFO - Filling up the DagBag from /home/cloud/codings/airflow/dags/dag_snowflake_through_airflow.py
[2026-03-11T05:23:20.179+0000] {processor.py:840} INFO - DAG(s) 'dag_snowflake_through_airflow' retrieved from /home/cloud/codings/airflow/dags/dag_snowflake_through_airflow.py
[2026-03-11T05:23:20.233+0000] {logging_mixin.py:188} INFO - [2026-03-11T05:23:20.232+0000] {dag.py:3089} INFO - Sync 1 DAGs
[2026-03-11T05:23:20.280+0000] {logging_mixin.py:188} INFO - [2026-03-11T05:23:20.279+0000] {dag.py:3947} INFO - Setting next_dagrun for dag_snowflake_through_airflow to None, run_after=None
[2026-03-11T05:23:20.333+0000] {processor.py:183} INFO - Processing /home/cloud/codings/airflow/dags/dag_snowflake_through_airflow.py took 0.200 seconds
[2026-03-11T05:23:50.816+0000] {processor.py:161} INFO - Started process (PID=534525) to work on /home/cloud/codings/airflow/dags/dag_snowflake_through_airflow.py
[2026-03-11T05:23:50.818+0000] {processor.py:830} INFO - Processing file /home/cloud/codings/airflow/dags/dag_snowflake_through_airflow.py for tasks to queue
[2026-03-11T05:23:50.822+0000] {logging_mixin.py:188} INFO - [2026-03-11T05:23:50.821+0000] {dagbag.py:545} INFO - Filling up the DagBag from /home/cloud/codings/airflow/dags/dag_snowflake_through_airflow.py
[2026-03-11T05:23:50.841+0000] {processor.py:840} INFO - DAG(s) 'dag_snowflake_through_airflow' retrieved from /home/cloud/codings/airflow/dags/dag_snowflake_through_airflow.py
[2026-03-11T05:23:50.874+0000] {logging_mixin.py:188} INFO - [2026-03-11T05:23:50.873+0000] {dag.py:3089} INFO - Sync 1 DAGs
[2026-03-11T05:23:50.895+0000] {logging_mixin.py:188} INFO - [2026-03-11T05:23:50.895+0000] {dag.py:3947} INFO - Setting next_dagrun for dag_snowflake_through_airflow to None, run_after=None
[2026-03-11T05:23:50.964+0000] {processor.py:183} INFO - Processing /home/cloud/codings/airflow/dags/dag_snowflake_through_airflow.py took 0.166 seconds
[2026-03-11T05:24:21.375+0000] {processor.py:161} INFO - Started process (PID=534585) to work on /home/cloud/codings/airflow/dags/dag_snowflake_through_airflow.py
[2026-03-11T05:24:21.394+0000] {processor.py:830} INFO - Processing file /home/cloud/codings/airflow/dags/dag_snowflake_through_airflow.py for tasks to queue
[2026-03-11T05:24:21.396+0000] {logging_mixin.py:188} INFO - [2026-03-11T05:24:21.395+0000] {dagbag.py:545} INFO - Filling up the DagBag from /home/cloud/codings/airflow/dags/dag_snowflake_through_airflow.py
[2026-03-11T05:24:21.417+0000] {processor.py:840} INFO - DAG(s) 'dag_snowflake_through_airflow' retrieved from /home/cloud/codings/airflow/dags/dag_snowflake_through_airflow.py
[2026-03-11T05:24:21.454+0000] {logging_mixin.py:188} INFO - [2026-03-11T05:24:21.454+0000] {dag.py:3089} INFO - Sync 1 DAGs
[2026-03-11T05:24:21.472+0000] {logging_mixin.py:188} INFO - [2026-03-11T05:24:21.472+0000] {dag.py:3947} INFO - Setting next_dagrun for dag_snowflake_through_airflow to None, run_after=None
[2026-03-11T05:24:21.502+0000] {processor.py:183} INFO - Processing /home/cloud/codings/airflow/dags/dag_snowflake_through_airflow.py took 0.145 seconds
[2026-03-11T05:24:51.906+0000] {processor.py:161} INFO - Started process (PID=534672) to work on /home/cloud/codings/airflow/dags/dag_snowflake_through_airflow.py
[2026-03-11T05:24:51.926+0000] {processor.py:830} INFO - Processing file /home/cloud/codings/airflow/dags/dag_snowflake_through_airflow.py for tasks to queue
[2026-03-11T05:24:51.928+0000] {logging_mixin.py:188} INFO - [2026-03-11T05:24:51.927+0000] {dagbag.py:545} INFO - Filling up the DagBag from /home/cloud/codings/airflow/dags/dag_snowflake_through_airflow.py
[2026-03-11T05:24:51.952+0000] {processor.py:840} INFO - DAG(s) 'dag_snowflake_through_airflow' retrieved from /home/cloud/codings/airflow/dags/dag_snowflake_through_airflow.py
[2026-03-11T05:24:52.003+0000] {logging_mixin.py:188} INFO - [2026-03-11T05:24:52.002+0000] {dag.py:3089} INFO - Sync 1 DAGs
[2026-03-11T05:24:52.037+0000] {logging_mixin.py:188} INFO - [2026-03-11T05:24:52.037+0000] {dag.py:3947} INFO - Setting next_dagrun for dag_snowflake_through_airflow to None, run_after=None
[2026-03-11T05:24:52.096+0000] {processor.py:183} INFO - Processing /home/cloud/codings/airflow/dags/dag_snowflake_through_airflow.py took 0.204 seconds
[2026-03-11T05:25:22.520+0000] {processor.py:161} INFO - Started process (PID=534757) to work on /home/cloud/codings/airflow/dags/dag_snowflake_through_airflow.py
[2026-03-11T05:25:22.521+0000] {processor.py:830} INFO - Processing file /home/cloud/codings/airflow/dags/dag_snowflake_through_airflow.py for tasks to queue
[2026-03-11T05:25:22.522+0000] {logging_mixin.py:188} INFO - [2026-03-11T05:25:22.522+0000] {dagbag.py:545} INFO - Filling up the DagBag from /home/cloud/codings/airflow/dags/dag_snowflake_through_airflow.py
[2026-03-11T05:25:22.533+0000] {processor.py:840} INFO - DAG(s) 'dag_snowflake_through_airflow' retrieved from /home/cloud/codings/airflow/dags/dag_snowflake_through_airflow.py
[2026-03-11T05:25:22.553+0000] {logging_mixin.py:188} INFO - [2026-03-11T05:25:22.552+0000] {dag.py:3089} INFO - Sync 1 DAGs
[2026-03-11T05:25:22.565+0000] {logging_mixin.py:188} INFO - [2026-03-11T05:25:22.565+0000] {dag.py:3947} INFO - Setting next_dagrun for dag_snowflake_through_airflow to None, run_after=None
[2026-03-11T05:25:22.591+0000] {processor.py:183} INFO - Processing /home/cloud/codings/airflow/dags/dag_snowflake_through_airflow.py took 0.078 seconds
[2026-03-11T05:25:53.017+0000] {processor.py:161} INFO - Started process (PID=534842) to work on /home/cloud/codings/airflow/dags/dag_snowflake_through_airflow.py
[2026-03-11T05:25:53.035+0000] {processor.py:830} INFO - Processing file /home/cloud/codings/airflow/dags/dag_snowflake_through_airflow.py for tasks to queue
[2026-03-11T05:25:53.037+0000] {logging_mixin.py:188} INFO - [2026-03-11T05:25:53.037+0000] {dagbag.py:545} INFO - Filling up the DagBag from /home/cloud/codings/airflow/dags/dag_snowflake_through_airflow.py
[2026-03-11T05:25:53.056+0000] {processor.py:840} INFO - DAG(s) 'dag_snowflake_through_airflow' retrieved from /home/cloud/codings/airflow/dags/dag_snowflake_through_airflow.py
[2026-03-11T05:25:53.085+0000] {logging_mixin.py:188} INFO - [2026-03-11T05:25:53.084+0000] {dag.py:3089} INFO - Sync 1 DAGs
[2026-03-11T05:25:53.097+0000] {logging_mixin.py:188} INFO - [2026-03-11T05:25:53.097+0000] {dag.py:3947} INFO - Setting next_dagrun for dag_snowflake_through_airflow to None, run_after=None
[2026-03-11T05:25:53.158+0000] {processor.py:183} INFO - Processing /home/cloud/codings/airflow/dags/dag_snowflake_through_airflow.py took 0.153 seconds
[2026-03-11T05:26:23.510+0000] {processor.py:161} INFO - Started process (PID=534863) to work on /home/cloud/codings/airflow/dags/dag_snowflake_through_airflow.py
[2026-03-11T05:26:23.511+0000] {processor.py:830} INFO - Processing file /home/cloud/codings/airflow/dags/dag_snowflake_through_airflow.py for tasks to queue
[2026-03-11T05:26:23.512+0000] {logging_mixin.py:188} INFO - [2026-03-11T05:26:23.512+0000] {dagbag.py:545} INFO - Filling up the DagBag from /home/cloud/codings/airflow/dags/dag_snowflake_through_airflow.py
[2026-03-11T05:26:23.525+0000] {processor.py:840} INFO - DAG(s) 'dag_snowflake_through_airflow' retrieved from /home/cloud/codings/airflow/dags/dag_snowflake_through_airflow.py
[2026-03-11T05:26:23.551+0000] {logging_mixin.py:188} INFO - [2026-03-11T05:26:23.550+0000] {dag.py:3089} INFO - Sync 1 DAGs
[2026-03-11T05:26:23.570+0000] {logging_mixin.py:188} INFO - [2026-03-11T05:26:23.569+0000] {dag.py:3947} INFO - Setting next_dagrun for dag_snowflake_through_airflow to None, run_after=None
[2026-03-11T05:26:23.602+0000] {processor.py:183} INFO - Processing /home/cloud/codings/airflow/dags/dag_snowflake_through_airflow.py took 0.098 seconds
[2026-03-11T05:26:54.039+0000] {processor.py:161} INFO - Started process (PID=534950) to work on /home/cloud/codings/airflow/dags/dag_snowflake_through_airflow.py
[2026-03-11T05:26:54.052+0000] {processor.py:830} INFO - Processing file /home/cloud/codings/airflow/dags/dag_snowflake_through_airflow.py for tasks to queue
[2026-03-11T05:26:54.054+0000] {logging_mixin.py:188} INFO - [2026-03-11T05:26:54.053+0000] {dagbag.py:545} INFO - Filling up the DagBag from /home/cloud/codings/airflow/dags/dag_snowflake_through_airflow.py
[2026-03-11T05:26:54.081+0000] {processor.py:840} INFO - DAG(s) 'dag_snowflake_through_airflow' retrieved from /home/cloud/codings/airflow/dags/dag_snowflake_through_airflow.py
[2026-03-11T05:26:54.141+0000] {logging_mixin.py:188} INFO - [2026-03-11T05:26:54.140+0000] {dag.py:3089} INFO - Sync 1 DAGs
[2026-03-11T05:26:54.184+0000] {logging_mixin.py:188} INFO - [2026-03-11T05:26:54.183+0000] {dag.py:3947} INFO - Setting next_dagrun for dag_snowflake_through_airflow to None, run_after=None
[2026-03-11T05:26:54.248+0000] {processor.py:183} INFO - Processing /home/cloud/codings/airflow/dags/dag_snowflake_through_airflow.py took 0.227 seconds
[2026-03-11T05:27:24.807+0000] {processor.py:161} INFO - Started process (PID=534973) to work on /home/cloud/codings/airflow/dags/dag_snowflake_through_airflow.py
[2026-03-11T05:27:24.825+0000] {processor.py:830} INFO - Processing file /home/cloud/codings/airflow/dags/dag_snowflake_through_airflow.py for tasks to queue
[2026-03-11T05:27:24.827+0000] {logging_mixin.py:188} INFO - [2026-03-11T05:27:24.826+0000] {dagbag.py:545} INFO - Filling up the DagBag from /home/cloud/codings/airflow/dags/dag_snowflake_through_airflow.py
[2026-03-11T05:27:24.847+0000] {processor.py:840} INFO - DAG(s) 'dag_snowflake_through_airflow' retrieved from /home/cloud/codings/airflow/dags/dag_snowflake_through_airflow.py
[2026-03-11T05:27:24.890+0000] {logging_mixin.py:188} INFO - [2026-03-11T05:27:24.889+0000] {dag.py:3089} INFO - Sync 1 DAGs
[2026-03-11T05:27:24.915+0000] {logging_mixin.py:188} INFO - [2026-03-11T05:27:24.915+0000] {dag.py:3947} INFO - Setting next_dagrun for dag_snowflake_through_airflow to None, run_after=None
[2026-03-11T05:27:24.960+0000] {processor.py:183} INFO - Processing /home/cloud/codings/airflow/dags/dag_snowflake_through_airflow.py took 0.167 seconds
[2026-03-11T05:27:55.366+0000] {processor.py:161} INFO - Started process (PID=535061) to work on /home/cloud/codings/airflow/dags/dag_snowflake_through_airflow.py
[2026-03-11T05:27:55.370+0000] {processor.py:830} INFO - Processing file /home/cloud/codings/airflow/dags/dag_snowflake_through_airflow.py for tasks to queue
[2026-03-11T05:27:55.372+0000] {logging_mixin.py:188} INFO - [2026-03-11T05:27:55.371+0000] {dagbag.py:545} INFO - Filling up the DagBag from /home/cloud/codings/airflow/dags/dag_snowflake_through_airflow.py
[2026-03-11T05:27:55.394+0000] {processor.py:840} INFO - DAG(s) 'dag_snowflake_through_airflow' retrieved from /home/cloud/codings/airflow/dags/dag_snowflake_through_airflow.py
[2026-03-11T05:27:55.447+0000] {logging_mixin.py:188} INFO - [2026-03-11T05:27:55.446+0000] {dag.py:3089} INFO - Sync 1 DAGs
[2026-03-11T05:27:55.503+0000] {logging_mixin.py:188} INFO - [2026-03-11T05:27:55.502+0000] {dag.py:3947} INFO - Setting next_dagrun for dag_snowflake_through_airflow to None, run_after=None
[2026-03-11T05:27:55.578+0000] {processor.py:183} INFO - Processing /home/cloud/codings/airflow/dags/dag_snowflake_through_airflow.py took 0.238 seconds
[2026-03-11T05:28:25.766+0000] {processor.py:161} INFO - Started process (PID=535086) to work on /home/cloud/codings/airflow/dags/dag_snowflake_through_airflow.py
[2026-03-11T05:28:25.785+0000] {processor.py:830} INFO - Processing file /home/cloud/codings/airflow/dags/dag_snowflake_through_airflow.py for tasks to queue
[2026-03-11T05:28:25.787+0000] {logging_mixin.py:188} INFO - [2026-03-11T05:28:25.786+0000] {dagbag.py:545} INFO - Filling up the DagBag from /home/cloud/codings/airflow/dags/dag_snowflake_through_airflow.py
[2026-03-11T05:28:25.805+0000] {processor.py:840} INFO - DAG(s) 'dag_snowflake_through_airflow' retrieved from /home/cloud/codings/airflow/dags/dag_snowflake_through_airflow.py
[2026-03-11T05:28:25.840+0000] {logging_mixin.py:188} INFO - [2026-03-11T05:28:25.840+0000] {dag.py:3089} INFO - Sync 1 DAGs
[2026-03-11T05:28:25.876+0000] {logging_mixin.py:188} INFO - [2026-03-11T05:28:25.876+0000] {dag.py:3947} INFO - Setting next_dagrun for dag_snowflake_through_airflow to None, run_after=None
[2026-03-11T05:28:25.920+0000] {processor.py:183} INFO - Processing /home/cloud/codings/airflow/dags/dag_snowflake_through_airflow.py took 0.165 seconds
[2026-03-11T05:28:56.320+0000] {processor.py:161} INFO - Started process (PID=535173) to work on /home/cloud/codings/airflow/dags/dag_snowflake_through_airflow.py
[2026-03-11T05:28:56.322+0000] {processor.py:830} INFO - Processing file /home/cloud/codings/airflow/dags/dag_snowflake_through_airflow.py for tasks to queue
[2026-03-11T05:28:56.323+0000] {logging_mixin.py:188} INFO - [2026-03-11T05:28:56.323+0000] {dagbag.py:545} INFO - Filling up the DagBag from /home/cloud/codings/airflow/dags/dag_snowflake_through_airflow.py
[2026-03-11T05:28:56.334+0000] {processor.py:840} INFO - DAG(s) 'dag_snowflake_through_airflow' retrieved from /home/cloud/codings/airflow/dags/dag_snowflake_through_airflow.py
[2026-03-11T05:28:56.354+0000] {logging_mixin.py:188} INFO - [2026-03-11T05:28:56.353+0000] {dag.py:3089} INFO - Sync 1 DAGs
[2026-03-11T05:28:56.366+0000] {logging_mixin.py:188} INFO - [2026-03-11T05:28:56.366+0000] {dag.py:3947} INFO - Setting next_dagrun for dag_snowflake_through_airflow to None, run_after=None
[2026-03-11T05:28:56.433+0000] {processor.py:183} INFO - Processing /home/cloud/codings/airflow/dags/dag_snowflake_through_airflow.py took 0.118 seconds
[2026-03-11T05:29:27.027+0000] {processor.py:161} INFO - Started process (PID=535192) to work on /home/cloud/codings/airflow/dags/dag_snowflake_through_airflow.py
[2026-03-11T05:29:27.056+0000] {processor.py:830} INFO - Processing file /home/cloud/codings/airflow/dags/dag_snowflake_through_airflow.py for tasks to queue
[2026-03-11T05:29:27.059+0000] {logging_mixin.py:188} INFO - [2026-03-11T05:29:27.058+0000] {dagbag.py:545} INFO - Filling up the DagBag from /home/cloud/codings/airflow/dags/dag_snowflake_through_airflow.py
[2026-03-11T05:29:27.082+0000] {processor.py:840} INFO - DAG(s) 'dag_snowflake_through_airflow' retrieved from /home/cloud/codings/airflow/dags/dag_snowflake_through_airflow.py
[2026-03-11T05:29:27.129+0000] {logging_mixin.py:188} INFO - [2026-03-11T05:29:27.128+0000] {dag.py:3089} INFO - Sync 1 DAGs
[2026-03-11T05:29:27.154+0000] {logging_mixin.py:188} INFO - [2026-03-11T05:29:27.154+0000] {dag.py:3947} INFO - Setting next_dagrun for dag_snowflake_through_airflow to None, run_after=None
[2026-03-11T05:29:27.233+0000] {processor.py:183} INFO - Processing /home/cloud/codings/airflow/dags/dag_snowflake_through_airflow.py took 0.222 seconds
[2026-03-11T05:29:57.795+0000] {processor.py:161} INFO - Started process (PID=535277) to work on /home/cloud/codings/airflow/dags/dag_snowflake_through_airflow.py
[2026-03-11T05:29:57.827+0000] {processor.py:830} INFO - Processing file /home/cloud/codings/airflow/dags/dag_snowflake_through_airflow.py for tasks to queue
[2026-03-11T05:29:57.830+0000] {logging_mixin.py:188} INFO - [2026-03-11T05:29:57.829+0000] {dagbag.py:545} INFO - Filling up the DagBag from /home/cloud/codings/airflow/dags/dag_snowflake_through_airflow.py
[2026-03-11T05:29:57.860+0000] {processor.py:840} INFO - DAG(s) 'dag_snowflake_through_airflow' retrieved from /home/cloud/codings/airflow/dags/dag_snowflake_through_airflow.py
[2026-03-11T05:29:57.907+0000] {logging_mixin.py:188} INFO - [2026-03-11T05:29:57.907+0000] {dag.py:3089} INFO - Sync 1 DAGs
[2026-03-11T05:29:57.935+0000] {logging_mixin.py:188} INFO - [2026-03-11T05:29:57.934+0000] {dag.py:3947} INFO - Setting next_dagrun for dag_snowflake_through_airflow to None, run_after=None
[2026-03-11T05:29:58.014+0000] {processor.py:183} INFO - Processing /home/cloud/codings/airflow/dags/dag_snowflake_through_airflow.py took 0.239 seconds
[2026-03-11T05:30:28.282+0000] {processor.py:161} INFO - Started process (PID=535362) to work on /home/cloud/codings/airflow/dags/dag_snowflake_through_airflow.py
[2026-03-11T05:30:28.287+0000] {processor.py:830} INFO - Processing file /home/cloud/codings/airflow/dags/dag_snowflake_through_airflow.py for tasks to queue
[2026-03-11T05:30:28.292+0000] {logging_mixin.py:188} INFO - [2026-03-11T05:30:28.290+0000] {dagbag.py:545} INFO - Filling up the DagBag from /home/cloud/codings/airflow/dags/dag_snowflake_through_airflow.py
[2026-03-11T05:30:28.334+0000] {processor.py:840} INFO - DAG(s) 'dag_snowflake_through_airflow' retrieved from /home/cloud/codings/airflow/dags/dag_snowflake_through_airflow.py
[2026-03-11T05:30:28.380+0000] {logging_mixin.py:188} INFO - [2026-03-11T05:30:28.379+0000] {dag.py:3089} INFO - Sync 1 DAGs
[2026-03-11T05:30:28.404+0000] {logging_mixin.py:188} INFO - [2026-03-11T05:30:28.404+0000] {dag.py:3947} INFO - Setting next_dagrun for dag_snowflake_through_airflow to None, run_after=None
[2026-03-11T05:30:28.476+0000] {processor.py:183} INFO - Processing /home/cloud/codings/airflow/dags/dag_snowflake_through_airflow.py took 0.228 seconds
[2026-03-11T05:30:58.890+0000] {processor.py:161} INFO - Started process (PID=535449) to work on /home/cloud/codings/airflow/dags/dag_snowflake_through_airflow.py
[2026-03-11T05:30:58.914+0000] {processor.py:830} INFO - Processing file /home/cloud/codings/airflow/dags/dag_snowflake_through_airflow.py for tasks to queue
[2026-03-11T05:30:58.916+0000] {logging_mixin.py:188} INFO - [2026-03-11T05:30:58.915+0000] {dagbag.py:545} INFO - Filling up the DagBag from /home/cloud/codings/airflow/dags/dag_snowflake_through_airflow.py
[2026-03-11T05:30:58.935+0000] {processor.py:840} INFO - DAG(s) 'dag_snowflake_through_airflow' retrieved from /home/cloud/codings/airflow/dags/dag_snowflake_through_airflow.py
[2026-03-11T05:30:58.975+0000] {logging_mixin.py:188} INFO - [2026-03-11T05:30:58.975+0000] {dag.py:3089} INFO - Sync 1 DAGs
[2026-03-11T05:30:58.995+0000] {logging_mixin.py:188} INFO - [2026-03-11T05:30:58.995+0000] {dag.py:3947} INFO - Setting next_dagrun for dag_snowflake_through_airflow to None, run_after=None
[2026-03-11T05:30:59.029+0000] {processor.py:183} INFO - Processing /home/cloud/codings/airflow/dags/dag_snowflake_through_airflow.py took 0.162 seconds
[2026-03-11T05:31:29.438+0000] {processor.py:161} INFO - Started process (PID=535472) to work on /home/cloud/codings/airflow/dags/dag_snowflake_through_airflow.py
[2026-03-11T05:31:29.460+0000] {processor.py:830} INFO - Processing file /home/cloud/codings/airflow/dags/dag_snowflake_through_airflow.py for tasks to queue
[2026-03-11T05:31:29.462+0000] {logging_mixin.py:188} INFO - [2026-03-11T05:31:29.461+0000] {dagbag.py:545} INFO - Filling up the DagBag from /home/cloud/codings/airflow/dags/dag_snowflake_through_airflow.py
[2026-03-11T05:31:29.478+0000] {processor.py:840} INFO - DAG(s) 'dag_snowflake_through_airflow' retrieved from /home/cloud/codings/airflow/dags/dag_snowflake_through_airflow.py
[2026-03-11T05:31:29.506+0000] {logging_mixin.py:188} INFO - [2026-03-11T05:31:29.506+0000] {dag.py:3089} INFO - Sync 1 DAGs
[2026-03-11T05:31:29.522+0000] {logging_mixin.py:188} INFO - [2026-03-11T05:31:29.521+0000] {dag.py:3947} INFO - Setting next_dagrun for dag_snowflake_through_airflow to None, run_after=None
[2026-03-11T05:31:29.548+0000] {processor.py:183} INFO - Processing /home/cloud/codings/airflow/dags/dag_snowflake_through_airflow.py took 0.120 seconds
[2026-03-11T05:32:00.187+0000] {processor.py:161} INFO - Started process (PID=535559) to work on /home/cloud/codings/airflow/dags/dag_snowflake_through_airflow.py
[2026-03-11T05:32:00.210+0000] {processor.py:830} INFO - Processing file /home/cloud/codings/airflow/dags/dag_snowflake_through_airflow.py for tasks to queue
[2026-03-11T05:32:00.212+0000] {logging_mixin.py:188} INFO - [2026-03-11T05:32:00.211+0000] {dagbag.py:545} INFO - Filling up the DagBag from /home/cloud/codings/airflow/dags/dag_snowflake_through_airflow.py
[2026-03-11T05:32:00.231+0000] {processor.py:840} INFO - DAG(s) 'dag_snowflake_through_airflow' retrieved from /home/cloud/codings/airflow/dags/dag_snowflake_through_airflow.py
[2026-03-11T05:32:00.269+0000] {logging_mixin.py:188} INFO - [2026-03-11T05:32:00.268+0000] {dag.py:3089} INFO - Sync 1 DAGs
[2026-03-11T05:32:00.294+0000] {logging_mixin.py:188} INFO - [2026-03-11T05:32:00.293+0000] {dag.py:3947} INFO - Setting next_dagrun for dag_snowflake_through_airflow to None, run_after=None
[2026-03-11T05:32:00.337+0000] {processor.py:183} INFO - Processing /home/cloud/codings/airflow/dags/dag_snowflake_through_airflow.py took 0.176 seconds
[2026-03-11T05:32:30.725+0000] {processor.py:161} INFO - Started process (PID=535578) to work on /home/cloud/codings/airflow/dags/dag_snowflake_through_airflow.py
[2026-03-11T05:32:30.748+0000] {processor.py:830} INFO - Processing file /home/cloud/codings/airflow/dags/dag_snowflake_through_airflow.py for tasks to queue
[2026-03-11T05:32:30.751+0000] {logging_mixin.py:188} INFO - [2026-03-11T05:32:30.750+0000] {dagbag.py:545} INFO - Filling up the DagBag from /home/cloud/codings/airflow/dags/dag_snowflake_through_airflow.py
[2026-03-11T05:32:30.795+0000] {processor.py:840} INFO - DAG(s) 'dag_snowflake_through_airflow' retrieved from /home/cloud/codings/airflow/dags/dag_snowflake_through_airflow.py
[2026-03-11T05:32:30.857+0000] {logging_mixin.py:188} INFO - [2026-03-11T05:32:30.856+0000] {dag.py:3089} INFO - Sync 1 DAGs
[2026-03-11T05:32:30.895+0000] {logging_mixin.py:188} INFO - [2026-03-11T05:32:30.894+0000] {dag.py:3947} INFO - Setting next_dagrun for dag_snowflake_through_airflow to None, run_after=None
[2026-03-11T05:32:30.980+0000] {processor.py:183} INFO - Processing /home/cloud/codings/airflow/dags/dag_snowflake_through_airflow.py took 0.274 seconds
[2026-03-11T05:33:01.429+0000] {processor.py:161} INFO - Started process (PID=535668) to work on /home/cloud/codings/airflow/dags/dag_snowflake_through_airflow.py
[2026-03-11T05:33:01.453+0000] {processor.py:830} INFO - Processing file /home/cloud/codings/airflow/dags/dag_snowflake_through_airflow.py for tasks to queue
[2026-03-11T05:33:01.456+0000] {logging_mixin.py:188} INFO - [2026-03-11T05:33:01.455+0000] {dagbag.py:545} INFO - Filling up the DagBag from /home/cloud/codings/airflow/dags/dag_snowflake_through_airflow.py
[2026-03-11T05:33:01.483+0000] {processor.py:840} INFO - DAG(s) 'dag_snowflake_through_airflow' retrieved from /home/cloud/codings/airflow/dags/dag_snowflake_through_airflow.py
[2026-03-11T05:33:01.537+0000] {logging_mixin.py:188} INFO - [2026-03-11T05:33:01.537+0000] {dag.py:3089} INFO - Sync 1 DAGs
[2026-03-11T05:33:01.573+0000] {logging_mixin.py:188} INFO - [2026-03-11T05:33:01.572+0000] {dag.py:3947} INFO - Setting next_dagrun for dag_snowflake_through_airflow to None, run_after=None
[2026-03-11T05:33:01.634+0000] {processor.py:183} INFO - Processing /home/cloud/codings/airflow/dags/dag_snowflake_through_airflow.py took 0.235 seconds
[2026-03-11T05:33:32.065+0000] {processor.py:161} INFO - Started process (PID=535691) to work on /home/cloud/codings/airflow/dags/dag_snowflake_through_airflow.py
[2026-03-11T05:33:32.084+0000] {processor.py:830} INFO - Processing file /home/cloud/codings/airflow/dags/dag_snowflake_through_airflow.py for tasks to queue
[2026-03-11T05:33:32.085+0000] {logging_mixin.py:188} INFO - [2026-03-11T05:33:32.085+0000] {dagbag.py:545} INFO - Filling up the DagBag from /home/cloud/codings/airflow/dags/dag_snowflake_through_airflow.py
[2026-03-11T05:33:32.104+0000] {processor.py:840} INFO - DAG(s) 'dag_snowflake_through_airflow' retrieved from /home/cloud/codings/airflow/dags/dag_snowflake_through_airflow.py
[2026-03-11T05:33:32.133+0000] {logging_mixin.py:188} INFO - [2026-03-11T05:33:32.133+0000] {dag.py:3089} INFO - Sync 1 DAGs
[2026-03-11T05:33:32.151+0000] {logging_mixin.py:188} INFO - [2026-03-11T05:33:32.151+0000] {dag.py:3947} INFO - Setting next_dagrun for dag_snowflake_through_airflow to None, run_after=None
[2026-03-11T05:33:32.201+0000] {processor.py:183} INFO - Processing /home/cloud/codings/airflow/dags/dag_snowflake_through_airflow.py took 0.149 seconds
[2026-03-11T05:34:02.701+0000] {processor.py:161} INFO - Started process (PID=535781) to work on /home/cloud/codings/airflow/dags/dag_snowflake_through_airflow.py
[2026-03-11T05:34:02.718+0000] {processor.py:830} INFO - Processing file /home/cloud/codings/airflow/dags/dag_snowflake_through_airflow.py for tasks to queue
[2026-03-11T05:34:02.720+0000] {logging_mixin.py:188} INFO - [2026-03-11T05:34:02.719+0000] {dagbag.py:545} INFO - Filling up the DagBag from /home/cloud/codings/airflow/dags/dag_snowflake_through_airflow.py
[2026-03-11T05:34:02.733+0000] {processor.py:840} INFO - DAG(s) 'dag_snowflake_through_airflow' retrieved from /home/cloud/codings/airflow/dags/dag_snowflake_through_airflow.py
[2026-03-11T05:34:02.755+0000] {logging_mixin.py:188} INFO - [2026-03-11T05:34:02.755+0000] {dag.py:3089} INFO - Sync 1 DAGs
[2026-03-11T05:34:02.768+0000] {logging_mixin.py:188} INFO - [2026-03-11T05:34:02.768+0000] {dag.py:3947} INFO - Setting next_dagrun for dag_snowflake_through_airflow to None, run_after=None
[2026-03-11T05:34:02.792+0000] {processor.py:183} INFO - Processing /home/cloud/codings/airflow/dags/dag_snowflake_through_airflow.py took 0.102 seconds
[2026-03-11T05:34:33.401+0000] {processor.py:161} INFO - Started process (PID=535806) to work on /home/cloud/codings/airflow/dags/dag_snowflake_through_airflow.py
[2026-03-11T05:34:33.403+0000] {processor.py:830} INFO - Processing file /home/cloud/codings/airflow/dags/dag_snowflake_through_airflow.py for tasks to queue
[2026-03-11T05:34:33.406+0000] {logging_mixin.py:188} INFO - [2026-03-11T05:34:33.405+0000] {dagbag.py:545} INFO - Filling up the DagBag from /home/cloud/codings/airflow/dags/dag_snowflake_through_airflow.py
[2026-03-11T05:34:33.426+0000] {processor.py:840} INFO - DAG(s) 'dag_snowflake_through_airflow' retrieved from /home/cloud/codings/airflow/dags/dag_snowflake_through_airflow.py
[2026-03-11T05:34:33.462+0000] {logging_mixin.py:188} INFO - [2026-03-11T05:34:33.462+0000] {dag.py:3089} INFO - Sync 1 DAGs
[2026-03-11T05:34:33.477+0000] {logging_mixin.py:188} INFO - [2026-03-11T05:34:33.476+0000] {dag.py:3947} INFO - Setting next_dagrun for dag_snowflake_through_airflow to None, run_after=None
[2026-03-11T05:34:33.503+0000] {processor.py:183} INFO - Processing /home/cloud/codings/airflow/dags/dag_snowflake_through_airflow.py took 0.117 seconds
[2026-03-11T05:35:03.773+0000] {processor.py:161} INFO - Started process (PID=535974) to work on /home/cloud/codings/airflow/dags/dag_snowflake_through_airflow.py
[2026-03-11T05:35:03.775+0000] {processor.py:830} INFO - Processing file /home/cloud/codings/airflow/dags/dag_snowflake_through_airflow.py for tasks to queue
[2026-03-11T05:35:03.777+0000] {logging_mixin.py:188} INFO - [2026-03-11T05:35:03.776+0000] {dagbag.py:545} INFO - Filling up the DagBag from /home/cloud/codings/airflow/dags/dag_snowflake_through_airflow.py
[2026-03-11T05:35:03.790+0000] {processor.py:840} INFO - DAG(s) 'dag_snowflake_through_airflow' retrieved from /home/cloud/codings/airflow/dags/dag_snowflake_through_airflow.py
[2026-03-11T05:35:03.813+0000] {logging_mixin.py:188} INFO - [2026-03-11T05:35:03.813+0000] {dag.py:3089} INFO - Sync 1 DAGs
[2026-03-11T05:35:03.827+0000] {logging_mixin.py:188} INFO - [2026-03-11T05:35:03.827+0000] {dag.py:3947} INFO - Setting next_dagrun for dag_snowflake_through_airflow to None, run_after=None
[2026-03-11T05:35:03.854+0000] {processor.py:183} INFO - Processing /home/cloud/codings/airflow/dags/dag_snowflake_through_airflow.py took 0.091 seconds
[2026-03-11T05:35:35.374+0000] {processor.py:161} INFO - Started process (PID=536034) to work on /home/cloud/codings/airflow/dags/dag_snowflake_through_airflow.py
[2026-03-11T05:35:35.376+0000] {processor.py:830} INFO - Processing file /home/cloud/codings/airflow/dags/dag_snowflake_through_airflow.py for tasks to queue
[2026-03-11T05:35:35.377+0000] {logging_mixin.py:188} INFO - [2026-03-11T05:35:35.376+0000] {dagbag.py:545} INFO - Filling up the DagBag from /home/cloud/codings/airflow/dags/dag_snowflake_through_airflow.py
[2026-03-11T05:35:35.392+0000] {processor.py:840} INFO - DAG(s) 'dag_snowflake_through_airflow' retrieved from /home/cloud/codings/airflow/dags/dag_snowflake_through_airflow.py
[2026-03-11T05:35:35.420+0000] {logging_mixin.py:188} INFO - [2026-03-11T05:35:35.419+0000] {dag.py:3089} INFO - Sync 1 DAGs
[2026-03-11T05:35:35.433+0000] {logging_mixin.py:188} INFO - [2026-03-11T05:35:35.433+0000] {dag.py:3947} INFO - Setting next_dagrun for dag_snowflake_through_airflow to None, run_after=None
[2026-03-11T05:35:35.457+0000] {processor.py:183} INFO - Processing /home/cloud/codings/airflow/dags/dag_snowflake_through_airflow.py took 0.094 seconds
[2026-03-11T05:36:05.940+0000] {processor.py:161} INFO - Started process (PID=536119) to work on /home/cloud/codings/airflow/dags/dag_snowflake_through_airflow.py
[2026-03-11T05:36:05.967+0000] {processor.py:830} INFO - Processing file /home/cloud/codings/airflow/dags/dag_snowflake_through_airflow.py for tasks to queue
[2026-03-11T05:36:05.969+0000] {logging_mixin.py:188} INFO - [2026-03-11T05:36:05.968+0000] {dagbag.py:545} INFO - Filling up the DagBag from /home/cloud/codings/airflow/dags/dag_snowflake_through_airflow.py
[2026-03-11T05:36:05.999+0000] {processor.py:840} INFO - DAG(s) 'dag_snowflake_through_airflow' retrieved from /home/cloud/codings/airflow/dags/dag_snowflake_through_airflow.py
[2026-03-11T05:36:06.054+0000] {logging_mixin.py:188} INFO - [2026-03-11T05:36:06.053+0000] {dag.py:3089} INFO - Sync 1 DAGs
[2026-03-11T05:36:06.073+0000] {logging_mixin.py:188} INFO - [2026-03-11T05:36:06.073+0000] {dag.py:3947} INFO - Setting next_dagrun for dag_snowflake_through_airflow to None, run_after=None
[2026-03-11T05:36:06.141+0000] {processor.py:183} INFO - Processing /home/cloud/codings/airflow/dags/dag_snowflake_through_airflow.py took 0.217 seconds
[2026-03-11T05:36:36.657+0000] {processor.py:161} INFO - Started process (PID=536148) to work on /home/cloud/codings/airflow/dags/dag_snowflake_through_airflow.py
[2026-03-11T05:36:36.682+0000] {processor.py:830} INFO - Processing file /home/cloud/codings/airflow/dags/dag_snowflake_through_airflow.py for tasks to queue
[2026-03-11T05:36:36.687+0000] {logging_mixin.py:188} INFO - [2026-03-11T05:36:36.685+0000] {dagbag.py:545} INFO - Filling up the DagBag from /home/cloud/codings/airflow/dags/dag_snowflake_through_airflow.py
[2026-03-11T05:36:36.738+0000] {processor.py:840} INFO - DAG(s) 'dag_snowflake_through_airflow' retrieved from /home/cloud/codings/airflow/dags/dag_snowflake_through_airflow.py
[2026-03-11T05:36:36.810+0000] {logging_mixin.py:188} INFO - [2026-03-11T05:36:36.810+0000] {dag.py:3089} INFO - Sync 1 DAGs
[2026-03-11T05:36:36.831+0000] {logging_mixin.py:188} INFO - [2026-03-11T05:36:36.831+0000] {dag.py:3947} INFO - Setting next_dagrun for dag_snowflake_through_airflow to None, run_after=None
[2026-03-11T05:36:36.888+0000] {processor.py:183} INFO - Processing /home/cloud/codings/airflow/dags/dag_snowflake_through_airflow.py took 0.242 seconds
[2026-03-11T05:37:07.225+0000] {processor.py:161} INFO - Started process (PID=536233) to work on /home/cloud/codings/airflow/dags/dag_snowflake_through_airflow.py
[2026-03-11T05:37:07.244+0000] {processor.py:830} INFO - Processing file /home/cloud/codings/airflow/dags/dag_snowflake_through_airflow.py for tasks to queue
[2026-03-11T05:37:07.245+0000] {logging_mixin.py:188} INFO - [2026-03-11T05:37:07.244+0000] {dagbag.py:545} INFO - Filling up the DagBag from /home/cloud/codings/airflow/dags/dag_snowflake_through_airflow.py
[2026-03-11T05:37:07.257+0000] {processor.py:840} INFO - DAG(s) 'dag_snowflake_through_airflow' retrieved from /home/cloud/codings/airflow/dags/dag_snowflake_through_airflow.py
[2026-03-11T05:37:07.279+0000] {logging_mixin.py:188} INFO - [2026-03-11T05:37:07.279+0000] {dag.py:3089} INFO - Sync 1 DAGs
[2026-03-11T05:37:07.292+0000] {logging_mixin.py:188} INFO - [2026-03-11T05:37:07.292+0000] {dag.py:3947} INFO - Setting next_dagrun for dag_snowflake_through_airflow to None, run_after=None
[2026-03-11T05:37:07.336+0000] {processor.py:183} INFO - Processing /home/cloud/codings/airflow/dags/dag_snowflake_through_airflow.py took 0.124 seconds
[2026-03-11T05:37:37.932+0000] {processor.py:161} INFO - Started process (PID=536258) to work on /home/cloud/codings/airflow/dags/dag_snowflake_through_airflow.py
[2026-03-11T05:37:37.955+0000] {processor.py:830} INFO - Processing file /home/cloud/codings/airflow/dags/dag_snowflake_through_airflow.py for tasks to queue
[2026-03-11T05:37:37.961+0000] {logging_mixin.py:188} INFO - [2026-03-11T05:37:37.959+0000] {dagbag.py:545} INFO - Filling up the DagBag from /home/cloud/codings/airflow/dags/dag_snowflake_through_airflow.py
[2026-03-11T05:37:38.001+0000] {processor.py:840} INFO - DAG(s) 'dag_snowflake_through_airflow' retrieved from /home/cloud/codings/airflow/dags/dag_snowflake_through_airflow.py
[2026-03-11T05:37:38.053+0000] {logging_mixin.py:188} INFO - [2026-03-11T05:37:38.053+0000] {dag.py:3089} INFO - Sync 1 DAGs
[2026-03-11T05:37:38.087+0000] {logging_mixin.py:188} INFO - [2026-03-11T05:37:38.086+0000] {dag.py:3947} INFO - Setting next_dagrun for dag_snowflake_through_airflow to None, run_after=None
[2026-03-11T05:37:38.153+0000] {processor.py:183} INFO - Processing /home/cloud/codings/airflow/dags/dag_snowflake_through_airflow.py took 0.233 seconds
[2026-03-11T05:38:08.709+0000] {processor.py:161} INFO - Started process (PID=536338) to work on /home/cloud/codings/airflow/dags/dag_snowflake_through_airflow.py
[2026-03-11T05:38:08.733+0000] {processor.py:830} INFO - Processing file /home/cloud/codings/airflow/dags/dag_snowflake_through_airflow.py for tasks to queue
[2026-03-11T05:38:08.734+0000] {logging_mixin.py:188} INFO - [2026-03-11T05:38:08.733+0000] {dagbag.py:545} INFO - Filling up the DagBag from /home/cloud/codings/airflow/dags/dag_snowflake_through_airflow.py
[2026-03-11T05:38:08.755+0000] {processor.py:840} INFO - DAG(s) 'dag_snowflake_through_airflow' retrieved from /home/cloud/codings/airflow/dags/dag_snowflake_through_airflow.py
[2026-03-11T05:38:08.788+0000] {logging_mixin.py:188} INFO - [2026-03-11T05:38:08.787+0000] {dag.py:3089} INFO - Sync 1 DAGs
[2026-03-11T05:38:08.802+0000] {logging_mixin.py:188} INFO - [2026-03-11T05:38:08.802+0000] {dag.py:3947} INFO - Setting next_dagrun for dag_snowflake_through_airflow to None, run_after=None
[2026-03-11T05:38:08.829+0000] {processor.py:183} INFO - Processing /home/cloud/codings/airflow/dags/dag_snowflake_through_airflow.py took 0.135 seconds
[2026-03-11T05:38:39.406+0000] {processor.py:161} INFO - Started process (PID=536367) to work on /home/cloud/codings/airflow/dags/dag_snowflake_through_airflow.py
[2026-03-11T05:38:39.430+0000] {processor.py:830} INFO - Processing file /home/cloud/codings/airflow/dags/dag_snowflake_through_airflow.py for tasks to queue
[2026-03-11T05:38:39.434+0000] {logging_mixin.py:188} INFO - [2026-03-11T05:38:39.432+0000] {dagbag.py:545} INFO - Filling up the DagBag from /home/cloud/codings/airflow/dags/dag_snowflake_through_airflow.py
[2026-03-11T05:38:39.462+0000] {processor.py:840} INFO - DAG(s) 'dag_snowflake_through_airflow' retrieved from /home/cloud/codings/airflow/dags/dag_snowflake_through_airflow.py
[2026-03-11T05:38:39.498+0000] {logging_mixin.py:188} INFO - [2026-03-11T05:38:39.498+0000] {dag.py:3089} INFO - Sync 1 DAGs
[2026-03-11T05:38:39.514+0000] {logging_mixin.py:188} INFO - [2026-03-11T05:38:39.513+0000] {dag.py:3947} INFO - Setting next_dagrun for dag_snowflake_through_airflow to None, run_after=None
[2026-03-11T05:38:39.541+0000] {processor.py:183} INFO - Processing /home/cloud/codings/airflow/dags/dag_snowflake_through_airflow.py took 0.177 seconds
[2026-03-11T05:39:10.175+0000] {processor.py:161} INFO - Started process (PID=536452) to work on /home/cloud/codings/airflow/dags/dag_snowflake_through_airflow.py
[2026-03-11T05:39:10.178+0000] {processor.py:830} INFO - Processing file /home/cloud/codings/airflow/dags/dag_snowflake_through_airflow.py for tasks to queue
[2026-03-11T05:39:10.180+0000] {logging_mixin.py:188} INFO - [2026-03-11T05:39:10.179+0000] {dagbag.py:545} INFO - Filling up the DagBag from /home/cloud/codings/airflow/dags/dag_snowflake_through_airflow.py
[2026-03-11T05:39:10.205+0000] {processor.py:840} INFO - DAG(s) 'dag_snowflake_through_airflow' retrieved from /home/cloud/codings/airflow/dags/dag_snowflake_through_airflow.py
[2026-03-11T05:39:10.244+0000] {logging_mixin.py:188} INFO - [2026-03-11T05:39:10.244+0000] {dag.py:3089} INFO - Sync 1 DAGs
[2026-03-11T05:39:10.267+0000] {logging_mixin.py:188} INFO - [2026-03-11T05:39:10.267+0000] {dag.py:3947} INFO - Setting next_dagrun for dag_snowflake_through_airflow to None, run_after=None
[2026-03-11T05:39:10.334+0000] {processor.py:183} INFO - Processing /home/cloud/codings/airflow/dags/dag_snowflake_through_airflow.py took 0.176 seconds
[2026-03-11T05:39:40.859+0000] {processor.py:161} INFO - Started process (PID=536475) to work on /home/cloud/codings/airflow/dags/dag_snowflake_through_airflow.py
[2026-03-11T05:39:40.863+0000] {processor.py:830} INFO - Processing file /home/cloud/codings/airflow/dags/dag_snowflake_through_airflow.py for tasks to queue
[2026-03-11T05:39:40.867+0000] {logging_mixin.py:188} INFO - [2026-03-11T05:39:40.865+0000] {dagbag.py:545} INFO - Filling up the DagBag from /home/cloud/codings/airflow/dags/dag_snowflake_through_airflow.py
[2026-03-11T05:39:40.892+0000] {processor.py:840} INFO - DAG(s) 'dag_snowflake_through_airflow' retrieved from /home/cloud/codings/airflow/dags/dag_snowflake_through_airflow.py
[2026-03-11T05:39:40.933+0000] {logging_mixin.py:188} INFO - [2026-03-11T05:39:40.932+0000] {dag.py:3089} INFO - Sync 1 DAGs
[2026-03-11T05:39:40.948+0000] {logging_mixin.py:188} INFO - [2026-03-11T05:39:40.948+0000] {dag.py:3947} INFO - Setting next_dagrun for dag_snowflake_through_airflow to None, run_after=None
[2026-03-11T05:39:40.982+0000] {processor.py:183} INFO - Processing /home/cloud/codings/airflow/dags/dag_snowflake_through_airflow.py took 0.154 seconds
[2026-03-11T05:40:11.359+0000] {processor.py:161} INFO - Started process (PID=536622) to work on /home/cloud/codings/airflow/dags/dag_snowflake_through_airflow.py
[2026-03-11T05:40:11.388+0000] {processor.py:830} INFO - Processing file /home/cloud/codings/airflow/dags/dag_snowflake_through_airflow.py for tasks to queue
[2026-03-11T05:40:11.390+0000] {logging_mixin.py:188} INFO - [2026-03-11T05:40:11.389+0000] {dagbag.py:545} INFO - Filling up the DagBag from /home/cloud/codings/airflow/dags/dag_snowflake_through_airflow.py
[2026-03-11T05:40:11.410+0000] {processor.py:840} INFO - DAG(s) 'dag_snowflake_through_airflow' retrieved from /home/cloud/codings/airflow/dags/dag_snowflake_through_airflow.py
[2026-03-11T05:40:11.458+0000] {logging_mixin.py:188} INFO - [2026-03-11T05:40:11.458+0000] {dag.py:3089} INFO - Sync 1 DAGs
[2026-03-11T05:40:11.477+0000] {logging_mixin.py:188} INFO - [2026-03-11T05:40:11.476+0000] {dag.py:3947} INFO - Setting next_dagrun for dag_snowflake_through_airflow to None, run_after=None
[2026-03-11T05:40:11.508+0000] {processor.py:183} INFO - Processing /home/cloud/codings/airflow/dags/dag_snowflake_through_airflow.py took 0.156 seconds
[2026-03-11T05:40:41.904+0000] {processor.py:161} INFO - Started process (PID=536649) to work on /home/cloud/codings/airflow/dags/dag_snowflake_through_airflow.py
[2026-03-11T05:40:41.907+0000] {processor.py:830} INFO - Processing file /home/cloud/codings/airflow/dags/dag_snowflake_through_airflow.py for tasks to queue
[2026-03-11T05:40:41.909+0000] {logging_mixin.py:188} INFO - [2026-03-11T05:40:41.908+0000] {dagbag.py:545} INFO - Filling up the DagBag from /home/cloud/codings/airflow/dags/dag_snowflake_through_airflow.py
[2026-03-11T05:40:41.935+0000] {processor.py:840} INFO - DAG(s) 'dag_snowflake_through_airflow' retrieved from /home/cloud/codings/airflow/dags/dag_snowflake_through_airflow.py
[2026-03-11T05:40:41.977+0000] {logging_mixin.py:188} INFO - [2026-03-11T05:40:41.976+0000] {dag.py:3089} INFO - Sync 1 DAGs
[2026-03-11T05:40:41.998+0000] {logging_mixin.py:188} INFO - [2026-03-11T05:40:41.997+0000] {dag.py:3947} INFO - Setting next_dagrun for dag_snowflake_through_airflow to None, run_after=None
[2026-03-11T05:40:42.064+0000] {processor.py:183} INFO - Processing /home/cloud/codings/airflow/dags/dag_snowflake_through_airflow.py took 0.177 seconds
[2026-03-11T05:41:12.308+0000] {processor.py:161} INFO - Started process (PID=536730) to work on /home/cloud/codings/airflow/dags/dag_snowflake_through_airflow.py
[2026-03-11T05:41:12.331+0000] {processor.py:830} INFO - Processing file /home/cloud/codings/airflow/dags/dag_snowflake_through_airflow.py for tasks to queue
[2026-03-11T05:41:12.333+0000] {logging_mixin.py:188} INFO - [2026-03-11T05:41:12.332+0000] {dagbag.py:545} INFO - Filling up the DagBag from /home/cloud/codings/airflow/dags/dag_snowflake_through_airflow.py
[2026-03-11T05:41:12.363+0000] {processor.py:840} INFO - DAG(s) 'dag_snowflake_through_airflow' retrieved from /home/cloud/codings/airflow/dags/dag_snowflake_through_airflow.py
[2026-03-11T05:41:12.408+0000] {logging_mixin.py:188} INFO - [2026-03-11T05:41:12.407+0000] {dag.py:3089} INFO - Sync 1 DAGs
[2026-03-11T05:41:12.435+0000] {logging_mixin.py:188} INFO - [2026-03-11T05:41:12.434+0000] {dag.py:3947} INFO - Setting next_dagrun for dag_snowflake_through_airflow to None, run_after=None
[2026-03-11T05:41:12.526+0000] {processor.py:183} INFO - Processing /home/cloud/codings/airflow/dags/dag_snowflake_through_airflow.py took 0.224 seconds
[2026-03-11T05:41:43.011+0000] {processor.py:161} INFO - Started process (PID=536755) to work on /home/cloud/codings/airflow/dags/dag_snowflake_through_airflow.py
[2026-03-11T05:41:43.031+0000] {processor.py:830} INFO - Processing file /home/cloud/codings/airflow/dags/dag_snowflake_through_airflow.py for tasks to queue
[2026-03-11T05:41:43.036+0000] {logging_mixin.py:188} INFO - [2026-03-11T05:41:43.033+0000] {dagbag.py:545} INFO - Filling up the DagBag from /home/cloud/codings/airflow/dags/dag_snowflake_through_airflow.py
[2026-03-11T05:41:43.075+0000] {processor.py:840} INFO - DAG(s) 'dag_snowflake_through_airflow' retrieved from /home/cloud/codings/airflow/dags/dag_snowflake_through_airflow.py
[2026-03-11T05:41:43.115+0000] {logging_mixin.py:188} INFO - [2026-03-11T05:41:43.114+0000] {dag.py:3089} INFO - Sync 1 DAGs
[2026-03-11T05:41:43.135+0000] {logging_mixin.py:188} INFO - [2026-03-11T05:41:43.135+0000] {dag.py:3947} INFO - Setting next_dagrun for dag_snowflake_through_airflow to None, run_after=None
[2026-03-11T05:41:43.188+0000] {processor.py:183} INFO - Processing /home/cloud/codings/airflow/dags/dag_snowflake_through_airflow.py took 0.204 seconds
[2026-03-11T05:42:13.487+0000] {processor.py:161} INFO - Started process (PID=536840) to work on /home/cloud/codings/airflow/dags/dag_snowflake_through_airflow.py
[2026-03-11T05:42:13.506+0000] {processor.py:830} INFO - Processing file /home/cloud/codings/airflow/dags/dag_snowflake_through_airflow.py for tasks to queue
[2026-03-11T05:42:13.510+0000] {logging_mixin.py:188} INFO - [2026-03-11T05:42:13.508+0000] {dagbag.py:545} INFO - Filling up the DagBag from /home/cloud/codings/airflow/dags/dag_snowflake_through_airflow.py
[2026-03-11T05:42:13.552+0000] {processor.py:840} INFO - DAG(s) 'dag_snowflake_through_airflow' retrieved from /home/cloud/codings/airflow/dags/dag_snowflake_through_airflow.py
[2026-03-11T05:42:13.601+0000] {logging_mixin.py:188} INFO - [2026-03-11T05:42:13.600+0000] {dag.py:3089} INFO - Sync 1 DAGs
[2026-03-11T05:42:13.619+0000] {logging_mixin.py:188} INFO - [2026-03-11T05:42:13.619+0000] {dag.py:3947} INFO - Setting next_dagrun for dag_snowflake_through_airflow to None, run_after=None
[2026-03-11T05:42:13.662+0000] {processor.py:183} INFO - Processing /home/cloud/codings/airflow/dags/dag_snowflake_through_airflow.py took 0.187 seconds
[2026-03-11T05:42:43.961+0000] {processor.py:161} INFO - Started process (PID=536869) to work on /home/cloud/codings/airflow/dags/dag_snowflake_through_airflow.py
[2026-03-11T05:42:43.964+0000] {processor.py:830} INFO - Processing file /home/cloud/codings/airflow/dags/dag_snowflake_through_airflow.py for tasks to queue
[2026-03-11T05:42:43.966+0000] {logging_mixin.py:188} INFO - [2026-03-11T05:42:43.965+0000] {dagbag.py:545} INFO - Filling up the DagBag from /home/cloud/codings/airflow/dags/dag_snowflake_through_airflow.py
[2026-03-11T05:42:43.983+0000] {processor.py:840} INFO - DAG(s) 'dag_snowflake_through_airflow' retrieved from /home/cloud/codings/airflow/dags/dag_snowflake_through_airflow.py
[2026-03-11T05:42:44.006+0000] {logging_mixin.py:188} INFO - [2026-03-11T05:42:44.006+0000] {dag.py:3089} INFO - Sync 1 DAGs
[2026-03-11T05:42:44.018+0000] {logging_mixin.py:188} INFO - [2026-03-11T05:42:44.018+0000] {dag.py:3947} INFO - Setting next_dagrun for dag_snowflake_through_airflow to None, run_after=None
[2026-03-11T05:42:44.044+0000] {processor.py:183} INFO - Processing /home/cloud/codings/airflow/dags/dag_snowflake_through_airflow.py took 0.095 seconds
[2026-03-11T05:43:14.886+0000] {processor.py:161} INFO - Started process (PID=536952) to work on /home/cloud/codings/airflow/dags/dag_snowflake_through_airflow.py
[2026-03-11T05:43:14.905+0000] {processor.py:830} INFO - Processing file /home/cloud/codings/airflow/dags/dag_snowflake_through_airflow.py for tasks to queue
[2026-03-11T05:43:14.906+0000] {logging_mixin.py:188} INFO - [2026-03-11T05:43:14.905+0000] {dagbag.py:545} INFO - Filling up the DagBag from /home/cloud/codings/airflow/dags/dag_snowflake_through_airflow.py
[2026-03-11T05:43:14.918+0000] {processor.py:840} INFO - DAG(s) 'dag_snowflake_through_airflow' retrieved from /home/cloud/codings/airflow/dags/dag_snowflake_through_airflow.py
[2026-03-11T05:43:14.937+0000] {logging_mixin.py:188} INFO - [2026-03-11T05:43:14.936+0000] {dag.py:3089} INFO - Sync 1 DAGs
[2026-03-11T05:43:14.949+0000] {logging_mixin.py:188} INFO - [2026-03-11T05:43:14.949+0000] {dag.py:3947} INFO - Setting next_dagrun for dag_snowflake_through_airflow to None, run_after=None
[2026-03-11T05:43:14.975+0000] {processor.py:183} INFO - Processing /home/cloud/codings/airflow/dags/dag_snowflake_through_airflow.py took 0.103 seconds
[2026-03-11T05:43:45.499+0000] {processor.py:161} INFO - Started process (PID=536979) to work on /home/cloud/codings/airflow/dags/dag_snowflake_through_airflow.py
[2026-03-11T05:43:45.518+0000] {processor.py:830} INFO - Processing file /home/cloud/codings/airflow/dags/dag_snowflake_through_airflow.py for tasks to queue
[2026-03-11T05:43:45.520+0000] {logging_mixin.py:188} INFO - [2026-03-11T05:43:45.519+0000] {dagbag.py:545} INFO - Filling up the DagBag from /home/cloud/codings/airflow/dags/dag_snowflake_through_airflow.py
[2026-03-11T05:43:45.538+0000] {processor.py:840} INFO - DAG(s) 'dag_snowflake_through_airflow' retrieved from /home/cloud/codings/airflow/dags/dag_snowflake_through_airflow.py
[2026-03-11T05:43:45.563+0000] {logging_mixin.py:188} INFO - [2026-03-11T05:43:45.563+0000] {dag.py:3089} INFO - Sync 1 DAGs
[2026-03-11T05:43:45.575+0000] {logging_mixin.py:188} INFO - [2026-03-11T05:43:45.575+0000] {dag.py:3947} INFO - Setting next_dagrun for dag_snowflake_through_airflow to None, run_after=None
[2026-03-11T05:43:45.598+0000] {processor.py:183} INFO - Processing /home/cloud/codings/airflow/dags/dag_snowflake_through_airflow.py took 0.113 seconds
[2026-03-11T05:44:16.200+0000] {processor.py:161} INFO - Started process (PID=537062) to work on /home/cloud/codings/airflow/dags/dag_snowflake_through_airflow.py
[2026-03-11T05:44:16.202+0000] {processor.py:830} INFO - Processing file /home/cloud/codings/airflow/dags/dag_snowflake_through_airflow.py for tasks to queue
[2026-03-11T05:44:16.204+0000] {logging_mixin.py:188} INFO - [2026-03-11T05:44:16.203+0000] {dagbag.py:545} INFO - Filling up the DagBag from /home/cloud/codings/airflow/dags/dag_snowflake_through_airflow.py
[2026-03-11T05:44:16.225+0000] {processor.py:840} INFO - DAG(s) 'dag_snowflake_through_airflow' retrieved from /home/cloud/codings/airflow/dags/dag_snowflake_through_airflow.py
[2026-03-11T05:44:16.269+0000] {logging_mixin.py:188} INFO - [2026-03-11T05:44:16.269+0000] {dag.py:3089} INFO - Sync 1 DAGs
[2026-03-11T05:44:16.296+0000] {logging_mixin.py:188} INFO - [2026-03-11T05:44:16.296+0000] {dag.py:3947} INFO - Setting next_dagrun for dag_snowflake_through_airflow to None, run_after=None
[2026-03-11T05:44:16.343+0000] {processor.py:183} INFO - Processing /home/cloud/codings/airflow/dags/dag_snowflake_through_airflow.py took 0.164 seconds
[2026-03-11T05:44:47.027+0000] {processor.py:161} INFO - Started process (PID=537085) to work on /home/cloud/codings/airflow/dags/dag_snowflake_through_airflow.py
[2026-03-11T05:44:47.046+0000] {processor.py:830} INFO - Processing file /home/cloud/codings/airflow/dags/dag_snowflake_through_airflow.py for tasks to queue
[2026-03-11T05:44:47.048+0000] {logging_mixin.py:188} INFO - [2026-03-11T05:44:47.047+0000] {dagbag.py:545} INFO - Filling up the DagBag from /home/cloud/codings/airflow/dags/dag_snowflake_through_airflow.py
[2026-03-11T05:44:47.061+0000] {processor.py:840} INFO - DAG(s) 'dag_snowflake_through_airflow' retrieved from /home/cloud/codings/airflow/dags/dag_snowflake_through_airflow.py
[2026-03-11T05:44:47.082+0000] {logging_mixin.py:188} INFO - [2026-03-11T05:44:47.082+0000] {dag.py:3089} INFO - Sync 1 DAGs
[2026-03-11T05:44:47.095+0000] {logging_mixin.py:188} INFO - [2026-03-11T05:44:47.095+0000] {dag.py:3947} INFO - Setting next_dagrun for dag_snowflake_through_airflow to None, run_after=None
[2026-03-11T05:44:47.124+0000] {processor.py:183} INFO - Processing /home/cloud/codings/airflow/dags/dag_snowflake_through_airflow.py took 0.106 seconds
[2026-03-11T05:45:17.758+0000] {processor.py:161} INFO - Started process (PID=537228) to work on /home/cloud/codings/airflow/dags/dag_snowflake_through_airflow.py
[2026-03-11T05:45:17.779+0000] {processor.py:830} INFO - Processing file /home/cloud/codings/airflow/dags/dag_snowflake_through_airflow.py for tasks to queue
[2026-03-11T05:45:17.785+0000] {logging_mixin.py:188} INFO - [2026-03-11T05:45:17.782+0000] {dagbag.py:545} INFO - Filling up the DagBag from /home/cloud/codings/airflow/dags/dag_snowflake_through_airflow.py
[2026-03-11T05:45:17.822+0000] {processor.py:840} INFO - DAG(s) 'dag_snowflake_through_airflow' retrieved from /home/cloud/codings/airflow/dags/dag_snowflake_through_airflow.py
[2026-03-11T05:45:17.885+0000] {logging_mixin.py:188} INFO - [2026-03-11T05:45:17.884+0000] {dag.py:3089} INFO - Sync 1 DAGs
[2026-03-11T05:45:17.941+0000] {logging_mixin.py:188} INFO - [2026-03-11T05:45:17.941+0000] {dag.py:3947} INFO - Setting next_dagrun for dag_snowflake_through_airflow to None, run_after=None
[2026-03-11T05:45:17.993+0000] {processor.py:183} INFO - Processing /home/cloud/codings/airflow/dags/dag_snowflake_through_airflow.py took 0.258 seconds
[2026-03-11T05:45:48.364+0000] {processor.py:161} INFO - Started process (PID=537255) to work on /home/cloud/codings/airflow/dags/dag_snowflake_through_airflow.py
[2026-03-11T05:45:48.367+0000] {processor.py:830} INFO - Processing file /home/cloud/codings/airflow/dags/dag_snowflake_through_airflow.py for tasks to queue
[2026-03-11T05:45:48.371+0000] {logging_mixin.py:188} INFO - [2026-03-11T05:45:48.370+0000] {dagbag.py:545} INFO - Filling up the DagBag from /home/cloud/codings/airflow/dags/dag_snowflake_through_airflow.py
[2026-03-11T05:45:48.400+0000] {processor.py:840} INFO - DAG(s) 'dag_snowflake_through_airflow' retrieved from /home/cloud/codings/airflow/dags/dag_snowflake_through_airflow.py
[2026-03-11T05:45:48.438+0000] {logging_mixin.py:188} INFO - [2026-03-11T05:45:48.437+0000] {dag.py:3089} INFO - Sync 1 DAGs
[2026-03-11T05:45:48.461+0000] {logging_mixin.py:188} INFO - [2026-03-11T05:45:48.460+0000] {dag.py:3947} INFO - Setting next_dagrun for dag_snowflake_through_airflow to None, run_after=None
[2026-03-11T05:45:48.559+0000] {processor.py:183} INFO - Processing /home/cloud/codings/airflow/dags/dag_snowflake_through_airflow.py took 0.219 seconds
[2026-03-11T05:46:19.549+0000] {processor.py:161} INFO - Started process (PID=537339) to work on /home/cloud/codings/airflow/dags/dag_snowflake_through_airflow.py
[2026-03-11T05:46:19.550+0000] {processor.py:830} INFO - Processing file /home/cloud/codings/airflow/dags/dag_snowflake_through_airflow.py for tasks to queue
[2026-03-11T05:46:19.551+0000] {logging_mixin.py:188} INFO - [2026-03-11T05:46:19.550+0000] {dagbag.py:545} INFO - Filling up the DagBag from /home/cloud/codings/airflow/dags/dag_snowflake_through_airflow.py
[2026-03-11T05:46:19.562+0000] {processor.py:840} INFO - DAG(s) 'dag_snowflake_through_airflow' retrieved from /home/cloud/codings/airflow/dags/dag_snowflake_through_airflow.py
[2026-03-11T05:46:19.581+0000] {logging_mixin.py:188} INFO - [2026-03-11T05:46:19.581+0000] {dag.py:3089} INFO - Sync 1 DAGs
[2026-03-11T05:46:19.595+0000] {logging_mixin.py:188} INFO - [2026-03-11T05:46:19.595+0000] {dag.py:3947} INFO - Setting next_dagrun for dag_snowflake_through_airflow to None, run_after=None
[2026-03-11T05:46:19.618+0000] {processor.py:183} INFO - Processing /home/cloud/codings/airflow/dags/dag_snowflake_through_airflow.py took 0.076 seconds
[2026-03-11T05:46:50.300+0000] {processor.py:161} INFO - Started process (PID=537370) to work on /home/cloud/codings/airflow/dags/dag_snowflake_through_airflow.py
[2026-03-11T05:46:50.319+0000] {processor.py:830} INFO - Processing file /home/cloud/codings/airflow/dags/dag_snowflake_through_airflow.py for tasks to queue
[2026-03-11T05:46:50.322+0000] {logging_mixin.py:188} INFO - [2026-03-11T05:46:50.321+0000] {dagbag.py:545} INFO - Filling up the DagBag from /home/cloud/codings/airflow/dags/dag_snowflake_through_airflow.py
[2026-03-11T05:46:50.346+0000] {processor.py:840} INFO - DAG(s) 'dag_snowflake_through_airflow' retrieved from /home/cloud/codings/airflow/dags/dag_snowflake_through_airflow.py
[2026-03-11T05:46:50.388+0000] {logging_mixin.py:188} INFO - [2026-03-11T05:46:50.388+0000] {dag.py:3089} INFO - Sync 1 DAGs
[2026-03-11T05:46:50.415+0000] {logging_mixin.py:188} INFO - [2026-03-11T05:46:50.414+0000] {dag.py:3947} INFO - Setting next_dagrun for dag_snowflake_through_airflow to None, run_after=None
[2026-03-11T05:46:50.481+0000] {processor.py:183} INFO - Processing /home/cloud/codings/airflow/dags/dag_snowflake_through_airflow.py took 0.196 seconds
[2026-03-11T05:47:20.993+0000] {processor.py:161} INFO - Started process (PID=537453) to work on /home/cloud/codings/airflow/dags/dag_snowflake_through_airflow.py
[2026-03-11T05:47:20.994+0000] {processor.py:830} INFO - Processing file /home/cloud/codings/airflow/dags/dag_snowflake_through_airflow.py for tasks to queue
[2026-03-11T05:47:20.996+0000] {logging_mixin.py:188} INFO - [2026-03-11T05:47:20.995+0000] {dagbag.py:545} INFO - Filling up the DagBag from /home/cloud/codings/airflow/dags/dag_snowflake_through_airflow.py
[2026-03-11T05:47:21.015+0000] {processor.py:840} INFO - DAG(s) 'dag_snowflake_through_airflow' retrieved from /home/cloud/codings/airflow/dags/dag_snowflake_through_airflow.py
[2026-03-11T05:47:21.053+0000] {logging_mixin.py:188} INFO - [2026-03-11T05:47:21.053+0000] {dag.py:3089} INFO - Sync 1 DAGs
[2026-03-11T05:47:21.076+0000] {logging_mixin.py:188} INFO - [2026-03-11T05:47:21.075+0000] {dag.py:3947} INFO - Setting next_dagrun for dag_snowflake_through_airflow to None, run_after=None
[2026-03-11T05:47:21.115+0000] {processor.py:183} INFO - Processing /home/cloud/codings/airflow/dags/dag_snowflake_through_airflow.py took 0.136 seconds
[2026-03-11T05:47:51.716+0000] {processor.py:161} INFO - Started process (PID=537472) to work on /home/cloud/codings/airflow/dags/dag_snowflake_through_airflow.py
[2026-03-11T05:47:51.735+0000] {processor.py:830} INFO - Processing file /home/cloud/codings/airflow/dags/dag_snowflake_through_airflow.py for tasks to queue
[2026-03-11T05:47:51.737+0000] {logging_mixin.py:188} INFO - [2026-03-11T05:47:51.736+0000] {dagbag.py:545} INFO - Filling up the DagBag from /home/cloud/codings/airflow/dags/dag_snowflake_through_airflow.py
[2026-03-11T05:47:51.749+0000] {processor.py:840} INFO - DAG(s) 'dag_snowflake_through_airflow' retrieved from /home/cloud/codings/airflow/dags/dag_snowflake_through_airflow.py
[2026-03-11T05:47:51.770+0000] {logging_mixin.py:188} INFO - [2026-03-11T05:47:51.770+0000] {dag.py:3089} INFO - Sync 1 DAGs
[2026-03-11T05:47:51.785+0000] {logging_mixin.py:188} INFO - [2026-03-11T05:47:51.785+0000] {dag.py:3947} INFO - Setting next_dagrun for dag_snowflake_through_airflow to None, run_after=None
[2026-03-11T05:47:51.831+0000] {processor.py:183} INFO - Processing /home/cloud/codings/airflow/dags/dag_snowflake_through_airflow.py took 0.127 seconds
[2026-03-11T05:48:22.473+0000] {processor.py:161} INFO - Started process (PID=537559) to work on /home/cloud/codings/airflow/dags/dag_snowflake_through_airflow.py
[2026-03-11T05:48:22.492+0000] {processor.py:830} INFO - Processing file /home/cloud/codings/airflow/dags/dag_snowflake_through_airflow.py for tasks to queue
[2026-03-11T05:48:22.494+0000] {logging_mixin.py:188} INFO - [2026-03-11T05:48:22.493+0000] {dagbag.py:545} INFO - Filling up the DagBag from /home/cloud/codings/airflow/dags/dag_snowflake_through_airflow.py
[2026-03-11T05:48:22.514+0000] {processor.py:840} INFO - DAG(s) 'dag_snowflake_through_airflow' retrieved from /home/cloud/codings/airflow/dags/dag_snowflake_through_airflow.py
[2026-03-11T05:48:22.556+0000] {logging_mixin.py:188} INFO - [2026-03-11T05:48:22.555+0000] {dag.py:3089} INFO - Sync 1 DAGs
[2026-03-11T05:48:22.583+0000] {logging_mixin.py:188} INFO - [2026-03-11T05:48:22.582+0000] {dag.py:3947} INFO - Setting next_dagrun for dag_snowflake_through_airflow to None, run_after=None
[2026-03-11T05:48:22.625+0000] {processor.py:183} INFO - Processing /home/cloud/codings/airflow/dags/dag_snowflake_through_airflow.py took 0.166 seconds
[2026-03-11T05:48:53.016+0000] {processor.py:161} INFO - Started process (PID=537611) to work on /home/cloud/codings/airflow/dags/dag_snowflake_through_airflow.py
[2026-03-11T05:48:53.035+0000] {processor.py:830} INFO - Processing file /home/cloud/codings/airflow/dags/dag_snowflake_through_airflow.py for tasks to queue
[2026-03-11T05:48:53.037+0000] {logging_mixin.py:188} INFO - [2026-03-11T05:48:53.036+0000] {dagbag.py:545} INFO - Filling up the DagBag from /home/cloud/codings/airflow/dags/dag_snowflake_through_airflow.py
[2026-03-11T05:48:53.059+0000] {processor.py:840} INFO - DAG(s) 'dag_snowflake_through_airflow' retrieved from /home/cloud/codings/airflow/dags/dag_snowflake_through_airflow.py
[2026-03-11T05:48:53.094+0000] {logging_mixin.py:188} INFO - [2026-03-11T05:48:53.094+0000] {dag.py:3089} INFO - Sync 1 DAGs
[2026-03-11T05:48:53.109+0000] {logging_mixin.py:188} INFO - [2026-03-11T05:48:53.109+0000] {dag.py:3947} INFO - Setting next_dagrun for dag_snowflake_through_airflow to None, run_after=None
[2026-03-11T05:48:53.139+0000] {processor.py:183} INFO - Processing /home/cloud/codings/airflow/dags/dag_snowflake_through_airflow.py took 0.137 seconds
[2026-03-11T05:49:23.721+0000] {processor.py:161} INFO - Started process (PID=537671) to work on /home/cloud/codings/airflow/dags/dag_snowflake_through_airflow.py
[2026-03-11T05:49:23.725+0000] {processor.py:830} INFO - Processing file /home/cloud/codings/airflow/dags/dag_snowflake_through_airflow.py for tasks to queue
[2026-03-11T05:49:23.729+0000] {logging_mixin.py:188} INFO - [2026-03-11T05:49:23.727+0000] {dagbag.py:545} INFO - Filling up the DagBag from /home/cloud/codings/airflow/dags/dag_snowflake_through_airflow.py
[2026-03-11T05:49:23.761+0000] {processor.py:840} INFO - DAG(s) 'dag_snowflake_through_airflow' retrieved from /home/cloud/codings/airflow/dags/dag_snowflake_through_airflow.py
[2026-03-11T05:49:23.812+0000] {logging_mixin.py:188} INFO - [2026-03-11T05:49:23.811+0000] {dag.py:3089} INFO - Sync 1 DAGs
[2026-03-11T05:49:23.842+0000] {logging_mixin.py:188} INFO - [2026-03-11T05:49:23.841+0000] {dag.py:3947} INFO - Setting next_dagrun for dag_snowflake_through_airflow to None, run_after=None
[2026-03-11T05:49:23.911+0000] {processor.py:183} INFO - Processing /home/cloud/codings/airflow/dags/dag_snowflake_through_airflow.py took 0.219 seconds
[2026-03-11T05:49:54.172+0000] {processor.py:161} INFO - Started process (PID=537757) to work on /home/cloud/codings/airflow/dags/dag_snowflake_through_airflow.py
[2026-03-11T05:49:54.191+0000] {processor.py:830} INFO - Processing file /home/cloud/codings/airflow/dags/dag_snowflake_through_airflow.py for tasks to queue
[2026-03-11T05:49:54.193+0000] {logging_mixin.py:188} INFO - [2026-03-11T05:49:54.192+0000] {dagbag.py:545} INFO - Filling up the DagBag from /home/cloud/codings/airflow/dags/dag_snowflake_through_airflow.py
[2026-03-11T05:49:54.214+0000] {processor.py:840} INFO - DAG(s) 'dag_snowflake_through_airflow' retrieved from /home/cloud/codings/airflow/dags/dag_snowflake_through_airflow.py
[2026-03-11T05:49:54.244+0000] {logging_mixin.py:188} INFO - [2026-03-11T05:49:54.243+0000] {dag.py:3089} INFO - Sync 1 DAGs
[2026-03-11T05:49:54.261+0000] {logging_mixin.py:188} INFO - [2026-03-11T05:49:54.261+0000] {dag.py:3947} INFO - Setting next_dagrun for dag_snowflake_through_airflow to None, run_after=None
[2026-03-11T05:49:54.285+0000] {processor.py:183} INFO - Processing /home/cloud/codings/airflow/dags/dag_snowflake_through_airflow.py took 0.125 seconds
[2026-03-11T05:50:24.657+0000] {processor.py:161} INFO - Started process (PID=537898) to work on /home/cloud/codings/airflow/dags/dag_snowflake_through_airflow.py
[2026-03-11T05:50:24.659+0000] {processor.py:830} INFO - Processing file /home/cloud/codings/airflow/dags/dag_snowflake_through_airflow.py for tasks to queue
[2026-03-11T05:50:24.662+0000] {logging_mixin.py:188} INFO - [2026-03-11T05:50:24.661+0000] {dagbag.py:545} INFO - Filling up the DagBag from /home/cloud/codings/airflow/dags/dag_snowflake_through_airflow.py
[2026-03-11T05:50:24.695+0000] {processor.py:840} INFO - DAG(s) 'dag_snowflake_through_airflow' retrieved from /home/cloud/codings/airflow/dags/dag_snowflake_through_airflow.py
[2026-03-11T05:50:24.754+0000] {logging_mixin.py:188} INFO - [2026-03-11T05:50:24.753+0000] {dag.py:3089} INFO - Sync 1 DAGs
[2026-03-11T05:50:24.793+0000] {logging_mixin.py:188} INFO - [2026-03-11T05:50:24.792+0000] {dag.py:3947} INFO - Setting next_dagrun for dag_snowflake_through_airflow to None, run_after=None
[2026-03-11T05:50:24.852+0000] {processor.py:183} INFO - Processing /home/cloud/codings/airflow/dags/dag_snowflake_through_airflow.py took 0.212 seconds
[2026-03-11T05:50:55.501+0000] {processor.py:161} INFO - Started process (PID=537975) to work on /home/cloud/codings/airflow/dags/dag_snowflake_through_airflow.py
[2026-03-11T05:50:55.510+0000] {processor.py:830} INFO - Processing file /home/cloud/codings/airflow/dags/dag_snowflake_through_airflow.py for tasks to queue
[2026-03-11T05:50:55.513+0000] {logging_mixin.py:188} INFO - [2026-03-11T05:50:55.512+0000] {dagbag.py:545} INFO - Filling up the DagBag from /home/cloud/codings/airflow/dags/dag_snowflake_through_airflow.py
[2026-03-11T05:50:55.565+0000] {processor.py:840} INFO - DAG(s) 'dag_snowflake_through_airflow' retrieved from /home/cloud/codings/airflow/dags/dag_snowflake_through_airflow.py
[2026-03-11T05:50:55.623+0000] {logging_mixin.py:188} INFO - [2026-03-11T05:50:55.623+0000] {dag.py:3089} INFO - Sync 1 DAGs
[2026-03-11T05:50:55.655+0000] {logging_mixin.py:188} INFO - [2026-03-11T05:50:55.654+0000] {dag.py:3947} INFO - Setting next_dagrun for dag_snowflake_through_airflow to None, run_after=None
[2026-03-11T05:50:55.784+0000] {processor.py:183} INFO - Processing /home/cloud/codings/airflow/dags/dag_snowflake_through_airflow.py took 0.319 seconds
[2026-03-11T05:51:25.976+0000] {processor.py:161} INFO - Started process (PID=537988) to work on /home/cloud/codings/airflow/dags/dag_snowflake_through_airflow.py
[2026-03-11T05:51:25.977+0000] {processor.py:830} INFO - Processing file /home/cloud/codings/airflow/dags/dag_snowflake_through_airflow.py for tasks to queue
[2026-03-11T05:51:25.978+0000] {logging_mixin.py:188} INFO - [2026-03-11T05:51:25.978+0000] {dagbag.py:545} INFO - Filling up the DagBag from /home/cloud/codings/airflow/dags/dag_snowflake_through_airflow.py
[2026-03-11T05:51:25.994+0000] {processor.py:840} INFO - DAG(s) 'dag_snowflake_through_airflow' retrieved from /home/cloud/codings/airflow/dags/dag_snowflake_through_airflow.py
[2026-03-11T05:51:26.027+0000] {logging_mixin.py:188} INFO - [2026-03-11T05:51:26.027+0000] {dag.py:3089} INFO - Sync 1 DAGs
[2026-03-11T05:51:26.048+0000] {logging_mixin.py:188} INFO - [2026-03-11T05:51:26.048+0000] {dag.py:3947} INFO - Setting next_dagrun for dag_snowflake_through_airflow to None, run_after=None
[2026-03-11T05:51:26.086+0000] {processor.py:183} INFO - Processing /home/cloud/codings/airflow/dags/dag_snowflake_through_airflow.py took 0.120 seconds
[2026-03-11T05:51:56.450+0000] {processor.py:161} INFO - Started process (PID=538063) to work on /home/cloud/codings/airflow/dags/dag_snowflake_through_airflow.py
[2026-03-11T05:51:56.453+0000] {processor.py:830} INFO - Processing file /home/cloud/codings/airflow/dags/dag_snowflake_through_airflow.py for tasks to queue
[2026-03-11T05:51:56.455+0000] {logging_mixin.py:188} INFO - [2026-03-11T05:51:56.455+0000] {dagbag.py:545} INFO - Filling up the DagBag from /home/cloud/codings/airflow/dags/dag_snowflake_through_airflow.py
[2026-03-11T05:51:56.474+0000] {processor.py:840} INFO - DAG(s) 'dag_snowflake_through_airflow' retrieved from /home/cloud/codings/airflow/dags/dag_snowflake_through_airflow.py
[2026-03-11T05:51:56.510+0000] {logging_mixin.py:188} INFO - [2026-03-11T05:51:56.510+0000] {dag.py:3089} INFO - Sync 1 DAGs
[2026-03-11T05:51:56.537+0000] {logging_mixin.py:188} INFO - [2026-03-11T05:51:56.537+0000] {dag.py:3947} INFO - Setting next_dagrun for dag_snowflake_through_airflow to None, run_after=None
[2026-03-11T05:51:56.571+0000] {processor.py:183} INFO - Processing /home/cloud/codings/airflow/dags/dag_snowflake_through_airflow.py took 0.136 seconds
[2026-03-11T05:52:27.002+0000] {processor.py:161} INFO - Started process (PID=538078) to work on /home/cloud/codings/airflow/dags/dag_snowflake_through_airflow.py
[2026-03-11T05:52:27.004+0000] {processor.py:830} INFO - Processing file /home/cloud/codings/airflow/dags/dag_snowflake_through_airflow.py for tasks to queue
[2026-03-11T05:52:27.005+0000] {logging_mixin.py:188} INFO - [2026-03-11T05:52:27.005+0000] {dagbag.py:545} INFO - Filling up the DagBag from /home/cloud/codings/airflow/dags/dag_snowflake_through_airflow.py
[2026-03-11T05:52:27.026+0000] {processor.py:840} INFO - DAG(s) 'dag_snowflake_through_airflow' retrieved from /home/cloud/codings/airflow/dags/dag_snowflake_through_airflow.py
[2026-03-11T05:52:27.071+0000] {logging_mixin.py:188} INFO - [2026-03-11T05:52:27.070+0000] {dag.py:3089} INFO - Sync 1 DAGs
[2026-03-11T05:52:27.098+0000] {logging_mixin.py:188} INFO - [2026-03-11T05:52:27.098+0000] {dag.py:3947} INFO - Setting next_dagrun for dag_snowflake_through_airflow to None, run_after=None
[2026-03-11T05:52:27.174+0000] {processor.py:183} INFO - Processing /home/cloud/codings/airflow/dags/dag_snowflake_through_airflow.py took 0.185 seconds
[2026-03-11T05:52:57.531+0000] {processor.py:161} INFO - Started process (PID=538153) to work on /home/cloud/codings/airflow/dags/dag_snowflake_through_airflow.py
[2026-03-11T05:52:57.562+0000] {processor.py:830} INFO - Processing file /home/cloud/codings/airflow/dags/dag_snowflake_through_airflow.py for tasks to queue
[2026-03-11T05:52:57.564+0000] {logging_mixin.py:188} INFO - [2026-03-11T05:52:57.563+0000] {dagbag.py:545} INFO - Filling up the DagBag from /home/cloud/codings/airflow/dags/dag_snowflake_through_airflow.py
[2026-03-11T05:52:57.582+0000] {processor.py:840} INFO - DAG(s) 'dag_snowflake_through_airflow' retrieved from /home/cloud/codings/airflow/dags/dag_snowflake_through_airflow.py
[2026-03-11T05:52:57.616+0000] {logging_mixin.py:188} INFO - [2026-03-11T05:52:57.615+0000] {dag.py:3089} INFO - Sync 1 DAGs
[2026-03-11T05:52:57.640+0000] {logging_mixin.py:188} INFO - [2026-03-11T05:52:57.640+0000] {dag.py:3947} INFO - Setting next_dagrun for dag_snowflake_through_airflow to None, run_after=None
[2026-03-11T05:52:57.683+0000] {processor.py:183} INFO - Processing /home/cloud/codings/airflow/dags/dag_snowflake_through_airflow.py took 0.165 seconds
[2026-03-11T05:53:28.055+0000] {processor.py:161} INFO - Started process (PID=538166) to work on /home/cloud/codings/airflow/dags/dag_snowflake_through_airflow.py
[2026-03-11T05:53:28.057+0000] {processor.py:830} INFO - Processing file /home/cloud/codings/airflow/dags/dag_snowflake_through_airflow.py for tasks to queue
[2026-03-11T05:53:28.060+0000] {logging_mixin.py:188} INFO - [2026-03-11T05:53:28.058+0000] {dagbag.py:545} INFO - Filling up the DagBag from /home/cloud/codings/airflow/dags/dag_snowflake_through_airflow.py
[2026-03-11T05:53:28.079+0000] {processor.py:840} INFO - DAG(s) 'dag_snowflake_through_airflow' retrieved from /home/cloud/codings/airflow/dags/dag_snowflake_through_airflow.py
[2026-03-11T05:53:28.129+0000] {logging_mixin.py:188} INFO - [2026-03-11T05:53:28.128+0000] {dag.py:3089} INFO - Sync 1 DAGs
[2026-03-11T05:53:28.159+0000] {logging_mixin.py:188} INFO - [2026-03-11T05:53:28.158+0000] {dag.py:3947} INFO - Setting next_dagrun for dag_snowflake_through_airflow to None, run_after=None
[2026-03-11T05:53:28.216+0000] {processor.py:183} INFO - Processing /home/cloud/codings/airflow/dags/dag_snowflake_through_airflow.py took 0.171 seconds
[2026-03-11T05:53:58.543+0000] {processor.py:161} INFO - Started process (PID=538259) to work on /home/cloud/codings/airflow/dags/dag_snowflake_through_airflow.py
[2026-03-11T05:53:58.568+0000] {processor.py:830} INFO - Processing file /home/cloud/codings/airflow/dags/dag_snowflake_through_airflow.py for tasks to queue
[2026-03-11T05:53:58.570+0000] {logging_mixin.py:188} INFO - [2026-03-11T05:53:58.569+0000] {dagbag.py:545} INFO - Filling up the DagBag from /home/cloud/codings/airflow/dags/dag_snowflake_through_airflow.py
[2026-03-11T05:53:58.585+0000] {processor.py:840} INFO - DAG(s) 'dag_snowflake_through_airflow' retrieved from /home/cloud/codings/airflow/dags/dag_snowflake_through_airflow.py
[2026-03-11T05:53:58.625+0000] {logging_mixin.py:188} INFO - [2026-03-11T05:53:58.625+0000] {dag.py:3089} INFO - Sync 1 DAGs
[2026-03-11T05:53:58.647+0000] {logging_mixin.py:188} INFO - [2026-03-11T05:53:58.647+0000] {dag.py:3947} INFO - Setting next_dagrun for dag_snowflake_through_airflow to None, run_after=None
[2026-03-11T05:53:58.681+0000] {processor.py:183} INFO - Processing /home/cloud/codings/airflow/dags/dag_snowflake_through_airflow.py took 0.150 seconds
[2026-03-11T05:54:29.111+0000] {processor.py:161} INFO - Started process (PID=538274) to work on /home/cloud/codings/airflow/dags/dag_snowflake_through_airflow.py
[2026-03-11T05:54:29.137+0000] {processor.py:830} INFO - Processing file /home/cloud/codings/airflow/dags/dag_snowflake_through_airflow.py for tasks to queue
[2026-03-11T05:54:29.138+0000] {logging_mixin.py:188} INFO - [2026-03-11T05:54:29.137+0000] {dagbag.py:545} INFO - Filling up the DagBag from /home/cloud/codings/airflow/dags/dag_snowflake_through_airflow.py
[2026-03-11T05:54:29.150+0000] {processor.py:840} INFO - DAG(s) 'dag_snowflake_through_airflow' retrieved from /home/cloud/codings/airflow/dags/dag_snowflake_through_airflow.py
[2026-03-11T05:54:29.171+0000] {logging_mixin.py:188} INFO - [2026-03-11T05:54:29.171+0000] {dag.py:3089} INFO - Sync 1 DAGs
[2026-03-11T05:54:29.185+0000] {logging_mixin.py:188} INFO - [2026-03-11T05:54:29.185+0000] {dag.py:3947} INFO - Setting next_dagrun for dag_snowflake_through_airflow to None, run_after=None
[2026-03-11T05:54:29.357+0000] {processor.py:183} INFO - Processing /home/cloud/codings/airflow/dags/dag_snowflake_through_airflow.py took 0.263 seconds
[2026-03-11T05:54:59.659+0000] {processor.py:161} INFO - Started process (PID=538349) to work on /home/cloud/codings/airflow/dags/dag_snowflake_through_airflow.py
[2026-03-11T05:54:59.660+0000] {processor.py:830} INFO - Processing file /home/cloud/codings/airflow/dags/dag_snowflake_through_airflow.py for tasks to queue
[2026-03-11T05:54:59.662+0000] {logging_mixin.py:188} INFO - [2026-03-11T05:54:59.661+0000] {dagbag.py:545} INFO - Filling up the DagBag from /home/cloud/codings/airflow/dags/dag_snowflake_through_airflow.py
[2026-03-11T05:54:59.674+0000] {processor.py:840} INFO - DAG(s) 'dag_snowflake_through_airflow' retrieved from /home/cloud/codings/airflow/dags/dag_snowflake_through_airflow.py
[2026-03-11T05:54:59.699+0000] {logging_mixin.py:188} INFO - [2026-03-11T05:54:59.699+0000] {dag.py:3089} INFO - Sync 1 DAGs
[2026-03-11T05:54:59.719+0000] {logging_mixin.py:188} INFO - [2026-03-11T05:54:59.719+0000] {dag.py:3947} INFO - Setting next_dagrun for dag_snowflake_through_airflow to None, run_after=None
[2026-03-11T05:54:59.759+0000] {processor.py:183} INFO - Processing /home/cloud/codings/airflow/dags/dag_snowflake_through_airflow.py took 0.109 seconds
[2026-03-11T05:55:30.241+0000] {processor.py:161} INFO - Started process (PID=538420) to work on /home/cloud/codings/airflow/dags/dag_snowflake_through_airflow.py
[2026-03-11T05:55:30.267+0000] {processor.py:830} INFO - Processing file /home/cloud/codings/airflow/dags/dag_snowflake_through_airflow.py for tasks to queue
[2026-03-11T05:55:30.269+0000] {logging_mixin.py:188} INFO - [2026-03-11T05:55:30.268+0000] {dagbag.py:545} INFO - Filling up the DagBag from /home/cloud/codings/airflow/dags/dag_snowflake_through_airflow.py
[2026-03-11T05:55:30.288+0000] {processor.py:840} INFO - DAG(s) 'dag_snowflake_through_airflow' retrieved from /home/cloud/codings/airflow/dags/dag_snowflake_through_airflow.py
[2026-03-11T05:55:30.326+0000] {logging_mixin.py:188} INFO - [2026-03-11T05:55:30.325+0000] {dag.py:3089} INFO - Sync 1 DAGs
[2026-03-11T05:55:30.352+0000] {logging_mixin.py:188} INFO - [2026-03-11T05:55:30.352+0000] {dag.py:3947} INFO - Setting next_dagrun for dag_snowflake_through_airflow to None, run_after=None
[2026-03-11T05:55:30.395+0000] {processor.py:183} INFO - Processing /home/cloud/codings/airflow/dags/dag_snowflake_through_airflow.py took 0.165 seconds
[2026-03-11T05:56:00.687+0000] {processor.py:161} INFO - Started process (PID=538496) to work on /home/cloud/codings/airflow/dags/dag_snowflake_through_airflow.py
[2026-03-11T05:56:00.706+0000] {processor.py:830} INFO - Processing file /home/cloud/codings/airflow/dags/dag_snowflake_through_airflow.py for tasks to queue
[2026-03-11T05:56:00.708+0000] {logging_mixin.py:188} INFO - [2026-03-11T05:56:00.707+0000] {dagbag.py:545} INFO - Filling up the DagBag from /home/cloud/codings/airflow/dags/dag_snowflake_through_airflow.py
[2026-03-11T05:56:00.733+0000] {processor.py:840} INFO - DAG(s) 'dag_snowflake_through_airflow' retrieved from /home/cloud/codings/airflow/dags/dag_snowflake_through_airflow.py
[2026-03-11T05:56:00.775+0000] {logging_mixin.py:188} INFO - [2026-03-11T05:56:00.774+0000] {dag.py:3089} INFO - Sync 1 DAGs
[2026-03-11T05:56:00.805+0000] {logging_mixin.py:188} INFO - [2026-03-11T05:56:00.805+0000] {dag.py:3947} INFO - Setting next_dagrun for dag_snowflake_through_airflow to None, run_after=None
[2026-03-11T05:56:00.848+0000] {processor.py:183} INFO - Processing /home/cloud/codings/airflow/dags/dag_snowflake_through_airflow.py took 0.172 seconds
[2026-03-11T05:56:31.132+0000] {processor.py:161} INFO - Started process (PID=538509) to work on /home/cloud/codings/airflow/dags/dag_snowflake_through_airflow.py
[2026-03-11T05:56:31.150+0000] {processor.py:830} INFO - Processing file /home/cloud/codings/airflow/dags/dag_snowflake_through_airflow.py for tasks to queue
[2026-03-11T05:56:31.152+0000] {logging_mixin.py:188} INFO - [2026-03-11T05:56:31.151+0000] {dagbag.py:545} INFO - Filling up the DagBag from /home/cloud/codings/airflow/dags/dag_snowflake_through_airflow.py
[2026-03-11T05:56:31.170+0000] {processor.py:840} INFO - DAG(s) 'dag_snowflake_through_airflow' retrieved from /home/cloud/codings/airflow/dags/dag_snowflake_through_airflow.py
[2026-03-11T05:56:31.206+0000] {logging_mixin.py:188} INFO - [2026-03-11T05:56:31.205+0000] {dag.py:3089} INFO - Sync 1 DAGs
[2026-03-11T05:56:31.226+0000] {logging_mixin.py:188} INFO - [2026-03-11T05:56:31.225+0000] {dag.py:3947} INFO - Setting next_dagrun for dag_snowflake_through_airflow to None, run_after=None
[2026-03-11T05:56:31.268+0000] {processor.py:183} INFO - Processing /home/cloud/codings/airflow/dags/dag_snowflake_through_airflow.py took 0.144 seconds
[2026-03-11T05:57:01.617+0000] {processor.py:161} INFO - Started process (PID=538586) to work on /home/cloud/codings/airflow/dags/dag_snowflake_through_airflow.py
[2026-03-11T05:57:01.619+0000] {processor.py:830} INFO - Processing file /home/cloud/codings/airflow/dags/dag_snowflake_through_airflow.py for tasks to queue
[2026-03-11T05:57:01.621+0000] {logging_mixin.py:188} INFO - [2026-03-11T05:57:01.620+0000] {dagbag.py:545} INFO - Filling up the DagBag from /home/cloud/codings/airflow/dags/dag_snowflake_through_airflow.py
[2026-03-11T05:57:01.635+0000] {processor.py:840} INFO - DAG(s) 'dag_snowflake_through_airflow' retrieved from /home/cloud/codings/airflow/dags/dag_snowflake_through_airflow.py
[2026-03-11T05:57:01.658+0000] {logging_mixin.py:188} INFO - [2026-03-11T05:57:01.657+0000] {dag.py:3089} INFO - Sync 1 DAGs
[2026-03-11T05:57:01.673+0000] {logging_mixin.py:188} INFO - [2026-03-11T05:57:01.673+0000] {dag.py:3947} INFO - Setting next_dagrun for dag_snowflake_through_airflow to None, run_after=None
[2026-03-11T05:57:01.706+0000] {processor.py:183} INFO - Processing /home/cloud/codings/airflow/dags/dag_snowflake_through_airflow.py took 0.102 seconds
[2026-03-11T05:57:32.126+0000] {processor.py:161} INFO - Started process (PID=538597) to work on /home/cloud/codings/airflow/dags/dag_snowflake_through_airflow.py
[2026-03-11T05:57:32.129+0000] {processor.py:830} INFO - Processing file /home/cloud/codings/airflow/dags/dag_snowflake_through_airflow.py for tasks to queue
[2026-03-11T05:57:32.131+0000] {logging_mixin.py:188} INFO - [2026-03-11T05:57:32.130+0000] {dagbag.py:545} INFO - Filling up the DagBag from /home/cloud/codings/airflow/dags/dag_snowflake_through_airflow.py
[2026-03-11T05:57:32.156+0000] {processor.py:840} INFO - DAG(s) 'dag_snowflake_through_airflow' retrieved from /home/cloud/codings/airflow/dags/dag_snowflake_through_airflow.py
[2026-03-11T05:57:32.202+0000] {logging_mixin.py:188} INFO - [2026-03-11T05:57:32.202+0000] {dag.py:3089} INFO - Sync 1 DAGs
[2026-03-11T05:57:32.225+0000] {logging_mixin.py:188} INFO - [2026-03-11T05:57:32.225+0000] {dag.py:3947} INFO - Setting next_dagrun for dag_snowflake_through_airflow to None, run_after=None
[2026-03-11T05:57:32.274+0000] {processor.py:183} INFO - Processing /home/cloud/codings/airflow/dags/dag_snowflake_through_airflow.py took 0.167 seconds
[2026-03-11T05:58:02.741+0000] {processor.py:161} INFO - Started process (PID=538672) to work on /home/cloud/codings/airflow/dags/dag_snowflake_through_airflow.py
[2026-03-11T05:58:02.746+0000] {processor.py:830} INFO - Processing file /home/cloud/codings/airflow/dags/dag_snowflake_through_airflow.py for tasks to queue
[2026-03-11T05:58:02.750+0000] {logging_mixin.py:188} INFO - [2026-03-11T05:58:02.747+0000] {dagbag.py:545} INFO - Filling up the DagBag from /home/cloud/codings/airflow/dags/dag_snowflake_through_airflow.py
[2026-03-11T05:58:02.800+0000] {processor.py:840} INFO - DAG(s) 'dag_snowflake_through_airflow' retrieved from /home/cloud/codings/airflow/dags/dag_snowflake_through_airflow.py
[2026-03-11T05:58:02.864+0000] {logging_mixin.py:188} INFO - [2026-03-11T05:58:02.864+0000] {dag.py:3089} INFO - Sync 1 DAGs
[2026-03-11T05:58:02.889+0000] {logging_mixin.py:188} INFO - [2026-03-11T05:58:02.889+0000] {dag.py:3947} INFO - Setting next_dagrun for dag_snowflake_through_airflow to None, run_after=None
[2026-03-11T05:58:02.945+0000] {processor.py:183} INFO - Processing /home/cloud/codings/airflow/dags/dag_snowflake_through_airflow.py took 0.234 seconds
[2026-03-11T05:58:33.520+0000] {processor.py:161} INFO - Started process (PID=538685) to work on /home/cloud/codings/airflow/dags/dag_snowflake_through_airflow.py
[2026-03-11T05:58:33.522+0000] {processor.py:830} INFO - Processing file /home/cloud/codings/airflow/dags/dag_snowflake_through_airflow.py for tasks to queue
[2026-03-11T05:58:33.525+0000] {logging_mixin.py:188} INFO - [2026-03-11T05:58:33.524+0000] {dagbag.py:545} INFO - Filling up the DagBag from /home/cloud/codings/airflow/dags/dag_snowflake_through_airflow.py
[2026-03-11T05:58:33.547+0000] {processor.py:840} INFO - DAG(s) 'dag_snowflake_through_airflow' retrieved from /home/cloud/codings/airflow/dags/dag_snowflake_through_airflow.py
[2026-03-11T05:58:33.571+0000] {logging_mixin.py:188} INFO - [2026-03-11T05:58:33.571+0000] {dag.py:3089} INFO - Sync 1 DAGs
[2026-03-11T05:58:33.586+0000] {logging_mixin.py:188} INFO - [2026-03-11T05:58:33.586+0000] {dag.py:3947} INFO - Setting next_dagrun for dag_snowflake_through_airflow to None, run_after=None
[2026-03-11T05:58:33.617+0000] {processor.py:183} INFO - Processing /home/cloud/codings/airflow/dags/dag_snowflake_through_airflow.py took 0.121 seconds
[2026-03-11T05:59:04.124+0000] {processor.py:161} INFO - Started process (PID=538760) to work on /home/cloud/codings/airflow/dags/dag_snowflake_through_airflow.py
[2026-03-11T05:59:04.127+0000] {processor.py:830} INFO - Processing file /home/cloud/codings/airflow/dags/dag_snowflake_through_airflow.py for tasks to queue
[2026-03-11T05:59:04.129+0000] {logging_mixin.py:188} INFO - [2026-03-11T05:59:04.129+0000] {dagbag.py:545} INFO - Filling up the DagBag from /home/cloud/codings/airflow/dags/dag_snowflake_through_airflow.py
[2026-03-11T05:59:04.148+0000] {processor.py:840} INFO - DAG(s) 'dag_snowflake_through_airflow' retrieved from /home/cloud/codings/airflow/dags/dag_snowflake_through_airflow.py
[2026-03-11T05:59:04.192+0000] {logging_mixin.py:188} INFO - [2026-03-11T05:59:04.191+0000] {dag.py:3089} INFO - Sync 1 DAGs
[2026-03-11T05:59:04.210+0000] {logging_mixin.py:188} INFO - [2026-03-11T05:59:04.209+0000] {dag.py:3947} INFO - Setting next_dagrun for dag_snowflake_through_airflow to None, run_after=None
[2026-03-11T05:59:04.239+0000] {processor.py:183} INFO - Processing /home/cloud/codings/airflow/dags/dag_snowflake_through_airflow.py took 0.126 seconds
[2026-03-11T05:59:34.669+0000] {processor.py:161} INFO - Started process (PID=538773) to work on /home/cloud/codings/airflow/dags/dag_snowflake_through_airflow.py
[2026-03-11T05:59:34.671+0000] {processor.py:830} INFO - Processing file /home/cloud/codings/airflow/dags/dag_snowflake_through_airflow.py for tasks to queue
[2026-03-11T05:59:34.673+0000] {logging_mixin.py:188} INFO - [2026-03-11T05:59:34.672+0000] {dagbag.py:545} INFO - Filling up the DagBag from /home/cloud/codings/airflow/dags/dag_snowflake_through_airflow.py
[2026-03-11T05:59:34.692+0000] {processor.py:840} INFO - DAG(s) 'dag_snowflake_through_airflow' retrieved from /home/cloud/codings/airflow/dags/dag_snowflake_through_airflow.py
[2026-03-11T05:59:34.728+0000] {logging_mixin.py:188} INFO - [2026-03-11T05:59:34.727+0000] {dag.py:3089} INFO - Sync 1 DAGs
[2026-03-11T05:59:34.741+0000] {logging_mixin.py:188} INFO - [2026-03-11T05:59:34.740+0000] {dag.py:3947} INFO - Setting next_dagrun for dag_snowflake_through_airflow to None, run_after=None
[2026-03-11T05:59:34.764+0000] {processor.py:183} INFO - Processing /home/cloud/codings/airflow/dags/dag_snowflake_through_airflow.py took 0.107 seconds
                                                                                                                                                                                                                                                                                                                                                                                                                                                                                                                                                                                                                                                                                                                                                                                                                                                      