[2026-03-11T04:19:03.068+0000] {processor.py:161} INFO - Started process (PID=526488) to work on /home/cloud/codings/airflow/dags/hello_world.py
[2026-03-11T04:19:03.071+0000] {processor.py:830} INFO - Processing file /home/cloud/codings/airflow/dags/hello_world.py for tasks to queue
[2026-03-11T04:19:03.074+0000] {logging_mixin.py:188} INFO - [2026-03-11T04:19:03.073+0000] {dagbag.py:545} INFO - Filling up the DagBag from /home/cloud/codings/airflow/dags/hello_world.py
[2026-03-11T04:19:03.121+0000] {processor.py:840} INFO - DAG(s) 'hello_world' retrieved from /home/cloud/codings/airflow/dags/hello_world.py
[2026-03-11T04:19:03.204+0000] {logging_mixin.py:188} INFO - [2026-03-11T04:19:03.203+0000] {dag.py:3089} INFO - Sync 1 DAGs
[2026-03-11T04:19:03.338+0000] {logging_mixin.py:188} INFO - [2026-03-11T04:19:03.337+0000] {dag.py:3947} INFO - Setting next_dagrun for hello_world to 2026-03-10 00:00:00+00:00, run_after=2026-03-11 00:00:00+00:00
[2026-03-11T04:19:03.432+0000] {processor.py:183} INFO - Processing /home/cloud/codings/airflow/dags/hello_world.py took 0.392 seconds
[2026-03-11T04:19:34.100+0000] {processor.py:161} INFO - Started process (PID=526513) to work on /home/cloud/codings/airflow/dags/hello_world.py
[2026-03-11T04:19:34.114+0000] {processor.py:830} INFO - Processing file /home/cloud/codings/airflow/dags/hello_world.py for tasks to queue
[2026-03-11T04:19:34.116+0000] {logging_mixin.py:188} INFO - [2026-03-11T04:19:34.115+0000] {dagbag.py:545} INFO - Filling up the DagBag from /home/cloud/codings/airflow/dags/hello_world.py
[2026-03-11T04:19:34.137+0000] {processor.py:840} INFO - DAG(s) 'hello_world' retrieved from /home/cloud/codings/airflow/dags/hello_world.py
[2026-03-11T04:19:34.172+0000] {logging_mixin.py:188} INFO - [2026-03-11T04:19:34.172+0000] {dag.py:3089} INFO - Sync 1 DAGs
[2026-03-11T04:19:34.209+0000] {logging_mixin.py:188} INFO - [2026-03-11T04:19:34.209+0000] {dag.py:3947} INFO - Setting next_dagrun for hello_world to 2026-03-10 00:00:00+00:00, run_after=2026-03-11 00:00:00+00:00
[2026-03-11T04:19:34.245+0000] {processor.py:183} INFO - Processing /home/cloud/codings/airflow/dags/hello_world.py took 0.155 seconds
[2026-03-11T04:20:04.786+0000] {processor.py:161} INFO - Started process (PID=526662) to work on /home/cloud/codings/airflow/dags/hello_world.py
[2026-03-11T04:20:04.787+0000] {processor.py:830} INFO - Processing file /home/cloud/codings/airflow/dags/hello_world.py for tasks to queue
[2026-03-11T04:20:04.788+0000] {logging_mixin.py:188} INFO - [2026-03-11T04:20:04.788+0000] {dagbag.py:545} INFO - Filling up the DagBag from /home/cloud/codings/airflow/dags/hello_world.py
[2026-03-11T04:20:04.798+0000] {processor.py:840} INFO - DAG(s) 'hello_world' retrieved from /home/cloud/codings/airflow/dags/hello_world.py
[2026-03-11T04:20:04.818+0000] {logging_mixin.py:188} INFO - [2026-03-11T04:20:04.817+0000] {dag.py:3089} INFO - Sync 1 DAGs
[2026-03-11T04:20:04.837+0000] {logging_mixin.py:188} INFO - [2026-03-11T04:20:04.837+0000] {dag.py:3947} INFO - Setting next_dagrun for hello_world to 2026-03-10 00:00:00+00:00, run_after=2026-03-11 00:00:00+00:00
[2026-03-11T04:20:05.320+0000] {processor.py:183} INFO - Processing /home/cloud/codings/airflow/dags/hello_world.py took 0.540 seconds
[2026-03-11T04:20:36.451+0000] {processor.py:161} INFO - Started process (PID=526818) to work on /home/cloud/codings/airflow/dags/hello_world.py
[2026-03-11T04:20:36.453+0000] {processor.py:830} INFO - Processing file /home/cloud/codings/airflow/dags/hello_world.py for tasks to queue
[2026-03-11T04:20:36.455+0000] {logging_mixin.py:188} INFO - [2026-03-11T04:20:36.454+0000] {dagbag.py:545} INFO - Filling up the DagBag from /home/cloud/codings/airflow/dags/hello_world.py
[2026-03-11T04:20:36.476+0000] {processor.py:840} INFO - DAG(s) 'hello_world' retrieved from /home/cloud/codings/airflow/dags/hello_world.py
[2026-03-11T04:20:36.516+0000] {logging_mixin.py:188} INFO - [2026-03-11T04:20:36.516+0000] {dag.py:3089} INFO - Sync 1 DAGs
[2026-03-11T04:20:36.712+0000] {logging_mixin.py:188} INFO - [2026-03-11T04:20:36.712+0000] {dag.py:3947} INFO - Setting next_dagrun for hello_world to 2026-03-10 00:00:00+00:00, run_after=2026-03-11 00:00:00+00:00
[2026-03-11T04:20:36.746+0000] {processor.py:183} INFO - Processing /home/cloud/codings/airflow/dags/hello_world.py took 0.307 seconds
[2026-03-11T04:21:07.312+0000] {processor.py:161} INFO - Started process (PID=526903) to work on /home/cloud/codings/airflow/dags/hello_world.py
[2026-03-11T04:21:07.338+0000] {processor.py:830} INFO - Processing file /home/cloud/codings/airflow/dags/hello_world.py for tasks to queue
[2026-03-11T04:21:07.342+0000] {logging_mixin.py:188} INFO - [2026-03-11T04:21:07.341+0000] {dagbag.py:545} INFO - Filling up the DagBag from /home/cloud/codings/airflow/dags/hello_world.py
[2026-03-11T04:21:07.382+0000] {processor.py:840} INFO - DAG(s) 'hello_world' retrieved from /home/cloud/codings/airflow/dags/hello_world.py
[2026-03-11T04:21:07.434+0000] {logging_mixin.py:188} INFO - [2026-03-11T04:21:07.433+0000] {dag.py:3089} INFO - Sync 1 DAGs
[2026-03-11T04:21:07.463+0000] {logging_mixin.py:188} INFO - [2026-03-11T04:21:07.462+0000] {dag.py:3947} INFO - Setting next_dagrun for hello_world to 2026-03-10 00:00:00+00:00, run_after=2026-03-11 00:00:00+00:00
[2026-03-11T04:21:07.526+0000] {processor.py:183} INFO - Processing /home/cloud/codings/airflow/dags/hello_world.py took 0.241 seconds
[2026-03-11T04:21:37.968+0000] {processor.py:161} INFO - Started process (PID=526926) to work on /home/cloud/codings/airflow/dags/hello_world.py
[2026-03-11T04:21:37.995+0000] {processor.py:830} INFO - Processing file /home/cloud/codings/airflow/dags/hello_world.py for tasks to queue
[2026-03-11T04:21:37.997+0000] {logging_mixin.py:188} INFO - [2026-03-11T04:21:37.996+0000] {dagbag.py:545} INFO - Filling up the DagBag from /home/cloud/codings/airflow/dags/hello_world.py
[2026-03-11T04:21:38.025+0000] {processor.py:840} INFO - DAG(s) 'hello_world' retrieved from /home/cloud/codings/airflow/dags/hello_world.py
[2026-03-11T04:21:38.091+0000] {logging_mixin.py:188} INFO - [2026-03-11T04:21:38.091+0000] {dag.py:3089} INFO - Sync 1 DAGs
[2026-03-11T04:21:38.121+0000] {logging_mixin.py:188} INFO - [2026-03-11T04:21:38.121+0000] {dag.py:3947} INFO - Setting next_dagrun for hello_world to 2026-03-10 00:00:00+00:00, run_after=2026-03-11 00:00:00+00:00
[2026-03-11T04:21:38.151+0000] {processor.py:183} INFO - Processing /home/cloud/codings/airflow/dags/hello_world.py took 0.199 seconds
[2026-03-11T04:22:08.772+0000] {processor.py:161} INFO - Started process (PID=527013) to work on /home/cloud/codings/airflow/dags/hello_world.py
[2026-03-11T04:22:08.776+0000] {processor.py:830} INFO - Processing file /home/cloud/codings/airflow/dags/hello_world.py for tasks to queue
[2026-03-11T04:22:08.779+0000] {logging_mixin.py:188} INFO - [2026-03-11T04:22:08.777+0000] {dagbag.py:545} INFO - Filling up the DagBag from /home/cloud/codings/airflow/dags/hello_world.py
[2026-03-11T04:22:08.814+0000] {processor.py:840} INFO - DAG(s) 'hello_world' retrieved from /home/cloud/codings/airflow/dags/hello_world.py
[2026-03-11T04:22:08.853+0000] {logging_mixin.py:188} INFO - [2026-03-11T04:22:08.853+0000] {dag.py:3089} INFO - Sync 1 DAGs
[2026-03-11T04:22:08.889+0000] {logging_mixin.py:188} INFO - [2026-03-11T04:22:08.889+0000] {dag.py:3947} INFO - Setting next_dagrun for hello_world to 2026-03-10 00:00:00+00:00, run_after=2026-03-11 00:00:00+00:00
[2026-03-11T04:22:09.169+0000] {processor.py:183} INFO - Processing /home/cloud/codings/airflow/dags/hello_world.py took 0.413 seconds
[2026-03-11T04:22:40.250+0000] {processor.py:161} INFO - Started process (PID=527038) to work on /home/cloud/codings/airflow/dags/hello_world.py
[2026-03-11T04:22:40.280+0000] {processor.py:830} INFO - Processing file /home/cloud/codings/airflow/dags/hello_world.py for tasks to queue
[2026-03-11T04:22:40.282+0000] {logging_mixin.py:188} INFO - [2026-03-11T04:22:40.281+0000] {dagbag.py:545} INFO - Filling up the DagBag from /home/cloud/codings/airflow/dags/hello_world.py
[2026-03-11T04:22:40.302+0000] {processor.py:840} INFO - DAG(s) 'hello_world' retrieved from /home/cloud/codings/airflow/dags/hello_world.py
[2026-03-11T04:22:40.337+0000] {logging_mixin.py:188} INFO - [2026-03-11T04:22:40.337+0000] {dag.py:3089} INFO - Sync 1 DAGs
[2026-03-11T04:22:40.533+0000] {logging_mixin.py:188} INFO - [2026-03-11T04:22:40.533+0000] {dag.py:3947} INFO - Setting next_dagrun for hello_world to 2026-03-10 00:00:00+00:00, run_after=2026-03-11 00:00:00+00:00
[2026-03-11T04:22:40.574+0000] {processor.py:183} INFO - Processing /home/cloud/codings/airflow/dags/hello_world.py took 0.333 seconds
[2026-03-11T04:23:10.952+0000] {processor.py:161} INFO - Started process (PID=527125) to work on /home/cloud/codings/airflow/dags/hello_world.py
[2026-03-11T04:23:10.970+0000] {processor.py:830} INFO - Processing file /home/cloud/codings/airflow/dags/hello_world.py for tasks to queue
[2026-03-11T04:23:10.972+0000] {logging_mixin.py:188} INFO - [2026-03-11T04:23:10.971+0000] {dagbag.py:545} INFO - Filling up the DagBag from /home/cloud/codings/airflow/dags/hello_world.py
[2026-03-11T04:23:10.993+0000] {processor.py:840} INFO - DAG(s) 'hello_world' retrieved from /home/cloud/codings/airflow/dags/hello_world.py
[2026-03-11T04:23:11.031+0000] {logging_mixin.py:188} INFO - [2026-03-11T04:23:11.031+0000] {dag.py:3089} INFO - Sync 1 DAGs
[2026-03-11T04:23:11.263+0000] {logging_mixin.py:188} INFO - [2026-03-11T04:23:11.262+0000] {dag.py:3947} INFO - Setting next_dagrun for hello_world to 2026-03-10 00:00:00+00:00, run_after=2026-03-11 00:00:00+00:00
[2026-03-11T04:23:11.315+0000] {processor.py:183} INFO - Processing /home/cloud/codings/airflow/dags/hello_world.py took 0.376 seconds
[2026-03-11T04:23:41.537+0000] {processor.py:161} INFO - Started process (PID=527145) to work on /home/cloud/codings/airflow/dags/hello_world.py
[2026-03-11T04:23:41.555+0000] {processor.py:830} INFO - Processing file /home/cloud/codings/airflow/dags/hello_world.py for tasks to queue
[2026-03-11T04:23:41.556+0000] {logging_mixin.py:188} INFO - [2026-03-11T04:23:41.555+0000] {dagbag.py:545} INFO - Filling up the DagBag from /home/cloud/codings/airflow/dags/hello_world.py
[2026-03-11T04:23:41.568+0000] {processor.py:840} INFO - DAG(s) 'hello_world' retrieved from /home/cloud/codings/airflow/dags/hello_world.py
[2026-03-11T04:23:41.745+0000] {logging_mixin.py:188} INFO - [2026-03-11T04:23:41.745+0000] {dag.py:3089} INFO - Sync 1 DAGs
[2026-03-11T04:23:41.778+0000] {logging_mixin.py:188} INFO - [2026-03-11T04:23:41.777+0000] {dag.py:3947} INFO - Setting next_dagrun for hello_world to 2026-03-10 00:00:00+00:00, run_after=2026-03-11 00:00:00+00:00
[2026-03-11T04:23:41.834+0000] {processor.py:183} INFO - Processing /home/cloud/codings/airflow/dags/hello_world.py took 0.305 seconds
[2026-03-11T04:24:12.198+0000] {processor.py:161} INFO - Started process (PID=527230) to work on /home/cloud/codings/airflow/dags/hello_world.py
[2026-03-11T04:24:12.220+0000] {processor.py:830} INFO - Processing file /home/cloud/codings/airflow/dags/hello_world.py for tasks to queue
[2026-03-11T04:24:12.224+0000] {logging_mixin.py:188} INFO - [2026-03-11T04:24:12.222+0000] {dagbag.py:545} INFO - Filling up the DagBag from /home/cloud/codings/airflow/dags/hello_world.py
[2026-03-11T04:24:12.278+0000] {processor.py:840} INFO - DAG(s) 'hello_world' retrieved from /home/cloud/codings/airflow/dags/hello_world.py
[2026-03-11T04:24:12.359+0000] {logging_mixin.py:188} INFO - [2026-03-11T04:24:12.358+0000] {dag.py:3089} INFO - Sync 1 DAGs
[2026-03-11T04:24:12.402+0000] {logging_mixin.py:188} INFO - [2026-03-11T04:24:12.402+0000] {dag.py:3947} INFO - Setting next_dagrun for hello_world to 2026-03-10 00:00:00+00:00, run_after=2026-03-11 00:00:00+00:00
[2026-03-11T04:24:12.457+0000] {processor.py:183} INFO - Processing /home/cloud/codings/airflow/dags/hello_world.py took 0.287 seconds
[2026-03-11T04:24:42.936+0000] {processor.py:161} INFO - Started process (PID=527261) to work on /home/cloud/codings/airflow/dags/hello_world.py
[2026-03-11T04:24:42.938+0000] {processor.py:830} INFO - Processing file /home/cloud/codings/airflow/dags/hello_world.py for tasks to queue
[2026-03-11T04:24:42.939+0000] {logging_mixin.py:188} INFO - [2026-03-11T04:24:42.939+0000] {dagbag.py:545} INFO - Filling up the DagBag from /home/cloud/codings/airflow/dags/hello_world.py
[2026-03-11T04:24:42.954+0000] {processor.py:840} INFO - DAG(s) 'hello_world' retrieved from /home/cloud/codings/airflow/dags/hello_world.py
[2026-03-11T04:24:42.984+0000] {logging_mixin.py:188} INFO - [2026-03-11T04:24:42.983+0000] {dag.py:3089} INFO - Sync 1 DAGs
[2026-03-11T04:24:43.008+0000] {logging_mixin.py:188} INFO - [2026-03-11T04:24:43.008+0000] {dag.py:3947} INFO - Setting next_dagrun for hello_world to 2026-03-10 00:00:00+00:00, run_after=2026-03-11 00:00:00+00:00
[2026-03-11T04:24:43.039+0000] {processor.py:183} INFO - Processing /home/cloud/codings/airflow/dags/hello_world.py took 0.112 seconds
[2026-03-11T04:25:13.758+0000] {processor.py:161} INFO - Started process (PID=527404) to work on /home/cloud/codings/airflow/dags/hello_world.py
[2026-03-11T04:25:13.760+0000] {processor.py:830} INFO - Processing file /home/cloud/codings/airflow/dags/hello_world.py for tasks to queue
[2026-03-11T04:25:13.763+0000] {logging_mixin.py:188} INFO - [2026-03-11T04:25:13.762+0000] {dagbag.py:545} INFO - Filling up the DagBag from /home/cloud/codings/airflow/dags/hello_world.py
[2026-03-11T04:25:13.786+0000] {processor.py:840} INFO - DAG(s) 'hello_world' retrieved from /home/cloud/codings/airflow/dags/hello_world.py
[2026-03-11T04:25:13.813+0000] {logging_mixin.py:188} INFO - [2026-03-11T04:25:13.813+0000] {dag.py:3089} INFO - Sync 1 DAGs
[2026-03-11T04:25:13.841+0000] {logging_mixin.py:188} INFO - [2026-03-11T04:25:13.841+0000] {dag.py:3947} INFO - Setting next_dagrun for hello_world to 2026-03-10 00:00:00+00:00, run_after=2026-03-11 00:00:00+00:00
[2026-03-11T04:25:13.883+0000] {processor.py:183} INFO - Processing /home/cloud/codings/airflow/dags/hello_world.py took 0.144 seconds
[2026-03-11T04:25:44.574+0000] {processor.py:161} INFO - Started process (PID=527431) to work on /home/cloud/codings/airflow/dags/hello_world.py
[2026-03-11T04:25:44.599+0000] {processor.py:830} INFO - Processing file /home/cloud/codings/airflow/dags/hello_world.py for tasks to queue
[2026-03-11T04:25:44.601+0000] {logging_mixin.py:188} INFO - [2026-03-11T04:25:44.601+0000] {dagbag.py:545} INFO - Filling up the DagBag from /home/cloud/codings/airflow/dags/hello_world.py
[2026-03-11T04:25:44.620+0000] {processor.py:840} INFO - DAG(s) 'hello_world' retrieved from /home/cloud/codings/airflow/dags/hello_world.py
[2026-03-11T04:25:44.650+0000] {logging_mixin.py:188} INFO - [2026-03-11T04:25:44.649+0000] {dag.py:3089} INFO - Sync 1 DAGs
[2026-03-11T04:25:44.680+0000] {logging_mixin.py:188} INFO - [2026-03-11T04:25:44.680+0000] {dag.py:3947} INFO - Setting next_dagrun for hello_world to 2026-03-10 00:00:00+00:00, run_after=2026-03-11 00:00:00+00:00
[2026-03-11T04:25:44.715+0000] {processor.py:183} INFO - Processing /home/cloud/codings/airflow/dags/hello_world.py took 0.154 seconds
[2026-03-11T04:26:15.270+0000] {processor.py:161} INFO - Started process (PID=527508) to work on /home/cloud/codings/airflow/dags/hello_world.py
[2026-03-11T04:26:15.275+0000] {processor.py:830} INFO - Processing file /home/cloud/codings/airflow/dags/hello_world.py for tasks to queue
[2026-03-11T04:26:15.278+0000] {logging_mixin.py:188} INFO - [2026-03-11T04:26:15.277+0000] {dagbag.py:545} INFO - Filling up the DagBag from /home/cloud/codings/airflow/dags/hello_world.py
[2026-03-11T04:26:15.293+0000] {processor.py:840} INFO - DAG(s) 'hello_world' retrieved from /home/cloud/codings/airflow/dags/hello_world.py
[2026-03-11T04:26:15.314+0000] {logging_mixin.py:188} INFO - [2026-03-11T04:26:15.314+0000] {dag.py:3089} INFO - Sync 1 DAGs
[2026-03-11T04:26:15.335+0000] {logging_mixin.py:188} INFO - [2026-03-11T04:26:15.335+0000] {dag.py:3947} INFO - Setting next_dagrun for hello_world to 2026-03-10 00:00:00+00:00, run_after=2026-03-11 00:00:00+00:00
[2026-03-11T04:26:15.363+0000] {processor.py:183} INFO - Processing /home/cloud/codings/airflow/dags/hello_world.py took 0.100 seconds
[2026-03-11T04:26:46.204+0000] {processor.py:161} INFO - Started process (PID=527560) to work on /home/cloud/codings/airflow/dags/hello_world.py
[2026-03-11T04:26:46.237+0000] {processor.py:830} INFO - Processing file /home/cloud/codings/airflow/dags/hello_world.py for tasks to queue
[2026-03-11T04:26:46.239+0000] {logging_mixin.py:188} INFO - [2026-03-11T04:26:46.238+0000] {dagbag.py:545} INFO - Filling up the DagBag from /home/cloud/codings/airflow/dags/hello_world.py
[2026-03-11T04:26:46.267+0000] {processor.py:840} INFO - DAG(s) 'hello_world' retrieved from /home/cloud/codings/airflow/dags/hello_world.py
[2026-03-11T04:26:46.316+0000] {logging_mixin.py:188} INFO - [2026-03-11T04:26:46.316+0000] {dag.py:3089} INFO - Sync 1 DAGs
[2026-03-11T04:26:46.361+0000] {logging_mixin.py:188} INFO - [2026-03-11T04:26:46.360+0000] {dag.py:3947} INFO - Setting next_dagrun for hello_world to 2026-03-10 00:00:00+00:00, run_after=2026-03-11 00:00:00+00:00
[2026-03-11T04:26:46.477+0000] {processor.py:183} INFO - Processing /home/cloud/codings/airflow/dags/hello_world.py took 0.288 seconds
[2026-03-11T04:27:16.609+0000] {processor.py:161} INFO - Started process (PID=527620) to work on /home/cloud/codings/airflow/dags/hello_world.py
[2026-03-11T04:27:16.610+0000] {processor.py:830} INFO - Processing file /home/cloud/codings/airflow/dags/hello_world.py for tasks to queue
[2026-03-11T04:27:16.612+0000] {logging_mixin.py:188} INFO - [2026-03-11T04:27:16.611+0000] {dagbag.py:545} INFO - Filling up the DagBag from /home/cloud/codings/airflow/dags/hello_world.py
[2026-03-11T04:27:16.629+0000] {processor.py:840} INFO - DAG(s) 'hello_world' retrieved from /home/cloud/codings/airflow/dags/hello_world.py
[2026-03-11T04:27:16.659+0000] {logging_mixin.py:188} INFO - [2026-03-11T04:27:16.659+0000] {dag.py:3089} INFO - Sync 1 DAGs
[2026-03-11T04:27:16.681+0000] {logging_mixin.py:188} INFO - [2026-03-11T04:27:16.681+0000] {dag.py:3947} INFO - Setting next_dagrun for hello_world to 2026-03-10 00:00:00+00:00, run_after=2026-03-11 00:00:00+00:00
[2026-03-11T04:27:16.708+0000] {processor.py:183} INFO - Processing /home/cloud/codings/airflow/dags/hello_world.py took 0.112 seconds
[2026-03-11T04:27:47.153+0000] {processor.py:161} INFO - Started process (PID=527707) to work on /home/cloud/codings/airflow/dags/hello_world.py
[2026-03-11T04:27:47.183+0000] {processor.py:830} INFO - Processing file /home/cloud/codings/airflow/dags/hello_world.py for tasks to queue
[2026-03-11T04:27:47.185+0000] {logging_mixin.py:188} INFO - [2026-03-11T04:27:47.184+0000] {dagbag.py:545} INFO - Filling up the DagBag from /home/cloud/codings/airflow/dags/hello_world.py
[2026-03-11T04:27:47.212+0000] {processor.py:840} INFO - DAG(s) 'hello_world' retrieved from /home/cloud/codings/airflow/dags/hello_world.py
[2026-03-11T04:27:47.258+0000] {logging_mixin.py:188} INFO - [2026-03-11T04:27:47.258+0000] {dag.py:3089} INFO - Sync 1 DAGs
[2026-03-11T04:27:47.306+0000] {logging_mixin.py:188} INFO - [2026-03-11T04:27:47.305+0000] {dag.py:3947} INFO - Setting next_dagrun for hello_world to 2026-03-10 00:00:00+00:00, run_after=2026-03-11 00:00:00+00:00
[2026-03-11T04:27:47.416+0000] {processor.py:183} INFO - Processing /home/cloud/codings/airflow/dags/hello_world.py took 0.277 seconds
[2026-03-11T04:28:17.874+0000] {processor.py:161} INFO - Started process (PID=527730) to work on /home/cloud/codings/airflow/dags/hello_world.py
[2026-03-11T04:28:17.880+0000] {processor.py:830} INFO - Processing file /home/cloud/codings/airflow/dags/hello_world.py for tasks to queue
[2026-03-11T04:28:17.887+0000] {logging_mixin.py:188} INFO - [2026-03-11T04:28:17.883+0000] {dagbag.py:545} INFO - Filling up the DagBag from /home/cloud/codings/airflow/dags/hello_world.py
[2026-03-11T04:28:17.928+0000] {processor.py:840} INFO - DAG(s) 'hello_world' retrieved from /home/cloud/codings/airflow/dags/hello_world.py
[2026-03-11T04:28:17.969+0000] {logging_mixin.py:188} INFO - [2026-03-11T04:28:17.968+0000] {dag.py:3089} INFO - Sync 1 DAGs
[2026-03-11T04:28:17.994+0000] {logging_mixin.py:188} INFO - [2026-03-11T04:28:17.994+0000] {dag.py:3947} INFO - Setting next_dagrun for hello_world to 2026-03-10 00:00:00+00:00, run_after=2026-03-11 00:00:00+00:00
[2026-03-11T04:28:18.044+0000] {processor.py:183} INFO - Processing /home/cloud/codings/airflow/dags/hello_world.py took 0.207 seconds
[2026-03-11T04:28:48.505+0000] {processor.py:161} INFO - Started process (PID=527814) to work on /home/cloud/codings/airflow/dags/hello_world.py
[2026-03-11T04:28:48.539+0000] {processor.py:830} INFO - Processing file /home/cloud/codings/airflow/dags/hello_world.py for tasks to queue
[2026-03-11T04:28:48.543+0000] {logging_mixin.py:188} INFO - [2026-03-11T04:28:48.542+0000] {dagbag.py:545} INFO - Filling up the DagBag from /home/cloud/codings/airflow/dags/hello_world.py
[2026-03-11T04:28:48.598+0000] {processor.py:840} INFO - DAG(s) 'hello_world' retrieved from /home/cloud/codings/airflow/dags/hello_world.py
[2026-03-11T04:28:48.711+0000] {logging_mixin.py:188} INFO - [2026-03-11T04:28:48.709+0000] {dag.py:3089} INFO - Sync 1 DAGs
[2026-03-11T04:28:48.822+0000] {logging_mixin.py:188} INFO - [2026-03-11T04:28:48.821+0000] {dag.py:3947} INFO - Setting next_dagrun for hello_world to 2026-03-10 00:00:00+00:00, run_after=2026-03-11 00:00:00+00:00
[2026-03-11T04:28:48.964+0000] {processor.py:183} INFO - Processing /home/cloud/codings/airflow/dags/hello_world.py took 0.491 seconds
[2026-03-11T04:29:19.424+0000] {processor.py:161} INFO - Started process (PID=527846) to work on /home/cloud/codings/airflow/dags/hello_world.py
[2026-03-11T04:29:19.454+0000] {processor.py:830} INFO - Processing file /home/cloud/codings/airflow/dags/hello_world.py for tasks to queue
[2026-03-11T04:29:19.459+0000] {logging_mixin.py:188} INFO - [2026-03-11T04:29:19.457+0000] {dagbag.py:545} INFO - Filling up the DagBag from /home/cloud/codings/airflow/dags/hello_world.py
[2026-03-11T04:29:19.514+0000] {processor.py:840} INFO - DAG(s) 'hello_world' retrieved from /home/cloud/codings/airflow/dags/hello_world.py
[2026-03-11T04:29:19.604+0000] {logging_mixin.py:188} INFO - [2026-03-11T04:29:19.603+0000] {dag.py:3089} INFO - Sync 1 DAGs
[2026-03-11T04:29:19.671+0000] {logging_mixin.py:188} INFO - [2026-03-11T04:29:19.670+0000] {dag.py:3947} INFO - Setting next_dagrun for hello_world to 2026-03-10 00:00:00+00:00, run_after=2026-03-11 00:00:00+00:00
[2026-03-11T04:29:19.725+0000] {processor.py:183} INFO - Processing /home/cloud/codings/airflow/dags/hello_world.py took 0.329 seconds
[2026-03-11T04:29:50.055+0000] {processor.py:161} INFO - Started process (PID=527933) to work on /home/cloud/codings/airflow/dags/hello_world.py
[2026-03-11T04:29:50.081+0000] {processor.py:830} INFO - Processing file /home/cloud/codings/airflow/dags/hello_world.py for tasks to queue
[2026-03-11T04:29:50.082+0000] {logging_mixin.py:188} INFO - [2026-03-11T04:29:50.082+0000] {dagbag.py:545} INFO - Filling up the DagBag from /home/cloud/codings/airflow/dags/hello_world.py
[2026-03-11T04:29:50.102+0000] {processor.py:840} INFO - DAG(s) 'hello_world' retrieved from /home/cloud/codings/airflow/dags/hello_world.py
[2026-03-11T04:29:50.134+0000] {logging_mixin.py:188} INFO - [2026-03-11T04:29:50.134+0000] {dag.py:3089} INFO - Sync 1 DAGs
[2026-03-11T04:29:50.167+0000] {logging_mixin.py:188} INFO - [2026-03-11T04:29:50.167+0000] {dag.py:3947} INFO - Setting next_dagrun for hello_world to 2026-03-10 00:00:00+00:00, run_after=2026-03-11 00:00:00+00:00
[2026-03-11T04:29:50.204+0000] {processor.py:183} INFO - Processing /home/cloud/codings/airflow/dags/hello_world.py took 0.162 seconds
[2026-03-11T04:30:20.559+0000] {processor.py:161} INFO - Started process (PID=528016) to work on /home/cloud/codings/airflow/dags/hello_world.py
[2026-03-11T04:30:20.561+0000] {processor.py:830} INFO - Processing file /home/cloud/codings/airflow/dags/hello_world.py for tasks to queue
[2026-03-11T04:30:20.562+0000] {logging_mixin.py:188} INFO - [2026-03-11T04:30:20.561+0000] {dagbag.py:545} INFO - Filling up the DagBag from /home/cloud/codings/airflow/dags/hello_world.py
[2026-03-11T04:30:20.579+0000] {processor.py:840} INFO - DAG(s) 'hello_world' retrieved from /home/cloud/codings/airflow/dags/hello_world.py
[2026-03-11T04:30:20.616+0000] {logging_mixin.py:188} INFO - [2026-03-11T04:30:20.615+0000] {dag.py:3089} INFO - Sync 1 DAGs
[2026-03-11T04:30:20.655+0000] {logging_mixin.py:188} INFO - [2026-03-11T04:30:20.655+0000] {dag.py:3947} INFO - Setting next_dagrun for hello_world to 2026-03-10 00:00:00+00:00, run_after=2026-03-11 00:00:00+00:00
[2026-03-11T04:30:20.698+0000] {processor.py:183} INFO - Processing /home/cloud/codings/airflow/dags/hello_world.py took 0.149 seconds
[2026-03-11T04:30:51.049+0000] {processor.py:161} INFO - Started process (PID=528107) to work on /home/cloud/codings/airflow/dags/hello_world.py
[2026-03-11T04:30:51.075+0000] {processor.py:830} INFO - Processing file /home/cloud/codings/airflow/dags/hello_world.py for tasks to queue
[2026-03-11T04:30:51.077+0000] {logging_mixin.py:188} INFO - [2026-03-11T04:30:51.076+0000] {dagbag.py:545} INFO - Filling up the DagBag from /home/cloud/codings/airflow/dags/hello_world.py
[2026-03-11T04:30:51.097+0000] {processor.py:840} INFO - DAG(s) 'hello_world' retrieved from /home/cloud/codings/airflow/dags/hello_world.py
[2026-03-11T04:30:51.131+0000] {logging_mixin.py:188} INFO - [2026-03-11T04:30:51.131+0000] {dag.py:3089} INFO - Sync 1 DAGs
[2026-03-11T04:30:51.163+0000] {logging_mixin.py:188} INFO - [2026-03-11T04:30:51.163+0000] {dag.py:3947} INFO - Setting next_dagrun for hello_world to 2026-03-10 00:00:00+00:00, run_after=2026-03-11 00:00:00+00:00
[2026-03-11T04:30:51.194+0000] {processor.py:183} INFO - Processing /home/cloud/codings/airflow/dags/hello_world.py took 0.151 seconds
[2026-03-11T04:31:21.589+0000] {processor.py:161} INFO - Started process (PID=528130) to work on /home/cloud/codings/airflow/dags/hello_world.py
[2026-03-11T04:31:21.590+0000] {processor.py:830} INFO - Processing file /home/cloud/codings/airflow/dags/hello_world.py for tasks to queue
[2026-03-11T04:31:21.591+0000] {logging_mixin.py:188} INFO - [2026-03-11T04:31:21.591+0000] {dagbag.py:545} INFO - Filling up the DagBag from /home/cloud/codings/airflow/dags/hello_world.py
[2026-03-11T04:31:21.604+0000] {processor.py:840} INFO - DAG(s) 'hello_world' retrieved from /home/cloud/codings/airflow/dags/hello_world.py
[2026-03-11T04:31:21.639+0000] {logging_mixin.py:188} INFO - [2026-03-11T04:31:21.638+0000] {dag.py:3089} INFO - Sync 1 DAGs
[2026-03-11T04:31:21.667+0000] {logging_mixin.py:188} INFO - [2026-03-11T04:31:21.666+0000] {dag.py:3947} INFO - Setting next_dagrun for hello_world to 2026-03-10 00:00:00+00:00, run_after=2026-03-11 00:00:00+00:00
[2026-03-11T04:31:21.692+0000] {processor.py:183} INFO - Processing /home/cloud/codings/airflow/dags/hello_world.py took 0.110 seconds
[2026-03-11T04:31:52.294+0000] {processor.py:161} INFO - Started process (PID=528212) to work on /home/cloud/codings/airflow/dags/hello_world.py
[2026-03-11T04:31:52.320+0000] {processor.py:830} INFO - Processing file /home/cloud/codings/airflow/dags/hello_world.py for tasks to queue
[2026-03-11T04:31:52.322+0000] {logging_mixin.py:188} INFO - [2026-03-11T04:31:52.321+0000] {dagbag.py:545} INFO - Filling up the DagBag from /home/cloud/codings/airflow/dags/hello_world.py
[2026-03-11T04:31:52.353+0000] {processor.py:840} INFO - DAG(s) 'hello_world' retrieved from /home/cloud/codings/airflow/dags/hello_world.py
[2026-03-11T04:31:52.397+0000] {logging_mixin.py:188} INFO - [2026-03-11T04:31:52.396+0000] {dag.py:3089} INFO - Sync 1 DAGs
[2026-03-11T04:31:52.440+0000] {logging_mixin.py:188} INFO - [2026-03-11T04:31:52.439+0000] {dag.py:3947} INFO - Setting next_dagrun for hello_world to 2026-03-10 00:00:00+00:00, run_after=2026-03-11 00:00:00+00:00
[2026-03-11T04:31:52.487+0000] {processor.py:183} INFO - Processing /home/cloud/codings/airflow/dags/hello_world.py took 0.211 seconds
[2026-03-11T04:32:22.918+0000] {processor.py:161} INFO - Started process (PID=528237) to work on /home/cloud/codings/airflow/dags/hello_world.py
[2026-03-11T04:32:22.921+0000] {processor.py:830} INFO - Processing file /home/cloud/codings/airflow/dags/hello_world.py for tasks to queue
[2026-03-11T04:32:22.923+0000] {logging_mixin.py:188} INFO - [2026-03-11T04:32:22.922+0000] {dagbag.py:545} INFO - Filling up the DagBag from /home/cloud/codings/airflow/dags/hello_world.py
[2026-03-11T04:32:22.956+0000] {processor.py:840} INFO - DAG(s) 'hello_world' retrieved from /home/cloud/codings/airflow/dags/hello_world.py
[2026-03-11T04:32:23.001+0000] {logging_mixin.py:188} INFO - [2026-03-11T04:32:23.001+0000] {dag.py:3089} INFO - Sync 1 DAGs
[2026-03-11T04:32:23.045+0000] {logging_mixin.py:188} INFO - [2026-03-11T04:32:23.045+0000] {dag.py:3947} INFO - Setting next_dagrun for hello_world to 2026-03-10 00:00:00+00:00, run_after=2026-03-11 00:00:00+00:00
[2026-03-11T04:32:23.114+0000] {processor.py:183} INFO - Processing /home/cloud/codings/airflow/dags/hello_world.py took 0.211 seconds
[2026-03-11T04:32:53.629+0000] {processor.py:161} INFO - Started process (PID=528326) to work on /home/cloud/codings/airflow/dags/hello_world.py
[2026-03-11T04:32:53.633+0000] {processor.py:830} INFO - Processing file /home/cloud/codings/airflow/dags/hello_world.py for tasks to queue
[2026-03-11T04:32:53.636+0000] {logging_mixin.py:188} INFO - [2026-03-11T04:32:53.635+0000] {dagbag.py:545} INFO - Filling up the DagBag from /home/cloud/codings/airflow/dags/hello_world.py
[2026-03-11T04:32:53.658+0000] {processor.py:840} INFO - DAG(s) 'hello_world' retrieved from /home/cloud/codings/airflow/dags/hello_world.py
[2026-03-11T04:32:53.699+0000] {logging_mixin.py:188} INFO - [2026-03-11T04:32:53.698+0000] {dag.py:3089} INFO - Sync 1 DAGs
[2026-03-11T04:32:53.727+0000] {logging_mixin.py:188} INFO - [2026-03-11T04:32:53.727+0000] {dag.py:3947} INFO - Setting next_dagrun for hello_world to 2026-03-10 00:00:00+00:00, run_after=2026-03-11 00:00:00+00:00
[2026-03-11T04:32:53.763+0000] {processor.py:183} INFO - Processing /home/cloud/codings/airflow/dags/hello_world.py took 0.152 seconds
[2026-03-11T04:33:24.232+0000] {processor.py:161} INFO - Started process (PID=528349) to work on /home/cloud/codings/airflow/dags/hello_world.py
[2026-03-11T04:33:24.262+0000] {processor.py:830} INFO - Processing file /home/cloud/codings/airflow/dags/hello_world.py for tasks to queue
[2026-03-11T04:33:24.264+0000] {logging_mixin.py:188} INFO - [2026-03-11T04:33:24.264+0000] {dagbag.py:545} INFO - Filling up the DagBag from /home/cloud/codings/airflow/dags/hello_world.py
[2026-03-11T04:33:24.286+0000] {processor.py:840} INFO - DAG(s) 'hello_world' retrieved from /home/cloud/codings/airflow/dags/hello_world.py
[2026-03-11T04:33:24.320+0000] {logging_mixin.py:188} INFO - [2026-03-11T04:33:24.320+0000] {dag.py:3089} INFO - Sync 1 DAGs
[2026-03-11T04:33:24.343+0000] {logging_mixin.py:188} INFO - [2026-03-11T04:33:24.343+0000] {dag.py:3947} INFO - Setting next_dagrun for hello_world to 2026-03-10 00:00:00+00:00, run_after=2026-03-11 00:00:00+00:00
[2026-03-11T04:33:24.381+0000] {processor.py:183} INFO - Processing /home/cloud/codings/airflow/dags/hello_world.py took 0.165 seconds
[2026-03-11T04:33:54.732+0000] {processor.py:161} INFO - Started process (PID=528435) to work on /home/cloud/codings/airflow/dags/hello_world.py
[2026-03-11T04:33:54.735+0000] {processor.py:830} INFO - Processing file /home/cloud/codings/airflow/dags/hello_world.py for tasks to queue
[2026-03-11T04:33:54.737+0000] {logging_mixin.py:188} INFO - [2026-03-11T04:33:54.736+0000] {dagbag.py:545} INFO - Filling up the DagBag from /home/cloud/codings/airflow/dags/hello_world.py
[2026-03-11T04:33:54.759+0000] {processor.py:840} INFO - DAG(s) 'hello_world' retrieved from /home/cloud/codings/airflow/dags/hello_world.py
[2026-03-11T04:33:54.804+0000] {logging_mixin.py:188} INFO - [2026-03-11T04:33:54.804+0000] {dag.py:3089} INFO - Sync 1 DAGs
[2026-03-11T04:33:54.833+0000] {logging_mixin.py:188} INFO - [2026-03-11T04:33:54.833+0000] {dag.py:3947} INFO - Setting next_dagrun for hello_world to 2026-03-10 00:00:00+00:00, run_after=2026-03-11 00:00:00+00:00
[2026-03-11T04:33:54.867+0000] {processor.py:183} INFO - Processing /home/cloud/codings/airflow/dags/hello_world.py took 0.149 seconds
[2026-03-11T04:34:25.266+0000] {processor.py:161} INFO - Started process (PID=528454) to work on /home/cloud/codings/airflow/dags/hello_world.py
[2026-03-11T04:34:25.268+0000] {processor.py:830} INFO - Processing file /home/cloud/codings/airflow/dags/hello_world.py for tasks to queue
[2026-03-11T04:34:25.269+0000] {logging_mixin.py:188} INFO - [2026-03-11T04:34:25.268+0000] {dagbag.py:545} INFO - Filling up the DagBag from /home/cloud/codings/airflow/dags/hello_world.py
[2026-03-11T04:34:25.283+0000] {processor.py:840} INFO - DAG(s) 'hello_world' retrieved from /home/cloud/codings/airflow/dags/hello_world.py
[2026-03-11T04:34:25.307+0000] {logging_mixin.py:188} INFO - [2026-03-11T04:34:25.307+0000] {dag.py:3089} INFO - Sync 1 DAGs
[2026-03-11T04:34:25.336+0000] {logging_mixin.py:188} INFO - [2026-03-11T04:34:25.336+0000] {dag.py:3947} INFO - Setting next_dagrun for hello_world to 2026-03-10 00:00:00+00:00, run_after=2026-03-11 00:00:00+00:00
[2026-03-11T04:34:25.371+0000] {processor.py:183} INFO - Processing /home/cloud/codings/airflow/dags/hello_world.py took 0.113 seconds
[2026-03-11T04:34:55.782+0000] {processor.py:161} INFO - Started process (PID=528603) to work on /home/cloud/codings/airflow/dags/hello_world.py
[2026-03-11T04:34:55.804+0000] {processor.py:830} INFO - Processing file /home/cloud/codings/airflow/dags/hello_world.py for tasks to queue
[2026-03-11T04:34:55.806+0000] {logging_mixin.py:188} INFO - [2026-03-11T04:34:55.805+0000] {dagbag.py:545} INFO - Filling up the DagBag from /home/cloud/codings/airflow/dags/hello_world.py
[2026-03-11T04:34:55.828+0000] {processor.py:840} INFO - DAG(s) 'hello_world' retrieved from /home/cloud/codings/airflow/dags/hello_world.py
[2026-03-11T04:34:55.869+0000] {logging_mixin.py:188} INFO - [2026-03-11T04:34:55.869+0000] {dag.py:3089} INFO - Sync 1 DAGs
[2026-03-11T04:34:55.909+0000] {logging_mixin.py:188} INFO - [2026-03-11T04:34:55.909+0000] {dag.py:3947} INFO - Setting next_dagrun for hello_world to 2026-03-10 00:00:00+00:00, run_after=2026-03-11 00:00:00+00:00
[2026-03-11T04:34:55.990+0000] {processor.py:183} INFO - Processing /home/cloud/codings/airflow/dags/hello_world.py took 0.218 seconds
[2026-03-11T04:35:26.687+0000] {processor.py:161} INFO - Started process (PID=528686) to work on /home/cloud/codings/airflow/dags/hello_world.py
[2026-03-11T04:35:26.706+0000] {processor.py:830} INFO - Processing file /home/cloud/codings/airflow/dags/hello_world.py for tasks to queue
[2026-03-11T04:35:26.708+0000] {logging_mixin.py:188} INFO - [2026-03-11T04:35:26.707+0000] {dagbag.py:545} INFO - Filling up the DagBag from /home/cloud/codings/airflow/dags/hello_world.py
[2026-03-11T04:35:26.730+0000] {processor.py:840} INFO - DAG(s) 'hello_world' retrieved from /home/cloud/codings/airflow/dags/hello_world.py
[2026-03-11T04:35:26.776+0000] {logging_mixin.py:188} INFO - [2026-03-11T04:35:26.775+0000] {dag.py:3089} INFO - Sync 1 DAGs
[2026-03-11T04:35:26.820+0000] {logging_mixin.py:188} INFO - [2026-03-11T04:35:26.819+0000] {dag.py:3947} INFO - Setting next_dagrun for hello_world to 2026-03-10 00:00:00+00:00, run_after=2026-03-11 00:00:00+00:00
[2026-03-11T04:35:26.889+0000] {processor.py:183} INFO - Processing /home/cloud/codings/airflow/dags/hello_world.py took 0.215 seconds
[2026-03-11T04:35:57.400+0000] {processor.py:161} INFO - Started process (PID=528771) to work on /home/cloud/codings/airflow/dags/hello_world.py
[2026-03-11T04:35:57.429+0000] {processor.py:830} INFO - Processing file /home/cloud/codings/airflow/dags/hello_world.py for tasks to queue
[2026-03-11T04:35:57.431+0000] {logging_mixin.py:188} INFO - [2026-03-11T04:35:57.430+0000] {dagbag.py:545} INFO - Filling up the DagBag from /home/cloud/codings/airflow/dags/hello_world.py
[2026-03-11T04:35:57.456+0000] {processor.py:840} INFO - DAG(s) 'hello_world' retrieved from /home/cloud/codings/airflow/dags/hello_world.py
[2026-03-11T04:35:57.499+0000] {logging_mixin.py:188} INFO - [2026-03-11T04:35:57.499+0000] {dag.py:3089} INFO - Sync 1 DAGs
[2026-03-11T04:35:57.546+0000] {logging_mixin.py:188} INFO - [2026-03-11T04:35:57.545+0000] {dag.py:3947} INFO - Setting next_dagrun for hello_world to 2026-03-10 00:00:00+00:00, run_after=2026-03-11 00:00:00+00:00
[2026-03-11T04:35:57.620+0000] {processor.py:183} INFO - Processing /home/cloud/codings/airflow/dags/hello_world.py took 0.237 seconds
[2026-03-11T04:36:28.056+0000] {processor.py:161} INFO - Started process (PID=528796) to work on /home/cloud/codings/airflow/dags/hello_world.py
[2026-03-11T04:36:28.086+0000] {processor.py:830} INFO - Processing file /home/cloud/codings/airflow/dags/hello_world.py for tasks to queue
[2026-03-11T04:36:28.087+0000] {logging_mixin.py:188} INFO - [2026-03-11T04:36:28.087+0000] {dagbag.py:545} INFO - Filling up the DagBag from /home/cloud/codings/airflow/dags/hello_world.py
[2026-03-11T04:36:28.109+0000] {processor.py:840} INFO - DAG(s) 'hello_world' retrieved from /home/cloud/codings/airflow/dags/hello_world.py
[2026-03-11T04:36:28.150+0000] {logging_mixin.py:188} INFO - [2026-03-11T04:36:28.150+0000] {dag.py:3089} INFO - Sync 1 DAGs
[2026-03-11T04:36:28.193+0000] {logging_mixin.py:188} INFO - [2026-03-11T04:36:28.193+0000] {dag.py:3947} INFO - Setting next_dagrun for hello_world to 2026-03-10 00:00:00+00:00, run_after=2026-03-11 00:00:00+00:00
[2026-03-11T04:36:28.267+0000] {processor.py:183} INFO - Processing /home/cloud/codings/airflow/dags/hello_world.py took 0.227 seconds
[2026-03-11T04:36:58.586+0000] {processor.py:161} INFO - Started process (PID=528877) to work on /home/cloud/codings/airflow/dags/hello_world.py
[2026-03-11T04:36:58.618+0000] {processor.py:830} INFO - Processing file /home/cloud/codings/airflow/dags/hello_world.py for tasks to queue
[2026-03-11T04:36:58.620+0000] {logging_mixin.py:188} INFO - [2026-03-11T04:36:58.619+0000] {dagbag.py:545} INFO - Filling up the DagBag from /home/cloud/codings/airflow/dags/hello_world.py
[2026-03-11T04:36:58.647+0000] {processor.py:840} INFO - DAG(s) 'hello_world' retrieved from /home/cloud/codings/airflow/dags/hello_world.py
[2026-03-11T04:36:58.700+0000] {logging_mixin.py:188} INFO - [2026-03-11T04:36:58.699+0000] {dag.py:3089} INFO - Sync 1 DAGs
[2026-03-11T04:36:58.736+0000] {logging_mixin.py:188} INFO - [2026-03-11T04:36:58.736+0000] {dag.py:3947} INFO - Setting next_dagrun for hello_world to 2026-03-10 00:00:00+00:00, run_after=2026-03-11 00:00:00+00:00
[2026-03-11T04:36:58.802+0000] {processor.py:183} INFO - Processing /home/cloud/codings/airflow/dags/hello_world.py took 0.239 seconds
[2026-03-11T04:37:29.439+0000] {processor.py:161} INFO - Started process (PID=528902) to work on /home/cloud/codings/airflow/dags/hello_world.py
[2026-03-11T04:37:29.474+0000] {processor.py:830} INFO - Processing file /home/cloud/codings/airflow/dags/hello_world.py for tasks to queue
[2026-03-11T04:37:29.479+0000] {logging_mixin.py:188} INFO - [2026-03-11T04:37:29.477+0000] {dagbag.py:545} INFO - Filling up the DagBag from /home/cloud/codings/airflow/dags/hello_world.py
[2026-03-11T04:37:29.533+0000] {processor.py:840} INFO - DAG(s) 'hello_world' retrieved from /home/cloud/codings/airflow/dags/hello_world.py
[2026-03-11T04:37:29.647+0000] {logging_mixin.py:188} INFO - [2026-03-11T04:37:29.646+0000] {dag.py:3089} INFO - Sync 1 DAGs
[2026-03-11T04:37:29.766+0000] {logging_mixin.py:188} INFO - [2026-03-11T04:37:29.765+0000] {dag.py:3947} INFO - Setting next_dagrun for hello_world to 2026-03-10 00:00:00+00:00, run_after=2026-03-11 00:00:00+00:00
[2026-03-11T04:37:29.898+0000] {processor.py:183} INFO - Processing /home/cloud/codings/airflow/dags/hello_world.py took 0.486 seconds
[2026-03-11T04:38:00.143+0000] {processor.py:161} INFO - Started process (PID=528987) to work on /home/cloud/codings/airflow/dags/hello_world.py
[2026-03-11T04:38:00.147+0000] {processor.py:830} INFO - Processing file /home/cloud/codings/airflow/dags/hello_world.py for tasks to queue
[2026-03-11T04:38:00.150+0000] {logging_mixin.py:188} INFO - [2026-03-11T04:38:00.149+0000] {dagbag.py:545} INFO - Filling up the DagBag from /home/cloud/codings/airflow/dags/hello_world.py
[2026-03-11T04:38:00.178+0000] {processor.py:840} INFO - DAG(s) 'hello_world' retrieved from /home/cloud/codings/airflow/dags/hello_world.py
[2026-03-11T04:38:00.233+0000] {logging_mixin.py:188} INFO - [2026-03-11T04:38:00.233+0000] {dag.py:3089} INFO - Sync 1 DAGs
[2026-03-11T04:38:00.272+0000] {logging_mixin.py:188} INFO - [2026-03-11T04:38:00.272+0000] {dag.py:3947} INFO - Setting next_dagrun for hello_world to 2026-03-10 00:00:00+00:00, run_after=2026-03-11 00:00:00+00:00
[2026-03-11T04:38:00.331+0000] {processor.py:183} INFO - Processing /home/cloud/codings/airflow/dags/hello_world.py took 0.206 seconds
[2026-03-11T04:38:30.886+0000] {processor.py:161} INFO - Started process (PID=529016) to work on /home/cloud/codings/airflow/dags/hello_world.py
[2026-03-11T04:38:30.889+0000] {processor.py:830} INFO - Processing file /home/cloud/codings/airflow/dags/hello_world.py for tasks to queue
[2026-03-11T04:38:30.891+0000] {logging_mixin.py:188} INFO - [2026-03-11T04:38:30.890+0000] {dagbag.py:545} INFO - Filling up the DagBag from /home/cloud/codings/airflow/dags/hello_world.py
[2026-03-11T04:38:30.915+0000] {processor.py:840} INFO - DAG(s) 'hello_world' retrieved from /home/cloud/codings/airflow/dags/hello_world.py
[2026-03-11T04:38:30.977+0000] {logging_mixin.py:188} INFO - [2026-03-11T04:38:30.977+0000] {dag.py:3089} INFO - Sync 1 DAGs
[2026-03-11T04:38:31.009+0000] {logging_mixin.py:188} INFO - [2026-03-11T04:38:31.008+0000] {dag.py:3947} INFO - Setting next_dagrun for hello_world to 2026-03-10 00:00:00+00:00, run_after=2026-03-11 00:00:00+00:00
[2026-03-11T04:38:31.074+0000] {processor.py:183} INFO - Processing /home/cloud/codings/airflow/dags/hello_world.py took 0.202 seconds
[2026-03-11T04:39:01.636+0000] {processor.py:161} INFO - Started process (PID=529103) to work on /home/cloud/codings/airflow/dags/hello_world.py
[2026-03-11T04:39:01.658+0000] {processor.py:830} INFO - Processing file /home/cloud/codings/airflow/dags/hello_world.py for tasks to queue
[2026-03-11T04:39:01.660+0000] {logging_mixin.py:188} INFO - [2026-03-11T04:39:01.659+0000] {dagbag.py:545} INFO - Filling up the DagBag from /home/cloud/codings/airflow/dags/hello_world.py
[2026-03-11T04:39:01.683+0000] {processor.py:840} INFO - DAG(s) 'hello_world' retrieved from /home/cloud/codings/airflow/dags/hello_world.py
[2026-03-11T04:39:01.726+0000] {logging_mixin.py:188} INFO - [2026-03-11T04:39:01.726+0000] {dag.py:3089} INFO - Sync 1 DAGs
[2026-03-11T04:39:01.768+0000] {logging_mixin.py:188} INFO - [2026-03-11T04:39:01.768+0000] {dag.py:3947} INFO - Setting next_dagrun for hello_world to 2026-03-10 00:00:00+00:00, run_after=2026-03-11 00:00:00+00:00
[2026-03-11T04:39:01.834+0000] {processor.py:183} INFO - Processing /home/cloud/codings/airflow/dags/hello_world.py took 0.211 seconds
[2026-03-11T04:39:32.466+0000] {processor.py:161} INFO - Started process (PID=529128) to work on /home/cloud/codings/airflow/dags/hello_world.py
[2026-03-11T04:39:32.492+0000] {processor.py:830} INFO - Processing file /home/cloud/codings/airflow/dags/hello_world.py for tasks to queue
[2026-03-11T04:39:32.494+0000] {logging_mixin.py:188} INFO - [2026-03-11T04:39:32.493+0000] {dagbag.py:545} INFO - Filling up the DagBag from /home/cloud/codings/airflow/dags/hello_world.py
[2026-03-11T04:39:32.515+0000] {processor.py:840} INFO - DAG(s) 'hello_world' retrieved from /home/cloud/codings/airflow/dags/hello_world.py
[2026-03-11T04:39:32.556+0000] {logging_mixin.py:188} INFO - [2026-03-11T04:39:32.555+0000] {dag.py:3089} INFO - Sync 1 DAGs
[2026-03-11T04:39:32.646+0000] {logging_mixin.py:188} INFO - [2026-03-11T04:39:32.645+0000] {dag.py:3947} INFO - Setting next_dagrun for hello_world to 2026-03-10 00:00:00+00:00, run_after=2026-03-11 00:00:00+00:00
[2026-03-11T04:39:32.735+0000] {processor.py:183} INFO - Processing /home/cloud/codings/airflow/dags/hello_world.py took 0.282 seconds
[2026-03-11T04:40:03.193+0000] {processor.py:161} INFO - Started process (PID=529232) to work on /home/cloud/codings/airflow/dags/hello_world.py
[2026-03-11T04:40:03.215+0000] {processor.py:830} INFO - Processing file /home/cloud/codings/airflow/dags/hello_world.py for tasks to queue
[2026-03-11T04:40:03.220+0000] {logging_mixin.py:188} INFO - [2026-03-11T04:40:03.217+0000] {dagbag.py:545} INFO - Filling up the DagBag from /home/cloud/codings/airflow/dags/hello_world.py
[2026-03-11T04:40:03.277+0000] {processor.py:840} INFO - DAG(s) 'hello_world' retrieved from /home/cloud/codings/airflow/dags/hello_world.py
[2026-03-11T04:40:03.348+0000] {logging_mixin.py:188} INFO - [2026-03-11T04:40:03.348+0000] {dag.py:3089} INFO - Sync 1 DAGs
[2026-03-11T04:40:03.435+0000] {logging_mixin.py:188} INFO - [2026-03-11T04:40:03.434+0000] {dag.py:3947} INFO - Setting next_dagrun for hello_world to 2026-03-10 00:00:00+00:00, run_after=2026-03-11 00:00:00+00:00
[2026-03-11T04:40:03.494+0000] {processor.py:183} INFO - Processing /home/cloud/codings/airflow/dags/hello_world.py took 0.338 seconds
[2026-03-11T04:40:34.290+0000] {processor.py:161} INFO - Started process (PID=529294) to work on /home/cloud/codings/airflow/dags/hello_world.py
[2026-03-11T04:40:34.312+0000] {processor.py:830} INFO - Processing file /home/cloud/codings/airflow/dags/hello_world.py for tasks to queue
[2026-03-11T04:40:34.317+0000] {logging_mixin.py:188} INFO - [2026-03-11T04:40:34.315+0000] {dagbag.py:545} INFO - Filling up the DagBag from /home/cloud/codings/airflow/dags/hello_world.py
[2026-03-11T04:40:34.382+0000] {processor.py:840} INFO - DAG(s) 'hello_world' retrieved from /home/cloud/codings/airflow/dags/hello_world.py
[2026-03-11T04:40:34.502+0000] {logging_mixin.py:188} INFO - [2026-03-11T04:40:34.501+0000] {dag.py:3089} INFO - Sync 1 DAGs
[2026-03-11T04:40:34.590+0000] {logging_mixin.py:188} INFO - [2026-03-11T04:40:34.589+0000] {dag.py:3947} INFO - Setting next_dagrun for hello_world to 2026-03-10 00:00:00+00:00, run_after=2026-03-11 00:00:00+00:00
[2026-03-11T04:40:34.640+0000] {processor.py:183} INFO - Processing /home/cloud/codings/airflow/dags/hello_world.py took 0.379 seconds
[2026-03-11T04:41:05.027+0000] {processor.py:161} INFO - Started process (PID=529379) to work on /home/cloud/codings/airflow/dags/hello_world.py
[2026-03-11T04:41:05.050+0000] {processor.py:830} INFO - Processing file /home/cloud/codings/airflow/dags/hello_world.py for tasks to queue
[2026-03-11T04:41:05.055+0000] {logging_mixin.py:188} INFO - [2026-03-11T04:41:05.052+0000] {dagbag.py:545} INFO - Filling up the DagBag from /home/cloud/codings/airflow/dags/hello_world.py
[2026-03-11T04:41:05.092+0000] {processor.py:840} INFO - DAG(s) 'hello_world' retrieved from /home/cloud/codings/airflow/dags/hello_world.py
[2026-03-11T04:41:05.153+0000] {logging_mixin.py:188} INFO - [2026-03-11T04:41:05.152+0000] {dag.py:3089} INFO - Sync 1 DAGs
[2026-03-11T04:41:05.200+0000] {logging_mixin.py:188} INFO - [2026-03-11T04:41:05.200+0000] {dag.py:3947} INFO - Setting next_dagrun for hello_world to 2026-03-10 00:00:00+00:00, run_after=2026-03-11 00:00:00+00:00
[2026-03-11T04:41:05.252+0000] {processor.py:183} INFO - Processing /home/cloud/codings/airflow/dags/hello_world.py took 0.256 seconds
[2026-03-11T04:41:35.642+0000] {processor.py:161} INFO - Started process (PID=529402) to work on /home/cloud/codings/airflow/dags/hello_world.py
[2026-03-11T04:41:35.668+0000] {processor.py:830} INFO - Processing file /home/cloud/codings/airflow/dags/hello_world.py for tasks to queue
[2026-03-11T04:41:35.671+0000] {logging_mixin.py:188} INFO - [2026-03-11T04:41:35.670+0000] {dagbag.py:545} INFO - Filling up the DagBag from /home/cloud/codings/airflow/dags/hello_world.py
[2026-03-11T04:41:35.702+0000] {processor.py:840} INFO - DAG(s) 'hello_world' retrieved from /home/cloud/codings/airflow/dags/hello_world.py
[2026-03-11T04:41:35.766+0000] {logging_mixin.py:188} INFO - [2026-03-11T04:41:35.765+0000] {dag.py:3089} INFO - Sync 1 DAGs
[2026-03-11T04:41:35.796+0000] {logging_mixin.py:188} INFO - [2026-03-11T04:41:35.796+0000] {dag.py:3947} INFO - Setting next_dagrun for hello_world to 2026-03-10 00:00:00+00:00, run_after=2026-03-11 00:00:00+00:00
[2026-03-11T04:41:35.849+0000] {processor.py:183} INFO - Processing /home/cloud/codings/airflow/dags/hello_world.py took 0.225 seconds
[2026-03-11T04:42:07.189+0000] {processor.py:161} INFO - Started process (PID=529489) to work on /home/cloud/codings/airflow/dags/hello_world.py
[2026-03-11T04:42:07.214+0000] {processor.py:830} INFO - Processing file /home/cloud/codings/airflow/dags/hello_world.py for tasks to queue
[2026-03-11T04:42:07.216+0000] {logging_mixin.py:188} INFO - [2026-03-11T04:42:07.215+0000] {dagbag.py:545} INFO - Filling up the DagBag from /home/cloud/codings/airflow/dags/hello_world.py
[2026-03-11T04:42:07.242+0000] {processor.py:840} INFO - DAG(s) 'hello_world' retrieved from /home/cloud/codings/airflow/dags/hello_world.py
[2026-03-11T04:42:07.287+0000] {logging_mixin.py:188} INFO - [2026-03-11T04:42:07.287+0000] {dag.py:3089} INFO - Sync 1 DAGs
[2026-03-11T04:42:07.331+0000] {logging_mixin.py:188} INFO - [2026-03-11T04:42:07.330+0000] {dag.py:3947} INFO - Setting next_dagrun for hello_world to 2026-03-10 00:00:00+00:00, run_after=2026-03-11 00:00:00+00:00
[2026-03-11T04:42:07.414+0000] {processor.py:183} INFO - Processing /home/cloud/codings/airflow/dags/hello_world.py took 0.246 seconds
[2026-03-11T04:42:38.086+0000] {processor.py:161} INFO - Started process (PID=529510) to work on /home/cloud/codings/airflow/dags/hello_world.py
[2026-03-11T04:42:38.115+0000] {processor.py:830} INFO - Processing file /home/cloud/codings/airflow/dags/hello_world.py for tasks to queue
[2026-03-11T04:42:38.119+0000] {logging_mixin.py:188} INFO - [2026-03-11T04:42:38.117+0000] {dagbag.py:545} INFO - Filling up the DagBag from /home/cloud/codings/airflow/dags/hello_world.py
[2026-03-11T04:42:38.167+0000] {processor.py:840} INFO - DAG(s) 'hello_world' retrieved from /home/cloud/codings/airflow/dags/hello_world.py
[2026-03-11T04:42:38.261+0000] {logging_mixin.py:188} INFO - [2026-03-11T04:42:38.260+0000] {dag.py:3089} INFO - Sync 1 DAGs
[2026-03-11T04:42:38.372+0000] {logging_mixin.py:188} INFO - [2026-03-11T04:42:38.372+0000] {dag.py:3947} INFO - Setting next_dagrun for hello_world to 2026-03-10 00:00:00+00:00, run_after=2026-03-11 00:00:00+00:00
[2026-03-11T04:42:38.411+0000] {processor.py:183} INFO - Processing /home/cloud/codings/airflow/dags/hello_world.py took 0.349 seconds
[2026-03-11T04:43:08.650+0000] {processor.py:161} INFO - Started process (PID=529597) to work on /home/cloud/codings/airflow/dags/hello_world.py
[2026-03-11T04:43:08.677+0000] {processor.py:830} INFO - Processing file /home/cloud/codings/airflow/dags/hello_world.py for tasks to queue
[2026-03-11T04:43:08.678+0000] {logging_mixin.py:188} INFO - [2026-03-11T04:43:08.677+0000] {dagbag.py:545} INFO - Filling up the DagBag from /home/cloud/codings/airflow/dags/hello_world.py
[2026-03-11T04:43:08.693+0000] {processor.py:840} INFO - DAG(s) 'hello_world' retrieved from /home/cloud/codings/airflow/dags/hello_world.py
[2026-03-11T04:43:08.722+0000] {logging_mixin.py:188} INFO - [2026-03-11T04:43:08.722+0000] {dag.py:3089} INFO - Sync 1 DAGs
[2026-03-11T04:43:08.752+0000] {logging_mixin.py:188} INFO - [2026-03-11T04:43:08.752+0000] {dag.py:3947} INFO - Setting next_dagrun for hello_world to 2026-03-10 00:00:00+00:00, run_after=2026-03-11 00:00:00+00:00
[2026-03-11T04:43:08.789+0000] {processor.py:183} INFO - Processing /home/cloud/codings/airflow/dags/hello_world.py took 0.148 seconds
[2026-03-11T04:43:39.140+0000] {processor.py:161} INFO - Started process (PID=529621) to work on /home/cloud/codings/airflow/dags/hello_world.py
[2026-03-11T04:43:39.141+0000] {processor.py:830} INFO - Processing file /home/cloud/codings/airflow/dags/hello_world.py for tasks to queue
[2026-03-11T04:43:39.142+0000] {logging_mixin.py:188} INFO - [2026-03-11T04:43:39.142+0000] {dagbag.py:545} INFO - Filling up the DagBag from /home/cloud/codings/airflow/dags/hello_world.py
[2026-03-11T04:43:39.155+0000] {processor.py:840} INFO - DAG(s) 'hello_world' retrieved from /home/cloud/codings/airflow/dags/hello_world.py
[2026-03-11T04:43:39.176+0000] {logging_mixin.py:188} INFO - [2026-03-11T04:43:39.175+0000] {dag.py:3089} INFO - Sync 1 DAGs
[2026-03-11T04:43:39.196+0000] {logging_mixin.py:188} INFO - [2026-03-11T04:43:39.196+0000] {dag.py:3947} INFO - Setting next_dagrun for hello_world to 2026-03-10 00:00:00+00:00, run_after=2026-03-11 00:00:00+00:00
[2026-03-11T04:43:39.223+0000] {processor.py:183} INFO - Processing /home/cloud/codings/airflow/dags/hello_world.py took 0.092 seconds
[2026-03-11T04:44:09.626+0000] {processor.py:161} INFO - Started process (PID=529708) to work on /home/cloud/codings/airflow/dags/hello_world.py
[2026-03-11T04:44:09.646+0000] {processor.py:830} INFO - Processing file /home/cloud/codings/airflow/dags/hello_world.py for tasks to queue
[2026-03-11T04:44:09.649+0000] {logging_mixin.py:188} INFO - [2026-03-11T04:44:09.648+0000] {dagbag.py:545} INFO - Filling up the DagBag from /home/cloud/codings/airflow/dags/hello_world.py
[2026-03-11T04:44:09.671+0000] {processor.py:840} INFO - DAG(s) 'hello_world' retrieved from /home/cloud/codings/airflow/dags/hello_world.py
[2026-03-11T04:44:09.711+0000] {logging_mixin.py:188} INFO - [2026-03-11T04:44:09.711+0000] {dag.py:3089} INFO - Sync 1 DAGs
[2026-03-11T04:44:09.754+0000] {logging_mixin.py:188} INFO - [2026-03-11T04:44:09.754+0000] {dag.py:3947} INFO - Setting next_dagrun for hello_world to 2026-03-10 00:00:00+00:00, run_after=2026-03-11 00:00:00+00:00
[2026-03-11T04:44:09.809+0000] {processor.py:183} INFO - Processing /home/cloud/codings/airflow/dags/hello_world.py took 0.193 seconds
[2026-03-11T04:44:40.336+0000] {processor.py:161} INFO - Started process (PID=529735) to work on /home/cloud/codings/airflow/dags/hello_world.py
[2026-03-11T04:44:40.337+0000] {processor.py:830} INFO - Processing file /home/cloud/codings/airflow/dags/hello_world.py for tasks to queue
[2026-03-11T04:44:40.338+0000] {logging_mixin.py:188} INFO - [2026-03-11T04:44:40.337+0000] {dagbag.py:545} INFO - Filling up the DagBag from /home/cloud/codings/airflow/dags/hello_world.py
[2026-03-11T04:44:40.349+0000] {processor.py:840} INFO - DAG(s) 'hello_world' retrieved from /home/cloud/codings/airflow/dags/hello_world.py
[2026-03-11T04:44:40.369+0000] {logging_mixin.py:188} INFO - [2026-03-11T04:44:40.369+0000] {dag.py:3089} INFO - Sync 1 DAGs
[2026-03-11T04:44:40.389+0000] {logging_mixin.py:188} INFO - [2026-03-11T04:44:40.388+0000] {dag.py:3947} INFO - Setting next_dagrun for hello_world to 2026-03-10 00:00:00+00:00, run_after=2026-03-11 00:00:00+00:00
[2026-03-11T04:44:40.416+0000] {processor.py:183} INFO - Processing /home/cloud/codings/airflow/dags/hello_world.py took 0.087 seconds
[2026-03-11T04:45:10.994+0000] {processor.py:161} INFO - Started process (PID=529882) to work on /home/cloud/codings/airflow/dags/hello_world.py
[2026-03-11T04:45:11.016+0000] {processor.py:830} INFO - Processing file /home/cloud/codings/airflow/dags/hello_world.py for tasks to queue
[2026-03-11T04:45:11.021+0000] {logging_mixin.py:188} INFO - [2026-03-11T04:45:11.019+0000] {dagbag.py:545} INFO - Filling up the DagBag from /home/cloud/codings/airflow/dags/hello_world.py
[2026-03-11T04:45:11.058+0000] {processor.py:840} INFO - DAG(s) 'hello_world' retrieved from /home/cloud/codings/airflow/dags/hello_world.py
[2026-03-11T04:45:11.101+0000] {logging_mixin.py:188} INFO - [2026-03-11T04:45:11.101+0000] {dag.py:3089} INFO - Sync 1 DAGs
[2026-03-11T04:45:11.142+0000] {logging_mixin.py:188} INFO - [2026-03-11T04:45:11.142+0000] {dag.py:3947} INFO - Setting next_dagrun for hello_world to 2026-03-10 00:00:00+00:00, run_after=2026-03-11 00:00:00+00:00
[2026-03-11T04:45:11.201+0000] {processor.py:183} INFO - Processing /home/cloud/codings/airflow/dags/hello_world.py took 0.236 seconds
[2026-03-11T04:45:41.710+0000] {processor.py:161} INFO - Started process (PID=529899) to work on /home/cloud/codings/airflow/dags/hello_world.py
[2026-03-11T04:45:41.735+0000] {processor.py:830} INFO - Processing file /home/cloud/codings/airflow/dags/hello_world.py for tasks to queue
[2026-03-11T04:45:41.737+0000] {logging_mixin.py:188} INFO - [2026-03-11T04:45:41.736+0000] {dagbag.py:545} INFO - Filling up the DagBag from /home/cloud/codings/airflow/dags/hello_world.py
[2026-03-11T04:45:41.756+0000] {processor.py:840} INFO - DAG(s) 'hello_world' retrieved from /home/cloud/codings/airflow/dags/hello_world.py
[2026-03-11T04:45:41.784+0000] {logging_mixin.py:188} INFO - [2026-03-11T04:45:41.784+0000] {dag.py:3089} INFO - Sync 1 DAGs
[2026-03-11T04:45:41.805+0000] {logging_mixin.py:188} INFO - [2026-03-11T04:45:41.805+0000] {dag.py:3947} INFO - Setting next_dagrun for hello_world to 2026-03-10 00:00:00+00:00, run_after=2026-03-11 00:00:00+00:00
[2026-03-11T04:45:41.833+0000] {processor.py:183} INFO - Processing /home/cloud/codings/airflow/dags/hello_world.py took 0.129 seconds
[2026-03-11T04:46:12.378+0000] {processor.py:161} INFO - Started process (PID=529984) to work on /home/cloud/codings/airflow/dags/hello_world.py
[2026-03-11T04:46:12.383+0000] {processor.py:830} INFO - Processing file /home/cloud/codings/airflow/dags/hello_world.py for tasks to queue
[2026-03-11T04:46:12.387+0000] {logging_mixin.py:188} INFO - [2026-03-11T04:46:12.386+0000] {dagbag.py:545} INFO - Filling up the DagBag from /home/cloud/codings/airflow/dags/hello_world.py
[2026-03-11T04:46:12.435+0000] {processor.py:840} INFO - DAG(s) 'hello_world' retrieved from /home/cloud/codings/airflow/dags/hello_world.py
[2026-03-11T04:46:12.482+0000] {logging_mixin.py:188} INFO - [2026-03-11T04:46:12.482+0000] {dag.py:3089} INFO - Sync 1 DAGs
[2026-03-11T04:46:12.515+0000] {logging_mixin.py:188} INFO - [2026-03-11T04:46:12.515+0000] {dag.py:3947} INFO - Setting next_dagrun for hello_world to 2026-03-10 00:00:00+00:00, run_after=2026-03-11 00:00:00+00:00
[2026-03-11T04:46:12.575+0000] {processor.py:183} INFO - Processing /home/cloud/codings/airflow/dags/hello_world.py took 0.225 seconds
[2026-03-11T04:46:43.037+0000] {processor.py:161} INFO - Started process (PID=530013) to work on /home/cloud/codings/airflow/dags/hello_world.py
[2026-03-11T04:46:43.040+0000] {processor.py:830} INFO - Processing file /home/cloud/codings/airflow/dags/hello_world.py for tasks to queue
[2026-03-11T04:46:43.042+0000] {logging_mixin.py:188} INFO - [2026-03-11T04:46:43.041+0000] {dagbag.py:545} INFO - Filling up the DagBag from /home/cloud/codings/airflow/dags/hello_world.py
[2026-03-11T04:46:43.063+0000] {processor.py:840} INFO - DAG(s) 'hello_world' retrieved from /home/cloud/codings/airflow/dags/hello_world.py
[2026-03-11T04:46:43.096+0000] {logging_mixin.py:188} INFO - [2026-03-11T04:46:43.096+0000] {dag.py:3089} INFO - Sync 1 DAGs
[2026-03-11T04:46:43.131+0000] {logging_mixin.py:188} INFO - [2026-03-11T04:46:43.130+0000] {dag.py:3947} INFO - Setting next_dagrun for hello_world to 2026-03-10 00:00:00+00:00, run_after=2026-03-11 00:00:00+00:00
[2026-03-11T04:46:43.157+0000] {processor.py:183} INFO - Processing /home/cloud/codings/airflow/dags/hello_world.py took 0.131 seconds
[2026-03-11T04:47:13.650+0000] {processor.py:161} INFO - Started process (PID=530096) to work on /home/cloud/codings/airflow/dags/hello_world.py
[2026-03-11T04:47:13.651+0000] {processor.py:830} INFO - Processing file /home/cloud/codings/airflow/dags/hello_world.py for tasks to queue
[2026-03-11T04:47:13.652+0000] {logging_mixin.py:188} INFO - [2026-03-11T04:47:13.652+0000] {dagbag.py:545} INFO - Filling up the DagBag from /home/cloud/codings/airflow/dags/hello_world.py
[2026-03-11T04:47:13.666+0000] {processor.py:840} INFO - DAG(s) 'hello_world' retrieved from /home/cloud/codings/airflow/dags/hello_world.py
[2026-03-11T04:47:13.690+0000] {logging_mixin.py:188} INFO - [2026-03-11T04:47:13.690+0000] {dag.py:3089} INFO - Sync 1 DAGs
[2026-03-11T04:47:13.713+0000] {logging_mixin.py:188} INFO - [2026-03-11T04:47:13.713+0000] {dag.py:3947} INFO - Setting next_dagrun for hello_world to 2026-03-10 00:00:00+00:00, run_after=2026-03-11 00:00:00+00:00
[2026-03-11T04:47:13.739+0000] {processor.py:183} INFO - Processing /home/cloud/codings/airflow/dags/hello_world.py took 0.095 seconds
[2026-03-11T04:47:44.248+0000] {processor.py:161} INFO - Started process (PID=530123) to work on /home/cloud/codings/airflow/dags/hello_world.py
[2026-03-11T04:47:44.251+0000] {processor.py:830} INFO - Processing file /home/cloud/codings/airflow/dags/hello_world.py for tasks to queue
[2026-03-11T04:47:44.253+0000] {logging_mixin.py:188} INFO - [2026-03-11T04:47:44.252+0000] {dagbag.py:545} INFO - Filling up the DagBag from /home/cloud/codings/airflow/dags/hello_world.py
[2026-03-11T04:47:44.276+0000] {processor.py:840} INFO - DAG(s) 'hello_world' retrieved from /home/cloud/codings/airflow/dags/hello_world.py
[2026-03-11T04:47:44.301+0000] {logging_mixin.py:188} INFO - [2026-03-11T04:47:44.301+0000] {dag.py:3089} INFO - Sync 1 DAGs
[2026-03-11T04:47:44.320+0000] {logging_mixin.py:188} INFO - [2026-03-11T04:47:44.320+0000] {dag.py:3947} INFO - Setting next_dagrun for hello_world to 2026-03-10 00:00:00+00:00, run_after=2026-03-11 00:00:00+00:00
[2026-03-11T04:47:44.350+0000] {processor.py:183} INFO - Processing /home/cloud/codings/airflow/dags/hello_world.py took 0.129 seconds
[2026-03-11T04:48:15.038+0000] {processor.py:161} INFO - Started process (PID=530200) to work on /home/cloud/codings/airflow/dags/hello_world.py
[2026-03-11T04:48:15.057+0000] {processor.py:830} INFO - Processing file /home/cloud/codings/airflow/dags/hello_world.py for tasks to queue
[2026-03-11T04:48:15.059+0000] {logging_mixin.py:188} INFO - [2026-03-11T04:48:15.058+0000] {dagbag.py:545} INFO - Filling up the DagBag from /home/cloud/codings/airflow/dags/hello_world.py
[2026-03-11T04:48:15.081+0000] {processor.py:840} INFO - DAG(s) 'hello_world' retrieved from /home/cloud/codings/airflow/dags/hello_world.py
[2026-03-11T04:48:15.132+0000] {logging_mixin.py:188} INFO - [2026-03-11T04:48:15.131+0000] {dag.py:3089} INFO - Sync 1 DAGs
[2026-03-11T04:48:15.156+0000] {logging_mixin.py:188} INFO - [2026-03-11T04:48:15.155+0000] {dag.py:3947} INFO - Setting next_dagrun for hello_world to 2026-03-10 00:00:00+00:00, run_after=2026-03-11 00:00:00+00:00
[2026-03-11T04:48:15.179+0000] {processor.py:183} INFO - Processing /home/cloud/codings/airflow/dags/hello_world.py took 0.160 seconds
[2026-03-11T04:48:45.513+0000] {processor.py:161} INFO - Started process (PID=530229) to work on /home/cloud/codings/airflow/dags/hello_world.py
[2026-03-11T04:48:45.515+0000] {processor.py:830} INFO - Processing file /home/cloud/codings/airflow/dags/hello_world.py for tasks to queue
[2026-03-11T04:48:45.517+0000] {logging_mixin.py:188} INFO - [2026-03-11T04:48:45.516+0000] {dagbag.py:545} INFO - Filling up the DagBag from /home/cloud/codings/airflow/dags/hello_world.py
[2026-03-11T04:48:45.535+0000] {processor.py:840} INFO - DAG(s) 'hello_world' retrieved from /home/cloud/codings/airflow/dags/hello_world.py
[2026-03-11T04:48:45.557+0000] {logging_mixin.py:188} INFO - [2026-03-11T04:48:45.557+0000] {dag.py:3089} INFO - Sync 1 DAGs
[2026-03-11T04:48:45.579+0000] {logging_mixin.py:188} INFO - [2026-03-11T04:48:45.579+0000] {dag.py:3947} INFO - Setting next_dagrun for hello_world to 2026-03-10 00:00:00+00:00, run_after=2026-03-11 00:00:00+00:00
[2026-03-11T04:48:45.605+0000] {processor.py:183} INFO - Processing /home/cloud/codings/airflow/dags/hello_world.py took 0.105 seconds
[2026-03-11T04:49:16.031+0000] {processor.py:161} INFO - Started process (PID=530314) to work on /home/cloud/codings/airflow/dags/hello_world.py
[2026-03-11T04:49:16.049+0000] {processor.py:830} INFO - Processing file /home/cloud/codings/airflow/dags/hello_world.py for tasks to queue
[2026-03-11T04:49:16.051+0000] {logging_mixin.py:188} INFO - [2026-03-11T04:49:16.050+0000] {dagbag.py:545} INFO - Filling up the DagBag from /home/cloud/codings/airflow/dags/hello_world.py
[2026-03-11T04:49:16.072+0000] {processor.py:840} INFO - DAG(s) 'hello_world' retrieved from /home/cloud/codings/airflow/dags/hello_world.py
[2026-03-11T04:49:16.113+0000] {logging_mixin.py:188} INFO - [2026-03-11T04:49:16.112+0000] {dag.py:3089} INFO - Sync 1 DAGs
[2026-03-11T04:49:16.148+0000] {logging_mixin.py:188} INFO - [2026-03-11T04:49:16.147+0000] {dag.py:3947} INFO - Setting next_dagrun for hello_world to 2026-03-10 00:00:00+00:00, run_after=2026-03-11 00:00:00+00:00
[2026-03-11T04:49:16.234+0000] {processor.py:183} INFO - Processing /home/cloud/codings/airflow/dags/hello_world.py took 0.215 seconds
[2026-03-11T04:49:46.645+0000] {processor.py:161} INFO - Started process (PID=530339) to work on /home/cloud/codings/airflow/dags/hello_world.py
[2026-03-11T04:49:46.650+0000] {processor.py:830} INFO - Processing file /home/cloud/codings/airflow/dags/hello_world.py for tasks to queue
[2026-03-11T04:49:46.654+0000] {logging_mixin.py:188} INFO - [2026-03-11T04:49:46.652+0000] {dagbag.py:545} INFO - Filling up the DagBag from /home/cloud/codings/airflow/dags/hello_world.py
[2026-03-11T04:49:46.690+0000] {processor.py:840} INFO - DAG(s) 'hello_world' retrieved from /home/cloud/codings/airflow/dags/hello_world.py
[2026-03-11T04:49:46.737+0000] {logging_mixin.py:188} INFO - [2026-03-11T04:49:46.736+0000] {dag.py:3089} INFO - Sync 1 DAGs
[2026-03-11T04:49:46.764+0000] {logging_mixin.py:188} INFO - [2026-03-11T04:49:46.764+0000] {dag.py:3947} INFO - Setting next_dagrun for hello_world to 2026-03-10 00:00:00+00:00, run_after=2026-03-11 00:00:00+00:00
[2026-03-11T04:49:46.826+0000] {processor.py:183} INFO - Processing /home/cloud/codings/airflow/dags/hello_world.py took 0.204 seconds
[2026-03-11T04:50:17.254+0000] {processor.py:161} INFO - Started process (PID=530484) to work on /home/cloud/codings/airflow/dags/hello_world.py
[2026-03-11T04:50:17.273+0000] {processor.py:830} INFO - Processing file /home/cloud/codings/airflow/dags/hello_world.py for tasks to queue
[2026-03-11T04:50:17.275+0000] {logging_mixin.py:188} INFO - [2026-03-11T04:50:17.275+0000] {dagbag.py:545} INFO - Filling up the DagBag from /home/cloud/codings/airflow/dags/hello_world.py
[2026-03-11T04:50:17.298+0000] {processor.py:840} INFO - DAG(s) 'hello_world' retrieved from /home/cloud/codings/airflow/dags/hello_world.py
[2026-03-11T04:50:17.329+0000] {logging_mixin.py:188} INFO - [2026-03-11T04:50:17.329+0000] {dag.py:3089} INFO - Sync 1 DAGs
[2026-03-11T04:50:17.348+0000] {logging_mixin.py:188} INFO - [2026-03-11T04:50:17.348+0000] {dag.py:3947} INFO - Setting next_dagrun for hello_world to 2026-03-10 00:00:00+00:00, run_after=2026-03-11 00:00:00+00:00
[2026-03-11T04:50:17.377+0000] {processor.py:183} INFO - Processing /home/cloud/codings/airflow/dags/hello_world.py took 0.147 seconds
[2026-03-11T04:50:47.806+0000] {processor.py:161} INFO - Started process (PID=530531) to work on /home/cloud/codings/airflow/dags/hello_world.py
[2026-03-11T04:50:47.810+0000] {processor.py:830} INFO - Processing file /home/cloud/codings/airflow/dags/hello_world.py for tasks to queue
[2026-03-11T04:50:47.812+0000] {logging_mixin.py:188} INFO - [2026-03-11T04:50:47.811+0000] {dagbag.py:545} INFO - Filling up the DagBag from /home/cloud/codings/airflow/dags/hello_world.py
[2026-03-11T04:50:47.835+0000] {processor.py:840} INFO - DAG(s) 'hello_world' retrieved from /home/cloud/codings/airflow/dags/hello_world.py
[2026-03-11T04:50:47.880+0000] {logging_mixin.py:188} INFO - [2026-03-11T04:50:47.880+0000] {dag.py:3089} INFO - Sync 1 DAGs
[2026-03-11T04:50:47.921+0000] {logging_mixin.py:188} INFO - [2026-03-11T04:50:47.921+0000] {dag.py:3947} INFO - Setting next_dagrun for hello_world to 2026-03-10 00:00:00+00:00, run_after=2026-03-11 00:00:00+00:00
[2026-03-11T04:50:47.987+0000] {processor.py:183} INFO - Processing /home/cloud/codings/airflow/dags/hello_world.py took 0.212 seconds
[2026-03-11T04:51:18.351+0000] {processor.py:161} INFO - Started process (PID=530590) to work on /home/cloud/codings/airflow/dags/hello_world.py
[2026-03-11T04:51:18.373+0000] {processor.py:830} INFO - Processing file /home/cloud/codings/airflow/dags/hello_world.py for tasks to queue
[2026-03-11T04:51:18.377+0000] {logging_mixin.py:188} INFO - [2026-03-11T04:51:18.375+0000] {dagbag.py:545} INFO - Filling up the DagBag from /home/cloud/codings/airflow/dags/hello_world.py
[2026-03-11T04:51:18.421+0000] {processor.py:840} INFO - DAG(s) 'hello_world' retrieved from /home/cloud/codings/airflow/dags/hello_world.py
[2026-03-11T04:51:18.475+0000] {logging_mixin.py:188} INFO - [2026-03-11T04:51:18.474+0000] {dag.py:3089} INFO - Sync 1 DAGs
[2026-03-11T04:51:18.516+0000] {logging_mixin.py:188} INFO - [2026-03-11T04:51:18.515+0000] {dag.py:3947} INFO - Setting next_dagrun for hello_world to 2026-03-10 00:00:00+00:00, run_after=2026-03-11 00:00:00+00:00
[2026-03-11T04:51:18.551+0000] {processor.py:183} INFO - Processing /home/cloud/codings/airflow/dags/hello_world.py took 0.227 seconds
[2026-03-11T04:51:48.906+0000] {processor.py:161} INFO - Started process (PID=530668) to work on /home/cloud/codings/airflow/dags/hello_world.py
[2026-03-11T04:51:48.907+0000] {processor.py:830} INFO - Processing file /home/cloud/codings/airflow/dags/hello_world.py for tasks to queue
[2026-03-11T04:51:48.909+0000] {logging_mixin.py:188} INFO - [2026-03-11T04:51:48.908+0000] {dagbag.py:545} INFO - Filling up the DagBag from /home/cloud/codings/airflow/dags/hello_world.py
[2026-03-11T04:51:48.921+0000] {processor.py:840} INFO - DAG(s) 'hello_world' retrieved from /home/cloud/codings/airflow/dags/hello_world.py
[2026-03-11T04:51:48.942+0000] {logging_mixin.py:188} INFO - [2026-03-11T04:51:48.942+0000] {dag.py:3089} INFO - Sync 1 DAGs
[2026-03-11T04:51:48.963+0000] {logging_mixin.py:188} INFO - [2026-03-11T04:51:48.963+0000] {dag.py:3947} INFO - Setting next_dagrun for hello_world to 2026-03-10 00:00:00+00:00, run_after=2026-03-11 00:00:00+00:00
[2026-03-11T04:51:48.996+0000] {processor.py:183} INFO - Processing /home/cloud/codings/airflow/dags/hello_world.py took 0.102 seconds
[2026-03-11T04:52:19.633+0000] {processor.py:161} INFO - Started process (PID=530721) to work on /home/cloud/codings/airflow/dags/hello_world.py
[2026-03-11T04:52:19.662+0000] {processor.py:830} INFO - Processing file /home/cloud/codings/airflow/dags/hello_world.py for tasks to queue
[2026-03-11T04:52:19.665+0000] {logging_mixin.py:188} INFO - [2026-03-11T04:52:19.664+0000] {dagbag.py:545} INFO - Filling up the DagBag from /home/cloud/codings/airflow/dags/hello_world.py
[2026-03-11T04:52:19.686+0000] {processor.py:840} INFO - DAG(s) 'hello_world' retrieved from /home/cloud/codings/airflow/dags/hello_world.py
[2026-03-11T04:52:19.737+0000] {logging_mixin.py:188} INFO - [2026-03-11T04:52:19.736+0000] {dag.py:3089} INFO - Sync 1 DAGs
[2026-03-11T04:52:19.761+0000] {logging_mixin.py:188} INFO - [2026-03-11T04:52:19.761+0000] {dag.py:3947} INFO - Setting next_dagrun for hello_world to 2026-03-10 00:00:00+00:00, run_after=2026-03-11 00:00:00+00:00
[2026-03-11T04:52:19.818+0000] {processor.py:183} INFO - Processing /home/cloud/codings/airflow/dags/hello_world.py took 0.193 seconds
[2026-03-11T04:52:50.321+0000] {processor.py:161} INFO - Started process (PID=530810) to work on /home/cloud/codings/airflow/dags/hello_world.py
[2026-03-11T04:52:50.343+0000] {processor.py:830} INFO - Processing file /home/cloud/codings/airflow/dags/hello_world.py for tasks to queue
[2026-03-11T04:52:50.344+0000] {logging_mixin.py:188} INFO - [2026-03-11T04:52:50.343+0000] {dagbag.py:545} INFO - Filling up the DagBag from /home/cloud/codings/airflow/dags/hello_world.py
[2026-03-11T04:52:50.363+0000] {processor.py:840} INFO - DAG(s) 'hello_world' retrieved from /home/cloud/codings/airflow/dags/hello_world.py
[2026-03-11T04:52:50.403+0000] {logging_mixin.py:188} INFO - [2026-03-11T04:52:50.403+0000] {dag.py:3089} INFO - Sync 1 DAGs
[2026-03-11T04:52:50.436+0000] {logging_mixin.py:188} INFO - [2026-03-11T04:52:50.435+0000] {dag.py:3947} INFO - Setting next_dagrun for hello_world to 2026-03-10 00:00:00+00:00, run_after=2026-03-11 00:00:00+00:00
[2026-03-11T04:52:50.477+0000] {processor.py:183} INFO - Processing /home/cloud/codings/airflow/dags/hello_world.py took 0.168 seconds
[2026-03-11T04:53:20.957+0000] {processor.py:161} INFO - Started process (PID=530835) to work on /home/cloud/codings/airflow/dags/hello_world.py
[2026-03-11T04:53:20.960+0000] {processor.py:830} INFO - Processing file /home/cloud/codings/airflow/dags/hello_world.py for tasks to queue
[2026-03-11T04:53:20.961+0000] {logging_mixin.py:188} INFO - [2026-03-11T04:53:20.960+0000] {dagbag.py:545} INFO - Filling up the DagBag from /home/cloud/codings/airflow/dags/hello_world.py
[2026-03-11T04:53:20.973+0000] {processor.py:840} INFO - DAG(s) 'hello_world' retrieved from /home/cloud/codings/airflow/dags/hello_world.py
[2026-03-11T04:53:20.993+0000] {logging_mixin.py:188} INFO - [2026-03-11T04:53:20.993+0000] {dag.py:3089} INFO - Sync 1 DAGs
[2026-03-11T04:53:21.012+0000] {logging_mixin.py:188} INFO - [2026-03-11T04:53:21.012+0000] {dag.py:3947} INFO - Setting next_dagrun for hello_world to 2026-03-10 00:00:00+00:00, run_after=2026-03-11 00:00:00+00:00
[2026-03-11T04:53:21.044+0000] {processor.py:183} INFO - Processing /home/cloud/codings/airflow/dags/hello_world.py took 0.095 seconds
[2026-03-11T04:53:51.622+0000] {processor.py:161} INFO - Started process (PID=530914) to work on /home/cloud/codings/airflow/dags/hello_world.py
[2026-03-11T04:53:51.644+0000] {processor.py:830} INFO - Processing file /home/cloud/codings/airflow/dags/hello_world.py for tasks to queue
[2026-03-11T04:53:51.646+0000] {logging_mixin.py:188} INFO - [2026-03-11T04:53:51.646+0000] {dagbag.py:545} INFO - Filling up the DagBag from /home/cloud/codings/airflow/dags/hello_world.py
[2026-03-11T04:53:51.670+0000] {processor.py:840} INFO - DAG(s) 'hello_world' retrieved from /home/cloud/codings/airflow/dags/hello_world.py
[2026-03-11T04:53:51.701+0000] {logging_mixin.py:188} INFO - [2026-03-11T04:53:51.701+0000] {dag.py:3089} INFO - Sync 1 DAGs
[2026-03-11T04:53:51.727+0000] {logging_mixin.py:188} INFO - [2026-03-11T04:53:51.727+0000] {dag.py:3947} INFO - Setting next_dagrun for hello_world to 2026-03-10 00:00:00+00:00, run_after=2026-03-11 00:00:00+00:00
[2026-03-11T04:53:51.753+0000] {processor.py:183} INFO - Processing /home/cloud/codings/airflow/dags/hello_world.py took 0.152 seconds
[2026-03-11T04:54:22.176+0000] {processor.py:161} INFO - Started process (PID=530939) to work on /home/cloud/codings/airflow/dags/hello_world.py
[2026-03-11T04:54:22.201+0000] {processor.py:830} INFO - Processing file /home/cloud/codings/airflow/dags/hello_world.py for tasks to queue
[2026-03-11T04:54:22.204+0000] {logging_mixin.py:188} INFO - [2026-03-11T04:54:22.203+0000] {dagbag.py:545} INFO - Filling up the DagBag from /home/cloud/codings/airflow/dags/hello_world.py
[2026-03-11T04:54:22.245+0000] {processor.py:840} INFO - DAG(s) 'hello_world' retrieved from /home/cloud/codings/airflow/dags/hello_world.py
[2026-03-11T04:54:22.288+0000] {logging_mixin.py:188} INFO - [2026-03-11T04:54:22.288+0000] {dag.py:3089} INFO - Sync 1 DAGs
[2026-03-11T04:54:22.344+0000] {logging_mixin.py:188} INFO - [2026-03-11T04:54:22.344+0000] {dag.py:3947} INFO - Setting next_dagrun for hello_world to 2026-03-10 00:00:00+00:00, run_after=2026-03-11 00:00:00+00:00
[2026-03-11T04:54:22.423+0000] {processor.py:183} INFO - Processing /home/cloud/codings/airflow/dags/hello_world.py took 0.268 seconds
[2026-03-11T04:54:52.675+0000] {processor.py:161} INFO - Started process (PID=531028) to work on /home/cloud/codings/airflow/dags/hello_world.py
[2026-03-11T04:54:52.684+0000] {processor.py:830} INFO - Processing file /home/cloud/codings/airflow/dags/hello_world.py for tasks to queue
[2026-03-11T04:54:52.689+0000] {logging_mixin.py:188} INFO - [2026-03-11T04:54:52.687+0000] {dagbag.py:545} INFO - Filling up the DagBag from /home/cloud/codings/airflow/dags/hello_world.py
[2026-03-11T04:54:52.732+0000] {processor.py:840} INFO - DAG(s) 'hello_world' retrieved from /home/cloud/codings/airflow/dags/hello_world.py
[2026-03-11T04:54:52.782+0000] {logging_mixin.py:188} INFO - [2026-03-11T04:54:52.781+0000] {dag.py:3089} INFO - Sync 1 DAGs
[2026-03-11T04:54:52.808+0000] {logging_mixin.py:188} INFO - [2026-03-11T04:54:52.808+0000] {dag.py:3947} INFO - Setting next_dagrun for hello_world to 2026-03-10 00:00:00+00:00, run_after=2026-03-11 00:00:00+00:00
[2026-03-11T04:54:52.833+0000] {processor.py:183} INFO - Processing /home/cloud/codings/airflow/dags/hello_world.py took 0.181 seconds
[2026-03-11T04:55:23.231+0000] {processor.py:161} INFO - Started process (PID=531111) to work on /home/cloud/codings/airflow/dags/hello_world.py
[2026-03-11T04:55:23.257+0000] {processor.py:830} INFO - Processing file /home/cloud/codings/airflow/dags/hello_world.py for tasks to queue
[2026-03-11T04:55:23.259+0000] {logging_mixin.py:188} INFO - [2026-03-11T04:55:23.258+0000] {dagbag.py:545} INFO - Filling up the DagBag from /home/cloud/codings/airflow/dags/hello_world.py
[2026-03-11T04:55:23.296+0000] {processor.py:840} INFO - DAG(s) 'hello_world' retrieved from /home/cloud/codings/airflow/dags/hello_world.py
[2026-03-11T04:55:23.354+0000] {logging_mixin.py:188} INFO - [2026-03-11T04:55:23.353+0000] {dag.py:3089} INFO - Sync 1 DAGs
[2026-03-11T04:55:23.380+0000] {logging_mixin.py:188} INFO - [2026-03-11T04:55:23.379+0000] {dag.py:3947} INFO - Setting next_dagrun for hello_world to 2026-03-10 00:00:00+00:00, run_after=2026-03-11 00:00:00+00:00
[2026-03-11T04:55:23.443+0000] {processor.py:183} INFO - Processing /home/cloud/codings/airflow/dags/hello_world.py took 0.225 seconds
[2026-03-11T04:55:53.801+0000] {processor.py:161} INFO - Started process (PID=531198) to work on /home/cloud/codings/airflow/dags/hello_world.py
[2026-03-11T04:55:53.820+0000] {processor.py:830} INFO - Processing file /home/cloud/codings/airflow/dags/hello_world.py for tasks to queue
[2026-03-11T04:55:53.823+0000] {logging_mixin.py:188} INFO - [2026-03-11T04:55:53.822+0000] {dagbag.py:545} INFO - Filling up the DagBag from /home/cloud/codings/airflow/dags/hello_world.py
[2026-03-11T04:55:53.855+0000] {processor.py:840} INFO - DAG(s) 'hello_world' retrieved from /home/cloud/codings/airflow/dags/hello_world.py
[2026-03-11T04:55:53.890+0000] {logging_mixin.py:188} INFO - [2026-03-11T04:55:53.890+0000] {dag.py:3089} INFO - Sync 1 DAGs
[2026-03-11T04:55:53.910+0000] {logging_mixin.py:188} INFO - [2026-03-11T04:55:53.910+0000] {dag.py:3947} INFO - Setting next_dagrun for hello_world to 2026-03-10 00:00:00+00:00, run_after=2026-03-11 00:00:00+00:00
[2026-03-11T04:55:53.939+0000] {processor.py:183} INFO - Processing /home/cloud/codings/airflow/dags/hello_world.py took 0.147 seconds
[2026-03-11T04:56:24.350+0000] {processor.py:161} INFO - Started process (PID=531217) to work on /home/cloud/codings/airflow/dags/hello_world.py
[2026-03-11T04:56:24.368+0000] {processor.py:830} INFO - Processing file /home/cloud/codings/airflow/dags/hello_world.py for tasks to queue
[2026-03-11T04:56:24.369+0000] {logging_mixin.py:188} INFO - [2026-03-11T04:56:24.369+0000] {dagbag.py:545} INFO - Filling up the DagBag from /home/cloud/codings/airflow/dags/hello_world.py
[2026-03-11T04:56:24.380+0000] {processor.py:840} INFO - DAG(s) 'hello_world' retrieved from /home/cloud/codings/airflow/dags/hello_world.py
[2026-03-11T04:56:24.401+0000] {logging_mixin.py:188} INFO - [2026-03-11T04:56:24.401+0000] {dag.py:3089} INFO - Sync 1 DAGs
[2026-03-11T04:56:24.421+0000] {logging_mixin.py:188} INFO - [2026-03-11T04:56:24.421+0000] {dag.py:3947} INFO - Setting next_dagrun for hello_world to 2026-03-10 00:00:00+00:00, run_after=2026-03-11 00:00:00+00:00
[2026-03-11T04:56:24.445+0000] {processor.py:183} INFO - Processing /home/cloud/codings/airflow/dags/hello_world.py took 0.103 seconds
[2026-03-11T04:56:54.823+0000] {processor.py:161} INFO - Started process (PID=531305) to work on /home/cloud/codings/airflow/dags/hello_world.py
[2026-03-11T04:56:54.825+0000] {processor.py:830} INFO - Processing file /home/cloud/codings/airflow/dags/hello_world.py for tasks to queue
[2026-03-11T04:56:54.826+0000] {logging_mixin.py:188} INFO - [2026-03-11T04:56:54.826+0000] {dagbag.py:545} INFO - Filling up the DagBag from /home/cloud/codings/airflow/dags/hello_world.py
[2026-03-11T04:56:54.838+0000] {processor.py:840} INFO - DAG(s) 'hello_world' retrieved from /home/cloud/codings/airflow/dags/hello_world.py
[2026-03-11T04:56:54.858+0000] {logging_mixin.py:188} INFO - [2026-03-11T04:56:54.857+0000] {dag.py:3089} INFO - Sync 1 DAGs
[2026-03-11T04:56:54.881+0000] {logging_mixin.py:188} INFO - [2026-03-11T04:56:54.880+0000] {dag.py:3947} INFO - Setting next_dagrun for hello_world to 2026-03-10 00:00:00+00:00, run_after=2026-03-11 00:00:00+00:00
[2026-03-11T04:56:54.903+0000] {processor.py:183} INFO - Processing /home/cloud/codings/airflow/dags/hello_world.py took 0.095 seconds
[2026-03-11T04:57:25.376+0000] {processor.py:161} INFO - Started process (PID=531330) to work on /home/cloud/codings/airflow/dags/hello_world.py
[2026-03-11T04:57:25.402+0000] {processor.py:830} INFO - Processing file /home/cloud/codings/airflow/dags/hello_world.py for tasks to queue
[2026-03-11T04:57:25.403+0000] {logging_mixin.py:188} INFO - [2026-03-11T04:57:25.403+0000] {dagbag.py:545} INFO - Filling up the DagBag from /home/cloud/codings/airflow/dags/hello_world.py
[2026-03-11T04:57:25.421+0000] {processor.py:840} INFO - DAG(s) 'hello_world' retrieved from /home/cloud/codings/airflow/dags/hello_world.py
[2026-03-11T04:57:25.463+0000] {logging_mixin.py:188} INFO - [2026-03-11T04:57:25.462+0000] {dag.py:3089} INFO - Sync 1 DAGs
[2026-03-11T04:57:25.501+0000] {logging_mixin.py:188} INFO - [2026-03-11T04:57:25.501+0000] {dag.py:3947} INFO - Setting next_dagrun for hello_world to 2026-03-10 00:00:00+00:00, run_after=2026-03-11 00:00:00+00:00
[2026-03-11T04:57:25.542+0000] {processor.py:183} INFO - Processing /home/cloud/codings/airflow/dags/hello_world.py took 0.177 seconds
[2026-03-11T04:57:55.902+0000] {processor.py:161} INFO - Started process (PID=531415) to work on /home/cloud/codings/airflow/dags/hello_world.py
[2026-03-11T04:57:55.906+0000] {processor.py:830} INFO - Processing file /home/cloud/codings/airflow/dags/hello_world.py for tasks to queue
[2026-03-11T04:57:55.909+0000] {logging_mixin.py:188} INFO - [2026-03-11T04:57:55.908+0000] {dagbag.py:545} INFO - Filling up the DagBag from /home/cloud/codings/airflow/dags/hello_world.py
[2026-03-11T04:57:55.946+0000] {processor.py:840} INFO - DAG(s) 'hello_world' retrieved from /home/cloud/codings/airflow/dags/hello_world.py
[2026-03-11T04:57:55.985+0000] {logging_mixin.py:188} INFO - [2026-03-11T04:57:55.985+0000] {dag.py:3089} INFO - Sync 1 DAGs
[2026-03-11T04:57:56.017+0000] {logging_mixin.py:188} INFO - [2026-03-11T04:57:56.017+0000] {dag.py:3947} INFO - Setting next_dagrun for hello_world to 2026-03-10 00:00:00+00:00, run_after=2026-03-11 00:00:00+00:00
[2026-03-11T04:57:56.064+0000] {processor.py:183} INFO - Processing /home/cloud/codings/airflow/dags/hello_world.py took 0.187 seconds
[2026-03-11T04:58:26.632+0000] {processor.py:161} INFO - Started process (PID=531442) to work on /home/cloud/codings/airflow/dags/hello_world.py
[2026-03-11T04:58:26.652+0000] {processor.py:830} INFO - Processing file /home/cloud/codings/airflow/dags/hello_world.py for tasks to queue
[2026-03-11T04:58:26.655+0000] {logging_mixin.py:188} INFO - [2026-03-11T04:58:26.653+0000] {dagbag.py:545} INFO - Filling up the DagBag from /home/cloud/codings/airflow/dags/hello_world.py
[2026-03-11T04:58:26.684+0000] {processor.py:840} INFO - DAG(s) 'hello_world' retrieved from /home/cloud/codings/airflow/dags/hello_world.py
[2026-03-11T04:58:26.740+0000] {logging_mixin.py:188} INFO - [2026-03-11T04:58:26.739+0000] {dag.py:3089} INFO - Sync 1 DAGs
[2026-03-11T04:58:26.791+0000] {logging_mixin.py:188} INFO - [2026-03-11T04:58:26.791+0000] {dag.py:3947} INFO - Setting next_dagrun for hello_world to 2026-03-10 00:00:00+00:00, run_after=2026-03-11 00:00:00+00:00
[2026-03-11T04:58:26.868+0000] {processor.py:183} INFO - Processing /home/cloud/codings/airflow/dags/hello_world.py took 0.245 seconds
[2026-03-11T04:58:57.166+0000] {processor.py:161} INFO - Started process (PID=531524) to work on /home/cloud/codings/airflow/dags/hello_world.py
[2026-03-11T04:58:57.170+0000] {processor.py:830} INFO - Processing file /home/cloud/codings/airflow/dags/hello_world.py for tasks to queue
[2026-03-11T04:58:57.173+0000] {logging_mixin.py:188} INFO - [2026-03-11T04:58:57.171+0000] {dagbag.py:545} INFO - Filling up the DagBag from /home/cloud/codings/airflow/dags/hello_world.py
[2026-03-11T04:58:57.223+0000] {processor.py:840} INFO - DAG(s) 'hello_world' retrieved from /home/cloud/codings/airflow/dags/hello_world.py
[2026-03-11T04:58:57.274+0000] {logging_mixin.py:188} INFO - [2026-03-11T04:58:57.274+0000] {dag.py:3089} INFO - Sync 1 DAGs
[2026-03-11T04:58:57.300+0000] {logging_mixin.py:188} INFO - [2026-03-11T04:58:57.300+0000] {dag.py:3947} INFO - Setting next_dagrun for hello_world to 2026-03-10 00:00:00+00:00, run_after=2026-03-11 00:00:00+00:00
[2026-03-11T04:58:57.341+0000] {processor.py:183} INFO - Processing /home/cloud/codings/airflow/dags/hello_world.py took 0.200 seconds
[2026-03-11T04:59:27.713+0000] {processor.py:161} INFO - Started process (PID=531546) to work on /home/cloud/codings/airflow/dags/hello_world.py
[2026-03-11T04:59:27.735+0000] {processor.py:830} INFO - Processing file /home/cloud/codings/airflow/dags/hello_world.py for tasks to queue
[2026-03-11T04:59:27.739+0000] {logging_mixin.py:188} INFO - [2026-03-11T04:59:27.738+0000] {dagbag.py:545} INFO - Filling up the DagBag from /home/cloud/codings/airflow/dags/hello_world.py
[2026-03-11T04:59:27.781+0000] {processor.py:840} INFO - DAG(s) 'hello_world' retrieved from /home/cloud/codings/airflow/dags/hello_world.py
[2026-03-11T04:59:27.830+0000] {logging_mixin.py:188} INFO - [2026-03-11T04:59:27.829+0000] {dag.py:3089} INFO - Sync 1 DAGs
[2026-03-11T04:59:27.888+0000] {logging_mixin.py:188} INFO - [2026-03-11T04:59:27.887+0000] {dag.py:3947} INFO - Setting next_dagrun for hello_world to 2026-03-10 00:00:00+00:00, run_after=2026-03-11 00:00:00+00:00
[2026-03-11T04:59:27.938+0000] {processor.py:183} INFO - Processing /home/cloud/codings/airflow/dags/hello_world.py took 0.248 seconds
[2026-03-11T04:59:58.356+0000] {processor.py:161} INFO - Started process (PID=531633) to work on /home/cloud/codings/airflow/dags/hello_world.py
[2026-03-11T04:59:58.382+0000] {processor.py:830} INFO - Processing file /home/cloud/codings/airflow/dags/hello_world.py for tasks to queue
[2026-03-11T04:59:58.385+0000] {logging_mixin.py:188} INFO - [2026-03-11T04:59:58.384+0000] {dagbag.py:545} INFO - Filling up the DagBag from /home/cloud/codings/airflow/dags/hello_world.py
[2026-03-11T04:59:58.406+0000] {processor.py:840} INFO - DAG(s) 'hello_world' retrieved from /home/cloud/codings/airflow/dags/hello_world.py
[2026-03-11T04:59:58.454+0000] {logging_mixin.py:188} INFO - [2026-03-11T04:59:58.454+0000] {dag.py:3089} INFO - Sync 1 DAGs
[2026-03-11T04:59:58.485+0000] {logging_mixin.py:188} INFO - [2026-03-11T04:59:58.484+0000] {dag.py:3947} INFO - Setting next_dagrun for hello_world to 2026-03-10 00:00:00+00:00, run_after=2026-03-11 00:00:00+00:00
[2026-03-11T04:59:58.554+0000] {processor.py:183} INFO - Processing /home/cloud/codings/airflow/dags/hello_world.py took 0.213 seconds
[2026-03-11T05:00:29.058+0000] {processor.py:161} INFO - Started process (PID=531718) to work on /home/cloud/codings/airflow/dags/hello_world.py
[2026-03-11T05:00:29.060+0000] {processor.py:830} INFO - Processing file /home/cloud/codings/airflow/dags/hello_world.py for tasks to queue
[2026-03-11T05:00:29.062+0000] {logging_mixin.py:188} INFO - [2026-03-11T05:00:29.061+0000] {dagbag.py:545} INFO - Filling up the DagBag from /home/cloud/codings/airflow/dags/hello_world.py
[2026-03-11T05:00:29.086+0000] {processor.py:840} INFO - DAG(s) 'hello_world' retrieved from /home/cloud/codings/airflow/dags/hello_world.py
[2026-03-11T05:00:29.123+0000] {logging_mixin.py:188} INFO - [2026-03-11T05:00:29.122+0000] {dag.py:3089} INFO - Sync 1 DAGs
[2026-03-11T05:00:29.144+0000] {logging_mixin.py:188} INFO - [2026-03-11T05:00:29.144+0000] {dag.py:3947} INFO - Setting next_dagrun for hello_world to 2026-03-10 00:00:00+00:00, run_after=2026-03-11 00:00:00+00:00
[2026-03-11T05:00:29.175+0000] {processor.py:183} INFO - Processing /home/cloud/codings/airflow/dags/hello_world.py took 0.130 seconds
[2026-03-11T05:00:59.698+0000] {processor.py:161} INFO - Started process (PID=531805) to work on /home/cloud/codings/airflow/dags/hello_world.py
[2026-03-11T05:00:59.726+0000] {processor.py:830} INFO - Processing file /home/cloud/codings/airflow/dags/hello_world.py for tasks to queue
[2026-03-11T05:00:59.730+0000] {logging_mixin.py:188} INFO - [2026-03-11T05:00:59.728+0000] {dagbag.py:545} INFO - Filling up the DagBag from /home/cloud/codings/airflow/dags/hello_world.py
[2026-03-11T05:00:59.771+0000] {processor.py:840} INFO - DAG(s) 'hello_world' retrieved from /home/cloud/codings/airflow/dags/hello_world.py
[2026-03-11T05:00:59.812+0000] {logging_mixin.py:188} INFO - [2026-03-11T05:00:59.812+0000] {dag.py:3089} INFO - Sync 1 DAGs
[2026-03-11T05:00:59.832+0000] {logging_mixin.py:188} INFO - [2026-03-11T05:00:59.832+0000] {dag.py:3947} INFO - Setting next_dagrun for hello_world to 2026-03-10 00:00:00+00:00, run_after=2026-03-11 00:00:00+00:00
[2026-03-11T05:00:59.865+0000] {processor.py:183} INFO - Processing /home/cloud/codings/airflow/dags/hello_world.py took 0.186 seconds
[2026-03-11T05:01:30.315+0000] {processor.py:161} INFO - Started process (PID=531830) to work on /home/cloud/codings/airflow/dags/hello_world.py
[2026-03-11T05:01:30.316+0000] {processor.py:830} INFO - Processing file /home/cloud/codings/airflow/dags/hello_world.py for tasks to queue
[2026-03-11T05:01:30.319+0000] {logging_mixin.py:188} INFO - [2026-03-11T05:01:30.317+0000] {dagbag.py:545} INFO - Filling up the DagBag from /home/cloud/codings/airflow/dags/hello_world.py
[2026-03-11T05:01:30.342+0000] {processor.py:840} INFO - DAG(s) 'hello_world' retrieved from /home/cloud/codings/airflow/dags/hello_world.py
[2026-03-11T05:01:30.381+0000] {logging_mixin.py:188} INFO - [2026-03-11T05:01:30.381+0000] {dag.py:3089} INFO - Sync 1 DAGs
[2026-03-11T05:01:30.401+0000] {logging_mixin.py:188} INFO - [2026-03-11T05:01:30.401+0000] {dag.py:3947} INFO - Setting next_dagrun for hello_world to 2026-03-10 00:00:00+00:00, run_after=2026-03-11 00:00:00+00:00
[2026-03-11T05:01:30.430+0000] {processor.py:183} INFO - Processing /home/cloud/codings/airflow/dags/hello_world.py took 0.135 seconds
[2026-03-11T05:02:00.906+0000] {processor.py:161} INFO - Started process (PID=531910) to work on /home/cloud/codings/airflow/dags/hello_world.py
[2026-03-11T05:02:00.931+0000] {processor.py:830} INFO - Processing file /home/cloud/codings/airflow/dags/hello_world.py for tasks to queue
[2026-03-11T05:02:00.933+0000] {logging_mixin.py:188} INFO - [2026-03-11T05:02:00.932+0000] {dagbag.py:545} INFO - Filling up the DagBag from /home/cloud/codings/airflow/dags/hello_world.py
[2026-03-11T05:02:00.959+0000] {processor.py:840} INFO - DAG(s) 'hello_world' retrieved from /home/cloud/codings/airflow/dags/hello_world.py
[2026-03-11T05:02:01.041+0000] {logging_mixin.py:188} INFO - [2026-03-11T05:02:01.040+0000] {dag.py:3089} INFO - Sync 1 DAGs
[2026-03-11T05:02:01.115+0000] {logging_mixin.py:188} INFO - [2026-03-11T05:02:01.114+0000] {dag.py:3947} INFO - Setting next_dagrun for hello_world to 2026-03-10 00:00:00+00:00, run_after=2026-03-11 00:00:00+00:00
[2026-03-11T05:02:01.175+0000] {processor.py:183} INFO - Processing /home/cloud/codings/airflow/dags/hello_world.py took 0.295 seconds
[2026-03-11T05:02:31.419+0000] {processor.py:161} INFO - Started process (PID=531937) to work on /home/cloud/codings/airflow/dags/hello_world.py
[2026-03-11T05:02:31.449+0000] {processor.py:830} INFO - Processing file /home/cloud/codings/airflow/dags/hello_world.py for tasks to queue
[2026-03-11T05:02:31.454+0000] {logging_mixin.py:188} INFO - [2026-03-11T05:02:31.452+0000] {dagbag.py:545} INFO - Filling up the DagBag from /home/cloud/codings/airflow/dags/hello_world.py
[2026-03-11T05:02:31.505+0000] {processor.py:840} INFO - DAG(s) 'hello_world' retrieved from /home/cloud/codings/airflow/dags/hello_world.py
[2026-03-11T05:02:31.599+0000] {logging_mixin.py:188} INFO - [2026-03-11T05:02:31.598+0000] {dag.py:3089} INFO - Sync 1 DAGs
[2026-03-11T05:02:31.688+0000] {logging_mixin.py:188} INFO - [2026-03-11T05:02:31.687+0000] {dag.py:3947} INFO - Setting next_dagrun for hello_world to 2026-03-10 00:00:00+00:00, run_after=2026-03-11 00:00:00+00:00
[2026-03-11T05:02:31.808+0000] {processor.py:183} INFO - Processing /home/cloud/codings/airflow/dags/hello_world.py took 0.415 seconds
[2026-03-11T05:03:02.138+0000] {processor.py:161} INFO - Started process (PID=532027) to work on /home/cloud/codings/airflow/dags/hello_world.py
[2026-03-11T05:03:02.164+0000] {processor.py:830} INFO - Processing file /home/cloud/codings/airflow/dags/hello_world.py for tasks to queue
[2026-03-11T05:03:02.166+0000] {logging_mixin.py:188} INFO - [2026-03-11T05:03:02.166+0000] {dagbag.py:545} INFO - Filling up the DagBag from /home/cloud/codings/airflow/dags/hello_world.py
[2026-03-11T05:03:02.188+0000] {processor.py:840} INFO - DAG(s) 'hello_world' retrieved from /home/cloud/codings/airflow/dags/hello_world.py
[2026-03-11T05:03:02.218+0000] {logging_mixin.py:188} INFO - [2026-03-11T05:03:02.218+0000] {dag.py:3089} INFO - Sync 1 DAGs
[2026-03-11T05:03:02.270+0000] {logging_mixin.py:188} INFO - [2026-03-11T05:03:02.269+0000] {dag.py:3947} INFO - Setting next_dagrun for hello_world to 2026-03-10 00:00:00+00:00, run_after=2026-03-11 00:00:00+00:00
[2026-03-11T05:03:02.316+0000] {processor.py:183} INFO - Processing /home/cloud/codings/airflow/dags/hello_world.py took 0.205 seconds
[2026-03-11T05:03:32.485+0000] {processor.py:161} INFO - Started process (PID=532050) to work on /home/cloud/codings/airflow/dags/hello_world.py
[2026-03-11T05:03:32.487+0000] {processor.py:830} INFO - Processing file /home/cloud/codings/airflow/dags/hello_world.py for tasks to queue
[2026-03-11T05:03:32.489+0000] {logging_mixin.py:188} INFO - [2026-03-11T05:03:32.488+0000] {dagbag.py:545} INFO - Filling up the DagBag from /home/cloud/codings/airflow/dags/hello_world.py
[2026-03-11T05:03:32.509+0000] {processor.py:840} INFO - DAG(s) 'hello_world' retrieved from /home/cloud/codings/airflow/dags/hello_world.py
[2026-03-11T05:03:32.546+0000] {logging_mixin.py:188} INFO - [2026-03-11T05:03:32.545+0000] {dag.py:3089} INFO - Sync 1 DAGs
[2026-03-11T05:03:32.576+0000] {logging_mixin.py:188} INFO - [2026-03-11T05:03:32.576+0000] {dag.py:3947} INFO - Setting next_dagrun for hello_world to 2026-03-10 00:00:00+00:00, run_after=2026-03-11 00:00:00+00:00
[2026-03-11T05:03:32.625+0000] {processor.py:183} INFO - Processing /home/cloud/codings/airflow/dags/hello_world.py took 0.153 seconds
[2026-03-11T05:04:03.230+0000] {processor.py:161} INFO - Started process (PID=532137) to work on /home/cloud/codings/airflow/dags/hello_world.py
[2026-03-11T05:04:03.240+0000] {processor.py:830} INFO - Processing file /home/cloud/codings/airflow/dags/hello_world.py for tasks to queue
[2026-03-11T05:04:03.242+0000] {logging_mixin.py:188} INFO - [2026-03-11T05:04:03.241+0000] {dagbag.py:545} INFO - Filling up the DagBag from /home/cloud/codings/airflow/dags/hello_world.py
[2026-03-11T05:04:03.259+0000] {processor.py:840} INFO - DAG(s) 'hello_world' retrieved from /home/cloud/codings/airflow/dags/hello_world.py
[2026-03-11T05:04:03.285+0000] {logging_mixin.py:188} INFO - [2026-03-11T05:04:03.285+0000] {dag.py:3089} INFO - Sync 1 DAGs
[2026-03-11T05:04:03.309+0000] {logging_mixin.py:188} INFO - [2026-03-11T05:04:03.309+0000] {dag.py:3947} INFO - Setting next_dagrun for hello_world to 2026-03-10 00:00:00+00:00, run_after=2026-03-11 00:00:00+00:00
[2026-03-11T05:04:03.337+0000] {processor.py:183} INFO - Processing /home/cloud/codings/airflow/dags/hello_world.py took 0.116 seconds
[2026-03-11T05:04:33.941+0000] {processor.py:161} INFO - Started process (PID=532164) to work on /home/cloud/codings/airflow/dags/hello_world.py
[2026-03-11T05:04:33.944+0000] {processor.py:830} INFO - Processing file /home/cloud/codings/airflow/dags/hello_world.py for tasks to queue
[2026-03-11T05:04:33.948+0000] {logging_mixin.py:188} INFO - [2026-03-11T05:04:33.946+0000] {dagbag.py:545} INFO - Filling up the DagBag from /home/cloud/codings/airflow/dags/hello_world.py
[2026-03-11T05:04:33.970+0000] {processor.py:840} INFO - DAG(s) 'hello_world' retrieved from /home/cloud/codings/airflow/dags/hello_world.py
[2026-03-11T05:04:34.010+0000] {logging_mixin.py:188} INFO - [2026-03-11T05:04:34.009+0000] {dag.py:3089} INFO - Sync 1 DAGs
[2026-03-11T05:04:34.038+0000] {logging_mixin.py:188} INFO - [2026-03-11T05:04:34.038+0000] {dag.py:3947} INFO - Setting next_dagrun for hello_world to 2026-03-10 00:00:00+00:00, run_after=2026-03-11 00:00:00+00:00
[2026-03-11T05:04:34.079+0000] {processor.py:183} INFO - Processing /home/cloud/codings/airflow/dags/hello_world.py took 0.158 seconds
[2026-03-11T05:05:04.441+0000] {processor.py:161} INFO - Started process (PID=532309) to work on /home/cloud/codings/airflow/dags/hello_world.py
[2026-03-11T05:05:04.459+0000] {processor.py:830} INFO - Processing file /home/cloud/codings/airflow/dags/hello_world.py for tasks to queue
[2026-03-11T05:05:04.461+0000] {logging_mixin.py:188} INFO - [2026-03-11T05:05:04.460+0000] {dagbag.py:545} INFO - Filling up the DagBag from /home/cloud/codings/airflow/dags/hello_world.py
[2026-03-11T05:05:04.480+0000] {processor.py:840} INFO - DAG(s) 'hello_world' retrieved from /home/cloud/codings/airflow/dags/hello_world.py
[2026-03-11T05:05:04.503+0000] {logging_mixin.py:188} INFO - [2026-03-11T05:05:04.503+0000] {dag.py:3089} INFO - Sync 1 DAGs
[2026-03-11T05:05:04.525+0000] {logging_mixin.py:188} INFO - [2026-03-11T05:05:04.524+0000] {dag.py:3947} INFO - Setting next_dagrun for hello_world to 2026-03-10 00:00:00+00:00, run_after=2026-03-11 00:00:00+00:00
[2026-03-11T05:05:04.548+0000] {processor.py:183} INFO - Processing /home/cloud/codings/airflow/dags/hello_world.py took 0.118 seconds
[2026-03-11T05:05:35.027+0000] {processor.py:161} INFO - Started process (PID=532332) to work on /home/cloud/codings/airflow/dags/hello_world.py
[2026-03-11T05:05:35.028+0000] {processor.py:830} INFO - Processing file /home/cloud/codings/airflow/dags/hello_world.py for tasks to queue
[2026-03-11T05:05:35.030+0000] {logging_mixin.py:188} INFO - [2026-03-11T05:05:35.030+0000] {dagbag.py:545} INFO - Filling up the DagBag from /home/cloud/codings/airflow/dags/hello_world.py
[2026-03-11T05:05:35.054+0000] {processor.py:840} INFO - DAG(s) 'hello_world' retrieved from /home/cloud/codings/airflow/dags/hello_world.py
[2026-03-11T05:05:35.102+0000] {logging_mixin.py:188} INFO - [2026-03-11T05:05:35.102+0000] {dag.py:3089} INFO - Sync 1 DAGs
[2026-03-11T05:05:35.142+0000] {logging_mixin.py:188} INFO - [2026-03-11T05:05:35.141+0000] {dag.py:3947} INFO - Setting next_dagrun for hello_world to 2026-03-10 00:00:00+00:00, run_after=2026-03-11 00:00:00+00:00
[2026-03-11T05:05:35.199+0000] {processor.py:183} INFO - Processing /home/cloud/codings/airflow/dags/hello_world.py took 0.192 seconds
[2026-03-11T05:06:05.480+0000] {processor.py:161} INFO - Started process (PID=532419) to work on /home/cloud/codings/airflow/dags/hello_world.py
[2026-03-11T05:06:05.501+0000] {processor.py:830} INFO - Processing file /home/cloud/codings/airflow/dags/hello_world.py for tasks to queue
[2026-03-11T05:06:05.504+0000] {logging_mixin.py:188} INFO - [2026-03-11T05:06:05.503+0000] {dagbag.py:545} INFO - Filling up the DagBag from /home/cloud/codings/airflow/dags/hello_world.py
[2026-03-11T05:06:05.531+0000] {processor.py:840} INFO - DAG(s) 'hello_world' retrieved from /home/cloud/codings/airflow/dags/hello_world.py
[2026-03-11T05:06:05.588+0000] {logging_mixin.py:188} INFO - [2026-03-11T05:06:05.587+0000] {dag.py:3089} INFO - Sync 1 DAGs
[2026-03-11T05:06:05.618+0000] {logging_mixin.py:188} INFO - [2026-03-11T05:06:05.617+0000] {dag.py:3947} INFO - Setting next_dagrun for hello_world to 2026-03-10 00:00:00+00:00, run_after=2026-03-11 00:00:00+00:00
[2026-03-11T05:06:05.669+0000] {processor.py:183} INFO - Processing /home/cloud/codings/airflow/dags/hello_world.py took 0.205 seconds
[2026-03-11T05:06:35.974+0000] {processor.py:161} INFO - Started process (PID=532446) to work on /home/cloud/codings/airflow/dags/hello_world.py
[2026-03-11T05:06:35.975+0000] {processor.py:830} INFO - Processing file /home/cloud/codings/airflow/dags/hello_world.py for tasks to queue
[2026-03-11T05:06:35.978+0000] {logging_mixin.py:188} INFO - [2026-03-11T05:06:35.977+0000] {dagbag.py:545} INFO - Filling up the DagBag from /home/cloud/codings/airflow/dags/hello_world.py
[2026-03-11T05:06:35.999+0000] {processor.py:840} INFO - DAG(s) 'hello_world' retrieved from /home/cloud/codings/airflow/dags/hello_world.py
[2026-03-11T05:06:36.039+0000] {logging_mixin.py:188} INFO - [2026-03-11T05:06:36.038+0000] {dag.py:3089} INFO - Sync 1 DAGs
[2026-03-11T05:06:36.078+0000] {logging_mixin.py:188} INFO - [2026-03-11T05:06:36.078+0000] {dag.py:3947} INFO - Setting next_dagrun for hello_world to 2026-03-10 00:00:00+00:00, run_after=2026-03-11 00:00:00+00:00
[2026-03-11T05:06:36.138+0000] {processor.py:183} INFO - Processing /home/cloud/codings/airflow/dags/hello_world.py took 0.182 seconds
[2026-03-11T05:07:06.537+0000] {processor.py:161} INFO - Started process (PID=532534) to work on /home/cloud/codings/airflow/dags/hello_world.py
[2026-03-11T05:07:06.561+0000] {processor.py:830} INFO - Processing file /home/cloud/codings/airflow/dags/hello_world.py for tasks to queue
[2026-03-11T05:07:06.565+0000] {logging_mixin.py:188} INFO - [2026-03-11T05:07:06.563+0000] {dagbag.py:545} INFO - Filling up the DagBag from /home/cloud/codings/airflow/dags/hello_world.py
[2026-03-11T05:07:06.618+0000] {processor.py:840} INFO - DAG(s) 'hello_world' retrieved from /home/cloud/codings/airflow/dags/hello_world.py
[2026-03-11T05:07:06.695+0000] {logging_mixin.py:188} INFO - [2026-03-11T05:07:06.695+0000] {dag.py:3089} INFO - Sync 1 DAGs
[2026-03-11T05:07:06.735+0000] {logging_mixin.py:188} INFO - [2026-03-11T05:07:06.735+0000] {dag.py:3947} INFO - Setting next_dagrun for hello_world to 2026-03-10 00:00:00+00:00, run_after=2026-03-11 00:00:00+00:00
[2026-03-11T05:07:06.790+0000] {processor.py:183} INFO - Processing /home/cloud/codings/airflow/dags/hello_world.py took 0.284 seconds
[2026-03-11T05:07:37.250+0000] {processor.py:161} INFO - Started process (PID=532551) to work on /home/cloud/codings/airflow/dags/hello_world.py
[2026-03-11T05:07:37.272+0000] {processor.py:830} INFO - Processing file /home/cloud/codings/airflow/dags/hello_world.py for tasks to queue
[2026-03-11T05:07:37.277+0000] {logging_mixin.py:188} INFO - [2026-03-11T05:07:37.275+0000] {dagbag.py:545} INFO - Filling up the DagBag from /home/cloud/codings/airflow/dags/hello_world.py
[2026-03-11T05:07:37.307+0000] {processor.py:840} INFO - DAG(s) 'hello_world' retrieved from /home/cloud/codings/airflow/dags/hello_world.py
[2026-03-11T05:07:37.343+0000] {logging_mixin.py:188} INFO - [2026-03-11T05:07:37.343+0000] {dag.py:3089} INFO - Sync 1 DAGs
[2026-03-11T05:07:37.376+0000] {logging_mixin.py:188} INFO - [2026-03-11T05:07:37.375+0000] {dag.py:3947} INFO - Setting next_dagrun for hello_world to 2026-03-10 00:00:00+00:00, run_after=2026-03-11 00:00:00+00:00
[2026-03-11T05:07:37.421+0000] {processor.py:183} INFO - Processing /home/cloud/codings/airflow/dags/hello_world.py took 0.205 seconds
[2026-03-11T05:08:07.626+0000] {processor.py:161} INFO - Started process (PID=532638) to work on /home/cloud/codings/airflow/dags/hello_world.py
[2026-03-11T05:08:07.629+0000] {processor.py:830} INFO - Processing file /home/cloud/codings/airflow/dags/hello_world.py for tasks to queue
[2026-03-11T05:08:07.631+0000] {logging_mixin.py:188} INFO - [2026-03-11T05:08:07.630+0000] {dagbag.py:545} INFO - Filling up the DagBag from /home/cloud/codings/airflow/dags/hello_world.py
[2026-03-11T05:08:07.664+0000] {processor.py:840} INFO - DAG(s) 'hello_world' retrieved from /home/cloud/codings/airflow/dags/hello_world.py
[2026-03-11T05:08:07.714+0000] {logging_mixin.py:188} INFO - [2026-03-11T05:08:07.714+0000] {dag.py:3089} INFO - Sync 1 DAGs
[2026-03-11T05:08:07.741+0000] {logging_mixin.py:188} INFO - [2026-03-11T05:08:07.741+0000] {dag.py:3947} INFO - Setting next_dagrun for hello_world to 2026-03-10 00:00:00+00:00, run_after=2026-03-11 00:00:00+00:00
[2026-03-11T05:08:07.825+0000] {processor.py:183} INFO - Processing /home/cloud/codings/airflow/dags/hello_world.py took 0.215 seconds
[2026-03-11T05:08:38.419+0000] {processor.py:161} INFO - Started process (PID=532665) to work on /home/cloud/codings/airflow/dags/hello_world.py
[2026-03-11T05:08:38.424+0000] {processor.py:830} INFO - Processing file /home/cloud/codings/airflow/dags/hello_world.py for tasks to queue
[2026-03-11T05:08:38.427+0000] {logging_mixin.py:188} INFO - [2026-03-11T05:08:38.426+0000] {dagbag.py:545} INFO - Filling up the DagBag from /home/cloud/codings/airflow/dags/hello_world.py
[2026-03-11T05:08:38.459+0000] {processor.py:840} INFO - DAG(s) 'hello_world' retrieved from /home/cloud/codings/airflow/dags/hello_world.py
[2026-03-11T05:08:38.521+0000] {logging_mixin.py:188} INFO - [2026-03-11T05:08:38.520+0000] {dag.py:3089} INFO - Sync 1 DAGs
[2026-03-11T05:08:38.567+0000] {logging_mixin.py:188} INFO - [2026-03-11T05:08:38.567+0000] {dag.py:3947} INFO - Setting next_dagrun for hello_world to 2026-03-10 00:00:00+00:00, run_after=2026-03-11 00:00:00+00:00
[2026-03-11T05:08:38.625+0000] {processor.py:183} INFO - Processing /home/cloud/codings/airflow/dags/hello_world.py took 0.227 seconds
[2026-03-11T05:09:09.279+0000] {processor.py:161} INFO - Started process (PID=532752) to work on /home/cloud/codings/airflow/dags/hello_world.py
[2026-03-11T05:09:09.305+0000] {processor.py:830} INFO - Processing file /home/cloud/codings/airflow/dags/hello_world.py for tasks to queue
[2026-03-11T05:09:09.310+0000] {logging_mixin.py:188} INFO - [2026-03-11T05:09:09.308+0000] {dagbag.py:545} INFO - Filling up the DagBag from /home/cloud/codings/airflow/dags/hello_world.py
[2026-03-11T05:09:09.361+0000] {processor.py:840} INFO - DAG(s) 'hello_world' retrieved from /home/cloud/codings/airflow/dags/hello_world.py
[2026-03-11T05:09:09.418+0000] {logging_mixin.py:188} INFO - [2026-03-11T05:09:09.417+0000] {dag.py:3089} INFO - Sync 1 DAGs
[2026-03-11T05:09:09.451+0000] {logging_mixin.py:188} INFO - [2026-03-11T05:09:09.450+0000] {dag.py:3947} INFO - Setting next_dagrun for hello_world to 2026-03-10 00:00:00+00:00, run_after=2026-03-11 00:00:00+00:00
[2026-03-11T05:09:09.503+0000] {processor.py:183} INFO - Processing /home/cloud/codings/airflow/dags/hello_world.py took 0.242 seconds
[2026-03-11T05:09:39.991+0000] {processor.py:161} INFO - Started process (PID=532777) to work on /home/cloud/codings/airflow/dags/hello_world.py
[2026-03-11T05:09:40.014+0000] {processor.py:830} INFO - Processing file /home/cloud/codings/airflow/dags/hello_world.py for tasks to queue
[2026-03-11T05:09:40.019+0000] {logging_mixin.py:188} INFO - [2026-03-11T05:09:40.017+0000] {dagbag.py:545} INFO - Filling up the DagBag from /home/cloud/codings/airflow/dags/hello_world.py
[2026-03-11T05:09:40.072+0000] {processor.py:840} INFO - DAG(s) 'hello_world' retrieved from /home/cloud/codings/airflow/dags/hello_world.py
[2026-03-11T05:09:40.112+0000] {logging_mixin.py:188} INFO - [2026-03-11T05:09:40.112+0000] {dag.py:3089} INFO - Sync 1 DAGs
[2026-03-11T05:09:40.138+0000] {logging_mixin.py:188} INFO - [2026-03-11T05:09:40.137+0000] {dag.py:3947} INFO - Setting next_dagrun for hello_world to 2026-03-10 00:00:00+00:00, run_after=2026-03-11 00:00:00+00:00
[2026-03-11T05:09:40.194+0000] {processor.py:183} INFO - Processing /home/cloud/codings/airflow/dags/hello_world.py took 0.214 seconds
[2026-03-11T05:10:10.698+0000] {processor.py:161} INFO - Started process (PID=532922) to work on /home/cloud/codings/airflow/dags/hello_world.py
[2026-03-11T05:10:10.701+0000] {processor.py:830} INFO - Processing file /home/cloud/codings/airflow/dags/hello_world.py for tasks to queue
[2026-03-11T05:10:10.705+0000] {logging_mixin.py:188} INFO - [2026-03-11T05:10:10.704+0000] {dagbag.py:545} INFO - Filling up the DagBag from /home/cloud/codings/airflow/dags/hello_world.py
[2026-03-11T05:10:10.742+0000] {processor.py:840} INFO - DAG(s) 'hello_world' retrieved from /home/cloud/codings/airflow/dags/hello_world.py
[2026-03-11T05:10:10.810+0000] {logging_mixin.py:188} INFO - [2026-03-11T05:10:10.809+0000] {dag.py:3089} INFO - Sync 1 DAGs
[2026-03-11T05:10:10.858+0000] {logging_mixin.py:188} INFO - [2026-03-11T05:10:10.858+0000] {dag.py:3947} INFO - Setting next_dagrun for hello_world to 2026-03-10 00:00:00+00:00, run_after=2026-03-11 00:00:00+00:00
[2026-03-11T05:10:10.913+0000] {processor.py:183} INFO - Processing /home/cloud/codings/airflow/dags/hello_world.py took 0.242 seconds
[2026-03-11T05:10:41.526+0000] {processor.py:161} INFO - Started process (PID=532943) to work on /home/cloud/codings/airflow/dags/hello_world.py
[2026-03-11T05:10:41.550+0000] {processor.py:830} INFO - Processing file /home/cloud/codings/airflow/dags/hello_world.py for tasks to queue
[2026-03-11T05:10:41.555+0000] {logging_mixin.py:188} INFO - [2026-03-11T05:10:41.553+0000] {dagbag.py:545} INFO - Filling up the DagBag from /home/cloud/codings/airflow/dags/hello_world.py
[2026-03-11T05:10:41.582+0000] {processor.py:840} INFO - DAG(s) 'hello_world' retrieved from /home/cloud/codings/airflow/dags/hello_world.py
[2026-03-11T05:10:41.627+0000] {logging_mixin.py:188} INFO - [2026-03-11T05:10:41.626+0000] {dag.py:3089} INFO - Sync 1 DAGs
[2026-03-11T05:10:41.674+0000] {logging_mixin.py:188} INFO - [2026-03-11T05:10:41.673+0000] {dag.py:3947} INFO - Setting next_dagrun for hello_world to 2026-03-10 00:00:00+00:00, run_after=2026-03-11 00:00:00+00:00
[2026-03-11T05:10:41.742+0000] {processor.py:183} INFO - Processing /home/cloud/codings/airflow/dags/hello_world.py took 0.240 seconds
[2026-03-11T05:11:12.178+0000] {processor.py:161} INFO - Started process (PID=533030) to work on /home/cloud/codings/airflow/dags/hello_world.py
[2026-03-11T05:11:12.180+0000] {processor.py:830} INFO - Processing file /home/cloud/codings/airflow/dags/hello_world.py for tasks to queue
[2026-03-11T05:11:12.183+0000] {logging_mixin.py:188} INFO - [2026-03-11T05:11:12.182+0000] {dagbag.py:545} INFO - Filling up the DagBag from /home/cloud/codings/airflow/dags/hello_world.py
[2026-03-11T05:11:12.209+0000] {processor.py:840} INFO - DAG(s) 'hello_world' retrieved from /home/cloud/codings/airflow/dags/hello_world.py
[2026-03-11T05:11:12.237+0000] {logging_mixin.py:188} INFO - [2026-03-11T05:11:12.237+0000] {dag.py:3089} INFO - Sync 1 DAGs
[2026-03-11T05:11:12.262+0000] {logging_mixin.py:188} INFO - [2026-03-11T05:11:12.262+0000] {dag.py:3947} INFO - Setting next_dagrun for hello_world to 2026-03-10 00:00:00+00:00, run_after=2026-03-11 00:00:00+00:00
[2026-03-11T05:11:12.320+0000] {processor.py:183} INFO - Processing /home/cloud/codings/airflow/dags/hello_world.py took 0.168 seconds
[2026-03-11T05:11:42.845+0000] {processor.py:161} INFO - Started process (PID=533055) to work on /home/cloud/codings/airflow/dags/hello_world.py
[2026-03-11T05:11:42.850+0000] {processor.py:830} INFO - Processing file /home/cloud/codings/airflow/dags/hello_world.py for tasks to queue
[2026-03-11T05:11:42.854+0000] {logging_mixin.py:188} INFO - [2026-03-11T05:11:42.853+0000] {dagbag.py:545} INFO - Filling up the DagBag from /home/cloud/codings/airflow/dags/hello_world.py
[2026-03-11T05:11:42.898+0000] {processor.py:840} INFO - DAG(s) 'hello_world' retrieved from /home/cloud/codings/airflow/dags/hello_world.py
[2026-03-11T05:11:42.951+0000] {logging_mixin.py:188} INFO - [2026-03-11T05:11:42.950+0000] {dag.py:3089} INFO - Sync 1 DAGs
[2026-03-11T05:11:42.998+0000] {logging_mixin.py:188} INFO - [2026-03-11T05:11:42.997+0000] {dag.py:3947} INFO - Setting next_dagrun for hello_world to 2026-03-10 00:00:00+00:00, run_after=2026-03-11 00:00:00+00:00
[2026-03-11T05:11:43.052+0000] {processor.py:183} INFO - Processing /home/cloud/codings/airflow/dags/hello_world.py took 0.233 seconds
[2026-03-11T05:12:13.397+0000] {processor.py:161} INFO - Started process (PID=533138) to work on /home/cloud/codings/airflow/dags/hello_world.py
[2026-03-11T05:12:13.400+0000] {processor.py:830} INFO - Processing file /home/cloud/codings/airflow/dags/hello_world.py for tasks to queue
[2026-03-11T05:12:13.404+0000] {logging_mixin.py:188} INFO - [2026-03-11T05:12:13.402+0000] {dagbag.py:545} INFO - Filling up the DagBag from /home/cloud/codings/airflow/dags/hello_world.py
[2026-03-11T05:12:13.444+0000] {processor.py:840} INFO - DAG(s) 'hello_world' retrieved from /home/cloud/codings/airflow/dags/hello_world.py
[2026-03-11T05:12:13.488+0000] {logging_mixin.py:188} INFO - [2026-03-11T05:12:13.488+0000] {dag.py:3089} INFO - Sync 1 DAGs
[2026-03-11T05:12:13.544+0000] {logging_mixin.py:188} INFO - [2026-03-11T05:12:13.543+0000] {dag.py:3947} INFO - Setting next_dagrun for hello_world to 2026-03-10 00:00:00+00:00, run_after=2026-03-11 00:00:00+00:00
[2026-03-11T05:12:13.629+0000] {processor.py:183} INFO - Processing /home/cloud/codings/airflow/dags/hello_world.py took 0.257 seconds
[2026-03-11T05:12:43.969+0000] {processor.py:161} INFO - Started process (PID=533169) to work on /home/cloud/codings/airflow/dags/hello_world.py
[2026-03-11T05:12:43.987+0000] {processor.py:830} INFO - Processing file /home/cloud/codings/airflow/dags/hello_world.py for tasks to queue
[2026-03-11T05:12:43.989+0000] {logging_mixin.py:188} INFO - [2026-03-11T05:12:43.988+0000] {dagbag.py:545} INFO - Filling up the DagBag from /home/cloud/codings/airflow/dags/hello_world.py
[2026-03-11T05:12:44.009+0000] {processor.py:840} INFO - DAG(s) 'hello_world' retrieved from /home/cloud/codings/airflow/dags/hello_world.py
[2026-03-11T05:12:44.048+0000] {logging_mixin.py:188} INFO - [2026-03-11T05:12:44.047+0000] {dag.py:3089} INFO - Sync 1 DAGs
[2026-03-11T05:12:44.085+0000] {logging_mixin.py:188} INFO - [2026-03-11T05:12:44.085+0000] {dag.py:3947} INFO - Setting next_dagrun for hello_world to 2026-03-10 00:00:00+00:00, run_after=2026-03-11 00:00:00+00:00
[2026-03-11T05:12:44.176+0000] {processor.py:183} INFO - Processing /home/cloud/codings/airflow/dags/hello_world.py took 0.221 seconds
[2026-03-11T05:13:14.680+0000] {processor.py:161} INFO - Started process (PID=533252) to work on /home/cloud/codings/airflow/dags/hello_world.py
[2026-03-11T05:13:14.682+0000] {processor.py:830} INFO - Processing file /home/cloud/codings/airflow/dags/hello_world.py for tasks to queue
[2026-03-11T05:13:14.684+0000] {logging_mixin.py:188} INFO - [2026-03-11T05:13:14.683+0000] {dagbag.py:545} INFO - Filling up the DagBag from /home/cloud/codings/airflow/dags/hello_world.py
[2026-03-11T05:13:14.713+0000] {processor.py:840} INFO - DAG(s) 'hello_world' retrieved from /home/cloud/codings/airflow/dags/hello_world.py
[2026-03-11T05:13:14.755+0000] {logging_mixin.py:188} INFO - [2026-03-11T05:13:14.754+0000] {dag.py:3089} INFO - Sync 1 DAGs
[2026-03-11T05:13:14.816+0000] {logging_mixin.py:188} INFO - [2026-03-11T05:13:14.815+0000] {dag.py:3947} INFO - Setting next_dagrun for hello_world to 2026-03-10 00:00:00+00:00, run_after=2026-03-11 00:00:00+00:00
[2026-03-11T05:13:14.873+0000] {processor.py:183} INFO - Processing /home/cloud/codings/airflow/dags/hello_world.py took 0.211 seconds
[2026-03-11T05:13:45.273+0000] {processor.py:161} INFO - Started process (PID=533271) to work on /home/cloud/codings/airflow/dags/hello_world.py
[2026-03-11T05:13:45.299+0000] {processor.py:830} INFO - Processing file /home/cloud/codings/airflow/dags/hello_world.py for tasks to queue
[2026-03-11T05:13:45.306+0000] {logging_mixin.py:188} INFO - [2026-03-11T05:13:45.303+0000] {dagbag.py:545} INFO - Filling up the DagBag from /home/cloud/codings/airflow/dags/hello_world.py
[2026-03-11T05:13:45.353+0000] {processor.py:840} INFO - DAG(s) 'hello_world' retrieved from /home/cloud/codings/airflow/dags/hello_world.py
[2026-03-11T05:13:45.395+0000] {logging_mixin.py:188} INFO - [2026-03-11T05:13:45.395+0000] {dag.py:3089} INFO - Sync 1 DAGs
[2026-03-11T05:13:45.441+0000] {logging_mixin.py:188} INFO - [2026-03-11T05:13:45.440+0000] {dag.py:3947} INFO - Setting next_dagrun for hello_world to 2026-03-10 00:00:00+00:00, run_after=2026-03-11 00:00:00+00:00
[2026-03-11T05:13:45.503+0000] {processor.py:183} INFO - Processing /home/cloud/codings/airflow/dags/hello_world.py took 0.262 seconds
[2026-03-11T05:14:15.860+0000] {processor.py:161} INFO - Started process (PID=533354) to work on /home/cloud/codings/airflow/dags/hello_world.py
[2026-03-11T05:14:15.864+0000] {processor.py:830} INFO - Processing file /home/cloud/codings/airflow/dags/hello_world.py for tasks to queue
[2026-03-11T05:14:15.868+0000] {logging_mixin.py:188} INFO - [2026-03-11T05:14:15.866+0000] {dagbag.py:545} INFO - Filling up the DagBag from /home/cloud/codings/airflow/dags/hello_world.py
[2026-03-11T05:14:15.908+0000] {processor.py:840} INFO - DAG(s) 'hello_world' retrieved from /home/cloud/codings/airflow/dags/hello_world.py
[2026-03-11T05:14:15.951+0000] {logging_mixin.py:188} INFO - [2026-03-11T05:14:15.950+0000] {dag.py:3089} INFO - Sync 1 DAGs
[2026-03-11T05:14:15.992+0000] {logging_mixin.py:188} INFO - [2026-03-11T05:14:15.992+0000] {dag.py:3947} INFO - Setting next_dagrun for hello_world to 2026-03-10 00:00:00+00:00, run_after=2026-03-11 00:00:00+00:00
[2026-03-11T05:14:16.059+0000] {processor.py:183} INFO - Processing /home/cloud/codings/airflow/dags/hello_world.py took 0.230 seconds
[2026-03-11T05:14:46.488+0000] {processor.py:161} INFO - Started process (PID=533383) to work on /home/cloud/codings/airflow/dags/hello_world.py
[2026-03-11T05:14:46.508+0000] {processor.py:830} INFO - Processing file /home/cloud/codings/airflow/dags/hello_world.py for tasks to queue
[2026-03-11T05:14:46.511+0000] {logging_mixin.py:188} INFO - [2026-03-11T05:14:46.510+0000] {dagbag.py:545} INFO - Filling up the DagBag from /home/cloud/codings/airflow/dags/hello_world.py
[2026-03-11T05:14:46.544+0000] {processor.py:840} INFO - DAG(s) 'hello_world' retrieved from /home/cloud/codings/airflow/dags/hello_world.py
[2026-03-11T05:14:46.591+0000] {logging_mixin.py:188} INFO - [2026-03-11T05:14:46.591+0000] {dag.py:3089} INFO - Sync 1 DAGs
[2026-03-11T05:14:46.625+0000] {logging_mixin.py:188} INFO - [2026-03-11T05:14:46.624+0000] {dag.py:3947} INFO - Setting next_dagrun for hello_world to 2026-03-10 00:00:00+00:00, run_after=2026-03-11 00:00:00+00:00
[2026-03-11T05:14:46.674+0000] {processor.py:183} INFO - Processing /home/cloud/codings/airflow/dags/hello_world.py took 0.204 seconds
[2026-03-11T05:15:17.018+0000] {processor.py:161} INFO - Started process (PID=533528) to work on /home/cloud/codings/airflow/dags/hello_world.py
[2026-03-11T05:15:17.020+0000] {processor.py:830} INFO - Processing file /home/cloud/codings/airflow/dags/hello_world.py for tasks to queue
[2026-03-11T05:15:17.022+0000] {logging_mixin.py:188} INFO - [2026-03-11T05:15:17.021+0000] {dagbag.py:545} INFO - Filling up the DagBag from /home/cloud/codings/airflow/dags/hello_world.py
[2026-03-11T05:15:17.039+0000] {processor.py:840} INFO - DAG(s) 'hello_world' retrieved from /home/cloud/codings/airflow/dags/hello_world.py
[2026-03-11T05:15:17.067+0000] {logging_mixin.py:188} INFO - [2026-03-11T05:15:17.067+0000] {dag.py:3089} INFO - Sync 1 DAGs
[2026-03-11T05:15:17.092+0000] {logging_mixin.py:188} INFO - [2026-03-11T05:15:17.092+0000] {dag.py:3947} INFO - Setting next_dagrun for hello_world to 2026-03-10 00:00:00+00:00, run_after=2026-03-11 00:00:00+00:00
[2026-03-11T05:15:17.127+0000] {processor.py:183} INFO - Processing /home/cloud/codings/airflow/dags/hello_world.py took 0.122 seconds
[2026-03-11T05:15:47.730+0000] {processor.py:161} INFO - Started process (PID=533553) to work on /home/cloud/codings/airflow/dags/hello_world.py
[2026-03-11T05:15:47.748+0000] {processor.py:830} INFO - Processing file /home/cloud/codings/airflow/dags/hello_world.py for tasks to queue
[2026-03-11T05:15:47.751+0000] {logging_mixin.py:188} INFO - [2026-03-11T05:15:47.750+0000] {dagbag.py:545} INFO - Filling up the DagBag from /home/cloud/codings/airflow/dags/hello_world.py
[2026-03-11T05:15:47.770+0000] {processor.py:840} INFO - DAG(s) 'hello_world' retrieved from /home/cloud/codings/airflow/dags/hello_world.py
[2026-03-11T05:15:47.798+0000] {logging_mixin.py:188} INFO - [2026-03-11T05:15:47.798+0000] {dag.py:3089} INFO - Sync 1 DAGs
[2026-03-11T05:15:47.824+0000] {logging_mixin.py:188} INFO - [2026-03-11T05:15:47.824+0000] {dag.py:3947} INFO - Setting next_dagrun for hello_world to 2026-03-10 00:00:00+00:00, run_after=2026-03-11 00:00:00+00:00
[2026-03-11T05:15:47.851+0000] {processor.py:183} INFO - Processing /home/cloud/codings/airflow/dags/hello_world.py took 0.160 seconds
[2026-03-11T05:16:18.389+0000] {processor.py:161} INFO - Started process (PID=533630) to work on /home/cloud/codings/airflow/dags/hello_world.py
[2026-03-11T05:16:18.390+0000] {processor.py:830} INFO - Processing file /home/cloud/codings/airflow/dags/hello_world.py for tasks to queue
[2026-03-11T05:16:18.391+0000] {logging_mixin.py:188} INFO - [2026-03-11T05:16:18.391+0000] {dagbag.py:545} INFO - Filling up the DagBag from /home/cloud/codings/airflow/dags/hello_world.py
[2026-03-11T05:16:18.407+0000] {processor.py:840} INFO - DAG(s) 'hello_world' retrieved from /home/cloud/codings/airflow/dags/hello_world.py
[2026-03-11T05:16:18.433+0000] {logging_mixin.py:188} INFO - [2026-03-11T05:16:18.432+0000] {dag.py:3089} INFO - Sync 1 DAGs
[2026-03-11T05:16:18.452+0000] {logging_mixin.py:188} INFO - [2026-03-11T05:16:18.452+0000] {dag.py:3947} INFO - Setting next_dagrun for hello_world to 2026-03-10 00:00:00+00:00, run_after=2026-03-11 00:00:00+00:00
[2026-03-11T05:16:18.477+0000] {processor.py:183} INFO - Processing /home/cloud/codings/airflow/dags/hello_world.py took 0.098 seconds
[2026-03-11T05:16:49.032+0000] {processor.py:161} INFO - Started process (PID=533661) to work on /home/cloud/codings/airflow/dags/hello_world.py
[2026-03-11T05:16:49.051+0000] {processor.py:830} INFO - Processing file /home/cloud/codings/airflow/dags/hello_world.py for tasks to queue
[2026-03-11T05:16:49.053+0000] {logging_mixin.py:188} INFO - [2026-03-11T05:16:49.052+0000] {dagbag.py:545} INFO - Filling up the DagBag from /home/cloud/codings/airflow/dags/hello_world.py
[2026-03-11T05:16:49.087+0000] {processor.py:840} INFO - DAG(s) 'hello_world' retrieved from /home/cloud/codings/airflow/dags/hello_world.py
[2026-03-11T05:16:49.159+0000] {logging_mixin.py:188} INFO - [2026-03-11T05:16:49.159+0000] {dag.py:3089} INFO - Sync 1 DAGs
[2026-03-11T05:16:49.218+0000] {logging_mixin.py:188} INFO - [2026-03-11T05:16:49.217+0000] {dag.py:3947} INFO - Setting next_dagrun for hello_world to 2026-03-10 00:00:00+00:00, run_after=2026-03-11 00:00:00+00:00
[2026-03-11T05:16:49.305+0000] {processor.py:183} INFO - Processing /home/cloud/codings/airflow/dags/hello_world.py took 0.296 seconds
[2026-03-11T05:17:19.847+0000] {processor.py:161} INFO - Started process (PID=533748) to work on /home/cloud/codings/airflow/dags/hello_world.py
[2026-03-11T05:17:19.850+0000] {processor.py:830} INFO - Processing file /home/cloud/codings/airflow/dags/hello_world.py for tasks to queue
[2026-03-11T05:17:19.852+0000] {logging_mixin.py:188} INFO - [2026-03-11T05:17:19.851+0000] {dagbag.py:545} INFO - Filling up the DagBag from /home/cloud/codings/airflow/dags/hello_world.py
[2026-03-11T05:17:19.877+0000] {processor.py:840} INFO - DAG(s) 'hello_world' retrieved from /home/cloud/codings/airflow/dags/hello_world.py
[2026-03-11T05:17:19.905+0000] {logging_mixin.py:188} INFO - [2026-03-11T05:17:19.905+0000] {dag.py:3089} INFO - Sync 1 DAGs
[2026-03-11T05:17:19.928+0000] {logging_mixin.py:188} INFO - [2026-03-11T05:17:19.928+0000] {dag.py:3947} INFO - Setting next_dagrun for hello_world to 2026-03-10 00:00:00+00:00, run_after=2026-03-11 00:00:00+00:00
[2026-03-11T05:17:19.998+0000] {processor.py:183} INFO - Processing /home/cloud/codings/airflow/dags/hello_world.py took 0.176 seconds
[2026-03-11T05:17:50.575+0000] {processor.py:161} INFO - Started process (PID=533798) to work on /home/cloud/codings/airflow/dags/hello_world.py
[2026-03-11T05:17:50.597+0000] {processor.py:830} INFO - Processing file /home/cloud/codings/airflow/dags/hello_world.py for tasks to queue
[2026-03-11T05:17:50.600+0000] {logging_mixin.py:188} INFO - [2026-03-11T05:17:50.599+0000] {dagbag.py:545} INFO - Filling up the DagBag from /home/cloud/codings/airflow/dags/hello_world.py
[2026-03-11T05:17:50.641+0000] {processor.py:840} INFO - DAG(s) 'hello_world' retrieved from /home/cloud/codings/airflow/dags/hello_world.py
[2026-03-11T05:17:50.686+0000] {logging_mixin.py:188} INFO - [2026-03-11T05:17:50.686+0000] {dag.py:3089} INFO - Sync 1 DAGs
[2026-03-11T05:17:50.731+0000] {logging_mixin.py:188} INFO - [2026-03-11T05:17:50.731+0000] {dag.py:3947} INFO - Setting next_dagrun for hello_world to 2026-03-10 00:00:00+00:00, run_after=2026-03-11 00:00:00+00:00
[2026-03-11T05:17:50.784+0000] {processor.py:183} INFO - Processing /home/cloud/codings/airflow/dags/hello_world.py took 0.234 seconds
[2026-03-11T05:18:21.005+0000] {processor.py:161} INFO - Started process (PID=533860) to work on /home/cloud/codings/airflow/dags/hello_world.py
[2026-03-11T05:18:21.032+0000] {processor.py:830} INFO - Processing file /home/cloud/codings/airflow/dags/hello_world.py for tasks to queue
[2026-03-11T05:18:21.035+0000] {logging_mixin.py:188} INFO - [2026-03-11T05:18:21.034+0000] {dagbag.py:545} INFO - Filling up the DagBag from /home/cloud/codings/airflow/dags/hello_world.py
[2026-03-11T05:18:21.071+0000] {processor.py:840} INFO - DAG(s) 'hello_world' retrieved from /home/cloud/codings/airflow/dags/hello_world.py
[2026-03-11T05:18:21.109+0000] {logging_mixin.py:188} INFO - [2026-03-11T05:18:21.109+0000] {dag.py:3089} INFO - Sync 1 DAGs
[2026-03-11T05:18:21.132+0000] {logging_mixin.py:188} INFO - [2026-03-11T05:18:21.132+0000] {dag.py:3947} INFO - Setting next_dagrun for hello_world to 2026-03-10 00:00:00+00:00, run_after=2026-03-11 00:00:00+00:00
[2026-03-11T05:18:21.156+0000] {processor.py:183} INFO - Processing /home/cloud/codings/airflow/dags/hello_world.py took 0.167 seconds
[2026-03-11T05:18:51.521+0000] {processor.py:161} INFO - Started process (PID=533947) to work on /home/cloud/codings/airflow/dags/hello_world.py
[2026-03-11T05:18:51.523+0000] {processor.py:830} INFO - Processing file /home/cloud/codings/airflow/dags/hello_world.py for tasks to queue
[2026-03-11T05:18:51.525+0000] {logging_mixin.py:188} INFO - [2026-03-11T05:18:51.524+0000] {dagbag.py:545} INFO - Filling up the DagBag from /home/cloud/codings/airflow/dags/hello_world.py
[2026-03-11T05:18:51.548+0000] {processor.py:840} INFO - DAG(s) 'hello_world' retrieved from /home/cloud/codings/airflow/dags/hello_world.py
[2026-03-11T05:18:51.587+0000] {logging_mixin.py:188} INFO - [2026-03-11T05:18:51.586+0000] {dag.py:3089} INFO - Sync 1 DAGs
[2026-03-11T05:18:51.624+0000] {logging_mixin.py:188} INFO - [2026-03-11T05:18:51.623+0000] {dag.py:3947} INFO - Setting next_dagrun for hello_world to 2026-03-10 00:00:00+00:00, run_after=2026-03-11 00:00:00+00:00
[2026-03-11T05:18:51.663+0000] {processor.py:183} INFO - Processing /home/cloud/codings/airflow/dags/hello_world.py took 0.155 seconds
[2026-03-11T05:19:22.175+0000] {processor.py:161} INFO - Started process (PID=533964) to work on /home/cloud/codings/airflow/dags/hello_world.py
[2026-03-11T05:19:22.198+0000] {processor.py:830} INFO - Processing file /home/cloud/codings/airflow/dags/hello_world.py for tasks to queue
[2026-03-11T05:19:22.202+0000] {logging_mixin.py:188} INFO - [2026-03-11T05:19:22.200+0000] {dagbag.py:545} INFO - Filling up the DagBag from /home/cloud/codings/airflow/dags/hello_world.py
[2026-03-11T05:19:22.236+0000] {processor.py:840} INFO - DAG(s) 'hello_world' retrieved from /home/cloud/codings/airflow/dags/hello_world.py
[2026-03-11T05:19:22.274+0000] {logging_mixin.py:188} INFO - [2026-03-11T05:19:22.274+0000] {dag.py:3089} INFO - Sync 1 DAGs
[2026-03-11T05:19:22.308+0000] {logging_mixin.py:188} INFO - [2026-03-11T05:19:22.307+0000] {dag.py:3947} INFO - Setting next_dagrun for hello_world to 2026-03-10 00:00:00+00:00, run_after=2026-03-11 00:00:00+00:00
[2026-03-11T05:19:22.376+0000] {processor.py:183} INFO - Processing /home/cloud/codings/airflow/dags/hello_world.py took 0.212 seconds
[2026-03-11T05:19:53.363+0000] {processor.py:161} INFO - Started process (PID=534051) to work on /home/cloud/codings/airflow/dags/hello_world.py
[2026-03-11T05:19:53.366+0000] {processor.py:830} INFO - Processing file /home/cloud/codings/airflow/dags/hello_world.py for tasks to queue
[2026-03-11T05:19:53.370+0000] {logging_mixin.py:188} INFO - [2026-03-11T05:19:53.368+0000] {dagbag.py:545} INFO - Filling up the DagBag from /home/cloud/codings/airflow/dags/hello_world.py
[2026-03-11T05:19:53.414+0000] {processor.py:840} INFO - DAG(s) 'hello_world' retrieved from /home/cloud/codings/airflow/dags/hello_world.py
[2026-03-11T05:19:53.463+0000] {logging_mixin.py:188} INFO - [2026-03-11T05:19:53.462+0000] {dag.py:3089} INFO - Sync 1 DAGs
[2026-03-11T05:19:53.501+0000] {logging_mixin.py:188} INFO - [2026-03-11T05:19:53.501+0000] {dag.py:3947} INFO - Setting next_dagrun for hello_world to 2026-03-10 00:00:00+00:00, run_after=2026-03-11 00:00:00+00:00
[2026-03-11T05:19:53.557+0000] {processor.py:183} INFO - Processing /home/cloud/codings/airflow/dags/hello_world.py took 0.219 seconds
[2026-03-11T05:20:24.474+0000] {processor.py:161} INFO - Started process (PID=534138) to work on /home/cloud/codings/airflow/dags/hello_world.py
[2026-03-11T05:20:24.493+0000] {processor.py:830} INFO - Processing file /home/cloud/codings/airflow/dags/hello_world.py for tasks to queue
[2026-03-11T05:20:24.494+0000] {logging_mixin.py:188} INFO - [2026-03-11T05:20:24.494+0000] {dagbag.py:545} INFO - Filling up the DagBag from /home/cloud/codings/airflow/dags/hello_world.py
[2026-03-11T05:20:24.514+0000] {processor.py:840} INFO - DAG(s) 'hello_world' retrieved from /home/cloud/codings/airflow/dags/hello_world.py
[2026-03-11T05:20:24.543+0000] {logging_mixin.py:188} INFO - [2026-03-11T05:20:24.542+0000] {dag.py:3089} INFO - Sync 1 DAGs
[2026-03-11T05:20:24.563+0000] {logging_mixin.py:188} INFO - [2026-03-11T05:20:24.563+0000] {dag.py:3947} INFO - Setting next_dagrun for hello_world to 2026-03-10 00:00:00+00:00, run_after=2026-03-11 00:00:00+00:00
[2026-03-11T05:20:24.594+0000] {processor.py:183} INFO - Processing /home/cloud/codings/airflow/dags/hello_world.py took 0.132 seconds
[2026-03-11T05:20:54.944+0000] {processor.py:161} INFO - Started process (PID=534225) to work on /home/cloud/codings/airflow/dags/hello_world.py
[2026-03-11T05:20:54.945+0000] {processor.py:830} INFO - Processing file /home/cloud/codings/airflow/dags/hello_world.py for tasks to queue
[2026-03-11T05:20:54.946+0000] {logging_mixin.py:188} INFO - [2026-03-11T05:20:54.946+0000] {dagbag.py:545} INFO - Filling up the DagBag from /home/cloud/codings/airflow/dags/hello_world.py
[2026-03-11T05:20:54.957+0000] {processor.py:840} INFO - DAG(s) 'hello_world' retrieved from /home/cloud/codings/airflow/dags/hello_world.py
[2026-03-11T05:20:54.979+0000] {logging_mixin.py:188} INFO - [2026-03-11T05:20:54.978+0000] {dag.py:3089} INFO - Sync 1 DAGs
[2026-03-11T05:20:54.998+0000] {logging_mixin.py:188} INFO - [2026-03-11T05:20:54.998+0000] {dag.py:3947} INFO - Setting next_dagrun for hello_world to 2026-03-10 00:00:00+00:00, run_after=2026-03-11 00:00:00+00:00
[2026-03-11T05:20:55.024+0000] {processor.py:183} INFO - Processing /home/cloud/codings/airflow/dags/hello_world.py took 0.087 seconds
[2026-03-11T05:21:25.625+0000] {processor.py:161} INFO - Started process (PID=534248) to work on /home/cloud/codings/airflow/dags/hello_world.py
[2026-03-11T05:21:25.630+0000] {processor.py:830} INFO - Processing file /home/cloud/codings/airflow/dags/hello_world.py for tasks to queue
[2026-03-11T05:21:25.634+0000] {logging_mixin.py:188} INFO - [2026-03-11T05:21:25.632+0000] {dagbag.py:545} INFO - Filling up the DagBag from /home/cloud/codings/airflow/dags/hello_world.py
[2026-03-11T05:21:25.678+0000] {processor.py:840} INFO - DAG(s) 'hello_world' retrieved from /home/cloud/codings/airflow/dags/hello_world.py
[2026-03-11T05:21:25.740+0000] {logging_mixin.py:188} INFO - [2026-03-11T05:21:25.739+0000] {dag.py:3089} INFO - Sync 1 DAGs
[2026-03-11T05:21:25.776+0000] {logging_mixin.py:188} INFO - [2026-03-11T05:21:25.776+0000] {dag.py:3947} INFO - Setting next_dagrun for hello_world to 2026-03-10 00:00:00+00:00, run_after=2026-03-11 00:00:00+00:00
[2026-03-11T05:21:25.846+0000] {processor.py:183} INFO - Processing /home/cloud/codings/airflow/dags/hello_world.py took 0.247 seconds
[2026-03-11T05:21:56.153+0000] {processor.py:161} INFO - Started process (PID=534330) to work on /home/cloud/codings/airflow/dags/hello_world.py
[2026-03-11T05:21:56.156+0000] {processor.py:830} INFO - Processing file /home/cloud/codings/airflow/dags/hello_world.py for tasks to queue
[2026-03-11T05:21:56.158+0000] {logging_mixin.py:188} INFO - [2026-03-11T05:21:56.157+0000] {dagbag.py:545} INFO - Filling up the DagBag from /home/cloud/codings/airflow/dags/hello_world.py
[2026-03-11T05:21:56.190+0000] {processor.py:840} INFO - DAG(s) 'hello_world' retrieved from /home/cloud/codings/airflow/dags/hello_world.py
[2026-03-11T05:21:56.257+0000] {logging_mixin.py:188} INFO - [2026-03-11T05:21:56.256+0000] {dag.py:3089} INFO - Sync 1 DAGs
[2026-03-11T05:21:56.297+0000] {logging_mixin.py:188} INFO - [2026-03-11T05:21:56.296+0000] {dag.py:3947} INFO - Setting next_dagrun for hello_world to 2026-03-10 00:00:00+00:00, run_after=2026-03-11 00:00:00+00:00
[2026-03-11T05:21:56.353+0000] {processor.py:183} INFO - Processing /home/cloud/codings/airflow/dags/hello_world.py took 0.220 seconds
[2026-03-11T05:22:26.737+0000] {processor.py:161} INFO - Started process (PID=534355) to work on /home/cloud/codings/airflow/dags/hello_world.py
[2026-03-11T05:22:26.764+0000] {processor.py:830} INFO - Processing file /home/cloud/codings/airflow/dags/hello_world.py for tasks to queue
[2026-03-11T05:22:26.768+0000] {logging_mixin.py:188} INFO - [2026-03-11T05:22:26.766+0000] {dagbag.py:545} INFO - Filling up the DagBag from /home/cloud/codings/airflow/dags/hello_world.py
[2026-03-11T05:22:26.799+0000] {processor.py:840} INFO - DAG(s) 'hello_world' retrieved from /home/cloud/codings/airflow/dags/hello_world.py
[2026-03-11T05:22:26.854+0000] {logging_mixin.py:188} INFO - [2026-03-11T05:22:26.854+0000] {dag.py:3089} INFO - Sync 1 DAGs
[2026-03-11T05:22:26.896+0000] {logging_mixin.py:188} INFO - [2026-03-11T05:22:26.895+0000] {dag.py:3947} INFO - Setting next_dagrun for hello_world to 2026-03-10 00:00:00+00:00, run_after=2026-03-11 00:00:00+00:00
[2026-03-11T05:22:26.947+0000] {processor.py:183} INFO - Processing /home/cloud/codings/airflow/dags/hello_world.py took 0.237 seconds
[2026-03-11T05:22:57.147+0000] {processor.py:161} INFO - Started process (PID=534460) to work on /home/cloud/codings/airflow/dags/hello_world.py
[2026-03-11T05:22:57.148+0000] {processor.py:830} INFO - Processing file /home/cloud/codings/airflow/dags/hello_world.py for tasks to queue
[2026-03-11T05:22:57.150+0000] {logging_mixin.py:188} INFO - [2026-03-11T05:22:57.149+0000] {dagbag.py:545} INFO - Filling up the DagBag from /home/cloud/codings/airflow/dags/hello_world.py
[2026-03-11T05:22:57.163+0000] {processor.py:840} INFO - DAG(s) 'hello_world' retrieved from /home/cloud/codings/airflow/dags/hello_world.py
[2026-03-11T05:22:57.186+0000] {logging_mixin.py:188} INFO - [2026-03-11T05:22:57.185+0000] {dag.py:3089} INFO - Sync 1 DAGs
[2026-03-11T05:22:57.207+0000] {logging_mixin.py:188} INFO - [2026-03-11T05:22:57.207+0000] {dag.py:3947} INFO - Setting next_dagrun for hello_world to 2026-03-10 00:00:00+00:00, run_after=2026-03-11 00:00:00+00:00
[2026-03-11T05:22:57.234+0000] {processor.py:183} INFO - Processing /home/cloud/codings/airflow/dags/hello_world.py took 0.096 seconds
[2026-03-11T05:23:27.645+0000] {processor.py:161} INFO - Started process (PID=534483) to work on /home/cloud/codings/airflow/dags/hello_world.py
[2026-03-11T05:23:27.665+0000] {processor.py:830} INFO - Processing file /home/cloud/codings/airflow/dags/hello_world.py for tasks to queue
[2026-03-11T05:23:27.667+0000] {logging_mixin.py:188} INFO - [2026-03-11T05:23:27.666+0000] {dagbag.py:545} INFO - Filling up the DagBag from /home/cloud/codings/airflow/dags/hello_world.py
[2026-03-11T05:23:27.688+0000] {processor.py:840} INFO - DAG(s) 'hello_world' retrieved from /home/cloud/codings/airflow/dags/hello_world.py
[2026-03-11T05:23:27.718+0000] {logging_mixin.py:188} INFO - [2026-03-11T05:23:27.718+0000] {dag.py:3089} INFO - Sync 1 DAGs
[2026-03-11T05:23:27.744+0000] {logging_mixin.py:188} INFO - [2026-03-11T05:23:27.744+0000] {dag.py:3947} INFO - Setting next_dagrun for hello_world to 2026-03-10 00:00:00+00:00, run_after=2026-03-11 00:00:00+00:00
[2026-03-11T05:23:27.782+0000] {processor.py:183} INFO - Processing /home/cloud/codings/airflow/dags/hello_world.py took 0.152 seconds
[2026-03-11T05:23:58.404+0000] {processor.py:161} INFO - Started process (PID=534570) to work on /home/cloud/codings/airflow/dags/hello_world.py
[2026-03-11T05:23:58.405+0000] {processor.py:830} INFO - Processing file /home/cloud/codings/airflow/dags/hello_world.py for tasks to queue
[2026-03-11T05:23:58.407+0000] {logging_mixin.py:188} INFO - [2026-03-11T05:23:58.406+0000] {dagbag.py:545} INFO - Filling up the DagBag from /home/cloud/codings/airflow/dags/hello_world.py
[2026-03-11T05:23:58.427+0000] {processor.py:840} INFO - DAG(s) 'hello_world' retrieved from /home/cloud/codings/airflow/dags/hello_world.py
[2026-03-11T05:23:58.455+0000] {logging_mixin.py:188} INFO - [2026-03-11T05:23:58.454+0000] {dag.py:3089} INFO - Sync 1 DAGs
[2026-03-11T05:23:58.475+0000] {logging_mixin.py:188} INFO - [2026-03-11T05:23:58.475+0000] {dag.py:3947} INFO - Setting next_dagrun for hello_world to 2026-03-10 00:00:00+00:00, run_after=2026-03-11 00:00:00+00:00
[2026-03-11T05:23:58.502+0000] {processor.py:183} INFO - Processing /home/cloud/codings/airflow/dags/hello_world.py took 0.111 seconds
[2026-03-11T05:24:29.040+0000] {processor.py:161} INFO - Started process (PID=534595) to work on /home/cloud/codings/airflow/dags/hello_world.py
[2026-03-11T05:24:29.060+0000] {processor.py:830} INFO - Processing file /home/cloud/codings/airflow/dags/hello_world.py for tasks to queue
[2026-03-11T05:24:29.063+0000] {logging_mixin.py:188} INFO - [2026-03-11T05:24:29.061+0000] {dagbag.py:545} INFO - Filling up the DagBag from /home/cloud/codings/airflow/dags/hello_world.py
[2026-03-11T05:24:29.084+0000] {processor.py:840} INFO - DAG(s) 'hello_world' retrieved from /home/cloud/codings/airflow/dags/hello_world.py
[2026-03-11T05:24:29.123+0000] {logging_mixin.py:188} INFO - [2026-03-11T05:24:29.123+0000] {dag.py:3089} INFO - Sync 1 DAGs
[2026-03-11T05:24:29.158+0000] {logging_mixin.py:188} INFO - [2026-03-11T05:24:29.158+0000] {dag.py:3947} INFO - Setting next_dagrun for hello_world to 2026-03-10 00:00:00+00:00, run_after=2026-03-11 00:00:00+00:00
[2026-03-11T05:24:29.208+0000] {processor.py:183} INFO - Processing /home/cloud/codings/airflow/dags/hello_world.py took 0.186 seconds
[2026-03-11T05:24:59.351+0000] {processor.py:161} INFO - Started process (PID=534678) to work on /home/cloud/codings/airflow/dags/hello_world.py
[2026-03-11T05:24:59.369+0000] {processor.py:830} INFO - Processing file /home/cloud/codings/airflow/dags/hello_world.py for tasks to queue
[2026-03-11T05:24:59.373+0000] {logging_mixin.py:188} INFO - [2026-03-11T05:24:59.371+0000] {dagbag.py:545} INFO - Filling up the DagBag from /home/cloud/codings/airflow/dags/hello_world.py
[2026-03-11T05:24:59.398+0000] {processor.py:840} INFO - DAG(s) 'hello_world' retrieved from /home/cloud/codings/airflow/dags/hello_world.py
[2026-03-11T05:24:59.436+0000] {logging_mixin.py:188} INFO - [2026-03-11T05:24:59.435+0000] {dag.py:3089} INFO - Sync 1 DAGs
[2026-03-11T05:24:59.467+0000] {logging_mixin.py:188} INFO - [2026-03-11T05:24:59.466+0000] {dag.py:3947} INFO - Setting next_dagrun for hello_world to 2026-03-10 00:00:00+00:00, run_after=2026-03-11 00:00:00+00:00
[2026-03-11T05:24:59.513+0000] {processor.py:183} INFO - Processing /home/cloud/codings/airflow/dags/hello_world.py took 0.178 seconds
[2026-03-11T05:25:29.924+0000] {processor.py:161} INFO - Started process (PID=534761) to work on /home/cloud/codings/airflow/dags/hello_world.py
[2026-03-11T05:25:29.942+0000] {processor.py:830} INFO - Processing file /home/cloud/codings/airflow/dags/hello_world.py for tasks to queue
[2026-03-11T05:25:29.943+0000] {logging_mixin.py:188} INFO - [2026-03-11T05:25:29.943+0000] {dagbag.py:545} INFO - Filling up the DagBag from /home/cloud/codings/airflow/dags/hello_world.py
[2026-03-11T05:25:29.955+0000] {processor.py:840} INFO - DAG(s) 'hello_world' retrieved from /home/cloud/codings/airflow/dags/hello_world.py
[2026-03-11T05:25:29.981+0000] {logging_mixin.py:188} INFO - [2026-03-11T05:25:29.981+0000] {dag.py:3089} INFO - Sync 1 DAGs
[2026-03-11T05:25:30.006+0000] {logging_mixin.py:188} INFO - [2026-03-11T05:25:30.006+0000] {dag.py:3947} INFO - Setting next_dagrun for hello_world to 2026-03-10 00:00:00+00:00, run_after=2026-03-11 00:00:00+00:00
[2026-03-11T05:25:30.032+0000] {processor.py:183} INFO - Processing /home/cloud/codings/airflow/dags/hello_world.py took 0.114 seconds
[2026-03-11T05:26:00.588+0000] {processor.py:161} INFO - Started process (PID=534846) to work on /home/cloud/codings/airflow/dags/hello_world.py
[2026-03-11T05:26:00.590+0000] {processor.py:830} INFO - Processing file /home/cloud/codings/airflow/dags/hello_world.py for tasks to queue
[2026-03-11T05:26:00.593+0000] {logging_mixin.py:188} INFO - [2026-03-11T05:26:00.591+0000] {dagbag.py:545} INFO - Filling up the DagBag from /home/cloud/codings/airflow/dags/hello_world.py
[2026-03-11T05:26:00.612+0000] {processor.py:840} INFO - DAG(s) 'hello_world' retrieved from /home/cloud/codings/airflow/dags/hello_world.py
[2026-03-11T05:26:00.647+0000] {logging_mixin.py:188} INFO - [2026-03-11T05:26:00.646+0000] {dag.py:3089} INFO - Sync 1 DAGs
[2026-03-11T05:26:00.672+0000] {logging_mixin.py:188} INFO - [2026-03-11T05:26:00.672+0000] {dag.py:3947} INFO - Setting next_dagrun for hello_world to 2026-03-10 00:00:00+00:00, run_after=2026-03-11 00:00:00+00:00
[2026-03-11T05:26:00.698+0000] {processor.py:183} INFO - Processing /home/cloud/codings/airflow/dags/hello_world.py took 0.122 seconds
[2026-03-11T05:26:31.274+0000] {processor.py:161} INFO - Started process (PID=534873) to work on /home/cloud/codings/airflow/dags/hello_world.py
[2026-03-11T05:26:31.276+0000] {processor.py:830} INFO - Processing file /home/cloud/codings/airflow/dags/hello_world.py for tasks to queue
[2026-03-11T05:26:31.277+0000] {logging_mixin.py:188} INFO - [2026-03-11T05:26:31.277+0000] {dagbag.py:545} INFO - Filling up the DagBag from /home/cloud/codings/airflow/dags/hello_world.py
[2026-03-11T05:26:31.292+0000] {processor.py:840} INFO - DAG(s) 'hello_world' retrieved from /home/cloud/codings/airflow/dags/hello_world.py
[2026-03-11T05:26:31.314+0000] {logging_mixin.py:188} INFO - [2026-03-11T05:26:31.313+0000] {dag.py:3089} INFO - Sync 1 DAGs
[2026-03-11T05:26:31.334+0000] {logging_mixin.py:188} INFO - [2026-03-11T05:26:31.334+0000] {dag.py:3947} INFO - Setting next_dagrun for hello_world to 2026-03-10 00:00:00+00:00, run_after=2026-03-11 00:00:00+00:00
[2026-03-11T05:26:31.358+0000] {processor.py:183} INFO - Processing /home/cloud/codings/airflow/dags/hello_world.py took 0.092 seconds
[2026-03-11T05:27:01.917+0000] {processor.py:161} INFO - Started process (PID=534960) to work on /home/cloud/codings/airflow/dags/hello_world.py
[2026-03-11T05:27:01.937+0000] {processor.py:830} INFO - Processing file /home/cloud/codings/airflow/dags/hello_world.py for tasks to queue
[2026-03-11T05:27:01.939+0000] {logging_mixin.py:188} INFO - [2026-03-11T05:27:01.938+0000] {dagbag.py:545} INFO - Filling up the DagBag from /home/cloud/codings/airflow/dags/hello_world.py
[2026-03-11T05:27:01.966+0000] {processor.py:840} INFO - DAG(s) 'hello_world' retrieved from /home/cloud/codings/airflow/dags/hello_world.py
[2026-03-11T05:27:02.015+0000] {logging_mixin.py:188} INFO - [2026-03-11T05:27:02.014+0000] {dag.py:3089} INFO - Sync 1 DAGs
[2026-03-11T05:27:02.057+0000] {logging_mixin.py:188} INFO - [2026-03-11T05:27:02.057+0000] {dag.py:3947} INFO - Setting next_dagrun for hello_world to 2026-03-10 00:00:00+00:00, run_after=2026-03-11 00:00:00+00:00
[2026-03-11T05:27:02.107+0000] {processor.py:183} INFO - Processing /home/cloud/codings/airflow/dags/hello_world.py took 0.205 seconds
[2026-03-11T05:27:32.516+0000] {processor.py:161} INFO - Started process (PID=534983) to work on /home/cloud/codings/airflow/dags/hello_world.py
[2026-03-11T05:27:32.534+0000] {processor.py:830} INFO - Processing file /home/cloud/codings/airflow/dags/hello_world.py for tasks to queue
[2026-03-11T05:27:32.537+0000] {logging_mixin.py:188} INFO - [2026-03-11T05:27:32.536+0000] {dagbag.py:545} INFO - Filling up the DagBag from /home/cloud/codings/airflow/dags/hello_world.py
[2026-03-11T05:27:32.562+0000] {processor.py:840} INFO - DAG(s) 'hello_world' retrieved from /home/cloud/codings/airflow/dags/hello_world.py
[2026-03-11T05:27:32.609+0000] {logging_mixin.py:188} INFO - [2026-03-11T05:27:32.609+0000] {dag.py:3089} INFO - Sync 1 DAGs
[2026-03-11T05:27:32.650+0000] {logging_mixin.py:188} INFO - [2026-03-11T05:27:32.650+0000] {dag.py:3947} INFO - Setting next_dagrun for hello_world to 2026-03-10 00:00:00+00:00, run_after=2026-03-11 00:00:00+00:00
[2026-03-11T05:27:32.692+0000] {processor.py:183} INFO - Processing /home/cloud/codings/airflow/dags/hello_world.py took 0.202 seconds
[2026-03-11T05:28:03.106+0000] {processor.py:161} INFO - Started process (PID=535065) to work on /home/cloud/codings/airflow/dags/hello_world.py
[2026-03-11T05:28:03.109+0000] {processor.py:830} INFO - Processing file /home/cloud/codings/airflow/dags/hello_world.py for tasks to queue
[2026-03-11T05:28:03.111+0000] {logging_mixin.py:188} INFO - [2026-03-11T05:28:03.110+0000] {dagbag.py:545} INFO - Filling up the DagBag from /home/cloud/codings/airflow/dags/hello_world.py
[2026-03-11T05:28:03.133+0000] {processor.py:840} INFO - DAG(s) 'hello_world' retrieved from /home/cloud/codings/airflow/dags/hello_world.py
[2026-03-11T05:28:03.177+0000] {logging_mixin.py:188} INFO - [2026-03-11T05:28:03.176+0000] {dag.py:3089} INFO - Sync 1 DAGs
[2026-03-11T05:28:03.221+0000] {logging_mixin.py:188} INFO - [2026-03-11T05:28:03.220+0000] {dag.py:3947} INFO - Setting next_dagrun for hello_world to 2026-03-10 00:00:00+00:00, run_after=2026-03-11 00:00:00+00:00
[2026-03-11T05:28:03.281+0000] {processor.py:183} INFO - Processing /home/cloud/codings/airflow/dags/hello_world.py took 0.188 seconds
[2026-03-11T05:28:33.577+0000] {processor.py:161} INFO - Started process (PID=535092) to work on /home/cloud/codings/airflow/dags/hello_world.py
[2026-03-11T05:28:33.598+0000] {processor.py:830} INFO - Processing file /home/cloud/codings/airflow/dags/hello_world.py for tasks to queue
[2026-03-11T05:28:33.600+0000] {logging_mixin.py:188} INFO - [2026-03-11T05:28:33.599+0000] {dagbag.py:545} INFO - Filling up the DagBag from /home/cloud/codings/airflow/dags/hello_world.py
[2026-03-11T05:28:33.624+0000] {processor.py:840} INFO - DAG(s) 'hello_world' retrieved from /home/cloud/codings/airflow/dags/hello_world.py
[2026-03-11T05:28:33.665+0000] {logging_mixin.py:188} INFO - [2026-03-11T05:28:33.664+0000] {dag.py:3089} INFO - Sync 1 DAGs
[2026-03-11T05:28:33.703+0000] {logging_mixin.py:188} INFO - [2026-03-11T05:28:33.702+0000] {dag.py:3947} INFO - Setting next_dagrun for hello_world to 2026-03-10 00:00:00+00:00, run_after=2026-03-11 00:00:00+00:00
[2026-03-11T05:28:33.800+0000] {processor.py:183} INFO - Processing /home/cloud/codings/airflow/dags/hello_world.py took 0.249 seconds
[2026-03-11T05:29:04.147+0000] {processor.py:161} INFO - Started process (PID=535179) to work on /home/cloud/codings/airflow/dags/hello_world.py
[2026-03-11T05:29:04.180+0000] {processor.py:830} INFO - Processing file /home/cloud/codings/airflow/dags/hello_world.py for tasks to queue
[2026-03-11T05:29:04.185+0000] {logging_mixin.py:188} INFO - [2026-03-11T05:29:04.183+0000] {dagbag.py:545} INFO - Filling up the DagBag from /home/cloud/codings/airflow/dags/hello_world.py
[2026-03-11T05:29:04.214+0000] {processor.py:840} INFO - DAG(s) 'hello_world' retrieved from /home/cloud/codings/airflow/dags/hello_world.py
[2026-03-11T05:29:04.263+0000] {logging_mixin.py:188} INFO - [2026-03-11T05:29:04.262+0000] {dag.py:3089} INFO - Sync 1 DAGs
[2026-03-11T05:29:04.308+0000] {logging_mixin.py:188} INFO - [2026-03-11T05:29:04.308+0000] {dag.py:3947} INFO - Setting next_dagrun for hello_world to 2026-03-10 00:00:00+00:00, run_after=2026-03-11 00:00:00+00:00
[2026-03-11T05:29:04.386+0000] {processor.py:183} INFO - Processing /home/cloud/codings/airflow/dags/hello_world.py took 0.267 seconds
[2026-03-11T05:29:34.838+0000] {processor.py:161} INFO - Started process (PID=535202) to work on /home/cloud/codings/airflow/dags/hello_world.py
[2026-03-11T05:29:34.871+0000] {processor.py:830} INFO - Processing file /home/cloud/codings/airflow/dags/hello_world.py for tasks to queue
[2026-03-11T05:29:34.878+0000] {logging_mixin.py:188} INFO - [2026-03-11T05:29:34.875+0000] {dagbag.py:545} INFO - Filling up the DagBag from /home/cloud/codings/airflow/dags/hello_world.py
[2026-03-11T05:29:34.928+0000] {processor.py:840} INFO - DAG(s) 'hello_world' retrieved from /home/cloud/codings/airflow/dags/hello_world.py
[2026-03-11T05:29:34.978+0000] {logging_mixin.py:188} INFO - [2026-03-11T05:29:34.978+0000] {dag.py:3089} INFO - Sync 1 DAGs
[2026-03-11T05:29:35.018+0000] {logging_mixin.py:188} INFO - [2026-03-11T05:29:35.018+0000] {dag.py:3947} INFO - Setting next_dagrun for hello_world to 2026-03-10 00:00:00+00:00, run_after=2026-03-11 00:00:00+00:00
[2026-03-11T05:29:35.092+0000] {processor.py:183} INFO - Processing /home/cloud/codings/airflow/dags/hello_world.py took 0.286 seconds
[2026-03-11T05:30:05.477+0000] {processor.py:161} INFO - Started process (PID=535347) to work on /home/cloud/codings/airflow/dags/hello_world.py
[2026-03-11T05:30:05.507+0000] {processor.py:830} INFO - Processing file /home/cloud/codings/airflow/dags/hello_world.py for tasks to queue
[2026-03-11T05:30:05.510+0000] {logging_mixin.py:188} INFO - [2026-03-11T05:30:05.508+0000] {dagbag.py:545} INFO - Filling up the DagBag from /home/cloud/codings/airflow/dags/hello_world.py
[2026-03-11T05:30:05.532+0000] {processor.py:840} INFO - DAG(s) 'hello_world' retrieved from /home/cloud/codings/airflow/dags/hello_world.py
[2026-03-11T05:30:05.583+0000] {logging_mixin.py:188} INFO - [2026-03-11T05:30:05.583+0000] {dag.py:3089} INFO - Sync 1 DAGs
[2026-03-11T05:30:05.620+0000] {logging_mixin.py:188} INFO - [2026-03-11T05:30:05.620+0000] {dag.py:3947} INFO - Setting next_dagrun for hello_world to 2026-03-10 00:00:00+00:00, run_after=2026-03-11 00:00:00+00:00
[2026-03-11T05:30:05.675+0000] {processor.py:183} INFO - Processing /home/cloud/codings/airflow/dags/hello_world.py took 0.209 seconds
[2026-03-11T05:30:36.221+0000] {processor.py:161} INFO - Started process (PID=535374) to work on /home/cloud/codings/airflow/dags/hello_world.py
[2026-03-11T05:30:36.252+0000] {processor.py:830} INFO - Processing file /home/cloud/codings/airflow/dags/hello_world.py for tasks to queue
[2026-03-11T05:30:36.253+0000] {logging_mixin.py:188} INFO - [2026-03-11T05:30:36.253+0000] {dagbag.py:545} INFO - Filling up the DagBag from /home/cloud/codings/airflow/dags/hello_world.py
[2026-03-11T05:30:36.271+0000] {processor.py:840} INFO - DAG(s) 'hello_world' retrieved from /home/cloud/codings/airflow/dags/hello_world.py
[2026-03-11T05:30:36.301+0000] {logging_mixin.py:188} INFO - [2026-03-11T05:30:36.301+0000] {dag.py:3089} INFO - Sync 1 DAGs
[2026-03-11T05:30:36.333+0000] {logging_mixin.py:188} INFO - [2026-03-11T05:30:36.333+0000] {dag.py:3947} INFO - Setting next_dagrun for hello_world to 2026-03-10 00:00:00+00:00, run_after=2026-03-11 00:00:00+00:00
[2026-03-11T05:30:36.365+0000] {processor.py:183} INFO - Processing /home/cloud/codings/airflow/dags/hello_world.py took 0.161 seconds
[2026-03-11T05:31:06.842+0000] {processor.py:161} INFO - Started process (PID=535453) to work on /home/cloud/codings/airflow/dags/hello_world.py
[2026-03-11T05:31:06.847+0000] {processor.py:830} INFO - Processing file /home/cloud/codings/airflow/dags/hello_world.py for tasks to queue
[2026-03-11T05:31:06.851+0000] {logging_mixin.py:188} INFO - [2026-03-11T05:31:06.850+0000] {dagbag.py:545} INFO - Filling up the DagBag from /home/cloud/codings/airflow/dags/hello_world.py
[2026-03-11T05:31:06.882+0000] {processor.py:840} INFO - DAG(s) 'hello_world' retrieved from /home/cloud/codings/airflow/dags/hello_world.py
[2026-03-11T05:31:06.937+0000] {logging_mixin.py:188} INFO - [2026-03-11T05:31:06.937+0000] {dag.py:3089} INFO - Sync 1 DAGs
[2026-03-11T05:31:06.982+0000] {logging_mixin.py:188} INFO - [2026-03-11T05:31:06.982+0000] {dag.py:3947} INFO - Setting next_dagrun for hello_world to 2026-03-10 00:00:00+00:00, run_after=2026-03-11 00:00:00+00:00
[2026-03-11T05:31:07.026+0000] {processor.py:183} INFO - Processing /home/cloud/codings/airflow/dags/hello_world.py took 0.215 seconds
[2026-03-11T05:31:37.336+0000] {processor.py:161} INFO - Started process (PID=535478) to work on /home/cloud/codings/airflow/dags/hello_world.py
[2026-03-11T05:31:37.340+0000] {processor.py:830} INFO - Processing file /home/cloud/codings/airflow/dags/hello_world.py for tasks to queue
[2026-03-11T05:31:37.343+0000] {logging_mixin.py:188} INFO - [2026-03-11T05:31:37.342+0000] {dagbag.py:545} INFO - Filling up the DagBag from /home/cloud/codings/airflow/dags/hello_world.py
[2026-03-11T05:31:37.371+0000] {processor.py:840} INFO - DAG(s) 'hello_world' retrieved from /home/cloud/codings/airflow/dags/hello_world.py
[2026-03-11T05:31:37.413+0000] {logging_mixin.py:188} INFO - [2026-03-11T05:31:37.412+0000] {dag.py:3089} INFO - Sync 1 DAGs
[2026-03-11T05:31:37.444+0000] {logging_mixin.py:188} INFO - [2026-03-11T05:31:37.443+0000] {dag.py:3947} INFO - Setting next_dagrun for hello_world to 2026-03-10 00:00:00+00:00, run_after=2026-03-11 00:00:00+00:00
[2026-03-11T05:31:37.477+0000] {processor.py:183} INFO - Processing /home/cloud/codings/airflow/dags/hello_world.py took 0.174 seconds
[2026-03-11T05:32:07.779+0000] {processor.py:161} INFO - Started process (PID=535563) to work on /home/cloud/codings/airflow/dags/hello_world.py
[2026-03-11T05:32:07.783+0000] {processor.py:830} INFO - Processing file /home/cloud/codings/airflow/dags/hello_world.py for tasks to queue
[2026-03-11T05:32:07.786+0000] {logging_mixin.py:188} INFO - [2026-03-11T05:32:07.785+0000] {dagbag.py:545} INFO - Filling up the DagBag from /home/cloud/codings/airflow/dags/hello_world.py
[2026-03-11T05:32:07.818+0000] {processor.py:840} INFO - DAG(s) 'hello_world' retrieved from /home/cloud/codings/airflow/dags/hello_world.py
[2026-03-11T05:32:07.865+0000] {logging_mixin.py:188} INFO - [2026-03-11T05:32:07.864+0000] {dag.py:3089} INFO - Sync 1 DAGs
[2026-03-11T05:32:07.902+0000] {logging_mixin.py:188} INFO - [2026-03-11T05:32:07.902+0000] {dag.py:3947} INFO - Setting next_dagrun for hello_world to 2026-03-10 00:00:00+00:00, run_after=2026-03-11 00:00:00+00:00
[2026-03-11T05:32:07.962+0000] {processor.py:183} INFO - Processing /home/cloud/codings/airflow/dags/hello_world.py took 0.214 seconds
[2026-03-11T05:32:38.439+0000] {processor.py:161} INFO - Started process (PID=535590) to work on /home/cloud/codings/airflow/dags/hello_world.py
[2026-03-11T05:32:38.461+0000] {processor.py:830} INFO - Processing file /home/cloud/codings/airflow/dags/hello_world.py for tasks to queue
[2026-03-11T05:32:38.465+0000] {logging_mixin.py:188} INFO - [2026-03-11T05:32:38.463+0000] {dagbag.py:545} INFO - Filling up the DagBag from /home/cloud/codings/airflow/dags/hello_world.py
[2026-03-11T05:32:38.493+0000] {processor.py:840} INFO - DAG(s) 'hello_world' retrieved from /home/cloud/codings/airflow/dags/hello_world.py
[2026-03-11T05:32:38.542+0000] {logging_mixin.py:188} INFO - [2026-03-11T05:32:38.542+0000] {dag.py:3089} INFO - Sync 1 DAGs
[2026-03-11T05:32:38.582+0000] {logging_mixin.py:188} INFO - [2026-03-11T05:32:38.581+0000] {dag.py:3947} INFO - Setting next_dagrun for hello_world to 2026-03-10 00:00:00+00:00, run_after=2026-03-11 00:00:00+00:00
[2026-03-11T05:32:38.643+0000] {processor.py:183} INFO - Processing /home/cloud/codings/airflow/dags/hello_world.py took 0.221 seconds
[2026-03-11T05:33:08.863+0000] {processor.py:161} INFO - Started process (PID=535678) to work on /home/cloud/codings/airflow/dags/hello_world.py
[2026-03-11T05:33:08.895+0000] {processor.py:830} INFO - Processing file /home/cloud/codings/airflow/dags/hello_world.py for tasks to queue
[2026-03-11T05:33:08.898+0000] {logging_mixin.py:188} INFO - [2026-03-11T05:33:08.897+0000] {dagbag.py:545} INFO - Filling up the DagBag from /home/cloud/codings/airflow/dags/hello_world.py
[2026-03-11T05:33:08.931+0000] {processor.py:840} INFO - DAG(s) 'hello_world' retrieved from /home/cloud/codings/airflow/dags/hello_world.py
[2026-03-11T05:33:08.973+0000] {logging_mixin.py:188} INFO - [2026-03-11T05:33:08.972+0000] {dag.py:3089} INFO - Sync 1 DAGs
[2026-03-11T05:33:09.010+0000] {logging_mixin.py:188} INFO - [2026-03-11T05:33:09.010+0000] {dag.py:3947} INFO - Setting next_dagrun for hello_world to 2026-03-10 00:00:00+00:00, run_after=2026-03-11 00:00:00+00:00
[2026-03-11T05:33:09.042+0000] {processor.py:183} INFO - Processing /home/cloud/codings/airflow/dags/hello_world.py took 0.198 seconds
[2026-03-11T05:33:39.941+0000] {processor.py:161} INFO - Started process (PID=535695) to work on /home/cloud/codings/airflow/dags/hello_world.py
[2026-03-11T05:33:39.964+0000] {processor.py:830} INFO - Processing file /home/cloud/codings/airflow/dags/hello_world.py for tasks to queue
[2026-03-11T05:33:39.968+0000] {logging_mixin.py:188} INFO - [2026-03-11T05:33:39.966+0000] {dagbag.py:545} INFO - Filling up the DagBag from /home/cloud/codings/airflow/dags/hello_world.py
[2026-03-11T05:33:40.025+0000] {processor.py:840} INFO - DAG(s) 'hello_world' retrieved from /home/cloud/codings/airflow/dags/hello_world.py
[2026-03-11T05:33:40.127+0000] {logging_mixin.py:188} INFO - [2026-03-11T05:33:40.124+0000] {dag.py:3089} INFO - Sync 1 DAGs
[2026-03-11T05:33:40.208+0000] {logging_mixin.py:188} INFO - [2026-03-11T05:33:40.207+0000] {dag.py:3947} INFO - Setting next_dagrun for hello_world to 2026-03-10 00:00:00+00:00, run_after=2026-03-11 00:00:00+00:00
[2026-03-11T05:33:40.287+0000] {processor.py:183} INFO - Processing /home/cloud/codings/airflow/dags/hello_world.py took 0.381 seconds
[2026-03-11T05:34:10.770+0000] {processor.py:161} INFO - Started process (PID=535785) to work on /home/cloud/codings/airflow/dags/hello_world.py
[2026-03-11T05:34:10.791+0000] {processor.py:830} INFO - Processing file /home/cloud/codings/airflow/dags/hello_world.py for tasks to queue
[2026-03-11T05:34:10.795+0000] {logging_mixin.py:188} INFO - [2026-03-11T05:34:10.793+0000] {dagbag.py:545} INFO - Filling up the DagBag from /home/cloud/codings/airflow/dags/hello_world.py
[2026-03-11T05:34:10.837+0000] {processor.py:840} INFO - DAG(s) 'hello_world' retrieved from /home/cloud/codings/airflow/dags/hello_world.py
[2026-03-11T05:34:10.925+0000] {logging_mixin.py:188} INFO - [2026-03-11T05:34:10.924+0000] {dag.py:3089} INFO - Sync 1 DAGs
[2026-03-11T05:34:10.993+0000] {logging_mixin.py:188} INFO - [2026-03-11T05:34:10.993+0000] {dag.py:3947} INFO - Setting next_dagrun for hello_world to 2026-03-10 00:00:00+00:00, run_after=2026-03-11 00:00:00+00:00
[2026-03-11T05:34:11.061+0000] {processor.py:183} INFO - Processing /home/cloud/codings/airflow/dags/hello_world.py took 0.315 seconds
[2026-03-11T05:34:41.776+0000] {processor.py:161} INFO - Started process (PID=535872) to work on /home/cloud/codings/airflow/dags/hello_world.py
[2026-03-11T05:34:41.777+0000] {processor.py:830} INFO - Processing file /home/cloud/codings/airflow/dags/hello_world.py for tasks to queue
[2026-03-11T05:34:41.778+0000] {logging_mixin.py:188} INFO - [2026-03-11T05:34:41.778+0000] {dagbag.py:545} INFO - Filling up the DagBag from /home/cloud/codings/airflow/dags/hello_world.py
[2026-03-11T05:34:41.796+0000] {processor.py:840} INFO - DAG(s) 'hello_world' retrieved from /home/cloud/codings/airflow/dags/hello_world.py
[2026-03-11T05:34:41.826+0000] {logging_mixin.py:188} INFO - [2026-03-11T05:34:41.826+0000] {dag.py:3089} INFO - Sync 1 DAGs
[2026-03-11T05:34:41.859+0000] {logging_mixin.py:188} INFO - [2026-03-11T05:34:41.859+0000] {dag.py:3947} INFO - Setting next_dagrun for hello_world to 2026-03-10 00:00:00+00:00, run_after=2026-03-11 00:00:00+00:00
[2026-03-11T05:34:41.904+0000] {processor.py:183} INFO - Processing /home/cloud/codings/airflow/dags/hello_world.py took 0.143 seconds
[2026-03-11T05:35:12.471+0000] {processor.py:161} INFO - Started process (PID=536021) to work on /home/cloud/codings/airflow/dags/hello_world.py
[2026-03-11T05:35:12.473+0000] {processor.py:830} INFO - Processing file /home/cloud/codings/airflow/dags/hello_world.py for tasks to queue
[2026-03-11T05:35:12.474+0000] {logging_mixin.py:188} INFO - [2026-03-11T05:35:12.474+0000] {dagbag.py:545} INFO - Filling up the DagBag from /home/cloud/codings/airflow/dags/hello_world.py
[2026-03-11T05:35:12.488+0000] {processor.py:840} INFO - DAG(s) 'hello_world' retrieved from /home/cloud/codings/airflow/dags/hello_world.py
[2026-03-11T05:35:12.511+0000] {logging_mixin.py:188} INFO - [2026-03-11T05:35:12.511+0000] {dag.py:3089} INFO - Sync 1 DAGs
[2026-03-11T05:35:12.538+0000] {logging_mixin.py:188} INFO - [2026-03-11T05:35:12.537+0000] {dag.py:3947} INFO - Setting next_dagrun for hello_world to 2026-03-10 00:00:00+00:00, run_after=2026-03-11 00:00:00+00:00
[2026-03-11T05:35:12.567+0000] {processor.py:183} INFO - Processing /home/cloud/codings/airflow/dags/hello_world.py took 0.103 seconds
[2026-03-11T05:35:43.170+0000] {processor.py:161} INFO - Started process (PID=536046) to work on /home/cloud/codings/airflow/dags/hello_world.py
[2026-03-11T05:35:43.172+0000] {processor.py:830} INFO - Processing file /home/cloud/codings/airflow/dags/hello_world.py for tasks to queue
[2026-03-11T05:35:43.175+0000] {logging_mixin.py:188} INFO - [2026-03-11T05:35:43.174+0000] {dagbag.py:545} INFO - Filling up the DagBag from /home/cloud/codings/airflow/dags/hello_world.py
[2026-03-11T05:35:43.203+0000] {processor.py:840} INFO - DAG(s) 'hello_world' retrieved from /home/cloud/codings/airflow/dags/hello_world.py
[2026-03-11T05:35:43.258+0000] {logging_mixin.py:188} INFO - [2026-03-11T05:35:43.257+0000] {dag.py:3089} INFO - Sync 1 DAGs
[2026-03-11T05:35:43.321+0000] {logging_mixin.py:188} INFO - [2026-03-11T05:35:43.321+0000] {dag.py:3947} INFO - Setting next_dagrun for hello_world to 2026-03-10 00:00:00+00:00, run_after=2026-03-11 00:00:00+00:00
[2026-03-11T05:35:43.384+0000] {processor.py:183} INFO - Processing /home/cloud/codings/airflow/dags/hello_world.py took 0.230 seconds
[2026-03-11T05:36:13.986+0000] {processor.py:161} INFO - Started process (PID=536129) to work on /home/cloud/codings/airflow/dags/hello_world.py
[2026-03-11T05:36:13.990+0000] {processor.py:830} INFO - Processing file /home/cloud/codings/airflow/dags/hello_world.py for tasks to queue
[2026-03-11T05:36:13.993+0000] {logging_mixin.py:188} INFO - [2026-03-11T05:36:13.992+0000] {dagbag.py:545} INFO - Filling up the DagBag from /home/cloud/codings/airflow/dags/hello_world.py
[2026-03-11T05:36:14.023+0000] {processor.py:840} INFO - DAG(s) 'hello_world' retrieved from /home/cloud/codings/airflow/dags/hello_world.py
[2026-03-11T05:36:14.060+0000] {logging_mixin.py:188} INFO - [2026-03-11T05:36:14.059+0000] {dag.py:3089} INFO - Sync 1 DAGs
[2026-03-11T05:36:14.082+0000] {logging_mixin.py:188} INFO - [2026-03-11T05:36:14.082+0000] {dag.py:3947} INFO - Setting next_dagrun for hello_world to 2026-03-10 00:00:00+00:00, run_after=2026-03-11 00:00:00+00:00
[2026-03-11T05:36:14.108+0000] {processor.py:183} INFO - Processing /home/cloud/codings/airflow/dags/hello_world.py took 0.143 seconds
[2026-03-11T05:36:44.408+0000] {processor.py:161} INFO - Started process (PID=536154) to work on /home/cloud/codings/airflow/dags/hello_world.py
[2026-03-11T05:36:44.428+0000] {processor.py:830} INFO - Processing file /home/cloud/codings/airflow/dags/hello_world.py for tasks to queue
[2026-03-11T05:36:44.432+0000] {logging_mixin.py:188} INFO - [2026-03-11T05:36:44.430+0000] {dagbag.py:545} INFO - Filling up the DagBag from /home/cloud/codings/airflow/dags/hello_world.py
[2026-03-11T05:36:44.460+0000] {processor.py:840} INFO - DAG(s) 'hello_world' retrieved from /home/cloud/codings/airflow/dags/hello_world.py
[2026-03-11T05:36:44.516+0000] {logging_mixin.py:188} INFO - [2026-03-11T05:36:44.515+0000] {dag.py:3089} INFO - Sync 1 DAGs
[2026-03-11T05:36:44.554+0000] {logging_mixin.py:188} INFO - [2026-03-11T05:36:44.554+0000] {dag.py:3947} INFO - Setting next_dagrun for hello_world to 2026-03-10 00:00:00+00:00, run_after=2026-03-11 00:00:00+00:00
[2026-03-11T05:36:44.614+0000] {processor.py:183} INFO - Processing /home/cloud/codings/airflow/dags/hello_world.py took 0.223 seconds
[2026-03-11T05:37:15.021+0000] {processor.py:161} INFO - Started process (PID=536237) to work on /home/cloud/codings/airflow/dags/hello_world.py
[2026-03-11T05:37:15.040+0000] {processor.py:830} INFO - Processing file /home/cloud/codings/airflow/dags/hello_world.py for tasks to queue
[2026-03-11T05:37:15.042+0000] {logging_mixin.py:188} INFO - [2026-03-11T05:37:15.041+0000] {dagbag.py:545} INFO - Filling up the DagBag from /home/cloud/codings/airflow/dags/hello_world.py
[2026-03-11T05:37:15.070+0000] {processor.py:840} INFO - DAG(s) 'hello_world' retrieved from /home/cloud/codings/airflow/dags/hello_world.py
[2026-03-11T05:37:15.105+0000] {logging_mixin.py:188} INFO - [2026-03-11T05:37:15.105+0000] {dag.py:3089} INFO - Sync 1 DAGs
[2026-03-11T05:37:15.132+0000] {logging_mixin.py:188} INFO - [2026-03-11T05:37:15.131+0000] {dag.py:3947} INFO - Setting next_dagrun for hello_world to 2026-03-10 00:00:00+00:00, run_after=2026-03-11 00:00:00+00:00
[2026-03-11T05:37:15.167+0000] {processor.py:183} INFO - Processing /home/cloud/codings/airflow/dags/hello_world.py took 0.162 seconds
[2026-03-11T05:37:45.830+0000] {processor.py:161} INFO - Started process (PID=536264) to work on /home/cloud/codings/airflow/dags/hello_world.py
[2026-03-11T05:37:45.835+0000] {processor.py:830} INFO - Processing file /home/cloud/codings/airflow/dags/hello_world.py for tasks to queue
[2026-03-11T05:37:45.839+0000] {logging_mixin.py:188} INFO - [2026-03-11T05:37:45.837+0000] {dagbag.py:545} INFO - Filling up the DagBag from /home/cloud/codings/airflow/dags/hello_world.py
[2026-03-11T05:37:45.896+0000] {processor.py:840} INFO - DAG(s) 'hello_world' retrieved from /home/cloud/codings/airflow/dags/hello_world.py
[2026-03-11T05:37:45.972+0000] {logging_mixin.py:188} INFO - [2026-03-11T05:37:45.972+0000] {dag.py:3089} INFO - Sync 1 DAGs
[2026-03-11T05:37:46.021+0000] {logging_mixin.py:188} INFO - [2026-03-11T05:37:46.019+0000] {dag.py:3947} INFO - Setting next_dagrun for hello_world to 2026-03-10 00:00:00+00:00, run_after=2026-03-11 00:00:00+00:00
[2026-03-11T05:37:46.132+0000] {processor.py:183} INFO - Processing /home/cloud/codings/airflow/dags/hello_world.py took 0.334 seconds
[2026-03-11T05:38:16.377+0000] {processor.py:161} INFO - Started process (PID=536348) to work on /home/cloud/codings/airflow/dags/hello_world.py
[2026-03-11T05:38:16.407+0000] {processor.py:830} INFO - Processing file /home/cloud/codings/airflow/dags/hello_world.py for tasks to queue
[2026-03-11T05:38:16.409+0000] {logging_mixin.py:188} INFO - [2026-03-11T05:38:16.408+0000] {dagbag.py:545} INFO - Filling up the DagBag from /home/cloud/codings/airflow/dags/hello_world.py
[2026-03-11T05:38:16.437+0000] {processor.py:840} INFO - DAG(s) 'hello_world' retrieved from /home/cloud/codings/airflow/dags/hello_world.py
[2026-03-11T05:38:16.479+0000] {logging_mixin.py:188} INFO - [2026-03-11T05:38:16.478+0000] {dag.py:3089} INFO - Sync 1 DAGs
[2026-03-11T05:38:16.517+0000] {logging_mixin.py:188} INFO - [2026-03-11T05:38:16.516+0000] {dag.py:3947} INFO - Setting next_dagrun for hello_world to 2026-03-10 00:00:00+00:00, run_after=2026-03-11 00:00:00+00:00
[2026-03-11T05:38:16.583+0000] {processor.py:183} INFO - Processing /home/cloud/codings/airflow/dags/hello_world.py took 0.230 seconds
[2026-03-11T05:38:47.096+0000] {processor.py:161} INFO - Started process (PID=536379) to work on /home/cloud/codings/airflow/dags/hello_world.py
[2026-03-11T05:38:47.126+0000] {processor.py:830} INFO - Processing file /home/cloud/codings/airflow/dags/hello_world.py for tasks to queue
[2026-03-11T05:38:47.129+0000] {logging_mixin.py:188} INFO - [2026-03-11T05:38:47.128+0000] {dagbag.py:545} INFO - Filling up the DagBag from /home/cloud/codings/airflow/dags/hello_world.py
[2026-03-11T05:38:47.150+0000] {processor.py:840} INFO - DAG(s) 'hello_world' retrieved from /home/cloud/codings/airflow/dags/hello_world.py
[2026-03-11T05:38:47.192+0000] {logging_mixin.py:188} INFO - [2026-03-11T05:38:47.191+0000] {dag.py:3089} INFO - Sync 1 DAGs
[2026-03-11T05:38:47.229+0000] {logging_mixin.py:188} INFO - [2026-03-11T05:38:47.229+0000] {dag.py:3947} INFO - Setting next_dagrun for hello_world to 2026-03-10 00:00:00+00:00, run_after=2026-03-11 00:00:00+00:00
[2026-03-11T05:38:47.257+0000] {processor.py:183} INFO - Processing /home/cloud/codings/airflow/dags/hello_world.py took 0.173 seconds
[2026-03-11T05:39:17.962+0000] {processor.py:161} INFO - Started process (PID=536462) to work on /home/cloud/codings/airflow/dags/hello_world.py
[2026-03-11T05:39:17.964+0000] {processor.py:830} INFO - Processing file /home/cloud/codings/airflow/dags/hello_world.py for tasks to queue
[2026-03-11T05:39:17.965+0000] {logging_mixin.py:188} INFO - [2026-03-11T05:39:17.965+0000] {dagbag.py:545} INFO - Filling up the DagBag from /home/cloud/codings/airflow/dags/hello_world.py
[2026-03-11T05:39:17.982+0000] {processor.py:840} INFO - DAG(s) 'hello_world' retrieved from /home/cloud/codings/airflow/dags/hello_world.py
[2026-03-11T05:39:18.039+0000] {logging_mixin.py:188} INFO - [2026-03-11T05:39:18.038+0000] {dag.py:3089} INFO - Sync 1 DAGs
[2026-03-11T05:39:18.106+0000] {logging_mixin.py:188} INFO - [2026-03-11T05:39:18.105+0000] {dag.py:3947} INFO - Setting next_dagrun for hello_world to 2026-03-10 00:00:00+00:00, run_after=2026-03-11 00:00:00+00:00
[2026-03-11T05:39:18.233+0000] {processor.py:183} INFO - Processing /home/cloud/codings/airflow/dags/hello_world.py took 0.282 seconds
[2026-03-11T05:39:48.526+0000] {processor.py:161} INFO - Started process (PID=536481) to work on /home/cloud/codings/airflow/dags/hello_world.py
[2026-03-11T05:39:48.555+0000] {processor.py:830} INFO - Processing file /home/cloud/codings/airflow/dags/hello_world.py for tasks to queue
[2026-03-11T05:39:48.561+0000] {logging_mixin.py:188} INFO - [2026-03-11T05:39:48.558+0000] {dagbag.py:545} INFO - Filling up the DagBag from /home/cloud/codings/airflow/dags/hello_world.py
[2026-03-11T05:39:48.607+0000] {processor.py:840} INFO - DAG(s) 'hello_world' retrieved from /home/cloud/codings/airflow/dags/hello_world.py
[2026-03-11T05:39:48.662+0000] {logging_mixin.py:188} INFO - [2026-03-11T05:39:48.661+0000] {dag.py:3089} INFO - Sync 1 DAGs
[2026-03-11T05:39:48.695+0000] {logging_mixin.py:188} INFO - [2026-03-11T05:39:48.695+0000] {dag.py:3947} INFO - Setting next_dagrun for hello_world to 2026-03-10 00:00:00+00:00, run_after=2026-03-11 00:00:00+00:00
[2026-03-11T05:39:48.749+0000] {processor.py:183} INFO - Processing /home/cloud/codings/airflow/dags/hello_world.py took 0.253 seconds
[2026-03-11T05:40:19.037+0000] {processor.py:161} INFO - Started process (PID=536626) to work on /home/cloud/codings/airflow/dags/hello_world.py
[2026-03-11T05:40:19.041+0000] {processor.py:830} INFO - Processing file /home/cloud/codings/airflow/dags/hello_world.py for tasks to queue
[2026-03-11T05:40:19.045+0000] {logging_mixin.py:188} INFO - [2026-03-11T05:40:19.043+0000] {dagbag.py:545} INFO - Filling up the DagBag from /home/cloud/codings/airflow/dags/hello_world.py
[2026-03-11T05:40:19.083+0000] {processor.py:840} INFO - DAG(s) 'hello_world' retrieved from /home/cloud/codings/airflow/dags/hello_world.py
[2026-03-11T05:40:19.125+0000] {logging_mixin.py:188} INFO - [2026-03-11T05:40:19.125+0000] {dag.py:3089} INFO - Sync 1 DAGs
[2026-03-11T05:40:19.160+0000] {logging_mixin.py:188} INFO - [2026-03-11T05:40:19.160+0000] {dag.py:3947} INFO - Setting next_dagrun for hello_world to 2026-03-10 00:00:00+00:00, run_after=2026-03-11 00:00:00+00:00
[2026-03-11T05:40:19.215+0000] {processor.py:183} INFO - Processing /home/cloud/codings/airflow/dags/hello_world.py took 0.202 seconds
[2026-03-11T05:40:49.982+0000] {processor.py:161} INFO - Started process (PID=536655) to work on /home/cloud/codings/airflow/dags/hello_world.py
[2026-03-11T05:40:50.013+0000] {processor.py:830} INFO - Processing file /home/cloud/codings/airflow/dags/hello_world.py for tasks to queue
[2026-03-11T05:40:50.017+0000] {logging_mixin.py:188} INFO - [2026-03-11T05:40:50.016+0000] {dagbag.py:545} INFO - Filling up the DagBag from /home/cloud/codings/airflow/dags/hello_world.py
[2026-03-11T05:40:50.060+0000] {processor.py:840} INFO - DAG(s) 'hello_world' retrieved from /home/cloud/codings/airflow/dags/hello_world.py
[2026-03-11T05:40:50.127+0000] {logging_mixin.py:188} INFO - [2026-03-11T05:40:50.127+0000] {dag.py:3089} INFO - Sync 1 DAGs
[2026-03-11T05:40:50.160+0000] {logging_mixin.py:188} INFO - [2026-03-11T05:40:50.160+0000] {dag.py:3947} INFO - Setting next_dagrun for hello_world to 2026-03-10 00:00:00+00:00, run_after=2026-03-11 00:00:00+00:00
[2026-03-11T05:40:50.211+0000] {processor.py:183} INFO - Processing /home/cloud/codings/airflow/dags/hello_world.py took 0.254 seconds
[2026-03-11T05:41:20.387+0000] {processor.py:161} INFO - Started process (PID=536740) to work on /home/cloud/codings/airflow/dags/hello_world.py
[2026-03-11T05:41:20.408+0000] {processor.py:830} INFO - Processing file /home/cloud/codings/airflow/dags/hello_world.py for tasks to queue
[2026-03-11T05:41:20.410+0000] {logging_mixin.py:188} INFO - [2026-03-11T05:41:20.409+0000] {dagbag.py:545} INFO - Filling up the DagBag from /home/cloud/codings/airflow/dags/hello_world.py
[2026-03-11T05:41:20.430+0000] {processor.py:840} INFO - DAG(s) 'hello_world' retrieved from /home/cloud/codings/airflow/dags/hello_world.py
[2026-03-11T05:41:20.466+0000] {logging_mixin.py:188} INFO - [2026-03-11T05:41:20.466+0000] {dag.py:3089} INFO - Sync 1 DAGs
[2026-03-11T05:41:20.492+0000] {logging_mixin.py:188} INFO - [2026-03-11T05:41:20.492+0000] {dag.py:3947} INFO - Setting next_dagrun for hello_world to 2026-03-10 00:00:00+00:00, run_after=2026-03-11 00:00:00+00:00
[2026-03-11T05:41:20.524+0000] {processor.py:183} INFO - Processing /home/cloud/codings/airflow/dags/hello_world.py took 0.150 seconds
[2026-03-11T05:41:50.796+0000] {processor.py:161} INFO - Started process (PID=536765) to work on /home/cloud/codings/airflow/dags/hello_world.py
[2026-03-11T05:41:50.813+0000] {processor.py:830} INFO - Processing file /home/cloud/codings/airflow/dags/hello_world.py for tasks to queue
[2026-03-11T05:41:50.814+0000] {logging_mixin.py:188} INFO - [2026-03-11T05:41:50.814+0000] {dagbag.py:545} INFO - Filling up the DagBag from /home/cloud/codings/airflow/dags/hello_world.py
[2026-03-11T05:41:50.825+0000] {processor.py:840} INFO - DAG(s) 'hello_world' retrieved from /home/cloud/codings/airflow/dags/hello_world.py
[2026-03-11T05:41:50.846+0000] {logging_mixin.py:188} INFO - [2026-03-11T05:41:50.846+0000] {dag.py:3089} INFO - Sync 1 DAGs
[2026-03-11T05:41:50.867+0000] {logging_mixin.py:188} INFO - [2026-03-11T05:41:50.866+0000] {dag.py:3947} INFO - Setting next_dagrun for hello_world to 2026-03-10 00:00:00+00:00, run_after=2026-03-11 00:00:00+00:00
[2026-03-11T05:41:50.890+0000] {processor.py:183} INFO - Processing /home/cloud/codings/airflow/dags/hello_world.py took 0.100 seconds
[2026-03-11T05:42:21.740+0000] {processor.py:161} INFO - Started process (PID=536852) to work on /home/cloud/codings/airflow/dags/hello_world.py
[2026-03-11T05:42:21.760+0000] {processor.py:830} INFO - Processing file /home/cloud/codings/airflow/dags/hello_world.py for tasks to queue
[2026-03-11T05:42:21.762+0000] {logging_mixin.py:188} INFO - [2026-03-11T05:42:21.761+0000] {dagbag.py:545} INFO - Filling up the DagBag from /home/cloud/codings/airflow/dags/hello_world.py
[2026-03-11T05:42:21.781+0000] {processor.py:840} INFO - DAG(s) 'hello_world' retrieved from /home/cloud/codings/airflow/dags/hello_world.py
[2026-03-11T05:42:21.809+0000] {logging_mixin.py:188} INFO - [2026-03-11T05:42:21.808+0000] {dag.py:3089} INFO - Sync 1 DAGs
[2026-03-11T05:42:21.835+0000] {logging_mixin.py:188} INFO - [2026-03-11T05:42:21.834+0000] {dag.py:3947} INFO - Setting next_dagrun for hello_world to 2026-03-10 00:00:00+00:00, run_after=2026-03-11 00:00:00+00:00
[2026-03-11T05:42:21.863+0000] {processor.py:183} INFO - Processing /home/cloud/codings/airflow/dags/hello_world.py took 0.145 seconds
[2026-03-11T05:42:52.348+0000] {processor.py:161} INFO - Started process (PID=536898) to work on /home/cloud/codings/airflow/dags/hello_world.py
[2026-03-11T05:42:52.369+0000] {processor.py:830} INFO - Processing file /home/cloud/codings/airflow/dags/hello_world.py for tasks to queue
[2026-03-11T05:42:52.373+0000] {logging_mixin.py:188} INFO - [2026-03-11T05:42:52.371+0000] {dagbag.py:545} INFO - Filling up the DagBag from /home/cloud/codings/airflow/dags/hello_world.py
[2026-03-11T05:42:52.416+0000] {processor.py:840} INFO - DAG(s) 'hello_world' retrieved from /home/cloud/codings/airflow/dags/hello_world.py
[2026-03-11T05:42:52.469+0000] {logging_mixin.py:188} INFO - [2026-03-11T05:42:52.469+0000] {dag.py:3089} INFO - Sync 1 DAGs
[2026-03-11T05:42:52.494+0000] {logging_mixin.py:188} INFO - [2026-03-11T05:42:52.494+0000] {dag.py:3947} INFO - Setting next_dagrun for hello_world to 2026-03-10 00:00:00+00:00, run_after=2026-03-11 00:00:00+00:00
[2026-03-11T05:42:52.572+0000] {processor.py:183} INFO - Processing /home/cloud/codings/airflow/dags/hello_world.py took 0.246 seconds
[2026-03-11T05:43:22.982+0000] {processor.py:161} INFO - Started process (PID=536958) to work on /home/cloud/codings/airflow/dags/hello_world.py
[2026-03-11T05:43:23.002+0000] {processor.py:830} INFO - Processing file /home/cloud/codings/airflow/dags/hello_world.py for tasks to queue
[2026-03-11T05:43:23.004+0000] {logging_mixin.py:188} INFO - [2026-03-11T05:43:23.003+0000] {dagbag.py:545} INFO - Filling up the DagBag from /home/cloud/codings/airflow/dags/hello_world.py
[2026-03-11T05:43:23.028+0000] {processor.py:840} INFO - DAG(s) 'hello_world' retrieved from /home/cloud/codings/airflow/dags/hello_world.py
[2026-03-11T05:43:23.075+0000] {logging_mixin.py:188} INFO - [2026-03-11T05:43:23.074+0000] {dag.py:3089} INFO - Sync 1 DAGs
[2026-03-11T05:43:23.103+0000] {logging_mixin.py:188} INFO - [2026-03-11T05:43:23.103+0000] {dag.py:3947} INFO - Setting next_dagrun for hello_world to 2026-03-10 00:00:00+00:00, run_after=2026-03-11 00:00:00+00:00
[2026-03-11T05:43:23.130+0000] {processor.py:183} INFO - Processing /home/cloud/codings/airflow/dags/hello_world.py took 0.162 seconds
[2026-03-11T05:43:53.490+0000] {processor.py:161} INFO - Started process (PID=537043) to work on /home/cloud/codings/airflow/dags/hello_world.py
[2026-03-11T05:43:53.492+0000] {processor.py:830} INFO - Processing file /home/cloud/codings/airflow/dags/hello_world.py for tasks to queue
[2026-03-11T05:43:53.493+0000] {logging_mixin.py:188} INFO - [2026-03-11T05:43:53.493+0000] {dagbag.py:545} INFO - Filling up the DagBag from /home/cloud/codings/airflow/dags/hello_world.py
[2026-03-11T05:43:53.505+0000] {processor.py:840} INFO - DAG(s) 'hello_world' retrieved from /home/cloud/codings/airflow/dags/hello_world.py
[2026-03-11T05:43:53.529+0000] {logging_mixin.py:188} INFO - [2026-03-11T05:43:53.529+0000] {dag.py:3089} INFO - Sync 1 DAGs
[2026-03-11T05:43:53.554+0000] {logging_mixin.py:188} INFO - [2026-03-11T05:43:53.553+0000] {dag.py:3947} INFO - Setting next_dagrun for hello_world to 2026-03-10 00:00:00+00:00, run_after=2026-03-11 00:00:00+00:00
[2026-03-11T05:43:53.580+0000] {processor.py:183} INFO - Processing /home/cloud/codings/airflow/dags/hello_world.py took 0.097 seconds
[2026-03-11T05:44:24.291+0000] {processor.py:161} INFO - Started process (PID=537068) to work on /home/cloud/codings/airflow/dags/hello_world.py
[2026-03-11T05:44:24.309+0000] {processor.py:830} INFO - Processing file /home/cloud/codings/airflow/dags/hello_world.py for tasks to queue
[2026-03-11T05:44:24.311+0000] {logging_mixin.py:188} INFO - [2026-03-11T05:44:24.310+0000] {dagbag.py:545} INFO - Filling up the DagBag from /home/cloud/codings/airflow/dags/hello_world.py
[2026-03-11T05:44:24.329+0000] {processor.py:840} INFO - DAG(s) 'hello_world' retrieved from /home/cloud/codings/airflow/dags/hello_world.py
[2026-03-11T05:44:24.357+0000] {logging_mixin.py:188} INFO - [2026-03-11T05:44:24.357+0000] {dag.py:3089} INFO - Sync 1 DAGs
[2026-03-11T05:44:24.382+0000] {logging_mixin.py:188} INFO - [2026-03-11T05:44:24.382+0000] {dag.py:3947} INFO - Setting next_dagrun for hello_world to 2026-03-10 00:00:00+00:00, run_after=2026-03-11 00:00:00+00:00
[2026-03-11T05:44:24.414+0000] {processor.py:183} INFO - Processing /home/cloud/codings/airflow/dags/hello_world.py took 0.137 seconds
[2026-03-11T05:44:54.664+0000] {processor.py:161} INFO - Started process (PID=537155) to work on /home/cloud/codings/airflow/dags/hello_world.py
[2026-03-11T05:44:54.669+0000] {processor.py:830} INFO - Processing file /home/cloud/codings/airflow/dags/hello_world.py for tasks to queue
[2026-03-11T05:44:54.672+0000] {logging_mixin.py:188} INFO - [2026-03-11T05:44:54.671+0000] {dagbag.py:545} INFO - Filling up the DagBag from /home/cloud/codings/airflow/dags/hello_world.py
[2026-03-11T05:44:54.717+0000] {processor.py:840} INFO - DAG(s) 'hello_world' retrieved from /home/cloud/codings/airflow/dags/hello_world.py
[2026-03-11T05:44:54.784+0000] {logging_mixin.py:188} INFO - [2026-03-11T05:44:54.784+0000] {dag.py:3089} INFO - Sync 1 DAGs
[2026-03-11T05:44:54.816+0000] {logging_mixin.py:188} INFO - [2026-03-11T05:44:54.816+0000] {dag.py:3947} INFO - Setting next_dagrun for hello_world to 2026-03-10 00:00:00+00:00, run_after=2026-03-11 00:00:00+00:00
[2026-03-11T05:44:54.861+0000] {processor.py:183} INFO - Processing /home/cloud/codings/airflow/dags/hello_world.py took 0.222 seconds
[2026-03-11T05:45:25.248+0000] {processor.py:161} INFO - Started process (PID=537238) to work on /home/cloud/codings/airflow/dags/hello_world.py
[2026-03-11T05:45:25.267+0000] {processor.py:830} INFO - Processing file /home/cloud/codings/airflow/dags/hello_world.py for tasks to queue
[2026-03-11T05:45:25.270+0000] {logging_mixin.py:188} INFO - [2026-03-11T05:45:25.269+0000] {dagbag.py:545} INFO - Filling up the DagBag from /home/cloud/codings/airflow/dags/hello_world.py
[2026-03-11T05:45:25.292+0000] {processor.py:840} INFO - DAG(s) 'hello_world' retrieved from /home/cloud/codings/airflow/dags/hello_world.py
[2026-03-11T05:45:25.342+0000] {logging_mixin.py:188} INFO - [2026-03-11T05:45:25.342+0000] {dag.py:3089} INFO - Sync 1 DAGs
[2026-03-11T05:45:25.383+0000] {logging_mixin.py:188} INFO - [2026-03-11T05:45:25.383+0000] {dag.py:3947} INFO - Setting next_dagrun for hello_world to 2026-03-10 00:00:00+00:00, run_after=2026-03-11 00:00:00+00:00
[2026-03-11T05:45:25.469+0000] {processor.py:183} INFO - Processing /home/cloud/codings/airflow/dags/hello_world.py took 0.234 seconds
[2026-03-11T05:45:55.744+0000] {processor.py:161} INFO - Started process (PID=537320) to work on /home/cloud/codings/airflow/dags/hello_world.py
[2026-03-11T05:45:55.747+0000] {processor.py:830} INFO - Processing file /home/cloud/codings/airflow/dags/hello_world.py for tasks to queue
[2026-03-11T05:45:55.751+0000] {logging_mixin.py:188} INFO - [2026-03-11T05:45:55.749+0000] {dagbag.py:545} INFO - Filling up the DagBag from /home/cloud/codings/airflow/dags/hello_world.py
[2026-03-11T05:45:55.777+0000] {processor.py:840} INFO - DAG(s) 'hello_world' retrieved from /home/cloud/codings/airflow/dags/hello_world.py
[2026-03-11T05:45:55.810+0000] {logging_mixin.py:188} INFO - [2026-03-11T05:45:55.809+0000] {dag.py:3089} INFO - Sync 1 DAGs
[2026-03-11T05:45:55.836+0000] {logging_mixin.py:188} INFO - [2026-03-11T05:45:55.836+0000] {dag.py:3947} INFO - Setting next_dagrun for hello_world to 2026-03-10 00:00:00+00:00, run_after=2026-03-11 00:00:00+00:00
[2026-03-11T05:45:55.913+0000] {processor.py:183} INFO - Processing /home/cloud/codings/airflow/dags/hello_world.py took 0.195 seconds
[2026-03-11T05:46:26.121+0000] {processor.py:161} INFO - Started process (PID=537345) to work on /home/cloud/codings/airflow/dags/hello_world.py
[2026-03-11T05:46:26.141+0000] {processor.py:830} INFO - Processing file /home/cloud/codings/airflow/dags/hello_world.py for tasks to queue
[2026-03-11T05:46:26.145+0000] {logging_mixin.py:188} INFO - [2026-03-11T05:46:26.143+0000] {dagbag.py:545} INFO - Filling up the DagBag from /home/cloud/codings/airflow/dags/hello_world.py
[2026-03-11T05:46:26.170+0000] {processor.py:840} INFO - DAG(s) 'hello_world' retrieved from /home/cloud/codings/airflow/dags/hello_world.py
[2026-03-11T05:46:26.204+0000] {logging_mixin.py:188} INFO - [2026-03-11T05:46:26.203+0000] {dag.py:3089} INFO - Sync 1 DAGs
[2026-03-11T05:46:26.234+0000] {logging_mixin.py:188} INFO - [2026-03-11T05:46:26.234+0000] {dag.py:3947} INFO - Setting next_dagrun for hello_world to 2026-03-10 00:00:00+00:00, run_after=2026-03-11 00:00:00+00:00
[2026-03-11T05:46:26.268+0000] {processor.py:183} INFO - Processing /home/cloud/codings/airflow/dags/hello_world.py took 0.178 seconds
[2026-03-11T05:46:56.784+0000] {processor.py:161} INFO - Started process (PID=537434) to work on /home/cloud/codings/airflow/dags/hello_world.py
[2026-03-11T05:46:56.803+0000] {processor.py:830} INFO - Processing file /home/cloud/codings/airflow/dags/hello_world.py for tasks to queue
[2026-03-11T05:46:56.806+0000] {logging_mixin.py:188} INFO - [2026-03-11T05:46:56.805+0000] {dagbag.py:545} INFO - Filling up the DagBag from /home/cloud/codings/airflow/dags/hello_world.py
[2026-03-11T05:46:56.822+0000] {processor.py:840} INFO - DAG(s) 'hello_world' retrieved from /home/cloud/codings/airflow/dags/hello_world.py
[2026-03-11T05:46:56.843+0000] {logging_mixin.py:188} INFO - [2026-03-11T05:46:56.842+0000] {dag.py:3089} INFO - Sync 1 DAGs
[2026-03-11T05:46:56.865+0000] {logging_mixin.py:188} INFO - [2026-03-11T05:46:56.865+0000] {dag.py:3947} INFO - Setting next_dagrun for hello_world to 2026-03-10 00:00:00+00:00, run_after=2026-03-11 00:00:00+00:00
[2026-03-11T05:46:56.894+0000] {processor.py:183} INFO - Processing /home/cloud/codings/airflow/dags/hello_world.py took 0.121 seconds
[2026-03-11T05:47:27.323+0000] {processor.py:161} INFO - Started process (PID=537457) to work on /home/cloud/codings/airflow/dags/hello_world.py
[2026-03-11T05:47:27.325+0000] {processor.py:830} INFO - Processing file /home/cloud/codings/airflow/dags/hello_world.py for tasks to queue
[2026-03-11T05:47:27.326+0000] {logging_mixin.py:188} INFO - [2026-03-11T05:47:27.325+0000] {dagbag.py:545} INFO - Filling up the DagBag from /home/cloud/codings/airflow/dags/hello_world.py
[2026-03-11T05:47:27.337+0000] {processor.py:840} INFO - DAG(s) 'hello_world' retrieved from /home/cloud/codings/airflow/dags/hello_world.py
[2026-03-11T05:47:27.359+0000] {logging_mixin.py:188} INFO - [2026-03-11T05:47:27.359+0000] {dag.py:3089} INFO - Sync 1 DAGs
[2026-03-11T05:47:27.379+0000] {logging_mixin.py:188} INFO - [2026-03-11T05:47:27.379+0000] {dag.py:3947} INFO - Setting next_dagrun for hello_world to 2026-03-10 00:00:00+00:00, run_after=2026-03-11 00:00:00+00:00
[2026-03-11T05:47:27.404+0000] {processor.py:183} INFO - Processing /home/cloud/codings/airflow/dags/hello_world.py took 0.092 seconds
[2026-03-11T05:47:58.058+0000] {processor.py:161} INFO - Started process (PID=537542) to work on /home/cloud/codings/airflow/dags/hello_world.py
[2026-03-11T05:47:58.077+0000] {processor.py:830} INFO - Processing file /home/cloud/codings/airflow/dags/hello_world.py for tasks to queue
[2026-03-11T05:47:58.079+0000] {logging_mixin.py:188} INFO - [2026-03-11T05:47:58.078+0000] {dagbag.py:545} INFO - Filling up the DagBag from /home/cloud/codings/airflow/dags/hello_world.py
[2026-03-11T05:47:58.098+0000] {processor.py:840} INFO - DAG(s) 'hello_world' retrieved from /home/cloud/codings/airflow/dags/hello_world.py
[2026-03-11T05:47:58.135+0000] {logging_mixin.py:188} INFO - [2026-03-11T05:47:58.134+0000] {dag.py:3089} INFO - Sync 1 DAGs
[2026-03-11T05:47:58.175+0000] {logging_mixin.py:188} INFO - [2026-03-11T05:47:58.174+0000] {dag.py:3947} INFO - Setting next_dagrun for hello_world to 2026-03-10 00:00:00+00:00, run_after=2026-03-11 00:00:00+00:00
[2026-03-11T05:47:58.233+0000] {processor.py:183} INFO - Processing /home/cloud/codings/airflow/dags/hello_world.py took 0.186 seconds
[2026-03-11T05:48:28.859+0000] {processor.py:161} INFO - Started process (PID=537569) to work on /home/cloud/codings/airflow/dags/hello_world.py
[2026-03-11T05:48:28.882+0000] {processor.py:830} INFO - Processing file /home/cloud/codings/airflow/dags/hello_world.py for tasks to queue
[2026-03-11T05:48:28.883+0000] {logging_mixin.py:188} INFO - [2026-03-11T05:48:28.883+0000] {dagbag.py:545} INFO - Filling up the DagBag from /home/cloud/codings/airflow/dags/hello_world.py
[2026-03-11T05:48:28.901+0000] {processor.py:840} INFO - DAG(s) 'hello_world' retrieved from /home/cloud/codings/airflow/dags/hello_world.py
[2026-03-11T05:48:28.936+0000] {logging_mixin.py:188} INFO - [2026-03-11T05:48:28.935+0000] {dag.py:3089} INFO - Sync 1 DAGs
[2026-03-11T05:48:28.969+0000] {logging_mixin.py:188} INFO - [2026-03-11T05:48:28.969+0000] {dag.py:3947} INFO - Setting next_dagrun for hello_world to 2026-03-10 00:00:00+00:00, run_after=2026-03-11 00:00:00+00:00
[2026-03-11T05:48:28.996+0000] {processor.py:183} INFO - Processing /home/cloud/codings/airflow/dags/hello_world.py took 0.149 seconds
[2026-03-11T05:48:59.427+0000] {processor.py:161} INFO - Started process (PID=537650) to work on /home/cloud/codings/airflow/dags/hello_world.py
[2026-03-11T05:48:59.429+0000] {processor.py:830} INFO - Processing file /home/cloud/codings/airflow/dags/hello_world.py for tasks to queue
[2026-03-11T05:48:59.431+0000] {logging_mixin.py:188} INFO - [2026-03-11T05:48:59.430+0000] {dagbag.py:545} INFO - Filling up the DagBag from /home/cloud/codings/airflow/dags/hello_world.py
[2026-03-11T05:48:59.450+0000] {processor.py:840} INFO - DAG(s) 'hello_world' retrieved from /home/cloud/codings/airflow/dags/hello_world.py
[2026-03-11T05:48:59.477+0000] {logging_mixin.py:188} INFO - [2026-03-11T05:48:59.477+0000] {dag.py:3089} INFO - Sync 1 DAGs
[2026-03-11T05:48:59.497+0000] {logging_mixin.py:188} INFO - [2026-03-11T05:48:59.497+0000] {dag.py:3947} INFO - Setting next_dagrun for hello_world to 2026-03-10 00:00:00+00:00, run_after=2026-03-11 00:00:00+00:00
[2026-03-11T05:48:59.527+0000] {processor.py:183} INFO - Processing /home/cloud/codings/airflow/dags/hello_world.py took 0.115 seconds
[2026-03-11T05:49:30.023+0000] {processor.py:161} INFO - Started process (PID=537675) to work on /home/cloud/codings/airflow/dags/hello_world.py
[2026-03-11T05:49:30.049+0000] {processor.py:830} INFO - Processing file /home/cloud/codings/airflow/dags/hello_world.py for tasks to queue
[2026-03-11T05:49:30.051+0000] {logging_mixin.py:188} INFO - [2026-03-11T05:49:30.050+0000] {dagbag.py:545} INFO - Filling up the DagBag from /home/cloud/codings/airflow/dags/hello_world.py
[2026-03-11T05:49:30.072+0000] {processor.py:840} INFO - DAG(s) 'hello_world' retrieved from /home/cloud/codings/airflow/dags/hello_world.py
[2026-03-11T05:49:30.112+0000] {logging_mixin.py:188} INFO - [2026-03-11T05:49:30.112+0000] {dag.py:3089} INFO - Sync 1 DAGs
[2026-03-11T05:49:30.156+0000] {logging_mixin.py:188} INFO - [2026-03-11T05:49:30.156+0000] {dag.py:3947} INFO - Setting next_dagrun for hello_world to 2026-03-10 00:00:00+00:00, run_after=2026-03-11 00:00:00+00:00
[2026-03-11T05:49:30.217+0000] {processor.py:183} INFO - Processing /home/cloud/codings/airflow/dags/hello_world.py took 0.205 seconds
[2026-03-11T05:50:00.616+0000] {processor.py:161} INFO - Started process (PID=537821) to work on /home/cloud/codings/airflow/dags/hello_world.py
[2026-03-11T05:50:00.618+0000] {processor.py:830} INFO - Processing file /home/cloud/codings/airflow/dags/hello_world.py for tasks to queue
[2026-03-11T05:50:00.622+0000] {logging_mixin.py:188} INFO - [2026-03-11T05:50:00.620+0000] {dagbag.py:545} INFO - Filling up the DagBag from /home/cloud/codings/airflow/dags/hello_world.py
[2026-03-11T05:50:00.658+0000] {processor.py:840} INFO - DAG(s) 'hello_world' retrieved from /home/cloud/codings/airflow/dags/hello_world.py
[2026-03-11T05:50:00.693+0000] {logging_mixin.py:188} INFO - [2026-03-11T05:50:00.693+0000] {dag.py:3089} INFO - Sync 1 DAGs
[2026-03-11T05:50:00.731+0000] {logging_mixin.py:188} INFO - [2026-03-11T05:50:00.731+0000] {dag.py:3947} INFO - Setting next_dagrun for hello_world to 2026-03-10 00:00:00+00:00, run_after=2026-03-11 00:00:00+00:00
[2026-03-11T05:50:00.768+0000] {processor.py:183} INFO - Processing /home/cloud/codings/airflow/dags/hello_world.py took 0.169 seconds
[2026-03-11T05:50:31.138+0000] {processor.py:161} INFO - Started process (PID=537902) to work on /home/cloud/codings/airflow/dags/hello_world.py
[2026-03-11T05:50:31.145+0000] {processor.py:830} INFO - Processing file /home/cloud/codings/airflow/dags/hello_world.py for tasks to queue
[2026-03-11T05:50:31.148+0000] {logging_mixin.py:188} INFO - [2026-03-11T05:50:31.147+0000] {dagbag.py:545} INFO - Filling up the DagBag from /home/cloud/codings/airflow/dags/hello_world.py
[2026-03-11T05:50:31.169+0000] {processor.py:840} INFO - DAG(s) 'hello_world' retrieved from /home/cloud/codings/airflow/dags/hello_world.py
[2026-03-11T05:50:31.195+0000] {logging_mixin.py:188} INFO - [2026-03-11T05:50:31.194+0000] {dag.py:3089} INFO - Sync 1 DAGs
[2026-03-11T05:50:31.217+0000] {logging_mixin.py:188} INFO - [2026-03-11T05:50:31.217+0000] {dag.py:3947} INFO - Setting next_dagrun for hello_world to 2026-03-10 00:00:00+00:00, run_after=2026-03-11 00:00:00+00:00
[2026-03-11T05:50:31.244+0000] {processor.py:183} INFO - Processing /home/cloud/codings/airflow/dags/hello_world.py took 0.137 seconds
[2026-03-11T05:51:01.837+0000] {processor.py:161} INFO - Started process (PID=537979) to work on /home/cloud/codings/airflow/dags/hello_world.py
[2026-03-11T05:51:01.839+0000] {processor.py:830} INFO - Processing file /home/cloud/codings/airflow/dags/hello_world.py for tasks to queue
[2026-03-11T05:51:01.842+0000] {logging_mixin.py:188} INFO - [2026-03-11T05:51:01.841+0000] {dagbag.py:545} INFO - Filling up the DagBag from /home/cloud/codings/airflow/dags/hello_world.py
[2026-03-11T05:51:01.876+0000] {processor.py:840} INFO - DAG(s) 'hello_world' retrieved from /home/cloud/codings/airflow/dags/hello_world.py
[2026-03-11T05:51:01.928+0000] {logging_mixin.py:188} INFO - [2026-03-11T05:51:01.928+0000] {dag.py:3089} INFO - Sync 1 DAGs
[2026-03-11T05:51:01.965+0000] {logging_mixin.py:188} INFO - [2026-03-11T05:51:01.965+0000] {dag.py:3947} INFO - Setting next_dagrun for hello_world to 2026-03-10 00:00:00+00:00, run_after=2026-03-11 00:00:00+00:00
[2026-03-11T05:51:02.030+0000] {processor.py:183} INFO - Processing /home/cloud/codings/airflow/dags/hello_world.py took 0.210 seconds
[2026-03-11T05:51:32.356+0000] {processor.py:161} INFO - Started process (PID=537992) to work on /home/cloud/codings/airflow/dags/hello_world.py
[2026-03-11T05:51:32.386+0000] {processor.py:830} INFO - Processing file /home/cloud/codings/airflow/dags/hello_world.py for tasks to queue
[2026-03-11T05:51:32.387+0000] {logging_mixin.py:188} INFO - [2026-03-11T05:51:32.387+0000] {dagbag.py:545} INFO - Filling up the DagBag from /home/cloud/codings/airflow/dags/hello_world.py
[2026-03-11T05:51:32.408+0000] {processor.py:840} INFO - DAG(s) 'hello_world' retrieved from /home/cloud/codings/airflow/dags/hello_world.py
[2026-03-11T05:51:32.439+0000] {logging_mixin.py:188} INFO - [2026-03-11T05:51:32.438+0000] {dag.py:3089} INFO - Sync 1 DAGs
[2026-03-11T05:51:32.472+0000] {logging_mixin.py:188} INFO - [2026-03-11T05:51:32.471+0000] {dag.py:3947} INFO - Setting next_dagrun for hello_world to 2026-03-10 00:00:00+00:00, run_after=2026-03-11 00:00:00+00:00
[2026-03-11T05:51:32.511+0000] {processor.py:183} INFO - Processing /home/cloud/codings/airflow/dags/hello_world.py took 0.169 seconds
[2026-03-11T05:52:02.953+0000] {processor.py:161} INFO - Started process (PID=538067) to work on /home/cloud/codings/airflow/dags/hello_world.py
[2026-03-11T05:52:02.955+0000] {processor.py:830} INFO - Processing file /home/cloud/codings/airflow/dags/hello_world.py for tasks to queue
[2026-03-11T05:52:02.957+0000] {logging_mixin.py:188} INFO - [2026-03-11T05:52:02.956+0000] {dagbag.py:545} INFO - Filling up the DagBag from /home/cloud/codings/airflow/dags/hello_world.py
[2026-03-11T05:52:02.980+0000] {processor.py:840} INFO - DAG(s) 'hello_world' retrieved from /home/cloud/codings/airflow/dags/hello_world.py
[2026-03-11T05:52:03.027+0000] {logging_mixin.py:188} INFO - [2026-03-11T05:52:03.027+0000] {dag.py:3089} INFO - Sync 1 DAGs
[2026-03-11T05:52:03.071+0000] {logging_mixin.py:188} INFO - [2026-03-11T05:52:03.070+0000] {dag.py:3947} INFO - Setting next_dagrun for hello_world to 2026-03-10 00:00:00+00:00, run_after=2026-03-11 00:00:00+00:00
[2026-03-11T05:52:03.136+0000] {processor.py:183} INFO - Processing /home/cloud/codings/airflow/dags/hello_world.py took 0.197 seconds
[2026-03-11T05:52:33.470+0000] {processor.py:161} INFO - Started process (PID=538082) to work on /home/cloud/codings/airflow/dags/hello_world.py
[2026-03-11T05:52:33.499+0000] {processor.py:830} INFO - Processing file /home/cloud/codings/airflow/dags/hello_world.py for tasks to queue
[2026-03-11T05:52:33.500+0000] {logging_mixin.py:188} INFO - [2026-03-11T05:52:33.500+0000] {dagbag.py:545} INFO - Filling up the DagBag from /home/cloud/codings/airflow/dags/hello_world.py
[2026-03-11T05:52:33.515+0000] {processor.py:840} INFO - DAG(s) 'hello_world' retrieved from /home/cloud/codings/airflow/dags/hello_world.py
[2026-03-11T05:52:33.546+0000] {logging_mixin.py:188} INFO - [2026-03-11T05:52:33.546+0000] {dag.py:3089} INFO - Sync 1 DAGs
[2026-03-11T05:52:33.592+0000] {logging_mixin.py:188} INFO - [2026-03-11T05:52:33.591+0000] {dag.py:3947} INFO - Setting next_dagrun for hello_world to 2026-03-10 00:00:00+00:00, run_after=2026-03-11 00:00:00+00:00
[2026-03-11T05:52:33.643+0000] {processor.py:183} INFO - Processing /home/cloud/codings/airflow/dags/hello_world.py took 0.184 seconds
[2026-03-11T05:53:03.873+0000] {processor.py:161} INFO - Started process (PID=538157) to work on /home/cloud/codings/airflow/dags/hello_world.py
[2026-03-11T05:53:03.875+0000] {processor.py:830} INFO - Processing file /home/cloud/codings/airflow/dags/hello_world.py for tasks to queue
[2026-03-11T05:53:03.877+0000] {logging_mixin.py:188} INFO - [2026-03-11T05:53:03.876+0000] {dagbag.py:545} INFO - Filling up the DagBag from /home/cloud/codings/airflow/dags/hello_world.py
[2026-03-11T05:53:03.898+0000] {processor.py:840} INFO - DAG(s) 'hello_world' retrieved from /home/cloud/codings/airflow/dags/hello_world.py
[2026-03-11T05:53:03.942+0000] {logging_mixin.py:188} INFO - [2026-03-11T05:53:03.941+0000] {dag.py:3089} INFO - Sync 1 DAGs
[2026-03-11T05:53:03.986+0000] {logging_mixin.py:188} INFO - [2026-03-11T05:53:03.985+0000] {dag.py:3947} INFO - Setting next_dagrun for hello_world to 2026-03-10 00:00:00+00:00, run_after=2026-03-11 00:00:00+00:00
[2026-03-11T05:53:04.035+0000] {processor.py:183} INFO - Processing /home/cloud/codings/airflow/dags/hello_world.py took 0.178 seconds
[2026-03-11T05:53:34.365+0000] {processor.py:161} INFO - Started process (PID=538170) to work on /home/cloud/codings/airflow/dags/hello_world.py
[2026-03-11T05:53:34.367+0000] {processor.py:830} INFO - Processing file /home/cloud/codings/airflow/dags/hello_world.py for tasks to queue
[2026-03-11T05:53:34.369+0000] {logging_mixin.py:188} INFO - [2026-03-11T05:53:34.368+0000] {dagbag.py:545} INFO - Filling up the DagBag from /home/cloud/codings/airflow/dags/hello_world.py
[2026-03-11T05:53:34.388+0000] {processor.py:840} INFO - DAG(s) 'hello_world' retrieved from /home/cloud/codings/airflow/dags/hello_world.py
[2026-03-11T05:53:34.428+0000] {logging_mixin.py:188} INFO - [2026-03-11T05:53:34.428+0000] {dag.py:3089} INFO - Sync 1 DAGs
[2026-03-11T05:53:34.468+0000] {logging_mixin.py:188} INFO - [2026-03-11T05:53:34.468+0000] {dag.py:3947} INFO - Setting next_dagrun for hello_world to 2026-03-10 00:00:00+00:00, run_after=2026-03-11 00:00:00+00:00
[2026-03-11T05:53:34.516+0000] {processor.py:183} INFO - Processing /home/cloud/codings/airflow/dags/hello_world.py took 0.162 seconds
[2026-03-11T05:54:04.913+0000] {processor.py:161} INFO - Started process (PID=538263) to work on /home/cloud/codings/airflow/dags/hello_world.py
[2026-03-11T05:54:04.939+0000] {processor.py:830} INFO - Processing file /home/cloud/codings/airflow/dags/hello_world.py for tasks to queue
[2026-03-11T05:54:04.941+0000] {logging_mixin.py:188} INFO - [2026-03-11T05:54:04.941+0000] {dagbag.py:545} INFO - Filling up the DagBag from /home/cloud/codings/airflow/dags/hello_world.py
[2026-03-11T05:54:04.971+0000] {processor.py:840} INFO - DAG(s) 'hello_world' retrieved from /home/cloud/codings/airflow/dags/hello_world.py
[2026-03-11T05:54:05.018+0000] {logging_mixin.py:188} INFO - [2026-03-11T05:54:05.017+0000] {dag.py:3089} INFO - Sync 1 DAGs
[2026-03-11T05:54:05.049+0000] {logging_mixin.py:188} INFO - [2026-03-11T05:54:05.049+0000] {dag.py:3947} INFO - Setting next_dagrun for hello_world to 2026-03-10 00:00:00+00:00, run_after=2026-03-11 00:00:00+00:00
[2026-03-11T05:54:05.085+0000] {processor.py:183} INFO - Processing /home/cloud/codings/airflow/dags/hello_world.py took 0.182 seconds
[2026-03-11T05:54:35.425+0000] {processor.py:161} INFO - Started process (PID=538280) to work on /home/cloud/codings/airflow/dags/hello_world.py
[2026-03-11T05:54:35.426+0000] {processor.py:830} INFO - Processing file /home/cloud/codings/airflow/dags/hello_world.py for tasks to queue
[2026-03-11T05:54:35.428+0000] {logging_mixin.py:188} INFO - [2026-03-11T05:54:35.427+0000] {dagbag.py:545} INFO - Filling up the DagBag from /home/cloud/codings/airflow/dags/hello_world.py
[2026-03-11T05:54:35.447+0000] {processor.py:840} INFO - DAG(s) 'hello_world' retrieved from /home/cloud/codings/airflow/dags/hello_world.py
[2026-03-11T05:54:35.484+0000] {logging_mixin.py:188} INFO - [2026-03-11T05:54:35.484+0000] {dag.py:3089} INFO - Sync 1 DAGs
[2026-03-11T05:54:35.522+0000] {logging_mixin.py:188} INFO - [2026-03-11T05:54:35.521+0000] {dag.py:3947} INFO - Setting next_dagrun for hello_world to 2026-03-10 00:00:00+00:00, run_after=2026-03-11 00:00:00+00:00
[2026-03-11T05:54:35.576+0000] {processor.py:183} INFO - Processing /home/cloud/codings/airflow/dags/hello_world.py took 0.162 seconds
[2026-03-11T05:55:06.046+0000] {processor.py:161} INFO - Started process (PID=538413) to work on /home/cloud/codings/airflow/dags/hello_world.py
[2026-03-11T05:55:06.072+0000] {processor.py:830} INFO - Processing file /home/cloud/codings/airflow/dags/hello_world.py for tasks to queue
[2026-03-11T05:55:06.074+0000] {logging_mixin.py:188} INFO - [2026-03-11T05:55:06.073+0000] {dagbag.py:545} INFO - Filling up the DagBag from /home/cloud/codings/airflow/dags/hello_world.py
[2026-03-11T05:55:06.094+0000] {processor.py:840} INFO - DAG(s) 'hello_world' retrieved from /home/cloud/codings/airflow/dags/hello_world.py
[2026-03-11T05:55:06.133+0000] {logging_mixin.py:188} INFO - [2026-03-11T05:55:06.133+0000] {dag.py:3089} INFO - Sync 1 DAGs
[2026-03-11T05:55:06.173+0000] {logging_mixin.py:188} INFO - [2026-03-11T05:55:06.173+0000] {dag.py:3947} INFO - Setting next_dagrun for hello_world to 2026-03-10 00:00:00+00:00, run_after=2026-03-11 00:00:00+00:00
[2026-03-11T05:55:06.227+0000] {processor.py:183} INFO - Processing /home/cloud/codings/airflow/dags/hello_world.py took 0.193 seconds
[2026-03-11T05:55:36.710+0000] {processor.py:161} INFO - Started process (PID=538424) to work on /home/cloud/codings/airflow/dags/hello_world.py
[2026-03-11T05:55:36.737+0000] {processor.py:830} INFO - Processing file /home/cloud/codings/airflow/dags/hello_world.py for tasks to queue
[2026-03-11T05:55:36.740+0000] {logging_mixin.py:188} INFO - [2026-03-11T05:55:36.739+0000] {dagbag.py:545} INFO - Filling up the DagBag from /home/cloud/codings/airflow/dags/hello_world.py
[2026-03-11T05:55:36.767+0000] {processor.py:840} INFO - DAG(s) 'hello_world' retrieved from /home/cloud/codings/airflow/dags/hello_world.py
[2026-03-11T05:55:36.828+0000] {logging_mixin.py:188} INFO - [2026-03-11T05:55:36.827+0000] {dag.py:3089} INFO - Sync 1 DAGs
[2026-03-11T05:55:36.883+0000] {logging_mixin.py:188} INFO - [2026-03-11T05:55:36.882+0000] {dag.py:3947} INFO - Setting next_dagrun for hello_world to 2026-03-10 00:00:00+00:00, run_after=2026-03-11 00:00:00+00:00
[2026-03-11T05:55:36.950+0000] {processor.py:183} INFO - Processing /home/cloud/codings/airflow/dags/hello_world.py took 0.255 seconds
[2026-03-11T05:56:07.018+0000] {processor.py:161} INFO - Started process (PID=538500) to work on /home/cloud/codings/airflow/dags/hello_world.py
[2026-03-11T05:56:07.036+0000] {processor.py:830} INFO - Processing file /home/cloud/codings/airflow/dags/hello_world.py for tasks to queue
[2026-03-11T05:56:07.038+0000] {logging_mixin.py:188} INFO - [2026-03-11T05:56:07.037+0000] {dagbag.py:545} INFO - Filling up the DagBag from /home/cloud/codings/airflow/dags/hello_world.py
[2026-03-11T05:56:07.056+0000] {processor.py:840} INFO - DAG(s) 'hello_world' retrieved from /home/cloud/codings/airflow/dags/hello_world.py
[2026-03-11T05:56:07.093+0000] {logging_mixin.py:188} INFO - [2026-03-11T05:56:07.093+0000] {dag.py:3089} INFO - Sync 1 DAGs
[2026-03-11T05:56:07.127+0000] {logging_mixin.py:188} INFO - [2026-03-11T05:56:07.127+0000] {dag.py:3947} INFO - Setting next_dagrun for hello_world to 2026-03-10 00:00:00+00:00, run_after=2026-03-11 00:00:00+00:00
[2026-03-11T05:56:07.166+0000] {processor.py:183} INFO - Processing /home/cloud/codings/airflow/dags/hello_world.py took 0.159 seconds
[2026-03-11T05:56:37.508+0000] {processor.py:161} INFO - Started process (PID=538515) to work on /home/cloud/codings/airflow/dags/hello_world.py
[2026-03-11T05:56:37.510+0000] {processor.py:830} INFO - Processing file /home/cloud/codings/airflow/dags/hello_world.py for tasks to queue
[2026-03-11T05:56:37.511+0000] {logging_mixin.py:188} INFO - [2026-03-11T05:56:37.510+0000] {dagbag.py:545} INFO - Filling up the DagBag from /home/cloud/codings/airflow/dags/hello_world.py
[2026-03-11T05:56:37.523+0000] {processor.py:840} INFO - DAG(s) 'hello_world' retrieved from /home/cloud/codings/airflow/dags/hello_world.py
[2026-03-11T05:56:37.555+0000] {logging_mixin.py:188} INFO - [2026-03-11T05:56:37.554+0000] {dag.py:3089} INFO - Sync 1 DAGs
[2026-03-11T05:56:37.590+0000] {logging_mixin.py:188} INFO - [2026-03-11T05:56:37.590+0000] {dag.py:3947} INFO - Setting next_dagrun for hello_world to 2026-03-10 00:00:00+00:00, run_after=2026-03-11 00:00:00+00:00
[2026-03-11T05:56:37.632+0000] {processor.py:183} INFO - Processing /home/cloud/codings/airflow/dags/hello_world.py took 0.131 seconds
[2026-03-11T05:57:07.987+0000] {processor.py:161} INFO - Started process (PID=538590) to work on /home/cloud/codings/airflow/dags/hello_world.py
[2026-03-11T05:57:08.006+0000] {processor.py:830} INFO - Processing file /home/cloud/codings/airflow/dags/hello_world.py for tasks to queue
[2026-03-11T05:57:08.008+0000] {logging_mixin.py:188} INFO - [2026-03-11T05:57:08.007+0000] {dagbag.py:545} INFO - Filling up the DagBag from /home/cloud/codings/airflow/dags/hello_world.py
[2026-03-11T05:57:08.035+0000] {processor.py:840} INFO - DAG(s) 'hello_world' retrieved from /home/cloud/codings/airflow/dags/hello_world.py
[2026-03-11T05:57:08.085+0000] {logging_mixin.py:188} INFO - [2026-03-11T05:57:08.084+0000] {dag.py:3089} INFO - Sync 1 DAGs
[2026-03-11T05:57:08.147+0000] {logging_mixin.py:188} INFO - [2026-03-11T05:57:08.146+0000] {dag.py:3947} INFO - Setting next_dagrun for hello_world to 2026-03-10 00:00:00+00:00, run_after=2026-03-11 00:00:00+00:00
[2026-03-11T05:57:08.208+0000] {processor.py:183} INFO - Processing /home/cloud/codings/airflow/dags/hello_world.py took 0.237 seconds
[2026-03-11T05:57:38.714+0000] {processor.py:161} INFO - Started process (PID=538601) to work on /home/cloud/codings/airflow/dags/hello_world.py
[2026-03-11T05:57:38.732+0000] {processor.py:830} INFO - Processing file /home/cloud/codings/airflow/dags/hello_world.py for tasks to queue
[2026-03-11T05:57:38.735+0000] {logging_mixin.py:188} INFO - [2026-03-11T05:57:38.734+0000] {dagbag.py:545} INFO - Filling up the DagBag from /home/cloud/codings/airflow/dags/hello_world.py
[2026-03-11T05:57:38.766+0000] {processor.py:840} INFO - DAG(s) 'hello_world' retrieved from /home/cloud/codings/airflow/dags/hello_world.py
[2026-03-11T05:57:38.812+0000] {logging_mixin.py:188} INFO - [2026-03-11T05:57:38.811+0000] {dag.py:3089} INFO - Sync 1 DAGs
[2026-03-11T05:57:38.854+0000] {logging_mixin.py:188} INFO - [2026-03-11T05:57:38.853+0000] {dag.py:3947} INFO - Setting next_dagrun for hello_world to 2026-03-10 00:00:00+00:00, run_after=2026-03-11 00:00:00+00:00
[2026-03-11T05:57:38.913+0000] {processor.py:183} INFO - Processing /home/cloud/codings/airflow/dags/hello_world.py took 0.214 seconds
[2026-03-11T05:58:09.179+0000] {processor.py:161} INFO - Started process (PID=538676) to work on /home/cloud/codings/airflow/dags/hello_world.py
[2026-03-11T05:58:09.181+0000] {processor.py:830} INFO - Processing file /home/cloud/codings/airflow/dags/hello_world.py for tasks to queue
[2026-03-11T05:58:09.182+0000] {logging_mixin.py:188} INFO - [2026-03-11T05:58:09.181+0000] {dagbag.py:545} INFO - Filling up the DagBag from /home/cloud/codings/airflow/dags/hello_world.py
[2026-03-11T05:58:09.202+0000] {processor.py:840} INFO - DAG(s) 'hello_world' retrieved from /home/cloud/codings/airflow/dags/hello_world.py
[2026-03-11T05:58:09.240+0000] {logging_mixin.py:188} INFO - [2026-03-11T05:58:09.240+0000] {dag.py:3089} INFO - Sync 1 DAGs
[2026-03-11T05:58:09.281+0000] {logging_mixin.py:188} INFO - [2026-03-11T05:58:09.281+0000] {dag.py:3947} INFO - Setting next_dagrun for hello_world to 2026-03-10 00:00:00+00:00, run_after=2026-03-11 00:00:00+00:00
[2026-03-11T05:58:09.325+0000] {processor.py:183} INFO - Processing /home/cloud/codings/airflow/dags/hello_world.py took 0.159 seconds
[2026-03-11T05:58:39.858+0000] {processor.py:161} INFO - Started process (PID=538691) to work on /home/cloud/codings/airflow/dags/hello_world.py
[2026-03-11T05:58:39.860+0000] {processor.py:830} INFO - Processing file /home/cloud/codings/airflow/dags/hello_world.py for tasks to queue
[2026-03-11T05:58:39.861+0000] {logging_mixin.py:188} INFO - [2026-03-11T05:58:39.860+0000] {dagbag.py:545} INFO - Filling up the DagBag from /home/cloud/codings/airflow/dags/hello_world.py
[2026-03-11T05:58:39.878+0000] {processor.py:840} INFO - DAG(s) 'hello_world' retrieved from /home/cloud/codings/airflow/dags/hello_world.py
[2026-03-11T05:58:39.917+0000] {logging_mixin.py:188} INFO - [2026-03-11T05:58:39.916+0000] {dag.py:3089} INFO - Sync 1 DAGs
[2026-03-11T05:58:39.965+0000] {logging_mixin.py:188} INFO - [2026-03-11T05:58:39.965+0000] {dag.py:3947} INFO - Setting next_dagrun for hello_world to 2026-03-10 00:00:00+00:00, run_after=2026-03-11 00:00:00+00:00
[2026-03-11T05:58:40.021+0000] {processor.py:183} INFO - Processing /home/cloud/codings/airflow/dags/hello_world.py took 0.179 seconds
[2026-03-11T05:59:10.482+0000] {processor.py:161} INFO - Started process (PID=538764) to work on /home/cloud/codings/airflow/dags/hello_world.py
[2026-03-11T05:59:10.485+0000] {processor.py:830} INFO - Processing file /home/cloud/codings/airflow/dags/hello_world.py for tasks to queue
[2026-03-11T05:59:10.487+0000] {logging_mixin.py:188} INFO - [2026-03-11T05:59:10.487+0000] {dagbag.py:545} INFO - Filling up the DagBag from /home/cloud/codings/airflow/dags/hello_world.py
[2026-03-11T05:59:10.513+0000] {processor.py:840} INFO - DAG(s) 'hello_world' retrieved from /home/cloud/codings/airflow/dags/hello_world.py
[2026-03-11T05:59:10.563+0000] {logging_mixin.py:188} INFO - [2026-03-11T05:59:10.562+0000] {dag.py:3089} INFO - Sync 1 DAGs
[2026-03-11T05:59:10.608+0000] {logging_mixin.py:188} INFO - [2026-03-11T05:59:10.608+0000] {dag.py:3947} INFO - Setting next_dagrun for hello_world to 2026-03-10 00:00:00+00:00, run_after=2026-03-11 00:00:00+00:00
[2026-03-11T05:59:10.671+0000] {processor.py:183} INFO - Processing /home/cloud/codings/airflow/dags/hello_world.py took 0.216 seconds
[2026-03-11T05:59:40.937+0000] {processor.py:161} INFO - Started process (PID=538777) to work on /home/cloud/codings/airflow/dags/hello_world.py
[2026-03-11T05:59:40.939+0000] {processor.py:830} INFO - Processing file /home/cloud/codings/airflow/dags/hello_world.py for tasks to queue
[2026-03-11T05:59:40.942+0000] {logging_mixin.py:188} INFO - [2026-03-11T05:59:40.941+0000] {dagbag.py:545} INFO - Filling up the DagBag from /home/cloud/codings/airflow/dags/hello_world.py
[2026-03-11T05:59:40.967+0000] {processor.py:840} INFO - DAG(s) 'hello_world' retrieved from /home/cloud/codings/airflow/dags/hello_world.py
[2026-03-11T05:59:40.996+0000] {logging_mixin.py:188} INFO - [2026-03-11T05:59:40.996+0000] {dag.py:3089} INFO - Sync 1 DAGs
[2026-03-11T05:59:41.024+0000] {logging_mixin.py:188} INFO - [2026-03-11T05:59:41.023+0000] {dag.py:3947} INFO - Setting next_dagrun for hello_world to 2026-03-10 00:00:00+00:00, run_after=2026-03-11 00:00:00+00:00
[2026-03-11T05:59:41.082+0000] {processor.py:183} INFO - Processing /home/cloud/codings/airflow/dags/hello_world.py took 0.170 seconds
