[2026-03-11T04:19:01.450+0000] {processor.py:161} INFO - Started process (PID=526487) to work on /home/cloud/codings/airflow/dags/list_s3_files_in_logs.py
[2026-03-11T04:19:01.455+0000] {processor.py:830} INFO - Processing file /home/cloud/codings/airflow/dags/list_s3_files_in_logs.py for tasks to queue
[2026-03-11T04:19:01.458+0000] {logging_mixin.py:188} INFO - [2026-03-11T04:19:01.456+0000] {dagbag.py:545} INFO - Filling up the DagBag from /home/cloud/codings/airflow/dags/list_s3_files_in_logs.py
[2026-03-11T04:19:01.529+0000] {processor.py:840} INFO - DAG(s) 'list_s3_files_in_logs' retrieved from /home/cloud/codings/airflow/dags/list_s3_files_in_logs.py
[2026-03-11T04:19:01.665+0000] {logging_mixin.py:188} INFO - [2026-03-11T04:19:01.660+0000] {dag.py:3089} INFO - Sync 1 DAGs
[2026-03-11T04:19:01.751+0000] {logging_mixin.py:188} INFO - [2026-03-11T04:19:01.744+0000] {dag.py:3947} INFO - Setting next_dagrun for list_s3_files_in_logs to None, run_after=None
[2026-03-11T04:19:01.875+0000] {processor.py:183} INFO - Processing /home/cloud/codings/airflow/dags/list_s3_files_in_logs.py took 0.464 seconds
[2026-03-11T04:19:32.952+0000] {processor.py:161} INFO - Started process (PID=526512) to work on /home/cloud/codings/airflow/dags/list_s3_files_in_logs.py
[2026-03-11T04:19:32.954+0000] {processor.py:830} INFO - Processing file /home/cloud/codings/airflow/dags/list_s3_files_in_logs.py for tasks to queue
[2026-03-11T04:19:32.955+0000] {logging_mixin.py:188} INFO - [2026-03-11T04:19:32.954+0000] {dagbag.py:545} INFO - Filling up the DagBag from /home/cloud/codings/airflow/dags/list_s3_files_in_logs.py
[2026-03-11T04:19:32.969+0000] {processor.py:840} INFO - DAG(s) 'list_s3_files_in_logs' retrieved from /home/cloud/codings/airflow/dags/list_s3_files_in_logs.py
[2026-03-11T04:19:32.990+0000] {logging_mixin.py:188} INFO - [2026-03-11T04:19:32.990+0000] {dag.py:3089} INFO - Sync 1 DAGs
[2026-03-11T04:19:33.004+0000] {logging_mixin.py:188} INFO - [2026-03-11T04:19:33.004+0000] {dag.py:3947} INFO - Setting next_dagrun for list_s3_files_in_logs to None, run_after=None
[2026-03-11T04:19:33.035+0000] {processor.py:183} INFO - Processing /home/cloud/codings/airflow/dags/list_s3_files_in_logs.py took 0.089 seconds
[2026-03-11T04:20:03.653+0000] {processor.py:161} INFO - Started process (PID=526655) to work on /home/cloud/codings/airflow/dags/list_s3_files_in_logs.py
[2026-03-11T04:20:03.654+0000] {processor.py:830} INFO - Processing file /home/cloud/codings/airflow/dags/list_s3_files_in_logs.py for tasks to queue
[2026-03-11T04:20:03.655+0000] {logging_mixin.py:188} INFO - [2026-03-11T04:20:03.655+0000] {dagbag.py:545} INFO - Filling up the DagBag from /home/cloud/codings/airflow/dags/list_s3_files_in_logs.py
[2026-03-11T04:20:03.667+0000] {processor.py:840} INFO - DAG(s) 'list_s3_files_in_logs' retrieved from /home/cloud/codings/airflow/dags/list_s3_files_in_logs.py
[2026-03-11T04:20:03.686+0000] {logging_mixin.py:188} INFO - [2026-03-11T04:20:03.686+0000] {dag.py:3089} INFO - Sync 1 DAGs
[2026-03-11T04:20:03.698+0000] {logging_mixin.py:188} INFO - [2026-03-11T04:20:03.698+0000] {dag.py:3947} INFO - Setting next_dagrun for list_s3_files_in_logs to None, run_after=None
[2026-03-11T04:20:03.724+0000] {processor.py:183} INFO - Processing /home/cloud/codings/airflow/dags/list_s3_files_in_logs.py took 0.076 seconds
[2026-03-11T04:20:33.945+0000] {processor.py:161} INFO - Started process (PID=526813) to work on /home/cloud/codings/airflow/dags/list_s3_files_in_logs.py
[2026-03-11T04:20:33.950+0000] {processor.py:830} INFO - Processing file /home/cloud/codings/airflow/dags/list_s3_files_in_logs.py for tasks to queue
[2026-03-11T04:20:33.952+0000] {logging_mixin.py:188} INFO - [2026-03-11T04:20:33.951+0000] {dagbag.py:545} INFO - Filling up the DagBag from /home/cloud/codings/airflow/dags/list_s3_files_in_logs.py
[2026-03-11T04:20:33.971+0000] {processor.py:840} INFO - DAG(s) 'list_s3_files_in_logs' retrieved from /home/cloud/codings/airflow/dags/list_s3_files_in_logs.py
[2026-03-11T04:20:34.007+0000] {logging_mixin.py:188} INFO - [2026-03-11T04:20:34.005+0000] {dag.py:3089} INFO - Sync 1 DAGs
[2026-03-11T04:20:34.234+0000] {logging_mixin.py:188} INFO - [2026-03-11T04:20:34.233+0000] {dag.py:3947} INFO - Setting next_dagrun for list_s3_files_in_logs to None, run_after=None
[2026-03-11T04:20:34.298+0000] {processor.py:183} INFO - Processing /home/cloud/codings/airflow/dags/list_s3_files_in_logs.py took 0.363 seconds
[2026-03-11T04:21:04.881+0000] {processor.py:161} INFO - Started process (PID=526902) to work on /home/cloud/codings/airflow/dags/list_s3_files_in_logs.py
[2026-03-11T04:21:04.906+0000] {processor.py:830} INFO - Processing file /home/cloud/codings/airflow/dags/list_s3_files_in_logs.py for tasks to queue
[2026-03-11T04:21:04.908+0000] {logging_mixin.py:188} INFO - [2026-03-11T04:21:04.907+0000] {dagbag.py:545} INFO - Filling up the DagBag from /home/cloud/codings/airflow/dags/list_s3_files_in_logs.py
[2026-03-11T04:21:04.930+0000] {processor.py:840} INFO - DAG(s) 'list_s3_files_in_logs' retrieved from /home/cloud/codings/airflow/dags/list_s3_files_in_logs.py
[2026-03-11T04:21:04.975+0000] {logging_mixin.py:188} INFO - [2026-03-11T04:21:04.974+0000] {dag.py:3089} INFO - Sync 1 DAGs
[2026-03-11T04:21:05.001+0000] {logging_mixin.py:188} INFO - [2026-03-11T04:21:05.000+0000] {dag.py:3947} INFO - Setting next_dagrun for list_s3_files_in_logs to None, run_after=None
[2026-03-11T04:21:05.071+0000] {processor.py:183} INFO - Processing /home/cloud/codings/airflow/dags/list_s3_files_in_logs.py took 0.202 seconds
[2026-03-11T04:21:35.649+0000] {processor.py:161} INFO - Started process (PID=526925) to work on /home/cloud/codings/airflow/dags/list_s3_files_in_logs.py
[2026-03-11T04:21:35.652+0000] {processor.py:830} INFO - Processing file /home/cloud/codings/airflow/dags/list_s3_files_in_logs.py for tasks to queue
[2026-03-11T04:21:35.655+0000] {logging_mixin.py:188} INFO - [2026-03-11T04:21:35.654+0000] {dagbag.py:545} INFO - Filling up the DagBag from /home/cloud/codings/airflow/dags/list_s3_files_in_logs.py
[2026-03-11T04:21:35.679+0000] {processor.py:840} INFO - DAG(s) 'list_s3_files_in_logs' retrieved from /home/cloud/codings/airflow/dags/list_s3_files_in_logs.py
[2026-03-11T04:21:35.713+0000] {logging_mixin.py:188} INFO - [2026-03-11T04:21:35.712+0000] {dag.py:3089} INFO - Sync 1 DAGs
[2026-03-11T04:21:35.729+0000] {logging_mixin.py:188} INFO - [2026-03-11T04:21:35.729+0000] {dag.py:3947} INFO - Setting next_dagrun for list_s3_files_in_logs to None, run_after=None
[2026-03-11T04:21:35.756+0000] {processor.py:183} INFO - Processing /home/cloud/codings/airflow/dags/list_s3_files_in_logs.py took 0.121 seconds
[2026-03-11T04:22:06.430+0000] {processor.py:161} INFO - Started process (PID=527012) to work on /home/cloud/codings/airflow/dags/list_s3_files_in_logs.py
[2026-03-11T04:22:06.433+0000] {processor.py:830} INFO - Processing file /home/cloud/codings/airflow/dags/list_s3_files_in_logs.py for tasks to queue
[2026-03-11T04:22:06.436+0000] {logging_mixin.py:188} INFO - [2026-03-11T04:22:06.435+0000] {dagbag.py:545} INFO - Filling up the DagBag from /home/cloud/codings/airflow/dags/list_s3_files_in_logs.py
[2026-03-11T04:22:06.459+0000] {processor.py:840} INFO - DAG(s) 'list_s3_files_in_logs' retrieved from /home/cloud/codings/airflow/dags/list_s3_files_in_logs.py
[2026-03-11T04:22:06.508+0000] {logging_mixin.py:188} INFO - [2026-03-11T04:22:06.508+0000] {dag.py:3089} INFO - Sync 1 DAGs
[2026-03-11T04:22:06.526+0000] {logging_mixin.py:188} INFO - [2026-03-11T04:22:06.526+0000] {dag.py:3947} INFO - Setting next_dagrun for list_s3_files_in_logs to None, run_after=None
[2026-03-11T04:22:06.576+0000] {processor.py:183} INFO - Processing /home/cloud/codings/airflow/dags/list_s3_files_in_logs.py took 0.160 seconds
[2026-03-11T04:22:37.639+0000] {processor.py:161} INFO - Started process (PID=527037) to work on /home/cloud/codings/airflow/dags/list_s3_files_in_logs.py
[2026-03-11T04:22:37.665+0000] {processor.py:830} INFO - Processing file /home/cloud/codings/airflow/dags/list_s3_files_in_logs.py for tasks to queue
[2026-03-11T04:22:37.667+0000] {logging_mixin.py:188} INFO - [2026-03-11T04:22:37.666+0000] {dagbag.py:545} INFO - Filling up the DagBag from /home/cloud/codings/airflow/dags/list_s3_files_in_logs.py
[2026-03-11T04:22:37.692+0000] {processor.py:840} INFO - DAG(s) 'list_s3_files_in_logs' retrieved from /home/cloud/codings/airflow/dags/list_s3_files_in_logs.py
[2026-03-11T04:22:37.747+0000] {logging_mixin.py:188} INFO - [2026-03-11T04:22:37.747+0000] {dag.py:3089} INFO - Sync 1 DAGs
[2026-03-11T04:22:37.772+0000] {logging_mixin.py:188} INFO - [2026-03-11T04:22:37.772+0000] {dag.py:3947} INFO - Setting next_dagrun for list_s3_files_in_logs to None, run_after=None
[2026-03-11T04:22:38.027+0000] {processor.py:183} INFO - Processing /home/cloud/codings/airflow/dags/list_s3_files_in_logs.py took 0.399 seconds
[2026-03-11T04:23:08.452+0000] {processor.py:161} INFO - Started process (PID=527118) to work on /home/cloud/codings/airflow/dags/list_s3_files_in_logs.py
[2026-03-11T04:23:08.455+0000] {processor.py:830} INFO - Processing file /home/cloud/codings/airflow/dags/list_s3_files_in_logs.py for tasks to queue
[2026-03-11T04:23:08.457+0000] {logging_mixin.py:188} INFO - [2026-03-11T04:23:08.456+0000] {dagbag.py:545} INFO - Filling up the DagBag from /home/cloud/codings/airflow/dags/list_s3_files_in_logs.py
[2026-03-11T04:23:08.482+0000] {processor.py:840} INFO - DAG(s) 'list_s3_files_in_logs' retrieved from /home/cloud/codings/airflow/dags/list_s3_files_in_logs.py
[2026-03-11T04:23:08.532+0000] {logging_mixin.py:188} INFO - [2026-03-11T04:23:08.532+0000] {dag.py:3089} INFO - Sync 1 DAGs
[2026-03-11T04:23:08.738+0000] {logging_mixin.py:188} INFO - [2026-03-11T04:23:08.737+0000] {dag.py:3947} INFO - Setting next_dagrun for list_s3_files_in_logs to None, run_after=None
[2026-03-11T04:23:08.770+0000] {processor.py:183} INFO - Processing /home/cloud/codings/airflow/dags/list_s3_files_in_logs.py took 0.330 seconds
[2026-03-11T04:23:39.017+0000] {processor.py:161} INFO - Started process (PID=527144) to work on /home/cloud/codings/airflow/dags/list_s3_files_in_logs.py
[2026-03-11T04:23:39.036+0000] {processor.py:830} INFO - Processing file /home/cloud/codings/airflow/dags/list_s3_files_in_logs.py for tasks to queue
[2026-03-11T04:23:39.038+0000] {logging_mixin.py:188} INFO - [2026-03-11T04:23:39.038+0000] {dagbag.py:545} INFO - Filling up the DagBag from /home/cloud/codings/airflow/dags/list_s3_files_in_logs.py
[2026-03-11T04:23:39.057+0000] {processor.py:840} INFO - DAG(s) 'list_s3_files_in_logs' retrieved from /home/cloud/codings/airflow/dags/list_s3_files_in_logs.py
[2026-03-11T04:23:39.300+0000] {logging_mixin.py:188} INFO - [2026-03-11T04:23:39.300+0000] {dag.py:3089} INFO - Sync 1 DAGs
[2026-03-11T04:23:39.311+0000] {logging_mixin.py:188} INFO - [2026-03-11T04:23:39.311+0000] {dag.py:3947} INFO - Setting next_dagrun for list_s3_files_in_logs to None, run_after=None
[2026-03-11T04:23:39.352+0000] {processor.py:183} INFO - Processing /home/cloud/codings/airflow/dags/list_s3_files_in_logs.py took 0.346 seconds
[2026-03-11T04:24:09.866+0000] {processor.py:161} INFO - Started process (PID=527229) to work on /home/cloud/codings/airflow/dags/list_s3_files_in_logs.py
[2026-03-11T04:24:09.885+0000] {processor.py:830} INFO - Processing file /home/cloud/codings/airflow/dags/list_s3_files_in_logs.py for tasks to queue
[2026-03-11T04:24:09.889+0000] {logging_mixin.py:188} INFO - [2026-03-11T04:24:09.887+0000] {dagbag.py:545} INFO - Filling up the DagBag from /home/cloud/codings/airflow/dags/list_s3_files_in_logs.py
[2026-03-11T04:24:09.909+0000] {processor.py:840} INFO - DAG(s) 'list_s3_files_in_logs' retrieved from /home/cloud/codings/airflow/dags/list_s3_files_in_logs.py
[2026-03-11T04:24:09.947+0000] {logging_mixin.py:188} INFO - [2026-03-11T04:24:09.947+0000] {dag.py:3089} INFO - Sync 1 DAGs
[2026-03-11T04:24:09.969+0000] {logging_mixin.py:188} INFO - [2026-03-11T04:24:09.969+0000] {dag.py:3947} INFO - Setting next_dagrun for list_s3_files_in_logs to None, run_after=None
[2026-03-11T04:24:10.007+0000] {processor.py:183} INFO - Processing /home/cloud/codings/airflow/dags/list_s3_files_in_logs.py took 0.161 seconds
[2026-03-11T04:24:40.678+0000] {processor.py:161} INFO - Started process (PID=527256) to work on /home/cloud/codings/airflow/dags/list_s3_files_in_logs.py
[2026-03-11T04:24:40.681+0000] {processor.py:830} INFO - Processing file /home/cloud/codings/airflow/dags/list_s3_files_in_logs.py for tasks to queue
[2026-03-11T04:24:40.682+0000] {logging_mixin.py:188} INFO - [2026-03-11T04:24:40.682+0000] {dagbag.py:545} INFO - Filling up the DagBag from /home/cloud/codings/airflow/dags/list_s3_files_in_logs.py
[2026-03-11T04:24:40.698+0000] {processor.py:840} INFO - DAG(s) 'list_s3_files_in_logs' retrieved from /home/cloud/codings/airflow/dags/list_s3_files_in_logs.py
[2026-03-11T04:24:40.743+0000] {logging_mixin.py:188} INFO - [2026-03-11T04:24:40.743+0000] {dag.py:3089} INFO - Sync 1 DAGs
[2026-03-11T04:24:40.765+0000] {logging_mixin.py:188} INFO - [2026-03-11T04:24:40.765+0000] {dag.py:3947} INFO - Setting next_dagrun for list_s3_files_in_logs to None, run_after=None
[2026-03-11T04:24:40.805+0000] {processor.py:183} INFO - Processing /home/cloud/codings/airflow/dags/list_s3_files_in_logs.py took 0.141 seconds
[2026-03-11T04:25:11.398+0000] {processor.py:161} INFO - Started process (PID=527403) to work on /home/cloud/codings/airflow/dags/list_s3_files_in_logs.py
[2026-03-11T04:25:11.400+0000] {processor.py:830} INFO - Processing file /home/cloud/codings/airflow/dags/list_s3_files_in_logs.py for tasks to queue
[2026-03-11T04:25:11.402+0000] {logging_mixin.py:188} INFO - [2026-03-11T04:25:11.402+0000] {dagbag.py:545} INFO - Filling up the DagBag from /home/cloud/codings/airflow/dags/list_s3_files_in_logs.py
[2026-03-11T04:25:11.426+0000] {processor.py:840} INFO - DAG(s) 'list_s3_files_in_logs' retrieved from /home/cloud/codings/airflow/dags/list_s3_files_in_logs.py
[2026-03-11T04:25:11.460+0000] {logging_mixin.py:188} INFO - [2026-03-11T04:25:11.460+0000] {dag.py:3089} INFO - Sync 1 DAGs
[2026-03-11T04:25:11.481+0000] {logging_mixin.py:188} INFO - [2026-03-11T04:25:11.481+0000] {dag.py:3947} INFO - Setting next_dagrun for list_s3_files_in_logs to None, run_after=None
[2026-03-11T04:25:11.519+0000] {processor.py:183} INFO - Processing /home/cloud/codings/airflow/dags/list_s3_files_in_logs.py took 0.135 seconds
[2026-03-11T04:25:42.127+0000] {processor.py:161} INFO - Started process (PID=527422) to work on /home/cloud/codings/airflow/dags/list_s3_files_in_logs.py
[2026-03-11T04:25:42.155+0000] {processor.py:830} INFO - Processing file /home/cloud/codings/airflow/dags/list_s3_files_in_logs.py for tasks to queue
[2026-03-11T04:25:42.160+0000] {logging_mixin.py:188} INFO - [2026-03-11T04:25:42.158+0000] {dagbag.py:545} INFO - Filling up the DagBag from /home/cloud/codings/airflow/dags/list_s3_files_in_logs.py
[2026-03-11T04:25:42.213+0000] {processor.py:840} INFO - DAG(s) 'list_s3_files_in_logs' retrieved from /home/cloud/codings/airflow/dags/list_s3_files_in_logs.py
[2026-03-11T04:25:42.251+0000] {logging_mixin.py:188} INFO - [2026-03-11T04:25:42.251+0000] {dag.py:3089} INFO - Sync 1 DAGs
[2026-03-11T04:25:42.265+0000] {logging_mixin.py:188} INFO - [2026-03-11T04:25:42.264+0000] {dag.py:3947} INFO - Setting next_dagrun for list_s3_files_in_logs to None, run_after=None
[2026-03-11T04:25:42.321+0000] {processor.py:183} INFO - Processing /home/cloud/codings/airflow/dags/list_s3_files_in_logs.py took 0.208 seconds
[2026-03-11T04:26:12.966+0000] {processor.py:161} INFO - Started process (PID=527507) to work on /home/cloud/codings/airflow/dags/list_s3_files_in_logs.py
[2026-03-11T04:26:12.991+0000] {processor.py:830} INFO - Processing file /home/cloud/codings/airflow/dags/list_s3_files_in_logs.py for tasks to queue
[2026-03-11T04:26:12.994+0000] {logging_mixin.py:188} INFO - [2026-03-11T04:26:12.993+0000] {dagbag.py:545} INFO - Filling up the DagBag from /home/cloud/codings/airflow/dags/list_s3_files_in_logs.py
[2026-03-11T04:26:13.022+0000] {processor.py:840} INFO - DAG(s) 'list_s3_files_in_logs' retrieved from /home/cloud/codings/airflow/dags/list_s3_files_in_logs.py
[2026-03-11T04:26:13.059+0000] {logging_mixin.py:188} INFO - [2026-03-11T04:26:13.058+0000] {dag.py:3089} INFO - Sync 1 DAGs
[2026-03-11T04:26:13.075+0000] {logging_mixin.py:188} INFO - [2026-03-11T04:26:13.075+0000] {dag.py:3947} INFO - Setting next_dagrun for list_s3_files_in_logs to None, run_after=None
[2026-03-11T04:26:13.105+0000] {processor.py:183} INFO - Processing /home/cloud/codings/airflow/dags/list_s3_files_in_logs.py took 0.155 seconds
[2026-03-11T04:26:43.746+0000] {processor.py:161} INFO - Started process (PID=527534) to work on /home/cloud/codings/airflow/dags/list_s3_files_in_logs.py
[2026-03-11T04:26:43.750+0000] {processor.py:830} INFO - Processing file /home/cloud/codings/airflow/dags/list_s3_files_in_logs.py for tasks to queue
[2026-03-11T04:26:43.752+0000] {logging_mixin.py:188} INFO - [2026-03-11T04:26:43.751+0000] {dagbag.py:545} INFO - Filling up the DagBag from /home/cloud/codings/airflow/dags/list_s3_files_in_logs.py
[2026-03-11T04:26:43.786+0000] {processor.py:840} INFO - DAG(s) 'list_s3_files_in_logs' retrieved from /home/cloud/codings/airflow/dags/list_s3_files_in_logs.py
[2026-03-11T04:26:43.830+0000] {logging_mixin.py:188} INFO - [2026-03-11T04:26:43.830+0000] {dag.py:3089} INFO - Sync 1 DAGs
[2026-03-11T04:26:43.857+0000] {logging_mixin.py:188} INFO - [2026-03-11T04:26:43.857+0000] {dag.py:3947} INFO - Setting next_dagrun for list_s3_files_in_logs to None, run_after=None
[2026-03-11T04:26:43.956+0000] {processor.py:183} INFO - Processing /home/cloud/codings/airflow/dags/list_s3_files_in_logs.py took 0.226 seconds
[2026-03-11T04:27:14.266+0000] {processor.py:161} INFO - Started process (PID=527619) to work on /home/cloud/codings/airflow/dags/list_s3_files_in_logs.py
[2026-03-11T04:27:14.268+0000] {processor.py:830} INFO - Processing file /home/cloud/codings/airflow/dags/list_s3_files_in_logs.py for tasks to queue
[2026-03-11T04:27:14.269+0000] {logging_mixin.py:188} INFO - [2026-03-11T04:27:14.268+0000] {dagbag.py:545} INFO - Filling up the DagBag from /home/cloud/codings/airflow/dags/list_s3_files_in_logs.py
[2026-03-11T04:27:14.285+0000] {processor.py:840} INFO - DAG(s) 'list_s3_files_in_logs' retrieved from /home/cloud/codings/airflow/dags/list_s3_files_in_logs.py
[2026-03-11T04:27:14.313+0000] {logging_mixin.py:188} INFO - [2026-03-11T04:27:14.312+0000] {dag.py:3089} INFO - Sync 1 DAGs
[2026-03-11T04:27:14.330+0000] {logging_mixin.py:188} INFO - [2026-03-11T04:27:14.330+0000] {dag.py:3947} INFO - Setting next_dagrun for list_s3_files_in_logs to None, run_after=None
[2026-03-11T04:27:14.359+0000] {processor.py:183} INFO - Processing /home/cloud/codings/airflow/dags/list_s3_files_in_logs.py took 0.100 seconds
[2026-03-11T04:27:45.098+0000] {processor.py:161} INFO - Started process (PID=527644) to work on /home/cloud/codings/airflow/dags/list_s3_files_in_logs.py
[2026-03-11T04:27:45.118+0000] {processor.py:830} INFO - Processing file /home/cloud/codings/airflow/dags/list_s3_files_in_logs.py for tasks to queue
[2026-03-11T04:27:45.119+0000] {logging_mixin.py:188} INFO - [2026-03-11T04:27:45.119+0000] {dagbag.py:545} INFO - Filling up the DagBag from /home/cloud/codings/airflow/dags/list_s3_files_in_logs.py
[2026-03-11T04:27:45.134+0000] {processor.py:840} INFO - DAG(s) 'list_s3_files_in_logs' retrieved from /home/cloud/codings/airflow/dags/list_s3_files_in_logs.py
[2026-03-11T04:27:45.163+0000] {logging_mixin.py:188} INFO - [2026-03-11T04:27:45.162+0000] {dag.py:3089} INFO - Sync 1 DAGs
[2026-03-11T04:27:45.181+0000] {logging_mixin.py:188} INFO - [2026-03-11T04:27:45.180+0000] {dag.py:3947} INFO - Setting next_dagrun for list_s3_files_in_logs to None, run_after=None
[2026-03-11T04:27:45.214+0000] {processor.py:183} INFO - Processing /home/cloud/codings/airflow/dags/list_s3_files_in_logs.py took 0.123 seconds
[2026-03-11T04:28:15.911+0000] {processor.py:161} INFO - Started process (PID=527729) to work on /home/cloud/codings/airflow/dags/list_s3_files_in_logs.py
[2026-03-11T04:28:15.914+0000] {processor.py:830} INFO - Processing file /home/cloud/codings/airflow/dags/list_s3_files_in_logs.py for tasks to queue
[2026-03-11T04:28:15.916+0000] {logging_mixin.py:188} INFO - [2026-03-11T04:28:15.915+0000] {dagbag.py:545} INFO - Filling up the DagBag from /home/cloud/codings/airflow/dags/list_s3_files_in_logs.py
[2026-03-11T04:28:15.950+0000] {processor.py:840} INFO - DAG(s) 'list_s3_files_in_logs' retrieved from /home/cloud/codings/airflow/dags/list_s3_files_in_logs.py
[2026-03-11T04:28:15.999+0000] {logging_mixin.py:188} INFO - [2026-03-11T04:28:15.999+0000] {dag.py:3089} INFO - Sync 1 DAGs
[2026-03-11T04:28:16.022+0000] {logging_mixin.py:188} INFO - [2026-03-11T04:28:16.022+0000] {dag.py:3947} INFO - Setting next_dagrun for list_s3_files_in_logs to None, run_after=None
[2026-03-11T04:28:16.091+0000] {processor.py:183} INFO - Processing /home/cloud/codings/airflow/dags/list_s3_files_in_logs.py took 0.199 seconds
[2026-03-11T04:28:46.644+0000] {processor.py:161} INFO - Started process (PID=527813) to work on /home/cloud/codings/airflow/dags/list_s3_files_in_logs.py
[2026-03-11T04:28:46.645+0000] {processor.py:830} INFO - Processing file /home/cloud/codings/airflow/dags/list_s3_files_in_logs.py for tasks to queue
[2026-03-11T04:28:46.646+0000] {logging_mixin.py:188} INFO - [2026-03-11T04:28:46.646+0000] {dagbag.py:545} INFO - Filling up the DagBag from /home/cloud/codings/airflow/dags/list_s3_files_in_logs.py
[2026-03-11T04:28:46.662+0000] {processor.py:840} INFO - DAG(s) 'list_s3_files_in_logs' retrieved from /home/cloud/codings/airflow/dags/list_s3_files_in_logs.py
[2026-03-11T04:28:46.699+0000] {logging_mixin.py:188} INFO - [2026-03-11T04:28:46.699+0000] {dag.py:3089} INFO - Sync 1 DAGs
[2026-03-11T04:28:46.731+0000] {logging_mixin.py:188} INFO - [2026-03-11T04:28:46.730+0000] {dag.py:3947} INFO - Setting next_dagrun for list_s3_files_in_logs to None, run_after=None
[2026-03-11T04:28:46.785+0000] {processor.py:183} INFO - Processing /home/cloud/codings/airflow/dags/list_s3_files_in_logs.py took 0.149 seconds
[2026-03-11T04:29:17.262+0000] {processor.py:161} INFO - Started process (PID=527845) to work on /home/cloud/codings/airflow/dags/list_s3_files_in_logs.py
[2026-03-11T04:29:17.287+0000] {processor.py:830} INFO - Processing file /home/cloud/codings/airflow/dags/list_s3_files_in_logs.py for tasks to queue
[2026-03-11T04:29:17.289+0000] {logging_mixin.py:188} INFO - [2026-03-11T04:29:17.288+0000] {dagbag.py:545} INFO - Filling up the DagBag from /home/cloud/codings/airflow/dags/list_s3_files_in_logs.py
[2026-03-11T04:29:17.312+0000] {processor.py:840} INFO - DAG(s) 'list_s3_files_in_logs' retrieved from /home/cloud/codings/airflow/dags/list_s3_files_in_logs.py
[2026-03-11T04:29:17.351+0000] {logging_mixin.py:188} INFO - [2026-03-11T04:29:17.350+0000] {dag.py:3089} INFO - Sync 1 DAGs
[2026-03-11T04:29:17.376+0000] {logging_mixin.py:188} INFO - [2026-03-11T04:29:17.376+0000] {dag.py:3947} INFO - Setting next_dagrun for list_s3_files_in_logs to None, run_after=None
[2026-03-11T04:29:17.407+0000] {processor.py:183} INFO - Processing /home/cloud/codings/airflow/dags/list_s3_files_in_logs.py took 0.154 seconds
[2026-03-11T04:29:47.860+0000] {processor.py:161} INFO - Started process (PID=527932) to work on /home/cloud/codings/airflow/dags/list_s3_files_in_logs.py
[2026-03-11T04:29:47.861+0000] {processor.py:830} INFO - Processing file /home/cloud/codings/airflow/dags/list_s3_files_in_logs.py for tasks to queue
[2026-03-11T04:29:47.863+0000] {logging_mixin.py:188} INFO - [2026-03-11T04:29:47.862+0000] {dagbag.py:545} INFO - Filling up the DagBag from /home/cloud/codings/airflow/dags/list_s3_files_in_logs.py
[2026-03-11T04:29:47.891+0000] {processor.py:840} INFO - DAG(s) 'list_s3_files_in_logs' retrieved from /home/cloud/codings/airflow/dags/list_s3_files_in_logs.py
[2026-03-11T04:29:47.914+0000] {logging_mixin.py:188} INFO - [2026-03-11T04:29:47.914+0000] {dag.py:3089} INFO - Sync 1 DAGs
[2026-03-11T04:29:47.927+0000] {logging_mixin.py:188} INFO - [2026-03-11T04:29:47.926+0000] {dag.py:3947} INFO - Setting next_dagrun for list_s3_files_in_logs to None, run_after=None
[2026-03-11T04:29:47.953+0000] {processor.py:183} INFO - Processing /home/cloud/codings/airflow/dags/list_s3_files_in_logs.py took 0.105 seconds
[2026-03-11T04:30:18.373+0000] {processor.py:161} INFO - Started process (PID=528015) to work on /home/cloud/codings/airflow/dags/list_s3_files_in_logs.py
[2026-03-11T04:30:18.375+0000] {processor.py:830} INFO - Processing file /home/cloud/codings/airflow/dags/list_s3_files_in_logs.py for tasks to queue
[2026-03-11T04:30:18.377+0000] {logging_mixin.py:188} INFO - [2026-03-11T04:30:18.376+0000] {dagbag.py:545} INFO - Filling up the DagBag from /home/cloud/codings/airflow/dags/list_s3_files_in_logs.py
[2026-03-11T04:30:18.403+0000] {processor.py:840} INFO - DAG(s) 'list_s3_files_in_logs' retrieved from /home/cloud/codings/airflow/dags/list_s3_files_in_logs.py
[2026-03-11T04:30:18.450+0000] {logging_mixin.py:188} INFO - [2026-03-11T04:30:18.449+0000] {dag.py:3089} INFO - Sync 1 DAGs
[2026-03-11T04:30:18.475+0000] {logging_mixin.py:188} INFO - [2026-03-11T04:30:18.474+0000] {dag.py:3947} INFO - Setting next_dagrun for list_s3_files_in_logs to None, run_after=None
[2026-03-11T04:30:18.519+0000] {processor.py:183} INFO - Processing /home/cloud/codings/airflow/dags/list_s3_files_in_logs.py took 0.158 seconds
[2026-03-11T04:30:49.077+0000] {processor.py:161} INFO - Started process (PID=528106) to work on /home/cloud/codings/airflow/dags/list_s3_files_in_logs.py
[2026-03-11T04:30:49.082+0000] {processor.py:830} INFO - Processing file /home/cloud/codings/airflow/dags/list_s3_files_in_logs.py for tasks to queue
[2026-03-11T04:30:49.085+0000] {logging_mixin.py:188} INFO - [2026-03-11T04:30:49.084+0000] {dagbag.py:545} INFO - Filling up the DagBag from /home/cloud/codings/airflow/dags/list_s3_files_in_logs.py
[2026-03-11T04:30:49.136+0000] {processor.py:840} INFO - DAG(s) 'list_s3_files_in_logs' retrieved from /home/cloud/codings/airflow/dags/list_s3_files_in_logs.py
[2026-03-11T04:30:49.185+0000] {logging_mixin.py:188} INFO - [2026-03-11T04:30:49.184+0000] {dag.py:3089} INFO - Sync 1 DAGs
[2026-03-11T04:30:49.216+0000] {logging_mixin.py:188} INFO - [2026-03-11T04:30:49.215+0000] {dag.py:3947} INFO - Setting next_dagrun for list_s3_files_in_logs to None, run_after=None
[2026-03-11T04:30:49.270+0000] {processor.py:183} INFO - Processing /home/cloud/codings/airflow/dags/list_s3_files_in_logs.py took 0.216 seconds
[2026-03-11T04:31:19.780+0000] {processor.py:161} INFO - Started process (PID=528123) to work on /home/cloud/codings/airflow/dags/list_s3_files_in_logs.py
[2026-03-11T04:31:19.784+0000] {processor.py:830} INFO - Processing file /home/cloud/codings/airflow/dags/list_s3_files_in_logs.py for tasks to queue
[2026-03-11T04:31:19.788+0000] {logging_mixin.py:188} INFO - [2026-03-11T04:31:19.786+0000] {dagbag.py:545} INFO - Filling up the DagBag from /home/cloud/codings/airflow/dags/list_s3_files_in_logs.py
[2026-03-11T04:31:19.841+0000] {processor.py:840} INFO - DAG(s) 'list_s3_files_in_logs' retrieved from /home/cloud/codings/airflow/dags/list_s3_files_in_logs.py
[2026-03-11T04:31:19.912+0000] {logging_mixin.py:188} INFO - [2026-03-11T04:31:19.912+0000] {dag.py:3089} INFO - Sync 1 DAGs
[2026-03-11T04:31:19.934+0000] {logging_mixin.py:188} INFO - [2026-03-11T04:31:19.934+0000] {dag.py:3947} INFO - Setting next_dagrun for list_s3_files_in_logs to None, run_after=None
[2026-03-11T04:31:19.992+0000] {processor.py:183} INFO - Processing /home/cloud/codings/airflow/dags/list_s3_files_in_logs.py took 0.238 seconds
[2026-03-11T04:31:50.449+0000] {processor.py:161} INFO - Started process (PID=528211) to work on /home/cloud/codings/airflow/dags/list_s3_files_in_logs.py
[2026-03-11T04:31:50.452+0000] {processor.py:830} INFO - Processing file /home/cloud/codings/airflow/dags/list_s3_files_in_logs.py for tasks to queue
[2026-03-11T04:31:50.455+0000] {logging_mixin.py:188} INFO - [2026-03-11T04:31:50.453+0000] {dagbag.py:545} INFO - Filling up the DagBag from /home/cloud/codings/airflow/dags/list_s3_files_in_logs.py
[2026-03-11T04:31:50.485+0000] {processor.py:840} INFO - DAG(s) 'list_s3_files_in_logs' retrieved from /home/cloud/codings/airflow/dags/list_s3_files_in_logs.py
[2026-03-11T04:31:50.538+0000] {logging_mixin.py:188} INFO - [2026-03-11T04:31:50.538+0000] {dag.py:3089} INFO - Sync 1 DAGs
[2026-03-11T04:31:50.563+0000] {logging_mixin.py:188} INFO - [2026-03-11T04:31:50.563+0000] {dag.py:3947} INFO - Setting next_dagrun for list_s3_files_in_logs to None, run_after=None
[2026-03-11T04:31:50.632+0000] {processor.py:183} INFO - Processing /home/cloud/codings/airflow/dags/list_s3_files_in_logs.py took 0.200 seconds
[2026-03-11T04:32:20.991+0000] {processor.py:161} INFO - Started process (PID=528236) to work on /home/cloud/codings/airflow/dags/list_s3_files_in_logs.py
[2026-03-11T04:32:20.993+0000] {processor.py:830} INFO - Processing file /home/cloud/codings/airflow/dags/list_s3_files_in_logs.py for tasks to queue
[2026-03-11T04:32:20.994+0000] {logging_mixin.py:188} INFO - [2026-03-11T04:32:20.994+0000] {dagbag.py:545} INFO - Filling up the DagBag from /home/cloud/codings/airflow/dags/list_s3_files_in_logs.py
[2026-03-11T04:32:21.016+0000] {processor.py:840} INFO - DAG(s) 'list_s3_files_in_logs' retrieved from /home/cloud/codings/airflow/dags/list_s3_files_in_logs.py
[2026-03-11T04:32:21.055+0000] {logging_mixin.py:188} INFO - [2026-03-11T04:32:21.055+0000] {dag.py:3089} INFO - Sync 1 DAGs
[2026-03-11T04:32:21.079+0000] {logging_mixin.py:188} INFO - [2026-03-11T04:32:21.079+0000] {dag.py:3947} INFO - Setting next_dagrun for list_s3_files_in_logs to None, run_after=None
[2026-03-11T04:32:21.119+0000] {processor.py:183} INFO - Processing /home/cloud/codings/airflow/dags/list_s3_files_in_logs.py took 0.140 seconds
[2026-03-11T04:32:51.562+0000] {processor.py:161} INFO - Started process (PID=528325) to work on /home/cloud/codings/airflow/dags/list_s3_files_in_logs.py
[2026-03-11T04:32:51.593+0000] {processor.py:830} INFO - Processing file /home/cloud/codings/airflow/dags/list_s3_files_in_logs.py for tasks to queue
[2026-03-11T04:32:51.596+0000] {logging_mixin.py:188} INFO - [2026-03-11T04:32:51.595+0000] {dagbag.py:545} INFO - Filling up the DagBag from /home/cloud/codings/airflow/dags/list_s3_files_in_logs.py
[2026-03-11T04:32:51.623+0000] {processor.py:840} INFO - DAG(s) 'list_s3_files_in_logs' retrieved from /home/cloud/codings/airflow/dags/list_s3_files_in_logs.py
[2026-03-11T04:32:51.661+0000] {logging_mixin.py:188} INFO - [2026-03-11T04:32:51.660+0000] {dag.py:3089} INFO - Sync 1 DAGs
[2026-03-11T04:32:51.677+0000] {logging_mixin.py:188} INFO - [2026-03-11T04:32:51.677+0000] {dag.py:3947} INFO - Setting next_dagrun for list_s3_files_in_logs to None, run_after=None
[2026-03-11T04:32:51.703+0000] {processor.py:183} INFO - Processing /home/cloud/codings/airflow/dags/list_s3_files_in_logs.py took 0.169 seconds
[2026-03-11T04:33:22.292+0000] {processor.py:161} INFO - Started process (PID=528348) to work on /home/cloud/codings/airflow/dags/list_s3_files_in_logs.py
[2026-03-11T04:33:22.295+0000] {processor.py:830} INFO - Processing file /home/cloud/codings/airflow/dags/list_s3_files_in_logs.py for tasks to queue
[2026-03-11T04:33:22.297+0000] {logging_mixin.py:188} INFO - [2026-03-11T04:33:22.296+0000] {dagbag.py:545} INFO - Filling up the DagBag from /home/cloud/codings/airflow/dags/list_s3_files_in_logs.py
[2026-03-11T04:33:22.327+0000] {processor.py:840} INFO - DAG(s) 'list_s3_files_in_logs' retrieved from /home/cloud/codings/airflow/dags/list_s3_files_in_logs.py
[2026-03-11T04:33:22.370+0000] {logging_mixin.py:188} INFO - [2026-03-11T04:33:22.370+0000] {dag.py:3089} INFO - Sync 1 DAGs
[2026-03-11T04:33:22.404+0000] {logging_mixin.py:188} INFO - [2026-03-11T04:33:22.403+0000] {dag.py:3947} INFO - Setting next_dagrun for list_s3_files_in_logs to None, run_after=None
[2026-03-11T04:33:22.453+0000] {processor.py:183} INFO - Processing /home/cloud/codings/airflow/dags/list_s3_files_in_logs.py took 0.179 seconds
[2026-03-11T04:33:52.737+0000] {processor.py:161} INFO - Started process (PID=528428) to work on /home/cloud/codings/airflow/dags/list_s3_files_in_logs.py
[2026-03-11T04:33:52.740+0000] {processor.py:830} INFO - Processing file /home/cloud/codings/airflow/dags/list_s3_files_in_logs.py for tasks to queue
[2026-03-11T04:33:52.742+0000] {logging_mixin.py:188} INFO - [2026-03-11T04:33:52.741+0000] {dagbag.py:545} INFO - Filling up the DagBag from /home/cloud/codings/airflow/dags/list_s3_files_in_logs.py
[2026-03-11T04:33:52.761+0000] {processor.py:840} INFO - DAG(s) 'list_s3_files_in_logs' retrieved from /home/cloud/codings/airflow/dags/list_s3_files_in_logs.py
[2026-03-11T04:33:52.794+0000] {logging_mixin.py:188} INFO - [2026-03-11T04:33:52.794+0000] {dag.py:3089} INFO - Sync 1 DAGs
[2026-03-11T04:33:52.819+0000] {logging_mixin.py:188} INFO - [2026-03-11T04:33:52.818+0000] {dag.py:3947} INFO - Setting next_dagrun for list_s3_files_in_logs to None, run_after=None
[2026-03-11T04:33:52.852+0000] {processor.py:183} INFO - Processing /home/cloud/codings/airflow/dags/list_s3_files_in_logs.py took 0.126 seconds
[2026-03-11T04:34:23.249+0000] {processor.py:161} INFO - Started process (PID=528453) to work on /home/cloud/codings/airflow/dags/list_s3_files_in_logs.py
[2026-03-11T04:34:23.252+0000] {processor.py:830} INFO - Processing file /home/cloud/codings/airflow/dags/list_s3_files_in_logs.py for tasks to queue
[2026-03-11T04:34:23.255+0000] {logging_mixin.py:188} INFO - [2026-03-11T04:34:23.254+0000] {dagbag.py:545} INFO - Filling up the DagBag from /home/cloud/codings/airflow/dags/list_s3_files_in_logs.py
[2026-03-11T04:34:23.281+0000] {processor.py:840} INFO - DAG(s) 'list_s3_files_in_logs' retrieved from /home/cloud/codings/airflow/dags/list_s3_files_in_logs.py
[2026-03-11T04:34:23.332+0000] {logging_mixin.py:188} INFO - [2026-03-11T04:34:23.332+0000] {dag.py:3089} INFO - Sync 1 DAGs
[2026-03-11T04:34:23.363+0000] {logging_mixin.py:188} INFO - [2026-03-11T04:34:23.362+0000] {dag.py:3947} INFO - Setting next_dagrun for list_s3_files_in_logs to None, run_after=None
[2026-03-11T04:34:23.413+0000] {processor.py:183} INFO - Processing /home/cloud/codings/airflow/dags/list_s3_files_in_logs.py took 0.179 seconds
[2026-03-11T04:34:53.790+0000] {processor.py:161} INFO - Started process (PID=528602) to work on /home/cloud/codings/airflow/dags/list_s3_files_in_logs.py
[2026-03-11T04:34:53.817+0000] {processor.py:830} INFO - Processing file /home/cloud/codings/airflow/dags/list_s3_files_in_logs.py for tasks to queue
[2026-03-11T04:34:53.821+0000] {logging_mixin.py:188} INFO - [2026-03-11T04:34:53.819+0000] {dagbag.py:545} INFO - Filling up the DagBag from /home/cloud/codings/airflow/dags/list_s3_files_in_logs.py
[2026-03-11T04:34:53.881+0000] {processor.py:840} INFO - DAG(s) 'list_s3_files_in_logs' retrieved from /home/cloud/codings/airflow/dags/list_s3_files_in_logs.py
[2026-03-11T04:34:53.979+0000] {logging_mixin.py:188} INFO - [2026-03-11T04:34:53.979+0000] {dag.py:3089} INFO - Sync 1 DAGs
[2026-03-11T04:34:54.024+0000] {logging_mixin.py:188} INFO - [2026-03-11T04:34:54.024+0000] {dag.py:3947} INFO - Setting next_dagrun for list_s3_files_in_logs to None, run_after=None
[2026-03-11T04:34:54.072+0000] {processor.py:183} INFO - Processing /home/cloud/codings/airflow/dags/list_s3_files_in_logs.py took 0.315 seconds
[2026-03-11T04:35:24.561+0000] {processor.py:161} INFO - Started process (PID=528685) to work on /home/cloud/codings/airflow/dags/list_s3_files_in_logs.py
[2026-03-11T04:35:24.570+0000] {processor.py:830} INFO - Processing file /home/cloud/codings/airflow/dags/list_s3_files_in_logs.py for tasks to queue
[2026-03-11T04:35:24.572+0000] {logging_mixin.py:188} INFO - [2026-03-11T04:35:24.571+0000] {dagbag.py:545} INFO - Filling up the DagBag from /home/cloud/codings/airflow/dags/list_s3_files_in_logs.py
[2026-03-11T04:35:24.602+0000] {processor.py:840} INFO - DAG(s) 'list_s3_files_in_logs' retrieved from /home/cloud/codings/airflow/dags/list_s3_files_in_logs.py
[2026-03-11T04:35:24.696+0000] {logging_mixin.py:188} INFO - [2026-03-11T04:35:24.695+0000] {dag.py:3089} INFO - Sync 1 DAGs
[2026-03-11T04:35:24.753+0000] {logging_mixin.py:188} INFO - [2026-03-11T04:35:24.752+0000] {dag.py:3947} INFO - Setting next_dagrun for list_s3_files_in_logs to None, run_after=None
[2026-03-11T04:35:24.833+0000] {processor.py:183} INFO - Processing /home/cloud/codings/airflow/dags/list_s3_files_in_logs.py took 0.290 seconds
[2026-03-11T04:35:55.263+0000] {processor.py:161} INFO - Started process (PID=528770) to work on /home/cloud/codings/airflow/dags/list_s3_files_in_logs.py
[2026-03-11T04:35:55.286+0000] {processor.py:830} INFO - Processing file /home/cloud/codings/airflow/dags/list_s3_files_in_logs.py for tasks to queue
[2026-03-11T04:35:55.290+0000] {logging_mixin.py:188} INFO - [2026-03-11T04:35:55.288+0000] {dagbag.py:545} INFO - Filling up the DagBag from /home/cloud/codings/airflow/dags/list_s3_files_in_logs.py
[2026-03-11T04:35:55.346+0000] {processor.py:840} INFO - DAG(s) 'list_s3_files_in_logs' retrieved from /home/cloud/codings/airflow/dags/list_s3_files_in_logs.py
[2026-03-11T04:35:55.442+0000] {logging_mixin.py:188} INFO - [2026-03-11T04:35:55.441+0000] {dag.py:3089} INFO - Sync 1 DAGs
[2026-03-11T04:35:55.471+0000] {logging_mixin.py:188} INFO - [2026-03-11T04:35:55.471+0000] {dag.py:3947} INFO - Setting next_dagrun for list_s3_files_in_logs to None, run_after=None
[2026-03-11T04:35:55.544+0000] {processor.py:183} INFO - Processing /home/cloud/codings/airflow/dags/list_s3_files_in_logs.py took 0.313 seconds
[2026-03-11T04:36:26.029+0000] {processor.py:161} INFO - Started process (PID=528795) to work on /home/cloud/codings/airflow/dags/list_s3_files_in_logs.py
[2026-03-11T04:36:26.059+0000] {processor.py:830} INFO - Processing file /home/cloud/codings/airflow/dags/list_s3_files_in_logs.py for tasks to queue
[2026-03-11T04:36:26.061+0000] {logging_mixin.py:188} INFO - [2026-03-11T04:36:26.060+0000] {dagbag.py:545} INFO - Filling up the DagBag from /home/cloud/codings/airflow/dags/list_s3_files_in_logs.py
[2026-03-11T04:36:26.085+0000] {processor.py:840} INFO - DAG(s) 'list_s3_files_in_logs' retrieved from /home/cloud/codings/airflow/dags/list_s3_files_in_logs.py
[2026-03-11T04:36:26.122+0000] {logging_mixin.py:188} INFO - [2026-03-11T04:36:26.122+0000] {dag.py:3089} INFO - Sync 1 DAGs
[2026-03-11T04:36:26.175+0000] {logging_mixin.py:188} INFO - [2026-03-11T04:36:26.174+0000] {dag.py:3947} INFO - Setting next_dagrun for list_s3_files_in_logs to None, run_after=None
[2026-03-11T04:36:26.276+0000] {processor.py:183} INFO - Processing /home/cloud/codings/airflow/dags/list_s3_files_in_logs.py took 0.260 seconds
[2026-03-11T04:36:57.181+0000] {processor.py:161} INFO - Started process (PID=528876) to work on /home/cloud/codings/airflow/dags/list_s3_files_in_logs.py
[2026-03-11T04:36:57.208+0000] {processor.py:830} INFO - Processing file /home/cloud/codings/airflow/dags/list_s3_files_in_logs.py for tasks to queue
[2026-03-11T04:36:57.211+0000] {logging_mixin.py:188} INFO - [2026-03-11T04:36:57.210+0000] {dagbag.py:545} INFO - Filling up the DagBag from /home/cloud/codings/airflow/dags/list_s3_files_in_logs.py
[2026-03-11T04:36:57.245+0000] {processor.py:840} INFO - DAG(s) 'list_s3_files_in_logs' retrieved from /home/cloud/codings/airflow/dags/list_s3_files_in_logs.py
[2026-03-11T04:36:57.306+0000] {logging_mixin.py:188} INFO - [2026-03-11T04:36:57.306+0000] {dag.py:3089} INFO - Sync 1 DAGs
[2026-03-11T04:36:57.337+0000] {logging_mixin.py:188} INFO - [2026-03-11T04:36:57.336+0000] {dag.py:3947} INFO - Setting next_dagrun for list_s3_files_in_logs to None, run_after=None
[2026-03-11T04:36:57.411+0000] {processor.py:183} INFO - Processing /home/cloud/codings/airflow/dags/list_s3_files_in_logs.py took 0.258 seconds
[2026-03-11T04:37:28.334+0000] {processor.py:161} INFO - Started process (PID=528901) to work on /home/cloud/codings/airflow/dags/list_s3_files_in_logs.py
[2026-03-11T04:37:28.365+0000] {processor.py:830} INFO - Processing file /home/cloud/codings/airflow/dags/list_s3_files_in_logs.py for tasks to queue
[2026-03-11T04:37:28.368+0000] {logging_mixin.py:188} INFO - [2026-03-11T04:37:28.367+0000] {dagbag.py:545} INFO - Filling up the DagBag from /home/cloud/codings/airflow/dags/list_s3_files_in_logs.py
[2026-03-11T04:37:28.426+0000] {processor.py:840} INFO - DAG(s) 'list_s3_files_in_logs' retrieved from /home/cloud/codings/airflow/dags/list_s3_files_in_logs.py
[2026-03-11T04:37:28.541+0000] {logging_mixin.py:188} INFO - [2026-03-11T04:37:28.540+0000] {dag.py:3089} INFO - Sync 1 DAGs
[2026-03-11T04:37:28.620+0000] {logging_mixin.py:188} INFO - [2026-03-11T04:37:28.619+0000] {dag.py:3947} INFO - Setting next_dagrun for list_s3_files_in_logs to None, run_after=None
[2026-03-11T04:37:28.729+0000] {processor.py:183} INFO - Processing /home/cloud/codings/airflow/dags/list_s3_files_in_logs.py took 0.412 seconds
[2026-03-11T04:37:59.530+0000] {processor.py:161} INFO - Started process (PID=528986) to work on /home/cloud/codings/airflow/dags/list_s3_files_in_logs.py
[2026-03-11T04:37:59.561+0000] {processor.py:830} INFO - Processing file /home/cloud/codings/airflow/dags/list_s3_files_in_logs.py for tasks to queue
[2026-03-11T04:37:59.566+0000] {logging_mixin.py:188} INFO - [2026-03-11T04:37:59.564+0000] {dagbag.py:545} INFO - Filling up the DagBag from /home/cloud/codings/airflow/dags/list_s3_files_in_logs.py
[2026-03-11T04:37:59.642+0000] {processor.py:840} INFO - DAG(s) 'list_s3_files_in_logs' retrieved from /home/cloud/codings/airflow/dags/list_s3_files_in_logs.py
[2026-03-11T04:37:59.707+0000] {logging_mixin.py:188} INFO - [2026-03-11T04:37:59.706+0000] {dag.py:3089} INFO - Sync 1 DAGs
[2026-03-11T04:37:59.721+0000] {logging_mixin.py:188} INFO - [2026-03-11T04:37:59.721+0000] {dag.py:3947} INFO - Setting next_dagrun for list_s3_files_in_logs to None, run_after=None
[2026-03-11T04:37:59.783+0000] {processor.py:183} INFO - Processing /home/cloud/codings/airflow/dags/list_s3_files_in_logs.py took 0.265 seconds
[2026-03-11T04:38:30.228+0000] {processor.py:161} INFO - Started process (PID=529015) to work on /home/cloud/codings/airflow/dags/list_s3_files_in_logs.py
[2026-03-11T04:38:30.232+0000] {processor.py:830} INFO - Processing file /home/cloud/codings/airflow/dags/list_s3_files_in_logs.py for tasks to queue
[2026-03-11T04:38:30.235+0000] {logging_mixin.py:188} INFO - [2026-03-11T04:38:30.234+0000] {dagbag.py:545} INFO - Filling up the DagBag from /home/cloud/codings/airflow/dags/list_s3_files_in_logs.py
[2026-03-11T04:38:30.251+0000] {processor.py:840} INFO - DAG(s) 'list_s3_files_in_logs' retrieved from /home/cloud/codings/airflow/dags/list_s3_files_in_logs.py
[2026-03-11T04:38:30.278+0000] {logging_mixin.py:188} INFO - [2026-03-11T04:38:30.278+0000] {dag.py:3089} INFO - Sync 1 DAGs
[2026-03-11T04:38:30.299+0000] {logging_mixin.py:188} INFO - [2026-03-11T04:38:30.299+0000] {dag.py:3947} INFO - Setting next_dagrun for list_s3_files_in_logs to None, run_after=None
[2026-03-11T04:38:30.326+0000] {processor.py:183} INFO - Processing /home/cloud/codings/airflow/dags/list_s3_files_in_logs.py took 0.109 seconds
[2026-03-11T04:39:00.979+0000] {processor.py:161} INFO - Started process (PID=529102) to work on /home/cloud/codings/airflow/dags/list_s3_files_in_logs.py
[2026-03-11T04:39:00.980+0000] {processor.py:830} INFO - Processing file /home/cloud/codings/airflow/dags/list_s3_files_in_logs.py for tasks to queue
[2026-03-11T04:39:00.981+0000] {logging_mixin.py:188} INFO - [2026-03-11T04:39:00.981+0000] {dagbag.py:545} INFO - Filling up the DagBag from /home/cloud/codings/airflow/dags/list_s3_files_in_logs.py
[2026-03-11T04:39:01.002+0000] {processor.py:840} INFO - DAG(s) 'list_s3_files_in_logs' retrieved from /home/cloud/codings/airflow/dags/list_s3_files_in_logs.py
[2026-03-11T04:39:01.043+0000] {logging_mixin.py:188} INFO - [2026-03-11T04:39:01.042+0000] {dag.py:3089} INFO - Sync 1 DAGs
[2026-03-11T04:39:01.071+0000] {logging_mixin.py:188} INFO - [2026-03-11T04:39:01.071+0000] {dag.py:3947} INFO - Setting next_dagrun for list_s3_files_in_logs to None, run_after=None
[2026-03-11T04:39:01.122+0000] {processor.py:183} INFO - Processing /home/cloud/codings/airflow/dags/list_s3_files_in_logs.py took 0.155 seconds
[2026-03-11T04:39:31.794+0000] {processor.py:161} INFO - Started process (PID=529127) to work on /home/cloud/codings/airflow/dags/list_s3_files_in_logs.py
[2026-03-11T04:39:31.832+0000] {processor.py:830} INFO - Processing file /home/cloud/codings/airflow/dags/list_s3_files_in_logs.py for tasks to queue
[2026-03-11T04:39:31.833+0000] {logging_mixin.py:188} INFO - [2026-03-11T04:39:31.833+0000] {dagbag.py:545} INFO - Filling up the DagBag from /home/cloud/codings/airflow/dags/list_s3_files_in_logs.py
[2026-03-11T04:39:31.848+0000] {processor.py:840} INFO - DAG(s) 'list_s3_files_in_logs' retrieved from /home/cloud/codings/airflow/dags/list_s3_files_in_logs.py
[2026-03-11T04:39:31.870+0000] {logging_mixin.py:188} INFO - [2026-03-11T04:39:31.870+0000] {dag.py:3089} INFO - Sync 1 DAGs
[2026-03-11T04:39:31.885+0000] {logging_mixin.py:188} INFO - [2026-03-11T04:39:31.885+0000] {dag.py:3947} INFO - Setting next_dagrun for list_s3_files_in_logs to None, run_after=None
[2026-03-11T04:39:31.918+0000] {processor.py:183} INFO - Processing /home/cloud/codings/airflow/dags/list_s3_files_in_logs.py took 0.133 seconds
[2026-03-11T04:40:02.349+0000] {processor.py:161} INFO - Started process (PID=529212) to work on /home/cloud/codings/airflow/dags/list_s3_files_in_logs.py
[2026-03-11T04:40:02.350+0000] {processor.py:830} INFO - Processing file /home/cloud/codings/airflow/dags/list_s3_files_in_logs.py for tasks to queue
[2026-03-11T04:40:02.352+0000] {logging_mixin.py:188} INFO - [2026-03-11T04:40:02.351+0000] {dagbag.py:545} INFO - Filling up the DagBag from /home/cloud/codings/airflow/dags/list_s3_files_in_logs.py
[2026-03-11T04:40:02.372+0000] {processor.py:840} INFO - DAG(s) 'list_s3_files_in_logs' retrieved from /home/cloud/codings/airflow/dags/list_s3_files_in_logs.py
[2026-03-11T04:40:02.401+0000] {logging_mixin.py:188} INFO - [2026-03-11T04:40:02.401+0000] {dag.py:3089} INFO - Sync 1 DAGs
[2026-03-11T04:40:02.421+0000] {logging_mixin.py:188} INFO - [2026-03-11T04:40:02.420+0000] {dag.py:3947} INFO - Setting next_dagrun for list_s3_files_in_logs to None, run_after=None
[2026-03-11T04:40:02.458+0000] {processor.py:183} INFO - Processing /home/cloud/codings/airflow/dags/list_s3_files_in_logs.py took 0.118 seconds
[2026-03-11T04:40:33.617+0000] {processor.py:161} INFO - Started process (PID=529293) to work on /home/cloud/codings/airflow/dags/list_s3_files_in_logs.py
[2026-03-11T04:40:33.621+0000] {processor.py:830} INFO - Processing file /home/cloud/codings/airflow/dags/list_s3_files_in_logs.py for tasks to queue
[2026-03-11T04:40:33.624+0000] {logging_mixin.py:188} INFO - [2026-03-11T04:40:33.623+0000] {dagbag.py:545} INFO - Filling up the DagBag from /home/cloud/codings/airflow/dags/list_s3_files_in_logs.py
[2026-03-11T04:40:33.658+0000] {processor.py:840} INFO - DAG(s) 'list_s3_files_in_logs' retrieved from /home/cloud/codings/airflow/dags/list_s3_files_in_logs.py
[2026-03-11T04:40:33.721+0000] {logging_mixin.py:188} INFO - [2026-03-11T04:40:33.720+0000] {dag.py:3089} INFO - Sync 1 DAGs
[2026-03-11T04:40:33.761+0000] {logging_mixin.py:188} INFO - [2026-03-11T04:40:33.760+0000] {dag.py:3947} INFO - Setting next_dagrun for list_s3_files_in_logs to None, run_after=None
[2026-03-11T04:40:33.839+0000] {processor.py:183} INFO - Processing /home/cloud/codings/airflow/dags/list_s3_files_in_logs.py took 0.240 seconds
[2026-03-11T04:41:04.200+0000] {processor.py:161} INFO - Started process (PID=529378) to work on /home/cloud/codings/airflow/dags/list_s3_files_in_logs.py
[2026-03-11T04:41:04.203+0000] {processor.py:830} INFO - Processing file /home/cloud/codings/airflow/dags/list_s3_files_in_logs.py for tasks to queue
[2026-03-11T04:41:04.205+0000] {logging_mixin.py:188} INFO - [2026-03-11T04:41:04.204+0000] {dagbag.py:545} INFO - Filling up the DagBag from /home/cloud/codings/airflow/dags/list_s3_files_in_logs.py
[2026-03-11T04:41:04.226+0000] {processor.py:840} INFO - DAG(s) 'list_s3_files_in_logs' retrieved from /home/cloud/codings/airflow/dags/list_s3_files_in_logs.py
[2026-03-11T04:41:04.267+0000] {logging_mixin.py:188} INFO - [2026-03-11T04:41:04.266+0000] {dag.py:3089} INFO - Sync 1 DAGs
[2026-03-11T04:41:04.291+0000] {logging_mixin.py:188} INFO - [2026-03-11T04:41:04.291+0000] {dag.py:3947} INFO - Setting next_dagrun for list_s3_files_in_logs to None, run_after=None
[2026-03-11T04:41:04.358+0000] {processor.py:183} INFO - Processing /home/cloud/codings/airflow/dags/list_s3_files_in_logs.py took 0.170 seconds
[2026-03-11T04:41:35.063+0000] {processor.py:161} INFO - Started process (PID=529401) to work on /home/cloud/codings/airflow/dags/list_s3_files_in_logs.py
[2026-03-11T04:41:35.089+0000] {processor.py:830} INFO - Processing file /home/cloud/codings/airflow/dags/list_s3_files_in_logs.py for tasks to queue
[2026-03-11T04:41:35.091+0000] {logging_mixin.py:188} INFO - [2026-03-11T04:41:35.090+0000] {dagbag.py:545} INFO - Filling up the DagBag from /home/cloud/codings/airflow/dags/list_s3_files_in_logs.py
[2026-03-11T04:41:35.112+0000] {processor.py:840} INFO - DAG(s) 'list_s3_files_in_logs' retrieved from /home/cloud/codings/airflow/dags/list_s3_files_in_logs.py
[2026-03-11T04:41:35.153+0000] {logging_mixin.py:188} INFO - [2026-03-11T04:41:35.152+0000] {dag.py:3089} INFO - Sync 1 DAGs
[2026-03-11T04:41:35.178+0000] {logging_mixin.py:188} INFO - [2026-03-11T04:41:35.178+0000] {dag.py:3947} INFO - Setting next_dagrun for list_s3_files_in_logs to None, run_after=None
[2026-03-11T04:41:35.227+0000] {processor.py:183} INFO - Processing /home/cloud/codings/airflow/dags/list_s3_files_in_logs.py took 0.183 seconds
[2026-03-11T04:42:06.068+0000] {processor.py:161} INFO - Started process (PID=529488) to work on /home/cloud/codings/airflow/dags/list_s3_files_in_logs.py
[2026-03-11T04:42:06.096+0000] {processor.py:830} INFO - Processing file /home/cloud/codings/airflow/dags/list_s3_files_in_logs.py for tasks to queue
[2026-03-11T04:42:06.097+0000] {logging_mixin.py:188} INFO - [2026-03-11T04:42:06.097+0000] {dagbag.py:545} INFO - Filling up the DagBag from /home/cloud/codings/airflow/dags/list_s3_files_in_logs.py
[2026-03-11T04:42:06.119+0000] {processor.py:840} INFO - DAG(s) 'list_s3_files_in_logs' retrieved from /home/cloud/codings/airflow/dags/list_s3_files_in_logs.py
[2026-03-11T04:42:06.189+0000] {logging_mixin.py:188} INFO - [2026-03-11T04:42:06.187+0000] {dag.py:3089} INFO - Sync 1 DAGs
[2026-03-11T04:42:06.257+0000] {logging_mixin.py:188} INFO - [2026-03-11T04:42:06.256+0000] {dag.py:3947} INFO - Setting next_dagrun for list_s3_files_in_logs to None, run_after=None
[2026-03-11T04:42:06.402+0000] {processor.py:183} INFO - Processing /home/cloud/codings/airflow/dags/list_s3_files_in_logs.py took 0.345 seconds
[2026-03-11T04:42:36.667+0000] {processor.py:161} INFO - Started process (PID=529509) to work on /home/cloud/codings/airflow/dags/list_s3_files_in_logs.py
[2026-03-11T04:42:36.695+0000] {processor.py:830} INFO - Processing file /home/cloud/codings/airflow/dags/list_s3_files_in_logs.py for tasks to queue
[2026-03-11T04:42:36.699+0000] {logging_mixin.py:188} INFO - [2026-03-11T04:42:36.698+0000] {dagbag.py:545} INFO - Filling up the DagBag from /home/cloud/codings/airflow/dags/list_s3_files_in_logs.py
[2026-03-11T04:42:36.739+0000] {processor.py:840} INFO - DAG(s) 'list_s3_files_in_logs' retrieved from /home/cloud/codings/airflow/dags/list_s3_files_in_logs.py
[2026-03-11T04:42:36.772+0000] {logging_mixin.py:188} INFO - [2026-03-11T04:42:36.772+0000] {dag.py:3089} INFO - Sync 1 DAGs
[2026-03-11T04:42:36.788+0000] {logging_mixin.py:188} INFO - [2026-03-11T04:42:36.787+0000] {dag.py:3947} INFO - Setting next_dagrun for list_s3_files_in_logs to None, run_after=None
[2026-03-11T04:42:36.833+0000] {processor.py:183} INFO - Processing /home/cloud/codings/airflow/dags/list_s3_files_in_logs.py took 0.192 seconds
[2026-03-11T04:43:07.176+0000] {processor.py:161} INFO - Started process (PID=529596) to work on /home/cloud/codings/airflow/dags/list_s3_files_in_logs.py
[2026-03-11T04:43:07.202+0000] {processor.py:830} INFO - Processing file /home/cloud/codings/airflow/dags/list_s3_files_in_logs.py for tasks to queue
[2026-03-11T04:43:07.204+0000] {logging_mixin.py:188} INFO - [2026-03-11T04:43:07.203+0000] {dagbag.py:545} INFO - Filling up the DagBag from /home/cloud/codings/airflow/dags/list_s3_files_in_logs.py
[2026-03-11T04:43:07.228+0000] {processor.py:840} INFO - DAG(s) 'list_s3_files_in_logs' retrieved from /home/cloud/codings/airflow/dags/list_s3_files_in_logs.py
[2026-03-11T04:43:07.257+0000] {logging_mixin.py:188} INFO - [2026-03-11T04:43:07.257+0000] {dag.py:3089} INFO - Sync 1 DAGs
[2026-03-11T04:43:07.273+0000] {logging_mixin.py:188} INFO - [2026-03-11T04:43:07.273+0000] {dag.py:3947} INFO - Setting next_dagrun for list_s3_files_in_logs to None, run_after=None
[2026-03-11T04:43:07.303+0000] {processor.py:183} INFO - Processing /home/cloud/codings/airflow/dags/list_s3_files_in_logs.py took 0.141 seconds
[2026-03-11T04:43:37.721+0000] {processor.py:161} INFO - Started process (PID=529620) to work on /home/cloud/codings/airflow/dags/list_s3_files_in_logs.py
[2026-03-11T04:43:37.724+0000] {processor.py:830} INFO - Processing file /home/cloud/codings/airflow/dags/list_s3_files_in_logs.py for tasks to queue
[2026-03-11T04:43:37.728+0000] {logging_mixin.py:188} INFO - [2026-03-11T04:43:37.726+0000] {dagbag.py:545} INFO - Filling up the DagBag from /home/cloud/codings/airflow/dags/list_s3_files_in_logs.py
[2026-03-11T04:43:37.760+0000] {processor.py:840} INFO - DAG(s) 'list_s3_files_in_logs' retrieved from /home/cloud/codings/airflow/dags/list_s3_files_in_logs.py
[2026-03-11T04:43:37.798+0000] {logging_mixin.py:188} INFO - [2026-03-11T04:43:37.798+0000] {dag.py:3089} INFO - Sync 1 DAGs
[2026-03-11T04:43:37.817+0000] {logging_mixin.py:188} INFO - [2026-03-11T04:43:37.816+0000] {dag.py:3947} INFO - Setting next_dagrun for list_s3_files_in_logs to None, run_after=None
[2026-03-11T04:43:37.868+0000] {processor.py:183} INFO - Processing /home/cloud/codings/airflow/dags/list_s3_files_in_logs.py took 0.169 seconds
[2026-03-11T04:44:08.153+0000] {processor.py:161} INFO - Started process (PID=529707) to work on /home/cloud/codings/airflow/dags/list_s3_files_in_logs.py
[2026-03-11T04:44:08.174+0000] {processor.py:830} INFO - Processing file /home/cloud/codings/airflow/dags/list_s3_files_in_logs.py for tasks to queue
[2026-03-11T04:44:08.176+0000] {logging_mixin.py:188} INFO - [2026-03-11T04:44:08.175+0000] {dagbag.py:545} INFO - Filling up the DagBag from /home/cloud/codings/airflow/dags/list_s3_files_in_logs.py
[2026-03-11T04:44:08.210+0000] {processor.py:840} INFO - DAG(s) 'list_s3_files_in_logs' retrieved from /home/cloud/codings/airflow/dags/list_s3_files_in_logs.py
[2026-03-11T04:44:08.256+0000] {logging_mixin.py:188} INFO - [2026-03-11T04:44:08.255+0000] {dag.py:3089} INFO - Sync 1 DAGs
[2026-03-11T04:44:08.283+0000] {logging_mixin.py:188} INFO - [2026-03-11T04:44:08.283+0000] {dag.py:3947} INFO - Setting next_dagrun for list_s3_files_in_logs to None, run_after=None
[2026-03-11T04:44:08.350+0000] {processor.py:183} INFO - Processing /home/cloud/codings/airflow/dags/list_s3_files_in_logs.py took 0.224 seconds
[2026-03-11T04:44:38.739+0000] {processor.py:161} INFO - Started process (PID=529734) to work on /home/cloud/codings/airflow/dags/list_s3_files_in_logs.py
[2026-03-11T04:44:38.757+0000] {processor.py:830} INFO - Processing file /home/cloud/codings/airflow/dags/list_s3_files_in_logs.py for tasks to queue
[2026-03-11T04:44:38.759+0000] {logging_mixin.py:188} INFO - [2026-03-11T04:44:38.758+0000] {dagbag.py:545} INFO - Filling up the DagBag from /home/cloud/codings/airflow/dags/list_s3_files_in_logs.py
[2026-03-11T04:44:38.777+0000] {processor.py:840} INFO - DAG(s) 'list_s3_files_in_logs' retrieved from /home/cloud/codings/airflow/dags/list_s3_files_in_logs.py
[2026-03-11T04:44:38.804+0000] {logging_mixin.py:188} INFO - [2026-03-11T04:44:38.804+0000] {dag.py:3089} INFO - Sync 1 DAGs
[2026-03-11T04:44:38.822+0000] {logging_mixin.py:188} INFO - [2026-03-11T04:44:38.822+0000] {dag.py:3947} INFO - Setting next_dagrun for list_s3_files_in_logs to None, run_after=None
[2026-03-11T04:44:38.852+0000] {processor.py:183} INFO - Processing /home/cloud/codings/airflow/dags/list_s3_files_in_logs.py took 0.123 seconds
[2026-03-11T04:45:09.133+0000] {processor.py:161} INFO - Started process (PID=529875) to work on /home/cloud/codings/airflow/dags/list_s3_files_in_logs.py
[2026-03-11T04:45:09.152+0000] {processor.py:830} INFO - Processing file /home/cloud/codings/airflow/dags/list_s3_files_in_logs.py for tasks to queue
[2026-03-11T04:45:09.154+0000] {logging_mixin.py:188} INFO - [2026-03-11T04:45:09.153+0000] {dagbag.py:545} INFO - Filling up the DagBag from /home/cloud/codings/airflow/dags/list_s3_files_in_logs.py
[2026-03-11T04:45:09.170+0000] {processor.py:840} INFO - DAG(s) 'list_s3_files_in_logs' retrieved from /home/cloud/codings/airflow/dags/list_s3_files_in_logs.py
[2026-03-11T04:45:09.198+0000] {logging_mixin.py:188} INFO - [2026-03-11T04:45:09.198+0000] {dag.py:3089} INFO - Sync 1 DAGs
[2026-03-11T04:45:09.211+0000] {logging_mixin.py:188} INFO - [2026-03-11T04:45:09.211+0000] {dag.py:3947} INFO - Setting next_dagrun for list_s3_files_in_logs to None, run_after=None
[2026-03-11T04:45:09.242+0000] {processor.py:183} INFO - Processing /home/cloud/codings/airflow/dags/list_s3_files_in_logs.py took 0.116 seconds
[2026-03-11T04:45:39.708+0000] {processor.py:161} INFO - Started process (PID=529898) to work on /home/cloud/codings/airflow/dags/list_s3_files_in_logs.py
[2026-03-11T04:45:39.715+0000] {processor.py:830} INFO - Processing file /home/cloud/codings/airflow/dags/list_s3_files_in_logs.py for tasks to queue
[2026-03-11T04:45:39.717+0000] {logging_mixin.py:188} INFO - [2026-03-11T04:45:39.716+0000] {dagbag.py:545} INFO - Filling up the DagBag from /home/cloud/codings/airflow/dags/list_s3_files_in_logs.py
[2026-03-11T04:45:39.740+0000] {processor.py:840} INFO - DAG(s) 'list_s3_files_in_logs' retrieved from /home/cloud/codings/airflow/dags/list_s3_files_in_logs.py
[2026-03-11T04:45:39.786+0000] {logging_mixin.py:188} INFO - [2026-03-11T04:45:39.786+0000] {dag.py:3089} INFO - Sync 1 DAGs
[2026-03-11T04:45:39.807+0000] {logging_mixin.py:188} INFO - [2026-03-11T04:45:39.807+0000] {dag.py:3947} INFO - Setting next_dagrun for list_s3_files_in_logs to None, run_after=None
[2026-03-11T04:45:39.842+0000] {processor.py:183} INFO - Processing /home/cloud/codings/airflow/dags/list_s3_files_in_logs.py took 0.147 seconds
[2026-03-11T04:46:10.247+0000] {processor.py:161} INFO - Started process (PID=529983) to work on /home/cloud/codings/airflow/dags/list_s3_files_in_logs.py
[2026-03-11T04:46:10.273+0000] {processor.py:830} INFO - Processing file /home/cloud/codings/airflow/dags/list_s3_files_in_logs.py for tasks to queue
[2026-03-11T04:46:10.274+0000] {logging_mixin.py:188} INFO - [2026-03-11T04:46:10.274+0000] {dagbag.py:545} INFO - Filling up the DagBag from /home/cloud/codings/airflow/dags/list_s3_files_in_logs.py
[2026-03-11T04:46:10.293+0000] {processor.py:840} INFO - DAG(s) 'list_s3_files_in_logs' retrieved from /home/cloud/codings/airflow/dags/list_s3_files_in_logs.py
[2026-03-11T04:46:10.318+0000] {logging_mixin.py:188} INFO - [2026-03-11T04:46:10.318+0000] {dag.py:3089} INFO - Sync 1 DAGs
[2026-03-11T04:46:10.333+0000] {logging_mixin.py:188} INFO - [2026-03-11T04:46:10.333+0000] {dag.py:3947} INFO - Setting next_dagrun for list_s3_files_in_logs to None, run_after=None
[2026-03-11T04:46:10.371+0000] {processor.py:183} INFO - Processing /home/cloud/codings/airflow/dags/list_s3_files_in_logs.py took 0.132 seconds
[2026-03-11T04:46:40.869+0000] {processor.py:161} INFO - Started process (PID=530010) to work on /home/cloud/codings/airflow/dags/list_s3_files_in_logs.py
[2026-03-11T04:46:40.896+0000] {processor.py:830} INFO - Processing file /home/cloud/codings/airflow/dags/list_s3_files_in_logs.py for tasks to queue
[2026-03-11T04:46:40.898+0000] {logging_mixin.py:188} INFO - [2026-03-11T04:46:40.897+0000] {dagbag.py:545} INFO - Filling up the DagBag from /home/cloud/codings/airflow/dags/list_s3_files_in_logs.py
[2026-03-11T04:46:40.931+0000] {processor.py:840} INFO - DAG(s) 'list_s3_files_in_logs' retrieved from /home/cloud/codings/airflow/dags/list_s3_files_in_logs.py
[2026-03-11T04:46:40.982+0000] {logging_mixin.py:188} INFO - [2026-03-11T04:46:40.981+0000] {dag.py:3089} INFO - Sync 1 DAGs
[2026-03-11T04:46:41.006+0000] {logging_mixin.py:188} INFO - [2026-03-11T04:46:41.005+0000] {dag.py:3947} INFO - Setting next_dagrun for list_s3_files_in_logs to None, run_after=None
[2026-03-11T04:46:41.071+0000] {processor.py:183} INFO - Processing /home/cloud/codings/airflow/dags/list_s3_files_in_logs.py took 0.218 seconds
[2026-03-11T04:47:11.517+0000] {processor.py:161} INFO - Started process (PID=530095) to work on /home/cloud/codings/airflow/dags/list_s3_files_in_logs.py
[2026-03-11T04:47:11.520+0000] {processor.py:830} INFO - Processing file /home/cloud/codings/airflow/dags/list_s3_files_in_logs.py for tasks to queue
[2026-03-11T04:47:11.522+0000] {logging_mixin.py:188} INFO - [2026-03-11T04:47:11.521+0000] {dagbag.py:545} INFO - Filling up the DagBag from /home/cloud/codings/airflow/dags/list_s3_files_in_logs.py
[2026-03-11T04:47:11.546+0000] {processor.py:840} INFO - DAG(s) 'list_s3_files_in_logs' retrieved from /home/cloud/codings/airflow/dags/list_s3_files_in_logs.py
[2026-03-11T04:47:11.572+0000] {logging_mixin.py:188} INFO - [2026-03-11T04:47:11.572+0000] {dag.py:3089} INFO - Sync 1 DAGs
[2026-03-11T04:47:11.588+0000] {logging_mixin.py:188} INFO - [2026-03-11T04:47:11.587+0000] {dag.py:3947} INFO - Setting next_dagrun for list_s3_files_in_logs to None, run_after=None
[2026-03-11T04:47:11.617+0000] {processor.py:183} INFO - Processing /home/cloud/codings/airflow/dags/list_s3_files_in_logs.py took 0.116 seconds
[2026-03-11T04:47:43.068+0000] {processor.py:161} INFO - Started process (PID=530122) to work on /home/cloud/codings/airflow/dags/list_s3_files_in_logs.py
[2026-03-11T04:47:43.071+0000] {processor.py:830} INFO - Processing file /home/cloud/codings/airflow/dags/list_s3_files_in_logs.py for tasks to queue
[2026-03-11T04:47:43.072+0000] {logging_mixin.py:188} INFO - [2026-03-11T04:47:43.071+0000] {dagbag.py:545} INFO - Filling up the DagBag from /home/cloud/codings/airflow/dags/list_s3_files_in_logs.py
[2026-03-11T04:47:43.083+0000] {processor.py:840} INFO - DAG(s) 'list_s3_files_in_logs' retrieved from /home/cloud/codings/airflow/dags/list_s3_files_in_logs.py
[2026-03-11T04:47:43.103+0000] {logging_mixin.py:188} INFO - [2026-03-11T04:47:43.103+0000] {dag.py:3089} INFO - Sync 1 DAGs
[2026-03-11T04:47:43.117+0000] {logging_mixin.py:188} INFO - [2026-03-11T04:47:43.117+0000] {dag.py:3947} INFO - Setting next_dagrun for list_s3_files_in_logs to None, run_after=None
[2026-03-11T04:47:43.177+0000] {processor.py:183} INFO - Processing /home/cloud/codings/airflow/dags/list_s3_files_in_logs.py took 0.119 seconds
[2026-03-11T04:48:13.515+0000] {processor.py:161} INFO - Started process (PID=530199) to work on /home/cloud/codings/airflow/dags/list_s3_files_in_logs.py
[2026-03-11T04:48:13.518+0000] {processor.py:830} INFO - Processing file /home/cloud/codings/airflow/dags/list_s3_files_in_logs.py for tasks to queue
[2026-03-11T04:48:13.520+0000] {logging_mixin.py:188} INFO - [2026-03-11T04:48:13.519+0000] {dagbag.py:545} INFO - Filling up the DagBag from /home/cloud/codings/airflow/dags/list_s3_files_in_logs.py
[2026-03-11T04:48:13.539+0000] {processor.py:840} INFO - DAG(s) 'list_s3_files_in_logs' retrieved from /home/cloud/codings/airflow/dags/list_s3_files_in_logs.py
[2026-03-11T04:48:13.564+0000] {logging_mixin.py:188} INFO - [2026-03-11T04:48:13.563+0000] {dag.py:3089} INFO - Sync 1 DAGs
[2026-03-11T04:48:13.578+0000] {logging_mixin.py:188} INFO - [2026-03-11T04:48:13.578+0000] {dag.py:3947} INFO - Setting next_dagrun for list_s3_files_in_logs to None, run_after=None
[2026-03-11T04:48:13.607+0000] {processor.py:183} INFO - Processing /home/cloud/codings/airflow/dags/list_s3_files_in_logs.py took 0.104 seconds
[2026-03-11T04:48:43.924+0000] {processor.py:161} INFO - Started process (PID=530228) to work on /home/cloud/codings/airflow/dags/list_s3_files_in_logs.py
[2026-03-11T04:48:43.927+0000] {processor.py:830} INFO - Processing file /home/cloud/codings/airflow/dags/list_s3_files_in_logs.py for tasks to queue
[2026-03-11T04:48:43.931+0000] {logging_mixin.py:188} INFO - [2026-03-11T04:48:43.929+0000] {dagbag.py:545} INFO - Filling up the DagBag from /home/cloud/codings/airflow/dags/list_s3_files_in_logs.py
[2026-03-11T04:48:43.961+0000] {processor.py:840} INFO - DAG(s) 'list_s3_files_in_logs' retrieved from /home/cloud/codings/airflow/dags/list_s3_files_in_logs.py
[2026-03-11T04:48:44.000+0000] {logging_mixin.py:188} INFO - [2026-03-11T04:48:44.000+0000] {dag.py:3089} INFO - Sync 1 DAGs
[2026-03-11T04:48:44.024+0000] {logging_mixin.py:188} INFO - [2026-03-11T04:48:44.023+0000] {dag.py:3947} INFO - Setting next_dagrun for list_s3_files_in_logs to None, run_after=None
[2026-03-11T04:48:44.086+0000] {processor.py:183} INFO - Processing /home/cloud/codings/airflow/dags/list_s3_files_in_logs.py took 0.185 seconds
[2026-03-11T04:49:14.271+0000] {processor.py:161} INFO - Started process (PID=530313) to work on /home/cloud/codings/airflow/dags/list_s3_files_in_logs.py
[2026-03-11T04:49:14.289+0000] {processor.py:830} INFO - Processing file /home/cloud/codings/airflow/dags/list_s3_files_in_logs.py for tasks to queue
[2026-03-11T04:49:14.291+0000] {logging_mixin.py:188} INFO - [2026-03-11T04:49:14.290+0000] {dagbag.py:545} INFO - Filling up the DagBag from /home/cloud/codings/airflow/dags/list_s3_files_in_logs.py
[2026-03-11T04:49:14.307+0000] {processor.py:840} INFO - DAG(s) 'list_s3_files_in_logs' retrieved from /home/cloud/codings/airflow/dags/list_s3_files_in_logs.py
[2026-03-11T04:49:14.337+0000] {logging_mixin.py:188} INFO - [2026-03-11T04:49:14.336+0000] {dag.py:3089} INFO - Sync 1 DAGs
[2026-03-11T04:49:14.355+0000] {logging_mixin.py:188} INFO - [2026-03-11T04:49:14.355+0000] {dag.py:3947} INFO - Setting next_dagrun for list_s3_files_in_logs to None, run_after=None
[2026-03-11T04:49:14.387+0000] {processor.py:183} INFO - Processing /home/cloud/codings/airflow/dags/list_s3_files_in_logs.py took 0.125 seconds
[2026-03-11T04:49:44.919+0000] {processor.py:161} INFO - Started process (PID=530338) to work on /home/cloud/codings/airflow/dags/list_s3_files_in_logs.py
[2026-03-11T04:49:44.949+0000] {processor.py:830} INFO - Processing file /home/cloud/codings/airflow/dags/list_s3_files_in_logs.py for tasks to queue
[2026-03-11T04:49:44.951+0000] {logging_mixin.py:188} INFO - [2026-03-11T04:49:44.950+0000] {dagbag.py:545} INFO - Filling up the DagBag from /home/cloud/codings/airflow/dags/list_s3_files_in_logs.py
[2026-03-11T04:49:44.970+0000] {processor.py:840} INFO - DAG(s) 'list_s3_files_in_logs' retrieved from /home/cloud/codings/airflow/dags/list_s3_files_in_logs.py
[2026-03-11T04:49:44.989+0000] {logging_mixin.py:188} INFO - [2026-03-11T04:49:44.989+0000] {dag.py:3089} INFO - Sync 1 DAGs
[2026-03-11T04:49:45.002+0000] {logging_mixin.py:188} INFO - [2026-03-11T04:49:45.001+0000] {dag.py:3947} INFO - Setting next_dagrun for list_s3_files_in_logs to None, run_after=None
[2026-03-11T04:49:45.046+0000] {processor.py:183} INFO - Processing /home/cloud/codings/airflow/dags/list_s3_files_in_logs.py took 0.136 seconds
[2026-03-11T04:50:15.424+0000] {processor.py:161} INFO - Started process (PID=530483) to work on /home/cloud/codings/airflow/dags/list_s3_files_in_logs.py
[2026-03-11T04:50:15.429+0000] {processor.py:830} INFO - Processing file /home/cloud/codings/airflow/dags/list_s3_files_in_logs.py for tasks to queue
[2026-03-11T04:50:15.431+0000] {logging_mixin.py:188} INFO - [2026-03-11T04:50:15.430+0000] {dagbag.py:545} INFO - Filling up the DagBag from /home/cloud/codings/airflow/dags/list_s3_files_in_logs.py
[2026-03-11T04:50:15.454+0000] {processor.py:840} INFO - DAG(s) 'list_s3_files_in_logs' retrieved from /home/cloud/codings/airflow/dags/list_s3_files_in_logs.py
[2026-03-11T04:50:15.486+0000] {logging_mixin.py:188} INFO - [2026-03-11T04:50:15.486+0000] {dag.py:3089} INFO - Sync 1 DAGs
[2026-03-11T04:50:15.498+0000] {logging_mixin.py:188} INFO - [2026-03-11T04:50:15.498+0000] {dag.py:3947} INFO - Setting next_dagrun for list_s3_files_in_logs to None, run_after=None
[2026-03-11T04:50:15.525+0000] {processor.py:183} INFO - Processing /home/cloud/codings/airflow/dags/list_s3_files_in_logs.py took 0.115 seconds
[2026-03-11T04:50:45.762+0000] {processor.py:161} INFO - Started process (PID=530506) to work on /home/cloud/codings/airflow/dags/list_s3_files_in_logs.py
[2026-03-11T04:50:45.763+0000] {processor.py:830} INFO - Processing file /home/cloud/codings/airflow/dags/list_s3_files_in_logs.py for tasks to queue
[2026-03-11T04:50:45.765+0000] {logging_mixin.py:188} INFO - [2026-03-11T04:50:45.764+0000] {dagbag.py:545} INFO - Filling up the DagBag from /home/cloud/codings/airflow/dags/list_s3_files_in_logs.py
[2026-03-11T04:50:45.784+0000] {processor.py:840} INFO - DAG(s) 'list_s3_files_in_logs' retrieved from /home/cloud/codings/airflow/dags/list_s3_files_in_logs.py
[2026-03-11T04:50:45.821+0000] {logging_mixin.py:188} INFO - [2026-03-11T04:50:45.820+0000] {dag.py:3089} INFO - Sync 1 DAGs
[2026-03-11T04:50:45.860+0000] {logging_mixin.py:188} INFO - [2026-03-11T04:50:45.859+0000] {dag.py:3947} INFO - Setting next_dagrun for list_s3_files_in_logs to None, run_after=None
[2026-03-11T04:50:45.927+0000] {processor.py:183} INFO - Processing /home/cloud/codings/airflow/dags/list_s3_files_in_logs.py took 0.177 seconds
[2026-03-11T04:51:16.560+0000] {processor.py:161} INFO - Started process (PID=530589) to work on /home/cloud/codings/airflow/dags/list_s3_files_in_logs.py
[2026-03-11T04:51:16.578+0000] {processor.py:830} INFO - Processing file /home/cloud/codings/airflow/dags/list_s3_files_in_logs.py for tasks to queue
[2026-03-11T04:51:16.580+0000] {logging_mixin.py:188} INFO - [2026-03-11T04:51:16.579+0000] {dagbag.py:545} INFO - Filling up the DagBag from /home/cloud/codings/airflow/dags/list_s3_files_in_logs.py
[2026-03-11T04:51:16.599+0000] {processor.py:840} INFO - DAG(s) 'list_s3_files_in_logs' retrieved from /home/cloud/codings/airflow/dags/list_s3_files_in_logs.py
[2026-03-11T04:51:16.627+0000] {logging_mixin.py:188} INFO - [2026-03-11T04:51:16.627+0000] {dag.py:3089} INFO - Sync 1 DAGs
[2026-03-11T04:51:16.643+0000] {logging_mixin.py:188} INFO - [2026-03-11T04:51:16.643+0000] {dag.py:3947} INFO - Setting next_dagrun for list_s3_files_in_logs to None, run_after=None
[2026-03-11T04:51:16.671+0000] {processor.py:183} INFO - Processing /home/cloud/codings/airflow/dags/list_s3_files_in_logs.py took 0.133 seconds
[2026-03-11T04:51:47.023+0000] {processor.py:161} INFO - Started process (PID=530635) to work on /home/cloud/codings/airflow/dags/list_s3_files_in_logs.py
[2026-03-11T04:51:47.025+0000] {processor.py:830} INFO - Processing file /home/cloud/codings/airflow/dags/list_s3_files_in_logs.py for tasks to queue
[2026-03-11T04:51:47.026+0000] {logging_mixin.py:188} INFO - [2026-03-11T04:51:47.025+0000] {dagbag.py:545} INFO - Filling up the DagBag from /home/cloud/codings/airflow/dags/list_s3_files_in_logs.py
[2026-03-11T04:51:47.037+0000] {processor.py:840} INFO - DAG(s) 'list_s3_files_in_logs' retrieved from /home/cloud/codings/airflow/dags/list_s3_files_in_logs.py
[2026-03-11T04:51:47.073+0000] {logging_mixin.py:188} INFO - [2026-03-11T04:51:47.072+0000] {dag.py:3089} INFO - Sync 1 DAGs
[2026-03-11T04:51:47.102+0000] {logging_mixin.py:188} INFO - [2026-03-11T04:51:47.101+0000] {dag.py:3947} INFO - Setting next_dagrun for list_s3_files_in_logs to None, run_after=None
[2026-03-11T04:51:47.169+0000] {processor.py:183} INFO - Processing /home/cloud/codings/airflow/dags/list_s3_files_in_logs.py took 0.155 seconds
[2026-03-11T04:52:17.550+0000] {processor.py:161} INFO - Started process (PID=530720) to work on /home/cloud/codings/airflow/dags/list_s3_files_in_logs.py
[2026-03-11T04:52:17.580+0000] {processor.py:830} INFO - Processing file /home/cloud/codings/airflow/dags/list_s3_files_in_logs.py for tasks to queue
[2026-03-11T04:52:17.582+0000] {logging_mixin.py:188} INFO - [2026-03-11T04:52:17.581+0000] {dagbag.py:545} INFO - Filling up the DagBag from /home/cloud/codings/airflow/dags/list_s3_files_in_logs.py
[2026-03-11T04:52:17.603+0000] {processor.py:840} INFO - DAG(s) 'list_s3_files_in_logs' retrieved from /home/cloud/codings/airflow/dags/list_s3_files_in_logs.py
[2026-03-11T04:52:17.643+0000] {logging_mixin.py:188} INFO - [2026-03-11T04:52:17.642+0000] {dag.py:3089} INFO - Sync 1 DAGs
[2026-03-11T04:52:17.668+0000] {logging_mixin.py:188} INFO - [2026-03-11T04:52:17.668+0000] {dag.py:3947} INFO - Setting next_dagrun for list_s3_files_in_logs to None, run_after=None
[2026-03-11T04:52:17.711+0000] {processor.py:183} INFO - Processing /home/cloud/codings/airflow/dags/list_s3_files_in_logs.py took 0.174 seconds
[2026-03-11T04:52:48.226+0000] {processor.py:161} INFO - Started process (PID=530774) to work on /home/cloud/codings/airflow/dags/list_s3_files_in_logs.py
[2026-03-11T04:52:48.252+0000] {processor.py:830} INFO - Processing file /home/cloud/codings/airflow/dags/list_s3_files_in_logs.py for tasks to queue
[2026-03-11T04:52:48.256+0000] {logging_mixin.py:188} INFO - [2026-03-11T04:52:48.254+0000] {dagbag.py:545} INFO - Filling up the DagBag from /home/cloud/codings/airflow/dags/list_s3_files_in_logs.py
[2026-03-11T04:52:48.298+0000] {processor.py:840} INFO - DAG(s) 'list_s3_files_in_logs' retrieved from /home/cloud/codings/airflow/dags/list_s3_files_in_logs.py
[2026-03-11T04:52:48.344+0000] {logging_mixin.py:188} INFO - [2026-03-11T04:52:48.344+0000] {dag.py:3089} INFO - Sync 1 DAGs
[2026-03-11T04:52:48.374+0000] {logging_mixin.py:188} INFO - [2026-03-11T04:52:48.374+0000] {dag.py:3947} INFO - Setting next_dagrun for list_s3_files_in_logs to None, run_after=None
[2026-03-11T04:52:48.462+0000] {processor.py:183} INFO - Processing /home/cloud/codings/airflow/dags/list_s3_files_in_logs.py took 0.259 seconds
[2026-03-11T04:53:18.588+0000] {processor.py:161} INFO - Started process (PID=530828) to work on /home/cloud/codings/airflow/dags/list_s3_files_in_logs.py
[2026-03-11T04:53:18.610+0000] {processor.py:830} INFO - Processing file /home/cloud/codings/airflow/dags/list_s3_files_in_logs.py for tasks to queue
[2026-03-11T04:53:18.612+0000] {logging_mixin.py:188} INFO - [2026-03-11T04:53:18.611+0000] {dagbag.py:545} INFO - Filling up the DagBag from /home/cloud/codings/airflow/dags/list_s3_files_in_logs.py
[2026-03-11T04:53:18.631+0000] {processor.py:840} INFO - DAG(s) 'list_s3_files_in_logs' retrieved from /home/cloud/codings/airflow/dags/list_s3_files_in_logs.py
[2026-03-11T04:53:18.651+0000] {logging_mixin.py:188} INFO - [2026-03-11T04:53:18.651+0000] {dag.py:3089} INFO - Sync 1 DAGs
[2026-03-11T04:53:18.663+0000] {logging_mixin.py:188} INFO - [2026-03-11T04:53:18.663+0000] {dag.py:3947} INFO - Setting next_dagrun for list_s3_files_in_logs to None, run_after=None
[2026-03-11T04:53:18.687+0000] {processor.py:183} INFO - Processing /home/cloud/codings/airflow/dags/list_s3_files_in_logs.py took 0.110 seconds
[2026-03-11T04:53:49.137+0000] {processor.py:161} INFO - Started process (PID=530913) to work on /home/cloud/codings/airflow/dags/list_s3_files_in_logs.py
[2026-03-11T04:53:49.161+0000] {processor.py:830} INFO - Processing file /home/cloud/codings/airflow/dags/list_s3_files_in_logs.py for tasks to queue
[2026-03-11T04:53:49.163+0000] {logging_mixin.py:188} INFO - [2026-03-11T04:53:49.162+0000] {dagbag.py:545} INFO - Filling up the DagBag from /home/cloud/codings/airflow/dags/list_s3_files_in_logs.py
[2026-03-11T04:53:49.201+0000] {processor.py:840} INFO - DAG(s) 'list_s3_files_in_logs' retrieved from /home/cloud/codings/airflow/dags/list_s3_files_in_logs.py
[2026-03-11T04:53:49.244+0000] {logging_mixin.py:188} INFO - [2026-03-11T04:53:49.244+0000] {dag.py:3089} INFO - Sync 1 DAGs
[2026-03-11T04:53:49.270+0000] {logging_mixin.py:188} INFO - [2026-03-11T04:53:49.270+0000] {dag.py:3947} INFO - Setting next_dagrun for list_s3_files_in_logs to None, run_after=None
[2026-03-11T04:53:49.335+0000] {processor.py:183} INFO - Processing /home/cloud/codings/airflow/dags/list_s3_files_in_logs.py took 0.218 seconds
[2026-03-11T04:54:19.584+0000] {processor.py:161} INFO - Started process (PID=530936) to work on /home/cloud/codings/airflow/dags/list_s3_files_in_logs.py
[2026-03-11T04:54:19.605+0000] {processor.py:830} INFO - Processing file /home/cloud/codings/airflow/dags/list_s3_files_in_logs.py for tasks to queue
[2026-03-11T04:54:19.606+0000] {logging_mixin.py:188} INFO - [2026-03-11T04:54:19.605+0000] {dagbag.py:545} INFO - Filling up the DagBag from /home/cloud/codings/airflow/dags/list_s3_files_in_logs.py
[2026-03-11T04:54:19.616+0000] {processor.py:840} INFO - DAG(s) 'list_s3_files_in_logs' retrieved from /home/cloud/codings/airflow/dags/list_s3_files_in_logs.py
[2026-03-11T04:54:19.657+0000] {logging_mixin.py:188} INFO - [2026-03-11T04:54:19.657+0000] {dag.py:3089} INFO - Sync 1 DAGs
[2026-03-11T04:54:19.682+0000] {logging_mixin.py:188} INFO - [2026-03-11T04:54:19.682+0000] {dag.py:3947} INFO - Setting next_dagrun for list_s3_files_in_logs to None, run_after=None
[2026-03-11T04:54:19.713+0000] {processor.py:183} INFO - Processing /home/cloud/codings/airflow/dags/list_s3_files_in_logs.py took 0.135 seconds
[2026-03-11T04:54:50.108+0000] {processor.py:161} INFO - Started process (PID=531027) to work on /home/cloud/codings/airflow/dags/list_s3_files_in_logs.py
[2026-03-11T04:54:50.130+0000] {processor.py:830} INFO - Processing file /home/cloud/codings/airflow/dags/list_s3_files_in_logs.py for tasks to queue
[2026-03-11T04:54:50.131+0000] {logging_mixin.py:188} INFO - [2026-03-11T04:54:50.131+0000] {dagbag.py:545} INFO - Filling up the DagBag from /home/cloud/codings/airflow/dags/list_s3_files_in_logs.py
[2026-03-11T04:54:50.152+0000] {processor.py:840} INFO - DAG(s) 'list_s3_files_in_logs' retrieved from /home/cloud/codings/airflow/dags/list_s3_files_in_logs.py
[2026-03-11T04:54:50.183+0000] {logging_mixin.py:188} INFO - [2026-03-11T04:54:50.183+0000] {dag.py:3089} INFO - Sync 1 DAGs
[2026-03-11T04:54:50.196+0000] {logging_mixin.py:188} INFO - [2026-03-11T04:54:50.196+0000] {dag.py:3947} INFO - Setting next_dagrun for list_s3_files_in_logs to None, run_after=None
[2026-03-11T04:54:50.221+0000] {processor.py:183} INFO - Processing /home/cloud/codings/airflow/dags/list_s3_files_in_logs.py took 0.124 seconds
[2026-03-11T04:55:20.502+0000] {processor.py:161} INFO - Started process (PID=531110) to work on /home/cloud/codings/airflow/dags/list_s3_files_in_logs.py
[2026-03-11T04:55:20.541+0000] {processor.py:830} INFO - Processing file /home/cloud/codings/airflow/dags/list_s3_files_in_logs.py for tasks to queue
[2026-03-11T04:55:20.543+0000] {logging_mixin.py:188} INFO - [2026-03-11T04:55:20.543+0000] {dagbag.py:545} INFO - Filling up the DagBag from /home/cloud/codings/airflow/dags/list_s3_files_in_logs.py
[2026-03-11T04:55:20.566+0000] {processor.py:840} INFO - DAG(s) 'list_s3_files_in_logs' retrieved from /home/cloud/codings/airflow/dags/list_s3_files_in_logs.py
[2026-03-11T04:55:20.607+0000] {logging_mixin.py:188} INFO - [2026-03-11T04:55:20.606+0000] {dag.py:3089} INFO - Sync 1 DAGs
[2026-03-11T04:55:20.631+0000] {logging_mixin.py:188} INFO - [2026-03-11T04:55:20.631+0000] {dag.py:3947} INFO - Setting next_dagrun for list_s3_files_in_logs to None, run_after=None
[2026-03-11T04:55:20.684+0000] {processor.py:183} INFO - Processing /home/cloud/codings/airflow/dags/list_s3_files_in_logs.py took 0.199 seconds
[2026-03-11T04:55:51.128+0000] {processor.py:161} INFO - Started process (PID=531191) to work on /home/cloud/codings/airflow/dags/list_s3_files_in_logs.py
[2026-03-11T04:55:51.130+0000] {processor.py:830} INFO - Processing file /home/cloud/codings/airflow/dags/list_s3_files_in_logs.py for tasks to queue
[2026-03-11T04:55:51.132+0000] {logging_mixin.py:188} INFO - [2026-03-11T04:55:51.131+0000] {dagbag.py:545} INFO - Filling up the DagBag from /home/cloud/codings/airflow/dags/list_s3_files_in_logs.py
[2026-03-11T04:55:51.148+0000] {processor.py:840} INFO - DAG(s) 'list_s3_files_in_logs' retrieved from /home/cloud/codings/airflow/dags/list_s3_files_in_logs.py
[2026-03-11T04:55:51.167+0000] {logging_mixin.py:188} INFO - [2026-03-11T04:55:51.167+0000] {dag.py:3089} INFO - Sync 1 DAGs
[2026-03-11T04:55:51.179+0000] {logging_mixin.py:188} INFO - [2026-03-11T04:55:51.178+0000] {dag.py:3947} INFO - Setting next_dagrun for list_s3_files_in_logs to None, run_after=None
[2026-03-11T04:55:51.206+0000] {processor.py:183} INFO - Processing /home/cloud/codings/airflow/dags/list_s3_files_in_logs.py took 0.088 seconds
[2026-03-11T04:56:21.920+0000] {processor.py:161} INFO - Started process (PID=531216) to work on /home/cloud/codings/airflow/dags/list_s3_files_in_logs.py
[2026-03-11T04:56:21.938+0000] {processor.py:830} INFO - Processing file /home/cloud/codings/airflow/dags/list_s3_files_in_logs.py for tasks to queue
[2026-03-11T04:56:21.941+0000] {logging_mixin.py:188} INFO - [2026-03-11T04:56:21.940+0000] {dagbag.py:545} INFO - Filling up the DagBag from /home/cloud/codings/airflow/dags/list_s3_files_in_logs.py
[2026-03-11T04:56:21.968+0000] {processor.py:840} INFO - DAG(s) 'list_s3_files_in_logs' retrieved from /home/cloud/codings/airflow/dags/list_s3_files_in_logs.py
[2026-03-11T04:56:21.997+0000] {logging_mixin.py:188} INFO - [2026-03-11T04:56:21.996+0000] {dag.py:3089} INFO - Sync 1 DAGs
[2026-03-11T04:56:22.010+0000] {logging_mixin.py:188} INFO - [2026-03-11T04:56:22.009+0000] {dag.py:3947} INFO - Setting next_dagrun for list_s3_files_in_logs to None, run_after=None
[2026-03-11T04:56:22.033+0000] {processor.py:183} INFO - Processing /home/cloud/codings/airflow/dags/list_s3_files_in_logs.py took 0.128 seconds
[2026-03-11T04:56:52.276+0000] {processor.py:161} INFO - Started process (PID=531304) to work on /home/cloud/codings/airflow/dags/list_s3_files_in_logs.py
[2026-03-11T04:56:52.277+0000] {processor.py:830} INFO - Processing file /home/cloud/codings/airflow/dags/list_s3_files_in_logs.py for tasks to queue
[2026-03-11T04:56:52.277+0000] {logging_mixin.py:188} INFO - [2026-03-11T04:56:52.277+0000] {dagbag.py:545} INFO - Filling up the DagBag from /home/cloud/codings/airflow/dags/list_s3_files_in_logs.py
[2026-03-11T04:56:52.289+0000] {processor.py:840} INFO - DAG(s) 'list_s3_files_in_logs' retrieved from /home/cloud/codings/airflow/dags/list_s3_files_in_logs.py
[2026-03-11T04:56:52.310+0000] {logging_mixin.py:188} INFO - [2026-03-11T04:56:52.309+0000] {dag.py:3089} INFO - Sync 1 DAGs
[2026-03-11T04:56:52.323+0000] {logging_mixin.py:188} INFO - [2026-03-11T04:56:52.322+0000] {dag.py:3947} INFO - Setting next_dagrun for list_s3_files_in_logs to None, run_after=None
[2026-03-11T04:56:52.347+0000] {processor.py:183} INFO - Processing /home/cloud/codings/airflow/dags/list_s3_files_in_logs.py took 0.078 seconds
[2026-03-11T04:57:22.742+0000] {processor.py:161} INFO - Started process (PID=531329) to work on /home/cloud/codings/airflow/dags/list_s3_files_in_logs.py
[2026-03-11T04:57:22.769+0000] {processor.py:830} INFO - Processing file /home/cloud/codings/airflow/dags/list_s3_files_in_logs.py for tasks to queue
[2026-03-11T04:57:22.771+0000] {logging_mixin.py:188} INFO - [2026-03-11T04:57:22.771+0000] {dagbag.py:545} INFO - Filling up the DagBag from /home/cloud/codings/airflow/dags/list_s3_files_in_logs.py
[2026-03-11T04:57:22.797+0000] {processor.py:840} INFO - DAG(s) 'list_s3_files_in_logs' retrieved from /home/cloud/codings/airflow/dags/list_s3_files_in_logs.py
[2026-03-11T04:57:22.839+0000] {logging_mixin.py:188} INFO - [2026-03-11T04:57:22.838+0000] {dag.py:3089} INFO - Sync 1 DAGs
[2026-03-11T04:57:22.857+0000] {logging_mixin.py:188} INFO - [2026-03-11T04:57:22.857+0000] {dag.py:3947} INFO - Setting next_dagrun for list_s3_files_in_logs to None, run_after=None
[2026-03-11T04:57:22.890+0000] {processor.py:183} INFO - Processing /home/cloud/codings/airflow/dags/list_s3_files_in_logs.py took 0.169 seconds
[2026-03-11T04:57:53.400+0000] {processor.py:161} INFO - Started process (PID=531414) to work on /home/cloud/codings/airflow/dags/list_s3_files_in_logs.py
[2026-03-11T04:57:53.403+0000] {processor.py:830} INFO - Processing file /home/cloud/codings/airflow/dags/list_s3_files_in_logs.py for tasks to queue
[2026-03-11T04:57:53.405+0000] {logging_mixin.py:188} INFO - [2026-03-11T04:57:53.404+0000] {dagbag.py:545} INFO - Filling up the DagBag from /home/cloud/codings/airflow/dags/list_s3_files_in_logs.py
[2026-03-11T04:57:53.430+0000] {processor.py:840} INFO - DAG(s) 'list_s3_files_in_logs' retrieved from /home/cloud/codings/airflow/dags/list_s3_files_in_logs.py
[2026-03-11T04:57:53.458+0000] {logging_mixin.py:188} INFO - [2026-03-11T04:57:53.458+0000] {dag.py:3089} INFO - Sync 1 DAGs
[2026-03-11T04:57:53.474+0000] {logging_mixin.py:188} INFO - [2026-03-11T04:57:53.473+0000] {dag.py:3947} INFO - Setting next_dagrun for list_s3_files_in_logs to None, run_after=None
[2026-03-11T04:57:53.503+0000] {processor.py:183} INFO - Processing /home/cloud/codings/airflow/dags/list_s3_files_in_logs.py took 0.116 seconds
[2026-03-11T04:58:24.195+0000] {processor.py:161} INFO - Started process (PID=531439) to work on /home/cloud/codings/airflow/dags/list_s3_files_in_logs.py
[2026-03-11T04:58:24.216+0000] {processor.py:830} INFO - Processing file /home/cloud/codings/airflow/dags/list_s3_files_in_logs.py for tasks to queue
[2026-03-11T04:58:24.219+0000] {logging_mixin.py:188} INFO - [2026-03-11T04:58:24.218+0000] {dagbag.py:545} INFO - Filling up the DagBag from /home/cloud/codings/airflow/dags/list_s3_files_in_logs.py
[2026-03-11T04:58:24.253+0000] {processor.py:840} INFO - DAG(s) 'list_s3_files_in_logs' retrieved from /home/cloud/codings/airflow/dags/list_s3_files_in_logs.py
[2026-03-11T04:58:24.288+0000] {logging_mixin.py:188} INFO - [2026-03-11T04:58:24.288+0000] {dag.py:3089} INFO - Sync 1 DAGs
[2026-03-11T04:58:24.301+0000] {logging_mixin.py:188} INFO - [2026-03-11T04:58:24.301+0000] {dag.py:3947} INFO - Setting next_dagrun for list_s3_files_in_logs to None, run_after=None
[2026-03-11T04:58:24.326+0000] {processor.py:183} INFO - Processing /home/cloud/codings/airflow/dags/list_s3_files_in_logs.py took 0.152 seconds
[2026-03-11T04:58:54.599+0000] {processor.py:161} INFO - Started process (PID=531522) to work on /home/cloud/codings/airflow/dags/list_s3_files_in_logs.py
[2026-03-11T04:58:54.602+0000] {processor.py:830} INFO - Processing file /home/cloud/codings/airflow/dags/list_s3_files_in_logs.py for tasks to queue
[2026-03-11T04:58:54.606+0000] {logging_mixin.py:188} INFO - [2026-03-11T04:58:54.604+0000] {dagbag.py:545} INFO - Filling up the DagBag from /home/cloud/codings/airflow/dags/list_s3_files_in_logs.py
[2026-03-11T04:58:54.628+0000] {processor.py:840} INFO - DAG(s) 'list_s3_files_in_logs' retrieved from /home/cloud/codings/airflow/dags/list_s3_files_in_logs.py
[2026-03-11T04:58:54.655+0000] {logging_mixin.py:188} INFO - [2026-03-11T04:58:54.655+0000] {dag.py:3089} INFO - Sync 1 DAGs
[2026-03-11T04:58:54.668+0000] {logging_mixin.py:188} INFO - [2026-03-11T04:58:54.667+0000] {dag.py:3947} INFO - Setting next_dagrun for list_s3_files_in_logs to None, run_after=None
[2026-03-11T04:58:54.698+0000] {processor.py:183} INFO - Processing /home/cloud/codings/airflow/dags/list_s3_files_in_logs.py took 0.121 seconds
[2026-03-11T04:59:25.108+0000] {processor.py:161} INFO - Started process (PID=531545) to work on /home/cloud/codings/airflow/dags/list_s3_files_in_logs.py
[2026-03-11T04:59:25.125+0000] {processor.py:830} INFO - Processing file /home/cloud/codings/airflow/dags/list_s3_files_in_logs.py for tasks to queue
[2026-03-11T04:59:25.127+0000] {logging_mixin.py:188} INFO - [2026-03-11T04:59:25.126+0000] {dagbag.py:545} INFO - Filling up the DagBag from /home/cloud/codings/airflow/dags/list_s3_files_in_logs.py
[2026-03-11T04:59:25.143+0000] {processor.py:840} INFO - DAG(s) 'list_s3_files_in_logs' retrieved from /home/cloud/codings/airflow/dags/list_s3_files_in_logs.py
[2026-03-11T04:59:25.167+0000] {logging_mixin.py:188} INFO - [2026-03-11T04:59:25.166+0000] {dag.py:3089} INFO - Sync 1 DAGs
[2026-03-11T04:59:25.181+0000] {logging_mixin.py:188} INFO - [2026-03-11T04:59:25.180+0000] {dag.py:3947} INFO - Setting next_dagrun for list_s3_files_in_logs to None, run_after=None
[2026-03-11T04:59:25.221+0000] {processor.py:183} INFO - Processing /home/cloud/codings/airflow/dags/list_s3_files_in_logs.py took 0.121 seconds
[2026-03-11T04:59:55.791+0000] {processor.py:161} INFO - Started process (PID=531632) to work on /home/cloud/codings/airflow/dags/list_s3_files_in_logs.py
[2026-03-11T04:59:55.809+0000] {processor.py:830} INFO - Processing file /home/cloud/codings/airflow/dags/list_s3_files_in_logs.py for tasks to queue
[2026-03-11T04:59:55.811+0000] {logging_mixin.py:188} INFO - [2026-03-11T04:59:55.810+0000] {dagbag.py:545} INFO - Filling up the DagBag from /home/cloud/codings/airflow/dags/list_s3_files_in_logs.py
[2026-03-11T04:59:55.834+0000] {processor.py:840} INFO - DAG(s) 'list_s3_files_in_logs' retrieved from /home/cloud/codings/airflow/dags/list_s3_files_in_logs.py
[2026-03-11T04:59:55.874+0000] {logging_mixin.py:188} INFO - [2026-03-11T04:59:55.873+0000] {dag.py:3089} INFO - Sync 1 DAGs
[2026-03-11T04:59:55.893+0000] {logging_mixin.py:188} INFO - [2026-03-11T04:59:55.893+0000] {dag.py:3947} INFO - Setting next_dagrun for list_s3_files_in_logs to None, run_after=None
[2026-03-11T04:59:55.919+0000] {processor.py:183} INFO - Processing /home/cloud/codings/airflow/dags/list_s3_files_in_logs.py took 0.155 seconds
[2026-03-11T05:00:26.521+0000] {processor.py:161} INFO - Started process (PID=531717) to work on /home/cloud/codings/airflow/dags/list_s3_files_in_logs.py
[2026-03-11T05:00:26.546+0000] {processor.py:830} INFO - Processing file /home/cloud/codings/airflow/dags/list_s3_files_in_logs.py for tasks to queue
[2026-03-11T05:00:26.548+0000] {logging_mixin.py:188} INFO - [2026-03-11T05:00:26.547+0000] {dagbag.py:545} INFO - Filling up the DagBag from /home/cloud/codings/airflow/dags/list_s3_files_in_logs.py
[2026-03-11T05:00:26.567+0000] {processor.py:840} INFO - DAG(s) 'list_s3_files_in_logs' retrieved from /home/cloud/codings/airflow/dags/list_s3_files_in_logs.py
[2026-03-11T05:00:26.600+0000] {logging_mixin.py:188} INFO - [2026-03-11T05:00:26.599+0000] {dag.py:3089} INFO - Sync 1 DAGs
[2026-03-11T05:00:26.613+0000] {logging_mixin.py:188} INFO - [2026-03-11T05:00:26.612+0000] {dag.py:3947} INFO - Setting next_dagrun for list_s3_files_in_logs to None, run_after=None
[2026-03-11T05:00:26.638+0000] {processor.py:183} INFO - Processing /home/cloud/codings/airflow/dags/list_s3_files_in_logs.py took 0.124 seconds
[2026-03-11T05:00:57.012+0000] {processor.py:161} INFO - Started process (PID=531804) to work on /home/cloud/codings/airflow/dags/list_s3_files_in_logs.py
[2026-03-11T05:00:57.039+0000] {processor.py:830} INFO - Processing file /home/cloud/codings/airflow/dags/list_s3_files_in_logs.py for tasks to queue
[2026-03-11T05:00:57.041+0000] {logging_mixin.py:188} INFO - [2026-03-11T05:00:57.040+0000] {dagbag.py:545} INFO - Filling up the DagBag from /home/cloud/codings/airflow/dags/list_s3_files_in_logs.py
[2026-03-11T05:00:57.057+0000] {processor.py:840} INFO - DAG(s) 'list_s3_files_in_logs' retrieved from /home/cloud/codings/airflow/dags/list_s3_files_in_logs.py
[2026-03-11T05:00:57.085+0000] {logging_mixin.py:188} INFO - [2026-03-11T05:00:57.084+0000] {dag.py:3089} INFO - Sync 1 DAGs
[2026-03-11T05:00:57.104+0000] {logging_mixin.py:188} INFO - [2026-03-11T05:00:57.104+0000] {dag.py:3947} INFO - Setting next_dagrun for list_s3_files_in_logs to None, run_after=None
[2026-03-11T05:00:57.137+0000] {processor.py:183} INFO - Processing /home/cloud/codings/airflow/dags/list_s3_files_in_logs.py took 0.145 seconds
[2026-03-11T05:01:27.526+0000] {processor.py:161} INFO - Started process (PID=531823) to work on /home/cloud/codings/airflow/dags/list_s3_files_in_logs.py
[2026-03-11T05:01:27.528+0000] {processor.py:830} INFO - Processing file /home/cloud/codings/airflow/dags/list_s3_files_in_logs.py for tasks to queue
[2026-03-11T05:01:27.529+0000] {logging_mixin.py:188} INFO - [2026-03-11T05:01:27.528+0000] {dagbag.py:545} INFO - Filling up the DagBag from /home/cloud/codings/airflow/dags/list_s3_files_in_logs.py
[2026-03-11T05:01:27.547+0000] {processor.py:840} INFO - DAG(s) 'list_s3_files_in_logs' retrieved from /home/cloud/codings/airflow/dags/list_s3_files_in_logs.py
[2026-03-11T05:01:27.573+0000] {logging_mixin.py:188} INFO - [2026-03-11T05:01:27.573+0000] {dag.py:3089} INFO - Sync 1 DAGs
[2026-03-11T05:01:27.587+0000] {logging_mixin.py:188} INFO - [2026-03-11T05:01:27.587+0000] {dag.py:3947} INFO - Setting next_dagrun for list_s3_files_in_logs to None, run_after=None
[2026-03-11T05:01:27.613+0000] {processor.py:183} INFO - Processing /home/cloud/codings/airflow/dags/list_s3_files_in_logs.py took 0.097 seconds
[2026-03-11T05:01:58.099+0000] {processor.py:161} INFO - Started process (PID=531909) to work on /home/cloud/codings/airflow/dags/list_s3_files_in_logs.py
[2026-03-11T05:01:58.104+0000] {processor.py:830} INFO - Processing file /home/cloud/codings/airflow/dags/list_s3_files_in_logs.py for tasks to queue
[2026-03-11T05:01:58.107+0000] {logging_mixin.py:188} INFO - [2026-03-11T05:01:58.105+0000] {dagbag.py:545} INFO - Filling up the DagBag from /home/cloud/codings/airflow/dags/list_s3_files_in_logs.py
[2026-03-11T05:01:58.142+0000] {processor.py:840} INFO - DAG(s) 'list_s3_files_in_logs' retrieved from /home/cloud/codings/airflow/dags/list_s3_files_in_logs.py
[2026-03-11T05:01:58.183+0000] {logging_mixin.py:188} INFO - [2026-03-11T05:01:58.183+0000] {dag.py:3089} INFO - Sync 1 DAGs
[2026-03-11T05:01:58.198+0000] {logging_mixin.py:188} INFO - [2026-03-11T05:01:58.197+0000] {dag.py:3947} INFO - Setting next_dagrun for list_s3_files_in_logs to None, run_after=None
[2026-03-11T05:01:58.221+0000] {processor.py:183} INFO - Processing /home/cloud/codings/airflow/dags/list_s3_files_in_logs.py took 0.142 seconds
[2026-03-11T05:02:28.639+0000] {processor.py:161} INFO - Started process (PID=531936) to work on /home/cloud/codings/airflow/dags/list_s3_files_in_logs.py
[2026-03-11T05:02:28.666+0000] {processor.py:830} INFO - Processing file /home/cloud/codings/airflow/dags/list_s3_files_in_logs.py for tasks to queue
[2026-03-11T05:02:28.667+0000] {logging_mixin.py:188} INFO - [2026-03-11T05:02:28.666+0000] {dagbag.py:545} INFO - Filling up the DagBag from /home/cloud/codings/airflow/dags/list_s3_files_in_logs.py
[2026-03-11T05:02:28.687+0000] {processor.py:840} INFO - DAG(s) 'list_s3_files_in_logs' retrieved from /home/cloud/codings/airflow/dags/list_s3_files_in_logs.py
[2026-03-11T05:02:28.749+0000] {logging_mixin.py:188} INFO - [2026-03-11T05:02:28.748+0000] {dag.py:3089} INFO - Sync 1 DAGs
[2026-03-11T05:02:28.814+0000] {logging_mixin.py:188} INFO - [2026-03-11T05:02:28.813+0000] {dag.py:3947} INFO - Setting next_dagrun for list_s3_files_in_logs to None, run_after=None
[2026-03-11T05:02:28.888+0000] {processor.py:183} INFO - Processing /home/cloud/codings/airflow/dags/list_s3_files_in_logs.py took 0.260 seconds
[2026-03-11T05:02:59.441+0000] {processor.py:161} INFO - Started process (PID=532026) to work on /home/cloud/codings/airflow/dags/list_s3_files_in_logs.py
[2026-03-11T05:02:59.468+0000] {processor.py:830} INFO - Processing file /home/cloud/codings/airflow/dags/list_s3_files_in_logs.py for tasks to queue
[2026-03-11T05:02:59.470+0000] {logging_mixin.py:188} INFO - [2026-03-11T05:02:59.469+0000] {dagbag.py:545} INFO - Filling up the DagBag from /home/cloud/codings/airflow/dags/list_s3_files_in_logs.py
[2026-03-11T05:02:59.495+0000] {processor.py:840} INFO - DAG(s) 'list_s3_files_in_logs' retrieved from /home/cloud/codings/airflow/dags/list_s3_files_in_logs.py
[2026-03-11T05:02:59.544+0000] {logging_mixin.py:188} INFO - [2026-03-11T05:02:59.543+0000] {dag.py:3089} INFO - Sync 1 DAGs
[2026-03-11T05:02:59.562+0000] {logging_mixin.py:188} INFO - [2026-03-11T05:02:59.561+0000] {dag.py:3947} INFO - Setting next_dagrun for list_s3_files_in_logs to None, run_after=None
[2026-03-11T05:02:59.598+0000] {processor.py:183} INFO - Processing /home/cloud/codings/airflow/dags/list_s3_files_in_logs.py took 0.180 seconds
[2026-03-11T05:03:29.952+0000] {processor.py:161} INFO - Started process (PID=532049) to work on /home/cloud/codings/airflow/dags/list_s3_files_in_logs.py
[2026-03-11T05:03:29.952+0000] {processor.py:830} INFO - Processing file /home/cloud/codings/airflow/dags/list_s3_files_in_logs.py for tasks to queue
[2026-03-11T05:03:29.953+0000] {logging_mixin.py:188} INFO - [2026-03-11T05:03:29.953+0000] {dagbag.py:545} INFO - Filling up the DagBag from /home/cloud/codings/airflow/dags/list_s3_files_in_logs.py
[2026-03-11T05:03:29.964+0000] {processor.py:840} INFO - DAG(s) 'list_s3_files_in_logs' retrieved from /home/cloud/codings/airflow/dags/list_s3_files_in_logs.py
[2026-03-11T05:03:29.984+0000] {logging_mixin.py:188} INFO - [2026-03-11T05:03:29.984+0000] {dag.py:3089} INFO - Sync 1 DAGs
[2026-03-11T05:03:29.997+0000] {logging_mixin.py:188} INFO - [2026-03-11T05:03:29.997+0000] {dag.py:3947} INFO - Setting next_dagrun for list_s3_files_in_logs to None, run_after=None
[2026-03-11T05:03:30.019+0000] {processor.py:183} INFO - Processing /home/cloud/codings/airflow/dags/list_s3_files_in_logs.py took 0.073 seconds
[2026-03-11T05:04:00.652+0000] {processor.py:161} INFO - Started process (PID=532136) to work on /home/cloud/codings/airflow/dags/list_s3_files_in_logs.py
[2026-03-11T05:04:00.679+0000] {processor.py:830} INFO - Processing file /home/cloud/codings/airflow/dags/list_s3_files_in_logs.py for tasks to queue
[2026-03-11T05:04:00.683+0000] {logging_mixin.py:188} INFO - [2026-03-11T05:04:00.682+0000] {dagbag.py:545} INFO - Filling up the DagBag from /home/cloud/codings/airflow/dags/list_s3_files_in_logs.py
[2026-03-11T05:04:00.717+0000] {processor.py:840} INFO - DAG(s) 'list_s3_files_in_logs' retrieved from /home/cloud/codings/airflow/dags/list_s3_files_in_logs.py
[2026-03-11T05:04:00.761+0000] {logging_mixin.py:188} INFO - [2026-03-11T05:04:00.760+0000] {dag.py:3089} INFO - Sync 1 DAGs
[2026-03-11T05:04:00.784+0000] {logging_mixin.py:188} INFO - [2026-03-11T05:04:00.783+0000] {dag.py:3947} INFO - Setting next_dagrun for list_s3_files_in_logs to None, run_after=None
[2026-03-11T05:04:00.842+0000] {processor.py:183} INFO - Processing /home/cloud/codings/airflow/dags/list_s3_files_in_logs.py took 0.213 seconds
[2026-03-11T05:04:31.237+0000] {processor.py:161} INFO - Started process (PID=532155) to work on /home/cloud/codings/airflow/dags/list_s3_files_in_logs.py
[2026-03-11T05:04:31.240+0000] {processor.py:830} INFO - Processing file /home/cloud/codings/airflow/dags/list_s3_files_in_logs.py for tasks to queue
[2026-03-11T05:04:31.242+0000] {logging_mixin.py:188} INFO - [2026-03-11T05:04:31.241+0000] {dagbag.py:545} INFO - Filling up the DagBag from /home/cloud/codings/airflow/dags/list_s3_files_in_logs.py
[2026-03-11T05:04:31.269+0000] {processor.py:840} INFO - DAG(s) 'list_s3_files_in_logs' retrieved from /home/cloud/codings/airflow/dags/list_s3_files_in_logs.py
[2026-03-11T05:04:31.307+0000] {logging_mixin.py:188} INFO - [2026-03-11T05:04:31.307+0000] {dag.py:3089} INFO - Sync 1 DAGs
[2026-03-11T05:04:31.332+0000] {logging_mixin.py:188} INFO - [2026-03-11T05:04:31.331+0000] {dag.py:3947} INFO - Setting next_dagrun for list_s3_files_in_logs to None, run_after=None
[2026-03-11T05:04:31.398+0000] {processor.py:183} INFO - Processing /home/cloud/codings/airflow/dags/list_s3_files_in_logs.py took 0.188 seconds
[2026-03-11T05:05:02.554+0000] {processor.py:161} INFO - Started process (PID=532246) to work on /home/cloud/codings/airflow/dags/list_s3_files_in_logs.py
[2026-03-11T05:05:02.557+0000] {processor.py:830} INFO - Processing file /home/cloud/codings/airflow/dags/list_s3_files_in_logs.py for tasks to queue
[2026-03-11T05:05:02.558+0000] {logging_mixin.py:188} INFO - [2026-03-11T05:05:02.557+0000] {dagbag.py:545} INFO - Filling up the DagBag from /home/cloud/codings/airflow/dags/list_s3_files_in_logs.py
[2026-03-11T05:05:02.570+0000] {processor.py:840} INFO - DAG(s) 'list_s3_files_in_logs' retrieved from /home/cloud/codings/airflow/dags/list_s3_files_in_logs.py
[2026-03-11T05:05:02.589+0000] {logging_mixin.py:188} INFO - [2026-03-11T05:05:02.589+0000] {dag.py:3089} INFO - Sync 1 DAGs
[2026-03-11T05:05:02.602+0000] {logging_mixin.py:188} INFO - [2026-03-11T05:05:02.602+0000] {dag.py:3947} INFO - Setting next_dagrun for list_s3_files_in_logs to None, run_after=None
[2026-03-11T05:05:02.627+0000] {processor.py:183} INFO - Processing /home/cloud/codings/airflow/dags/list_s3_files_in_logs.py took 0.084 seconds
[2026-03-11T05:05:33.372+0000] {processor.py:161} INFO - Started process (PID=532331) to work on /home/cloud/codings/airflow/dags/list_s3_files_in_logs.py
[2026-03-11T05:05:33.376+0000] {processor.py:830} INFO - Processing file /home/cloud/codings/airflow/dags/list_s3_files_in_logs.py for tasks to queue
[2026-03-11T05:05:33.379+0000] {logging_mixin.py:188} INFO - [2026-03-11T05:05:33.378+0000] {dagbag.py:545} INFO - Filling up the DagBag from /home/cloud/codings/airflow/dags/list_s3_files_in_logs.py
[2026-03-11T05:05:33.405+0000] {processor.py:840} INFO - DAG(s) 'list_s3_files_in_logs' retrieved from /home/cloud/codings/airflow/dags/list_s3_files_in_logs.py
[2026-03-11T05:05:33.452+0000] {logging_mixin.py:188} INFO - [2026-03-11T05:05:33.451+0000] {dag.py:3089} INFO - Sync 1 DAGs
[2026-03-11T05:05:33.487+0000] {logging_mixin.py:188} INFO - [2026-03-11T05:05:33.486+0000] {dag.py:3947} INFO - Setting next_dagrun for list_s3_files_in_logs to None, run_after=None
[2026-03-11T05:05:33.540+0000] {processor.py:183} INFO - Processing /home/cloud/codings/airflow/dags/list_s3_files_in_logs.py took 0.193 seconds
[2026-03-11T05:06:04.062+0000] {processor.py:161} INFO - Started process (PID=532418) to work on /home/cloud/codings/airflow/dags/list_s3_files_in_logs.py
[2026-03-11T05:06:04.065+0000] {processor.py:830} INFO - Processing file /home/cloud/codings/airflow/dags/list_s3_files_in_logs.py for tasks to queue
[2026-03-11T05:06:04.067+0000] {logging_mixin.py:188} INFO - [2026-03-11T05:06:04.066+0000] {dagbag.py:545} INFO - Filling up the DagBag from /home/cloud/codings/airflow/dags/list_s3_files_in_logs.py
[2026-03-11T05:06:04.089+0000] {processor.py:840} INFO - DAG(s) 'list_s3_files_in_logs' retrieved from /home/cloud/codings/airflow/dags/list_s3_files_in_logs.py
[2026-03-11T05:06:04.131+0000] {logging_mixin.py:188} INFO - [2026-03-11T05:06:04.130+0000] {dag.py:3089} INFO - Sync 1 DAGs
[2026-03-11T05:06:04.156+0000] {logging_mixin.py:188} INFO - [2026-03-11T05:06:04.155+0000] {dag.py:3947} INFO - Setting next_dagrun for list_s3_files_in_logs to None, run_after=None
[2026-03-11T05:06:04.209+0000] {processor.py:183} INFO - Processing /home/cloud/codings/airflow/dags/list_s3_files_in_logs.py took 0.159 seconds
[2026-03-11T05:06:34.619+0000] {processor.py:161} INFO - Started process (PID=532445) to work on /home/cloud/codings/airflow/dags/list_s3_files_in_logs.py
[2026-03-11T05:06:34.621+0000] {processor.py:830} INFO - Processing file /home/cloud/codings/airflow/dags/list_s3_files_in_logs.py for tasks to queue
[2026-03-11T05:06:34.622+0000] {logging_mixin.py:188} INFO - [2026-03-11T05:06:34.622+0000] {dagbag.py:545} INFO - Filling up the DagBag from /home/cloud/codings/airflow/dags/list_s3_files_in_logs.py
[2026-03-11T05:06:34.643+0000] {processor.py:840} INFO - DAG(s) 'list_s3_files_in_logs' retrieved from /home/cloud/codings/airflow/dags/list_s3_files_in_logs.py
[2026-03-11T05:06:34.681+0000] {logging_mixin.py:188} INFO - [2026-03-11T05:06:34.681+0000] {dag.py:3089} INFO - Sync 1 DAGs
[2026-03-11T05:06:34.707+0000] {logging_mixin.py:188} INFO - [2026-03-11T05:06:34.706+0000] {dag.py:3947} INFO - Setting next_dagrun for list_s3_files_in_logs to None, run_after=None
[2026-03-11T05:06:34.741+0000] {processor.py:183} INFO - Processing /home/cloud/codings/airflow/dags/list_s3_files_in_logs.py took 0.134 seconds
[2026-03-11T05:07:05.224+0000] {processor.py:161} INFO - Started process (PID=532533) to work on /home/cloud/codings/airflow/dags/list_s3_files_in_logs.py
[2026-03-11T05:07:05.229+0000] {processor.py:830} INFO - Processing file /home/cloud/codings/airflow/dags/list_s3_files_in_logs.py for tasks to queue
[2026-03-11T05:07:05.232+0000] {logging_mixin.py:188} INFO - [2026-03-11T05:07:05.231+0000] {dagbag.py:545} INFO - Filling up the DagBag from /home/cloud/codings/airflow/dags/list_s3_files_in_logs.py
[2026-03-11T05:07:05.256+0000] {processor.py:840} INFO - DAG(s) 'list_s3_files_in_logs' retrieved from /home/cloud/codings/airflow/dags/list_s3_files_in_logs.py
[2026-03-11T05:07:05.297+0000] {logging_mixin.py:188} INFO - [2026-03-11T05:07:05.296+0000] {dag.py:3089} INFO - Sync 1 DAGs
[2026-03-11T05:07:05.322+0000] {logging_mixin.py:188} INFO - [2026-03-11T05:07:05.321+0000] {dag.py:3947} INFO - Setting next_dagrun for list_s3_files_in_logs to None, run_after=None
[2026-03-11T05:07:05.372+0000] {processor.py:183} INFO - Processing /home/cloud/codings/airflow/dags/list_s3_files_in_logs.py took 0.166 seconds
[2026-03-11T05:07:35.724+0000] {processor.py:161} INFO - Started process (PID=532550) to work on /home/cloud/codings/airflow/dags/list_s3_files_in_logs.py
[2026-03-11T05:07:35.746+0000] {processor.py:830} INFO - Processing file /home/cloud/codings/airflow/dags/list_s3_files_in_logs.py for tasks to queue
[2026-03-11T05:07:35.750+0000] {logging_mixin.py:188} INFO - [2026-03-11T05:07:35.748+0000] {dagbag.py:545} INFO - Filling up the DagBag from /home/cloud/codings/airflow/dags/list_s3_files_in_logs.py
[2026-03-11T05:07:35.809+0000] {processor.py:840} INFO - DAG(s) 'list_s3_files_in_logs' retrieved from /home/cloud/codings/airflow/dags/list_s3_files_in_logs.py
[2026-03-11T05:07:35.887+0000] {logging_mixin.py:188} INFO - [2026-03-11T05:07:35.886+0000] {dag.py:3089} INFO - Sync 1 DAGs
[2026-03-11T05:07:35.917+0000] {logging_mixin.py:188} INFO - [2026-03-11T05:07:35.916+0000] {dag.py:3947} INFO - Setting next_dagrun for list_s3_files_in_logs to None, run_after=None
[2026-03-11T05:07:35.965+0000] {processor.py:183} INFO - Processing /home/cloud/codings/airflow/dags/list_s3_files_in_logs.py took 0.273 seconds
[2026-03-11T05:08:06.241+0000] {processor.py:161} INFO - Started process (PID=532635) to work on /home/cloud/codings/airflow/dags/list_s3_files_in_logs.py
[2026-03-11T05:08:06.244+0000] {processor.py:830} INFO - Processing file /home/cloud/codings/airflow/dags/list_s3_files_in_logs.py for tasks to queue
[2026-03-11T05:08:06.247+0000] {logging_mixin.py:188} INFO - [2026-03-11T05:08:06.246+0000] {dagbag.py:545} INFO - Filling up the DagBag from /home/cloud/codings/airflow/dags/list_s3_files_in_logs.py
[2026-03-11T05:08:06.279+0000] {processor.py:840} INFO - DAG(s) 'list_s3_files_in_logs' retrieved from /home/cloud/codings/airflow/dags/list_s3_files_in_logs.py
[2026-03-11T05:08:06.326+0000] {logging_mixin.py:188} INFO - [2026-03-11T05:08:06.325+0000] {dag.py:3089} INFO - Sync 1 DAGs
[2026-03-11T05:08:06.347+0000] {logging_mixin.py:188} INFO - [2026-03-11T05:08:06.346+0000] {dag.py:3947} INFO - Setting next_dagrun for list_s3_files_in_logs to None, run_after=None
[2026-03-11T05:08:06.411+0000] {processor.py:183} INFO - Processing /home/cloud/codings/airflow/dags/list_s3_files_in_logs.py took 0.197 seconds
[2026-03-11T05:08:37.178+0000] {processor.py:161} INFO - Started process (PID=532664) to work on /home/cloud/codings/airflow/dags/list_s3_files_in_logs.py
[2026-03-11T05:08:37.191+0000] {processor.py:830} INFO - Processing file /home/cloud/codings/airflow/dags/list_s3_files_in_logs.py for tasks to queue
[2026-03-11T05:08:37.195+0000] {logging_mixin.py:188} INFO - [2026-03-11T05:08:37.193+0000] {dagbag.py:545} INFO - Filling up the DagBag from /home/cloud/codings/airflow/dags/list_s3_files_in_logs.py
[2026-03-11T05:08:37.237+0000] {processor.py:840} INFO - DAG(s) 'list_s3_files_in_logs' retrieved from /home/cloud/codings/airflow/dags/list_s3_files_in_logs.py
[2026-03-11T05:08:37.292+0000] {logging_mixin.py:188} INFO - [2026-03-11T05:08:37.292+0000] {dag.py:3089} INFO - Sync 1 DAGs
[2026-03-11T05:08:37.323+0000] {logging_mixin.py:188} INFO - [2026-03-11T05:08:37.323+0000] {dag.py:3947} INFO - Setting next_dagrun for list_s3_files_in_logs to None, run_after=None
[2026-03-11T05:08:37.380+0000] {processor.py:183} INFO - Processing /home/cloud/codings/airflow/dags/list_s3_files_in_logs.py took 0.222 seconds
[2026-03-11T05:09:07.551+0000] {processor.py:161} INFO - Started process (PID=532751) to work on /home/cloud/codings/airflow/dags/list_s3_files_in_logs.py
[2026-03-11T05:09:07.576+0000] {processor.py:830} INFO - Processing file /home/cloud/codings/airflow/dags/list_s3_files_in_logs.py for tasks to queue
[2026-03-11T05:09:07.581+0000] {logging_mixin.py:188} INFO - [2026-03-11T05:09:07.579+0000] {dagbag.py:545} INFO - Filling up the DagBag from /home/cloud/codings/airflow/dags/list_s3_files_in_logs.py
[2026-03-11T05:09:07.635+0000] {processor.py:840} INFO - DAG(s) 'list_s3_files_in_logs' retrieved from /home/cloud/codings/airflow/dags/list_s3_files_in_logs.py
[2026-03-11T05:09:07.706+0000] {logging_mixin.py:188} INFO - [2026-03-11T05:09:07.706+0000] {dag.py:3089} INFO - Sync 1 DAGs
[2026-03-11T05:09:07.741+0000] {logging_mixin.py:188} INFO - [2026-03-11T05:09:07.740+0000] {dag.py:3947} INFO - Setting next_dagrun for list_s3_files_in_logs to None, run_after=None
[2026-03-11T05:09:07.795+0000] {processor.py:183} INFO - Processing /home/cloud/codings/airflow/dags/list_s3_files_in_logs.py took 0.274 seconds
[2026-03-11T05:09:38.489+0000] {processor.py:161} INFO - Started process (PID=532776) to work on /home/cloud/codings/airflow/dags/list_s3_files_in_logs.py
[2026-03-11T05:09:38.511+0000] {processor.py:830} INFO - Processing file /home/cloud/codings/airflow/dags/list_s3_files_in_logs.py for tasks to queue
[2026-03-11T05:09:38.513+0000] {logging_mixin.py:188} INFO - [2026-03-11T05:09:38.512+0000] {dagbag.py:545} INFO - Filling up the DagBag from /home/cloud/codings/airflow/dags/list_s3_files_in_logs.py
[2026-03-11T05:09:38.532+0000] {processor.py:840} INFO - DAG(s) 'list_s3_files_in_logs' retrieved from /home/cloud/codings/airflow/dags/list_s3_files_in_logs.py
[2026-03-11T05:09:38.557+0000] {logging_mixin.py:188} INFO - [2026-03-11T05:09:38.557+0000] {dag.py:3089} INFO - Sync 1 DAGs
[2026-03-11T05:09:38.573+0000] {logging_mixin.py:188} INFO - [2026-03-11T05:09:38.573+0000] {dag.py:3947} INFO - Setting next_dagrun for list_s3_files_in_logs to None, run_after=None
[2026-03-11T05:09:38.604+0000] {processor.py:183} INFO - Processing /home/cloud/codings/airflow/dags/list_s3_files_in_logs.py took 0.123 seconds
[2026-03-11T05:10:09.497+0000] {processor.py:161} INFO - Started process (PID=532916) to work on /home/cloud/codings/airflow/dags/list_s3_files_in_logs.py
[2026-03-11T05:10:09.499+0000] {processor.py:830} INFO - Processing file /home/cloud/codings/airflow/dags/list_s3_files_in_logs.py for tasks to queue
[2026-03-11T05:10:09.502+0000] {logging_mixin.py:188} INFO - [2026-03-11T05:10:09.500+0000] {dagbag.py:545} INFO - Filling up the DagBag from /home/cloud/codings/airflow/dags/list_s3_files_in_logs.py
[2026-03-11T05:10:09.526+0000] {processor.py:840} INFO - DAG(s) 'list_s3_files_in_logs' retrieved from /home/cloud/codings/airflow/dags/list_s3_files_in_logs.py
[2026-03-11T05:10:09.571+0000] {logging_mixin.py:188} INFO - [2026-03-11T05:10:09.570+0000] {dag.py:3089} INFO - Sync 1 DAGs
[2026-03-11T05:10:09.596+0000] {logging_mixin.py:188} INFO - [2026-03-11T05:10:09.595+0000] {dag.py:3947} INFO - Setting next_dagrun for list_s3_files_in_logs to None, run_after=None
[2026-03-11T05:10:09.639+0000] {processor.py:183} INFO - Processing /home/cloud/codings/airflow/dags/list_s3_files_in_logs.py took 0.155 seconds
[2026-03-11T05:10:40.294+0000] {processor.py:161} INFO - Started process (PID=532942) to work on /home/cloud/codings/airflow/dags/list_s3_files_in_logs.py
[2026-03-11T05:10:40.319+0000] {processor.py:830} INFO - Processing file /home/cloud/codings/airflow/dags/list_s3_files_in_logs.py for tasks to queue
[2026-03-11T05:10:40.323+0000] {logging_mixin.py:188} INFO - [2026-03-11T05:10:40.321+0000] {dagbag.py:545} INFO - Filling up the DagBag from /home/cloud/codings/airflow/dags/list_s3_files_in_logs.py
[2026-03-11T05:10:40.361+0000] {processor.py:840} INFO - DAG(s) 'list_s3_files_in_logs' retrieved from /home/cloud/codings/airflow/dags/list_s3_files_in_logs.py
[2026-03-11T05:10:40.397+0000] {logging_mixin.py:188} INFO - [2026-03-11T05:10:40.397+0000] {dag.py:3089} INFO - Sync 1 DAGs
[2026-03-11T05:10:40.410+0000] {logging_mixin.py:188} INFO - [2026-03-11T05:10:40.410+0000] {dag.py:3947} INFO - Setting next_dagrun for list_s3_files_in_logs to None, run_after=None
[2026-03-11T05:10:40.436+0000] {processor.py:183} INFO - Processing /home/cloud/codings/airflow/dags/list_s3_files_in_logs.py took 0.166 seconds
[2026-03-11T05:11:10.860+0000] {processor.py:161} INFO - Started process (PID=533029) to work on /home/cloud/codings/airflow/dags/list_s3_files_in_logs.py
[2026-03-11T05:11:10.862+0000] {processor.py:830} INFO - Processing file /home/cloud/codings/airflow/dags/list_s3_files_in_logs.py for tasks to queue
[2026-03-11T05:11:10.863+0000] {logging_mixin.py:188} INFO - [2026-03-11T05:11:10.863+0000] {dagbag.py:545} INFO - Filling up the DagBag from /home/cloud/codings/airflow/dags/list_s3_files_in_logs.py
[2026-03-11T05:11:10.880+0000] {processor.py:840} INFO - DAG(s) 'list_s3_files_in_logs' retrieved from /home/cloud/codings/airflow/dags/list_s3_files_in_logs.py
[2026-03-11T05:11:10.907+0000] {logging_mixin.py:188} INFO - [2026-03-11T05:11:10.907+0000] {dag.py:3089} INFO - Sync 1 DAGs
[2026-03-11T05:11:10.923+0000] {logging_mixin.py:188} INFO - [2026-03-11T05:11:10.923+0000] {dag.py:3947} INFO - Setting next_dagrun for list_s3_files_in_logs to None, run_after=None
[2026-03-11T05:11:10.951+0000] {processor.py:183} INFO - Processing /home/cloud/codings/airflow/dags/list_s3_files_in_logs.py took 0.101 seconds
[2026-03-11T05:11:41.487+0000] {processor.py:161} INFO - Started process (PID=533052) to work on /home/cloud/codings/airflow/dags/list_s3_files_in_logs.py
[2026-03-11T05:11:41.504+0000] {processor.py:830} INFO - Processing file /home/cloud/codings/airflow/dags/list_s3_files_in_logs.py for tasks to queue
[2026-03-11T05:11:41.506+0000] {logging_mixin.py:188} INFO - [2026-03-11T05:11:41.505+0000] {dagbag.py:545} INFO - Filling up the DagBag from /home/cloud/codings/airflow/dags/list_s3_files_in_logs.py
[2026-03-11T05:11:41.534+0000] {processor.py:840} INFO - DAG(s) 'list_s3_files_in_logs' retrieved from /home/cloud/codings/airflow/dags/list_s3_files_in_logs.py
[2026-03-11T05:11:41.597+0000] {logging_mixin.py:188} INFO - [2026-03-11T05:11:41.597+0000] {dag.py:3089} INFO - Sync 1 DAGs
[2026-03-11T05:11:41.639+0000] {logging_mixin.py:188} INFO - [2026-03-11T05:11:41.638+0000] {dag.py:3947} INFO - Setting next_dagrun for list_s3_files_in_logs to None, run_after=None
[2026-03-11T05:11:41.732+0000] {processor.py:183} INFO - Processing /home/cloud/codings/airflow/dags/list_s3_files_in_logs.py took 0.252 seconds
[2026-03-11T05:12:11.930+0000] {processor.py:161} INFO - Started process (PID=533137) to work on /home/cloud/codings/airflow/dags/list_s3_files_in_logs.py
[2026-03-11T05:12:11.934+0000] {processor.py:830} INFO - Processing file /home/cloud/codings/airflow/dags/list_s3_files_in_logs.py for tasks to queue
[2026-03-11T05:12:11.938+0000] {logging_mixin.py:188} INFO - [2026-03-11T05:12:11.936+0000] {dagbag.py:545} INFO - Filling up the DagBag from /home/cloud/codings/airflow/dags/list_s3_files_in_logs.py
[2026-03-11T05:12:11.970+0000] {processor.py:840} INFO - DAG(s) 'list_s3_files_in_logs' retrieved from /home/cloud/codings/airflow/dags/list_s3_files_in_logs.py
[2026-03-11T05:12:12.034+0000] {logging_mixin.py:188} INFO - [2026-03-11T05:12:12.034+0000] {dag.py:3089} INFO - Sync 1 DAGs
[2026-03-11T05:12:12.080+0000] {logging_mixin.py:188} INFO - [2026-03-11T05:12:12.079+0000] {dag.py:3947} INFO - Setting next_dagrun for list_s3_files_in_logs to None, run_after=None
[2026-03-11T05:12:12.171+0000] {processor.py:183} INFO - Processing /home/cloud/codings/airflow/dags/list_s3_files_in_logs.py took 0.257 seconds
[2026-03-11T05:12:42.443+0000] {processor.py:161} INFO - Started process (PID=533168) to work on /home/cloud/codings/airflow/dags/list_s3_files_in_logs.py
[2026-03-11T05:12:42.447+0000] {processor.py:830} INFO - Processing file /home/cloud/codings/airflow/dags/list_s3_files_in_logs.py for tasks to queue
[2026-03-11T05:12:42.450+0000] {logging_mixin.py:188} INFO - [2026-03-11T05:12:42.449+0000] {dagbag.py:545} INFO - Filling up the DagBag from /home/cloud/codings/airflow/dags/list_s3_files_in_logs.py
[2026-03-11T05:12:42.478+0000] {processor.py:840} INFO - DAG(s) 'list_s3_files_in_logs' retrieved from /home/cloud/codings/airflow/dags/list_s3_files_in_logs.py
[2026-03-11T05:12:42.531+0000] {logging_mixin.py:188} INFO - [2026-03-11T05:12:42.530+0000] {dag.py:3089} INFO - Sync 1 DAGs
[2026-03-11T05:12:42.555+0000] {logging_mixin.py:188} INFO - [2026-03-11T05:12:42.554+0000] {dag.py:3947} INFO - Setting next_dagrun for list_s3_files_in_logs to None, run_after=None
[2026-03-11T05:12:42.616+0000] {processor.py:183} INFO - Processing /home/cloud/codings/airflow/dags/list_s3_files_in_logs.py took 0.193 seconds
[2026-03-11T05:13:13.283+0000] {processor.py:161} INFO - Started process (PID=533245) to work on /home/cloud/codings/airflow/dags/list_s3_files_in_logs.py
[2026-03-11T05:13:13.287+0000] {processor.py:830} INFO - Processing file /home/cloud/codings/airflow/dags/list_s3_files_in_logs.py for tasks to queue
[2026-03-11T05:13:13.291+0000] {logging_mixin.py:188} INFO - [2026-03-11T05:13:13.290+0000] {dagbag.py:545} INFO - Filling up the DagBag from /home/cloud/codings/airflow/dags/list_s3_files_in_logs.py
[2026-03-11T05:13:13.351+0000] {processor.py:840} INFO - DAG(s) 'list_s3_files_in_logs' retrieved from /home/cloud/codings/airflow/dags/list_s3_files_in_logs.py
[2026-03-11T05:13:13.410+0000] {logging_mixin.py:188} INFO - [2026-03-11T05:13:13.409+0000] {dag.py:3089} INFO - Sync 1 DAGs
[2026-03-11T05:13:13.447+0000] {logging_mixin.py:188} INFO - [2026-03-11T05:13:13.446+0000] {dag.py:3947} INFO - Setting next_dagrun for list_s3_files_in_logs to None, run_after=None
[2026-03-11T05:13:13.522+0000] {processor.py:183} INFO - Processing /home/cloud/codings/airflow/dags/list_s3_files_in_logs.py took 0.272 seconds
[2026-03-11T05:13:43.841+0000] {processor.py:161} INFO - Started process (PID=533270) to work on /home/cloud/codings/airflow/dags/list_s3_files_in_logs.py
[2026-03-11T05:13:43.845+0000] {processor.py:830} INFO - Processing file /home/cloud/codings/airflow/dags/list_s3_files_in_logs.py for tasks to queue
[2026-03-11T05:13:43.847+0000] {logging_mixin.py:188} INFO - [2026-03-11T05:13:43.846+0000] {dagbag.py:545} INFO - Filling up the DagBag from /home/cloud/codings/airflow/dags/list_s3_files_in_logs.py
[2026-03-11T05:13:43.874+0000] {processor.py:840} INFO - DAG(s) 'list_s3_files_in_logs' retrieved from /home/cloud/codings/airflow/dags/list_s3_files_in_logs.py
[2026-03-11T05:13:43.908+0000] {logging_mixin.py:188} INFO - [2026-03-11T05:13:43.908+0000] {dag.py:3089} INFO - Sync 1 DAGs
[2026-03-11T05:13:43.923+0000] {logging_mixin.py:188} INFO - [2026-03-11T05:13:43.923+0000] {dag.py:3947} INFO - Setting next_dagrun for list_s3_files_in_logs to None, run_after=None
[2026-03-11T05:13:43.949+0000] {processor.py:183} INFO - Processing /home/cloud/codings/airflow/dags/list_s3_files_in_logs.py took 0.134 seconds
[2026-03-11T05:14:14.463+0000] {processor.py:161} INFO - Started process (PID=533353) to work on /home/cloud/codings/airflow/dags/list_s3_files_in_logs.py
[2026-03-11T05:14:14.464+0000] {processor.py:830} INFO - Processing file /home/cloud/codings/airflow/dags/list_s3_files_in_logs.py for tasks to queue
[2026-03-11T05:14:14.465+0000] {logging_mixin.py:188} INFO - [2026-03-11T05:14:14.465+0000] {dagbag.py:545} INFO - Filling up the DagBag from /home/cloud/codings/airflow/dags/list_s3_files_in_logs.py
[2026-03-11T05:14:14.479+0000] {processor.py:840} INFO - DAG(s) 'list_s3_files_in_logs' retrieved from /home/cloud/codings/airflow/dags/list_s3_files_in_logs.py
[2026-03-11T05:14:14.499+0000] {logging_mixin.py:188} INFO - [2026-03-11T05:14:14.499+0000] {dag.py:3089} INFO - Sync 1 DAGs
[2026-03-11T05:14:14.513+0000] {logging_mixin.py:188} INFO - [2026-03-11T05:14:14.513+0000] {dag.py:3947} INFO - Setting next_dagrun for list_s3_files_in_logs to None, run_after=None
[2026-03-11T05:14:14.538+0000] {processor.py:183} INFO - Processing /home/cloud/codings/airflow/dags/list_s3_files_in_logs.py took 0.083 seconds
[2026-03-11T05:14:44.919+0000] {processor.py:161} INFO - Started process (PID=533382) to work on /home/cloud/codings/airflow/dags/list_s3_files_in_logs.py
[2026-03-11T05:14:44.937+0000] {processor.py:830} INFO - Processing file /home/cloud/codings/airflow/dags/list_s3_files_in_logs.py for tasks to queue
[2026-03-11T05:14:44.939+0000] {logging_mixin.py:188} INFO - [2026-03-11T05:14:44.938+0000] {dagbag.py:545} INFO - Filling up the DagBag from /home/cloud/codings/airflow/dags/list_s3_files_in_logs.py
[2026-03-11T05:14:44.966+0000] {processor.py:840} INFO - DAG(s) 'list_s3_files_in_logs' retrieved from /home/cloud/codings/airflow/dags/list_s3_files_in_logs.py
[2026-03-11T05:14:45.015+0000] {logging_mixin.py:188} INFO - [2026-03-11T05:14:45.014+0000] {dag.py:3089} INFO - Sync 1 DAGs
[2026-03-11T05:14:45.039+0000] {logging_mixin.py:188} INFO - [2026-03-11T05:14:45.039+0000] {dag.py:3947} INFO - Setting next_dagrun for list_s3_files_in_logs to None, run_after=None
[2026-03-11T05:14:45.093+0000] {processor.py:183} INFO - Processing /home/cloud/codings/airflow/dags/list_s3_files_in_logs.py took 0.189 seconds
[2026-03-11T05:15:15.730+0000] {processor.py:161} INFO - Started process (PID=533527) to work on /home/cloud/codings/airflow/dags/list_s3_files_in_logs.py
[2026-03-11T05:15:15.732+0000] {processor.py:830} INFO - Processing file /home/cloud/codings/airflow/dags/list_s3_files_in_logs.py for tasks to queue
[2026-03-11T05:15:15.734+0000] {logging_mixin.py:188} INFO - [2026-03-11T05:15:15.733+0000] {dagbag.py:545} INFO - Filling up the DagBag from /home/cloud/codings/airflow/dags/list_s3_files_in_logs.py
[2026-03-11T05:15:15.755+0000] {processor.py:840} INFO - DAG(s) 'list_s3_files_in_logs' retrieved from /home/cloud/codings/airflow/dags/list_s3_files_in_logs.py
[2026-03-11T05:15:15.794+0000] {logging_mixin.py:188} INFO - [2026-03-11T05:15:15.793+0000] {dag.py:3089} INFO - Sync 1 DAGs
[2026-03-11T05:15:15.818+0000] {logging_mixin.py:188} INFO - [2026-03-11T05:15:15.818+0000] {dag.py:3947} INFO - Setting next_dagrun for list_s3_files_in_logs to None, run_after=None
[2026-03-11T05:15:15.864+0000] {processor.py:183} INFO - Processing /home/cloud/codings/airflow/dags/list_s3_files_in_logs.py took 0.146 seconds
[2026-03-11T05:15:46.224+0000] {processor.py:161} INFO - Started process (PID=533552) to work on /home/cloud/codings/airflow/dags/list_s3_files_in_logs.py
[2026-03-11T05:15:46.242+0000] {processor.py:830} INFO - Processing file /home/cloud/codings/airflow/dags/list_s3_files_in_logs.py for tasks to queue
[2026-03-11T05:15:46.244+0000] {logging_mixin.py:188} INFO - [2026-03-11T05:15:46.243+0000] {dagbag.py:545} INFO - Filling up the DagBag from /home/cloud/codings/airflow/dags/list_s3_files_in_logs.py
[2026-03-11T05:15:46.266+0000] {processor.py:840} INFO - DAG(s) 'list_s3_files_in_logs' retrieved from /home/cloud/codings/airflow/dags/list_s3_files_in_logs.py
[2026-03-11T05:15:46.303+0000] {logging_mixin.py:188} INFO - [2026-03-11T05:15:46.303+0000] {dag.py:3089} INFO - Sync 1 DAGs
[2026-03-11T05:15:46.319+0000] {logging_mixin.py:188} INFO - [2026-03-11T05:15:46.319+0000] {dag.py:3947} INFO - Setting next_dagrun for list_s3_files_in_logs to None, run_after=None
[2026-03-11T05:15:46.345+0000] {processor.py:183} INFO - Processing /home/cloud/codings/airflow/dags/list_s3_files_in_logs.py took 0.140 seconds
[2026-03-11T05:16:16.586+0000] {processor.py:161} INFO - Started process (PID=533629) to work on /home/cloud/codings/airflow/dags/list_s3_files_in_logs.py
[2026-03-11T05:16:16.590+0000] {processor.py:830} INFO - Processing file /home/cloud/codings/airflow/dags/list_s3_files_in_logs.py for tasks to queue
[2026-03-11T05:16:16.592+0000] {logging_mixin.py:188} INFO - [2026-03-11T05:16:16.591+0000] {dagbag.py:545} INFO - Filling up the DagBag from /home/cloud/codings/airflow/dags/list_s3_files_in_logs.py
[2026-03-11T05:16:16.616+0000] {processor.py:840} INFO - DAG(s) 'list_s3_files_in_logs' retrieved from /home/cloud/codings/airflow/dags/list_s3_files_in_logs.py
[2026-03-11T05:16:16.656+0000] {logging_mixin.py:188} INFO - [2026-03-11T05:16:16.656+0000] {dag.py:3089} INFO - Sync 1 DAGs
[2026-03-11T05:16:16.671+0000] {logging_mixin.py:188} INFO - [2026-03-11T05:16:16.671+0000] {dag.py:3947} INFO - Setting next_dagrun for list_s3_files_in_logs to None, run_after=None
[2026-03-11T05:16:16.711+0000] {processor.py:183} INFO - Processing /home/cloud/codings/airflow/dags/list_s3_files_in_logs.py took 0.148 seconds
[2026-03-11T05:16:47.218+0000] {processor.py:161} INFO - Started process (PID=533660) to work on /home/cloud/codings/airflow/dags/list_s3_files_in_logs.py
[2026-03-11T05:16:47.236+0000] {processor.py:830} INFO - Processing file /home/cloud/codings/airflow/dags/list_s3_files_in_logs.py for tasks to queue
[2026-03-11T05:16:47.238+0000] {logging_mixin.py:188} INFO - [2026-03-11T05:16:47.237+0000] {dagbag.py:545} INFO - Filling up the DagBag from /home/cloud/codings/airflow/dags/list_s3_files_in_logs.py
[2026-03-11T05:16:47.258+0000] {processor.py:840} INFO - DAG(s) 'list_s3_files_in_logs' retrieved from /home/cloud/codings/airflow/dags/list_s3_files_in_logs.py
[2026-03-11T05:16:47.289+0000] {logging_mixin.py:188} INFO - [2026-03-11T05:16:47.288+0000] {dag.py:3089} INFO - Sync 1 DAGs
[2026-03-11T05:16:47.301+0000] {logging_mixin.py:188} INFO - [2026-03-11T05:16:47.301+0000] {dag.py:3947} INFO - Setting next_dagrun for list_s3_files_in_logs to None, run_after=None
[2026-03-11T05:16:47.336+0000] {processor.py:183} INFO - Processing /home/cloud/codings/airflow/dags/list_s3_files_in_logs.py took 0.127 seconds
[2026-03-11T05:17:18.337+0000] {processor.py:161} INFO - Started process (PID=533747) to work on /home/cloud/codings/airflow/dags/list_s3_files_in_logs.py
[2026-03-11T05:17:18.340+0000] {processor.py:830} INFO - Processing file /home/cloud/codings/airflow/dags/list_s3_files_in_logs.py for tasks to queue
[2026-03-11T05:17:18.344+0000] {logging_mixin.py:188} INFO - [2026-03-11T05:17:18.342+0000] {dagbag.py:545} INFO - Filling up the DagBag from /home/cloud/codings/airflow/dags/list_s3_files_in_logs.py
[2026-03-11T05:17:18.378+0000] {processor.py:840} INFO - DAG(s) 'list_s3_files_in_logs' retrieved from /home/cloud/codings/airflow/dags/list_s3_files_in_logs.py
[2026-03-11T05:17:18.425+0000] {logging_mixin.py:188} INFO - [2026-03-11T05:17:18.424+0000] {dag.py:3089} INFO - Sync 1 DAGs
[2026-03-11T05:17:18.477+0000] {logging_mixin.py:188} INFO - [2026-03-11T05:17:18.476+0000] {dag.py:3947} INFO - Setting next_dagrun for list_s3_files_in_logs to None, run_after=None
[2026-03-11T05:17:18.586+0000] {processor.py:183} INFO - Processing /home/cloud/codings/airflow/dags/list_s3_files_in_logs.py took 0.275 seconds
[2026-03-11T05:17:49.678+0000] {processor.py:161} INFO - Started process (PID=533793) to work on /home/cloud/codings/airflow/dags/list_s3_files_in_logs.py
[2026-03-11T05:17:49.699+0000] {processor.py:830} INFO - Processing file /home/cloud/codings/airflow/dags/list_s3_files_in_logs.py for tasks to queue
[2026-03-11T05:17:49.703+0000] {logging_mixin.py:188} INFO - [2026-03-11T05:17:49.701+0000] {dagbag.py:545} INFO - Filling up the DagBag from /home/cloud/codings/airflow/dags/list_s3_files_in_logs.py
[2026-03-11T05:17:49.747+0000] {processor.py:840} INFO - DAG(s) 'list_s3_files_in_logs' retrieved from /home/cloud/codings/airflow/dags/list_s3_files_in_logs.py
[2026-03-11T05:17:49.813+0000] {logging_mixin.py:188} INFO - [2026-03-11T05:17:49.813+0000] {dag.py:3089} INFO - Sync 1 DAGs
[2026-03-11T05:17:49.841+0000] {logging_mixin.py:188} INFO - [2026-03-11T05:17:49.841+0000] {dag.py:3947} INFO - Setting next_dagrun for list_s3_files_in_logs to None, run_after=None
[2026-03-11T05:17:49.894+0000] {processor.py:183} INFO - Processing /home/cloud/codings/airflow/dags/list_s3_files_in_logs.py took 0.241 seconds
[2026-03-11T05:18:20.239+0000] {processor.py:161} INFO - Started process (PID=533859) to work on /home/cloud/codings/airflow/dags/list_s3_files_in_logs.py
[2026-03-11T05:18:20.266+0000] {processor.py:830} INFO - Processing file /home/cloud/codings/airflow/dags/list_s3_files_in_logs.py for tasks to queue
[2026-03-11T05:18:20.271+0000] {logging_mixin.py:188} INFO - [2026-03-11T05:18:20.269+0000] {dagbag.py:545} INFO - Filling up the DagBag from /home/cloud/codings/airflow/dags/list_s3_files_in_logs.py
[2026-03-11T05:18:20.314+0000] {processor.py:840} INFO - DAG(s) 'list_s3_files_in_logs' retrieved from /home/cloud/codings/airflow/dags/list_s3_files_in_logs.py
[2026-03-11T05:18:20.353+0000] {logging_mixin.py:188} INFO - [2026-03-11T05:18:20.352+0000] {dag.py:3089} INFO - Sync 1 DAGs
[2026-03-11T05:18:20.365+0000] {logging_mixin.py:188} INFO - [2026-03-11T05:18:20.365+0000] {dag.py:3947} INFO - Setting next_dagrun for list_s3_files_in_logs to None, run_after=None
[2026-03-11T05:18:20.388+0000] {processor.py:183} INFO - Processing /home/cloud/codings/airflow/dags/list_s3_files_in_logs.py took 0.164 seconds
[2026-03-11T05:18:51.041+0000] {processor.py:161} INFO - Started process (PID=533939) to work on /home/cloud/codings/airflow/dags/list_s3_files_in_logs.py
[2026-03-11T05:18:51.044+0000] {processor.py:830} INFO - Processing file /home/cloud/codings/airflow/dags/list_s3_files_in_logs.py for tasks to queue
[2026-03-11T05:18:51.047+0000] {logging_mixin.py:188} INFO - [2026-03-11T05:18:51.046+0000] {dagbag.py:545} INFO - Filling up the DagBag from /home/cloud/codings/airflow/dags/list_s3_files_in_logs.py
[2026-03-11T05:18:51.073+0000] {processor.py:840} INFO - DAG(s) 'list_s3_files_in_logs' retrieved from /home/cloud/codings/airflow/dags/list_s3_files_in_logs.py
[2026-03-11T05:18:51.102+0000] {logging_mixin.py:188} INFO - [2026-03-11T05:18:51.102+0000] {dag.py:3089} INFO - Sync 1 DAGs
[2026-03-11T05:18:51.120+0000] {logging_mixin.py:188} INFO - [2026-03-11T05:18:51.120+0000] {dag.py:3947} INFO - Setting next_dagrun for list_s3_files_in_logs to None, run_after=None
[2026-03-11T05:18:51.159+0000] {processor.py:183} INFO - Processing /home/cloud/codings/airflow/dags/list_s3_files_in_logs.py took 0.140 seconds
[2026-03-11T05:19:21.839+0000] {processor.py:161} INFO - Started process (PID=533963) to work on /home/cloud/codings/airflow/dags/list_s3_files_in_logs.py
[2026-03-11T05:19:21.844+0000] {processor.py:830} INFO - Processing file /home/cloud/codings/airflow/dags/list_s3_files_in_logs.py for tasks to queue
[2026-03-11T05:19:21.848+0000] {logging_mixin.py:188} INFO - [2026-03-11T05:19:21.846+0000] {dagbag.py:545} INFO - Filling up the DagBag from /home/cloud/codings/airflow/dags/list_s3_files_in_logs.py
[2026-03-11T05:19:21.877+0000] {processor.py:840} INFO - DAG(s) 'list_s3_files_in_logs' retrieved from /home/cloud/codings/airflow/dags/list_s3_files_in_logs.py
[2026-03-11T05:19:21.913+0000] {logging_mixin.py:188} INFO - [2026-03-11T05:19:21.913+0000] {dag.py:3089} INFO - Sync 1 DAGs
[2026-03-11T05:19:21.930+0000] {logging_mixin.py:188} INFO - [2026-03-11T05:19:21.929+0000] {dag.py:3947} INFO - Setting next_dagrun for list_s3_files_in_logs to None, run_after=None
[2026-03-11T05:19:21.957+0000] {processor.py:183} INFO - Processing /home/cloud/codings/airflow/dags/list_s3_files_in_logs.py took 0.145 seconds
[2026-03-11T05:19:52.691+0000] {processor.py:161} INFO - Started process (PID=534050) to work on /home/cloud/codings/airflow/dags/list_s3_files_in_logs.py
[2026-03-11T05:19:52.693+0000] {processor.py:830} INFO - Processing file /home/cloud/codings/airflow/dags/list_s3_files_in_logs.py for tasks to queue
[2026-03-11T05:19:52.694+0000] {logging_mixin.py:188} INFO - [2026-03-11T05:19:52.694+0000] {dagbag.py:545} INFO - Filling up the DagBag from /home/cloud/codings/airflow/dags/list_s3_files_in_logs.py
[2026-03-11T05:19:52.711+0000] {processor.py:840} INFO - DAG(s) 'list_s3_files_in_logs' retrieved from /home/cloud/codings/airflow/dags/list_s3_files_in_logs.py
[2026-03-11T05:19:52.733+0000] {logging_mixin.py:188} INFO - [2026-03-11T05:19:52.732+0000] {dag.py:3089} INFO - Sync 1 DAGs
[2026-03-11T05:19:52.746+0000] {logging_mixin.py:188} INFO - [2026-03-11T05:19:52.746+0000] {dag.py:3947} INFO - Setting next_dagrun for list_s3_files_in_logs to None, run_after=None
[2026-03-11T05:19:52.771+0000] {processor.py:183} INFO - Processing /home/cloud/codings/airflow/dags/list_s3_files_in_logs.py took 0.087 seconds
[2026-03-11T05:20:23.282+0000] {processor.py:161} INFO - Started process (PID=534137) to work on /home/cloud/codings/airflow/dags/list_s3_files_in_logs.py
[2026-03-11T05:20:23.303+0000] {processor.py:830} INFO - Processing file /home/cloud/codings/airflow/dags/list_s3_files_in_logs.py for tasks to queue
[2026-03-11T05:20:23.307+0000] {logging_mixin.py:188} INFO - [2026-03-11T05:20:23.305+0000] {dagbag.py:545} INFO - Filling up the DagBag from /home/cloud/codings/airflow/dags/list_s3_files_in_logs.py
[2026-03-11T05:20:23.351+0000] {processor.py:840} INFO - DAG(s) 'list_s3_files_in_logs' retrieved from /home/cloud/codings/airflow/dags/list_s3_files_in_logs.py
[2026-03-11T05:20:23.400+0000] {logging_mixin.py:188} INFO - [2026-03-11T05:20:23.399+0000] {dag.py:3089} INFO - Sync 1 DAGs
[2026-03-11T05:20:23.426+0000] {logging_mixin.py:188} INFO - [2026-03-11T05:20:23.425+0000] {dag.py:3947} INFO - Setting next_dagrun for list_s3_files_in_logs to None, run_after=None
[2026-03-11T05:20:23.513+0000] {processor.py:183} INFO - Processing /home/cloud/codings/airflow/dags/list_s3_files_in_logs.py took 0.255 seconds
[2026-03-11T05:20:53.698+0000] {processor.py:161} INFO - Started process (PID=534224) to work on /home/cloud/codings/airflow/dags/list_s3_files_in_logs.py
[2026-03-11T05:20:53.700+0000] {processor.py:830} INFO - Processing file /home/cloud/codings/airflow/dags/list_s3_files_in_logs.py for tasks to queue
[2026-03-11T05:20:53.702+0000] {logging_mixin.py:188} INFO - [2026-03-11T05:20:53.701+0000] {dagbag.py:545} INFO - Filling up the DagBag from /home/cloud/codings/airflow/dags/list_s3_files_in_logs.py
[2026-03-11T05:20:53.727+0000] {processor.py:840} INFO - DAG(s) 'list_s3_files_in_logs' retrieved from /home/cloud/codings/airflow/dags/list_s3_files_in_logs.py
[2026-03-11T05:20:53.761+0000] {logging_mixin.py:188} INFO - [2026-03-11T05:20:53.761+0000] {dag.py:3089} INFO - Sync 1 DAGs
[2026-03-11T05:20:53.778+0000] {logging_mixin.py:188} INFO - [2026-03-11T05:20:53.778+0000] {dag.py:3947} INFO - Setting next_dagrun for list_s3_files_in_logs to None, run_after=None
[2026-03-11T05:20:53.806+0000] {processor.py:183} INFO - Processing /home/cloud/codings/airflow/dags/list_s3_files_in_logs.py took 0.123 seconds
[2026-03-11T05:21:24.227+0000] {processor.py:161} INFO - Started process (PID=534247) to work on /home/cloud/codings/airflow/dags/list_s3_files_in_logs.py
[2026-03-11T05:21:24.256+0000] {processor.py:830} INFO - Processing file /home/cloud/codings/airflow/dags/list_s3_files_in_logs.py for tasks to queue
[2026-03-11T05:21:24.261+0000] {logging_mixin.py:188} INFO - [2026-03-11T05:21:24.259+0000] {dagbag.py:545} INFO - Filling up the DagBag from /home/cloud/codings/airflow/dags/list_s3_files_in_logs.py
[2026-03-11T05:21:24.306+0000] {processor.py:840} INFO - DAG(s) 'list_s3_files_in_logs' retrieved from /home/cloud/codings/airflow/dags/list_s3_files_in_logs.py
[2026-03-11T05:21:24.349+0000] {logging_mixin.py:188} INFO - [2026-03-11T05:21:24.349+0000] {dag.py:3089} INFO - Sync 1 DAGs
[2026-03-11T05:21:24.374+0000] {logging_mixin.py:188} INFO - [2026-03-11T05:21:24.373+0000] {dag.py:3947} INFO - Setting next_dagrun for list_s3_files_in_logs to None, run_after=None
[2026-03-11T05:21:24.437+0000] {processor.py:183} INFO - Processing /home/cloud/codings/airflow/dags/list_s3_files_in_logs.py took 0.237 seconds
[2026-03-11T05:21:54.767+0000] {processor.py:161} INFO - Started process (PID=534326) to work on /home/cloud/codings/airflow/dags/list_s3_files_in_logs.py
[2026-03-11T05:21:54.794+0000] {processor.py:830} INFO - Processing file /home/cloud/codings/airflow/dags/list_s3_files_in_logs.py for tasks to queue
[2026-03-11T05:21:54.797+0000] {logging_mixin.py:188} INFO - [2026-03-11T05:21:54.795+0000] {dagbag.py:545} INFO - Filling up the DagBag from /home/cloud/codings/airflow/dags/list_s3_files_in_logs.py
[2026-03-11T05:21:54.828+0000] {processor.py:840} INFO - DAG(s) 'list_s3_files_in_logs' retrieved from /home/cloud/codings/airflow/dags/list_s3_files_in_logs.py
[2026-03-11T05:21:54.887+0000] {logging_mixin.py:188} INFO - [2026-03-11T05:21:54.887+0000] {dag.py:3089} INFO - Sync 1 DAGs
[2026-03-11T05:21:54.912+0000] {logging_mixin.py:188} INFO - [2026-03-11T05:21:54.911+0000] {dag.py:3947} INFO - Setting next_dagrun for list_s3_files_in_logs to None, run_after=None
[2026-03-11T05:21:54.981+0000] {processor.py:183} INFO - Processing /home/cloud/codings/airflow/dags/list_s3_files_in_logs.py took 0.231 seconds
[2026-03-11T05:22:25.368+0000] {processor.py:161} INFO - Started process (PID=534354) to work on /home/cloud/codings/airflow/dags/list_s3_files_in_logs.py
[2026-03-11T05:22:25.398+0000] {processor.py:830} INFO - Processing file /home/cloud/codings/airflow/dags/list_s3_files_in_logs.py for tasks to queue
[2026-03-11T05:22:25.403+0000] {logging_mixin.py:188} INFO - [2026-03-11T05:22:25.401+0000] {dagbag.py:545} INFO - Filling up the DagBag from /home/cloud/codings/airflow/dags/list_s3_files_in_logs.py
[2026-03-11T05:22:25.441+0000] {processor.py:840} INFO - DAG(s) 'list_s3_files_in_logs' retrieved from /home/cloud/codings/airflow/dags/list_s3_files_in_logs.py
[2026-03-11T05:22:25.482+0000] {logging_mixin.py:188} INFO - [2026-03-11T05:22:25.481+0000] {dag.py:3089} INFO - Sync 1 DAGs
[2026-03-11T05:22:25.508+0000] {logging_mixin.py:188} INFO - [2026-03-11T05:22:25.507+0000] {dag.py:3947} INFO - Setting next_dagrun for list_s3_files_in_logs to None, run_after=None
[2026-03-11T05:22:25.568+0000] {processor.py:183} INFO - Processing /home/cloud/codings/airflow/dags/list_s3_files_in_logs.py took 0.237 seconds
[2026-03-11T05:22:55.895+0000] {processor.py:161} INFO - Started process (PID=534459) to work on /home/cloud/codings/airflow/dags/list_s3_files_in_logs.py
[2026-03-11T05:22:55.897+0000] {processor.py:830} INFO - Processing file /home/cloud/codings/airflow/dags/list_s3_files_in_logs.py for tasks to queue
[2026-03-11T05:22:55.898+0000] {logging_mixin.py:188} INFO - [2026-03-11T05:22:55.898+0000] {dagbag.py:545} INFO - Filling up the DagBag from /home/cloud/codings/airflow/dags/list_s3_files_in_logs.py
[2026-03-11T05:22:55.920+0000] {processor.py:840} INFO - DAG(s) 'list_s3_files_in_logs' retrieved from /home/cloud/codings/airflow/dags/list_s3_files_in_logs.py
[2026-03-11T05:22:55.951+0000] {logging_mixin.py:188} INFO - [2026-03-11T05:22:55.951+0000] {dag.py:3089} INFO - Sync 1 DAGs
[2026-03-11T05:22:55.968+0000] {logging_mixin.py:188} INFO - [2026-03-11T05:22:55.968+0000] {dag.py:3947} INFO - Setting next_dagrun for list_s3_files_in_logs to None, run_after=None
[2026-03-11T05:22:55.993+0000] {processor.py:183} INFO - Processing /home/cloud/codings/airflow/dags/list_s3_files_in_logs.py took 0.111 seconds
[2026-03-11T05:23:26.480+0000] {processor.py:161} INFO - Started process (PID=534482) to work on /home/cloud/codings/airflow/dags/list_s3_files_in_logs.py
[2026-03-11T05:23:26.481+0000] {processor.py:830} INFO - Processing file /home/cloud/codings/airflow/dags/list_s3_files_in_logs.py for tasks to queue
[2026-03-11T05:23:26.483+0000] {logging_mixin.py:188} INFO - [2026-03-11T05:23:26.482+0000] {dagbag.py:545} INFO - Filling up the DagBag from /home/cloud/codings/airflow/dags/list_s3_files_in_logs.py
[2026-03-11T05:23:26.497+0000] {processor.py:840} INFO - DAG(s) 'list_s3_files_in_logs' retrieved from /home/cloud/codings/airflow/dags/list_s3_files_in_logs.py
[2026-03-11T05:23:26.521+0000] {logging_mixin.py:188} INFO - [2026-03-11T05:23:26.520+0000] {dag.py:3089} INFO - Sync 1 DAGs
[2026-03-11T05:23:26.535+0000] {logging_mixin.py:188} INFO - [2026-03-11T05:23:26.535+0000] {dag.py:3947} INFO - Setting next_dagrun for list_s3_files_in_logs to None, run_after=None
[2026-03-11T05:23:26.563+0000] {processor.py:183} INFO - Processing /home/cloud/codings/airflow/dags/list_s3_files_in_logs.py took 0.094 seconds
[2026-03-11T05:23:57.104+0000] {processor.py:161} INFO - Started process (PID=534569) to work on /home/cloud/codings/airflow/dags/list_s3_files_in_logs.py
[2026-03-11T05:23:57.124+0000] {processor.py:830} INFO - Processing file /home/cloud/codings/airflow/dags/list_s3_files_in_logs.py for tasks to queue
[2026-03-11T05:23:57.125+0000] {logging_mixin.py:188} INFO - [2026-03-11T05:23:57.125+0000] {dagbag.py:545} INFO - Filling up the DagBag from /home/cloud/codings/airflow/dags/list_s3_files_in_logs.py
[2026-03-11T05:23:57.146+0000] {processor.py:840} INFO - DAG(s) 'list_s3_files_in_logs' retrieved from /home/cloud/codings/airflow/dags/list_s3_files_in_logs.py
[2026-03-11T05:23:57.186+0000] {logging_mixin.py:188} INFO - [2026-03-11T05:23:57.186+0000] {dag.py:3089} INFO - Sync 1 DAGs
[2026-03-11T05:23:57.205+0000] {logging_mixin.py:188} INFO - [2026-03-11T05:23:57.205+0000] {dag.py:3947} INFO - Setting next_dagrun for list_s3_files_in_logs to None, run_after=None
[2026-03-11T05:23:57.235+0000] {processor.py:183} INFO - Processing /home/cloud/codings/airflow/dags/list_s3_files_in_logs.py took 0.143 seconds
[2026-03-11T05:24:27.760+0000] {processor.py:161} INFO - Started process (PID=534594) to work on /home/cloud/codings/airflow/dags/list_s3_files_in_logs.py
[2026-03-11T05:24:27.762+0000] {processor.py:830} INFO - Processing file /home/cloud/codings/airflow/dags/list_s3_files_in_logs.py for tasks to queue
[2026-03-11T05:24:27.763+0000] {logging_mixin.py:188} INFO - [2026-03-11T05:24:27.763+0000] {dagbag.py:545} INFO - Filling up the DagBag from /home/cloud/codings/airflow/dags/list_s3_files_in_logs.py
[2026-03-11T05:24:27.782+0000] {processor.py:840} INFO - DAG(s) 'list_s3_files_in_logs' retrieved from /home/cloud/codings/airflow/dags/list_s3_files_in_logs.py
[2026-03-11T05:24:27.814+0000] {logging_mixin.py:188} INFO - [2026-03-11T05:24:27.813+0000] {dag.py:3089} INFO - Sync 1 DAGs
[2026-03-11T05:24:27.832+0000] {logging_mixin.py:188} INFO - [2026-03-11T05:24:27.832+0000] {dag.py:3947} INFO - Setting next_dagrun for list_s3_files_in_logs to None, run_after=None
[2026-03-11T05:24:27.863+0000] {processor.py:183} INFO - Processing /home/cloud/codings/airflow/dags/list_s3_files_in_logs.py took 0.116 seconds
[2026-03-11T05:24:58.079+0000] {processor.py:161} INFO - Started process (PID=534677) to work on /home/cloud/codings/airflow/dags/list_s3_files_in_logs.py
[2026-03-11T05:24:58.086+0000] {processor.py:830} INFO - Processing file /home/cloud/codings/airflow/dags/list_s3_files_in_logs.py for tasks to queue
[2026-03-11T05:24:58.089+0000] {logging_mixin.py:188} INFO - [2026-03-11T05:24:58.088+0000] {dagbag.py:545} INFO - Filling up the DagBag from /home/cloud/codings/airflow/dags/list_s3_files_in_logs.py
[2026-03-11T05:24:58.112+0000] {processor.py:840} INFO - DAG(s) 'list_s3_files_in_logs' retrieved from /home/cloud/codings/airflow/dags/list_s3_files_in_logs.py
[2026-03-11T05:24:58.154+0000] {logging_mixin.py:188} INFO - [2026-03-11T05:24:58.153+0000] {dag.py:3089} INFO - Sync 1 DAGs
[2026-03-11T05:24:58.178+0000] {logging_mixin.py:188} INFO - [2026-03-11T05:24:58.178+0000] {dag.py:3947} INFO - Setting next_dagrun for list_s3_files_in_logs to None, run_after=None
[2026-03-11T05:24:58.214+0000] {processor.py:183} INFO - Processing /home/cloud/codings/airflow/dags/list_s3_files_in_logs.py took 0.150 seconds
[2026-03-11T05:25:28.667+0000] {processor.py:161} INFO - Started process (PID=534760) to work on /home/cloud/codings/airflow/dags/list_s3_files_in_logs.py
[2026-03-11T05:25:28.686+0000] {processor.py:830} INFO - Processing file /home/cloud/codings/airflow/dags/list_s3_files_in_logs.py for tasks to queue
[2026-03-11T05:25:28.687+0000] {logging_mixin.py:188} INFO - [2026-03-11T05:25:28.687+0000] {dagbag.py:545} INFO - Filling up the DagBag from /home/cloud/codings/airflow/dags/list_s3_files_in_logs.py
[2026-03-11T05:25:28.710+0000] {processor.py:840} INFO - DAG(s) 'list_s3_files_in_logs' retrieved from /home/cloud/codings/airflow/dags/list_s3_files_in_logs.py
[2026-03-11T05:25:28.750+0000] {logging_mixin.py:188} INFO - [2026-03-11T05:25:28.749+0000] {dag.py:3089} INFO - Sync 1 DAGs
[2026-03-11T05:25:28.776+0000] {logging_mixin.py:188} INFO - [2026-03-11T05:25:28.776+0000] {dag.py:3947} INFO - Setting next_dagrun for list_s3_files_in_logs to None, run_after=None
[2026-03-11T05:25:28.840+0000] {processor.py:183} INFO - Processing /home/cloud/codings/airflow/dags/list_s3_files_in_logs.py took 0.185 seconds
[2026-03-11T05:25:59.340+0000] {processor.py:161} INFO - Started process (PID=534845) to work on /home/cloud/codings/airflow/dags/list_s3_files_in_logs.py
[2026-03-11T05:25:59.344+0000] {processor.py:830} INFO - Processing file /home/cloud/codings/airflow/dags/list_s3_files_in_logs.py for tasks to queue
[2026-03-11T05:25:59.347+0000] {logging_mixin.py:188} INFO - [2026-03-11T05:25:59.346+0000] {dagbag.py:545} INFO - Filling up the DagBag from /home/cloud/codings/airflow/dags/list_s3_files_in_logs.py
[2026-03-11T05:25:59.370+0000] {processor.py:840} INFO - DAG(s) 'list_s3_files_in_logs' retrieved from /home/cloud/codings/airflow/dags/list_s3_files_in_logs.py
[2026-03-11T05:25:59.408+0000] {logging_mixin.py:188} INFO - [2026-03-11T05:25:59.407+0000] {dag.py:3089} INFO - Sync 1 DAGs
[2026-03-11T05:25:59.434+0000] {logging_mixin.py:188} INFO - [2026-03-11T05:25:59.434+0000] {dag.py:3947} INFO - Setting next_dagrun for list_s3_files_in_logs to None, run_after=None
[2026-03-11T05:25:59.499+0000] {processor.py:183} INFO - Processing /home/cloud/codings/airflow/dags/list_s3_files_in_logs.py took 0.176 seconds
[2026-03-11T05:26:30.009+0000] {processor.py:161} INFO - Started process (PID=534872) to work on /home/cloud/codings/airflow/dags/list_s3_files_in_logs.py
[2026-03-11T05:26:30.011+0000] {processor.py:830} INFO - Processing file /home/cloud/codings/airflow/dags/list_s3_files_in_logs.py for tasks to queue
[2026-03-11T05:26:30.013+0000] {logging_mixin.py:188} INFO - [2026-03-11T05:26:30.012+0000] {dagbag.py:545} INFO - Filling up the DagBag from /home/cloud/codings/airflow/dags/list_s3_files_in_logs.py
[2026-03-11T05:26:30.038+0000] {processor.py:840} INFO - DAG(s) 'list_s3_files_in_logs' retrieved from /home/cloud/codings/airflow/dags/list_s3_files_in_logs.py
[2026-03-11T05:26:30.070+0000] {logging_mixin.py:188} INFO - [2026-03-11T05:26:30.070+0000] {dag.py:3089} INFO - Sync 1 DAGs
[2026-03-11T05:26:30.089+0000] {logging_mixin.py:188} INFO - [2026-03-11T05:26:30.088+0000] {dag.py:3947} INFO - Setting next_dagrun for list_s3_files_in_logs to None, run_after=None
[2026-03-11T05:26:30.123+0000] {processor.py:183} INFO - Processing /home/cloud/codings/airflow/dags/list_s3_files_in_logs.py took 0.132 seconds
[2026-03-11T05:27:00.640+0000] {processor.py:161} INFO - Started process (PID=534959) to work on /home/cloud/codings/airflow/dags/list_s3_files_in_logs.py
[2026-03-11T05:27:00.659+0000] {processor.py:830} INFO - Processing file /home/cloud/codings/airflow/dags/list_s3_files_in_logs.py for tasks to queue
[2026-03-11T05:27:00.661+0000] {logging_mixin.py:188} INFO - [2026-03-11T05:27:00.660+0000] {dagbag.py:545} INFO - Filling up the DagBag from /home/cloud/codings/airflow/dags/list_s3_files_in_logs.py
[2026-03-11T05:27:00.683+0000] {processor.py:840} INFO - DAG(s) 'list_s3_files_in_logs' retrieved from /home/cloud/codings/airflow/dags/list_s3_files_in_logs.py
[2026-03-11T05:27:00.724+0000] {logging_mixin.py:188} INFO - [2026-03-11T05:27:00.723+0000] {dag.py:3089} INFO - Sync 1 DAGs
[2026-03-11T05:27:00.750+0000] {logging_mixin.py:188} INFO - [2026-03-11T05:27:00.750+0000] {dag.py:3947} INFO - Setting next_dagrun for list_s3_files_in_logs to None, run_after=None
[2026-03-11T05:27:00.788+0000] {processor.py:183} INFO - Processing /home/cloud/codings/airflow/dags/list_s3_files_in_logs.py took 0.168 seconds
[2026-03-11T05:27:31.234+0000] {processor.py:161} INFO - Started process (PID=534976) to work on /home/cloud/codings/airflow/dags/list_s3_files_in_logs.py
[2026-03-11T05:27:31.255+0000] {processor.py:830} INFO - Processing file /home/cloud/codings/airflow/dags/list_s3_files_in_logs.py for tasks to queue
[2026-03-11T05:27:31.257+0000] {logging_mixin.py:188} INFO - [2026-03-11T05:27:31.256+0000] {dagbag.py:545} INFO - Filling up the DagBag from /home/cloud/codings/airflow/dags/list_s3_files_in_logs.py
[2026-03-11T05:27:31.287+0000] {processor.py:840} INFO - DAG(s) 'list_s3_files_in_logs' retrieved from /home/cloud/codings/airflow/dags/list_s3_files_in_logs.py
[2026-03-11T05:27:31.319+0000] {logging_mixin.py:188} INFO - [2026-03-11T05:27:31.318+0000] {dag.py:3089} INFO - Sync 1 DAGs
[2026-03-11T05:27:31.337+0000] {logging_mixin.py:188} INFO - [2026-03-11T05:27:31.336+0000] {dag.py:3947} INFO - Setting next_dagrun for list_s3_files_in_logs to None, run_after=None
[2026-03-11T05:27:31.371+0000] {processor.py:183} INFO - Processing /home/cloud/codings/airflow/dags/list_s3_files_in_logs.py took 0.155 seconds
[2026-03-11T05:28:01.764+0000] {processor.py:161} INFO - Started process (PID=535064) to work on /home/cloud/codings/airflow/dags/list_s3_files_in_logs.py
[2026-03-11T05:28:01.785+0000] {processor.py:830} INFO - Processing file /home/cloud/codings/airflow/dags/list_s3_files_in_logs.py for tasks to queue
[2026-03-11T05:28:01.789+0000] {logging_mixin.py:188} INFO - [2026-03-11T05:28:01.787+0000] {dagbag.py:545} INFO - Filling up the DagBag from /home/cloud/codings/airflow/dags/list_s3_files_in_logs.py
[2026-03-11T05:28:01.835+0000] {processor.py:840} INFO - DAG(s) 'list_s3_files_in_logs' retrieved from /home/cloud/codings/airflow/dags/list_s3_files_in_logs.py
[2026-03-11T05:28:01.888+0000] {logging_mixin.py:188} INFO - [2026-03-11T05:28:01.887+0000] {dag.py:3089} INFO - Sync 1 DAGs
[2026-03-11T05:28:01.911+0000] {logging_mixin.py:188} INFO - [2026-03-11T05:28:01.911+0000] {dag.py:3947} INFO - Setting next_dagrun for list_s3_files_in_logs to None, run_after=None
[2026-03-11T05:28:01.972+0000] {processor.py:183} INFO - Processing /home/cloud/codings/airflow/dags/list_s3_files_in_logs.py took 0.237 seconds
[2026-03-11T05:28:32.162+0000] {processor.py:161} INFO - Started process (PID=535089) to work on /home/cloud/codings/airflow/dags/list_s3_files_in_logs.py
[2026-03-11T05:28:32.184+0000] {processor.py:830} INFO - Processing file /home/cloud/codings/airflow/dags/list_s3_files_in_logs.py for tasks to queue
[2026-03-11T05:28:32.187+0000] {logging_mixin.py:188} INFO - [2026-03-11T05:28:32.186+0000] {dagbag.py:545} INFO - Filling up the DagBag from /home/cloud/codings/airflow/dags/list_s3_files_in_logs.py
[2026-03-11T05:28:32.228+0000] {processor.py:840} INFO - DAG(s) 'list_s3_files_in_logs' retrieved from /home/cloud/codings/airflow/dags/list_s3_files_in_logs.py
[2026-03-11T05:28:32.271+0000] {logging_mixin.py:188} INFO - [2026-03-11T05:28:32.271+0000] {dag.py:3089} INFO - Sync 1 DAGs
[2026-03-11T05:28:32.299+0000] {logging_mixin.py:188} INFO - [2026-03-11T05:28:32.298+0000] {dag.py:3947} INFO - Setting next_dagrun for list_s3_files_in_logs to None, run_after=None
[2026-03-11T05:28:32.381+0000] {processor.py:183} INFO - Processing /home/cloud/codings/airflow/dags/list_s3_files_in_logs.py took 0.246 seconds
[2026-03-11T05:29:02.842+0000] {processor.py:161} INFO - Started process (PID=535178) to work on /home/cloud/codings/airflow/dags/list_s3_files_in_logs.py
[2026-03-11T05:29:02.845+0000] {processor.py:830} INFO - Processing file /home/cloud/codings/airflow/dags/list_s3_files_in_logs.py for tasks to queue
[2026-03-11T05:29:02.847+0000] {logging_mixin.py:188} INFO - [2026-03-11T05:29:02.846+0000] {dagbag.py:545} INFO - Filling up the DagBag from /home/cloud/codings/airflow/dags/list_s3_files_in_logs.py
[2026-03-11T05:29:02.871+0000] {processor.py:840} INFO - DAG(s) 'list_s3_files_in_logs' retrieved from /home/cloud/codings/airflow/dags/list_s3_files_in_logs.py
[2026-03-11T05:29:02.912+0000] {logging_mixin.py:188} INFO - [2026-03-11T05:29:02.912+0000] {dag.py:3089} INFO - Sync 1 DAGs
[2026-03-11T05:29:02.937+0000] {logging_mixin.py:188} INFO - [2026-03-11T05:29:02.937+0000] {dag.py:3947} INFO - Setting next_dagrun for list_s3_files_in_logs to None, run_after=None
[2026-03-11T05:29:02.979+0000] {processor.py:183} INFO - Processing /home/cloud/codings/airflow/dags/list_s3_files_in_logs.py took 0.149 seconds
[2026-03-11T05:29:33.520+0000] {processor.py:161} INFO - Started process (PID=535201) to work on /home/cloud/codings/airflow/dags/list_s3_files_in_logs.py
[2026-03-11T05:29:33.550+0000] {processor.py:830} INFO - Processing file /home/cloud/codings/airflow/dags/list_s3_files_in_logs.py for tasks to queue
[2026-03-11T05:29:33.552+0000] {logging_mixin.py:188} INFO - [2026-03-11T05:29:33.551+0000] {dagbag.py:545} INFO - Filling up the DagBag from /home/cloud/codings/airflow/dags/list_s3_files_in_logs.py
[2026-03-11T05:29:33.580+0000] {processor.py:840} INFO - DAG(s) 'list_s3_files_in_logs' retrieved from /home/cloud/codings/airflow/dags/list_s3_files_in_logs.py
[2026-03-11T05:29:33.616+0000] {logging_mixin.py:188} INFO - [2026-03-11T05:29:33.616+0000] {dag.py:3089} INFO - Sync 1 DAGs
[2026-03-11T05:29:33.632+0000] {logging_mixin.py:188} INFO - [2026-03-11T05:29:33.632+0000] {dag.py:3947} INFO - Setting next_dagrun for list_s3_files_in_logs to None, run_after=None
[2026-03-11T05:29:33.676+0000] {processor.py:183} INFO - Processing /home/cloud/codings/airflow/dags/list_s3_files_in_logs.py took 0.171 seconds
[2026-03-11T05:30:04.222+0000] {processor.py:161} INFO - Started process (PID=535311) to work on /home/cloud/codings/airflow/dags/list_s3_files_in_logs.py
[2026-03-11T05:30:04.226+0000] {processor.py:830} INFO - Processing file /home/cloud/codings/airflow/dags/list_s3_files_in_logs.py for tasks to queue
[2026-03-11T05:30:04.228+0000] {logging_mixin.py:188} INFO - [2026-03-11T05:30:04.227+0000] {dagbag.py:545} INFO - Filling up the DagBag from /home/cloud/codings/airflow/dags/list_s3_files_in_logs.py
[2026-03-11T05:30:04.256+0000] {processor.py:840} INFO - DAG(s) 'list_s3_files_in_logs' retrieved from /home/cloud/codings/airflow/dags/list_s3_files_in_logs.py
[2026-03-11T05:30:04.293+0000] {logging_mixin.py:188} INFO - [2026-03-11T05:30:04.292+0000] {dag.py:3089} INFO - Sync 1 DAGs
[2026-03-11T05:30:04.308+0000] {logging_mixin.py:188} INFO - [2026-03-11T05:30:04.308+0000] {dag.py:3947} INFO - Setting next_dagrun for list_s3_files_in_logs to None, run_after=None
[2026-03-11T05:30:04.348+0000] {processor.py:183} INFO - Processing /home/cloud/codings/airflow/dags/list_s3_files_in_logs.py took 0.144 seconds
[2026-03-11T05:30:34.818+0000] {processor.py:161} INFO - Started process (PID=535367) to work on /home/cloud/codings/airflow/dags/list_s3_files_in_logs.py
[2026-03-11T05:30:34.848+0000] {processor.py:830} INFO - Processing file /home/cloud/codings/airflow/dags/list_s3_files_in_logs.py for tasks to queue
[2026-03-11T05:30:34.850+0000] {logging_mixin.py:188} INFO - [2026-03-11T05:30:34.849+0000] {dagbag.py:545} INFO - Filling up the DagBag from /home/cloud/codings/airflow/dags/list_s3_files_in_logs.py
[2026-03-11T05:30:34.875+0000] {processor.py:840} INFO - DAG(s) 'list_s3_files_in_logs' retrieved from /home/cloud/codings/airflow/dags/list_s3_files_in_logs.py
[2026-03-11T05:30:34.918+0000] {logging_mixin.py:188} INFO - [2026-03-11T05:30:34.917+0000] {dag.py:3089} INFO - Sync 1 DAGs
[2026-03-11T05:30:34.947+0000] {logging_mixin.py:188} INFO - [2026-03-11T05:30:34.947+0000] {dag.py:3947} INFO - Setting next_dagrun for list_s3_files_in_logs to None, run_after=None
[2026-03-11T05:30:35.005+0000] {processor.py:183} INFO - Processing /home/cloud/codings/airflow/dags/list_s3_files_in_logs.py took 0.200 seconds
[2026-03-11T05:31:05.499+0000] {processor.py:161} INFO - Started process (PID=535452) to work on /home/cloud/codings/airflow/dags/list_s3_files_in_logs.py
[2026-03-11T05:31:05.501+0000] {processor.py:830} INFO - Processing file /home/cloud/codings/airflow/dags/list_s3_files_in_logs.py for tasks to queue
[2026-03-11T05:31:05.503+0000] {logging_mixin.py:188} INFO - [2026-03-11T05:31:05.502+0000] {dagbag.py:545} INFO - Filling up the DagBag from /home/cloud/codings/airflow/dags/list_s3_files_in_logs.py
[2026-03-11T05:31:05.522+0000] {processor.py:840} INFO - DAG(s) 'list_s3_files_in_logs' retrieved from /home/cloud/codings/airflow/dags/list_s3_files_in_logs.py
[2026-03-11T05:31:05.551+0000] {logging_mixin.py:188} INFO - [2026-03-11T05:31:05.551+0000] {dag.py:3089} INFO - Sync 1 DAGs
[2026-03-11T05:31:05.564+0000] {logging_mixin.py:188} INFO - [2026-03-11T05:31:05.564+0000] {dag.py:3947} INFO - Setting next_dagrun for list_s3_files_in_logs to None, run_after=None
[2026-03-11T05:31:05.601+0000] {processor.py:183} INFO - Processing /home/cloud/codings/airflow/dags/list_s3_files_in_logs.py took 0.114 seconds
[2026-03-11T05:31:35.977+0000] {processor.py:161} INFO - Started process (PID=535475) to work on /home/cloud/codings/airflow/dags/list_s3_files_in_logs.py
[2026-03-11T05:31:35.999+0000] {processor.py:830} INFO - Processing file /home/cloud/codings/airflow/dags/list_s3_files_in_logs.py for tasks to queue
[2026-03-11T05:31:36.001+0000] {logging_mixin.py:188} INFO - [2026-03-11T05:31:36.000+0000] {dagbag.py:545} INFO - Filling up the DagBag from /home/cloud/codings/airflow/dags/list_s3_files_in_logs.py
[2026-03-11T05:31:36.022+0000] {processor.py:840} INFO - DAG(s) 'list_s3_files_in_logs' retrieved from /home/cloud/codings/airflow/dags/list_s3_files_in_logs.py
[2026-03-11T05:31:36.060+0000] {logging_mixin.py:188} INFO - [2026-03-11T05:31:36.059+0000] {dag.py:3089} INFO - Sync 1 DAGs
[2026-03-11T05:31:36.084+0000] {logging_mixin.py:188} INFO - [2026-03-11T05:31:36.083+0000] {dag.py:3947} INFO - Setting next_dagrun for list_s3_files_in_logs to None, run_after=None
[2026-03-11T05:31:36.127+0000] {processor.py:183} INFO - Processing /home/cloud/codings/airflow/dags/list_s3_files_in_logs.py took 0.172 seconds
[2026-03-11T05:32:06.477+0000] {processor.py:161} INFO - Started process (PID=535562) to work on /home/cloud/codings/airflow/dags/list_s3_files_in_logs.py
[2026-03-11T05:32:06.500+0000] {processor.py:830} INFO - Processing file /home/cloud/codings/airflow/dags/list_s3_files_in_logs.py for tasks to queue
[2026-03-11T05:32:06.503+0000] {logging_mixin.py:188} INFO - [2026-03-11T05:32:06.502+0000] {dagbag.py:545} INFO - Filling up the DagBag from /home/cloud/codings/airflow/dags/list_s3_files_in_logs.py
[2026-03-11T05:32:06.525+0000] {processor.py:840} INFO - DAG(s) 'list_s3_files_in_logs' retrieved from /home/cloud/codings/airflow/dags/list_s3_files_in_logs.py
[2026-03-11T05:32:06.559+0000] {logging_mixin.py:188} INFO - [2026-03-11T05:32:06.558+0000] {dag.py:3089} INFO - Sync 1 DAGs
[2026-03-11T05:32:06.579+0000] {logging_mixin.py:188} INFO - [2026-03-11T05:32:06.579+0000] {dag.py:3947} INFO - Setting next_dagrun for list_s3_files_in_logs to None, run_after=None
[2026-03-11T05:32:06.614+0000] {processor.py:183} INFO - Processing /home/cloud/codings/airflow/dags/list_s3_files_in_logs.py took 0.155 seconds
[2026-03-11T05:32:37.069+0000] {processor.py:161} INFO - Started process (PID=535589) to work on /home/cloud/codings/airflow/dags/list_s3_files_in_logs.py
[2026-03-11T05:32:37.097+0000] {processor.py:830} INFO - Processing file /home/cloud/codings/airflow/dags/list_s3_files_in_logs.py for tasks to queue
[2026-03-11T05:32:37.101+0000] {logging_mixin.py:188} INFO - [2026-03-11T05:32:37.099+0000] {dagbag.py:545} INFO - Filling up the DagBag from /home/cloud/codings/airflow/dags/list_s3_files_in_logs.py
[2026-03-11T05:32:37.163+0000] {processor.py:840} INFO - DAG(s) 'list_s3_files_in_logs' retrieved from /home/cloud/codings/airflow/dags/list_s3_files_in_logs.py
[2026-03-11T05:32:37.216+0000] {logging_mixin.py:188} INFO - [2026-03-11T05:32:37.215+0000] {dag.py:3089} INFO - Sync 1 DAGs
[2026-03-11T05:32:37.232+0000] {logging_mixin.py:188} INFO - [2026-03-11T05:32:37.232+0000] {dag.py:3947} INFO - Setting next_dagrun for list_s3_files_in_logs to None, run_after=None
[2026-03-11T05:32:37.297+0000] {processor.py:183} INFO - Processing /home/cloud/codings/airflow/dags/list_s3_files_in_logs.py took 0.256 seconds
[2026-03-11T05:33:07.429+0000] {processor.py:161} INFO - Started process (PID=535677) to work on /home/cloud/codings/airflow/dags/list_s3_files_in_logs.py
[2026-03-11T05:33:07.453+0000] {processor.py:830} INFO - Processing file /home/cloud/codings/airflow/dags/list_s3_files_in_logs.py for tasks to queue
[2026-03-11T05:33:07.455+0000] {logging_mixin.py:188} INFO - [2026-03-11T05:33:07.454+0000] {dagbag.py:545} INFO - Filling up the DagBag from /home/cloud/codings/airflow/dags/list_s3_files_in_logs.py
[2026-03-11T05:33:07.479+0000] {processor.py:840} INFO - DAG(s) 'list_s3_files_in_logs' retrieved from /home/cloud/codings/airflow/dags/list_s3_files_in_logs.py
[2026-03-11T05:33:07.510+0000] {logging_mixin.py:188} INFO - [2026-03-11T05:33:07.510+0000] {dag.py:3089} INFO - Sync 1 DAGs
[2026-03-11T05:33:07.528+0000] {logging_mixin.py:188} INFO - [2026-03-11T05:33:07.528+0000] {dag.py:3947} INFO - Setting next_dagrun for list_s3_files_in_logs to None, run_after=None
[2026-03-11T05:33:07.556+0000] {processor.py:183} INFO - Processing /home/cloud/codings/airflow/dags/list_s3_files_in_logs.py took 0.149 seconds
[2026-03-11T05:33:38.013+0000] {processor.py:161} INFO - Started process (PID=535694) to work on /home/cloud/codings/airflow/dags/list_s3_files_in_logs.py
[2026-03-11T05:33:38.032+0000] {processor.py:830} INFO - Processing file /home/cloud/codings/airflow/dags/list_s3_files_in_logs.py for tasks to queue
[2026-03-11T05:33:38.035+0000] {logging_mixin.py:188} INFO - [2026-03-11T05:33:38.034+0000] {dagbag.py:545} INFO - Filling up the DagBag from /home/cloud/codings/airflow/dags/list_s3_files_in_logs.py
[2026-03-11T05:33:38.058+0000] {processor.py:840} INFO - DAG(s) 'list_s3_files_in_logs' retrieved from /home/cloud/codings/airflow/dags/list_s3_files_in_logs.py
[2026-03-11T05:33:38.104+0000] {logging_mixin.py:188} INFO - [2026-03-11T05:33:38.104+0000] {dag.py:3089} INFO - Sync 1 DAGs
[2026-03-11T05:33:38.130+0000] {logging_mixin.py:188} INFO - [2026-03-11T05:33:38.130+0000] {dag.py:3947} INFO - Setting next_dagrun for list_s3_files_in_logs to None, run_after=None
[2026-03-11T05:33:38.168+0000] {processor.py:183} INFO - Processing /home/cloud/codings/airflow/dags/list_s3_files_in_logs.py took 0.166 seconds
[2026-03-11T05:34:08.399+0000] {processor.py:161} INFO - Started process (PID=535784) to work on /home/cloud/codings/airflow/dags/list_s3_files_in_logs.py
[2026-03-11T05:34:08.409+0000] {processor.py:830} INFO - Processing file /home/cloud/codings/airflow/dags/list_s3_files_in_logs.py for tasks to queue
[2026-03-11T05:34:08.412+0000] {logging_mixin.py:188} INFO - [2026-03-11T05:34:08.411+0000] {dagbag.py:545} INFO - Filling up the DagBag from /home/cloud/codings/airflow/dags/list_s3_files_in_logs.py
[2026-03-11T05:34:08.438+0000] {processor.py:840} INFO - DAG(s) 'list_s3_files_in_logs' retrieved from /home/cloud/codings/airflow/dags/list_s3_files_in_logs.py
[2026-03-11T05:34:08.485+0000] {logging_mixin.py:188} INFO - [2026-03-11T05:34:08.484+0000] {dag.py:3089} INFO - Sync 1 DAGs
[2026-03-11T05:34:08.516+0000] {logging_mixin.py:188} INFO - [2026-03-11T05:34:08.515+0000] {dag.py:3947} INFO - Setting next_dagrun for list_s3_files_in_logs to None, run_after=None
[2026-03-11T05:34:08.574+0000] {processor.py:183} INFO - Processing /home/cloud/codings/airflow/dags/list_s3_files_in_logs.py took 0.190 seconds
[2026-03-11T05:34:38.837+0000] {processor.py:161} INFO - Started process (PID=535811) to work on /home/cloud/codings/airflow/dags/list_s3_files_in_logs.py
[2026-03-11T05:34:38.840+0000] {processor.py:830} INFO - Processing file /home/cloud/codings/airflow/dags/list_s3_files_in_logs.py for tasks to queue
[2026-03-11T05:34:38.842+0000] {logging_mixin.py:188} INFO - [2026-03-11T05:34:38.841+0000] {dagbag.py:545} INFO - Filling up the DagBag from /home/cloud/codings/airflow/dags/list_s3_files_in_logs.py
[2026-03-11T05:34:38.864+0000] {processor.py:840} INFO - DAG(s) 'list_s3_files_in_logs' retrieved from /home/cloud/codings/airflow/dags/list_s3_files_in_logs.py
[2026-03-11T05:34:38.905+0000] {logging_mixin.py:188} INFO - [2026-03-11T05:34:38.904+0000] {dag.py:3089} INFO - Sync 1 DAGs
[2026-03-11T05:34:38.931+0000] {logging_mixin.py:188} INFO - [2026-03-11T05:34:38.930+0000] {dag.py:3947} INFO - Setting next_dagrun for list_s3_files_in_logs to None, run_after=None
[2026-03-11T05:34:38.989+0000] {processor.py:183} INFO - Processing /home/cloud/codings/airflow/dags/list_s3_files_in_logs.py took 0.170 seconds
[2026-03-11T05:35:09.374+0000] {processor.py:161} INFO - Started process (PID=536020) to work on /home/cloud/codings/airflow/dags/list_s3_files_in_logs.py
[2026-03-11T05:35:09.376+0000] {processor.py:830} INFO - Processing file /home/cloud/codings/airflow/dags/list_s3_files_in_logs.py for tasks to queue
[2026-03-11T05:35:09.378+0000] {logging_mixin.py:188} INFO - [2026-03-11T05:35:09.377+0000] {dagbag.py:545} INFO - Filling up the DagBag from /home/cloud/codings/airflow/dags/list_s3_files_in_logs.py
[2026-03-11T05:35:09.398+0000] {processor.py:840} INFO - DAG(s) 'list_s3_files_in_logs' retrieved from /home/cloud/codings/airflow/dags/list_s3_files_in_logs.py
[2026-03-11T05:35:09.434+0000] {logging_mixin.py:188} INFO - [2026-03-11T05:35:09.434+0000] {dag.py:3089} INFO - Sync 1 DAGs
[2026-03-11T05:35:09.460+0000] {logging_mixin.py:188} INFO - [2026-03-11T05:35:09.460+0000] {dag.py:3947} INFO - Setting next_dagrun for list_s3_files_in_logs to None, run_after=None
[2026-03-11T05:35:09.503+0000] {processor.py:183} INFO - Processing /home/cloud/codings/airflow/dags/list_s3_files_in_logs.py took 0.140 seconds
[2026-03-11T05:35:39.988+0000] {processor.py:161} INFO - Started process (PID=536043) to work on /home/cloud/codings/airflow/dags/list_s3_files_in_logs.py
[2026-03-11T05:35:39.990+0000] {processor.py:830} INFO - Processing file /home/cloud/codings/airflow/dags/list_s3_files_in_logs.py for tasks to queue
[2026-03-11T05:35:39.992+0000] {logging_mixin.py:188} INFO - [2026-03-11T05:35:39.991+0000] {dagbag.py:545} INFO - Filling up the DagBag from /home/cloud/codings/airflow/dags/list_s3_files_in_logs.py
[2026-03-11T05:35:40.015+0000] {processor.py:840} INFO - DAG(s) 'list_s3_files_in_logs' retrieved from /home/cloud/codings/airflow/dags/list_s3_files_in_logs.py
[2026-03-11T05:35:40.054+0000] {logging_mixin.py:188} INFO - [2026-03-11T05:35:40.054+0000] {dag.py:3089} INFO - Sync 1 DAGs
[2026-03-11T05:35:40.071+0000] {logging_mixin.py:188} INFO - [2026-03-11T05:35:40.071+0000] {dag.py:3947} INFO - Setting next_dagrun for list_s3_files_in_logs to None, run_after=None
[2026-03-11T05:35:40.100+0000] {processor.py:183} INFO - Processing /home/cloud/codings/airflow/dags/list_s3_files_in_logs.py took 0.134 seconds
[2026-03-11T05:36:10.574+0000] {processor.py:161} INFO - Started process (PID=536122) to work on /home/cloud/codings/airflow/dags/list_s3_files_in_logs.py
[2026-03-11T05:36:10.594+0000] {processor.py:830} INFO - Processing file /home/cloud/codings/airflow/dags/list_s3_files_in_logs.py for tasks to queue
[2026-03-11T05:36:10.597+0000] {logging_mixin.py:188} INFO - [2026-03-11T05:36:10.595+0000] {dagbag.py:545} INFO - Filling up the DagBag from /home/cloud/codings/airflow/dags/list_s3_files_in_logs.py
[2026-03-11T05:36:10.618+0000] {processor.py:840} INFO - DAG(s) 'list_s3_files_in_logs' retrieved from /home/cloud/codings/airflow/dags/list_s3_files_in_logs.py
[2026-03-11T05:36:10.653+0000] {logging_mixin.py:188} INFO - [2026-03-11T05:36:10.653+0000] {dag.py:3089} INFO - Sync 1 DAGs
[2026-03-11T05:36:10.673+0000] {logging_mixin.py:188} INFO - [2026-03-11T05:36:10.673+0000] {dag.py:3947} INFO - Setting next_dagrun for list_s3_files_in_logs to None, run_after=None
[2026-03-11T05:36:10.707+0000] {processor.py:183} INFO - Processing /home/cloud/codings/airflow/dags/list_s3_files_in_logs.py took 0.154 seconds
[2026-03-11T05:36:42.065+0000] {processor.py:161} INFO - Started process (PID=536151) to work on /home/cloud/codings/airflow/dags/list_s3_files_in_logs.py
[2026-03-11T05:36:42.083+0000] {processor.py:830} INFO - Processing file /home/cloud/codings/airflow/dags/list_s3_files_in_logs.py for tasks to queue
[2026-03-11T05:36:42.085+0000] {logging_mixin.py:188} INFO - [2026-03-11T05:36:42.084+0000] {dagbag.py:545} INFO - Filling up the DagBag from /home/cloud/codings/airflow/dags/list_s3_files_in_logs.py
[2026-03-11T05:36:42.106+0000] {processor.py:840} INFO - DAG(s) 'list_s3_files_in_logs' retrieved from /home/cloud/codings/airflow/dags/list_s3_files_in_logs.py
[2026-03-11T05:36:42.148+0000] {logging_mixin.py:188} INFO - [2026-03-11T05:36:42.148+0000] {dag.py:3089} INFO - Sync 1 DAGs
[2026-03-11T05:36:42.169+0000] {logging_mixin.py:188} INFO - [2026-03-11T05:36:42.168+0000] {dag.py:3947} INFO - Setting next_dagrun for list_s3_files_in_logs to None, run_after=None
[2026-03-11T05:36:42.199+0000] {processor.py:183} INFO - Processing /home/cloud/codings/airflow/dags/list_s3_files_in_logs.py took 0.148 seconds
[2026-03-11T05:37:12.716+0000] {processor.py:161} INFO - Started process (PID=536236) to work on /home/cloud/codings/airflow/dags/list_s3_files_in_logs.py
[2026-03-11T05:37:12.735+0000] {processor.py:830} INFO - Processing file /home/cloud/codings/airflow/dags/list_s3_files_in_logs.py for tasks to queue
[2026-03-11T05:37:12.740+0000] {logging_mixin.py:188} INFO - [2026-03-11T05:37:12.738+0000] {dagbag.py:545} INFO - Filling up the DagBag from /home/cloud/codings/airflow/dags/list_s3_files_in_logs.py
[2026-03-11T05:37:12.775+0000] {processor.py:840} INFO - DAG(s) 'list_s3_files_in_logs' retrieved from /home/cloud/codings/airflow/dags/list_s3_files_in_logs.py
[2026-03-11T05:37:12.812+0000] {logging_mixin.py:188} INFO - [2026-03-11T05:37:12.811+0000] {dag.py:3089} INFO - Sync 1 DAGs
[2026-03-11T05:37:12.828+0000] {logging_mixin.py:188} INFO - [2026-03-11T05:37:12.828+0000] {dag.py:3947} INFO - Setting next_dagrun for list_s3_files_in_logs to None, run_after=None
[2026-03-11T05:37:12.854+0000] {processor.py:183} INFO - Processing /home/cloud/codings/airflow/dags/list_s3_files_in_logs.py took 0.156 seconds
[2026-03-11T05:37:43.445+0000] {processor.py:161} INFO - Started process (PID=536263) to work on /home/cloud/codings/airflow/dags/list_s3_files_in_logs.py
[2026-03-11T05:37:43.467+0000] {processor.py:830} INFO - Processing file /home/cloud/codings/airflow/dags/list_s3_files_in_logs.py for tasks to queue
[2026-03-11T05:37:43.469+0000] {logging_mixin.py:188} INFO - [2026-03-11T05:37:43.469+0000] {dagbag.py:545} INFO - Filling up the DagBag from /home/cloud/codings/airflow/dags/list_s3_files_in_logs.py
[2026-03-11T05:37:43.490+0000] {processor.py:840} INFO - DAG(s) 'list_s3_files_in_logs' retrieved from /home/cloud/codings/airflow/dags/list_s3_files_in_logs.py
[2026-03-11T05:37:43.521+0000] {logging_mixin.py:188} INFO - [2026-03-11T05:37:43.521+0000] {dag.py:3089} INFO - Sync 1 DAGs
[2026-03-11T05:37:43.541+0000] {logging_mixin.py:188} INFO - [2026-03-11T05:37:43.541+0000] {dag.py:3947} INFO - Setting next_dagrun for list_s3_files_in_logs to None, run_after=None
[2026-03-11T05:37:43.570+0000] {processor.py:183} INFO - Processing /home/cloud/codings/airflow/dags/list_s3_files_in_logs.py took 0.137 seconds
[2026-03-11T05:38:13.999+0000] {processor.py:161} INFO - Started process (PID=536347) to work on /home/cloud/codings/airflow/dags/list_s3_files_in_logs.py
[2026-03-11T05:38:14.001+0000] {processor.py:830} INFO - Processing file /home/cloud/codings/airflow/dags/list_s3_files_in_logs.py for tasks to queue
[2026-03-11T05:38:14.002+0000] {logging_mixin.py:188} INFO - [2026-03-11T05:38:14.001+0000] {dagbag.py:545} INFO - Filling up the DagBag from /home/cloud/codings/airflow/dags/list_s3_files_in_logs.py
[2026-03-11T05:38:14.014+0000] {processor.py:840} INFO - DAG(s) 'list_s3_files_in_logs' retrieved from /home/cloud/codings/airflow/dags/list_s3_files_in_logs.py
[2026-03-11T05:38:14.035+0000] {logging_mixin.py:188} INFO - [2026-03-11T05:38:14.034+0000] {dag.py:3089} INFO - Sync 1 DAGs
[2026-03-11T05:38:14.070+0000] {logging_mixin.py:188} INFO - [2026-03-11T05:38:14.069+0000] {dag.py:3947} INFO - Setting next_dagrun for list_s3_files_in_logs to None, run_after=None
[2026-03-11T05:38:14.145+0000] {processor.py:183} INFO - Processing /home/cloud/codings/airflow/dags/list_s3_files_in_logs.py took 0.153 seconds
[2026-03-11T05:38:44.715+0000] {processor.py:161} INFO - Started process (PID=536378) to work on /home/cloud/codings/airflow/dags/list_s3_files_in_logs.py
[2026-03-11T05:38:44.747+0000] {processor.py:830} INFO - Processing file /home/cloud/codings/airflow/dags/list_s3_files_in_logs.py for tasks to queue
[2026-03-11T05:38:44.752+0000] {logging_mixin.py:188} INFO - [2026-03-11T05:38:44.750+0000] {dagbag.py:545} INFO - Filling up the DagBag from /home/cloud/codings/airflow/dags/list_s3_files_in_logs.py
[2026-03-11T05:38:44.802+0000] {processor.py:840} INFO - DAG(s) 'list_s3_files_in_logs' retrieved from /home/cloud/codings/airflow/dags/list_s3_files_in_logs.py
[2026-03-11T05:38:44.866+0000] {logging_mixin.py:188} INFO - [2026-03-11T05:38:44.865+0000] {dag.py:3089} INFO - Sync 1 DAGs
[2026-03-11T05:38:44.906+0000] {logging_mixin.py:188} INFO - [2026-03-11T05:38:44.905+0000] {dag.py:3947} INFO - Setting next_dagrun for list_s3_files_in_logs to None, run_after=None
[2026-03-11T05:38:44.971+0000] {processor.py:183} INFO - Processing /home/cloud/codings/airflow/dags/list_s3_files_in_logs.py took 0.278 seconds
[2026-03-11T05:39:15.504+0000] {processor.py:161} INFO - Started process (PID=536455) to work on /home/cloud/codings/airflow/dags/list_s3_files_in_logs.py
[2026-03-11T05:39:15.507+0000] {processor.py:830} INFO - Processing file /home/cloud/codings/airflow/dags/list_s3_files_in_logs.py for tasks to queue
[2026-03-11T05:39:15.511+0000] {logging_mixin.py:188} INFO - [2026-03-11T05:39:15.509+0000] {dagbag.py:545} INFO - Filling up the DagBag from /home/cloud/codings/airflow/dags/list_s3_files_in_logs.py
[2026-03-11T05:39:15.539+0000] {processor.py:840} INFO - DAG(s) 'list_s3_files_in_logs' retrieved from /home/cloud/codings/airflow/dags/list_s3_files_in_logs.py
[2026-03-11T05:39:15.579+0000] {logging_mixin.py:188} INFO - [2026-03-11T05:39:15.578+0000] {dag.py:3089} INFO - Sync 1 DAGs
[2026-03-11T05:39:15.603+0000] {logging_mixin.py:188} INFO - [2026-03-11T05:39:15.602+0000] {dag.py:3947} INFO - Setting next_dagrun for list_s3_files_in_logs to None, run_after=None
[2026-03-11T05:39:15.713+0000] {processor.py:183} INFO - Processing /home/cloud/codings/airflow/dags/list_s3_files_in_logs.py took 0.226 seconds
[2026-03-11T05:39:46.227+0000] {processor.py:161} INFO - Started process (PID=536480) to work on /home/cloud/codings/airflow/dags/list_s3_files_in_logs.py
[2026-03-11T05:39:46.254+0000] {processor.py:830} INFO - Processing file /home/cloud/codings/airflow/dags/list_s3_files_in_logs.py for tasks to queue
[2026-03-11T05:39:46.256+0000] {logging_mixin.py:188} INFO - [2026-03-11T05:39:46.255+0000] {dagbag.py:545} INFO - Filling up the DagBag from /home/cloud/codings/airflow/dags/list_s3_files_in_logs.py
[2026-03-11T05:39:46.277+0000] {processor.py:840} INFO - DAG(s) 'list_s3_files_in_logs' retrieved from /home/cloud/codings/airflow/dags/list_s3_files_in_logs.py
[2026-03-11T05:39:46.304+0000] {logging_mixin.py:188} INFO - [2026-03-11T05:39:46.304+0000] {dag.py:3089} INFO - Sync 1 DAGs
[2026-03-11T05:39:46.319+0000] {logging_mixin.py:188} INFO - [2026-03-11T05:39:46.319+0000] {dag.py:3947} INFO - Setting next_dagrun for list_s3_files_in_logs to None, run_after=None
[2026-03-11T05:39:46.346+0000] {processor.py:183} INFO - Processing /home/cloud/codings/airflow/dags/list_s3_files_in_logs.py took 0.142 seconds
[2026-03-11T05:40:16.673+0000] {processor.py:161} INFO - Started process (PID=536625) to work on /home/cloud/codings/airflow/dags/list_s3_files_in_logs.py
[2026-03-11T05:40:16.675+0000] {processor.py:830} INFO - Processing file /home/cloud/codings/airflow/dags/list_s3_files_in_logs.py for tasks to queue
[2026-03-11T05:40:16.676+0000] {logging_mixin.py:188} INFO - [2026-03-11T05:40:16.675+0000] {dagbag.py:545} INFO - Filling up the DagBag from /home/cloud/codings/airflow/dags/list_s3_files_in_logs.py
[2026-03-11T05:40:16.691+0000] {processor.py:840} INFO - DAG(s) 'list_s3_files_in_logs' retrieved from /home/cloud/codings/airflow/dags/list_s3_files_in_logs.py
[2026-03-11T05:40:16.717+0000] {logging_mixin.py:188} INFO - [2026-03-11T05:40:16.717+0000] {dag.py:3089} INFO - Sync 1 DAGs
[2026-03-11T05:40:16.733+0000] {logging_mixin.py:188} INFO - [2026-03-11T05:40:16.733+0000] {dag.py:3947} INFO - Setting next_dagrun for list_s3_files_in_logs to None, run_after=None
[2026-03-11T05:40:16.760+0000] {processor.py:183} INFO - Processing /home/cloud/codings/airflow/dags/list_s3_files_in_logs.py took 0.097 seconds
[2026-03-11T05:40:47.349+0000] {processor.py:161} INFO - Started process (PID=536654) to work on /home/cloud/codings/airflow/dags/list_s3_files_in_logs.py
[2026-03-11T05:40:47.354+0000] {processor.py:830} INFO - Processing file /home/cloud/codings/airflow/dags/list_s3_files_in_logs.py for tasks to queue
[2026-03-11T05:40:47.357+0000] {logging_mixin.py:188} INFO - [2026-03-11T05:40:47.356+0000] {dagbag.py:545} INFO - Filling up the DagBag from /home/cloud/codings/airflow/dags/list_s3_files_in_logs.py
[2026-03-11T05:40:47.398+0000] {processor.py:840} INFO - DAG(s) 'list_s3_files_in_logs' retrieved from /home/cloud/codings/airflow/dags/list_s3_files_in_logs.py
[2026-03-11T05:40:47.439+0000] {logging_mixin.py:188} INFO - [2026-03-11T05:40:47.439+0000] {dag.py:3089} INFO - Sync 1 DAGs
[2026-03-11T05:40:47.452+0000] {logging_mixin.py:188} INFO - [2026-03-11T05:40:47.452+0000] {dag.py:3947} INFO - Setting next_dagrun for list_s3_files_in_logs to None, run_after=None
[2026-03-11T05:40:47.487+0000] {processor.py:183} INFO - Processing /home/cloud/codings/airflow/dags/list_s3_files_in_logs.py took 0.164 seconds
[2026-03-11T05:41:18.026+0000] {processor.py:161} INFO - Started process (PID=536739) to work on /home/cloud/codings/airflow/dags/list_s3_files_in_logs.py
[2026-03-11T05:41:18.050+0000] {processor.py:830} INFO - Processing file /home/cloud/codings/airflow/dags/list_s3_files_in_logs.py for tasks to queue
[2026-03-11T05:41:18.053+0000] {logging_mixin.py:188} INFO - [2026-03-11T05:41:18.051+0000] {dagbag.py:545} INFO - Filling up the DagBag from /home/cloud/codings/airflow/dags/list_s3_files_in_logs.py
[2026-03-11T05:41:18.088+0000] {processor.py:840} INFO - DAG(s) 'list_s3_files_in_logs' retrieved from /home/cloud/codings/airflow/dags/list_s3_files_in_logs.py
[2026-03-11T05:41:18.126+0000] {logging_mixin.py:188} INFO - [2026-03-11T05:41:18.125+0000] {dag.py:3089} INFO - Sync 1 DAGs
[2026-03-11T05:41:18.150+0000] {logging_mixin.py:188} INFO - [2026-03-11T05:41:18.149+0000] {dag.py:3947} INFO - Setting next_dagrun for list_s3_files_in_logs to None, run_after=None
[2026-03-11T05:41:18.197+0000] {processor.py:183} INFO - Processing /home/cloud/codings/airflow/dags/list_s3_files_in_logs.py took 0.198 seconds
[2026-03-11T05:41:48.566+0000] {processor.py:161} INFO - Started process (PID=536764) to work on /home/cloud/codings/airflow/dags/list_s3_files_in_logs.py
[2026-03-11T05:41:48.568+0000] {processor.py:830} INFO - Processing file /home/cloud/codings/airflow/dags/list_s3_files_in_logs.py for tasks to queue
[2026-03-11T05:41:48.569+0000] {logging_mixin.py:188} INFO - [2026-03-11T05:41:48.569+0000] {dagbag.py:545} INFO - Filling up the DagBag from /home/cloud/codings/airflow/dags/list_s3_files_in_logs.py
[2026-03-11T05:41:48.582+0000] {processor.py:840} INFO - DAG(s) 'list_s3_files_in_logs' retrieved from /home/cloud/codings/airflow/dags/list_s3_files_in_logs.py
[2026-03-11T05:41:48.605+0000] {logging_mixin.py:188} INFO - [2026-03-11T05:41:48.605+0000] {dag.py:3089} INFO - Sync 1 DAGs
[2026-03-11T05:41:48.619+0000] {logging_mixin.py:188} INFO - [2026-03-11T05:41:48.619+0000] {dag.py:3947} INFO - Setting next_dagrun for list_s3_files_in_logs to None, run_after=None
[2026-03-11T05:41:48.646+0000] {processor.py:183} INFO - Processing /home/cloud/codings/airflow/dags/list_s3_files_in_logs.py took 0.086 seconds
[2026-03-11T05:42:19.354+0000] {processor.py:161} INFO - Started process (PID=536843) to work on /home/cloud/codings/airflow/dags/list_s3_files_in_logs.py
[2026-03-11T05:42:19.358+0000] {processor.py:830} INFO - Processing file /home/cloud/codings/airflow/dags/list_s3_files_in_logs.py for tasks to queue
[2026-03-11T05:42:19.362+0000] {logging_mixin.py:188} INFO - [2026-03-11T05:42:19.360+0000] {dagbag.py:545} INFO - Filling up the DagBag from /home/cloud/codings/airflow/dags/list_s3_files_in_logs.py
[2026-03-11T05:42:19.406+0000] {processor.py:840} INFO - DAG(s) 'list_s3_files_in_logs' retrieved from /home/cloud/codings/airflow/dags/list_s3_files_in_logs.py
[2026-03-11T05:42:19.488+0000] {logging_mixin.py:188} INFO - [2026-03-11T05:42:19.488+0000] {dag.py:3089} INFO - Sync 1 DAGs
[2026-03-11T05:42:19.506+0000] {logging_mixin.py:188} INFO - [2026-03-11T05:42:19.505+0000] {dag.py:3947} INFO - Setting next_dagrun for list_s3_files_in_logs to None, run_after=None
[2026-03-11T05:42:19.536+0000] {processor.py:183} INFO - Processing /home/cloud/codings/airflow/dags/list_s3_files_in_logs.py took 0.208 seconds
[2026-03-11T05:42:50.038+0000] {processor.py:161} INFO - Started process (PID=536872) to work on /home/cloud/codings/airflow/dags/list_s3_files_in_logs.py
[2026-03-11T05:42:50.056+0000] {processor.py:830} INFO - Processing file /home/cloud/codings/airflow/dags/list_s3_files_in_logs.py for tasks to queue
[2026-03-11T05:42:50.058+0000] {logging_mixin.py:188} INFO - [2026-03-11T05:42:50.057+0000] {dagbag.py:545} INFO - Filling up the DagBag from /home/cloud/codings/airflow/dags/list_s3_files_in_logs.py
[2026-03-11T05:42:50.077+0000] {processor.py:840} INFO - DAG(s) 'list_s3_files_in_logs' retrieved from /home/cloud/codings/airflow/dags/list_s3_files_in_logs.py
[2026-03-11T05:42:50.105+0000] {logging_mixin.py:188} INFO - [2026-03-11T05:42:50.105+0000] {dag.py:3089} INFO - Sync 1 DAGs
[2026-03-11T05:42:50.122+0000] {logging_mixin.py:188} INFO - [2026-03-11T05:42:50.121+0000] {dag.py:3947} INFO - Setting next_dagrun for list_s3_files_in_logs to None, run_after=None
[2026-03-11T05:42:50.151+0000] {processor.py:183} INFO - Processing /home/cloud/codings/airflow/dags/list_s3_files_in_logs.py took 0.120 seconds
[2026-03-11T05:43:20.622+0000] {processor.py:161} INFO - Started process (PID=536955) to work on /home/cloud/codings/airflow/dags/list_s3_files_in_logs.py
[2026-03-11T05:43:20.640+0000] {processor.py:830} INFO - Processing file /home/cloud/codings/airflow/dags/list_s3_files_in_logs.py for tasks to queue
[2026-03-11T05:43:20.642+0000] {logging_mixin.py:188} INFO - [2026-03-11T05:43:20.641+0000] {dagbag.py:545} INFO - Filling up the DagBag from /home/cloud/codings/airflow/dags/list_s3_files_in_logs.py
[2026-03-11T05:43:20.663+0000] {processor.py:840} INFO - DAG(s) 'list_s3_files_in_logs' retrieved from /home/cloud/codings/airflow/dags/list_s3_files_in_logs.py
[2026-03-11T05:43:20.721+0000] {logging_mixin.py:188} INFO - [2026-03-11T05:43:20.720+0000] {dag.py:3089} INFO - Sync 1 DAGs
[2026-03-11T05:43:20.751+0000] {logging_mixin.py:188} INFO - [2026-03-11T05:43:20.751+0000] {dag.py:3947} INFO - Setting next_dagrun for list_s3_files_in_logs to None, run_after=None
[2026-03-11T05:43:20.800+0000] {processor.py:183} INFO - Processing /home/cloud/codings/airflow/dags/list_s3_files_in_logs.py took 0.187 seconds
[2026-03-11T05:43:51.287+0000] {processor.py:161} INFO - Started process (PID=536982) to work on /home/cloud/codings/airflow/dags/list_s3_files_in_logs.py
[2026-03-11T05:43:51.289+0000] {processor.py:830} INFO - Processing file /home/cloud/codings/airflow/dags/list_s3_files_in_logs.py for tasks to queue
[2026-03-11T05:43:51.291+0000] {logging_mixin.py:188} INFO - [2026-03-11T05:43:51.290+0000] {dagbag.py:545} INFO - Filling up the DagBag from /home/cloud/codings/airflow/dags/list_s3_files_in_logs.py
[2026-03-11T05:43:51.307+0000] {processor.py:840} INFO - DAG(s) 'list_s3_files_in_logs' retrieved from /home/cloud/codings/airflow/dags/list_s3_files_in_logs.py
[2026-03-11T05:43:51.328+0000] {logging_mixin.py:188} INFO - [2026-03-11T05:43:51.327+0000] {dag.py:3089} INFO - Sync 1 DAGs
[2026-03-11T05:43:51.340+0000] {logging_mixin.py:188} INFO - [2026-03-11T05:43:51.340+0000] {dag.py:3947} INFO - Setting next_dagrun for list_s3_files_in_logs to None, run_after=None
[2026-03-11T05:43:51.369+0000] {processor.py:183} INFO - Processing /home/cloud/codings/airflow/dags/list_s3_files_in_logs.py took 0.093 seconds
[2026-03-11T05:44:22.010+0000] {processor.py:161} INFO - Started process (PID=537067) to work on /home/cloud/codings/airflow/dags/list_s3_files_in_logs.py
[2026-03-11T05:44:22.029+0000] {processor.py:830} INFO - Processing file /home/cloud/codings/airflow/dags/list_s3_files_in_logs.py for tasks to queue
[2026-03-11T05:44:22.031+0000] {logging_mixin.py:188} INFO - [2026-03-11T05:44:22.030+0000] {dagbag.py:545} INFO - Filling up the DagBag from /home/cloud/codings/airflow/dags/list_s3_files_in_logs.py
[2026-03-11T05:44:22.056+0000] {processor.py:840} INFO - DAG(s) 'list_s3_files_in_logs' retrieved from /home/cloud/codings/airflow/dags/list_s3_files_in_logs.py
[2026-03-11T05:44:22.093+0000] {logging_mixin.py:188} INFO - [2026-03-11T05:44:22.093+0000] {dag.py:3089} INFO - Sync 1 DAGs
[2026-03-11T05:44:22.111+0000] {logging_mixin.py:188} INFO - [2026-03-11T05:44:22.110+0000] {dag.py:3947} INFO - Setting next_dagrun for list_s3_files_in_logs to None, run_after=None
[2026-03-11T05:44:22.140+0000] {processor.py:183} INFO - Processing /home/cloud/codings/airflow/dags/list_s3_files_in_logs.py took 0.144 seconds
[2026-03-11T05:44:52.328+0000] {processor.py:161} INFO - Started process (PID=537119) to work on /home/cloud/codings/airflow/dags/list_s3_files_in_logs.py
[2026-03-11T05:44:52.347+0000] {processor.py:830} INFO - Processing file /home/cloud/codings/airflow/dags/list_s3_files_in_logs.py for tasks to queue
[2026-03-11T05:44:52.349+0000] {logging_mixin.py:188} INFO - [2026-03-11T05:44:52.348+0000] {dagbag.py:545} INFO - Filling up the DagBag from /home/cloud/codings/airflow/dags/list_s3_files_in_logs.py
[2026-03-11T05:44:52.371+0000] {processor.py:840} INFO - DAG(s) 'list_s3_files_in_logs' retrieved from /home/cloud/codings/airflow/dags/list_s3_files_in_logs.py
[2026-03-11T05:44:52.409+0000] {logging_mixin.py:188} INFO - [2026-03-11T05:44:52.409+0000] {dag.py:3089} INFO - Sync 1 DAGs
[2026-03-11T05:44:52.429+0000] {logging_mixin.py:188} INFO - [2026-03-11T05:44:52.429+0000] {dag.py:3947} INFO - Setting next_dagrun for list_s3_files_in_logs to None, run_after=None
[2026-03-11T05:44:52.467+0000] {processor.py:183} INFO - Processing /home/cloud/codings/airflow/dags/list_s3_files_in_logs.py took 0.150 seconds
[2026-03-11T05:45:22.837+0000] {processor.py:161} INFO - Started process (PID=537234) to work on /home/cloud/codings/airflow/dags/list_s3_files_in_logs.py
[2026-03-11T05:45:22.840+0000] {processor.py:830} INFO - Processing file /home/cloud/codings/airflow/dags/list_s3_files_in_logs.py for tasks to queue
[2026-03-11T05:45:22.842+0000] {logging_mixin.py:188} INFO - [2026-03-11T05:45:22.841+0000] {dagbag.py:545} INFO - Filling up the DagBag from /home/cloud/codings/airflow/dags/list_s3_files_in_logs.py
[2026-03-11T05:45:22.869+0000] {processor.py:840} INFO - DAG(s) 'list_s3_files_in_logs' retrieved from /home/cloud/codings/airflow/dags/list_s3_files_in_logs.py
[2026-03-11T05:45:22.907+0000] {logging_mixin.py:188} INFO - [2026-03-11T05:45:22.907+0000] {dag.py:3089} INFO - Sync 1 DAGs
[2026-03-11T05:45:22.932+0000] {logging_mixin.py:188} INFO - [2026-03-11T05:45:22.932+0000] {dag.py:3947} INFO - Setting next_dagrun for list_s3_files_in_logs to None, run_after=None
[2026-03-11T05:45:23.022+0000] {processor.py:183} INFO - Processing /home/cloud/codings/airflow/dags/list_s3_files_in_logs.py took 0.198 seconds
[2026-03-11T05:45:53.415+0000] {processor.py:161} INFO - Started process (PID=537305) to work on /home/cloud/codings/airflow/dags/list_s3_files_in_logs.py
[2026-03-11T05:45:53.418+0000] {processor.py:830} INFO - Processing file /home/cloud/codings/airflow/dags/list_s3_files_in_logs.py for tasks to queue
[2026-03-11T05:45:53.420+0000] {logging_mixin.py:188} INFO - [2026-03-11T05:45:53.419+0000] {dagbag.py:545} INFO - Filling up the DagBag from /home/cloud/codings/airflow/dags/list_s3_files_in_logs.py
[2026-03-11T05:45:53.446+0000] {processor.py:840} INFO - DAG(s) 'list_s3_files_in_logs' retrieved from /home/cloud/codings/airflow/dags/list_s3_files_in_logs.py
[2026-03-11T05:45:53.474+0000] {logging_mixin.py:188} INFO - [2026-03-11T05:45:53.474+0000] {dag.py:3089} INFO - Sync 1 DAGs
[2026-03-11T05:45:53.487+0000] {logging_mixin.py:188} INFO - [2026-03-11T05:45:53.486+0000] {dag.py:3947} INFO - Setting next_dagrun for list_s3_files_in_logs to None, run_after=None
[2026-03-11T05:45:53.513+0000] {processor.py:183} INFO - Processing /home/cloud/codings/airflow/dags/list_s3_files_in_logs.py took 0.116 seconds
[2026-03-11T05:46:24.742+0000] {processor.py:161} INFO - Started process (PID=537344) to work on /home/cloud/codings/airflow/dags/list_s3_files_in_logs.py
[2026-03-11T05:46:24.762+0000] {processor.py:830} INFO - Processing file /home/cloud/codings/airflow/dags/list_s3_files_in_logs.py for tasks to queue
[2026-03-11T05:46:24.765+0000] {logging_mixin.py:188} INFO - [2026-03-11T05:46:24.764+0000] {dagbag.py:545} INFO - Filling up the DagBag from /home/cloud/codings/airflow/dags/list_s3_files_in_logs.py
[2026-03-11T05:46:24.793+0000] {processor.py:840} INFO - DAG(s) 'list_s3_files_in_logs' retrieved from /home/cloud/codings/airflow/dags/list_s3_files_in_logs.py
[2026-03-11T05:46:24.831+0000] {logging_mixin.py:188} INFO - [2026-03-11T05:46:24.831+0000] {dag.py:3089} INFO - Sync 1 DAGs
[2026-03-11T05:46:24.856+0000] {logging_mixin.py:188} INFO - [2026-03-11T05:46:24.855+0000] {dag.py:3947} INFO - Setting next_dagrun for list_s3_files_in_logs to None, run_after=None
[2026-03-11T05:46:24.922+0000] {processor.py:183} INFO - Processing /home/cloud/codings/airflow/dags/list_s3_files_in_logs.py took 0.196 seconds
[2026-03-11T05:46:55.428+0000] {processor.py:161} INFO - Started process (PID=537433) to work on /home/cloud/codings/airflow/dags/list_s3_files_in_logs.py
[2026-03-11T05:46:55.448+0000] {processor.py:830} INFO - Processing file /home/cloud/codings/airflow/dags/list_s3_files_in_logs.py for tasks to queue
[2026-03-11T05:46:55.451+0000] {logging_mixin.py:188} INFO - [2026-03-11T05:46:55.450+0000] {dagbag.py:545} INFO - Filling up the DagBag from /home/cloud/codings/airflow/dags/list_s3_files_in_logs.py
[2026-03-11T05:46:55.482+0000] {processor.py:840} INFO - DAG(s) 'list_s3_files_in_logs' retrieved from /home/cloud/codings/airflow/dags/list_s3_files_in_logs.py
[2026-03-11T05:46:55.522+0000] {logging_mixin.py:188} INFO - [2026-03-11T05:46:55.521+0000] {dag.py:3089} INFO - Sync 1 DAGs
[2026-03-11T05:46:55.542+0000] {logging_mixin.py:188} INFO - [2026-03-11T05:46:55.542+0000] {dag.py:3947} INFO - Setting next_dagrun for list_s3_files_in_logs to None, run_after=None
[2026-03-11T05:46:55.599+0000] {processor.py:183} INFO - Processing /home/cloud/codings/airflow/dags/list_s3_files_in_logs.py took 0.189 seconds
[2026-03-11T05:47:26.080+0000] {processor.py:161} INFO - Started process (PID=537456) to work on /home/cloud/codings/airflow/dags/list_s3_files_in_logs.py
[2026-03-11T05:47:26.082+0000] {processor.py:830} INFO - Processing file /home/cloud/codings/airflow/dags/list_s3_files_in_logs.py for tasks to queue
[2026-03-11T05:47:26.085+0000] {logging_mixin.py:188} INFO - [2026-03-11T05:47:26.084+0000] {dagbag.py:545} INFO - Filling up the DagBag from /home/cloud/codings/airflow/dags/list_s3_files_in_logs.py
[2026-03-11T05:47:26.108+0000] {processor.py:840} INFO - DAG(s) 'list_s3_files_in_logs' retrieved from /home/cloud/codings/airflow/dags/list_s3_files_in_logs.py
[2026-03-11T05:47:26.149+0000] {logging_mixin.py:188} INFO - [2026-03-11T05:47:26.149+0000] {dag.py:3089} INFO - Sync 1 DAGs
[2026-03-11T05:47:26.175+0000] {logging_mixin.py:188} INFO - [2026-03-11T05:47:26.174+0000] {dag.py:3947} INFO - Setting next_dagrun for list_s3_files_in_logs to None, run_after=None
[2026-03-11T05:47:26.241+0000] {processor.py:183} INFO - Processing /home/cloud/codings/airflow/dags/list_s3_files_in_logs.py took 0.176 seconds
[2026-03-11T05:47:56.803+0000] {processor.py:161} INFO - Started process (PID=537541) to work on /home/cloud/codings/airflow/dags/list_s3_files_in_logs.py
[2026-03-11T05:47:56.821+0000] {processor.py:830} INFO - Processing file /home/cloud/codings/airflow/dags/list_s3_files_in_logs.py for tasks to queue
[2026-03-11T05:47:56.824+0000] {logging_mixin.py:188} INFO - [2026-03-11T05:47:56.823+0000] {dagbag.py:545} INFO - Filling up the DagBag from /home/cloud/codings/airflow/dags/list_s3_files_in_logs.py
[2026-03-11T05:47:56.847+0000] {processor.py:840} INFO - DAG(s) 'list_s3_files_in_logs' retrieved from /home/cloud/codings/airflow/dags/list_s3_files_in_logs.py
[2026-03-11T05:47:56.873+0000] {logging_mixin.py:188} INFO - [2026-03-11T05:47:56.873+0000] {dag.py:3089} INFO - Sync 1 DAGs
[2026-03-11T05:47:56.886+0000] {logging_mixin.py:188} INFO - [2026-03-11T05:47:56.886+0000] {dag.py:3947} INFO - Setting next_dagrun for list_s3_files_in_logs to None, run_after=None
[2026-03-11T05:47:56.917+0000] {processor.py:183} INFO - Processing /home/cloud/codings/airflow/dags/list_s3_files_in_logs.py took 0.125 seconds
[2026-03-11T05:48:27.501+0000] {processor.py:161} INFO - Started process (PID=537568) to work on /home/cloud/codings/airflow/dags/list_s3_files_in_logs.py
[2026-03-11T05:48:27.524+0000] {processor.py:830} INFO - Processing file /home/cloud/codings/airflow/dags/list_s3_files_in_logs.py for tasks to queue
[2026-03-11T05:48:27.526+0000] {logging_mixin.py:188} INFO - [2026-03-11T05:48:27.525+0000] {dagbag.py:545} INFO - Filling up the DagBag from /home/cloud/codings/airflow/dags/list_s3_files_in_logs.py
[2026-03-11T05:48:27.564+0000] {processor.py:840} INFO - DAG(s) 'list_s3_files_in_logs' retrieved from /home/cloud/codings/airflow/dags/list_s3_files_in_logs.py
[2026-03-11T05:48:27.644+0000] {logging_mixin.py:188} INFO - [2026-03-11T05:48:27.643+0000] {dag.py:3089} INFO - Sync 1 DAGs
[2026-03-11T05:48:27.672+0000] {logging_mixin.py:188} INFO - [2026-03-11T05:48:27.671+0000] {dag.py:3947} INFO - Setting next_dagrun for list_s3_files_in_logs to None, run_after=None
[2026-03-11T05:48:27.730+0000] {processor.py:183} INFO - Processing /home/cloud/codings/airflow/dags/list_s3_files_in_logs.py took 0.243 seconds
[2026-03-11T05:48:58.185+0000] {processor.py:161} INFO - Started process (PID=537649) to work on /home/cloud/codings/airflow/dags/list_s3_files_in_logs.py
[2026-03-11T05:48:58.190+0000] {processor.py:830} INFO - Processing file /home/cloud/codings/airflow/dags/list_s3_files_in_logs.py for tasks to queue
[2026-03-11T05:48:58.196+0000] {logging_mixin.py:188} INFO - [2026-03-11T05:48:58.193+0000] {dagbag.py:545} INFO - Filling up the DagBag from /home/cloud/codings/airflow/dags/list_s3_files_in_logs.py
[2026-03-11T05:48:58.230+0000] {processor.py:840} INFO - DAG(s) 'list_s3_files_in_logs' retrieved from /home/cloud/codings/airflow/dags/list_s3_files_in_logs.py
[2026-03-11T05:48:58.260+0000] {logging_mixin.py:188} INFO - [2026-03-11T05:48:58.260+0000] {dag.py:3089} INFO - Sync 1 DAGs
[2026-03-11T05:48:58.277+0000] {logging_mixin.py:188} INFO - [2026-03-11T05:48:58.276+0000] {dag.py:3947} INFO - Setting next_dagrun for list_s3_files_in_logs to None, run_after=None
[2026-03-11T05:48:58.314+0000] {processor.py:183} INFO - Processing /home/cloud/codings/airflow/dags/list_s3_files_in_logs.py took 0.158 seconds
[2026-03-11T05:49:28.766+0000] {processor.py:161} INFO - Started process (PID=537674) to work on /home/cloud/codings/airflow/dags/list_s3_files_in_logs.py
[2026-03-11T05:49:28.795+0000] {processor.py:830} INFO - Processing file /home/cloud/codings/airflow/dags/list_s3_files_in_logs.py for tasks to queue
[2026-03-11T05:49:28.796+0000] {logging_mixin.py:188} INFO - [2026-03-11T05:49:28.795+0000] {dagbag.py:545} INFO - Filling up the DagBag from /home/cloud/codings/airflow/dags/list_s3_files_in_logs.py
[2026-03-11T05:49:28.809+0000] {processor.py:840} INFO - DAG(s) 'list_s3_files_in_logs' retrieved from /home/cloud/codings/airflow/dags/list_s3_files_in_logs.py
[2026-03-11T05:49:28.833+0000] {logging_mixin.py:188} INFO - [2026-03-11T05:49:28.833+0000] {dag.py:3089} INFO - Sync 1 DAGs
[2026-03-11T05:49:28.847+0000] {logging_mixin.py:188} INFO - [2026-03-11T05:49:28.847+0000] {dag.py:3947} INFO - Setting next_dagrun for list_s3_files_in_logs to None, run_after=None
[2026-03-11T05:49:28.875+0000] {processor.py:183} INFO - Processing /home/cloud/codings/airflow/dags/list_s3_files_in_logs.py took 0.119 seconds
[2026-03-11T05:49:59.257+0000] {processor.py:161} INFO - Started process (PID=537820) to work on /home/cloud/codings/airflow/dags/list_s3_files_in_logs.py
[2026-03-11T05:49:59.263+0000] {processor.py:830} INFO - Processing file /home/cloud/codings/airflow/dags/list_s3_files_in_logs.py for tasks to queue
[2026-03-11T05:49:59.266+0000] {logging_mixin.py:188} INFO - [2026-03-11T05:49:59.265+0000] {dagbag.py:545} INFO - Filling up the DagBag from /home/cloud/codings/airflow/dags/list_s3_files_in_logs.py
[2026-03-11T05:49:59.317+0000] {processor.py:840} INFO - DAG(s) 'list_s3_files_in_logs' retrieved from /home/cloud/codings/airflow/dags/list_s3_files_in_logs.py
[2026-03-11T05:49:59.348+0000] {logging_mixin.py:188} INFO - [2026-03-11T05:49:59.347+0000] {dag.py:3089} INFO - Sync 1 DAGs
[2026-03-11T05:49:59.365+0000] {logging_mixin.py:188} INFO - [2026-03-11T05:49:59.365+0000] {dag.py:3947} INFO - Setting next_dagrun for list_s3_files_in_logs to None, run_after=None
[2026-03-11T05:49:59.417+0000] {processor.py:183} INFO - Processing /home/cloud/codings/airflow/dags/list_s3_files_in_logs.py took 0.186 seconds
[2026-03-11T05:50:29.687+0000] {processor.py:161} INFO - Started process (PID=537901) to work on /home/cloud/codings/airflow/dags/list_s3_files_in_logs.py
[2026-03-11T05:50:29.705+0000] {processor.py:830} INFO - Processing file /home/cloud/codings/airflow/dags/list_s3_files_in_logs.py for tasks to queue
[2026-03-11T05:50:29.707+0000] {logging_mixin.py:188} INFO - [2026-03-11T05:50:29.707+0000] {dagbag.py:545} INFO - Filling up the DagBag from /home/cloud/codings/airflow/dags/list_s3_files_in_logs.py
[2026-03-11T05:50:29.736+0000] {processor.py:840} INFO - DAG(s) 'list_s3_files_in_logs' retrieved from /home/cloud/codings/airflow/dags/list_s3_files_in_logs.py
[2026-03-11T05:50:29.782+0000] {logging_mixin.py:188} INFO - [2026-03-11T05:50:29.781+0000] {dag.py:3089} INFO - Sync 1 DAGs
[2026-03-11T05:50:29.811+0000] {logging_mixin.py:188} INFO - [2026-03-11T05:50:29.810+0000] {dag.py:3947} INFO - Setting next_dagrun for list_s3_files_in_logs to None, run_after=None
[2026-03-11T05:50:29.887+0000] {processor.py:183} INFO - Processing /home/cloud/codings/airflow/dags/list_s3_files_in_logs.py took 0.215 seconds
[2026-03-11T05:51:00.553+0000] {processor.py:161} INFO - Started process (PID=537978) to work on /home/cloud/codings/airflow/dags/list_s3_files_in_logs.py
[2026-03-11T05:51:00.555+0000] {processor.py:830} INFO - Processing file /home/cloud/codings/airflow/dags/list_s3_files_in_logs.py for tasks to queue
[2026-03-11T05:51:00.557+0000] {logging_mixin.py:188} INFO - [2026-03-11T05:51:00.556+0000] {dagbag.py:545} INFO - Filling up the DagBag from /home/cloud/codings/airflow/dags/list_s3_files_in_logs.py
[2026-03-11T05:51:00.582+0000] {processor.py:840} INFO - DAG(s) 'list_s3_files_in_logs' retrieved from /home/cloud/codings/airflow/dags/list_s3_files_in_logs.py
[2026-03-11T05:51:00.627+0000] {logging_mixin.py:188} INFO - [2026-03-11T05:51:00.626+0000] {dag.py:3089} INFO - Sync 1 DAGs
[2026-03-11T05:51:00.646+0000] {logging_mixin.py:188} INFO - [2026-03-11T05:51:00.646+0000] {dag.py:3947} INFO - Setting next_dagrun for list_s3_files_in_logs to None, run_after=None
[2026-03-11T05:51:00.676+0000] {processor.py:183} INFO - Processing /home/cloud/codings/airflow/dags/list_s3_files_in_logs.py took 0.137 seconds
[2026-03-11T05:51:31.099+0000] {processor.py:161} INFO - Started process (PID=537991) to work on /home/cloud/codings/airflow/dags/list_s3_files_in_logs.py
[2026-03-11T05:51:31.102+0000] {processor.py:830} INFO - Processing file /home/cloud/codings/airflow/dags/list_s3_files_in_logs.py for tasks to queue
[2026-03-11T05:51:31.103+0000] {logging_mixin.py:188} INFO - [2026-03-11T05:51:31.102+0000] {dagbag.py:545} INFO - Filling up the DagBag from /home/cloud/codings/airflow/dags/list_s3_files_in_logs.py
[2026-03-11T05:51:31.123+0000] {processor.py:840} INFO - DAG(s) 'list_s3_files_in_logs' retrieved from /home/cloud/codings/airflow/dags/list_s3_files_in_logs.py
[2026-03-11T05:51:31.157+0000] {logging_mixin.py:188} INFO - [2026-03-11T05:51:31.156+0000] {dag.py:3089} INFO - Sync 1 DAGs
[2026-03-11T05:51:31.178+0000] {logging_mixin.py:188} INFO - [2026-03-11T05:51:31.178+0000] {dag.py:3947} INFO - Setting next_dagrun for list_s3_files_in_logs to None, run_after=None
[2026-03-11T05:51:31.217+0000] {processor.py:183} INFO - Processing /home/cloud/codings/airflow/dags/list_s3_files_in_logs.py took 0.132 seconds
[2026-03-11T05:52:01.616+0000] {processor.py:161} INFO - Started process (PID=538066) to work on /home/cloud/codings/airflow/dags/list_s3_files_in_logs.py
[2026-03-11T05:52:01.618+0000] {processor.py:830} INFO - Processing file /home/cloud/codings/airflow/dags/list_s3_files_in_logs.py for tasks to queue
[2026-03-11T05:52:01.619+0000] {logging_mixin.py:188} INFO - [2026-03-11T05:52:01.619+0000] {dagbag.py:545} INFO - Filling up the DagBag from /home/cloud/codings/airflow/dags/list_s3_files_in_logs.py
[2026-03-11T05:52:01.640+0000] {processor.py:840} INFO - DAG(s) 'list_s3_files_in_logs' retrieved from /home/cloud/codings/airflow/dags/list_s3_files_in_logs.py
[2026-03-11T05:52:01.675+0000] {logging_mixin.py:188} INFO - [2026-03-11T05:52:01.675+0000] {dag.py:3089} INFO - Sync 1 DAGs
[2026-03-11T05:52:01.697+0000] {logging_mixin.py:188} INFO - [2026-03-11T05:52:01.696+0000] {dag.py:3947} INFO - Setting next_dagrun for list_s3_files_in_logs to None, run_after=None
[2026-03-11T05:52:01.777+0000] {processor.py:183} INFO - Processing /home/cloud/codings/airflow/dags/list_s3_files_in_logs.py took 0.172 seconds
[2026-03-11T05:52:32.149+0000] {processor.py:161} INFO - Started process (PID=538081) to work on /home/cloud/codings/airflow/dags/list_s3_files_in_logs.py
[2026-03-11T05:52:32.181+0000] {processor.py:830} INFO - Processing file /home/cloud/codings/airflow/dags/list_s3_files_in_logs.py for tasks to queue
[2026-03-11T05:52:32.186+0000] {logging_mixin.py:188} INFO - [2026-03-11T05:52:32.184+0000] {dagbag.py:545} INFO - Filling up the DagBag from /home/cloud/codings/airflow/dags/list_s3_files_in_logs.py
[2026-03-11T05:52:32.228+0000] {processor.py:840} INFO - DAG(s) 'list_s3_files_in_logs' retrieved from /home/cloud/codings/airflow/dags/list_s3_files_in_logs.py
[2026-03-11T05:52:32.274+0000] {logging_mixin.py:188} INFO - [2026-03-11T05:52:32.273+0000] {dag.py:3089} INFO - Sync 1 DAGs
[2026-03-11T05:52:32.311+0000] {logging_mixin.py:188} INFO - [2026-03-11T05:52:32.311+0000] {dag.py:3947} INFO - Setting next_dagrun for list_s3_files_in_logs to None, run_after=None
[2026-03-11T05:52:32.371+0000] {processor.py:183} INFO - Processing /home/cloud/codings/airflow/dags/list_s3_files_in_logs.py took 0.247 seconds
[2026-03-11T05:53:02.618+0000] {processor.py:161} INFO - Started process (PID=538156) to work on /home/cloud/codings/airflow/dags/list_s3_files_in_logs.py
[2026-03-11T05:53:02.621+0000] {processor.py:830} INFO - Processing file /home/cloud/codings/airflow/dags/list_s3_files_in_logs.py for tasks to queue
[2026-03-11T05:53:02.624+0000] {logging_mixin.py:188} INFO - [2026-03-11T05:53:02.623+0000] {dagbag.py:545} INFO - Filling up the DagBag from /home/cloud/codings/airflow/dags/list_s3_files_in_logs.py
[2026-03-11T05:53:02.650+0000] {processor.py:840} INFO - DAG(s) 'list_s3_files_in_logs' retrieved from /home/cloud/codings/airflow/dags/list_s3_files_in_logs.py
[2026-03-11T05:53:02.702+0000] {logging_mixin.py:188} INFO - [2026-03-11T05:53:02.701+0000] {dag.py:3089} INFO - Sync 1 DAGs
[2026-03-11T05:53:02.741+0000] {logging_mixin.py:188} INFO - [2026-03-11T05:53:02.741+0000] {dag.py:3947} INFO - Setting next_dagrun for list_s3_files_in_logs to None, run_after=None
[2026-03-11T05:53:02.783+0000] {processor.py:183} INFO - Processing /home/cloud/codings/airflow/dags/list_s3_files_in_logs.py took 0.179 seconds
[2026-03-11T05:53:33.120+0000] {processor.py:161} INFO - Started process (PID=538169) to work on /home/cloud/codings/airflow/dags/list_s3_files_in_logs.py
[2026-03-11T05:53:33.149+0000] {processor.py:830} INFO - Processing file /home/cloud/codings/airflow/dags/list_s3_files_in_logs.py for tasks to queue
[2026-03-11T05:53:33.151+0000] {logging_mixin.py:188} INFO - [2026-03-11T05:53:33.150+0000] {dagbag.py:545} INFO - Filling up the DagBag from /home/cloud/codings/airflow/dags/list_s3_files_in_logs.py
[2026-03-11T05:53:33.170+0000] {processor.py:840} INFO - DAG(s) 'list_s3_files_in_logs' retrieved from /home/cloud/codings/airflow/dags/list_s3_files_in_logs.py
[2026-03-11T05:53:33.205+0000] {logging_mixin.py:188} INFO - [2026-03-11T05:53:33.205+0000] {dag.py:3089} INFO - Sync 1 DAGs
[2026-03-11T05:53:33.235+0000] {logging_mixin.py:188} INFO - [2026-03-11T05:53:33.234+0000] {dag.py:3947} INFO - Setting next_dagrun for list_s3_files_in_logs to None, run_after=None
[2026-03-11T05:53:33.274+0000] {processor.py:183} INFO - Processing /home/cloud/codings/airflow/dags/list_s3_files_in_logs.py took 0.166 seconds
[2026-03-11T05:54:03.667+0000] {processor.py:161} INFO - Started process (PID=538262) to work on /home/cloud/codings/airflow/dags/list_s3_files_in_logs.py
[2026-03-11T05:54:03.695+0000] {processor.py:830} INFO - Processing file /home/cloud/codings/airflow/dags/list_s3_files_in_logs.py for tasks to queue
[2026-03-11T05:54:03.697+0000] {logging_mixin.py:188} INFO - [2026-03-11T05:54:03.696+0000] {dagbag.py:545} INFO - Filling up the DagBag from /home/cloud/codings/airflow/dags/list_s3_files_in_logs.py
[2026-03-11T05:54:03.722+0000] {processor.py:840} INFO - DAG(s) 'list_s3_files_in_logs' retrieved from /home/cloud/codings/airflow/dags/list_s3_files_in_logs.py
[2026-03-11T05:54:03.764+0000] {logging_mixin.py:188} INFO - [2026-03-11T05:54:03.764+0000] {dag.py:3089} INFO - Sync 1 DAGs
[2026-03-11T05:54:03.789+0000] {logging_mixin.py:188} INFO - [2026-03-11T05:54:03.789+0000] {dag.py:3947} INFO - Setting next_dagrun for list_s3_files_in_logs to None, run_after=None
[2026-03-11T05:54:03.834+0000] {processor.py:183} INFO - Processing /home/cloud/codings/airflow/dags/list_s3_files_in_logs.py took 0.185 seconds
[2026-03-11T05:54:34.179+0000] {processor.py:161} INFO - Started process (PID=538279) to work on /home/cloud/codings/airflow/dags/list_s3_files_in_logs.py
[2026-03-11T05:54:34.181+0000] {processor.py:830} INFO - Processing file /home/cloud/codings/airflow/dags/list_s3_files_in_logs.py for tasks to queue
[2026-03-11T05:54:34.182+0000] {logging_mixin.py:188} INFO - [2026-03-11T05:54:34.182+0000] {dagbag.py:545} INFO - Filling up the DagBag from /home/cloud/codings/airflow/dags/list_s3_files_in_logs.py
[2026-03-11T05:54:34.198+0000] {processor.py:840} INFO - DAG(s) 'list_s3_files_in_logs' retrieved from /home/cloud/codings/airflow/dags/list_s3_files_in_logs.py
[2026-03-11T05:54:34.227+0000] {logging_mixin.py:188} INFO - [2026-03-11T05:54:34.227+0000] {dag.py:3089} INFO - Sync 1 DAGs
[2026-03-11T05:54:34.244+0000] {logging_mixin.py:188} INFO - [2026-03-11T05:54:34.244+0000] {dag.py:3947} INFO - Setting next_dagrun for list_s3_files_in_logs to None, run_after=None
[2026-03-11T05:54:34.278+0000] {processor.py:183} INFO - Processing /home/cloud/codings/airflow/dags/list_s3_files_in_logs.py took 0.115 seconds
[2026-03-11T05:55:04.788+0000] {processor.py:161} INFO - Started process (PID=538412) to work on /home/cloud/codings/airflow/dags/list_s3_files_in_logs.py
[2026-03-11T05:55:04.813+0000] {processor.py:830} INFO - Processing file /home/cloud/codings/airflow/dags/list_s3_files_in_logs.py for tasks to queue
[2026-03-11T05:55:04.815+0000] {logging_mixin.py:188} INFO - [2026-03-11T05:55:04.815+0000] {dagbag.py:545} INFO - Filling up the DagBag from /home/cloud/codings/airflow/dags/list_s3_files_in_logs.py
[2026-03-11T05:55:04.832+0000] {processor.py:840} INFO - DAG(s) 'list_s3_files_in_logs' retrieved from /home/cloud/codings/airflow/dags/list_s3_files_in_logs.py
[2026-03-11T05:55:04.865+0000] {logging_mixin.py:188} INFO - [2026-03-11T05:55:04.865+0000] {dag.py:3089} INFO - Sync 1 DAGs
[2026-03-11T05:55:04.885+0000] {logging_mixin.py:188} INFO - [2026-03-11T05:55:04.884+0000] {dag.py:3947} INFO - Setting next_dagrun for list_s3_files_in_logs to None, run_after=None
[2026-03-11T05:55:04.921+0000] {processor.py:183} INFO - Processing /home/cloud/codings/airflow/dags/list_s3_files_in_logs.py took 0.140 seconds
[2026-03-11T05:55:35.344+0000] {processor.py:161} INFO - Started process (PID=538423) to work on /home/cloud/codings/airflow/dags/list_s3_files_in_logs.py
[2026-03-11T05:55:35.370+0000] {processor.py:830} INFO - Processing file /home/cloud/codings/airflow/dags/list_s3_files_in_logs.py for tasks to queue
[2026-03-11T05:55:35.373+0000] {logging_mixin.py:188} INFO - [2026-03-11T05:55:35.371+0000] {dagbag.py:545} INFO - Filling up the DagBag from /home/cloud/codings/airflow/dags/list_s3_files_in_logs.py
[2026-03-11T05:55:35.397+0000] {processor.py:840} INFO - DAG(s) 'list_s3_files_in_logs' retrieved from /home/cloud/codings/airflow/dags/list_s3_files_in_logs.py
[2026-03-11T05:55:35.444+0000] {logging_mixin.py:188} INFO - [2026-03-11T05:55:35.443+0000] {dag.py:3089} INFO - Sync 1 DAGs
[2026-03-11T05:55:35.477+0000] {logging_mixin.py:188} INFO - [2026-03-11T05:55:35.476+0000] {dag.py:3947} INFO - Setting next_dagrun for list_s3_files_in_logs to None, run_after=None
[2026-03-11T05:55:35.522+0000] {processor.py:183} INFO - Processing /home/cloud/codings/airflow/dags/list_s3_files_in_logs.py took 0.194 seconds
[2026-03-11T05:56:05.759+0000] {processor.py:161} INFO - Started process (PID=538499) to work on /home/cloud/codings/airflow/dags/list_s3_files_in_logs.py
[2026-03-11T05:56:05.778+0000] {processor.py:830} INFO - Processing file /home/cloud/codings/airflow/dags/list_s3_files_in_logs.py for tasks to queue
[2026-03-11T05:56:05.781+0000] {logging_mixin.py:188} INFO - [2026-03-11T05:56:05.779+0000] {dagbag.py:545} INFO - Filling up the DagBag from /home/cloud/codings/airflow/dags/list_s3_files_in_logs.py
[2026-03-11T05:56:05.800+0000] {processor.py:840} INFO - DAG(s) 'list_s3_files_in_logs' retrieved from /home/cloud/codings/airflow/dags/list_s3_files_in_logs.py
[2026-03-11T05:56:05.836+0000] {logging_mixin.py:188} INFO - [2026-03-11T05:56:05.835+0000] {dag.py:3089} INFO - Sync 1 DAGs
[2026-03-11T05:56:05.859+0000] {logging_mixin.py:188} INFO - [2026-03-11T05:56:05.858+0000] {dag.py:3947} INFO - Setting next_dagrun for list_s3_files_in_logs to None, run_after=None
[2026-03-11T05:56:05.903+0000] {processor.py:183} INFO - Processing /home/cloud/codings/airflow/dags/list_s3_files_in_logs.py took 0.152 seconds
[2026-03-11T05:56:36.262+0000] {processor.py:161} INFO - Started process (PID=538514) to work on /home/cloud/codings/airflow/dags/list_s3_files_in_logs.py
[2026-03-11T05:56:36.281+0000] {processor.py:830} INFO - Processing file /home/cloud/codings/airflow/dags/list_s3_files_in_logs.py for tasks to queue
[2026-03-11T05:56:36.284+0000] {logging_mixin.py:188} INFO - [2026-03-11T05:56:36.283+0000] {dagbag.py:545} INFO - Filling up the DagBag from /home/cloud/codings/airflow/dags/list_s3_files_in_logs.py
[2026-03-11T05:56:36.309+0000] {processor.py:840} INFO - DAG(s) 'list_s3_files_in_logs' retrieved from /home/cloud/codings/airflow/dags/list_s3_files_in_logs.py
[2026-03-11T05:56:36.349+0000] {logging_mixin.py:188} INFO - [2026-03-11T05:56:36.349+0000] {dag.py:3089} INFO - Sync 1 DAGs
[2026-03-11T05:56:36.383+0000] {logging_mixin.py:188} INFO - [2026-03-11T05:56:36.383+0000] {dag.py:3947} INFO - Setting next_dagrun for list_s3_files_in_logs to None, run_after=None
[2026-03-11T05:56:36.436+0000] {processor.py:183} INFO - Processing /home/cloud/codings/airflow/dags/list_s3_files_in_logs.py took 0.191 seconds
[2026-03-11T05:57:06.706+0000] {processor.py:161} INFO - Started process (PID=538589) to work on /home/cloud/codings/airflow/dags/list_s3_files_in_logs.py
[2026-03-11T05:57:06.715+0000] {processor.py:830} INFO - Processing file /home/cloud/codings/airflow/dags/list_s3_files_in_logs.py for tasks to queue
[2026-03-11T05:57:06.717+0000] {logging_mixin.py:188} INFO - [2026-03-11T05:57:06.717+0000] {dagbag.py:545} INFO - Filling up the DagBag from /home/cloud/codings/airflow/dags/list_s3_files_in_logs.py
[2026-03-11T05:57:06.738+0000] {processor.py:840} INFO - DAG(s) 'list_s3_files_in_logs' retrieved from /home/cloud/codings/airflow/dags/list_s3_files_in_logs.py
[2026-03-11T05:57:06.783+0000] {logging_mixin.py:188} INFO - [2026-03-11T05:57:06.782+0000] {dag.py:3089} INFO - Sync 1 DAGs
[2026-03-11T05:57:06.813+0000] {logging_mixin.py:188} INFO - [2026-03-11T05:57:06.812+0000] {dag.py:3947} INFO - Setting next_dagrun for list_s3_files_in_logs to None, run_after=None
[2026-03-11T05:57:06.880+0000] {processor.py:183} INFO - Processing /home/cloud/codings/airflow/dags/list_s3_files_in_logs.py took 0.186 seconds
[2026-03-11T05:57:37.319+0000] {processor.py:161} INFO - Started process (PID=538600) to work on /home/cloud/codings/airflow/dags/list_s3_files_in_logs.py
[2026-03-11T05:57:37.321+0000] {processor.py:830} INFO - Processing file /home/cloud/codings/airflow/dags/list_s3_files_in_logs.py for tasks to queue
[2026-03-11T05:57:37.324+0000] {logging_mixin.py:188} INFO - [2026-03-11T05:57:37.323+0000] {dagbag.py:545} INFO - Filling up the DagBag from /home/cloud/codings/airflow/dags/list_s3_files_in_logs.py
[2026-03-11T05:57:37.352+0000] {processor.py:840} INFO - DAG(s) 'list_s3_files_in_logs' retrieved from /home/cloud/codings/airflow/dags/list_s3_files_in_logs.py
[2026-03-11T05:57:37.401+0000] {logging_mixin.py:188} INFO - [2026-03-11T05:57:37.400+0000] {dag.py:3089} INFO - Sync 1 DAGs
[2026-03-11T05:57:37.443+0000] {logging_mixin.py:188} INFO - [2026-03-11T05:57:37.443+0000] {dag.py:3947} INFO - Setting next_dagrun for list_s3_files_in_logs to None, run_after=None
[2026-03-11T05:57:37.506+0000] {processor.py:183} INFO - Processing /home/cloud/codings/airflow/dags/list_s3_files_in_logs.py took 0.206 seconds
[2026-03-11T05:58:07.928+0000] {processor.py:161} INFO - Started process (PID=538675) to work on /home/cloud/codings/airflow/dags/list_s3_files_in_logs.py
[2026-03-11T05:58:07.955+0000] {processor.py:830} INFO - Processing file /home/cloud/codings/airflow/dags/list_s3_files_in_logs.py for tasks to queue
[2026-03-11T05:58:07.957+0000] {logging_mixin.py:188} INFO - [2026-03-11T05:58:07.956+0000] {dagbag.py:545} INFO - Filling up the DagBag from /home/cloud/codings/airflow/dags/list_s3_files_in_logs.py
[2026-03-11T05:58:07.977+0000] {processor.py:840} INFO - DAG(s) 'list_s3_files_in_logs' retrieved from /home/cloud/codings/airflow/dags/list_s3_files_in_logs.py
[2026-03-11T05:58:08.020+0000] {logging_mixin.py:188} INFO - [2026-03-11T05:58:08.020+0000] {dag.py:3089} INFO - Sync 1 DAGs
[2026-03-11T05:58:08.045+0000] {logging_mixin.py:188} INFO - [2026-03-11T05:58:08.044+0000] {dag.py:3947} INFO - Setting next_dagrun for list_s3_files_in_logs to None, run_after=None
[2026-03-11T05:58:08.081+0000] {processor.py:183} INFO - Processing /home/cloud/codings/airflow/dags/list_s3_files_in_logs.py took 0.169 seconds
[2026-03-11T05:58:38.580+0000] {processor.py:161} INFO - Started process (PID=538690) to work on /home/cloud/codings/airflow/dags/list_s3_files_in_logs.py
[2026-03-11T05:58:38.582+0000] {processor.py:830} INFO - Processing file /home/cloud/codings/airflow/dags/list_s3_files_in_logs.py for tasks to queue
[2026-03-11T05:58:38.583+0000] {logging_mixin.py:188} INFO - [2026-03-11T05:58:38.582+0000] {dagbag.py:545} INFO - Filling up the DagBag from /home/cloud/codings/airflow/dags/list_s3_files_in_logs.py
[2026-03-11T05:58:38.598+0000] {processor.py:840} INFO - DAG(s) 'list_s3_files_in_logs' retrieved from /home/cloud/codings/airflow/dags/list_s3_files_in_logs.py
[2026-03-11T05:58:38.632+0000] {logging_mixin.py:188} INFO - [2026-03-11T05:58:38.631+0000] {dag.py:3089} INFO - Sync 1 DAGs
[2026-03-11T05:58:38.658+0000] {logging_mixin.py:188} INFO - [2026-03-11T05:58:38.658+0000] {dag.py:3947} INFO - Setting next_dagrun for list_s3_files_in_logs to None, run_after=None
[2026-03-11T05:58:38.725+0000] {processor.py:183} INFO - Processing /home/cloud/codings/airflow/dags/list_s3_files_in_logs.py took 0.155 seconds
[2026-03-11T05:59:09.188+0000] {processor.py:161} INFO - Started process (PID=538763) to work on /home/cloud/codings/airflow/dags/list_s3_files_in_logs.py
[2026-03-11T05:59:09.213+0000] {processor.py:830} INFO - Processing file /home/cloud/codings/airflow/dags/list_s3_files_in_logs.py for tasks to queue
[2026-03-11T05:59:09.215+0000] {logging_mixin.py:188} INFO - [2026-03-11T05:59:09.214+0000] {dagbag.py:545} INFO - Filling up the DagBag from /home/cloud/codings/airflow/dags/list_s3_files_in_logs.py
[2026-03-11T05:59:09.235+0000] {processor.py:840} INFO - DAG(s) 'list_s3_files_in_logs' retrieved from /home/cloud/codings/airflow/dags/list_s3_files_in_logs.py
[2026-03-11T05:59:09.271+0000] {logging_mixin.py:188} INFO - [2026-03-11T05:59:09.271+0000] {dag.py:3089} INFO - Sync 1 DAGs
[2026-03-11T05:59:09.298+0000] {logging_mixin.py:188} INFO - [2026-03-11T05:59:09.298+0000] {dag.py:3947} INFO - Setting next_dagrun for list_s3_files_in_logs to None, run_after=None
[2026-03-11T05:59:09.341+0000] {processor.py:183} INFO - Processing /home/cloud/codings/airflow/dags/list_s3_files_in_logs.py took 0.161 seconds
[2026-03-11T05:59:39.758+0000] {processor.py:161} INFO - Started process (PID=538776) to work on /home/cloud/codings/airflow/dags/list_s3_files_in_logs.py
[2026-03-11T05:59:39.762+0000] {processor.py:830} INFO - Processing file /home/cloud/codings/airflow/dags/list_s3_files_in_logs.py for tasks to queue
[2026-03-11T05:59:39.766+0000] {logging_mixin.py:188} INFO - [2026-03-11T05:59:39.765+0000] {dagbag.py:545} INFO - Filling up the DagBag from /home/cloud/codings/airflow/dags/list_s3_files_in_logs.py
[2026-03-11T05:59:39.798+0000] {processor.py:840} INFO - DAG(s) 'list_s3_files_in_logs' retrieved from /home/cloud/codings/airflow/dags/list_s3_files_in_logs.py
[2026-03-11T05:59:39.829+0000] {logging_mixin.py:188} INFO - [2026-03-11T05:59:39.828+0000] {dag.py:3089} INFO - Sync 1 DAGs
[2026-03-11T05:59:39.841+0000] {logging_mixin.py:188} INFO - [2026-03-11T05:59:39.841+0000] {dag.py:3947} INFO - Setting next_dagrun for list_s3_files_in_logs to None, run_after=None
[2026-03-11T05:59:39.867+0000] {processor.py:183} INFO - Processing /home/cloud/codings/airflow/dags/list_s3_files_in_logs.py took 0.135 seconds
